interaction_name	pathway_name	ligand	receptor	annotation	family	thesis_expect	requested_name	cohort	patient	prob_high	prob_low	pval_high	pval_low	delta	detected
JAM1_ITGAL_ITGB2	JAM	F11R	ITGAL_ITGB2	Cell-Cell Contact	barrier_inhibitory	high>low	JAM1_ITGAL_ITGB2	GSE189357	TD1	0.000478423781994512	0	0	1	0.000478423781994512	TRUE
NECTIN2_TIGIT	NECTIN	NECTIN2	TIGIT	Cell-Cell Contact	barrier_inhibitory	high>low	NECTIN2_TIGIT	GSE189357	TD1	0.000658680887481805	0	0	1	0.000658680887481805	TRUE
CDH1_ITGAE_ITGB7	CDH1	CDH1	ITGAE_ITGB7	Cell-Cell Contact	barrier_inhibitory	high>low	CDH1_ITGAE_ITGB7	GSE189357	TD1	0.000423961872930743	0	0	1	0.000423961872930743	TRUE
CDH1_KLRG1	CDH1	CDH1	KLRG1	Cell-Cell Contact	barrier_inhibitory	high>low	CDH1_KLRG1	GSE189357	TD1	0	0	1	1	0	FALSE
LGALS9_HAVCR2	GALECTIN	LGALS9	HAVCR2	Secreted Signaling	barrier_inhibitory	high>low	LGALS9_HAVCR2	GSE189357	TD1	8.55235024351353e-05	3.4763548221624e-06	0	0	8.20471476129729e-05	TRUE
LGALS9_CD44	GALECTIN	LGALS9	CD44	Secreted Signaling	barrier_inhibitory	high>low	LGALS9_CD44	GSE189357	TD1	0.00373050464269367	0.000156568581353857	0	1	0.00357393606133981	TRUE
LGALS9_CD45	GALECTIN	LGALS9	PTPRC	Secreted Signaling	barrier_inhibitory	high>low	LGALS9_CD45	GSE189357	TD1	0.00555312373654711	0.000236916073532184	0	0.86	0.00531620766301493	TRUE
CXCL9_CXCR3	CXCL	CXCL9	CXCR3	Secreted Signaling	ifn_recruit	low>high	CXCL9_CXCR3	GSE189357	TD1	0	0	1	1	0	FALSE
CXCL10_CXCR3	CXCL	CXCL10	CXCR3	Secreted Signaling	ifn_recruit	low>high	CXCL10_CXCR3	GSE189357	TD1	0	0	1	1	0	FALSE
CCL5_CCR5	CCL	CCL5	CCR5	Secreted Signaling	ifn_recruit	low>high	CCL5_CCR5	GSE189357	TD1	0	0	1	1	0	FALSE
CCL5_CCR1	CCL	CCL5	CCR1	Secreted Signaling	ifn_recruit	low>high	CCL5_CCR1	GSE189357	TD1	0	0	1	1	0	FALSE
HLA-A_CD8A	MHC-I	HLA-A	CD8A	Cell-Cell Contact	ifn_recruit	low>high	HLA-A_CD8A	GSE189357	TD1	0.00547730192745849	0.00381145919244546	0	0	0.00166584273501303	TRUE
HLA-B_CD8A	MHC-I	HLA-B	CD8A	Cell-Cell Contact	ifn_recruit	low>high	HLA-B_CD8A	GSE189357	TD1	0.00684023016807595	0.00523215477862413	0	0	0.00160807538945183	TRUE
HLA-C_CD8A	MHC-I	HLA-C	CD8A	Cell-Cell Contact	ifn_recruit	low>high	HLA-C_CD8A	GSE189357	TD1	0.00615184748862248	0.00510395413756726	0	0	0.00104789335105522	TRUE
JAM1_ITGAL_ITGB2	JAM	F11R	ITGAL_ITGB2	Cell-Cell Contact	barrier_inhibitory	high>low	JAM1_ITGAL_ITGB2	GSE189357	TD2	0.000694941790177539	0	0	1	0.000694941790177539	TRUE
NECTIN2_TIGIT	NECTIN	NECTIN2	TIGIT	Cell-Cell Contact	barrier_inhibitory	high>low	NECTIN2_TIGIT	GSE189357	TD2	0.000580904950637631	0	0	1	0.000580904950637631	TRUE
CDH1_ITGAE_ITGB7	CDH1	CDH1	ITGAE_ITGB7	Cell-Cell Contact	barrier_inhibitory	high>low	CDH1_ITGAE_ITGB7	GSE189357	TD2	0	0	1	1	0	FALSE
CDH1_KLRG1	CDH1	CDH1	KLRG1	Cell-Cell Contact	barrier_inhibitory	high>low	CDH1_KLRG1	GSE189357	TD2	0	0	1	1	0	FALSE
LGALS9_HAVCR2	GALECTIN	LGALS9	HAVCR2	Secreted Signaling	barrier_inhibitory	high>low	LGALS9_HAVCR2	GSE189357	TD2	2.38728195092077e-06	0	0	1	2.38728195092077e-06	TRUE
LGALS9_CD44	GALECTIN	LGALS9	CD44	Secreted Signaling	barrier_inhibitory	high>low	LGALS9_CD44	GSE189357	TD2	0.000510712931276004	0	0	1	0.000510712931276004	TRUE
LGALS9_CD45	GALECTIN	LGALS9	PTPRC	Secreted Signaling	barrier_inhibitory	high>low	LGALS9_CD45	GSE189357	TD2	0.000667089710459706	0	0	1	0.000667089710459706	TRUE
CXCL9_CXCR3	CXCL	CXCL9	CXCR3	Secreted Signaling	ifn_recruit	low>high	CXCL9_CXCR3	GSE189357	TD2	0	0	1	1	0	FALSE
CXCL10_CXCR3	CXCL	CXCL10	CXCR3	Secreted Signaling	ifn_recruit	low>high	CXCL10_CXCR3	GSE189357	TD2	0	0	1	1	0	FALSE
CCL5_CCR5	CCL	CCL5	CCR5	Secreted Signaling	ifn_recruit	low>high	CCL5_CCR5	GSE189357	TD2	0	0	1	1	0	FALSE
CCL5_CCR1	CCL	CCL5	CCR1	Secreted Signaling	ifn_recruit	low>high	CCL5_CCR1	GSE189357	TD2	0	0	1	1	0	FALSE
HLA-A_CD8A	MHC-I	HLA-A	CD8A	Cell-Cell Contact	ifn_recruit	low>high	HLA-A_CD8A	GSE189357	TD2	0.00238763905934022	0.00212301028800266	0	0	0.000264628771337565	TRUE
HLA-B_CD8A	MHC-I	HLA-B	CD8A	Cell-Cell Contact	ifn_recruit	low>high	HLA-B_CD8A	GSE189357	TD2	0.0030887754002186	0.00308824679444403	0	0	5.2860577456253e-07	TRUE
HLA-C_CD8A	MHC-I	HLA-C	CD8A	Cell-Cell Contact	ifn_recruit	low>high	HLA-C_CD8A	GSE189357	TD2	0.00266034658599533	0.00233524178756616	0	0	0.000325104798429166	TRUE
JAM1_ITGAL_ITGB2	JAM	F11R	ITGAL_ITGB2	Cell-Cell Contact	barrier_inhibitory	high>low	JAM1_ITGAL_ITGB2	GSE189357	TD3	0.00401093394114251	0.0016395009739005	0	0	0.00237143296724201	TRUE
NECTIN2_TIGIT	NECTIN	NECTIN2	TIGIT	Cell-Cell Contact	barrier_inhibitory	high>low	NECTIN2_TIGIT	GSE189357	TD3	0.000267461266612117	4.4588860938384e-05	0	0	0.000222872405673733	TRUE
CDH1_ITGAE_ITGB7	CDH1	CDH1	ITGAE_ITGB7	Cell-Cell Contact	barrier_inhibitory	high>low	CDH1_ITGAE_ITGB7	GSE189357	TD3	0.000267748542987439	0	0	1	0.000267748542987439	TRUE
CDH1_KLRG1	CDH1	CDH1	KLRG1	Cell-Cell Contact	barrier_inhibitory	high>low	CDH1_KLRG1	GSE189357	TD3	0.000591972528683185	0	0	1	0.000591972528683185	TRUE
LGALS9_HAVCR2	GALECTIN	LGALS9	HAVCR2	Secreted Signaling	barrier_inhibitory	high>low	LGALS9_HAVCR2	GSE189357	TD3	0	0	1	1	0	FALSE
LGALS9_CD44	GALECTIN	LGALS9	CD44	Secreted Signaling	barrier_inhibitory	high>low	LGALS9_CD44	GSE189357	TD3	0	0	1	1	0	FALSE
LGALS9_CD45	GALECTIN	LGALS9	PTPRC	Secreted Signaling	barrier_inhibitory	high>low	LGALS9_CD45	GSE189357	TD3	0	0	1	1	0	FALSE
CXCL9_CXCR3	CXCL	CXCL9	CXCR3	Secreted Signaling	ifn_recruit	low>high	CXCL9_CXCR3	GSE189357	TD3	0	0	1	1	0	FALSE
CXCL10_CXCR3	CXCL	CXCL10	CXCR3	Secreted Signaling	ifn_recruit	low>high	CXCL10_CXCR3	GSE189357	TD3	0	0	1	1	0	FALSE
CCL5_CCR5	CCL	CCL5	CCR5	Secreted Signaling	ifn_recruit	low>high	CCL5_CCR5	GSE189357	TD3	0	0	1	1	0	FALSE
CCL5_CCR1	CCL	CCL5	CCR1	Secreted Signaling	ifn_recruit	low>high	CCL5_CCR1	GSE189357	TD3	0	0	1	1	0	FALSE
HLA-A_CD8A	MHC-I	HLA-A	CD8A	Cell-Cell Contact	ifn_recruit	low>high	HLA-A_CD8A	GSE189357	TD3	0.00308035966161084	0.00441345286110036	0	0	-0.00133309319948952	TRUE
HLA-B_CD8A	MHC-I	HLA-B	CD8A	Cell-Cell Contact	ifn_recruit	low>high	HLA-B_CD8A	GSE189357	TD3	0.00374744908381994	0.00552331560903479	0	0	-0.00177586652521485	TRUE
HLA-C_CD8A	MHC-I	HLA-C	CD8A	Cell-Cell Contact	ifn_recruit	low>high	HLA-C_CD8A	GSE189357	TD3	0.00247378451300617	0.0046946076125231	0	0	-0.00222082309951693	TRUE
JAM1_ITGAL_ITGB2	JAM	F11R	ITGAL_ITGB2	Cell-Cell Contact	barrier_inhibitory	high>low	JAM1_ITGAL_ITGB2	GSE189357	TD4	0.0043740879836235	0.000571686896000047	0	0.02	0.00380240108762346	TRUE
NECTIN2_TIGIT	NECTIN	NECTIN2	TIGIT	Cell-Cell Contact	barrier_inhibitory	high>low	NECTIN2_TIGIT	GSE189357	TD4	4.37033960008378e-05	2.070067901432e-06	0	0	4.16333280994058e-05	TRUE
CDH1_ITGAE_ITGB7	CDH1	CDH1	ITGAE_ITGB7	Cell-Cell Contact	barrier_inhibitory	high>low	CDH1_ITGAE_ITGB7	GSE189357	TD4	0.00080575174737734	0	0	1	0.00080575174737734	TRUE
CDH1_KLRG1	CDH1	CDH1	KLRG1	Cell-Cell Contact	barrier_inhibitory	high>low	CDH1_KLRG1	GSE189357	TD4	0.000158316318302512	0	0	1	0.000158316318302512	TRUE
LGALS9_HAVCR2	GALECTIN	LGALS9	HAVCR2	Secreted Signaling	barrier_inhibitory	high>low	LGALS9_HAVCR2	GSE189357	TD4	1.23322289548517e-05	5.07144734629744e-06	0	0	7.26078160855428e-06	TRUE
LGALS9_CD44	GALECTIN	LGALS9	CD44	Secreted Signaling	barrier_inhibitory	high>low	LGALS9_CD44	GSE189357	TD4	0.000726282272084673	0.000299690770552224	0.13	0.62	0.000426591501532449	TRUE
LGALS9_CD45	GALECTIN	LGALS9	PTPRC	Secreted Signaling	barrier_inhibitory	high>low	LGALS9_CD45	GSE189357	TD4	0.000970495682335607	0.000400929589981409	0.01	0.15	0.000569566092354198	TRUE
CXCL9_CXCR3	CXCL	CXCL9	CXCR3	Secreted Signaling	ifn_recruit	low>high	CXCL9_CXCR3	GSE189357	TD4	0	0	1	1	0	FALSE
CXCL10_CXCR3	CXCL	CXCL10	CXCR3	Secreted Signaling	ifn_recruit	low>high	CXCL10_CXCR3	GSE189357	TD4	0	0	1	1	0	FALSE
CCL5_CCR5	CCL	CCL5	CCR5	Secreted Signaling	ifn_recruit	low>high	CCL5_CCR5	GSE189357	TD4	0	0	1	1	0	FALSE
CCL5_CCR1	CCL	CCL5	CCR1	Secreted Signaling	ifn_recruit	low>high	CCL5_CCR1	GSE189357	TD4	0	0	1	1	0	FALSE
HLA-A_CD8A	MHC-I	HLA-A	CD8A	Cell-Cell Contact	ifn_recruit	low>high	HLA-A_CD8A	GSE189357	TD4	0.00197368079143516	0.00152826845606975	0	0	0.000445412335365412	TRUE
HLA-B_CD8A	MHC-I	HLA-B	CD8A	Cell-Cell Contact	ifn_recruit	low>high	HLA-B_CD8A	GSE189357	TD4	0.00199345715598939	0.00205666234940217	0	0	-6.32051934127864e-05	TRUE
HLA-C_CD8A	MHC-I	HLA-C	CD8A	Cell-Cell Contact	ifn_recruit	low>high	HLA-C_CD8A	GSE189357	TD4	0.00151270123158258	0.00187402753323276	0	0	-0.000361326301650179	TRUE
JAM1_ITGAL_ITGB2	JAM	F11R	ITGAL_ITGB2	Cell-Cell Contact	barrier_inhibitory	high>low	JAM1_ITGAL_ITGB2	GSE189357	TD5	0.000493734994877536	0	0	1	0.000493734994877536	TRUE
NECTIN2_TIGIT	NECTIN	NECTIN2	TIGIT	Cell-Cell Contact	barrier_inhibitory	high>low	NECTIN2_TIGIT	GSE189357	TD5	0	0	1	1	0	FALSE
CDH1_ITGAE_ITGB7	CDH1	CDH1	ITGAE_ITGB7	Cell-Cell Contact	barrier_inhibitory	high>low	CDH1_ITGAE_ITGB7	GSE189357	TD5	6.46620805033667e-05	0	0	1	6.46620805033667e-05	TRUE
CDH1_KLRG1	CDH1	CDH1	KLRG1	Cell-Cell Contact	barrier_inhibitory	high>low	CDH1_KLRG1	GSE189357	TD5	0	0	1	1	0	FALSE
LGALS9_HAVCR2	GALECTIN	LGALS9	HAVCR2	Secreted Signaling	barrier_inhibitory	high>low	LGALS9_HAVCR2	GSE189357	TD5	0	0	1	1	0	FALSE
LGALS9_CD44	GALECTIN	LGALS9	CD44	Secreted Signaling	barrier_inhibitory	high>low	LGALS9_CD44	GSE189357	TD5	0.000453304028437675	0	0.02	1	0.000453304028437675	TRUE
LGALS9_CD45	GALECTIN	LGALS9	PTPRC	Secreted Signaling	barrier_inhibitory	high>low	LGALS9_CD45	GSE189357	TD5	0.000568330455178661	0	0	1	0.000568330455178661	TRUE
CXCL9_CXCR3	CXCL	CXCL9	CXCR3	Secreted Signaling	ifn_recruit	low>high	CXCL9_CXCR3	GSE189357	TD5	0	0	1	1	0	FALSE
CXCL10_CXCR3	CXCL	CXCL10	CXCR3	Secreted Signaling	ifn_recruit	low>high	CXCL10_CXCR3	GSE189357	TD5	0	0	1	1	0	FALSE
CCL5_CCR5	CCL	CCL5	CCR5	Secreted Signaling	ifn_recruit	low>high	CCL5_CCR5	GSE189357	TD5	0	0	1	1	0	FALSE
CCL5_CCR1	CCL	CCL5	CCR1	Secreted Signaling	ifn_recruit	low>high	CCL5_CCR1	GSE189357	TD5	0	0	1	1	0	FALSE
HLA-A_CD8A	MHC-I	HLA-A	CD8A	Cell-Cell Contact	ifn_recruit	low>high	HLA-A_CD8A	GSE189357	TD5	0.00190704699118761	0.00203662437581713	0	0	-0.00012957738462952	TRUE
HLA-B_CD8A	MHC-I	HLA-B	CD8A	Cell-Cell Contact	ifn_recruit	low>high	HLA-B_CD8A	GSE189357	TD5	0.0025915019963261	0.00286780481450036	0	0	-0.000276302818174264	TRUE
HLA-C_CD8A	MHC-I	HLA-C	CD8A	Cell-Cell Contact	ifn_recruit	low>high	HLA-C_CD8A	GSE189357	TD5	0.00218241557732442	0.00247656513793326	0	0	-0.000294149560608832	TRUE
JAM1_ITGAL_ITGB2	JAM	F11R	ITGAL_ITGB2	Cell-Cell Contact	barrier_inhibitory	high>low	JAM1_ITGAL_ITGB2	GSE189357	TD6	0.000737166843744829	0	0	1	0.000737166843744829	TRUE
NECTIN2_TIGIT	NECTIN	NECTIN2	TIGIT	Cell-Cell Contact	barrier_inhibitory	high>low	NECTIN2_TIGIT	GSE189357	TD6	1.35123181102872e-05	1.21084062236045e-06	0	0	1.23014774879267e-05	TRUE
CDH1_ITGAE_ITGB7	CDH1	CDH1	ITGAE_ITGB7	Cell-Cell Contact	barrier_inhibitory	high>low	CDH1_ITGAE_ITGB7	GSE189357	TD6	0	0	1	1	0	FALSE
CDH1_KLRG1	CDH1	CDH1	KLRG1	Cell-Cell Contact	barrier_inhibitory	high>low	CDH1_KLRG1	GSE189357	TD6	9.78270476279328e-05	0	0	1	9.78270476279328e-05	TRUE
LGALS9_HAVCR2	GALECTIN	LGALS9	HAVCR2	Secreted Signaling	barrier_inhibitory	high>low	LGALS9_HAVCR2	GSE189357	TD6	0	6.62037241811384e-08	1	0.06	-6.62037241811384e-08	TRUE
LGALS9_CD44	GALECTIN	LGALS9	CD44	Secreted Signaling	barrier_inhibitory	high>low	LGALS9_CD44	GSE189357	TD6	0	3.43391264992766e-05	1	0.26	-3.43391264992766e-05	TRUE
LGALS9_CD45	GALECTIN	LGALS9	PTPRC	Secreted Signaling	barrier_inhibitory	high>low	LGALS9_CD45	GSE189357	TD6	0	4.73793987897817e-05	1	0.02	-4.73793987897817e-05	TRUE
CXCL9_CXCR3	CXCL	CXCL9	CXCR3	Secreted Signaling	ifn_recruit	low>high	CXCL9_CXCR3	GSE189357	TD6	0	0	1	1	0	FALSE
CXCL10_CXCR3	CXCL	CXCL10	CXCR3	Secreted Signaling	ifn_recruit	low>high	CXCL10_CXCR3	GSE189357	TD6	0	0	1	1	0	FALSE
CCL5_CCR5	CCL	CCL5	CCR5	Secreted Signaling	ifn_recruit	low>high	CCL5_CCR5	GSE189357	TD6	0	0	1	1	0	FALSE
CCL5_CCR1	CCL	CCL5	CCR1	Secreted Signaling	ifn_recruit	low>high	CCL5_CCR1	GSE189357	TD6	0	0	1	1	0	FALSE
HLA-A_CD8A	MHC-I	HLA-A	CD8A	Cell-Cell Contact	ifn_recruit	low>high	HLA-A_CD8A	GSE189357	TD6	0.0012196671861271	0.00115340113052354	0	0	6.62660556035597e-05	TRUE
HLA-B_CD8A	MHC-I	HLA-B	CD8A	Cell-Cell Contact	ifn_recruit	low>high	HLA-B_CD8A	GSE189357	TD6	0.00155990140936766	0.00152805906323298	0	0	3.18423461346793e-05	TRUE
HLA-C_CD8A	MHC-I	HLA-C	CD8A	Cell-Cell Contact	ifn_recruit	low>high	HLA-C_CD8A	GSE189357	TD6	0.00105691726925539	0.0010043824924605	0	0	5.25347767948942e-05	TRUE
JAM1_ITGAL_ITGB2	JAM	F11R	ITGAL_ITGB2	Cell-Cell Contact	barrier_inhibitory	high>low	JAM1_ITGAL_ITGB2	GSE189357	TD7	0.000129918211172185	0	0	1	0.000129918211172185	TRUE
NECTIN2_TIGIT	NECTIN	NECTIN2	TIGIT	Cell-Cell Contact	barrier_inhibitory	high>low	NECTIN2_TIGIT	GSE189357	TD7	1.88057748271295e-06	0	0	1	1.88057748271295e-06	TRUE
CDH1_ITGAE_ITGB7	CDH1	CDH1	ITGAE_ITGB7	Cell-Cell Contact	barrier_inhibitory	high>low	CDH1_ITGAE_ITGB7	GSE189357	TD7	0	0	1	1	0	FALSE
CDH1_KLRG1	CDH1	CDH1	KLRG1	Cell-Cell Contact	barrier_inhibitory	high>low	CDH1_KLRG1	GSE189357	TD7	0	0	1	1	0	FALSE
LGALS9_HAVCR2	GALECTIN	LGALS9	HAVCR2	Secreted Signaling	barrier_inhibitory	high>low	LGALS9_HAVCR2	GSE189357	TD7	0	2.31425862295123e-06	1	0	-2.31425862295123e-06	TRUE
LGALS9_CD44	GALECTIN	LGALS9	CD44	Secreted Signaling	barrier_inhibitory	high>low	LGALS9_CD44	GSE189357	TD7	0	0.000464623349836571	1	0.02	-0.000464623349836571	TRUE
LGALS9_CD45	GALECTIN	LGALS9	PTPRC	Secreted Signaling	barrier_inhibitory	high>low	LGALS9_CD45	GSE189357	TD7	0	0.000464166748582727	1	0	-0.000464166748582727	TRUE
CXCL9_CXCR3	CXCL	CXCL9	CXCR3	Secreted Signaling	ifn_recruit	low>high	CXCL9_CXCR3	GSE189357	TD7	0	0	1	1	0	FALSE
CXCL10_CXCR3	CXCL	CXCL10	CXCR3	Secreted Signaling	ifn_recruit	low>high	CXCL10_CXCR3	GSE189357	TD7	0	0	1	1	0	FALSE
CCL5_CCR5	CCL	CCL5	CCR5	Secreted Signaling	ifn_recruit	low>high	CCL5_CCR5	GSE189357	TD7	0	0	1	1	0	FALSE
CCL5_CCR1	CCL	CCL5	CCR1	Secreted Signaling	ifn_recruit	low>high	CCL5_CCR1	GSE189357	TD7	0	0	1	1	0	FALSE
HLA-A_CD8A	MHC-I	HLA-A	CD8A	Cell-Cell Contact	ifn_recruit	low>high	HLA-A_CD8A	GSE189357	TD7	0.000143193935795168	0.00017724866351254	0	0	-3.40547277173717e-05	TRUE
HLA-B_CD8A	MHC-I	HLA-B	CD8A	Cell-Cell Contact	ifn_recruit	low>high	HLA-B_CD8A	GSE189357	TD7	0.000255259721164502	0.000299474571465154	0	0	-4.42148503006525e-05	TRUE
HLA-C_CD8A	MHC-I	HLA-C	CD8A	Cell-Cell Contact	ifn_recruit	low>high	HLA-C_CD8A	GSE189357	TD7	0.00022170616132342	0.000266764409417668	0	0	-4.50582480942472e-05	TRUE
JAM1_ITGAL_ITGB2	JAM	F11R	ITGAL_ITGB2	Cell-Cell Contact	barrier_inhibitory	high>low	JAM1_ITGAL_ITGB2	GSE189357	TD8	0.00109499896872148	0	0	1	0.00109499896872148	TRUE
NECTIN2_TIGIT	NECTIN	NECTIN2	TIGIT	Cell-Cell Contact	barrier_inhibitory	high>low	NECTIN2_TIGIT	GSE189357	TD8	0	0	1	1	0	FALSE
CDH1_ITGAE_ITGB7	CDH1	CDH1	ITGAE_ITGB7	Cell-Cell Contact	barrier_inhibitory	high>low	CDH1_ITGAE_ITGB7	GSE189357	TD8	0	0	1	1	0	FALSE
CDH1_KLRG1	CDH1	CDH1	KLRG1	Cell-Cell Contact	barrier_inhibitory	high>low	CDH1_KLRG1	GSE189357	TD8	0.000133009243194051	0	0	1	0.000133009243194051	TRUE
LGALS9_HAVCR2	GALECTIN	LGALS9	HAVCR2	Secreted Signaling	barrier_inhibitory	high>low	LGALS9_HAVCR2	GSE189357	TD8	0	0	1	1	0	FALSE
LGALS9_CD44	GALECTIN	LGALS9	CD44	Secreted Signaling	barrier_inhibitory	high>low	LGALS9_CD44	GSE189357	TD8	0	4.74497360114177e-05	1	0.33	-4.74497360114177e-05	TRUE
LGALS9_CD45	GALECTIN	LGALS9	PTPRC	Secreted Signaling	barrier_inhibitory	high>low	LGALS9_CD45	GSE189357	TD8	0	8.05584262779247e-05	1	0.06	-8.05584262779247e-05	TRUE
CXCL9_CXCR3	CXCL	CXCL9	CXCR3	Secreted Signaling	ifn_recruit	low>high	CXCL9_CXCR3	GSE189357	TD8	0	0	1	1	0	FALSE
CXCL10_CXCR3	CXCL	CXCL10	CXCR3	Secreted Signaling	ifn_recruit	low>high	CXCL10_CXCR3	GSE189357	TD8	0	0	1	1	0	FALSE
CCL5_CCR5	CCL	CCL5	CCR5	Secreted Signaling	ifn_recruit	low>high	CCL5_CCR5	GSE189357	TD8	0	0	1	1	0	FALSE
CCL5_CCR1	CCL	CCL5	CCR1	Secreted Signaling	ifn_recruit	low>high	CCL5_CCR1	GSE189357	TD8	0	0	1	1	0	FALSE
HLA-A_CD8A	MHC-I	HLA-A	CD8A	Cell-Cell Contact	ifn_recruit	low>high	HLA-A_CD8A	GSE189357	TD8	0.0037227499628228	0.00424055766577435	0	0	-0.000517807702951547	TRUE
HLA-B_CD8A	MHC-I	HLA-B	CD8A	Cell-Cell Contact	ifn_recruit	low>high	HLA-B_CD8A	GSE189357	TD8	0.00445885438737949	0.00448591347086068	0	0	-2.70590834811962e-05	TRUE
HLA-C_CD8A	MHC-I	HLA-C	CD8A	Cell-Cell Contact	ifn_recruit	low>high	HLA-C_CD8A	GSE189357	TD8	0.0030789448737198	0.00369569677283882	0	0	-0.000616751899119015	TRUE
JAM1_ITGAL_ITGB2	JAM	F11R	ITGAL_ITGB2	Cell-Cell Contact	barrier_inhibitory	high>low	JAM1_ITGAL_ITGB2	GSE189357	TD9	0.000130700311346571	0	0	1	0.000130700311346571	TRUE
NECTIN2_TIGIT	NECTIN	NECTIN2	TIGIT	Cell-Cell Contact	barrier_inhibitory	high>low	NECTIN2_TIGIT	GSE189357	TD9	6.90349647842512e-05	1.8628790513633e-06	0	0	6.71720857328879e-05	TRUE
CDH1_ITGAE_ITGB7	CDH1	CDH1	ITGAE_ITGB7	Cell-Cell Contact	barrier_inhibitory	high>low	CDH1_ITGAE_ITGB7	GSE189357	TD9	0	0	1	1	0	FALSE
CDH1_KLRG1	CDH1	CDH1	KLRG1	Cell-Cell Contact	barrier_inhibitory	high>low	CDH1_KLRG1	GSE189357	TD9	0	0	1	1	0	FALSE
LGALS9_HAVCR2	GALECTIN	LGALS9	HAVCR2	Secreted Signaling	barrier_inhibitory	high>low	LGALS9_HAVCR2	GSE189357	TD9	0	0	1	1	0	FALSE
LGALS9_CD44	GALECTIN	LGALS9	CD44	Secreted Signaling	barrier_inhibitory	high>low	LGALS9_CD44	GSE189357	TD9	0	0	1	1	0	FALSE
LGALS9_CD45	GALECTIN	LGALS9	PTPRC	Secreted Signaling	barrier_inhibitory	high>low	LGALS9_CD45	GSE189357	TD9	0	0	1	1	0	FALSE
CXCL9_CXCR3	CXCL	CXCL9	CXCR3	Secreted Signaling	ifn_recruit	low>high	CXCL9_CXCR3	GSE189357	TD9	0	0	1	1	0	FALSE
CXCL10_CXCR3	CXCL	CXCL10	CXCR3	Secreted Signaling	ifn_recruit	low>high	CXCL10_CXCR3	GSE189357	TD9	0	0	1	1	0	FALSE
CCL5_CCR5	CCL	CCL5	CCR5	Secreted Signaling	ifn_recruit	low>high	CCL5_CCR5	GSE189357	TD9	0	0	1	1	0	FALSE
CCL5_CCR1	CCL	CCL5	CCR1	Secreted Signaling	ifn_recruit	low>high	CCL5_CCR1	GSE189357	TD9	0	0	1	1	0	FALSE
HLA-A_CD8A	MHC-I	HLA-A	CD8A	Cell-Cell Contact	ifn_recruit	low>high	HLA-A_CD8A	GSE189357	TD9	0.000205787920970957	0.000186797595521179	0	0	1.89903254497787e-05	TRUE
HLA-B_CD8A	MHC-I	HLA-B	CD8A	Cell-Cell Contact	ifn_recruit	low>high	HLA-B_CD8A	GSE189357	TD9	0.000220229210951052	0.000229584528501717	0	0	-9.35531755066565e-06	TRUE
HLA-C_CD8A	MHC-I	HLA-C	CD8A	Cell-Cell Contact	ifn_recruit	low>high	HLA-C_CD8A	GSE189357	TD9	0.000145342998953256	0.000131219869455827	0	0	1.41231294974293e-05	TRUE
JAM1_ITGAL_ITGB2	JAM	F11R	ITGAL_ITGB2	Cell-Cell Contact	barrier_inhibitory	high>low	JAM1_ITGAL_ITGB2	GSE123902	LX255B	0	0	1	1	0	FALSE
NECTIN2_TIGIT	NECTIN	NECTIN2	TIGIT	Cell-Cell Contact	barrier_inhibitory	high>low	NECTIN2_TIGIT	GSE123902	LX255B	0	0	1	1	0	FALSE
CDH1_ITGAE_ITGB7	CDH1	CDH1	ITGAE_ITGB7	Cell-Cell Contact	barrier_inhibitory	high>low	CDH1_ITGAE_ITGB7	GSE123902	LX255B	0	0	1	1	0	FALSE
CDH1_KLRG1	CDH1	CDH1	KLRG1	Cell-Cell Contact	barrier_inhibitory	high>low	CDH1_KLRG1	GSE123902	LX255B	0	0	1	1	0	FALSE
LGALS9_HAVCR2	GALECTIN	LGALS9	HAVCR2	Secreted Signaling	barrier_inhibitory	high>low	LGALS9_HAVCR2	GSE123902	LX255B	0	0	1	1	0	FALSE
LGALS9_CD44	GALECTIN	LGALS9	CD44	Secreted Signaling	barrier_inhibitory	high>low	LGALS9_CD44	GSE123902	LX255B	0	5.26933367589404e-05	1	0	-5.26933367589404e-05	TRUE
LGALS9_CD45	GALECTIN	LGALS9	PTPRC	Secreted Signaling	barrier_inhibitory	high>low	LGALS9_CD45	GSE123902	LX255B	0	8.03729277131775e-05	1	0	-8.03729277131775e-05	TRUE
CXCL9_CXCR3	CXCL	CXCL9	CXCR3	Secreted Signaling	ifn_recruit	low>high	CXCL9_CXCR3	GSE123902	LX255B	0	0	1	1	0	FALSE
CXCL10_CXCR3	CXCL	CXCL10	CXCR3	Secreted Signaling	ifn_recruit	low>high	CXCL10_CXCR3	GSE123902	LX255B	0	0	1	1	0	FALSE
CCL5_CCR5	CCL	CCL5	CCR5	Secreted Signaling	ifn_recruit	low>high	CCL5_CCR5	GSE123902	LX255B	0	0	1	1	0	FALSE
CCL5_CCR1	CCL	CCL5	CCR1	Secreted Signaling	ifn_recruit	low>high	CCL5_CCR1	GSE123902	LX255B	0	0	1	1	0	FALSE
HLA-A_CD8A	MHC-I	HLA-A	CD8A	Cell-Cell Contact	ifn_recruit	low>high	HLA-A_CD8A	GSE123902	LX255B	0	0	1	1	0	FALSE
HLA-B_CD8A	MHC-I	HLA-B	CD8A	Cell-Cell Contact	ifn_recruit	low>high	HLA-B_CD8A	GSE123902	LX255B	0	0	1	1	0	FALSE
HLA-C_CD8A	MHC-I	HLA-C	CD8A	Cell-Cell Contact	ifn_recruit	low>high	HLA-C_CD8A	GSE123902	LX255B	0	0	1	1	0	FALSE
JAM1_ITGAL_ITGB2	JAM	F11R	ITGAL_ITGB2	Cell-Cell Contact	barrier_inhibitory	high>low	JAM1_ITGAL_ITGB2	GSE123902	LX653	0	0	1	1	0	FALSE
NECTIN2_TIGIT	NECTIN	NECTIN2	TIGIT	Cell-Cell Contact	barrier_inhibitory	high>low	NECTIN2_TIGIT	GSE123902	LX653	0	0	1	1	0	FALSE
CDH1_ITGAE_ITGB7	CDH1	CDH1	ITGAE_ITGB7	Cell-Cell Contact	barrier_inhibitory	high>low	CDH1_ITGAE_ITGB7	GSE123902	LX653	0	0	1	1	0	FALSE
CDH1_KLRG1	CDH1	CDH1	KLRG1	Cell-Cell Contact	barrier_inhibitory	high>low	CDH1_KLRG1	GSE123902	LX653	0	0	1	1	0	FALSE
LGALS9_HAVCR2	GALECTIN	LGALS9	HAVCR2	Secreted Signaling	barrier_inhibitory	high>low	LGALS9_HAVCR2	GSE123902	LX653	1.10959451694189e-05	0	0	1	1.10959451694189e-05	TRUE
LGALS9_CD44	GALECTIN	LGALS9	CD44	Secreted Signaling	barrier_inhibitory	high>low	LGALS9_CD44	GSE123902	LX653	0.000173448561234606	0	0.33	1	0.000173448561234606	TRUE
LGALS9_CD45	GALECTIN	LGALS9	PTPRC	Secreted Signaling	barrier_inhibitory	high>low	LGALS9_CD45	GSE123902	LX653	0.000219313007660624	0	0	1	0.000219313007660624	TRUE
CXCL9_CXCR3	CXCL	CXCL9	CXCR3	Secreted Signaling	ifn_recruit	low>high	CXCL9_CXCR3	GSE123902	LX653	0	0	1	1	0	FALSE
CXCL10_CXCR3	CXCL	CXCL10	CXCR3	Secreted Signaling	ifn_recruit	low>high	CXCL10_CXCR3	GSE123902	LX653	0	0	1	1	0	FALSE
CCL5_CCR5	CCL	CCL5	CCR5	Secreted Signaling	ifn_recruit	low>high	CCL5_CCR5	GSE123902	LX653	0	0	1	1	0	FALSE
CCL5_CCR1	CCL	CCL5	CCR1	Secreted Signaling	ifn_recruit	low>high	CCL5_CCR1	GSE123902	LX653	0	0	1	1	0	FALSE
HLA-A_CD8A	MHC-I	HLA-A	CD8A	Cell-Cell Contact	ifn_recruit	low>high	HLA-A_CD8A	GSE123902	LX653	0.00451159415720991	0.00406335955639355	0	0	0.000448234600816364	TRUE
HLA-B_CD8A	MHC-I	HLA-B	CD8A	Cell-Cell Contact	ifn_recruit	low>high	HLA-B_CD8A	GSE123902	LX653	0.00547230575462822	0.0045156717284414	0	0	0.000956634026186821	TRUE
HLA-C_CD8A	MHC-I	HLA-C	CD8A	Cell-Cell Contact	ifn_recruit	low>high	HLA-C_CD8A	GSE123902	LX653	0.00333569242135605	0.00274182163681159	0	0.01	0.000593870784544459	TRUE
JAM1_ITGAL_ITGB2	JAM	F11R	ITGAL_ITGB2	Cell-Cell Contact	barrier_inhibitory	high>low	JAM1_ITGAL_ITGB2	GSE123902	LX661	0	0	1	1	0	FALSE
NECTIN2_TIGIT	NECTIN	NECTIN2	TIGIT	Cell-Cell Contact	barrier_inhibitory	high>low	NECTIN2_TIGIT	GSE123902	LX661	0.000180542118016345	6.63674680510499e-05	0	0.02	0.000114174649965295	TRUE
CDH1_ITGAE_ITGB7	CDH1	CDH1	ITGAE_ITGB7	Cell-Cell Contact	barrier_inhibitory	high>low	CDH1_ITGAE_ITGB7	GSE123902	LX661	0.000211641646158858	0	0	1	0.000211641646158858	TRUE
CDH1_KLRG1	CDH1	CDH1	KLRG1	Cell-Cell Contact	barrier_inhibitory	high>low	CDH1_KLRG1	GSE123902	LX661	0	0	1	1	0	FALSE
LGALS9_HAVCR2	GALECTIN	LGALS9	HAVCR2	Secreted Signaling	barrier_inhibitory	high>low	LGALS9_HAVCR2	GSE123902	LX661	1.03251325126192e-05	1.79556491770248e-06	0.03	0.27	8.52956759491675e-06	TRUE
LGALS9_CD44	GALECTIN	LGALS9	CD44	Secreted Signaling	barrier_inhibitory	high>low	LGALS9_CD44	GSE123902	LX661	0.00131863058442387	0.00023219337432057	0.17	0.74	0.0010864372101033	TRUE
LGALS9_CD45	GALECTIN	LGALS9	PTPRC	Secreted Signaling	barrier_inhibitory	high>low	LGALS9_CD45	GSE123902	LX661	0.00150597547386403	0.000265660168452728	0.09	0.72	0.00124031530541131	TRUE
CXCL9_CXCR3	CXCL	CXCL9	CXCR3	Secreted Signaling	ifn_recruit	low>high	CXCL9_CXCR3	GSE123902	LX661	0	0	1	1	0	FALSE
CXCL10_CXCR3	CXCL	CXCL10	CXCR3	Secreted Signaling	ifn_recruit	low>high	CXCL10_CXCR3	GSE123902	LX661	0	0	1	1	0	FALSE
CCL5_CCR5	CCL	CCL5	CCR5	Secreted Signaling	ifn_recruit	low>high	CCL5_CCR5	GSE123902	LX661	0	0	1	1	0	FALSE
CCL5_CCR1	CCL	CCL5	CCR1	Secreted Signaling	ifn_recruit	low>high	CCL5_CCR1	GSE123902	LX661	0	0	1	1	0	FALSE
HLA-A_CD8A	MHC-I	HLA-A	CD8A	Cell-Cell Contact	ifn_recruit	low>high	HLA-A_CD8A	GSE123902	LX661	0.0041774467688024	0.00383192925306869	0	0.08	0.000345517515733704	TRUE
HLA-B_CD8A	MHC-I	HLA-B	CD8A	Cell-Cell Contact	ifn_recruit	low>high	HLA-B_CD8A	GSE123902	LX661	0.00422477667865632	0.00385481819977226	0.08	0.28	0.000369958478884055	TRUE
HLA-C_CD8A	MHC-I	HLA-C	CD8A	Cell-Cell Contact	ifn_recruit	low>high	HLA-C_CD8A	GSE123902	LX661	0.00347426624650152	0.00401396468287351	0.33	0.05	-0.000539698436371999	TRUE
JAM1_ITGAL_ITGB2	JAM	F11R	ITGAL_ITGB2	Cell-Cell Contact	barrier_inhibitory	high>low	JAM1_ITGAL_ITGB2	GSE123902	LX666	0	0	1	1	0	FALSE
NECTIN2_TIGIT	NECTIN	NECTIN2	TIGIT	Cell-Cell Contact	barrier_inhibitory	high>low	NECTIN2_TIGIT	GSE123902	LX666	0.000103492210420442	5.59241415408429e-05	0	0	4.75680688795989e-05	TRUE
CDH1_ITGAE_ITGB7	CDH1	CDH1	ITGAE_ITGB7	Cell-Cell Contact	barrier_inhibitory	high>low	CDH1_ITGAE_ITGB7	GSE123902	LX666	0	0	1	1	0	FALSE
CDH1_KLRG1	CDH1	CDH1	KLRG1	Cell-Cell Contact	barrier_inhibitory	high>low	CDH1_KLRG1	GSE123902	LX666	0	0	1	1	0	FALSE
LGALS9_HAVCR2	GALECTIN	LGALS9	HAVCR2	Secreted Signaling	barrier_inhibitory	high>low	LGALS9_HAVCR2	GSE123902	LX666	3.47077532236618e-05	1.05518459973483e-05	0	0	2.41559072263135e-05	TRUE
LGALS9_CD44	GALECTIN	LGALS9	CD44	Secreted Signaling	barrier_inhibitory	high>low	LGALS9_CD44	GSE123902	LX666	0.000734607678548124	0.000224355565180681	0	0.89	0.000510252113367443	TRUE
LGALS9_CD45	GALECTIN	LGALS9	PTPRC	Secreted Signaling	barrier_inhibitory	high>low	LGALS9_CD45	GSE123902	LX666	0.00102028163341395	0.000312184968378196	0	0	0.000708096665035751	TRUE
CXCL9_CXCR3	CXCL	CXCL9	CXCR3	Secreted Signaling	ifn_recruit	low>high	CXCL9_CXCR3	GSE123902	LX666	0	0	1	1	0	FALSE
CXCL10_CXCR3	CXCL	CXCL10	CXCR3	Secreted Signaling	ifn_recruit	low>high	CXCL10_CXCR3	GSE123902	LX666	0	0	1	1	0	FALSE
CCL5_CCR5	CCL	CCL5	CCR5	Secreted Signaling	ifn_recruit	low>high	CCL5_CCR5	GSE123902	LX666	0	0	1	1	0	FALSE
CCL5_CCR1	CCL	CCL5	CCR1	Secreted Signaling	ifn_recruit	low>high	CCL5_CCR1	GSE123902	LX666	0	0	1	1	0	FALSE
HLA-A_CD8A	MHC-I	HLA-A	CD8A	Cell-Cell Contact	ifn_recruit	low>high	HLA-A_CD8A	GSE123902	LX666	0.00792677616281725	0.00716135150312404	0	0	0.000765424659693205	TRUE
HLA-B_CD8A	MHC-I	HLA-B	CD8A	Cell-Cell Contact	ifn_recruit	low>high	HLA-B_CD8A	GSE123902	LX666	0.00824344458470469	0.00731439839057848	0	0	0.000929046194126205	TRUE
HLA-C_CD8A	MHC-I	HLA-C	CD8A	Cell-Cell Contact	ifn_recruit	low>high	HLA-C_CD8A	GSE123902	LX666	0.00673573411630113	0.0059109613831928	0	0	0.000824772733108328	TRUE
JAM1_ITGAL_ITGB2	JAM	F11R	ITGAL_ITGB2	Cell-Cell Contact	barrier_inhibitory	high>low	JAM1_ITGAL_ITGB2	GSE123902	LX675	0	0	1	1	0	FALSE
NECTIN2_TIGIT	NECTIN	NECTIN2	TIGIT	Cell-Cell Contact	barrier_inhibitory	high>low	NECTIN2_TIGIT	GSE123902	LX675	0.000605390962440409	0.000302948969364867	0	0	0.000302441993075541	TRUE
CDH1_ITGAE_ITGB7	CDH1	CDH1	ITGAE_ITGB7	Cell-Cell Contact	barrier_inhibitory	high>low	CDH1_ITGAE_ITGB7	GSE123902	LX675	0	0	1	1	0	FALSE
CDH1_KLRG1	CDH1	CDH1	KLRG1	Cell-Cell Contact	barrier_inhibitory	high>low	CDH1_KLRG1	GSE123902	LX675	0.00125701063403776	0	0	1	0.00125701063403776	TRUE
LGALS9_HAVCR2	GALECTIN	LGALS9	HAVCR2	Secreted Signaling	barrier_inhibitory	high>low	LGALS9_HAVCR2	GSE123902	LX675	9.71428092358387e-05	7.20767283225172e-05	0	0	2.50660809133215e-05	TRUE
LGALS9_CD44	GALECTIN	LGALS9	CD44	Secreted Signaling	barrier_inhibitory	high>low	LGALS9_CD44	GSE123902	LX675	0.0022165439263481	0.00165217838565353	0	0	0.000564365540694573	TRUE
LGALS9_CD45	GALECTIN	LGALS9	PTPRC	Secreted Signaling	barrier_inhibitory	high>low	LGALS9_CD45	GSE123902	LX675	0.0028697839059153	0.00214213534541011	0	0	0.000727648560505185	TRUE
CXCL9_CXCR3	CXCL	CXCL9	CXCR3	Secreted Signaling	ifn_recruit	low>high	CXCL9_CXCR3	GSE123902	LX675	0	0	1	1	0	FALSE
CXCL10_CXCR3	CXCL	CXCL10	CXCR3	Secreted Signaling	ifn_recruit	low>high	CXCL10_CXCR3	GSE123902	LX675	0	0	1	1	0	FALSE
CCL5_CCR5	CCL	CCL5	CCR5	Secreted Signaling	ifn_recruit	low>high	CCL5_CCR5	GSE123902	LX675	0	0	1	1	0	FALSE
CCL5_CCR1	CCL	CCL5	CCR1	Secreted Signaling	ifn_recruit	low>high	CCL5_CCR1	GSE123902	LX675	0	0	1	1	0	FALSE
HLA-A_CD8A	MHC-I	HLA-A	CD8A	Cell-Cell Contact	ifn_recruit	low>high	HLA-A_CD8A	GSE123902	LX675	0.00393791901036729	0.00314631158602341	0	0	0.000791607424343876	TRUE
HLA-B_CD8A	MHC-I	HLA-B	CD8A	Cell-Cell Contact	ifn_recruit	low>high	HLA-B_CD8A	GSE123902	LX675	0.00423098868237196	0.00373389008056339	0	0	0.000497098601808572	TRUE
HLA-C_CD8A	MHC-I	HLA-C	CD8A	Cell-Cell Contact	ifn_recruit	low>high	HLA-C_CD8A	GSE123902	LX675	0.00327493072310788	0.00303887547124181	0	0	0.000236055251866069	TRUE
JAM1_ITGAL_ITGB2	JAM	F11R	ITGAL_ITGB2	Cell-Cell Contact	barrier_inhibitory	high>low	JAM1_ITGAL_ITGB2	GSE123902	LX676	0	0	1	1	0	FALSE
NECTIN2_TIGIT	NECTIN	NECTIN2	TIGIT	Cell-Cell Contact	barrier_inhibitory	high>low	NECTIN2_TIGIT	GSE123902	LX676	0.000638193314282851	0	0	1	0.000638193314282851	TRUE
CDH1_ITGAE_ITGB7	CDH1	CDH1	ITGAE_ITGB7	Cell-Cell Contact	barrier_inhibitory	high>low	CDH1_ITGAE_ITGB7	GSE123902	LX676	0	0	1	1	0	FALSE
CDH1_KLRG1	CDH1	CDH1	KLRG1	Cell-Cell Contact	barrier_inhibitory	high>low	CDH1_KLRG1	GSE123902	LX676	0	0	1	1	0	FALSE
LGALS9_HAVCR2	GALECTIN	LGALS9	HAVCR2	Secreted Signaling	barrier_inhibitory	high>low	LGALS9_HAVCR2	GSE123902	LX676	0	0	1	1	0	FALSE
LGALS9_CD44	GALECTIN	LGALS9	CD44	Secreted Signaling	barrier_inhibitory	high>low	LGALS9_CD44	GSE123902	LX676	0.000831524432200964	0	0	1	0.000831524432200964	TRUE
LGALS9_CD45	GALECTIN	LGALS9	PTPRC	Secreted Signaling	barrier_inhibitory	high>low	LGALS9_CD45	GSE123902	LX676	0.000897516771939842	0	0	1	0.000897516771939842	TRUE
CXCL9_CXCR3	CXCL	CXCL9	CXCR3	Secreted Signaling	ifn_recruit	low>high	CXCL9_CXCR3	GSE123902	LX676	0	0	1	1	0	FALSE
CXCL10_CXCR3	CXCL	CXCL10	CXCR3	Secreted Signaling	ifn_recruit	low>high	CXCL10_CXCR3	GSE123902	LX676	0	0	1	1	0	FALSE
CCL5_CCR5	CCL	CCL5	CCR5	Secreted Signaling	ifn_recruit	low>high	CCL5_CCR5	GSE123902	LX676	0	0	1	1	0	FALSE
CCL5_CCR1	CCL	CCL5	CCR1	Secreted Signaling	ifn_recruit	low>high	CCL5_CCR1	GSE123902	LX676	0	0	1	1	0	FALSE
HLA-A_CD8A	MHC-I	HLA-A	CD8A	Cell-Cell Contact	ifn_recruit	low>high	HLA-A_CD8A	GSE123902	LX676	0.00390598710715761	0.00515139122658445	0.03	0	-0.00124540411942684	TRUE
HLA-B_CD8A	MHC-I	HLA-B	CD8A	Cell-Cell Contact	ifn_recruit	low>high	HLA-B_CD8A	GSE123902	LX676	0.00366494696946824	0.00477293415054954	0.07	0	-0.00110798718108129	TRUE
HLA-C_CD8A	MHC-I	HLA-C	CD8A	Cell-Cell Contact	ifn_recruit	low>high	HLA-C_CD8A	GSE123902	LX676	0.00322081534659168	0.00476942729777826	0.22	0	-0.00154861195118658	TRUE
JAM1_ITGAL_ITGB2	JAM	F11R	ITGAL_ITGB2	Cell-Cell Contact	barrier_inhibitory	high>low	JAM1_ITGAL_ITGB2	GSE123902	LX679	0	0	1	1	0	FALSE
NECTIN2_TIGIT	NECTIN	NECTIN2	TIGIT	Cell-Cell Contact	barrier_inhibitory	high>low	NECTIN2_TIGIT	GSE123902	LX679	0.000247601395217067	3.78266504153605e-05	0	0	0.000209774744801707	TRUE
CDH1_ITGAE_ITGB7	CDH1	CDH1	ITGAE_ITGB7	Cell-Cell Contact	barrier_inhibitory	high>low	CDH1_ITGAE_ITGB7	GSE123902	LX679	0	0	1	1	0	FALSE
CDH1_KLRG1	CDH1	CDH1	KLRG1	Cell-Cell Contact	barrier_inhibitory	high>low	CDH1_KLRG1	GSE123902	LX679	0	0	1	1	0	FALSE
LGALS9_HAVCR2	GALECTIN	LGALS9	HAVCR2	Secreted Signaling	barrier_inhibitory	high>low	LGALS9_HAVCR2	GSE123902	LX679	0	0	1	1	0	FALSE
LGALS9_CD44	GALECTIN	LGALS9	CD44	Secreted Signaling	barrier_inhibitory	high>low	LGALS9_CD44	GSE123902	LX679	0.000669219205865398	2.0146104385316e-05	0	0.73	0.000649073101480082	TRUE
LGALS9_CD45	GALECTIN	LGALS9	PTPRC	Secreted Signaling	barrier_inhibitory	high>low	LGALS9_CD45	GSE123902	LX679	0.00162021324190508	4.91435638576195e-05	0	0.46	0.00157106967804746	TRUE
CXCL9_CXCR3	CXCL	CXCL9	CXCR3	Secreted Signaling	ifn_recruit	low>high	CXCL9_CXCR3	GSE123902	LX679	0	0	1	1	0	FALSE
CXCL10_CXCR3	CXCL	CXCL10	CXCR3	Secreted Signaling	ifn_recruit	low>high	CXCL10_CXCR3	GSE123902	LX679	0	0	1	1	0	FALSE
CCL5_CCR5	CCL	CCL5	CCR5	Secreted Signaling	ifn_recruit	low>high	CCL5_CCR5	GSE123902	LX679	0	0	1	1	0	FALSE
CCL5_CCR1	CCL	CCL5	CCR1	Secreted Signaling	ifn_recruit	low>high	CCL5_CCR1	GSE123902	LX679	0	0	1	1	0	FALSE
HLA-A_CD8A	MHC-I	HLA-A	CD8A	Cell-Cell Contact	ifn_recruit	low>high	HLA-A_CD8A	GSE123902	LX679	0.00233927364739253	0.00192130300361923	0	0	0.000417970643773306	TRUE
HLA-B_CD8A	MHC-I	HLA-B	CD8A	Cell-Cell Contact	ifn_recruit	low>high	HLA-B_CD8A	GSE123902	LX679	0.00253249868393533	0.00206289862273317	0	0	0.000469600061202164	TRUE
HLA-C_CD8A	MHC-I	HLA-C	CD8A	Cell-Cell Contact	ifn_recruit	low>high	HLA-C_CD8A	GSE123902	LX679	0.0020396664545206	0.0016506974448121	0	0	0.000388969009708507	TRUE
JAM1_ITGAL_ITGB2	JAM	F11R	ITGAL_ITGB2	Cell-Cell Contact	barrier_inhibitory	high>low	JAM1_ITGAL_ITGB2	GSE123902	LX680	0.000505098585573387	0	0	1	0.000505098585573387	TRUE
NECTIN2_TIGIT	NECTIN	NECTIN2	TIGIT	Cell-Cell Contact	barrier_inhibitory	high>low	NECTIN2_TIGIT	GSE123902	LX680	0.00101302552488924	3.88006700577885e-05	0	0.75	0.000974224854831448	TRUE
CDH1_ITGAE_ITGB7	CDH1	CDH1	ITGAE_ITGB7	Cell-Cell Contact	barrier_inhibitory	high>low	CDH1_ITGAE_ITGB7	GSE123902	LX680	0.000208216670585148	0	0	1	0.000208216670585148	TRUE
CDH1_KLRG1	CDH1	CDH1	KLRG1	Cell-Cell Contact	barrier_inhibitory	high>low	CDH1_KLRG1	GSE123902	LX680	0	0	1	1	0	FALSE
LGALS9_HAVCR2	GALECTIN	LGALS9	HAVCR2	Secreted Signaling	barrier_inhibitory	high>low	LGALS9_HAVCR2	GSE123902	LX680	0	2.74683025146037e-05	1	0.52	-2.74683025146037e-05	TRUE
LGALS9_CD44	GALECTIN	LGALS9	CD44	Secreted Signaling	barrier_inhibitory	high>low	LGALS9_CD44	GSE123902	LX680	0	7.77579549839281e-05	1	0.66	-7.77579549839281e-05	TRUE
LGALS9_CD45	GALECTIN	LGALS9	PTPRC	Secreted Signaling	barrier_inhibitory	high>low	LGALS9_CD45	GSE123902	LX680	0	0.000174222173322088	1	0.59	-0.000174222173322088	TRUE
CXCL9_CXCR3	CXCL	CXCL9	CXCR3	Secreted Signaling	ifn_recruit	low>high	CXCL9_CXCR3	GSE123902	LX680	0	0	1	1	0	FALSE
CXCL10_CXCR3	CXCL	CXCL10	CXCR3	Secreted Signaling	ifn_recruit	low>high	CXCL10_CXCR3	GSE123902	LX680	7.59682519868282e-07	0	0.12	1	7.59682519868282e-07	TRUE
CCL5_CCR5	CCL	CCL5	CCR5	Secreted Signaling	ifn_recruit	low>high	CCL5_CCR5	GSE123902	LX680	0	0	1	1	0	FALSE
CCL5_CCR1	CCL	CCL5	CCR1	Secreted Signaling	ifn_recruit	low>high	CCL5_CCR1	GSE123902	LX680	0	0	1	1	0	FALSE
HLA-A_CD8A	MHC-I	HLA-A	CD8A	Cell-Cell Contact	ifn_recruit	low>high	HLA-A_CD8A	GSE123902	LX680	0.00484922522887968	0.00236748463402391	0	0.08	0.00248174059485577	TRUE
HLA-B_CD8A	MHC-I	HLA-B	CD8A	Cell-Cell Contact	ifn_recruit	low>high	HLA-B_CD8A	GSE123902	LX680	0.00411223653613965	0.00260428286263818	0	0.06	0.00150795367350147	TRUE
HLA-C_CD8A	MHC-I	HLA-C	CD8A	Cell-Cell Contact	ifn_recruit	low>high	HLA-C_CD8A	GSE123902	LX680	0.00373302713198868	0.0020006564361843	0	0.15	0.00173237069580439	TRUE
JAM1_ITGAL_ITGB2	JAM	F11R	ITGAL_ITGB2	Cell-Cell Contact	barrier_inhibitory	high>low	JAM1_ITGAL_ITGB2	GSE123902	LX681	0.000666463218460907	0	0	1	0.000666463218460907	TRUE
NECTIN2_TIGIT	NECTIN	NECTIN2	TIGIT	Cell-Cell Contact	barrier_inhibitory	high>low	NECTIN2_TIGIT	GSE123902	LX681	0.00112592885377081	1.3322134333221e-05	0	0.02	0.00111260671943759	TRUE
CDH1_ITGAE_ITGB7	CDH1	CDH1	ITGAE_ITGB7	Cell-Cell Contact	barrier_inhibitory	high>low	CDH1_ITGAE_ITGB7	GSE123902	LX681	0.000100648489209776	0	0	1	0.000100648489209776	TRUE
CDH1_KLRG1	CDH1	CDH1	KLRG1	Cell-Cell Contact	barrier_inhibitory	high>low	CDH1_KLRG1	GSE123902	LX681	0	0	1	1	0	FALSE
LGALS9_HAVCR2	GALECTIN	LGALS9	HAVCR2	Secreted Signaling	barrier_inhibitory	high>low	LGALS9_HAVCR2	GSE123902	LX681	2.86992592281587e-05	0	0	1	2.86992592281587e-05	TRUE
LGALS9_CD44	GALECTIN	LGALS9	CD44	Secreted Signaling	barrier_inhibitory	high>low	LGALS9_CD44	GSE123902	LX681	0.000433628469078571	0	0	1	0.000433628469078571	TRUE
LGALS9_CD45	GALECTIN	LGALS9	PTPRC	Secreted Signaling	barrier_inhibitory	high>low	LGALS9_CD45	GSE123902	LX681	0.000664274571275496	0	0	1	0.000664274571275496	TRUE
CXCL9_CXCR3	CXCL	CXCL9	CXCR3	Secreted Signaling	ifn_recruit	low>high	CXCL9_CXCR3	GSE123902	LX681	0	0	1	1	0	FALSE
CXCL10_CXCR3	CXCL	CXCL10	CXCR3	Secreted Signaling	ifn_recruit	low>high	CXCL10_CXCR3	GSE123902	LX681	0	0	1	1	0	FALSE
CCL5_CCR5	CCL	CCL5	CCR5	Secreted Signaling	ifn_recruit	low>high	CCL5_CCR5	GSE123902	LX681	0	0	1	1	0	FALSE
CCL5_CCR1	CCL	CCL5	CCR1	Secreted Signaling	ifn_recruit	low>high	CCL5_CCR1	GSE123902	LX681	0	0	1	1	0	FALSE
HLA-A_CD8A	MHC-I	HLA-A	CD8A	Cell-Cell Contact	ifn_recruit	low>high	HLA-A_CD8A	GSE123902	LX681	0.000178976293379803	4.04717796254651e-05	0	0	0.000138504513754338	TRUE
HLA-B_CD8A	MHC-I	HLA-B	CD8A	Cell-Cell Contact	ifn_recruit	low>high	HLA-B_CD8A	GSE123902	LX681	0.000139484759923115	2.23719867318878e-05	0	0	0.000117112773191227	TRUE
HLA-C_CD8A	MHC-I	HLA-C	CD8A	Cell-Cell Contact	ifn_recruit	low>high	HLA-C_CD8A	GSE123902	LX681	0.000161985642608375	2.88739277655088e-05	0	0	0.000133111714842866	TRUE
JAM1_ITGAL_ITGB2	JAM	F11R	ITGAL_ITGB2	Cell-Cell Contact	barrier_inhibitory	high>low	JAM1_ITGAL_ITGB2	GSE123902	LX682	0.000288716389027016	0	0	1	0.000288716389027016	TRUE
NECTIN2_TIGIT	NECTIN	NECTIN2	TIGIT	Cell-Cell Contact	barrier_inhibitory	high>low	NECTIN2_TIGIT	GSE123902	LX682	0.00109055562886781	0.000513138382071712	0	0	0.000577417246796093	TRUE
CDH1_ITGAE_ITGB7	CDH1	CDH1	ITGAE_ITGB7	Cell-Cell Contact	barrier_inhibitory	high>low	CDH1_ITGAE_ITGB7	GSE123902	LX682	0.00037331959753941	0	0	1	0.00037331959753941	TRUE
CDH1_KLRG1	CDH1	CDH1	KLRG1	Cell-Cell Contact	barrier_inhibitory	high>low	CDH1_KLRG1	GSE123902	LX682	0	0	1	1	0	FALSE
LGALS9_HAVCR2	GALECTIN	LGALS9	HAVCR2	Secreted Signaling	barrier_inhibitory	high>low	LGALS9_HAVCR2	GSE123902	LX682	0.00029732740727056	0.000530587441146787	0.01	0	-0.000233260033876227	TRUE
LGALS9_CD44	GALECTIN	LGALS9	CD44	Secreted Signaling	barrier_inhibitory	high>low	LGALS9_CD44	GSE123902	LX682	0.00139056261083093	0.00246452982332131	0.39	0	-0.00107396721249038	TRUE
LGALS9_CD45	GALECTIN	LGALS9	PTPRC	Secreted Signaling	barrier_inhibitory	high>low	LGALS9_CD45	GSE123902	LX682	0.00160613901428259	0.0028427700573513	0	0	-0.00123663104306871	TRUE
CXCL9_CXCR3	CXCL	CXCL9	CXCR3	Secreted Signaling	ifn_recruit	low>high	CXCL9_CXCR3	GSE123902	LX682	3.02630910553521e-05	0	0	1	3.02630910553521e-05	TRUE
CXCL10_CXCR3	CXCL	CXCL10	CXCR3	Secreted Signaling	ifn_recruit	low>high	CXCL10_CXCR3	GSE123902	LX682	8.86448934621021e-05	2.54556979564218e-06	0	0.32	8.60993236664599e-05	TRUE
CCL5_CCR5	CCL	CCL5	CCR5	Secreted Signaling	ifn_recruit	low>high	CCL5_CCR5	GSE123902	LX682	0	0	1	1	0	FALSE
CCL5_CCR1	CCL	CCL5	CCR1	Secreted Signaling	ifn_recruit	low>high	CCL5_CCR1	GSE123902	LX682	0	0	1	1	0	FALSE
HLA-A_CD8A	MHC-I	HLA-A	CD8A	Cell-Cell Contact	ifn_recruit	low>high	HLA-A_CD8A	GSE123902	LX682	0.0138981101730638	0.0122234461976704	0	0	0.00167466397539346	TRUE
HLA-B_CD8A	MHC-I	HLA-B	CD8A	Cell-Cell Contact	ifn_recruit	low>high	HLA-B_CD8A	GSE123902	LX682	0.0155465974375741	0.0143303529391602	0	0	0.00121624449841392	TRUE
HLA-C_CD8A	MHC-I	HLA-C	CD8A	Cell-Cell Contact	ifn_recruit	low>high	HLA-C_CD8A	GSE123902	LX682	0.0133086878947039	0.0119419117177935	0	0	0.00136677617691036	TRUE
JAM1_ITGAL_ITGB2	JAM	F11R	ITGAL_ITGB2	Cell-Cell Contact	barrier_inhibitory	high>low	JAM1_ITGAL_ITGB2	GSE123902	LX684	0.000223987613947219	7.81923605704498e-05	0	0.01	0.000145795253376769	TRUE
NECTIN2_TIGIT	NECTIN	NECTIN2	TIGIT	Cell-Cell Contact	barrier_inhibitory	high>low	NECTIN2_TIGIT	GSE123902	LX684	0.000215997813244098	0.000102972452354844	0	0	0.000113025360889254	TRUE
CDH1_ITGAE_ITGB7	CDH1	CDH1	ITGAE_ITGB7	Cell-Cell Contact	barrier_inhibitory	high>low	CDH1_ITGAE_ITGB7	GSE123902	LX684	0	0	1	1	0	FALSE
CDH1_KLRG1	CDH1	CDH1	KLRG1	Cell-Cell Contact	barrier_inhibitory	high>low	CDH1_KLRG1	GSE123902	LX684	0.000304965777167504	5.76766051783698e-05	0	0	0.000247289171989135	TRUE
LGALS9_HAVCR2	GALECTIN	LGALS9	HAVCR2	Secreted Signaling	barrier_inhibitory	high>low	LGALS9_HAVCR2	GSE123902	LX684	0	0	1	1	0	FALSE
LGALS9_CD44	GALECTIN	LGALS9	CD44	Secreted Signaling	barrier_inhibitory	high>low	LGALS9_CD44	GSE123902	LX684	0.0023642097787528	0.000360784324298709	0	0.68	0.00200342545445409	TRUE
LGALS9_CD45	GALECTIN	LGALS9	PTPRC	Secreted Signaling	barrier_inhibitory	high>low	LGALS9_CD45	GSE123902	LX684	0.00295523203378294	0.000452827238089003	0	0.48	0.00250240479569394	TRUE
CXCL9_CXCR3	CXCL	CXCL9	CXCR3	Secreted Signaling	ifn_recruit	low>high	CXCL9_CXCR3	GSE123902	LX684	0	0	1	1	0	FALSE
CXCL10_CXCR3	CXCL	CXCL10	CXCR3	Secreted Signaling	ifn_recruit	low>high	CXCL10_CXCR3	GSE123902	LX684	0	0	1	1	0	FALSE
CCL5_CCR5	CCL	CCL5	CCR5	Secreted Signaling	ifn_recruit	low>high	CCL5_CCR5	GSE123902	LX684	0	0	1	1	0	FALSE
CCL5_CCR1	CCL	CCL5	CCR1	Secreted Signaling	ifn_recruit	low>high	CCL5_CCR1	GSE123902	LX684	0	0	1	1	0	FALSE
HLA-A_CD8A	MHC-I	HLA-A	CD8A	Cell-Cell Contact	ifn_recruit	low>high	HLA-A_CD8A	GSE123902	LX684	0.0056518159307284	0.00540393034152783	0	0	0.000247885589200567	TRUE
HLA-B_CD8A	MHC-I	HLA-B	CD8A	Cell-Cell Contact	ifn_recruit	low>high	HLA-B_CD8A	GSE123902	LX684	0.0049886304988526	0.00512907684161324	0	0	-0.000140446342760641	TRUE
HLA-C_CD8A	MHC-I	HLA-C	CD8A	Cell-Cell Contact	ifn_recruit	low>high	HLA-C_CD8A	GSE123902	LX684	0.00490861062169517	0.00475847391122594	0	0	0.000150136710469226	TRUE
JAM1_ITGAL_ITGB2	JAM	F11R	ITGAL_ITGB2	Cell-Cell Contact	barrier_inhibitory	high>low	JAM1_ITGAL_ITGB2	GSE123902	LX699	0.000184129377933962	8.60111428632409e-05	0	0.02	9.81182350707215e-05	TRUE
NECTIN2_TIGIT	NECTIN	NECTIN2	TIGIT	Cell-Cell Contact	barrier_inhibitory	high>low	NECTIN2_TIGIT	GSE123902	LX699	0.000691965527757007	0.000398830627505553	0	0	0.000293134900251454	TRUE
CDH1_ITGAE_ITGB7	CDH1	CDH1	ITGAE_ITGB7	Cell-Cell Contact	barrier_inhibitory	high>low	CDH1_ITGAE_ITGB7	GSE123902	LX699	8.00697820644167e-05	0	0	1	8.00697820644167e-05	TRUE
CDH1_KLRG1	CDH1	CDH1	KLRG1	Cell-Cell Contact	barrier_inhibitory	high>low	CDH1_KLRG1	GSE123902	LX699	9.32131808931951e-05	0	0	1	9.32131808931951e-05	TRUE
LGALS9_HAVCR2	GALECTIN	LGALS9	HAVCR2	Secreted Signaling	barrier_inhibitory	high>low	LGALS9_HAVCR2	GSE123902	LX699	0	0.000367027995006753	1	0.04	-0.000367027995006753	TRUE
LGALS9_CD44	GALECTIN	LGALS9	CD44	Secreted Signaling	barrier_inhibitory	high>low	LGALS9_CD44	GSE123902	LX699	0	0.000548929762890466	1	0.06	-0.000548929762890466	TRUE
LGALS9_CD45	GALECTIN	LGALS9	PTPRC	Secreted Signaling	barrier_inhibitory	high>low	LGALS9_CD45	GSE123902	LX699	0	0.00105394014280223	1	0.05	-0.00105394014280223	TRUE
CXCL9_CXCR3	CXCL	CXCL9	CXCR3	Secreted Signaling	ifn_recruit	low>high	CXCL9_CXCR3	GSE123902	LX699	0	0	1	1	0	FALSE
CXCL10_CXCR3	CXCL	CXCL10	CXCR3	Secreted Signaling	ifn_recruit	low>high	CXCL10_CXCR3	GSE123902	LX699	0	0	1	1	0	FALSE
CCL5_CCR5	CCL	CCL5	CCR5	Secreted Signaling	ifn_recruit	low>high	CCL5_CCR5	GSE123902	LX699	0	0	1	1	0	FALSE
CCL5_CCR1	CCL	CCL5	CCR1	Secreted Signaling	ifn_recruit	low>high	CCL5_CCR1	GSE123902	LX699	0	0	1	1	0	FALSE
HLA-A_CD8A	MHC-I	HLA-A	CD8A	Cell-Cell Contact	ifn_recruit	low>high	HLA-A_CD8A	GSE123902	LX699	0.00684372282507913	0.0056073211737405	1	1	0.00123640165133863	TRUE
HLA-B_CD8A	MHC-I	HLA-B	CD8A	Cell-Cell Contact	ifn_recruit	low>high	HLA-B_CD8A	GSE123902	LX699	0.00756199550398897	0.00698830929574405	0.99	1	0.000573686208244923	TRUE
HLA-C_CD8A	MHC-I	HLA-C	CD8A	Cell-Cell Contact	ifn_recruit	low>high	HLA-C_CD8A	GSE123902	LX699	0.00645082192500887	0.00566048073278129	1	1	0.000790341192227584	TRUE
JAM1_ITGAL_ITGB2	JAM	F11R	ITGAL_ITGB2	Cell-Cell Contact	barrier_inhibitory	high>low	JAM1_ITGAL_ITGB2	GSE123902	LX701	0	0	1	1	0	FALSE
NECTIN2_TIGIT	NECTIN	NECTIN2	TIGIT	Cell-Cell Contact	barrier_inhibitory	high>low	NECTIN2_TIGIT	GSE123902	LX701	0	0	1	1	0	FALSE
CDH1_ITGAE_ITGB7	CDH1	CDH1	ITGAE_ITGB7	Cell-Cell Contact	barrier_inhibitory	high>low	CDH1_ITGAE_ITGB7	GSE123902	LX701	3.63647130068517e-05	2.14630872759282e-05	0	0	1.49016257309235e-05	TRUE
CDH1_KLRG1	CDH1	CDH1	KLRG1	Cell-Cell Contact	barrier_inhibitory	high>low	CDH1_KLRG1	GSE123902	LX701	0	0	1	1	0	FALSE
LGALS9_HAVCR2	GALECTIN	LGALS9	HAVCR2	Secreted Signaling	barrier_inhibitory	high>low	LGALS9_HAVCR2	GSE123902	LX701	0	0	1	1	0	FALSE
LGALS9_CD44	GALECTIN	LGALS9	CD44	Secreted Signaling	barrier_inhibitory	high>low	LGALS9_CD44	GSE123902	LX701	0	0	1	1	0	FALSE
LGALS9_CD45	GALECTIN	LGALS9	PTPRC	Secreted Signaling	barrier_inhibitory	high>low	LGALS9_CD45	GSE123902	LX701	0	0	1	1	0	FALSE
CXCL9_CXCR3	CXCL	CXCL9	CXCR3	Secreted Signaling	ifn_recruit	low>high	CXCL9_CXCR3	GSE123902	LX701	0	0	1	1	0	FALSE
CXCL10_CXCR3	CXCL	CXCL10	CXCR3	Secreted Signaling	ifn_recruit	low>high	CXCL10_CXCR3	GSE123902	LX701	0	0	1	1	0	FALSE
CCL5_CCR5	CCL	CCL5	CCR5	Secreted Signaling	ifn_recruit	low>high	CCL5_CCR5	GSE123902	LX701	0	0	1	1	0	FALSE
CCL5_CCR1	CCL	CCL5	CCR1	Secreted Signaling	ifn_recruit	low>high	CCL5_CCR1	GSE123902	LX701	0	0	1	1	0	FALSE
HLA-A_CD8A	MHC-I	HLA-A	CD8A	Cell-Cell Contact	ifn_recruit	low>high	HLA-A_CD8A	GSE123902	LX701	0	0	1	1	0	FALSE
HLA-B_CD8A	MHC-I	HLA-B	CD8A	Cell-Cell Contact	ifn_recruit	low>high	HLA-B_CD8A	GSE123902	LX701	0	0	1	1	0	FALSE
HLA-C_CD8A	MHC-I	HLA-C	CD8A	Cell-Cell Contact	ifn_recruit	low>high	HLA-C_CD8A	GSE123902	LX701	0	0	1	1	0	FALSE
JAM1_ITGAL_ITGB2	JAM	F11R	ITGAL_ITGB2	Cell-Cell Contact	barrier_inhibitory	high>low	JAM1_ITGAL_ITGB2	GSE131907	BRONCHO_11	0.00060541645223402	7.53996901065255e-05	0	0	0.000530016762127494	TRUE
NECTIN2_TIGIT	NECTIN	NECTIN2	TIGIT	Cell-Cell Contact	barrier_inhibitory	high>low	NECTIN2_TIGIT	GSE131907	BRONCHO_11	0.00102903571987359	2.95738495054992e-05	0	0.16	0.000999461870368094	TRUE
CDH1_ITGAE_ITGB7	CDH1	CDH1	ITGAE_ITGB7	Cell-Cell Contact	barrier_inhibitory	high>low	CDH1_ITGAE_ITGB7	GSE131907	BRONCHO_11	0	0	1	1	0	FALSE
CDH1_KLRG1	CDH1	CDH1	KLRG1	Cell-Cell Contact	barrier_inhibitory	high>low	CDH1_KLRG1	GSE131907	BRONCHO_11	0.000311146818107052	4.13477568718356e-05	0	0	0.000269799061235217	TRUE
LGALS9_HAVCR2	GALECTIN	LGALS9	HAVCR2	Secreted Signaling	barrier_inhibitory	high>low	LGALS9_HAVCR2	GSE131907	BRONCHO_11	0	0	1	1	0	FALSE
LGALS9_CD44	GALECTIN	LGALS9	CD44	Secreted Signaling	barrier_inhibitory	high>low	LGALS9_CD44	GSE131907	BRONCHO_11	0.00539659259886388	0.00251631859483116	0	0	0.00288027400403272	TRUE
LGALS9_CD45	GALECTIN	LGALS9	PTPRC	Secreted Signaling	barrier_inhibitory	high>low	LGALS9_CD45	GSE131907	BRONCHO_11	0.00640926363363371	0.00300386375111994	0	0	0.00340539988251377	TRUE
CXCL9_CXCR3	CXCL	CXCL9	CXCR3	Secreted Signaling	ifn_recruit	low>high	CXCL9_CXCR3	GSE131907	BRONCHO_11	0	0	1	1	0	FALSE
CXCL10_CXCR3	CXCL	CXCL10	CXCR3	Secreted Signaling	ifn_recruit	low>high	CXCL10_CXCR3	GSE131907	BRONCHO_11	0	0	1	1	0	FALSE
CCL5_CCR5	CCL	CCL5	CCR5	Secreted Signaling	ifn_recruit	low>high	CCL5_CCR5	GSE131907	BRONCHO_11	0	0	1	1	0	FALSE
CCL5_CCR1	CCL	CCL5	CCR1	Secreted Signaling	ifn_recruit	low>high	CCL5_CCR1	GSE131907	BRONCHO_11	0	0	1	1	0	FALSE
HLA-A_CD8A	MHC-I	HLA-A	CD8A	Cell-Cell Contact	ifn_recruit	low>high	HLA-A_CD8A	GSE131907	BRONCHO_11	0.00536414697280476	0.00309419577482679	0	0.33	0.00226995119797796	TRUE
HLA-B_CD8A	MHC-I	HLA-B	CD8A	Cell-Cell Contact	ifn_recruit	low>high	HLA-B_CD8A	GSE131907	BRONCHO_11	0.0060673305248823	0.00284008154387372	0	0.51	0.00322724898100858	TRUE
HLA-C_CD8A	MHC-I	HLA-C	CD8A	Cell-Cell Contact	ifn_recruit	low>high	HLA-C_CD8A	GSE131907	BRONCHO_11	0.00491581153938008	0.00214523948619995	0	0.61	0.00277057205318013	TRUE
JAM1_ITGAL_ITGB2	JAM	F11R	ITGAL_ITGB2	Cell-Cell Contact	barrier_inhibitory	high>low	JAM1_ITGAL_ITGB2	GSE131907	BRONCHO_58	0.000252220119293724	0	0	1	0.000252220119293724	TRUE
NECTIN2_TIGIT	NECTIN	NECTIN2	TIGIT	Cell-Cell Contact	barrier_inhibitory	high>low	NECTIN2_TIGIT	GSE131907	BRONCHO_58	0.00475837481535978	0.000892432950700964	0	0	0.00386594186465882	TRUE
CDH1_ITGAE_ITGB7	CDH1	CDH1	ITGAE_ITGB7	Cell-Cell Contact	barrier_inhibitory	high>low	CDH1_ITGAE_ITGB7	GSE131907	BRONCHO_58	0.000453757870122982	1.99714496342515e-05	0	0.41	0.00043378642048873	TRUE
CDH1_KLRG1	CDH1	CDH1	KLRG1	Cell-Cell Contact	barrier_inhibitory	high>low	CDH1_KLRG1	GSE131907	BRONCHO_58	0.000375062961857672	1.64978008693679e-05	0	0	0.000358565160988304	TRUE
LGALS9_HAVCR2	GALECTIN	LGALS9	HAVCR2	Secreted Signaling	barrier_inhibitory	high>low	LGALS9_HAVCR2	GSE131907	BRONCHO_58	2.5791582856844e-05	0	0	1	2.5791582856844e-05	TRUE
LGALS9_CD44	GALECTIN	LGALS9	CD44	Secreted Signaling	barrier_inhibitory	high>low	LGALS9_CD44	GSE131907	BRONCHO_58	0.000700011354458828	0	0	1	0.000700011354458828	TRUE
LGALS9_CD45	GALECTIN	LGALS9	PTPRC	Secreted Signaling	barrier_inhibitory	high>low	LGALS9_CD45	GSE131907	BRONCHO_58	0.000923246382623018	0	0	1	0.000923246382623018	TRUE
CXCL9_CXCR3	CXCL	CXCL9	CXCR3	Secreted Signaling	ifn_recruit	low>high	CXCL9_CXCR3	GSE131907	BRONCHO_58	0	0	1	1	0	FALSE
CXCL10_CXCR3	CXCL	CXCL10	CXCR3	Secreted Signaling	ifn_recruit	low>high	CXCL10_CXCR3	GSE131907	BRONCHO_58	0	0	1	1	0	FALSE
CCL5_CCR5	CCL	CCL5	CCR5	Secreted Signaling	ifn_recruit	low>high	CCL5_CCR5	GSE131907	BRONCHO_58	0	0	1	1	0	FALSE
CCL5_CCR1	CCL	CCL5	CCR1	Secreted Signaling	ifn_recruit	low>high	CCL5_CCR1	GSE131907	BRONCHO_58	0	0	1	1	0	FALSE
HLA-A_CD8A	MHC-I	HLA-A	CD8A	Cell-Cell Contact	ifn_recruit	low>high	HLA-A_CD8A	GSE131907	BRONCHO_58	0.012489467199014	0.0109997363917322	0	0	0.00148973080728184	TRUE
HLA-B_CD8A	MHC-I	HLA-B	CD8A	Cell-Cell Contact	ifn_recruit	low>high	HLA-B_CD8A	GSE131907	BRONCHO_58	0.0126480726400904	0.0104777049491288	0	0	0.00217036769096166	TRUE
HLA-C_CD8A	MHC-I	HLA-C	CD8A	Cell-Cell Contact	ifn_recruit	low>high	HLA-C_CD8A	GSE131907	BRONCHO_58	0.0115740460749888	0.0101031035096284	0	0	0.00147094256536041	TRUE
JAM1_ITGAL_ITGB2	JAM	F11R	ITGAL_ITGB2	Cell-Cell Contact	barrier_inhibitory	high>low	JAM1_ITGAL_ITGB2	GSE131907	EBUS_06	0.000454446333958882	3.68454277923622e-05	0	0	0.00041760090616652	TRUE
NECTIN2_TIGIT	NECTIN	NECTIN2	TIGIT	Cell-Cell Contact	barrier_inhibitory	high>low	NECTIN2_TIGIT	GSE131907	EBUS_06	0.000574208720451839	0.000132345329302707	0	0	0.000441863391149132	TRUE
CDH1_ITGAE_ITGB7	CDH1	CDH1	ITGAE_ITGB7	Cell-Cell Contact	barrier_inhibitory	high>low	CDH1_ITGAE_ITGB7	GSE131907	EBUS_06	0.000720591235901391	0.000139342520149414	0	0	0.000581248715751977	TRUE
CDH1_KLRG1	CDH1	CDH1	KLRG1	Cell-Cell Contact	barrier_inhibitory	high>low	CDH1_KLRG1	GSE131907	EBUS_06	0.000476430771957834	9.19645308172566e-05	0	0	0.000384466241140577	TRUE
LGALS9_HAVCR2	GALECTIN	LGALS9	HAVCR2	Secreted Signaling	barrier_inhibitory	high>low	LGALS9_HAVCR2	GSE131907	EBUS_06	0	0	1	1	0	FALSE
LGALS9_CD44	GALECTIN	LGALS9	CD44	Secreted Signaling	barrier_inhibitory	high>low	LGALS9_CD44	GSE131907	EBUS_06	0	0	1	1	0	FALSE
LGALS9_CD45	GALECTIN	LGALS9	PTPRC	Secreted Signaling	barrier_inhibitory	high>low	LGALS9_CD45	GSE131907	EBUS_06	0	0	1	1	0	FALSE
CXCL9_CXCR3	CXCL	CXCL9	CXCR3	Secreted Signaling	ifn_recruit	low>high	CXCL9_CXCR3	GSE131907	EBUS_06	0	0	1	1	0	FALSE
CXCL10_CXCR3	CXCL	CXCL10	CXCR3	Secreted Signaling	ifn_recruit	low>high	CXCL10_CXCR3	GSE131907	EBUS_06	0	0	1	1	0	FALSE
CCL5_CCR5	CCL	CCL5	CCR5	Secreted Signaling	ifn_recruit	low>high	CCL5_CCR5	GSE131907	EBUS_06	0	0	1	1	0	FALSE
CCL5_CCR1	CCL	CCL5	CCR1	Secreted Signaling	ifn_recruit	low>high	CCL5_CCR1	GSE131907	EBUS_06	0	0	1	1	0	FALSE
HLA-A_CD8A	MHC-I	HLA-A	CD8A	Cell-Cell Contact	ifn_recruit	low>high	HLA-A_CD8A	GSE131907	EBUS_06	9.61828473556815e-05	0	0.02	1	9.61828473556815e-05	TRUE
HLA-B_CD8A	MHC-I	HLA-B	CD8A	Cell-Cell Contact	ifn_recruit	low>high	HLA-B_CD8A	GSE131907	EBUS_06	0.000224941241973217	6.07990868141141e-05	0.01	0.04	0.000164142155159103	TRUE
HLA-C_CD8A	MHC-I	HLA-C	CD8A	Cell-Cell Contact	ifn_recruit	low>high	HLA-C_CD8A	GSE131907	EBUS_06	8.3495301606372e-05	0	0.02	1	8.3495301606372e-05	TRUE
JAM1_ITGAL_ITGB2	JAM	F11R	ITGAL_ITGB2	Cell-Cell Contact	barrier_inhibitory	high>low	JAM1_ITGAL_ITGB2	GSE131907	EBUS_10	0.000159112611306172	5.84147096117878e-05	0	0	0.000100697901694384	TRUE
NECTIN2_TIGIT	NECTIN	NECTIN2	TIGIT	Cell-Cell Contact	barrier_inhibitory	high>low	NECTIN2_TIGIT	GSE131907	EBUS_10	0.00155525873368571	0.000448256855910533	0	0	0.00110700187777517	TRUE
CDH1_ITGAE_ITGB7	CDH1	CDH1	ITGAE_ITGB7	Cell-Cell Contact	barrier_inhibitory	high>low	CDH1_ITGAE_ITGB7	GSE131907	EBUS_10	0.000125404298814495	3.98675209624322e-05	0	0	8.55367778520633e-05	TRUE
CDH1_KLRG1	CDH1	CDH1	KLRG1	Cell-Cell Contact	barrier_inhibitory	high>low	CDH1_KLRG1	GSE131907	EBUS_10	0	0	1	1	0	FALSE
LGALS9_HAVCR2	GALECTIN	LGALS9	HAVCR2	Secreted Signaling	barrier_inhibitory	high>low	LGALS9_HAVCR2	GSE131907	EBUS_10	1.60591772157036e-05	9.04818070785051e-06	0	0	7.01099650785311e-06	TRUE
LGALS9_CD44	GALECTIN	LGALS9	CD44	Secreted Signaling	barrier_inhibitory	high>low	LGALS9_CD44	GSE131907	EBUS_10	0.000424601407674323	0.000239574719588048	0	0.05	0.000185026688086275	TRUE
LGALS9_CD45	GALECTIN	LGALS9	PTPRC	Secreted Signaling	barrier_inhibitory	high>low	LGALS9_CD45	GSE131907	EBUS_10	0.000690499539260753	0.000389967115326293	0.01	0.06	0.00030053242393446	TRUE
CXCL9_CXCR3	CXCL	CXCL9	CXCR3	Secreted Signaling	ifn_recruit	low>high	CXCL9_CXCR3	GSE131907	EBUS_10	0	0	1	1	0	FALSE
CXCL10_CXCR3	CXCL	CXCL10	CXCR3	Secreted Signaling	ifn_recruit	low>high	CXCL10_CXCR3	GSE131907	EBUS_10	0	0	1	1	0	FALSE
CCL5_CCR5	CCL	CCL5	CCR5	Secreted Signaling	ifn_recruit	low>high	CCL5_CCR5	GSE131907	EBUS_10	0	0	1	1	0	FALSE
CCL5_CCR1	CCL	CCL5	CCR1	Secreted Signaling	ifn_recruit	low>high	CCL5_CCR1	GSE131907	EBUS_10	0	0	1	1	0	FALSE
HLA-A_CD8A	MHC-I	HLA-A	CD8A	Cell-Cell Contact	ifn_recruit	low>high	HLA-A_CD8A	GSE131907	EBUS_10	0.00475394758708631	0.00406910321727324	0	0	0.000684844369813073	TRUE
HLA-B_CD8A	MHC-I	HLA-B	CD8A	Cell-Cell Contact	ifn_recruit	low>high	HLA-B_CD8A	GSE131907	EBUS_10	0.00432764530603744	0.00351675683816761	0	0	0.000810888467869826	TRUE
HLA-C_CD8A	MHC-I	HLA-C	CD8A	Cell-Cell Contact	ifn_recruit	low>high	HLA-C_CD8A	GSE131907	EBUS_10	0.00360484972764939	0.00285239887031757	0	0	0.00075245085733182	TRUE
JAM1_ITGAL_ITGB2	JAM	F11R	ITGAL_ITGB2	Cell-Cell Contact	barrier_inhibitory	high>low	JAM1_ITGAL_ITGB2	GSE131907	EBUS_12	0.00066851316736119	0.000350762600407192	0	0	0.000317750566953998	TRUE
NECTIN2_TIGIT	NECTIN	NECTIN2	TIGIT	Cell-Cell Contact	barrier_inhibitory	high>low	NECTIN2_TIGIT	GSE131907	EBUS_12	0.0047705056428165	0.00252622699671567	0	0	0.00224427864610084	TRUE
CDH1_ITGAE_ITGB7	CDH1	CDH1	ITGAE_ITGB7	Cell-Cell Contact	barrier_inhibitory	high>low	CDH1_ITGAE_ITGB7	GSE131907	EBUS_12	0.00295251399668528	0.00196169806274588	0	0	0.000990815933939407	TRUE
CDH1_KLRG1	CDH1	CDH1	KLRG1	Cell-Cell Contact	barrier_inhibitory	high>low	CDH1_KLRG1	GSE131907	EBUS_12	0	0	1	1	0	FALSE
LGALS9_HAVCR2	GALECTIN	LGALS9	HAVCR2	Secreted Signaling	barrier_inhibitory	high>low	LGALS9_HAVCR2	GSE131907	EBUS_12	0.00199637176355002	0.00134166511009685	0	0	0.000654706653453172	TRUE
LGALS9_CD44	GALECTIN	LGALS9	CD44	Secreted Signaling	barrier_inhibitory	high>low	LGALS9_CD44	GSE131907	EBUS_12	0.00556255664246468	0.00377607758319729	0	0	0.00178647905926739	TRUE
LGALS9_CD45	GALECTIN	LGALS9	PTPRC	Secreted Signaling	barrier_inhibitory	high>low	LGALS9_CD45	GSE131907	EBUS_12	0.0103952812212781	0.00715462886767778	0	0	0.00324065235360028	TRUE
CXCL9_CXCR3	CXCL	CXCL9	CXCR3	Secreted Signaling	ifn_recruit	low>high	CXCL9_CXCR3	GSE131907	EBUS_12	0	0	1	1	0	FALSE
CXCL10_CXCR3	CXCL	CXCL10	CXCR3	Secreted Signaling	ifn_recruit	low>high	CXCL10_CXCR3	GSE131907	EBUS_12	1.46758622169749e-05	4.0335370412443e-05	0.01	0	-2.56595081954681e-05	TRUE
CCL5_CCR5	CCL	CCL5	CCR5	Secreted Signaling	ifn_recruit	low>high	CCL5_CCR5	GSE131907	EBUS_12	1.75470178643154e-06	1.09804863494109e-07	0.01	0.01	1.64489692293743e-06	TRUE
CCL5_CCR1	CCL	CCL5	CCR1	Secreted Signaling	ifn_recruit	low>high	CCL5_CCR1	GSE131907	EBUS_12	8.01299946752247e-06	5.01458257996719e-07	0.82	0.83	7.51154120952575e-06	TRUE
HLA-A_CD8A	MHC-I	HLA-A	CD8A	Cell-Cell Contact	ifn_recruit	low>high	HLA-A_CD8A	GSE131907	EBUS_12	0.000753784185296748	0.000708670886269223	0	0	4.51132990275252e-05	TRUE
HLA-B_CD8A	MHC-I	HLA-B	CD8A	Cell-Cell Contact	ifn_recruit	low>high	HLA-B_CD8A	GSE131907	EBUS_12	0.000800349571094847	0.000703142223058736	0	0	9.72073480361108e-05	TRUE
HLA-C_CD8A	MHC-I	HLA-C	CD8A	Cell-Cell Contact	ifn_recruit	low>high	HLA-C_CD8A	GSE131907	EBUS_12	0.000685935628194493	0.000569289755588628	0	0	0.000116645872605865	TRUE
JAM1_ITGAL_ITGB2	JAM	F11R	ITGAL_ITGB2	Cell-Cell Contact	barrier_inhibitory	high>low	JAM1_ITGAL_ITGB2	GSE131907	EBUS_13	7.34538811148314e-05	8.5174986937325e-05	0	0	-1.17211058224936e-05	TRUE
NECTIN2_TIGIT	NECTIN	NECTIN2	TIGIT	Cell-Cell Contact	barrier_inhibitory	high>low	NECTIN2_TIGIT	GSE131907	EBUS_13	0.000544272380975538	0.00041400260206379	0	0	0.000130269778911748	TRUE
CDH1_ITGAE_ITGB7	CDH1	CDH1	ITGAE_ITGB7	Cell-Cell Contact	barrier_inhibitory	high>low	CDH1_ITGAE_ITGB7	GSE131907	EBUS_13	0	0	1	1	0	FALSE
CDH1_KLRG1	CDH1	CDH1	KLRG1	Cell-Cell Contact	barrier_inhibitory	high>low	CDH1_KLRG1	GSE131907	EBUS_13	0	0	1	1	0	FALSE
LGALS9_HAVCR2	GALECTIN	LGALS9	HAVCR2	Secreted Signaling	barrier_inhibitory	high>low	LGALS9_HAVCR2	GSE131907	EBUS_13	0	0	1	1	0	FALSE
LGALS9_CD44	GALECTIN	LGALS9	CD44	Secreted Signaling	barrier_inhibitory	high>low	LGALS9_CD44	GSE131907	EBUS_13	5.05478576500596e-05	6.58537208252646e-06	0.92	0.99	4.39624855675331e-05	TRUE
LGALS9_CD45	GALECTIN	LGALS9	PTPRC	Secreted Signaling	barrier_inhibitory	high>low	LGALS9_CD45	GSE131907	EBUS_13	9.09043572599514e-05	1.18463454850906e-05	0.91	0.99	7.90580117748608e-05	TRUE
CXCL9_CXCR3	CXCL	CXCL9	CXCR3	Secreted Signaling	ifn_recruit	low>high	CXCL9_CXCR3	GSE131907	EBUS_13	0	0	1	1	0	FALSE
CXCL10_CXCR3	CXCL	CXCL10	CXCR3	Secreted Signaling	ifn_recruit	low>high	CXCL10_CXCR3	GSE131907	EBUS_13	4.79997921214395e-06	7.39666905022133e-06	0	0	-2.59668983807738e-06	TRUE
CCL5_CCR5	CCL	CCL5	CCR5	Secreted Signaling	ifn_recruit	low>high	CCL5_CCR5	GSE131907	EBUS_13	0	0	1	1	0	FALSE
CCL5_CCR1	CCL	CCL5	CCR1	Secreted Signaling	ifn_recruit	low>high	CCL5_CCR1	GSE131907	EBUS_13	0	0	1	1	0	FALSE
HLA-A_CD8A	MHC-I	HLA-A	CD8A	Cell-Cell Contact	ifn_recruit	low>high	HLA-A_CD8A	GSE131907	EBUS_13	0.000407998860181253	0.000323563922597282	0	0	8.44349375839712e-05	TRUE
HLA-B_CD8A	MHC-I	HLA-B	CD8A	Cell-Cell Contact	ifn_recruit	low>high	HLA-B_CD8A	GSE131907	EBUS_13	0.000238541837097209	0.000181872592362318	0	0	5.66692447348908e-05	TRUE
HLA-C_CD8A	MHC-I	HLA-C	CD8A	Cell-Cell Contact	ifn_recruit	low>high	HLA-C_CD8A	GSE131907	EBUS_13	0.000315542664124842	0.0002741000553243	0	0	4.14426088005418e-05	TRUE
JAM1_ITGAL_ITGB2	JAM	F11R	ITGAL_ITGB2	Cell-Cell Contact	barrier_inhibitory	high>low	JAM1_ITGAL_ITGB2	GSE131907	EBUS_15	0.00166183779894769	0	0	1	0.00166183779894769	TRUE
NECTIN2_TIGIT	NECTIN	NECTIN2	TIGIT	Cell-Cell Contact	barrier_inhibitory	high>low	NECTIN2_TIGIT	GSE131907	EBUS_15	0.00191763140776865	0.000225027120183939	0	0.03	0.00169260428758471	TRUE
CDH1_ITGAE_ITGB7	CDH1	CDH1	ITGAE_ITGB7	Cell-Cell Contact	barrier_inhibitory	high>low	CDH1_ITGAE_ITGB7	GSE131907	EBUS_15	0.00126401543233378	0.000227325930631016	0	0	0.00103668950170276	TRUE
CDH1_KLRG1	CDH1	CDH1	KLRG1	Cell-Cell Contact	barrier_inhibitory	high>low	CDH1_KLRG1	GSE131907	EBUS_15	0.00134331308434034	0.000241720709758484	0	0	0.00110159237458185	TRUE
LGALS9_HAVCR2	GALECTIN	LGALS9	HAVCR2	Secreted Signaling	barrier_inhibitory	high>low	LGALS9_HAVCR2	GSE131907	EBUS_15	0.000139176243117691	0	0	1	0.000139176243117691	TRUE
LGALS9_CD44	GALECTIN	LGALS9	CD44	Secreted Signaling	barrier_inhibitory	high>low	LGALS9_CD44	GSE131907	EBUS_15	0.000900135667597049	0	0	1	0.000900135667597049	TRUE
LGALS9_CD45	GALECTIN	LGALS9	PTPRC	Secreted Signaling	barrier_inhibitory	high>low	LGALS9_CD45	GSE131907	EBUS_15	0.00218645722404	0	0	1	0.00218645722404	TRUE
CXCL9_CXCR3	CXCL	CXCL9	CXCR3	Secreted Signaling	ifn_recruit	low>high	CXCL9_CXCR3	GSE131907	EBUS_15	0	0	1	1	0	FALSE
CXCL10_CXCR3	CXCL	CXCL10	CXCR3	Secreted Signaling	ifn_recruit	low>high	CXCL10_CXCR3	GSE131907	EBUS_15	2.27289451482864e-06	0	0	1	2.27289451482864e-06	TRUE
CCL5_CCR5	CCL	CCL5	CCR5	Secreted Signaling	ifn_recruit	low>high	CCL5_CCR5	GSE131907	EBUS_15	0	0	1	1	0	FALSE
CCL5_CCR1	CCL	CCL5	CCR1	Secreted Signaling	ifn_recruit	low>high	CCL5_CCR1	GSE131907	EBUS_15	0	0	1	1	0	FALSE
HLA-A_CD8A	MHC-I	HLA-A	CD8A	Cell-Cell Contact	ifn_recruit	low>high	HLA-A_CD8A	GSE131907	EBUS_15	0.00685035005389457	0.00517157790085899	0	0	0.00167877215303557	TRUE
HLA-B_CD8A	MHC-I	HLA-B	CD8A	Cell-Cell Contact	ifn_recruit	low>high	HLA-B_CD8A	GSE131907	EBUS_15	0.00731998485414086	0.00571757370182951	0	0	0.00160241115231135	TRUE
HLA-C_CD8A	MHC-I	HLA-C	CD8A	Cell-Cell Contact	ifn_recruit	low>high	HLA-C_CD8A	GSE131907	EBUS_15	0.00577131930344764	0.00417248631671158	0	0	0.00159883298673606	TRUE
JAM1_ITGAL_ITGB2	JAM	F11R	ITGAL_ITGB2	Cell-Cell Contact	barrier_inhibitory	high>low	JAM1_ITGAL_ITGB2	GSE131907	EBUS_19	0.00196897946611013	0.00191133657757396	0	0	5.76428885361692e-05	TRUE
NECTIN2_TIGIT	NECTIN	NECTIN2	TIGIT	Cell-Cell Contact	barrier_inhibitory	high>low	NECTIN2_TIGIT	GSE131907	EBUS_19	0.000705465329897502	0.0005853731471366	0	0	0.000120092182760902	TRUE
CDH1_ITGAE_ITGB7	CDH1	CDH1	ITGAE_ITGB7	Cell-Cell Contact	barrier_inhibitory	high>low	CDH1_ITGAE_ITGB7	GSE131907	EBUS_19	0.00279148640666541	0.00160707786531062	0	0	0.0011844085413548	TRUE
CDH1_KLRG1	CDH1	CDH1	KLRG1	Cell-Cell Contact	barrier_inhibitory	high>low	CDH1_KLRG1	GSE131907	EBUS_19	0.00243874653859969	0.00140211353506552	0	0	0.00103663300353417	TRUE
LGALS9_HAVCR2	GALECTIN	LGALS9	HAVCR2	Secreted Signaling	barrier_inhibitory	high>low	LGALS9_HAVCR2	GSE131907	EBUS_19	0	0	1	1	0	FALSE
LGALS9_CD44	GALECTIN	LGALS9	CD44	Secreted Signaling	barrier_inhibitory	high>low	LGALS9_CD44	GSE131907	EBUS_19	0.00552131442474203	0.00338282142062666	0	0	0.00213849300411537	TRUE
LGALS9_CD45	GALECTIN	LGALS9	PTPRC	Secreted Signaling	barrier_inhibitory	high>low	LGALS9_CD45	GSE131907	EBUS_19	0.00883877726261944	0.00548038357931579	0	0	0.00335839368330365	TRUE
CXCL9_CXCR3	CXCL	CXCL9	CXCR3	Secreted Signaling	ifn_recruit	low>high	CXCL9_CXCR3	GSE131907	EBUS_19	0	0	1	1	0	FALSE
CXCL10_CXCR3	CXCL	CXCL10	CXCR3	Secreted Signaling	ifn_recruit	low>high	CXCL10_CXCR3	GSE131907	EBUS_19	0	1.50106701432495e-05	1	0	-1.50106701432495e-05	TRUE
CCL5_CCR5	CCL	CCL5	CCR5	Secreted Signaling	ifn_recruit	low>high	CCL5_CCR5	GSE131907	EBUS_19	0	0	1	1	0	FALSE
CCL5_CCR1	CCL	CCL5	CCR1	Secreted Signaling	ifn_recruit	low>high	CCL5_CCR1	GSE131907	EBUS_19	0	0	1	1	0	FALSE
HLA-A_CD8A	MHC-I	HLA-A	CD8A	Cell-Cell Contact	ifn_recruit	low>high	HLA-A_CD8A	GSE131907	EBUS_19	0.00716906622074213	0.0062908416932613	0	0.02	0.000878224527480832	TRUE
HLA-B_CD8A	MHC-I	HLA-B	CD8A	Cell-Cell Contact	ifn_recruit	low>high	HLA-B_CD8A	GSE131907	EBUS_19	0.00679936817593559	0.00594179579417809	0	0.06	0.000857572381757496	TRUE
HLA-C_CD8A	MHC-I	HLA-C	CD8A	Cell-Cell Contact	ifn_recruit	low>high	HLA-C_CD8A	GSE131907	EBUS_19	0.00655052212994636	0.00644343808177356	0.01	0.02	0.0001070840481728	TRUE
JAM1_ITGAL_ITGB2	JAM	F11R	ITGAL_ITGB2	Cell-Cell Contact	barrier_inhibitory	high>low	JAM1_ITGAL_ITGB2	GSE131907	EBUS_28	0	0	1	1	0	FALSE
NECTIN2_TIGIT	NECTIN	NECTIN2	TIGIT	Cell-Cell Contact	barrier_inhibitory	high>low	NECTIN2_TIGIT	GSE131907	EBUS_28	0.000447287126324953	0.00042103349892731	0	0	2.62536273976423e-05	TRUE
CDH1_ITGAE_ITGB7	CDH1	CDH1	ITGAE_ITGB7	Cell-Cell Contact	barrier_inhibitory	high>low	CDH1_ITGAE_ITGB7	GSE131907	EBUS_28	0	0	1	1	0	FALSE
CDH1_KLRG1	CDH1	CDH1	KLRG1	Cell-Cell Contact	barrier_inhibitory	high>low	CDH1_KLRG1	GSE131907	EBUS_28	0	0	1	1	0	FALSE
LGALS9_HAVCR2	GALECTIN	LGALS9	HAVCR2	Secreted Signaling	barrier_inhibitory	high>low	LGALS9_HAVCR2	GSE131907	EBUS_28	0	0	1	1	0	FALSE
LGALS9_CD44	GALECTIN	LGALS9	CD44	Secreted Signaling	barrier_inhibitory	high>low	LGALS9_CD44	GSE131907	EBUS_28	0.00140364622596847	0.000462093458796975	0	0	0.000941552767171496	TRUE
LGALS9_CD45	GALECTIN	LGALS9	PTPRC	Secreted Signaling	barrier_inhibitory	high>low	LGALS9_CD45	GSE131907	EBUS_28	0.00131297659253064	0.000432004670317406	0	0	0.000880971922213236	TRUE
CXCL9_CXCR3	CXCL	CXCL9	CXCR3	Secreted Signaling	ifn_recruit	low>high	CXCL9_CXCR3	GSE131907	EBUS_28	0	0	1	1	0	FALSE
CXCL10_CXCR3	CXCL	CXCL10	CXCR3	Secreted Signaling	ifn_recruit	low>high	CXCL10_CXCR3	GSE131907	EBUS_28	0	0	1	1	0	FALSE
CCL5_CCR5	CCL	CCL5	CCR5	Secreted Signaling	ifn_recruit	low>high	CCL5_CCR5	GSE131907	EBUS_28	0	0	1	1	0	FALSE
CCL5_CCR1	CCL	CCL5	CCR1	Secreted Signaling	ifn_recruit	low>high	CCL5_CCR1	GSE131907	EBUS_28	0	0	1	1	0	FALSE
HLA-A_CD8A	MHC-I	HLA-A	CD8A	Cell-Cell Contact	ifn_recruit	low>high	HLA-A_CD8A	GSE131907	EBUS_28	0.00475813653878819	0.00405381669042067	0	0	0.000704319848367514	TRUE
HLA-B_CD8A	MHC-I	HLA-B	CD8A	Cell-Cell Contact	ifn_recruit	low>high	HLA-B_CD8A	GSE131907	EBUS_28	0.00471593819031749	0.0041675523760567	0	0	0.000548385814260787	TRUE
HLA-C_CD8A	MHC-I	HLA-C	CD8A	Cell-Cell Contact	ifn_recruit	low>high	HLA-C_CD8A	GSE131907	EBUS_28	0.00412781470011097	0.00328764684999509	0	0	0.000840167850115876	TRUE
JAM1_ITGAL_ITGB2	JAM	F11R	ITGAL_ITGB2	Cell-Cell Contact	barrier_inhibitory	high>low	JAM1_ITGAL_ITGB2	GSE131907	EBUS_49	0.00200116573855452	0	0	1	0.00200116573855452	TRUE
NECTIN2_TIGIT	NECTIN	NECTIN2	TIGIT	Cell-Cell Contact	barrier_inhibitory	high>low	NECTIN2_TIGIT	GSE131907	EBUS_49	0.000234725173823634	0	0	1	0.000234725173823634	TRUE
CDH1_ITGAE_ITGB7	CDH1	CDH1	ITGAE_ITGB7	Cell-Cell Contact	barrier_inhibitory	high>low	CDH1_ITGAE_ITGB7	GSE131907	EBUS_49	0.000394741318980744	0	0	1	0.000394741318980744	TRUE
CDH1_KLRG1	CDH1	CDH1	KLRG1	Cell-Cell Contact	barrier_inhibitory	high>low	CDH1_KLRG1	GSE131907	EBUS_49	0.00136091693016005	0	0	1	0.00136091693016005	TRUE
LGALS9_HAVCR2	GALECTIN	LGALS9	HAVCR2	Secreted Signaling	barrier_inhibitory	high>low	LGALS9_HAVCR2	GSE131907	EBUS_49	0	0	1	1	0	FALSE
LGALS9_CD44	GALECTIN	LGALS9	CD44	Secreted Signaling	barrier_inhibitory	high>low	LGALS9_CD44	GSE131907	EBUS_49	0	0	1	1	0	FALSE
LGALS9_CD45	GALECTIN	LGALS9	PTPRC	Secreted Signaling	barrier_inhibitory	high>low	LGALS9_CD45	GSE131907	EBUS_49	0	0	1	1	0	FALSE
CXCL9_CXCR3	CXCL	CXCL9	CXCR3	Secreted Signaling	ifn_recruit	low>high	CXCL9_CXCR3	GSE131907	EBUS_49	0	0	1	1	0	FALSE
CXCL10_CXCR3	CXCL	CXCL10	CXCR3	Secreted Signaling	ifn_recruit	low>high	CXCL10_CXCR3	GSE131907	EBUS_49	0	0	1	1	0	FALSE
CCL5_CCR5	CCL	CCL5	CCR5	Secreted Signaling	ifn_recruit	low>high	CCL5_CCR5	GSE131907	EBUS_49	0	0	1	1	0	FALSE
CCL5_CCR1	CCL	CCL5	CCR1	Secreted Signaling	ifn_recruit	low>high	CCL5_CCR1	GSE131907	EBUS_49	0	0	1	1	0	FALSE
HLA-A_CD8A	MHC-I	HLA-A	CD8A	Cell-Cell Contact	ifn_recruit	low>high	HLA-A_CD8A	GSE131907	EBUS_49	0.00115041606691129	0.000291544003663383	1	1	0.000858872063247903	TRUE
HLA-B_CD8A	MHC-I	HLA-B	CD8A	Cell-Cell Contact	ifn_recruit	low>high	HLA-B_CD8A	GSE131907	EBUS_49	0.00191999153608633	0.000632826901291678	1	1	0.00128716463479465	TRUE
HLA-C_CD8A	MHC-I	HLA-C	CD8A	Cell-Cell Contact	ifn_recruit	low>high	HLA-C_CD8A	GSE131907	EBUS_49	0.00186961721644817	0.000399831030724187	1	1	0.00146978618572398	TRUE
JAM1_ITGAL_ITGB2	JAM	F11R	ITGAL_ITGB2	Cell-Cell Contact	barrier_inhibitory	high>low	JAM1_ITGAL_ITGB2	GSE131907	EBUS_51	0	0	1	1	0	FALSE
NECTIN2_TIGIT	NECTIN	NECTIN2	TIGIT	Cell-Cell Contact	barrier_inhibitory	high>low	NECTIN2_TIGIT	GSE131907	EBUS_51	0.000752984985533469	0.000379122222564205	0	0	0.000373862762969263	TRUE
CDH1_ITGAE_ITGB7	CDH1	CDH1	ITGAE_ITGB7	Cell-Cell Contact	barrier_inhibitory	high>low	CDH1_ITGAE_ITGB7	GSE131907	EBUS_51	0	0	1	1	0	FALSE
CDH1_KLRG1	CDH1	CDH1	KLRG1	Cell-Cell Contact	barrier_inhibitory	high>low	CDH1_KLRG1	GSE131907	EBUS_51	0	0	1	1	0	FALSE
LGALS9_HAVCR2	GALECTIN	LGALS9	HAVCR2	Secreted Signaling	barrier_inhibitory	high>low	LGALS9_HAVCR2	GSE131907	EBUS_51	0	0	1	1	0	FALSE
LGALS9_CD44	GALECTIN	LGALS9	CD44	Secreted Signaling	barrier_inhibitory	high>low	LGALS9_CD44	GSE131907	EBUS_51	0.00196820218110382	0.000978358318202018	0	0.91	0.000989843862901799	TRUE
LGALS9_CD45	GALECTIN	LGALS9	PTPRC	Secreted Signaling	barrier_inhibitory	high>low	LGALS9_CD45	GSE131907	EBUS_51	0.0039125404521491	0.00196243633465639	0	0	0.0019501041174927	TRUE
CXCL9_CXCR3	CXCL	CXCL9	CXCR3	Secreted Signaling	ifn_recruit	low>high	CXCL9_CXCR3	GSE131907	EBUS_51	0	0	1	1	0	FALSE
CXCL10_CXCR3	CXCL	CXCL10	CXCR3	Secreted Signaling	ifn_recruit	low>high	CXCL10_CXCR3	GSE131907	EBUS_51	0	0	1	1	0	FALSE
CCL5_CCR5	CCL	CCL5	CCR5	Secreted Signaling	ifn_recruit	low>high	CCL5_CCR5	GSE131907	EBUS_51	0	0	1	1	0	FALSE
CCL5_CCR1	CCL	CCL5	CCR1	Secreted Signaling	ifn_recruit	low>high	CCL5_CCR1	GSE131907	EBUS_51	0	0	1	1	0	FALSE
HLA-A_CD8A	MHC-I	HLA-A	CD8A	Cell-Cell Contact	ifn_recruit	low>high	HLA-A_CD8A	GSE131907	EBUS_51	0	0	1	1	0	FALSE
HLA-B_CD8A	MHC-I	HLA-B	CD8A	Cell-Cell Contact	ifn_recruit	low>high	HLA-B_CD8A	GSE131907	EBUS_51	0	0	1	1	0	FALSE
HLA-C_CD8A	MHC-I	HLA-C	CD8A	Cell-Cell Contact	ifn_recruit	low>high	HLA-C_CD8A	GSE131907	EBUS_51	0	0	1	1	0	FALSE
JAM1_ITGAL_ITGB2	JAM	F11R	ITGAL_ITGB2	Cell-Cell Contact	barrier_inhibitory	high>low	JAM1_ITGAL_ITGB2	GSE131907	NS_02	0	0	1	1	0	FALSE
NECTIN2_TIGIT	NECTIN	NECTIN2	TIGIT	Cell-Cell Contact	barrier_inhibitory	high>low	NECTIN2_TIGIT	GSE131907	NS_02	0.00015034145713466	2.46045919696252e-05	0	0	0.000125736865165035	TRUE
CDH1_ITGAE_ITGB7	CDH1	CDH1	ITGAE_ITGB7	Cell-Cell Contact	barrier_inhibitory	high>low	CDH1_ITGAE_ITGB7	GSE131907	NS_02	0.000143021367304401	3.78035621219717e-05	0	0	0.000105217805182429	TRUE
CDH1_KLRG1	CDH1	CDH1	KLRG1	Cell-Cell Contact	barrier_inhibitory	high>low	CDH1_KLRG1	GSE131907	NS_02	0	0	1	1	0	FALSE
LGALS9_HAVCR2	GALECTIN	LGALS9	HAVCR2	Secreted Signaling	barrier_inhibitory	high>low	LGALS9_HAVCR2	GSE131907	NS_02	6.56310291764589e-05	0	0	1	6.56310291764589e-05	TRUE
LGALS9_CD44	GALECTIN	LGALS9	CD44	Secreted Signaling	barrier_inhibitory	high>low	LGALS9_CD44	GSE131907	NS_02	0.000685624371418311	0	0	1	0.000685624371418311	TRUE
LGALS9_CD45	GALECTIN	LGALS9	PTPRC	Secreted Signaling	barrier_inhibitory	high>low	LGALS9_CD45	GSE131907	NS_02	0.00101996667576683	0	0	1	0.00101996667576683	TRUE
CXCL9_CXCR3	CXCL	CXCL9	CXCR3	Secreted Signaling	ifn_recruit	low>high	CXCL9_CXCR3	GSE131907	NS_02	0	0	1	1	0	FALSE
CXCL10_CXCR3	CXCL	CXCL10	CXCR3	Secreted Signaling	ifn_recruit	low>high	CXCL10_CXCR3	GSE131907	NS_02	0	0	1	1	0	FALSE
CCL5_CCR5	CCL	CCL5	CCR5	Secreted Signaling	ifn_recruit	low>high	CCL5_CCR5	GSE131907	NS_02	0	0	1	1	0	FALSE
CCL5_CCR1	CCL	CCL5	CCR1	Secreted Signaling	ifn_recruit	low>high	CCL5_CCR1	GSE131907	NS_02	0	0	1	1	0	FALSE
HLA-A_CD8A	MHC-I	HLA-A	CD8A	Cell-Cell Contact	ifn_recruit	low>high	HLA-A_CD8A	GSE131907	NS_02	0.000317206002354357	0.000193867831519495	0.02	0.02	0.000123338170834862	TRUE
HLA-B_CD8A	MHC-I	HLA-B	CD8A	Cell-Cell Contact	ifn_recruit	low>high	HLA-B_CD8A	GSE131907	NS_02	0.000273153764657459	0.000107292785793903	0.02	0.02	0.000165860978863556	TRUE
HLA-C_CD8A	MHC-I	HLA-C	CD8A	Cell-Cell Contact	ifn_recruit	low>high	HLA-C_CD8A	GSE131907	NS_02	0.000321975527752481	0.000145430368218193	0	0.02	0.000176545159534288	TRUE
JAM1_ITGAL_ITGB2	JAM	F11R	ITGAL_ITGB2	Cell-Cell Contact	barrier_inhibitory	high>low	JAM1_ITGAL_ITGB2	GSE131907	NS_03	0.00127033602392166	0.000737800173931068	0	0	0.000532535849990594	TRUE
NECTIN2_TIGIT	NECTIN	NECTIN2	TIGIT	Cell-Cell Contact	barrier_inhibitory	high>low	NECTIN2_TIGIT	GSE131907	NS_03	0.000770399648420676	0.000250621535806979	0	0	0.000519778112613696	TRUE
CDH1_ITGAE_ITGB7	CDH1	CDH1	ITGAE_ITGB7	Cell-Cell Contact	barrier_inhibitory	high>low	CDH1_ITGAE_ITGB7	GSE131907	NS_03	0.00157151664049317	0.00093842959434587	0	0	0.000633087046147303	TRUE
CDH1_KLRG1	CDH1	CDH1	KLRG1	Cell-Cell Contact	barrier_inhibitory	high>low	CDH1_KLRG1	GSE131907	NS_03	0.000607259887893271	0.00036116419527062	0	0	0.00024609569262265	TRUE
LGALS9_HAVCR2	GALECTIN	LGALS9	HAVCR2	Secreted Signaling	barrier_inhibitory	high>low	LGALS9_HAVCR2	GSE131907	NS_03	0	0	1	1	0	FALSE
LGALS9_CD44	GALECTIN	LGALS9	CD44	Secreted Signaling	barrier_inhibitory	high>low	LGALS9_CD44	GSE131907	NS_03	0.000184895953961698	1.7330306396665e-05	0.01	0.89	0.000167565647565033	TRUE
LGALS9_CD45	GALECTIN	LGALS9	PTPRC	Secreted Signaling	barrier_inhibitory	high>low	LGALS9_CD45	GSE131907	NS_03	0.000318758165120079	2.99144581502471e-05	0	0.01	0.000288843706969832	TRUE
CXCL9_CXCR3	CXCL	CXCL9	CXCR3	Secreted Signaling	ifn_recruit	low>high	CXCL9_CXCR3	GSE131907	NS_03	0	0	1	1	0	FALSE
CXCL10_CXCR3	CXCL	CXCL10	CXCR3	Secreted Signaling	ifn_recruit	low>high	CXCL10_CXCR3	GSE131907	NS_03	0	0	1	1	0	FALSE
CCL5_CCR5	CCL	CCL5	CCR5	Secreted Signaling	ifn_recruit	low>high	CCL5_CCR5	GSE131907	NS_03	0	0	1	1	0	FALSE
CCL5_CCR1	CCL	CCL5	CCR1	Secreted Signaling	ifn_recruit	low>high	CCL5_CCR1	GSE131907	NS_03	0	0	1	1	0	FALSE
HLA-A_CD8A	MHC-I	HLA-A	CD8A	Cell-Cell Contact	ifn_recruit	low>high	HLA-A_CD8A	GSE131907	NS_03	0.00399693958137329	0.00350241431455291	0	0	0.000494525266820381	TRUE
HLA-B_CD8A	MHC-I	HLA-B	CD8A	Cell-Cell Contact	ifn_recruit	low>high	HLA-B_CD8A	GSE131907	NS_03	0.0034879777237282	0.00309421022245479	0	0	0.000393767501273411	TRUE
HLA-C_CD8A	MHC-I	HLA-C	CD8A	Cell-Cell Contact	ifn_recruit	low>high	HLA-C_CD8A	GSE131907	NS_03	0.00320405870614229	0.00283533592841456	0	0	0.000368722777727731	TRUE
JAM1_ITGAL_ITGB2	JAM	F11R	ITGAL_ITGB2	Cell-Cell Contact	barrier_inhibitory	high>low	JAM1_ITGAL_ITGB2	GSE131907	NS_04	0	0	1	1	0	FALSE
NECTIN2_TIGIT	NECTIN	NECTIN2	TIGIT	Cell-Cell Contact	barrier_inhibitory	high>low	NECTIN2_TIGIT	GSE131907	NS_04	0.000713374302062903	0.000234295885479278	0	0	0.000479078416583625	TRUE
CDH1_ITGAE_ITGB7	CDH1	CDH1	ITGAE_ITGB7	Cell-Cell Contact	barrier_inhibitory	high>low	CDH1_ITGAE_ITGB7	GSE131907	NS_04	0.000946035490175971	0.000489936690149778	0	0	0.000456098800026193	TRUE
CDH1_KLRG1	CDH1	CDH1	KLRG1	Cell-Cell Contact	barrier_inhibitory	high>low	CDH1_KLRG1	GSE131907	NS_04	0	0	1	1	0	FALSE
LGALS9_HAVCR2	GALECTIN	LGALS9	HAVCR2	Secreted Signaling	barrier_inhibitory	high>low	LGALS9_HAVCR2	GSE131907	NS_04	0.000203708169074374	0.000127298282807821	0	0	7.64098862665531e-05	TRUE
LGALS9_CD44	GALECTIN	LGALS9	CD44	Secreted Signaling	barrier_inhibitory	high>low	LGALS9_CD44	GSE131907	NS_04	0.00357897583457559	0.00226748278209311	0	0	0.00131149305248248	TRUE
LGALS9_CD45	GALECTIN	LGALS9	PTPRC	Secreted Signaling	barrier_inhibitory	high>low	LGALS9_CD45	GSE131907	NS_04	0.00340043283230417	0.00215278922076168	0	0	0.0012476436115425	TRUE
CXCL9_CXCR3	CXCL	CXCL9	CXCR3	Secreted Signaling	ifn_recruit	low>high	CXCL9_CXCR3	GSE131907	NS_04	0	0	1	1	0	FALSE
CXCL10_CXCR3	CXCL	CXCL10	CXCR3	Secreted Signaling	ifn_recruit	low>high	CXCL10_CXCR3	GSE131907	NS_04	0	0	1	1	0	FALSE
CCL5_CCR5	CCL	CCL5	CCR5	Secreted Signaling	ifn_recruit	low>high	CCL5_CCR5	GSE131907	NS_04	0	0	1	1	0	FALSE
CCL5_CCR1	CCL	CCL5	CCR1	Secreted Signaling	ifn_recruit	low>high	CCL5_CCR1	GSE131907	NS_04	0	0	1	1	0	FALSE
HLA-A_CD8A	MHC-I	HLA-A	CD8A	Cell-Cell Contact	ifn_recruit	low>high	HLA-A_CD8A	GSE131907	NS_04	0.0024522325618481	0.00204666739336295	0	0	0.000405565168485143	TRUE
HLA-B_CD8A	MHC-I	HLA-B	CD8A	Cell-Cell Contact	ifn_recruit	low>high	HLA-B_CD8A	GSE131907	NS_04	0.00238322708621466	0.00184934387796632	0	0	0.000533883208248344	TRUE
HLA-C_CD8A	MHC-I	HLA-C	CD8A	Cell-Cell Contact	ifn_recruit	low>high	HLA-C_CD8A	GSE131907	NS_04	0.00302459928351153	0.00257268967447737	0	0	0.000451909609034164	TRUE
JAM1_ITGAL_ITGB2	JAM	F11R	ITGAL_ITGB2	Cell-Cell Contact	barrier_inhibitory	high>low	JAM1_ITGAL_ITGB2	GSE131907	NS_06	0.000300979177729769	0	0.01	1	0.000300979177729769	TRUE
NECTIN2_TIGIT	NECTIN	NECTIN2	TIGIT	Cell-Cell Contact	barrier_inhibitory	high>low	NECTIN2_TIGIT	GSE131907	NS_06	0.00103558510935173	0.000648062622340366	0	0	0.000387522487011368	TRUE
CDH1_ITGAE_ITGB7	CDH1	CDH1	ITGAE_ITGB7	Cell-Cell Contact	barrier_inhibitory	high>low	CDH1_ITGAE_ITGB7	GSE131907	NS_06	0.000324392447496683	0	0	1	0.000324392447496683	TRUE
CDH1_KLRG1	CDH1	CDH1	KLRG1	Cell-Cell Contact	barrier_inhibitory	high>low	CDH1_KLRG1	GSE131907	NS_06	0	0	1	1	0	FALSE
LGALS9_HAVCR2	GALECTIN	LGALS9	HAVCR2	Secreted Signaling	barrier_inhibitory	high>low	LGALS9_HAVCR2	GSE131907	NS_06	0	0	1	1	0	FALSE
LGALS9_CD44	GALECTIN	LGALS9	CD44	Secreted Signaling	barrier_inhibitory	high>low	LGALS9_CD44	GSE131907	NS_06	0	0	1	1	0	FALSE
LGALS9_CD45	GALECTIN	LGALS9	PTPRC	Secreted Signaling	barrier_inhibitory	high>low	LGALS9_CD45	GSE131907	NS_06	0	0	1	1	0	FALSE
CXCL9_CXCR3	CXCL	CXCL9	CXCR3	Secreted Signaling	ifn_recruit	low>high	CXCL9_CXCR3	GSE131907	NS_06	0	0	1	1	0	FALSE
CXCL10_CXCR3	CXCL	CXCL10	CXCR3	Secreted Signaling	ifn_recruit	low>high	CXCL10_CXCR3	GSE131907	NS_06	5.45531265359921e-05	0	0	1	5.45531265359921e-05	TRUE
CCL5_CCR5	CCL	CCL5	CCR5	Secreted Signaling	ifn_recruit	low>high	CCL5_CCR5	GSE131907	NS_06	3.75197516556634e-05	0	1	1	3.75197516556634e-05	TRUE
CCL5_CCR1	CCL	CCL5	CCR1	Secreted Signaling	ifn_recruit	low>high	CCL5_CCR1	GSE131907	NS_06	4.53934466109873e-05	0	1	1	4.53934466109873e-05	TRUE
HLA-A_CD8A	MHC-I	HLA-A	CD8A	Cell-Cell Contact	ifn_recruit	low>high	HLA-A_CD8A	GSE131907	NS_06	0.0145482610385342	0.0125195842725074	0.12	0.99	0.00202867676602684	TRUE
HLA-B_CD8A	MHC-I	HLA-B	CD8A	Cell-Cell Contact	ifn_recruit	low>high	HLA-B_CD8A	GSE131907	NS_06	0.0147468706064452	0.0121086556808086	0.01	0.98	0.00263821492563659	TRUE
HLA-C_CD8A	MHC-I	HLA-C	CD8A	Cell-Cell Contact	ifn_recruit	low>high	HLA-C_CD8A	GSE131907	NS_06	0.0123252271452883	0.0105321674613935	0.93	1	0.00179305968389481	TRUE
JAM1_ITGAL_ITGB2	JAM	F11R	ITGAL_ITGB2	Cell-Cell Contact	barrier_inhibitory	high>low	JAM1_ITGAL_ITGB2	GSE131907	NS_07	0	0	1	1	0	FALSE
NECTIN2_TIGIT	NECTIN	NECTIN2	TIGIT	Cell-Cell Contact	barrier_inhibitory	high>low	NECTIN2_TIGIT	GSE131907	NS_07	0	0	1	1	0	FALSE
CDH1_ITGAE_ITGB7	CDH1	CDH1	ITGAE_ITGB7	Cell-Cell Contact	barrier_inhibitory	high>low	CDH1_ITGAE_ITGB7	GSE131907	NS_07	0	0	1	1	0	FALSE
CDH1_KLRG1	CDH1	CDH1	KLRG1	Cell-Cell Contact	barrier_inhibitory	high>low	CDH1_KLRG1	GSE131907	NS_07	0	0	1	1	0	FALSE
LGALS9_HAVCR2	GALECTIN	LGALS9	HAVCR2	Secreted Signaling	barrier_inhibitory	high>low	LGALS9_HAVCR2	GSE131907	NS_07	0	0	1	1	0	FALSE
LGALS9_CD44	GALECTIN	LGALS9	CD44	Secreted Signaling	barrier_inhibitory	high>low	LGALS9_CD44	GSE131907	NS_07	0	0	1	1	0	FALSE
LGALS9_CD45	GALECTIN	LGALS9	PTPRC	Secreted Signaling	barrier_inhibitory	high>low	LGALS9_CD45	GSE131907	NS_07	0	0	1	1	0	FALSE
CXCL9_CXCR3	CXCL	CXCL9	CXCR3	Secreted Signaling	ifn_recruit	low>high	CXCL9_CXCR3	GSE131907	NS_07	0	0	1	1	0	FALSE
CXCL10_CXCR3	CXCL	CXCL10	CXCR3	Secreted Signaling	ifn_recruit	low>high	CXCL10_CXCR3	GSE131907	NS_07	0	0	1	1	0	FALSE
CCL5_CCR5	CCL	CCL5	CCR5	Secreted Signaling	ifn_recruit	low>high	CCL5_CCR5	GSE131907	NS_07	0	0	1	1	0	FALSE
CCL5_CCR1	CCL	CCL5	CCR1	Secreted Signaling	ifn_recruit	low>high	CCL5_CCR1	GSE131907	NS_07	0	0	1	1	0	FALSE
HLA-A_CD8A	MHC-I	HLA-A	CD8A	Cell-Cell Contact	ifn_recruit	low>high	HLA-A_CD8A	GSE131907	NS_07	0	0	1	1	0	FALSE
HLA-B_CD8A	MHC-I	HLA-B	CD8A	Cell-Cell Contact	ifn_recruit	low>high	HLA-B_CD8A	GSE131907	NS_07	0	0	1	1	0	FALSE
HLA-C_CD8A	MHC-I	HLA-C	CD8A	Cell-Cell Contact	ifn_recruit	low>high	HLA-C_CD8A	GSE131907	NS_07	0	0	1	1	0	FALSE
JAM1_ITGAL_ITGB2	JAM	F11R	ITGAL_ITGB2	Cell-Cell Contact	barrier_inhibitory	high>low	JAM1_ITGAL_ITGB2	GSE131907	NS_12	0	0	1	1	0	FALSE
NECTIN2_TIGIT	NECTIN	NECTIN2	TIGIT	Cell-Cell Contact	barrier_inhibitory	high>low	NECTIN2_TIGIT	GSE131907	NS_12	0	0	1	1	0	FALSE
CDH1_ITGAE_ITGB7	CDH1	CDH1	ITGAE_ITGB7	Cell-Cell Contact	barrier_inhibitory	high>low	CDH1_ITGAE_ITGB7	GSE131907	NS_12	0	0	1	1	0	FALSE
CDH1_KLRG1	CDH1	CDH1	KLRG1	Cell-Cell Contact	barrier_inhibitory	high>low	CDH1_KLRG1	GSE131907	NS_12	0	0	1	1	0	FALSE
LGALS9_HAVCR2	GALECTIN	LGALS9	HAVCR2	Secreted Signaling	barrier_inhibitory	high>low	LGALS9_HAVCR2	GSE131907	NS_12	0	1.11839973166465e-06	1	0	-1.11839973166465e-06	TRUE
LGALS9_CD44	GALECTIN	LGALS9	CD44	Secreted Signaling	barrier_inhibitory	high>low	LGALS9_CD44	GSE131907	NS_12	0	5.50880596901061e-06	1	0	-5.50880596901061e-06	TRUE
LGALS9_CD45	GALECTIN	LGALS9	PTPRC	Secreted Signaling	barrier_inhibitory	high>low	LGALS9_CD45	GSE131907	NS_12	0	5.95522175130833e-06	1	0	-5.95522175130833e-06	TRUE
CXCL9_CXCR3	CXCL	CXCL9	CXCR3	Secreted Signaling	ifn_recruit	low>high	CXCL9_CXCR3	GSE131907	NS_12	0	0	1	1	0	FALSE
CXCL10_CXCR3	CXCL	CXCL10	CXCR3	Secreted Signaling	ifn_recruit	low>high	CXCL10_CXCR3	GSE131907	NS_12	0	0	1	1	0	FALSE
CCL5_CCR5	CCL	CCL5	CCR5	Secreted Signaling	ifn_recruit	low>high	CCL5_CCR5	GSE131907	NS_12	0	0	1	1	0	FALSE
CCL5_CCR1	CCL	CCL5	CCR1	Secreted Signaling	ifn_recruit	low>high	CCL5_CCR1	GSE131907	NS_12	0	0	1	1	0	FALSE
HLA-A_CD8A	MHC-I	HLA-A	CD8A	Cell-Cell Contact	ifn_recruit	low>high	HLA-A_CD8A	GSE131907	NS_12	0.00069241259513493	0.000630692308079995	0	0	6.17202870549349e-05	TRUE
HLA-B_CD8A	MHC-I	HLA-B	CD8A	Cell-Cell Contact	ifn_recruit	low>high	HLA-B_CD8A	GSE131907	NS_12	0.000611386302412798	0.000527635164220861	0	0	8.37511381919376e-05	TRUE
HLA-C_CD8A	MHC-I	HLA-C	CD8A	Cell-Cell Contact	ifn_recruit	low>high	HLA-C_CD8A	GSE131907	NS_12	0.000547859041904218	0.000443510743908602	0	0	0.000104348297995616	TRUE
JAM1_ITGAL_ITGB2	JAM	F11R	ITGAL_ITGB2	Cell-Cell Contact	barrier_inhibitory	high>low	JAM1_ITGAL_ITGB2	GSE131907	NS_13	0	0	1	1	0	FALSE
NECTIN2_TIGIT	NECTIN	NECTIN2	TIGIT	Cell-Cell Contact	barrier_inhibitory	high>low	NECTIN2_TIGIT	GSE131907	NS_13	0.000217797780270595	0.000155986794111362	0	0	6.18109861592338e-05	TRUE
CDH1_ITGAE_ITGB7	CDH1	CDH1	ITGAE_ITGB7	Cell-Cell Contact	barrier_inhibitory	high>low	CDH1_ITGAE_ITGB7	GSE131907	NS_13	0	0	1	1	0	FALSE
CDH1_KLRG1	CDH1	CDH1	KLRG1	Cell-Cell Contact	barrier_inhibitory	high>low	CDH1_KLRG1	GSE131907	NS_13	0	0	1	1	0	FALSE
LGALS9_HAVCR2	GALECTIN	LGALS9	HAVCR2	Secreted Signaling	barrier_inhibitory	high>low	LGALS9_HAVCR2	GSE131907	NS_13	0	0	1	1	0	FALSE
LGALS9_CD44	GALECTIN	LGALS9	CD44	Secreted Signaling	barrier_inhibitory	high>low	LGALS9_CD44	GSE131907	NS_13	0	0	1	1	0	FALSE
LGALS9_CD45	GALECTIN	LGALS9	PTPRC	Secreted Signaling	barrier_inhibitory	high>low	LGALS9_CD45	GSE131907	NS_13	0	0	1	1	0	FALSE
CXCL9_CXCR3	CXCL	CXCL9	CXCR3	Secreted Signaling	ifn_recruit	low>high	CXCL9_CXCR3	GSE131907	NS_13	0	0	1	1	0	FALSE
CXCL10_CXCR3	CXCL	CXCL10	CXCR3	Secreted Signaling	ifn_recruit	low>high	CXCL10_CXCR3	GSE131907	NS_13	0	0	1	1	0	FALSE
CCL5_CCR5	CCL	CCL5	CCR5	Secreted Signaling	ifn_recruit	low>high	CCL5_CCR5	GSE131907	NS_13	0	0	1	1	0	FALSE
CCL5_CCR1	CCL	CCL5	CCR1	Secreted Signaling	ifn_recruit	low>high	CCL5_CCR1	GSE131907	NS_13	0	0	1	1	0	FALSE
HLA-A_CD8A	MHC-I	HLA-A	CD8A	Cell-Cell Contact	ifn_recruit	low>high	HLA-A_CD8A	GSE131907	NS_13	0.0044218430042531	0.00337559168498292	0	0	0.00104625131927017	TRUE
HLA-B_CD8A	MHC-I	HLA-B	CD8A	Cell-Cell Contact	ifn_recruit	low>high	HLA-B_CD8A	GSE131907	NS_13	0.00361411915871136	0.00308373524306461	0	0	0.000530383915646743	TRUE
HLA-C_CD8A	MHC-I	HLA-C	CD8A	Cell-Cell Contact	ifn_recruit	low>high	HLA-C_CD8A	GSE131907	NS_13	0.00353338746291318	0.00269494039680359	0	0	0.000838447066109593	TRUE
JAM1_ITGAL_ITGB2	JAM	F11R	ITGAL_ITGB2	Cell-Cell Contact	barrier_inhibitory	high>low	JAM1_ITGAL_ITGB2	GSE131907	NS_16	0	0	1	1	0	FALSE
NECTIN2_TIGIT	NECTIN	NECTIN2	TIGIT	Cell-Cell Contact	barrier_inhibitory	high>low	NECTIN2_TIGIT	GSE131907	NS_16	0.000297045734026371	0.000342259706507227	0	0	-4.52139724808553e-05	TRUE
CDH1_ITGAE_ITGB7	CDH1	CDH1	ITGAE_ITGB7	Cell-Cell Contact	barrier_inhibitory	high>low	CDH1_ITGAE_ITGB7	GSE131907	NS_16	0	0	1	1	0	FALSE
CDH1_KLRG1	CDH1	CDH1	KLRG1	Cell-Cell Contact	barrier_inhibitory	high>low	CDH1_KLRG1	GSE131907	NS_16	0	0	1	1	0	FALSE
LGALS9_HAVCR2	GALECTIN	LGALS9	HAVCR2	Secreted Signaling	barrier_inhibitory	high>low	LGALS9_HAVCR2	GSE131907	NS_16	8.2635118668518e-05	7.40989768816043e-06	0	0.23	7.52252209803576e-05	TRUE
LGALS9_CD44	GALECTIN	LGALS9	CD44	Secreted Signaling	barrier_inhibitory	high>low	LGALS9_CD44	GSE131907	NS_16	0.000971399545414448	8.81701388889309e-05	0.01	0.31	0.000883229406525517	TRUE
LGALS9_CD45	GALECTIN	LGALS9	PTPRC	Secreted Signaling	barrier_inhibitory	high>low	LGALS9_CD45	GSE131907	NS_16	0.000713182374052185	6.45037152142338e-05	0	0.31	0.000648678658837952	TRUE
CXCL9_CXCR3	CXCL	CXCL9	CXCR3	Secreted Signaling	ifn_recruit	low>high	CXCL9_CXCR3	GSE131907	NS_16	0	0	1	1	0	FALSE
CXCL10_CXCR3	CXCL	CXCL10	CXCR3	Secreted Signaling	ifn_recruit	low>high	CXCL10_CXCR3	GSE131907	NS_16	0	0	1	1	0	FALSE
CCL5_CCR5	CCL	CCL5	CCR5	Secreted Signaling	ifn_recruit	low>high	CCL5_CCR5	GSE131907	NS_16	0	0	1	1	0	FALSE
CCL5_CCR1	CCL	CCL5	CCR1	Secreted Signaling	ifn_recruit	low>high	CCL5_CCR1	GSE131907	NS_16	0	0	1	1	0	FALSE
HLA-A_CD8A	MHC-I	HLA-A	CD8A	Cell-Cell Contact	ifn_recruit	low>high	HLA-A_CD8A	GSE131907	NS_16	0.00802044537136903	0.00803480231705047	0.74	0.65	-1.43569456814395e-05	TRUE
HLA-B_CD8A	MHC-I	HLA-B	CD8A	Cell-Cell Contact	ifn_recruit	low>high	HLA-B_CD8A	GSE131907	NS_16	0.00762416734968667	0.00711913119305124	0.69	0.91	0.000505036156635428	TRUE
HLA-C_CD8A	MHC-I	HLA-C	CD8A	Cell-Cell Contact	ifn_recruit	low>high	HLA-C_CD8A	GSE131907	NS_16	0.0078288411552833	0.00683394067036335	0.57	0.97	0.000994900484919953	TRUE
JAM1_ITGAL_ITGB2	JAM	F11R	ITGAL_ITGB2	Cell-Cell Contact	barrier_inhibitory	high>low	JAM1_ITGAL_ITGB2	GSE131907	NS_17	0	0	1	1	0	FALSE
NECTIN2_TIGIT	NECTIN	NECTIN2	TIGIT	Cell-Cell Contact	barrier_inhibitory	high>low	NECTIN2_TIGIT	GSE131907	NS_17	0.00103144856928922	0.000356828516538353	0	0	0.000674620052750869	TRUE
CDH1_ITGAE_ITGB7	CDH1	CDH1	ITGAE_ITGB7	Cell-Cell Contact	barrier_inhibitory	high>low	CDH1_ITGAE_ITGB7	GSE131907	NS_17	8.77559857413959e-05	3.5816079186157e-05	0	0	5.19399065552389e-05	TRUE
CDH1_KLRG1	CDH1	CDH1	KLRG1	Cell-Cell Contact	barrier_inhibitory	high>low	CDH1_KLRG1	GSE131907	NS_17	0	0	1	1	0	FALSE
LGALS9_HAVCR2	GALECTIN	LGALS9	HAVCR2	Secreted Signaling	barrier_inhibitory	high>low	LGALS9_HAVCR2	GSE131907	NS_17	0	0	1	1	0	FALSE
LGALS9_CD44	GALECTIN	LGALS9	CD44	Secreted Signaling	barrier_inhibitory	high>low	LGALS9_CD44	GSE131907	NS_17	0.000593172635201144	0.000440953273997894	0	0	0.000152219361203249	TRUE
LGALS9_CD45	GALECTIN	LGALS9	PTPRC	Secreted Signaling	barrier_inhibitory	high>low	LGALS9_CD45	GSE131907	NS_17	0.000785653515657014	0.000584301049885314	0	0	0.000201352465771701	TRUE
CXCL9_CXCR3	CXCL	CXCL9	CXCR3	Secreted Signaling	ifn_recruit	low>high	CXCL9_CXCR3	GSE131907	NS_17	0	0	1	1	0	FALSE
CXCL10_CXCR3	CXCL	CXCL10	CXCR3	Secreted Signaling	ifn_recruit	low>high	CXCL10_CXCR3	GSE131907	NS_17	0	0	1	1	0	FALSE
CCL5_CCR5	CCL	CCL5	CCR5	Secreted Signaling	ifn_recruit	low>high	CCL5_CCR5	GSE131907	NS_17	0	0	1	1	0	FALSE
CCL5_CCR1	CCL	CCL5	CCR1	Secreted Signaling	ifn_recruit	low>high	CCL5_CCR1	GSE131907	NS_17	0	0	1	1	0	FALSE
HLA-A_CD8A	MHC-I	HLA-A	CD8A	Cell-Cell Contact	ifn_recruit	low>high	HLA-A_CD8A	GSE131907	NS_17	0.00689094886101956	0.00451955294692669	0	0	0.00237139591409288	TRUE
HLA-B_CD8A	MHC-I	HLA-B	CD8A	Cell-Cell Contact	ifn_recruit	low>high	HLA-B_CD8A	GSE131907	NS_17	0.00628339129546555	0.00419711694873854	0	0	0.00208627434672702	TRUE
HLA-C_CD8A	MHC-I	HLA-C	CD8A	Cell-Cell Contact	ifn_recruit	low>high	HLA-C_CD8A	GSE131907	NS_17	0.00791678643386282	0.00560899097090353	0	0	0.00230779546295929	TRUE
JAM1_ITGAL_ITGB2	JAM	F11R	ITGAL_ITGB2	Cell-Cell Contact	barrier_inhibitory	high>low	JAM1_ITGAL_ITGB2	GSE131907	NS_19	0	0	1	1	0	FALSE
NECTIN2_TIGIT	NECTIN	NECTIN2	TIGIT	Cell-Cell Contact	barrier_inhibitory	high>low	NECTIN2_TIGIT	GSE131907	NS_19	2.20057810612774e-05	3.65360515947158e-06	0	0	1.83521759018059e-05	TRUE
CDH1_ITGAE_ITGB7	CDH1	CDH1	ITGAE_ITGB7	Cell-Cell Contact	barrier_inhibitory	high>low	CDH1_ITGAE_ITGB7	GSE131907	NS_19	3.40486188747531e-05	1.15256376507718e-05	0	0	2.25229812239813e-05	TRUE
CDH1_KLRG1	CDH1	CDH1	KLRG1	Cell-Cell Contact	barrier_inhibitory	high>low	CDH1_KLRG1	GSE131907	NS_19	0	0	1	1	0	FALSE
LGALS9_HAVCR2	GALECTIN	LGALS9	HAVCR2	Secreted Signaling	barrier_inhibitory	high>low	LGALS9_HAVCR2	GSE131907	NS_19	0	0	1	1	0	FALSE
LGALS9_CD44	GALECTIN	LGALS9	CD44	Secreted Signaling	barrier_inhibitory	high>low	LGALS9_CD44	GSE131907	NS_19	0.000617699590412304	0	0	1	0.000617699590412304	TRUE
LGALS9_CD45	GALECTIN	LGALS9	PTPRC	Secreted Signaling	barrier_inhibitory	high>low	LGALS9_CD45	GSE131907	NS_19	0.000658779072259502	0	0	1	0.000658779072259502	TRUE
CXCL9_CXCR3	CXCL	CXCL9	CXCR3	Secreted Signaling	ifn_recruit	low>high	CXCL9_CXCR3	GSE131907	NS_19	0	0	1	1	0	FALSE
CXCL10_CXCR3	CXCL	CXCL10	CXCR3	Secreted Signaling	ifn_recruit	low>high	CXCL10_CXCR3	GSE131907	NS_19	0	0	1	1	0	FALSE
CCL5_CCR5	CCL	CCL5	CCR5	Secreted Signaling	ifn_recruit	low>high	CCL5_CCR5	GSE131907	NS_19	0	0	1	1	0	FALSE
CCL5_CCR1	CCL	CCL5	CCR1	Secreted Signaling	ifn_recruit	low>high	CCL5_CCR1	GSE131907	NS_19	0	0	1	1	0	FALSE
HLA-A_CD8A	MHC-I	HLA-A	CD8A	Cell-Cell Contact	ifn_recruit	low>high	HLA-A_CD8A	GSE131907	NS_19	0.00127572985128288	0.00120824618366715	0	0	6.74836676157334e-05	TRUE
HLA-B_CD8A	MHC-I	HLA-B	CD8A	Cell-Cell Contact	ifn_recruit	low>high	HLA-B_CD8A	GSE131907	NS_19	0.00104114364571744	0.000856233375945148	0	0	0.000184910269772295	TRUE
HLA-C_CD8A	MHC-I	HLA-C	CD8A	Cell-Cell Contact	ifn_recruit	low>high	HLA-C_CD8A	GSE131907	NS_19	0.000919582229992284	0.000726702578282205	0	0	0.000192879651710079	TRUE
JAM1_ITGAL_ITGB2	JAM	F11R	ITGAL_ITGB2	Cell-Cell Contact	barrier_inhibitory	high>low	JAM1_ITGAL_ITGB2	GSE205335	P0031	0.000544563445007392	0	0	1	0.000544563445007392	TRUE
NECTIN2_TIGIT	NECTIN	NECTIN2	TIGIT	Cell-Cell Contact	barrier_inhibitory	high>low	NECTIN2_TIGIT	GSE205335	P0031	0.000757119337852925	3.46545627804368e-05	0	0.19	0.000722464775072488	TRUE
CDH1_ITGAE_ITGB7	CDH1	CDH1	ITGAE_ITGB7	Cell-Cell Contact	barrier_inhibitory	high>low	CDH1_ITGAE_ITGB7	GSE205335	P0031	9.84998621431757e-05	1.0838445581904e-05	0	0.32	8.76614165612717e-05	TRUE
CDH1_KLRG1	CDH1	CDH1	KLRG1	Cell-Cell Contact	barrier_inhibitory	high>low	CDH1_KLRG1	GSE205335	P0031	0	0	1	1	0	FALSE
LGALS9_HAVCR2	GALECTIN	LGALS9	HAVCR2	Secreted Signaling	barrier_inhibitory	high>low	LGALS9_HAVCR2	GSE205335	P0031	0	0	1	1	0	FALSE
LGALS9_CD44	GALECTIN	LGALS9	CD44	Secreted Signaling	barrier_inhibitory	high>low	LGALS9_CD44	GSE205335	P0031	0.000686574776927848	0	0	1	0.000686574776927848	TRUE
LGALS9_CD45	GALECTIN	LGALS9	PTPRC	Secreted Signaling	barrier_inhibitory	high>low	LGALS9_CD45	GSE205335	P0031	0.00075888290025575	0	0	1	0.00075888290025575	TRUE
CXCL9_CXCR3	CXCL	CXCL9	CXCR3	Secreted Signaling	ifn_recruit	low>high	CXCL9_CXCR3	GSE205335	P0031	0	0	1	1	0	FALSE
CXCL10_CXCR3	CXCL	CXCL10	CXCR3	Secreted Signaling	ifn_recruit	low>high	CXCL10_CXCR3	GSE205335	P0031	0	0	1	1	0	FALSE
CCL5_CCR5	CCL	CCL5	CCR5	Secreted Signaling	ifn_recruit	low>high	CCL5_CCR5	GSE205335	P0031	0	0	1	1	0	FALSE
CCL5_CCR1	CCL	CCL5	CCR1	Secreted Signaling	ifn_recruit	low>high	CCL5_CCR1	GSE205335	P0031	0	0	1	1	0	FALSE
HLA-A_CD8A	MHC-I	HLA-A	CD8A	Cell-Cell Contact	ifn_recruit	low>high	HLA-A_CD8A	GSE205335	P0031	0.00622986025909233	0.00710367302648401	0.03	0	-0.000873812767391683	TRUE
HLA-B_CD8A	MHC-I	HLA-B	CD8A	Cell-Cell Contact	ifn_recruit	low>high	HLA-B_CD8A	GSE205335	P0031	0.00496709231303735	0.00613305978021155	0.12	0	-0.0011659674671742	TRUE
HLA-C_CD8A	MHC-I	HLA-C	CD8A	Cell-Cell Contact	ifn_recruit	low>high	HLA-C_CD8A	GSE205335	P0031	0.00538007348200826	0.00658601805088546	0.08	0	-0.0012059445688772	TRUE
JAM1_ITGAL_ITGB2	JAM	F11R	ITGAL_ITGB2	Cell-Cell Contact	barrier_inhibitory	high>low	JAM1_ITGAL_ITGB2	GSE205335	P1006	0.00131028342476631	0.000677187697751208	0	0	0.000633095727015105	TRUE
NECTIN2_TIGIT	NECTIN	NECTIN2	TIGIT	Cell-Cell Contact	barrier_inhibitory	high>low	NECTIN2_TIGIT	GSE205335	P1006	0.00170195538824683	0.00034231141005442	0	0	0.00135964397819241	TRUE
CDH1_ITGAE_ITGB7	CDH1	CDH1	ITGAE_ITGB7	Cell-Cell Contact	barrier_inhibitory	high>low	CDH1_ITGAE_ITGB7	GSE205335	P1006	0	0	1	1	0	FALSE
CDH1_KLRG1	CDH1	CDH1	KLRG1	Cell-Cell Contact	barrier_inhibitory	high>low	CDH1_KLRG1	GSE205335	P1006	0.000966085541183524	0.000321275031950836	0	0	0.000644810509232688	TRUE
LGALS9_HAVCR2	GALECTIN	LGALS9	HAVCR2	Secreted Signaling	barrier_inhibitory	high>low	LGALS9_HAVCR2	GSE205335	P1006	0	0	1	1	0	FALSE
LGALS9_CD44	GALECTIN	LGALS9	CD44	Secreted Signaling	barrier_inhibitory	high>low	LGALS9_CD44	GSE205335	P1006	0	0	1	1	0	FALSE
LGALS9_CD45	GALECTIN	LGALS9	PTPRC	Secreted Signaling	barrier_inhibitory	high>low	LGALS9_CD45	GSE205335	P1006	0	0	1	1	0	FALSE
CXCL9_CXCR3	CXCL	CXCL9	CXCR3	Secreted Signaling	ifn_recruit	low>high	CXCL9_CXCR3	GSE205335	P1006	0	0	1	1	0	FALSE
CXCL10_CXCR3	CXCL	CXCL10	CXCR3	Secreted Signaling	ifn_recruit	low>high	CXCL10_CXCR3	GSE205335	P1006	0	0	1	1	0	FALSE
CCL5_CCR5	CCL	CCL5	CCR5	Secreted Signaling	ifn_recruit	low>high	CCL5_CCR5	GSE205335	P1006	0	0	1	1	0	FALSE
CCL5_CCR1	CCL	CCL5	CCR1	Secreted Signaling	ifn_recruit	low>high	CCL5_CCR1	GSE205335	P1006	0	0	1	1	0	FALSE
HLA-A_CD8A	MHC-I	HLA-A	CD8A	Cell-Cell Contact	ifn_recruit	low>high	HLA-A_CD8A	GSE205335	P1006	9.97714302847342e-05	0.000122240085091353	0.36	0.35	-2.24686548066188e-05	TRUE
HLA-B_CD8A	MHC-I	HLA-B	CD8A	Cell-Cell Contact	ifn_recruit	low>high	HLA-B_CD8A	GSE205335	P1006	0.000250909205478903	0.000283471213744497	0.17	0.14	-3.2562008265594e-05	TRUE
HLA-C_CD8A	MHC-I	HLA-C	CD8A	Cell-Cell Contact	ifn_recruit	low>high	HLA-C_CD8A	GSE205335	P1006	0.000155119541174084	0.000151794833374479	0.28	0.3	3.32470779960516e-06	TRUE
JAM1_ITGAL_ITGB2	JAM	F11R	ITGAL_ITGB2	Cell-Cell Contact	barrier_inhibitory	high>low	JAM1_ITGAL_ITGB2	GSE205335	P1015	0.00229694565482018	0	0	1	0.00229694565482018	TRUE
NECTIN2_TIGIT	NECTIN	NECTIN2	TIGIT	Cell-Cell Contact	barrier_inhibitory	high>low	NECTIN2_TIGIT	GSE205335	P1015	0.00166676895812275	0.000132840668310977	0	0.07	0.00153392828981177	TRUE
CDH1_ITGAE_ITGB7	CDH1	CDH1	ITGAE_ITGB7	Cell-Cell Contact	barrier_inhibitory	high>low	CDH1_ITGAE_ITGB7	GSE205335	P1015	0.000901383042523195	1.88581725084094e-05	0	0.66	0.000882524870014786	TRUE
CDH1_KLRG1	CDH1	CDH1	KLRG1	Cell-Cell Contact	barrier_inhibitory	high>low	CDH1_KLRG1	GSE205335	P1015	0.00117405606119846	2.46172774894621e-05	0	0.26	0.00114943878370899	TRUE
LGALS9_HAVCR2	GALECTIN	LGALS9	HAVCR2	Secreted Signaling	barrier_inhibitory	high>low	LGALS9_HAVCR2	GSE205335	P1015	3.77192578664565e-05	0	0	1	3.77192578664565e-05	TRUE
LGALS9_CD44	GALECTIN	LGALS9	CD44	Secreted Signaling	barrier_inhibitory	high>low	LGALS9_CD44	GSE205335	P1015	0.000894905284283823	0	0	1	0.000894905284283823	TRUE
LGALS9_CD45	GALECTIN	LGALS9	PTPRC	Secreted Signaling	barrier_inhibitory	high>low	LGALS9_CD45	GSE205335	P1015	0.0018511596964493	0	0	1	0.0018511596964493	TRUE
CXCL9_CXCR3	CXCL	CXCL9	CXCR3	Secreted Signaling	ifn_recruit	low>high	CXCL9_CXCR3	GSE205335	P1015	0	0	1	1	0	FALSE
CXCL10_CXCR3	CXCL	CXCL10	CXCR3	Secreted Signaling	ifn_recruit	low>high	CXCL10_CXCR3	GSE205335	P1015	0	0	1	1	0	FALSE
CCL5_CCR5	CCL	CCL5	CCR5	Secreted Signaling	ifn_recruit	low>high	CCL5_CCR5	GSE205335	P1015	0	0	1	1	0	FALSE
CCL5_CCR1	CCL	CCL5	CCR1	Secreted Signaling	ifn_recruit	low>high	CCL5_CCR1	GSE205335	P1015	0	0	1	1	0	FALSE
HLA-A_CD8A	MHC-I	HLA-A	CD8A	Cell-Cell Contact	ifn_recruit	low>high	HLA-A_CD8A	GSE205335	P1015	0.00616561229394891	0.00278568075006299	0	0.14	0.00337993154388592	TRUE
HLA-B_CD8A	MHC-I	HLA-B	CD8A	Cell-Cell Contact	ifn_recruit	low>high	HLA-B_CD8A	GSE205335	P1015	0.00612211861210017	0.00375443850205165	0	0.02	0.00236768011004851	TRUE
HLA-C_CD8A	MHC-I	HLA-C	CD8A	Cell-Cell Contact	ifn_recruit	low>high	HLA-C_CD8A	GSE205335	P1015	0.00461141227358914	0.0017901558712573	0	0.53	0.00282125640233183	TRUE
JAM1_ITGAL_ITGB2	JAM	F11R	ITGAL_ITGB2	Cell-Cell Contact	barrier_inhibitory	high>low	JAM1_ITGAL_ITGB2	GSE205335	P1016	0.00375464481699452	0.0021444253813769	0	0	0.00161021943561762	TRUE
NECTIN2_TIGIT	NECTIN	NECTIN2	TIGIT	Cell-Cell Contact	barrier_inhibitory	high>low	NECTIN2_TIGIT	GSE205335	P1016	0.000965412698345723	0.000599371643596198	0	0	0.000366041054749525	TRUE
CDH1_ITGAE_ITGB7	CDH1	CDH1	ITGAE_ITGB7	Cell-Cell Contact	barrier_inhibitory	high>low	CDH1_ITGAE_ITGB7	GSE205335	P1016	0.000201130586769855	3.65264918338282e-05	0	0	0.000164604094936027	TRUE
CDH1_KLRG1	CDH1	CDH1	KLRG1	Cell-Cell Contact	barrier_inhibitory	high>low	CDH1_KLRG1	GSE205335	P1016	0.000178428293483159	3.23981952072046e-05	0	0	0.000146030098275954	TRUE
LGALS9_HAVCR2	GALECTIN	LGALS9	HAVCR2	Secreted Signaling	barrier_inhibitory	high>low	LGALS9_HAVCR2	GSE205335	P1016	0	0	1	1	0	FALSE
LGALS9_CD44	GALECTIN	LGALS9	CD44	Secreted Signaling	barrier_inhibitory	high>low	LGALS9_CD44	GSE205335	P1016	0	0	1	1	0	FALSE
LGALS9_CD45	GALECTIN	LGALS9	PTPRC	Secreted Signaling	barrier_inhibitory	high>low	LGALS9_CD45	GSE205335	P1016	0	0	1	1	0	FALSE
CXCL9_CXCR3	CXCL	CXCL9	CXCR3	Secreted Signaling	ifn_recruit	low>high	CXCL9_CXCR3	GSE205335	P1016	0	0	1	1	0	FALSE
CXCL10_CXCR3	CXCL	CXCL10	CXCR3	Secreted Signaling	ifn_recruit	low>high	CXCL10_CXCR3	GSE205335	P1016	0	0	1	1	0	FALSE
CCL5_CCR5	CCL	CCL5	CCR5	Secreted Signaling	ifn_recruit	low>high	CCL5_CCR5	GSE205335	P1016	0	0	1	1	0	FALSE
CCL5_CCR1	CCL	CCL5	CCR1	Secreted Signaling	ifn_recruit	low>high	CCL5_CCR1	GSE205335	P1016	0	0	1	1	0	FALSE
HLA-A_CD8A	MHC-I	HLA-A	CD8A	Cell-Cell Contact	ifn_recruit	low>high	HLA-A_CD8A	GSE205335	P1016	0.0112387883206718	0.00942335015582339	0	0	0.00181543816484845	TRUE
HLA-B_CD8A	MHC-I	HLA-B	CD8A	Cell-Cell Contact	ifn_recruit	low>high	HLA-B_CD8A	GSE205335	P1016	0.00765175209903296	0.0057228299001268	0	0	0.00192892219890616	TRUE
HLA-C_CD8A	MHC-I	HLA-C	CD8A	Cell-Cell Contact	ifn_recruit	low>high	HLA-C_CD8A	GSE205335	P1016	0.0101865954225839	0.00814746606053522	0	0	0.00203912936204865	TRUE
JAM1_ITGAL_ITGB2	JAM	F11R	ITGAL_ITGB2	Cell-Cell Contact	barrier_inhibitory	high>low	JAM1_ITGAL_ITGB2	GSE205335	P1017	0.00530106742131038	0.00200757177632107	0	0	0.0032934956449893	TRUE
NECTIN2_TIGIT	NECTIN	NECTIN2	TIGIT	Cell-Cell Contact	barrier_inhibitory	high>low	NECTIN2_TIGIT	GSE205335	P1017	0.00164613591393805	7.22369674510151e-05	0	0.15	0.00157389894648703	TRUE
CDH1_ITGAE_ITGB7	CDH1	CDH1	ITGAE_ITGB7	Cell-Cell Contact	barrier_inhibitory	high>low	CDH1_ITGAE_ITGB7	GSE205335	P1017	0.00126867685522051	0.000128542422240251	0	0.07	0.00114013443298026	TRUE
CDH1_KLRG1	CDH1	CDH1	KLRG1	Cell-Cell Contact	barrier_inhibitory	high>low	CDH1_KLRG1	GSE205335	P1017	0.000166181664816415	1.6687018524997e-05	0	0	0.000149494646291418	TRUE
LGALS9_HAVCR2	GALECTIN	LGALS9	HAVCR2	Secreted Signaling	barrier_inhibitory	high>low	LGALS9_HAVCR2	GSE205335	P1017	7.22398686405923e-05	2.15993968799072e-05	0	0	5.0640471760685e-05	TRUE
LGALS9_CD44	GALECTIN	LGALS9	CD44	Secreted Signaling	barrier_inhibitory	high>low	LGALS9_CD44	GSE205335	P1017	0.0033708577830145	0.00102930631254974	0	0.34	0.00234155147046476	TRUE
LGALS9_CD45	GALECTIN	LGALS9	PTPRC	Secreted Signaling	barrier_inhibitory	high>low	LGALS9_CD45	GSE205335	P1017	0.00550752513716657	0.00170523844071359	0	0	0.00380228669645297	TRUE
CXCL9_CXCR3	CXCL	CXCL9	CXCR3	Secreted Signaling	ifn_recruit	low>high	CXCL9_CXCR3	GSE205335	P1017	0	0	1	1	0	FALSE
CXCL10_CXCR3	CXCL	CXCL10	CXCR3	Secreted Signaling	ifn_recruit	low>high	CXCL10_CXCR3	GSE205335	P1017	0	0	1	1	0	FALSE
CCL5_CCR5	CCL	CCL5	CCR5	Secreted Signaling	ifn_recruit	low>high	CCL5_CCR5	GSE205335	P1017	0	0	1	1	0	FALSE
CCL5_CCR1	CCL	CCL5	CCR1	Secreted Signaling	ifn_recruit	low>high	CCL5_CCR1	GSE205335	P1017	0	0	1	1	0	FALSE
HLA-A_CD8A	MHC-I	HLA-A	CD8A	Cell-Cell Contact	ifn_recruit	low>high	HLA-A_CD8A	GSE205335	P1017	0.012182677046478	0.00908988465598948	0	0	0.00309279239048849	TRUE
HLA-B_CD8A	MHC-I	HLA-B	CD8A	Cell-Cell Contact	ifn_recruit	low>high	HLA-B_CD8A	GSE205335	P1017	0.0125776399623954	0.00755011104857653	0	0	0.00502752891381892	TRUE
HLA-C_CD8A	MHC-I	HLA-C	CD8A	Cell-Cell Contact	ifn_recruit	low>high	HLA-C_CD8A	GSE205335	P1017	0.0120231722719593	0.00815036263979875	0	0	0.00387280963216052	TRUE
JAM1_ITGAL_ITGB2	JAM	F11R	ITGAL_ITGB2	Cell-Cell Contact	barrier_inhibitory	high>low	JAM1_ITGAL_ITGB2	GSE205335	P1018	0.00453120850089437	0.000476420348300277	0	0.29	0.0040547881525941	TRUE
NECTIN2_TIGIT	NECTIN	NECTIN2	TIGIT	Cell-Cell Contact	barrier_inhibitory	high>low	NECTIN2_TIGIT	GSE205335	P1018	0.0019467824921488	0.00018042636574552	0	0.02	0.00176635612640328	TRUE
CDH1_ITGAE_ITGB7	CDH1	CDH1	ITGAE_ITGB7	Cell-Cell Contact	barrier_inhibitory	high>low	CDH1_ITGAE_ITGB7	GSE205335	P1018	0.00123805911323134	6.43022977381639e-05	0	1	0.00117375681549317	TRUE
CDH1_KLRG1	CDH1	CDH1	KLRG1	Cell-Cell Contact	barrier_inhibitory	high>low	CDH1_KLRG1	GSE205335	P1018	0.000261995011975242	1.34938460061503e-05	0	0	0.000248501165969092	TRUE
LGALS9_HAVCR2	GALECTIN	LGALS9	HAVCR2	Secreted Signaling	barrier_inhibitory	high>low	LGALS9_HAVCR2	GSE205335	P1018	0	0	1	1	0	FALSE
LGALS9_CD44	GALECTIN	LGALS9	CD44	Secreted Signaling	barrier_inhibitory	high>low	LGALS9_CD44	GSE205335	P1018	0.00420662594914654	0.000966853556174258	0	0.02	0.00323977239297228	TRUE
LGALS9_CD45	GALECTIN	LGALS9	PTPRC	Secreted Signaling	barrier_inhibitory	high>low	LGALS9_CD45	GSE205335	P1018	0.00616879567532004	0.00143816959910691	0	0	0.00473062607621313	TRUE
CXCL9_CXCR3	CXCL	CXCL9	CXCR3	Secreted Signaling	ifn_recruit	low>high	CXCL9_CXCR3	GSE205335	P1018	0	0	1	1	0	FALSE
CXCL10_CXCR3	CXCL	CXCL10	CXCR3	Secreted Signaling	ifn_recruit	low>high	CXCL10_CXCR3	GSE205335	P1018	0	0	1	1	0	FALSE
CCL5_CCR5	CCL	CCL5	CCR5	Secreted Signaling	ifn_recruit	low>high	CCL5_CCR5	GSE205335	P1018	0	0	1	1	0	FALSE
CCL5_CCR1	CCL	CCL5	CCR1	Secreted Signaling	ifn_recruit	low>high	CCL5_CCR1	GSE205335	P1018	0	0	1	1	0	FALSE
HLA-A_CD8A	MHC-I	HLA-A	CD8A	Cell-Cell Contact	ifn_recruit	low>high	HLA-A_CD8A	GSE205335	P1018	0.00989484889389552	0.00765830920347777	0	0	0.00223653969041775	TRUE
HLA-B_CD8A	MHC-I	HLA-B	CD8A	Cell-Cell Contact	ifn_recruit	low>high	HLA-B_CD8A	GSE205335	P1018	0.0097724448180033	0.00887974150005981	0	0	0.000892703317943493	TRUE
HLA-C_CD8A	MHC-I	HLA-C	CD8A	Cell-Cell Contact	ifn_recruit	low>high	HLA-C_CD8A	GSE205335	P1018	0.0092784244757159	0.00749165923301586	0	0	0.00178676524270005	TRUE
JAM1_ITGAL_ITGB2	JAM	F11R	ITGAL_ITGB2	Cell-Cell Contact	barrier_inhibitory	high>low	JAM1_ITGAL_ITGB2	GSE205335	P1025	0.000417815422610334	0.000293911597276143	0	0	0.000123903825334191	TRUE
NECTIN2_TIGIT	NECTIN	NECTIN2	TIGIT	Cell-Cell Contact	barrier_inhibitory	high>low	NECTIN2_TIGIT	GSE205335	P1025	0.000129090084139345	4.3176739546369e-05	0	0	8.59133445929757e-05	TRUE
CDH1_ITGAE_ITGB7	CDH1	CDH1	ITGAE_ITGB7	Cell-Cell Contact	barrier_inhibitory	high>low	CDH1_ITGAE_ITGB7	GSE205335	P1025	0.000233971583862654	0.000145719909550248	0	0	8.82516743124066e-05	TRUE
CDH1_KLRG1	CDH1	CDH1	KLRG1	Cell-Cell Contact	barrier_inhibitory	high>low	CDH1_KLRG1	GSE205335	P1025	8.24122423880882e-05	5.12951773183941e-05	0	0	3.11170650696942e-05	TRUE
LGALS9_HAVCR2	GALECTIN	LGALS9	HAVCR2	Secreted Signaling	barrier_inhibitory	high>low	LGALS9_HAVCR2	GSE205335	P1025	0	0	1	1	0	FALSE
LGALS9_CD44	GALECTIN	LGALS9	CD44	Secreted Signaling	barrier_inhibitory	high>low	LGALS9_CD44	GSE205335	P1025	7.45516178076849e-05	3.75849365179671e-05	0	0	3.69666812897178e-05	TRUE
LGALS9_CD45	GALECTIN	LGALS9	PTPRC	Secreted Signaling	barrier_inhibitory	high>low	LGALS9_CD45	GSE205335	P1025	9.25387791607912e-05	4.66576362370131e-05	0	0	4.58811429237781e-05	TRUE
CXCL9_CXCR3	CXCL	CXCL9	CXCR3	Secreted Signaling	ifn_recruit	low>high	CXCL9_CXCR3	GSE205335	P1025	0	0	1	1	0	FALSE
CXCL10_CXCR3	CXCL	CXCL10	CXCR3	Secreted Signaling	ifn_recruit	low>high	CXCL10_CXCR3	GSE205335	P1025	0	0	1	1	0	FALSE
CCL5_CCR5	CCL	CCL5	CCR5	Secreted Signaling	ifn_recruit	low>high	CCL5_CCR5	GSE205335	P1025	0	0	1	1	0	FALSE
CCL5_CCR1	CCL	CCL5	CCR1	Secreted Signaling	ifn_recruit	low>high	CCL5_CCR1	GSE205335	P1025	0	0	1	1	0	FALSE
HLA-A_CD8A	MHC-I	HLA-A	CD8A	Cell-Cell Contact	ifn_recruit	low>high	HLA-A_CD8A	GSE205335	P1025	0.00311771090286265	0.00276128690062935	0	0	0.0003564240022333	TRUE
HLA-B_CD8A	MHC-I	HLA-B	CD8A	Cell-Cell Contact	ifn_recruit	low>high	HLA-B_CD8A	GSE205335	P1025	0.000570340132889991	0.000279319271476841	0	0	0.000291020861413149	TRUE
HLA-C_CD8A	MHC-I	HLA-C	CD8A	Cell-Cell Contact	ifn_recruit	low>high	HLA-C_CD8A	GSE205335	P1025	0.00203482595856165	0.00183159682055722	0	0	0.000203229138004434	TRUE
JAM1_ITGAL_ITGB2	JAM	F11R	ITGAL_ITGB2	Cell-Cell Contact	barrier_inhibitory	high>low	JAM1_ITGAL_ITGB2	GSE205335	P1027	0.00568849999636525	0.000328320539815296	0	0.94	0.00536017945654995	TRUE
NECTIN2_TIGIT	NECTIN	NECTIN2	TIGIT	Cell-Cell Contact	barrier_inhibitory	high>low	NECTIN2_TIGIT	GSE205335	P1027	0.00368794718675051	0.000670196264321228	0	0	0.00301775092242928	TRUE
CDH1_ITGAE_ITGB7	CDH1	CDH1	ITGAE_ITGB7	Cell-Cell Contact	barrier_inhibitory	high>low	CDH1_ITGAE_ITGB7	GSE205335	P1027	0.00265556248337239	0.000654234633814976	0	0	0.00200132784955741	TRUE
CDH1_KLRG1	CDH1	CDH1	KLRG1	Cell-Cell Contact	barrier_inhibitory	high>low	CDH1_KLRG1	GSE205335	P1027	0.000458962338650526	0.000111371785141975	0	0	0.000347590553508552	TRUE
LGALS9_HAVCR2	GALECTIN	LGALS9	HAVCR2	Secreted Signaling	barrier_inhibitory	high>low	LGALS9_HAVCR2	GSE205335	P1027	0.00244259983882933	0.000454968818596121	0	0.01	0.00198763102023321	TRUE
LGALS9_CD44	GALECTIN	LGALS9	CD44	Secreted Signaling	barrier_inhibitory	high>low	LGALS9_CD44	GSE205335	P1027	0.0027881964556304	0.000520688579035132	0	0.97	0.00226750787659527	TRUE
LGALS9_CD45	GALECTIN	LGALS9	PTPRC	Secreted Signaling	barrier_inhibitory	high>low	LGALS9_CD45	GSE205335	P1027	0.00677840209812345	0.00130494163039764	0	0.1	0.00547346046772581	TRUE
CXCL9_CXCR3	CXCL	CXCL9	CXCR3	Secreted Signaling	ifn_recruit	low>high	CXCL9_CXCR3	GSE205335	P1027	0	0	1	1	0	FALSE
CXCL10_CXCR3	CXCL	CXCL10	CXCR3	Secreted Signaling	ifn_recruit	low>high	CXCL10_CXCR3	GSE205335	P1027	0	0	1	1	0	FALSE
CCL5_CCR5	CCL	CCL5	CCR5	Secreted Signaling	ifn_recruit	low>high	CCL5_CCR5	GSE205335	P1027	1.42283864849602e-06	5.27636146584499e-05	0.35	0.21	-5.13407760099538e-05	TRUE
CCL5_CCR1	CCL	CCL5	CCR1	Secreted Signaling	ifn_recruit	low>high	CCL5_CCR1	GSE205335	P1027	0	0	1	1	0	FALSE
HLA-A_CD8A	MHC-I	HLA-A	CD8A	Cell-Cell Contact	ifn_recruit	low>high	HLA-A_CD8A	GSE205335	P1027	0.037318286040826	0.0328491049992953	0	0	0.00446918104153066	TRUE
HLA-B_CD8A	MHC-I	HLA-B	CD8A	Cell-Cell Contact	ifn_recruit	low>high	HLA-B_CD8A	GSE205335	P1027	0.0324220544546464	0.0243258731469653	0	0	0.00809618130768107	TRUE
HLA-C_CD8A	MHC-I	HLA-C	CD8A	Cell-Cell Contact	ifn_recruit	low>high	HLA-C_CD8A	GSE205335	P1027	0.0329461307622539	0.0263520365511695	0	0	0.00659409421108437	TRUE
JAM1_ITGAL_ITGB2	JAM	F11R	ITGAL_ITGB2	Cell-Cell Contact	barrier_inhibitory	high>low	JAM1_ITGAL_ITGB2	GSE205335	P1030	0.00253565486810059	0	0	1	0.00253565486810059	TRUE
NECTIN2_TIGIT	NECTIN	NECTIN2	TIGIT	Cell-Cell Contact	barrier_inhibitory	high>low	NECTIN2_TIGIT	GSE205335	P1030	0.000484886483022074	0	0	1	0.000484886483022074	TRUE
CDH1_ITGAE_ITGB7	CDH1	CDH1	ITGAE_ITGB7	Cell-Cell Contact	barrier_inhibitory	high>low	CDH1_ITGAE_ITGB7	GSE205335	P1030	0.000673585228606448	0	0	1	0.000673585228606448	TRUE
CDH1_KLRG1	CDH1	CDH1	KLRG1	Cell-Cell Contact	barrier_inhibitory	high>low	CDH1_KLRG1	GSE205335	P1030	0.00152619256744375	0	0	1	0.00152619256744375	TRUE
LGALS9_HAVCR2	GALECTIN	LGALS9	HAVCR2	Secreted Signaling	barrier_inhibitory	high>low	LGALS9_HAVCR2	GSE205335	P1030	0	0	1	1	0	FALSE
LGALS9_CD44	GALECTIN	LGALS9	CD44	Secreted Signaling	barrier_inhibitory	high>low	LGALS9_CD44	GSE205335	P1030	0.000226933523578502	0	0	1	0.000226933523578502	TRUE
LGALS9_CD45	GALECTIN	LGALS9	PTPRC	Secreted Signaling	barrier_inhibitory	high>low	LGALS9_CD45	GSE205335	P1030	0.000577852460129921	0	0	1	0.000577852460129921	TRUE
CXCL9_CXCR3	CXCL	CXCL9	CXCR3	Secreted Signaling	ifn_recruit	low>high	CXCL9_CXCR3	GSE205335	P1030	0	0	1	1	0	FALSE
CXCL10_CXCR3	CXCL	CXCL10	CXCR3	Secreted Signaling	ifn_recruit	low>high	CXCL10_CXCR3	GSE205335	P1030	0	0	1	1	0	FALSE
CCL5_CCR5	CCL	CCL5	CCR5	Secreted Signaling	ifn_recruit	low>high	CCL5_CCR5	GSE205335	P1030	0	0	1	1	0	FALSE
CCL5_CCR1	CCL	CCL5	CCR1	Secreted Signaling	ifn_recruit	low>high	CCL5_CCR1	GSE205335	P1030	0	0	1	1	0	FALSE
HLA-A_CD8A	MHC-I	HLA-A	CD8A	Cell-Cell Contact	ifn_recruit	low>high	HLA-A_CD8A	GSE205335	P1030	0.00593685940515355	0.00135788107540378	0	0	0.00457897832974977	TRUE
HLA-B_CD8A	MHC-I	HLA-B	CD8A	Cell-Cell Contact	ifn_recruit	low>high	HLA-B_CD8A	GSE205335	P1030	0.00698373046067999	0.00223767134710874	0	0	0.00474605911357125	TRUE
HLA-C_CD8A	MHC-I	HLA-C	CD8A	Cell-Cell Contact	ifn_recruit	low>high	HLA-C_CD8A	GSE205335	P1030	0.00631457977203947	0.00216635300091825	0	0	0.00414822677112121	TRUE
JAM1_ITGAL_ITGB2	JAM	F11R	ITGAL_ITGB2	Cell-Cell Contact	barrier_inhibitory	high>low	JAM1_ITGAL_ITGB2	GSE205335	P1037	0	0	1	1	0	FALSE
NECTIN2_TIGIT	NECTIN	NECTIN2	TIGIT	Cell-Cell Contact	barrier_inhibitory	high>low	NECTIN2_TIGIT	GSE205335	P1037	0	0	1	1	0	FALSE
CDH1_ITGAE_ITGB7	CDH1	CDH1	ITGAE_ITGB7	Cell-Cell Contact	barrier_inhibitory	high>low	CDH1_ITGAE_ITGB7	GSE205335	P1037	0	0	1	1	0	FALSE
CDH1_KLRG1	CDH1	CDH1	KLRG1	Cell-Cell Contact	barrier_inhibitory	high>low	CDH1_KLRG1	GSE205335	P1037	0	0	1	1	0	FALSE
LGALS9_HAVCR2	GALECTIN	LGALS9	HAVCR2	Secreted Signaling	barrier_inhibitory	high>low	LGALS9_HAVCR2	GSE205335	P1037	0	0	1	1	0	FALSE
LGALS9_CD44	GALECTIN	LGALS9	CD44	Secreted Signaling	barrier_inhibitory	high>low	LGALS9_CD44	GSE205335	P1037	0.00204272539850756	0.00196632541130081	0.97	0.97	7.6399987206756e-05	TRUE
LGALS9_CD45	GALECTIN	LGALS9	PTPRC	Secreted Signaling	barrier_inhibitory	high>low	LGALS9_CD45	GSE205335	P1037	0	0	1	1	0	FALSE
CXCL9_CXCR3	CXCL	CXCL9	CXCR3	Secreted Signaling	ifn_recruit	low>high	CXCL9_CXCR3	GSE205335	P1037	0	0	1	1	0	FALSE
CXCL10_CXCR3	CXCL	CXCL10	CXCR3	Secreted Signaling	ifn_recruit	low>high	CXCL10_CXCR3	GSE205335	P1037	0	0	1	1	0	FALSE
CCL5_CCR5	CCL	CCL5	CCR5	Secreted Signaling	ifn_recruit	low>high	CCL5_CCR5	GSE205335	P1037	0	0	1	1	0	FALSE
CCL5_CCR1	CCL	CCL5	CCR1	Secreted Signaling	ifn_recruit	low>high	CCL5_CCR1	GSE205335	P1037	0	0	1	1	0	FALSE
HLA-A_CD8A	MHC-I	HLA-A	CD8A	Cell-Cell Contact	ifn_recruit	low>high	HLA-A_CD8A	GSE205335	P1037	0	0	1	1	0	FALSE
HLA-B_CD8A	MHC-I	HLA-B	CD8A	Cell-Cell Contact	ifn_recruit	low>high	HLA-B_CD8A	GSE205335	P1037	0	0	1	1	0	FALSE
HLA-C_CD8A	MHC-I	HLA-C	CD8A	Cell-Cell Contact	ifn_recruit	low>high	HLA-C_CD8A	GSE205335	P1037	0	0	1	1	0	FALSE
JAM1_ITGAL_ITGB2	JAM	F11R	ITGAL_ITGB2	Cell-Cell Contact	barrier_inhibitory	high>low	JAM1_ITGAL_ITGB2	GSE205335	P1056	0	0	1	1	0	FALSE
NECTIN2_TIGIT	NECTIN	NECTIN2	TIGIT	Cell-Cell Contact	barrier_inhibitory	high>low	NECTIN2_TIGIT	GSE205335	P1056	0.000182755255622946	2.06657222441427e-05	0	0	0.000162089533378803	TRUE
CDH1_ITGAE_ITGB7	CDH1	CDH1	ITGAE_ITGB7	Cell-Cell Contact	barrier_inhibitory	high>low	CDH1_ITGAE_ITGB7	GSE205335	P1056	5.02343836499741e-05	3.20719713453867e-06	0	0	4.70271865154354e-05	TRUE
CDH1_KLRG1	CDH1	CDH1	KLRG1	Cell-Cell Contact	barrier_inhibitory	high>low	CDH1_KLRG1	GSE205335	P1056	0.000692145850561523	4.44302196579723e-05	0	0	0.000647715630903551	TRUE
LGALS9_HAVCR2	GALECTIN	LGALS9	HAVCR2	Secreted Signaling	barrier_inhibitory	high>low	LGALS9_HAVCR2	GSE205335	P1056	0	0	1	1	0	FALSE
LGALS9_CD44	GALECTIN	LGALS9	CD44	Secreted Signaling	barrier_inhibitory	high>low	LGALS9_CD44	GSE205335	P1056	0.000338646400092824	0.00070385274156296	0	0	-0.000365206341470135	TRUE
LGALS9_CD45	GALECTIN	LGALS9	PTPRC	Secreted Signaling	barrier_inhibitory	high>low	LGALS9_CD45	GSE205335	P1056	0.000719813427570442	0.00149055038489949	0	0	-0.000770736957329053	TRUE
CXCL9_CXCR3	CXCL	CXCL9	CXCR3	Secreted Signaling	ifn_recruit	low>high	CXCL9_CXCR3	GSE205335	P1056	0	0	1	1	0	FALSE
CXCL10_CXCR3	CXCL	CXCL10	CXCR3	Secreted Signaling	ifn_recruit	low>high	CXCL10_CXCR3	GSE205335	P1056	0	0	1	1	0	FALSE
CCL5_CCR5	CCL	CCL5	CCR5	Secreted Signaling	ifn_recruit	low>high	CCL5_CCR5	GSE205335	P1056	0	0	1	1	0	FALSE
CCL5_CCR1	CCL	CCL5	CCR1	Secreted Signaling	ifn_recruit	low>high	CCL5_CCR1	GSE205335	P1056	0	0	1	1	0	FALSE
HLA-A_CD8A	MHC-I	HLA-A	CD8A	Cell-Cell Contact	ifn_recruit	low>high	HLA-A_CD8A	GSE205335	P1056	0.00199175617223112	0.00197983488401707	0	0	1.19212882140579e-05	TRUE
HLA-B_CD8A	MHC-I	HLA-B	CD8A	Cell-Cell Contact	ifn_recruit	low>high	HLA-B_CD8A	GSE205335	P1056	0.00209852065460312	0.00190383678136037	0	0	0.000194683873242744	TRUE
HLA-C_CD8A	MHC-I	HLA-C	CD8A	Cell-Cell Contact	ifn_recruit	low>high	HLA-C_CD8A	GSE205335	P1056	0.00132787489548309	0.00116948156805121	0	0	0.000158393327431878	TRUE
JAM1_ITGAL_ITGB2	JAM	F11R	ITGAL_ITGB2	Cell-Cell Contact	barrier_inhibitory	high>low	JAM1_ITGAL_ITGB2	GSE205335	P1062	0.00498535915938098	0.000330228505675	0	0.72	0.00465513065370598	TRUE
NECTIN2_TIGIT	NECTIN	NECTIN2	TIGIT	Cell-Cell Contact	barrier_inhibitory	high>low	NECTIN2_TIGIT	GSE205335	P1062	0.000901163512542279	0	0	1	0.000901163512542279	TRUE
CDH1_ITGAE_ITGB7	CDH1	CDH1	ITGAE_ITGB7	Cell-Cell Contact	barrier_inhibitory	high>low	CDH1_ITGAE_ITGB7	GSE205335	P1062	0.000678152797254307	0	0	1	0.000678152797254307	TRUE
CDH1_KLRG1	CDH1	CDH1	KLRG1	Cell-Cell Contact	barrier_inhibitory	high>low	CDH1_KLRG1	GSE205335	P1062	0.000431930908863107	0	0	1	0.000431930908863107	TRUE
LGALS9_HAVCR2	GALECTIN	LGALS9	HAVCR2	Secreted Signaling	barrier_inhibitory	high>low	LGALS9_HAVCR2	GSE205335	P1062	0	0	1	1	0	FALSE
LGALS9_CD44	GALECTIN	LGALS9	CD44	Secreted Signaling	barrier_inhibitory	high>low	LGALS9_CD44	GSE205335	P1062	0.00152347919896961	0.00425552032743237	0.63	0	-0.00273204112846277	TRUE
LGALS9_CD45	GALECTIN	LGALS9	PTPRC	Secreted Signaling	barrier_inhibitory	high>low	LGALS9_CD45	GSE205335	P1062	0.00265919108008103	0.00728943938594542	0.62	0	-0.0046302483058644	TRUE
CXCL9_CXCR3	CXCL	CXCL9	CXCR3	Secreted Signaling	ifn_recruit	low>high	CXCL9_CXCR3	GSE205335	P1062	0	0	1	1	0	FALSE
CXCL10_CXCR3	CXCL	CXCL10	CXCR3	Secreted Signaling	ifn_recruit	low>high	CXCL10_CXCR3	GSE205335	P1062	0	0	1	1	0	FALSE
CCL5_CCR5	CCL	CCL5	CCR5	Secreted Signaling	ifn_recruit	low>high	CCL5_CCR5	GSE205335	P1062	0	0	1	1	0	FALSE
CCL5_CCR1	CCL	CCL5	CCR1	Secreted Signaling	ifn_recruit	low>high	CCL5_CCR1	GSE205335	P1062	0	0	1	1	0	FALSE
HLA-A_CD8A	MHC-I	HLA-A	CD8A	Cell-Cell Contact	ifn_recruit	low>high	HLA-A_CD8A	GSE205335	P1062	0.00852767092571874	0.010494132452414	0.1	0	-0.00196646152669526	TRUE
HLA-B_CD8A	MHC-I	HLA-B	CD8A	Cell-Cell Contact	ifn_recruit	low>high	HLA-B_CD8A	GSE205335	P1062	0.00844294459332985	0.0118986425835007	0.31	0	-0.00345569799017082	TRUE
HLA-C_CD8A	MHC-I	HLA-C	CD8A	Cell-Cell Contact	ifn_recruit	low>high	HLA-C_CD8A	GSE205335	P1062	0.00847314366967244	0.0101149060462717	0.06	0	-0.00164176237659922	TRUE
JAM1_ITGAL_ITGB2	JAM	F11R	ITGAL_ITGB2	Cell-Cell Contact	barrier_inhibitory	high>low	JAM1_ITGAL_ITGB2	GSE205335	P1063	0.00529987787996229	0.000376144387305952	0	0.57	0.00492373349265634	TRUE
NECTIN2_TIGIT	NECTIN	NECTIN2	TIGIT	Cell-Cell Contact	barrier_inhibitory	high>low	NECTIN2_TIGIT	GSE205335	P1063	0.000152353198906937	0	0	1	0.000152353198906937	TRUE
CDH1_ITGAE_ITGB7	CDH1	CDH1	ITGAE_ITGB7	Cell-Cell Contact	barrier_inhibitory	high>low	CDH1_ITGAE_ITGB7	GSE205335	P1063	0.000557133405884072	0	0	1	0.000557133405884072	TRUE
CDH1_KLRG1	CDH1	CDH1	KLRG1	Cell-Cell Contact	barrier_inhibitory	high>low	CDH1_KLRG1	GSE205335	P1063	0.000424096129446534	0	0	1	0.000424096129446534	TRUE
LGALS9_HAVCR2	GALECTIN	LGALS9	HAVCR2	Secreted Signaling	barrier_inhibitory	high>low	LGALS9_HAVCR2	GSE205335	P1063	0	0	1	1	0	FALSE
LGALS9_CD44	GALECTIN	LGALS9	CD44	Secreted Signaling	barrier_inhibitory	high>low	LGALS9_CD44	GSE205335	P1063	0.00123584329853485	0.00383262740158142	0.15	0	-0.00259678410304657	TRUE
LGALS9_CD45	GALECTIN	LGALS9	PTPRC	Secreted Signaling	barrier_inhibitory	high>low	LGALS9_CD45	GSE205335	P1063	0.00219725571149212	0.00666554490065816	0.18	0	-0.00446828918916604	TRUE
CXCL9_CXCR3	CXCL	CXCL9	CXCR3	Secreted Signaling	ifn_recruit	low>high	CXCL9_CXCR3	GSE205335	P1063	0	0	1	1	0	FALSE
CXCL10_CXCR3	CXCL	CXCL10	CXCR3	Secreted Signaling	ifn_recruit	low>high	CXCL10_CXCR3	GSE205335	P1063	0	0	1	1	0	FALSE
CCL5_CCR5	CCL	CCL5	CCR5	Secreted Signaling	ifn_recruit	low>high	CCL5_CCR5	GSE205335	P1063	0	0	1	1	0	FALSE
CCL5_CCR1	CCL	CCL5	CCR1	Secreted Signaling	ifn_recruit	low>high	CCL5_CCR1	GSE205335	P1063	0	0	1	1	0	FALSE
HLA-A_CD8A	MHC-I	HLA-A	CD8A	Cell-Cell Contact	ifn_recruit	low>high	HLA-A_CD8A	GSE205335	P1063	0.000969123838113551	0.00139965165734717	0.31	0.09	-0.00043052781923362	TRUE
HLA-B_CD8A	MHC-I	HLA-B	CD8A	Cell-Cell Contact	ifn_recruit	low>high	HLA-B_CD8A	GSE205335	P1063	0.000958478804102756	0.00161929792752043	0.46	0.08	-0.000660819123417671	TRUE
HLA-C_CD8A	MHC-I	HLA-C	CD8A	Cell-Cell Contact	ifn_recruit	low>high	HLA-C_CD8A	GSE205335	P1063	0.000697177359825591	0.00107146300149489	0.54	0.13	-0.000374285641669295	TRUE
JAM1_ITGAL_ITGB2	JAM	F11R	ITGAL_ITGB2	Cell-Cell Contact	barrier_inhibitory	high>low	JAM1_ITGAL_ITGB2	GSE205335	P1072	0.00886515292958067	0.00386130580392555	0	0	0.00500384712565512	TRUE
NECTIN2_TIGIT	NECTIN	NECTIN2	TIGIT	Cell-Cell Contact	barrier_inhibitory	high>low	NECTIN2_TIGIT	GSE205335	P1072	0.000126861042347279	0	0	1	0.000126861042347279	TRUE
CDH1_ITGAE_ITGB7	CDH1	CDH1	ITGAE_ITGB7	Cell-Cell Contact	barrier_inhibitory	high>low	CDH1_ITGAE_ITGB7	GSE205335	P1072	0.00219774451990285	0.00134476648217404	0	0	0.000852978037728811	TRUE
CDH1_KLRG1	CDH1	CDH1	KLRG1	Cell-Cell Contact	barrier_inhibitory	high>low	CDH1_KLRG1	GSE205335	P1072	0.00159098910052893	0.000971638755199105	0	0	0.000619350345329826	TRUE
LGALS9_HAVCR2	GALECTIN	LGALS9	HAVCR2	Secreted Signaling	barrier_inhibitory	high>low	LGALS9_HAVCR2	GSE205335	P1072	0.000280864797377549	7.8319627514421e-05	0	0	0.000202545169863128	TRUE
LGALS9_CD44	GALECTIN	LGALS9	CD44	Secreted Signaling	barrier_inhibitory	high>low	LGALS9_CD44	GSE205335	P1072	0.00135481453929558	0.000380153065017822	0	0.64	0.000974661474277762	TRUE
LGALS9_CD45	GALECTIN	LGALS9	PTPRC	Secreted Signaling	barrier_inhibitory	high>low	LGALS9_CD45	GSE205335	P1072	0.00336663545136105	0.000955847137671454	0	0.21	0.0024107883136896	TRUE
CXCL9_CXCR3	CXCL	CXCL9	CXCR3	Secreted Signaling	ifn_recruit	low>high	CXCL9_CXCR3	GSE205335	P1072	0	0	1	1	0	FALSE
CXCL10_CXCR3	CXCL	CXCL10	CXCR3	Secreted Signaling	ifn_recruit	low>high	CXCL10_CXCR3	GSE205335	P1072	0	0	1	1	0	FALSE
CCL5_CCR5	CCL	CCL5	CCR5	Secreted Signaling	ifn_recruit	low>high	CCL5_CCR5	GSE205335	P1072	0	0	1	1	0	FALSE
CCL5_CCR1	CCL	CCL5	CCR1	Secreted Signaling	ifn_recruit	low>high	CCL5_CCR1	GSE205335	P1072	0	0	1	1	0	FALSE
HLA-A_CD8A	MHC-I	HLA-A	CD8A	Cell-Cell Contact	ifn_recruit	low>high	HLA-A_CD8A	GSE205335	P1072	0.00132617590721539	0.00105507808446079	1	1	0.0002710978227546	TRUE
HLA-B_CD8A	MHC-I	HLA-B	CD8A	Cell-Cell Contact	ifn_recruit	low>high	HLA-B_CD8A	GSE205335	P1072	0.00687085500074736	0.00357174898033594	0.06	0.89	0.00329910602041141	TRUE
HLA-C_CD8A	MHC-I	HLA-C	CD8A	Cell-Cell Contact	ifn_recruit	low>high	HLA-C_CD8A	GSE205335	P1072	0.00693689000470819	0.003308536613232	0.02	0.91	0.00362835339147618	TRUE
JAM1_ITGAL_ITGB2	JAM	F11R	ITGAL_ITGB2	Cell-Cell Contact	barrier_inhibitory	high>low	JAM1_ITGAL_ITGB2	GSE205335	P1076	0	0	1	1	0	FALSE
NECTIN2_TIGIT	NECTIN	NECTIN2	TIGIT	Cell-Cell Contact	barrier_inhibitory	high>low	NECTIN2_TIGIT	GSE205335	P1076	0.000447179887676782	0	0	1	0.000447179887676782	TRUE
CDH1_ITGAE_ITGB7	CDH1	CDH1	ITGAE_ITGB7	Cell-Cell Contact	barrier_inhibitory	high>low	CDH1_ITGAE_ITGB7	GSE205335	P1076	0.000143262620690798	0	0	1	0.000143262620690798	TRUE
CDH1_KLRG1	CDH1	CDH1	KLRG1	Cell-Cell Contact	barrier_inhibitory	high>low	CDH1_KLRG1	GSE205335	P1076	0	0	1	1	0	FALSE
LGALS9_HAVCR2	GALECTIN	LGALS9	HAVCR2	Secreted Signaling	barrier_inhibitory	high>low	LGALS9_HAVCR2	GSE205335	P1076	0	0	1	1	0	FALSE
LGALS9_CD44	GALECTIN	LGALS9	CD44	Secreted Signaling	barrier_inhibitory	high>low	LGALS9_CD44	GSE205335	P1076	0.000213069675536898	0	0	1	0.000213069675536898	TRUE
LGALS9_CD45	GALECTIN	LGALS9	PTPRC	Secreted Signaling	barrier_inhibitory	high>low	LGALS9_CD45	GSE205335	P1076	0.000430595033817502	0	0	1	0.000430595033817502	TRUE
CXCL9_CXCR3	CXCL	CXCL9	CXCR3	Secreted Signaling	ifn_recruit	low>high	CXCL9_CXCR3	GSE205335	P1076	0	0	1	1	0	FALSE
CXCL10_CXCR3	CXCL	CXCL10	CXCR3	Secreted Signaling	ifn_recruit	low>high	CXCL10_CXCR3	GSE205335	P1076	2.07159048977325e-05	0	0	1	2.07159048977325e-05	TRUE
CCL5_CCR5	CCL	CCL5	CCR5	Secreted Signaling	ifn_recruit	low>high	CCL5_CCR5	GSE205335	P1076	0	0	1	1	0	FALSE
CCL5_CCR1	CCL	CCL5	CCR1	Secreted Signaling	ifn_recruit	low>high	CCL5_CCR1	GSE205335	P1076	0	0	1	1	0	FALSE
HLA-A_CD8A	MHC-I	HLA-A	CD8A	Cell-Cell Contact	ifn_recruit	low>high	HLA-A_CD8A	GSE205335	P1076	0.00301473518640725	0.00236972204675209	0	0	0.000645013139655151	TRUE
HLA-B_CD8A	MHC-I	HLA-B	CD8A	Cell-Cell Contact	ifn_recruit	low>high	HLA-B_CD8A	GSE205335	P1076	0.00218665742267979	0.00153141690971076	0	0	0.000655240512969035	TRUE
HLA-C_CD8A	MHC-I	HLA-C	CD8A	Cell-Cell Contact	ifn_recruit	low>high	HLA-C_CD8A	GSE205335	P1076	0.00287375050624659	0.00213606380603572	0	0	0.000737686700210861	TRUE
JAM1_ITGAL_ITGB2	JAM	F11R	ITGAL_ITGB2	Cell-Cell Contact	barrier_inhibitory	high>low	JAM1_ITGAL_ITGB2	GSE205335	P1079	0.00236801865616212	0	0	1	0.00236801865616212	TRUE
NECTIN2_TIGIT	NECTIN	NECTIN2	TIGIT	Cell-Cell Contact	barrier_inhibitory	high>low	NECTIN2_TIGIT	GSE205335	P1079	0.0017360877935034	0	0	1	0.0017360877935034	TRUE
CDH1_ITGAE_ITGB7	CDH1	CDH1	ITGAE_ITGB7	Cell-Cell Contact	barrier_inhibitory	high>low	CDH1_ITGAE_ITGB7	GSE205335	P1079	0.00195184922126155	0	0	1	0.00195184922126155	TRUE
CDH1_KLRG1	CDH1	CDH1	KLRG1	Cell-Cell Contact	barrier_inhibitory	high>low	CDH1_KLRG1	GSE205335	P1079	0.000234931890523163	0	0	1	0.000234931890523163	TRUE
LGALS9_HAVCR2	GALECTIN	LGALS9	HAVCR2	Secreted Signaling	barrier_inhibitory	high>low	LGALS9_HAVCR2	GSE205335	P1079	0.00083546931086215	7.63112097110678e-05	0	0.02	0.000759158101151082	TRUE
LGALS9_CD44	GALECTIN	LGALS9	CD44	Secreted Signaling	barrier_inhibitory	high>low	LGALS9_CD44	GSE205335	P1079	0.00383528224204891	0.000358358953221179	0	0.9	0.00347692328882773	TRUE
LGALS9_CD45	GALECTIN	LGALS9	PTPRC	Secreted Signaling	barrier_inhibitory	high>low	LGALS9_CD45	GSE205335	P1079	0.00917447832523973	0.000893780938906982	0	0.89	0.00828069738633275	TRUE
CXCL9_CXCR3	CXCL	CXCL9	CXCR3	Secreted Signaling	ifn_recruit	low>high	CXCL9_CXCR3	GSE205335	P1079	0	0	1	1	0	FALSE
CXCL10_CXCR3	CXCL	CXCL10	CXCR3	Secreted Signaling	ifn_recruit	low>high	CXCL10_CXCR3	GSE205335	P1079	1.64999783015568e-05	0	0	1	1.64999783015568e-05	TRUE
CCL5_CCR5	CCL	CCL5	CCR5	Secreted Signaling	ifn_recruit	low>high	CCL5_CCR5	GSE205335	P1079	0	0	1	1	0	FALSE
CCL5_CCR1	CCL	CCL5	CCR1	Secreted Signaling	ifn_recruit	low>high	CCL5_CCR1	GSE205335	P1079	0	0	1	1	0	FALSE
HLA-A_CD8A	MHC-I	HLA-A	CD8A	Cell-Cell Contact	ifn_recruit	low>high	HLA-A_CD8A	GSE205335	P1079	0.0210314798660132	0.0142917875192932	0	0	0.00673969234671993	TRUE
HLA-B_CD8A	MHC-I	HLA-B	CD8A	Cell-Cell Contact	ifn_recruit	low>high	HLA-B_CD8A	GSE205335	P1079	0.0229711091275672	0.0166656142739105	0	0	0.00630549485365674	TRUE
HLA-C_CD8A	MHC-I	HLA-C	CD8A	Cell-Cell Contact	ifn_recruit	low>high	HLA-C_CD8A	GSE205335	P1079	0.0191133416266674	0.0126015832149743	0	0	0.00651175841169319	TRUE
JAM1_ITGAL_ITGB2	JAM	F11R	ITGAL_ITGB2	Cell-Cell Contact	barrier_inhibitory	high>low	JAM1_ITGAL_ITGB2	GSE205335	P1084	0.00594939698316931	0.00249442278936747	0	0	0.00345497419380184	TRUE
NECTIN2_TIGIT	NECTIN	NECTIN2	TIGIT	Cell-Cell Contact	barrier_inhibitory	high>low	NECTIN2_TIGIT	GSE205335	P1084	0.0020327242407852	0.000700269603143579	0	0	0.00133245463764162	TRUE
CDH1_ITGAE_ITGB7	CDH1	CDH1	ITGAE_ITGB7	Cell-Cell Contact	barrier_inhibitory	high>low	CDH1_ITGAE_ITGB7	GSE205335	P1084	0.0016597751084204	0.000618272677626943	0	0	0.00104150243079346	TRUE
CDH1_KLRG1	CDH1	CDH1	KLRG1	Cell-Cell Contact	barrier_inhibitory	high>low	CDH1_KLRG1	GSE205335	P1084	0.00206202367600963	0.000769899668074355	0	0	0.00129212400793527	TRUE
LGALS9_HAVCR2	GALECTIN	LGALS9	HAVCR2	Secreted Signaling	barrier_inhibitory	high>low	LGALS9_HAVCR2	GSE205335	P1084	0	0	1	1	0	FALSE
LGALS9_CD44	GALECTIN	LGALS9	CD44	Secreted Signaling	barrier_inhibitory	high>low	LGALS9_CD44	GSE205335	P1084	0.00577341210197511	0.0030826352153839	0	0	0.00269077688659121	TRUE
LGALS9_CD45	GALECTIN	LGALS9	PTPRC	Secreted Signaling	barrier_inhibitory	high>low	LGALS9_CD45	GSE205335	P1084	0.00889179155731306	0.004814559039471	0	0	0.00407723251784206	TRUE
CXCL9_CXCR3	CXCL	CXCL9	CXCR3	Secreted Signaling	ifn_recruit	low>high	CXCL9_CXCR3	GSE205335	P1084	0	0	1	1	0	FALSE
CXCL10_CXCR3	CXCL	CXCL10	CXCR3	Secreted Signaling	ifn_recruit	low>high	CXCL10_CXCR3	GSE205335	P1084	0	0	1	1	0	FALSE
CCL5_CCR5	CCL	CCL5	CCR5	Secreted Signaling	ifn_recruit	low>high	CCL5_CCR5	GSE205335	P1084	0	0	1	1	0	FALSE
CCL5_CCR1	CCL	CCL5	CCR1	Secreted Signaling	ifn_recruit	low>high	CCL5_CCR1	GSE205335	P1084	0	0	1	1	0	FALSE
HLA-A_CD8A	MHC-I	HLA-A	CD8A	Cell-Cell Contact	ifn_recruit	low>high	HLA-A_CD8A	GSE205335	P1084	0.0143536936258228	0.0117052689174677	0	0.01	0.00264842470835513	TRUE
HLA-B_CD8A	MHC-I	HLA-B	CD8A	Cell-Cell Contact	ifn_recruit	low>high	HLA-B_CD8A	GSE205335	P1084	0.0150148799833606	0.0137484719916228	0	0	0.00126640799173782	TRUE
HLA-C_CD8A	MHC-I	HLA-C	CD8A	Cell-Cell Contact	ifn_recruit	low>high	HLA-C_CD8A	GSE205335	P1084	0.0145997247915258	0.0134828326572672	0	0	0.00111689213425859	TRUE
JAM1_ITGAL_ITGB2	JAM	F11R	ITGAL_ITGB2	Cell-Cell Contact	barrier_inhibitory	high>low	JAM1_ITGAL_ITGB2	GSE205335	P1089	0	0	1	1	0	FALSE
NECTIN2_TIGIT	NECTIN	NECTIN2	TIGIT	Cell-Cell Contact	barrier_inhibitory	high>low	NECTIN2_TIGIT	GSE205335	P1089	0	0	1	1	0	FALSE
CDH1_ITGAE_ITGB7	CDH1	CDH1	ITGAE_ITGB7	Cell-Cell Contact	barrier_inhibitory	high>low	CDH1_ITGAE_ITGB7	GSE205335	P1089	0.000266626833466981	0.000144058080501367	0	0	0.000122568752965613	TRUE
CDH1_KLRG1	CDH1	CDH1	KLRG1	Cell-Cell Contact	barrier_inhibitory	high>low	CDH1_KLRG1	GSE205335	P1089	0.000105906569384398	5.71830461640918e-05	0	0	4.87235232203066e-05	TRUE
LGALS9_HAVCR2	GALECTIN	LGALS9	HAVCR2	Secreted Signaling	barrier_inhibitory	high>low	LGALS9_HAVCR2	GSE205335	P1089	0	0	1	1	0	FALSE
LGALS9_CD44	GALECTIN	LGALS9	CD44	Secreted Signaling	barrier_inhibitory	high>low	LGALS9_CD44	GSE205335	P1089	0	0	1	1	0	FALSE
LGALS9_CD45	GALECTIN	LGALS9	PTPRC	Secreted Signaling	barrier_inhibitory	high>low	LGALS9_CD45	GSE205335	P1089	0	0	1	1	0	FALSE
CXCL9_CXCR3	CXCL	CXCL9	CXCR3	Secreted Signaling	ifn_recruit	low>high	CXCL9_CXCR3	GSE205335	P1089	0	0	1	1	0	FALSE
CXCL10_CXCR3	CXCL	CXCL10	CXCR3	Secreted Signaling	ifn_recruit	low>high	CXCL10_CXCR3	GSE205335	P1089	0	0	1	1	0	FALSE
CCL5_CCR5	CCL	CCL5	CCR5	Secreted Signaling	ifn_recruit	low>high	CCL5_CCR5	GSE205335	P1089	0	0	1	1	0	FALSE
CCL5_CCR1	CCL	CCL5	CCR1	Secreted Signaling	ifn_recruit	low>high	CCL5_CCR1	GSE205335	P1089	0	0	1	1	0	FALSE
HLA-A_CD8A	MHC-I	HLA-A	CD8A	Cell-Cell Contact	ifn_recruit	low>high	HLA-A_CD8A	GSE205335	P1089	0	0	1	1	0	FALSE
HLA-B_CD8A	MHC-I	HLA-B	CD8A	Cell-Cell Contact	ifn_recruit	low>high	HLA-B_CD8A	GSE205335	P1089	0	0	1	1	0	FALSE
HLA-C_CD8A	MHC-I	HLA-C	CD8A	Cell-Cell Contact	ifn_recruit	low>high	HLA-C_CD8A	GSE205335	P1089	0	0	1	1	0	FALSE
JAM1_ITGAL_ITGB2	JAM	F11R	ITGAL_ITGB2	Cell-Cell Contact	barrier_inhibitory	high>low	JAM1_ITGAL_ITGB2	GSE205335	P1090	0.005565359521881	0.00291695877179792	0	0	0.00264840075008308	TRUE
NECTIN2_TIGIT	NECTIN	NECTIN2	TIGIT	Cell-Cell Contact	barrier_inhibitory	high>low	NECTIN2_TIGIT	GSE205335	P1090	0.00270291514144069	0.000419348710270518	0	0	0.00228356643117017	TRUE
CDH1_ITGAE_ITGB7	CDH1	CDH1	ITGAE_ITGB7	Cell-Cell Contact	barrier_inhibitory	high>low	CDH1_ITGAE_ITGB7	GSE205335	P1090	0.00191681948095518	0.000261918674716956	0	0.01	0.00165490080623822	TRUE
CDH1_KLRG1	CDH1	CDH1	KLRG1	Cell-Cell Contact	barrier_inhibitory	high>low	CDH1_KLRG1	GSE205335	P1090	0	0	1	1	0	FALSE
LGALS9_HAVCR2	GALECTIN	LGALS9	HAVCR2	Secreted Signaling	barrier_inhibitory	high>low	LGALS9_HAVCR2	GSE205335	P1090	0.00185428060338498	0.00281525837841008	0	0	-0.000960977775025098	TRUE
LGALS9_CD44	GALECTIN	LGALS9	CD44	Secreted Signaling	barrier_inhibitory	high>low	LGALS9_CD44	GSE205335	P1090	0.00303350563054152	0.00458218662596643	0	0	-0.00154868099542491	TRUE
LGALS9_CD45	GALECTIN	LGALS9	PTPRC	Secreted Signaling	barrier_inhibitory	high>low	LGALS9_CD45	GSE205335	P1090	0.0059262670884694	0.00884144665211646	0	0	-0.00291517956364706	TRUE
CXCL9_CXCR3	CXCL	CXCL9	CXCR3	Secreted Signaling	ifn_recruit	low>high	CXCL9_CXCR3	GSE205335	P1090	0	0	1	1	0	FALSE
CXCL10_CXCR3	CXCL	CXCL10	CXCR3	Secreted Signaling	ifn_recruit	low>high	CXCL10_CXCR3	GSE205335	P1090	6.35045853133338e-05	0.00117209681782032	0.03	0	-0.00110859223250699	TRUE
CCL5_CCR5	CCL	CCL5	CCR5	Secreted Signaling	ifn_recruit	low>high	CCL5_CCR5	GSE205335	P1090	0	2.63168557369847e-05	1	0	-2.63168557369847e-05	TRUE
CCL5_CCR1	CCL	CCL5	CCR1	Secreted Signaling	ifn_recruit	low>high	CCL5_CCR1	GSE205335	P1090	0	9.45728284614744e-06	1	0	-9.45728284614744e-06	TRUE
HLA-A_CD8A	MHC-I	HLA-A	CD8A	Cell-Cell Contact	ifn_recruit	low>high	HLA-A_CD8A	GSE205335	P1090	0.0340815855758624	0.0342771890455275	0	0	-0.000195603469665094	TRUE
HLA-B_CD8A	MHC-I	HLA-B	CD8A	Cell-Cell Contact	ifn_recruit	low>high	HLA-B_CD8A	GSE205335	P1090	0.0365220565051648	0.037082308647096	0	0	-0.000560252141931283	TRUE
HLA-C_CD8A	MHC-I	HLA-C	CD8A	Cell-Cell Contact	ifn_recruit	low>high	HLA-C_CD8A	GSE205335	P1090	0.0345085755087379	0.03430799904013	0	0	0.000200576468607938	TRUE
JAM1_ITGAL_ITGB2	JAM	F11R	ITGAL_ITGB2	Cell-Cell Contact	barrier_inhibitory	high>low	JAM1_ITGAL_ITGB2	GSE205335	P1115	0	0	1	1	0	FALSE
NECTIN2_TIGIT	NECTIN	NECTIN2	TIGIT	Cell-Cell Contact	barrier_inhibitory	high>low	NECTIN2_TIGIT	GSE205335	P1115	0	0	1	1	0	FALSE
CDH1_ITGAE_ITGB7	CDH1	CDH1	ITGAE_ITGB7	Cell-Cell Contact	barrier_inhibitory	high>low	CDH1_ITGAE_ITGB7	GSE205335	P1115	0	0	1	1	0	FALSE
CDH1_KLRG1	CDH1	CDH1	KLRG1	Cell-Cell Contact	barrier_inhibitory	high>low	CDH1_KLRG1	GSE205335	P1115	0	0	1	1	0	FALSE
LGALS9_HAVCR2	GALECTIN	LGALS9	HAVCR2	Secreted Signaling	barrier_inhibitory	high>low	LGALS9_HAVCR2	GSE205335	P1115	0	0	1	1	0	FALSE
LGALS9_CD44	GALECTIN	LGALS9	CD44	Secreted Signaling	barrier_inhibitory	high>low	LGALS9_CD44	GSE205335	P1115	0	0	1	1	0	FALSE
LGALS9_CD45	GALECTIN	LGALS9	PTPRC	Secreted Signaling	barrier_inhibitory	high>low	LGALS9_CD45	GSE205335	P1115	0	0	1	1	0	FALSE
CXCL9_CXCR3	CXCL	CXCL9	CXCR3	Secreted Signaling	ifn_recruit	low>high	CXCL9_CXCR3	GSE205335	P1115	0	0	1	1	0	FALSE
CXCL10_CXCR3	CXCL	CXCL10	CXCR3	Secreted Signaling	ifn_recruit	low>high	CXCL10_CXCR3	GSE205335	P1115	0	0	1	1	0	FALSE
CCL5_CCR5	CCL	CCL5	CCR5	Secreted Signaling	ifn_recruit	low>high	CCL5_CCR5	GSE205335	P1115	0	0	1	1	0	FALSE
CCL5_CCR1	CCL	CCL5	CCR1	Secreted Signaling	ifn_recruit	low>high	CCL5_CCR1	GSE205335	P1115	0	0	1	1	0	FALSE
HLA-A_CD8A	MHC-I	HLA-A	CD8A	Cell-Cell Contact	ifn_recruit	low>high	HLA-A_CD8A	GSE205335	P1115	1.26701695151498e-05	9.54249011606057e-06	0	0	3.12767939908926e-06	TRUE
HLA-B_CD8A	MHC-I	HLA-B	CD8A	Cell-Cell Contact	ifn_recruit	low>high	HLA-B_CD8A	GSE205335	P1115	7.1771712460986e-07	8.85158477213963e-07	0	0	-1.67441352604103e-07	TRUE
HLA-C_CD8A	MHC-I	HLA-C	CD8A	Cell-Cell Contact	ifn_recruit	low>high	HLA-C_CD8A	GSE205335	P1115	7.27905850885318e-06	3.5582786283854e-06	0	0	3.72077988046778e-06	TRUE
JAM1_ITGAL_ITGB2	JAM	F11R	ITGAL_ITGB2	Cell-Cell Contact	barrier_inhibitory	high>low	JAM1_ITGAL_ITGB2	GSE205335	P1119	0.00493929860473205	6.07549766574534e-05	0	0.96	0.00487854362807459	TRUE
NECTIN2_TIGIT	NECTIN	NECTIN2	TIGIT	Cell-Cell Contact	barrier_inhibitory	high>low	NECTIN2_TIGIT	GSE205335	P1119	0.00355373163369446	0.000172871783197999	0	0.69	0.00338085985049646	TRUE
CDH1_ITGAE_ITGB7	CDH1	CDH1	ITGAE_ITGB7	Cell-Cell Contact	barrier_inhibitory	high>low	CDH1_ITGAE_ITGB7	GSE205335	P1119	0.00125273225778756	0	0	1	0.00125273225778756	TRUE
CDH1_KLRG1	CDH1	CDH1	KLRG1	Cell-Cell Contact	barrier_inhibitory	high>low	CDH1_KLRG1	GSE205335	P1119	5.38857653867107e-05	0	0	1	5.38857653867107e-05	TRUE
LGALS9_HAVCR2	GALECTIN	LGALS9	HAVCR2	Secreted Signaling	barrier_inhibitory	high>low	LGALS9_HAVCR2	GSE205335	P1119	0.000362872813117825	0	0	1	0.000362872813117825	TRUE
LGALS9_CD44	GALECTIN	LGALS9	CD44	Secreted Signaling	barrier_inhibitory	high>low	LGALS9_CD44	GSE205335	P1119	0.000342390072376426	0	0	1	0.000342390072376426	TRUE
LGALS9_CD45	GALECTIN	LGALS9	PTPRC	Secreted Signaling	barrier_inhibitory	high>low	LGALS9_CD45	GSE205335	P1119	0.000748923014810386	0	0	1	0.000748923014810386	TRUE
CXCL9_CXCR3	CXCL	CXCL9	CXCR3	Secreted Signaling	ifn_recruit	low>high	CXCL9_CXCR3	GSE205335	P1119	0	0	1	1	0	FALSE
CXCL10_CXCR3	CXCL	CXCL10	CXCR3	Secreted Signaling	ifn_recruit	low>high	CXCL10_CXCR3	GSE205335	P1119	0	0	1	1	0	FALSE
CCL5_CCR5	CCL	CCL5	CCR5	Secreted Signaling	ifn_recruit	low>high	CCL5_CCR5	GSE205335	P1119	0	1.33009101010361e-05	1	0.41	-1.33009101010361e-05	TRUE
CCL5_CCR1	CCL	CCL5	CCR1	Secreted Signaling	ifn_recruit	low>high	CCL5_CCR1	GSE205335	P1119	0	4.66057267671435e-06	1	0.01	-4.66057267671435e-06	TRUE
HLA-A_CD8A	MHC-I	HLA-A	CD8A	Cell-Cell Contact	ifn_recruit	low>high	HLA-A_CD8A	GSE205335	P1119	0.0281384741441367	0.0266641902576133	0	0	0.00147428388652335	TRUE
HLA-B_CD8A	MHC-I	HLA-B	CD8A	Cell-Cell Contact	ifn_recruit	low>high	HLA-B_CD8A	GSE205335	P1119	0.0283312350197127	0.0262946421801821	0	0	0.00203659283953053	TRUE
HLA-C_CD8A	MHC-I	HLA-C	CD8A	Cell-Cell Contact	ifn_recruit	low>high	HLA-C_CD8A	GSE205335	P1119	0.0229525103068471	0.0207774365084979	0	0	0.00217507379834917	TRUE
