sample	CD3D	CD3E	CD8A	CLDN4	GNLY	KLRD1	NKG7	TACSTD2	purity	tnk_score	histology
TCGA-05-4244-01	6.503207193988795	7.613096951979743	7.149990934682721	13.976501474007385	12.303352669926332	3.76197666502256	6.3262317209766525	12.970425894647539	0.44	-0.025480428579227	LUAD
TCGA-05-4249-01	6.499909651200733	7.953853047749529	6.927588355203143	13.939064923815206	4.5957960368016595	3.5785161045373868	6.045165536337954	12.314319830674062	0.49	-0.7833014945854021	LUAD
TCGA-05-4250-01	7.905368952412493	9.064815503842944	9.91131707961421	14.815813558275908	8.138829824481334	7.370425867384641	8.924183042543243	12.58661698787704	0.5	0.9834211360240629	LUAD
TCGA-05-4382-01	7.30799310594776	8.558217879814077	7.410985505583412	13.859573609731127	6.11771581865842	4.983262700602436	6.798556043607899	13.064032018616967	0.21	-0.15447836218340824	LUAD
TCGA-05-4384-01	5.8834497549033395	7.390323752728304	6.856039513266114	12.560208623332217	8.042622451698788	5.034101239143841	6.455228571117138	11.982572964931448	0.49	-0.4056430609514537	LUAD
TCGA-05-4389-01	8.556517550204145	9.714118417504455	10.22355528644633	13.041120093472095	8.516097904124832	6.624261770141607	8.943320664484942	12.486478073757919	0.48	1.1391973634391916	LUAD
TCGA-05-4390-01	6.558359483532602	6.750311719047575	6.302280661441801	13.61109397859494	2.7544599736254787	3.715322328004136	4.584493548624023	12.122481835862333	0.57	-1.332406924927418	LUAD
TCGA-05-4395-01	6.679057785493291	7.603960091864468	7.649033378016698	13.772819717444447	10.260249177314362	6.853297077987202	8.19638573677458	13.846841943944334	0.61	0.4318962755672759	LUAD
TCGA-05-4396-01	6.015350373593976	7.268153642599397	6.14465416453625	12.944201427920794	5.756769792239126	4.372387999717922	5.928225809381476	12.530242939462719	0.82	-0.8380574564047819	LUAD
TCGA-05-4397-01	5.60609868841314	7.098632203508561	6.936402377725063	11.812321728267245	6.198615944648162	5.301287663608558	6.52355254714563	12.163744007829829	0.87	-0.6046786871004443	LUAD
TCGA-05-4398-01	7.1883020089261525	8.48776769632506	8.333879870978405	14.530436819684422	6.415902293507166	4.701044413548244	7.493519248118964	13.230347737791744	0.33	0.0021321446494159033	LUAD
TCGA-05-4402-01	6.996230547528564	7.717141738661792	6.946298080281842	13.687386619531864	5.253815345968399	3.9962712289074838	6.11936447790786	13.547677796464532	0.44	-0.6315083251378285	LUAD
TCGA-05-4403-01	6.74416109557041	8.191572520242309	7.132196378335541	13.680612258732864	7.23694219465735	4.4311348477806	7.094542229952771	13.435553069756628	0.46	-0.23059687678802931	LUAD
TCGA-05-4405-01	5.890239953190503	7.721468362000807	7.996897125512336	14.000396193621164	6.509661009104082	3.8987210906067213	6.167949963187376	12.331185678234803	0.38	-0.5380540523758423	LUAD
TCGA-05-4410-01	7.717539343391165	9.356306702995823	9.38793115172674	13.748853234669642	8.649658566836928	6.2752417644270215	7.7940778981985686	13.041168017910431	0.24	0.7303314973460108	LUAD
TCGA-05-4415-01	6.482919254692388	7.5891342676506355	8.756743110252055	7.737713798170028	9.160151273165752	5.9412096252513	7.816625304161635	7.896834913187883	0.67	0.27988324533934367	LUAD
TCGA-05-4417-01	8.46352437327118	9.591922468317595	8.83668790431524	12.168969776452387	7.744746398786777	6.235330723723236	8.061905775154331	11.35816216196638	0.4	0.7339452869436137	LUAD
TCGA-05-4418-01	8.238987432216188	9.275028005920994	8.939297111941412	12.497220644528904	7.391002941145599	6.0182313418025135	8.37518716965982	11.880987738461295	0.55	0.6531395588046078	LUAD
TCGA-05-4420-01	5.33780027675051	6.348069497697767	6.638166537498227	13.572297579764518	5.579095650461229	4.218602950622523	5.960405135056175	13.923095313185328	0.59	-1.0198867918102292	LUAD
TCGA-05-4422-01	7.972853454999379	9.687270692713133	10.11987488953255	13.32029286553226	7.72349030214343	6.2969272162747965	8.479214390305081	11.968227582645829	0.62	0.88458781231548	LUAD
TCGA-05-4424-01	6.820319394920352	8.564157113189056	8.325656247086116	12.313486787320683	5.3755538429176655	4.425976186836172	6.726041005263188	11.864139705225288	0.24	-0.25279582547850693	LUAD
TCGA-05-4425-01	7.994675885595658	9.19421266373814	7.633271354144157	12.24922606625507	6.360041144098463	3.468935150941235	6.775603696853855	12.79179372615374	0.61	-0.1122296466128075	LUAD
TCGA-05-4426-01	6.1305726219583425	7.895575282380684	6.7588761113756135	12.685307271715647	6.669281936640365	2.792459754034455	6.49534659711644	14.076489952045558	0.7	-0.7009483125112785	LUAD
TCGA-05-4427-01	6.472326921495098	7.987406142513606	8.205289867466968	13.25457839526609	8.286797998264952	5.241516074543464	6.972945333236026	12.508270175567795	0.47	0.00864953295824572	LUAD
TCGA-05-4430-01	8.183054713231929	8.412413184692769	8.255618749839597	13.900149809606647	7.354725425824417	5.701457568768743	7.724691194801597	12.045688002564606	0.2	0.33866482104283824	LUAD
TCGA-05-4432-01	7.5315452166052435	8.680493149041338	8.516318566575627	12.918757043261298	7.7560358577262285	5.468097775597712	7.883095348933096	11.676904702778048	0.36	0.350878338503502	LUAD
TCGA-05-4433-01	7.4475296071869765	8.780844841839999	8.747944550472353	13.198090463250335	6.856437979014447	4.593383652506812	7.40594982676583	12.794982354098613	0.62	0.139997805018084	LUAD
TCGA-05-4434-01	8.111683425113485	9.47950745976385	8.47466722585686	13.577771049846659	7.345671361150588	5.428038514268056	7.872373229293709	14.012109448088834	0.45	0.4809777268985415	LUAD
TCGA-05-5423-01	8.256265309952617	8.792761017216248	7.940689456507351	14.12435560147456	7.547519235271248	5.176514268122135	7.0053101533740625	12.529337820429113	0.59	0.23721919168146466	LUAD
TCGA-05-5425-01	8.552415499001103	9.347515072462071	9.807026413913135	13.463703166463867	8.251401929899005	7.2155232927657105	8.73585722380763	11.869574566053725	0.71	1.0617275630411411	LUAD
TCGA-05-5428-01	6.686892662828797	6.462755821095526	7.524549550425521	14.305042839471819	6.296651956179741	4.335190239460127	5.995170167061005	13.479413987178392	0.63	-0.6481998537348769	LUAD
TCGA-05-5429-01	6.551629829165385	6.6437782821389915	6.515498004532245	14.185982657276828	3.2490356849688746	3.361866594063792	5.635867550770949	13.9395608499534	0.82	-1.196257347052535	LUAD
TCGA-05-5715-01	5.915047573250168	7.508935661864395	6.949348164288564	14.354373366832979	4.824141565177429	2.507109593781773	6.1070370871769795	13.485590348834766	0.73	-1.008457836013925	LUAD
TCGA-35-3615-01	6.8900696748925006	7.672807181299931	7.4307870508650105	12.606756820980452	6.455238436339433	4.902792335224532	6.460570570137125	10.011492843434574	0.69	-0.33891665271038157	LUAD
TCGA-35-4122-01	9.464602926074477	9.374635246303898	9.781185923882193	13.587484541682912	8.75540838133071	7.811329734032389	9.589364638714878	13.262407610776732	0.21	1.3916454445553097	LUAD
TCGA-35-4123-01	10.23958659623831	10.458437373996885	11.692288570007365	13.655653700287425	9.073895193230275	7.868686765322135	10.558018845686911	12.508886652140275	0.4	1.999883452518044	LUAD
TCGA-35-5375-01	8.950981571435117	8.563608139565416	9.388568418762869	13.16335720818885	8.086454724191357	6.148167418275531	9.086746620002346	13.864853546305566	0.58	0.8621471075757907	LUAD
TCGA-38-4625-01	8.436861424745098	8.032166979871155	8.580688202370302	12.46241024800844	7.320376363513278	5.936984144269413	7.8852509906954715	8.250663191223138	0.35	0.399799430625932	LUAD
TCGA-38-4626-01	6.0915052052557375	7.683085846174781	7.8871170180184	12.312573854250424	7.655831216058732	4.989479653949854	7.3079475834312495	11.473041063998432	0.28	-0.1659020698316311	LUAD
TCGA-38-4627-01	7.396236568697209	8.426013099898851	7.305988755134081	12.758381469359435	5.742426666084346	5.080431691638447	7.067843044051491	12.654045225981358	0.22	-0.16595467284291174	LUAD
TCGA-38-4628-01	5.160520907729565	5.7147153475398715	5.134795931386443	14.262278401363771	4.450201696652799	2.933043804946055	4.733381458686795	13.330272674022249	0.5	-1.693509932129297	LUAD
TCGA-38-4631-01	6.730069285704156	7.168180690867903	7.58267642328381	13.061470766911105	7.6176878474486385	5.6108860557679145	7.42032238572885	12.303227076208058	0.49	-0.10756498899558327	LUAD
TCGA-38-4632-01	8.830404287114007	8.758356482939918	8.59963022475692	13.842281585884264	6.937615107496278	5.664019123711298	7.764221402342383	13.009023786079048	0.37	0.46669891862781854	LUAD
TCGA-38-6178-01	6.633487882395818	7.982708428919908	6.303837359150272	12.888385574464618	5.349846473154657	4.182747906936094	5.377179289736639	12.532682223861263	0.32	-0.7704769248549858	LUAD
TCGA-38-7271-01	9.770559836745742	11.591541046320456	10.49780195036798	13.699323018120946	7.813742718836313	7.152081988672827	9.429795871448931	12.762824247908487	0.26	1.6237223209552187	LUAD
TCGA-38-A44F-01	8.723845215390462	9.742467761703	8.340112691953514	12.442738788603116	8.100147186517107	5.042797528080951	8.123955831940165	12.75975505643011	0.26	0.6331801096377221	LUAD
TCGA-44-2655-01	7.747561951969959	8.663579450965004	7.092122849838679	12.834392039329973	7.220417024780021	3.880215323988849	6.038736858118163	12.958520091304939	0.33	-0.23240113130481208	LUAD
TCGA-44-2656-01	8.679085943607117	9.94578617977241	10.496024863259153	13.581777262157326	7.887165770686248	8.334979373734843	9.210720041530504	13.495317912660798	0.32	1.385258210649379	LUAD
TCGA-44-2657-01	9.124242824036042	10.655002920436845	10.46462742926964	13.965026670874595	7.7307010857674765	6.920460048587462	9.47656193217348	12.923598615290599	0.34	1.3850019143530024	LUAD
TCGA-44-2659-01	8.151909540655303	9.769055965410377	9.511744748567414	12.929552466501967	6.059781394687843	5.34182211868964	8.082271478910803	12.314908904276072	0.42	0.5366062167794682	LUAD
TCGA-44-2662-01	6.083051641156279	7.762727513253382	6.242078452577234	13.933653775773283	7.02939766829425	4.54003347064996	6.379094132483025	13.35760698432659	0.26	-0.5620562832540859	LUAD
TCGA-44-2665-01	6.902025327833593	8.160395857795216	6.757703351035774	12.318469373865337	5.034906782467371	4.098369023474907	5.63985437944181	12.175031759118564	0.43	-0.6701414705129887	LUAD
TCGA-44-2666-01	5.38790358788273	7.343416705860617	7.936514274127639	12.967467648649695	6.964236886024318	4.530076986563374	5.892101972194319	11.999150898848683	0.56	-0.5748992698547634	LUAD
TCGA-44-2668-01	7.682538184599395	9.152969262819019	9.575654582194705	12.756641797588328	8.374209208314655	7.5289775665970415	8.499176193642679	12.903043920697606	0.3	0.920038892270063	LUAD
TCGA-44-3396-01	7.60569433213848	9.305343581925664	9.43785400391655	14.073154123498764	6.603157485637389	5.814283802728053	8.276208172231788	12.913456051408463	0.24	0.5254211898800968	LUAD
TCGA-44-3398-01	8.15884696237417	8.739959459124739	8.152345692835194	12.112015889139705	16.12988267344546	6.679466024363217	8.32025901362267	12.33575600697942	0.19	1.3723536492705184	LUAD
TCGA-44-3918-01	9.428410425357344	10.324270571581541	10.074703442260056	13.427443801793194	10.286442248974012	7.755575289991954	9.886400773345454	9.533865046118448	0.45	1.7181887311480681	LUAD
TCGA-44-3919-01	8.401886410307442	9.720974400445547	9.109948154067265	13.395400248863822	7.907034857899613	5.009862200566929	7.7260955165244685	13.041919196565338	0.51	0.6100493309171798	LUAD
TCGA-44-4112-01	6.7471993966126735	7.937679836249222	8.07077571231746	13.533427076865156	7.7673105017331645	5.167510475359841	6.9898656228662865	10.641130529733402	0.57	-0.03399658795143664	LUAD
TCGA-44-5643-01	7.395097083688178	8.828203141830981	8.221417951124215	12.133588569458633	7.170916513489697	5.211646933129619	7.54188649247228	13.673386376501188	0.56	0.19578597085877303	LUAD
TCGA-44-5644-01	5.611181234528131	6.764619511650133	6.825098708560611	12.247191741211571	5.706124374777724	4.60140533365055	6.263231635814204	10.54554371207463	0.75	-0.81787354678016	LUAD
TCGA-44-5645-01	8.419391412228263	9.839343955805761	7.852142450055742	12.909098032751807	4.546906803749617	3.8273719230782985	6.325058950202179	13.564661584415878	0.54	-0.12881364657114516	LUAD
TCGA-44-6145-01	8.72014163258364	10.141941073988889	10.430483914260307	12.058350321889963	8.739463350719305	7.753430713572757	9.211679052098855	12.750382489880277	0.31	1.4221522352732425	LUAD
TCGA-44-6146-01	5.555475683024055	6.6988852093650895	6.778129709717626	11.31152695614106	4.612688655895851	4.318541002096215	5.854474470626155	13.466242190967744	0.7	-1.021278654086992	LUAD
TCGA-44-6148-01	6.174861783173751	7.771423440756639	7.212520703489469	11.99369558768673	4.264048444328273	4.264048444328273	6.429194140184659	12.876198444153482	0.3	-0.7239620780776135	LUAD
TCGA-44-6774-01	6.740765693156027	8.225578608969027	6.825963664174427	12.286927339897055	5.35624242858588	6.085647723036062	5.940375855619113	11.4344874954618	0.45	-0.3804752748330678	LUAD
TCGA-44-6775-01	6.761843730817993	8.171071688546768	7.193584496233679	12.787939279103337	5.505319326395765	4.012917238000334	5.298823248404764	13.339641264543685	0.27	-0.6414694602091452	LUAD
TCGA-44-6776-01	5.972269891610055	7.467654454170759	6.593144582963272	12.902814112401208	7.5639055262085115	4.298526355714959	5.365619056970021	12.050413267630365	0.65	-0.6692853215054048	LUAD
TCGA-44-6777-01	7.367406014232993	8.970937034735854	7.709504321857791	12.475307854215917	7.247671222482175	4.742863162998842	7.165469819792813	11.899372029598373	0.34	0.06258215267488548	LUAD
TCGA-44-6778-01	8.884008683921389	10.280063165780192	9.872748744365794	11.293770502910599	8.44852933004466	7.511531291793178	9.612363557799407	9.928296291201589	0.25	1.3883024807469146	LUAD
TCGA-44-6779-01	7.902640413317389	9.800922542938322	9.93146589194979	12.370491256685412	10.024918018199312	8.23962239497465	9.69532052357421	13.83972541074296	0.6	1.4489750222581097	LUAD
TCGA-44-7659-01	6.378724890530671	7.977972479863567	7.174905714265038	13.438999718732484	6.093065728392215	4.404589814090811	6.6919807506032765	12.00810993335798	0.56	-0.4569666374899828	LUAD
TCGA-44-7660-01	6.58568066384907	7.883229789032732	6.741237754959895	12.391933619144043	7.355430387408396	4.758894761224664	6.917204973786377	14.204525295161316	0.58	-0.30778599635351167	LUAD
TCGA-44-7661-01	7.656868151264454	9.025103563680574	8.097789858350298	13.109500950998749	6.123233703823479	5.091881746089108	7.249397933135491	11.55228003607616	0.29	0.09498444701451887	LUAD
TCGA-44-7662-01	7.288939879218478	8.570364258483373	7.942872202445676	13.659962455043706	8.159957088830172	6.641735312593691	8.159957088830172	13.189839998598778	0.33	0.4449591014602004	LUAD
TCGA-44-7667-01	5.168260935325458	6.617914071442431	6.4020297189612485	12.137304985825237	7.0095263333946445	3.2714854385270637	6.6227956774838574	9.643948158652105	0.37	-0.9309925720980133	LUAD
TCGA-44-7669-01	7.093338329532564	8.332734782554063	8.318944945848102	11.876413345063028	7.884030059420591	4.603365226933463	6.838863549149256	10.108720461810858	0.5	0.01912957823012724	LUAD
TCGA-44-7670-01	5.959081558341426	7.246617103261788	7.530913483529707	13.43281590291108	6.232551399431159	4.539673745817169	6.08924389411219	12.036946277951346	0.5	-0.6069651432741531	LUAD
TCGA-44-7671-01	4.860093741828548	6.669976340592806	5.794665392020446	12.645572876795217	5.3357690682627	3.470237492707901	4.7461461265996965	12.00736021202176	0.58	-1.38271318366956	LUAD
TCGA-44-7672-01	8.87398540611098	10.028914425062537	8.867970573135803	13.438596950854475	8.984879819567956	6.368221823092613	8.4074377330292	12.069631016005259	0.21	1.01882340619195	LUAD
TCGA-44-8117-01	6.346219402219907	7.470260273225182	7.484299281164517	14.330958881434862	5.373936999815326	5.022696266199899	6.376651567619248	14.868644135599412	0.66	-0.5256931716518516	LUAD
TCGA-44-8119-01	7.381222797424006	8.184210856105835	7.934115435122411	12.034585774537403	8.551904324105978	5.9049705340799985	7.46737730908524	11.40408778339782	0.55	0.276633890240543	LUAD
TCGA-44-8120-01	6.744833837499546	8.105678077894536	7.109444143022393	13.693432506930698	5.017850662038538	2.4556231274004374	6.229020653664513	12.486950633606325	0.54	-0.7799337368748199	LUAD
TCGA-44-A479-01	8.905188413930842	10.088748494504426	9.968047539685616	10.890043827322543	8.418232121529552	7.84014847548695	8.85655936467586	9.341096237957641	0.36	1.3244986452359098	LUAD
TCGA-44-A47A-01	7.533236275349081	8.997842798747286	7.271752471658675	12.488377428045089	4.9393535368291905	3.3521794102273597	6.08835364252704	12.893487355004648	0.34	-0.46381446611115473	LUAD
TCGA-44-A47B-01	7.45290013692999	8.710200305608174	9.034829218972005	12.16775996133445	7.910420875629386	6.536125965918973	7.430603085902931	11.850886132961172	0.5	0.4895976282075168	LUAD
TCGA-44-A47G-01	8.596473048284873	9.942974804099176	9.828953621216261	12.755809764041237	7.660930042591283	6.057289963828728	8.108676036337302	13.148449571115183	0.24	0.8878348500736676	LUAD
TCGA-44-A4SS-01	7.979825293003948	9.580934996121904	9.229441319480776	14.255375329835035	8.791055415169732	6.421864541538985	8.560768443235478	13.768959647713142	0.25	0.8935035371000132	LUAD
TCGA-44-A4SU-01	7.245286484256555	8.69252484006394	7.069841772752822	13.742456814214057	4.585407263128082	3.24057383843354	6.302746750646219	13.335725306916354	0.59	-0.5851780015113189	LUAD
TCGA-49-4486-01	6.132535716227471	7.17295748295195	6.981270435768928	13.609409624761803	6.620873747921265	3.621137578868859	5.988870975521266	12.827521342807465	0.73	-0.7385701870227449	LUAD
TCGA-49-4487-01	8.786619230516818	10.345316530997628	10.042917880770434	12.820482151857423	7.71954625949691	6.231442008973949	9.439508864271106	11.690124594664528	0.17	1.1684137946620332	LUAD
TCGA-49-4488-01	7.588894492843246	8.681118914426104	9.067923691550291	14.24905417889787	7.3823300542657675	5.808276921708104	8.362000778796036	14.946143249538638	0.45	0.4804945816759055	LUAD
TCGA-49-4490-01	6.8123955387581345	8.712258727075879	6.84799690655495	14.705788958790835	5.155202776442969	2.7260464564820013	5.906221992001107	14.402166030240341	0.26	-0.7139456858106966	LUAD
TCGA-49-4494-01	8.311085272103908	8.335385888138896	8.74166921919463	14.429583275156785	8.104834597235584	5.464681334834124	8.258547190403073	12.696295995319815	0.46	0.5048172508333099	LUAD
TCGA-49-4501-01	8.06382108533299	9.362090666815645	7.981755633351553	13.671364146601185	6.382504715624677	4.074847915900167	7.505517825442708	13.75419855099234	0.43	0.11451298747148493	LUAD
TCGA-49-4505-01	8.26830806239773	9.00576768887692	9.195202396202019	14.412655844955196	8.153552031708111	5.410680298897946	8.543642805649396	13.440363097686992	0.45	0.6714243940734654	LUAD
TCGA-49-4506-01	9.144958985361267	9.20456136323272	10.352639366445151	11.078404358124278	8.470845934439932	7.530304886416343	9.88475663801689	11.93407782942448	0.25	1.3690305749903906	LUAD
TCGA-49-4507-01	9.483769432964113	10.43993474597639	10.670523479662	12.164627283158314	11.67329140619396	8.50307836354134	10.950453833151462	14.282936375738448	0.35	2.147425036966353	LUAD
TCGA-49-4510-01	6.923268052885419	7.08807797709372	6.982754056031273	13.719142788799507	7.050338438167299	5.068971698990894	7.254178286216762	12.95944415599423	0.64	-0.29722626901957877	LUAD
TCGA-49-4512-01	6.209858822930194	7.730476930317331	5.534488095875969	13.654087753942191	5.022998022118357	2.488463593392993	5.184177127719035	12.242042714733907	0.32	-1.193395341774038	LUAD
TCGA-49-4514-01	8.25146820846623	9.518076749271016	8.781920288356359	12.624313411034098	8.13849708367068	5.23745281987558	8.453904375071415	12.801285995607406	0.35	0.6583139891158812	LUAD
TCGA-49-6742-01	5.25872996184138	6.426452628334522	6.77970622475336	13.559532441966091	6.074000130601506	3.60711722305341	6.963335396628186	13.021231590175557	0.49	-0.9117823487712267	LUAD
TCGA-49-6743-01	6.8379684636118325	8.183610571370966	7.885610968145253	12.735164623928103	7.5009693169684954	5.73034106157733	7.297072165480694	13.282837943811424	0.27	0.06405750354097002	LUAD
TCGA-49-6744-01	8.626052127115434	10.152880559956147	9.418483028865799	13.065463258803252	7.977382969465525	6.185713944496246	8.191019721911303	12.50610671064009	0.37	0.9264397669444997	LUAD
TCGA-49-6745-01	7.823704784825835	9.304807618034841	9.414837424179755	13.972064353316426	7.1550509463039225	5.906123358769909	8.080972046225893	13.658512756723383	0.24	0.590157242069904	LUAD
TCGA-49-6761-01	7.907173095726792	9.21128238138133	9.034952988525104	13.463843631286798	9.392197193182383	6.475615092699667	8.791693624535458	12.113794247962549	0.29	0.9022445259414753	LUAD
TCGA-49-6767-01	7.655294577673406	9.23689198298081	9.351096035726647	14.928837561206812	8.911311086787844	6.1700432174424344	9.048219834900124	15.4510533084322	0.43	0.8592076553596179	LUAD
TCGA-49-AAQV-01	9.002961246289692	9.129179963618668	7.889838550766045	13.84268426195271	6.99940251037707	4.835641165136714	6.630529243908662	13.125650778819624	0.25	0.23643792767573404	LUAD
TCGA-49-AAR0-01	8.681305185398834	9.2581042975951	8.109365783522238	13.914086097012722	6.479778647563163	5.096666668580179	8.576537254092788	12.69558065587493	0.51	0.44328479122538605	LUAD
TCGA-49-AAR2-01	7.9605638363587525	8.763899517007875	8.093956246028663	12.357087342407766	7.099221552623441	4.041540884122263	6.843481425432457	12.875808854645141	0.69	0.022211622127572255	LUAD
TCGA-49-AAR3-01	8.98612077418564	10.192280483691226	10.579900440679115	12.771369790176914	9.621291824336069	6.992167938060634	10.261483802777711	12.906809817452913	0.32	1.5954659204607624	LUAD
TCGA-49-AAR4-01	9.731838307775575	11.065752701816972	11.651056177163996	13.586053971194994	8.005568412107902	6.212180210044431	10.68255574108031	13.59733097224414	0.22	1.7349716729693723	LUAD
TCGA-49-AAR9-01	5.069693575042783	6.337231184218805	7.299153057529317	14.464086220137066	6.94875267755046	5.508295533051916	7.6938911342712695	13.799484005620014	0.75	-0.502953058015139	LUAD
TCGA-49-AARE-01	7.629990392309326	8.894023456239694	7.936455382366019	14.589118580478257	7.244696817804489	5.134939643492981	7.304072909992781	14.406689986245938	0.42	0.17229305895382493	LUAD
TCGA-49-AARN-01	7.150204239167997	8.219241137512464	7.667033460525694	13.455185923807115	7.209599577311681	4.5930130778259155	6.751088751692132	12.883876606848766	0.43	-0.1379509942180344	LUAD
TCGA-49-AARO-01	8.210359639287663	9.221918154004715	8.240924864696563	13.974683456718724	9.783602344011156	6.488425030516846	8.281586983979961	14.113107266590228	0.28	0.8306045761465518	LUAD
TCGA-49-AARQ-01	7.614297586635367	8.706855136220094	7.881615680395295	12.17808902734427	9.010128039969118	5.87934308675535	8.260298582624255	10.611467500233413	0.52	0.5007246236092023	LUAD
TCGA-49-AARR-01	7.739996576023247	8.91343996949238	8.587672521055705	12.464213882096894	7.544871726514891	5.43803663067752	8.267638790533674	12.747431459321536	0.64	0.4372272647342244	LUAD
TCGA-4B-A93V-01	7.692866534941732	8.399897386554564	7.154251043780823	12.813626894746664	8.444414460468453	4.990519264064913	8.816436510986982	10.524708207911157	0.62	0.2952525855417836	LUAD
TCGA-50-5044-01	7.94632147710713	9.220864384455089	8.970140411316802	10.457709193357593	9.74088878129855	6.033050716161301	8.733930490020573	10.258754455223128	0.23	0.8761813751287214	LUAD
TCGA-50-5045-01	9.606895590137817	10.296170583568456	9.48103449965467	13.018760036180582	7.450039992652228	5.860630135393008	8.869075582838112	12.479373564725151	0.22	1.0674924502615932	LUAD
TCGA-50-5049-01	9.65806863458683	10.84702601686863	10.942573150287151	13.537655220517644	7.218006150284427	7.470366035200792	9.584475884789	12.875975834459805	0.26	1.5601242065322205	LUAD
TCGA-50-5051-01	5.903739677550054	7.388344546203837	7.14950326311496	13.483286759266926	7.0851165549345385	3.566121032480259	5.100452094900937	12.643662314602325	0.59	-0.7846094429516915	LUAD
TCGA-50-5055-01	10.104166273340667	11.101870648379418	10.09871641098064	12.766483357806727	6.924004843311192	6.605042383768857	9.267835392097615	12.89741817958536	0.13	1.3900311795685676	LUAD
TCGA-50-5066-01	9.957147034368003	9.682218619312374	10.31376735563891	13.162018332545466	8.305291134674524	8.382636994561945	10.198715137792213	11.585572887059051	0.27	1.6491903309348792	LUAD
TCGA-50-5068-01	10.287031266734878	9.524277245677062	9.71688632265236	13.71234428762109	8.666422859060269	6.4629962420569	8.539558211702198	13.219936865615711	0.24	1.2235315693889754	LUAD
TCGA-50-5072-01	5.964211467118845	7.72849877768294	6.516191689790362	13.062909606891301	5.517392238101419	3.751795755617081	6.2964243681752015	13.381745714536569	0.4	-0.7924766579453838	LUAD
TCGA-50-5930-01	7.5867572386797715	9.196407869034337	9.119267977365482	12.719855097183988	7.930938354834099	6.235935714811566	7.938768021267001	13.257103459944767	0.95	0.6065149921130485	LUAD
TCGA-50-5931-01	3.699873626730628	4.782156910124127	5.821597978381496	13.022882721643555	3.2027468159858143	5.02528133263711	4.068911526345785	12.606516256150245	0.86	-1.8757473065863852	LUAD
TCGA-50-5932-01	5.0262556269058924	6.380145867271734	5.825126700537565	14.332589065260438	6.17966828909244	3.4561621798732194	5.453175137198287	13.945379820852162	0.84	-1.2377277108348945	LUAD
TCGA-50-5933-01	6.332725832971762	8.084484209957994	7.583744712953915	12.546238540330583	6.797233516875363	5.295344671497084	6.560380222622244	12.567858656947454	0.3	-0.2483393662548634	LUAD
TCGA-50-5935-01	7.747595517302203	9.244228241580846	7.998054431738031	14.150738948828412	7.093855918612637	3.967417644643879	6.820791658506314	11.959241274852687	0.39	0.03644879458755105	LUAD
TCGA-50-5936-01	6.628674457536427	8.069014677915181	6.5963418462092305	14.030072212226203	3.9653133121338424	3.0548311159400066	6.182640658278336	13.658691259763893	0.6	-0.8933352388966341	LUAD
TCGA-50-5939-01	6.2265855947931215	8.053931310288684	6.0883727251076465	11.730597503107605	7.488265947756217	3.941697920016509	6.291025155944634	14.045606102413956	0.38	-0.5588223352307637	LUAD
TCGA-50-5941-01	8.835320930966107	10.090244770936422	10.018061050114445	13.152215114587095	8.334474421639888	5.875099339611507	8.779594611612767	12.821411269946232	0.27	1.0786356483128263	LUAD
TCGA-50-5942-01	6.858925899615991	8.32775471950614	8.074194994042873	12.383974232607853	4.956409846363064	4.240367761493895	6.219569320989048	12.380864162485326	0.69	-0.42707286701321284	LUAD
TCGA-50-5944-01	5.34483559685714	7.148476582178278	6.549932490900276	13.553281296558161	4.400879436282184	2.946412721100409	4.948722312817306	13.472614692174796	0.57	-1.2964175403001397	LUAD
TCGA-50-5946-01	5.6774208548071465	6.635520790405917	6.859845343921445	13.531759143729431	4.705342091370336	3.5772475355931506	5.106486518112058	13.488881994584082	0.75	-1.1676792587146323	LUAD
TCGA-50-6590-01	7.977777910830689	9.44766803989307	9.231221180711186	11.948994988578217	8.765664026201385	6.578413452345326	8.466451747875807	11.567076694870247	0.25	0.8805505108474887	LUAD
TCGA-50-6591-01	0.6757256187968363	8.733798334904762	1.9952674199042508	10.468389853227158	2.801924302482616	0.6757256187968363	1.7610724707886412	8.745892770311585	0.9	-2.9748146717851722	LUAD
TCGA-50-6592-01	7.908884944641481	9.22359631162466	9.847182656179218	13.692811625151263	10.329000226235637	7.867167521244073	9.228751363156322	13.26691095606716	0.28	1.2954885657150583	LUAD
TCGA-50-6593-01	6.224295008450369	7.628780884466986	6.354399264553124	13.130720165484282	5.709149999191678	2.6162400556184795	4.900369324428993	13.081926098465221	0.31	-1.0647950087161817	LUAD
TCGA-50-6594-01	5.2601724781003165	7.2384047393250786	6.18648074897598	13.826737153407985	7.705604742640681	4.512922146015694	6.607018065957859	12.511513008147345	0.6	-0.6552425153294953	LUAD
TCGA-50-6595-01	6.906541902171483	8.37306959061204	8.169007997597788	12.390222706877	9.513538118771823	6.402607927134992	8.29250569698204	12.88953058115561	0.22	0.5112059303291179	LUAD
TCGA-50-6597-01	9.124178191157558	10.46442322325918	7.803692013622716	12.83195836834448	6.937615107496278	4.0072044733603915	7.869124948993626	13.116095367364457	0.48	0.46042176148307296	LUAD
TCGA-50-6673-01	7.450089495801851	7.719450429379244	6.020973273887664	12.852825976569532	3.7969714608347207	1.9276310189236558	5.685847665030394	11.80407857326261	0.35	-1.1046304579276802	LUAD
TCGA-50-7109-01	7.74529112288835	9.155605049051527	8.871624985790257	12.729200108595764	8.57421885099314	5.409160086462693	7.634469844206545	12.235640310787543	0.44	0.5229703435700748	LUAD
TCGA-50-8457-01	7.983609297294155	9.79844101895877	8.882422960450091	13.648638453234321	6.823940382492053	5.099669717737757	7.696216434056393	12.410088246995722	0.6	0.44671243669356314	LUAD
TCGA-50-8459-01	8.041138921119874	9.244071222612172	7.984896904170693	11.373115279633698	6.652353118336744	4.323579035725816	6.578262479969567	12.300123724569014	0.29	0.04360953055293921	LUAD
TCGA-50-8460-01	8.175444759642062	9.652117169345873	7.962612642613342	13.265156440347718	6.957636059189918	4.422643410573841	7.791618747239662	13.047198908489136	0.42	0.29186716626718867	LUAD
TCGA-53-7624-01	6.422243094129835	7.911625676523785	7.432266279640146	12.33707270372644	7.720586291252868	3.869318694828905	7.149493101537499	12.867408097624965	0.69	-0.2869925904523684	LUAD
TCGA-53-7626-01	8.253478788532158	9.780795640659976	9.650996063805175	13.951994958123406	7.793128564188112	6.276887435673362	8.582781782775218	13.194536802027844	0.42	0.8949269222925375	LUAD
TCGA-53-7813-01	8.593973685871392	9.147942622657935	9.226773423448158	11.76441549435356	5.682564870365952	5.464847939300463	7.094478891812731	11.817966943780252	0.36	0.3424448430352592	LUAD
TCGA-53-A4EZ-01	6.358369886391825	7.6012062258446	7.356495987705577	12.448851923287084	6.503062457749978	4.2252980695745155	6.419326516566236	11.007195501404203	0.47	-0.5022802597879504	LUAD
TCGA-55-1592-01	6.049336710236565	7.499702407513738	6.920864928709889	13.28745844287517	4.782597277226518	4.216625588183935	6.151739101184884	13.73657105329737	0.49	-0.7979266174402916	LUAD
TCGA-55-1594-01	6.845414777935103	8.080305899599015	7.594078223579488	11.804320624682582	7.720456328278145	5.200472965605279	6.963716864737323	10.218260498797305	0.55	-0.06082285129544277	LUAD
TCGA-55-1595-01	7.1247520298363325	8.417464369274025	8.41875497156997	12.713324217349914	7.207512220355949	5.245237037618793	7.099284682894502	11.44205708547574	0.52	0.08610506128569252	LUAD
TCGA-55-1596-01	6.5077010997955265	7.797227030914207	7.573351802365757	13.528417481278778	6.41063620815056	3.9820078716211516	6.803692013622716	14.226494982803962	0.63	-0.4250686759858126	LUAD
TCGA-55-5899-01	6.985637042685167	8.31114432253056	8.20896101068142	12.77331644122339	8.166549758474813	4.392516638338887	7.906235222775266	8.511958173763908	0.67	0.11518180332477675	LUAD
TCGA-55-6543-01	6.096915405107276	7.504636281027964	6.647020874531045	13.539764654580962	6.012237906241959	3.3890160596885095	6.304472710587359	13.000720111109928	0.65	-0.7848441527200355	LUAD
TCGA-55-6642-01	7.691862139763458	9.107109817757314	8.899081953791773	12.078611168864192	8.43060726718532	6.350548518423294	7.771898780276347	11.906811696066042	0.37	0.6236502420031821	LUAD
TCGA-55-6712-01	8.310062862377078	10.003264908817494	10.28194161482088	13.991424411268799	5.91056478535927	6.303314992958859	8.549746169901429	14.124428304318565	0.29	0.8262433536005775	LUAD
TCGA-55-6968-01	7.649407086664713	8.942889791818793	8.77960774301867	13.058411207229845	8.45896840638584	5.98624481095924	8.440071832361703	10.289027517814805	0.65	0.6204508508718132	LUAD
TCGA-55-6969-01	8.877977319606101	10.198702861782795	9.131478878681438	12.45941881056339	7.418358634884384	5.345864706848356	8.895847891906433	10.625873191365917	0.25	0.863413851560443	LUAD
TCGA-55-6970-01	7.136857855229683	8.81405046915951	8.530507780648255	11.77176180613067	6.041970105138392	5.512590359412485	7.15647751916552	11.913656125375338	0.56	0.08096502867249192	LUAD
TCGA-55-6971-01	8.782988383495077	10.068240861312821	10.359398176276049	12.17837852418328	8.210705432379635	7.0930530480157294	9.077365853542696	11.011171335927099	0.23	1.271034993866059	LUAD
TCGA-55-6972-01	3.8776068438780484	5.2731876280483965	5.678869111952857	14.139351497155717	6.833067176361781	3.634070458133498	6.581184007787508	11.900889444231629	0.83	-1.334660922848956	LUAD
TCGA-55-6975-01	6.46230103788004	7.989496684167754	7.6169604585439545	12.428880935585909	4.612953987797473	4.400360314147596	6.377573219548392	13.083751884518156	0.46	-0.5699664592873607	LUAD
TCGA-55-6978-01	8.460451800647213	10.077723674748771	10.616135273189034	13.312230646163666	10.378750029717828	8.109752315769626	9.609090067860198	12.089308124650849	0.26	1.6427778269803983	LUAD
TCGA-55-6979-01	8.824678763719314	9.866207905926855	9.829806757735057	13.211392511029276	7.94388031368461	6.68901954137795	8.671035017477102	12.453329801816464	0.33	1.070568929293088	LUAD
TCGA-55-6980-01	8.37749253343474	9.477272565045219	7.630602046258268	14.019938156424795	6.034407222506767	4.8282964573488085	6.579036800948866	14.29940837878492	0.31	0.0766499610189539	LUAD
TCGA-55-6981-01	8.437186116986789	7.221548455552943	5.369846824801606	14.957342410235494	3.1529459471662906	4.904358850157492	4.904358850157492	13.076454878198874	0.26	-0.92829496843977	LUAD
TCGA-55-6982-01	6.391774592534143	7.843129628266788	7.414676780426886	14.882948672716632	6.074135038864181	2.7073480874832696	6.498593945574687	12.25986975872984	0.25	-0.6652258734683741	LUAD
TCGA-55-6983-01	8.122362116711443	9.691544633353363	8.908191440113088	13.102172567663713	7.575282072504341	4.587940993755221	7.94272561599604	11.973413964756476	0.27	0.4929886624452571	LUAD
TCGA-55-6984-01	6.34764439835888	8.123495491166697	6.471697972218825	13.51380160371769	5.003539274799557	3.8788430276417865	6.379671208774114	13.656670654690968	0.81	-0.720801548710448	LUAD
TCGA-55-6985-01	7.822558084830552	9.44247910546989	8.77827429533858	14.23716513730475	9.29087821593237	6.535912976910111	8.595522308719424	13.34867283510912	0.39	0.8677317743996197	LUAD
TCGA-55-6986-01	6.8004469649139505	8.45053907164035	7.342848047534136	13.33508324682622	5.3565276794623635	3.482125464079991	6.272547676147641	12.209815821593137	0.4	-0.545458672878673	LUAD
TCGA-55-6987-01	9.189775150669567	10.81129440774566	10.735936743624281	12.335002271134133	10.851280557878612	8.379036065480639	10.411754594359694	12.030149824925715	0.16	2.0136179665829634	LUAD
TCGA-55-7281-01	7.549399641246644	8.855204868994345	8.40952246998336	14.625885744980382	7.584083090458079	4.96344637957271	7.5754938664602856	14.825401064729935	0.42	0.25444849908653183	LUAD
TCGA-55-7283-01	7.143138279452038	8.67248545301256	8.417228055589485	14.172911867821396	7.275053621355568	5.132790681274512	8.020407746183963	12.498091268540895	0.47	0.22149483591482585	LUAD
TCGA-55-7284-01	7.022689609107809	8.343492213935942	8.096483250620697	13.258801556711596	6.528535376063907	5.407740227929562	7.249416896502574	12.674874164447635	0.4	-0.0012246331730900821	LUAD
TCGA-55-7570-01	5.74747602116074	7.106630984320619	8.17935678034362	12.699095235298893	5.73572795245389	4.916185209714032	6.381160488974117	10.182121183904883	0.57	-0.5477705695829626	LUAD
TCGA-55-7573-01	7.5449567074939035	9.277743038450758	7.979573815991316	12.492857123113314	6.267925258175791	3.7015046997649126	6.624658032384265	13.47346477304489	0.33	-0.11753254111497569	LUAD
TCGA-55-7574-01	8.429277008208212	10.173926931999809	9.638779802810584	12.001207610651102	8.562467589208422	6.370901833759603	8.151726926166464	11.229708078238051	0.19	1.0013356555618362	LUAD
TCGA-55-7576-01	6.944788182974459	8.628212211143255	8.470162639904082	13.84502933427087	4.910833378453269	3.3280178241939287	6.787719762919262	14.02622947901941	0.47	-0.3750044758560045	LUAD
TCGA-55-7724-01	7.624927019263319	9.304380985313248	8.635877705676078	10.785068243248583	7.369195996598546	6.93360804428208	7.2882754977798845	12.884575027670293	0.28	0.5230773338196838	LUAD
TCGA-55-7725-01	8.463078826407127	9.77651528181284	8.670702273011392	11.639851666872248	6.670160514126633	5.317068858635336	6.655207265616837	12.667610543074142	0.61	0.37088022117762187	LUAD
TCGA-55-7726-01	5.938690404982443	6.794766749497615	6.747884146927621	12.253286130790277	4.9203552375721085	5.291102535264325	5.761250695079371	14.014020470314934	0.26	-0.8335164613023519	LUAD
TCGA-55-7727-01	8.242388143474825	9.233420753264838	8.31899012268064	12.060885036620764	6.658211482751795	4.687654221799589	5.900035962770442	13.355089515405044	0.56	0.07022814266310749	LUAD
TCGA-55-7728-01	8.525426844892724	9.747652576574867	8.20881473426477	12.820984667696163	7.879509734616671	5.5062940914170575	8.219613847508375	13.140877689431605	0.42	0.6374614964399175	LUAD
TCGA-55-7815-01	8.382256551827904	9.367019348388396	7.595332085598441	9.664662383853903	4.172655521454181	3.5876050200595317	5.132087361952747	12.060878283299957	0.29	-0.4255942161408162	LUAD
TCGA-55-7903-01	7.514619383415199	8.758183231862086	8.763155919644092	13.78086780181646	9.37975090687605	5.937556260655178	8.0256434483562	13.181616615607295	0.64	0.6102050442557784	LUAD
TCGA-55-7907-01	7.801210401759703	9.32495457777726	8.67641904465374	13.469972439358166	6.969426815503908	5.296868498527906	8.23474559389111	13.50386299720059	0.39	0.43563967098006046	LUAD
TCGA-55-7910-01	6.019899804474506	7.7349602074595625	5.672425341971495	12.156948939193702	6.282660344045605	3.222387268844958	5.797780826937794	8.93631108738933	0.58	-0.9276011000806726	LUAD
TCGA-55-7911-01	8.780529925289162	10.009450752503875	9.915453676193678	13.100553935715066	10.724991261840888	6.6493122313290725	8.17538986608346	11.557248286455815	0.23	1.2933234000838036	LUAD
TCGA-55-7913-01	6.267640663055891	6.826421371995807	6.759222426384507	13.953769037778988	5.1587692215223075	3.8567168395703715	5.670494799854694	12.234988030194819	0.35	-0.9397069909601165	LUAD
TCGA-55-7914-01	7.348011053965564	8.79207120733433	8.821053251520706	13.178643067267194	6.138841085135431	4.356869201996105	7.14394436551295	11.90936059805118	0.56	0.012527291996642728	LUAD
TCGA-55-7994-01	7.832953288875433	9.327449350154906	9.707193454238043	12.98414249740056	11.798698596643957	6.804957026131691	8.914582461401002	12.90666891449609	0.51	1.2632172836508515	LUAD
TCGA-55-7995-01	8.502048101448544	9.87689445353173	10.01938223135038	13.70612903818153	9.304796212384247	6.914911283510244	9.38023160096856	13.084555960512409	0.49	1.2883665448982538	LUAD
TCGA-55-8085-01	8.360917297286749	9.476851491524986	9.283387050287189	12.794696092392718	8.054132159959542	6.775564192788768	8.496354488564615	12.176391344907406	0.56	0.8980764764857572	LUAD
TCGA-55-8087-01	5.872621942009325	6.868896616362699	5.4799419014771305	13.231431208377725	1.456911259794135	2.0501185531416763	3.869140992630466	12.862187898120705	0.82	-1.8931755916614936	LUAD
TCGA-55-8089-01	9.094246628172476	10.367229078317616	10.562347378375893	11.675908530765058	10.517630023475604	8.650538402389945	10.107687869314374	13.122433302268808	0.33	1.8877153749900124	LUAD
TCGA-55-8090-01	6.931801228419244	7.863938450423972	6.736144827934172	13.940662298077921	4.542128015598514	2.5741257345029527	5.770221189314842	13.318232094071417	0.41	-0.9149453044006961	LUAD
TCGA-55-8091-01	7.071955690630839	8.509775004326936	7.103780863545012	13.004013248400748	8.638931811740916	5.388502982684894	7.0103210926190105	13.277184222238775	0.6	0.08191979017348255	LUAD
TCGA-55-8092-01	8.15841782099799	9.563808310396437	10.106536768868889	12.475201440409817	8.08940280981755	7.295970920540502	8.606627291056409	12.400129616264936	0.38	1.0541440106923543	LUAD
TCGA-55-8094-01	5.569576154017105	5.9494345478308235	5.376099335857346	13.602803236285673	3.8189323440104967	3.0272248395138925	5.176566127107807	12.042531485660097	0.79	-1.580558657726942	LUAD
TCGA-55-8096-01	6.885757373954228	7.975716156678905	7.564964944393521	13.066129563821232	5.6154398397444245	4.367825331224117	6.2449612464388755	11.809422483482406	0.25	-0.44917749049299216	LUAD
TCGA-55-8097-01	7.231902759105696	8.844774798738262	6.966949511566825	13.579186277787617	4.5740106554151	2.808364455290803	6.101290786176339	12.709264784448154	0.64	-0.6524522750555937	LUAD
TCGA-55-8203-01	8.034787960094581	9.10059138504529	8.797791200478889	13.303267039031677	7.130477897882218	5.494431611806549	7.509181180469659	12.237696952478453	0.38	0.40359820771261284	LUAD
TCGA-55-8204-01	6.678001459298962	7.584864814937321	7.99296665178668	12.172533769098223	6.952496652521098	5.207275983263261	7.0895087438970235	14.431216820750631	0.34	-0.15890895708602706	LUAD
TCGA-55-8205-01	8.279921603253193	9.45199613651367	10.124392761163687	12.926251512233868	7.708959704413067	6.787850334191299	9.0647562352293	12.047158001858735	0.22	1.0151857826618012	LUAD
TCGA-55-8206-01	6.903568575224889	8.494719606825095	6.3509586235538045	13.082983939152985	3.8953704884553035	3.3015876466031866	5.233481631560166	13.37132743350101	0.46	-0.9176178175900604	LUAD
TCGA-55-8207-01	6.450404626027591	8.308425498228802	7.952100554168438	13.950063736731115	7.088788238716907	4.022909276929244	6.292231432780441	13.336241539280971	0.57	-0.3116168981197378	LUAD
TCGA-55-8208-01	8.905678824134327	10.087674986687217	9.507126644601549	12.916681897394376	8.994424155470714	6.453560378753005	9.047415694268196	12.680058381146907	0.24	1.188113688938228	LUAD
TCGA-55-8301-01	8.883859046558504	10.393486991428892	9.48435769358104	13.316182519865517	9.27594987515637	6.74465895477421	9.473050199158621	12.07657512783769	0.26	1.332268238600764	LUAD
TCGA-55-8302-01	7.059128107951693	8.504525056982244	8.199441691477793	14.94353586943178	6.325377419376338	4.870024351374904	7.860981414759344	13.604194132157868	0.46	0.025918550960315007	LUAD
TCGA-55-8505-01	4.268097485847248	6.50095816664437	5.4008555334444415	13.815012967234981	3.920541033702552	4.583862026143207	4.983782564419791	13.307115406354146	0.32	-1.5022273726324087	LUAD
TCGA-55-8506-01	6.087558310557404	7.629881141096436	7.50575598825375	13.27012301049869	7.81080296150151	5.096797366000478	7.666330536349624	7.319979140741917	0.45	-0.14893511791025102	LUAD
TCGA-55-8507-01	5.587301976673746	7.15212256168146	6.964837566157633	13.002574194801394	6.720237416801085	4.237035918444757	6.272372246174302	12.47623231050687	0.64	-0.6991606713754552	LUAD
TCGA-55-8508-01	6.742828140341938	7.942021793638004	7.307273682187928	13.731467536106349	7.362575088733792	3.9209411287331943	7.516803117442659	12.780978496575308	0.38	-0.24219728741354815	LUAD
TCGA-55-8510-01	8.160829452326874	9.43833236211655	9.220308186583342	13.766352908945287	6.796480950822651	5.371269597652323	8.445482559255057	13.312882955284355	0.28	0.5748717667170803	LUAD
TCGA-55-8511-01	7.581803148516525	9.284886548197468	8.861806522728479	13.660307937336295	6.664596613089862	5.987334510521485	8.162884731684102	12.630037276751098	0.19	0.46644303071256954	LUAD
TCGA-55-8512-01	5.4337406555209515	7.431004433762636	7.172317489577459	13.460251098943846	7.367047751101198	4.300606983076924	7.219642885802361	13.75985698273219	0.35	-0.4807302236160094	LUAD
TCGA-55-8513-01	6.189004163414042	8.40316970983606	6.866994497698262	12.524710656192443	6.355095573607249	4.628709448078518	6.94724534833528	12.254662536921698	0.5	-0.3799306011730385	LUAD
TCGA-55-8514-01	5.239329296518254	6.887756765730044	5.836151371743103	14.405214606771867	5.3114195564763325	3.1279468749973813	5.803193448945939	12.529108400884473	0.54	-1.2212496843174774	LUAD
TCGA-55-8614-01	6.583816906814698	8.208619675969075	7.742188153644801	12.777193660240274	5.227309804497919	4.637384191610251	6.89703465741401	14.281879328949769	0.32	-0.36647011328134793	LUAD
TCGA-55-8615-01	6.22490464410609	6.285500244810337	4.584643870382898	12.179420854131102	4.301338884633282	2.9912996142428523	5.071260692946905	11.514516816454005	0.57	-1.5147577670120924	LUAD
TCGA-55-8616-01	6.655207265616837	8.711037108735942	7.648033950563835	14.24073171543264	3.3859555582103464	3.924166411546192	5.698924092505378	13.381637577628526	0.39	-0.6944617906232039	LUAD
TCGA-55-8619-01	8.193712615339093	9.73158208672523	9.046207277814199	13.03736506134224	7.77361398135738	5.957756766217959	9.112981555921433	13.220524947883836	0.24	0.8341104601174205	LUAD
TCGA-55-8620-01	7.326860882816895	8.740957908389875	8.660466608572923	13.431797916825627	6.893301530860564	5.549675330811721	7.80895130801648	6.732988196729847	0.62	0.26941088840716537	LUAD
TCGA-55-8621-01	7.813261727493235	9.367272768215514	8.517043362801985	12.375430470376198	8.734042304125467	6.668317719915721	8.882251756969724	12.021101431205333	0.2	0.822652981361646	LUAD
TCGA-55-A48X-01	7.935995944101452	9.580104018407718	8.598454537207855	13.789767961999791	8.062709975576926	5.234842333854139	7.865176496531776	13.622898330522203	0.28	0.5305693071238494	LUAD
TCGA-55-A48Y-01	7.024607799322212	8.220470231576869	7.081659187190298	11.142732515129046	6.87123993565925	5.218761797419862	7.250402648265542	12.593659560485934	0.36	-0.12286705208788572	LUAD
TCGA-55-A48Z-01	7.265014873035236	8.720935081359759	8.1717372502494	14.259360769362589	7.434903397556898	3.7019371240880403	7.132946927905346	12.341610552383653	0.41	-0.03664306194817448	LUAD
TCGA-55-A490-01	7.751664557586846	8.294257732178277	7.0802312720192635	13.195864300880995	4.404119724396124	1.7908137336479277	6.166914243642284	11.233871287673496	0.58	-0.7724975021727701	LUAD
TCGA-55-A491-01	7.205920288921538	8.330042931681842	7.747320258522239	14.129798173187144	6.57334119767251	4.1219105890605485	7.439440295954585	12.857049861028447	0.45	-0.14179348205735534	LUAD
TCGA-55-A492-01	7.1153454267574014	7.541669706517612	6.227190411967921	12.8496572573118	6.3834502866764655	3.8997653517420487	6.683233258007904	12.21430090483929	0.54	-0.5621728817118504	LUAD
TCGA-55-A493-01	7.880354930986709	9.48093557381746	8.886184306054249	14.15835722604901	9.451270879388845	6.439676323490687	9.001199868263486	11.93550394734393	0.26	0.9431422074631196	LUAD
TCGA-55-A494-01	8.343061320674373	4.193353853168304	4.876816504901276	14.877480659533246	3.427069755210786	1.6858504676452464	4.046220376691291	12.074676686294497	0.81	-1.841974300422417	LUAD
TCGA-55-A4DF-01	7.729831439810071	9.101481998382251	8.892819034809932	12.37331923083386	7.707662825386054	6.048480334849853	8.334385031176181	11.302484708237072	0.42	0.5890540455999732	LUAD
TCGA-55-A4DG-01	7.115387046161999	8.779033132209326	8.733279763284745	13.141438219521051	5.598972553084577	4.8817135565853516	6.661222285963386	12.788803962132963	0.41	-0.07442248835099347	LUAD
TCGA-55-A57B-01	6.512037212121298	7.879491355282303	6.489567018892329	14.53261161326331	5.887049980409957	4.399082204657183	6.73376105819606	13.970824901362617	0.21	-0.5467808458627484	LUAD
TCGA-62-8394-01	6.47156141987292	7.8848909234026525	6.667239302768296	14.33435709552037	5.645860143456181	2.8555313097715156	6.3736690895488985	12.46897016675373	0.53	-0.7726502518283751	LUAD
TCGA-62-8395-01	6.080435955583181	7.691471352719002	6.931423045992414	13.04982813381025	5.501445514659341	3.4709532798782603	6.3051242029055645	11.741635515697629	0.65	-0.7680497889122068	LUAD
TCGA-62-8397-01	5.531553014050626	7.255736756877483	5.662063046428036	13.24641254102837	5.228680185123591	1.9707432397806208	4.517137087027957	12.99230994032691	0.69	-1.4444655112838667	LUAD
TCGA-62-8398-01	6.842023421224596	8.198469597754707	7.369754365765215	13.402785585793731	6.994183698045687	4.972761570911082	7.507057250471521	12.744722436291305	0.5	-0.10311385413169692	LUAD
TCGA-62-8399-01	5.637775417585638	7.384015259086472	7.858534336664274	13.52221370011166	6.549401181558157	4.171503087608457	6.650628151365753	11.815030985419847	0.5	-0.5398357878699365	LUAD
TCGA-62-8402-01	8.797327560035525	9.870504974783419	9.125940338972171	12.306115817966175	8.542904176709664	5.837050108769789	8.504278744647634	12.021899554760035	0.5	0.9261299117488139	LUAD
TCGA-62-A46O-01	2.293341053161169	4.794722568908692	5.612871445323872	10.8379668872672	4.879122493806348	3.6674039554190534	4.705071095733928	12.070607352658955	0.82	-2.001194180785132	LUAD
TCGA-62-A46P-01	5.325447581099778	6.820561927963839	6.592288090029401	11.259378425179339	6.3073465515542875	3.784713357436993	7.4914282402385295	12.011251719521272	0.7	-0.7693730331772858	LUAD
TCGA-62-A46R-01	7.508412805618804	8.765494965620384	8.500471450669467	13.720874818507193	7.562868219658083	3.907477172329296	6.2294360318717485	13.349142980047198	0.42	-0.03070660442903933	LUAD
TCGA-62-A46S-01	6.877204365084998	8.160930269590429	7.454447360209547	12.721475197652456	6.909353096848598	4.934544807947514	6.898716254306215	11.786322726998375	0.45	-0.17634335779671728	LUAD
TCGA-62-A46U-01	8.853527892725293	10.089278327333865	9.088422550655961	12.786414625101155	8.04915153217535	5.423699174810859	8.402769067764758	11.413236529040741	0.25	0.8523261450490559	LUAD
TCGA-62-A46V-01	4.943766643354435	6.661749599810705	4.237716667699307	12.570304007987454	4.1191237333374655	1.9919344715378793	3.8968337025325	13.096192988853595	0.52	-1.933542555355927	LUAD
TCGA-62-A46Y-01	7.621978584346795	8.77838929628137	8.786599628859573	13.535603445500032	6.892318160687453	4.81083894233079	7.814165858607901	13.282060385075576	0.48	0.2414967931803156	LUAD
TCGA-62-A470-01	4.990419421379128	6.486553492624526	6.050303607129834	12.275152585807042	3.73501302840296	3.9798698684460274	5.68629321241845	12.059425584787647	0.59	-1.3447893169636604	LUAD
TCGA-62-A471-01	6.327038795967514	7.90613899619538	7.827101308534831	12.554058774913832	9.049576317155973	5.507835859468163	7.5324961940172095	11.903765130299382	0.46	0.10294597997443654	LUAD
TCGA-62-A472-01	7.782093989563793	8.680415788402287	8.93492040437089	13.181102550753797	7.315611513075567	5.159830981107933	7.885824471651642	12.557238711702928	0.4	0.3538454018366133	LUAD
TCGA-64-1676-01	8.5298365600269	8.042179194628966	8.786795633448442	13.835971430851103	7.652758946385058	6.001140180098627	7.935978270476725	14.272979628175971	0.51	0.4808746888425724	LUAD
TCGA-64-1677-01	8.446756619305097	9.045355595595899	8.460267483803	13.194630674636839	9.115332420447233	5.6816797632557	8.762415261011597	11.777604643489992	0.32	0.7618097984945269	LUAD
TCGA-64-1678-01	7.227962437391405	6.228576297367418	7.373587314817411	12.967314532929787	6.228576297367418	5.15592324565358	6.414294545484912	11.42066555696807	0.57	-0.49191809415220605	LUAD
TCGA-64-1679-01	7.780073830509798	6.54350980301489	5.12731961627407	13.49027428505881	3.6226375665374593	4.580453049659377	5.103161894986696	13.9183135522013	0.26	-1.0992547181824566	LUAD
TCGA-64-1680-01	5.995038978421317	7.402253183811517	6.712678312127547	14.241104279579618	4.723072484673196	4.124534928529523	5.14484990972333	12.823592145996518	0.61	-0.973598028956092	LUAD
TCGA-64-1681-01	6.820753372622868	8.549684570890248	5.981094582713299	13.885982291432663	5.310103772680761	3.327098095475777	5.719325840709165	13.806469067250136	0.31	-0.7713993516615502	LUAD
TCGA-64-5774-01	6.646803488546439	7.416704651782959	6.88818310665365	13.32378662134232	5.096940697945142	3.4975868196632662	5.173763070903154	10.748385755214898	0.76	-0.9030946314247826	LUAD
TCGA-64-5775-01	4.482138374738152	5.916619951396848	5.9054929090881005	10.585657381739985	3.5452888578443726	3.9865474614456287	5.581200581924957	9.33148801851808	0.71	-1.5302714308074385	LUAD
TCGA-64-5778-01	9.864161377144844	10.471461842305278	10.77556913085606	13.66079815729467	7.07560750218782	7.097642397369134	9.825903261324797	13.718479362649422	0.59	1.4886968918075087	LUAD
TCGA-64-5779-01	7.419648437795851	9.316645836963863	8.659771178298321	11.431523720876129	5.241264363193359	4.967085585608265	7.363398889981087	10.8128752149246	0.44	0.08395898832628883	LUAD
TCGA-64-5781-01	9.457895888781483	10.46016917185669	10.488211710987262	12.916902045379354	10.104179380706974	8.280622317987248	9.547409340694346	13.856727031276145	0.38	1.7915709852017807	LUAD
TCGA-64-5815-01	7.367886471437331	8.694173294031371	7.161726478394281	13.449561374613236	8.443817968280067	4.792261914184436	6.36975959945379	12.752474732291928	0.35	-0.010321686699574168	LUAD
TCGA-67-3770-01	8.070695224095255	8.631820939796624	7.6113863481993045	13.075576083572024	5.122449092043753	5.693539925040558	6.922447633795342	12.29638283866803	0.65	-0.022942648491436207	LUAD
TCGA-67-3771-01	7.445345986064033	8.585195417055331	8.5328662821395	12.591753738915896	6.018892283799141	6.4210650486163185	8.020324398212567	12.951324789272634	0.46	0.2916478435260746	LUAD
TCGA-67-3772-01	7.859677651153472	8.354518277885417	7.33611375409383	13.939762845071753	6.200957439320474	5.350285070447103	6.824767853143293	14.104918115957975	0.45	-0.06735603322369557	LUAD
TCGA-67-3773-01	8.631842761341057	9.173844504201297	8.708276918751197	13.341699496281672	7.732784743301346	6.481983439214232	7.767224414767192	12.629133458701459	0.7	0.6783837061080992	LUAD
TCGA-67-3774-01	7.708787314286596	8.944791110660825	7.9772684734938375	11.70948019758883	7.269416591971261	5.573586600602632	7.4646274292696395	12.271929843970861	0.48	0.26494515527696155	LUAD
TCGA-67-4679-01	6.536191255522459	8.266720962157155	8.027541130999884	13.453643607872051	5.123273026693332	4.231739593595701	6.415309106136074	12.77638779329346	0.71	-0.4440393961810571	LUAD
TCGA-67-6215-01	5.284932341659646	6.854332336500174	5.903110595925661	12.558698127949048	4.32146635859253	3.3129845755069427	5.560121860466019	12.052231790317833	0.69	-1.3118921723453136	LUAD
TCGA-67-6216-01	7.31242012981413	8.675389014286283	8.190540787847912	13.095759629081376	7.516590407833866	4.434808344790819	6.878896963924354	13.682413088488367	0.56	0.02825773090880664	LUAD
TCGA-67-6217-01	7.727505279747476	9.31050599555492	9.129030523218965	13.188724825977872	7.010421805486511	4.498608305202374	7.222997711011529	13.059401924102918	0.25	0.2717024341963013	LUAD
TCGA-69-7760-01	4.664471462598675	4.591595648202495	5.312004367813238	13.499733794888892	4.433767357385034	2.0436944612259778	3.3742187738133835	12.850530667644906	0.65	-2.1452316166967647	LUAD
TCGA-69-7761-01	8.173137429947138	9.854006559636511	9.92940045161746	12.343735367499455	6.466395461126949	6.543539188373112	7.782041553667195	12.715252047383984	0.23	0.7403218343442526	LUAD
TCGA-69-7763-01	6.578585541584683	8.330777978427514	7.164464499388601	12.018676592959872	5.557841988481658	4.7234220395849995	6.346781415797599	12.206852587683542	0.35	-0.439397172305475	LUAD
TCGA-69-7764-01	7.243459637377634	9.132743906788058	8.625339904250962	12.681960896293136	4.338481465362531	5.277925253494074	6.812575235468946	12.75103559523045	0.8	-0.078991090163367	LUAD
TCGA-69-7765-01	7.283606981605444	8.705131244568877	8.083676105492946	13.092398734655472	9.82950710740627	5.217412980693242	7.212530430692903	11.932443615832108	0.41	0.3620169901870876	LUAD
TCGA-69-7973-01	6.022079245162528	7.665506472034258	7.568830171195546	12.576519776004277	5.487425249611044	4.7580472818332336	6.366878200460207	9.559669615329685	0.55	-0.5519633982201207	LUAD
TCGA-69-7974-01	7.138558518519841	8.527398809088053	8.115194546350093	13.472893878443859	8.259159477778097	5.88740097915955	8.044683722248406	12.169586830161109	0.29	0.34919099006551085	LUAD
TCGA-69-7978-01	8.451314157797936	10.130622040746625	9.772985860697384	13.366021621466128	8.652769699992707	6.670642087625221	9.053279713479421	13.409921241249679	0.2	1.1604696538433863	LUAD
TCGA-69-7979-01	5.161593471547159	6.5242031855678855	6.221964057657804	14.181307577427798	6.960164153715006	4.451250682353629	5.868091609883308	12.613662866341201	0.53	-0.9205289429556114	LUAD
TCGA-69-7980-01	7.6811751497069185	9.122520014475205	8.839736038074133	13.729174611625988	7.507548885497743	6.201073139742949	8.020957722062644	12.976526534097031	0.55	0.5423394427533424	LUAD
TCGA-69-8253-01	6.530253377954632	8.063767167723617	6.447660188841173	13.187713938877012	10.07698924433645	3.9870479469813347	6.138075160366932	12.434576106209638	0.39	-0.2473999204016739	LUAD
TCGA-69-8254-01	7.255783956990062	8.998906293199623	7.909497113124188	13.69277893975992	4.9204505206279805	5.592367333233259	7.399384747287949	12.172027399084326	0.41	-0.018705114699523472	LUAD
TCGA-69-8255-01	9.038444412685456	10.176734157361357	10.560877324943043	11.566087345389796	7.791338736826804	7.963150406079333	10.226351978884443	8.021296491727716	0.37	1.5337547033597783	LUAD
TCGA-69-8453-01	8.145494050100883	9.552669097514272	8.633718180473698	13.410636844084378	7.5556244577174	5.338912837338043	8.1870946912648	13.548051238012599	0.56	0.5588208507877072	LUAD
TCGA-71-6725-01	0.95315347005995	3.575421254892263	2.8560893275036716	14.499160743176112	3.910847765957936	2.1480555334323688	3.9404674764102485	13.324982133730808	0.63	-3.0013437786728154	LUAD
TCGA-73-4658-01	8.411388110073919	9.241132292514258	8.466398724186847	13.665569092582212	7.2509899876777935	5.76844372184836	7.40095626414991	12.476619646192038	0.29	0.46227475584368527	LUAD
TCGA-73-4659-01	5.195898741139315	6.714355433101084	6.293263793815076	12.972265439308815	5.997048474892057	4.763427509894233	6.5257431666623145	12.280190792216906	0.33	-0.8616146405755871	LUAD
TCGA-73-4662-01	7.745244056084256	9.237145414545436	8.547685025282904	14.469654534875994	5.616392987539638	4.954494126363757	6.71218305120923	11.480406508289377	0.48	0.06050761240509874	LUAD
TCGA-73-4666-01	8.188653128887104	9.709635275136595	10.145753867104283	14.669715535443965	9.41496423556107	7.882178377829749	9.817727171297447	12.328655294874604	0.45	1.4131350474631337	LUAD
TCGA-73-4668-01	5.9543964122728985	7.004827197781538	7.396844496939824	14.146107219546947	6.576898483490699	4.3701782330359995	5.577141771146662	13.609686639939476	0.53	-0.7010954433871212	LUAD
TCGA-73-4670-01	5.06725149126822	6.0031659443478675	6.440080140208842	13.330328703190025	5.625869539384834	4.994896466898539	6.271664710977234	13.104534872601286	0.62	-0.9928683892998934	LUAD
TCGA-73-4675-01	6.181128398145645	7.307182590303867	6.143691364209677	12.674126047453296	6.924907492744667	3.363689737195788	4.942035873450632	11.876033409225355	0.57	-0.9320149304462243	LUAD
TCGA-73-4676-01	5.646061826305274	7.031384167803825	7.938562211369014	13.594721150580781	5.8042936783000485	4.243516761372054	5.8708529337502755	13.667333341605158	0.77	-0.7278395407844065	LUAD
TCGA-73-4677-01	6.699426701627488	8.517472554101051	8.1631565346756	12.468863284431432	5.842443376957008	5.269998112362457	6.6832894109349965	12.387204194504466	0.47	-0.15674397170630025	LUAD
TCGA-73-7498-01	7.077841148926886	8.793203363165938	7.077841148926886	13.26933710554281	6.088485095185052	4.806468422794113	6.178099114017322	12.202485064710135	0.62	-0.28496217069873625	LUAD
TCGA-73-7499-01	9.529524257952776	10.228734530830481	10.437970488347743	13.53245333557489	6.500252335056403	5.934542449105273	9.273991363610898	12.590977610001826	0.38	1.1241805722788156	LUAD
TCGA-73-A9RS-01	6.31006922627829	7.468061923780738	7.966476612136409	12.132923800359245	5.069117822109847	4.6807688005008306	7.1119076837686865	12.535669050324483	0.61	-0.4587572013057166	LUAD
TCGA-75-5122-01	9.29470344878476	10.772520776314755	12.190621032734631	11.46435174432633	9.002682832813166	9.023942819879736	10.692903140307692	10.167593767581696	0.32	2.121161079337245	LUAD
TCGA-75-5125-01	7.469959215928076	8.993682852162518	8.989297985782464	13.300738638384155	8.852810374553268	6.15184055567623	8.43398178880988	11.975776332909529	0.31	0.6838759520719774	LUAD
TCGA-75-5126-01	7.655616584657573	8.803679099613102	9.554197429183965	13.767822364764053	7.3940081633599295	6.569080900921555	8.775122990565457	13.187141716392851	0.24	0.6970429289940515	LUAD
TCGA-75-5146-01	8.044033400506496	9.178199229763031	7.9806822717085915	13.118039106429114	6.519098385066549	5.039677987298395	6.657198383771981	12.970303654293318	0.58	0.1137713431273885	LUAD
TCGA-75-5147-01	7.91669757005648	8.850596298603374	7.95492329203032	13.46967996981263	5.3192783175724285	3.3835937104126295	7.088130993767959	12.955718916969946	0.4	-0.2024512644180058	LUAD
TCGA-75-6203-01	7.517716624305914	9.331037844366426	8.090980422664645	11.696719813350702	8.769345293209769	6.419441135500551	8.825101889494436	11.797722312285552	0.26	0.6998868207510661	LUAD
TCGA-75-6205-01	8.493142930137637	10.212605814295872	9.792128161678813	12.009195287778093	8.916485601539717	6.255948201345311	8.469194084993973	13.074121388006517	0.27	1.0886135135077208	LUAD
TCGA-75-6206-01	5.628134912592792	7.015504259756746	6.650098192568422	12.575291055468682	6.120944922758019	3.548263984191084	5.552770524439064	12.12458662228021	0.7	-0.9665297017365663	LUAD
TCGA-75-6207-01	5.447493240571564	7.029784146369549	7.010242755527748	14.560052150175974	6.2427034834267285	1.8629075857563961	5.104613429406579	13.596527557002489	0.64	-1.1804186678502544	LUAD
TCGA-75-6211-01	6.694378783075544	8.037107626931753	7.916661746578634	12.536213212373992	4.965474937682139	4.461973767018731	6.308120561352827	11.656639374473015	0.39	-0.46787200610609664	LUAD
TCGA-75-6212-01	7.3771497840553195	8.710062513701507	6.25939302049138	12.55589522279612	6.288456387481309	4.05215501683373	6.25939302049138	12.834245858211322	0.43	-0.41056271601390176	LUAD
TCGA-75-6214-01	5.3922899426115025	6.603954159260671	6.657018266320436	12.964539423265638	5.57801485106726	3.2938412992667394	5.568813454331045	14.686018964859496	0.64	-1.1285386508267738	LUAD
TCGA-75-7025-01	7.457257741950744	9.091776514936525	8.553863484880738	12.266233128228283	6.561006826169397	4.201469196360564	6.931080232517033	13.500244366588815	0.34	0.03276773901329235	LUAD
TCGA-75-7027-01	6.247652236155208	7.310958078359863	7.007621607715867	12.75110047096349	6.2366169832829685	6.121349089238252	5.829778539353411	12.153463364670149	0.62	-0.46924674796955695	LUAD
TCGA-75-7031-01	8.052654990258562	9.13240975920369	9.321274225543496	12.745829760347481	9.032268934683685	6.293138698482033	8.052654990258562	12.519891748413503	0.49	0.80303620687942	LUAD
TCGA-78-7143-01	6.87188060231475	8.398196432702521	6.761365066234673	14.095429990766894	4.229149510626	2.411046539173177	5.0920974723940065	13.731456929107479	0.52	-0.974937042151788	LUAD
TCGA-78-7145-01	6.3555590057359215	6.334907886832833	5.1897099292407365	14.089913869987498	4.5665046672396645	3.2822618665876497	4.3774916658175975	13.869420339283657	0.63	-1.4439392034146505	LUAD
TCGA-78-7146-01	5.607661725618791	7.172767514548546	7.816202885231863	13.3371758685863	4.578069212272316	5.080478594337411	6.539776090459045	12.242066540061156	0.68	-0.6697142842421973	LUAD
TCGA-78-7147-01	6.910864551198705	8.57179435024747	8.22085713108028	13.693563184843022	5.340423404726088	3.204172024926642	7.171897339581304	14.11937076837772	0.62	-0.34500071828356416	LUAD
TCGA-78-7148-01	7.340980561459315	8.73432688274874	8.892822069880593	13.415649352580495	8.525344621195075	5.970064464676274	7.502004328851985	13.451777773582835	0.6	0.4632118640306417	LUAD
TCGA-78-7149-01	6.161518901738138	7.603982338911435	6.702034124566278	12.521524377265825	7.1736171789	4.52712039345895	6.934422143036657	13.157754293915568	0.6	-0.4446330720168012	LUAD
TCGA-78-7150-01	5.686155920029407	7.401741381106152	7.09773719544439	12.006133191962592	6.1727615151388795	4.775645833331035	6.424772639293986	12.513683189470912	0.46	-0.6102127782530958	LUAD
TCGA-78-7152-01	7.782192301733418	9.17856277578776	8.71021063947066	13.243102561158478	6.594488834115801	4.482564361653997	7.593958751294721	11.307707428380755	0.55	0.2149751313921735	LUAD
TCGA-78-7153-01	6.37997784909041	8.240815178163906	7.946181090463512	12.599475877392587	6.246328273142289	4.084549051355027	6.719607861211372	10.627725379954464	0.57	-0.35297541104020086	LUAD
TCGA-78-7154-01	6.015693807105145	7.590175327216401	7.288912202766194	12.614201406950599	7.0178217173627635	5.374420504104174	6.8115480955142775	11.98258009493217	0.5	-0.32894857891256607	LUAD
TCGA-78-7155-01	5.545894256155069	6.936967660188074	7.685526729623861	10.479861085016818	4.448458298226764	4.05528243550119	6.771066833310048	10.293529125583262	0.82	-0.8273338287713622	LUAD
TCGA-78-7156-01	5.734406148226576	7.472625860662944	6.5778426937366	12.340323031340892	6.365757266678307	4.825948404745895	6.470644233529191	12.180776311892254	0.8	-0.6250004051577563	LUAD
TCGA-78-7158-01	5.213331726986074	6.902941830055328	5.701474203413794	13.264017353045984	3.6574456512637616	2.57997659719256	4.357699785321438	12.291228267807767	0.9	-1.6226711742201554	LUAD
TCGA-78-7159-01	6.193304565680508	7.863913678661835	7.578055622163084	12.476650021063943	6.02040885745772	4.862907585756396	7.127664229659354	11.280799762906819	0.29	-0.35329632650287507	LUAD
TCGA-78-7160-01	7.809568789942326	9.756092584160557	9.85965280612261	13.042615270377947	6.319480651998747	6.783299489477368	8.54882961308459	13.185371029235403	0.29	0.7755214713328641	LUAD
TCGA-78-7161-01	5.883953106141224	6.753831811301386	6.839644719193275	12.261566073587346	7.764307668682187	3.714256509586465	6.138402878487287	12.395890213343211	0.75	-0.7064661417369841	LUAD
TCGA-78-7162-01	7.662561571191048	9.530892030945843	8.62463829495896	12.371858304010269	8.431748304277372	6.139974890043422	8.561765263627708	11.854969648796486	0.27	0.7115551026572514	LUAD
TCGA-78-7163-01	6.623189415546499	8.131239632811232	7.633373082873568	13.580800300948443	7.060695931687554	4.911792231503735	6.292365810346987	11.571942209897733	0.68	-0.250065221695444	LUAD
TCGA-78-7166-01	7.083649515417934	8.408677898882017	6.896574598906253	12.670545608753272	8.449726433253185	4.1289367285788865	7.671385378160054	14.258580755192792	0.63	-0.04042747387163916	LUAD
TCGA-78-7167-01	5.574610177361349	7.130096879542682	6.6560873010834385	12.835022028981662	5.993318851659392	3.9321084286617016	5.859420484379016	12.854661935344017	0.84	-0.8898931813408081	LUAD
TCGA-78-7220-01	6.541288703699437	7.463720533764715	8.058549204488076	12.295886571821349	5.8225083738880254	4.712705821638562	6.692538788377956	11.1166883473244	0.61	-0.3934646598033609	LUAD
TCGA-78-7535-01	5.70529508557229	7.342910255456914	6.431158254177027	13.238971912710484	8.620949237814292	3.0811862136317307	6.749735372849183	13.626142499492428	0.6	-0.6196747150373568	LUAD
TCGA-78-7536-01	6.684397983637571	8.073841650814417	7.8977184206606506	13.228621809301748	5.475853380398935	4.3539372234740314	7.761438205824968	12.220481114543583	0.78	-0.26368299744150714	LUAD
TCGA-78-7537-01	6.764247946380964	8.238399962181273	7.897954334541534	12.218448203464286	6.987457306044819	3.752984026875827	6.609512680621054	12.307619209732865	0.74	-0.2915702209735787	LUAD
TCGA-78-7539-01	8.386836807169706	9.95014468129642	9.446283114724398	13.240211454925817	6.8041439311482925	5.649328040984784	8.595675215004638	12.18289089274548	0.52	0.7471794248224622	LUAD
TCGA-78-7540-01	5.645217451478841	7.214056788762424	6.499495134051832	14.56734413080666	7.127808653903825	3.451804555720493	6.781766233938269	13.927361312621972	0.59	-0.7303802753794141	LUAD
TCGA-78-7542-01	8.89968621258563	7.684390970032576	7.721085513807864	12.854453509839818	8.497113339304024	5.095371702876783	7.236109889889632	13.76131228706798	0.35	0.2526129751744572	LUAD
TCGA-78-7633-01	4.30114862594527	5.850946904856796	4.964879142450163	12.593008220872559	5.502645663518995	3.8322621786780973	5.723107990208267	12.065587793728966	0.75	-1.4870772745714234	LUAD
TCGA-78-8640-01	6.696258171659739	8.070571800099092	7.966713081228016	14.094638551377429	7.041199167941668	4.970062163200513	7.705507981946321	15.265735900826153	0.35	-0.04324763847150084	LUAD
TCGA-78-8655-01	7.410188441164529	8.877388439441772	8.666472568842073	13.755252721603288	6.876872972046095	5.02970023421542	8.01898461354082	13.540709262671431	0.46	0.26148089482964454	LUAD
TCGA-78-8660-01	8.681192722782649	10.060533822013706	9.244318638689933	13.223377296060015	9.384377968772606	6.523516479083529	9.718914690222002	12.55420270641889	0.33	1.2480651125714954	LUAD
TCGA-78-8662-01	5.438163083043356	6.579531665649739	6.609175782553721	13.959531096321836	4.4710573647972955	2.6540917828418933	5.920369530431674	13.180364524206079	0.79	-1.2685988530388614	LUAD
TCGA-80-5607-01	7.658040063256468	9.108142823922378	9.411993924014553	13.845039138285324	7.4455280807791615	6.682418794862876	7.681104855263391	11.93710158789756	0.49	0.6134604263763457	LUAD
TCGA-80-5608-01	7.38040045547204	8.368344940464702	7.944934560015305	13.67782973321578	8.22008806646947	5.309467258808239	7.333584739812172	12.803989810899058	0.48	0.18708465965331034	LUAD
TCGA-80-5611-01	7.335702979187424	8.434790834387657	7.092249730366521	12.484062585959657	8.331230473386125	4.9061931244363075	7.5090544664069085	13.156274306055117	0.51	0.07691382673448856	LUAD
TCGA-83-5908-01	9.00233403709255	10.2147805151234	10.692746253628046	13.10447262689078	9.849431686952869	8.39858552114493	9.92939009478948	12.237177090360992	0.4	1.758534803550935	LUAD
TCGA-86-6562-01	5.905868324524122	7.603537332777609	6.143170939793136	14.482864665322847	5.652770416897034	5.141702535295264	5.7988204035324875	12.945917463006078	0.46	-0.7436260139143845	LUAD
TCGA-86-6851-01	8.829729076588784	10.338658396950454	9.87221468334226	13.266790932008352	9.752987705250188	7.453756252740801	9.474393452942072	12.190099361170953	0.32	1.4891189644823706	LUAD
TCGA-86-7701-01	8.786151985204379	10.165560264277001	9.330428429725188	12.338480128265404	9.003146825429269	6.882215067866269	8.614481644709842	10.599029478830646	0.42	1.1634955726346439	LUAD
TCGA-86-7711-01	5.95229162695077	7.743898641164576	7.90312867681232	11.162240253303509	6.73674015545321	5.496449566475473	7.88708045243632	12.747523770455137	0.33	-0.1348502307128012	LUAD
TCGA-86-7713-01	5.0437207045303545	6.599225539209308	5.5525246286738	12.687867725633646	4.840760302784656	3.563390017060275	5.302966034649947	11.512236764705385	0.65	-1.3682982479883734	LUAD
TCGA-86-7714-01	6.140551683352469	7.679107061831829	6.450653711683173	12.750506016447382	7.503436197493407	4.307209918473004	3.823535385430798	13.711107681042943	0.67	-0.8184406691640831	LUAD
TCGA-86-7953-01	7.43419452001193	8.889653016453684	7.85452558561636	13.651612331236072	7.08451078465348	4.398494030662023	6.970174931195433	13.209095389067933	0.35	-0.0006284064905763923	LUAD
TCGA-86-7954-01	7.748716151011171	9.348869761518282	8.537692101482909	13.207261461229532	6.949056289737026	5.214342436895842	7.684482144238116	11.088013029012531	0.27	0.3415753199066929	LUAD
TCGA-86-7955-01	4.843627144844822	6.298597835465077	6.605743216391674	13.05004588574714	5.915085827705108	3.1911046297086196	5.706218330820799	12.843714993348891	0.73	-1.2085346075113292	LUAD
TCGA-86-8054-01	5.3910287268101875	6.839997367067513	6.391011536418337	12.809585268586414	5.436115188221666	3.3207445996544456	4.873193080196075	8.550708313002518	0.74	-1.2180905658764776	LUAD
TCGA-86-8055-01	7.064753541143554	7.735880911019874	7.036767056441649	12.899132192449713	4.974203476238572	5.242693957549618	6.075491985271873	12.64541526106658	0.28	-0.49782256429141003	LUAD
TCGA-86-8056-01	6.62492263400984	7.917527231717256	7.160284917328601	12.838630770033971	6.13520855197736	4.716447724451906	6.024397255659362	12.501767535874299	0.37	-0.472555099495241	LUAD
TCGA-86-8073-01	6.073271836424519	7.424754167004552	7.401476878553344	13.874539560290163	4.742954756697492	3.7778930838048805	5.917918618611623	13.837450541728156	0.43	-0.831014105207843	LUAD
TCGA-86-8074-01	7.140574177709902	7.667374149004583	7.354170026024857	12.98243214019635	5.294311960731117	5.663296225074355	6.2824509254289	13.688184730595433	0.51	-0.358732550496442	LUAD
TCGA-86-8075-01	5.719919936145724	7.238204085664345	5.704196926206611	14.268286128774408	5.688297873567408	3.8789508981905465	5.473215434070397	13.05887283745112	0.3	-1.0453114371173389	LUAD
TCGA-86-8076-01	8.941760705548148	10.29117069932186	10.096886423185405	12.486108464310172	7.242773972962547	6.386034909913565	8.601581387437529	11.310658220157851	0.24	1.0635807665408696	LUAD
TCGA-86-8278-01	6.80701997182917	8.280056204013464	6.74907832544978	12.50078711783629	9.554379722479135	4.353774944932224	6.005977040169761	12.100576931033027	0.56	-0.17133871792608177	LUAD
TCGA-86-8279-01	4.7429655320444475	6.178065242440953	5.2605262957052465	14.403904108932824	4.850594423474566	3.1216288304886173	4.8054472429020665	13.589007360558593	0.5	-1.6027413336265717	LUAD
TCGA-86-8280-01	8.233097144403592	9.700389431019273	8.289497907717099	13.418129321259114	6.728641621806854	4.488431457734452	7.307401201163782	12.688739868014489	0.45	0.27328982755140413	LUAD
TCGA-86-8281-01	6.642207690565719	8.041850768233855	6.715742395701468	12.770257122751048	8.614772408614956	3.1712708888306835	5.771389104615457	12.479691860889215	0.54	-0.47893033795774725	LUAD
TCGA-86-8358-01	6.678860663306708	7.704277172703481	7.881065003066788	11.918218500663167	7.459939751258596	5.462785262549631	7.069165094068047	6.981030630832757	0.72	-0.08103356453963236	LUAD
TCGA-86-8359-01	8.739740112501973	10.097742461821488	10.56854519814915	13.62405290271976	7.7512695527121345	6.737565089718534	9.587833760652535	12.881372108085078	0.44	1.2680978119805835	LUAD
TCGA-86-8585-01	8.412218391854758	9.997475894671682	9.212403971932382	11.735005918003992	8.471691470019234	6.139088797291331	8.889071926781137	12.160054184265073	0.29	0.9766377525833536	LUAD
TCGA-86-8668-01	7.099726517459114	8.580055011579875	7.383038944354172	14.791625868888831	6.005489816517619	3.6898358774471745	6.6106734896582084	12.953297982185903	0.41	-0.3621400807712856	LUAD
TCGA-86-8669-01	7.176592055901615	8.826726429890032	7.762421905380034	12.829625627344067	6.069586175884474	4.5269576987826134	7.079111394835907	12.274669342073851	0.57	-0.11999639367347763	LUAD
TCGA-86-8671-01	9.689835528087048	11.327215788795229	10.277101383943284	12.2984950822106	8.763770078948045	6.8804406478879	9.407968756452604	12.399355371812206	1.0	1.608629037820146	LUAD
TCGA-86-8672-01	8.3670870770112	9.734718086721188	9.48835432923331	13.359241673022298	8.971655631482866	6.997958495295701	8.910642730469625	12.425386393548173	0.32	1.1159560047324881	LUAD
TCGA-86-8673-01	7.188519614464178	8.653776599367788	8.503336808075867	13.141219463033476	9.145669813782174	4.92246428461769	8.055840964925258	11.130988767919826	0.4	0.39009622418144035	LUAD
TCGA-86-8674-01	5.986288050630373	6.929009799764548	5.689025134292252	13.187809802608443	6.424235166937094	2.599079705564855	5.3543851586185225	13.112985138501454	0.58	-1.1463869566285882	LUAD
TCGA-86-A456-01	6.832484990287604	8.711350354581	8.009498340933815	13.140908037092196	6.623366489455909	3.5417873943635474	6.731712748178445	12.573069615218886	0.36	-0.2518794988761157	LUAD
TCGA-86-A4D0-01	6.512139955512779	7.6616997270238745	7.250137319810737	11.900757394427657	8.47593199049563	4.877022722031542	7.071998580753055	11.057829308922479	0.79	-0.15161957604581852	LUAD
TCGA-86-A4JF-01	6.8872571774982045	8.202941690677317	8.181092609325933	14.019165014921612	14.367912946529302	5.4289128556379715	7.949960908707292	12.650057701600124	0.25	0.791858811339666	LUAD
TCGA-86-A4P7-01	7.596935142387232	9.157874900502167	9.027554953347009	13.33000650575562	7.124328135002202	6.191923831942243	8.408159877047078	11.72383156649532	0.19	0.5654107184714822	LUAD
TCGA-86-A4P8-01	7.9884745150997905	10.024544085403347	9.600463043614276	11.836756534528563	8.65302417864669	7.425601969293619	9.173856993564401	12.581132306555855	0.46	1.169064750115789	LUAD
TCGA-91-6828-01	7.418139338017819	8.975919599547272	8.946684079387023	12.58419445569369	5.184022363834532	5.63869655303745	7.4462645021997975	10.815663481292695	0.37	0.15286610092195763	LUAD
TCGA-91-6829-01	5.5045759033242625	7.235688771245031	7.746400110258368	12.893128958435586	5.5045759033242625	4.8774694247189325	6.154042388680983	12.32185483116959	0.49	-0.6631315895562118	LUAD
TCGA-91-6830-01	7.262000855660977	8.449804829492228	8.862228200198837	13.209377207841781	7.78238890597656	6.550289667182943	7.9165542708076035	12.364835034919077	0.28	0.45674206875270906	LUAD
TCGA-91-6831-01	6.618253340934403	7.8564504292959185	6.857869057549179	12.05281595026252	7.228318469505057	5.540197797837728	7.307774584767277	10.705226302269384	0.5	-0.17091772086371884	LUAD
TCGA-91-6835-01	8.810108869915453	10.537975471130915	10.360594727615972	13.81487281811491	6.831205887351929	6.083579315265088	8.467797081625456	12.035122123077427	0.21	1.0210179743957737	LUAD
TCGA-91-6836-01	6.060168468100354	7.160254659357042	7.765441922923898	13.89286531894376	6.428519300101066	5.423094054149902	6.837514405160469	12.366021621466128	0.67	-0.3726090173928059	LUAD
TCGA-91-6840-01	7.3281542964627855	8.807306616727459	8.932158637866308	13.032841263412246	7.514516816454006	4.79403629664601	7.7529158080514895	12.050141141885625	0.62	0.2743406704167107	LUAD
TCGA-91-6847-01	3.4513166308106724	5.913779820781203	7.493711372639175	13.385013030823163	7.116510316479543	3.878529176541209	5.614064903625004	13.842261940273923	0.85	-1.1523881306950687	LUAD
TCGA-91-6848-01	7.603299940035144	8.860962797858116	9.172882498412466	7.094563342048197	8.987750040247743	6.60450875224576	8.410141790777013	8.816097261171024	0.31	0.7661395976250454	LUAD
TCGA-91-6849-01	7.0712692752067285	8.7306535405519	8.401054427138504	12.325378543789835	8.251108373923516	5.19357858276951	7.352290660684218	12.79179372615374	0.62	0.24004744583192003	LUAD
TCGA-91-7771-01	8.180620312575666	9.867499606518306	9.514291932596507	13.116041743461748	6.805511732709858	5.5280367726001325	7.499845887083206	11.839148662233255	0.32	0.5780150659730067	LUAD
TCGA-91-8496-01	7.509474164119989	8.003124332259471	7.709538784399409	13.259190085326637	7.446818638961321	5.592125104475303	7.954405718661933	14.139231570719353	0.5	0.15936870308763484	LUAD
TCGA-91-8497-01	7.961281828439161	9.710238196075418	7.6360082623749905	12.606784575879773	6.387851904255738	5.1192773164097565	6.955568544788728	11.156911029069736	0.45	0.1656740314893171	LUAD
TCGA-91-8499-01	7.6739803512298534	8.300494420272628	7.846825493731307	12.050739750783952	8.170460903179837	5.36356709792942	7.782474092828772	8.4022489195391	0.77	0.25714047734930207	LUAD
TCGA-91-A4BC-01	9.579994693198692	11.195366055171963	11.652405825072329	11.479825726391804	7.521741758030622	8.470805271203238	11.245487343797091	6.995846277916737	0.22	2.012560682706604	LUAD
TCGA-91-A4BD-01	6.8560519669867555	8.020257716368322	6.7542862539610224	13.219528544139486	8.965293684941505	3.730476930317331	7.068832008643726	12.60537534023614	0.55	-0.20378271082770127	LUAD
TCGA-93-7347-01	9.348148304436409	10.839203788096944	10.083878174048907	13.209314755456246	7.4548092368001	6.91477976365991	9.006211051097088	12.918177496105407	0.3	1.3134553693505293	LUAD
TCGA-93-7348-01	7.2933888783021095	8.711030223447988	7.82993833054258	13.833443573811198	5.677908465557544	3.357031132879353	5.836383683279657	11.938377692536562	0.45	-0.42737993124598067	LUAD
TCGA-93-8067-01	5.919611813682043	7.391595894861301	6.283673648898706	12.765325470788813	7.706896567179008	4.867851996679395	7.3569184872324795	13.098653913717696	0.32	-0.41327988455411435	LUAD
TCGA-93-A4JN-01	6.636678267502493	8.490598207534216	6.695715488609975	12.635021994873153	5.533046227531506	3.0842854157093154	6.204273771710485	13.908617789732023	0.37	-0.6719312351021104	LUAD
TCGA-93-A4JO-01	8.368497731102813	9.95891080734315	9.227197152131957	13.484999067477299	8.130771316389692	5.602709256095951	8.538445043474804	12.481438712813794	0.2	0.8335760409635294	LUAD
TCGA-93-A4JP-01	5.3344574378779805	7.357200084860054	7.028712795746587	12.757975386412532	5.89305150273685	4.383579887058959	6.566837981283481	13.041251881846991	0.27	-0.7234607271819932	LUAD
TCGA-93-A4JQ-01	8.455508059630535	10.174076788659836	8.278463397235663	13.696869749913757	8.32431108098213	5.464540849450742	7.9347464746985645	13.454993224460752	0.2	0.6973614884352165	LUAD
TCGA-95-7039-01	6.794415866350106	8.202471596334622	8.074521491908202	14.762221107360544	5.382470130895973	4.660249812943219	7.27878395741996	14.007018504142376	0.41	-0.2415520087517251	LUAD
TCGA-95-7043-01	5.211681971969692	6.728410343279936	7.464202648297729	13.28020384428429	4.6156281657678155	4.0597965335883	6.936602607262811	8.916085463407352	0.76	-0.8872404423847263	LUAD
TCGA-95-7562-01	7.0002254034909495	8.157650096861712	7.934964620436116	14.059530363155831	6.672241457355741	4.405822220511669	6.7997737702201055	12.850860745485772	0.55	-0.20080606721477948	LUAD
TCGA-95-7567-01	7.303433729156979	8.9179687275585	8.444592531856268	14.120740075934064	7.735359702490252	5.658431441266568	7.589171728864785	13.04942486570482	0.53	0.33154004466609327	LUAD
TCGA-95-7944-01	9.192753909962244	10.594343267388096	10.833917884513845	7.721796436751663	11.318791334034833	8.68925023109529	10.723012396392368	12.042110778628608	0.41	2.1118501411378428	LUAD
TCGA-95-7947-01	7.176213050233586	8.639821828270444	8.064920564947105	14.083196744178267	6.330097624883851	4.893643732124967	7.435036794385804	13.666667840690355	0.66	-0.0025984361676753298	LUAD
TCGA-95-7948-01	5.576234900550193	6.272691363531338	6.818160331215947	14.08865575375048	4.151883164435158	2.646899948621948	6.010931975989913	13.138345405184399	0.71	-1.2883553555076042	LUAD
TCGA-95-8039-01	8.113299393856927	9.192785959251125	7.360987506976866	13.421394261924743	8.354897291962624	4.472136802954897	6.720169000151831	13.982592572348642	0.47	0.1678347552321295	LUAD
TCGA-95-8494-01	5.752210691248484	7.173956904577121	5.735050949938943	13.68725538092744	7.180316966812149	1.8275751682275982	6.016471805282564	12.914968072466573	0.53	-1.079797346415942	LUAD
TCGA-95-A4VK-01	7.327238248261425	9.111075665395646	8.482844250485009	13.772541394933187	6.679663063859479	5.232783534122453	7.68976041369556	13.308410139144074	0.57	0.22798859686295625	LUAD
TCGA-95-A4VN-01	7.892900979476732	9.327554889519245	9.650488140524635	12.975289119895201	8.347342324584266	7.171146767260317	9.251754591555061	12.212009933181958	0.18	1.0212064823822862	LUAD
TCGA-95-A4VP-01	7.87196066564614	9.553863484880738	8.634005093521164	11.686264143946781	7.816010835732652	5.066046124291382	8.75621603986682	11.367310995790865	0.3	0.5830211629849947	LUAD
TCGA-97-7546-01	7.4322245143268395	9.219144313966455	8.776005260125713	12.873770912062335	7.971543553950772	5.308233441023328	6.049632945704601	12.293859572437439	0.67	0.2303482888508597	LUAD
TCGA-97-7547-01	6.597723341991383	8.226417009792566	6.907491593343054	13.665857733725911	3.629916102384702	2.741984645757267	5.288306878231628	13.51926766990549	0.55	-1.01119780111821	LUAD
TCGA-97-7552-01	8.766005401880168	10.604126936355232	10.97960382407446	12.568402690514336	9.125609777311636	8.255486570496663	9.45205793134293	12.872790291257498	0.18	1.6738133787017169	LUAD
TCGA-97-7553-01	7.765110361879585	9.374074414998027	9.412387778422787	13.175792786103706	8.229453336701944	6.826662881481232	8.799864410881852	12.68105608648083	0.29	0.8812749980078399	LUAD
TCGA-97-7554-01	6.516413913834592	8.37793061344078	7.954917477630529	14.082789394596332	7.0396319323258965	4.088141596869018	6.460144592823291	11.55651084448815	0.29	-0.27152143560814773	LUAD
TCGA-97-7937-01	4.578987003332579	6.123134357062084	5.30632422236242	14.02248918851497	4.761013944577747	2.727855123497237	4.284018047511672	13.191267458516247	0.59	-1.739244002265259	LUAD
TCGA-97-7938-01	6.291703005088326	8.089047873964402	8.13628881249932	13.318980522722093	5.415887086620906	4.817126925978006	5.43616517147764	13.008053892900062	0.61	-0.5038448532613157	LUAD
TCGA-97-7941-01	7.019457293744311	8.657175512961064	7.740374439185642	13.076384727947323	7.214309405649934	4.396063562011655	6.986706725677274	12.883363070968874	0.36	-0.08306852585595163	LUAD
TCGA-97-8171-01	3.509923817868476	5.007886178824537	3.7696342324361045	13.419420382563493	2.8991369518108	0.0	3.3601394964174536	10.94714012703881	0.82	-2.7931666732137717	LUAD
TCGA-97-8172-01	7.880918120272867	9.77014849364964	8.673312609409274	13.436542385074858	6.108679172297958	5.11298364033271	7.133964173062875	11.722329399153418	0.32	0.27574061589146376	LUAD
TCGA-97-8174-01	7.454414457836199	9.138502203341366	7.728423948925548	10.836792031633733	5.62008489879797	5.612031012078232	6.857757111284963	11.03332663510069	0.3	0.009795301246382495	LUAD
TCGA-97-8175-01	6.742639542188902	7.61311168974972	6.189824558880018	14.175760045256249	5.999019084818726	5.893235993698229	6.7566230352031535	13.535858558616573	0.43	-0.4021417421475377	LUAD
TCGA-97-8176-01	5.973618162971399	7.408304262484299	7.022722894261084	13.235761458879278	5.100077784571799	3.2210573108397806	6.891589305947848	13.124794993930738	0.53	-0.8076245704591222	LUAD
TCGA-97-8177-01	7.85654380298232	8.719980837635159	8.30334239448733	14.034738791724756	6.501902452939474	5.143258710796333	7.30005964405144	12.254830805512274	0.25	0.15051404455864556	LUAD
TCGA-97-8179-01	5.727876900847943	6.817085983795423	6.735373242756336	13.644644947968795	5.086788011354279	4.012023313949099	5.674070772921317	12.302259066895173	0.48	-1.0002634654931468	LUAD
TCGA-97-8547-01	9.804435988235172	7.424787752809419	5.296508800172326	12.809042580127883	4.629175907564983	2.2720530582143894	4.48856642269032	12.721919445551544	0.48	-0.9494635088580637	LUAD
TCGA-97-8552-01	7.110561608643462	8.881823659362665	7.503730350046303	13.412172865823786	6.452618495500672	4.733885761952023	7.104179380706974	12.695515409704774	0.27	-0.08793854308865691	LUAD
TCGA-97-A4LX-01	8.737527910210476	10.237484847456296	9.672697589611063	12.15349819879925	7.513198576576395	6.56530623145079	8.6891453767057	12.838193469138107	0.2	1.0382636409573447	LUAD
TCGA-97-A4M0-01	7.968920178454636	9.583878193559183	9.20112167232718	12.987438119933245	8.842441491201514	5.967804950279498	8.082537611670496	12.48615875687541	0.55	0.7867874681141039	LUAD
TCGA-97-A4M1-01	6.663102631672241	8.159240650411673	7.535532005742605	11.777078563946944	6.067795728753875	5.34509826710611	7.1740967683717916	13.000153207768722	0.36	-0.1943709489891198	LUAD
TCGA-97-A4M2-01	7.8858183719899175	9.730709575819663	9.189278504176443	12.645268888184045	9.053328593449791	6.646982006594211	8.519805278055166	11.695480610540782	0.37	0.9427490022163738	LUAD
TCGA-97-A4M3-01	5.716807117362352	7.642311679620603	6.338408368901731	13.209671154711847	4.630719978268633	2.7145752388516255	5.320047759762348	12.644219072104068	0.69	-1.1705177474148178	LUAD
TCGA-97-A4M5-01	6.447326272980511	8.173367329560952	7.112210116976644	12.012502330575838	7.882184492900634	5.770863395505495	8.30908521564341	11.428810290336601	0.25	0.08184879286644942	LUAD
TCGA-97-A4M6-01	8.376077624315577	9.98960737568422	7.841979406810274	12.380309536272073	7.050741110975873	4.78131249727796	7.546516377960281	12.72536412751155	0.43	0.36999996639800514	LUAD
TCGA-97-A4M7-01	7.927019385004637	9.547499956126378	8.255897230960198	13.083620598155072	5.262553427319291	4.62267270380084	6.982811087891311	11.85137036234218	0.37	0.05096867737901994	LUAD
TCGA-99-7458-01	8.59370857415041	9.952479179886659	9.575030526791455	13.008836510939165	7.961640690526512	5.544856274889975	8.048988120027385	13.353463896787781	0.36	0.8220665486504856	LUAD
TCGA-99-8025-01	5.9844207374884455	7.371663401943256	6.339374369456885	14.007570453572812	7.010746276908751	3.3214952214408315	5.594476890732278	12.65832530475777	0.43	-0.8476100140866126	LUAD
TCGA-99-8028-01	9.834012727944712	11.218557182064933	10.688250309133178	12.93978487919201	10.022631358241663	7.220600821759432	10.84238963195947	12.87963685193592	0.18	1.981890994143984	LUAD
TCGA-99-8032-01	7.1357605810161715	8.345360889539638	7.217657256532327	12.448766765678734	6.549912474095443	4.2172694978241685	6.3290823245744425	11.099617386385603	0.31	-0.3282168871864473	LUAD
TCGA-99-8033-01	8.039516788462082	9.151214467641843	9.340442098775842	12.10272045540901	10.334094473911568	7.51286685354706	9.250779236121378	12.34598176596164	0.29	1.2066220286444653	LUAD
TCGA-99-AA5R-01	9.336493170467001	10.244684926889066	9.629334760898239	12.63268173123368	9.649954897916764	7.210651864227401	9.702602139291713	11.922220152422518	0.96	1.5014225155737912	LUAD
TCGA-J2-8192-01	7.22194472998189	8.527093800391247	7.574268056467342	13.377129173111113	6.3722469406995605	3.7429224301737363	5.638172331070304	13.032245513269636	0.41	-0.4032390934390622	LUAD
TCGA-J2-8194-01	5.985584676135031	7.200624013326969	6.127331999019027	12.255686605065796	4.591787112446223	3.675251386050259	5.60098331137083	11.864859348444355	0.44	-1.080068705704433	LUAD
TCGA-J2-A4AD-01	4.687424676494163	6.503475951343319	6.650652562121352	14.514276396561877	3.675172332101315	3.926976703192638	4.709985344484874	15.114307642449914	0.57	-1.436174016071619	LUAD
TCGA-J2-A4AE-01	7.384360698950417	8.946371194101054	8.341122931217065	12.832640843011525	5.575623953047415	5.322184150532854	6.904411840914627	12.602487780044779	0.52	0.013375154492723062	LUAD
TCGA-J2-A4AG-01	7.8065753985515025	9.112945078236594	8.362500572871175	14.36327239256924	6.660823109491726	4.89259017208941	7.5006746008691785	12.569739333814884	0.31	0.21226835790902435	LUAD
TCGA-L4-A4E5-01	6.6982740509229775	7.949470733993763	7.515896914309332	14.180282152562604	6.266700351143914	4.624293943091702	6.50941715574773	13.364244111784469	0.66	-0.3608212817658869	LUAD
TCGA-L9-A443-01	7.470292816197323	8.32683392436484	8.652902321230231	13.06949172514248	8.578561389947286	5.312799476175023	7.216173516060033	11.66730672746192	0.48	0.2944427924702338	LUAD
TCGA-L9-A444-01	9.279260020441749	10.55134297612921	10.985543123063367	13.568918026532241	9.999690012686697	8.341905713848922	9.804030965037555	12.147303518456527	0.37	1.8647960812258997	LUAD
TCGA-L9-A50W-01	7.355906041816671	8.092651445103776	6.082696203449257	13.59686527878446	4.531911650988791	3.426774640509485	5.721643344485461	13.624761192588247	0.76	-0.8142061274973512	LUAD
TCGA-L9-A5IP-01	6.811291196222155	7.89260352847118	7.949972577504181	13.134111819497834	8.178824173498949	5.273747120117276	7.310667307685785	13.845970215982504	0.53	0.04208226308425933	LUAD
TCGA-L9-A743-01	8.675717151721779	9.794672539255401	9.216641592433122	13.323378513882961	7.839487259271387	5.129048044618613	8.153592563396263	12.430052618807682	0.09	0.7231731788005921	LUAD
TCGA-L9-A7SV-01	6.016797147141294	7.079900732041191	7.079900732041191	13.616422487565462	5.8092497906131575	3.577646348899392	6.332575471687512	11.555571736481923	0.83	-0.7959018967716784	LUAD
TCGA-L9-A8F4-01	8.651457167873605	10.020577205544335	9.491835062528953	13.398757050163765	5.735595284990153	6.486576016961431	8.86062765254892	13.795400478334319	0.32	0.8216892959276052	LUAD
TCGA-MN-A4N1-01	4.498627451150298	6.022072585222674	4.969537330856501	13.856406074677743	3.4557546221861903	1.8044666427327776	4.269175313754043	14.090790591628055	0.48	-2.031904035989911	LUAD
TCGA-MN-A4N4-01	6.2193873287537915	8.082266155754827	7.7501240967254335	12.38403361265972	5.724931253425713	3.532354366670811	6.920257565908461	14.590587049915035	0.34	-0.5061514412071579	LUAD
TCGA-MN-A4N5-01	7.906746318890473	8.883437535457007	9.328957605037182	13.801566911292358	13.732050800980153	5.830496192748858	8.319690182743678	14.447134897742792	0.38	1.171220611237008	LUAD
TCGA-MP-A4SV-01	7.904267316083216	9.32325746671496	9.312626604617906	13.450360701662763	8.655741790188715	5.9573853277032915	8.313926036792171	12.698394306387657	0.36	0.7647010589495306	LUAD
TCGA-MP-A4SW-01	7.266842748497648	8.80352089361319	7.408915617126214	13.564435332546696	6.334323348526728	3.8739312858896136	6.587560017640771	13.132069106045671	0.46	-0.2590243310548455	LUAD
TCGA-MP-A4SY-01	5.240272345533811	6.876001167639722	5.7028098936936935	12.952724869374848	5.603540299939711	3.6154280685516693	4.706519501595441	12.30287878188271	0.35	-1.2806029044167493	LUAD
TCGA-MP-A4T7-01	6.575893164772001	8.35501626421955	7.25079107691271	13.427784236081942	7.091932508121814	4.91233849272716	7.499646606049545	12.729047120017484	0.34	-0.1281700380111144	LUAD
TCGA-MP-A4T8-01	6.693026894428857	6.645407695078479	5.4119278475818815	13.21438135693381	7.163518859026428	4.539605512022186	5.129930023616944	12.756130956660227	0.59	-0.8595179414640525	LUAD
TCGA-MP-A4T9-01	7.612816905741321	8.585390737248206	7.786811965962232	13.461709646213468	6.8036532712470805	5.498426406023485	7.418291162475763	12.647184072447574	0.18	0.12563563931477573	LUAD
TCGA-MP-A4TA-01	7.213745814935072	8.607334012962921	8.82855859722225	13.388743833078957	8.781658058239442	5.795270832188778	8.030920895847634	12.496419405884007	0.33	0.4877644818655374	LUAD
TCGA-MP-A4TC-01	7.605946142399033	8.900253985179036	8.095507792199484	13.537788666912627	8.624027763463943	5.932028090299562	8.090699966610698	13.62890115202819	0.45	0.500096159621421	LUAD
TCGA-MP-A4TE-01	6.526528973019475	6.1235523951733795	5.853701291397682	13.421880737211419	4.5525615157105195	3.638502526226167	4.681988909986026	11.535683628769231	0.68	-1.2996970067620177	LUAD
TCGA-MP-A4TF-01	6.264093496167295	7.449033060026763	7.449033060026763	12.142812273417604	7.9924908755815665	4.924280448819019	6.956114749464294	12.143851918063929	0.29	-0.2416800739256513	LUAD
TCGA-MP-A4TH-01	8.393742239067459	10.027131929538228	8.859724234433148	12.235562531341781	7.064376319475009	5.6138410212554195	8.110451989095438	11.227700168355856	0.4	0.6556711877952558	LUAD
TCGA-MP-A4TI-01	8.884317071160865	10.510467490045738	9.67325606680926	12.439441334892786	9.567104272779254	7.375404404404794	9.715206993903568	13.024893784751509	0.22	1.4972854179991701	LUAD
TCGA-MP-A4TK-01	7.925993486409813	9.38191277012585	7.87819808771222	13.476961326634182	7.615784104649306	5.136490822732016	6.899356922923111	13.025964860646562	0.34	0.2561707964852094	LUAD
TCGA-MP-A5C7-01	4.806004339719732	6.62235204454407	4.64782678833238	12.450871007916012	6.83130724380205	4.762550800072793	5.213475602000547	12.949937935487604	0.87	-1.1840591785678776	LUAD
TCGA-NJ-A4YF-01	6.332473431890435	7.7058120651353095	6.396298229431506	12.582196093471659	5.734652724088238	2.8227913209955977	6.544502387384471	11.805002184641504	0.55	-0.8207337575352049	LUAD
TCGA-NJ-A4YG-01	7.366077372494141	8.666444163462202	7.1426176554465775	13.503092778013288	6.798011620595478	4.36670688163668	6.812908898561753	12.664907220272934	0.32	-0.16894511597456685	LUAD
TCGA-NJ-A4YI-01	5.701099877500244	7.196587373707654	5.083081434351418	13.655608982543281	7.546647560466183	2.1232688874943464	4.574495136910979	12.650302335928902	0.58	-1.2553408485281614	LUAD
TCGA-NJ-A4YP-01	7.468151551652719	8.801294484508704	8.017532238661216	12.416924166820884	8.216716761531321	6.322184150532854	7.92101970579211	11.466851402209212	0.23	0.44780093018981465	LUAD
TCGA-NJ-A4YQ-01	8.953218669669276	10.45470027215073	10.173427297348619	12.789425642570267	8.647008638441648	6.312307577257386	9.8553325883999	15.289039048812738	0.29	1.3631358320551934	LUAD
TCGA-NJ-A55A-01	8.261958558294024	9.790662906467844	8.597668971537573	13.002201458537648	6.130560266996764	5.454040963298069	7.80685246754844	12.47761156138272	0.21	0.43666220464644706	LUAD
TCGA-NJ-A55R-01	5.932413201178226	7.520540110953772	6.041694192002046	12.531768889084402	3.67512715647122	3.5326286575171664	5.248067979543407	10.933122611039789	0.23	-1.1972330791304373	LUAD
TCGA-NJ-A7XG-01	5.782290607204036	6.655756814122279	5.302534744422259	13.423286648728244	6.840035145656194	2.8896682250819596	4.964546498556443	13.285708527837675	0.62	-1.224972825735579	LUAD
TCGA-O1-A52J-01	6.204127019252518	8.129009909535174	6.630610782293346	13.251369973073258	5.783116108805324	3.798952565331475	5.880065905042331	11.3153590435797	0.5	-0.7135004907059949	LUAD
TCGA-S2-AA1A-01	8.831956389687711	10.227254923674868	8.77483646611959	12.434479676605099	6.642910914911618	5.020119897456082	8.074837214645186	9.987605101610155	0.32	0.6157917394896797	LUAD
TCGA-18-3406-01	8.479400344727042	8.848128396204421	8.387405625265313	11.835166157220453	7.483436919328653	7.749353249035867	7.937197242935894	13.504607979293976	0.48	0.8737972150305554	LUSC
TCGA-18-3407-01	6.420908464440109	7.755107897070533	7.61859106247932	11.328607614947044	5.12007817395746	4.141661668178548	6.601384532627918	14.266976818685484	0.29	-0.3496613812817919	LUSC
TCGA-18-3408-01	7.439822574698769	8.228708079635942	7.871172156199607	11.514181450492615	8.02036329453178	5.8418398093561805	6.161720432894517	13.007815696665421	0.76	0.2809219566485897	LUSC
TCGA-18-3410-01	8.277059526995652	9.516580559407176	9.742344808208287	12.289021752281277	8.642459706664976	5.831165342777974	8.85618583769456	13.107805543743755	0.65	1.0811297118350445	LUSC
TCGA-18-3411-01	6.54109816455142	7.57957993604589	7.310149227213187	12.691898334546208	8.69402699585917	6.362175287979455	7.508048278568001	12.468547680891435	0.53	0.3228995735993884	LUSC
TCGA-18-3412-01	6.18957750090512	7.348480308028065	6.736523701141611	13.491088966941671	5.918097571144993	3.531493752408732	6.66043808469339	15.640592347964718	0.78	-0.4990298683233528	LUSC
TCGA-18-3414-01	6.509170093433467	8.264175149039854	8.333513183769607	13.128482550014443	6.145275971479483	5.4043343495633245	7.342910255456914	14.195410658250701	0.77	0.12456851756032965	LUSC
TCGA-18-3415-01	8.018934555980502	8.761378364617798	9.211664452656029	11.627538444184426	8.782362693625426	7.071741220891357	8.830784548287824	13.187198948855688	0.48	1.0597615611853979	LUSC
TCGA-18-3416-01	9.070660344471051	10.344062838353086	11.32605865335775	12.879799561075533	8.904246238335602	8.388805169248618	10.287873952346121	14.444309626190066	0.51	1.9064974269486814	LUSC
TCGA-18-3417-01	6.873136468833458	8.161812120252822	7.320150682173884	13.233216708354622	6.928713780952003	5.196654251929801	7.0082381177209285	13.269648304985111	0.31	0.05996964403414767	LUSC
TCGA-18-3419-01	7.278282179532731	8.89596903516294	8.882077475417832	12.745651217169668	6.795637091074243	5.853556586030928	7.7791612081524955	14.638673477521762	0.57	0.5043370859968375	LUSC
TCGA-18-3421-01	8.440337659743745	8.810076727956519	9.820276309128078	11.142872886768055	7.364852540061203	7.229712884249803	8.938979680821836	13.626986614424798	0.47	1.0626861849283107	LUSC
TCGA-18-4083-01	6.345531213667701	8.175210199832351	8.465145982625508	11.069745123799029	7.737166204996932	5.673615781303254	7.1906148602094975	12.79382274479377	0.68	0.2876539690286503	LUSC
TCGA-18-4086-01	6.7271308393433715	8.247666475923857	7.98445263873285	12.362467149064816	7.224020974337113	5.9259282311893715	7.553936421843417	13.845588056789383	0.6	0.2993511135945675	LUSC
TCGA-18-4721-01	7.955243047936763	9.583039504812628	9.216709487273631	10.806879849385588	9.112783523116189	6.988002937508055	8.672266212419238	10.834621158307183	0.39	1.1540365411598195	LUSC
TCGA-18-5592-01	6.611685850313749	7.888499735514123	8.308125113123332	10.514141990547838	8.709070023284532	5.694089000229257	7.609695872862739	12.481320135173695	0.85	0.413557728765993	LUSC
TCGA-21-1071-01	6.27145555761945	7.67581593117227	7.9092210692988925	11.590072378179865	6.569582229686511	5.223094276298336	6.764539898576706	12.368247255112918	0.29	-0.055107772954728074	LUSC
TCGA-21-1072-01	4.865171546463099	6.440616725789456	6.919590363076415	11.030611965209596	6.380194363726111	4.917130963653357	5.638314266318996	12.294408234368824	0.74	-0.6329552744876727	LUSC
TCGA-21-1075-01	3.1992954283283224	4.734590406696199	3.787787661455527	11.330367922312803	2.3979398334570035	2.8175823294119975	3.1992954283283224	11.141698448635685	0.75	-2.2617285725416463	LUSC
TCGA-21-1076-01	8.32172520163097	9.971787814304763	9.039272762757737	12.410716333604269	7.490794731851933	6.158646039127625	8.038759900079292	13.377332557702958	0.2	0.8898744860602856	LUSC
TCGA-21-1079-01	5.083617606681004	6.8943448697909515	5.875251731609207	8.204805868753365	6.252129880342861	2.5113162219187033	5.119534635181181	12.645102230207579	0.6	-1.013688017670266	LUSC
TCGA-21-1080-01	6.443157396841833	8.207570785552063	8.698319202164383	10.994912019435535	6.687760584070346	5.292167000740671	7.241468405310297	15.630255747260762	0.77	0.1830995138924126	LUSC
TCGA-21-1081-01	4.4235176652611745	6.9762376006418085	6.105137468775867	12.533057132591521	4.494153161963457	5.169760685150022	5.18050992199151	14.050928465158702	0.49	-0.9237029669598499	LUSC
TCGA-21-1082-01	7.014132086503214	9.192462968466705	8.486171329742785	12.163366643560384	6.886318458625235	4.9176083816276766	7.425241084665789	14.503036858998787	0.69	0.3312818963624817	LUSC
TCGA-21-5782-01	6.8389895729304016	8.434394708963346	7.867797645879606	11.225364112107759	8.46223640776798	4.62032247868161	7.8111820001690795	14.17697563541366	0.48	0.3274486431077139	LUSC
TCGA-21-5783-01	4.865918814552212	6.257020050020387	6.267930874619817	11.902868742280122	4.777061956438011	4.269743842894942	4.894361848138246	11.656978951982147	0.57	-1.0436732332709406	LUSC
TCGA-21-5784-01	7.478769619475764	9.049924765288548	8.467524039586019	12.899368252944388	9.68526214948534	6.301044338903641	8.534454634706762	15.098998437319127	0.18	0.9254762201819494	LUSC
TCGA-21-5786-01	6.353931932070348	7.72843755444285	7.586569609106985	10.66020987335256	5.568542918137802	3.854564232333503	6.764553167727374	11.70948019758883	0.58	-0.33208770270807225	LUSC
TCGA-21-5787-01	9.388501691153488	10.645550361316792	11.329033873660803	10.66061100205944	9.554773013757869	8.66523286385888	10.467442524483538	12.096721742122083	0.5	2.0924081130375884	LUSC
TCGA-22-0940-01	8.323604253793686	10.262094845370179	10.181226812822322	12.179016457293512	9.695832043528943	7.542954461878808	9.35056796569599	13.574853662005678	0.4	1.5736454415612415	LUSC
TCGA-22-0944-01	4.9337472995350575	6.369771811319962	6.358637136470544	13.365761968199758	4.349874773778284	2.7488905426459147	5.035135597985692	13.150028074784725	0.66	-1.21279772096545	LUSC
TCGA-22-1000-01	7.883168681449592	9.457705089890124	9.183409593816593	12.003493316513445	6.42631172540391	5.271702056600581	7.982474567322878	14.646283059769905	0.18	0.5856142504958642	LUSC
TCGA-22-1002-01	6.259728201216945	8.495063525546746	8.042047833042652	11.843575642251487	7.276747887097482	6.030137407174372	7.418164643203718	13.36043561057107	0.38	0.2859878464286807	LUSC
TCGA-22-1005-01	9.286326727090547	10.758439769322129	10.642782786116578	12.072233113557859	9.490778690053927	7.69753058886445	9.62709973392129	12.396663643651104	0.12	1.8112043237919933	LUSC
TCGA-22-1011-01	7.602795350720249	9.600297633487816	8.586730972008544	12.180630257258589	6.193304565680508	5.345871801610453	7.382321407114501	15.427846422130015	0.36	0.4247202367709062	LUSC
TCGA-22-1012-01	6.518955234418369	8.343732036905557	7.7609860107764375	12.850702551920648	6.390874005909091	4.002252451731379	7.313254923030678	13.109042179008577	0.32	-0.06448966899337243	LUSC
TCGA-22-1016-01	5.267921513867626	7.440620047679168	6.983039192788602	12.067555364585584	5.707386743205005	5.282951255745408	7.093739741308652	13.159287961454048	0.33	-0.33741387314028065	LUSC
TCGA-22-1017-01	8.135909325947628	8.33334322394304	8.27168711846725	13.883626543436401	6.710269196626628	5.78072741224698	7.50330102620932	12.259725612338418	0.34	0.4177674111946974	LUSC
TCGA-22-4591-01	5.968519348562992	7.361040162002271	7.149929984751045	12.579881589436265	6.445321153185657	4.344352726786233	6.295719351686411	12.741924076401478	0.73	-0.3701890730615545	LUSC
TCGA-22-4593-01	5.288454541782561	7.309758271424635	7.188578955733152	9.303534190615547	4.657319878875976	4.530064497859766	6.3708216452967	11.112648011322277	0.77	-0.5982610855444477	LUSC
TCGA-22-4594-01	8.199476046442852	9.225752111187319	8.450918421150119	13.456713760575523	5.809774558534707	6.157809736310638	8.378841047248537	11.164448157146245	0.24	0.5921172663911	LUSC
TCGA-22-4595-01	6.568764822351084	8.203891205706409	7.850430652823814	11.597251814960536	8.158882297740227	5.281946713452188	7.633612843643574	11.798018103030302	0.46	0.2943021127289396	LUSC
TCGA-22-4596-01	8.555547771647065	10.055079033704548	8.66372175454525	13.16457857565486	7.483259547381657	6.118970133913644	8.06437631947501	11.871866744748637	0.69	0.8804777658992314	LUSC
TCGA-22-4599-01	8.950477162678583	10.090059475755554	10.196011896199725	10.553562100965843	8.45338588036645	7.462224135900646	9.035392972072422	9.13347619040164	0.47	1.4525822008758233	LUSC
TCGA-22-4601-01	5.86099010256437	7.1944416920735135	7.397075613704462	13.130979118398953	5.722187295096419	4.78954668622252	5.783315206736136	14.381522673281944	0.78	-0.4531279493674319	LUSC
TCGA-22-4604-01	7.364607448740825	8.89155892900802	8.563390779783832	10.908054801428943	6.191521197888918	4.255364765952261	7.7854982413260485	12.475057009117222	0.84	0.23711627795766707	LUSC
TCGA-22-4605-01	6.330061760723128	7.861973968242259	6.630858281306968	13.047183568638658	5.584962500721156	3.562852959583925	6.090489324140238	14.2588383536795	0.24	-0.5299454953633512	LUSC
TCGA-22-4607-01	6.08935195869634	7.082691946179558	6.3879001423652	13.506233187894507	6.568711629245857	4.980153290318931	5.821067286878258	15.60190423616879	0.63	-0.4409652032737082	LUSC
TCGA-22-4609-01	8.005731203639684	9.354121528591271	9.39320595230286	12.9489895151338	7.576635505352234	5.752194631444246	8.264653710883403	12.65697001675585	0.42	0.8125283972902039	LUSC
TCGA-22-4613-01	7.402091132598222	9.052807121698258	8.65381241913964	11.138335804743598	7.890464932977285	5.634378358250707	7.984201967093343	13.213057121625594	0.62	0.6197958012960489	LUSC
TCGA-22-5471-01	8.768346453412079	10.203054294704952	10.691839463051348	12.607563807993182	8.158028959172091	6.375802293623355	10.203054294704952	13.113315674652709	0.44	1.475983960892834	LUSC
TCGA-22-5472-01	5.603448315076761	7.15448397256218	7.129633343202715	13.616456949448509	5.623931224650626	5.241988868044842	7.363801855402653	15.145219694965709	0.65	-0.30138164568611064	LUSC
TCGA-22-5473-01	6.243059706072527	7.541197310012739	7.108848504051523	11.826862255228265	8.6459934013559	4.863388417187972	7.227365645999554	11.870345452694057	0.58	0.060150193290268356	LUSC
TCGA-22-5474-01	8.323279987887322	9.603490970077136	9.639045807928856	13.158432969337577	8.874332834177896	7.285429962730883	9.379633957064446	13.345945740257656	0.55	1.3289701984469773	LUSC
TCGA-22-5477-01	6.426286562718121	7.670691652243333	8.159351671206378	11.693325777854422	6.713929464135753	5.894504943412335	6.879142103434372	11.338318553240237	0.73	0.09136558540442961	LUSC
TCGA-22-5478-01	6.5774076784246285	8.123955831940165	6.80161136775431	13.29479303498632	6.70300377081365	4.813134719018131	6.532988585130619	12.382134940306734	0.4	-0.15155052705849872	LUSC
TCGA-22-5479-01	6.502524738841949	8.052921209751274	7.812029658422519	11.025914698750793	8.525720462707106	5.5998384745466625	7.505160507491731	12.016787399093621	0.28	0.3249346663426652	LUSC
TCGA-22-5480-01	8.466353856466313	9.803307772392198	7.644490835980787	9.959846935419643	7.910900518914184	4.626112010858614	7.210125816710445	9.6659221150268	0.71	0.511948171346895	LUSC
TCGA-22-5481-01	7.614923288305623	9.354518277885417	9.104732403044979	8.16483654959131	7.356469577376443	4.441602990974159	9.197052014942143	7.283912514737868	0.7	0.6707152130877025	LUSC
TCGA-22-5482-01	5.322861937627367	6.550371251082284	6.001484760761235	12.285205684517097	6.687788572838346	4.232338416571584	5.77346101547925	13.521477756357788	0.66	-0.7037263873964535	LUSC
TCGA-22-5483-01	6.153720230771526	7.499806033078565	8.256137908620708	13.556781443276446	5.819989995291361	4.992278991398207	6.564888753223572	11.425100483079243	0.7	-0.17372959858123727	LUSC
TCGA-22-5485-01	5.604860081862931	6.546568852394043	6.460346128536741	10.90211881360497	6.2163617349711275	3.8778031342591626	6.064669483141011	11.207404844654679	0.72	-0.6793273482570769	LUSC
TCGA-22-5489-01	8.09976858988509	9.684971230548982	8.925836275641414	10.819811858346423	7.401613402055346	4.799346387522287	8.050822720144351	9.758456426021613	0.43	0.660196117710788	LUSC
TCGA-22-5491-01	6.537401686892468	7.138312763425016	7.501932698101843	13.564173312362378	4.803340711365055	4.42521086697336	6.081516459254313	14.716642649632824	0.67	-0.4775432984250576	LUSC
TCGA-22-5492-01	7.9985960707706285	9.24697805961472	8.806059779716092	11.952268035491842	8.983922758770563	6.116574773979483	8.34510359100855	13.301096025967393	0.56	0.9280998113673081	LUSC
TCGA-22-A5C4-01	5.600263805710461	6.982366179580753	6.772862182676681	11.68113297345181	5.357266956220151	3.4019990111623715	6.251690692817754	11.334094473911568	0.68	-0.7164441045838476	LUSC
TCGA-33-4532-01	4.95453134903855	6.490844460292213	6.407277962936513	11.73948107181458	5.243227309828833	4.197991165735134	5.956500454557824	12.884847816104077	0.56	-0.8365410269644227	LUSC
TCGA-33-4533-01	5.026060820682586	6.641712195328837	7.622505794177477	10.284361438458166	4.051937583028118	3.265076777469813	6.4452002937418476	10.306961668596976	0.7	-0.8504342724327628	LUSC
TCGA-33-4538-01	6.206688151232745	7.370966329941249	7.643560406972569	12.203828209568595	4.818738101541804	4.218323957817265	6.183035850002373	13.411153447693627	0.59	-0.4814883840765421	LUSC
TCGA-33-4547-01	5.895275958376155	7.517330816966974	5.488296480151354	11.68330169409646	5.6999513387045315	3.5409943643460107	5.851639117606267	13.732729212485713	0.49	-0.7590570090030012	LUSC
TCGA-33-4566-01	7.977348621628112	9.189814677373294	9.286516178125188	10.31317781564606	9.505231978162145	7.061679006772831	8.352754111934823	13.035092904094004	0.53	1.1328191986160483	LUSC
TCGA-33-4582-01	5.754647032950329	6.160250624912885	6.707856051482187	11.321961907656142	5.6531288244481654	4.243013992577668	6.160250624912885	12.50736355083785	0.54	-0.6858585407785611	LUSC
TCGA-33-4583-01	6.805021537855862	8.242635848337157	8.668952332094202	12.978485243838662	9.827455447597425	6.442618438279933	8.053268851038878	14.351346469989045	0.52	0.7614009444944879	LUSC
TCGA-33-4586-01	3.973473519575491	6.157660201147947	5.379322911060919	11.570709582861324	5.484627971283161	4.460224882782137	6.077633960752798	11.210312147143625	0.42	-1.026116874535163	LUSC
TCGA-33-4587-01	5.274656763931074	6.376906773141217	6.409046345466353	12.475761291732226	4.780189344404954	2.4716296976614727	5.34279650179459	11.196651301485371	0.88	-1.1234354100229462	LUSC
TCGA-33-4589-01	9.151600096948101	8.090234183281458	9.490333458989875	12.366089943506712	8.769110528806191	7.142382802744384	9.289845989727601	14.02036364181562	0.2	1.1925049878247636	LUSC
TCGA-33-6738-01	6.378263638731797	8.181132374626365	6.871560304550108	14.981330915987353	5.95514770995445	2.7192710730543057	6.560051529027337	14.855807737691345	0.53	-0.467565843891264	LUSC
TCGA-33-A4WN-01	6.221103725367875	7.47735352663456	6.514122260170708	13.28572008539366	5.399171093819823	1.3785116232537298	5.8529975876133165	14.457752791978654	0.39	-0.8889077739613992	LUSC
TCGA-33-A5GW-01	3.2099835561014283	5.168148591835117	4.573998541292902	12.767203720019133	4.631645628079361	1.968275110238707	3.6612821529091923	14.31184763166194	0.82	-1.9411620560785883	LUSC
TCGA-33-AAS8-01	5.910759040726661	6.804995733512358	6.051854949588869	10.962042857263501	6.976650038179633	3.9191493632876746	6.1891267581660605	9.847887322691728	0.64	-0.5663669962376154	LUSC
TCGA-33-AASB-01	5.276303102237654	5.858821493219701	5.305901229113671	12.546392901175015	5.560390923015486	3.2379613529874156	4.626275583049788	12.955862373403042	0.44	-1.2167030708040523	LUSC
TCGA-33-AASD-01	5.716154108074669	6.763185803715253	6.005146191230224	11.94036866079136	6.111895167925025	3.1082400714674483	5.678753642839448	13.43945432155718	0.69	-0.8324506659672856	LUSC
TCGA-33-AASI-01	7.770439254334755	8.922313825567109	8.688991576481198	11.8790011533057	7.188776742336638	5.478522105780913	7.875491347758722	13.716926609389034	0.52	0.5473035279630348	LUSC
TCGA-33-AASJ-01	5.983839555636669	6.8315606037782715	7.2739913636108975	13.665957634514724	5.37118594396128	3.6078865688943567	6.141318338686839	14.925202067721258	0.6	-0.6244881248044338	LUSC
TCGA-33-AASL-01	6.9361196534126535	8.022500978732367	7.261530815243406	13.48206423774512	8.981324671834384	4.653478544379914	7.900595145263414	13.551840414507264	0.43	0.2904236896793582	LUSC
TCGA-34-2596-01	7.1108016985525255	8.845000706167356	7.379655615152231	10.330367922312803	7.494471614552737	4.703078545026178	7.048857376980884	10.226653023277766	0.65	0.17655395020939094	LUSC
TCGA-34-2600-01	4.741240452012122	6.7503519206565645	6.070464466301399	15.044838062304722	5.7027406455504845	3.5391960414674064	6.473506071677917	15.268684537610527	0.86	-0.8378209090420744	LUSC
TCGA-34-2608-01	7.815075829702944	9.036110407386237	8.345391939707547	12.540525233710039	6.694378783075544	5.441785558707737	7.617739265107687	13.655396554328023	0.29	0.4442564513267598	LUSC
TCGA-34-5231-01	6.675745375112058	8.272797720299554	8.747535099141889	8.479824716132642	7.496430391602911	5.332310511289508	7.285272740420357	9.4650663743394	0.67	0.3128223757542567	LUSC
TCGA-34-5232-01	8.73871717948384	10.579881589436265	8.503555455757008	12.710731112033821	6.254905782036972	4.651269873332947	8.240667326597796	15.544095077510812	0.29	0.6709303583329574	LUSC
TCGA-34-5234-01	9.902732352097082	9.533090236733074	9.837156418075697	12.292948505199908	8.176641917656893	7.038589819794531	8.804831219971796	13.505675116541093	0.18	1.350593856829656	LUSC
TCGA-34-5236-01	6.4152076821715145	7.915353580491547	7.0082381177209285	12.049048720858222	6.330434704422725	3.8361665236358196	5.898788797111554	12.412305204955272	0.18	-0.38705821822824293	LUSC
TCGA-34-5239-01	8.079196749411304	9.832562523188797	9.775162506713283	12.364884267589943	8.964675869184639	5.816330904029832	8.538088027189362	12.567678058972337	0.45	1.095980022984635	LUSC
TCGA-34-5240-01	5.84963653914839	7.0055908672044165	7.299720885453074	13.012177555385742	4.313862566425242	4.022909276929244	5.840518624238843	14.537709813716624	0.64	-0.7104071109675187	LUSC
TCGA-34-5241-01	8.19771307175893	8.844247543796723	8.790628699406216	13.155124965492798	8.572870725346625	6.080075607786583	8.084191855995392	14.416150966716076	0.88	0.8273250687507557	LUSC
TCGA-34-5927-01	5.417238184112776	7.064290083528817	6.278815545003131	11.696450322965314	6.490549272827089	5.0991394791409235	5.937325557888379	11.843968146114724	0.77	-0.509170728840802	LUSC
TCGA-34-5928-01	6.62033714282453	8.050376533651672	7.853895872285044	12.297589804242321	6.098173186377829	5.4478370337574935	7.125795727565278	12.117980686291258	0.4	0.035463684042890804	LUSC
TCGA-34-5929-01	6.035843815994525	8.065373048413653	6.430907451593627	10.718764031235942	6.4475858083350195	4.340747400637488	5.9955772282758675	9.489312117441543	0.75	-0.39528311518287923	LUSC
TCGA-34-7107-01	5.774968867246085	7.375995117476828	7.03948937190185	10.246823714331692	6.027441606191045	4.566181933698165	6.497645893997966	12.584210901308017	0.59	-0.39714770765811996	LUSC
TCGA-34-8454-01	8.131964965820266	9.640742019920543	8.82764121673657	10.379963124915202	10.185494924210866	5.847114990083585	8.659589241218928	14.29740352154053	0.45	1.116401854055585	LUSC
TCGA-34-8455-01	5.8229544364518695	7.415344602839208	7.257057776661234	10.247084904369268	6.858640006978284	3.987411827440011	6.1689067406792155	13.916411330554448	0.46	-0.37956506783681193	LUSC
TCGA-34-8456-01	5.997199808395774	7.5670281945101125	7.481339310090968	12.684593035866257	6.1823705152172375	4.331712381235973	5.665449622658193	12.405481881977208	0.64	-0.40413460032543513	LUSC
TCGA-34-A5IX-01	5.826375607747651	7.29433585741245	7.3600832959133315	11.71603918352507	7.046512887295936	4.448458298226764	6.693180265087387	14.562975750916916	0.36	-0.25326246034562006	LUSC
TCGA-37-3783-01	9.262684491070129	9.25785216489816	10.238392796435903	13.24423151262764	9.825790396591609	8.223490126412255	9.283046669419042	13.79858317836778	0.36	1.6488625104577057	LUSC
TCGA-37-3789-01	8.137708437469602	8.301015978842964	9.06604074093019	12.455062599190573	9.602459478392706	7.006342911037812	7.925845174821571	13.547991012042703	0.62	0.981517449508816	LUSC
TCGA-37-3792-01	8.697349876658754	9.599769681066068	9.390695626500975	12.743647918971131	9.742216790695762	7.765806552083722	9.318023029534027	14.642751203327423	0.4	1.4771488700203375	LUSC
TCGA-37-4129-01	2.0827707036354433	4.072243030104882	7.861527403677249	11.987253351724968	3.976629419102808	2.755592647384224	4.041076480849651	4.768163147446584	0.45	-1.7601041264415036	LUSC
TCGA-37-4130-01	11.3393823870499	10.843764057432752	11.944400944094168	10.526509020086738	11.017420885231022	10.542112921587647	11.674739576144827	5.7891006084585115	0.4	2.8848004266799543	LUSC
TCGA-37-4132-01	8.229554277408011	8.78766426655	9.794024270973718	11.548436624696041	7.6618920839881675	6.995665409736109	8.55266141336576	10.905108668908138	0.62	0.9964127623337161	LUSC
TCGA-37-4133-01	7.430427461098815	8.180819193210782	8.569358172451267	14.19273202975031	7.426767932655541	5.717654491193608	7.911368017633266	15.6710738400398	0.67	0.46827179912323036	LUSC
TCGA-37-4135-01	7.447488281416617	6.82513687930362	7.767767338890393	13.241497602902529	6.4642990518739945	6.958448315630627	7.563661521169355	13.00456108194565	0.91	0.2303378243704843	LUSC
TCGA-37-4141-01	7.2039352402081365	8.36803931063539	9.650750201013599	11.446623268015289	5.048148979496875	4.751774336345447	8.011389409706172	12.122692129236055	0.76	0.24429192430378813	LUSC
TCGA-37-5819-01	7.8077541841825155	9.111096536927086	8.317222653949944	12.556611426955522	6.489396821975045	4.655157166149354	8.020152130477964	8.566328086132911	0.71	0.38346260570999274	LUSC
TCGA-37-A5EL-01	5.143426073258912	6.874944473187878	6.9624102065872515	11.691787130816836	7.85014307158524	5.437873557317223	6.375513878320058	12.703592166808015	0.77	-0.2596778126856741	LUSC
TCGA-37-A5EN-01	7.0096271017567116	8.016011521799095	7.987872232099692	12.379611215722338	6.647972092734828	4.700439718141092	6.627272680133158	13.00922853574813	0.54	0.005790187217556131	LUSC
TCGA-39-5011-01	8.769675882518042	9.921433355339923	9.385085853547684	12.82419702872959	10.355791546753647	7.8979603831081695	9.67233340259334	12.867313493721909	0.43	1.6371472218995844	LUSC
TCGA-39-5016-01	7.977686339852298	9.542341250005611	9.125413470483315	13.157629572312425	7.919286445228129	5.807354922057604	8.080247263968475	14.601370371045824	0.51	0.8223715338473476	LUSC
TCGA-39-5019-01	7.308766769038804	8.584582991957712	8.329024901090822	13.40770592428776	6.051202414098685	4.299845411372696	7.313300278390721	12.636386719366751	0.55	0.10932811011074357	LUSC
TCGA-39-5021-01	7.923992962579742	9.10693452559571	8.948446081183148	11.785546465056525	6.835153521895891	5.774713276050263	7.815645871236596	10.945495046753424	0.4	0.6041620571647377	LUSC
TCGA-39-5022-01	9.295488861421312	10.713128714351262	10.285402218862249	12.15637386193301	8.170571063915768	7.117092408813403	9.572901034145566	12.872170810753719	0.26	1.561470909742171	LUSC
TCGA-39-5024-01	6.972796028129981	8.939291234222022	7.6200951654042015	11.632209132146514	7.493711372639175	3.786836791029083	7.418940453465171	14.2860234381281	0.32	0.13639332086947376	LUSC
TCGA-39-5027-01	4.7078891733574455	6.310998054744932	6.22127003183232	12.299777541501	6.255574376696236	4.023281970044437	5.927052581096547	12.040067065721487	0.68	-0.8235444907759639	LUSC
TCGA-39-5028-01	7.002128658234313	8.133486465421873	8.063244062314874	12.013333142872517	7.678916986679839	5.457873322486426	7.079794090084895	14.678468098733802	0.19	0.2666035932610097	LUSC
TCGA-39-5029-01	7.753036192035612	9.178490571881788	9.071990538952265	12.910044918683122	8.295254660289586	6.142198978305933	8.567914257561846	13.907209906827918	0.54	0.8802569871386215	LUSC
TCGA-39-5030-01	8.93927653981878	10.48860337517886	9.925042544658899	11.725302345004431	9.304212122544005	6.439004707152181	9.148232510918936	11.33387651755427	0.3	1.4509308752229435	LUSC
TCGA-39-5031-01	7.530734052095487	8.762362104962444	8.452714852703442	12.132882041350832	5.726370766934281	4.823657660675358	7.278821119210722	12.67041061601635	0.4	0.18904159186679828	LUSC
TCGA-39-5034-01	6.497109346397453	8.518483995417698	7.815197542873866	12.897221514284734	8.747041589435039	5.363447952658594	7.196567703052292	11.39876506503974	0.51	0.34001060826396706	LUSC
TCGA-39-5035-01	8.409242415768343	9.847740154123278	10.112074551309673	11.61578134644288	9.901339077480387	6.864569986688442	9.451588224244043	14.491220526250451	0.44	1.483750467764749	LUSC
TCGA-39-5036-01	6.249130523121027	7.543372147841761	8.094009047129598	13.459726172957973	5.693406108555352	4.960284649417146	7.0396648288848445	15.011026284631356	0.64	-0.14111658912483827	LUSC
TCGA-39-5037-01	4.178292366034614	5.525326609664182	5.525326609664182	11.581200581924957	5.137888737470402	0.8753082600313441	4.504226298526894	12.549180611460798	0.49	-1.670434308042586	LUSC
TCGA-39-5039-01	6.7238042683176475	8.240037595412044	8.296562944178756	12.507916015685211	6.485275465063113	5.0243019468465056	6.920460048587462	13.901847386563007	0.28	0.0866015501250161	LUSC
TCGA-39-5040-01	5.860649997991882	7.020168802448082	7.033896480220835	13.911850715898767	4.758665617792239	3.6419621311067196	5.8683361225365855	10.925420919501123	0.59	-0.7313462428224436	LUSC
TCGA-43-2576-01	8.394895652517743	9.03876264314539	8.500288192615901	13.688676496984245	8.66448995142287	5.516790513302936	8.495763107100386	13.833700511465146	0.27	0.8294959625047563	LUSC
TCGA-43-2578-01	6.715454127115717	8.19575605471637	8.427522370682553	12.259440218836442	7.9194890642405165	5.794525039141309	7.417405294481687	11.300466964597808	0.59	0.38253335969417585	LUSC
TCGA-43-2581-01	6.91731240109503	8.601135639987719	8.32325746671496	11.703025407268974	8.072416692635677	6.252362671232823	7.680211817740181	12.160964923897694	0.29	0.5346363111103886	LUSC
TCGA-43-3394-01	5.292807511409271	6.5342141583591555	6.6151499461818535	11.946032645976377	5.836810332022299	3.7251085438094664	5.235447529739431	13.287442570348857	0.6	-0.8436362601547575	LUSC
TCGA-43-3920-01	8.525524724137359	8.566107329351928	9.467848016585135	12.16620388936998	7.3909255813864725	7.347045504288829	8.598793203695642	12.450950888009421	0.52	0.9837572464540393	LUSC
TCGA-43-5668-01	8.298470452416794	9.88078040407066	9.741935449144803	12.5651520718767	8.260515004994406	6.783770932771435	8.861601840704532	13.008418116971356	0.34	1.1935577914859823	LUSC
TCGA-43-5670-01	3.151875048578096	5.0868983824874165	4.422058036384331	12.474610954555093	4.603228714594543	1.811429927521503	3.598734407964585	14.668286691213138	0.62	-2.0008318833118985	LUSC
TCGA-43-6143-01	4.933209086181536	6.482761176757975	5.946260644572135	11.678195177010107	7.152974331389316	4.730786663207146	5.751758271683028	12.497886756532958	0.86	-0.6581672788776828	LUSC
TCGA-43-6647-01	6.74096802427176	8.757269988149114	7.647954829611502	8.817178741762064	5.590296610473786	3.8927601531755913	7.515471196362833	11.521536645675441	0.25	-0.07806202500014164	LUSC
TCGA-43-6770-01	5.231532250795515	6.873456416898223	6.042355419303778	10.837446599448334	5.010887231409215	2.914392308237281	5.58450256837126	12.512217008254892	0.69	-1.0123377053701754	LUSC
TCGA-43-6771-01	6.809170029758545	8.284800970659802	7.687641625748226	12.380233765894953	5.6015271621893135	4.17947920234734	7.367458435522342	14.095265143360965	0.48	-0.10292211674418024	LUSC
TCGA-43-6773-01	8.263114240264485	10.422201458206686	9.463548894791522	12.287132299539117	7.244544606685113	6.564881133885264	9.436430470270711	13.10036010346995	0.21	1.155037825494451	LUSC
TCGA-43-7656-01	8.293103743435385	9.421261175785594	9.33993015038282	11.225599092956088	8.019184826415296	5.894926870571737	8.197324829741778	11.421312728395044	0.59	0.8990155657760056	LUSC
TCGA-43-7657-01	4.1325686174752905	5.172507517243719	5.904048092454209	11.63988783404707	4.019408364626978	1.5776342652673305	4.513023246764053	12.530967113593803	0.44	-1.7078988519327762	LUSC
TCGA-43-7658-01	8.071810927053901	9.260893666038257	9.875948965449542	12.366622744408529	5.477586670630039	5.157221610000072	9.037733627446515	9.654637818471077	0.75	0.665598127326796	LUSC
TCGA-43-8115-01	7.827310943949667	9.579628959013933	9.360261110326094	11.067548642416885	7.920233742548361	5.953782057826358	7.958297502580168	12.535464936628403	0.42	0.8396948637679738	LUSC
TCGA-43-8116-01	6.973921178308826	8.34067352885271	7.583962787549061	11.213784690329424	7.231672402433409	4.502254212734241	7.096251309469823	12.530859851471918	0.58	0.08280120324552825	LUSC
TCGA-43-8118-01	5.96224592333346	7.392094131267286	6.9719918118473325	11.663389097981963	5.8397857886871565	4.9097251094963195	5.8397857886871565	13.529808748365648	0.33	-0.43508669456983423	LUSC
TCGA-43-A474-01	2.1117992095162177	4.104001110321215	2.934422143036657	11.312049081594768	4.44387845719636	5.1652567503742	2.6777788279157964	13.041669417457243	0.61	-2.1286771488998153	LUSC
TCGA-43-A475-01	8.906111931313337	10.26635319870025	10.866544848426601	12.165538281764233	8.943027567822673	7.81267149235779	10.387371157824793	13.076172586194897	0.34	1.7791964084985594	LUSC
TCGA-43-A56U-01	8.874465019344862	10.1557163499614	9.409231806585446	12.13776606420963	8.617059669537941	6.842765176458968	8.565326797511124	13.441802984419912	0.17	1.2605568787451635	LUSC
TCGA-43-A56V-01	5.657951488536323	6.944635935095826	6.223437996265962	12.471433898385506	3.4996035577309828	2.621829173194685	5.997624360944864	13.385161369527752	0.57	-1.080536840619508	LUSC
TCGA-46-3765-01	6.745049048679103	7.96649391606719	7.836485939000877	12.15826885385272	5.992238197287948	5.307301008631631	6.724677553907699	13.32673844246218	0.36	-0.0330737810395652	LUSC
TCGA-46-3766-01	8.688516090281624	9.85949440899194	9.428575827977502	12.237789551934293	6.8270568365001525	5.910828582586495	8.61706334388818	12.455108847157181	0.17	0.9270569431975906	LUSC
TCGA-46-3767-01	7.949721677569844	9.351067317222528	8.02180172161799	11.913113804509473	6.655494946021618	5.760173033289467	7.363241177215994	12.958453028284431	0.23	0.4627975682909406	LUSC
TCGA-46-3768-01	5.289952472215396	6.740091051092496	6.837842350598221	12.951794668530301	4.809651100901114	4.138961875714823	5.749156114022864	12.548557036925244	0.75	-0.7981021763240492	LUSC
TCGA-46-3769-01	7.687522657616514	8.761059169585556	9.035604666337736	13.172354059346311	3.0707671271210337	5.376283436599214	7.950625879546144	13.379324210835557	0.47	0.13454264936665564	LUSC
TCGA-46-6025-01	5.440696449031534	6.838006295366306	6.7695205149782165	11.260613795718351	7.400546468236496	3.6574570845735117	6.643981698783719	12.971374702767998	0.54	-0.4701154102294509	LUSC
TCGA-46-6026-01	3.9342050949494305	6.443044646782552	6.5124196965860826	11.49831071259635	5.056930288382672	4.372652665842474	4.900103607597128	11.936266176313918	0.9	-1.0546748651985938	LUSC
TCGA-51-4079-01	6.730490516487593	7.684804714399524	8.125304973670103	12.709639582608311	5.167084907519902	4.9961356198497455	7.761544584064917	14.82078228653501	0.62	-0.04073333665830473	LUSC
TCGA-51-4080-01	4.220237074526665	5.694871837398312	6.70546651109059	11.60336207394093	5.528424416532834	2.945364237214279	5.921700527755637	13.012268360113765	0.96	-1.0885341632922494	LUSC
TCGA-51-4081-01	3.250916109737854	4.8636907136600955	4.7989370175129125	11.885437091947715	4.8636907136600955	2.5073633526062165	3.739156825713946	12.005838551797419	0.63	-1.853716853150142	LUSC
TCGA-52-7622-01	7.566670572896338	8.853774262305917	8.898048084474787	12.803858674686552	9.720841053113592	5.909578715965974	8.110483309816226	12.862681908409503	0.39	0.8734949454691373	LUSC
TCGA-52-7809-01	6.317161137791488	7.468583317006828	7.5345596846083165	12.588154780027331	5.899820927791419	4.163611438430422	6.5688043359596735	11.581577215536518	0.52	-0.3241726283355744	LUSC
TCGA-52-7810-01	3.1675987850318568	4.663168114700948	3.676741307205067	12.826030024916102	4.402858582560346	1.5366994806909875	4.453813857676487	13.916457983629934	0.51	-2.0877695068527866	LUSC
TCGA-52-7811-01	6.006533665792763	7.077531423639956	7.410366546951837	12.875012075655413	7.036986788540843	4.691522998505701	6.515893761304841	13.72443924373445	0.22	-0.24605350739871046	LUSC
TCGA-52-7812-01	8.294391002089503	9.404415677346083	9.771327693709788	13.203692116288702	5.841844840129685	5.0606570270270606	9.343587703783749	12.45504718287224	0.56	0.7540134974034386	LUSC
TCGA-56-1622-01	4.210287548033908	5.825678794892103	5.698779664129956	14.062695474253275	5.997276598430781	3.0978467321295637	5.05465749389237	13.909377475614392	0.9	-1.2157742934973437	LUSC
TCGA-56-5897-01	7.4648397728632885	9.097776692804041	8.54989245701288	12.002255968436923	6.878038647468825	5.75166187995179	7.666053532764227	13.40357130577173	0.32	0.4951886659496096	LUSC
TCGA-56-5898-01	6.438206340518911	8.127081227716287	7.074890720126339	13.649222490284643	6.332570101351801	4.242610127118787	7.088862424984209	13.899073643469201	0.36	-0.17716202878194995	LUSC
TCGA-56-6545-01	7.09309531550393	8.884869560654616	7.8520238143034495	8.813787603180748	8.049075275476362	5.5633412019138575	7.615607568806339	11.964644105149555	0.32	0.4467506048805723	LUSC
TCGA-56-6546-01	8.480737701790627	10.140816992195232	9.789223880578904	11.777251204943786	9.944521738642122	6.723681420125698	9.39145627190179	10.164730977527242	0.41	1.4710725151268649	LUSC
TCGA-56-7221-01	3.322187756625867	6.456195042412278	5.3974915306021645	11.94336096061978	3.652337341796546	2.541613956292217	3.6887622438788243	12.733275949567716	0.58	-1.72391352784716	LUSC
TCGA-56-7222-01	2.642216356606585	4.180060316327498	3.5650365604245726	12.641053739578181	5.548072822388215	4.312846660612951	3.283655130515153	13.532428983619978	0.53	-1.9102180823244936	LUSC
TCGA-56-7223-01	1.555227179735685	3.6343028416625134	5.191602128461868	11.983285790635279	2.674822183961822	1.752620155864735	3.8436120711053756	10.588911353311936	0.94	-2.4292593323277916	LUSC
TCGA-56-7579-01	4.345694422090166	5.955873050349475	4.180728705921081	13.438544972614253	3.6851440364609123	2.1746940339737346	4.465295389395797	14.563088995794745	0.66	-1.7586859893295188	LUSC
TCGA-56-7580-01	6.710641151291676	7.711625679376494	6.951949076053784	11.280126980409841	7.119584433513673	4.212872786475258	6.662561571191048	13.440817271172406	0.37	-0.17836427884005182	LUSC
TCGA-56-7582-01	5.774151870467363	7.285207996841507	7.570417390691093	12.57261970613232	6.404094171654054	5.195548396157534	6.719073892280143	12.66042827947955	0.62	-0.21540321516861125	LUSC
TCGA-56-7730-01	3.57128847982064	4.745473996467281	5.572441029624272	13.083146870816742	4.602445002579002	2.1014147618141785	4.0171023669712245	12.600965198056805	0.8	-1.7891835400274567	LUSC
TCGA-56-7731-01	7.359117007405964	8.731424259060953	7.3994189289067895	12.564804462053763	6.168525710372775	4.711153465132379	7.035986737093136	14.191514227284232	0.17	0.05655127947756384	LUSC
TCGA-56-7822-01	5.333098088719919	6.798452359824653	6.177945689344038	12.408523467160197	6.406611496845622	3.5146777644288227	5.826731513641813	15.086530191553086	0.31	-0.7584640532667025	LUSC
TCGA-56-7823-01	4.455853235410864	5.98272439857303	6.150112826821713	12.445040718933424	7.1821460196332145	3.6288202458634293	5.854299917984003	13.123539462641672	0.92	-0.8535237554423744	LUSC
TCGA-56-8082-01	4.026410567619773	5.576325613266576	4.543700023940825	12.718830374489478	4.903886664751233	2.575481764786069	4.779112606312737	12.995258373404688	0.81	-1.5921914033686682	LUSC
TCGA-56-8083-01	2.204798045218467	4.212164642708855	6.737754352360276	11.799560904133825	3.564414753774236	2.204798045218467	3.8488983092964824	10.847989079412185	0.91	-1.9804271118661674	LUSC
TCGA-56-8201-01	8.256454031988964	9.755016069950925	9.894695007772249	8.714599278073969	8.471736172049605	7.158034009997499	9.369390141635682	12.255308935432373	0.22	1.3107675671675996	LUSC
TCGA-56-8304-01	6.818454358304653	7.954812814426985	7.471065496115354	11.243620292847242	7.928690096822887	4.930590695532533	7.73123076933453	14.665946534768688	0.54	0.19842396428480621	LUSC
TCGA-56-8305-01	5.094261409700057	6.5586380578466255	5.137376462625663	11.296635209495891	4.218517708544898	1.619413010597937	4.135887784527918	12.904993933665983	0.41	-1.5478477603491285	LUSC
TCGA-56-8307-01	6.947011512809396	8.411082988557824	7.6160120981462995	12.748666680315187	8.424519044475453	4.701698752351414	7.897778915077094	11.387909617518607	0.52	0.32329674485304766	LUSC
TCGA-56-8308-01	6.346378986691223	8.015415052386688	7.128468694966578	13.578679314031746	5.8101628667944425	2.8707789725257764	6.656570734360676	15.387801941656267	0.44	-0.4486581508515198	LUSC
TCGA-56-8309-01	9.291990258087875	10.837446599448334	9.915725542902127	12.728641196696515	7.289041355001265	5.73405924490055	9.258097229054432	12.288000889707574	0.31	1.2544010671085466	LUSC
TCGA-56-8503-01	7.18503398106342	8.609832513218837	7.905146285034109	11.313376245424525	6.182153966975984	4.812333923304415	8.020757755091214	13.268933761322982	0.22	0.20033141384577188	LUSC
TCGA-56-8504-01	6.803743668505225	8.411519461966867	8.323347549295084	11.915640403343941	8.223543219995388	5.588024974955364	7.464031066676047	12.816895651363474	0.35	0.4179742740292593	LUSC
TCGA-56-8622-01	5.671378301008482	6.9081403898113285	4.895622538389174	12.235017957777599	7.36649707577453	4.370331701584541	5.261007950405072	14.821793908560037	0.47	-0.7190772844883632	LUSC
TCGA-56-8623-01	7.913864771095861	9.257383127995272	8.929308717125332	12.432202587053332	9.636827598531186	6.726953797317279	9.381692187780159	12.529559883324087	0.96	1.1823982621112392	LUSC
TCGA-56-8624-01	6.118965982350893	7.784994656590885	6.85491823795099	11.351717761622261	5.078392081974067	3.2901589613081423	5.151505728775526	13.80823017595592	0.28	-0.7215728517752046	LUSC
TCGA-56-8625-01	8.234874898322934	9.878293130243746	9.581867156428707	11.990359285518354	9.716682300201246	7.457815879415279	9.068665437088937	12.11953126335695	0.37	1.4158778677996111	LUSC
TCGA-56-8626-01	5.257961035075603	7.408508076151501	6.250421598430927	10.86206388466444	4.870335125535447	4.106716819709163	6.192316489272056	13.44233447124378	0.4	-0.7394307062565456	LUSC
TCGA-56-8628-01	7.235219653493688	9.013738601003535	8.254731027558568	12.06305796362349	5.17589181484927	4.665489417456652	8.081376913068917	13.210835692087073	0.41	0.17771831403290964	LUSC
TCGA-56-8629-01	5.762367420655495	6.952356865520063	7.385914155589033	12.52393189325489	7.21440655421438	4.863958267527438	6.180591472607536	13.691187355097965	0.62	-0.2883413694793659	LUSC
TCGA-56-A49D-01	7.867068653187402	9.332687796627601	9.132173238754309	12.212651407305394	9.18404220628601	6.703308382228843	8.584086849762345	13.524737587012376	0.56	1.0723456584388535	LUSC
TCGA-56-A4BW-01	6.9041468676630915	8.0222568322183	7.949733348301833	10.410228728921659	7.855435378733743	5.65095981513646	7.182533401647216	13.708588178051187	0.58	0.2818320698864542	LUSC
TCGA-56-A4BX-01	0.4744620024436523	2.290866699625002	6.4944348120670625	13.174936602512645	1.8974340629203539	0.4744620024436523	2.040822310107341	13.80108184269837	0.87	-2.974187262710775	LUSC
TCGA-56-A4BY-01	6.048190403078231	7.34106064617679	7.975561406273617	13.25300537176164	6.003932741480438	5.284839828116893	5.842410690179516	14.70843191013467	0.45	-0.2614185631665362	LUSC
TCGA-56-A4ZJ-01	6.776472512726626	8.29219277390189	7.227471546359283	12.749192743611736	7.861459166361513	5.285302336517296	7.058749412335524	13.9799163711653	0.16	0.1649306954136109	LUSC
TCGA-56-A5DS-01	7.150468286748336	8.631897313758158	7.611740432670629	12.268240798229474	6.367035516155009	4.907587729751099	6.864904217529694	14.017965391350469	0.32	0.06998343177189546	LUSC
TCGA-56-A62T-01	4.845028314649543	7.416713095286677	5.2280913888998715	11.51299718240519	8.86106518784206	3.9837141719876326	6.259690544344328	13.716787315360387	0.51	-0.4948265205597247	LUSC
TCGA-58-8386-01	5.896962026349677	7.48231588457266	7.067767768984958	10.665211541561936	7.102595148540724	4.340305893723531	7.2727790617845205	11.656371230494976	0.35	-0.19973120280807913	LUSC
TCGA-58-8387-01	8.703021080003868	9.208487996709094	8.947356406934409	9.805561710328178	8.299968095517201	6.362163011641733	8.680236436419293	13.658479284944358	0.38	1.0093440729505867	LUSC
TCGA-58-8388-01	7.5129695378736425	8.81865247320102	8.698350459888369	11.255660053400842	5.520340524924093	4.716283087113768	8.124938090671554	12.112201644495652	0.71	0.28004479121743736	LUSC
TCGA-58-8390-01	5.650890904264686	6.904375711064071	7.0193238467882555	12.044663916355567	6.122734831223031	3.2027938233454827	7.360048169486467	11.390840695766675	0.82	-0.5157558401166753	LUSC
TCGA-58-8391-01	5.414558399898663	6.435775256148411	6.684650450711938	13.004785774003897	5.754115186466446	3.8206487193571883	5.7419630803254424	13.94697022228739	0.62	-0.7764472445807136	LUSC
TCGA-58-8393-01	8.045754201788471	9.468919271397333	9.476857565574335	12.948073332848297	8.146507581053317	6.781831791020482	9.067759703566303	13.832909787809946	0.3	1.1008810003893392	LUSC
TCGA-58-A46J-01	6.814076112056738	8.15457004542145	7.378789037934113	10.248686626873827	6.165548205340042	3.782114963388813	6.935447961032951	13.472805052309424	0.51	-0.18567343752725773	LUSC
TCGA-58-A46K-01	6.565356503525146	7.639442010327311	8.094489448362511	11.907968457126401	7.64472875634968	5.287889647024984	7.21797707902751	12.192628787653735	0.61	0.15942173573621501	LUSC
TCGA-58-A46L-01	7.280965590389715	8.68100995233131	8.837965310920845	11.160041574837548	7.056843606191947	6.253512825998767	8.217444002140105	12.40346212961253	0.58	0.5948116971431396	LUSC
TCGA-58-A46M-01	7.06198135669456	8.351473741304714	9.021321479782161	10.78369400636344	7.856817664271109	6.873481025349096	8.713338395657914	10.8693162268927	0.55	0.7596704183194912	LUSC
TCGA-58-A46N-01	4.897419541020926	6.014509285311817	6.19915994990144	10.97219003534614	6.622944988579695	3.5466105219083057	6.045283507100623	13.646164907766163	0.89	-0.8425702016435502	LUSC
TCGA-60-2695-01	6.872533296850119	8.598811809440539	9.036920872425014	12.551304519644043	7.251633891564119	5.069611952411636	7.916351239170195	12.182301233249529	0.81	0.41748199530873215	LUSC
TCGA-60-2697-01	9.245645397028571	10.805381137857186	9.668847764380905	11.911837611406877	7.093359459252839	6.415527143517963	9.073873776502385	12.810509379018377	0.18	1.2549886419414986	LUSC
TCGA-60-2698-01	7.79470827489907	9.179269685195802	9.674870193169294	11.298641133975913	6.621430667790448	5.636009712938614	8.585420784161725	13.581024001066629	0.26	0.7255584748487656	LUSC
TCGA-60-2703-01	3.999034874941733	5.566675138837306	6.027680454198802	11.292603471526839	4.8498641880736	4.28970169572107	4.738546282348286	12.726403381309137	0.26	-1.249239725030247	LUSC
TCGA-60-2704-01	7.224503393918303	8.827114014578664	8.953972326230097	10.58617363062562	6.438733644687684	5.515816510542196	7.2567936694552815	11.641455713319843	0.21	0.3671761479760616	LUSC
TCGA-60-2706-01	7.410892254835213	8.968701348351217	8.890857043601066	13.640380521490139	7.506184582261457	6.422222907165644	7.956771083614629	11.264067216098839	0.48	0.6837437816818187	LUSC
TCGA-60-2707-01	5.404170828522549	7.381560254769462	6.970451060493615	13.843302789154757	7.497101360551159	3.861776752602414	6.380713866315703	15.04893381543497	0.6	-0.3858516066117122	LUSC
TCGA-60-2708-01	4.752213367865143	6.639557774961015	5.416343223497082	10.957791293534232	2.991118175119831	3.2235924504811377	4.418810618642477	11.745010380286242	0.58	-1.4585282052740685	LUSC
TCGA-60-2709-01	8.015671508709625	10.0515488384404	9.699360761515168	12.389050487853526	6.8737639923685	5.479081782077347	8.184503466365204	11.750250576953114	0.15	0.8156124559248427	LUSC
TCGA-60-2710-01	6.655484928265098	8.349502399297862	8.64928851652066	12.465028099561232	6.57600204513404	4.791845320535463	7.160728628017595	13.857184028047753	0.65	0.14012593847176277	LUSC
TCGA-60-2711-01	7.375882205734804	8.820399180026929	8.741992732711093	12.66004270346883	6.1181707378026235	5.765388878277152	8.100788470762657	13.219021762348849	0.65	0.4467510013419324	LUSC
TCGA-60-2713-01	7.610714824410262	9.065445755735874	8.917025910493704	10.596720883283531	7.416687764627275	5.598636161649177	7.943094985327921	12.76189607512303	0.63	0.6158498305347927	LUSC
TCGA-60-2714-01	8.141264175085556	8.360438902825654	8.603414932022831	13.805310595596657	10.23197713725881	6.053004868589836	7.807953773817079	12.352655916838629	0.34	0.8816880180104416	LUSC
TCGA-60-2716-01	3.3266811502871816	5.518607523697545	4.9392171729058925	11.892891874743599	4.277136728864469	2.1854542878314924	4.5397729892129295	14.540860584689632	0.68	-1.7641349783888423	LUSC
TCGA-60-2719-01	6.119812653879709	7.326672163072898	7.610316189942323	10.96595739768042	6.845916523828796	4.806952972450633	6.8760380151073415	13.519537973266834	0.79	-0.15059500641685994	LUSC
TCGA-60-2720-01	8.105562848752907	8.84506031472917	8.513490745588118	12.76352569146345	8.18435468890391	5.069474472277917	8.148308787623165	13.775744009840443	0.33	0.6405474420293115	LUSC
TCGA-60-2721-01	8.106829863404556	9.750569659905945	9.966247315457744	12.30364092325074	7.206809252501592	6.853546605815434	8.86489183999036	13.276332359429965	0.61	1.0835723530811399	LUSC
TCGA-60-2722-01	4.6821462683327395	6.502311504849756	6.577727910768658	13.625937099538463	4.72068341383207	3.2234225499349374	5.613381364356836	13.76865990558343	0.81	-1.0460671152608472	LUSC
TCGA-60-2723-01	8.038781844462036	9.348557764540463	9.349402876777555	12.10350419643946	9.7609228251829	7.463875808575463	9.231358002205328	11.15577958528955	0.39	1.3317788804765056	LUSC
TCGA-60-2724-01	4.482047997704646	6.661877836203649	5.202942669880656	10.995215967181807	4.182239398145937	2.9748413120232535	3.6800317369122624	13.149234274734056	0.47	-1.4956389778189993	LUSC
TCGA-60-2725-01	7.766389767120712	9.108817147818813	9.797713397102495	11.855721128528991	6.86893364573085	5.6718707878973875	8.391565823365623	12.529745316255179	0.35	0.7362165997263634	LUSC
TCGA-60-2726-01	7.773310671140582	9.149731879687842	8.505073149641571	11.178639955277589	7.95348642288011	5.82725758509773	8.324770108043744	13.138297402341518	0.48	0.7195586588369892	LUSC
TCGA-63-5128-01	3.366853727588074	5.318656684347136	5.653111622919919	11.871412450825177	5.082413067650461	3.022243513947356	4.295186688921598	12.590813915051701	0.72	-1.5539940885716061	LUSC
TCGA-63-5131-01	4.482002807064692	6.230935013814372	6.504909537982928	11.592386956467486	6.370910549628319	6.36387192485753	5.2652043297474025	13.208868370672949	0.54	-0.6228474487626742	LUSC
TCGA-63-6202-01	8.329056304841618	9.967860271169155	10.278298443589694	12.97354670405851	8.549022215359331	6.8316492692592865	9.13895522225966	8.899952006297713	0.42	1.3312404623036846	LUSC
TCGA-63-7020-01	6.994534469583742	8.554876594598026	8.628926662040193	12.849991443179317	9.526951049811869	5.886211137566424	8.306745269180949	14.037443998692021	0.48	0.7472965201570544	LUSC
TCGA-63-7021-01	7.079175411240874	9.031998876474407	7.914175814063894	12.678459295613061	8.381041056922822	4.719539414699601	7.857968558047749	14.57553924683453	0.26	0.4343737825000371	LUSC
TCGA-63-7022-01	8.073102562480322	9.662233988610893	8.066449819141287	9.982480271715323	8.187911225686074	5.9036722030000846	7.795799410133203	12.368454623954294	0.22	0.7363036544071742	LUSC
TCGA-63-7023-01	6.306905635651948	7.985938682539306	8.087431016744018	12.749299609523073	7.087706805812303	5.074239958791834	7.394368369711403	11.121947876513094	0.85	0.10870652218947781	LUSC
TCGA-63-A5M9-01	6.486553492624526	7.909803099984185	7.581968810217411	10.326069892145146	6.144115728287948	4.782681141436676	6.915783793389205	10.813308230325253	0.6	-0.11803636806731345	LUSC
TCGA-63-A5MB-01	6.762654438998919	7.720969271929911	7.8802447160584626	12.1548434192694	8.035601917260642	5.2538796232904605	7.0148127583168955	12.018015830398317	0.65	0.18007721592460343	LUSC
TCGA-63-A5MG-01	6.989797518207418	8.357763115274883	7.257463275755381	12.906727156053424	5.9142344261908475	4.048436739809165	6.3608225087848655	14.710128397098801	0.31	-0.21559828130808692	LUSC
TCGA-63-A5MH-01	5.075434223345165	6.019083611157002	6.831991213650404	9.967226258835993	5.857784476729497	2.7665315587824986	6.030775265360323	12.731306301306779	0.91	-0.920388442264072	LUSC
TCGA-63-A5MI-01	4.707999574116685	6.59437536798012	6.192413157345417	10.009898581483487	4.64637581919109	3.819136781517519	4.956735080101288	12.563153362605163	0.47	-1.0877760042487206	LUSC
TCGA-63-A5MJ-01	6.40960308157458	7.60533135178436	7.3957311939319075	12.033608832918338	6.893216574708003	4.558910457627731	6.753510942040027	12.813981551614678	0.44	-0.14795297187224443	LUSC
TCGA-63-A5ML-01	6.513217529874481	7.812369865972219	8.341932392135472	11.831837665315266	7.687116692495133	5.753805074921829	7.429113778767337	11.483518543409115	0.71	0.28067808700471575	LUSC
TCGA-63-A5MM-01	7.854375975660077	9.024286430862423	8.977113889516882	12.074596415420421	9.846150089732031	7.232555236671808	8.847007219008441	13.7542298740932	0.35	1.1745807039261078	LUSC
TCGA-63-A5MN-01	8.954475514666214	10.383758284541605	10.142847365667727	12.608291789987057	9.039025953210219	6.330995731340758	8.91798364059948	13.736549914134164	0.2	1.4003350904424927	LUSC
TCGA-63-A5MP-01	8.106013237622118	9.05628546487374	8.533430970510913	12.711400261099003	7.550192684093284	5.142209191389236	7.794409367709159	14.021587298124501	0.33	0.5715980591732527	LUSC
TCGA-63-A5MR-01	5.480090591936595	6.5503373866275245	6.064962587246627	12.31776589511465	7.7495744909479605	3.2371659740219108	5.588129944581336	13.339112325538148	0.32	-0.7035571946310268	LUSC
TCGA-63-A5MS-01	7.612168168825253	8.602565258776366	8.439751943864144	12.38123740057769	6.876197676592865	5.17399486894783	6.876197676592865	12.321327786330713	0.2	0.29099169045444395	LUSC
TCGA-63-A5MT-01	5.673666657056518	7.256331365473537	5.623164535652593	12.05336253689932	6.004800237356317	5.276213756522695	5.308535623765403	13.503887836135904	0.39	-0.6307075860038234	LUSC
TCGA-63-A5MU-01	4.367818343606193	5.820204496614725	5.104286332365732	12.15635173899829	4.75656432820846	2.67870294616286	4.529958339513979	13.938247191864228	0.81	-1.496425445387872	LUSC
TCGA-63-A5MV-01	7.207521981387068	8.58220597454008	8.283375474025862	10.826874169121588	5.9886846867721655	3.65854283603296	6.364490140304592	12.472233896536281	0.35	-0.08902738315289736	LUSC
TCGA-63-A5MW-01	6.205099220689976	7.076762162911641	7.6504989110717565	9.11846874631795	5.969159701778897	4.2135105964562785	6.907034857899613	10.74048069537087	0.66	-0.31833687480932	LUSC
TCGA-63-A5MY-01	2.3700526557159143	3.54295136745747	5.606400770781905	11.680157303455665	3.2232989733327897	2.4938778598635114	2.3700526557159143	13.992619747130695	0.85	-2.327935061290502	LUSC
TCGA-66-2727-01	6.778931320143126	7.883327555782397	7.621077488285035	10.837754064928863	6.992054609515786	5.79664706812663	7.059203835147849	13.147584949968437	0.47	0.13095248332983325	LUSC
TCGA-66-2734-01	4.930046570658041	6.682868210698182	5.775748535838619	11.625183716082391	5.66033254143528	4.604611046912465	5.989477383238944	13.475416793552997	0.36	-0.7952423308583727	LUSC
TCGA-66-2737-01	6.980322402653692	8.33847789976744	8.342088005642024	11.520849454020848	5.57349571549561	5.6218057347471655	7.544338549799112	12.464275155825284	0.48	0.1726186776130397	LUSC
TCGA-66-2742-01	5.990855047853439	7.637646469633642	7.279573439591846	13.017316483583869	6.0014915164221865	4.56015855376863	6.142725879040742	14.887144441596782	0.44	-0.35973238573764227	LUSC
TCGA-66-2744-01	8.754022293665113	9.864141253230338	9.637012428640562	10.181910062950253	10.868344148764619	7.189439129956775	9.402082603082752	12.383040024713456	0.37	1.599954082673355	LUSC
TCGA-66-2753-01	5.907438715587855	7.426239591197051	6.891273354505281	11.319581808571561	3.474851334273146	4.788925791836999	6.097075585591974	12.129386062910575	0.39	-0.6730076194322249	LUSC
TCGA-66-2754-01	5.075207431935024	6.264435093501168	6.355303519742806	12.026623722246867	6.347275877584633	3.267895303438372	5.794953852287728	7.447562666950971	0.87	-0.86460657068909	LUSC
TCGA-66-2755-01	7.915783793389205	9.272802384890607	8.431961365046448	11.384627278795445	7.144851948595934	4.118052347998158	10.213164989004014	8.836255537791937	0.3	0.6723020417759256	LUSC
TCGA-66-2756-01	6.2464536933234545	7.497740088609093	7.886531857463975	13.522115595965904	5.878764571267355	4.405059750660732	7.3579302226389744	11.123856276300195	0.71	-0.17828667369567353	LUSC
TCGA-66-2757-01	7.097537058868167	8.29063174688622	8.612326693980577	13.382597009560882	7.037448117043898	5.514024393511587	8.364230977409767	10.978674712998478	0.86	0.4366145082425099	LUSC
TCGA-66-2758-01	8.652414788611289	9.50387939094588	10.245386323263295	12.209069489445621	8.418198382761151	7.759988020254565	9.875921328231199	10.599606050959139	0.5	1.4810405761902075	LUSC
TCGA-66-2759-01	7.146695948030656	8.386733361598274	8.120745906890999	11.896631357477549	7.782362693625426	5.486411903025282	7.6694378523385405	14.783044264709709	0.5	0.3955107490200607	LUSC
TCGA-66-2763-01	6.455912400110364	7.522299045292164	7.224725252767593	11.381413167682311	8.254801876520057	5.1516031409799306	6.884085023535747	13.78393950183327	0.67	0.04861928992002116	LUSC
TCGA-66-2765-01	7.334755965403687	8.406693971714295	8.053985596740958	9.529096684864802	6.867476440258578	5.035619511263526	7.239044733560297	13.442943495848729	0.51	0.21943201518015057	LUSC
TCGA-66-2766-01	6.347451291038977	7.220890979850732	7.3973837118083665	12.1319598228983	7.002016109473031	5.329966716385216	6.61571202178955	13.391914828931892	0.75	-0.11544353481850984	LUSC
TCGA-66-2767-01	9.033668018628456	10.180816707372045	10.34347444768552	13.15915864092939	8.178893871557111	6.918684379695479	9.25626059158539	12.959672363180841	0.27	1.4231312636332503	LUSC
TCGA-66-2768-01	6.734668980356517	7.647854123941531	8.247111020772447	12.595073285934964	8.810719431116699	5.358892032849106	7.852123718743417	14.45697679604984	0.57	0.39178486163096293	LUSC
TCGA-66-2769-01	7.5654600889426025	8.641730255723656	8.215552413509613	9.865572447006906	7.026777931949472	6.08681348236523	7.613634783068407	11.028707271259123	0.32	0.46423589910401475	LUSC
TCGA-66-2770-01	7.053610978634067	8.274513272170843	8.883449754903339	11.612168168825253	7.801604901444983	6.335990533902127	7.987968841586621	12.482071802918954	0.64	0.5894235549281394	LUSC
TCGA-66-2771-01	8.862488586489986	9.298722458354074	9.512945842139269	11.739531702315968	6.750110694197265	7.095724031771129	8.88400257657773	15.032794783087889	0.44	1.0457767990864928	LUSC
TCGA-66-2773-01	6.8875252707415875	8.629243677410665	8.749366658602458	11.962057321604231	5.321700852522616	5.739062289445011	8.108796243285049	13.26493367805976	0.41	0.28995832283149287	LUSC
TCGA-66-2777-01	6.370289848144871	8.001644636252609	7.383548784028919	12.852457333833925	5.711371005763351	5.218378210643899	6.2234804728235735	13.92663883505744	0.3	-0.2128467666455387	LUSC
TCGA-66-2778-01	6.910828582586495	6.849073516668139	7.189409477312563	12.976982909574087	5.130667339815507	4.345375083985031	7.0408047794399184	15.078142466504241	0.38	-0.37570242586647273	LUSC
TCGA-66-2780-01	6.502757032544685	7.432207807862968	7.022989147845099	13.087020218698582	6.956788504346916	4.51563046111671	6.732798307755911	15.053009485981866	0.47	-0.19953568967123184	LUSC
TCGA-66-2781-01	6.089830735740577	7.014020470314935	7.642961441448722	12.868265042164602	5.873436729835297	4.931451413113436	6.529138471566136	12.775009375610962	0.4	-0.30901328941340744	LUSC
TCGA-66-2782-01	7.239111582252053	8.733544156421074	8.147464434042059	12.004027298013677	8.424783554626568	5.549025296786744	7.647782187016016	14.071571298008879	0.52	0.518153417083741	LUSC
TCGA-66-2783-01	6.278070265347427	8.015493109137143	7.736165127235683	12.18319804089963	6.565068557927705	4.632820754954898	6.678762092112348	14.316910805559898	0.57	-0.11108285337118799	LUSC
TCGA-66-2785-01	9.062329520512229	10.234901236693835	10.068119914967495	13.570175908020243	10.203348002979762	7.241315853178783	9.499062554086061	14.42962903961233	0.4	1.6714643894861123	LUSC
TCGA-66-2786-01	7.060674318116802	8.573802429787985	8.988230223060457	12.863386790934225	6.9064456960453695	5.519740028808481	7.515755022284826	13.981959653008516	0.57	0.4010419657326052	LUSC
TCGA-66-2787-01	7.879803772127296	9.395919659458956	9.49285862487437	11.817483361748337	7.776189546829575	6.942432398407019	8.579100931710341	6.141342864931744	0.36	1.0033791787374517	LUSC
TCGA-66-2788-01	7.235344128172668	8.638218678809363	8.884146092318945	11.655096865554544	7.16976469308714	5.889872613489941	7.527907013662712	13.548689478770632	0.41	0.4854534618135921	LUSC
TCGA-66-2789-01	5.6949665291082034	7.181808217090556	6.6491124398425026	12.831063738771851	8.263564987095567	5.0660504309658725	6.4353535624294285	13.649660362966207	0.55	-0.19325323367873345	LUSC
TCGA-66-2790-01	7.030325041799974	8.535034259188501	8.985369497967111	11.411362685745507	7.1005467085394365	6.078421971548645	7.812158048055008	11.022797783048293	0.57	0.5080884306078566	LUSC
TCGA-66-2791-01	8.278519151949675	9.563631017637535	9.693131467100955	11.176179383731187	8.071253183427679	7.35849296823573	9.271666111455556	12.438911379276396	0.45	1.240015320217667	LUSC
TCGA-66-2792-01	5.726945625622313	7.017866247392657	6.950410089271261	11.085890667256102	6.5807409557273715	4.546233909250071	6.177289963704076	12.761443192480193	0.66	-0.43366717410929545	LUSC
TCGA-66-2793-01	3.894778967625555	4.992428559934366	6.787314916860259	12.41967055670885	3.7369295263393343	2.8412687025433447	4.792933418163806	13.818022884959456	0.85	-1.5123770254535212	LUSC
TCGA-66-2794-01	8.580326413091246	10.033698298750554	10.89888853751333	12.512315787802	10.516359937028017	8.45085245448719	10.215387388188256	12.399825307663646	0.64	1.9349734154978435	LUSC
TCGA-66-2795-01	7.042622451698788	8.224773478437932	7.678114170949788	11.773777973092825	5.627469682202997	4.9631689062016795	7.235621763761989	12.446176089428597	0.66	-0.009375647201641446	LUSC
TCGA-66-2800-01	6.481421658417117	7.797907897676782	7.155202776442969	12.243968318336696	5.904510591223188	4.6789395154134175	6.887074358082536	11.972154127312017	0.52	-0.21780985706779277	LUSC
TCGA-68-7755-01	5.789864856250055	6.973852316775009	6.553182305975444	14.924413555145483	7.178296350339928	2.842636968071929	6.060605152514371	13.45961091973363	0.62	-0.6191698419532402	LUSC
TCGA-68-7756-01	6.017316205169376	7.126084935885105	6.662533088701888	13.303795015264795	4.7715687000045435	4.042539282973876	5.2882810355562615	14.653399318385166	0.49	-0.7605632225585847	LUSC
TCGA-68-7757-01	6.27890844565128	7.537389261434783	5.087246420762264	12.763899102160849	4.9983986217601934	2.7189205108217056	5.776290894483509	14.363388759644542	0.34	-0.9322872849213661	LUSC
TCGA-68-8250-01	7.009615905619607	8.378173451972525	8.20640879824841	12.47408362129818	7.542358663401846	4.863913678661835	7.185390853146485	13.043539998771735	0.44	0.24189846082919364	LUSC
TCGA-68-8251-01	7.022578653050343	8.773940298311269	8.218529332761152	12.362642478442247	7.37440485362542	5.069006082232752	7.241392131260918	13.063056277837227	0.33	0.3017180916585014	LUSC
TCGA-68-A59I-01	6.9955975783220135	8.844398207729348	8.163569174656903	12.386156193145775	6.405132951636069	4.812262035282317	7.760074540094752	13.526303606206456	0.29	0.22957272273286042	LUSC
TCGA-68-A59J-01	7.465925503434333	8.335801218610081	9.319428264557272	12.335895544487641	8.521726056680098	7.403625624490075	8.715038781810962	12.50862919998409	0.45	0.9619309816214763	LUSC
TCGA-6A-AB49-01	5.388217095537397	6.004038397111153	6.48302893124433	11.50912673438449	6.256323816424217	3.918624755574591	5.935608252886574	12.213332091552385	0.69	-0.7672674963856746	LUSC
TCGA-70-6722-01	6.187160031027984	8.324117525802137	7.471764618075056	13.017239917573985	6.555305416869099	4.7801368392355394	6.891880892031583	15.120104198259277	0.32	-0.0760992276865667	LUSC
TCGA-70-6723-01	5.1766498953778175	6.696285996057829	7.396013882990758	11.383153457936178	6.362725862000665	4.435775256148411	6.664027659720147	12.969269589948293	0.86	-0.46155929871137497	LUSC
TCGA-77-6842-01	7.742289223052161	9.833261713355345	9.425289347722897	10.432771544128384	10.94783415366703	6.0576430518838	9.256527155141965	10.503090292769778	0.48	1.3293567726267372	LUSC
TCGA-77-6843-01	4.328096836028313	5.960041330430829	5.586416485293295	11.754866629688394	4.295855241041015	2.936929981580597	4.390488850720022	11.610383559519592	0.74	-1.4646832042230604	LUSC
TCGA-77-6844-01	6.229691737678336	7.713482748680657	7.299958940344253	11.913566375999396	4.4181562081910695	4.141040345433593	6.897252528670347	14.396664981406584	0.66	-0.4496023787587591	LUSC
TCGA-77-6845-01	2.6388384367240314	5.150023440260104	5.047315895050186	12.00679240674876	3.4275391314918533	2.273247317541202	4.852213626824683	12.083991160574854	0.78	-1.9107283339051957	LUSC
TCGA-77-7139-01	6.0476190887869095	7.790270290948505	7.361092815105959	13.112747366166207	6.421689532546595	4.337989329918261	6.591074976302387	14.315453866340142	0.72	-0.26033110650376184	LUSC
TCGA-77-7140-01	4.805875401256681	6.50032245567342	5.656710871117522	11.078704557546152	8.162124418074468	3.9985656089719726	6.6849870047665485	13.679227165856343	0.78	-0.5791868077171924	LUSC
TCGA-77-7141-01	5.4445014283107565	6.902905663371619	7.6237864043171575	13.05653272644275	6.295882784620318	3.513452845921109	5.900997187917155	13.208866846938873	0.61	-0.5780021282593042	LUSC
TCGA-77-7142-01	6.051365575643053	7.4466532472862506	7.552538461423094	10.808200003624805	7.076398758270518	5.35247959021656	6.647763482827821	13.738197839410569	0.39	-0.09072837052040877	LUSC
TCGA-77-7335-01	9.600602419447151	11.015686838893568	10.486945607188392	11.34037867155228	9.271554068893556	7.772314573921653	9.917791250537656	13.693149330841075	0.41	1.874767489550332	LUSC
TCGA-77-7337-01	6.329491400750555	8.007459029366748	7.711543087454737	10.979839580154588	8.037717157228283	6.201698545774353	6.750727081663042	12.349999908943882	0.52	0.22548718998901848	LUSC
TCGA-77-7338-01	6.388764709190838	7.799229806628149	7.744584959546691	12.355158357113957	5.589649648582752	4.608696897294082	6.507680488382802	14.359454458383277	0.52	-0.2439117003806647	LUSC
TCGA-77-7463-01	5.387403901912843	6.668558834518789	5.653985774267551	10.34826340766728	6.567580431600843	3.2471831945553293	6.14940570901668	12.285884770506904	0.41	-0.8037733045497193	LUSC
TCGA-77-7465-01	8.905546459891314	10.029149163420517	9.434019331889655	9.62598457234836	8.408219331624197	6.0198686775044665	9.382840144475237	10.371297481138127	0.68	1.22767699033601	LUSC
TCGA-77-8007-01	7.489944270662584	8.776653450196006	8.935244624050801	12.338967529477495	7.126611559258334	5.271279994787456	8.151529067715314	11.229389644289082	0.21	0.5283586336258118	LUSC
TCGA-77-8008-01	6.839921806922198	8.596297861024732	7.500666634733566	10.667022812714263	6.7317398971253954	4.514166455840739	6.427694997692832	13.924691902914892	0.27	-0.0344554184169866	LUSC
TCGA-77-8009-01	5.258831700857207	6.488866835056532	7.3430257773403795	6.259150059940213	7.4587428952729935	4.320708502227314	6.796623709036494	6.11136105742288	0.67	-0.36873480401451614	LUSC
TCGA-77-8128-01	3.5150059164337293	5.66937548808128	5.682174366231494	11.445801179764649	5.417113260688933	2.2105447219555083	4.3577842246416045	11.753103903612503	0.64	-1.5452074887185814	LUSC
TCGA-77-8130-01	4.450254494034002	6.496797865631758	4.573871336868049	10.245754716952916	5.5023496983294855	2.7796799636147558	4.450254494034002	13.550241753733237	0.39	-1.3904125839503345	LUSC
TCGA-77-8131-01	8.35087290000668	10.045882496790597	9.404275160493464	12.811232183205124	9.200305225252936	5.038084947316968	8.824054983663062	13.49787677959582	0.23	1.076187813062602	LUSC
TCGA-77-8133-01	7.907671843853364	9.454387724105318	7.409577625769219	12.49068795027597	6.1184905494023605	3.7548875021634687	6.958494716474607	12.703827890514667	0.4	0.07774976205075668	LUSC
TCGA-77-8136-01	8.476734054877442	9.914340280835235	9.804410173416187	10.779940912453739	9.649523850767691	6.264037181148693	9.12383688154482	12.549315402956548	0.34	1.335482427678052	LUSC
TCGA-77-8138-01	5.781079016457105	7.555524765031077	7.067520408966309	13.293371059023844	6.604691098549017	4.742415886711886	6.854581685350296	14.433904874588551	0.23	-0.25518296326080686	LUSC
TCGA-77-8139-01	5.82949188541105	7.304191583832018	6.824678763719313	11.444419637272476	6.384695696609467	5.433286648201587	6.416495237079926	13.270470541949965	0.3	-0.2981030730645124	LUSC
TCGA-77-8140-01	4.989297985782465	7.173057456275775	6.276747887097482	13.800242693232407	3.4268417173336188	3.5241389186885335	6.344919017591479	13.986428712831797	0.53	-0.9884222534209499	LUSC
TCGA-77-8143-01	6.424109167883658	7.400093849986261	7.198562907891863	12.206352017535384	5.9221859527747585	4.495823055451677	6.15362498792693	14.836854149466246	0.66	-0.3633776553004995	LUSC
TCGA-77-8144-01	5.796470567856036	6.89976776813654	6.825225940443373	8.67416754610942	7.396073840216193	3.802296632234575	6.428048567179807	12.898263157067221	0.57	-0.42649436354388065	LUSC
TCGA-77-8145-01	5.567225989665811	7.224223610209756	5.642271240323257	12.125849312946688	6.025361072342031	4.017022169474744	5.567225989665811	12.83396135519363	0.41	-0.7549148548406518	LUSC
TCGA-77-8148-01	5.746613744425455	7.501200268588927	7.245153354832393	11.073920625181715	6.04779574064942	3.6890754695453065	6.337830598266197	12.70741305956583	0.68	-0.4772039330802869	LUSC
TCGA-77-8150-01	7.358299549194759	8.85312550256673	9.072253214595738	12.924806937641954	6.060471134722762	4.4078693637366495	8.016256727404617	12.68609120945618	0.56	0.31733430695428266	LUSC
TCGA-77-8153-01	4.6568853080614225	6.203208988515986	5.729604430301335	12.548133141297143	5.888679939372364	2.0330881693321876	5.171987382024497	13.821245827038753	0.76	-1.2394562549581767	LUSC
TCGA-77-8154-01	2.419862450377524	5.767064146885955	5.111298453402541	10.448880308039552	4.85658737530124	2.419862450377524	4.427123405943983	14.036791777973592	0.68	-1.7409185515206467	LUSC
TCGA-77-8156-01	8.320105541669287	10.093655242847353	9.6626559154202	12.236447772637854	8.293444059187092	6.714671393337736	9.018353204886719	11.498061341765165	0.23	1.2240638198108298	LUSC
TCGA-77-A5FZ-01	9.630525603694743	11.10511624887948	10.136709208066511	11.737809267675878	8.226445911477505	5.8509094109306155	9.501005156712369	11.829409588718038	0.46	1.481072377666781	LUSC
TCGA-77-A5G1-01	6.997314991915606	8.446835177086042	7.216677965066472	11.936847703388262	5.91760122152507	4.399656468786922	6.830039776080827	14.621187637177465	0.25	-0.11805641456764744	LUSC
TCGA-77-A5G3-01	6.667934690348992	7.936796921124549	7.883058681276985	12.506409245611442	7.173377324365331	4.637540694731622	7.349754492293615	13.248618441605224	0.65	0.07402088695286446	LUSC
TCGA-77-A5G6-01	5.374983808297186	6.661179522338203	5.834781993892508	11.647764202224158	4.40933662189024	3.047712869629618	5.753805074921829	12.938173665159743	0.7	-1.0720137495240691	LUSC
TCGA-77-A5G7-01	5.605221698941724	6.871104373555458	6.552257169448284	10.064257743720006	5.340676198983109	3.887700722982789	6.4420693226827055	13.743982345751876	0.58	-0.6792569981181825	LUSC
TCGA-77-A5G8-01	6.427668183201658	7.989184431559949	7.490409679460006	11.897871920294456	7.023122256212669	4.075797870996397	7.601703943845698	13.653696001629301	0.44	-0.04023013440077955	LUSC
TCGA-77-A5GB-01	7.303707698477556	8.506989835834581	7.701299530073907	7.975332115897913	8.098490092253254	5.24562115540151	7.516157013447933	12.839499069361674	0.28	0.3681139150511394	LUSC
TCGA-77-A5GF-01	6.8330165608111	7.937020644064992	8.22494707750449	12.098252550985729	7.105929454989564	4.6288727260548885	7.05532582417327	12.887315827152358	0.56	0.08955548606735779	LUSC
TCGA-77-A5GH-01	7.970313002450857	9.255210370995407	8.906448702583923	12.318974875657814	10.178664851006472	6.3087776883718565	8.594753802507014	11.767087823943784	0.46	1.1080117647479168	LUSC
TCGA-79-5596-01	4.780478088685029	6.525812059235915	5.227178857327742	13.360655077766669	6.557765420196161	2.150364704611994	4.833649127594984	13.705254386300497	0.69	-1.2004884604035098	LUSC
TCGA-85-6175-01	7.431531033444469	8.944193739589538	8.434394708963346	11.098038664583473	6.901337568878292	5.590691833298161	7.603915596741328	12.534482843301921	0.3	0.4388397183633242	LUSC
TCGA-85-6560-01	6.767522386228545	8.371275697210892	9.19496610388571	7.8907081149082865	6.954045052171334	7.304693557471008	7.685821039917755	5.970805349010337	0.49	0.593559305817808	LUSC
TCGA-85-6561-01	7.9225546714430495	9.553742554949306	9.441149376124622	11.271433846884321	7.579119793156493	6.6701321812671015	8.048143528937098	12.322635180284422	0.4	0.9114568189755955	LUSC
TCGA-85-6798-01	4.67286656944677	6.181468347660675	4.650695638917798	12.030284343714763	4.67286656944677	2.5028906640282726	5.37355773558153	11.16354904861529	0.47	-1.4088802511860523	LUSC
TCGA-85-7696-01	6.022720675274757	7.435728592553168	6.966349710301929	12.437283926608474	6.672467773554589	4.152702630915754	6.137948149580117	13.145109014602738	0.76	-0.39176858771883455	LUSC
TCGA-85-7697-01	7.249132419820481	8.413780228965877	7.959254318069919	12.0665029638817	6.589660134074326	5.512580878673969	6.554946411561171	14.309177893145637	0.36	0.1510908014861757	LUSC
TCGA-85-7698-01	7.54077899382922	8.902757973336039	8.403404076485321	12.478119906581787	7.547758275265956	5.6289339505322005	7.280687267679589	12.574080215007179	0.63	0.47742264616736524	LUSC
TCGA-85-7699-01	8.721379495581932	9.83093979278601	10.23736533793479	10.155956629464384	8.032111866161594	5.623199660083987	9.398993737408633	11.329555308426439	0.65	1.1929585969443044	LUSC
TCGA-85-7710-01	6.395181076463065	7.870814720924387	8.036058192333343	11.304665040920977	7.100304905795685	5.591876852564203	7.221055376868704	12.993370089010217	0.73	0.13995450827760267	LUSC
TCGA-85-7843-01	5.9438744546081645	7.447909748742077	6.4225895929771735	9.928580552667844	5.400438877518252	4.705331031320346	6.202997504206932	14.193717850733643	0.41	-0.5196518312082219	LUSC
TCGA-85-7844-01	6.400734305812807	7.757356671141102	7.823303543494827	10.128767676685552	7.746776300175288	5.540424104644658	6.894369124511634	12.576085117591983	0.33	0.12864061559545445	LUSC
TCGA-85-7950-01	7.5901378920530975	9.38210088724371	9.29132497769298	10.92035285541508	9.38210088724371	6.016436146919112	8.35755640307187	7.8390084755481215	0.52	0.9840858244235114	LUSC
TCGA-85-8048-01	8.737450168142777	10.26923189618262	9.430511094624299	12.034406947371023	7.787974365954857	6.259481530833793	8.867816174791386	12.85388067159824	0.18	1.1439113035199362	LUSC
TCGA-85-8049-01	8.258575455541068	9.707623141823857	9.196093067189206	13.05953712278925	7.413856372908002	6.284719551641577	8.24627506128637	12.619589539918504	0.2	0.8993622344197894	LUSC
TCGA-85-8052-01	6.066026744097079	7.3242165572779765	6.941939658658894	11.689251104849852	5.953628428328596	3.3681676830499256	6.184597684155761	14.022324462165582	0.37	-0.5590575000727791	LUSC
TCGA-85-8070-01	4.554674796907262	5.900953729247535	5.791248861499144	14.061666519978361	6.098118431466439	2.585034633669892	5.312970058770519	13.925730593680429	0.95	-1.1791569414299639	LUSC
TCGA-85-8071-01	6.386712671593875	8.88008856382883	7.537288300623765	9.335077662441645	8.95096116525542	6.037858794960684	7.156083076288682	14.285344417422273	0.86	0.4308296468781075	LUSC
TCGA-85-8072-01	6.907335358015445	8.108263075304334	8.013925589764883	12.836833443819252	7.578946258549809	5.470702794763218	7.130230762318166	13.744402898314162	0.42	0.24484488573001936	LUSC
TCGA-85-8276-01	7.9425614214882785	9.557069228059603	9.00775894411431	11.410732230982696	7.679437873666795	5.677759099427322	8.189231548647284	12.20386184862522	0.26	0.7801012626660856	LUSC
TCGA-85-8277-01	6.847971859548623	8.394625604911406	8.011534773914692	10.990153613274975	7.844460979724473	5.422471859984895	7.689767401245796	12.429058841628718	0.56	0.3536359764093406	LUSC
TCGA-85-8287-01	8.278361174663383	9.936502495967632	9.570884110990235	12.104353042069116	7.304310247910132	6.1293345408477915	8.094895816805181	11.47083170243746	0.34	0.9238035077884429	LUSC
TCGA-85-8288-01	6.706986330175175	8.367812229412747	7.934180321080655	11.8087671378944	7.708414881297588	4.8670661813991725	6.937697489041464	12.960583021236724	0.61	0.16837115490073074	LUSC
TCGA-85-8350-01	7.072823967180414	8.295690886754299	7.814729851985252	12.950402798495608	7.088141596869018	4.464263105530941	7.171987382024497	14.025494308107952	0.32	0.10316844862508256	LUSC
TCGA-85-8351-01	5.1328194648201215	6.918445868425519	6.547184512725748	12.475956302029466	7.825047812665563	4.119264864337288	6.620413393965087	16.383253717377187	0.49	-0.4258891528585374	LUSC
TCGA-85-8352-01	4.787343651616331	6.180967341464977	7.473316108473024	13.385970221353809	4.959060686638041	3.5199444141830254	6.32139239490797	9.233104336500288	0.93	-0.8372410426812879	LUSC
TCGA-85-8353-01	7.308757669531461	8.65474342118394	8.431368058843853	11.271387156024508	6.950503407945662	4.634041407560299	7.65041992519221	11.841053220808158	0.41	0.2948938954132921	LUSC
TCGA-85-8354-01	5.679001467616839	6.9927571030309785	6.371957813682701	12.412860896781892	6.389886839811505	3.43822630507018	6.158454176745785	13.215082466382714	0.75	-0.651814126434808	LUSC
TCGA-85-8355-01	8.856967021247328	10.578419868321319	9.76109075974265	12.532209797526592	7.43176501606313	6.66960792297571	8.158306728313976	12.449011902777254	0.23	1.160734443898065	LUSC
TCGA-85-8479-01	3.906534686934558	6.354332260135374	5.23154377062177	10.867919623508834	3.6711574764385637	1.8910302678409228	4.986479199963818	14.527525877015869	0.67	-1.6206006574025003	LUSC
TCGA-85-8481-01	5.54038690596375	7.639362416752849	6.791735944766279	13.955377469600855	7.4151671105891275	4.206893236121771	6.938368135141453	14.654949234765686	0.29	-0.27027954632004353	LUSC
TCGA-85-8580-01	6.801507903326989	8.481629930263468	6.808784027836735	11.983531633810506	5.14588121129242	3.4043990715220906	5.884929985895301	12.732917838997936	0.33	-0.47423132828441245	LUSC
TCGA-85-8582-01	6.411085531503784	7.887976042512443	7.034435836337545	11.532472816842871	5.845605461931268	4.9025222407727025	6.169109247410046	13.358774808081991	0.21	-0.2877805360803302	LUSC
TCGA-85-8584-01	8.550489000839832	10.268822675719543	9.973912570796847	13.780734546859499	9.17346727448897	6.659325213279392	9.372327485346817	13.174637052221964	0.39	1.4254914883752055	LUSC
TCGA-85-8664-01	5.5861882706274715	6.609372315987092	6.491346461123043	11.417319842734111	5.201316276493119	2.8350751804135315	5.201316276493119	11.258677912024416	0.65	-0.9860038249090711	LUSC
TCGA-85-8666-01	5.989634053907791	8.07329540463902	7.072920410103301	12.635405245559234	5.7527485914071335	4.58408459418096	6.21398293854761	13.463792554751707	0.27	-0.34805341839884946	LUSC
TCGA-85-A4CL-01	8.678483944215772	9.60107991187167	9.693091381805878	12.108361098906638	10.461868206331998	6.832434354307012	9.923958804931825	13.725962641716473	0.65	1.5434598602679699	LUSC
TCGA-85-A4CN-01	6.939414661300718	8.255647072409012	8.135288599020447	12.034379433531747	6.584096623907595	3.446520920293185	7.602735975667113	12.31840158362059	0.54	0.0008856466882064354	LUSC
TCGA-85-A4JB-01	5.6299772826006	7.334058708972807	6.531337789086531	11.279732444754448	6.757676686309021	4.022323421728865	6.182426137041549	12.201330613419273	0.33	-0.4947229025606313	LUSC
TCGA-85-A4JC-01	6.991261060338432	8.441462730068544	6.30689834665361	11.708364009144098	6.271438749336941	5.046023881046102	6.533354653138534	14.543497091728762	0.48	-0.14355186451866256	LUSC
TCGA-85-A4PA-01	10.673688914634424	12.355706220004476	9.6170853897931	8.553164638658615	7.896768325633142	5.757951309393185	9.181756049353535	8.937623934315418	0.43	1.598936034194316	LUSC
TCGA-85-A4QQ-01	5.34418226346131	7.093010779289157	6.780835001738229	11.693539228111852	6.5014279984653855	4.282454632217356	6.217044550010863	14.285019241165308	0.56	-0.5183763450800919	LUSC
TCGA-85-A4QR-01	2.204798045218467	4.217176420224306	3.948638222528419	12.421331139594844	4.108148052451759	1.234991741248802	3.3890849151969764	14.069777005245946	0.73	-2.3921680437949138	LUSC
TCGA-85-A50M-01	4.9293460034612195	7.088989592567851	6.624599550338822	13.027347949840282	5.296890517963047	3.855222314262798	5.6752542093254625	13.367455705293875	0.19	-0.8108997729041261	LUSC
TCGA-85-A50Z-01	6.565024370712896	7.654027319096476	6.970899657913163	8.717467371347333	10.487438112928714	5.877599482469199	7.994432641471192	14.210831127109275	0.36	0.47821645671433394	LUSC
TCGA-85-A510-01	7.844586515521641	9.127527529109829	9.063386991387093	11.737919092036524	7.501518761893579	5.53384052335428	8.52809852124899	9.386563091277152	0.55	0.7295047916452863	LUSC
TCGA-85-A511-01	7.242288096761726	8.699988805482041	8.057293213499298	11.363932138076475	6.478230858822255	4.99545738329239	6.966384321000191	12.254523774371677	0.25	0.16920491961382897	LUSC
TCGA-85-A512-01	5.294150188171227	6.634071910646803	6.199703750100872	13.243522116630569	4.967712744082457	2.4513561984379226	5.330210591163073	13.110517566076028	0.77	-1.0997273021568874	LUSC
TCGA-85-A513-01	8.568754183886938	9.988457472811401	9.074312755890437	13.340406490853294	8.340855976395257	6.257084184722839	8.597873781061447	11.958447590605598	0.24	1.0811350908303485	LUSC
TCGA-85-A53L-01	5.747774071742705	6.90388184573618	6.816586907551232	12.509836846924665	6.19506407143836	3.2621023642823954	6.542064542283442	11.96233573190204	0.43	-0.603154576709901	LUSC
TCGA-85-A5B5-01	5.650270558253981	6.75596911788892	6.0581086494011736	11.555787402083773	5.746232136655182	2.627910285754102	5.520579396289891	12.312701472795798	0.8	-0.9431267900622288	LUSC
TCGA-90-7766-01	7.490176993828719	8.711267746895395	8.481016330111471	12.248034287908132	7.016095119301339	5.818996233843494	7.5794215427635185	15.495627090040957	0.59	0.4584917247559707	LUSC
TCGA-90-7767-01	7.929199219933981	9.475927938533493	9.020652205791968	7.562349286562582	7.338237201723509	4.672934438621214	7.658982618528001	8.132736196562282	0.54	0.5650775732650852	LUSC
TCGA-90-7769-01	4.63824764539018	5.7873175291344605	5.356045185122951	14.515465775532736	5.0645897312777075	1.8062415563869245	5.330691047303605	15.380582817784852	0.73	-1.4224620562602954	LUSC
TCGA-90-7964-01	5.0909211610227505	6.727893233645249	6.36221913119001	13.31055598152405	8.160622754908813	4.842370459282852	6.523162023199163	14.65825611990286	0.71	-0.36757876280201973	LUSC
TCGA-90-A4ED-01	5.447344458507339	7.3323588522885235	6.764659316539406	9.578106584412627	6.033982350404123	5.243048277834608	6.611587006736139	12.136975096282619	0.38	-0.3784502693975542	LUSC
TCGA-90-A4EE-01	8.927046060495918	10.544954776163607	10.593904612158267	10.503756184905365	10.099189986451947	6.618254809460076	10.185779842282919	8.91628256023752	0.42	1.7447311176905693	LUSC
TCGA-90-A59Q-01	9.211963711708417	9.81778472032771	10.345017075159472	12.624747487051602	8.703519495586617	7.911380002788145	9.632333658850698	14.141859671346468	0.28	1.6074108256587343	LUSC
TCGA-92-7340-01	7.618304738443569	9.335001712665305	8.295920426661626	10.760104488061343	7.412375075120014	6.349763336862011	7.950293432439234	14.642807600680177	0.39	0.6634590517382494	LUSC
TCGA-92-7341-01	5.980758803709573	7.4276648313552185	5.918698689117833	12.978792671793432	6.9422564392440265	3.5811101752255494	5.878512010839947	13.494355603532846	0.51	-0.5781576404817657	LUSC
TCGA-92-8063-01	6.167829568878032	7.053556678083379	7.145137362324722	13.285971439332052	6.955754510023137	3.608099545994382	6.549387318695338	14.360133788653636	0.51	-0.3872846728228665	LUSC
TCGA-92-8064-01	8.585642360825046	10.21660036900673	10.836634260036183	12.372076040542218	9.19545341439028	8.293002552999553	10.232133079002558	12.167371100661185	0.31	1.7986593389660612	LUSC
TCGA-92-8065-01	7.092122849838679	8.649453793439942	8.275291124635155	12.006203335514568	6.642962885038067	5.300951023054919	7.538452803717294	14.754407358820078	0.5	0.28512959795039905	LUSC
TCGA-94-7033-01	5.166253483680526	7.127034783802294	6.047322439472715	11.225424367256052	7.416662433523112	3.114833409849323	6.724172750141439	13.965955594526871	0.44	-0.5971744924699739	LUSC
TCGA-94-7557-01	5.1513555387394945	6.3796746740005315	5.789765761634269	12.905610763355707	8.607481973718077	4.502445177605381	6.242813979004878	13.381231992019487	0.46	-0.4872835635174202	LUSC
TCGA-94-7943-01	6.1036130339062895	7.478858584611833	7.124338475382582	13.34964061363208	5.590066013816495	3.8366714956886927	6.317007335918595	12.640301431632487	0.58	-0.4872160872486136	LUSC
TCGA-94-8035-01	4.660803147768606	6.513790749483025	5.740876304348712	11.680508972297396	4.960062187952004	3.4859548599618893	5.04745114041639	13.756629289358656	0.48	-1.1474884483361008	LUSC
TCGA-94-8490-01	5.751479789108167	6.76589272369395	7.256982322392958	12.085100616869632	6.131529809776742	3.155441623519869	6.674771348941906	13.583482415789138	0.79	-0.5737325119536051	LUSC
TCGA-94-8491-01	7.486448910739157	8.861319579980398	7.714376041312889	14.248957853752774	8.334183882379673	4.6329835683199425	7.80250344058368	16.167790532628675	0.52	0.4159765714597184	LUSC
TCGA-94-A4VJ-01	6.327954970780899	7.46574596529469	6.915461145743733	12.207401794091874	6.136656921630157	3.7893745322010526	6.418874694430869	14.390793684176378	0.53	-0.4261029990808342	LUSC
TCGA-94-A5I4-01	5.360905010239681	6.24860314394584	5.340654837801542	13.75232837404647	4.272717486972742	2.149487004556667	4.8032890420526195	13.917698401969103	0.59	-1.393972562247531	LUSC
TCGA-94-A5I6-01	4.894361848138246	6.158143103510529	5.720636905243775	11.838254541640623	5.027446029661677	3.528346270896577	5.187716289160791	11.55193892060235	0.38	-1.1381737540099537	LUSC
TCGA-96-7544-01	6.450031741962147	8.213896451253357	7.564370546529709	10.018450576664918	6.281507237982438	5.492414035336726	6.776077661281114	12.8851758569534	0.58	-0.01070147848050589	LUSC
TCGA-96-7545-01	7.10246917464529	8.807876516588882	8.202197303879757	12.03727925497604	6.676422570891737	5.9129899023376025	7.779771875508578	13.031835576961315	0.4	0.3948009866333324	LUSC
TCGA-96-8169-01	6.441461900081772	7.834066469787998	7.442669855322517	12.50699677572207	6.050765050143761	4.434201193424536	6.903857750419461	13.262127152918548	0.42	-0.19693400209619863	LUSC
TCGA-96-8170-01	6.181444494167608	7.744719493501261	6.685884098598813	12.465994864459399	3.839627084536607	3.96024294050529	5.62272540809138	14.288563318621225	0.35	-0.7378222780117386	LUSC
TCGA-96-A4JL-01	8.445763942037905	10.12076923048307	10.233727515381798	16.05908246687353	8.641130529733402	6.582857034844238	9.388092648043038	11.931372811180493	0.38	1.3648940228640487	LUSC
TCGA-98-7454-01	7.933897160934494	9.490096748701664	9.28851314156518	9.440613819129684	9.215110685733501	7.253053252428761	8.592797114407508	12.04725004014611	0.25	1.180681392000912	LUSC
TCGA-98-8020-01	6.835507269160147	8.343847493007338	8.20623295394578	10.63850831844914	7.966113181638579	4.709136210558466	7.581697717528956	13.33480400111443	0.46	0.2884527370464164	LUSC
TCGA-98-8021-01	5.579340076589209	7.178156893106407	7.211479513591382	12.120672046361756	6.5026886211616945	5.339176588056525	6.300749733026222	13.731796314396801	0.41	-0.30769256644228793	LUSC
TCGA-98-8022-01	7.0769545165513446	8.734496248139072	8.515707721841961	12.474086157015394	8.16933878749918	4.495049130593119	7.443548637526072	13.046559609825922	0.42	0.3746647676133689	LUSC
TCGA-98-8023-01	8.102616143120574	9.584665665737786	8.877443657169316	11.149175516170489	8.279434150597776	5.801531183470082	8.6166811613326	12.494498115761266	0.29	0.9079034483532592	LUSC
TCGA-98-A538-01	6.030508237947304	7.550615975102714	7.324306579993791	11.903117376284712	6.5154286176581	5.060384665024043	6.497920478069775	14.391794028866995	0.45	-0.21288818243920712	LUSC
TCGA-98-A539-01	4.978689869456373	6.76530930764998	5.658122918555702	10.66183152993217	4.7985741875038785	3.357805333699459	5.490117612864078	13.158691728906833	0.3	-1.0764254106198012	LUSC
TCGA-98-A53A-01	6.840072923255626	7.894641962024934	8.158160274886148	11.471543130630854	5.105665507889955	4.298834243257056	6.992677806374856	12.1031959976245	0.7	-0.17013938405723772	LUSC
TCGA-98-A53B-01	6.866376387013373	8.186401511582016	8.15283747374056	11.680526553489475	7.835001889368878	5.7227064536093675	6.941681489706688	13.328380412472097	0.36	0.2986003594388224	LUSC
TCGA-98-A53C-01	8.547469108958703	10.356540003846439	9.921757645059554	11.210872211389464	8.569407543983607	7.292386057936329	8.920403475405644	11.411701639957052	0.47	1.3895095051215793	LUSC
TCGA-98-A53D-01	7.269154737775252	8.896825833247751	8.572734327871173	11.594137956011929	7.107143827202206	5.357552004618084	7.304766557270694	12.4696011200494	0.99	0.3934374372564304	LUSC
TCGA-98-A53H-01	8.211893160288358	9.859185329224722	8.389291462006973	12.355907142686634	7.283245813552445	6.06681681428722	8.0165018913412	12.630510587715236	0.43	0.7594075133831306	LUSC
TCGA-98-A53I-01	7.7759262729029635	9.277468742823302	8.647911670899427	12.100435668289885	7.996575172905873	5.61916354013155	8.206765305635608	12.995617009521785	0.52	0.7182895400780983	LUSC
TCGA-98-A53J-01	5.377935817552191	6.548140656895048	6.1955287113308675	13.809315959830391	5.031474598783239	4.974414589805527	6.023381782211328	14.03677461028802	0.4	-0.7349995497540992	LUSC
TCGA-J1-A4AH-01	4.489729168975186	6.527231453325593	5.97079384750286	12.934826072235637	6.410726084017143	3.3138988355482626	4.652503703901502	12.350121496322565	0.33	-1.0532352800631282	LUSC
TCGA-L3-A4E7-01	6.222827740406625	7.510874912018638	6.890191304298956	12.507175218506605	6.831573270609191	4.942941386076168	7.021879433591893	14.051208940914766	0.46	-0.16846706960087102	LUSC
TCGA-L3-A524-01	5.125746143174395	6.728464765092534	7.074387690243451	13.746986604687939	6.162989432233226	3.6211493035690023	6.034112246864921	13.00658029868841	0.59	-0.6797701130489698	LUSC
TCGA-LA-A446-01	5.392018547850033	6.909413105377229	6.155239213298832	12.380450242129841	6.29244311779566	3.714805998852717	6.43874528645368	12.417325117679919	0.41	-0.6643058120728439	LUSC
TCGA-LA-A7SW-01	7.9353713446654055	5.330913293774659	5.075027685116409	11.768602017169936	4.1352229197223975	5.017917455227919	6.592578128868257	12.518114626043843	0.48	-0.7474723518500723	LUSC
TCGA-MF-A522-01	5.8621339535772234	6.744551324097716	7.72331281277285	12.767973364838008	6.7897553302261215	5.819177665542768	7.496709999922271	13.664158361048326	0.64	-0.05611894849380191	LUSC
TCGA-NC-A5HD-01	4.796800190573833	5.755467135381765	5.206248585418388	13.080732601924218	7.454981918633098	2.971129653775223	4.796800190573833	14.003122574965811	0.61	-1.1088508920052316	LUSC
TCGA-NC-A5HE-01	9.476873762914241	10.837202157058135	11.184602642816401	13.057186241331078	8.885189968665326	7.141545190544407	10.85644887301661	12.37925922066913	0.32	1.9105070582860362	LUSC
TCGA-NC-A5HF-01	4.243151128717018	5.709301665459796	3.8532870959763263	11.9946080076399	7.179869290982094	1.8037643299403872	4.4546233751619875	14.12930716900353	0.75	-1.5199631255103878	LUSC
TCGA-NC-A5HG-01	3.945935380961013	4.755998483797707	4.755998483797707	13.290335698027517	4.186960042420529	2.0712821485007393	4.420637348424005	13.993186079007106	0.75	-1.839820760143344	LUSC
TCGA-NC-A5HH-01	6.620347407635889	7.3977687419348115	6.897446164391551	6.547493015571157	8.283375474025862	5.1652567503742	7.1446990251541385	8.528325170849042	0.77	0.04881455331322656	LUSC
TCGA-NC-A5HI-01	6.308249826047891	7.299116415794093	6.781372828874507	11.599759454728083	5.162931042479528	4.033660861415825	6.266481106687869	15.095256900496201	0.6	-0.5506436573402477	LUSC
TCGA-NC-A5HJ-01	8.444310920486862	9.753392269184378	9.676877383339585	12.059685826712036	8.231878765335068	6.89090870914745	9.370608949958717	11.449803797990423	0.17	1.2522486301349354	LUSC
TCGA-NC-A5HK-01	6.061156223860138	7.079996703062509	7.644115851513229	13.602629279977755	8.00673561392853	4.568476036201796	6.904508182759495	15.465805516287551	0.48	-0.0863930765855842	LUSC
TCGA-NC-A5HL-01	7.710723794862462	9.06287993371406	9.09512270003298	11.578995303054661	8.691544633353363	6.229362964744691	8.347922498344724	13.77203615393241	0.5	0.891350220550121	LUSC
TCGA-NC-A5HM-01	6.88508622529017	7.732079215862557	7.302044817770586	11.671536643973527	8.983435439296246	4.064813887458505	7.017866247392657	12.968897145269926	0.69	0.093935635507321	LUSC
TCGA-NC-A5HN-01	5.762181359744095	6.611575204065325	6.587373992749314	10.888187673910002	8.13542713148483	4.075541188052069	6.412452986949549	13.514775685385304	0.82	-0.38476566865166073	LUSC
TCGA-NC-A5HO-01	7.170866453459057	8.058040443345018	8.304406084848415	12.2255840312292	6.888158747708905	4.132790681274512	7.585465853358691	14.847766966536721	0.63	0.12828164471714973	LUSC
TCGA-NC-A5HP-01	4.311532178331072	5.719818656066235	5.504744319033641	11.873759379220838	4.5549632898802885	3.783844254550729	4.517137087027957	12.326951863873665	0.53	-1.367305310735223	LUSC
TCGA-NC-A5HQ-01	7.492253789302918	8.625043954439265	8.128654277120312	12.427923005474364	7.974340015172244	3.527608367433123	7.385672616614139	14.554930540007083	0.5	0.22893136855723717	LUSC
TCGA-NC-A5HR-01	5.460195389030768	6.895096576582659	7.573912225227772	12.712911696482067	7.0862317821597145	4.5652559576245935	6.404646010216669	13.013399447606364	0.66	-0.3286993296797683	LUSC
TCGA-NC-A5HT-01	3.1910888332874796	3.9540008352359455	5.638007205148159	11.128393939854508	3.7029456104133107	1.642285683059577	2.3904750932756436	13.821475050096538	0.73	-2.2340636637331754	LUSC
TCGA-NK-A5CR-01	4.3457724717659545	4.857980995127572	4.824426738127264	12.968607399586986	3.058887918261864	2.321928094887362	4.437407531836423	14.758483492748121	0.61	-1.8629095582535162	LUSC
TCGA-NK-A5CT-01	5.935226351788194	7.537560102098013	6.7431513941125	13.846117173336728	7.64421681845824	4.6603353940572925	7.222678999698779	14.700927325610218	0.5	-0.13941539323444022	LUSC
TCGA-NK-A5CX-01	7.679036666547252	8.336680609965505	8.097473852075566	13.196746573205065	8.3965277212285	5.178399938416081	7.503523654517292	15.186299982310505	0.51	0.45433565688703054	LUSC
TCGA-NK-A7XE-01	6.322178741376434	6.90492960270191	7.879662886631449	11.003398443861212	5.9467940117511455	4.848642969028406	6.979087883955601	12.478213463045957	0.53	-0.22296890085489252	LUSC
TCGA-O2-A52N-01	6.792282740709451	7.938179915075349	7.872416326152138	11.224815674577124	8.50499769996841	5.4288291294079976	7.44931375123976	14.09334328183852	0.46	0.32220478553547754	LUSC
TCGA-O2-A52Q-01	8.094779723215282	9.462130048116292	8.475299746773583	14.242347946968518	7.200967244800884	5.849589003520731	8.411443194581803	14.315814701947629	0.52	0.7214659169377845	LUSC
TCGA-O2-A52S-01	6.654660371563978	8.054745392665408	7.952385988928906	10.1150826765511	6.5941394492910534	5.241752490661872	7.042151828618155	8.917718165418023	0.75	0.06887765416982697	LUSC
TCGA-O2-A52V-01	6.047296261604477	7.505343147723485	5.561426956599695	12.342858045416918	2.2575839604525996	2.6921593461767763	6.6280357310280005	14.019721023687922	0.37	-1.0982005877423704	LUSC
TCGA-O2-A52W-01	5.640921650949433	6.87779332037437	6.9232086179031915	11.467743088604761	4.384174171696826	7.057309461742351	5.349209562308703	13.720810706326068	0.36	-0.4942721209929138	LUSC
TCGA-O2-A5IB-01	4.57873949876928	6.00821122096272	6.379697197769376	11.660749142793986	2.4662616693162995	3.1244935721953064	4.039313893577619	10.568754183886938	0.93	-1.548665403905243	LUSC
TCGA-XC-AA0X-01	7.231595608701633	8.624170365800575	7.8529788674005	13.310527580617688	6.600595358062102	4.416677632238982	6.7197036808726445	14.576986179441844	0.21	0.05728099727205582	LUSC
