cohort	split	interaction_name	pathway_name	annotation	ligand	receptor	ligand_genes	receptor_genes	direction	partner	prob_high	prob_low	pval_high	pval_low	sig_high	sig_low	delta_prob	ligand_class	sig_either	sig_diff
GSE253013	GSE253013	GDF15_TGFBR2	GDF	Secreted Signaling	GDF15	TGFBR2	GDF15	TGFBR2	outgoing	TNK	0.0	0.0	1.0	1.0	False	False	0.0	other	False	False
GSE253013	GSE253013	WNT5A_FZD1	ncWNT	Secreted Signaling	WNT5A	FZD1	WNT5A	FZD1	outgoing	TNK	0.0	0.0	1.0	1.0	False	False	0.0	other	False	False
GSE253013	GSE253013	WNT5A_FZD10	ncWNT	Secreted Signaling	WNT5A	FZD10	WNT5A	FZD10	outgoing	TNK	0.0	0.0	1.0	1.0	False	False	0.0	other	False	False
GSE253013	GSE253013	WNT5A_FZD2	ncWNT	Secreted Signaling	WNT5A	FZD2	WNT5A	FZD2	outgoing	TNK	0.0	0.0	1.0	1.0	False	False	0.0	other	False	False
GSE253013	GSE253013	WNT5A_FZD3	ncWNT	Secreted Signaling	WNT5A	FZD3	WNT5A	FZD3	outgoing	TNK	0.0	0.0	1.0	1.0	False	False	0.0	other	False	False
GSE253013	GSE253013	WNT5A_FZD4	ncWNT	Secreted Signaling	WNT5A	FZD4	WNT5A	FZD4	outgoing	TNK	0.0	0.0	1.0	1.0	False	False	0.0	other	False	False
GSE253013	GSE253013	WNT5A_FZD5	ncWNT	Secreted Signaling	WNT5A	FZD5	WNT5A	FZD5	outgoing	TNK	0.0	0.0	1.0	1.0	False	False	0.0	other	False	False
GSE253013	GSE253013	WNT5A_FZD6	ncWNT	Secreted Signaling	WNT5A	FZD6	WNT5A	FZD6	outgoing	TNK	0.0	0.0	1.0	1.0	False	False	0.0	other	False	False
GSE253013	GSE253013	WNT5A_FZD7	ncWNT	Secreted Signaling	WNT5A	FZD7	WNT5A	FZD7	outgoing	TNK	0.0	0.0	1.0	1.0	False	False	0.0	other	False	False
GSE253013	GSE253013	WNT5A_FZD8	ncWNT	Secreted Signaling	WNT5A	FZD8	WNT5A	FZD8	outgoing	TNK	0.0	0.0	1.0	1.0	False	False	0.0	other	False	False
GSE253013	GSE253013	WNT5A_FZD9	ncWNT	Secreted Signaling	WNT5A	FZD9	WNT5A	FZD9	outgoing	TNK	0.0	0.0	1.0	1.0	False	False	0.0	other	False	False
GSE253013	GSE253013	WNT5A_MCAM	ncWNT	Secreted Signaling	WNT5A	MCAM	WNT5A	MCAM	outgoing	TNK	0.0	0.0	1.0	1.0	False	False	0.0	other	False	False
GSE253013	GSE253013	WNT5B_FZD1	ncWNT	Secreted Signaling	WNT5B	FZD1	WNT5B	FZD1	outgoing	TNK	0.0	0.0	1.0	1.0	False	False	0.0	other	False	False
GSE253013	GSE253013	WNT5B_FZD10	ncWNT	Secreted Signaling	WNT5B	FZD10	WNT5B	FZD10	outgoing	TNK	0.0	0.0	1.0	1.0	False	False	0.0	other	False	False
GSE253013	GSE253013	WNT5B_FZD2	ncWNT	Secreted Signaling	WNT5B	FZD2	WNT5B	FZD2	outgoing	TNK	0.0	0.0	1.0	1.0	False	False	0.0	other	False	False
GSE253013	GSE253013	WNT5B_FZD3	ncWNT	Secreted Signaling	WNT5B	FZD3	WNT5B	FZD3	outgoing	TNK	0.0	0.0	1.0	1.0	False	False	0.0	other	False	False
GSE253013	GSE253013	WNT5B_FZD4	ncWNT	Secreted Signaling	WNT5B	FZD4	WNT5B	FZD4	outgoing	TNK	0.0	0.0	1.0	1.0	False	False	0.0	other	False	False
GSE253013	GSE253013	WNT5B_FZD5	ncWNT	Secreted Signaling	WNT5B	FZD5	WNT5B	FZD5	outgoing	TNK	0.0	0.0	1.0	1.0	False	False	0.0	other	False	False
GSE253013	GSE253013	WNT5B_FZD6	ncWNT	Secreted Signaling	WNT5B	FZD6	WNT5B	FZD6	outgoing	TNK	0.0	0.0	1.0	1.0	False	False	0.0	other	False	False
GSE253013	GSE253013	WNT5B_FZD7	ncWNT	Secreted Signaling	WNT5B	FZD7	WNT5B	FZD7	outgoing	TNK	0.0	0.0	1.0	1.0	False	False	0.0	other	False	False
GSE253013	GSE253013	WNT5B_FZD8	ncWNT	Secreted Signaling	WNT5B	FZD8	WNT5B	FZD8	outgoing	TNK	0.0	0.0	1.0	1.0	False	False	0.0	other	False	False
GSE253013	GSE253013	WNT5B_FZD9	ncWNT	Secreted Signaling	WNT5B	FZD9	WNT5B	FZD9	outgoing	TNK	0.0	0.0	1.0	1.0	False	False	0.0	other	False	False
GSE253013	GSE253013	WNT11_FZD1	ncWNT	Secreted Signaling	WNT11	FZD1	WNT11	FZD1	outgoing	TNK	0.0	0.0	1.0	1.0	False	False	0.0	other	False	False
GSE253013	GSE253013	WNT11_FZD10	ncWNT	Secreted Signaling	WNT11	FZD10	WNT11	FZD10	outgoing	TNK	0.0	0.0	1.0	1.0	False	False	0.0	other	False	False
GSE253013	GSE253013	WNT11_FZD2	ncWNT	Secreted Signaling	WNT11	FZD2	WNT11	FZD2	outgoing	TNK	0.0	0.0	1.0	1.0	False	False	0.0	other	False	False
GSE253013	GSE253013	WNT11_FZD3	ncWNT	Secreted Signaling	WNT11	FZD3	WNT11	FZD3	outgoing	TNK	0.0	0.0	1.0	1.0	False	False	0.0	other	False	False
GSE253013	GSE253013	WNT11_FZD4	ncWNT	Secreted Signaling	WNT11	FZD4	WNT11	FZD4	outgoing	TNK	0.0	0.0	1.0	1.0	False	False	0.0	other	False	False
GSE253013	GSE253013	WNT11_FZD5	ncWNT	Secreted Signaling	WNT11	FZD5	WNT11	FZD5	outgoing	TNK	0.0	0.0	1.0	1.0	False	False	0.0	other	False	False
GSE253013	GSE253013	WNT11_FZD6	ncWNT	Secreted Signaling	WNT11	FZD6	WNT11	FZD6	outgoing	TNK	0.0	0.0	1.0	1.0	False	False	0.0	other	False	False
GSE253013	GSE253013	WNT11_FZD7	ncWNT	Secreted Signaling	WNT11	FZD7	WNT11	FZD7	outgoing	TNK	0.0	0.0	1.0	1.0	False	False	0.0	other	False	False
GSE253013	GSE253013	WNT11_FZD8	ncWNT	Secreted Signaling	WNT11	FZD8	WNT11	FZD8	outgoing	TNK	0.0	0.0	1.0	1.0	False	False	0.0	other	False	False
GSE253013	GSE253013	WNT11_FZD9	ncWNT	Secreted Signaling	WNT11	FZD9	WNT11	FZD9	outgoing	TNK	0.0	0.0	1.0	1.0	False	False	0.0	other	False	False
GSE253013	GSE253013	EGF_EGFR	EGF	Secreted Signaling	EGF	EGFR	EGF	EGFR	outgoing	TNK	0.0	0.0	1.0	1.0	False	False	0.0	other	False	False
GSE253013	GSE253013	TGFA_EGFR	EGF	Secreted Signaling	TGFA	EGFR	TGFA	EGFR	outgoing	TNK	0.0	0.0	1.0	1.0	False	False	0.0	other	False	False
GSE253013	GSE253013	AREG_EGFR	EGF	Secreted Signaling	AREG	EGFR	AREG	EGFR	outgoing	TNK	0.0	0.0	1.0	1.0	False	False	0.0	other	False	False
GSE253013	GSE253013	BTC_EGFR	EGF	Secreted Signaling	BTC	EGFR	BTC	EGFR	outgoing	TNK	0.0	0.0	1.0	1.0	False	False	0.0	other	False	False
GSE253013	GSE253013	BTC_ERBB4	EGF	Secreted Signaling	BTC	ERBB4	BTC	ERBB4	outgoing	TNK	0.0	0.0	1.0	1.0	False	False	0.0	other	False	False
GSE253013	GSE253013	HBEGF_EGFR	EGF	Secreted Signaling	HBEGF	EGFR	HBEGF	EGFR	outgoing	TNK	0.0	0.0	1.0	1.0	False	False	0.0	other	False	False
GSE253013	GSE253013	HBEGF_ERBB4	EGF	Secreted Signaling	HBEGF	ERBB4	HBEGF	ERBB4	outgoing	TNK	0.0	0.0	1.0	1.0	False	False	0.0	other	False	False
GSE253013	GSE253013	EREG_EGFR	EGF	Secreted Signaling	EREG	EGFR	EREG	EGFR	outgoing	TNK	0.0	0.0	1.0	1.0	False	False	0.0	other	False	False
GSE253013	GSE253013	EREG_ERBB4	EGF	Secreted Signaling	EREG	ERBB4	EREG	ERBB4	outgoing	TNK	0.0	0.0	1.0	1.0	False	False	0.0	other	False	False
GSE253013	GSE253013	NRG1_ERBB3	NRG	Secreted Signaling	NRG1	ERBB3	NRG1	ERBB3	outgoing	TNK	0.0	0.0	1.0	1.0	False	False	0.0	other	False	False
GSE253013	GSE253013	NRG1_ERBB4	NRG	Secreted Signaling	NRG1	ERBB4	NRG1	ERBB4	outgoing	TNK	0.0	0.0	1.0	1.0	False	False	0.0	other	False	False
GSE253013	GSE253013	NRG2_ERBB3	NRG	Secreted Signaling	NRG2	ERBB3	NRG2	ERBB3	outgoing	TNK	0.0	0.0	1.0	1.0	False	False	0.0	other	False	False
GSE253013	GSE253013	NRG2_ERBB4	NRG	Secreted Signaling	NRG2	ERBB4	NRG2	ERBB4	outgoing	TNK	0.0	0.0	1.0	1.0	False	False	0.0	other	False	False
GSE253013	GSE253013	NRG3_ERBB4	NRG	Secreted Signaling	NRG3	ERBB4	NRG3	ERBB4	outgoing	TNK	0.0	0.0	1.0	1.0	False	False	0.0	other	False	False
GSE253013	GSE253013	NRG4_ERBB4	NRG	Secreted Signaling	NRG4	ERBB4	NRG4	ERBB4	outgoing	TNK	0.0	0.0	1.0	1.0	False	False	0.0	other	False	False
GSE253013	GSE253013	FGF1_FGFR1	FGF	Secreted Signaling	FGF1	FGFR1	FGF1	FGFR1	outgoing	TNK	0.0	0.0	1.0	1.0	False	False	0.0	other	False	False
GSE253013	GSE253013	FGF1_FGFR2	FGF	Secreted Signaling	FGF1	FGFR2	FGF1	FGFR2	outgoing	TNK	0.0	0.0	1.0	1.0	False	False	0.0	other	False	False
GSE253013	GSE253013	FGF1_FGFR3	FGF	Secreted Signaling	FGF1	FGFR3	FGF1	FGFR3	outgoing	TNK	0.0	0.0	1.0	1.0	False	False	0.0	other	False	False
GSE253013	GSE253013	FGF1_FGFR4	FGF	Secreted Signaling	FGF1	FGFR4	FGF1	FGFR4	outgoing	TNK	0.0	0.0	1.0	1.0	False	False	0.0	other	False	False
GSE253013	GSE253013	FGF2_FGFR1	FGF	Secreted Signaling	FGF2	FGFR1	FGF2	FGFR1	outgoing	TNK	0.0	0.0	1.0	1.0	False	False	0.0	other	False	False
GSE253013	GSE253013	FGF2_FGFR2	FGF	Secreted Signaling	FGF2	FGFR2	FGF2	FGFR2	outgoing	TNK	0.0	0.0	1.0	1.0	False	False	0.0	other	False	False
GSE253013	GSE253013	FGF2_FGFR3	FGF	Secreted Signaling	FGF2	FGFR3	FGF2	FGFR3	outgoing	TNK	0.0	0.0	1.0	1.0	False	False	0.0	other	False	False
GSE253013	GSE253013	FGF2_FGFR4	FGF	Secreted Signaling	FGF2	FGFR4	FGF2	FGFR4	outgoing	TNK	0.0	0.0	1.0	1.0	False	False	0.0	other	False	False
GSE253013	GSE253013	FGF4_FGFR1	FGF	Secreted Signaling	FGF4	FGFR1	FGF4	FGFR1	outgoing	TNK	0.0	0.0	1.0	1.0	False	False	0.0	other	False	False
GSE253013	GSE253013	FGF4_FGFR2	FGF	Secreted Signaling	FGF4	FGFR2	FGF4	FGFR2	outgoing	TNK	0.0	0.0	1.0	1.0	False	False	0.0	other	False	False
GSE253013	GSE253013	FGF4_FGFR3	FGF	Secreted Signaling	FGF4	FGFR3	FGF4	FGFR3	outgoing	TNK	0.0	0.0	1.0	1.0	False	False	0.0	other	False	False
GSE253013	GSE253013	FGF4_FGFR4	FGF	Secreted Signaling	FGF4	FGFR4	FGF4	FGFR4	outgoing	TNK	0.0	0.0	1.0	1.0	False	False	0.0	other	False	False
GSE253013	GSE253013	FGF5_FGFR1	FGF	Secreted Signaling	FGF5	FGFR1	FGF5	FGFR1	outgoing	TNK	0.0	0.0	1.0	1.0	False	False	0.0	other	False	False
GSE253013	GSE253013	FGF5_FGFR2	FGF	Secreted Signaling	FGF5	FGFR2	FGF5	FGFR2	outgoing	TNK	0.0	0.0	1.0	1.0	False	False	0.0	other	False	False
GSE253013	GSE253013	FGF5_FGFR3	FGF	Secreted Signaling	FGF5	FGFR3	FGF5	FGFR3	outgoing	TNK	0.0	0.0	1.0	1.0	False	False	0.0	other	False	False
GSE253013	GSE253013	FGF5_FGFR4	FGF	Secreted Signaling	FGF5	FGFR4	FGF5	FGFR4	outgoing	TNK	0.0	0.0	1.0	1.0	False	False	0.0	other	False	False
GSE253013	GSE253013	FGF6_FGFR1	FGF	Secreted Signaling	FGF6	FGFR1	FGF6	FGFR1	outgoing	TNK	0.0	0.0	1.0	1.0	False	False	0.0	other	False	False
GSE253013	GSE253013	FGF6_FGFR2	FGF	Secreted Signaling	FGF6	FGFR2	FGF6	FGFR2	outgoing	TNK	0.0	0.0	1.0	1.0	False	False	0.0	other	False	False
GSE253013	GSE253013	FGF6_FGFR3	FGF	Secreted Signaling	FGF6	FGFR3	FGF6	FGFR3	outgoing	TNK	0.0	0.0	1.0	1.0	False	False	0.0	other	False	False
GSE253013	GSE253013	FGF6_FGFR4	FGF	Secreted Signaling	FGF6	FGFR4	FGF6	FGFR4	outgoing	TNK	0.0	0.0	1.0	1.0	False	False	0.0	other	False	False
GSE253013	GSE253013	FGF7_FGFR1	FGF	Secreted Signaling	FGF7	FGFR1	FGF7	FGFR1	outgoing	TNK	0.0	0.0	1.0	1.0	False	False	0.0	other	False	False
GSE253013	GSE253013	FGF7_FGFR2	FGF	Secreted Signaling	FGF7	FGFR2	FGF7	FGFR2	outgoing	TNK	0.0	0.0	1.0	1.0	False	False	0.0	other	False	False
GSE253013	GSE253013	FGF3_FGFR1	FGF	Secreted Signaling	FGF3	FGFR1	FGF3	FGFR1	outgoing	TNK	0.0	0.0	1.0	1.0	False	False	0.0	other	False	False
GSE253013	GSE253013	FGF3_FGFR2	FGF	Secreted Signaling	FGF3	FGFR2	FGF3	FGFR2	outgoing	TNK	0.0	0.0	1.0	1.0	False	False	0.0	other	False	False
GSE253013	GSE253013	FGF10_FGFR1	FGF	Secreted Signaling	FGF10	FGFR1	FGF10	FGFR1	outgoing	TNK	0.0	0.0	1.0	1.0	False	False	0.0	other	False	False
GSE253013	GSE253013	FGF10_FGFR2	FGF	Secreted Signaling	FGF10	FGFR2	FGF10	FGFR2	outgoing	TNK	0.0	0.0	1.0	1.0	False	False	0.0	other	False	False
GSE253013	GSE253013	FGF22_FGFR2	FGF	Secreted Signaling	FGF22	FGFR2	FGF22	FGFR2	outgoing	TNK	0.0	0.0	1.0	1.0	False	False	0.0	other	False	False
GSE253013	GSE253013	FGF8_FGFR1	FGF	Secreted Signaling	FGF8	FGFR1	FGF8	FGFR1	outgoing	TNK	0.0	0.0	1.0	1.0	False	False	0.0	other	False	False
GSE253013	GSE253013	FGF8_FGFR2	FGF	Secreted Signaling	FGF8	FGFR2	FGF8	FGFR2	outgoing	TNK	0.0	0.0	1.0	1.0	False	False	0.0	other	False	False
GSE253013	GSE253013	FGF8_FGFR3	FGF	Secreted Signaling	FGF8	FGFR3	FGF8	FGFR3	outgoing	TNK	0.0	0.0	1.0	1.0	False	False	0.0	other	False	False
GSE253013	GSE253013	FGF8_FGFR4	FGF	Secreted Signaling	FGF8	FGFR4	FGF8	FGFR4	outgoing	TNK	0.0	0.0	1.0	1.0	False	False	0.0	other	False	False
GSE253013	GSE253013	FGF17_FGFR1	FGF	Secreted Signaling	FGF17	FGFR1	FGF17	FGFR1	outgoing	TNK	0.0	0.0	1.0	1.0	False	False	0.0	other	False	False
GSE253013	GSE253013	FGF17_FGFR2	FGF	Secreted Signaling	FGF17	FGFR2	FGF17	FGFR2	outgoing	TNK	0.0	0.0	1.0	1.0	False	False	0.0	other	False	False
GSE253013	GSE253013	FGF17_FGFR3	FGF	Secreted Signaling	FGF17	FGFR3	FGF17	FGFR3	outgoing	TNK	0.0	0.0	1.0	1.0	False	False	0.0	other	False	False
GSE253013	GSE253013	FGF17_FGFR4	FGF	Secreted Signaling	FGF17	FGFR4	FGF17	FGFR4	outgoing	TNK	0.0	0.0	1.0	1.0	False	False	0.0	other	False	False
GSE253013	GSE253013	FGF18_FGFR1	FGF	Secreted Signaling	FGF18	FGFR1	FGF18	FGFR1	outgoing	TNK	0.0	0.0	1.0	1.0	False	False	0.0	other	False	False
GSE253013	GSE253013	FGF18_FGFR2	FGF	Secreted Signaling	FGF18	FGFR2	FGF18	FGFR2	outgoing	TNK	0.0	0.0	1.0	1.0	False	False	0.0	other	False	False
GSE253013	GSE253013	FGF18_FGFR3	FGF	Secreted Signaling	FGF18	FGFR3	FGF18	FGFR3	outgoing	TNK	0.0	0.0	1.0	1.0	False	False	0.0	other	False	False
GSE253013	GSE253013	FGF18_FGFR4	FGF	Secreted Signaling	FGF18	FGFR4	FGF18	FGFR4	outgoing	TNK	0.0	0.0	1.0	1.0	False	False	0.0	other	False	False
GSE253013	GSE253013	FGF9_FGFR1	FGF	Secreted Signaling	FGF9	FGFR1	FGF9	FGFR1	outgoing	TNK	0.0	0.0	1.0	1.0	False	False	0.0	other	False	False
GSE253013	GSE253013	FGF9_FGFR2	FGF	Secreted Signaling	FGF9	FGFR2	FGF9	FGFR2	outgoing	TNK	0.0	0.0	1.0	1.0	False	False	0.0	other	False	False
GSE253013	GSE253013	FGF9_FGFR3	FGF	Secreted Signaling	FGF9	FGFR3	FGF9	FGFR3	outgoing	TNK	0.0	0.0	1.0	1.0	False	False	0.0	other	False	False
GSE253013	GSE253013	FGF9_FGFR4	FGF	Secreted Signaling	FGF9	FGFR4	FGF9	FGFR4	outgoing	TNK	0.0	0.0	1.0	1.0	False	False	0.0	other	False	False
GSE253013	GSE253013	FGF20_FGFR1	FGF	Secreted Signaling	FGF20	FGFR1	FGF20	FGFR1	outgoing	TNK	0.0	0.0	1.0	1.0	False	False	0.0	other	False	False
GSE253013	GSE253013	FGF20_FGFR2	FGF	Secreted Signaling	FGF20	FGFR2	FGF20	FGFR2	outgoing	TNK	0.0	0.0	1.0	1.0	False	False	0.0	other	False	False
GSE253013	GSE253013	FGF20_FGFR3	FGF	Secreted Signaling	FGF20	FGFR3	FGF20	FGFR3	outgoing	TNK	0.0	0.0	1.0	1.0	False	False	0.0	other	False	False
GSE253013	GSE253013	FGF20_FGFR4	FGF	Secreted Signaling	FGF20	FGFR4	FGF20	FGFR4	outgoing	TNK	0.0	0.0	1.0	1.0	False	False	0.0	other	False	False
GSE253013	GSE253013	FGF16_FGFR1	FGF	Secreted Signaling	FGF16	FGFR1	FGF16	FGFR1	outgoing	TNK	0.0	0.0	1.0	1.0	False	False	0.0	other	False	False
GSE253013	GSE253013	FGF16_FGFR2	FGF	Secreted Signaling	FGF16	FGFR2	FGF16	FGFR2	outgoing	TNK	0.0	0.0	1.0	1.0	False	False	0.0	other	False	False
GSE253013	GSE253013	FGF16_FGFR3	FGF	Secreted Signaling	FGF16	FGFR3	FGF16	FGFR3	outgoing	TNK	0.0	0.0	1.0	1.0	False	False	0.0	other	False	False
GSE253013	GSE253013	FGF16_FGFR4	FGF	Secreted Signaling	FGF16	FGFR4	FGF16	FGFR4	outgoing	TNK	0.0	0.0	1.0	1.0	False	False	0.0	other	False	False
GSE253013	GSE253013	FGF15_FGFR1	FGF	Secreted Signaling	FGF19	FGFR1	FGF19	FGFR1	outgoing	TNK	0.0	0.0	1.0	1.0	False	False	0.0	other	False	False
GSE253013	GSE253013	FGF15_FGFR2	FGF	Secreted Signaling	FGF19	FGFR2	FGF19	FGFR2	outgoing	TNK	0.0	0.0	1.0	1.0	False	False	0.0	other	False	False
GSE253013	GSE253013	FGF15_FGFR3	FGF	Secreted Signaling	FGF19	FGFR3	FGF19	FGFR3	outgoing	TNK	0.0	0.0	1.0	1.0	False	False	0.0	other	False	False
GSE253013	GSE253013	FGF15_FGFR4	FGF	Secreted Signaling	FGF19	FGFR4	FGF19	FGFR4	outgoing	TNK	0.0	0.0	1.0	1.0	False	False	0.0	other	False	False
GSE253013	GSE253013	FGF21_FGFR1	FGF	Secreted Signaling	FGF21	FGFR1	FGF21	FGFR1	outgoing	TNK	0.0	0.0	1.0	1.0	False	False	0.0	other	False	False
GSE253013	GSE253013	FGF21_FGFR3	FGF	Secreted Signaling	FGF21	FGFR3	FGF21	FGFR3	outgoing	TNK	0.0	0.0	1.0	1.0	False	False	0.0	other	False	False
GSE253013	GSE253013	FGF23_FGFR1	FGF	Secreted Signaling	FGF23	FGFR1	FGF23	FGFR1	outgoing	TNK	0.0	0.0	1.0	1.0	False	False	0.0	other	False	False
GSE253013	GSE253013	FGF23_FGFR3	FGF	Secreted Signaling	FGF23	FGFR3	FGF23	FGFR3	outgoing	TNK	0.0	0.0	1.0	1.0	False	False	0.0	other	False	False
GSE253013	GSE253013	FGF23_FGFR4	FGF	Secreted Signaling	FGF23	FGFR4	FGF23	FGFR4	outgoing	TNK	0.0	0.0	1.0	1.0	False	False	0.0	other	False	False
GSE253013	GSE253013	PDGFA_PDGFRA	PDGF	Secreted Signaling	PDGFA	PDGFRA	PDGFA	PDGFRA	outgoing	TNK	0.0	0.0	1.0	1.0	False	False	0.0	other	False	False
GSE253013	GSE253013	PDGFA_PDGFRB	PDGF	Secreted Signaling	PDGFA	PDGFRB	PDGFA	PDGFRB	outgoing	TNK	0.0	0.0	1.0	1.0	False	False	0.0	other	False	False
GSE253013	GSE253013	PDGFB_PDGFRA	PDGF	Secreted Signaling	PDGFB	PDGFRA	PDGFB	PDGFRA	outgoing	TNK	0.0	0.0	1.0	1.0	False	False	0.0	other	False	False
GSE253013	GSE253013	PDGFB_PDGFRB	PDGF	Secreted Signaling	PDGFB	PDGFRB	PDGFB	PDGFRB	outgoing	TNK	0.0	0.0	1.0	1.0	False	False	0.0	other	False	False
GSE253013	GSE253013	PDGFC_PDGFRA	PDGF	Secreted Signaling	PDGFC	PDGFRA	PDGFC	PDGFRA	outgoing	TNK	0.0	0.0	1.0	1.0	False	False	0.0	other	False	False
GSE253013	GSE253013	PDGFD_PDGFRB	PDGF	Secreted Signaling	PDGFD	PDGFRB	PDGFD	PDGFRB	outgoing	TNK	0.0	0.0	1.0	1.0	False	False	0.0	other	False	False
GSE253013	GSE253013	VEGFA_VEGFR1	VEGF	Secreted Signaling	VEGFA	FLT1	VEGFA	FLT1	outgoing	TNK	0.0	0.0	1.0	1.0	False	False	0.0	other	False	False
GSE253013	GSE253013	VEGFA_VEGFR2	VEGF	Secreted Signaling	VEGFA	KDR	VEGFA	KDR	outgoing	TNK	0.0	0.0	1.0	1.0	False	False	0.0	other	False	False
GSE253013	GSE253013	VEGFB_VEGFR1	VEGF	Secreted Signaling	VEGFB	FLT1	VEGFB	FLT1	outgoing	TNK	0.0	0.0	1.0	1.0	False	False	0.0	other	False	False
GSE253013	GSE253013	VEGFC_VEGFR3	VEGF	Secreted Signaling	VEGFC	FLT4	VEGFC	FLT4	outgoing	TNK	0.0	0.0	1.0	1.0	False	False	0.0	other	False	False
GSE253013	GSE253013	VEGFC_VEGFR2	VEGF	Secreted Signaling	VEGFC	KDR	VEGFC	KDR	outgoing	TNK	0.0	0.0	1.0	1.0	False	False	0.0	other	False	False
GSE253013	GSE253013	VEGFD_VEGFR3	VEGF	Secreted Signaling	VEGFD	FLT4	VEGFD	FLT4	outgoing	TNK	0.0	0.0	1.0	1.0	False	False	0.0	other	False	False
GSE253013	GSE253013	VEGFD_VEGFR2	VEGF	Secreted Signaling	VEGFD	KDR	VEGFD	KDR	outgoing	TNK	0.0	0.0	1.0	1.0	False	False	0.0	other	False	False
GSE253013	GSE253013	PGF_VEGFR1	VEGF	Secreted Signaling	PGF	FLT1	PGF	FLT1	outgoing	TNK	0.0	0.0	1.0	1.0	False	False	0.0	other	False	False
GSE253013	GSE253013	IGF1_IGF1R	IGF	Secreted Signaling	IGF1	IGF1R	IGF1	IGF1R	outgoing	TNK	0.0	0.0	1.0	1.0	False	False	0.0	other	False	False
GSE253013	GSE253013	IGF2_IGF1R	IGF	Secreted Signaling	IGF2	IGF1R	IGF2	IGF1R	outgoing	TNK	0.0	0.0	1.0	1.0	False	False	0.0	other	False	False
GSE253013	GSE253013	IGF2_IGF2R	IGF	Secreted Signaling	IGF2	IGF2R	IGF2	IGF2R	outgoing	TNK	0.0	0.0	1.0	1.0	False	False	0.0	other	False	False
GSE253013	GSE253013	IGFL3_IGFLR1	IGF	Secreted Signaling	IGFL3	IGFLR1	IGFL3	IGFLR1	outgoing	TNK	0.0	0.0	1.0	1.0	False	False	0.0	other	False	False
GSE253013	GSE253013	INS_INSSR	INSULIN	Secreted Signaling	INS	INSR	INS	INSR	outgoing	TNK	0.0	0.0	1.0	1.0	False	False	0.0	other	False	False
GSE253013	GSE253013	APLN_APLNR	APELIN	Secreted Signaling	APLN	APLNR	APLN	APLNR	outgoing	TNK	0.0	0.0	1.0	1.0	False	False	0.0	other	False	False
GSE253013	GSE253013	CCL5_CCR1	CCL	Secreted Signaling	CCL5	CCR1	CCL5	CCR1	outgoing	TNK	0.0	0.0	1.0	1.0	False	False	0.0	recruit	False	False
GSE253013	GSE253013	CCL3_CCR1	CCL	Secreted Signaling	CCL3	CCR1	CCL3	CCR1	outgoing	TNK	0.0	0.0	1.0	1.0	False	False	0.0	recruit	False	False
GSE253013	GSE253013	CCL3L1_CCR1	CCL	Secreted Signaling	CCL3L1	CCR1	CCL3L1	CCR1	outgoing	TNK	0.0	0.0	1.0	1.0	False	False	0.0	other	False	False
GSE253013	GSE253013	CCL3L3_CCR1	CCL	Secreted Signaling	CCL3L3	CCR1	CCL3L3	CCR1	outgoing	TNK	0.0	0.0	1.0	1.0	False	False	0.0	other	False	False
GSE253013	GSE253013	CCL8_CCR1	CCL	Secreted Signaling	CCL8	CCR1	CCL8	CCR1	outgoing	TNK	0.0	0.0	1.0	1.0	False	False	0.0	other	False	False
GSE253013	GSE253013	CCL7_CCR1	CCL	Secreted Signaling	CCL7	CCR1	CCL7	CCR1	outgoing	TNK	0.0	0.0	1.0	1.0	False	False	0.0	other	False	False
GSE253013	GSE253013	CCL13_CCR1	CCL	Secreted Signaling	CCL13	CCR1	CCL13	CCR1	outgoing	TNK	0.0	0.0	1.0	1.0	False	False	0.0	other	False	False
GSE253013	GSE253013	CCL14_CCR1	CCL	Secreted Signaling	CCL14	CCR1	CCL14	CCR1	outgoing	TNK	0.0	0.0	1.0	1.0	False	False	0.0	other	False	False
GSE253013	GSE253013	CCL15_CCR1	CCL	Secreted Signaling	CCL15	CCR1	CCL15	CCR1	outgoing	TNK	0.0	0.0	1.0	1.0	False	False	0.0	other	False	False
GSE253013	GSE253013	CCL16_CCR1	CCL	Secreted Signaling	CCL16	CCR1	CCL16	CCR1	outgoing	TNK	0.0	0.0	1.0	1.0	False	False	0.0	other	False	False
GSE253013	GSE253013	CCL23_CCR1	CCL	Secreted Signaling	CCL23	CCR1	CCL23	CCR1	outgoing	TNK	0.0	0.0	1.0	1.0	False	False	0.0	other	False	False
GSE253013	GSE253013	CCL8_CCR2	CCL	Secreted Signaling	CCL8	CCR2	CCL8	CCR2	outgoing	TNK	0.0	0.0	1.0	1.0	False	False	0.0	other	False	False
GSE253013	GSE253013	CCL7_CCR2	CCL	Secreted Signaling	CCL7	CCR2	CCL7	CCR2	outgoing	TNK	0.0	0.0	1.0	1.0	False	False	0.0	other	False	False
GSE253013	GSE253013	CCL2_CCR2	CCL	Secreted Signaling	CCL2	CCR2	CCL2	CCR2	outgoing	TNK	0.0	0.0	1.0	1.0	False	False	0.0	other	False	False
GSE253013	GSE253013	CCL27_CCR2	CCL	Secreted Signaling	CCL27	CCR2	CCL27	CCR2	outgoing	TNK	0.0	0.0	1.0	1.0	False	False	0.0	other	False	False
GSE253013	GSE253013	CCL5_CCR3	CCL	Secreted Signaling	CCL5	CCR3	CCL5	CCR3	outgoing	TNK	0.0	0.0	1.0	1.0	False	False	0.0	recruit	False	False
GSE253013	GSE253013	CCL7_CCR3	CCL	Secreted Signaling	CCL7	CCR3	CCL7	CCR3	outgoing	TNK	0.0	0.0	1.0	1.0	False	False	0.0	other	False	False
GSE253013	GSE253013	CCL11_CCR3	CCL	Secreted Signaling	CCL11	CCR3	CCL11	CCR3	outgoing	TNK	0.0	0.0	1.0	1.0	False	False	0.0	other	False	False
GSE253013	GSE253013	CCL24_CCR3	CCL	Secreted Signaling	CCL24	CCR3	CCL24	CCR3	outgoing	TNK	0.0	0.0	1.0	1.0	False	False	0.0	other	False	False
GSE253013	GSE253013	CCL26_CCR3	CCL	Secreted Signaling	CCL26	CCR3	CCL26	CCR3	outgoing	TNK	0.0	0.0	1.0	1.0	False	False	0.0	other	False	False
GSE253013	GSE253013	CCL28_CCR3	CCL	Secreted Signaling	CCL28	CCR3	CCL28	CCR3	outgoing	TNK	0.0	0.0	1.0	1.0	False	False	0.0	other	False	False
GSE253013	GSE253013	CCL27_CCR3	CCL	Secreted Signaling	CCL27	CCR3	CCL27	CCR3	outgoing	TNK	0.0	0.0	1.0	1.0	False	False	0.0	other	False	False
GSE253013	GSE253013	CCL17_CCR4	CCL	Secreted Signaling	CCL17	CCR4	CCL17	CCR4	outgoing	TNK	0.0	0.0	1.0	1.0	False	False	0.0	other	False	False
GSE253013	GSE253013	CCL22_CCR4	CCL	Secreted Signaling	CCL22	CCR4	CCL22	CCR4	outgoing	TNK	0.0	0.0	1.0	1.0	False	False	0.0	other	False	False
GSE253013	GSE253013	CCL5_CCR4	CCL	Secreted Signaling	CCL5	CCR4	CCL5	CCR4	outgoing	TNK	0.0	0.0	1.0	1.0	False	False	0.0	recruit	False	False
GSE253013	GSE253013	CCL4_CCR5	CCL	Secreted Signaling	CCL4	CCR5	CCL4	CCR5	outgoing	TNK	0.0	0.0	1.0	1.0	False	False	0.0	recruit	False	False
GSE253013	GSE253013	CCL5_CCR5	CCL	Secreted Signaling	CCL5	CCR5	CCL5	CCR5	outgoing	TNK	0.0	0.0	1.0	1.0	False	False	0.0	recruit	False	False
GSE253013	GSE253013	CCL3_CCR5	CCL	Secreted Signaling	CCL3	CCR5	CCL3	CCR5	outgoing	TNK	0.0	0.0	1.0	1.0	False	False	0.0	recruit	False	False
GSE253013	GSE253013	CCL20_CCR6	CCL	Secreted Signaling	CCL20	CCR6	CCL20	CCR6	outgoing	TNK	0.0026186100532050423	0.002329975463917329	0.37623762376237624	0.6336633663366337	False	False	0.00028863458928771353	other	False	False
GSE253013	GSE253013	CCL19_CCR7	CCL	Secreted Signaling	CCL19	CCR7	CCL19	CCR7	outgoing	TNK	0.0	0.0	1.0	1.0	False	False	0.0	other	False	False
GSE253013	GSE253013	CCL21_CCR7	CCL	Secreted Signaling	CCL21	CCR7	CCL21	CCR7	outgoing	TNK	0.0	0.0	1.0	1.0	False	False	0.0	other	False	False
GSE253013	GSE253013	CCL19_ACKR4	CCL	Secreted Signaling	CCL19	ACKR4	CCL19	ACKR4	outgoing	TNK	0.0	0.0	1.0	1.0	False	False	0.0	other	False	False
GSE253013	GSE253013	CCL21_ACKR4	CCL	Secreted Signaling	CCL21	ACKR4	CCL21	ACKR4	outgoing	TNK	0.0	0.0	1.0	1.0	False	False	0.0	other	False	False
GSE253013	GSE253013	CCL1_CCR8	CCL	Secreted Signaling	CCL1	CCR8	CCL1	CCR8	outgoing	TNK	0.0	0.0	1.0	1.0	False	False	0.0	other	False	False
GSE253013	GSE253013	CCL25_CCR9	CCL	Secreted Signaling	CCL25	CCR9	CCL25	CCR9	outgoing	TNK	0.0	0.0	1.0	1.0	False	False	0.0	other	False	False
GSE253013	GSE253013	CCL25_ACKR4	CCL	Secreted Signaling	CCL25	ACKR4	CCL25	ACKR4	outgoing	TNK	0.0	0.0	1.0	1.0	False	False	0.0	other	False	False
GSE253013	GSE253013	CCL28_CCR10	CCL	Secreted Signaling	CCL28	CCR10	CCL28	CCR10	outgoing	TNK	0.0	0.0	1.0	1.0	False	False	0.0	other	False	False
GSE253013	GSE253013	CCL27_CCR10	CCL	Secreted Signaling	CCL27	CCR10	CCL27	CCR10	outgoing	TNK	0.0	0.0	1.0	1.0	False	False	0.0	other	False	False
GSE253013	GSE253013	CCL1_ACKR4	CCL	Secreted Signaling	CCL1	ACKR4	CCL1	ACKR4	outgoing	TNK	0.0	0.0	1.0	1.0	False	False	0.0	other	False	False
GSE253013	GSE253013	CCL13_ACKR4	CCL	Secreted Signaling	CCL13	ACKR4	CCL13	ACKR4	outgoing	TNK	0.0	0.0	1.0	1.0	False	False	0.0	other	False	False
GSE253013	GSE253013	CCL8_ACKR4	CCL	Secreted Signaling	CCL8	ACKR4	CCL8	ACKR4	outgoing	TNK	0.0	0.0	1.0	1.0	False	False	0.0	other	False	False
GSE253013	GSE253013	CCL1_ACKR1	CCL	Secreted Signaling	CCL1	ACKR1	CCL1	ACKR1	outgoing	TNK	0.0	0.0	1.0	1.0	False	False	0.0	other	False	False
GSE253013	GSE253013	CCL2_ACKR1	CCL	Secreted Signaling	CCL2	ACKR1	CCL2	ACKR1	outgoing	TNK	0.0	0.0	1.0	1.0	False	False	0.0	other	False	False
GSE253013	GSE253013	CCL5_ACKR1	CCL	Secreted Signaling	CCL5	ACKR1	CCL5	ACKR1	outgoing	TNK	0.0	0.0	1.0	1.0	False	False	0.0	recruit	False	False
GSE253013	GSE253013	CCL8_ACKR1	CCL	Secreted Signaling	CCL8	ACKR1	CCL8	ACKR1	outgoing	TNK	0.0	0.0	1.0	1.0	False	False	0.0	other	False	False
GSE253013	GSE253013	CCL13_ACKR1	CCL	Secreted Signaling	CCL13	ACKR1	CCL13	ACKR1	outgoing	TNK	0.0	0.0	1.0	1.0	False	False	0.0	other	False	False
GSE253013	GSE253013	CCL14_ACKR1	CCL	Secreted Signaling	CCL14	ACKR1	CCL14	ACKR1	outgoing	TNK	0.0	0.0	1.0	1.0	False	False	0.0	other	False	False
GSE253013	GSE253013	CCL16_ACKR1	CCL	Secreted Signaling	CCL16	ACKR1	CCL16	ACKR1	outgoing	TNK	0.0	0.0	1.0	1.0	False	False	0.0	other	False	False
GSE253013	GSE253013	CCL18_ACKR1	CCL	Secreted Signaling	CCL18	ACKR1	CCL18	ACKR1	outgoing	TNK	0.0	0.0	1.0	1.0	False	False	0.0	other	False	False
GSE253013	GSE253013	CXCL1_ACKR1	CXCL	Secreted Signaling	CXCL1	ACKR1	CXCL1	ACKR1	outgoing	TNK	0.0	0.0	1.0	1.0	False	False	0.0	other	False	False
GSE253013	GSE253013	CXCL2_ACKR1	CXCL	Secreted Signaling	CXCL2	ACKR1	CXCL2	ACKR1	outgoing	TNK	0.0	0.0	1.0	1.0	False	False	0.0	other	False	False
GSE253013	GSE253013	CXCL3_ACKR1	CXCL	Secreted Signaling	CXCL3	ACKR1	CXCL3	ACKR1	outgoing	TNK	0.0	0.0	1.0	1.0	False	False	0.0	other	False	False
GSE253013	GSE253013	CXCL5_ACKR1	CXCL	Secreted Signaling	CXCL5	ACKR1	CXCL5	ACKR1	outgoing	TNK	0.0	0.0	1.0	1.0	False	False	0.0	other	False	False
GSE253013	GSE253013	CXCL6_ACKR1	CXCL	Secreted Signaling	CXCL6	ACKR1	CXCL6	ACKR1	outgoing	TNK	0.0	0.0	1.0	1.0	False	False	0.0	other	False	False
GSE253013	GSE253013	CXCL8_ACKR1	CXCL	Secreted Signaling	CXCL8	ACKR1	CXCL8	ACKR1	outgoing	TNK	0.0	0.0	1.0	1.0	False	False	0.0	other	False	False
GSE253013	GSE253013	CXCL9_ACKR1	CXCL	Secreted Signaling	CXCL9	ACKR1	CXCL9	ACKR1	outgoing	TNK	0.0	0.0	1.0	1.0	False	False	0.0	recruit	False	False
GSE253013	GSE253013	CXCL10_ACKR1	CXCL	Secreted Signaling	CXCL10	ACKR1	CXCL10	ACKR1	outgoing	TNK	0.0	0.0	1.0	1.0	False	False	0.0	recruit	False	False
GSE253013	GSE253013	CXCL11_ACKR1	CXCL	Secreted Signaling	CXCL11	ACKR1	CXCL11	ACKR1	outgoing	TNK	0.0	0.0	1.0	1.0	False	False	0.0	recruit	False	False
GSE253013	GSE253013	CXCL13_ACKR1	CXCL	Secreted Signaling	CXCL13	ACKR1	CXCL13	ACKR1	outgoing	TNK	0.0	0.0	1.0	1.0	False	False	0.0	other	False	False
GSE253013	GSE253013	CCL2_ACKR2	CCL	Secreted Signaling	CCL2	ACKR2	CCL2	ACKR2	outgoing	TNK	0.0	0.0	1.0	1.0	False	False	0.0	other	False	False
GSE253013	GSE253013	CCL3_ACKR2	CCL	Secreted Signaling	CCL3	ACKR2	CCL3	ACKR2	outgoing	TNK	0.0	0.0	1.0	1.0	False	False	0.0	recruit	False	False
GSE253013	GSE253013	CCL3L1_ACKR2	CCL	Secreted Signaling	CCL3L1	ACKR2	CCL3L1	ACKR2	outgoing	TNK	0.0	0.0	1.0	1.0	False	False	0.0	other	False	False
GSE253013	GSE253013	CCL4_ACKR2	CCL	Secreted Signaling	CCL4	ACKR2	CCL4	ACKR2	outgoing	TNK	0.0	0.0	1.0	1.0	False	False	0.0	recruit	False	False
GSE253013	GSE253013	CCL5_ACKR2	CCL	Secreted Signaling	CCL5	ACKR2	CCL5	ACKR2	outgoing	TNK	0.0	0.0	1.0	1.0	False	False	0.0	recruit	False	False
GSE253013	GSE253013	CCL7_ACKR2	CCL	Secreted Signaling	CCL7	ACKR2	CCL7	ACKR2	outgoing	TNK	0.0	0.0	1.0	1.0	False	False	0.0	other	False	False
GSE253013	GSE253013	CCL8_ACKR2	CCL	Secreted Signaling	CCL8	ACKR2	CCL8	ACKR2	outgoing	TNK	0.0	0.0	1.0	1.0	False	False	0.0	other	False	False
GSE253013	GSE253013	CCL7_ACKR1	CCL	Secreted Signaling	CCL7	ACKR1	CCL7	ACKR1	outgoing	TNK	0.0	0.0	1.0	1.0	False	False	0.0	other	False	False
GSE253013	GSE253013	CCL11_ACKR1	CCL	Secreted Signaling	CCL11	ACKR1	CCL11	ACKR1	outgoing	TNK	0.0	0.0	1.0	1.0	False	False	0.0	other	False	False
GSE253013	GSE253013	CCL11_ACKR2	CCL	Secreted Signaling	CCL11	ACKR2	CCL11	ACKR2	outgoing	TNK	0.0	0.0	1.0	1.0	False	False	0.0	other	False	False
GSE253013	GSE253013	CCL13_ACKR2	CCL	Secreted Signaling	CCL13	ACKR2	CCL13	ACKR2	outgoing	TNK	0.0	0.0	1.0	1.0	False	False	0.0	other	False	False
GSE253013	GSE253013	CCL22_ACKR2	CCL	Secreted Signaling	CCL22	ACKR2	CCL22	ACKR2	outgoing	TNK	0.0	0.0	1.0	1.0	False	False	0.0	other	False	False
GSE253013	GSE253013	CCL24_ACKR2	CCL	Secreted Signaling	CCL24	ACKR2	CCL24	ACKR2	outgoing	TNK	0.0	0.0	1.0	1.0	False	False	0.0	other	False	False
GSE253013	GSE253013	CCL26_ACKR2	CCL	Secreted Signaling	CCL26	ACKR2	CCL26	ACKR2	outgoing	TNK	0.0	0.0	1.0	1.0	False	False	0.0	other	False	False
GSE253013	GSE253013	CCL17_ACKR1	CCL	Secreted Signaling	CCL17	ACKR1	CCL17	ACKR1	outgoing	TNK	0.0	0.0	1.0	1.0	False	False	0.0	other	False	False
GSE253013	GSE253013	CCL14_ACKR2	CCL	Secreted Signaling	CCL14	ACKR2	CCL14	ACKR2	outgoing	TNK	0.0	0.0	1.0	1.0	False	False	0.0	other	False	False
GSE253013	GSE253013	CCL17_ACKR2	CCL	Secreted Signaling	CCL17	ACKR2	CCL17	ACKR2	outgoing	TNK	0.0	0.0	1.0	1.0	False	False	0.0	other	False	False
GSE253013	GSE253013	CXCL1_CXCR1	CXCL	Secreted Signaling	CXCL1	CXCR1	CXCL1	CXCR1	outgoing	TNK	0.0	0.0	1.0	1.0	False	False	0.0	other	False	False
GSE253013	GSE253013	CXCL2_CXCR1	CXCL	Secreted Signaling	CXCL2	CXCR1	CXCL2	CXCR1	outgoing	TNK	0.0	0.0	1.0	1.0	False	False	0.0	other	False	False
GSE253013	GSE253013	CXCL3_CXCR1	CXCL	Secreted Signaling	CXCL3	CXCR1	CXCL3	CXCR1	outgoing	TNK	0.0	0.0	1.0	1.0	False	False	0.0	other	False	False
GSE253013	GSE253013	CXCL5_CXCR1	CXCL	Secreted Signaling	CXCL5	CXCR1	CXCL5	CXCR1	outgoing	TNK	0.0	0.0	1.0	1.0	False	False	0.0	other	False	False
GSE253013	GSE253013	CXCL6_CXCR1	CXCL	Secreted Signaling	CXCL6	CXCR1	CXCL6	CXCR1	outgoing	TNK	0.0	0.0	1.0	1.0	False	False	0.0	other	False	False
GSE253013	GSE253013	CXCL8_CXCR1	CXCL	Secreted Signaling	CXCL8	CXCR1	CXCL8	CXCR1	outgoing	TNK	0.0	0.0	1.0	1.0	False	False	0.0	other	False	False
GSE253013	GSE253013	CXCL1_CXCR2	CXCL	Secreted Signaling	CXCL1	CXCR2	CXCL1	CXCR2	outgoing	TNK	0.0	0.0	1.0	1.0	False	False	0.0	other	False	False
GSE253013	GSE253013	CXCL2_CXCR2	CXCL	Secreted Signaling	CXCL2	CXCR2	CXCL2	CXCR2	outgoing	TNK	0.0	0.0	1.0	1.0	False	False	0.0	other	False	False
GSE253013	GSE253013	CXCL3_CXCR2	CXCL	Secreted Signaling	CXCL3	CXCR2	CXCL3	CXCR2	outgoing	TNK	0.0	0.0	1.0	1.0	False	False	0.0	other	False	False
GSE253013	GSE253013	CXCL5_CXCR2	CXCL	Secreted Signaling	CXCL5	CXCR2	CXCL5	CXCR2	outgoing	TNK	0.0	0.0	1.0	1.0	False	False	0.0	other	False	False
GSE253013	GSE253013	CXCL6_CXCR2	CXCL	Secreted Signaling	CXCL6	CXCR2	CXCL6	CXCR2	outgoing	TNK	0.0	0.0	1.0	1.0	False	False	0.0	other	False	False
GSE253013	GSE253013	CXCL8_CXCR2	CXCL	Secreted Signaling	CXCL8	CXCR2	CXCL8	CXCR2	outgoing	TNK	0.0	0.0	1.0	1.0	False	False	0.0	other	False	False
GSE253013	GSE253013	PPBP_CXCR2	CXCL	Secreted Signaling	PPBP	CXCR2	PPBP	CXCR2	outgoing	TNK	0.0	0.0	1.0	1.0	False	False	0.0	other	False	False
GSE253013	GSE253013	PF4V1_CXCR3	CXCL	Secreted Signaling	PF4V1	CXCR3	PF4V1	CXCR3	outgoing	TNK	0.0	0.0	1.0	1.0	False	False	0.0	other	False	False
GSE253013	GSE253013	CXCL9_CXCR3	CXCL	Secreted Signaling	CXCL9	CXCR3	CXCL9	CXCR3	outgoing	TNK	0.0	0.0	1.0	1.0	False	False	0.0	recruit	False	False
GSE253013	GSE253013	CXCL10_CXCR3	CXCL	Secreted Signaling	CXCL10	CXCR3	CXCL10	CXCR3	outgoing	TNK	0.0	0.0	1.0	1.0	False	False	0.0	recruit	False	False
GSE253013	GSE253013	CXCL11_CXCR3	CXCL	Secreted Signaling	CXCL11	CXCR3	CXCL11	CXCR3	outgoing	TNK	0.0	0.0	1.0	1.0	False	False	0.0	recruit	False	False
GSE253013	GSE253013	CXCL13_CXCR3	CXCL	Secreted Signaling	CXCL13	CXCR3	CXCL13	CXCR3	outgoing	TNK	0.0	0.0	1.0	1.0	False	False	0.0	other	False	False
GSE253013	GSE253013	PF4_CXCR3	CXCL	Secreted Signaling	PF4	CXCR3	PF4	CXCR3	outgoing	TNK	0.0	0.0	1.0	1.0	False	False	0.0	other	False	False
GSE253013	GSE253013	CXCL12_CXCR4	CXCL	Secreted Signaling	CXCL12	CXCR4	CXCL12	CXCR4	outgoing	TNK	0.0	0.0	1.0	1.0	False	False	0.0	other	False	False
GSE253013	GSE253013	CXCL11_ACKR3	CXCL	Secreted Signaling	CXCL11	ACKR3	CXCL11	ACKR3	outgoing	TNK	0.0	0.0	1.0	1.0	False	False	0.0	recruit	False	False
GSE253013	GSE253013	CXCL12_ACKR3	CXCL	Secreted Signaling	CXCL12	ACKR3	CXCL12	ACKR3	outgoing	TNK	0.0	0.0	1.0	1.0	False	False	0.0	other	False	False
GSE253013	GSE253013	CXCL13_CXCR5	CXCL	Secreted Signaling	CXCL13	CXCR5	CXCL13	CXCR5	outgoing	TNK	0.0	0.0	1.0	1.0	False	False	0.0	other	False	False
GSE253013	GSE253013	CXCL16_CXCR6	CXCL	Secreted Signaling	CXCL16	CXCR6	CXCL16	CXCR6	outgoing	TNK	0.07050417371895078	0.0342484006455388	0.009900990099009901	1.0	True	False	0.036255773073411976	recruit	True	True
GSE253013	GSE253013	MIF_ACKR3	MIF	Secreted Signaling	MIF	ACKR3	MIF	ACKR3	outgoing	TNK	0.0	0.0	1.0	1.0	False	False	0.0	other	False	False
GSE253013	GSE253013	CX3CL1_CX3CR1	CX3C	Secreted Signaling	CX3CL1	CX3CR1	CX3CL1	CX3CR1	outgoing	TNK	0.0	0.0	1.0	1.0	False	False	0.0	other	False	False
GSE253013	GSE253013	XCL1_XCR1	XCR	Secreted Signaling	XCL1	XCR1	XCL1	XCR1	outgoing	TNK	0.0	0.0	1.0	1.0	False	False	0.0	other	False	False
GSE253013	GSE253013	XCL2_XCR1	XCR	Secreted Signaling	XCL2	XCR1	XCL2	XCR1	outgoing	TNK	0.0	0.0	1.0	1.0	False	False	0.0	other	False	False
GSE253013	GSE253013	IL4_IL4R	IL4	Secreted Signaling	IL4	IL4R	IL4	IL4R	outgoing	TNK	0.0	0.0	1.0	1.0	False	False	0.0	other	False	False
GSE253013	GSE253013	IL13_IL13RA1	IL4	Secreted Signaling	IL13	IL13RA1	IL13	IL13RA1	outgoing	TNK	0.0	0.0	1.0	1.0	False	False	0.0	other	False	False
GSE253013	GSE253013	IL13_IL13RA2	IL4	Secreted Signaling	IL13	IL13RA2	IL13	IL13RA2	outgoing	TNK	0.0	0.0	1.0	1.0	False	False	0.0	other	False	False
GSE253013	GSE253013	IL1A_IL1R2	IL1	Secreted Signaling	IL1A	IL1R2	IL1A	IL1R2	outgoing	TNK	0.0	0.0	1.0	1.0	False	False	0.0	other	False	False
GSE253013	GSE253013	IL1B_IL1R2	IL1	Secreted Signaling	IL1B	IL1R2	IL1B	IL1R2	outgoing	TNK	0.0	0.0	1.0	1.0	False	False	0.0	other	False	False
GSE253013	GSE253013	IL17B_IL17RB	IL17	Secreted Signaling	IL17B	IL17RB	IL17B	IL17RB	outgoing	TNK	0.0	0.0	1.0	1.0	False	False	0.0	other	False	False
GSE253013	GSE253013	IL34_CSF1R	CSF	Secreted Signaling	IL34	CSF1R	IL34	CSF1R	outgoing	TNK	0.0	0.0	1.0	1.0	False	False	0.0	other	False	False
GSE253013	GSE253013	CSF1_CSF1R	CSF	Secreted Signaling	CSF1	CSF1R	CSF1	CSF1R	outgoing	TNK	0.0	0.0	1.0	1.0	False	False	0.0	other	False	False
GSE253013	GSE253013	IL16_CD4	IL16	Secreted Signaling	IL16	CD4	IL16	CD4	outgoing	TNK	0.0	0.0	1.0	1.0	False	False	0.0	other	False	False
GSE253013	GSE253013	EPO_EPOR	EPO	Secreted Signaling	EPO	EPOR	EPO	EPOR	outgoing	TNK	0.0	0.0	1.0	1.0	False	False	0.0	other	False	False
GSE253013	GSE253013	GH1_GHR	GH	Secreted Signaling	GH1	GHR	GH1	GHR	outgoing	TNK	0.0	0.0	1.0	1.0	False	False	0.0	other	False	False
GSE253013	GSE253013	PRL_PRLR	PRL	Secreted Signaling	PRL	PRLR	PRL	PRLR	outgoing	TNK	0.0	0.0	1.0	1.0	False	False	0.0	other	False	False
GSE253013	GSE253013	THPO_MPL	THPO	Secreted Signaling	THPO	MPL	THPO	MPL	outgoing	TNK	0.0	0.0	1.0	1.0	False	False	0.0	other	False	False
GSE253013	GSE253013	CSF3_CSF3R	CSF3	Secreted Signaling	CSF3	CSF3R	CSF3	CSF3R	outgoing	TNK	0.0	0.0	1.0	1.0	False	False	0.0	other	False	False
GSE253013	GSE253013	TNF_TNFRSF1A	TNF	Secreted Signaling	TNF	TNFRSF1A	TNF	TNFRSF1A	outgoing	TNK	0.0	0.0	1.0	1.0	False	False	0.0	attack	False	False
GSE253013	GSE253013	TNF_TNFRSF1B	TNF	Secreted Signaling	TNF	TNFRSF1B	TNF	TNFRSF1B	outgoing	TNK	0.0	0.0	1.0	1.0	False	False	0.0	attack	False	False
GSE253013	GSE253013	LTA_TNFRSF1A	LT	Secreted Signaling	LTA	TNFRSF1A	LTA	TNFRSF1A	outgoing	TNK	0.0	0.0	1.0	1.0	False	False	0.0	attack	False	False
GSE253013	GSE253013	LTA_TNFRSF1B	LT	Secreted Signaling	LTA	TNFRSF1B	LTA	TNFRSF1B	outgoing	TNK	0.0	0.0	1.0	1.0	False	False	0.0	attack	False	False
GSE253013	GSE253013	LTA_TNFRSF14	LT	Secreted Signaling	LTA	TNFRSF14	LTA	TNFRSF14	outgoing	TNK	0.0	0.0	1.0	1.0	False	False	0.0	attack	False	False
GSE253013	GSE253013	TNFSF14_LTBR	LIGHT	Secreted Signaling	TNFSF14	LTBR	TNFSF14	LTBR	outgoing	TNK	0.0	0.0	1.0	1.0	False	False	0.0	other	False	False
GSE253013	GSE253013	TNFSF14_TNFRSF14	LIGHT	Secreted Signaling	TNFSF14	TNFRSF14	TNFSF14	TNFRSF14	outgoing	TNK	0.0	0.0	1.0	1.0	False	False	0.0	other	False	False
GSE253013	GSE253013	FASL_FAS	FASLG	Secreted Signaling	FASLG	FAS	FASLG	FAS	outgoing	TNK	0.0	0.0	1.0	1.0	False	False	0.0	attack	False	False
GSE253013	GSE253013	TNFSF15_TNFRSF25	VEGI	Secreted Signaling	TNFSF15	TNFRSF25	TNFSF15	TNFRSF25	outgoing	TNK	0.0	0.0	1.0	1.0	False	False	0.0	other	False	False
GSE253013	GSE253013	TNFSF10_TNFRSF10B	TRAIL	Secreted Signaling	TNFSF10	TNFRSF10A	TNFSF10	TNFRSF10A	outgoing	TNK	0.0	0.0	1.0	1.0	False	False	0.0	attack	False	False
GSE253013	GSE253013	EDA_EDAR	EDA	Secreted Signaling	EDA	EDAR	EDA	EDAR	outgoing	TNK	0.0	0.0	1.0	1.0	False	False	0.0	other	False	False
GSE253013	GSE253013	EDA_EDA2R	EDA	Secreted Signaling	EDA	EDA2R	EDA	EDA2R	outgoing	TNK	0.0	0.0	1.0	1.0	False	False	0.0	other	False	False
GSE253013	GSE253013	NGF_NGFR	NGF	Secreted Signaling	NGF	NGFR	NGF	NGFR	outgoing	TNK	0.0	0.0	1.0	1.0	False	False	0.0	other	False	False
GSE253013	GSE253013	KLK3_NGFR	NGF	Secreted Signaling	KLK3	NGFR	KLK3	NGFR	outgoing	TNK	0.0	0.0	1.0	1.0	False	False	0.0	other	False	False
GSE253013	GSE253013	TNFSF11_TNFRSF11A	RANKL	Secreted Signaling	TNFSF11	TNFRSF11A	TNFSF11	TNFRSF11A	outgoing	TNK	0.0	0.0	1.0	1.0	False	False	0.0	other	False	False
GSE253013	GSE253013	TNFSF11_TNFRSF11B	RANKL	Secreted Signaling	TNFSF11	TNFRSF11B	TNFSF11	TNFRSF11B	outgoing	TNK	0.0	0.0	1.0	1.0	False	False	0.0	other	False	False
GSE253013	GSE253013	TNFSF12_TNFRSF12A	TWEAK	Secreted Signaling	TNFSF12	TNFRSF12A	TNFSF12	TNFRSF12A	outgoing	TNK	0.0	0.0	1.0	1.0	False	False	0.0	other	False	False
GSE253013	GSE253013	CD70_CD27	CD70	Secreted Signaling	CD70	CD27	CD70	CD27	outgoing	TNK	0.0	0.0	1.0	1.0	False	False	0.0	other	False	False
GSE253013	GSE253013	TNFSF8_TNFRSF8	CD30	Secreted Signaling	TNFSF8	TNFRSF8	TNFSF8	TNFRSF8	outgoing	TNK	0.0	0.0	1.0	1.0	False	False	0.0	other	False	False
GSE253013	GSE253013	TNFSF9_TNFRSF9	CD137	Secreted Signaling	TNFSF9	TNFRSF9	TNFSF9	TNFRSF9	outgoing	TNK	0.0	0.0	1.0	1.0	False	False	0.0	other	False	False
GSE253013	GSE253013	TNFSF4_TNFRSF4	OX40	Secreted Signaling	TNFSF4	TNFRSF4	TNFSF4	TNFRSF4	outgoing	TNK	0.0	0.0	1.0	1.0	False	False	0.0	other	False	False
GSE253013	GSE253013	TNFSF18_TNFRSF18	GITRL	Secreted Signaling	TNFSF18	TNFRSF18	TNFSF18	TNFRSF18	outgoing	TNK	0.0	0.0	1.0	1.0	False	False	0.0	other	False	False
GSE253013	GSE253013	TNFSF13_TNFRSF17	APRIL	Secreted Signaling	TNFSF13	TNFRSF17	TNFSF13	TNFRSF17	outgoing	TNK	0.0	0.0	1.0	1.0	False	False	0.0	other	False	False
GSE253013	GSE253013	TNFSF13_TNFRSF13B	APRIL	Secreted Signaling	TNFSF13	TNFRSF13B	TNFSF13	TNFRSF13B	outgoing	TNK	0.0	0.0	1.0	1.0	False	False	0.0	other	False	False
GSE253013	GSE253013	TNFSF13B_TNFRSF17	BAFF	Secreted Signaling	TNFSF13B	TNFRSF17	TNFSF13B	TNFRSF17	outgoing	TNK	0.0	0.0	1.0	1.0	False	False	0.0	other	False	False
GSE253013	GSE253013	TNFSF13B_TNFRSF13B	BAFF	Secreted Signaling	TNFSF13B	TNFRSF13B	TNFSF13B	TNFRSF13B	outgoing	TNK	0.0	0.0	1.0	1.0	False	False	0.0	other	False	False
GSE253013	GSE253013	TNFSF13B_TNFRSF13C	BAFF	Secreted Signaling	TNFSF13B	TNFRSF13C	TNFSF13B	TNFRSF13C	outgoing	TNK	0.0	0.0	1.0	1.0	False	False	0.0	other	False	False
GSE253013	GSE253013	SPP1_CD44	SPP1	Secreted Signaling	SPP1	CD44	SPP1	CD44	outgoing	TNK	0.0	0.0	1.0	1.0	False	False	0.0	other	False	False
GSE253013	GSE253013	ADIPOQ_ADIPOR1	ADIPONECTIN	Secreted Signaling	ADIPOQ	ADIPOR1	ADIPOQ	ADIPOR1	outgoing	TNK	0.0	0.0	1.0	1.0	False	False	0.0	other	False	False
GSE253013	GSE253013	ADIPOQ_ADIPOR2	ADIPONECTIN	Secreted Signaling	ADIPOQ	ADIPOR2	ADIPOQ	ADIPOR2	outgoing	TNK	0.0	0.0	1.0	1.0	False	False	0.0	other	False	False
GSE253013	GSE253013	RETN_TLR4	RESISTIN	Secreted Signaling	RETN	TLR4	RETN	TLR4	outgoing	TNK	0.0	0.0	1.0	1.0	False	False	0.0	other	False	False
GSE253013	GSE253013	RETN_CAP1	RESISTIN	Secreted Signaling	RETN	CAP1	RETN	CAP1	outgoing	TNK	0.0	0.0	1.0	1.0	False	False	0.0	other	False	False
GSE253013	GSE253013	ANGPTL2_TLR4	ANGPTL	Secreted Signaling	ANGPTL2	TLR4	ANGPTL2	TLR4	outgoing	TNK	0.0	0.0	1.0	1.0	False	False	0.0	other	False	False
GSE253013	GSE253013	ANGPTL2_PIRB	ANGPTL	Secreted Signaling	ANGPTL2	LILRB3	ANGPTL2	LILRB3	outgoing	TNK	0.0	0.0	1.0	1.0	False	False	0.0	other	False	False
GSE253013	GSE253013	ANGPTL1_PIRB	ANGPTL	Secreted Signaling	ANGPTL1	LILRB3	ANGPTL1	LILRB3	outgoing	TNK	0.0	0.0	1.0	1.0	False	False	0.0	other	False	False
GSE253013	GSE253013	ANGPTL7_PIRB	ANGPTL	Secreted Signaling	ANGPTL7	LILRB3	ANGPTL7	LILRB3	outgoing	TNK	0.0	0.0	1.0	1.0	False	False	0.0	other	False	False
GSE253013	GSE253013	ANGPTL4_CDH5	ANGPTL	Secreted Signaling	ANGPTL4	CDH5	ANGPTL4	CDH5	outgoing	TNK	0.0	0.0	1.0	1.0	False	False	0.0	other	False	False
GSE253013	GSE253013	ANGPTL4_CDH11	ANGPTL	Secreted Signaling	ANGPTL4	CDH11	ANGPTL4	CDH11	outgoing	TNK	0.0	0.0	1.0	1.0	False	False	0.0	other	False	False
GSE253013	GSE253013	ANGPTL4_SDC1	ANGPTL	Secreted Signaling	ANGPTL4	SDC1	ANGPTL4	SDC1	outgoing	TNK	0.0	0.0	1.0	1.0	False	False	0.0	other	False	False
GSE253013	GSE253013	ANGPTL4_SDC2	ANGPTL	Secreted Signaling	ANGPTL4	SDC2	ANGPTL4	SDC2	outgoing	TNK	0.0	0.0	1.0	1.0	False	False	0.0	other	False	False
GSE253013	GSE253013	ANGPTL4_SDC3	ANGPTL	Secreted Signaling	ANGPTL4	SDC3	ANGPTL4	SDC3	outgoing	TNK	0.0	0.0	1.0	1.0	False	False	0.0	other	False	False
GSE253013	GSE253013	ANGPTL4_SDC4	ANGPTL	Secreted Signaling	ANGPTL4	SDC4	ANGPTL4	SDC4	outgoing	TNK	0.0	0.0	1.0	1.0	False	False	0.0	other	False	False
GSE253013	GSE253013	ANGPT1_TEK	ANGPT	Secreted Signaling	ANGPT1	TEK	ANGPT1	TEK	outgoing	TNK	0.0	0.0	1.0	1.0	False	False	0.0	other	False	False
GSE253013	GSE253013	ANGPT2_TEK	ANGPT	Secreted Signaling	ANGPT2	TEK	ANGPT2	TEK	outgoing	TNK	0.0	0.0	1.0	1.0	False	False	0.0	other	False	False
GSE253013	GSE253013	MDK_SDC1	MK	Secreted Signaling	MDK	SDC1	MDK	SDC1	outgoing	TNK	0.0	0.0	1.0	1.0	False	False	0.0	other	False	False
GSE253013	GSE253013	MDK_SDC2	MK	Secreted Signaling	MDK	SDC2	MDK	SDC2	outgoing	TNK	0.0	0.0	1.0	1.0	False	False	0.0	other	False	False
GSE253013	GSE253013	MDK_SDC4	MK	Secreted Signaling	MDK	SDC4	MDK	SDC4	outgoing	TNK	0.0	0.0	1.0	1.0	False	False	0.0	other	False	False
GSE253013	GSE253013	MDK_PTPRZ1	MK	Secreted Signaling	MDK	PTPRZ1	MDK	PTPRZ1	outgoing	TNK	0.0	0.0	1.0	1.0	False	False	0.0	other	False	False
GSE253013	GSE253013	MDK_LRP1	MK	Secreted Signaling	MDK	LRP1	MDK	LRP1	outgoing	TNK	0.0	0.0	1.0	1.0	False	False	0.0	other	False	False
GSE253013	GSE253013	MDK_NCL	MK	Secreted Signaling	MDK	NCL	MDK	NCL	outgoing	TNK	0.7307569237636333	0.6524055126467505	0.009900990099009901	1.0	True	False	0.07835141111688282	other	True	True
GSE253013	GSE253013	MDK_ALK	MK	Secreted Signaling	MDK	ALK	MDK	ALK	outgoing	TNK	0.0	0.0	1.0	1.0	False	False	0.0	other	False	False
GSE253013	GSE253013	PTN_PTPRZ1	PTN	Secreted Signaling	PTN	PTPRZ1	PTN	PTPRZ1	outgoing	TNK	0.0	0.0	1.0	1.0	False	False	0.0	other	False	False
GSE253013	GSE253013	PTN_SDC1	PTN	Secreted Signaling	PTN	SDC1	PTN	SDC1	outgoing	TNK	0.0	0.0	1.0	1.0	False	False	0.0	other	False	False
GSE253013	GSE253013	PTN_SDC2	PTN	Secreted Signaling	PTN	SDC2	PTN	SDC2	outgoing	TNK	0.0	0.0	1.0	1.0	False	False	0.0	other	False	False
GSE253013	GSE253013	PTN_SDC3	PTN	Secreted Signaling	PTN	SDC3	PTN	SDC3	outgoing	TNK	0.0	0.0	1.0	1.0	False	False	0.0	other	False	False
GSE253013	GSE253013	PTN_SDC4	PTN	Secreted Signaling	PTN	SDC4	PTN	SDC4	outgoing	TNK	0.0	0.0	1.0	1.0	False	False	0.0	other	False	False
GSE253013	GSE253013	PTN_NCL	PTN	Secreted Signaling	PTN	NCL	PTN	NCL	outgoing	TNK	0.0	0.0	1.0	1.0	False	False	0.0	other	False	False
GSE253013	GSE253013	PTN_ALK	PTN	Secreted Signaling	PTN	ALK	PTN	ALK	outgoing	TNK	0.0	0.0	1.0	1.0	False	False	0.0	other	False	False
GSE253013	GSE253013	AGT_AGTR1B	AGT	Secreted Signaling	AGT	AGTR1	AGT	AGTR1	outgoing	TNK	0.0	0.0	1.0	1.0	False	False	0.0	other	False	False
GSE253013	GSE253013	GRP_GRPR	GPR	Secreted Signaling	GRP	GRPR	GRP	GRPR	outgoing	TNK	0.0	0.0	1.0	1.0	False	False	0.0	other	False	False
GSE253013	GSE253013	NMB_NMBR	GPR	Secreted Signaling	NMB	NMBR	NMB	NMBR	outgoing	TNK	0.0	0.0	1.0	1.0	False	False	0.0	other	False	False
GSE253013	GSE253013	KNG1_BDKRB1	BRADYKININ	Secreted Signaling	KNG1	BDKRB1	KNG1	BDKRB1	outgoing	TNK	0.0	0.0	1.0	1.0	False	False	0.0	other	False	False
GSE253013	GSE253013	KNG1_BDKRB2	BRADYKININ	Secreted Signaling	KNG1	BDKRB2	KNG1	BDKRB2	outgoing	TNK	0.0	0.0	1.0	1.0	False	False	0.0	other	False	False
GSE253013	GSE253013	C3_C3AR1	COMPLEMENT	Secreted Signaling	C3	C3AR1	C3	C3AR1	outgoing	TNK	0.0	0.0	1.0	1.0	False	False	0.0	other	False	False
GSE253013	GSE253013	C3_CR2	COMPLEMENT	Secreted Signaling	C3	CR2	C3	CR2	outgoing	TNK	0.0	0.0	1.0	1.0	False	False	0.0	other	False	False
GSE253013	GSE253013	C4A_C3AR1	COMPLEMENT	Secreted Signaling	C4A	C3AR1	C4A	C3AR1	outgoing	TNK	0.0	0.0	1.0	1.0	False	False	0.0	other	False	False
GSE253013	GSE253013	C4A_CR2	COMPLEMENT	Secreted Signaling	C4A	CR2	C4A	CR2	outgoing	TNK	0.0	0.0	1.0	1.0	False	False	0.0	other	False	False
GSE253013	GSE253013	HC_C5AR1	COMPLEMENT	Secreted Signaling	C5	C5AR1	C5	C5AR1	outgoing	TNK	0.0	0.0	1.0	1.0	False	False	0.0	other	False	False
GSE253013	GSE253013	CCK_CCKAR	CCK	Secreted Signaling	CCK	CCKAR	CCK	CCKAR	outgoing	TNK	0.0	0.0	1.0	1.0	False	False	0.0	other	False	False
GSE253013	GSE253013	CCK_CCKBR	CCK	Secreted Signaling	CCK	CCKBR	CCK	CCKBR	outgoing	TNK	0.0	0.0	1.0	1.0	False	False	0.0	other	False	False
GSE253013	GSE253013	EDN1_EDNRA	EDN	Secreted Signaling	EDN1	EDNRA	EDN1	EDNRA	outgoing	TNK	0.0	0.0	1.0	1.0	False	False	0.0	other	False	False
GSE253013	GSE253013	EDN2_EDNRA	EDN	Secreted Signaling	EDN2	EDNRA	EDN2	EDNRA	outgoing	TNK	0.0	0.0	1.0	1.0	False	False	0.0	other	False	False
GSE253013	GSE253013	EDN3_EDNRA	EDN	Secreted Signaling	EDN3	EDNRA	EDN3	EDNRA	outgoing	TNK	0.0	0.0	1.0	1.0	False	False	0.0	other	False	False
GSE253013	GSE253013	EDN1_EDNRB	EDN	Secreted Signaling	EDN1	EDNRB	EDN1	EDNRB	outgoing	TNK	0.0	0.0	1.0	1.0	False	False	0.0	other	False	False
GSE253013	GSE253013	EDN2_EDNRB	EDN	Secreted Signaling	EDN2	EDNRB	EDN2	EDNRB	outgoing	TNK	0.0	0.0	1.0	1.0	False	False	0.0	other	False	False
GSE253013	GSE253013	EDN3_EDNRB	EDN	Secreted Signaling	EDN3	EDNRB	EDN3	EDNRB	outgoing	TNK	0.0	0.0	1.0	1.0	False	False	0.0	other	False	False
GSE253013	GSE253013	GAL_GALR1	GALANIN	Secreted Signaling	GAL	GALR1	GAL	GALR1	outgoing	TNK	0.0	0.0	1.0	1.0	False	False	0.0	other	False	False
GSE253013	GSE253013	GAL_GALR2	GALANIN	Secreted Signaling	GAL	GALR2	GAL	GALR2	outgoing	TNK	0.0	0.0	1.0	1.0	False	False	0.0	other	False	False
GSE253013	GSE253013	GAL_GALR3	GALANIN	Secreted Signaling	GAL	GALR3	GAL	GALR3	outgoing	TNK	0.0	0.0	1.0	1.0	False	False	0.0	other	False	False
GSE253013	GSE253013	GALP_GALR1	GALANIN	Secreted Signaling	GALP	GALR1	GALP	GALR1	outgoing	TNK	0.0	0.0	1.0	1.0	False	False	0.0	other	False	False
GSE253013	GSE253013	GALP_GALR2	GALANIN	Secreted Signaling	GALP	GALR2	GALP	GALR2	outgoing	TNK	0.0	0.0	1.0	1.0	False	False	0.0	other	False	False
GSE253013	GSE253013	GHRL_GHSR	GHRELIN	Secreted Signaling	GHRL	GHSR	GHRL	GHSR	outgoing	TNK	0.0	0.0	1.0	1.0	False	False	0.0	other	False	False
GSE253013	GSE253013	KISS1_KISS1R	KISS1	Secreted Signaling	KISS1	KISS1R	KISS1	KISS1R	outgoing	TNK	0.0	0.0	1.0	1.0	False	False	0.0	other	False	False
GSE253013	GSE253013	POMC_MC1R	MELANOCORTIN	Secreted Signaling	POMC	MC1R	POMC	MC1R	outgoing	TNK	0.0	0.0	1.0	1.0	False	False	0.0	other	False	False
GSE253013	GSE253013	POMC_MC2R	MELANOCORTIN	Secreted Signaling	POMC	MC2R	POMC	MC2R	outgoing	TNK	0.0	0.0	1.0	1.0	False	False	0.0	other	False	False
GSE253013	GSE253013	POMC_MC3R	MELANOCORTIN	Secreted Signaling	POMC	MC3R	POMC	MC3R	outgoing	TNK	0.0	0.0	1.0	1.0	False	False	0.0	other	False	False
GSE253013	GSE253013	POMC_MC4R	MELANOCORTIN	Secreted Signaling	POMC	MC4R	POMC	MC4R	outgoing	TNK	0.0	0.0	1.0	1.0	False	False	0.0	other	False	False
GSE253013	GSE253013	POMC_MC5R	MELANOCORTIN	Secreted Signaling	POMC	MC5R	POMC	MC5R	outgoing	TNK	0.0	0.0	1.0	1.0	False	False	0.0	other	False	False
GSE253013	GSE253013	NMU_NMUR1	NMU	Secreted Signaling	NMU	NMUR1	NMU	NMUR1	outgoing	TNK	0.0	0.0	1.0	1.0	False	False	0.0	other	False	False
GSE253013	GSE253013	NMU_NMUR2	NMU	Secreted Signaling	NMU	NMUR2	NMU	NMUR2	outgoing	TNK	0.0	0.0	1.0	1.0	False	False	0.0	other	False	False
GSE253013	GSE253013	NMS_NMUR1	NMU	Secreted Signaling	NMS	NMUR1	NMS	NMUR1	outgoing	TNK	0.0	0.0	1.0	1.0	False	False	0.0	other	False	False
GSE253013	GSE253013	NMS_NMUR2	NMU	Secreted Signaling	NMS	NMUR2	NMS	NMUR2	outgoing	TNK	0.0	0.0	1.0	1.0	False	False	0.0	other	False	False
GSE253013	GSE253013	NPFF_NPFFR1	NPFF	Secreted Signaling	NPFF	NPFFR1	NPFF	NPFFR1	outgoing	TNK	0.0	0.0	1.0	1.0	False	False	0.0	other	False	False
GSE253013	GSE253013	NPFF_NPFFR2	NPFF	Secreted Signaling	NPFF	NPFFR2	NPFF	NPFFR2	outgoing	TNK	0.0	0.0	1.0	1.0	False	False	0.0	other	False	False
GSE253013	GSE253013	NPY_NPY1R	NPY	Secreted Signaling	NPY	NPY1R	NPY	NPY1R	outgoing	TNK	0.0	0.0	1.0	1.0	False	False	0.0	other	False	False
GSE253013	GSE253013	NPY_NPY2R	NPY	Secreted Signaling	NPY	NPY2R	NPY	NPY2R	outgoing	TNK	0.0	0.0	1.0	1.0	False	False	0.0	other	False	False
GSE253013	GSE253013	NPY_NPY4R	NPY	Secreted Signaling	NPY	NPY4R	NPY	NPY4R	outgoing	TNK	0.0	0.0	1.0	1.0	False	False	0.0	other	False	False
GSE253013	GSE253013	NPY_NPY5R	NPY	Secreted Signaling	NPY	NPY5R	NPY	NPY5R	outgoing	TNK	0.0	0.0	1.0	1.0	False	False	0.0	other	False	False
GSE253013	GSE253013	NPY_GPR83	NPY	Secreted Signaling	NPY	GPR83	NPY	GPR83	outgoing	TNK	0.0	0.0	1.0	1.0	False	False	0.0	other	False	False
GSE253013	GSE253013	PPY_NPY1R	NPY	Secreted Signaling	PPY	NPY1R	PPY	NPY1R	outgoing	TNK	0.0	0.0	1.0	1.0	False	False	0.0	other	False	False
GSE253013	GSE253013	PPY_NPY2R	NPY	Secreted Signaling	PPY	NPY2R	PPY	NPY2R	outgoing	TNK	0.0	0.0	1.0	1.0	False	False	0.0	other	False	False
GSE253013	GSE253013	PPY_NPY4R	NPY	Secreted Signaling	PPY	NPY4R	PPY	NPY4R	outgoing	TNK	0.0	0.0	1.0	1.0	False	False	0.0	other	False	False
GSE253013	GSE253013	PPY_NPY5R	NPY	Secreted Signaling	PPY	NPY5R	PPY	NPY5R	outgoing	TNK	0.0	0.0	1.0	1.0	False	False	0.0	other	False	False
GSE253013	GSE253013	PPY_GPR83	NPY	Secreted Signaling	PPY	GPR83	PPY	GPR83	outgoing	TNK	0.0	0.0	1.0	1.0	False	False	0.0	other	False	False
GSE253013	GSE253013	PYY_NPY1R	NPY	Secreted Signaling	PYY	NPY1R	PYY	NPY1R	outgoing	TNK	0.0	0.0	1.0	1.0	False	False	0.0	other	False	False
GSE253013	GSE253013	PYY_NPY2R	NPY	Secreted Signaling	PYY	NPY2R	PYY	NPY2R	outgoing	TNK	0.0	0.0	1.0	1.0	False	False	0.0	other	False	False
GSE253013	GSE253013	PYY_NPY4R	NPY	Secreted Signaling	PYY	NPY4R	PYY	NPY4R	outgoing	TNK	0.0	0.0	1.0	1.0	False	False	0.0	other	False	False
GSE253013	GSE253013	PYY_NPY5R	NPY	Secreted Signaling	PYY	NPY5R	PYY	NPY5R	outgoing	TNK	0.0	0.0	1.0	1.0	False	False	0.0	other	False	False
GSE253013	GSE253013	PYY_GPR83	NPY	Secreted Signaling	PYY	GPR83	PYY	GPR83	outgoing	TNK	0.0	0.0	1.0	1.0	False	False	0.0	other	False	False
GSE253013	GSE253013	NPB_NPBWR1	NPW-B	Secreted Signaling	NPB	NPBWR1	NPB	NPBWR1	outgoing	TNK	0.0	0.0	1.0	1.0	False	False	0.0	other	False	False
GSE253013	GSE253013	NPW_NPBWR1	NPW-B	Secreted Signaling	NPW	NPBWR1	NPW	NPBWR1	outgoing	TNK	0.0	0.0	1.0	1.0	False	False	0.0	other	False	False
GSE253013	GSE253013	NTS_NTSR1	NTS	Secreted Signaling	NTS	NTSR1	NTS	NTSR1	outgoing	TNK	0.0	0.0	1.0	1.0	False	False	0.0	other	False	False
GSE253013	GSE253013	NTS_NTSR2	NTS	Secreted Signaling	NTS	NTSR2	NTS	NTSR2	outgoing	TNK	0.0	0.0	1.0	1.0	False	False	0.0	other	False	False
GSE253013	GSE253013	PDYN_OPRD1	OPIOID	Secreted Signaling	PDYN	OPRD1	PDYN	OPRD1	outgoing	TNK	0.0	0.0	1.0	1.0	False	False	0.0	other	False	False
GSE253013	GSE253013	PDYN_OPRK1	OPIOID	Secreted Signaling	PDYN	OPRK1	PDYN	OPRK1	outgoing	TNK	0.0	0.0	1.0	1.0	False	False	0.0	other	False	False
GSE253013	GSE253013	PDYN_OPRL1	OPIOID	Secreted Signaling	PDYN	OPRL1	PDYN	OPRL1	outgoing	TNK	0.0	0.0	1.0	1.0	False	False	0.0	other	False	False
GSE253013	GSE253013	PDYN_OPRM1	OPIOID	Secreted Signaling	PDYN	OPRM1	PDYN	OPRM1	outgoing	TNK	0.0	0.0	1.0	1.0	False	False	0.0	other	False	False
GSE253013	GSE253013	PENK_OPRD1	OPIOID	Secreted Signaling	PENK	OPRD1	PENK	OPRD1	outgoing	TNK	0.0	0.0	1.0	1.0	False	False	0.0	other	False	False
GSE253013	GSE253013	PENK_OPRK1	OPIOID	Secreted Signaling	PENK	OPRK1	PENK	OPRK1	outgoing	TNK	0.0	0.0	1.0	1.0	False	False	0.0	other	False	False
GSE253013	GSE253013	PENK_OPRL1	OPIOID	Secreted Signaling	PENK	OPRL1	PENK	OPRL1	outgoing	TNK	0.0	0.0	1.0	1.0	False	False	0.0	other	False	False
GSE253013	GSE253013	PENK_OPRM1	OPIOID	Secreted Signaling	PENK	OPRM1	PENK	OPRM1	outgoing	TNK	0.0	0.0	1.0	1.0	False	False	0.0	other	False	False
GSE253013	GSE253013	POMC_OPRD1	OPIOID	Secreted Signaling	POMC	OPRD1	POMC	OPRD1	outgoing	TNK	0.0	0.0	1.0	1.0	False	False	0.0	other	False	False
GSE253013	GSE253013	POMC_OPRK1	OPIOID	Secreted Signaling	POMC	OPRK1	POMC	OPRK1	outgoing	TNK	0.0	0.0	1.0	1.0	False	False	0.0	other	False	False
GSE253013	GSE253013	POMC_OPRL1	OPIOID	Secreted Signaling	POMC	OPRL1	POMC	OPRL1	outgoing	TNK	0.0	0.0	1.0	1.0	False	False	0.0	other	False	False
GSE253013	GSE253013	POMC_OPRM1	OPIOID	Secreted Signaling	POMC	OPRM1	POMC	OPRM1	outgoing	TNK	0.0	0.0	1.0	1.0	False	False	0.0	other	False	False
GSE253013	GSE253013	HCRT_HCRTR1	HCRT	Secreted Signaling	HCRT	HCRTR1	HCRT	HCRTR1	outgoing	TNK	0.0	0.0	1.0	1.0	False	False	0.0	other	False	False
GSE253013	GSE253013	HCRT_HCRTR2	HCRT	Secreted Signaling	HCRT	HCRTR2	HCRT	HCRTR2	outgoing	TNK	0.0	0.0	1.0	1.0	False	False	0.0	other	False	False
GSE253013	GSE253013	OXT_OXTR	OXT	Secreted Signaling	OXT	OXTR	OXT	OXTR	outgoing	TNK	0.0	0.0	1.0	1.0	False	False	0.0	other	False	False
GSE253013	GSE253013	SST_SSTR1	SOMATOSTATIN	Secreted Signaling	SST	SSTR1	SST	SSTR1	outgoing	TNK	0.0	0.0	1.0	1.0	False	False	0.0	other	False	False
GSE253013	GSE253013	SST_SSTR2	SOMATOSTATIN	Secreted Signaling	SST	SSTR2	SST	SSTR2	outgoing	TNK	0.0	0.0	1.0	1.0	False	False	0.0	other	False	False
GSE253013	GSE253013	SST_SSTR3	SOMATOSTATIN	Secreted Signaling	SST	SSTR3	SST	SSTR3	outgoing	TNK	0.0	0.0	1.0	1.0	False	False	0.0	other	False	False
GSE253013	GSE253013	SST_SSTR4	SOMATOSTATIN	Secreted Signaling	SST	SSTR4	SST	SSTR4	outgoing	TNK	0.0	0.0	1.0	1.0	False	False	0.0	other	False	False
GSE253013	GSE253013	SST_SSTR5	SOMATOSTATIN	Secreted Signaling	SST	SSTR5	SST	SSTR5	outgoing	TNK	0.0	0.0	1.0	1.0	False	False	0.0	other	False	False
GSE253013	GSE253013	CORT_SSTR1	SOMATOSTATIN	Secreted Signaling	CORT	SSTR1	CORT	SSTR1	outgoing	TNK	0.0	0.0	1.0	1.0	False	False	0.0	other	False	False
GSE253013	GSE253013	CORT_SSTR2	SOMATOSTATIN	Secreted Signaling	CORT	SSTR2	CORT	SSTR2	outgoing	TNK	0.0	0.0	1.0	1.0	False	False	0.0	other	False	False
GSE253013	GSE253013	CORT_SSTR3	SOMATOSTATIN	Secreted Signaling	CORT	SSTR3	CORT	SSTR3	outgoing	TNK	0.0	0.0	1.0	1.0	False	False	0.0	other	False	False
GSE253013	GSE253013	CORT_SSTR4	SOMATOSTATIN	Secreted Signaling	CORT	SSTR4	CORT	SSTR4	outgoing	TNK	0.0	0.0	1.0	1.0	False	False	0.0	other	False	False
GSE253013	GSE253013	CORT_SSTR5	SOMATOSTATIN	Secreted Signaling	CORT	SSTR5	CORT	SSTR5	outgoing	TNK	0.0	0.0	1.0	1.0	False	False	0.0	other	False	False
GSE253013	GSE253013	TAC1_TACR1	TAC	Secreted Signaling	TAC1	TACR1	TAC1	TACR1	outgoing	TNK	0.0	0.0	1.0	1.0	False	False	0.0	other	False	False
GSE253013	GSE253013	TAC4_TACR1	TAC	Secreted Signaling	TAC4	TACR1	TAC4	TACR1	outgoing	TNK	0.0	0.0	1.0	1.0	False	False	0.0	other	False	False
GSE253013	GSE253013	TAC1_TACR2	TAC	Secreted Signaling	TAC1	TACR2	TAC1	TACR2	outgoing	TNK	0.0	0.0	1.0	1.0	False	False	0.0	other	False	False
GSE253013	GSE253013	TAC2_TACR3	TAC	Secreted Signaling	TAC3	TACR3	TAC3	TACR3	outgoing	TNK	0.0	0.0	1.0	1.0	False	False	0.0	other	False	False
GSE253013	GSE253013	UTS2_UTS2R	UTS2	Secreted Signaling	UTS2	UTS2R	UTS2	UTS2R	outgoing	TNK	0.0	0.0	1.0	1.0	False	False	0.0	other	False	False
GSE253013	GSE253013	AVP_AVPR2	AVP	Secreted Signaling	AVP	AVPR2	AVP	AVPR2	outgoing	TNK	0.0	0.0	1.0	1.0	False	False	0.0	other	False	False
GSE253013	GSE253013	AVP_AVPR1A	AVP	Secreted Signaling	AVP	AVPR1A	AVP	AVPR1A	outgoing	TNK	0.0	0.0	1.0	1.0	False	False	0.0	other	False	False
GSE253013	GSE253013	AVP_AVPR1B	AVP	Secreted Signaling	AVP	AVPR1B	AVP	AVPR1B	outgoing	TNK	0.0	0.0	1.0	1.0	False	False	0.0	other	False	False
GSE253013	GSE253013	PRLH_PRLHR	PRLH	Secreted Signaling	PRLH	PRLHR	PRLH	PRLHR	outgoing	TNK	0.0	0.0	1.0	1.0	False	False	0.0	other	False	False
GSE253013	GSE253013	PRSS3_F2R	PARs	Secreted Signaling	PRSS3	F2R	PRSS3	F2R	outgoing	TNK	0.0	0.0	1.0	1.0	False	False	0.0	other	False	False
GSE253013	GSE253013	CTSG_F2R	PARs	Secreted Signaling	CTSG	F2R	CTSG	F2R	outgoing	TNK	0.0	0.0	1.0	1.0	False	False	0.0	other	False	False
GSE253013	GSE253013	F2_F2R	PARs	Secreted Signaling	F2	F2R	F2	F2R	outgoing	TNK	0.0	0.0	1.0	1.0	False	False	0.0	other	False	False
GSE253013	GSE253013	PLG_F2R	PARs	Secreted Signaling	PLG	F2R	PLG	F2R	outgoing	TNK	0.0	0.0	1.0	1.0	False	False	0.0	other	False	False
GSE253013	GSE253013	GZMA_F2R	PARs	Secreted Signaling	GZMA	F2R	GZMA	F2R	outgoing	TNK	0.0	0.0	1.0	1.0	False	False	0.0	other	False	False
GSE253013	GSE253013	PRSS2_F2R	PARs	Secreted Signaling	PRSS2	F2R	PRSS2	F2R	outgoing	TNK	0.0	0.0	1.0	1.0	False	False	0.0	other	False	False
GSE253013	GSE253013	PRSS1_F2R	PARs	Secreted Signaling	PRSS1	F2R	PRSS1	F2R	outgoing	TNK	0.0	0.0	1.0	1.0	False	False	0.0	other	False	False
GSE253013	GSE253013	PRSS3_F2RL1	PARs	Secreted Signaling	PRSS3	F2RL1	PRSS3	F2RL1	outgoing	TNK	0.0	0.0	1.0	1.0	False	False	0.0	other	False	False
GSE253013	GSE253013	CTSG_F2RL1	PARs	Secreted Signaling	CTSG	F2RL1	CTSG	F2RL1	outgoing	TNK	0.0	0.0	1.0	1.0	False	False	0.0	other	False	False
GSE253013	GSE253013	F2_F2RL1	PARs	Secreted Signaling	F2	F2RL1	F2	F2RL1	outgoing	TNK	0.0	0.0	1.0	1.0	False	False	0.0	other	False	False
GSE253013	GSE253013	PLG_F2RL1	PARs	Secreted Signaling	PLG	F2RL1	PLG	F2RL1	outgoing	TNK	0.0	0.0	1.0	1.0	False	False	0.0	other	False	False
GSE253013	GSE253013	GZMA_F2RL1	PARs	Secreted Signaling	GZMA	F2RL1	GZMA	F2RL1	outgoing	TNK	0.0	0.0	1.0	1.0	False	False	0.0	other	False	False
GSE253013	GSE253013	PRSS2_F2RL1	PARs	Secreted Signaling	PRSS2	F2RL1	PRSS2	F2RL1	outgoing	TNK	0.0	0.0	1.0	1.0	False	False	0.0	other	False	False
GSE253013	GSE253013	PRSS1_F2RL1	PARs	Secreted Signaling	PRSS1	F2RL1	PRSS1	F2RL1	outgoing	TNK	0.0	0.0	1.0	1.0	False	False	0.0	other	False	False
GSE253013	GSE253013	PRSS3_F2RL2	PARs	Secreted Signaling	PRSS3	F2RL2	PRSS3	F2RL2	outgoing	TNK	0.0	0.0	1.0	1.0	False	False	0.0	other	False	False
GSE253013	GSE253013	CTSG_F2RL2	PARs	Secreted Signaling	CTSG	F2RL2	CTSG	F2RL2	outgoing	TNK	0.0	0.0	1.0	1.0	False	False	0.0	other	False	False
GSE253013	GSE253013	F2_F2RL2	PARs	Secreted Signaling	F2	F2RL2	F2	F2RL2	outgoing	TNK	0.0	0.0	1.0	1.0	False	False	0.0	other	False	False
GSE253013	GSE253013	PLG_F2RL2	PARs	Secreted Signaling	PLG	F2RL2	PLG	F2RL2	outgoing	TNK	0.0	0.0	1.0	1.0	False	False	0.0	other	False	False
GSE253013	GSE253013	GZMA_F2RL2	PARs	Secreted Signaling	GZMA	F2RL2	GZMA	F2RL2	outgoing	TNK	0.0	0.0	1.0	1.0	False	False	0.0	other	False	False
GSE253013	GSE253013	PRSS2_F2RL2	PARs	Secreted Signaling	PRSS2	F2RL2	PRSS2	F2RL2	outgoing	TNK	0.0	0.0	1.0	1.0	False	False	0.0	other	False	False
GSE253013	GSE253013	PRSS1_F2RL2	PARs	Secreted Signaling	PRSS1	F2RL2	PRSS1	F2RL2	outgoing	TNK	0.0	0.0	1.0	1.0	False	False	0.0	other	False	False
GSE253013	GSE253013	PRSS3_F2RL3	PARs	Secreted Signaling	PRSS3	F2RL3	PRSS3	F2RL3	outgoing	TNK	0.0	0.0	1.0	1.0	False	False	0.0	other	False	False
GSE253013	GSE253013	CTSG_F2RL3	PARs	Secreted Signaling	CTSG	F2RL3	CTSG	F2RL3	outgoing	TNK	0.0	0.0	1.0	1.0	False	False	0.0	other	False	False
GSE253013	GSE253013	F2_F2RL3	PARs	Secreted Signaling	F2	F2RL3	F2	F2RL3	outgoing	TNK	0.0	0.0	1.0	1.0	False	False	0.0	other	False	False
GSE253013	GSE253013	GZMA_F2RL3	PARs	Secreted Signaling	GZMA	F2RL3	GZMA	F2RL3	outgoing	TNK	0.0	0.0	1.0	1.0	False	False	0.0	other	False	False
GSE253013	GSE253013	PLG_F2RL3	PARs	Secreted Signaling	PLG	F2RL3	PLG	F2RL3	outgoing	TNK	0.0	0.0	1.0	1.0	False	False	0.0	other	False	False
GSE253013	GSE253013	PRSS2_F2RL3	PARs	Secreted Signaling	PRSS2	F2RL3	PRSS2	F2RL3	outgoing	TNK	0.0	0.0	1.0	1.0	False	False	0.0	other	False	False
GSE253013	GSE253013	PRSS1_F2RL3	PARs	Secreted Signaling	PRSS1	F2RL3	PRSS1	F2RL3	outgoing	TNK	0.0	0.0	1.0	1.0	False	False	0.0	other	False	False
GSE253013	GSE253013	PRSS3_PARD3	PARs	Secreted Signaling	PRSS3	PARD3	PRSS3	PARD3	outgoing	TNK	0.0	0.0	1.0	1.0	False	False	0.0	other	False	False
GSE253013	GSE253013	CTSG_PARD3	PARs	Secreted Signaling	CTSG	PARD3	CTSG	PARD3	outgoing	TNK	0.0	0.0	1.0	1.0	False	False	0.0	other	False	False
GSE253013	GSE253013	F2_PARD3	PARs	Secreted Signaling	F2	PARD3	F2	PARD3	outgoing	TNK	0.0	0.0	1.0	1.0	False	False	0.0	other	False	False
GSE253013	GSE253013	GZMA_PARD3	PARs	Secreted Signaling	GZMA	PARD3	GZMA	PARD3	outgoing	TNK	0.0	0.0	1.0	1.0	False	False	0.0	other	False	False
GSE253013	GSE253013	PLG_PARD3	PARs	Secreted Signaling	PLG	PARD3	PLG	PARD3	outgoing	TNK	0.0	0.0	1.0	1.0	False	False	0.0	other	False	False
GSE253013	GSE253013	PRSS2_PARD3	PARs	Secreted Signaling	PRSS2	PARD3	PRSS2	PARD3	outgoing	TNK	0.0	0.0	1.0	1.0	False	False	0.0	other	False	False
GSE253013	GSE253013	PRSS1_PARD3	PARs	Secreted Signaling	PRSS1	PARD3	PRSS1	PARD3	outgoing	TNK	0.0	0.0	1.0	1.0	False	False	0.0	other	False	False
GSE253013	GSE253013	PMCH_MCHR1	PMCH	Secreted Signaling	PMCH	MCHR1	PMCH	MCHR1	outgoing	TNK	0.0	0.0	1.0	1.0	False	False	0.0	other	False	False
GSE253013	GSE253013	PROK1_PROKR2	PROK	Secreted Signaling	PROK1	PROKR2	PROK1	PROKR2	outgoing	TNK	0.0	0.0	1.0	1.0	False	False	0.0	other	False	False
GSE253013	GSE253013	PROK1_PROKR1	PROK	Secreted Signaling	PROK1	PROKR1	PROK1	PROKR1	outgoing	TNK	0.0	0.0	1.0	1.0	False	False	0.0	other	False	False
GSE253013	GSE253013	PROK2_PROKR1	PROK	Secreted Signaling	PROK2	PROKR1	PROK2	PROKR1	outgoing	TNK	0.0	0.0	1.0	1.0	False	False	0.0	other	False	False
GSE253013	GSE253013	PROK2_PROKR2	PROK	Secreted Signaling	PROK2	PROKR2	PROK2	PROKR2	outgoing	TNK	0.0	0.0	1.0	1.0	False	False	0.0	other	False	False
GSE253013	GSE253013	ADCYAP1_ADCYAP1R1	PACAP	Secreted Signaling	ADCYAP1	ADCYAP1R1	ADCYAP1	ADCYAP1R1	outgoing	TNK	0.0	0.0	1.0	1.0	False	False	0.0	other	False	False
GSE253013	GSE253013	VIP_VIPR1	VIP	Secreted Signaling	VIP	VIPR1	VIP	VIPR1	outgoing	TNK	0.0	0.0	1.0	1.0	False	False	0.0	other	False	False
GSE253013	GSE253013	VIP_VIPR2	VIP	Secreted Signaling	VIP	VIPR2	VIP	VIPR2	outgoing	TNK	0.0	0.0	1.0	1.0	False	False	0.0	other	False	False
GSE253013	GSE253013	NPPA_NPR1	NPR1	Secreted Signaling	NPPA	NPR1	NPPA	NPR1	outgoing	TNK	0.0	0.0	1.0	1.0	False	False	0.0	other	False	False
GSE253013	GSE253013	NPPB_NPR1	NPR1	Secreted Signaling	NPPB	NPR1	NPPB	NPR1	outgoing	TNK	0.0	0.0	1.0	1.0	False	False	0.0	other	False	False
GSE253013	GSE253013	NPPC_NPR2	NPR2	Secreted Signaling	NPPC	NPR2	NPPC	NPR2	outgoing	TNK	0.0	0.0	1.0	1.0	False	False	0.0	other	False	False
GSE253013	GSE253013	KITL_KIT	KIT	Secreted Signaling	KITLG	KIT	KITLG	KIT	outgoing	TNK	0.0	0.0	1.0	1.0	False	False	0.0	other	False	False
GSE253013	GSE253013	GCG_GIPR	GIPR	Secreted Signaling	GCG	GIPR	GCG	GIPR	outgoing	TNK	0.0	0.0	1.0	1.0	False	False	0.0	other	False	False
GSE253013	GSE253013	GIP_GIPR	GIPR	Secreted Signaling	GIP	GIPR	GIP	GIPR	outgoing	TNK	0.0	0.0	1.0	1.0	False	False	0.0	other	False	False
GSE253013	GSE253013	FSHB_FSHR	FSH	Secreted Signaling	FSHB	FSHR	FSHB	FSHR	outgoing	TNK	0.0	0.0	1.0	1.0	False	False	0.0	other	False	False
GSE253013	GSE253013	CGA_FSHR	FSH	Secreted Signaling	CGA	FSHR	CGA	FSHR	outgoing	TNK	0.0	0.0	1.0	1.0	False	False	0.0	other	False	False
GSE253013	GSE253013	LHB_LHCGR	LHB	Secreted Signaling	LHB	LHCGR	LHB	LHCGR	outgoing	TNK	0.0	0.0	1.0	1.0	False	False	0.0	other	False	False
GSE253013	GSE253013	CGA_LHCGR	LHB	Secreted Signaling	CGA	LHCGR	CGA	LHCGR	outgoing	TNK	0.0	0.0	1.0	1.0	False	False	0.0	other	False	False
GSE253013	GSE253013	TSHB_TSHR	TSH	Secreted Signaling	TSHB	TSHR	TSHB	TSHR	outgoing	TNK	0.0	0.0	1.0	1.0	False	False	0.0	other	False	False
GSE253013	GSE253013	CGA_TSHR	TSH	Secreted Signaling	CGA	TSHR	CGA	TSHR	outgoing	TNK	0.0	0.0	1.0	1.0	False	False	0.0	other	False	False
GSE253013	GSE253013	BDNF_NTRK2	NT	Secreted Signaling	BDNF	NTRK2	BDNF	NTRK2	outgoing	TNK	0.0	0.0	1.0	1.0	False	False	0.0	other	False	False
GSE253013	GSE253013	NGF_NTRK1	NT	Secreted Signaling	NGF	NTRK1	NGF	NTRK1	outgoing	TNK	0.0	0.0	1.0	1.0	False	False	0.0	other	False	False
GSE253013	GSE253013	FLT3L_FLT3	FLT3	Secreted Signaling	FLT3LG	FLT3	FLT3LG	FLT3	outgoing	TNK	0.0	0.0	1.0	1.0	False	False	0.0	other	False	False
GSE253013	GSE253013	HGF_MET	HGF	Secreted Signaling	HGF	MET	HGF	MET	outgoing	TNK	0.0	0.0	1.0	1.0	False	False	0.0	other	False	False
GSE253013	GSE253013	KLK3_NTRK1	NT	Secreted Signaling	KLK3	NTRK1	KLK3	NTRK1	outgoing	TNK	0.0	0.0	1.0	1.0	False	False	0.0	other	False	False
GSE253013	GSE253013	NTF3_NTRK1	NT	Secreted Signaling	NTF3	NTRK1	NTF3	NTRK1	outgoing	TNK	0.0	0.0	1.0	1.0	False	False	0.0	other	False	False
GSE253013	GSE253013	NTF3_NTRK2	NT	Secreted Signaling	NTF3	NTRK2	NTF3	NTRK2	outgoing	TNK	0.0	0.0	1.0	1.0	False	False	0.0	other	False	False
GSE253013	GSE253013	NTF3_NTRK3	NT	Secreted Signaling	NTF3	NTRK3	NTF3	NTRK3	outgoing	TNK	0.0	0.0	1.0	1.0	False	False	0.0	other	False	False
GSE253013	GSE253013	NTF5_NTRK2	NT	Secreted Signaling	NTF4	NTRK2	NTF4	NTRK2	outgoing	TNK	0.0	0.0	1.0	1.0	False	False	0.0	other	False	False
GSE253013	GSE253013	SEMA3C_PLXND1	SEMA3	Secreted Signaling	SEMA3C	PLXND1	SEMA3C	PLXND1	outgoing	TNK	0.0	0.0	1.0	1.0	False	False	0.0	other	False	False
GSE253013	GSE253013	SEMA3E_PLXND1	SEMA3	Secreted Signaling	SEMA3E	PLXND1	SEMA3E	PLXND1	outgoing	TNK	0.0	0.0	1.0	1.0	False	False	0.0	other	False	False
GSE253013	GSE253013	ADM_CALCR	CALCR	Secreted Signaling	ADM	CALCR	ADM	CALCR	outgoing	TNK	0.0	0.0	1.0	1.0	False	False	0.0	other	False	False
GSE253013	GSE253013	ADM_CALCRL	CALCR	Secreted Signaling	ADM	CALCRL	ADM	CALCRL	outgoing	TNK	0.0	0.0	1.0	1.0	False	False	0.0	other	False	False
GSE253013	GSE253013	AGT_MAS1	AGT	Secreted Signaling	AGT	MAS1	AGT	MAS1	outgoing	TNK	0.0	0.0	1.0	1.0	False	False	0.0	other	False	False
GSE253013	GSE253013	ANXA1_FPR2	ANNEXIN	Secreted Signaling	ANXA1	FPR2	ANXA1	FPR2	outgoing	TNK	0.0	0.0	1.0	1.0	False	False	0.0	other	False	False
GSE253013	GSE253013	ANXA1_FPR1	ANNEXIN	Secreted Signaling	ANXA1	FPR1	ANXA1	FPR1	outgoing	TNK	0.0	0.0	1.0	1.0	False	False	0.0	other	False	False
GSE253013	GSE253013	APELA_APLNR	APJ	Secreted Signaling	APELA	APLNR	APELA	APLNR	outgoing	TNK	0.0	0.0	1.0	1.0	False	False	0.0	other	False	False
GSE253013	GSE253013	CALCA_CALCR	CALCR	Secreted Signaling	CALCA	CALCR	CALCA	CALCR	outgoing	TNK	0.0	0.0	1.0	1.0	False	False	0.0	other	False	False
GSE253013	GSE253013	CALCA_CALCRL	CALCR	Secreted Signaling	CALCA	CALCRL	CALCA	CALCRL	outgoing	TNK	0.0	0.0	1.0	1.0	False	False	0.0	other	False	False
GSE253013	GSE253013	CALCB_CALCR	CALCR	Secreted Signaling	CALCB	CALCR	CALCB	CALCR	outgoing	TNK	0.0	0.0	1.0	1.0	False	False	0.0	other	False	False
GSE253013	GSE253013	CALCB_CALCRL	CALCR	Secreted Signaling	CALCB	CALCRL	CALCB	CALCRL	outgoing	TNK	0.0	0.0	1.0	1.0	False	False	0.0	other	False	False
GSE253013	GSE253013	CRH_CRHR1	CRH	Secreted Signaling	CRH	CRHR1	CRH	CRHR1	outgoing	TNK	0.0	0.0	1.0	1.0	False	False	0.0	other	False	False
GSE253013	GSE253013	CRH_CRHR2	CRH	Secreted Signaling	CRH	CRHR2	CRH	CRHR2	outgoing	TNK	0.0	0.0	1.0	1.0	False	False	0.0	other	False	False
GSE253013	GSE253013	ENHO_GPR19	ENHO	Secreted Signaling	ENHO	GPR19	ENHO	GPR19	outgoing	TNK	0.0	0.0	1.0	1.0	False	False	0.0	other	False	False
GSE253013	GSE253013	GAS6_AXL	GAS	Secreted Signaling	GAS6	AXL	GAS6	AXL	outgoing	TNK	0.0	0.0	1.0	1.0	False	False	0.0	other	False	False
GSE253013	GSE253013	GAS6_MERTK	GAS	Secreted Signaling	GAS6	MERTK	GAS6	MERTK	outgoing	TNK	0.0	0.0	1.0	1.0	False	False	0.0	other	False	False
GSE253013	GSE253013	GAS6_TYRO3	GAS	Secreted Signaling	GAS6	TYRO3	GAS6	TYRO3	outgoing	TNK	0.0	0.0	1.0	1.0	False	False	0.0	other	False	False
GSE253013	GSE253013	GCG_GCGR	GCG	Secreted Signaling	GCG	GCGR	GCG	GCGR	outgoing	TNK	0.0	0.0	1.0	1.0	False	False	0.0	other	False	False
GSE253013	GSE253013	GCG_GLP1R	GCG	Secreted Signaling	GCG	GLP1R	GCG	GLP1R	outgoing	TNK	0.0	0.0	1.0	1.0	False	False	0.0	other	False	False
GSE253013	GSE253013	GCG_GLP2R	GCG	Secreted Signaling	GCG	GLP2R	GCG	GLP2R	outgoing	TNK	0.0	0.0	1.0	1.0	False	False	0.0	other	False	False
GSE253013	GSE253013	GH_PRLR	GH	Secreted Signaling	GH1	PRLR	GH1	PRLR	outgoing	TNK	0.0	0.0	1.0	1.0	False	False	0.0	other	False	False
GSE253013	GSE253013	GHRH_VIPR1	GHRH	Secreted Signaling	GHRH	VIPR1	GHRH	VIPR1	outgoing	TNK	0.0	0.0	1.0	1.0	False	False	0.0	other	False	False
GSE253013	GSE253013	GHRH_VIPR2	GHRH	Secreted Signaling	GHRH	VIPR2	GHRH	VIPR2	outgoing	TNK	0.0	0.0	1.0	1.0	False	False	0.0	other	False	False
GSE253013	GSE253013	GHRH_GHSR	GHRH	Secreted Signaling	GHRH	GHSR	GHRH	GHSR	outgoing	TNK	0.0	0.0	1.0	1.0	False	False	0.0	other	False	False
GSE253013	GSE253013	GHRH_GHRHR	GHRH	Secreted Signaling	GHRH	GHRHR	GHRH	GHRHR	outgoing	TNK	0.0	0.0	1.0	1.0	False	False	0.0	other	False	False
GSE253013	GSE253013	GNRH1_GNRHR	GNRH	Secreted Signaling	GNRH1	GNRHR	GNRH1	GNRHR	outgoing	TNK	0.0	0.0	1.0	1.0	False	False	0.0	other	False	False
GSE253013	GSE253013	GRN_SORT1	GRN	Secreted Signaling	GRN	SORT1	GRN	SORT1	outgoing	TNK	0.0	0.0	1.0	1.0	False	False	0.0	other	False	False
GSE253013	GSE253013	GUCA2A_GUCY2C	GUCA	Secreted Signaling	GUCA2A	GUCY2C	GUCA2A	GUCY2C	outgoing	TNK	0.0	0.0	1.0	1.0	False	False	0.0	other	False	False
GSE253013	GSE253013	GUCA2B_GUCY2C	GUCA	Secreted Signaling	GUCA2B	GUCY2C	GUCA2B	GUCY2C	outgoing	TNK	0.0	0.0	1.0	1.0	False	False	0.0	other	False	False
GSE253013	GSE253013	IAPP_CALCR	CALCR	Secreted Signaling	IAPP	CALCR	IAPP	CALCR	outgoing	TNK	0.0	0.0	1.0	1.0	False	False	0.0	other	False	False
GSE253013	GSE253013	IAPP_CALCRL	CALCR	Secreted Signaling	IAPP	CALCRL	IAPP	CALCRL	outgoing	TNK	0.0	0.0	1.0	1.0	False	False	0.0	other	False	False
GSE253013	GSE253013	INSL3_RXFP2	RLN	Secreted Signaling	INSL3	RXFP2	INSL3	RXFP2	outgoing	TNK	0.0	0.0	1.0	1.0	False	False	0.0	other	False	False
GSE253013	GSE253013	INSL3_RXFP1	RLN	Secreted Signaling	INSL3	RXFP1	INSL3	RXFP1	outgoing	TNK	0.0	0.0	1.0	1.0	False	False	0.0	other	False	False
GSE253013	GSE253013	INSL3_RXFP4	RLN	Secreted Signaling	INSL3	RXFP4	INSL3	RXFP4	outgoing	TNK	0.0	0.0	1.0	1.0	False	False	0.0	other	False	False
GSE253013	GSE253013	INSL3_RXFP3	RLN	Secreted Signaling	INSL3	RXFP3	INSL3	RXFP3	outgoing	TNK	0.0	0.0	1.0	1.0	False	False	0.0	other	False	False
GSE253013	GSE253013	INSL5_RXFP4	RLN	Secreted Signaling	INSL5	RXFP4	INSL5	RXFP4	outgoing	TNK	0.0	0.0	1.0	1.0	False	False	0.0	other	False	False
GSE253013	GSE253013	INSL5_RXFP3	RLN	Secreted Signaling	INSL5	RXFP3	INSL5	RXFP3	outgoing	TNK	0.0	0.0	1.0	1.0	False	False	0.0	other	False	False
GSE253013	GSE253013	INSL5_RXFP2	RLN	Secreted Signaling	INSL5	RXFP2	INSL5	RXFP2	outgoing	TNK	0.0	0.0	1.0	1.0	False	False	0.0	other	False	False
GSE253013	GSE253013	INSL5_RXFP1	RLN	Secreted Signaling	INSL5	RXFP1	INSL5	RXFP1	outgoing	TNK	0.0	0.0	1.0	1.0	False	False	0.0	other	False	False
GSE253013	GSE253013	LEP_LEPR	LEP	Secreted Signaling	LEP	LEPR	LEP	LEPR	outgoing	TNK	0.0	0.0	1.0	1.0	False	False	0.0	other	False	False
GSE253013	GSE253013	LGALS9_CD45	GALECTIN	Secreted Signaling	LGALS9	PTPRC	LGALS9	PTPRC	outgoing	TNK	0.4737576410189583	0.3143312330616503	0.009900990099009901	1.0	True	False	0.159426407957308	inhibitory	True	True
GSE253013	GSE253013	NPS_NPSR1	NPS	Secreted Signaling	NPS	NPSR1	NPS	NPSR1	outgoing	TNK	0.0	0.0	1.0	1.0	False	False	0.0	other	False	False
GSE253013	GSE253013	NPVF_NPFFR1	NPVF	Secreted Signaling	NPVF	NPFFR1	NPVF	NPFFR1	outgoing	TNK	0.0	0.0	1.0	1.0	False	False	0.0	other	False	False
GSE253013	GSE253013	NPVF_NPFFR2	NPVF	Secreted Signaling	NPVF	NPFFR2	NPVF	NPFFR2	outgoing	TNK	0.0	0.0	1.0	1.0	False	False	0.0	other	False	False
GSE253013	GSE253013	OSTN_NPR3	OSTN	Secreted Signaling	OSTN	NPR3	OSTN	NPR3	outgoing	TNK	0.0	0.0	1.0	1.0	False	False	0.0	other	False	False
GSE253013	GSE253013	PMCH_MERTK	PMCH	Secreted Signaling	PMCH	MERTK	PMCH	MERTK	outgoing	TNK	0.0	0.0	1.0	1.0	False	False	0.0	other	False	False
GSE253013	GSE253013	PROS1_AXL	PROS	Secreted Signaling	PROS1	AXL	PROS1	AXL	outgoing	TNK	0.0	0.0	1.0	1.0	False	False	0.0	other	False	False
GSE253013	GSE253013	PROS1_TYRO3	PROS	Secreted Signaling	PROS1	TYRO3	PROS1	TYRO3	outgoing	TNK	0.0	0.0	1.0	1.0	False	False	0.0	other	False	False
GSE253013	GSE253013	PSAP_GPR37L1	PSAP	Secreted Signaling	PSAP	GPR37L1	PSAP	GPR37L1	outgoing	TNK	0.0	0.0	1.0	1.0	False	False	0.0	other	False	False
GSE253013	GSE253013	PSAP_GPR37	PSAP	Secreted Signaling	PSAP	GPR37	PSAP	GPR37	outgoing	TNK	0.0	0.0	1.0	1.0	False	False	0.0	other	False	False
GSE253013	GSE253013	PTH_PTH1R	PTH	Secreted Signaling	PTH	PTH1R	PTH	PTH1R	outgoing	TNK	0.0	0.0	1.0	1.0	False	False	0.0	other	False	False
GSE253013	GSE253013	PTH_PTH2R	PTH	Secreted Signaling	PTH	PTH2R	PTH	PTH2R	outgoing	TNK	0.0	0.0	1.0	1.0	False	False	0.0	other	False	False
GSE253013	GSE253013	PTH2_PTH1R	PTH	Secreted Signaling	PTH2	PTH1R	PTH2	PTH1R	outgoing	TNK	0.0	0.0	1.0	1.0	False	False	0.0	other	False	False
GSE253013	GSE253013	PTH2_PTH2R	PTH	Secreted Signaling	PTH2	PTH2R	PTH2	PTH2R	outgoing	TNK	0.0	0.0	1.0	1.0	False	False	0.0	other	False	False
GSE253013	GSE253013	PTHLH_PTH1R	PTH	Secreted Signaling	PTHLH	PTH1R	PTHLH	PTH1R	outgoing	TNK	0.0	0.0	1.0	1.0	False	False	0.0	other	False	False
GSE253013	GSE253013	QRFP_QRFPR	QRFP	Secreted Signaling	QRFP	QRFPR	QRFP	QRFPR	outgoing	TNK	0.0	0.0	1.0	1.0	False	False	0.0	other	False	False
GSE253013	GSE253013	RARRES2_GPR1	CHEMERIN	Secreted Signaling	RARRES2	GPR1	RARRES2	GPR1	outgoing	TNK	0.0	0.0	1.0	1.0	False	False	0.0	other	False	False
GSE253013	GSE253013	RARRES2_CMKLR1	CHEMERIN	Secreted Signaling	RARRES2	CMKLR1	RARRES2	CMKLR1	outgoing	TNK	0.0	0.0	1.0	1.0	False	False	0.0	other	False	False
GSE253013	GSE253013	RLN1_RXFP2	RLN	Secreted Signaling	RLN1	RXFP2	RLN1	RXFP2	outgoing	TNK	0.0	0.0	1.0	1.0	False	False	0.0	other	False	False
GSE253013	GSE253013	RLN1_RXFP1	RLN	Secreted Signaling	RLN1	RXFP1	RLN1	RXFP1	outgoing	TNK	0.0	0.0	1.0	1.0	False	False	0.0	other	False	False
GSE253013	GSE253013	RLN1_RXFP3	RLN	Secreted Signaling	RLN1	RXFP3	RLN1	RXFP3	outgoing	TNK	0.0	0.0	1.0	1.0	False	False	0.0	other	False	False
GSE253013	GSE253013	RLN1_RXFP4	RLN	Secreted Signaling	RLN1	RXFP4	RLN1	RXFP4	outgoing	TNK	0.0	0.0	1.0	1.0	False	False	0.0	other	False	False
GSE253013	GSE253013	RLN3_RXFP3	RLN	Secreted Signaling	RLN3	RXFP3	RLN3	RXFP3	outgoing	TNK	0.0	0.0	1.0	1.0	False	False	0.0	other	False	False
GSE253013	GSE253013	RLN3_RXFP1	RLN	Secreted Signaling	RLN3	RXFP1	RLN3	RXFP1	outgoing	TNK	0.0	0.0	1.0	1.0	False	False	0.0	other	False	False
GSE253013	GSE253013	RLN3_RXFP4	RLN	Secreted Signaling	RLN3	RXFP4	RLN3	RXFP4	outgoing	TNK	0.0	0.0	1.0	1.0	False	False	0.0	other	False	False
GSE253013	GSE253013	RLN3_RXFP2	RLN	Secreted Signaling	RLN3	RXFP2	RLN3	RXFP2	outgoing	TNK	0.0	0.0	1.0	1.0	False	False	0.0	other	False	False
GSE253013	GSE253013	SAA1_FPR2	SAA	Secreted Signaling	SAA1	FPR2	SAA1	FPR2	outgoing	TNK	0.0	0.0	1.0	1.0	False	False	0.0	other	False	False
GSE253013	GSE253013	SCGB3A2_MARCO	UGRP1	Secreted Signaling	SCGB3A2	MARCO	SCGB3A2	MARCO	outgoing	TNK	0.0	0.0	1.0	1.0	False	False	0.0	other	False	False
GSE253013	GSE253013	SCT_SCTR	SCT	Secreted Signaling	SCT	SCTR	SCT	SCTR	outgoing	TNK	0.0	0.0	1.0	1.0	False	False	0.0	other	False	False
GSE253013	GSE253013	SLURP1_CHRNB1	SLURP	Secreted Signaling	SLURP1	CHRNB1	SLURP1	CHRNB1	outgoing	TNK	0.0	0.0	1.0	1.0	False	False	0.0	other	False	False
GSE253013	GSE253013	SLURP1_CHRNB2	SLURP	Secreted Signaling	SLURP1	CHRNB2	SLURP1	CHRNB2	outgoing	TNK	0.0	0.0	1.0	1.0	False	False	0.0	other	False	False
GSE253013	GSE253013	SLURP1_CHRNB3	SLURP	Secreted Signaling	SLURP1	CHRNB3	SLURP1	CHRNB3	outgoing	TNK	0.0	0.0	1.0	1.0	False	False	0.0	other	False	False
GSE253013	GSE253013	SLURP1_CHRNB4	SLURP	Secreted Signaling	SLURP1	CHRNB4	SLURP1	CHRNB4	outgoing	TNK	0.0	0.0	1.0	1.0	False	False	0.0	other	False	False
GSE253013	GSE253013	SLURP1_CHRNA1	SLURP	Secreted Signaling	SLURP1	CHRNA1	SLURP1	CHRNA1	outgoing	TNK	0.0	0.0	1.0	1.0	False	False	0.0	other	False	False
GSE253013	GSE253013	SLURP1_CHRNA2	SLURP	Secreted Signaling	SLURP1	CHRNA2	SLURP1	CHRNA2	outgoing	TNK	0.0	0.0	1.0	1.0	False	False	0.0	other	False	False
GSE253013	GSE253013	SLURP1_CHRNA3	SLURP	Secreted Signaling	SLURP1	CHRNA3	SLURP1	CHRNA3	outgoing	TNK	0.0	0.0	1.0	1.0	False	False	0.0	other	False	False
GSE253013	GSE253013	SLURP1_CHRNA4	SLURP	Secreted Signaling	SLURP1	CHRNA4	SLURP1	CHRNA4	outgoing	TNK	0.0	0.0	1.0	1.0	False	False	0.0	other	False	False
GSE253013	GSE253013	SLURP1_CHRNA5	SLURP	Secreted Signaling	SLURP1	CHRNA5	SLURP1	CHRNA5	outgoing	TNK	0.0	0.0	1.0	1.0	False	False	0.0	other	False	False
GSE253013	GSE253013	SLURP1_CHRNA6	SLURP	Secreted Signaling	SLURP1	CHRNA6	SLURP1	CHRNA6	outgoing	TNK	0.0	0.0	1.0	1.0	False	False	0.0	other	False	False
GSE253013	GSE253013	SLURP1_CHRNA9	SLURP	Secreted Signaling	SLURP1	CHRNA9	SLURP1	CHRNA9	outgoing	TNK	0.0	0.0	1.0	1.0	False	False	0.0	other	False	False
GSE253013	GSE253013	SLURP1_CHRNA10	SLURP	Secreted Signaling	SLURP1	CHRNA10	SLURP1	CHRNA10	outgoing	TNK	0.0	0.0	1.0	1.0	False	False	0.0	other	False	False
GSE253013	GSE253013	SLURP1_CHRND	SLURP	Secreted Signaling	SLURP1	CHRND	SLURP1	CHRND	outgoing	TNK	0.0	0.0	1.0	1.0	False	False	0.0	other	False	False
GSE253013	GSE253013	SLURP1_CHRNE	SLURP	Secreted Signaling	SLURP1	CHRNE	SLURP1	CHRNE	outgoing	TNK	0.0	0.0	1.0	1.0	False	False	0.0	other	False	False
GSE253013	GSE253013	SLURP1_CHRNG	SLURP	Secreted Signaling	SLURP1	CHRNG	SLURP1	CHRNG	outgoing	TNK	0.0	0.0	1.0	1.0	False	False	0.0	other	False	False
GSE253013	GSE253013	SLURP1_CHRNA7	SLURP	Secreted Signaling	SLURP1	CHRNA7	SLURP1	CHRNA7	outgoing	TNK	0.0	0.0	1.0	1.0	False	False	0.0	other	False	False
GSE253013	GSE253013	SLURP2_CHRNB1	SLURP	Secreted Signaling	SLURP2	CHRNB1	SLURP2	CHRNB1	outgoing	TNK	0.0	0.0	1.0	1.0	False	False	0.0	other	False	False
GSE253013	GSE253013	SLURP2_CHRNB2	SLURP	Secreted Signaling	SLURP2	CHRNB2	SLURP2	CHRNB2	outgoing	TNK	0.0	0.0	1.0	1.0	False	False	0.0	other	False	False
GSE253013	GSE253013	SLURP2_CHRNB3	SLURP	Secreted Signaling	SLURP2	CHRNB3	SLURP2	CHRNB3	outgoing	TNK	0.0	0.0	1.0	1.0	False	False	0.0	other	False	False
GSE253013	GSE253013	SLURP2_CHRNB4	SLURP	Secreted Signaling	SLURP2	CHRNB4	SLURP2	CHRNB4	outgoing	TNK	0.0	0.0	1.0	1.0	False	False	0.0	other	False	False
GSE253013	GSE253013	SLURP2_CHRNA1	SLURP	Secreted Signaling	SLURP2	CHRNA1	SLURP2	CHRNA1	outgoing	TNK	0.0	0.0	1.0	1.0	False	False	0.0	other	False	False
GSE253013	GSE253013	SLURP2_CHRNA2	SLURP	Secreted Signaling	SLURP2	CHRNA2	SLURP2	CHRNA2	outgoing	TNK	0.0	0.0	1.0	1.0	False	False	0.0	other	False	False
GSE253013	GSE253013	SLURP2_CHRNA3	SLURP	Secreted Signaling	SLURP2	CHRNA3	SLURP2	CHRNA3	outgoing	TNK	0.0	0.0	1.0	1.0	False	False	0.0	other	False	False
GSE253013	GSE253013	SLURP2_CHRNA4	SLURP	Secreted Signaling	SLURP2	CHRNA4	SLURP2	CHRNA4	outgoing	TNK	0.0	0.0	1.0	1.0	False	False	0.0	other	False	False
GSE253013	GSE253013	SLURP2_CHRNA5	SLURP	Secreted Signaling	SLURP2	CHRNA5	SLURP2	CHRNA5	outgoing	TNK	0.0	0.0	1.0	1.0	False	False	0.0	other	False	False
GSE253013	GSE253013	SLURP2_CHRNA6	SLURP	Secreted Signaling	SLURP2	CHRNA6	SLURP2	CHRNA6	outgoing	TNK	0.0	0.0	1.0	1.0	False	False	0.0	other	False	False
GSE253013	GSE253013	SLURP2_CHRNA7	SLURP	Secreted Signaling	SLURP2	CHRNA7	SLURP2	CHRNA7	outgoing	TNK	0.0	0.0	1.0	1.0	False	False	0.0	other	False	False
GSE253013	GSE253013	SLURP2_CHRNA9	SLURP	Secreted Signaling	SLURP2	CHRNA9	SLURP2	CHRNA9	outgoing	TNK	0.0	0.0	1.0	1.0	False	False	0.0	other	False	False
GSE253013	GSE253013	SLURP2_CHRNA10	SLURP	Secreted Signaling	SLURP2	CHRNA10	SLURP2	CHRNA10	outgoing	TNK	0.0	0.0	1.0	1.0	False	False	0.0	other	False	False
GSE253013	GSE253013	SLURP2_CHRND	SLURP	Secreted Signaling	SLURP2	CHRND	SLURP2	CHRND	outgoing	TNK	0.0	0.0	1.0	1.0	False	False	0.0	other	False	False
GSE253013	GSE253013	SLURP2_CHRNE	SLURP	Secreted Signaling	SLURP2	CHRNE	SLURP2	CHRNE	outgoing	TNK	0.0	0.0	1.0	1.0	False	False	0.0	other	False	False
GSE253013	GSE253013	SLURP2_CHRNG	SLURP	Secreted Signaling	SLURP2	CHRNG	SLURP2	CHRNG	outgoing	TNK	0.0	0.0	1.0	1.0	False	False	0.0	other	False	False
GSE253013	GSE253013	BTLA_TNFRSF14	BTLA	Secreted Signaling	BTLA	TNFRSF14	BTLA	TNFRSF14	outgoing	TNK	0.0	0.0	1.0	1.0	False	False	0.0	other	False	False
GSE253013	GSE253013	TRH_TRHR	TRH	Secreted Signaling	TRH	TRHR	TRH	TRHR	outgoing	TNK	0.0	0.0	1.0	1.0	False	False	0.0	other	False	False
GSE253013	GSE253013	UCN_CRHR1	UCN	Secreted Signaling	UCN	CRHR1	UCN	CRHR1	outgoing	TNK	0.0	0.0	1.0	1.0	False	False	0.0	other	False	False
GSE253013	GSE253013	UCN_CRHR2	UCN	Secreted Signaling	UCN	CRHR2	UCN	CRHR2	outgoing	TNK	0.0	0.0	1.0	1.0	False	False	0.0	other	False	False
GSE253013	GSE253013	UCN2_CRHR1	UCN	Secreted Signaling	UCN2	CRHR1	UCN2	CRHR1	outgoing	TNK	0.0	0.0	1.0	1.0	False	False	0.0	other	False	False
GSE253013	GSE253013	UCN2_CRHR2	UCN	Secreted Signaling	UCN2	CRHR2	UCN2	CRHR2	outgoing	TNK	0.0	0.0	1.0	1.0	False	False	0.0	other	False	False
GSE253013	GSE253013	UCN3_CRHR1	UCN	Secreted Signaling	UCN3	CRHR1	UCN3	CRHR1	outgoing	TNK	0.0	0.0	1.0	1.0	False	False	0.0	other	False	False
GSE253013	GSE253013	UCN3_CRHR2	UCN	Secreted Signaling	UCN3	CRHR2	UCN3	CRHR2	outgoing	TNK	0.0	0.0	1.0	1.0	False	False	0.0	other	False	False
GSE253013	GSE253013	UTS2B_UTS2R	UROTENSIN	Secreted Signaling	UTS2B	UTS2R	UTS2B	UTS2R	outgoing	TNK	0.0	0.0	1.0	1.0	False	False	0.0	other	False	False
GSE253013	GSE253013	UTS2B_SSTR5	UROTENSIN	Secreted Signaling	UTS2B	SSTR5	UTS2B	SSTR5	outgoing	TNK	0.0	0.0	1.0	1.0	False	False	0.0	other	False	False
GSE253013	GSE253013	BAG6_NCR3-PS	BAG	Secreted Signaling	BAG6	NCR3	BAG6	NCR3	outgoing	TNK	0.0	0.0	1.0	1.0	False	False	0.0	other	False	False
GSE253013	GSE253013	LGALS9_HAVCR2	GALECTIN	Secreted Signaling	LGALS9	HAVCR2	LGALS9	HAVCR2	outgoing	TNK	0.0	0.0	1.0	1.0	False	False	0.0	inhibitory	False	False
GSE253013	GSE253013	LGALS9_CD44	GALECTIN	Secreted Signaling	LGALS9	CD44	LGALS9	CD44	outgoing	TNK	0.38247850235269015	0.23977329630169267	0.009900990099009901	1.0	True	False	0.14270520605099749	inhibitory	True	True
GSE253013	GSE253013	FN1_CD44	FN1	ECM-Receptor	FN1	CD44	FN1	CD44	outgoing	TNK	0.0	0.09153057756242748	1.0	0.009900990099009901	False	True	-0.09153057756242748	other	True	True
GSE253013	GSE253013	COL1A1_CD44	COLLAGEN	ECM-Receptor	COL1A1	CD44	COL1A1	CD44	outgoing	TNK	0.0	0.09594524028263958	1.0	0.009900990099009901	False	True	-0.09594524028263958	other	True	True
GSE253013	GSE253013	COL1A2_CD44	COLLAGEN	ECM-Receptor	COL1A2	CD44	COL1A2	CD44	outgoing	TNK	0.0	0.006447468842680881	1.0	0.009900990099009901	False	True	-0.006447468842680881	other	True	True
GSE253013	GSE253013	COL2A1_CD44	COLLAGEN	ECM-Receptor	COL2A1	CD44	COL2A1	CD44	outgoing	TNK	0.0	0.0	1.0	1.0	False	False	0.0	other	False	False
GSE253013	GSE253013	COL4A1_CD44	COLLAGEN	ECM-Receptor	COL4A1	CD44	COL4A1	CD44	outgoing	TNK	0.0	0.0	1.0	1.0	False	False	0.0	other	False	False
GSE253013	GSE253013	COL4A2_CD44	COLLAGEN	ECM-Receptor	COL4A2	CD44	COL4A2	CD44	outgoing	TNK	0.0	0.0	1.0	1.0	False	False	0.0	other	False	False
GSE253013	GSE253013	COL4A3_CD44	COLLAGEN	ECM-Receptor	COL4A3	CD44	COL4A3	CD44	outgoing	TNK	0.0	0.0	1.0	1.0	False	False	0.0	other	False	False
GSE253013	GSE253013	COL4A4_CD44	COLLAGEN	ECM-Receptor	COL4A4	CD44	COL4A4	CD44	outgoing	TNK	0.0	0.0	1.0	1.0	False	False	0.0	other	False	False
GSE253013	GSE253013	COL4A5_CD44	COLLAGEN	ECM-Receptor	COL4A5	CD44	COL4A5	CD44	outgoing	TNK	0.0	0.0	1.0	1.0	False	False	0.0	other	False	False
GSE253013	GSE253013	COL4A6_CD44	COLLAGEN	ECM-Receptor	COL4A6	CD44	COL4A6	CD44	outgoing	TNK	0.0	0.0	1.0	1.0	False	False	0.0	other	False	False
GSE253013	GSE253013	COL6A1_CD44	COLLAGEN	ECM-Receptor	COL6A1	CD44	COL6A1	CD44	outgoing	TNK	0.4790975996062704	0.23531978819232524	0.009900990099009901	1.0	True	False	0.24377781141394517	other	True	True
GSE253013	GSE253013	COL6A2_CD44	COLLAGEN	ECM-Receptor	COL6A2	CD44	COL6A2	CD44	outgoing	TNK	0.0	0.0	1.0	1.0	False	False	0.0	other	False	False
GSE253013	GSE253013	COL6A3_CD44	COLLAGEN	ECM-Receptor	COL6A3	CD44	COL6A3	CD44	outgoing	TNK	0.0	0.0	1.0	1.0	False	False	0.0	other	False	False
GSE253013	GSE253013	COL6A5_CD44	COLLAGEN	ECM-Receptor	COL6A5	CD44	COL6A5	CD44	outgoing	TNK	0.0	0.0	1.0	1.0	False	False	0.0	other	False	False
GSE253013	GSE253013	COL6A6_CD44	COLLAGEN	ECM-Receptor	COL6A6	CD44	COL6A6	CD44	outgoing	TNK	0.0	0.0	1.0	1.0	False	False	0.0	other	False	False
GSE253013	GSE253013	COL9A1_CD44	COLLAGEN	ECM-Receptor	COL9A1	CD44	COL9A1	CD44	outgoing	TNK	0.0	0.0	1.0	1.0	False	False	0.0	other	False	False
GSE253013	GSE253013	COL9A2_CD44	COLLAGEN	ECM-Receptor	COL9A2	CD44	COL9A2	CD44	outgoing	TNK	0.11603969801683069	0.03690308434318481	0.009900990099009901	1.0	True	False	0.07913661367364588	other	True	True
GSE253013	GSE253013	COL9A3_CD44	COLLAGEN	ECM-Receptor	COL9A3	CD44	COL9A3	CD44	outgoing	TNK	0.0	0.0	1.0	1.0	False	False	0.0	other	False	False
GSE253013	GSE253013	LAMA1_CD44	LAMININ	ECM-Receptor	LAMA1	CD44	LAMA1	CD44	outgoing	TNK	0.0	0.0	1.0	1.0	False	False	0.0	other	False	False
GSE253013	GSE253013	LAMA2_CD44	LAMININ	ECM-Receptor	LAMA2	CD44	LAMA2	CD44	outgoing	TNK	0.0	0.0	1.0	1.0	False	False	0.0	other	False	False
GSE253013	GSE253013	LAMA3_CD44	LAMININ	ECM-Receptor	LAMA3	CD44	LAMA3	CD44	outgoing	TNK	0.0	0.0	1.0	1.0	False	False	0.0	other	False	False
GSE253013	GSE253013	LAMA4_CD44	LAMININ	ECM-Receptor	LAMA4	CD44	LAMA4	CD44	outgoing	TNK	0.0	0.0	1.0	1.0	False	False	0.0	other	False	False
GSE253013	GSE253013	LAMA5_CD44	LAMININ	ECM-Receptor	LAMA5	CD44	LAMA5	CD44	outgoing	TNK	0.08505362624187185	0.060276084135391955	0.10891089108910891	0.8910891089108911	False	False	0.024777542106479894	other	False	False
GSE253013	GSE253013	LAMB1_CD44	LAMININ	ECM-Receptor	LAMB1	CD44	LAMB1	CD44	outgoing	TNK	0.0	0.0	1.0	1.0	False	False	0.0	other	False	False
GSE253013	GSE253013	LAMB2_CD44	LAMININ	ECM-Receptor	LAMB2	CD44	LAMB2	CD44	outgoing	TNK	0.0	0.0	1.0	1.0	False	False	0.0	other	False	False
GSE253013	GSE253013	LAMB3_CD44	LAMININ	ECM-Receptor	LAMB3	CD44	LAMB3	CD44	outgoing	TNK	0.6060549138627928	0.46943454892299963	0.009900990099009901	1.0	True	False	0.13662036493979313	other	True	True
GSE253013	GSE253013	LAMC1_CD44	LAMININ	ECM-Receptor	LAMC1	CD44	LAMC1	CD44	outgoing	TNK	0.06516908304076825	0.1028946659851378	0.9603960396039604	0.04950495049504951	False	True	-0.03772558294436955	other	True	True
GSE253013	GSE253013	LAMC2_CD44	LAMININ	ECM-Receptor	LAMC2	CD44	LAMC2	CD44	outgoing	TNK	0.4411972219142023	0.2560084290169046	0.009900990099009901	1.0	True	False	0.18518879289729767	other	True	True
GSE253013	GSE253013	LAMC3_CD44	LAMININ	ECM-Receptor	LAMC3	CD44	LAMC3	CD44	outgoing	TNK	0.0	0.0	1.0	1.0	False	False	0.0	other	False	False
GSE253013	GSE253013	COL1A1_SDC1	COLLAGEN	ECM-Receptor	COL1A1	SDC1	COL1A1	SDC1	outgoing	TNK	0.0	0.0	1.0	1.0	False	False	0.0	other	False	False
GSE253013	GSE253013	COL1A2_SDC1	COLLAGEN	ECM-Receptor	COL1A2	SDC1	COL1A2	SDC1	outgoing	TNK	0.0	0.0	1.0	1.0	False	False	0.0	other	False	False
GSE253013	GSE253013	COL2A1_SDC1	COLLAGEN	ECM-Receptor	COL2A1	SDC1	COL2A1	SDC1	outgoing	TNK	0.0	0.0	1.0	1.0	False	False	0.0	other	False	False
GSE253013	GSE253013	COL4A1_SDC1	COLLAGEN	ECM-Receptor	COL4A1	SDC1	COL4A1	SDC1	outgoing	TNK	0.0	0.0	1.0	1.0	False	False	0.0	other	False	False
GSE253013	GSE253013	COL4A2_SDC1	COLLAGEN	ECM-Receptor	COL4A2	SDC1	COL4A2	SDC1	outgoing	TNK	0.0	0.0	1.0	1.0	False	False	0.0	other	False	False
GSE253013	GSE253013	COL4A3_SDC1	COLLAGEN	ECM-Receptor	COL4A3	SDC1	COL4A3	SDC1	outgoing	TNK	0.0	0.0	1.0	1.0	False	False	0.0	other	False	False
GSE253013	GSE253013	COL4A4_SDC1	COLLAGEN	ECM-Receptor	COL4A4	SDC1	COL4A4	SDC1	outgoing	TNK	0.0	0.0	1.0	1.0	False	False	0.0	other	False	False
GSE253013	GSE253013	COL4A5_SDC1	COLLAGEN	ECM-Receptor	COL4A5	SDC1	COL4A5	SDC1	outgoing	TNK	0.0	0.0	1.0	1.0	False	False	0.0	other	False	False
GSE253013	GSE253013	COL4A6_SDC1	COLLAGEN	ECM-Receptor	COL4A6	SDC1	COL4A6	SDC1	outgoing	TNK	0.0	0.0	1.0	1.0	False	False	0.0	other	False	False
GSE253013	GSE253013	COL6A1_SDC1	COLLAGEN	ECM-Receptor	COL6A1	SDC1	COL6A1	SDC1	outgoing	TNK	0.0	0.0	1.0	1.0	False	False	0.0	other	False	False
GSE253013	GSE253013	COL6A2_SDC1	COLLAGEN	ECM-Receptor	COL6A2	SDC1	COL6A2	SDC1	outgoing	TNK	0.0	0.0	1.0	1.0	False	False	0.0	other	False	False
GSE253013	GSE253013	COL6A3_SDC1	COLLAGEN	ECM-Receptor	COL6A3	SDC1	COL6A3	SDC1	outgoing	TNK	0.0	0.0	1.0	1.0	False	False	0.0	other	False	False
GSE253013	GSE253013	COL6A5_SDC1	COLLAGEN	ECM-Receptor	COL6A5	SDC1	COL6A5	SDC1	outgoing	TNK	0.0	0.0	1.0	1.0	False	False	0.0	other	False	False
GSE253013	GSE253013	COL6A6_SDC1	COLLAGEN	ECM-Receptor	COL6A6	SDC1	COL6A6	SDC1	outgoing	TNK	0.0	0.0	1.0	1.0	False	False	0.0	other	False	False
GSE253013	GSE253013	COL9A1_SDC1	COLLAGEN	ECM-Receptor	COL9A1	SDC1	COL9A1	SDC1	outgoing	TNK	0.0	0.0	1.0	1.0	False	False	0.0	other	False	False
GSE253013	GSE253013	COL9A2_SDC1	COLLAGEN	ECM-Receptor	COL9A2	SDC1	COL9A2	SDC1	outgoing	TNK	0.0	0.0	1.0	1.0	False	False	0.0	other	False	False
GSE253013	GSE253013	COL9A3_SDC1	COLLAGEN	ECM-Receptor	COL9A3	SDC1	COL9A3	SDC1	outgoing	TNK	0.0	0.0	1.0	1.0	False	False	0.0	other	False	False
GSE253013	GSE253013	FN1_SDC1	FN1	ECM-Receptor	FN1	SDC1	FN1	SDC1	outgoing	TNK	0.0	0.0	1.0	1.0	False	False	0.0	other	False	False
GSE253013	GSE253013	TNC_SDC1	TENASCIN	ECM-Receptor	TNC	SDC1	TNC	SDC1	outgoing	TNK	0.0	0.0	1.0	1.0	False	False	0.0	other	False	False
GSE253013	GSE253013	TNR_SDC1	TENASCIN	ECM-Receptor	TNR	SDC1	TNR	SDC1	outgoing	TNK	0.0	0.0	1.0	1.0	False	False	0.0	other	False	False
GSE253013	GSE253013	TNN_SDC1	TENASCIN	ECM-Receptor	TNN	SDC1	TNN	SDC1	outgoing	TNK	0.0	0.0	1.0	1.0	False	False	0.0	other	False	False
GSE253013	GSE253013	TNXB_SDC1	TENASCIN	ECM-Receptor	TNXB	SDC1	TNXB	SDC1	outgoing	TNK	0.0	0.0	1.0	1.0	False	False	0.0	other	False	False
GSE253013	GSE253013	THBS1_SDC1	THBS	ECM-Receptor	THBS1	SDC1	THBS1	SDC1	outgoing	TNK	0.0	0.0	1.0	1.0	False	False	0.0	other	False	False
GSE253013	GSE253013	THBS2_SDC1	THBS	ECM-Receptor	THBS2	SDC1	THBS2	SDC1	outgoing	TNK	0.0	0.0	1.0	1.0	False	False	0.0	other	False	False
GSE253013	GSE253013	THBS3_SDC1	THBS	ECM-Receptor	THBS3	SDC1	THBS3	SDC1	outgoing	TNK	0.0	0.0	1.0	1.0	False	False	0.0	other	False	False
GSE253013	GSE253013	THBS4_SDC1	THBS	ECM-Receptor	THBS4	SDC1	THBS4	SDC1	outgoing	TNK	0.0	0.0	1.0	1.0	False	False	0.0	other	False	False
GSE253013	GSE253013	COMP_SDC1	THBS	ECM-Receptor	COMP	SDC1	COMP	SDC1	outgoing	TNK	0.0	0.0	1.0	1.0	False	False	0.0	other	False	False
GSE253013	GSE253013	COL1A1_SDC4	COLLAGEN	ECM-Receptor	COL1A1	SDC4	COL1A1	SDC4	outgoing	TNK	0.0	0.0	1.0	1.0	False	False	0.0	other	False	False
GSE253013	GSE253013	COL1A2_SDC4	COLLAGEN	ECM-Receptor	COL1A2	SDC4	COL1A2	SDC4	outgoing	TNK	0.0	0.0	1.0	1.0	False	False	0.0	other	False	False
GSE253013	GSE253013	COL2A1_SDC4	COLLAGEN	ECM-Receptor	COL2A1	SDC4	COL2A1	SDC4	outgoing	TNK	0.0	0.0	1.0	1.0	False	False	0.0	other	False	False
GSE253013	GSE253013	COL4A1_SDC4	COLLAGEN	ECM-Receptor	COL4A1	SDC4	COL4A1	SDC4	outgoing	TNK	0.0	0.0	1.0	1.0	False	False	0.0	other	False	False
GSE253013	GSE253013	COL4A2_SDC4	COLLAGEN	ECM-Receptor	COL4A2	SDC4	COL4A2	SDC4	outgoing	TNK	0.0	0.0	1.0	1.0	False	False	0.0	other	False	False
GSE253013	GSE253013	COL4A3_SDC4	COLLAGEN	ECM-Receptor	COL4A3	SDC4	COL4A3	SDC4	outgoing	TNK	0.0	0.0	1.0	1.0	False	False	0.0	other	False	False
GSE253013	GSE253013	COL4A4_SDC4	COLLAGEN	ECM-Receptor	COL4A4	SDC4	COL4A4	SDC4	outgoing	TNK	0.0	0.0	1.0	1.0	False	False	0.0	other	False	False
GSE253013	GSE253013	COL4A5_SDC4	COLLAGEN	ECM-Receptor	COL4A5	SDC4	COL4A5	SDC4	outgoing	TNK	0.0	0.0	1.0	1.0	False	False	0.0	other	False	False
GSE253013	GSE253013	COL4A6_SDC4	COLLAGEN	ECM-Receptor	COL4A6	SDC4	COL4A6	SDC4	outgoing	TNK	0.0	0.0	1.0	1.0	False	False	0.0	other	False	False
GSE253013	GSE253013	COL6A1_SDC4	COLLAGEN	ECM-Receptor	COL6A1	SDC4	COL6A1	SDC4	outgoing	TNK	0.0	0.0	1.0	1.0	False	False	0.0	other	False	False
GSE253013	GSE253013	COL6A2_SDC4	COLLAGEN	ECM-Receptor	COL6A2	SDC4	COL6A2	SDC4	outgoing	TNK	0.0	0.0	1.0	1.0	False	False	0.0	other	False	False
GSE253013	GSE253013	COL6A3_SDC4	COLLAGEN	ECM-Receptor	COL6A3	SDC4	COL6A3	SDC4	outgoing	TNK	0.0	0.0	1.0	1.0	False	False	0.0	other	False	False
GSE253013	GSE253013	COL6A5_SDC4	COLLAGEN	ECM-Receptor	COL6A5	SDC4	COL6A5	SDC4	outgoing	TNK	0.0	0.0	1.0	1.0	False	False	0.0	other	False	False
GSE253013	GSE253013	COL6A6_SDC4	COLLAGEN	ECM-Receptor	COL6A6	SDC4	COL6A6	SDC4	outgoing	TNK	0.0	0.0	1.0	1.0	False	False	0.0	other	False	False
GSE253013	GSE253013	COL9A1_SDC4	COLLAGEN	ECM-Receptor	COL9A1	SDC4	COL9A1	SDC4	outgoing	TNK	0.0	0.0	1.0	1.0	False	False	0.0	other	False	False
GSE253013	GSE253013	COL9A2_SDC4	COLLAGEN	ECM-Receptor	COL9A2	SDC4	COL9A2	SDC4	outgoing	TNK	0.0	0.0	1.0	1.0	False	False	0.0	other	False	False
GSE253013	GSE253013	COL9A3_SDC4	COLLAGEN	ECM-Receptor	COL9A3	SDC4	COL9A3	SDC4	outgoing	TNK	0.0	0.0	1.0	1.0	False	False	0.0	other	False	False
GSE253013	GSE253013	FN1_SDC4	FN1	ECM-Receptor	FN1	SDC4	FN1	SDC4	outgoing	TNK	0.0	0.0	1.0	1.0	False	False	0.0	other	False	False
GSE253013	GSE253013	TNC_SDC4	TENASCIN	ECM-Receptor	TNC	SDC4	TNC	SDC4	outgoing	TNK	0.0	0.0	1.0	1.0	False	False	0.0	other	False	False
GSE253013	GSE253013	TNR_SDC4	TENASCIN	ECM-Receptor	TNR	SDC4	TNR	SDC4	outgoing	TNK	0.0	0.0	1.0	1.0	False	False	0.0	other	False	False
GSE253013	GSE253013	TNN_SDC4	TENASCIN	ECM-Receptor	TNN	SDC4	TNN	SDC4	outgoing	TNK	0.0	0.0	1.0	1.0	False	False	0.0	other	False	False
GSE253013	GSE253013	TNXB_SDC4	TENASCIN	ECM-Receptor	TNXB	SDC4	TNXB	SDC4	outgoing	TNK	0.0	0.0	1.0	1.0	False	False	0.0	other	False	False
GSE253013	GSE253013	THBS1_SDC4	THBS	ECM-Receptor	THBS1	SDC4	THBS1	SDC4	outgoing	TNK	0.0	0.0	1.0	1.0	False	False	0.0	other	False	False
GSE253013	GSE253013	THBS2_SDC4	THBS	ECM-Receptor	THBS2	SDC4	THBS2	SDC4	outgoing	TNK	0.0	0.0	1.0	1.0	False	False	0.0	other	False	False
GSE253013	GSE253013	THBS3_SDC4	THBS	ECM-Receptor	THBS3	SDC4	THBS3	SDC4	outgoing	TNK	0.0	0.0	1.0	1.0	False	False	0.0	other	False	False
GSE253013	GSE253013	THBS4_SDC4	THBS	ECM-Receptor	THBS4	SDC4	THBS4	SDC4	outgoing	TNK	0.0	0.0	1.0	1.0	False	False	0.0	other	False	False
GSE253013	GSE253013	COMP_SDC4	THBS	ECM-Receptor	COMP	SDC4	COMP	SDC4	outgoing	TNK	0.0	0.0	1.0	1.0	False	False	0.0	other	False	False
GSE253013	GSE253013	LAMA1_SV2A	LAMININ	ECM-Receptor	LAMA1	SV2A	LAMA1	SV2A	outgoing	TNK	0.0	0.0	1.0	1.0	False	False	0.0	other	False	False
GSE253013	GSE253013	LAMA2_SV2A	LAMININ	ECM-Receptor	LAMA2	SV2A	LAMA2	SV2A	outgoing	TNK	0.0	0.0	1.0	1.0	False	False	0.0	other	False	False
GSE253013	GSE253013	LAMA3_SV2A	LAMININ	ECM-Receptor	LAMA3	SV2A	LAMA3	SV2A	outgoing	TNK	0.0	0.0	1.0	1.0	False	False	0.0	other	False	False
GSE253013	GSE253013	LAMA4_SV2A	LAMININ	ECM-Receptor	LAMA4	SV2A	LAMA4	SV2A	outgoing	TNK	0.0	0.0	1.0	1.0	False	False	0.0	other	False	False
GSE253013	GSE253013	LAMA5_SV2A	LAMININ	ECM-Receptor	LAMA5	SV2A	LAMA5	SV2A	outgoing	TNK	0.0	0.0	1.0	1.0	False	False	0.0	other	False	False
GSE253013	GSE253013	LAMB1_SV2A	LAMININ	ECM-Receptor	LAMB1	SV2A	LAMB1	SV2A	outgoing	TNK	0.0	0.0	1.0	1.0	False	False	0.0	other	False	False
GSE253013	GSE253013	LAMB2_SV2A	LAMININ	ECM-Receptor	LAMB2	SV2A	LAMB2	SV2A	outgoing	TNK	0.0	0.0	1.0	1.0	False	False	0.0	other	False	False
GSE253013	GSE253013	LAMB3_SV2A	LAMININ	ECM-Receptor	LAMB3	SV2A	LAMB3	SV2A	outgoing	TNK	0.0	0.0	1.0	1.0	False	False	0.0	other	False	False
GSE253013	GSE253013	LAMC1_SV2A	LAMININ	ECM-Receptor	LAMC1	SV2A	LAMC1	SV2A	outgoing	TNK	0.0	0.0	1.0	1.0	False	False	0.0	other	False	False
GSE253013	GSE253013	LAMC2_SV2A	LAMININ	ECM-Receptor	LAMC2	SV2A	LAMC2	SV2A	outgoing	TNK	0.0	0.0	1.0	1.0	False	False	0.0	other	False	False
GSE253013	GSE253013	LAMC3_SV2A	LAMININ	ECM-Receptor	LAMC3	SV2A	LAMC3	SV2A	outgoing	TNK	0.0	0.0	1.0	1.0	False	False	0.0	other	False	False
GSE253013	GSE253013	LAMA1_SV2B	LAMININ	ECM-Receptor	LAMA1	SV2B	LAMA1	SV2B	outgoing	TNK	0.0	0.0	1.0	1.0	False	False	0.0	other	False	False
GSE253013	GSE253013	LAMA2_SV2B	LAMININ	ECM-Receptor	LAMA2	SV2B	LAMA2	SV2B	outgoing	TNK	0.0	0.0	1.0	1.0	False	False	0.0	other	False	False
GSE253013	GSE253013	LAMA3_SV2B	LAMININ	ECM-Receptor	LAMA3	SV2B	LAMA3	SV2B	outgoing	TNK	0.0	0.0	1.0	1.0	False	False	0.0	other	False	False
GSE253013	GSE253013	LAMA4_SV2B	LAMININ	ECM-Receptor	LAMA4	SV2B	LAMA4	SV2B	outgoing	TNK	0.0	0.0	1.0	1.0	False	False	0.0	other	False	False
GSE253013	GSE253013	LAMA5_SV2B	LAMININ	ECM-Receptor	LAMA5	SV2B	LAMA5	SV2B	outgoing	TNK	0.0	0.0	1.0	1.0	False	False	0.0	other	False	False
GSE253013	GSE253013	LAMB1_SV2B	LAMININ	ECM-Receptor	LAMB1	SV2B	LAMB1	SV2B	outgoing	TNK	0.0	0.0	1.0	1.0	False	False	0.0	other	False	False
GSE253013	GSE253013	LAMB2_SV2B	LAMININ	ECM-Receptor	LAMB2	SV2B	LAMB2	SV2B	outgoing	TNK	0.0	0.0	1.0	1.0	False	False	0.0	other	False	False
GSE253013	GSE253013	LAMB3_SV2B	LAMININ	ECM-Receptor	LAMB3	SV2B	LAMB3	SV2B	outgoing	TNK	0.0	0.0	1.0	1.0	False	False	0.0	other	False	False
GSE253013	GSE253013	LAMC1_SV2B	LAMININ	ECM-Receptor	LAMC1	SV2B	LAMC1	SV2B	outgoing	TNK	0.0	0.0	1.0	1.0	False	False	0.0	other	False	False
GSE253013	GSE253013	LAMC2_SV2B	LAMININ	ECM-Receptor	LAMC2	SV2B	LAMC2	SV2B	outgoing	TNK	0.0	0.0	1.0	1.0	False	False	0.0	other	False	False
GSE253013	GSE253013	LAMC3_SV2B	LAMININ	ECM-Receptor	LAMC3	SV2B	LAMC3	SV2B	outgoing	TNK	0.0	0.0	1.0	1.0	False	False	0.0	other	False	False
GSE253013	GSE253013	LAMA1_SV2C	LAMININ	ECM-Receptor	LAMA1	SV2C	LAMA1	SV2C	outgoing	TNK	0.0	0.0	1.0	1.0	False	False	0.0	other	False	False
GSE253013	GSE253013	LAMA2_SV2C	LAMININ	ECM-Receptor	LAMA2	SV2C	LAMA2	SV2C	outgoing	TNK	0.0	0.0	1.0	1.0	False	False	0.0	other	False	False
GSE253013	GSE253013	LAMA3_SV2C	LAMININ	ECM-Receptor	LAMA3	SV2C	LAMA3	SV2C	outgoing	TNK	0.0	0.0	1.0	1.0	False	False	0.0	other	False	False
GSE253013	GSE253013	LAMA4_SV2C	LAMININ	ECM-Receptor	LAMA4	SV2C	LAMA4	SV2C	outgoing	TNK	0.0	0.0	1.0	1.0	False	False	0.0	other	False	False
GSE253013	GSE253013	LAMA5_SV2C	LAMININ	ECM-Receptor	LAMA5	SV2C	LAMA5	SV2C	outgoing	TNK	0.0	0.0	1.0	1.0	False	False	0.0	other	False	False
GSE253013	GSE253013	LAMB1_SV2C	LAMININ	ECM-Receptor	LAMB1	SV2C	LAMB1	SV2C	outgoing	TNK	0.0	0.0	1.0	1.0	False	False	0.0	other	False	False
GSE253013	GSE253013	LAMB2_SV2C	LAMININ	ECM-Receptor	LAMB2	SV2C	LAMB2	SV2C	outgoing	TNK	0.0	0.0	1.0	1.0	False	False	0.0	other	False	False
GSE253013	GSE253013	LAMB3_SV2C	LAMININ	ECM-Receptor	LAMB3	SV2C	LAMB3	SV2C	outgoing	TNK	0.0	0.0	1.0	1.0	False	False	0.0	other	False	False
GSE253013	GSE253013	LAMC1_SV2C	LAMININ	ECM-Receptor	LAMC1	SV2C	LAMC1	SV2C	outgoing	TNK	0.0	0.0	1.0	1.0	False	False	0.0	other	False	False
GSE253013	GSE253013	LAMC2_SV2C	LAMININ	ECM-Receptor	LAMC2	SV2C	LAMC2	SV2C	outgoing	TNK	0.0	0.0	1.0	1.0	False	False	0.0	other	False	False
GSE253013	GSE253013	LAMC3_SV2C	LAMININ	ECM-Receptor	LAMC3	SV2C	LAMC3	SV2C	outgoing	TNK	0.0	0.0	1.0	1.0	False	False	0.0	other	False	False
GSE253013	GSE253013	THBS1_CD36	THBS	ECM-Receptor	THBS1	CD36	THBS1	CD36	outgoing	TNK	0.0	0.0	1.0	1.0	False	False	0.0	other	False	False
GSE253013	GSE253013	THBS2_CD36	THBS	ECM-Receptor	THBS2	CD36	THBS2	CD36	outgoing	TNK	0.0	0.0	1.0	1.0	False	False	0.0	other	False	False
GSE253013	GSE253013	THBS3_CD36	THBS	ECM-Receptor	THBS3	CD36	THBS3	CD36	outgoing	TNK	0.0	0.0	1.0	1.0	False	False	0.0	other	False	False
GSE253013	GSE253013	THBS4_CD36	THBS	ECM-Receptor	THBS4	CD36	THBS4	CD36	outgoing	TNK	0.0	0.0	1.0	1.0	False	False	0.0	other	False	False
GSE253013	GSE253013	COMP_CD36	THBS	ECM-Receptor	COMP	CD36	COMP	CD36	outgoing	TNK	0.0	0.0	1.0	1.0	False	False	0.0	other	False	False
GSE253013	GSE253013	COL1A1_GP6	COLLAGEN	ECM-Receptor	COL1A1	GP6	COL1A1	GP6	outgoing	TNK	0.0	0.0	1.0	1.0	False	False	0.0	other	False	False
GSE253013	GSE253013	COL1A2_GP6	COLLAGEN	ECM-Receptor	COL1A2	GP6	COL1A2	GP6	outgoing	TNK	0.0	0.0	1.0	1.0	False	False	0.0	other	False	False
GSE253013	GSE253013	COL2A1_GP6	COLLAGEN	ECM-Receptor	COL2A1	GP6	COL2A1	GP6	outgoing	TNK	0.0	0.0	1.0	1.0	False	False	0.0	other	False	False
GSE253013	GSE253013	COL4A1_GP6	COLLAGEN	ECM-Receptor	COL4A1	GP6	COL4A1	GP6	outgoing	TNK	0.0	0.0	1.0	1.0	False	False	0.0	other	False	False
GSE253013	GSE253013	COL4A2_GP6	COLLAGEN	ECM-Receptor	COL4A2	GP6	COL4A2	GP6	outgoing	TNK	0.0	0.0	1.0	1.0	False	False	0.0	other	False	False
GSE253013	GSE253013	COL4A3_GP6	COLLAGEN	ECM-Receptor	COL4A3	GP6	COL4A3	GP6	outgoing	TNK	0.0	0.0	1.0	1.0	False	False	0.0	other	False	False
GSE253013	GSE253013	COL4A4_GP6	COLLAGEN	ECM-Receptor	COL4A4	GP6	COL4A4	GP6	outgoing	TNK	0.0	0.0	1.0	1.0	False	False	0.0	other	False	False
GSE253013	GSE253013	COL4A5_GP6	COLLAGEN	ECM-Receptor	COL4A5	GP6	COL4A5	GP6	outgoing	TNK	0.0	0.0	1.0	1.0	False	False	0.0	other	False	False
GSE253013	GSE253013	COL4A6_GP6	COLLAGEN	ECM-Receptor	COL4A6	GP6	COL4A6	GP6	outgoing	TNK	0.0	0.0	1.0	1.0	False	False	0.0	other	False	False
GSE253013	GSE253013	COL6A1_GP6	COLLAGEN	ECM-Receptor	COL6A1	GP6	COL6A1	GP6	outgoing	TNK	0.0	0.0	1.0	1.0	False	False	0.0	other	False	False
GSE253013	GSE253013	COL6A2_GP6	COLLAGEN	ECM-Receptor	COL6A2	GP6	COL6A2	GP6	outgoing	TNK	0.0	0.0	1.0	1.0	False	False	0.0	other	False	False
GSE253013	GSE253013	COL6A3_GP6	COLLAGEN	ECM-Receptor	COL6A3	GP6	COL6A3	GP6	outgoing	TNK	0.0	0.0	1.0	1.0	False	False	0.0	other	False	False
GSE253013	GSE253013	COL6A5_GP6	COLLAGEN	ECM-Receptor	COL6A5	GP6	COL6A5	GP6	outgoing	TNK	0.0	0.0	1.0	1.0	False	False	0.0	other	False	False
GSE253013	GSE253013	COL6A6_GP6	COLLAGEN	ECM-Receptor	COL6A6	GP6	COL6A6	GP6	outgoing	TNK	0.0	0.0	1.0	1.0	False	False	0.0	other	False	False
GSE253013	GSE253013	COL9A1_GP6	COLLAGEN	ECM-Receptor	COL9A1	GP6	COL9A1	GP6	outgoing	TNK	0.0	0.0	1.0	1.0	False	False	0.0	other	False	False
GSE253013	GSE253013	COL9A2_GP6	COLLAGEN	ECM-Receptor	COL9A2	GP6	COL9A2	GP6	outgoing	TNK	0.0	0.0	1.0	1.0	False	False	0.0	other	False	False
GSE253013	GSE253013	COL9A3_GP6	COLLAGEN	ECM-Receptor	COL9A3	GP6	COL9A3	GP6	outgoing	TNK	0.0	0.0	1.0	1.0	False	False	0.0	other	False	False
GSE253013	GSE253013	THBS1_CD47	THBS	ECM-Receptor	THBS1	CD47	THBS1	CD47	outgoing	TNK	0.007162436876787921	0.020218853843709465	0.9900990099009901	0.019801980198019802	False	True	-0.013056416966921544	other	True	True
GSE253013	GSE253013	THBS2_CD47	THBS	ECM-Receptor	THBS2	CD47	THBS2	CD47	outgoing	TNK	0.0	0.0	1.0	1.0	False	False	0.0	other	False	False
GSE253013	GSE253013	THBS3_CD47	THBS	ECM-Receptor	THBS3	CD47	THBS3	CD47	outgoing	TNK	0.0	0.0	1.0	1.0	False	False	0.0	other	False	False
GSE253013	GSE253013	THBS4_CD47	THBS	ECM-Receptor	THBS4	CD47	THBS4	CD47	outgoing	TNK	0.0023774861659298986	0.039375686084822496	1.0	0.009900990099009901	False	True	-0.036998199918892596	other	True	True
GSE253013	GSE253013	COMP_CD47	THBS	ECM-Receptor	COMP	CD47	COMP	CD47	outgoing	TNK	0.0	0.0	1.0	1.0	False	False	0.0	other	False	False
GSE253013	GSE253013	AGRN_DAG1	AGRN	ECM-Receptor	AGRN	DAG1	AGRN	DAG1	outgoing	TNK	0.0	0.0	1.0	1.0	False	False	0.0	other	False	False
GSE253013	GSE253013	HSPG2_DAG1	HSPG	ECM-Receptor	HSPG2	DAG1	HSPG2	DAG1	outgoing	TNK	0.0	0.0	1.0	1.0	False	False	0.0	other	False	False
GSE253013	GSE253013	LAMA1_DAG1	LAMININ	ECM-Receptor	LAMA1	DAG1	LAMA1	DAG1	outgoing	TNK	0.0	0.0	1.0	1.0	False	False	0.0	other	False	False
GSE253013	GSE253013	LAMA2_DAG1	LAMININ	ECM-Receptor	LAMA2	DAG1	LAMA2	DAG1	outgoing	TNK	0.0	0.0	1.0	1.0	False	False	0.0	other	False	False
GSE253013	GSE253013	LAMA3_DAG1	LAMININ	ECM-Receptor	LAMA3	DAG1	LAMA3	DAG1	outgoing	TNK	0.0	0.0	1.0	1.0	False	False	0.0	other	False	False
GSE253013	GSE253013	LAMA4_DAG1	LAMININ	ECM-Receptor	LAMA4	DAG1	LAMA4	DAG1	outgoing	TNK	0.0	0.0	1.0	1.0	False	False	0.0	other	False	False
GSE253013	GSE253013	LAMA5_DAG1	LAMININ	ECM-Receptor	LAMA5	DAG1	LAMA5	DAG1	outgoing	TNK	0.0	0.0	1.0	1.0	False	False	0.0	other	False	False
GSE253013	GSE253013	LAMB1_DAG1	LAMININ	ECM-Receptor	LAMB1	DAG1	LAMB1	DAG1	outgoing	TNK	0.0	0.0	1.0	1.0	False	False	0.0	other	False	False
GSE253013	GSE253013	LAMB2_DAG1	LAMININ	ECM-Receptor	LAMB2	DAG1	LAMB2	DAG1	outgoing	TNK	0.0	0.0	1.0	1.0	False	False	0.0	other	False	False
GSE253013	GSE253013	LAMB3_DAG1	LAMININ	ECM-Receptor	LAMB3	DAG1	LAMB3	DAG1	outgoing	TNK	0.0	0.0	1.0	1.0	False	False	0.0	other	False	False
GSE253013	GSE253013	LAMC1_DAG1	LAMININ	ECM-Receptor	LAMC1	DAG1	LAMC1	DAG1	outgoing	TNK	0.0	0.0	1.0	1.0	False	False	0.0	other	False	False
GSE253013	GSE253013	LAMC2_DAG1	LAMININ	ECM-Receptor	LAMC2	DAG1	LAMC2	DAG1	outgoing	TNK	0.0	0.0	1.0	1.0	False	False	0.0	other	False	False
GSE253013	GSE253013	LAMC3_DAG1	LAMININ	ECM-Receptor	LAMC3	DAG1	LAMC3	DAG1	outgoing	TNK	0.0	0.0	1.0	1.0	False	False	0.0	other	False	False
GSE253013	GSE253013	APP_CD74	APP	Cell-Cell Contact	APP	CD74	APP	CD74	outgoing	TNK	0.767654672837831	0.6272129003536382	0.009900990099009901	1.0	True	False	0.14044177248419276	other	True	True
GSE253013	GSE253013	CADM1_CADM1	CADM	Cell-Cell Contact	CADM1	CADM1	CADM1	CADM1	outgoing	TNK	0.0	0.0	1.0	1.0	False	False	0.0	barrier	False	False
GSE253013	GSE253013	CADM3_CADM3	CADM	Cell-Cell Contact	CADM3	CADM3	CADM3	CADM3	outgoing	TNK	0.0	0.0	1.0	1.0	False	False	0.0	other	False	False
GSE253013	GSE253013	FCER2A_CR2	CD23	Cell-Cell Contact	FCER2	CR2	FCER2	CR2	outgoing	TNK	0.0	0.0	1.0	1.0	False	False	0.0	other	False	False
GSE253013	GSE253013	CD34_SELP	CD34	Cell-Cell Contact	CD34	SELP	CD34	SELP	outgoing	TNK	0.0	0.0	1.0	1.0	False	False	0.0	other	False	False
GSE253013	GSE253013	ENTPD1_ADORA1	CD39	Cell-Cell Contact	ENTPD1	ADORA1	ENTPD1	ADORA1	outgoing	TNK	0.0	0.0	1.0	1.0	False	False	0.0	other	False	False
GSE253013	GSE253013	ENTPD1_ADORA2A	CD39	Cell-Cell Contact	ENTPD1	ADORA2A	ENTPD1	ADORA2A	outgoing	TNK	0.0	0.0	1.0	1.0	False	False	0.0	other	False	False
GSE253013	GSE253013	ENTPD1_ADORA2B	CD39	Cell-Cell Contact	ENTPD1	ADORA2B	ENTPD1	ADORA2B	outgoing	TNK	0.0	0.0	1.0	1.0	False	False	0.0	other	False	False
GSE253013	GSE253013	ENTPD1_TMIGD3	CD39	Cell-Cell Contact	ENTPD1	TMIGD3	ENTPD1	TMIGD3	outgoing	TNK	0.0	0.0	1.0	1.0	False	False	0.0	other	False	False
GSE253013	GSE253013	CD40LG_CD40	CD40	Cell-Cell Contact	CD40LG	CD40	CD40LG	CD40	outgoing	TNK	0.0	0.0	1.0	1.0	False	False	0.0	other	False	False
GSE253013	GSE253013	PTPRC_CD22	CD45	Cell-Cell Contact	PTPRC	CD22	PTPRC	CD22	outgoing	TNK	0.0	0.0	1.0	1.0	False	False	0.0	other	False	False
GSE253013	GSE253013	PTPRC_MRC1	CD45	Cell-Cell Contact	PTPRC	MRC1	PTPRC	MRC1	outgoing	TNK	0.0	0.0	1.0	1.0	False	False	0.0	other	False	False
GSE253013	GSE253013	CD46_JAG1	CD46	Cell-Cell Contact	CD46	JAG1	CD46	JAG1	outgoing	TNK	0.0	0.0	1.0	1.0	False	False	0.0	other	False	False
GSE253013	GSE253013	CD48_CD244A	CD48	Cell-Cell Contact	CD48	CD244	CD48	CD244	outgoing	TNK	0.0	0.0	1.0	1.0	False	False	0.0	other	False	False
GSE253013	GSE253013	CD6_ALCAM	CD6	Cell-Cell Contact	CD6	ALCAM	CD6	ALCAM	outgoing	TNK	0.0	0.0	1.0	1.0	False	False	0.0	other	False	False
GSE253013	GSE253013	CD80_CD274	CD80	Cell-Cell Contact	CD80	CD274	CD80	CD274	outgoing	TNK	0.0	0.0	1.0	1.0	False	False	0.0	inhibitory	False	False
GSE253013	GSE253013	CD80_CD28	CD80	Cell-Cell Contact	CD80	CD28	CD80	CD28	outgoing	TNK	0.0	0.0	1.0	1.0	False	False	0.0	inhibitory	False	False
GSE253013	GSE253013	CD80_CTLA4	CD80	Cell-Cell Contact	CD80	CTLA4	CD80	CTLA4	outgoing	TNK	0.0	0.0	1.0	1.0	False	False	0.0	inhibitory	False	False
GSE253013	GSE253013	CD86_CD28	CD86	Cell-Cell Contact	CD86	CD28	CD86	CD28	outgoing	TNK	0.0	0.0	1.0	1.0	False	False	0.0	inhibitory	False	False
GSE253013	GSE253013	CD86_CTLA4	CD86	Cell-Cell Contact	CD86	CTLA4	CD86	CTLA4	outgoing	TNK	0.0	0.0	1.0	1.0	False	False	0.0	inhibitory	False	False
GSE253013	GSE253013	CD96_NECTIN1	CD96	Cell-Cell Contact	CD96	NECTIN1	CD96	NECTIN1	outgoing	TNK	0.0	0.0	1.0	1.0	False	False	0.0	other	False	False
GSE253013	GSE253013	CD96_PVR	CD96	Cell-Cell Contact	CD96	PVR	CD96	PVR	outgoing	TNK	0.0	0.0	1.0	1.0	False	False	0.0	other	False	False
GSE253013	GSE253013	CD99_PILRA	CD99	Cell-Cell Contact	CD99	PILRA	CD99	PILRA	outgoing	TNK	0.0	0.0	1.0	1.0	False	False	0.0	other	False	False
GSE253013	GSE253013	CD99_CD99	CD99	Cell-Cell Contact	CD99	CD99	CD99	CD99	outgoing	TNK	0.4761833812199785	0.3755561352585712	0.009900990099009901	1.0	True	False	0.10062724596140732	other	True	True
GSE253013	GSE253013	CD99_CD99L2	CD99	Cell-Cell Contact	CD99	CD99L2	CD99	CD99L2	outgoing	TNK	0.0	0.0	1.0	1.0	False	False	0.0	other	False	False
GSE253013	GSE253013	CDH15_CDH15	CDH	Cell-Cell Contact	CDH15	CDH15	CDH15	CDH15	outgoing	TNK	0.0	0.0	1.0	1.0	False	False	0.0	other	False	False
GSE253013	GSE253013	CDH4_CDH4	CDH	Cell-Cell Contact	CDH4	CDH4	CDH4	CDH4	outgoing	TNK	0.0	0.0	1.0	1.0	False	False	0.0	other	False	False
GSE253013	GSE253013	CDH2_CDH2	CDH	Cell-Cell Contact	CDH2	CDH2	CDH2	CDH2	outgoing	TNK	0.0	0.0	1.0	1.0	False	False	0.0	other	False	False
GSE253013	GSE253013	CDH1_CDH1	CDH	Cell-Cell Contact	CDH1	CDH1	CDH1	CDH1	outgoing	TNK	0.0	0.0	1.0	1.0	False	False	0.0	barrier|inhibitory	False	False
GSE253013	GSE253013	CDH1_KLRG1	CDH1	Cell-Cell Contact	CDH1	KLRG1	CDH1	KLRG1	outgoing	TNK	0.0	0.0	1.0	1.0	False	False	0.0	barrier|inhibitory	False	False
GSE253013	GSE253013	CDH5_CDH5	CDH5	Cell-Cell Contact	CDH5	CDH5	CDH5	CDH5	outgoing	TNK	0.0	0.0	1.0	1.0	False	False	0.0	other	False	False
GSE253013	GSE253013	CD1D_CEACAM5	CEACAM	Cell-Cell Contact	CD1D	CEACAM5	CD1D	CEACAM5	outgoing	TNK	0.0	0.0	1.0	1.0	False	False	0.0	other	False	False
GSE253013	GSE253013	CD209_CEACAM1	CEACAM	Cell-Cell Contact	CD209	CEACAM1	CD209	CEACAM1	outgoing	TNK	0.0	0.0	1.0	1.0	False	False	0.0	other	False	False
GSE253013	GSE253013	CD8A_CEACAM5	CEACAM	Cell-Cell Contact	CD8A	CEACAM5	CD8A	CEACAM5	outgoing	TNK	0.0	0.0	1.0	1.0	False	False	0.0	other	False	False
GSE253013	GSE253013	CEACAM1_CEACAM5	CEACAM	Cell-Cell Contact	CEACAM1	CEACAM5	CEACAM1	CEACAM5	outgoing	TNK	0.0	0.0	1.0	1.0	False	False	0.0	barrier	False	False
GSE253013	GSE253013	SELE_CEACAM1	CEACAM	Cell-Cell Contact	SELE	CEACAM1	SELE	CEACAM1	outgoing	TNK	0.0	0.0	1.0	1.0	False	False	0.0	other	False	False
GSE253013	GSE253013	CLDN11_CLDN11	CLDN	Cell-Cell Contact	CLDN11	CLDN11	CLDN11	CLDN11	outgoing	TNK	0.0	0.0	1.0	1.0	False	False	0.0	other	False	False
GSE253013	GSE253013	CLEC2D_KLRB1	CLEC	Cell-Cell Contact	CLEC2D	KLRB1	CLEC2D	KLRB1	outgoing	TNK	0.0	0.0	1.0	1.0	False	False	0.0	other	False	False
GSE253013	GSE253013	CLEC2A_KLRB1	CLEC	Cell-Cell Contact	CLEC2A	KLRB1	CLEC2A	KLRB1	outgoing	TNK	0.0	0.0	1.0	1.0	False	False	0.0	other	False	False
GSE253013	GSE253013	CLEC2B_KLRB1	CLEC	Cell-Cell Contact	CLEC2B	KLRB1	CLEC2B	KLRB1	outgoing	TNK	0.0	0.12259652025256475	1.0	0.009900990099009901	False	True	-0.12259652025256475	other	True	True
GSE253013	GSE253013	CLEC2C_KLRB1	CLEC	Cell-Cell Contact	CD69	KLRB1	CD69	KLRB1	outgoing	TNK	0.0	0.03703550283185077	1.0	0.009900990099009901	False	True	-0.03703550283185077	other	True	True
GSE253013	GSE253013	CLEC2L_KLRB1	CLEC	Cell-Cell Contact	CLEC2L	KLRB1	CLEC2L	KLRB1	outgoing	TNK	0.0	0.0	1.0	1.0	False	False	0.0	other	False	False
GSE253013	GSE253013	CLEC1B_KLRB1	CLEC	Cell-Cell Contact	CLEC1B	KLRB1	CLEC1B	KLRB1	outgoing	TNK	0.0	0.0	1.0	1.0	False	False	0.0	other	False	False
GSE253013	GSE253013	CNTN2_L1CAM	CNTN	Cell-Cell Contact	CNTN2	L1CAM	CNTN2	L1CAM	outgoing	TNK	0.0	0.0	1.0	1.0	False	False	0.0	other	False	False
GSE253013	GSE253013	CNTN2_CNTN2	CNTN	Cell-Cell Contact	CNTN2	CNTN2	CNTN2	CNTN2	outgoing	TNK	0.0	0.0	1.0	1.0	False	False	0.0	other	False	False
GSE253013	GSE253013	CNTN1_NRCAM	CNTN	Cell-Cell Contact	CNTN1	NRCAM	CNTN1	NRCAM	outgoing	TNK	0.0	0.0	1.0	1.0	False	False	0.0	other	False	False
GSE253013	GSE253013	DSC1_DSG1	DESMOSOME	Cell-Cell Contact	DSC1	DSG1	DSC1	DSG1	outgoing	TNK	0.0	0.0	1.0	1.0	False	False	0.0	other	False	False
GSE253013	GSE253013	DSC1_DSG2	DESMOSOME	Cell-Cell Contact	DSC1	DSG2	DSC1	DSG2	outgoing	TNK	0.0	0.0	1.0	1.0	False	False	0.0	other	False	False
GSE253013	GSE253013	DSC2_DSG1	DESMOSOME	Cell-Cell Contact	DSC2	DSG1	DSC2	DSG1	outgoing	TNK	0.0	0.0	1.0	1.0	False	False	0.0	barrier	False	False
GSE253013	GSE253013	DSC2_DSG2	DESMOSOME	Cell-Cell Contact	DSC2	DSG2	DSC2	DSG2	outgoing	TNK	0.0	0.0	1.0	1.0	False	False	0.0	barrier	False	False
GSE253013	GSE253013	DSC3_DSG1	DESMOSOME	Cell-Cell Contact	DSC3	DSG1	DSC3	DSG1	outgoing	TNK	0.0	0.0	1.0	1.0	False	False	0.0	other	False	False
GSE253013	GSE253013	DSC3_DSG2	DESMOSOME	Cell-Cell Contact	DSC3	DSG2	DSC3	DSG2	outgoing	TNK	0.0	0.0	1.0	1.0	False	False	0.0	other	False	False
GSE253013	GSE253013	EPGN_EGFR	EPGN	Cell-Cell Contact	EPGN	EGFR	EPGN	EGFR	outgoing	TNK	0.0	0.0	1.0	1.0	False	False	0.0	other	False	False
GSE253013	GSE253013	EFNA1_EPHA1	EPHA	Cell-Cell Contact	EFNA1	EPHA1	EFNA1	EPHA1	outgoing	TNK	0.0	0.0	1.0	1.0	False	False	0.0	other	False	False
GSE253013	GSE253013	EFNA1_EPHA2	EPHA	Cell-Cell Contact	EFNA1	EPHA2	EFNA1	EPHA2	outgoing	TNK	0.0	0.0	1.0	1.0	False	False	0.0	other	False	False
GSE253013	GSE253013	EFNA1_EPHA3	EPHA	Cell-Cell Contact	EFNA1	EPHA3	EFNA1	EPHA3	outgoing	TNK	0.0	0.0	1.0	1.0	False	False	0.0	other	False	False
GSE253013	GSE253013	EFNA1_EPHA4	EPHA	Cell-Cell Contact	EFNA1	EPHA4	EFNA1	EPHA4	outgoing	TNK	0.0	0.0	1.0	1.0	False	False	0.0	other	False	False
GSE253013	GSE253013	EFNA1_EPHA5	EPHA	Cell-Cell Contact	EFNA1	EPHA5	EFNA1	EPHA5	outgoing	TNK	0.0	0.0	1.0	1.0	False	False	0.0	other	False	False
GSE253013	GSE253013	EFNA1_EPHA7	EPHA	Cell-Cell Contact	EFNA1	EPHA7	EFNA1	EPHA7	outgoing	TNK	0.0	0.0	1.0	1.0	False	False	0.0	other	False	False
GSE253013	GSE253013	EFNA1_EPHA8	EPHA	Cell-Cell Contact	EFNA1	EPHA8	EFNA1	EPHA8	outgoing	TNK	0.0	0.0	1.0	1.0	False	False	0.0	other	False	False
GSE253013	GSE253013	EFNA2_EPHA1	EPHA	Cell-Cell Contact	EFNA2	EPHA1	EFNA2	EPHA1	outgoing	TNK	0.0	0.0	1.0	1.0	False	False	0.0	other	False	False
GSE253013	GSE253013	EFNA2_EPHA2	EPHA	Cell-Cell Contact	EFNA2	EPHA2	EFNA2	EPHA2	outgoing	TNK	0.0	0.0	1.0	1.0	False	False	0.0	other	False	False
GSE253013	GSE253013	EFNA2_EPHA3	EPHA	Cell-Cell Contact	EFNA2	EPHA3	EFNA2	EPHA3	outgoing	TNK	0.0	0.0	1.0	1.0	False	False	0.0	other	False	False
GSE253013	GSE253013	EFNA2_EPHA4	EPHA	Cell-Cell Contact	EFNA2	EPHA4	EFNA2	EPHA4	outgoing	TNK	0.0	0.0	1.0	1.0	False	False	0.0	other	False	False
GSE253013	GSE253013	EFNA2_EPHA5	EPHA	Cell-Cell Contact	EFNA2	EPHA5	EFNA2	EPHA5	outgoing	TNK	0.0	0.0	1.0	1.0	False	False	0.0	other	False	False
GSE253013	GSE253013	EFNA2_EPHA7	EPHA	Cell-Cell Contact	EFNA2	EPHA7	EFNA2	EPHA7	outgoing	TNK	0.0	0.0	1.0	1.0	False	False	0.0	other	False	False
GSE253013	GSE253013	EFNA2_EPHA8	EPHA	Cell-Cell Contact	EFNA2	EPHA8	EFNA2	EPHA8	outgoing	TNK	0.0	0.0	1.0	1.0	False	False	0.0	other	False	False
GSE253013	GSE253013	EFNA3_EPHA1	EPHA	Cell-Cell Contact	EFNA3	EPHA1	EFNA3	EPHA1	outgoing	TNK	0.0	0.0	1.0	1.0	False	False	0.0	other	False	False
GSE253013	GSE253013	EFNA3_EPHA2	EPHA	Cell-Cell Contact	EFNA3	EPHA2	EFNA3	EPHA2	outgoing	TNK	0.0	0.0	1.0	1.0	False	False	0.0	other	False	False
GSE253013	GSE253013	EFNA3_EPHA3	EPHA	Cell-Cell Contact	EFNA3	EPHA3	EFNA3	EPHA3	outgoing	TNK	0.0	0.0	1.0	1.0	False	False	0.0	other	False	False
GSE253013	GSE253013	EFNA3_EPHA4	EPHA	Cell-Cell Contact	EFNA3	EPHA4	EFNA3	EPHA4	outgoing	TNK	0.0	0.0	1.0	1.0	False	False	0.0	other	False	False
GSE253013	GSE253013	EFNA3_EPHA5	EPHA	Cell-Cell Contact	EFNA3	EPHA5	EFNA3	EPHA5	outgoing	TNK	0.0	0.0	1.0	1.0	False	False	0.0	other	False	False
GSE253013	GSE253013	EFNA3_EPHA7	EPHA	Cell-Cell Contact	EFNA3	EPHA7	EFNA3	EPHA7	outgoing	TNK	0.0	0.0	1.0	1.0	False	False	0.0	other	False	False
GSE253013	GSE253013	EFNA3_EPHA8	EPHA	Cell-Cell Contact	EFNA3	EPHA8	EFNA3	EPHA8	outgoing	TNK	0.0	0.0	1.0	1.0	False	False	0.0	other	False	False
GSE253013	GSE253013	EFNA4_EPHA1	EPHA	Cell-Cell Contact	EFNA4	EPHA1	EFNA4	EPHA1	outgoing	TNK	0.0	0.0	1.0	1.0	False	False	0.0	other	False	False
GSE253013	GSE253013	EFNA4_EPHA2	EPHA	Cell-Cell Contact	EFNA4	EPHA2	EFNA4	EPHA2	outgoing	TNK	0.0	0.0	1.0	1.0	False	False	0.0	other	False	False
GSE253013	GSE253013	EFNA4_EPHA3	EPHA	Cell-Cell Contact	EFNA4	EPHA3	EFNA4	EPHA3	outgoing	TNK	0.0	0.0	1.0	1.0	False	False	0.0	other	False	False
GSE253013	GSE253013	EFNA4_EPHA4	EPHA	Cell-Cell Contact	EFNA4	EPHA4	EFNA4	EPHA4	outgoing	TNK	0.0	0.0	1.0	1.0	False	False	0.0	other	False	False
GSE253013	GSE253013	EFNA4_EPHA5	EPHA	Cell-Cell Contact	EFNA4	EPHA5	EFNA4	EPHA5	outgoing	TNK	0.0	0.0	1.0	1.0	False	False	0.0	other	False	False
GSE253013	GSE253013	EFNA4_EPHA7	EPHA	Cell-Cell Contact	EFNA4	EPHA7	EFNA4	EPHA7	outgoing	TNK	0.0	0.0	1.0	1.0	False	False	0.0	other	False	False
GSE253013	GSE253013	EFNA4_EPHA8	EPHA	Cell-Cell Contact	EFNA4	EPHA8	EFNA4	EPHA8	outgoing	TNK	0.0	0.0	1.0	1.0	False	False	0.0	other	False	False
GSE253013	GSE253013	EFNA5_EPHA1	EPHA	Cell-Cell Contact	EFNA5	EPHA1	EFNA5	EPHA1	outgoing	TNK	0.0	0.0	1.0	1.0	False	False	0.0	other	False	False
GSE253013	GSE253013	EFNA5_EPHA2	EPHA	Cell-Cell Contact	EFNA5	EPHA2	EFNA5	EPHA2	outgoing	TNK	0.0	0.0	1.0	1.0	False	False	0.0	other	False	False
GSE253013	GSE253013	EFNA5_EPHA3	EPHA	Cell-Cell Contact	EFNA5	EPHA3	EFNA5	EPHA3	outgoing	TNK	0.0	0.0	1.0	1.0	False	False	0.0	other	False	False
GSE253013	GSE253013	EFNA5_EPHA4	EPHA	Cell-Cell Contact	EFNA5	EPHA4	EFNA5	EPHA4	outgoing	TNK	0.0	0.0	1.0	1.0	False	False	0.0	other	False	False
GSE253013	GSE253013	EFNA5_EPHA5	EPHA	Cell-Cell Contact	EFNA5	EPHA5	EFNA5	EPHA5	outgoing	TNK	0.0	0.0	1.0	1.0	False	False	0.0	other	False	False
GSE253013	GSE253013	EFNA5_EPHA7	EPHA	Cell-Cell Contact	EFNA5	EPHA7	EFNA5	EPHA7	outgoing	TNK	0.0	0.0	1.0	1.0	False	False	0.0	other	False	False
GSE253013	GSE253013	EFNA5_EPHA8	EPHA	Cell-Cell Contact	EFNA5	EPHA8	EFNA5	EPHA8	outgoing	TNK	0.0	0.0	1.0	1.0	False	False	0.0	other	False	False
GSE253013	GSE253013	EFNA5_EPHB2	EPHA	Cell-Cell Contact	EFNA5	EPHB2	EFNA5	EPHB2	outgoing	TNK	0.0	0.0	1.0	1.0	False	False	0.0	other	False	False
GSE253013	GSE253013	EFNB1_EPHA4	EPHB	Cell-Cell Contact	EFNB1	EPHA4	EFNB1	EPHA4	outgoing	TNK	0.0	0.0	1.0	1.0	False	False	0.0	other	False	False
GSE253013	GSE253013	EFNB1_EPHB1	EPHB	Cell-Cell Contact	EFNB1	EPHB1	EFNB1	EPHB1	outgoing	TNK	0.0	0.0	1.0	1.0	False	False	0.0	other	False	False
GSE253013	GSE253013	EFNB1_EPHB2	EPHB	Cell-Cell Contact	EFNB1	EPHB2	EFNB1	EPHB2	outgoing	TNK	0.0	0.0	1.0	1.0	False	False	0.0	other	False	False
GSE253013	GSE253013	EFNB1_EPHB3	EPHB	Cell-Cell Contact	EFNB1	EPHB3	EFNB1	EPHB3	outgoing	TNK	0.0	0.0	1.0	1.0	False	False	0.0	other	False	False
GSE253013	GSE253013	EFNB1_EPHB4	EPHB	Cell-Cell Contact	EFNB1	EPHB4	EFNB1	EPHB4	outgoing	TNK	0.0	0.0	1.0	1.0	False	False	0.0	other	False	False
GSE253013	GSE253013	EFNB2_EPHA4	EPHB	Cell-Cell Contact	EFNB2	EPHA4	EFNB2	EPHA4	outgoing	TNK	0.0	0.0	1.0	1.0	False	False	0.0	other	False	False
GSE253013	GSE253013	EFNB2_EPHB1	EPHB	Cell-Cell Contact	EFNB2	EPHB1	EFNB2	EPHB1	outgoing	TNK	0.0	0.0	1.0	1.0	False	False	0.0	other	False	False
GSE253013	GSE253013	EFNB2_EPHB2	EPHB	Cell-Cell Contact	EFNB2	EPHB2	EFNB2	EPHB2	outgoing	TNK	0.0	0.0	1.0	1.0	False	False	0.0	other	False	False
GSE253013	GSE253013	EFNB2_EPHB3	EPHB	Cell-Cell Contact	EFNB2	EPHB3	EFNB2	EPHB3	outgoing	TNK	0.0	0.0	1.0	1.0	False	False	0.0	other	False	False
GSE253013	GSE253013	EFNB2_EPHB4	EPHB	Cell-Cell Contact	EFNB2	EPHB4	EFNB2	EPHB4	outgoing	TNK	0.0	0.0	1.0	1.0	False	False	0.0	other	False	False
GSE253013	GSE253013	EFNB3_EPHA4	EPHB	Cell-Cell Contact	EFNB3	EPHA4	EFNB3	EPHA4	outgoing	TNK	0.0	0.0	1.0	1.0	False	False	0.0	other	False	False
GSE253013	GSE253013	EFNB3_EPHB1	EPHB	Cell-Cell Contact	EFNB3	EPHB1	EFNB3	EPHB1	outgoing	TNK	0.0	0.0	1.0	1.0	False	False	0.0	other	False	False
GSE253013	GSE253013	EFNB3_EPHB2	EPHB	Cell-Cell Contact	EFNB3	EPHB2	EFNB3	EPHB2	outgoing	TNK	0.0	0.0	1.0	1.0	False	False	0.0	other	False	False
GSE253013	GSE253013	EFNB3_EPHB3	EPHB	Cell-Cell Contact	EFNB3	EPHB3	EFNB3	EPHB3	outgoing	TNK	0.0	0.0	1.0	1.0	False	False	0.0	other	False	False
GSE253013	GSE253013	EFNB3_EPHB4	EPHB	Cell-Cell Contact	EFNB3	EPHB4	EFNB3	EPHB4	outgoing	TNK	0.0	0.0	1.0	1.0	False	False	0.0	other	False	False
GSE253013	GSE253013	EFNB3_EPHB6	EPHB	Cell-Cell Contact	EFNB3	EPHB6	EFNB3	EPHB6	outgoing	TNK	0.0	0.0	1.0	1.0	False	False	0.0	other	False	False
GSE253013	GSE253013	ESAM_ESAM	ESAM	Cell-Cell Contact	ESAM	ESAM	ESAM	ESAM	outgoing	TNK	0.0	0.0	1.0	1.0	False	False	0.0	other	False	False
GSE253013	GSE253013	ICAM1_ITGAL	ICAM	Cell-Cell Contact	ICAM1	ITGAL	ICAM1	ITGAL	outgoing	TNK	0.024868887663871308	0.04682236291369528	1.0	0.009900990099009901	False	True	-0.02195347524982397	other	True	True
GSE253013	GSE253013	ICAM1_SPN	ICAM	Cell-Cell Contact	ICAM1	SPN	ICAM1	SPN	outgoing	TNK	0.05768286216409772	0.10547039336661039	1.0	0.009900990099009901	False	True	-0.04778753120251267	other	True	True
GSE253013	GSE253013	ICAM5_CD209	ICAM	Cell-Cell Contact	ICAM5	CD209	ICAM5	CD209	outgoing	TNK	0.0	0.0	1.0	1.0	False	False	0.0	other	False	False
GSE253013	GSE253013	ICOSL_ICOS	ICOS	Cell-Cell Contact	ICOSLG	ICOS	ICOSLG	ICOS	outgoing	TNK	0.0	0.0	1.0	1.0	False	False	0.0	other	False	False
GSE253013	GSE253013	ICOSL_CD28	ICOS	Cell-Cell Contact	ICOSLG	CD28	ICOSLG	CD28	outgoing	TNK	0.0	0.0	1.0	1.0	False	False	0.0	other	False	False
GSE253013	GSE253013	ICOSL_CTLA4	ICOS	Cell-Cell Contact	ICOSLG	CTLA4	ICOSLG	CTLA4	outgoing	TNK	0.0	0.0	1.0	1.0	False	False	0.0	other	False	False
GSE253013	GSE253013	JAM2_JAM3	JAM	Cell-Cell Contact	JAM2	JAM3	JAM2	JAM3	outgoing	TNK	0.0	0.0	1.0	1.0	False	False	0.0	barrier	False	False
GSE253013	GSE253013	F11R_F11R	JAM	Cell-Cell Contact	F11R	F11R	F11R	F11R	outgoing	TNK	0.0	0.0	1.0	1.0	False	False	0.0	barrier	False	False
GSE253013	GSE253013	JAM2_F11R	JAM	Cell-Cell Contact	JAM2	F11R	JAM2	F11R	outgoing	TNK	0.0	0.0	1.0	1.0	False	False	0.0	barrier	False	False
GSE253013	GSE253013	JAM2_JAM2	JAM	Cell-Cell Contact	JAM2	JAM2	JAM2	JAM2	outgoing	TNK	0.0	0.0	1.0	1.0	False	False	0.0	barrier	False	False
GSE253013	GSE253013	JAM3_F11R	JAM	Cell-Cell Contact	JAM3	F11R	JAM3	F11R	outgoing	TNK	0.0	0.0	1.0	1.0	False	False	0.0	barrier	False	False
GSE253013	GSE253013	JAM3_JAM3	JAM	Cell-Cell Contact	JAM3	JAM3	JAM3	JAM3	outgoing	TNK	0.0	0.0	1.0	1.0	False	False	0.0	barrier	False	False
GSE253013	GSE253013	L1CAM_L1CAM	L1CAM	Cell-Cell Contact	L1CAM	L1CAM	L1CAM	L1CAM	outgoing	TNK	0.0	0.0	1.0	1.0	False	False	0.0	other	False	False
GSE253013	GSE253013	MAG_MAG	MAG	Cell-Cell Contact	MAG	MAG	MAG	MAG	outgoing	TNK	0.0	0.0	1.0	1.0	False	False	0.0	other	False	False
GSE253013	GSE253013	HLA-A_CD8A	MHC-I	Cell-Cell Contact	HLA-A	CD8A	HLA-A	CD8A	outgoing	TNK	0.6018343039839419	0.5963201834728318	0.04950495049504951	1.0	True	False	0.00551412051111011	other	True	True
GSE253013	GSE253013	HLA-B_CD8A	MHC-I	Cell-Cell Contact	HLA-B	CD8A	HLA-B	CD8A	outgoing	TNK	0.6177367159848227	0.6039290910525625	0.009900990099009901	1.0	True	False	0.013807624932260176	other	True	True
GSE253013	GSE253013	HLA-C_CD8A	MHC-I	Cell-Cell Contact	HLA-C	CD8A	HLA-C	CD8A	outgoing	TNK	0.5737876384445854	0.5535122071758303	0.009900990099009901	1.0	True	False	0.020275431268755084	other	True	True
GSE253013	GSE253013	HLA-E_CD8A	MHC-I	Cell-Cell Contact	HLA-E	CD8A	HLA-E	CD8A	outgoing	TNK	0.3757857844155159	0.36963129059092337	0.24752475247524752	0.7524752475247525	False	False	0.006154493824592544	inhibitory	False	False
GSE253013	GSE253013	HLA-F_CD8A	MHC-I	Cell-Cell Contact	HLA-F	CD8A	HLA-F	CD8A	outgoing	TNK	0.14516885067291255	0.16486166062167745	0.9801980198019802	0.0297029702970297	False	True	-0.019692809948764906	inhibitory	True	True
GSE253013	GSE253013	HLA-G_CD8A	MHC-I	Cell-Cell Contact	HLA-G	CD8A	HLA-G	CD8A	outgoing	TNK	0.0	0.0	1.0	1.0	False	False	0.0	inhibitory	False	False
GSE253013	GSE253013	HLA-A_CD8B	MHC-I	Cell-Cell Contact	HLA-A	CD8B	HLA-A	CD8B	outgoing	TNK	0.5350965983875395	0.5293809704116839	0.04950495049504951	1.0	True	False	0.005715627975855675	other	True	True
GSE253013	GSE253013	HLA-B_CD8B	MHC-I	Cell-Cell Contact	HLA-B	CD8B	HLA-B	CD8B	outgoing	TNK	0.5516789012960953	0.5372725411281262	0.009900990099009901	1.0	True	False	0.014406360167969146	other	True	True
GSE253013	GSE253013	HLA-C_CD8B	MHC-I	Cell-Cell Contact	HLA-C	CD8B	HLA-C	CD8B	outgoing	TNK	0.5062060199862222	0.48559785117774473	0.009900990099009901	1.0	True	False	0.020608168808477434	other	True	True
GSE253013	GSE253013	HLA-E_CD8B	MHC-I	Cell-Cell Contact	HLA-E	CD8B	HLA-E	CD8B	outgoing	TNK	0.3143262167128129	0.3086805304639552	0.24752475247524752	0.7524752475247525	False	False	0.005645686248857695	inhibitory	False	False
GSE253013	GSE253013	HLA-F_CD8B	MHC-I	Cell-Cell Contact	HLA-F	CD8B	HLA-F	CD8B	outgoing	TNK	0.11450759852033537	0.13067690356650988	0.9801980198019802	0.0297029702970297	False	True	-0.016169305046174504	inhibitory	True	True
GSE253013	GSE253013	HLA-G_CD8B	MHC-I	Cell-Cell Contact	HLA-G	CD8B	HLA-G	CD8B	outgoing	TNK	0.0	0.0	1.0	1.0	False	False	0.0	inhibitory	False	False
GSE253013	GSE253013	HLA-A_CD8B2	MHC-I	Cell-Cell Contact	HLA-A	CD8B2	HLA-A	CD8B2	outgoing	TNK	0.0	0.0	1.0	1.0	False	False	0.0	other	False	False
GSE253013	GSE253013	HLA-B_CD8B2	MHC-I	Cell-Cell Contact	HLA-B	CD8B2	HLA-B	CD8B2	outgoing	TNK	0.0	0.0	1.0	1.0	False	False	0.0	other	False	False
GSE253013	GSE253013	HLA-C_CD8B2	MHC-I	Cell-Cell Contact	HLA-C	CD8B2	HLA-C	CD8B2	outgoing	TNK	0.0	0.0	1.0	1.0	False	False	0.0	other	False	False
GSE253013	GSE253013	HLA-E_CD8B2	MHC-I	Cell-Cell Contact	HLA-E	CD8B2	HLA-E	CD8B2	outgoing	TNK	0.0	0.0	1.0	1.0	False	False	0.0	inhibitory	False	False
GSE253013	GSE253013	HLA-F_CD8B2	MHC-I	Cell-Cell Contact	HLA-F	CD8B2	HLA-F	CD8B2	outgoing	TNK	0.0	0.0	1.0	1.0	False	False	0.0	inhibitory	False	False
GSE253013	GSE253013	HLA-G_CD8B2	MHC-I	Cell-Cell Contact	HLA-G	CD8B2	HLA-G	CD8B2	outgoing	TNK	0.0	0.0	1.0	1.0	False	False	0.0	inhibitory	False	False
GSE253013	GSE253013	HLA-C_KIR2DL1	MHC-I	Cell-Cell Contact	HLA-C	KIR2DL1	HLA-C	KIR2DL1	outgoing	TNK	0.0	0.0	1.0	1.0	False	False	0.0	other	False	False
GSE253013	GSE253013	HLA-C_KIR2DL3	MHC-I	Cell-Cell Contact	HLA-C	KIR2DL3	HLA-C	KIR2DL3	outgoing	TNK	0.0	0.0	1.0	1.0	False	False	0.0	other	False	False
GSE253013	GSE253013	HLA-G_LILRB1	MHC-I	Cell-Cell Contact	HLA-G	LILRB1	HLA-G	LILRB1	outgoing	TNK	0.0	0.0	1.0	1.0	False	False	0.0	inhibitory	False	False
GSE253013	GSE253013	HLA-G_LILRB2	MHC-I	Cell-Cell Contact	HLA-G	LILRB2	HLA-G	LILRB2	outgoing	TNK	0.0	0.0	1.0	1.0	False	False	0.0	inhibitory	False	False
GSE253013	GSE253013	HLA-F_KIR3DL1	MHC-I	Cell-Cell Contact	HLA-F	KIR3DL1	HLA-F	KIR3DL1	outgoing	TNK	0.0	0.0	1.0	1.0	False	False	0.0	inhibitory	False	False
GSE253013	GSE253013	HLA-F_KIR3DL2	MHC-I	Cell-Cell Contact	HLA-F	KIR3DL2	HLA-F	KIR3DL2	outgoing	TNK	0.0	0.0	1.0	1.0	False	False	0.0	inhibitory	False	False
GSE253013	GSE253013	HLA-B_KIR3DL2	MHC-I	Cell-Cell Contact	HLA-B	KIR3DL2	HLA-B	KIR3DL2	outgoing	TNK	0.0	0.0	1.0	1.0	False	False	0.0	other	False	False
GSE253013	GSE253013	HLA-C_KIR3DL3	MHC-I	Cell-Cell Contact	HLA-C	KIR3DL3	HLA-C	KIR3DL3	outgoing	TNK	0.0	0.0	1.0	1.0	False	False	0.0	other	False	False
GSE253013	GSE253013	HLA-E_KLRC1	MHC-I	Cell-Cell Contact	HLA-E	KLRC1	HLA-E	KLRC1	outgoing	TNK	0.0019511288611958203	0.0019005327518280136	0.24752475247524752	0.7524752475247525	False	False	5.059610936780667e-05	inhibitory	False	False
GSE253013	GSE253013	HLA-E_KLRC2	MHC-I	Cell-Cell Contact	HLA-E	KLRC2	HLA-E	KLRC2	outgoing	TNK	0.0	0.0	1.0	1.0	False	False	0.0	inhibitory	False	False
GSE253013	GSE253013	HLA-A_KIR3DL1	MHC-I	Cell-Cell Contact	HLA-A	KIR3DL1	HLA-A	KIR3DL1	outgoing	TNK	0.0	0.0	1.0	1.0	False	False	0.0	other	False	False
GSE253013	GSE253013	HLA-F_LILRB1	MHC-I	Cell-Cell Contact	HLA-F	LILRB1	HLA-F	LILRB1	outgoing	TNK	0.0	0.0	1.0	1.0	False	False	0.0	inhibitory	False	False
GSE253013	GSE253013	HLA-E_KLRK1	MHC-I	Cell-Cell Contact	HLA-E	KLRK1	HLA-E	KLRK1	outgoing	TNK	0.0	0.0	1.0	1.0	False	False	0.0	inhibitory	False	False
GSE253013	GSE253013	ULBP1_KLRK1	MHC-I	Cell-Cell Contact	ULBP1	KLRK1	ULBP1	KLRK1	outgoing	TNK	0.0	0.0	1.0	1.0	False	False	0.0	recruit	False	False
GSE253013	GSE253013	ULBP2_KLRK1	MHC-I	Cell-Cell Contact	ULBP2	KLRK1	ULBP2	KLRK1	outgoing	TNK	0.0	0.0	1.0	1.0	False	False	0.0	recruit	False	False
GSE253013	GSE253013	ULBP3_KLRK1	MHC-I	Cell-Cell Contact	ULBP3	KLRK1	ULBP3	KLRK1	outgoing	TNK	0.0	0.0	1.0	1.0	False	False	0.0	recruit	False	False
GSE253013	GSE253013	RAET1L_KLRK1	MHC-I	Cell-Cell Contact	RAET1L	KLRK1	RAET1L	KLRK1	outgoing	TNK	0.0	0.0	1.0	1.0	False	False	0.0	other	False	False
GSE253013	GSE253013	RAET1E_KLRK1	MHC-I	Cell-Cell Contact	RAET1E	KLRK1	RAET1E	KLRK1	outgoing	TNK	0.0	0.0	1.0	1.0	False	False	0.0	other	False	False
GSE253013	GSE253013	RAET1G_KLRK1	MHC-I	Cell-Cell Contact	RAET1G	KLRK1	RAET1G	KLRK1	outgoing	TNK	0.0	0.0	1.0	1.0	False	False	0.0	other	False	False
GSE253013	GSE253013	HLA-DPA1_CD4	MHC-II	Cell-Cell Contact	HLA-DPA1	CD4	HLA-DPA1	CD4	outgoing	TNK	0.07016764966920978	0.13618634105191085	1.0	0.009900990099009901	False	True	-0.06601869138270107	other	True	True
GSE253013	GSE253013	HLA-DPB1_CD4	MHC-II	Cell-Cell Contact	HLA-DPB1	CD4	HLA-DPB1	CD4	outgoing	TNK	0.0767515240652353	0.13197626413460659	1.0	0.009900990099009901	False	True	-0.05522474006937128	other	True	True
GSE253013	GSE253013	HLA-DQA1_CD4	MHC-II	Cell-Cell Contact	HLA-DQA1	CD4	HLA-DQA1	CD4	outgoing	TNK	0.00893458795107315	0.03093506421437312	1.0	0.009900990099009901	False	True	-0.02200047626329997	other	True	True
GSE253013	GSE253013	HLA-DMA_CD4	MHC-II	Cell-Cell Contact	HLA-DMA	CD4	HLA-DMA	CD4	outgoing	TNK	0.03698530598049023	0.08576467807444127	1.0	0.009900990099009901	False	True	-0.04877937209395104	other	True	True
GSE253013	GSE253013	HLA-DMB_CD4	MHC-II	Cell-Cell Contact	HLA-DMB	CD4	HLA-DMB	CD4	outgoing	TNK	0.012821276409905408	0.03194468644592349	1.0	0.009900990099009901	False	True	-0.019123410036018085	other	True	True
GSE253013	GSE253013	HLA-DQA2_CD4	MHC-II	Cell-Cell Contact	HLA-DQA2	CD4	HLA-DQA2	CD4	outgoing	TNK	0.004079057784770285	0.03096304926286009	1.0	0.009900990099009901	False	True	-0.026883991478089807	other	True	True
GSE253013	GSE253013	HLA-DOA_CD4	MHC-II	Cell-Cell Contact	HLA-DOA	CD4	HLA-DOA	CD4	outgoing	TNK	0.0	0.007804180754588087	1.0	0.009900990099009901	False	True	-0.007804180754588087	other	True	True
GSE253013	GSE253013	HLA-DOB_CD4	MHC-II	Cell-Cell Contact	HLA-DOB	CD4	HLA-DOB	CD4	outgoing	TNK	0.0	0.0030579313856924045	1.0	0.009900990099009901	False	True	-0.0030579313856924045	other	True	True
GSE253013	GSE253013	HLA-DQB1_CD4	MHC-II	Cell-Cell Contact	HLA-DQB1	CD4	HLA-DQB1	CD4	outgoing	TNK	0.03633681514094354	0.07777261436915807	1.0	0.009900990099009901	False	True	-0.041435799228214526	other	True	True
GSE253013	GSE253013	HLA-DRA_CD4	MHC-II	Cell-Cell Contact	HLA-DRA	CD4	HLA-DRA	CD4	outgoing	TNK	0.09362815414433914	0.18174868526595092	1.0	0.009900990099009901	False	True	-0.08812053112161178	other	True	True
GSE253013	GSE253013	HLA-DRB1_CD4	MHC-II	Cell-Cell Contact	HLA-DRB1	CD4	HLA-DRB1	CD4	outgoing	TNK	0.09290761610506207	0.16961734923586907	1.0	0.009900990099009901	False	True	-0.076709733130807	other	True	True
GSE253013	GSE253013	HLA-DRB5_CD4	MHC-II	Cell-Cell Contact	HLA-DRB5	CD4	HLA-DRB5	CD4	outgoing	TNK	0.0	0.0	1.0	1.0	False	False	0.0	other	False	False
GSE253013	GSE253013	MPZ_MPZL1	MPZ	Cell-Cell Contact	MPZ	MPZL1	MPZ	MPZL1	outgoing	TNK	0.0	0.0	1.0	1.0	False	False	0.0	other	False	False
GSE253013	GSE253013	MPZ_MPZ	MPZ	Cell-Cell Contact	MPZ	MPZ	MPZ	MPZ	outgoing	TNK	0.0	0.0	1.0	1.0	False	False	0.0	other	False	False
GSE253013	GSE253013	MPZL1_MPZL1	MPZ	Cell-Cell Contact	MPZL1	MPZL1	MPZL1	MPZL1	outgoing	TNK	0.0	0.0	1.0	1.0	False	False	0.0	other	False	False
GSE253013	GSE253013	NCAM1_FGFR1	NCAM	Cell-Cell Contact	NCAM1	FGFR1	NCAM1	FGFR1	outgoing	TNK	0.0	0.0	1.0	1.0	False	False	0.0	other	False	False
GSE253013	GSE253013	NCAM1_NCAM1	NCAM	Cell-Cell Contact	NCAM1	NCAM1	NCAM1	NCAM1	outgoing	TNK	0.0	0.0	1.0	1.0	False	False	0.0	other	False	False
GSE253013	GSE253013	NCAM1_NCAM2	NCAM	Cell-Cell Contact	NCAM1	NCAM2	NCAM1	NCAM2	outgoing	TNK	0.0	0.0	1.0	1.0	False	False	0.0	other	False	False
GSE253013	GSE253013	NCAM1_L1CAM	NCAM	Cell-Cell Contact	NCAM1	L1CAM	NCAM1	L1CAM	outgoing	TNK	0.0	0.0	1.0	1.0	False	False	0.0	other	False	False
GSE253013	GSE253013	NCAM2_L1CAM	NCAM	Cell-Cell Contact	NCAM2	L1CAM	NCAM2	L1CAM	outgoing	TNK	0.0	0.0	1.0	1.0	False	False	0.0	other	False	False
GSE253013	GSE253013	NECTIN1_CADM3	NECTIN	Cell-Cell Contact	NECTIN1	CADM3	NECTIN1	CADM3	outgoing	TNK	0.0	0.0	1.0	1.0	False	False	0.0	barrier	False	False
GSE253013	GSE253013	NECTIN1_NECTIN4	NECTIN	Cell-Cell Contact	NECTIN1	NECTIN4	NECTIN1	NECTIN4	outgoing	TNK	0.0	0.0	1.0	1.0	False	False	0.0	barrier	False	False
GSE253013	GSE253013	NECTIN3_NECTIN1	NECTIN	Cell-Cell Contact	NECTIN3	NECTIN1	NECTIN3	NECTIN1	outgoing	TNK	0.0	0.0	1.0	1.0	False	False	0.0	barrier	False	False
GSE253013	GSE253013	NECTIN3_NECTIN2	NECTIN	Cell-Cell Contact	NECTIN3	NECTIN2	NECTIN3	NECTIN2	outgoing	TNK	0.0	0.0	1.0	1.0	False	False	0.0	barrier	False	False
GSE253013	GSE253013	NECTIN3_PVR	NECTIN	Cell-Cell Contact	NECTIN3	PVR	NECTIN3	PVR	outgoing	TNK	0.0	0.0	1.0	1.0	False	False	0.0	barrier	False	False
GSE253013	GSE253013	NECTIN3_TIGIT	NECTIN	Cell-Cell Contact	NECTIN3	TIGIT	NECTIN3	TIGIT	outgoing	TNK	0.0	0.0	1.0	1.0	False	False	0.0	barrier	False	False
GSE253013	GSE253013	NECTIN2_CD226	NECTIN	Cell-Cell Contact	NECTIN2	CD226	NECTIN2	CD226	outgoing	TNK	0.0	0.0	1.0	1.0	False	False	0.0	barrier|inhibitory	False	False
GSE253013	GSE253013	NECTIN2_TIGIT	NECTIN	Cell-Cell Contact	NECTIN2	TIGIT	NECTIN2	TIGIT	outgoing	TNK	0.003113512009493768	0.04375499442404843	1.0	0.009900990099009901	False	True	-0.04064148241455466	barrier|inhibitory	True	True
GSE253013	GSE253013	NEGR1_NEGR1	NEGR	Cell-Cell Contact	NEGR1	NEGR1	NEGR1	NEGR1	outgoing	TNK	0.0	0.0	1.0	1.0	False	False	0.0	other	False	False
GSE253013	GSE253013	LRRC4C_NTNG1	NGL	Cell-Cell Contact	LRRC4C	NTNG1	LRRC4C	NTNG1	outgoing	TNK	0.0	0.0	1.0	1.0	False	False	0.0	other	False	False
GSE253013	GSE253013	LRRC4_NTNG2	NGL	Cell-Cell Contact	LRRC4	NTNG2	LRRC4	NTNG2	outgoing	TNK	0.0	0.0	1.0	1.0	False	False	0.0	other	False	False
GSE253013	GSE253013	LRRC4B_PTPRF	NGL	Cell-Cell Contact	LRRC4B	PTPRF	LRRC4B	PTPRF	outgoing	TNK	0.0	0.0	1.0	1.0	False	False	0.0	other	False	False
GSE253013	GSE253013	DLK1_NOTCH1	NOTCH	Cell-Cell Contact	DLK1	NOTCH1	DLK1	NOTCH1	outgoing	TNK	0.0	0.0	1.0	1.0	False	False	0.0	other	False	False
GSE253013	GSE253013	DLK1_NOTCH2	NOTCH	Cell-Cell Contact	DLK1	NOTCH2	DLK1	NOTCH2	outgoing	TNK	0.0	0.0	1.0	1.0	False	False	0.0	other	False	False
GSE253013	GSE253013	DLK1_NOTCH3	NOTCH	Cell-Cell Contact	DLK1	NOTCH3	DLK1	NOTCH3	outgoing	TNK	0.0	0.0	1.0	1.0	False	False	0.0	other	False	False
GSE253013	GSE253013	DLK1_NOTCH4	NOTCH	Cell-Cell Contact	DLK1	NOTCH4	DLK1	NOTCH4	outgoing	TNK	0.0	0.0	1.0	1.0	False	False	0.0	other	False	False
GSE253013	GSE253013	DLL1_NOTCH1	NOTCH	Cell-Cell Contact	DLL1	NOTCH1	DLL1	NOTCH1	outgoing	TNK	0.0	0.0	1.0	1.0	False	False	0.0	other	False	False
GSE253013	GSE253013	DLL1_NOTCH3	NOTCH	Cell-Cell Contact	DLL1	NOTCH3	DLL1	NOTCH3	outgoing	TNK	0.0	0.0	1.0	1.0	False	False	0.0	other	False	False
GSE253013	GSE253013	DLL1_NOTCH4	NOTCH	Cell-Cell Contact	DLL1	NOTCH4	DLL1	NOTCH4	outgoing	TNK	0.0	0.0	1.0	1.0	False	False	0.0	other	False	False
GSE253013	GSE253013	DLL3_NOTCH1	NOTCH	Cell-Cell Contact	DLL3	NOTCH1	DLL3	NOTCH1	outgoing	TNK	0.0	0.0	1.0	1.0	False	False	0.0	other	False	False
GSE253013	GSE253013	DLL3_NOTCH2	NOTCH	Cell-Cell Contact	DLL3	NOTCH2	DLL3	NOTCH2	outgoing	TNK	0.0	0.0	1.0	1.0	False	False	0.0	other	False	False
GSE253013	GSE253013	DLL3_NOTCH3	NOTCH	Cell-Cell Contact	DLL3	NOTCH3	DLL3	NOTCH3	outgoing	TNK	0.0	0.0	1.0	1.0	False	False	0.0	other	False	False
GSE253013	GSE253013	DLL3_NOTCH4	NOTCH	Cell-Cell Contact	DLL3	NOTCH4	DLL3	NOTCH4	outgoing	TNK	0.0	0.0	1.0	1.0	False	False	0.0	other	False	False
GSE253013	GSE253013	DLL4_NOTCH1	NOTCH	Cell-Cell Contact	DLL4	NOTCH1	DLL4	NOTCH1	outgoing	TNK	0.0	0.0	1.0	1.0	False	False	0.0	other	False	False
GSE253013	GSE253013	DLL4_NOTCH2	NOTCH	Cell-Cell Contact	DLL4	NOTCH2	DLL4	NOTCH2	outgoing	TNK	0.0	0.0	1.0	1.0	False	False	0.0	other	False	False
GSE253013	GSE253013	DLL4_NOTCH3	NOTCH	Cell-Cell Contact	DLL4	NOTCH3	DLL4	NOTCH3	outgoing	TNK	0.0	0.0	1.0	1.0	False	False	0.0	other	False	False
GSE253013	GSE253013	DLL4_NOTCH4	NOTCH	Cell-Cell Contact	DLL4	NOTCH4	DLL4	NOTCH4	outgoing	TNK	0.0	0.0	1.0	1.0	False	False	0.0	other	False	False
GSE253013	GSE253013	JAG1_NOTCH1	NOTCH	Cell-Cell Contact	JAG1	NOTCH1	JAG1	NOTCH1	outgoing	TNK	0.0	0.0	1.0	1.0	False	False	0.0	other	False	False
GSE253013	GSE253013	JAG1_NOTCH2	NOTCH	Cell-Cell Contact	JAG1	NOTCH2	JAG1	NOTCH2	outgoing	TNK	0.0	0.0	1.0	1.0	False	False	0.0	other	False	False
GSE253013	GSE253013	JAG1_NOTCH3	NOTCH	Cell-Cell Contact	JAG1	NOTCH3	JAG1	NOTCH3	outgoing	TNK	0.0	0.0	1.0	1.0	False	False	0.0	other	False	False
GSE253013	GSE253013	JAG1_NOTCH4	NOTCH	Cell-Cell Contact	JAG1	NOTCH4	JAG1	NOTCH4	outgoing	TNK	0.0	0.0	1.0	1.0	False	False	0.0	other	False	False
GSE253013	GSE253013	JAG2_NOTCH1	NOTCH	Cell-Cell Contact	JAG2	NOTCH1	JAG2	NOTCH1	outgoing	TNK	0.0	0.0	1.0	1.0	False	False	0.0	other	False	False
GSE253013	GSE253013	JAG2_NOTCH2	NOTCH	Cell-Cell Contact	JAG2	NOTCH2	JAG2	NOTCH2	outgoing	TNK	0.0	0.0	1.0	1.0	False	False	0.0	other	False	False
GSE253013	GSE253013	JAG2_NOTCH3	NOTCH	Cell-Cell Contact	JAG2	NOTCH3	JAG2	NOTCH3	outgoing	TNK	0.0	0.0	1.0	1.0	False	False	0.0	other	False	False
GSE253013	GSE253013	JAG2_NOTCH4	NOTCH	Cell-Cell Contact	JAG2	NOTCH4	JAG2	NOTCH4	outgoing	TNK	0.0	0.0	1.0	1.0	False	False	0.0	other	False	False
GSE253013	GSE253013	DLL1_NOTCH2	NOTCH	Cell-Cell Contact	DLL1	NOTCH2	DLL1	NOTCH2	outgoing	TNK	0.0	0.0	1.0	1.0	False	False	0.0	other	False	False
GSE253013	GSE253013	NRXN1_NLGN1	NRXN	Cell-Cell Contact	NRXN1	NLGN1	NRXN1	NLGN1	outgoing	TNK	0.0	0.0	1.0	1.0	False	False	0.0	other	False	False
GSE253013	GSE253013	NRXN1_NLGN2	NRXN	Cell-Cell Contact	NRXN1	NLGN2	NRXN1	NLGN2	outgoing	TNK	0.0	0.0	1.0	1.0	False	False	0.0	other	False	False
GSE253013	GSE253013	NRXN1_NLGN3	NRXN	Cell-Cell Contact	NRXN1	NLGN3	NRXN1	NLGN3	outgoing	TNK	0.0	0.0	1.0	1.0	False	False	0.0	other	False	False
GSE253013	GSE253013	NRXN2_NLGN1	NRXN	Cell-Cell Contact	NRXN2	NLGN1	NRXN2	NLGN1	outgoing	TNK	0.0	0.0	1.0	1.0	False	False	0.0	other	False	False
GSE253013	GSE253013	NRXN2_NLGN2	NRXN	Cell-Cell Contact	NRXN2	NLGN2	NRXN2	NLGN2	outgoing	TNK	0.0	0.0	1.0	1.0	False	False	0.0	other	False	False
GSE253013	GSE253013	NRXN2_NLGN3	NRXN	Cell-Cell Contact	NRXN2	NLGN3	NRXN2	NLGN3	outgoing	TNK	0.0	0.0	1.0	1.0	False	False	0.0	other	False	False
GSE253013	GSE253013	NRXN3_NLGN1	NRXN	Cell-Cell Contact	NRXN3	NLGN1	NRXN3	NLGN1	outgoing	TNK	0.0	0.0	1.0	1.0	False	False	0.0	other	False	False
GSE253013	GSE253013	NRXN3_NLGN2	NRXN	Cell-Cell Contact	NRXN3	NLGN2	NRXN3	NLGN2	outgoing	TNK	0.0	0.0	1.0	1.0	False	False	0.0	other	False	False
GSE253013	GSE253013	NRXN3_NLGN3	NRXN	Cell-Cell Contact	NRXN3	NLGN3	NRXN3	NLGN3	outgoing	TNK	0.0	0.0	1.0	1.0	False	False	0.0	other	False	False
GSE253013	GSE253013	OCLN_OCLN	OCLN	Cell-Cell Contact	OCLN	OCLN	OCLN	OCLN	outgoing	TNK	0.0	0.0	1.0	1.0	False	False	0.0	barrier	False	False
GSE253013	GSE253013	CD274_PDCD1	PD-L1	Cell-Cell Contact	CD274	PDCD1	CD274	PDCD1	outgoing	TNK	0.0	0.0	1.0	1.0	False	False	0.0	inhibitory	False	False
GSE253013	GSE253013	PDCD1LG2_PDCD1	PDL2	Cell-Cell Contact	PDCD1LG2	PDCD1	PDCD1LG2	PDCD1	outgoing	TNK	0.0	0.0	1.0	1.0	False	False	0.0	inhibitory	False	False
GSE253013	GSE253013	PECAM1_PECAM1	PECAM1	Cell-Cell Contact	PECAM1	PECAM1	PECAM1	PECAM1	outgoing	TNK	0.0	0.0	1.0	1.0	False	False	0.0	other	False	False
GSE253013	GSE253013	PTPRM_PTPRM	PTPRM	Cell-Cell Contact	PTPRM	PTPRM	PTPRM	PTPRM	outgoing	TNK	0.0	0.0	1.0	1.0	False	False	0.0	other	False	False
GSE253013	GSE253013	PVR_CD226	PVR	Cell-Cell Contact	PVR	CD226	PVR	CD226	outgoing	TNK	0.0	0.0	1.0	1.0	False	False	0.0	barrier|inhibitory	False	False
GSE253013	GSE253013	PVR_TIGIT	PVR	Cell-Cell Contact	PVR	TIGIT	PVR	TIGIT	outgoing	TNK	0.0	0.0	1.0	1.0	False	False	0.0	barrier|inhibitory	False	False
GSE253013	GSE253013	SELE_CD44	SELE	Cell-Cell Contact	SELE	CD44	SELE	CD44	outgoing	TNK	0.0	0.0	1.0	1.0	False	False	0.0	other	False	False
GSE253013	GSE253013	SELE_GLG1	SELE	Cell-Cell Contact	SELE	GLG1	SELE	GLG1	outgoing	TNK	0.0	0.0	1.0	1.0	False	False	0.0	other	False	False
GSE253013	GSE253013	SELL_CD34	SELL	Cell-Cell Contact	SELL	CD34	SELL	CD34	outgoing	TNK	0.0	0.0	1.0	1.0	False	False	0.0	other	False	False
GSE253013	GSE253013	SELL_PODXL	SELL	Cell-Cell Contact	SELL	PODXL	SELL	PODXL	outgoing	TNK	0.0	0.0	1.0	1.0	False	False	0.0	other	False	False
GSE253013	GSE253013	SELL_MADCAM1	SELL	Cell-Cell Contact	SELL	MADCAM1	SELL	MADCAM1	outgoing	TNK	0.0	0.0	1.0	1.0	False	False	0.0	other	False	False
GSE253013	GSE253013	SELPLG_SELE	SELPLG	Cell-Cell Contact	SELPLG	SELE	SELPLG	SELE	outgoing	TNK	0.0	0.0	1.0	1.0	False	False	0.0	other	False	False
GSE253013	GSE253013	SELPLG_SELL	SELPLG	Cell-Cell Contact	SELPLG	SELL	SELPLG	SELL	outgoing	TNK	0.0	0.0	1.0	1.0	False	False	0.0	other	False	False
GSE253013	GSE253013	SELPLG_SELP	SELPLG	Cell-Cell Contact	SELPLG	SELP	SELPLG	SELP	outgoing	TNK	0.0	0.0	1.0	1.0	False	False	0.0	other	False	False
GSE253013	GSE253013	SEMA4A_PLXNB1	SEMA4	Cell-Cell Contact	SEMA4A	PLXNB1	SEMA4A	PLXNB1	outgoing	TNK	0.0	0.0	1.0	1.0	False	False	0.0	other	False	False
GSE253013	GSE253013	SEMA4A_PLXNB2	SEMA4	Cell-Cell Contact	SEMA4A	PLXNB2	SEMA4A	PLXNB2	outgoing	TNK	0.0	0.0	1.0	1.0	False	False	0.0	other	False	False
GSE253013	GSE253013	SEMA4A_PLXNB3	SEMA4	Cell-Cell Contact	SEMA4A	PLXNB3	SEMA4A	PLXNB3	outgoing	TNK	0.0	0.0	1.0	1.0	False	False	0.0	other	False	False
GSE253013	GSE253013	SEMA4D_PLXNB1	SEMA4	Cell-Cell Contact	SEMA4D	PLXNB1	SEMA4D	PLXNB1	outgoing	TNK	0.0	0.0	1.0	1.0	False	False	0.0	other	False	False
GSE253013	GSE253013	SEMA4D_PLXNB2	SEMA4	Cell-Cell Contact	SEMA4D	PLXNB2	SEMA4D	PLXNB2	outgoing	TNK	0.0	0.0	1.0	1.0	False	False	0.0	other	False	False
GSE253013	GSE253013	SEMA4D_PLXNB3	SEMA4	Cell-Cell Contact	SEMA4D	PLXNB3	SEMA4D	PLXNB3	outgoing	TNK	0.0	0.0	1.0	1.0	False	False	0.0	other	False	False
GSE253013	GSE253013	SEMA4C_PLXNB2	SEMA4	Cell-Cell Contact	SEMA4C	PLXNB2	SEMA4C	PLXNB2	outgoing	TNK	0.0	0.0	1.0	1.0	False	False	0.0	other	False	False
GSE253013	GSE253013	SEMA4G_PLXNB2	SEMA4	Cell-Cell Contact	SEMA4G	PLXNB2	SEMA4G	PLXNB2	outgoing	TNK	0.0	0.0	1.0	1.0	False	False	0.0	other	False	False
GSE253013	GSE253013	SEMA4D_CD72	SEMA4	Cell-Cell Contact	SEMA4D	CD72	SEMA4D	CD72	outgoing	TNK	0.0	0.0	1.0	1.0	False	False	0.0	other	False	False
GSE253013	GSE253013	SEMA5A_PLXNA1	SEMA5	Cell-Cell Contact	SEMA5A	PLXNA1	SEMA5A	PLXNA1	outgoing	TNK	0.0	0.0	1.0	1.0	False	False	0.0	other	False	False
GSE253013	GSE253013	SEMA5B_PLXNA1	SEMA5	Cell-Cell Contact	SEMA5B	PLXNA1	SEMA5B	PLXNA1	outgoing	TNK	0.0	0.0	1.0	1.0	False	False	0.0	other	False	False
GSE253013	GSE253013	SEMA5A_PLXNA3	SEMA5	Cell-Cell Contact	SEMA5A	PLXNA3	SEMA5A	PLXNA3	outgoing	TNK	0.0	0.0	1.0	1.0	False	False	0.0	other	False	False
GSE253013	GSE253013	SEMA5B_PLXNA3	SEMA5	Cell-Cell Contact	SEMA5B	PLXNA3	SEMA5B	PLXNA3	outgoing	TNK	0.0	0.0	1.0	1.0	False	False	0.0	other	False	False
GSE253013	GSE253013	SEMA5A_PLXNB3	SEMA5	Cell-Cell Contact	SEMA5A	PLXNB3	SEMA5A	PLXNB3	outgoing	TNK	0.0	0.0	1.0	1.0	False	False	0.0	other	False	False
GSE253013	GSE253013	SEMA6D_PLXNA1	SEMA6	Cell-Cell Contact	SEMA6D	PLXNA1	SEMA6D	PLXNA1	outgoing	TNK	0.0	0.0	1.0	1.0	False	False	0.0	other	False	False
GSE253013	GSE253013	SEMA6A_PLXNA2	SEMA6	Cell-Cell Contact	SEMA6A	PLXNA2	SEMA6A	PLXNA2	outgoing	TNK	0.0	0.0	1.0	1.0	False	False	0.0	other	False	False
GSE253013	GSE253013	SEMA6B_PLXNA2	SEMA6	Cell-Cell Contact	SEMA6B	PLXNA2	SEMA6B	PLXNA2	outgoing	TNK	0.0	0.0	1.0	1.0	False	False	0.0	other	False	False
GSE253013	GSE253013	SEMA6A_PLXNA4	SEMA6	Cell-Cell Contact	SEMA6A	PLXNA4	SEMA6A	PLXNA4	outgoing	TNK	0.0	0.0	1.0	1.0	False	False	0.0	other	False	False
GSE253013	GSE253013	SEMA6B_PLXNA4	SEMA6	Cell-Cell Contact	SEMA6B	PLXNA4	SEMA6B	PLXNA4	outgoing	TNK	0.0	0.0	1.0	1.0	False	False	0.0	other	False	False
GSE253013	GSE253013	SEMA7A_PLXNC1	SEMA7	Cell-Cell Contact	SEMA7A	PLXNC1	SEMA7A	PLXNC1	outgoing	TNK	0.0	0.0	1.0	1.0	False	False	0.0	other	False	False
GSE253013	GSE253013	SIGLEC1_SPN	SN	Cell-Cell Contact	SIGLEC1	SPN	SIGLEC1	SPN	outgoing	TNK	0.0	0.0	1.0	1.0	False	False	0.0	other	False	False
GSE253013	GSE253013	VSIR_IGSF11	VISTA	Cell-Cell Contact	VSIR	IGSF11	VSIR	IGSF11	outgoing	TNK	0.0	0.0	1.0	1.0	False	False	0.0	inhibitory	False	False
GSE253013	GSE253013	CDH3_CDH3	CDH	Cell-Cell Contact	CDH3	CDH3	CDH3	CDH3	outgoing	TNK	0.0	0.0	1.0	1.0	False	False	0.0	other	False	False
GSE253013	GSE253013	DSC1_DSG3	DESMOSOME	Cell-Cell Contact	DSC1	DSG3	DSC1	DSG3	outgoing	TNK	0.0	0.0	1.0	1.0	False	False	0.0	other	False	False
GSE253013	GSE253013	DSC1_DSG4	DESMOSOME	Cell-Cell Contact	DSC1	DSG4	DSC1	DSG4	outgoing	TNK	0.0	0.0	1.0	1.0	False	False	0.0	other	False	False
GSE253013	GSE253013	DSC2_DSG3	DESMOSOME	Cell-Cell Contact	DSC2	DSG3	DSC2	DSG3	outgoing	TNK	0.0	0.0	1.0	1.0	False	False	0.0	barrier	False	False
GSE253013	GSE253013	DSC2_DSG4	DESMOSOME	Cell-Cell Contact	DSC2	DSG4	DSC2	DSG4	outgoing	TNK	0.0	0.0	1.0	1.0	False	False	0.0	barrier	False	False
GSE253013	GSE253013	DSC3_DSG3	DESMOSOME	Cell-Cell Contact	DSC3	DSG3	DSC3	DSG3	outgoing	TNK	0.0	0.0	1.0	1.0	False	False	0.0	other	False	False
GSE253013	GSE253013	DSC3_DSG4	DESMOSOME	Cell-Cell Contact	DSC3	DSG4	DSC3	DSG4	outgoing	TNK	0.0	0.0	1.0	1.0	False	False	0.0	other	False	False
GSE253013	GSE253013	GJA5_GJA5	GAP	Cell-Cell Contact	GJA5	GJA5	GJA5	GJA5	outgoing	TNK	0.0	0.0	1.0	1.0	False	False	0.0	other	False	False
GSE253013	GSE253013	GJA1_GJA5	GAP	Cell-Cell Contact	GJA1	GJA5	GJA1	GJA5	outgoing	TNK	0.0	0.0	1.0	1.0	False	False	0.0	other	False	False
GSE253013	GSE253013	GJC1_GJA5	GAP	Cell-Cell Contact	GJC1	GJA5	GJC1	GJA5	outgoing	TNK	0.0	0.0	1.0	1.0	False	False	0.0	other	False	False
GSE253013	GSE253013	GJA3_GJA5	GAP	Cell-Cell Contact	GJA3	GJA5	GJA3	GJA5	outgoing	TNK	0.0	0.0	1.0	1.0	False	False	0.0	other	False	False
GSE253013	GSE253013	GJA1_GJA1	GAP	Cell-Cell Contact	GJA1	GJA1	GJA1	GJA1	outgoing	TNK	0.0	0.0	1.0	1.0	False	False	0.0	other	False	False
GSE253013	GSE253013	GJC1_GJA1	GAP	Cell-Cell Contact	GJC1	GJA1	GJC1	GJA1	outgoing	TNK	0.0	0.0	1.0	1.0	False	False	0.0	other	False	False
GSE253013	GSE253013	GJA3_GJA1	GAP	Cell-Cell Contact	GJA3	GJA1	GJA3	GJA1	outgoing	TNK	0.0	0.0	1.0	1.0	False	False	0.0	other	False	False
GSE253013	GSE253013	GJC1_GJC1	GAP	Cell-Cell Contact	GJC1	GJC1	GJC1	GJC1	outgoing	TNK	0.0	0.0	1.0	1.0	False	False	0.0	other	False	False
GSE253013	GSE253013	GJA3_GJC1	GAP	Cell-Cell Contact	GJA3	GJC1	GJA3	GJC1	outgoing	TNK	0.0	0.0	1.0	1.0	False	False	0.0	other	False	False
GSE253013	GSE253013	GJA3_GJA3	GAP	Cell-Cell Contact	GJA3	GJA3	GJA3	GJA3	outgoing	TNK	0.0	0.0	1.0	1.0	False	False	0.0	other	False	False
GSE253013	GSE253013	CLDN1_CLDN1	CLDN	Cell-Cell Contact	CLDN1	CLDN1	CLDN1	CLDN1	outgoing	TNK	0.0	0.0	1.0	1.0	False	False	0.0	barrier	False	False
GSE253013	GSE253013	CLDN2_CLDN2	CLDN	Cell-Cell Contact	CLDN2	CLDN2	CLDN2	CLDN2	outgoing	TNK	0.0	0.0	1.0	1.0	False	False	0.0	other	False	False
GSE253013	GSE253013	CLDN3_CLDN3	CLDN	Cell-Cell Contact	CLDN3	CLDN3	CLDN3	CLDN3	outgoing	TNK	0.0	0.0	1.0	1.0	False	False	0.0	barrier	False	False
GSE253013	GSE253013	PCDHA10_PCDHA10	PCDH	Cell-Cell Contact	PCDHA10	PCDHA10	PCDHA10	PCDHA10	outgoing	TNK	0.0	0.0	1.0	1.0	False	False	0.0	other	False	False
GSE253013	GSE253013	PCDHA11_PCDHA11	PCDH	Cell-Cell Contact	PCDHA11	PCDHA11	PCDHA11	PCDHA11	outgoing	TNK	0.0	0.0	1.0	1.0	False	False	0.0	other	False	False
GSE253013	GSE253013	PCDHA12_PCDHA12	PCDH	Cell-Cell Contact	PCDHA12	PCDHA12	PCDHA12	PCDHA12	outgoing	TNK	0.0	0.0	1.0	1.0	False	False	0.0	other	False	False
GSE253013	GSE253013	PCDHA13_PCDHA13	PCDH	Cell-Cell Contact	PCDHA13	PCDHA13	PCDHA13	PCDHA13	outgoing	TNK	0.0	0.0	1.0	1.0	False	False	0.0	other	False	False
GSE253013	GSE253013	PCDHA1_PCDHA1	PCDH	Cell-Cell Contact	PCDHA1	PCDHA1	PCDHA1	PCDHA1	outgoing	TNK	0.0	0.0	1.0	1.0	False	False	0.0	other	False	False
GSE253013	GSE253013	PCDHA2_PCDHA2	PCDH	Cell-Cell Contact	PCDHA2	PCDHA2	PCDHA2	PCDHA2	outgoing	TNK	0.0	0.0	1.0	1.0	False	False	0.0	other	False	False
GSE253013	GSE253013	PCDHA3_PCDHA3	PCDH	Cell-Cell Contact	PCDHA3	PCDHA3	PCDHA3	PCDHA3	outgoing	TNK	0.0	0.0	1.0	1.0	False	False	0.0	other	False	False
GSE253013	GSE253013	PCDHA4_PCDHA4	PCDH	Cell-Cell Contact	PCDHA4	PCDHA4	PCDHA4	PCDHA4	outgoing	TNK	0.0	0.0	1.0	1.0	False	False	0.0	other	False	False
GSE253013	GSE253013	PCDHA5_PCDHA5	PCDH	Cell-Cell Contact	PCDHA5	PCDHA5	PCDHA5	PCDHA5	outgoing	TNK	0.0	0.0	1.0	1.0	False	False	0.0	other	False	False
GSE253013	GSE253013	PCDHA6_PCDHA6	PCDH	Cell-Cell Contact	PCDHA6	PCDHA6	PCDHA6	PCDHA6	outgoing	TNK	0.0	0.0	1.0	1.0	False	False	0.0	other	False	False
GSE253013	GSE253013	PCDHA7_PCDHA7	PCDH	Cell-Cell Contact	PCDHA7	PCDHA7	PCDHA7	PCDHA7	outgoing	TNK	0.0	0.0	1.0	1.0	False	False	0.0	other	False	False
GSE253013	GSE253013	PCDHA8_PCDHA8	PCDH	Cell-Cell Contact	PCDHA8	PCDHA8	PCDHA8	PCDHA8	outgoing	TNK	0.0	0.0	1.0	1.0	False	False	0.0	other	False	False
GSE253013	GSE253013	PCDHA9_PCDHA9	PCDH	Cell-Cell Contact	PCDHA9	PCDHA9	PCDHA9	PCDHA9	outgoing	TNK	0.0	0.0	1.0	1.0	False	False	0.0	other	False	False
GSE253013	GSE253013	PCDHAC1_PCDHAC1	PCDH	Cell-Cell Contact	PCDHAC1	PCDHAC1	PCDHAC1	PCDHAC1	outgoing	TNK	0.0	0.0	1.0	1.0	False	False	0.0	other	False	False
GSE253013	GSE253013	PCDHAC2_PCDHAC2	PCDH	Cell-Cell Contact	PCDHAC2	PCDHAC2	PCDHAC2	PCDHAC2	outgoing	TNK	0.0	0.0	1.0	1.0	False	False	0.0	other	False	False
GSE253013	GSE253013	PCDHB1_PCDHB1	PCDH	Cell-Cell Contact	PCDHB1	PCDHB1	PCDHB1	PCDHB1	outgoing	TNK	0.0	0.0	1.0	1.0	False	False	0.0	other	False	False
GSE253013	GSE253013	PCDHB10_PCDHB10	PCDH	Cell-Cell Contact	PCDHB10	PCDHB10	PCDHB10	PCDHB10	outgoing	TNK	0.0	0.0	1.0	1.0	False	False	0.0	other	False	False
GSE253013	GSE253013	PCDHB11_PCDHB11	PCDH	Cell-Cell Contact	PCDHB11	PCDHB11	PCDHB11	PCDHB11	outgoing	TNK	0.0	0.0	1.0	1.0	False	False	0.0	other	False	False
GSE253013	GSE253013	PCDHB12_PCDHB12	PCDH	Cell-Cell Contact	PCDHB12	PCDHB12	PCDHB12	PCDHB12	outgoing	TNK	0.0	0.0	1.0	1.0	False	False	0.0	other	False	False
GSE253013	GSE253013	PCDHB13_PCDHB13	PCDH	Cell-Cell Contact	PCDHB13	PCDHB13	PCDHB13	PCDHB13	outgoing	TNK	0.0	0.0	1.0	1.0	False	False	0.0	other	False	False
GSE253013	GSE253013	PCDHB14_PCDHB14	PCDH	Cell-Cell Contact	PCDHB14	PCDHB14	PCDHB14	PCDHB14	outgoing	TNK	0.0	0.0	1.0	1.0	False	False	0.0	other	False	False
GSE253013	GSE253013	PCDHB15_PCDHB15	PCDH	Cell-Cell Contact	PCDHB15	PCDHB15	PCDHB15	PCDHB15	outgoing	TNK	0.0	0.0	1.0	1.0	False	False	0.0	other	False	False
GSE253013	GSE253013	PCDHB16_PCDHB16	PCDH	Cell-Cell Contact	PCDHB16	PCDHB16	PCDHB16	PCDHB16	outgoing	TNK	0.0	0.0	1.0	1.0	False	False	0.0	other	False	False
GSE253013	GSE253013	PCDHB2_PCDHB2	PCDH	Cell-Cell Contact	PCDHB2	PCDHB2	PCDHB2	PCDHB2	outgoing	TNK	0.0	0.0	1.0	1.0	False	False	0.0	other	False	False
GSE253013	GSE253013	PCDHB3_PCDHB3	PCDH	Cell-Cell Contact	PCDHB3	PCDHB3	PCDHB3	PCDHB3	outgoing	TNK	0.0	0.0	1.0	1.0	False	False	0.0	other	False	False
GSE253013	GSE253013	PCDHB4_PCDHB4	PCDH	Cell-Cell Contact	PCDHB4	PCDHB4	PCDHB4	PCDHB4	outgoing	TNK	0.0	0.0	1.0	1.0	False	False	0.0	other	False	False
GSE253013	GSE253013	PCDHB5_PCDHB5	PCDH	Cell-Cell Contact	PCDHB5	PCDHB5	PCDHB5	PCDHB5	outgoing	TNK	0.0	0.0	1.0	1.0	False	False	0.0	other	False	False
GSE253013	GSE253013	PCDHB6_PCDHB6	PCDH	Cell-Cell Contact	PCDHB6	PCDHB6	PCDHB6	PCDHB6	outgoing	TNK	0.0	0.0	1.0	1.0	False	False	0.0	other	False	False
GSE253013	GSE253013	PCDHB7_PCDHB7	PCDH	Cell-Cell Contact	PCDHB7	PCDHB7	PCDHB7	PCDHB7	outgoing	TNK	0.0	0.0	1.0	1.0	False	False	0.0	other	False	False
GSE253013	GSE253013	PCDHB8_PCDHB8	PCDH	Cell-Cell Contact	PCDHB8	PCDHB8	PCDHB8	PCDHB8	outgoing	TNK	0.0	0.0	1.0	1.0	False	False	0.0	other	False	False
GSE253013	GSE253013	PCDHB9_PCDHB9	PCDH	Cell-Cell Contact	PCDHB9	PCDHB9	PCDHB9	PCDHB9	outgoing	TNK	0.0	0.0	1.0	1.0	False	False	0.0	other	False	False
GSE253013	GSE253013	PCDHGA1_PCDHGA1	PCDH	Cell-Cell Contact	PCDHGA1	PCDHGA1	PCDHGA1	PCDHGA1	outgoing	TNK	0.0	0.0	1.0	1.0	False	False	0.0	other	False	False
GSE253013	GSE253013	PCDHGA10_PCDHGA10	PCDH	Cell-Cell Contact	PCDHGA10	PCDHGA10	PCDHGA10	PCDHGA10	outgoing	TNK	0.0	0.0	1.0	1.0	False	False	0.0	other	False	False
GSE253013	GSE253013	PCDHGA11_PCDHGA11	PCDH	Cell-Cell Contact	PCDHGA11	PCDHGA11	PCDHGA11	PCDHGA11	outgoing	TNK	0.0	0.0	1.0	1.0	False	False	0.0	other	False	False
GSE253013	GSE253013	PCDHGA12_PCDHGA12	PCDH	Cell-Cell Contact	PCDHGA12	PCDHGA12	PCDHGA12	PCDHGA12	outgoing	TNK	0.0	0.0	1.0	1.0	False	False	0.0	other	False	False
GSE253013	GSE253013	PCDHGA2_PCDHGA2	PCDH	Cell-Cell Contact	PCDHGA2	PCDHGA2	PCDHGA2	PCDHGA2	outgoing	TNK	0.0	0.0	1.0	1.0	False	False	0.0	other	False	False
GSE253013	GSE253013	PCDHGA3_PCDHGA3	PCDH	Cell-Cell Contact	PCDHGA3	PCDHGA3	PCDHGA3	PCDHGA3	outgoing	TNK	0.0	0.0	1.0	1.0	False	False	0.0	other	False	False
GSE253013	GSE253013	PCDHGA4_PCDHGA4	PCDH	Cell-Cell Contact	PCDHGA4	PCDHGA4	PCDHGA4	PCDHGA4	outgoing	TNK	0.0	0.0	1.0	1.0	False	False	0.0	other	False	False
GSE253013	GSE253013	PCDHGA5_PCDHGA5	PCDH	Cell-Cell Contact	PCDHGA5	PCDHGA5	PCDHGA5	PCDHGA5	outgoing	TNK	0.0	0.0	1.0	1.0	False	False	0.0	other	False	False
GSE253013	GSE253013	PCDHGA6_PCDHGA6	PCDH	Cell-Cell Contact	PCDHGA6	PCDHGA6	PCDHGA6	PCDHGA6	outgoing	TNK	0.0	0.0	1.0	1.0	False	False	0.0	other	False	False
GSE253013	GSE253013	PCDHGA7_PCDHGA7	PCDH	Cell-Cell Contact	PCDHGA7	PCDHGA7	PCDHGA7	PCDHGA7	outgoing	TNK	0.0	0.0	1.0	1.0	False	False	0.0	other	False	False
GSE253013	GSE253013	PCDHGA8_PCDHGA8	PCDH	Cell-Cell Contact	PCDHGA8	PCDHGA8	PCDHGA8	PCDHGA8	outgoing	TNK	0.0	0.0	1.0	1.0	False	False	0.0	other	False	False
GSE253013	GSE253013	PCDHGA9_PCDHGA9	PCDH	Cell-Cell Contact	PCDHGA9	PCDHGA9	PCDHGA9	PCDHGA9	outgoing	TNK	0.0	0.0	1.0	1.0	False	False	0.0	other	False	False
GSE253013	GSE253013	PCDHGB1_PCDHGB1	PCDH	Cell-Cell Contact	PCDHGB1	PCDHGB1	PCDHGB1	PCDHGB1	outgoing	TNK	0.0	0.0	1.0	1.0	False	False	0.0	other	False	False
GSE253013	GSE253013	PCDHGB2_PCDHGB2	PCDH	Cell-Cell Contact	PCDHGB2	PCDHGB2	PCDHGB2	PCDHGB2	outgoing	TNK	0.0	0.0	1.0	1.0	False	False	0.0	other	False	False
GSE253013	GSE253013	PCDHGB3_PCDHGB3	PCDH	Cell-Cell Contact	PCDHGB3	PCDHGB3	PCDHGB3	PCDHGB3	outgoing	TNK	0.0	0.0	1.0	1.0	False	False	0.0	other	False	False
GSE253013	GSE253013	PCDHGB4_PCDHGB4	PCDH	Cell-Cell Contact	PCDHGB4	PCDHGB4	PCDHGB4	PCDHGB4	outgoing	TNK	0.0	0.0	1.0	1.0	False	False	0.0	other	False	False
GSE253013	GSE253013	PCDHGB5_PCDHGB5	PCDH	Cell-Cell Contact	PCDHGB5	PCDHGB5	PCDHGB5	PCDHGB5	outgoing	TNK	0.0	0.0	1.0	1.0	False	False	0.0	other	False	False
GSE253013	GSE253013	PCDHGB6_PCDHGB6	PCDH	Cell-Cell Contact	PCDHGB6	PCDHGB6	PCDHGB6	PCDHGB6	outgoing	TNK	0.0	0.0	1.0	1.0	False	False	0.0	other	False	False
GSE253013	GSE253013	PCDHGB7_PCDHGB7	PCDH	Cell-Cell Contact	PCDHGB7	PCDHGB7	PCDHGB7	PCDHGB7	outgoing	TNK	0.0	0.0	1.0	1.0	False	False	0.0	other	False	False
GSE253013	GSE253013	PCDHGC3_PCDHGC3	PCDH	Cell-Cell Contact	PCDHGC3	PCDHGC3	PCDHGC3	PCDHGC3	outgoing	TNK	0.0	0.0	1.0	1.0	False	False	0.0	other	False	False
GSE253013	GSE253013	PCDHGC4_PCDHGC4	PCDH	Cell-Cell Contact	PCDHGC4	PCDHGC4	PCDHGC4	PCDHGC4	outgoing	TNK	0.0	0.0	1.0	1.0	False	False	0.0	other	False	False
GSE253013	GSE253013	PCDHGC5_PCDHGC5	PCDH	Cell-Cell Contact	PCDHGC5	PCDHGC5	PCDHGC5	PCDHGC5	outgoing	TNK	0.0	0.0	1.0	1.0	False	False	0.0	other	False	False
GSE253013	GSE253013	KLK6_F2R	KLK	Secreted Signaling	KLK6	F2R	KLK6	F2R	outgoing	TNK	0.0	0.0	1.0	1.0	False	False	0.0	other	False	False
GSE253013	GSE253013	KLK6_F2RL1	KLK	Secreted Signaling	KLK6	F2RL1	KLK6	F2RL1	outgoing	TNK	0.0	0.0	1.0	1.0	False	False	0.0	other	False	False
GSE253013	GSE253013	KLK5_F2RL1	KLK	Secreted Signaling	KLK5	F2RL1	KLK5	F2RL1	outgoing	TNK	0.0	0.0	1.0	1.0	False	False	0.0	other	False	False
GSE253013	GSE253013	KLK4_F2R	KLK	Secreted Signaling	KLK4	F2R	KLK4	F2R	outgoing	TNK	0.0	0.0	1.0	1.0	False	False	0.0	other	False	False
GSE253013	GSE253013	KLK1_F2R	KLK	Secreted Signaling	KLK1	F2R	KLK1	F2R	outgoing	TNK	0.0	0.0	1.0	1.0	False	False	0.0	other	False	False
GSE253013	GSE253013	KLK2_F2R	KLK	Secreted Signaling	KLK2	F2R	KLK2	F2R	outgoing	TNK	0.0	0.0	1.0	1.0	False	False	0.0	other	False	False
GSE253013	GSE253013	KLK14_F2R	KLK	Secreted Signaling	KLK14	F2R	KLK14	F2R	outgoing	TNK	0.0	0.0	1.0	1.0	False	False	0.0	other	False	False
GSE253013	GSE253013	KLK4_F2RL1	KLK	Secreted Signaling	KLK4	F2RL1	KLK4	F2RL1	outgoing	TNK	0.0	0.0	1.0	1.0	False	False	0.0	other	False	False
GSE253013	GSE253013	KLK2_F2RL1	KLK	Secreted Signaling	KLK2	F2RL1	KLK2	F2RL1	outgoing	TNK	0.0	0.0	1.0	1.0	False	False	0.0	other	False	False
GSE253013	GSE253013	KLK14_F2RL1	KLK	Secreted Signaling	KLK14	F2RL1	KLK14	F2RL1	outgoing	TNK	0.0	0.0	1.0	1.0	False	False	0.0	other	False	False
GSE253013	GSE253013	KLK7_F2RL1	KLK	Secreted Signaling	KLK7	F2RL1	KLK7	F2RL1	outgoing	TNK	0.0	0.0	1.0	1.0	False	False	0.0	other	False	False
GSE253013	GSE253013	KLK8_F2R	KLK	Secreted Signaling	KLK8	F2R	KLK8	F2R	outgoing	TNK	0.0	0.0	1.0	1.0	False	False	0.0	other	False	False
GSE253013	GSE253013	VTN_PLAUR	VTN	ECM-Receptor	VTN	PLAUR	VTN	PLAUR	outgoing	TNK	0.0	0.0	1.0	1.0	False	False	0.0	other	False	False
GSE253013	GSE253013	SDC1_ADGRA2	ADGRA	Cell-Cell Contact	SDC1	ADGRA2	SDC1	ADGRA2	outgoing	TNK	0.0	0.0	1.0	1.0	False	False	0.0	other	False	False
GSE253013	GSE253013	SDC2_ADGRA2	ADGRA	Cell-Cell Contact	SDC2	ADGRA2	SDC2	ADGRA2	outgoing	TNK	0.0	0.0	1.0	1.0	False	False	0.0	other	False	False
GSE253013	GSE253013	TAX1BP3_ADGRB1	ADGRB	Cell-Cell Contact	TAX1BP3	ADGRB1	TAX1BP3	ADGRB1	outgoing	TNK	0.0	0.0	1.0	1.0	False	False	0.0	other	False	False
GSE253013	GSE253013	RTN4R_ADGRB1	ADGRB	Cell-Cell Contact	RTN4R	ADGRB1	RTN4R	ADGRB1	outgoing	TNK	0.0	0.0	1.0	1.0	False	False	0.0	other	False	False
GSE253013	GSE253013	TAX1BP3_ADGRB2	ADGRB	Cell-Cell Contact	TAX1BP3	ADGRB2	TAX1BP3	ADGRB2	outgoing	TNK	0.0	0.0	1.0	1.0	False	False	0.0	other	False	False
GSE253013	GSE253013	C1QL1_ADGRB3	ADGRB	Cell-Cell Contact	C1QL1	ADGRB3	C1QL1	ADGRB3	outgoing	TNK	0.0	0.0	1.0	1.0	False	False	0.0	other	False	False
GSE253013	GSE253013	C1QL2_ADGRB3	ADGRB	Cell-Cell Contact	C1QL2	ADGRB3	C1QL2	ADGRB3	outgoing	TNK	0.0	0.0	1.0	1.0	False	False	0.0	other	False	False
GSE253013	GSE253013	C1QL3_ADGRB3	ADGRB	Cell-Cell Contact	C1QL3	ADGRB3	C1QL3	ADGRB3	outgoing	TNK	0.0	0.0	1.0	1.0	False	False	0.0	other	False	False
GSE253013	GSE253013	C1QL4_ADGRB3	ADGRB	Cell-Cell Contact	C1QL4	ADGRB3	C1QL4	ADGRB3	outgoing	TNK	0.0	0.0	1.0	1.0	False	False	0.0	other	False	False
GSE253013	GSE253013	THY1_ADGRE2	ADGRE	Cell-Cell Contact	THY1	ADGRE2	THY1	ADGRE2	outgoing	TNK	0.0	0.0	1.0	1.0	False	False	0.0	other	False	False
GSE253013	GSE253013	CD55_ADGRE5	ADGRE	Cell-Cell Contact	CD55	ADGRE5	CD55	ADGRE5	outgoing	TNK	0.5025821989549136	0.2769154564002938	0.009900990099009901	1.0	True	False	0.22566674255461983	other	True	True
GSE253013	GSE253013	LPAR1_ADGRE5	ADGRE	Cell-Cell Contact	LPAR1	ADGRE5	LPAR1	ADGRE5	outgoing	TNK	0.0	0.0	1.0	1.0	False	False	0.0	other	False	False
GSE253013	GSE253013	LPAR2_ADGRE5	ADGRE	Cell-Cell Contact	LPAR2	ADGRE5	LPAR2	ADGRE5	outgoing	TNK	0.0	0.0	1.0	1.0	False	False	0.0	other	False	False
GSE253013	GSE253013	LPAR3_ADGRE5	ADGRE	Cell-Cell Contact	LPAR3	ADGRE5	LPAR3	ADGRE5	outgoing	TNK	0.0	0.0	1.0	1.0	False	False	0.0	other	False	False
GSE253013	GSE253013	THY1_ADGRE5	ADGRE	Cell-Cell Contact	THY1	ADGRE5	THY1	ADGRE5	outgoing	TNK	0.0	0.0	1.0	1.0	False	False	0.0	other	False	False
GSE253013	GSE253013	SFTPD_ADGRE5	ADGRE	Cell-Cell Contact	SFTPD	ADGRE5	SFTPD	ADGRE5	outgoing	TNK	0.15320000899789876	0.3434721732978852	1.0	0.009900990099009901	False	True	-0.19027216429998645	other	True	True
GSE253013	GSE253013	COL3A1_ADGRG1	ADGRG	Cell-Cell Contact	COL3A1	ADGRG1	COL3A1	ADGRG1	outgoing	TNK	0.0	0.0	1.0	1.0	False	False	0.0	other	False	False
GSE253013	GSE253013	GAST_ADGRG1	ADGRG	Cell-Cell Contact	GAST	ADGRG1	GAST	ADGRG1	outgoing	TNK	0.0	0.0	1.0	1.0	False	False	0.0	other	False	False
GSE253013	GSE253013	TGM2_ADGRG1	ADGRG	Cell-Cell Contact	TGM2	ADGRG1	TGM2	ADGRG1	outgoing	TNK	0.0	0.0	1.0	1.0	False	False	0.0	other	False	False
GSE253013	GSE253013	COL4A1_ADGRG6	ADGRG	Cell-Cell Contact	COL4A1	ADGRG6	COL4A1	ADGRG6	outgoing	TNK	0.0	0.0	1.0	1.0	False	False	0.0	other	False	False
GSE253013	GSE253013	COL4A2_ADGRG6	ADGRG	Cell-Cell Contact	COL4A2	ADGRG6	COL4A2	ADGRG6	outgoing	TNK	0.0	0.0	1.0	1.0	False	False	0.0	other	False	False
GSE253013	GSE253013	COL4A3_ADGRG6	ADGRG	Cell-Cell Contact	COL4A3	ADGRG6	COL4A3	ADGRG6	outgoing	TNK	0.0	0.0	1.0	1.0	False	False	0.0	other	False	False
GSE253013	GSE253013	COL4A4_ADGRG6	ADGRG	Cell-Cell Contact	COL4A4	ADGRG6	COL4A4	ADGRG6	outgoing	TNK	0.0	0.0	1.0	1.0	False	False	0.0	other	False	False
GSE253013	GSE253013	COL4A5_ADGRG6	ADGRG	Cell-Cell Contact	COL4A5	ADGRG6	COL4A5	ADGRG6	outgoing	TNK	0.0	0.0	1.0	1.0	False	False	0.0	other	False	False
GSE253013	GSE253013	COL4A6_ADGRG6	ADGRG	Cell-Cell Contact	COL4A6	ADGRG6	COL4A6	ADGRG6	outgoing	TNK	0.0	0.0	1.0	1.0	False	False	0.0	other	False	False
GSE253013	GSE253013	LAMA2_ADGRG6	ADGRG	Cell-Cell Contact	LAMA2	ADGRG6	LAMA2	ADGRG6	outgoing	TNK	0.0	0.0	1.0	1.0	False	False	0.0	other	False	False
GSE253013	GSE253013	PRNP_ADGRG6	ADGRG	Cell-Cell Contact	PRNP	ADGRG6	PRNP	ADGRG6	outgoing	TNK	0.0	0.0	1.0	1.0	False	False	0.0	other	False	False
GSE253013	GSE253013	FLRT1_ADGRL1	ADGRL	Cell-Cell Contact	FLRT1	ADGRL1	FLRT1	ADGRL1	outgoing	TNK	0.0	0.0	1.0	1.0	False	False	0.0	other	False	False
GSE253013	GSE253013	FLRT2_ADGRL1	ADGRL	Cell-Cell Contact	FLRT2	ADGRL1	FLRT2	ADGRL1	outgoing	TNK	0.0	0.0	1.0	1.0	False	False	0.0	other	False	False
GSE253013	GSE253013	FLRT3_ADGRL1	ADGRL	Cell-Cell Contact	FLRT3	ADGRL1	FLRT3	ADGRL1	outgoing	TNK	0.0	0.0	1.0	1.0	False	False	0.0	other	False	False
GSE253013	GSE253013	NRXN1_ADGRL1	ADGRL	Cell-Cell Contact	NRXN1	ADGRL1	NRXN1	ADGRL1	outgoing	TNK	0.0	0.0	1.0	1.0	False	False	0.0	other	False	False
GSE253013	GSE253013	NRXN2_ADGRL1	ADGRL	Cell-Cell Contact	NRXN2	ADGRL1	NRXN2	ADGRL1	outgoing	TNK	0.0	0.0	1.0	1.0	False	False	0.0	other	False	False
GSE253013	GSE253013	NRXN3_ADGRL1	ADGRL	Cell-Cell Contact	NRXN3	ADGRL1	NRXN3	ADGRL1	outgoing	TNK	0.0	0.0	1.0	1.0	False	False	0.0	other	False	False
GSE253013	GSE253013	TENM1_ADGRL1	ADGRL	Cell-Cell Contact	TENM1	ADGRL1	TENM1	ADGRL1	outgoing	TNK	0.0	0.0	1.0	1.0	False	False	0.0	other	False	False
GSE253013	GSE253013	TENM2_ADGRL1	ADGRL	Cell-Cell Contact	TENM2	ADGRL1	TENM2	ADGRL1	outgoing	TNK	0.0	0.0	1.0	1.0	False	False	0.0	other	False	False
GSE253013	GSE253013	TENM3_ADGRL1	ADGRL	Cell-Cell Contact	TENM3	ADGRL1	TENM3	ADGRL1	outgoing	TNK	0.0	0.0	1.0	1.0	False	False	0.0	other	False	False
GSE253013	GSE253013	TENM4_ADGRL1	ADGRL	Cell-Cell Contact	TENM4	ADGRL1	TENM4	ADGRL1	outgoing	TNK	0.0	0.0	1.0	1.0	False	False	0.0	other	False	False
GSE253013	GSE253013	FLRT1_ADGRL2	ADGRL	Cell-Cell Contact	FLRT1	ADGRL2	FLRT1	ADGRL2	outgoing	TNK	0.0	0.0	1.0	1.0	False	False	0.0	other	False	False
GSE253013	GSE253013	FLRT2_ADGRL2	ADGRL	Cell-Cell Contact	FLRT2	ADGRL2	FLRT2	ADGRL2	outgoing	TNK	0.0	0.0	1.0	1.0	False	False	0.0	other	False	False
GSE253013	GSE253013	FLRT3_ADGRL2	ADGRL	Cell-Cell Contact	FLRT3	ADGRL2	FLRT3	ADGRL2	outgoing	TNK	0.0	0.0	1.0	1.0	False	False	0.0	other	False	False
GSE253013	GSE253013	TENM1_ADGRL2	ADGRL	Cell-Cell Contact	TENM1	ADGRL2	TENM1	ADGRL2	outgoing	TNK	0.0	0.0	1.0	1.0	False	False	0.0	other	False	False
GSE253013	GSE253013	TENM2_ADGRL2	ADGRL	Cell-Cell Contact	TENM2	ADGRL2	TENM2	ADGRL2	outgoing	TNK	0.0	0.0	1.0	1.0	False	False	0.0	other	False	False
GSE253013	GSE253013	TENM3_ADGRL2	ADGRL	Cell-Cell Contact	TENM3	ADGRL2	TENM3	ADGRL2	outgoing	TNK	0.0	0.0	1.0	1.0	False	False	0.0	other	False	False
GSE253013	GSE253013	TENM4_ADGRL2	ADGRL	Cell-Cell Contact	TENM4	ADGRL2	TENM4	ADGRL2	outgoing	TNK	0.0	0.0	1.0	1.0	False	False	0.0	other	False	False
GSE253013	GSE253013	FLRT1_ADGRL3	ADGRL	Cell-Cell Contact	FLRT1	ADGRL3	FLRT1	ADGRL3	outgoing	TNK	0.0	0.0	1.0	1.0	False	False	0.0	other	False	False
GSE253013	GSE253013	FLRT2_ADGRL3	ADGRL	Cell-Cell Contact	FLRT2	ADGRL3	FLRT2	ADGRL3	outgoing	TNK	0.0	0.0	1.0	1.0	False	False	0.0	other	False	False
GSE253013	GSE253013	FLRT3_ADGRL3	ADGRL	Cell-Cell Contact	FLRT3	ADGRL3	FLRT3	ADGRL3	outgoing	TNK	0.0	0.0	1.0	1.0	False	False	0.0	other	False	False
GSE253013	GSE253013	TENM1_ADGRL3	ADGRL	Cell-Cell Contact	TENM1	ADGRL3	TENM1	ADGRL3	outgoing	TNK	0.0	0.0	1.0	1.0	False	False	0.0	other	False	False
GSE253013	GSE253013	TENM2_ADGRL3	ADGRL	Cell-Cell Contact	TENM2	ADGRL3	TENM2	ADGRL3	outgoing	TNK	0.0	0.0	1.0	1.0	False	False	0.0	other	False	False
GSE253013	GSE253013	TENM3_ADGRL3	ADGRL	Cell-Cell Contact	TENM3	ADGRL3	TENM3	ADGRL3	outgoing	TNK	0.0	0.0	1.0	1.0	False	False	0.0	other	False	False
GSE253013	GSE253013	TENM4_ADGRL3	ADGRL	Cell-Cell Contact	TENM4	ADGRL3	TENM4	ADGRL3	outgoing	TNK	0.0	0.0	1.0	1.0	False	False	0.0	other	False	False
GSE253013	GSE253013	UNC5A_ADGRL3	ADGRL	Cell-Cell Contact	UNC5A	ADGRL3	UNC5A	ADGRL3	outgoing	TNK	0.0	0.0	1.0	1.0	False	False	0.0	other	False	False
GSE253013	GSE253013	FLRT1_FLRT1	FLRT	Cell-Cell Contact	FLRT1	FLRT1	FLRT1	FLRT1	outgoing	TNK	0.0	0.0	1.0	1.0	False	False	0.0	other	False	False
GSE253013	GSE253013	FLRT2_FLRT2	FLRT	Cell-Cell Contact	FLRT2	FLRT2	FLRT2	FLRT2	outgoing	TNK	0.0	0.0	1.0	1.0	False	False	0.0	other	False	False
GSE253013	GSE253013	FLRT3_FLRT3	FLRT	Cell-Cell Contact	FLRT3	FLRT3	FLRT3	FLRT3	outgoing	TNK	0.0	0.0	1.0	1.0	False	False	0.0	other	False	False
GSE253013	GSE253013	FLRT1_UNC5A	UNC5	Cell-Cell Contact	FLRT1	UNC5A	FLRT1	UNC5A	outgoing	TNK	0.0	0.0	1.0	1.0	False	False	0.0	other	False	False
GSE253013	GSE253013	FLRT2_UNC5A	UNC5	Cell-Cell Contact	FLRT2	UNC5A	FLRT2	UNC5A	outgoing	TNK	0.0	0.0	1.0	1.0	False	False	0.0	other	False	False
GSE253013	GSE253013	FLRT3_UNC5A	UNC5	Cell-Cell Contact	FLRT3	UNC5A	FLRT3	UNC5A	outgoing	TNK	0.0	0.0	1.0	1.0	False	False	0.0	other	False	False
GSE253013	GSE253013	FLRT1_UNC5B	UNC5	Cell-Cell Contact	FLRT1	UNC5B	FLRT1	UNC5B	outgoing	TNK	0.0	0.0	1.0	1.0	False	False	0.0	other	False	False
GSE253013	GSE253013	FLRT2_UNC5B	UNC5	Cell-Cell Contact	FLRT2	UNC5B	FLRT2	UNC5B	outgoing	TNK	0.0	0.0	1.0	1.0	False	False	0.0	other	False	False
GSE253013	GSE253013	FLRT3_UNC5B	UNC5	Cell-Cell Contact	FLRT3	UNC5B	FLRT3	UNC5B	outgoing	TNK	0.0	0.0	1.0	1.0	False	False	0.0	other	False	False
GSE253013	GSE253013	FLRT1_UNC5C	UNC5	Cell-Cell Contact	FLRT1	UNC5C	FLRT1	UNC5C	outgoing	TNK	0.0	0.0	1.0	1.0	False	False	0.0	other	False	False
GSE253013	GSE253013	FLRT2_UNC5C	UNC5	Cell-Cell Contact	FLRT2	UNC5C	FLRT2	UNC5C	outgoing	TNK	0.0	0.0	1.0	1.0	False	False	0.0	other	False	False
GSE253013	GSE253013	FLRT3_UNC5C	UNC5	Cell-Cell Contact	FLRT3	UNC5C	FLRT3	UNC5C	outgoing	TNK	0.0	0.0	1.0	1.0	False	False	0.0	other	False	False
GSE253013	GSE253013	FLRT1_UNC5D	UNC5	Cell-Cell Contact	FLRT1	UNC5D	FLRT1	UNC5D	outgoing	TNK	0.0	0.0	1.0	1.0	False	False	0.0	other	False	False
GSE253013	GSE253013	FLRT2_UNC5D	UNC5	Cell-Cell Contact	FLRT2	UNC5D	FLRT2	UNC5D	outgoing	TNK	0.0	0.0	1.0	1.0	False	False	0.0	other	False	False
GSE253013	GSE253013	FLRT3_UNC5D	UNC5	Cell-Cell Contact	FLRT3	UNC5D	FLRT3	UNC5D	outgoing	TNK	0.0	0.0	1.0	1.0	False	False	0.0	other	False	False
GSE253013	GSE253013	AGT_AGTR2	AGT	Secreted Signaling	AGT	AGTR2	AGT	AGTR2	outgoing	TNK	0.0	0.0	1.0	1.0	False	False	0.0	other	False	False
GSE253013	GSE253013	NRXN1_CLSTN1	NRXN	Cell-Cell Contact	NRXN1	CLSTN1	NRXN1	CLSTN1	outgoing	TNK	0.0	0.0	1.0	1.0	False	False	0.0	other	False	False
GSE253013	GSE253013	NRXN2_CLSTN1	NRXN	Cell-Cell Contact	NRXN2	CLSTN1	NRXN2	CLSTN1	outgoing	TNK	0.0	0.0	1.0	1.0	False	False	0.0	other	False	False
GSE253013	GSE253013	Q9HDB5_CLSTN1	NRXN	Cell-Cell Contact	NRXN3	CLSTN1	NRXN3	CLSTN1	outgoing	TNK	0.0	0.0	1.0	1.0	False	False	0.0	other	False	False
GSE253013	GSE253013	NRXN1_CLSTN2	NRXN	Cell-Cell Contact	NRXN1	CLSTN2	NRXN1	CLSTN2	outgoing	TNK	0.0	0.0	1.0	1.0	False	False	0.0	other	False	False
GSE253013	GSE253013	NRXN2_CLSTN2	NRXN	Cell-Cell Contact	NRXN2	CLSTN2	NRXN2	CLSTN2	outgoing	TNK	0.0	0.0	1.0	1.0	False	False	0.0	other	False	False
GSE253013	GSE253013	Q9HDB5_CLSTN2	NRXN	Cell-Cell Contact	NRXN3	CLSTN2	NRXN3	CLSTN2	outgoing	TNK	0.0	0.0	1.0	1.0	False	False	0.0	other	False	False
GSE253013	GSE253013	NRXN1_CLSTN3	NRXN	Cell-Cell Contact	NRXN1	CLSTN3	NRXN1	CLSTN3	outgoing	TNK	0.0	0.0	1.0	1.0	False	False	0.0	other	False	False
GSE253013	GSE253013	NRXN2_CLSTN3	NRXN	Cell-Cell Contact	NRXN2	CLSTN3	NRXN2	CLSTN3	outgoing	TNK	0.0	0.0	1.0	1.0	False	False	0.0	other	False	False
GSE253013	GSE253013	Q9HDB5_CLSTN3	NRXN	Cell-Cell Contact	NRXN3	CLSTN3	NRXN3	CLSTN3	outgoing	TNK	0.0	0.0	1.0	1.0	False	False	0.0	other	False	False
GSE253013	GSE253013	NRXN1_DAG1	NRXN	Cell-Cell Contact	NRXN1	DAG1	NRXN1	DAG1	outgoing	TNK	0.0	0.0	1.0	1.0	False	False	0.0	other	False	False
GSE253013	GSE253013	NRXN2_DAG1	NRXN	Cell-Cell Contact	NRXN2	DAG1	NRXN2	DAG1	outgoing	TNK	0.0	0.0	1.0	1.0	False	False	0.0	other	False	False
GSE253013	GSE253013	CTSG_FPR1	CTSG	Secreted Signaling	CTSG	FPR1	CTSG	FPR1	outgoing	TNK	0.0	0.0	1.0	1.0	False	False	0.0	other	False	False
GSE253013	GSE253013	ANXA1_FPR3	ANNEXIN	Secreted Signaling	ANXA1	FPR3	ANXA1	FPR3	outgoing	TNK	0.0	0.0	1.0	1.0	False	False	0.0	other	False	False
GSE253013	GSE253013	GALP_GALR3	GALANIN	Secreted Signaling	GALP	GALR3	GALP	GALR3	outgoing	TNK	0.0	0.0	1.0	1.0	False	False	0.0	other	False	False
GSE253013	GSE253013	LRFN4_PTPRD	PTPR	Cell-Cell Contact	LRFN4	PTPRD	LRFN4	PTPRD	outgoing	TNK	0.0	0.0	1.0	1.0	False	False	0.0	other	False	False
GSE253013	GSE253013	LRFN4_PTPRF	PTPR	Cell-Cell Contact	LRFN4	PTPRF	LRFN4	PTPRF	outgoing	TNK	0.0	0.0	1.0	1.0	False	False	0.0	other	False	False
GSE253013	GSE253013	LRFN4_PTPRS	PTPR	Cell-Cell Contact	LRFN4	PTPRS	LRFN4	PTPRS	outgoing	TNK	0.0	0.0	1.0	1.0	False	False	0.0	other	False	False
GSE253013	GSE253013	LRFN5_PTPRD	PTPR	Cell-Cell Contact	LRFN5	PTPRD	LRFN5	PTPRD	outgoing	TNK	0.0	0.0	1.0	1.0	False	False	0.0	other	False	False
GSE253013	GSE253013	LRFN5_PTPRF	PTPR	Cell-Cell Contact	LRFN5	PTPRF	LRFN5	PTPRF	outgoing	TNK	0.0	0.0	1.0	1.0	False	False	0.0	other	False	False
GSE253013	GSE253013	LRFN5_PTPRS	PTPR	Cell-Cell Contact	LRFN5	PTPRS	LRFN5	PTPRS	outgoing	TNK	0.0	0.0	1.0	1.0	False	False	0.0	other	False	False
GSE253013	GSE253013	LRRC4B_PTPRD	PTPR	Cell-Cell Contact	LRRC4B	PTPRD	LRRC4B	PTPRD	outgoing	TNK	0.0	0.0	1.0	1.0	False	False	0.0	other	False	False
GSE253013	GSE253013	LRRC4B_PTPRS	PTPR	Cell-Cell Contact	LRRC4B	PTPRS	LRRC4B	PTPRS	outgoing	TNK	0.0	0.0	1.0	1.0	False	False	0.0	other	False	False
GSE253013	GSE253013	LRRC4C_PTPRF	PTPR	Cell-Cell Contact	LRRC4C	PTPRF	LRRC4C	PTPRF	outgoing	TNK	0.0	0.0	1.0	1.0	False	False	0.0	other	False	False
GSE253013	GSE253013	NRXN1_LRRTM1	NRXN	Cell-Cell Contact	NRXN1	LRRTM1	NRXN1	LRRTM1	outgoing	TNK	0.0	0.0	1.0	1.0	False	False	0.0	other	False	False
GSE253013	GSE253013	NRXN2_LRRTM1	NRXN	Cell-Cell Contact	NRXN2	LRRTM1	NRXN2	LRRTM1	outgoing	TNK	0.0	0.0	1.0	1.0	False	False	0.0	other	False	False
GSE253013	GSE253013	NRXN3_LRRTM1	NRXN	Cell-Cell Contact	NRXN3	LRRTM1	NRXN3	LRRTM1	outgoing	TNK	0.0	0.0	1.0	1.0	False	False	0.0	other	False	False
GSE253013	GSE253013	NRXN1_LRRTM2	NRXN	Cell-Cell Contact	NRXN1	LRRTM2	NRXN1	LRRTM2	outgoing	TNK	0.0	0.0	1.0	1.0	False	False	0.0	other	False	False
GSE253013	GSE253013	NRXN2_LRRTM2	NRXN	Cell-Cell Contact	NRXN2	LRRTM2	NRXN2	LRRTM2	outgoing	TNK	0.0	0.0	1.0	1.0	False	False	0.0	other	False	False
GSE253013	GSE253013	NRXN3_LRRTM2	NRXN	Cell-Cell Contact	NRXN3	LRRTM2	NRXN3	LRRTM2	outgoing	TNK	0.0	0.0	1.0	1.0	False	False	0.0	other	False	False
GSE253013	GSE253013	NRXN1_LRRTM3	NRXN	Cell-Cell Contact	NRXN1	LRRTM3	NRXN1	LRRTM3	outgoing	TNK	0.0	0.0	1.0	1.0	False	False	0.0	other	False	False
GSE253013	GSE253013	NRXN2_LRRTM3	NRXN	Cell-Cell Contact	NRXN2	LRRTM3	NRXN2	LRRTM3	outgoing	TNK	0.0	0.0	1.0	1.0	False	False	0.0	other	False	False
GSE253013	GSE253013	NRXN3_LRRTM3	NRXN	Cell-Cell Contact	NRXN3	LRRTM3	NRXN3	LRRTM3	outgoing	TNK	0.0	0.0	1.0	1.0	False	False	0.0	other	False	False
GSE253013	GSE253013	NRXN1_LRRTM4	NRXN	Cell-Cell Contact	NRXN1	LRRTM4	NRXN1	LRRTM4	outgoing	TNK	0.0	0.0	1.0	1.0	False	False	0.0	other	False	False
GSE253013	GSE253013	NRXN2_LRRTM4	NRXN	Cell-Cell Contact	NRXN2	LRRTM4	NRXN2	LRRTM4	outgoing	TNK	0.0	0.0	1.0	1.0	False	False	0.0	other	False	False
GSE253013	GSE253013	NRXN3_LRRTM4	NRXN	Cell-Cell Contact	NRXN3	LRRTM4	NRXN3	LRRTM4	outgoing	TNK	0.0	0.0	1.0	1.0	False	False	0.0	other	False	False
GSE253013	GSE253013	LRRTM4_PTPRS	PTPR	Cell-Cell Contact	PTPRS	LRRTM4	PTPRS	LRRTM4	outgoing	TNK	0.0	0.0	1.0	1.0	False	False	0.0	other	False	False
GSE253013	GSE253013	GRP_NMBR	GRP	Secreted Signaling	GRP	NMBR	GRP	NMBR	outgoing	TNK	0.0	0.0	1.0	1.0	False	False	0.0	other	False	False
GSE253013	GSE253013	PTPRS_NTRK3	PTPR	Secreted Signaling	PTPRS	NTRK3	PTPRS	NTRK3	outgoing	TNK	0.0	0.0	1.0	1.0	False	False	0.0	other	False	False
GSE253013	GSE253013	VIP_SCTR	VIP	Secreted Signaling	VIP	SCTR	VIP	SCTR	outgoing	TNK	0.0	0.0	1.0	1.0	False	False	0.0	other	False	False
GSE253013	GSE253013	SLITRK1_PTPRD	SLITRK	Secreted Signaling	SLITRK1	PTPRD	SLITRK1	PTPRD	outgoing	TNK	0.0	0.0	1.0	1.0	False	False	0.0	other	False	False
GSE253013	GSE253013	SLITRK1_PTPRS	SLITRK	Secreted Signaling	SLITRK1	PTPRS	SLITRK1	PTPRS	outgoing	TNK	0.0	0.0	1.0	1.0	False	False	0.0	other	False	False
GSE253013	GSE253013	SLITRK2_PTPRD	SLITRK	Secreted Signaling	SLITRK2	PTPRD	SLITRK2	PTPRD	outgoing	TNK	0.0	0.0	1.0	1.0	False	False	0.0	other	False	False
GSE253013	GSE253013	SLITRK2_PTPRS	SLITRK	Secreted Signaling	SLITRK2	PTPRS	SLITRK2	PTPRS	outgoing	TNK	0.0	0.0	1.0	1.0	False	False	0.0	other	False	False
GSE253013	GSE253013	SLITRK3_PTPRD	SLITRK	Secreted Signaling	SLITRK3	PTPRD	SLITRK3	PTPRD	outgoing	TNK	0.0	0.0	1.0	1.0	False	False	0.0	other	False	False
GSE253013	GSE253013	SLITRK4_PTPRS	SLITRK	Secreted Signaling	SLITRK4	PTPRS	SLITRK4	PTPRS	outgoing	TNK	0.0	0.0	1.0	1.0	False	False	0.0	other	False	False
GSE253013	GSE253013	SLITRK5_PTPRS	SLITRK	Secreted Signaling	SLITRK5	PTPRS	SLITRK5	PTPRS	outgoing	TNK	0.0	0.0	1.0	1.0	False	False	0.0	other	False	False
GSE253013	GSE253013	SLITRK6_PTPRS	SLITRK	Secreted Signaling	SLITRK6	PTPRS	SLITRK6	PTPRS	outgoing	TNK	0.0	0.0	1.0	1.0	False	False	0.0	other	False	False
GSE253013	GSE253013	APP_SORL1	APP	Cell-Cell Contact	APP	SORL1	APP	SORL1	outgoing	TNK	0.045341008580072374	0.023614904959089206	0.009900990099009901	1.0	True	False	0.021726103620983168	other	True	True
GSE253013	GSE253013	APP_TNFRSF21	APP	Cell-Cell Contact	APP	TNFRSF21	APP	TNFRSF21	outgoing	TNK	0.0	0.0	1.0	1.0	False	False	0.0	other	False	False
GSE253013	GSE253013	ENTPD1_ADORA3	CD39	Cell-Cell Contact	ADORA3	ENTPD1	ADORA3	ENTPD1	outgoing	TNK	0.0	0.0	1.0	1.0	False	False	0.0	other	False	False
GSE253013	GSE253013	APOA1_ABCA1	ApoA	Cell-Cell Contact	APOA1	ABCA1	APOA1	ABCA1	outgoing	TNK	0.0	0.0	1.0	1.0	False	False	0.0	other	False	False
GSE253013	GSE253013	APOB_APOBR	ApoB	Cell-Cell Contact	APOB	APOBR	APOB	APOBR	outgoing	TNK	0.0	0.0	1.0	1.0	False	False	0.0	other	False	False
GSE253013	GSE253013	BDNF_SORT1	NT	Secreted Signaling	BDNF	SORT1	BDNF	SORT1	outgoing	TNK	0.0	0.0	1.0	1.0	False	False	0.0	other	False	False
GSE253013	GSE253013	BDNF_NGFR	NT	Secreted Signaling	BDNF	NGFR	BDNF	NGFR	outgoing	TNK	0.0	0.0	1.0	1.0	False	False	0.0	other	False	False
GSE253013	GSE253013	CD160_TNFRSF14	CD160	Cell-Cell Contact	CD160	TNFRSF14	CD160	TNFRSF14	outgoing	TNK	0.0	0.0	1.0	1.0	False	False	0.0	other	False	False
GSE253013	GSE253013	CADM1_NECTIN3	CADM	Cell-Cell Contact	CADM1	NECTIN3	CADM1	NECTIN3	outgoing	TNK	0.0	0.0	1.0	1.0	False	False	0.0	barrier	False	False
GSE253013	GSE253013	CADM3_CADM1	CADM	Cell-Cell Contact	CADM3	CADM1	CADM3	CADM1	outgoing	TNK	0.0	0.0	1.0	1.0	False	False	0.0	other	False	False
GSE253013	GSE253013	CADM3_CADM4	CADM	Cell-Cell Contact	CADM3	CADM4	CADM3	CADM4	outgoing	TNK	0.0	0.0	1.0	1.0	False	False	0.0	other	False	False
GSE253013	GSE253013	CADM3_EPB41L1	CADM	Cell-Cell Contact	CADM3	EPB41L1	CADM3	EPB41L1	outgoing	TNK	0.0	0.0	1.0	1.0	False	False	0.0	other	False	False
GSE253013	GSE253013	CADM3_NECTIN3	CADM	Cell-Cell Contact	CADM3	NECTIN3	CADM3	NECTIN3	outgoing	TNK	0.0	0.0	1.0	1.0	False	False	0.0	other	False	False
GSE253013	GSE253013	CD276_TREML2	CD276	Cell-Cell Contact	CD276	TREML2	CD276	TREML2	outgoing	TNK	0.0	0.0	1.0	1.0	False	False	0.0	inhibitory	False	False
GSE253013	GSE253013	CD99_PILRB	CD99	Cell-Cell Contact	CD99	PILRB	CD99	PILRB	outgoing	TNK	0.0	0.0	1.0	1.0	False	False	0.0	other	False	False
GSE253013	GSE253013	CEACAM1_CEACAM6	CEACAM	Cell-Cell Contact	CEACAM1	CEACAM6	CEACAM1	CEACAM6	outgoing	TNK	0.0	0.0	1.0	1.0	False	False	0.0	barrier	False	False
GSE253013	GSE253013	CEACAM1_CEACAM8	CEACAM	Cell-Cell Contact	CEACAM1	CEACAM8	CEACAM1	CEACAM8	outgoing	TNK	0.0	0.0	1.0	1.0	False	False	0.0	barrier	False	False
GSE253013	GSE253013	CEACAM5_CEACAM6	CEACAM	Cell-Cell Contact	CEACAM5	CEACAM6	CEACAM5	CEACAM6	outgoing	TNK	0.0	0.0	1.0	1.0	False	False	0.0	barrier	False	False
GSE253013	GSE253013	CEACAM6_CEACAM6	CEACAM	Cell-Cell Contact	CEACAM6	CEACAM6	CEACAM6	CEACAM6	outgoing	TNK	0.0	0.0	1.0	1.0	False	False	0.0	barrier	False	False
GSE253013	GSE253013	CEACAM8_CEACAM6	CEACAM	Cell-Cell Contact	CEACAM8	CEACAM6	CEACAM8	CEACAM6	outgoing	TNK	0.0	0.0	1.0	1.0	False	False	0.0	other	False	False
GSE253013	GSE253013	CNTN1_NOTCH1	CNTN	Cell-Cell Contact	CNTN1	NOTCH1	CNTN1	NOTCH1	outgoing	TNK	0.0	0.0	1.0	1.0	False	False	0.0	other	False	False
GSE253013	GSE253013	CNTN1_NOTCH2	CNTN	Cell-Cell Contact	CNTN1	NOTCH2	CNTN1	NOTCH2	outgoing	TNK	0.0	0.0	1.0	1.0	False	False	0.0	other	False	False
GSE253013	GSE253013	CRTAM_CADM1	CADM	Cell-Cell Contact	CRTAM	CADM1	CRTAM	CADM1	outgoing	TNK	0.0	0.0	1.0	1.0	False	False	0.0	other	False	False
GSE253013	GSE253013	IGFBP3_TMEM219	IGFBP	Secreted Signaling	IGFBP3	TMEM219	IGFBP3	TMEM219	outgoing	TNK	0.024531700926357054	0.0022667523803125552	0.009900990099009901	1.0	True	False	0.022264948546044497	other	True	True
GSE253013	GSE253013	LAIR1_LILRB4	LAIR1	Cell-Cell Contact	LAIR1	LILRB4	LAIR1	LILRB4	outgoing	TNK	0.0	0.0	1.0	1.0	False	False	0.0	other	False	False
GSE253013	GSE253013	LGALS9_P4HB	GALECTIN	Secreted Signaling	LGALS9	P4HB	LGALS9	P4HB	outgoing	TNK	0.11173784808727788	0.060200109344535395	0.009900990099009901	1.0	True	False	0.051537738742742485	inhibitory	True	True
GSE253013	GSE253013	NTN1_DCC	Netrin	Cell-Cell Contact	NTN1	DCC	NTN1	DCC	outgoing	TNK	0.0	0.0	1.0	1.0	False	False	0.0	other	False	False
GSE253013	GSE253013	NTN1_DSCAM	Netrin	Cell-Cell Contact	NTN1	DSCAM	NTN1	DSCAM	outgoing	TNK	0.0	0.0	1.0	1.0	False	False	0.0	other	False	False
GSE253013	GSE253013	NTN1_UNC5A	Netrin	Cell-Cell Contact	NTN1	UNC5A	NTN1	UNC5A	outgoing	TNK	0.0	0.0	1.0	1.0	False	False	0.0	other	False	False
GSE253013	GSE253013	NTN1_UNC5B	Netrin	Cell-Cell Contact	NTN1	UNC5B	NTN1	UNC5B	outgoing	TNK	0.0	0.0	1.0	1.0	False	False	0.0	other	False	False
GSE253013	GSE253013	NTN1_UNC5C	Netrin	Cell-Cell Contact	NTN1	UNC5C	NTN1	UNC5C	outgoing	TNK	0.0	0.0	1.0	1.0	False	False	0.0	other	False	False
GSE253013	GSE253013	NTN4_NTRK2	Netrin	Cell-Cell Contact	NTN4	NTRK2	NTN4	NTRK2	outgoing	TNK	0.0	0.0	1.0	1.0	False	False	0.0	other	False	False
GSE253013	GSE253013	NTN4_UNC5B	Netrin	Cell-Cell Contact	NTN4	UNC5B	NTN4	UNC5B	outgoing	TNK	0.0	0.0	1.0	1.0	False	False	0.0	other	False	False
GSE253013	GSE253013	NTN4_UNC5D	Netrin	Cell-Cell Contact	NTN4	UNC5D	NTN4	UNC5D	outgoing	TNK	0.0	0.0	1.0	1.0	False	False	0.0	other	False	False
GSE253013	GSE253013	NTS_SORT1	NTS	Secreted Signaling	NTS	SORT1	NTS	SORT1	outgoing	TNK	0.0	0.0	1.0	1.0	False	False	0.0	other	False	False
GSE253013	GSE253013	NTF3_NGFR	NT	Secreted Signaling	NTF3	NGFR	NTF3	NGFR	outgoing	TNK	0.0	0.0	1.0	1.0	False	False	0.0	other	False	False
GSE253013	GSE253013	NTF5_NGFR	NT	Secreted Signaling	NTF4	NGFR	NTF4	NGFR	outgoing	TNK	0.0	0.0	1.0	1.0	False	False	0.0	other	False	False
GSE253013	GSE253013	CD200_CD200R1L	CD200	Cell-Cell Contact	CD200	CD200R1	CD200	CD200R1	outgoing	TNK	0.0	0.0	1.0	1.0	False	False	0.0	other	False	False
GSE253013	GSE253013	PECAM1_CD177	PECAM1	Cell-Cell Contact	PECAM1	CD177	PECAM1	CD177	outgoing	TNK	0.0	0.0	1.0	1.0	False	False	0.0	other	False	False
GSE253013	GSE253013	PECAM1_CD38	PECAM2	Cell-Cell Contact	PECAM1	CD38	PECAM1	CD38	outgoing	TNK	0.0	0.0	1.0	1.0	False	False	0.0	other	False	False
GSE253013	GSE253013	PPIA_BSG	CypA	Secreted Signaling	PPIA	BSG	PPIA	BSG	outgoing	TNK	0.633104628091314	0.6390060669438391	0.9801980198019802	0.019801980198019802	False	True	-0.005901438852525143	other	True	True
GSE253013	GSE253013	PROC_PROCR	PROC	Secreted Signaling	PROC	PROCR	PROC	PROCR	outgoing	TNK	0.0	0.0	1.0	1.0	False	False	0.0	other	False	False
GSE253013	GSE253013	RELN_LRP8	RELN	ECM-Receptor	RELN	LRP8	RELN	LRP8	outgoing	TNK	0.0	0.0	1.0	1.0	False	False	0.0	other	False	False
GSE253013	GSE253013	RELN_VLDLR	RELN	ECM-Receptor	RELN	VLDLR	RELN	VLDLR	outgoing	TNK	0.0	0.0	1.0	1.0	False	False	0.0	other	False	False
GSE253013	GSE253013	RBP4_STRA6	RBP4	Secreted Signaling	RBP4	STRA6	RBP4	STRA6	outgoing	TNK	0.0	0.0	1.0	1.0	False	False	0.0	other	False	False
GSE253013	GSE253013	SIRPG_CD47	SIRP	Cell-Cell Contact	SIRPG	CD47	SIRPG	CD47	outgoing	TNK	0.0	0.0	1.0	1.0	False	False	0.0	other	False	False
GSE253013	GSE253013	SLIT1_ROBO1	SLIT	Secreted Signaling	SLIT1	ROBO1	SLIT1	ROBO1	outgoing	TNK	0.0	0.0	1.0	1.0	False	False	0.0	other	False	False
GSE253013	GSE253013	SLIT2_ROBO1	SLIT	Secreted Signaling	SLIT2	ROBO1	SLIT2	ROBO1	outgoing	TNK	0.0	0.0	1.0	1.0	False	False	0.0	other	False	False
GSE253013	GSE253013	SLIT2_ROBO2	SLIT	Secreted Signaling	SLIT2	ROBO2	SLIT2	ROBO2	outgoing	TNK	0.0	0.0	1.0	1.0	False	False	0.0	other	False	False
GSE253013	GSE253013	TULP1_TYRO3	TULP	Secreted Signaling	TULP1	TYRO3	TULP1	TYRO3	outgoing	TNK	0.0	0.0	1.0	1.0	False	False	0.0	other	False	False
GSE253013	GSE253013	TULP2_TYRO3	TULP	Secreted Signaling	TULP2	TYRO3	TULP2	TYRO3	outgoing	TNK	0.0	0.0	1.0	1.0	False	False	0.0	other	False	False
GSE253013	GSE253013	TULP1_AXL	TULP	Secreted Signaling	TULP1	AXL	TULP1	AXL	outgoing	TNK	0.0	0.0	1.0	1.0	False	False	0.0	other	False	False
GSE253013	GSE253013	TULP1_MERTK	TULP	Secreted Signaling	TULP1	MERTK	TULP1	MERTK	outgoing	TNK	0.0	0.0	1.0	1.0	False	False	0.0	other	False	False
GSE253013	GSE253013	TUB_MERTK	TULP	Secreted Signaling	TUB	MERTK	TUB	MERTK	outgoing	TNK	0.0	0.0	1.0	1.0	False	False	0.0	other	False	False
GSE253013	GSE253013	PROS1_MERTK	PROS	Secreted Signaling	PROS1	MERTK	PROS1	MERTK	outgoing	TNK	0.0	0.0	1.0	1.0	False	False	0.0	other	False	False
GSE253013	GSE253013	PLAU_PLAUR	PLAU	Secreted Signaling	PLAU	PLAUR	PLAU	PLAUR	outgoing	TNK	0.0	0.0	1.0	1.0	False	False	0.0	other	False	False
GSE253013	GSE253013	GDF15_TGFBR2	GDF	Secreted Signaling	GDF15	TGFBR2	GDF15	TGFBR2	incoming	TNK	0.0	0.0	1.0	1.0	False	False	0.0	other	False	False
GSE253013	GSE253013	WNT5A_FZD1	ncWNT	Secreted Signaling	WNT5A	FZD1	WNT5A	FZD1	incoming	TNK	0.0	0.0	1.0	1.0	False	False	0.0	other	False	False
GSE253013	GSE253013	WNT5A_FZD10	ncWNT	Secreted Signaling	WNT5A	FZD10	WNT5A	FZD10	incoming	TNK	0.0	0.0	1.0	1.0	False	False	0.0	other	False	False
GSE253013	GSE253013	WNT5A_FZD2	ncWNT	Secreted Signaling	WNT5A	FZD2	WNT5A	FZD2	incoming	TNK	0.0	0.0	1.0	1.0	False	False	0.0	other	False	False
GSE253013	GSE253013	WNT5A_FZD3	ncWNT	Secreted Signaling	WNT5A	FZD3	WNT5A	FZD3	incoming	TNK	0.0	0.0	1.0	1.0	False	False	0.0	other	False	False
GSE253013	GSE253013	WNT5A_FZD4	ncWNT	Secreted Signaling	WNT5A	FZD4	WNT5A	FZD4	incoming	TNK	0.0	0.0	1.0	1.0	False	False	0.0	other	False	False
GSE253013	GSE253013	WNT5A_FZD5	ncWNT	Secreted Signaling	WNT5A	FZD5	WNT5A	FZD5	incoming	TNK	0.0	0.0	1.0	1.0	False	False	0.0	other	False	False
GSE253013	GSE253013	WNT5A_FZD6	ncWNT	Secreted Signaling	WNT5A	FZD6	WNT5A	FZD6	incoming	TNK	0.0	0.0	1.0	1.0	False	False	0.0	other	False	False
GSE253013	GSE253013	WNT5A_FZD7	ncWNT	Secreted Signaling	WNT5A	FZD7	WNT5A	FZD7	incoming	TNK	0.0	0.0	1.0	1.0	False	False	0.0	other	False	False
GSE253013	GSE253013	WNT5A_FZD8	ncWNT	Secreted Signaling	WNT5A	FZD8	WNT5A	FZD8	incoming	TNK	0.0	0.0	1.0	1.0	False	False	0.0	other	False	False
GSE253013	GSE253013	WNT5A_FZD9	ncWNT	Secreted Signaling	WNT5A	FZD9	WNT5A	FZD9	incoming	TNK	0.0	0.0	1.0	1.0	False	False	0.0	other	False	False
GSE253013	GSE253013	WNT5A_MCAM	ncWNT	Secreted Signaling	WNT5A	MCAM	WNT5A	MCAM	incoming	TNK	0.0	0.0	1.0	1.0	False	False	0.0	other	False	False
GSE253013	GSE253013	WNT5B_FZD1	ncWNT	Secreted Signaling	WNT5B	FZD1	WNT5B	FZD1	incoming	TNK	0.0	0.0	1.0	1.0	False	False	0.0	other	False	False
GSE253013	GSE253013	WNT5B_FZD10	ncWNT	Secreted Signaling	WNT5B	FZD10	WNT5B	FZD10	incoming	TNK	0.0	0.0	1.0	1.0	False	False	0.0	other	False	False
GSE253013	GSE253013	WNT5B_FZD2	ncWNT	Secreted Signaling	WNT5B	FZD2	WNT5B	FZD2	incoming	TNK	0.0	0.0	1.0	1.0	False	False	0.0	other	False	False
GSE253013	GSE253013	WNT5B_FZD3	ncWNT	Secreted Signaling	WNT5B	FZD3	WNT5B	FZD3	incoming	TNK	0.0	0.0	1.0	1.0	False	False	0.0	other	False	False
GSE253013	GSE253013	WNT5B_FZD4	ncWNT	Secreted Signaling	WNT5B	FZD4	WNT5B	FZD4	incoming	TNK	0.0	0.0	1.0	1.0	False	False	0.0	other	False	False
GSE253013	GSE253013	WNT5B_FZD5	ncWNT	Secreted Signaling	WNT5B	FZD5	WNT5B	FZD5	incoming	TNK	0.0	0.0	1.0	1.0	False	False	0.0	other	False	False
GSE253013	GSE253013	WNT5B_FZD6	ncWNT	Secreted Signaling	WNT5B	FZD6	WNT5B	FZD6	incoming	TNK	0.0	0.0	1.0	1.0	False	False	0.0	other	False	False
GSE253013	GSE253013	WNT5B_FZD7	ncWNT	Secreted Signaling	WNT5B	FZD7	WNT5B	FZD7	incoming	TNK	0.0	0.0	1.0	1.0	False	False	0.0	other	False	False
GSE253013	GSE253013	WNT5B_FZD8	ncWNT	Secreted Signaling	WNT5B	FZD8	WNT5B	FZD8	incoming	TNK	0.0	0.0	1.0	1.0	False	False	0.0	other	False	False
GSE253013	GSE253013	WNT5B_FZD9	ncWNT	Secreted Signaling	WNT5B	FZD9	WNT5B	FZD9	incoming	TNK	0.0	0.0	1.0	1.0	False	False	0.0	other	False	False
GSE253013	GSE253013	WNT11_FZD1	ncWNT	Secreted Signaling	WNT11	FZD1	WNT11	FZD1	incoming	TNK	0.0	0.0	1.0	1.0	False	False	0.0	other	False	False
GSE253013	GSE253013	WNT11_FZD10	ncWNT	Secreted Signaling	WNT11	FZD10	WNT11	FZD10	incoming	TNK	0.0	0.0	1.0	1.0	False	False	0.0	other	False	False
GSE253013	GSE253013	WNT11_FZD2	ncWNT	Secreted Signaling	WNT11	FZD2	WNT11	FZD2	incoming	TNK	0.0	0.0	1.0	1.0	False	False	0.0	other	False	False
GSE253013	GSE253013	WNT11_FZD3	ncWNT	Secreted Signaling	WNT11	FZD3	WNT11	FZD3	incoming	TNK	0.0	0.0	1.0	1.0	False	False	0.0	other	False	False
GSE253013	GSE253013	WNT11_FZD4	ncWNT	Secreted Signaling	WNT11	FZD4	WNT11	FZD4	incoming	TNK	0.0	0.0	1.0	1.0	False	False	0.0	other	False	False
GSE253013	GSE253013	WNT11_FZD5	ncWNT	Secreted Signaling	WNT11	FZD5	WNT11	FZD5	incoming	TNK	0.0	0.0	1.0	1.0	False	False	0.0	other	False	False
GSE253013	GSE253013	WNT11_FZD6	ncWNT	Secreted Signaling	WNT11	FZD6	WNT11	FZD6	incoming	TNK	0.0	0.0	1.0	1.0	False	False	0.0	other	False	False
GSE253013	GSE253013	WNT11_FZD7	ncWNT	Secreted Signaling	WNT11	FZD7	WNT11	FZD7	incoming	TNK	0.0	0.0	1.0	1.0	False	False	0.0	other	False	False
GSE253013	GSE253013	WNT11_FZD8	ncWNT	Secreted Signaling	WNT11	FZD8	WNT11	FZD8	incoming	TNK	0.0	0.0	1.0	1.0	False	False	0.0	other	False	False
GSE253013	GSE253013	WNT11_FZD9	ncWNT	Secreted Signaling	WNT11	FZD9	WNT11	FZD9	incoming	TNK	0.0	0.0	1.0	1.0	False	False	0.0	other	False	False
GSE253013	GSE253013	EGF_EGFR	EGF	Secreted Signaling	EGF	EGFR	EGF	EGFR	incoming	TNK	0.0	0.0	1.0	1.0	False	False	0.0	other	False	False
GSE253013	GSE253013	TGFA_EGFR	EGF	Secreted Signaling	TGFA	EGFR	TGFA	EGFR	incoming	TNK	0.0	0.0	1.0	1.0	False	False	0.0	other	False	False
GSE253013	GSE253013	AREG_EGFR	EGF	Secreted Signaling	AREG	EGFR	AREG	EGFR	incoming	TNK	0.06105429863981836	0.0789983304508636	0.9603960396039604	0.04950495049504951	False	True	-0.017944031811045244	other	True	True
GSE253013	GSE253013	BTC_EGFR	EGF	Secreted Signaling	BTC	EGFR	BTC	EGFR	incoming	TNK	0.0	0.0	1.0	1.0	False	False	0.0	other	False	False
GSE253013	GSE253013	BTC_ERBB4	EGF	Secreted Signaling	BTC	ERBB4	BTC	ERBB4	incoming	TNK	0.0	0.0	1.0	1.0	False	False	0.0	other	False	False
GSE253013	GSE253013	HBEGF_EGFR	EGF	Secreted Signaling	HBEGF	EGFR	HBEGF	EGFR	incoming	TNK	0.0	0.0	1.0	1.0	False	False	0.0	other	False	False
GSE253013	GSE253013	HBEGF_ERBB4	EGF	Secreted Signaling	HBEGF	ERBB4	HBEGF	ERBB4	incoming	TNK	0.0	0.0	1.0	1.0	False	False	0.0	other	False	False
GSE253013	GSE253013	EREG_EGFR	EGF	Secreted Signaling	EREG	EGFR	EREG	EGFR	incoming	TNK	0.0	0.0	1.0	1.0	False	False	0.0	other	False	False
GSE253013	GSE253013	EREG_ERBB4	EGF	Secreted Signaling	EREG	ERBB4	EREG	ERBB4	incoming	TNK	0.0	0.0	1.0	1.0	False	False	0.0	other	False	False
GSE253013	GSE253013	NRG1_ERBB3	NRG	Secreted Signaling	NRG1	ERBB3	NRG1	ERBB3	incoming	TNK	0.0	0.0	1.0	1.0	False	False	0.0	other	False	False
GSE253013	GSE253013	NRG1_ERBB4	NRG	Secreted Signaling	NRG1	ERBB4	NRG1	ERBB4	incoming	TNK	0.0	0.0	1.0	1.0	False	False	0.0	other	False	False
GSE253013	GSE253013	NRG2_ERBB3	NRG	Secreted Signaling	NRG2	ERBB3	NRG2	ERBB3	incoming	TNK	0.0	0.0	1.0	1.0	False	False	0.0	other	False	False
GSE253013	GSE253013	NRG2_ERBB4	NRG	Secreted Signaling	NRG2	ERBB4	NRG2	ERBB4	incoming	TNK	0.0	0.0	1.0	1.0	False	False	0.0	other	False	False
GSE253013	GSE253013	NRG3_ERBB4	NRG	Secreted Signaling	NRG3	ERBB4	NRG3	ERBB4	incoming	TNK	0.0	0.0	1.0	1.0	False	False	0.0	other	False	False
GSE253013	GSE253013	NRG4_ERBB4	NRG	Secreted Signaling	NRG4	ERBB4	NRG4	ERBB4	incoming	TNK	0.0	0.0	1.0	1.0	False	False	0.0	other	False	False
GSE253013	GSE253013	FGF1_FGFR1	FGF	Secreted Signaling	FGF1	FGFR1	FGF1	FGFR1	incoming	TNK	0.0	0.0	1.0	1.0	False	False	0.0	other	False	False
GSE253013	GSE253013	FGF1_FGFR2	FGF	Secreted Signaling	FGF1	FGFR2	FGF1	FGFR2	incoming	TNK	0.0	0.0	1.0	1.0	False	False	0.0	other	False	False
GSE253013	GSE253013	FGF1_FGFR3	FGF	Secreted Signaling	FGF1	FGFR3	FGF1	FGFR3	incoming	TNK	0.0	0.0	1.0	1.0	False	False	0.0	other	False	False
GSE253013	GSE253013	FGF1_FGFR4	FGF	Secreted Signaling	FGF1	FGFR4	FGF1	FGFR4	incoming	TNK	0.0	0.0	1.0	1.0	False	False	0.0	other	False	False
GSE253013	GSE253013	FGF2_FGFR1	FGF	Secreted Signaling	FGF2	FGFR1	FGF2	FGFR1	incoming	TNK	0.0	0.0	1.0	1.0	False	False	0.0	other	False	False
GSE253013	GSE253013	FGF2_FGFR2	FGF	Secreted Signaling	FGF2	FGFR2	FGF2	FGFR2	incoming	TNK	0.0	0.0	1.0	1.0	False	False	0.0	other	False	False
GSE253013	GSE253013	FGF2_FGFR3	FGF	Secreted Signaling	FGF2	FGFR3	FGF2	FGFR3	incoming	TNK	0.0	0.0	1.0	1.0	False	False	0.0	other	False	False
GSE253013	GSE253013	FGF2_FGFR4	FGF	Secreted Signaling	FGF2	FGFR4	FGF2	FGFR4	incoming	TNK	0.0	0.0	1.0	1.0	False	False	0.0	other	False	False
GSE253013	GSE253013	FGF4_FGFR1	FGF	Secreted Signaling	FGF4	FGFR1	FGF4	FGFR1	incoming	TNK	0.0	0.0	1.0	1.0	False	False	0.0	other	False	False
GSE253013	GSE253013	FGF4_FGFR2	FGF	Secreted Signaling	FGF4	FGFR2	FGF4	FGFR2	incoming	TNK	0.0	0.0	1.0	1.0	False	False	0.0	other	False	False
GSE253013	GSE253013	FGF4_FGFR3	FGF	Secreted Signaling	FGF4	FGFR3	FGF4	FGFR3	incoming	TNK	0.0	0.0	1.0	1.0	False	False	0.0	other	False	False
GSE253013	GSE253013	FGF4_FGFR4	FGF	Secreted Signaling	FGF4	FGFR4	FGF4	FGFR4	incoming	TNK	0.0	0.0	1.0	1.0	False	False	0.0	other	False	False
GSE253013	GSE253013	FGF5_FGFR1	FGF	Secreted Signaling	FGF5	FGFR1	FGF5	FGFR1	incoming	TNK	0.0	0.0	1.0	1.0	False	False	0.0	other	False	False
GSE253013	GSE253013	FGF5_FGFR2	FGF	Secreted Signaling	FGF5	FGFR2	FGF5	FGFR2	incoming	TNK	0.0	0.0	1.0	1.0	False	False	0.0	other	False	False
GSE253013	GSE253013	FGF5_FGFR3	FGF	Secreted Signaling	FGF5	FGFR3	FGF5	FGFR3	incoming	TNK	0.0	0.0	1.0	1.0	False	False	0.0	other	False	False
GSE253013	GSE253013	FGF5_FGFR4	FGF	Secreted Signaling	FGF5	FGFR4	FGF5	FGFR4	incoming	TNK	0.0	0.0	1.0	1.0	False	False	0.0	other	False	False
GSE253013	GSE253013	FGF6_FGFR1	FGF	Secreted Signaling	FGF6	FGFR1	FGF6	FGFR1	incoming	TNK	0.0	0.0	1.0	1.0	False	False	0.0	other	False	False
GSE253013	GSE253013	FGF6_FGFR2	FGF	Secreted Signaling	FGF6	FGFR2	FGF6	FGFR2	incoming	TNK	0.0	0.0	1.0	1.0	False	False	0.0	other	False	False
GSE253013	GSE253013	FGF6_FGFR3	FGF	Secreted Signaling	FGF6	FGFR3	FGF6	FGFR3	incoming	TNK	0.0	0.0	1.0	1.0	False	False	0.0	other	False	False
GSE253013	GSE253013	FGF6_FGFR4	FGF	Secreted Signaling	FGF6	FGFR4	FGF6	FGFR4	incoming	TNK	0.0	0.0	1.0	1.0	False	False	0.0	other	False	False
GSE253013	GSE253013	FGF7_FGFR1	FGF	Secreted Signaling	FGF7	FGFR1	FGF7	FGFR1	incoming	TNK	0.0	0.0	1.0	1.0	False	False	0.0	other	False	False
GSE253013	GSE253013	FGF7_FGFR2	FGF	Secreted Signaling	FGF7	FGFR2	FGF7	FGFR2	incoming	TNK	0.0	0.0	1.0	1.0	False	False	0.0	other	False	False
GSE253013	GSE253013	FGF3_FGFR1	FGF	Secreted Signaling	FGF3	FGFR1	FGF3	FGFR1	incoming	TNK	0.0	0.0	1.0	1.0	False	False	0.0	other	False	False
GSE253013	GSE253013	FGF3_FGFR2	FGF	Secreted Signaling	FGF3	FGFR2	FGF3	FGFR2	incoming	TNK	0.0	0.0	1.0	1.0	False	False	0.0	other	False	False
GSE253013	GSE253013	FGF10_FGFR1	FGF	Secreted Signaling	FGF10	FGFR1	FGF10	FGFR1	incoming	TNK	0.0	0.0	1.0	1.0	False	False	0.0	other	False	False
GSE253013	GSE253013	FGF10_FGFR2	FGF	Secreted Signaling	FGF10	FGFR2	FGF10	FGFR2	incoming	TNK	0.0	0.0	1.0	1.0	False	False	0.0	other	False	False
GSE253013	GSE253013	FGF22_FGFR2	FGF	Secreted Signaling	FGF22	FGFR2	FGF22	FGFR2	incoming	TNK	0.0	0.0	1.0	1.0	False	False	0.0	other	False	False
GSE253013	GSE253013	FGF8_FGFR1	FGF	Secreted Signaling	FGF8	FGFR1	FGF8	FGFR1	incoming	TNK	0.0	0.0	1.0	1.0	False	False	0.0	other	False	False
GSE253013	GSE253013	FGF8_FGFR2	FGF	Secreted Signaling	FGF8	FGFR2	FGF8	FGFR2	incoming	TNK	0.0	0.0	1.0	1.0	False	False	0.0	other	False	False
GSE253013	GSE253013	FGF8_FGFR3	FGF	Secreted Signaling	FGF8	FGFR3	FGF8	FGFR3	incoming	TNK	0.0	0.0	1.0	1.0	False	False	0.0	other	False	False
GSE253013	GSE253013	FGF8_FGFR4	FGF	Secreted Signaling	FGF8	FGFR4	FGF8	FGFR4	incoming	TNK	0.0	0.0	1.0	1.0	False	False	0.0	other	False	False
GSE253013	GSE253013	FGF17_FGFR1	FGF	Secreted Signaling	FGF17	FGFR1	FGF17	FGFR1	incoming	TNK	0.0	0.0	1.0	1.0	False	False	0.0	other	False	False
GSE253013	GSE253013	FGF17_FGFR2	FGF	Secreted Signaling	FGF17	FGFR2	FGF17	FGFR2	incoming	TNK	0.0	0.0	1.0	1.0	False	False	0.0	other	False	False
GSE253013	GSE253013	FGF17_FGFR3	FGF	Secreted Signaling	FGF17	FGFR3	FGF17	FGFR3	incoming	TNK	0.0	0.0	1.0	1.0	False	False	0.0	other	False	False
GSE253013	GSE253013	FGF17_FGFR4	FGF	Secreted Signaling	FGF17	FGFR4	FGF17	FGFR4	incoming	TNK	0.0	0.0	1.0	1.0	False	False	0.0	other	False	False
GSE253013	GSE253013	FGF18_FGFR1	FGF	Secreted Signaling	FGF18	FGFR1	FGF18	FGFR1	incoming	TNK	0.0	0.0	1.0	1.0	False	False	0.0	other	False	False
GSE253013	GSE253013	FGF18_FGFR2	FGF	Secreted Signaling	FGF18	FGFR2	FGF18	FGFR2	incoming	TNK	0.0	0.0	1.0	1.0	False	False	0.0	other	False	False
GSE253013	GSE253013	FGF18_FGFR3	FGF	Secreted Signaling	FGF18	FGFR3	FGF18	FGFR3	incoming	TNK	0.0	0.0	1.0	1.0	False	False	0.0	other	False	False
GSE253013	GSE253013	FGF18_FGFR4	FGF	Secreted Signaling	FGF18	FGFR4	FGF18	FGFR4	incoming	TNK	0.0	0.0	1.0	1.0	False	False	0.0	other	False	False
GSE253013	GSE253013	FGF9_FGFR1	FGF	Secreted Signaling	FGF9	FGFR1	FGF9	FGFR1	incoming	TNK	0.0	0.0	1.0	1.0	False	False	0.0	other	False	False
GSE253013	GSE253013	FGF9_FGFR2	FGF	Secreted Signaling	FGF9	FGFR2	FGF9	FGFR2	incoming	TNK	0.0	0.0	1.0	1.0	False	False	0.0	other	False	False
GSE253013	GSE253013	FGF9_FGFR3	FGF	Secreted Signaling	FGF9	FGFR3	FGF9	FGFR3	incoming	TNK	0.0	0.0	1.0	1.0	False	False	0.0	other	False	False
GSE253013	GSE253013	FGF9_FGFR4	FGF	Secreted Signaling	FGF9	FGFR4	FGF9	FGFR4	incoming	TNK	0.0	0.0	1.0	1.0	False	False	0.0	other	False	False
GSE253013	GSE253013	FGF20_FGFR1	FGF	Secreted Signaling	FGF20	FGFR1	FGF20	FGFR1	incoming	TNK	0.0	0.0	1.0	1.0	False	False	0.0	other	False	False
GSE253013	GSE253013	FGF20_FGFR2	FGF	Secreted Signaling	FGF20	FGFR2	FGF20	FGFR2	incoming	TNK	0.0	0.0	1.0	1.0	False	False	0.0	other	False	False
GSE253013	GSE253013	FGF20_FGFR3	FGF	Secreted Signaling	FGF20	FGFR3	FGF20	FGFR3	incoming	TNK	0.0	0.0	1.0	1.0	False	False	0.0	other	False	False
GSE253013	GSE253013	FGF20_FGFR4	FGF	Secreted Signaling	FGF20	FGFR4	FGF20	FGFR4	incoming	TNK	0.0	0.0	1.0	1.0	False	False	0.0	other	False	False
GSE253013	GSE253013	FGF16_FGFR1	FGF	Secreted Signaling	FGF16	FGFR1	FGF16	FGFR1	incoming	TNK	0.0	0.0	1.0	1.0	False	False	0.0	other	False	False
GSE253013	GSE253013	FGF16_FGFR2	FGF	Secreted Signaling	FGF16	FGFR2	FGF16	FGFR2	incoming	TNK	0.0	0.0	1.0	1.0	False	False	0.0	other	False	False
GSE253013	GSE253013	FGF16_FGFR3	FGF	Secreted Signaling	FGF16	FGFR3	FGF16	FGFR3	incoming	TNK	0.0	0.0	1.0	1.0	False	False	0.0	other	False	False
GSE253013	GSE253013	FGF16_FGFR4	FGF	Secreted Signaling	FGF16	FGFR4	FGF16	FGFR4	incoming	TNK	0.0	0.0	1.0	1.0	False	False	0.0	other	False	False
GSE253013	GSE253013	FGF15_FGFR1	FGF	Secreted Signaling	FGF19	FGFR1	FGF19	FGFR1	incoming	TNK	0.0	0.0	1.0	1.0	False	False	0.0	other	False	False
GSE253013	GSE253013	FGF15_FGFR2	FGF	Secreted Signaling	FGF19	FGFR2	FGF19	FGFR2	incoming	TNK	0.0	0.0	1.0	1.0	False	False	0.0	other	False	False
GSE253013	GSE253013	FGF15_FGFR3	FGF	Secreted Signaling	FGF19	FGFR3	FGF19	FGFR3	incoming	TNK	0.0	0.0	1.0	1.0	False	False	0.0	other	False	False
GSE253013	GSE253013	FGF15_FGFR4	FGF	Secreted Signaling	FGF19	FGFR4	FGF19	FGFR4	incoming	TNK	0.0	0.0	1.0	1.0	False	False	0.0	other	False	False
GSE253013	GSE253013	FGF21_FGFR1	FGF	Secreted Signaling	FGF21	FGFR1	FGF21	FGFR1	incoming	TNK	0.0	0.0	1.0	1.0	False	False	0.0	other	False	False
GSE253013	GSE253013	FGF21_FGFR3	FGF	Secreted Signaling	FGF21	FGFR3	FGF21	FGFR3	incoming	TNK	0.0	0.0	1.0	1.0	False	False	0.0	other	False	False
GSE253013	GSE253013	FGF23_FGFR1	FGF	Secreted Signaling	FGF23	FGFR1	FGF23	FGFR1	incoming	TNK	0.0	0.0	1.0	1.0	False	False	0.0	other	False	False
GSE253013	GSE253013	FGF23_FGFR3	FGF	Secreted Signaling	FGF23	FGFR3	FGF23	FGFR3	incoming	TNK	0.0	0.0	1.0	1.0	False	False	0.0	other	False	False
GSE253013	GSE253013	FGF23_FGFR4	FGF	Secreted Signaling	FGF23	FGFR4	FGF23	FGFR4	incoming	TNK	0.0	0.0	1.0	1.0	False	False	0.0	other	False	False
GSE253013	GSE253013	PDGFA_PDGFRA	PDGF	Secreted Signaling	PDGFA	PDGFRA	PDGFA	PDGFRA	incoming	TNK	0.0	0.0	1.0	1.0	False	False	0.0	other	False	False
GSE253013	GSE253013	PDGFA_PDGFRB	PDGF	Secreted Signaling	PDGFA	PDGFRB	PDGFA	PDGFRB	incoming	TNK	0.0	0.0	1.0	1.0	False	False	0.0	other	False	False
GSE253013	GSE253013	PDGFB_PDGFRA	PDGF	Secreted Signaling	PDGFB	PDGFRA	PDGFB	PDGFRA	incoming	TNK	0.0	0.0	1.0	1.0	False	False	0.0	other	False	False
GSE253013	GSE253013	PDGFB_PDGFRB	PDGF	Secreted Signaling	PDGFB	PDGFRB	PDGFB	PDGFRB	incoming	TNK	0.0	0.0	1.0	1.0	False	False	0.0	other	False	False
GSE253013	GSE253013	PDGFC_PDGFRA	PDGF	Secreted Signaling	PDGFC	PDGFRA	PDGFC	PDGFRA	incoming	TNK	0.0	0.0	1.0	1.0	False	False	0.0	other	False	False
GSE253013	GSE253013	PDGFD_PDGFRB	PDGF	Secreted Signaling	PDGFD	PDGFRB	PDGFD	PDGFRB	incoming	TNK	0.0	0.0	1.0	1.0	False	False	0.0	other	False	False
GSE253013	GSE253013	VEGFA_VEGFR1	VEGF	Secreted Signaling	VEGFA	FLT1	VEGFA	FLT1	incoming	TNK	0.0	0.0	1.0	1.0	False	False	0.0	other	False	False
GSE253013	GSE253013	VEGFA_VEGFR2	VEGF	Secreted Signaling	VEGFA	KDR	VEGFA	KDR	incoming	TNK	0.0	0.0	1.0	1.0	False	False	0.0	other	False	False
GSE253013	GSE253013	VEGFB_VEGFR1	VEGF	Secreted Signaling	VEGFB	FLT1	VEGFB	FLT1	incoming	TNK	0.0	0.0	1.0	1.0	False	False	0.0	other	False	False
GSE253013	GSE253013	VEGFC_VEGFR3	VEGF	Secreted Signaling	VEGFC	FLT4	VEGFC	FLT4	incoming	TNK	0.0	0.0	1.0	1.0	False	False	0.0	other	False	False
GSE253013	GSE253013	VEGFC_VEGFR2	VEGF	Secreted Signaling	VEGFC	KDR	VEGFC	KDR	incoming	TNK	0.0	0.0	1.0	1.0	False	False	0.0	other	False	False
GSE253013	GSE253013	VEGFD_VEGFR3	VEGF	Secreted Signaling	VEGFD	FLT4	VEGFD	FLT4	incoming	TNK	0.0	0.0	1.0	1.0	False	False	0.0	other	False	False
GSE253013	GSE253013	VEGFD_VEGFR2	VEGF	Secreted Signaling	VEGFD	KDR	VEGFD	KDR	incoming	TNK	0.0	0.0	1.0	1.0	False	False	0.0	other	False	False
GSE253013	GSE253013	PGF_VEGFR1	VEGF	Secreted Signaling	PGF	FLT1	PGF	FLT1	incoming	TNK	0.0	0.0	1.0	1.0	False	False	0.0	other	False	False
GSE253013	GSE253013	IGF1_IGF1R	IGF	Secreted Signaling	IGF1	IGF1R	IGF1	IGF1R	incoming	TNK	0.0	0.0	1.0	1.0	False	False	0.0	other	False	False
GSE253013	GSE253013	IGF2_IGF1R	IGF	Secreted Signaling	IGF2	IGF1R	IGF2	IGF1R	incoming	TNK	0.0	0.0	1.0	1.0	False	False	0.0	other	False	False
GSE253013	GSE253013	IGF2_IGF2R	IGF	Secreted Signaling	IGF2	IGF2R	IGF2	IGF2R	incoming	TNK	0.0	0.0	1.0	1.0	False	False	0.0	other	False	False
GSE253013	GSE253013	IGFL3_IGFLR1	IGF	Secreted Signaling	IGFL3	IGFLR1	IGFL3	IGFLR1	incoming	TNK	0.0	0.0	1.0	1.0	False	False	0.0	other	False	False
GSE253013	GSE253013	INS_INSSR	INSULIN	Secreted Signaling	INS	INSR	INS	INSR	incoming	TNK	0.0	0.0	1.0	1.0	False	False	0.0	other	False	False
GSE253013	GSE253013	APLN_APLNR	APELIN	Secreted Signaling	APLN	APLNR	APLN	APLNR	incoming	TNK	0.0	0.0	1.0	1.0	False	False	0.0	other	False	False
GSE253013	GSE253013	CCL5_CCR1	CCL	Secreted Signaling	CCL5	CCR1	CCL5	CCR1	incoming	TNK	0.0	0.0	1.0	1.0	False	False	0.0	recruit	False	False
GSE253013	GSE253013	CCL3_CCR1	CCL	Secreted Signaling	CCL3	CCR1	CCL3	CCR1	incoming	TNK	0.0	0.0	1.0	1.0	False	False	0.0	recruit	False	False
GSE253013	GSE253013	CCL3L1_CCR1	CCL	Secreted Signaling	CCL3L1	CCR1	CCL3L1	CCR1	incoming	TNK	0.0	0.0	1.0	1.0	False	False	0.0	other	False	False
GSE253013	GSE253013	CCL3L3_CCR1	CCL	Secreted Signaling	CCL3L3	CCR1	CCL3L3	CCR1	incoming	TNK	0.0	0.0	1.0	1.0	False	False	0.0	other	False	False
GSE253013	GSE253013	CCL8_CCR1	CCL	Secreted Signaling	CCL8	CCR1	CCL8	CCR1	incoming	TNK	0.0	0.0	1.0	1.0	False	False	0.0	other	False	False
GSE253013	GSE253013	CCL7_CCR1	CCL	Secreted Signaling	CCL7	CCR1	CCL7	CCR1	incoming	TNK	0.0	0.0	1.0	1.0	False	False	0.0	other	False	False
GSE253013	GSE253013	CCL13_CCR1	CCL	Secreted Signaling	CCL13	CCR1	CCL13	CCR1	incoming	TNK	0.0	0.0	1.0	1.0	False	False	0.0	other	False	False
GSE253013	GSE253013	CCL14_CCR1	CCL	Secreted Signaling	CCL14	CCR1	CCL14	CCR1	incoming	TNK	0.0	0.0	1.0	1.0	False	False	0.0	other	False	False
GSE253013	GSE253013	CCL15_CCR1	CCL	Secreted Signaling	CCL15	CCR1	CCL15	CCR1	incoming	TNK	0.0	0.0	1.0	1.0	False	False	0.0	other	False	False
GSE253013	GSE253013	CCL16_CCR1	CCL	Secreted Signaling	CCL16	CCR1	CCL16	CCR1	incoming	TNK	0.0	0.0	1.0	1.0	False	False	0.0	other	False	False
GSE253013	GSE253013	CCL23_CCR1	CCL	Secreted Signaling	CCL23	CCR1	CCL23	CCR1	incoming	TNK	0.0	0.0	1.0	1.0	False	False	0.0	other	False	False
GSE253013	GSE253013	CCL8_CCR2	CCL	Secreted Signaling	CCL8	CCR2	CCL8	CCR2	incoming	TNK	0.0	0.0	1.0	1.0	False	False	0.0	other	False	False
GSE253013	GSE253013	CCL7_CCR2	CCL	Secreted Signaling	CCL7	CCR2	CCL7	CCR2	incoming	TNK	0.0	0.0	1.0	1.0	False	False	0.0	other	False	False
GSE253013	GSE253013	CCL2_CCR2	CCL	Secreted Signaling	CCL2	CCR2	CCL2	CCR2	incoming	TNK	0.0	0.0	1.0	1.0	False	False	0.0	other	False	False
GSE253013	GSE253013	CCL27_CCR2	CCL	Secreted Signaling	CCL27	CCR2	CCL27	CCR2	incoming	TNK	0.0	0.0	1.0	1.0	False	False	0.0	other	False	False
GSE253013	GSE253013	CCL5_CCR3	CCL	Secreted Signaling	CCL5	CCR3	CCL5	CCR3	incoming	TNK	0.0	0.0	1.0	1.0	False	False	0.0	recruit	False	False
GSE253013	GSE253013	CCL7_CCR3	CCL	Secreted Signaling	CCL7	CCR3	CCL7	CCR3	incoming	TNK	0.0	0.0	1.0	1.0	False	False	0.0	other	False	False
GSE253013	GSE253013	CCL11_CCR3	CCL	Secreted Signaling	CCL11	CCR3	CCL11	CCR3	incoming	TNK	0.0	0.0	1.0	1.0	False	False	0.0	other	False	False
GSE253013	GSE253013	CCL24_CCR3	CCL	Secreted Signaling	CCL24	CCR3	CCL24	CCR3	incoming	TNK	0.0	0.0	1.0	1.0	False	False	0.0	other	False	False
GSE253013	GSE253013	CCL26_CCR3	CCL	Secreted Signaling	CCL26	CCR3	CCL26	CCR3	incoming	TNK	0.0	0.0	1.0	1.0	False	False	0.0	other	False	False
GSE253013	GSE253013	CCL28_CCR3	CCL	Secreted Signaling	CCL28	CCR3	CCL28	CCR3	incoming	TNK	0.0	0.0	1.0	1.0	False	False	0.0	other	False	False
GSE253013	GSE253013	CCL27_CCR3	CCL	Secreted Signaling	CCL27	CCR3	CCL27	CCR3	incoming	TNK	0.0	0.0	1.0	1.0	False	False	0.0	other	False	False
GSE253013	GSE253013	CCL17_CCR4	CCL	Secreted Signaling	CCL17	CCR4	CCL17	CCR4	incoming	TNK	0.0	0.0	1.0	1.0	False	False	0.0	other	False	False
GSE253013	GSE253013	CCL22_CCR4	CCL	Secreted Signaling	CCL22	CCR4	CCL22	CCR4	incoming	TNK	0.0	0.0	1.0	1.0	False	False	0.0	other	False	False
GSE253013	GSE253013	CCL5_CCR4	CCL	Secreted Signaling	CCL5	CCR4	CCL5	CCR4	incoming	TNK	0.0	0.0	1.0	1.0	False	False	0.0	recruit	False	False
GSE253013	GSE253013	CCL4_CCR5	CCL	Secreted Signaling	CCL4	CCR5	CCL4	CCR5	incoming	TNK	0.0	0.0	1.0	1.0	False	False	0.0	recruit	False	False
GSE253013	GSE253013	CCL5_CCR5	CCL	Secreted Signaling	CCL5	CCR5	CCL5	CCR5	incoming	TNK	0.0	0.0	1.0	1.0	False	False	0.0	recruit	False	False
GSE253013	GSE253013	CCL3_CCR5	CCL	Secreted Signaling	CCL3	CCR5	CCL3	CCR5	incoming	TNK	0.0	0.0	1.0	1.0	False	False	0.0	recruit	False	False
GSE253013	GSE253013	CCL20_CCR6	CCL	Secreted Signaling	CCL20	CCR6	CCL20	CCR6	incoming	TNK	0.0	0.0	1.0	1.0	False	False	0.0	other	False	False
GSE253013	GSE253013	CCL19_CCR7	CCL	Secreted Signaling	CCL19	CCR7	CCL19	CCR7	incoming	TNK	0.0	0.0	1.0	1.0	False	False	0.0	other	False	False
GSE253013	GSE253013	CCL21_CCR7	CCL	Secreted Signaling	CCL21	CCR7	CCL21	CCR7	incoming	TNK	0.0	0.0	1.0	1.0	False	False	0.0	other	False	False
GSE253013	GSE253013	CCL19_ACKR4	CCL	Secreted Signaling	CCL19	ACKR4	CCL19	ACKR4	incoming	TNK	0.0	0.0	1.0	1.0	False	False	0.0	other	False	False
GSE253013	GSE253013	CCL21_ACKR4	CCL	Secreted Signaling	CCL21	ACKR4	CCL21	ACKR4	incoming	TNK	0.0	0.0	1.0	1.0	False	False	0.0	other	False	False
GSE253013	GSE253013	CCL1_CCR8	CCL	Secreted Signaling	CCL1	CCR8	CCL1	CCR8	incoming	TNK	0.0	0.0	1.0	1.0	False	False	0.0	other	False	False
GSE253013	GSE253013	CCL25_CCR9	CCL	Secreted Signaling	CCL25	CCR9	CCL25	CCR9	incoming	TNK	0.0	0.0	1.0	1.0	False	False	0.0	other	False	False
GSE253013	GSE253013	CCL25_ACKR4	CCL	Secreted Signaling	CCL25	ACKR4	CCL25	ACKR4	incoming	TNK	0.0	0.0	1.0	1.0	False	False	0.0	other	False	False
GSE253013	GSE253013	CCL28_CCR10	CCL	Secreted Signaling	CCL28	CCR10	CCL28	CCR10	incoming	TNK	0.0	0.0	1.0	1.0	False	False	0.0	other	False	False
GSE253013	GSE253013	CCL27_CCR10	CCL	Secreted Signaling	CCL27	CCR10	CCL27	CCR10	incoming	TNK	0.0	0.0	1.0	1.0	False	False	0.0	other	False	False
GSE253013	GSE253013	CCL1_ACKR4	CCL	Secreted Signaling	CCL1	ACKR4	CCL1	ACKR4	incoming	TNK	0.0	0.0	1.0	1.0	False	False	0.0	other	False	False
GSE253013	GSE253013	CCL13_ACKR4	CCL	Secreted Signaling	CCL13	ACKR4	CCL13	ACKR4	incoming	TNK	0.0	0.0	1.0	1.0	False	False	0.0	other	False	False
GSE253013	GSE253013	CCL8_ACKR4	CCL	Secreted Signaling	CCL8	ACKR4	CCL8	ACKR4	incoming	TNK	0.0	0.0	1.0	1.0	False	False	0.0	other	False	False
GSE253013	GSE253013	CCL1_ACKR1	CCL	Secreted Signaling	CCL1	ACKR1	CCL1	ACKR1	incoming	TNK	0.0	0.0	1.0	1.0	False	False	0.0	other	False	False
GSE253013	GSE253013	CCL2_ACKR1	CCL	Secreted Signaling	CCL2	ACKR1	CCL2	ACKR1	incoming	TNK	0.0	0.0	1.0	1.0	False	False	0.0	other	False	False
GSE253013	GSE253013	CCL5_ACKR1	CCL	Secreted Signaling	CCL5	ACKR1	CCL5	ACKR1	incoming	TNK	0.0	0.0	1.0	1.0	False	False	0.0	recruit	False	False
GSE253013	GSE253013	CCL8_ACKR1	CCL	Secreted Signaling	CCL8	ACKR1	CCL8	ACKR1	incoming	TNK	0.0	0.0	1.0	1.0	False	False	0.0	other	False	False
GSE253013	GSE253013	CCL13_ACKR1	CCL	Secreted Signaling	CCL13	ACKR1	CCL13	ACKR1	incoming	TNK	0.0	0.0	1.0	1.0	False	False	0.0	other	False	False
GSE253013	GSE253013	CCL14_ACKR1	CCL	Secreted Signaling	CCL14	ACKR1	CCL14	ACKR1	incoming	TNK	0.0	0.0	1.0	1.0	False	False	0.0	other	False	False
GSE253013	GSE253013	CCL16_ACKR1	CCL	Secreted Signaling	CCL16	ACKR1	CCL16	ACKR1	incoming	TNK	0.0	0.0	1.0	1.0	False	False	0.0	other	False	False
GSE253013	GSE253013	CCL18_ACKR1	CCL	Secreted Signaling	CCL18	ACKR1	CCL18	ACKR1	incoming	TNK	0.0	0.0	1.0	1.0	False	False	0.0	other	False	False
GSE253013	GSE253013	CXCL1_ACKR1	CXCL	Secreted Signaling	CXCL1	ACKR1	CXCL1	ACKR1	incoming	TNK	0.0	0.0	1.0	1.0	False	False	0.0	other	False	False
GSE253013	GSE253013	CXCL2_ACKR1	CXCL	Secreted Signaling	CXCL2	ACKR1	CXCL2	ACKR1	incoming	TNK	0.0	0.0	1.0	1.0	False	False	0.0	other	False	False
GSE253013	GSE253013	CXCL3_ACKR1	CXCL	Secreted Signaling	CXCL3	ACKR1	CXCL3	ACKR1	incoming	TNK	0.0	0.0	1.0	1.0	False	False	0.0	other	False	False
GSE253013	GSE253013	CXCL5_ACKR1	CXCL	Secreted Signaling	CXCL5	ACKR1	CXCL5	ACKR1	incoming	TNK	0.0	0.0	1.0	1.0	False	False	0.0	other	False	False
GSE253013	GSE253013	CXCL6_ACKR1	CXCL	Secreted Signaling	CXCL6	ACKR1	CXCL6	ACKR1	incoming	TNK	0.0	0.0	1.0	1.0	False	False	0.0	other	False	False
GSE253013	GSE253013	CXCL8_ACKR1	CXCL	Secreted Signaling	CXCL8	ACKR1	CXCL8	ACKR1	incoming	TNK	0.0	0.0	1.0	1.0	False	False	0.0	other	False	False
GSE253013	GSE253013	CXCL9_ACKR1	CXCL	Secreted Signaling	CXCL9	ACKR1	CXCL9	ACKR1	incoming	TNK	0.0	0.0	1.0	1.0	False	False	0.0	recruit	False	False
GSE253013	GSE253013	CXCL10_ACKR1	CXCL	Secreted Signaling	CXCL10	ACKR1	CXCL10	ACKR1	incoming	TNK	0.0	0.0	1.0	1.0	False	False	0.0	recruit	False	False
GSE253013	GSE253013	CXCL11_ACKR1	CXCL	Secreted Signaling	CXCL11	ACKR1	CXCL11	ACKR1	incoming	TNK	0.0	0.0	1.0	1.0	False	False	0.0	recruit	False	False
GSE253013	GSE253013	CXCL13_ACKR1	CXCL	Secreted Signaling	CXCL13	ACKR1	CXCL13	ACKR1	incoming	TNK	0.0	0.0	1.0	1.0	False	False	0.0	other	False	False
GSE253013	GSE253013	CCL2_ACKR2	CCL	Secreted Signaling	CCL2	ACKR2	CCL2	ACKR2	incoming	TNK	0.0	0.0	1.0	1.0	False	False	0.0	other	False	False
GSE253013	GSE253013	CCL3_ACKR2	CCL	Secreted Signaling	CCL3	ACKR2	CCL3	ACKR2	incoming	TNK	0.0	0.0	1.0	1.0	False	False	0.0	recruit	False	False
GSE253013	GSE253013	CCL3L1_ACKR2	CCL	Secreted Signaling	CCL3L1	ACKR2	CCL3L1	ACKR2	incoming	TNK	0.0	0.0	1.0	1.0	False	False	0.0	other	False	False
GSE253013	GSE253013	CCL4_ACKR2	CCL	Secreted Signaling	CCL4	ACKR2	CCL4	ACKR2	incoming	TNK	0.0	0.0	1.0	1.0	False	False	0.0	recruit	False	False
GSE253013	GSE253013	CCL5_ACKR2	CCL	Secreted Signaling	CCL5	ACKR2	CCL5	ACKR2	incoming	TNK	0.0	0.0	1.0	1.0	False	False	0.0	recruit	False	False
GSE253013	GSE253013	CCL7_ACKR2	CCL	Secreted Signaling	CCL7	ACKR2	CCL7	ACKR2	incoming	TNK	0.0	0.0	1.0	1.0	False	False	0.0	other	False	False
GSE253013	GSE253013	CCL8_ACKR2	CCL	Secreted Signaling	CCL8	ACKR2	CCL8	ACKR2	incoming	TNK	0.0	0.0	1.0	1.0	False	False	0.0	other	False	False
GSE253013	GSE253013	CCL7_ACKR1	CCL	Secreted Signaling	CCL7	ACKR1	CCL7	ACKR1	incoming	TNK	0.0	0.0	1.0	1.0	False	False	0.0	other	False	False
GSE253013	GSE253013	CCL11_ACKR1	CCL	Secreted Signaling	CCL11	ACKR1	CCL11	ACKR1	incoming	TNK	0.0	0.0	1.0	1.0	False	False	0.0	other	False	False
GSE253013	GSE253013	CCL11_ACKR2	CCL	Secreted Signaling	CCL11	ACKR2	CCL11	ACKR2	incoming	TNK	0.0	0.0	1.0	1.0	False	False	0.0	other	False	False
GSE253013	GSE253013	CCL13_ACKR2	CCL	Secreted Signaling	CCL13	ACKR2	CCL13	ACKR2	incoming	TNK	0.0	0.0	1.0	1.0	False	False	0.0	other	False	False
GSE253013	GSE253013	CCL22_ACKR2	CCL	Secreted Signaling	CCL22	ACKR2	CCL22	ACKR2	incoming	TNK	0.0	0.0	1.0	1.0	False	False	0.0	other	False	False
GSE253013	GSE253013	CCL24_ACKR2	CCL	Secreted Signaling	CCL24	ACKR2	CCL24	ACKR2	incoming	TNK	0.0	0.0	1.0	1.0	False	False	0.0	other	False	False
GSE253013	GSE253013	CCL26_ACKR2	CCL	Secreted Signaling	CCL26	ACKR2	CCL26	ACKR2	incoming	TNK	0.0	0.0	1.0	1.0	False	False	0.0	other	False	False
GSE253013	GSE253013	CCL17_ACKR1	CCL	Secreted Signaling	CCL17	ACKR1	CCL17	ACKR1	incoming	TNK	0.0	0.0	1.0	1.0	False	False	0.0	other	False	False
GSE253013	GSE253013	CCL14_ACKR2	CCL	Secreted Signaling	CCL14	ACKR2	CCL14	ACKR2	incoming	TNK	0.0	0.0	1.0	1.0	False	False	0.0	other	False	False
GSE253013	GSE253013	CCL17_ACKR2	CCL	Secreted Signaling	CCL17	ACKR2	CCL17	ACKR2	incoming	TNK	0.0	0.0	1.0	1.0	False	False	0.0	other	False	False
GSE253013	GSE253013	CXCL1_CXCR1	CXCL	Secreted Signaling	CXCL1	CXCR1	CXCL1	CXCR1	incoming	TNK	0.0	0.0	1.0	1.0	False	False	0.0	other	False	False
GSE253013	GSE253013	CXCL2_CXCR1	CXCL	Secreted Signaling	CXCL2	CXCR1	CXCL2	CXCR1	incoming	TNK	0.0	0.0	1.0	1.0	False	False	0.0	other	False	False
GSE253013	GSE253013	CXCL3_CXCR1	CXCL	Secreted Signaling	CXCL3	CXCR1	CXCL3	CXCR1	incoming	TNK	0.0	0.0	1.0	1.0	False	False	0.0	other	False	False
GSE253013	GSE253013	CXCL5_CXCR1	CXCL	Secreted Signaling	CXCL5	CXCR1	CXCL5	CXCR1	incoming	TNK	0.0	0.0	1.0	1.0	False	False	0.0	other	False	False
GSE253013	GSE253013	CXCL6_CXCR1	CXCL	Secreted Signaling	CXCL6	CXCR1	CXCL6	CXCR1	incoming	TNK	0.0	0.0	1.0	1.0	False	False	0.0	other	False	False
GSE253013	GSE253013	CXCL8_CXCR1	CXCL	Secreted Signaling	CXCL8	CXCR1	CXCL8	CXCR1	incoming	TNK	0.0	0.0	1.0	1.0	False	False	0.0	other	False	False
GSE253013	GSE253013	CXCL1_CXCR2	CXCL	Secreted Signaling	CXCL1	CXCR2	CXCL1	CXCR2	incoming	TNK	0.0	0.0	1.0	1.0	False	False	0.0	other	False	False
GSE253013	GSE253013	CXCL2_CXCR2	CXCL	Secreted Signaling	CXCL2	CXCR2	CXCL2	CXCR2	incoming	TNK	0.0	0.0	1.0	1.0	False	False	0.0	other	False	False
GSE253013	GSE253013	CXCL3_CXCR2	CXCL	Secreted Signaling	CXCL3	CXCR2	CXCL3	CXCR2	incoming	TNK	0.0	0.0	1.0	1.0	False	False	0.0	other	False	False
GSE253013	GSE253013	CXCL5_CXCR2	CXCL	Secreted Signaling	CXCL5	CXCR2	CXCL5	CXCR2	incoming	TNK	0.0	0.0	1.0	1.0	False	False	0.0	other	False	False
GSE253013	GSE253013	CXCL6_CXCR2	CXCL	Secreted Signaling	CXCL6	CXCR2	CXCL6	CXCR2	incoming	TNK	0.0	0.0	1.0	1.0	False	False	0.0	other	False	False
GSE253013	GSE253013	CXCL8_CXCR2	CXCL	Secreted Signaling	CXCL8	CXCR2	CXCL8	CXCR2	incoming	TNK	0.0	0.0	1.0	1.0	False	False	0.0	other	False	False
GSE253013	GSE253013	PPBP_CXCR2	CXCL	Secreted Signaling	PPBP	CXCR2	PPBP	CXCR2	incoming	TNK	0.0	0.0	1.0	1.0	False	False	0.0	other	False	False
GSE253013	GSE253013	PF4V1_CXCR3	CXCL	Secreted Signaling	PF4V1	CXCR3	PF4V1	CXCR3	incoming	TNK	0.0	0.0	1.0	1.0	False	False	0.0	other	False	False
GSE253013	GSE253013	CXCL9_CXCR3	CXCL	Secreted Signaling	CXCL9	CXCR3	CXCL9	CXCR3	incoming	TNK	0.0	0.0	1.0	1.0	False	False	0.0	recruit	False	False
GSE253013	GSE253013	CXCL10_CXCR3	CXCL	Secreted Signaling	CXCL10	CXCR3	CXCL10	CXCR3	incoming	TNK	0.0	0.0	1.0	1.0	False	False	0.0	recruit	False	False
GSE253013	GSE253013	CXCL11_CXCR3	CXCL	Secreted Signaling	CXCL11	CXCR3	CXCL11	CXCR3	incoming	TNK	0.0	0.0	1.0	1.0	False	False	0.0	recruit	False	False
GSE253013	GSE253013	CXCL13_CXCR3	CXCL	Secreted Signaling	CXCL13	CXCR3	CXCL13	CXCR3	incoming	TNK	0.0	0.0	1.0	1.0	False	False	0.0	other	False	False
GSE253013	GSE253013	PF4_CXCR3	CXCL	Secreted Signaling	PF4	CXCR3	PF4	CXCR3	incoming	TNK	0.0	0.0	1.0	1.0	False	False	0.0	other	False	False
GSE253013	GSE253013	CXCL12_CXCR4	CXCL	Secreted Signaling	CXCL12	CXCR4	CXCL12	CXCR4	incoming	TNK	0.0	0.0	1.0	1.0	False	False	0.0	other	False	False
GSE253013	GSE253013	CXCL11_ACKR3	CXCL	Secreted Signaling	CXCL11	ACKR3	CXCL11	ACKR3	incoming	TNK	0.0	0.0	1.0	1.0	False	False	0.0	recruit	False	False
GSE253013	GSE253013	CXCL12_ACKR3	CXCL	Secreted Signaling	CXCL12	ACKR3	CXCL12	ACKR3	incoming	TNK	0.0	0.0	1.0	1.0	False	False	0.0	other	False	False
GSE253013	GSE253013	CXCL13_CXCR5	CXCL	Secreted Signaling	CXCL13	CXCR5	CXCL13	CXCR5	incoming	TNK	0.0	0.0	1.0	1.0	False	False	0.0	other	False	False
GSE253013	GSE253013	CXCL16_CXCR6	CXCL	Secreted Signaling	CXCL16	CXCR6	CXCL16	CXCR6	incoming	TNK	0.0	0.0	1.0	1.0	False	False	0.0	recruit	False	False
GSE253013	GSE253013	MIF_ACKR3	MIF	Secreted Signaling	MIF	ACKR3	MIF	ACKR3	incoming	TNK	0.0	0.0	1.0	1.0	False	False	0.0	other	False	False
GSE253013	GSE253013	CX3CL1_CX3CR1	CX3C	Secreted Signaling	CX3CL1	CX3CR1	CX3CL1	CX3CR1	incoming	TNK	0.0	0.0	1.0	1.0	False	False	0.0	other	False	False
GSE253013	GSE253013	XCL1_XCR1	XCR	Secreted Signaling	XCL1	XCR1	XCL1	XCR1	incoming	TNK	0.0	0.0	1.0	1.0	False	False	0.0	other	False	False
GSE253013	GSE253013	XCL2_XCR1	XCR	Secreted Signaling	XCL2	XCR1	XCL2	XCR1	incoming	TNK	0.0	0.0	1.0	1.0	False	False	0.0	other	False	False
GSE253013	GSE253013	IL4_IL4R	IL4	Secreted Signaling	IL4	IL4R	IL4	IL4R	incoming	TNK	0.0	0.0	1.0	1.0	False	False	0.0	other	False	False
GSE253013	GSE253013	IL13_IL13RA1	IL4	Secreted Signaling	IL13	IL13RA1	IL13	IL13RA1	incoming	TNK	0.0	0.0	1.0	1.0	False	False	0.0	other	False	False
GSE253013	GSE253013	IL13_IL13RA2	IL4	Secreted Signaling	IL13	IL13RA2	IL13	IL13RA2	incoming	TNK	0.0	0.0	1.0	1.0	False	False	0.0	other	False	False
GSE253013	GSE253013	IL1A_IL1R2	IL1	Secreted Signaling	IL1A	IL1R2	IL1A	IL1R2	incoming	TNK	0.0	0.0	1.0	1.0	False	False	0.0	other	False	False
GSE253013	GSE253013	IL1B_IL1R2	IL1	Secreted Signaling	IL1B	IL1R2	IL1B	IL1R2	incoming	TNK	0.0	0.0	1.0	1.0	False	False	0.0	other	False	False
GSE253013	GSE253013	IL17B_IL17RB	IL17	Secreted Signaling	IL17B	IL17RB	IL17B	IL17RB	incoming	TNK	0.0	0.0	1.0	1.0	False	False	0.0	other	False	False
GSE253013	GSE253013	IL34_CSF1R	CSF	Secreted Signaling	IL34	CSF1R	IL34	CSF1R	incoming	TNK	0.0	0.0	1.0	1.0	False	False	0.0	other	False	False
GSE253013	GSE253013	CSF1_CSF1R	CSF	Secreted Signaling	CSF1	CSF1R	CSF1	CSF1R	incoming	TNK	0.0	0.0	1.0	1.0	False	False	0.0	other	False	False
GSE253013	GSE253013	IL16_CD4	IL16	Secreted Signaling	IL16	CD4	IL16	CD4	incoming	TNK	0.0	0.0	1.0	1.0	False	False	0.0	other	False	False
GSE253013	GSE253013	EPO_EPOR	EPO	Secreted Signaling	EPO	EPOR	EPO	EPOR	incoming	TNK	0.0	0.0	1.0	1.0	False	False	0.0	other	False	False
GSE253013	GSE253013	GH1_GHR	GH	Secreted Signaling	GH1	GHR	GH1	GHR	incoming	TNK	0.0	0.0	1.0	1.0	False	False	0.0	other	False	False
GSE253013	GSE253013	PRL_PRLR	PRL	Secreted Signaling	PRL	PRLR	PRL	PRLR	incoming	TNK	0.0	0.0	1.0	1.0	False	False	0.0	other	False	False
GSE253013	GSE253013	THPO_MPL	THPO	Secreted Signaling	THPO	MPL	THPO	MPL	incoming	TNK	0.0	0.0	1.0	1.0	False	False	0.0	other	False	False
GSE253013	GSE253013	CSF3_CSF3R	CSF3	Secreted Signaling	CSF3	CSF3R	CSF3	CSF3R	incoming	TNK	0.0	0.0	1.0	1.0	False	False	0.0	other	False	False
GSE253013	GSE253013	TNF_TNFRSF1A	TNF	Secreted Signaling	TNF	TNFRSF1A	TNF	TNFRSF1A	incoming	TNK	0.0732344883298171	0.02404511963997939	0.009900990099009901	1.0	True	False	0.04918936868983771	attack	True	True
GSE253013	GSE253013	TNF_TNFRSF1B	TNF	Secreted Signaling	TNF	TNFRSF1B	TNF	TNFRSF1B	incoming	TNK	0.0	0.0	1.0	1.0	False	False	0.0	attack	False	False
GSE253013	GSE253013	LTA_TNFRSF1A	LT	Secreted Signaling	LTA	TNFRSF1A	LTA	TNFRSF1A	incoming	TNK	0.0	0.0	1.0	1.0	False	False	0.0	attack	False	False
GSE253013	GSE253013	LTA_TNFRSF1B	LT	Secreted Signaling	LTA	TNFRSF1B	LTA	TNFRSF1B	incoming	TNK	0.0	0.0	1.0	1.0	False	False	0.0	attack	False	False
GSE253013	GSE253013	LTA_TNFRSF14	LT	Secreted Signaling	LTA	TNFRSF14	LTA	TNFRSF14	incoming	TNK	0.0	0.0	1.0	1.0	False	False	0.0	attack	False	False
GSE253013	GSE253013	TNFSF14_LTBR	LIGHT	Secreted Signaling	TNFSF14	LTBR	TNFSF14	LTBR	incoming	TNK	0.0	0.0	1.0	1.0	False	False	0.0	other	False	False
GSE253013	GSE253013	TNFSF14_TNFRSF14	LIGHT	Secreted Signaling	TNFSF14	TNFRSF14	TNFSF14	TNFRSF14	incoming	TNK	0.0	0.0	1.0	1.0	False	False	0.0	other	False	False
GSE253013	GSE253013	FASL_FAS	FASLG	Secreted Signaling	FASLG	FAS	FASLG	FAS	incoming	TNK	0.0	0.0	1.0	1.0	False	False	0.0	attack	False	False
GSE253013	GSE253013	TNFSF15_TNFRSF25	VEGI	Secreted Signaling	TNFSF15	TNFRSF25	TNFSF15	TNFRSF25	incoming	TNK	0.0	0.0	1.0	1.0	False	False	0.0	other	False	False
GSE253013	GSE253013	TNFSF10_TNFRSF10B	TRAIL	Secreted Signaling	TNFSF10	TNFRSF10A	TNFSF10	TNFRSF10A	incoming	TNK	0.0	0.0	1.0	1.0	False	False	0.0	attack	False	False
GSE253013	GSE253013	EDA_EDAR	EDA	Secreted Signaling	EDA	EDAR	EDA	EDAR	incoming	TNK	0.0	0.0	1.0	1.0	False	False	0.0	other	False	False
GSE253013	GSE253013	EDA_EDA2R	EDA	Secreted Signaling	EDA	EDA2R	EDA	EDA2R	incoming	TNK	0.0	0.0	1.0	1.0	False	False	0.0	other	False	False
GSE253013	GSE253013	NGF_NGFR	NGF	Secreted Signaling	NGF	NGFR	NGF	NGFR	incoming	TNK	0.0	0.0	1.0	1.0	False	False	0.0	other	False	False
GSE253013	GSE253013	KLK3_NGFR	NGF	Secreted Signaling	KLK3	NGFR	KLK3	NGFR	incoming	TNK	0.0	0.0	1.0	1.0	False	False	0.0	other	False	False
GSE253013	GSE253013	TNFSF11_TNFRSF11A	RANKL	Secreted Signaling	TNFSF11	TNFRSF11A	TNFSF11	TNFRSF11A	incoming	TNK	0.0	0.0	1.0	1.0	False	False	0.0	other	False	False
GSE253013	GSE253013	TNFSF11_TNFRSF11B	RANKL	Secreted Signaling	TNFSF11	TNFRSF11B	TNFSF11	TNFRSF11B	incoming	TNK	0.0	0.0	1.0	1.0	False	False	0.0	other	False	False
GSE253013	GSE253013	TNFSF12_TNFRSF12A	TWEAK	Secreted Signaling	TNFSF12	TNFRSF12A	TNFSF12	TNFRSF12A	incoming	TNK	0.0	0.0	1.0	1.0	False	False	0.0	other	False	False
GSE253013	GSE253013	CD70_CD27	CD70	Secreted Signaling	CD70	CD27	CD70	CD27	incoming	TNK	0.0	0.0	1.0	1.0	False	False	0.0	other	False	False
GSE253013	GSE253013	TNFSF8_TNFRSF8	CD30	Secreted Signaling	TNFSF8	TNFRSF8	TNFSF8	TNFRSF8	incoming	TNK	0.0	0.0	1.0	1.0	False	False	0.0	other	False	False
GSE253013	GSE253013	TNFSF9_TNFRSF9	CD137	Secreted Signaling	TNFSF9	TNFRSF9	TNFSF9	TNFRSF9	incoming	TNK	0.0	0.0	1.0	1.0	False	False	0.0	other	False	False
GSE253013	GSE253013	TNFSF4_TNFRSF4	OX40	Secreted Signaling	TNFSF4	TNFRSF4	TNFSF4	TNFRSF4	incoming	TNK	0.0	0.0	1.0	1.0	False	False	0.0	other	False	False
GSE253013	GSE253013	TNFSF18_TNFRSF18	GITRL	Secreted Signaling	TNFSF18	TNFRSF18	TNFSF18	TNFRSF18	incoming	TNK	0.0	0.0	1.0	1.0	False	False	0.0	other	False	False
GSE253013	GSE253013	TNFSF13_TNFRSF17	APRIL	Secreted Signaling	TNFSF13	TNFRSF17	TNFSF13	TNFRSF17	incoming	TNK	0.0	0.0	1.0	1.0	False	False	0.0	other	False	False
GSE253013	GSE253013	TNFSF13_TNFRSF13B	APRIL	Secreted Signaling	TNFSF13	TNFRSF13B	TNFSF13	TNFRSF13B	incoming	TNK	0.0	0.0	1.0	1.0	False	False	0.0	other	False	False
GSE253013	GSE253013	TNFSF13B_TNFRSF17	BAFF	Secreted Signaling	TNFSF13B	TNFRSF17	TNFSF13B	TNFRSF17	incoming	TNK	0.0	0.0	1.0	1.0	False	False	0.0	other	False	False
GSE253013	GSE253013	TNFSF13B_TNFRSF13B	BAFF	Secreted Signaling	TNFSF13B	TNFRSF13B	TNFSF13B	TNFRSF13B	incoming	TNK	0.0	0.0	1.0	1.0	False	False	0.0	other	False	False
GSE253013	GSE253013	TNFSF13B_TNFRSF13C	BAFF	Secreted Signaling	TNFSF13B	TNFRSF13C	TNFSF13B	TNFRSF13C	incoming	TNK	0.0	0.0	1.0	1.0	False	False	0.0	other	False	False
GSE253013	GSE253013	SPP1_CD44	SPP1	Secreted Signaling	SPP1	CD44	SPP1	CD44	incoming	TNK	0.0	0.0	1.0	1.0	False	False	0.0	other	False	False
GSE253013	GSE253013	ADIPOQ_ADIPOR1	ADIPONECTIN	Secreted Signaling	ADIPOQ	ADIPOR1	ADIPOQ	ADIPOR1	incoming	TNK	0.0	0.0	1.0	1.0	False	False	0.0	other	False	False
GSE253013	GSE253013	ADIPOQ_ADIPOR2	ADIPONECTIN	Secreted Signaling	ADIPOQ	ADIPOR2	ADIPOQ	ADIPOR2	incoming	TNK	0.0	0.0	1.0	1.0	False	False	0.0	other	False	False
GSE253013	GSE253013	RETN_TLR4	RESISTIN	Secreted Signaling	RETN	TLR4	RETN	TLR4	incoming	TNK	0.0	0.0	1.0	1.0	False	False	0.0	other	False	False
GSE253013	GSE253013	RETN_CAP1	RESISTIN	Secreted Signaling	RETN	CAP1	RETN	CAP1	incoming	TNK	0.0	0.0	1.0	1.0	False	False	0.0	other	False	False
GSE253013	GSE253013	ANGPTL2_TLR4	ANGPTL	Secreted Signaling	ANGPTL2	TLR4	ANGPTL2	TLR4	incoming	TNK	0.0	0.0	1.0	1.0	False	False	0.0	other	False	False
GSE253013	GSE253013	ANGPTL2_PIRB	ANGPTL	Secreted Signaling	ANGPTL2	LILRB3	ANGPTL2	LILRB3	incoming	TNK	0.0	0.0	1.0	1.0	False	False	0.0	other	False	False
GSE253013	GSE253013	ANGPTL1_PIRB	ANGPTL	Secreted Signaling	ANGPTL1	LILRB3	ANGPTL1	LILRB3	incoming	TNK	0.0	0.0	1.0	1.0	False	False	0.0	other	False	False
GSE253013	GSE253013	ANGPTL7_PIRB	ANGPTL	Secreted Signaling	ANGPTL7	LILRB3	ANGPTL7	LILRB3	incoming	TNK	0.0	0.0	1.0	1.0	False	False	0.0	other	False	False
GSE253013	GSE253013	ANGPTL4_CDH5	ANGPTL	Secreted Signaling	ANGPTL4	CDH5	ANGPTL4	CDH5	incoming	TNK	0.0	0.0	1.0	1.0	False	False	0.0	other	False	False
GSE253013	GSE253013	ANGPTL4_CDH11	ANGPTL	Secreted Signaling	ANGPTL4	CDH11	ANGPTL4	CDH11	incoming	TNK	0.0	0.0	1.0	1.0	False	False	0.0	other	False	False
GSE253013	GSE253013	ANGPTL4_SDC1	ANGPTL	Secreted Signaling	ANGPTL4	SDC1	ANGPTL4	SDC1	incoming	TNK	0.0	0.0	1.0	1.0	False	False	0.0	other	False	False
GSE253013	GSE253013	ANGPTL4_SDC2	ANGPTL	Secreted Signaling	ANGPTL4	SDC2	ANGPTL4	SDC2	incoming	TNK	0.0	0.0	1.0	1.0	False	False	0.0	other	False	False
GSE253013	GSE253013	ANGPTL4_SDC3	ANGPTL	Secreted Signaling	ANGPTL4	SDC3	ANGPTL4	SDC3	incoming	TNK	0.0	0.0	1.0	1.0	False	False	0.0	other	False	False
GSE253013	GSE253013	ANGPTL4_SDC4	ANGPTL	Secreted Signaling	ANGPTL4	SDC4	ANGPTL4	SDC4	incoming	TNK	0.0	0.0	1.0	1.0	False	False	0.0	other	False	False
GSE253013	GSE253013	ANGPT1_TEK	ANGPT	Secreted Signaling	ANGPT1	TEK	ANGPT1	TEK	incoming	TNK	0.0	0.0	1.0	1.0	False	False	0.0	other	False	False
GSE253013	GSE253013	ANGPT2_TEK	ANGPT	Secreted Signaling	ANGPT2	TEK	ANGPT2	TEK	incoming	TNK	0.0	0.0	1.0	1.0	False	False	0.0	other	False	False
GSE253013	GSE253013	MDK_SDC1	MK	Secreted Signaling	MDK	SDC1	MDK	SDC1	incoming	TNK	0.0	0.0	1.0	1.0	False	False	0.0	other	False	False
GSE253013	GSE253013	MDK_SDC2	MK	Secreted Signaling	MDK	SDC2	MDK	SDC2	incoming	TNK	0.0	0.0	1.0	1.0	False	False	0.0	other	False	False
GSE253013	GSE253013	MDK_SDC4	MK	Secreted Signaling	MDK	SDC4	MDK	SDC4	incoming	TNK	0.0	0.0	1.0	1.0	False	False	0.0	other	False	False
GSE253013	GSE253013	MDK_PTPRZ1	MK	Secreted Signaling	MDK	PTPRZ1	MDK	PTPRZ1	incoming	TNK	0.0	0.0	1.0	1.0	False	False	0.0	other	False	False
GSE253013	GSE253013	MDK_LRP1	MK	Secreted Signaling	MDK	LRP1	MDK	LRP1	incoming	TNK	0.0	0.0	1.0	1.0	False	False	0.0	other	False	False
GSE253013	GSE253013	MDK_NCL	MK	Secreted Signaling	MDK	NCL	MDK	NCL	incoming	TNK	0.0	0.0	1.0	1.0	False	False	0.0	other	False	False
GSE253013	GSE253013	MDK_ALK	MK	Secreted Signaling	MDK	ALK	MDK	ALK	incoming	TNK	0.0	0.0	1.0	1.0	False	False	0.0	other	False	False
GSE253013	GSE253013	PTN_PTPRZ1	PTN	Secreted Signaling	PTN	PTPRZ1	PTN	PTPRZ1	incoming	TNK	0.0	0.0	1.0	1.0	False	False	0.0	other	False	False
GSE253013	GSE253013	PTN_SDC1	PTN	Secreted Signaling	PTN	SDC1	PTN	SDC1	incoming	TNK	0.0	0.0	1.0	1.0	False	False	0.0	other	False	False
GSE253013	GSE253013	PTN_SDC2	PTN	Secreted Signaling	PTN	SDC2	PTN	SDC2	incoming	TNK	0.0	0.0	1.0	1.0	False	False	0.0	other	False	False
GSE253013	GSE253013	PTN_SDC3	PTN	Secreted Signaling	PTN	SDC3	PTN	SDC3	incoming	TNK	0.0	0.0	1.0	1.0	False	False	0.0	other	False	False
GSE253013	GSE253013	PTN_SDC4	PTN	Secreted Signaling	PTN	SDC4	PTN	SDC4	incoming	TNK	0.0	0.0	1.0	1.0	False	False	0.0	other	False	False
GSE253013	GSE253013	PTN_NCL	PTN	Secreted Signaling	PTN	NCL	PTN	NCL	incoming	TNK	0.0	0.0	1.0	1.0	False	False	0.0	other	False	False
GSE253013	GSE253013	PTN_ALK	PTN	Secreted Signaling	PTN	ALK	PTN	ALK	incoming	TNK	0.0	0.0	1.0	1.0	False	False	0.0	other	False	False
GSE253013	GSE253013	AGT_AGTR1B	AGT	Secreted Signaling	AGT	AGTR1	AGT	AGTR1	incoming	TNK	0.0	0.0	1.0	1.0	False	False	0.0	other	False	False
GSE253013	GSE253013	GRP_GRPR	GPR	Secreted Signaling	GRP	GRPR	GRP	GRPR	incoming	TNK	0.0	0.0	1.0	1.0	False	False	0.0	other	False	False
GSE253013	GSE253013	NMB_NMBR	GPR	Secreted Signaling	NMB	NMBR	NMB	NMBR	incoming	TNK	0.0	0.0	1.0	1.0	False	False	0.0	other	False	False
GSE253013	GSE253013	KNG1_BDKRB1	BRADYKININ	Secreted Signaling	KNG1	BDKRB1	KNG1	BDKRB1	incoming	TNK	0.0	0.0	1.0	1.0	False	False	0.0	other	False	False
GSE253013	GSE253013	KNG1_BDKRB2	BRADYKININ	Secreted Signaling	KNG1	BDKRB2	KNG1	BDKRB2	incoming	TNK	0.0	0.0	1.0	1.0	False	False	0.0	other	False	False
GSE253013	GSE253013	C3_C3AR1	COMPLEMENT	Secreted Signaling	C3	C3AR1	C3	C3AR1	incoming	TNK	0.0	0.0	1.0	1.0	False	False	0.0	other	False	False
GSE253013	GSE253013	C3_CR2	COMPLEMENT	Secreted Signaling	C3	CR2	C3	CR2	incoming	TNK	0.0	0.0	1.0	1.0	False	False	0.0	other	False	False
GSE253013	GSE253013	C4A_C3AR1	COMPLEMENT	Secreted Signaling	C4A	C3AR1	C4A	C3AR1	incoming	TNK	0.0	0.0	1.0	1.0	False	False	0.0	other	False	False
GSE253013	GSE253013	C4A_CR2	COMPLEMENT	Secreted Signaling	C4A	CR2	C4A	CR2	incoming	TNK	0.0	0.0	1.0	1.0	False	False	0.0	other	False	False
GSE253013	GSE253013	HC_C5AR1	COMPLEMENT	Secreted Signaling	C5	C5AR1	C5	C5AR1	incoming	TNK	0.0	0.0	1.0	1.0	False	False	0.0	other	False	False
GSE253013	GSE253013	CCK_CCKAR	CCK	Secreted Signaling	CCK	CCKAR	CCK	CCKAR	incoming	TNK	0.0	0.0	1.0	1.0	False	False	0.0	other	False	False
GSE253013	GSE253013	CCK_CCKBR	CCK	Secreted Signaling	CCK	CCKBR	CCK	CCKBR	incoming	TNK	0.0	0.0	1.0	1.0	False	False	0.0	other	False	False
GSE253013	GSE253013	EDN1_EDNRA	EDN	Secreted Signaling	EDN1	EDNRA	EDN1	EDNRA	incoming	TNK	0.0	0.0	1.0	1.0	False	False	0.0	other	False	False
GSE253013	GSE253013	EDN2_EDNRA	EDN	Secreted Signaling	EDN2	EDNRA	EDN2	EDNRA	incoming	TNK	0.0	0.0	1.0	1.0	False	False	0.0	other	False	False
GSE253013	GSE253013	EDN3_EDNRA	EDN	Secreted Signaling	EDN3	EDNRA	EDN3	EDNRA	incoming	TNK	0.0	0.0	1.0	1.0	False	False	0.0	other	False	False
GSE253013	GSE253013	EDN1_EDNRB	EDN	Secreted Signaling	EDN1	EDNRB	EDN1	EDNRB	incoming	TNK	0.0	0.0	1.0	1.0	False	False	0.0	other	False	False
GSE253013	GSE253013	EDN2_EDNRB	EDN	Secreted Signaling	EDN2	EDNRB	EDN2	EDNRB	incoming	TNK	0.0	0.0	1.0	1.0	False	False	0.0	other	False	False
GSE253013	GSE253013	EDN3_EDNRB	EDN	Secreted Signaling	EDN3	EDNRB	EDN3	EDNRB	incoming	TNK	0.0	0.0	1.0	1.0	False	False	0.0	other	False	False
GSE253013	GSE253013	GAL_GALR1	GALANIN	Secreted Signaling	GAL	GALR1	GAL	GALR1	incoming	TNK	0.0	0.0	1.0	1.0	False	False	0.0	other	False	False
GSE253013	GSE253013	GAL_GALR2	GALANIN	Secreted Signaling	GAL	GALR2	GAL	GALR2	incoming	TNK	0.0	0.0	1.0	1.0	False	False	0.0	other	False	False
GSE253013	GSE253013	GAL_GALR3	GALANIN	Secreted Signaling	GAL	GALR3	GAL	GALR3	incoming	TNK	0.0	0.0	1.0	1.0	False	False	0.0	other	False	False
GSE253013	GSE253013	GALP_GALR1	GALANIN	Secreted Signaling	GALP	GALR1	GALP	GALR1	incoming	TNK	0.0	0.0	1.0	1.0	False	False	0.0	other	False	False
GSE253013	GSE253013	GALP_GALR2	GALANIN	Secreted Signaling	GALP	GALR2	GALP	GALR2	incoming	TNK	0.0	0.0	1.0	1.0	False	False	0.0	other	False	False
GSE253013	GSE253013	GHRL_GHSR	GHRELIN	Secreted Signaling	GHRL	GHSR	GHRL	GHSR	incoming	TNK	0.0	0.0	1.0	1.0	False	False	0.0	other	False	False
GSE253013	GSE253013	KISS1_KISS1R	KISS1	Secreted Signaling	KISS1	KISS1R	KISS1	KISS1R	incoming	TNK	0.0	0.0	1.0	1.0	False	False	0.0	other	False	False
GSE253013	GSE253013	POMC_MC1R	MELANOCORTIN	Secreted Signaling	POMC	MC1R	POMC	MC1R	incoming	TNK	0.0	0.0	1.0	1.0	False	False	0.0	other	False	False
GSE253013	GSE253013	POMC_MC2R	MELANOCORTIN	Secreted Signaling	POMC	MC2R	POMC	MC2R	incoming	TNK	0.0	0.0	1.0	1.0	False	False	0.0	other	False	False
GSE253013	GSE253013	POMC_MC3R	MELANOCORTIN	Secreted Signaling	POMC	MC3R	POMC	MC3R	incoming	TNK	0.0	0.0	1.0	1.0	False	False	0.0	other	False	False
GSE253013	GSE253013	POMC_MC4R	MELANOCORTIN	Secreted Signaling	POMC	MC4R	POMC	MC4R	incoming	TNK	0.0	0.0	1.0	1.0	False	False	0.0	other	False	False
GSE253013	GSE253013	POMC_MC5R	MELANOCORTIN	Secreted Signaling	POMC	MC5R	POMC	MC5R	incoming	TNK	0.0	0.0	1.0	1.0	False	False	0.0	other	False	False
GSE253013	GSE253013	NMU_NMUR1	NMU	Secreted Signaling	NMU	NMUR1	NMU	NMUR1	incoming	TNK	0.0	0.0	1.0	1.0	False	False	0.0	other	False	False
GSE253013	GSE253013	NMU_NMUR2	NMU	Secreted Signaling	NMU	NMUR2	NMU	NMUR2	incoming	TNK	0.0	0.0	1.0	1.0	False	False	0.0	other	False	False
GSE253013	GSE253013	NMS_NMUR1	NMU	Secreted Signaling	NMS	NMUR1	NMS	NMUR1	incoming	TNK	0.0	0.0	1.0	1.0	False	False	0.0	other	False	False
GSE253013	GSE253013	NMS_NMUR2	NMU	Secreted Signaling	NMS	NMUR2	NMS	NMUR2	incoming	TNK	0.0	0.0	1.0	1.0	False	False	0.0	other	False	False
GSE253013	GSE253013	NPFF_NPFFR1	NPFF	Secreted Signaling	NPFF	NPFFR1	NPFF	NPFFR1	incoming	TNK	0.0	0.0	1.0	1.0	False	False	0.0	other	False	False
GSE253013	GSE253013	NPFF_NPFFR2	NPFF	Secreted Signaling	NPFF	NPFFR2	NPFF	NPFFR2	incoming	TNK	0.0	0.0	1.0	1.0	False	False	0.0	other	False	False
GSE253013	GSE253013	NPY_NPY1R	NPY	Secreted Signaling	NPY	NPY1R	NPY	NPY1R	incoming	TNK	0.0	0.0	1.0	1.0	False	False	0.0	other	False	False
GSE253013	GSE253013	NPY_NPY2R	NPY	Secreted Signaling	NPY	NPY2R	NPY	NPY2R	incoming	TNK	0.0	0.0	1.0	1.0	False	False	0.0	other	False	False
GSE253013	GSE253013	NPY_NPY4R	NPY	Secreted Signaling	NPY	NPY4R	NPY	NPY4R	incoming	TNK	0.0	0.0	1.0	1.0	False	False	0.0	other	False	False
GSE253013	GSE253013	NPY_NPY5R	NPY	Secreted Signaling	NPY	NPY5R	NPY	NPY5R	incoming	TNK	0.0	0.0	1.0	1.0	False	False	0.0	other	False	False
GSE253013	GSE253013	NPY_GPR83	NPY	Secreted Signaling	NPY	GPR83	NPY	GPR83	incoming	TNK	0.0	0.0	1.0	1.0	False	False	0.0	other	False	False
GSE253013	GSE253013	PPY_NPY1R	NPY	Secreted Signaling	PPY	NPY1R	PPY	NPY1R	incoming	TNK	0.0	0.0	1.0	1.0	False	False	0.0	other	False	False
GSE253013	GSE253013	PPY_NPY2R	NPY	Secreted Signaling	PPY	NPY2R	PPY	NPY2R	incoming	TNK	0.0	0.0	1.0	1.0	False	False	0.0	other	False	False
GSE253013	GSE253013	PPY_NPY4R	NPY	Secreted Signaling	PPY	NPY4R	PPY	NPY4R	incoming	TNK	0.0	0.0	1.0	1.0	False	False	0.0	other	False	False
GSE253013	GSE253013	PPY_NPY5R	NPY	Secreted Signaling	PPY	NPY5R	PPY	NPY5R	incoming	TNK	0.0	0.0	1.0	1.0	False	False	0.0	other	False	False
GSE253013	GSE253013	PPY_GPR83	NPY	Secreted Signaling	PPY	GPR83	PPY	GPR83	incoming	TNK	0.0	0.0	1.0	1.0	False	False	0.0	other	False	False
GSE253013	GSE253013	PYY_NPY1R	NPY	Secreted Signaling	PYY	NPY1R	PYY	NPY1R	incoming	TNK	0.0	0.0	1.0	1.0	False	False	0.0	other	False	False
GSE253013	GSE253013	PYY_NPY2R	NPY	Secreted Signaling	PYY	NPY2R	PYY	NPY2R	incoming	TNK	0.0	0.0	1.0	1.0	False	False	0.0	other	False	False
GSE253013	GSE253013	PYY_NPY4R	NPY	Secreted Signaling	PYY	NPY4R	PYY	NPY4R	incoming	TNK	0.0	0.0	1.0	1.0	False	False	0.0	other	False	False
GSE253013	GSE253013	PYY_NPY5R	NPY	Secreted Signaling	PYY	NPY5R	PYY	NPY5R	incoming	TNK	0.0	0.0	1.0	1.0	False	False	0.0	other	False	False
GSE253013	GSE253013	PYY_GPR83	NPY	Secreted Signaling	PYY	GPR83	PYY	GPR83	incoming	TNK	0.0	0.0	1.0	1.0	False	False	0.0	other	False	False
GSE253013	GSE253013	NPB_NPBWR1	NPW-B	Secreted Signaling	NPB	NPBWR1	NPB	NPBWR1	incoming	TNK	0.0	0.0	1.0	1.0	False	False	0.0	other	False	False
GSE253013	GSE253013	NPW_NPBWR1	NPW-B	Secreted Signaling	NPW	NPBWR1	NPW	NPBWR1	incoming	TNK	0.0	0.0	1.0	1.0	False	False	0.0	other	False	False
GSE253013	GSE253013	NTS_NTSR1	NTS	Secreted Signaling	NTS	NTSR1	NTS	NTSR1	incoming	TNK	0.0	0.0	1.0	1.0	False	False	0.0	other	False	False
GSE253013	GSE253013	NTS_NTSR2	NTS	Secreted Signaling	NTS	NTSR2	NTS	NTSR2	incoming	TNK	0.0	0.0	1.0	1.0	False	False	0.0	other	False	False
GSE253013	GSE253013	PDYN_OPRD1	OPIOID	Secreted Signaling	PDYN	OPRD1	PDYN	OPRD1	incoming	TNK	0.0	0.0	1.0	1.0	False	False	0.0	other	False	False
GSE253013	GSE253013	PDYN_OPRK1	OPIOID	Secreted Signaling	PDYN	OPRK1	PDYN	OPRK1	incoming	TNK	0.0	0.0	1.0	1.0	False	False	0.0	other	False	False
GSE253013	GSE253013	PDYN_OPRL1	OPIOID	Secreted Signaling	PDYN	OPRL1	PDYN	OPRL1	incoming	TNK	0.0	0.0	1.0	1.0	False	False	0.0	other	False	False
GSE253013	GSE253013	PDYN_OPRM1	OPIOID	Secreted Signaling	PDYN	OPRM1	PDYN	OPRM1	incoming	TNK	0.0	0.0	1.0	1.0	False	False	0.0	other	False	False
GSE253013	GSE253013	PENK_OPRD1	OPIOID	Secreted Signaling	PENK	OPRD1	PENK	OPRD1	incoming	TNK	0.0	0.0	1.0	1.0	False	False	0.0	other	False	False
GSE253013	GSE253013	PENK_OPRK1	OPIOID	Secreted Signaling	PENK	OPRK1	PENK	OPRK1	incoming	TNK	0.0	0.0	1.0	1.0	False	False	0.0	other	False	False
GSE253013	GSE253013	PENK_OPRL1	OPIOID	Secreted Signaling	PENK	OPRL1	PENK	OPRL1	incoming	TNK	0.0	0.0	1.0	1.0	False	False	0.0	other	False	False
GSE253013	GSE253013	PENK_OPRM1	OPIOID	Secreted Signaling	PENK	OPRM1	PENK	OPRM1	incoming	TNK	0.0	0.0	1.0	1.0	False	False	0.0	other	False	False
GSE253013	GSE253013	POMC_OPRD1	OPIOID	Secreted Signaling	POMC	OPRD1	POMC	OPRD1	incoming	TNK	0.0	0.0	1.0	1.0	False	False	0.0	other	False	False
GSE253013	GSE253013	POMC_OPRK1	OPIOID	Secreted Signaling	POMC	OPRK1	POMC	OPRK1	incoming	TNK	0.0	0.0	1.0	1.0	False	False	0.0	other	False	False
GSE253013	GSE253013	POMC_OPRL1	OPIOID	Secreted Signaling	POMC	OPRL1	POMC	OPRL1	incoming	TNK	0.0	0.0	1.0	1.0	False	False	0.0	other	False	False
GSE253013	GSE253013	POMC_OPRM1	OPIOID	Secreted Signaling	POMC	OPRM1	POMC	OPRM1	incoming	TNK	0.0	0.0	1.0	1.0	False	False	0.0	other	False	False
GSE253013	GSE253013	HCRT_HCRTR1	HCRT	Secreted Signaling	HCRT	HCRTR1	HCRT	HCRTR1	incoming	TNK	0.0	0.0	1.0	1.0	False	False	0.0	other	False	False
GSE253013	GSE253013	HCRT_HCRTR2	HCRT	Secreted Signaling	HCRT	HCRTR2	HCRT	HCRTR2	incoming	TNK	0.0	0.0	1.0	1.0	False	False	0.0	other	False	False
GSE253013	GSE253013	OXT_OXTR	OXT	Secreted Signaling	OXT	OXTR	OXT	OXTR	incoming	TNK	0.0	0.0	1.0	1.0	False	False	0.0	other	False	False
GSE253013	GSE253013	SST_SSTR1	SOMATOSTATIN	Secreted Signaling	SST	SSTR1	SST	SSTR1	incoming	TNK	0.0	0.0	1.0	1.0	False	False	0.0	other	False	False
GSE253013	GSE253013	SST_SSTR2	SOMATOSTATIN	Secreted Signaling	SST	SSTR2	SST	SSTR2	incoming	TNK	0.0	0.0	1.0	1.0	False	False	0.0	other	False	False
GSE253013	GSE253013	SST_SSTR3	SOMATOSTATIN	Secreted Signaling	SST	SSTR3	SST	SSTR3	incoming	TNK	0.0	0.0	1.0	1.0	False	False	0.0	other	False	False
GSE253013	GSE253013	SST_SSTR4	SOMATOSTATIN	Secreted Signaling	SST	SSTR4	SST	SSTR4	incoming	TNK	0.0	0.0	1.0	1.0	False	False	0.0	other	False	False
GSE253013	GSE253013	SST_SSTR5	SOMATOSTATIN	Secreted Signaling	SST	SSTR5	SST	SSTR5	incoming	TNK	0.0	0.0	1.0	1.0	False	False	0.0	other	False	False
GSE253013	GSE253013	CORT_SSTR1	SOMATOSTATIN	Secreted Signaling	CORT	SSTR1	CORT	SSTR1	incoming	TNK	0.0	0.0	1.0	1.0	False	False	0.0	other	False	False
GSE253013	GSE253013	CORT_SSTR2	SOMATOSTATIN	Secreted Signaling	CORT	SSTR2	CORT	SSTR2	incoming	TNK	0.0	0.0	1.0	1.0	False	False	0.0	other	False	False
GSE253013	GSE253013	CORT_SSTR3	SOMATOSTATIN	Secreted Signaling	CORT	SSTR3	CORT	SSTR3	incoming	TNK	0.0	0.0	1.0	1.0	False	False	0.0	other	False	False
GSE253013	GSE253013	CORT_SSTR4	SOMATOSTATIN	Secreted Signaling	CORT	SSTR4	CORT	SSTR4	incoming	TNK	0.0	0.0	1.0	1.0	False	False	0.0	other	False	False
GSE253013	GSE253013	CORT_SSTR5	SOMATOSTATIN	Secreted Signaling	CORT	SSTR5	CORT	SSTR5	incoming	TNK	0.0	0.0	1.0	1.0	False	False	0.0	other	False	False
GSE253013	GSE253013	TAC1_TACR1	TAC	Secreted Signaling	TAC1	TACR1	TAC1	TACR1	incoming	TNK	0.0	0.0	1.0	1.0	False	False	0.0	other	False	False
GSE253013	GSE253013	TAC4_TACR1	TAC	Secreted Signaling	TAC4	TACR1	TAC4	TACR1	incoming	TNK	0.0	0.0	1.0	1.0	False	False	0.0	other	False	False
GSE253013	GSE253013	TAC1_TACR2	TAC	Secreted Signaling	TAC1	TACR2	TAC1	TACR2	incoming	TNK	0.0	0.0	1.0	1.0	False	False	0.0	other	False	False
GSE253013	GSE253013	TAC2_TACR3	TAC	Secreted Signaling	TAC3	TACR3	TAC3	TACR3	incoming	TNK	0.0	0.0	1.0	1.0	False	False	0.0	other	False	False
GSE253013	GSE253013	UTS2_UTS2R	UTS2	Secreted Signaling	UTS2	UTS2R	UTS2	UTS2R	incoming	TNK	0.0	0.0	1.0	1.0	False	False	0.0	other	False	False
GSE253013	GSE253013	AVP_AVPR2	AVP	Secreted Signaling	AVP	AVPR2	AVP	AVPR2	incoming	TNK	0.0	0.0	1.0	1.0	False	False	0.0	other	False	False
GSE253013	GSE253013	AVP_AVPR1A	AVP	Secreted Signaling	AVP	AVPR1A	AVP	AVPR1A	incoming	TNK	0.0	0.0	1.0	1.0	False	False	0.0	other	False	False
GSE253013	GSE253013	AVP_AVPR1B	AVP	Secreted Signaling	AVP	AVPR1B	AVP	AVPR1B	incoming	TNK	0.0	0.0	1.0	1.0	False	False	0.0	other	False	False
GSE253013	GSE253013	PRLH_PRLHR	PRLH	Secreted Signaling	PRLH	PRLHR	PRLH	PRLHR	incoming	TNK	0.0	0.0	1.0	1.0	False	False	0.0	other	False	False
GSE253013	GSE253013	PRSS3_F2R	PARs	Secreted Signaling	PRSS3	F2R	PRSS3	F2R	incoming	TNK	0.0	0.0	1.0	1.0	False	False	0.0	other	False	False
GSE253013	GSE253013	CTSG_F2R	PARs	Secreted Signaling	CTSG	F2R	CTSG	F2R	incoming	TNK	0.0	0.0	1.0	1.0	False	False	0.0	other	False	False
GSE253013	GSE253013	F2_F2R	PARs	Secreted Signaling	F2	F2R	F2	F2R	incoming	TNK	0.0	0.0	1.0	1.0	False	False	0.0	other	False	False
GSE253013	GSE253013	PLG_F2R	PARs	Secreted Signaling	PLG	F2R	PLG	F2R	incoming	TNK	0.0	0.0	1.0	1.0	False	False	0.0	other	False	False
GSE253013	GSE253013	GZMA_F2R	PARs	Secreted Signaling	GZMA	F2R	GZMA	F2R	incoming	TNK	0.0	0.0	1.0	1.0	False	False	0.0	other	False	False
GSE253013	GSE253013	PRSS2_F2R	PARs	Secreted Signaling	PRSS2	F2R	PRSS2	F2R	incoming	TNK	0.0	0.0	1.0	1.0	False	False	0.0	other	False	False
GSE253013	GSE253013	PRSS1_F2R	PARs	Secreted Signaling	PRSS1	F2R	PRSS1	F2R	incoming	TNK	0.0	0.0	1.0	1.0	False	False	0.0	other	False	False
GSE253013	GSE253013	PRSS3_F2RL1	PARs	Secreted Signaling	PRSS3	F2RL1	PRSS3	F2RL1	incoming	TNK	0.0	0.0	1.0	1.0	False	False	0.0	other	False	False
GSE253013	GSE253013	CTSG_F2RL1	PARs	Secreted Signaling	CTSG	F2RL1	CTSG	F2RL1	incoming	TNK	0.0	0.0	1.0	1.0	False	False	0.0	other	False	False
GSE253013	GSE253013	F2_F2RL1	PARs	Secreted Signaling	F2	F2RL1	F2	F2RL1	incoming	TNK	0.0	0.0	1.0	1.0	False	False	0.0	other	False	False
GSE253013	GSE253013	PLG_F2RL1	PARs	Secreted Signaling	PLG	F2RL1	PLG	F2RL1	incoming	TNK	0.0	0.0	1.0	1.0	False	False	0.0	other	False	False
GSE253013	GSE253013	GZMA_F2RL1	PARs	Secreted Signaling	GZMA	F2RL1	GZMA	F2RL1	incoming	TNK	0.2579485969669794	0.0	0.009900990099009901	1.0	True	False	0.2579485969669794	other	True	True
GSE253013	GSE253013	PRSS2_F2RL1	PARs	Secreted Signaling	PRSS2	F2RL1	PRSS2	F2RL1	incoming	TNK	0.0	0.0	1.0	1.0	False	False	0.0	other	False	False
GSE253013	GSE253013	PRSS1_F2RL1	PARs	Secreted Signaling	PRSS1	F2RL1	PRSS1	F2RL1	incoming	TNK	0.0	0.0	1.0	1.0	False	False	0.0	other	False	False
GSE253013	GSE253013	PRSS3_F2RL2	PARs	Secreted Signaling	PRSS3	F2RL2	PRSS3	F2RL2	incoming	TNK	0.0	0.0	1.0	1.0	False	False	0.0	other	False	False
GSE253013	GSE253013	CTSG_F2RL2	PARs	Secreted Signaling	CTSG	F2RL2	CTSG	F2RL2	incoming	TNK	0.0	0.0	1.0	1.0	False	False	0.0	other	False	False
GSE253013	GSE253013	F2_F2RL2	PARs	Secreted Signaling	F2	F2RL2	F2	F2RL2	incoming	TNK	0.0	0.0	1.0	1.0	False	False	0.0	other	False	False
GSE253013	GSE253013	PLG_F2RL2	PARs	Secreted Signaling	PLG	F2RL2	PLG	F2RL2	incoming	TNK	0.0	0.0	1.0	1.0	False	False	0.0	other	False	False
GSE253013	GSE253013	GZMA_F2RL2	PARs	Secreted Signaling	GZMA	F2RL2	GZMA	F2RL2	incoming	TNK	0.0	0.0	1.0	1.0	False	False	0.0	other	False	False
GSE253013	GSE253013	PRSS2_F2RL2	PARs	Secreted Signaling	PRSS2	F2RL2	PRSS2	F2RL2	incoming	TNK	0.0	0.0	1.0	1.0	False	False	0.0	other	False	False
GSE253013	GSE253013	PRSS1_F2RL2	PARs	Secreted Signaling	PRSS1	F2RL2	PRSS1	F2RL2	incoming	TNK	0.0	0.0	1.0	1.0	False	False	0.0	other	False	False
GSE253013	GSE253013	PRSS3_F2RL3	PARs	Secreted Signaling	PRSS3	F2RL3	PRSS3	F2RL3	incoming	TNK	0.0	0.0	1.0	1.0	False	False	0.0	other	False	False
GSE253013	GSE253013	CTSG_F2RL3	PARs	Secreted Signaling	CTSG	F2RL3	CTSG	F2RL3	incoming	TNK	0.0	0.0	1.0	1.0	False	False	0.0	other	False	False
GSE253013	GSE253013	F2_F2RL3	PARs	Secreted Signaling	F2	F2RL3	F2	F2RL3	incoming	TNK	0.0	0.0	1.0	1.0	False	False	0.0	other	False	False
GSE253013	GSE253013	GZMA_F2RL3	PARs	Secreted Signaling	GZMA	F2RL3	GZMA	F2RL3	incoming	TNK	0.0	0.0	1.0	1.0	False	False	0.0	other	False	False
GSE253013	GSE253013	PLG_F2RL3	PARs	Secreted Signaling	PLG	F2RL3	PLG	F2RL3	incoming	TNK	0.0	0.0	1.0	1.0	False	False	0.0	other	False	False
GSE253013	GSE253013	PRSS2_F2RL3	PARs	Secreted Signaling	PRSS2	F2RL3	PRSS2	F2RL3	incoming	TNK	0.0	0.0	1.0	1.0	False	False	0.0	other	False	False
GSE253013	GSE253013	PRSS1_F2RL3	PARs	Secreted Signaling	PRSS1	F2RL3	PRSS1	F2RL3	incoming	TNK	0.0	0.0	1.0	1.0	False	False	0.0	other	False	False
GSE253013	GSE253013	PRSS3_PARD3	PARs	Secreted Signaling	PRSS3	PARD3	PRSS3	PARD3	incoming	TNK	0.0	0.0	1.0	1.0	False	False	0.0	other	False	False
GSE253013	GSE253013	CTSG_PARD3	PARs	Secreted Signaling	CTSG	PARD3	CTSG	PARD3	incoming	TNK	0.0	0.0	1.0	1.0	False	False	0.0	other	False	False
GSE253013	GSE253013	F2_PARD3	PARs	Secreted Signaling	F2	PARD3	F2	PARD3	incoming	TNK	0.0	0.0	1.0	1.0	False	False	0.0	other	False	False
GSE253013	GSE253013	GZMA_PARD3	PARs	Secreted Signaling	GZMA	PARD3	GZMA	PARD3	incoming	TNK	0.021352276013878024	0.0	0.009900990099009901	1.0	True	False	0.021352276013878024	other	True	True
GSE253013	GSE253013	PLG_PARD3	PARs	Secreted Signaling	PLG	PARD3	PLG	PARD3	incoming	TNK	0.0	0.0	1.0	1.0	False	False	0.0	other	False	False
GSE253013	GSE253013	PRSS2_PARD3	PARs	Secreted Signaling	PRSS2	PARD3	PRSS2	PARD3	incoming	TNK	0.0	0.0	1.0	1.0	False	False	0.0	other	False	False
GSE253013	GSE253013	PRSS1_PARD3	PARs	Secreted Signaling	PRSS1	PARD3	PRSS1	PARD3	incoming	TNK	0.0	0.0	1.0	1.0	False	False	0.0	other	False	False
GSE253013	GSE253013	PMCH_MCHR1	PMCH	Secreted Signaling	PMCH	MCHR1	PMCH	MCHR1	incoming	TNK	0.0	0.0	1.0	1.0	False	False	0.0	other	False	False
GSE253013	GSE253013	PROK1_PROKR2	PROK	Secreted Signaling	PROK1	PROKR2	PROK1	PROKR2	incoming	TNK	0.0	0.0	1.0	1.0	False	False	0.0	other	False	False
GSE253013	GSE253013	PROK1_PROKR1	PROK	Secreted Signaling	PROK1	PROKR1	PROK1	PROKR1	incoming	TNK	0.0	0.0	1.0	1.0	False	False	0.0	other	False	False
GSE253013	GSE253013	PROK2_PROKR1	PROK	Secreted Signaling	PROK2	PROKR1	PROK2	PROKR1	incoming	TNK	0.0	0.0	1.0	1.0	False	False	0.0	other	False	False
GSE253013	GSE253013	PROK2_PROKR2	PROK	Secreted Signaling	PROK2	PROKR2	PROK2	PROKR2	incoming	TNK	0.0	0.0	1.0	1.0	False	False	0.0	other	False	False
GSE253013	GSE253013	ADCYAP1_ADCYAP1R1	PACAP	Secreted Signaling	ADCYAP1	ADCYAP1R1	ADCYAP1	ADCYAP1R1	incoming	TNK	0.0	0.0	1.0	1.0	False	False	0.0	other	False	False
GSE253013	GSE253013	VIP_VIPR1	VIP	Secreted Signaling	VIP	VIPR1	VIP	VIPR1	incoming	TNK	0.0	0.0	1.0	1.0	False	False	0.0	other	False	False
GSE253013	GSE253013	VIP_VIPR2	VIP	Secreted Signaling	VIP	VIPR2	VIP	VIPR2	incoming	TNK	0.0	0.0	1.0	1.0	False	False	0.0	other	False	False
GSE253013	GSE253013	NPPA_NPR1	NPR1	Secreted Signaling	NPPA	NPR1	NPPA	NPR1	incoming	TNK	0.0	0.0	1.0	1.0	False	False	0.0	other	False	False
GSE253013	GSE253013	NPPB_NPR1	NPR1	Secreted Signaling	NPPB	NPR1	NPPB	NPR1	incoming	TNK	0.0	0.0	1.0	1.0	False	False	0.0	other	False	False
GSE253013	GSE253013	NPPC_NPR2	NPR2	Secreted Signaling	NPPC	NPR2	NPPC	NPR2	incoming	TNK	0.0	0.0	1.0	1.0	False	False	0.0	other	False	False
GSE253013	GSE253013	KITL_KIT	KIT	Secreted Signaling	KITLG	KIT	KITLG	KIT	incoming	TNK	0.0	0.0	1.0	1.0	False	False	0.0	other	False	False
GSE253013	GSE253013	GCG_GIPR	GIPR	Secreted Signaling	GCG	GIPR	GCG	GIPR	incoming	TNK	0.0	0.0	1.0	1.0	False	False	0.0	other	False	False
GSE253013	GSE253013	GIP_GIPR	GIPR	Secreted Signaling	GIP	GIPR	GIP	GIPR	incoming	TNK	0.0	0.0	1.0	1.0	False	False	0.0	other	False	False
GSE253013	GSE253013	FSHB_FSHR	FSH	Secreted Signaling	FSHB	FSHR	FSHB	FSHR	incoming	TNK	0.0	0.0	1.0	1.0	False	False	0.0	other	False	False
GSE253013	GSE253013	CGA_FSHR	FSH	Secreted Signaling	CGA	FSHR	CGA	FSHR	incoming	TNK	0.0	0.0	1.0	1.0	False	False	0.0	other	False	False
GSE253013	GSE253013	LHB_LHCGR	LHB	Secreted Signaling	LHB	LHCGR	LHB	LHCGR	incoming	TNK	0.0	0.0	1.0	1.0	False	False	0.0	other	False	False
GSE253013	GSE253013	CGA_LHCGR	LHB	Secreted Signaling	CGA	LHCGR	CGA	LHCGR	incoming	TNK	0.0	0.0	1.0	1.0	False	False	0.0	other	False	False
GSE253013	GSE253013	TSHB_TSHR	TSH	Secreted Signaling	TSHB	TSHR	TSHB	TSHR	incoming	TNK	0.0	0.0	1.0	1.0	False	False	0.0	other	False	False
GSE253013	GSE253013	CGA_TSHR	TSH	Secreted Signaling	CGA	TSHR	CGA	TSHR	incoming	TNK	0.0	0.0	1.0	1.0	False	False	0.0	other	False	False
GSE253013	GSE253013	BDNF_NTRK2	NT	Secreted Signaling	BDNF	NTRK2	BDNF	NTRK2	incoming	TNK	0.0	0.0	1.0	1.0	False	False	0.0	other	False	False
GSE253013	GSE253013	NGF_NTRK1	NT	Secreted Signaling	NGF	NTRK1	NGF	NTRK1	incoming	TNK	0.0	0.0	1.0	1.0	False	False	0.0	other	False	False
GSE253013	GSE253013	FLT3L_FLT3	FLT3	Secreted Signaling	FLT3LG	FLT3	FLT3LG	FLT3	incoming	TNK	0.0	0.0	1.0	1.0	False	False	0.0	other	False	False
GSE253013	GSE253013	HGF_MET	HGF	Secreted Signaling	HGF	MET	HGF	MET	incoming	TNK	0.0	0.0	1.0	1.0	False	False	0.0	other	False	False
GSE253013	GSE253013	KLK3_NTRK1	NT	Secreted Signaling	KLK3	NTRK1	KLK3	NTRK1	incoming	TNK	0.0	0.0	1.0	1.0	False	False	0.0	other	False	False
GSE253013	GSE253013	NTF3_NTRK1	NT	Secreted Signaling	NTF3	NTRK1	NTF3	NTRK1	incoming	TNK	0.0	0.0	1.0	1.0	False	False	0.0	other	False	False
GSE253013	GSE253013	NTF3_NTRK2	NT	Secreted Signaling	NTF3	NTRK2	NTF3	NTRK2	incoming	TNK	0.0	0.0	1.0	1.0	False	False	0.0	other	False	False
GSE253013	GSE253013	NTF3_NTRK3	NT	Secreted Signaling	NTF3	NTRK3	NTF3	NTRK3	incoming	TNK	0.0	0.0	1.0	1.0	False	False	0.0	other	False	False
GSE253013	GSE253013	NTF5_NTRK2	NT	Secreted Signaling	NTF4	NTRK2	NTF4	NTRK2	incoming	TNK	0.0	0.0	1.0	1.0	False	False	0.0	other	False	False
GSE253013	GSE253013	SEMA3C_PLXND1	SEMA3	Secreted Signaling	SEMA3C	PLXND1	SEMA3C	PLXND1	incoming	TNK	0.0	0.0	1.0	1.0	False	False	0.0	other	False	False
GSE253013	GSE253013	SEMA3E_PLXND1	SEMA3	Secreted Signaling	SEMA3E	PLXND1	SEMA3E	PLXND1	incoming	TNK	0.0	0.0	1.0	1.0	False	False	0.0	other	False	False
GSE253013	GSE253013	ADM_CALCR	CALCR	Secreted Signaling	ADM	CALCR	ADM	CALCR	incoming	TNK	0.0	0.0	1.0	1.0	False	False	0.0	other	False	False
GSE253013	GSE253013	ADM_CALCRL	CALCR	Secreted Signaling	ADM	CALCRL	ADM	CALCRL	incoming	TNK	0.0	0.0	1.0	1.0	False	False	0.0	other	False	False
GSE253013	GSE253013	AGT_MAS1	AGT	Secreted Signaling	AGT	MAS1	AGT	MAS1	incoming	TNK	0.0	0.0	1.0	1.0	False	False	0.0	other	False	False
GSE253013	GSE253013	ANXA1_FPR2	ANNEXIN	Secreted Signaling	ANXA1	FPR2	ANXA1	FPR2	incoming	TNK	0.0	0.0	1.0	1.0	False	False	0.0	other	False	False
GSE253013	GSE253013	ANXA1_FPR1	ANNEXIN	Secreted Signaling	ANXA1	FPR1	ANXA1	FPR1	incoming	TNK	0.0	0.0	1.0	1.0	False	False	0.0	other	False	False
GSE253013	GSE253013	APELA_APLNR	APJ	Secreted Signaling	APELA	APLNR	APELA	APLNR	incoming	TNK	0.0	0.0	1.0	1.0	False	False	0.0	other	False	False
GSE253013	GSE253013	CALCA_CALCR	CALCR	Secreted Signaling	CALCA	CALCR	CALCA	CALCR	incoming	TNK	0.0	0.0	1.0	1.0	False	False	0.0	other	False	False
GSE253013	GSE253013	CALCA_CALCRL	CALCR	Secreted Signaling	CALCA	CALCRL	CALCA	CALCRL	incoming	TNK	0.0	0.0	1.0	1.0	False	False	0.0	other	False	False
GSE253013	GSE253013	CALCB_CALCR	CALCR	Secreted Signaling	CALCB	CALCR	CALCB	CALCR	incoming	TNK	0.0	0.0	1.0	1.0	False	False	0.0	other	False	False
GSE253013	GSE253013	CALCB_CALCRL	CALCR	Secreted Signaling	CALCB	CALCRL	CALCB	CALCRL	incoming	TNK	0.0	0.0	1.0	1.0	False	False	0.0	other	False	False
GSE253013	GSE253013	CRH_CRHR1	CRH	Secreted Signaling	CRH	CRHR1	CRH	CRHR1	incoming	TNK	0.0	0.0	1.0	1.0	False	False	0.0	other	False	False
GSE253013	GSE253013	CRH_CRHR2	CRH	Secreted Signaling	CRH	CRHR2	CRH	CRHR2	incoming	TNK	0.0	0.0	1.0	1.0	False	False	0.0	other	False	False
GSE253013	GSE253013	ENHO_GPR19	ENHO	Secreted Signaling	ENHO	GPR19	ENHO	GPR19	incoming	TNK	0.0	0.0	1.0	1.0	False	False	0.0	other	False	False
GSE253013	GSE253013	GAS6_AXL	GAS	Secreted Signaling	GAS6	AXL	GAS6	AXL	incoming	TNK	0.0	0.0	1.0	1.0	False	False	0.0	other	False	False
GSE253013	GSE253013	GAS6_MERTK	GAS	Secreted Signaling	GAS6	MERTK	GAS6	MERTK	incoming	TNK	0.0	0.0	1.0	1.0	False	False	0.0	other	False	False
GSE253013	GSE253013	GAS6_TYRO3	GAS	Secreted Signaling	GAS6	TYRO3	GAS6	TYRO3	incoming	TNK	0.0	0.0	1.0	1.0	False	False	0.0	other	False	False
GSE253013	GSE253013	GCG_GCGR	GCG	Secreted Signaling	GCG	GCGR	GCG	GCGR	incoming	TNK	0.0	0.0	1.0	1.0	False	False	0.0	other	False	False
GSE253013	GSE253013	GCG_GLP1R	GCG	Secreted Signaling	GCG	GLP1R	GCG	GLP1R	incoming	TNK	0.0	0.0	1.0	1.0	False	False	0.0	other	False	False
GSE253013	GSE253013	GCG_GLP2R	GCG	Secreted Signaling	GCG	GLP2R	GCG	GLP2R	incoming	TNK	0.0	0.0	1.0	1.0	False	False	0.0	other	False	False
GSE253013	GSE253013	GH_PRLR	GH	Secreted Signaling	GH1	PRLR	GH1	PRLR	incoming	TNK	0.0	0.0	1.0	1.0	False	False	0.0	other	False	False
GSE253013	GSE253013	GHRH_VIPR1	GHRH	Secreted Signaling	GHRH	VIPR1	GHRH	VIPR1	incoming	TNK	0.0	0.0	1.0	1.0	False	False	0.0	other	False	False
GSE253013	GSE253013	GHRH_VIPR2	GHRH	Secreted Signaling	GHRH	VIPR2	GHRH	VIPR2	incoming	TNK	0.0	0.0	1.0	1.0	False	False	0.0	other	False	False
GSE253013	GSE253013	GHRH_GHSR	GHRH	Secreted Signaling	GHRH	GHSR	GHRH	GHSR	incoming	TNK	0.0	0.0	1.0	1.0	False	False	0.0	other	False	False
GSE253013	GSE253013	GHRH_GHRHR	GHRH	Secreted Signaling	GHRH	GHRHR	GHRH	GHRHR	incoming	TNK	0.0	0.0	1.0	1.0	False	False	0.0	other	False	False
GSE253013	GSE253013	GNRH1_GNRHR	GNRH	Secreted Signaling	GNRH1	GNRHR	GNRH1	GNRHR	incoming	TNK	0.0	0.0	1.0	1.0	False	False	0.0	other	False	False
GSE253013	GSE253013	GRN_SORT1	GRN	Secreted Signaling	GRN	SORT1	GRN	SORT1	incoming	TNK	0.0002569548234264673	0.0	0.009900990099009901	1.0	True	False	0.0002569548234264673	other	True	True
GSE253013	GSE253013	GUCA2A_GUCY2C	GUCA	Secreted Signaling	GUCA2A	GUCY2C	GUCA2A	GUCY2C	incoming	TNK	0.0	0.0	1.0	1.0	False	False	0.0	other	False	False
GSE253013	GSE253013	GUCA2B_GUCY2C	GUCA	Secreted Signaling	GUCA2B	GUCY2C	GUCA2B	GUCY2C	incoming	TNK	0.0	0.0	1.0	1.0	False	False	0.0	other	False	False
GSE253013	GSE253013	IAPP_CALCR	CALCR	Secreted Signaling	IAPP	CALCR	IAPP	CALCR	incoming	TNK	0.0	0.0	1.0	1.0	False	False	0.0	other	False	False
GSE253013	GSE253013	IAPP_CALCRL	CALCR	Secreted Signaling	IAPP	CALCRL	IAPP	CALCRL	incoming	TNK	0.0	0.0	1.0	1.0	False	False	0.0	other	False	False
GSE253013	GSE253013	INSL3_RXFP2	RLN	Secreted Signaling	INSL3	RXFP2	INSL3	RXFP2	incoming	TNK	0.0	0.0	1.0	1.0	False	False	0.0	other	False	False
GSE253013	GSE253013	INSL3_RXFP1	RLN	Secreted Signaling	INSL3	RXFP1	INSL3	RXFP1	incoming	TNK	0.0	0.0	1.0	1.0	False	False	0.0	other	False	False
GSE253013	GSE253013	INSL3_RXFP4	RLN	Secreted Signaling	INSL3	RXFP4	INSL3	RXFP4	incoming	TNK	0.0	0.0	1.0	1.0	False	False	0.0	other	False	False
GSE253013	GSE253013	INSL3_RXFP3	RLN	Secreted Signaling	INSL3	RXFP3	INSL3	RXFP3	incoming	TNK	0.0	0.0	1.0	1.0	False	False	0.0	other	False	False
GSE253013	GSE253013	INSL5_RXFP4	RLN	Secreted Signaling	INSL5	RXFP4	INSL5	RXFP4	incoming	TNK	0.0	0.0	1.0	1.0	False	False	0.0	other	False	False
GSE253013	GSE253013	INSL5_RXFP3	RLN	Secreted Signaling	INSL5	RXFP3	INSL5	RXFP3	incoming	TNK	0.0	0.0	1.0	1.0	False	False	0.0	other	False	False
GSE253013	GSE253013	INSL5_RXFP2	RLN	Secreted Signaling	INSL5	RXFP2	INSL5	RXFP2	incoming	TNK	0.0	0.0	1.0	1.0	False	False	0.0	other	False	False
GSE253013	GSE253013	INSL5_RXFP1	RLN	Secreted Signaling	INSL5	RXFP1	INSL5	RXFP1	incoming	TNK	0.0	0.0	1.0	1.0	False	False	0.0	other	False	False
GSE253013	GSE253013	LEP_LEPR	LEP	Secreted Signaling	LEP	LEPR	LEP	LEPR	incoming	TNK	0.0	0.0	1.0	1.0	False	False	0.0	other	False	False
GSE253013	GSE253013	LGALS9_CD45	GALECTIN	Secreted Signaling	LGALS9	PTPRC	LGALS9	PTPRC	incoming	TNK	0.0	0.0	1.0	1.0	False	False	0.0	inhibitory	False	False
GSE253013	GSE253013	NPS_NPSR1	NPS	Secreted Signaling	NPS	NPSR1	NPS	NPSR1	incoming	TNK	0.0	0.0	1.0	1.0	False	False	0.0	other	False	False
GSE253013	GSE253013	NPVF_NPFFR1	NPVF	Secreted Signaling	NPVF	NPFFR1	NPVF	NPFFR1	incoming	TNK	0.0	0.0	1.0	1.0	False	False	0.0	other	False	False
GSE253013	GSE253013	NPVF_NPFFR2	NPVF	Secreted Signaling	NPVF	NPFFR2	NPVF	NPFFR2	incoming	TNK	0.0	0.0	1.0	1.0	False	False	0.0	other	False	False
GSE253013	GSE253013	OSTN_NPR3	OSTN	Secreted Signaling	OSTN	NPR3	OSTN	NPR3	incoming	TNK	0.0	0.0	1.0	1.0	False	False	0.0	other	False	False
GSE253013	GSE253013	PMCH_MERTK	PMCH	Secreted Signaling	PMCH	MERTK	PMCH	MERTK	incoming	TNK	0.0	0.0	1.0	1.0	False	False	0.0	other	False	False
GSE253013	GSE253013	PROS1_AXL	PROS	Secreted Signaling	PROS1	AXL	PROS1	AXL	incoming	TNK	0.0	0.0	1.0	1.0	False	False	0.0	other	False	False
GSE253013	GSE253013	PROS1_TYRO3	PROS	Secreted Signaling	PROS1	TYRO3	PROS1	TYRO3	incoming	TNK	0.0	0.0	1.0	1.0	False	False	0.0	other	False	False
GSE253013	GSE253013	PSAP_GPR37L1	PSAP	Secreted Signaling	PSAP	GPR37L1	PSAP	GPR37L1	incoming	TNK	0.0	0.0	1.0	1.0	False	False	0.0	other	False	False
GSE253013	GSE253013	PSAP_GPR37	PSAP	Secreted Signaling	PSAP	GPR37	PSAP	GPR37	incoming	TNK	0.0	0.0	1.0	1.0	False	False	0.0	other	False	False
GSE253013	GSE253013	PTH_PTH1R	PTH	Secreted Signaling	PTH	PTH1R	PTH	PTH1R	incoming	TNK	0.0	0.0	1.0	1.0	False	False	0.0	other	False	False
GSE253013	GSE253013	PTH_PTH2R	PTH	Secreted Signaling	PTH	PTH2R	PTH	PTH2R	incoming	TNK	0.0	0.0	1.0	1.0	False	False	0.0	other	False	False
GSE253013	GSE253013	PTH2_PTH1R	PTH	Secreted Signaling	PTH2	PTH1R	PTH2	PTH1R	incoming	TNK	0.0	0.0	1.0	1.0	False	False	0.0	other	False	False
GSE253013	GSE253013	PTH2_PTH2R	PTH	Secreted Signaling	PTH2	PTH2R	PTH2	PTH2R	incoming	TNK	0.0	0.0	1.0	1.0	False	False	0.0	other	False	False
GSE253013	GSE253013	PTHLH_PTH1R	PTH	Secreted Signaling	PTHLH	PTH1R	PTHLH	PTH1R	incoming	TNK	0.0	0.0	1.0	1.0	False	False	0.0	other	False	False
GSE253013	GSE253013	QRFP_QRFPR	QRFP	Secreted Signaling	QRFP	QRFPR	QRFP	QRFPR	incoming	TNK	0.0	0.0	1.0	1.0	False	False	0.0	other	False	False
GSE253013	GSE253013	RARRES2_GPR1	CHEMERIN	Secreted Signaling	RARRES2	GPR1	RARRES2	GPR1	incoming	TNK	0.0	0.0	1.0	1.0	False	False	0.0	other	False	False
GSE253013	GSE253013	RARRES2_CMKLR1	CHEMERIN	Secreted Signaling	RARRES2	CMKLR1	RARRES2	CMKLR1	incoming	TNK	0.0	0.0	1.0	1.0	False	False	0.0	other	False	False
GSE253013	GSE253013	RLN1_RXFP2	RLN	Secreted Signaling	RLN1	RXFP2	RLN1	RXFP2	incoming	TNK	0.0	0.0	1.0	1.0	False	False	0.0	other	False	False
GSE253013	GSE253013	RLN1_RXFP1	RLN	Secreted Signaling	RLN1	RXFP1	RLN1	RXFP1	incoming	TNK	0.0	0.0	1.0	1.0	False	False	0.0	other	False	False
GSE253013	GSE253013	RLN1_RXFP3	RLN	Secreted Signaling	RLN1	RXFP3	RLN1	RXFP3	incoming	TNK	0.0	0.0	1.0	1.0	False	False	0.0	other	False	False
GSE253013	GSE253013	RLN1_RXFP4	RLN	Secreted Signaling	RLN1	RXFP4	RLN1	RXFP4	incoming	TNK	0.0	0.0	1.0	1.0	False	False	0.0	other	False	False
GSE253013	GSE253013	RLN3_RXFP3	RLN	Secreted Signaling	RLN3	RXFP3	RLN3	RXFP3	incoming	TNK	0.0	0.0	1.0	1.0	False	False	0.0	other	False	False
GSE253013	GSE253013	RLN3_RXFP1	RLN	Secreted Signaling	RLN3	RXFP1	RLN3	RXFP1	incoming	TNK	0.0	0.0	1.0	1.0	False	False	0.0	other	False	False
GSE253013	GSE253013	RLN3_RXFP4	RLN	Secreted Signaling	RLN3	RXFP4	RLN3	RXFP4	incoming	TNK	0.0	0.0	1.0	1.0	False	False	0.0	other	False	False
GSE253013	GSE253013	RLN3_RXFP2	RLN	Secreted Signaling	RLN3	RXFP2	RLN3	RXFP2	incoming	TNK	0.0	0.0	1.0	1.0	False	False	0.0	other	False	False
GSE253013	GSE253013	SAA1_FPR2	SAA	Secreted Signaling	SAA1	FPR2	SAA1	FPR2	incoming	TNK	0.0	0.0	1.0	1.0	False	False	0.0	other	False	False
GSE253013	GSE253013	SCGB3A2_MARCO	UGRP1	Secreted Signaling	SCGB3A2	MARCO	SCGB3A2	MARCO	incoming	TNK	0.0	0.0	1.0	1.0	False	False	0.0	other	False	False
GSE253013	GSE253013	SCT_SCTR	SCT	Secreted Signaling	SCT	SCTR	SCT	SCTR	incoming	TNK	0.0	0.0	1.0	1.0	False	False	0.0	other	False	False
GSE253013	GSE253013	SLURP1_CHRNB1	SLURP	Secreted Signaling	SLURP1	CHRNB1	SLURP1	CHRNB1	incoming	TNK	0.0	0.0	1.0	1.0	False	False	0.0	other	False	False
GSE253013	GSE253013	SLURP1_CHRNB2	SLURP	Secreted Signaling	SLURP1	CHRNB2	SLURP1	CHRNB2	incoming	TNK	0.0	0.0	1.0	1.0	False	False	0.0	other	False	False
GSE253013	GSE253013	SLURP1_CHRNB3	SLURP	Secreted Signaling	SLURP1	CHRNB3	SLURP1	CHRNB3	incoming	TNK	0.0	0.0	1.0	1.0	False	False	0.0	other	False	False
GSE253013	GSE253013	SLURP1_CHRNB4	SLURP	Secreted Signaling	SLURP1	CHRNB4	SLURP1	CHRNB4	incoming	TNK	0.0	0.0	1.0	1.0	False	False	0.0	other	False	False
GSE253013	GSE253013	SLURP1_CHRNA1	SLURP	Secreted Signaling	SLURP1	CHRNA1	SLURP1	CHRNA1	incoming	TNK	0.0	0.0	1.0	1.0	False	False	0.0	other	False	False
GSE253013	GSE253013	SLURP1_CHRNA2	SLURP	Secreted Signaling	SLURP1	CHRNA2	SLURP1	CHRNA2	incoming	TNK	0.0	0.0	1.0	1.0	False	False	0.0	other	False	False
GSE253013	GSE253013	SLURP1_CHRNA3	SLURP	Secreted Signaling	SLURP1	CHRNA3	SLURP1	CHRNA3	incoming	TNK	0.0	0.0	1.0	1.0	False	False	0.0	other	False	False
GSE253013	GSE253013	SLURP1_CHRNA4	SLURP	Secreted Signaling	SLURP1	CHRNA4	SLURP1	CHRNA4	incoming	TNK	0.0	0.0	1.0	1.0	False	False	0.0	other	False	False
GSE253013	GSE253013	SLURP1_CHRNA5	SLURP	Secreted Signaling	SLURP1	CHRNA5	SLURP1	CHRNA5	incoming	TNK	0.0	0.0	1.0	1.0	False	False	0.0	other	False	False
GSE253013	GSE253013	SLURP1_CHRNA6	SLURP	Secreted Signaling	SLURP1	CHRNA6	SLURP1	CHRNA6	incoming	TNK	0.0	0.0	1.0	1.0	False	False	0.0	other	False	False
GSE253013	GSE253013	SLURP1_CHRNA9	SLURP	Secreted Signaling	SLURP1	CHRNA9	SLURP1	CHRNA9	incoming	TNK	0.0	0.0	1.0	1.0	False	False	0.0	other	False	False
GSE253013	GSE253013	SLURP1_CHRNA10	SLURP	Secreted Signaling	SLURP1	CHRNA10	SLURP1	CHRNA10	incoming	TNK	0.0	0.0	1.0	1.0	False	False	0.0	other	False	False
GSE253013	GSE253013	SLURP1_CHRND	SLURP	Secreted Signaling	SLURP1	CHRND	SLURP1	CHRND	incoming	TNK	0.0	0.0	1.0	1.0	False	False	0.0	other	False	False
GSE253013	GSE253013	SLURP1_CHRNE	SLURP	Secreted Signaling	SLURP1	CHRNE	SLURP1	CHRNE	incoming	TNK	0.0	0.0	1.0	1.0	False	False	0.0	other	False	False
GSE253013	GSE253013	SLURP1_CHRNG	SLURP	Secreted Signaling	SLURP1	CHRNG	SLURP1	CHRNG	incoming	TNK	0.0	0.0	1.0	1.0	False	False	0.0	other	False	False
GSE253013	GSE253013	SLURP1_CHRNA7	SLURP	Secreted Signaling	SLURP1	CHRNA7	SLURP1	CHRNA7	incoming	TNK	0.0	0.0	1.0	1.0	False	False	0.0	other	False	False
GSE253013	GSE253013	SLURP2_CHRNB1	SLURP	Secreted Signaling	SLURP2	CHRNB1	SLURP2	CHRNB1	incoming	TNK	0.0	0.0	1.0	1.0	False	False	0.0	other	False	False
GSE253013	GSE253013	SLURP2_CHRNB2	SLURP	Secreted Signaling	SLURP2	CHRNB2	SLURP2	CHRNB2	incoming	TNK	0.0	0.0	1.0	1.0	False	False	0.0	other	False	False
GSE253013	GSE253013	SLURP2_CHRNB3	SLURP	Secreted Signaling	SLURP2	CHRNB3	SLURP2	CHRNB3	incoming	TNK	0.0	0.0	1.0	1.0	False	False	0.0	other	False	False
GSE253013	GSE253013	SLURP2_CHRNB4	SLURP	Secreted Signaling	SLURP2	CHRNB4	SLURP2	CHRNB4	incoming	TNK	0.0	0.0	1.0	1.0	False	False	0.0	other	False	False
GSE253013	GSE253013	SLURP2_CHRNA1	SLURP	Secreted Signaling	SLURP2	CHRNA1	SLURP2	CHRNA1	incoming	TNK	0.0	0.0	1.0	1.0	False	False	0.0	other	False	False
GSE253013	GSE253013	SLURP2_CHRNA2	SLURP	Secreted Signaling	SLURP2	CHRNA2	SLURP2	CHRNA2	incoming	TNK	0.0	0.0	1.0	1.0	False	False	0.0	other	False	False
GSE253013	GSE253013	SLURP2_CHRNA3	SLURP	Secreted Signaling	SLURP2	CHRNA3	SLURP2	CHRNA3	incoming	TNK	0.0	0.0	1.0	1.0	False	False	0.0	other	False	False
GSE253013	GSE253013	SLURP2_CHRNA4	SLURP	Secreted Signaling	SLURP2	CHRNA4	SLURP2	CHRNA4	incoming	TNK	0.0	0.0	1.0	1.0	False	False	0.0	other	False	False
GSE253013	GSE253013	SLURP2_CHRNA5	SLURP	Secreted Signaling	SLURP2	CHRNA5	SLURP2	CHRNA5	incoming	TNK	0.0	0.0	1.0	1.0	False	False	0.0	other	False	False
GSE253013	GSE253013	SLURP2_CHRNA6	SLURP	Secreted Signaling	SLURP2	CHRNA6	SLURP2	CHRNA6	incoming	TNK	0.0	0.0	1.0	1.0	False	False	0.0	other	False	False
GSE253013	GSE253013	SLURP2_CHRNA7	SLURP	Secreted Signaling	SLURP2	CHRNA7	SLURP2	CHRNA7	incoming	TNK	0.0	0.0	1.0	1.0	False	False	0.0	other	False	False
GSE253013	GSE253013	SLURP2_CHRNA9	SLURP	Secreted Signaling	SLURP2	CHRNA9	SLURP2	CHRNA9	incoming	TNK	0.0	0.0	1.0	1.0	False	False	0.0	other	False	False
GSE253013	GSE253013	SLURP2_CHRNA10	SLURP	Secreted Signaling	SLURP2	CHRNA10	SLURP2	CHRNA10	incoming	TNK	0.0	0.0	1.0	1.0	False	False	0.0	other	False	False
GSE253013	GSE253013	SLURP2_CHRND	SLURP	Secreted Signaling	SLURP2	CHRND	SLURP2	CHRND	incoming	TNK	0.0	0.0	1.0	1.0	False	False	0.0	other	False	False
GSE253013	GSE253013	SLURP2_CHRNE	SLURP	Secreted Signaling	SLURP2	CHRNE	SLURP2	CHRNE	incoming	TNK	0.0	0.0	1.0	1.0	False	False	0.0	other	False	False
GSE253013	GSE253013	SLURP2_CHRNG	SLURP	Secreted Signaling	SLURP2	CHRNG	SLURP2	CHRNG	incoming	TNK	0.0	0.0	1.0	1.0	False	False	0.0	other	False	False
GSE253013	GSE253013	BTLA_TNFRSF14	BTLA	Secreted Signaling	BTLA	TNFRSF14	BTLA	TNFRSF14	incoming	TNK	0.0	0.0	1.0	1.0	False	False	0.0	other	False	False
GSE253013	GSE253013	TRH_TRHR	TRH	Secreted Signaling	TRH	TRHR	TRH	TRHR	incoming	TNK	0.0	0.0	1.0	1.0	False	False	0.0	other	False	False
GSE253013	GSE253013	UCN_CRHR1	UCN	Secreted Signaling	UCN	CRHR1	UCN	CRHR1	incoming	TNK	0.0	0.0	1.0	1.0	False	False	0.0	other	False	False
GSE253013	GSE253013	UCN_CRHR2	UCN	Secreted Signaling	UCN	CRHR2	UCN	CRHR2	incoming	TNK	0.0	0.0	1.0	1.0	False	False	0.0	other	False	False
GSE253013	GSE253013	UCN2_CRHR1	UCN	Secreted Signaling	UCN2	CRHR1	UCN2	CRHR1	incoming	TNK	0.0	0.0	1.0	1.0	False	False	0.0	other	False	False
GSE253013	GSE253013	UCN2_CRHR2	UCN	Secreted Signaling	UCN2	CRHR2	UCN2	CRHR2	incoming	TNK	0.0	0.0	1.0	1.0	False	False	0.0	other	False	False
GSE253013	GSE253013	UCN3_CRHR1	UCN	Secreted Signaling	UCN3	CRHR1	UCN3	CRHR1	incoming	TNK	0.0	0.0	1.0	1.0	False	False	0.0	other	False	False
GSE253013	GSE253013	UCN3_CRHR2	UCN	Secreted Signaling	UCN3	CRHR2	UCN3	CRHR2	incoming	TNK	0.0	0.0	1.0	1.0	False	False	0.0	other	False	False
GSE253013	GSE253013	UTS2B_UTS2R	UROTENSIN	Secreted Signaling	UTS2B	UTS2R	UTS2B	UTS2R	incoming	TNK	0.0	0.0	1.0	1.0	False	False	0.0	other	False	False
GSE253013	GSE253013	UTS2B_SSTR5	UROTENSIN	Secreted Signaling	UTS2B	SSTR5	UTS2B	SSTR5	incoming	TNK	0.0	0.0	1.0	1.0	False	False	0.0	other	False	False
GSE253013	GSE253013	BAG6_NCR3-PS	BAG	Secreted Signaling	BAG6	NCR3	BAG6	NCR3	incoming	TNK	0.0	0.0	1.0	1.0	False	False	0.0	other	False	False
GSE253013	GSE253013	LGALS9_HAVCR2	GALECTIN	Secreted Signaling	LGALS9	HAVCR2	LGALS9	HAVCR2	incoming	TNK	0.0	0.0	1.0	1.0	False	False	0.0	inhibitory	False	False
GSE253013	GSE253013	LGALS9_CD44	GALECTIN	Secreted Signaling	LGALS9	CD44	LGALS9	CD44	incoming	TNK	0.0	0.0	1.0	1.0	False	False	0.0	inhibitory	False	False
GSE253013	GSE253013	FN1_CD44	FN1	ECM-Receptor	FN1	CD44	FN1	CD44	incoming	TNK	0.0	0.0	1.0	1.0	False	False	0.0	other	False	False
GSE253013	GSE253013	COL1A1_CD44	COLLAGEN	ECM-Receptor	COL1A1	CD44	COL1A1	CD44	incoming	TNK	0.0	0.0	1.0	1.0	False	False	0.0	other	False	False
GSE253013	GSE253013	COL1A2_CD44	COLLAGEN	ECM-Receptor	COL1A2	CD44	COL1A2	CD44	incoming	TNK	0.0	0.0	1.0	1.0	False	False	0.0	other	False	False
GSE253013	GSE253013	COL2A1_CD44	COLLAGEN	ECM-Receptor	COL2A1	CD44	COL2A1	CD44	incoming	TNK	0.0	0.0	1.0	1.0	False	False	0.0	other	False	False
GSE253013	GSE253013	COL4A1_CD44	COLLAGEN	ECM-Receptor	COL4A1	CD44	COL4A1	CD44	incoming	TNK	0.0	0.0	1.0	1.0	False	False	0.0	other	False	False
GSE253013	GSE253013	COL4A2_CD44	COLLAGEN	ECM-Receptor	COL4A2	CD44	COL4A2	CD44	incoming	TNK	0.0	0.0	1.0	1.0	False	False	0.0	other	False	False
GSE253013	GSE253013	COL4A3_CD44	COLLAGEN	ECM-Receptor	COL4A3	CD44	COL4A3	CD44	incoming	TNK	0.0	0.0	1.0	1.0	False	False	0.0	other	False	False
GSE253013	GSE253013	COL4A4_CD44	COLLAGEN	ECM-Receptor	COL4A4	CD44	COL4A4	CD44	incoming	TNK	0.0	0.0	1.0	1.0	False	False	0.0	other	False	False
GSE253013	GSE253013	COL4A5_CD44	COLLAGEN	ECM-Receptor	COL4A5	CD44	COL4A5	CD44	incoming	TNK	0.0	0.0	1.0	1.0	False	False	0.0	other	False	False
GSE253013	GSE253013	COL4A6_CD44	COLLAGEN	ECM-Receptor	COL4A6	CD44	COL4A6	CD44	incoming	TNK	0.0	0.0	1.0	1.0	False	False	0.0	other	False	False
GSE253013	GSE253013	COL6A1_CD44	COLLAGEN	ECM-Receptor	COL6A1	CD44	COL6A1	CD44	incoming	TNK	0.0	0.0	1.0	1.0	False	False	0.0	other	False	False
GSE253013	GSE253013	COL6A2_CD44	COLLAGEN	ECM-Receptor	COL6A2	CD44	COL6A2	CD44	incoming	TNK	0.0	0.0	1.0	1.0	False	False	0.0	other	False	False
GSE253013	GSE253013	COL6A3_CD44	COLLAGEN	ECM-Receptor	COL6A3	CD44	COL6A3	CD44	incoming	TNK	0.0	0.0	1.0	1.0	False	False	0.0	other	False	False
GSE253013	GSE253013	COL6A5_CD44	COLLAGEN	ECM-Receptor	COL6A5	CD44	COL6A5	CD44	incoming	TNK	0.0	0.0	1.0	1.0	False	False	0.0	other	False	False
GSE253013	GSE253013	COL6A6_CD44	COLLAGEN	ECM-Receptor	COL6A6	CD44	COL6A6	CD44	incoming	TNK	0.0	0.0	1.0	1.0	False	False	0.0	other	False	False
GSE253013	GSE253013	COL9A1_CD44	COLLAGEN	ECM-Receptor	COL9A1	CD44	COL9A1	CD44	incoming	TNK	0.0	0.0	1.0	1.0	False	False	0.0	other	False	False
GSE253013	GSE253013	COL9A2_CD44	COLLAGEN	ECM-Receptor	COL9A2	CD44	COL9A2	CD44	incoming	TNK	0.0	0.0	1.0	1.0	False	False	0.0	other	False	False
GSE253013	GSE253013	COL9A3_CD44	COLLAGEN	ECM-Receptor	COL9A3	CD44	COL9A3	CD44	incoming	TNK	0.0	0.0	1.0	1.0	False	False	0.0	other	False	False
GSE253013	GSE253013	LAMA1_CD44	LAMININ	ECM-Receptor	LAMA1	CD44	LAMA1	CD44	incoming	TNK	0.0	0.0	1.0	1.0	False	False	0.0	other	False	False
GSE253013	GSE253013	LAMA2_CD44	LAMININ	ECM-Receptor	LAMA2	CD44	LAMA2	CD44	incoming	TNK	0.0	0.0	1.0	1.0	False	False	0.0	other	False	False
GSE253013	GSE253013	LAMA3_CD44	LAMININ	ECM-Receptor	LAMA3	CD44	LAMA3	CD44	incoming	TNK	0.0	0.0	1.0	1.0	False	False	0.0	other	False	False
GSE253013	GSE253013	LAMA4_CD44	LAMININ	ECM-Receptor	LAMA4	CD44	LAMA4	CD44	incoming	TNK	0.0	0.0	1.0	1.0	False	False	0.0	other	False	False
GSE253013	GSE253013	LAMA5_CD44	LAMININ	ECM-Receptor	LAMA5	CD44	LAMA5	CD44	incoming	TNK	0.0	0.0	1.0	1.0	False	False	0.0	other	False	False
GSE253013	GSE253013	LAMB1_CD44	LAMININ	ECM-Receptor	LAMB1	CD44	LAMB1	CD44	incoming	TNK	0.0	0.0	1.0	1.0	False	False	0.0	other	False	False
GSE253013	GSE253013	LAMB2_CD44	LAMININ	ECM-Receptor	LAMB2	CD44	LAMB2	CD44	incoming	TNK	0.0	0.0	1.0	1.0	False	False	0.0	other	False	False
GSE253013	GSE253013	LAMB3_CD44	LAMININ	ECM-Receptor	LAMB3	CD44	LAMB3	CD44	incoming	TNK	0.0	0.0	1.0	1.0	False	False	0.0	other	False	False
GSE253013	GSE253013	LAMC1_CD44	LAMININ	ECM-Receptor	LAMC1	CD44	LAMC1	CD44	incoming	TNK	0.0	0.0	1.0	1.0	False	False	0.0	other	False	False
GSE253013	GSE253013	LAMC2_CD44	LAMININ	ECM-Receptor	LAMC2	CD44	LAMC2	CD44	incoming	TNK	0.0	0.0	1.0	1.0	False	False	0.0	other	False	False
GSE253013	GSE253013	LAMC3_CD44	LAMININ	ECM-Receptor	LAMC3	CD44	LAMC3	CD44	incoming	TNK	0.0	0.0	1.0	1.0	False	False	0.0	other	False	False
GSE253013	GSE253013	COL1A1_SDC1	COLLAGEN	ECM-Receptor	COL1A1	SDC1	COL1A1	SDC1	incoming	TNK	0.0	0.0	1.0	1.0	False	False	0.0	other	False	False
GSE253013	GSE253013	COL1A2_SDC1	COLLAGEN	ECM-Receptor	COL1A2	SDC1	COL1A2	SDC1	incoming	TNK	0.0	0.0	1.0	1.0	False	False	0.0	other	False	False
GSE253013	GSE253013	COL2A1_SDC1	COLLAGEN	ECM-Receptor	COL2A1	SDC1	COL2A1	SDC1	incoming	TNK	0.0	0.0	1.0	1.0	False	False	0.0	other	False	False
GSE253013	GSE253013	COL4A1_SDC1	COLLAGEN	ECM-Receptor	COL4A1	SDC1	COL4A1	SDC1	incoming	TNK	0.0	0.0	1.0	1.0	False	False	0.0	other	False	False
GSE253013	GSE253013	COL4A2_SDC1	COLLAGEN	ECM-Receptor	COL4A2	SDC1	COL4A2	SDC1	incoming	TNK	0.0	0.0	1.0	1.0	False	False	0.0	other	False	False
GSE253013	GSE253013	COL4A3_SDC1	COLLAGEN	ECM-Receptor	COL4A3	SDC1	COL4A3	SDC1	incoming	TNK	0.0	0.0	1.0	1.0	False	False	0.0	other	False	False
GSE253013	GSE253013	COL4A4_SDC1	COLLAGEN	ECM-Receptor	COL4A4	SDC1	COL4A4	SDC1	incoming	TNK	0.0	0.0	1.0	1.0	False	False	0.0	other	False	False
GSE253013	GSE253013	COL4A5_SDC1	COLLAGEN	ECM-Receptor	COL4A5	SDC1	COL4A5	SDC1	incoming	TNK	0.0	0.0	1.0	1.0	False	False	0.0	other	False	False
GSE253013	GSE253013	COL4A6_SDC1	COLLAGEN	ECM-Receptor	COL4A6	SDC1	COL4A6	SDC1	incoming	TNK	0.0	0.0	1.0	1.0	False	False	0.0	other	False	False
GSE253013	GSE253013	COL6A1_SDC1	COLLAGEN	ECM-Receptor	COL6A1	SDC1	COL6A1	SDC1	incoming	TNK	0.0	0.0	1.0	1.0	False	False	0.0	other	False	False
GSE253013	GSE253013	COL6A2_SDC1	COLLAGEN	ECM-Receptor	COL6A2	SDC1	COL6A2	SDC1	incoming	TNK	0.0	0.0	1.0	1.0	False	False	0.0	other	False	False
GSE253013	GSE253013	COL6A3_SDC1	COLLAGEN	ECM-Receptor	COL6A3	SDC1	COL6A3	SDC1	incoming	TNK	0.0	0.0	1.0	1.0	False	False	0.0	other	False	False
GSE253013	GSE253013	COL6A5_SDC1	COLLAGEN	ECM-Receptor	COL6A5	SDC1	COL6A5	SDC1	incoming	TNK	0.0	0.0	1.0	1.0	False	False	0.0	other	False	False
GSE253013	GSE253013	COL6A6_SDC1	COLLAGEN	ECM-Receptor	COL6A6	SDC1	COL6A6	SDC1	incoming	TNK	0.0	0.0	1.0	1.0	False	False	0.0	other	False	False
GSE253013	GSE253013	COL9A1_SDC1	COLLAGEN	ECM-Receptor	COL9A1	SDC1	COL9A1	SDC1	incoming	TNK	0.0	0.0	1.0	1.0	False	False	0.0	other	False	False
GSE253013	GSE253013	COL9A2_SDC1	COLLAGEN	ECM-Receptor	COL9A2	SDC1	COL9A2	SDC1	incoming	TNK	0.0	0.0	1.0	1.0	False	False	0.0	other	False	False
GSE253013	GSE253013	COL9A3_SDC1	COLLAGEN	ECM-Receptor	COL9A3	SDC1	COL9A3	SDC1	incoming	TNK	0.0	0.0	1.0	1.0	False	False	0.0	other	False	False
GSE253013	GSE253013	FN1_SDC1	FN1	ECM-Receptor	FN1	SDC1	FN1	SDC1	incoming	TNK	0.0	0.0	1.0	1.0	False	False	0.0	other	False	False
GSE253013	GSE253013	TNC_SDC1	TENASCIN	ECM-Receptor	TNC	SDC1	TNC	SDC1	incoming	TNK	0.0	0.0	1.0	1.0	False	False	0.0	other	False	False
GSE253013	GSE253013	TNR_SDC1	TENASCIN	ECM-Receptor	TNR	SDC1	TNR	SDC1	incoming	TNK	0.0	0.0	1.0	1.0	False	False	0.0	other	False	False
GSE253013	GSE253013	TNN_SDC1	TENASCIN	ECM-Receptor	TNN	SDC1	TNN	SDC1	incoming	TNK	0.0	0.0	1.0	1.0	False	False	0.0	other	False	False
GSE253013	GSE253013	TNXB_SDC1	TENASCIN	ECM-Receptor	TNXB	SDC1	TNXB	SDC1	incoming	TNK	0.0	0.0	1.0	1.0	False	False	0.0	other	False	False
GSE253013	GSE253013	THBS1_SDC1	THBS	ECM-Receptor	THBS1	SDC1	THBS1	SDC1	incoming	TNK	0.0	0.0	1.0	1.0	False	False	0.0	other	False	False
GSE253013	GSE253013	THBS2_SDC1	THBS	ECM-Receptor	THBS2	SDC1	THBS2	SDC1	incoming	TNK	0.0	0.0	1.0	1.0	False	False	0.0	other	False	False
GSE253013	GSE253013	THBS3_SDC1	THBS	ECM-Receptor	THBS3	SDC1	THBS3	SDC1	incoming	TNK	0.0	0.0	1.0	1.0	False	False	0.0	other	False	False
GSE253013	GSE253013	THBS4_SDC1	THBS	ECM-Receptor	THBS4	SDC1	THBS4	SDC1	incoming	TNK	0.0	0.0	1.0	1.0	False	False	0.0	other	False	False
GSE253013	GSE253013	COMP_SDC1	THBS	ECM-Receptor	COMP	SDC1	COMP	SDC1	incoming	TNK	0.0	0.0	1.0	1.0	False	False	0.0	other	False	False
GSE253013	GSE253013	COL1A1_SDC4	COLLAGEN	ECM-Receptor	COL1A1	SDC4	COL1A1	SDC4	incoming	TNK	0.0	0.0	1.0	1.0	False	False	0.0	other	False	False
GSE253013	GSE253013	COL1A2_SDC4	COLLAGEN	ECM-Receptor	COL1A2	SDC4	COL1A2	SDC4	incoming	TNK	0.0	0.0	1.0	1.0	False	False	0.0	other	False	False
GSE253013	GSE253013	COL2A1_SDC4	COLLAGEN	ECM-Receptor	COL2A1	SDC4	COL2A1	SDC4	incoming	TNK	0.0	0.0	1.0	1.0	False	False	0.0	other	False	False
GSE253013	GSE253013	COL4A1_SDC4	COLLAGEN	ECM-Receptor	COL4A1	SDC4	COL4A1	SDC4	incoming	TNK	0.0	0.0	1.0	1.0	False	False	0.0	other	False	False
GSE253013	GSE253013	COL4A2_SDC4	COLLAGEN	ECM-Receptor	COL4A2	SDC4	COL4A2	SDC4	incoming	TNK	0.0	0.0	1.0	1.0	False	False	0.0	other	False	False
GSE253013	GSE253013	COL4A3_SDC4	COLLAGEN	ECM-Receptor	COL4A3	SDC4	COL4A3	SDC4	incoming	TNK	0.0	0.0	1.0	1.0	False	False	0.0	other	False	False
GSE253013	GSE253013	COL4A4_SDC4	COLLAGEN	ECM-Receptor	COL4A4	SDC4	COL4A4	SDC4	incoming	TNK	0.0	0.0	1.0	1.0	False	False	0.0	other	False	False
GSE253013	GSE253013	COL4A5_SDC4	COLLAGEN	ECM-Receptor	COL4A5	SDC4	COL4A5	SDC4	incoming	TNK	0.0	0.0	1.0	1.0	False	False	0.0	other	False	False
GSE253013	GSE253013	COL4A6_SDC4	COLLAGEN	ECM-Receptor	COL4A6	SDC4	COL4A6	SDC4	incoming	TNK	0.0	0.0	1.0	1.0	False	False	0.0	other	False	False
GSE253013	GSE253013	COL6A1_SDC4	COLLAGEN	ECM-Receptor	COL6A1	SDC4	COL6A1	SDC4	incoming	TNK	0.0	0.0	1.0	1.0	False	False	0.0	other	False	False
GSE253013	GSE253013	COL6A2_SDC4	COLLAGEN	ECM-Receptor	COL6A2	SDC4	COL6A2	SDC4	incoming	TNK	0.0	0.0	1.0	1.0	False	False	0.0	other	False	False
GSE253013	GSE253013	COL6A3_SDC4	COLLAGEN	ECM-Receptor	COL6A3	SDC4	COL6A3	SDC4	incoming	TNK	0.0	0.0	1.0	1.0	False	False	0.0	other	False	False
GSE253013	GSE253013	COL6A5_SDC4	COLLAGEN	ECM-Receptor	COL6A5	SDC4	COL6A5	SDC4	incoming	TNK	0.0	0.0	1.0	1.0	False	False	0.0	other	False	False
GSE253013	GSE253013	COL6A6_SDC4	COLLAGEN	ECM-Receptor	COL6A6	SDC4	COL6A6	SDC4	incoming	TNK	0.0	0.0	1.0	1.0	False	False	0.0	other	False	False
GSE253013	GSE253013	COL9A1_SDC4	COLLAGEN	ECM-Receptor	COL9A1	SDC4	COL9A1	SDC4	incoming	TNK	0.0	0.0	1.0	1.0	False	False	0.0	other	False	False
GSE253013	GSE253013	COL9A2_SDC4	COLLAGEN	ECM-Receptor	COL9A2	SDC4	COL9A2	SDC4	incoming	TNK	0.0	0.0	1.0	1.0	False	False	0.0	other	False	False
GSE253013	GSE253013	COL9A3_SDC4	COLLAGEN	ECM-Receptor	COL9A3	SDC4	COL9A3	SDC4	incoming	TNK	0.0	0.0	1.0	1.0	False	False	0.0	other	False	False
GSE253013	GSE253013	FN1_SDC4	FN1	ECM-Receptor	FN1	SDC4	FN1	SDC4	incoming	TNK	0.0	0.0	1.0	1.0	False	False	0.0	other	False	False
GSE253013	GSE253013	TNC_SDC4	TENASCIN	ECM-Receptor	TNC	SDC4	TNC	SDC4	incoming	TNK	0.0	0.0	1.0	1.0	False	False	0.0	other	False	False
GSE253013	GSE253013	TNR_SDC4	TENASCIN	ECM-Receptor	TNR	SDC4	TNR	SDC4	incoming	TNK	0.0	0.0	1.0	1.0	False	False	0.0	other	False	False
GSE253013	GSE253013	TNN_SDC4	TENASCIN	ECM-Receptor	TNN	SDC4	TNN	SDC4	incoming	TNK	0.0	0.0	1.0	1.0	False	False	0.0	other	False	False
GSE253013	GSE253013	TNXB_SDC4	TENASCIN	ECM-Receptor	TNXB	SDC4	TNXB	SDC4	incoming	TNK	0.0	0.0	1.0	1.0	False	False	0.0	other	False	False
GSE253013	GSE253013	THBS1_SDC4	THBS	ECM-Receptor	THBS1	SDC4	THBS1	SDC4	incoming	TNK	0.0	0.0	1.0	1.0	False	False	0.0	other	False	False
GSE253013	GSE253013	THBS2_SDC4	THBS	ECM-Receptor	THBS2	SDC4	THBS2	SDC4	incoming	TNK	0.0	0.0	1.0	1.0	False	False	0.0	other	False	False
GSE253013	GSE253013	THBS3_SDC4	THBS	ECM-Receptor	THBS3	SDC4	THBS3	SDC4	incoming	TNK	0.0	0.0	1.0	1.0	False	False	0.0	other	False	False
GSE253013	GSE253013	THBS4_SDC4	THBS	ECM-Receptor	THBS4	SDC4	THBS4	SDC4	incoming	TNK	0.0	0.0	1.0	1.0	False	False	0.0	other	False	False
GSE253013	GSE253013	COMP_SDC4	THBS	ECM-Receptor	COMP	SDC4	COMP	SDC4	incoming	TNK	0.0	0.0	1.0	1.0	False	False	0.0	other	False	False
GSE253013	GSE253013	LAMA1_SV2A	LAMININ	ECM-Receptor	LAMA1	SV2A	LAMA1	SV2A	incoming	TNK	0.0	0.0	1.0	1.0	False	False	0.0	other	False	False
GSE253013	GSE253013	LAMA2_SV2A	LAMININ	ECM-Receptor	LAMA2	SV2A	LAMA2	SV2A	incoming	TNK	0.0	0.0	1.0	1.0	False	False	0.0	other	False	False
GSE253013	GSE253013	LAMA3_SV2A	LAMININ	ECM-Receptor	LAMA3	SV2A	LAMA3	SV2A	incoming	TNK	0.0	0.0	1.0	1.0	False	False	0.0	other	False	False
GSE253013	GSE253013	LAMA4_SV2A	LAMININ	ECM-Receptor	LAMA4	SV2A	LAMA4	SV2A	incoming	TNK	0.0	0.0	1.0	1.0	False	False	0.0	other	False	False
GSE253013	GSE253013	LAMA5_SV2A	LAMININ	ECM-Receptor	LAMA5	SV2A	LAMA5	SV2A	incoming	TNK	0.0	0.0	1.0	1.0	False	False	0.0	other	False	False
GSE253013	GSE253013	LAMB1_SV2A	LAMININ	ECM-Receptor	LAMB1	SV2A	LAMB1	SV2A	incoming	TNK	0.0	0.0	1.0	1.0	False	False	0.0	other	False	False
GSE253013	GSE253013	LAMB2_SV2A	LAMININ	ECM-Receptor	LAMB2	SV2A	LAMB2	SV2A	incoming	TNK	0.0	0.0	1.0	1.0	False	False	0.0	other	False	False
GSE253013	GSE253013	LAMB3_SV2A	LAMININ	ECM-Receptor	LAMB3	SV2A	LAMB3	SV2A	incoming	TNK	0.0	0.0	1.0	1.0	False	False	0.0	other	False	False
GSE253013	GSE253013	LAMC1_SV2A	LAMININ	ECM-Receptor	LAMC1	SV2A	LAMC1	SV2A	incoming	TNK	0.0	0.0	1.0	1.0	False	False	0.0	other	False	False
GSE253013	GSE253013	LAMC2_SV2A	LAMININ	ECM-Receptor	LAMC2	SV2A	LAMC2	SV2A	incoming	TNK	0.0	0.0	1.0	1.0	False	False	0.0	other	False	False
GSE253013	GSE253013	LAMC3_SV2A	LAMININ	ECM-Receptor	LAMC3	SV2A	LAMC3	SV2A	incoming	TNK	0.0	0.0	1.0	1.0	False	False	0.0	other	False	False
GSE253013	GSE253013	LAMA1_SV2B	LAMININ	ECM-Receptor	LAMA1	SV2B	LAMA1	SV2B	incoming	TNK	0.0	0.0	1.0	1.0	False	False	0.0	other	False	False
GSE253013	GSE253013	LAMA2_SV2B	LAMININ	ECM-Receptor	LAMA2	SV2B	LAMA2	SV2B	incoming	TNK	0.0	0.0	1.0	1.0	False	False	0.0	other	False	False
GSE253013	GSE253013	LAMA3_SV2B	LAMININ	ECM-Receptor	LAMA3	SV2B	LAMA3	SV2B	incoming	TNK	0.0	0.0	1.0	1.0	False	False	0.0	other	False	False
GSE253013	GSE253013	LAMA4_SV2B	LAMININ	ECM-Receptor	LAMA4	SV2B	LAMA4	SV2B	incoming	TNK	0.0	0.0	1.0	1.0	False	False	0.0	other	False	False
GSE253013	GSE253013	LAMA5_SV2B	LAMININ	ECM-Receptor	LAMA5	SV2B	LAMA5	SV2B	incoming	TNK	0.0	0.0	1.0	1.0	False	False	0.0	other	False	False
GSE253013	GSE253013	LAMB1_SV2B	LAMININ	ECM-Receptor	LAMB1	SV2B	LAMB1	SV2B	incoming	TNK	0.0	0.0	1.0	1.0	False	False	0.0	other	False	False
GSE253013	GSE253013	LAMB2_SV2B	LAMININ	ECM-Receptor	LAMB2	SV2B	LAMB2	SV2B	incoming	TNK	0.0	0.0	1.0	1.0	False	False	0.0	other	False	False
GSE253013	GSE253013	LAMB3_SV2B	LAMININ	ECM-Receptor	LAMB3	SV2B	LAMB3	SV2B	incoming	TNK	0.0	0.0	1.0	1.0	False	False	0.0	other	False	False
GSE253013	GSE253013	LAMC1_SV2B	LAMININ	ECM-Receptor	LAMC1	SV2B	LAMC1	SV2B	incoming	TNK	0.0	0.0	1.0	1.0	False	False	0.0	other	False	False
GSE253013	GSE253013	LAMC2_SV2B	LAMININ	ECM-Receptor	LAMC2	SV2B	LAMC2	SV2B	incoming	TNK	0.0	0.0	1.0	1.0	False	False	0.0	other	False	False
GSE253013	GSE253013	LAMC3_SV2B	LAMININ	ECM-Receptor	LAMC3	SV2B	LAMC3	SV2B	incoming	TNK	0.0	0.0	1.0	1.0	False	False	0.0	other	False	False
GSE253013	GSE253013	LAMA1_SV2C	LAMININ	ECM-Receptor	LAMA1	SV2C	LAMA1	SV2C	incoming	TNK	0.0	0.0	1.0	1.0	False	False	0.0	other	False	False
GSE253013	GSE253013	LAMA2_SV2C	LAMININ	ECM-Receptor	LAMA2	SV2C	LAMA2	SV2C	incoming	TNK	0.0	0.0	1.0	1.0	False	False	0.0	other	False	False
GSE253013	GSE253013	LAMA3_SV2C	LAMININ	ECM-Receptor	LAMA3	SV2C	LAMA3	SV2C	incoming	TNK	0.0	0.0	1.0	1.0	False	False	0.0	other	False	False
GSE253013	GSE253013	LAMA4_SV2C	LAMININ	ECM-Receptor	LAMA4	SV2C	LAMA4	SV2C	incoming	TNK	0.0	0.0	1.0	1.0	False	False	0.0	other	False	False
GSE253013	GSE253013	LAMA5_SV2C	LAMININ	ECM-Receptor	LAMA5	SV2C	LAMA5	SV2C	incoming	TNK	0.0	0.0	1.0	1.0	False	False	0.0	other	False	False
GSE253013	GSE253013	LAMB1_SV2C	LAMININ	ECM-Receptor	LAMB1	SV2C	LAMB1	SV2C	incoming	TNK	0.0	0.0	1.0	1.0	False	False	0.0	other	False	False
GSE253013	GSE253013	LAMB2_SV2C	LAMININ	ECM-Receptor	LAMB2	SV2C	LAMB2	SV2C	incoming	TNK	0.0	0.0	1.0	1.0	False	False	0.0	other	False	False
GSE253013	GSE253013	LAMB3_SV2C	LAMININ	ECM-Receptor	LAMB3	SV2C	LAMB3	SV2C	incoming	TNK	0.0	0.0	1.0	1.0	False	False	0.0	other	False	False
GSE253013	GSE253013	LAMC1_SV2C	LAMININ	ECM-Receptor	LAMC1	SV2C	LAMC1	SV2C	incoming	TNK	0.0	0.0	1.0	1.0	False	False	0.0	other	False	False
GSE253013	GSE253013	LAMC2_SV2C	LAMININ	ECM-Receptor	LAMC2	SV2C	LAMC2	SV2C	incoming	TNK	0.0	0.0	1.0	1.0	False	False	0.0	other	False	False
GSE253013	GSE253013	LAMC3_SV2C	LAMININ	ECM-Receptor	LAMC3	SV2C	LAMC3	SV2C	incoming	TNK	0.0	0.0	1.0	1.0	False	False	0.0	other	False	False
GSE253013	GSE253013	THBS1_CD36	THBS	ECM-Receptor	THBS1	CD36	THBS1	CD36	incoming	TNK	0.0	0.0	1.0	1.0	False	False	0.0	other	False	False
GSE253013	GSE253013	THBS2_CD36	THBS	ECM-Receptor	THBS2	CD36	THBS2	CD36	incoming	TNK	0.0	0.0	1.0	1.0	False	False	0.0	other	False	False
GSE253013	GSE253013	THBS3_CD36	THBS	ECM-Receptor	THBS3	CD36	THBS3	CD36	incoming	TNK	0.0	0.0	1.0	1.0	False	False	0.0	other	False	False
GSE253013	GSE253013	THBS4_CD36	THBS	ECM-Receptor	THBS4	CD36	THBS4	CD36	incoming	TNK	0.0	0.0	1.0	1.0	False	False	0.0	other	False	False
GSE253013	GSE253013	COMP_CD36	THBS	ECM-Receptor	COMP	CD36	COMP	CD36	incoming	TNK	0.0	0.0	1.0	1.0	False	False	0.0	other	False	False
GSE253013	GSE253013	COL1A1_GP6	COLLAGEN	ECM-Receptor	COL1A1	GP6	COL1A1	GP6	incoming	TNK	0.0	0.0	1.0	1.0	False	False	0.0	other	False	False
GSE253013	GSE253013	COL1A2_GP6	COLLAGEN	ECM-Receptor	COL1A2	GP6	COL1A2	GP6	incoming	TNK	0.0	0.0	1.0	1.0	False	False	0.0	other	False	False
GSE253013	GSE253013	COL2A1_GP6	COLLAGEN	ECM-Receptor	COL2A1	GP6	COL2A1	GP6	incoming	TNK	0.0	0.0	1.0	1.0	False	False	0.0	other	False	False
GSE253013	GSE253013	COL4A1_GP6	COLLAGEN	ECM-Receptor	COL4A1	GP6	COL4A1	GP6	incoming	TNK	0.0	0.0	1.0	1.0	False	False	0.0	other	False	False
GSE253013	GSE253013	COL4A2_GP6	COLLAGEN	ECM-Receptor	COL4A2	GP6	COL4A2	GP6	incoming	TNK	0.0	0.0	1.0	1.0	False	False	0.0	other	False	False
GSE253013	GSE253013	COL4A3_GP6	COLLAGEN	ECM-Receptor	COL4A3	GP6	COL4A3	GP6	incoming	TNK	0.0	0.0	1.0	1.0	False	False	0.0	other	False	False
GSE253013	GSE253013	COL4A4_GP6	COLLAGEN	ECM-Receptor	COL4A4	GP6	COL4A4	GP6	incoming	TNK	0.0	0.0	1.0	1.0	False	False	0.0	other	False	False
GSE253013	GSE253013	COL4A5_GP6	COLLAGEN	ECM-Receptor	COL4A5	GP6	COL4A5	GP6	incoming	TNK	0.0	0.0	1.0	1.0	False	False	0.0	other	False	False
GSE253013	GSE253013	COL4A6_GP6	COLLAGEN	ECM-Receptor	COL4A6	GP6	COL4A6	GP6	incoming	TNK	0.0	0.0	1.0	1.0	False	False	0.0	other	False	False
GSE253013	GSE253013	COL6A1_GP6	COLLAGEN	ECM-Receptor	COL6A1	GP6	COL6A1	GP6	incoming	TNK	0.0	0.0	1.0	1.0	False	False	0.0	other	False	False
GSE253013	GSE253013	COL6A2_GP6	COLLAGEN	ECM-Receptor	COL6A2	GP6	COL6A2	GP6	incoming	TNK	0.0	0.0	1.0	1.0	False	False	0.0	other	False	False
GSE253013	GSE253013	COL6A3_GP6	COLLAGEN	ECM-Receptor	COL6A3	GP6	COL6A3	GP6	incoming	TNK	0.0	0.0	1.0	1.0	False	False	0.0	other	False	False
GSE253013	GSE253013	COL6A5_GP6	COLLAGEN	ECM-Receptor	COL6A5	GP6	COL6A5	GP6	incoming	TNK	0.0	0.0	1.0	1.0	False	False	0.0	other	False	False
GSE253013	GSE253013	COL6A6_GP6	COLLAGEN	ECM-Receptor	COL6A6	GP6	COL6A6	GP6	incoming	TNK	0.0	0.0	1.0	1.0	False	False	0.0	other	False	False
GSE253013	GSE253013	COL9A1_GP6	COLLAGEN	ECM-Receptor	COL9A1	GP6	COL9A1	GP6	incoming	TNK	0.0	0.0	1.0	1.0	False	False	0.0	other	False	False
GSE253013	GSE253013	COL9A2_GP6	COLLAGEN	ECM-Receptor	COL9A2	GP6	COL9A2	GP6	incoming	TNK	0.0	0.0	1.0	1.0	False	False	0.0	other	False	False
GSE253013	GSE253013	COL9A3_GP6	COLLAGEN	ECM-Receptor	COL9A3	GP6	COL9A3	GP6	incoming	TNK	0.0	0.0	1.0	1.0	False	False	0.0	other	False	False
GSE253013	GSE253013	THBS1_CD47	THBS	ECM-Receptor	THBS1	CD47	THBS1	CD47	incoming	TNK	0.0	0.0	1.0	1.0	False	False	0.0	other	False	False
GSE253013	GSE253013	THBS2_CD47	THBS	ECM-Receptor	THBS2	CD47	THBS2	CD47	incoming	TNK	0.0	0.0	1.0	1.0	False	False	0.0	other	False	False
GSE253013	GSE253013	THBS3_CD47	THBS	ECM-Receptor	THBS3	CD47	THBS3	CD47	incoming	TNK	0.0	0.0	1.0	1.0	False	False	0.0	other	False	False
GSE253013	GSE253013	THBS4_CD47	THBS	ECM-Receptor	THBS4	CD47	THBS4	CD47	incoming	TNK	0.0	0.0	1.0	1.0	False	False	0.0	other	False	False
GSE253013	GSE253013	COMP_CD47	THBS	ECM-Receptor	COMP	CD47	COMP	CD47	incoming	TNK	0.0	0.0	1.0	1.0	False	False	0.0	other	False	False
GSE253013	GSE253013	AGRN_DAG1	AGRN	ECM-Receptor	AGRN	DAG1	AGRN	DAG1	incoming	TNK	0.0	0.0	1.0	1.0	False	False	0.0	other	False	False
GSE253013	GSE253013	HSPG2_DAG1	HSPG	ECM-Receptor	HSPG2	DAG1	HSPG2	DAG1	incoming	TNK	0.0	0.0	1.0	1.0	False	False	0.0	other	False	False
GSE253013	GSE253013	LAMA1_DAG1	LAMININ	ECM-Receptor	LAMA1	DAG1	LAMA1	DAG1	incoming	TNK	0.0	0.0	1.0	1.0	False	False	0.0	other	False	False
GSE253013	GSE253013	LAMA2_DAG1	LAMININ	ECM-Receptor	LAMA2	DAG1	LAMA2	DAG1	incoming	TNK	0.0	0.0	1.0	1.0	False	False	0.0	other	False	False
GSE253013	GSE253013	LAMA3_DAG1	LAMININ	ECM-Receptor	LAMA3	DAG1	LAMA3	DAG1	incoming	TNK	0.0	0.0	1.0	1.0	False	False	0.0	other	False	False
GSE253013	GSE253013	LAMA4_DAG1	LAMININ	ECM-Receptor	LAMA4	DAG1	LAMA4	DAG1	incoming	TNK	0.0	0.0	1.0	1.0	False	False	0.0	other	False	False
GSE253013	GSE253013	LAMA5_DAG1	LAMININ	ECM-Receptor	LAMA5	DAG1	LAMA5	DAG1	incoming	TNK	0.0	0.0	1.0	1.0	False	False	0.0	other	False	False
GSE253013	GSE253013	LAMB1_DAG1	LAMININ	ECM-Receptor	LAMB1	DAG1	LAMB1	DAG1	incoming	TNK	0.0	0.0	1.0	1.0	False	False	0.0	other	False	False
GSE253013	GSE253013	LAMB2_DAG1	LAMININ	ECM-Receptor	LAMB2	DAG1	LAMB2	DAG1	incoming	TNK	0.0	0.0	1.0	1.0	False	False	0.0	other	False	False
GSE253013	GSE253013	LAMB3_DAG1	LAMININ	ECM-Receptor	LAMB3	DAG1	LAMB3	DAG1	incoming	TNK	0.0	0.0	1.0	1.0	False	False	0.0	other	False	False
GSE253013	GSE253013	LAMC1_DAG1	LAMININ	ECM-Receptor	LAMC1	DAG1	LAMC1	DAG1	incoming	TNK	0.0	0.0	1.0	1.0	False	False	0.0	other	False	False
GSE253013	GSE253013	LAMC2_DAG1	LAMININ	ECM-Receptor	LAMC2	DAG1	LAMC2	DAG1	incoming	TNK	0.0	0.0	1.0	1.0	False	False	0.0	other	False	False
GSE253013	GSE253013	LAMC3_DAG1	LAMININ	ECM-Receptor	LAMC3	DAG1	LAMC3	DAG1	incoming	TNK	0.0	0.0	1.0	1.0	False	False	0.0	other	False	False
GSE253013	GSE253013	APP_CD74	APP	Cell-Cell Contact	APP	CD74	APP	CD74	incoming	TNK	0.0	0.0	1.0	1.0	False	False	0.0	other	False	False
GSE253013	GSE253013	CADM1_CADM1	CADM	Cell-Cell Contact	CADM1	CADM1	CADM1	CADM1	incoming	TNK	0.0	0.0	1.0	1.0	False	False	0.0	barrier	False	False
GSE253013	GSE253013	CADM3_CADM3	CADM	Cell-Cell Contact	CADM3	CADM3	CADM3	CADM3	incoming	TNK	0.0	0.0	1.0	1.0	False	False	0.0	other	False	False
GSE253013	GSE253013	FCER2A_CR2	CD23	Cell-Cell Contact	FCER2	CR2	FCER2	CR2	incoming	TNK	0.0	0.0	1.0	1.0	False	False	0.0	other	False	False
GSE253013	GSE253013	CD34_SELP	CD34	Cell-Cell Contact	CD34	SELP	CD34	SELP	incoming	TNK	0.0	0.0	1.0	1.0	False	False	0.0	other	False	False
GSE253013	GSE253013	ENTPD1_ADORA1	CD39	Cell-Cell Contact	ENTPD1	ADORA1	ENTPD1	ADORA1	incoming	TNK	0.0	0.0	1.0	1.0	False	False	0.0	other	False	False
GSE253013	GSE253013	ENTPD1_ADORA2A	CD39	Cell-Cell Contact	ENTPD1	ADORA2A	ENTPD1	ADORA2A	incoming	TNK	0.0	0.0	1.0	1.0	False	False	0.0	other	False	False
GSE253013	GSE253013	ENTPD1_ADORA2B	CD39	Cell-Cell Contact	ENTPD1	ADORA2B	ENTPD1	ADORA2B	incoming	TNK	0.0	0.0	1.0	1.0	False	False	0.0	other	False	False
GSE253013	GSE253013	ENTPD1_TMIGD3	CD39	Cell-Cell Contact	ENTPD1	TMIGD3	ENTPD1	TMIGD3	incoming	TNK	0.0	0.0	1.0	1.0	False	False	0.0	other	False	False
GSE253013	GSE253013	CD40LG_CD40	CD40	Cell-Cell Contact	CD40LG	CD40	CD40LG	CD40	incoming	TNK	0.0	0.005859199094187614	1.0	0.009900990099009901	False	True	-0.005859199094187614	other	True	True
GSE253013	GSE253013	PTPRC_CD22	CD45	Cell-Cell Contact	PTPRC	CD22	PTPRC	CD22	incoming	TNK	0.0	0.0	1.0	1.0	False	False	0.0	other	False	False
GSE253013	GSE253013	PTPRC_MRC1	CD45	Cell-Cell Contact	PTPRC	MRC1	PTPRC	MRC1	incoming	TNK	0.0	0.0	1.0	1.0	False	False	0.0	other	False	False
GSE253013	GSE253013	CD46_JAG1	CD46	Cell-Cell Contact	CD46	JAG1	CD46	JAG1	incoming	TNK	0.0	0.0010210606387220866	1.0	0.009900990099009901	False	True	-0.0010210606387220866	other	True	True
GSE253013	GSE253013	CD48_CD244A	CD48	Cell-Cell Contact	CD48	CD244	CD48	CD244	incoming	TNK	0.0	0.0	1.0	1.0	False	False	0.0	other	False	False
GSE253013	GSE253013	CD6_ALCAM	CD6	Cell-Cell Contact	CD6	ALCAM	CD6	ALCAM	incoming	TNK	0.08775374973744851	0.04472025357941947	0.009900990099009901	1.0	True	False	0.04303349615802904	other	True	True
GSE253013	GSE253013	CD80_CD274	CD80	Cell-Cell Contact	CD80	CD274	CD80	CD274	incoming	TNK	0.0	0.0	1.0	1.0	False	False	0.0	inhibitory	False	False
GSE253013	GSE253013	CD80_CD28	CD80	Cell-Cell Contact	CD80	CD28	CD80	CD28	incoming	TNK	0.0	0.0	1.0	1.0	False	False	0.0	inhibitory	False	False
GSE253013	GSE253013	CD80_CTLA4	CD80	Cell-Cell Contact	CD80	CTLA4	CD80	CTLA4	incoming	TNK	0.0	0.0	1.0	1.0	False	False	0.0	inhibitory	False	False
GSE253013	GSE253013	CD86_CD28	CD86	Cell-Cell Contact	CD86	CD28	CD86	CD28	incoming	TNK	0.0	0.0	1.0	1.0	False	False	0.0	inhibitory	False	False
GSE253013	GSE253013	CD86_CTLA4	CD86	Cell-Cell Contact	CD86	CTLA4	CD86	CTLA4	incoming	TNK	0.0	0.0	1.0	1.0	False	False	0.0	inhibitory	False	False
GSE253013	GSE253013	CD96_NECTIN1	CD96	Cell-Cell Contact	CD96	NECTIN1	CD96	NECTIN1	incoming	TNK	0.0	0.0	1.0	1.0	False	False	0.0	other	False	False
GSE253013	GSE253013	CD96_PVR	CD96	Cell-Cell Contact	CD96	PVR	CD96	PVR	incoming	TNK	0.0	0.0	1.0	1.0	False	False	0.0	other	False	False
GSE253013	GSE253013	CD99_PILRA	CD99	Cell-Cell Contact	CD99	PILRA	CD99	PILRA	incoming	TNK	0.0	0.0	1.0	1.0	False	False	0.0	other	False	False
GSE253013	GSE253013	CD99_CD99	CD99	Cell-Cell Contact	CD99	CD99	CD99	CD99	incoming	TNK	0.4761833812199785	0.3755561352585712	0.009900990099009901	1.0	True	False	0.10062724596140732	other	True	True
GSE253013	GSE253013	CD99_CD99L2	CD99	Cell-Cell Contact	CD99	CD99L2	CD99	CD99L2	incoming	TNK	0.0	0.0	1.0	1.0	False	False	0.0	other	False	False
GSE253013	GSE253013	CDH15_CDH15	CDH	Cell-Cell Contact	CDH15	CDH15	CDH15	CDH15	incoming	TNK	0.0	0.0	1.0	1.0	False	False	0.0	other	False	False
GSE253013	GSE253013	CDH4_CDH4	CDH	Cell-Cell Contact	CDH4	CDH4	CDH4	CDH4	incoming	TNK	0.0	0.0	1.0	1.0	False	False	0.0	other	False	False
GSE253013	GSE253013	CDH2_CDH2	CDH	Cell-Cell Contact	CDH2	CDH2	CDH2	CDH2	incoming	TNK	0.0	0.0	1.0	1.0	False	False	0.0	other	False	False
GSE253013	GSE253013	CDH1_CDH1	CDH	Cell-Cell Contact	CDH1	CDH1	CDH1	CDH1	incoming	TNK	0.0	0.0	1.0	1.0	False	False	0.0	barrier|inhibitory	False	False
GSE253013	GSE253013	CDH1_KLRG1	CDH1	Cell-Cell Contact	CDH1	KLRG1	CDH1	KLRG1	incoming	TNK	0.0	0.0	1.0	1.0	False	False	0.0	barrier|inhibitory	False	False
GSE253013	GSE253013	CDH5_CDH5	CDH5	Cell-Cell Contact	CDH5	CDH5	CDH5	CDH5	incoming	TNK	0.0	0.0	1.0	1.0	False	False	0.0	other	False	False
GSE253013	GSE253013	CD1D_CEACAM5	CEACAM	Cell-Cell Contact	CD1D	CEACAM5	CD1D	CEACAM5	incoming	TNK	0.0	0.0	1.0	1.0	False	False	0.0	other	False	False
GSE253013	GSE253013	CD209_CEACAM1	CEACAM	Cell-Cell Contact	CD209	CEACAM1	CD209	CEACAM1	incoming	TNK	0.0	0.0	1.0	1.0	False	False	0.0	other	False	False
GSE253013	GSE253013	CD8A_CEACAM5	CEACAM	Cell-Cell Contact	CD8A	CEACAM5	CD8A	CEACAM5	incoming	TNK	0.40008588947513934	0.1593119520922259	0.009900990099009901	1.0	True	False	0.24077393738291344	other	True	True
GSE253013	GSE253013	CEACAM1_CEACAM5	CEACAM	Cell-Cell Contact	CEACAM1	CEACAM5	CEACAM1	CEACAM5	incoming	TNK	0.0	0.0	1.0	1.0	False	False	0.0	barrier	False	False
GSE253013	GSE253013	SELE_CEACAM1	CEACAM	Cell-Cell Contact	SELE	CEACAM1	SELE	CEACAM1	incoming	TNK	0.0	0.0	1.0	1.0	False	False	0.0	other	False	False
GSE253013	GSE253013	CLDN11_CLDN11	CLDN	Cell-Cell Contact	CLDN11	CLDN11	CLDN11	CLDN11	incoming	TNK	0.0	0.0	1.0	1.0	False	False	0.0	other	False	False
GSE253013	GSE253013	CLEC2D_KLRB1	CLEC	Cell-Cell Contact	CLEC2D	KLRB1	CLEC2D	KLRB1	incoming	TNK	0.0	0.0	1.0	1.0	False	False	0.0	other	False	False
GSE253013	GSE253013	CLEC2A_KLRB1	CLEC	Cell-Cell Contact	CLEC2A	KLRB1	CLEC2A	KLRB1	incoming	TNK	0.0	0.0	1.0	1.0	False	False	0.0	other	False	False
GSE253013	GSE253013	CLEC2B_KLRB1	CLEC	Cell-Cell Contact	CLEC2B	KLRB1	CLEC2B	KLRB1	incoming	TNK	0.0	0.0	1.0	1.0	False	False	0.0	other	False	False
GSE253013	GSE253013	CLEC2C_KLRB1	CLEC	Cell-Cell Contact	CD69	KLRB1	CD69	KLRB1	incoming	TNK	0.0	0.0	1.0	1.0	False	False	0.0	other	False	False
GSE253013	GSE253013	CLEC2L_KLRB1	CLEC	Cell-Cell Contact	CLEC2L	KLRB1	CLEC2L	KLRB1	incoming	TNK	0.0	0.0	1.0	1.0	False	False	0.0	other	False	False
GSE253013	GSE253013	CLEC1B_KLRB1	CLEC	Cell-Cell Contact	CLEC1B	KLRB1	CLEC1B	KLRB1	incoming	TNK	0.0	0.0	1.0	1.0	False	False	0.0	other	False	False
GSE253013	GSE253013	CNTN2_L1CAM	CNTN	Cell-Cell Contact	CNTN2	L1CAM	CNTN2	L1CAM	incoming	TNK	0.0	0.0	1.0	1.0	False	False	0.0	other	False	False
GSE253013	GSE253013	CNTN2_CNTN2	CNTN	Cell-Cell Contact	CNTN2	CNTN2	CNTN2	CNTN2	incoming	TNK	0.0	0.0	1.0	1.0	False	False	0.0	other	False	False
GSE253013	GSE253013	CNTN1_NRCAM	CNTN	Cell-Cell Contact	CNTN1	NRCAM	CNTN1	NRCAM	incoming	TNK	0.0	0.0	1.0	1.0	False	False	0.0	other	False	False
GSE253013	GSE253013	DSC1_DSG1	DESMOSOME	Cell-Cell Contact	DSC1	DSG1	DSC1	DSG1	incoming	TNK	0.0	0.0	1.0	1.0	False	False	0.0	other	False	False
GSE253013	GSE253013	DSC1_DSG2	DESMOSOME	Cell-Cell Contact	DSC1	DSG2	DSC1	DSG2	incoming	TNK	0.0	0.0	1.0	1.0	False	False	0.0	other	False	False
GSE253013	GSE253013	DSC2_DSG1	DESMOSOME	Cell-Cell Contact	DSC2	DSG1	DSC2	DSG1	incoming	TNK	0.0	0.0	1.0	1.0	False	False	0.0	barrier	False	False
GSE253013	GSE253013	DSC2_DSG2	DESMOSOME	Cell-Cell Contact	DSC2	DSG2	DSC2	DSG2	incoming	TNK	0.0	0.0	1.0	1.0	False	False	0.0	barrier	False	False
GSE253013	GSE253013	DSC3_DSG1	DESMOSOME	Cell-Cell Contact	DSC3	DSG1	DSC3	DSG1	incoming	TNK	0.0	0.0	1.0	1.0	False	False	0.0	other	False	False
GSE253013	GSE253013	DSC3_DSG2	DESMOSOME	Cell-Cell Contact	DSC3	DSG2	DSC3	DSG2	incoming	TNK	0.0	0.0	1.0	1.0	False	False	0.0	other	False	False
GSE253013	GSE253013	EPGN_EGFR	EPGN	Cell-Cell Contact	EPGN	EGFR	EPGN	EGFR	incoming	TNK	0.0	0.0	1.0	1.0	False	False	0.0	other	False	False
GSE253013	GSE253013	EFNA1_EPHA1	EPHA	Cell-Cell Contact	EFNA1	EPHA1	EFNA1	EPHA1	incoming	TNK	0.0	0.0	1.0	1.0	False	False	0.0	other	False	False
GSE253013	GSE253013	EFNA1_EPHA2	EPHA	Cell-Cell Contact	EFNA1	EPHA2	EFNA1	EPHA2	incoming	TNK	0.0	0.0	1.0	1.0	False	False	0.0	other	False	False
GSE253013	GSE253013	EFNA1_EPHA3	EPHA	Cell-Cell Contact	EFNA1	EPHA3	EFNA1	EPHA3	incoming	TNK	0.0	0.0	1.0	1.0	False	False	0.0	other	False	False
GSE253013	GSE253013	EFNA1_EPHA4	EPHA	Cell-Cell Contact	EFNA1	EPHA4	EFNA1	EPHA4	incoming	TNK	0.0	0.0	1.0	1.0	False	False	0.0	other	False	False
GSE253013	GSE253013	EFNA1_EPHA5	EPHA	Cell-Cell Contact	EFNA1	EPHA5	EFNA1	EPHA5	incoming	TNK	0.0	0.0	1.0	1.0	False	False	0.0	other	False	False
GSE253013	GSE253013	EFNA1_EPHA7	EPHA	Cell-Cell Contact	EFNA1	EPHA7	EFNA1	EPHA7	incoming	TNK	0.0	0.0	1.0	1.0	False	False	0.0	other	False	False
GSE253013	GSE253013	EFNA1_EPHA8	EPHA	Cell-Cell Contact	EFNA1	EPHA8	EFNA1	EPHA8	incoming	TNK	0.0	0.0	1.0	1.0	False	False	0.0	other	False	False
GSE253013	GSE253013	EFNA2_EPHA1	EPHA	Cell-Cell Contact	EFNA2	EPHA1	EFNA2	EPHA1	incoming	TNK	0.0	0.0	1.0	1.0	False	False	0.0	other	False	False
GSE253013	GSE253013	EFNA2_EPHA2	EPHA	Cell-Cell Contact	EFNA2	EPHA2	EFNA2	EPHA2	incoming	TNK	0.0	0.0	1.0	1.0	False	False	0.0	other	False	False
GSE253013	GSE253013	EFNA2_EPHA3	EPHA	Cell-Cell Contact	EFNA2	EPHA3	EFNA2	EPHA3	incoming	TNK	0.0	0.0	1.0	1.0	False	False	0.0	other	False	False
GSE253013	GSE253013	EFNA2_EPHA4	EPHA	Cell-Cell Contact	EFNA2	EPHA4	EFNA2	EPHA4	incoming	TNK	0.0	0.0	1.0	1.0	False	False	0.0	other	False	False
GSE253013	GSE253013	EFNA2_EPHA5	EPHA	Cell-Cell Contact	EFNA2	EPHA5	EFNA2	EPHA5	incoming	TNK	0.0	0.0	1.0	1.0	False	False	0.0	other	False	False
GSE253013	GSE253013	EFNA2_EPHA7	EPHA	Cell-Cell Contact	EFNA2	EPHA7	EFNA2	EPHA7	incoming	TNK	0.0	0.0	1.0	1.0	False	False	0.0	other	False	False
GSE253013	GSE253013	EFNA2_EPHA8	EPHA	Cell-Cell Contact	EFNA2	EPHA8	EFNA2	EPHA8	incoming	TNK	0.0	0.0	1.0	1.0	False	False	0.0	other	False	False
GSE253013	GSE253013	EFNA3_EPHA1	EPHA	Cell-Cell Contact	EFNA3	EPHA1	EFNA3	EPHA1	incoming	TNK	0.0	0.0	1.0	1.0	False	False	0.0	other	False	False
GSE253013	GSE253013	EFNA3_EPHA2	EPHA	Cell-Cell Contact	EFNA3	EPHA2	EFNA3	EPHA2	incoming	TNK	0.0	0.0	1.0	1.0	False	False	0.0	other	False	False
GSE253013	GSE253013	EFNA3_EPHA3	EPHA	Cell-Cell Contact	EFNA3	EPHA3	EFNA3	EPHA3	incoming	TNK	0.0	0.0	1.0	1.0	False	False	0.0	other	False	False
GSE253013	GSE253013	EFNA3_EPHA4	EPHA	Cell-Cell Contact	EFNA3	EPHA4	EFNA3	EPHA4	incoming	TNK	0.0	0.0	1.0	1.0	False	False	0.0	other	False	False
GSE253013	GSE253013	EFNA3_EPHA5	EPHA	Cell-Cell Contact	EFNA3	EPHA5	EFNA3	EPHA5	incoming	TNK	0.0	0.0	1.0	1.0	False	False	0.0	other	False	False
GSE253013	GSE253013	EFNA3_EPHA7	EPHA	Cell-Cell Contact	EFNA3	EPHA7	EFNA3	EPHA7	incoming	TNK	0.0	0.0	1.0	1.0	False	False	0.0	other	False	False
GSE253013	GSE253013	EFNA3_EPHA8	EPHA	Cell-Cell Contact	EFNA3	EPHA8	EFNA3	EPHA8	incoming	TNK	0.0	0.0	1.0	1.0	False	False	0.0	other	False	False
GSE253013	GSE253013	EFNA4_EPHA1	EPHA	Cell-Cell Contact	EFNA4	EPHA1	EFNA4	EPHA1	incoming	TNK	0.0	0.0	1.0	1.0	False	False	0.0	other	False	False
GSE253013	GSE253013	EFNA4_EPHA2	EPHA	Cell-Cell Contact	EFNA4	EPHA2	EFNA4	EPHA2	incoming	TNK	0.0	0.0	1.0	1.0	False	False	0.0	other	False	False
GSE253013	GSE253013	EFNA4_EPHA3	EPHA	Cell-Cell Contact	EFNA4	EPHA3	EFNA4	EPHA3	incoming	TNK	0.0	0.0	1.0	1.0	False	False	0.0	other	False	False
GSE253013	GSE253013	EFNA4_EPHA4	EPHA	Cell-Cell Contact	EFNA4	EPHA4	EFNA4	EPHA4	incoming	TNK	0.0	0.0	1.0	1.0	False	False	0.0	other	False	False
GSE253013	GSE253013	EFNA4_EPHA5	EPHA	Cell-Cell Contact	EFNA4	EPHA5	EFNA4	EPHA5	incoming	TNK	0.0	0.0	1.0	1.0	False	False	0.0	other	False	False
GSE253013	GSE253013	EFNA4_EPHA7	EPHA	Cell-Cell Contact	EFNA4	EPHA7	EFNA4	EPHA7	incoming	TNK	0.0	0.0	1.0	1.0	False	False	0.0	other	False	False
GSE253013	GSE253013	EFNA4_EPHA8	EPHA	Cell-Cell Contact	EFNA4	EPHA8	EFNA4	EPHA8	incoming	TNK	0.0	0.0	1.0	1.0	False	False	0.0	other	False	False
GSE253013	GSE253013	EFNA5_EPHA1	EPHA	Cell-Cell Contact	EFNA5	EPHA1	EFNA5	EPHA1	incoming	TNK	0.0	0.0	1.0	1.0	False	False	0.0	other	False	False
GSE253013	GSE253013	EFNA5_EPHA2	EPHA	Cell-Cell Contact	EFNA5	EPHA2	EFNA5	EPHA2	incoming	TNK	0.0	0.0	1.0	1.0	False	False	0.0	other	False	False
GSE253013	GSE253013	EFNA5_EPHA3	EPHA	Cell-Cell Contact	EFNA5	EPHA3	EFNA5	EPHA3	incoming	TNK	0.0	0.0	1.0	1.0	False	False	0.0	other	False	False
GSE253013	GSE253013	EFNA5_EPHA4	EPHA	Cell-Cell Contact	EFNA5	EPHA4	EFNA5	EPHA4	incoming	TNK	0.0	0.0	1.0	1.0	False	False	0.0	other	False	False
GSE253013	GSE253013	EFNA5_EPHA5	EPHA	Cell-Cell Contact	EFNA5	EPHA5	EFNA5	EPHA5	incoming	TNK	0.0	0.0	1.0	1.0	False	False	0.0	other	False	False
GSE253013	GSE253013	EFNA5_EPHA7	EPHA	Cell-Cell Contact	EFNA5	EPHA7	EFNA5	EPHA7	incoming	TNK	0.0	0.0	1.0	1.0	False	False	0.0	other	False	False
GSE253013	GSE253013	EFNA5_EPHA8	EPHA	Cell-Cell Contact	EFNA5	EPHA8	EFNA5	EPHA8	incoming	TNK	0.0	0.0	1.0	1.0	False	False	0.0	other	False	False
GSE253013	GSE253013	EFNA5_EPHB2	EPHA	Cell-Cell Contact	EFNA5	EPHB2	EFNA5	EPHB2	incoming	TNK	0.0	0.0	1.0	1.0	False	False	0.0	other	False	False
GSE253013	GSE253013	EFNB1_EPHA4	EPHB	Cell-Cell Contact	EFNB1	EPHA4	EFNB1	EPHA4	incoming	TNK	0.0	0.0	1.0	1.0	False	False	0.0	other	False	False
GSE253013	GSE253013	EFNB1_EPHB1	EPHB	Cell-Cell Contact	EFNB1	EPHB1	EFNB1	EPHB1	incoming	TNK	0.0	0.0	1.0	1.0	False	False	0.0	other	False	False
GSE253013	GSE253013	EFNB1_EPHB2	EPHB	Cell-Cell Contact	EFNB1	EPHB2	EFNB1	EPHB2	incoming	TNK	0.0	0.0	1.0	1.0	False	False	0.0	other	False	False
GSE253013	GSE253013	EFNB1_EPHB3	EPHB	Cell-Cell Contact	EFNB1	EPHB3	EFNB1	EPHB3	incoming	TNK	0.0	0.0	1.0	1.0	False	False	0.0	other	False	False
GSE253013	GSE253013	EFNB1_EPHB4	EPHB	Cell-Cell Contact	EFNB1	EPHB4	EFNB1	EPHB4	incoming	TNK	0.0	0.0	1.0	1.0	False	False	0.0	other	False	False
GSE253013	GSE253013	EFNB2_EPHA4	EPHB	Cell-Cell Contact	EFNB2	EPHA4	EFNB2	EPHA4	incoming	TNK	0.0	0.0	1.0	1.0	False	False	0.0	other	False	False
GSE253013	GSE253013	EFNB2_EPHB1	EPHB	Cell-Cell Contact	EFNB2	EPHB1	EFNB2	EPHB1	incoming	TNK	0.0	0.0	1.0	1.0	False	False	0.0	other	False	False
GSE253013	GSE253013	EFNB2_EPHB2	EPHB	Cell-Cell Contact	EFNB2	EPHB2	EFNB2	EPHB2	incoming	TNK	0.0	0.0	1.0	1.0	False	False	0.0	other	False	False
GSE253013	GSE253013	EFNB2_EPHB3	EPHB	Cell-Cell Contact	EFNB2	EPHB3	EFNB2	EPHB3	incoming	TNK	0.0	0.0	1.0	1.0	False	False	0.0	other	False	False
GSE253013	GSE253013	EFNB2_EPHB4	EPHB	Cell-Cell Contact	EFNB2	EPHB4	EFNB2	EPHB4	incoming	TNK	0.0	0.0	1.0	1.0	False	False	0.0	other	False	False
GSE253013	GSE253013	EFNB3_EPHA4	EPHB	Cell-Cell Contact	EFNB3	EPHA4	EFNB3	EPHA4	incoming	TNK	0.0	0.0	1.0	1.0	False	False	0.0	other	False	False
GSE253013	GSE253013	EFNB3_EPHB1	EPHB	Cell-Cell Contact	EFNB3	EPHB1	EFNB3	EPHB1	incoming	TNK	0.0	0.0	1.0	1.0	False	False	0.0	other	False	False
GSE253013	GSE253013	EFNB3_EPHB2	EPHB	Cell-Cell Contact	EFNB3	EPHB2	EFNB3	EPHB2	incoming	TNK	0.0	0.0	1.0	1.0	False	False	0.0	other	False	False
GSE253013	GSE253013	EFNB3_EPHB3	EPHB	Cell-Cell Contact	EFNB3	EPHB3	EFNB3	EPHB3	incoming	TNK	0.0	0.0	1.0	1.0	False	False	0.0	other	False	False
GSE253013	GSE253013	EFNB3_EPHB4	EPHB	Cell-Cell Contact	EFNB3	EPHB4	EFNB3	EPHB4	incoming	TNK	0.0	0.0	1.0	1.0	False	False	0.0	other	False	False
GSE253013	GSE253013	EFNB3_EPHB6	EPHB	Cell-Cell Contact	EFNB3	EPHB6	EFNB3	EPHB6	incoming	TNK	0.0	0.0	1.0	1.0	False	False	0.0	other	False	False
GSE253013	GSE253013	ESAM_ESAM	ESAM	Cell-Cell Contact	ESAM	ESAM	ESAM	ESAM	incoming	TNK	0.0	0.0	1.0	1.0	False	False	0.0	other	False	False
GSE253013	GSE253013	ICAM1_ITGAL	ICAM	Cell-Cell Contact	ICAM1	ITGAL	ICAM1	ITGAL	incoming	TNK	0.0	0.0	1.0	1.0	False	False	0.0	other	False	False
GSE253013	GSE253013	ICAM1_SPN	ICAM	Cell-Cell Contact	ICAM1	SPN	ICAM1	SPN	incoming	TNK	0.0	0.0	1.0	1.0	False	False	0.0	other	False	False
GSE253013	GSE253013	ICAM5_CD209	ICAM	Cell-Cell Contact	ICAM5	CD209	ICAM5	CD209	incoming	TNK	0.0	0.0	1.0	1.0	False	False	0.0	other	False	False
GSE253013	GSE253013	ICOSL_ICOS	ICOS	Cell-Cell Contact	ICOSLG	ICOS	ICOSLG	ICOS	incoming	TNK	0.0	0.0	1.0	1.0	False	False	0.0	other	False	False
GSE253013	GSE253013	ICOSL_CD28	ICOS	Cell-Cell Contact	ICOSLG	CD28	ICOSLG	CD28	incoming	TNK	0.0	0.0	1.0	1.0	False	False	0.0	other	False	False
GSE253013	GSE253013	ICOSL_CTLA4	ICOS	Cell-Cell Contact	ICOSLG	CTLA4	ICOSLG	CTLA4	incoming	TNK	0.0	0.0	1.0	1.0	False	False	0.0	other	False	False
GSE253013	GSE253013	JAM2_JAM3	JAM	Cell-Cell Contact	JAM2	JAM3	JAM2	JAM3	incoming	TNK	0.0	0.0	1.0	1.0	False	False	0.0	barrier	False	False
GSE253013	GSE253013	F11R_F11R	JAM	Cell-Cell Contact	F11R	F11R	F11R	F11R	incoming	TNK	0.0	0.0	1.0	1.0	False	False	0.0	barrier	False	False
GSE253013	GSE253013	JAM2_F11R	JAM	Cell-Cell Contact	JAM2	F11R	JAM2	F11R	incoming	TNK	0.0	0.0	1.0	1.0	False	False	0.0	barrier	False	False
GSE253013	GSE253013	JAM2_JAM2	JAM	Cell-Cell Contact	JAM2	JAM2	JAM2	JAM2	incoming	TNK	0.0	0.0	1.0	1.0	False	False	0.0	barrier	False	False
GSE253013	GSE253013	JAM3_F11R	JAM	Cell-Cell Contact	JAM3	F11R	JAM3	F11R	incoming	TNK	0.0	0.0	1.0	1.0	False	False	0.0	barrier	False	False
GSE253013	GSE253013	JAM3_JAM3	JAM	Cell-Cell Contact	JAM3	JAM3	JAM3	JAM3	incoming	TNK	0.0	0.0	1.0	1.0	False	False	0.0	barrier	False	False
GSE253013	GSE253013	L1CAM_L1CAM	L1CAM	Cell-Cell Contact	L1CAM	L1CAM	L1CAM	L1CAM	incoming	TNK	0.0	0.0	1.0	1.0	False	False	0.0	other	False	False
GSE253013	GSE253013	MAG_MAG	MAG	Cell-Cell Contact	MAG	MAG	MAG	MAG	incoming	TNK	0.0	0.0	1.0	1.0	False	False	0.0	other	False	False
GSE253013	GSE253013	HLA-A_CD8A	MHC-I	Cell-Cell Contact	HLA-A	CD8A	HLA-A	CD8A	incoming	TNK	0.0	0.0	1.0	1.0	False	False	0.0	other	False	False
GSE253013	GSE253013	HLA-B_CD8A	MHC-I	Cell-Cell Contact	HLA-B	CD8A	HLA-B	CD8A	incoming	TNK	0.0	0.0	1.0	1.0	False	False	0.0	other	False	False
GSE253013	GSE253013	HLA-C_CD8A	MHC-I	Cell-Cell Contact	HLA-C	CD8A	HLA-C	CD8A	incoming	TNK	0.0	0.0	1.0	1.0	False	False	0.0	other	False	False
GSE253013	GSE253013	HLA-E_CD8A	MHC-I	Cell-Cell Contact	HLA-E	CD8A	HLA-E	CD8A	incoming	TNK	0.0	0.0	1.0	1.0	False	False	0.0	inhibitory	False	False
GSE253013	GSE253013	HLA-F_CD8A	MHC-I	Cell-Cell Contact	HLA-F	CD8A	HLA-F	CD8A	incoming	TNK	0.0	0.0	1.0	1.0	False	False	0.0	inhibitory	False	False
GSE253013	GSE253013	HLA-G_CD8A	MHC-I	Cell-Cell Contact	HLA-G	CD8A	HLA-G	CD8A	incoming	TNK	0.0	0.0	1.0	1.0	False	False	0.0	inhibitory	False	False
GSE253013	GSE253013	HLA-A_CD8B	MHC-I	Cell-Cell Contact	HLA-A	CD8B	HLA-A	CD8B	incoming	TNK	0.0	0.0	1.0	1.0	False	False	0.0	other	False	False
GSE253013	GSE253013	HLA-B_CD8B	MHC-I	Cell-Cell Contact	HLA-B	CD8B	HLA-B	CD8B	incoming	TNK	0.0	0.0	1.0	1.0	False	False	0.0	other	False	False
GSE253013	GSE253013	HLA-C_CD8B	MHC-I	Cell-Cell Contact	HLA-C	CD8B	HLA-C	CD8B	incoming	TNK	0.0	0.0	1.0	1.0	False	False	0.0	other	False	False
GSE253013	GSE253013	HLA-E_CD8B	MHC-I	Cell-Cell Contact	HLA-E	CD8B	HLA-E	CD8B	incoming	TNK	0.0	0.0	1.0	1.0	False	False	0.0	inhibitory	False	False
GSE253013	GSE253013	HLA-F_CD8B	MHC-I	Cell-Cell Contact	HLA-F	CD8B	HLA-F	CD8B	incoming	TNK	0.0	0.0	1.0	1.0	False	False	0.0	inhibitory	False	False
GSE253013	GSE253013	HLA-G_CD8B	MHC-I	Cell-Cell Contact	HLA-G	CD8B	HLA-G	CD8B	incoming	TNK	0.0	0.0	1.0	1.0	False	False	0.0	inhibitory	False	False
GSE253013	GSE253013	HLA-A_CD8B2	MHC-I	Cell-Cell Contact	HLA-A	CD8B2	HLA-A	CD8B2	incoming	TNK	0.0	0.0	1.0	1.0	False	False	0.0	other	False	False
GSE253013	GSE253013	HLA-B_CD8B2	MHC-I	Cell-Cell Contact	HLA-B	CD8B2	HLA-B	CD8B2	incoming	TNK	0.0	0.0	1.0	1.0	False	False	0.0	other	False	False
GSE253013	GSE253013	HLA-C_CD8B2	MHC-I	Cell-Cell Contact	HLA-C	CD8B2	HLA-C	CD8B2	incoming	TNK	0.0	0.0	1.0	1.0	False	False	0.0	other	False	False
GSE253013	GSE253013	HLA-E_CD8B2	MHC-I	Cell-Cell Contact	HLA-E	CD8B2	HLA-E	CD8B2	incoming	TNK	0.0	0.0	1.0	1.0	False	False	0.0	inhibitory	False	False
GSE253013	GSE253013	HLA-F_CD8B2	MHC-I	Cell-Cell Contact	HLA-F	CD8B2	HLA-F	CD8B2	incoming	TNK	0.0	0.0	1.0	1.0	False	False	0.0	inhibitory	False	False
GSE253013	GSE253013	HLA-G_CD8B2	MHC-I	Cell-Cell Contact	HLA-G	CD8B2	HLA-G	CD8B2	incoming	TNK	0.0	0.0	1.0	1.0	False	False	0.0	inhibitory	False	False
GSE253013	GSE253013	HLA-C_KIR2DL1	MHC-I	Cell-Cell Contact	HLA-C	KIR2DL1	HLA-C	KIR2DL1	incoming	TNK	0.0	0.0	1.0	1.0	False	False	0.0	other	False	False
GSE253013	GSE253013	HLA-C_KIR2DL3	MHC-I	Cell-Cell Contact	HLA-C	KIR2DL3	HLA-C	KIR2DL3	incoming	TNK	0.0	0.0	1.0	1.0	False	False	0.0	other	False	False
GSE253013	GSE253013	HLA-G_LILRB1	MHC-I	Cell-Cell Contact	HLA-G	LILRB1	HLA-G	LILRB1	incoming	TNK	0.0	0.0	1.0	1.0	False	False	0.0	inhibitory	False	False
GSE253013	GSE253013	HLA-G_LILRB2	MHC-I	Cell-Cell Contact	HLA-G	LILRB2	HLA-G	LILRB2	incoming	TNK	0.0	0.0	1.0	1.0	False	False	0.0	inhibitory	False	False
GSE253013	GSE253013	HLA-F_KIR3DL1	MHC-I	Cell-Cell Contact	HLA-F	KIR3DL1	HLA-F	KIR3DL1	incoming	TNK	0.0	0.0	1.0	1.0	False	False	0.0	inhibitory	False	False
GSE253013	GSE253013	HLA-F_KIR3DL2	MHC-I	Cell-Cell Contact	HLA-F	KIR3DL2	HLA-F	KIR3DL2	incoming	TNK	0.0	0.0	1.0	1.0	False	False	0.0	inhibitory	False	False
GSE253013	GSE253013	HLA-B_KIR3DL2	MHC-I	Cell-Cell Contact	HLA-B	KIR3DL2	HLA-B	KIR3DL2	incoming	TNK	0.0	0.0	1.0	1.0	False	False	0.0	other	False	False
GSE253013	GSE253013	HLA-C_KIR3DL3	MHC-I	Cell-Cell Contact	HLA-C	KIR3DL3	HLA-C	KIR3DL3	incoming	TNK	0.0	0.0	1.0	1.0	False	False	0.0	other	False	False
GSE253013	GSE253013	HLA-E_KLRC1	MHC-I	Cell-Cell Contact	HLA-E	KLRC1	HLA-E	KLRC1	incoming	TNK	0.0	0.0	1.0	1.0	False	False	0.0	inhibitory	False	False
GSE253013	GSE253013	HLA-E_KLRC2	MHC-I	Cell-Cell Contact	HLA-E	KLRC2	HLA-E	KLRC2	incoming	TNK	0.0	0.0	1.0	1.0	False	False	0.0	inhibitory	False	False
GSE253013	GSE253013	HLA-A_KIR3DL1	MHC-I	Cell-Cell Contact	HLA-A	KIR3DL1	HLA-A	KIR3DL1	incoming	TNK	0.0	0.0	1.0	1.0	False	False	0.0	other	False	False
GSE253013	GSE253013	HLA-F_LILRB1	MHC-I	Cell-Cell Contact	HLA-F	LILRB1	HLA-F	LILRB1	incoming	TNK	0.0	0.0	1.0	1.0	False	False	0.0	inhibitory	False	False
GSE253013	GSE253013	HLA-E_KLRK1	MHC-I	Cell-Cell Contact	HLA-E	KLRK1	HLA-E	KLRK1	incoming	TNK	0.0	0.0	1.0	1.0	False	False	0.0	inhibitory	False	False
GSE253013	GSE253013	ULBP1_KLRK1	MHC-I	Cell-Cell Contact	ULBP1	KLRK1	ULBP1	KLRK1	incoming	TNK	0.0	0.0	1.0	1.0	False	False	0.0	recruit	False	False
GSE253013	GSE253013	ULBP2_KLRK1	MHC-I	Cell-Cell Contact	ULBP2	KLRK1	ULBP2	KLRK1	incoming	TNK	0.0	0.0	1.0	1.0	False	False	0.0	recruit	False	False
GSE253013	GSE253013	ULBP3_KLRK1	MHC-I	Cell-Cell Contact	ULBP3	KLRK1	ULBP3	KLRK1	incoming	TNK	0.0	0.0	1.0	1.0	False	False	0.0	recruit	False	False
GSE253013	GSE253013	RAET1L_KLRK1	MHC-I	Cell-Cell Contact	RAET1L	KLRK1	RAET1L	KLRK1	incoming	TNK	0.0	0.0	1.0	1.0	False	False	0.0	other	False	False
GSE253013	GSE253013	RAET1E_KLRK1	MHC-I	Cell-Cell Contact	RAET1E	KLRK1	RAET1E	KLRK1	incoming	TNK	0.0	0.0	1.0	1.0	False	False	0.0	other	False	False
GSE253013	GSE253013	RAET1G_KLRK1	MHC-I	Cell-Cell Contact	RAET1G	KLRK1	RAET1G	KLRK1	incoming	TNK	0.0	0.0	1.0	1.0	False	False	0.0	other	False	False
GSE253013	GSE253013	HLA-DPA1_CD4	MHC-II	Cell-Cell Contact	HLA-DPA1	CD4	HLA-DPA1	CD4	incoming	TNK	0.0	0.0	1.0	1.0	False	False	0.0	other	False	False
GSE253013	GSE253013	HLA-DPB1_CD4	MHC-II	Cell-Cell Contact	HLA-DPB1	CD4	HLA-DPB1	CD4	incoming	TNK	0.0	0.0	1.0	1.0	False	False	0.0	other	False	False
GSE253013	GSE253013	HLA-DQA1_CD4	MHC-II	Cell-Cell Contact	HLA-DQA1	CD4	HLA-DQA1	CD4	incoming	TNK	0.0	0.0	1.0	1.0	False	False	0.0	other	False	False
GSE253013	GSE253013	HLA-DMA_CD4	MHC-II	Cell-Cell Contact	HLA-DMA	CD4	HLA-DMA	CD4	incoming	TNK	0.0	0.0	1.0	1.0	False	False	0.0	other	False	False
GSE253013	GSE253013	HLA-DMB_CD4	MHC-II	Cell-Cell Contact	HLA-DMB	CD4	HLA-DMB	CD4	incoming	TNK	0.0	0.0	1.0	1.0	False	False	0.0	other	False	False
GSE253013	GSE253013	HLA-DQA2_CD4	MHC-II	Cell-Cell Contact	HLA-DQA2	CD4	HLA-DQA2	CD4	incoming	TNK	0.0	0.0	1.0	1.0	False	False	0.0	other	False	False
GSE253013	GSE253013	HLA-DOA_CD4	MHC-II	Cell-Cell Contact	HLA-DOA	CD4	HLA-DOA	CD4	incoming	TNK	0.0	0.0	1.0	1.0	False	False	0.0	other	False	False
GSE253013	GSE253013	HLA-DOB_CD4	MHC-II	Cell-Cell Contact	HLA-DOB	CD4	HLA-DOB	CD4	incoming	TNK	0.0	0.0	1.0	1.0	False	False	0.0	other	False	False
GSE253013	GSE253013	HLA-DQB1_CD4	MHC-II	Cell-Cell Contact	HLA-DQB1	CD4	HLA-DQB1	CD4	incoming	TNK	0.0	0.0	1.0	1.0	False	False	0.0	other	False	False
GSE253013	GSE253013	HLA-DRA_CD4	MHC-II	Cell-Cell Contact	HLA-DRA	CD4	HLA-DRA	CD4	incoming	TNK	0.0	0.0	1.0	1.0	False	False	0.0	other	False	False
GSE253013	GSE253013	HLA-DRB1_CD4	MHC-II	Cell-Cell Contact	HLA-DRB1	CD4	HLA-DRB1	CD4	incoming	TNK	0.0	0.0	1.0	1.0	False	False	0.0	other	False	False
GSE253013	GSE253013	HLA-DRB5_CD4	MHC-II	Cell-Cell Contact	HLA-DRB5	CD4	HLA-DRB5	CD4	incoming	TNK	0.0	0.0	1.0	1.0	False	False	0.0	other	False	False
GSE253013	GSE253013	MPZ_MPZL1	MPZ	Cell-Cell Contact	MPZ	MPZL1	MPZ	MPZL1	incoming	TNK	0.0	0.0	1.0	1.0	False	False	0.0	other	False	False
GSE253013	GSE253013	MPZ_MPZ	MPZ	Cell-Cell Contact	MPZ	MPZ	MPZ	MPZ	incoming	TNK	0.0	0.0	1.0	1.0	False	False	0.0	other	False	False
GSE253013	GSE253013	MPZL1_MPZL1	MPZ	Cell-Cell Contact	MPZL1	MPZL1	MPZL1	MPZL1	incoming	TNK	0.0	0.0	1.0	1.0	False	False	0.0	other	False	False
GSE253013	GSE253013	NCAM1_FGFR1	NCAM	Cell-Cell Contact	NCAM1	FGFR1	NCAM1	FGFR1	incoming	TNK	0.0	0.0	1.0	1.0	False	False	0.0	other	False	False
GSE253013	GSE253013	NCAM1_NCAM1	NCAM	Cell-Cell Contact	NCAM1	NCAM1	NCAM1	NCAM1	incoming	TNK	0.0	0.0	1.0	1.0	False	False	0.0	other	False	False
GSE253013	GSE253013	NCAM1_NCAM2	NCAM	Cell-Cell Contact	NCAM1	NCAM2	NCAM1	NCAM2	incoming	TNK	0.0	0.0	1.0	1.0	False	False	0.0	other	False	False
GSE253013	GSE253013	NCAM1_L1CAM	NCAM	Cell-Cell Contact	NCAM1	L1CAM	NCAM1	L1CAM	incoming	TNK	0.0	0.0	1.0	1.0	False	False	0.0	other	False	False
GSE253013	GSE253013	NCAM2_L1CAM	NCAM	Cell-Cell Contact	NCAM2	L1CAM	NCAM2	L1CAM	incoming	TNK	0.0	0.0	1.0	1.0	False	False	0.0	other	False	False
GSE253013	GSE253013	NECTIN1_CADM3	NECTIN	Cell-Cell Contact	NECTIN1	CADM3	NECTIN1	CADM3	incoming	TNK	0.0	0.0	1.0	1.0	False	False	0.0	barrier	False	False
GSE253013	GSE253013	NECTIN1_NECTIN4	NECTIN	Cell-Cell Contact	NECTIN1	NECTIN4	NECTIN1	NECTIN4	incoming	TNK	0.0	0.0	1.0	1.0	False	False	0.0	barrier	False	False
GSE253013	GSE253013	NECTIN3_NECTIN1	NECTIN	Cell-Cell Contact	NECTIN3	NECTIN1	NECTIN3	NECTIN1	incoming	TNK	0.0	0.0	1.0	1.0	False	False	0.0	barrier	False	False
GSE253013	GSE253013	NECTIN3_NECTIN2	NECTIN	Cell-Cell Contact	NECTIN3	NECTIN2	NECTIN3	NECTIN2	incoming	TNK	0.0	0.0	1.0	1.0	False	False	0.0	barrier	False	False
GSE253013	GSE253013	NECTIN3_PVR	NECTIN	Cell-Cell Contact	NECTIN3	PVR	NECTIN3	PVR	incoming	TNK	0.0	0.0	1.0	1.0	False	False	0.0	barrier	False	False
GSE253013	GSE253013	NECTIN3_TIGIT	NECTIN	Cell-Cell Contact	NECTIN3	TIGIT	NECTIN3	TIGIT	incoming	TNK	0.0	0.0	1.0	1.0	False	False	0.0	barrier	False	False
GSE253013	GSE253013	NECTIN2_CD226	NECTIN	Cell-Cell Contact	NECTIN2	CD226	NECTIN2	CD226	incoming	TNK	0.0	0.0	1.0	1.0	False	False	0.0	barrier|inhibitory	False	False
GSE253013	GSE253013	NECTIN2_TIGIT	NECTIN	Cell-Cell Contact	NECTIN2	TIGIT	NECTIN2	TIGIT	incoming	TNK	0.0	0.0	1.0	1.0	False	False	0.0	barrier|inhibitory	False	False
GSE253013	GSE253013	NEGR1_NEGR1	NEGR	Cell-Cell Contact	NEGR1	NEGR1	NEGR1	NEGR1	incoming	TNK	0.0	0.0	1.0	1.0	False	False	0.0	other	False	False
GSE253013	GSE253013	LRRC4C_NTNG1	NGL	Cell-Cell Contact	LRRC4C	NTNG1	LRRC4C	NTNG1	incoming	TNK	0.0	0.0	1.0	1.0	False	False	0.0	other	False	False
GSE253013	GSE253013	LRRC4_NTNG2	NGL	Cell-Cell Contact	LRRC4	NTNG2	LRRC4	NTNG2	incoming	TNK	0.0	0.0	1.0	1.0	False	False	0.0	other	False	False
GSE253013	GSE253013	LRRC4B_PTPRF	NGL	Cell-Cell Contact	LRRC4B	PTPRF	LRRC4B	PTPRF	incoming	TNK	0.0	0.0	1.0	1.0	False	False	0.0	other	False	False
GSE253013	GSE253013	DLK1_NOTCH1	NOTCH	Cell-Cell Contact	DLK1	NOTCH1	DLK1	NOTCH1	incoming	TNK	0.0	0.0	1.0	1.0	False	False	0.0	other	False	False
GSE253013	GSE253013	DLK1_NOTCH2	NOTCH	Cell-Cell Contact	DLK1	NOTCH2	DLK1	NOTCH2	incoming	TNK	0.0	0.0	1.0	1.0	False	False	0.0	other	False	False
GSE253013	GSE253013	DLK1_NOTCH3	NOTCH	Cell-Cell Contact	DLK1	NOTCH3	DLK1	NOTCH3	incoming	TNK	0.0	0.0	1.0	1.0	False	False	0.0	other	False	False
GSE253013	GSE253013	DLK1_NOTCH4	NOTCH	Cell-Cell Contact	DLK1	NOTCH4	DLK1	NOTCH4	incoming	TNK	0.0	0.0	1.0	1.0	False	False	0.0	other	False	False
GSE253013	GSE253013	DLL1_NOTCH1	NOTCH	Cell-Cell Contact	DLL1	NOTCH1	DLL1	NOTCH1	incoming	TNK	0.0	0.0	1.0	1.0	False	False	0.0	other	False	False
GSE253013	GSE253013	DLL1_NOTCH3	NOTCH	Cell-Cell Contact	DLL1	NOTCH3	DLL1	NOTCH3	incoming	TNK	0.0	0.0	1.0	1.0	False	False	0.0	other	False	False
GSE253013	GSE253013	DLL1_NOTCH4	NOTCH	Cell-Cell Contact	DLL1	NOTCH4	DLL1	NOTCH4	incoming	TNK	0.0	0.0	1.0	1.0	False	False	0.0	other	False	False
GSE253013	GSE253013	DLL3_NOTCH1	NOTCH	Cell-Cell Contact	DLL3	NOTCH1	DLL3	NOTCH1	incoming	TNK	0.0	0.0	1.0	1.0	False	False	0.0	other	False	False
GSE253013	GSE253013	DLL3_NOTCH2	NOTCH	Cell-Cell Contact	DLL3	NOTCH2	DLL3	NOTCH2	incoming	TNK	0.0	0.0	1.0	1.0	False	False	0.0	other	False	False
GSE253013	GSE253013	DLL3_NOTCH3	NOTCH	Cell-Cell Contact	DLL3	NOTCH3	DLL3	NOTCH3	incoming	TNK	0.0	0.0	1.0	1.0	False	False	0.0	other	False	False
GSE253013	GSE253013	DLL3_NOTCH4	NOTCH	Cell-Cell Contact	DLL3	NOTCH4	DLL3	NOTCH4	incoming	TNK	0.0	0.0	1.0	1.0	False	False	0.0	other	False	False
GSE253013	GSE253013	DLL4_NOTCH1	NOTCH	Cell-Cell Contact	DLL4	NOTCH1	DLL4	NOTCH1	incoming	TNK	0.0	0.0	1.0	1.0	False	False	0.0	other	False	False
GSE253013	GSE253013	DLL4_NOTCH2	NOTCH	Cell-Cell Contact	DLL4	NOTCH2	DLL4	NOTCH2	incoming	TNK	0.0	0.0	1.0	1.0	False	False	0.0	other	False	False
GSE253013	GSE253013	DLL4_NOTCH3	NOTCH	Cell-Cell Contact	DLL4	NOTCH3	DLL4	NOTCH3	incoming	TNK	0.0	0.0	1.0	1.0	False	False	0.0	other	False	False
GSE253013	GSE253013	DLL4_NOTCH4	NOTCH	Cell-Cell Contact	DLL4	NOTCH4	DLL4	NOTCH4	incoming	TNK	0.0	0.0	1.0	1.0	False	False	0.0	other	False	False
GSE253013	GSE253013	JAG1_NOTCH1	NOTCH	Cell-Cell Contact	JAG1	NOTCH1	JAG1	NOTCH1	incoming	TNK	0.0	0.0	1.0	1.0	False	False	0.0	other	False	False
GSE253013	GSE253013	JAG1_NOTCH2	NOTCH	Cell-Cell Contact	JAG1	NOTCH2	JAG1	NOTCH2	incoming	TNK	0.0	0.0	1.0	1.0	False	False	0.0	other	False	False
GSE253013	GSE253013	JAG1_NOTCH3	NOTCH	Cell-Cell Contact	JAG1	NOTCH3	JAG1	NOTCH3	incoming	TNK	0.0	0.0	1.0	1.0	False	False	0.0	other	False	False
GSE253013	GSE253013	JAG1_NOTCH4	NOTCH	Cell-Cell Contact	JAG1	NOTCH4	JAG1	NOTCH4	incoming	TNK	0.0	0.0	1.0	1.0	False	False	0.0	other	False	False
GSE253013	GSE253013	JAG2_NOTCH1	NOTCH	Cell-Cell Contact	JAG2	NOTCH1	JAG2	NOTCH1	incoming	TNK	0.0	0.0	1.0	1.0	False	False	0.0	other	False	False
GSE253013	GSE253013	JAG2_NOTCH2	NOTCH	Cell-Cell Contact	JAG2	NOTCH2	JAG2	NOTCH2	incoming	TNK	0.0	0.0	1.0	1.0	False	False	0.0	other	False	False
GSE253013	GSE253013	JAG2_NOTCH3	NOTCH	Cell-Cell Contact	JAG2	NOTCH3	JAG2	NOTCH3	incoming	TNK	0.0	0.0	1.0	1.0	False	False	0.0	other	False	False
GSE253013	GSE253013	JAG2_NOTCH4	NOTCH	Cell-Cell Contact	JAG2	NOTCH4	JAG2	NOTCH4	incoming	TNK	0.0	0.0	1.0	1.0	False	False	0.0	other	False	False
GSE253013	GSE253013	DLL1_NOTCH2	NOTCH	Cell-Cell Contact	DLL1	NOTCH2	DLL1	NOTCH2	incoming	TNK	0.0	0.0	1.0	1.0	False	False	0.0	other	False	False
GSE253013	GSE253013	NRXN1_NLGN1	NRXN	Cell-Cell Contact	NRXN1	NLGN1	NRXN1	NLGN1	incoming	TNK	0.0	0.0	1.0	1.0	False	False	0.0	other	False	False
GSE253013	GSE253013	NRXN1_NLGN2	NRXN	Cell-Cell Contact	NRXN1	NLGN2	NRXN1	NLGN2	incoming	TNK	0.0	0.0	1.0	1.0	False	False	0.0	other	False	False
GSE253013	GSE253013	NRXN1_NLGN3	NRXN	Cell-Cell Contact	NRXN1	NLGN3	NRXN1	NLGN3	incoming	TNK	0.0	0.0	1.0	1.0	False	False	0.0	other	False	False
GSE253013	GSE253013	NRXN2_NLGN1	NRXN	Cell-Cell Contact	NRXN2	NLGN1	NRXN2	NLGN1	incoming	TNK	0.0	0.0	1.0	1.0	False	False	0.0	other	False	False
GSE253013	GSE253013	NRXN2_NLGN2	NRXN	Cell-Cell Contact	NRXN2	NLGN2	NRXN2	NLGN2	incoming	TNK	0.0	0.0	1.0	1.0	False	False	0.0	other	False	False
GSE253013	GSE253013	NRXN2_NLGN3	NRXN	Cell-Cell Contact	NRXN2	NLGN3	NRXN2	NLGN3	incoming	TNK	0.0	0.0	1.0	1.0	False	False	0.0	other	False	False
GSE253013	GSE253013	NRXN3_NLGN1	NRXN	Cell-Cell Contact	NRXN3	NLGN1	NRXN3	NLGN1	incoming	TNK	0.0	0.0	1.0	1.0	False	False	0.0	other	False	False
GSE253013	GSE253013	NRXN3_NLGN2	NRXN	Cell-Cell Contact	NRXN3	NLGN2	NRXN3	NLGN2	incoming	TNK	0.0	0.0	1.0	1.0	False	False	0.0	other	False	False
GSE253013	GSE253013	NRXN3_NLGN3	NRXN	Cell-Cell Contact	NRXN3	NLGN3	NRXN3	NLGN3	incoming	TNK	0.0	0.0	1.0	1.0	False	False	0.0	other	False	False
GSE253013	GSE253013	OCLN_OCLN	OCLN	Cell-Cell Contact	OCLN	OCLN	OCLN	OCLN	incoming	TNK	0.0	0.0	1.0	1.0	False	False	0.0	barrier	False	False
GSE253013	GSE253013	CD274_PDCD1	PD-L1	Cell-Cell Contact	CD274	PDCD1	CD274	PDCD1	incoming	TNK	0.0	0.0	1.0	1.0	False	False	0.0	inhibitory	False	False
GSE253013	GSE253013	PDCD1LG2_PDCD1	PDL2	Cell-Cell Contact	PDCD1LG2	PDCD1	PDCD1LG2	PDCD1	incoming	TNK	0.0	0.0	1.0	1.0	False	False	0.0	inhibitory	False	False
GSE253013	GSE253013	PECAM1_PECAM1	PECAM1	Cell-Cell Contact	PECAM1	PECAM1	PECAM1	PECAM1	incoming	TNK	0.0	0.0	1.0	1.0	False	False	0.0	other	False	False
GSE253013	GSE253013	PTPRM_PTPRM	PTPRM	Cell-Cell Contact	PTPRM	PTPRM	PTPRM	PTPRM	incoming	TNK	0.0	0.0	1.0	1.0	False	False	0.0	other	False	False
GSE253013	GSE253013	PVR_CD226	PVR	Cell-Cell Contact	PVR	CD226	PVR	CD226	incoming	TNK	0.0	0.0	1.0	1.0	False	False	0.0	barrier|inhibitory	False	False
GSE253013	GSE253013	PVR_TIGIT	PVR	Cell-Cell Contact	PVR	TIGIT	PVR	TIGIT	incoming	TNK	0.0	0.0	1.0	1.0	False	False	0.0	barrier|inhibitory	False	False
GSE253013	GSE253013	SELE_CD44	SELE	Cell-Cell Contact	SELE	CD44	SELE	CD44	incoming	TNK	0.0	0.0	1.0	1.0	False	False	0.0	other	False	False
GSE253013	GSE253013	SELE_GLG1	SELE	Cell-Cell Contact	SELE	GLG1	SELE	GLG1	incoming	TNK	0.0	0.0	1.0	1.0	False	False	0.0	other	False	False
GSE253013	GSE253013	SELL_CD34	SELL	Cell-Cell Contact	SELL	CD34	SELL	CD34	incoming	TNK	0.0	0.0	1.0	1.0	False	False	0.0	other	False	False
GSE253013	GSE253013	SELL_PODXL	SELL	Cell-Cell Contact	SELL	PODXL	SELL	PODXL	incoming	TNK	0.050932211241311726	0.00038798107520239663	0.009900990099009901	1.0	True	False	0.05054423016610933	other	True	True
GSE253013	GSE253013	SELL_MADCAM1	SELL	Cell-Cell Contact	SELL	MADCAM1	SELL	MADCAM1	incoming	TNK	0.0	0.0	1.0	1.0	False	False	0.0	other	False	False
GSE253013	GSE253013	SELPLG_SELE	SELPLG	Cell-Cell Contact	SELPLG	SELE	SELPLG	SELE	incoming	TNK	0.0	0.0	1.0	1.0	False	False	0.0	other	False	False
GSE253013	GSE253013	SELPLG_SELL	SELPLG	Cell-Cell Contact	SELPLG	SELL	SELPLG	SELL	incoming	TNK	0.0	0.0	1.0	1.0	False	False	0.0	other	False	False
GSE253013	GSE253013	SELPLG_SELP	SELPLG	Cell-Cell Contact	SELPLG	SELP	SELPLG	SELP	incoming	TNK	0.0	0.0	1.0	1.0	False	False	0.0	other	False	False
GSE253013	GSE253013	SEMA4A_PLXNB1	SEMA4	Cell-Cell Contact	SEMA4A	PLXNB1	SEMA4A	PLXNB1	incoming	TNK	0.0	0.0	1.0	1.0	False	False	0.0	other	False	False
GSE253013	GSE253013	SEMA4A_PLXNB2	SEMA4	Cell-Cell Contact	SEMA4A	PLXNB2	SEMA4A	PLXNB2	incoming	TNK	0.0	0.0	1.0	1.0	False	False	0.0	other	False	False
GSE253013	GSE253013	SEMA4A_PLXNB3	SEMA4	Cell-Cell Contact	SEMA4A	PLXNB3	SEMA4A	PLXNB3	incoming	TNK	0.0	0.0	1.0	1.0	False	False	0.0	other	False	False
GSE253013	GSE253013	SEMA4D_PLXNB1	SEMA4	Cell-Cell Contact	SEMA4D	PLXNB1	SEMA4D	PLXNB1	incoming	TNK	0.004793819663162604	0.0	0.009900990099009901	1.0	True	False	0.004793819663162604	other	True	True
GSE253013	GSE253013	SEMA4D_PLXNB2	SEMA4	Cell-Cell Contact	SEMA4D	PLXNB2	SEMA4D	PLXNB2	incoming	TNK	0.06661020787336484	0.035975853024000665	0.009900990099009901	1.0	True	False	0.03063435484936418	other	True	True
GSE253013	GSE253013	SEMA4D_PLXNB3	SEMA4	Cell-Cell Contact	SEMA4D	PLXNB3	SEMA4D	PLXNB3	incoming	TNK	0.0	0.0	1.0	1.0	False	False	0.0	other	False	False
GSE253013	GSE253013	SEMA4C_PLXNB2	SEMA4	Cell-Cell Contact	SEMA4C	PLXNB2	SEMA4C	PLXNB2	incoming	TNK	0.0	0.0	1.0	1.0	False	False	0.0	other	False	False
GSE253013	GSE253013	SEMA4G_PLXNB2	SEMA4	Cell-Cell Contact	SEMA4G	PLXNB2	SEMA4G	PLXNB2	incoming	TNK	0.0	0.0	1.0	1.0	False	False	0.0	other	False	False
GSE253013	GSE253013	SEMA4D_CD72	SEMA4	Cell-Cell Contact	SEMA4D	CD72	SEMA4D	CD72	incoming	TNK	0.0	0.0	1.0	1.0	False	False	0.0	other	False	False
GSE253013	GSE253013	SEMA5A_PLXNA1	SEMA5	Cell-Cell Contact	SEMA5A	PLXNA1	SEMA5A	PLXNA1	incoming	TNK	0.0	0.0	1.0	1.0	False	False	0.0	other	False	False
GSE253013	GSE253013	SEMA5B_PLXNA1	SEMA5	Cell-Cell Contact	SEMA5B	PLXNA1	SEMA5B	PLXNA1	incoming	TNK	0.0	0.0	1.0	1.0	False	False	0.0	other	False	False
GSE253013	GSE253013	SEMA5A_PLXNA3	SEMA5	Cell-Cell Contact	SEMA5A	PLXNA3	SEMA5A	PLXNA3	incoming	TNK	0.0	0.0	1.0	1.0	False	False	0.0	other	False	False
GSE253013	GSE253013	SEMA5B_PLXNA3	SEMA5	Cell-Cell Contact	SEMA5B	PLXNA3	SEMA5B	PLXNA3	incoming	TNK	0.0	0.0	1.0	1.0	False	False	0.0	other	False	False
GSE253013	GSE253013	SEMA5A_PLXNB3	SEMA5	Cell-Cell Contact	SEMA5A	PLXNB3	SEMA5A	PLXNB3	incoming	TNK	0.0	0.0	1.0	1.0	False	False	0.0	other	False	False
GSE253013	GSE253013	SEMA6D_PLXNA1	SEMA6	Cell-Cell Contact	SEMA6D	PLXNA1	SEMA6D	PLXNA1	incoming	TNK	0.0	0.0	1.0	1.0	False	False	0.0	other	False	False
GSE253013	GSE253013	SEMA6A_PLXNA2	SEMA6	Cell-Cell Contact	SEMA6A	PLXNA2	SEMA6A	PLXNA2	incoming	TNK	0.0	0.0	1.0	1.0	False	False	0.0	other	False	False
GSE253013	GSE253013	SEMA6B_PLXNA2	SEMA6	Cell-Cell Contact	SEMA6B	PLXNA2	SEMA6B	PLXNA2	incoming	TNK	0.0	0.0	1.0	1.0	False	False	0.0	other	False	False
GSE253013	GSE253013	SEMA6A_PLXNA4	SEMA6	Cell-Cell Contact	SEMA6A	PLXNA4	SEMA6A	PLXNA4	incoming	TNK	0.0	0.0	1.0	1.0	False	False	0.0	other	False	False
GSE253013	GSE253013	SEMA6B_PLXNA4	SEMA6	Cell-Cell Contact	SEMA6B	PLXNA4	SEMA6B	PLXNA4	incoming	TNK	0.0	0.0	1.0	1.0	False	False	0.0	other	False	False
GSE253013	GSE253013	SEMA7A_PLXNC1	SEMA7	Cell-Cell Contact	SEMA7A	PLXNC1	SEMA7A	PLXNC1	incoming	TNK	0.0	0.0	1.0	1.0	False	False	0.0	other	False	False
GSE253013	GSE253013	SIGLEC1_SPN	SN	Cell-Cell Contact	SIGLEC1	SPN	SIGLEC1	SPN	incoming	TNK	0.0	0.0	1.0	1.0	False	False	0.0	other	False	False
GSE253013	GSE253013	VSIR_IGSF11	VISTA	Cell-Cell Contact	VSIR	IGSF11	VSIR	IGSF11	incoming	TNK	0.0	0.0	1.0	1.0	False	False	0.0	inhibitory	False	False
GSE253013	GSE253013	CDH3_CDH3	CDH	Cell-Cell Contact	CDH3	CDH3	CDH3	CDH3	incoming	TNK	0.0	0.0	1.0	1.0	False	False	0.0	other	False	False
GSE253013	GSE253013	DSC1_DSG3	DESMOSOME	Cell-Cell Contact	DSC1	DSG3	DSC1	DSG3	incoming	TNK	0.0	0.0	1.0	1.0	False	False	0.0	other	False	False
GSE253013	GSE253013	DSC1_DSG4	DESMOSOME	Cell-Cell Contact	DSC1	DSG4	DSC1	DSG4	incoming	TNK	0.0	0.0	1.0	1.0	False	False	0.0	other	False	False
GSE253013	GSE253013	DSC2_DSG3	DESMOSOME	Cell-Cell Contact	DSC2	DSG3	DSC2	DSG3	incoming	TNK	0.0	0.0	1.0	1.0	False	False	0.0	barrier	False	False
GSE253013	GSE253013	DSC2_DSG4	DESMOSOME	Cell-Cell Contact	DSC2	DSG4	DSC2	DSG4	incoming	TNK	0.0	0.0	1.0	1.0	False	False	0.0	barrier	False	False
GSE253013	GSE253013	DSC3_DSG3	DESMOSOME	Cell-Cell Contact	DSC3	DSG3	DSC3	DSG3	incoming	TNK	0.0	0.0	1.0	1.0	False	False	0.0	other	False	False
GSE253013	GSE253013	DSC3_DSG4	DESMOSOME	Cell-Cell Contact	DSC3	DSG4	DSC3	DSG4	incoming	TNK	0.0	0.0	1.0	1.0	False	False	0.0	other	False	False
GSE253013	GSE253013	GJA5_GJA5	GAP	Cell-Cell Contact	GJA5	GJA5	GJA5	GJA5	incoming	TNK	0.0	0.0	1.0	1.0	False	False	0.0	other	False	False
GSE253013	GSE253013	GJA1_GJA5	GAP	Cell-Cell Contact	GJA1	GJA5	GJA1	GJA5	incoming	TNK	0.0	0.0	1.0	1.0	False	False	0.0	other	False	False
GSE253013	GSE253013	GJC1_GJA5	GAP	Cell-Cell Contact	GJC1	GJA5	GJC1	GJA5	incoming	TNK	0.0	0.0	1.0	1.0	False	False	0.0	other	False	False
GSE253013	GSE253013	GJA3_GJA5	GAP	Cell-Cell Contact	GJA3	GJA5	GJA3	GJA5	incoming	TNK	0.0	0.0	1.0	1.0	False	False	0.0	other	False	False
GSE253013	GSE253013	GJA1_GJA1	GAP	Cell-Cell Contact	GJA1	GJA1	GJA1	GJA1	incoming	TNK	0.0	0.0	1.0	1.0	False	False	0.0	other	False	False
GSE253013	GSE253013	GJC1_GJA1	GAP	Cell-Cell Contact	GJC1	GJA1	GJC1	GJA1	incoming	TNK	0.0	0.0	1.0	1.0	False	False	0.0	other	False	False
GSE253013	GSE253013	GJA3_GJA1	GAP	Cell-Cell Contact	GJA3	GJA1	GJA3	GJA1	incoming	TNK	0.0	0.0	1.0	1.0	False	False	0.0	other	False	False
GSE253013	GSE253013	GJC1_GJC1	GAP	Cell-Cell Contact	GJC1	GJC1	GJC1	GJC1	incoming	TNK	0.0	0.0	1.0	1.0	False	False	0.0	other	False	False
GSE253013	GSE253013	GJA3_GJC1	GAP	Cell-Cell Contact	GJA3	GJC1	GJA3	GJC1	incoming	TNK	0.0	0.0	1.0	1.0	False	False	0.0	other	False	False
GSE253013	GSE253013	GJA3_GJA3	GAP	Cell-Cell Contact	GJA3	GJA3	GJA3	GJA3	incoming	TNK	0.0	0.0	1.0	1.0	False	False	0.0	other	False	False
GSE253013	GSE253013	CLDN1_CLDN1	CLDN	Cell-Cell Contact	CLDN1	CLDN1	CLDN1	CLDN1	incoming	TNK	0.0	0.0	1.0	1.0	False	False	0.0	barrier	False	False
GSE253013	GSE253013	CLDN2_CLDN2	CLDN	Cell-Cell Contact	CLDN2	CLDN2	CLDN2	CLDN2	incoming	TNK	0.0	0.0	1.0	1.0	False	False	0.0	other	False	False
GSE253013	GSE253013	CLDN3_CLDN3	CLDN	Cell-Cell Contact	CLDN3	CLDN3	CLDN3	CLDN3	incoming	TNK	0.0	0.0	1.0	1.0	False	False	0.0	barrier	False	False
GSE253013	GSE253013	PCDHA10_PCDHA10	PCDH	Cell-Cell Contact	PCDHA10	PCDHA10	PCDHA10	PCDHA10	incoming	TNK	0.0	0.0	1.0	1.0	False	False	0.0	other	False	False
GSE253013	GSE253013	PCDHA11_PCDHA11	PCDH	Cell-Cell Contact	PCDHA11	PCDHA11	PCDHA11	PCDHA11	incoming	TNK	0.0	0.0	1.0	1.0	False	False	0.0	other	False	False
GSE253013	GSE253013	PCDHA12_PCDHA12	PCDH	Cell-Cell Contact	PCDHA12	PCDHA12	PCDHA12	PCDHA12	incoming	TNK	0.0	0.0	1.0	1.0	False	False	0.0	other	False	False
GSE253013	GSE253013	PCDHA13_PCDHA13	PCDH	Cell-Cell Contact	PCDHA13	PCDHA13	PCDHA13	PCDHA13	incoming	TNK	0.0	0.0	1.0	1.0	False	False	0.0	other	False	False
GSE253013	GSE253013	PCDHA1_PCDHA1	PCDH	Cell-Cell Contact	PCDHA1	PCDHA1	PCDHA1	PCDHA1	incoming	TNK	0.0	0.0	1.0	1.0	False	False	0.0	other	False	False
GSE253013	GSE253013	PCDHA2_PCDHA2	PCDH	Cell-Cell Contact	PCDHA2	PCDHA2	PCDHA2	PCDHA2	incoming	TNK	0.0	0.0	1.0	1.0	False	False	0.0	other	False	False
GSE253013	GSE253013	PCDHA3_PCDHA3	PCDH	Cell-Cell Contact	PCDHA3	PCDHA3	PCDHA3	PCDHA3	incoming	TNK	0.0	0.0	1.0	1.0	False	False	0.0	other	False	False
GSE253013	GSE253013	PCDHA4_PCDHA4	PCDH	Cell-Cell Contact	PCDHA4	PCDHA4	PCDHA4	PCDHA4	incoming	TNK	0.0	0.0	1.0	1.0	False	False	0.0	other	False	False
GSE253013	GSE253013	PCDHA5_PCDHA5	PCDH	Cell-Cell Contact	PCDHA5	PCDHA5	PCDHA5	PCDHA5	incoming	TNK	0.0	0.0	1.0	1.0	False	False	0.0	other	False	False
GSE253013	GSE253013	PCDHA6_PCDHA6	PCDH	Cell-Cell Contact	PCDHA6	PCDHA6	PCDHA6	PCDHA6	incoming	TNK	0.0	0.0	1.0	1.0	False	False	0.0	other	False	False
GSE253013	GSE253013	PCDHA7_PCDHA7	PCDH	Cell-Cell Contact	PCDHA7	PCDHA7	PCDHA7	PCDHA7	incoming	TNK	0.0	0.0	1.0	1.0	False	False	0.0	other	False	False
GSE253013	GSE253013	PCDHA8_PCDHA8	PCDH	Cell-Cell Contact	PCDHA8	PCDHA8	PCDHA8	PCDHA8	incoming	TNK	0.0	0.0	1.0	1.0	False	False	0.0	other	False	False
GSE253013	GSE253013	PCDHA9_PCDHA9	PCDH	Cell-Cell Contact	PCDHA9	PCDHA9	PCDHA9	PCDHA9	incoming	TNK	0.0	0.0	1.0	1.0	False	False	0.0	other	False	False
GSE253013	GSE253013	PCDHAC1_PCDHAC1	PCDH	Cell-Cell Contact	PCDHAC1	PCDHAC1	PCDHAC1	PCDHAC1	incoming	TNK	0.0	0.0	1.0	1.0	False	False	0.0	other	False	False
GSE253013	GSE253013	PCDHAC2_PCDHAC2	PCDH	Cell-Cell Contact	PCDHAC2	PCDHAC2	PCDHAC2	PCDHAC2	incoming	TNK	0.0	0.0	1.0	1.0	False	False	0.0	other	False	False
GSE253013	GSE253013	PCDHB1_PCDHB1	PCDH	Cell-Cell Contact	PCDHB1	PCDHB1	PCDHB1	PCDHB1	incoming	TNK	0.0	0.0	1.0	1.0	False	False	0.0	other	False	False
GSE253013	GSE253013	PCDHB10_PCDHB10	PCDH	Cell-Cell Contact	PCDHB10	PCDHB10	PCDHB10	PCDHB10	incoming	TNK	0.0	0.0	1.0	1.0	False	False	0.0	other	False	False
GSE253013	GSE253013	PCDHB11_PCDHB11	PCDH	Cell-Cell Contact	PCDHB11	PCDHB11	PCDHB11	PCDHB11	incoming	TNK	0.0	0.0	1.0	1.0	False	False	0.0	other	False	False
GSE253013	GSE253013	PCDHB12_PCDHB12	PCDH	Cell-Cell Contact	PCDHB12	PCDHB12	PCDHB12	PCDHB12	incoming	TNK	0.0	0.0	1.0	1.0	False	False	0.0	other	False	False
GSE253013	GSE253013	PCDHB13_PCDHB13	PCDH	Cell-Cell Contact	PCDHB13	PCDHB13	PCDHB13	PCDHB13	incoming	TNK	0.0	0.0	1.0	1.0	False	False	0.0	other	False	False
GSE253013	GSE253013	PCDHB14_PCDHB14	PCDH	Cell-Cell Contact	PCDHB14	PCDHB14	PCDHB14	PCDHB14	incoming	TNK	0.0	0.0	1.0	1.0	False	False	0.0	other	False	False
GSE253013	GSE253013	PCDHB15_PCDHB15	PCDH	Cell-Cell Contact	PCDHB15	PCDHB15	PCDHB15	PCDHB15	incoming	TNK	0.0	0.0	1.0	1.0	False	False	0.0	other	False	False
GSE253013	GSE253013	PCDHB16_PCDHB16	PCDH	Cell-Cell Contact	PCDHB16	PCDHB16	PCDHB16	PCDHB16	incoming	TNK	0.0	0.0	1.0	1.0	False	False	0.0	other	False	False
GSE253013	GSE253013	PCDHB2_PCDHB2	PCDH	Cell-Cell Contact	PCDHB2	PCDHB2	PCDHB2	PCDHB2	incoming	TNK	0.0	0.0	1.0	1.0	False	False	0.0	other	False	False
GSE253013	GSE253013	PCDHB3_PCDHB3	PCDH	Cell-Cell Contact	PCDHB3	PCDHB3	PCDHB3	PCDHB3	incoming	TNK	0.0	0.0	1.0	1.0	False	False	0.0	other	False	False
GSE253013	GSE253013	PCDHB4_PCDHB4	PCDH	Cell-Cell Contact	PCDHB4	PCDHB4	PCDHB4	PCDHB4	incoming	TNK	0.0	0.0	1.0	1.0	False	False	0.0	other	False	False
GSE253013	GSE253013	PCDHB5_PCDHB5	PCDH	Cell-Cell Contact	PCDHB5	PCDHB5	PCDHB5	PCDHB5	incoming	TNK	0.0	0.0	1.0	1.0	False	False	0.0	other	False	False
GSE253013	GSE253013	PCDHB6_PCDHB6	PCDH	Cell-Cell Contact	PCDHB6	PCDHB6	PCDHB6	PCDHB6	incoming	TNK	0.0	0.0	1.0	1.0	False	False	0.0	other	False	False
GSE253013	GSE253013	PCDHB7_PCDHB7	PCDH	Cell-Cell Contact	PCDHB7	PCDHB7	PCDHB7	PCDHB7	incoming	TNK	0.0	0.0	1.0	1.0	False	False	0.0	other	False	False
GSE253013	GSE253013	PCDHB8_PCDHB8	PCDH	Cell-Cell Contact	PCDHB8	PCDHB8	PCDHB8	PCDHB8	incoming	TNK	0.0	0.0	1.0	1.0	False	False	0.0	other	False	False
GSE253013	GSE253013	PCDHB9_PCDHB9	PCDH	Cell-Cell Contact	PCDHB9	PCDHB9	PCDHB9	PCDHB9	incoming	TNK	0.0	0.0	1.0	1.0	False	False	0.0	other	False	False
GSE253013	GSE253013	PCDHGA1_PCDHGA1	PCDH	Cell-Cell Contact	PCDHGA1	PCDHGA1	PCDHGA1	PCDHGA1	incoming	TNK	0.0	0.0	1.0	1.0	False	False	0.0	other	False	False
GSE253013	GSE253013	PCDHGA10_PCDHGA10	PCDH	Cell-Cell Contact	PCDHGA10	PCDHGA10	PCDHGA10	PCDHGA10	incoming	TNK	0.0	0.0	1.0	1.0	False	False	0.0	other	False	False
GSE253013	GSE253013	PCDHGA11_PCDHGA11	PCDH	Cell-Cell Contact	PCDHGA11	PCDHGA11	PCDHGA11	PCDHGA11	incoming	TNK	0.0	0.0	1.0	1.0	False	False	0.0	other	False	False
GSE253013	GSE253013	PCDHGA12_PCDHGA12	PCDH	Cell-Cell Contact	PCDHGA12	PCDHGA12	PCDHGA12	PCDHGA12	incoming	TNK	0.0	0.0	1.0	1.0	False	False	0.0	other	False	False
GSE253013	GSE253013	PCDHGA2_PCDHGA2	PCDH	Cell-Cell Contact	PCDHGA2	PCDHGA2	PCDHGA2	PCDHGA2	incoming	TNK	0.0	0.0	1.0	1.0	False	False	0.0	other	False	False
GSE253013	GSE253013	PCDHGA3_PCDHGA3	PCDH	Cell-Cell Contact	PCDHGA3	PCDHGA3	PCDHGA3	PCDHGA3	incoming	TNK	0.0	0.0	1.0	1.0	False	False	0.0	other	False	False
GSE253013	GSE253013	PCDHGA4_PCDHGA4	PCDH	Cell-Cell Contact	PCDHGA4	PCDHGA4	PCDHGA4	PCDHGA4	incoming	TNK	0.0	0.0	1.0	1.0	False	False	0.0	other	False	False
GSE253013	GSE253013	PCDHGA5_PCDHGA5	PCDH	Cell-Cell Contact	PCDHGA5	PCDHGA5	PCDHGA5	PCDHGA5	incoming	TNK	0.0	0.0	1.0	1.0	False	False	0.0	other	False	False
GSE253013	GSE253013	PCDHGA6_PCDHGA6	PCDH	Cell-Cell Contact	PCDHGA6	PCDHGA6	PCDHGA6	PCDHGA6	incoming	TNK	0.0	0.0	1.0	1.0	False	False	0.0	other	False	False
GSE253013	GSE253013	PCDHGA7_PCDHGA7	PCDH	Cell-Cell Contact	PCDHGA7	PCDHGA7	PCDHGA7	PCDHGA7	incoming	TNK	0.0	0.0	1.0	1.0	False	False	0.0	other	False	False
GSE253013	GSE253013	PCDHGA8_PCDHGA8	PCDH	Cell-Cell Contact	PCDHGA8	PCDHGA8	PCDHGA8	PCDHGA8	incoming	TNK	0.0	0.0	1.0	1.0	False	False	0.0	other	False	False
GSE253013	GSE253013	PCDHGA9_PCDHGA9	PCDH	Cell-Cell Contact	PCDHGA9	PCDHGA9	PCDHGA9	PCDHGA9	incoming	TNK	0.0	0.0	1.0	1.0	False	False	0.0	other	False	False
GSE253013	GSE253013	PCDHGB1_PCDHGB1	PCDH	Cell-Cell Contact	PCDHGB1	PCDHGB1	PCDHGB1	PCDHGB1	incoming	TNK	0.0	0.0	1.0	1.0	False	False	0.0	other	False	False
GSE253013	GSE253013	PCDHGB2_PCDHGB2	PCDH	Cell-Cell Contact	PCDHGB2	PCDHGB2	PCDHGB2	PCDHGB2	incoming	TNK	0.0	0.0	1.0	1.0	False	False	0.0	other	False	False
GSE253013	GSE253013	PCDHGB3_PCDHGB3	PCDH	Cell-Cell Contact	PCDHGB3	PCDHGB3	PCDHGB3	PCDHGB3	incoming	TNK	0.0	0.0	1.0	1.0	False	False	0.0	other	False	False
GSE253013	GSE253013	PCDHGB4_PCDHGB4	PCDH	Cell-Cell Contact	PCDHGB4	PCDHGB4	PCDHGB4	PCDHGB4	incoming	TNK	0.0	0.0	1.0	1.0	False	False	0.0	other	False	False
GSE253013	GSE253013	PCDHGB5_PCDHGB5	PCDH	Cell-Cell Contact	PCDHGB5	PCDHGB5	PCDHGB5	PCDHGB5	incoming	TNK	0.0	0.0	1.0	1.0	False	False	0.0	other	False	False
GSE253013	GSE253013	PCDHGB6_PCDHGB6	PCDH	Cell-Cell Contact	PCDHGB6	PCDHGB6	PCDHGB6	PCDHGB6	incoming	TNK	0.0	0.0	1.0	1.0	False	False	0.0	other	False	False
GSE253013	GSE253013	PCDHGB7_PCDHGB7	PCDH	Cell-Cell Contact	PCDHGB7	PCDHGB7	PCDHGB7	PCDHGB7	incoming	TNK	0.0	0.0	1.0	1.0	False	False	0.0	other	False	False
GSE253013	GSE253013	PCDHGC3_PCDHGC3	PCDH	Cell-Cell Contact	PCDHGC3	PCDHGC3	PCDHGC3	PCDHGC3	incoming	TNK	0.0	0.0	1.0	1.0	False	False	0.0	other	False	False
GSE253013	GSE253013	PCDHGC4_PCDHGC4	PCDH	Cell-Cell Contact	PCDHGC4	PCDHGC4	PCDHGC4	PCDHGC4	incoming	TNK	0.0	0.0	1.0	1.0	False	False	0.0	other	False	False
GSE253013	GSE253013	PCDHGC5_PCDHGC5	PCDH	Cell-Cell Contact	PCDHGC5	PCDHGC5	PCDHGC5	PCDHGC5	incoming	TNK	0.0	0.0	1.0	1.0	False	False	0.0	other	False	False
GSE253013	GSE253013	KLK6_F2R	KLK	Secreted Signaling	KLK6	F2R	KLK6	F2R	incoming	TNK	0.0	0.0	1.0	1.0	False	False	0.0	other	False	False
GSE253013	GSE253013	KLK6_F2RL1	KLK	Secreted Signaling	KLK6	F2RL1	KLK6	F2RL1	incoming	TNK	0.0	0.0	1.0	1.0	False	False	0.0	other	False	False
GSE253013	GSE253013	KLK5_F2RL1	KLK	Secreted Signaling	KLK5	F2RL1	KLK5	F2RL1	incoming	TNK	0.0	0.0	1.0	1.0	False	False	0.0	other	False	False
GSE253013	GSE253013	KLK4_F2R	KLK	Secreted Signaling	KLK4	F2R	KLK4	F2R	incoming	TNK	0.0	0.0	1.0	1.0	False	False	0.0	other	False	False
GSE253013	GSE253013	KLK1_F2R	KLK	Secreted Signaling	KLK1	F2R	KLK1	F2R	incoming	TNK	0.0	0.0	1.0	1.0	False	False	0.0	other	False	False
GSE253013	GSE253013	KLK2_F2R	KLK	Secreted Signaling	KLK2	F2R	KLK2	F2R	incoming	TNK	0.0	0.0	1.0	1.0	False	False	0.0	other	False	False
GSE253013	GSE253013	KLK14_F2R	KLK	Secreted Signaling	KLK14	F2R	KLK14	F2R	incoming	TNK	0.0	0.0	1.0	1.0	False	False	0.0	other	False	False
GSE253013	GSE253013	KLK4_F2RL1	KLK	Secreted Signaling	KLK4	F2RL1	KLK4	F2RL1	incoming	TNK	0.0	0.0	1.0	1.0	False	False	0.0	other	False	False
GSE253013	GSE253013	KLK2_F2RL1	KLK	Secreted Signaling	KLK2	F2RL1	KLK2	F2RL1	incoming	TNK	0.0	0.0	1.0	1.0	False	False	0.0	other	False	False
GSE253013	GSE253013	KLK14_F2RL1	KLK	Secreted Signaling	KLK14	F2RL1	KLK14	F2RL1	incoming	TNK	0.0	0.0	1.0	1.0	False	False	0.0	other	False	False
GSE253013	GSE253013	KLK7_F2RL1	KLK	Secreted Signaling	KLK7	F2RL1	KLK7	F2RL1	incoming	TNK	0.0	0.0	1.0	1.0	False	False	0.0	other	False	False
GSE253013	GSE253013	KLK8_F2R	KLK	Secreted Signaling	KLK8	F2R	KLK8	F2R	incoming	TNK	0.0	0.0	1.0	1.0	False	False	0.0	other	False	False
GSE253013	GSE253013	VTN_PLAUR	VTN	ECM-Receptor	VTN	PLAUR	VTN	PLAUR	incoming	TNK	0.0	0.0	1.0	1.0	False	False	0.0	other	False	False
GSE253013	GSE253013	SDC1_ADGRA2	ADGRA	Cell-Cell Contact	SDC1	ADGRA2	SDC1	ADGRA2	incoming	TNK	0.0	0.0	1.0	1.0	False	False	0.0	other	False	False
GSE253013	GSE253013	SDC2_ADGRA2	ADGRA	Cell-Cell Contact	SDC2	ADGRA2	SDC2	ADGRA2	incoming	TNK	0.0	0.0	1.0	1.0	False	False	0.0	other	False	False
GSE253013	GSE253013	TAX1BP3_ADGRB1	ADGRB	Cell-Cell Contact	TAX1BP3	ADGRB1	TAX1BP3	ADGRB1	incoming	TNK	0.0	0.0	1.0	1.0	False	False	0.0	other	False	False
GSE253013	GSE253013	RTN4R_ADGRB1	ADGRB	Cell-Cell Contact	RTN4R	ADGRB1	RTN4R	ADGRB1	incoming	TNK	0.0	0.0	1.0	1.0	False	False	0.0	other	False	False
GSE253013	GSE253013	TAX1BP3_ADGRB2	ADGRB	Cell-Cell Contact	TAX1BP3	ADGRB2	TAX1BP3	ADGRB2	incoming	TNK	0.0	0.0	1.0	1.0	False	False	0.0	other	False	False
GSE253013	GSE253013	C1QL1_ADGRB3	ADGRB	Cell-Cell Contact	C1QL1	ADGRB3	C1QL1	ADGRB3	incoming	TNK	0.0	0.0	1.0	1.0	False	False	0.0	other	False	False
GSE253013	GSE253013	C1QL2_ADGRB3	ADGRB	Cell-Cell Contact	C1QL2	ADGRB3	C1QL2	ADGRB3	incoming	TNK	0.0	0.0	1.0	1.0	False	False	0.0	other	False	False
GSE253013	GSE253013	C1QL3_ADGRB3	ADGRB	Cell-Cell Contact	C1QL3	ADGRB3	C1QL3	ADGRB3	incoming	TNK	0.0	0.0	1.0	1.0	False	False	0.0	other	False	False
GSE253013	GSE253013	C1QL4_ADGRB3	ADGRB	Cell-Cell Contact	C1QL4	ADGRB3	C1QL4	ADGRB3	incoming	TNK	0.0	0.0	1.0	1.0	False	False	0.0	other	False	False
GSE253013	GSE253013	THY1_ADGRE2	ADGRE	Cell-Cell Contact	THY1	ADGRE2	THY1	ADGRE2	incoming	TNK	0.0	0.0	1.0	1.0	False	False	0.0	other	False	False
GSE253013	GSE253013	CD55_ADGRE5	ADGRE	Cell-Cell Contact	CD55	ADGRE5	CD55	ADGRE5	incoming	TNK	0.021021730421591892	0.03879995387471815	1.0	0.009900990099009901	False	True	-0.017778223453126258	other	True	True
GSE253013	GSE253013	LPAR1_ADGRE5	ADGRE	Cell-Cell Contact	LPAR1	ADGRE5	LPAR1	ADGRE5	incoming	TNK	0.0	0.0	1.0	1.0	False	False	0.0	other	False	False
GSE253013	GSE253013	LPAR2_ADGRE5	ADGRE	Cell-Cell Contact	LPAR2	ADGRE5	LPAR2	ADGRE5	incoming	TNK	0.0	0.0	1.0	1.0	False	False	0.0	other	False	False
GSE253013	GSE253013	LPAR3_ADGRE5	ADGRE	Cell-Cell Contact	LPAR3	ADGRE5	LPAR3	ADGRE5	incoming	TNK	0.0	0.0	1.0	1.0	False	False	0.0	other	False	False
GSE253013	GSE253013	THY1_ADGRE5	ADGRE	Cell-Cell Contact	THY1	ADGRE5	THY1	ADGRE5	incoming	TNK	0.0	0.0	1.0	1.0	False	False	0.0	other	False	False
GSE253013	GSE253013	SFTPD_ADGRE5	ADGRE	Cell-Cell Contact	SFTPD	ADGRE5	SFTPD	ADGRE5	incoming	TNK	0.0	0.0	1.0	1.0	False	False	0.0	other	False	False
GSE253013	GSE253013	COL3A1_ADGRG1	ADGRG	Cell-Cell Contact	COL3A1	ADGRG1	COL3A1	ADGRG1	incoming	TNK	0.0	0.0	1.0	1.0	False	False	0.0	other	False	False
GSE253013	GSE253013	GAST_ADGRG1	ADGRG	Cell-Cell Contact	GAST	ADGRG1	GAST	ADGRG1	incoming	TNK	0.0	0.0	1.0	1.0	False	False	0.0	other	False	False
GSE253013	GSE253013	TGM2_ADGRG1	ADGRG	Cell-Cell Contact	TGM2	ADGRG1	TGM2	ADGRG1	incoming	TNK	0.0	0.0	1.0	1.0	False	False	0.0	other	False	False
GSE253013	GSE253013	COL4A1_ADGRG6	ADGRG	Cell-Cell Contact	COL4A1	ADGRG6	COL4A1	ADGRG6	incoming	TNK	0.0	0.0	1.0	1.0	False	False	0.0	other	False	False
GSE253013	GSE253013	COL4A2_ADGRG6	ADGRG	Cell-Cell Contact	COL4A2	ADGRG6	COL4A2	ADGRG6	incoming	TNK	0.0	0.0	1.0	1.0	False	False	0.0	other	False	False
GSE253013	GSE253013	COL4A3_ADGRG6	ADGRG	Cell-Cell Contact	COL4A3	ADGRG6	COL4A3	ADGRG6	incoming	TNK	0.0	0.0	1.0	1.0	False	False	0.0	other	False	False
GSE253013	GSE253013	COL4A4_ADGRG6	ADGRG	Cell-Cell Contact	COL4A4	ADGRG6	COL4A4	ADGRG6	incoming	TNK	0.0	0.0	1.0	1.0	False	False	0.0	other	False	False
GSE253013	GSE253013	COL4A5_ADGRG6	ADGRG	Cell-Cell Contact	COL4A5	ADGRG6	COL4A5	ADGRG6	incoming	TNK	0.0	0.0	1.0	1.0	False	False	0.0	other	False	False
GSE253013	GSE253013	COL4A6_ADGRG6	ADGRG	Cell-Cell Contact	COL4A6	ADGRG6	COL4A6	ADGRG6	incoming	TNK	0.0	0.0	1.0	1.0	False	False	0.0	other	False	False
GSE253013	GSE253013	LAMA2_ADGRG6	ADGRG	Cell-Cell Contact	LAMA2	ADGRG6	LAMA2	ADGRG6	incoming	TNK	0.0	0.0	1.0	1.0	False	False	0.0	other	False	False
GSE253013	GSE253013	PRNP_ADGRG6	ADGRG	Cell-Cell Contact	PRNP	ADGRG6	PRNP	ADGRG6	incoming	TNK	0.0	0.0	1.0	1.0	False	False	0.0	other	False	False
GSE253013	GSE253013	FLRT1_ADGRL1	ADGRL	Cell-Cell Contact	FLRT1	ADGRL1	FLRT1	ADGRL1	incoming	TNK	0.0	0.0	1.0	1.0	False	False	0.0	other	False	False
GSE253013	GSE253013	FLRT2_ADGRL1	ADGRL	Cell-Cell Contact	FLRT2	ADGRL1	FLRT2	ADGRL1	incoming	TNK	0.0	0.0	1.0	1.0	False	False	0.0	other	False	False
GSE253013	GSE253013	FLRT3_ADGRL1	ADGRL	Cell-Cell Contact	FLRT3	ADGRL1	FLRT3	ADGRL1	incoming	TNK	0.0	0.0	1.0	1.0	False	False	0.0	other	False	False
GSE253013	GSE253013	NRXN1_ADGRL1	ADGRL	Cell-Cell Contact	NRXN1	ADGRL1	NRXN1	ADGRL1	incoming	TNK	0.0	0.0	1.0	1.0	False	False	0.0	other	False	False
GSE253013	GSE253013	NRXN2_ADGRL1	ADGRL	Cell-Cell Contact	NRXN2	ADGRL1	NRXN2	ADGRL1	incoming	TNK	0.0	0.0	1.0	1.0	False	False	0.0	other	False	False
GSE253013	GSE253013	NRXN3_ADGRL1	ADGRL	Cell-Cell Contact	NRXN3	ADGRL1	NRXN3	ADGRL1	incoming	TNK	0.0	0.0	1.0	1.0	False	False	0.0	other	False	False
GSE253013	GSE253013	TENM1_ADGRL1	ADGRL	Cell-Cell Contact	TENM1	ADGRL1	TENM1	ADGRL1	incoming	TNK	0.0	0.0	1.0	1.0	False	False	0.0	other	False	False
GSE253013	GSE253013	TENM2_ADGRL1	ADGRL	Cell-Cell Contact	TENM2	ADGRL1	TENM2	ADGRL1	incoming	TNK	0.0	0.0	1.0	1.0	False	False	0.0	other	False	False
GSE253013	GSE253013	TENM3_ADGRL1	ADGRL	Cell-Cell Contact	TENM3	ADGRL1	TENM3	ADGRL1	incoming	TNK	0.0	0.0	1.0	1.0	False	False	0.0	other	False	False
GSE253013	GSE253013	TENM4_ADGRL1	ADGRL	Cell-Cell Contact	TENM4	ADGRL1	TENM4	ADGRL1	incoming	TNK	0.0	0.0	1.0	1.0	False	False	0.0	other	False	False
GSE253013	GSE253013	FLRT1_ADGRL2	ADGRL	Cell-Cell Contact	FLRT1	ADGRL2	FLRT1	ADGRL2	incoming	TNK	0.0	0.0	1.0	1.0	False	False	0.0	other	False	False
GSE253013	GSE253013	FLRT2_ADGRL2	ADGRL	Cell-Cell Contact	FLRT2	ADGRL2	FLRT2	ADGRL2	incoming	TNK	0.0	0.0	1.0	1.0	False	False	0.0	other	False	False
GSE253013	GSE253013	FLRT3_ADGRL2	ADGRL	Cell-Cell Contact	FLRT3	ADGRL2	FLRT3	ADGRL2	incoming	TNK	0.0	0.0	1.0	1.0	False	False	0.0	other	False	False
GSE253013	GSE253013	TENM1_ADGRL2	ADGRL	Cell-Cell Contact	TENM1	ADGRL2	TENM1	ADGRL2	incoming	TNK	0.0	0.0	1.0	1.0	False	False	0.0	other	False	False
GSE253013	GSE253013	TENM2_ADGRL2	ADGRL	Cell-Cell Contact	TENM2	ADGRL2	TENM2	ADGRL2	incoming	TNK	0.0	0.0	1.0	1.0	False	False	0.0	other	False	False
GSE253013	GSE253013	TENM3_ADGRL2	ADGRL	Cell-Cell Contact	TENM3	ADGRL2	TENM3	ADGRL2	incoming	TNK	0.0	0.0	1.0	1.0	False	False	0.0	other	False	False
GSE253013	GSE253013	TENM4_ADGRL2	ADGRL	Cell-Cell Contact	TENM4	ADGRL2	TENM4	ADGRL2	incoming	TNK	0.0	0.0	1.0	1.0	False	False	0.0	other	False	False
GSE253013	GSE253013	FLRT1_ADGRL3	ADGRL	Cell-Cell Contact	FLRT1	ADGRL3	FLRT1	ADGRL3	incoming	TNK	0.0	0.0	1.0	1.0	False	False	0.0	other	False	False
GSE253013	GSE253013	FLRT2_ADGRL3	ADGRL	Cell-Cell Contact	FLRT2	ADGRL3	FLRT2	ADGRL3	incoming	TNK	0.0	0.0	1.0	1.0	False	False	0.0	other	False	False
GSE253013	GSE253013	FLRT3_ADGRL3	ADGRL	Cell-Cell Contact	FLRT3	ADGRL3	FLRT3	ADGRL3	incoming	TNK	0.0	0.0	1.0	1.0	False	False	0.0	other	False	False
GSE253013	GSE253013	TENM1_ADGRL3	ADGRL	Cell-Cell Contact	TENM1	ADGRL3	TENM1	ADGRL3	incoming	TNK	0.0	0.0	1.0	1.0	False	False	0.0	other	False	False
GSE253013	GSE253013	TENM2_ADGRL3	ADGRL	Cell-Cell Contact	TENM2	ADGRL3	TENM2	ADGRL3	incoming	TNK	0.0	0.0	1.0	1.0	False	False	0.0	other	False	False
GSE253013	GSE253013	TENM3_ADGRL3	ADGRL	Cell-Cell Contact	TENM3	ADGRL3	TENM3	ADGRL3	incoming	TNK	0.0	0.0	1.0	1.0	False	False	0.0	other	False	False
GSE253013	GSE253013	TENM4_ADGRL3	ADGRL	Cell-Cell Contact	TENM4	ADGRL3	TENM4	ADGRL3	incoming	TNK	0.0	0.0	1.0	1.0	False	False	0.0	other	False	False
GSE253013	GSE253013	UNC5A_ADGRL3	ADGRL	Cell-Cell Contact	UNC5A	ADGRL3	UNC5A	ADGRL3	incoming	TNK	0.0	0.0	1.0	1.0	False	False	0.0	other	False	False
GSE253013	GSE253013	FLRT1_FLRT1	FLRT	Cell-Cell Contact	FLRT1	FLRT1	FLRT1	FLRT1	incoming	TNK	0.0	0.0	1.0	1.0	False	False	0.0	other	False	False
GSE253013	GSE253013	FLRT2_FLRT2	FLRT	Cell-Cell Contact	FLRT2	FLRT2	FLRT2	FLRT2	incoming	TNK	0.0	0.0	1.0	1.0	False	False	0.0	other	False	False
GSE253013	GSE253013	FLRT3_FLRT3	FLRT	Cell-Cell Contact	FLRT3	FLRT3	FLRT3	FLRT3	incoming	TNK	0.0	0.0	1.0	1.0	False	False	0.0	other	False	False
GSE253013	GSE253013	FLRT1_UNC5A	UNC5	Cell-Cell Contact	FLRT1	UNC5A	FLRT1	UNC5A	incoming	TNK	0.0	0.0	1.0	1.0	False	False	0.0	other	False	False
GSE253013	GSE253013	FLRT2_UNC5A	UNC5	Cell-Cell Contact	FLRT2	UNC5A	FLRT2	UNC5A	incoming	TNK	0.0	0.0	1.0	1.0	False	False	0.0	other	False	False
GSE253013	GSE253013	FLRT3_UNC5A	UNC5	Cell-Cell Contact	FLRT3	UNC5A	FLRT3	UNC5A	incoming	TNK	0.0	0.0	1.0	1.0	False	False	0.0	other	False	False
GSE253013	GSE253013	FLRT1_UNC5B	UNC5	Cell-Cell Contact	FLRT1	UNC5B	FLRT1	UNC5B	incoming	TNK	0.0	0.0	1.0	1.0	False	False	0.0	other	False	False
GSE253013	GSE253013	FLRT2_UNC5B	UNC5	Cell-Cell Contact	FLRT2	UNC5B	FLRT2	UNC5B	incoming	TNK	0.0	0.0	1.0	1.0	False	False	0.0	other	False	False
GSE253013	GSE253013	FLRT3_UNC5B	UNC5	Cell-Cell Contact	FLRT3	UNC5B	FLRT3	UNC5B	incoming	TNK	0.0	0.0	1.0	1.0	False	False	0.0	other	False	False
GSE253013	GSE253013	FLRT1_UNC5C	UNC5	Cell-Cell Contact	FLRT1	UNC5C	FLRT1	UNC5C	incoming	TNK	0.0	0.0	1.0	1.0	False	False	0.0	other	False	False
GSE253013	GSE253013	FLRT2_UNC5C	UNC5	Cell-Cell Contact	FLRT2	UNC5C	FLRT2	UNC5C	incoming	TNK	0.0	0.0	1.0	1.0	False	False	0.0	other	False	False
GSE253013	GSE253013	FLRT3_UNC5C	UNC5	Cell-Cell Contact	FLRT3	UNC5C	FLRT3	UNC5C	incoming	TNK	0.0	0.0	1.0	1.0	False	False	0.0	other	False	False
GSE253013	GSE253013	FLRT1_UNC5D	UNC5	Cell-Cell Contact	FLRT1	UNC5D	FLRT1	UNC5D	incoming	TNK	0.0	0.0	1.0	1.0	False	False	0.0	other	False	False
GSE253013	GSE253013	FLRT2_UNC5D	UNC5	Cell-Cell Contact	FLRT2	UNC5D	FLRT2	UNC5D	incoming	TNK	0.0	0.0	1.0	1.0	False	False	0.0	other	False	False
GSE253013	GSE253013	FLRT3_UNC5D	UNC5	Cell-Cell Contact	FLRT3	UNC5D	FLRT3	UNC5D	incoming	TNK	0.0	0.0	1.0	1.0	False	False	0.0	other	False	False
GSE253013	GSE253013	AGT_AGTR2	AGT	Secreted Signaling	AGT	AGTR2	AGT	AGTR2	incoming	TNK	0.0	0.0	1.0	1.0	False	False	0.0	other	False	False
GSE253013	GSE253013	NRXN1_CLSTN1	NRXN	Cell-Cell Contact	NRXN1	CLSTN1	NRXN1	CLSTN1	incoming	TNK	0.0	0.0	1.0	1.0	False	False	0.0	other	False	False
GSE253013	GSE253013	NRXN2_CLSTN1	NRXN	Cell-Cell Contact	NRXN2	CLSTN1	NRXN2	CLSTN1	incoming	TNK	0.0	0.0	1.0	1.0	False	False	0.0	other	False	False
GSE253013	GSE253013	Q9HDB5_CLSTN1	NRXN	Cell-Cell Contact	NRXN3	CLSTN1	NRXN3	CLSTN1	incoming	TNK	0.0	0.0	1.0	1.0	False	False	0.0	other	False	False
GSE253013	GSE253013	NRXN1_CLSTN2	NRXN	Cell-Cell Contact	NRXN1	CLSTN2	NRXN1	CLSTN2	incoming	TNK	0.0	0.0	1.0	1.0	False	False	0.0	other	False	False
GSE253013	GSE253013	NRXN2_CLSTN2	NRXN	Cell-Cell Contact	NRXN2	CLSTN2	NRXN2	CLSTN2	incoming	TNK	0.0	0.0	1.0	1.0	False	False	0.0	other	False	False
GSE253013	GSE253013	Q9HDB5_CLSTN2	NRXN	Cell-Cell Contact	NRXN3	CLSTN2	NRXN3	CLSTN2	incoming	TNK	0.0	0.0	1.0	1.0	False	False	0.0	other	False	False
GSE253013	GSE253013	NRXN1_CLSTN3	NRXN	Cell-Cell Contact	NRXN1	CLSTN3	NRXN1	CLSTN3	incoming	TNK	0.0	0.0	1.0	1.0	False	False	0.0	other	False	False
GSE253013	GSE253013	NRXN2_CLSTN3	NRXN	Cell-Cell Contact	NRXN2	CLSTN3	NRXN2	CLSTN3	incoming	TNK	0.0	0.0	1.0	1.0	False	False	0.0	other	False	False
GSE253013	GSE253013	Q9HDB5_CLSTN3	NRXN	Cell-Cell Contact	NRXN3	CLSTN3	NRXN3	CLSTN3	incoming	TNK	0.0	0.0	1.0	1.0	False	False	0.0	other	False	False
GSE253013	GSE253013	NRXN1_DAG1	NRXN	Cell-Cell Contact	NRXN1	DAG1	NRXN1	DAG1	incoming	TNK	0.0	0.0	1.0	1.0	False	False	0.0	other	False	False
GSE253013	GSE253013	NRXN2_DAG1	NRXN	Cell-Cell Contact	NRXN2	DAG1	NRXN2	DAG1	incoming	TNK	0.0	0.0	1.0	1.0	False	False	0.0	other	False	False
GSE253013	GSE253013	CTSG_FPR1	CTSG	Secreted Signaling	CTSG	FPR1	CTSG	FPR1	incoming	TNK	0.0	0.0	1.0	1.0	False	False	0.0	other	False	False
GSE253013	GSE253013	ANXA1_FPR3	ANNEXIN	Secreted Signaling	ANXA1	FPR3	ANXA1	FPR3	incoming	TNK	0.0	0.0	1.0	1.0	False	False	0.0	other	False	False
GSE253013	GSE253013	GALP_GALR3	GALANIN	Secreted Signaling	GALP	GALR3	GALP	GALR3	incoming	TNK	0.0	0.0	1.0	1.0	False	False	0.0	other	False	False
GSE253013	GSE253013	LRFN4_PTPRD	PTPR	Cell-Cell Contact	LRFN4	PTPRD	LRFN4	PTPRD	incoming	TNK	0.0	0.0	1.0	1.0	False	False	0.0	other	False	False
GSE253013	GSE253013	LRFN4_PTPRF	PTPR	Cell-Cell Contact	LRFN4	PTPRF	LRFN4	PTPRF	incoming	TNK	0.0	0.0	1.0	1.0	False	False	0.0	other	False	False
GSE253013	GSE253013	LRFN4_PTPRS	PTPR	Cell-Cell Contact	LRFN4	PTPRS	LRFN4	PTPRS	incoming	TNK	0.0	0.0	1.0	1.0	False	False	0.0	other	False	False
GSE253013	GSE253013	LRFN5_PTPRD	PTPR	Cell-Cell Contact	LRFN5	PTPRD	LRFN5	PTPRD	incoming	TNK	0.0	0.0	1.0	1.0	False	False	0.0	other	False	False
GSE253013	GSE253013	LRFN5_PTPRF	PTPR	Cell-Cell Contact	LRFN5	PTPRF	LRFN5	PTPRF	incoming	TNK	0.0	0.0	1.0	1.0	False	False	0.0	other	False	False
GSE253013	GSE253013	LRFN5_PTPRS	PTPR	Cell-Cell Contact	LRFN5	PTPRS	LRFN5	PTPRS	incoming	TNK	0.0	0.0	1.0	1.0	False	False	0.0	other	False	False
GSE253013	GSE253013	LRRC4B_PTPRD	PTPR	Cell-Cell Contact	LRRC4B	PTPRD	LRRC4B	PTPRD	incoming	TNK	0.0	0.0	1.0	1.0	False	False	0.0	other	False	False
GSE253013	GSE253013	LRRC4B_PTPRS	PTPR	Cell-Cell Contact	LRRC4B	PTPRS	LRRC4B	PTPRS	incoming	TNK	0.0	0.0	1.0	1.0	False	False	0.0	other	False	False
GSE253013	GSE253013	LRRC4C_PTPRF	PTPR	Cell-Cell Contact	LRRC4C	PTPRF	LRRC4C	PTPRF	incoming	TNK	0.0	0.0	1.0	1.0	False	False	0.0	other	False	False
GSE253013	GSE253013	NRXN1_LRRTM1	NRXN	Cell-Cell Contact	NRXN1	LRRTM1	NRXN1	LRRTM1	incoming	TNK	0.0	0.0	1.0	1.0	False	False	0.0	other	False	False
GSE253013	GSE253013	NRXN2_LRRTM1	NRXN	Cell-Cell Contact	NRXN2	LRRTM1	NRXN2	LRRTM1	incoming	TNK	0.0	0.0	1.0	1.0	False	False	0.0	other	False	False
GSE253013	GSE253013	NRXN3_LRRTM1	NRXN	Cell-Cell Contact	NRXN3	LRRTM1	NRXN3	LRRTM1	incoming	TNK	0.0	0.0	1.0	1.0	False	False	0.0	other	False	False
GSE253013	GSE253013	NRXN1_LRRTM2	NRXN	Cell-Cell Contact	NRXN1	LRRTM2	NRXN1	LRRTM2	incoming	TNK	0.0	0.0	1.0	1.0	False	False	0.0	other	False	False
GSE253013	GSE253013	NRXN2_LRRTM2	NRXN	Cell-Cell Contact	NRXN2	LRRTM2	NRXN2	LRRTM2	incoming	TNK	0.0	0.0	1.0	1.0	False	False	0.0	other	False	False
GSE253013	GSE253013	NRXN3_LRRTM2	NRXN	Cell-Cell Contact	NRXN3	LRRTM2	NRXN3	LRRTM2	incoming	TNK	0.0	0.0	1.0	1.0	False	False	0.0	other	False	False
GSE253013	GSE253013	NRXN1_LRRTM3	NRXN	Cell-Cell Contact	NRXN1	LRRTM3	NRXN1	LRRTM3	incoming	TNK	0.0	0.0	1.0	1.0	False	False	0.0	other	False	False
GSE253013	GSE253013	NRXN2_LRRTM3	NRXN	Cell-Cell Contact	NRXN2	LRRTM3	NRXN2	LRRTM3	incoming	TNK	0.0	0.0	1.0	1.0	False	False	0.0	other	False	False
GSE253013	GSE253013	NRXN3_LRRTM3	NRXN	Cell-Cell Contact	NRXN3	LRRTM3	NRXN3	LRRTM3	incoming	TNK	0.0	0.0	1.0	1.0	False	False	0.0	other	False	False
GSE253013	GSE253013	NRXN1_LRRTM4	NRXN	Cell-Cell Contact	NRXN1	LRRTM4	NRXN1	LRRTM4	incoming	TNK	0.0	0.0	1.0	1.0	False	False	0.0	other	False	False
GSE253013	GSE253013	NRXN2_LRRTM4	NRXN	Cell-Cell Contact	NRXN2	LRRTM4	NRXN2	LRRTM4	incoming	TNK	0.0	0.0	1.0	1.0	False	False	0.0	other	False	False
GSE253013	GSE253013	NRXN3_LRRTM4	NRXN	Cell-Cell Contact	NRXN3	LRRTM4	NRXN3	LRRTM4	incoming	TNK	0.0	0.0	1.0	1.0	False	False	0.0	other	False	False
GSE253013	GSE253013	LRRTM4_PTPRS	PTPR	Cell-Cell Contact	PTPRS	LRRTM4	PTPRS	LRRTM4	incoming	TNK	0.0	0.0	1.0	1.0	False	False	0.0	other	False	False
GSE253013	GSE253013	GRP_NMBR	GRP	Secreted Signaling	GRP	NMBR	GRP	NMBR	incoming	TNK	0.0	0.0	1.0	1.0	False	False	0.0	other	False	False
GSE253013	GSE253013	PTPRS_NTRK3	PTPR	Secreted Signaling	PTPRS	NTRK3	PTPRS	NTRK3	incoming	TNK	0.0	0.0	1.0	1.0	False	False	0.0	other	False	False
GSE253013	GSE253013	VIP_SCTR	VIP	Secreted Signaling	VIP	SCTR	VIP	SCTR	incoming	TNK	0.0	0.0	1.0	1.0	False	False	0.0	other	False	False
GSE253013	GSE253013	SLITRK1_PTPRD	SLITRK	Secreted Signaling	SLITRK1	PTPRD	SLITRK1	PTPRD	incoming	TNK	0.0	0.0	1.0	1.0	False	False	0.0	other	False	False
GSE253013	GSE253013	SLITRK1_PTPRS	SLITRK	Secreted Signaling	SLITRK1	PTPRS	SLITRK1	PTPRS	incoming	TNK	0.0	0.0	1.0	1.0	False	False	0.0	other	False	False
GSE253013	GSE253013	SLITRK2_PTPRD	SLITRK	Secreted Signaling	SLITRK2	PTPRD	SLITRK2	PTPRD	incoming	TNK	0.0	0.0	1.0	1.0	False	False	0.0	other	False	False
GSE253013	GSE253013	SLITRK2_PTPRS	SLITRK	Secreted Signaling	SLITRK2	PTPRS	SLITRK2	PTPRS	incoming	TNK	0.0	0.0	1.0	1.0	False	False	0.0	other	False	False
GSE253013	GSE253013	SLITRK3_PTPRD	SLITRK	Secreted Signaling	SLITRK3	PTPRD	SLITRK3	PTPRD	incoming	TNK	0.0	0.0	1.0	1.0	False	False	0.0	other	False	False
GSE253013	GSE253013	SLITRK4_PTPRS	SLITRK	Secreted Signaling	SLITRK4	PTPRS	SLITRK4	PTPRS	incoming	TNK	0.0	0.0	1.0	1.0	False	False	0.0	other	False	False
GSE253013	GSE253013	SLITRK5_PTPRS	SLITRK	Secreted Signaling	SLITRK5	PTPRS	SLITRK5	PTPRS	incoming	TNK	0.0	0.0	1.0	1.0	False	False	0.0	other	False	False
GSE253013	GSE253013	SLITRK6_PTPRS	SLITRK	Secreted Signaling	SLITRK6	PTPRS	SLITRK6	PTPRS	incoming	TNK	0.0	0.0	1.0	1.0	False	False	0.0	other	False	False
GSE253013	GSE253013	APP_SORL1	APP	Cell-Cell Contact	APP	SORL1	APP	SORL1	incoming	TNK	0.0	0.0	1.0	1.0	False	False	0.0	other	False	False
GSE253013	GSE253013	APP_TNFRSF21	APP	Cell-Cell Contact	APP	TNFRSF21	APP	TNFRSF21	incoming	TNK	0.0	0.0	1.0	1.0	False	False	0.0	other	False	False
GSE253013	GSE253013	ENTPD1_ADORA3	CD39	Cell-Cell Contact	ADORA3	ENTPD1	ADORA3	ENTPD1	incoming	TNK	0.0	0.0	1.0	1.0	False	False	0.0	other	False	False
GSE253013	GSE253013	APOA1_ABCA1	ApoA	Cell-Cell Contact	APOA1	ABCA1	APOA1	ABCA1	incoming	TNK	0.0	0.0	1.0	1.0	False	False	0.0	other	False	False
GSE253013	GSE253013	APOB_APOBR	ApoB	Cell-Cell Contact	APOB	APOBR	APOB	APOBR	incoming	TNK	0.0	0.0	1.0	1.0	False	False	0.0	other	False	False
GSE253013	GSE253013	BDNF_SORT1	NT	Secreted Signaling	BDNF	SORT1	BDNF	SORT1	incoming	TNK	0.0	0.0	1.0	1.0	False	False	0.0	other	False	False
GSE253013	GSE253013	BDNF_NGFR	NT	Secreted Signaling	BDNF	NGFR	BDNF	NGFR	incoming	TNK	0.0	0.0	1.0	1.0	False	False	0.0	other	False	False
GSE253013	GSE253013	CD160_TNFRSF14	CD160	Cell-Cell Contact	CD160	TNFRSF14	CD160	TNFRSF14	incoming	TNK	0.0	0.0	1.0	1.0	False	False	0.0	other	False	False
GSE253013	GSE253013	CADM1_NECTIN3	CADM	Cell-Cell Contact	CADM1	NECTIN3	CADM1	NECTIN3	incoming	TNK	0.0	0.0	1.0	1.0	False	False	0.0	barrier	False	False
GSE253013	GSE253013	CADM3_CADM1	CADM	Cell-Cell Contact	CADM3	CADM1	CADM3	CADM1	incoming	TNK	0.0	0.0	1.0	1.0	False	False	0.0	other	False	False
GSE253013	GSE253013	CADM3_CADM4	CADM	Cell-Cell Contact	CADM3	CADM4	CADM3	CADM4	incoming	TNK	0.0	0.0	1.0	1.0	False	False	0.0	other	False	False
GSE253013	GSE253013	CADM3_EPB41L1	CADM	Cell-Cell Contact	CADM3	EPB41L1	CADM3	EPB41L1	incoming	TNK	0.0	0.0	1.0	1.0	False	False	0.0	other	False	False
GSE253013	GSE253013	CADM3_NECTIN3	CADM	Cell-Cell Contact	CADM3	NECTIN3	CADM3	NECTIN3	incoming	TNK	0.0	0.0	1.0	1.0	False	False	0.0	other	False	False
GSE253013	GSE253013	CD276_TREML2	CD276	Cell-Cell Contact	CD276	TREML2	CD276	TREML2	incoming	TNK	0.0	0.0	1.0	1.0	False	False	0.0	inhibitory	False	False
GSE253013	GSE253013	CD99_PILRB	CD99	Cell-Cell Contact	CD99	PILRB	CD99	PILRB	incoming	TNK	0.0	0.0	1.0	1.0	False	False	0.0	other	False	False
GSE253013	GSE253013	CEACAM1_CEACAM6	CEACAM	Cell-Cell Contact	CEACAM1	CEACAM6	CEACAM1	CEACAM6	incoming	TNK	0.0	0.0	1.0	1.0	False	False	0.0	barrier	False	False
GSE253013	GSE253013	CEACAM1_CEACAM8	CEACAM	Cell-Cell Contact	CEACAM1	CEACAM8	CEACAM1	CEACAM8	incoming	TNK	0.0	0.0	1.0	1.0	False	False	0.0	barrier	False	False
GSE253013	GSE253013	CEACAM5_CEACAM6	CEACAM	Cell-Cell Contact	CEACAM5	CEACAM6	CEACAM5	CEACAM6	incoming	TNK	0.0	0.0	1.0	1.0	False	False	0.0	barrier	False	False
GSE253013	GSE253013	CEACAM6_CEACAM6	CEACAM	Cell-Cell Contact	CEACAM6	CEACAM6	CEACAM6	CEACAM6	incoming	TNK	0.0	0.0	1.0	1.0	False	False	0.0	barrier	False	False
GSE253013	GSE253013	CEACAM8_CEACAM6	CEACAM	Cell-Cell Contact	CEACAM8	CEACAM6	CEACAM8	CEACAM6	incoming	TNK	0.0	0.0	1.0	1.0	False	False	0.0	other	False	False
GSE253013	GSE253013	CNTN1_NOTCH1	CNTN	Cell-Cell Contact	CNTN1	NOTCH1	CNTN1	NOTCH1	incoming	TNK	0.0	0.0	1.0	1.0	False	False	0.0	other	False	False
GSE253013	GSE253013	CNTN1_NOTCH2	CNTN	Cell-Cell Contact	CNTN1	NOTCH2	CNTN1	NOTCH2	incoming	TNK	0.0	0.0	1.0	1.0	False	False	0.0	other	False	False
GSE253013	GSE253013	CRTAM_CADM1	CADM	Cell-Cell Contact	CRTAM	CADM1	CRTAM	CADM1	incoming	TNK	1.206197195335375e-07	5.123037309624761e-07	0.9801980198019802	0.0297029702970297	False	True	-3.9168401142893856e-07	other	True	True
GSE253013	GSE253013	IGFBP3_TMEM219	IGFBP	Secreted Signaling	IGFBP3	TMEM219	IGFBP3	TMEM219	incoming	TNK	0.0	0.0	1.0	1.0	False	False	0.0	other	False	False
GSE253013	GSE253013	LAIR1_LILRB4	LAIR1	Cell-Cell Contact	LAIR1	LILRB4	LAIR1	LILRB4	incoming	TNK	0.0	0.0	1.0	1.0	False	False	0.0	other	False	False
GSE253013	GSE253013	LGALS9_P4HB	GALECTIN	Secreted Signaling	LGALS9	P4HB	LGALS9	P4HB	incoming	TNK	0.0	0.0	1.0	1.0	False	False	0.0	inhibitory	False	False
GSE253013	GSE253013	NTN1_DCC	Netrin	Cell-Cell Contact	NTN1	DCC	NTN1	DCC	incoming	TNK	0.0	0.0	1.0	1.0	False	False	0.0	other	False	False
GSE253013	GSE253013	NTN1_DSCAM	Netrin	Cell-Cell Contact	NTN1	DSCAM	NTN1	DSCAM	incoming	TNK	0.0	0.0	1.0	1.0	False	False	0.0	other	False	False
GSE253013	GSE253013	NTN1_UNC5A	Netrin	Cell-Cell Contact	NTN1	UNC5A	NTN1	UNC5A	incoming	TNK	0.0	0.0	1.0	1.0	False	False	0.0	other	False	False
GSE253013	GSE253013	NTN1_UNC5B	Netrin	Cell-Cell Contact	NTN1	UNC5B	NTN1	UNC5B	incoming	TNK	0.0	0.0	1.0	1.0	False	False	0.0	other	False	False
GSE253013	GSE253013	NTN1_UNC5C	Netrin	Cell-Cell Contact	NTN1	UNC5C	NTN1	UNC5C	incoming	TNK	0.0	0.0	1.0	1.0	False	False	0.0	other	False	False
GSE253013	GSE253013	NTN4_NTRK2	Netrin	Cell-Cell Contact	NTN4	NTRK2	NTN4	NTRK2	incoming	TNK	0.0	0.0	1.0	1.0	False	False	0.0	other	False	False
GSE253013	GSE253013	NTN4_UNC5B	Netrin	Cell-Cell Contact	NTN4	UNC5B	NTN4	UNC5B	incoming	TNK	0.0	0.0	1.0	1.0	False	False	0.0	other	False	False
GSE253013	GSE253013	NTN4_UNC5D	Netrin	Cell-Cell Contact	NTN4	UNC5D	NTN4	UNC5D	incoming	TNK	0.0	0.0	1.0	1.0	False	False	0.0	other	False	False
GSE253013	GSE253013	NTS_SORT1	NTS	Secreted Signaling	NTS	SORT1	NTS	SORT1	incoming	TNK	0.0	0.0	1.0	1.0	False	False	0.0	other	False	False
GSE253013	GSE253013	NTF3_NGFR	NT	Secreted Signaling	NTF3	NGFR	NTF3	NGFR	incoming	TNK	0.0	0.0	1.0	1.0	False	False	0.0	other	False	False
GSE253013	GSE253013	NTF5_NGFR	NT	Secreted Signaling	NTF4	NGFR	NTF4	NGFR	incoming	TNK	0.0	0.0	1.0	1.0	False	False	0.0	other	False	False
GSE253013	GSE253013	CD200_CD200R1L	CD200	Cell-Cell Contact	CD200	CD200R1	CD200	CD200R1	incoming	TNK	0.0	0.0	1.0	1.0	False	False	0.0	other	False	False
GSE253013	GSE253013	PECAM1_CD177	PECAM1	Cell-Cell Contact	PECAM1	CD177	PECAM1	CD177	incoming	TNK	0.0	0.0	1.0	1.0	False	False	0.0	other	False	False
GSE253013	GSE253013	PECAM1_CD38	PECAM2	Cell-Cell Contact	PECAM1	CD38	PECAM1	CD38	incoming	TNK	0.0	0.0	1.0	1.0	False	False	0.0	other	False	False
GSE253013	GSE253013	PPIA_BSG	CypA	Secreted Signaling	PPIA	BSG	PPIA	BSG	incoming	TNK	0.807661161831324	0.7854444356835241	0.009900990099009901	1.0	True	False	0.022216726147799903	other	True	True
GSE253013	GSE253013	PROC_PROCR	PROC	Secreted Signaling	PROC	PROCR	PROC	PROCR	incoming	TNK	0.0	0.0	1.0	1.0	False	False	0.0	other	False	False
GSE253013	GSE253013	RELN_LRP8	RELN	ECM-Receptor	RELN	LRP8	RELN	LRP8	incoming	TNK	0.0	0.0	1.0	1.0	False	False	0.0	other	False	False
GSE253013	GSE253013	RELN_VLDLR	RELN	ECM-Receptor	RELN	VLDLR	RELN	VLDLR	incoming	TNK	0.0	0.0	1.0	1.0	False	False	0.0	other	False	False
GSE253013	GSE253013	RBP4_STRA6	RBP4	Secreted Signaling	RBP4	STRA6	RBP4	STRA6	incoming	TNK	0.0	0.0	1.0	1.0	False	False	0.0	other	False	False
GSE253013	GSE253013	SIRPG_CD47	SIRP	Cell-Cell Contact	SIRPG	CD47	SIRPG	CD47	incoming	TNK	0.13798307450362532	0.07169100844926682	0.009900990099009901	1.0	True	False	0.0662920660543585	other	True	True
GSE253013	GSE253013	SLIT1_ROBO1	SLIT	Secreted Signaling	SLIT1	ROBO1	SLIT1	ROBO1	incoming	TNK	0.0	0.0	1.0	1.0	False	False	0.0	other	False	False
GSE253013	GSE253013	SLIT2_ROBO1	SLIT	Secreted Signaling	SLIT2	ROBO1	SLIT2	ROBO1	incoming	TNK	0.0	0.0	1.0	1.0	False	False	0.0	other	False	False
GSE253013	GSE253013	SLIT2_ROBO2	SLIT	Secreted Signaling	SLIT2	ROBO2	SLIT2	ROBO2	incoming	TNK	0.0	0.0	1.0	1.0	False	False	0.0	other	False	False
GSE253013	GSE253013	TULP1_TYRO3	TULP	Secreted Signaling	TULP1	TYRO3	TULP1	TYRO3	incoming	TNK	0.0	0.0	1.0	1.0	False	False	0.0	other	False	False
GSE253013	GSE253013	TULP2_TYRO3	TULP	Secreted Signaling	TULP2	TYRO3	TULP2	TYRO3	incoming	TNK	0.0	0.0	1.0	1.0	False	False	0.0	other	False	False
GSE253013	GSE253013	TULP1_AXL	TULP	Secreted Signaling	TULP1	AXL	TULP1	AXL	incoming	TNK	0.0	0.0	1.0	1.0	False	False	0.0	other	False	False
GSE253013	GSE253013	TULP1_MERTK	TULP	Secreted Signaling	TULP1	MERTK	TULP1	MERTK	incoming	TNK	0.0	0.0	1.0	1.0	False	False	0.0	other	False	False
GSE253013	GSE253013	TUB_MERTK	TULP	Secreted Signaling	TUB	MERTK	TUB	MERTK	incoming	TNK	0.0	0.0	1.0	1.0	False	False	0.0	other	False	False
GSE253013	GSE253013	PROS1_MERTK	PROS	Secreted Signaling	PROS1	MERTK	PROS1	MERTK	incoming	TNK	0.0	0.0	1.0	1.0	False	False	0.0	other	False	False
GSE253013	GSE253013	PLAU_PLAUR	PLAU	Secreted Signaling	PLAU	PLAUR	PLAU	PLAUR	incoming	TNK	0.0	0.0	1.0	1.0	False	False	0.0	other	False	False
GSE291670	GSE291670	GDF15_TGFBR2	GDF	Secreted Signaling	GDF15	TGFBR2	GDF15	TGFBR2	outgoing	TNK	0.0	0.0	1.0	1.0	False	False	0.0	other	False	False
GSE291670	GSE291670	WNT5A_FZD1	ncWNT	Secreted Signaling	WNT5A	FZD1	WNT5A	FZD1	outgoing	TNK	0.0	0.0	1.0	1.0	False	False	0.0	other	False	False
GSE291670	GSE291670	WNT5A_FZD10	ncWNT	Secreted Signaling	WNT5A	FZD10	WNT5A	FZD10	outgoing	TNK	0.0	0.0	1.0	1.0	False	False	0.0	other	False	False
GSE291670	GSE291670	WNT5A_FZD2	ncWNT	Secreted Signaling	WNT5A	FZD2	WNT5A	FZD2	outgoing	TNK	0.0	0.0	1.0	1.0	False	False	0.0	other	False	False
GSE291670	GSE291670	WNT5A_FZD3	ncWNT	Secreted Signaling	WNT5A	FZD3	WNT5A	FZD3	outgoing	TNK	0.0	0.0	1.0	1.0	False	False	0.0	other	False	False
GSE291670	GSE291670	WNT5A_FZD4	ncWNT	Secreted Signaling	WNT5A	FZD4	WNT5A	FZD4	outgoing	TNK	0.0	0.0	1.0	1.0	False	False	0.0	other	False	False
GSE291670	GSE291670	WNT5A_FZD5	ncWNT	Secreted Signaling	WNT5A	FZD5	WNT5A	FZD5	outgoing	TNK	0.0	0.0	1.0	1.0	False	False	0.0	other	False	False
GSE291670	GSE291670	WNT5A_FZD6	ncWNT	Secreted Signaling	WNT5A	FZD6	WNT5A	FZD6	outgoing	TNK	0.0	0.0	1.0	1.0	False	False	0.0	other	False	False
GSE291670	GSE291670	WNT5A_FZD7	ncWNT	Secreted Signaling	WNT5A	FZD7	WNT5A	FZD7	outgoing	TNK	0.0	0.0	1.0	1.0	False	False	0.0	other	False	False
GSE291670	GSE291670	WNT5A_FZD8	ncWNT	Secreted Signaling	WNT5A	FZD8	WNT5A	FZD8	outgoing	TNK	0.0	0.0	1.0	1.0	False	False	0.0	other	False	False
GSE291670	GSE291670	WNT5A_FZD9	ncWNT	Secreted Signaling	WNT5A	FZD9	WNT5A	FZD9	outgoing	TNK	0.0	0.0	1.0	1.0	False	False	0.0	other	False	False
GSE291670	GSE291670	WNT5A_MCAM	ncWNT	Secreted Signaling	WNT5A	MCAM	WNT5A	MCAM	outgoing	TNK	0.0	0.0	1.0	1.0	False	False	0.0	other	False	False
GSE291670	GSE291670	WNT5B_FZD1	ncWNT	Secreted Signaling	WNT5B	FZD1	WNT5B	FZD1	outgoing	TNK	0.0	0.0	1.0	1.0	False	False	0.0	other	False	False
GSE291670	GSE291670	WNT5B_FZD10	ncWNT	Secreted Signaling	WNT5B	FZD10	WNT5B	FZD10	outgoing	TNK	0.0	0.0	1.0	1.0	False	False	0.0	other	False	False
GSE291670	GSE291670	WNT5B_FZD2	ncWNT	Secreted Signaling	WNT5B	FZD2	WNT5B	FZD2	outgoing	TNK	0.0	0.0	1.0	1.0	False	False	0.0	other	False	False
GSE291670	GSE291670	WNT5B_FZD3	ncWNT	Secreted Signaling	WNT5B	FZD3	WNT5B	FZD3	outgoing	TNK	0.0	0.0	1.0	1.0	False	False	0.0	other	False	False
GSE291670	GSE291670	WNT5B_FZD4	ncWNT	Secreted Signaling	WNT5B	FZD4	WNT5B	FZD4	outgoing	TNK	0.0	0.0	1.0	1.0	False	False	0.0	other	False	False
GSE291670	GSE291670	WNT5B_FZD5	ncWNT	Secreted Signaling	WNT5B	FZD5	WNT5B	FZD5	outgoing	TNK	0.0	0.0	1.0	1.0	False	False	0.0	other	False	False
GSE291670	GSE291670	WNT5B_FZD6	ncWNT	Secreted Signaling	WNT5B	FZD6	WNT5B	FZD6	outgoing	TNK	0.001722015369521004	0.0	0.0297029702970297	1.0	True	False	0.001722015369521004	other	True	True
GSE291670	GSE291670	WNT5B_FZD7	ncWNT	Secreted Signaling	WNT5B	FZD7	WNT5B	FZD7	outgoing	TNK	0.0	0.0	1.0	1.0	False	False	0.0	other	False	False
GSE291670	GSE291670	WNT5B_FZD8	ncWNT	Secreted Signaling	WNT5B	FZD8	WNT5B	FZD8	outgoing	TNK	0.0	0.0	1.0	1.0	False	False	0.0	other	False	False
GSE291670	GSE291670	WNT5B_FZD9	ncWNT	Secreted Signaling	WNT5B	FZD9	WNT5B	FZD9	outgoing	TNK	0.0	0.0	1.0	1.0	False	False	0.0	other	False	False
GSE291670	GSE291670	WNT11_FZD1	ncWNT	Secreted Signaling	WNT11	FZD1	WNT11	FZD1	outgoing	TNK	0.0	0.0	1.0	1.0	False	False	0.0	other	False	False
GSE291670	GSE291670	WNT11_FZD10	ncWNT	Secreted Signaling	WNT11	FZD10	WNT11	FZD10	outgoing	TNK	0.0	0.0	1.0	1.0	False	False	0.0	other	False	False
GSE291670	GSE291670	WNT11_FZD2	ncWNT	Secreted Signaling	WNT11	FZD2	WNT11	FZD2	outgoing	TNK	0.0	0.0	1.0	1.0	False	False	0.0	other	False	False
GSE291670	GSE291670	WNT11_FZD3	ncWNT	Secreted Signaling	WNT11	FZD3	WNT11	FZD3	outgoing	TNK	0.0	0.0	1.0	1.0	False	False	0.0	other	False	False
GSE291670	GSE291670	WNT11_FZD4	ncWNT	Secreted Signaling	WNT11	FZD4	WNT11	FZD4	outgoing	TNK	0.0	0.0	1.0	1.0	False	False	0.0	other	False	False
GSE291670	GSE291670	WNT11_FZD5	ncWNT	Secreted Signaling	WNT11	FZD5	WNT11	FZD5	outgoing	TNK	0.0	0.0	1.0	1.0	False	False	0.0	other	False	False
GSE291670	GSE291670	WNT11_FZD6	ncWNT	Secreted Signaling	WNT11	FZD6	WNT11	FZD6	outgoing	TNK	0.0	0.0	1.0	1.0	False	False	0.0	other	False	False
GSE291670	GSE291670	WNT11_FZD7	ncWNT	Secreted Signaling	WNT11	FZD7	WNT11	FZD7	outgoing	TNK	0.0	0.0	1.0	1.0	False	False	0.0	other	False	False
GSE291670	GSE291670	WNT11_FZD8	ncWNT	Secreted Signaling	WNT11	FZD8	WNT11	FZD8	outgoing	TNK	0.0	0.0	1.0	1.0	False	False	0.0	other	False	False
GSE291670	GSE291670	WNT11_FZD9	ncWNT	Secreted Signaling	WNT11	FZD9	WNT11	FZD9	outgoing	TNK	0.0	0.0	1.0	1.0	False	False	0.0	other	False	False
GSE291670	GSE291670	EGF_EGFR	EGF	Secreted Signaling	EGF	EGFR	EGF	EGFR	outgoing	TNK	0.0	0.0	1.0	1.0	False	False	0.0	other	False	False
GSE291670	GSE291670	TGFA_EGFR	EGF	Secreted Signaling	TGFA	EGFR	TGFA	EGFR	outgoing	TNK	0.03716954110095951	0.0	0.009900990099009901	1.0	True	False	0.03716954110095951	other	True	True
GSE291670	GSE291670	AREG_EGFR	EGF	Secreted Signaling	AREG	EGFR	AREG	EGFR	outgoing	TNK	0.007232030490290522	0.0	0.009900990099009901	1.0	True	False	0.007232030490290522	other	True	True
GSE291670	GSE291670	BTC_EGFR	EGF	Secreted Signaling	BTC	EGFR	BTC	EGFR	outgoing	TNK	0.0	0.0	1.0	1.0	False	False	0.0	other	False	False
GSE291670	GSE291670	BTC_ERBB4	EGF	Secreted Signaling	BTC	ERBB4	BTC	ERBB4	outgoing	TNK	0.0	0.0	1.0	1.0	False	False	0.0	other	False	False
GSE291670	GSE291670	HBEGF_EGFR	EGF	Secreted Signaling	HBEGF	EGFR	HBEGF	EGFR	outgoing	TNK	0.003702453099936982	0.0	0.009900990099009901	1.0	True	False	0.003702453099936982	other	True	True
GSE291670	GSE291670	HBEGF_ERBB4	EGF	Secreted Signaling	HBEGF	ERBB4	HBEGF	ERBB4	outgoing	TNK	0.007128451299945984	0.0	0.009900990099009901	1.0	True	False	0.007128451299945984	other	True	True
GSE291670	GSE291670	EREG_EGFR	EGF	Secreted Signaling	EREG	EGFR	EREG	EGFR	outgoing	TNK	0.0	0.0	1.0	1.0	False	False	0.0	other	False	False
GSE291670	GSE291670	EREG_ERBB4	EGF	Secreted Signaling	EREG	ERBB4	EREG	ERBB4	outgoing	TNK	0.0	0.0	1.0	1.0	False	False	0.0	other	False	False
GSE291670	GSE291670	NRG1_ERBB3	NRG	Secreted Signaling	NRG1	ERBB3	NRG1	ERBB3	outgoing	TNK	0.0	0.0	1.0	1.0	False	False	0.0	other	False	False
GSE291670	GSE291670	NRG1_ERBB4	NRG	Secreted Signaling	NRG1	ERBB4	NRG1	ERBB4	outgoing	TNK	0.4034021491937669	0.3791712309255999	0.22772277227722773	0.7821782178217822	False	False	0.02423091826816698	other	False	False
GSE291670	GSE291670	NRG2_ERBB3	NRG	Secreted Signaling	NRG2	ERBB3	NRG2	ERBB3	outgoing	TNK	0.0	0.0	1.0	1.0	False	False	0.0	other	False	False
GSE291670	GSE291670	NRG2_ERBB4	NRG	Secreted Signaling	NRG2	ERBB4	NRG2	ERBB4	outgoing	TNK	0.0	0.0	1.0	1.0	False	False	0.0	other	False	False
GSE291670	GSE291670	NRG3_ERBB4	NRG	Secreted Signaling	NRG3	ERBB4	NRG3	ERBB4	outgoing	TNK	0.19672196320175026	0.2901432712774988	1.0	0.009900990099009901	False	True	-0.09342130807574853	other	True	True
GSE291670	GSE291670	NRG4_ERBB4	NRG	Secreted Signaling	NRG4	ERBB4	NRG4	ERBB4	outgoing	TNK	0.0	0.0	1.0	1.0	False	False	0.0	other	False	False
GSE291670	GSE291670	FGF1_FGFR1	FGF	Secreted Signaling	FGF1	FGFR1	FGF1	FGFR1	outgoing	TNK	0.0	0.0	1.0	1.0	False	False	0.0	other	False	False
GSE291670	GSE291670	FGF1_FGFR2	FGF	Secreted Signaling	FGF1	FGFR2	FGF1	FGFR2	outgoing	TNK	0.0	0.0	1.0	1.0	False	False	0.0	other	False	False
GSE291670	GSE291670	FGF1_FGFR3	FGF	Secreted Signaling	FGF1	FGFR3	FGF1	FGFR3	outgoing	TNK	0.0	0.0	1.0	1.0	False	False	0.0	other	False	False
GSE291670	GSE291670	FGF1_FGFR4	FGF	Secreted Signaling	FGF1	FGFR4	FGF1	FGFR4	outgoing	TNK	0.0	0.0	1.0	1.0	False	False	0.0	other	False	False
GSE291670	GSE291670	FGF2_FGFR1	FGF	Secreted Signaling	FGF2	FGFR1	FGF2	FGFR1	outgoing	TNK	0.0	0.0	1.0	1.0	False	False	0.0	other	False	False
GSE291670	GSE291670	FGF2_FGFR2	FGF	Secreted Signaling	FGF2	FGFR2	FGF2	FGFR2	outgoing	TNK	0.0	0.0	1.0	1.0	False	False	0.0	other	False	False
GSE291670	GSE291670	FGF2_FGFR3	FGF	Secreted Signaling	FGF2	FGFR3	FGF2	FGFR3	outgoing	TNK	0.0	0.0	1.0	1.0	False	False	0.0	other	False	False
GSE291670	GSE291670	FGF2_FGFR4	FGF	Secreted Signaling	FGF2	FGFR4	FGF2	FGFR4	outgoing	TNK	0.0	0.0	1.0	1.0	False	False	0.0	other	False	False
GSE291670	GSE291670	FGF4_FGFR1	FGF	Secreted Signaling	FGF4	FGFR1	FGF4	FGFR1	outgoing	TNK	0.0	0.0	1.0	1.0	False	False	0.0	other	False	False
GSE291670	GSE291670	FGF4_FGFR2	FGF	Secreted Signaling	FGF4	FGFR2	FGF4	FGFR2	outgoing	TNK	0.0	0.0	1.0	1.0	False	False	0.0	other	False	False
GSE291670	GSE291670	FGF4_FGFR3	FGF	Secreted Signaling	FGF4	FGFR3	FGF4	FGFR3	outgoing	TNK	0.0	0.0	1.0	1.0	False	False	0.0	other	False	False
GSE291670	GSE291670	FGF4_FGFR4	FGF	Secreted Signaling	FGF4	FGFR4	FGF4	FGFR4	outgoing	TNK	0.0	0.0	1.0	1.0	False	False	0.0	other	False	False
GSE291670	GSE291670	FGF5_FGFR1	FGF	Secreted Signaling	FGF5	FGFR1	FGF5	FGFR1	outgoing	TNK	0.0	0.0	1.0	1.0	False	False	0.0	other	False	False
GSE291670	GSE291670	FGF5_FGFR2	FGF	Secreted Signaling	FGF5	FGFR2	FGF5	FGFR2	outgoing	TNK	0.0	0.0	1.0	1.0	False	False	0.0	other	False	False
GSE291670	GSE291670	FGF5_FGFR3	FGF	Secreted Signaling	FGF5	FGFR3	FGF5	FGFR3	outgoing	TNK	0.0	0.0	1.0	1.0	False	False	0.0	other	False	False
GSE291670	GSE291670	FGF5_FGFR4	FGF	Secreted Signaling	FGF5	FGFR4	FGF5	FGFR4	outgoing	TNK	0.0	0.0	1.0	1.0	False	False	0.0	other	False	False
GSE291670	GSE291670	FGF6_FGFR1	FGF	Secreted Signaling	FGF6	FGFR1	FGF6	FGFR1	outgoing	TNK	0.0	0.0	1.0	1.0	False	False	0.0	other	False	False
GSE291670	GSE291670	FGF6_FGFR2	FGF	Secreted Signaling	FGF6	FGFR2	FGF6	FGFR2	outgoing	TNK	0.0	0.0	1.0	1.0	False	False	0.0	other	False	False
GSE291670	GSE291670	FGF6_FGFR3	FGF	Secreted Signaling	FGF6	FGFR3	FGF6	FGFR3	outgoing	TNK	0.0	0.0	1.0	1.0	False	False	0.0	other	False	False
GSE291670	GSE291670	FGF6_FGFR4	FGF	Secreted Signaling	FGF6	FGFR4	FGF6	FGFR4	outgoing	TNK	0.0	0.0	1.0	1.0	False	False	0.0	other	False	False
GSE291670	GSE291670	FGF7_FGFR1	FGF	Secreted Signaling	FGF7	FGFR1	FGF7	FGFR1	outgoing	TNK	0.0	0.0	1.0	1.0	False	False	0.0	other	False	False
GSE291670	GSE291670	FGF7_FGFR2	FGF	Secreted Signaling	FGF7	FGFR2	FGF7	FGFR2	outgoing	TNK	0.0	0.0	1.0	1.0	False	False	0.0	other	False	False
GSE291670	GSE291670	FGF3_FGFR1	FGF	Secreted Signaling	FGF3	FGFR1	FGF3	FGFR1	outgoing	TNK	0.0	0.0	1.0	1.0	False	False	0.0	other	False	False
GSE291670	GSE291670	FGF3_FGFR2	FGF	Secreted Signaling	FGF3	FGFR2	FGF3	FGFR2	outgoing	TNK	0.0	0.0	1.0	1.0	False	False	0.0	other	False	False
GSE291670	GSE291670	FGF10_FGFR1	FGF	Secreted Signaling	FGF10	FGFR1	FGF10	FGFR1	outgoing	TNK	0.0	0.0	1.0	1.0	False	False	0.0	other	False	False
GSE291670	GSE291670	FGF10_FGFR2	FGF	Secreted Signaling	FGF10	FGFR2	FGF10	FGFR2	outgoing	TNK	0.0	0.0	1.0	1.0	False	False	0.0	other	False	False
GSE291670	GSE291670	FGF22_FGFR2	FGF	Secreted Signaling	FGF22	FGFR2	FGF22	FGFR2	outgoing	TNK	0.0	0.0	1.0	1.0	False	False	0.0	other	False	False
GSE291670	GSE291670	FGF8_FGFR1	FGF	Secreted Signaling	FGF8	FGFR1	FGF8	FGFR1	outgoing	TNK	0.0	0.0	1.0	1.0	False	False	0.0	other	False	False
GSE291670	GSE291670	FGF8_FGFR2	FGF	Secreted Signaling	FGF8	FGFR2	FGF8	FGFR2	outgoing	TNK	0.0	0.0	1.0	1.0	False	False	0.0	other	False	False
GSE291670	GSE291670	FGF8_FGFR3	FGF	Secreted Signaling	FGF8	FGFR3	FGF8	FGFR3	outgoing	TNK	0.0	0.0	1.0	1.0	False	False	0.0	other	False	False
GSE291670	GSE291670	FGF8_FGFR4	FGF	Secreted Signaling	FGF8	FGFR4	FGF8	FGFR4	outgoing	TNK	0.0	0.0	1.0	1.0	False	False	0.0	other	False	False
GSE291670	GSE291670	FGF17_FGFR1	FGF	Secreted Signaling	FGF17	FGFR1	FGF17	FGFR1	outgoing	TNK	0.0	0.0	1.0	1.0	False	False	0.0	other	False	False
GSE291670	GSE291670	FGF17_FGFR2	FGF	Secreted Signaling	FGF17	FGFR2	FGF17	FGFR2	outgoing	TNK	0.0	0.0	1.0	1.0	False	False	0.0	other	False	False
GSE291670	GSE291670	FGF17_FGFR3	FGF	Secreted Signaling	FGF17	FGFR3	FGF17	FGFR3	outgoing	TNK	0.0	0.0	1.0	1.0	False	False	0.0	other	False	False
GSE291670	GSE291670	FGF17_FGFR4	FGF	Secreted Signaling	FGF17	FGFR4	FGF17	FGFR4	outgoing	TNK	0.0	0.0	1.0	1.0	False	False	0.0	other	False	False
GSE291670	GSE291670	FGF18_FGFR1	FGF	Secreted Signaling	FGF18	FGFR1	FGF18	FGFR1	outgoing	TNK	0.0	0.0	1.0	1.0	False	False	0.0	other	False	False
GSE291670	GSE291670	FGF18_FGFR2	FGF	Secreted Signaling	FGF18	FGFR2	FGF18	FGFR2	outgoing	TNK	0.0	0.0	1.0	1.0	False	False	0.0	other	False	False
GSE291670	GSE291670	FGF18_FGFR3	FGF	Secreted Signaling	FGF18	FGFR3	FGF18	FGFR3	outgoing	TNK	0.0	0.0	1.0	1.0	False	False	0.0	other	False	False
GSE291670	GSE291670	FGF18_FGFR4	FGF	Secreted Signaling	FGF18	FGFR4	FGF18	FGFR4	outgoing	TNK	0.0	0.0	1.0	1.0	False	False	0.0	other	False	False
GSE291670	GSE291670	FGF9_FGFR1	FGF	Secreted Signaling	FGF9	FGFR1	FGF9	FGFR1	outgoing	TNK	0.0	0.0	1.0	1.0	False	False	0.0	other	False	False
GSE291670	GSE291670	FGF9_FGFR2	FGF	Secreted Signaling	FGF9	FGFR2	FGF9	FGFR2	outgoing	TNK	0.0	0.0	1.0	1.0	False	False	0.0	other	False	False
GSE291670	GSE291670	FGF9_FGFR3	FGF	Secreted Signaling	FGF9	FGFR3	FGF9	FGFR3	outgoing	TNK	0.0	0.0	1.0	1.0	False	False	0.0	other	False	False
GSE291670	GSE291670	FGF9_FGFR4	FGF	Secreted Signaling	FGF9	FGFR4	FGF9	FGFR4	outgoing	TNK	0.0	0.0	1.0	1.0	False	False	0.0	other	False	False
GSE291670	GSE291670	FGF20_FGFR1	FGF	Secreted Signaling	FGF20	FGFR1	FGF20	FGFR1	outgoing	TNK	0.0	0.0	1.0	1.0	False	False	0.0	other	False	False
GSE291670	GSE291670	FGF20_FGFR2	FGF	Secreted Signaling	FGF20	FGFR2	FGF20	FGFR2	outgoing	TNK	0.0	0.0	1.0	1.0	False	False	0.0	other	False	False
GSE291670	GSE291670	FGF20_FGFR3	FGF	Secreted Signaling	FGF20	FGFR3	FGF20	FGFR3	outgoing	TNK	0.0	0.0	1.0	1.0	False	False	0.0	other	False	False
GSE291670	GSE291670	FGF20_FGFR4	FGF	Secreted Signaling	FGF20	FGFR4	FGF20	FGFR4	outgoing	TNK	0.0	0.0	1.0	1.0	False	False	0.0	other	False	False
GSE291670	GSE291670	FGF16_FGFR1	FGF	Secreted Signaling	FGF16	FGFR1	FGF16	FGFR1	outgoing	TNK	0.0	0.0	1.0	1.0	False	False	0.0	other	False	False
GSE291670	GSE291670	FGF16_FGFR2	FGF	Secreted Signaling	FGF16	FGFR2	FGF16	FGFR2	outgoing	TNK	0.0	0.0	1.0	1.0	False	False	0.0	other	False	False
GSE291670	GSE291670	FGF16_FGFR3	FGF	Secreted Signaling	FGF16	FGFR3	FGF16	FGFR3	outgoing	TNK	0.0	0.0	1.0	1.0	False	False	0.0	other	False	False
GSE291670	GSE291670	FGF16_FGFR4	FGF	Secreted Signaling	FGF16	FGFR4	FGF16	FGFR4	outgoing	TNK	0.0	0.0	1.0	1.0	False	False	0.0	other	False	False
GSE291670	GSE291670	FGF15_FGFR1	FGF	Secreted Signaling	FGF19	FGFR1	FGF19	FGFR1	outgoing	TNK	0.0	0.0	1.0	1.0	False	False	0.0	other	False	False
GSE291670	GSE291670	FGF15_FGFR2	FGF	Secreted Signaling	FGF19	FGFR2	FGF19	FGFR2	outgoing	TNK	0.0	0.0	1.0	1.0	False	False	0.0	other	False	False
GSE291670	GSE291670	FGF15_FGFR3	FGF	Secreted Signaling	FGF19	FGFR3	FGF19	FGFR3	outgoing	TNK	0.0	0.0	1.0	1.0	False	False	0.0	other	False	False
GSE291670	GSE291670	FGF15_FGFR4	FGF	Secreted Signaling	FGF19	FGFR4	FGF19	FGFR4	outgoing	TNK	0.0	0.0	1.0	1.0	False	False	0.0	other	False	False
GSE291670	GSE291670	FGF21_FGFR1	FGF	Secreted Signaling	FGF21	FGFR1	FGF21	FGFR1	outgoing	TNK	0.0	0.0	1.0	1.0	False	False	0.0	other	False	False
GSE291670	GSE291670	FGF21_FGFR3	FGF	Secreted Signaling	FGF21	FGFR3	FGF21	FGFR3	outgoing	TNK	0.0	0.0	1.0	1.0	False	False	0.0	other	False	False
GSE291670	GSE291670	FGF23_FGFR1	FGF	Secreted Signaling	FGF23	FGFR1	FGF23	FGFR1	outgoing	TNK	0.0	0.0	1.0	1.0	False	False	0.0	other	False	False
GSE291670	GSE291670	FGF23_FGFR3	FGF	Secreted Signaling	FGF23	FGFR3	FGF23	FGFR3	outgoing	TNK	0.0	0.0	1.0	1.0	False	False	0.0	other	False	False
GSE291670	GSE291670	FGF23_FGFR4	FGF	Secreted Signaling	FGF23	FGFR4	FGF23	FGFR4	outgoing	TNK	0.0	0.0	1.0	1.0	False	False	0.0	other	False	False
GSE291670	GSE291670	PDGFA_PDGFRA	PDGF	Secreted Signaling	PDGFA	PDGFRA	PDGFA	PDGFRA	outgoing	TNK	0.0	0.0	1.0	1.0	False	False	0.0	other	False	False
GSE291670	GSE291670	PDGFA_PDGFRB	PDGF	Secreted Signaling	PDGFA	PDGFRB	PDGFA	PDGFRB	outgoing	TNK	0.0	0.0	1.0	1.0	False	False	0.0	other	False	False
GSE291670	GSE291670	PDGFB_PDGFRA	PDGF	Secreted Signaling	PDGFB	PDGFRA	PDGFB	PDGFRA	outgoing	TNK	0.0	0.0	1.0	1.0	False	False	0.0	other	False	False
GSE291670	GSE291670	PDGFB_PDGFRB	PDGF	Secreted Signaling	PDGFB	PDGFRB	PDGFB	PDGFRB	outgoing	TNK	0.0	0.0	1.0	1.0	False	False	0.0	other	False	False
GSE291670	GSE291670	PDGFC_PDGFRA	PDGF	Secreted Signaling	PDGFC	PDGFRA	PDGFC	PDGFRA	outgoing	TNK	0.0	0.0	1.0	1.0	False	False	0.0	other	False	False
GSE291670	GSE291670	PDGFD_PDGFRB	PDGF	Secreted Signaling	PDGFD	PDGFRB	PDGFD	PDGFRB	outgoing	TNK	0.0	0.0	1.0	1.0	False	False	0.0	other	False	False
GSE291670	GSE291670	VEGFA_VEGFR1	VEGF	Secreted Signaling	VEGFA	FLT1	VEGFA	FLT1	outgoing	TNK	0.0	0.0	1.0	1.0	False	False	0.0	other	False	False
GSE291670	GSE291670	VEGFA_VEGFR2	VEGF	Secreted Signaling	VEGFA	KDR	VEGFA	KDR	outgoing	TNK	0.0	0.0	1.0	1.0	False	False	0.0	other	False	False
GSE291670	GSE291670	VEGFB_VEGFR1	VEGF	Secreted Signaling	VEGFB	FLT1	VEGFB	FLT1	outgoing	TNK	0.0	0.0	1.0	1.0	False	False	0.0	other	False	False
GSE291670	GSE291670	VEGFC_VEGFR3	VEGF	Secreted Signaling	VEGFC	FLT4	VEGFC	FLT4	outgoing	TNK	0.0	0.0	1.0	1.0	False	False	0.0	other	False	False
GSE291670	GSE291670	VEGFC_VEGFR2	VEGF	Secreted Signaling	VEGFC	KDR	VEGFC	KDR	outgoing	TNK	0.0	0.0	1.0	1.0	False	False	0.0	other	False	False
GSE291670	GSE291670	VEGFD_VEGFR3	VEGF	Secreted Signaling	VEGFD	FLT4	VEGFD	FLT4	outgoing	TNK	0.0	0.0	1.0	1.0	False	False	0.0	other	False	False
GSE291670	GSE291670	VEGFD_VEGFR2	VEGF	Secreted Signaling	VEGFD	KDR	VEGFD	KDR	outgoing	TNK	0.0	0.0	1.0	1.0	False	False	0.0	other	False	False
GSE291670	GSE291670	PGF_VEGFR1	VEGF	Secreted Signaling	PGF	FLT1	PGF	FLT1	outgoing	TNK	0.0	0.0	1.0	1.0	False	False	0.0	other	False	False
GSE291670	GSE291670	IGF1_IGF1R	IGF	Secreted Signaling	IGF1	IGF1R	IGF1	IGF1R	outgoing	TNK	0.0	0.0	1.0	1.0	False	False	0.0	other	False	False
GSE291670	GSE291670	IGF2_IGF1R	IGF	Secreted Signaling	IGF2	IGF1R	IGF2	IGF1R	outgoing	TNK	0.0	0.0	1.0	1.0	False	False	0.0	other	False	False
GSE291670	GSE291670	IGF2_IGF2R	IGF	Secreted Signaling	IGF2	IGF2R	IGF2	IGF2R	outgoing	TNK	0.0	0.0	1.0	1.0	False	False	0.0	other	False	False
GSE291670	GSE291670	IGFL3_IGFLR1	IGF	Secreted Signaling	IGFL3	IGFLR1	IGFL3	IGFLR1	outgoing	TNK	0.0	0.0	1.0	1.0	False	False	0.0	other	False	False
GSE291670	GSE291670	INS_INSSR	INSULIN	Secreted Signaling	INS	INSR	INS	INSR	outgoing	TNK	0.0	0.0	1.0	1.0	False	False	0.0	other	False	False
GSE291670	GSE291670	APLN_APLNR	APELIN	Secreted Signaling	APLN	APLNR	APLN	APLNR	outgoing	TNK	0.0	0.0	1.0	1.0	False	False	0.0	other	False	False
GSE291670	GSE291670	CCL5_CCR1	CCL	Secreted Signaling	CCL5	CCR1	CCL5	CCR1	outgoing	TNK	0.0	0.0	1.0	1.0	False	False	0.0	recruit	False	False
GSE291670	GSE291670	CCL3_CCR1	CCL	Secreted Signaling	CCL3	CCR1	CCL3	CCR1	outgoing	TNK	0.0	0.0	1.0	1.0	False	False	0.0	recruit	False	False
GSE291670	GSE291670	CCL3L1_CCR1	CCL	Secreted Signaling	CCL3L1	CCR1	CCL3L1	CCR1	outgoing	TNK	0.0	0.0	1.0	1.0	False	False	0.0	other	False	False
GSE291670	GSE291670	CCL3L3_CCR1	CCL	Secreted Signaling	CCL3L3	CCR1	CCL3L3	CCR1	outgoing	TNK	0.0	0.0	1.0	1.0	False	False	0.0	other	False	False
GSE291670	GSE291670	CCL8_CCR1	CCL	Secreted Signaling	CCL8	CCR1	CCL8	CCR1	outgoing	TNK	0.0	0.0	1.0	1.0	False	False	0.0	other	False	False
GSE291670	GSE291670	CCL7_CCR1	CCL	Secreted Signaling	CCL7	CCR1	CCL7	CCR1	outgoing	TNK	0.0	0.0	1.0	1.0	False	False	0.0	other	False	False
GSE291670	GSE291670	CCL13_CCR1	CCL	Secreted Signaling	CCL13	CCR1	CCL13	CCR1	outgoing	TNK	0.0	0.0	1.0	1.0	False	False	0.0	other	False	False
GSE291670	GSE291670	CCL14_CCR1	CCL	Secreted Signaling	CCL14	CCR1	CCL14	CCR1	outgoing	TNK	0.0	0.0	1.0	1.0	False	False	0.0	other	False	False
GSE291670	GSE291670	CCL15_CCR1	CCL	Secreted Signaling	CCL15	CCR1	CCL15	CCR1	outgoing	TNK	0.0	0.0	1.0	1.0	False	False	0.0	other	False	False
GSE291670	GSE291670	CCL16_CCR1	CCL	Secreted Signaling	CCL16	CCR1	CCL16	CCR1	outgoing	TNK	0.0	0.0	1.0	1.0	False	False	0.0	other	False	False
GSE291670	GSE291670	CCL23_CCR1	CCL	Secreted Signaling	CCL23	CCR1	CCL23	CCR1	outgoing	TNK	0.0	0.0	1.0	1.0	False	False	0.0	other	False	False
GSE291670	GSE291670	CCL8_CCR2	CCL	Secreted Signaling	CCL8	CCR2	CCL8	CCR2	outgoing	TNK	0.0	0.0	1.0	1.0	False	False	0.0	other	False	False
GSE291670	GSE291670	CCL7_CCR2	CCL	Secreted Signaling	CCL7	CCR2	CCL7	CCR2	outgoing	TNK	0.0	0.0	1.0	1.0	False	False	0.0	other	False	False
GSE291670	GSE291670	CCL2_CCR2	CCL	Secreted Signaling	CCL2	CCR2	CCL2	CCR2	outgoing	TNK	0.0	0.0	1.0	1.0	False	False	0.0	other	False	False
GSE291670	GSE291670	CCL27_CCR2	CCL	Secreted Signaling	CCL27	CCR2	CCL27	CCR2	outgoing	TNK	0.0	0.0	1.0	1.0	False	False	0.0	other	False	False
GSE291670	GSE291670	CCL5_CCR3	CCL	Secreted Signaling	CCL5	CCR3	CCL5	CCR3	outgoing	TNK	0.0	0.0	1.0	1.0	False	False	0.0	recruit	False	False
GSE291670	GSE291670	CCL7_CCR3	CCL	Secreted Signaling	CCL7	CCR3	CCL7	CCR3	outgoing	TNK	0.0	0.0	1.0	1.0	False	False	0.0	other	False	False
GSE291670	GSE291670	CCL11_CCR3	CCL	Secreted Signaling	CCL11	CCR3	CCL11	CCR3	outgoing	TNK	0.0	0.0	1.0	1.0	False	False	0.0	other	False	False
GSE291670	GSE291670	CCL24_CCR3	CCL	Secreted Signaling	CCL24	CCR3	CCL24	CCR3	outgoing	TNK	0.0	0.0	1.0	1.0	False	False	0.0	other	False	False
GSE291670	GSE291670	CCL26_CCR3	CCL	Secreted Signaling	CCL26	CCR3	CCL26	CCR3	outgoing	TNK	0.0	0.0	1.0	1.0	False	False	0.0	other	False	False
GSE291670	GSE291670	CCL28_CCR3	CCL	Secreted Signaling	CCL28	CCR3	CCL28	CCR3	outgoing	TNK	0.0	0.0	1.0	1.0	False	False	0.0	other	False	False
GSE291670	GSE291670	CCL27_CCR3	CCL	Secreted Signaling	CCL27	CCR3	CCL27	CCR3	outgoing	TNK	0.0	0.0	1.0	1.0	False	False	0.0	other	False	False
GSE291670	GSE291670	CCL17_CCR4	CCL	Secreted Signaling	CCL17	CCR4	CCL17	CCR4	outgoing	TNK	0.0	0.0	1.0	1.0	False	False	0.0	other	False	False
GSE291670	GSE291670	CCL22_CCR4	CCL	Secreted Signaling	CCL22	CCR4	CCL22	CCR4	outgoing	TNK	0.0	0.0	1.0	1.0	False	False	0.0	other	False	False
GSE291670	GSE291670	CCL5_CCR4	CCL	Secreted Signaling	CCL5	CCR4	CCL5	CCR4	outgoing	TNK	0.0	0.0	1.0	1.0	False	False	0.0	recruit	False	False
GSE291670	GSE291670	CCL4_CCR5	CCL	Secreted Signaling	CCL4	CCR5	CCL4	CCR5	outgoing	TNK	0.0	0.0	1.0	1.0	False	False	0.0	recruit	False	False
GSE291670	GSE291670	CCL5_CCR5	CCL	Secreted Signaling	CCL5	CCR5	CCL5	CCR5	outgoing	TNK	0.0	0.0	1.0	1.0	False	False	0.0	recruit	False	False
GSE291670	GSE291670	CCL3_CCR5	CCL	Secreted Signaling	CCL3	CCR5	CCL3	CCR5	outgoing	TNK	0.0	0.0	1.0	1.0	False	False	0.0	recruit	False	False
GSE291670	GSE291670	CCL20_CCR6	CCL	Secreted Signaling	CCL20	CCR6	CCL20	CCR6	outgoing	TNK	0.0	0.0	1.0	1.0	False	False	0.0	other	False	False
GSE291670	GSE291670	CCL19_CCR7	CCL	Secreted Signaling	CCL19	CCR7	CCL19	CCR7	outgoing	TNK	0.0	0.0	1.0	1.0	False	False	0.0	other	False	False
GSE291670	GSE291670	CCL21_CCR7	CCL	Secreted Signaling	CCL21	CCR7	CCL21	CCR7	outgoing	TNK	0.0	0.0	1.0	1.0	False	False	0.0	other	False	False
GSE291670	GSE291670	CCL19_ACKR4	CCL	Secreted Signaling	CCL19	ACKR4	CCL19	ACKR4	outgoing	TNK	0.0	0.0	1.0	1.0	False	False	0.0	other	False	False
GSE291670	GSE291670	CCL21_ACKR4	CCL	Secreted Signaling	CCL21	ACKR4	CCL21	ACKR4	outgoing	TNK	0.0	0.0	1.0	1.0	False	False	0.0	other	False	False
GSE291670	GSE291670	CCL1_CCR8	CCL	Secreted Signaling	CCL1	CCR8	CCL1	CCR8	outgoing	TNK	0.0	0.0	1.0	1.0	False	False	0.0	other	False	False
GSE291670	GSE291670	CCL25_CCR9	CCL	Secreted Signaling	CCL25	CCR9	CCL25	CCR9	outgoing	TNK	0.0	0.0	1.0	1.0	False	False	0.0	other	False	False
GSE291670	GSE291670	CCL25_ACKR4	CCL	Secreted Signaling	CCL25	ACKR4	CCL25	ACKR4	outgoing	TNK	0.0	0.0	1.0	1.0	False	False	0.0	other	False	False
GSE291670	GSE291670	CCL28_CCR10	CCL	Secreted Signaling	CCL28	CCR10	CCL28	CCR10	outgoing	TNK	0.0	0.0	1.0	1.0	False	False	0.0	other	False	False
GSE291670	GSE291670	CCL27_CCR10	CCL	Secreted Signaling	CCL27	CCR10	CCL27	CCR10	outgoing	TNK	0.0	0.0	1.0	1.0	False	False	0.0	other	False	False
GSE291670	GSE291670	CCL1_ACKR4	CCL	Secreted Signaling	CCL1	ACKR4	CCL1	ACKR4	outgoing	TNK	0.0	0.0	1.0	1.0	False	False	0.0	other	False	False
GSE291670	GSE291670	CCL13_ACKR4	CCL	Secreted Signaling	CCL13	ACKR4	CCL13	ACKR4	outgoing	TNK	0.0	0.0	1.0	1.0	False	False	0.0	other	False	False
GSE291670	GSE291670	CCL8_ACKR4	CCL	Secreted Signaling	CCL8	ACKR4	CCL8	ACKR4	outgoing	TNK	0.0	0.0	1.0	1.0	False	False	0.0	other	False	False
GSE291670	GSE291670	CCL1_ACKR1	CCL	Secreted Signaling	CCL1	ACKR1	CCL1	ACKR1	outgoing	TNK	0.0	0.0	1.0	1.0	False	False	0.0	other	False	False
GSE291670	GSE291670	CCL2_ACKR1	CCL	Secreted Signaling	CCL2	ACKR1	CCL2	ACKR1	outgoing	TNK	0.0	0.0	1.0	1.0	False	False	0.0	other	False	False
GSE291670	GSE291670	CCL5_ACKR1	CCL	Secreted Signaling	CCL5	ACKR1	CCL5	ACKR1	outgoing	TNK	0.0	0.0	1.0	1.0	False	False	0.0	recruit	False	False
GSE291670	GSE291670	CCL8_ACKR1	CCL	Secreted Signaling	CCL8	ACKR1	CCL8	ACKR1	outgoing	TNK	0.0	0.0	1.0	1.0	False	False	0.0	other	False	False
GSE291670	GSE291670	CCL13_ACKR1	CCL	Secreted Signaling	CCL13	ACKR1	CCL13	ACKR1	outgoing	TNK	0.0	0.0	1.0	1.0	False	False	0.0	other	False	False
GSE291670	GSE291670	CCL14_ACKR1	CCL	Secreted Signaling	CCL14	ACKR1	CCL14	ACKR1	outgoing	TNK	0.0	0.0	1.0	1.0	False	False	0.0	other	False	False
GSE291670	GSE291670	CCL16_ACKR1	CCL	Secreted Signaling	CCL16	ACKR1	CCL16	ACKR1	outgoing	TNK	0.0	0.0	1.0	1.0	False	False	0.0	other	False	False
GSE291670	GSE291670	CCL18_ACKR1	CCL	Secreted Signaling	CCL18	ACKR1	CCL18	ACKR1	outgoing	TNK	0.0	0.0	1.0	1.0	False	False	0.0	other	False	False
GSE291670	GSE291670	CXCL1_ACKR1	CXCL	Secreted Signaling	CXCL1	ACKR1	CXCL1	ACKR1	outgoing	TNK	0.0	0.0	1.0	1.0	False	False	0.0	other	False	False
GSE291670	GSE291670	CXCL2_ACKR1	CXCL	Secreted Signaling	CXCL2	ACKR1	CXCL2	ACKR1	outgoing	TNK	0.0	0.0	1.0	1.0	False	False	0.0	other	False	False
GSE291670	GSE291670	CXCL3_ACKR1	CXCL	Secreted Signaling	CXCL3	ACKR1	CXCL3	ACKR1	outgoing	TNK	0.0	0.0	1.0	1.0	False	False	0.0	other	False	False
GSE291670	GSE291670	CXCL5_ACKR1	CXCL	Secreted Signaling	CXCL5	ACKR1	CXCL5	ACKR1	outgoing	TNK	0.0	0.0	1.0	1.0	False	False	0.0	other	False	False
GSE291670	GSE291670	CXCL6_ACKR1	CXCL	Secreted Signaling	CXCL6	ACKR1	CXCL6	ACKR1	outgoing	TNK	0.0	0.0	1.0	1.0	False	False	0.0	other	False	False
GSE291670	GSE291670	CXCL8_ACKR1	CXCL	Secreted Signaling	CXCL8	ACKR1	CXCL8	ACKR1	outgoing	TNK	0.0	0.0	1.0	1.0	False	False	0.0	other	False	False
GSE291670	GSE291670	CXCL9_ACKR1	CXCL	Secreted Signaling	CXCL9	ACKR1	CXCL9	ACKR1	outgoing	TNK	0.0	0.0	1.0	1.0	False	False	0.0	recruit	False	False
GSE291670	GSE291670	CXCL10_ACKR1	CXCL	Secreted Signaling	CXCL10	ACKR1	CXCL10	ACKR1	outgoing	TNK	0.0	0.0	1.0	1.0	False	False	0.0	recruit	False	False
GSE291670	GSE291670	CXCL11_ACKR1	CXCL	Secreted Signaling	CXCL11	ACKR1	CXCL11	ACKR1	outgoing	TNK	0.0	0.0	1.0	1.0	False	False	0.0	recruit	False	False
GSE291670	GSE291670	CXCL13_ACKR1	CXCL	Secreted Signaling	CXCL13	ACKR1	CXCL13	ACKR1	outgoing	TNK	0.0	0.0	1.0	1.0	False	False	0.0	other	False	False
GSE291670	GSE291670	CCL2_ACKR2	CCL	Secreted Signaling	CCL2	ACKR2	CCL2	ACKR2	outgoing	TNK	0.0	0.0	1.0	1.0	False	False	0.0	other	False	False
GSE291670	GSE291670	CCL3_ACKR2	CCL	Secreted Signaling	CCL3	ACKR2	CCL3	ACKR2	outgoing	TNK	0.0	0.0	1.0	1.0	False	False	0.0	recruit	False	False
GSE291670	GSE291670	CCL3L1_ACKR2	CCL	Secreted Signaling	CCL3L1	ACKR2	CCL3L1	ACKR2	outgoing	TNK	0.0	0.0	1.0	1.0	False	False	0.0	other	False	False
GSE291670	GSE291670	CCL4_ACKR2	CCL	Secreted Signaling	CCL4	ACKR2	CCL4	ACKR2	outgoing	TNK	0.0	0.0	1.0	1.0	False	False	0.0	recruit	False	False
GSE291670	GSE291670	CCL5_ACKR2	CCL	Secreted Signaling	CCL5	ACKR2	CCL5	ACKR2	outgoing	TNK	0.0	0.0	1.0	1.0	False	False	0.0	recruit	False	False
GSE291670	GSE291670	CCL7_ACKR2	CCL	Secreted Signaling	CCL7	ACKR2	CCL7	ACKR2	outgoing	TNK	0.0	0.0	1.0	1.0	False	False	0.0	other	False	False
GSE291670	GSE291670	CCL8_ACKR2	CCL	Secreted Signaling	CCL8	ACKR2	CCL8	ACKR2	outgoing	TNK	0.0	0.0	1.0	1.0	False	False	0.0	other	False	False
GSE291670	GSE291670	CCL7_ACKR1	CCL	Secreted Signaling	CCL7	ACKR1	CCL7	ACKR1	outgoing	TNK	0.0	0.0	1.0	1.0	False	False	0.0	other	False	False
GSE291670	GSE291670	CCL11_ACKR1	CCL	Secreted Signaling	CCL11	ACKR1	CCL11	ACKR1	outgoing	TNK	0.0	0.0	1.0	1.0	False	False	0.0	other	False	False
GSE291670	GSE291670	CCL11_ACKR2	CCL	Secreted Signaling	CCL11	ACKR2	CCL11	ACKR2	outgoing	TNK	0.0	0.0	1.0	1.0	False	False	0.0	other	False	False
GSE291670	GSE291670	CCL13_ACKR2	CCL	Secreted Signaling	CCL13	ACKR2	CCL13	ACKR2	outgoing	TNK	0.0	0.0	1.0	1.0	False	False	0.0	other	False	False
GSE291670	GSE291670	CCL22_ACKR2	CCL	Secreted Signaling	CCL22	ACKR2	CCL22	ACKR2	outgoing	TNK	0.0	0.0	1.0	1.0	False	False	0.0	other	False	False
GSE291670	GSE291670	CCL24_ACKR2	CCL	Secreted Signaling	CCL24	ACKR2	CCL24	ACKR2	outgoing	TNK	0.0	0.0	1.0	1.0	False	False	0.0	other	False	False
GSE291670	GSE291670	CCL26_ACKR2	CCL	Secreted Signaling	CCL26	ACKR2	CCL26	ACKR2	outgoing	TNK	0.0	0.0	1.0	1.0	False	False	0.0	other	False	False
GSE291670	GSE291670	CCL17_ACKR1	CCL	Secreted Signaling	CCL17	ACKR1	CCL17	ACKR1	outgoing	TNK	0.0	0.0	1.0	1.0	False	False	0.0	other	False	False
GSE291670	GSE291670	CCL14_ACKR2	CCL	Secreted Signaling	CCL14	ACKR2	CCL14	ACKR2	outgoing	TNK	0.0	0.0	1.0	1.0	False	False	0.0	other	False	False
GSE291670	GSE291670	CCL17_ACKR2	CCL	Secreted Signaling	CCL17	ACKR2	CCL17	ACKR2	outgoing	TNK	0.0	0.0	1.0	1.0	False	False	0.0	other	False	False
GSE291670	GSE291670	CXCL1_CXCR1	CXCL	Secreted Signaling	CXCL1	CXCR1	CXCL1	CXCR1	outgoing	TNK	0.0	0.0	1.0	1.0	False	False	0.0	other	False	False
GSE291670	GSE291670	CXCL2_CXCR1	CXCL	Secreted Signaling	CXCL2	CXCR1	CXCL2	CXCR1	outgoing	TNK	0.0	0.0	1.0	1.0	False	False	0.0	other	False	False
GSE291670	GSE291670	CXCL3_CXCR1	CXCL	Secreted Signaling	CXCL3	CXCR1	CXCL3	CXCR1	outgoing	TNK	0.0	0.0	1.0	1.0	False	False	0.0	other	False	False
GSE291670	GSE291670	CXCL5_CXCR1	CXCL	Secreted Signaling	CXCL5	CXCR1	CXCL5	CXCR1	outgoing	TNK	0.0	0.0	1.0	1.0	False	False	0.0	other	False	False
GSE291670	GSE291670	CXCL6_CXCR1	CXCL	Secreted Signaling	CXCL6	CXCR1	CXCL6	CXCR1	outgoing	TNK	0.0	0.0	1.0	1.0	False	False	0.0	other	False	False
GSE291670	GSE291670	CXCL8_CXCR1	CXCL	Secreted Signaling	CXCL8	CXCR1	CXCL8	CXCR1	outgoing	TNK	0.0	0.0	1.0	1.0	False	False	0.0	other	False	False
GSE291670	GSE291670	CXCL1_CXCR2	CXCL	Secreted Signaling	CXCL1	CXCR2	CXCL1	CXCR2	outgoing	TNK	0.0	0.0	1.0	1.0	False	False	0.0	other	False	False
GSE291670	GSE291670	CXCL2_CXCR2	CXCL	Secreted Signaling	CXCL2	CXCR2	CXCL2	CXCR2	outgoing	TNK	0.0	0.0	1.0	1.0	False	False	0.0	other	False	False
GSE291670	GSE291670	CXCL3_CXCR2	CXCL	Secreted Signaling	CXCL3	CXCR2	CXCL3	CXCR2	outgoing	TNK	0.0	0.0	1.0	1.0	False	False	0.0	other	False	False
GSE291670	GSE291670	CXCL5_CXCR2	CXCL	Secreted Signaling	CXCL5	CXCR2	CXCL5	CXCR2	outgoing	TNK	0.0	0.0	1.0	1.0	False	False	0.0	other	False	False
GSE291670	GSE291670	CXCL6_CXCR2	CXCL	Secreted Signaling	CXCL6	CXCR2	CXCL6	CXCR2	outgoing	TNK	0.0	0.0	1.0	1.0	False	False	0.0	other	False	False
GSE291670	GSE291670	CXCL8_CXCR2	CXCL	Secreted Signaling	CXCL8	CXCR2	CXCL8	CXCR2	outgoing	TNK	0.0	0.0	1.0	1.0	False	False	0.0	other	False	False
GSE291670	GSE291670	PPBP_CXCR2	CXCL	Secreted Signaling	PPBP	CXCR2	PPBP	CXCR2	outgoing	TNK	0.0	0.0	1.0	1.0	False	False	0.0	other	False	False
GSE291670	GSE291670	PF4V1_CXCR3	CXCL	Secreted Signaling	PF4V1	CXCR3	PF4V1	CXCR3	outgoing	TNK	0.0	0.0	1.0	1.0	False	False	0.0	other	False	False
GSE291670	GSE291670	CXCL9_CXCR3	CXCL	Secreted Signaling	CXCL9	CXCR3	CXCL9	CXCR3	outgoing	TNK	0.0	0.0	1.0	1.0	False	False	0.0	recruit	False	False
GSE291670	GSE291670	CXCL10_CXCR3	CXCL	Secreted Signaling	CXCL10	CXCR3	CXCL10	CXCR3	outgoing	TNK	0.0	0.0	1.0	1.0	False	False	0.0	recruit	False	False
GSE291670	GSE291670	CXCL11_CXCR3	CXCL	Secreted Signaling	CXCL11	CXCR3	CXCL11	CXCR3	outgoing	TNK	0.0	0.0	1.0	1.0	False	False	0.0	recruit	False	False
GSE291670	GSE291670	CXCL13_CXCR3	CXCL	Secreted Signaling	CXCL13	CXCR3	CXCL13	CXCR3	outgoing	TNK	0.0	0.0	1.0	1.0	False	False	0.0	other	False	False
GSE291670	GSE291670	PF4_CXCR3	CXCL	Secreted Signaling	PF4	CXCR3	PF4	CXCR3	outgoing	TNK	0.0	0.0	1.0	1.0	False	False	0.0	other	False	False
GSE291670	GSE291670	CXCL12_CXCR4	CXCL	Secreted Signaling	CXCL12	CXCR4	CXCL12	CXCR4	outgoing	TNK	0.0	0.0	1.0	1.0	False	False	0.0	other	False	False
GSE291670	GSE291670	CXCL11_ACKR3	CXCL	Secreted Signaling	CXCL11	ACKR3	CXCL11	ACKR3	outgoing	TNK	0.0	0.0	1.0	1.0	False	False	0.0	recruit	False	False
GSE291670	GSE291670	CXCL12_ACKR3	CXCL	Secreted Signaling	CXCL12	ACKR3	CXCL12	ACKR3	outgoing	TNK	0.0	0.0	1.0	1.0	False	False	0.0	other	False	False
GSE291670	GSE291670	CXCL13_CXCR5	CXCL	Secreted Signaling	CXCL13	CXCR5	CXCL13	CXCR5	outgoing	TNK	0.0	0.0	1.0	1.0	False	False	0.0	other	False	False
GSE291670	GSE291670	CXCL16_CXCR6	CXCL	Secreted Signaling	CXCL16	CXCR6	CXCL16	CXCR6	outgoing	TNK	0.0	0.0	1.0	1.0	False	False	0.0	recruit	False	False
GSE291670	GSE291670	MIF_ACKR3	MIF	Secreted Signaling	MIF	ACKR3	MIF	ACKR3	outgoing	TNK	0.0	0.0	1.0	1.0	False	False	0.0	other	False	False
GSE291670	GSE291670	CX3CL1_CX3CR1	CX3C	Secreted Signaling	CX3CL1	CX3CR1	CX3CL1	CX3CR1	outgoing	TNK	0.0	0.0	1.0	1.0	False	False	0.0	other	False	False
GSE291670	GSE291670	XCL1_XCR1	XCR	Secreted Signaling	XCL1	XCR1	XCL1	XCR1	outgoing	TNK	0.0	0.0	1.0	1.0	False	False	0.0	other	False	False
GSE291670	GSE291670	XCL2_XCR1	XCR	Secreted Signaling	XCL2	XCR1	XCL2	XCR1	outgoing	TNK	0.0	0.0	1.0	1.0	False	False	0.0	other	False	False
GSE291670	GSE291670	IL4_IL4R	IL4	Secreted Signaling	IL4	IL4R	IL4	IL4R	outgoing	TNK	0.0	0.0	1.0	1.0	False	False	0.0	other	False	False
GSE291670	GSE291670	IL13_IL13RA1	IL4	Secreted Signaling	IL13	IL13RA1	IL13	IL13RA1	outgoing	TNK	0.0	0.0	1.0	1.0	False	False	0.0	other	False	False
GSE291670	GSE291670	IL13_IL13RA2	IL4	Secreted Signaling	IL13	IL13RA2	IL13	IL13RA2	outgoing	TNK	0.0	0.0	1.0	1.0	False	False	0.0	other	False	False
GSE291670	GSE291670	IL1A_IL1R2	IL1	Secreted Signaling	IL1A	IL1R2	IL1A	IL1R2	outgoing	TNK	0.0	0.0	1.0	1.0	False	False	0.0	other	False	False
GSE291670	GSE291670	IL1B_IL1R2	IL1	Secreted Signaling	IL1B	IL1R2	IL1B	IL1R2	outgoing	TNK	0.0	0.0	1.0	1.0	False	False	0.0	other	False	False
GSE291670	GSE291670	IL17B_IL17RB	IL17	Secreted Signaling	IL17B	IL17RB	IL17B	IL17RB	outgoing	TNK	0.0	0.0	1.0	1.0	False	False	0.0	other	False	False
GSE291670	GSE291670	IL34_CSF1R	CSF	Secreted Signaling	IL34	CSF1R	IL34	CSF1R	outgoing	TNK	0.0	0.0	1.0	1.0	False	False	0.0	other	False	False
GSE291670	GSE291670	CSF1_CSF1R	CSF	Secreted Signaling	CSF1	CSF1R	CSF1	CSF1R	outgoing	TNK	0.0	0.0	1.0	1.0	False	False	0.0	other	False	False
GSE291670	GSE291670	IL16_CD4	IL16	Secreted Signaling	IL16	CD4	IL16	CD4	outgoing	TNK	0.0	0.0	1.0	1.0	False	False	0.0	other	False	False
GSE291670	GSE291670	EPO_EPOR	EPO	Secreted Signaling	EPO	EPOR	EPO	EPOR	outgoing	TNK	0.0	0.0	1.0	1.0	False	False	0.0	other	False	False
GSE291670	GSE291670	GH1_GHR	GH	Secreted Signaling	GH1	GHR	GH1	GHR	outgoing	TNK	0.0	0.0	1.0	1.0	False	False	0.0	other	False	False
GSE291670	GSE291670	PRL_PRLR	PRL	Secreted Signaling	PRL	PRLR	PRL	PRLR	outgoing	TNK	0.0	0.0	1.0	1.0	False	False	0.0	other	False	False
GSE291670	GSE291670	THPO_MPL	THPO	Secreted Signaling	THPO	MPL	THPO	MPL	outgoing	TNK	0.0	0.0	1.0	1.0	False	False	0.0	other	False	False
GSE291670	GSE291670	CSF3_CSF3R	CSF3	Secreted Signaling	CSF3	CSF3R	CSF3	CSF3R	outgoing	TNK	0.0	0.0	1.0	1.0	False	False	0.0	other	False	False
GSE291670	GSE291670	TNF_TNFRSF1A	TNF	Secreted Signaling	TNF	TNFRSF1A	TNF	TNFRSF1A	outgoing	TNK	0.0	0.0	1.0	1.0	False	False	0.0	attack	False	False
GSE291670	GSE291670	TNF_TNFRSF1B	TNF	Secreted Signaling	TNF	TNFRSF1B	TNF	TNFRSF1B	outgoing	TNK	0.0	0.0	1.0	1.0	False	False	0.0	attack	False	False
GSE291670	GSE291670	LTA_TNFRSF1A	LT	Secreted Signaling	LTA	TNFRSF1A	LTA	TNFRSF1A	outgoing	TNK	0.0	0.0	1.0	1.0	False	False	0.0	attack	False	False
GSE291670	GSE291670	LTA_TNFRSF1B	LT	Secreted Signaling	LTA	TNFRSF1B	LTA	TNFRSF1B	outgoing	TNK	0.0	0.0	1.0	1.0	False	False	0.0	attack	False	False
GSE291670	GSE291670	LTA_TNFRSF14	LT	Secreted Signaling	LTA	TNFRSF14	LTA	TNFRSF14	outgoing	TNK	0.0	0.0	1.0	1.0	False	False	0.0	attack	False	False
GSE291670	GSE291670	TNFSF14_LTBR	LIGHT	Secreted Signaling	TNFSF14	LTBR	TNFSF14	LTBR	outgoing	TNK	0.0	0.0	1.0	1.0	False	False	0.0	other	False	False
GSE291670	GSE291670	TNFSF14_TNFRSF14	LIGHT	Secreted Signaling	TNFSF14	TNFRSF14	TNFSF14	TNFRSF14	outgoing	TNK	0.0	0.0	1.0	1.0	False	False	0.0	other	False	False
GSE291670	GSE291670	FASL_FAS	FASLG	Secreted Signaling	FASLG	FAS	FASLG	FAS	outgoing	TNK	0.0	0.0	1.0	1.0	False	False	0.0	attack	False	False
GSE291670	GSE291670	TNFSF15_TNFRSF25	VEGI	Secreted Signaling	TNFSF15	TNFRSF25	TNFSF15	TNFRSF25	outgoing	TNK	0.0	0.0	1.0	1.0	False	False	0.0	other	False	False
GSE291670	GSE291670	TNFSF10_TNFRSF10B	TRAIL	Secreted Signaling	TNFSF10	TNFRSF10A	TNFSF10	TNFRSF10A	outgoing	TNK	0.0	0.0	1.0	1.0	False	False	0.0	attack	False	False
GSE291670	GSE291670	EDA_EDAR	EDA	Secreted Signaling	EDA	EDAR	EDA	EDAR	outgoing	TNK	0.0	0.0	1.0	1.0	False	False	0.0	other	False	False
GSE291670	GSE291670	EDA_EDA2R	EDA	Secreted Signaling	EDA	EDA2R	EDA	EDA2R	outgoing	TNK	0.0	0.0	1.0	1.0	False	False	0.0	other	False	False
GSE291670	GSE291670	NGF_NGFR	NGF	Secreted Signaling	NGF	NGFR	NGF	NGFR	outgoing	TNK	0.0	0.0	1.0	1.0	False	False	0.0	other	False	False
GSE291670	GSE291670	KLK3_NGFR	NGF	Secreted Signaling	KLK3	NGFR	KLK3	NGFR	outgoing	TNK	0.0	0.0	1.0	1.0	False	False	0.0	other	False	False
GSE291670	GSE291670	TNFSF11_TNFRSF11A	RANKL	Secreted Signaling	TNFSF11	TNFRSF11A	TNFSF11	TNFRSF11A	outgoing	TNK	0.0	0.0	1.0	1.0	False	False	0.0	other	False	False
GSE291670	GSE291670	TNFSF11_TNFRSF11B	RANKL	Secreted Signaling	TNFSF11	TNFRSF11B	TNFSF11	TNFRSF11B	outgoing	TNK	0.0	0.0	1.0	1.0	False	False	0.0	other	False	False
GSE291670	GSE291670	TNFSF12_TNFRSF12A	TWEAK	Secreted Signaling	TNFSF12	TNFRSF12A	TNFSF12	TNFRSF12A	outgoing	TNK	0.0	0.0	1.0	1.0	False	False	0.0	other	False	False
GSE291670	GSE291670	CD70_CD27	CD70	Secreted Signaling	CD70	CD27	CD70	CD27	outgoing	TNK	0.0	0.0	1.0	1.0	False	False	0.0	other	False	False
GSE291670	GSE291670	TNFSF8_TNFRSF8	CD30	Secreted Signaling	TNFSF8	TNFRSF8	TNFSF8	TNFRSF8	outgoing	TNK	0.0	0.0	1.0	1.0	False	False	0.0	other	False	False
GSE291670	GSE291670	TNFSF9_TNFRSF9	CD137	Secreted Signaling	TNFSF9	TNFRSF9	TNFSF9	TNFRSF9	outgoing	TNK	0.0	0.0	1.0	1.0	False	False	0.0	other	False	False
GSE291670	GSE291670	TNFSF4_TNFRSF4	OX40	Secreted Signaling	TNFSF4	TNFRSF4	TNFSF4	TNFRSF4	outgoing	TNK	0.0	0.0	1.0	1.0	False	False	0.0	other	False	False
GSE291670	GSE291670	TNFSF18_TNFRSF18	GITRL	Secreted Signaling	TNFSF18	TNFRSF18	TNFSF18	TNFRSF18	outgoing	TNK	0.0	0.0	1.0	1.0	False	False	0.0	other	False	False
GSE291670	GSE291670	TNFSF13_TNFRSF17	APRIL	Secreted Signaling	TNFSF13	TNFRSF17	TNFSF13	TNFRSF17	outgoing	TNK	0.0	0.0	1.0	1.0	False	False	0.0	other	False	False
GSE291670	GSE291670	TNFSF13_TNFRSF13B	APRIL	Secreted Signaling	TNFSF13	TNFRSF13B	TNFSF13	TNFRSF13B	outgoing	TNK	0.0	0.0	1.0	1.0	False	False	0.0	other	False	False
GSE291670	GSE291670	TNFSF13B_TNFRSF17	BAFF	Secreted Signaling	TNFSF13B	TNFRSF17	TNFSF13B	TNFRSF17	outgoing	TNK	0.0	0.0	1.0	1.0	False	False	0.0	other	False	False
GSE291670	GSE291670	TNFSF13B_TNFRSF13B	BAFF	Secreted Signaling	TNFSF13B	TNFRSF13B	TNFSF13B	TNFRSF13B	outgoing	TNK	0.0	0.0	1.0	1.0	False	False	0.0	other	False	False
GSE291670	GSE291670	TNFSF13B_TNFRSF13C	BAFF	Secreted Signaling	TNFSF13B	TNFRSF13C	TNFSF13B	TNFRSF13C	outgoing	TNK	0.0	0.0	1.0	1.0	False	False	0.0	other	False	False
GSE291670	GSE291670	SPP1_CD44	SPP1	Secreted Signaling	SPP1	CD44	SPP1	CD44	outgoing	TNK	0.0	0.0	1.0	1.0	False	False	0.0	other	False	False
GSE291670	GSE291670	ADIPOQ_ADIPOR1	ADIPONECTIN	Secreted Signaling	ADIPOQ	ADIPOR1	ADIPOQ	ADIPOR1	outgoing	TNK	0.0	0.0	1.0	1.0	False	False	0.0	other	False	False
GSE291670	GSE291670	ADIPOQ_ADIPOR2	ADIPONECTIN	Secreted Signaling	ADIPOQ	ADIPOR2	ADIPOQ	ADIPOR2	outgoing	TNK	0.0	0.0	1.0	1.0	False	False	0.0	other	False	False
GSE291670	GSE291670	RETN_TLR4	RESISTIN	Secreted Signaling	RETN	TLR4	RETN	TLR4	outgoing	TNK	0.0	0.0	1.0	1.0	False	False	0.0	other	False	False
GSE291670	GSE291670	RETN_CAP1	RESISTIN	Secreted Signaling	RETN	CAP1	RETN	CAP1	outgoing	TNK	0.0	0.0	1.0	1.0	False	False	0.0	other	False	False
GSE291670	GSE291670	ANGPTL2_TLR4	ANGPTL	Secreted Signaling	ANGPTL2	TLR4	ANGPTL2	TLR4	outgoing	TNK	0.0	0.0	1.0	1.0	False	False	0.0	other	False	False
GSE291670	GSE291670	ANGPTL2_PIRB	ANGPTL	Secreted Signaling	ANGPTL2	LILRB3	ANGPTL2	LILRB3	outgoing	TNK	0.0	0.0	1.0	1.0	False	False	0.0	other	False	False
GSE291670	GSE291670	ANGPTL1_PIRB	ANGPTL	Secreted Signaling	ANGPTL1	LILRB3	ANGPTL1	LILRB3	outgoing	TNK	0.0	0.0	1.0	1.0	False	False	0.0	other	False	False
GSE291670	GSE291670	ANGPTL7_PIRB	ANGPTL	Secreted Signaling	ANGPTL7	LILRB3	ANGPTL7	LILRB3	outgoing	TNK	0.0	0.0	1.0	1.0	False	False	0.0	other	False	False
GSE291670	GSE291670	ANGPTL4_CDH5	ANGPTL	Secreted Signaling	ANGPTL4	CDH5	ANGPTL4	CDH5	outgoing	TNK	0.0	0.0	1.0	1.0	False	False	0.0	other	False	False
GSE291670	GSE291670	ANGPTL4_CDH11	ANGPTL	Secreted Signaling	ANGPTL4	CDH11	ANGPTL4	CDH11	outgoing	TNK	0.0	0.0	1.0	1.0	False	False	0.0	other	False	False
GSE291670	GSE291670	ANGPTL4_SDC1	ANGPTL	Secreted Signaling	ANGPTL4	SDC1	ANGPTL4	SDC1	outgoing	TNK	0.0	0.0	1.0	1.0	False	False	0.0	other	False	False
GSE291670	GSE291670	ANGPTL4_SDC2	ANGPTL	Secreted Signaling	ANGPTL4	SDC2	ANGPTL4	SDC2	outgoing	TNK	0.0	0.0	1.0	1.0	False	False	0.0	other	False	False
GSE291670	GSE291670	ANGPTL4_SDC3	ANGPTL	Secreted Signaling	ANGPTL4	SDC3	ANGPTL4	SDC3	outgoing	TNK	0.0	0.0	1.0	1.0	False	False	0.0	other	False	False
GSE291670	GSE291670	ANGPTL4_SDC4	ANGPTL	Secreted Signaling	ANGPTL4	SDC4	ANGPTL4	SDC4	outgoing	TNK	0.0	0.0	1.0	1.0	False	False	0.0	other	False	False
GSE291670	GSE291670	ANGPT1_TEK	ANGPT	Secreted Signaling	ANGPT1	TEK	ANGPT1	TEK	outgoing	TNK	0.0	0.0	1.0	1.0	False	False	0.0	other	False	False
GSE291670	GSE291670	ANGPT2_TEK	ANGPT	Secreted Signaling	ANGPT2	TEK	ANGPT2	TEK	outgoing	TNK	0.0	0.0	1.0	1.0	False	False	0.0	other	False	False
GSE291670	GSE291670	MDK_SDC1	MK	Secreted Signaling	MDK	SDC1	MDK	SDC1	outgoing	TNK	0.0	0.0	1.0	1.0	False	False	0.0	other	False	False
GSE291670	GSE291670	MDK_SDC2	MK	Secreted Signaling	MDK	SDC2	MDK	SDC2	outgoing	TNK	0.0	0.0	1.0	1.0	False	False	0.0	other	False	False
GSE291670	GSE291670	MDK_SDC4	MK	Secreted Signaling	MDK	SDC4	MDK	SDC4	outgoing	TNK	0.0	0.0	1.0	1.0	False	False	0.0	other	False	False
GSE291670	GSE291670	MDK_PTPRZ1	MK	Secreted Signaling	MDK	PTPRZ1	MDK	PTPRZ1	outgoing	TNK	0.0	0.0	1.0	1.0	False	False	0.0	other	False	False
GSE291670	GSE291670	MDK_LRP1	MK	Secreted Signaling	MDK	LRP1	MDK	LRP1	outgoing	TNK	0.0	0.0	1.0	1.0	False	False	0.0	other	False	False
GSE291670	GSE291670	MDK_NCL	MK	Secreted Signaling	MDK	NCL	MDK	NCL	outgoing	TNK	0.0	0.0	1.0	1.0	False	False	0.0	other	False	False
GSE291670	GSE291670	MDK_ALK	MK	Secreted Signaling	MDK	ALK	MDK	ALK	outgoing	TNK	0.0	0.0	1.0	1.0	False	False	0.0	other	False	False
GSE291670	GSE291670	PTN_PTPRZ1	PTN	Secreted Signaling	PTN	PTPRZ1	PTN	PTPRZ1	outgoing	TNK	0.0	0.0	1.0	1.0	False	False	0.0	other	False	False
GSE291670	GSE291670	PTN_SDC1	PTN	Secreted Signaling	PTN	SDC1	PTN	SDC1	outgoing	TNK	0.0	0.0	1.0	1.0	False	False	0.0	other	False	False
GSE291670	GSE291670	PTN_SDC2	PTN	Secreted Signaling	PTN	SDC2	PTN	SDC2	outgoing	TNK	0.0	0.0	1.0	1.0	False	False	0.0	other	False	False
GSE291670	GSE291670	PTN_SDC3	PTN	Secreted Signaling	PTN	SDC3	PTN	SDC3	outgoing	TNK	0.0	0.0	1.0	1.0	False	False	0.0	other	False	False
GSE291670	GSE291670	PTN_SDC4	PTN	Secreted Signaling	PTN	SDC4	PTN	SDC4	outgoing	TNK	0.0	0.0	1.0	1.0	False	False	0.0	other	False	False
GSE291670	GSE291670	PTN_NCL	PTN	Secreted Signaling	PTN	NCL	PTN	NCL	outgoing	TNK	0.0	0.0	1.0	1.0	False	False	0.0	other	False	False
GSE291670	GSE291670	PTN_ALK	PTN	Secreted Signaling	PTN	ALK	PTN	ALK	outgoing	TNK	0.0	0.0	1.0	1.0	False	False	0.0	other	False	False
GSE291670	GSE291670	AGT_AGTR1B	AGT	Secreted Signaling	AGT	AGTR1	AGT	AGTR1	outgoing	TNK	0.0	0.0	1.0	1.0	False	False	0.0	other	False	False
GSE291670	GSE291670	GRP_GRPR	GPR	Secreted Signaling	GRP	GRPR	GRP	GRPR	outgoing	TNK	0.0	0.0	1.0	1.0	False	False	0.0	other	False	False
GSE291670	GSE291670	NMB_NMBR	GPR	Secreted Signaling	NMB	NMBR	NMB	NMBR	outgoing	TNK	0.0	0.0	1.0	1.0	False	False	0.0	other	False	False
GSE291670	GSE291670	KNG1_BDKRB1	BRADYKININ	Secreted Signaling	KNG1	BDKRB1	KNG1	BDKRB1	outgoing	TNK	0.0	0.0	1.0	1.0	False	False	0.0	other	False	False
GSE291670	GSE291670	KNG1_BDKRB2	BRADYKININ	Secreted Signaling	KNG1	BDKRB2	KNG1	BDKRB2	outgoing	TNK	0.0	0.0	1.0	1.0	False	False	0.0	other	False	False
GSE291670	GSE291670	C3_C3AR1	COMPLEMENT	Secreted Signaling	C3	C3AR1	C3	C3AR1	outgoing	TNK	0.0	0.0	1.0	1.0	False	False	0.0	other	False	False
GSE291670	GSE291670	C3_CR2	COMPLEMENT	Secreted Signaling	C3	CR2	C3	CR2	outgoing	TNK	0.0	0.0	1.0	1.0	False	False	0.0	other	False	False
GSE291670	GSE291670	C4A_C3AR1	COMPLEMENT	Secreted Signaling	C4A	C3AR1	C4A	C3AR1	outgoing	TNK	0.0	0.0	1.0	1.0	False	False	0.0	other	False	False
GSE291670	GSE291670	C4A_CR2	COMPLEMENT	Secreted Signaling	C4A	CR2	C4A	CR2	outgoing	TNK	0.0	0.0	1.0	1.0	False	False	0.0	other	False	False
GSE291670	GSE291670	HC_C5AR1	COMPLEMENT	Secreted Signaling	C5	C5AR1	C5	C5AR1	outgoing	TNK	0.0	0.0	1.0	1.0	False	False	0.0	other	False	False
GSE291670	GSE291670	CCK_CCKAR	CCK	Secreted Signaling	CCK	CCKAR	CCK	CCKAR	outgoing	TNK	0.0	0.0	1.0	1.0	False	False	0.0	other	False	False
GSE291670	GSE291670	CCK_CCKBR	CCK	Secreted Signaling	CCK	CCKBR	CCK	CCKBR	outgoing	TNK	0.0	0.0	1.0	1.0	False	False	0.0	other	False	False
GSE291670	GSE291670	EDN1_EDNRA	EDN	Secreted Signaling	EDN1	EDNRA	EDN1	EDNRA	outgoing	TNK	0.0	0.0	1.0	1.0	False	False	0.0	other	False	False
GSE291670	GSE291670	EDN2_EDNRA	EDN	Secreted Signaling	EDN2	EDNRA	EDN2	EDNRA	outgoing	TNK	0.0	0.0	1.0	1.0	False	False	0.0	other	False	False
GSE291670	GSE291670	EDN3_EDNRA	EDN	Secreted Signaling	EDN3	EDNRA	EDN3	EDNRA	outgoing	TNK	0.0	0.0	1.0	1.0	False	False	0.0	other	False	False
GSE291670	GSE291670	EDN1_EDNRB	EDN	Secreted Signaling	EDN1	EDNRB	EDN1	EDNRB	outgoing	TNK	0.0	0.0	1.0	1.0	False	False	0.0	other	False	False
GSE291670	GSE291670	EDN2_EDNRB	EDN	Secreted Signaling	EDN2	EDNRB	EDN2	EDNRB	outgoing	TNK	0.0	0.0	1.0	1.0	False	False	0.0	other	False	False
GSE291670	GSE291670	EDN3_EDNRB	EDN	Secreted Signaling	EDN3	EDNRB	EDN3	EDNRB	outgoing	TNK	0.0	0.0	1.0	1.0	False	False	0.0	other	False	False
GSE291670	GSE291670	GAL_GALR1	GALANIN	Secreted Signaling	GAL	GALR1	GAL	GALR1	outgoing	TNK	0.0	0.0	1.0	1.0	False	False	0.0	other	False	False
GSE291670	GSE291670	GAL_GALR2	GALANIN	Secreted Signaling	GAL	GALR2	GAL	GALR2	outgoing	TNK	0.0	0.0	1.0	1.0	False	False	0.0	other	False	False
GSE291670	GSE291670	GAL_GALR3	GALANIN	Secreted Signaling	GAL	GALR3	GAL	GALR3	outgoing	TNK	0.0	0.0	1.0	1.0	False	False	0.0	other	False	False
GSE291670	GSE291670	GALP_GALR1	GALANIN	Secreted Signaling	GALP	GALR1	GALP	GALR1	outgoing	TNK	0.0	0.0	1.0	1.0	False	False	0.0	other	False	False
GSE291670	GSE291670	GALP_GALR2	GALANIN	Secreted Signaling	GALP	GALR2	GALP	GALR2	outgoing	TNK	0.0	0.0	1.0	1.0	False	False	0.0	other	False	False
GSE291670	GSE291670	GHRL_GHSR	GHRELIN	Secreted Signaling	GHRL	GHSR	GHRL	GHSR	outgoing	TNK	0.0	0.0	1.0	1.0	False	False	0.0	other	False	False
GSE291670	GSE291670	KISS1_KISS1R	KISS1	Secreted Signaling	KISS1	KISS1R	KISS1	KISS1R	outgoing	TNK	0.0	0.0	1.0	1.0	False	False	0.0	other	False	False
GSE291670	GSE291670	POMC_MC1R	MELANOCORTIN	Secreted Signaling	POMC	MC1R	POMC	MC1R	outgoing	TNK	0.0	0.0	1.0	1.0	False	False	0.0	other	False	False
GSE291670	GSE291670	POMC_MC2R	MELANOCORTIN	Secreted Signaling	POMC	MC2R	POMC	MC2R	outgoing	TNK	0.0	0.0	1.0	1.0	False	False	0.0	other	False	False
GSE291670	GSE291670	POMC_MC3R	MELANOCORTIN	Secreted Signaling	POMC	MC3R	POMC	MC3R	outgoing	TNK	0.0	0.0	1.0	1.0	False	False	0.0	other	False	False
GSE291670	GSE291670	POMC_MC4R	MELANOCORTIN	Secreted Signaling	POMC	MC4R	POMC	MC4R	outgoing	TNK	0.0	0.0	1.0	1.0	False	False	0.0	other	False	False
GSE291670	GSE291670	POMC_MC5R	MELANOCORTIN	Secreted Signaling	POMC	MC5R	POMC	MC5R	outgoing	TNK	0.0	0.0	1.0	1.0	False	False	0.0	other	False	False
GSE291670	GSE291670	NMU_NMUR1	NMU	Secreted Signaling	NMU	NMUR1	NMU	NMUR1	outgoing	TNK	0.0	0.0	1.0	1.0	False	False	0.0	other	False	False
GSE291670	GSE291670	NMU_NMUR2	NMU	Secreted Signaling	NMU	NMUR2	NMU	NMUR2	outgoing	TNK	0.0	0.0	1.0	1.0	False	False	0.0	other	False	False
GSE291670	GSE291670	NMS_NMUR1	NMU	Secreted Signaling	NMS	NMUR1	NMS	NMUR1	outgoing	TNK	0.0	0.0	1.0	1.0	False	False	0.0	other	False	False
GSE291670	GSE291670	NMS_NMUR2	NMU	Secreted Signaling	NMS	NMUR2	NMS	NMUR2	outgoing	TNK	0.0	0.0	1.0	1.0	False	False	0.0	other	False	False
GSE291670	GSE291670	NPFF_NPFFR1	NPFF	Secreted Signaling	NPFF	NPFFR1	NPFF	NPFFR1	outgoing	TNK	0.0	0.0	1.0	1.0	False	False	0.0	other	False	False
GSE291670	GSE291670	NPFF_NPFFR2	NPFF	Secreted Signaling	NPFF	NPFFR2	NPFF	NPFFR2	outgoing	TNK	0.0	0.0	1.0	1.0	False	False	0.0	other	False	False
GSE291670	GSE291670	NPY_NPY1R	NPY	Secreted Signaling	NPY	NPY1R	NPY	NPY1R	outgoing	TNK	0.0	0.0	1.0	1.0	False	False	0.0	other	False	False
GSE291670	GSE291670	NPY_NPY2R	NPY	Secreted Signaling	NPY	NPY2R	NPY	NPY2R	outgoing	TNK	0.0	0.0	1.0	1.0	False	False	0.0	other	False	False
GSE291670	GSE291670	NPY_NPY4R	NPY	Secreted Signaling	NPY	NPY4R	NPY	NPY4R	outgoing	TNK	0.0	0.0	1.0	1.0	False	False	0.0	other	False	False
GSE291670	GSE291670	NPY_NPY5R	NPY	Secreted Signaling	NPY	NPY5R	NPY	NPY5R	outgoing	TNK	0.0	0.0	1.0	1.0	False	False	0.0	other	False	False
GSE291670	GSE291670	NPY_GPR83	NPY	Secreted Signaling	NPY	GPR83	NPY	GPR83	outgoing	TNK	0.0	0.0	1.0	1.0	False	False	0.0	other	False	False
GSE291670	GSE291670	PPY_NPY1R	NPY	Secreted Signaling	PPY	NPY1R	PPY	NPY1R	outgoing	TNK	0.0	0.0	1.0	1.0	False	False	0.0	other	False	False
GSE291670	GSE291670	PPY_NPY2R	NPY	Secreted Signaling	PPY	NPY2R	PPY	NPY2R	outgoing	TNK	0.0	0.0	1.0	1.0	False	False	0.0	other	False	False
GSE291670	GSE291670	PPY_NPY4R	NPY	Secreted Signaling	PPY	NPY4R	PPY	NPY4R	outgoing	TNK	0.0	0.0	1.0	1.0	False	False	0.0	other	False	False
GSE291670	GSE291670	PPY_NPY5R	NPY	Secreted Signaling	PPY	NPY5R	PPY	NPY5R	outgoing	TNK	0.0	0.0	1.0	1.0	False	False	0.0	other	False	False
GSE291670	GSE291670	PPY_GPR83	NPY	Secreted Signaling	PPY	GPR83	PPY	GPR83	outgoing	TNK	0.0	0.0	1.0	1.0	False	False	0.0	other	False	False
GSE291670	GSE291670	PYY_NPY1R	NPY	Secreted Signaling	PYY	NPY1R	PYY	NPY1R	outgoing	TNK	0.0	0.0	1.0	1.0	False	False	0.0	other	False	False
GSE291670	GSE291670	PYY_NPY2R	NPY	Secreted Signaling	PYY	NPY2R	PYY	NPY2R	outgoing	TNK	0.0	0.0	1.0	1.0	False	False	0.0	other	False	False
GSE291670	GSE291670	PYY_NPY4R	NPY	Secreted Signaling	PYY	NPY4R	PYY	NPY4R	outgoing	TNK	0.0	0.0	1.0	1.0	False	False	0.0	other	False	False
GSE291670	GSE291670	PYY_NPY5R	NPY	Secreted Signaling	PYY	NPY5R	PYY	NPY5R	outgoing	TNK	0.0	0.0	1.0	1.0	False	False	0.0	other	False	False
GSE291670	GSE291670	PYY_GPR83	NPY	Secreted Signaling	PYY	GPR83	PYY	GPR83	outgoing	TNK	0.0	0.0	1.0	1.0	False	False	0.0	other	False	False
GSE291670	GSE291670	NPB_NPBWR1	NPW-B	Secreted Signaling	NPB	NPBWR1	NPB	NPBWR1	outgoing	TNK	0.0	0.0	1.0	1.0	False	False	0.0	other	False	False
GSE291670	GSE291670	NPW_NPBWR1	NPW-B	Secreted Signaling	NPW	NPBWR1	NPW	NPBWR1	outgoing	TNK	0.0	0.0	1.0	1.0	False	False	0.0	other	False	False
GSE291670	GSE291670	NTS_NTSR1	NTS	Secreted Signaling	NTS	NTSR1	NTS	NTSR1	outgoing	TNK	0.0	0.0	1.0	1.0	False	False	0.0	other	False	False
GSE291670	GSE291670	NTS_NTSR2	NTS	Secreted Signaling	NTS	NTSR2	NTS	NTSR2	outgoing	TNK	0.0	0.0	1.0	1.0	False	False	0.0	other	False	False
GSE291670	GSE291670	PDYN_OPRD1	OPIOID	Secreted Signaling	PDYN	OPRD1	PDYN	OPRD1	outgoing	TNK	0.0	0.0	1.0	1.0	False	False	0.0	other	False	False
GSE291670	GSE291670	PDYN_OPRK1	OPIOID	Secreted Signaling	PDYN	OPRK1	PDYN	OPRK1	outgoing	TNK	0.0	0.0	1.0	1.0	False	False	0.0	other	False	False
GSE291670	GSE291670	PDYN_OPRL1	OPIOID	Secreted Signaling	PDYN	OPRL1	PDYN	OPRL1	outgoing	TNK	0.0	0.0	1.0	1.0	False	False	0.0	other	False	False
GSE291670	GSE291670	PDYN_OPRM1	OPIOID	Secreted Signaling	PDYN	OPRM1	PDYN	OPRM1	outgoing	TNK	0.0	0.0	1.0	1.0	False	False	0.0	other	False	False
GSE291670	GSE291670	PENK_OPRD1	OPIOID	Secreted Signaling	PENK	OPRD1	PENK	OPRD1	outgoing	TNK	0.0	0.0	1.0	1.0	False	False	0.0	other	False	False
GSE291670	GSE291670	PENK_OPRK1	OPIOID	Secreted Signaling	PENK	OPRK1	PENK	OPRK1	outgoing	TNK	0.0	0.0	1.0	1.0	False	False	0.0	other	False	False
GSE291670	GSE291670	PENK_OPRL1	OPIOID	Secreted Signaling	PENK	OPRL1	PENK	OPRL1	outgoing	TNK	0.0	0.0	1.0	1.0	False	False	0.0	other	False	False
GSE291670	GSE291670	PENK_OPRM1	OPIOID	Secreted Signaling	PENK	OPRM1	PENK	OPRM1	outgoing	TNK	0.0	0.0	1.0	1.0	False	False	0.0	other	False	False
GSE291670	GSE291670	POMC_OPRD1	OPIOID	Secreted Signaling	POMC	OPRD1	POMC	OPRD1	outgoing	TNK	0.0	0.0	1.0	1.0	False	False	0.0	other	False	False
GSE291670	GSE291670	POMC_OPRK1	OPIOID	Secreted Signaling	POMC	OPRK1	POMC	OPRK1	outgoing	TNK	0.0	0.0	1.0	1.0	False	False	0.0	other	False	False
GSE291670	GSE291670	POMC_OPRL1	OPIOID	Secreted Signaling	POMC	OPRL1	POMC	OPRL1	outgoing	TNK	0.0	0.0	1.0	1.0	False	False	0.0	other	False	False
GSE291670	GSE291670	POMC_OPRM1	OPIOID	Secreted Signaling	POMC	OPRM1	POMC	OPRM1	outgoing	TNK	0.0	0.0	1.0	1.0	False	False	0.0	other	False	False
GSE291670	GSE291670	HCRT_HCRTR1	HCRT	Secreted Signaling	HCRT	HCRTR1	HCRT	HCRTR1	outgoing	TNK	0.0	0.0	1.0	1.0	False	False	0.0	other	False	False
GSE291670	GSE291670	HCRT_HCRTR2	HCRT	Secreted Signaling	HCRT	HCRTR2	HCRT	HCRTR2	outgoing	TNK	0.0	0.0	1.0	1.0	False	False	0.0	other	False	False
GSE291670	GSE291670	OXT_OXTR	OXT	Secreted Signaling	OXT	OXTR	OXT	OXTR	outgoing	TNK	0.0	0.0	1.0	1.0	False	False	0.0	other	False	False
GSE291670	GSE291670	SST_SSTR1	SOMATOSTATIN	Secreted Signaling	SST	SSTR1	SST	SSTR1	outgoing	TNK	0.0	0.0	1.0	1.0	False	False	0.0	other	False	False
GSE291670	GSE291670	SST_SSTR2	SOMATOSTATIN	Secreted Signaling	SST	SSTR2	SST	SSTR2	outgoing	TNK	0.0	0.0	1.0	1.0	False	False	0.0	other	False	False
GSE291670	GSE291670	SST_SSTR3	SOMATOSTATIN	Secreted Signaling	SST	SSTR3	SST	SSTR3	outgoing	TNK	0.0	0.0	1.0	1.0	False	False	0.0	other	False	False
GSE291670	GSE291670	SST_SSTR4	SOMATOSTATIN	Secreted Signaling	SST	SSTR4	SST	SSTR4	outgoing	TNK	0.0	0.0	1.0	1.0	False	False	0.0	other	False	False
GSE291670	GSE291670	SST_SSTR5	SOMATOSTATIN	Secreted Signaling	SST	SSTR5	SST	SSTR5	outgoing	TNK	0.0	0.0	1.0	1.0	False	False	0.0	other	False	False
GSE291670	GSE291670	CORT_SSTR1	SOMATOSTATIN	Secreted Signaling	CORT	SSTR1	CORT	SSTR1	outgoing	TNK	0.0	0.0	1.0	1.0	False	False	0.0	other	False	False
GSE291670	GSE291670	CORT_SSTR2	SOMATOSTATIN	Secreted Signaling	CORT	SSTR2	CORT	SSTR2	outgoing	TNK	0.0	0.0	1.0	1.0	False	False	0.0	other	False	False
GSE291670	GSE291670	CORT_SSTR3	SOMATOSTATIN	Secreted Signaling	CORT	SSTR3	CORT	SSTR3	outgoing	TNK	0.0	0.0	1.0	1.0	False	False	0.0	other	False	False
GSE291670	GSE291670	CORT_SSTR4	SOMATOSTATIN	Secreted Signaling	CORT	SSTR4	CORT	SSTR4	outgoing	TNK	0.0	0.0	1.0	1.0	False	False	0.0	other	False	False
GSE291670	GSE291670	CORT_SSTR5	SOMATOSTATIN	Secreted Signaling	CORT	SSTR5	CORT	SSTR5	outgoing	TNK	0.0	0.0	1.0	1.0	False	False	0.0	other	False	False
GSE291670	GSE291670	TAC1_TACR1	TAC	Secreted Signaling	TAC1	TACR1	TAC1	TACR1	outgoing	TNK	0.0	0.0	1.0	1.0	False	False	0.0	other	False	False
GSE291670	GSE291670	TAC4_TACR1	TAC	Secreted Signaling	TAC4	TACR1	TAC4	TACR1	outgoing	TNK	0.0	0.0	1.0	1.0	False	False	0.0	other	False	False
GSE291670	GSE291670	TAC1_TACR2	TAC	Secreted Signaling	TAC1	TACR2	TAC1	TACR2	outgoing	TNK	0.0	0.0	1.0	1.0	False	False	0.0	other	False	False
GSE291670	GSE291670	TAC2_TACR3	TAC	Secreted Signaling	TAC3	TACR3	TAC3	TACR3	outgoing	TNK	0.0	0.0	1.0	1.0	False	False	0.0	other	False	False
GSE291670	GSE291670	UTS2_UTS2R	UTS2	Secreted Signaling	UTS2	UTS2R	UTS2	UTS2R	outgoing	TNK	0.0	0.0	1.0	1.0	False	False	0.0	other	False	False
GSE291670	GSE291670	AVP_AVPR2	AVP	Secreted Signaling	AVP	AVPR2	AVP	AVPR2	outgoing	TNK	0.0	0.0	1.0	1.0	False	False	0.0	other	False	False
GSE291670	GSE291670	AVP_AVPR1A	AVP	Secreted Signaling	AVP	AVPR1A	AVP	AVPR1A	outgoing	TNK	0.0	0.0	1.0	1.0	False	False	0.0	other	False	False
GSE291670	GSE291670	AVP_AVPR1B	AVP	Secreted Signaling	AVP	AVPR1B	AVP	AVPR1B	outgoing	TNK	0.0	0.0	1.0	1.0	False	False	0.0	other	False	False
GSE291670	GSE291670	PRLH_PRLHR	PRLH	Secreted Signaling	PRLH	PRLHR	PRLH	PRLHR	outgoing	TNK	0.0	0.0	1.0	1.0	False	False	0.0	other	False	False
GSE291670	GSE291670	PRSS3_F2R	PARs	Secreted Signaling	PRSS3	F2R	PRSS3	F2R	outgoing	TNK	0.0	0.0	1.0	1.0	False	False	0.0	other	False	False
GSE291670	GSE291670	CTSG_F2R	PARs	Secreted Signaling	CTSG	F2R	CTSG	F2R	outgoing	TNK	0.0	0.0	1.0	1.0	False	False	0.0	other	False	False
GSE291670	GSE291670	F2_F2R	PARs	Secreted Signaling	F2	F2R	F2	F2R	outgoing	TNK	0.0	0.0	1.0	1.0	False	False	0.0	other	False	False
GSE291670	GSE291670	PLG_F2R	PARs	Secreted Signaling	PLG	F2R	PLG	F2R	outgoing	TNK	0.0	0.0	1.0	1.0	False	False	0.0	other	False	False
GSE291670	GSE291670	GZMA_F2R	PARs	Secreted Signaling	GZMA	F2R	GZMA	F2R	outgoing	TNK	0.0	0.0	1.0	1.0	False	False	0.0	other	False	False
GSE291670	GSE291670	PRSS2_F2R	PARs	Secreted Signaling	PRSS2	F2R	PRSS2	F2R	outgoing	TNK	0.0	0.0	1.0	1.0	False	False	0.0	other	False	False
GSE291670	GSE291670	PRSS1_F2R	PARs	Secreted Signaling	PRSS1	F2R	PRSS1	F2R	outgoing	TNK	0.0	0.0	1.0	1.0	False	False	0.0	other	False	False
GSE291670	GSE291670	PRSS3_F2RL1	PARs	Secreted Signaling	PRSS3	F2RL1	PRSS3	F2RL1	outgoing	TNK	0.0	0.0	1.0	1.0	False	False	0.0	other	False	False
GSE291670	GSE291670	CTSG_F2RL1	PARs	Secreted Signaling	CTSG	F2RL1	CTSG	F2RL1	outgoing	TNK	0.0	0.0	1.0	1.0	False	False	0.0	other	False	False
GSE291670	GSE291670	F2_F2RL1	PARs	Secreted Signaling	F2	F2RL1	F2	F2RL1	outgoing	TNK	0.0	0.0	1.0	1.0	False	False	0.0	other	False	False
GSE291670	GSE291670	PLG_F2RL1	PARs	Secreted Signaling	PLG	F2RL1	PLG	F2RL1	outgoing	TNK	0.0	0.0	1.0	1.0	False	False	0.0	other	False	False
GSE291670	GSE291670	GZMA_F2RL1	PARs	Secreted Signaling	GZMA	F2RL1	GZMA	F2RL1	outgoing	TNK	0.0	0.0	1.0	1.0	False	False	0.0	other	False	False
GSE291670	GSE291670	PRSS2_F2RL1	PARs	Secreted Signaling	PRSS2	F2RL1	PRSS2	F2RL1	outgoing	TNK	0.0	0.0	1.0	1.0	False	False	0.0	other	False	False
GSE291670	GSE291670	PRSS1_F2RL1	PARs	Secreted Signaling	PRSS1	F2RL1	PRSS1	F2RL1	outgoing	TNK	0.0	0.0	1.0	1.0	False	False	0.0	other	False	False
GSE291670	GSE291670	PRSS3_F2RL2	PARs	Secreted Signaling	PRSS3	F2RL2	PRSS3	F2RL2	outgoing	TNK	0.0	0.0	1.0	1.0	False	False	0.0	other	False	False
GSE291670	GSE291670	CTSG_F2RL2	PARs	Secreted Signaling	CTSG	F2RL2	CTSG	F2RL2	outgoing	TNK	0.0	0.0	1.0	1.0	False	False	0.0	other	False	False
GSE291670	GSE291670	F2_F2RL2	PARs	Secreted Signaling	F2	F2RL2	F2	F2RL2	outgoing	TNK	0.0	0.0	1.0	1.0	False	False	0.0	other	False	False
GSE291670	GSE291670	PLG_F2RL2	PARs	Secreted Signaling	PLG	F2RL2	PLG	F2RL2	outgoing	TNK	0.0	0.0	1.0	1.0	False	False	0.0	other	False	False
GSE291670	GSE291670	GZMA_F2RL2	PARs	Secreted Signaling	GZMA	F2RL2	GZMA	F2RL2	outgoing	TNK	0.0	0.0	1.0	1.0	False	False	0.0	other	False	False
GSE291670	GSE291670	PRSS2_F2RL2	PARs	Secreted Signaling	PRSS2	F2RL2	PRSS2	F2RL2	outgoing	TNK	0.0	0.0	1.0	1.0	False	False	0.0	other	False	False
GSE291670	GSE291670	PRSS1_F2RL2	PARs	Secreted Signaling	PRSS1	F2RL2	PRSS1	F2RL2	outgoing	TNK	0.0	0.0	1.0	1.0	False	False	0.0	other	False	False
GSE291670	GSE291670	PRSS3_F2RL3	PARs	Secreted Signaling	PRSS3	F2RL3	PRSS3	F2RL3	outgoing	TNK	0.0	0.0	1.0	1.0	False	False	0.0	other	False	False
GSE291670	GSE291670	CTSG_F2RL3	PARs	Secreted Signaling	CTSG	F2RL3	CTSG	F2RL3	outgoing	TNK	0.0	0.0	1.0	1.0	False	False	0.0	other	False	False
GSE291670	GSE291670	F2_F2RL3	PARs	Secreted Signaling	F2	F2RL3	F2	F2RL3	outgoing	TNK	0.0	0.0	1.0	1.0	False	False	0.0	other	False	False
GSE291670	GSE291670	GZMA_F2RL3	PARs	Secreted Signaling	GZMA	F2RL3	GZMA	F2RL3	outgoing	TNK	0.0	0.0	1.0	1.0	False	False	0.0	other	False	False
GSE291670	GSE291670	PLG_F2RL3	PARs	Secreted Signaling	PLG	F2RL3	PLG	F2RL3	outgoing	TNK	0.0	0.0	1.0	1.0	False	False	0.0	other	False	False
GSE291670	GSE291670	PRSS2_F2RL3	PARs	Secreted Signaling	PRSS2	F2RL3	PRSS2	F2RL3	outgoing	TNK	0.0	0.0	1.0	1.0	False	False	0.0	other	False	False
GSE291670	GSE291670	PRSS1_F2RL3	PARs	Secreted Signaling	PRSS1	F2RL3	PRSS1	F2RL3	outgoing	TNK	0.0	0.0	1.0	1.0	False	False	0.0	other	False	False
GSE291670	GSE291670	PRSS3_PARD3	PARs	Secreted Signaling	PRSS3	PARD3	PRSS3	PARD3	outgoing	TNK	0.0	0.0	1.0	1.0	False	False	0.0	other	False	False
GSE291670	GSE291670	CTSG_PARD3	PARs	Secreted Signaling	CTSG	PARD3	CTSG	PARD3	outgoing	TNK	0.0	0.0	1.0	1.0	False	False	0.0	other	False	False
GSE291670	GSE291670	F2_PARD3	PARs	Secreted Signaling	F2	PARD3	F2	PARD3	outgoing	TNK	0.0	0.0	1.0	1.0	False	False	0.0	other	False	False
GSE291670	GSE291670	GZMA_PARD3	PARs	Secreted Signaling	GZMA	PARD3	GZMA	PARD3	outgoing	TNK	0.0	0.0	1.0	1.0	False	False	0.0	other	False	False
GSE291670	GSE291670	PLG_PARD3	PARs	Secreted Signaling	PLG	PARD3	PLG	PARD3	outgoing	TNK	0.0	0.0	1.0	1.0	False	False	0.0	other	False	False
GSE291670	GSE291670	PRSS2_PARD3	PARs	Secreted Signaling	PRSS2	PARD3	PRSS2	PARD3	outgoing	TNK	0.0	0.0	1.0	1.0	False	False	0.0	other	False	False
GSE291670	GSE291670	PRSS1_PARD3	PARs	Secreted Signaling	PRSS1	PARD3	PRSS1	PARD3	outgoing	TNK	0.0	0.0	1.0	1.0	False	False	0.0	other	False	False
GSE291670	GSE291670	PMCH_MCHR1	PMCH	Secreted Signaling	PMCH	MCHR1	PMCH	MCHR1	outgoing	TNK	0.0	0.0	1.0	1.0	False	False	0.0	other	False	False
GSE291670	GSE291670	PROK1_PROKR2	PROK	Secreted Signaling	PROK1	PROKR2	PROK1	PROKR2	outgoing	TNK	0.0	0.0	1.0	1.0	False	False	0.0	other	False	False
GSE291670	GSE291670	PROK1_PROKR1	PROK	Secreted Signaling	PROK1	PROKR1	PROK1	PROKR1	outgoing	TNK	0.0	0.0	1.0	1.0	False	False	0.0	other	False	False
GSE291670	GSE291670	PROK2_PROKR1	PROK	Secreted Signaling	PROK2	PROKR1	PROK2	PROKR1	outgoing	TNK	0.0	0.0	1.0	1.0	False	False	0.0	other	False	False
GSE291670	GSE291670	PROK2_PROKR2	PROK	Secreted Signaling	PROK2	PROKR2	PROK2	PROKR2	outgoing	TNK	0.0	0.0	1.0	1.0	False	False	0.0	other	False	False
GSE291670	GSE291670	ADCYAP1_ADCYAP1R1	PACAP	Secreted Signaling	ADCYAP1	ADCYAP1R1	ADCYAP1	ADCYAP1R1	outgoing	TNK	0.0	0.0	1.0	1.0	False	False	0.0	other	False	False
GSE291670	GSE291670	VIP_VIPR1	VIP	Secreted Signaling	VIP	VIPR1	VIP	VIPR1	outgoing	TNK	0.0	0.0	1.0	1.0	False	False	0.0	other	False	False
GSE291670	GSE291670	VIP_VIPR2	VIP	Secreted Signaling	VIP	VIPR2	VIP	VIPR2	outgoing	TNK	0.0	0.0	1.0	1.0	False	False	0.0	other	False	False
GSE291670	GSE291670	NPPA_NPR1	NPR1	Secreted Signaling	NPPA	NPR1	NPPA	NPR1	outgoing	TNK	0.0	0.0	1.0	1.0	False	False	0.0	other	False	False
GSE291670	GSE291670	NPPB_NPR1	NPR1	Secreted Signaling	NPPB	NPR1	NPPB	NPR1	outgoing	TNK	0.0	0.0	1.0	1.0	False	False	0.0	other	False	False
GSE291670	GSE291670	NPPC_NPR2	NPR2	Secreted Signaling	NPPC	NPR2	NPPC	NPR2	outgoing	TNK	0.0	0.0	1.0	1.0	False	False	0.0	other	False	False
GSE291670	GSE291670	KITL_KIT	KIT	Secreted Signaling	KITLG	KIT	KITLG	KIT	outgoing	TNK	0.0	0.0	1.0	1.0	False	False	0.0	other	False	False
GSE291670	GSE291670	GCG_GIPR	GIPR	Secreted Signaling	GCG	GIPR	GCG	GIPR	outgoing	TNK	0.0	0.0	1.0	1.0	False	False	0.0	other	False	False
GSE291670	GSE291670	GIP_GIPR	GIPR	Secreted Signaling	GIP	GIPR	GIP	GIPR	outgoing	TNK	0.0	0.0	1.0	1.0	False	False	0.0	other	False	False
GSE291670	GSE291670	FSHB_FSHR	FSH	Secreted Signaling	FSHB	FSHR	FSHB	FSHR	outgoing	TNK	0.0	0.0	1.0	1.0	False	False	0.0	other	False	False
GSE291670	GSE291670	CGA_FSHR	FSH	Secreted Signaling	CGA	FSHR	CGA	FSHR	outgoing	TNK	0.0	0.0	1.0	1.0	False	False	0.0	other	False	False
GSE291670	GSE291670	LHB_LHCGR	LHB	Secreted Signaling	LHB	LHCGR	LHB	LHCGR	outgoing	TNK	0.0	0.0	1.0	1.0	False	False	0.0	other	False	False
GSE291670	GSE291670	CGA_LHCGR	LHB	Secreted Signaling	CGA	LHCGR	CGA	LHCGR	outgoing	TNK	0.0	0.0	1.0	1.0	False	False	0.0	other	False	False
GSE291670	GSE291670	TSHB_TSHR	TSH	Secreted Signaling	TSHB	TSHR	TSHB	TSHR	outgoing	TNK	0.0	0.0	1.0	1.0	False	False	0.0	other	False	False
GSE291670	GSE291670	CGA_TSHR	TSH	Secreted Signaling	CGA	TSHR	CGA	TSHR	outgoing	TNK	0.0	0.0	1.0	1.0	False	False	0.0	other	False	False
GSE291670	GSE291670	BDNF_NTRK2	NT	Secreted Signaling	BDNF	NTRK2	BDNF	NTRK2	outgoing	TNK	0.0	0.0	1.0	1.0	False	False	0.0	other	False	False
GSE291670	GSE291670	NGF_NTRK1	NT	Secreted Signaling	NGF	NTRK1	NGF	NTRK1	outgoing	TNK	0.0	0.0	1.0	1.0	False	False	0.0	other	False	False
GSE291670	GSE291670	FLT3L_FLT3	FLT3	Secreted Signaling	FLT3LG	FLT3	FLT3LG	FLT3	outgoing	TNK	0.0	0.0	1.0	1.0	False	False	0.0	other	False	False
GSE291670	GSE291670	HGF_MET	HGF	Secreted Signaling	HGF	MET	HGF	MET	outgoing	TNK	0.0	0.0	1.0	1.0	False	False	0.0	other	False	False
GSE291670	GSE291670	KLK3_NTRK1	NT	Secreted Signaling	KLK3	NTRK1	KLK3	NTRK1	outgoing	TNK	0.0	0.0	1.0	1.0	False	False	0.0	other	False	False
GSE291670	GSE291670	NTF3_NTRK1	NT	Secreted Signaling	NTF3	NTRK1	NTF3	NTRK1	outgoing	TNK	0.0	0.0	1.0	1.0	False	False	0.0	other	False	False
GSE291670	GSE291670	NTF3_NTRK2	NT	Secreted Signaling	NTF3	NTRK2	NTF3	NTRK2	outgoing	TNK	0.0	0.0	1.0	1.0	False	False	0.0	other	False	False
GSE291670	GSE291670	NTF3_NTRK3	NT	Secreted Signaling	NTF3	NTRK3	NTF3	NTRK3	outgoing	TNK	0.0	0.0	1.0	1.0	False	False	0.0	other	False	False
GSE291670	GSE291670	NTF5_NTRK2	NT	Secreted Signaling	NTF4	NTRK2	NTF4	NTRK2	outgoing	TNK	0.0	0.0	1.0	1.0	False	False	0.0	other	False	False
GSE291670	GSE291670	SEMA3C_PLXND1	SEMA3	Secreted Signaling	SEMA3C	PLXND1	SEMA3C	PLXND1	outgoing	TNK	0.0	0.0	1.0	1.0	False	False	0.0	other	False	False
GSE291670	GSE291670	SEMA3E_PLXND1	SEMA3	Secreted Signaling	SEMA3E	PLXND1	SEMA3E	PLXND1	outgoing	TNK	0.0	0.0	1.0	1.0	False	False	0.0	other	False	False
GSE291670	GSE291670	ADM_CALCR	CALCR	Secreted Signaling	ADM	CALCR	ADM	CALCR	outgoing	TNK	0.0	0.0	1.0	1.0	False	False	0.0	other	False	False
GSE291670	GSE291670	ADM_CALCRL	CALCR	Secreted Signaling	ADM	CALCRL	ADM	CALCRL	outgoing	TNK	0.0	0.0	1.0	1.0	False	False	0.0	other	False	False
GSE291670	GSE291670	AGT_MAS1	AGT	Secreted Signaling	AGT	MAS1	AGT	MAS1	outgoing	TNK	0.0	0.0	1.0	1.0	False	False	0.0	other	False	False
GSE291670	GSE291670	ANXA1_FPR2	ANNEXIN	Secreted Signaling	ANXA1	FPR2	ANXA1	FPR2	outgoing	TNK	0.0	0.0	1.0	1.0	False	False	0.0	other	False	False
GSE291670	GSE291670	ANXA1_FPR1	ANNEXIN	Secreted Signaling	ANXA1	FPR1	ANXA1	FPR1	outgoing	TNK	0.0	0.0	1.0	1.0	False	False	0.0	other	False	False
GSE291670	GSE291670	APELA_APLNR	APJ	Secreted Signaling	APELA	APLNR	APELA	APLNR	outgoing	TNK	0.0	0.0	1.0	1.0	False	False	0.0	other	False	False
GSE291670	GSE291670	CALCA_CALCR	CALCR	Secreted Signaling	CALCA	CALCR	CALCA	CALCR	outgoing	TNK	0.0	0.0	1.0	1.0	False	False	0.0	other	False	False
GSE291670	GSE291670	CALCA_CALCRL	CALCR	Secreted Signaling	CALCA	CALCRL	CALCA	CALCRL	outgoing	TNK	0.0	0.0	1.0	1.0	False	False	0.0	other	False	False
GSE291670	GSE291670	CALCB_CALCR	CALCR	Secreted Signaling	CALCB	CALCR	CALCB	CALCR	outgoing	TNK	0.0	0.0	1.0	1.0	False	False	0.0	other	False	False
GSE291670	GSE291670	CALCB_CALCRL	CALCR	Secreted Signaling	CALCB	CALCRL	CALCB	CALCRL	outgoing	TNK	0.0	0.0	1.0	1.0	False	False	0.0	other	False	False
GSE291670	GSE291670	CRH_CRHR1	CRH	Secreted Signaling	CRH	CRHR1	CRH	CRHR1	outgoing	TNK	0.0	0.0	1.0	1.0	False	False	0.0	other	False	False
GSE291670	GSE291670	CRH_CRHR2	CRH	Secreted Signaling	CRH	CRHR2	CRH	CRHR2	outgoing	TNK	0.0	0.0	1.0	1.0	False	False	0.0	other	False	False
GSE291670	GSE291670	ENHO_GPR19	ENHO	Secreted Signaling	ENHO	GPR19	ENHO	GPR19	outgoing	TNK	0.0	0.0	1.0	1.0	False	False	0.0	other	False	False
GSE291670	GSE291670	GAS6_AXL	GAS	Secreted Signaling	GAS6	AXL	GAS6	AXL	outgoing	TNK	0.0	0.0	1.0	1.0	False	False	0.0	other	False	False
GSE291670	GSE291670	GAS6_MERTK	GAS	Secreted Signaling	GAS6	MERTK	GAS6	MERTK	outgoing	TNK	0.0	0.0	1.0	1.0	False	False	0.0	other	False	False
GSE291670	GSE291670	GAS6_TYRO3	GAS	Secreted Signaling	GAS6	TYRO3	GAS6	TYRO3	outgoing	TNK	0.0	0.0	1.0	1.0	False	False	0.0	other	False	False
GSE291670	GSE291670	GCG_GCGR	GCG	Secreted Signaling	GCG	GCGR	GCG	GCGR	outgoing	TNK	0.0	0.0	1.0	1.0	False	False	0.0	other	False	False
GSE291670	GSE291670	GCG_GLP1R	GCG	Secreted Signaling	GCG	GLP1R	GCG	GLP1R	outgoing	TNK	0.0	0.0	1.0	1.0	False	False	0.0	other	False	False
GSE291670	GSE291670	GCG_GLP2R	GCG	Secreted Signaling	GCG	GLP2R	GCG	GLP2R	outgoing	TNK	0.0	0.0	1.0	1.0	False	False	0.0	other	False	False
GSE291670	GSE291670	GH_PRLR	GH	Secreted Signaling	GH1	PRLR	GH1	PRLR	outgoing	TNK	0.0	0.0	1.0	1.0	False	False	0.0	other	False	False
GSE291670	GSE291670	GHRH_VIPR1	GHRH	Secreted Signaling	GHRH	VIPR1	GHRH	VIPR1	outgoing	TNK	0.0	0.0	1.0	1.0	False	False	0.0	other	False	False
GSE291670	GSE291670	GHRH_VIPR2	GHRH	Secreted Signaling	GHRH	VIPR2	GHRH	VIPR2	outgoing	TNK	0.0	0.0	1.0	1.0	False	False	0.0	other	False	False
GSE291670	GSE291670	GHRH_GHSR	GHRH	Secreted Signaling	GHRH	GHSR	GHRH	GHSR	outgoing	TNK	0.0	0.0	1.0	1.0	False	False	0.0	other	False	False
GSE291670	GSE291670	GHRH_GHRHR	GHRH	Secreted Signaling	GHRH	GHRHR	GHRH	GHRHR	outgoing	TNK	0.0	0.0	1.0	1.0	False	False	0.0	other	False	False
GSE291670	GSE291670	GNRH1_GNRHR	GNRH	Secreted Signaling	GNRH1	GNRHR	GNRH1	GNRHR	outgoing	TNK	0.0	0.0	1.0	1.0	False	False	0.0	other	False	False
GSE291670	GSE291670	GRN_SORT1	GRN	Secreted Signaling	GRN	SORT1	GRN	SORT1	outgoing	TNK	0.0	0.0	1.0	1.0	False	False	0.0	other	False	False
GSE291670	GSE291670	GUCA2A_GUCY2C	GUCA	Secreted Signaling	GUCA2A	GUCY2C	GUCA2A	GUCY2C	outgoing	TNK	0.0	0.0	1.0	1.0	False	False	0.0	other	False	False
GSE291670	GSE291670	GUCA2B_GUCY2C	GUCA	Secreted Signaling	GUCA2B	GUCY2C	GUCA2B	GUCY2C	outgoing	TNK	0.0	0.0	1.0	1.0	False	False	0.0	other	False	False
GSE291670	GSE291670	IAPP_CALCR	CALCR	Secreted Signaling	IAPP	CALCR	IAPP	CALCR	outgoing	TNK	0.0	0.0	1.0	1.0	False	False	0.0	other	False	False
GSE291670	GSE291670	IAPP_CALCRL	CALCR	Secreted Signaling	IAPP	CALCRL	IAPP	CALCRL	outgoing	TNK	0.0	0.0	1.0	1.0	False	False	0.0	other	False	False
GSE291670	GSE291670	INSL3_RXFP2	RLN	Secreted Signaling	INSL3	RXFP2	INSL3	RXFP2	outgoing	TNK	0.0	0.0	1.0	1.0	False	False	0.0	other	False	False
GSE291670	GSE291670	INSL3_RXFP1	RLN	Secreted Signaling	INSL3	RXFP1	INSL3	RXFP1	outgoing	TNK	0.0	0.0	1.0	1.0	False	False	0.0	other	False	False
GSE291670	GSE291670	INSL3_RXFP4	RLN	Secreted Signaling	INSL3	RXFP4	INSL3	RXFP4	outgoing	TNK	0.0	0.0	1.0	1.0	False	False	0.0	other	False	False
GSE291670	GSE291670	INSL3_RXFP3	RLN	Secreted Signaling	INSL3	RXFP3	INSL3	RXFP3	outgoing	TNK	0.0	0.0	1.0	1.0	False	False	0.0	other	False	False
GSE291670	GSE291670	INSL5_RXFP4	RLN	Secreted Signaling	INSL5	RXFP4	INSL5	RXFP4	outgoing	TNK	0.0	0.0	1.0	1.0	False	False	0.0	other	False	False
GSE291670	GSE291670	INSL5_RXFP3	RLN	Secreted Signaling	INSL5	RXFP3	INSL5	RXFP3	outgoing	TNK	0.0	0.0	1.0	1.0	False	False	0.0	other	False	False
GSE291670	GSE291670	INSL5_RXFP2	RLN	Secreted Signaling	INSL5	RXFP2	INSL5	RXFP2	outgoing	TNK	0.0	0.0	1.0	1.0	False	False	0.0	other	False	False
GSE291670	GSE291670	INSL5_RXFP1	RLN	Secreted Signaling	INSL5	RXFP1	INSL5	RXFP1	outgoing	TNK	0.0	0.0	1.0	1.0	False	False	0.0	other	False	False
GSE291670	GSE291670	LEP_LEPR	LEP	Secreted Signaling	LEP	LEPR	LEP	LEPR	outgoing	TNK	0.0	0.0	1.0	1.0	False	False	0.0	other	False	False
GSE291670	GSE291670	LGALS9_CD45	GALECTIN	Secreted Signaling	LGALS9	PTPRC	LGALS9	PTPRC	outgoing	TNK	0.0	0.0	1.0	1.0	False	False	0.0	inhibitory	False	False
GSE291670	GSE291670	NPS_NPSR1	NPS	Secreted Signaling	NPS	NPSR1	NPS	NPSR1	outgoing	TNK	0.0	0.0	1.0	1.0	False	False	0.0	other	False	False
GSE291670	GSE291670	NPVF_NPFFR1	NPVF	Secreted Signaling	NPVF	NPFFR1	NPVF	NPFFR1	outgoing	TNK	0.0	0.0	1.0	1.0	False	False	0.0	other	False	False
GSE291670	GSE291670	NPVF_NPFFR2	NPVF	Secreted Signaling	NPVF	NPFFR2	NPVF	NPFFR2	outgoing	TNK	0.0	0.0	1.0	1.0	False	False	0.0	other	False	False
GSE291670	GSE291670	OSTN_NPR3	OSTN	Secreted Signaling	OSTN	NPR3	OSTN	NPR3	outgoing	TNK	0.0	0.0	1.0	1.0	False	False	0.0	other	False	False
GSE291670	GSE291670	PMCH_MERTK	PMCH	Secreted Signaling	PMCH	MERTK	PMCH	MERTK	outgoing	TNK	0.0	0.0	1.0	1.0	False	False	0.0	other	False	False
GSE291670	GSE291670	PROS1_AXL	PROS	Secreted Signaling	PROS1	AXL	PROS1	AXL	outgoing	TNK	0.0	0.0	1.0	1.0	False	False	0.0	other	False	False
GSE291670	GSE291670	PROS1_TYRO3	PROS	Secreted Signaling	PROS1	TYRO3	PROS1	TYRO3	outgoing	TNK	0.0	0.0	1.0	1.0	False	False	0.0	other	False	False
GSE291670	GSE291670	PSAP_GPR37L1	PSAP	Secreted Signaling	PSAP	GPR37L1	PSAP	GPR37L1	outgoing	TNK	0.0	0.0	1.0	1.0	False	False	0.0	other	False	False
GSE291670	GSE291670	PSAP_GPR37	PSAP	Secreted Signaling	PSAP	GPR37	PSAP	GPR37	outgoing	TNK	0.0	0.0	1.0	1.0	False	False	0.0	other	False	False
GSE291670	GSE291670	PTH_PTH1R	PTH	Secreted Signaling	PTH	PTH1R	PTH	PTH1R	outgoing	TNK	0.0	0.0	1.0	1.0	False	False	0.0	other	False	False
GSE291670	GSE291670	PTH_PTH2R	PTH	Secreted Signaling	PTH	PTH2R	PTH	PTH2R	outgoing	TNK	0.0	0.0	1.0	1.0	False	False	0.0	other	False	False
GSE291670	GSE291670	PTH2_PTH1R	PTH	Secreted Signaling	PTH2	PTH1R	PTH2	PTH1R	outgoing	TNK	0.0	0.0	1.0	1.0	False	False	0.0	other	False	False
GSE291670	GSE291670	PTH2_PTH2R	PTH	Secreted Signaling	PTH2	PTH2R	PTH2	PTH2R	outgoing	TNK	0.0	0.0	1.0	1.0	False	False	0.0	other	False	False
GSE291670	GSE291670	PTHLH_PTH1R	PTH	Secreted Signaling	PTHLH	PTH1R	PTHLH	PTH1R	outgoing	TNK	0.0	0.0	1.0	1.0	False	False	0.0	other	False	False
GSE291670	GSE291670	QRFP_QRFPR	QRFP	Secreted Signaling	QRFP	QRFPR	QRFP	QRFPR	outgoing	TNK	0.0	0.0	1.0	1.0	False	False	0.0	other	False	False
GSE291670	GSE291670	RARRES2_GPR1	CHEMERIN	Secreted Signaling	RARRES2	GPR1	RARRES2	GPR1	outgoing	TNK	0.0	0.0	1.0	1.0	False	False	0.0	other	False	False
GSE291670	GSE291670	RARRES2_CMKLR1	CHEMERIN	Secreted Signaling	RARRES2	CMKLR1	RARRES2	CMKLR1	outgoing	TNK	0.0	0.0	1.0	1.0	False	False	0.0	other	False	False
GSE291670	GSE291670	RLN1_RXFP2	RLN	Secreted Signaling	RLN1	RXFP2	RLN1	RXFP2	outgoing	TNK	0.0	0.0	1.0	1.0	False	False	0.0	other	False	False
GSE291670	GSE291670	RLN1_RXFP1	RLN	Secreted Signaling	RLN1	RXFP1	RLN1	RXFP1	outgoing	TNK	0.0	0.0	1.0	1.0	False	False	0.0	other	False	False
GSE291670	GSE291670	RLN1_RXFP3	RLN	Secreted Signaling	RLN1	RXFP3	RLN1	RXFP3	outgoing	TNK	0.0	0.0	1.0	1.0	False	False	0.0	other	False	False
GSE291670	GSE291670	RLN1_RXFP4	RLN	Secreted Signaling	RLN1	RXFP4	RLN1	RXFP4	outgoing	TNK	0.0	0.0	1.0	1.0	False	False	0.0	other	False	False
GSE291670	GSE291670	RLN3_RXFP3	RLN	Secreted Signaling	RLN3	RXFP3	RLN3	RXFP3	outgoing	TNK	0.0	0.0	1.0	1.0	False	False	0.0	other	False	False
GSE291670	GSE291670	RLN3_RXFP1	RLN	Secreted Signaling	RLN3	RXFP1	RLN3	RXFP1	outgoing	TNK	0.0	0.0	1.0	1.0	False	False	0.0	other	False	False
GSE291670	GSE291670	RLN3_RXFP4	RLN	Secreted Signaling	RLN3	RXFP4	RLN3	RXFP4	outgoing	TNK	0.0	0.0	1.0	1.0	False	False	0.0	other	False	False
GSE291670	GSE291670	RLN3_RXFP2	RLN	Secreted Signaling	RLN3	RXFP2	RLN3	RXFP2	outgoing	TNK	0.0	0.0	1.0	1.0	False	False	0.0	other	False	False
GSE291670	GSE291670	SAA1_FPR2	SAA	Secreted Signaling	SAA1	FPR2	SAA1	FPR2	outgoing	TNK	0.0	0.0	1.0	1.0	False	False	0.0	other	False	False
GSE291670	GSE291670	SCGB3A2_MARCO	UGRP1	Secreted Signaling	SCGB3A2	MARCO	SCGB3A2	MARCO	outgoing	TNK	0.0	0.0	1.0	1.0	False	False	0.0	other	False	False
GSE291670	GSE291670	SCT_SCTR	SCT	Secreted Signaling	SCT	SCTR	SCT	SCTR	outgoing	TNK	0.0	0.0	1.0	1.0	False	False	0.0	other	False	False
GSE291670	GSE291670	SLURP1_CHRNB1	SLURP	Secreted Signaling	SLURP1	CHRNB1	SLURP1	CHRNB1	outgoing	TNK	0.0	0.0	1.0	1.0	False	False	0.0	other	False	False
GSE291670	GSE291670	SLURP1_CHRNB2	SLURP	Secreted Signaling	SLURP1	CHRNB2	SLURP1	CHRNB2	outgoing	TNK	0.0	0.0	1.0	1.0	False	False	0.0	other	False	False
GSE291670	GSE291670	SLURP1_CHRNB3	SLURP	Secreted Signaling	SLURP1	CHRNB3	SLURP1	CHRNB3	outgoing	TNK	0.0	0.0	1.0	1.0	False	False	0.0	other	False	False
GSE291670	GSE291670	SLURP1_CHRNB4	SLURP	Secreted Signaling	SLURP1	CHRNB4	SLURP1	CHRNB4	outgoing	TNK	0.0	0.0	1.0	1.0	False	False	0.0	other	False	False
GSE291670	GSE291670	SLURP1_CHRNA1	SLURP	Secreted Signaling	SLURP1	CHRNA1	SLURP1	CHRNA1	outgoing	TNK	0.0	0.0	1.0	1.0	False	False	0.0	other	False	False
GSE291670	GSE291670	SLURP1_CHRNA2	SLURP	Secreted Signaling	SLURP1	CHRNA2	SLURP1	CHRNA2	outgoing	TNK	0.0	0.0	1.0	1.0	False	False	0.0	other	False	False
GSE291670	GSE291670	SLURP1_CHRNA3	SLURP	Secreted Signaling	SLURP1	CHRNA3	SLURP1	CHRNA3	outgoing	TNK	0.0	0.0	1.0	1.0	False	False	0.0	other	False	False
GSE291670	GSE291670	SLURP1_CHRNA4	SLURP	Secreted Signaling	SLURP1	CHRNA4	SLURP1	CHRNA4	outgoing	TNK	0.0	0.0	1.0	1.0	False	False	0.0	other	False	False
GSE291670	GSE291670	SLURP1_CHRNA5	SLURP	Secreted Signaling	SLURP1	CHRNA5	SLURP1	CHRNA5	outgoing	TNK	0.0	0.0	1.0	1.0	False	False	0.0	other	False	False
GSE291670	GSE291670	SLURP1_CHRNA6	SLURP	Secreted Signaling	SLURP1	CHRNA6	SLURP1	CHRNA6	outgoing	TNK	0.0	0.0	1.0	1.0	False	False	0.0	other	False	False
GSE291670	GSE291670	SLURP1_CHRNA9	SLURP	Secreted Signaling	SLURP1	CHRNA9	SLURP1	CHRNA9	outgoing	TNK	0.0	0.0	1.0	1.0	False	False	0.0	other	False	False
GSE291670	GSE291670	SLURP1_CHRNA10	SLURP	Secreted Signaling	SLURP1	CHRNA10	SLURP1	CHRNA10	outgoing	TNK	0.0	0.0	1.0	1.0	False	False	0.0	other	False	False
GSE291670	GSE291670	SLURP1_CHRND	SLURP	Secreted Signaling	SLURP1	CHRND	SLURP1	CHRND	outgoing	TNK	0.0	0.0	1.0	1.0	False	False	0.0	other	False	False
GSE291670	GSE291670	SLURP1_CHRNE	SLURP	Secreted Signaling	SLURP1	CHRNE	SLURP1	CHRNE	outgoing	TNK	0.0	0.0	1.0	1.0	False	False	0.0	other	False	False
GSE291670	GSE291670	SLURP1_CHRNG	SLURP	Secreted Signaling	SLURP1	CHRNG	SLURP1	CHRNG	outgoing	TNK	0.0	0.0	1.0	1.0	False	False	0.0	other	False	False
GSE291670	GSE291670	SLURP1_CHRNA7	SLURP	Secreted Signaling	SLURP1	CHRNA7	SLURP1	CHRNA7	outgoing	TNK	0.0	0.0	1.0	1.0	False	False	0.0	other	False	False
GSE291670	GSE291670	SLURP2_CHRNB1	SLURP	Secreted Signaling	SLURP2	CHRNB1	SLURP2	CHRNB1	outgoing	TNK	0.0	0.0	1.0	1.0	False	False	0.0	other	False	False
GSE291670	GSE291670	SLURP2_CHRNB2	SLURP	Secreted Signaling	SLURP2	CHRNB2	SLURP2	CHRNB2	outgoing	TNK	0.0	0.0	1.0	1.0	False	False	0.0	other	False	False
GSE291670	GSE291670	SLURP2_CHRNB3	SLURP	Secreted Signaling	SLURP2	CHRNB3	SLURP2	CHRNB3	outgoing	TNK	0.0	0.0	1.0	1.0	False	False	0.0	other	False	False
GSE291670	GSE291670	SLURP2_CHRNB4	SLURP	Secreted Signaling	SLURP2	CHRNB4	SLURP2	CHRNB4	outgoing	TNK	0.0	0.0	1.0	1.0	False	False	0.0	other	False	False
GSE291670	GSE291670	SLURP2_CHRNA1	SLURP	Secreted Signaling	SLURP2	CHRNA1	SLURP2	CHRNA1	outgoing	TNK	0.0	0.0	1.0	1.0	False	False	0.0	other	False	False
GSE291670	GSE291670	SLURP2_CHRNA2	SLURP	Secreted Signaling	SLURP2	CHRNA2	SLURP2	CHRNA2	outgoing	TNK	0.0	0.0	1.0	1.0	False	False	0.0	other	False	False
GSE291670	GSE291670	SLURP2_CHRNA3	SLURP	Secreted Signaling	SLURP2	CHRNA3	SLURP2	CHRNA3	outgoing	TNK	0.0	0.0	1.0	1.0	False	False	0.0	other	False	False
GSE291670	GSE291670	SLURP2_CHRNA4	SLURP	Secreted Signaling	SLURP2	CHRNA4	SLURP2	CHRNA4	outgoing	TNK	0.0	0.0	1.0	1.0	False	False	0.0	other	False	False
GSE291670	GSE291670	SLURP2_CHRNA5	SLURP	Secreted Signaling	SLURP2	CHRNA5	SLURP2	CHRNA5	outgoing	TNK	0.0	0.0	1.0	1.0	False	False	0.0	other	False	False
GSE291670	GSE291670	SLURP2_CHRNA6	SLURP	Secreted Signaling	SLURP2	CHRNA6	SLURP2	CHRNA6	outgoing	TNK	0.0	0.0	1.0	1.0	False	False	0.0	other	False	False
GSE291670	GSE291670	SLURP2_CHRNA7	SLURP	Secreted Signaling	SLURP2	CHRNA7	SLURP2	CHRNA7	outgoing	TNK	0.0	0.0	1.0	1.0	False	False	0.0	other	False	False
GSE291670	GSE291670	SLURP2_CHRNA9	SLURP	Secreted Signaling	SLURP2	CHRNA9	SLURP2	CHRNA9	outgoing	TNK	0.0	0.0	1.0	1.0	False	False	0.0	other	False	False
GSE291670	GSE291670	SLURP2_CHRNA10	SLURP	Secreted Signaling	SLURP2	CHRNA10	SLURP2	CHRNA10	outgoing	TNK	0.0	0.0	1.0	1.0	False	False	0.0	other	False	False
GSE291670	GSE291670	SLURP2_CHRND	SLURP	Secreted Signaling	SLURP2	CHRND	SLURP2	CHRND	outgoing	TNK	0.0	0.0	1.0	1.0	False	False	0.0	other	False	False
GSE291670	GSE291670	SLURP2_CHRNE	SLURP	Secreted Signaling	SLURP2	CHRNE	SLURP2	CHRNE	outgoing	TNK	0.0	0.0	1.0	1.0	False	False	0.0	other	False	False
GSE291670	GSE291670	SLURP2_CHRNG	SLURP	Secreted Signaling	SLURP2	CHRNG	SLURP2	CHRNG	outgoing	TNK	0.0	0.0	1.0	1.0	False	False	0.0	other	False	False
GSE291670	GSE291670	BTLA_TNFRSF14	BTLA	Secreted Signaling	BTLA	TNFRSF14	BTLA	TNFRSF14	outgoing	TNK	0.0	0.0	1.0	1.0	False	False	0.0	other	False	False
GSE291670	GSE291670	TRH_TRHR	TRH	Secreted Signaling	TRH	TRHR	TRH	TRHR	outgoing	TNK	0.0	0.0	1.0	1.0	False	False	0.0	other	False	False
GSE291670	GSE291670	UCN_CRHR1	UCN	Secreted Signaling	UCN	CRHR1	UCN	CRHR1	outgoing	TNK	0.0	0.0	1.0	1.0	False	False	0.0	other	False	False
GSE291670	GSE291670	UCN_CRHR2	UCN	Secreted Signaling	UCN	CRHR2	UCN	CRHR2	outgoing	TNK	0.0	0.0	1.0	1.0	False	False	0.0	other	False	False
GSE291670	GSE291670	UCN2_CRHR1	UCN	Secreted Signaling	UCN2	CRHR1	UCN2	CRHR1	outgoing	TNK	0.0	0.0	1.0	1.0	False	False	0.0	other	False	False
GSE291670	GSE291670	UCN2_CRHR2	UCN	Secreted Signaling	UCN2	CRHR2	UCN2	CRHR2	outgoing	TNK	0.0	0.0	1.0	1.0	False	False	0.0	other	False	False
GSE291670	GSE291670	UCN3_CRHR1	UCN	Secreted Signaling	UCN3	CRHR1	UCN3	CRHR1	outgoing	TNK	0.0	0.0	1.0	1.0	False	False	0.0	other	False	False
GSE291670	GSE291670	UCN3_CRHR2	UCN	Secreted Signaling	UCN3	CRHR2	UCN3	CRHR2	outgoing	TNK	0.0	0.0	1.0	1.0	False	False	0.0	other	False	False
GSE291670	GSE291670	UTS2B_UTS2R	UROTENSIN	Secreted Signaling	UTS2B	UTS2R	UTS2B	UTS2R	outgoing	TNK	0.0	0.0	1.0	1.0	False	False	0.0	other	False	False
GSE291670	GSE291670	UTS2B_SSTR5	UROTENSIN	Secreted Signaling	UTS2B	SSTR5	UTS2B	SSTR5	outgoing	TNK	0.0	0.0	1.0	1.0	False	False	0.0	other	False	False
GSE291670	GSE291670	BAG6_NCR3-PS	BAG	Secreted Signaling	BAG6	NCR3	BAG6	NCR3	outgoing	TNK	0.0	0.0	1.0	1.0	False	False	0.0	other	False	False
GSE291670	GSE291670	LGALS9_HAVCR2	GALECTIN	Secreted Signaling	LGALS9	HAVCR2	LGALS9	HAVCR2	outgoing	TNK	0.0	0.0	1.0	1.0	False	False	0.0	inhibitory	False	False
GSE291670	GSE291670	LGALS9_CD44	GALECTIN	Secreted Signaling	LGALS9	CD44	LGALS9	CD44	outgoing	TNK	0.0	0.0	1.0	1.0	False	False	0.0	inhibitory	False	False
GSE291670	GSE291670	FN1_CD44	FN1	ECM-Receptor	FN1	CD44	FN1	CD44	outgoing	TNK	0.0	0.04119185803519881	1.0	0.009900990099009901	False	True	-0.04119185803519881	other	True	True
GSE291670	GSE291670	COL1A1_CD44	COLLAGEN	ECM-Receptor	COL1A1	CD44	COL1A1	CD44	outgoing	TNK	0.0	0.0	1.0	1.0	False	False	0.0	other	False	False
GSE291670	GSE291670	COL1A2_CD44	COLLAGEN	ECM-Receptor	COL1A2	CD44	COL1A2	CD44	outgoing	TNK	0.0	0.0	1.0	1.0	False	False	0.0	other	False	False
GSE291670	GSE291670	COL2A1_CD44	COLLAGEN	ECM-Receptor	COL2A1	CD44	COL2A1	CD44	outgoing	TNK	0.0	0.0	1.0	1.0	False	False	0.0	other	False	False
GSE291670	GSE291670	COL4A1_CD44	COLLAGEN	ECM-Receptor	COL4A1	CD44	COL4A1	CD44	outgoing	TNK	0.0	0.06187835523019204	1.0	0.009900990099009901	False	True	-0.06187835523019204	other	True	True
GSE291670	GSE291670	COL4A2_CD44	COLLAGEN	ECM-Receptor	COL4A2	CD44	COL4A2	CD44	outgoing	TNK	0.0	0.18945945646317422	1.0	0.009900990099009901	False	True	-0.18945945646317422	other	True	True
GSE291670	GSE291670	COL4A3_CD44	COLLAGEN	ECM-Receptor	COL4A3	CD44	COL4A3	CD44	outgoing	TNK	0.2878312666399912	0.5176292240216203	1.0	0.009900990099009901	False	True	-0.22979795738162906	other	True	True
GSE291670	GSE291670	COL4A4_CD44	COLLAGEN	ECM-Receptor	COL4A4	CD44	COL4A4	CD44	outgoing	TNK	0.13576402797625073	0.354376180307906	1.0	0.009900990099009901	False	True	-0.2186121523316553	other	True	True
GSE291670	GSE291670	COL4A5_CD44	COLLAGEN	ECM-Receptor	COL4A5	CD44	COL4A5	CD44	outgoing	TNK	0.5442822960843858	0.46563799377097614	0.009900990099009901	1.0	True	False	0.07864430231340969	other	True	True
GSE291670	GSE291670	COL4A6_CD44	COLLAGEN	ECM-Receptor	COL4A6	CD44	COL4A6	CD44	outgoing	TNK	0.01912942318952848	0.0	0.009900990099009901	1.0	True	False	0.01912942318952848	other	True	True
GSE291670	GSE291670	COL6A1_CD44	COLLAGEN	ECM-Receptor	COL6A1	CD44	COL6A1	CD44	outgoing	TNK	0.0	0.0	1.0	1.0	False	False	0.0	other	False	False
GSE291670	GSE291670	COL6A2_CD44	COLLAGEN	ECM-Receptor	COL6A2	CD44	COL6A2	CD44	outgoing	TNK	0.0	0.0	1.0	1.0	False	False	0.0	other	False	False
GSE291670	GSE291670	COL6A3_CD44	COLLAGEN	ECM-Receptor	COL6A3	CD44	COL6A3	CD44	outgoing	TNK	0.0	0.0	1.0	1.0	False	False	0.0	other	False	False
GSE291670	GSE291670	COL6A5_CD44	COLLAGEN	ECM-Receptor	COL6A5	CD44	COL6A5	CD44	outgoing	TNK	0.0	0.0	1.0	1.0	False	False	0.0	other	False	False
GSE291670	GSE291670	COL6A6_CD44	COLLAGEN	ECM-Receptor	COL6A6	CD44	COL6A6	CD44	outgoing	TNK	0.0	0.0	1.0	1.0	False	False	0.0	other	False	False
GSE291670	GSE291670	COL9A1_CD44	COLLAGEN	ECM-Receptor	COL9A1	CD44	COL9A1	CD44	outgoing	TNK	0.0	0.0	1.0	1.0	False	False	0.0	other	False	False
GSE291670	GSE291670	COL9A2_CD44	COLLAGEN	ECM-Receptor	COL9A2	CD44	COL9A2	CD44	outgoing	TNK	0.0	0.0	1.0	1.0	False	False	0.0	other	False	False
GSE291670	GSE291670	COL9A3_CD44	COLLAGEN	ECM-Receptor	COL9A3	CD44	COL9A3	CD44	outgoing	TNK	0.0	0.0	1.0	1.0	False	False	0.0	other	False	False
GSE291670	GSE291670	LAMA1_CD44	LAMININ	ECM-Receptor	LAMA1	CD44	LAMA1	CD44	outgoing	TNK	0.0	0.0	1.0	1.0	False	False	0.0	other	False	False
GSE291670	GSE291670	LAMA2_CD44	LAMININ	ECM-Receptor	LAMA2	CD44	LAMA2	CD44	outgoing	TNK	0.005452098850315498	0.0	0.019801980198019802	1.0	True	False	0.005452098850315498	other	True	True
GSE291670	GSE291670	LAMA3_CD44	LAMININ	ECM-Receptor	LAMA3	CD44	LAMA3	CD44	outgoing	TNK	0.3752983623737551	0.5105307471522159	1.0	0.009900990099009901	False	True	-0.13523238477846083	other	True	True
GSE291670	GSE291670	LAMA4_CD44	LAMININ	ECM-Receptor	LAMA4	CD44	LAMA4	CD44	outgoing	TNK	0.0	0.0	1.0	1.0	False	False	0.0	other	False	False
GSE291670	GSE291670	LAMA5_CD44	LAMININ	ECM-Receptor	LAMA5	CD44	LAMA5	CD44	outgoing	TNK	0.1865210647984884	0.11988060570578786	0.0594059405940594	0.9603960396039604	False	False	0.06664045909270054	other	False	False
GSE291670	GSE291670	LAMB1_CD44	LAMININ	ECM-Receptor	LAMB1	CD44	LAMB1	CD44	outgoing	TNK	0.0	0.0	1.0	1.0	False	False	0.0	other	False	False
GSE291670	GSE291670	LAMB2_CD44	LAMININ	ECM-Receptor	LAMB2	CD44	LAMB2	CD44	outgoing	TNK	0.0	0.0	1.0	1.0	False	False	0.0	other	False	False
GSE291670	GSE291670	LAMB3_CD44	LAMININ	ECM-Receptor	LAMB3	CD44	LAMB3	CD44	outgoing	TNK	0.21186104014601445	0.004074164956574917	0.009900990099009901	1.0	True	False	0.20778687518943953	other	True	True
GSE291670	GSE291670	LAMC1_CD44	LAMININ	ECM-Receptor	LAMC1	CD44	LAMC1	CD44	outgoing	TNK	0.34511070273288097	0.29026546953518717	0.09900990099009901	0.9108910891089109	False	False	0.0548452331976938	other	False	False
GSE291670	GSE291670	LAMC2_CD44	LAMININ	ECM-Receptor	LAMC2	CD44	LAMC2	CD44	outgoing	TNK	0.16269826782585745	0.050482096333293466	0.009900990099009901	1.0	True	False	0.11221617149256398	other	True	True
GSE291670	GSE291670	LAMC3_CD44	LAMININ	ECM-Receptor	LAMC3	CD44	LAMC3	CD44	outgoing	TNK	0.0	0.0	1.0	1.0	False	False	0.0	other	False	False
GSE291670	GSE291670	COL1A1_SDC1	COLLAGEN	ECM-Receptor	COL1A1	SDC1	COL1A1	SDC1	outgoing	TNK	0.0	0.0	1.0	1.0	False	False	0.0	other	False	False
GSE291670	GSE291670	COL1A2_SDC1	COLLAGEN	ECM-Receptor	COL1A2	SDC1	COL1A2	SDC1	outgoing	TNK	0.0	0.0	1.0	1.0	False	False	0.0	other	False	False
GSE291670	GSE291670	COL2A1_SDC1	COLLAGEN	ECM-Receptor	COL2A1	SDC1	COL2A1	SDC1	outgoing	TNK	0.0	0.0	1.0	1.0	False	False	0.0	other	False	False
GSE291670	GSE291670	COL4A1_SDC1	COLLAGEN	ECM-Receptor	COL4A1	SDC1	COL4A1	SDC1	outgoing	TNK	0.0	0.0	1.0	1.0	False	False	0.0	other	False	False
GSE291670	GSE291670	COL4A2_SDC1	COLLAGEN	ECM-Receptor	COL4A2	SDC1	COL4A2	SDC1	outgoing	TNK	0.0	0.0	1.0	1.0	False	False	0.0	other	False	False
GSE291670	GSE291670	COL4A3_SDC1	COLLAGEN	ECM-Receptor	COL4A3	SDC1	COL4A3	SDC1	outgoing	TNK	0.0	0.0	1.0	1.0	False	False	0.0	other	False	False
GSE291670	GSE291670	COL4A4_SDC1	COLLAGEN	ECM-Receptor	COL4A4	SDC1	COL4A4	SDC1	outgoing	TNK	0.0	0.0	1.0	1.0	False	False	0.0	other	False	False
GSE291670	GSE291670	COL4A5_SDC1	COLLAGEN	ECM-Receptor	COL4A5	SDC1	COL4A5	SDC1	outgoing	TNK	0.0	0.0	1.0	1.0	False	False	0.0	other	False	False
GSE291670	GSE291670	COL4A6_SDC1	COLLAGEN	ECM-Receptor	COL4A6	SDC1	COL4A6	SDC1	outgoing	TNK	0.0	0.0	1.0	1.0	False	False	0.0	other	False	False
GSE291670	GSE291670	COL6A1_SDC1	COLLAGEN	ECM-Receptor	COL6A1	SDC1	COL6A1	SDC1	outgoing	TNK	0.0	0.0	1.0	1.0	False	False	0.0	other	False	False
GSE291670	GSE291670	COL6A2_SDC1	COLLAGEN	ECM-Receptor	COL6A2	SDC1	COL6A2	SDC1	outgoing	TNK	0.0	0.0	1.0	1.0	False	False	0.0	other	False	False
GSE291670	GSE291670	COL6A3_SDC1	COLLAGEN	ECM-Receptor	COL6A3	SDC1	COL6A3	SDC1	outgoing	TNK	0.0	0.0	1.0	1.0	False	False	0.0	other	False	False
GSE291670	GSE291670	COL6A5_SDC1	COLLAGEN	ECM-Receptor	COL6A5	SDC1	COL6A5	SDC1	outgoing	TNK	0.0	0.0	1.0	1.0	False	False	0.0	other	False	False
GSE291670	GSE291670	COL6A6_SDC1	COLLAGEN	ECM-Receptor	COL6A6	SDC1	COL6A6	SDC1	outgoing	TNK	0.0	0.0	1.0	1.0	False	False	0.0	other	False	False
GSE291670	GSE291670	COL9A1_SDC1	COLLAGEN	ECM-Receptor	COL9A1	SDC1	COL9A1	SDC1	outgoing	TNK	0.0	0.0	1.0	1.0	False	False	0.0	other	False	False
GSE291670	GSE291670	COL9A2_SDC1	COLLAGEN	ECM-Receptor	COL9A2	SDC1	COL9A2	SDC1	outgoing	TNK	0.0	0.0	1.0	1.0	False	False	0.0	other	False	False
GSE291670	GSE291670	COL9A3_SDC1	COLLAGEN	ECM-Receptor	COL9A3	SDC1	COL9A3	SDC1	outgoing	TNK	0.0	0.0	1.0	1.0	False	False	0.0	other	False	False
GSE291670	GSE291670	FN1_SDC1	FN1	ECM-Receptor	FN1	SDC1	FN1	SDC1	outgoing	TNK	0.0	0.0	1.0	1.0	False	False	0.0	other	False	False
GSE291670	GSE291670	TNC_SDC1	TENASCIN	ECM-Receptor	TNC	SDC1	TNC	SDC1	outgoing	TNK	0.0	0.0	1.0	1.0	False	False	0.0	other	False	False
GSE291670	GSE291670	TNR_SDC1	TENASCIN	ECM-Receptor	TNR	SDC1	TNR	SDC1	outgoing	TNK	0.0	0.0	1.0	1.0	False	False	0.0	other	False	False
GSE291670	GSE291670	TNN_SDC1	TENASCIN	ECM-Receptor	TNN	SDC1	TNN	SDC1	outgoing	TNK	0.0	0.0	1.0	1.0	False	False	0.0	other	False	False
GSE291670	GSE291670	TNXB_SDC1	TENASCIN	ECM-Receptor	TNXB	SDC1	TNXB	SDC1	outgoing	TNK	0.0	0.0	1.0	1.0	False	False	0.0	other	False	False
GSE291670	GSE291670	THBS1_SDC1	THBS	ECM-Receptor	THBS1	SDC1	THBS1	SDC1	outgoing	TNK	0.0	0.0	1.0	1.0	False	False	0.0	other	False	False
GSE291670	GSE291670	THBS2_SDC1	THBS	ECM-Receptor	THBS2	SDC1	THBS2	SDC1	outgoing	TNK	0.0	0.0	1.0	1.0	False	False	0.0	other	False	False
GSE291670	GSE291670	THBS3_SDC1	THBS	ECM-Receptor	THBS3	SDC1	THBS3	SDC1	outgoing	TNK	0.0	0.0	1.0	1.0	False	False	0.0	other	False	False
GSE291670	GSE291670	THBS4_SDC1	THBS	ECM-Receptor	THBS4	SDC1	THBS4	SDC1	outgoing	TNK	0.0	0.0	1.0	1.0	False	False	0.0	other	False	False
GSE291670	GSE291670	COMP_SDC1	THBS	ECM-Receptor	COMP	SDC1	COMP	SDC1	outgoing	TNK	0.0	0.0	1.0	1.0	False	False	0.0	other	False	False
GSE291670	GSE291670	COL1A1_SDC4	COLLAGEN	ECM-Receptor	COL1A1	SDC4	COL1A1	SDC4	outgoing	TNK	0.0	0.0	1.0	1.0	False	False	0.0	other	False	False
GSE291670	GSE291670	COL1A2_SDC4	COLLAGEN	ECM-Receptor	COL1A2	SDC4	COL1A2	SDC4	outgoing	TNK	0.0	0.0	1.0	1.0	False	False	0.0	other	False	False
GSE291670	GSE291670	COL2A1_SDC4	COLLAGEN	ECM-Receptor	COL2A1	SDC4	COL2A1	SDC4	outgoing	TNK	0.0	0.0	1.0	1.0	False	False	0.0	other	False	False
GSE291670	GSE291670	COL4A1_SDC4	COLLAGEN	ECM-Receptor	COL4A1	SDC4	COL4A1	SDC4	outgoing	TNK	0.0	0.0005969833470188312	1.0	0.009900990099009901	False	True	-0.0005969833470188312	other	True	True
GSE291670	GSE291670	COL4A2_SDC4	COLLAGEN	ECM-Receptor	COL4A2	SDC4	COL4A2	SDC4	outgoing	TNK	0.0	0.0021123464471375763	1.0	0.009900990099009901	False	True	-0.0021123464471375763	other	True	True
GSE291670	GSE291670	COL4A3_SDC4	COLLAGEN	ECM-Receptor	COL4A3	SDC4	COL4A3	SDC4	outgoing	TNK	0.0036467865760497365	0.009624532171972811	1.0	0.009900990099009901	False	True	-0.005977745595923074	other	True	True
GSE291670	GSE291670	COL4A4_SDC4	COLLAGEN	ECM-Receptor	COL4A4	SDC4	COL4A4	SDC4	outgoing	TNK	0.0014206167352918124	0.004946220657529959	1.0	0.009900990099009901	False	True	-0.0035256039222381465	other	True	True
GSE291670	GSE291670	COL4A5_SDC4	COLLAGEN	ECM-Receptor	COL4A5	SDC4	COL4A5	SDC4	outgoing	TNK	0.010700353297162256	0.007829626548696839	0.009900990099009901	1.0	True	False	0.002870726748465417	other	True	True
GSE291670	GSE291670	COL4A6_SDC4	COLLAGEN	ECM-Receptor	COL4A6	SDC4	COL4A6	SDC4	outgoing	TNK	0.00017658565732437615	0.0	0.009900990099009901	1.0	True	False	0.00017658565732437615	other	True	True
GSE291670	GSE291670	COL6A1_SDC4	COLLAGEN	ECM-Receptor	COL6A1	SDC4	COL6A1	SDC4	outgoing	TNK	0.0	0.0	1.0	1.0	False	False	0.0	other	False	False
GSE291670	GSE291670	COL6A2_SDC4	COLLAGEN	ECM-Receptor	COL6A2	SDC4	COL6A2	SDC4	outgoing	TNK	0.0	0.0	1.0	1.0	False	False	0.0	other	False	False
GSE291670	GSE291670	COL6A3_SDC4	COLLAGEN	ECM-Receptor	COL6A3	SDC4	COL6A3	SDC4	outgoing	TNK	0.0	0.0	1.0	1.0	False	False	0.0	other	False	False
GSE291670	GSE291670	COL6A5_SDC4	COLLAGEN	ECM-Receptor	COL6A5	SDC4	COL6A5	SDC4	outgoing	TNK	0.0	0.0	1.0	1.0	False	False	0.0	other	False	False
GSE291670	GSE291670	COL6A6_SDC4	COLLAGEN	ECM-Receptor	COL6A6	SDC4	COL6A6	SDC4	outgoing	TNK	0.0	0.0	1.0	1.0	False	False	0.0	other	False	False
GSE291670	GSE291670	COL9A1_SDC4	COLLAGEN	ECM-Receptor	COL9A1	SDC4	COL9A1	SDC4	outgoing	TNK	0.0	0.0	1.0	1.0	False	False	0.0	other	False	False
GSE291670	GSE291670	COL9A2_SDC4	COLLAGEN	ECM-Receptor	COL9A2	SDC4	COL9A2	SDC4	outgoing	TNK	0.0	0.0	1.0	1.0	False	False	0.0	other	False	False
GSE291670	GSE291670	COL9A3_SDC4	COLLAGEN	ECM-Receptor	COL9A3	SDC4	COL9A3	SDC4	outgoing	TNK	0.0	0.0	1.0	1.0	False	False	0.0	other	False	False
GSE291670	GSE291670	FN1_SDC4	FN1	ECM-Receptor	FN1	SDC4	FN1	SDC4	outgoing	TNK	0.0	0.00038891320439959426	1.0	0.009900990099009901	False	True	-0.00038891320439959426	other	True	True
GSE291670	GSE291670	TNC_SDC4	TENASCIN	ECM-Receptor	TNC	SDC4	TNC	SDC4	outgoing	TNK	0.0014996524698786353	0.0	0.009900990099009901	1.0	True	False	0.0014996524698786353	other	True	True
GSE291670	GSE291670	TNR_SDC4	TENASCIN	ECM-Receptor	TNR	SDC4	TNR	SDC4	outgoing	TNK	0.0	0.0	1.0	1.0	False	False	0.0	other	False	False
GSE291670	GSE291670	TNN_SDC4	TENASCIN	ECM-Receptor	TNN	SDC4	TNN	SDC4	outgoing	TNK	0.0	0.0	1.0	1.0	False	False	0.0	other	False	False
GSE291670	GSE291670	TNXB_SDC4	TENASCIN	ECM-Receptor	TNXB	SDC4	TNXB	SDC4	outgoing	TNK	0.0	0.0	1.0	1.0	False	False	0.0	other	False	False
GSE291670	GSE291670	THBS1_SDC4	THBS	ECM-Receptor	THBS1	SDC4	THBS1	SDC4	outgoing	TNK	0.0	0.0	1.0	1.0	False	False	0.0	other	False	False
GSE291670	GSE291670	THBS2_SDC4	THBS	ECM-Receptor	THBS2	SDC4	THBS2	SDC4	outgoing	TNK	0.0	0.0	1.0	1.0	False	False	0.0	other	False	False
GSE291670	GSE291670	THBS3_SDC4	THBS	ECM-Receptor	THBS3	SDC4	THBS3	SDC4	outgoing	TNK	0.0	0.0	1.0	1.0	False	False	0.0	other	False	False
GSE291670	GSE291670	THBS4_SDC4	THBS	ECM-Receptor	THBS4	SDC4	THBS4	SDC4	outgoing	TNK	0.0	0.0	1.0	1.0	False	False	0.0	other	False	False
GSE291670	GSE291670	COMP_SDC4	THBS	ECM-Receptor	COMP	SDC4	COMP	SDC4	outgoing	TNK	0.0	0.0	1.0	1.0	False	False	0.0	other	False	False
GSE291670	GSE291670	LAMA1_SV2A	LAMININ	ECM-Receptor	LAMA1	SV2A	LAMA1	SV2A	outgoing	TNK	0.0	0.0	1.0	1.0	False	False	0.0	other	False	False
GSE291670	GSE291670	LAMA2_SV2A	LAMININ	ECM-Receptor	LAMA2	SV2A	LAMA2	SV2A	outgoing	TNK	0.0	0.0	1.0	1.0	False	False	0.0	other	False	False
GSE291670	GSE291670	LAMA3_SV2A	LAMININ	ECM-Receptor	LAMA3	SV2A	LAMA3	SV2A	outgoing	TNK	0.0	0.0	1.0	1.0	False	False	0.0	other	False	False
GSE291670	GSE291670	LAMA4_SV2A	LAMININ	ECM-Receptor	LAMA4	SV2A	LAMA4	SV2A	outgoing	TNK	0.0	0.0	1.0	1.0	False	False	0.0	other	False	False
GSE291670	GSE291670	LAMA5_SV2A	LAMININ	ECM-Receptor	LAMA5	SV2A	LAMA5	SV2A	outgoing	TNK	0.0	0.0	1.0	1.0	False	False	0.0	other	False	False
GSE291670	GSE291670	LAMB1_SV2A	LAMININ	ECM-Receptor	LAMB1	SV2A	LAMB1	SV2A	outgoing	TNK	0.0	0.0	1.0	1.0	False	False	0.0	other	False	False
GSE291670	GSE291670	LAMB2_SV2A	LAMININ	ECM-Receptor	LAMB2	SV2A	LAMB2	SV2A	outgoing	TNK	0.0	0.0	1.0	1.0	False	False	0.0	other	False	False
GSE291670	GSE291670	LAMB3_SV2A	LAMININ	ECM-Receptor	LAMB3	SV2A	LAMB3	SV2A	outgoing	TNK	0.0	0.0	1.0	1.0	False	False	0.0	other	False	False
GSE291670	GSE291670	LAMC1_SV2A	LAMININ	ECM-Receptor	LAMC1	SV2A	LAMC1	SV2A	outgoing	TNK	0.0	0.0	1.0	1.0	False	False	0.0	other	False	False
GSE291670	GSE291670	LAMC2_SV2A	LAMININ	ECM-Receptor	LAMC2	SV2A	LAMC2	SV2A	outgoing	TNK	0.0	0.0	1.0	1.0	False	False	0.0	other	False	False
GSE291670	GSE291670	LAMC3_SV2A	LAMININ	ECM-Receptor	LAMC3	SV2A	LAMC3	SV2A	outgoing	TNK	0.0	0.0	1.0	1.0	False	False	0.0	other	False	False
GSE291670	GSE291670	LAMA1_SV2B	LAMININ	ECM-Receptor	LAMA1	SV2B	LAMA1	SV2B	outgoing	TNK	0.0	0.0	1.0	1.0	False	False	0.0	other	False	False
GSE291670	GSE291670	LAMA2_SV2B	LAMININ	ECM-Receptor	LAMA2	SV2B	LAMA2	SV2B	outgoing	TNK	0.0	0.0	1.0	1.0	False	False	0.0	other	False	False
GSE291670	GSE291670	LAMA3_SV2B	LAMININ	ECM-Receptor	LAMA3	SV2B	LAMA3	SV2B	outgoing	TNK	0.0	0.0	1.0	1.0	False	False	0.0	other	False	False
GSE291670	GSE291670	LAMA4_SV2B	LAMININ	ECM-Receptor	LAMA4	SV2B	LAMA4	SV2B	outgoing	TNK	0.0	0.0	1.0	1.0	False	False	0.0	other	False	False
GSE291670	GSE291670	LAMA5_SV2B	LAMININ	ECM-Receptor	LAMA5	SV2B	LAMA5	SV2B	outgoing	TNK	0.0	0.0	1.0	1.0	False	False	0.0	other	False	False
GSE291670	GSE291670	LAMB1_SV2B	LAMININ	ECM-Receptor	LAMB1	SV2B	LAMB1	SV2B	outgoing	TNK	0.0	0.0	1.0	1.0	False	False	0.0	other	False	False
GSE291670	GSE291670	LAMB2_SV2B	LAMININ	ECM-Receptor	LAMB2	SV2B	LAMB2	SV2B	outgoing	TNK	0.0	0.0	1.0	1.0	False	False	0.0	other	False	False
GSE291670	GSE291670	LAMB3_SV2B	LAMININ	ECM-Receptor	LAMB3	SV2B	LAMB3	SV2B	outgoing	TNK	0.0	0.0	1.0	1.0	False	False	0.0	other	False	False
GSE291670	GSE291670	LAMC1_SV2B	LAMININ	ECM-Receptor	LAMC1	SV2B	LAMC1	SV2B	outgoing	TNK	0.0	0.0	1.0	1.0	False	False	0.0	other	False	False
GSE291670	GSE291670	LAMC2_SV2B	LAMININ	ECM-Receptor	LAMC2	SV2B	LAMC2	SV2B	outgoing	TNK	0.0	0.0	1.0	1.0	False	False	0.0	other	False	False
GSE291670	GSE291670	LAMC3_SV2B	LAMININ	ECM-Receptor	LAMC3	SV2B	LAMC3	SV2B	outgoing	TNK	0.0	0.0	1.0	1.0	False	False	0.0	other	False	False
GSE291670	GSE291670	LAMA1_SV2C	LAMININ	ECM-Receptor	LAMA1	SV2C	LAMA1	SV2C	outgoing	TNK	0.0	0.0	1.0	1.0	False	False	0.0	other	False	False
GSE291670	GSE291670	LAMA2_SV2C	LAMININ	ECM-Receptor	LAMA2	SV2C	LAMA2	SV2C	outgoing	TNK	0.0	0.0	1.0	1.0	False	False	0.0	other	False	False
GSE291670	GSE291670	LAMA3_SV2C	LAMININ	ECM-Receptor	LAMA3	SV2C	LAMA3	SV2C	outgoing	TNK	0.0	0.0	1.0	1.0	False	False	0.0	other	False	False
GSE291670	GSE291670	LAMA4_SV2C	LAMININ	ECM-Receptor	LAMA4	SV2C	LAMA4	SV2C	outgoing	TNK	0.0	0.0	1.0	1.0	False	False	0.0	other	False	False
GSE291670	GSE291670	LAMA5_SV2C	LAMININ	ECM-Receptor	LAMA5	SV2C	LAMA5	SV2C	outgoing	TNK	0.0	0.0	1.0	1.0	False	False	0.0	other	False	False
GSE291670	GSE291670	LAMB1_SV2C	LAMININ	ECM-Receptor	LAMB1	SV2C	LAMB1	SV2C	outgoing	TNK	0.0	0.0	1.0	1.0	False	False	0.0	other	False	False
GSE291670	GSE291670	LAMB2_SV2C	LAMININ	ECM-Receptor	LAMB2	SV2C	LAMB2	SV2C	outgoing	TNK	0.0	0.0	1.0	1.0	False	False	0.0	other	False	False
GSE291670	GSE291670	LAMB3_SV2C	LAMININ	ECM-Receptor	LAMB3	SV2C	LAMB3	SV2C	outgoing	TNK	0.0	0.0	1.0	1.0	False	False	0.0	other	False	False
GSE291670	GSE291670	LAMC1_SV2C	LAMININ	ECM-Receptor	LAMC1	SV2C	LAMC1	SV2C	outgoing	TNK	0.0	0.0	1.0	1.0	False	False	0.0	other	False	False
GSE291670	GSE291670	LAMC2_SV2C	LAMININ	ECM-Receptor	LAMC2	SV2C	LAMC2	SV2C	outgoing	TNK	0.0	0.0	1.0	1.0	False	False	0.0	other	False	False
GSE291670	GSE291670	LAMC3_SV2C	LAMININ	ECM-Receptor	LAMC3	SV2C	LAMC3	SV2C	outgoing	TNK	0.0	0.0	1.0	1.0	False	False	0.0	other	False	False
GSE291670	GSE291670	THBS1_CD36	THBS	ECM-Receptor	THBS1	CD36	THBS1	CD36	outgoing	TNK	0.0	0.0	1.0	1.0	False	False	0.0	other	False	False
GSE291670	GSE291670	THBS2_CD36	THBS	ECM-Receptor	THBS2	CD36	THBS2	CD36	outgoing	TNK	0.0	0.0	1.0	1.0	False	False	0.0	other	False	False
GSE291670	GSE291670	THBS3_CD36	THBS	ECM-Receptor	THBS3	CD36	THBS3	CD36	outgoing	TNK	0.0	0.0	1.0	1.0	False	False	0.0	other	False	False
GSE291670	GSE291670	THBS4_CD36	THBS	ECM-Receptor	THBS4	CD36	THBS4	CD36	outgoing	TNK	0.0	0.0	1.0	1.0	False	False	0.0	other	False	False
GSE291670	GSE291670	COMP_CD36	THBS	ECM-Receptor	COMP	CD36	COMP	CD36	outgoing	TNK	0.0	0.0	1.0	1.0	False	False	0.0	other	False	False
GSE291670	GSE291670	COL1A1_GP6	COLLAGEN	ECM-Receptor	COL1A1	GP6	COL1A1	GP6	outgoing	TNK	0.0	0.0	1.0	1.0	False	False	0.0	other	False	False
GSE291670	GSE291670	COL1A2_GP6	COLLAGEN	ECM-Receptor	COL1A2	GP6	COL1A2	GP6	outgoing	TNK	0.0	0.0	1.0	1.0	False	False	0.0	other	False	False
GSE291670	GSE291670	COL2A1_GP6	COLLAGEN	ECM-Receptor	COL2A1	GP6	COL2A1	GP6	outgoing	TNK	0.0	0.0	1.0	1.0	False	False	0.0	other	False	False
GSE291670	GSE291670	COL4A1_GP6	COLLAGEN	ECM-Receptor	COL4A1	GP6	COL4A1	GP6	outgoing	TNK	0.0	0.0	1.0	1.0	False	False	0.0	other	False	False
GSE291670	GSE291670	COL4A2_GP6	COLLAGEN	ECM-Receptor	COL4A2	GP6	COL4A2	GP6	outgoing	TNK	0.0	0.0	1.0	1.0	False	False	0.0	other	False	False
GSE291670	GSE291670	COL4A3_GP6	COLLAGEN	ECM-Receptor	COL4A3	GP6	COL4A3	GP6	outgoing	TNK	0.0	0.0	1.0	1.0	False	False	0.0	other	False	False
GSE291670	GSE291670	COL4A4_GP6	COLLAGEN	ECM-Receptor	COL4A4	GP6	COL4A4	GP6	outgoing	TNK	0.0	0.0	1.0	1.0	False	False	0.0	other	False	False
GSE291670	GSE291670	COL4A5_GP6	COLLAGEN	ECM-Receptor	COL4A5	GP6	COL4A5	GP6	outgoing	TNK	0.0	0.0	1.0	1.0	False	False	0.0	other	False	False
GSE291670	GSE291670	COL4A6_GP6	COLLAGEN	ECM-Receptor	COL4A6	GP6	COL4A6	GP6	outgoing	TNK	0.0	0.0	1.0	1.0	False	False	0.0	other	False	False
GSE291670	GSE291670	COL6A1_GP6	COLLAGEN	ECM-Receptor	COL6A1	GP6	COL6A1	GP6	outgoing	TNK	0.0	0.0	1.0	1.0	False	False	0.0	other	False	False
GSE291670	GSE291670	COL6A2_GP6	COLLAGEN	ECM-Receptor	COL6A2	GP6	COL6A2	GP6	outgoing	TNK	0.0	0.0	1.0	1.0	False	False	0.0	other	False	False
GSE291670	GSE291670	COL6A3_GP6	COLLAGEN	ECM-Receptor	COL6A3	GP6	COL6A3	GP6	outgoing	TNK	0.0	0.0	1.0	1.0	False	False	0.0	other	False	False
GSE291670	GSE291670	COL6A5_GP6	COLLAGEN	ECM-Receptor	COL6A5	GP6	COL6A5	GP6	outgoing	TNK	0.0	0.0	1.0	1.0	False	False	0.0	other	False	False
GSE291670	GSE291670	COL6A6_GP6	COLLAGEN	ECM-Receptor	COL6A6	GP6	COL6A6	GP6	outgoing	TNK	0.0	0.0	1.0	1.0	False	False	0.0	other	False	False
GSE291670	GSE291670	COL9A1_GP6	COLLAGEN	ECM-Receptor	COL9A1	GP6	COL9A1	GP6	outgoing	TNK	0.0	0.0	1.0	1.0	False	False	0.0	other	False	False
GSE291670	GSE291670	COL9A2_GP6	COLLAGEN	ECM-Receptor	COL9A2	GP6	COL9A2	GP6	outgoing	TNK	0.0	0.0	1.0	1.0	False	False	0.0	other	False	False
GSE291670	GSE291670	COL9A3_GP6	COLLAGEN	ECM-Receptor	COL9A3	GP6	COL9A3	GP6	outgoing	TNK	0.0	0.0	1.0	1.0	False	False	0.0	other	False	False
GSE291670	GSE291670	THBS1_CD47	THBS	ECM-Receptor	THBS1	CD47	THBS1	CD47	outgoing	TNK	0.0	0.0	1.0	1.0	False	False	0.0	other	False	False
GSE291670	GSE291670	THBS2_CD47	THBS	ECM-Receptor	THBS2	CD47	THBS2	CD47	outgoing	TNK	0.0	0.0	1.0	1.0	False	False	0.0	other	False	False
GSE291670	GSE291670	THBS3_CD47	THBS	ECM-Receptor	THBS3	CD47	THBS3	CD47	outgoing	TNK	0.0	0.0	1.0	1.0	False	False	0.0	other	False	False
GSE291670	GSE291670	THBS4_CD47	THBS	ECM-Receptor	THBS4	CD47	THBS4	CD47	outgoing	TNK	0.0	0.0	1.0	1.0	False	False	0.0	other	False	False
GSE291670	GSE291670	COMP_CD47	THBS	ECM-Receptor	COMP	CD47	COMP	CD47	outgoing	TNK	0.0	0.0	1.0	1.0	False	False	0.0	other	False	False
GSE291670	GSE291670	AGRN_DAG1	AGRN	ECM-Receptor	AGRN	DAG1	AGRN	DAG1	outgoing	TNK	0.0	0.0	1.0	1.0	False	False	0.0	other	False	False
GSE291670	GSE291670	HSPG2_DAG1	HSPG	ECM-Receptor	HSPG2	DAG1	HSPG2	DAG1	outgoing	TNK	0.0	0.0	1.0	1.0	False	False	0.0	other	False	False
GSE291670	GSE291670	LAMA1_DAG1	LAMININ	ECM-Receptor	LAMA1	DAG1	LAMA1	DAG1	outgoing	TNK	0.0	0.0	1.0	1.0	False	False	0.0	other	False	False
GSE291670	GSE291670	LAMA2_DAG1	LAMININ	ECM-Receptor	LAMA2	DAG1	LAMA2	DAG1	outgoing	TNK	0.0	0.0	1.0	1.0	False	False	0.0	other	False	False
GSE291670	GSE291670	LAMA3_DAG1	LAMININ	ECM-Receptor	LAMA3	DAG1	LAMA3	DAG1	outgoing	TNK	0.0	0.0	1.0	1.0	False	False	0.0	other	False	False
GSE291670	GSE291670	LAMA4_DAG1	LAMININ	ECM-Receptor	LAMA4	DAG1	LAMA4	DAG1	outgoing	TNK	0.0	0.0	1.0	1.0	False	False	0.0	other	False	False
GSE291670	GSE291670	LAMA5_DAG1	LAMININ	ECM-Receptor	LAMA5	DAG1	LAMA5	DAG1	outgoing	TNK	0.0	0.0	1.0	1.0	False	False	0.0	other	False	False
GSE291670	GSE291670	LAMB1_DAG1	LAMININ	ECM-Receptor	LAMB1	DAG1	LAMB1	DAG1	outgoing	TNK	0.0	0.0	1.0	1.0	False	False	0.0	other	False	False
GSE291670	GSE291670	LAMB2_DAG1	LAMININ	ECM-Receptor	LAMB2	DAG1	LAMB2	DAG1	outgoing	TNK	0.0	0.0	1.0	1.0	False	False	0.0	other	False	False
GSE291670	GSE291670	LAMB3_DAG1	LAMININ	ECM-Receptor	LAMB3	DAG1	LAMB3	DAG1	outgoing	TNK	0.0	0.0	1.0	1.0	False	False	0.0	other	False	False
GSE291670	GSE291670	LAMC1_DAG1	LAMININ	ECM-Receptor	LAMC1	DAG1	LAMC1	DAG1	outgoing	TNK	0.0	0.0	1.0	1.0	False	False	0.0	other	False	False
GSE291670	GSE291670	LAMC2_DAG1	LAMININ	ECM-Receptor	LAMC2	DAG1	LAMC2	DAG1	outgoing	TNK	0.0	0.0	1.0	1.0	False	False	0.0	other	False	False
GSE291670	GSE291670	LAMC3_DAG1	LAMININ	ECM-Receptor	LAMC3	DAG1	LAMC3	DAG1	outgoing	TNK	0.0	0.0	1.0	1.0	False	False	0.0	other	False	False
GSE291670	GSE291670	APP_CD74	APP	Cell-Cell Contact	APP	CD74	APP	CD74	outgoing	TNK	0.24214477503960413	0.1814055058943938	0.009900990099009901	1.0	True	False	0.06073926914521033	other	True	True
GSE291670	GSE291670	CADM1_CADM1	CADM	Cell-Cell Contact	CADM1	CADM1	CADM1	CADM1	outgoing	TNK	0.6148313620119616	0.7087256555910956	1.0	0.009900990099009901	False	True	-0.09389429357913393	barrier	True	True
GSE291670	GSE291670	CADM3_CADM3	CADM	Cell-Cell Contact	CADM3	CADM3	CADM3	CADM3	outgoing	TNK	0.0	0.0	1.0	1.0	False	False	0.0	other	False	False
GSE291670	GSE291670	FCER2A_CR2	CD23	Cell-Cell Contact	FCER2	CR2	FCER2	CR2	outgoing	TNK	0.0	0.0	1.0	1.0	False	False	0.0	other	False	False
GSE291670	GSE291670	CD34_SELP	CD34	Cell-Cell Contact	CD34	SELP	CD34	SELP	outgoing	TNK	0.0	0.0	1.0	1.0	False	False	0.0	other	False	False
GSE291670	GSE291670	ENTPD1_ADORA1	CD39	Cell-Cell Contact	ENTPD1	ADORA1	ENTPD1	ADORA1	outgoing	TNK	0.0	0.0	1.0	1.0	False	False	0.0	other	False	False
GSE291670	GSE291670	ENTPD1_ADORA2A	CD39	Cell-Cell Contact	ENTPD1	ADORA2A	ENTPD1	ADORA2A	outgoing	TNK	0.0	0.0	1.0	1.0	False	False	0.0	other	False	False
GSE291670	GSE291670	ENTPD1_ADORA2B	CD39	Cell-Cell Contact	ENTPD1	ADORA2B	ENTPD1	ADORA2B	outgoing	TNK	0.0	0.0	1.0	1.0	False	False	0.0	other	False	False
GSE291670	GSE291670	ENTPD1_TMIGD3	CD39	Cell-Cell Contact	ENTPD1	TMIGD3	ENTPD1	TMIGD3	outgoing	TNK	0.0	0.0	1.0	1.0	False	False	0.0	other	False	False
GSE291670	GSE291670	CD40LG_CD40	CD40	Cell-Cell Contact	CD40LG	CD40	CD40LG	CD40	outgoing	TNK	0.0	0.0	1.0	1.0	False	False	0.0	other	False	False
GSE291670	GSE291670	PTPRC_CD22	CD45	Cell-Cell Contact	PTPRC	CD22	PTPRC	CD22	outgoing	TNK	0.0	0.0	1.0	1.0	False	False	0.0	other	False	False
GSE291670	GSE291670	PTPRC_MRC1	CD45	Cell-Cell Contact	PTPRC	MRC1	PTPRC	MRC1	outgoing	TNK	0.0	0.0	1.0	1.0	False	False	0.0	other	False	False
GSE291670	GSE291670	CD46_JAG1	CD46	Cell-Cell Contact	CD46	JAG1	CD46	JAG1	outgoing	TNK	0.0	0.0	1.0	1.0	False	False	0.0	other	False	False
GSE291670	GSE291670	CD48_CD244A	CD48	Cell-Cell Contact	CD48	CD244	CD48	CD244	outgoing	TNK	0.0	0.0	1.0	1.0	False	False	0.0	other	False	False
GSE291670	GSE291670	CD6_ALCAM	CD6	Cell-Cell Contact	CD6	ALCAM	CD6	ALCAM	outgoing	TNK	0.0	0.0	1.0	1.0	False	False	0.0	other	False	False
GSE291670	GSE291670	CD80_CD274	CD80	Cell-Cell Contact	CD80	CD274	CD80	CD274	outgoing	TNK	0.0	0.0	1.0	1.0	False	False	0.0	inhibitory	False	False
GSE291670	GSE291670	CD80_CD28	CD80	Cell-Cell Contact	CD80	CD28	CD80	CD28	outgoing	TNK	0.0	0.0	1.0	1.0	False	False	0.0	inhibitory	False	False
GSE291670	GSE291670	CD80_CTLA4	CD80	Cell-Cell Contact	CD80	CTLA4	CD80	CTLA4	outgoing	TNK	0.0	0.0	1.0	1.0	False	False	0.0	inhibitory	False	False
GSE291670	GSE291670	CD86_CD28	CD86	Cell-Cell Contact	CD86	CD28	CD86	CD28	outgoing	TNK	0.0	0.0	1.0	1.0	False	False	0.0	inhibitory	False	False
GSE291670	GSE291670	CD86_CTLA4	CD86	Cell-Cell Contact	CD86	CTLA4	CD86	CTLA4	outgoing	TNK	0.0	0.0	1.0	1.0	False	False	0.0	inhibitory	False	False
GSE291670	GSE291670	CD96_NECTIN1	CD96	Cell-Cell Contact	CD96	NECTIN1	CD96	NECTIN1	outgoing	TNK	0.0	0.0	1.0	1.0	False	False	0.0	other	False	False
GSE291670	GSE291670	CD96_PVR	CD96	Cell-Cell Contact	CD96	PVR	CD96	PVR	outgoing	TNK	0.0	0.0	1.0	1.0	False	False	0.0	other	False	False
GSE291670	GSE291670	CD99_PILRA	CD99	Cell-Cell Contact	CD99	PILRA	CD99	PILRA	outgoing	TNK	0.0	0.0	1.0	1.0	False	False	0.0	other	False	False
GSE291670	GSE291670	CD99_CD99	CD99	Cell-Cell Contact	CD99	CD99	CD99	CD99	outgoing	TNK	0.0	0.0	1.0	1.0	False	False	0.0	other	False	False
GSE291670	GSE291670	CD99_CD99L2	CD99	Cell-Cell Contact	CD99	CD99L2	CD99	CD99L2	outgoing	TNK	0.0	0.0	1.0	1.0	False	False	0.0	other	False	False
GSE291670	GSE291670	CDH15_CDH15	CDH	Cell-Cell Contact	CDH15	CDH15	CDH15	CDH15	outgoing	TNK	0.0	0.0	1.0	1.0	False	False	0.0	other	False	False
GSE291670	GSE291670	CDH4_CDH4	CDH	Cell-Cell Contact	CDH4	CDH4	CDH4	CDH4	outgoing	TNK	0.0	0.0	1.0	1.0	False	False	0.0	other	False	False
GSE291670	GSE291670	CDH2_CDH2	CDH	Cell-Cell Contact	CDH2	CDH2	CDH2	CDH2	outgoing	TNK	0.0	0.0	1.0	1.0	False	False	0.0	other	False	False
GSE291670	GSE291670	CDH1_CDH1	CDH	Cell-Cell Contact	CDH1	CDH1	CDH1	CDH1	outgoing	TNK	0.0	0.0	1.0	1.0	False	False	0.0	barrier|inhibitory	False	False
GSE291670	GSE291670	CDH1_KLRG1	CDH1	Cell-Cell Contact	CDH1	KLRG1	CDH1	KLRG1	outgoing	TNK	0.0	0.0	1.0	1.0	False	False	0.0	barrier|inhibitory	False	False
GSE291670	GSE291670	CDH5_CDH5	CDH5	Cell-Cell Contact	CDH5	CDH5	CDH5	CDH5	outgoing	TNK	0.0	0.0	1.0	1.0	False	False	0.0	other	False	False
GSE291670	GSE291670	CD1D_CEACAM5	CEACAM	Cell-Cell Contact	CD1D	CEACAM5	CD1D	CEACAM5	outgoing	TNK	0.0	0.0	1.0	1.0	False	False	0.0	other	False	False
GSE291670	GSE291670	CD209_CEACAM1	CEACAM	Cell-Cell Contact	CD209	CEACAM1	CD209	CEACAM1	outgoing	TNK	0.0	0.0	1.0	1.0	False	False	0.0	other	False	False
GSE291670	GSE291670	CD8A_CEACAM5	CEACAM	Cell-Cell Contact	CD8A	CEACAM5	CD8A	CEACAM5	outgoing	TNK	0.0	0.0	1.0	1.0	False	False	0.0	other	False	False
GSE291670	GSE291670	CEACAM1_CEACAM5	CEACAM	Cell-Cell Contact	CEACAM1	CEACAM5	CEACAM1	CEACAM5	outgoing	TNK	0.0	0.0	1.0	1.0	False	False	0.0	barrier	False	False
GSE291670	GSE291670	SELE_CEACAM1	CEACAM	Cell-Cell Contact	SELE	CEACAM1	SELE	CEACAM1	outgoing	TNK	0.0	0.0	1.0	1.0	False	False	0.0	other	False	False
GSE291670	GSE291670	CLDN11_CLDN11	CLDN	Cell-Cell Contact	CLDN11	CLDN11	CLDN11	CLDN11	outgoing	TNK	0.0	0.0	1.0	1.0	False	False	0.0	other	False	False
GSE291670	GSE291670	CLEC2D_KLRB1	CLEC	Cell-Cell Contact	CLEC2D	KLRB1	CLEC2D	KLRB1	outgoing	TNK	0.0	0.0	1.0	1.0	False	False	0.0	other	False	False
GSE291670	GSE291670	CLEC2A_KLRB1	CLEC	Cell-Cell Contact	CLEC2A	KLRB1	CLEC2A	KLRB1	outgoing	TNK	0.0	0.0	1.0	1.0	False	False	0.0	other	False	False
GSE291670	GSE291670	CLEC2B_KLRB1	CLEC	Cell-Cell Contact	CLEC2B	KLRB1	CLEC2B	KLRB1	outgoing	TNK	0.0	0.0	1.0	1.0	False	False	0.0	other	False	False
GSE291670	GSE291670	CLEC2C_KLRB1	CLEC	Cell-Cell Contact	CD69	KLRB1	CD69	KLRB1	outgoing	TNK	0.0	0.0	1.0	1.0	False	False	0.0	other	False	False
GSE291670	GSE291670	CLEC2L_KLRB1	CLEC	Cell-Cell Contact	CLEC2L	KLRB1	CLEC2L	KLRB1	outgoing	TNK	0.0	0.0	1.0	1.0	False	False	0.0	other	False	False
GSE291670	GSE291670	CLEC1B_KLRB1	CLEC	Cell-Cell Contact	CLEC1B	KLRB1	CLEC1B	KLRB1	outgoing	TNK	0.0	0.0	1.0	1.0	False	False	0.0	other	False	False
GSE291670	GSE291670	CNTN2_L1CAM	CNTN	Cell-Cell Contact	CNTN2	L1CAM	CNTN2	L1CAM	outgoing	TNK	0.0	0.0	1.0	1.0	False	False	0.0	other	False	False
GSE291670	GSE291670	CNTN2_CNTN2	CNTN	Cell-Cell Contact	CNTN2	CNTN2	CNTN2	CNTN2	outgoing	TNK	0.0	0.0	1.0	1.0	False	False	0.0	other	False	False
GSE291670	GSE291670	CNTN1_NRCAM	CNTN	Cell-Cell Contact	CNTN1	NRCAM	CNTN1	NRCAM	outgoing	TNK	0.0	0.0	1.0	1.0	False	False	0.0	other	False	False
GSE291670	GSE291670	DSC1_DSG1	DESMOSOME	Cell-Cell Contact	DSC1	DSG1	DSC1	DSG1	outgoing	TNK	0.0	0.0	1.0	1.0	False	False	0.0	other	False	False
GSE291670	GSE291670	DSC1_DSG2	DESMOSOME	Cell-Cell Contact	DSC1	DSG2	DSC1	DSG2	outgoing	TNK	0.0	0.0	1.0	1.0	False	False	0.0	other	False	False
GSE291670	GSE291670	DSC2_DSG1	DESMOSOME	Cell-Cell Contact	DSC2	DSG1	DSC2	DSG1	outgoing	TNK	0.0	0.0	1.0	1.0	False	False	0.0	barrier	False	False
GSE291670	GSE291670	DSC2_DSG2	DESMOSOME	Cell-Cell Contact	DSC2	DSG2	DSC2	DSG2	outgoing	TNK	0.0	0.0	1.0	1.0	False	False	0.0	barrier	False	False
GSE291670	GSE291670	DSC3_DSG1	DESMOSOME	Cell-Cell Contact	DSC3	DSG1	DSC3	DSG1	outgoing	TNK	0.0	0.0	1.0	1.0	False	False	0.0	other	False	False
GSE291670	GSE291670	DSC3_DSG2	DESMOSOME	Cell-Cell Contact	DSC3	DSG2	DSC3	DSG2	outgoing	TNK	0.0	0.0	1.0	1.0	False	False	0.0	other	False	False
GSE291670	GSE291670	EPGN_EGFR	EPGN	Cell-Cell Contact	EPGN	EGFR	EPGN	EGFR	outgoing	TNK	0.0	0.0	1.0	1.0	False	False	0.0	other	False	False
GSE291670	GSE291670	EFNA1_EPHA1	EPHA	Cell-Cell Contact	EFNA1	EPHA1	EFNA1	EPHA1	outgoing	TNK	0.0	0.0	1.0	1.0	False	False	0.0	other	False	False
GSE291670	GSE291670	EFNA1_EPHA2	EPHA	Cell-Cell Contact	EFNA1	EPHA2	EFNA1	EPHA2	outgoing	TNK	0.0	0.0	1.0	1.0	False	False	0.0	other	False	False
GSE291670	GSE291670	EFNA1_EPHA3	EPHA	Cell-Cell Contact	EFNA1	EPHA3	EFNA1	EPHA3	outgoing	TNK	0.0	0.0	1.0	1.0	False	False	0.0	other	False	False
GSE291670	GSE291670	EFNA1_EPHA4	EPHA	Cell-Cell Contact	EFNA1	EPHA4	EFNA1	EPHA4	outgoing	TNK	0.00013587536882950587	0.0	0.009900990099009901	1.0	True	False	0.00013587536882950587	other	True	True
GSE291670	GSE291670	EFNA1_EPHA5	EPHA	Cell-Cell Contact	EFNA1	EPHA5	EFNA1	EPHA5	outgoing	TNK	0.0	0.0	1.0	1.0	False	False	0.0	other	False	False
GSE291670	GSE291670	EFNA1_EPHA7	EPHA	Cell-Cell Contact	EFNA1	EPHA7	EFNA1	EPHA7	outgoing	TNK	0.0	0.0	1.0	1.0	False	False	0.0	other	False	False
GSE291670	GSE291670	EFNA1_EPHA8	EPHA	Cell-Cell Contact	EFNA1	EPHA8	EFNA1	EPHA8	outgoing	TNK	0.0	0.0	1.0	1.0	False	False	0.0	other	False	False
GSE291670	GSE291670	EFNA2_EPHA1	EPHA	Cell-Cell Contact	EFNA2	EPHA1	EFNA2	EPHA1	outgoing	TNK	0.0	0.0	1.0	1.0	False	False	0.0	other	False	False
GSE291670	GSE291670	EFNA2_EPHA2	EPHA	Cell-Cell Contact	EFNA2	EPHA2	EFNA2	EPHA2	outgoing	TNK	0.0	0.0	1.0	1.0	False	False	0.0	other	False	False
GSE291670	GSE291670	EFNA2_EPHA3	EPHA	Cell-Cell Contact	EFNA2	EPHA3	EFNA2	EPHA3	outgoing	TNK	0.0	0.0	1.0	1.0	False	False	0.0	other	False	False
GSE291670	GSE291670	EFNA2_EPHA4	EPHA	Cell-Cell Contact	EFNA2	EPHA4	EFNA2	EPHA4	outgoing	TNK	0.0	0.0	1.0	1.0	False	False	0.0	other	False	False
GSE291670	GSE291670	EFNA2_EPHA5	EPHA	Cell-Cell Contact	EFNA2	EPHA5	EFNA2	EPHA5	outgoing	TNK	0.0	0.0	1.0	1.0	False	False	0.0	other	False	False
GSE291670	GSE291670	EFNA2_EPHA7	EPHA	Cell-Cell Contact	EFNA2	EPHA7	EFNA2	EPHA7	outgoing	TNK	0.0	0.0	1.0	1.0	False	False	0.0	other	False	False
GSE291670	GSE291670	EFNA2_EPHA8	EPHA	Cell-Cell Contact	EFNA2	EPHA8	EFNA2	EPHA8	outgoing	TNK	0.0	0.0	1.0	1.0	False	False	0.0	other	False	False
GSE291670	GSE291670	EFNA3_EPHA1	EPHA	Cell-Cell Contact	EFNA3	EPHA1	EFNA3	EPHA1	outgoing	TNK	0.0	0.0	1.0	1.0	False	False	0.0	other	False	False
GSE291670	GSE291670	EFNA3_EPHA2	EPHA	Cell-Cell Contact	EFNA3	EPHA2	EFNA3	EPHA2	outgoing	TNK	0.0	0.0	1.0	1.0	False	False	0.0	other	False	False
GSE291670	GSE291670	EFNA3_EPHA3	EPHA	Cell-Cell Contact	EFNA3	EPHA3	EFNA3	EPHA3	outgoing	TNK	0.0	0.0	1.0	1.0	False	False	0.0	other	False	False
GSE291670	GSE291670	EFNA3_EPHA4	EPHA	Cell-Cell Contact	EFNA3	EPHA4	EFNA3	EPHA4	outgoing	TNK	0.0	0.0	1.0	1.0	False	False	0.0	other	False	False
GSE291670	GSE291670	EFNA3_EPHA5	EPHA	Cell-Cell Contact	EFNA3	EPHA5	EFNA3	EPHA5	outgoing	TNK	0.0	0.0	1.0	1.0	False	False	0.0	other	False	False
GSE291670	GSE291670	EFNA3_EPHA7	EPHA	Cell-Cell Contact	EFNA3	EPHA7	EFNA3	EPHA7	outgoing	TNK	0.0	0.0	1.0	1.0	False	False	0.0	other	False	False
GSE291670	GSE291670	EFNA3_EPHA8	EPHA	Cell-Cell Contact	EFNA3	EPHA8	EFNA3	EPHA8	outgoing	TNK	0.0	0.0	1.0	1.0	False	False	0.0	other	False	False
GSE291670	GSE291670	EFNA4_EPHA1	EPHA	Cell-Cell Contact	EFNA4	EPHA1	EFNA4	EPHA1	outgoing	TNK	0.0	0.0	1.0	1.0	False	False	0.0	other	False	False
GSE291670	GSE291670	EFNA4_EPHA2	EPHA	Cell-Cell Contact	EFNA4	EPHA2	EFNA4	EPHA2	outgoing	TNK	0.0	0.0	1.0	1.0	False	False	0.0	other	False	False
GSE291670	GSE291670	EFNA4_EPHA3	EPHA	Cell-Cell Contact	EFNA4	EPHA3	EFNA4	EPHA3	outgoing	TNK	0.0	0.0	1.0	1.0	False	False	0.0	other	False	False
GSE291670	GSE291670	EFNA4_EPHA4	EPHA	Cell-Cell Contact	EFNA4	EPHA4	EFNA4	EPHA4	outgoing	TNK	0.0	0.0	1.0	1.0	False	False	0.0	other	False	False
GSE291670	GSE291670	EFNA4_EPHA5	EPHA	Cell-Cell Contact	EFNA4	EPHA5	EFNA4	EPHA5	outgoing	TNK	0.0	0.0	1.0	1.0	False	False	0.0	other	False	False
GSE291670	GSE291670	EFNA4_EPHA7	EPHA	Cell-Cell Contact	EFNA4	EPHA7	EFNA4	EPHA7	outgoing	TNK	0.0	0.0	1.0	1.0	False	False	0.0	other	False	False
GSE291670	GSE291670	EFNA4_EPHA8	EPHA	Cell-Cell Contact	EFNA4	EPHA8	EFNA4	EPHA8	outgoing	TNK	0.0	0.0	1.0	1.0	False	False	0.0	other	False	False
GSE291670	GSE291670	EFNA5_EPHA1	EPHA	Cell-Cell Contact	EFNA5	EPHA1	EFNA5	EPHA1	outgoing	TNK	0.0	0.0	1.0	1.0	False	False	0.0	other	False	False
GSE291670	GSE291670	EFNA5_EPHA2	EPHA	Cell-Cell Contact	EFNA5	EPHA2	EFNA5	EPHA2	outgoing	TNK	0.0	0.0	1.0	1.0	False	False	0.0	other	False	False
GSE291670	GSE291670	EFNA5_EPHA3	EPHA	Cell-Cell Contact	EFNA5	EPHA3	EFNA5	EPHA3	outgoing	TNK	0.0	0.0	1.0	1.0	False	False	0.0	other	False	False
GSE291670	GSE291670	EFNA5_EPHA4	EPHA	Cell-Cell Contact	EFNA5	EPHA4	EFNA5	EPHA4	outgoing	TNK	0.004819715289506157	0.0031603116504309876	0.009900990099009901	1.0	True	False	0.0016594036390751698	other	True	True
GSE291670	GSE291670	EFNA5_EPHA5	EPHA	Cell-Cell Contact	EFNA5	EPHA5	EFNA5	EPHA5	outgoing	TNK	0.0	0.0	1.0	1.0	False	False	0.0	other	False	False
GSE291670	GSE291670	EFNA5_EPHA7	EPHA	Cell-Cell Contact	EFNA5	EPHA7	EFNA5	EPHA7	outgoing	TNK	0.0	0.0	1.0	1.0	False	False	0.0	other	False	False
GSE291670	GSE291670	EFNA5_EPHA8	EPHA	Cell-Cell Contact	EFNA5	EPHA8	EFNA5	EPHA8	outgoing	TNK	0.0	0.0	1.0	1.0	False	False	0.0	other	False	False
GSE291670	GSE291670	EFNA5_EPHB2	EPHA	Cell-Cell Contact	EFNA5	EPHB2	EFNA5	EPHB2	outgoing	TNK	0.0	0.0	1.0	1.0	False	False	0.0	other	False	False
GSE291670	GSE291670	EFNB1_EPHA4	EPHB	Cell-Cell Contact	EFNB1	EPHA4	EFNB1	EPHA4	outgoing	TNK	0.0	0.0	1.0	1.0	False	False	0.0	other	False	False
GSE291670	GSE291670	EFNB1_EPHB1	EPHB	Cell-Cell Contact	EFNB1	EPHB1	EFNB1	EPHB1	outgoing	TNK	0.0	0.0	1.0	1.0	False	False	0.0	other	False	False
GSE291670	GSE291670	EFNB1_EPHB2	EPHB	Cell-Cell Contact	EFNB1	EPHB2	EFNB1	EPHB2	outgoing	TNK	0.0	0.0	1.0	1.0	False	False	0.0	other	False	False
GSE291670	GSE291670	EFNB1_EPHB3	EPHB	Cell-Cell Contact	EFNB1	EPHB3	EFNB1	EPHB3	outgoing	TNK	0.0	0.0	1.0	1.0	False	False	0.0	other	False	False
GSE291670	GSE291670	EFNB1_EPHB4	EPHB	Cell-Cell Contact	EFNB1	EPHB4	EFNB1	EPHB4	outgoing	TNK	0.0	0.0	1.0	1.0	False	False	0.0	other	False	False
GSE291670	GSE291670	EFNB2_EPHA4	EPHB	Cell-Cell Contact	EFNB2	EPHA4	EFNB2	EPHA4	outgoing	TNK	0.0003836752432818463	8.43765505626891e-05	0.009900990099009901	1.0	True	False	0.00029929869271915724	other	True	True
GSE291670	GSE291670	EFNB2_EPHB1	EPHB	Cell-Cell Contact	EFNB2	EPHB1	EFNB2	EPHB1	outgoing	TNK	0.0	0.0	1.0	1.0	False	False	0.0	other	False	False
GSE291670	GSE291670	EFNB2_EPHB2	EPHB	Cell-Cell Contact	EFNB2	EPHB2	EFNB2	EPHB2	outgoing	TNK	0.0	0.0	1.0	1.0	False	False	0.0	other	False	False
GSE291670	GSE291670	EFNB2_EPHB3	EPHB	Cell-Cell Contact	EFNB2	EPHB3	EFNB2	EPHB3	outgoing	TNK	0.0	0.0	1.0	1.0	False	False	0.0	other	False	False
GSE291670	GSE291670	EFNB2_EPHB4	EPHB	Cell-Cell Contact	EFNB2	EPHB4	EFNB2	EPHB4	outgoing	TNK	0.0	0.0	1.0	1.0	False	False	0.0	other	False	False
GSE291670	GSE291670	EFNB3_EPHA4	EPHB	Cell-Cell Contact	EFNB3	EPHA4	EFNB3	EPHA4	outgoing	TNK	0.0	0.0	1.0	1.0	False	False	0.0	other	False	False
GSE291670	GSE291670	EFNB3_EPHB1	EPHB	Cell-Cell Contact	EFNB3	EPHB1	EFNB3	EPHB1	outgoing	TNK	0.0	0.0	1.0	1.0	False	False	0.0	other	False	False
GSE291670	GSE291670	EFNB3_EPHB2	EPHB	Cell-Cell Contact	EFNB3	EPHB2	EFNB3	EPHB2	outgoing	TNK	0.0	0.0	1.0	1.0	False	False	0.0	other	False	False
GSE291670	GSE291670	EFNB3_EPHB3	EPHB	Cell-Cell Contact	EFNB3	EPHB3	EFNB3	EPHB3	outgoing	TNK	0.0	0.0	1.0	1.0	False	False	0.0	other	False	False
GSE291670	GSE291670	EFNB3_EPHB4	EPHB	Cell-Cell Contact	EFNB3	EPHB4	EFNB3	EPHB4	outgoing	TNK	0.0	0.0	1.0	1.0	False	False	0.0	other	False	False
GSE291670	GSE291670	EFNB3_EPHB6	EPHB	Cell-Cell Contact	EFNB3	EPHB6	EFNB3	EPHB6	outgoing	TNK	0.0	0.0	1.0	1.0	False	False	0.0	other	False	False
GSE291670	GSE291670	ESAM_ESAM	ESAM	Cell-Cell Contact	ESAM	ESAM	ESAM	ESAM	outgoing	TNK	0.0	0.0	1.0	1.0	False	False	0.0	other	False	False
GSE291670	GSE291670	ICAM1_ITGAL	ICAM	Cell-Cell Contact	ICAM1	ITGAL	ICAM1	ITGAL	outgoing	TNK	0.027790847519651954	0.035459005231824645	0.8712871287128713	0.12871287128712872	False	False	-0.007668157712172691	other	False	False
GSE291670	GSE291670	ICAM1_SPN	ICAM	Cell-Cell Contact	ICAM1	SPN	ICAM1	SPN	outgoing	TNK	0.0	0.0	1.0	1.0	False	False	0.0	other	False	False
GSE291670	GSE291670	ICAM5_CD209	ICAM	Cell-Cell Contact	ICAM5	CD209	ICAM5	CD209	outgoing	TNK	0.0	0.0	1.0	1.0	False	False	0.0	other	False	False
GSE291670	GSE291670	ICOSL_ICOS	ICOS	Cell-Cell Contact	ICOSLG	ICOS	ICOSLG	ICOS	outgoing	TNK	0.0	0.0	1.0	1.0	False	False	0.0	other	False	False
GSE291670	GSE291670	ICOSL_CD28	ICOS	Cell-Cell Contact	ICOSLG	CD28	ICOSLG	CD28	outgoing	TNK	0.0	0.0	1.0	1.0	False	False	0.0	other	False	False
GSE291670	GSE291670	ICOSL_CTLA4	ICOS	Cell-Cell Contact	ICOSLG	CTLA4	ICOSLG	CTLA4	outgoing	TNK	0.0	0.0	1.0	1.0	False	False	0.0	other	False	False
GSE291670	GSE291670	JAM2_JAM3	JAM	Cell-Cell Contact	JAM2	JAM3	JAM2	JAM3	outgoing	TNK	0.0	0.0	1.0	1.0	False	False	0.0	barrier	False	False
GSE291670	GSE291670	F11R_F11R	JAM	Cell-Cell Contact	F11R	F11R	F11R	F11R	outgoing	TNK	0.0	0.0	1.0	1.0	False	False	0.0	barrier	False	False
GSE291670	GSE291670	JAM2_F11R	JAM	Cell-Cell Contact	JAM2	F11R	JAM2	F11R	outgoing	TNK	0.0	0.0	1.0	1.0	False	False	0.0	barrier	False	False
GSE291670	GSE291670	JAM2_JAM2	JAM	Cell-Cell Contact	JAM2	JAM2	JAM2	JAM2	outgoing	TNK	0.0	0.0	1.0	1.0	False	False	0.0	barrier	False	False
GSE291670	GSE291670	JAM3_F11R	JAM	Cell-Cell Contact	JAM3	F11R	JAM3	F11R	outgoing	TNK	0.0	0.0	1.0	1.0	False	False	0.0	barrier	False	False
GSE291670	GSE291670	JAM3_JAM3	JAM	Cell-Cell Contact	JAM3	JAM3	JAM3	JAM3	outgoing	TNK	0.0	0.0	1.0	1.0	False	False	0.0	barrier	False	False
GSE291670	GSE291670	L1CAM_L1CAM	L1CAM	Cell-Cell Contact	L1CAM	L1CAM	L1CAM	L1CAM	outgoing	TNK	0.0	0.0	1.0	1.0	False	False	0.0	other	False	False
GSE291670	GSE291670	MAG_MAG	MAG	Cell-Cell Contact	MAG	MAG	MAG	MAG	outgoing	TNK	0.0	0.0	1.0	1.0	False	False	0.0	other	False	False
GSE291670	GSE291670	HLA-A_CD8A	MHC-I	Cell-Cell Contact	HLA-A	CD8A	HLA-A	CD8A	outgoing	TNK	0.0	0.0	1.0	1.0	False	False	0.0	other	False	False
GSE291670	GSE291670	HLA-B_CD8A	MHC-I	Cell-Cell Contact	HLA-B	CD8A	HLA-B	CD8A	outgoing	TNK	0.0	0.0	1.0	1.0	False	False	0.0	other	False	False
GSE291670	GSE291670	HLA-C_CD8A	MHC-I	Cell-Cell Contact	HLA-C	CD8A	HLA-C	CD8A	outgoing	TNK	0.0	0.0	1.0	1.0	False	False	0.0	other	False	False
GSE291670	GSE291670	HLA-E_CD8A	MHC-I	Cell-Cell Contact	HLA-E	CD8A	HLA-E	CD8A	outgoing	TNK	0.0	0.0	1.0	1.0	False	False	0.0	inhibitory	False	False
GSE291670	GSE291670	HLA-F_CD8A	MHC-I	Cell-Cell Contact	HLA-F	CD8A	HLA-F	CD8A	outgoing	TNK	0.0	0.0	1.0	1.0	False	False	0.0	inhibitory	False	False
GSE291670	GSE291670	HLA-G_CD8A	MHC-I	Cell-Cell Contact	HLA-G	CD8A	HLA-G	CD8A	outgoing	TNK	0.0	0.0	1.0	1.0	False	False	0.0	inhibitory	False	False
GSE291670	GSE291670	HLA-A_CD8B	MHC-I	Cell-Cell Contact	HLA-A	CD8B	HLA-A	CD8B	outgoing	TNK	0.0	0.0	1.0	1.0	False	False	0.0	other	False	False
GSE291670	GSE291670	HLA-B_CD8B	MHC-I	Cell-Cell Contact	HLA-B	CD8B	HLA-B	CD8B	outgoing	TNK	0.0	0.0	1.0	1.0	False	False	0.0	other	False	False
GSE291670	GSE291670	HLA-C_CD8B	MHC-I	Cell-Cell Contact	HLA-C	CD8B	HLA-C	CD8B	outgoing	TNK	0.0	0.0	1.0	1.0	False	False	0.0	other	False	False
GSE291670	GSE291670	HLA-E_CD8B	MHC-I	Cell-Cell Contact	HLA-E	CD8B	HLA-E	CD8B	outgoing	TNK	0.0	0.0	1.0	1.0	False	False	0.0	inhibitory	False	False
GSE291670	GSE291670	HLA-F_CD8B	MHC-I	Cell-Cell Contact	HLA-F	CD8B	HLA-F	CD8B	outgoing	TNK	0.0	0.0	1.0	1.0	False	False	0.0	inhibitory	False	False
GSE291670	GSE291670	HLA-G_CD8B	MHC-I	Cell-Cell Contact	HLA-G	CD8B	HLA-G	CD8B	outgoing	TNK	0.0	0.0	1.0	1.0	False	False	0.0	inhibitory	False	False
GSE291670	GSE291670	HLA-A_CD8B2	MHC-I	Cell-Cell Contact	HLA-A	CD8B2	HLA-A	CD8B2	outgoing	TNK	0.0	0.0	1.0	1.0	False	False	0.0	other	False	False
GSE291670	GSE291670	HLA-B_CD8B2	MHC-I	Cell-Cell Contact	HLA-B	CD8B2	HLA-B	CD8B2	outgoing	TNK	0.0	0.0	1.0	1.0	False	False	0.0	other	False	False
GSE291670	GSE291670	HLA-C_CD8B2	MHC-I	Cell-Cell Contact	HLA-C	CD8B2	HLA-C	CD8B2	outgoing	TNK	0.0	0.0	1.0	1.0	False	False	0.0	other	False	False
GSE291670	GSE291670	HLA-E_CD8B2	MHC-I	Cell-Cell Contact	HLA-E	CD8B2	HLA-E	CD8B2	outgoing	TNK	0.0	0.0	1.0	1.0	False	False	0.0	inhibitory	False	False
GSE291670	GSE291670	HLA-F_CD8B2	MHC-I	Cell-Cell Contact	HLA-F	CD8B2	HLA-F	CD8B2	outgoing	TNK	0.0	0.0	1.0	1.0	False	False	0.0	inhibitory	False	False
GSE291670	GSE291670	HLA-G_CD8B2	MHC-I	Cell-Cell Contact	HLA-G	CD8B2	HLA-G	CD8B2	outgoing	TNK	0.0	0.0	1.0	1.0	False	False	0.0	inhibitory	False	False
GSE291670	GSE291670	HLA-C_KIR2DL1	MHC-I	Cell-Cell Contact	HLA-C	KIR2DL1	HLA-C	KIR2DL1	outgoing	TNK	0.0	0.0	1.0	1.0	False	False	0.0	other	False	False
GSE291670	GSE291670	HLA-C_KIR2DL3	MHC-I	Cell-Cell Contact	HLA-C	KIR2DL3	HLA-C	KIR2DL3	outgoing	TNK	0.0	0.0	1.0	1.0	False	False	0.0	other	False	False
GSE291670	GSE291670	HLA-G_LILRB1	MHC-I	Cell-Cell Contact	HLA-G	LILRB1	HLA-G	LILRB1	outgoing	TNK	0.0	0.0	1.0	1.0	False	False	0.0	inhibitory	False	False
GSE291670	GSE291670	HLA-G_LILRB2	MHC-I	Cell-Cell Contact	HLA-G	LILRB2	HLA-G	LILRB2	outgoing	TNK	0.0	0.0	1.0	1.0	False	False	0.0	inhibitory	False	False
GSE291670	GSE291670	HLA-F_KIR3DL1	MHC-I	Cell-Cell Contact	HLA-F	KIR3DL1	HLA-F	KIR3DL1	outgoing	TNK	0.0	0.0	1.0	1.0	False	False	0.0	inhibitory	False	False
GSE291670	GSE291670	HLA-F_KIR3DL2	MHC-I	Cell-Cell Contact	HLA-F	KIR3DL2	HLA-F	KIR3DL2	outgoing	TNK	0.0	0.0	1.0	1.0	False	False	0.0	inhibitory	False	False
GSE291670	GSE291670	HLA-B_KIR3DL2	MHC-I	Cell-Cell Contact	HLA-B	KIR3DL2	HLA-B	KIR3DL2	outgoing	TNK	0.0	0.0	1.0	1.0	False	False	0.0	other	False	False
GSE291670	GSE291670	HLA-C_KIR3DL3	MHC-I	Cell-Cell Contact	HLA-C	KIR3DL3	HLA-C	KIR3DL3	outgoing	TNK	0.0	0.0	1.0	1.0	False	False	0.0	other	False	False
GSE291670	GSE291670	HLA-E_KLRC1	MHC-I	Cell-Cell Contact	HLA-E	KLRC1	HLA-E	KLRC1	outgoing	TNK	0.0	0.0	1.0	1.0	False	False	0.0	inhibitory	False	False
GSE291670	GSE291670	HLA-E_KLRC2	MHC-I	Cell-Cell Contact	HLA-E	KLRC2	HLA-E	KLRC2	outgoing	TNK	0.0	0.0	1.0	1.0	False	False	0.0	inhibitory	False	False
GSE291670	GSE291670	HLA-A_KIR3DL1	MHC-I	Cell-Cell Contact	HLA-A	KIR3DL1	HLA-A	KIR3DL1	outgoing	TNK	0.0	0.0	1.0	1.0	False	False	0.0	other	False	False
GSE291670	GSE291670	HLA-F_LILRB1	MHC-I	Cell-Cell Contact	HLA-F	LILRB1	HLA-F	LILRB1	outgoing	TNK	0.0	0.0	1.0	1.0	False	False	0.0	inhibitory	False	False
GSE291670	GSE291670	HLA-E_KLRK1	MHC-I	Cell-Cell Contact	HLA-E	KLRK1	HLA-E	KLRK1	outgoing	TNK	0.0	0.0	1.0	1.0	False	False	0.0	inhibitory	False	False
GSE291670	GSE291670	ULBP1_KLRK1	MHC-I	Cell-Cell Contact	ULBP1	KLRK1	ULBP1	KLRK1	outgoing	TNK	0.0	0.0	1.0	1.0	False	False	0.0	recruit	False	False
GSE291670	GSE291670	ULBP2_KLRK1	MHC-I	Cell-Cell Contact	ULBP2	KLRK1	ULBP2	KLRK1	outgoing	TNK	0.0	0.0	1.0	1.0	False	False	0.0	recruit	False	False
GSE291670	GSE291670	ULBP3_KLRK1	MHC-I	Cell-Cell Contact	ULBP3	KLRK1	ULBP3	KLRK1	outgoing	TNK	0.0	0.0	1.0	1.0	False	False	0.0	recruit	False	False
GSE291670	GSE291670	RAET1L_KLRK1	MHC-I	Cell-Cell Contact	RAET1L	KLRK1	RAET1L	KLRK1	outgoing	TNK	0.0	0.0	1.0	1.0	False	False	0.0	other	False	False
GSE291670	GSE291670	RAET1E_KLRK1	MHC-I	Cell-Cell Contact	RAET1E	KLRK1	RAET1E	KLRK1	outgoing	TNK	0.0	0.0	1.0	1.0	False	False	0.0	other	False	False
GSE291670	GSE291670	RAET1G_KLRK1	MHC-I	Cell-Cell Contact	RAET1G	KLRK1	RAET1G	KLRK1	outgoing	TNK	0.0	0.0	1.0	1.0	False	False	0.0	other	False	False
GSE291670	GSE291670	HLA-DPA1_CD4	MHC-II	Cell-Cell Contact	HLA-DPA1	CD4	HLA-DPA1	CD4	outgoing	TNK	0.0	0.0	1.0	1.0	False	False	0.0	other	False	False
GSE291670	GSE291670	HLA-DPB1_CD4	MHC-II	Cell-Cell Contact	HLA-DPB1	CD4	HLA-DPB1	CD4	outgoing	TNK	0.0	0.0	1.0	1.0	False	False	0.0	other	False	False
GSE291670	GSE291670	HLA-DQA1_CD4	MHC-II	Cell-Cell Contact	HLA-DQA1	CD4	HLA-DQA1	CD4	outgoing	TNK	0.0	0.0	1.0	1.0	False	False	0.0	other	False	False
GSE291670	GSE291670	HLA-DMA_CD4	MHC-II	Cell-Cell Contact	HLA-DMA	CD4	HLA-DMA	CD4	outgoing	TNK	0.0	0.0	1.0	1.0	False	False	0.0	other	False	False
GSE291670	GSE291670	HLA-DMB_CD4	MHC-II	Cell-Cell Contact	HLA-DMB	CD4	HLA-DMB	CD4	outgoing	TNK	0.0	0.0	1.0	1.0	False	False	0.0	other	False	False
GSE291670	GSE291670	HLA-DQA2_CD4	MHC-II	Cell-Cell Contact	HLA-DQA2	CD4	HLA-DQA2	CD4	outgoing	TNK	0.0	0.0	1.0	1.0	False	False	0.0	other	False	False
GSE291670	GSE291670	HLA-DOA_CD4	MHC-II	Cell-Cell Contact	HLA-DOA	CD4	HLA-DOA	CD4	outgoing	TNK	0.0	0.0	1.0	1.0	False	False	0.0	other	False	False
GSE291670	GSE291670	HLA-DOB_CD4	MHC-II	Cell-Cell Contact	HLA-DOB	CD4	HLA-DOB	CD4	outgoing	TNK	0.0	0.0	1.0	1.0	False	False	0.0	other	False	False
GSE291670	GSE291670	HLA-DQB1_CD4	MHC-II	Cell-Cell Contact	HLA-DQB1	CD4	HLA-DQB1	CD4	outgoing	TNK	0.0	0.0	1.0	1.0	False	False	0.0	other	False	False
GSE291670	GSE291670	HLA-DRA_CD4	MHC-II	Cell-Cell Contact	HLA-DRA	CD4	HLA-DRA	CD4	outgoing	TNK	0.0	0.0	1.0	1.0	False	False	0.0	other	False	False
GSE291670	GSE291670	HLA-DRB1_CD4	MHC-II	Cell-Cell Contact	HLA-DRB1	CD4	HLA-DRB1	CD4	outgoing	TNK	0.0	0.0	1.0	1.0	False	False	0.0	other	False	False
GSE291670	GSE291670	HLA-DRB5_CD4	MHC-II	Cell-Cell Contact	HLA-DRB5	CD4	HLA-DRB5	CD4	outgoing	TNK	0.0	0.0	1.0	1.0	False	False	0.0	other	False	False
GSE291670	GSE291670	MPZ_MPZL1	MPZ	Cell-Cell Contact	MPZ	MPZL1	MPZ	MPZL1	outgoing	TNK	0.0	0.0	1.0	1.0	False	False	0.0	other	False	False
GSE291670	GSE291670	MPZ_MPZ	MPZ	Cell-Cell Contact	MPZ	MPZ	MPZ	MPZ	outgoing	TNK	0.0	0.0	1.0	1.0	False	False	0.0	other	False	False
GSE291670	GSE291670	MPZL1_MPZL1	MPZ	Cell-Cell Contact	MPZL1	MPZL1	MPZL1	MPZL1	outgoing	TNK	0.00040348631472851375	0.00033913703176908795	0.31683168316831684	0.6633663366336634	False	False	6.43492829594258e-05	other	False	False
GSE291670	GSE291670	NCAM1_FGFR1	NCAM	Cell-Cell Contact	NCAM1	FGFR1	NCAM1	FGFR1	outgoing	TNK	0.0	0.0	1.0	1.0	False	False	0.0	other	False	False
GSE291670	GSE291670	NCAM1_NCAM1	NCAM	Cell-Cell Contact	NCAM1	NCAM1	NCAM1	NCAM1	outgoing	TNK	0.0	0.0	1.0	1.0	False	False	0.0	other	False	False
GSE291670	GSE291670	NCAM1_NCAM2	NCAM	Cell-Cell Contact	NCAM1	NCAM2	NCAM1	NCAM2	outgoing	TNK	0.0	0.0	1.0	1.0	False	False	0.0	other	False	False
GSE291670	GSE291670	NCAM1_L1CAM	NCAM	Cell-Cell Contact	NCAM1	L1CAM	NCAM1	L1CAM	outgoing	TNK	0.0	0.0	1.0	1.0	False	False	0.0	other	False	False
GSE291670	GSE291670	NCAM2_L1CAM	NCAM	Cell-Cell Contact	NCAM2	L1CAM	NCAM2	L1CAM	outgoing	TNK	0.0	0.0	1.0	1.0	False	False	0.0	other	False	False
GSE291670	GSE291670	NECTIN1_CADM3	NECTIN	Cell-Cell Contact	NECTIN1	CADM3	NECTIN1	CADM3	outgoing	TNK	0.0	0.0	1.0	1.0	False	False	0.0	barrier	False	False
GSE291670	GSE291670	NECTIN1_NECTIN4	NECTIN	Cell-Cell Contact	NECTIN1	NECTIN4	NECTIN1	NECTIN4	outgoing	TNK	0.0	0.0	1.0	1.0	False	False	0.0	barrier	False	False
GSE291670	GSE291670	NECTIN3_NECTIN1	NECTIN	Cell-Cell Contact	NECTIN3	NECTIN1	NECTIN3	NECTIN1	outgoing	TNK	0.0	0.0	1.0	1.0	False	False	0.0	barrier	False	False
GSE291670	GSE291670	NECTIN3_NECTIN2	NECTIN	Cell-Cell Contact	NECTIN3	NECTIN2	NECTIN3	NECTIN2	outgoing	TNK	0.0	0.0	1.0	1.0	False	False	0.0	barrier	False	False
GSE291670	GSE291670	NECTIN3_PVR	NECTIN	Cell-Cell Contact	NECTIN3	PVR	NECTIN3	PVR	outgoing	TNK	0.0	0.0	1.0	1.0	False	False	0.0	barrier	False	False
GSE291670	GSE291670	NECTIN3_TIGIT	NECTIN	Cell-Cell Contact	NECTIN3	TIGIT	NECTIN3	TIGIT	outgoing	TNK	0.0	0.0	1.0	1.0	False	False	0.0	barrier	False	False
GSE291670	GSE291670	NECTIN2_CD226	NECTIN	Cell-Cell Contact	NECTIN2	CD226	NECTIN2	CD226	outgoing	TNK	0.0	0.0	1.0	1.0	False	False	0.0	barrier|inhibitory	False	False
GSE291670	GSE291670	NECTIN2_TIGIT	NECTIN	Cell-Cell Contact	NECTIN2	TIGIT	NECTIN2	TIGIT	outgoing	TNK	0.0	0.0	1.0	1.0	False	False	0.0	barrier|inhibitory	False	False
GSE291670	GSE291670	NEGR1_NEGR1	NEGR	Cell-Cell Contact	NEGR1	NEGR1	NEGR1	NEGR1	outgoing	TNK	0.0	0.0	1.0	1.0	False	False	0.0	other	False	False
GSE291670	GSE291670	LRRC4C_NTNG1	NGL	Cell-Cell Contact	LRRC4C	NTNG1	LRRC4C	NTNG1	outgoing	TNK	0.0	0.0	1.0	1.0	False	False	0.0	other	False	False
GSE291670	GSE291670	LRRC4_NTNG2	NGL	Cell-Cell Contact	LRRC4	NTNG2	LRRC4	NTNG2	outgoing	TNK	0.0	0.0	1.0	1.0	False	False	0.0	other	False	False
GSE291670	GSE291670	LRRC4B_PTPRF	NGL	Cell-Cell Contact	LRRC4B	PTPRF	LRRC4B	PTPRF	outgoing	TNK	0.0	0.0	1.0	1.0	False	False	0.0	other	False	False
GSE291670	GSE291670	DLK1_NOTCH1	NOTCH	Cell-Cell Contact	DLK1	NOTCH1	DLK1	NOTCH1	outgoing	TNK	0.0	0.0	1.0	1.0	False	False	0.0	other	False	False
GSE291670	GSE291670	DLK1_NOTCH2	NOTCH	Cell-Cell Contact	DLK1	NOTCH2	DLK1	NOTCH2	outgoing	TNK	0.0	0.0	1.0	1.0	False	False	0.0	other	False	False
GSE291670	GSE291670	DLK1_NOTCH3	NOTCH	Cell-Cell Contact	DLK1	NOTCH3	DLK1	NOTCH3	outgoing	TNK	0.0	0.0	1.0	1.0	False	False	0.0	other	False	False
GSE291670	GSE291670	DLK1_NOTCH4	NOTCH	Cell-Cell Contact	DLK1	NOTCH4	DLK1	NOTCH4	outgoing	TNK	0.0	0.0	1.0	1.0	False	False	0.0	other	False	False
GSE291670	GSE291670	DLL1_NOTCH1	NOTCH	Cell-Cell Contact	DLL1	NOTCH1	DLL1	NOTCH1	outgoing	TNK	0.0	0.0	1.0	1.0	False	False	0.0	other	False	False
GSE291670	GSE291670	DLL1_NOTCH3	NOTCH	Cell-Cell Contact	DLL1	NOTCH3	DLL1	NOTCH3	outgoing	TNK	0.0	0.0	1.0	1.0	False	False	0.0	other	False	False
GSE291670	GSE291670	DLL1_NOTCH4	NOTCH	Cell-Cell Contact	DLL1	NOTCH4	DLL1	NOTCH4	outgoing	TNK	0.0	0.0	1.0	1.0	False	False	0.0	other	False	False
GSE291670	GSE291670	DLL3_NOTCH1	NOTCH	Cell-Cell Contact	DLL3	NOTCH1	DLL3	NOTCH1	outgoing	TNK	0.0	0.0	1.0	1.0	False	False	0.0	other	False	False
GSE291670	GSE291670	DLL3_NOTCH2	NOTCH	Cell-Cell Contact	DLL3	NOTCH2	DLL3	NOTCH2	outgoing	TNK	0.0	0.0	1.0	1.0	False	False	0.0	other	False	False
GSE291670	GSE291670	DLL3_NOTCH3	NOTCH	Cell-Cell Contact	DLL3	NOTCH3	DLL3	NOTCH3	outgoing	TNK	0.0	0.0	1.0	1.0	False	False	0.0	other	False	False
GSE291670	GSE291670	DLL3_NOTCH4	NOTCH	Cell-Cell Contact	DLL3	NOTCH4	DLL3	NOTCH4	outgoing	TNK	0.0	0.0	1.0	1.0	False	False	0.0	other	False	False
GSE291670	GSE291670	DLL4_NOTCH1	NOTCH	Cell-Cell Contact	DLL4	NOTCH1	DLL4	NOTCH1	outgoing	TNK	0.0	0.0	1.0	1.0	False	False	0.0	other	False	False
GSE291670	GSE291670	DLL4_NOTCH2	NOTCH	Cell-Cell Contact	DLL4	NOTCH2	DLL4	NOTCH2	outgoing	TNK	0.0	0.0	1.0	1.0	False	False	0.0	other	False	False
GSE291670	GSE291670	DLL4_NOTCH3	NOTCH	Cell-Cell Contact	DLL4	NOTCH3	DLL4	NOTCH3	outgoing	TNK	0.0	0.0	1.0	1.0	False	False	0.0	other	False	False
GSE291670	GSE291670	DLL4_NOTCH4	NOTCH	Cell-Cell Contact	DLL4	NOTCH4	DLL4	NOTCH4	outgoing	TNK	0.0	0.0	1.0	1.0	False	False	0.0	other	False	False
GSE291670	GSE291670	JAG1_NOTCH1	NOTCH	Cell-Cell Contact	JAG1	NOTCH1	JAG1	NOTCH1	outgoing	TNK	0.0	0.0	1.0	1.0	False	False	0.0	other	False	False
GSE291670	GSE291670	JAG1_NOTCH2	NOTCH	Cell-Cell Contact	JAG1	NOTCH2	JAG1	NOTCH2	outgoing	TNK	0.007763553238520206	0.0	0.009900990099009901	1.0	True	False	0.007763553238520206	other	True	True
GSE291670	GSE291670	JAG1_NOTCH3	NOTCH	Cell-Cell Contact	JAG1	NOTCH3	JAG1	NOTCH3	outgoing	TNK	0.0	0.0	1.0	1.0	False	False	0.0	other	False	False
GSE291670	GSE291670	JAG1_NOTCH4	NOTCH	Cell-Cell Contact	JAG1	NOTCH4	JAG1	NOTCH4	outgoing	TNK	0.0	0.0	1.0	1.0	False	False	0.0	other	False	False
GSE291670	GSE291670	JAG2_NOTCH1	NOTCH	Cell-Cell Contact	JAG2	NOTCH1	JAG2	NOTCH1	outgoing	TNK	0.0	0.0	1.0	1.0	False	False	0.0	other	False	False
GSE291670	GSE291670	JAG2_NOTCH2	NOTCH	Cell-Cell Contact	JAG2	NOTCH2	JAG2	NOTCH2	outgoing	TNK	0.0	0.0	1.0	1.0	False	False	0.0	other	False	False
GSE291670	GSE291670	JAG2_NOTCH3	NOTCH	Cell-Cell Contact	JAG2	NOTCH3	JAG2	NOTCH3	outgoing	TNK	0.0	0.0	1.0	1.0	False	False	0.0	other	False	False
GSE291670	GSE291670	JAG2_NOTCH4	NOTCH	Cell-Cell Contact	JAG2	NOTCH4	JAG2	NOTCH4	outgoing	TNK	0.0	0.0	1.0	1.0	False	False	0.0	other	False	False
GSE291670	GSE291670	DLL1_NOTCH2	NOTCH	Cell-Cell Contact	DLL1	NOTCH2	DLL1	NOTCH2	outgoing	TNK	0.0	0.0	1.0	1.0	False	False	0.0	other	False	False
GSE291670	GSE291670	NRXN1_NLGN1	NRXN	Cell-Cell Contact	NRXN1	NLGN1	NRXN1	NLGN1	outgoing	TNK	0.0	0.0	1.0	1.0	False	False	0.0	other	False	False
GSE291670	GSE291670	NRXN1_NLGN2	NRXN	Cell-Cell Contact	NRXN1	NLGN2	NRXN1	NLGN2	outgoing	TNK	0.0	0.0	1.0	1.0	False	False	0.0	other	False	False
GSE291670	GSE291670	NRXN1_NLGN3	NRXN	Cell-Cell Contact	NRXN1	NLGN3	NRXN1	NLGN3	outgoing	TNK	0.0	0.0	1.0	1.0	False	False	0.0	other	False	False
GSE291670	GSE291670	NRXN2_NLGN1	NRXN	Cell-Cell Contact	NRXN2	NLGN1	NRXN2	NLGN1	outgoing	TNK	0.0	0.0	1.0	1.0	False	False	0.0	other	False	False
GSE291670	GSE291670	NRXN2_NLGN2	NRXN	Cell-Cell Contact	NRXN2	NLGN2	NRXN2	NLGN2	outgoing	TNK	0.0	0.0	1.0	1.0	False	False	0.0	other	False	False
GSE291670	GSE291670	NRXN2_NLGN3	NRXN	Cell-Cell Contact	NRXN2	NLGN3	NRXN2	NLGN3	outgoing	TNK	0.0	0.0	1.0	1.0	False	False	0.0	other	False	False
GSE291670	GSE291670	NRXN3_NLGN1	NRXN	Cell-Cell Contact	NRXN3	NLGN1	NRXN3	NLGN1	outgoing	TNK	0.0	0.0	1.0	1.0	False	False	0.0	other	False	False
GSE291670	GSE291670	NRXN3_NLGN2	NRXN	Cell-Cell Contact	NRXN3	NLGN2	NRXN3	NLGN2	outgoing	TNK	0.0	0.0	1.0	1.0	False	False	0.0	other	False	False
GSE291670	GSE291670	NRXN3_NLGN3	NRXN	Cell-Cell Contact	NRXN3	NLGN3	NRXN3	NLGN3	outgoing	TNK	0.0	0.0	1.0	1.0	False	False	0.0	other	False	False
GSE291670	GSE291670	OCLN_OCLN	OCLN	Cell-Cell Contact	OCLN	OCLN	OCLN	OCLN	outgoing	TNK	0.0004029403044725374	0.0003488154037778297	0.3069306930693069	0.7128712871287128	False	False	5.412490069470774e-05	barrier	False	False
GSE291670	GSE291670	CD274_PDCD1	PD-L1	Cell-Cell Contact	CD274	PDCD1	CD274	PDCD1	outgoing	TNK	0.0	0.0	1.0	1.0	False	False	0.0	inhibitory	False	False
GSE291670	GSE291670	PDCD1LG2_PDCD1	PDL2	Cell-Cell Contact	PDCD1LG2	PDCD1	PDCD1LG2	PDCD1	outgoing	TNK	0.0	0.0	1.0	1.0	False	False	0.0	inhibitory	False	False
GSE291670	GSE291670	PECAM1_PECAM1	PECAM1	Cell-Cell Contact	PECAM1	PECAM1	PECAM1	PECAM1	outgoing	TNK	0.0	0.0	1.0	1.0	False	False	0.0	other	False	False
GSE291670	GSE291670	PTPRM_PTPRM	PTPRM	Cell-Cell Contact	PTPRM	PTPRM	PTPRM	PTPRM	outgoing	TNK	0.6914559204877206	0.6921094252920111	0.49504950495049505	0.46534653465346537	False	False	-0.0006535048042904945	other	False	False
GSE291670	GSE291670	PVR_CD226	PVR	Cell-Cell Contact	PVR	CD226	PVR	CD226	outgoing	TNK	0.0	0.0	1.0	1.0	False	False	0.0	barrier|inhibitory	False	False
GSE291670	GSE291670	PVR_TIGIT	PVR	Cell-Cell Contact	PVR	TIGIT	PVR	TIGIT	outgoing	TNK	0.0	0.0	1.0	1.0	False	False	0.0	barrier|inhibitory	False	False
GSE291670	GSE291670	SELE_CD44	SELE	Cell-Cell Contact	SELE	CD44	SELE	CD44	outgoing	TNK	0.0	0.0	1.0	1.0	False	False	0.0	other	False	False
GSE291670	GSE291670	SELE_GLG1	SELE	Cell-Cell Contact	SELE	GLG1	SELE	GLG1	outgoing	TNK	0.0	0.0	1.0	1.0	False	False	0.0	other	False	False
GSE291670	GSE291670	SELL_CD34	SELL	Cell-Cell Contact	SELL	CD34	SELL	CD34	outgoing	TNK	0.0	0.0	1.0	1.0	False	False	0.0	other	False	False
GSE291670	GSE291670	SELL_PODXL	SELL	Cell-Cell Contact	SELL	PODXL	SELL	PODXL	outgoing	TNK	0.0	0.0	1.0	1.0	False	False	0.0	other	False	False
GSE291670	GSE291670	SELL_MADCAM1	SELL	Cell-Cell Contact	SELL	MADCAM1	SELL	MADCAM1	outgoing	TNK	0.0	0.0	1.0	1.0	False	False	0.0	other	False	False
GSE291670	GSE291670	SELPLG_SELE	SELPLG	Cell-Cell Contact	SELPLG	SELE	SELPLG	SELE	outgoing	TNK	0.0	0.0	1.0	1.0	False	False	0.0	other	False	False
GSE291670	GSE291670	SELPLG_SELL	SELPLG	Cell-Cell Contact	SELPLG	SELL	SELPLG	SELL	outgoing	TNK	0.0	0.0	1.0	1.0	False	False	0.0	other	False	False
GSE291670	GSE291670	SELPLG_SELP	SELPLG	Cell-Cell Contact	SELPLG	SELP	SELPLG	SELP	outgoing	TNK	0.0	0.0	1.0	1.0	False	False	0.0	other	False	False
GSE291670	GSE291670	SEMA4A_PLXNB1	SEMA4	Cell-Cell Contact	SEMA4A	PLXNB1	SEMA4A	PLXNB1	outgoing	TNK	0.0	0.0	1.0	1.0	False	False	0.0	other	False	False
GSE291670	GSE291670	SEMA4A_PLXNB2	SEMA4	Cell-Cell Contact	SEMA4A	PLXNB2	SEMA4A	PLXNB2	outgoing	TNK	0.0	0.0	1.0	1.0	False	False	0.0	other	False	False
GSE291670	GSE291670	SEMA4A_PLXNB3	SEMA4	Cell-Cell Contact	SEMA4A	PLXNB3	SEMA4A	PLXNB3	outgoing	TNK	0.0	0.0	1.0	1.0	False	False	0.0	other	False	False
GSE291670	GSE291670	SEMA4D_PLXNB1	SEMA4	Cell-Cell Contact	SEMA4D	PLXNB1	SEMA4D	PLXNB1	outgoing	TNK	0.0	0.0	1.0	1.0	False	False	0.0	other	False	False
GSE291670	GSE291670	SEMA4D_PLXNB2	SEMA4	Cell-Cell Contact	SEMA4D	PLXNB2	SEMA4D	PLXNB2	outgoing	TNK	0.0	0.0	1.0	1.0	False	False	0.0	other	False	False
GSE291670	GSE291670	SEMA4D_PLXNB3	SEMA4	Cell-Cell Contact	SEMA4D	PLXNB3	SEMA4D	PLXNB3	outgoing	TNK	0.0	0.0	1.0	1.0	False	False	0.0	other	False	False
GSE291670	GSE291670	SEMA4C_PLXNB2	SEMA4	Cell-Cell Contact	SEMA4C	PLXNB2	SEMA4C	PLXNB2	outgoing	TNK	0.0	0.0	1.0	1.0	False	False	0.0	other	False	False
GSE291670	GSE291670	SEMA4G_PLXNB2	SEMA4	Cell-Cell Contact	SEMA4G	PLXNB2	SEMA4G	PLXNB2	outgoing	TNK	0.0	0.0	1.0	1.0	False	False	0.0	other	False	False
GSE291670	GSE291670	SEMA4D_CD72	SEMA4	Cell-Cell Contact	SEMA4D	CD72	SEMA4D	CD72	outgoing	TNK	0.0	0.0	1.0	1.0	False	False	0.0	other	False	False
GSE291670	GSE291670	SEMA5A_PLXNA1	SEMA5	Cell-Cell Contact	SEMA5A	PLXNA1	SEMA5A	PLXNA1	outgoing	TNK	0.0	0.0	1.0	1.0	False	False	0.0	other	False	False
GSE291670	GSE291670	SEMA5B_PLXNA1	SEMA5	Cell-Cell Contact	SEMA5B	PLXNA1	SEMA5B	PLXNA1	outgoing	TNK	0.0	0.0	1.0	1.0	False	False	0.0	other	False	False
GSE291670	GSE291670	SEMA5A_PLXNA3	SEMA5	Cell-Cell Contact	SEMA5A	PLXNA3	SEMA5A	PLXNA3	outgoing	TNK	0.0	0.0	1.0	1.0	False	False	0.0	other	False	False
GSE291670	GSE291670	SEMA5B_PLXNA3	SEMA5	Cell-Cell Contact	SEMA5B	PLXNA3	SEMA5B	PLXNA3	outgoing	TNK	0.0	0.0	1.0	1.0	False	False	0.0	other	False	False
GSE291670	GSE291670	SEMA5A_PLXNB3	SEMA5	Cell-Cell Contact	SEMA5A	PLXNB3	SEMA5A	PLXNB3	outgoing	TNK	0.0	0.0	1.0	1.0	False	False	0.0	other	False	False
GSE291670	GSE291670	SEMA6D_PLXNA1	SEMA6	Cell-Cell Contact	SEMA6D	PLXNA1	SEMA6D	PLXNA1	outgoing	TNK	0.0	0.0	1.0	1.0	False	False	0.0	other	False	False
GSE291670	GSE291670	SEMA6A_PLXNA2	SEMA6	Cell-Cell Contact	SEMA6A	PLXNA2	SEMA6A	PLXNA2	outgoing	TNK	0.0005083787664477006	0.002004100657201172	0.9702970297029703	0.019801980198019802	False	True	-0.0014957218907534712	other	True	True
GSE291670	GSE291670	SEMA6B_PLXNA2	SEMA6	Cell-Cell Contact	SEMA6B	PLXNA2	SEMA6B	PLXNA2	outgoing	TNK	0.0	0.0	1.0	1.0	False	False	0.0	other	False	False
GSE291670	GSE291670	SEMA6A_PLXNA4	SEMA6	Cell-Cell Contact	SEMA6A	PLXNA4	SEMA6A	PLXNA4	outgoing	TNK	0.0	0.0	1.0	1.0	False	False	0.0	other	False	False
GSE291670	GSE291670	SEMA6B_PLXNA4	SEMA6	Cell-Cell Contact	SEMA6B	PLXNA4	SEMA6B	PLXNA4	outgoing	TNK	0.0	0.0	1.0	1.0	False	False	0.0	other	False	False
GSE291670	GSE291670	SEMA7A_PLXNC1	SEMA7	Cell-Cell Contact	SEMA7A	PLXNC1	SEMA7A	PLXNC1	outgoing	TNK	0.0	0.0	1.0	1.0	False	False	0.0	other	False	False
GSE291670	GSE291670	SIGLEC1_SPN	SN	Cell-Cell Contact	SIGLEC1	SPN	SIGLEC1	SPN	outgoing	TNK	0.0	0.0	1.0	1.0	False	False	0.0	other	False	False
GSE291670	GSE291670	VSIR_IGSF11	VISTA	Cell-Cell Contact	VSIR	IGSF11	VSIR	IGSF11	outgoing	TNK	0.0	0.0	1.0	1.0	False	False	0.0	inhibitory	False	False
GSE291670	GSE291670	CDH3_CDH3	CDH	Cell-Cell Contact	CDH3	CDH3	CDH3	CDH3	outgoing	TNK	0.0	0.0	1.0	1.0	False	False	0.0	other	False	False
GSE291670	GSE291670	DSC1_DSG3	DESMOSOME	Cell-Cell Contact	DSC1	DSG3	DSC1	DSG3	outgoing	TNK	0.0	0.0	1.0	1.0	False	False	0.0	other	False	False
GSE291670	GSE291670	DSC1_DSG4	DESMOSOME	Cell-Cell Contact	DSC1	DSG4	DSC1	DSG4	outgoing	TNK	0.0	0.0	1.0	1.0	False	False	0.0	other	False	False
GSE291670	GSE291670	DSC2_DSG3	DESMOSOME	Cell-Cell Contact	DSC2	DSG3	DSC2	DSG3	outgoing	TNK	0.0	0.0	1.0	1.0	False	False	0.0	barrier	False	False
GSE291670	GSE291670	DSC2_DSG4	DESMOSOME	Cell-Cell Contact	DSC2	DSG4	DSC2	DSG4	outgoing	TNK	0.0	0.0	1.0	1.0	False	False	0.0	barrier	False	False
GSE291670	GSE291670	DSC3_DSG3	DESMOSOME	Cell-Cell Contact	DSC3	DSG3	DSC3	DSG3	outgoing	TNK	0.0	0.0	1.0	1.0	False	False	0.0	other	False	False
GSE291670	GSE291670	DSC3_DSG4	DESMOSOME	Cell-Cell Contact	DSC3	DSG4	DSC3	DSG4	outgoing	TNK	0.0	0.0	1.0	1.0	False	False	0.0	other	False	False
GSE291670	GSE291670	GJA5_GJA5	GAP	Cell-Cell Contact	GJA5	GJA5	GJA5	GJA5	outgoing	TNK	0.0	0.0	1.0	1.0	False	False	0.0	other	False	False
GSE291670	GSE291670	GJA1_GJA5	GAP	Cell-Cell Contact	GJA1	GJA5	GJA1	GJA5	outgoing	TNK	0.0	0.0	1.0	1.0	False	False	0.0	other	False	False
GSE291670	GSE291670	GJC1_GJA5	GAP	Cell-Cell Contact	GJC1	GJA5	GJC1	GJA5	outgoing	TNK	0.0	0.0	1.0	1.0	False	False	0.0	other	False	False
GSE291670	GSE291670	GJA3_GJA5	GAP	Cell-Cell Contact	GJA3	GJA5	GJA3	GJA5	outgoing	TNK	0.0	0.0	1.0	1.0	False	False	0.0	other	False	False
GSE291670	GSE291670	GJA1_GJA1	GAP	Cell-Cell Contact	GJA1	GJA1	GJA1	GJA1	outgoing	TNK	0.0	0.0	1.0	1.0	False	False	0.0	other	False	False
GSE291670	GSE291670	GJC1_GJA1	GAP	Cell-Cell Contact	GJC1	GJA1	GJC1	GJA1	outgoing	TNK	0.0	0.0	1.0	1.0	False	False	0.0	other	False	False
GSE291670	GSE291670	GJA3_GJA1	GAP	Cell-Cell Contact	GJA3	GJA1	GJA3	GJA1	outgoing	TNK	0.0	0.0	1.0	1.0	False	False	0.0	other	False	False
GSE291670	GSE291670	GJC1_GJC1	GAP	Cell-Cell Contact	GJC1	GJC1	GJC1	GJC1	outgoing	TNK	0.0	0.0	1.0	1.0	False	False	0.0	other	False	False
GSE291670	GSE291670	GJA3_GJC1	GAP	Cell-Cell Contact	GJA3	GJC1	GJA3	GJC1	outgoing	TNK	0.0	0.0	1.0	1.0	False	False	0.0	other	False	False
GSE291670	GSE291670	GJA3_GJA3	GAP	Cell-Cell Contact	GJA3	GJA3	GJA3	GJA3	outgoing	TNK	0.0	0.0	1.0	1.0	False	False	0.0	other	False	False
GSE291670	GSE291670	CLDN1_CLDN1	CLDN	Cell-Cell Contact	CLDN1	CLDN1	CLDN1	CLDN1	outgoing	TNK	0.0	0.0	1.0	1.0	False	False	0.0	barrier	False	False
GSE291670	GSE291670	CLDN2_CLDN2	CLDN	Cell-Cell Contact	CLDN2	CLDN2	CLDN2	CLDN2	outgoing	TNK	0.0	0.0	1.0	1.0	False	False	0.0	other	False	False
GSE291670	GSE291670	CLDN3_CLDN3	CLDN	Cell-Cell Contact	CLDN3	CLDN3	CLDN3	CLDN3	outgoing	TNK	0.0	0.0	1.0	1.0	False	False	0.0	barrier	False	False
GSE291670	GSE291670	PCDHA10_PCDHA10	PCDH	Cell-Cell Contact	PCDHA10	PCDHA10	PCDHA10	PCDHA10	outgoing	TNK	0.0	0.0	1.0	1.0	False	False	0.0	other	False	False
GSE291670	GSE291670	PCDHA11_PCDHA11	PCDH	Cell-Cell Contact	PCDHA11	PCDHA11	PCDHA11	PCDHA11	outgoing	TNK	0.0	0.0	1.0	1.0	False	False	0.0	other	False	False
GSE291670	GSE291670	PCDHA12_PCDHA12	PCDH	Cell-Cell Contact	PCDHA12	PCDHA12	PCDHA12	PCDHA12	outgoing	TNK	0.0	0.0	1.0	1.0	False	False	0.0	other	False	False
GSE291670	GSE291670	PCDHA13_PCDHA13	PCDH	Cell-Cell Contact	PCDHA13	PCDHA13	PCDHA13	PCDHA13	outgoing	TNK	0.0	0.0	1.0	1.0	False	False	0.0	other	False	False
GSE291670	GSE291670	PCDHA1_PCDHA1	PCDH	Cell-Cell Contact	PCDHA1	PCDHA1	PCDHA1	PCDHA1	outgoing	TNK	0.0	0.0	1.0	1.0	False	False	0.0	other	False	False
GSE291670	GSE291670	PCDHA2_PCDHA2	PCDH	Cell-Cell Contact	PCDHA2	PCDHA2	PCDHA2	PCDHA2	outgoing	TNK	0.0	0.0	1.0	1.0	False	False	0.0	other	False	False
GSE291670	GSE291670	PCDHA3_PCDHA3	PCDH	Cell-Cell Contact	PCDHA3	PCDHA3	PCDHA3	PCDHA3	outgoing	TNK	0.0	0.0	1.0	1.0	False	False	0.0	other	False	False
GSE291670	GSE291670	PCDHA4_PCDHA4	PCDH	Cell-Cell Contact	PCDHA4	PCDHA4	PCDHA4	PCDHA4	outgoing	TNK	0.0	0.0	1.0	1.0	False	False	0.0	other	False	False
GSE291670	GSE291670	PCDHA5_PCDHA5	PCDH	Cell-Cell Contact	PCDHA5	PCDHA5	PCDHA5	PCDHA5	outgoing	TNK	0.0	0.0	1.0	1.0	False	False	0.0	other	False	False
GSE291670	GSE291670	PCDHA6_PCDHA6	PCDH	Cell-Cell Contact	PCDHA6	PCDHA6	PCDHA6	PCDHA6	outgoing	TNK	0.0	0.0	1.0	1.0	False	False	0.0	other	False	False
GSE291670	GSE291670	PCDHA7_PCDHA7	PCDH	Cell-Cell Contact	PCDHA7	PCDHA7	PCDHA7	PCDHA7	outgoing	TNK	0.0	0.0	1.0	1.0	False	False	0.0	other	False	False
GSE291670	GSE291670	PCDHA8_PCDHA8	PCDH	Cell-Cell Contact	PCDHA8	PCDHA8	PCDHA8	PCDHA8	outgoing	TNK	0.0	0.0	1.0	1.0	False	False	0.0	other	False	False
GSE291670	GSE291670	PCDHA9_PCDHA9	PCDH	Cell-Cell Contact	PCDHA9	PCDHA9	PCDHA9	PCDHA9	outgoing	TNK	0.0	0.0	1.0	1.0	False	False	0.0	other	False	False
GSE291670	GSE291670	PCDHAC1_PCDHAC1	PCDH	Cell-Cell Contact	PCDHAC1	PCDHAC1	PCDHAC1	PCDHAC1	outgoing	TNK	0.0	0.0	1.0	1.0	False	False	0.0	other	False	False
GSE291670	GSE291670	PCDHAC2_PCDHAC2	PCDH	Cell-Cell Contact	PCDHAC2	PCDHAC2	PCDHAC2	PCDHAC2	outgoing	TNK	0.0	0.0	1.0	1.0	False	False	0.0	other	False	False
GSE291670	GSE291670	PCDHB1_PCDHB1	PCDH	Cell-Cell Contact	PCDHB1	PCDHB1	PCDHB1	PCDHB1	outgoing	TNK	0.0	0.0	1.0	1.0	False	False	0.0	other	False	False
GSE291670	GSE291670	PCDHB10_PCDHB10	PCDH	Cell-Cell Contact	PCDHB10	PCDHB10	PCDHB10	PCDHB10	outgoing	TNK	0.0	0.0	1.0	1.0	False	False	0.0	other	False	False
GSE291670	GSE291670	PCDHB11_PCDHB11	PCDH	Cell-Cell Contact	PCDHB11	PCDHB11	PCDHB11	PCDHB11	outgoing	TNK	0.0	0.0	1.0	1.0	False	False	0.0	other	False	False
GSE291670	GSE291670	PCDHB12_PCDHB12	PCDH	Cell-Cell Contact	PCDHB12	PCDHB12	PCDHB12	PCDHB12	outgoing	TNK	0.0	0.0	1.0	1.0	False	False	0.0	other	False	False
GSE291670	GSE291670	PCDHB13_PCDHB13	PCDH	Cell-Cell Contact	PCDHB13	PCDHB13	PCDHB13	PCDHB13	outgoing	TNK	0.0	0.0	1.0	1.0	False	False	0.0	other	False	False
GSE291670	GSE291670	PCDHB14_PCDHB14	PCDH	Cell-Cell Contact	PCDHB14	PCDHB14	PCDHB14	PCDHB14	outgoing	TNK	0.0	0.0	1.0	1.0	False	False	0.0	other	False	False
GSE291670	GSE291670	PCDHB15_PCDHB15	PCDH	Cell-Cell Contact	PCDHB15	PCDHB15	PCDHB15	PCDHB15	outgoing	TNK	0.0	0.0	1.0	1.0	False	False	0.0	other	False	False
GSE291670	GSE291670	PCDHB16_PCDHB16	PCDH	Cell-Cell Contact	PCDHB16	PCDHB16	PCDHB16	PCDHB16	outgoing	TNK	0.0	0.0	1.0	1.0	False	False	0.0	other	False	False
GSE291670	GSE291670	PCDHB2_PCDHB2	PCDH	Cell-Cell Contact	PCDHB2	PCDHB2	PCDHB2	PCDHB2	outgoing	TNK	0.0	0.0	1.0	1.0	False	False	0.0	other	False	False
GSE291670	GSE291670	PCDHB3_PCDHB3	PCDH	Cell-Cell Contact	PCDHB3	PCDHB3	PCDHB3	PCDHB3	outgoing	TNK	0.0	0.0	1.0	1.0	False	False	0.0	other	False	False
GSE291670	GSE291670	PCDHB4_PCDHB4	PCDH	Cell-Cell Contact	PCDHB4	PCDHB4	PCDHB4	PCDHB4	outgoing	TNK	0.0	0.0	1.0	1.0	False	False	0.0	other	False	False
GSE291670	GSE291670	PCDHB5_PCDHB5	PCDH	Cell-Cell Contact	PCDHB5	PCDHB5	PCDHB5	PCDHB5	outgoing	TNK	0.0	0.0	1.0	1.0	False	False	0.0	other	False	False
GSE291670	GSE291670	PCDHB6_PCDHB6	PCDH	Cell-Cell Contact	PCDHB6	PCDHB6	PCDHB6	PCDHB6	outgoing	TNK	0.0	0.0	1.0	1.0	False	False	0.0	other	False	False
GSE291670	GSE291670	PCDHB7_PCDHB7	PCDH	Cell-Cell Contact	PCDHB7	PCDHB7	PCDHB7	PCDHB7	outgoing	TNK	0.0	0.0	1.0	1.0	False	False	0.0	other	False	False
GSE291670	GSE291670	PCDHB8_PCDHB8	PCDH	Cell-Cell Contact	PCDHB8	PCDHB8	PCDHB8	PCDHB8	outgoing	TNK	0.0	0.0	1.0	1.0	False	False	0.0	other	False	False
GSE291670	GSE291670	PCDHB9_PCDHB9	PCDH	Cell-Cell Contact	PCDHB9	PCDHB9	PCDHB9	PCDHB9	outgoing	TNK	0.0	0.0	1.0	1.0	False	False	0.0	other	False	False
GSE291670	GSE291670	PCDHGA1_PCDHGA1	PCDH	Cell-Cell Contact	PCDHGA1	PCDHGA1	PCDHGA1	PCDHGA1	outgoing	TNK	0.0	0.0	1.0	1.0	False	False	0.0	other	False	False
GSE291670	GSE291670	PCDHGA10_PCDHGA10	PCDH	Cell-Cell Contact	PCDHGA10	PCDHGA10	PCDHGA10	PCDHGA10	outgoing	TNK	0.0	0.0	1.0	1.0	False	False	0.0	other	False	False
GSE291670	GSE291670	PCDHGA11_PCDHGA11	PCDH	Cell-Cell Contact	PCDHGA11	PCDHGA11	PCDHGA11	PCDHGA11	outgoing	TNK	0.0	0.0	1.0	1.0	False	False	0.0	other	False	False
GSE291670	GSE291670	PCDHGA12_PCDHGA12	PCDH	Cell-Cell Contact	PCDHGA12	PCDHGA12	PCDHGA12	PCDHGA12	outgoing	TNK	0.0	0.0	1.0	1.0	False	False	0.0	other	False	False
GSE291670	GSE291670	PCDHGA2_PCDHGA2	PCDH	Cell-Cell Contact	PCDHGA2	PCDHGA2	PCDHGA2	PCDHGA2	outgoing	TNK	0.0	0.0	1.0	1.0	False	False	0.0	other	False	False
GSE291670	GSE291670	PCDHGA3_PCDHGA3	PCDH	Cell-Cell Contact	PCDHGA3	PCDHGA3	PCDHGA3	PCDHGA3	outgoing	TNK	0.0	0.0	1.0	1.0	False	False	0.0	other	False	False
GSE291670	GSE291670	PCDHGA4_PCDHGA4	PCDH	Cell-Cell Contact	PCDHGA4	PCDHGA4	PCDHGA4	PCDHGA4	outgoing	TNK	0.0	0.0	1.0	1.0	False	False	0.0	other	False	False
GSE291670	GSE291670	PCDHGA5_PCDHGA5	PCDH	Cell-Cell Contact	PCDHGA5	PCDHGA5	PCDHGA5	PCDHGA5	outgoing	TNK	0.0	0.0	1.0	1.0	False	False	0.0	other	False	False
GSE291670	GSE291670	PCDHGA6_PCDHGA6	PCDH	Cell-Cell Contact	PCDHGA6	PCDHGA6	PCDHGA6	PCDHGA6	outgoing	TNK	0.0	0.0	1.0	1.0	False	False	0.0	other	False	False
GSE291670	GSE291670	PCDHGA7_PCDHGA7	PCDH	Cell-Cell Contact	PCDHGA7	PCDHGA7	PCDHGA7	PCDHGA7	outgoing	TNK	0.0	0.0	1.0	1.0	False	False	0.0	other	False	False
GSE291670	GSE291670	PCDHGA8_PCDHGA8	PCDH	Cell-Cell Contact	PCDHGA8	PCDHGA8	PCDHGA8	PCDHGA8	outgoing	TNK	0.0	0.0	1.0	1.0	False	False	0.0	other	False	False
GSE291670	GSE291670	PCDHGA9_PCDHGA9	PCDH	Cell-Cell Contact	PCDHGA9	PCDHGA9	PCDHGA9	PCDHGA9	outgoing	TNK	0.0	0.0	1.0	1.0	False	False	0.0	other	False	False
GSE291670	GSE291670	PCDHGB1_PCDHGB1	PCDH	Cell-Cell Contact	PCDHGB1	PCDHGB1	PCDHGB1	PCDHGB1	outgoing	TNK	0.0	0.0	1.0	1.0	False	False	0.0	other	False	False
GSE291670	GSE291670	PCDHGB2_PCDHGB2	PCDH	Cell-Cell Contact	PCDHGB2	PCDHGB2	PCDHGB2	PCDHGB2	outgoing	TNK	0.0	0.0	1.0	1.0	False	False	0.0	other	False	False
GSE291670	GSE291670	PCDHGB3_PCDHGB3	PCDH	Cell-Cell Contact	PCDHGB3	PCDHGB3	PCDHGB3	PCDHGB3	outgoing	TNK	0.0	0.0	1.0	1.0	False	False	0.0	other	False	False
GSE291670	GSE291670	PCDHGB4_PCDHGB4	PCDH	Cell-Cell Contact	PCDHGB4	PCDHGB4	PCDHGB4	PCDHGB4	outgoing	TNK	0.0	0.0	1.0	1.0	False	False	0.0	other	False	False
GSE291670	GSE291670	PCDHGB5_PCDHGB5	PCDH	Cell-Cell Contact	PCDHGB5	PCDHGB5	PCDHGB5	PCDHGB5	outgoing	TNK	0.0	0.0	1.0	1.0	False	False	0.0	other	False	False
GSE291670	GSE291670	PCDHGB6_PCDHGB6	PCDH	Cell-Cell Contact	PCDHGB6	PCDHGB6	PCDHGB6	PCDHGB6	outgoing	TNK	0.0	0.0	1.0	1.0	False	False	0.0	other	False	False
GSE291670	GSE291670	PCDHGB7_PCDHGB7	PCDH	Cell-Cell Contact	PCDHGB7	PCDHGB7	PCDHGB7	PCDHGB7	outgoing	TNK	0.0	0.0	1.0	1.0	False	False	0.0	other	False	False
GSE291670	GSE291670	PCDHGC3_PCDHGC3	PCDH	Cell-Cell Contact	PCDHGC3	PCDHGC3	PCDHGC3	PCDHGC3	outgoing	TNK	0.0	0.0	1.0	1.0	False	False	0.0	other	False	False
GSE291670	GSE291670	PCDHGC4_PCDHGC4	PCDH	Cell-Cell Contact	PCDHGC4	PCDHGC4	PCDHGC4	PCDHGC4	outgoing	TNK	0.0	0.0	1.0	1.0	False	False	0.0	other	False	False
GSE291670	GSE291670	PCDHGC5_PCDHGC5	PCDH	Cell-Cell Contact	PCDHGC5	PCDHGC5	PCDHGC5	PCDHGC5	outgoing	TNK	0.0	0.0	1.0	1.0	False	False	0.0	other	False	False
GSE291670	GSE291670	KLK6_F2R	KLK	Secreted Signaling	KLK6	F2R	KLK6	F2R	outgoing	TNK	0.0	0.0	1.0	1.0	False	False	0.0	other	False	False
GSE291670	GSE291670	KLK6_F2RL1	KLK	Secreted Signaling	KLK6	F2RL1	KLK6	F2RL1	outgoing	TNK	0.0	0.0	1.0	1.0	False	False	0.0	other	False	False
GSE291670	GSE291670	KLK5_F2RL1	KLK	Secreted Signaling	KLK5	F2RL1	KLK5	F2RL1	outgoing	TNK	0.0	0.0	1.0	1.0	False	False	0.0	other	False	False
GSE291670	GSE291670	KLK4_F2R	KLK	Secreted Signaling	KLK4	F2R	KLK4	F2R	outgoing	TNK	0.0	0.0	1.0	1.0	False	False	0.0	other	False	False
GSE291670	GSE291670	KLK1_F2R	KLK	Secreted Signaling	KLK1	F2R	KLK1	F2R	outgoing	TNK	0.0	0.0	1.0	1.0	False	False	0.0	other	False	False
GSE291670	GSE291670	KLK2_F2R	KLK	Secreted Signaling	KLK2	F2R	KLK2	F2R	outgoing	TNK	0.0	0.0	1.0	1.0	False	False	0.0	other	False	False
GSE291670	GSE291670	KLK14_F2R	KLK	Secreted Signaling	KLK14	F2R	KLK14	F2R	outgoing	TNK	0.0	0.0	1.0	1.0	False	False	0.0	other	False	False
GSE291670	GSE291670	KLK4_F2RL1	KLK	Secreted Signaling	KLK4	F2RL1	KLK4	F2RL1	outgoing	TNK	0.0	0.0	1.0	1.0	False	False	0.0	other	False	False
GSE291670	GSE291670	KLK2_F2RL1	KLK	Secreted Signaling	KLK2	F2RL1	KLK2	F2RL1	outgoing	TNK	0.0	0.0	1.0	1.0	False	False	0.0	other	False	False
GSE291670	GSE291670	KLK14_F2RL1	KLK	Secreted Signaling	KLK14	F2RL1	KLK14	F2RL1	outgoing	TNK	0.0	0.0	1.0	1.0	False	False	0.0	other	False	False
GSE291670	GSE291670	KLK7_F2RL1	KLK	Secreted Signaling	KLK7	F2RL1	KLK7	F2RL1	outgoing	TNK	0.0	0.0	1.0	1.0	False	False	0.0	other	False	False
GSE291670	GSE291670	KLK8_F2R	KLK	Secreted Signaling	KLK8	F2R	KLK8	F2R	outgoing	TNK	0.0	0.0	1.0	1.0	False	False	0.0	other	False	False
GSE291670	GSE291670	VTN_PLAUR	VTN	ECM-Receptor	VTN	PLAUR	VTN	PLAUR	outgoing	TNK	0.0	0.0	1.0	1.0	False	False	0.0	other	False	False
GSE291670	GSE291670	SDC1_ADGRA2	ADGRA	Cell-Cell Contact	SDC1	ADGRA2	SDC1	ADGRA2	outgoing	TNK	0.0	0.0	1.0	1.0	False	False	0.0	other	False	False
GSE291670	GSE291670	SDC2_ADGRA2	ADGRA	Cell-Cell Contact	SDC2	ADGRA2	SDC2	ADGRA2	outgoing	TNK	0.0	0.0	1.0	1.0	False	False	0.0	other	False	False
GSE291670	GSE291670	TAX1BP3_ADGRB1	ADGRB	Cell-Cell Contact	TAX1BP3	ADGRB1	TAX1BP3	ADGRB1	outgoing	TNK	0.0	0.0	1.0	1.0	False	False	0.0	other	False	False
GSE291670	GSE291670	RTN4R_ADGRB1	ADGRB	Cell-Cell Contact	RTN4R	ADGRB1	RTN4R	ADGRB1	outgoing	TNK	0.0	0.0	1.0	1.0	False	False	0.0	other	False	False
GSE291670	GSE291670	TAX1BP3_ADGRB2	ADGRB	Cell-Cell Contact	TAX1BP3	ADGRB2	TAX1BP3	ADGRB2	outgoing	TNK	0.0	0.0	1.0	1.0	False	False	0.0	other	False	False
GSE291670	GSE291670	C1QL1_ADGRB3	ADGRB	Cell-Cell Contact	C1QL1	ADGRB3	C1QL1	ADGRB3	outgoing	TNK	0.0	0.0	1.0	1.0	False	False	0.0	other	False	False
GSE291670	GSE291670	C1QL2_ADGRB3	ADGRB	Cell-Cell Contact	C1QL2	ADGRB3	C1QL2	ADGRB3	outgoing	TNK	0.0	0.0	1.0	1.0	False	False	0.0	other	False	False
GSE291670	GSE291670	C1QL3_ADGRB3	ADGRB	Cell-Cell Contact	C1QL3	ADGRB3	C1QL3	ADGRB3	outgoing	TNK	0.0	0.0	1.0	1.0	False	False	0.0	other	False	False
GSE291670	GSE291670	C1QL4_ADGRB3	ADGRB	Cell-Cell Contact	C1QL4	ADGRB3	C1QL4	ADGRB3	outgoing	TNK	0.0	0.0	1.0	1.0	False	False	0.0	other	False	False
GSE291670	GSE291670	THY1_ADGRE2	ADGRE	Cell-Cell Contact	THY1	ADGRE2	THY1	ADGRE2	outgoing	TNK	0.0	0.0	1.0	1.0	False	False	0.0	other	False	False
GSE291670	GSE291670	CD55_ADGRE5	ADGRE	Cell-Cell Contact	CD55	ADGRE5	CD55	ADGRE5	outgoing	TNK	0.23595676091227066	0.18717952076782227	0.009900990099009901	1.0	True	False	0.0487772401444484	other	True	True
GSE291670	GSE291670	LPAR1_ADGRE5	ADGRE	Cell-Cell Contact	LPAR1	ADGRE5	LPAR1	ADGRE5	outgoing	TNK	0.05330302535642423	0.03410991306896559	0.009900990099009901	1.0	True	False	0.01919311228745864	other	True	True
GSE291670	GSE291670	LPAR2_ADGRE5	ADGRE	Cell-Cell Contact	LPAR2	ADGRE5	LPAR2	ADGRE5	outgoing	TNK	0.0	0.0	1.0	1.0	False	False	0.0	other	False	False
GSE291670	GSE291670	LPAR3_ADGRE5	ADGRE	Cell-Cell Contact	LPAR3	ADGRE5	LPAR3	ADGRE5	outgoing	TNK	0.0	0.0	1.0	1.0	False	False	0.0	other	False	False
GSE291670	GSE291670	THY1_ADGRE5	ADGRE	Cell-Cell Contact	THY1	ADGRE5	THY1	ADGRE5	outgoing	TNK	0.0	0.0	1.0	1.0	False	False	0.0	other	False	False
GSE291670	GSE291670	SFTPD_ADGRE5	ADGRE	Cell-Cell Contact	SFTPD	ADGRE5	SFTPD	ADGRE5	outgoing	TNK	0.0	0.0	1.0	1.0	False	False	0.0	other	False	False
GSE291670	GSE291670	COL3A1_ADGRG1	ADGRG	Cell-Cell Contact	COL3A1	ADGRG1	COL3A1	ADGRG1	outgoing	TNK	0.0	0.0	1.0	1.0	False	False	0.0	other	False	False
GSE291670	GSE291670	GAST_ADGRG1	ADGRG	Cell-Cell Contact	GAST	ADGRG1	GAST	ADGRG1	outgoing	TNK	0.0	0.0	1.0	1.0	False	False	0.0	other	False	False
GSE291670	GSE291670	TGM2_ADGRG1	ADGRG	Cell-Cell Contact	TGM2	ADGRG1	TGM2	ADGRG1	outgoing	TNK	0.0	0.0	1.0	1.0	False	False	0.0	other	False	False
GSE291670	GSE291670	COL4A1_ADGRG6	ADGRG	Cell-Cell Contact	COL4A1	ADGRG6	COL4A1	ADGRG6	outgoing	TNK	0.0	0.0	1.0	1.0	False	False	0.0	other	False	False
GSE291670	GSE291670	COL4A2_ADGRG6	ADGRG	Cell-Cell Contact	COL4A2	ADGRG6	COL4A2	ADGRG6	outgoing	TNK	0.0	0.0	1.0	1.0	False	False	0.0	other	False	False
GSE291670	GSE291670	COL4A3_ADGRG6	ADGRG	Cell-Cell Contact	COL4A3	ADGRG6	COL4A3	ADGRG6	outgoing	TNK	0.0	0.0	1.0	1.0	False	False	0.0	other	False	False
GSE291670	GSE291670	COL4A4_ADGRG6	ADGRG	Cell-Cell Contact	COL4A4	ADGRG6	COL4A4	ADGRG6	outgoing	TNK	0.0	0.0	1.0	1.0	False	False	0.0	other	False	False
GSE291670	GSE291670	COL4A5_ADGRG6	ADGRG	Cell-Cell Contact	COL4A5	ADGRG6	COL4A5	ADGRG6	outgoing	TNK	0.0	0.0	1.0	1.0	False	False	0.0	other	False	False
GSE291670	GSE291670	COL4A6_ADGRG6	ADGRG	Cell-Cell Contact	COL4A6	ADGRG6	COL4A6	ADGRG6	outgoing	TNK	0.0	0.0	1.0	1.0	False	False	0.0	other	False	False
GSE291670	GSE291670	LAMA2_ADGRG6	ADGRG	Cell-Cell Contact	LAMA2	ADGRG6	LAMA2	ADGRG6	outgoing	TNK	0.0	0.0	1.0	1.0	False	False	0.0	other	False	False
GSE291670	GSE291670	PRNP_ADGRG6	ADGRG	Cell-Cell Contact	PRNP	ADGRG6	PRNP	ADGRG6	outgoing	TNK	0.0	0.0	1.0	1.0	False	False	0.0	other	False	False
GSE291670	GSE291670	FLRT1_ADGRL1	ADGRL	Cell-Cell Contact	FLRT1	ADGRL1	FLRT1	ADGRL1	outgoing	TNK	0.0	0.0	1.0	1.0	False	False	0.0	other	False	False
GSE291670	GSE291670	FLRT2_ADGRL1	ADGRL	Cell-Cell Contact	FLRT2	ADGRL1	FLRT2	ADGRL1	outgoing	TNK	0.0	0.0	1.0	1.0	False	False	0.0	other	False	False
GSE291670	GSE291670	FLRT3_ADGRL1	ADGRL	Cell-Cell Contact	FLRT3	ADGRL1	FLRT3	ADGRL1	outgoing	TNK	0.0	0.0	1.0	1.0	False	False	0.0	other	False	False
GSE291670	GSE291670	NRXN1_ADGRL1	ADGRL	Cell-Cell Contact	NRXN1	ADGRL1	NRXN1	ADGRL1	outgoing	TNK	0.0	0.0	1.0	1.0	False	False	0.0	other	False	False
GSE291670	GSE291670	NRXN2_ADGRL1	ADGRL	Cell-Cell Contact	NRXN2	ADGRL1	NRXN2	ADGRL1	outgoing	TNK	0.0	0.0	1.0	1.0	False	False	0.0	other	False	False
GSE291670	GSE291670	NRXN3_ADGRL1	ADGRL	Cell-Cell Contact	NRXN3	ADGRL1	NRXN3	ADGRL1	outgoing	TNK	0.0	0.0	1.0	1.0	False	False	0.0	other	False	False
GSE291670	GSE291670	TENM1_ADGRL1	ADGRL	Cell-Cell Contact	TENM1	ADGRL1	TENM1	ADGRL1	outgoing	TNK	0.0	0.0	1.0	1.0	False	False	0.0	other	False	False
GSE291670	GSE291670	TENM2_ADGRL1	ADGRL	Cell-Cell Contact	TENM2	ADGRL1	TENM2	ADGRL1	outgoing	TNK	0.0	0.0	1.0	1.0	False	False	0.0	other	False	False
GSE291670	GSE291670	TENM3_ADGRL1	ADGRL	Cell-Cell Contact	TENM3	ADGRL1	TENM3	ADGRL1	outgoing	TNK	0.0	0.0	1.0	1.0	False	False	0.0	other	False	False
GSE291670	GSE291670	TENM4_ADGRL1	ADGRL	Cell-Cell Contact	TENM4	ADGRL1	TENM4	ADGRL1	outgoing	TNK	0.0	0.0	1.0	1.0	False	False	0.0	other	False	False
GSE291670	GSE291670	FLRT1_ADGRL2	ADGRL	Cell-Cell Contact	FLRT1	ADGRL2	FLRT1	ADGRL2	outgoing	TNK	0.0	0.0	1.0	1.0	False	False	0.0	other	False	False
GSE291670	GSE291670	FLRT2_ADGRL2	ADGRL	Cell-Cell Contact	FLRT2	ADGRL2	FLRT2	ADGRL2	outgoing	TNK	0.0	0.0	1.0	1.0	False	False	0.0	other	False	False
GSE291670	GSE291670	FLRT3_ADGRL2	ADGRL	Cell-Cell Contact	FLRT3	ADGRL2	FLRT3	ADGRL2	outgoing	TNK	0.0	0.0007624235222503041	1.0	0.0297029702970297	False	True	-0.0007624235222503041	other	True	True
GSE291670	GSE291670	TENM1_ADGRL2	ADGRL	Cell-Cell Contact	TENM1	ADGRL2	TENM1	ADGRL2	outgoing	TNK	0.0	0.0	1.0	1.0	False	False	0.0	other	False	False
GSE291670	GSE291670	TENM2_ADGRL2	ADGRL	Cell-Cell Contact	TENM2	ADGRL2	TENM2	ADGRL2	outgoing	TNK	0.0	0.004163480956209179	1.0	0.009900990099009901	False	True	-0.004163480956209179	other	True	True
GSE291670	GSE291670	TENM3_ADGRL2	ADGRL	Cell-Cell Contact	TENM3	ADGRL2	TENM3	ADGRL2	outgoing	TNK	0.0	0.0	1.0	1.0	False	False	0.0	other	False	False
GSE291670	GSE291670	TENM4_ADGRL2	ADGRL	Cell-Cell Contact	TENM4	ADGRL2	TENM4	ADGRL2	outgoing	TNK	0.015895678814005682	0.005995248132365414	0.009900990099009901	1.0	True	False	0.009900430681640269	other	True	True
GSE291670	GSE291670	FLRT1_ADGRL3	ADGRL	Cell-Cell Contact	FLRT1	ADGRL3	FLRT1	ADGRL3	outgoing	TNK	0.0	0.0	1.0	1.0	False	False	0.0	other	False	False
GSE291670	GSE291670	FLRT2_ADGRL3	ADGRL	Cell-Cell Contact	FLRT2	ADGRL3	FLRT2	ADGRL3	outgoing	TNK	0.0	0.0	1.0	1.0	False	False	0.0	other	False	False
GSE291670	GSE291670	FLRT3_ADGRL3	ADGRL	Cell-Cell Contact	FLRT3	ADGRL3	FLRT3	ADGRL3	outgoing	TNK	0.0	0.0	1.0	1.0	False	False	0.0	other	False	False
GSE291670	GSE291670	TENM1_ADGRL3	ADGRL	Cell-Cell Contact	TENM1	ADGRL3	TENM1	ADGRL3	outgoing	TNK	0.0	0.0	1.0	1.0	False	False	0.0	other	False	False
GSE291670	GSE291670	TENM2_ADGRL3	ADGRL	Cell-Cell Contact	TENM2	ADGRL3	TENM2	ADGRL3	outgoing	TNK	0.0	0.0	1.0	1.0	False	False	0.0	other	False	False
GSE291670	GSE291670	TENM3_ADGRL3	ADGRL	Cell-Cell Contact	TENM3	ADGRL3	TENM3	ADGRL3	outgoing	TNK	0.0	0.0	1.0	1.0	False	False	0.0	other	False	False
GSE291670	GSE291670	TENM4_ADGRL3	ADGRL	Cell-Cell Contact	TENM4	ADGRL3	TENM4	ADGRL3	outgoing	TNK	0.0	0.0	1.0	1.0	False	False	0.0	other	False	False
GSE291670	GSE291670	UNC5A_ADGRL3	ADGRL	Cell-Cell Contact	UNC5A	ADGRL3	UNC5A	ADGRL3	outgoing	TNK	0.0	0.0	1.0	1.0	False	False	0.0	other	False	False
GSE291670	GSE291670	FLRT1_FLRT1	FLRT	Cell-Cell Contact	FLRT1	FLRT1	FLRT1	FLRT1	outgoing	TNK	0.0	0.0	1.0	1.0	False	False	0.0	other	False	False
GSE291670	GSE291670	FLRT2_FLRT2	FLRT	Cell-Cell Contact	FLRT2	FLRT2	FLRT2	FLRT2	outgoing	TNK	0.0	0.0	1.0	1.0	False	False	0.0	other	False	False
GSE291670	GSE291670	FLRT3_FLRT3	FLRT	Cell-Cell Contact	FLRT3	FLRT3	FLRT3	FLRT3	outgoing	TNK	0.0	0.000297800520679096	1.0	0.0297029702970297	False	True	-0.000297800520679096	other	True	True
GSE291670	GSE291670	FLRT1_UNC5A	UNC5	Cell-Cell Contact	FLRT1	UNC5A	FLRT1	UNC5A	outgoing	TNK	0.0	0.0	1.0	1.0	False	False	0.0	other	False	False
GSE291670	GSE291670	FLRT2_UNC5A	UNC5	Cell-Cell Contact	FLRT2	UNC5A	FLRT2	UNC5A	outgoing	TNK	0.0	0.0	1.0	1.0	False	False	0.0	other	False	False
GSE291670	GSE291670	FLRT3_UNC5A	UNC5	Cell-Cell Contact	FLRT3	UNC5A	FLRT3	UNC5A	outgoing	TNK	0.0	0.0	1.0	1.0	False	False	0.0	other	False	False
GSE291670	GSE291670	FLRT1_UNC5B	UNC5	Cell-Cell Contact	FLRT1	UNC5B	FLRT1	UNC5B	outgoing	TNK	0.0	0.0	1.0	1.0	False	False	0.0	other	False	False
GSE291670	GSE291670	FLRT2_UNC5B	UNC5	Cell-Cell Contact	FLRT2	UNC5B	FLRT2	UNC5B	outgoing	TNK	0.0	0.0	1.0	1.0	False	False	0.0	other	False	False
GSE291670	GSE291670	FLRT3_UNC5B	UNC5	Cell-Cell Contact	FLRT3	UNC5B	FLRT3	UNC5B	outgoing	TNK	0.0	0.0	1.0	1.0	False	False	0.0	other	False	False
GSE291670	GSE291670	FLRT1_UNC5C	UNC5	Cell-Cell Contact	FLRT1	UNC5C	FLRT1	UNC5C	outgoing	TNK	0.0	0.0	1.0	1.0	False	False	0.0	other	False	False
GSE291670	GSE291670	FLRT2_UNC5C	UNC5	Cell-Cell Contact	FLRT2	UNC5C	FLRT2	UNC5C	outgoing	TNK	0.0	0.0	1.0	1.0	False	False	0.0	other	False	False
GSE291670	GSE291670	FLRT3_UNC5C	UNC5	Cell-Cell Contact	FLRT3	UNC5C	FLRT3	UNC5C	outgoing	TNK	0.0	0.0	1.0	1.0	False	False	0.0	other	False	False
GSE291670	GSE291670	FLRT1_UNC5D	UNC5	Cell-Cell Contact	FLRT1	UNC5D	FLRT1	UNC5D	outgoing	TNK	0.0	0.0	1.0	1.0	False	False	0.0	other	False	False
GSE291670	GSE291670	FLRT2_UNC5D	UNC5	Cell-Cell Contact	FLRT2	UNC5D	FLRT2	UNC5D	outgoing	TNK	0.0	0.0	1.0	1.0	False	False	0.0	other	False	False
GSE291670	GSE291670	FLRT3_UNC5D	UNC5	Cell-Cell Contact	FLRT3	UNC5D	FLRT3	UNC5D	outgoing	TNK	0.0	0.0	1.0	1.0	False	False	0.0	other	False	False
GSE291670	GSE291670	AGT_AGTR2	AGT	Secreted Signaling	AGT	AGTR2	AGT	AGTR2	outgoing	TNK	0.0	0.0	1.0	1.0	False	False	0.0	other	False	False
GSE291670	GSE291670	NRXN1_CLSTN1	NRXN	Cell-Cell Contact	NRXN1	CLSTN1	NRXN1	CLSTN1	outgoing	TNK	0.0	0.0	1.0	1.0	False	False	0.0	other	False	False
GSE291670	GSE291670	NRXN2_CLSTN1	NRXN	Cell-Cell Contact	NRXN2	CLSTN1	NRXN2	CLSTN1	outgoing	TNK	0.0	0.0	1.0	1.0	False	False	0.0	other	False	False
GSE291670	GSE291670	Q9HDB5_CLSTN1	NRXN	Cell-Cell Contact	NRXN3	CLSTN1	NRXN3	CLSTN1	outgoing	TNK	0.0	0.0	1.0	1.0	False	False	0.0	other	False	False
GSE291670	GSE291670	NRXN1_CLSTN2	NRXN	Cell-Cell Contact	NRXN1	CLSTN2	NRXN1	CLSTN2	outgoing	TNK	0.0	0.0	1.0	1.0	False	False	0.0	other	False	False
GSE291670	GSE291670	NRXN2_CLSTN2	NRXN	Cell-Cell Contact	NRXN2	CLSTN2	NRXN2	CLSTN2	outgoing	TNK	0.0	0.0	1.0	1.0	False	False	0.0	other	False	False
GSE291670	GSE291670	Q9HDB5_CLSTN2	NRXN	Cell-Cell Contact	NRXN3	CLSTN2	NRXN3	CLSTN2	outgoing	TNK	0.0	0.0	1.0	1.0	False	False	0.0	other	False	False
GSE291670	GSE291670	NRXN1_CLSTN3	NRXN	Cell-Cell Contact	NRXN1	CLSTN3	NRXN1	CLSTN3	outgoing	TNK	0.0	0.0	1.0	1.0	False	False	0.0	other	False	False
GSE291670	GSE291670	NRXN2_CLSTN3	NRXN	Cell-Cell Contact	NRXN2	CLSTN3	NRXN2	CLSTN3	outgoing	TNK	0.0	0.0	1.0	1.0	False	False	0.0	other	False	False
GSE291670	GSE291670	Q9HDB5_CLSTN3	NRXN	Cell-Cell Contact	NRXN3	CLSTN3	NRXN3	CLSTN3	outgoing	TNK	0.0	0.0	1.0	1.0	False	False	0.0	other	False	False
GSE291670	GSE291670	NRXN1_DAG1	NRXN	Cell-Cell Contact	NRXN1	DAG1	NRXN1	DAG1	outgoing	TNK	0.0	0.0	1.0	1.0	False	False	0.0	other	False	False
GSE291670	GSE291670	NRXN2_DAG1	NRXN	Cell-Cell Contact	NRXN2	DAG1	NRXN2	DAG1	outgoing	TNK	0.0	0.0	1.0	1.0	False	False	0.0	other	False	False
GSE291670	GSE291670	CTSG_FPR1	CTSG	Secreted Signaling	CTSG	FPR1	CTSG	FPR1	outgoing	TNK	0.0	0.0	1.0	1.0	False	False	0.0	other	False	False
GSE291670	GSE291670	ANXA1_FPR3	ANNEXIN	Secreted Signaling	ANXA1	FPR3	ANXA1	FPR3	outgoing	TNK	0.0	0.0	1.0	1.0	False	False	0.0	other	False	False
GSE291670	GSE291670	GALP_GALR3	GALANIN	Secreted Signaling	GALP	GALR3	GALP	GALR3	outgoing	TNK	0.0	0.0	1.0	1.0	False	False	0.0	other	False	False
GSE291670	GSE291670	LRFN4_PTPRD	PTPR	Cell-Cell Contact	LRFN4	PTPRD	LRFN4	PTPRD	outgoing	TNK	0.0	0.0	1.0	1.0	False	False	0.0	other	False	False
GSE291670	GSE291670	LRFN4_PTPRF	PTPR	Cell-Cell Contact	LRFN4	PTPRF	LRFN4	PTPRF	outgoing	TNK	0.0	0.0	1.0	1.0	False	False	0.0	other	False	False
GSE291670	GSE291670	LRFN4_PTPRS	PTPR	Cell-Cell Contact	LRFN4	PTPRS	LRFN4	PTPRS	outgoing	TNK	0.0	0.0	1.0	1.0	False	False	0.0	other	False	False
GSE291670	GSE291670	LRFN5_PTPRD	PTPR	Cell-Cell Contact	LRFN5	PTPRD	LRFN5	PTPRD	outgoing	TNK	0.0	0.0	1.0	1.0	False	False	0.0	other	False	False
GSE291670	GSE291670	LRFN5_PTPRF	PTPR	Cell-Cell Contact	LRFN5	PTPRF	LRFN5	PTPRF	outgoing	TNK	0.0	0.0	1.0	1.0	False	False	0.0	other	False	False
GSE291670	GSE291670	LRFN5_PTPRS	PTPR	Cell-Cell Contact	LRFN5	PTPRS	LRFN5	PTPRS	outgoing	TNK	0.0	0.0	1.0	1.0	False	False	0.0	other	False	False
GSE291670	GSE291670	LRRC4B_PTPRD	PTPR	Cell-Cell Contact	LRRC4B	PTPRD	LRRC4B	PTPRD	outgoing	TNK	0.0	0.0	1.0	1.0	False	False	0.0	other	False	False
GSE291670	GSE291670	LRRC4B_PTPRS	PTPR	Cell-Cell Contact	LRRC4B	PTPRS	LRRC4B	PTPRS	outgoing	TNK	0.0	0.0	1.0	1.0	False	False	0.0	other	False	False
GSE291670	GSE291670	LRRC4C_PTPRF	PTPR	Cell-Cell Contact	LRRC4C	PTPRF	LRRC4C	PTPRF	outgoing	TNK	0.0	0.0	1.0	1.0	False	False	0.0	other	False	False
GSE291670	GSE291670	NRXN1_LRRTM1	NRXN	Cell-Cell Contact	NRXN1	LRRTM1	NRXN1	LRRTM1	outgoing	TNK	0.0	0.0	1.0	1.0	False	False	0.0	other	False	False
GSE291670	GSE291670	NRXN2_LRRTM1	NRXN	Cell-Cell Contact	NRXN2	LRRTM1	NRXN2	LRRTM1	outgoing	TNK	0.0	0.0	1.0	1.0	False	False	0.0	other	False	False
GSE291670	GSE291670	NRXN3_LRRTM1	NRXN	Cell-Cell Contact	NRXN3	LRRTM1	NRXN3	LRRTM1	outgoing	TNK	0.0	0.0	1.0	1.0	False	False	0.0	other	False	False
GSE291670	GSE291670	NRXN1_LRRTM2	NRXN	Cell-Cell Contact	NRXN1	LRRTM2	NRXN1	LRRTM2	outgoing	TNK	0.0	0.0	1.0	1.0	False	False	0.0	other	False	False
GSE291670	GSE291670	NRXN2_LRRTM2	NRXN	Cell-Cell Contact	NRXN2	LRRTM2	NRXN2	LRRTM2	outgoing	TNK	0.0	0.0	1.0	1.0	False	False	0.0	other	False	False
GSE291670	GSE291670	NRXN3_LRRTM2	NRXN	Cell-Cell Contact	NRXN3	LRRTM2	NRXN3	LRRTM2	outgoing	TNK	0.0	0.0	1.0	1.0	False	False	0.0	other	False	False
GSE291670	GSE291670	NRXN1_LRRTM3	NRXN	Cell-Cell Contact	NRXN1	LRRTM3	NRXN1	LRRTM3	outgoing	TNK	0.0	0.0	1.0	1.0	False	False	0.0	other	False	False
GSE291670	GSE291670	NRXN2_LRRTM3	NRXN	Cell-Cell Contact	NRXN2	LRRTM3	NRXN2	LRRTM3	outgoing	TNK	0.0	0.0	1.0	1.0	False	False	0.0	other	False	False
GSE291670	GSE291670	NRXN3_LRRTM3	NRXN	Cell-Cell Contact	NRXN3	LRRTM3	NRXN3	LRRTM3	outgoing	TNK	0.0	0.0	1.0	1.0	False	False	0.0	other	False	False
GSE291670	GSE291670	NRXN1_LRRTM4	NRXN	Cell-Cell Contact	NRXN1	LRRTM4	NRXN1	LRRTM4	outgoing	TNK	0.0	0.0	1.0	1.0	False	False	0.0	other	False	False
GSE291670	GSE291670	NRXN2_LRRTM4	NRXN	Cell-Cell Contact	NRXN2	LRRTM4	NRXN2	LRRTM4	outgoing	TNK	0.0	0.0	1.0	1.0	False	False	0.0	other	False	False
GSE291670	GSE291670	NRXN3_LRRTM4	NRXN	Cell-Cell Contact	NRXN3	LRRTM4	NRXN3	LRRTM4	outgoing	TNK	0.0	0.0	1.0	1.0	False	False	0.0	other	False	False
GSE291670	GSE291670	LRRTM4_PTPRS	PTPR	Cell-Cell Contact	PTPRS	LRRTM4	PTPRS	LRRTM4	outgoing	TNK	0.0	0.0	1.0	1.0	False	False	0.0	other	False	False
GSE291670	GSE291670	GRP_NMBR	GRP	Secreted Signaling	GRP	NMBR	GRP	NMBR	outgoing	TNK	0.0	0.0	1.0	1.0	False	False	0.0	other	False	False
GSE291670	GSE291670	PTPRS_NTRK3	PTPR	Secreted Signaling	PTPRS	NTRK3	PTPRS	NTRK3	outgoing	TNK	0.0	0.0	1.0	1.0	False	False	0.0	other	False	False
GSE291670	GSE291670	VIP_SCTR	VIP	Secreted Signaling	VIP	SCTR	VIP	SCTR	outgoing	TNK	0.0	0.0	1.0	1.0	False	False	0.0	other	False	False
GSE291670	GSE291670	SLITRK1_PTPRD	SLITRK	Secreted Signaling	SLITRK1	PTPRD	SLITRK1	PTPRD	outgoing	TNK	0.0	0.0	1.0	1.0	False	False	0.0	other	False	False
GSE291670	GSE291670	SLITRK1_PTPRS	SLITRK	Secreted Signaling	SLITRK1	PTPRS	SLITRK1	PTPRS	outgoing	TNK	0.0	0.0	1.0	1.0	False	False	0.0	other	False	False
GSE291670	GSE291670	SLITRK2_PTPRD	SLITRK	Secreted Signaling	SLITRK2	PTPRD	SLITRK2	PTPRD	outgoing	TNK	0.0	0.0	1.0	1.0	False	False	0.0	other	False	False
GSE291670	GSE291670	SLITRK2_PTPRS	SLITRK	Secreted Signaling	SLITRK2	PTPRS	SLITRK2	PTPRS	outgoing	TNK	0.0	0.0	1.0	1.0	False	False	0.0	other	False	False
GSE291670	GSE291670	SLITRK3_PTPRD	SLITRK	Secreted Signaling	SLITRK3	PTPRD	SLITRK3	PTPRD	outgoing	TNK	0.0	0.0	1.0	1.0	False	False	0.0	other	False	False
GSE291670	GSE291670	SLITRK4_PTPRS	SLITRK	Secreted Signaling	SLITRK4	PTPRS	SLITRK4	PTPRS	outgoing	TNK	0.0	0.0	1.0	1.0	False	False	0.0	other	False	False
GSE291670	GSE291670	SLITRK5_PTPRS	SLITRK	Secreted Signaling	SLITRK5	PTPRS	SLITRK5	PTPRS	outgoing	TNK	0.0	0.0	1.0	1.0	False	False	0.0	other	False	False
GSE291670	GSE291670	SLITRK6_PTPRS	SLITRK	Secreted Signaling	SLITRK6	PTPRS	SLITRK6	PTPRS	outgoing	TNK	0.0	0.0	1.0	1.0	False	False	0.0	other	False	False
GSE291670	GSE291670	APP_SORL1	APP	Cell-Cell Contact	APP	SORL1	APP	SORL1	outgoing	TNK	0.1440895009641119	0.10455303501771371	0.009900990099009901	1.0	True	False	0.0395364659463982	other	True	True
GSE291670	GSE291670	APP_TNFRSF21	APP	Cell-Cell Contact	APP	TNFRSF21	APP	TNFRSF21	outgoing	TNK	0.0	0.0	1.0	1.0	False	False	0.0	other	False	False
GSE291670	GSE291670	ENTPD1_ADORA3	CD39	Cell-Cell Contact	ADORA3	ENTPD1	ADORA3	ENTPD1	outgoing	TNK	0.0	0.0	1.0	1.0	False	False	0.0	other	False	False
GSE291670	GSE291670	APOA1_ABCA1	ApoA	Cell-Cell Contact	APOA1	ABCA1	APOA1	ABCA1	outgoing	TNK	0.0	0.0	1.0	1.0	False	False	0.0	other	False	False
GSE291670	GSE291670	APOB_APOBR	ApoB	Cell-Cell Contact	APOB	APOBR	APOB	APOBR	outgoing	TNK	0.0	0.0	1.0	1.0	False	False	0.0	other	False	False
GSE291670	GSE291670	BDNF_SORT1	NT	Secreted Signaling	BDNF	SORT1	BDNF	SORT1	outgoing	TNK	0.0	0.0	1.0	1.0	False	False	0.0	other	False	False
GSE291670	GSE291670	BDNF_NGFR	NT	Secreted Signaling	BDNF	NGFR	BDNF	NGFR	outgoing	TNK	0.0	0.0	1.0	1.0	False	False	0.0	other	False	False
GSE291670	GSE291670	CD160_TNFRSF14	CD160	Cell-Cell Contact	CD160	TNFRSF14	CD160	TNFRSF14	outgoing	TNK	0.0	0.0	1.0	1.0	False	False	0.0	other	False	False
GSE291670	GSE291670	CADM1_NECTIN3	CADM	Cell-Cell Contact	CADM1	NECTIN3	CADM1	NECTIN3	outgoing	TNK	0.0	0.0	1.0	1.0	False	False	0.0	barrier	False	False
GSE291670	GSE291670	CADM3_CADM1	CADM	Cell-Cell Contact	CADM3	CADM1	CADM3	CADM1	outgoing	TNK	0.0	0.0	1.0	1.0	False	False	0.0	other	False	False
GSE291670	GSE291670	CADM3_CADM4	CADM	Cell-Cell Contact	CADM3	CADM4	CADM3	CADM4	outgoing	TNK	0.0	0.0	1.0	1.0	False	False	0.0	other	False	False
GSE291670	GSE291670	CADM3_EPB41L1	CADM	Cell-Cell Contact	CADM3	EPB41L1	CADM3	EPB41L1	outgoing	TNK	0.0	0.0	1.0	1.0	False	False	0.0	other	False	False
GSE291670	GSE291670	CADM3_NECTIN3	CADM	Cell-Cell Contact	CADM3	NECTIN3	CADM3	NECTIN3	outgoing	TNK	0.0	0.0	1.0	1.0	False	False	0.0	other	False	False
GSE291670	GSE291670	CD276_TREML2	CD276	Cell-Cell Contact	CD276	TREML2	CD276	TREML2	outgoing	TNK	0.0	0.0	1.0	1.0	False	False	0.0	inhibitory	False	False
GSE291670	GSE291670	CD99_PILRB	CD99	Cell-Cell Contact	CD99	PILRB	CD99	PILRB	outgoing	TNK	0.00514137383138378	0.0009862871027728306	0.009900990099009901	1.0	True	False	0.004155086728610949	other	True	True
GSE291670	GSE291670	CEACAM1_CEACAM6	CEACAM	Cell-Cell Contact	CEACAM1	CEACAM6	CEACAM1	CEACAM6	outgoing	TNK	0.0	0.0	1.0	1.0	False	False	0.0	barrier	False	False
GSE291670	GSE291670	CEACAM1_CEACAM8	CEACAM	Cell-Cell Contact	CEACAM1	CEACAM8	CEACAM1	CEACAM8	outgoing	TNK	0.0	0.0	1.0	1.0	False	False	0.0	barrier	False	False
GSE291670	GSE291670	CEACAM5_CEACAM6	CEACAM	Cell-Cell Contact	CEACAM5	CEACAM6	CEACAM5	CEACAM6	outgoing	TNK	0.0	0.0	1.0	1.0	False	False	0.0	barrier	False	False
GSE291670	GSE291670	CEACAM6_CEACAM6	CEACAM	Cell-Cell Contact	CEACAM6	CEACAM6	CEACAM6	CEACAM6	outgoing	TNK	0.0	0.0	1.0	1.0	False	False	0.0	barrier	False	False
GSE291670	GSE291670	CEACAM8_CEACAM6	CEACAM	Cell-Cell Contact	CEACAM8	CEACAM6	CEACAM8	CEACAM6	outgoing	TNK	0.0	0.0	1.0	1.0	False	False	0.0	other	False	False
GSE291670	GSE291670	CNTN1_NOTCH1	CNTN	Cell-Cell Contact	CNTN1	NOTCH1	CNTN1	NOTCH1	outgoing	TNK	0.0	0.0	1.0	1.0	False	False	0.0	other	False	False
GSE291670	GSE291670	CNTN1_NOTCH2	CNTN	Cell-Cell Contact	CNTN1	NOTCH2	CNTN1	NOTCH2	outgoing	TNK	0.00021034642153640125	0.0007338072954689054	0.5742574257425742	0.4158415841584158	False	False	-0.0005234608739325042	other	False	False
GSE291670	GSE291670	CRTAM_CADM1	CADM	Cell-Cell Contact	CRTAM	CADM1	CRTAM	CADM1	outgoing	TNK	0.0	0.0	1.0	1.0	False	False	0.0	other	False	False
GSE291670	GSE291670	IGFBP3_TMEM219	IGFBP	Secreted Signaling	IGFBP3	TMEM219	IGFBP3	TMEM219	outgoing	TNK	0.0	0.0	1.0	1.0	False	False	0.0	other	False	False
GSE291670	GSE291670	LAIR1_LILRB4	LAIR1	Cell-Cell Contact	LAIR1	LILRB4	LAIR1	LILRB4	outgoing	TNK	0.0	0.0	1.0	1.0	False	False	0.0	other	False	False
GSE291670	GSE291670	LGALS9_P4HB	GALECTIN	Secreted Signaling	LGALS9	P4HB	LGALS9	P4HB	outgoing	TNK	0.0	0.0	1.0	1.0	False	False	0.0	inhibitory	False	False
GSE291670	GSE291670	NTN1_DCC	Netrin	Cell-Cell Contact	NTN1	DCC	NTN1	DCC	outgoing	TNK	0.0	0.0	1.0	1.0	False	False	0.0	other	False	False
GSE291670	GSE291670	NTN1_DSCAM	Netrin	Cell-Cell Contact	NTN1	DSCAM	NTN1	DSCAM	outgoing	TNK	0.0	0.0	1.0	1.0	False	False	0.0	other	False	False
GSE291670	GSE291670	NTN1_UNC5A	Netrin	Cell-Cell Contact	NTN1	UNC5A	NTN1	UNC5A	outgoing	TNK	0.0	0.0	1.0	1.0	False	False	0.0	other	False	False
GSE291670	GSE291670	NTN1_UNC5B	Netrin	Cell-Cell Contact	NTN1	UNC5B	NTN1	UNC5B	outgoing	TNK	0.0	0.0	1.0	1.0	False	False	0.0	other	False	False
GSE291670	GSE291670	NTN1_UNC5C	Netrin	Cell-Cell Contact	NTN1	UNC5C	NTN1	UNC5C	outgoing	TNK	0.0	0.0	1.0	1.0	False	False	0.0	other	False	False
GSE291670	GSE291670	NTN4_NTRK2	Netrin	Cell-Cell Contact	NTN4	NTRK2	NTN4	NTRK2	outgoing	TNK	0.0	0.0	1.0	1.0	False	False	0.0	other	False	False
GSE291670	GSE291670	NTN4_UNC5B	Netrin	Cell-Cell Contact	NTN4	UNC5B	NTN4	UNC5B	outgoing	TNK	0.0	0.0	1.0	1.0	False	False	0.0	other	False	False
GSE291670	GSE291670	NTN4_UNC5D	Netrin	Cell-Cell Contact	NTN4	UNC5D	NTN4	UNC5D	outgoing	TNK	0.0	0.0	1.0	1.0	False	False	0.0	other	False	False
GSE291670	GSE291670	NTS_SORT1	NTS	Secreted Signaling	NTS	SORT1	NTS	SORT1	outgoing	TNK	0.0	0.0	1.0	1.0	False	False	0.0	other	False	False
GSE291670	GSE291670	NTF3_NGFR	NT	Secreted Signaling	NTF3	NGFR	NTF3	NGFR	outgoing	TNK	0.0	0.0	1.0	1.0	False	False	0.0	other	False	False
GSE291670	GSE291670	NTF5_NGFR	NT	Secreted Signaling	NTF4	NGFR	NTF4	NGFR	outgoing	TNK	0.0	0.0	1.0	1.0	False	False	0.0	other	False	False
GSE291670	GSE291670	CD200_CD200R1L	CD200	Cell-Cell Contact	CD200	CD200R1	CD200	CD200R1	outgoing	TNK	0.0	0.0	1.0	1.0	False	False	0.0	other	False	False
GSE291670	GSE291670	PECAM1_CD177	PECAM1	Cell-Cell Contact	PECAM1	CD177	PECAM1	CD177	outgoing	TNK	0.0	0.0	1.0	1.0	False	False	0.0	other	False	False
GSE291670	GSE291670	PECAM1_CD38	PECAM2	Cell-Cell Contact	PECAM1	CD38	PECAM1	CD38	outgoing	TNK	0.0	0.0	1.0	1.0	False	False	0.0	other	False	False
GSE291670	GSE291670	PPIA_BSG	CypA	Secreted Signaling	PPIA	BSG	PPIA	BSG	outgoing	TNK	0.0	0.0	1.0	1.0	False	False	0.0	other	False	False
GSE291670	GSE291670	PROC_PROCR	PROC	Secreted Signaling	PROC	PROCR	PROC	PROCR	outgoing	TNK	0.0	0.0	1.0	1.0	False	False	0.0	other	False	False
GSE291670	GSE291670	RELN_LRP8	RELN	ECM-Receptor	RELN	LRP8	RELN	LRP8	outgoing	TNK	0.0	0.0	1.0	1.0	False	False	0.0	other	False	False
GSE291670	GSE291670	RELN_VLDLR	RELN	ECM-Receptor	RELN	VLDLR	RELN	VLDLR	outgoing	TNK	0.0	0.0	1.0	1.0	False	False	0.0	other	False	False
GSE291670	GSE291670	RBP4_STRA6	RBP4	Secreted Signaling	RBP4	STRA6	RBP4	STRA6	outgoing	TNK	0.0	0.0	1.0	1.0	False	False	0.0	other	False	False
GSE291670	GSE291670	SIRPG_CD47	SIRP	Cell-Cell Contact	SIRPG	CD47	SIRPG	CD47	outgoing	TNK	0.0	0.0	1.0	1.0	False	False	0.0	other	False	False
GSE291670	GSE291670	SLIT1_ROBO1	SLIT	Secreted Signaling	SLIT1	ROBO1	SLIT1	ROBO1	outgoing	TNK	0.0	0.0	1.0	1.0	False	False	0.0	other	False	False
GSE291670	GSE291670	SLIT2_ROBO1	SLIT	Secreted Signaling	SLIT2	ROBO1	SLIT2	ROBO1	outgoing	TNK	0.023348835234956577	0.004125344493918153	0.009900990099009901	1.0	True	False	0.019223490741038424	other	True	True
GSE291670	GSE291670	SLIT2_ROBO2	SLIT	Secreted Signaling	SLIT2	ROBO2	SLIT2	ROBO2	outgoing	TNK	0.0	0.0	1.0	1.0	False	False	0.0	other	False	False
GSE291670	GSE291670	TULP1_TYRO3	TULP	Secreted Signaling	TULP1	TYRO3	TULP1	TYRO3	outgoing	TNK	0.0	0.0	1.0	1.0	False	False	0.0	other	False	False
GSE291670	GSE291670	TULP2_TYRO3	TULP	Secreted Signaling	TULP2	TYRO3	TULP2	TYRO3	outgoing	TNK	0.0	0.0	1.0	1.0	False	False	0.0	other	False	False
GSE291670	GSE291670	TULP1_AXL	TULP	Secreted Signaling	TULP1	AXL	TULP1	AXL	outgoing	TNK	0.0	0.0	1.0	1.0	False	False	0.0	other	False	False
GSE291670	GSE291670	TULP1_MERTK	TULP	Secreted Signaling	TULP1	MERTK	TULP1	MERTK	outgoing	TNK	0.0	0.0	1.0	1.0	False	False	0.0	other	False	False
GSE291670	GSE291670	TUB_MERTK	TULP	Secreted Signaling	TUB	MERTK	TUB	MERTK	outgoing	TNK	0.0	0.0	1.0	1.0	False	False	0.0	other	False	False
GSE291670	GSE291670	PROS1_MERTK	PROS	Secreted Signaling	PROS1	MERTK	PROS1	MERTK	outgoing	TNK	0.0	0.0	1.0	1.0	False	False	0.0	other	False	False
GSE291670	GSE291670	PLAU_PLAUR	PLAU	Secreted Signaling	PLAU	PLAUR	PLAU	PLAUR	outgoing	TNK	0.0	0.0	1.0	1.0	False	False	0.0	other	False	False
GSE291670	GSE291670	GDF15_TGFBR2	GDF	Secreted Signaling	GDF15	TGFBR2	GDF15	TGFBR2	incoming	TNK	0.0	0.0	1.0	1.0	False	False	0.0	other	False	False
GSE291670	GSE291670	WNT5A_FZD1	ncWNT	Secreted Signaling	WNT5A	FZD1	WNT5A	FZD1	incoming	TNK	0.0	0.0	1.0	1.0	False	False	0.0	other	False	False
GSE291670	GSE291670	WNT5A_FZD10	ncWNT	Secreted Signaling	WNT5A	FZD10	WNT5A	FZD10	incoming	TNK	0.0	0.0	1.0	1.0	False	False	0.0	other	False	False
GSE291670	GSE291670	WNT5A_FZD2	ncWNT	Secreted Signaling	WNT5A	FZD2	WNT5A	FZD2	incoming	TNK	0.0	0.0	1.0	1.0	False	False	0.0	other	False	False
GSE291670	GSE291670	WNT5A_FZD3	ncWNT	Secreted Signaling	WNT5A	FZD3	WNT5A	FZD3	incoming	TNK	0.0	0.0	1.0	1.0	False	False	0.0	other	False	False
GSE291670	GSE291670	WNT5A_FZD4	ncWNT	Secreted Signaling	WNT5A	FZD4	WNT5A	FZD4	incoming	TNK	0.0	0.0	1.0	1.0	False	False	0.0	other	False	False
GSE291670	GSE291670	WNT5A_FZD5	ncWNT	Secreted Signaling	WNT5A	FZD5	WNT5A	FZD5	incoming	TNK	0.0	0.0	1.0	1.0	False	False	0.0	other	False	False
GSE291670	GSE291670	WNT5A_FZD6	ncWNT	Secreted Signaling	WNT5A	FZD6	WNT5A	FZD6	incoming	TNK	0.0	0.0	1.0	1.0	False	False	0.0	other	False	False
GSE291670	GSE291670	WNT5A_FZD7	ncWNT	Secreted Signaling	WNT5A	FZD7	WNT5A	FZD7	incoming	TNK	0.0	0.0	1.0	1.0	False	False	0.0	other	False	False
GSE291670	GSE291670	WNT5A_FZD8	ncWNT	Secreted Signaling	WNT5A	FZD8	WNT5A	FZD8	incoming	TNK	0.0	0.0	1.0	1.0	False	False	0.0	other	False	False
GSE291670	GSE291670	WNT5A_FZD9	ncWNT	Secreted Signaling	WNT5A	FZD9	WNT5A	FZD9	incoming	TNK	0.0	0.0	1.0	1.0	False	False	0.0	other	False	False
GSE291670	GSE291670	WNT5A_MCAM	ncWNT	Secreted Signaling	WNT5A	MCAM	WNT5A	MCAM	incoming	TNK	0.0	0.0	1.0	1.0	False	False	0.0	other	False	False
GSE291670	GSE291670	WNT5B_FZD1	ncWNT	Secreted Signaling	WNT5B	FZD1	WNT5B	FZD1	incoming	TNK	0.0	0.0	1.0	1.0	False	False	0.0	other	False	False
GSE291670	GSE291670	WNT5B_FZD10	ncWNT	Secreted Signaling	WNT5B	FZD10	WNT5B	FZD10	incoming	TNK	0.0	0.0	1.0	1.0	False	False	0.0	other	False	False
GSE291670	GSE291670	WNT5B_FZD2	ncWNT	Secreted Signaling	WNT5B	FZD2	WNT5B	FZD2	incoming	TNK	0.0	0.0	1.0	1.0	False	False	0.0	other	False	False
GSE291670	GSE291670	WNT5B_FZD3	ncWNT	Secreted Signaling	WNT5B	FZD3	WNT5B	FZD3	incoming	TNK	0.0	0.0	1.0	1.0	False	False	0.0	other	False	False
GSE291670	GSE291670	WNT5B_FZD4	ncWNT	Secreted Signaling	WNT5B	FZD4	WNT5B	FZD4	incoming	TNK	0.0	0.0	1.0	1.0	False	False	0.0	other	False	False
GSE291670	GSE291670	WNT5B_FZD5	ncWNT	Secreted Signaling	WNT5B	FZD5	WNT5B	FZD5	incoming	TNK	0.0	0.0	1.0	1.0	False	False	0.0	other	False	False
GSE291670	GSE291670	WNT5B_FZD6	ncWNT	Secreted Signaling	WNT5B	FZD6	WNT5B	FZD6	incoming	TNK	0.0	0.0	1.0	1.0	False	False	0.0	other	False	False
GSE291670	GSE291670	WNT5B_FZD7	ncWNT	Secreted Signaling	WNT5B	FZD7	WNT5B	FZD7	incoming	TNK	0.0	0.0	1.0	1.0	False	False	0.0	other	False	False
GSE291670	GSE291670	WNT5B_FZD8	ncWNT	Secreted Signaling	WNT5B	FZD8	WNT5B	FZD8	incoming	TNK	0.0	0.0	1.0	1.0	False	False	0.0	other	False	False
GSE291670	GSE291670	WNT5B_FZD9	ncWNT	Secreted Signaling	WNT5B	FZD9	WNT5B	FZD9	incoming	TNK	0.0	0.0	1.0	1.0	False	False	0.0	other	False	False
GSE291670	GSE291670	WNT11_FZD1	ncWNT	Secreted Signaling	WNT11	FZD1	WNT11	FZD1	incoming	TNK	0.0	0.0	1.0	1.0	False	False	0.0	other	False	False
GSE291670	GSE291670	WNT11_FZD10	ncWNT	Secreted Signaling	WNT11	FZD10	WNT11	FZD10	incoming	TNK	0.0	0.0	1.0	1.0	False	False	0.0	other	False	False
GSE291670	GSE291670	WNT11_FZD2	ncWNT	Secreted Signaling	WNT11	FZD2	WNT11	FZD2	incoming	TNK	0.0	0.0	1.0	1.0	False	False	0.0	other	False	False
GSE291670	GSE291670	WNT11_FZD3	ncWNT	Secreted Signaling	WNT11	FZD3	WNT11	FZD3	incoming	TNK	0.0	0.0	1.0	1.0	False	False	0.0	other	False	False
GSE291670	GSE291670	WNT11_FZD4	ncWNT	Secreted Signaling	WNT11	FZD4	WNT11	FZD4	incoming	TNK	0.0	0.0	1.0	1.0	False	False	0.0	other	False	False
GSE291670	GSE291670	WNT11_FZD5	ncWNT	Secreted Signaling	WNT11	FZD5	WNT11	FZD5	incoming	TNK	0.0	0.0	1.0	1.0	False	False	0.0	other	False	False
GSE291670	GSE291670	WNT11_FZD6	ncWNT	Secreted Signaling	WNT11	FZD6	WNT11	FZD6	incoming	TNK	0.0	0.0	1.0	1.0	False	False	0.0	other	False	False
GSE291670	GSE291670	WNT11_FZD7	ncWNT	Secreted Signaling	WNT11	FZD7	WNT11	FZD7	incoming	TNK	0.0	0.0	1.0	1.0	False	False	0.0	other	False	False
GSE291670	GSE291670	WNT11_FZD8	ncWNT	Secreted Signaling	WNT11	FZD8	WNT11	FZD8	incoming	TNK	0.0	0.0	1.0	1.0	False	False	0.0	other	False	False
GSE291670	GSE291670	WNT11_FZD9	ncWNT	Secreted Signaling	WNT11	FZD9	WNT11	FZD9	incoming	TNK	0.0	0.0	1.0	1.0	False	False	0.0	other	False	False
GSE291670	GSE291670	EGF_EGFR	EGF	Secreted Signaling	EGF	EGFR	EGF	EGFR	incoming	TNK	0.0	0.0	1.0	1.0	False	False	0.0	other	False	False
GSE291670	GSE291670	TGFA_EGFR	EGF	Secreted Signaling	TGFA	EGFR	TGFA	EGFR	incoming	TNK	0.0	0.0	1.0	1.0	False	False	0.0	other	False	False
GSE291670	GSE291670	AREG_EGFR	EGF	Secreted Signaling	AREG	EGFR	AREG	EGFR	incoming	TNK	0.0	0.0	1.0	1.0	False	False	0.0	other	False	False
GSE291670	GSE291670	BTC_EGFR	EGF	Secreted Signaling	BTC	EGFR	BTC	EGFR	incoming	TNK	0.0	0.0	1.0	1.0	False	False	0.0	other	False	False
GSE291670	GSE291670	BTC_ERBB4	EGF	Secreted Signaling	BTC	ERBB4	BTC	ERBB4	incoming	TNK	0.0	0.0	1.0	1.0	False	False	0.0	other	False	False
GSE291670	GSE291670	HBEGF_EGFR	EGF	Secreted Signaling	HBEGF	EGFR	HBEGF	EGFR	incoming	TNK	0.0	0.0	1.0	1.0	False	False	0.0	other	False	False
GSE291670	GSE291670	HBEGF_ERBB4	EGF	Secreted Signaling	HBEGF	ERBB4	HBEGF	ERBB4	incoming	TNK	0.0	0.0	1.0	1.0	False	False	0.0	other	False	False
GSE291670	GSE291670	EREG_EGFR	EGF	Secreted Signaling	EREG	EGFR	EREG	EGFR	incoming	TNK	0.0	0.0	1.0	1.0	False	False	0.0	other	False	False
GSE291670	GSE291670	EREG_ERBB4	EGF	Secreted Signaling	EREG	ERBB4	EREG	ERBB4	incoming	TNK	0.0	0.0	1.0	1.0	False	False	0.0	other	False	False
GSE291670	GSE291670	NRG1_ERBB3	NRG	Secreted Signaling	NRG1	ERBB3	NRG1	ERBB3	incoming	TNK	0.022027225695579068	0.005273778100742172	0.019801980198019802	0.9900990099009901	True	False	0.016753447594836896	other	True	True
GSE291670	GSE291670	NRG1_ERBB4	NRG	Secreted Signaling	NRG1	ERBB4	NRG1	ERBB4	incoming	TNK	0.18448940750423024	0.16567260960765118	0.0594059405940594	0.9504950495049505	False	False	0.018816797896579057	other	False	False
GSE291670	GSE291670	NRG2_ERBB3	NRG	Secreted Signaling	NRG2	ERBB3	NRG2	ERBB3	incoming	TNK	0.0	0.0	1.0	1.0	False	False	0.0	other	False	False
GSE291670	GSE291670	NRG2_ERBB4	NRG	Secreted Signaling	NRG2	ERBB4	NRG2	ERBB4	incoming	TNK	0.0	0.0	1.0	1.0	False	False	0.0	other	False	False
GSE291670	GSE291670	NRG3_ERBB4	NRG	Secreted Signaling	NRG3	ERBB4	NRG3	ERBB4	incoming	TNK	0.20655363669164822	0.18599969130560384	0.0594059405940594	0.9504950495049505	False	False	0.02055394538604438	other	False	False
GSE291670	GSE291670	NRG4_ERBB4	NRG	Secreted Signaling	NRG4	ERBB4	NRG4	ERBB4	incoming	TNK	0.0	0.0	1.0	1.0	False	False	0.0	other	False	False
GSE291670	GSE291670	FGF1_FGFR1	FGF	Secreted Signaling	FGF1	FGFR1	FGF1	FGFR1	incoming	TNK	0.0	0.0	1.0	1.0	False	False	0.0	other	False	False
GSE291670	GSE291670	FGF1_FGFR2	FGF	Secreted Signaling	FGF1	FGFR2	FGF1	FGFR2	incoming	TNK	0.0	0.0	1.0	1.0	False	False	0.0	other	False	False
GSE291670	GSE291670	FGF1_FGFR3	FGF	Secreted Signaling	FGF1	FGFR3	FGF1	FGFR3	incoming	TNK	0.0	0.0	1.0	1.0	False	False	0.0	other	False	False
GSE291670	GSE291670	FGF1_FGFR4	FGF	Secreted Signaling	FGF1	FGFR4	FGF1	FGFR4	incoming	TNK	0.0	0.0	1.0	1.0	False	False	0.0	other	False	False
GSE291670	GSE291670	FGF2_FGFR1	FGF	Secreted Signaling	FGF2	FGFR1	FGF2	FGFR1	incoming	TNK	0.0	0.0	1.0	1.0	False	False	0.0	other	False	False
GSE291670	GSE291670	FGF2_FGFR2	FGF	Secreted Signaling	FGF2	FGFR2	FGF2	FGFR2	incoming	TNK	0.0	0.0	1.0	1.0	False	False	0.0	other	False	False
GSE291670	GSE291670	FGF2_FGFR3	FGF	Secreted Signaling	FGF2	FGFR3	FGF2	FGFR3	incoming	TNK	0.0	0.0	1.0	1.0	False	False	0.0	other	False	False
GSE291670	GSE291670	FGF2_FGFR4	FGF	Secreted Signaling	FGF2	FGFR4	FGF2	FGFR4	incoming	TNK	0.0	0.0	1.0	1.0	False	False	0.0	other	False	False
GSE291670	GSE291670	FGF4_FGFR1	FGF	Secreted Signaling	FGF4	FGFR1	FGF4	FGFR1	incoming	TNK	0.0	0.0	1.0	1.0	False	False	0.0	other	False	False
GSE291670	GSE291670	FGF4_FGFR2	FGF	Secreted Signaling	FGF4	FGFR2	FGF4	FGFR2	incoming	TNK	0.0	0.0	1.0	1.0	False	False	0.0	other	False	False
GSE291670	GSE291670	FGF4_FGFR3	FGF	Secreted Signaling	FGF4	FGFR3	FGF4	FGFR3	incoming	TNK	0.0	0.0	1.0	1.0	False	False	0.0	other	False	False
GSE291670	GSE291670	FGF4_FGFR4	FGF	Secreted Signaling	FGF4	FGFR4	FGF4	FGFR4	incoming	TNK	0.0	0.0	1.0	1.0	False	False	0.0	other	False	False
GSE291670	GSE291670	FGF5_FGFR1	FGF	Secreted Signaling	FGF5	FGFR1	FGF5	FGFR1	incoming	TNK	0.0	0.0	1.0	1.0	False	False	0.0	other	False	False
GSE291670	GSE291670	FGF5_FGFR2	FGF	Secreted Signaling	FGF5	FGFR2	FGF5	FGFR2	incoming	TNK	0.0	0.0	1.0	1.0	False	False	0.0	other	False	False
GSE291670	GSE291670	FGF5_FGFR3	FGF	Secreted Signaling	FGF5	FGFR3	FGF5	FGFR3	incoming	TNK	0.0	0.0	1.0	1.0	False	False	0.0	other	False	False
GSE291670	GSE291670	FGF5_FGFR4	FGF	Secreted Signaling	FGF5	FGFR4	FGF5	FGFR4	incoming	TNK	0.0	0.0	1.0	1.0	False	False	0.0	other	False	False
GSE291670	GSE291670	FGF6_FGFR1	FGF	Secreted Signaling	FGF6	FGFR1	FGF6	FGFR1	incoming	TNK	0.0	0.0	1.0	1.0	False	False	0.0	other	False	False
GSE291670	GSE291670	FGF6_FGFR2	FGF	Secreted Signaling	FGF6	FGFR2	FGF6	FGFR2	incoming	TNK	0.0	0.0	1.0	1.0	False	False	0.0	other	False	False
GSE291670	GSE291670	FGF6_FGFR3	FGF	Secreted Signaling	FGF6	FGFR3	FGF6	FGFR3	incoming	TNK	0.0	0.0	1.0	1.0	False	False	0.0	other	False	False
GSE291670	GSE291670	FGF6_FGFR4	FGF	Secreted Signaling	FGF6	FGFR4	FGF6	FGFR4	incoming	TNK	0.0	0.0	1.0	1.0	False	False	0.0	other	False	False
GSE291670	GSE291670	FGF7_FGFR1	FGF	Secreted Signaling	FGF7	FGFR1	FGF7	FGFR1	incoming	TNK	0.0	0.0	1.0	1.0	False	False	0.0	other	False	False
GSE291670	GSE291670	FGF7_FGFR2	FGF	Secreted Signaling	FGF7	FGFR2	FGF7	FGFR2	incoming	TNK	0.0	0.0	1.0	1.0	False	False	0.0	other	False	False
GSE291670	GSE291670	FGF3_FGFR1	FGF	Secreted Signaling	FGF3	FGFR1	FGF3	FGFR1	incoming	TNK	0.0	0.0	1.0	1.0	False	False	0.0	other	False	False
GSE291670	GSE291670	FGF3_FGFR2	FGF	Secreted Signaling	FGF3	FGFR2	FGF3	FGFR2	incoming	TNK	0.0	0.0	1.0	1.0	False	False	0.0	other	False	False
GSE291670	GSE291670	FGF10_FGFR1	FGF	Secreted Signaling	FGF10	FGFR1	FGF10	FGFR1	incoming	TNK	0.0	0.0	1.0	1.0	False	False	0.0	other	False	False
GSE291670	GSE291670	FGF10_FGFR2	FGF	Secreted Signaling	FGF10	FGFR2	FGF10	FGFR2	incoming	TNK	0.0	0.0	1.0	1.0	False	False	0.0	other	False	False
GSE291670	GSE291670	FGF22_FGFR2	FGF	Secreted Signaling	FGF22	FGFR2	FGF22	FGFR2	incoming	TNK	0.0	0.0	1.0	1.0	False	False	0.0	other	False	False
GSE291670	GSE291670	FGF8_FGFR1	FGF	Secreted Signaling	FGF8	FGFR1	FGF8	FGFR1	incoming	TNK	0.0	0.0	1.0	1.0	False	False	0.0	other	False	False
GSE291670	GSE291670	FGF8_FGFR2	FGF	Secreted Signaling	FGF8	FGFR2	FGF8	FGFR2	incoming	TNK	0.0	0.0	1.0	1.0	False	False	0.0	other	False	False
GSE291670	GSE291670	FGF8_FGFR3	FGF	Secreted Signaling	FGF8	FGFR3	FGF8	FGFR3	incoming	TNK	0.0	0.0	1.0	1.0	False	False	0.0	other	False	False
GSE291670	GSE291670	FGF8_FGFR4	FGF	Secreted Signaling	FGF8	FGFR4	FGF8	FGFR4	incoming	TNK	0.0	0.0	1.0	1.0	False	False	0.0	other	False	False
GSE291670	GSE291670	FGF17_FGFR1	FGF	Secreted Signaling	FGF17	FGFR1	FGF17	FGFR1	incoming	TNK	0.0	0.0	1.0	1.0	False	False	0.0	other	False	False
GSE291670	GSE291670	FGF17_FGFR2	FGF	Secreted Signaling	FGF17	FGFR2	FGF17	FGFR2	incoming	TNK	0.0	0.0	1.0	1.0	False	False	0.0	other	False	False
GSE291670	GSE291670	FGF17_FGFR3	FGF	Secreted Signaling	FGF17	FGFR3	FGF17	FGFR3	incoming	TNK	0.0	0.0	1.0	1.0	False	False	0.0	other	False	False
GSE291670	GSE291670	FGF17_FGFR4	FGF	Secreted Signaling	FGF17	FGFR4	FGF17	FGFR4	incoming	TNK	0.0	0.0	1.0	1.0	False	False	0.0	other	False	False
GSE291670	GSE291670	FGF18_FGFR1	FGF	Secreted Signaling	FGF18	FGFR1	FGF18	FGFR1	incoming	TNK	0.0	0.0	1.0	1.0	False	False	0.0	other	False	False
GSE291670	GSE291670	FGF18_FGFR2	FGF	Secreted Signaling	FGF18	FGFR2	FGF18	FGFR2	incoming	TNK	0.0	0.0	1.0	1.0	False	False	0.0	other	False	False
GSE291670	GSE291670	FGF18_FGFR3	FGF	Secreted Signaling	FGF18	FGFR3	FGF18	FGFR3	incoming	TNK	0.0	0.0	1.0	1.0	False	False	0.0	other	False	False
GSE291670	GSE291670	FGF18_FGFR4	FGF	Secreted Signaling	FGF18	FGFR4	FGF18	FGFR4	incoming	TNK	0.0	0.0	1.0	1.0	False	False	0.0	other	False	False
GSE291670	GSE291670	FGF9_FGFR1	FGF	Secreted Signaling	FGF9	FGFR1	FGF9	FGFR1	incoming	TNK	0.0	0.0	1.0	1.0	False	False	0.0	other	False	False
GSE291670	GSE291670	FGF9_FGFR2	FGF	Secreted Signaling	FGF9	FGFR2	FGF9	FGFR2	incoming	TNK	0.0	0.0	1.0	1.0	False	False	0.0	other	False	False
GSE291670	GSE291670	FGF9_FGFR3	FGF	Secreted Signaling	FGF9	FGFR3	FGF9	FGFR3	incoming	TNK	0.0	0.0	1.0	1.0	False	False	0.0	other	False	False
GSE291670	GSE291670	FGF9_FGFR4	FGF	Secreted Signaling	FGF9	FGFR4	FGF9	FGFR4	incoming	TNK	0.0	0.0	1.0	1.0	False	False	0.0	other	False	False
GSE291670	GSE291670	FGF20_FGFR1	FGF	Secreted Signaling	FGF20	FGFR1	FGF20	FGFR1	incoming	TNK	0.0	0.0	1.0	1.0	False	False	0.0	other	False	False
GSE291670	GSE291670	FGF20_FGFR2	FGF	Secreted Signaling	FGF20	FGFR2	FGF20	FGFR2	incoming	TNK	0.0	0.0	1.0	1.0	False	False	0.0	other	False	False
GSE291670	GSE291670	FGF20_FGFR3	FGF	Secreted Signaling	FGF20	FGFR3	FGF20	FGFR3	incoming	TNK	0.0	0.0	1.0	1.0	False	False	0.0	other	False	False
GSE291670	GSE291670	FGF20_FGFR4	FGF	Secreted Signaling	FGF20	FGFR4	FGF20	FGFR4	incoming	TNK	0.0	0.0	1.0	1.0	False	False	0.0	other	False	False
GSE291670	GSE291670	FGF16_FGFR1	FGF	Secreted Signaling	FGF16	FGFR1	FGF16	FGFR1	incoming	TNK	0.0	0.0	1.0	1.0	False	False	0.0	other	False	False
GSE291670	GSE291670	FGF16_FGFR2	FGF	Secreted Signaling	FGF16	FGFR2	FGF16	FGFR2	incoming	TNK	0.0	0.0	1.0	1.0	False	False	0.0	other	False	False
GSE291670	GSE291670	FGF16_FGFR3	FGF	Secreted Signaling	FGF16	FGFR3	FGF16	FGFR3	incoming	TNK	0.0	0.0	1.0	1.0	False	False	0.0	other	False	False
GSE291670	GSE291670	FGF16_FGFR4	FGF	Secreted Signaling	FGF16	FGFR4	FGF16	FGFR4	incoming	TNK	0.0	0.0	1.0	1.0	False	False	0.0	other	False	False
GSE291670	GSE291670	FGF15_FGFR1	FGF	Secreted Signaling	FGF19	FGFR1	FGF19	FGFR1	incoming	TNK	0.0	0.0	1.0	1.0	False	False	0.0	other	False	False
GSE291670	GSE291670	FGF15_FGFR2	FGF	Secreted Signaling	FGF19	FGFR2	FGF19	FGFR2	incoming	TNK	0.0	0.0	1.0	1.0	False	False	0.0	other	False	False
GSE291670	GSE291670	FGF15_FGFR3	FGF	Secreted Signaling	FGF19	FGFR3	FGF19	FGFR3	incoming	TNK	0.0	0.0	1.0	1.0	False	False	0.0	other	False	False
GSE291670	GSE291670	FGF15_FGFR4	FGF	Secreted Signaling	FGF19	FGFR4	FGF19	FGFR4	incoming	TNK	0.0	0.0	1.0	1.0	False	False	0.0	other	False	False
GSE291670	GSE291670	FGF21_FGFR1	FGF	Secreted Signaling	FGF21	FGFR1	FGF21	FGFR1	incoming	TNK	0.0	0.0	1.0	1.0	False	False	0.0	other	False	False
GSE291670	GSE291670	FGF21_FGFR3	FGF	Secreted Signaling	FGF21	FGFR3	FGF21	FGFR3	incoming	TNK	0.0	0.0	1.0	1.0	False	False	0.0	other	False	False
GSE291670	GSE291670	FGF23_FGFR1	FGF	Secreted Signaling	FGF23	FGFR1	FGF23	FGFR1	incoming	TNK	0.0	0.0	1.0	1.0	False	False	0.0	other	False	False
GSE291670	GSE291670	FGF23_FGFR3	FGF	Secreted Signaling	FGF23	FGFR3	FGF23	FGFR3	incoming	TNK	0.0	0.0	1.0	1.0	False	False	0.0	other	False	False
GSE291670	GSE291670	FGF23_FGFR4	FGF	Secreted Signaling	FGF23	FGFR4	FGF23	FGFR4	incoming	TNK	0.0	0.0	1.0	1.0	False	False	0.0	other	False	False
GSE291670	GSE291670	PDGFA_PDGFRA	PDGF	Secreted Signaling	PDGFA	PDGFRA	PDGFA	PDGFRA	incoming	TNK	0.0	0.0	1.0	1.0	False	False	0.0	other	False	False
GSE291670	GSE291670	PDGFA_PDGFRB	PDGF	Secreted Signaling	PDGFA	PDGFRB	PDGFA	PDGFRB	incoming	TNK	0.0	0.0	1.0	1.0	False	False	0.0	other	False	False
GSE291670	GSE291670	PDGFB_PDGFRA	PDGF	Secreted Signaling	PDGFB	PDGFRA	PDGFB	PDGFRA	incoming	TNK	0.0	0.0	1.0	1.0	False	False	0.0	other	False	False
GSE291670	GSE291670	PDGFB_PDGFRB	PDGF	Secreted Signaling	PDGFB	PDGFRB	PDGFB	PDGFRB	incoming	TNK	0.0	0.0	1.0	1.0	False	False	0.0	other	False	False
GSE291670	GSE291670	PDGFC_PDGFRA	PDGF	Secreted Signaling	PDGFC	PDGFRA	PDGFC	PDGFRA	incoming	TNK	0.0	0.0	1.0	1.0	False	False	0.0	other	False	False
GSE291670	GSE291670	PDGFD_PDGFRB	PDGF	Secreted Signaling	PDGFD	PDGFRB	PDGFD	PDGFRB	incoming	TNK	0.0	0.0	1.0	1.0	False	False	0.0	other	False	False
GSE291670	GSE291670	VEGFA_VEGFR1	VEGF	Secreted Signaling	VEGFA	FLT1	VEGFA	FLT1	incoming	TNK	0.0	0.0	1.0	1.0	False	False	0.0	other	False	False
GSE291670	GSE291670	VEGFA_VEGFR2	VEGF	Secreted Signaling	VEGFA	KDR	VEGFA	KDR	incoming	TNK	0.0	0.0	1.0	1.0	False	False	0.0	other	False	False
GSE291670	GSE291670	VEGFB_VEGFR1	VEGF	Secreted Signaling	VEGFB	FLT1	VEGFB	FLT1	incoming	TNK	0.0	0.0	1.0	1.0	False	False	0.0	other	False	False
GSE291670	GSE291670	VEGFC_VEGFR3	VEGF	Secreted Signaling	VEGFC	FLT4	VEGFC	FLT4	incoming	TNK	0.0	0.0	1.0	1.0	False	False	0.0	other	False	False
GSE291670	GSE291670	VEGFC_VEGFR2	VEGF	Secreted Signaling	VEGFC	KDR	VEGFC	KDR	incoming	TNK	0.0	0.0	1.0	1.0	False	False	0.0	other	False	False
GSE291670	GSE291670	VEGFD_VEGFR3	VEGF	Secreted Signaling	VEGFD	FLT4	VEGFD	FLT4	incoming	TNK	0.0	0.0	1.0	1.0	False	False	0.0	other	False	False
GSE291670	GSE291670	VEGFD_VEGFR2	VEGF	Secreted Signaling	VEGFD	KDR	VEGFD	KDR	incoming	TNK	0.0	0.0	1.0	1.0	False	False	0.0	other	False	False
GSE291670	GSE291670	PGF_VEGFR1	VEGF	Secreted Signaling	PGF	FLT1	PGF	FLT1	incoming	TNK	0.0	0.0	1.0	1.0	False	False	0.0	other	False	False
GSE291670	GSE291670	IGF1_IGF1R	IGF	Secreted Signaling	IGF1	IGF1R	IGF1	IGF1R	incoming	TNK	0.0	0.0	1.0	1.0	False	False	0.0	other	False	False
GSE291670	GSE291670	IGF2_IGF1R	IGF	Secreted Signaling	IGF2	IGF1R	IGF2	IGF1R	incoming	TNK	0.0	0.0	1.0	1.0	False	False	0.0	other	False	False
GSE291670	GSE291670	IGF2_IGF2R	IGF	Secreted Signaling	IGF2	IGF2R	IGF2	IGF2R	incoming	TNK	0.0	0.0	1.0	1.0	False	False	0.0	other	False	False
GSE291670	GSE291670	IGFL3_IGFLR1	IGF	Secreted Signaling	IGFL3	IGFLR1	IGFL3	IGFLR1	incoming	TNK	0.0	0.0	1.0	1.0	False	False	0.0	other	False	False
GSE291670	GSE291670	INS_INSSR	INSULIN	Secreted Signaling	INS	INSR	INS	INSR	incoming	TNK	0.0	0.0	1.0	1.0	False	False	0.0	other	False	False
GSE291670	GSE291670	APLN_APLNR	APELIN	Secreted Signaling	APLN	APLNR	APLN	APLNR	incoming	TNK	0.0	0.0	1.0	1.0	False	False	0.0	other	False	False
GSE291670	GSE291670	CCL5_CCR1	CCL	Secreted Signaling	CCL5	CCR1	CCL5	CCR1	incoming	TNK	0.0	0.0	1.0	1.0	False	False	0.0	recruit	False	False
GSE291670	GSE291670	CCL3_CCR1	CCL	Secreted Signaling	CCL3	CCR1	CCL3	CCR1	incoming	TNK	0.0	0.0	1.0	1.0	False	False	0.0	recruit	False	False
GSE291670	GSE291670	CCL3L1_CCR1	CCL	Secreted Signaling	CCL3L1	CCR1	CCL3L1	CCR1	incoming	TNK	0.0	0.0	1.0	1.0	False	False	0.0	other	False	False
GSE291670	GSE291670	CCL3L3_CCR1	CCL	Secreted Signaling	CCL3L3	CCR1	CCL3L3	CCR1	incoming	TNK	0.0	0.0	1.0	1.0	False	False	0.0	other	False	False
GSE291670	GSE291670	CCL8_CCR1	CCL	Secreted Signaling	CCL8	CCR1	CCL8	CCR1	incoming	TNK	0.0	0.0	1.0	1.0	False	False	0.0	other	False	False
GSE291670	GSE291670	CCL7_CCR1	CCL	Secreted Signaling	CCL7	CCR1	CCL7	CCR1	incoming	TNK	0.0	0.0	1.0	1.0	False	False	0.0	other	False	False
GSE291670	GSE291670	CCL13_CCR1	CCL	Secreted Signaling	CCL13	CCR1	CCL13	CCR1	incoming	TNK	0.0	0.0	1.0	1.0	False	False	0.0	other	False	False
GSE291670	GSE291670	CCL14_CCR1	CCL	Secreted Signaling	CCL14	CCR1	CCL14	CCR1	incoming	TNK	0.0	0.0	1.0	1.0	False	False	0.0	other	False	False
GSE291670	GSE291670	CCL15_CCR1	CCL	Secreted Signaling	CCL15	CCR1	CCL15	CCR1	incoming	TNK	0.0	0.0	1.0	1.0	False	False	0.0	other	False	False
GSE291670	GSE291670	CCL16_CCR1	CCL	Secreted Signaling	CCL16	CCR1	CCL16	CCR1	incoming	TNK	0.0	0.0	1.0	1.0	False	False	0.0	other	False	False
GSE291670	GSE291670	CCL23_CCR1	CCL	Secreted Signaling	CCL23	CCR1	CCL23	CCR1	incoming	TNK	0.0	0.0	1.0	1.0	False	False	0.0	other	False	False
GSE291670	GSE291670	CCL8_CCR2	CCL	Secreted Signaling	CCL8	CCR2	CCL8	CCR2	incoming	TNK	0.0	0.0	1.0	1.0	False	False	0.0	other	False	False
GSE291670	GSE291670	CCL7_CCR2	CCL	Secreted Signaling	CCL7	CCR2	CCL7	CCR2	incoming	TNK	0.0	0.0	1.0	1.0	False	False	0.0	other	False	False
GSE291670	GSE291670	CCL2_CCR2	CCL	Secreted Signaling	CCL2	CCR2	CCL2	CCR2	incoming	TNK	0.0	0.0	1.0	1.0	False	False	0.0	other	False	False
GSE291670	GSE291670	CCL27_CCR2	CCL	Secreted Signaling	CCL27	CCR2	CCL27	CCR2	incoming	TNK	0.0	0.0	1.0	1.0	False	False	0.0	other	False	False
GSE291670	GSE291670	CCL5_CCR3	CCL	Secreted Signaling	CCL5	CCR3	CCL5	CCR3	incoming	TNK	0.0	0.0	1.0	1.0	False	False	0.0	recruit	False	False
GSE291670	GSE291670	CCL7_CCR3	CCL	Secreted Signaling	CCL7	CCR3	CCL7	CCR3	incoming	TNK	0.0	0.0	1.0	1.0	False	False	0.0	other	False	False
GSE291670	GSE291670	CCL11_CCR3	CCL	Secreted Signaling	CCL11	CCR3	CCL11	CCR3	incoming	TNK	0.0	0.0	1.0	1.0	False	False	0.0	other	False	False
GSE291670	GSE291670	CCL24_CCR3	CCL	Secreted Signaling	CCL24	CCR3	CCL24	CCR3	incoming	TNK	0.0	0.0	1.0	1.0	False	False	0.0	other	False	False
GSE291670	GSE291670	CCL26_CCR3	CCL	Secreted Signaling	CCL26	CCR3	CCL26	CCR3	incoming	TNK	0.0	0.0	1.0	1.0	False	False	0.0	other	False	False
GSE291670	GSE291670	CCL28_CCR3	CCL	Secreted Signaling	CCL28	CCR3	CCL28	CCR3	incoming	TNK	0.0	0.0	1.0	1.0	False	False	0.0	other	False	False
GSE291670	GSE291670	CCL27_CCR3	CCL	Secreted Signaling	CCL27	CCR3	CCL27	CCR3	incoming	TNK	0.0	0.0	1.0	1.0	False	False	0.0	other	False	False
GSE291670	GSE291670	CCL17_CCR4	CCL	Secreted Signaling	CCL17	CCR4	CCL17	CCR4	incoming	TNK	0.0	0.0	1.0	1.0	False	False	0.0	other	False	False
GSE291670	GSE291670	CCL22_CCR4	CCL	Secreted Signaling	CCL22	CCR4	CCL22	CCR4	incoming	TNK	0.0	0.0	1.0	1.0	False	False	0.0	other	False	False
GSE291670	GSE291670	CCL5_CCR4	CCL	Secreted Signaling	CCL5	CCR4	CCL5	CCR4	incoming	TNK	0.0	0.0	1.0	1.0	False	False	0.0	recruit	False	False
GSE291670	GSE291670	CCL4_CCR5	CCL	Secreted Signaling	CCL4	CCR5	CCL4	CCR5	incoming	TNK	0.0	0.0	1.0	1.0	False	False	0.0	recruit	False	False
GSE291670	GSE291670	CCL5_CCR5	CCL	Secreted Signaling	CCL5	CCR5	CCL5	CCR5	incoming	TNK	0.0	0.0	1.0	1.0	False	False	0.0	recruit	False	False
GSE291670	GSE291670	CCL3_CCR5	CCL	Secreted Signaling	CCL3	CCR5	CCL3	CCR5	incoming	TNK	0.0	0.0	1.0	1.0	False	False	0.0	recruit	False	False
GSE291670	GSE291670	CCL20_CCR6	CCL	Secreted Signaling	CCL20	CCR6	CCL20	CCR6	incoming	TNK	0.0	0.0	1.0	1.0	False	False	0.0	other	False	False
GSE291670	GSE291670	CCL19_CCR7	CCL	Secreted Signaling	CCL19	CCR7	CCL19	CCR7	incoming	TNK	0.0	0.0	1.0	1.0	False	False	0.0	other	False	False
GSE291670	GSE291670	CCL21_CCR7	CCL	Secreted Signaling	CCL21	CCR7	CCL21	CCR7	incoming	TNK	0.0	0.0	1.0	1.0	False	False	0.0	other	False	False
GSE291670	GSE291670	CCL19_ACKR4	CCL	Secreted Signaling	CCL19	ACKR4	CCL19	ACKR4	incoming	TNK	0.0	0.0	1.0	1.0	False	False	0.0	other	False	False
GSE291670	GSE291670	CCL21_ACKR4	CCL	Secreted Signaling	CCL21	ACKR4	CCL21	ACKR4	incoming	TNK	0.0	0.0	1.0	1.0	False	False	0.0	other	False	False
GSE291670	GSE291670	CCL1_CCR8	CCL	Secreted Signaling	CCL1	CCR8	CCL1	CCR8	incoming	TNK	0.0	0.0	1.0	1.0	False	False	0.0	other	False	False
GSE291670	GSE291670	CCL25_CCR9	CCL	Secreted Signaling	CCL25	CCR9	CCL25	CCR9	incoming	TNK	0.0	0.0	1.0	1.0	False	False	0.0	other	False	False
GSE291670	GSE291670	CCL25_ACKR4	CCL	Secreted Signaling	CCL25	ACKR4	CCL25	ACKR4	incoming	TNK	0.0	0.0	1.0	1.0	False	False	0.0	other	False	False
GSE291670	GSE291670	CCL28_CCR10	CCL	Secreted Signaling	CCL28	CCR10	CCL28	CCR10	incoming	TNK	0.0	0.0	1.0	1.0	False	False	0.0	other	False	False
GSE291670	GSE291670	CCL27_CCR10	CCL	Secreted Signaling	CCL27	CCR10	CCL27	CCR10	incoming	TNK	0.0	0.0	1.0	1.0	False	False	0.0	other	False	False
GSE291670	GSE291670	CCL1_ACKR4	CCL	Secreted Signaling	CCL1	ACKR4	CCL1	ACKR4	incoming	TNK	0.0	0.0	1.0	1.0	False	False	0.0	other	False	False
GSE291670	GSE291670	CCL13_ACKR4	CCL	Secreted Signaling	CCL13	ACKR4	CCL13	ACKR4	incoming	TNK	0.0	0.0	1.0	1.0	False	False	0.0	other	False	False
GSE291670	GSE291670	CCL8_ACKR4	CCL	Secreted Signaling	CCL8	ACKR4	CCL8	ACKR4	incoming	TNK	0.0	0.0	1.0	1.0	False	False	0.0	other	False	False
GSE291670	GSE291670	CCL1_ACKR1	CCL	Secreted Signaling	CCL1	ACKR1	CCL1	ACKR1	incoming	TNK	0.0	0.0	1.0	1.0	False	False	0.0	other	False	False
GSE291670	GSE291670	CCL2_ACKR1	CCL	Secreted Signaling	CCL2	ACKR1	CCL2	ACKR1	incoming	TNK	0.0	0.0	1.0	1.0	False	False	0.0	other	False	False
GSE291670	GSE291670	CCL5_ACKR1	CCL	Secreted Signaling	CCL5	ACKR1	CCL5	ACKR1	incoming	TNK	0.0	0.0	1.0	1.0	False	False	0.0	recruit	False	False
GSE291670	GSE291670	CCL8_ACKR1	CCL	Secreted Signaling	CCL8	ACKR1	CCL8	ACKR1	incoming	TNK	0.0	0.0	1.0	1.0	False	False	0.0	other	False	False
GSE291670	GSE291670	CCL13_ACKR1	CCL	Secreted Signaling	CCL13	ACKR1	CCL13	ACKR1	incoming	TNK	0.0	0.0	1.0	1.0	False	False	0.0	other	False	False
GSE291670	GSE291670	CCL14_ACKR1	CCL	Secreted Signaling	CCL14	ACKR1	CCL14	ACKR1	incoming	TNK	0.0	0.0	1.0	1.0	False	False	0.0	other	False	False
GSE291670	GSE291670	CCL16_ACKR1	CCL	Secreted Signaling	CCL16	ACKR1	CCL16	ACKR1	incoming	TNK	0.0	0.0	1.0	1.0	False	False	0.0	other	False	False
GSE291670	GSE291670	CCL18_ACKR1	CCL	Secreted Signaling	CCL18	ACKR1	CCL18	ACKR1	incoming	TNK	0.0	0.0	1.0	1.0	False	False	0.0	other	False	False
GSE291670	GSE291670	CXCL1_ACKR1	CXCL	Secreted Signaling	CXCL1	ACKR1	CXCL1	ACKR1	incoming	TNK	0.0	0.0	1.0	1.0	False	False	0.0	other	False	False
GSE291670	GSE291670	CXCL2_ACKR1	CXCL	Secreted Signaling	CXCL2	ACKR1	CXCL2	ACKR1	incoming	TNK	0.0	0.0	1.0	1.0	False	False	0.0	other	False	False
GSE291670	GSE291670	CXCL3_ACKR1	CXCL	Secreted Signaling	CXCL3	ACKR1	CXCL3	ACKR1	incoming	TNK	0.0	0.0	1.0	1.0	False	False	0.0	other	False	False
GSE291670	GSE291670	CXCL5_ACKR1	CXCL	Secreted Signaling	CXCL5	ACKR1	CXCL5	ACKR1	incoming	TNK	0.0	0.0	1.0	1.0	False	False	0.0	other	False	False
GSE291670	GSE291670	CXCL6_ACKR1	CXCL	Secreted Signaling	CXCL6	ACKR1	CXCL6	ACKR1	incoming	TNK	0.0	0.0	1.0	1.0	False	False	0.0	other	False	False
GSE291670	GSE291670	CXCL8_ACKR1	CXCL	Secreted Signaling	CXCL8	ACKR1	CXCL8	ACKR1	incoming	TNK	0.0	0.0	1.0	1.0	False	False	0.0	other	False	False
GSE291670	GSE291670	CXCL9_ACKR1	CXCL	Secreted Signaling	CXCL9	ACKR1	CXCL9	ACKR1	incoming	TNK	0.0	0.0	1.0	1.0	False	False	0.0	recruit	False	False
GSE291670	GSE291670	CXCL10_ACKR1	CXCL	Secreted Signaling	CXCL10	ACKR1	CXCL10	ACKR1	incoming	TNK	0.0	0.0	1.0	1.0	False	False	0.0	recruit	False	False
GSE291670	GSE291670	CXCL11_ACKR1	CXCL	Secreted Signaling	CXCL11	ACKR1	CXCL11	ACKR1	incoming	TNK	0.0	0.0	1.0	1.0	False	False	0.0	recruit	False	False
GSE291670	GSE291670	CXCL13_ACKR1	CXCL	Secreted Signaling	CXCL13	ACKR1	CXCL13	ACKR1	incoming	TNK	0.0	0.0	1.0	1.0	False	False	0.0	other	False	False
GSE291670	GSE291670	CCL2_ACKR2	CCL	Secreted Signaling	CCL2	ACKR2	CCL2	ACKR2	incoming	TNK	0.0	0.0	1.0	1.0	False	False	0.0	other	False	False
GSE291670	GSE291670	CCL3_ACKR2	CCL	Secreted Signaling	CCL3	ACKR2	CCL3	ACKR2	incoming	TNK	0.0	0.0	1.0	1.0	False	False	0.0	recruit	False	False
GSE291670	GSE291670	CCL3L1_ACKR2	CCL	Secreted Signaling	CCL3L1	ACKR2	CCL3L1	ACKR2	incoming	TNK	0.0	0.0	1.0	1.0	False	False	0.0	other	False	False
GSE291670	GSE291670	CCL4_ACKR2	CCL	Secreted Signaling	CCL4	ACKR2	CCL4	ACKR2	incoming	TNK	0.0	0.0	1.0	1.0	False	False	0.0	recruit	False	False
GSE291670	GSE291670	CCL5_ACKR2	CCL	Secreted Signaling	CCL5	ACKR2	CCL5	ACKR2	incoming	TNK	0.0	0.0	1.0	1.0	False	False	0.0	recruit	False	False
GSE291670	GSE291670	CCL7_ACKR2	CCL	Secreted Signaling	CCL7	ACKR2	CCL7	ACKR2	incoming	TNK	0.0	0.0	1.0	1.0	False	False	0.0	other	False	False
GSE291670	GSE291670	CCL8_ACKR2	CCL	Secreted Signaling	CCL8	ACKR2	CCL8	ACKR2	incoming	TNK	0.0	0.0	1.0	1.0	False	False	0.0	other	False	False
GSE291670	GSE291670	CCL7_ACKR1	CCL	Secreted Signaling	CCL7	ACKR1	CCL7	ACKR1	incoming	TNK	0.0	0.0	1.0	1.0	False	False	0.0	other	False	False
GSE291670	GSE291670	CCL11_ACKR1	CCL	Secreted Signaling	CCL11	ACKR1	CCL11	ACKR1	incoming	TNK	0.0	0.0	1.0	1.0	False	False	0.0	other	False	False
GSE291670	GSE291670	CCL11_ACKR2	CCL	Secreted Signaling	CCL11	ACKR2	CCL11	ACKR2	incoming	TNK	0.0	0.0	1.0	1.0	False	False	0.0	other	False	False
GSE291670	GSE291670	CCL13_ACKR2	CCL	Secreted Signaling	CCL13	ACKR2	CCL13	ACKR2	incoming	TNK	0.0	0.0	1.0	1.0	False	False	0.0	other	False	False
GSE291670	GSE291670	CCL22_ACKR2	CCL	Secreted Signaling	CCL22	ACKR2	CCL22	ACKR2	incoming	TNK	0.0	0.0	1.0	1.0	False	False	0.0	other	False	False
GSE291670	GSE291670	CCL24_ACKR2	CCL	Secreted Signaling	CCL24	ACKR2	CCL24	ACKR2	incoming	TNK	0.0	0.0	1.0	1.0	False	False	0.0	other	False	False
GSE291670	GSE291670	CCL26_ACKR2	CCL	Secreted Signaling	CCL26	ACKR2	CCL26	ACKR2	incoming	TNK	0.0	0.0	1.0	1.0	False	False	0.0	other	False	False
GSE291670	GSE291670	CCL17_ACKR1	CCL	Secreted Signaling	CCL17	ACKR1	CCL17	ACKR1	incoming	TNK	0.0	0.0	1.0	1.0	False	False	0.0	other	False	False
GSE291670	GSE291670	CCL14_ACKR2	CCL	Secreted Signaling	CCL14	ACKR2	CCL14	ACKR2	incoming	TNK	0.0	0.0	1.0	1.0	False	False	0.0	other	False	False
GSE291670	GSE291670	CCL17_ACKR2	CCL	Secreted Signaling	CCL17	ACKR2	CCL17	ACKR2	incoming	TNK	0.0	0.0	1.0	1.0	False	False	0.0	other	False	False
GSE291670	GSE291670	CXCL1_CXCR1	CXCL	Secreted Signaling	CXCL1	CXCR1	CXCL1	CXCR1	incoming	TNK	0.0	0.0	1.0	1.0	False	False	0.0	other	False	False
GSE291670	GSE291670	CXCL2_CXCR1	CXCL	Secreted Signaling	CXCL2	CXCR1	CXCL2	CXCR1	incoming	TNK	0.0	0.0	1.0	1.0	False	False	0.0	other	False	False
GSE291670	GSE291670	CXCL3_CXCR1	CXCL	Secreted Signaling	CXCL3	CXCR1	CXCL3	CXCR1	incoming	TNK	0.0	0.0	1.0	1.0	False	False	0.0	other	False	False
GSE291670	GSE291670	CXCL5_CXCR1	CXCL	Secreted Signaling	CXCL5	CXCR1	CXCL5	CXCR1	incoming	TNK	0.0	0.0	1.0	1.0	False	False	0.0	other	False	False
GSE291670	GSE291670	CXCL6_CXCR1	CXCL	Secreted Signaling	CXCL6	CXCR1	CXCL6	CXCR1	incoming	TNK	0.0	0.0	1.0	1.0	False	False	0.0	other	False	False
GSE291670	GSE291670	CXCL8_CXCR1	CXCL	Secreted Signaling	CXCL8	CXCR1	CXCL8	CXCR1	incoming	TNK	0.0	0.0	1.0	1.0	False	False	0.0	other	False	False
GSE291670	GSE291670	CXCL1_CXCR2	CXCL	Secreted Signaling	CXCL1	CXCR2	CXCL1	CXCR2	incoming	TNK	0.0	0.0	1.0	1.0	False	False	0.0	other	False	False
GSE291670	GSE291670	CXCL2_CXCR2	CXCL	Secreted Signaling	CXCL2	CXCR2	CXCL2	CXCR2	incoming	TNK	0.0	0.0	1.0	1.0	False	False	0.0	other	False	False
GSE291670	GSE291670	CXCL3_CXCR2	CXCL	Secreted Signaling	CXCL3	CXCR2	CXCL3	CXCR2	incoming	TNK	0.0	0.0	1.0	1.0	False	False	0.0	other	False	False
GSE291670	GSE291670	CXCL5_CXCR2	CXCL	Secreted Signaling	CXCL5	CXCR2	CXCL5	CXCR2	incoming	TNK	0.0	0.0	1.0	1.0	False	False	0.0	other	False	False
GSE291670	GSE291670	CXCL6_CXCR2	CXCL	Secreted Signaling	CXCL6	CXCR2	CXCL6	CXCR2	incoming	TNK	0.0	0.0	1.0	1.0	False	False	0.0	other	False	False
GSE291670	GSE291670	CXCL8_CXCR2	CXCL	Secreted Signaling	CXCL8	CXCR2	CXCL8	CXCR2	incoming	TNK	0.0	0.0	1.0	1.0	False	False	0.0	other	False	False
GSE291670	GSE291670	PPBP_CXCR2	CXCL	Secreted Signaling	PPBP	CXCR2	PPBP	CXCR2	incoming	TNK	0.0	0.0	1.0	1.0	False	False	0.0	other	False	False
GSE291670	GSE291670	PF4V1_CXCR3	CXCL	Secreted Signaling	PF4V1	CXCR3	PF4V1	CXCR3	incoming	TNK	0.0	0.0	1.0	1.0	False	False	0.0	other	False	False
GSE291670	GSE291670	CXCL9_CXCR3	CXCL	Secreted Signaling	CXCL9	CXCR3	CXCL9	CXCR3	incoming	TNK	0.0	0.0	1.0	1.0	False	False	0.0	recruit	False	False
GSE291670	GSE291670	CXCL10_CXCR3	CXCL	Secreted Signaling	CXCL10	CXCR3	CXCL10	CXCR3	incoming	TNK	0.0	0.0	1.0	1.0	False	False	0.0	recruit	False	False
GSE291670	GSE291670	CXCL11_CXCR3	CXCL	Secreted Signaling	CXCL11	CXCR3	CXCL11	CXCR3	incoming	TNK	0.0	0.0	1.0	1.0	False	False	0.0	recruit	False	False
GSE291670	GSE291670	CXCL13_CXCR3	CXCL	Secreted Signaling	CXCL13	CXCR3	CXCL13	CXCR3	incoming	TNK	0.0	0.0	1.0	1.0	False	False	0.0	other	False	False
GSE291670	GSE291670	PF4_CXCR3	CXCL	Secreted Signaling	PF4	CXCR3	PF4	CXCR3	incoming	TNK	0.0	0.0	1.0	1.0	False	False	0.0	other	False	False
GSE291670	GSE291670	CXCL12_CXCR4	CXCL	Secreted Signaling	CXCL12	CXCR4	CXCL12	CXCR4	incoming	TNK	0.0	0.0	1.0	1.0	False	False	0.0	other	False	False
GSE291670	GSE291670	CXCL11_ACKR3	CXCL	Secreted Signaling	CXCL11	ACKR3	CXCL11	ACKR3	incoming	TNK	0.0	0.0	1.0	1.0	False	False	0.0	recruit	False	False
GSE291670	GSE291670	CXCL12_ACKR3	CXCL	Secreted Signaling	CXCL12	ACKR3	CXCL12	ACKR3	incoming	TNK	0.0	0.0	1.0	1.0	False	False	0.0	other	False	False
GSE291670	GSE291670	CXCL13_CXCR5	CXCL	Secreted Signaling	CXCL13	CXCR5	CXCL13	CXCR5	incoming	TNK	0.0	0.0	1.0	1.0	False	False	0.0	other	False	False
GSE291670	GSE291670	CXCL16_CXCR6	CXCL	Secreted Signaling	CXCL16	CXCR6	CXCL16	CXCR6	incoming	TNK	0.0	0.0	1.0	1.0	False	False	0.0	recruit	False	False
GSE291670	GSE291670	MIF_ACKR3	MIF	Secreted Signaling	MIF	ACKR3	MIF	ACKR3	incoming	TNK	0.0	0.0	1.0	1.0	False	False	0.0	other	False	False
GSE291670	GSE291670	CX3CL1_CX3CR1	CX3C	Secreted Signaling	CX3CL1	CX3CR1	CX3CL1	CX3CR1	incoming	TNK	0.0	0.0	1.0	1.0	False	False	0.0	other	False	False
GSE291670	GSE291670	XCL1_XCR1	XCR	Secreted Signaling	XCL1	XCR1	XCL1	XCR1	incoming	TNK	0.0	0.0	1.0	1.0	False	False	0.0	other	False	False
GSE291670	GSE291670	XCL2_XCR1	XCR	Secreted Signaling	XCL2	XCR1	XCL2	XCR1	incoming	TNK	0.0	0.0	1.0	1.0	False	False	0.0	other	False	False
GSE291670	GSE291670	IL4_IL4R	IL4	Secreted Signaling	IL4	IL4R	IL4	IL4R	incoming	TNK	0.0	0.0	1.0	1.0	False	False	0.0	other	False	False
GSE291670	GSE291670	IL13_IL13RA1	IL4	Secreted Signaling	IL13	IL13RA1	IL13	IL13RA1	incoming	TNK	0.0	0.0	1.0	1.0	False	False	0.0	other	False	False
GSE291670	GSE291670	IL13_IL13RA2	IL4	Secreted Signaling	IL13	IL13RA2	IL13	IL13RA2	incoming	TNK	0.0	0.0	1.0	1.0	False	False	0.0	other	False	False
GSE291670	GSE291670	IL1A_IL1R2	IL1	Secreted Signaling	IL1A	IL1R2	IL1A	IL1R2	incoming	TNK	0.0	0.0	1.0	1.0	False	False	0.0	other	False	False
GSE291670	GSE291670	IL1B_IL1R2	IL1	Secreted Signaling	IL1B	IL1R2	IL1B	IL1R2	incoming	TNK	0.0	0.0	1.0	1.0	False	False	0.0	other	False	False
GSE291670	GSE291670	IL17B_IL17RB	IL17	Secreted Signaling	IL17B	IL17RB	IL17B	IL17RB	incoming	TNK	0.0	0.0	1.0	1.0	False	False	0.0	other	False	False
GSE291670	GSE291670	IL34_CSF1R	CSF	Secreted Signaling	IL34	CSF1R	IL34	CSF1R	incoming	TNK	0.0	0.0	1.0	1.0	False	False	0.0	other	False	False
GSE291670	GSE291670	CSF1_CSF1R	CSF	Secreted Signaling	CSF1	CSF1R	CSF1	CSF1R	incoming	TNK	0.0	0.0	1.0	1.0	False	False	0.0	other	False	False
GSE291670	GSE291670	IL16_CD4	IL16	Secreted Signaling	IL16	CD4	IL16	CD4	incoming	TNK	0.0	0.0	1.0	1.0	False	False	0.0	other	False	False
GSE291670	GSE291670	EPO_EPOR	EPO	Secreted Signaling	EPO	EPOR	EPO	EPOR	incoming	TNK	0.0	0.0	1.0	1.0	False	False	0.0	other	False	False
GSE291670	GSE291670	GH1_GHR	GH	Secreted Signaling	GH1	GHR	GH1	GHR	incoming	TNK	0.0	0.0	1.0	1.0	False	False	0.0	other	False	False
GSE291670	GSE291670	PRL_PRLR	PRL	Secreted Signaling	PRL	PRLR	PRL	PRLR	incoming	TNK	0.0	0.0	1.0	1.0	False	False	0.0	other	False	False
GSE291670	GSE291670	THPO_MPL	THPO	Secreted Signaling	THPO	MPL	THPO	MPL	incoming	TNK	0.0	0.0	1.0	1.0	False	False	0.0	other	False	False
GSE291670	GSE291670	CSF3_CSF3R	CSF3	Secreted Signaling	CSF3	CSF3R	CSF3	CSF3R	incoming	TNK	0.0	0.0	1.0	1.0	False	False	0.0	other	False	False
GSE291670	GSE291670	TNF_TNFRSF1A	TNF	Secreted Signaling	TNF	TNFRSF1A	TNF	TNFRSF1A	incoming	TNK	0.0	0.0	1.0	1.0	False	False	0.0	attack	False	False
GSE291670	GSE291670	TNF_TNFRSF1B	TNF	Secreted Signaling	TNF	TNFRSF1B	TNF	TNFRSF1B	incoming	TNK	0.0	0.0	1.0	1.0	False	False	0.0	attack	False	False
GSE291670	GSE291670	LTA_TNFRSF1A	LT	Secreted Signaling	LTA	TNFRSF1A	LTA	TNFRSF1A	incoming	TNK	0.0	0.0	1.0	1.0	False	False	0.0	attack	False	False
GSE291670	GSE291670	LTA_TNFRSF1B	LT	Secreted Signaling	LTA	TNFRSF1B	LTA	TNFRSF1B	incoming	TNK	0.0	0.0	1.0	1.0	False	False	0.0	attack	False	False
GSE291670	GSE291670	LTA_TNFRSF14	LT	Secreted Signaling	LTA	TNFRSF14	LTA	TNFRSF14	incoming	TNK	0.0	0.0	1.0	1.0	False	False	0.0	attack	False	False
GSE291670	GSE291670	TNFSF14_LTBR	LIGHT	Secreted Signaling	TNFSF14	LTBR	TNFSF14	LTBR	incoming	TNK	0.0	0.0	1.0	1.0	False	False	0.0	other	False	False
GSE291670	GSE291670	TNFSF14_TNFRSF14	LIGHT	Secreted Signaling	TNFSF14	TNFRSF14	TNFSF14	TNFRSF14	incoming	TNK	0.0	0.0	1.0	1.0	False	False	0.0	other	False	False
GSE291670	GSE291670	FASL_FAS	FASLG	Secreted Signaling	FASLG	FAS	FASLG	FAS	incoming	TNK	0.0	0.0	1.0	1.0	False	False	0.0	attack	False	False
GSE291670	GSE291670	TNFSF15_TNFRSF25	VEGI	Secreted Signaling	TNFSF15	TNFRSF25	TNFSF15	TNFRSF25	incoming	TNK	0.0	0.0	1.0	1.0	False	False	0.0	other	False	False
GSE291670	GSE291670	TNFSF10_TNFRSF10B	TRAIL	Secreted Signaling	TNFSF10	TNFRSF10A	TNFSF10	TNFRSF10A	incoming	TNK	0.0	0.0	1.0	1.0	False	False	0.0	attack	False	False
GSE291670	GSE291670	EDA_EDAR	EDA	Secreted Signaling	EDA	EDAR	EDA	EDAR	incoming	TNK	0.0	0.0	1.0	1.0	False	False	0.0	other	False	False
GSE291670	GSE291670	EDA_EDA2R	EDA	Secreted Signaling	EDA	EDA2R	EDA	EDA2R	incoming	TNK	0.0	0.0	1.0	1.0	False	False	0.0	other	False	False
GSE291670	GSE291670	NGF_NGFR	NGF	Secreted Signaling	NGF	NGFR	NGF	NGFR	incoming	TNK	0.0	0.0	1.0	1.0	False	False	0.0	other	False	False
GSE291670	GSE291670	KLK3_NGFR	NGF	Secreted Signaling	KLK3	NGFR	KLK3	NGFR	incoming	TNK	0.0	0.0	1.0	1.0	False	False	0.0	other	False	False
GSE291670	GSE291670	TNFSF11_TNFRSF11A	RANKL	Secreted Signaling	TNFSF11	TNFRSF11A	TNFSF11	TNFRSF11A	incoming	TNK	0.0	0.0	1.0	1.0	False	False	0.0	other	False	False
GSE291670	GSE291670	TNFSF11_TNFRSF11B	RANKL	Secreted Signaling	TNFSF11	TNFRSF11B	TNFSF11	TNFRSF11B	incoming	TNK	0.0	0.0	1.0	1.0	False	False	0.0	other	False	False
GSE291670	GSE291670	TNFSF12_TNFRSF12A	TWEAK	Secreted Signaling	TNFSF12	TNFRSF12A	TNFSF12	TNFRSF12A	incoming	TNK	0.0	0.0	1.0	1.0	False	False	0.0	other	False	False
GSE291670	GSE291670	CD70_CD27	CD70	Secreted Signaling	CD70	CD27	CD70	CD27	incoming	TNK	0.0	0.0	1.0	1.0	False	False	0.0	other	False	False
GSE291670	GSE291670	TNFSF8_TNFRSF8	CD30	Secreted Signaling	TNFSF8	TNFRSF8	TNFSF8	TNFRSF8	incoming	TNK	0.0	0.0	1.0	1.0	False	False	0.0	other	False	False
GSE291670	GSE291670	TNFSF9_TNFRSF9	CD137	Secreted Signaling	TNFSF9	TNFRSF9	TNFSF9	TNFRSF9	incoming	TNK	0.0	0.0	1.0	1.0	False	False	0.0	other	False	False
GSE291670	GSE291670	TNFSF4_TNFRSF4	OX40	Secreted Signaling	TNFSF4	TNFRSF4	TNFSF4	TNFRSF4	incoming	TNK	0.0	0.0	1.0	1.0	False	False	0.0	other	False	False
GSE291670	GSE291670	TNFSF18_TNFRSF18	GITRL	Secreted Signaling	TNFSF18	TNFRSF18	TNFSF18	TNFRSF18	incoming	TNK	0.0	0.0	1.0	1.0	False	False	0.0	other	False	False
GSE291670	GSE291670	TNFSF13_TNFRSF17	APRIL	Secreted Signaling	TNFSF13	TNFRSF17	TNFSF13	TNFRSF17	incoming	TNK	0.0	0.0	1.0	1.0	False	False	0.0	other	False	False
GSE291670	GSE291670	TNFSF13_TNFRSF13B	APRIL	Secreted Signaling	TNFSF13	TNFRSF13B	TNFSF13	TNFRSF13B	incoming	TNK	0.0	0.0	1.0	1.0	False	False	0.0	other	False	False
GSE291670	GSE291670	TNFSF13B_TNFRSF17	BAFF	Secreted Signaling	TNFSF13B	TNFRSF17	TNFSF13B	TNFRSF17	incoming	TNK	0.0	0.0	1.0	1.0	False	False	0.0	other	False	False
GSE291670	GSE291670	TNFSF13B_TNFRSF13B	BAFF	Secreted Signaling	TNFSF13B	TNFRSF13B	TNFSF13B	TNFRSF13B	incoming	TNK	0.0	0.0	1.0	1.0	False	False	0.0	other	False	False
GSE291670	GSE291670	TNFSF13B_TNFRSF13C	BAFF	Secreted Signaling	TNFSF13B	TNFRSF13C	TNFSF13B	TNFRSF13C	incoming	TNK	0.0	0.0	1.0	1.0	False	False	0.0	other	False	False
GSE291670	GSE291670	SPP1_CD44	SPP1	Secreted Signaling	SPP1	CD44	SPP1	CD44	incoming	TNK	0.0	0.0	1.0	1.0	False	False	0.0	other	False	False
GSE291670	GSE291670	ADIPOQ_ADIPOR1	ADIPONECTIN	Secreted Signaling	ADIPOQ	ADIPOR1	ADIPOQ	ADIPOR1	incoming	TNK	0.0	0.0	1.0	1.0	False	False	0.0	other	False	False
GSE291670	GSE291670	ADIPOQ_ADIPOR2	ADIPONECTIN	Secreted Signaling	ADIPOQ	ADIPOR2	ADIPOQ	ADIPOR2	incoming	TNK	0.0	0.0	1.0	1.0	False	False	0.0	other	False	False
GSE291670	GSE291670	RETN_TLR4	RESISTIN	Secreted Signaling	RETN	TLR4	RETN	TLR4	incoming	TNK	0.0	0.0	1.0	1.0	False	False	0.0	other	False	False
GSE291670	GSE291670	RETN_CAP1	RESISTIN	Secreted Signaling	RETN	CAP1	RETN	CAP1	incoming	TNK	0.0	0.0	1.0	1.0	False	False	0.0	other	False	False
GSE291670	GSE291670	ANGPTL2_TLR4	ANGPTL	Secreted Signaling	ANGPTL2	TLR4	ANGPTL2	TLR4	incoming	TNK	0.0	0.0	1.0	1.0	False	False	0.0	other	False	False
GSE291670	GSE291670	ANGPTL2_PIRB	ANGPTL	Secreted Signaling	ANGPTL2	LILRB3	ANGPTL2	LILRB3	incoming	TNK	0.0	0.0	1.0	1.0	False	False	0.0	other	False	False
GSE291670	GSE291670	ANGPTL1_PIRB	ANGPTL	Secreted Signaling	ANGPTL1	LILRB3	ANGPTL1	LILRB3	incoming	TNK	0.0	0.0	1.0	1.0	False	False	0.0	other	False	False
GSE291670	GSE291670	ANGPTL7_PIRB	ANGPTL	Secreted Signaling	ANGPTL7	LILRB3	ANGPTL7	LILRB3	incoming	TNK	0.0	0.0	1.0	1.0	False	False	0.0	other	False	False
GSE291670	GSE291670	ANGPTL4_CDH5	ANGPTL	Secreted Signaling	ANGPTL4	CDH5	ANGPTL4	CDH5	incoming	TNK	0.0	0.0	1.0	1.0	False	False	0.0	other	False	False
GSE291670	GSE291670	ANGPTL4_CDH11	ANGPTL	Secreted Signaling	ANGPTL4	CDH11	ANGPTL4	CDH11	incoming	TNK	0.0	0.0	1.0	1.0	False	False	0.0	other	False	False
GSE291670	GSE291670	ANGPTL4_SDC1	ANGPTL	Secreted Signaling	ANGPTL4	SDC1	ANGPTL4	SDC1	incoming	TNK	0.0	0.0	1.0	1.0	False	False	0.0	other	False	False
GSE291670	GSE291670	ANGPTL4_SDC2	ANGPTL	Secreted Signaling	ANGPTL4	SDC2	ANGPTL4	SDC2	incoming	TNK	0.0	0.0	1.0	1.0	False	False	0.0	other	False	False
GSE291670	GSE291670	ANGPTL4_SDC3	ANGPTL	Secreted Signaling	ANGPTL4	SDC3	ANGPTL4	SDC3	incoming	TNK	0.0	0.0	1.0	1.0	False	False	0.0	other	False	False
GSE291670	GSE291670	ANGPTL4_SDC4	ANGPTL	Secreted Signaling	ANGPTL4	SDC4	ANGPTL4	SDC4	incoming	TNK	0.0	0.0	1.0	1.0	False	False	0.0	other	False	False
GSE291670	GSE291670	ANGPT1_TEK	ANGPT	Secreted Signaling	ANGPT1	TEK	ANGPT1	TEK	incoming	TNK	0.0	0.0	1.0	1.0	False	False	0.0	other	False	False
GSE291670	GSE291670	ANGPT2_TEK	ANGPT	Secreted Signaling	ANGPT2	TEK	ANGPT2	TEK	incoming	TNK	0.0	0.0	1.0	1.0	False	False	0.0	other	False	False
GSE291670	GSE291670	MDK_SDC1	MK	Secreted Signaling	MDK	SDC1	MDK	SDC1	incoming	TNK	0.0	0.0	1.0	1.0	False	False	0.0	other	False	False
GSE291670	GSE291670	MDK_SDC2	MK	Secreted Signaling	MDK	SDC2	MDK	SDC2	incoming	TNK	0.0	0.0	1.0	1.0	False	False	0.0	other	False	False
GSE291670	GSE291670	MDK_SDC4	MK	Secreted Signaling	MDK	SDC4	MDK	SDC4	incoming	TNK	0.0	0.0	1.0	1.0	False	False	0.0	other	False	False
GSE291670	GSE291670	MDK_PTPRZ1	MK	Secreted Signaling	MDK	PTPRZ1	MDK	PTPRZ1	incoming	TNK	0.0	0.0	1.0	1.0	False	False	0.0	other	False	False
GSE291670	GSE291670	MDK_LRP1	MK	Secreted Signaling	MDK	LRP1	MDK	LRP1	incoming	TNK	0.0	0.0	1.0	1.0	False	False	0.0	other	False	False
GSE291670	GSE291670	MDK_NCL	MK	Secreted Signaling	MDK	NCL	MDK	NCL	incoming	TNK	0.0	0.0	1.0	1.0	False	False	0.0	other	False	False
GSE291670	GSE291670	MDK_ALK	MK	Secreted Signaling	MDK	ALK	MDK	ALK	incoming	TNK	0.0	0.0	1.0	1.0	False	False	0.0	other	False	False
GSE291670	GSE291670	PTN_PTPRZ1	PTN	Secreted Signaling	PTN	PTPRZ1	PTN	PTPRZ1	incoming	TNK	0.0	0.0	1.0	1.0	False	False	0.0	other	False	False
GSE291670	GSE291670	PTN_SDC1	PTN	Secreted Signaling	PTN	SDC1	PTN	SDC1	incoming	TNK	0.0	0.0	1.0	1.0	False	False	0.0	other	False	False
GSE291670	GSE291670	PTN_SDC2	PTN	Secreted Signaling	PTN	SDC2	PTN	SDC2	incoming	TNK	0.0	0.0	1.0	1.0	False	False	0.0	other	False	False
GSE291670	GSE291670	PTN_SDC3	PTN	Secreted Signaling	PTN	SDC3	PTN	SDC3	incoming	TNK	0.0	0.0	1.0	1.0	False	False	0.0	other	False	False
GSE291670	GSE291670	PTN_SDC4	PTN	Secreted Signaling	PTN	SDC4	PTN	SDC4	incoming	TNK	0.0	0.0	1.0	1.0	False	False	0.0	other	False	False
GSE291670	GSE291670	PTN_NCL	PTN	Secreted Signaling	PTN	NCL	PTN	NCL	incoming	TNK	0.0	0.0	1.0	1.0	False	False	0.0	other	False	False
GSE291670	GSE291670	PTN_ALK	PTN	Secreted Signaling	PTN	ALK	PTN	ALK	incoming	TNK	0.0	0.0	1.0	1.0	False	False	0.0	other	False	False
GSE291670	GSE291670	AGT_AGTR1B	AGT	Secreted Signaling	AGT	AGTR1	AGT	AGTR1	incoming	TNK	0.0	0.0	1.0	1.0	False	False	0.0	other	False	False
GSE291670	GSE291670	GRP_GRPR	GPR	Secreted Signaling	GRP	GRPR	GRP	GRPR	incoming	TNK	0.0	0.0	1.0	1.0	False	False	0.0	other	False	False
GSE291670	GSE291670	NMB_NMBR	GPR	Secreted Signaling	NMB	NMBR	NMB	NMBR	incoming	TNK	0.0	0.0	1.0	1.0	False	False	0.0	other	False	False
GSE291670	GSE291670	KNG1_BDKRB1	BRADYKININ	Secreted Signaling	KNG1	BDKRB1	KNG1	BDKRB1	incoming	TNK	0.0	0.0	1.0	1.0	False	False	0.0	other	False	False
GSE291670	GSE291670	KNG1_BDKRB2	BRADYKININ	Secreted Signaling	KNG1	BDKRB2	KNG1	BDKRB2	incoming	TNK	0.0	0.0	1.0	1.0	False	False	0.0	other	False	False
GSE291670	GSE291670	C3_C3AR1	COMPLEMENT	Secreted Signaling	C3	C3AR1	C3	C3AR1	incoming	TNK	0.0	0.0	1.0	1.0	False	False	0.0	other	False	False
GSE291670	GSE291670	C3_CR2	COMPLEMENT	Secreted Signaling	C3	CR2	C3	CR2	incoming	TNK	0.0	0.0	1.0	1.0	False	False	0.0	other	False	False
GSE291670	GSE291670	C4A_C3AR1	COMPLEMENT	Secreted Signaling	C4A	C3AR1	C4A	C3AR1	incoming	TNK	0.0	0.0	1.0	1.0	False	False	0.0	other	False	False
GSE291670	GSE291670	C4A_CR2	COMPLEMENT	Secreted Signaling	C4A	CR2	C4A	CR2	incoming	TNK	0.0	0.0	1.0	1.0	False	False	0.0	other	False	False
GSE291670	GSE291670	HC_C5AR1	COMPLEMENT	Secreted Signaling	C5	C5AR1	C5	C5AR1	incoming	TNK	0.0	0.0	1.0	1.0	False	False	0.0	other	False	False
GSE291670	GSE291670	CCK_CCKAR	CCK	Secreted Signaling	CCK	CCKAR	CCK	CCKAR	incoming	TNK	0.0	0.0	1.0	1.0	False	False	0.0	other	False	False
GSE291670	GSE291670	CCK_CCKBR	CCK	Secreted Signaling	CCK	CCKBR	CCK	CCKBR	incoming	TNK	0.0	0.0	1.0	1.0	False	False	0.0	other	False	False
GSE291670	GSE291670	EDN1_EDNRA	EDN	Secreted Signaling	EDN1	EDNRA	EDN1	EDNRA	incoming	TNK	0.0	0.0	1.0	1.0	False	False	0.0	other	False	False
GSE291670	GSE291670	EDN2_EDNRA	EDN	Secreted Signaling	EDN2	EDNRA	EDN2	EDNRA	incoming	TNK	0.0	0.0	1.0	1.0	False	False	0.0	other	False	False
GSE291670	GSE291670	EDN3_EDNRA	EDN	Secreted Signaling	EDN3	EDNRA	EDN3	EDNRA	incoming	TNK	0.0	0.0	1.0	1.0	False	False	0.0	other	False	False
GSE291670	GSE291670	EDN1_EDNRB	EDN	Secreted Signaling	EDN1	EDNRB	EDN1	EDNRB	incoming	TNK	0.0	0.0	1.0	1.0	False	False	0.0	other	False	False
GSE291670	GSE291670	EDN2_EDNRB	EDN	Secreted Signaling	EDN2	EDNRB	EDN2	EDNRB	incoming	TNK	0.0	0.0	1.0	1.0	False	False	0.0	other	False	False
GSE291670	GSE291670	EDN3_EDNRB	EDN	Secreted Signaling	EDN3	EDNRB	EDN3	EDNRB	incoming	TNK	0.0	0.0	1.0	1.0	False	False	0.0	other	False	False
GSE291670	GSE291670	GAL_GALR1	GALANIN	Secreted Signaling	GAL	GALR1	GAL	GALR1	incoming	TNK	0.0	0.0	1.0	1.0	False	False	0.0	other	False	False
GSE291670	GSE291670	GAL_GALR2	GALANIN	Secreted Signaling	GAL	GALR2	GAL	GALR2	incoming	TNK	0.0	0.0	1.0	1.0	False	False	0.0	other	False	False
GSE291670	GSE291670	GAL_GALR3	GALANIN	Secreted Signaling	GAL	GALR3	GAL	GALR3	incoming	TNK	0.0	0.0	1.0	1.0	False	False	0.0	other	False	False
GSE291670	GSE291670	GALP_GALR1	GALANIN	Secreted Signaling	GALP	GALR1	GALP	GALR1	incoming	TNK	0.0	0.0	1.0	1.0	False	False	0.0	other	False	False
GSE291670	GSE291670	GALP_GALR2	GALANIN	Secreted Signaling	GALP	GALR2	GALP	GALR2	incoming	TNK	0.0	0.0	1.0	1.0	False	False	0.0	other	False	False
GSE291670	GSE291670	GHRL_GHSR	GHRELIN	Secreted Signaling	GHRL	GHSR	GHRL	GHSR	incoming	TNK	0.0	0.0	1.0	1.0	False	False	0.0	other	False	False
GSE291670	GSE291670	KISS1_KISS1R	KISS1	Secreted Signaling	KISS1	KISS1R	KISS1	KISS1R	incoming	TNK	0.0	0.0	1.0	1.0	False	False	0.0	other	False	False
GSE291670	GSE291670	POMC_MC1R	MELANOCORTIN	Secreted Signaling	POMC	MC1R	POMC	MC1R	incoming	TNK	0.0	0.0	1.0	1.0	False	False	0.0	other	False	False
GSE291670	GSE291670	POMC_MC2R	MELANOCORTIN	Secreted Signaling	POMC	MC2R	POMC	MC2R	incoming	TNK	0.0	0.0	1.0	1.0	False	False	0.0	other	False	False
GSE291670	GSE291670	POMC_MC3R	MELANOCORTIN	Secreted Signaling	POMC	MC3R	POMC	MC3R	incoming	TNK	0.0	0.0	1.0	1.0	False	False	0.0	other	False	False
GSE291670	GSE291670	POMC_MC4R	MELANOCORTIN	Secreted Signaling	POMC	MC4R	POMC	MC4R	incoming	TNK	0.0	0.0	1.0	1.0	False	False	0.0	other	False	False
GSE291670	GSE291670	POMC_MC5R	MELANOCORTIN	Secreted Signaling	POMC	MC5R	POMC	MC5R	incoming	TNK	0.0	0.0	1.0	1.0	False	False	0.0	other	False	False
GSE291670	GSE291670	NMU_NMUR1	NMU	Secreted Signaling	NMU	NMUR1	NMU	NMUR1	incoming	TNK	0.0	0.0	1.0	1.0	False	False	0.0	other	False	False
GSE291670	GSE291670	NMU_NMUR2	NMU	Secreted Signaling	NMU	NMUR2	NMU	NMUR2	incoming	TNK	0.0	0.0	1.0	1.0	False	False	0.0	other	False	False
GSE291670	GSE291670	NMS_NMUR1	NMU	Secreted Signaling	NMS	NMUR1	NMS	NMUR1	incoming	TNK	0.0	0.0	1.0	1.0	False	False	0.0	other	False	False
GSE291670	GSE291670	NMS_NMUR2	NMU	Secreted Signaling	NMS	NMUR2	NMS	NMUR2	incoming	TNK	0.0	0.0	1.0	1.0	False	False	0.0	other	False	False
GSE291670	GSE291670	NPFF_NPFFR1	NPFF	Secreted Signaling	NPFF	NPFFR1	NPFF	NPFFR1	incoming	TNK	0.0	0.0	1.0	1.0	False	False	0.0	other	False	False
GSE291670	GSE291670	NPFF_NPFFR2	NPFF	Secreted Signaling	NPFF	NPFFR2	NPFF	NPFFR2	incoming	TNK	0.0	0.0	1.0	1.0	False	False	0.0	other	False	False
GSE291670	GSE291670	NPY_NPY1R	NPY	Secreted Signaling	NPY	NPY1R	NPY	NPY1R	incoming	TNK	0.0	0.0	1.0	1.0	False	False	0.0	other	False	False
GSE291670	GSE291670	NPY_NPY2R	NPY	Secreted Signaling	NPY	NPY2R	NPY	NPY2R	incoming	TNK	0.0	0.0	1.0	1.0	False	False	0.0	other	False	False
GSE291670	GSE291670	NPY_NPY4R	NPY	Secreted Signaling	NPY	NPY4R	NPY	NPY4R	incoming	TNK	0.0	0.0	1.0	1.0	False	False	0.0	other	False	False
GSE291670	GSE291670	NPY_NPY5R	NPY	Secreted Signaling	NPY	NPY5R	NPY	NPY5R	incoming	TNK	0.0	0.0	1.0	1.0	False	False	0.0	other	False	False
GSE291670	GSE291670	NPY_GPR83	NPY	Secreted Signaling	NPY	GPR83	NPY	GPR83	incoming	TNK	0.0	0.0	1.0	1.0	False	False	0.0	other	False	False
GSE291670	GSE291670	PPY_NPY1R	NPY	Secreted Signaling	PPY	NPY1R	PPY	NPY1R	incoming	TNK	0.0	0.0	1.0	1.0	False	False	0.0	other	False	False
GSE291670	GSE291670	PPY_NPY2R	NPY	Secreted Signaling	PPY	NPY2R	PPY	NPY2R	incoming	TNK	0.0	0.0	1.0	1.0	False	False	0.0	other	False	False
GSE291670	GSE291670	PPY_NPY4R	NPY	Secreted Signaling	PPY	NPY4R	PPY	NPY4R	incoming	TNK	0.0	0.0	1.0	1.0	False	False	0.0	other	False	False
GSE291670	GSE291670	PPY_NPY5R	NPY	Secreted Signaling	PPY	NPY5R	PPY	NPY5R	incoming	TNK	0.0	0.0	1.0	1.0	False	False	0.0	other	False	False
GSE291670	GSE291670	PPY_GPR83	NPY	Secreted Signaling	PPY	GPR83	PPY	GPR83	incoming	TNK	0.0	0.0	1.0	1.0	False	False	0.0	other	False	False
GSE291670	GSE291670	PYY_NPY1R	NPY	Secreted Signaling	PYY	NPY1R	PYY	NPY1R	incoming	TNK	0.0	0.0	1.0	1.0	False	False	0.0	other	False	False
GSE291670	GSE291670	PYY_NPY2R	NPY	Secreted Signaling	PYY	NPY2R	PYY	NPY2R	incoming	TNK	0.0	0.0	1.0	1.0	False	False	0.0	other	False	False
GSE291670	GSE291670	PYY_NPY4R	NPY	Secreted Signaling	PYY	NPY4R	PYY	NPY4R	incoming	TNK	0.0	0.0	1.0	1.0	False	False	0.0	other	False	False
GSE291670	GSE291670	PYY_NPY5R	NPY	Secreted Signaling	PYY	NPY5R	PYY	NPY5R	incoming	TNK	0.0	0.0	1.0	1.0	False	False	0.0	other	False	False
GSE291670	GSE291670	PYY_GPR83	NPY	Secreted Signaling	PYY	GPR83	PYY	GPR83	incoming	TNK	0.0	0.0	1.0	1.0	False	False	0.0	other	False	False
GSE291670	GSE291670	NPB_NPBWR1	NPW-B	Secreted Signaling	NPB	NPBWR1	NPB	NPBWR1	incoming	TNK	0.0	0.0	1.0	1.0	False	False	0.0	other	False	False
GSE291670	GSE291670	NPW_NPBWR1	NPW-B	Secreted Signaling	NPW	NPBWR1	NPW	NPBWR1	incoming	TNK	0.0	0.0	1.0	1.0	False	False	0.0	other	False	False
GSE291670	GSE291670	NTS_NTSR1	NTS	Secreted Signaling	NTS	NTSR1	NTS	NTSR1	incoming	TNK	0.0	0.0	1.0	1.0	False	False	0.0	other	False	False
GSE291670	GSE291670	NTS_NTSR2	NTS	Secreted Signaling	NTS	NTSR2	NTS	NTSR2	incoming	TNK	0.0	0.0	1.0	1.0	False	False	0.0	other	False	False
GSE291670	GSE291670	PDYN_OPRD1	OPIOID	Secreted Signaling	PDYN	OPRD1	PDYN	OPRD1	incoming	TNK	0.0	0.0	1.0	1.0	False	False	0.0	other	False	False
GSE291670	GSE291670	PDYN_OPRK1	OPIOID	Secreted Signaling	PDYN	OPRK1	PDYN	OPRK1	incoming	TNK	0.0	0.0	1.0	1.0	False	False	0.0	other	False	False
GSE291670	GSE291670	PDYN_OPRL1	OPIOID	Secreted Signaling	PDYN	OPRL1	PDYN	OPRL1	incoming	TNK	0.0	0.0	1.0	1.0	False	False	0.0	other	False	False
GSE291670	GSE291670	PDYN_OPRM1	OPIOID	Secreted Signaling	PDYN	OPRM1	PDYN	OPRM1	incoming	TNK	0.0	0.0	1.0	1.0	False	False	0.0	other	False	False
GSE291670	GSE291670	PENK_OPRD1	OPIOID	Secreted Signaling	PENK	OPRD1	PENK	OPRD1	incoming	TNK	0.0	0.0	1.0	1.0	False	False	0.0	other	False	False
GSE291670	GSE291670	PENK_OPRK1	OPIOID	Secreted Signaling	PENK	OPRK1	PENK	OPRK1	incoming	TNK	0.0	0.0	1.0	1.0	False	False	0.0	other	False	False
GSE291670	GSE291670	PENK_OPRL1	OPIOID	Secreted Signaling	PENK	OPRL1	PENK	OPRL1	incoming	TNK	0.0	0.0	1.0	1.0	False	False	0.0	other	False	False
GSE291670	GSE291670	PENK_OPRM1	OPIOID	Secreted Signaling	PENK	OPRM1	PENK	OPRM1	incoming	TNK	0.0	0.0	1.0	1.0	False	False	0.0	other	False	False
GSE291670	GSE291670	POMC_OPRD1	OPIOID	Secreted Signaling	POMC	OPRD1	POMC	OPRD1	incoming	TNK	0.0	0.0	1.0	1.0	False	False	0.0	other	False	False
GSE291670	GSE291670	POMC_OPRK1	OPIOID	Secreted Signaling	POMC	OPRK1	POMC	OPRK1	incoming	TNK	0.0	0.0	1.0	1.0	False	False	0.0	other	False	False
GSE291670	GSE291670	POMC_OPRL1	OPIOID	Secreted Signaling	POMC	OPRL1	POMC	OPRL1	incoming	TNK	0.0	0.0	1.0	1.0	False	False	0.0	other	False	False
GSE291670	GSE291670	POMC_OPRM1	OPIOID	Secreted Signaling	POMC	OPRM1	POMC	OPRM1	incoming	TNK	0.0	0.0	1.0	1.0	False	False	0.0	other	False	False
GSE291670	GSE291670	HCRT_HCRTR1	HCRT	Secreted Signaling	HCRT	HCRTR1	HCRT	HCRTR1	incoming	TNK	0.0	0.0	1.0	1.0	False	False	0.0	other	False	False
GSE291670	GSE291670	HCRT_HCRTR2	HCRT	Secreted Signaling	HCRT	HCRTR2	HCRT	HCRTR2	incoming	TNK	0.0	0.0	1.0	1.0	False	False	0.0	other	False	False
GSE291670	GSE291670	OXT_OXTR	OXT	Secreted Signaling	OXT	OXTR	OXT	OXTR	incoming	TNK	0.0	0.0	1.0	1.0	False	False	0.0	other	False	False
GSE291670	GSE291670	SST_SSTR1	SOMATOSTATIN	Secreted Signaling	SST	SSTR1	SST	SSTR1	incoming	TNK	0.0	0.0	1.0	1.0	False	False	0.0	other	False	False
GSE291670	GSE291670	SST_SSTR2	SOMATOSTATIN	Secreted Signaling	SST	SSTR2	SST	SSTR2	incoming	TNK	0.0	0.0	1.0	1.0	False	False	0.0	other	False	False
GSE291670	GSE291670	SST_SSTR3	SOMATOSTATIN	Secreted Signaling	SST	SSTR3	SST	SSTR3	incoming	TNK	0.0	0.0	1.0	1.0	False	False	0.0	other	False	False
GSE291670	GSE291670	SST_SSTR4	SOMATOSTATIN	Secreted Signaling	SST	SSTR4	SST	SSTR4	incoming	TNK	0.0	0.0	1.0	1.0	False	False	0.0	other	False	False
GSE291670	GSE291670	SST_SSTR5	SOMATOSTATIN	Secreted Signaling	SST	SSTR5	SST	SSTR5	incoming	TNK	0.0	0.0	1.0	1.0	False	False	0.0	other	False	False
GSE291670	GSE291670	CORT_SSTR1	SOMATOSTATIN	Secreted Signaling	CORT	SSTR1	CORT	SSTR1	incoming	TNK	0.0	0.0	1.0	1.0	False	False	0.0	other	False	False
GSE291670	GSE291670	CORT_SSTR2	SOMATOSTATIN	Secreted Signaling	CORT	SSTR2	CORT	SSTR2	incoming	TNK	0.0	0.0	1.0	1.0	False	False	0.0	other	False	False
GSE291670	GSE291670	CORT_SSTR3	SOMATOSTATIN	Secreted Signaling	CORT	SSTR3	CORT	SSTR3	incoming	TNK	0.0	0.0	1.0	1.0	False	False	0.0	other	False	False
GSE291670	GSE291670	CORT_SSTR4	SOMATOSTATIN	Secreted Signaling	CORT	SSTR4	CORT	SSTR4	incoming	TNK	0.0	0.0	1.0	1.0	False	False	0.0	other	False	False
GSE291670	GSE291670	CORT_SSTR5	SOMATOSTATIN	Secreted Signaling	CORT	SSTR5	CORT	SSTR5	incoming	TNK	0.0	0.0	1.0	1.0	False	False	0.0	other	False	False
GSE291670	GSE291670	TAC1_TACR1	TAC	Secreted Signaling	TAC1	TACR1	TAC1	TACR1	incoming	TNK	0.0	0.0	1.0	1.0	False	False	0.0	other	False	False
GSE291670	GSE291670	TAC4_TACR1	TAC	Secreted Signaling	TAC4	TACR1	TAC4	TACR1	incoming	TNK	0.0	0.0	1.0	1.0	False	False	0.0	other	False	False
GSE291670	GSE291670	TAC1_TACR2	TAC	Secreted Signaling	TAC1	TACR2	TAC1	TACR2	incoming	TNK	0.0	0.0	1.0	1.0	False	False	0.0	other	False	False
GSE291670	GSE291670	TAC2_TACR3	TAC	Secreted Signaling	TAC3	TACR3	TAC3	TACR3	incoming	TNK	0.0	0.0	1.0	1.0	False	False	0.0	other	False	False
GSE291670	GSE291670	UTS2_UTS2R	UTS2	Secreted Signaling	UTS2	UTS2R	UTS2	UTS2R	incoming	TNK	0.0	0.0	1.0	1.0	False	False	0.0	other	False	False
GSE291670	GSE291670	AVP_AVPR2	AVP	Secreted Signaling	AVP	AVPR2	AVP	AVPR2	incoming	TNK	0.0	0.0	1.0	1.0	False	False	0.0	other	False	False
GSE291670	GSE291670	AVP_AVPR1A	AVP	Secreted Signaling	AVP	AVPR1A	AVP	AVPR1A	incoming	TNK	0.0	0.0	1.0	1.0	False	False	0.0	other	False	False
GSE291670	GSE291670	AVP_AVPR1B	AVP	Secreted Signaling	AVP	AVPR1B	AVP	AVPR1B	incoming	TNK	0.0	0.0	1.0	1.0	False	False	0.0	other	False	False
GSE291670	GSE291670	PRLH_PRLHR	PRLH	Secreted Signaling	PRLH	PRLHR	PRLH	PRLHR	incoming	TNK	0.0	0.0	1.0	1.0	False	False	0.0	other	False	False
GSE291670	GSE291670	PRSS3_F2R	PARs	Secreted Signaling	PRSS3	F2R	PRSS3	F2R	incoming	TNK	0.0	0.0	1.0	1.0	False	False	0.0	other	False	False
GSE291670	GSE291670	CTSG_F2R	PARs	Secreted Signaling	CTSG	F2R	CTSG	F2R	incoming	TNK	0.0	0.0	1.0	1.0	False	False	0.0	other	False	False
GSE291670	GSE291670	F2_F2R	PARs	Secreted Signaling	F2	F2R	F2	F2R	incoming	TNK	0.0	0.0	1.0	1.0	False	False	0.0	other	False	False
GSE291670	GSE291670	PLG_F2R	PARs	Secreted Signaling	PLG	F2R	PLG	F2R	incoming	TNK	0.0	0.0	1.0	1.0	False	False	0.0	other	False	False
GSE291670	GSE291670	GZMA_F2R	PARs	Secreted Signaling	GZMA	F2R	GZMA	F2R	incoming	TNK	0.0	0.0	1.0	1.0	False	False	0.0	other	False	False
GSE291670	GSE291670	PRSS2_F2R	PARs	Secreted Signaling	PRSS2	F2R	PRSS2	F2R	incoming	TNK	0.0	0.0	1.0	1.0	False	False	0.0	other	False	False
GSE291670	GSE291670	PRSS1_F2R	PARs	Secreted Signaling	PRSS1	F2R	PRSS1	F2R	incoming	TNK	0.0	0.0	1.0	1.0	False	False	0.0	other	False	False
GSE291670	GSE291670	PRSS3_F2RL1	PARs	Secreted Signaling	PRSS3	F2RL1	PRSS3	F2RL1	incoming	TNK	0.0	0.0	1.0	1.0	False	False	0.0	other	False	False
GSE291670	GSE291670	CTSG_F2RL1	PARs	Secreted Signaling	CTSG	F2RL1	CTSG	F2RL1	incoming	TNK	0.0	0.0	1.0	1.0	False	False	0.0	other	False	False
GSE291670	GSE291670	F2_F2RL1	PARs	Secreted Signaling	F2	F2RL1	F2	F2RL1	incoming	TNK	0.0	0.0	1.0	1.0	False	False	0.0	other	False	False
GSE291670	GSE291670	PLG_F2RL1	PARs	Secreted Signaling	PLG	F2RL1	PLG	F2RL1	incoming	TNK	0.0	0.0	1.0	1.0	False	False	0.0	other	False	False
GSE291670	GSE291670	GZMA_F2RL1	PARs	Secreted Signaling	GZMA	F2RL1	GZMA	F2RL1	incoming	TNK	0.0	0.0	1.0	1.0	False	False	0.0	other	False	False
GSE291670	GSE291670	PRSS2_F2RL1	PARs	Secreted Signaling	PRSS2	F2RL1	PRSS2	F2RL1	incoming	TNK	0.0	0.0	1.0	1.0	False	False	0.0	other	False	False
GSE291670	GSE291670	PRSS1_F2RL1	PARs	Secreted Signaling	PRSS1	F2RL1	PRSS1	F2RL1	incoming	TNK	0.0	0.0	1.0	1.0	False	False	0.0	other	False	False
GSE291670	GSE291670	PRSS3_F2RL2	PARs	Secreted Signaling	PRSS3	F2RL2	PRSS3	F2RL2	incoming	TNK	0.0	0.0	1.0	1.0	False	False	0.0	other	False	False
GSE291670	GSE291670	CTSG_F2RL2	PARs	Secreted Signaling	CTSG	F2RL2	CTSG	F2RL2	incoming	TNK	0.0	0.0	1.0	1.0	False	False	0.0	other	False	False
GSE291670	GSE291670	F2_F2RL2	PARs	Secreted Signaling	F2	F2RL2	F2	F2RL2	incoming	TNK	0.0	0.0	1.0	1.0	False	False	0.0	other	False	False
GSE291670	GSE291670	PLG_F2RL2	PARs	Secreted Signaling	PLG	F2RL2	PLG	F2RL2	incoming	TNK	0.0	0.0	1.0	1.0	False	False	0.0	other	False	False
GSE291670	GSE291670	GZMA_F2RL2	PARs	Secreted Signaling	GZMA	F2RL2	GZMA	F2RL2	incoming	TNK	0.0	0.0	1.0	1.0	False	False	0.0	other	False	False
GSE291670	GSE291670	PRSS2_F2RL2	PARs	Secreted Signaling	PRSS2	F2RL2	PRSS2	F2RL2	incoming	TNK	0.0	0.0	1.0	1.0	False	False	0.0	other	False	False
GSE291670	GSE291670	PRSS1_F2RL2	PARs	Secreted Signaling	PRSS1	F2RL2	PRSS1	F2RL2	incoming	TNK	0.0	0.0	1.0	1.0	False	False	0.0	other	False	False
GSE291670	GSE291670	PRSS3_F2RL3	PARs	Secreted Signaling	PRSS3	F2RL3	PRSS3	F2RL3	incoming	TNK	0.0	0.0	1.0	1.0	False	False	0.0	other	False	False
GSE291670	GSE291670	CTSG_F2RL3	PARs	Secreted Signaling	CTSG	F2RL3	CTSG	F2RL3	incoming	TNK	0.0	0.0	1.0	1.0	False	False	0.0	other	False	False
GSE291670	GSE291670	F2_F2RL3	PARs	Secreted Signaling	F2	F2RL3	F2	F2RL3	incoming	TNK	0.0	0.0	1.0	1.0	False	False	0.0	other	False	False
GSE291670	GSE291670	GZMA_F2RL3	PARs	Secreted Signaling	GZMA	F2RL3	GZMA	F2RL3	incoming	TNK	0.0	0.0	1.0	1.0	False	False	0.0	other	False	False
GSE291670	GSE291670	PLG_F2RL3	PARs	Secreted Signaling	PLG	F2RL3	PLG	F2RL3	incoming	TNK	0.0	0.0	1.0	1.0	False	False	0.0	other	False	False
GSE291670	GSE291670	PRSS2_F2RL3	PARs	Secreted Signaling	PRSS2	F2RL3	PRSS2	F2RL3	incoming	TNK	0.0	0.0	1.0	1.0	False	False	0.0	other	False	False
GSE291670	GSE291670	PRSS1_F2RL3	PARs	Secreted Signaling	PRSS1	F2RL3	PRSS1	F2RL3	incoming	TNK	0.0	0.0	1.0	1.0	False	False	0.0	other	False	False
GSE291670	GSE291670	PRSS3_PARD3	PARs	Secreted Signaling	PRSS3	PARD3	PRSS3	PARD3	incoming	TNK	0.0	0.0	1.0	1.0	False	False	0.0	other	False	False
GSE291670	GSE291670	CTSG_PARD3	PARs	Secreted Signaling	CTSG	PARD3	CTSG	PARD3	incoming	TNK	0.0	0.0	1.0	1.0	False	False	0.0	other	False	False
GSE291670	GSE291670	F2_PARD3	PARs	Secreted Signaling	F2	PARD3	F2	PARD3	incoming	TNK	0.0	0.0	1.0	1.0	False	False	0.0	other	False	False
GSE291670	GSE291670	GZMA_PARD3	PARs	Secreted Signaling	GZMA	PARD3	GZMA	PARD3	incoming	TNK	0.0	0.0	1.0	1.0	False	False	0.0	other	False	False
GSE291670	GSE291670	PLG_PARD3	PARs	Secreted Signaling	PLG	PARD3	PLG	PARD3	incoming	TNK	0.0	0.0	1.0	1.0	False	False	0.0	other	False	False
GSE291670	GSE291670	PRSS2_PARD3	PARs	Secreted Signaling	PRSS2	PARD3	PRSS2	PARD3	incoming	TNK	0.0	0.0	1.0	1.0	False	False	0.0	other	False	False
GSE291670	GSE291670	PRSS1_PARD3	PARs	Secreted Signaling	PRSS1	PARD3	PRSS1	PARD3	incoming	TNK	0.0	0.0	1.0	1.0	False	False	0.0	other	False	False
GSE291670	GSE291670	PMCH_MCHR1	PMCH	Secreted Signaling	PMCH	MCHR1	PMCH	MCHR1	incoming	TNK	0.0	0.0	1.0	1.0	False	False	0.0	other	False	False
GSE291670	GSE291670	PROK1_PROKR2	PROK	Secreted Signaling	PROK1	PROKR2	PROK1	PROKR2	incoming	TNK	0.0	0.0	1.0	1.0	False	False	0.0	other	False	False
GSE291670	GSE291670	PROK1_PROKR1	PROK	Secreted Signaling	PROK1	PROKR1	PROK1	PROKR1	incoming	TNK	0.0	0.0	1.0	1.0	False	False	0.0	other	False	False
GSE291670	GSE291670	PROK2_PROKR1	PROK	Secreted Signaling	PROK2	PROKR1	PROK2	PROKR1	incoming	TNK	0.0	0.0	1.0	1.0	False	False	0.0	other	False	False
GSE291670	GSE291670	PROK2_PROKR2	PROK	Secreted Signaling	PROK2	PROKR2	PROK2	PROKR2	incoming	TNK	0.0	0.0	1.0	1.0	False	False	0.0	other	False	False
GSE291670	GSE291670	ADCYAP1_ADCYAP1R1	PACAP	Secreted Signaling	ADCYAP1	ADCYAP1R1	ADCYAP1	ADCYAP1R1	incoming	TNK	0.0	0.0	1.0	1.0	False	False	0.0	other	False	False
GSE291670	GSE291670	VIP_VIPR1	VIP	Secreted Signaling	VIP	VIPR1	VIP	VIPR1	incoming	TNK	0.0	0.0	1.0	1.0	False	False	0.0	other	False	False
GSE291670	GSE291670	VIP_VIPR2	VIP	Secreted Signaling	VIP	VIPR2	VIP	VIPR2	incoming	TNK	0.0	0.0	1.0	1.0	False	False	0.0	other	False	False
GSE291670	GSE291670	NPPA_NPR1	NPR1	Secreted Signaling	NPPA	NPR1	NPPA	NPR1	incoming	TNK	0.0	0.0	1.0	1.0	False	False	0.0	other	False	False
GSE291670	GSE291670	NPPB_NPR1	NPR1	Secreted Signaling	NPPB	NPR1	NPPB	NPR1	incoming	TNK	0.0	0.0	1.0	1.0	False	False	0.0	other	False	False
GSE291670	GSE291670	NPPC_NPR2	NPR2	Secreted Signaling	NPPC	NPR2	NPPC	NPR2	incoming	TNK	0.0	0.0	1.0	1.0	False	False	0.0	other	False	False
GSE291670	GSE291670	KITL_KIT	KIT	Secreted Signaling	KITLG	KIT	KITLG	KIT	incoming	TNK	0.0	0.0	1.0	1.0	False	False	0.0	other	False	False
GSE291670	GSE291670	GCG_GIPR	GIPR	Secreted Signaling	GCG	GIPR	GCG	GIPR	incoming	TNK	0.0	0.0	1.0	1.0	False	False	0.0	other	False	False
GSE291670	GSE291670	GIP_GIPR	GIPR	Secreted Signaling	GIP	GIPR	GIP	GIPR	incoming	TNK	0.0	0.0	1.0	1.0	False	False	0.0	other	False	False
GSE291670	GSE291670	FSHB_FSHR	FSH	Secreted Signaling	FSHB	FSHR	FSHB	FSHR	incoming	TNK	0.0	0.0	1.0	1.0	False	False	0.0	other	False	False
GSE291670	GSE291670	CGA_FSHR	FSH	Secreted Signaling	CGA	FSHR	CGA	FSHR	incoming	TNK	0.0	0.0	1.0	1.0	False	False	0.0	other	False	False
GSE291670	GSE291670	LHB_LHCGR	LHB	Secreted Signaling	LHB	LHCGR	LHB	LHCGR	incoming	TNK	0.0	0.0	1.0	1.0	False	False	0.0	other	False	False
GSE291670	GSE291670	CGA_LHCGR	LHB	Secreted Signaling	CGA	LHCGR	CGA	LHCGR	incoming	TNK	0.0	0.0	1.0	1.0	False	False	0.0	other	False	False
GSE291670	GSE291670	TSHB_TSHR	TSH	Secreted Signaling	TSHB	TSHR	TSHB	TSHR	incoming	TNK	0.0	0.0	1.0	1.0	False	False	0.0	other	False	False
GSE291670	GSE291670	CGA_TSHR	TSH	Secreted Signaling	CGA	TSHR	CGA	TSHR	incoming	TNK	0.0	0.0	1.0	1.0	False	False	0.0	other	False	False
GSE291670	GSE291670	BDNF_NTRK2	NT	Secreted Signaling	BDNF	NTRK2	BDNF	NTRK2	incoming	TNK	0.0	0.0	1.0	1.0	False	False	0.0	other	False	False
GSE291670	GSE291670	NGF_NTRK1	NT	Secreted Signaling	NGF	NTRK1	NGF	NTRK1	incoming	TNK	0.0	0.0	1.0	1.0	False	False	0.0	other	False	False
GSE291670	GSE291670	FLT3L_FLT3	FLT3	Secreted Signaling	FLT3LG	FLT3	FLT3LG	FLT3	incoming	TNK	0.0	0.0	1.0	1.0	False	False	0.0	other	False	False
GSE291670	GSE291670	HGF_MET	HGF	Secreted Signaling	HGF	MET	HGF	MET	incoming	TNK	0.0	0.0	1.0	1.0	False	False	0.0	other	False	False
GSE291670	GSE291670	KLK3_NTRK1	NT	Secreted Signaling	KLK3	NTRK1	KLK3	NTRK1	incoming	TNK	0.0	0.0	1.0	1.0	False	False	0.0	other	False	False
GSE291670	GSE291670	NTF3_NTRK1	NT	Secreted Signaling	NTF3	NTRK1	NTF3	NTRK1	incoming	TNK	0.0	0.0	1.0	1.0	False	False	0.0	other	False	False
GSE291670	GSE291670	NTF3_NTRK2	NT	Secreted Signaling	NTF3	NTRK2	NTF3	NTRK2	incoming	TNK	0.0	0.0	1.0	1.0	False	False	0.0	other	False	False
GSE291670	GSE291670	NTF3_NTRK3	NT	Secreted Signaling	NTF3	NTRK3	NTF3	NTRK3	incoming	TNK	0.0	0.0	1.0	1.0	False	False	0.0	other	False	False
GSE291670	GSE291670	NTF5_NTRK2	NT	Secreted Signaling	NTF4	NTRK2	NTF4	NTRK2	incoming	TNK	0.0	0.0	1.0	1.0	False	False	0.0	other	False	False
GSE291670	GSE291670	SEMA3C_PLXND1	SEMA3	Secreted Signaling	SEMA3C	PLXND1	SEMA3C	PLXND1	incoming	TNK	0.0	0.0	1.0	1.0	False	False	0.0	other	False	False
GSE291670	GSE291670	SEMA3E_PLXND1	SEMA3	Secreted Signaling	SEMA3E	PLXND1	SEMA3E	PLXND1	incoming	TNK	0.0	0.0	1.0	1.0	False	False	0.0	other	False	False
GSE291670	GSE291670	ADM_CALCR	CALCR	Secreted Signaling	ADM	CALCR	ADM	CALCR	incoming	TNK	0.0	0.0	1.0	1.0	False	False	0.0	other	False	False
GSE291670	GSE291670	ADM_CALCRL	CALCR	Secreted Signaling	ADM	CALCRL	ADM	CALCRL	incoming	TNK	0.0	0.0	1.0	1.0	False	False	0.0	other	False	False
GSE291670	GSE291670	AGT_MAS1	AGT	Secreted Signaling	AGT	MAS1	AGT	MAS1	incoming	TNK	0.0	0.0	1.0	1.0	False	False	0.0	other	False	False
GSE291670	GSE291670	ANXA1_FPR2	ANNEXIN	Secreted Signaling	ANXA1	FPR2	ANXA1	FPR2	incoming	TNK	0.0	0.0	1.0	1.0	False	False	0.0	other	False	False
GSE291670	GSE291670	ANXA1_FPR1	ANNEXIN	Secreted Signaling	ANXA1	FPR1	ANXA1	FPR1	incoming	TNK	0.0	0.0	1.0	1.0	False	False	0.0	other	False	False
GSE291670	GSE291670	APELA_APLNR	APJ	Secreted Signaling	APELA	APLNR	APELA	APLNR	incoming	TNK	0.0	0.0	1.0	1.0	False	False	0.0	other	False	False
GSE291670	GSE291670	CALCA_CALCR	CALCR	Secreted Signaling	CALCA	CALCR	CALCA	CALCR	incoming	TNK	0.0	0.0	1.0	1.0	False	False	0.0	other	False	False
GSE291670	GSE291670	CALCA_CALCRL	CALCR	Secreted Signaling	CALCA	CALCRL	CALCA	CALCRL	incoming	TNK	0.0	0.0	1.0	1.0	False	False	0.0	other	False	False
GSE291670	GSE291670	CALCB_CALCR	CALCR	Secreted Signaling	CALCB	CALCR	CALCB	CALCR	incoming	TNK	0.0	0.0	1.0	1.0	False	False	0.0	other	False	False
GSE291670	GSE291670	CALCB_CALCRL	CALCR	Secreted Signaling	CALCB	CALCRL	CALCB	CALCRL	incoming	TNK	0.0	0.0	1.0	1.0	False	False	0.0	other	False	False
GSE291670	GSE291670	CRH_CRHR1	CRH	Secreted Signaling	CRH	CRHR1	CRH	CRHR1	incoming	TNK	0.0	0.0	1.0	1.0	False	False	0.0	other	False	False
GSE291670	GSE291670	CRH_CRHR2	CRH	Secreted Signaling	CRH	CRHR2	CRH	CRHR2	incoming	TNK	0.0	0.0	1.0	1.0	False	False	0.0	other	False	False
GSE291670	GSE291670	ENHO_GPR19	ENHO	Secreted Signaling	ENHO	GPR19	ENHO	GPR19	incoming	TNK	0.0	0.0	1.0	1.0	False	False	0.0	other	False	False
GSE291670	GSE291670	GAS6_AXL	GAS	Secreted Signaling	GAS6	AXL	GAS6	AXL	incoming	TNK	0.0	0.0	1.0	1.0	False	False	0.0	other	False	False
GSE291670	GSE291670	GAS6_MERTK	GAS	Secreted Signaling	GAS6	MERTK	GAS6	MERTK	incoming	TNK	0.0	0.0	1.0	1.0	False	False	0.0	other	False	False
GSE291670	GSE291670	GAS6_TYRO3	GAS	Secreted Signaling	GAS6	TYRO3	GAS6	TYRO3	incoming	TNK	0.0	0.0	1.0	1.0	False	False	0.0	other	False	False
GSE291670	GSE291670	GCG_GCGR	GCG	Secreted Signaling	GCG	GCGR	GCG	GCGR	incoming	TNK	0.0	0.0	1.0	1.0	False	False	0.0	other	False	False
GSE291670	GSE291670	GCG_GLP1R	GCG	Secreted Signaling	GCG	GLP1R	GCG	GLP1R	incoming	TNK	0.0	0.0	1.0	1.0	False	False	0.0	other	False	False
GSE291670	GSE291670	GCG_GLP2R	GCG	Secreted Signaling	GCG	GLP2R	GCG	GLP2R	incoming	TNK	0.0	0.0	1.0	1.0	False	False	0.0	other	False	False
GSE291670	GSE291670	GH_PRLR	GH	Secreted Signaling	GH1	PRLR	GH1	PRLR	incoming	TNK	0.0	0.0	1.0	1.0	False	False	0.0	other	False	False
GSE291670	GSE291670	GHRH_VIPR1	GHRH	Secreted Signaling	GHRH	VIPR1	GHRH	VIPR1	incoming	TNK	0.0	0.0	1.0	1.0	False	False	0.0	other	False	False
GSE291670	GSE291670	GHRH_VIPR2	GHRH	Secreted Signaling	GHRH	VIPR2	GHRH	VIPR2	incoming	TNK	0.0	0.0	1.0	1.0	False	False	0.0	other	False	False
GSE291670	GSE291670	GHRH_GHSR	GHRH	Secreted Signaling	GHRH	GHSR	GHRH	GHSR	incoming	TNK	0.0	0.0	1.0	1.0	False	False	0.0	other	False	False
GSE291670	GSE291670	GHRH_GHRHR	GHRH	Secreted Signaling	GHRH	GHRHR	GHRH	GHRHR	incoming	TNK	0.0	0.0	1.0	1.0	False	False	0.0	other	False	False
GSE291670	GSE291670	GNRH1_GNRHR	GNRH	Secreted Signaling	GNRH1	GNRHR	GNRH1	GNRHR	incoming	TNK	0.0	0.0	1.0	1.0	False	False	0.0	other	False	False
GSE291670	GSE291670	GRN_SORT1	GRN	Secreted Signaling	GRN	SORT1	GRN	SORT1	incoming	TNK	0.0	0.0	1.0	1.0	False	False	0.0	other	False	False
GSE291670	GSE291670	GUCA2A_GUCY2C	GUCA	Secreted Signaling	GUCA2A	GUCY2C	GUCA2A	GUCY2C	incoming	TNK	0.0	0.0	1.0	1.0	False	False	0.0	other	False	False
GSE291670	GSE291670	GUCA2B_GUCY2C	GUCA	Secreted Signaling	GUCA2B	GUCY2C	GUCA2B	GUCY2C	incoming	TNK	0.0	0.0	1.0	1.0	False	False	0.0	other	False	False
GSE291670	GSE291670	IAPP_CALCR	CALCR	Secreted Signaling	IAPP	CALCR	IAPP	CALCR	incoming	TNK	0.0	0.0	1.0	1.0	False	False	0.0	other	False	False
GSE291670	GSE291670	IAPP_CALCRL	CALCR	Secreted Signaling	IAPP	CALCRL	IAPP	CALCRL	incoming	TNK	0.0	0.0	1.0	1.0	False	False	0.0	other	False	False
GSE291670	GSE291670	INSL3_RXFP2	RLN	Secreted Signaling	INSL3	RXFP2	INSL3	RXFP2	incoming	TNK	0.0	0.0	1.0	1.0	False	False	0.0	other	False	False
GSE291670	GSE291670	INSL3_RXFP1	RLN	Secreted Signaling	INSL3	RXFP1	INSL3	RXFP1	incoming	TNK	0.0	0.0	1.0	1.0	False	False	0.0	other	False	False
GSE291670	GSE291670	INSL3_RXFP4	RLN	Secreted Signaling	INSL3	RXFP4	INSL3	RXFP4	incoming	TNK	0.0	0.0	1.0	1.0	False	False	0.0	other	False	False
GSE291670	GSE291670	INSL3_RXFP3	RLN	Secreted Signaling	INSL3	RXFP3	INSL3	RXFP3	incoming	TNK	0.0	0.0	1.0	1.0	False	False	0.0	other	False	False
GSE291670	GSE291670	INSL5_RXFP4	RLN	Secreted Signaling	INSL5	RXFP4	INSL5	RXFP4	incoming	TNK	0.0	0.0	1.0	1.0	False	False	0.0	other	False	False
GSE291670	GSE291670	INSL5_RXFP3	RLN	Secreted Signaling	INSL5	RXFP3	INSL5	RXFP3	incoming	TNK	0.0	0.0	1.0	1.0	False	False	0.0	other	False	False
GSE291670	GSE291670	INSL5_RXFP2	RLN	Secreted Signaling	INSL5	RXFP2	INSL5	RXFP2	incoming	TNK	0.0	0.0	1.0	1.0	False	False	0.0	other	False	False
GSE291670	GSE291670	INSL5_RXFP1	RLN	Secreted Signaling	INSL5	RXFP1	INSL5	RXFP1	incoming	TNK	0.0	0.0	1.0	1.0	False	False	0.0	other	False	False
GSE291670	GSE291670	LEP_LEPR	LEP	Secreted Signaling	LEP	LEPR	LEP	LEPR	incoming	TNK	0.0	0.0	1.0	1.0	False	False	0.0	other	False	False
GSE291670	GSE291670	LGALS9_CD45	GALECTIN	Secreted Signaling	LGALS9	PTPRC	LGALS9	PTPRC	incoming	TNK	0.0	0.0	1.0	1.0	False	False	0.0	inhibitory	False	False
GSE291670	GSE291670	NPS_NPSR1	NPS	Secreted Signaling	NPS	NPSR1	NPS	NPSR1	incoming	TNK	0.0	0.0	1.0	1.0	False	False	0.0	other	False	False
GSE291670	GSE291670	NPVF_NPFFR1	NPVF	Secreted Signaling	NPVF	NPFFR1	NPVF	NPFFR1	incoming	TNK	0.0	0.0	1.0	1.0	False	False	0.0	other	False	False
GSE291670	GSE291670	NPVF_NPFFR2	NPVF	Secreted Signaling	NPVF	NPFFR2	NPVF	NPFFR2	incoming	TNK	0.0	0.0	1.0	1.0	False	False	0.0	other	False	False
GSE291670	GSE291670	OSTN_NPR3	OSTN	Secreted Signaling	OSTN	NPR3	OSTN	NPR3	incoming	TNK	0.0	0.0	1.0	1.0	False	False	0.0	other	False	False
GSE291670	GSE291670	PMCH_MERTK	PMCH	Secreted Signaling	PMCH	MERTK	PMCH	MERTK	incoming	TNK	0.0	0.0	1.0	1.0	False	False	0.0	other	False	False
GSE291670	GSE291670	PROS1_AXL	PROS	Secreted Signaling	PROS1	AXL	PROS1	AXL	incoming	TNK	0.0	0.0	1.0	1.0	False	False	0.0	other	False	False
GSE291670	GSE291670	PROS1_TYRO3	PROS	Secreted Signaling	PROS1	TYRO3	PROS1	TYRO3	incoming	TNK	0.0	0.0	1.0	1.0	False	False	0.0	other	False	False
GSE291670	GSE291670	PSAP_GPR37L1	PSAP	Secreted Signaling	PSAP	GPR37L1	PSAP	GPR37L1	incoming	TNK	0.0	0.0	1.0	1.0	False	False	0.0	other	False	False
GSE291670	GSE291670	PSAP_GPR37	PSAP	Secreted Signaling	PSAP	GPR37	PSAP	GPR37	incoming	TNK	0.0	0.0	1.0	1.0	False	False	0.0	other	False	False
GSE291670	GSE291670	PTH_PTH1R	PTH	Secreted Signaling	PTH	PTH1R	PTH	PTH1R	incoming	TNK	0.0	0.0	1.0	1.0	False	False	0.0	other	False	False
GSE291670	GSE291670	PTH_PTH2R	PTH	Secreted Signaling	PTH	PTH2R	PTH	PTH2R	incoming	TNK	0.0	0.0	1.0	1.0	False	False	0.0	other	False	False
GSE291670	GSE291670	PTH2_PTH1R	PTH	Secreted Signaling	PTH2	PTH1R	PTH2	PTH1R	incoming	TNK	0.0	0.0	1.0	1.0	False	False	0.0	other	False	False
GSE291670	GSE291670	PTH2_PTH2R	PTH	Secreted Signaling	PTH2	PTH2R	PTH2	PTH2R	incoming	TNK	0.0	0.0	1.0	1.0	False	False	0.0	other	False	False
GSE291670	GSE291670	PTHLH_PTH1R	PTH	Secreted Signaling	PTHLH	PTH1R	PTHLH	PTH1R	incoming	TNK	0.0	0.0	1.0	1.0	False	False	0.0	other	False	False
GSE291670	GSE291670	QRFP_QRFPR	QRFP	Secreted Signaling	QRFP	QRFPR	QRFP	QRFPR	incoming	TNK	0.0	0.0	1.0	1.0	False	False	0.0	other	False	False
GSE291670	GSE291670	RARRES2_GPR1	CHEMERIN	Secreted Signaling	RARRES2	GPR1	RARRES2	GPR1	incoming	TNK	0.0	0.0	1.0	1.0	False	False	0.0	other	False	False
GSE291670	GSE291670	RARRES2_CMKLR1	CHEMERIN	Secreted Signaling	RARRES2	CMKLR1	RARRES2	CMKLR1	incoming	TNK	0.0	0.0	1.0	1.0	False	False	0.0	other	False	False
GSE291670	GSE291670	RLN1_RXFP2	RLN	Secreted Signaling	RLN1	RXFP2	RLN1	RXFP2	incoming	TNK	0.0	0.0	1.0	1.0	False	False	0.0	other	False	False
GSE291670	GSE291670	RLN1_RXFP1	RLN	Secreted Signaling	RLN1	RXFP1	RLN1	RXFP1	incoming	TNK	0.0	0.0	1.0	1.0	False	False	0.0	other	False	False
GSE291670	GSE291670	RLN1_RXFP3	RLN	Secreted Signaling	RLN1	RXFP3	RLN1	RXFP3	incoming	TNK	0.0	0.0	1.0	1.0	False	False	0.0	other	False	False
GSE291670	GSE291670	RLN1_RXFP4	RLN	Secreted Signaling	RLN1	RXFP4	RLN1	RXFP4	incoming	TNK	0.0	0.0	1.0	1.0	False	False	0.0	other	False	False
GSE291670	GSE291670	RLN3_RXFP3	RLN	Secreted Signaling	RLN3	RXFP3	RLN3	RXFP3	incoming	TNK	0.0	0.0	1.0	1.0	False	False	0.0	other	False	False
GSE291670	GSE291670	RLN3_RXFP1	RLN	Secreted Signaling	RLN3	RXFP1	RLN3	RXFP1	incoming	TNK	0.0	0.0	1.0	1.0	False	False	0.0	other	False	False
GSE291670	GSE291670	RLN3_RXFP4	RLN	Secreted Signaling	RLN3	RXFP4	RLN3	RXFP4	incoming	TNK	0.0	0.0	1.0	1.0	False	False	0.0	other	False	False
GSE291670	GSE291670	RLN3_RXFP2	RLN	Secreted Signaling	RLN3	RXFP2	RLN3	RXFP2	incoming	TNK	0.0	0.0	1.0	1.0	False	False	0.0	other	False	False
GSE291670	GSE291670	SAA1_FPR2	SAA	Secreted Signaling	SAA1	FPR2	SAA1	FPR2	incoming	TNK	0.0	0.0	1.0	1.0	False	False	0.0	other	False	False
GSE291670	GSE291670	SCGB3A2_MARCO	UGRP1	Secreted Signaling	SCGB3A2	MARCO	SCGB3A2	MARCO	incoming	TNK	0.0	0.0	1.0	1.0	False	False	0.0	other	False	False
GSE291670	GSE291670	SCT_SCTR	SCT	Secreted Signaling	SCT	SCTR	SCT	SCTR	incoming	TNK	0.0	0.0	1.0	1.0	False	False	0.0	other	False	False
GSE291670	GSE291670	SLURP1_CHRNB1	SLURP	Secreted Signaling	SLURP1	CHRNB1	SLURP1	CHRNB1	incoming	TNK	0.0	0.0	1.0	1.0	False	False	0.0	other	False	False
GSE291670	GSE291670	SLURP1_CHRNB2	SLURP	Secreted Signaling	SLURP1	CHRNB2	SLURP1	CHRNB2	incoming	TNK	0.0	0.0	1.0	1.0	False	False	0.0	other	False	False
GSE291670	GSE291670	SLURP1_CHRNB3	SLURP	Secreted Signaling	SLURP1	CHRNB3	SLURP1	CHRNB3	incoming	TNK	0.0	0.0	1.0	1.0	False	False	0.0	other	False	False
GSE291670	GSE291670	SLURP1_CHRNB4	SLURP	Secreted Signaling	SLURP1	CHRNB4	SLURP1	CHRNB4	incoming	TNK	0.0	0.0	1.0	1.0	False	False	0.0	other	False	False
GSE291670	GSE291670	SLURP1_CHRNA1	SLURP	Secreted Signaling	SLURP1	CHRNA1	SLURP1	CHRNA1	incoming	TNK	0.0	0.0	1.0	1.0	False	False	0.0	other	False	False
GSE291670	GSE291670	SLURP1_CHRNA2	SLURP	Secreted Signaling	SLURP1	CHRNA2	SLURP1	CHRNA2	incoming	TNK	0.0	0.0	1.0	1.0	False	False	0.0	other	False	False
GSE291670	GSE291670	SLURP1_CHRNA3	SLURP	Secreted Signaling	SLURP1	CHRNA3	SLURP1	CHRNA3	incoming	TNK	0.0	0.0	1.0	1.0	False	False	0.0	other	False	False
GSE291670	GSE291670	SLURP1_CHRNA4	SLURP	Secreted Signaling	SLURP1	CHRNA4	SLURP1	CHRNA4	incoming	TNK	0.0	0.0	1.0	1.0	False	False	0.0	other	False	False
GSE291670	GSE291670	SLURP1_CHRNA5	SLURP	Secreted Signaling	SLURP1	CHRNA5	SLURP1	CHRNA5	incoming	TNK	0.0	0.0	1.0	1.0	False	False	0.0	other	False	False
GSE291670	GSE291670	SLURP1_CHRNA6	SLURP	Secreted Signaling	SLURP1	CHRNA6	SLURP1	CHRNA6	incoming	TNK	0.0	0.0	1.0	1.0	False	False	0.0	other	False	False
GSE291670	GSE291670	SLURP1_CHRNA9	SLURP	Secreted Signaling	SLURP1	CHRNA9	SLURP1	CHRNA9	incoming	TNK	0.0	0.0	1.0	1.0	False	False	0.0	other	False	False
GSE291670	GSE291670	SLURP1_CHRNA10	SLURP	Secreted Signaling	SLURP1	CHRNA10	SLURP1	CHRNA10	incoming	TNK	0.0	0.0	1.0	1.0	False	False	0.0	other	False	False
GSE291670	GSE291670	SLURP1_CHRND	SLURP	Secreted Signaling	SLURP1	CHRND	SLURP1	CHRND	incoming	TNK	0.0	0.0	1.0	1.0	False	False	0.0	other	False	False
GSE291670	GSE291670	SLURP1_CHRNE	SLURP	Secreted Signaling	SLURP1	CHRNE	SLURP1	CHRNE	incoming	TNK	0.0	0.0	1.0	1.0	False	False	0.0	other	False	False
GSE291670	GSE291670	SLURP1_CHRNG	SLURP	Secreted Signaling	SLURP1	CHRNG	SLURP1	CHRNG	incoming	TNK	0.0	0.0	1.0	1.0	False	False	0.0	other	False	False
GSE291670	GSE291670	SLURP1_CHRNA7	SLURP	Secreted Signaling	SLURP1	CHRNA7	SLURP1	CHRNA7	incoming	TNK	0.0	0.0	1.0	1.0	False	False	0.0	other	False	False
GSE291670	GSE291670	SLURP2_CHRNB1	SLURP	Secreted Signaling	SLURP2	CHRNB1	SLURP2	CHRNB1	incoming	TNK	0.0	0.0	1.0	1.0	False	False	0.0	other	False	False
GSE291670	GSE291670	SLURP2_CHRNB2	SLURP	Secreted Signaling	SLURP2	CHRNB2	SLURP2	CHRNB2	incoming	TNK	0.0	0.0	1.0	1.0	False	False	0.0	other	False	False
GSE291670	GSE291670	SLURP2_CHRNB3	SLURP	Secreted Signaling	SLURP2	CHRNB3	SLURP2	CHRNB3	incoming	TNK	0.0	0.0	1.0	1.0	False	False	0.0	other	False	False
GSE291670	GSE291670	SLURP2_CHRNB4	SLURP	Secreted Signaling	SLURP2	CHRNB4	SLURP2	CHRNB4	incoming	TNK	0.0	0.0	1.0	1.0	False	False	0.0	other	False	False
GSE291670	GSE291670	SLURP2_CHRNA1	SLURP	Secreted Signaling	SLURP2	CHRNA1	SLURP2	CHRNA1	incoming	TNK	0.0	0.0	1.0	1.0	False	False	0.0	other	False	False
GSE291670	GSE291670	SLURP2_CHRNA2	SLURP	Secreted Signaling	SLURP2	CHRNA2	SLURP2	CHRNA2	incoming	TNK	0.0	0.0	1.0	1.0	False	False	0.0	other	False	False
GSE291670	GSE291670	SLURP2_CHRNA3	SLURP	Secreted Signaling	SLURP2	CHRNA3	SLURP2	CHRNA3	incoming	TNK	0.0	0.0	1.0	1.0	False	False	0.0	other	False	False
GSE291670	GSE291670	SLURP2_CHRNA4	SLURP	Secreted Signaling	SLURP2	CHRNA4	SLURP2	CHRNA4	incoming	TNK	0.0	0.0	1.0	1.0	False	False	0.0	other	False	False
GSE291670	GSE291670	SLURP2_CHRNA5	SLURP	Secreted Signaling	SLURP2	CHRNA5	SLURP2	CHRNA5	incoming	TNK	0.0	0.0	1.0	1.0	False	False	0.0	other	False	False
GSE291670	GSE291670	SLURP2_CHRNA6	SLURP	Secreted Signaling	SLURP2	CHRNA6	SLURP2	CHRNA6	incoming	TNK	0.0	0.0	1.0	1.0	False	False	0.0	other	False	False
GSE291670	GSE291670	SLURP2_CHRNA7	SLURP	Secreted Signaling	SLURP2	CHRNA7	SLURP2	CHRNA7	incoming	TNK	0.0	0.0	1.0	1.0	False	False	0.0	other	False	False
GSE291670	GSE291670	SLURP2_CHRNA9	SLURP	Secreted Signaling	SLURP2	CHRNA9	SLURP2	CHRNA9	incoming	TNK	0.0	0.0	1.0	1.0	False	False	0.0	other	False	False
GSE291670	GSE291670	SLURP2_CHRNA10	SLURP	Secreted Signaling	SLURP2	CHRNA10	SLURP2	CHRNA10	incoming	TNK	0.0	0.0	1.0	1.0	False	False	0.0	other	False	False
GSE291670	GSE291670	SLURP2_CHRND	SLURP	Secreted Signaling	SLURP2	CHRND	SLURP2	CHRND	incoming	TNK	0.0	0.0	1.0	1.0	False	False	0.0	other	False	False
GSE291670	GSE291670	SLURP2_CHRNE	SLURP	Secreted Signaling	SLURP2	CHRNE	SLURP2	CHRNE	incoming	TNK	0.0	0.0	1.0	1.0	False	False	0.0	other	False	False
GSE291670	GSE291670	SLURP2_CHRNG	SLURP	Secreted Signaling	SLURP2	CHRNG	SLURP2	CHRNG	incoming	TNK	0.0	0.0	1.0	1.0	False	False	0.0	other	False	False
GSE291670	GSE291670	BTLA_TNFRSF14	BTLA	Secreted Signaling	BTLA	TNFRSF14	BTLA	TNFRSF14	incoming	TNK	0.0	0.0	1.0	1.0	False	False	0.0	other	False	False
GSE291670	GSE291670	TRH_TRHR	TRH	Secreted Signaling	TRH	TRHR	TRH	TRHR	incoming	TNK	0.0	0.0	1.0	1.0	False	False	0.0	other	False	False
GSE291670	GSE291670	UCN_CRHR1	UCN	Secreted Signaling	UCN	CRHR1	UCN	CRHR1	incoming	TNK	0.0	0.0	1.0	1.0	False	False	0.0	other	False	False
GSE291670	GSE291670	UCN_CRHR2	UCN	Secreted Signaling	UCN	CRHR2	UCN	CRHR2	incoming	TNK	0.0	0.0	1.0	1.0	False	False	0.0	other	False	False
GSE291670	GSE291670	UCN2_CRHR1	UCN	Secreted Signaling	UCN2	CRHR1	UCN2	CRHR1	incoming	TNK	0.0	0.0	1.0	1.0	False	False	0.0	other	False	False
GSE291670	GSE291670	UCN2_CRHR2	UCN	Secreted Signaling	UCN2	CRHR2	UCN2	CRHR2	incoming	TNK	0.0	0.0	1.0	1.0	False	False	0.0	other	False	False
GSE291670	GSE291670	UCN3_CRHR1	UCN	Secreted Signaling	UCN3	CRHR1	UCN3	CRHR1	incoming	TNK	0.0	0.0	1.0	1.0	False	False	0.0	other	False	False
GSE291670	GSE291670	UCN3_CRHR2	UCN	Secreted Signaling	UCN3	CRHR2	UCN3	CRHR2	incoming	TNK	0.0	0.0	1.0	1.0	False	False	0.0	other	False	False
GSE291670	GSE291670	UTS2B_UTS2R	UROTENSIN	Secreted Signaling	UTS2B	UTS2R	UTS2B	UTS2R	incoming	TNK	0.0	0.0	1.0	1.0	False	False	0.0	other	False	False
GSE291670	GSE291670	UTS2B_SSTR5	UROTENSIN	Secreted Signaling	UTS2B	SSTR5	UTS2B	SSTR5	incoming	TNK	0.0	0.0	1.0	1.0	False	False	0.0	other	False	False
GSE291670	GSE291670	BAG6_NCR3-PS	BAG	Secreted Signaling	BAG6	NCR3	BAG6	NCR3	incoming	TNK	0.0	0.0	1.0	1.0	False	False	0.0	other	False	False
GSE291670	GSE291670	LGALS9_HAVCR2	GALECTIN	Secreted Signaling	LGALS9	HAVCR2	LGALS9	HAVCR2	incoming	TNK	0.0	0.0	1.0	1.0	False	False	0.0	inhibitory	False	False
GSE291670	GSE291670	LGALS9_CD44	GALECTIN	Secreted Signaling	LGALS9	CD44	LGALS9	CD44	incoming	TNK	0.0	0.0	1.0	1.0	False	False	0.0	inhibitory	False	False
GSE291670	GSE291670	FN1_CD44	FN1	ECM-Receptor	FN1	CD44	FN1	CD44	incoming	TNK	0.10010943241131967	0.08919827363302277	0.12871287128712872	0.8811881188118812	False	False	0.010911158778296903	other	False	False
GSE291670	GSE291670	COL1A1_CD44	COLLAGEN	ECM-Receptor	COL1A1	CD44	COL1A1	CD44	incoming	TNK	0.0	0.0	1.0	1.0	False	False	0.0	other	False	False
GSE291670	GSE291670	COL1A2_CD44	COLLAGEN	ECM-Receptor	COL1A2	CD44	COL1A2	CD44	incoming	TNK	0.0	0.0	1.0	1.0	False	False	0.0	other	False	False
GSE291670	GSE291670	COL2A1_CD44	COLLAGEN	ECM-Receptor	COL2A1	CD44	COL2A1	CD44	incoming	TNK	0.0	0.0	1.0	1.0	False	False	0.0	other	False	False
GSE291670	GSE291670	COL4A1_CD44	COLLAGEN	ECM-Receptor	COL4A1	CD44	COL4A1	CD44	incoming	TNK	0.0	0.0	1.0	1.0	False	False	0.0	other	False	False
GSE291670	GSE291670	COL4A2_CD44	COLLAGEN	ECM-Receptor	COL4A2	CD44	COL4A2	CD44	incoming	TNK	0.022290014048231884	0.019675130251261292	0.12871287128712872	0.8811881188118812	False	False	0.002614883796970592	other	False	False
GSE291670	GSE291670	COL4A3_CD44	COLLAGEN	ECM-Receptor	COL4A3	CD44	COL4A3	CD44	incoming	TNK	0.3378288806790585	0.3099316619784685	0.12871287128712872	0.8811881188118812	False	False	0.027897218700589976	other	False	False
GSE291670	GSE291670	COL4A4_CD44	COLLAGEN	ECM-Receptor	COL4A4	CD44	COL4A4	CD44	incoming	TNK	0.1797687883492011	0.16173581953615707	0.12871287128712872	0.8811881188118812	False	False	0.01803296881304403	other	False	False
GSE291670	GSE291670	COL4A5_CD44	COLLAGEN	ECM-Receptor	COL4A5	CD44	COL4A5	CD44	incoming	TNK	0.19882419308875013	0.179297577556106	0.12871287128712872	0.8811881188118812	False	False	0.01952661553264412	other	False	False
GSE291670	GSE291670	COL4A6_CD44	COLLAGEN	ECM-Receptor	COL4A6	CD44	COL4A6	CD44	incoming	TNK	0.0	0.0	1.0	1.0	False	False	0.0	other	False	False
GSE291670	GSE291670	COL6A1_CD44	COLLAGEN	ECM-Receptor	COL6A1	CD44	COL6A1	CD44	incoming	TNK	0.0	0.0	1.0	1.0	False	False	0.0	other	False	False
GSE291670	GSE291670	COL6A2_CD44	COLLAGEN	ECM-Receptor	COL6A2	CD44	COL6A2	CD44	incoming	TNK	0.0	0.0	1.0	1.0	False	False	0.0	other	False	False
GSE291670	GSE291670	COL6A3_CD44	COLLAGEN	ECM-Receptor	COL6A3	CD44	COL6A3	CD44	incoming	TNK	0.0	0.0	1.0	1.0	False	False	0.0	other	False	False
GSE291670	GSE291670	COL6A5_CD44	COLLAGEN	ECM-Receptor	COL6A5	CD44	COL6A5	CD44	incoming	TNK	0.0	0.0	1.0	1.0	False	False	0.0	other	False	False
GSE291670	GSE291670	COL6A6_CD44	COLLAGEN	ECM-Receptor	COL6A6	CD44	COL6A6	CD44	incoming	TNK	0.0	0.0	1.0	1.0	False	False	0.0	other	False	False
GSE291670	GSE291670	COL9A1_CD44	COLLAGEN	ECM-Receptor	COL9A1	CD44	COL9A1	CD44	incoming	TNK	0.0	0.0	1.0	1.0	False	False	0.0	other	False	False
GSE291670	GSE291670	COL9A2_CD44	COLLAGEN	ECM-Receptor	COL9A2	CD44	COL9A2	CD44	incoming	TNK	0.0	0.0	1.0	1.0	False	False	0.0	other	False	False
GSE291670	GSE291670	COL9A3_CD44	COLLAGEN	ECM-Receptor	COL9A3	CD44	COL9A3	CD44	incoming	TNK	0.0	0.0	1.0	1.0	False	False	0.0	other	False	False
GSE291670	GSE291670	LAMA1_CD44	LAMININ	ECM-Receptor	LAMA1	CD44	LAMA1	CD44	incoming	TNK	0.0	0.0	1.0	1.0	False	False	0.0	other	False	False
GSE291670	GSE291670	LAMA2_CD44	LAMININ	ECM-Receptor	LAMA2	CD44	LAMA2	CD44	incoming	TNK	0.0	0.0	1.0	1.0	False	False	0.0	other	False	False
GSE291670	GSE291670	LAMA3_CD44	LAMININ	ECM-Receptor	LAMA3	CD44	LAMA3	CD44	incoming	TNK	0.3123178509502778	0.2856186063721397	0.12871287128712872	0.8811881188118812	False	False	0.026699244578138104	other	False	False
GSE291670	GSE291670	LAMA4_CD44	LAMININ	ECM-Receptor	LAMA4	CD44	LAMA4	CD44	incoming	TNK	0.0	0.0	1.0	1.0	False	False	0.0	other	False	False
GSE291670	GSE291670	LAMA5_CD44	LAMININ	ECM-Receptor	LAMA5	CD44	LAMA5	CD44	incoming	TNK	0.0	0.0	1.0	1.0	False	False	0.0	other	False	False
GSE291670	GSE291670	LAMB1_CD44	LAMININ	ECM-Receptor	LAMB1	CD44	LAMB1	CD44	incoming	TNK	0.0	0.0	1.0	1.0	False	False	0.0	other	False	False
GSE291670	GSE291670	LAMB2_CD44	LAMININ	ECM-Receptor	LAMB2	CD44	LAMB2	CD44	incoming	TNK	0.0	0.0	1.0	1.0	False	False	0.0	other	False	False
GSE291670	GSE291670	LAMB3_CD44	LAMININ	ECM-Receptor	LAMB3	CD44	LAMB3	CD44	incoming	TNK	0.0	0.0	1.0	1.0	False	False	0.0	other	False	False
GSE291670	GSE291670	LAMC1_CD44	LAMININ	ECM-Receptor	LAMC1	CD44	LAMC1	CD44	incoming	TNK	0.08277662248220265	0.0736000978660181	0.12871287128712872	0.8811881188118812	False	False	0.009176524616184553	other	False	False
GSE291670	GSE291670	LAMC2_CD44	LAMININ	ECM-Receptor	LAMC2	CD44	LAMC2	CD44	incoming	TNK	0.0	0.0	1.0	1.0	False	False	0.0	other	False	False
GSE291670	GSE291670	LAMC3_CD44	LAMININ	ECM-Receptor	LAMC3	CD44	LAMC3	CD44	incoming	TNK	0.0	0.0	1.0	1.0	False	False	0.0	other	False	False
GSE291670	GSE291670	COL1A1_SDC1	COLLAGEN	ECM-Receptor	COL1A1	SDC1	COL1A1	SDC1	incoming	TNK	0.0	0.0	1.0	1.0	False	False	0.0	other	False	False
GSE291670	GSE291670	COL1A2_SDC1	COLLAGEN	ECM-Receptor	COL1A2	SDC1	COL1A2	SDC1	incoming	TNK	0.0	0.0	1.0	1.0	False	False	0.0	other	False	False
GSE291670	GSE291670	COL2A1_SDC1	COLLAGEN	ECM-Receptor	COL2A1	SDC1	COL2A1	SDC1	incoming	TNK	0.0	0.0	1.0	1.0	False	False	0.0	other	False	False
GSE291670	GSE291670	COL4A1_SDC1	COLLAGEN	ECM-Receptor	COL4A1	SDC1	COL4A1	SDC1	incoming	TNK	0.0	0.0	1.0	1.0	False	False	0.0	other	False	False
GSE291670	GSE291670	COL4A2_SDC1	COLLAGEN	ECM-Receptor	COL4A2	SDC1	COL4A2	SDC1	incoming	TNK	0.0	0.0	1.0	1.0	False	False	0.0	other	False	False
GSE291670	GSE291670	COL4A3_SDC1	COLLAGEN	ECM-Receptor	COL4A3	SDC1	COL4A3	SDC1	incoming	TNK	0.0	0.0	1.0	1.0	False	False	0.0	other	False	False
GSE291670	GSE291670	COL4A4_SDC1	COLLAGEN	ECM-Receptor	COL4A4	SDC1	COL4A4	SDC1	incoming	TNK	0.0	0.0	1.0	1.0	False	False	0.0	other	False	False
GSE291670	GSE291670	COL4A5_SDC1	COLLAGEN	ECM-Receptor	COL4A5	SDC1	COL4A5	SDC1	incoming	TNK	0.0	0.0	1.0	1.0	False	False	0.0	other	False	False
GSE291670	GSE291670	COL4A6_SDC1	COLLAGEN	ECM-Receptor	COL4A6	SDC1	COL4A6	SDC1	incoming	TNK	0.0	0.0	1.0	1.0	False	False	0.0	other	False	False
GSE291670	GSE291670	COL6A1_SDC1	COLLAGEN	ECM-Receptor	COL6A1	SDC1	COL6A1	SDC1	incoming	TNK	0.0	0.0	1.0	1.0	False	False	0.0	other	False	False
GSE291670	GSE291670	COL6A2_SDC1	COLLAGEN	ECM-Receptor	COL6A2	SDC1	COL6A2	SDC1	incoming	TNK	0.0	0.0	1.0	1.0	False	False	0.0	other	False	False
GSE291670	GSE291670	COL6A3_SDC1	COLLAGEN	ECM-Receptor	COL6A3	SDC1	COL6A3	SDC1	incoming	TNK	0.0	0.0	1.0	1.0	False	False	0.0	other	False	False
GSE291670	GSE291670	COL6A5_SDC1	COLLAGEN	ECM-Receptor	COL6A5	SDC1	COL6A5	SDC1	incoming	TNK	0.0	0.0	1.0	1.0	False	False	0.0	other	False	False
GSE291670	GSE291670	COL6A6_SDC1	COLLAGEN	ECM-Receptor	COL6A6	SDC1	COL6A6	SDC1	incoming	TNK	0.0	0.0	1.0	1.0	False	False	0.0	other	False	False
GSE291670	GSE291670	COL9A1_SDC1	COLLAGEN	ECM-Receptor	COL9A1	SDC1	COL9A1	SDC1	incoming	TNK	0.0	0.0	1.0	1.0	False	False	0.0	other	False	False
GSE291670	GSE291670	COL9A2_SDC1	COLLAGEN	ECM-Receptor	COL9A2	SDC1	COL9A2	SDC1	incoming	TNK	0.0	0.0	1.0	1.0	False	False	0.0	other	False	False
GSE291670	GSE291670	COL9A3_SDC1	COLLAGEN	ECM-Receptor	COL9A3	SDC1	COL9A3	SDC1	incoming	TNK	0.0	0.0	1.0	1.0	False	False	0.0	other	False	False
GSE291670	GSE291670	FN1_SDC1	FN1	ECM-Receptor	FN1	SDC1	FN1	SDC1	incoming	TNK	0.0	0.0	1.0	1.0	False	False	0.0	other	False	False
GSE291670	GSE291670	TNC_SDC1	TENASCIN	ECM-Receptor	TNC	SDC1	TNC	SDC1	incoming	TNK	0.0	0.0	1.0	1.0	False	False	0.0	other	False	False
GSE291670	GSE291670	TNR_SDC1	TENASCIN	ECM-Receptor	TNR	SDC1	TNR	SDC1	incoming	TNK	0.0	0.0	1.0	1.0	False	False	0.0	other	False	False
GSE291670	GSE291670	TNN_SDC1	TENASCIN	ECM-Receptor	TNN	SDC1	TNN	SDC1	incoming	TNK	0.0	0.0	1.0	1.0	False	False	0.0	other	False	False
GSE291670	GSE291670	TNXB_SDC1	TENASCIN	ECM-Receptor	TNXB	SDC1	TNXB	SDC1	incoming	TNK	0.0	0.0	1.0	1.0	False	False	0.0	other	False	False
GSE291670	GSE291670	THBS1_SDC1	THBS	ECM-Receptor	THBS1	SDC1	THBS1	SDC1	incoming	TNK	0.0	0.0	1.0	1.0	False	False	0.0	other	False	False
GSE291670	GSE291670	THBS2_SDC1	THBS	ECM-Receptor	THBS2	SDC1	THBS2	SDC1	incoming	TNK	0.0	0.0	1.0	1.0	False	False	0.0	other	False	False
GSE291670	GSE291670	THBS3_SDC1	THBS	ECM-Receptor	THBS3	SDC1	THBS3	SDC1	incoming	TNK	0.0	0.0	1.0	1.0	False	False	0.0	other	False	False
GSE291670	GSE291670	THBS4_SDC1	THBS	ECM-Receptor	THBS4	SDC1	THBS4	SDC1	incoming	TNK	0.0	0.0	1.0	1.0	False	False	0.0	other	False	False
GSE291670	GSE291670	COMP_SDC1	THBS	ECM-Receptor	COMP	SDC1	COMP	SDC1	incoming	TNK	0.0	0.0	1.0	1.0	False	False	0.0	other	False	False
GSE291670	GSE291670	COL1A1_SDC4	COLLAGEN	ECM-Receptor	COL1A1	SDC4	COL1A1	SDC4	incoming	TNK	0.0	0.0	1.0	1.0	False	False	0.0	other	False	False
GSE291670	GSE291670	COL1A2_SDC4	COLLAGEN	ECM-Receptor	COL1A2	SDC4	COL1A2	SDC4	incoming	TNK	0.0	0.0	1.0	1.0	False	False	0.0	other	False	False
GSE291670	GSE291670	COL2A1_SDC4	COLLAGEN	ECM-Receptor	COL2A1	SDC4	COL2A1	SDC4	incoming	TNK	0.0	0.0	1.0	1.0	False	False	0.0	other	False	False
GSE291670	GSE291670	COL4A1_SDC4	COLLAGEN	ECM-Receptor	COL4A1	SDC4	COL4A1	SDC4	incoming	TNK	0.0	0.0	1.0	1.0	False	False	0.0	other	False	False
GSE291670	GSE291670	COL4A2_SDC4	COLLAGEN	ECM-Receptor	COL4A2	SDC4	COL4A2	SDC4	incoming	TNK	0.0060716137573193	0.0028001463247348097	0.009900990099009901	1.0	True	False	0.0032714674325844905	other	True	True
GSE291670	GSE291670	COL4A3_SDC4	COLLAGEN	ECM-Receptor	COL4A3	SDC4	COL4A3	SDC4	incoming	TNK	0.12026205353985862	0.05912314829571552	0.009900990099009901	1.0	True	False	0.0611389052441431	other	True	True
GSE291670	GSE291670	COL4A4_SDC4	COLLAGEN	ECM-Receptor	COL4A4	SDC4	COL4A4	SDC4	incoming	TNK	0.055468111019573225	0.026285006375647464	0.009900990099009901	1.0	True	False	0.02918310464392576	other	True	True
GSE291670	GSE291670	COL4A5_SDC4	COLLAGEN	ECM-Receptor	COL4A5	SDC4	COL4A5	SDC4	incoming	TNK	0.06234925333344213	0.029659497623228507	0.009900990099009901	1.0	True	False	0.032689755710213625	other	True	True
GSE291670	GSE291670	COL4A6_SDC4	COLLAGEN	ECM-Receptor	COL4A6	SDC4	COL4A6	SDC4	incoming	TNK	0.0	0.0	1.0	1.0	False	False	0.0	other	False	False
GSE291670	GSE291670	COL6A1_SDC4	COLLAGEN	ECM-Receptor	COL6A1	SDC4	COL6A1	SDC4	incoming	TNK	0.0	0.0	1.0	1.0	False	False	0.0	other	False	False
GSE291670	GSE291670	COL6A2_SDC4	COLLAGEN	ECM-Receptor	COL6A2	SDC4	COL6A2	SDC4	incoming	TNK	0.0	0.0	1.0	1.0	False	False	0.0	other	False	False
GSE291670	GSE291670	COL6A3_SDC4	COLLAGEN	ECM-Receptor	COL6A3	SDC4	COL6A3	SDC4	incoming	TNK	0.0	0.0	1.0	1.0	False	False	0.0	other	False	False
GSE291670	GSE291670	COL6A5_SDC4	COLLAGEN	ECM-Receptor	COL6A5	SDC4	COL6A5	SDC4	incoming	TNK	0.0	0.0	1.0	1.0	False	False	0.0	other	False	False
GSE291670	GSE291670	COL6A6_SDC4	COLLAGEN	ECM-Receptor	COL6A6	SDC4	COL6A6	SDC4	incoming	TNK	0.0	0.0	1.0	1.0	False	False	0.0	other	False	False
GSE291670	GSE291670	COL9A1_SDC4	COLLAGEN	ECM-Receptor	COL9A1	SDC4	COL9A1	SDC4	incoming	TNK	0.0	0.0	1.0	1.0	False	False	0.0	other	False	False
GSE291670	GSE291670	COL9A2_SDC4	COLLAGEN	ECM-Receptor	COL9A2	SDC4	COL9A2	SDC4	incoming	TNK	0.0	0.0	1.0	1.0	False	False	0.0	other	False	False
GSE291670	GSE291670	COL9A3_SDC4	COLLAGEN	ECM-Receptor	COL9A3	SDC4	COL9A3	SDC4	incoming	TNK	0.0	0.0	1.0	1.0	False	False	0.0	other	False	False
GSE291670	GSE291670	FN1_SDC4	FN1	ECM-Receptor	FN1	SDC4	FN1	SDC4	incoming	TNK	0.02894527992960539	0.013516779557156253	0.009900990099009901	1.0	True	False	0.015428500372449137	other	True	True
GSE291670	GSE291670	TNC_SDC4	TENASCIN	ECM-Receptor	TNC	SDC4	TNC	SDC4	incoming	TNK	0.0	0.0	1.0	1.0	False	False	0.0	other	False	False
GSE291670	GSE291670	TNR_SDC4	TENASCIN	ECM-Receptor	TNR	SDC4	TNR	SDC4	incoming	TNK	0.0	0.0	1.0	1.0	False	False	0.0	other	False	False
GSE291670	GSE291670	TNN_SDC4	TENASCIN	ECM-Receptor	TNN	SDC4	TNN	SDC4	incoming	TNK	0.0	0.0	1.0	1.0	False	False	0.0	other	False	False
GSE291670	GSE291670	TNXB_SDC4	TENASCIN	ECM-Receptor	TNXB	SDC4	TNXB	SDC4	incoming	TNK	0.0	0.0	1.0	1.0	False	False	0.0	other	False	False
GSE291670	GSE291670	THBS1_SDC4	THBS	ECM-Receptor	THBS1	SDC4	THBS1	SDC4	incoming	TNK	0.0	0.0	1.0	1.0	False	False	0.0	other	False	False
GSE291670	GSE291670	THBS2_SDC4	THBS	ECM-Receptor	THBS2	SDC4	THBS2	SDC4	incoming	TNK	0.0	0.0	1.0	1.0	False	False	0.0	other	False	False
GSE291670	GSE291670	THBS3_SDC4	THBS	ECM-Receptor	THBS3	SDC4	THBS3	SDC4	incoming	TNK	0.0	0.0	1.0	1.0	False	False	0.0	other	False	False
GSE291670	GSE291670	THBS4_SDC4	THBS	ECM-Receptor	THBS4	SDC4	THBS4	SDC4	incoming	TNK	0.0	0.0	1.0	1.0	False	False	0.0	other	False	False
GSE291670	GSE291670	COMP_SDC4	THBS	ECM-Receptor	COMP	SDC4	COMP	SDC4	incoming	TNK	0.0	0.0	1.0	1.0	False	False	0.0	other	False	False
GSE291670	GSE291670	LAMA1_SV2A	LAMININ	ECM-Receptor	LAMA1	SV2A	LAMA1	SV2A	incoming	TNK	0.0	0.0	1.0	1.0	False	False	0.0	other	False	False
GSE291670	GSE291670	LAMA2_SV2A	LAMININ	ECM-Receptor	LAMA2	SV2A	LAMA2	SV2A	incoming	TNK	0.0	0.0	1.0	1.0	False	False	0.0	other	False	False
GSE291670	GSE291670	LAMA3_SV2A	LAMININ	ECM-Receptor	LAMA3	SV2A	LAMA3	SV2A	incoming	TNK	0.0	0.0	1.0	1.0	False	False	0.0	other	False	False
GSE291670	GSE291670	LAMA4_SV2A	LAMININ	ECM-Receptor	LAMA4	SV2A	LAMA4	SV2A	incoming	TNK	0.0	0.0	1.0	1.0	False	False	0.0	other	False	False
GSE291670	GSE291670	LAMA5_SV2A	LAMININ	ECM-Receptor	LAMA5	SV2A	LAMA5	SV2A	incoming	TNK	0.0	0.0	1.0	1.0	False	False	0.0	other	False	False
GSE291670	GSE291670	LAMB1_SV2A	LAMININ	ECM-Receptor	LAMB1	SV2A	LAMB1	SV2A	incoming	TNK	0.0	0.0	1.0	1.0	False	False	0.0	other	False	False
GSE291670	GSE291670	LAMB2_SV2A	LAMININ	ECM-Receptor	LAMB2	SV2A	LAMB2	SV2A	incoming	TNK	0.0	0.0	1.0	1.0	False	False	0.0	other	False	False
GSE291670	GSE291670	LAMB3_SV2A	LAMININ	ECM-Receptor	LAMB3	SV2A	LAMB3	SV2A	incoming	TNK	0.0	0.0	1.0	1.0	False	False	0.0	other	False	False
GSE291670	GSE291670	LAMC1_SV2A	LAMININ	ECM-Receptor	LAMC1	SV2A	LAMC1	SV2A	incoming	TNK	0.0	0.0	1.0	1.0	False	False	0.0	other	False	False
GSE291670	GSE291670	LAMC2_SV2A	LAMININ	ECM-Receptor	LAMC2	SV2A	LAMC2	SV2A	incoming	TNK	0.0	0.0	1.0	1.0	False	False	0.0	other	False	False
GSE291670	GSE291670	LAMC3_SV2A	LAMININ	ECM-Receptor	LAMC3	SV2A	LAMC3	SV2A	incoming	TNK	0.0	0.0	1.0	1.0	False	False	0.0	other	False	False
GSE291670	GSE291670	LAMA1_SV2B	LAMININ	ECM-Receptor	LAMA1	SV2B	LAMA1	SV2B	incoming	TNK	0.0	0.0	1.0	1.0	False	False	0.0	other	False	False
GSE291670	GSE291670	LAMA2_SV2B	LAMININ	ECM-Receptor	LAMA2	SV2B	LAMA2	SV2B	incoming	TNK	0.0	0.0	1.0	1.0	False	False	0.0	other	False	False
GSE291670	GSE291670	LAMA3_SV2B	LAMININ	ECM-Receptor	LAMA3	SV2B	LAMA3	SV2B	incoming	TNK	0.0	0.0	1.0	1.0	False	False	0.0	other	False	False
GSE291670	GSE291670	LAMA4_SV2B	LAMININ	ECM-Receptor	LAMA4	SV2B	LAMA4	SV2B	incoming	TNK	0.0	0.0	1.0	1.0	False	False	0.0	other	False	False
GSE291670	GSE291670	LAMA5_SV2B	LAMININ	ECM-Receptor	LAMA5	SV2B	LAMA5	SV2B	incoming	TNK	0.0	0.0	1.0	1.0	False	False	0.0	other	False	False
GSE291670	GSE291670	LAMB1_SV2B	LAMININ	ECM-Receptor	LAMB1	SV2B	LAMB1	SV2B	incoming	TNK	0.0	0.0	1.0	1.0	False	False	0.0	other	False	False
GSE291670	GSE291670	LAMB2_SV2B	LAMININ	ECM-Receptor	LAMB2	SV2B	LAMB2	SV2B	incoming	TNK	0.0	0.0	1.0	1.0	False	False	0.0	other	False	False
GSE291670	GSE291670	LAMB3_SV2B	LAMININ	ECM-Receptor	LAMB3	SV2B	LAMB3	SV2B	incoming	TNK	0.0	0.0	1.0	1.0	False	False	0.0	other	False	False
GSE291670	GSE291670	LAMC1_SV2B	LAMININ	ECM-Receptor	LAMC1	SV2B	LAMC1	SV2B	incoming	TNK	0.0	0.0	1.0	1.0	False	False	0.0	other	False	False
GSE291670	GSE291670	LAMC2_SV2B	LAMININ	ECM-Receptor	LAMC2	SV2B	LAMC2	SV2B	incoming	TNK	0.0	0.0	1.0	1.0	False	False	0.0	other	False	False
GSE291670	GSE291670	LAMC3_SV2B	LAMININ	ECM-Receptor	LAMC3	SV2B	LAMC3	SV2B	incoming	TNK	0.0	0.0	1.0	1.0	False	False	0.0	other	False	False
GSE291670	GSE291670	LAMA1_SV2C	LAMININ	ECM-Receptor	LAMA1	SV2C	LAMA1	SV2C	incoming	TNK	0.0	0.0	1.0	1.0	False	False	0.0	other	False	False
GSE291670	GSE291670	LAMA2_SV2C	LAMININ	ECM-Receptor	LAMA2	SV2C	LAMA2	SV2C	incoming	TNK	0.0	0.0	1.0	1.0	False	False	0.0	other	False	False
GSE291670	GSE291670	LAMA3_SV2C	LAMININ	ECM-Receptor	LAMA3	SV2C	LAMA3	SV2C	incoming	TNK	0.0	0.0	1.0	1.0	False	False	0.0	other	False	False
GSE291670	GSE291670	LAMA4_SV2C	LAMININ	ECM-Receptor	LAMA4	SV2C	LAMA4	SV2C	incoming	TNK	0.0	0.0	1.0	1.0	False	False	0.0	other	False	False
GSE291670	GSE291670	LAMA5_SV2C	LAMININ	ECM-Receptor	LAMA5	SV2C	LAMA5	SV2C	incoming	TNK	0.0	0.0	1.0	1.0	False	False	0.0	other	False	False
GSE291670	GSE291670	LAMB1_SV2C	LAMININ	ECM-Receptor	LAMB1	SV2C	LAMB1	SV2C	incoming	TNK	0.0	0.0	1.0	1.0	False	False	0.0	other	False	False
GSE291670	GSE291670	LAMB2_SV2C	LAMININ	ECM-Receptor	LAMB2	SV2C	LAMB2	SV2C	incoming	TNK	0.0	0.0	1.0	1.0	False	False	0.0	other	False	False
GSE291670	GSE291670	LAMB3_SV2C	LAMININ	ECM-Receptor	LAMB3	SV2C	LAMB3	SV2C	incoming	TNK	0.0	0.0	1.0	1.0	False	False	0.0	other	False	False
GSE291670	GSE291670	LAMC1_SV2C	LAMININ	ECM-Receptor	LAMC1	SV2C	LAMC1	SV2C	incoming	TNK	0.0	0.0	1.0	1.0	False	False	0.0	other	False	False
GSE291670	GSE291670	LAMC2_SV2C	LAMININ	ECM-Receptor	LAMC2	SV2C	LAMC2	SV2C	incoming	TNK	0.0	0.0	1.0	1.0	False	False	0.0	other	False	False
GSE291670	GSE291670	LAMC3_SV2C	LAMININ	ECM-Receptor	LAMC3	SV2C	LAMC3	SV2C	incoming	TNK	0.0	0.0	1.0	1.0	False	False	0.0	other	False	False
GSE291670	GSE291670	THBS1_CD36	THBS	ECM-Receptor	THBS1	CD36	THBS1	CD36	incoming	TNK	0.0	0.0	1.0	1.0	False	False	0.0	other	False	False
GSE291670	GSE291670	THBS2_CD36	THBS	ECM-Receptor	THBS2	CD36	THBS2	CD36	incoming	TNK	0.0	0.0	1.0	1.0	False	False	0.0	other	False	False
GSE291670	GSE291670	THBS3_CD36	THBS	ECM-Receptor	THBS3	CD36	THBS3	CD36	incoming	TNK	0.0	0.0	1.0	1.0	False	False	0.0	other	False	False
GSE291670	GSE291670	THBS4_CD36	THBS	ECM-Receptor	THBS4	CD36	THBS4	CD36	incoming	TNK	0.0	0.0	1.0	1.0	False	False	0.0	other	False	False
GSE291670	GSE291670	COMP_CD36	THBS	ECM-Receptor	COMP	CD36	COMP	CD36	incoming	TNK	0.0	0.0	1.0	1.0	False	False	0.0	other	False	False
GSE291670	GSE291670	COL1A1_GP6	COLLAGEN	ECM-Receptor	COL1A1	GP6	COL1A1	GP6	incoming	TNK	0.0	0.0	1.0	1.0	False	False	0.0	other	False	False
GSE291670	GSE291670	COL1A2_GP6	COLLAGEN	ECM-Receptor	COL1A2	GP6	COL1A2	GP6	incoming	TNK	0.0	0.0	1.0	1.0	False	False	0.0	other	False	False
GSE291670	GSE291670	COL2A1_GP6	COLLAGEN	ECM-Receptor	COL2A1	GP6	COL2A1	GP6	incoming	TNK	0.0	0.0	1.0	1.0	False	False	0.0	other	False	False
GSE291670	GSE291670	COL4A1_GP6	COLLAGEN	ECM-Receptor	COL4A1	GP6	COL4A1	GP6	incoming	TNK	0.0	0.0	1.0	1.0	False	False	0.0	other	False	False
GSE291670	GSE291670	COL4A2_GP6	COLLAGEN	ECM-Receptor	COL4A2	GP6	COL4A2	GP6	incoming	TNK	0.0	0.0	1.0	1.0	False	False	0.0	other	False	False
GSE291670	GSE291670	COL4A3_GP6	COLLAGEN	ECM-Receptor	COL4A3	GP6	COL4A3	GP6	incoming	TNK	0.0	0.0	1.0	1.0	False	False	0.0	other	False	False
GSE291670	GSE291670	COL4A4_GP6	COLLAGEN	ECM-Receptor	COL4A4	GP6	COL4A4	GP6	incoming	TNK	0.0	0.0	1.0	1.0	False	False	0.0	other	False	False
GSE291670	GSE291670	COL4A5_GP6	COLLAGEN	ECM-Receptor	COL4A5	GP6	COL4A5	GP6	incoming	TNK	0.0	0.0	1.0	1.0	False	False	0.0	other	False	False
GSE291670	GSE291670	COL4A6_GP6	COLLAGEN	ECM-Receptor	COL4A6	GP6	COL4A6	GP6	incoming	TNK	0.0	0.0	1.0	1.0	False	False	0.0	other	False	False
GSE291670	GSE291670	COL6A1_GP6	COLLAGEN	ECM-Receptor	COL6A1	GP6	COL6A1	GP6	incoming	TNK	0.0	0.0	1.0	1.0	False	False	0.0	other	False	False
GSE291670	GSE291670	COL6A2_GP6	COLLAGEN	ECM-Receptor	COL6A2	GP6	COL6A2	GP6	incoming	TNK	0.0	0.0	1.0	1.0	False	False	0.0	other	False	False
GSE291670	GSE291670	COL6A3_GP6	COLLAGEN	ECM-Receptor	COL6A3	GP6	COL6A3	GP6	incoming	TNK	0.0	0.0	1.0	1.0	False	False	0.0	other	False	False
GSE291670	GSE291670	COL6A5_GP6	COLLAGEN	ECM-Receptor	COL6A5	GP6	COL6A5	GP6	incoming	TNK	0.0	0.0	1.0	1.0	False	False	0.0	other	False	False
GSE291670	GSE291670	COL6A6_GP6	COLLAGEN	ECM-Receptor	COL6A6	GP6	COL6A6	GP6	incoming	TNK	0.0	0.0	1.0	1.0	False	False	0.0	other	False	False
GSE291670	GSE291670	COL9A1_GP6	COLLAGEN	ECM-Receptor	COL9A1	GP6	COL9A1	GP6	incoming	TNK	0.0	0.0	1.0	1.0	False	False	0.0	other	False	False
GSE291670	GSE291670	COL9A2_GP6	COLLAGEN	ECM-Receptor	COL9A2	GP6	COL9A2	GP6	incoming	TNK	0.0	0.0	1.0	1.0	False	False	0.0	other	False	False
GSE291670	GSE291670	COL9A3_GP6	COLLAGEN	ECM-Receptor	COL9A3	GP6	COL9A3	GP6	incoming	TNK	0.0	0.0	1.0	1.0	False	False	0.0	other	False	False
GSE291670	GSE291670	THBS1_CD47	THBS	ECM-Receptor	THBS1	CD47	THBS1	CD47	incoming	TNK	0.0	0.0	1.0	1.0	False	False	0.0	other	False	False
GSE291670	GSE291670	THBS2_CD47	THBS	ECM-Receptor	THBS2	CD47	THBS2	CD47	incoming	TNK	0.0	0.0	1.0	1.0	False	False	0.0	other	False	False
GSE291670	GSE291670	THBS3_CD47	THBS	ECM-Receptor	THBS3	CD47	THBS3	CD47	incoming	TNK	0.0	0.0	1.0	1.0	False	False	0.0	other	False	False
GSE291670	GSE291670	THBS4_CD47	THBS	ECM-Receptor	THBS4	CD47	THBS4	CD47	incoming	TNK	0.0	0.0	1.0	1.0	False	False	0.0	other	False	False
GSE291670	GSE291670	COMP_CD47	THBS	ECM-Receptor	COMP	CD47	COMP	CD47	incoming	TNK	0.0	0.0	1.0	1.0	False	False	0.0	other	False	False
GSE291670	GSE291670	AGRN_DAG1	AGRN	ECM-Receptor	AGRN	DAG1	AGRN	DAG1	incoming	TNK	0.0	0.0	1.0	1.0	False	False	0.0	other	False	False
GSE291670	GSE291670	HSPG2_DAG1	HSPG	ECM-Receptor	HSPG2	DAG1	HSPG2	DAG1	incoming	TNK	0.0	0.0	1.0	1.0	False	False	0.0	other	False	False
GSE291670	GSE291670	LAMA1_DAG1	LAMININ	ECM-Receptor	LAMA1	DAG1	LAMA1	DAG1	incoming	TNK	0.0	0.0	1.0	1.0	False	False	0.0	other	False	False
GSE291670	GSE291670	LAMA2_DAG1	LAMININ	ECM-Receptor	LAMA2	DAG1	LAMA2	DAG1	incoming	TNK	0.0	0.0	1.0	1.0	False	False	0.0	other	False	False
GSE291670	GSE291670	LAMA3_DAG1	LAMININ	ECM-Receptor	LAMA3	DAG1	LAMA3	DAG1	incoming	TNK	0.04330775402364922	0.0	0.009900990099009901	1.0	True	False	0.04330775402364922	other	True	True
GSE291670	GSE291670	LAMA4_DAG1	LAMININ	ECM-Receptor	LAMA4	DAG1	LAMA4	DAG1	incoming	TNK	0.0	0.0	1.0	1.0	False	False	0.0	other	False	False
GSE291670	GSE291670	LAMA5_DAG1	LAMININ	ECM-Receptor	LAMA5	DAG1	LAMA5	DAG1	incoming	TNK	0.0	0.0	1.0	1.0	False	False	0.0	other	False	False
GSE291670	GSE291670	LAMB1_DAG1	LAMININ	ECM-Receptor	LAMB1	DAG1	LAMB1	DAG1	incoming	TNK	0.0	0.0	1.0	1.0	False	False	0.0	other	False	False
GSE291670	GSE291670	LAMB2_DAG1	LAMININ	ECM-Receptor	LAMB2	DAG1	LAMB2	DAG1	incoming	TNK	0.0	0.0	1.0	1.0	False	False	0.0	other	False	False
GSE291670	GSE291670	LAMB3_DAG1	LAMININ	ECM-Receptor	LAMB3	DAG1	LAMB3	DAG1	incoming	TNK	0.0	0.0	1.0	1.0	False	False	0.0	other	False	False
GSE291670	GSE291670	LAMC1_DAG1	LAMININ	ECM-Receptor	LAMC1	DAG1	LAMC1	DAG1	incoming	TNK	0.008915132104037063	0.0	0.009900990099009901	1.0	True	False	0.008915132104037063	other	True	True
GSE291670	GSE291670	LAMC2_DAG1	LAMININ	ECM-Receptor	LAMC2	DAG1	LAMC2	DAG1	incoming	TNK	0.0	0.0	1.0	1.0	False	False	0.0	other	False	False
GSE291670	GSE291670	LAMC3_DAG1	LAMININ	ECM-Receptor	LAMC3	DAG1	LAMC3	DAG1	incoming	TNK	0.0	0.0	1.0	1.0	False	False	0.0	other	False	False
GSE291670	GSE291670	APP_CD74	APP	Cell-Cell Contact	APP	CD74	APP	CD74	incoming	TNK	0.018032856820187515	0.015381915638247956	0.4158415841584158	0.504950495049505	False	False	0.0026509411819395593	other	False	False
GSE291670	GSE291670	CADM1_CADM1	CADM	Cell-Cell Contact	CADM1	CADM1	CADM1	CADM1	incoming	TNK	0.6148313620119616	0.7087256555910956	1.0	0.009900990099009901	False	True	-0.09389429357913393	barrier	True	True
GSE291670	GSE291670	CADM3_CADM3	CADM	Cell-Cell Contact	CADM3	CADM3	CADM3	CADM3	incoming	TNK	0.0	0.0	1.0	1.0	False	False	0.0	other	False	False
GSE291670	GSE291670	FCER2A_CR2	CD23	Cell-Cell Contact	FCER2	CR2	FCER2	CR2	incoming	TNK	0.0	0.0	1.0	1.0	False	False	0.0	other	False	False
GSE291670	GSE291670	CD34_SELP	CD34	Cell-Cell Contact	CD34	SELP	CD34	SELP	incoming	TNK	0.0	0.0	1.0	1.0	False	False	0.0	other	False	False
GSE291670	GSE291670	ENTPD1_ADORA1	CD39	Cell-Cell Contact	ENTPD1	ADORA1	ENTPD1	ADORA1	incoming	TNK	0.0	0.0	1.0	1.0	False	False	0.0	other	False	False
GSE291670	GSE291670	ENTPD1_ADORA2A	CD39	Cell-Cell Contact	ENTPD1	ADORA2A	ENTPD1	ADORA2A	incoming	TNK	0.0	0.0	1.0	1.0	False	False	0.0	other	False	False
GSE291670	GSE291670	ENTPD1_ADORA2B	CD39	Cell-Cell Contact	ENTPD1	ADORA2B	ENTPD1	ADORA2B	incoming	TNK	0.0	0.0	1.0	1.0	False	False	0.0	other	False	False
GSE291670	GSE291670	ENTPD1_TMIGD3	CD39	Cell-Cell Contact	ENTPD1	TMIGD3	ENTPD1	TMIGD3	incoming	TNK	0.0	0.0	1.0	1.0	False	False	0.0	other	False	False
GSE291670	GSE291670	CD40LG_CD40	CD40	Cell-Cell Contact	CD40LG	CD40	CD40LG	CD40	incoming	TNK	0.0	0.0	1.0	1.0	False	False	0.0	other	False	False
GSE291670	GSE291670	PTPRC_CD22	CD45	Cell-Cell Contact	PTPRC	CD22	PTPRC	CD22	incoming	TNK	0.0	0.0	1.0	1.0	False	False	0.0	other	False	False
GSE291670	GSE291670	PTPRC_MRC1	CD45	Cell-Cell Contact	PTPRC	MRC1	PTPRC	MRC1	incoming	TNK	0.0	0.0	1.0	1.0	False	False	0.0	other	False	False
GSE291670	GSE291670	CD46_JAG1	CD46	Cell-Cell Contact	CD46	JAG1	CD46	JAG1	incoming	TNK	0.02094577743033916	0.0	0.009900990099009901	1.0	True	False	0.02094577743033916	other	True	True
GSE291670	GSE291670	CD48_CD244A	CD48	Cell-Cell Contact	CD48	CD244	CD48	CD244	incoming	TNK	0.0	0.0	1.0	1.0	False	False	0.0	other	False	False
GSE291670	GSE291670	CD6_ALCAM	CD6	Cell-Cell Contact	CD6	ALCAM	CD6	ALCAM	incoming	TNK	0.0	0.0	1.0	1.0	False	False	0.0	other	False	False
GSE291670	GSE291670	CD80_CD274	CD80	Cell-Cell Contact	CD80	CD274	CD80	CD274	incoming	TNK	0.0	0.0	1.0	1.0	False	False	0.0	inhibitory	False	False
GSE291670	GSE291670	CD80_CD28	CD80	Cell-Cell Contact	CD80	CD28	CD80	CD28	incoming	TNK	0.0	0.0	1.0	1.0	False	False	0.0	inhibitory	False	False
GSE291670	GSE291670	CD80_CTLA4	CD80	Cell-Cell Contact	CD80	CTLA4	CD80	CTLA4	incoming	TNK	0.0	0.0	1.0	1.0	False	False	0.0	inhibitory	False	False
GSE291670	GSE291670	CD86_CD28	CD86	Cell-Cell Contact	CD86	CD28	CD86	CD28	incoming	TNK	0.0	0.0	1.0	1.0	False	False	0.0	inhibitory	False	False
GSE291670	GSE291670	CD86_CTLA4	CD86	Cell-Cell Contact	CD86	CTLA4	CD86	CTLA4	incoming	TNK	0.0	0.0	1.0	1.0	False	False	0.0	inhibitory	False	False
GSE291670	GSE291670	CD96_NECTIN1	CD96	Cell-Cell Contact	CD96	NECTIN1	CD96	NECTIN1	incoming	TNK	0.0	0.0	1.0	1.0	False	False	0.0	other	False	False
GSE291670	GSE291670	CD96_PVR	CD96	Cell-Cell Contact	CD96	PVR	CD96	PVR	incoming	TNK	0.0	0.0	1.0	1.0	False	False	0.0	other	False	False
GSE291670	GSE291670	CD99_PILRA	CD99	Cell-Cell Contact	CD99	PILRA	CD99	PILRA	incoming	TNK	0.0	0.0	1.0	1.0	False	False	0.0	other	False	False
GSE291670	GSE291670	CD99_CD99	CD99	Cell-Cell Contact	CD99	CD99	CD99	CD99	incoming	TNK	0.0	0.0	1.0	1.0	False	False	0.0	other	False	False
GSE291670	GSE291670	CD99_CD99L2	CD99	Cell-Cell Contact	CD99	CD99L2	CD99	CD99L2	incoming	TNK	0.0	0.0	1.0	1.0	False	False	0.0	other	False	False
GSE291670	GSE291670	CDH15_CDH15	CDH	Cell-Cell Contact	CDH15	CDH15	CDH15	CDH15	incoming	TNK	0.0	0.0	1.0	1.0	False	False	0.0	other	False	False
GSE291670	GSE291670	CDH4_CDH4	CDH	Cell-Cell Contact	CDH4	CDH4	CDH4	CDH4	incoming	TNK	0.0	0.0	1.0	1.0	False	False	0.0	other	False	False
GSE291670	GSE291670	CDH2_CDH2	CDH	Cell-Cell Contact	CDH2	CDH2	CDH2	CDH2	incoming	TNK	0.0	0.0	1.0	1.0	False	False	0.0	other	False	False
GSE291670	GSE291670	CDH1_CDH1	CDH	Cell-Cell Contact	CDH1	CDH1	CDH1	CDH1	incoming	TNK	0.0	0.0	1.0	1.0	False	False	0.0	barrier|inhibitory	False	False
GSE291670	GSE291670	CDH1_KLRG1	CDH1	Cell-Cell Contact	CDH1	KLRG1	CDH1	KLRG1	incoming	TNK	0.0	0.0	1.0	1.0	False	False	0.0	barrier|inhibitory	False	False
GSE291670	GSE291670	CDH5_CDH5	CDH5	Cell-Cell Contact	CDH5	CDH5	CDH5	CDH5	incoming	TNK	0.0	0.0	1.0	1.0	False	False	0.0	other	False	False
GSE291670	GSE291670	CD1D_CEACAM5	CEACAM	Cell-Cell Contact	CD1D	CEACAM5	CD1D	CEACAM5	incoming	TNK	0.0	0.0	1.0	1.0	False	False	0.0	other	False	False
GSE291670	GSE291670	CD209_CEACAM1	CEACAM	Cell-Cell Contact	CD209	CEACAM1	CD209	CEACAM1	incoming	TNK	0.0	0.0	1.0	1.0	False	False	0.0	other	False	False
GSE291670	GSE291670	CD8A_CEACAM5	CEACAM	Cell-Cell Contact	CD8A	CEACAM5	CD8A	CEACAM5	incoming	TNK	0.0	0.0	1.0	1.0	False	False	0.0	other	False	False
GSE291670	GSE291670	CEACAM1_CEACAM5	CEACAM	Cell-Cell Contact	CEACAM1	CEACAM5	CEACAM1	CEACAM5	incoming	TNK	0.0	0.0	1.0	1.0	False	False	0.0	barrier	False	False
GSE291670	GSE291670	SELE_CEACAM1	CEACAM	Cell-Cell Contact	SELE	CEACAM1	SELE	CEACAM1	incoming	TNK	0.0	0.0	1.0	1.0	False	False	0.0	other	False	False
GSE291670	GSE291670	CLDN11_CLDN11	CLDN	Cell-Cell Contact	CLDN11	CLDN11	CLDN11	CLDN11	incoming	TNK	0.0	0.0	1.0	1.0	False	False	0.0	other	False	False
GSE291670	GSE291670	CLEC2D_KLRB1	CLEC	Cell-Cell Contact	CLEC2D	KLRB1	CLEC2D	KLRB1	incoming	TNK	0.0	0.0	1.0	1.0	False	False	0.0	other	False	False
GSE291670	GSE291670	CLEC2A_KLRB1	CLEC	Cell-Cell Contact	CLEC2A	KLRB1	CLEC2A	KLRB1	incoming	TNK	0.0	0.0	1.0	1.0	False	False	0.0	other	False	False
GSE291670	GSE291670	CLEC2B_KLRB1	CLEC	Cell-Cell Contact	CLEC2B	KLRB1	CLEC2B	KLRB1	incoming	TNK	0.0	0.0	1.0	1.0	False	False	0.0	other	False	False
GSE291670	GSE291670	CLEC2C_KLRB1	CLEC	Cell-Cell Contact	CD69	KLRB1	CD69	KLRB1	incoming	TNK	0.0	0.0	1.0	1.0	False	False	0.0	other	False	False
GSE291670	GSE291670	CLEC2L_KLRB1	CLEC	Cell-Cell Contact	CLEC2L	KLRB1	CLEC2L	KLRB1	incoming	TNK	0.0	0.0	1.0	1.0	False	False	0.0	other	False	False
GSE291670	GSE291670	CLEC1B_KLRB1	CLEC	Cell-Cell Contact	CLEC1B	KLRB1	CLEC1B	KLRB1	incoming	TNK	0.0	0.0	1.0	1.0	False	False	0.0	other	False	False
GSE291670	GSE291670	CNTN2_L1CAM	CNTN	Cell-Cell Contact	CNTN2	L1CAM	CNTN2	L1CAM	incoming	TNK	0.0	0.0	1.0	1.0	False	False	0.0	other	False	False
GSE291670	GSE291670	CNTN2_CNTN2	CNTN	Cell-Cell Contact	CNTN2	CNTN2	CNTN2	CNTN2	incoming	TNK	0.0	0.0	1.0	1.0	False	False	0.0	other	False	False
GSE291670	GSE291670	CNTN1_NRCAM	CNTN	Cell-Cell Contact	CNTN1	NRCAM	CNTN1	NRCAM	incoming	TNK	0.0	0.0	1.0	1.0	False	False	0.0	other	False	False
GSE291670	GSE291670	DSC1_DSG1	DESMOSOME	Cell-Cell Contact	DSC1	DSG1	DSC1	DSG1	incoming	TNK	0.0	0.0	1.0	1.0	False	False	0.0	other	False	False
GSE291670	GSE291670	DSC1_DSG2	DESMOSOME	Cell-Cell Contact	DSC1	DSG2	DSC1	DSG2	incoming	TNK	0.0	0.0	1.0	1.0	False	False	0.0	other	False	False
GSE291670	GSE291670	DSC2_DSG1	DESMOSOME	Cell-Cell Contact	DSC2	DSG1	DSC2	DSG1	incoming	TNK	0.0	0.0	1.0	1.0	False	False	0.0	barrier	False	False
GSE291670	GSE291670	DSC2_DSG2	DESMOSOME	Cell-Cell Contact	DSC2	DSG2	DSC2	DSG2	incoming	TNK	0.0	0.0	1.0	1.0	False	False	0.0	barrier	False	False
GSE291670	GSE291670	DSC3_DSG1	DESMOSOME	Cell-Cell Contact	DSC3	DSG1	DSC3	DSG1	incoming	TNK	0.0	0.0	1.0	1.0	False	False	0.0	other	False	False
GSE291670	GSE291670	DSC3_DSG2	DESMOSOME	Cell-Cell Contact	DSC3	DSG2	DSC3	DSG2	incoming	TNK	0.0	0.0	1.0	1.0	False	False	0.0	other	False	False
GSE291670	GSE291670	EPGN_EGFR	EPGN	Cell-Cell Contact	EPGN	EGFR	EPGN	EGFR	incoming	TNK	0.0	0.0	1.0	1.0	False	False	0.0	other	False	False
GSE291670	GSE291670	EFNA1_EPHA1	EPHA	Cell-Cell Contact	EFNA1	EPHA1	EFNA1	EPHA1	incoming	TNK	0.0	0.0	1.0	1.0	False	False	0.0	other	False	False
GSE291670	GSE291670	EFNA1_EPHA2	EPHA	Cell-Cell Contact	EFNA1	EPHA2	EFNA1	EPHA2	incoming	TNK	0.0	0.0	1.0	1.0	False	False	0.0	other	False	False
GSE291670	GSE291670	EFNA1_EPHA3	EPHA	Cell-Cell Contact	EFNA1	EPHA3	EFNA1	EPHA3	incoming	TNK	0.0	0.0	1.0	1.0	False	False	0.0	other	False	False
GSE291670	GSE291670	EFNA1_EPHA4	EPHA	Cell-Cell Contact	EFNA1	EPHA4	EFNA1	EPHA4	incoming	TNK	0.0	0.0	1.0	1.0	False	False	0.0	other	False	False
GSE291670	GSE291670	EFNA1_EPHA5	EPHA	Cell-Cell Contact	EFNA1	EPHA5	EFNA1	EPHA5	incoming	TNK	0.0	0.0	1.0	1.0	False	False	0.0	other	False	False
GSE291670	GSE291670	EFNA1_EPHA7	EPHA	Cell-Cell Contact	EFNA1	EPHA7	EFNA1	EPHA7	incoming	TNK	0.0	0.0	1.0	1.0	False	False	0.0	other	False	False
GSE291670	GSE291670	EFNA1_EPHA8	EPHA	Cell-Cell Contact	EFNA1	EPHA8	EFNA1	EPHA8	incoming	TNK	0.0	0.0	1.0	1.0	False	False	0.0	other	False	False
GSE291670	GSE291670	EFNA2_EPHA1	EPHA	Cell-Cell Contact	EFNA2	EPHA1	EFNA2	EPHA1	incoming	TNK	0.0	0.0	1.0	1.0	False	False	0.0	other	False	False
GSE291670	GSE291670	EFNA2_EPHA2	EPHA	Cell-Cell Contact	EFNA2	EPHA2	EFNA2	EPHA2	incoming	TNK	0.0	0.0	1.0	1.0	False	False	0.0	other	False	False
GSE291670	GSE291670	EFNA2_EPHA3	EPHA	Cell-Cell Contact	EFNA2	EPHA3	EFNA2	EPHA3	incoming	TNK	0.0	0.0	1.0	1.0	False	False	0.0	other	False	False
GSE291670	GSE291670	EFNA2_EPHA4	EPHA	Cell-Cell Contact	EFNA2	EPHA4	EFNA2	EPHA4	incoming	TNK	0.0	0.0	1.0	1.0	False	False	0.0	other	False	False
GSE291670	GSE291670	EFNA2_EPHA5	EPHA	Cell-Cell Contact	EFNA2	EPHA5	EFNA2	EPHA5	incoming	TNK	0.0	0.0	1.0	1.0	False	False	0.0	other	False	False
GSE291670	GSE291670	EFNA2_EPHA7	EPHA	Cell-Cell Contact	EFNA2	EPHA7	EFNA2	EPHA7	incoming	TNK	0.0	0.0	1.0	1.0	False	False	0.0	other	False	False
GSE291670	GSE291670	EFNA2_EPHA8	EPHA	Cell-Cell Contact	EFNA2	EPHA8	EFNA2	EPHA8	incoming	TNK	0.0	0.0	1.0	1.0	False	False	0.0	other	False	False
GSE291670	GSE291670	EFNA3_EPHA1	EPHA	Cell-Cell Contact	EFNA3	EPHA1	EFNA3	EPHA1	incoming	TNK	0.0	0.0	1.0	1.0	False	False	0.0	other	False	False
GSE291670	GSE291670	EFNA3_EPHA2	EPHA	Cell-Cell Contact	EFNA3	EPHA2	EFNA3	EPHA2	incoming	TNK	0.0	0.0	1.0	1.0	False	False	0.0	other	False	False
GSE291670	GSE291670	EFNA3_EPHA3	EPHA	Cell-Cell Contact	EFNA3	EPHA3	EFNA3	EPHA3	incoming	TNK	0.0	0.0	1.0	1.0	False	False	0.0	other	False	False
GSE291670	GSE291670	EFNA3_EPHA4	EPHA	Cell-Cell Contact	EFNA3	EPHA4	EFNA3	EPHA4	incoming	TNK	0.0	0.0	1.0	1.0	False	False	0.0	other	False	False
GSE291670	GSE291670	EFNA3_EPHA5	EPHA	Cell-Cell Contact	EFNA3	EPHA5	EFNA3	EPHA5	incoming	TNK	0.0	0.0	1.0	1.0	False	False	0.0	other	False	False
GSE291670	GSE291670	EFNA3_EPHA7	EPHA	Cell-Cell Contact	EFNA3	EPHA7	EFNA3	EPHA7	incoming	TNK	0.0	0.0	1.0	1.0	False	False	0.0	other	False	False
GSE291670	GSE291670	EFNA3_EPHA8	EPHA	Cell-Cell Contact	EFNA3	EPHA8	EFNA3	EPHA8	incoming	TNK	0.0	0.0	1.0	1.0	False	False	0.0	other	False	False
GSE291670	GSE291670	EFNA4_EPHA1	EPHA	Cell-Cell Contact	EFNA4	EPHA1	EFNA4	EPHA1	incoming	TNK	0.0	0.0	1.0	1.0	False	False	0.0	other	False	False
GSE291670	GSE291670	EFNA4_EPHA2	EPHA	Cell-Cell Contact	EFNA4	EPHA2	EFNA4	EPHA2	incoming	TNK	0.0	0.0	1.0	1.0	False	False	0.0	other	False	False
GSE291670	GSE291670	EFNA4_EPHA3	EPHA	Cell-Cell Contact	EFNA4	EPHA3	EFNA4	EPHA3	incoming	TNK	0.0	0.0	1.0	1.0	False	False	0.0	other	False	False
GSE291670	GSE291670	EFNA4_EPHA4	EPHA	Cell-Cell Contact	EFNA4	EPHA4	EFNA4	EPHA4	incoming	TNK	0.0	0.0	1.0	1.0	False	False	0.0	other	False	False
GSE291670	GSE291670	EFNA4_EPHA5	EPHA	Cell-Cell Contact	EFNA4	EPHA5	EFNA4	EPHA5	incoming	TNK	0.0	0.0	1.0	1.0	False	False	0.0	other	False	False
GSE291670	GSE291670	EFNA4_EPHA7	EPHA	Cell-Cell Contact	EFNA4	EPHA7	EFNA4	EPHA7	incoming	TNK	0.0	0.0	1.0	1.0	False	False	0.0	other	False	False
GSE291670	GSE291670	EFNA4_EPHA8	EPHA	Cell-Cell Contact	EFNA4	EPHA8	EFNA4	EPHA8	incoming	TNK	0.0	0.0	1.0	1.0	False	False	0.0	other	False	False
GSE291670	GSE291670	EFNA5_EPHA1	EPHA	Cell-Cell Contact	EFNA5	EPHA1	EFNA5	EPHA1	incoming	TNK	0.0	0.0	1.0	1.0	False	False	0.0	other	False	False
GSE291670	GSE291670	EFNA5_EPHA2	EPHA	Cell-Cell Contact	EFNA5	EPHA2	EFNA5	EPHA2	incoming	TNK	0.00881856542325515	0.0	0.009900990099009901	1.0	True	False	0.00881856542325515	other	True	True
GSE291670	GSE291670	EFNA5_EPHA3	EPHA	Cell-Cell Contact	EFNA5	EPHA3	EFNA5	EPHA3	incoming	TNK	0.0	0.0	1.0	1.0	False	False	0.0	other	False	False
GSE291670	GSE291670	EFNA5_EPHA4	EPHA	Cell-Cell Contact	EFNA5	EPHA4	EFNA5	EPHA4	incoming	TNK	0.22602356304938812	0.08630158185214394	0.009900990099009901	1.0	True	False	0.13972198119724416	other	True	True
GSE291670	GSE291670	EFNA5_EPHA5	EPHA	Cell-Cell Contact	EFNA5	EPHA5	EFNA5	EPHA5	incoming	TNK	0.0	0.0	1.0	1.0	False	False	0.0	other	False	False
GSE291670	GSE291670	EFNA5_EPHA7	EPHA	Cell-Cell Contact	EFNA5	EPHA7	EFNA5	EPHA7	incoming	TNK	0.0	0.0	1.0	1.0	False	False	0.0	other	False	False
GSE291670	GSE291670	EFNA5_EPHA8	EPHA	Cell-Cell Contact	EFNA5	EPHA8	EFNA5	EPHA8	incoming	TNK	0.0	0.0	1.0	1.0	False	False	0.0	other	False	False
GSE291670	GSE291670	EFNA5_EPHB2	EPHA	Cell-Cell Contact	EFNA5	EPHB2	EFNA5	EPHB2	incoming	TNK	0.0	0.0	1.0	1.0	False	False	0.0	other	False	False
GSE291670	GSE291670	EFNB1_EPHA4	EPHB	Cell-Cell Contact	EFNB1	EPHA4	EFNB1	EPHA4	incoming	TNK	0.0	0.0	1.0	1.0	False	False	0.0	other	False	False
GSE291670	GSE291670	EFNB1_EPHB1	EPHB	Cell-Cell Contact	EFNB1	EPHB1	EFNB1	EPHB1	incoming	TNK	0.0	0.0	1.0	1.0	False	False	0.0	other	False	False
GSE291670	GSE291670	EFNB1_EPHB2	EPHB	Cell-Cell Contact	EFNB1	EPHB2	EFNB1	EPHB2	incoming	TNK	0.0	0.0	1.0	1.0	False	False	0.0	other	False	False
GSE291670	GSE291670	EFNB1_EPHB3	EPHB	Cell-Cell Contact	EFNB1	EPHB3	EFNB1	EPHB3	incoming	TNK	0.0	0.0	1.0	1.0	False	False	0.0	other	False	False
GSE291670	GSE291670	EFNB1_EPHB4	EPHB	Cell-Cell Contact	EFNB1	EPHB4	EFNB1	EPHB4	incoming	TNK	0.0	0.0	1.0	1.0	False	False	0.0	other	False	False
GSE291670	GSE291670	EFNB2_EPHA4	EPHB	Cell-Cell Contact	EFNB2	EPHA4	EFNB2	EPHA4	incoming	TNK	0.0	0.0	1.0	1.0	False	False	0.0	other	False	False
GSE291670	GSE291670	EFNB2_EPHB1	EPHB	Cell-Cell Contact	EFNB2	EPHB1	EFNB2	EPHB1	incoming	TNK	0.0	0.0	1.0	1.0	False	False	0.0	other	False	False
GSE291670	GSE291670	EFNB2_EPHB2	EPHB	Cell-Cell Contact	EFNB2	EPHB2	EFNB2	EPHB2	incoming	TNK	0.0	0.0	1.0	1.0	False	False	0.0	other	False	False
GSE291670	GSE291670	EFNB2_EPHB3	EPHB	Cell-Cell Contact	EFNB2	EPHB3	EFNB2	EPHB3	incoming	TNK	0.0	0.0	1.0	1.0	False	False	0.0	other	False	False
GSE291670	GSE291670	EFNB2_EPHB4	EPHB	Cell-Cell Contact	EFNB2	EPHB4	EFNB2	EPHB4	incoming	TNK	0.0	0.0	1.0	1.0	False	False	0.0	other	False	False
GSE291670	GSE291670	EFNB3_EPHA4	EPHB	Cell-Cell Contact	EFNB3	EPHA4	EFNB3	EPHA4	incoming	TNK	0.0	0.0	1.0	1.0	False	False	0.0	other	False	False
GSE291670	GSE291670	EFNB3_EPHB1	EPHB	Cell-Cell Contact	EFNB3	EPHB1	EFNB3	EPHB1	incoming	TNK	0.0	0.0	1.0	1.0	False	False	0.0	other	False	False
GSE291670	GSE291670	EFNB3_EPHB2	EPHB	Cell-Cell Contact	EFNB3	EPHB2	EFNB3	EPHB2	incoming	TNK	0.0	0.0	1.0	1.0	False	False	0.0	other	False	False
GSE291670	GSE291670	EFNB3_EPHB3	EPHB	Cell-Cell Contact	EFNB3	EPHB3	EFNB3	EPHB3	incoming	TNK	0.0	0.0	1.0	1.0	False	False	0.0	other	False	False
GSE291670	GSE291670	EFNB3_EPHB4	EPHB	Cell-Cell Contact	EFNB3	EPHB4	EFNB3	EPHB4	incoming	TNK	0.0	0.0	1.0	1.0	False	False	0.0	other	False	False
GSE291670	GSE291670	EFNB3_EPHB6	EPHB	Cell-Cell Contact	EFNB3	EPHB6	EFNB3	EPHB6	incoming	TNK	0.0	0.0	1.0	1.0	False	False	0.0	other	False	False
GSE291670	GSE291670	ESAM_ESAM	ESAM	Cell-Cell Contact	ESAM	ESAM	ESAM	ESAM	incoming	TNK	0.0	0.0	1.0	1.0	False	False	0.0	other	False	False
GSE291670	GSE291670	ICAM1_ITGAL	ICAM	Cell-Cell Contact	ICAM1	ITGAL	ICAM1	ITGAL	incoming	TNK	0.0	0.0	1.0	1.0	False	False	0.0	other	False	False
GSE291670	GSE291670	ICAM1_SPN	ICAM	Cell-Cell Contact	ICAM1	SPN	ICAM1	SPN	incoming	TNK	0.0	0.0	1.0	1.0	False	False	0.0	other	False	False
GSE291670	GSE291670	ICAM5_CD209	ICAM	Cell-Cell Contact	ICAM5	CD209	ICAM5	CD209	incoming	TNK	0.0	0.0	1.0	1.0	False	False	0.0	other	False	False
GSE291670	GSE291670	ICOSL_ICOS	ICOS	Cell-Cell Contact	ICOSLG	ICOS	ICOSLG	ICOS	incoming	TNK	0.0	0.0	1.0	1.0	False	False	0.0	other	False	False
GSE291670	GSE291670	ICOSL_CD28	ICOS	Cell-Cell Contact	ICOSLG	CD28	ICOSLG	CD28	incoming	TNK	0.0	0.0	1.0	1.0	False	False	0.0	other	False	False
GSE291670	GSE291670	ICOSL_CTLA4	ICOS	Cell-Cell Contact	ICOSLG	CTLA4	ICOSLG	CTLA4	incoming	TNK	0.0	0.0	1.0	1.0	False	False	0.0	other	False	False
GSE291670	GSE291670	JAM2_JAM3	JAM	Cell-Cell Contact	JAM2	JAM3	JAM2	JAM3	incoming	TNK	0.0	0.0	1.0	1.0	False	False	0.0	barrier	False	False
GSE291670	GSE291670	F11R_F11R	JAM	Cell-Cell Contact	F11R	F11R	F11R	F11R	incoming	TNK	0.0	0.0	1.0	1.0	False	False	0.0	barrier	False	False
GSE291670	GSE291670	JAM2_F11R	JAM	Cell-Cell Contact	JAM2	F11R	JAM2	F11R	incoming	TNK	0.0	0.0	1.0	1.0	False	False	0.0	barrier	False	False
GSE291670	GSE291670	JAM2_JAM2	JAM	Cell-Cell Contact	JAM2	JAM2	JAM2	JAM2	incoming	TNK	0.0	0.0	1.0	1.0	False	False	0.0	barrier	False	False
GSE291670	GSE291670	JAM3_F11R	JAM	Cell-Cell Contact	JAM3	F11R	JAM3	F11R	incoming	TNK	0.0	0.0	1.0	1.0	False	False	0.0	barrier	False	False
GSE291670	GSE291670	JAM3_JAM3	JAM	Cell-Cell Contact	JAM3	JAM3	JAM3	JAM3	incoming	TNK	0.0	0.0	1.0	1.0	False	False	0.0	barrier	False	False
GSE291670	GSE291670	L1CAM_L1CAM	L1CAM	Cell-Cell Contact	L1CAM	L1CAM	L1CAM	L1CAM	incoming	TNK	0.0	0.0	1.0	1.0	False	False	0.0	other	False	False
GSE291670	GSE291670	MAG_MAG	MAG	Cell-Cell Contact	MAG	MAG	MAG	MAG	incoming	TNK	0.0	0.0	1.0	1.0	False	False	0.0	other	False	False
GSE291670	GSE291670	HLA-A_CD8A	MHC-I	Cell-Cell Contact	HLA-A	CD8A	HLA-A	CD8A	incoming	TNK	0.0	0.0	1.0	1.0	False	False	0.0	other	False	False
GSE291670	GSE291670	HLA-B_CD8A	MHC-I	Cell-Cell Contact	HLA-B	CD8A	HLA-B	CD8A	incoming	TNK	0.0	0.0	1.0	1.0	False	False	0.0	other	False	False
GSE291670	GSE291670	HLA-C_CD8A	MHC-I	Cell-Cell Contact	HLA-C	CD8A	HLA-C	CD8A	incoming	TNK	0.0	0.0	1.0	1.0	False	False	0.0	other	False	False
GSE291670	GSE291670	HLA-E_CD8A	MHC-I	Cell-Cell Contact	HLA-E	CD8A	HLA-E	CD8A	incoming	TNK	0.0	0.0	1.0	1.0	False	False	0.0	inhibitory	False	False
GSE291670	GSE291670	HLA-F_CD8A	MHC-I	Cell-Cell Contact	HLA-F	CD8A	HLA-F	CD8A	incoming	TNK	0.0	0.0	1.0	1.0	False	False	0.0	inhibitory	False	False
GSE291670	GSE291670	HLA-G_CD8A	MHC-I	Cell-Cell Contact	HLA-G	CD8A	HLA-G	CD8A	incoming	TNK	0.0	0.0	1.0	1.0	False	False	0.0	inhibitory	False	False
GSE291670	GSE291670	HLA-A_CD8B	MHC-I	Cell-Cell Contact	HLA-A	CD8B	HLA-A	CD8B	incoming	TNK	0.0	0.0	1.0	1.0	False	False	0.0	other	False	False
GSE291670	GSE291670	HLA-B_CD8B	MHC-I	Cell-Cell Contact	HLA-B	CD8B	HLA-B	CD8B	incoming	TNK	0.0	0.0	1.0	1.0	False	False	0.0	other	False	False
GSE291670	GSE291670	HLA-C_CD8B	MHC-I	Cell-Cell Contact	HLA-C	CD8B	HLA-C	CD8B	incoming	TNK	0.0	0.0	1.0	1.0	False	False	0.0	other	False	False
GSE291670	GSE291670	HLA-E_CD8B	MHC-I	Cell-Cell Contact	HLA-E	CD8B	HLA-E	CD8B	incoming	TNK	0.0	0.0	1.0	1.0	False	False	0.0	inhibitory	False	False
GSE291670	GSE291670	HLA-F_CD8B	MHC-I	Cell-Cell Contact	HLA-F	CD8B	HLA-F	CD8B	incoming	TNK	0.0	0.0	1.0	1.0	False	False	0.0	inhibitory	False	False
GSE291670	GSE291670	HLA-G_CD8B	MHC-I	Cell-Cell Contact	HLA-G	CD8B	HLA-G	CD8B	incoming	TNK	0.0	0.0	1.0	1.0	False	False	0.0	inhibitory	False	False
GSE291670	GSE291670	HLA-A_CD8B2	MHC-I	Cell-Cell Contact	HLA-A	CD8B2	HLA-A	CD8B2	incoming	TNK	0.0	0.0	1.0	1.0	False	False	0.0	other	False	False
GSE291670	GSE291670	HLA-B_CD8B2	MHC-I	Cell-Cell Contact	HLA-B	CD8B2	HLA-B	CD8B2	incoming	TNK	0.0	0.0	1.0	1.0	False	False	0.0	other	False	False
GSE291670	GSE291670	HLA-C_CD8B2	MHC-I	Cell-Cell Contact	HLA-C	CD8B2	HLA-C	CD8B2	incoming	TNK	0.0	0.0	1.0	1.0	False	False	0.0	other	False	False
GSE291670	GSE291670	HLA-E_CD8B2	MHC-I	Cell-Cell Contact	HLA-E	CD8B2	HLA-E	CD8B2	incoming	TNK	0.0	0.0	1.0	1.0	False	False	0.0	inhibitory	False	False
GSE291670	GSE291670	HLA-F_CD8B2	MHC-I	Cell-Cell Contact	HLA-F	CD8B2	HLA-F	CD8B2	incoming	TNK	0.0	0.0	1.0	1.0	False	False	0.0	inhibitory	False	False
GSE291670	GSE291670	HLA-G_CD8B2	MHC-I	Cell-Cell Contact	HLA-G	CD8B2	HLA-G	CD8B2	incoming	TNK	0.0	0.0	1.0	1.0	False	False	0.0	inhibitory	False	False
GSE291670	GSE291670	HLA-C_KIR2DL1	MHC-I	Cell-Cell Contact	HLA-C	KIR2DL1	HLA-C	KIR2DL1	incoming	TNK	0.0	0.0	1.0	1.0	False	False	0.0	other	False	False
GSE291670	GSE291670	HLA-C_KIR2DL3	MHC-I	Cell-Cell Contact	HLA-C	KIR2DL3	HLA-C	KIR2DL3	incoming	TNK	0.0	0.0	1.0	1.0	False	False	0.0	other	False	False
GSE291670	GSE291670	HLA-G_LILRB1	MHC-I	Cell-Cell Contact	HLA-G	LILRB1	HLA-G	LILRB1	incoming	TNK	0.0	0.0	1.0	1.0	False	False	0.0	inhibitory	False	False
GSE291670	GSE291670	HLA-G_LILRB2	MHC-I	Cell-Cell Contact	HLA-G	LILRB2	HLA-G	LILRB2	incoming	TNK	0.0	0.0	1.0	1.0	False	False	0.0	inhibitory	False	False
GSE291670	GSE291670	HLA-F_KIR3DL1	MHC-I	Cell-Cell Contact	HLA-F	KIR3DL1	HLA-F	KIR3DL1	incoming	TNK	0.0	0.0	1.0	1.0	False	False	0.0	inhibitory	False	False
GSE291670	GSE291670	HLA-F_KIR3DL2	MHC-I	Cell-Cell Contact	HLA-F	KIR3DL2	HLA-F	KIR3DL2	incoming	TNK	0.0	0.0	1.0	1.0	False	False	0.0	inhibitory	False	False
GSE291670	GSE291670	HLA-B_KIR3DL2	MHC-I	Cell-Cell Contact	HLA-B	KIR3DL2	HLA-B	KIR3DL2	incoming	TNK	0.0	0.0	1.0	1.0	False	False	0.0	other	False	False
GSE291670	GSE291670	HLA-C_KIR3DL3	MHC-I	Cell-Cell Contact	HLA-C	KIR3DL3	HLA-C	KIR3DL3	incoming	TNK	0.0	0.0	1.0	1.0	False	False	0.0	other	False	False
GSE291670	GSE291670	HLA-E_KLRC1	MHC-I	Cell-Cell Contact	HLA-E	KLRC1	HLA-E	KLRC1	incoming	TNK	0.0	0.0	1.0	1.0	False	False	0.0	inhibitory	False	False
GSE291670	GSE291670	HLA-E_KLRC2	MHC-I	Cell-Cell Contact	HLA-E	KLRC2	HLA-E	KLRC2	incoming	TNK	0.0	0.0	1.0	1.0	False	False	0.0	inhibitory	False	False
GSE291670	GSE291670	HLA-A_KIR3DL1	MHC-I	Cell-Cell Contact	HLA-A	KIR3DL1	HLA-A	KIR3DL1	incoming	TNK	0.0	0.0	1.0	1.0	False	False	0.0	other	False	False
GSE291670	GSE291670	HLA-F_LILRB1	MHC-I	Cell-Cell Contact	HLA-F	LILRB1	HLA-F	LILRB1	incoming	TNK	0.0	0.0	1.0	1.0	False	False	0.0	inhibitory	False	False
GSE291670	GSE291670	HLA-E_KLRK1	MHC-I	Cell-Cell Contact	HLA-E	KLRK1	HLA-E	KLRK1	incoming	TNK	0.0	0.0	1.0	1.0	False	False	0.0	inhibitory	False	False
GSE291670	GSE291670	ULBP1_KLRK1	MHC-I	Cell-Cell Contact	ULBP1	KLRK1	ULBP1	KLRK1	incoming	TNK	0.0	0.0	1.0	1.0	False	False	0.0	recruit	False	False
GSE291670	GSE291670	ULBP2_KLRK1	MHC-I	Cell-Cell Contact	ULBP2	KLRK1	ULBP2	KLRK1	incoming	TNK	0.0	0.0	1.0	1.0	False	False	0.0	recruit	False	False
GSE291670	GSE291670	ULBP3_KLRK1	MHC-I	Cell-Cell Contact	ULBP3	KLRK1	ULBP3	KLRK1	incoming	TNK	0.0	0.0	1.0	1.0	False	False	0.0	recruit	False	False
GSE291670	GSE291670	RAET1L_KLRK1	MHC-I	Cell-Cell Contact	RAET1L	KLRK1	RAET1L	KLRK1	incoming	TNK	0.0	0.0	1.0	1.0	False	False	0.0	other	False	False
GSE291670	GSE291670	RAET1E_KLRK1	MHC-I	Cell-Cell Contact	RAET1E	KLRK1	RAET1E	KLRK1	incoming	TNK	0.0	0.0	1.0	1.0	False	False	0.0	other	False	False
GSE291670	GSE291670	RAET1G_KLRK1	MHC-I	Cell-Cell Contact	RAET1G	KLRK1	RAET1G	KLRK1	incoming	TNK	0.0	0.0	1.0	1.0	False	False	0.0	other	False	False
GSE291670	GSE291670	HLA-DPA1_CD4	MHC-II	Cell-Cell Contact	HLA-DPA1	CD4	HLA-DPA1	CD4	incoming	TNK	0.0	0.0	1.0	1.0	False	False	0.0	other	False	False
GSE291670	GSE291670	HLA-DPB1_CD4	MHC-II	Cell-Cell Contact	HLA-DPB1	CD4	HLA-DPB1	CD4	incoming	TNK	0.0	0.0	1.0	1.0	False	False	0.0	other	False	False
GSE291670	GSE291670	HLA-DQA1_CD4	MHC-II	Cell-Cell Contact	HLA-DQA1	CD4	HLA-DQA1	CD4	incoming	TNK	0.0	0.0	1.0	1.0	False	False	0.0	other	False	False
GSE291670	GSE291670	HLA-DMA_CD4	MHC-II	Cell-Cell Contact	HLA-DMA	CD4	HLA-DMA	CD4	incoming	TNK	0.0	0.0	1.0	1.0	False	False	0.0	other	False	False
GSE291670	GSE291670	HLA-DMB_CD4	MHC-II	Cell-Cell Contact	HLA-DMB	CD4	HLA-DMB	CD4	incoming	TNK	0.0	0.0	1.0	1.0	False	False	0.0	other	False	False
GSE291670	GSE291670	HLA-DQA2_CD4	MHC-II	Cell-Cell Contact	HLA-DQA2	CD4	HLA-DQA2	CD4	incoming	TNK	0.0	0.0	1.0	1.0	False	False	0.0	other	False	False
GSE291670	GSE291670	HLA-DOA_CD4	MHC-II	Cell-Cell Contact	HLA-DOA	CD4	HLA-DOA	CD4	incoming	TNK	0.0	0.0	1.0	1.0	False	False	0.0	other	False	False
GSE291670	GSE291670	HLA-DOB_CD4	MHC-II	Cell-Cell Contact	HLA-DOB	CD4	HLA-DOB	CD4	incoming	TNK	0.0	0.0	1.0	1.0	False	False	0.0	other	False	False
GSE291670	GSE291670	HLA-DQB1_CD4	MHC-II	Cell-Cell Contact	HLA-DQB1	CD4	HLA-DQB1	CD4	incoming	TNK	0.0	0.0	1.0	1.0	False	False	0.0	other	False	False
GSE291670	GSE291670	HLA-DRA_CD4	MHC-II	Cell-Cell Contact	HLA-DRA	CD4	HLA-DRA	CD4	incoming	TNK	0.0	0.0	1.0	1.0	False	False	0.0	other	False	False
GSE291670	GSE291670	HLA-DRB1_CD4	MHC-II	Cell-Cell Contact	HLA-DRB1	CD4	HLA-DRB1	CD4	incoming	TNK	0.0	0.0	1.0	1.0	False	False	0.0	other	False	False
GSE291670	GSE291670	HLA-DRB5_CD4	MHC-II	Cell-Cell Contact	HLA-DRB5	CD4	HLA-DRB5	CD4	incoming	TNK	0.0	0.0	1.0	1.0	False	False	0.0	other	False	False
GSE291670	GSE291670	MPZ_MPZL1	MPZ	Cell-Cell Contact	MPZ	MPZL1	MPZ	MPZL1	incoming	TNK	0.0	0.0	1.0	1.0	False	False	0.0	other	False	False
GSE291670	GSE291670	MPZ_MPZ	MPZ	Cell-Cell Contact	MPZ	MPZ	MPZ	MPZ	incoming	TNK	0.0	0.0	1.0	1.0	False	False	0.0	other	False	False
GSE291670	GSE291670	MPZL1_MPZL1	MPZ	Cell-Cell Contact	MPZL1	MPZL1	MPZL1	MPZL1	incoming	TNK	0.00040348631472851375	0.00033913703176908795	0.31683168316831684	0.6633663366336634	False	False	6.43492829594258e-05	other	False	False
GSE291670	GSE291670	NCAM1_FGFR1	NCAM	Cell-Cell Contact	NCAM1	FGFR1	NCAM1	FGFR1	incoming	TNK	0.0	0.0	1.0	1.0	False	False	0.0	other	False	False
GSE291670	GSE291670	NCAM1_NCAM1	NCAM	Cell-Cell Contact	NCAM1	NCAM1	NCAM1	NCAM1	incoming	TNK	0.0	0.0	1.0	1.0	False	False	0.0	other	False	False
GSE291670	GSE291670	NCAM1_NCAM2	NCAM	Cell-Cell Contact	NCAM1	NCAM2	NCAM1	NCAM2	incoming	TNK	0.0	0.0	1.0	1.0	False	False	0.0	other	False	False
GSE291670	GSE291670	NCAM1_L1CAM	NCAM	Cell-Cell Contact	NCAM1	L1CAM	NCAM1	L1CAM	incoming	TNK	0.0	0.0	1.0	1.0	False	False	0.0	other	False	False
GSE291670	GSE291670	NCAM2_L1CAM	NCAM	Cell-Cell Contact	NCAM2	L1CAM	NCAM2	L1CAM	incoming	TNK	0.0	0.0	1.0	1.0	False	False	0.0	other	False	False
GSE291670	GSE291670	NECTIN1_CADM3	NECTIN	Cell-Cell Contact	NECTIN1	CADM3	NECTIN1	CADM3	incoming	TNK	0.0	0.0	1.0	1.0	False	False	0.0	barrier	False	False
GSE291670	GSE291670	NECTIN1_NECTIN4	NECTIN	Cell-Cell Contact	NECTIN1	NECTIN4	NECTIN1	NECTIN4	incoming	TNK	0.0	0.0	1.0	1.0	False	False	0.0	barrier	False	False
GSE291670	GSE291670	NECTIN3_NECTIN1	NECTIN	Cell-Cell Contact	NECTIN3	NECTIN1	NECTIN3	NECTIN1	incoming	TNK	0.0	0.0	1.0	1.0	False	False	0.0	barrier	False	False
GSE291670	GSE291670	NECTIN3_NECTIN2	NECTIN	Cell-Cell Contact	NECTIN3	NECTIN2	NECTIN3	NECTIN2	incoming	TNK	0.0	0.0	1.0	1.0	False	False	0.0	barrier	False	False
GSE291670	GSE291670	NECTIN3_PVR	NECTIN	Cell-Cell Contact	NECTIN3	PVR	NECTIN3	PVR	incoming	TNK	0.0	0.0	1.0	1.0	False	False	0.0	barrier	False	False
GSE291670	GSE291670	NECTIN3_TIGIT	NECTIN	Cell-Cell Contact	NECTIN3	TIGIT	NECTIN3	TIGIT	incoming	TNK	0.0	0.0	1.0	1.0	False	False	0.0	barrier	False	False
GSE291670	GSE291670	NECTIN2_CD226	NECTIN	Cell-Cell Contact	NECTIN2	CD226	NECTIN2	CD226	incoming	TNK	0.0	0.0	1.0	1.0	False	False	0.0	barrier|inhibitory	False	False
GSE291670	GSE291670	NECTIN2_TIGIT	NECTIN	Cell-Cell Contact	NECTIN2	TIGIT	NECTIN2	TIGIT	incoming	TNK	0.0	0.0	1.0	1.0	False	False	0.0	barrier|inhibitory	False	False
GSE291670	GSE291670	NEGR1_NEGR1	NEGR	Cell-Cell Contact	NEGR1	NEGR1	NEGR1	NEGR1	incoming	TNK	0.0	0.0	1.0	1.0	False	False	0.0	other	False	False
GSE291670	GSE291670	LRRC4C_NTNG1	NGL	Cell-Cell Contact	LRRC4C	NTNG1	LRRC4C	NTNG1	incoming	TNK	0.0	0.0	1.0	1.0	False	False	0.0	other	False	False
GSE291670	GSE291670	LRRC4_NTNG2	NGL	Cell-Cell Contact	LRRC4	NTNG2	LRRC4	NTNG2	incoming	TNK	0.0	0.0	1.0	1.0	False	False	0.0	other	False	False
GSE291670	GSE291670	LRRC4B_PTPRF	NGL	Cell-Cell Contact	LRRC4B	PTPRF	LRRC4B	PTPRF	incoming	TNK	0.0	0.0	1.0	1.0	False	False	0.0	other	False	False
GSE291670	GSE291670	DLK1_NOTCH1	NOTCH	Cell-Cell Contact	DLK1	NOTCH1	DLK1	NOTCH1	incoming	TNK	0.0	0.0	1.0	1.0	False	False	0.0	other	False	False
GSE291670	GSE291670	DLK1_NOTCH2	NOTCH	Cell-Cell Contact	DLK1	NOTCH2	DLK1	NOTCH2	incoming	TNK	0.0	0.0	1.0	1.0	False	False	0.0	other	False	False
GSE291670	GSE291670	DLK1_NOTCH3	NOTCH	Cell-Cell Contact	DLK1	NOTCH3	DLK1	NOTCH3	incoming	TNK	0.0	0.0	1.0	1.0	False	False	0.0	other	False	False
GSE291670	GSE291670	DLK1_NOTCH4	NOTCH	Cell-Cell Contact	DLK1	NOTCH4	DLK1	NOTCH4	incoming	TNK	0.0	0.0	1.0	1.0	False	False	0.0	other	False	False
GSE291670	GSE291670	DLL1_NOTCH1	NOTCH	Cell-Cell Contact	DLL1	NOTCH1	DLL1	NOTCH1	incoming	TNK	0.0	0.0	1.0	1.0	False	False	0.0	other	False	False
GSE291670	GSE291670	DLL1_NOTCH3	NOTCH	Cell-Cell Contact	DLL1	NOTCH3	DLL1	NOTCH3	incoming	TNK	0.0	0.0	1.0	1.0	False	False	0.0	other	False	False
GSE291670	GSE291670	DLL1_NOTCH4	NOTCH	Cell-Cell Contact	DLL1	NOTCH4	DLL1	NOTCH4	incoming	TNK	0.0	0.0	1.0	1.0	False	False	0.0	other	False	False
GSE291670	GSE291670	DLL3_NOTCH1	NOTCH	Cell-Cell Contact	DLL3	NOTCH1	DLL3	NOTCH1	incoming	TNK	0.0	0.0	1.0	1.0	False	False	0.0	other	False	False
GSE291670	GSE291670	DLL3_NOTCH2	NOTCH	Cell-Cell Contact	DLL3	NOTCH2	DLL3	NOTCH2	incoming	TNK	0.0	0.0	1.0	1.0	False	False	0.0	other	False	False
GSE291670	GSE291670	DLL3_NOTCH3	NOTCH	Cell-Cell Contact	DLL3	NOTCH3	DLL3	NOTCH3	incoming	TNK	0.0	0.0	1.0	1.0	False	False	0.0	other	False	False
GSE291670	GSE291670	DLL3_NOTCH4	NOTCH	Cell-Cell Contact	DLL3	NOTCH4	DLL3	NOTCH4	incoming	TNK	0.0	0.0	1.0	1.0	False	False	0.0	other	False	False
GSE291670	GSE291670	DLL4_NOTCH1	NOTCH	Cell-Cell Contact	DLL4	NOTCH1	DLL4	NOTCH1	incoming	TNK	0.0	0.0	1.0	1.0	False	False	0.0	other	False	False
GSE291670	GSE291670	DLL4_NOTCH2	NOTCH	Cell-Cell Contact	DLL4	NOTCH2	DLL4	NOTCH2	incoming	TNK	0.0	0.0	1.0	1.0	False	False	0.0	other	False	False
GSE291670	GSE291670	DLL4_NOTCH3	NOTCH	Cell-Cell Contact	DLL4	NOTCH3	DLL4	NOTCH3	incoming	TNK	0.0	0.0	1.0	1.0	False	False	0.0	other	False	False
GSE291670	GSE291670	DLL4_NOTCH4	NOTCH	Cell-Cell Contact	DLL4	NOTCH4	DLL4	NOTCH4	incoming	TNK	0.0	0.0	1.0	1.0	False	False	0.0	other	False	False
GSE291670	GSE291670	JAG1_NOTCH1	NOTCH	Cell-Cell Contact	JAG1	NOTCH1	JAG1	NOTCH1	incoming	TNK	0.0	0.0	1.0	1.0	False	False	0.0	other	False	False
GSE291670	GSE291670	JAG1_NOTCH2	NOTCH	Cell-Cell Contact	JAG1	NOTCH2	JAG1	NOTCH2	incoming	TNK	0.0	0.0	1.0	1.0	False	False	0.0	other	False	False
GSE291670	GSE291670	JAG1_NOTCH3	NOTCH	Cell-Cell Contact	JAG1	NOTCH3	JAG1	NOTCH3	incoming	TNK	0.0	0.0	1.0	1.0	False	False	0.0	other	False	False
GSE291670	GSE291670	JAG1_NOTCH4	NOTCH	Cell-Cell Contact	JAG1	NOTCH4	JAG1	NOTCH4	incoming	TNK	0.0	0.0	1.0	1.0	False	False	0.0	other	False	False
GSE291670	GSE291670	JAG2_NOTCH1	NOTCH	Cell-Cell Contact	JAG2	NOTCH1	JAG2	NOTCH1	incoming	TNK	0.0	0.0	1.0	1.0	False	False	0.0	other	False	False
GSE291670	GSE291670	JAG2_NOTCH2	NOTCH	Cell-Cell Contact	JAG2	NOTCH2	JAG2	NOTCH2	incoming	TNK	0.0	0.0	1.0	1.0	False	False	0.0	other	False	False
GSE291670	GSE291670	JAG2_NOTCH3	NOTCH	Cell-Cell Contact	JAG2	NOTCH3	JAG2	NOTCH3	incoming	TNK	0.0	0.0	1.0	1.0	False	False	0.0	other	False	False
GSE291670	GSE291670	JAG2_NOTCH4	NOTCH	Cell-Cell Contact	JAG2	NOTCH4	JAG2	NOTCH4	incoming	TNK	0.0	0.0	1.0	1.0	False	False	0.0	other	False	False
GSE291670	GSE291670	DLL1_NOTCH2	NOTCH	Cell-Cell Contact	DLL1	NOTCH2	DLL1	NOTCH2	incoming	TNK	0.0	0.0	1.0	1.0	False	False	0.0	other	False	False
GSE291670	GSE291670	NRXN1_NLGN1	NRXN	Cell-Cell Contact	NRXN1	NLGN1	NRXN1	NLGN1	incoming	TNK	0.0	0.0	1.0	1.0	False	False	0.0	other	False	False
GSE291670	GSE291670	NRXN1_NLGN2	NRXN	Cell-Cell Contact	NRXN1	NLGN2	NRXN1	NLGN2	incoming	TNK	0.0	0.0	1.0	1.0	False	False	0.0	other	False	False
GSE291670	GSE291670	NRXN1_NLGN3	NRXN	Cell-Cell Contact	NRXN1	NLGN3	NRXN1	NLGN3	incoming	TNK	0.0	0.0	1.0	1.0	False	False	0.0	other	False	False
GSE291670	GSE291670	NRXN2_NLGN1	NRXN	Cell-Cell Contact	NRXN2	NLGN1	NRXN2	NLGN1	incoming	TNK	0.0	0.0	1.0	1.0	False	False	0.0	other	False	False
GSE291670	GSE291670	NRXN2_NLGN2	NRXN	Cell-Cell Contact	NRXN2	NLGN2	NRXN2	NLGN2	incoming	TNK	0.0	0.0	1.0	1.0	False	False	0.0	other	False	False
GSE291670	GSE291670	NRXN2_NLGN3	NRXN	Cell-Cell Contact	NRXN2	NLGN3	NRXN2	NLGN3	incoming	TNK	0.0	0.0	1.0	1.0	False	False	0.0	other	False	False
GSE291670	GSE291670	NRXN3_NLGN1	NRXN	Cell-Cell Contact	NRXN3	NLGN1	NRXN3	NLGN1	incoming	TNK	0.003204706337231888	0.0	0.039603960396039604	1.0	True	False	0.003204706337231888	other	True	True
GSE291670	GSE291670	NRXN3_NLGN2	NRXN	Cell-Cell Contact	NRXN3	NLGN2	NRXN3	NLGN2	incoming	TNK	0.0	0.0	1.0	1.0	False	False	0.0	other	False	False
GSE291670	GSE291670	NRXN3_NLGN3	NRXN	Cell-Cell Contact	NRXN3	NLGN3	NRXN3	NLGN3	incoming	TNK	0.0	0.0	1.0	1.0	False	False	0.0	other	False	False
GSE291670	GSE291670	OCLN_OCLN	OCLN	Cell-Cell Contact	OCLN	OCLN	OCLN	OCLN	incoming	TNK	0.0004029403044725374	0.0003488154037778297	0.3069306930693069	0.7128712871287128	False	False	5.412490069470774e-05	barrier	False	False
GSE291670	GSE291670	CD274_PDCD1	PD-L1	Cell-Cell Contact	CD274	PDCD1	CD274	PDCD1	incoming	TNK	0.0	0.0	1.0	1.0	False	False	0.0	inhibitory	False	False
GSE291670	GSE291670	PDCD1LG2_PDCD1	PDL2	Cell-Cell Contact	PDCD1LG2	PDCD1	PDCD1LG2	PDCD1	incoming	TNK	0.0	0.0	1.0	1.0	False	False	0.0	inhibitory	False	False
GSE291670	GSE291670	PECAM1_PECAM1	PECAM1	Cell-Cell Contact	PECAM1	PECAM1	PECAM1	PECAM1	incoming	TNK	0.0	0.0	1.0	1.0	False	False	0.0	other	False	False
GSE291670	GSE291670	PTPRM_PTPRM	PTPRM	Cell-Cell Contact	PTPRM	PTPRM	PTPRM	PTPRM	incoming	TNK	0.6914559204877206	0.6921094252920111	0.49504950495049505	0.46534653465346537	False	False	-0.0006535048042904945	other	False	False
GSE291670	GSE291670	PVR_CD226	PVR	Cell-Cell Contact	PVR	CD226	PVR	CD226	incoming	TNK	0.0	0.0	1.0	1.0	False	False	0.0	barrier|inhibitory	False	False
GSE291670	GSE291670	PVR_TIGIT	PVR	Cell-Cell Contact	PVR	TIGIT	PVR	TIGIT	incoming	TNK	0.0	0.0	1.0	1.0	False	False	0.0	barrier|inhibitory	False	False
GSE291670	GSE291670	SELE_CD44	SELE	Cell-Cell Contact	SELE	CD44	SELE	CD44	incoming	TNK	0.0	0.0	1.0	1.0	False	False	0.0	other	False	False
GSE291670	GSE291670	SELE_GLG1	SELE	Cell-Cell Contact	SELE	GLG1	SELE	GLG1	incoming	TNK	0.0	0.0	1.0	1.0	False	False	0.0	other	False	False
GSE291670	GSE291670	SELL_CD34	SELL	Cell-Cell Contact	SELL	CD34	SELL	CD34	incoming	TNK	0.0	0.0	1.0	1.0	False	False	0.0	other	False	False
GSE291670	GSE291670	SELL_PODXL	SELL	Cell-Cell Contact	SELL	PODXL	SELL	PODXL	incoming	TNK	0.0	0.0	1.0	1.0	False	False	0.0	other	False	False
GSE291670	GSE291670	SELL_MADCAM1	SELL	Cell-Cell Contact	SELL	MADCAM1	SELL	MADCAM1	incoming	TNK	0.0	0.0	1.0	1.0	False	False	0.0	other	False	False
GSE291670	GSE291670	SELPLG_SELE	SELPLG	Cell-Cell Contact	SELPLG	SELE	SELPLG	SELE	incoming	TNK	0.0	0.0	1.0	1.0	False	False	0.0	other	False	False
GSE291670	GSE291670	SELPLG_SELL	SELPLG	Cell-Cell Contact	SELPLG	SELL	SELPLG	SELL	incoming	TNK	0.0	0.0	1.0	1.0	False	False	0.0	other	False	False
GSE291670	GSE291670	SELPLG_SELP	SELPLG	Cell-Cell Contact	SELPLG	SELP	SELPLG	SELP	incoming	TNK	0.0	0.0	1.0	1.0	False	False	0.0	other	False	False
GSE291670	GSE291670	SEMA4A_PLXNB1	SEMA4	Cell-Cell Contact	SEMA4A	PLXNB1	SEMA4A	PLXNB1	incoming	TNK	0.0	0.0	1.0	1.0	False	False	0.0	other	False	False
GSE291670	GSE291670	SEMA4A_PLXNB2	SEMA4	Cell-Cell Contact	SEMA4A	PLXNB2	SEMA4A	PLXNB2	incoming	TNK	0.0	0.0	1.0	1.0	False	False	0.0	other	False	False
GSE291670	GSE291670	SEMA4A_PLXNB3	SEMA4	Cell-Cell Contact	SEMA4A	PLXNB3	SEMA4A	PLXNB3	incoming	TNK	0.0	0.0	1.0	1.0	False	False	0.0	other	False	False
GSE291670	GSE291670	SEMA4D_PLXNB1	SEMA4	Cell-Cell Contact	SEMA4D	PLXNB1	SEMA4D	PLXNB1	incoming	TNK	0.0005284939563964862	9.950771672925465e-05	0.009900990099009901	1.0	True	False	0.00042898623966723155	other	True	True
GSE291670	GSE291670	SEMA4D_PLXNB2	SEMA4	Cell-Cell Contact	SEMA4D	PLXNB2	SEMA4D	PLXNB2	incoming	TNK	0.00019136611875878834	2.150174815834574e-05	0.04950495049504951	0.9801980198019802	True	False	0.0001698643706004426	other	True	True
GSE291670	GSE291670	SEMA4D_PLXNB3	SEMA4	Cell-Cell Contact	SEMA4D	PLXNB3	SEMA4D	PLXNB3	incoming	TNK	0.0	0.0	1.0	1.0	False	False	0.0	other	False	False
GSE291670	GSE291670	SEMA4C_PLXNB2	SEMA4	Cell-Cell Contact	SEMA4C	PLXNB2	SEMA4C	PLXNB2	incoming	TNK	0.0	0.0	1.0	1.0	False	False	0.0	other	False	False
GSE291670	GSE291670	SEMA4G_PLXNB2	SEMA4	Cell-Cell Contact	SEMA4G	PLXNB2	SEMA4G	PLXNB2	incoming	TNK	0.0	0.0	1.0	1.0	False	False	0.0	other	False	False
GSE291670	GSE291670	SEMA4D_CD72	SEMA4	Cell-Cell Contact	SEMA4D	CD72	SEMA4D	CD72	incoming	TNK	0.0	0.0	1.0	1.0	False	False	0.0	other	False	False
GSE291670	GSE291670	SEMA5A_PLXNA1	SEMA5	Cell-Cell Contact	SEMA5A	PLXNA1	SEMA5A	PLXNA1	incoming	TNK	0.0	0.0	1.0	1.0	False	False	0.0	other	False	False
GSE291670	GSE291670	SEMA5B_PLXNA1	SEMA5	Cell-Cell Contact	SEMA5B	PLXNA1	SEMA5B	PLXNA1	incoming	TNK	0.0	0.0	1.0	1.0	False	False	0.0	other	False	False
GSE291670	GSE291670	SEMA5A_PLXNA3	SEMA5	Cell-Cell Contact	SEMA5A	PLXNA3	SEMA5A	PLXNA3	incoming	TNK	0.0	0.0	1.0	1.0	False	False	0.0	other	False	False
GSE291670	GSE291670	SEMA5B_PLXNA3	SEMA5	Cell-Cell Contact	SEMA5B	PLXNA3	SEMA5B	PLXNA3	incoming	TNK	0.0	0.0	1.0	1.0	False	False	0.0	other	False	False
GSE291670	GSE291670	SEMA5A_PLXNB3	SEMA5	Cell-Cell Contact	SEMA5A	PLXNB3	SEMA5A	PLXNB3	incoming	TNK	0.0	0.0	1.0	1.0	False	False	0.0	other	False	False
GSE291670	GSE291670	SEMA6D_PLXNA1	SEMA6	Cell-Cell Contact	SEMA6D	PLXNA1	SEMA6D	PLXNA1	incoming	TNK	0.0	0.0	1.0	1.0	False	False	0.0	other	False	False
GSE291670	GSE291670	SEMA6A_PLXNA2	SEMA6	Cell-Cell Contact	SEMA6A	PLXNA2	SEMA6A	PLXNA2	incoming	TNK	0.0	0.0	1.0	1.0	False	False	0.0	other	False	False
GSE291670	GSE291670	SEMA6B_PLXNA2	SEMA6	Cell-Cell Contact	SEMA6B	PLXNA2	SEMA6B	PLXNA2	incoming	TNK	0.0	0.0	1.0	1.0	False	False	0.0	other	False	False
GSE291670	GSE291670	SEMA6A_PLXNA4	SEMA6	Cell-Cell Contact	SEMA6A	PLXNA4	SEMA6A	PLXNA4	incoming	TNK	0.0	0.0	1.0	1.0	False	False	0.0	other	False	False
GSE291670	GSE291670	SEMA6B_PLXNA4	SEMA6	Cell-Cell Contact	SEMA6B	PLXNA4	SEMA6B	PLXNA4	incoming	TNK	0.0	0.0	1.0	1.0	False	False	0.0	other	False	False
GSE291670	GSE291670	SEMA7A_PLXNC1	SEMA7	Cell-Cell Contact	SEMA7A	PLXNC1	SEMA7A	PLXNC1	incoming	TNK	0.0	0.0	1.0	1.0	False	False	0.0	other	False	False
GSE291670	GSE291670	SIGLEC1_SPN	SN	Cell-Cell Contact	SIGLEC1	SPN	SIGLEC1	SPN	incoming	TNK	0.0	0.0	1.0	1.0	False	False	0.0	other	False	False
GSE291670	GSE291670	VSIR_IGSF11	VISTA	Cell-Cell Contact	VSIR	IGSF11	VSIR	IGSF11	incoming	TNK	0.0	0.0	1.0	1.0	False	False	0.0	inhibitory	False	False
GSE291670	GSE291670	CDH3_CDH3	CDH	Cell-Cell Contact	CDH3	CDH3	CDH3	CDH3	incoming	TNK	0.0	0.0	1.0	1.0	False	False	0.0	other	False	False
GSE291670	GSE291670	DSC1_DSG3	DESMOSOME	Cell-Cell Contact	DSC1	DSG3	DSC1	DSG3	incoming	TNK	0.0	0.0	1.0	1.0	False	False	0.0	other	False	False
GSE291670	GSE291670	DSC1_DSG4	DESMOSOME	Cell-Cell Contact	DSC1	DSG4	DSC1	DSG4	incoming	TNK	0.0	0.0	1.0	1.0	False	False	0.0	other	False	False
GSE291670	GSE291670	DSC2_DSG3	DESMOSOME	Cell-Cell Contact	DSC2	DSG3	DSC2	DSG3	incoming	TNK	0.0	0.0	1.0	1.0	False	False	0.0	barrier	False	False
GSE291670	GSE291670	DSC2_DSG4	DESMOSOME	Cell-Cell Contact	DSC2	DSG4	DSC2	DSG4	incoming	TNK	0.0	0.0	1.0	1.0	False	False	0.0	barrier	False	False
GSE291670	GSE291670	DSC3_DSG3	DESMOSOME	Cell-Cell Contact	DSC3	DSG3	DSC3	DSG3	incoming	TNK	0.0	0.0	1.0	1.0	False	False	0.0	other	False	False
GSE291670	GSE291670	DSC3_DSG4	DESMOSOME	Cell-Cell Contact	DSC3	DSG4	DSC3	DSG4	incoming	TNK	0.0	0.0	1.0	1.0	False	False	0.0	other	False	False
GSE291670	GSE291670	GJA5_GJA5	GAP	Cell-Cell Contact	GJA5	GJA5	GJA5	GJA5	incoming	TNK	0.0	0.0	1.0	1.0	False	False	0.0	other	False	False
GSE291670	GSE291670	GJA1_GJA5	GAP	Cell-Cell Contact	GJA1	GJA5	GJA1	GJA5	incoming	TNK	0.0	0.0	1.0	1.0	False	False	0.0	other	False	False
GSE291670	GSE291670	GJC1_GJA5	GAP	Cell-Cell Contact	GJC1	GJA5	GJC1	GJA5	incoming	TNK	0.0	0.0	1.0	1.0	False	False	0.0	other	False	False
GSE291670	GSE291670	GJA3_GJA5	GAP	Cell-Cell Contact	GJA3	GJA5	GJA3	GJA5	incoming	TNK	0.0	0.0	1.0	1.0	False	False	0.0	other	False	False
GSE291670	GSE291670	GJA1_GJA1	GAP	Cell-Cell Contact	GJA1	GJA1	GJA1	GJA1	incoming	TNK	0.0	0.0	1.0	1.0	False	False	0.0	other	False	False
GSE291670	GSE291670	GJC1_GJA1	GAP	Cell-Cell Contact	GJC1	GJA1	GJC1	GJA1	incoming	TNK	0.0	0.0	1.0	1.0	False	False	0.0	other	False	False
GSE291670	GSE291670	GJA3_GJA1	GAP	Cell-Cell Contact	GJA3	GJA1	GJA3	GJA1	incoming	TNK	0.0	0.0	1.0	1.0	False	False	0.0	other	False	False
GSE291670	GSE291670	GJC1_GJC1	GAP	Cell-Cell Contact	GJC1	GJC1	GJC1	GJC1	incoming	TNK	0.0	0.0	1.0	1.0	False	False	0.0	other	False	False
GSE291670	GSE291670	GJA3_GJC1	GAP	Cell-Cell Contact	GJA3	GJC1	GJA3	GJC1	incoming	TNK	0.0	0.0	1.0	1.0	False	False	0.0	other	False	False
GSE291670	GSE291670	GJA3_GJA3	GAP	Cell-Cell Contact	GJA3	GJA3	GJA3	GJA3	incoming	TNK	0.0	0.0	1.0	1.0	False	False	0.0	other	False	False
GSE291670	GSE291670	CLDN1_CLDN1	CLDN	Cell-Cell Contact	CLDN1	CLDN1	CLDN1	CLDN1	incoming	TNK	0.0	0.0	1.0	1.0	False	False	0.0	barrier	False	False
GSE291670	GSE291670	CLDN2_CLDN2	CLDN	Cell-Cell Contact	CLDN2	CLDN2	CLDN2	CLDN2	incoming	TNK	0.0	0.0	1.0	1.0	False	False	0.0	other	False	False
GSE291670	GSE291670	CLDN3_CLDN3	CLDN	Cell-Cell Contact	CLDN3	CLDN3	CLDN3	CLDN3	incoming	TNK	0.0	0.0	1.0	1.0	False	False	0.0	barrier	False	False
GSE291670	GSE291670	PCDHA10_PCDHA10	PCDH	Cell-Cell Contact	PCDHA10	PCDHA10	PCDHA10	PCDHA10	incoming	TNK	0.0	0.0	1.0	1.0	False	False	0.0	other	False	False
GSE291670	GSE291670	PCDHA11_PCDHA11	PCDH	Cell-Cell Contact	PCDHA11	PCDHA11	PCDHA11	PCDHA11	incoming	TNK	0.0	0.0	1.0	1.0	False	False	0.0	other	False	False
GSE291670	GSE291670	PCDHA12_PCDHA12	PCDH	Cell-Cell Contact	PCDHA12	PCDHA12	PCDHA12	PCDHA12	incoming	TNK	0.0	0.0	1.0	1.0	False	False	0.0	other	False	False
GSE291670	GSE291670	PCDHA13_PCDHA13	PCDH	Cell-Cell Contact	PCDHA13	PCDHA13	PCDHA13	PCDHA13	incoming	TNK	0.0	0.0	1.0	1.0	False	False	0.0	other	False	False
GSE291670	GSE291670	PCDHA1_PCDHA1	PCDH	Cell-Cell Contact	PCDHA1	PCDHA1	PCDHA1	PCDHA1	incoming	TNK	0.0	0.0	1.0	1.0	False	False	0.0	other	False	False
GSE291670	GSE291670	PCDHA2_PCDHA2	PCDH	Cell-Cell Contact	PCDHA2	PCDHA2	PCDHA2	PCDHA2	incoming	TNK	0.0	0.0	1.0	1.0	False	False	0.0	other	False	False
GSE291670	GSE291670	PCDHA3_PCDHA3	PCDH	Cell-Cell Contact	PCDHA3	PCDHA3	PCDHA3	PCDHA3	incoming	TNK	0.0	0.0	1.0	1.0	False	False	0.0	other	False	False
GSE291670	GSE291670	PCDHA4_PCDHA4	PCDH	Cell-Cell Contact	PCDHA4	PCDHA4	PCDHA4	PCDHA4	incoming	TNK	0.0	0.0	1.0	1.0	False	False	0.0	other	False	False
GSE291670	GSE291670	PCDHA5_PCDHA5	PCDH	Cell-Cell Contact	PCDHA5	PCDHA5	PCDHA5	PCDHA5	incoming	TNK	0.0	0.0	1.0	1.0	False	False	0.0	other	False	False
GSE291670	GSE291670	PCDHA6_PCDHA6	PCDH	Cell-Cell Contact	PCDHA6	PCDHA6	PCDHA6	PCDHA6	incoming	TNK	0.0	0.0	1.0	1.0	False	False	0.0	other	False	False
GSE291670	GSE291670	PCDHA7_PCDHA7	PCDH	Cell-Cell Contact	PCDHA7	PCDHA7	PCDHA7	PCDHA7	incoming	TNK	0.0	0.0	1.0	1.0	False	False	0.0	other	False	False
GSE291670	GSE291670	PCDHA8_PCDHA8	PCDH	Cell-Cell Contact	PCDHA8	PCDHA8	PCDHA8	PCDHA8	incoming	TNK	0.0	0.0	1.0	1.0	False	False	0.0	other	False	False
GSE291670	GSE291670	PCDHA9_PCDHA9	PCDH	Cell-Cell Contact	PCDHA9	PCDHA9	PCDHA9	PCDHA9	incoming	TNK	0.0	0.0	1.0	1.0	False	False	0.0	other	False	False
GSE291670	GSE291670	PCDHAC1_PCDHAC1	PCDH	Cell-Cell Contact	PCDHAC1	PCDHAC1	PCDHAC1	PCDHAC1	incoming	TNK	0.0	0.0	1.0	1.0	False	False	0.0	other	False	False
GSE291670	GSE291670	PCDHAC2_PCDHAC2	PCDH	Cell-Cell Contact	PCDHAC2	PCDHAC2	PCDHAC2	PCDHAC2	incoming	TNK	0.0	0.0	1.0	1.0	False	False	0.0	other	False	False
GSE291670	GSE291670	PCDHB1_PCDHB1	PCDH	Cell-Cell Contact	PCDHB1	PCDHB1	PCDHB1	PCDHB1	incoming	TNK	0.0	0.0	1.0	1.0	False	False	0.0	other	False	False
GSE291670	GSE291670	PCDHB10_PCDHB10	PCDH	Cell-Cell Contact	PCDHB10	PCDHB10	PCDHB10	PCDHB10	incoming	TNK	0.0	0.0	1.0	1.0	False	False	0.0	other	False	False
GSE291670	GSE291670	PCDHB11_PCDHB11	PCDH	Cell-Cell Contact	PCDHB11	PCDHB11	PCDHB11	PCDHB11	incoming	TNK	0.0	0.0	1.0	1.0	False	False	0.0	other	False	False
GSE291670	GSE291670	PCDHB12_PCDHB12	PCDH	Cell-Cell Contact	PCDHB12	PCDHB12	PCDHB12	PCDHB12	incoming	TNK	0.0	0.0	1.0	1.0	False	False	0.0	other	False	False
GSE291670	GSE291670	PCDHB13_PCDHB13	PCDH	Cell-Cell Contact	PCDHB13	PCDHB13	PCDHB13	PCDHB13	incoming	TNK	0.0	0.0	1.0	1.0	False	False	0.0	other	False	False
GSE291670	GSE291670	PCDHB14_PCDHB14	PCDH	Cell-Cell Contact	PCDHB14	PCDHB14	PCDHB14	PCDHB14	incoming	TNK	0.0	0.0	1.0	1.0	False	False	0.0	other	False	False
GSE291670	GSE291670	PCDHB15_PCDHB15	PCDH	Cell-Cell Contact	PCDHB15	PCDHB15	PCDHB15	PCDHB15	incoming	TNK	0.0	0.0	1.0	1.0	False	False	0.0	other	False	False
GSE291670	GSE291670	PCDHB16_PCDHB16	PCDH	Cell-Cell Contact	PCDHB16	PCDHB16	PCDHB16	PCDHB16	incoming	TNK	0.0	0.0	1.0	1.0	False	False	0.0	other	False	False
GSE291670	GSE291670	PCDHB2_PCDHB2	PCDH	Cell-Cell Contact	PCDHB2	PCDHB2	PCDHB2	PCDHB2	incoming	TNK	0.0	0.0	1.0	1.0	False	False	0.0	other	False	False
GSE291670	GSE291670	PCDHB3_PCDHB3	PCDH	Cell-Cell Contact	PCDHB3	PCDHB3	PCDHB3	PCDHB3	incoming	TNK	0.0	0.0	1.0	1.0	False	False	0.0	other	False	False
GSE291670	GSE291670	PCDHB4_PCDHB4	PCDH	Cell-Cell Contact	PCDHB4	PCDHB4	PCDHB4	PCDHB4	incoming	TNK	0.0	0.0	1.0	1.0	False	False	0.0	other	False	False
GSE291670	GSE291670	PCDHB5_PCDHB5	PCDH	Cell-Cell Contact	PCDHB5	PCDHB5	PCDHB5	PCDHB5	incoming	TNK	0.0	0.0	1.0	1.0	False	False	0.0	other	False	False
GSE291670	GSE291670	PCDHB6_PCDHB6	PCDH	Cell-Cell Contact	PCDHB6	PCDHB6	PCDHB6	PCDHB6	incoming	TNK	0.0	0.0	1.0	1.0	False	False	0.0	other	False	False
GSE291670	GSE291670	PCDHB7_PCDHB7	PCDH	Cell-Cell Contact	PCDHB7	PCDHB7	PCDHB7	PCDHB7	incoming	TNK	0.0	0.0	1.0	1.0	False	False	0.0	other	False	False
GSE291670	GSE291670	PCDHB8_PCDHB8	PCDH	Cell-Cell Contact	PCDHB8	PCDHB8	PCDHB8	PCDHB8	incoming	TNK	0.0	0.0	1.0	1.0	False	False	0.0	other	False	False
GSE291670	GSE291670	PCDHB9_PCDHB9	PCDH	Cell-Cell Contact	PCDHB9	PCDHB9	PCDHB9	PCDHB9	incoming	TNK	0.0	0.0	1.0	1.0	False	False	0.0	other	False	False
GSE291670	GSE291670	PCDHGA1_PCDHGA1	PCDH	Cell-Cell Contact	PCDHGA1	PCDHGA1	PCDHGA1	PCDHGA1	incoming	TNK	0.0	0.0	1.0	1.0	False	False	0.0	other	False	False
GSE291670	GSE291670	PCDHGA10_PCDHGA10	PCDH	Cell-Cell Contact	PCDHGA10	PCDHGA10	PCDHGA10	PCDHGA10	incoming	TNK	0.0	0.0	1.0	1.0	False	False	0.0	other	False	False
GSE291670	GSE291670	PCDHGA11_PCDHGA11	PCDH	Cell-Cell Contact	PCDHGA11	PCDHGA11	PCDHGA11	PCDHGA11	incoming	TNK	0.0	0.0	1.0	1.0	False	False	0.0	other	False	False
GSE291670	GSE291670	PCDHGA12_PCDHGA12	PCDH	Cell-Cell Contact	PCDHGA12	PCDHGA12	PCDHGA12	PCDHGA12	incoming	TNK	0.0	0.0	1.0	1.0	False	False	0.0	other	False	False
GSE291670	GSE291670	PCDHGA2_PCDHGA2	PCDH	Cell-Cell Contact	PCDHGA2	PCDHGA2	PCDHGA2	PCDHGA2	incoming	TNK	0.0	0.0	1.0	1.0	False	False	0.0	other	False	False
GSE291670	GSE291670	PCDHGA3_PCDHGA3	PCDH	Cell-Cell Contact	PCDHGA3	PCDHGA3	PCDHGA3	PCDHGA3	incoming	TNK	0.0	0.0	1.0	1.0	False	False	0.0	other	False	False
GSE291670	GSE291670	PCDHGA4_PCDHGA4	PCDH	Cell-Cell Contact	PCDHGA4	PCDHGA4	PCDHGA4	PCDHGA4	incoming	TNK	0.0	0.0	1.0	1.0	False	False	0.0	other	False	False
GSE291670	GSE291670	PCDHGA5_PCDHGA5	PCDH	Cell-Cell Contact	PCDHGA5	PCDHGA5	PCDHGA5	PCDHGA5	incoming	TNK	0.0	0.0	1.0	1.0	False	False	0.0	other	False	False
GSE291670	GSE291670	PCDHGA6_PCDHGA6	PCDH	Cell-Cell Contact	PCDHGA6	PCDHGA6	PCDHGA6	PCDHGA6	incoming	TNK	0.0	0.0	1.0	1.0	False	False	0.0	other	False	False
GSE291670	GSE291670	PCDHGA7_PCDHGA7	PCDH	Cell-Cell Contact	PCDHGA7	PCDHGA7	PCDHGA7	PCDHGA7	incoming	TNK	0.0	0.0	1.0	1.0	False	False	0.0	other	False	False
GSE291670	GSE291670	PCDHGA8_PCDHGA8	PCDH	Cell-Cell Contact	PCDHGA8	PCDHGA8	PCDHGA8	PCDHGA8	incoming	TNK	0.0	0.0	1.0	1.0	False	False	0.0	other	False	False
GSE291670	GSE291670	PCDHGA9_PCDHGA9	PCDH	Cell-Cell Contact	PCDHGA9	PCDHGA9	PCDHGA9	PCDHGA9	incoming	TNK	0.0	0.0	1.0	1.0	False	False	0.0	other	False	False
GSE291670	GSE291670	PCDHGB1_PCDHGB1	PCDH	Cell-Cell Contact	PCDHGB1	PCDHGB1	PCDHGB1	PCDHGB1	incoming	TNK	0.0	0.0	1.0	1.0	False	False	0.0	other	False	False
GSE291670	GSE291670	PCDHGB2_PCDHGB2	PCDH	Cell-Cell Contact	PCDHGB2	PCDHGB2	PCDHGB2	PCDHGB2	incoming	TNK	0.0	0.0	1.0	1.0	False	False	0.0	other	False	False
GSE291670	GSE291670	PCDHGB3_PCDHGB3	PCDH	Cell-Cell Contact	PCDHGB3	PCDHGB3	PCDHGB3	PCDHGB3	incoming	TNK	0.0	0.0	1.0	1.0	False	False	0.0	other	False	False
GSE291670	GSE291670	PCDHGB4_PCDHGB4	PCDH	Cell-Cell Contact	PCDHGB4	PCDHGB4	PCDHGB4	PCDHGB4	incoming	TNK	0.0	0.0	1.0	1.0	False	False	0.0	other	False	False
GSE291670	GSE291670	PCDHGB5_PCDHGB5	PCDH	Cell-Cell Contact	PCDHGB5	PCDHGB5	PCDHGB5	PCDHGB5	incoming	TNK	0.0	0.0	1.0	1.0	False	False	0.0	other	False	False
GSE291670	GSE291670	PCDHGB6_PCDHGB6	PCDH	Cell-Cell Contact	PCDHGB6	PCDHGB6	PCDHGB6	PCDHGB6	incoming	TNK	0.0	0.0	1.0	1.0	False	False	0.0	other	False	False
GSE291670	GSE291670	PCDHGB7_PCDHGB7	PCDH	Cell-Cell Contact	PCDHGB7	PCDHGB7	PCDHGB7	PCDHGB7	incoming	TNK	0.0	0.0	1.0	1.0	False	False	0.0	other	False	False
GSE291670	GSE291670	PCDHGC3_PCDHGC3	PCDH	Cell-Cell Contact	PCDHGC3	PCDHGC3	PCDHGC3	PCDHGC3	incoming	TNK	0.0	0.0	1.0	1.0	False	False	0.0	other	False	False
GSE291670	GSE291670	PCDHGC4_PCDHGC4	PCDH	Cell-Cell Contact	PCDHGC4	PCDHGC4	PCDHGC4	PCDHGC4	incoming	TNK	0.0	0.0	1.0	1.0	False	False	0.0	other	False	False
GSE291670	GSE291670	PCDHGC5_PCDHGC5	PCDH	Cell-Cell Contact	PCDHGC5	PCDHGC5	PCDHGC5	PCDHGC5	incoming	TNK	0.0	0.0	1.0	1.0	False	False	0.0	other	False	False
GSE291670	GSE291670	KLK6_F2R	KLK	Secreted Signaling	KLK6	F2R	KLK6	F2R	incoming	TNK	0.0	0.0	1.0	1.0	False	False	0.0	other	False	False
GSE291670	GSE291670	KLK6_F2RL1	KLK	Secreted Signaling	KLK6	F2RL1	KLK6	F2RL1	incoming	TNK	0.0	0.0	1.0	1.0	False	False	0.0	other	False	False
GSE291670	GSE291670	KLK5_F2RL1	KLK	Secreted Signaling	KLK5	F2RL1	KLK5	F2RL1	incoming	TNK	0.0	0.0	1.0	1.0	False	False	0.0	other	False	False
GSE291670	GSE291670	KLK4_F2R	KLK	Secreted Signaling	KLK4	F2R	KLK4	F2R	incoming	TNK	0.0	0.0	1.0	1.0	False	False	0.0	other	False	False
GSE291670	GSE291670	KLK1_F2R	KLK	Secreted Signaling	KLK1	F2R	KLK1	F2R	incoming	TNK	0.0	0.0	1.0	1.0	False	False	0.0	other	False	False
GSE291670	GSE291670	KLK2_F2R	KLK	Secreted Signaling	KLK2	F2R	KLK2	F2R	incoming	TNK	0.0	0.0	1.0	1.0	False	False	0.0	other	False	False
GSE291670	GSE291670	KLK14_F2R	KLK	Secreted Signaling	KLK14	F2R	KLK14	F2R	incoming	TNK	0.0	0.0	1.0	1.0	False	False	0.0	other	False	False
GSE291670	GSE291670	KLK4_F2RL1	KLK	Secreted Signaling	KLK4	F2RL1	KLK4	F2RL1	incoming	TNK	0.0	0.0	1.0	1.0	False	False	0.0	other	False	False
GSE291670	GSE291670	KLK2_F2RL1	KLK	Secreted Signaling	KLK2	F2RL1	KLK2	F2RL1	incoming	TNK	0.0	0.0	1.0	1.0	False	False	0.0	other	False	False
GSE291670	GSE291670	KLK14_F2RL1	KLK	Secreted Signaling	KLK14	F2RL1	KLK14	F2RL1	incoming	TNK	0.0	0.0	1.0	1.0	False	False	0.0	other	False	False
GSE291670	GSE291670	KLK7_F2RL1	KLK	Secreted Signaling	KLK7	F2RL1	KLK7	F2RL1	incoming	TNK	0.0	0.0	1.0	1.0	False	False	0.0	other	False	False
GSE291670	GSE291670	KLK8_F2R	KLK	Secreted Signaling	KLK8	F2R	KLK8	F2R	incoming	TNK	0.0	0.0	1.0	1.0	False	False	0.0	other	False	False
GSE291670	GSE291670	VTN_PLAUR	VTN	ECM-Receptor	VTN	PLAUR	VTN	PLAUR	incoming	TNK	0.0	0.0	1.0	1.0	False	False	0.0	other	False	False
GSE291670	GSE291670	SDC1_ADGRA2	ADGRA	Cell-Cell Contact	SDC1	ADGRA2	SDC1	ADGRA2	incoming	TNK	0.0	0.0	1.0	1.0	False	False	0.0	other	False	False
GSE291670	GSE291670	SDC2_ADGRA2	ADGRA	Cell-Cell Contact	SDC2	ADGRA2	SDC2	ADGRA2	incoming	TNK	0.0	0.0	1.0	1.0	False	False	0.0	other	False	False
GSE291670	GSE291670	TAX1BP3_ADGRB1	ADGRB	Cell-Cell Contact	TAX1BP3	ADGRB1	TAX1BP3	ADGRB1	incoming	TNK	0.0	0.0	1.0	1.0	False	False	0.0	other	False	False
GSE291670	GSE291670	RTN4R_ADGRB1	ADGRB	Cell-Cell Contact	RTN4R	ADGRB1	RTN4R	ADGRB1	incoming	TNK	0.0	0.0	1.0	1.0	False	False	0.0	other	False	False
GSE291670	GSE291670	TAX1BP3_ADGRB2	ADGRB	Cell-Cell Contact	TAX1BP3	ADGRB2	TAX1BP3	ADGRB2	incoming	TNK	0.0	0.0	1.0	1.0	False	False	0.0	other	False	False
GSE291670	GSE291670	C1QL1_ADGRB3	ADGRB	Cell-Cell Contact	C1QL1	ADGRB3	C1QL1	ADGRB3	incoming	TNK	0.0	0.0	1.0	1.0	False	False	0.0	other	False	False
GSE291670	GSE291670	C1QL2_ADGRB3	ADGRB	Cell-Cell Contact	C1QL2	ADGRB3	C1QL2	ADGRB3	incoming	TNK	0.0	0.0	1.0	1.0	False	False	0.0	other	False	False
GSE291670	GSE291670	C1QL3_ADGRB3	ADGRB	Cell-Cell Contact	C1QL3	ADGRB3	C1QL3	ADGRB3	incoming	TNK	0.0	0.0	1.0	1.0	False	False	0.0	other	False	False
GSE291670	GSE291670	C1QL4_ADGRB3	ADGRB	Cell-Cell Contact	C1QL4	ADGRB3	C1QL4	ADGRB3	incoming	TNK	0.0	0.0	1.0	1.0	False	False	0.0	other	False	False
GSE291670	GSE291670	THY1_ADGRE2	ADGRE	Cell-Cell Contact	THY1	ADGRE2	THY1	ADGRE2	incoming	TNK	0.0	0.0	1.0	1.0	False	False	0.0	other	False	False
GSE291670	GSE291670	CD55_ADGRE5	ADGRE	Cell-Cell Contact	CD55	ADGRE5	CD55	ADGRE5	incoming	TNK	0.0	0.0	1.0	1.0	False	False	0.0	other	False	False
GSE291670	GSE291670	LPAR1_ADGRE5	ADGRE	Cell-Cell Contact	LPAR1	ADGRE5	LPAR1	ADGRE5	incoming	TNK	0.0	0.0	1.0	1.0	False	False	0.0	other	False	False
GSE291670	GSE291670	LPAR2_ADGRE5	ADGRE	Cell-Cell Contact	LPAR2	ADGRE5	LPAR2	ADGRE5	incoming	TNK	0.0	0.0	1.0	1.0	False	False	0.0	other	False	False
GSE291670	GSE291670	LPAR3_ADGRE5	ADGRE	Cell-Cell Contact	LPAR3	ADGRE5	LPAR3	ADGRE5	incoming	TNK	0.0	0.0	1.0	1.0	False	False	0.0	other	False	False
GSE291670	GSE291670	THY1_ADGRE5	ADGRE	Cell-Cell Contact	THY1	ADGRE5	THY1	ADGRE5	incoming	TNK	0.0	0.0	1.0	1.0	False	False	0.0	other	False	False
GSE291670	GSE291670	SFTPD_ADGRE5	ADGRE	Cell-Cell Contact	SFTPD	ADGRE5	SFTPD	ADGRE5	incoming	TNK	0.0	0.0	1.0	1.0	False	False	0.0	other	False	False
GSE291670	GSE291670	COL3A1_ADGRG1	ADGRG	Cell-Cell Contact	COL3A1	ADGRG1	COL3A1	ADGRG1	incoming	TNK	0.0	0.0	1.0	1.0	False	False	0.0	other	False	False
GSE291670	GSE291670	GAST_ADGRG1	ADGRG	Cell-Cell Contact	GAST	ADGRG1	GAST	ADGRG1	incoming	TNK	0.0	0.0	1.0	1.0	False	False	0.0	other	False	False
GSE291670	GSE291670	TGM2_ADGRG1	ADGRG	Cell-Cell Contact	TGM2	ADGRG1	TGM2	ADGRG1	incoming	TNK	0.0	0.0	1.0	1.0	False	False	0.0	other	False	False
GSE291670	GSE291670	COL4A1_ADGRG6	ADGRG	Cell-Cell Contact	COL4A1	ADGRG6	COL4A1	ADGRG6	incoming	TNK	0.0	0.0	1.0	1.0	False	False	0.0	other	False	False
GSE291670	GSE291670	COL4A2_ADGRG6	ADGRG	Cell-Cell Contact	COL4A2	ADGRG6	COL4A2	ADGRG6	incoming	TNK	0.0007726897334167136	0.0	0.009900990099009901	1.0	True	False	0.0007726897334167136	other	True	True
GSE291670	GSE291670	COL4A3_ADGRG6	ADGRG	Cell-Cell Contact	COL4A3	ADGRG6	COL4A3	ADGRG6	incoming	TNK	0.017010457418294475	0.0	0.009900990099009901	1.0	True	False	0.017010457418294475	other	True	True
GSE291670	GSE291670	COL4A4_ADGRG6	ADGRG	Cell-Cell Contact	COL4A4	ADGRG6	COL4A4	ADGRG6	incoming	TNK	0.007379075961068836	0.0	0.009900990099009901	1.0	True	False	0.007379075961068836	other	True	True
GSE291670	GSE291670	COL4A5_ADGRG6	ADGRG	Cell-Cell Contact	COL4A5	ADGRG6	COL4A5	ADGRG6	incoming	TNK	0.008347214875519829	0.0	0.009900990099009901	1.0	True	False	0.008347214875519829	other	True	True
GSE291670	GSE291670	COL4A6_ADGRG6	ADGRG	Cell-Cell Contact	COL4A6	ADGRG6	COL4A6	ADGRG6	incoming	TNK	0.0	0.0	1.0	1.0	False	False	0.0	other	False	False
GSE291670	GSE291670	LAMA2_ADGRG6	ADGRG	Cell-Cell Contact	LAMA2	ADGRG6	LAMA2	ADGRG6	incoming	TNK	0.0	0.0	1.0	1.0	False	False	0.0	other	False	False
GSE291670	GSE291670	PRNP_ADGRG6	ADGRG	Cell-Cell Contact	PRNP	ADGRG6	PRNP	ADGRG6	incoming	TNK	0.0	0.0	1.0	1.0	False	False	0.0	other	False	False
GSE291670	GSE291670	FLRT1_ADGRL1	ADGRL	Cell-Cell Contact	FLRT1	ADGRL1	FLRT1	ADGRL1	incoming	TNK	0.0	0.0	1.0	1.0	False	False	0.0	other	False	False
GSE291670	GSE291670	FLRT2_ADGRL1	ADGRL	Cell-Cell Contact	FLRT2	ADGRL1	FLRT2	ADGRL1	incoming	TNK	0.0	0.0	1.0	1.0	False	False	0.0	other	False	False
GSE291670	GSE291670	FLRT3_ADGRL1	ADGRL	Cell-Cell Contact	FLRT3	ADGRL1	FLRT3	ADGRL1	incoming	TNK	0.0	0.0	1.0	1.0	False	False	0.0	other	False	False
GSE291670	GSE291670	NRXN1_ADGRL1	ADGRL	Cell-Cell Contact	NRXN1	ADGRL1	NRXN1	ADGRL1	incoming	TNK	0.0	0.0	1.0	1.0	False	False	0.0	other	False	False
GSE291670	GSE291670	NRXN2_ADGRL1	ADGRL	Cell-Cell Contact	NRXN2	ADGRL1	NRXN2	ADGRL1	incoming	TNK	0.0	0.0	1.0	1.0	False	False	0.0	other	False	False
GSE291670	GSE291670	NRXN3_ADGRL1	ADGRL	Cell-Cell Contact	NRXN3	ADGRL1	NRXN3	ADGRL1	incoming	TNK	0.0	0.0	1.0	1.0	False	False	0.0	other	False	False
GSE291670	GSE291670	TENM1_ADGRL1	ADGRL	Cell-Cell Contact	TENM1	ADGRL1	TENM1	ADGRL1	incoming	TNK	0.0	0.0	1.0	1.0	False	False	0.0	other	False	False
GSE291670	GSE291670	TENM2_ADGRL1	ADGRL	Cell-Cell Contact	TENM2	ADGRL1	TENM2	ADGRL1	incoming	TNK	0.0	0.0	1.0	1.0	False	False	0.0	other	False	False
GSE291670	GSE291670	TENM3_ADGRL1	ADGRL	Cell-Cell Contact	TENM3	ADGRL1	TENM3	ADGRL1	incoming	TNK	0.0	0.0	1.0	1.0	False	False	0.0	other	False	False
GSE291670	GSE291670	TENM4_ADGRL1	ADGRL	Cell-Cell Contact	TENM4	ADGRL1	TENM4	ADGRL1	incoming	TNK	0.0	0.0	1.0	1.0	False	False	0.0	other	False	False
GSE291670	GSE291670	FLRT1_ADGRL2	ADGRL	Cell-Cell Contact	FLRT1	ADGRL2	FLRT1	ADGRL2	incoming	TNK	0.0	0.0	1.0	1.0	False	False	0.0	other	False	False
GSE291670	GSE291670	FLRT2_ADGRL2	ADGRL	Cell-Cell Contact	FLRT2	ADGRL2	FLRT2	ADGRL2	incoming	TNK	0.0	0.0	1.0	1.0	False	False	0.0	other	False	False
GSE291670	GSE291670	FLRT3_ADGRL2	ADGRL	Cell-Cell Contact	FLRT3	ADGRL2	FLRT3	ADGRL2	incoming	TNK	0.002795826122637296	0.0012210060098643526	0.019801980198019802	1.0	True	False	0.0015748201127729435	other	True	True
GSE291670	GSE291670	TENM1_ADGRL2	ADGRL	Cell-Cell Contact	TENM1	ADGRL2	TENM1	ADGRL2	incoming	TNK	0.0	0.0	1.0	1.0	False	False	0.0	other	False	False
GSE291670	GSE291670	TENM2_ADGRL2	ADGRL	Cell-Cell Contact	TENM2	ADGRL2	TENM2	ADGRL2	incoming	TNK	0.0	0.0	1.0	1.0	False	False	0.0	other	False	False
GSE291670	GSE291670	TENM3_ADGRL2	ADGRL	Cell-Cell Contact	TENM3	ADGRL2	TENM3	ADGRL2	incoming	TNK	0.0	0.0	1.0	1.0	False	False	0.0	other	False	False
GSE291670	GSE291670	TENM4_ADGRL2	ADGRL	Cell-Cell Contact	TENM4	ADGRL2	TENM4	ADGRL2	incoming	TNK	0.0	0.0	1.0	1.0	False	False	0.0	other	False	False
GSE291670	GSE291670	FLRT1_ADGRL3	ADGRL	Cell-Cell Contact	FLRT1	ADGRL3	FLRT1	ADGRL3	incoming	TNK	0.0	0.0	1.0	1.0	False	False	0.0	other	False	False
GSE291670	GSE291670	FLRT2_ADGRL3	ADGRL	Cell-Cell Contact	FLRT2	ADGRL3	FLRT2	ADGRL3	incoming	TNK	0.0	0.0	1.0	1.0	False	False	0.0	other	False	False
GSE291670	GSE291670	FLRT3_ADGRL3	ADGRL	Cell-Cell Contact	FLRT3	ADGRL3	FLRT3	ADGRL3	incoming	TNK	0.0	0.0	1.0	1.0	False	False	0.0	other	False	False
GSE291670	GSE291670	TENM1_ADGRL3	ADGRL	Cell-Cell Contact	TENM1	ADGRL3	TENM1	ADGRL3	incoming	TNK	0.0	0.0	1.0	1.0	False	False	0.0	other	False	False
GSE291670	GSE291670	TENM2_ADGRL3	ADGRL	Cell-Cell Contact	TENM2	ADGRL3	TENM2	ADGRL3	incoming	TNK	0.0	0.0	1.0	1.0	False	False	0.0	other	False	False
GSE291670	GSE291670	TENM3_ADGRL3	ADGRL	Cell-Cell Contact	TENM3	ADGRL3	TENM3	ADGRL3	incoming	TNK	0.0	0.0	1.0	1.0	False	False	0.0	other	False	False
GSE291670	GSE291670	TENM4_ADGRL3	ADGRL	Cell-Cell Contact	TENM4	ADGRL3	TENM4	ADGRL3	incoming	TNK	0.0	0.0	1.0	1.0	False	False	0.0	other	False	False
GSE291670	GSE291670	UNC5A_ADGRL3	ADGRL	Cell-Cell Contact	UNC5A	ADGRL3	UNC5A	ADGRL3	incoming	TNK	0.0	0.0	1.0	1.0	False	False	0.0	other	False	False
GSE291670	GSE291670	FLRT1_FLRT1	FLRT	Cell-Cell Contact	FLRT1	FLRT1	FLRT1	FLRT1	incoming	TNK	0.0	0.0	1.0	1.0	False	False	0.0	other	False	False
GSE291670	GSE291670	FLRT2_FLRT2	FLRT	Cell-Cell Contact	FLRT2	FLRT2	FLRT2	FLRT2	incoming	TNK	0.0	0.0	1.0	1.0	False	False	0.0	other	False	False
GSE291670	GSE291670	FLRT3_FLRT3	FLRT	Cell-Cell Contact	FLRT3	FLRT3	FLRT3	FLRT3	incoming	TNK	0.0	0.000297800520679096	1.0	0.0297029702970297	False	True	-0.000297800520679096	other	True	True
GSE291670	GSE291670	FLRT1_UNC5A	UNC5	Cell-Cell Contact	FLRT1	UNC5A	FLRT1	UNC5A	incoming	TNK	0.0	0.0	1.0	1.0	False	False	0.0	other	False	False
GSE291670	GSE291670	FLRT2_UNC5A	UNC5	Cell-Cell Contact	FLRT2	UNC5A	FLRT2	UNC5A	incoming	TNK	0.0	0.0	1.0	1.0	False	False	0.0	other	False	False
GSE291670	GSE291670	FLRT3_UNC5A	UNC5	Cell-Cell Contact	FLRT3	UNC5A	FLRT3	UNC5A	incoming	TNK	0.0	0.0	1.0	1.0	False	False	0.0	other	False	False
GSE291670	GSE291670	FLRT1_UNC5B	UNC5	Cell-Cell Contact	FLRT1	UNC5B	FLRT1	UNC5B	incoming	TNK	0.0	0.0	1.0	1.0	False	False	0.0	other	False	False
GSE291670	GSE291670	FLRT2_UNC5B	UNC5	Cell-Cell Contact	FLRT2	UNC5B	FLRT2	UNC5B	incoming	TNK	0.0	0.0	1.0	1.0	False	False	0.0	other	False	False
GSE291670	GSE291670	FLRT3_UNC5B	UNC5	Cell-Cell Contact	FLRT3	UNC5B	FLRT3	UNC5B	incoming	TNK	0.0	0.0	1.0	1.0	False	False	0.0	other	False	False
GSE291670	GSE291670	FLRT1_UNC5C	UNC5	Cell-Cell Contact	FLRT1	UNC5C	FLRT1	UNC5C	incoming	TNK	0.0	0.0	1.0	1.0	False	False	0.0	other	False	False
GSE291670	GSE291670	FLRT2_UNC5C	UNC5	Cell-Cell Contact	FLRT2	UNC5C	FLRT2	UNC5C	incoming	TNK	0.0	0.0	1.0	1.0	False	False	0.0	other	False	False
GSE291670	GSE291670	FLRT3_UNC5C	UNC5	Cell-Cell Contact	FLRT3	UNC5C	FLRT3	UNC5C	incoming	TNK	0.00013077422367209336	0.0	0.19801980198019803	1.0	False	False	0.00013077422367209336	other	False	False
GSE291670	GSE291670	FLRT1_UNC5D	UNC5	Cell-Cell Contact	FLRT1	UNC5D	FLRT1	UNC5D	incoming	TNK	0.0	0.0	1.0	1.0	False	False	0.0	other	False	False
GSE291670	GSE291670	FLRT2_UNC5D	UNC5	Cell-Cell Contact	FLRT2	UNC5D	FLRT2	UNC5D	incoming	TNK	0.0	0.0	1.0	1.0	False	False	0.0	other	False	False
GSE291670	GSE291670	FLRT3_UNC5D	UNC5	Cell-Cell Contact	FLRT3	UNC5D	FLRT3	UNC5D	incoming	TNK	0.0	0.0	1.0	1.0	False	False	0.0	other	False	False
GSE291670	GSE291670	AGT_AGTR2	AGT	Secreted Signaling	AGT	AGTR2	AGT	AGTR2	incoming	TNK	0.0	0.0	1.0	1.0	False	False	0.0	other	False	False
GSE291670	GSE291670	NRXN1_CLSTN1	NRXN	Cell-Cell Contact	NRXN1	CLSTN1	NRXN1	CLSTN1	incoming	TNK	0.0	0.0	1.0	1.0	False	False	0.0	other	False	False
GSE291670	GSE291670	NRXN2_CLSTN1	NRXN	Cell-Cell Contact	NRXN2	CLSTN1	NRXN2	CLSTN1	incoming	TNK	0.0	0.0	1.0	1.0	False	False	0.0	other	False	False
GSE291670	GSE291670	Q9HDB5_CLSTN1	NRXN	Cell-Cell Contact	NRXN3	CLSTN1	NRXN3	CLSTN1	incoming	TNK	0.07499672442614039	0.037936249578455455	0.009900990099009901	1.0	True	False	0.03706047484768493	other	True	True
GSE291670	GSE291670	NRXN1_CLSTN2	NRXN	Cell-Cell Contact	NRXN1	CLSTN2	NRXN1	CLSTN2	incoming	TNK	0.0	0.0	1.0	1.0	False	False	0.0	other	False	False
GSE291670	GSE291670	NRXN2_CLSTN2	NRXN	Cell-Cell Contact	NRXN2	CLSTN2	NRXN2	CLSTN2	incoming	TNK	0.0	0.0	1.0	1.0	False	False	0.0	other	False	False
GSE291670	GSE291670	Q9HDB5_CLSTN2	NRXN	Cell-Cell Contact	NRXN3	CLSTN2	NRXN3	CLSTN2	incoming	TNK	0.0	0.0	1.0	1.0	False	False	0.0	other	False	False
GSE291670	GSE291670	NRXN1_CLSTN3	NRXN	Cell-Cell Contact	NRXN1	CLSTN3	NRXN1	CLSTN3	incoming	TNK	0.0	0.0	1.0	1.0	False	False	0.0	other	False	False
GSE291670	GSE291670	NRXN2_CLSTN3	NRXN	Cell-Cell Contact	NRXN2	CLSTN3	NRXN2	CLSTN3	incoming	TNK	0.0	0.0	1.0	1.0	False	False	0.0	other	False	False
GSE291670	GSE291670	Q9HDB5_CLSTN3	NRXN	Cell-Cell Contact	NRXN3	CLSTN3	NRXN3	CLSTN3	incoming	TNK	0.0	0.0	1.0	1.0	False	False	0.0	other	False	False
GSE291670	GSE291670	NRXN1_DAG1	NRXN	Cell-Cell Contact	NRXN1	DAG1	NRXN1	DAG1	incoming	TNK	0.0	0.0	1.0	1.0	False	False	0.0	other	False	False
GSE291670	GSE291670	NRXN2_DAG1	NRXN	Cell-Cell Contact	NRXN2	DAG1	NRXN2	DAG1	incoming	TNK	0.0	0.0	1.0	1.0	False	False	0.0	other	False	False
GSE291670	GSE291670	CTSG_FPR1	CTSG	Secreted Signaling	CTSG	FPR1	CTSG	FPR1	incoming	TNK	0.0	0.0	1.0	1.0	False	False	0.0	other	False	False
GSE291670	GSE291670	ANXA1_FPR3	ANNEXIN	Secreted Signaling	ANXA1	FPR3	ANXA1	FPR3	incoming	TNK	0.0	0.0	1.0	1.0	False	False	0.0	other	False	False
GSE291670	GSE291670	GALP_GALR3	GALANIN	Secreted Signaling	GALP	GALR3	GALP	GALR3	incoming	TNK	0.0	0.0	1.0	1.0	False	False	0.0	other	False	False
GSE291670	GSE291670	LRFN4_PTPRD	PTPR	Cell-Cell Contact	LRFN4	PTPRD	LRFN4	PTPRD	incoming	TNK	0.0	0.0	1.0	1.0	False	False	0.0	other	False	False
GSE291670	GSE291670	LRFN4_PTPRF	PTPR	Cell-Cell Contact	LRFN4	PTPRF	LRFN4	PTPRF	incoming	TNK	0.0	0.0	1.0	1.0	False	False	0.0	other	False	False
GSE291670	GSE291670	LRFN4_PTPRS	PTPR	Cell-Cell Contact	LRFN4	PTPRS	LRFN4	PTPRS	incoming	TNK	0.0	0.0	1.0	1.0	False	False	0.0	other	False	False
GSE291670	GSE291670	LRFN5_PTPRD	PTPR	Cell-Cell Contact	LRFN5	PTPRD	LRFN5	PTPRD	incoming	TNK	0.0	0.0	1.0	1.0	False	False	0.0	other	False	False
GSE291670	GSE291670	LRFN5_PTPRF	PTPR	Cell-Cell Contact	LRFN5	PTPRF	LRFN5	PTPRF	incoming	TNK	0.0	0.0	1.0	1.0	False	False	0.0	other	False	False
GSE291670	GSE291670	LRFN5_PTPRS	PTPR	Cell-Cell Contact	LRFN5	PTPRS	LRFN5	PTPRS	incoming	TNK	0.0	0.0	1.0	1.0	False	False	0.0	other	False	False
GSE291670	GSE291670	LRRC4B_PTPRD	PTPR	Cell-Cell Contact	LRRC4B	PTPRD	LRRC4B	PTPRD	incoming	TNK	0.0	0.0	1.0	1.0	False	False	0.0	other	False	False
GSE291670	GSE291670	LRRC4B_PTPRS	PTPR	Cell-Cell Contact	LRRC4B	PTPRS	LRRC4B	PTPRS	incoming	TNK	0.0	0.0	1.0	1.0	False	False	0.0	other	False	False
GSE291670	GSE291670	LRRC4C_PTPRF	PTPR	Cell-Cell Contact	LRRC4C	PTPRF	LRRC4C	PTPRF	incoming	TNK	0.0	0.0	1.0	1.0	False	False	0.0	other	False	False
GSE291670	GSE291670	NRXN1_LRRTM1	NRXN	Cell-Cell Contact	NRXN1	LRRTM1	NRXN1	LRRTM1	incoming	TNK	0.0	0.0	1.0	1.0	False	False	0.0	other	False	False
GSE291670	GSE291670	NRXN2_LRRTM1	NRXN	Cell-Cell Contact	NRXN2	LRRTM1	NRXN2	LRRTM1	incoming	TNK	0.0	0.0	1.0	1.0	False	False	0.0	other	False	False
GSE291670	GSE291670	NRXN3_LRRTM1	NRXN	Cell-Cell Contact	NRXN3	LRRTM1	NRXN3	LRRTM1	incoming	TNK	0.0	0.0	1.0	1.0	False	False	0.0	other	False	False
GSE291670	GSE291670	NRXN1_LRRTM2	NRXN	Cell-Cell Contact	NRXN1	LRRTM2	NRXN1	LRRTM2	incoming	TNK	0.0	0.0	1.0	1.0	False	False	0.0	other	False	False
GSE291670	GSE291670	NRXN2_LRRTM2	NRXN	Cell-Cell Contact	NRXN2	LRRTM2	NRXN2	LRRTM2	incoming	TNK	0.0	0.0	1.0	1.0	False	False	0.0	other	False	False
GSE291670	GSE291670	NRXN3_LRRTM2	NRXN	Cell-Cell Contact	NRXN3	LRRTM2	NRXN3	LRRTM2	incoming	TNK	0.0	0.0	1.0	1.0	False	False	0.0	other	False	False
GSE291670	GSE291670	NRXN1_LRRTM3	NRXN	Cell-Cell Contact	NRXN1	LRRTM3	NRXN1	LRRTM3	incoming	TNK	0.0	0.0	1.0	1.0	False	False	0.0	other	False	False
GSE291670	GSE291670	NRXN2_LRRTM3	NRXN	Cell-Cell Contact	NRXN2	LRRTM3	NRXN2	LRRTM3	incoming	TNK	0.0	0.0	1.0	1.0	False	False	0.0	other	False	False
GSE291670	GSE291670	NRXN3_LRRTM3	NRXN	Cell-Cell Contact	NRXN3	LRRTM3	NRXN3	LRRTM3	incoming	TNK	0.0	0.0	1.0	1.0	False	False	0.0	other	False	False
GSE291670	GSE291670	NRXN1_LRRTM4	NRXN	Cell-Cell Contact	NRXN1	LRRTM4	NRXN1	LRRTM4	incoming	TNK	0.0	0.0	1.0	1.0	False	False	0.0	other	False	False
GSE291670	GSE291670	NRXN2_LRRTM4	NRXN	Cell-Cell Contact	NRXN2	LRRTM4	NRXN2	LRRTM4	incoming	TNK	0.0	0.0	1.0	1.0	False	False	0.0	other	False	False
GSE291670	GSE291670	NRXN3_LRRTM4	NRXN	Cell-Cell Contact	NRXN3	LRRTM4	NRXN3	LRRTM4	incoming	TNK	0.0	0.0	1.0	1.0	False	False	0.0	other	False	False
GSE291670	GSE291670	LRRTM4_PTPRS	PTPR	Cell-Cell Contact	PTPRS	LRRTM4	PTPRS	LRRTM4	incoming	TNK	0.0	0.0	1.0	1.0	False	False	0.0	other	False	False
GSE291670	GSE291670	GRP_NMBR	GRP	Secreted Signaling	GRP	NMBR	GRP	NMBR	incoming	TNK	0.0	0.0	1.0	1.0	False	False	0.0	other	False	False
GSE291670	GSE291670	PTPRS_NTRK3	PTPR	Secreted Signaling	PTPRS	NTRK3	PTPRS	NTRK3	incoming	TNK	0.0	0.0	1.0	1.0	False	False	0.0	other	False	False
GSE291670	GSE291670	VIP_SCTR	VIP	Secreted Signaling	VIP	SCTR	VIP	SCTR	incoming	TNK	0.0	0.0	1.0	1.0	False	False	0.0	other	False	False
GSE291670	GSE291670	SLITRK1_PTPRD	SLITRK	Secreted Signaling	SLITRK1	PTPRD	SLITRK1	PTPRD	incoming	TNK	0.0	0.0	1.0	1.0	False	False	0.0	other	False	False
GSE291670	GSE291670	SLITRK1_PTPRS	SLITRK	Secreted Signaling	SLITRK1	PTPRS	SLITRK1	PTPRS	incoming	TNK	0.0	0.0	1.0	1.0	False	False	0.0	other	False	False
GSE291670	GSE291670	SLITRK2_PTPRD	SLITRK	Secreted Signaling	SLITRK2	PTPRD	SLITRK2	PTPRD	incoming	TNK	0.0	0.0	1.0	1.0	False	False	0.0	other	False	False
GSE291670	GSE291670	SLITRK2_PTPRS	SLITRK	Secreted Signaling	SLITRK2	PTPRS	SLITRK2	PTPRS	incoming	TNK	0.0	0.0	1.0	1.0	False	False	0.0	other	False	False
GSE291670	GSE291670	SLITRK3_PTPRD	SLITRK	Secreted Signaling	SLITRK3	PTPRD	SLITRK3	PTPRD	incoming	TNK	0.0	0.0	1.0	1.0	False	False	0.0	other	False	False
GSE291670	GSE291670	SLITRK4_PTPRS	SLITRK	Secreted Signaling	SLITRK4	PTPRS	SLITRK4	PTPRS	incoming	TNK	0.0	0.0	1.0	1.0	False	False	0.0	other	False	False
GSE291670	GSE291670	SLITRK5_PTPRS	SLITRK	Secreted Signaling	SLITRK5	PTPRS	SLITRK5	PTPRS	incoming	TNK	0.0	0.0	1.0	1.0	False	False	0.0	other	False	False
GSE291670	GSE291670	SLITRK6_PTPRS	SLITRK	Secreted Signaling	SLITRK6	PTPRS	SLITRK6	PTPRS	incoming	TNK	0.0	0.0	1.0	1.0	False	False	0.0	other	False	False
GSE291670	GSE291670	APP_SORL1	APP	Cell-Cell Contact	APP	SORL1	APP	SORL1	incoming	TNK	0.07986157030991643	0.035652845629203476	0.009900990099009901	1.0	True	False	0.044208724680712956	other	True	True
GSE291670	GSE291670	APP_TNFRSF21	APP	Cell-Cell Contact	APP	TNFRSF21	APP	TNFRSF21	incoming	TNK	0.13597217335771006	0.05100268556127907	0.009900990099009901	1.0	True	False	0.08496948779643099	other	True	True
GSE291670	GSE291670	ENTPD1_ADORA3	CD39	Cell-Cell Contact	ADORA3	ENTPD1	ADORA3	ENTPD1	incoming	TNK	0.0	0.0	1.0	1.0	False	False	0.0	other	False	False
GSE291670	GSE291670	APOA1_ABCA1	ApoA	Cell-Cell Contact	APOA1	ABCA1	APOA1	ABCA1	incoming	TNK	0.0	0.0	1.0	1.0	False	False	0.0	other	False	False
GSE291670	GSE291670	APOB_APOBR	ApoB	Cell-Cell Contact	APOB	APOBR	APOB	APOBR	incoming	TNK	0.0	0.0	1.0	1.0	False	False	0.0	other	False	False
GSE291670	GSE291670	BDNF_SORT1	NT	Secreted Signaling	BDNF	SORT1	BDNF	SORT1	incoming	TNK	0.0	0.0	1.0	1.0	False	False	0.0	other	False	False
GSE291670	GSE291670	BDNF_NGFR	NT	Secreted Signaling	BDNF	NGFR	BDNF	NGFR	incoming	TNK	0.0	0.0	1.0	1.0	False	False	0.0	other	False	False
GSE291670	GSE291670	CD160_TNFRSF14	CD160	Cell-Cell Contact	CD160	TNFRSF14	CD160	TNFRSF14	incoming	TNK	0.0	0.0	1.0	1.0	False	False	0.0	other	False	False
GSE291670	GSE291670	CADM1_NECTIN3	CADM	Cell-Cell Contact	CADM1	NECTIN3	CADM1	NECTIN3	incoming	TNK	0.0	0.0	1.0	1.0	False	False	0.0	barrier	False	False
GSE291670	GSE291670	CADM3_CADM1	CADM	Cell-Cell Contact	CADM3	CADM1	CADM3	CADM1	incoming	TNK	0.0	0.0	1.0	1.0	False	False	0.0	other	False	False
GSE291670	GSE291670	CADM3_CADM4	CADM	Cell-Cell Contact	CADM3	CADM4	CADM3	CADM4	incoming	TNK	0.0	0.0	1.0	1.0	False	False	0.0	other	False	False
GSE291670	GSE291670	CADM3_EPB41L1	CADM	Cell-Cell Contact	CADM3	EPB41L1	CADM3	EPB41L1	incoming	TNK	0.0	0.0	1.0	1.0	False	False	0.0	other	False	False
GSE291670	GSE291670	CADM3_NECTIN3	CADM	Cell-Cell Contact	CADM3	NECTIN3	CADM3	NECTIN3	incoming	TNK	0.0	0.0	1.0	1.0	False	False	0.0	other	False	False
GSE291670	GSE291670	CD276_TREML2	CD276	Cell-Cell Contact	CD276	TREML2	CD276	TREML2	incoming	TNK	0.0	0.0	1.0	1.0	False	False	0.0	inhibitory	False	False
GSE291670	GSE291670	CD99_PILRB	CD99	Cell-Cell Contact	CD99	PILRB	CD99	PILRB	incoming	TNK	0.0	0.0	1.0	1.0	False	False	0.0	other	False	False
GSE291670	GSE291670	CEACAM1_CEACAM6	CEACAM	Cell-Cell Contact	CEACAM1	CEACAM6	CEACAM1	CEACAM6	incoming	TNK	0.0	0.0	1.0	1.0	False	False	0.0	barrier	False	False
GSE291670	GSE291670	CEACAM1_CEACAM8	CEACAM	Cell-Cell Contact	CEACAM1	CEACAM8	CEACAM1	CEACAM8	incoming	TNK	0.0	0.0	1.0	1.0	False	False	0.0	barrier	False	False
GSE291670	GSE291670	CEACAM5_CEACAM6	CEACAM	Cell-Cell Contact	CEACAM5	CEACAM6	CEACAM5	CEACAM6	incoming	TNK	0.0	0.0	1.0	1.0	False	False	0.0	barrier	False	False
GSE291670	GSE291670	CEACAM6_CEACAM6	CEACAM	Cell-Cell Contact	CEACAM6	CEACAM6	CEACAM6	CEACAM6	incoming	TNK	0.0	0.0	1.0	1.0	False	False	0.0	barrier	False	False
GSE291670	GSE291670	CEACAM8_CEACAM6	CEACAM	Cell-Cell Contact	CEACAM8	CEACAM6	CEACAM8	CEACAM6	incoming	TNK	0.0	0.0	1.0	1.0	False	False	0.0	other	False	False
GSE291670	GSE291670	CNTN1_NOTCH1	CNTN	Cell-Cell Contact	CNTN1	NOTCH1	CNTN1	NOTCH1	incoming	TNK	0.0	0.0	1.0	1.0	False	False	0.0	other	False	False
GSE291670	GSE291670	CNTN1_NOTCH2	CNTN	Cell-Cell Contact	CNTN1	NOTCH2	CNTN1	NOTCH2	incoming	TNK	0.0	0.0	1.0	1.0	False	False	0.0	other	False	False
GSE291670	GSE291670	CRTAM_CADM1	CADM	Cell-Cell Contact	CRTAM	CADM1	CRTAM	CADM1	incoming	TNK	0.0	0.0	1.0	1.0	False	False	0.0	other	False	False
GSE291670	GSE291670	IGFBP3_TMEM219	IGFBP	Secreted Signaling	IGFBP3	TMEM219	IGFBP3	TMEM219	incoming	TNK	0.0	0.0	1.0	1.0	False	False	0.0	other	False	False
GSE291670	GSE291670	LAIR1_LILRB4	LAIR1	Cell-Cell Contact	LAIR1	LILRB4	LAIR1	LILRB4	incoming	TNK	0.0	0.0	1.0	1.0	False	False	0.0	other	False	False
GSE291670	GSE291670	LGALS9_P4HB	GALECTIN	Secreted Signaling	LGALS9	P4HB	LGALS9	P4HB	incoming	TNK	0.0	0.0	1.0	1.0	False	False	0.0	inhibitory	False	False
GSE291670	GSE291670	NTN1_DCC	Netrin	Cell-Cell Contact	NTN1	DCC	NTN1	DCC	incoming	TNK	0.0	0.0	1.0	1.0	False	False	0.0	other	False	False
GSE291670	GSE291670	NTN1_DSCAM	Netrin	Cell-Cell Contact	NTN1	DSCAM	NTN1	DSCAM	incoming	TNK	0.0	0.0	1.0	1.0	False	False	0.0	other	False	False
GSE291670	GSE291670	NTN1_UNC5A	Netrin	Cell-Cell Contact	NTN1	UNC5A	NTN1	UNC5A	incoming	TNK	0.0	0.0	1.0	1.0	False	False	0.0	other	False	False
GSE291670	GSE291670	NTN1_UNC5B	Netrin	Cell-Cell Contact	NTN1	UNC5B	NTN1	UNC5B	incoming	TNK	0.0	0.0	1.0	1.0	False	False	0.0	other	False	False
GSE291670	GSE291670	NTN1_UNC5C	Netrin	Cell-Cell Contact	NTN1	UNC5C	NTN1	UNC5C	incoming	TNK	0.0	0.0	1.0	1.0	False	False	0.0	other	False	False
GSE291670	GSE291670	NTN4_NTRK2	Netrin	Cell-Cell Contact	NTN4	NTRK2	NTN4	NTRK2	incoming	TNK	0.0	0.010561750455159988	1.0	0.04950495049504951	False	True	-0.010561750455159988	other	True	True
GSE291670	GSE291670	NTN4_UNC5B	Netrin	Cell-Cell Contact	NTN4	UNC5B	NTN4	UNC5B	incoming	TNK	0.0	0.0	1.0	1.0	False	False	0.0	other	False	False
GSE291670	GSE291670	NTN4_UNC5D	Netrin	Cell-Cell Contact	NTN4	UNC5D	NTN4	UNC5D	incoming	TNK	0.0	0.0	1.0	1.0	False	False	0.0	other	False	False
GSE291670	GSE291670	NTS_SORT1	NTS	Secreted Signaling	NTS	SORT1	NTS	SORT1	incoming	TNK	0.0	0.0	1.0	1.0	False	False	0.0	other	False	False
GSE291670	GSE291670	NTF3_NGFR	NT	Secreted Signaling	NTF3	NGFR	NTF3	NGFR	incoming	TNK	0.0	0.0	1.0	1.0	False	False	0.0	other	False	False
GSE291670	GSE291670	NTF5_NGFR	NT	Secreted Signaling	NTF4	NGFR	NTF4	NGFR	incoming	TNK	0.0	0.0	1.0	1.0	False	False	0.0	other	False	False
GSE291670	GSE291670	CD200_CD200R1L	CD200	Cell-Cell Contact	CD200	CD200R1	CD200	CD200R1	incoming	TNK	0.0	0.0	1.0	1.0	False	False	0.0	other	False	False
GSE291670	GSE291670	PECAM1_CD177	PECAM1	Cell-Cell Contact	PECAM1	CD177	PECAM1	CD177	incoming	TNK	0.0	0.0	1.0	1.0	False	False	0.0	other	False	False
GSE291670	GSE291670	PECAM1_CD38	PECAM2	Cell-Cell Contact	PECAM1	CD38	PECAM1	CD38	incoming	TNK	0.0	0.0	1.0	1.0	False	False	0.0	other	False	False
GSE291670	GSE291670	PPIA_BSG	CypA	Secreted Signaling	PPIA	BSG	PPIA	BSG	incoming	TNK	0.0	0.0	1.0	1.0	False	False	0.0	other	False	False
GSE291670	GSE291670	PROC_PROCR	PROC	Secreted Signaling	PROC	PROCR	PROC	PROCR	incoming	TNK	0.0	0.0	1.0	1.0	False	False	0.0	other	False	False
GSE291670	GSE291670	RELN_LRP8	RELN	ECM-Receptor	RELN	LRP8	RELN	LRP8	incoming	TNK	0.0	0.0	1.0	1.0	False	False	0.0	other	False	False
GSE291670	GSE291670	RELN_VLDLR	RELN	ECM-Receptor	RELN	VLDLR	RELN	VLDLR	incoming	TNK	0.0	0.0	1.0	1.0	False	False	0.0	other	False	False
GSE291670	GSE291670	RBP4_STRA6	RBP4	Secreted Signaling	RBP4	STRA6	RBP4	STRA6	incoming	TNK	0.0	0.0	1.0	1.0	False	False	0.0	other	False	False
GSE291670	GSE291670	SIRPG_CD47	SIRP	Cell-Cell Contact	SIRPG	CD47	SIRPG	CD47	incoming	TNK	0.0	0.0	1.0	1.0	False	False	0.0	other	False	False
GSE291670	GSE291670	SLIT1_ROBO1	SLIT	Secreted Signaling	SLIT1	ROBO1	SLIT1	ROBO1	incoming	TNK	0.0	0.0	1.0	1.0	False	False	0.0	other	False	False
GSE291670	GSE291670	SLIT2_ROBO1	SLIT	Secreted Signaling	SLIT2	ROBO1	SLIT2	ROBO1	incoming	TNK	0.0	0.0	1.0	1.0	False	False	0.0	other	False	False
GSE291670	GSE291670	SLIT2_ROBO2	SLIT	Secreted Signaling	SLIT2	ROBO2	SLIT2	ROBO2	incoming	TNK	0.0	0.0	1.0	1.0	False	False	0.0	other	False	False
GSE291670	GSE291670	TULP1_TYRO3	TULP	Secreted Signaling	TULP1	TYRO3	TULP1	TYRO3	incoming	TNK	0.0	0.0	1.0	1.0	False	False	0.0	other	False	False
GSE291670	GSE291670	TULP2_TYRO3	TULP	Secreted Signaling	TULP2	TYRO3	TULP2	TYRO3	incoming	TNK	0.0	0.0	1.0	1.0	False	False	0.0	other	False	False
GSE291670	GSE291670	TULP1_AXL	TULP	Secreted Signaling	TULP1	AXL	TULP1	AXL	incoming	TNK	0.0	0.0	1.0	1.0	False	False	0.0	other	False	False
GSE291670	GSE291670	TULP1_MERTK	TULP	Secreted Signaling	TULP1	MERTK	TULP1	MERTK	incoming	TNK	0.0	0.0	1.0	1.0	False	False	0.0	other	False	False
GSE291670	GSE291670	TUB_MERTK	TULP	Secreted Signaling	TUB	MERTK	TUB	MERTK	incoming	TNK	0.0	0.0	1.0	1.0	False	False	0.0	other	False	False
GSE291670	GSE291670	PROS1_MERTK	PROS	Secreted Signaling	PROS1	MERTK	PROS1	MERTK	incoming	TNK	0.0	0.0	1.0	1.0	False	False	0.0	other	False	False
GSE291670	GSE291670	PLAU_PLAUR	PLAU	Secreted Signaling	PLAU	PLAUR	PLAU	PLAUR	incoming	TNK	0.0	0.0	1.0	1.0	False	False	0.0	other	False	False
