n_rows	n	rho	p	class	name	q_all
1	86	-0.417938751268671	6.228861536660772e-05	other	AZD3759	0.2811985432286103
1	86	-0.3929656395819925	0.0001821038884660324	other	TROVIRDINE	0.2811985432286103
1	88	-0.37267419847697597	0.0003492543842110198	other	POZIOTINIB	0.2811985432286103
1	84	-0.3650943109867289	0.0006385565499877179	other	AH-7614	0.2811985432286103
1	91	-0.3590648118031648	0.00047364812876631447	other	BMS-690514	0.2811985432286103
1	91	-0.3586109142565861	0.0004821257083091729	other	ERLOTINIB	0.2811985432286103
1	91	-0.3547089879789797	0.0005609501987232499	other	DACOMITINIB	0.2811985432286103
1	96	-0.35167324573563435	0.00044228521609415304	other	PYROTINIB	0.2811985432286103
1	90	-0.3438889071928432	0.0009045667293043802	other	AV-412	0.2870342760896567
1	91	-0.3423343074985708	0.0008954239522134499	other	P22077	0.2870342760896567
2	88	-0.32988991263033146	0.0022200297506207926	other	BATIMASTAT	0.4616229604032783
1	91	-0.3216222457678478	0.0018790818246334226	other	OSI-420	0.42725151259093375
1	86	-0.31636696418186294	0.0030017666906508693	other	HKI-357	0.4650989991116814
1	82	-0.314573356570656	0.003998170780857846	other	NABUMETONE	0.4650989991116814
1	84	-0.31119075824980863	0.003960606889740257	other	FG-4592	0.4650989991116814
1	91	-0.31057740546776597	0.002733398799945165	other	BRD:BRD-K34801930-001-01-9.1	0.4650989991116814
1	91	-0.31057740546776597	0.002733398799945165	other	SRT3190	0.4650989991116814
1	90	-0.3082463534397013	0.0031192551259626848	other	IBRUTINIB	0.4650989991116814
1	90	-0.30681406606024475	0.003268419611089118	other	CH5132799	0.4650989991116814
1	91	-0.30152334388074864	0.003678304533762829	other	ACETYLCHOLINE	0.4650989991116814
1	96	-0.29997693948689746	0.0029841673338959537	other	PIRMENOL	0.4650989991116814
1	91	-0.2994210815597525	0.003935682881178491	other	TOSEDOSTAT	0.4650989991116814
1	91	-0.29903088893199187	0.003985184918086012	other	ETHIMIZOL	0.4650989991116814
1	85	-0.2977164131118592	0.005653745375463805	other	CHLOROGENIC-ACID	0.5465380633235408
1	90	-0.2975206611671045	0.0044013402025771895	other	BRD:BRD-K35952844-238-01-2.1	0.4650989991116814
1	91	-0.29684103234762094	0.004273452543994765	other	TOPIRAMATE	0.4650989991116814
1	96	-0.2965585534531316	0.0033472277070187195	other	PF-06273340	0.4650989991116814
1	90	-0.2940634157684164	0.004904817447759626	other	OMEPRAZOLE-SULFIDE	0.5018484645755326
1	96	-0.2905085527743238	0.00408783553916483	other	KM-0118	0.4650989991116814
1	96	-0.28953865356236247	0.004219297498211057	other	INX-08189	0.4650989991116814
1	91	-0.28914866340033973	0.005438997505764309	other	CANAGLIFLOZIN	0.5465380633235408
1	86	-0.28643130744524375	0.007503010904111331	other	NERATINIB	0.5682313716364793
1	88	-0.28641370870143473	0.006824129186713031	other	EGF816	0.5682313716364793
1	90	-0.2793289651406741	0.007671447961125799	other	PF-05212384	0.5682313716364793
1	91	-0.27713232308828245	0.007827237207750592	other	PD-168393	0.5682313716364793
1	91	-0.276439532096136	0.007989518295344984	other	ICOTINIB	0.5682313716364793
1	90	-0.27313884956968965	0.009194643543652396	other	BUTENAFINE	0.5997126985777004
1	96	-0.27261628619282713	0.007205517249439354	other	ZANUBRUTINIB	0.5682313716364793
1	96	-0.2722229004984652	0.00729295340434238	other	YM-90709	0.5682313716364793
1	96	-0.2690961624794849	0.008021882534737762	other	ETRASIMOD	0.5682313716364793
1	86	-0.2685340679780624	0.012421372428137649	other	GLIPIZIDE	0.6187091133802117
1	91	-0.2671306508338464	0.010475234845262351	other	AST-1306	0.6113076236490719
1	90	-0.26676764019210725	0.011033308520089297	other	ST-91	0.6113076236490719
1	91	-0.2664617491862567	0.010677443658058847	other	AMPA-(S)	0.6113076236490719
1	90	-0.2651295643960621	0.011555025815952845	other	CAPSAICIN	0.6187091133802117
1	88	-0.2648045578327967	0.012658027398199411	other	BRIGATINIB	0.6228522489220871
1	96	-0.26449083685066144	0.009212333590389693	other	THIOTEPA	0.5997126985777004
1	96	-0.2644637068027744	0.009219783093110974	other	ILAPRAZOLE	0.5997126985777004
1	96	-0.26410423366827124	0.009318989529110012	other	TRIBROMOETHANOL	0.5997126985777004
1	90	-0.2639195285065213	0.01195410872921346	other	BRD:BRD-A78093359-001-06-3.1	0.6187091133802117
1	90	-0.2639195285065213	0.01195410872921346	other	MRS1845	0.6187091133802117
1	96	-0.2636837179260223	0.00943623059873924	other	EPRISTERIDE	0.5997126985777004
1	91	-0.2631411302928651	0.011732582568122476	other	ALFADOLONE-ACETATE	0.6187091133802117
1	91	-0.26228907700367354	0.012017559312007979	other	CHLOROQUINE	0.6187091133802117
1	91	-0.26181129011253806	0.01217998385253982	other	BMS-599626	0.6187091133802117
1	96	-0.26156079167886215	0.01004808625256464	other	AVORALSTAT	0.6053267662059034
1	86	-0.26116572637349267	0.015147890937519589	other	SECOISOLARICIRESINOL-(-)	0.6472051152370976
1	90	-0.26024826315458105	0.013239320185886359	other	FAROPENEM-MEDOXOMIL	0.6277381046563778
1	91	-0.25990014254799615	0.01284895475148881	other	MK-0752	0.6274572903643703
1	90	-0.2596638240514694	0.01345462063879216	other	CARIPORIDE	0.6277381046563778
1	91	-0.2589047531914639	0.01320986795511323	other	ERTUGLIFLOZIN	0.6277381046563778
1	96	-0.2586578765549499	0.010940882328323125	other	AZM-475271	0.6113076236490719
1	91	-0.2584588187597374	0.013374394046976094	other	RIMANTADINE	0.6277381046563778
1	91	-0.2578854744903749	0.013588541418939466	other	APALUTAMIDE	0.6277381046563778
1	90	-0.257762339082191	0.014176281840784758	other	CLORPRENALINE	0.6324402010932958
1	91	-0.2568024908704678	0.014001176182299752	other	P5091	0.6324402010932958
1	91	-0.25622118348625295	0.014227115493743935	other	IEM1460	0.6324402010932958
1	88	-0.25507427596244425	0.016466279692659635	other	AVIBACTAM	0.6472051152370976
1	91	-0.2545648555969833	0.014888312097802232	other	SB-590885	0.6440943609559274
1	96	-0.25411359353387225	0.012477844359203774	other	BAY-2402234	0.6187091133802117
1	90	-0.2527740278640838	0.016231077813925805	other	AMD11070	0.6472051152370976
1	90	-0.2525517763741682	0.016328324600067654	other	CLOPERASTINE	0.6472051152370976
1	91	-0.2523192572086465	0.0158271418268861	other	BREQUINAR	0.6472051152370976
1	96	-0.25100720305080726	0.01363377825812797	other	PFI-4	0.6277381046563778
1	90	-0.25098778440809494	0.017026988989833285	other	LUFENURON	0.650076075874337
1	91	-0.25098145391346716	0.01641042788228297	other	PHENYTOIN	0.6472051152370976
1	84	-0.25009871519673255	0.02176524769070301	other	L-838417	0.6897323145469603
1	90	-0.25007408383844165	0.017446968837458936	other	DAIDZEIN	0.650076075874337
1	91	-0.24945253586183364	0.017099684301440692	other	5-METHYLFURMETHIODIDE	0.650076075874337
1	86	-0.24926882654844484	0.020642488273895324	other	FENOFIBRATE	0.6753228623827021
1	86	-0.2490518331337136	0.020756780111953543	other	PF-670462	0.6753228623827021
1	90	-0.24805735735587356	0.018405653583551417	other	GEFITINIB	0.6715316886591427
1	91	-0.2474697202636214	0.018030640768983665	other	RS-67506	0.6679627034302799
1	90	-0.24627934543654828	0.01928810852790922	other	TASELISIB	0.6753228623827021
1	90	-0.2458760001400346	0.01949327658924135	other	TUBASTATIN-A	0.6753228623827021
1	91	-0.24551875712481822	0.018988906645434574	other	ORPHENADRINE	0.6753228623827021
1	91	-0.24513652761190982	0.019181690453568306	other	LAPATINIB	0.6753228623827021
1	91	-0.2447065194098879	0.01940058007046939	other	ACEBUTOLOL	0.6753228623827021
1	84	-0.24331521025050107	0.0257316627460708	other	BAY-41-2272	0.7219563399238328
1	90	-0.2430608146011029	0.020978122162982376	other	EIT-HYDROBROMIDE	0.6753228623827021
1	91	-0.24291481856812985	0.020335865069027056	other	URSODIOL	0.6753228623827021
1	91	-0.24246092102155115	0.02057885192379424	other	PARTHENOLIDE	0.6753228623827021
1	86	-0.24241938223997164	0.02452102330342537	other	EPZ011989	0.7219563399238328
1	96	-0.2423527177748445	0.017357851291003364	other	PF-06747775	0.650076075874337
1	96	-0.24230524019104216	0.01738048903089195	other	K-RAS(G12C)-INHIBITOR-12	0.650076075874337
1	91	-0.24168849888088215	0.02099807799204574	other	AMLODIPINE	0.6753228623827021
1	96	-0.2405078745185264	0.018256430327462953	other	R-268712	0.6715316886591427
1	91	-0.240079949680726	0.021894632124495356	other	PASIREOTIDE	0.6897323145469603
1	90	-0.2399657568156106	0.022721353222413095	other	NAFTOPIDIL	0.707545134645772
1	86	-0.2384380248044679	0.027048402142965344	other	GDC-0623	0.7219563399238328
1	85	-0.23794447865586463	0.02831768600451827	other	TETRANDRINE	0.7219563399238328
1	86	-0.2361737456942288	0.02858186762035734	other	VENLAFAXINE	0.7219563399238328
1	88	-0.23572818612609628	0.027038192315510117	other	METYRAPONE	0.7219563399238328
1	86	-0.23492839218359732	0.029456177071046852	other	AVAGACESTAT	0.7219563399238328
1	96	-0.23439683123197272	0.02152489908266678	other	3PO	0.6868787103310399
1	91	-0.2333909332048293	0.02598240796238655	other	ISOSTEVIOL	0.7219563399238328
1	96	-0.23337267192423733	0.022119033388186153	other	TETRAZOL-5-YL-GLYCINE-(RS)	0.6921324719429511
1	91	-0.23296888811765962	0.02626075834735323	other	PCA-4248	0.7219563399238328
1	90	-0.23235981693849672	0.027538242155968177	other	NIZATIDINE	0.7219563399238328
1	91	-0.23194164630171835	0.026948857581065726	other	ARECAIDINE-PROPARGYL-ESTER	0.7219563399238328
1	91	-0.23115329793134484	0.02748725629222126	other	VILOXAZINE	0.7219563399238328
1	96	-0.23082244742285646	0.023659765932477164	other	GANODERIC-ACID-A	0.7219563399238328
1	91	-0.23061976923624353	0.027856779479932686	other	CHLOROCRESOL	0.7219563399238328
1	90	-0.23025254355262967	0.029016779080722976	other	PD-153035	0.7219563399238328
1	90	-0.2297586513528171	0.029372862280522695	other	TYRPHOSTIN-AG-1478	0.7219563399238328
1	90	-0.22968456752284522	0.029426592104032187	other	SRPIN340	0.7219563399238328
1	91	-0.22898733069153066	0.029013661714973004	other	PHENYLEPHRINE	0.7219563399238328
1	91	-0.2285812118340655	0.029307704505175915	other	NM107	0.7219563399238328
1	96	-0.22742440892500587	0.025854358730620062	other	FUMONISIN-B1	0.7219563399238328
1	96	-0.22703102323064395	0.026119267564406967	other	TENOFOVIR-ALAFENAMIDE	0.7219563399238328
1	86	-0.22638073854244484	0.036087399291631204	other	SAR405	0.7580479390079189
1	91	-0.22626394541205838	0.0310341177072376	other	ROSTAFUROXINE	0.7398364007288379
1	89	-0.2255977664174888	0.0335296167366062	other	BIBU-1361	0.7547606167453118
1	91	-0.22557115441991196	0.03156662955645181	other	CGP-7930	0.7398364007288379
1	96	-0.22532861272573274	0.027292453343052987	other	VL285	0.7219563399238328
1	96	-0.22526757011798693	0.027335337382848594	other	GALIDESIVIR	0.7219563399238328
1	90	-0.22516545389456	0.03286495944630899	other	WZ8040	0.7512323708897438
1	96	-0.2249691395912296	0.027545817048657998	other	ABX-1431	0.7219563399238328
1	91	-0.22479873227924296	0.03216941178757836	other	SULFINPYRAZONE	0.743240245099391
1	91	-0.22463150686734548	0.03230118002384048	other	PGL5001	0.7436193086916989
1	88	-0.22421915589573366	0.035719476470304	other	UNC0321	0.7549106404182937
1	96	-0.22322603401448787	0.028802880856373298	other	TCN238	0.7219563399238328
1	91	-0.22297517897807584	0.033631038254838395	other	DIMESNA	0.7547606167453118
1	91	-0.22284776914043972	0.03373521437403329	other	MIGLUSTAT	0.7547606167453118
1	88	-0.22176236979453154	0.0378476106661441	other	DEXTRAN	0.7580479390079189
1	91	-0.22162941256804425	0.03474516841725282	other	L-745870	0.7547606167453118
1	91	-0.22128699862939716	0.035033538950088476	other	BIBX-1382	0.7547606167453118
1	90	-0.22080273946288212	0.03649901092303337	other	OXINIACIC-ACID	0.7580479390079189
1	84	-0.2204031629470355	0.04394578612593435	other	KB-SRC-4	0.8002105575360813
1	96	-0.21952956498987994	0.03163007767690322	other	TRICIRIBINE-PHOSPHATE	0.7398364007288379
1	90	-0.2192716736434631	0.037851623369517855	other	PNU-120596	0.7580479390079189
1	90	-0.21912350598351932	0.037984716770021375	other	SULFACHLORPYRIDAZINE	0.7580479390079189
1	91	-0.21907325270046946	0.03694675341003867	other	AVL-292	0.7580479390079189
1	91	-0.21830083055980043	0.037634569286920286	other	DRF053-(R)	0.7580479390079189
1	91	-0.21822916252613006	0.037698926659679395	other	TORIN-1	0.7580479390079189
1	91	-0.21817342072216425	0.03774904600418051	other	CHICAGO-SKY-BLUE-6B	0.7580479390079189
1	86	-0.21788969187904825	0.04386885972504498	other	EW-7197	0.8002105575360813
2	85	-0.2176272433198047	0.05044915375673538	other	ILOMASTAT	0.8227921773062641
1	84	-0.21724427706162622	0.04714246523117452	other	PSB-603	0.813421438848229
1	91	-0.21660468709626945	0.039182564990847726	other	EVANS-BLUE	0.7662326768004524
1	84	-0.21657605120125117	0.04784271405576902	other	Y-11	0.8158574994801246
1	86	-0.21606883409456434	0.045707058938551336	other	PRAVADOLINE	0.8083997347139233
1	91	-0.21606319528631596	0.039687815362250814	other	NAVITOCLAX	0.7700448891982498
1	91	-0.21572874446252108	0.04000258844222114	other	REGADENOSON	0.7719706701915615
1	96	-0.21554823046245825	0.034933555951044415	other	EVOCALCET	0.7547606167453118
1	90	-0.21424220474203823	0.04259312771633446	other	GANGLIOSIDE-GM1	0.8002105575360813
1	90	-0.2137647756155527	0.04306780827480471	other	TOCAINIDE	0.8002105575360813
1	96	-0.2136287795744508	0.036626968552538504	other	SKLB-1028	0.7580479390079189
1	96	-0.21338460914346752	0.036847237816823974	other	LAZERTINIB	0.7580479390079189
1	90	-0.21312271575579636	0.04371309233263983	other	DIOSGENIN	0.8002105575360813
1	96	-0.21295052837727504	0.03724156854513336	other	SD-0006	0.7580479390079189
1	96	-0.21255036017094137	0.03760821739644422	other	ACEBILUSTAT	0.7580479390079189
1	90	-0.21253004511602122	0.044315841883201104	other	KIFUNENSINE	0.8020344195644261
1	91	-0.21242405179883403	0.04322623854843389	other	DEXFENFLURAMINE	0.8002105575360813
1	90	-0.2123077936261056	0.04454364291096254	other	CEFOTETAN	0.8020344195644261
1	84	-0.2116453543224232	0.05327920991025616	other	ITE	0.8338742720602134
1	91	-0.21130125260466567	0.044369457561506946	other	AZD8931	0.8020344195644261
1	90	-0.2112706200064991	0.04561959003172899	other	CAMYLOFINE-CHLORHYDRATE	0.8083997347139233
1	90	-0.21112245234655533	0.04577503927561	other	KETANSERIN	0.8083997347139233
1	90	-0.2107602647333595	0.046156873399330875	other	MODALINE	0.8107008336024164
1	91	-0.21009882226197468	0.04562145335030356	other	BUNAZOSIN	0.8083997347139233
1	85	-0.20955842837064895	0.054247170159151065	other	MIRABEGRON	0.8340602605218771
1	90	-0.20922919891394043	0.04780022896946707	other	PHYTOSPHINGOSINE	0.8158574994801246
2	87	-0.20892413364921777	0.06628055368400365	other	FOSFOMYCIN	0.8443566186701335
1	91	-0.2082354533865463	0.047619340229063174	other	AEE788	0.8158574994801246
1	90	-0.20815086761101625	0.048986415509229504	other	BYK-204165	0.8223084228450349
1	90	-0.20775575385116615	0.04942708252927123	other	METIPRANOLOL	0.8227921773062641
1	90	-0.2066527279382514	0.050674603535616945	other	TELITHROMYCIN	0.8227921773062641
1	86	-0.2065965998167308	0.05632571066581416	other	DINOPROSTONE	0.8340602605218771
1	91	-0.20643578942993604	0.04961702331451327	other	ROSMARINIC-ACID	0.8227921773062641
1	96	-0.20626297157312204	0.04377711787562481	other	MK-7246	0.8002105575360813
1	96	-0.2061815814294609	0.04386217846549394	other	CH55	0.8002105575360813
1	90	-0.2061588357384388	0.051241537923263206	other	PIRIBEDIL	0.8278269510109139
1	90	-0.20591188963853255	0.05152695618125586	other	THIOPHANATE	0.8303568988609382
1	91	-0.20558373614074443	0.05058665234576355	other	OXOLINIC-ACID	0.8227921773062641
1	90	-0.20550854434201887	0.051995950725526055	other	SUXIBUZONE	0.8307824917485119
1	90	-0.20467715913900106	0.05297372856889816	other	MEPHENESIN	0.8338742720602134
1	96	-0.20460125614004135	0.04554117675162151	other	A12B4C3	0.8083997347139233
1	86	-0.20392663736590724	0.059658794551353485	other	MLN1117	0.8354365318984287
1	90	-0.20382107932599255	0.053996277409758604	other	DIPIVEFRINE	0.8340602605218771
1	96	-0.20344144659287083	0.04680702126507008	other	ITX3	0.813421438848229
1	86	-0.20288884277371433	0.06099695095473902	other	MARAVIROC	0.8354365318984287
1	96	-0.20228841955767202	0.048094200119615065	other	BC-11	0.8173752695548095
1	91	-0.2020242238017851	0.05480757908898619	other	TERBINAFINE	0.8340602605218771
1	90	-0.2015821013535088	0.05674737674331941	other	SECURININE	0.8340602605218771
1	88	-0.20070797707777785	0.06079066418901227	other	GEPEFRINE	0.8354365318984287
1	86	-0.2006623016486459	0.06395033633060172	other	GSK2256294A	0.8412731999735892
1	96	-0.20064705166050664	0.04997688986982094	other	BAZ2-ICR	0.8227921773062641
1	90	-0.20061901156387427	0.057965502613542434	other	L-368899	0.8340602605218771
1	90	-0.20022389780402416	0.058471385881885024	other	AFATINIB	0.8340602605218771
1	91	-0.19978658852830058	0.05760578573824412	other	BETA-FUNALTREXAMINE	0.8340602605218771
1	91	-0.19910176065100643	0.05848514392737953	other	VALGANCICLOVIR	0.8340602605218771
1	86	-0.1989829613085519	0.06625374984399361	other	DOXIFLURIDINE	0.8443566186701335
1	91	-0.1985124901519393	0.05925054561612556	other	GIVINOSTAT	0.8354365318984287
1	91	-0.19850452703708704	0.05926094457326294	other	GADODIAMIDE	0.8354365318984287
1	96	-0.19845630029362896	0.05258405673964318	other	DOTMP	0.8307824917485119
1	90	-0.19778736295161542	0.061671190437909904	other	VANCOMYCIN	0.8354365318984287
1	96	-0.19762883383307447	0.05359746999622264	other	L-PHENYLISOPROPYLADENOSINE	0.8340602605218771
1	90	-0.1974827960950643	0.06208099577712494	other	TYLOSIN	0.8354365318984287
1	91	-0.19699949833001032	0.0612532471775482	other	RS-45041-190	0.8354365318984287
1	86	-0.19683096764673755	0.06930308806327935	other	SPERMIDINE	0.8454781754965837
1	90	-0.19678311547866315	0.06303083074856831	other	APOCYNIN	0.8406266127268162
1	91	-0.19657745324284062	0.06182162032837221	other	SB-431542	0.8354365318984287
1	91	-0.19655356389828388	0.06185392027558887	other	OSIMERTINIB	0.8354365318984287
1	90	-0.196371538645486	0.06359504998263632	other	PROXYPHYLLINE	0.8406266127268162
1	90	-0.1963550755721589	0.06361770376735672	other	ROLIPRAM-S(+)	0.8406266127268162
1	90	-0.1963550755721589	0.06361770376735672	other	BRD:BRD-K65856711-001-04-4.1	0.8406266127268162
1	90	-0.1963386124988318	0.06364036410342636	other	PENTETIC-ACID	0.8406266127268162
1	96	-0.19615702873520308	0.05543964831051032	other	CPI-169	0.8340602605218771
1	91	-0.1956537319199787	0.06308058460032631	other	MEBICAR	0.8406266127268162
1	96	-0.19551947260985786	0.0562535996309846	other	AZ7550	0.8340602605218771
1	90	-0.19528497580589826	0.06510431198446276	other	BUTACLAMOL	0.8442923763895535
1	90	-0.19528497580589826	0.06510431198446276	other	DICYCLOVERINE	0.8442923763895535
1	90	-0.1950051035593378	0.06549772797467111	other	SSR128129E	0.8443566186701335
1	90	-0.19448651674953457	0.06623179549279626	other	ENILCONAZOLE	0.8443566186701335
1	96	-0.19404766751198646	0.05817003789539437	other	CEFTOBIPROLE	0.8340602605218771
1	96	-0.19396627736832536	0.05827755451735573	other	WAY-629	0.8340602605218771
1	90	-0.1938197622797876	0.0671853698553329	other	ALIBENDOL	0.8454781754965837
1	90	-0.1937127523031615	0.06733944178843942	other	METHYLPHENIDATE	0.8454781754965837
1	90	-0.19357281617988129	0.06754135151907388	other	WZ-3146	0.8454781754965837
1	90	-0.193416416983274	0.0677675943610889	other	PICLAMILAST	0.8454781754965837
1	90	-0.1932435547133396	0.0680183646272388	other	IOHEXOL	0.8454781754965837
1	90	-0.1929225247834614	0.0684860703826753	other	PG-9	0.8454781754965837
1	90	-0.1928895986368072	0.06853418674395828	other	ETOSALAMIDE	0.8454781754965837
1	91	-0.19275515811375682	0.06716693897354614	other	ARRY-334543	0.8454781754965837
1	88	-0.19245705027911694	0.07242661168117633	other	BUCLIZINE	0.8519378447023039
1	84	-0.19227692900579502	0.07973399611471146	other	BENETHAMINE	0.8536329545532106
1	91	-0.1919986622027923	0.06826795398182325	other	OAC1	0.8454781754965837
1	90	-0.19187711962719142	0.07002714430842029	other	FLUDARABINE-PHOSPHATE	0.8454781754965837
1	96	-0.19183656860919346	0.06114913495013322	other	MIRIDESAP	0.8354365318984287
1	90	-0.1918359619438737	0.07008838410763381	other	AROTINOLOL	0.8454781754965837
1	96	-0.19143640040285975	0.06170135862235665	other	BTK-IN-1	0.8354365318984287
1	88	-0.19130350555059553	0.07418743591171802	other	LEMBOREXANT	0.8536329545532106
1	90	-0.19104573442417358	0.07127258710946059	other	INDIRUBIN-3-MONOXIME	0.8454781754965837
1	91	-0.1908360474343626	0.06998842998495679	other	ZATEBRADINE	0.8454781754965837
1	90	-0.19077409371427662	0.07168335996125942	other	AZLOCILLIN	0.8462837697990444
1	91	-0.19052548595512456	0.0704538813314463	other	THIAMET-G	0.8454781754965837
1	96	-0.19052076128667247	0.06298020817292145	other	TENAPANOR	0.8406266127268162
1	88	-0.19033488020603553	0.07569239440386819	other	PIPERACILLIN	0.8536329545532106
1	91	-0.19026270316500005	0.07084967157134887	other	WAY-362450	0.8454781754965837
1	91	-0.19024677693529554	0.07087371634384425	other	LAUROCAPRAM	0.8454781754965837
1	91	-0.18933898184213815	0.07225517770674265	other	FASUDIL	0.8514750923174829
1	96	-0.18913712884443393	0.0649535174493414	other	LY231617	0.8442923763895535
1	91	-0.1883197031410491	0.073832036467797	other	ISTRADEFYLLINE	0.8536329545532106
1	90	-0.18785189819871878	0.07622391874957608	other	BRD:BRD-K16478699-001-09-2.1	0.8536329545532106
1	90	-0.18785189819871878	0.07622391874957608	other	PLX4720	0.8536329545532106
1	88	-0.1877548145155258	0.07982070201947601	other	ETAFENONE	0.8536329545532106
1	90	-0.1877366566854292	0.07640760193314255	other	BRD:BRD-A65671304-001-07-5.1	0.8536329545532106
1	90	-0.1877366566854292	0.07640760193314255	other	CANDESARTAN-CILEXTIL	0.8536329545532106
1	90	-0.18772842514876567	0.07642073572373904	other	NATEGLINIDE	0.8536329545532106
1	91	-0.18745968673700525	0.07518391872764504	other	PIK-294	0.8536329545532106
1	90	-0.1870534391423551	0.07750387868398237	other	MY-5445	0.8536329545532106
1	90	-0.18674887228580403	0.07799662130407507	other	ETORICOXIB	0.8536329545532106
1	91	-0.18664744902207492	0.07647886962570646	other	ZCL-278	0.8536329545532106
1	96	-0.18641055903178735	0.0689889348707741	other	MITOTANE	0.8454781754965837
1	86	-0.1859822254172625	0.0864400765065757	other	PARGYLINE	0.8614308074253545
1	90	-0.18591748708278616	0.0793544449803038	other	NNC-711	0.8536329545532106
1	86	-0.1858784459580432	0.08661891020727365	other	PYRIDOXAL-ISONICOTINOYL-HYDRAZONE	0.8614308074253545
1	91	-0.1855644654021678	0.0782332145893821	other	GIMERACIL	0.8536329545532106
1	96	-0.1855152674515153	0.07035735775381576	other	CATHARANTHINE	0.8454781754965837
1	88	-0.18537727957887856	0.0837822790990567	other	RS-0481	0.8614308074253545
1	91	-0.18521408834866848	0.0788076415402879	other	AH11110	0.8536329545532106
1	91	-0.18519019900411174	0.07884692952132302	other	DIHYDROSTREPTOMYCIN	0.8536329545532106
1	91	-0.18515834654470267	0.07889933785964123	other	INDIRUBIN	0.8536329545532106
1	91	-0.18486371129516913	0.07938543665470062	other	PAZUFLOXACIN	0.8536329545532106
1	91	-0.1847522276872375	0.07956998897983515	other	Y-320	0.8536329545532106
1	90	-0.18464983043660052	0.08146108124315647	other	SAR-245409	0.8536329545532106
1	90	-0.1845181258499838	0.08168248636736454	other	GR-144053	0.8536329545532106
1	91	-0.18431425637036336	0.08029833769294208	other	NAVARIXIN	0.8536329545532106
1	84	-0.18421772014430204	0.09344976317591477	other	AZD9496	0.8648691895669884
1	91	-0.18384443259408012	0.0810855660803541	other	AMIDOPYRINE	0.8536329545532106
1	90	-0.1836208883536576	0.083203605011498	other	CHRYSOPHANIC-ACID	0.8608835279359809
1	96	-0.1833245160846376	0.0737983730551732	other	ACT-132577	0.8536329545532106
1	85	-0.18331232473344092	0.09309459352964032	other	ENFLURANE	0.8648691895669884
1	90	-0.18306114386053668	0.08416392705435997	other	CGS-15943	0.8614308074253545
1	88	-0.18245379217529753	0.08886619156813519	other	NITAZOXANIDE	0.8648691895669884
1	90	-0.1824355470741074	0.0852476396496052	other	CERAMIDE	0.8614308074253545
1	90	-0.18210628560756564	0.08582245219746283	other	TEMOZOLOMIDE	0.8614308074253545
1	96	-0.18190697108254028	0.0760961594379564	other	MMV-390048	0.8536329545532106
1	90	-0.18185933950765937	0.08625557831006916	other	OXPRENOLOL	0.8614308074253545
1	91	-0.18176605961764078	0.08464221184447553	other	VCH-916	0.8614308074253545
1	96	-0.18155428046000888	0.07667668796635911	other	ISOQUERCITRIN	0.8536329545532106
1	90	-0.18153007804111762	0.08683577711376951	other	CLORGILINE	0.8614308074253545
1	88	-0.18138830429628156	0.09077865601909439	other	BRD:BRD-K03765900-001-01-9.1	0.8648691895669884
1	88	-0.18138830429628156	0.09077865601909439	other	XL647	0.8648691895669884
1	90	-0.18126666886788426	0.08730216206041888	other	OXOTREMORINE-M	0.864428972722391
1	86	-0.18122723928576048	0.09493956226230674	other	PLX8394	0.8648691895669884
1	90	-0.18087978664469773	0.08799076411114151	other	BIMATOPROST	0.8648691895669884
1	91	-0.18059548173435885	0.08669933900443398	other	TODRALAZINE	0.8614308074253545
1	90	-0.18050936749483829	0.08865409096777274	other	NILUTAMIDE	0.8648691895669884
1	88	-0.1801731197731063	0.09299935032806918	other	UNC0631	0.8648691895669884
1	90	-0.17999078068503507	0.08958939552951584	other	HYDRASTININE	0.8648691895669884
1	90	-0.1798426130250913	0.08985805473889205	other	ICI-185,282	0.8648691895669884
1	90	-0.17966151921849335	0.09018728115151485	other	SULFADIAZINE	0.8648691895669884
1	90	-0.17960389846184854	0.09029223484462812	other	ALLYLTHIOUREA	0.8648691895669884
1	96	-0.1792753564374983	0.08051393235394563	other	DMPS	0.8536329545532106
1	96	-0.17911935866214784	0.080782113750536	other	SORAPRAZAN	0.8536329545532106
1	90	-0.17906884857871824	0.09127142379379949	other	SB-415286	0.8648691895669884
1	90	-0.1787148925021859	0.09192379281548362	other	DASATINIB	0.8648691895669884
1	84	-0.17861879740509903	0.10402607694353933	other	EB-47	0.8648691895669884
1	91	-0.17852507187277178	0.09043477115244025	other	STAVUDINE	0.8648691895669884
1	91	-0.1782702521974995	0.09090318231835764	other	GW-583340	0.8648691895669884
1	88	-0.17790125305586565	0.0972657850271644	other	OPICAPONE	0.8648691895669884
1	96	-0.17755938090864357	0.08350335737113324	other	TECADENOSON	0.8614308074253545
1	96	-0.17734912303751912	0.08387565491166588	other	AZD4573	0.8614308074253545
1	90	-0.17711797438945848	0.09491293572500059	other	CARZENIDE	0.8648691895669884
1	86	-0.17694397796889155	0.10314647298141007	other	CEFOXITIN	0.8648691895669884
1	88	-0.17679173675209695	0.09940451587568419	other	POLYTHIAZIDE	0.8648691895669884
1	86	-0.1767741570356236	0.10348292519869447	other	PROMAZINE	0.8648691895669884
1	88	-0.17635145250456968	0.10026336531411159	other	CHLORPHENESIN	0.8648691895669884
1	90	-0.1762783576497771	0.09651496153879582	other	TRAMETINIB	0.8648691895669884
1	90	-0.1761466530631604	0.09676817747691606	other	BRD:BRD-K23952234-236-01-8.1	0.8648691895669884
1	90	-0.17609726384317914	0.09686326797473875	other	ATIPAMEZOLE	0.8648691895669884
1	96	-0.17580271030795835	0.08665462633266525	other	BAFILOMYCIN-A1	0.8614308074253545
1	91	-0.17522037920908473	0.0966595587728101	other	GUANIDINE	0.8648691895669884
1	90	-0.17521648942018	0.09857141226127343	other	OSTHOL	0.8648691895669884
1	90	-0.17520002634685294	0.09860356378092827	other	CYCLOPIAZONIC-ACID	0.8648691895669884
1	90	-0.17515886866353525	0.09868397858417713	other	PEROSPIRONE	0.8648691895669884
1	90	-0.17513417405354462	0.09873225216107791	other	5-CARBOXAMIDOTRYPTAMINE	0.8648691895669884
1	90	-0.17510947944355398	0.09878054426448615	other	DIOSCIN	0.8648691895669884
1	90	-0.17497777485693727	0.09903841522023625	other	DECAMETHONIUM	0.8648691895669884
1	90	-0.17453327187710593	0.09991262985741234	other	SIBUTRAMINE	0.8648691895669884
1	91	-0.17449573575752925	0.09806853187771808	other	D-SERINE	0.8648691895669884
1	90	-0.1743192519238538	0.1003356994671456	other	GZD824	0.8648691895669884
1	90	-0.1743110203871903	0.10035199936103935	other	1-NAPHTHYL-PP1	0.8648691895669884
1	90	-0.17424516809388194	0.10048247320823367	other	MEXENEONE	0.8648691895669884
1	90	-0.1741628527272465	0.1006457523484631	other	OXYMATRINE	0.8648691895669884
2	90	-0.1741216950439288	0.11900343296317523	other	TROPISETRON	0.8807073810340155
1	91	-0.17327737918513378	0.10047376210429698	other	IPAG	0.8648691895669884
1	91	-0.1732694160702815	0.10048963322415527	other	METOCURINE	0.8648691895669884
1	91	-0.1729110759019299	0.10120586885092678	other	AZD1283	0.8648691895669884
1	91	-0.17286329721281635	0.1013016681851889	other	ALPROSTADIL	0.8648691895669884
1	91	-0.17284737098311181	0.1013336170690624	other	OLEAMIDE	0.8648691895669884
1	90	-0.17272233381112645	0.10353690719465246	other	ASARALDEHYDE	0.8648691895669884
1	91	-0.17270403491577122	0.10162151213337207	other	SAL003	0.8648691895669884
1	96	-0.17258779963334525	0.0926658665387042	other	ML324	0.8648691895669884
1	84	-0.17246301978225012	0.11670738228096934	other	BIMU-8	0.8728790958039542
1	96	-0.17241145432207955	0.0930048940242705	other	AS-252424	0.8648691895669884
1	90	-0.1722202100746503	0.10455979142762853	other	FLUMAZENIL	0.8648691895669884
1	91	-0.1721147644167041	0.10281181190686428	other	MEPYRAMINE	0.8648691895669884
1	91	-0.17197142834936346	0.1031029860509816	other	TOLAZOLINE	0.8648691895669884
1	96	-0.171726420612932	0.0943311875372689	other	RMC-4550	0.8648691895669884
1	88	-0.17171085653563237	0.10967297014978564	other	DROTAVERINE	0.8722182006338582
1	84	-0.1715518026999205	0.11868170803346509	other	KS-176	0.8793359654985241
1	86	-0.17154744608948835	0.11426306427145741	other	PI4KIII-BETA-INHIBITOR-1	0.8728790958039542
1	91	-0.17137419473544413	0.10432315513551549	other	FLUPENTIXOL	0.8648691895669884
1	91	-0.1710158545670925	0.10506065034280823	other	PYRAZINAMIDE	0.8648691895669884
1	91	-0.17096807587797896	0.10515928962145173	other	SKEPINONE-L	0.8648691895669884
1	96	-0.17087860661646231	0.095993245360292	other	NINGETINIB-TOSYLATE	0.8648691895669884
1	91	-0.17080881358093378	0.10548860910701724	other	ASA-404	0.8648691895669884
1	88	-0.17068059139641859	0.11185218303638968	other	DROMOSTANOLONE-PROPIONATE	0.8728790958039542
1	91	-0.1701080594739351	0.10694717967429315	other	BUPARLISIB	0.8720248065153718
1	96	-0.17007827020379493	0.09758330665833873	other	TC-S-7006	0.8648691895669884
1	90	-0.16962727602563424	0.10996793804190141	other	PALOMID-529	0.8722182006338582
1	90	-0.16948733990235398	0.11026587064098357	other	7-HYDROXYSTAUROSPORINE	0.8722182006338582
1	90	-0.16935563531573727	0.11054684992142341	other	FURALTADONE	0.8722182006338582
1	91	-0.1692161906104822	0.10882620487660287	other	SEMAGACESTAT	0.8722182006338582
1	91	-0.16920822749562994	0.10884309676093774	other	EPZ004777	0.8722182006338582
1	90	-0.16918277304580287	0.11091647825798882	other	UB-165	0.8722182006338582
1	96	-0.16916941359957938	0.09941400397277315	other	DR-2313	0.8648691895669884
1	91	-0.16882599798272155	0.10965630732813803	other	IMMEPIP	0.8722182006338582
1	96	-0.1685115099383189	0.10075595134846932	other	ENCORAFENIB	0.8648691895669884
1	91	-0.16849951027377896	0.11035465623544932	other	VANDETANIB	0.8722182006338582
1	91	-0.16842784224010868	0.11050841357578921	other	DINITOLMIDE	0.8722182006338582
1	86	-0.1684151933203243	0.1211274748788624	other	9-AMINOCAMPTOTHECIN	0.8823046625825858
1	96	-0.16830803457916618	0.10117384961506795	other	A77636	0.8648691895669884
1	86	-0.16816046192042244	0.12169936038606846	other	TG-100801	0.8823046625825858
1	91	-0.1681570963351319	0.11109077609686592	other	BISINDOLYLMALEIMIDE-IX	0.8722182006338582
1	86	-0.16794346850569117	0.12218815542741858	other	PKI-166	0.8823046625825858
1	96	-0.16792143139677598	0.10197159774234965	other	YS-201	0.8648691895669884
1	91	-0.1678704242004506	0.11170998801463869	other	PYRITHYLDIONE	0.8728790958039542
1	86	-0.16778308206871592	0.12255040611016307	other	ETEROBARB	0.8823046625825858
1	86	-0.16772647509095995	0.12267845583934545	other	XBD173	0.8823046625825858
1	86	-0.16727361926891213	0.12370655180731417	other	GLPG0492	0.8823046625825858
1	91	-0.16727319058653126	0.11300860711749397	other	2,4-DINITROPHENOL	0.8728790958039542
1	90	-0.16725659346653377	0.11510035431358054	other	LY364947	0.8728790958039542
1	86	-0.1670471913578882	0.12422306994340725	other	2-CYANOPYRIMIDINE	0.8823046625825858
1	91	-0.16650873156071447	0.1146878675210467	other	ROCURONIUM	0.8728790958039542
1	90	-0.16649106055682428	0.116796659250237	other	IMIDAPRIL	0.8728790958039542
1	90	-0.1663428928968805	0.1171271938384925	other	SULFAMETHOXYPYRIDAZINE	0.8728790958039542
1	91	-0.1661822438517719	0.11541090632942098	other	PU-H71	0.8728790958039542
1	84	-0.16597312922921373	0.13133401157660182	other	TRANS-4-METHOXYCINNAMIC-ACID	0.8883305756797222
1	90	-0.16567613842713347	0.11862353880106415	other	ETOFYLLINE-CLOFIBRATE	0.8793359654985241
1	91	-0.165290374988319	0.11740399876854302	other	BEXAROTENE	0.8728790958039542
1	96	-0.16515416651229886	0.10782647197030698	other	TAPINAROF	0.8722182006338582
1	96	-0.16488964854540028	0.10839956653370675	other	HSR6071	0.8722182006338582
1	96	-0.16462513057850175	0.10897502990477848	other	PBT-1033	0.8722182006338582
1	91	-0.16425517005752546	0.11975059571777792	other	AM-1241	0.8823046625825858
1	91	-0.1640162766119577	0.12029721204498141	other	ML161	0.8823046625825858
1	91	-0.1639286823485829	0.12049811845116286	other	BUTYLATED-HYDROXYANISOLE	0.8823046625825858
1	90	-0.16389812650780816	0.1226858197723638	other	GS-39783	0.8823046625825858
1	96	-0.16376375155808856	0.1108654611133331	other	VABORBACTAM	0.8722182006338582
1	90	-0.16375819038452794	0.12301001503902718	other	ISAXONINE	0.8823046625825858
1	91	-0.16353052660596998	0.12141458480254466	other	NIACIN	0.8823046625825858
1	90	-0.16347831813796745	0.12366037784465923	other	CONIVAPTAN	0.8823046625825858
1	86	-0.1633677378037497	0.1328498881045241	other	PHORTRESS	0.8907602714097606
1	86	-0.16308470291496982	0.13353189600149792	other	ABC-294640	0.8912629369118149
1	87	-0.16294709983817793	0.13155847118421415	other	DIHYDROMYRICETIN	0.8889160432426042
1	91	-0.16291736676234614	0.12283641190517122	other	ISOQUINOLINE,-6,7-DIMETHOXY-1-METHYL-1,2,3,4-TETRAHYDRO,	0.8823046625825858
1	96	-0.16291593756161885	0.11275090274943836	other	DIQUAFOSOL	0.8728790958039542
1	96	-0.16286845997781652	0.11285721823262956	other	SIB-1893	0.8728790958039542
1	90	-0.162819795204884	0.1252010463242612	other	ADAPALENE	0.8823046625825858
1	90	-0.16272101676492148	0.12543340938141395	other	METACETAMOL	0.8823046625825858
1	90	-0.16254815449498708	0.12584083935116105	other	NAFADOTRIDE	0.8823046625825858
1	91	-0.1621847601959384	0.12455194198107726	other	3-MPPI	0.8823046625825858
1	91	-0.1620573503583023	0.12485216106571946	other	2-BFI	0.8823046625825858
1	91	-0.16202549789889326	0.12492730243284961	other	HYPERICIN	0.8823046625825858
1	96	-0.16185786569402463	0.11513870632903925	other	GDC-0084	0.8728790958039542
1	91	-0.1618423462572913	0.12536003810699156	other	LOPINAVIR	0.8823046625825858
1	90	-0.16170030621864212	0.12785387423472794	other	CLEVIPREX	0.8863652359433607
1	91	-0.16162734215628033	0.1258694964651548	other	RS-39604	0.8823046625825858
1	91	-0.16160345281172356	0.12592620067886734	other	NU-7026	0.8823046625825858
1	90	-0.16138750782542746	0.12860273047522933	other	GSK2126458	0.8863652359433607
1	96	-0.16111857188910306	0.11683019985300731	other	PHENYL-SALICYLATE	0.8728790958039542
1	90	-0.16104178328555865	0.12943430628786923	other	REPSOX	0.8863652359433607
1	84	-0.1609614352764009	0.1435529756987367	other	ANTHRANILIC-ACID	0.898793827811843
1	84	-0.1609614352764009	0.1435529756987367	other	BRD:BRD-K75167327-001-01-6.1	0.898793827811843
1	91	-0.1609504773938384	0.12748370226879	other	SAQUINAVIR	0.8863652359433607
1	90	-0.1609265417722691	0.12971240830561695	other	AS-77	0.8863652359433607
1	96	-0.16090831401797856	0.1173147568458193	other	L-KYNURENINE	0.8728790958039542
1	90	-0.16088538408895137	0.12981184087421557	other	A205804	0.8863652359433607
1	91	-0.16075936263738422	0.12794233169152697	other	SB-742457	0.8863652359433607
1	96	-0.16038606059615323	0.11852504974761338	other	JNJ-47965567	0.8793359654985241
1	86	-0.1603770024789756	0.14019152233730978	other	FPL-12495	0.898793827811843
1	91	-0.16028953886110098	0.12907515625890137	other	EBPC	0.8863652359433607
1	86	-0.1602166160420003	0.1405937258252536	other	MUT056399	0.898793827811843
2	88	-0.16008589818423374	0.14416815062006313	other	3-DEAZANEPLANOCIN-A	0.898793827811843
1	84	-0.15998947038858263	0.1460187272832026	other	KO143	0.9008213700159658
1	91	-0.15985953065907904	0.13011867728282722	other	BENZAMIL	0.8866226149736832
1	90	-0.15979882124936365	0.13245794647560657	other	PRUCALOPRIDE	0.8906833462601754
1	82	-0.15972921349162555	0.15173625856211237	other	LOMEFLOXACIN	0.9008213700159658
1	91	-0.15946137491646617	0.13109062790732734	other	AMG-487	0.8883305756797222
1	86	-0.15944298734600196	0.14254601322417962	other	DINOPROST	0.898793827811843
1	96	-0.15940259636024837	0.12083029693711815	other	AP-18	0.8823046625825858
2	87	-0.15938157514666115	0.16314868261269252	other	TRICIRIBINE	0.9023681999298369
1	86	-0.15937694587195333	0.14271361393417947	other	DMP-777	0.898793827811843
1	96	-0.15926016360884146	0.12116700270994941	other	ACRYLATE	0.8823046625825858
1	88	-0.15910111568645155	0.1387107043409083	other	PERETINOIN	0.898793827811843
1	84	-0.15887576062129088	0.14888302921929086	other	ZONIPORIDE	0.9008213700159658
1	96	-0.15852765231589164	0.12291005173847935	other	SALVIANOLIC-ACID-A	0.8823046625825858
1	96	-0.1584191321243435	0.1231699118789236	other	AZAGUANINE-8	0.8823046625825858
1	91	-0.15817135031040036	0.13427778013461392	other	PERCHLOZONE	0.8914106494529647
1	90	-0.15753514866688928	0.1381022850516868	other	ISOETHARINE	0.898793827811843
1	88	-0.1574984810254523	0.1427831856563624	other	TRV130	0.898793827811843
1	86	-0.15739570165049413	0.14781098160367495	other	TUG-770	0.9008213700159658
1	90	-0.15716472951702984	0.13904299372015969	other	XYLAZINE	0.898793827811843
1	90	-0.15708241415039442	0.1392526971243151	other	ATOVAQUONE	0.898793827811843
1	91	-0.1569928093122662	0.13724067340490856	other	RO-08-2750	0.898793827811843
1	91	-0.15697688308256166	0.13728104918332934	other	HEXACHLOROPHENE	0.898793827811843
1	96	-0.15687271939478276	0.12691894585509228	other	PIM-1-INHIBITOR-2	0.8863652359433607
1	91	-0.15637964946864233	0.1388016503917548	other	MRS-1220	0.898793827811843
1	96	-0.1563233359250704	0.12827167221985308	other	VAL-TYR	0.8863652359433607
1	90	-0.15607816667744215	0.14183038351125668	other	ACTARIT	0.898793827811843
1	91	-0.15602927241514297	0.1396996521759989	other	FEXOFENADINE	0.898793827811843
1	90	-0.15567482138092853	0.14287576362261598	other	SULCONAZOLE	0.898793827811843
1	90	-0.15565835830760144	0.14291855531373557	other	KENPAULLONE	0.898793827811843
1	90	-0.15546903296433995	0.14341135477779232	other	CHLORALOSE	0.898793827811843
1	90	-0.1553867175977045	0.1436260145599403	other	ICI-63197	0.898793827811843
1	90	-0.1553867175977045	0.1436260145599403	other	ACETARSOL	0.898793827811843
1	90	-0.15531263376773263	0.1438194153595567	other	MGCD-265	0.898793827811843
1	85	-0.15520964637878334	0.15607801385958076	other	DU-728	0.9023681999298369
1	91	-0.1551533297813946	0.14196387974237976	other	LY225910	0.898793827811843
1	90	-0.1551233084244711	0.14431455348824967	other	ERGONOVINE	0.898793827811843
1	91	-0.15507369863287201	0.14217108457880592	other	BITHIONOL	0.898793827811843
1	84	-0.1549575271672736	0.15929513876977142	other	LAURIC-DIETHANOLAMIDE	0.9023681999298369
1	88	-0.1548303584854371	0.14976223796870702	other	SETIPIPRANT	0.9008213700159658
2	85	-0.15480780191235224	0.21386535503557225	other	NVP-TAE226	0.9280799126366769
1	91	-0.15449239124865718	0.14369060190882238	other	ALLANTOIN	0.898793827811843
1	96	-0.15445136262086528	0.13296385260134522	other	CRISDESALAZINE	0.8907602714097606
1	90	-0.15430838629478036	0.14646046864672066	other	ETEBENECID	0.9008213700159658
1	91	-0.15427738714764622	0.14425570607135407	other	MELATONIN	0.898793827811843
1	91	-0.15373589533769266	0.14568634965370422	other	NIBENTAN	0.9008213700159658
1	91	-0.1536323748446133	0.145961066648409	other	DEXTROAMPHETAMINE	0.9008213700159658
1	88	-0.15358875690741022	0.15309576467026986	other	CIPEMASTAT	0.9023681999298369
1	90	-0.15350992723841667	0.1485862165926861	other	N-MPPP	0.9008213700159658
1	96	-0.15331868312158176	0.13586578219349163	other	NHI-2	0.898793827811843
1	86	-0.15330113025947845	0.1587766249587155	other	APC-100	0.9023681999298369
1	89	-0.1530486299734539	0.15217309388756564	other	COLFOSCERIL-PALMITATE	0.9008213700159658
1	84	-0.1529832234888928	0.16474206243897668	other	CIDOFOVIR	0.9023681999298369
1	90	-0.15283494123200614	0.15040123242570083	other	2-CHLORO-N6-CYCLOPENTYLADENOSINE	0.9008213700159658
1	90	-0.15280201508535196	0.15049019286146623	other	HYDROXYPROPYL-BETA-CYCLODEXTRIN	0.9008213700159658
1	90	-0.15278555201202487	0.15053468786149354	other	S-14506	0.9008213700159658
1	91	-0.15277235844056947	0.1482584190861952	other	RANOLAZINE	0.9008213700159658
1	96	-0.15272860458003884	0.13739650473186546	other	TCS-OX2-29	0.898793827811843
1	90	-0.15247275361881024	0.1513819667569302	other	MRS3777	0.9008213700159658
1	90	-0.15247275361881024	0.1513819667569302	other	BRD:BRD-K10575656-034-01-0.1	0.9008213700159658
1	91	-0.1524060551573656	0.1492451248533157	other	LOFEXIDINE	0.9008213700159658
1	91	-0.152294571549434	0.14954640232311892	other	FLUORESCEIN	0.9008213700159658
1	91	-0.15225475597517268	0.1496541118958507	other	GR125487	0.9008213700159658
1	91	-0.15182474777315075	0.1508210851045395	other	BENZOIC-ACID	0.9008213700159658
1	91	-0.1517769690840372	0.15095116846481174	other	LY2228820	0.9008213700159658
1	91	-0.15176104285433267	0.15099454825729047	other	ACEXAMIC-ACID	0.9008213700159658
1	91	-0.1516814117058101	0.15121158730685857	other	TRIMETHOBENZAMIDE	0.9008213700159658
1	90	-0.15165783148911946	0.15360611389121503	other	MNITMT	0.9023681999298369
1	90	-0.15159197919581113	0.15378690363371167	other	PHOSPHATIDYLCHOLINE	0.9023681999298369
1	90	-0.15150143229251212	0.15403574904681322	other	LY2109761	0.9023681999298369
1	96	-0.1514670573532919	0.14071293136240529	other	OGLUFANIDE	0.898793827811843
1	85	-0.15133038236390192	0.16681336557576612	other	ACETOHYDROXAMIC-ACID	0.9023681999298369
1	96	-0.1512907120420262	0.14118130159153908	other	SPARSENTAN	0.898793827811843
1	90	-0.15116393928930685	0.1549659138923906	other	CHLORINDIONE	0.9023681999298369
1	91	-0.15109214120674302	0.1528249437169413	other	GALLOPAMIL	0.9023681999298369
1	91	-0.15091695267999333	0.1533070640270179	other	3-BROMO-7-NITROINDAZOLE	0.9023681999298369
1	84	-0.15082667639404604	0.1708477506373174	other	CYM-50358	0.9023681999298369
1	91	-0.15080546907206172	0.15361445932778878	other	SCHISANDRIN-B	0.9023681999298369
1	90	-0.15080175167611096	0.1559687963207322	other	PROPACETAMOL	0.9023681999298369
1	89	-0.1507588590355863	0.1584733539944489	other	BRD:BRD-K05674516-001-01-7.1	0.9023681999298369
1	90	-0.15064535247950364	0.1564033523010916	other	CARBACHOL	0.9023681999298369
2	88	-0.15061178713242582	0.16971951155487525	other	CAPECITABINE	0.9023681999298369
1	90	-0.1505795001861953	0.15658659300664665	other	CROTAMITON	0.9023681999298369
1	90	-0.1502913964029713	0.15739015273226764	other	BENPERIDOL	0.9023681999298369
1	91	-0.15027194037696046	0.1550919455405278	other	THIOPERAMIDE	0.9023681999298369
1	90	-0.14977280959316808	0.15884429341863548	other	PHENAZONE	0.9023681999298369
1	91	-0.1495950756145185	0.15698160056690538	other	BETAMETHASONE-DIPROPIONATE	0.9023681999298369
1	91	-0.14957118626996174	0.15704860633879078	other	AS-703026	0.9023681999298369
1	88	-0.14956455888501102	0.16428135613124287	other	CEFTRIAXONE	0.9023681999298369
1	90	-0.14942708505329927	0.1598192574693677	other	STF-62247	0.9023681999298369
1	96	-0.14926952347444242	0.1466340494387646	other	CEFOTAXIME	0.9008213700159658
1	85	-0.1492099786076569	0.17290683073207153	other	ISOPROPYL-PALMITATE	0.9039395222213569
1	91	-0.14911728872338303	0.15832576852246938	other	ZD-7155	0.9023681999298369
1	91	-0.1491093256085308	0.15834824367349304	other	ALIZAPRIDE	0.9023681999298369
1	88	-0.14903621778797832	0.16579370748198236	other	AKBA	0.9023681999298369
1	91	-0.14902969446000822	0.15857312580835417	other	VU0357121	0.9023681999298369
1	86	-0.1489989999500242	0.17093771653552123	other	NITROMIDE	0.9023681999298369
1	96	-0.1487472700526171	0.14806841783888486	other	ASCIMINIB	0.9008213700159658
1	90	-0.14862862599693558	0.1620879464942687	other	KW-2478	0.9023681999298369
1	96	-0.14841492696600098	0.14898667351914358	other	ATUVECICLIB	0.9008213700159658
1	91	-0.14828116166389593	0.1606986470104132	other	ETILEFRINE	0.9023681999298369
1	90	-0.14825820684707613	0.16314850622706226	other	WAY-200070	0.9023681999298369
1	88	-0.14808520381331947	0.1685418289235978	other	DESIPRAMINE	0.9023681999298369
1	90	-0.1480771130404782	0.16366886987452128	other	VICRIVIROC	0.9023681999298369
2	89	-0.14807121133634332	0.21242835195934498	other	CHENODEOXYCHOLIC-ACID	0.9280799126366769
1	86	-0.14801781233558725	0.17380477593183166	other	ALX-5407	0.9056460943623936
1	90	-0.1478548615505625	0.16430917701393188	other	FLUNIXIN-MEGLUMIN	0.9023681999298369
1	91	-0.1478352272321695	0.1619749335341388	other	HYDROXYZINE	0.9023681999298369
1	96	-0.1478180659124863	0.15064651433222592	other	COT-INHIBITOR-2	0.9008213700159658
1	91	-0.14766800182027207	0.16245547493022505	other	TEZACAFTOR	0.9023681999298369
1	91	-0.14744503460440886	0.16309784050074302	other	4-P-PDOT	0.9023681999298369
1	91	-0.14720614115884112	0.1637881765564755	other	ANIDULAFUNGIN	0.9023681999298369
1	88	-0.14719582963331437	0.17114208725137361	other	CRIDANIMOD	0.9023681999298369
1	90	-0.1468588456142738	0.16720149162938783	other	FIPRONIL	0.9023681999298369
1	90	-0.1468423825409467	0.1672496123039776	other	M-CHLOROPHENYLBIGUANIDE	0.9023681999298369
1	88	-0.14671151696103438	0.17257042100817038	other	CLOFEDANOL	0.9039395222213569
1	90	-0.14658720490437685	0.16799679101184425	other	PP-2	0.9023681999298369
1	84	-0.14651358220435257	0.18355527285705922	other	GANT-58	0.9115541516460738
1	91	-0.14651335016669467	0.1658023896356651	other	TXA127	0.9023681999298369
1	96	-0.14633947830264313	0.15481808267688282	other	RIMEPORIDE	0.9023681999298369
1	88	-0.146253621343606	0.17392888247273328	other	DYCLONINE	0.9056460943623936
1	85	-0.14616128749268706	0.1819519979447285	other	DIMERCAPTOSUCCINIC-ACID	0.9099417392811582
1	96	-0.14611565540757512	0.1554570086022811	other	AVITINIB	0.9023681999298369
1	90	-0.14604392348458303	0.16959575853320716	other	DEHYDROEPIANDROSTERONE	0.9023681999298369
1	96	-0.14595287512025293	0.1559229175223269	other	LY2510924	0.9023681999298369
1	96	-0.14587148497659183	0.15615626254756512	other	XD-14	0.9023681999298369
1	91	-0.14566129687750307	0.16830468632089157	other	NICARDIPINE	0.9023681999298369
1	96	-0.14563409705758032	0.15683834099356145	other	CASPOFUNGIN	0.9023681999298369
1	90	-0.1456076520414152	0.17088787521372384	other	DMEOB	0.9023681999298369
1	91	-0.14553388703986694	0.16868124383887242	other	NITRENDIPINE	0.9023681999298369
1	90	-0.14545125284480792	0.17135284694976805	other	4-IODO-6-PHENYLPYRIMIDINE	0.9023681999298369
1	86	-0.14540445686251965	0.18161292290735756	other	CABALETTA	0.9099417392811582
1	91	-0.14534277228341275	0.16924724485095072	other	BISOPROLOL	0.9023681999298369
1	91	-0.14530295670915144	0.1693653377730025	other	RIMCAZOLE	0.9023681999298369
1	86	-0.14525350492183706	0.18207161817486248	other	BETA-HYDROXY-BETA-METHYLBUTYRATE	0.9099417392811582
1	91	-0.14521536244577662	0.16962535601344883	other	RUPATADINE	0.9023681999298369
1	88	-0.14520574483449114	0.1770671681175583	other	L-365260	0.9071108384797584
1	91	-0.14517554687151532	0.16974364334102565	other	DIOSMIN	0.9023681999298369
1	91	-0.14507998949328824	0.17002778093924137	other	FPH1-(BRD-6125)	0.9023681999298369
1	96	-0.144888020740687	0.1589964849272781	other	LICOGLIFLOZIN	0.9023681999298369
1	90	-0.14467748839843486	0.1736669348545049	other	COMPOUND-W	0.9056460943623936
1	91	-0.14460220260215276	0.17145372706862408	other	TRAMADOL	0.9023681999298369
1	86	-0.1442534483148148	0.18513180320911518	other	GSK1059615	0.9147051321613318
1	91	-0.14413237882586954	0.17286446995421545	other	GW-788388	0.9039395222213569
1	90	-0.14407658622199618	0.1754798154853349	other	WAY-100635	0.9065922002610005
2	90	-0.14403836973464887	0.4248903824214108	other	ONO-4059	0.9530555492907928
1	96	-0.14401307669633026	0.16155547906265566	other	NICAINOPROL	0.9023681999298369
1	86	-0.14385719947052295	0.18635460747650184	other	ODANACATIB	0.9183805808819043
1	90	-0.14385433473208054	0.17615383579308383	other	MIZOLASTINE	0.9065922002610005
1	90	-0.14382140858542633	0.17625385177252584	other	FALECALCITRIOL	0.9065922002610005
1	90	-0.14380494551209927	0.17630387536202566	other	A740003	0.9065922002610005
1	84	-0.14342556875868	0.19306640571495817	other	TRIBOMSALAN	0.9225090216685822
1	96	-0.1433619555470415	0.1634796143353872	other	PLUMBAGIN	0.9023681999298369
1	88	-0.14312760318616247	0.18341321723542778	other	DEHYDROEPIANDROSTERONE-SULFATE	0.9115541516460738
1	90	-0.14305587567571684	0.17859096613149886	other	LB-100	0.9087988603507178
1	91	-0.14297772717229212	0.17636776592108203	other	AMINOMETHYLTRANSFERASE	0.9065922002610005
1	89	-0.14280850195020223	0.1818562623151406	other	BALAPIRAVIR	0.9099417392811582
1	96	-0.14278544202944213	0.16519741743000751	other	ETHANOLAMINE-OLEATE	0.9023681999298369
1	90	-0.1427842349658199	0.1794256876223088	other	SB-2343	0.9087988603507178
1	91	-0.14271494438216764	0.17717228446261493	other	ACETYL-FARNESYL-CYSTEINE	0.9071108384797584
1	88	-0.14266090188378358	0.1848608727816061	other	OLMUTINIB	0.9145151081736247
1	90	-0.14261960423254905	0.1799329648088927	other	IBC-293	0.9087988603507178
1	86	-0.14243259053033086	0.19079928634613796	other	VARESPLADIB	0.9225090216685822
1	85	-0.14229179492368693	0.1939224036199106	other	DIBENZOTHIOPHENE	0.9235187808391324
1	96	-0.14213432088015338	0.16715355790192277	other	BAY-1251152	0.9023681999298369
1	91	-0.1418708542078283	0.17977467138535952	other	K-MAP	0.9087988603507178
1	86	-0.14185708625647844	0.19261637964387224	other	FLUPRAZINE	0.9225090216685822
1	86	-0.14180047927872244	0.19279578248714305	other	AZD6738	0.9225090216685822
1	96	-0.14165954504213035	0.16859066951415985	other	CK-101	0.9023681999298369
1	96	-0.1414764172188929	0.1691474153348257	other	NS-309	0.9023681999298369
1	86	-0.1414608374121866	0.19387473212261097	other	PIRQUINOZOL	0.9235187808391324
1	90	-0.14128609529305508	0.18408056258275782	other	SULPHADIMETHOXINE	0.9134590503529306
1	91	-0.1412019525602386	0.18185669041709324	other	HC-030031	0.9099417392811582
1	90	-0.141179085316429	0.18441638514551179	other	DUTASTERIDE	0.9137186922736119
1	88	-0.14097901605822943	0.19014678587419345	other	ETC-1002	0.9225090216685822
1	88	-0.14097901605822943	0.19014678587419345	other	BRD:BRD-K63177377-001-01-8.1	0.9225090216685822
1	96	-0.14081173104566067	0.1711795984939155	other	PARCETASAL	0.9023681999298369
1	90	-0.14070165618994349	0.1859201013311711	other	PRASUGREL	0.9169403008268775
1	91	-0.14067638697998958	0.18350485709169817	other	GSK3787	0.9115541516460738
1	84	-0.14050967409522527	0.20236893521115493	other	SBE-13	0.9280799126366769
1	91	-0.1404215673047173	0.18430787241598573	other	MLN0128	0.9137186922736119
1	86	-0.14015887692379914	0.19805102715151435	other	CAROXAZONE	0.9274661357488574
1	88	-0.14015128167287816	0.19278802035801043	other	FENOVERINE	0.9225090216685822
1	85	-0.14013230538391663	0.20084460355021602	other	GOSSYPOL	0.9280799126366769
1	84	-0.1399325699430832	0.20424743680985188	other	EED226	0.9280799126366769
1	96	-0.1397265291301794	0.17453601606913732	other	TAVILERMIDE	0.9065922002610005
1	88	-0.13962294057584546	0.1944877038119617	other	PEMETREXED	0.9235384177994639
1	88	-0.13952607804138945	0.19480048053795646	other	PIPECURONIUM	0.9239763778864366
1	96	-0.1394755761872244	0.1753190239006401	other	PRISOTINOL	0.9065922002610005
1	84	-0.13942633823067785	0.20590546937361356	other	IVOSIDENIB	0.9280799126366769
1	96	-0.13931279589990223	0.17582829784431672	other	ALPHA-METHYLSEROTONIN	0.9065922002610005
1	91	-0.13929080499569668	0.18790211267094323	other	ARC-239	0.9207347393807855
1	90	-0.13927760034715053	0.19045820240807187	other	PROCODAZOLE	0.9225090216685822
1	86	-0.13920599279824017	0.20114827910765262	other	MSX-122	0.9280799126366769
1	91	-0.13907580089468574	0.18859123878814854	other	NNC-55-0396	0.9207347393807855
1	90	-0.13875078200068375	0.19215718657086941	other	APIGENIN	0.9225090216685822
1	96	-0.13874306489427457	0.17761930506298892	other	ICA-110381	0.9079572089104097
1	96	-0.13843785185554544	0.17858425371723938	other	ZIRITAXESTAT	0.9087988603507178
1	96	-0.13820046393653396	0.1793374182269671	other	MORANTEL	0.9087988603507178
1	96	-0.1381122912809011	0.17961775604811525	other	FASORACETAM	0.9087988603507178
1	96	-0.13804446616118352	0.17983361851921056	other	SB-612111	0.9087988603507178
1	96	-0.13800377108935297	0.1799632270227579	other	PF-06651600	0.9087988603507178
1	91	-0.1380007803896309	0.19206436522952935	other	SALIRASIB	0.9225090216685822
1	91	-0.1377141082549496	0.19299829134485302	other	RO-25-6981	0.9225090216685822
1	84	-0.1375532808947781	0.21212359377111728	other	PA-452	0.9280799126366769
1	86	-0.13753608695443886	0.20665953689736197	other	PELITINIB	0.9280799126366769
1	96	-0.13736621496400775	0.18200268468099842	other	HM-30181	0.9099417392811582
1	96	-0.1373119548682337	0.18217703127855395	other	PADSEVONIL	0.9099417392811582
1	96	-0.13729160733231843	0.18224244266397382	other	PF-06459988	0.9099417392811582
1	88	-0.13706929194018735	0.20285520144551444	other	DACLATASVIR	0.9280799126366769
1	86	-0.13703605865092772	0.20833054943968302	other	SENNOSIDE-A	0.9280799126366769
1	91	-0.13696557545883736	0.1954523293982242	JAK_inhibitor_core	WHI-P154	0.926224080809305
1	88	-0.13685795550137425	0.20355905036512756	other	HYDRALAZINE	0.9280799126366769
1	90	-0.13685752856806882	0.19835327927421117	other	MESORIDAZINE	0.9274661357488574
1	91	-0.1367505713578264	0.19616135202056634	other	SB-525334	0.9274661357488574
1	90	-0.1367011293714615	0.1988714777721375	other	CFM-1571	0.9274661357488574
1	84	-0.1364800696644788	0.2157458445777782	other	PIFITHRIN-CYCLIC	0.9280799126366769
1	91	-0.13630463692609995	0.19763781919062548	other	CHROMOCARB	0.9274661357488574
1	88	-0.1362855859795888	0.2054740741905257	other	TESTOSTERONE-UNDECANOATE	0.9280799126366769
2	88	-0.1361793615660156	0.20600783311502985	other	CARBENOXOLONE	0.9280799126366769
1	90	-0.13614138487834057	0.20073405087289348	JAK_inhibitor_core	NVP-BSK805	0.9280799126366769
1	91	-0.13600203856171414	0.1986442496796523	other	SCH-28080	0.9274661357488574
1	91	-0.1358985180686348	0.198989398966905	other	QUINELORANE	0.9274661357488574
1	91	-0.13563573527851028	0.1998674817538075	other	THIETHYLPERAZINE	0.9280799126366769
1	90	-0.13560633499521027	0.20252611619127403	other	ICARIIN	0.9280799126366769
1	91	-0.13529332133986316	0.20101581941039445	other	ETHAVERINE	0.9280799126366769
1	84	-0.13523473965196164	0.22000356884384298	other	NECROSTATIN-2	0.9280799126366769
1	91	-0.13519776396163607	0.20133712859002126	other	ACENOCOUMAROL	0.9280799126366769
1	96	-0.13498555326192083	0.18976720067579447	other	OMTRIPTOLIDE	0.9225090216685822
1	91	-0.13482349756357997	0.20259913495899148	other	DESOXYPEGANINE	0.9280799126366769
1	91	-0.1346801614962393	0.20308395375833516	other	SB-683698	0.9280799126366769
1	91	-0.13463238280712575	0.20324574444479598	other	APREMILAST	0.9280799126366769
1	91	-0.1345846041180122	0.20340762737235885	other	RIZATRIPTAN	0.9280799126366769
1	85	-0.13456258123156795	0.21951081012263662	other	DOCONEXENT-ETHYL-ESTER	0.9280799126366769
1	90	-0.13443745678898714	0.206480877821829	other	SK&F-10047-(+)	0.9280799126366769
1	96	-0.13432086708868857	0.19197733889394303	other	LY3200882	0.9225090216685822
1	90	-0.13420697376240792	0.20726715047513114	other	U-99194	0.9280799126366769
1	96	-0.1340427840978465	0.1929074932774985	other	A-1120	0.9225090216685822
1	88	-0.1338640226181889	0.21371839290183017	other	PROMETHAZINE	0.9280799126366769
1	86	-0.1338471989040077	0.21921370086954473	other	SR-3306	0.9280799126366769
1	86	-0.13359246750410578	0.2201000370192426	other	COLISTIN-B-SULFATE	0.9280799126366769
1	91	-0.1335255098426619	0.20701975466418865	other	LY2886721	0.9280799126366769
1	88	-0.13351179522016707	0.21493682538495582	other	PROPYLHEXEDRINE	0.9280799126366769
1	91	-0.1334856942684006	0.20715643573025688	other	1-(1,2-DIPHENYLETHYL)PIPERIDINE-(+/-)	0.9280799126366769
1	90	-0.13348259853601613	0.20975218777462037	other	3,3'-DICHLOROBENZALDAZINE	0.9280799126366769
1	84	-0.13339205621880626	0.2264116229111372	other	TA-01	0.9291649454959505
1	88	-0.13337970994590886	0.21539500316375967	other	FORODESINE	0.9280799126366769
1	90	-0.13335089394939945	0.21020628096823551	other	RN-1747	0.9280799126366769
1	91	-0.1333184688565032	0.20773119915573535	other	WZ811	0.9280799126366769
1	90	-0.13306279016617542	0.21120204664650122	other	AZD8055	0.9280799126366769
1	90	-0.13287346482291396	0.21185822951390548	other	CL-218872	0.9280799126366769
1	84	-0.13281495206666416	0.22844515276990734	other	PD1-PDL-INHIBITOR-1	0.9291649454959505
1	89	-0.1326449833635335	0.21528471327822746	other	SD-208	0.9280799126366769
1	90	-0.13253597181970866	0.21303153556308566	other	BISMUTH(III)-TRIFLUOROMETHANESULFONATE	0.9280799126366769
1	90	-0.13247835106306385	0.2132323159866565	other	NOBILETIN	0.9280799126366769
1	90	-0.1324701195264003	0.21326100985938704	other	BAICALEIN	0.9280799126366769
1	88	-0.13245511302610163	0.21862160969950917	other	COPANLISIB	0.9280799126366769
1	91	-0.13236289507423224	0.21103737918186585	other	CHLORPHENSIN-CARBAMATE	0.9280799126366769
1	91	-0.1321956696623348	0.21161978528319372	other	NOR-BINALTORPHIMINE-DIHYDROCHLORIDE	0.9280799126366769
1	91	-0.1321956696623348	0.21161978528319372	other	BRD:BRD-K36381762-300-02-7.1	0.9280799126366769
1	91	-0.13213992785836903	0.21181417420486817	other	MPEP	0.9280799126366769
1	90	-0.13212439498653153	0.21446862690151855	other	TIMOFIBRATE	0.9280799126366769
1	96	-0.13210976818589557	0.19946335712431482	other	KARTOGENIN	0.9279993650613746
1	84	-0.13208597840080047	0.2310320247071471	other	ETP-45658	0.9291649454959505
1	88	-0.13208527425817873	0.21992175582467047	other	XIBENOLOL	0.9280799126366769
1	90	-0.13208323730321378	0.21461271296599782	other	GEDUNIN	0.9280799126366769
1	91	-0.13206029670984643	0.21209209267006343	other	ACARBOSE	0.9280799126366769
1	90	-0.1316881235433637	0.21599942980843115	other	M-3M3FBS	0.9280799126366769
1	91	-0.1316860303117903	0.21340177875316177	other	GDC-0941	0.9280799126366769
1	86	-0.1315357473123053	0.2273489458349135	other	SP-420	0.9291649454959505
1	96	-0.1315129071323809	0.20151961451887332	other	TCS-2210	0.9280799126366769
1	91	-0.13139935817710902	0.21440881566010267	other	PROGUANIL	0.9280799126366769
1	88	-0.13137201377718455	0.22244455215758485	other	AFN-1252	0.9280799126366769
1	91	-0.13131972702858644	0.21468914495199715	other	HEPTAMINOL	0.9280799126366769
1	91	-0.13112861227213224	0.21536299469371376	other	CARPROFEN	0.9280799126366769
1	86	-0.1311017604828428	0.22889964150777872	other	RIFAPENTINE	0.9291649454959505
1	96	-0.13103813129435785	0.20316610213193864	other	LEQ506	0.9280799126366769
1	96	-0.13097030617464028	0.20340209920730776	other	BMS-536924	0.9280799126366769
1	86	-0.13094137404586753	0.22947459153953745	other	LCL-161	0.9291649454959505
1	90	-0.130889664487	0.21882108115489807	other	SINOMENINE	0.9280799126366769
1	90	-0.13079911758370105	0.2191426972801362	other	LEVETIRACETAM	0.9280799126366769
1	96	-0.13064474559999592	0.20453761888880617	other	BRD:BRD-K92723993-001-17-4.3	0.9280799126366769
1	96	-0.13064474559999592	0.20453761888880617	other	BRD:BRD-K92723993-001-17-4.2	0.9280799126366769
1	96	-0.13064474559999592	0.20453761888880617	other	BRD:BRD-K92723993-001-17-4.1	0.9280799126366769
1	90	-0.13056863455712184	0.21996286142575452	other	2-THIOURACIL	0.9280799126366769
1	90	-0.13051101380047705	0.22016824025388637	other	TROSPIUM	0.9280799126366769
1	90	-0.13018998387059885	0.22131496894182986	other	DVD-111	0.9280799126366769
1	91	-0.1301730384898613	0.21875471256276255	other	BORTEZOMIB	0.9280799126366769
1	91	-0.12986247701062323	0.2198650982907337	other	2-CHLOROPYRAZINE	0.9280799126366769
1	90	-0.1298360277940665	0.2225841798278227	other	LANDIOLOL	0.9280799126366769
1	90	-0.12981133318407587	0.22267292013901557	other	3,3'-DIINDOLYLMETHANE	0.9280799126366769
1	85	-0.12977457274972437	0.23650778893473196	other	MALIC-ACID	0.9291649454959505
1	90	-0.1297454808907675	0.22290968264518118	other	PILSICAINIDE	0.9280799126366769
1	90	-0.12967139706079564	0.22317625205474126	other	MIFOBATE	0.9280799126366769
1	91	-0.12936080077493098	0.22166718642900565	other	ACECAINIDE	0.9280799126366769
1	96	-0.12935606832536198	0.20907689448056443	other	TMN-355	0.9280799126366769
1	90	-0.1293174409842633	0.2244529554262433	other	CARBADOX	0.9280799126366769
1	90	-0.1292021994709737	0.22486973115799863	other	NSI-189	0.9280799126366769
1	85	-0.12919805744272686	0.23861434670500134	other	ORNITHINE	0.9291649454959505
1	96	-0.12900337770283057	0.21033164322620582	other	17-PA	0.9280799126366769
1	91	-0.12885116142438646	0.22350850523968002	other	SARACATINIB	0.9280799126366769
1	91	-0.12862819420852323	0.22431745468794223	other	PROCATEROL	0.9280799126366769
1	88	-0.1285189718532079	0.2327390756223307	other	PANTETHINE	0.9291649454959505
1	96	-0.12844721172114645	0.21232116357666453	other	DIHYDREXIDINE	0.9280799126366769
1	96	-0.12823695385002196	0.21307677248280407	other	PLX647	0.9280799126366769
1	90	-0.12813209970471306	0.22876575385690884	other	ALIZARIN	0.9291649454959505
1	86	-0.12809215616548333	0.23985690462091078	other	EPZ015666	0.9293501630902318
1	90	-0.128025089728087	0.22915793790747105	other	PD-0325901	0.9291649454959505
1	91	-0.12802299747975165	0.22652353794025637	other	NIKETHAMIDE	0.9291649454959505
1	90	-0.12798393204476927	0.2293089030798826	other	SB-202190	0.9291649454959505
1	96	-0.1279385233232646	0.21415252613760022	other	CCG-1423	0.9280799126366769
1	91	-0.12780799337874066	0.2273109285320919	other	RUFLOXACIN	0.9291649454959505
1	91	-0.1277044728856613	0.227690725784836	other	AZACITIDINE	0.9291649454959505
1	96	-0.12728740217397588	0.21651298941884012	other	ASTX660	0.9280799126366769
2	86	-0.1272619632738882	0.28714610233788374	other	ESTRONE	0.9302655791340481
1	96	-0.12713818691059722	0.21705651395545333	other	FOSFLUCONAZOLE	0.9280799126366769
1	86	-0.12709209955846107	0.24357695066375445	other	PFK-158	0.9293501630902318
1	91	-0.12709131304203744	0.22994940898230407	other	BUDIPINE	0.9291649454959505
1	90	-0.12700437918180765	0.23292241753496712	other	SOTALOL	0.9291649454959505
1	91	-0.12670908352912907	0.23136532004048102	other	AMG-837	0.9291649454959505
1	90	-0.1265022554453315	0.23479003315452676	other	DANTROLENE	0.9291649454959505
1	96	-0.12649384827328025	0.21941463992674226	other	BASMISANIL	0.9280799126366769
1	91	-0.1264701900835613	0.2322533496738625	other	AT13387	0.9291649454959505
1	90	-0.12646109776201378	0.23494357722871176	other	MK-0893	0.9291649454959505
1	91	-0.12623925975284583	0.2331140361727878	other	ME0328	0.9291649454959505
1	89	-0.12617574205208604	0.2387057321969119	other	CHLORPYRIFOS	0.9291649454959505
1	88	-0.1261590482864618	0.2415016537373725	other	PF-04937319	0.9293501630902318
1	91	-0.12613573925976648	0.23350058207625488	other	CANERTINIB	0.9291649454959505
1	80	-0.126044609064085	0.26524310574042526	other	NADIFLOXACIN	0.9302655791340481
1	90	-0.1260412893921731	0.23651371873780414	other	R(-)-APOMORPHINE	0.9291649454959505
1	90	-0.1260412893921731	0.23651371873780414	other	BRD:BRD-K76022557-003-02-7.1	0.9291649454959505
1	90	-0.12600836324551892	0.23663717473943574	other	OSI-027	0.9291649454959505
1	90	-0.12599190017219183	0.23669891952849742	other	BENZO[D]THIAZOLE-2(3H)-THIONE	0.9291649454959505
1	90	-0.12558855487567822	0.23821516449272434	other	A922500	0.9291649454959505
1	96	-0.12537473379794023	0.22355322942318706	other	SB-297006	0.9280799126366769
1	96	-0.12507630327118288	0.22466607136164302	other	SULTAMICILLIN	0.9280799126366769
1	91	-0.1250129400655981	0.23772182988917673	other	ECABET	0.9291649454959505
1	91	-0.1249412720319278	0.23799305851272018	other	ICOSAPENT	0.9291649454959505
1	91	-0.12493330891707553	0.23802320828054835	other	SCH-58261	0.9291649454959505
1	84	-0.12485698954765226	0.2577936133074953	other	TENOVIN-1	0.9302655791340481
1	91	-0.12483775153884843	0.23838521229207205	other	A-7	0.9291649454959505
1	91	-0.12477404662003037	0.2386267604326414	other	R-1479	0.9291649454959505
1	91	-0.12476608350517812	0.23865696588452803	other	CARBAZOCHROME	0.9291649454959505
1	96	-0.12471004762470797	0.22603714765410451	other	METHYLPARABEN	0.9291649454959505
1	91	-0.12464663678239424	0.23911036596713225	other	JTC-801	0.9293501630902318
1	90	-0.12464192815937077	0.24180012839513323	other	HYMECROMONE	0.9293501630902318
1	96	-0.12458796240921634	0.22649547606436654	other	EI1	0.9291649454959505
1	88	-0.12452119088566035	0.24771564389245587	other	CRISABOROLE	0.9302655791340481
1	91	-0.12450330071505361	0.23965523406449105	other	5-BDBD	0.9293501630902318
1	91	-0.12441570645167876	0.2399886323320499	other	TALMAPIMOD	0.9293501630902318
2	87	-0.12434171744812643	0.4654747361089995	other	GDC-0879	0.9639109442375211
1	88	-0.12430104876189674	0.24855916415309315	other	MK-2295	0.9302655791340481
1	90	-0.12423858286285715	0.2433389138273246	other	RHEIN	0.9293501630902318
1	96	-0.12399110135570167	0.22874558239051068	other	EIPA	0.9291649454959505
1	91	-0.12396180890510004	0.2417213882336817	other	NIMODIPINE	0.9293501630902318
1	96	-0.12380119102049245	0.22946479806356743	other	ELACESTRANT	0.9291649454959505
1	91	-0.12372291545953232	0.24263683308104259	other	LETROZOLE	0.9293501630902318
1	91	-0.12371495234468007	0.24266738912610858	other	NAPHAZOLINE	0.9293501630902318
1	91	-0.12356365316248716	0.24324845939518888	other	PROCHLORPERAZINE	0.9293501630902318
1	90	-0.1235059760998018	0.24615112027160593	other	MUSCIMOL	0.9293501630902318
1	88	-0.12347331437654549	0.25174845206411955	other	OMEPRAZOLE-MAGNESIUM	0.9302655791340481
1	85	-0.12343290437275192	0.26039600152505754	other	TRICHLOROACETIC-ACID	0.9302655791340481
1	90	-0.12343189226982992	0.2464367421275882	other	L-THEANINE	0.9293501630902318
1	96	-0.12338067527824348	0.2310629769570557	other	PEPOSERTIB	0.9291649454959505
1	86	-0.12335603902656661	0.25782568359736446	other	INOSITOL	0.9302655791340481
1	91	-0.12330087037236265	0.24425996986941073	other	THALIDOMIDE	0.9293501630902318
1	91	-0.1232530916832491	0.24444419232793105	other	PHENTOLAMINE	0.9293501630902318
1	90	-0.12310263080328819	0.24770893388815143	other	TRANYLCYPROMINE	0.9302655791340481
1	91	-0.12302216135253362	0.24533595249938311	other	ZD-2079	0.9293501630902318
1	91	-0.12301419823768135	0.24536674280911647	other	BU-239	0.9293501630902318
1	90	-0.12292153699669023	0.24841056188636848	other	OXETHAZAINE	0.9302655791340481
1	90	-0.12268282243344748	0.24933752100863293	other	SB-334867	0.9302655791340481
1	84	-0.12257894684182823	0.2666475356216424	other	AZD3988	0.9302655791340481
1	90	-0.12249349709018599	0.250074383016531	other	N6-METHYLADENOSINE	0.9302655791340481
1	90	-0.12245233940686827	0.2502347680179127	other	GALLIC-ACID	0.9302655791340481
1	96	-0.12241077606628213	0.2347787259071484	other	E3330	0.9291649454959505
1	90	-0.122402950186887	0.25042732319765554	other	4,4-PENTAMETHYLENEPIPERIDINE	0.9302655791340481
1	90	-0.12235356096690576	0.250619980036991	other	ABT-702	0.9302655791340481
1	91	-0.12231344413068267	0.2480867301017853	other	LETERMOVIR	0.9302655791340481
1	90	-0.12226301406360679	0.25097344831270507	other	DETOMIDINE	0.9302655791340481
1	96	-0.1221123455395248	0.23593036326750494	other	AX-024	0.9291649454959505
1	96	-0.122078432979666	0.236061479512546	other	TC-O-9311	0.9291649454959505
1	90	-0.12200783642703694	0.2519714253314549	other	SB-218795	0.9302655791340481
1	91	-0.12193917773262652	0.2495479158463346	other	ALBENDAZOLE-OXIDE	0.9302655791340481
1	88	-0.12191470814029896	0.25782965071763686	other	DELAMANID	0.9302655791340481
1	96	-0.12175287240502164	0.23732277606369487	other	NAQUOTINIB	0.9291649454959505
1	91	-0.12171621051676332	0.25042121409385937	other	LUTEOLIN	0.9302655791340481
1	86	-0.12163896070130198	0.2645610590501	other	BRD:BRD-K21415491-001-01-4.1	0.9302655791340481
1	86	-0.12163896070130198	0.2645610590501	other	ALS-8176	0.9302655791340481
1	84	-0.12158673268551377	0.27056736334870013	other	VX-11E	0.9302655791340481
1	91	-0.12135787034841171	0.2518291195701309	other	SULFAMETOPYRAZINE	0.9302655791340481
1	86	-0.12131818782735143	0.26583239912997536	other	OTS167	0.9302655791340481
1	91	-0.12113490313254849	0.2527078831247565	other	FOMEPIZOLE	0.9302655791340481
1	91	-0.1209597146057988	0.2533998120779551	other	RAMOSETRON	0.9302655791340481
1	86	-0.12095967696823025	0.2672581892936378	other	BRD:BRD-A37752546-001-01-9.1	0.9302655791340481
1	91	-0.12081637853845817	0.25396689955557633	other	TG-100713	0.9302655791340481
2	91	-0.12059341132259493	0.27928738229769756	other	SODIUM-TETRADECYL-SULFATE	0.9302655791340481
1	96	-0.12059306285785108	0.24185418843421042	other	PERFLUOROHEXYLOCTANE	0.9293501630902318
1	96	-0.12048454266630294	0.24228122428909935	other	TRODUSQUEMINE	0.9293501630902318
1	96	-0.12046419513038767	0.24236135157230715	other	CID-2745687	0.9293501630902318
1	89	-0.12042152214874595	0.26097452078469285	other	LICOCHALCONE-A	0.9302655791340481
1	90	-0.12039445524098248	0.25834415212002027	other	BARBITAL	0.9302655791340481
1	90	-0.12025451911770224	0.25890201790841505	other	THEOBROMINE	0.9302655791340481
1	96	-0.12019967716348913	0.2434046753168823	other	AZAPROPAZONE	0.9293501630902318
1	86	-0.12016717927964657	0.2704282310694293	other	RIBOSTAMYCIN	0.9302655791340481
1	84	-0.12006803754829777	0.27664184882020976	other	DELTARASIN	0.9302655791340481
1	90	-0.11995818379781467	0.2600860871955318	other	PENCICLOVIR	0.9302655791340481
1	90	-0.11993348918782405	0.2601849256459806	other	ZIBOTENTAN	0.9302655791340481
1	96	-0.11988089910081652	0.2446661350511741	other	CLAMIKALANT	0.9293501630902318
1	90	-0.11985940535785218	0.2604815942754253	other	JNJ-17203212	0.9302655791340481
1	85	-0.11983701228842855	0.2746457672739083	other	IU1	0.9302655791340481
1	91	-0.11982895229677819	0.2578970939697925	other	BUTYLATED-HYDROXYTOLUENE	0.9302655791340481
1	84	-0.11977442315510269	0.277826692885637	other	ANTALARMIN	0.9302655791340481
1	91	-0.11972543180369882	0.2583115187560068	other	DEHYDROCHOLATE	0.9302655791340481
1	91	-0.11971746868884656	0.25834341637324254	other	4,5,6,7-TETRABROMOBENZOTRIAZOLE	0.9302655791340481
1	90	-0.11968654308791778	0.2611747153512661	other	SB-221284	0.9302655791340481
1	96	-0.11968420625363556	0.24544673108778817	other	LIFITEGRAST	0.9293501630902318
1	86	-0.11965771647984279	0.2724794296017233	other	L-CITRULLINE	0.9302655791340481
1	91	-0.11959802196606269	0.2588222027525387	other	MK-3207	0.9302655791340481
1	91	-0.119422833439313	0.25952551551719694	other	4-IODO-L-PHENYLALANINE	0.9302655791340481
1	96	-0.11941290577476525	0.2465262329673468	other	TCS-3035	0.9293501630902318
1	90	-0.11937374469470313	0.26243211801808314	other	METAXALONE	0.9302655791340481
1	90	-0.11916795627811455	0.26326159400821697	other	COUMOPHOS	0.9302655791340481
1	84	-0.11915682046596818	0.28033000678694264	other	OPC-21268	0.9302655791340481
1	91	-0.11913616130463173	0.26067919500280007	other	L-733060	0.9302655791340481
1	90	-0.11913503013146036	0.2633944750066841	other	L-655,708	0.9302655791340481
1	90	-0.1190609463014885	0.26369362354492143	other	DANOFLOXACIN	0.9302655791340481
1	91	-0.1189689358927343	0.26135378283953403	other	MEGLUMINE	0.9302655791340481
1	90	-0.11892101017820825	0.2642593101983375	other	BEVANTOLOL	0.9302655791340481
1	96	-0.11884995728110936	0.24877663084787166	other	PIMODIVIR	0.9302655791340481
1	90	-0.11877284251826446	0.26485916827010353	other	AZILSARTAN	0.9302655791340481
1	90	-0.11871522176161967	0.26509269527299245	other	2-IODOMELATONIN	0.9302655791340481
1	90	-0.11851766488169461	0.26589441755081905	other	FLUNISOLIDE	0.9302655791340481
1	91	-0.11835577604911043	0.26383741610071904	other	SULFACETAMIDE	0.9302655791340481
1	91	-0.11833984981940593	0.2639021385661616	other	AZD8330	0.9302655791340481
1	90	-0.11831187646510605	0.2667312878144437	other	HYODEOXYCHOLIC-ACID	0.9302655791340481
1	90	-0.11830364492844252	0.2667647996253379	other	1400W	0.9302655791340481
1	90	-0.11819663495181647	0.2672007122145931	other	PF-04447943	0.9302655791340481
1	90	-0.11816370880516226	0.2673349359598872	other	GDC-0980	0.9302655791340481
1	90	-0.11816370880516226	0.2673349359598872	other	INDORAMIN	0.9302655791340481
1	96	-0.1180903159402725	0.2518356574870967	other	NDT-9513727	0.9302655791340481
1	84	-0.11806335996717264	0.28479888503905143	other	ARQ-092	0.9302655791340481
1	91	-0.11805317768472463	0.2650689839013922	other	MMPX	0.9302655791340481
1	91	-0.11793373096194078	0.2655561991901968	other	AMPROLIUM	0.9302655791340481
1	88	-0.11782887032324596	0.274243533314447	other	LERCANIDIPINE	0.9302655791340481
1	96	-0.11775797285365638	0.2531820637304788	other	CLANFENUR	0.9302655791340481
1	91	-0.1177028006312253	0.2664998669348659	other	SACUBITRIL	0.9302655791340481
1	91	-0.11766298505696399	0.2666627972318814	other	PHA-767491	0.9302655791340481
1	88	-0.11761753388443287	0.27511118309067656	other	METAZOSIN	0.9302655791340481
1	91	-0.1175515014490324	0.26711936039665035	other	XILOBAM	0.9302655791340481
1	86	-0.11712927147340914	0.282813898986148	other	AMEZINIUM	0.9302655791340481
1	90	-0.11706891442891103	0.27182382894663043	other	RU-28318	0.9302655791340481
1	91	-0.1168109317677724	0.27016565583956775	other	GESTRINONE	0.9302655791340481
1	96	-0.1164557305550789	0.25850526812395924	other	PHENYLMETHYLSULFONYL-FLUORIDE	0.9302655791340481
1	90	-0.11641039149582758	0.2745482077867158	other	MEPACRINE	0.9302655791340481
1	96	-0.1163946879473331	0.2587566522187476	other	ABX464	0.9302655791340481
1	90	-0.11634453920251923	0.2748216501808273	other	AS-604850	0.9302655791340481
1	88	-0.11634070956660382	0.2803923693684661	other	A-366	0.9302655791340481
1	90	-0.11627045537254735	0.27512949126183756	other	GLASDEGIB	0.9302655791340481
1	88	-0.11605012196323582	0.28160368208390146	other	MOTESANIB	0.9302655791340481
1	84	-0.11599793458055888	0.2933685081806718	other	NVS-PAK1-1	0.9302655791340481
1	91	-0.11595887847858079	0.27369940062930065	other	CREATINE	0.9302655791340481
1	91	-0.11590313667461498	0.2739316575123909	other	ARECOLINE	0.9302655791340481
1	90	-0.11576833163607121	0.27722206625117074	other	CC-401	0.9302655791340481
1	84	-0.11569419555311566	0.2946429217084473	other	JW-67	0.9302655791340481
1	90	-0.11550492246283782	0.27832406102166496	other	DESOGESTREL	0.9302655791340481
1	88	-0.115504169496302	0.2838889020363844	other	GSK2190915	0.9302655791340481
1	96	-0.11548583134311756	0.26251920311150445	other	BLZ945	0.9302655791340481
1	96	-0.11524166091213428	0.26353634118320085	other	SUN-11602	0.9302655791340481
1	88	-0.11522238757788458	0.28507318308024426	other	SIVELESTAT	0.9302655791340481
1	82	-0.11509577710738286	0.30316829701776515	other	PIPERACETAZINE	0.9302655791340481
1	90	-0.11509334562966067	0.2800517864932485	other	COSTUNOLIDE	0.9302655791340481
1	90	-0.1150604194830065	0.28019031326532284	other	APREPITANT	0.9302655791340481
1	85	-0.11492197501012787	0.29495424282545457	other	HALOTHANE	0.9302655791340481
1	96	-0.11488897028960289	0.26501025827211294	other	PSNCBAM-1	0.9302655791340481
1	96	-0.11488897028960289	0.26501025827211294	other	CILUPREVIR	0.9302655791340481
1	88	-0.1148349374400606	0.2867069217895441	other	OC000459	0.9302655791340481
1	91	-0.11470070633192403	0.2789740096570336	other	GATIFLOXACIN	0.9302655791340481
1	90	-0.11467353725981998	0.28182142998240134	other	4-MU-8C	0.9302655791340481
1	90	-0.11464061111316581	0.2819605401455348	other	GTP-14564	0.9302655791340481
1	88	-0.11455315552164312	0.287898989027134	other	HEXAMINOLEVULINATE	0.9302655791340481
1	90	-0.11449244345322201	0.2825871022702612	other	LY2365109	0.9302655791340481
1	91	-0.11447773911606081	0.27991579227293606	other	NEFAZODONE	0.9302655791340481
1	86	-0.1142894880893176	0.2947280651307573	other	IMEGLIMIN	0.9302655791340481
1	96	-0.1142446316522859	0.26771739935776195	other	PRN1008	0.9302655791340481
1	91	-0.11417514075167501	0.28119731929252434	other	CZC24832	0.9302655791340481
1	96	-0.11417002402059657	0.26803206152670667	other	VU152100	0.9302655791340481
1	91	-0.11412736206256144	0.28140002294691085	other	IOX2	0.9302655791340481
1	91	-0.11399198911007306	0.2819748792175915	other	AP1903	0.9302655791340481
1	90	-0.11391623588677399	0.28503254550236024	other	DIAVERIDINE	0.9302655791340481
1	85	-0.11381780162553945	0.2996490629814516	other	LAQUINIMOD	0.9302655791340481
2	88	-0.11378220704277353	0.290917840398091	other	ACYCLOVIR	0.9302655791340481
1	91	-0.1137769850090621	0.28288949451300355	other	EDITOL	0.9302655791340481
1	91	-0.11372920631994855	0.2830930104392908	other	ENTINOSTAT	0.9302655791340481
1	90	-0.11364459517687707	0.28619026160760996	other	LANATOSIDE-C	0.9302655791340481
1	86	-0.11347812140814861	0.29819190273533946	other	BMS-863233	0.9302655791340481
1	84	-0.11324403406507383	0.305056212325295	other	NARINGENINIC-ACID	0.9302655791340481
1	91	-0.11275770630797308	0.28725231942034163	other	MIDODRINE	0.9302655791340481
1	86	-0.11265732023068695	0.3017230775639555	other	SULBUTIAMINE	0.9302655791340481
1	88	-0.11253665366796828	0.2965254742254779	other	ALARELIN	0.9302655791340481
1	91	-0.11252677597725759	0.2882469412158526	other	SITAFLOXACIN	0.9302655791340481
1	88	-0.11245740250341338	0.2968679397481164	other	TIPRENOLOL	0.9302655791340481
1	90	-0.11240986467734561	0.2914919147776697	other	NILVADIPINE	0.9302655791340481
1	88	-0.11233412291410574	0.2974011802223062	other	PERPHENAZINE	0.9302655791340481
1	96	-0.1122098780607586	0.2763887283493199	other	NIM811	0.9302655791340481
1	91	-0.11219232515346277	0.28969147035089154	other	ID-8	0.9302655791340481
1	90	-0.11217115011410285	0.29252433768377717	other	BMS-806	0.9302655791340481
1	96	-0.11216240047695633	0.2765932832799444	other	MADRASIN	0.9302655791340481
1	96	-0.11212170540512577	0.27676869687679734	other	PD-81723	0.9302655791340481
1	91	-0.11209676777523567	0.29010507153980386	other	CHLORMEZANONE	0.9302655791340481
1	86	-0.11194973300873723	0.30478904365211545	other	ERYTHROMYCIN-ETHYLSUCCINATE	0.9302655791340481
1	90	-0.11193243555086008	0.29355917117038965	other	BARNIDIPINE	0.9302655791340481
1	91	-0.11192954236333824	0.29082981335083286	other	TENIDAP	0.9302655791340481
1	91	-0.11184194809996342	0.29120991737700325	other	4-PPBP	0.9302655791340481
1	91	-0.1117304644920318	0.29169416082885263	other	ML167	0.9302655791340481
1	91	-0.11170657514747502	0.2917979964556108	other	FESOTERODINE	0.9302655791340481
1	90	-0.11167725791429026	0.2946680385623133	other	TAK-901	0.9302655791340481
1	91	-0.11164287022865696	0.29207501082255405	other	ELIPRODIL	0.9302655791340481
1	91	-0.11158712842469116	0.2923175408189677	other	ZAPRINAST	0.9302655791340481
1	96	-0.11157910444738516	0.2791146736587545	other	PYRANTEL-PAMOATE	0.9302655791340481
1	91	-0.11154731285042986	0.292490857919402	other	OMEPRAZOLE	0.9302655791340481
1	91	-0.11135619809397569	0.2933237241677059	other	FPL-55712	0.9302655791340481
1	90	-0.11124098647112247	0.2965702265958583	other	PIMOBENDAN	0.9302655791340481
1	90	-0.11122452339779537	0.2966421649942646	other	R306465	0.9302655791340481
1	86	-0.11121384229790954	0.3079991130051449	other	PIKETOPROFEN	0.9302655791340481
1	91	-0.11120489891178278	0.2939841850112378	other	IPRATROPIUM	0.9302655791340481
1	90	-0.11115043956782349	0.2969660297453046	other	NECA	0.9302655791340481
1	86	-0.11110062834239756	0.30849491243041843	other	MEFENAMIC-ACID	0.9302655791340481
1	84	-0.11108748697022709	0.31441755768612845	other	CE3F4	0.9306744292541521
1	91	-0.11102174727018084	0.29478500091903226	other	ACECLOFENAC	0.9302655791340481
1	90	-0.1110187349812068	0.29754236289070246	other	FELODIPINE	0.9302655791340481
1	96	-0.11100259092978576	0.28162181313548534	other	RG7834	0.9302655791340481
1	90	-0.11096111422456201	0.2977947395200267	other	LY344864	0.9302655791340481
1	91	-0.11091822677710149	0.2952382710356805	other	PRITELIVIR	0.9302655791340481
1	86	-0.11091193841654433	0.30932239598920036	other	BW-616U	0.9302655791340481
1	88	-0.1107314882531065	0.30439051942536727	other	GEMCADIOL	0.9302655791340481
1	90	-0.11068947351466507	0.2989864080960564	other	FLUCONAZOLE	0.9302655791340481
1	84	-0.1106318784290623	0.31641877905087784	other	ECTOINE-ZWITTERION	0.9306744292541521
1	96	-0.11060920523542381	0.2833411702249638	other	UKI-1	0.9302655791340481
1	96	-0.1105956402114803	0.28340058291725734	other	DAPANSUTRILE	0.9302655791340481
1	91	-0.11051210791963634	0.2970209140967437	other	TAME	0.9302655791340481
1	86	-0.11050625507595982	0.3111063583501727	other	CABERGOLINE	0.9302655791340481
1	91	-0.11045636611567052	0.2972661416236175	other	BUTHIONINE-SULFOXIMINE	0.9302655791340481
1	90	-0.11043429587809524	0.3001086998454503	other	AS-1949490	0.9302655791340481
1	90	-0.11022027592484313	0.30105210251354325	other	CLOTIAPINE	0.9302655791340481
1	96	-0.11021581954106187	0.28506750947246784	other	BMS-779788	0.9302655791340481
1	90	-0.11014619209487124	0.30137911682463786	other	ETHOSUXIMIDE	0.9302655791340481
1	90	-0.1101050344115535	0.30156089185612917	other	GAMMA-AMINOBUTYRIC-ACID	0.9302655791340481
1	96	-0.11010051683754199	0.2855748290272931	other	SF-11	0.9302655791340481
1	96	-0.10989025896641749	0.2865014861966664	other	NKY-80	0.9302655791340481
1	96	-0.10983599887064344	0.2867409475289327	other	ML786	0.9302655791340481
1	84	-0.10983203232346185	0.3199518345004486	other	D-(+)-MALTOSE	0.9306744292541521
1	88	-0.10973644585369488	0.3087835315565899	other	PF-03049423	0.9302655791340481
1	88	-0.10973644585369488	0.3087835315565899	other	SULMETOZINE	0.9302655791340481
1	91	-0.10964412840074021	0.30085454931695543	other	PRIMAQUINE	0.9302655791340481
1	90	-0.10956175299175966	0.30396704467541413	other	CLOPROSTENOL-(+/-)	0.9302655791340481
1	90	-0.1095123637717784	0.3041864056064216	other	PROCAINAMIDE	0.9302655791340481
1	96	-0.10947652573614028	0.28833073681137517	other	TINORIDINE	0.9302655791340481
1	91	-0.10938930872546794	0.30198614590584416	other	SKF-77434	0.9302655791340481
1	90	-0.10929011228186272	0.3051748081310123	other	AZD7687	0.9302655791340481
1	90	-0.10924072306188148	0.3053947372158084	other	ALFUZOSIN	0.9302655791340481
1	91	-0.10912652593534344	0.3031560174648196	other	FIDAXOMICIN	0.9302655791340481
1	91	-0.1090946734759344	0.3032980210484549	other	TELMESTEINE	0.9302655791340481
1	90	-0.10900200849863871	0.30645918409139156	other	PP-1	0.9302655791340481
1	84	-0.10892081524113226	0.324007569008976	other	T-5601640	0.9306744292541521
1	91	-0.1084894767471628	0.3060043457309729	other	AMIFAMPRIDINE	0.9302655791340481
1	96	-0.10836419377277201	0.2932870637426141	other	SC-51089	0.9302655791340481
1	90	-0.10830232788223756	0.30959301796959565	other	BENZYLDIMETHYLHEXADECYLAMMONIUM	0.9302655791340481
2	90	-0.10827458804479859	0.44700830214372644	other	SULFAMETHAZINE	0.9543515181545957
1	91	-0.10825854641644732	0.30704115752984146	other	LOSMAPIMOD	0.9302655791340481
1	91	-0.10821076772733379	0.3072559555171334	other	1,3-DIPROPYL-8-PHENYLXANTHINE	0.9302655791340481
1	86	-0.10812876201020881	0.32169490301971465	other	GSK-J1	0.9306744292541521
1	90	-0.10804715024566772	0.31074110528717314	other	NALTRINDOLE	0.9302655791340481
1	91	-0.10801168985602731	0.3081519996714622	other	QUERCETIN	0.9302655791340481
1	90	-0.10800599256235001	0.3109265389294774	other	T-0156	0.9302655791340481
1	90	-0.10800599256235001	0.3109265389294774	other	SNS-314	0.9302655791340481
1	96	-0.10794367803052306	0.2951753635233326	other	HPGDS-IN-1	0.9302655791340481
1	91	-0.10792409559265248	0.30854679691646464	other	CEPHAPIRIN	0.9302655791340481
1	88	-0.10792247475388256	0.3168974633790486	other	NIFENALOL	0.9306744292541521
1	90	-0.10774258338911662	0.31211501304895506	other	LEVO-PHENCYNONATE	0.9302655791340481
1	91	-0.10766131280252796	0.3097331606549823	other	SR-2640	0.9302655791340481
1	96	-0.1076181174558787	0.29664276412046997	other	BMS-813160	0.9302655791340481
1	96	-0.10759098740799165	0.29676526385008917	other	BLU9931	0.9302655791340481
1	90	-0.1075861841925093	0.312822059860282	other	TWS-119	0.9302655791340481
1	91	-0.10745427181636925	0.3106699548446537	other	5-AMINOLEVULINIC-ACID	0.9302655791340481
1	90	-0.10732277501927592	0.31401521703154567	other	OROTIC-ACID	0.9306744292541521
1	91	-0.1072950095193241	0.31139181522439374	other	MK-3697	0.9302655791340481
1	91	-0.1072551939450628	0.3115724500818735	other	PF-04136309	0.9302655791340481
1	96	-0.10723829678546026	0.29836078954496564	other	N-METHYLFORMAMIDE	0.9302655791340481
1	86	-0.10720418137352783	0.3258743323575769	other	BMS-817378	0.9306744292541521
1	85	-0.10716344698036495	0.3289731953766071	other	RITA	0.9306744292541521
1	90	-0.10683711435612687	0.31622280322392105	other	T-0070907	0.9306744292541521
1	90	-0.10679595667280914	0.31641034586103156	other	PARTHENOLIDE-(ALTERNATE-STEREO)	0.9306744292541521
1	90	-0.10675479898949143	0.31659796022288217	other	ZIMELIDINE	0.9306744292541521
1	84	-0.10671364497504499	0.333967035871852	other	C34	0.9306744292541521
1	90	-0.10656547364622995	0.3174619100770132	other	CYCLANDELATE	0.9306744292541521
1	90	-0.10653254749957577	0.31761231714254495	other	TREQUINSIN	0.9306744292541521
1	84	-0.10646052911884231	0.33512143297084346	other	CGP-60474	0.9306744292541521
1	96	-0.10629552762138594	0.30265337530026953	other	EDASALONEXENT	0.9302655791340481
1	88	-0.10628461735308116	0.3243405830245826	other	CHLOROPROCAINE	0.9306744292541521
1	96	-0.10628196259744244	0.30271543257750766	other	ISOPENTYL-4-METHOXYCINNAMATE	0.9302655791340481
1	84	-0.10616691472564722	0.336463690446992	other	COMPOUND-58112	0.9306744292541521
1	96	-0.10614631235800728	0.30333646327106345	other	BAY1125976	0.9302655791340481
1	91	-0.10606072671722411	0.31702306954739357	other	TROPANYL-3,5-DIMETHYLBENZOATE	0.9306744292541521
1	86	-0.10604373832953029	0.331168772230609	other	BENFLURALIN	0.9306744292541521
1	96	-0.10602422714251564	0.3038961027705424	other	VER-155008	0.9302655791340481
1	90	-0.10595633993312775	0.3202518703761223	other	RYUVIDINE	0.9306744292541521
1	85	-0.1059317272424566	0.33459485230294767	other	PANTOTHENIC-ACID	0.9306744292541521
1	86	-0.10590222088514037	0.3318181520489476	other	KUROMANIN	0.9306744292541521
1	90	-0.10585756149316523	0.3207057764213371	other	CCMI	0.9306744292541521
1	90	-0.10573408844321208	0.32127373974351575	other	PINOCEMBRIN	0.9306744292541521
1	96	-0.10569188405589951	0.30542298279418056	other	A-887826	0.9302655791340481
1	96	-0.10568510154392777	0.30545419565246884	other	BHQ	0.9302655791340481
1	91	-0.10561479228549767	0.3190736315282555	other	AZD5363	0.9306744292541521
1	91	-0.10557497671123636	0.3192571314913147	other	SELAMECTIN	0.9306744292541521
1	96	-0.10556979884040787	0.3059851327453109	other	THREO-2-METHYLISOCITRATE-(DL)	0.9302655791340481
1	91	-0.10542367752904346	0.3199550503723913	other	THIAMINE	0.9306744292541521
1	90	-0.10536366929335265	0.32298150111651236	other	ZOXAZOLAMINE	0.9306744292541521
1	90	-0.10532251161003492	0.3231716108114769	other	NPS-2143	0.9306744292541521
1	86	-0.10527954412982461	0.3346850161397246	other	BRL-26314	0.9306744292541521
1	85	-0.10521892924998358	0.3378757131788963	other	BUCILLAMINE	0.9306744292541521
1	88	-0.10515748967941134	0.3295271547464554	other	PNU-142633	0.9306744292541521
1	90	-0.10510849165678281	0.3241613366782163	other	STEPRONIN	0.9306744292541521
2	88	-0.10510584972717557	0.25591298705972787	other	EPLERENONE	0.9302655791340481
1	91	-0.10504941113098734	0.321685691926169	other	7-HYDROXY-DPAT	0.9306744292541521
1	91	-0.10498570621216928	0.3219808664122864	other	JNJ-7777120	0.9306744292541521
1	84	-0.10489121081038577	0.34233491216584455	other	BMS-CCR2-22	0.9306744292541521
1	90	-0.1048615455568765	0.3253057362188137	other	NORGESTREL	0.9306744292541521
1	85	-0.10483784286061235	0.339638068985237	other	SYM-2081	0.9306744292541521
1	88	-0.1047348168017852	0.33148565148198256	other	UNC0642	0.9306744292541521
1	90	-0.10466398867695148	0.32622311332387466	other	METHOPRENE-(S)	0.9306744292541521
1	96	-0.10462024716436182	0.3103804347225425	other	SETMELANOTIDE	0.9302655791340481
1	86	-0.10456252241158223	0.33800560969008403	other	PARACHLOROPHENOL	0.9306744292541521
1	90	-0.10452405255367123	0.3268739209463256	other	ARDEPARIN	0.9306744292541521
1	91	-0.10451588243588605	0.32416314273734725	other	PIRLINDOLE	0.9306744292541521
1	96	-0.10439642426929381	0.3114224127671427	other	LOTAMILAST	0.9302655791340481
1	85	-0.10431018478302143	0.3420877889873765	other	MRK-016	0.9306744292541521
1	91	-0.1043008783348751	0.32516496224313896	other	TIE2-KINASE-INHIBITOR	0.9306744292541521
2	90	-0.10429748110376802	0.3722680334154884	other	SOFOSBUVIR	0.9320243255263739
1	90	-0.10427710645376496	0.3280244253266116	other	PIDOLIC-ACID	0.9306744292541521
1	91	-0.10426106276061381	0.3253507014441694	other	IPIDACRINE	0.9306744292541521
1	91	-0.1042212471863525	0.32553650847554566	other	GRAZOPREVIR	0.9306744292541521
1	85	-0.10418315598656434	0.34267918943835085	other	ZAPA	0.9306744292541521
1	91	-0.10412568980812542	0.32598272208835005	other	PERINDOPRIL	0.9306744292541521
1	91	-0.10411772669327315	0.32601992419077225	other	QUIFLAPON	0.9306744292541521
1	90	-0.10407131803717637	0.32898514888888314	other	TAXIFOLIN	0.9306744292541521
1	96	-0.1038199107516944	0.3141167357226824	other	FELYPRESSIN	0.9306744292541521
1	90	-0.10381614040060652	0.33017893276767346	other	OCTOCRYLENE	0.9306744292541521
1	86	-0.10377945921929121	0.34165569941615187	other	BCX-1470	0.9306744292541521
1	90	-0.10375028810729818	0.33048745287642883	other	IMIDACLOPRID	0.9306744292541521
1	96	-0.10363678292845695	0.3149757269970653	other	KR-33494	0.9306744292541521
1	90	-0.10342925817741998	0.3319941131847826	other	HOMOSALATE	0.9306744292541521
1	88	-0.10340515837425285	0.33769485084812617	other	IMIDAFENACIN	0.9306744292541521
1	91	-0.10336919389716093	0.3295290331323667	other	ACEPROMAZINE	0.9306744292541521
1	90	-0.10330578512746685	0.332574757634665	other	TIQUIZIUM	0.9306744292541521
1	91	-0.10329752586349057	0.3298662686393314	other	SB-206553	0.9306744292541521
1	90	-0.10316584900418661	0.3332336000805132	other	FERB-033	0.9306744292541521
2	85	-0.1031111309573284	0.4499358139049938	other	HYDROXYUREA	0.9552985034359651
1	90	-0.10291890290428032	0.3343982813169499	other	CETIRIZINE	0.9306744292541521
1	90	-0.10290243983095324	0.3344760183225569	other	PHLORIZIN	0.9306744292541521
1	91	-0.10281177585750284	0.33215776400453667	other	TAFAMIDIS-MEGLUMINE	0.9306744292541521
1	91	-0.10266047667530995	0.33287356842679333	other	ACTINOQUINOL	0.9306744292541521
1	91	-0.1026525135604577	0.33291126944338284	other	TOLIMIDONE	0.9306744292541521
1	90	-0.10261433604772922	0.3358382688493975	other	PIFITHRIN-MU	0.9306744292541521
1	86	-0.10259071268641569	0.3472439454826343	other	PX-478	0.9306744292541521
1	90	-0.1025731783644115	0.3360331622008466	other	CILAZAPRIL	0.9306744292541521
1	91	-0.1025171406079693	0.3335526013121898	other	PI-103	0.9306744292541521
1	90	-0.10244970531445838	0.3366182713884668	other	TAZAROTENE	0.9306744292541521
1	90	-0.10244147377779482	0.3366573015533634	other	CHLOROTHIAZIDE	0.9306744292541521
1	90	-0.10241677916780417	0.3367744092113953	other	DELIVERT	0.9306744292541521
1	91	-0.10237380454062867	0.3342325120692614	other	ETHYL-VANILLIN	0.9306744292541521
1	91	-0.1023658414257764	0.33427031062674945	other	HEXYLRESORCINOL	0.9306744292541521
1	96	-0.1021717603425573	0.3219022790867275	other	HPPH	0.9306744292541521
1	90	-0.10213690692124372	0.33810342842360475	other	SULFANILAMIDE	0.9306744292541521
1	91	-0.10210305863565189	0.3355191826942079	other	PURVALANOL-A	0.9306744292541521
1	86	-0.10200577391627061	0.3500145613977198	other	LY310762	0.9306744292541521
1	90	-0.10188996082133743	0.33927883770207756	other	DIAZOXIDE	0.9306744292541521
1	91	-0.10177657092670933	0.3370749201371264	other	Y-39983	0.9306744292541521
1	96	-0.10166985445664722	0.32429759102045114	other	ANTHRAQUINONE	0.9306744292541521
2	90	-0.10152775593744166	0.3528542575903718	other	BUCLADESINE	0.9306744292541521
1	85	-0.1015253227068471	0.3552000086466332	other	NERIDRONIC-ACID	0.9306744292541521
1	88	-0.10152074179483617	0.3466195040788761	other	UNC0646	0.9306744292541521
1	86	-0.10146800762758883	0.3525738565726715	other	RO-5126766	0.9306744292541521
1	91	-0.10141823075835771	0.338787675676707	other	TANDUTINIB	0.9306744292541521
1	96	-0.10125612122637	0.32628066906790665	other	UF-010	0.9306744292541521
1	91	-0.10118730042764223	0.33989435553095654	other	ALIMEMAZINE	0.9306744292541521
1	90	-0.10112442791162791	0.34293895404522634	other	GSK1838705A	0.9306744292541521
1	96	-0.10110690596299135	0.3269977761171881	other	BRD9876	0.9306744292541521
1	96	-0.10103908084327376	0.3273240665384421	other	GPI-688	0.9306744292541521
1	90	-0.10101741793500185	0.3434525516203989	other	TRAXOPRODIL	0.9306744292541521
1	84	-0.10097297735636845	0.3607669481186479	other	VUF10460	0.9306744292541521
1	96	-0.10095090818764092	0.32774855490392885	other	SAMERIDINE	0.9306744292541521
1	96	-0.1008898655798951	0.3280426372798314	other	CJ-033466	0.9306744292541521
1	90	-0.10070461954178721	0.34495660376615145	other	VUF10166	0.9306744292541521
1	90	-0.10063876724847887	0.34527377160989947	other	MOGUISTEINE	0.9306744292541521
1	96	-0.10061178258905301	0.32938447657085734	other	ASTILBIN	0.9306744292541521
1	90	-0.10050706266186217	0.3459086552938536	other	CEFOZOPRAN	0.9306744292541521
1	90	-0.10040005268523611	0.3464250362169702	other	PF-04620110	0.9306744292541521
1	86	-0.10031699907988395	0.3580906058537696	other	ROSE-BENGAL-LACTONE	0.9306744292541521
1	96	-0.10027265699046514	0.33102559420993466	other	ZINC-UNDECYLENATE	0.9306744292541521
1	88	-0.10017347199740274	0.353089799728069	other	IGMESINE	0.9306744292541521
1	86	-0.10010000566515272	0.35913659190163494	other	IOVERSOL	0.9306744292541521
1	86	-0.10007170217627473	0.3592731637462468	other	DACTINOMYCIN	0.9306744292541521
1	85	-0.10006937727053136	0.3621774492237384	other	MORIN	0.9313756718081856
1	86	-0.10004339868739673	0.3594097676349767	other	SHP099	0.9306744292541521
1	86	-0.10002452969481142	0.3595008546955637	other	NGD-94-1	0.9306744292541521
1	91	-0.09993709139583773	0.34592517935841827	other	AZOMYCIN-(2-NITROIMIDAZOLE)	0.9306744292541521
1	88	-0.09990930144888639	0.3543672289457717	other	OXYFEDRINE	0.9306744292541521
1	90	-0.09987323433876935	0.34897424823779044	other	N-ACETYLCARNOSINE	0.9306744292541521
1	90	-0.09986500280210579	0.3490141723584002	other	QUIPAZINE	0.9306744292541521
1	86	-0.09985470876154347	0.3603212790034818	other	CARVEDILOL	0.9306744292541521
1	91	-0.09984949713246288	0.3463502183904524	other	NVP-BVU972	0.9306744292541521
1	96	-0.09975718608061156	0.33353004105116807	other	TIGECYCLINE	0.9306744292541521
1	90	-0.09974152975215264	0.34961337626667793	other	GLY-GLN	0.9306744292541521
1	96	-0.09970970849680927	0.33376131719662555	other	SY-640	0.9306744292541521
1	91	-0.09970616106512224	0.34704644171306714	other	HALOFANTRINE	0.9306744292541521
1	91	-0.0996743086057132	0.34720127682667756	other	BISACODYL	0.9306744292541521
1	91	-0.09966634549086094	0.34723999235559533	other	BUTAMBEN	0.9306744292541521
1	96	-0.09966223091300697	0.33399269510267326	other	FERROSTATIN-1	0.9306744292541521
1	90	-0.09960159362887243	0.35029324934470935	other	AZD1981	0.9306744292541521
2	87	-0.09953258615109577	0.3587122834340972	other	CEFTIOFUR	0.9306744292541521
1	91	-0.09953097253837258	0.34789856944297615	other	ALFAXALONE	0.9306744292541521
1	91	-0.09948319384925901	0.348131194695392	other	SULFANITRAN	0.9306744292541521
1	90	-0.09946165750559217	0.35097394602058946	other	CLOBUTINOL	0.9306744292541521
1	91	-0.09942745204529321	0.3484027136455828	other	CD-437	0.9306744292541521
1	91	-0.09940356270073644	0.3485191193982366	other	CFM-2	0.9306744292541521
1	90	-0.09939580521228385	0.3512945587974981	other	AT-9283	0.9306744292541521
1	96	-0.09939093043413666	0.3353168064740635	other	3-METHYL-GABA	0.9306744292541521
1	90	-0.09937934213895674	0.35137474048125733	other	CO-101244	0.9306744292541521
1	96	-0.09932310531441907	0.335648353374451	other	SODIUM-DODECYL-SULFATE	0.9306744292541521
1	90	-0.09918178525903172	0.35233780942411963	other	METHAZOLAMIDE	0.9306744292541521
1	90	-0.09909123835573273	0.3527797642706988	other	UH-232-(+)	0.9306744292541521
1	90	-0.09905831220907856	0.35294056054994943	other	UMECLIDINIUM	0.9306744292541521
1	90	-0.09900892298909732	0.3531818403864734	other	LANSOPRAZOLE	0.9306744292541521
1	96	-0.09896363217991593	0.3374090173752431	other	GSK3326595	0.9306744292541521
1	84	-0.09894805050674713	0.3705275667817601	other	CP-316819	0.9320243255263739
1	90	-0.09872905074253684	0.3545510285276014	other	SRT1720	0.9306744292541521
1	91	-0.0987266979382945	0.3518273735159417	other	SU3327	0.9306744292541521
1	90	-0.09855618847260243	0.3553983470298089	other	SB-200646	0.9306744292541521
1	91	-0.09851965695213578	0.35284320163389515	other	RESERPINE	0.9306744292541521
1	90	-0.09849856771595764	0.35568106533960053	other	CHOLIC-ACID	0.9306744292541521
1	90	-0.09840802081265866	0.3561256185694297	other	RIVASTIGMINE	0.9306744292541521
1	90	-0.09839155773933157	0.35620648340353617	other	MANNITOL-D	0.9306744292541521
1	96	-0.09831929354259894	0.3405795111698452	other	EVENAMIDE	0.9306744292541521
1	90	-0.0982269270060607	0.3570157573576827	other	AC-264613	0.9306744292541521
2	93	-0.09807486008000005	0.35127195964069696	other	ATORVASTATIN	0.9306744292541521
1	96	-0.09793947287218051	0.34245720180282974	other	CC4	0.9306744292541521
1	88	-0.0979104109651126	0.36412583087909145	other	CASPOFUNGIN-ACETATE	0.9313756718081856
1	90	-0.09788120246619189	0.3587189339513889	other	DITOLYLGUANIDINE	0.9306744292541521
1	90	-0.09787297092952835	0.3587595468748588	other	GESTODENE	0.9306744292541521
1	85	-0.0978512590554732	0.3729682638600683	other	TENOFOVIR	0.9320243255263739
1	91	-0.09780297661543258	0.35637359474255303	other	MENADIONE	0.9306744292541521
1	90	-0.09771657173292103	0.3595317321974778	other	AMPRENAVIR	0.9306744292541521
1	90	-0.09770834019625749	0.35957240193638507	other	FANANSERIN	0.9306744292541521
1	96	-0.0976342598334514	0.34397077040680196	other	ESAXERENONE	0.9306744292541521
1	90	-0.09760956175629495	0.360060660333331	other	BROMHEXINE	0.9306744292541521
1	90	-0.09753547792632307	0.3604271224914603	other	BUCETIN	0.9306744292541521
1	88	-0.09753176651223917	0.36599279767428616	other	PYRONARIDINE	0.9320243255263739
1	91	-0.09747648890649	0.35798911554135787	other	SQ-22536	0.9306744292541521
1	86	-0.09745834670320713	0.37202113123721187	other	TETRINDOLE	0.9320243255263739
1	85	-0.09743108688257673	0.3750341409918423	other	SCMC-LYS	0.9331847284513405
1	91	-0.09741278398767192	0.358304866477825	other	SCH-23390	0.9306744292541521
1	86	-0.09734513274769517	0.3725795406703596	other	IOWH032	0.9320243255263739
1	90	-0.0973296895097345	0.3614462795412202	other	CP-91149	0.9306744292541521
1	90	-0.09731322643640743	0.36152788874533	other	SACCHARIN	0.9306744292541521
1	96	-0.09730869925880706	0.3455898676178539	other	9-ANTHRACENECARBOXYLIC-ACID	0.9306744292541521
1	91	-0.09709425939358161	0.3598862030182141	other	DIHYDROERGOCRISTINE	0.9306744292541521
1	90	-0.0969675018965386	0.36324430381996453	other	DIARYLPROPIONITRILE	0.9313756718081856
1	96	-0.09679322834895347	0.3481631947807927	other	NEUROPATHIAZOL	0.9306744292541521
1	96	-0.09673218574120766	0.34846872253876476	other	BMS-214662	0.9306744292541521
1	96	-0.09667114313346184	0.3487744178853576	other	A-485	0.9306744292541521
1	96	-0.09666436062149009	0.34880839437926553	other	POLYMYXIN-B-SULFATE	0.9306744292541521
1	90	-0.0966217773566698	0.36496572167953883	other	TRIGONELLINE	0.9313756718081856
1	90	-0.09659708274667916	0.3650888714348636	other	RACTOPAMINE	0.9313756718081856
1	91	-0.09658462004303711	0.36242528671468854	other	HOMOQUINOLINIC-ACID	0.9313756718081856
1	96	-0.09656262294191371	0.34931829002880527	other	MRK-560	0.9306744292541521
1	91	-0.0963935052865829	0.36338027955307056	other	PHA-793887	0.9313756718081856
1	91	-0.09637757905687841	0.3634599320921109	other	QX-222	0.9313756718081856
1	90	-0.09635013664677286	0.36632177150253337	other	YO-01027	0.9320243255263739
1	91	-0.0961705380707197	0.36449639205070744	other	KAINIC-ACID	0.9313756718081856
1	90	-0.09605380132688532	0.3678046162174727	other	ZD-7114	0.9320243255263739
1	90	-0.09588093905695091	0.368671303125512	other	METHAPYRILENE	0.9320243255263739
1	90	-0.0958233183003061	0.3689604760567768	other	NAFTIDROFURYL	0.9320243255263739
1	91	-0.09578830855781131	0.3664146211899291	other	RESATORVID	0.9320243255263739
1	90	-0.09578216061698838	0.3691671130191614	other	ALMOTRIPTAN	0.9320243255263739
1	96	-0.09573515648135926	0.35348272051860263	other	LINAPRAZAN	0.9306744292541521
1	96	-0.09570802643347225	0.35361977999054167	other	CLOPERASTINE-FENDIZOATE	0.9306744292541521
1	90	-0.09569161371368941	0.3696219632479612	other	EXIFONE	0.9320243255263739
2	91	-0.09568876962215808	0.4958682091147879	other	CINNARAZINE	0.9706548666729192
1	91	-0.09566886183502743	0.3670153347521441	other	ARECAIDINE-BUT-2-YNYL-ESTER	0.9320243255263739
1	84	-0.09564741974186432	0.3867784301392064	other	AS-2034178	0.9377316050142686
1	90	-0.09555990912707273	0.37028417442032163	other	GSK2816126	0.9320243255263739
1	96	-0.09552489861023479	0.35454579575749334	other	IRGD-PEPTIDE	0.9306744292541521
1	90	-0.09551051990709147	0.3705326902156881	other	LAZABEMIDE	0.9320243255263739
1	90	-0.0954611306871102	0.37078130777751106	other	MITOXANTRONE	0.9320243255263739
1	91	-0.09544589461916421	0.36813828006320076	other	CHLORTHALIDONE	0.9320243255263739
1	91	-0.09534237412608484	0.36866036149437387	other	ZOMEPIRAC	0.9320243255263739
1	90	-0.09524711073385808	0.37185982622081076	other	CD-1530	0.9320243255263739
1	90	-0.09520595305054037	0.3720674525863796	other	MONTELUKAST	0.9320243255263739
1	91	-0.09511144379536937	0.3698266355278404	other	TAZOBACTAM	0.9320243255263739
1	90	-0.09509894307391428	0.37260761161816575	other	Y-26763	0.9320243255263739
1	90	-0.09500839617061532	0.37306504203859026	other	CELIPROLOL	0.9320243255263739
1	91	-0.09499996018743777	0.37039047013984794	other	ST-1859	0.9320243255263739
1	96	-0.09484664741305902	0.3579885914743792	other	SR-1078	0.9306744292541521
1	96	-0.09483308238911552	0.35805765782375043	other	BRONOPOL	0.9306744292541521
1	91	-0.09471328805275649	0.3718427386478074	other	PF-04217903	0.9320243255263739
1	91	-0.09469736182305197	0.37192352187225175	other	RO-28-1675	0.9320243255263739
1	84	-0.09456408387731689	0.392203946624645	other	LUF-5834	0.9377316050142686
1	91	-0.09445050526263196	0.37317702937819175	other	ETHISTERONE	0.9320243255263739
1	90	-0.09435810477419541	0.37636025668076983	other	BUTYLSCOPOLAMINE-BROMIDE	0.9331847284513405
1	90	-0.09424286326090581	0.37694605462041497	other	LFM-A13	0.9334270060358901
1	96	-0.09422265631165731	0.36117417758827064	other	DIM-C-PPHCO2ME	0.9306744292541521
1	96	-0.0941955262637703	0.361313076946251	other	YM-298198	0.9306744292541521
1	96	-0.09418874375179855	0.3613478069346775	other	HYDROXYSAFFLOR-YELLOW-A	0.9306744292541521
1	84	-0.09415909850739265	0.394243754306352	other	EPPTB	0.9393768420913701
1	91	-0.09410809132398487	0.3749200171072649	other	ZM-306416	0.9331847284513405
1	91	-0.0940842019794281	0.37504180519132	other	SULISOBENZONE	0.9331847284513405
1	86	-0.09397701757121452	0.3894247122539173	other	LY2979165	0.9377316050142686
1	91	-0.09392493968238294	0.37585433977413696	other	CENTPROPAZINE	0.9331847284513405
1	90	-0.09390537025770053	0.3786647822990212	other	ADIPORON	0.9341267457709493
1	86	-0.0938071966379466	0.3902859219134414	other	CUDC-427	0.9377316050142686
1	86	-0.09348642376399606	0.3919157495048379	other	CX-4945	0.9377316050142686
1	91	-0.09347900525065649	0.378135114555474	other	RS-67333	0.9338923174040558
1	96	-0.09344266743490519	0.36518067248891983	other	JNJ-10397049	0.9313756718081856
1	91	-0.0933834478724294	0.3786249399684969	other	ENOXOLONE	0.9341267457709493
1	90	-0.09334562576457961	0.38152578672190496	other	TROLEANDOMYCIN	0.9365252175207157
1	84	-0.09331875386479979	0.39849640665753155	other	MASOPROCOL	0.9431579827980727
1	91	-0.09316844377141843	0.37972845014756207	other	JNJ-1661010	0.9345498934727174
1	90	-0.0931151427380004	0.3827076265752357	other	INCB-003284	0.9374274533700215
2	87	-0.09290215857424383	0.40315692892774246	other	SIROLIMUS	0.944567047367263
1	90	-0.09275295512480448	0.3845692527388511	other	L-693403	0.9377316050142686
1	96	-0.09268302609406832	0.3691087890348857	other	DESLORELIN	0.9320243255263739
1	91	-0.09267473065057842	0.38226978317246135	other	NAFTIFINE	0.9374274533700215
1	91	-0.0925313945832378	0.38300950523722	other	ESTRAMUSTINE-PHOSPHATE	0.9374274533700215
1	86	-0.09242032568292516	0.39736159072828364	other	WEHI-345-ANALOG	0.9431579827980727
1	90	-0.09240723058493568	0.38635132776568654	other	MONOSODIUM-ALPHA-LUMINOL	0.9377316050142686
1	96	-0.09230320542364989	0.37108250577801405	other	ALPHA-ASARONE	0.9320243255263739
1	96	-0.09222859779196058	0.37147095603110775	other	OMAPATRILAT	0.9320243255263739
1	90	-0.09222613677833773	0.38728676956866076	other	VANILLIN	0.9377316050142686
1	91	-0.09213323884062491	0.38506880748397243	other	NMS-E973	0.9377316050142686
1	91	-0.0920774970366591	0.38535763977804083	other	CEFMENOXIME	0.9377316050142686
1	90	-0.0919709591417679	0.38860719369249874	other	CYROMAZINE	0.9377316050142686
1	91	-0.09193416096931843	0.3861009487618992	other	PSI-6130	0.9377316050142686
1	91	-0.09182267736138683	0.3866796725034168	other	ROQUINIMEX	0.9377316050142686
1	91	-0.09180675113168231	0.38676238977869287	other	BUPROPION	0.9377316050142686
1	91	-0.09179082490197779	0.3868451176662048	other	SIRAMESINE	0.9377316050142686
1	84	-0.09165831384811027	0.40697854138080813	other	4-CMTB	0.9463902800258606
1	86	-0.09165613148321947	0.40129267423957843	other	SENICAPOC	0.9431579827980727
1	88	-0.09144703821141241	0.396793974361319	other	ISOVALERAMIDE	0.9431172414207457
1	91	-0.09141655850392168	0.3887922767620751	other	AMIPRILOSE	0.9377316050142686
1	90	-0.09141121464864696	0.3915130287461383	other	AROFYLLINE	0.9377316050142686
1	91	-0.09140063227421716	0.38887526448840176	other	PIRENZEPINE	0.9377316050142686
1	96	-0.09136721877154734	0.3759737464412906	other	ML218	0.9331847284513405
1	90	-0.09133713081867506	0.39189859345607	other	CHLOROXOQUINOLINE	0.9377316050142686
1	90	-0.09131243620868443	0.39202716532311643	other	UNC1999	0.9377316050142686
1	96	-0.09128582862788626	0.3764009143613846	other	GENZ-123346	0.9331847284513405
1	90	-0.09122188930538547	0.3924988106183217	other	EXHERIN	0.9377316050142686
1	96	-0.09115696090042286	0.377077865919556	other	FONDAPARINUX	0.9334270060358901
1	91	-0.09112192325438812	0.390329264949268	other	CR8-(R)	0.9377316050142686
1	91	-0.0910900707949791	0.39049564298473155	other	7-CHLOROKYNURENIC-ACID	0.9377316050142686
1	91	-0.09108210768012683	0.390537244111709	other	EBSELEN	0.9377316050142686
1	86	-0.09108062720936703	0.40426819726088103	other	MAXACALCITOL	0.9453405121659316
1	84	-0.0909597140849909	0.4105786005282045	other	3-DEAZAURIDINE	0.9476550812829971
1	91	-0.09090691915337716	0.3914531385055031	other	U-104	0.9377316050142686
1	88	-0.09085705731972588	0.39986001440995733	other	UNC0638	0.9431579827980727
1	85	-0.09078650368328357	0.4086194952762061	other	BISMUTH-OXALATE	0.9472446597142548
1	96	-0.09076357520606092	0.37914891437747195	other	CAPROMORELIN	0.9345498934727174
1	90	-0.090563366372302	0.3959391187994434	other	STA-5326	0.9417799113583809
1	96	-0.09052618728704939	0.38040200966299	other	Y-29794	0.9349899712466223
1	84	-0.09039273456709693	0.4135139908611104	other	TCS-HDAC6-20B	0.9477299643962339
1	90	-0.09034934641904989	0.3970610613786351	other	MK-2206	0.9431579827980727
1	90	-0.09033288334572281	0.3971474426515327	other	2-TEDC	0.9431579827980727
1	90	-0.08997892726919045	0.3990073333158361	other	COBIMETINIB	0.9431579827980727
1	96	-0.08997002130536527	0.38334762132847916	other	SD-2590	0.9374274533700215
1	96	-0.08997002130536527	0.38334762132847916	other	SUGAMMADEX	0.9374274533700215
1	90	-0.08980606499925604	0.39991752153207355	other	SB-228357	0.9431579827980727
1	84	-0.08980550578070674	0.41656703491149855	other	H2L-5765834	0.9492881384849459
1	91	-0.0897443043849475	0.3975637578833134	other	CP-724714	0.9431579827980727
1	88	-0.08971231827615499	0.4058488199237237	other	DIFENPIRAMIDE	0.9460116849230021
1	91	-0.08969652569583395	0.3978160824894955	other	CGS-20625	0.9431579827980727
1	90	-0.08964966580264871	0.40074208148243023	other	DEXTROMETHORPHAN	0.9431579827980727
1	90	-0.08959204504600392	0.4010461195741369	other	TRIPELENNAMINE	0.9431579827980727
1	90	-0.08956735043601328	0.40117646327967815	other	A-769662	0.9431579827980727
1	96	-0.08937994276382234	0.38648782430006406	other	REPOTRECTINIB	0.9377316050142686
1	96	-0.08930533513213301	0.386885958492602	other	SOFOSBUVIR-IMPURITY-M	0.9377316050142686
1	91	-0.08928244372351654	0.400006867591309	other	ETP-46464	0.9431579827980727
1	90	-0.08927101511612573	0.40274253684274947	other	PICONOL	0.9443719143282514
1	91	-0.0891948494601417	0.4004712149446263	other	INDAPAMIDE	0.9431579827980727
1	90	-0.08917223667616322	0.4032653605886919	other	PK-11195	0.944567047367263
1	79	-0.08909553427551715	0.43490199359418463	other	NITROCARAMIPHEN	0.9539315243053148
1	88	-0.08904308621991357	0.40937421133549745	other	MOFEZOLAC	0.9476550812829971
1	90	-0.08899114286956526	0.40422490794512445	other	ESTRADIOL-CYPIONATE	0.9453405121659316
1	96	-0.08891194943777109	0.3889892797575807	other	PF-04885614	0.9377316050142686
1	96	-0.08883734180608174	0.38938895664151796	other	ETRETINATE	0.9377316050142686
1	84	-0.08878291772164797	0.4219145843760775	other	PF-04418948	0.9529297164990173
1	96	-0.0887627341743924	0.38978887925093963	other	LIQUIRITIN	0.9377316050142686
1	96	-0.08870847407861834	0.3900798863642228	other	PRLX-93936	0.9377316050142686
1	96	-0.08864064895890078	0.3904438279485591	other	LETRAZURIL	0.9377316050142686
1	96	-0.08854569379129615	0.39095368711324774	other	STAT3-INHIBITOR-VI	0.9377316050142686
1	91	-0.08853391092740427	0.4039851806405798	other	AR-42	0.9453405121659316
1	90	-0.08847255605976204	0.40698012042067727	other	RO-60-0175	0.9463902800258606
1	91	-0.0884144642046204	0.40462216460840916	other	SULFAPYRIDINE	0.9453405121659316
1	86	-0.08836349227708014	0.41849065704449284	other	METHYLTHIOURACIL	0.9514449804577193
1	91	-0.0882870543669843	0.4053022646324365	other	MK-8033	0.9459009405578154
1	96	-0.08826082828848235	0.3924856500719641	other	ST-1535	0.9377316050142686
1	91	-0.08819946010360945	0.40577022272440855	other	TETRAMISOLE	0.9460116849230021
1	86	-0.08808989188459292	0.4199386286425733	other	APD597	0.9514779835308961
1	91	-0.08807205026597333	0.40645145508777025	other	GLYBURIDE	0.9463902800258606
1	91	-0.08798445600259848	0.40692019134644764	other	MM-102	0.9463902800258606
1	90	-0.08791281156664112	0.40996632040925823	other	RONIDAZOLE	0.9476550812829971
1	90	-0.08789634849331401	0.4100543431705537	other	SALIDROSIDE	0.9476550812829971
1	91	-0.08784111993525785	0.4076878977158473	other	LITHIUM-ACETOACETATE	0.9472446597142548
1	86	-0.08782572598839837	0.42133940951942817	other	SULFAMOXOLE	0.9519641898921255
1	90	-0.08773171776004317	0.41093517786749717	other	NSC-632839	0.9476550812829971
1	91	-0.0876977838679172	0.40845645203761444	other	FORMOTEROL	0.9472446597142548
1	88	-0.08768701073752957	0.4165723956079256	other	TIOPRONIN	0.9492881384849459
1	91	-0.08765796829365591	0.40867008977122904	other	BW-723C86	0.9472446597142548
1	91	-0.08746685353720171	0.40969646083020017	other	LASALOCID	0.9476550812829971
1	90	-0.08744361397681914	0.41247929293169994	other	TROMETAMOL	0.9476550812829971
1	85	-0.08743489774599304	0.4262064925759643	other	HQK-1001	0.9530555492907928
1	86	-0.08729739419600924	0.4241490327980157	other	ARGATROBAN	0.9530555492907928
1	91	-0.08727573878074753	0.4107243371607498	other	PIRFENIDONE	0.9476550812829971
1	91	-0.0872040707470772	0.4111101786303611	other	PJ-34	0.9476550812829971
1	96	-0.08718240888497286	0.3983175851695084	other	TOMIVOSERTIB	0.9431579827980727
1	84	-0.08708197916796602	0.43089646615006977	other	WIKI4	0.9539315243053148
1	86	-0.087080400781278	0.42530609455290597	other	INDELOXAZINE	0.9530555492907928
1	88	-0.08705300142109033	0.4199627875460041	other	VASOPRESSIN	0.9514779835308961
1	84	-0.0870414806309736	0.4311116388004592	other	FLOSEQUINAN	0.9539315243053148
1	91	-0.08703684533517977	0.4120112976254192	other	NECROSTATIN-1	0.9476550812829971
1	90	-0.08703203714364198	0.4146910250596474	other	CLOMETHIAZOLE	0.9479137467657512
1	96	-0.08701284608567893	0.3992392057906932	other	DCP-LA	0.9431579827980727
1	91	-0.08698906664606623	0.4122689715455767	other	VEMURAFENIB	0.9476550812829971
1	90	-0.0869579533136701	0.4150898674146276	other	O-3M3FBS	0.9479137467657512
1	90	-0.08692502716701593	0.4152672021764464	other	LETOSTEINE	0.9479137467657512
1	90	-0.08692502716701593	0.4152672021764464	other	NALIDIXIC-ACID	0.9479137467657512
2	88	-0.08682862847540816	0.4469674847824484	other	BRIMONIDINE	0.9543515181545957
1	91	-0.0868059150044643	0.4132575912948348	other	AM-251	0.9476550812829971
1	96	-0.08659911285540173	0.401493252373241	other	OCAPERIDONE	0.9431579827980727
1	91	-0.08651924286978302	0.41480776372123235	other	RS-102221	0.9479137467657512
1	91	-0.08647146418066946	0.4150664539190501	other	GW-441756	0.9479137467657512
1	91	-0.0864635010658172	0.4151095780623471	other	OCTISALATE	0.9479137467657512
1	96	-0.08644989759202304	0.4023080276709768	other	CBL0137	0.9440398785464567
1	90	-0.08638174574722207	0.4181995718826644	other	DICLAZURIL	0.9512543500663964
1	90	-0.08630766191725019	0.4186003668287453	other	MYRICETIN	0.9514449804577193
1	88	-0.08619884998088743	0.42455549182526303	other	RIPAZEPAM	0.9530555492907928
1	91	-0.08618479204598818	0.41662056217404775	other	TACALCITOL	0.9492881384849459
1	91	-0.08612108712717012	0.416966377251142	other	AP26113	0.9497403773006577
1	96	-0.08611755450540692	0.4041262571523316	other	ICLAPRIM	0.9453405121659316
1	96	-0.08594120919414124	0.405092993631611	other	JPH203	0.9457675508182722
1	86	-0.08578787478918318	0.4322355546072954	other	NORETYNODREL	0.9539315243053148
2	88	-0.0856968591263679	0.48040681997593504	other	ALFACALCIDOL	0.9680488864418781
1	91	-0.08566718958059141	0.4194351216211628	other	BETAHISTINE	0.9514779835308961
1	91	-0.0856114477766256	0.41973888212716143	other	EPIRUBICIN	0.9514779835308961
1	90	-0.08557505515419485	0.42257573027539114	other	IMIPRAMINE	0.9530555492907928
1	90	-0.08557505515419485	0.42257573027539114	other	MEMANTINE	0.9530555492907928
1	84	-0.08538104061428409	0.439986234535283	other	PPY-A	0.9539315243053148
1	91	-0.0853645912162056	0.4210856342550518	other	METHICILLIN	0.9517244033688864
1	90	-0.08534457212761563	0.42383088686451703	other	LUCITANIB	0.9530555492907928
1	96	-0.0853375656286548	0.4084124884808668	other	CEFIDEROCOL	0.9472446597142548
1	96	-0.08522226292513492	0.40904835737408046	other	MECYSTEINE	0.9476550812829971
1	96	-0.08517478534133262	0.4093103541380455	other	PAMIPARIB	0.9476550812829971
1	90	-0.0851634783210177	0.42481858320598737	other	SHIKIMIC-ACID	0.9530555492907928
1	96	-0.08503913510189746	0.4100594573780951	other	DECLOPRAMIDE	0.9476550812829971
1	96	-0.0849509624462646	0.41054680416720174	other	ICRT-14	0.9476550812829971
1	88	-0.08486919155335511	0.4317620436312592	other	SELEXIPAG	0.9539315243053148
1	96	-0.08484922476668824	0.4111095478689228	other	TARTARIC-ACID	0.9476550812829971
2	85	-0.08482575054739092	0.5223103493899577	other	SB-939	0.9731018416736845
1	86	-0.08482555616733158	0.4374361459090089	other	PHENELZINE	0.9539315243053148
1	91	-0.08479124694684302	0.42422317561102946	other	SARCOSINE	0.9530555492907928
2	88	-0.08477568238394323	0.4339958746836997	other	INOSINE	0.9539315243053148
1	91	-0.08476735760228625	0.4243541974261154	other	RI-1	0.9530555492907928
1	86	-0.08475008019699029	0.4378455254663942	other	2-OLEOYLGLYCEROL	0.9539315243053148
1	96	-0.08470679201528132	0.4118981455792228	other	PF-8380	0.9476550812829971
1	96	-0.08462540187162022	0.4123491689420964	other	A-987306	0.9476550812829971
1	96	-0.08452366419204389	0.4129133530661123	other	IBIGLUSTAT	0.9476550812829971
1	85	-0.08452300687336162	0.4418319937629719	other	BORNYL-ACETATE	0.9539315243053148
1	96	-0.08446940409626981	0.4132144351689491	other	SCH-202676	0.9476550812829971
1	85	-0.08446437819807374	0.44214987151850593	other	NOREPINEPHRINE	0.9539315243053148
1	86	-0.08440100383416176	0.43974171873209805	other	CARFILZOMIB	0.9539315243053148
1	91	-0.08439309120423014	0.4264099066314851	other	ISOPRENALINE	0.9530555492907928
1	88	-0.08434085045632239	0.4346447923391334	other	CL-225385	0.9539315243053148
1	91	-0.08428160759629852	0.42702334729061076	other	AMYLEINE	0.9530555492907928
1	91	-0.08427364448144625	0.4270671838173766	other	ZM-241385	0.9530555492907928
1	91	-0.08422586579233271	0.42733025710706507	other	DYDROGESTERONE	0.9530555492907928
1	91	-0.08421790267748047	0.4273741116759702	other	NALTRIBEN	0.9530555492907928
1	91	-0.08413030841410563	0.42785668199920346	other	HESPERIDIN	0.9530555492907928
1	91	-0.08410641906954884	0.42798834618896503	other	MD-920	0.9530555492907928
1	86	-0.08373115459738267	0.4433932902080573	other	NQDI-1	0.9539315243053148
1	90	-0.08371472786823408	0.4327675984522711	other	1-((Z)-3-CHLOROALLYL)-1,3,5,7-TETRAAZAADAMANTAN-1-IUM	0.9539315243053148
1	86	-0.08368398211591938	0.44365108275112203	other	SWAINSONINE	0.9539315243053148
1	88	-0.08359236723552603	0.4387473181153096	other	TASIMELTEON	0.9539315243053148
1	91	-0.0834693698813682	0.43150793439422575	other	BOSUTINIB	0.9539315243053148
2	87	-0.08332785783178479	0.5061465729063294	other	LUBIPROSTONE	0.9715915239990732
1	90	-0.08331961410838402	0.4349501037557829	other	CARBETAPENTANE	0.9539315243053148
1	90	-0.08326199335173921	0.435268906683303	other	NEOSTIGMINE	0.9539315243053148
2	88	-0.08322299769595543	0.44123430436324673	other	NICOTINE	0.9539315243053148
1	91	-0.08313491905757338	0.4333623003865628	other	CLEBOPRIDE	0.9539315243053148
1	86	-0.08302356737543298	0.447268994158398	other	TIPLAXTININ	0.9543515181545957
1	84	-0.08296125302898659	0.45310168136610296	other	ML281	0.9563501761905369
1	84	-0.08296125302898659	0.45310168136610296	other	BRD:BRD-K48188942-001-03-7.1	0.9563501761905369
1	90	-0.08292450034853395	0.43713884019749805	other	8-HYDROXY-PIPAT	0.9539315243053148
1	91	-0.0828800993823011	0.4347781865218044	other	TIRAPAZAMINE	0.9539315243053148
1	84	-0.08286000668650552	0.45365512493384136	other	ANA-12	0.9565786507437165
1	91	-0.08282435757833531	0.4350882612384803	other	CP-93129	0.9539315243053148
1	96	-0.08282125368713271	0.4224206089181021	other	PARETHOXYCAINE	0.9530555492907928
1	86	-0.0827877049681164	0.448565086845177	other	DPCPX	0.9549044087860009
1	86	-0.08261788403484847	0.4494995686520057	other	NADIDE	0.9550013907484604
1	91	-0.0826173165921766	0.4362410652061933	other	PIVMECILLINAM	0.9539315243053148
1	91	-0.08256953790306304	0.43650734244251255	other	LGX818	0.9539315243053148
1	91	-0.08249786986939274	0.4369069308558533	other	CYCLAMIC-ACID	0.9539315243053148
1	91	-0.08247398052483595	0.4370401729982255	other	3-DEAZAADENOSINE	0.9539315243053148
1	91	-0.0824102756060179	0.4373955978033296	other	CYACETACIDE	0.9539315243053148
1	96	-0.08229900026530737	0.42536227551078326	other	SULTIAME	0.9530555492907928
1	90	-0.08229067202544112	0.4406629226490648	other	VANITIOLIDE	0.9539315243053148
1	91	-0.08225101330897273	0.4382848749516323	other	LULICONAZOLE	0.9539315243053148
1	91	-0.08224305019412047	0.4383293656161102	other	BRD:BRD-K87202646-061-04-9.1	0.9539315243053148
1	90	-0.08223305126879632	0.44098408554657803	other	RITANSERIN	0.9539315243053148
1	91	-0.08211564035648435	0.43904156328855903	other	C-751	0.9539315243053148
1	91	-0.08210767724163211	0.4390860973278154	other	TIBOLONE	0.9539315243053148
1	90	-0.0820931151455161	0.4417646011849298	other	CYCLOCYTIDINE	0.9539315243053148
1	96	-0.08200735225052178	0.427010132588884	other	DELCASERTIB	0.9530555492907928
1	85	-0.08188471648540699	0.4562630954881719	other	AZD4282	0.9595580990762078
1	90	-0.08187086365560042	0.44300583989894965	other	PSB-11	0.9539315243053148
1	90	-0.08174739060564727	0.44369626272666046	other	LY2090314	0.9539315243053148
1	91	-0.0817254477287237	0.4412267286851787	other	BAZEDOXIFENE	0.9539315243053148
1	88	-0.08167272791630717	0.4493684083332888	other	PHENYLPIRACETAM	0.9550013907484604
1	90	-0.08159922294570349	0.4445255668592464	other	NITISINONE	0.9539315243053148
1	91	-0.08143877559404243	0.4428360515666056	other	ESLICARBAZEPINE-ACETATE	0.9539315243053148
2	88	-0.08139591169063849	0.48395268916814216	other	SPARFLOXACIN	0.9689653537761528
1	90	-0.08136873991912429	0.44581732157542603	other	AJMALINE	0.9543515181545957
1	91	-0.08135118133066759	0.44332844635015195	other	GDC-0068	0.9539315243053148
1	96	-0.08130875351743075	0.4309721766428917	other	SULFATINIB	0.9539315243053148
1	91	-0.08127951329699726	0.44373154345398447	other	RETIGABINE	0.9539315243053148
1	90	-0.08121234072251696	0.44669506499117334	other	NU-7441	0.9543515181545957
1	91	-0.08116802968906564	0.4443589922158841	other	NALBUPHINE	0.9539315243053148
1	90	-0.081121793819218	0.4472036736639126	other	EFLOXATE	0.9543515181545957
1	91	-0.08108043542569081	0.444852336652463	other	PROXODOLOL	0.9539315243053148
1	96	-0.08105101806250395	0.432439182534791	other	PF-06305591	0.9539315243053148
1	96	-0.08096284540687111	0.4329417053110734	other	AT-1015	0.9539315243053148
1	91	-0.0808733944395321	0.44601964341024125	other	RUXOLITINIB-(S)	0.9543515181545957
1	84	-0.08084520447113229	0.4647461740109409	other	CPI-0610	0.9639109442375211
1	91	-0.08084154198012308	0.44619938114702873	other	NARATRIPTAN	0.9543515181545957
1	90	-0.08075137466935856	0.4492877126506919	other	LY2334737	0.9550013907484604
1	91	-0.08073005837219145	0.4468287823944575	other	ETANIDAZOLE	0.9543515181545957
1	96	-0.0806915449280008	0.4344900130029918	other	DELAFLOXACIN	0.9539315243053148
1	91	-0.08067431656822566	0.4471436691323545	other	THIOPROPERAZINE	0.9543515181545957
1	96	-0.08062371980828323	0.4348775810266862	other	ZM-39923	0.9539315243053148
1	91	-0.08048320181177147	0.4482242221531683	other	CFTRINH-172	0.9548094302707612
1	91	-0.08048320181177147	0.4482242221531683	other	CLINAFLOXACIN	0.9548094302707612
1	90	-0.080455039349471	0.45095883467750286	other	NVP-TAE684	0.9563501761905369
1	85	-0.0804483139408539	0.4642281078773401	other	HA14-1	0.9639109442375211
1	86	-0.08034417042831672	0.46211516685042886	other	TERCIPRAZINE	0.9639109442375211
1	86	-0.08012717701358549	0.4633292036399275	other	SOBETIROME	0.9639109442375211
1	91	-0.07990985754240887	0.45147461339165057	other	SACLOFEN	0.9563501761905369
1	96	-0.07990477353927693	0.4389978574465508	other	IMIRESTAT	0.9539315243053148
1	91	-0.07990189442755663	0.4515198498050812	other	RO-4987655	0.9563501761905369
1	96	-0.07989799102730516	0.43903683274106414	other	SANCYCLINE	0.9539315243053148
1	91	-0.07987800508299986	0.45165557416633095	other	AMITIFADINE	0.9563501761905369
1	96	-0.07987764349138989	0.4391537703583504	other	ERAVACYCLINE	0.9539315243053148
1	88	-0.07984995113154432	0.4595847973851715	other	SALVIANOLIC-ACID-B	0.9615331398717349
1	91	-0.07983818950873857	0.4518818318314264	other	FR-122047	0.9563501761905369
1	96	-0.07978947083575702	0.43966070337688984	other	LEONURINE	0.9539315243053148
1	86	-0.07965545219895234	0.4659744253030011	other	BW-A4C	0.9639109442375211
1	90	-0.07964834875644376	0.4555254740368676	other	RO-15-4513	0.9595580990762078
2	93	-0.0795862785358179	0.4668176040721771	other	GSK2110183	0.9641481178626253
1	96	-0.0795249528688585	0.4411834837243941	other	BAY-60-6583	0.9539315243053148
1	91	-0.07949577557009146	0.4538302461936395	other	PD-160170	0.9566349793865926
1	90	-0.07947548648650936	0.4565073567844605	other	DICOUMAROL	0.9595580990762078
1	85	-0.07938322633979074	0.47018285159755624	other	L-HYDROXYPROLINE	0.9658376868699323
1	96	-0.07932147750970577	0.4423568735438039	other	PCI-29732	0.9539315243053148
1	90	-0.0792367719232666	0.45786521029547544	other	SERTINDOLE	0.9607419093634879
1	90	-0.07918738270328535	0.4581464233501504	other	AMISULPRIDE	0.9610191490123884
1	90	-0.07911329887331346	0.45856842141953624	other	BROMOSPORINE	0.961278713648888
1	96	-0.07907052456675072	0.4438064706996244	other	NIFEDIPINE	0.9539315243053148
1	91	-0.07901798867895599	0.4565567312855615	other	CGP-13501	0.9595580990762078
1	90	-0.07894866814004259	0.459506961303627	other	ROXATIDINE-ACETATE	0.9615331398717349
1	90	-0.07888281584673425	0.4598826730654888	other	OTAMIXABAN	0.9617286215532337
1	85	-0.0788555682621998	0.47314817995089353	other	CEPHALOSPORIN-C-ZN	0.9675728574420095
1	89	-0.0787715251264929	0.4630919379277044	other	PEPSTATIN	0.9639109442375211
2	87	-0.07856455465776477	0.5544600062834265	other	MEVASTATIN	0.9731018416736845
1	90	-0.07854532284352897	0.4618108458573244	other	ENROFLOXACIN	0.9638164600784932
1	96	-0.07839227336957495	0.4477376271619424	other	CU-T12-9	0.9548094302707612
1	96	-0.07834479578577265	0.44801353536679106	other	GINSENOSIDE-RE	0.9548094302707612
1	90	-0.07823252445031434	0.4636018869548289	other	GSK650394	0.9639109442375211
1	91	-0.07820575096402567	0.4612124580701264	other	LITHOCHOLIC-ACID	0.9633750825405168
1	86	-0.07820253976988227	0.47417322077650687	other	DOFETILIDE	0.9675910120462682
1	91	-0.07815797227491213	0.4614871340406289	other	CLIMBAZOLE	0.9636365617187864
1	96	-0.07812775540267641	0.44927603963726503	other	CW-008	0.9550013907484604
1	90	-0.07792795759376323	0.46534944339176876	other	SCOPINE	0.9639109442375211
1	91	-0.07791111571449212	0.4629077232145777	other	ENZASTAURIN	0.9639109442375211
1	91	-0.07789518948478762	0.4629994563605651	other	RS-16566	0.9639109442375211
1	90	-0.07787033683711844	0.465680466508447	other	MOXIFLOXACIN	0.9639109442375211
1	91	-0.07762444357981085	0.4645604431896074	other	SKF-89976A	0.9639109442375211
2	87	-0.07758518900341466	0.2564772866464162	other	C646	0.9302655791340481
1	90	-0.07754930690724025	0.4675270899048573	other	TRIFLUOPERAZINE	0.9646861784656563
1	96	-0.07749698178930295	0.4529564409043354	other	DASOTRALINE	0.9563501761905369
1	88	-0.07734913660558945	0.4738070092447667	other	BAY-W-9798	0.9675910120462682
1	91	-0.07732184521542505	0.46630847649442875	other	CHLORZOXAZONE	0.9639109442375211
1	86	-0.07731569711837195	0.4792156785586066	other	TILUDRONATE	0.9679483628664431
1	84	-0.0772610839473025	0.48483674061909654	other	WR99210	0.9693695916818967
1	90	-0.07721181390403498	0.4694727051941549	other	VALPROIC-ACID	0.9658376868699323
1	90	-0.07711303546407247	0.47004298470684325	other	HYGROMYCIN-B	0.9658376868699323
1	96	-0.07695438083156234	0.4561357328116531	other	WALRYCIN-B	0.9595580990762078
1	91	-0.07694757881736891	0.46847547379018045	other	ENZALUTAMIDE	0.9658376868699323
1	90	-0.07685785782750262	0.47151794618632153	other	COMPOUND-401	0.9673471295725744
1	86	-0.07680623431856817	0.4821253557132699	JAK_inhibitor_core	NS-018	0.9685279909474034
1	90	-0.07676731092420365	0.4720419218902174	other	ZONISAMIDE	0.9675728574420095
1	88	-0.07675035002895239	0.4772472511386468	other	COROSOLIC-ACID	0.967709470033923
1	91	-0.07670072225694892	0.46990776371929044	other	NIFENAZONE	0.9658376868699323
1	96	-0.0766898628646638	0.45769010337173544	other	TUCIDINOSTAT	0.9607419093634879
1	86	-0.07661754439271491	0.4832054028278406	other	RWJ-67657	0.9688155603820405
1	90	-0.07655329097095154	0.4732816624808078	other	TRANDOLAPRIL	0.9675728574420095
1	90	-0.076545059434288	0.4733293799422705	other	PRENYLAMINE	0.9675728574420095
1	84	-0.07645111320745396	0.48944009961986534	other	AC-55541	0.9701471824171711
1	91	-0.07644590258167666	0.4713887479648292	other	DEPTROPINE	0.9673471295725744
1	85	-0.07633453522482093	0.48745429722820066	other	1-OCTANOL	0.9697530178074367
1	90	-0.07610055645445665	0.47590998160486686	other	BESIFLOXACIN	0.967709470033923
1	91	-0.0760955255281773	0.4734292262445079	other	ETAZOLATE	0.9675728574420095
1	84	-0.0760562524717778	0.49169258302231617	other	NS-8593	0.9706379863727089
1	90	-0.07584537881788682	0.477394856230077	other	MILACEMIDE	0.967709470033923
1	90	-0.07584537881788682	0.477394856230077	other	DIOSMETIN	0.967709470033923
1	89	-0.0758433422171009	0.479934266128862	other	TALTIRELIN	0.9680488864418781
1	91	-0.07584070585290505	0.4749162047434629	other	GDC-0152	0.9675910120462682
1	90	-0.0758042211345691	0.47763458524578734	other	TAK-632	0.9678819668325511
1	90	-0.07568074808461596	0.4783541604388319	JAK_inhibitor_core	TOFACITINIB	0.9679483628664431
1	90	-0.07559020118131698	0.4788822187319962	other	TALAROZOLE	0.9679483628664431
1	90	-0.07556550657132635	0.4790262889096207	other	TYRPHOSTIN-AG-99	0.9679483628664431
1	91	-0.07556199683307603	0.4765454689937244	other	ROXITHROMYCIN	0.967709470033923
1	91	-0.07554607060337151	0.4766386606267228	other	MR-16728	0.967709470033923
1	86	-0.07553257731905867	0.4894406305599196	other	SILVER-SULFADIAZINE	0.9701471824171711
1	91	-0.07549829191425796	0.4769182943896917	other	OXANDROLONE	0.967709470033923
1	91	-0.07545051322514441	0.47719801642635523	other	U-18666A	0.967709470033923
1	90	-0.07532679200808359	0.4804201656418815	other	PURMORPHAMINE	0.9680488864418781
1	96	-0.0752926653984817	0.4659487148974511	other	SELETALISIB	0.9639109442375211
1	96	-0.07521805776679237	0.46639198700474416	other	SULOPENEM	0.9639109442375211
1	96	-0.07521127525482063	0.46643229588651697	other	MPS1-IN-1	0.9639109442375211
1	91	-0.07520365666472441	0.4786446521055379	other	SRC-KINASE-INHIBITOR-I	0.9679483628664431
1	88	-0.07520054947765642	0.48621342914130267	other	ABT-639	0.9697530178074367
1	96	-0.07519092771890536	0.46655323394679893	other	BUTYLIDENEPHTHALIDE	0.9639109442375211
1	90	-0.07508807744484085	0.48181621187616025	other	FINAFLOXACIN	0.9685279909474034
1	84	-0.07505391368121522	0.49743486504535267	other	TTP-22	0.9710873257840971
1	90	-0.07498929900487833	0.4823945199340138	other	IOBENGUANE	0.9685279909474034
1	90	-0.0749646043948877	0.48253915486499677	other	DIMPYLATE	0.9685279909474034
1	88	-0.07491876755923897	0.4878532029425311	other	FAGOMINE	0.9697530178074367
1	84	-0.0748514209962531	0.49859916299632673	other	C-021	0.9710873257840971
1	86	-0.07478725211193832	0.4937484811141409	other	FENOPROFEN	0.9706548666729192
1	84	-0.07475017465377203	0.49918184482721817	other	NAV-26	0.9710873257840971
1	86	-0.0745891276897924	0.49489694942572166	other	EGLUMETAD	0.9706548666729192
1	90	-0.07454479602504699	0.48500148867723103	other	GSK256066	0.9693695916818967
1	91	-0.07431975091612378	0.4838437985406101	other	ANASTROZOLE	0.9689653537761528
1	91	-0.07428789845671475	0.484031715662304	other	LACTULOSE	0.9689653537761528
1	96	-0.07417355092314169	0.47262191830744804	other	LXH254	0.9675728574420095
1	91	-0.0741445623893741	0.4848778240203476	other	MOCLOBEMIDE	0.9693695916818967
1	90	-0.07414145072853338	0.4873735462277975	other	MACITENTAN	0.9697530178074367
2	90	-0.07407559843522504	0.5020906269118126	other	U-50488-(-)	0.9710873257840971
1	91	-0.07406493124085152	0.48534822433360697	other	2-METHYL-5-HYDROXYTRYPTAMINE	0.9693695916818967
1	91	-0.07401715255173798	0.4856305810569241	other	HARRINGTONINE	0.9694564030637759
1	90	-0.07396035692193544	0.4884405506385136	other	NIALAMIDE	0.9697530178074367
1	96	-0.0739497280280737	0.4739627443594689	other	EMERAMIDE	0.9675910120462682
1	90	-0.07390273616529063	0.4887803114309471	other	FENDILINE	0.9697530178074367
1	96	-0.07386155537244085	0.4744915128392707	other	TEN-010	0.9675910120462682
2	88	-0.07384625911355583	0.5243093814185815	other	METHYLDOPA	0.9731018416736845
2	90	-0.07383276810365051	0.08150707639620194	other	SODIUM-GLUCOHEPTONATE	0.8536329545532106
1	90	-0.07379572618866456	0.4894116277036576	other	WARFARIN	0.9701471824171711
1	91	-0.07377825910617024	0.4870436745462144	other	O6-BENZYLGUANINE	0.9697530178074367
1	91	-0.07373844353190895	0.4872794022090411	other	URAPIDIL	0.9697530178074367
1	86	-0.07371171953457475	0.49999982765046497	other	AZD1080	0.9710873257840971
1	96	-0.07362416745342933	0.4759167035605741	other	UK-356618	0.967709470033923
1	88	-0.07361552618655827	0.4954751346913398	other	DAPRODUSTAT	0.9706548666729192
1	91	-0.07358714434971604	0.48817571937713794	other	GW-9508	0.9697530178074367
1	96	-0.07352921228582472	0.47648742572943703	other	RIPRETINIB	0.967709470033923
1	90	-0.07346646472212283	0.4913568426714016	other	CORTISONE	0.9706379863727089
1	90	-0.07331829706217906	0.4922335187751073	other	TRICAPRYLIN	0.9706379863727089
1	90	-0.07331006552551551	0.49228224716758173	other	NEBRACETAM	0.9706379863727089
2	85	-0.07329004782093361	0.5149101437787841	other	PIROMIDIC-ACID	0.9731018416736845
1	86	-0.0732682982088196	0.5025890912358211	other	PCI-24781	0.9710873257840971
1	91	-0.07315713614769412	0.4907279122274834	other	ATAZANAVIR	0.9706379863727089
1	96	-0.07303408891188642	0.4794693023010476	other	GEMIGLIPTIN	0.9679483628664431
1	90	-0.07282440486236647	0.49516171735804965	other	FPL-64176	0.9706548666729192
1	90	-0.07279971025237585	0.49530836696965186	other	20-HYDROXYECDYSONE	0.9706548666729192
1	90	-0.07275855256905812	0.49555283364396707	other	TALNETANT	0.9706548666729192
1	90	-0.07275032103239458	0.49560173457565204	other	EUGENOL	0.9706548666729192
1	84	-0.0727454970726469	0.5107916683874442	other	NG-NITRO-ARGININE	0.9715915239990732
1	90	-0.07274208949573104	0.4956506380392416	other	SULFAMETER	0.9706548666729192
1	91	-0.07272712794567218	0.4932871373202271	other	HYCANTHONE	0.9706548666729192
1	96	-0.0727153108492138	0.48139442935000615	other	EPIGALLOCATECHIN-(-)	0.9685279909474034
1	96	-0.07261357316963744	0.482009701785469	other	THYMALFASIN	0.9685279909474034
1	86	-0.0726078834683332	0.506458307598804	other	SULMAZOLE	0.9715915239990732
1	91	-0.07248823450010444	0.4947119593650718	other	CNX-774	0.9706548666729192
1	90	-0.07244575417584348	0.4974128476373459	other	METHYLNALTREXONE	0.9710873257840971
1	91	-0.0724404558109909	0.4949971830486508	other	MF-101	0.9706548666729192
1	90	-0.07240459649252577	0.49765785805604457	other	GSK-3-INHIBITOR-IX	0.9710873257840971
1	88	-0.07231228481387758	0.5031590753873153	other	EPICATECHIN-GALLATE-(-)	0.9710873257840971
1	88	-0.07228586775902594	0.5033154678817702	other	ZOLIMIDINE	0.9710873257840971
1	91	-0.0720024844941167	0.4976157532340661	other	THIOTHIXENE	0.9710873257840971
1	90	-0.07196009351269443	0.5003079890729814	other	2-DEOXYGLUCOSE	0.9710873257840971
1	90	-0.07194363043936736	0.500406283155676	other	TGX-221	0.9710873257840971
1	85	-0.07185921301117934	0.5134046525293662	other	LINALOOL	0.9731018416736845
1	91	-0.07176359104854897	0.4990471138277559	other	BENZOTRIPT	0.9710873257840971
1	91	-0.07174766481884445	0.49914261426917694	other	ADRENOSTERONE	0.9710873257840971
1	90	-0.07172137894945169	0.5017342378344725	other	AT-7519	0.9710873257840971
1	90	-0.07169668433946105	0.5018819014443925	other	INIMUR	0.9710873257840971
1	90	-0.07163083204615271	0.5022757815569677	other	BTZ043-RACEMATE	0.9710873257840971
1	91	-0.07162025498120832	0.49990696126740575	other	TRIDIHEXETHYL	0.9710873257840971
1	90	-0.07154028514285374	0.5028176289910743	other	E-4031	0.9710873257840971
1	91	-0.0714928451435722	0.5006719184419045	other	TRICHLORMETHIAZIDE	0.9710873257840971
1	90	-0.0714579697762183	0.5033104809356158	other	HALCINONIDE	0.9710873257840971
1	90	-0.07144150670289122	0.5034090814086463	other	ETHOXZOLAMIDE	0.9710873257840971
1	86	-0.07140026794287235	0.5135730196990376	other	CISAPRIDE	0.9731018416736845
1	84	-0.07136854681490439	0.5188455749657834	other	AZ505	0.9731018416736845
1	90	-0.0712851075062839	0.5043462857121024	other	PHT-427	0.9713224253660628
1	96	-0.0711621156076813	0.4908332353228837	other	TALAPORFIN	0.9706379863727089
1	91	-0.07112654186036833	0.5028745636525497	other	TALIPEXOLE	0.9710873257840971
1	86	-0.07112633202745312	0.5151940021343633	other	MESTRANOL	0.9731018416736845
1	88	-0.07094740364654306	0.511272249583296	other	ACALABRUTINIB	0.9716508399752645
1	91	-0.07092746398906187	0.5040737614843523	other	10-DEBC	0.9712324679728399
1	90	-0.07089822528309737	0.5066685131336811	other	LIMAPROST-ALFADEX	0.9715915239990732
1	96	-0.07089759764078275	0.49245041189487276	other	RELUGOLIX	0.9706379863727089
1	88	-0.07088576385188924	0.5116402283834964	other	DECOQUINATE	0.9720108789154194
1	90	-0.07088176220977027	0.5067674537146438	other	BICUCULLINE-(+)	0.9715915239990732
1	91	-0.07080005415142575	0.5048420257448563	other	ETHENZAMIDE	0.9715915239990732
1	90	-0.07075005762315359	0.5075593375277934	other	ICI-199441	0.9715915239990732
1	91	-0.07067264431378961	0.505610896211195	other	BAMBUTEROL	0.9715915239990732
1	91	-0.07066468119893737	0.5056589707290172	other	ZLN005	0.9715915239990732
1	90	-0.07062658457320044	0.508302308077401	other	L-152804	0.9715915239990732
1	90	-0.07054426920656501	0.5087979330363074	other	CAREBASTINE	0.9715915239990732
1	96	-0.07047029938656202	0.4950687005245261	other	CHLORPHENOXAMINE	0.9706548666729192
1	96	-0.0704567343626185	0.49515194047502314	other	REVEFENACIN	0.9706548666729192
1	90	-0.07032201771664935	0.5101373627599973	other	CC-930	0.9715915239990732
1	90	-0.07029732310665872	0.510286300105618	other	DIMETHINDENE-(S)-(+)	0.9715915239990732
1	91	-0.07017096807809736	0.5086442043673894	other	EFLORNITHINE	0.9715915239990732
1	88	-0.07010205789129072	0.516330628873872	other	MITOFLAXONE	0.9731018416736845
1	88	-0.06996997261703254	0.5171232967765304	other	PAROMOMYCIN	0.9731018416736845
1	84	-0.06996122265441754	0.5271431579138769	other	PALMITOLEIC-ACID	0.9731018416736845
1	84	-0.06992072411742511	0.5273829172546121	other	SPIZOFURONE	0.9731018416736845
1	96	-0.06989378586896262	0.49861287618583033	other	ML213	0.9710873257840971
1	84	-0.06988022558043269	0.5276227311822733	other	PF-4800567	0.9731018416736845
1	88	-0.06985549871267545	0.5178107760609834	other	MOLIDUSTAT	0.9731018416736845
1	86	-0.06985301055087566	0.5227628287894001	other	ETHINYL-ESTRADIOL	0.9731018416736845
1	90	-0.06981989398017321	0.5131701424474217	other	HYDROXYPROGESTERONE	0.9731018416736845
1	96	-0.069798830701358	0.4991978931586593	other	FK-409	0.9710873257840971
1	90	-0.06971288400354714	0.5138176634479532	other	NSC-319726	0.9731018416736845
1	91	-0.06958966069388255	0.5121706818628009	other	SPP301	0.9720565605235333
1	91	-0.06957373446417803	0.5122674737974624	other	SMI-4A	0.9720565605235333
1	90	-0.06957294788026692	0.5146650517054204	other	TRANS-10,CIS-12-CONJUGATED-LINOLEIC-ACID	0.9731018416736845
1	96	-0.06956822529431825	0.5006201409550174	other	PF-750	0.9710873257840971
1	90	-0.06927661256037937	0.5164618743725254	other	FLUTRIMAZOLE	0.9731018416736845
1	96	-0.06918162211192806	0.5030092314402632	other	BFH772	0.9710873257840971
1	96	-0.06910701448023873	0.5034709653692914	other	BROMINDIONE	0.9710873257840971
1	85	-0.06908412238088632	0.5298435462422547	other	CRENOLANIB	0.9731018416736845
1	91	-0.06904020576907674	0.5155154141978809	other	CTEP	0.9731018416736845
1	88	-0.06898373590257148	0.5230613905189019	other	PRIRALFINAMIDE	0.9731018416736845
1	91	-0.0689526115057019	0.5160496605020529	other	MARIMASTAT	0.9731018416736845
1	90	-0.06881564650722095	0.5192632703123817	other	FK-3311	0.9731018416736845
1	96	-0.0687271938098203	0.5058250207968893	other	TP-003	0.9715915239990732
1	83	-0.06872159777043774	0.5370243064445068	other	L-CYSTINE	0.9731018416736845
1	88	-0.06866673124435184	0.5249773400206037	other	DARUSENTAN	0.9731018416736845
1	91	-0.06860223445220255	0.5181894650298896	other	AFLOQUALONE	0.9731018416736845
1	90	-0.06860162655396881	0.520566534071426	other	MECLOFENAMIC-ACID	0.9731018416736845
1	90	-0.06840406967404379	0.5217710152554709	other	CHLORMADINONE-ACETATE	0.9731018416736845
1	86	-0.06839066362551291	0.5315239037290158	other	TACRINE	0.9731018416736845
1	86	-0.0683434911440496	0.5318077310465489	other	AZD8186	0.9731018416736845
1	84	-0.06834128117472046	0.5367759149010881	other	SNAP	0.9731018416736845
1	91	-0.06832352543237352	0.5198947968339511	other	MDL-73005EF	0.9731018416736845
1	88	-0.06829689247642895	0.5272170665635697	other	GSK163090	0.9731018416736845
1	90	-0.06827236508742711	0.5225747846539681	other	ESTROPIPATE	0.9731018416736845
1	85	-0.06825354948097467	0.5348141941245793	other	UNC669	0.9731018416736845
1	96	-0.06825241797179726	0.5087755854614743	other	NEURODAZINE	0.9715915239990732
1	84	-0.06818941166099886	0.5376834200233269	other	EG00229	0.9731018416736845
1	90	-0.06812419742748332	0.5234797719059135	other	ASCORBIC-ACID	0.9731018416736845
1	96	-0.06807607266053158	0.5098737656010899	other	SONEPIPRAZOLE	0.9715915239990732
1	96	-0.06801503005278575	0.5102541890345914	other	ETC-206	0.9715915239990732
1	90	-0.06799249284086663	0.5242848679224869	other	NARASIN	0.9731018416736845
1	86	-0.06790006981829445	0.5344793886987363	other	EPROBEMIDE	0.9731018416736845
1	90	-0.06789371440090411	0.5248890989133846	other	SALAZODINE	0.9731018416736845
2	87	-0.06786237863645653	0.5432531653606261	other	TROXERUTIN	0.9731018416736845
1	88	-0.06783899685900059	0.5299966814851248	other	PF-3274167	0.9731018416736845
1	90	-0.06772908366763325	0.5258969286499999	other	XIPAMIDE	0.9731018416736845
1	85	-0.06769657706573981	0.5381603373195248	other	2-ETHYL-1,3-HEXANEDIOL	0.9731018416736845
1	91	-0.06759888198081804	0.524341937059358	other	BIRINAPANT	0.9731018416736845
2	96	-0.06736051764751114	0.5146248164906102	other	A-804598	0.9731018416736845
1	91	-0.0672644311570232	0.5264009061960477	other	PENTYLENETETRAZOL	0.9731018416736845
1	91	-0.06716887377879611	0.5269899279012901	other	ETHYL-PARABEN	0.9731018416736845
1	91	-0.06712109508968257	0.5272845627086222	other	ABACAVIR	0.9731018416736845
1	88	-0.06711693069305588	0.534394732348187	other	TOCERANIB	0.9731018416736845
1	90	-0.06703763458789562	0.5301404038051627	other	NALOXONE-BENZOYLHYDRAZONE	0.9731018416736845
1	86	-0.06703209615936946	0.539728195642866	other	AZD8835	0.9731018416736845
1	91	-0.06702553771145546	0.5278740800519449	other	TG-02	0.9731018416736845
1	90	-0.06698001383125082	0.5304947967930285	other	CROMAKALIM	0.9731018416736845
1	86	-0.06693775119644284	0.5403002412067125	other	CYTOCHALASIN-B	0.9731018416736845
1	86	-0.0666924542928336	0.5417889519769686	other	QUINETHAZONE	0.9731018416736845
1	91	-0.06654775082031998	0.5308266119008165	other	MECLOFENOXATE	0.9731018416736845
1	91	-0.06654775082031998	0.5308266119008165	other	CRESOL	0.9731018416736845
1	96	-0.06652287741899907	0.5195986494560333	other	ABBV-744	0.9731018416736845
1	90	-0.06650258470476532	0.5334357361123685	other	SB-216641	0.9731018416736845
1	88	-0.06632441904750681	0.539242601567384	other	ESTRADIOL-ACETATE	0.9731018416736845
1	96	-0.06631261954787458	0.5209223170676447	other	AZD8797	0.9731018416736845
1	91	-0.06630885737475224	0.5323059607764558	other	LOBENDAZOLE	0.9731018416736845
1	96	-0.06630583703590283	0.5209650444526044	other	VANIPREVIR	0.9731018416736845
1	96	-0.06627192447604403	0.5211787080100699	other	OCTODRINE	0.9731018416736845
1	90	-0.06623094399486838	0.535112636641159	other	ACITAZANOLAST	0.9731018416736845
1	96	-0.0661973168443547	0.5216489240268337	other	GSK656	0.9731018416736845
1	91	-0.06618941065196837	0.5330464039446932	other	OLMESARTAN-MEDOXOMIL	0.9731018416736845
1	96	-0.06618375182041118	0.5217344409130852	other	GDC-0575	0.9731018416736845
1	90	-0.0661568601648965	0.5355704260612288	other	NCS-382	0.9731018416736845
1	90	-0.0661568601648965	0.5355704260612288	other	KBG	0.9731018416736845
1	85	-0.06611360283296702	0.5477263861122442	other	AZD3463	0.9731018416736845
1	90	-0.06604161865160689	0.5362829281875638	other	DILAZEP	0.9731018416736845
1	91	-0.06595848032125289	0.5344793778970113	other	SB-269970	0.9731018416736845
1	90	-0.06590168252832666	0.5371487391989261	other	CARNITINE-(D/L)	0.9731018416736845
1	90	-0.06584406177168185	0.5375054502043707	other	FEBUXOSTAT	0.9731018416736845
1	96	-0.06570219347041639	0.5247748803118568	other	BELOTECAN	0.9731018416736845
1	88	-0.06563757562136428	0.5434615232254048	other	MAVOGLURANT	0.9731018416736845
1	86	-0.06563579070805536	0.548224747604164	other	PROCYCLIDINE	0.9731018416736845
1	88	-0.06546146192235339	0.5445458919180791	other	LY223982	0.9731018416736845
1	86	-0.06545653527849477	0.5493202023673285	other	LORAZEPAM	0.9731018416736845
1	91	-0.06544884097070838	0.5376485506676826	other	1-AZAKENPAULLONE	0.9731018416736845
1	85	-0.06533188716246194	0.552480610631107	other	SUBSTANCE-P	0.9731018416736845
1	91	-0.06532939424792453	0.5383926652203423	other	C-1	0.9731018416736845
1	91	-0.06531346801822001	0.5384919188523571	other	MITIGLINIDE	0.9731018416736845
1	90	-0.06529254881522446	0.540925589626672	other	BUTYL-PARABEN	0.9731018416736845
1	91	-0.06523383686969741	0.5389883223003885	other	FPL-62064	0.9731018416736845
1	91	-0.0651780950657316	0.5393359388086073	other	ANIRACETAM	0.9731018416736845
1	90	-0.06516907576527133	0.5416927540701272	other	L-670596	0.9731018416736845
1	86	-0.0651168934119589	0.5513987035719166	other	REPAGLINIDE	0.9731018416736845
1	91	-0.06509846391720903	0.5398327252499762	other	BROMOPRIDE	0.9731018416736845
1	96	-0.06509176739295819	0.5286417467535052	other	MSDC-0602K	0.9731018416736845
1	86	-0.06505085193791026	0.55180329698884	other	A-317491	0.9731018416736845
1	91	-0.0650108696538342	0.5403794502652902	other	ABT-737	0.9731018416736845
1	85	-0.06496057221897203	0.5547458104021161	other	MEPARFYLON	0.9731018416736845
1	85	-0.06493125788132809	0.5549248316601287	other	TANESPIMYCIN	0.9731018416736845
1	86	-0.06489989999722766	0.5527286193667192	other	FORSKOLIN	0.9731018416736845
1	85	-0.06489217209780285	0.5551635697892536	other	FLUROTHYL	0.9731018416736845
1	91	-0.0648754967013458	0.541224924007854	other	TUAMINOHEPTANE	0.9731018416736845
1	91	-0.06479586555282323	0.5417225647151606	other	PROPAFENONE	0.9731018416736845
1	75	-0.06476621289720548	0.5809132194706063	other	METHOXYFLURANE	0.9731018416736845
1	91	-0.06462067702607355	0.542818163851072	other	OLAPARIB	0.9731018416736845
1	91	-0.0644056729250626	0.5441642443093045	other	FIDARESTAT	0.9731018416736845
1	96	-0.0641964758126862	0.5343388527513111	other	J147	0.9731018416736845
1	78	-0.06413920433503051	0.5769184969354142	other	BAN-ORL-24	0.9731018416736845
1	84	-0.06411930869325996	0.5622825546603266	other	REVERSAN	0.9731018416736845
1	96	-0.06402691301339225	0.5354212742348147	other	DSPC	0.9731018416736845
1	91	-0.06399159095274516	0.5467612834423025	other	PHLOROGLUCIN	0.9731018416736845
1	96	-0.06389804528592885	0.5362446410584585	other	ABT-072	0.9731018416736845
1	91	-0.06388010734481356	0.54746151565675	other	TRIACETIN	0.9731018416736845
1	91	-0.06380843931114323	0.5479118950774051	other	TRAZODONE	0.9731018416736845
1	90	-0.06374501992247834	0.550579098499923	other	AZAPERONE	0.9731018416736845
1	91	-0.06357750898042776	0.5493643411169143	other	BMS-299897	0.9731018416736845
1	91	-0.06356158275072324	0.5494645785679557	other	LOMERIZINE	0.9731018416736845
1	96	-0.06355213717536921	0.5384578267676339	other	PRIDOPIDINE	0.9731018416736845
1	90	-0.06342398999260015	0.552592074288263	other	CAMPTOTHECIN	0.9731018416736845
1	96	-0.06341648693593406	0.5393269716336749	other	ROSAMICIN	0.9731018416736845
1	91	-0.06321916881207613	0.5516218253579998	other	LEVALLORPHAN	0.9731018416736845
1	90	-0.06321820157601159	0.5538843071985903	other	FAMPROFAZONE	0.9731018416736845
1	91	-0.0631156483189968	0.5522748206882784	other	CROMOGLICIC-ACID	0.9731018416736845
1	96	-0.0630570138014309	0.5416335444640759	other	CENOBAMATE	0.9731018416736845
1	96	-0.06300275370565683	0.541982126765578	other	FARAMPATOR	0.9731018416736845
1	90	-0.06287247703614277	0.5560585265213319	other	PRAZOSIN	0.9731018416736845
1	90	-0.0628395508894886	0.5562658082783208	other	KU-55933	0.9731018416736845
1	90	-0.0627983932061709	0.5565249625509059	other	CEFIXIME	0.9731018416736845
1	96	-0.06276536578664532	0.5435084678908731	other	RAUWOLSCINE	0.9731018416736845
1	90	-0.06273254091286252	0.5569397296816458	other	LEVOBUNOLOL-(+/-)	0.9731018416736845
1	91	-0.06267767700212261	0.5550416132391922	other	MIANSERIN	0.9731018416736845
1	91	-0.06258211962389551	0.5556461607798375	other	REMACEMIDE	0.9731018416736845
1	90	-0.06252675249627396	0.5582368301660693	other	CLORSULON	0.9731018416736845
1	88	-0.062441111984316344	0.5633054688059301	other	CAROVERINE	0.9731018416736845
1	88	-0.06240588924451418	0.5635260324854037	other	MEDICA-16	0.9731018416736845
1	85	-0.06240045339806789	0.5704839298671739	other	PERFLUAMINE	0.9731018416736845
1	91	-0.06239100486744131	0.5568562030918569	other	POTASSIUM-P-AMINOBENZOATE	0.9731018416736845
1	91	-0.062303410604066474	0.5574112273444469	other	AMG-232	0.9731018416736845
1	91	-0.06229544748921423	0.5574616972197297	other	FENCLONINE-(+/-)	0.9731018416736845
1	96	-0.062175287245102406	0.5473116111523953	other	ROGARATINIB	0.9731018416736845
2	88	-0.06208244869878378	0.571750747135165	other	LY2608204	0.9731018416736845
1	90	-0.06185999802652697	0.5624493227150593	other	FAROPENEM	0.9731018416736845
1	88	-0.06177187992807492	0.5675031553386305	other	APRATASTAT	0.9731018416736845
1	96	-0.06174798899088167	0.5500736742406178	other	FUMAGILLIN	0.9731018416736845
1	91	-0.06173006633470391	0.5610506363815324	other	RIMEGEPANT	0.9731018416736845
1	91	-0.06173006633470391	0.5610506363815324	other	BRD:BRD-K55781385-001-01-7.1	0.9731018416736845
1	86	-0.06166386776884431	0.572742907248334	other	MEK162	0.9731018416736845
1	86	-0.06166386776884431	0.572742907248334	other	BRD:BRD-K82244583-001-01-3.1	0.9731018416736845
1	91	-0.06164247207132907	0.5616076510891279	other	ALPELISIB	0.9731018416736845
1	96	-0.06161912126341828	0.5509080013642526	other	GKA-50	0.9731018416736845
1	91	-0.061594693382215515	0.5619115880436911	other	NPPB	0.9731018416736845
1	91	-0.061562840922806485	0.5621142560850618	other	DANTRON	0.9731018416736845
1	96	-0.0615038185598984	0.5516550234164339	other	R112	0.9731018416736845
1	96	-0.0615038185598984	0.5516550234164339	other	DEAZAGUANINE	0.9731018416736845
1	91	-0.06148320977428391	0.5626210780173813	other	GLYCOPYRROLATE	0.9731018416736845
1	91	-0.061427467970318096	0.5629759823454097	other	GAMMA-LINOLENIC-ACID	0.9731018416736845
1	91	-0.061363763051500035	0.5633817172558226	other	BRD:BRD-K59527975-236-01-8.1	0.9731018416736845
1	91	-0.061363763051500035	0.5633817172558226	other	S-SULFO-L-CYSTEINE-SODIUM-SALT	0.9731018416736845
1	86	-0.0613619638874791	0.574627218709881	other	METHYLERGOMETRINE	0.9731018416736845
1	86	-0.061333660398601116	0.5748040204845414	other	CKD-712	0.9731018416736845
1	90	-0.06130848507006957	0.5659450899215717	other	ESTRADIOL-BENZOATE	0.9731018416736845
1	88	-0.061296372940745476	0.5704946359294073	other	IDAZOXAN	0.9731018416736845
1	91	-0.061292095017829715	0.5638383346176457	other	QUININE	0.9731018416736845
1	96	-0.06125964812891512	0.5532385672039015	other	LDN-27219	0.9731018416736845
1	96	-0.061252865616943375	0.5532825858033201	other	WP921	0.9731018416736845
2	88	-0.061244540135029266	0.6068857189752762	other	FTORAFUR	0.9731018416736845
1	91	-0.06121246386930713	0.5643458927104223	other	NISOXETINE	0.9731018416736845
1	91	-0.06109301714652327	0.5651076349734067	other	PD-318088	0.9731018416736845
1	91	-0.06107709091681875	0.5652092373104101	other	TRIMETAZIDINE	0.9731018416736845
1	84	-0.06107179378457983	0.5810437099605721	other	BTB1	0.9731018416736845
1	90	-0.061045075896836186	0.5676183196580212	other	ANANDAMIDE	0.9731018416736845
1	96	-0.06100869518596008	0.5548683791707899	other	HTHQ	0.9731018416736845
1	96	-0.06085947992258142	0.5558385501030673	other	SIS3	0.9731018416736845
1	91	-0.060854123700955526	0.5666325755735527	other	CEFACLOR	0.9731018416736845
1	88	-0.060820865953416035	0.5734934773215256	other	RELEBACTAM	0.9731018416736845
2	85	-0.06071099604278054	0.5825804197158377	other	SIMVASTATIN	0.9731018416736845
1	90	-0.06068288828364028	0.5699228039886669	IFN_inducer_or_IFNR_agonist	BROPIRIMINE	0.9731018416736845
1	91	-0.0606709720593536	0.5678030088253292	other	TOPIROXOSTAT	0.9731018416736845
1	96	-0.0606085269796264	0.5574720360144646	other	ETHOXYQUIN	0.9731018416736845
1	88	-0.06058311245975131	0.5749956459490111	other	HALOPERIDOL-DECANOATE	0.9731018416736845
1	90	-0.06055941523368713	0.5707094247677972	other	FLAVOXATE	0.9731018416736845
1	90	-0.06055941523368713	0.5707094247677972	other	ICI-118,551	0.9731018416736845
1	91	-0.06043207861378585	0.5693313681147347	other	ONDANSETRON	0.9731018416736845
1	96	-0.06025583635709499	0.5597716250310143	other	ETIFENIN	0.9731018416736845
1	91	-0.06024892697218391	0.5705044161135198	other	S-ISOPROPYLISOTHIOUREA	0.9731018416736845
1	90	-0.06018076454716415	0.5731248922704762	other	EFAPROXIRAL	0.9731018416736845
1	90	-0.060073754570538096	0.5738083871750754	other	ZOFENOPRIL-CALCIUM	0.9731018416736845
1	90	-0.06001613381389329	0.5741765800476942	other	DEFACTINIB	0.9731018416736845
1	90	-0.059917355373930774	0.5748080235067219	other	SNC-80	0.9731018416736845
1	91	-0.05990651303353682	0.5727005372672	other	PACRITINIB	0.9731018416736845
2	88	-0.05978724068659401	0.5643205912161297	other	RUTIN	0.9731018416736845
1	91	-0.05978706631075296	0.5734675530365614	other	ANPIRTOLINE	0.9731018416736845
1	86	-0.05978612097864045	0.5845091775817975	other	KETOPROFEN	0.9731018416736845
1	91	-0.0597791031959007	0.5735187044384841	other	CINCHOCAINE	0.9731018416736845
1	96	-0.05976749549512844	0.5629631244179173	other	UNDECYLENIC-ACID	0.9731018416736845
1	96	-0.05976749549512844	0.5629631244179173	other	PINDOLOL-(-)	0.9731018416736845
1	96	-0.059692887863439105	0.5634514741649063	other	AMENAMEVIR	0.9731018416736845
1	90	-0.05967040927402448	0.5763880428996382	other	TOLTERODINE	0.9731018416736845
1	96	-0.059618280231749775	0.5639400247583514	other	LY3214996	0.9731018416736845
1	96	-0.059584367671890986	0.5641621595593682	other	LY288513	0.9731018416736845
1	90	-0.05957163083406196	0.5770206139789296	other	AMINOPURVALANOL-A	0.9731018416736845
1	86	-0.059559975095580496	0.5859336613492332	other	CLINDAMYCIN	0.9731018416736845
1	96	-0.05954367260006044	0.564428776027878	other	GSK2256098	0.9731018416736845
1	91	-0.0595322466354807	0.5751054514399013	other	MEPRYLCAINE	0.9731018416736845
1	91	-0.05948446794636715	0.5754127992576807	other	ISAMOLTANE	0.9731018416736845
1	91	-0.0594765048315149	0.5754640313107285	other	2-HYDROXYFLUTAMIDE	0.9731018416736845
1	90	-0.05929999012416504	0.578761840227327	other	PROPOFOL	0.9731018416736845
1	90	-0.05929999012416504	0.578761840227327	other	IMREG-1	0.9731018416736845
1	90	-0.05926706397751086	0.5789730627131364	other	CUDC-101	0.9731018416736845
1	90	-0.05926706397751086	0.5789730627131364	other	PROTIONAMIDE	0.9731018416736845
1	88	-0.05908614601815862	0.5844954675925068	other	PRALIDOXIME-CHLORIDE	0.9731018416736845
1	86	-0.05902220880689871	0.5893273664584416	other	RISPERIDONE	0.9731018416736845
1	91	-0.05895093925126587	0.5788500213997422	other	PREDNISOLONE-HEMISUCCINATE	0.9731018416736845
1	88	-0.058927643689048806	0.5855055157205779	other	PRULIFLOXACIN	0.9731018416736845
1	96	-0.0587975962831671	0.569327288231762	other	SR-3677	0.9731018416736845
1	86	-0.0587203049255335	0.5912364980596203	JAK_inhibitor_core	DECERNOTINIB	0.9731018416736845
1	86	-0.05870143593294818	0.5913559114264261	other	ORTERONEL	0.9731018416736845
1	91	-0.05863241465717555	0.5809066037214843	other	CARTEOLOL	0.9731018416736845
1	91	-0.05842537367101684	0.5822451825827621	other	AMINOHYDROXYBUTYRIC-ACID	0.9731018416736845
1	96	-0.05838386305288988	0.5720523151921154	other	C188-9	0.9731018416736845
1	84	-0.05835839180608722	0.5979860258548945	other	DICYCLOHEXYLAMINE	0.9731018416736845
1	91	-0.05835370563734652	0.5827088664948258	other	HALOPROGIN	0.9731018416736845
1	90	-0.058353363407857566	0.5848486284993674	other	PD-173074	0.9731018416736845
1	96	-0.05830925542120054	0.572544361766411	other	ADELMIDROL	0.9731018416736845
1	90	-0.05824635343123151	0.5855385361487484	other	HEMATOXYLIN	0.9731018416736845
1	90	-0.05817226960125962	0.5860163819827253	other	PAZOPANIB	0.9731018416736845
1	91	-0.058074996617517485	0.5845136898950439	other	TRIHEXYPHENIDYL	0.9731018416736845
1	84	-0.058074902047140234	0.5997687501877744	other	CP-775146	0.9731018416736845
1	96	-0.05803795494233024	0.574335286816728	other	AZ-7371	0.9731018416736845
1	91	-0.057899808090767814	0.5856494570406781	other	CB-03-01	0.9731018416736845
1	91	-0.057844066286802005	0.5860110485900873	other	DISOPYRAMIDE	0.9731018416736845
1	91	-0.057836103171949746	0.5860627128365279	other	BRD:BRD-K05674516-001-02-5.1	0.9731018416736845
1	96	-0.05775987195148817	0.5761736884274062	other	OZENOXACIN	0.9731018416736845
1	90	-0.05773599815809183	0.5888339628606987	other	ROFECOXIB	0.9731018416736845
2	93	-0.057713616558665456	0.5453478235166822	other	IMATINIB	0.9731018416736845
1	96	-0.057705611855714115	0.5765327192701972	other	AZD5582	0.9731018416736845
1	96	-0.057617439200081264	0.577116365710764	other	TULRAMPATOR	0.9731018416736845
1	91	-0.05751757857785943	0.5881309837255312	other	RIBAVIRIN	0.9731018416736845
1	96	-0.05748857147261787	0.5779698797960984	other	VBY-825	0.9731018416736845
1	84	-0.05747754862650194	0.6035329123193763	other	TCS-2314	0.9731018416736845
1	90	-0.05746435744819491	0.5905914047148959	other	GSK2636771	0.9731018416736845
1	90	-0.057332652861578216	0.5914443508632808	other	DOXAPRAM	0.9731018416736845
1	96	-0.05728509611346514	0.5793187220037793	other	EDONERPIC-MALEATE	0.9731018416736845
2	88	-0.057273034099009204	0.4670637511797437	other	SPIRONOLACTONE	0.9641980192932395
1	88	-0.05722814649359357	0.5963851570186519	other	RIODIPINE	0.9731018416736845
1	91	-0.05717516463921234	0.5903580664894641	other	PROPYLTHIOURACIL	0.9731018416736845
1	88	-0.05716650669893975	0.5967814498318788	other	OCINAPLON	0.9731018416736845
1	91	-0.057103496605542016	0.5908246826836597	other	TOLVAPTAN	0.9731018416736845
1	91	-0.05704775480157621	0.5911877216547194	other	NIFLUMIC-ACID	0.9731018416736845
1	91	-0.05702386545701943	0.5913433406398939	other	TIAPRIDE	0.9731018416736845
1	96	-0.057020578146566595	0.5810743870548007	other	ISX-9	0.9731018416736845
1	96	-0.05699344809867956	0.5812545936943212	other	BETA-HYDROXYBUTYRATE	0.9731018416736845
1	90	-0.056945770638391686	0.5939530915850001	other	AMBRISENTAN	0.9731018416736845
1	90	-0.05693753910172815	0.5940065209907609	other	PHENOTHRIN	0.9731018416736845
1	90	-0.0569293075650646	0.5940599525571372	other	METHIOPRIL	0.9731018416736845
1	90	-0.056822297588438535	0.5947547594326513	other	SALICIN	0.9731018416736845
1	90	-0.05677290836845728	0.5950755625329858	other	AR-12	0.9731018416736845
1	88	-0.05674383382131358	0.59950205212784	other	GKT137831	0.9731018416736845
1	86	-0.056663584733733	0.6043160813821224	other	MN-64	0.9731018416736845
1	96	-0.056525454772628284	0.5843671993869327	other	AVN-492	0.9731018416736845
1	84	-0.05650558373868369	0.6096798167667299	other	KHS-101	0.9731018416736845
1	96	-0.05641693458108016	0.5850900514062339	other	CENICRIVIROC	0.9731018416736845
1	91	-0.05639477938369106	0.5954479498248775	other	BRD:BRD-K01029106-001-01-4.1	0.9731018416736845
1	85	-0.056303071168128285	0.6087845966400126	other	DICHLORVOS	0.9731018416736845
1	96	-0.05624058926981446	0.5862655570876537	other	STRONTIUM-RANELATE	0.9731018416736845
1	91	-0.05623551708664589	0.596489114663971	other	BIIB021	0.9731018416736845
1	90	-0.05617200619201863	0.5989848692389184	other	BLEBBISTATIN-(+/-)	0.9731018416736845
1	96	-0.05615241661418161	0.5868537137544055	other	PROPYLPARABEN	0.9731018416736845
2	90	-0.05606127855688274	0.6068486319486545	other	LOXOPROFEN	0.9731018416736845
1	86	-0.05602203898583193	0.6084218914231787	other	BRD:BRD-K12502280-001-08-0.1	0.9731018416736845
1	86	-0.05602203898583193	0.6084218914231787	JAK_inhibitor_core	TG-101348	0.9731018416736845
1	88	-0.0559689335456656	0.6045040972203305	other	BMS-833923	0.9731018416736845
1	96	-0.055874333623339545	0.5887104287934944	other	S15535	0.9731018416736845
1	91	-0.05586921380344203	0.5988868807424934	other	RASAGILINE	0.9731018416736845
1	91	-0.05586125068858977	0.5989390537699926	other	1-EBIO	0.9731018416736845
1	96	-0.055847203575452524	0.5888917145249037	other	TRETINOIN	0.9731018416736845
1	96	-0.055847203575452524	0.5888917145249037	other	SODIUM-NITROPRUSSIDE	0.9731018416736845
1	91	-0.05582143511432848	0.5991999492852205	other	SORBINIL	0.9731018416736845
1	91	-0.05582143511432848	0.5991999492852205	other	SUVOREXANT	0.9731018416736845
1	91	-0.05578161954006719	0.5994608954105669	other	GLIMEPIRIDE	0.9731018416736845
1	90	-0.05569457706553312	0.6020990254842167	other	PAROXYPROPIONE	0.9731018416736845
1	91	-0.05561439412816978	0.600557421200742	other	PD-98059	0.9731018416736845
2	93	-0.05550717414612772	0.5962846167507658	other	PICOLINIC-ACID	0.9731018416736845
1	88	-0.055493426558336154	0.6075826129564068	other	FRUQUINTINIB	0.9731018416736845
1	85	-0.055492041159979265	0.6139626191492764	other	AMYGDALIN	0.9731018416736845
1	90	-0.05544763096562683	0.6037126050619497	other	CLOBENPROPIT	0.9731018416736845
1	84	-0.05543237250838437	0.6164985535805102	other	G007-LK	0.9731018416736845
1	96	-0.05541312280926003	0.5917957278978083	other	NEMAZOLINE	0.9731018416736845
1	91	-0.05539142691230654	0.6020208401983058	other	ARMODAFINIL	0.9731018416736845
1	90	-0.055390010208982016	0.6040893816016952	other	SUCRALOSE	0.9731018416736845
1	86	-0.05535218974905287	0.6127218112141299	other	BUTIBUFEN	0.9731018416736845
1	91	-0.05532772199348849	0.6024392499758249	other	ADRAFINIL	0.9731018416736845
1	96	-0.055304602617711904	0.5925227410085067	other	AMD-3465	0.9731018416736845
1	96	-0.05524356000996608	0.5929318629166035	other	N-(P-AMYLCINNAMOYL)-ANTHRANILIC-ACID	0.9731018416736845
1	91	-0.05522420150040913	0.6031194403443185	other	CGP-57380	0.9731018416736845
1	90	-0.055192453329056985	0.605381974039575	other	A66	0.9731018416736845
1	86	-0.05517293431949228	0.6138747265012584	other	GSK503	0.9731018416736845
1	88	-0.05514119916031435	0.609867415281613	other	OXYTOCIN	0.9731018416736845
1	96	-0.05513503981841796	0.5936595050971488	other	SOLRIAMFETOL	0.9731018416736845
1	96	-0.05499260706701106	0.5946151452380477	JAK_inhibitor_core	BMS-911543	0.9731018416736845
1	86	-0.05494650640846837	0.6153323813330599	other	SARI-59-801	0.9731018416736845
1	91	-0.054913640021171065	0.6051620460974579	other	CHIR-99021	0.9731018416736845
1	84	-0.05487551762473851	0.6200494653905807	other	AZ-12080282	0.9731018416736845
1	91	-0.054865861332057515	0.6054765634607352	other	BENZETHONIUM	0.9731018416736845
1	91	-0.05477030395383043	0.6061058140048524	other	REV-5901	0.9731018416736845
1	96	-0.0547280891001125	0.5963917377379349	other	RAD140	0.9731018416736845
1	91	-0.05470659903501236	0.6065254740828128	other	RS-23597-190	0.9731018416736845
1	96	-0.05468739402828196	0.5966652706550062	other	BENACTYZINE	0.9731018416736845
1	90	-0.054640940372599596	0.6089968886194649	other	N-ALPHA-METHYLHISTAMINE-DIHYDROCHLORIDE	0.9731018416736845
1	96	-0.054619568908564384	0.5971212836766542	other	BRD:BRD-K01029106-001-02-9.1	0.9731018416736845
1	96	-0.05454496127687505	0.5976230780717823	other	CICLOPROFEN	0.9731018416736845
1	90	-0.05447630963932873	0.6100777943073071	other	JX-401	0.9731018416736845
1	86	-0.054474781593835224	0.6183739499905043	other	TIRASEMTIV	0.9731018416736845
1	90	-0.05445984656600164	0.6101859309146186	other	ETHAMIVAN	0.9731018416736845
1	96	-0.0544093110374399	0.5985359142258099	other	RU-SKI-43	0.9731018416736845
2	88	-0.054289896173617125	0.4565334354339887	other	FLEROXACIN	0.9595580990762078
1	91	-0.054196959684467846	0.6098873405376964	other	MDIVI-1	0.9731018416736845
1	86	-0.054191746705055346	0.620201982678286	other	WIN-18446	0.9731018416736845
1	91	-0.054188996569615594	0.609939934216628	other	AJ76-(+)	0.9731018416736845
1	91	-0.0541491809953543	0.6102029323115067	other	MEPHENTERMINE	0.9731018416736845
2	91	-0.05414167594340513	0.6575964479567751	other	ROSUVASTATIN	0.9748796190609336
1	91	-0.054117328535945274	0.6104133664145796	other	SORBITOL	0.9731018416736845
1	88	-0.05410212833615	0.6166293158428803	other	LORLATINIB	0.9731018416736845
1	90	-0.0540894274161422	0.612621211964767	other	INDOLE-3-CARBINOL	0.9731018416736845
1	86	-0.05406909825325072	0.6209948472912694	other	3-AMINO-BENZAMIDE	0.9731018416736845
1	90	-0.05406473280615157	0.6127837140395037	other	URSODEOXYCHOLYLTAURINE	0.9731018416736845
1	91	-0.054021771157718175	0.6110448585885939	other	RG4733	0.9731018416736845
1	84	-0.054004799079401325	0.6256192471374767	other	WDR5-0103	0.9731018416736845
1	90	-0.05392479668287133	0.613704912429588	other	OXCARBAZEPINE	0.9731018416736845
1	90	-0.05382601824290883	0.6143555312860081	other	LY294002	0.9731018416736845
1	91	-0.053822693286411726	0.6123613806149516	other	PNU-22394	0.9731018416736845
1	96	-0.053812449983925224	0.602559765954975	other	HYDROXOCOBALAMIN	0.9731018416736845
1	86	-0.05374832537930018	0.6230705361972273	other	CHLORAZANIL	0.9731018416736845
1	85	-0.053742952347224156	0.6251939706626909	other	ISOPROPYL-MYRISTATE	0.9731018416736845
1	90	-0.053669619046301506	0.6153862879700581	other	DIACEREIN	0.9731018416736845
1	91	-0.05364750475966205	0.613520938724587	other	BIFEMELANE	0.9731018416736845
1	90	-0.0536119982896567	0.615766228694973	other	DARUNAVIR	0.9731018416736845
1	96	-0.053581844576885466	0.6041176396949128	other	4BP-TQS	0.9731018416736845
1	86	-0.05351246297198362	0.624598657714868	other	1S,2R-PHENYLPROPANOLAMINE	0.9731018416736845
1	96	-0.05350723694519613	0.6046220384134652	other	OMBITASVIR	0.9731018416736845
1	90	-0.053496756776367095	0.6165264137900102	other	DENATONIUM-BENZOATE	0.9731018416736845
1	90	-0.053496756776367095	0.6165264137900102	other	LY456236	0.9731018416736845
1	90	-0.0534391360197223	0.6169066579950442	other	BTS	0.9731018416736845
1	74	-0.053432457850097564	0.6511671815815943	other	CLOPAMIDE	0.9748796190609336
1	90	-0.05337328372641394	0.6173413464631028	other	CORDYCEPIN	0.9731018416736845
1	91	-0.05331305393586721	0.6157372800946463	other	AM-404	0.9731018416736845
1	96	-0.05311385125083419	0.6072846636315119	other	VAPENDAVIR	0.9731018416736845
1	90	-0.053060485333199306	0.619407914305183	other	FAMCICLOVIR	0.9731018416736845
1	86	-0.053059607149935795	0.6275370948541077	other	PT-2385	0.9731018416736845
1	91	-0.05305823426059495	0.6174282380663526	other	TELOTRISTAT	0.9731018416736845
1	86	-0.052993565675887165	0.6279661034246543	other	ICI-162846	0.9731018416736845
1	90	-0.05292054920991907	0.6203333906622311	other	LY215490	0.9731018416736845
1	96	-0.05291037589168145	0.6086639013492755	other	A-438079	0.9731018416736845
1	86	-0.0528803517203752	0.6287018339069698	other	U-75799E	0.9731018416736845
1	96	-0.05286968081985091	0.6089399134916531	other	METHYL-AMINOLEVULINATE	0.9731018416736845
1	96	-0.05285611579590739	0.6090319297168411	other	IT1T	0.9731018416736845
1	91	-0.05278748835561818	0.6192270675547207	other	CITALOPRAM	0.9731018416736845
1	90	-0.05262421389003152	0.6222951732310107	other	BENZNIDAZOLE	0.9731018416736845
1	91	-0.05261229982886851	0.6203922125324806	other	TELCAGEPANT	0.9731018416736845
1	90	-0.0525830562067138	0.6225678520924367	other	ICG-001	0.9731018416736845
1	96	-0.052557685269150056	0.6110578245894492	other	MS-424	0.9731018416736845
1	90	-0.052508972376741916	0.6230588022821582	other	AFALANINE	0.9731018416736845
1	96	-0.05249664266140423	0.61147257398092	other	FOSTEMSAVIR	0.9731018416736845
1	86	-0.05247466837979071	0.6313411722186363	other	CENTAZOLONE	0.9731018416736845
1	96	-0.05246273010154545	0.6117030433051546	other	CPI-444	0.9731018416736845
1	96	-0.05244916507760193	0.6117952416284895	other	VECABRUTINIB	0.9731018416736845
1	90	-0.05244312008343356	0.6234953407456698	other	NVP-DPP728	0.9731018416736845
1	86	-0.052370888920571415	0.632017095646761	other	BIAPENEM	0.9731018416736845
1	96	-0.05236777493394084	0.6123485586139433	other	IBOTENIC-ACID	0.9731018416736845
1	90	-0.05231141549681687	0.6243688076349899	other	TELOTRISTAT-ETHYL	0.9731018416736845
1	96	-0.05230673232619502	0.6127636891725053	other	MADECASSOSIDE	0.9731018416736845
1	90	-0.052270257813499164	0.6246418725437506	other	BETAMIPRON	0.9731018416736845
1	96	-0.052232124694505694	0.6132712370382933	other	EFONIDIPINE	0.9731018416736845
1	90	-0.052155016300209564	0.6254067237220049	other	VU0361737	0.9731018416736845
1	88	-0.05211204353732677	0.6296692873497087	other	TASULDINE	0.9731018416736845
1	91	-0.05211062359317625	0.6237339409182665	other	AY-9944	0.9731018416736845
1	86	-0.052106723024376855	0.6337389902801935	other	LIRAGLUTIDE	0.9731018416736845
1	90	-0.0521056270802283	0.6257346385101975	other	ARTICAINE	0.9731018416736845
1	84	-0.05204062003526862	0.6382605465906226	other	LH846	0.9748796190609336
1	87	-0.052016220897954234	0.6323073901278894	other	L-798106	0.9731018416736845
1	87	-0.052016220897954234	0.6323073901278894	other	BRD:BRD-K43905307-001-01-2.1	0.9731018416736845
1	90	-0.05200684864026578	0.6263906863698789	other	AMPALEX	0.9731018416736845
1	91	-0.05191950883672207	0.6250089903131734	other	CIPROFIBRATE	0.9731018416736845
1	96	-0.05180482644028495	0.616181611774679	other	YL0919	0.9731018416736845
1	90	-0.05175990254035948	0.6280320768513452	other	TIOTROPIUM	0.9731018416736845
1	91	-0.051752283424824644	0.6261255643953663	other	TIZANIDINE	0.9731018416736845
1	91	-0.051712467850563354	0.6263915397376932	other	LIDAMIDINE	0.9731018416736845
1	84	-0.051686257836584884	0.6405523657425138	other	ML277	0.9748796190609336
1	84	-0.051686257836584884	0.6405523657425138	other	BRD:BRD-K60020910-001-02-5.1	0.9748796190609336
1	90	-0.05148826183046256	0.629839696825653	other	YOHIMBINE	0.9731018416736845
1	88	-0.051451617166035885	0.6340221611371487	other	SIPATRIGINE	0.9733047989259491
1	90	-0.05142240953715422	0.6302782365714273	other	ADRENALONE	0.9731018416736845
1	96	-0.051411440745923014	0.6188662648318602	other	FISETIN	0.9731018416736845
1	96	-0.05137752818606422	0.6190979355676262	other	MK-0608	0.9731018416736845
1	96	-0.05136396316212071	0.6191906142893626	other	MERCK60	0.9731018416736845
1	91	-0.05136209079706401	0.6287341796676418	other	ISOPROPAMIDE-IODIDE	0.9731018416736845
1	91	-0.051290422763393684	0.6292138100449354	other	5-METHYLHYDANTOIN-(L)	0.9731018416736845
1	90	-0.05117546343724792	0.631923900190915	other	SDZ-NKT-343	0.9731018416736845
1	90	-0.05103552731396769	0.6328572397815981	other	AMG-517	0.9731018416736845
1	91	-0.05102763997326917	0.63097376947308	other	CHLOROXYLENOL	0.9731018416736845
1	90	-0.05098613809398642	0.6331867910826371	other	CHROMANOL-(+/-)	0.9731018416736845
1	85	-0.05096786171693113	0.6431893219074293	other	AMYLENE-HYDRATE	0.9748796190609336
1	96	-0.05090275234804119	0.6223452272248674	other	AS-2444697	0.9731018416736845
1	88	-0.05088805332920099	0.6377464831878115	other	ZOTAROLIMUS	0.9748796190609336
1	96	-0.0508688397881824	0.6225774545453182	other	ML10302	0.9731018416736845
1	88	-0.05079999647969554	0.6383292240398121	other	SLV-320	0.9748796190609336
1	84	-0.05078516538850339	0.6463952701231903	other	SB-399885	0.9748796190609336
1	90	-0.05074742353074367	0.634780630222293	other	FLUDROXYCORTIDE	0.9737734275137793
1	91	-0.05067726291976982	0.6333235846408155	other	ESCULIN	0.9731018416736845
1	90	-0.05067333970077179	0.6352756089166856	other	ETOFIBRATE	0.9738374732644365
1	90	-0.05064864509078115	0.6354406374330897	other	DELAPRIL	0.9738588561325954
1	91	-0.05062152111580402	0.6336977551857005	other	ISOCONAZOLE	0.9731018416736845
1	85	-0.05056723243579728	0.6458046265970048	other	DIXANTHOGEN	0.9748796190609336
1	91	-0.050486148163315626	0.6346068383715646	other	ADIPHENINE	0.9737385575203774
1	88	-0.050430157711772644	0.6407791298944111	other	7-KETO-DHEA	0.9748796190609336
1	84	-0.05041055392132343	0.6488306829147236	other	TC-I-2000	0.9748796190609336
1	96	-0.05040084646213112	0.6257859571693222	other	BRD:BRD-K05804044-001-18-5.2	0.9731018416736845
1	96	-0.05040084646213112	0.6257859571693222	other	BRD:BRD-K05804044-001-18-5.4	0.9731018416736845
1	96	-0.05040084646213112	0.6257859571693222	other	BRD:BRD-K05804044-001-18-5.3	0.9731018416736845
1	96	-0.05040084646213112	0.6257859571693222	other	BRD:BRD-K05804044-001-18-5.5	0.9731018416736845
1	96	-0.05040084646213112	0.6257859571693222	other	BRD:BRD-K05804044-001-18-5.10	0.9731018416736845
1	96	-0.05040084646213112	0.6257859571693222	other	BRD:BRD-K05804044-001-18-5.1	0.9731018416736845
1	96	-0.05040084646213112	0.6257859571693222	other	BRD:BRD-K05804044-001-18-5.9	0.9731018416736845
1	96	-0.05040084646213112	0.6257859571693222	other	BRD:BRD-K05804044-001-18-5.11	0.9731018416736845
1	96	-0.05040084646213112	0.6257859571693222	other	BRD:BRD-K05804044-001-18-5.6	0.9731018416736845
1	96	-0.05040084646213112	0.6257859571693222	other	BRD:BRD-K05804044-001-18-5.7	0.9731018416736845
1	96	-0.05040084646213112	0.6257859571693222	other	BRD:BRD-K05804044-001-18-5.8	0.9731018416736845
1	96	-0.05036015139030058	0.6260652883560615	other	GSK2982772	0.9731018416736845
1	90	-0.050245299794267534	0.638138617649381	other	SM-21	0.9748796190609336
2	93	-0.05005802029554486	0.21937918275601537	other	PTC-209	0.9280799126366769
1	90	-0.05003127984101542	0.6395721169000831	other	HESPERETIN	0.9748796190609336
1	90	-0.049998353694361244	0.6397927728710512	other	ETHYLNOREPINEPHRINE	0.9748796190609336
1	96	-0.049912505600164574	0.6291414093270481	other	SB-649868	0.9731018416736845
1	86	-0.049908485388186416	0.6481425010309592	other	MILNACIPRAN	0.9748796190609336
1	90	-0.04984195449775393	0.6408413161754983	other	BINDARIT	0.9748796190609336
1	91	-0.049809283400873705	0.6391603627117752	other	BOSENTAN	0.9748796190609336
1	96	-0.049803985408616455	0.6298880929129245	other	VIXOTRIGINE	0.9731018416736845
1	91	-0.04969779979294209	0.6399116449422251	JAK_inhibitor_core	BARICITINIB	0.9748796190609336
2	88	-0.049663166847268375	0.6494287426450915	other	CYPROHEPTADINE	0.9748796190609336
1	91	-0.04964205798897628	0.6402874222674191	other	ALAGEBRIUM	0.9748796190609336
1	90	-0.0496279345445018	0.6422773068831565	other	RO-04-5595	0.9748796190609336
1	91	-0.04956242684045369	0.6408244043335081	other	PD-123319	0.9748796190609336
1	96	-0.049559814977633176	0.6315694912203588	other	HER2-INHIBITOR-1	0.9731018416736845
1	90	-0.049496229957885114	0.6431616476312617	other	MIDOSTAURIN	0.9748796190609336
1	91	-0.04949075880678338	0.6413078462602546	other	FOLIC-ACID	0.9748796190609336
1	84	-0.04940821513076087	0.6553651497205826	other	4-GALACTOSYLLACTOSE	0.9748796190609336
1	90	-0.049306904614623615	0.6444337581535281	other	HYPOESTOXIDE	0.9748796190609336
1	85	-0.0492774015794639	0.6542537435496842	other	ADENOSINE-TRIPHOSPHATE	0.9748796190609336
1	91	-0.049227976016658875	0.643081745010645	other	SPIROXATRINE	0.9748796190609336
1	90	-0.04907642158804441	0.6459837964729542	other	RS-100329	0.9748796190609336
1	86	-0.0490499462255541	0.6538035937877213	other	METHYLPREDNISOLONE	0.9748796190609336
2	88	-0.04903121668491817	0.6344866752861378	other	DAUNORUBICIN	0.9737385575203774
1	91	-0.04900500880079565	0.6445884418697483	other	OSTARINE	0.9748796190609336
1	91	-0.04896519322653436	0.6448576461826574	other	EPZ005687	0.9748796190609336
1	90	-0.048911790854773554	0.6470918928731907	other	RIPASUDIL	0.9748796190609336
1	86	-0.04882351831453019	0.6552999117741113	other	PROPOXYCAINE	0.9748796190609336
1	91	-0.04875815224037564	0.6462582458216357	other	ALOXISTATIN	0.9748796190609336
1	91	-0.04867055797700081	0.6468511787957227	other	PF-4708671	0.9748796190609336
1	84	-0.048669116830649076	0.6602001745210836	other	XMD17-109	0.9748796190609336
1	91	-0.04865463174729629	0.6469590084886814	other	CEFONICID	0.9748796190609336
1	91	-0.04861481617303501	0.6472286145968034	other	LINSIDOMINE	0.9748796190609336
1	91	-0.04854314813936468	0.6477140202640205	other	KPT-185	0.9748796190609336
1	85	-0.048437057233670935	0.659782048597099	other	D-7193	0.9748796190609336
1	90	-0.04840143558163387	0.6505318724747666	other	GR46611	0.9748796190609336
1	86	-0.048370662492482376	0.658296623496447	other	LY450108	0.9748796190609336
1	91	-0.04835203338291049	0.6490091549799294	other	OGLEMILAST	0.9748796190609336
2	88	-0.04827462389889427	0.675017122219616	other	BAICALIN	0.9748796190609336
1	96	-0.04823044263116867	0.6407565210080136	other	SSR180711	0.9748796190609336
1	84	-0.04816288511824374	0.6635199051602916	other	WAY-207024	0.9748796190609336
1	88	-0.048087845514927605	0.6563836999715589	other	JNJ-42165279	0.9748796190609336
1	91	-0.0478583202620705	0.6523597440796228	other	CT-7758	0.9748796190609336
1	86	-0.047832896203800594	0.6618622292377176	other	GINSENOSIDE-C-K	0.9748796190609336
1	90	-0.04777583879520459	0.6547586186109433	other	PROFLAVINE-HEMISULFATE	0.9748796190609336
1	90	-0.047644134208587895	0.6556498531132547	other	SULFAMONOMETHOXINE	0.9748796190609336
1	91	-0.04764331616105952	0.6538210349771983	other	HA-1004	0.9748796190609336
1	91	-0.047531832553127915	0.6545792557597324	other	DESOXIMETASONE	0.9748796190609336
1	91	-0.047476090749162106	0.6549584976012687	other	VX-765	0.9748796190609336
1	90	-0.047446577328662864	0.6569876086086226	other	TALNIFLUMATE	0.9748796190609336
1	90	-0.04738895657201806	0.6573779911301592	other	TC1	0.9748796190609336
1	96	-0.04734193356286842	0.6469272788397054	other	EVOBRUTINIB	0.9748796190609336
1	96	-0.04732158602695315	0.6470688761423495	other	VU591	0.9748796190609336
1	84	-0.04724154340166603	0.6695784472112233	other	ML-213	0.9748796190609336
1	90	-0.04717493661876593	0.6588287871487972	other	CHIR-124	0.9748796190609336
1	91	-0.04712571369566276	0.6573443042036966	other	FLUMATINIB	0.9748796190609336
1	90	-0.047092621252130505	0.6593871221918788	other	TAK-733	0.9748796190609336
1	91	-0.0468708940203905	0.6590815964700927	other	SC-19220	0.9748796190609336
1	96	-0.04685359270090187	0.6503290752481842	other	NK-252	0.9748796190609336
1	84	-0.04682643339749365	0.6723150615209256	other	FIPI	0.9748796190609336
1	91	-0.046791262871867925	0.6596248718971748	other	TORASEMIDE	0.9748796190609336
1	84	-0.046775810226253114	0.672649087598804	other	APR-246	0.9748796190609336
1	96	-0.04676542004526903	0.6509440559067361	other	4-PHENYL-1,2,3,4-TETRAHYDROISOQUINOLINE	0.9748796190609336
1	91	-0.046663853034231796	0.6604944796535581	other	CEPHARANTHINE	0.9748796190609336
1	90	-0.0464999506123554	0.6634126261134102	other	PLOVAMER-ACETATE	0.9748796190609336
1	83	-0.04631466263911755	0.6775777322794286	other	LEVOCARNITINE	0.9748796190609336
1	86	-0.04629507330809655	0.6721000162655306	other	SODIUM-TANSHINONE-II-A-SULFONATE	0.9748796190609336
1	90	-0.04629416219576681	0.6648126146247284	other	THIAZOVIVIN	0.9748796190609336
1	90	-0.04627769912243973	0.6649246634391014	other	R547	0.9748796190609336
1	91	-0.04624977106191438	0.6633238137258866	other	SULFAFURAZOLE	0.9748796190609336
1	91	-0.04618606614309631	0.6637595164162108	other	BUFEXAMAC	0.9748796190609336
1	90	-0.04617892068247721	0.6655971107589546	other	RIFABUTIN	0.9748796190609336
1	91	-0.04612236122427825	0.6641953308897341	other	TIABENDAZOLE	0.9748796190609336
1	96	-0.046093951360065014	0.6556350159446486	other	SA-47	0.9748796190609336
1	86	-0.046078079893365306	0.6735494861707927	other	OXONIC-ACID	0.9748796190609336
1	86	-0.04604034190819465	0.6738016896438904	other	VELIPARIB	0.9748796190609336
1	91	-0.04603476696090342	0.6647947580799543	other	DOLASETRON	0.9748796190609336
1	91	-0.04590735712326729	0.6656670283418067	other	SODIUM-OXYBATE	0.9748796190609336
1	91	-0.04589143089356277	0.6657760934287953	other	CPCCOET	0.9748796190609336
1	86	-0.045870520974926714	0.6749370505545597	other	CC-115	0.9748796190609336
1	88	-0.04583359016758801	0.6715421058996286	other	NORETHISTERONE-ENANTHATE	0.9748796190609336
1	90	-0.045742649239309416	0.6685702428915041	IFN_inducer_or_IFNR_agonist	TILORONE	0.9748796190609336
1	91	-0.0457162423668131	0.6669762676438638	other	FADROZOLE	0.9748796190609336
1	91	-0.0456764267925518	0.6672491515175788	other	CEP-37440	0.9748796190609336
1	86	-0.04561578957502482	0.6766414543205859	other	1,5-DICAFFEOYLQUINIC-ACID	0.9748796190609336
1	90	-0.04559448157936565	0.6695811520809217	other	SR-27897	0.9748796190609336
1	96	-0.045571697938239675	0.6592928160551903	other	JNJ-39758979	0.9748796190609336
1	91	-0.04555698006976793	0.6680680626326956	other	AFOBAZOLE	0.9748796190609336
1	88	-0.045543002564220024	0.6735058671943595	other	TERODILINE	0.9748796190609336
1	91	-0.04550920138065439	0.668395735930626	other	PF-04691502	0.9748796190609336
1	96	-0.04543604769880452	0.6602442115057805	other	ML141	0.9748796190609336
1	88	-0.04539330592006075	0.6745183567546857	other	ELTOPRAZINE	0.9748796190609336
1	91	-0.04531808662420019	0.6697070497903854	other	DOXEPIN	0.9748796190609336
1	90	-0.04531460933280518	0.6714922521913891	other	MEISOINDIGO	0.9748796190609336
1	96	-0.04528004992345409	0.6613389846861368	other	PZ-2891	0.9748796190609336
1	96	-0.04526648489951058	0.6614342160846913	other	PAQUINIMOD	0.9748796190609336
1	91	-0.045246418590529865	0.6701990480326487	other	LIRIMILAST	0.9748796190609336
1	96	-0.04523257233965179	0.6616723181637721	other	LIFIRAFENIB	0.9748796190609336
1	96	-0.04517831224387773	0.6620533515217752	other	SPARTEINE-(+)	0.9748796190609336
1	91	-0.04514289809745052	0.6709099576938493	other	3-CARBOXY-4-HYDROXYPHENYLGLYCINE-(R)	0.9748796190609336
1	91	-0.045126971867746	0.6710193541362581	other	BP-554	0.9748796190609336
1	91	-0.04509511940833697	0.6712381675823281	other	LISOFYLLINE	0.9748796190609336
1	91	-0.04505530383407568	0.6715117229216379	other	TERBUTALINE	0.9748796190609336
1	90	-0.04505120015957179	0.6732928438833875	other	OUABAIN	0.9748796190609336
1	84	-0.0449432514273458	0.6847830822180098	other	CIQ	0.9748796190609336
1	90	-0.04485364327964676	0.674644497136101	other	ROPINIROLE	0.9748796190609336
2	88	-0.04482834214440797	0.6788507629919303	other	POTASSIUM-CANRENOATE	0.9748796190609336
1	91	-0.04473677923998537	0.6737017032250162	other	PIROXICAM	0.9748796190609336
1	91	-0.04470492678057633	0.6739208512370606	other	RS-79948	0.9748796190609336
1	84	-0.04469013557114313	0.6864654281156671	other	RAVOXERTINIB	0.9748796190609336
1	96	-0.04468997138191117	0.66548651694376	other	SULTOPRIDE	0.9748796190609336
1	88	-0.044591988589561135	0.6799479644426724	other	METACRESOL	0.9748796190609336
1	88	-0.044556765849758956	0.6801870055432848	other	EPRODISATE	0.9748796190609336
1	90	-0.04452438181310503	0.6768995451548515	other	CRESOPIRINE	0.9748796190609336
1	91	-0.044521775138974394	0.6751814797614952	other	METHOXAMINE	0.9748796190609336
1	90	-0.04450791873977795	0.677012372528764	other	ZM-447439	0.9748796190609336
2	85	-0.0445040444124055	0.6863188031774602	other	PIPERINE	0.9748796190609336
1	96	-0.04439154085515384	0.6675879700150935	other	GDC-0077	0.9748796190609336
1	91	-0.04435454972707698	0.6763332713660087	other	VS-4718	0.9748796190609336
1	90	-0.044335056469843544	0.6781974896582875	other	BENSERAZIDE	0.9748796190609336
1	90	-0.044318593396516455	0.6783103988278089	other	CINCHONIDINE	0.9748796190609336
2	88	-0.044121094191747534	0.6892633084818646	other	CORTISONE-ACETATE	0.9748796190609336
1	91	-0.043964357099316335	0.6790236781052301	other	METOCLOPRAMIDE	0.9748796190609336
1	91	-0.04393250463990731	0.679243481292743	other	ABT-724	0.9748796190609336
1	86	-0.04392701473863818	0.6879818359879127	other	LY3000328	0.9748796190609336
1	91	-0.0438767628359415	0.6796282013802357	other	BENZOXIQUINE	0.9748796190609336
1	90	-0.04379177505004969	0.6819272284509731	other	5-FLUORO-3-PYRIDYL-METHANOL	0.9748796190609336
1	90	-0.04369299661008717	0.6826061874107774	other	APTIGANEL	0.9748796190609336
1	91	-0.04368564807948731	0.6809478638887332	other	CNX-2006	0.9748796190609336
1	90	-0.04361891278011529	0.6831155723848491	other	ETHYLENEDIAMINETETRAACETIC-ACID	0.9748796190609336
2	88	-0.04360713728888763	0.6866161241315201	other	SYNEPHRINE	0.9748796190609336
1	90	-0.04357775509679757	0.6833986253434213	other	H-89	0.9748796190609336
1	96	-0.043536944346712375	0.6736199240266026	other	AZD7986	0.9748796190609336
1	90	-0.04353659741347985	0.6836817220482605	other	DIMAPRIT	0.9748796190609336
1	96	-0.04350303178685359	0.6738597169743219	other	DESIDUSTAT	0.9748796190609336
1	91	-0.043470643978476345	0.6824336324114589	other	BENZYLPENICILLIN	0.9748796190609336
1	96	-0.043380946571361954	0.6747232414491282	other	FEVIPIPRANT	0.9748796190609336
1	90	-0.04333904053355482	0.6850411940834276	other	Y-134	0.9748796190609336
1	85	-0.043287505254218726	0.6940488364450481	other	WP1066	0.9752738645179797
1	96	-0.043265643867842075	0.6755391795188396	other	NELOCIGUAT	0.9748796190609336
1	88	-0.04324471879212772	0.689113602124945	other	PYRIDOXAL	0.9748796190609336
1	91	-0.04321582430320409	0.6841961108868413	other	NICLOSAMIDE	0.9748796190609336
1	96	-0.04319781874812449	0.676019318440643	other	VATINOXAN	0.9748796190609336
1	90	-0.043075631360321436	0.6868553834359997	other	SPIPERONE	0.9748796190609336
1	90	-0.043042705213667265	0.6870822820584627	other	CARBIMAZOLE	0.9748796190609336
1	96	-0.043035038460802304	0.6771721806295322	other	OTS514	0.9748796190609336
1	88	-0.04302457666836409	0.6906155688787806	other	NPC-01	0.9749874576425205
1	91	-0.042961004627931836	0.6859602819022148	other	IPI-145	0.9748796190609336
1	91	-0.042961004627931836	0.6859602819022148	other	BRD:BRD-K93468883-001-02-0.1	0.9748796190609336
1	91	-0.042881373479409256	0.6865119311193376	other	NEFOPAM	0.9748796190609336
1	91	-0.042873410364556996	0.6865671050768074	other	ALRESTATIN	0.9748796190609336
1	85	-0.04284779018955962	0.6970047212131222	other	DROXIDOPA	0.9752738645179797
1	90	-0.042836916797078683	0.6885010254947739	other	TANGERITIN	0.9748796190609336
1	85	-0.04279893296015306	0.6973334327613137	other	VORINOSTAT	0.9752738645179797
1	90	-0.042754601430443254	0.689068824944263	other	DMH1	0.9748796190609336
1	96	-0.0427501729579885	0.6791914797881378	other	CGP-39551	0.9748796190609336
1	96	-0.042723042910101455	0.6793839124673817	other	FN-1501	0.9748796190609336
1	91	-0.04259470134472797	0.6884992261071052	other	SULFAMETHOXAZOLE	0.9748796190609336
1	91	-0.04253895954076216	0.6888858906912718	other	FLUCLOXACILLIN	0.9748796190609336
1	90	-0.04237595074392027	0.6916829159278369	other	LEVOSIMENDAN	0.9749874576425205
1	86	-0.04225710889483685	0.6992636868159074	other	ISOTIQUIMIDE	0.9752738645179797
1	90	-0.042252477693967117	0.6925361201009933	other	SGC-CBP30	0.9751975903066973
1	90	-0.04224424615730357	0.6925930140279336	other	LY2603618	0.9751975903066973
1	89	-0.042203287397574216	0.6945472330933455	other	PHTHALYLSULFACETAMIDE	0.9752738645179797
1	85	-0.0421833318696303	0.7014799596094137	other	AZACYCLONOL	0.9752738645179797
1	91	-0.04217265625755829	0.6914288134923542	other	SAXAGLIPTIN	0.9749874576425205
1	90	-0.042161930790668135	0.6931620469978352	other	BROMPHENIRAMINE	0.9752738645179797
1	91	-0.04214876691300151	0.6915947755608866	other	L-701252	0.9749874576425205
1	96	-0.042126181856586786	0.6836226134128002	other	C11-ACETATE	0.9748796190609336
1	90	-0.04207961542403271	0.693731250134563	other	ETICLOPRIDE	0.9752738645179797
1	84	-0.042017232129642944	0.7043227230702395	other	OT-R-ANTAGONIST-1	0.9752738645179797
1	85	-0.04200744584376666	0.7026662928849035	other	SODIUM-STIBOGLUCONATE	0.9752738645179797
1	91	-0.04200543084566088	0.6925908535903296	other	SODIUM-GUALENATE	0.9751975903066973
1	96	-0.041624275970676715	0.6871945918946076	other	LXS196	0.9748796190609336
1	96	-0.041556450850959145	0.6876778212239212	other	UK-5099	0.9748796190609336
1	96	-0.041400453075608724	0.6887897248155818	other	POLAPREZINC	0.9748796190609336
1	96	-0.04138010553969344	0.6889348045686048	other	PK-44	0.9748796190609336
1	96	-0.04121732525237126	0.6900958474854455	other	AZD5069	0.9749874576425205
1	90	-0.04117414639104296	0.7000036346086392	other	FUROSEMIDE	0.9752738645179797
1	96	-0.04107489250096435	0.6911123491935572	other	GSK-LSD-1	0.9749874576425205
1	88	-0.04105210323944195	0.7041260131908158	other	FANETIZOLE	0.9752738645179797
1	90	-0.04100128412110855	0.7012033951957929	other	PRAMIRACETAM	0.9752738645179797
1	96	-0.04097315482138799	0.6918387575638983	other	AQ-13	0.9749874576425205
1	91	-0.04095429968516282	0.6999113028443709	other	AV-608	0.9752738645179797
1	91	-0.04091448411090153	0.7001891372428203	other	FLUPHENAZINE	0.9752738645179797
1	91	-0.04084281607723121	0.7006893385397195	other	ISOMETHEPTENE-MUCATE	0.9752738645179797
1	84	-0.04082252528836636	0.712357129196243	other	HIPPURIC-ACID	0.9752738645179797
1	91	-0.04076318492870863	0.7012452674165327	other	PIPENZOLATE	0.9752738645179797
1	90	-0.040704948801221	0.7032618309182901	other	PROPRANOLOL-(R)	0.9752738645179797
1	88	-0.04065584741666741	0.7068514292483984	other	JNJ-37822681	0.9752738645179797
1	90	-0.04062263343458557	0.7038339989743063	other	CARSALAM	0.9752738645179797
1	96	-0.040620464198856586	0.6943591303696242	other	SU16F	0.9752738645179797
1	84	-0.04060990796915612	0.7137903018743659	other	GW-438014A	0.9756344965823076
1	90	-0.0405897072879314	0.7040629123667722	other	CDBA	0.9752738645179797
1	96	-0.0405865516389978	0.6946016497695019	other	ER-50891	0.9752738645179797
1	86	-0.04044568560664559	0.711575714564308	other	SULFASALAZINE	0.9752738645179797
1	91	-0.040428734104913794	0.7035818831201752	other	L-741742	0.9752738645179797
1	91	-0.04041280787520928	0.7036932194045911	other	XAMOTEROL	0.9752738645179797
1	91	-0.040349102956391214	0.7041386269678404	other	AM-281	0.9752738645179797
1	86	-0.040323037154840966	0.7124120599607779	other	I-BET151	0.9752738645179797
1	91	-0.0402376193484596	0.7049183302155304	other	TEGOBUVIR	0.9752738645179797
1	86	-0.04012491273269505	0.7137637968374648	other	TERFENADINE	0.9756344965823076
1	91	-0.040118172625675734	0.7057540648188023	other	CAFFEINE	0.9752738645179797
1	90	-0.03998880511149274	0.7082451926164113	other	SUNITINIB	0.9752738645179797
1	96	-0.03998290807351137	0.6989236217105459	other	CIPAMFYLLINE	0.9752738645179797
1	90	-0.03993941589151149	0.7085893286011485	other	PYRAZOLANTHRONE	0.9752738645179797
1	96	-0.03969126005872579	0.7010152208741489	other	LINTOPRIDE	0.9752738645179797
1	88	-0.03967841638715689	0.7135898626963753	other	CARBETOCIN	0.9756344965823076
1	90	-0.039659543644951015	0.7105405352583398	other	4-CHLOROPHENYLGUANIDINE	0.9752738645179797
1	86	-0.039634318925476586	0.7171147465353912	other	ACTB-1003	0.9759174434856174
1	91	-0.039624459504835736	0.7092121276409418	other	SUMATRIPTAN	0.9752738645179797
1	85	-0.03959389871108223	0.7190161811095228	other	MOEXIPRIL	0.9759174434856174
1	86	-0.03956827745142795	0.7175662461890979	other	POMALIDOMIDE	0.9759174434856174
1	85	-0.03954504148167566	0.7193484873791377	other	TRICHLOROETHYLENE	0.9759174434856174
1	88	-0.03947588563329435	0.7149888846842795	other	TALAMPANEL	0.9759174434856174
1	91	-0.039465197207790584	0.7103288934021249	other	RALOXIFENE	0.9752738645179797
1	91	-0.0394413078632338	0.7104964610857729	other	ADAROTENE	0.9752738645179797
1	90	-0.039371439861727	0.7125510797580505	other	PINACIDIL	0.9752738645179797
1	86	-0.039370153029282026	0.7189213260356183	other	AGN-195183	0.9759174434856174
1	90	-0.03935497678839992	0.7126660274938688	other	ACEFYLLINE	0.9752738645179797
1	86	-0.03934184954040403	0.7191149798461026	other	TP-0903	0.9759174434856174
1	90	-0.039322050641745744	0.7128959422080852	other	TAPENTADOL	0.9752738645179797
1	88	-0.03926454919448126	0.7164497372794391	other	ESAPRAZOLE	0.9759174434856174
1	91	-0.039170561958257036	0.7123965212983023	other	GLUCOSAMINE	0.9752738645179797
1	91	-0.03915463572855252	0.7125083443533862	other	LACOSAMIDE	0.9752738645179797
1	91	-0.03915463572855252	0.7125083443533862	other	IMEXON	0.9752738645179797
1	91	-0.03909889392458671	0.7128997728813603	other	GR-127935	0.9752738645179797
1	86	-0.03907768364420947	0.7209232679471268	other	TBA-354	0.9759174434856174
1	90	-0.03901748378519465	0.7150238664312818	other	DROXINOSTAT	0.9759174434856174
1	91	-0.03894759474239381	0.7139625962118972	other	METHYLLYCACONITINE	0.9756453956528607
1	96	-0.038911271181973656	0.7066199618289212	other	VERDIPERSTAT	0.9752738645179797
1	96	-0.03878240345451026	0.7075474805758117	other	ARV-825	0.9752738645179797
1	91	-0.03868481195226929	0.7158098487678031	other	NEO-GILURYTMAL	0.9759174434856174
1	90	-0.03867999078198938	0.7173843811108074	other	RGFP966	0.9759174434856174
1	84	-0.03855460721679045	0.7276947670981128	other	CUR-61414	0.9759174434856174
1	96	-0.038511102975639956	0.709501546568798	other	CP-640186	0.9752738645179797
1	91	-0.03848573408096284	0.7172103728165073	other	IXABEPILONE	0.9759174434856174
1	96	-0.03847040790380941	0.7097948190699758	other	WISKOSTATIN	0.9752738645179797
1	96	-0.038253367520713163	0.7113596526314756	other	BTB06584	0.9752738645179797
1	91	-0.03820702506113381	0.7191726767332626	other	IPRIFLAVONE	0.9759174434856174
1	96	-0.0381991074249391	0.7117510483584788	other	SODIUM-NITRITE	0.9752738645179797
2	90	-0.03807470402211245	0.7354015365249043	other	NICERGOLINE	0.9777542497096335
1	96	-0.038049892161560434	0.7128277717618184	other	NICODICOSAPENT	0.9752738645179797
1	86	-0.03804932354830923	0.7279771975623077	other	ETC-159	0.9759174434856174
1	91	-0.03798405784527059	0.7207438318641006	other	ALVOCIDIB	0.9759174434856174
1	86	-0.0379549785853826	0.7286254922019715	other	MK-0812	0.9759174434856174
1	88	-0.03795250213685002	0.7255418378908566	other	CALCIFEDIOL	0.9759174434856174
2	88	-0.03790539296225016	0.7360422708430466	other	GANCICLOVIR	0.9777542497096335
1	90	-0.03785683711563506	0.7231528302445173	other	FLUDARABINE	0.9759174434856174
1	90	-0.037774521748999625	0.7237305326578337	other	OXYPURINOL	0.9759174434856174
1	90	-0.03772513252901837	0.7240772283928669	other	DAPAGLIFLOZIN	0.9759174434856174
2	88	-0.03768261741932829	0.5061563217632715	other	OLTIPRAZ	0.9715915239990732
1	90	-0.03755227025908397	0.7252911011854327	other	ZOLPIDEM	0.9759174434856174
1	91	-0.03748238160957834	0.7242831621684807	other	NTZDPA	0.9759174434856174
1	91	-0.03745849226502156	0.7244518469957034	other	L-ERGOTHIONEINE	0.9759174434856174
1	96	-0.03744624859607401	0.7171893370303843	other	JW-642	0.9759174434856174
1	96	-0.03743268357213049	0.7172874546702468	other	CC-223	0.9759174434856174
1	90	-0.03740410259914019	0.7263321039533426	other	CASTANOSPERMINE	0.9759174434856174
1	91	-0.037259414393715114	0.7258580646354478	other	RANITIDINE	0.9759174434856174
1	84	-0.03724852939878468	0.7365768905662395	other	TC-S-7005	0.9777542497096335
1	88	-0.03712476775149877	0.7312975011936342	other	MK-571	0.9766759551969475
1	96	-0.03710034048551437	0.7196927671311739	other	PHA-543613	0.9759174434856174
1	91	-0.037084225866965435	0.727096288243138	other	FG-7142	0.9759174434856174
1	84	-0.036975164274085794	0.7384403652951662	other	TC-S-7009	0.9780567853884647
1	86	-0.036973790970945664	0.7353789808268512	other	ELN-441958	0.9777542497096335
1	96	-0.036957907734107454	0.7207244534607778	other	GS-967	0.9759174434856174
1	91	-0.036821443076840925	0.7289549371627546	other	BVT-948	0.9760788377546981
1	91	-0.036797553732284154	0.7291239831185462	other	TOMELUKAST	0.9761024289059499
1	91	-0.036694033239204796	0.7298566651021163	other	VU0364439	0.9766759551969475
1	90	-0.03668795890941193	0.7313705919540281	other	BIFENDATE	0.9766759551969475
1	86	-0.03659641111923915	0.7379818672661772	other	REBASTINIB	0.9780567853884647
1	91	-0.036574586516420926	0.7307023686848385	other	METOLAZONE	0.9766759551969475
1	90	-0.03657271739612233	0.7321824543408085	other	PIPERAQUINE-PHOSPHATE	0.9769095167683738
1	96	-0.03656452203974551	0.72357646747067	other	5-OCTANOYLSALICYLIC-ACID	0.9759174434856174
1	91	-0.036558660286716414	0.730815153506112	other	FENOTEROL	0.9766759551969475
1	84	-0.03647905719592857	0.7418260754874695	other	MR-948	0.9780567853884647
1	90	-0.036424549736178556	0.7332267103496214	other	METFORMIN	0.9775326164526217
1	91	-0.036423287334228026	0.7317740552455995	other	TORIN-2	0.9768336676942592
1	88	-0.03637628453070242	0.7365149239530614	other	CEFMINOX	0.9777542497096335
1	86	-0.03625676925270328	0.7403269909470765	other	TIFENAZOXIDE	0.9780567853884647
1	96	-0.036144006297496534	0.726629353087071	other	VERICIGUAT	0.9759174434856174
1	90	-0.03610351980630037	0.7354909280025593	other	AMRINONE	0.9777542497096335
1	96	-0.03605583364186369	0.7272700182065719	other	BMS-935177	0.9759174434856174
1	96	-0.03601513857003314	0.727565773116167	other	MC1568	0.9759174434856174
1	86	-0.03599260335650873	0.7421526172007444	other	BUPICOMIDE	0.9780567853884647
1	91	-0.035961426672797066	0.7350486946566843	other	CIRAZOLINE	0.9777542497096335
1	90	-0.035774258339758634	0.7378155510318578	other	ACIPIMOX	0.9780567853884647
1	91	-0.0357464225717861	0.7365747164029857	other	EDELFOSINE	0.9777542497096335
1	90	-0.03572486911977738	0.7381644484285634	other	SILDENAFIL	0.9780567853884647
1	84	-0.03558808938209517	0.7479188266237664	other	AC-186	0.9780567853884647
1	84	-0.035577964747847066	0.7479881521298715	other	BRD:BRD-K68674163-001-01-7.1	0.9780567853884647
1	84	-0.035577964747847066	0.7479881521298715	other	VU0422288	0.9780567853884647
1	88	-0.03548691035069735	0.7427299834123092	other	BIPENAMOL	0.9780567853884647
1	86	-0.035445402571534286	0.7459387964489252	other	PUROMYCIN	0.9780567853884647
1	90	-0.035444996873216915	0.740142533119353	other	APOPTOSIS-ACTIVATOR-II	0.9780567853884647
1	86	-0.03542653357894896	0.7460694624586695	other	RAMIFENAZONE	0.9780567853884647
1	86	-0.03541709908265629	0.7461347981530758	other	SM-108	0.9780567853884647
1	90	-0.035412070726562744	0.7403753603296951	other	LY411575	0.9780567853884647
1	96	-0.0353640174207444	0.7323032555111358	other	SELITRECTINIB	0.9769095167683738
1	90	-0.03532152382326377	0.7410157556379603	other	DAPT	0.9780567853884647
1	85	-0.0352944625233043	0.7484522802304554	other	XYLOSE	0.9780567853884647
1	91	-0.03524474633609384	0.7401393988565167	other	METOXIBUTROPATE	0.9780567853884647
1	96	-0.0351401945256764	0.733934096625214	other	NAS-181	0.9775326164526217
1	90	-0.03511573540667518	0.742471854858675	other	CILOMILAST	0.9780567853884647
1	86	-0.03507745721612043	0.748488073583819	other	DASABUVIR	0.9780567853884647
1	96	-0.03495706670243895	0.7352693006169415	other	W-54011	0.9777542497096335
1	86	-0.0347566843421699	0.7507127264154465	other	MOFEGILINE	0.9782504198663841
1	96	-0.03466541868765337	0.7373973610012662	other	FLORIFENINE	0.9780567853884647
1	90	-0.034654769353516766	0.7457367988297128	other	YM-201636	0.9780567853884647
1	90	-0.034638306280189685	0.7458534874057582	other	NEDAPLATIN	0.9780567853884647
1	86	-0.034596297905194626	0.7518258178463024	other	3-HYDROXY-3-PHENYLPENTANAMIDE	0.9784512864601788
1	91	-0.03452806599939062	0.7452413163492497	other	BLEBBISTATIN-(-)	0.9780567853884647
1	90	-0.03451483323023653	0.7467288341888347	other	DERACOXIB	0.9780567853884647
1	90	-0.03450660169357299	0.7467872020749836	other	ROMIDEPSIN	0.9780567853884647
1	91	-0.03448028731027708	0.745581837873152	other	L-NAME	0.9780567853884647
1	91	-0.03447232419542482	0.7456385962130821	other	CLINOFIBRATE	0.9780567853884647
1	86	-0.03445478046080468	0.7528083785997619	other	SALVINORIN-A	0.9788534575939682
1	90	-0.034448980936928185	0.747195817231059	other	PODOPHYLLOTOXIN	0.9780567853884647
1	86	-0.034426476971926696	0.7530049380053684	other	POLYINOSINE	0.9788534575939682
1	96	-0.034400900720754815	0.7393291772798007	other	ASAPIPRANT	0.9780567853884647
1	90	-0.034383128643619844	0.7476628914964084	other	ONX-0914	0.9780567853884647
1	96	-0.03434664062498076	0.7397256478682143	other	SR-2211	0.9780567853884647
1	88	-0.03432455993722538	0.7508774812155627	other	FENACLON	0.9782504198663841
1	90	-0.03430904481364795	0.7481884588895487	other	PROADIFEN	0.9780567853884647
2	86	-0.03418922857854524	0.5286046632124803	other	RITODRINE	0.9731018416736845
1	91	-0.03397861107458482	0.7491602525762288	other	IRBESARTAN	0.9782055228459823
1	96	-0.033892212322873	0.7430487517810839	other	TALSACLIDINE	0.9780567853884647
1	91	-0.033875090581505465	0.7498993197135632	other	OMECAMTIV-MECARBIL	0.9782504198663841
1	91	-0.033851201236948694	0.7500699057536547	other	CIANIDANOL	0.9782504198663841
1	91	-0.03383527500724418	0.7501836364563237	other	LINOPIRDINE	0.9782504198663841
1	90	-0.033765763393854106	0.752046120178642	other	EUPATILIN	0.9785404300911438
1	91	-0.03373175451416483	0.750923016038679	other	NAPROXEN	0.9782504198663841
1	91	-0.033699902054755794	0.7511505627261258	other	MARIBAVIR	0.9782504198663841
1	88	-0.03365532788098394	0.7555809403285754	other	GARENOXACIN	0.9793978945733219
1	96	-0.03354630421231335	0.745581443772754	other	RISEDRONATE	0.9780567853884647
1	91	-0.033429156149779024	0.7530855667239162	other	CYCLOPENTHIAZIDE	0.9788534575939682
1	91	-0.03341322992007451	0.7531994381192089	other	PS178990	0.9788534575939682
1	96	-0.03337674141301941	0.746823950202934	other	DORSOMORPHIN	0.9780567853884647
1	96	-0.03336995890104765	0.7468736639546226	other	EMIXUSTAT	0.9780567853884647
1	91	-0.033238041393324834	0.7544523713072567	other	KYNURENIC-ACID	0.9790209587551705
1	90	-0.033206018900733165	0.7560270569581493	other	LAMIVUDINE	0.9794722361063463
2	92	-0.033157497039653205	0.7537009766435434	other	NASTORAZEPIDE	0.9788983692637152
1	88	-0.03315340383880286	0.759114395394512	other	AMG-337	0.9799671782537764
1	88	-0.03309176404414904	0.7595486709801031	other	CALCIPOTRIOL	0.9799671782537764
1	91	-0.033078779096279674	0.7555919531047363	other	UNC1215	0.9793978945733219
1	85	-0.03288091539061987	0.765138937557593	other	ISOFLURANE	0.9799671782537764
1	91	-0.032792106961598386	0.7576445167662841	other	SGI-1027	0.9799671782537764
1	90	-0.03274505284757475	0.7593102669544166	other	ALCLOMETASONE-DIPROPIONATE	0.9799671782537764
1	90	-0.03272858977424766	0.7594276037401089	other	MOCETINOSTAT	0.9799671782537764
1	84	-0.03271269325563286	0.7676857052864019	other	KW-3902	0.9799671782537764
1	90	-0.03271212670092058	0.7595449459689015	other	ZAMIFENACIN	0.9799671782537764
1	91	-0.03268062335366677	0.7584431907264494	other	PIMECROLIMUS	0.9799671782537764
1	90	-0.03264627440761223	0.7600143692652425	other	6-CHLOROMELATONIN	0.9799671782537764
1	86	-0.03262448818002809	0.7655510844835144	other	HLCL-61	0.9799671782537764
1	91	-0.03261691843484871	0.7588996896989134	other	LY2874455	0.9799671782537764
1	96	-0.03256283997640849	0.7527969464940758	other	TOLONIUM	0.9788534575939682
1	91	-0.0325054348269171	0.7596987616128227	other	HEMOMEX-S	0.9799671782537764
2	85	-0.03240765618759019	0.5160212532229977	other	PHENAZOPYRIDINE	0.9731018416736845
1	90	-0.032399328307705935	0.7617754791891806	other	U-0124	0.9799671782537764
1	96	-0.03234579959331225	0.7543922244030257	other	TAK-779	0.9790209587551705
2	92	-0.03219125258920619	0.7603647821207244	other	TETRACYCLINE	0.9799671782537764
1	91	-0.03209931596945194	0.7626117936026451	other	CLADRIBINE	0.9799671782537764
1	91	-0.03207542662489517	0.7627832518496924	other	AGN-192403	0.9799671782537764
1	96	-0.03206093409049843	0.7564875914387137	other	PIPOTIAZINE	0.9794722361063463
1	90	-0.03202067762118295	0.7644782016512884	other	FENOFIBRIC-ACID	0.9799671782537764
1	90	-0.03197128840120169	0.7648309394092724	other	ROLIPRAM	0.9799671782537764
1	86	-0.031907466461785716	0.7705603189710045	other	GINKGOLIDE-B	0.9799671782537764
1	88	-0.03189419089087489	0.7680006547189807	other	TERUTROBAN	0.9799671782537764
1	90	-0.031880741497902716	0.7654777497948145	other	BOPINDOLOL	0.9799671782537764
1	88	-0.0318765795209738	0.7681251537466032	other	TRICLOCARBAN	0.9799671782537764
1	90	-0.031864278424575634	0.7655953689668681	other	EPINASTINE	0.9799671782537764
1	91	-0.03184449629417969	0.7644412703299581	other	SKF-83566	0.9799671782537764
1	86	-0.031765949017395774	0.7715501024053998	other	GPR120-MODULATOR-1	0.9799671782537764
1	96	-0.031721808491910544	0.7589843737388607	other	3-MATIDA	0.9799671782537764
1	86	-0.0317093420396398	0.7719461181456901	other	MEPHENYTOIN	0.9799671782537764
1	91	-0.03160560284861194	0.7661575795418581	other	INDACATEROL	0.9799671782537764
1	91	-0.03139856186245323	0.7676459609700057	other	TENATOPRAZOLE	0.9799671782537764
1	91	-0.03128707825452163	0.7684477465579946	other	GLICLAZIDE	0.9799671782537764
1	96	-0.03113851246233939	0.7632846148084197	other	WAY-255348	0.9799671782537764
1	90	-0.031074050904875486	0.7712472895903173	other	RO-19-4605	0.9799671782537764
1	90	-0.031049356294884856	0.7714241062744093	other	QUINESTROL	0.9799671782537764
1	91	-0.030976516775283562	0.7706825740223187	other	HALOPERIDOL	0.9799671782537764
1	91	-0.03096855366043131	0.7707399019930578	other	DICLOFENAMIDE	0.9799671782537764
1	91	-0.030920774971317757	0.7710838956614748	other	OTENZEPAD	0.9799671782537764
1	88	-0.030863925751661095	0.7752936378854065	other	TOFISOPAM	0.9799671782537764
1	86	-0.03074702341778819	0.7786872352095355	other	URB597	0.9799671782537764
1	90	-0.03066247407169833	0.774195752595959	other	CLOBAZAM	0.9799671782537764
1	91	-0.030586324147522923	0.7734930870604846	other	PHENTERMINE	0.9799671782537764
1	96	-0.03056878145671174	0.7674918006739216	other	PBI-4050	0.9799671782537764
1	90	-0.030522537948418093	0.7751989620493269	other	IXAZOMIB-CITRATE	0.9799671782537764
1	96	-0.030500956336994168	0.7679931081896286	other	GSK2193874	0.9799671782537764
1	91	-0.03046687742473905	0.7743540340226481	other	ACDPP	0.9799671782537764
1	91	-0.030450951195034538	0.7744688475899596	other	SAPROPTERIN	0.9799671782537764
1	86	-0.03041681604754499	0.7810041646812261	other	THZ1-R	0.9799671782537764
1	86	-0.03041681604754499	0.7810041646812261	other	GUANADREL	0.9799671782537764
1	90	-0.030399064898464945	0.7760844532764574	other	MCPP	0.9799671782537764
1	90	-0.03036613875181077	0.7763206326413926	other	ASP3026	0.9799671782537764
1	91	-0.030339467587102927	0.775272678197978	other	PROXYMETACAINE	0.9799671782537764
1	96	-0.030317828513756712	0.7693471149955802	other	INCB-057643	0.9799671782537764
1	91	-0.030132426600944215	0.7767661340849559	other	CS-110266	0.9799671782537764
1	90	-0.030127424188568022	0.7780335396977812	other	ALOSETRON	0.9799671782537764
1	86	-0.030086608677301792	0.7833230049205957	other	ACETRIAZOIC-ACID	0.9799671782537764
1	86	-0.030086608677301792	0.7833230049205957	other	GDC-0994	0.9799671782537764
1	90	-0.030028645748605507	0.7787426395391835	other	REBOXETINE	0.9799671782537764
1	90	-0.029987488065287785	0.7790381512793743	other	PRONETHALOL	0.9799671782537764
3	90	-0.02988870962532527	0.770295301867085	other	CEFOSELIS	0.9799671782537764
1	86	-0.029869615262570547	0.7848478453418484	other	TEGASEROD	0.9799671782537764
1	86	-0.029869615262570547	0.7848478453418484	other	BEGACESTAT	0.9799671782537764
1	90	-0.02986401501533464	0.7799248747181607	other	KU-60019	0.9799671782537764
1	91	-0.029670565939513255	0.780100606366648	other	ALTRETAMINE	0.9799671782537764
1	90	-0.029658226598746062	0.7814033721182295	other	DONEPEZIL	0.9799671782537764
1	88	-0.02963112985858476	0.7840458913063998	other	HYDROXYPROGESTERONE-ACETATE	0.9799671782537764
1	88	-0.029622324173634213	0.7841085054708307	other	PHENINDIONE	0.9799671782537764
1	96	-0.029612447268693918	0.7745689847027434	other	PAVINETANT	0.9799671782537764
1	96	-0.02949036205320228	0.7754737965925973	other	DEBIO-0932	0.9799671782537764
1	91	-0.029463524953354546	0.7815966656091655	other	GSK429286A	0.9799671782537764
1	90	-0.029444206645493933	0.7829418335098054	other	AVANAFIL	0.9799671782537764
1	91	-0.029423709379093256	0.7818844605983092	other	EMPAGLIFLOZIN	0.9799671782537764
1	91	-0.029415746264240997	0.7819420231204763	IFN_inducer_or_IFNR_agonist	PIDOTIMOD	0.9799671782537764
1	88	-0.029384570679969493	0.7857996057222842	other	NITENPYRAM	0.9799671782537764
1	96	-0.029307234229964823	0.7768315765926482	other	M8-B	0.9799671782537764
1	90	-0.029304270522213703	0.7839482022337538	other	MATRINE	0.9799671782537764
1	91	-0.02928037331175261	0.7829207653931339	other	LB42708	0.9799671782537764
1	91	-0.029240557737491325	0.7832086951319079	other	DS2-(806622)	0.9799671782537764
1	90	-0.02923841822890536	0.7844219105446582	other	CGP-53353	0.9799671782537764
1	91	-0.029216668392934547	0.783381466988854	other	DEXCHLORPHENIRAMINE	0.9799671782537764
1	90	-0.029123176715615755	0.7852510889119245	other	AZELNIDIPINE	0.9799671782537764
1	84	-0.029007077120825796	0.7933786196950087	other	ML204	0.9799671782537764
1	91	-0.029001664291923586	0.784936885269367	other	BGT226	0.9799671782537764
1	90	-0.02899147212899906	0.7861990146265211	other	ER-27319	0.9799671782537764
1	90	-0.028933851372354262	0.7866138301839783	other	ACIVICIN	0.9799671782537764
1	91	-0.028882217569139716	0.7858013719165778	other	SIGUAZODAN	0.9799671782537764
1	88	-0.028856229582936776	0.7895611525926808	other	A-33903	0.9799671782537764
1	91	-0.028850365109730686	0.786031945594648	other	LAMOTRIGINE	0.9799671782537764
1	96	-0.028791763320111238	0.7806570667345084	other	SODIUM-ASCORBATE	0.9799671782537764
1	90	-0.02877745217574694	0.7877400578863032	other	AMINOLEVULINIC-ACID-BENZYL-ESTER	0.9799671782537764
2	87	-0.028768173388118996	0.7086771399247558	other	10-DEACETYLBACCATIN	0.9752738645179797
1	91	-0.028738881501799072	0.786839098639377	other	CHLORPROMAZINE	0.9799671782537764
1	85	-0.0286987365534177	0.7943043041704407	other	DAPTOMYCIN	0.9799671782537764
1	90	-0.028695136809111507	0.788332984722002	other	BROMPERIDOL	0.9799671782537764
1	90	-0.028686905272447966	0.7883922840414909	other	DIMETRIDAZOLE	0.9799671782537764
1	90	-0.02859635836914899	0.7890446560310964	other	PARTHENOLIDE-(-)	0.9799671782537764
1	91	-0.028563692975049394	0.7881079366859678	other	DIOXYBENZONE	0.9799671782537764
1	91	-0.02850795117108359	0.7885117739949024	other	TEPRENONE	0.9799671782537764
1	91	-0.028404430678004234	0.7892619057444002	other	IOCETAMIC-ACID	0.9799671782537764
1	91	-0.02838054133344746	0.7894350403721536	other	SEW-2871	0.9799671782537764
1	90	-0.02834941226924269	0.7908245901571388	other	METARAMINOL	0.9799671782537764
1	85	-0.028337193055809097	0.7968395551370051	other	DIANHYDROGALACTITOL	0.9799671782537764
1	90	-0.02826709690260727	0.7914181403681851	other	GINKGOLIDE-A	0.9799671782537764
1	90	-0.02826709690260727	0.7914181403681851	other	EBASTINE	0.9799671782537764
1	86	-0.02822801290764721	0.7964094927402887	other	CLIOQUINOL	0.9799671782537764
1	90	-0.028184781535971835	0.7920118094591944	other	DALFAMPRIDINE	0.9799671782537764
1	91	-0.02814164788787972	0.7911669474785124	other	EX-527	0.9799671782537764
1	91	-0.028085906083913918	0.7915712053455525	other	LATREPIRDINE	0.9799671782537764
1	90	-0.027904909289411365	0.7940311692398658	other	AZ191	0.9799671782537764
1	91	-0.027894791327459725	0.7929576500665655	other	BAM7	0.9799671782537764
1	90	-0.027888446216084273	0.794149997518172	other	GEMIFLOXACIN	0.9799671782537764
1	91	-0.027878865097755206	0.7930732162389793	other	MOXIDECTIN	0.9799671782537764
1	91	-0.027878865097755206	0.7930732162389793	other	MEDORINONE	0.9799671782537764
1	96	-0.02787612420392396	0.7874651890656558	other	CT7001	0.9799671782537764
1	91	-0.02786293886805069	0.7931887868790943	other	DIPHEMANIL	0.9799671782537764
1	85	-0.027750906302930294	0.8009552393872862	other	TRICHOSTATIN-A	0.9799671782537764
1	88	-0.027720296224316442	0.7976647077808559	other	FOROPAFANT	0.9799671782537764
1	90	-0.027715583946149876	0.795397977447563	other	EPEREZOLID	0.9799671782537764
1	84	-0.02765037613157949	0.8028422518903872	other	TOYOCAMYCIN	0.9801988503312041
1	91	-0.02763997165218747	0.7948072436139777	other	TYRPHOSTIN-A9	0.9799671782537764
2	87	-0.02759910137606461	0.6478196539580755	other	TRIAMCINOLONE	0.9748796190609336
1	91	-0.027552377388812627	0.7954433039268285	other	DEXAMETHASONE-ACETATE	0.9799671782537764
1	84	-0.027518755886354104	0.8037619012265816	other	TIPIRACIL	0.9801988503312041
1	88	-0.027482542730651725	0.7993635464980533	other	LOREDIPLON	0.9799671782537764
1	91	-0.02740904132147199	0.7964844180367455	other	METENKEPHALIN	0.9799671782537764
1	91	-0.02740904132147199	0.7964844180367455	other	TPCA-1	0.9799671782537764
1	96	-0.027347088270126857	0.7914061034757259	other	RP-001	0.9799671782537764
1	90	-0.02729577557630917	0.7984309227189922	other	TALADEGIB	0.9799671782537764
1	90	-0.027262849429654998	0.7986689279008344	other	N-SALICOYLAMINOPHENOL	0.9799671782537764
1	91	-0.027257742139279083	0.7975837581939373	other	CGP-37849	0.9799671782537764
1	91	-0.02723385279472231	0.7977573743613005	other	ERDOSTEINE	0.9799671782537764
1	88	-0.027183149442333177	0.8015041516932132	other	EZUTROMID	0.9799671782537764
1	96	-0.027157177934917644	0.7928220769065961	other	ALISPORIVIR	0.9799671782537764
1	90	-0.02711468176971122	0.7997401784711112	other	AMIKACIN	0.9799671782537764
1	84	-0.02711377051642984	0.8065932591949329	other	MACELIGNAN	0.9801988503312041
1	96	-0.027069005279284793	0.7934797220112819	other	NS-1643	0.9799671782537764
1	90	-0.02697474564643098	0.8007522553135906	other	BENAZEPRIL	0.9799671782537764
1	90	-0.026917124889786183	0.8011690885082863	other	ABT-491	0.9799671782537764
1	91	-0.026859586396666187	0.800478639784269	other	VT-464	0.9799671782537764
1	91	-0.026827733937257153	0.8007103473019804	other	AMODIAQUINE	0.9799671782537764
1	90	-0.02682657798648721	0.8018242244788787	other	FK-888	0.9799671782537764
1	88	-0.026813310674410284	0.8041504496198602	other	SID-7969543	0.9801988503312041
1	96	-0.026655272049007576	0.7965675181359284	other	UBP-296	0.9799671782537764
1	96	-0.026634924513092306	0.7967194582588989	other	F-16915	0.9799671782537764
1	90	-0.026620789569898627	0.8033136785751953	other	SDZ-220-581	0.9801988503312041
1	96	-0.02650605678562891	0.7976819215347081	other	PSI-697	0.9799671782537764
1	96	-0.026424666641967815	0.7982899491343631	other	ITD-1	0.9799671782537764
1	88	-0.026408249166685202	0.8070513070053114	other	BUTOFILOLOL	0.9801988503312041
1	90	-0.026349148860001705	0.8052808326456501	other	RN-1734	0.9801988503312041
1	91	-0.02633402081641716	0.8043040063929711	other	NOMIFENSINE	0.9801988503312041
2	93	-0.02632654400804278	0.8017572307167669	other	ESOMEPRAZOLE	0.9799671782537764
1	86	-0.026265637678773338	0.8102879091927535	other	VTP-27999	0.9818532451071066
1	91	-0.026190684749076515	0.8053480922873645	other	CGP-71683	0.9801988503312041
1	86	-0.026095816745505408	0.8114917508416901	other	I-BRD9	0.9821396593927026
1	91	-0.026039385566883615	0.8064505531785453	other	AMTOLMETIN-GUACIL	0.9801988503312041
1	90	-0.02602811893012352	0.8076072128620889	other	PNU-37883	0.9801988503312041
2	87	-0.026015987872695125	0.48776111583619974	other	DESONIDE	0.9697530178074367
1	90	-0.02599519278346935	0.8078459109113211	other	DMNB	0.9803039799951762
1	91	-0.025983643762917806	0.8068568184255858	other	IBUDILAST	0.9801988503312041
1	86	-0.025973168293700794	0.8123614644893007	other	LY3009120	0.9821589650319505
1	96	-0.025956673315916542	0.8017884337233433	other	WYE-687	0.9799671782537764
1	90	-0.025937572026824545	0.8082636747937257	other	SDM25N	0.9803791434924081
1	91	-0.02593586507380426	0.8072050865596107	other	CGP-54626	0.9801988503312041
1	96	-0.025848153124368417	0.8026002380677488	other	GNF-7	0.9801988503312041
1	85	-0.02578684568078628	0.8147817410869957	other	CLODRONIC-ACID	0.9822485698610015
1	90	-0.025731783610235967	0.8097561265247742	other	CEFTIBUTEN	0.9815133493002435
1	86	-0.025633526427164932	0.8147710857671183	other	TOLRESTAT	0.9822485698610015
1	96	-0.025603982693385142	0.8044275631687876	other	MK-8998	0.9801988503312041
1	90	-0.02560007902361927	0.8107116529576238	other	ZSTK-474	0.9820783743280244
1	84	-0.02551407830522897	0.817801129485918	other	PDP-EA	0.9831017593232279
1	96	-0.025475114965921745	0.8053924094753309	other	APYRAMIDE	0.9801988503312041
1	96	-0.025305552166627804	0.8066623882001066	other	CC-90003	0.9801988503312041
1	91	-0.02517140604798749	0.8127824422899719	other	4-ACETYL-1,1-DIMETHYLPIPERAZINIUM	0.9821589650319505
1	91	-0.025083811784612654	0.8134221164700736	other	ADATANSERIN	0.9821589650319505
1	91	-0.025012143750942333	0.8139455772883462	other	LABETALOL	0.9821589650319505
1	84	-0.024977472690079317	0.8215690553512539	other	SIRREAL-2	0.9837915300968294
1	88	-0.02493769977994414	0.8176043355947888	other	MIOCAMYCIN	0.9831017593232279
1	86	-0.024916504708922555	0.8198636926535146	other	VERNAKALANT	0.9831017593232279
1	86	-0.024888201220044565	0.8200648712195154	other	CURCUMOL	0.9831017593232279
1	88	-0.024761586080933238	0.8188703916437066	other	SPIRAMYCIN	0.9831017593232279
1	86	-0.024708945790483976	0.8213392716500364	other	CHLORINDANOL	0.9837915300968294
1	96	-0.024640865993395555	0.8116455135849017	other	NBI-98782	0.9821413517117095
1	90	-0.024587600014003463	0.8180664212610448	other	THONZONIUM	0.9831017593232279
2	87	-0.024542950209547287	0.8218263066365927	other	MEQUINOL	0.9837915300968294
1	96	-0.024518780777903915	0.8125616045208853	other	DERAZANTINIB	0.9821589650319505
1	85	-0.024487243378571586	0.8239621430363548	other	VX-702	0.9839292170062944
1	96	-0.024478085706073367	0.8128670243293202	other	NS-5806	0.9821589650319505
1	88	-0.024470998477565245	0.8209603973663837	other	CEFCAPENE-PIVOXIL	0.9837915300968294
1	90	-0.02444766389072323	0.8190841884845875	other	CGP-52411	0.9831017593232279
1	90	-0.024431200817396147	0.8192039455377383	other	ACEGLUTAMIDE	0.9831017593232279
1	88	-0.024426970052812517	0.8212771742518798	other	GUACETISAL	0.9837915300968294
1	96	-0.024342435466638217	0.8138852923910501	other	ICA-069673	0.9821589650319505
1	84	-0.024329496098200485	0.826124387110527	other	ORG-25543	0.9839292170062944
1	90	-0.02431595930410654	0.8200423608205485	other	THIOSTREPTON	0.9831017593232279
1	96	-0.024274610346920644	0.8143945426124864	other	K145	0.9822485698610015
1	85	-0.024233185785657436	0.8257596161057615	other	SODIUM-DANSHENSU	0.9839292170062944
1	96	-0.024132177595513733	0.8154642190812117	other	RETAGLIPTIN	0.9823364522888227
1	96	-0.024105047547626702	0.8156680054174729	other	ALANOSINE	0.9823983488267993
1	90	-0.024093707814190873	0.8216598747742974	other	CYCLOHEXIMIDE	0.9837915300968294
1	86	-0.024057965546290236	0.8259712295157322	other	SR-140333	0.9839292170062944
1	96	-0.02405078745185264	0.8160756148820242	other	L-755507	0.9826897486894894
1	91	-0.024048606853819116	0.8209910600731724	other	G-15	0.9837915300968294
1	90	-0.0240031609108919	0.822319076041222	other	ADEFOVIR-DIPIVOXIL	0.9837915300968294
1	86	-0.024001358568534262	0.8263742921326844	other	TILETAMINE	0.9839292170062944
1	88	-0.023969074435384166	0.8245733422866006	other	BMS-587101	0.9839292170062944
1	91	-0.023897307671626216	0.8220986816659047	other	DIFLORASONE-DIACETATE	0.9837915300968294
1	84	-0.02387388755703568	0.8293308075637508	other	LRRK2-IN-1	0.9839292170062944
1	85	-0.023832556504523584	0.8285959121472557	other	ETIDRONIC-ACID	0.9839292170062944
1	96	-0.02372522687720827	0.8185222963464907	other	TAK-243	0.9831017593232279
1	84	-0.023691644140569762	0.8306141606209956	other	CYM-50769	0.9839292170062944
1	88	-0.0236256527223129	0.8270474676387948	other	BRD:BRD-K79450420-001-01-8.1	0.9839292170062944
1	90	-0.023624510224368914	0.8250770666735772	other	WZ4003	0.9839292170062944
1	90	-0.02354219485773348	0.825676911999182	other	CTS21166	0.9839292170062944
1	91	-0.023459336354752024	0.8253069127000592	other	THONZYLAMINE	0.9839292170062944
1	91	-0.023451373239899764	0.8253652708993913	other	TANDOSPIRONE	0.9839292170062944
1	86	-0.02341641979838916	0.8305418851605298	other	OAC2	0.9839292170062944
1	88	-0.023414316283499815	0.8285708466806101	other	ASPARTAME	0.9839292170062944
1	90	-0.023410490271116788	0.8266368724496834	other	ZALCITABINE	0.9839292170062944
1	85	-0.02340261288574579	0.8316421836084537	other	AGMATINE	0.9839292170062944
1	91	-0.023292110942854608	0.8265326336980878	other	EVP-6124	0.9839292170062944
1	91	-0.023276184713150093	0.82664939075407	other	IKK-2-INHIBITOR	0.9839292170062944
1	96	-0.02323688601524172	0.8221955743799861	other	BAY-61-3606	0.9837915300968294
1	91	-0.023236369138888803	0.8269412998720752	other	NSC-9965	0.9839292170062944
1	91	-0.02313284864580945	0.8277003735065948	other	OXICONAZOLE	0.9839292170062944
1	84	-0.02310441535417957	0.8347524105537819	other	CHR-6494	0.9842445687004757
3	96	-0.023101235775806566	0.48394027717370175	other	BMS-986020	0.9689653537761528
1	96	-0.023101235775806566	0.8232166139500061	other	BRD:BRD-K23952234-236-03-4.1	0.9839292170062944
1	96	-0.023101235775806566	0.8232166139500061	other	TYRPHOSTIN-AG-825	0.9839292170062944
1	91	-0.023085069956695903	0.8280507685983369	other	TRIOXSALEN	0.9839292170062944
1	96	-0.023067323215947778	0.8234719199325561	other	CQS	0.9839292170062944
1	96	-0.023046975680032507	0.8236251123483244	other	ESTRADIOL-3-O-SULFAMATE	0.9839292170062944
1	91	-0.02301340192302558	0.8285764242958467	other	MECAMYLAMINE	0.9839292170062944
1	91	-0.02298154946361655	0.828810073289347	other	NVP-BEZ235	0.9839292170062944
1	88	-0.02296522635102201	0.8318101243614675	other	CAPREOMYCIN	0.9839292170062944
2	88	-0.022863903935346618	0.8323284419493466	other	ORBIFLOXACIN	0.9839518788761334
1	91	-0.022822287166571385	0.8299785411889357	other	NOMEGESTROL-ACETATE	0.9839292170062944
1	86	-0.02280317753936608	0.8349161656793228	other	BUPHENINE	0.9842445687004757
1	90	-0.022784893484687506	0.8312001397185873	other	PARACETAMOL	0.9839292170062944
1	91	-0.022758582247753324	0.8304460320156585	other	CARGLUMIC-ACID	0.9839292170062944
1	96	-0.022741762641303412	0.8259237890164455	other	LUSUTROMBOPAG	0.9839292170062944
1	86	-0.022718267072732116	0.8355222339861779	other	OMEGA-3-ACID-ESTERS	0.9842445687004757
1	88	-0.022665833062703467	0.8339712066039693	other	QUINAGOLIDE	0.9842142800749151
1	86	-0.022567315132049508	0.8365999253849357	other	GRANISETRON	0.984432843926852
1	91	-0.02252765191703784	0.8321411797024375	other	MALOTILATE	0.9839518788761334
1	96	-0.02248402718637662	0.8278660386144571	other	BMS-986158	0.9839292170062944
1	91	-0.02245598388336752	0.8326674164852892	other	LEVOBUNOLOL-(+)	0.9840057009172373
1	91	-0.02244802076851526	0.8327258917939078	other	TALAZOPARIB	0.9840057009172373
1	90	-0.02242270587149161	0.8338446004001937	other	MESNA	0.9842142800749151
1	86	-0.022359756213610926	0.8380822425276264	other	AZELAIC-ACID	0.9847389965973532
1	91	-0.0222887584714701	0.833895588626137	other	O-1918	0.9842142800749151
1	88	-0.022207937445275116	0.8372787705345822	other	UNC0737	0.9845188372280498
1	91	-0.022193201093243006	0.8345975803902109	other	XALIPRODEN	0.9842445687004757
1	88	-0.0221462976506213	0.8377242367186043	other	DELAVIRDINE	0.9845188372280498
1	96	-0.02209064149201468	0.8308325189270191	other	GANT-61	0.9839292170062944
1	96	-0.02206351144412765	0.8310371917383119	other	SAROGLITAZAR	0.9839292170062944
1	86	-0.022057852332245713	0.8402393465293029	other	BET-BAY-002	0.985529731280555
1	91	-0.022025975681345587	0.8358263774944911	other	CB-10-277	0.9842445687004757
1	96	-0.02199568632441007	0.8315489230747556	other	EXO-IWR-1	0.9839292170062944
1	86	-0.02198237636190441	0.8407788073257366	other	FENSPIRIDE	0.985529731280555
1	88	-0.021978989636560944	0.8389336164539913	other	EVATANEPAG	0.9852005996834448
1	96	-0.02196855627652304	0.8317536352978059	other	LYLAMINE	0.9839292170062944
1	86	-0.02194463837673376	0.8410485652768124	other	INTEGRIN-ANTAGONIST-1	0.985529731280555
1	86	-0.021888031398977784	0.8414532365592803	other	FPS-ZM1	0.9855757234398314
1	86	-0.02173707945829518	0.8425325608110773	other	2-IMINOBIOTIN	0.9855757234398314
1	91	-0.021643746168437207	0.8386365315532991	other	PX-12	0.9852005996834448
1	90	-0.021574857595146664	0.8400422208726542	other	10058-F4	0.985529731280555
1	84	-0.021545221679971135	0.8457617033450855	other	AUTOTAXIN-MODULATOR-1	0.9855757234398314
1	88	-0.021529899704083134	0.842181686987575	other	VESNARINONE	0.9855757234398314
1	91	-0.021484483871392044	0.8398080284847708	other	P276-00	0.985529731280555
1	90	-0.021484310691847686	0.8407046860896548	other	SCLAREOLIDE	0.985529731280555
1	90	-0.021451384545193512	0.840945610049279	other	IKK-2-INHIBITOR-V	0.985529731280555
1	96	-0.02120891493568618	0.8374900886587126	other	PI3KD-IN-2	0.9845188372280498
1	84	-0.021200984115535504	0.8481963931626219	other	KL-001	0.9855757234398314
1	96	-0.021195349911742666	0.8375926035610062	other	LENIOLISIB	0.9845188372280498
1	90	-0.02117151229863305	0.8429940526780784	other	TIOTIDINE	0.9855757234398314
2	88	-0.02115940407734555	0.8448151620129104	other	DELANZOMIB	0.9855757234398314
1	84	-0.021140236310046863	0.8486261926123291	other	TC-S-7004	0.9855757234398314
1	91	-0.02111021747333592	0.8425624154244689	other	OXAPROZIN	0.9855757234398314
1	84	-0.021099737773054433	0.8489127501300741	other	TC-FPR-43	0.9855757234398314
1	96	-0.021019004600476968	0.8389255435598878	other	CANGRELOR	0.9852005996834448
1	86	-0.020991754251174815	0.8478659463287057	other	RO-48-8071	0.9855757234398314
1	85	-0.020949979969536108	0.849065986307922	other	DITIOCARB-SODIUM-TRIHYDRATE	0.9855757234398314
1	96	-0.020944396968787634	0.8394896168426329	other	PRN1371	0.985529731280555
1	96	-0.020903701896957085	0.8397973273928561	other	ATENOLOL-(+)	0.985529731280555
1	91	-0.020903176487177214	0.8440869349183633	other	GANAXOLONE	0.9855757234398314
1	91	-0.020903176487177214	0.8440869349183633	other	BAY-K-8644-(+/-)	0.9855757234398314
1	90	-0.020817556222100686	0.8455862243678173	other	PKI-179	0.9855757234398314
1	96	-0.020795181705408963	0.8406180065287425	other	VOCLOSPORIN	0.985529731280555
1	90	-0.020784630075446515	0.8458274406034179	other	CLONAZEPAM	0.9855757234398314
1	90	-0.020743472392128804	0.8461289808687387	other	EFATUTAZONE	0.9855757234398314
1	84	-0.02068462776888206	0.851851088213893	other	NSC5844	0.9859996614521017
1	84	-0.02068462776888206	0.851851088213893	other	BRD:BRD-K73799155-001-01-5.1	0.9859996614521017
1	96	-0.020652748954002056	0.8416954064725315	other	BMS-566419	0.9855757234398314
1	90	-0.020570610122194397	0.8473956913705026	other	SULINDAC	0.9855757234398314
1	91	-0.0205448363188256	0.8467268805286835	other	BIBN4096	0.9855757234398314
1	86	-0.020491725947663686	0.851447894089611	other	L-778123	0.9859996614521017
1	88	-0.02048202319496825	0.8497706944616075	other	VX-745	0.9858479223785155
1	90	-0.020455368608904793	0.8482403805604544	other	IRL-2500	0.9855757234398314
2	86	-0.020436738993286435	0.5974451799771912	other	ABIRATERONE-ACETATE	0.9731018416736845
1	91	-0.020409463366337217	0.8477246352234122	other	CLOCORTOLONE-PIVALATE	0.9855757234398314
1	96	-0.020239015723724836	0.8448266443332844	other	NS-19504	0.9855757234398314
1	88	-0.02023546401635298	0.8515583593501178	other	EPALRESTAT	0.9859996614521017
1	90	-0.02021665404566204	0.8499906378508131	other	HALOFUGINONE	0.9858479223785155
1	90	-0.020175496362344322	0.8502924800449935	other	ROLIPRAM-R(-)	0.9858479223785155
1	90	-0.020175496362344322	0.8502924800449935	other	BRD:BRD-K75516118-001-03-3.1	0.9858479223785155
1	91	-0.020019270738576574	0.8506018536257294	other	LAFUTIDINE	0.9858479223785155
1	91	-0.019987418279167547	0.850836815483436	other	12-O-TETRADECANOYLPHORBOL-13-ACETATE	0.9858479223785155
1	86	-0.01985018019976261	0.8560480022957819	other	LM11A-31	0.9865125929563568
1	88	-0.019751151344072994	0.8550720182317609	other	MEDRONIC-ACID	0.9861729978858274
1	96	-0.01964893718218192	0.8492966733323578	other	AZASERINE	0.9855757234398314
1	84	-0.019570918001590318	0.8597443050559156	other	NBI-74330-(+/-)	0.9869193034009525
1	91	-0.019525557617736583	0.8542452153699862	other	ACENEURAMIC-ACID	0.9861729978858274
1	84	-0.019520294830349786	0.8601034208238988	other	LMI070	0.9870440894838617
1	91	-0.019493705158327546	0.8544803767791755	other	3-CARBOXY-4-HYDROXYPHENYLGLYCINE-(S)	0.9861729978858274
1	96	-0.019465809358944465	0.8506849005676426	other	MANGAFODIPIR	0.9858479223785155
1	88	-0.019425341000902815	0.8574373462780399	other	EXISULIND	0.9869193034009525
1	91	-0.01941407400980497	0.8550683358585373	other	TRICLOSAN	0.9861729978858274
1	91	-0.019390184665248195	0.8552447390240668	other	ETHAMBUTOL	0.9861729978858274
1	91	-0.01926277482761207	0.85618567581154	other	IODODEXETIMIDE	0.9865125929563568
1	86	-0.019255806933324852	0.8603141613122663	other	CEFEPIME	0.9871101964789728
1	88	-0.019152364767435915	0.8594200772349952	other	NOLATREXED	0.9869193034009525
1	90	-0.01911362813274725	0.8580873424527842	other	OXYCLOZANIDE	0.9869193034009525
1	96	-0.019072423664582523	0.8536685532552277	other	RIODOXOL	0.9861729978858274
1	90	-0.018957228936139933	0.8592365915454684	other	DOMPERIDONE	0.9869193034009525
1	91	-0.018944250233521746	0.8585388943638039	other	5'-CHLORO-5'-DEOXY-ENBA-(+/-)	0.9869193034009525
1	90	-0.01892430278948576	0.8594785761595735	other	LEVALBUTEROL	0.9869193034009525
2	88	-0.018899024243404967	0.5168139125078939	other	CHLOROXINE	0.9731018416736845
2	88	-0.018887739889298448	0.7538398239257031	other	CYTISINE	0.9788983692637152
1	96	-0.01887573081740155	0.8551611550267402	other	DELPAZOLID	0.9861729978858274
1	90	-0.018874913569504503	0.8598415773967963	other	TOLFENAMIC-ACID	0.9869193034009525
1	91	-0.01881684039588562	0.8594805290355896	JAK_inhibitor_core	AZD1480	0.9869193034009525
1	96	-0.01879434067374046	0.855778932848074	other	AVE-0991	0.9864719243810238
1	85	-0.0186243758497835	0.8656546400894134	other	CREATINOL-PHOSPHATE	0.9883458750254092
1	90	-0.018529189029635684	0.8623833970979315	other	NALMEFENE	0.9877271611198771
1	91	-0.018522205146352076	0.8616588096403339	other	NSC-697923	0.9876513339819238
1	91	-0.018506278916647557	0.8617765841611725	other	NBQX	0.9876513339819238
1	88	-0.018500744081095567	0.8641565475634956	other	MABUPROFEN	0.9881768858602612
1	86	-0.018444440252155848	0.8661442519420627	other	LX7101	0.9883458750254092
1	96	-0.018421302515293787	0.8586115218322915	other	OP-0595	0.9869193034009525
1	96	-0.018387389955435	0.8588691193081236	other	ESONARIMOD	0.9869193034009525
1	86	-0.01835009528922922	0.866822640076255	other	CPI-360	0.9884709241367285
1	88	-0.01828940764228248	0.8656937389837206	other	TAVABOROLE	0.9883458750254092
1	96	-0.018285652275858634	0.8596420003292599	other	A-381393	0.9869193034009525
1	86	-0.018076494896741995	0.8687905087658683	other	DIAZOOXONORLEUCINE	0.9897885506371132
1	96	-0.0180346993329036	0.8615490044944033	other	CFI-400945	0.9876513339819238
1	96	-0.017994004261073053	0.8618583235569844	other	DG051	0.9876513339819238
1	96	-0.017973656725157786	0.8620129909083261	other	IBERDOMIDE	0.9876529931381212
1	91	-0.0177975616947966	0.867020571683069	other	CINTRIAMIDE	0.9884709241367285
1	96	-0.017783746389948566	0.863456803119843	other	MONOCROTALINE	0.9877271611198771
1	91	-0.01774978300568305	0.8673743086585971	other	PENTOXIFYLLINE	0.98856591459749
1	88	-0.017690621065645406	0.8700518077358765	other	CITICOLINE	0.9906595722312473
1	91	-0.01767015185716047	0.8679639282693119	other	PONATINIB	0.9890216513388695
1	96	-0.017559923494880565	0.8651590147841146	other	DH-97	0.9883458750254092
1	96	-0.017512445911078263	0.8655201694097128	other	GAMITHROMYCIN	0.9883458750254092
1	91	-0.01731977480366112	0.8705591081037394	other	HA-966-(R)-(+)	0.9906595722312473
1	86	-0.01726512821557299	0.8746309069710705	other	BI-847325	0.991777952104667
1	90	-0.017220374700132324	0.8720184793134996	other	TIROFIBAN	0.9916518818723579
1	85	-0.01704140161701071	0.8769798669264172	other	CAFFEIC-ACID	0.991777952104667
1	91	-0.01699328709471854	0.8729785783022019	other	PIRENOXINE	0.991777952104667
1	90	-0.016965197063562483	0.8738992389512785	other	LERSIVIRINE	0.991777952104667
1	91	-0.01696143463530951	0.8732146870867297	other	SKLB1002	0.991777952104667
1	90	-0.016858187086936424	0.874688153686437	other	METHOXSALEN	0.991777952104667
1	96	-0.016854542249817767	0.8705275532419418	other	PANIPENEM	0.9906595722312473
1	96	-0.016840977225874253	0.8706308527288266	other	CYCLUC1	0.9906595722312473
1	85	-0.01683620125350313	0.8784498139975733	other	MEZLOCILLIN	0.991777952104667
1	90	-0.01667709328033847	0.8760235186921315	other	SOFALCONE	0.991777952104667
1	91	-0.016634946926366932	0.875635438568173	other	DOXORUBICIN	0.991777952104667
1	84	-0.016604400166895045	0.8808341388323688	other	CZC-54252	0.9918835984615513
1	96	-0.01653576418714516	0.8729556620984453	other	PF-06840003	0.991777952104667
1	85	-0.016503972093538474	0.8808305986580123	other	IEM1754	0.9918835984615513
1	90	-0.016479536400413438	0.8774806761141011	other	PICOTAMIDE	0.991777952104667
1	90	-0.016405452570441546	0.8780272156305643	other	IXAZOMIB	0.991777952104667
1	90	-0.016273747983824857	0.8789989823726284	other	PHTPP	0.991777952104667
2	87	-0.016217320702154328	0.6748542009086116	other	IDOXURIDINE	0.9748796190609336
1	88	-0.01615843188425053	0.8812207031800373	other	TIARAMIDE	0.9918835984615513
1	88	-0.01615843188425053	0.8812207031800373	other	BROMANTAN	0.9918835984615513
1	84	-0.016138666991482135	0.8841531070030785	other	KI-20227	0.9923821918408225
1	96	-0.016060988349122122	0.8765741717255415	other	FUTIBATINIB	0.991777952104667
1	91	-0.01599789773818629	0.8803621310752541	other	TAK-715	0.9918835984615513
1	90	-0.015928023443956045	0.8815507189483266	other	PHA-680632	0.9919386869623538
1	85	-0.015839513773609155	0.8855953208367214	other	DEXFOSFOSERINE	0.9926384438949449
1	96	-0.01575577531039303	0.8789017023995821	other	TRANSCROCETINATE	0.991777952104667
1	91	-0.01573511494806178	0.882313122850041	other	BD-1047	0.9923390048754523
1	91	-0.015559926421312105	0.8836141748226903	other	PERHEXILINE	0.9923821918408225
2	91	-0.015540018634181457	0.5341981157864896	other	PASINIAZID	0.9731018416736845
2	88	-0.015523133343050341	0.7533496747011599	other	ASIATIC-ACID	0.9788534575939682
1	96	-0.015518387391381512	0.8807127172848552	other	A-784168	0.9918835984615513
1	84	-0.015470441131107092	0.8889185783597117	other	LU-AA-47070	0.9928049608359116
1	84	-0.015409693325618451	0.8893520010960089	other	CID-2011756	0.9928049608359116
1	91	-0.015344922320301138	0.8852113419328155	other	AM-630	0.9926384438949449
1	86	-0.015340490971869776	0.8885111650371583	other	NARINGENIN	0.9928049608359116
1	84	-0.015308446983137386	0.8900744444106008	other	BINA	0.9928049608359116
1	91	-0.015289180516335333	0.8856254974111342	other	BU226	0.9926384438949449
1	91	-0.015249364942074042	0.8859213415649423	other	PHCCC	0.9926384438949449
1	90	-0.01522011129089133	0.8867794477715593	other	PP-121	0.9928049608359116
1	96	-0.015219956864624174	0.8829902917719302	other	POTASSIUM-IODIDE	0.9923821918408225
1	91	-0.015185660023255979	0.8863947247078222	other	TYRPHOSTIN-AG-879	0.9928049608359116
1	91	-0.015161770678699204	0.8865722536697147	other	NKP-1339	0.9928049608359116
1	86	-0.015132932053431193	0.8900101395095488	other	LURASIDONE	0.9928049608359116
1	96	-0.015070741601245505	0.8841294372167348	other	CI-953	0.9923821918408225
1	90	-0.015014322874302754	0.8883003464438501	other	TU-2100	0.9928049608359116
1	88	-0.014960858730976377	0.8899667172451536	other	PREGABALIN	0.9928049608359116
1	90	-0.014923775971003776	0.8889696702566664	other	METRIZAMIDE	0.9928049608359116
1	91	-0.014906951003426948	0.8884662423691303	other	2-AMINOBENZENESULFONAMIDE	0.9928049608359116
1	88	-0.014855190511569834	0.8907390720389408	other	N-ACETYL-TYROSINE	0.9930307952893483
1	91	-0.014851209199461141	0.8888806362295387	other	ALPHA-METHYLHISTAMINE-DIHYDROBROMIDE-(S)-(+)	0.9928049608359116
1	91	-0.014787504280643078	0.8893542657610486	other	CUTAMESINE	0.9928049608359116
1	96	-0.014751963538572898	0.8865638530424084	other	DALBAVANCIN	0.9928049608359116
1	91	-0.014723799361825014	0.8898279341199882	other	DOXAZOSIN	0.9928049608359116
1	96	-0.01465700837096829	0.8872892028685986	other	GLPG1837	0.9928049608359116
1	91	-0.01454861083507534	0.8911307209704915	other	CLIDINIUM	0.9931205180826598
1	85	-0.014530140025513151	0.8949963647411505	other	ALLYLISOTHIOCYANATE	0.9946804426071477
1	96	-0.014433185475900286	0.8889993225487752	other	GSK3179106	0.9928049608359116
1	96	-0.014324665284352164	0.8898286549810142	other	BATEFENTEROL	0.9928049608359116
2	88	-0.01429679105131942	0.48515788526193526	other	RIFAMPIN	0.9693695916818967
1	90	-0.014207632281275518	0.8942661167170469	other	FOSTAMATINIB	0.9946804426071477
2	90	-0.014195379136985289	0.6478346997324753	other	TAGATOSE	0.9748796190609336
1	96	-0.014114407413227677	0.8914358233984284	other	FEBUPROL	0.9931205180826598
1	91	-0.013951377221155992	0.8955741909328795	other	CLENBUTEROL	0.994811870424475
1	91	-0.013887672302337927	0.896048353668415	JAK_inhibitor_core	CEP-33779	0.994811870424475
1	88	-0.013851342427207675	0.8980814226734236	other	EXAMORELIN	0.994811870424475
1	96	-0.013849889446329129	0.8934583676460597	other	PF-06260414	0.9943426515618959
1	91	-0.01383989361322438	0.8964039996853274	other	DESOXYCORTONE	0.994811870424475
1	96	-0.013809194374498584	0.893769589146842	other	BEBT-908	0.994517309104185
1	84	-0.013789751845921374	0.900921520503239	other	TUG-891	0.994811870424475
1	90	-0.013713740081462929	0.897921554244741	other	ROCILETINIB	0.994811870424475
1	84	-0.013708754771936518	0.9015005597050775	other	ML3403	0.994811870424475
1	84	-0.013708754771936518	0.9015005597050775	other	BRD:BRD-A29014990-001-02-3.1	0.994811870424475
1	91	-0.013664705086474702	0.8977082096367176	other	TRIMIPRAMINE	0.994811870424475
1	86	-0.013651716135483126	0.900718269781129	other	BMS-983970	0.994811870424475
1	91	-0.013585073937952122	0.8983011223680604	other	BIPERIDEN	0.994811870424475
1	88	-0.01354314345393859	0.9003374034725746	other	GONADORELIN	0.994811870424475
1	91	-0.01348155344487277	0.8990719923149783	other	BREXPIPRAZOLE	0.994811870424475
1	86	-0.013444157217044546	0.9022202353737424	other	TNP-470	0.994811870424475
1	91	-0.013425811640906964	0.8994871149554612	other	RAMIPRIL	0.994811870424475
1	96	-0.013388678632249606	0.8969864785477696	other	S49076	0.994811870424475
1	91	-0.013370069836941155	0.8999022646299036	other	ACETANILIDE	0.994811870424475
1	96	-0.013253028392814455	0.8980245428897655	other	DDR1-IN-1	0.994811870424475
1	90	-0.013236310954977425	0.9014571695867792	other	GW-501516	0.994811870424475
2	91	-0.013232860088851307	0.3135225930517025	other	1E-1-(2-HYDROXY-5-METHYLPHENYL)-1-DODECANONE-OXIME	0.9306744292541521
1	88	-0.013226138795718965	0.9026586661870324	other	METHARBITAL	0.994811870424475
1	91	-0.013155065735930194	0.9015038074460634	other	2-HYDROXYSACLOFEN	0.994811870424475
1	86	-0.013151687831971995	0.904337223722766	other	FLUVASTATIN	0.9955222930185363
1	96	-0.013144508201266331	0.8988551180959319	other	GSK2239633A	0.994811870424475
1	96	-0.013110595641407544	0.8991146952481004	other	BRL-44408	0.994811870424475
1	90	-0.013071680221706562	0.902676796480415	other	XAV-939	0.994811870424475
1	86	-0.013057342869045366	0.9050202663804876	other	NITROFURAZONE	0.9955222930185363
1	96	-0.013022422985774693	0.8997896454774063	other	ALX-40-4C	0.994811870424475
1	91	-0.013011729668589548	0.9025717220534938	other	PP242	0.994811870424475
1	86	-0.013010170387582053	0.9053618136199808	other	IGURATIMOD	0.9957280755151674
1	90	-0.013005827928398217	0.9031647106127411	other	PHENOTHIAZINE	0.9948393240959893
1	91	-0.012963950979476	0.9029277321983542	other	TECOVIRIMAT	0.9948136467874885
1	90	-0.012816502585136724	0.9045676633441355	other	DIPHENIDOL	0.9955222930185363
1	90	-0.012800039511809636	0.9046896731346927	other	BREFELDIN-A	0.9955222930185363
1	96	-0.012785035066763177	0.9016071723041065	other	EF5	0.994811870424475
1	90	-0.012758881828491922	0.9049947072803401	other	DONITRIPTAN	0.9955222930185363
1	84	-0.01274691451836638	0.9083805000999469	other	CPI-203	0.9964752884550405
1	86	-0.01263279053587554	0.9080948052732258	other	ESZOPICLONE	0.9964752884550405
1	91	-0.012486164088340522	0.9064888775004974	other	LOVASTATIN	0.9964575894215905
1	90	-0.012479009581931454	0.9070693026191573	other	RKI-1447	0.9964752884550405
2	88	-0.01242907249482338	0.7361307921376361	other	AMOXICILLIN	0.9777542497096335
2	85	-0.012389687676553853	0.910772896109274	other	NOVOBIOCIN	0.9964752884550405
1	96	-0.012357736812542444	0.904879993615927	other	OLUMACOSTAT-GLASARETIL	0.9955222930185363
1	90	-0.012339073458651218	0.9081068348923732	other	GW-405833	0.9964752884550405
1	91	-0.012263196872477298	0.9081513823474275	other	N20C	0.9964752884550405
1	88	-0.01223109639630735	0.9099500747009244	other	STANOZOLOL	0.9964752884550405
1	88	-0.012195873656505169	0.9102083178802854	other	NERBACADOL	0.9964752884550405
1	91	-0.012119860805136653	0.909220344804712	other	VOGLIBOSE	0.9964752884550405
1	90	-0.012042738138763666	0.9103044686364042	other	HYDROXYTOLUIC-ACID	0.9964752884550405
1	90	-0.01200158045544595	0.9106097492769691	other	DOBUTAMINE	0.9964752884550405
1	96	-0.011991481166067533	0.9076865370424806	other	R-1487	0.9964752884550405
1	96	-0.011950786094236986	0.907998445851258	other	GSK2981278	0.9964752884550405
1	91	-0.011920782933830204	0.9107052825586216	other	5,7-DICHLOROKYNURENIC-ACID	0.9964752884550405
1	91	-0.011809299325898592	0.9115369819754673	other	CEBRANOPADOL	0.9964752884550405
1	96	-0.01170661566325371	0.9098701901809798	other	TRABODENOSON	0.9964752884550405
1	90	-0.011565309012278162	0.9138465128493164	other	CDK1-5-INHIBITOR	0.9964752884550405
1	86	-0.011557257958511976	0.9158895882973421	other	EC-23	0.9966688429963371
1	90	-0.011524151328960446	0.9141519412456	other	NSC-663284	0.9964752884550405
1	86	-0.011500650980756002	0.9163000666628134	other	FLUNARIZINE	0.9966688429963371
1	91	-0.011474848502103757	0.9140326483556968	other	HYDROCORTISONE-ACETATE	0.9964752884550405
1	90	-0.011466530572315644	0.9145795619241218	other	CHINIOFON	0.9964752884550405
1	90	-0.011441835962325014	0.9147628353755562	other	AMLEXANOX	0.9964752884550405
1	90	-0.011425372888997927	0.9148850201515886	other	PIMETHIXENE	0.9964752884550405
1	90	-0.011408909815670842	0.915007206904395	other	5-HYDROXYMETHYL-TOLTERODINE	0.9964752884550405
1	96	-0.011387837600581098	0.9123145958306499	other	FLURBIPROFEN-AXETIL	0.9964752884550405
1	90	-0.01135952059568958	0.9153737789952863	other	BARASERTIB-HQPA	0.99653764218943
1	91	-0.011323549319910857	0.9151619155528762	other	AZALOMYCIN-B	0.9964752884550405
1	79	-0.01130734307950211	0.9212152223558762	other	IODIXANOL	0.9970129443038273
1	96	-0.011204709777343645	0.9137191996212476	other	ZOLEDRONIC-ACID	0.9964752884550405
1	85	-0.011188305534103937	0.9190527884354799	other	URETHANE	0.9970129443038273
1	96	-0.011170797217484856	0.9139793406661808	other	EMAMECTIN	0.9964752884550405
1	96	-0.011164014705513097	0.9140313699641778	other	L-760735	0.9964752884550405
1	91	-0.011092618989195373	0.9168858577363138	other	METRONIDAZOLE	0.9966688429963371
1	91	-0.011092618989195373	0.9168858577363138	other	AR-A014418	0.9966688429963371
1	86	-0.011076098647586172	0.9193793456098899	other	PREDNISOLONE	0.9970129443038273
1	91	-0.010989098496116019	0.9176587846230355	other	BL-5583	0.9968493841500092
1	91	-0.010965209151559246	0.9178371632574707	other	METIROSINE	0.9968493841500092
1	91	-0.010965209151559246	0.9178371632574707	other	CLOXACILLIN	0.9968493841500092
1	90	-0.01096440683583951	0.9183069861535501	other	RACLOPRIDE	0.9968687828807316
1	84	-0.010934604987955274	0.9213617008515288	other	ICA-121431	0.9970129443038273
1	91	-0.010925393577297958	0.9181344700121944	other	TRIPROLIDINE	0.9968493841500092
1	96	-0.01087236669072752	0.9162689698140029	other	LICOSTINEL	0.9966688429963371
1	90	-0.010824470712559275	0.919346094507297	other	URIDINE-TRIACETATE	0.9970129443038273
1	96	-0.010818106594953457	0.9166853400171199	other	ACOLBIFENE	0.9966688429963371
1	88	-0.010716518584813569	0.9210626188982186	other	BENTAZEPAM	0.9970129443038273
1	91	-0.01063872144261667	0.9202754083621864	other	AZELASTINE	0.9970129443038273
2	93	-0.010635886166285703	0.7049005053721448	other	BRD-K05804044-001-18-5	0.9752738645179797
1	85	-0.010631333118869069	0.9230698697961952	other	DICHLOROACETATE	0.9970129443038273
1	91	-0.01055112717924183	0.9209296980033456	other	KPT-276	0.9970129443038273
1	85	-0.010543390105937248	0.9237043245564829	other	PACOCF3	0.9970129443038273
1	91	-0.010495385375276025	0.9213460915617877	other	VU0155069	0.9970129443038273
1	91	-0.01047149603071925	0.9215245524391655	other	OSELTAMIVIR-CARBOXYLATE	0.9970129443038273
1	90	-0.010437588489372747	0.9222196227499273	other	AZD6482	0.9970129443038273
1	85	-0.010416361309480173	0.9246208432433667	other	YM-976	0.9970129443038273
1	91	-0.010344086193083123	0.9224764091747435	other	DUP-697	0.9970129443038273
1	90	-0.010322346976083141	0.9230757619426445	other	ESCITALOPRAM	0.9970129443038273
1	91	-0.010304270618821833	0.9227738868532323	other	L-701324	0.9970129443038273
1	86	-0.010292986900378215	0.9250623393961781	other	HEXAMETHONIUM	0.9970129443038273
1	91	-0.010280381274265058	0.9229523785602137	JAK_inhibitor_core	AZ960	0.9970129443038273
1	90	-0.010256494682774796	0.9235650237307735	other	DPPE	0.9970129443038273
1	91	-0.010176860781185706	0.9237258865859934	other	ZUCLOPENTHIXOL	0.9970129443038273
1	90	-0.010141253169485193	0.9244213001437088	other	TILMICOSIN	0.9970129443038273
1	90	-0.010124790096158106	0.9245436323947436	other	LONIDAMINE	0.9970129443038273
1	85	-0.010113446487159455	0.926806782063624	other	ZANAMIVIR	0.9970211782495065
1	91	-0.010041487828697319	0.9247375039604433	other	SALICYLAMIDE	0.9970129443038273
2	85	-0.01002162182412062	0.7842448105808216	other	R406	0.9799671782537764
1	86	-0.010019435062807934	0.9270483883611484	other	GSK2879552	0.9970211782495065
1	91	-0.010017598484140546	0.9249160371402064	other	CARIPRAZINE	0.9970129443038273
1	91	-0.009953893565322482	0.9253921437702773	other	VARDENAFIL	0.9970129443038273
1	86	-0.00986848312212533	0.9281445259382652	other	BEKANAMYCIN	0.9970211782495065
1	84	-0.009770272049423	0.929712658940441	other	PD-168568	0.997490602740456
1	90	-0.009729676336308033	0.9274801260601955	other	ESTRADIOL-VALERATE	0.9970211782495065
1	90	-0.009696750189653859	0.9277248782392731	other	RHC-80267	0.9970211782495065
1	91	-0.00964333208608442	0.9277135366887653	other	XL888	0.9970211782495065
1	90	-0.009639129433009059	0.928153210711632	other	MORACIZINE	0.9970211782495065
1	96	-0.009509081784404228	0.9267368258070984	other	H-151	0.9970211782495065
1	90	-0.00940864640642985	0.9298667440067329	other	SEOCALCITOL	0.997490602740456
1	84	-0.00936528667949873	0.9326191682853749	other	BIO-5192	0.997637981514042
1	91	-0.009261102573176038	0.9305714641255736	other	MOXISYLYTE	0.997637981514042
1	96	-0.009237781305533923	0.9288215282803409	other	ALPHA-GLUCOSYL-HESPERIDIN	0.9971211337189348
1	90	-0.009211089526504812	0.9313357415182526	other	DARAPLADIB	0.997637981514042
1	88	-0.00917552371846815	0.9323845356050936	other	MELEVODOPA	0.997637981514042
1	86	-0.008943902485444369	0.9348612149114072	other	ALTIRATINIB	0.997637981514042
1	96	-0.008919003242861314	0.9312716669753022	other	BAY-60-7550	0.997637981514042
1	86	-0.00890616450027372	0.9351354654431207	other	LATANOPROST	0.997637981514042
1	96	-0.00887152565905901	0.9316366366465756	other	IRGANOX-1010	0.997637981514042
1	96	-0.008661267787934523	0.9332530998898317	other	AT-406	0.997637981514042
1	91	-0.008568311581029593	0.93575367658564	other	NIMESULIDE	0.997637981514042
1	96	-0.008464574940753552	0.9347655205269295	other	NS-11394	0.997637981514042
1	84	-0.008464194231417232	0.9390892609155941	other	CYM-5442	0.997637981514042
1	84	-0.008454069597169125	0.9391619818046467	other	O-ACETYL-L-SERINE	0.997637981514042
1	96	-0.008451009916810035	0.934869834000163	other	CENERIMOD	0.997637981514042
1	90	-0.008387935860150495	0.9374589837536622	other	RALTEGRAVIR	0.997637981514042
1	85	-0.008374129120285656	0.9393683096411833	other	ALENDRONATE	0.997637981514042
1	90	-0.008371472786823408	0.9375814868806693	other	GP1A	0.997637981514042
1	86	-0.008368398211591938	0.9390443415875275	other	ERCALCITRIOL	0.997637981514042
1	90	-0.008223305126879632	0.9386840800267817	other	TAMSULOSIN	0.997637981514042
1	91	-0.00814626649385992	0.9389119825585797	other	EQUILIN	0.997637981514042
2	87	-0.008128117703496616	0.6951700893466899	other	URIDINE	0.9752738645179797
1	91	-0.008098487804746372	0.939269587077254	other	ABT-239	0.997637981514042
1	90	-0.008025748246954595	0.9401543836064167	other	INOSITOL-HEXANICOTINATE	0.997637981514042
1	90	-0.00800928517362751	0.9402769180233213	other	ML347	0.997637981514042
1	96	-0.008003364126674031	0.9383127853534102	other	ISO-1	0.997637981514042
1	96	-0.007989799102730516	0.938417135250365	other	DEXMEDETOMIDINE	0.997637981514042
1	85	-0.007914871163863921	0.9426877176840351	other	OXALOACETATE	0.997637981514042
1	91	-0.007875520588883148	0.9409385662072842	other	ENPROFYLLINE	0.997637981514042
1	88	-0.007863476660836905	0.9420350324618633	other	RANIRESTAT	0.997637981514042
1	88	-0.007828253921034726	0.9422942277464617	other	CLOROTEPINE	0.997637981514042
1	86	-0.007811762930324829	0.9430918897883172	other	GLPG0492-R-ENANTIOMER	0.997637981514042
1	96	-0.0077863237435777865	0.9399825075878623	other	ROSIPTOR	0.997637981514042
1	91	-0.007772000095803794	0.9417135364932698	other	TESTOSTERONE-PROPIONATE	0.997637981514042
1	86	-0.007764590448861515	0.9434349701336812	other	ALECTINIB	0.997637981514042
1	91	-0.007764036980951536	0.9417731518484218	other	BS-181	0.997637981514042
1	84	-0.0077453451998016525	0.9442536476520973	other	TC-G-1008	0.997637981514042
1	91	-0.007732184521542504	0.942011616472582	other	GUVACINE	0.997637981514042
1	91	-0.0076844058324289565	0.9423693229834857	other	SCOPOLAMINE-N-OXIDE	0.997637981514042
1	91	-0.007652553373019925	0.94260780034332	other	8-M-PDOT	0.997637981514042
1	91	-0.007644590258167667	0.9426674204743491	other	TIMOLOL	0.997637981514042
1	96	-0.007637108480199118	0.9411305926682041	other	BMS-906024	0.997637981514042
1	91	-0.0076286640284631505	0.9427866616834012	other	TETRAHYDROZOLINE	0.997637981514042
1	91	-0.00758884845420186	0.9430847702148868	other	NTNCB	0.997637981514042
1	85	-0.007553327666255322	0.9453015592019557	other	3-BROMOPYRUVATE	0.997637981514042
1	91	-0.007549032879940571	0.9433828865834333	other	PIRETANIDE	0.997637981514042
1	91	-0.007541069765088312	0.9434425107939892	other	ICOMUCRET	0.997637981514042
1	90	-0.0075318560471420055	0.9438310090549851	other	ACIFRAN	0.997637981514042
1	85	-0.007475156099204814	0.9458667911047705	other	SODIUM-BUTYRATE	0.997637981514042
1	96	-0.007440415633018145	0.9426441610944346	other	INGENOL	0.997637981514042
1	91	-0.007397733697747669	0.9445157995364014	other	GUANETHIDINE	0.997637981514042
1	88	-0.0073615526186558275	0.9457291216998802	other	GILTERITINIB	0.997637981514042
1	96	-0.007352242977385297	0.9433227237655629	other	RV1729	0.997637981514042
1	91	-0.007238471400702508	0.9457084586380279	other	METITEPINE	0.997637981514042
1	91	-0.0072145820561457345	0.9458873678853906	other	PARICALCITOL	0.997637981514042
1	84	-0.007117617876419035	0.9487652831018163	other	SMER-28	0.997637981514042
1	90	-0.007087353067310673	0.9471409800165683	other	PYM50028	0.997637981514042
1	96	-0.00708094249851499	0.9454108606656327	other	RG7800	0.997637981514042
1	90	-0.007062658457320044	0.9473248941083381	other	AZASETRON	0.997637981514042
2	89	-0.007036072263593245	0.5809034409538316	other	NORETHINDRONE	0.9731018416736845
1	84	-0.0070062468996898615	0.9495659070837479	other	SSR-180711	0.997637981514042
1	91	-0.00699957795513477	0.9474976707776371	other	HEMADO	0.997637981514042
1	90	-0.0069638800173575256	0.9480605779666298	other	LORNOXICAM	0.997637981514042
1	91	-0.006951799266021222	0.9478555447272599	other	GR-135531	0.997637981514042
1	85	-0.006791154887512871	0.9508136808441311	other	GALETERONE	0.997637981514042
1	91	-0.006704942705601224	0.949704723322382	other	ROXARSONE	0.997637981514042
1	91	-0.006696979590748966	0.9497643787311549	other	ALPHA-METHYLHISTAMINE-DIHYDROBROMIDE-(R)-(-)	0.997637981514042
1	96	-0.006694339316124803	0.9483870900435734	other	LTX-315	0.997637981514042
1	86	-0.006670188878912626	0.9513971974854419	other	V-51	0.9978071563110188
1	90	-0.006667544697469972	0.9502678882306851	other	BP-897	0.997637981514042
1	90	-0.00660992394082517	0.9506971315277121	other	TG-101209	0.997637981514042
1	86	-0.0066041474048639855	0.951877837067346	other	ANTAGONIST-G	0.9978540474444808
1	90	-0.006601692404161626	0.9507584531493674	other	PENTOLINIUM	0.997637981514042
1	91	-0.006553643523408322	0.9508382231025571	other	HOMOHARRINGTONINE	0.997637981514042
1	84	-0.006550638358525057	0.9528416989872537	other	2-ETHOXYBENZOIC-ACID	0.9981016902756783
1	90	-0.006494682427535566	0.9515556601814025	other	CEFETAMET-PIVOXIL	0.9978071563110188
1	96	-0.00641625632528274	0.9505283272290066	other	MK-8617	0.997637981514042
2	85	-0.006353441376967854	0.30210109530293994	other	ALLOPURINOL	0.9302655791340481
1	90	-0.006255967864292813	0.9533342156594061	other	BAY-11-7085	0.9981016902756783
1	91	-0.006219192699613488	0.9533441979822532	other	ORANTINIB	0.9981016902756783
1	86	-0.006198464064279484	0.9548307080553521	other	GSK-J2	0.9984198023028032
1	90	-0.006165420960993839	0.9540089003813333	other	CHOLINE	0.9982684831806455
1	86	-0.006141857086523508	0.9552427858853766	other	GS-6201	0.9984198023028032
1	91	-0.006059930402568327	0.9545376802538752	other	PIK-293	0.9984198023028032
1	91	-0.005988262368898005	0.9550747801295961	other	ACETYLSALICYLSALICYLIC-ACID	0.9984198023028032
1	90	-0.005976095617732345	0.955419708920276	other	MERCAPTOPURINE	0.9984198023028032
1	90	-0.005893780251096913	0.9560331470131196	other	2-HYDROXYETHYL-SALICYLATE	0.9984198023028032
1	96	-0.005860090343598612	0.954811841006375	other	YC-1	0.9984198023028032
1	90	-0.005827927957788568	0.9565239159334574	other	CS-917	0.9984198023028032
1	88	-0.005794140697458774	0.9572720769852161	other	LEUPROLIDE	0.9984198023028032
1	84	-0.005760916887172732	0.9585215599668808	other	GSK2194069	0.9986752344877361
1	91	-0.005749368923330266	0.9568652565465933	other	ALPHA-LINOLENIC-ACID	0.9984198023028032
1	90	-0.00572914951782605	0.9572600996296514	other	FLOPROPIONE	0.9984198023028032
1	91	-0.005709553349068975	0.9571636903248086	other	GUAIFENESIN	0.9984198023028032
1	90	-0.005556287247891643	0.9585485069462649	other	INDINAVIR	0.9986752344877361
1	86	-0.005538049323793086	0.9596389921126133	other	NANDROLONE-DECANOATE	0.9988875420394236
1	91	-0.005526401707467043	0.9585365610951665	other	PRACTOLOL	0.9986752344877361
1	96	-0.005507399721067215	0.9575288888979102	other	TEPP-46	0.9984198023028032
1	96	-0.005412444553462608	0.9582604860509121	other	TD139	0.9986752344877361
2	87	-0.005391626513261347	0.5141445168175067	other	GENIPOSIDE	0.9731018416736845
1	91	-0.005391028754978655	0.959551369594494	other	DORAMAPIMOD	0.9988875420394236
1	90	-0.005383424977957236	0.9598370206937931	other	FLUMEQUINE	0.9988875420394236
1	91	-0.005383065640126398	0.95961106623455	other	BNTX	0.9988875420394236
1	88	-0.005371467819832601	0.9603863911573092	other	UNC0224	0.9990772785268296
1	86	-0.005311621412769178	0.9612878873215952	other	DICLOFENAC	0.9990772785268296
2	85	-0.005267807917583082	0.5388044100065257	other	BECLOMETHASONE-DIPROPIONATE	0.9731018416736845
1	96	-0.00525644677811218	0.95946247047754	other	R-121919	0.9988875420394236
1	96	-0.005215751706281635	0.9597760466549217	other	SJG-136	0.9988875420394236
1	91	-0.005128245964854142	0.9615214744754692	other	HA-966-(S)-(-)	0.9990772785268296
1	91	-0.005096393505445111	0.961760290999131	other	EMD-1214063	0.9990772785268296
1	85	-0.0050811518582830105	0.9631886413304437	other	PYRITHIONE-ZINC	0.9990772785268296
1	86	-0.005066324509159944	0.9630743737699229	other	D-4476	0.9990772785268296
1	90	-0.00505416351141551	0.9622916151346479	other	EPIRIZOLE	0.9990772785268296
1	96	-0.004958016251354844	0.9617621693470731	other	VERDINEXOR	0.9990772785268296
1	91	-0.004929168093547692	0.9630141325961448	other	ETACRYNIC-ACID	0.9990772785268296
1	88	-0.0048783494626020675	0.9640205051771208	other	HEXOPRENALINE	0.9990772785268296
1	91	-0.004873426289581886	0.963432099928061	other	HONOKIOL	0.9990772785268296
1	90	-0.004873069704817559	0.9636417932901383	other	BENZYDAMINE	0.9990772785268296
1	96	-0.004788453452060903	0.9630689571152068	other	KASUGAMYCIN	0.9990772785268296
1	90	-0.004675512824892524	0.9651148316564809	other	BMS-191011	0.9990772785268296
1	91	-0.004666385303423179	0.9649846356123255	other	AMINOGUANIDINE	0.9990772785268296
1	91	-0.004658422188570922	0.9650443511664808	other	AM-92016	0.9990772785268296
1	96	-0.004612108140795204	0.9644281199020024	other	CCT245737	0.9990772785268296
1	90	-0.004552039774939376	0.9660355403730223	other	MK-0773	0.9990772785268296
1	91	-0.004531012350934794	0.9659998260199842	other	AMPA-(RS)	0.9990772785268296
1	91	-0.004499159891525761	0.9662387022845192	other	STATTIC	0.9990772785268296
1	91	-0.0044911967766735035	0.966298421816845	other	LIOTHYRONINE-(ISOMER)	0.9990772785268296
1	91	-0.004443418087559956	0.966656742901487	other	DINACICLIB	0.9990772785268296
1	88	-0.004394036790322079	0.9675904396162303	other	GABAPENTIN-ENACARBIL	0.9990772785268296
1	91	-0.00438767628359415	0.9670747925268862	other	MEGLITINIDE	0.9990772785268296
1	90	-0.004346251358350797	0.9675701532076191	other	SR-33805	0.9990772785268296
1	86	-0.004311564805746917	0.9685723589015455	other	EPIGALLOCATECHIN-GALLATE-(-)	0.9990772785268296
1	91	-0.004292118905367054	0.9677914696609758	other	TETRABENAZINE	0.9990772785268296
1	91	-0.004292118905367054	0.9677914696609758	other	ILOPERIDONE	0.9990772785268296
1	86	-0.004283261316868928	0.9687785634887461	other	ID-1101	0.9990772785268296
1	91	-0.004276192675662538	0.9679109183516803	other	BERGENIN	0.9990772785268296
1	91	-0.004196561527139959	0.96850817236882	other	BERBERINE	0.9990772785268296
1	88	-0.004173894666558447	0.9692133522945933	other	PI3K-IN-2	0.9990772785268296
1	84	-0.004151100041723761	0.9701058383045946	other	WAY-208466	0.9990772785268296
2	87	-0.004135774804464705	0.46923115843460866	other	ALVESPIMYCIN	0.9658376868699323
1	88	-0.0040946435020035405	0.9697976318691894	other	DROLOXIFENE	0.9990772785268296
1	91	-0.004069151689503831	0.9694638147780775	other	8-HYDROXY-DPAT	0.9990772785268296
1	90	-0.004066379111790329	0.9696574150309945	other	Y-27152	0.9990772785268296
1	90	-0.004033452965136156	0.9699029889486067	other	CORTICOSTERONE	0.9990772785268296
1	96	-0.003913509407704166	0.9698134574298316	other	NN-DNJ	0.9990772785268296
1	96	-0.0038863793598171354	0.9700226256391967	other	T-807	0.9990772785268296
1	85	-0.003830406785474885	0.9722457237788129	other	ACITRETIN	0.9990772785268296
1	96	-0.0038253367520713166	0.9704932615073507	other	BUSERELIN	0.9990772785268296
1	96	-0.003811771728127801	0.9705978486345777	other	TUFTSIN	0.9990772785268296
1	90	-0.003679496888603799	0.9725430810124216	other	NXY-059	0.9990772785268296
1	90	-0.0036218761319589967	0.9729728921808828	other	DESMOPRESSIN-ACETATE	0.9990772785268296
1	90	-0.003572486911977738	0.9733413078984737	other	PSORALEN	0.9990772785268296
1	91	-0.0035595123389593197	0.9732868019960718	other	PRAMIPEXOLE	0.9990772785268296
1	96	-0.0035540362732010104	0.9725850965669823	other	6-AMINOPENICILLANIC-ACID	0.9990772785268296
1	90	-0.0035230976919964794	0.9737097292065338	other	PHENYLACETYLGLUTAMINE	0.9990772785268296
1	90	-0.0034984030820058493	0.9738939419328628	other	METRIZOIC-ACID	0.9990772785268296
1	90	-0.00344901386202459	0.9742623714818633	other	EXO-1	0.9990772785268296
1	96	-0.0033980384978505845	0.9737879866632586	other	ACUMAPIMOD	0.9990772785268296
1	90	-0.003391393105379788	0.9746922127720483	other	IBUTAMOREN	0.9990772785268296
1	91	-0.003376360697357386	0.9746608399205036	other	TARAFENACIN	0.9990772785268296
1	90	-0.003300846202080813	0.9753676922046816	other	KI-16425	0.9990772785268296
1	90	-0.0032761515920901835	0.9755519169015264	other	PRAZIQUANTEL	0.9990772785268296
1	90	-0.003152678542137036	0.9764730594196122	other	BD-1008	0.9990772785268296
1	88	-0.003108406787542473	0.9770699006771782	other	TAFENOQUINE	0.9990772785268296
1	90	-0.0030045108821932587	0.9775784710415105	other	ORLISTAT	0.9990772785268296
1	91	-0.002970241839892229	0.9777078775665468	other	DCPIB	0.9990772785268296
1	90	-0.0029633531988755434	0.9778855374252472	other	TG-100572	0.9990772785268296
1	90	-0.002955121662212	0.9779469510899275	other	NELARABINE	0.9990772785268296
1	90	-0.0028810378322401114	0.9784996798105831	other	SD-169	0.9990772785268296
1	84	-0.0027943990524774585	0.9798735971032241	other	GSK2578215A	0.9990772785268296
1	90	-0.002790490928941136	0.9791752508879807	other	ADX-47273	0.9990772785268296
1	91	-0.002739311509176747	0.9794406522400494	other	DEHYDROACETIC-ACID	0.9990772785268296
1	91	-0.002723385279472231	0.9795601575488994	other	DIZOCILPINE-(+)	0.9990772785268296
1	91	-0.0027074590497677153	0.9796796633087038	other	FOSINOPRIL	0.9990772785268296
1	83	-0.002644752999106645	0.9810684003275645	other	AMMONIUM-LACTATE	0.9990772785268296
1	88	-0.0026328998002130297	0.9805768789727232	other	ATIPRIMOD	0.9990772785268296
2	93	-0.002606536728410269	0.4010485673554445	other	SITAXENTAN	0.9431579827980727
1	90	-0.002477692535726496	0.9815091518382529	other	CLOPIDOL	0.9990772785268296
1	91	-0.002460602489347718	0.9815320582854504	other	AZIMILIDE	0.9990772785268296
1	90	-0.002452997925735866	0.9816934140585861	other	APHIDICOLIN	0.9990772785268296
1	96	-0.0024484868218045126	0.9811110932989094	other	OLODANRIGAN	0.9990772785268296
1	91	-0.0023730082259728795	0.9821893837673006	other	IVACAFTOR	0.9990772785268296
1	90	-0.0023212933391191753	0.9826761618768193	other	HEXYLCAINE	0.9990772785268296
1	91	-0.002301340192302558	0.9827272043866964	other	L-ASPARTIC-ACID	0.9990772785268296
1	90	-0.002280135655801459	0.9829832759379462	other	SULBENTINE	0.9990772785268296
1	90	-0.0022472095091472864	0.9832289689736163	other	TOSUFLOXACIN	0.9990772785268296
1	91	-0.002189856584370946	0.9835638294900976	other	CIS-ACPD	0.9990772785268296
1	91	-0.002118188550700624	0.984101669354123	other	CLOTRIMAZOLE	0.9990772785268296
1	96	-0.00210936122321663	0.9837268997106845	other	MDL-27531	0.9990772785268296
1	90	-0.00207434723921288	0.9845188825287557	other	ZK-200775	0.9990772785268296
1	90	-0.002041421092558707	0.9847645849602049	other	MONOSTEARIN	0.9990772785268296
1	85	-0.001983603513906637	0.9856251664731348	other	PHENIRAMINE	0.9990772785268296
1	91	-0.0019828155982122386	0.9851176082839782	other	SC-12267	0.9990772785268296
1	86	-0.0019435062362885445	0.9858306244293497	other	TERCONAZOLE	0.9990772785268296
1	86	-0.0019340717399958815	0.9858994007563391	other	TRAMIPROSATE	0.9990772785268296
1	88	-0.001910833634268319	0.9859029737370716	other	PRALIDOXIME	0.9990772785268296
1	91	-0.0019031844496896586	0.98571523060566	other	ALGESTONE-ACETOPHENIDE	0.9990772785268296
1	91	-0.0018952213348374005	0.9857749932766547	other	BRL-52537	0.9990772785268296
1	96	-0.0018719733042051124	0.9855580682776527	other	AQW-051	0.9990772785268296
1	90	-0.0018438642126336713	0.9862388285739702	other	TRIENTINE	0.9991737482125831
1	88	-0.0016906915105046876	0.9875269166597906	JAK_inhibitor_core	PEFICITINIB	0.9991737482125831
1	91	-0.0016802172338264351	0.9873886139747224	other	TADALAFIL	0.9991737482125831
1	90	-0.0015804550394002896	0.9882045577132808	other	DEFLAZACORT	0.9992580464793339
1	90	-0.0015639919660732032	0.9883274182429779	other	SB-239063	0.9992580464793339
1	86	-0.0015000849105333914	0.9890632149029455	other	MEXILETINE	0.9992580464793339
1	91	-0.0014652131328154693	0.9890022853883009	other	ANDARINE	0.9992580464793339
1	91	-0.0014572500179632112	0.9890620518855646	other	BMY-7378	0.9992580464793339
1	91	-0.0013218770654748256	0.9900780913018485	other	LUMIRACOXIB	0.9992580464793339
1	96	-0.001247982202803408	0.9903717581155915	other	NEU2000	0.9992580464793339
1	85	-0.0012214307351641853	0.9911482096243971	other	BETHANECHOL	0.9992580464793339
3	90	-0.0012182674262043898	0.94438311514247	other	TEMPOL	0.997637981514042
2	88	-0.0011668482013193412	0.3703726840636744	other	EPZ-5676	0.9320243255263739
1	88	-0.0011623504134719727	0.9914245742396831	other	CLOBETASONE-BUTYRATE	0.9992580464793339
1	90	-0.0011606466695595877	0.9913375791977226	other	REFAMETINIB	0.9992580464793339
1	96	-0.0011598095471705588	0.9910519852078608	other	T-025	0.9992580464793339
1	96	-0.001058071867594194	0.9918368705434054	other	IMPENTAMINE	0.9992580464793339
1	90	-0.0010536366929335265	0.9921362154012858	other	ETONOGESTREL	0.9992580464793339
1	91	-0.001035204930793538	0.9922297544079027	other	SODIUM-PICOSULFATE	0.9992580464793339
1	90	-0.0010289420829428968	0.9923205171920222	other	CG-400549	0.9992580464793339
1	90	-0.0009548582529710085	0.9928734249419966	other	BRINZOLAMIDE	0.9992580464793339
1	91	-0.0009396475525664423	0.9929469885481108	other	FURAZOLIDONE	0.9992580464793339
1	91	-0.0009316844377141842	0.9930067583205607	other	CX-516	0.9992580464793339
1	96	-0.0007935539006956455	0.9938776069284911	other	BELIZATINIB	0.9992580464793339
1	91	-0.0007803852555212826	0.9941423909512828	other	RIFAXIMIN	0.9992580464793339
1	96	-0.0007732063647803725	0.994034588450218	other	PF-4191834	0.9992580464793339
1	90	-0.0006749860064105403	0.9949622157285891	other	ADENINE	0.9995748406194824
1	91	-0.0006689016475896708	0.9949791804813124	other	PF-03084014	0.9995748406194824
2	87	-0.0006035788938662384	0.3778267961264467	other	LOXISTATIN-ACID	0.9338923174040558
1	86	-0.0005094627998037932	0.9962855191012469	other	SULBACTAM	0.9995748406194824
1	96	-0.000352690622531398	0.9972789153285058	other	OICR-9429	0.9996462620430832
1	96	-0.00025773545492679083	0.9980115132804542	other	MONOMETHYL-FUMARATE	0.9996462620430832
1	91	-0.0002548196752722555	0.9980872962418512	other	MELUADRINE	0.9996462620430832
1	85	-0.00019542891762626963	0.9985836857452857	other	SESAMIN	0.999731040994678
1	88	-0.00014969664415926922	0.9988955685633362	other	MOXAVERINE	0.999731040994678
1	84	-0.00010124634248106735	0.999270706679571	other	CPSI-1306-(+/-)	0.9998911790215017
1	91	-4.777868911354791e-05	0.9996413677195555	other	PICEATANNOL	0.9999402279513357
1	88	-8.805684950545248e-06	0.9999350334245909	other	MONOCTANOIN	0.9999402279513357
1	91	-7.963114852257985e-06	0.9999402279513357	other	CEFADROXIL	0.9999402279513357
1	90	5.762075664480223e-05	0.9995699424571773	other	DIPRAGLURANT	0.9999402279513357
1	90	0.00013993612328023399	0.9989555747823023	other	ETHIONAMIDE	0.999731040994678
1	90	0.00015639919660732034	0.9988327013089042	other	EDOXUDINE	0.999731040994678
1	88	0.00016730801406035975	0.9987656355496187	other	DENOTIVIR	0.999731040994678
1	90	0.0002551776365698384	0.9980954611401308	other	PHYSOSTIGMINE	0.9996462620430832
1	96	0.0003052130387290944	0.997645214060314	other	TINAZOLINE	0.9996462620430832
1	86	0.00031133837765787365	0.9977300344058152	other	ML314	0.9996462620430832
1	90	0.00033749300320527016	0.9974810955273591	other	OXELAIDIN	0.9996462620430832
1	88	0.00036103308297235514	0.9973363752659936	other	TECALCET	0.9996462620430832
1	84	0.00038473610142805595	0.9972286904731199	other	NAB-2	0.9996462620430832
1	90	0.00041980836984070193	0.9968667313823997	other	PNU-74654	0.9996462620430832
1	91	0.00046982377628322115	0.9964734604127823	other	ADENOSINE-PHOSPHATE	0.9995748406194824
1	96	0.0004747758380230357	0.9963370070777089	other	CP-105,696	0.9995748406194824
1	91	0.000509639350544511	0.9961746032888695	other	2-PHENYLMELATONIN	0.9995748406194824
1	91	0.000509639350544511	0.9961746032888695	other	2-FLUORO-2-DEOXY-D-GALACTOSE	0.9995748406194824
1	90	0.00051858680980322	0.9961294968500222	other	CCT018159	0.9995748406194824
1	86	0.0005566352812671075	0.9959415884740482	other	IMILOXAN	0.9995748406194824
1	91	0.0005733442693625749	0.9956964330051477	other	NVP-BHG712	0.9995748406194824
1	90	0.0005844391031115655	0.995638008927908	other	EMD-66684	0.9995748406194824
2	91	0.0006131598436238533	0.24996103637405404	other	PRANLUKAST	0.9302655791340481
1	88	0.0006252036314887126	0.9953873983825667	other	DARGLITAZONE	0.9995748406194824
1	96	0.0007121637570345536	0.9945055343547944	other	PDD-00017273	0.9994672083646717
1	96	0.0008274664605544337	0.9936159715801167	other	ETIFOXINE	0.9992580464793339
1	91	0.0008281639446348305	0.9937837687531017	other	BMY-45778	0.9992580464793339
1	96	0.0008681615323849797	0.9933020100561007	other	OMADACYCLINE	0.9992580464793339
1	88	0.00088937418000507	0.9934384485380277	other	SUTEZOLID	0.9992580464793339
1	96	0.0008952915802720102	0.9930927029374064	other	MAVACAMTEN	0.9992580464793339
1	91	0.0009077950931574103	0.9931860678680671	other	KU14R	0.9992580464793339
1	88	0.0009510139746588869	0.9929836986886444	other	TOFOGLIFLOZIN	0.9992580464793339
1	96	0.0010512893556224362	0.9918891965170851	other	GEFAPIXANT	0.9992580464793339
1	86	0.0011227050588268777	0.9918144966567949	other	APD668	0.9992580464793339
1	96	0.001234417178859893	0.99047640800144	other	LANABECESTAT	0.9992580464793339
1	88	0.0012504072629774252	0.9907749482119517	other	LY2452473	0.9992580464793339
1	84	0.0012554546467652354	0.9909569516358108	other	TC-OT-39	0.9992580464793339
1	84	0.0012757039152614487	0.9908111022965181	other	FLURIZAN	0.9992580464793339
1	91	0.0012900246060657938	0.9903171617586366	other	CINACIGUAT	0.9992580464793339
1	90	0.0013005827928398216	0.9902932217707087	other	IB-MECA	0.9992580464793339
1	96	0.0013429373704080152	0.9896392135775137	other	LY311727	0.9992580464793339
1	90	0.0013499720128210806	0.9899246288438964	other	GW-7647	0.9992580464793339
1	88	0.0013824925372356038	0.9898005205682385	other	INCB-3284	0.9992580464793339
1	96	0.001390414954210319	0.9892729444932462	other	E7046	0.9992580464793339
1	91	0.0014970655922245013	0.9887632200092251	other	BETAXOLOL	0.9992580464793339
1	96	0.0015938903133630488	0.9877032459836456	other	S-07662	0.9991737482125831
1	96	0.0016142378492783214	0.987546278609971	other	AMPYRONE	0.9991737482125831
1	90	0.001654538869372178	0.987651688773101	other	BRUCEANTIN	0.9991737482125831
1	90	0.001687465016026351	0.9874059710993418	other	METHENAMINE	0.9991737482125831
1	91	0.0017200328080877248	0.987089791307277	other	SCOPOLAMINE	0.9991737482125831
1	91	0.001735959037792241	0.9869702627365089	other	METHYLATROPINE-NITRATE	0.9991737482125831
1	91	0.0017518852674967569	0.9868507344532453	other	TRIPTOLIDE	0.9991737482125831
1	91	0.001759848382349015	0.9867909704202514	other	ZK-93426	0.9991737482125831
1	91	0.0019111475645419167	0.9856554680134633	other	3-INDOLEBUTYRIC-ACID	0.9990772785268296
1	85	0.0019738320680253237	0.9856959709939308	other	ETHACRIDINE-LACTATE-MONOHYDRATE	0.9990772785268296
1	91	0.0020226311724735285	0.9848188001810539	other	KI16198	0.9990772785268296
1	91	0.0020942992061438502	0.9842809508991988	other	BRL-54443	0.9990772785268296
1	91	0.002181893469518688	0.9836235891167334	other	DANAZOL	0.9990772785268296
1	91	0.002181893469518688	0.9836235891167334	other	PARA-TOLUENESULFONAMIDE	0.9990772785268296
1	96	0.002190751366877722	0.983099089428369	other	2-METHYLIMIDAZOLE	0.9990772785268296
1	88	0.0021926155526857667	0.9838244114267118	other	DIFTALONE	0.9990772785268296
1	90	0.002214283362493114	0.98347466357272	other	ACEDAPSONE	0.9990772785268296
1	91	0.00225356150318901	0.9830857557685414	other	LGK-974	0.9990772785268296
1	88	0.0022542553473395835	0.9833697398196908	other	CEFOTIAM	0.9990772785268296
1	86	0.002264279110239081	0.9834922941245091	other	GADOTERATE-MEGLUMINE	0.9990772785268296
1	91	0.002309303307154816	0.9826674461545993	other	MEFLOQUINE	0.9990772785268296
1	88	0.0023687292516966717	0.982525363881851	JAK_inhibitor_core	ITACITINIB	0.9990772785268296
1	84	0.0024501614880418302	0.9823525118207589	other	TC-N-1752	0.9990772785268296
1	90	0.0025106186823806685	0.9812634703877211	other	EMODIN	0.9990772785268296
1	83	0.002539802483269079	0.9818195240421456	other	GEMFIBROZIL	0.9990772785268296
1	91	0.0026039385566883613	0.9804564615574257	other	CRYSTAL-VIOLET	0.9990772785268296
1	91	0.0026198647863928774	0.9803369529306603	other	ATPA	0.9990772785268296
1	91	0.002667643475506425	0.9799784296638442	other	PFK-015	0.9990772785268296
1	96	0.0026723097168725152	0.9793847688109149	other	THYMOPENTIN	0.9990772785268296
1	84	0.002672903441500178	0.9807484876072595	other	A-412997	0.9990772785268296
1	96	0.002679092228844273	0.9793324573904277	other	DYNASORE	0.9990772785268296
1	96	0.0027265698126465766	0.9789662799080386	other	LURBINECTEDIN	0.9990772785268296
1	91	0.0027632008537335213	0.9792613951280789	other	HYDROCORTISONE-HEMISUCCINATE	0.9990772785268296
1	88	0.0027649850744712076	0.9796026784937631	other	GSK2330672	0.9990772785268296
1	91	0.002803016427994811	0.9789626355669017	other	BRL-50481	0.9990772785268296
1	91	0.0030498729884148082	0.9771103926269347	other	SELUMETINIB	0.9990772785268296
1	91	0.0031454303666419046	0.9763934273925771	other	IDEBENONE	0.9990772785268296
1	96	0.0031538680668673088	0.9756708879168796	other	METHANTHELINE	0.9990772785268296
1	90	0.003160910078800579	0.9764116489456478	other	PSB-1115	0.9990772785268296
1	91	0.0031613565963464207	0.9762739349942264	other	LEVOSULPIRIDE	0.9990772785268296
1	96	0.003235258210528401	0.975043238833351	other	FT011	0.9990772785268296
1	96	0.0032420407225001585	0.9749909354241204	other	METHYLBENZETHONIUM-CHLORIDE	0.9990772785268296
1	88	0.003319743226355559	0.9755113794576281	other	PIPERAZINEDIONE	0.9990772785268296
1	91	0.003344508237948354	0.9748998106966753	other	TRAVOPROST	0.9990772785268296
1	96	0.003431951057709373	0.9735264837330005	other	RISLENEMDAZ	0.9990772785268296
1	91	0.003471918075584482	0.9739439410918768	other	CEFPIROME	0.9990772785268296
1	86	0.0034813291319925866	0.974621827426924	other	PERILLYL-ALCOHOL	0.9990772785268296
1	91	0.003487844305288998	0.9738244599501636	other	LERISETRON	0.9990772785268296
1	91	0.0035037705349935137	0.9737049793858722	other	AMTHAMINE	0.9990772785268296
2	88	0.0035207426580853504	0.26029513811679783	other	LISINOPRIL	0.9302655791340481
1	91	0.0035674754538115774	0.9732270629555972	other	BD-1063	0.9990772785268296
1	86	0.0035756740949192158	0.9739343092192747	other	GW-311616	0.9990772785268296
1	91	0.0035834016835160935	0.9731075853179203	other	GAMBOGIC-ACID	0.9990772785268296
1	96	0.0036896865126361637	0.9715391549563527	other	DILMAPIMOD	0.9990772785268296
1	91	0.003702848406299963	0.972211522126248	other	INDATRALINE	0.9990772785268296
1	88	0.0037071933641795495	0.9726543333151307	other	RUBITECAN	0.9990772785268296
1	90	0.0037124230352579717	0.9722974781411986	other	SNAP-94847	0.9990772785268296
1	86	0.0037171915393091576	0.9729030677239697	other	BALICATIB	0.9990772785268296
1	90	0.0038688222318652927	0.9711309001519454	other	OXIRACETAM	0.9990772785268296
1	90	0.004000526818481983	0.9701485656710591	other	UBP-302	0.9990772785268296
1	88	0.004006586652498088	0.9704468500630014	other	ENTRECTINIB	0.9990772785268296
1	96	0.004042377135167562	0.9688199365788616	other	BUTAPROST	0.9990772785268296
1	96	0.004150897326715684	0.9679833243105187	other	PF-06650833	0.9990772785268296
1	88	0.004244340146162809	0.9686940062924274	other	EFINACONAZOLE	0.9990772785268296
1	91	0.0042443402162535065	0.9681498178537082	other	SELEGILINE	0.9990772785268296
1	88	0.004332396995668262	0.9680448421577955	other	TEDIZOLID-PHOSPHATE	0.9990772785268296
1	91	0.00438767628359415	0.9670747925268862	other	NEPAFENAC	0.9990772785268296
2	85	0.004477500263041299	0.5392675127194682	other	9-AMINOACRIDINE	0.9731018416736845
1	88	0.004543733434481349	0.966486933914771	other	TAPRENEPAG	0.9990772785268296
1	90	0.004568502848266463	0.9659127766130559	other	PYRITINOL	0.9990772785268296
1	91	0.004578791040048342	0.965641517253664	other	6-BENZYLAMINOPURINE	0.9990772785268296
1	91	0.0045867541549005995	0.9655817997870542	other	CARMOXIROLE	0.9990772785268296
1	91	0.004602680384605116	0.9654623654234601	other	ALTHIAZIDE	0.9990772785268296
1	90	0.0046096605315841775	0.9656058706934636	other	L-(+)-RHAMNOSE-MONOHYDRATE	0.9990772785268296
1	86	0.004613468687112128	0.9663729744084445	other	GPI-1046	0.9990772785268296
1	96	0.004618890652766962	0.9643758425046942	other	OXACEPROL	0.9990772785268296
1	96	0.00462567316473872	0.9643235652580603	other	RAF709	0.9990772785268296
1	91	0.004626569729161889	0.9652832153070662	other	DEXAMETHASONE-SODIUM-PHOSPHATE	0.9990772785268296
2	88	0.00471687971918916	0.2936402581817441	other	CALCITRIOL	0.9302655791340481
1	90	0.004749596654864412	0.9645624282907257	other	BENZOQUINONIUM-DIBROMIDE	0.9990772785268296
1	91	0.00478583202620705	0.9640889256506303	other	LTB4	0.9990772785268296
1	88	0.004895960832503158	0.9638907023036434	other	ULIFLOXACIN	0.9990772785268296
1	90	0.00489776431480819	0.9634576719681145	other	PCI-34051	0.9990772785268296
1	96	0.004985146299241875	0.9615530925939145	other	S-17092	0.9990772785268296
1	90	0.0050870896580696824	0.962046139504061	other	3-ALPHA-HYDROXY-5-BETA-ANDROSTAN-17-ONE	0.9990772785268296
1	91	0.0051362090797064	0.9614617708740348	other	SALICYL-ALCOHOL	0.9990772785268296
1	91	0.005231766457933496	0.9607453443218879	other	AMIODARONE	0.9990772785268296
1	96	0.005514182233038972	0.9574766332981344	other	GLECAPREVIR	0.9984198023028032
1	96	0.00554809479289776	0.9572153580007602	other	CARBARSONE	0.9984198023028032
1	90	0.005613908004536445	0.958119025851982	other	FLUMETHASONE-PIVALATE	0.9986752344877361
1	84	0.005720418350180305	0.9588128930354276	other	LM-22A4	0.9987892547683204
1	91	0.005789184497591556	0.9565668287119898	other	VER-49009	0.9984198023028032
1	96	0.005819395271768067	0.955125320755394	other	NGD-98-2	0.9984198023028032
1	86	0.005877691190328948	0.9571659693563714	other	CH-5183284	0.9984198023028032
1	91	0.005924557450079942	0.9555522190851473	other	ALCURONIUM	0.9984198023028032
1	85	0.005941039095838598	0.9569645318474042	other	TALC	0.9984198023028032
1	85	0.005950810541719911	0.9568938174240842	other	CAPTAMINE	0.9984198023028032
1	96	0.006009305606977281	0.9536624744660103	other	CELGOSIVIR	0.9981016902756783
1	96	0.006029653142892555	0.9535057499589906	other	TC-G-1000	0.9981016902756783
1	90	0.006148957887666751	0.9541315738250011	other	CHLORAMBUCIL	0.9982684831806455
1	91	0.006179377125352196	0.9536425590110463	other	GSK2656157	0.9981016902756783
1	91	0.0062271558144657456	0.9532845265465149	other	TEMOPORFIN	0.9981016902756783
1	91	0.006314750077840583	0.9526281578165503	other	JDTIC	0.9981016902756783
1	90	0.006379440914245961	0.9524142441003731	other	LAROPIPRANT	0.9980917277631288
1	96	0.006395908789367467	0.9506850171066236	other	SELADELPAR	0.997637981514042
1	90	0.006404135524236591	0.9522302572285541	other	ALPHA-TOCHOPHERYL-ACETATE	0.9980611769260586
1	96	0.006456951397113286	0.950214953125952	other	VORUCICLIB	0.997637981514042
1	90	0.006478219354208479	0.9516783116661719	other	FLUTAMIDE	0.9978071563110188
1	90	0.006527608574189738	0.9513103605983018	other	PIMOZIDE	0.9978071563110188
1	91	0.006545680408556064	0.950897883714284	other	BRD:BRD-K93632104-001-18-0.1	0.997637981514042
1	96	0.006592601636548439	0.9491704277643167	other	RBC8	0.997637981514042
1	96	0.006606166660491954	0.9490659799256803	other	CCT196969	0.997637981514042
1	91	0.006625311557078644	0.9503012898263478	other	SOTRASTAURIN	0.997637981514042
1	90	0.006626387014152255	0.95057448914561	other	TULOBUTEROL	0.997637981514042
1	90	0.006626387014152255	0.95057448914561	other	BMS-754807	0.997637981514042
1	90	0.006626387014152255	0.95057448914561	other	EPRAZINONE	0.997637981514042
1	90	0.006667544697469972	0.9502678882306851	other	MAZINDOL	0.997637981514042
1	91	0.006712905820453482	0.9496450681907278	other	COLFORSIN-DAPROATE	0.997637981514042
1	90	0.006716933917451231	0.9498999766883073	other	LAPPACONITE	0.997637981514042
1	96	0.0067214693640118344	0.9481782082436326	other	TC-A-2317	0.997637981514042
1	90	0.006865101577395009	0.9487963053497436	other	TTNPB	0.997637981514042
1	91	0.006872168117498642	0.9484520242574145	other	OXYBENZONE	0.997637981514042
1	96	0.006884249651334018	0.9469249915303515	other	ATRACTYLENOLIDE-I	0.997637981514042
1	90	0.006980343090684613	0.9479379609510861	other	N-ACETYL-D-GLUCOSAMINE	0.997637981514042
1	96	0.006999552354853898	0.9460373743514452	other	DEXTROROTATION-NIMORAZOLE-PHOSPHATE-ESTER	0.997637981514042
1	90	0.007046195383992959	0.9474475050360704	other	S26948	0.997637981514042
1	90	0.00707912153064713	0.9472022844067067	other	BAVISANT	0.997637981514042
1	86	0.007104175708375117	0.9482391486407505	other	ACTINOMYCIN-D	0.997637981514042
1	86	0.00711361020466778	0.9481705040953747	other	BISPHENOL-A	0.997637981514042
1	90	0.007120279213964847	0.9468957655354971	other	MORNIFLUMATE	0.997637981514042
1	91	0.007246434515554767	0.9456488228199534	other	SB-328437	0.997637981514042
1	91	0.007294213204668315	0.9452910142104249	other	CLOMIPRAMINE	0.997637981514042
1	85	0.007309041519222486	0.9470679973884605	other	DIMERCAPROL	0.997637981514042
1	86	0.007311734626813699	0.9467290566801936	other	OLEANDRIN	0.997637981514042
1	91	0.007445512386861217	0.9441580255254636	other	NAN-190	0.997637981514042
1	83	0.007619407449807237	0.9454956065495111	other	SILODOSIN	0.997637981514042
1	90	0.007638866023768068	0.9430343043969407	other	NICOTINAMIDE	0.997637981514042
1	90	0.007762339073721214	0.9421150994384286	other	VARENICLINE	0.997637981514042
1	91	0.0078277418997696	0.941296238013804	other	SULFAPHENAZOLE	0.997637981514042
1	90	0.00782819136702956	0.9416248876981722	other	TRANS-2-UNDECENOIC-ACID	0.997637981514042
1	91	0.007843668129474115	0.9411770127816071	other	CAMICINAL	0.997637981514042
1	90	0.007976359026973336	0.940521991023106	other	WZ-4002	0.997637981514042
1	86	0.008000452856178087	0.9417196727032112	other	VALDECOXIB	0.997637981514042
1	91	0.008034782885928309	0.9397464118175277	other	FK-33-824	0.997637981514042
1	91	0.008058672230485082	0.9395676000423945	other	TESAGLITAZAR	0.997637981514042
1	91	0.008098487804746372	0.939269587077254	other	TALINOLOL	0.997637981514042
1	96	0.008125449342165669	0.9373736833957144	other	E-2001	0.997637981514042
1	96	0.00817970943793973	0.9369563321828732	other	CINTIRORGON	0.997637981514042
1	88	0.008233315428759809	0.9393138512130274	other	BRD4770	0.997637981514042
1	96	0.00824075204568555	0.9364868324448934	other	MACITENTAN-N-BUTYL-ANALOGUE	0.997637981514042
1	91	0.008265713216643789	0.9380180243966996	other	BETAZOLE	0.997637981514042
1	91	0.008281639446348304	0.9378988357529108	other	PIK-93	0.997637981514042
1	91	0.00829756567605282	0.9377796484768846	other	8-BROMO-CAMP	0.997637981514042
1	96	0.008301794653431368	0.9360173544360537	other	OR-486	0.997637981514042
1	91	0.008385159939427659	0.9371241430243471	other	FIRATEGRAST	0.997637981514042
1	85	0.008393672012048282	0.9392270807712063	other	SELENOMETHIONINE	0.997637981514042
1	88	0.008409429127770714	0.938018293329808	other	BRD:BRD-A44971162-001-02-7.1	0.997637981514042
1	88	0.008409429127770714	0.938018293329808	other	ODM-201	0.997637981514042
1	84	0.008454069597169125	0.9391619818046467	other	2-IODOHIPPURIC-ACID	0.997637981514042
1	91	0.00845682797309798	0.9365878515188061	other	CLEMIZOLE	0.997637981514042
1	96	0.008478139964697066	0.9346612081556992	other	CARDIONOGEN-1	0.997637981514042
1	90	0.008684271180038049	0.9352541790094148	other	SOTAGLIFLOZIN	0.997637981514042
2	86	0.008717474574420458	0.16132126256967044	other	OXACILLIN	0.9023681999298369
1	91	0.008727573878074752	0.9345621185912792	other	ELACRIDAR	0.997637981514042
1	90	0.008931217279944345	0.9334172137553676	other	NEFIRACETAM	0.997637981514042
1	91	0.009062024701869589	0.9320603189483885	other	CIS-9,TRANS-11-CONJUGATED-LINOLEIC-ACID	0.997637981514042
1	90	0.009062921866561036	0.9324376408104645	other	JOSAMYCIN	0.997637981514042
1	91	0.009069987816721846	0.9320007602341823	other	MESULERGINE	0.997637981514042
1	90	0.009112311086542294	0.9320703268033531	other	NARLAPREVIR	0.997637981514042
1	86	0.009236371870516919	0.9327360330985565	other	JNJ-42041935	0.997637981514042
1	96	0.009292041401307984	0.9284045488757804	other	BUTABINDIDE	0.9970211782495065
1	90	0.009318099503130874	0.9305400056790198	other	OSELTAMIVIR-PHOSPHATE	0.997637981514042
1	84	0.009405785216491156	0.932328477030582	other	ME-0328	0.997637981514042
1	96	0.009549776856234775	0.9264241627683846	other	TOMEGLOVIR	0.9970211782495065
1	90	0.009597971749691342	0.9284591750124015	other	OCO-1112	0.9970211782495065
1	88	0.009607002281044866	0.9292129460517595	other	CYCLOSPORINE	0.9971211337189348
1	88	0.009607002281044866	0.9292129460517595	other	BRD:BRD-K13533483-001-16-2.1	0.9971211337189348
1	91	0.009627405856379905	0.9278325989519771	other	BRUCINE	0.9970211782495065
1	90	0.009647360969672602	0.9280920191028352	other	DIBUTYL-PHTHALATE	0.9970211782495065
1	88	0.009703864815500863	0.928501106582654	other	NORELGESTROMIN	0.9970211782495065
1	90	0.00977083401962575	0.9271741953223558	other	SKF-86002	0.9970211782495065
1	85	0.009781217327194796	0.929204886601642	other	CARBOPLATIN	0.9971211337189348
1	88	0.009809533034907407	0.9277246185569257	other	VOXELOTOR	0.9970211782495065
1	88	0.009809533034907407	0.9277246185569257	other	BRD:BRD-K43639297-001-01-9.1	0.9970211782495065
1	88	0.009862367144610678	0.9273363998537428	other	CHLORPROGUANIL	0.9970211782495065
1	91	0.009866299301947646	0.926046833245039	other	TMC-353121	0.9970211782495065
1	85	0.009957103353058439	0.927935221846934	other	CHLOROBUTANOL	0.9970211782495065
1	90	0.010009548582868502	0.9254000071004962	other	BRD:BRD-K43055376-001-01-2.1	0.9970129443038273
1	90	0.010009548582868502	0.9254000071004962	other	IMEPITOIN	0.9970129443038273
1	96	0.01014663790974945	0.9218397473472119	other	BEXAGLIFLOZIN	0.9970129443038273
1	96	0.010214463029467026	0.921318949859332	other	ELTANEXOR	0.9970129443038273
1	86	0.010255297470124504	0.9253359463238745	other	SITAGLIPTIN	0.9970129443038273
1	96	0.010302635685099877	0.9206419627867247	other	NAXAGOLIDE	0.9970129443038273
2	88	0.01030705423461321	0.7546936307872234	other	INCB-024360	0.9790209587551705
1	91	0.010312233733674092	0.9227143904666857	other	HYDROCORTISONE-VALERATE	0.9970129443038273
1	88	0.010373096871742303	0.9235845086145399	other	SOLAMARGINE	0.9970129443038273
1	96	0.010377243316789209	0.9200691717464667	other	BECLABUVIR	0.9970129443038273
1	90	0.010379967732727943	0.9226476813358483	other	CIMATEROL	0.9970129443038273
1	90	0.01042112541604566	0.9223419229489564	other	CCT128930	0.9970129443038273
1	88	0.010425930981445574	0.9231964758298127	other	TGR-1202	0.9970129443038273
1	85	0.010445675647124114	0.9244093301676962	other	SEVOFLURANE	0.9970129443038273
1	88	0.010505182146000483	0.9226144603487522	other	CL316243	0.9970129443038273
1	96	0.010655326307631274	0.9179345851114057	other	EPETRABOROLE	0.9968493841500092
1	90	0.01080800763923219	0.9194683514832583	other	BUTORPHANOL-(+)-TARTRATE	0.9970129443038273
1	88	0.010822186804220112	0.920286808524456	other	PLERIXAFOR	0.9970129443038273
1	96	0.010824889106925216	0.9166332925095978	other	TS-011	0.9966688429963371
1	84	0.011106723770173087	0.9201279111075444	other	O-MERCAPTO-BENZOIC-ACID	0.9970129443038273
1	88	0.011121580092538648	0.9180890862563651	other	CIBENZOLINE	0.9968493841500092
1	85	0.011129676858816056	0.919475545366094	other	STREPTOMYCIN	0.9970129443038273
1	90	0.011252510619063521	0.916168079108997	other	TYRPHOSTIN-AG-835	0.9966688429963371
2	88	0.011290527904014759	0.7614105185004769	other	METHOTREXATE	0.9799671782537764
1	84	0.01131934108938333	0.9186040787277303	other	AN2718	0.9970129443038273
1	88	0.011350527901252825	0.9164088889970772	other	L-METHIONINE	0.9966688429963371
1	86	0.011359133536366058	0.9173263582264334	other	FLECAINIDE	0.9968493841500092
1	96	0.011360707552694069	0.9125226683793326	other	G-749	0.9964752884550405
1	96	0.011394620112552857	0.9122625786171322	other	TENALISIB	0.9964752884550405
1	90	0.011441835962325014	0.9147628353755562	other	ORG-9768	0.9964752884550405
1	90	0.011450067498988558	0.9147017437297108	other	L-732,138	0.9964752884550405
1	96	0.011462445232270435	0.9117424268621647	other	REYNOUTRIN	0.9964752884550405
1	96	0.011543835375931526	0.9111182938888817	other	SDZ-SER-082	0.9964752884550405
1	96	0.01155740039987504	0.9110142769620736	other	LGD-6972	0.9964752884550405
1	90	0.01161469823225942	0.9134800152835457	other	PD-166793	0.9964752884550405
1	90	0.01163939284225005	0.9132967732768318	other	OCTINOXATE	0.9964752884550405
1	91	0.011650037028853434	0.9127252890625737	other	SANT-2	0.9964752884550405
1	86	0.011661037417731269	0.9151371019027585	other	ADENOSINE	0.9964752884550405
1	90	0.011680550525567764	0.9129913800039282	other	GW-842166	0.9964752884550405
1	91	0.01170577883281924	0.9123093596254257	other	MDL-72832	0.9964752884550405
1	90	0.011861644332165716	0.9116478002117285	other	CEDIRANIB	0.9964752884550405
1	91	0.011880967359568916	0.9110023070708985	other	AZ-10417808	0.9964752884550405
1	88	0.011905286053137176	0.9123391772745509	other	INDOCYANINE-GREEN	0.9964752884550405
1	90	0.011993348918782407	0.9106708069629559	other	LE-135	0.9964752884550405
1	91	0.012080045230875365	0.9095173075796121	other	CATHEPSIN-INHIBITOR-1	0.9964752884550405
1	90	0.012100358895408468	0.9098770976138207	other	TROVENTOL	0.9964752884550405
1	88	0.012125428176900807	0.9107248321724637	other	PERZINFOTEL	0.9964752884550405
2	91	0.012235325970494395	0.9084876424784663	other	SODIUM-SALICYLATE	0.9964752884550405
1	91	0.01230301244673859	0.9078544772641317	other	MERCAPTOSUCCINIC-ACID	0.9964752884550405
1	83	0.012310695507746404	0.9120453472363989	other	LOTEPREDNOL	0.9964752884550405
1	84	0.012352053782690218	0.9112068803525684	other	TC-F-2	0.9964752884550405
1	84	0.012412801588178856	0.910771979943158	other	VUF11207	0.9964752884550405
1	84	0.012443175490923178	0.9105545395698484	other	LSN-2463359	0.9964752884550405
2	88	0.012450891946811232	0.2892061280378727	other	DROSPIRENONE	0.9302655791340481
1	90	0.01247077804526791	0.9071303296326227	other	A-674563	0.9964752884550405
1	88	0.01254810105452698	0.9076263098733244	other	MISONIDAZOLE	0.9964752884550405
2	85	0.012743638054249523	0.5921330360265395	other	M-344	0.9731018416736845
1	96	0.012757905018876147	0.9018149221538792	other	GSK3117391	0.994811870424475
1	90	0.012874123341781526	0.9041406465333862	other	PICROTIN	0.9955222930185363
1	86	0.012878087439484773	0.9063182371545211	other	BENZBROMARONE	0.9964399380348018
1	96	0.012886772746339542	0.9008281695333571	other	IDH-305	0.994811870424475
1	91	0.012955987864623743	0.9029870690899156	other	ALTANSERIN	0.9948136467874885
1	85	0.012996023022146933	0.9060293758565211	other	TIPRANAVIR	0.9962922819466282
1	96	0.013069900569576997	0.8994262018466034	other	YM-244769	0.994811870424475
1	90	0.013071680221706562	0.902676796480415	other	API-001	0.994811870424475
1	90	0.013129300978351365	0.9022499012419085	other	CYCLIZINE	0.994811870424475
1	90	0.013162227125005536	0.9020059735696706	other	WAY-213613	0.994811870424475
1	96	0.013185203273096878	0.8985436395696871	other	OSILODROSTAT	0.994811870424475
2	88	0.013207455668520635	0.3876543738254413	other	CRIZOTINIB-(S)	0.9377316050142686
1	96	0.013225898344927425	0.8982321764217794	other	HT-2157	0.994811870424475
2	85	0.013245534192542733	0.8057538229930417	other	TOLCAPONE	0.9801988503312041
1	86	0.013283770780069273	0.9033810808801744	other	MIBEFRADIL	0.994907645199659
1	90	0.013310394784949314	0.900908411891402	other	ISOFLOXYTHEPIN	0.994811870424475
1	90	0.013318626321612858	0.900847441682479	other	GGTI-298	0.994811870424475
1	88	0.013349418385026597	0.9017558546679381	other	MABUTEROL	0.994811870424475
1	90	0.013433867834902462	0.8999939192867612	other	SURAMIN	0.994811870424475
1	88	0.013446280919482596	0.9010465902668185	other	CLONIXIN-LYSINATE	0.994811870424475
1	85	0.013504138207975233	0.9023730528070633	other	MIZORIBINE	0.994811870424475
1	86	0.013557371172556497	0.901400938463134	other	PHENOLPHTHALEIN	0.994811870424475
1	88	0.013595977563641863	0.8999506072193568	other	DIHYDROTESTOSTERONE	0.994811870424475
1	91	0.013656741971622446	0.8977674983889721	other	MYCOPHENOLATE-MOFETIL	0.994811870424475
1	91	0.013688594431031478	0.897530346749497	other	METOPROLOL	0.994811870424475
1	91	0.013720446890440509	0.8972932041074909	other	NBI-27914	0.994811870424475
1	96	0.013849889446329129	0.8934583676460597	other	SCABERTOPIN	0.9943426515618959
1	90	0.013952454644705682	0.896154488791921	other	FENTHION	0.994811870424475
2	90	0.013973846396819409	0.4519300767390153	other	CALCIUM-LEVOFOLINATE	0.9563501761905369
1	90	0.01402653847467757	0.8956061916912207	other	SILIBININ	0.994811870424475
2	93	0.01402675608873873	0.8014109488012868	other	ZILEUTON	0.9799671782537764
1	91	0.014046934599383089	0.894863015636259	other	YS-035	0.9946804426071477
1	90	0.014059464621331742	0.8953625198062846	other	EMBELIN	0.994811870424475
1	96	0.014080494853368887	0.8916950853872971	other	URMC-099	0.9932376914474715
1	90	0.014133548451303634	0.8948142935745645	other	PRAMOXINE	0.9946804426071477
1	91	0.0141584182073147	0.8940334161435906	other	SB-203580	0.9946391785401423
1	88	0.014291626674734938	0.8948600006984794	other	AMIBEGRON	0.9946804426071477
1	91	0.014333606734064374	0.8927299903396665	other	BRIVUDINE	0.9938752189515527
1	90	0.014454578381181816	0.8924392203829891	other	HYDROXYTACRINE-MALEATE-(R,S)	0.9937231325943595
1	85	0.014559454363157089	0.8947857301194321	other	TANSHINONE-I	0.9946804426071477
1	90	0.014602746041125592	0.8913433511863974	other	DIMETHISOQUIN	0.9931205180826598
1	90	0.014627440651116222	0.8911607260926833	other	APAFANT	0.9931205180826598
1	88	0.014679076812558929	0.8920265560533304	other	BICYCLOL	0.9934352419349979
1	90	0.014726219091078739	0.890430282555325	other	RU-58841	0.9928582600504453
1	91	0.01481935674005211	0.8891174461316054	other	FORMESTANE	0.9928049608359116
1	90	0.014915544434340235	0.8890305217410868	other	4-METHYLGENISTEIN	0.9928049608359116
1	96	0.01494187387378211	0.8851134344532123	other	BETAMETHASONE-BUTYRATE-PROPIONATE	0.9926384438949449
1	91	0.01494676657768824	0.8881702650927494	other	EPHEDRINE	0.9928049608359116
1	91	0.015074176415324367	0.8872232410046688	other	BRD:BRD-K29713308-001-01-7.1	0.9928049608359116
1	96	0.01508430662518902	0.884025868763692	other	GNE-7915	0.9923821918408225
1	96	0.01508430662518902	0.884025868763692	other	HC-067047	0.9923821918408225
1	86	0.01522727701635782	0.8893287392863645	other	PF-04457845	0.9928049608359116
2	85	0.01522929880607928	0.8902814864193052	other	DANUSERTIB	0.9928582600504453
1	91	0.015265291171778559	0.885803002025404	other	DICLOXACILLIN	0.9926384438949449
1	91	0.015273254286630818	0.8857438331943223	other	LEVOCABASTINE	0.9926384438949449
1	91	0.015408627239119201	0.8847380591384517	other	METHSUXIMIDE	0.9926384438949449
1	96	0.015498039855466238	0.8808679758339015	other	SCH-51344	0.9918835984615513
1	91	0.015599741995573395	0.8833184539666632	other	NESBUVIR	0.9923821918408225
1	91	0.015631594454982425	0.8830818887878765	other	LUMACAFTOR	0.9923821918408225
1	91	0.015647520684686944	0.8829636100408588	other	ISTAROXIME	0.9923821918408225
1	90	0.015664614270722663	0.8834957120718966	other	CANRENONE	0.9923821918408225
1	96	0.01566760265476018	0.8795742928098321	other	HOKU-81	0.9918835984615513
1	82	0.01567261645717554	0.8888564398081075	other	MIDAFOTEL	0.9928049608359116
1	96	0.015687950190675454	0.8794190720315911	other	ELDECALCITOL	0.9918835984615513
1	86	0.01572730531986895	0.8857186701315808	other	THZ1	0.9926384438949449
1	84	0.015733681621557867	0.8870407914099491	other	OXA-06	0.9928049608359116
1	96	0.01581003540616709	0.8784878433137946	other	MANDELIC-ACID	0.991777952104667
1	91	0.015830672326288875	0.8816035894519586	other	PREGNENOLONE-SUCCINATE	0.9919386869623538
1	86	0.015868822764258893	0.8846973719318815	other	VINPOCETINE	0.9926384438949449
1	90	0.01587040268731124	0.8819761266163876	other	LY320135	0.9921846618096395
1	96	0.015877860525884666	0.8779705654111677	other	FLURALANER	0.991777952104667
1	96	0.01589142554982818	0.8778671159750462	other	ELACYTARABINE	0.991777952104667
1	96	0.015938903133630486	0.8775050591203752	other	FURAGIN	0.991777952104667
1	90	0.01596918112727376	0.8812468768832306	other	CHLORQUINALDOL	0.9918835984615513
1	96	0.01597959820546103	0.8771947447374069	other	CJ-13610	0.991777952104667
1	86	0.01602920920123416	0.8835401281200436	other	CEFODIZIME	0.9923821918408225
2	91	0.01606558421443048	0.7869118898255081	other	SULPIRIDE	0.9799671782537764
1	91	0.016069565771856618	0.8798301657781155	other	PTEROSTILBENE	0.9918835984615513
1	96	0.016115248444896185	0.8761604978318879	other	PF-06409577	0.991777952104667
1	90	0.016142043397208164	0.879970928300656	other	AZITHROMYCIN	0.9918835984615513
1	96	0.016142378492783212	0.8759536733603904	other	TC-G-1004	0.991777952104667
1	96	0.016210203612500793	0.8754366486777534	other	WORTMANNIN	0.991777952104667
1	90	0.016273747983824857	0.8789989823726284	other	BMS-777607	0.991777952104667
1	90	0.016273747983824857	0.8789989823726284	other	CHLORAMPHENICOL	0.991777952104667
1	96	0.01632550631602067	0.8745578268791467	other	LASMIDITAN	0.991777952104667
1	96	0.01632550631602067	0.8745578268791467	other	BROMEBRIC-ACID	0.991777952104667
2	88	0.016372403344089903	0.7084768642545598	other	SULFAGUANIDINE	0.9752738645179797
1	90	0.01638075796045092	0.8782094081805256	other	NVP-AUY922	0.991777952104667
1	84	0.0163816582134367	0.8824212187319411	other	HJC-0350	0.9923390048754523
1	86	0.01639715455664801	0.880886200518978	other	CPI-1189	0.9918835984615513
1	90	0.01643014718043218	0.8778450294299461	other	HYDROXYFASUDIL	0.991777952104667
1	96	0.016488286603342856	0.8733173966696625	other	STATIL	0.991777952104667
1	85	0.016572372214707667	0.8803403499447926	other	MG-132	0.9918835984615513
1	90	0.016586546377039497	0.8766913315410093	other	VALRUBICIN	0.991777952104667
1	96	0.016630719354749766	0.8722322714290073	other	OGERIN	0.9916518818723579
1	86	0.016680189445427897	0.8788456096997351	other	NIZOFENONE	0.991777952104667
1	86	0.016680189445427897	0.8788456096997351	other	nan	0.991777952104667
1	86	0.016699058438013222	0.8787095982569956	other	RG108	0.991777952104667
1	88	0.0167748298307887	0.8767245520096049	other	VELNEPERIT	0.991777952104667
1	90	0.016858187086936424	0.874688153686437	other	CGP-55845	0.991777952104667
1	84	0.01686764065734582	0.8789591049248459	other	GSK2801	0.991777952104667
1	90	0.01687465016026351	0.8745667742003083	other	MELPHALAN	0.991777952104667
1	84	0.016918263828586355	0.8785985975346513	other	LY266097	0.991777952104667
1	90	0.016965197063562483	0.8738992389512785	other	TELATINIB	0.991777952104667
1	96	0.017044452585026983	0.8690815894093321	other	MK-2894	0.9899452068090748
1	86	0.017067003793427075	0.8760580825014513	other	ST-2825	0.991777952104667
1	90	0.017072207040188546	0.8731104474138675	other	FORMONONETIN	0.991777952104667
1	91	0.01710477070265015	0.8721522852723222	other	BENZTHIAZIDE	0.9916518818723579
1	84	0.017120756513548486	0.8771568157657741	other	VU1545	0.991777952104667
1	91	0.01718440185117273	0.8715621598600317	other	COTININE	0.9915442432858744
1	91	0.017367553492774666	0.8702051386166	other	2-PMDQ	0.9906595722312473
1	91	0.017447184641297245	0.8696152463068255	other	TRACAZOLATE	0.9903780702639218
1	96	0.017783746389948566	0.863456803119843	other	GSK369796	0.9877271611198771
1	91	0.017845340383910148	0.8666668608843047	other	TRIFLUPROMAZINE	0.9884709241367285
1	90	0.017845971486561606	0.8674106132428488	other	SB-657510	0.98856591459749
1	96	0.017905831605440205	0.8625285863109895	other	SQUARIC-ACID-DIBUTYL-ESTER	0.9877271611198771
1	91	0.017924971532432728	0.8660774012426486	other	BRD:BRD-K93632104-001-17-2.1	0.9883458750254092
1	91	0.017940897762137243	0.8659595180905452	other	HMN-214	0.9883458750254092
1	90	0.01794474992652412	0.8666834559303802	other	NITARSONE	0.9884709241367285
1	91	0.018108123174034662	0.8647219224554136	other	PIRICAPIRON	0.9883458750254092
1	90	0.018167001416439787	0.8650477582679711	other	BECLAMIDE	0.9883458750254092
1	88	0.018227767847628664	0.8661421807907213	other	TRANEXAMIC-ACID	0.9883458750254092
1	80	0.018260879758401002	0.8722721331393529	other	HYOSCYAMINE	0.9916518818723579
1	91	0.018299237930488852	0.8633079269280336	IFN_inducer_or_IFNR_agonist	IMIQUIMOD	0.9877271611198771
1	90	0.018323400613047106	0.8638970518914842	other	PROGESTERONE	0.9880554287602037
1	96	0.018339912371632693	0.8592297806041973	other	CEP-40783	0.9869193034009525
1	90	0.018422179053009625	0.8631704359715496	other	TRIMETOZINE	0.9877271611198771
1	90	0.018496262882981514	0.862625548642225	other	TESTOSTERONE-ENANTHATE	0.9877271611198771
1	91	0.018530168261204336	0.8615999235135945	other	2-METHOXYESTRADIOL	0.9876513339819238
1	91	0.018554057605761107	0.8614232696718835	other	LONAFARNIB	0.9876513339819238
1	86	0.018567088703960465	0.865262492194852	other	SUFENTANIL	0.9883458750254092
1	88	0.018606412300502112	0.8633881408591386	other	CYAMEMAZINE	0.9877271611198771
1	85	0.018643918741546122	0.8655149867385772	other	PMPA	0.9883458750254092
1	90	0.01864443054292529	0.8615359669223517	other	PIK-75	0.9876513339819238
1	88	0.018668052095155926	0.8629399621907201	other	FOSFOSAL	0.9877271611198771
2	88	0.0190102350983364	0.5439658923009759	other	NITHIAMIDE	0.9731018416736845
1	91	0.019071660071157872	0.8575974574765417	other	SAFINAMIDE	0.9869193034009525
1	96	0.019092771200497797	0.8535141754950011	other	MK2-IN-1	0.9861729978858274
1	96	0.019092771200497797	0.8535141754950011	other	CPI-1205	0.9861729978858274
1	90	0.01911362813274725	0.8580873424527842	other	TOLAZAMIDE	0.9869193034009525
1	91	0.019199069908794	0.8566562196630065	other	CLONIDINE	0.9867773395188957
1	88	0.01925803298684246	0.8586524644631713	other	DIPHENCYPRONE	0.9869193034009525
1	78	0.019284756823919863	0.8669104739198488	other	LIDOCAINE	0.9884709241367285
1	88	0.019302061411595184	0.8583326645053696	other	CERITINIB	0.9869193034009525
1	96	0.019350506655424586	0.8515592035278421	other	ALINIDINE	0.9859996614521017
1	90	0.019360574232653548	0.8562733412334497	other	DOPAMINE	0.9865125929563568
1	91	0.019398147780100454	0.8551859371782635	other	SULFATHIAZOLE	0.9861729978858274
1	96	0.019472591870916222	0.8506334765954057	IFN_inducer_or_IFNR_agonist	PROPAGERMANIUM	0.9858479223785155
1	90	0.019484047282606696	0.8553666197920665	other	DIRITHROMYCIN	0.9861729978858274
1	88	0.01949578648050718	0.8569258166754969	other	DAPIPRAZOLE	0.986905611343369
1	91	0.0195414838474411	0.8541276394374149	other	LISURIDE	0.9861729978858274
1	86	0.019633186785031367	0.8576050169218302	other	MERIMEPODIB	0.9869193034009525
1	96	0.01964893718218192	0.8492966733323578	other	CAMOBUCOL	0.9855757234398314
1	90	0.019681604162531733	0.8539162562721767	other	PSB-06126	0.9861729978858274
1	91	0.019692783029634	0.8530108272695782	other	ENMD-2076	0.9861729978858274
1	91	0.01971667237419077	0.8528345149215169	other	AMANTADINE	0.9861729978858274
1	85	0.019826263693185058	0.8570737840986937	other	VANILLYLACETONE	0.986905611343369
1	90	0.019854466432466137	0.8526475859577538	other	DIACETAMATE	0.9861729978858274
1	90	0.019870929505793222	0.8525267796984141	other	DAPHNETIN	0.9861729978858274
1	88	0.019909653673182807	0.8539217791989012	other	HEXAMETHYLENEBISACETAMIDE	0.9861729978858274
1	96	0.02000162780471332	0.846624349224207	other	DIHYDROXYACETONE	0.9855757234398314
2	90	0.020064284519233328	0.6769923670534402	other	YM-155	0.9748796190609336
1	86	0.02006717361449386	0.8544915377320029	other	MEFEXAMIDE	0.9861729978858274
1	96	0.020069452924430894	0.8461106386810493	other	SAVOLITINIB	0.9855757234398314
1	88	0.020156212851798073	0.8521331255541601	other	AZD1446	0.9861490354258736
1	85	0.02025620731196285	0.8540081788051894	other	DIDANOSINE	0.9861729978858274
1	86	0.02031247051810309	0.8527327257265953	other	AGOMELATINE	0.9861729978858274
1	90	0.020340127095615185	0.8490852410819819	other	BADGE	0.9855757234398314
1	90	0.02035659016894227	0.8489645362673774	other	PRIMA1	0.9855757234398314
1	96	0.020442491082877566	0.8432863866506285	other	TRABECTEDIN	0.9855757234398314
1	96	0.020449273594849326	0.8432350548499999	other	TC-G-1005	0.9855757234398314
1	96	0.02046283861879284	0.8431323932147681	other	BAMAQUIMAST	0.9855757234398314
1	91	0.02050502074456431	0.8470203127918429	other	K02288	0.9855757234398314
1	96	0.0205170987145669	0.8427217729181848	other	IMIDUREA	0.9855757234398314
1	96	0.020544228762453935	0.8425164785399194	other	NFKB-ACTIVATION-INHIBITOR-II	0.9855757234398314
1	91	0.0205448363188256	0.8467268805286835	other	ROTUNDINE	0.9855757234398314
1	90	0.020595304732185026	0.8472147089240869	other	XE-991	0.9855757234398314
1	88	0.020596497099325338	0.8489409644851035	other	CARBENDAZIM	0.9855757234398314
1	90	0.02066938856215691	0.8466718091365257	other	DEXTROSE	0.9855757234398314
1	91	0.020696135501018505	0.8456120287830214	other	NEMORUBICIN	0.9855757234398314
1	91	0.020720024845575277	0.8454360272763822	other	FENTIAZAC	0.9855757234398314
1	91	0.020727987960427536	0.8453773617920668	other	FELBINAC	0.9855757234398314
1	91	0.02075984041983657	0.8451427082859436	other	IDO5L	0.9855757234398314
1	90	0.020784630075446515	0.8458274406034179	other	QUININE-ETHYL-CARBONATE	0.9855757234398314
1	90	0.020858713905418404	0.8452847240797087	other	NIRIDAZOLE	0.9855757234398314
1	85	0.020910894186010855	0.8493442667868855	other	MEVALONIC-D,-L-ACID-LACTONE	0.9855757234398314
1	85	0.020910894186010855	0.8493442667868855	other	BRD:BRD-A05674712-001-06-0.1	0.9855757234398314
1	90	0.02097395541870801	0.8444406418783376	other	UCL-2077	0.9855757234398314
1	91	0.02098280763569979	0.8435005129948391	other	CAMOSTAT-MESILATE	0.9855757234398314
1	91	0.0210385494396656	0.8430900683700937	other	CHOLINE-ALFOSCERATE	0.9855757234398314
1	88	0.02115125525120969	0.8449223099700591	other	PICARTAMIDE	0.9855757234398314
1	96	0.02121569744765794	0.8374388322254309	other	VELPATASVIR	0.9845188372280498
1	90	0.02122913305527785	0.8425722286619807	other	4-IBP	0.9855757234398314
1	91	0.021293369114937854	0.8412142851980066	other	CLOXYQUIN	0.9855447623384861
1	84	0.021373102897753318	0.8469788690415473	other	AL-8697	0.9855757234398314
1	96	0.021398825270895396	0.8360551658158296	other	BICTEGRAVIR	0.9842591061073004
1	96	0.021493780438500004	0.8353379053441583	other	TETOMILAST	0.9842445687004757
1	90	0.021525468375165405	0.8404035517627475	other	PNU-282987	0.985529731280555
1	90	0.021574857595146664	0.8400422208726542	other	FENTICONAZOLE	0.985529731280555
1	96	0.021622648165963397	0.8343646960220558	other	NISOLDIPINE	0.9842445687004757
1	90	0.02191235059835193	0.8375740168215193	other	PUERARIN	0.9845188372280498
1	76	0.0219141751787419	0.8509552963254825	other	RO-10-5824	0.9858479223785155
1	96	0.022036381396240614	0.8312418758266834	other	DECLOXIZINE	0.9839292170062944
1	96	0.022043163908212374	0.8311907037480893	other	CINPA-1	0.9839292170062944
1	91	0.02206579125560688	0.8355337709093402	other	MILRINONE	0.9842445687004757
1	91	0.022145422404129457	0.8349486249039251	other	DIATRIZOIC-ACID	0.9842445687004757
1	90	0.022151065161594687	0.8358291605749929	other	TCS-359	0.9842445687004757
1	90	0.022291001284874917	0.834806682284202	other	GENZ-644282	0.9842445687004757
1	88	0.022313605664681657	0.8365152335180943	other	PLECONARIL	0.984432843926852
1	91	0.022360426505140425	0.8333691801715714	other	SPIRADOLINE	0.9840442819904651
1	91	0.022360426505140425	0.8333691801715714	other	PREDNISOLONE-SODIUM-PHOSPHATE	0.9840442819904651
2	85	0.02240338782042242	0.7216057240235227	other	AZD7762	0.9759174434856174
1	96	0.02245689713848959	0.828070546419395	other	EMODEPSIDE	0.9839292170062944
1	91	0.02249579945762881	0.832375053600924	other	3-ALPHA-BIS-(4-FLUOROPHENYL)-METHOXYTROPANE	0.9839518788761334
1	90	0.022496789701463495	0.8333035366698508	other	CGH2466	0.9840442819904651
1	85	0.022542725648190202	0.8377421381005046	other	PFI-1	0.9845188372280498
2	93	0.02260099564812004	0.8293099855439159	other	PANTOPRAZOLE	0.9839292170062944
1	91	0.02270284044378752	0.8308551348940896	other	FENIGAM	0.9839292170062944
1	85	0.022767468903460417	0.836146891877688	other	TELAPREVIR	0.9842591061073004
1	90	0.022776661948023965	0.8312602203598729	other	DPO-1	0.9839292170062944
1	88	0.02280672402191219	0.8329540721995482	other	JNJ-26990990	0.9840442819904651
1	85	0.022816326132866986	0.8358001865212565	other	BETA-GLYCEROPHOSPHORIC-ACID	0.9842445687004757
1	90	0.02289190346131357	0.8304191797354323	other	DEFERIPRONE	0.9839292170062944
1	91	0.02290191831509397	0.8293942608668331	other	SCP-1	0.9839292170062944
1	91	0.02296562323391203	0.8289269033704879	other	TOREMIFENE	0.9839292170062944
1	91	0.023069143726991384	0.8281675744417616	other	IWP-L6	0.9839292170062944
1	91	0.023077106841843643	0.8281091710529388	other	SAFINGOL	0.9839292170062944
2	88	0.02313244498296679	0.6010365093046515	other	PRT062607	0.9731018416736845
2	88	0.02323211576797065	0.38015729710573865	other	MARBOFLOXACIN	0.9349461797571885
1	91	0.02331600028741138	0.8263575051838206	other	SULFACARBAMIDE	0.9839292170062944
1	91	0.02341155766563848	0.8256570761199488	other	INGENOL-MEBUTATE	0.9839292170062944
1	91	0.023451373239899764	0.8253652708993913	other	QUINOLINIC-ACID	0.9839292170062944
1	84	0.023509400724103836	0.8318979572889086	other	R-1485	0.9839292170062944
1	96	0.023542099053970814	0.8198993208719286	other	LEVAMLODIPINE	0.9831017593232279
1	96	0.023542099053970814	0.8198993208719286	other	TCS-21311	0.9831017593232279
1	88	0.023634458407263446	0.8269840073444817	other	MK-6096	0.9839292170062944
1	96	0.023650619245518936	0.8190832400997186	other	PAT-1251	0.9831017593232279
1	96	0.023684531805377725	0.8188282543542261	other	GGSTOP	0.9831017593232279
1	96	0.023718444365236516	0.8185732874607035	other	GSK2830371	0.9831017593232279
1	91	0.023722119144876538	0.823381626334445	other	CRIZOTINIB	0.9839292170062944
1	91	0.02375397160428557	0.8231483290442003	other	PRIDINOL	0.9839292170062944
1	90	0.023756214810985603	0.8241175230529699	other	PROPRANOLOL-(S)	0.9839292170062944
1	90	0.02397023476423773	0.8225588161853941	other	DIGOXIGENIN	0.9838957374524124
2	93	0.023987874023459678	0.39468377128290133	other	PITAVASTATIN	0.9398343515661551
1	90	0.0240031609108919	0.822319076041222	other	AMG-9810	0.9837915300968294
2	88	0.024040304678190884	0.21331189587445135	other	NALTREXONE	0.9280799126366769
1	85	0.024086614097437738	0.8267970284612377	other	VIGABATRIN	0.9839292170062944
1	96	0.02417287266734428	0.8151585626086385	other	BT-11	0.9823354074734125
1	91	0.024183979806307505	0.8200003274912684	other	CF102	0.9831017593232279
1	84	0.02418775121872699	0.8271216377765546	other	LIOTHYRONINE	0.9839292170062944
1	90	0.024332422377433625	0.8199225748082859	other	CETRIMONIUM	0.9831017593232279
1	90	0.024340653914097173	0.8198626833503838	other	LICARBAZEPINE	0.9831017593232279
1	91	0.024343242103352664	0.8188351212969016	other	TRANS-4-[8-(3-FLUOROPHENYL)-1,7-NAPHTHYRIDIN-6-YL]CYCLOHEXANECARBOXYLIC-ACID	0.9831017593232279
1	96	0.02436278300255349	0.8137325324068404	other	ICI-169369	0.9821589650319505
1	91	0.02437509456276169	0.818602127162127	other	BU-224	0.9831017593232279
1	96	0.024437390634242825	0.81317247214591	other	TEMEFOS	0.9821589650319505
1	96	0.024573040873677978	0.812154421754006	other	SITRAVATINIB	0.9821589650319505
1	91	0.02459009866377266	0.8170298296131787	other	OFLOXACIN	0.9831017593232279
1	96	0.024606953433536766	0.8118999578959852	other	AVEX-73	0.9821589650319505
1	91	0.024637877352886205	0.8166805281963225	other	CIPROFLOXACIN	0.982883249580563
2	93	0.024698001079786827	0.8144867038666781	other	MERBARONE	0.9822485698610015
1	91	0.024701582271704273	0.8162148486632836	other	SB-366791	0.9826897486894894
1	96	0.024729038649028402	0.810984050038485	other	LASOFOXIFENE	0.9820783743280244
1	90	0.024785156893928503	0.8166300867266384	other	ULIPRISTAL	0.982883249580563
1	90	0.02494978762719936	0.8154336033015044	other	DIGITOXIGENIN	0.9823364522888227
1	90	0.02501563992050771	0.8149551281787154	other	MBX-2982	0.9822738886013462
1	91	0.02506788555490814	0.8135384340251084	other	VESAMICOL	0.9821589650319505
1	91	0.025131590473726203	0.8130731880857143	other	TELBIVUDINE	0.9821589650319505
1	91	0.02521122162224878	0.812491721860082	other	IDALOPIRDINE	0.9821589650319505
1	96	0.025305552166627804	0.8066623882001066	other	CYCLOPAMINE	0.9801988503312041
1	88	0.02535156697261977	0.8146309487306826	other	ORG-12962	0.9822485698610015
1	91	0.025378447034146198	0.8112709739060582	other	SELINEXOR	0.9821396593927026
1	91	0.02541826260840749	0.8109803859902212	other	BUSPIRONE	0.9820783743280244
1	91	0.025505856871782327	0.8103411827443077	other	SCS	0.9818532451071066
1	88	0.025510069301729586	0.8134928967530252	other	JTE-607	0.9821589650319505
1	91	0.025665119168827487	0.8091793137922939	other	MM77	0.9809986565177969
1	74	0.025783234234207277	0.8273854935075892	other	METHOCARBAMOL	0.9839292170062944
1	91	0.025824381465872643	0.8080178582126835	other	BITOPERTIN	0.9803280847052432
1	90	0.025871719733516197	0.8087411850222355	other	NELFINAVIR	0.9806519335314767
1	91	0.025967717533213294	0.8069729036247137	other	BRL-37344	0.9801988503312041
1	91	0.02599956999262232	0.8067407374085596	other	BRD:BRD-K95901403-001-04-5.1	0.9801988503312041
1	91	0.02599956999262232	0.8067407374085596	other	XL147	0.9801988503312041
1	91	0.026031422452031355	0.8065085879304774	other	GW-0742	0.9801988503312041
1	91	0.026055311796588126	0.8063344868179004	other	DIPYRIDAMOLE	0.9801988503312041
1	96	0.026071976019436414	0.8009261222627786	other	MELANOTAN-II	0.9799671782537764
1	90	0.026126897370086034	0.806891224421884	other	HYDROCORTISONE	0.9801988503312041
1	91	0.02615086917481522	0.8056381767909523	other	CGS-21680	0.9801988503312041
1	90	0.026217444273385015	0.8062350413501022	other	MENBUTONE	0.9801988503312041
1	91	0.0262305003233378	0.8050580341180843	other	MK-2461	0.9801988503312041
1	91	0.02623846343819006	0.8050000256476624	other	ETOFYLLINE	0.9801988503312041
1	91	0.02624642655304232	0.8049420182324222	other	KAEMPFEROL	0.9801988503312041
1	96	0.026248321330702117	0.799607754853741	other	ARAMCHOL	0.9799671782537764
1	96	0.026248321330702117	0.799607754853741	JAK_inhibitor_core	DELGOCITINIB	0.9799671782537764
1	85	0.02625587508308933	0.8114745667180006	other	SCH-900776	0.9821396593927026
1	96	0.026295798914504422	0.7992529056039448	other	GF109203X	0.9799671782537764
1	88	0.026346609372031385	0.8074929715262619	other	ENOXIMONE	0.9801988503312041
1	91	0.026357910160973934	0.8041300253819166	other	AMINOTHIAZOLE	0.9801988503312041
1	88	0.026373026426883016	0.8073036793406215	other	ALTINICLINE	0.9801988503312041
1	96	0.026485709249713635	0.7978339171277987	other	TCS-2002	0.9799671782537764
1	96	0.0267637922405557	0.7957572990766141	other	LMK-235	0.9799671782537764
1	89	0.026770742005923942	0.8033383157978476	other	AZD4547	0.9801988503312041
1	91	0.02680384459270038	0.8008841392544896	other	ZOSUQUIDAR	0.9799671782537764
1	90	0.026810114913160123	0.8019433548384534	other	OMDM-2	0.9799671782537764
1	90	0.026851272596477835	0.8016455374302357	other	BENTIROMIDE	0.9799671782537764
1	84	0.02686065466022717	0.8083641246761013	other	PILOCARPINE	0.9803791434924081
1	90	0.026958282573103898	0.8008713448276753	other	PD-407824	0.9799671782537764
1	91	0.027002922464006828	0.7994361698037563	other	IKK-16	0.9799671782537764
1	96	0.02705544025534128	0.7935809110201612	other	SINEFUNGIN	0.9799671782537764
1	96	0.02708257030322831	0.793378536423182	other	BMS-626531	0.9799671782537764
2	87	0.027163936102142863	0.8055741617390442	other	LEVODROPROPIZINE	0.9801988503312041
1	90	0.02721346020967374	0.7990259701447668	other	RUFINAMIDE	0.9799671782537764
1	91	0.027249779024426827	0.7976416291564914	other	TACROLIMUS	0.9799671782537764
1	96	0.02728604566238104	0.7918611641834777	other	VERUBECESTAT	0.9799671782537764
1	91	0.027337373287801663	0.7970051087675765	other	GSK1292263	0.9799671782537764
1	91	0.02741700443632425	0.7964265690036926	other	IMETIT	0.9799671782537764
2	87	0.02743760998274613	0.8002147109433424	other	TENIPOSIDE	0.9799671782537764
1	88	0.02743851430589899	0.7996782489157558	other	MEBROFENIN	0.9799671782537764
1	96	0.02749630353350553	0.7902940275683524	other	ORNIPRESSIN	0.9799671782537764
1	91	0.027496635584846822	0.7958481392013285	other	ENTACAPONE	0.9799671782537764
1	85	0.027516391601778767	0.8026030399959525	other	7-AMINOCEPHALOSPORANIC-ACID	0.9801988503312041
1	91	0.027520524929403597	0.7956746317478008	other	AGI-6780	0.9799671782537764
2	85	0.027548579322071318	0.4630880653760858	other	NAFCILLIN	0.9639109442375211
1	90	0.027567416286206094	0.7964680843022806	other	KB-R7943	0.9799671782537764
1	91	0.027600156077926177	0.7950963453421936	other	METIXENE	0.9799671782537764
1	91	0.027647934767039726	0.7947494265910783	other	SETIPTILINE	0.9799671782537764
1	86	0.027718550107843416	0.8000066590883548	other	LYPRESSIN	0.9799671782537764
1	85	0.027750906302930294	0.8009552393872862	other	LYCOPENE	0.9799671782537764
1	96	0.02778795154829111	0.7881216393346884	other	ON123300	0.9799671782537764
1	91	0.027823123293789404	0.7934777330099311	other	MEDROXYPROGESTERONE	0.9799671782537764
1	90	0.027855520069430102	0.7943876681592811	other	LOXAPINE	0.9799671782537764
1	91	0.027878865097755206	0.7930732162389793	other	PROPANTHELINE	0.9799671782537764
1	90	0.02789667775274782	0.794090582791895	other	AZOSEMIDE	0.9799671782537764
1	96	0.027903254251810984	0.7872632342310623	other	BI-409306	0.9799671782537764
1	91	0.027918680672016496	0.7927843091900981	other	SERTRALINE	0.9799671782537764
1	91	0.028093869198766178	0.7915134508453129	other	MELPERONE	0.9799671782537764
1	84	0.0281059846727443	0.7996609267826562	other	BALOFLOXACIN	0.9799671782537764
1	90	0.028110697705999943	0.7925462130164903	other	ASTEMIZOLE	0.9799671782537764
1	91	0.02818146346214101	0.7908782256556768	other	CARISOPRODOL	0.9799671782537764
1	96	0.028262727386314142	0.7845886664109215	other	NB-001	0.9799671782537764
1	91	0.02830887329977714	0.7899545055489972	other	4-HQN	0.9799671782537764
1	96	0.02832376999405996	0.7841347420864586	other	IOX1	0.9799671782537764
1	86	0.028388399344622478	0.7952779261991808	other	AF38469	0.9799671782537764
1	91	0.028396467563151978	0.7893196161508301	other	DIFLOXACIN	0.9799671782537764
1	84	0.02845022223717993	0.7972594182655663	other	EACT	0.9799671782537764
1	90	0.028472885319195843	0.7899344884466393	other	SB-222200	0.9799671782537764
1	86	0.02847330981125645	0.7946790325610271	other	2-CHLOROADENOSINE	0.9799671782537764
1	90	0.02849757992918647	0.789756500385113	other	SNX-5422	0.9799671782537764
1	91	0.02850795117108359	0.7885117739949024	other	XL388	0.9799671782537764
1	88	0.028512807869865514	0.7920087502696477	other	PIPOTIAZINE-PALMITATE	0.9799671782537764
1	91	0.02853184051564036	0.7883386940141311	other	PF-03758309	0.9799671782537764
1	96	0.02853402786518445	0.7825717789343719	other	TC-SP-14	0.9799671782537764
1	85	0.028542393419316678	0.7954003688008792	other	PENICILLAMINE-(D)	0.9799671782537764
1	96	0.028554375401099723	0.782420570148669	other	WH-4-023	0.9799671782537764
1	91	0.028563692975049394	0.7881079366859678	other	DIPEPTAMIN	0.9799671782537764
1	85	0.02872805089106164	0.7940988363668542	other	BMS-387032	0.9799671782537764
1	88	0.028821006843134597	0.7898120948269798	other	KT-433	0.9799671782537764
1	91	0.028826475765173908	0.7862048879622128	other	METHACHOLINE	0.9799671782537764
1	88	0.02892667506254114	0.7890593324735298	other	DIDOX	0.9799671782537764
1	91	0.028969811832514552	0.785167389590481	other	COUMARIN	0.9799671782537764
1	96	0.029069846310953305	0.7785926601249239	other	RUBOXISTAURIN	0.9799671782537764
1	91	0.02912907412955971	0.7840150535749674	other	BRD:BRD-K05804044-001-06-0.1	0.9799671782537764
1	91	0.02912907412955971	0.7840150535749674	other	BRD:BRD-K05804044-001-06-0.2	0.9799671782537764
1	90	0.029197260545587644	0.7847180181192811	other	BILASTINE	0.9799671782537764
1	90	0.029230186692241814	0.7844811296073334	other	BILOBALIDE	0.9799671782537764
1	91	0.029232594622639066	0.7832662845836728	other	AZD5438	0.9799671782537764
1	88	0.029261291090661862	0.7866768641490289	other	ELAGOLIX	0.9799671782537764
1	96	0.029293669206021306	0.7769321796355962	other	LUSAPERIDONE	0.9799671782537764
1	86	0.029341283470181424	0.7885638820354828	other	RIOCIGUAT	0.9799671782537764
1	85	0.029363194873347015	0.789650500922351	other	MERBROMIN	0.9799671782537764
1	86	0.029379021455352077	0.7882982930169162	other	SB-271046	0.9799671782537764
1	90	0.029419512035503307	0.7831194021050809	other	PRANIDIPINE	0.9799671782537764
1	91	0.02943963560879778	0.7817693390774302	other	LOBENZARIT	0.9799671782537764
1	96	0.02948357954123052	0.7755240727270358	other	CACCINH-A01	0.9799671782537764
1	88	0.02954307300907931	0.78467209469731	other	UFENAMATE	0.9799671782537764
1	90	0.02956767969544709	0.7820541574005956	other	GASTRODIN	0.9799671782537764
1	96	0.029612447268693918	0.7745689847027434	other	ASCOMYCIN	0.9799671782537764
1	91	0.029694455284070033	0.7799280355307885	other	DY131	0.9799671782537764
1	91	0.029694455284070033	0.7799280355307885	other	CMPD-1	0.9799671782537764
1	96	0.02975488002010082	0.7735137515398065	other	CONVALLATOXIN	0.9799671782537764
1	96	0.02975488002010082	0.7735137515398065	other	CALHEX-231	0.9799671782537764
1	96	0.029809140115874887	0.7731118661542831	other	CILOFEXOR	0.9799671782537764
1	90	0.029913404235315893	0.779570151503532	other	OZAGREL	0.9799671782537764
1	91	0.03000501676330809	0.777685587562704	other	BRD:BRD-K96671969-001-03-1.1	0.9799671782537764
1	91	0.03000501676330809	0.777685587562704	other	PRETOMANID	0.9799671782537764
1	90	0.030094498041913848	0.7782698861585114	other	JNJ-10191584	0.9799671782537764
1	96	0.030107570642632222	0.7709025690618954	other	A-839977	0.9799671782537764
1	86	0.03011491216617978	0.7831241727953986	other	PHENFORMIN	0.9799671782537764
2	87	0.03018278374466937	0.5274230752458382	other	DICHLORISONE-ACETATE	0.9731018416736845
1	90	0.030201508018539908	0.7775018339761653	other	TINIDAZOLE	0.9799671782537764
1	96	0.030209308322208587	0.7701498163849941	other	MG-624	0.9799671782537764
1	91	0.030275762668284863	0.7757321163401117	other	AMITRIPTYLINE	0.9799671782537764
1	91	0.030291688897989374	0.7756172495640331	other	SN-6	0.9799671782537764
2	88	0.030366678879820176	0.6750466297985367	other	SECNIDAZOLE	0.9748796190609336
1	78	0.03050153013724243	0.790936519432888	other	TC-ASK-10	0.9799671782537764
1	91	0.030506692999000343	0.7740670213333962	other	FRENTIZOLE	0.9799671782537764
1	96	0.030541651408824713	0.7676923122067424	other	CP-547632	0.9799671782537764
1	91	0.030546508573261636	0.7737800390005163	other	ARSANILIC-ACID	0.9799671782537764
1	96	0.030589128992627015	0.767341427072435	other	CERULETIDE	0.9799671782537764
2	90	0.030593622402246615	0.776634398449511	other	MEBHYDROLINE-1,5-NAPHTALENEDISULFONATE	0.9799671782537764
1	85	0.030594397054392514	0.781046834540954	other	GALLAMINE-TRIETHIODIDE	0.9799671782537764
1	96	0.03060947652854229	0.7671910620894641	other	PAGOCLONE	0.9799671782537764
1	96	0.03062982406445756	0.7670407057302582	other	GLPG0187	0.9799671782537764
1	88	0.030634977942946923	0.776916973426446	other	ISEPAMICIN	0.9799671782537764
1	91	0.030650029066340984	0.7730340272645679	other	NEDOCROMIL	0.9799671782537764
1	96	0.030684084160231623	0.76663979763958	other	PF-02413873	0.9799671782537764
1	91	0.030689844640602277	0.7727471545165642	other	SECALCIFEROL	0.9799671782537764
1	91	0.03074558644456808	0.7723455839579445	other	SGC-0946	0.9799671782537764
1	90	0.030761252511660845	0.7734878277069567	other	MTPG	0.9799671782537764
1	86	0.03093571334364145	0.777364140791221	other	BI-224436	0.9799671782537764
1	96	0.03095538463910193	0.7646361810947109	other	AMCASERTIB	0.9799671782537764
1	90	0.030967040928249423	0.772013579464329	other	STF-118804	0.9799671782537764
1	86	0.030982885825104757	0.777033466072321	other	ALMOREXANT	0.9799671782537764
1	91	0.03103225857924937	0.7702813127237722	other	TELMISARTAN	0.9799671782537764
1	90	0.031082282441539027	0.7711883532906594	other	PREDNISONE	0.9799671782537764
1	85	0.03117091236139001	0.7770270925683962	other	METHOXYAMINE	0.9799671782537764
1	90	0.031197523954828634	0.7703633815339649	other	OLANZAPINE	0.9799671782537764
1	90	0.031230450101482805	0.7701277221686592	other	IRSOGLADINE	0.9799671782537764
1	91	0.03132689382878292	0.7681613665587754	other	INDOMETHACIN	0.9799671782537764
1	96	0.03134877033346387	0.7617336917289681	other	ASIVATREP	0.9799671782537764
1	86	0.03141687265456725	0.7739931269226271	other	N-HYDROXYNICOTINAMIDE	0.9799671782537764
1	96	0.0315047681088143	0.7605836146986761	other	RO-5028442	0.9799671782537764
1	90	0.031724342301295394	0.7665953461402233	other	ANAMORELIN	0.9799671782537764
1	96	0.031728591003882305	0.758934413759715	other	BURAMATE	0.9799671782537764
1	85	0.03173765622250619	0.7730811859069125	other	INDIUM(III)-ISOPROPOXIDE	0.9799671782537764
1	84	0.03178122690480704	0.7741216934752152	other	CCG-50014	0.9799671782537764
1	91	0.03178875449021388	0.7648416410934774	other	GW-1929	0.9799671782537764
1	90	0.031847815351248546	0.7657129934507321	other	TRYPTANTHRIN	0.9799671782537764
1	90	0.03185604688791209	0.7656541805449807	other	PHENACAINE	0.9799671782537764
1	90	0.031897204571229805	0.7653601359370811	other	VOLINANSERIN	0.9799671782537764
1	91	0.03214709465856549	0.7622689114667486	other	8-BROMO-CGMP	0.9799671782537764
1	91	0.03215505777341775	0.7622117689012984	other	HARMANE	0.9799671782537764
1	85	0.032226228516571864	0.7696841542774313	other	PANCURONIUM	0.9799671782537764
1	90	0.03228408679441633	0.7625977462761787	other	STEMREGENIN-1	0.9799671782537764
1	88	0.032325669453451604	0.7649522726007432	other	PRESATOVIR	0.9799671782537764
1	91	0.03237802498928097	0.7606122954665596	other	CLOBETASOL-PROPIONATE	0.9799671782537764
1	88	0.032537005892264693	0.7634604884430372	other	ELAFIBRANOR	0.9799671782537764
1	88	0.032537005892264693	0.7634604884430372	other	METHYLPREDNISOLONE-ACEPONATE	0.9799671782537764
1	96	0.03254927495246498	0.7528966210175373	other	BQU57	0.9788534575939682
1	91	0.03258506597543968	0.7591279701761993	other	BRD:BRD-K02715688-001-02-1.1	0.9799671782537764
1	91	0.03258506597543968	0.7591279701761993	other	HYDRASTINE-(1R,9S)	0.9799671782537764
1	88	0.03268670253642396	0.7624043294345472	other	HALOPEMIDE	0.9799671782537764
1	91	0.03269654958337129	0.7583290789096454	other	LUPANINE	0.9799671782537764
1	91	0.032863774995268706	0.7571312177183129	other	CEPHALOTHIN	0.979816869988405
1	91	0.032919516799234515	0.7567320579028736	other	CLOFARABINE	0.9794969568758881
1	91	0.032943406143791286	0.7565610089316628	other	LACIDIPINE	0.9794722361063463
1	88	0.032986095824742497	0.7602933166621616	other	7-METHYLXANTHINE	0.9799671782537764
1	96	0.033030833302459775	0.7493606689130408	other	SINCALIDE	0.9782055228459823
1	96	0.03307152837429032	0.7490620923068664	other	2-FLUOROFUCOSE	0.9782055228459823
1	96	0.03307831088626208	0.749012333135999	other	MK-1903	0.9782055228459823
1	91	0.033086742211131934	0.7555349615746145	other	SAR131675	0.9793978945733219
1	84	0.03309742935706092	0.76503191663874	other	BRD:BRD-K93317811-003-02-2.1	0.9799671782537764
1	84	0.03309742935706092	0.76503191663874	other	VU0364739	0.9799671782537764
1	91	0.033110631555688705	0.7553639948321177	other	ENALAPRIL	0.9793978945733219
1	96	0.03315970102992317	0.7484153033373582	other	GM-1485	0.9780567853884647
1	86	0.033190557957587866	0.7616032040581002	other	NLG919	0.9799671782537764
1	88	0.03332071185286322	0.7579360239021445	other	TUCATINIB	0.9799671782537764
1	91	0.03334952500125645	0.7536549764565337	other	SULFAMETHIZOLE	0.9788983692637152
2	88	0.0333829122508192	0.5018865691594234	other	VILDAGLIPTIN	0.9710873257840971
1	90	0.03340357578065821	0.7546212874273838	other	N-METHYL-(-)EPHEDRINE-[1R,2S]	0.9790209587551705
1	90	0.03344473346397592	0.7543285191349925	other	GOLGICIDE-A	0.9790209587551705
1	84	0.033532788629729506	0.7620322090945466	other	RWJ-50271	0.9799671782537764
1	84	0.03366440887495489	0.7611260089243789	other	BRD:BRD-K60635008-001-01-5.1	0.9799671782537764
1	84	0.03366440887495489	0.7611260089243789	other	UNC2327	0.9799671782537764
1	91	0.03366804959534676	0.7513781306888472	other	EDOXABAN	0.9782504198663841
1	90	0.03383984722382599	0.7515197144241907	other	JNJ-38877605	0.9782504198663841
2	89	0.03392362029845831	0.6708782894628721	other	BIX-01294	0.9748796190609336
1	90	0.03396332027377914	0.7506426240806832	other	FAMOTIDINE	0.9782504198663841
1	86	0.033983055646171545	0.7560864141187078	other	PD-184352	0.9794722361063463
2	87	0.03398980932680604	0.7600150917064155	other	IDARUBICIN	0.9799671782537764
1	96	0.034000732514421116	0.7422547438397138	other	JD-5037	0.9780567853884647
1	96	0.03405499261019518	0.741857840995374	other	3,5-DHPG-(S)	0.9780567853884647
1	91	0.03409009468251644	0.7483645873277657	other	HYPERIN	0.9780567853884647
1	91	0.03412194714192547	0.7481373027348406	other	STRYCHNINE	0.9780567853884647
1	90	0.034160877153704174	0.7492399385473703	other	4-PHENOLSULFONIC-ACID	0.9782055228459823
1	88	0.0342717258275221	0.7512484789893449	other	SAR407899	0.9782504198663841
1	91	0.034360840587493204	0.7464333553433672	other	NORNICOTINE	0.9780567853884647
1	84	0.03436300863807426	0.7563215870726036	other	BRD:BRD-K26514105-001-01-7.1	0.9794722361063463
1	84	0.03436300863807426	0.7563215870726036	other	GSK37647	0.9794722361063463
1	88	0.0343685883619781	0.7505683596201667	other	MUPIROCIN	0.9782504198663841
1	91	0.03436880370234546	0.7463765780291542	other	DIGOXIN	0.9780567853884647
1	90	0.03439136018028338	0.7476045022298413	other	PALMITOYLETHANOLAMIDE	0.9780567853884647
1	91	0.03444843485086805	0.7458088793745753	other	CP-673451	0.9780567853884647
1	96	0.034489073376387666	0.7386850579876251	other	SOBUZOXANE	0.9780567853884647
1	90	0.03449837015690945	0.7468455713886392	other	OPROZOMIB	0.9780567853884647
1	90	0.03463007474352613	0.7459118338425441	other	MEPROBAMATE	0.9780567853884647
1	88	0.034676787335247185	0.7484056124041932	other	CHIDAMIDE	0.9780567853884647
1	86	0.03470951186070658	0.7510400534743015	other	PIPERAZINE	0.9782504198663841
1	90	0.03477824240346992	0.7448618173883106	other	ENOXACIN	0.9780567853884647
1	90	0.03481940008678763	0.7445702287372037	other	ZM-336372	0.9780567853884647
1	96	0.034828198974975556	0.7362093609325294	other	BALOXAVIR-MARBOXIL	0.9777542497096335
1	86	0.034898201786559835	0.7497310097990578	other	EPIANDROSTERONE	0.9782504198663841
1	96	0.03498419675032597	0.7350714428343553	other	CU-CPT-4A	0.9777542497096335
1	91	0.03499788977567385	0.7418954703216559	other	NEXTURASTAT-A	0.9780567853884647
1	91	0.03500585289052611	0.7418388021748505	other	NEVIRAPINE	0.9780567853884647
1	90	0.0350992723333481	0.7425883820125531	other	AZD6765	0.9780567853884647
1	90	0.03511573540667518	0.742471854858675	other	CINCHOPHEN	0.9780567853884647
1	96	0.03513341201370465	0.7339835345378046	other	METHYLCOBALAMIN	0.9775326164526217
1	90	0.03518158769998353	0.7420058042722505	other	VANOXERINE	0.9780567853884647
1	91	0.03521289387668481	0.7403659141432392	other	CHLORPHENAMINE	0.9780567853884647
1	91	0.03526067256579836	0.7400261495182673	other	CAPADENOSON	0.9780567853884647
1	86	0.03528501613455901	0.747049685886572	other	TH588	0.9780567853884647
1	86	0.03528501613455901	0.747049685886572	other	BRD:BRD-K01054709-001-01-3.1	0.9780567853884647
1	91	0.03547567666680932	0.7384978265643889	other	MOSAPRIDE	0.9780567853884647
1	90	0.0355190807031888	0.7396187574693962	other	N-CYCLOHEXYL-2-BENZOTHIAZOLESULFENAMIDE	0.9780567853884647
1	90	0.0355190807031888	0.7396187574693962	other	BRD:BRD-K64191834-001-03-1.1	0.9780567853884647
1	86	0.03552087854187559	0.7454162041938407	other	OXYPHENCYCLIMINE	0.9780567853884647
1	96	0.03552679770806659	0.73111793544958	other	BISMUTH-SUBSALICYLATE	0.9766759551969475
1	90	0.035560238386506515	0.7393278222586612	other	HORDENINE	0.9780567853884647
1	85	0.0355776606299958	0.7465017139390718	other	KINETIN	0.9780567853884647
1	91	0.03576234880149061	0.7364616426391138	other	ANACETRAPIB	0.9777542497096335
1	91	0.03581809060545642	0.7360659286591513	other	ACETYL-L-LEUCINE	0.9777542497096335
1	91	0.035841979950013196	0.7358963580147129	other	PURVALANOL-B	0.9777542497096335
1	96	0.03589983586651326	0.728403962089985	other	GNTI	0.9759174434856174
1	96	0.03590661837848501	0.7283546479983142	other	BRINCIDOFOVIR	0.9759174434856174
1	86	0.035964299867630736	0.742348304743086	other	INT-767	0.9780567853884647
1	86	0.0359737343639234	0.7422830737444369	other	IRINOTECAN	0.9780567853884647
1	84	0.0360740718260043	0.7445935647519271	other	IBMX	0.9780567853884647
1	90	0.03610351980630037	0.7354909280025593	other	GOLVATINIB	0.9777542497096335
1	88	0.03619136514674097	0.737805785507287	other	RESVERATROL	0.9780567853884647
1	84	0.03623606597397401	0.743486178340752	other	BENAXIBINE	0.9780567853884647
1	91	0.036248098807478354	0.733015598263019	other	BETA-AMYLOID-SYNTHESIS-INHIBITOR	0.9775326164526217
1	85	0.036252064219673016	0.7418631014304929	other	ISOBUTYRAMIDE	0.9780567853884647
1	96	0.03628643904890345	0.7255948299445053	other	NELOTANSERIN	0.9759174434856174
1	96	0.03632035160876223	0.7253485874282721	other	UPRIFOSBUVIR	0.9759174434856174
1	90	0.03632577129621603	0.7339231508162203	other	RESIQUIMOD	0.9775326164526217
1	90	0.03632577129621603	0.7339231508162203	other	ARCYRIAFLAVIN-A	0.9775326164526217
1	90	0.036350465906206664	0.7337490205015662	other	ANISOMYCIN	0.9775326164526217
1	90	0.03636692897953375	0.7336329411023611	other	CV-1808	0.9775326164526217
1	91	0.03639939798967125	0.7319433160042308	other	ATGLISTATIN	0.9768336676942592
1	91	0.03640736110452351	0.7318868943262841	other	EPOPROSTENOL	0.9768336676942592
1	96	0.03644921933622563	0.7244131208654223	other	PROPYLENE-GLYCOL	0.9759174434856174
1	85	0.036652693500806875	0.7391118757501753	other	CARMUSTINE	0.9780567853884647
2	87	0.03667208779101091	0.4993014226142004	other	ESTRADIOL	0.9710873257840971
1	90	0.03668795890941193	0.7313705919540281	other	OXYPHENONIUM	0.9766759551969475
1	91	0.036717922583761574	0.7296875630985569	other	RO-106-9920	0.9766540763565816
2	88	0.03673722927160659	0.43160966946581536	other	FLUOCINOLONE-ACETONIDE	0.9539315243053148
1	90	0.03673734812939319	0.7310227413551722	other	BROMFENAC	0.9766759551969475
1	90	0.03676204273938382	0.7308488364322064	other	CLINDAMYCIN-PALMITATE	0.9766759551969475
1	90	0.03677027427604736	0.7307908711452853	other	CYCLOBENZAPRINE	0.9766759551969475
2	85	0.03679049601828258	0.7391768954883668	other	NORFLOXACIN	0.9780567853884647
2	93	0.03702884523584314	0.7256869933999097	other	LOSARTAN	0.9759174434856174
1	90	0.037074841132598464	0.7286472201953607	other	IFOSFAMIDE	0.9759174434856174
1	90	0.037140693425906805	0.7281840015270313	other	PERUVOSIDE	0.9759174434856174
2	89	0.03715902695742744	0.34345128858017826	other	FLUMETHASONE	0.9306744292541521
1	90	0.03716538803589744	0.7280103196696517	other	NEPICASTAT	0.9759174434856174
1	90	0.03719831418255161	0.7277787652143777	other	OCTOPAMINE	0.9759174434856174
1	90	0.037223008792542235	0.727605115399294	other	HYDROQUINIDINE	0.9759174434856174
1	90	0.037223008792542235	0.727605115399294	other	VITAMIN-B12	0.9759174434856174
1	96	0.037256338260864795	0.7185634011615791	other	BMS-582949	0.9759174434856174
1	89	0.03728325913702603	0.7286830058169836	other	INDOPROFEN	0.9759174434856174
1	90	0.03736294491582247	0.726621359660829	other	VX-222	0.9759174434856174
1	96	0.03739198850029994	0.7175818351248376	other	SACUBITRILAT	0.9759174434856174
1	91	0.03744256603531705	0.7245643108540508	other	BW-373U86	0.9759174434856174
1	91	0.03745849226502156	0.7244518469957034	other	KRN-633	0.9759174434856174
1	90	0.037527575649093335	0.7254645670609023	other	VALACICLOVIR	0.9759174434856174
1	90	0.03760165947906522	0.7249442110017669	other	ADL5859	0.9759174434856174
1	96	0.03760224637142443	0.716061314557842	other	GUANCYDINE	0.9759174434856174
1	90	0.03761812255239231	0.7248285932654949	other	BENFLUOREX	0.9759174434856174
1	90	0.03765104869904648	0.7245973762946425	other	NU-1025	0.9759174434856174
1	90	0.03768397484570065	0.7243661840085582	other	GRAMINE	0.9759174434856174
1	96	0.037697201539029036	0.715374990428742	other	GSK239512	0.9759174434856174
1	91	0.037761090629407364	0.7223161467541512	other	BRD:BRD-K57886322-001-16-6.1	0.9759174434856174
1	91	0.037761090629407364	0.7223161467541512	other	FLUOCINONIDE	0.9759174434856174
1	91	0.03782479554822543	0.7218667959339978	other	ROTIGOTINE	0.9759174434856174
1	85	0.03782526700656449	0.7310784445444575	other	DOXERCALCIFEROL	0.9766759551969475
1	91	0.03784072177792995	0.7217544729619177	other	PROCYANIDIN-B-2	0.9759174434856174
1	91	0.0378486848927822	0.7216983136873204	other	TETRADECYLTHIOACETIC-ACID	0.9759174434856174
1	96	0.03787354685029474	0.7141009892476259	other	ROVAZOLAC	0.9756453956528607
1	90	0.03790622633561632	0.7228062831879628	other	TRIAZOLAM	0.9759174434856174
1	90	0.03795561555559758	0.7224597920032317	other	RS-102895	0.9759174434856174
1	91	0.03796813161556607	0.7208561016798626	other	CILENGITIDE	0.9759174434856174
1	91	0.03797609473041833	0.7207999660324744	other	CHIR-98014	0.9759174434856174
1	90	0.03798854170225176	0.7222288289515769	other	MILTEFOSINE	0.9759174434856174
1	96	0.038015979601701645	0.7130725602657831	other	BROMISOVAL	0.9752738645179797
2	87	0.0380258443054414	0.09936863865646522	other	GENIPIN	0.8648691895669884
1	96	0.03803632713761691	0.7129256836726409	other	POCAPAVIR	0.9752738645179797
1	90	0.0380543939955601	0.7217669775051324	other	BAY-85-8050	0.9759174434856174
1	86	0.03805875804460189	0.7279123786008761	other	INDALPINE	0.9759174434856174
1	91	0.03811943079775897	0.7197897775544363	other	FURSULTIAMINE	0.9759174434856174
1	88	0.038163838575663106	0.7240747294646253	other	CEFETAMET	0.9759174434856174
1	86	0.038171972000113845	0.7271347002591785	other	SANAZOLE	0.9759174434856174
1	79	0.03821857617829561	0.7380763169414106	other	INDIPLON	0.9780567853884647
1	88	0.03825189542516856	0.7234637276924424	other	NAPABUCASIN	0.9759174434856174
1	85	0.03831383930063016	0.7277396508264933	other	LY2140023	0.9759174434856174
1	90	0.03840835007209245	0.7192862373671878	other	BEPOTASTINE	0.9759174434856174
1	90	0.03845773929207371	0.718940317838751	other	TROXIPIDE	0.9759174434856174
1	84	0.038503984045549916	0.7280383761643839	other	TCS-PIM-1-1	0.9759174434856174
1	96	0.03853145051155523	0.7093549261950893	other	SNG-1153	0.9752738645179797
1	91	0.03854147588492865	0.71681813162929	other	SN-38	0.9759174434856174
1	88	0.03854248302853655	0.7214486519373624	other	PROPIVERINE	0.9759174434856174
1	96	0.038551798047470505	0.7092083164124282	other	SAM-315	0.9752738645179797
1	85	0.03858743978530694	0.7258721355258017	other	LITHIUM-CITRATE	0.9759174434856174
1	90	0.03862237002534458	0.7177876617663276	other	MEPIVACAINE	0.9759174434856174
1	91	0.038660922607712526	0.7159778621333692	other	TENOXICAM	0.9759174434856174
1	91	0.03872462752653059	0.715529856558176	other	DARIFENACIN	0.9759174434856174
1	91	0.03879629556020091	0.7150259653860986	other	OXYBUTYNIN	0.9759174434856174
1	90	0.038803463831942525	0.716520469062725	other	LCQ908	0.9759174434856174
1	90	0.03881169536860607	0.7164628875883307	other	METICRANE	0.9759174434856174
1	96	0.038870576110143114	0.7069128162583719	other	BIA-10-2474	0.9752738645179797
1	96	0.03893161871788893	0.706473550633702	other	AC260584	0.9752738645179797
1	96	0.03905370393338057	0.7055953080392308	other	MSDC-0160	0.9752738645179797
1	91	0.03907500458002994	0.7130675507273128	other	I-BZA	0.9752738645179797
1	91	0.03907500458002994	0.7130675507273128	other	Z160	0.9752738645179797
1	91	0.03909889392458671	0.7128997728813603	other	PRX-08066	0.9752738645179797
1	84	0.03917220990592496	0.7235070813002509	other	RG7112	0.9759174434856174
1	96	0.0391757891488722	0.7047174511851148	other	EFLETIRIZINE	0.9752738645179797
1	91	0.03918648818796154	0.7122847043214671	other	IBUPROFEN	0.9752738645179797
1	96	0.03921648422070275	0.7044249181335028	other	MORPHOTHIADIN	0.9752738645179797
1	96	0.03934535194816614	0.7034988474260443	other	GSK356278	0.9752738645179797
1	90	0.03942082908170826	0.712206275063759	other	BALSALAZIDE	0.9752738645179797
1	91	0.039457234092938324	0.7103847477675483	other	BETAMETHASONE-VALERATE	0.9752738645179797
1	91	0.03948112343749509	0.710217189259995	other	DIFLUNISAL	0.9752738645179797
1	91	0.03952093901175638	0.7099379556846717	other	HYDROCHLOROTHIAZIDE	0.9752738645179797
1	91	0.03952890212660864	0.7098821135626051	other	N-METHYLQUIPAZINE	0.9752738645179797
1	96	0.03954882730731888	0.7020375116841421	other	6-DIAZO-5-OXO-L-NORLEUCINE	0.9752738645179797
1	96	0.03954882730731888	0.7020375116841421	other	BRD:BRD-K84924563-001-04-9.1	0.9752738645179797
1	90	0.039659543644951015	0.7105405352583398	other	SB-218078	0.9752738645179797
1	96	0.03968447754675403	0.7010638893293136	other	AMI-1	0.9752738645179797
1	96	0.0397048250826693	0.700917887585771	other	CABAGIN	0.9752738645179797
1	96	0.0397048250826693	0.700917887585771	other	ROLAPITANT	0.9752738645179797
1	96	0.03974552015449984	0.700625916708994	other	ZEBULARINE	0.9752738645179797
1	90	0.039750090548249996	0.7099090577284093	other	SPHINGOSYLPHOSPHORYLCHOLINE	0.9752738645179797
1	90	0.03987356359820314	0.7090482675357768	other	ALISKIREN-HEMIFUMARATE	0.9752738645179797
1	91	0.039887242294960254	0.7073708073567594	other	PHENPROBAMATE	0.9752738645179797
1	86	0.03988905032537848	0.7153741582322789	other	XL228	0.9759174434856174
1	84	0.040002429914269715	0.7178905312981708	other	WY-16922	0.9759174434856174
1	90	0.04007112047812817	0.7076717627629813	other	MEPTAZINOL	0.9752738645179797
2	88	0.04009307557491724	0.7271727798003731	other	CEFDITOREN-PIVOXIL	0.9759174434856174
1	91	0.040142061970232505	0.7055868899450929	other	DIGITOXIN	0.9752738645179797
1	90	0.04017813045475424	0.7069265475357891	other	DANEGAPTIDE	0.9752738645179797
1	96	0.04019994845660761	0.6973685398471419	other	TY-52156	0.9752738645179797
1	91	0.04022965623360734	0.7049740349783004	other	AKLOMIDE	0.9752738645179797
1	90	0.040268677358053215	0.7062961963071	other	PROTRIPTYLINE	0.9752738645179797
1	86	0.040294733665962985	0.7126051110314143	other	TAS-103	0.9752738645179797
1	91	0.040333176726686695	0.7042499944544512	other	COPPER-HISTIDINE	0.9752738645179797
1	96	0.04053229154322374	0.6949897447860438	other	CITARINOSTAT	0.9752738645179797
1	91	0.040540217712845404	0.702802704158147	other	SNX-2112	0.9752738645179797
1	91	0.040548180827697664	0.7027470602499335	other	AZATHIOPRINE	0.9752738645179797
1	96	0.04055263907913901	0.6948441999318047	other	ABARELIX	0.9752738645179797
1	96	0.040572986615054284	0.6946986661441578	other	4-DAMP	0.9752738645179797
2	87	0.04063327171880765	0.3983730265181858	other	RIBOFLAVIN	0.9431579827980727
1	90	0.04068025419123037	0.7034334640102521	other	ISOXICAM	0.9752738645179797
1	86	0.04070041700654748	0.7098397791266099	other	DEFOROLIMUS	0.9752738645179797
1	88	0.04073509858122232	0.7063060492985597	other	APRINDINE	0.9752738645179797
1	88	0.040779127005975045	0.7060031244242851	other	TOPOTECAN	0.9752738645179797
1	86	0.04083249995464477	0.7089402456740774	other	AMMONIUM-GLYCYRRHIZINATE	0.9752738645179797
1	90	0.04089427414448249	0.7019464715037028	other	RIBOCICLIB	0.9752738645179797
1	86	0.04098345189532737	0.7079126953365914	other	NAPIRIMUS	0.9752738645179797
1	96	0.040993502357303264	0.6916934535428486	other	SIMUROSERTIB	0.9749874576425205
1	90	0.04109183102440753	0.7005748576203225	other	BVD-523	0.9752738645179797
1	91	0.041113561982207975	0.6988003603601293	other	AZODICARBONAMIDE	0.9752738645179797
1	96	0.04121732525237126	0.6900958474854455	other	NITROFLURBIPROFEN	0.9749874576425205
1	85	0.04128435884854946	0.7075508874693799	other	2-OXOGLUTARIC-ACID	0.9752738645179797
1	88	0.04142194200736485	0.7015856542623835	other	ARBIDOL	0.9752738645179797
1	84	0.04151100041723761	0.7077232400310546	other	BMS-688521	0.9752738645179797
1	91	0.04153560706937765	0.6958594333455234	other	PREDNISOLONE-TEBUTATE	0.9752738645179797
1	91	0.0416789431367183	0.6948616472878446	other	PROBENECID	0.9752738645179797
1	96	0.04172601365025308	0.6864699836636734	other	BW-348U87	0.9748796190609336
1	91	0.04174264805553636	0.6944183534363618	other	FH1	0.9752738645179797
1	90	0.041758585494154524	0.6959527629962922	other	FILANESIB	0.9752738645179797
1	96	0.041759926210111875	0.6862285105432143	other	AZ-10606120	0.9748796190609336
1	88	0.0417829750903372	0.6991089364536807	other	CLORANOLOL	0.9752738645179797
1	90	0.04180797471413578	0.6956108242742942	other	AMG900	0.9752738645179797
1	90	0.041824437787462865	0.6954968582132214	other	PIRENPERONE	0.9752738645179797
1	84	0.04190586115291378	0.7050703419706945	other	BRD:BRD-K81044214-001-06-4.1	0.9752738645179797
1	84	0.04190586115291378	0.7050703419706945	other	ML348	0.9752738645179797
1	91	0.04194968904169507	0.6929783585462506	other	PELANSERIN	0.9752738645179797
1	96	0.04198374910517987	0.6846355793339152	other	APY0201	0.9748796190609336
1	85	0.042163788977867676	0.7016117392046451	other	BRIVANIB-ALANINATE	0.9752738645179797
1	96	0.042166876928417335	0.6833332973676511	other	PEMAFIBRATE	0.9748796190609336
1	86	0.04218163292449555	0.6997751668470813	other	BIO-1211	0.9752738645179797
1	88	0.042188036598062285	0.6963339209500132	other	CORTODOXONE	0.9752738645179797
1	86	0.042191067420788216	0.699711224522652	other	FLUFENAMIC-ACID	0.9752738645179797
1	91	0.04225228740608087	0.690875711878356	other	HOMATROPINE-METHYLBROMIDE	0.9749874576425205
1	91	0.04226025052093313	0.6908204106320133	other	TEMSIROLIMUS	0.9749874576425205
1	91	0.04226821363578539	0.690765111007627	other	TRIAMCINOLONE-ACETONIDE	0.9749874576425205
1	90	0.0422689407672942	0.692422337361719	other	LORGLUMIDE	0.9751975903066973
1	86	0.04234201936147082	0.6986884319502044	other	CEFORANIDE	0.9752738645179797
1	90	0.04236771920725672	0.6917397842535378	other	ANAGRELIDE	0.9749874576425205
1	89	0.04238204274960105	0.6933179078550697	other	OPIPRAMOL	0.9752738645179797
1	91	0.04245136527738732	0.6894936679023884	other	PALMITOYLCARNITINE	0.9748796190609336
1	84	0.04248296530505586	0.701199361307496	other	MRS-3777	0.9752738645179797
1	86	0.04255901277620207	0.6972191086337699	other	TABIMORELIN	0.9752738645179797
1	84	0.04260446091603314	0.7003853832881365	other	TFC-007	0.9752738645179797
1	90	0.04269698067379845	0.6894663870309365	other	HYDROXYCHLOROQUINE	0.9748796190609336
1	91	0.04272211118236409	0.6876157219242909	other	DROPERIDOL	0.9748796190609336
1	79	0.04277072506067859	0.7082060546278931	other	FR-139317	0.9752738645179797
1	90	0.04281222218708806	0.6886713472325787	other	5-AMINO-3-D-RIBOFURANOSYLTHIAZOLO[4,5-D]PYRIMIDIN-2,7(3H,6H)-DIONE	0.9748796190609336
1	85	0.04284779018955962	0.6970047212131222	other	TRANS-4-HYDROXYCROTONIC-ACID	0.9752738645179797
1	96	0.042933300781225946	0.6778930977736745	other	TANNIC-ACID	0.9748796190609336
1	91	0.04293711528337506	0.6861257594100709	other	ZOLMITRIPTAN	0.9748796190609336
1	91	0.04297693085763635	0.6858499717865373	other	AMPEROZIDE	0.9748796190609336
1	90	0.04302624214034018	0.6871957417612513	other	NNC-05-2090	0.9748796190609336
1	96	0.04308251604460461	0.6768358521352764	other	MIRIN	0.9748796190609336
1	96	0.04309608106854813	0.6767397699226061	other	TROFOSFAMIDE	0.9748796190609336
2	91	0.043140405502759195	0.42383569224754375	other	5-HYDROXYECTOINE	0.9530555492907928
1	90	0.04318264133694749	0.686118154486388	other	TMPH	0.9748796190609336
1	91	0.0432317505329086	0.6840859063089191	other	VU0238429	0.9748796190609336
1	91	0.0432317505329086	0.6840859063089191	other	IOXAGLIC-ACID	0.9748796190609336
1	96	0.043258861355870315	0.6755871875705417	other	CA-4948	0.9748796190609336
1	90	0.043330808996891276	0.6850978605505518	other	TORCETRAPIB	0.9748796190609336
1	88	0.04342083249113862	0.6879128945316278	other	FLOCTAFENINE	0.9748796190609336
1	96	0.043455554203051285	0.6741954818819301	other	MCN-5652-(+/-)	0.9748796190609336
1	96	0.04346233671502304	0.6741475115554988	other	UPAMOSTAT	0.9748796190609336
1	96	0.0434691192269948	0.6740995425324723	other	TRAM-39	0.9748796190609336
1	91	0.043510459552737635	0.6821583985846628	other	DYPHYLLINE	0.9748796190609336
1	90	0.04353659741347985	0.6836817220482605	other	PRALATREXATE	0.9748796190609336
1	90	0.04355306048680693	0.6835684781189945	other	DAZOXIBEN	0.9748796190609336
1	90	0.04361891278011529	0.6831155723848491	other	CINANSERIN	0.9748796190609336
1	90	0.04363537585344237	0.6830023634581496	other	CLOSANTEL	0.9748796190609336
1	90	0.04366830200009655	0.6827759666284976	other	LEVAMISOLE	0.9748796190609336
1	86	0.043757193805370236	0.689126083174402	other	RAMATROBAN	0.9748796190609336
1	86	0.04381380078312622	0.6887445896902206	other	BENZYLDIMETHYLOCTYLAMMONIUM	0.9748796190609336
2	90	0.04382335780943799	0.6963494891418253	other	ENDO-IWR-1	0.9752738645179797
1	85	0.04386402056121622	0.6901802614593713	other	CAPRYLIC-ACID	0.9749874576425205
1	90	0.043931711173329925	0.6809658031539072	other	N-ACETYLMANNOSAMINE	0.9748796190609336
1	90	0.04398933192997473	0.6805700700601087	other	RWJ-21757	0.9748796190609336
1	84	0.043991535808023764	0.6911165995033464	other	YODA-1	0.9749874576425205
1	86	0.04400249070897948	0.6874735065819249	other	VIPADENANT	0.9748796190609336
1	88	0.044072453177478974	0.6834770138352486	other	GLYCEROL-MONOLAURATE	0.9748796190609336
1	88	0.04423976119153932	0.6823397939356521	other	BRD:BRD-K79450420-001-02-6.1	0.9748796190609336
1	90	0.04424450956654457	0.678818577907956	other	PAROXETINE	0.9748796190609336
2	88	0.04425579411351961	0.6814479958545314	other	LINCOMYCIN	0.9748796190609336
1	96	0.044262673127690444	0.668496210328124	other	DIPYROCETYL	0.9748796190609336
1	84	0.04427502556697075	0.6892277758553459	other	GUE-1654	0.9748796190609336
1	91	0.04429880792311117	0.6767173675615522	other	AMELTOLIDE	0.9748796190609336
1	91	0.04430677103796343	0.6766624916120436	other	LIDOFLAZINE	0.9748796190609336
1	96	0.04433049824740803	0.6680181294936525	other	CXD101	0.9748796190609336
1	91	0.04435454972707698	0.6763332713660087	other	SYM-2206	0.9748796190609336
1	96	0.044357628295295055	0.6678269342471576	other	A-582941	0.9748796190609336
1	91	0.044370475956781494	0.6762235447952075	other	ATOMOXETINE	0.9748796190609336
1	91	0.04438640218648601	0.6761138249833772	other	NANCHANGMYCIN	0.9748796190609336
1	90	0.044491455666450866	0.6771252070268753	other	MONASTROL	0.9748796190609336
1	91	0.044497885794417616	0.6753459757213113	other	AMCINONIDE	0.9748796190609336
1	90	0.04468078100971235	0.6758280408416619	other	MONENSIN	0.9748796190609336
1	91	0.04468900055087182	0.6740304354460145	other	RO-9187	0.9748796190609336
1	90	0.044689012546375896	0.6757716637294422	other	PROGLUMIDE	0.9748796190609336
1	96	0.044717101429798206	0.6652956035777681	other	JHW-007	0.9748796190609336
1	86	0.04488933336048979	0.6815110781853496	other	QUAZINONE	0.9748796190609336
1	86	0.0450119818122944	0.6806880123455489	other	FENBENDAZOLE	0.9748796190609336
1	90	0.04508412630622597	0.6730676689891624	other	ALOPERINE	0.9748796190609336
1	84	0.04513561947805982	0.6835055245169287	other	AIM-100	0.9748796190609336
1	90	0.045141747062870774	0.672673682242153	other	CILNIDIPINE	0.9748796190609336
1	96	0.04514439968401895	0.662291541108069	other	ACELARIN	0.9748796190609336
1	88	0.04523480359095094	0.6755910358931365	other	SECOISOLARICIRESINOL-DIGLUCOSIDE	0.9748796190609336
2	88	0.04524455213415607	0.4059367546535873	other	PF-477736	0.9460116849230021
1	91	0.045246418590529865	0.6701990480326487	other	TYRPHOSTIN-AG-1296	0.9748796190609336
1	90	0.045281683186151	0.6717172250982627	other	MOROXYDINE	0.9748796190609336
1	84	0.04530773826027764	0.6823631999587929	other	ROBALZOTAN	0.9748796190609336
1	91	0.04547734892124536	0.6686142193106464	other	BRD:BRD-K59424860-001-01-4.1	0.9748796190609336
1	91	0.04547734892124536	0.6686142193106464	other	VAL	0.9748796190609336
1	91	0.04550920138065439	0.668395735930626	other	ZAFIRLUKAST	0.9748796190609336
1	85	0.04553493780692083	0.6790130711397814	other	S-NITROSOGLUTATHIONE	0.9748796190609336
1	86	0.04555918259726885	0.6770204320872992	other	PALONOSETRON	0.9748796190609336
1	90	0.04558625004270211	0.6696373309788844	other	ETOFENAMATE	0.9748796190609336
2	87	0.04559008051222006	0.6982542687437987	other	PHA-665752	0.9752738645179797
1	88	0.04563986509867602	0.672851036321894	other	ISOLEUCINE	0.9748796190609336
1	90	0.045643870799346904	0.6692441168602054	other	VINBURNINE	0.9748796190609336
1	96	0.04565987059387252	0.6586746996075449	other	SQUALAMINE	0.9748796190609336
1	84	0.04567222509320948	0.6799465191227686	other	STF-31	0.9748796190609336
1	90	0.0457179546293188	0.6687386868063391	other	VENETOCLAX	0.9748796190609336
1	96	0.04572091320161834	0.6582469071840766	other	MRS-1334	0.9748796190609336
1	91	0.04577994728563116	0.6665397435242412	other	ML133	0.9748796190609336
1	86	0.04579504500458541	0.6754418888904827	other	LUMATEPERONE	0.9748796190609336
1	90	0.04585789075259904	0.6677843882122267	other	K-858	0.9748796190609336
1	86	0.04586108647863405	0.6750001474973255	other	THZ2	0.9748796190609336
1	90	0.04587435382592612	0.6676721524515515	other	MECLIZINE	0.9748796190609336
1	88	0.04588642427729129	0.6711852944582863	other	ELUXADOLINE	0.9748796190609336
1	84	0.04603671192614132	0.6775330612848222	other	PF-06447475	0.9748796190609336
1	86	0.04606864539707264	0.6736125336616996	other	NORFLUOXETINE	0.9748796190609336
1	90	0.046113068389168864	0.6660455558943532	other	BRD:BRD-K29713308-077-04-1.1	0.9748796190609336
1	96	0.04611429889598029	0.655492667895168	other	BMS-770767	0.9748796190609336
1	96	0.04623638411147193	0.6546388383419636	other	UROLITHIN-A	0.9748796190609336
1	96	0.046256731647387195	0.6544965765813249	other	AR-C155858	0.9748796190609336
1	90	0.04637647756240224	0.6642524809913135	other	MYRICITRIN	0.9748796190609336
1	91	0.04638514401440277	0.6623983172397195	other	DIMINAZENE-ACETURATE	0.9748796190609336
1	84	0.04640119875907317	0.6751228479247541	other	AZD9272	0.9748796190609336
1	91	0.046432922703516316	0.6620717922996349	other	ISOFLUPREDONE-ACETATE	0.9748796190609336
1	84	0.04648219583305802	0.6745876877169623	other	A-867744	0.9748796190609336
1	90	0.04654110829567311	0.6631327667738603	other	NMS-1286937	0.9748796190609336
1	91	0.04663200057482276	0.6607119520858001	other	TAUROCHOLATE	0.9748796190609336
1	86	0.0466347151746324	0.6698336837010006	other	5-FLUOROURACIL	0.9748796190609336
1	91	0.04664792680452728	0.6606032123479585	other	PAPAVERINE	0.9748796190609336
1	91	0.04673552106790212	0.6600052697438413	other	BEMESETRON	0.9748796190609336
1	96	0.046738289997382	0.6511333277883703	other	ANAGLIPTIN	0.9748796190609336
1	73	0.04674266850285455	0.6945475248269368	other	FLUROXENE	0.9752738645179797
1	90	0.046796285932242956	0.6613986713197099	other	GABAZINE	0.9748796190609336
1	84	0.04680618412899743	0.6724486643379085	other	SB-706375	0.9748796190609336
1	88	0.04681102119709854	0.6649529418038129	other	TROPESIN	0.9748796190609336
1	90	0.04685390668888775	0.6610073479730011	other	LESTAURTINIB	0.9748796190609336
1	91	0.046974414513469856	0.658375602723388	other	SB-205384	0.9748796190609336
1	90	0.04703500049548571	0.6597780677526082	other	SC-9	0.9748796190609336
1	84	0.0470592999852001	0.6707793600368027	other	AK-7	0.9748796190609336
1	90	0.04706792664213987	0.6595546590998702	other	AMINEPTINE	0.9748796190609336
1	91	0.047077935006549214	0.6576699082548859	other	BELINOSTAT	0.9748796190609336
1	85	0.04708859770204967	0.6686911830268985	other	PERAMIVIR	0.9748796190609336
1	91	0.04710182435110599	0.6575070982428077	other	AZD2014	0.9748796190609336
1	88	0.04711041448541708	0.6629396871524825	other	PRUVANSERIN	0.9748796190609336
1	96	0.047165588251602726	0.6481548728160897	other	GELDANAMYCIN	0.9748796190609336
1	91	0.047189418614480824	0.6569102649060808	other	PHENACETIN	0.9748796190609336
1	88	0.04719847133492253	0.6623480075587554	other	ZILPATEROL	0.9748796190609336
1	96	0.04720628332343327	0.6478714982029765	other	PLX51107	0.9748796190609336
1	91	0.047284975992707916	0.6562594192924246	other	METHYCLOTHIAZIDE	0.9748796190609336
1	96	0.04731480351498139	0.6471160780372376	other	CRENIGACESTAT	0.9748796190609336
1	91	0.047324791566969206	0.6559883092614498	other	JQ1-(+)	0.9748796190609336
1	91	0.047340717796673724	0.6558798777184007	other	EPHEDRINE-(RACEMIC)	0.9748796190609336
1	89	0.04734463180825087	0.65951599906773	other	BRD:BRD-K71847383-001-12-5.1	0.9748796190609336
1	89	0.04734463180825087	0.65951599906773	other	CYTIDINE	0.9748796190609336
1	90	0.047356030425363876	0.6576011081196943	other	SDZ-205-557	0.9748796190609336
1	91	0.04743627517490083	0.655229438221212	other	CARBINOXAMINE	0.9748796190609336
1	90	0.04743834579199932	0.6570433719108649	other	LEVOBUNOLOL	0.9748796190609336
1	96	0.04745045375441654	0.6461723057319181	other	CYSTEAMINE	0.9748796190609336
1	96	0.04753862641004939	0.6455591539384428	other	BMS-207940	0.9748796190609336
1	91	0.04754775878283243	0.6544709170351108	other	SR-59230A	0.9748796190609336
1	90	0.047578281915279554	0.656095651247623	other	EXEMESTANE	0.9748796190609336
1	91	0.04759553747194598	0.6541459437895916	other	AMINOGLUTETHIMIDE	0.9748796190609336
1	96	0.047633581577653995	0.6448991016106012	other	ENIPORIDE	0.9748796190609336
1	90	0.04775114418521396	0.6549256883023159	other	SASAPYRINE	0.9748796190609336
1	86	0.04775742023345929	0.6623632705911919	other	SR-57227A	0.9748796190609336
2	87	0.047782359218955434	0.6707638340914859	other	IFENPRODIL	0.9748796190609336
1	91	0.04782646780266146	0.6525761490371589	other	ISBUFYLLINE	0.9748796190609336
1	90	0.047833459551849394	0.6543688554130564	other	TRIPTORELIN	0.9748796190609336
1	96	0.04793879461638309	0.6427793711352243	other	JNJ-54175446	0.9748796190609336
1	86	0.047993282640775854	0.6607980101510172	other	ADAPTAVIR	0.9748796190609336
1	90	0.04805571104176506	0.6528663511820849	other	L-ARGININE	0.9748796190609336
1	86	0.048087400761895285	0.6601738173515577	other	BEPHENIUM-HYDROXYNAPHTHOATE	0.9748796190609336
1	90	0.048121563335073406	0.6524214300381109	other	DAZMEGREL	0.9748796190609336
1	91	0.04815295551160404	0.6503593638368731	other	VORICONAZOLE	0.9748796190609336
1	88	0.04815829099453196	0.6559121916288401	other	TIANEPTINE	0.9748796190609336
1	91	0.04821666043042211	0.6499271739706836	other	PROTIRELIN	0.9748796190609336
1	90	0.04857429785156827	0.6493658937817195	other	RESORCINOL	0.9748796190609336
1	91	0.04859092682847822	0.6473904001097929	other	MYCOPHENOLIC-ACID	0.9748796190609336
1	91	0.04861481617303501	0.6472286145968034	other	DISULFIRAM	0.9748796190609336
1	91	0.04863074240273951	0.6471207666903349	other	BRD:BRD-K99149715-001-01-6.1	0.9748796190609336
1	91	0.04863074240273951	0.6471207666903349	other	PLURISIN-1	0.9748796190609336
1	91	0.04869444732155758	0.6466894479232601	other	FINGOLIMOD	0.9748796190609336
1	90	0.04881301241481103	0.6477571201910743	other	ALISERTIB	0.9748796190609336
1	90	0.048821243951474566	0.6477016740119472	other	AZILSARTAN-MEDOXOMIL	0.9748796190609336
2	90	0.04888529690088601	0.6546073354463913	other	AMSACRINE	0.9748796190609336
1	96	0.0489154763403162	0.6360155102968212	other	GSK2837808A	0.9741990030510927
1	88	0.04893319127017995	0.6507345224127091	other	GDC-0810	0.9748796190609336
1	96	0.049057909091723105	0.6350315871965729	JAK_inhibitor_core	UPADACITINIB	0.9738374732644365
1	91	0.04914834486813629	0.6436196858114434	other	QX-314	0.9748796190609336
1	86	0.04921033266252937	0.6527445276848384	other	EXALAMIDE	0.9748796190609336
1	84	0.049286719519783584	0.6561589818136139	other	A-922500	0.9748796190609336
1	96	0.049302079522706384	0.6333463373093783	other	SM-164	0.9731018416736845
1	96	0.049356339618480446	0.632972091021508	other	ZOLIFLODACIN	0.9731018416736845
1	91	0.04937131208399951	0.6421139150986004	other	DMP-543	0.9748796190609336
1	96	0.049580162513548444	0.6314293028834792	other	KETOHEXOKINASE-INHIBITOR-1	0.9731018416736845
1	91	0.049650021103828545	0.6402337342374884	other	BARASERTIB	0.9748796190609336
1	91	0.04968187356323757	0.6400190006325454	other	S-111	0.9748796190609336
1	90	0.04978433374110912	0.6412277993910924	other	XANTHONE	0.9748796190609336
1	86	0.04978583693638179	0.6489500162798173	other	RX-3117	0.9748796190609336
1	86	0.04982357492155245	0.6487015068300257	other	IOXILAN	0.9748796190609336
1	90	0.04984195449775393	0.6408413161754983	other	PICROTOXININ	0.9748796190609336
1	96	0.04989894057622106	0.629234724393949	other	BCTC	0.9731018416736845
1	90	0.04992426986438935	0.6402893632964674	other	UPF-1069	0.9748796190609336
1	90	0.049948964474379985	0.6401238155483379	other	BRILLIANT-GREEN	0.9748796190609336
1	86	0.05006887182516168	0.6470871326298783	other	CDK9-IN-6	0.9748796190609336
1	90	0.05008890059766022	0.6391860443647878	other	PSB-36	0.9748796190609336
1	91	0.050143734224668536	0.6369087011572055	other	ETHOPABATE	0.9748796190609336
4	85	0.05015827191539685	0.38399896375228615	other	DOXYCYCLINE	0.9377316050142686
1	96	0.05022450115086543	0.6269967735006827	other	GSK189254	0.9731018416736845
1	91	0.050231328488043375	0.636319523432367	other	LX1031	0.974279251317111
1	91	0.050287070292009184	0.63594470983569	other	HTMT	0.9741990030510927
1	90	0.05031938362423943	0.6376427156549359	other	BRD:BRD-K98684188-001-02-9.1	0.9748796190609336
1	90	0.05031938362423943	0.6376427156549359	other	GSK0660	0.9748796190609336
1	96	0.0503398038543853	0.6262049737535877	other	AZD1390	0.9731018416736845
1	91	0.050406517014793054	0.6351418464813271	other	PRE-084	0.9738374732644365
1	96	0.05052971418959452	0.6249017571552079	other	PHIKAN-083	0.9731018416736845
2	88	0.050570936284326955	0.5922956710961813	other	BIX-02188	0.9731018416736845
1	91	0.05063744734550853	0.6335908399140223	other	BARDOXOLONE-METHYL	0.9731018416736845
1	91	0.050685226034622076	0.6332701392290486	other	MERICITABINE	0.9731018416736845
1	91	0.050685226034622076	0.6332701392290486	other	DOXOFYLLINE	0.9731018416736845
1	88	0.050711939630190085	0.6389121844681661	other	7-METHOXYTACRINE	0.9748796190609336
1	85	0.050801747136948794	0.6442731922142781	other	BETAINE	0.9748796190609336
1	96	0.0508213622043801	0.6229026348741384	other	KPT-9274	0.9731018416736845
1	96	0.05083492722832361	0.6228097188207807	other	TAK-659	0.9731018416736845
1	91	0.05084448833166723	0.6322016264149785	other	EPTIFIBATIDE	0.9731018416736845
1	96	0.05086205727621064	0.622623904444614	other	CARBARIL	0.9731018416736845
1	88	0.050896859014151544	0.6376882211908511	other	PROCYSTEINE	0.9748796190609336
1	91	0.05093208259504207	0.6316142658309082	other	NORTRIPTYLINE	0.9731018416736845
1	91	0.050948008824746586	0.6315074975407987	other	EMETINE	0.9731018416736845
1	90	0.05095321194733225	0.6334065317100875	other	AMINOCAPROIC-ACID	0.9731018416736845
1	96	0.05097735997973052	0.6218344572945373	other	ZURANOLONE	0.9731018416736845
1	90	0.05097790655732288	0.63324172325837	other	RS-504393	0.9731018416736845
1	85	0.05107534762162558	0.6424883909219093	other	LDN-57444	0.9748796190609336
1	88	0.051134612507816264	0.6361159794976806	other	FMOC-L-LEUCINE	0.9741990030510927
1	91	0.051163012925757555	0.6300668659568689	other	BRD:BRD-K87202646-001-32-6.1	0.9731018416736845
1	91	0.051210791614871104	0.6297469130805293	other	QUINPIROL-(-)	0.9731018416736845
1	96	0.05124187794662907	0.6200249906941093	other	IMIDAZOACRIDINONE	0.9731018416736845
1	90	0.051274241877210434	0.6312654190574065	other	ASUNAPREVIR	0.9731018416736845
1	85	0.05128054798513316	0.6411511179783327	other	5-HYDROXYTRYPTOPHAN	0.9748796190609336
1	90	0.05133186263385524	0.630881437808515	other	CI-844	0.9731018416736845
1	90	0.0513812518538365	0.6305523889556726	other	SARPOGRELATE	0.9731018416736845
1	90	0.051430641073817764	0.6302234120968173	other	TROGLITAZONE	0.9731018416736845
1	84	0.05148376515162275	0.641863490723481	other	CVT-10216	0.9748796190609336
1	96	0.05149961340155586	0.6182640953226863	other	MK-4074	0.9731018416736845
1	90	0.05154588258710736	0.6294560797048769	other	SPARTEINE-SULFATE	0.9731018416736845
1	90	0.05161996641707925	0.628963002050661	other	BLONANSERIN	0.9731018416736845
1	85	0.05173003449567358	0.6382258501444911	other	PAMIDRONATE	0.9748796190609336
1	91	0.05177617276938143	0.6259660021343162	other	ENISAMIUM-IODIDE	0.9731018416736845
1	91	0.05187969326246077	0.6252747646859941	other	PYROXAMIDE	0.9731018416736845
1	88	0.051935929838315874	0.6308288268231235	other	METHOXYPHENAMINE	0.9731018416736845
1	90	0.051965690956948064	0.6266641254629408	other	RUCAPARIB	0.9731018416736845
1	90	0.05202331171359287	0.6262813248616607	other	DIBENZEPINE	0.9731018416736845
1	90	0.052031543250256405	0.6262266471361827	other	VALSARTAN	0.9731018416736845
1	90	0.05211385861689184	0.6256799809899756	other	ASYMMETRICAL-DIMETHYLARGININE	0.9731018416736845
1	88	0.052120849222277325	0.6296113338765494	other	GRAPIPRANT	0.9731018416736845
1	90	0.05214678476354602	0.6254613711303596	other	SB-756050	0.9731018416736845
1	96	0.05222534218253394	0.6133173868056421	other	GSK2881078	0.9731018416736845
1	96	0.052299949814223264	0.6128098223413075	other	THK5351	0.9731018416736845
1	91	0.05236544326844851	0.6220355980387215	other	ANDROGRAPHOLIDE	0.9731018416736845
1	90	0.052369036253461676	0.6239866019364839	other	LY303511	0.9731018416736845
1	91	0.05238136949815303	0.6219295171379075	other	TAMIBAROTENE	0.9731018416736845
1	88	0.05239382545574423	0.6278158888544044	other	FG-2216	0.9731018416736845
1	91	0.0526521154031298	0.6201273244673697	other	CETYLPYRIDINIUM	0.9731018416736845
1	88	0.05265799600426058	0.6260804195174184	other	VORAPAXAR	0.9731018416736845
1	85	0.05269740763792362	0.6319489347252104	other	BENFOTIAMINE	0.9731018416736845
1	91	0.05284323015958399	0.618856536551527	other	CHLORPROPAMIDE	0.9731018416736845
1	88	0.05285172107317258	0.6248090332239467	other	PF-06463922	0.9731018416736845
1	91	0.05289100884869754	0.6185390143235725	other	ASENAPINE	0.9731018416736845
1	90	0.05290408613659199	0.6204423091281634	other	PRIMIDONE	0.9731018416736845
1	91	0.05300249245662915	0.6177984014179948	other	COMBRETASTATIN-A-4	0.9731018416736845
1	90	0.0530028645765545	0.6197889211233405	other	PROBUCOL	0.9731018416736845
1	90	0.053019327649881584	0.619680051787324	other	THIOCOLCHICOSIDE	0.9731018416736845
1	86	0.05313508312027709	0.6270469507001726	other	CYCLOSPORIN-A	0.9731018416736845
1	91	0.05317768098337883	0.6166353525721195	other	PREGNENOLONE	0.9731018416736845
1	91	0.05322545967249238	0.6163183213313	other	PIPAMPERONE	0.9731018416736845
1	88	0.053256782580897666	0.6221542254675267	other	LY3023414	0.9731018416736845
1	90	0.05327450528645143	0.6179936262292186	other	BI-78D3	0.9731018416736845
1	91	0.05328916459131044	0.6158957224252999	other	TICLOPIDINE	0.9731018416736845
1	86	0.0533143385498377	0.6258835063866549	other	SECLAZONE	0.9731018416736845
1	96	0.05334445665787394	0.605723189426158	other	FURVINA	0.9731018416736845
1	91	0.0533528695101285	0.6154732486691135	other	VE-821	0.9731018416736845
1	90	0.053447367556385836	0.6168523312090399	other	TOLNAFTATE	0.9731018416736845
1	90	0.05350498831303064	0.6164721014385872	other	BRD:BRD-K28936863-051-33-0.1	0.9731018416736845
1	90	0.05350498831303064	0.6164721014385872	other	KETOTIFEN (FUMARATE)	0.9731018416736845
1	96	0.05352080196913965	0.6045303157289041	other	FH-535	0.9731018416736845
1	96	0.05354114950505492	0.6043927432221007	other	LIGUSTILIDE	0.9731018416736845
1	91	0.05360768918540076	0.6137846074074287	other	S-METHYLCYSTEINE	0.9731018416736845
1	90	0.0536119982896567	0.615766228694973	other	ADOPRAZINE	0.9731018416736845
1	91	0.053631578529957535	0.6136264003030568	other	DAPOXETINE	0.9731018416736845
1	90	0.05368608211962859	0.6152777520843365	other	FLUOROMETHYLCHOLINE	0.9731018416736845
1	91	0.053886398205229794	0.6119399594262047	other	BRD:BRD-K03294269-001-08-0.1	0.9731018416736845
1	91	0.053886398205229794	0.6119399594262047	other	NU6027	0.9731018416736845
1	90	0.05394949129286196	0.6135423043933026	other	TENELIGLIPTIN	0.9731018416736845
1	90	0.05394949129286196	0.6135423043933026	other	EHOP-016	0.9731018416736845
1	90	0.05395772282952551	0.6134881058662319	other	BUSULFAN	0.9731018416736845
1	90	0.05401534358617032	0.6131087743249563	JAK_inhibitor_core	RUXOLITINIB	0.9731018416736845
1	91	0.054133254765649785	0.6103081454054873	other	PF-4981517	0.9731018416736845
2	87	0.054141264082874396	0.6275794112628763	other	ACETYLCYSTEINE	0.9731018416736845
1	90	0.05416351124611409	0.6121338180898056	other	TEMOCAPRIL	0.9731018416736845
1	91	0.054188996569615594	0.609939934216628	other	QUINIDINE	0.9731018416736845
1	91	0.05420492279932011	0.6098347488392888	other	MOLINDONE	0.9731018416736845
1	90	0.05426228968607661	0.6114842219783195	other	PIRINIXIC-ACID	0.9731018416736845
2	85	0.05429671521383298	0.6208028295515363	other	METHSCOPOLAMINE	0.9731018416736845
1	84	0.05436928591233317	0.6232851335916785	other	AS-1892802	0.9731018416736845
1	90	0.05447630963932873	0.6100777943073071	other	CAPSAZEPINE	0.9731018416736845
1	91	0.05452344739341043	0.6077327074331393	other	AMBAZONE	0.9731018416736845
1	90	0.05455039346930062	0.6095912831181194	other	BENZOCAINE	0.9731018416736845
2	88	0.054551857565926225	0.6138260230753627	other	ERYTHROMYCIN	0.9731018416736845
1	96	0.054578873836733835	0.5973949663357954	other	DALFOPRISTIN	0.9731018416736845
1	96	0.05468061151631021	0.5967108649371625	other	PELRINONE	0.9731018416736845
1	90	0.054789108032543374	0.608024790268793	other	L-168049	0.9731018416736845
1	85	0.05481781139416863	0.6182816888595951	other	FLURBIPROFEN-(S)-(+)	0.9731018416736845
1	91	0.054849935102353	0.6055814185740657	other	CK-636	0.9731018416736845
1	88	0.05485061155694635	0.6117551950190623	other	RADAFAXINE	0.9731018416736845
1	96	0.05487052185151942	0.5954348153758634	other	EUK-134	0.9731018416736845
1	90	0.05490434954583298	0.607269184152781	other	ETAMSYLATE	0.9731018416736845
1	84	0.05497676396721957	0.6194031946716833	other	JW-74	0.9731018416736845
1	96	0.054985824555039295	0.5946606691571816	other	RO-48-6791	0.9731018416736845
1	90	0.05498666491246841	0.606729717882969	other	BETA-NAPHTHOL	0.9731018416736845
1	96	0.0550333021388416	0.5943420346322227	other	DOCUSATE	0.9731018416736845
2	88	0.05508222491135234	0.618609890555353	other	MIFEPRISTONE	0.9731018416736845
1	91	0.055112717892477514	0.6038523326259072	other	NEBIVOLOL	0.9731018416736845
1	86	0.05516349982319961	0.6139354322631716	other	ANLOTINIB	0.9731018416736845
1	84	0.05521975518917413	0.6178533231635668	other	ONO-AE3-208	0.9731018416736845
1	91	0.05525605395981817	0.6029101148268285	other	ANDROSTERONE	0.9731018416736845
1	90	0.055258305622365333	0.6049509745830688	other	CGP-12177	0.9731018416736845
1	96	0.05526390754588136	0.5927954747937894	other	HECLIN	0.9731018416736845
1	91	0.05532772199348849	0.6024392499758249	other	DEXPANTHENOL	0.9731018416736845
1	88	0.05536134128407797	0.6084389741749121	other	DESOXYCORTICOSTERONE-PIVALATE	0.9731018416736845
1	91	0.05536753756774978	0.602177728773929	other	MK-8245	0.9731018416736845
1	91	0.05539142691230654	0.6020208401983058	other	ANGUIDINE	0.9731018416736845
1	90	0.05540647328230911	0.6039817205715614	other	NEOHESPERIDIN-DIHYDROCHALCONE	0.9731018416736845
1	85	0.055413869592928766	0.61446271128348	other	ALOGLIPTIN	0.9731018416736845
1	85	0.055492041159979265	0.6139626191492764	other	ACESULFAME-POTASSIUM	0.9731018416736845
1	91	0.05553476297964719	0.6010798893863274	other	3'-FLUOROBENZYLSPIPERONE	0.9731018416736845
1	90	0.05560403016223414	0.6026904494993025	other	RX-821002	0.9731018416736845
1	90	0.05565341938221541	0.6023678227112856	other	M-THP	0.9731018416736845
1	96	0.05566407575221506	0.5901160558479772	other	5-FLUOROPYRIMIDINE	0.9731018416736845
2	88	0.055669929266894166	0.46886745953080944	other	IBUTILIDE	0.9658376868699323
1	91	0.05570995150639686	0.5999307258890346	other	ETODOLAC	0.9731018416736845
1	90	0.05576866089550501	0.601615324429922	other	ETOMOXIR	0.9731018416736845
1	91	0.05578161954006719	0.5994608954105669	other	AGP-103	0.9731018416736845
1	91	0.05581347199947622	0.5992521344623287	other	PF-562271	0.9731018416736845
1	86	0.05583334905997868	0.6096318007830235	other	CI-923	0.9731018416736845
1	88	0.05588087669616014	0.6050736737465763	other	CARUMONAM	0.9731018416736845
1	90	0.05589213394545815	0.600809539136462	other	CLOMIFENE	0.9731018416736845
1	91	0.056171812167827836	0.59690580865765	other	CIGLITAZONE	0.9731018416736845
1	90	0.05622962694866343	0.5986095086070848	other	CEFOPERAZONE	0.9731018416736845
1	86	0.056465460311587085	0.6055827484730857	other	NICARAVEN	0.9731018416736845
1	91	0.05651422610647492	0.5946676114972546	other	HOMOCHLORCYCLIZINE	0.9731018416736845
1	90	0.05655065687854162	0.5965201363018943	other	CAFESTOL	0.9731018416736845
1	96	0.05655936733248708	0.5841413920077503	other	FENEBRUTINIB	0.9731018416736845
1	91	0.05659385725499751	0.5941476412443443	other	SOLIFENACIN-SUCCINATE	0.9731018416736845
1	88	0.05664697128685758	0.6001262998230588	other	AMG319	0.9731018416736845
2	90	0.05669933097750841	0.6332806554480443	other	MINOCYCLINE	0.9731018416736845
1	91	0.05672126709263363	0.5933161142518754	other	PARAXANTHINE	0.9731018416736845
1	96	0.0567628426916398	0.582787387717932	other	YIL-781	0.9731018416736845
1	88	0.056796667931016856	0.5991616752034249	other	SRT2104	0.9731018416736845
1	91	0.05683275070056524	0.5925889582209821	other	RIVANICLINE	0.9731018416736845
1	90	0.05687991834508333	0.5943805873155948	other	ANISOTROPINE	0.9731018416736845
1	88	0.057087255534384845	0.5972911421002796	other	ISODIBUT	0.9731018416736845
1	91	0.057103496605542016	0.5908246826836597	other	ITOPRIDE	0.9731018416736845
1	91	0.057151275294655565	0.5905135866881385	other	CLARITHROMYCIN	0.9731018416736845
1	90	0.0572338744216157	0.5920844253324855	other	SEMAXANIB	0.9731018416736845
1	91	0.05725479578773491	0.5898397997598627	other	ETOMIDATE	0.9731018416736845
1	96	0.05743431137684381	0.5783294288742967	other	GSK2606414	0.9731018416736845
1	91	0.057461836773893625	0.5884932718348959	other	ACETYL-11-KETO-BETA-BOSWELLIC-ACID	0.9731018416736845
1	86	0.05750325490377999	0.5989608404667132	other	BUTACAINE	0.9731018416736845
1	96	0.057576744128250715	0.5773858333423643	other	PIROZADIL	0.9731018416736845
1	96	0.05775987195148817	0.5761736884274062	other	CGP-78608	0.9731018416736845
1	91	0.05776443513827943	0.5865277844989909	other	ILEPCIMIDE	0.9731018416736845
1	85	0.05780787383385057	0.5992281376788227	other	FPA-124	0.9731018416736845
2	90	0.05788828158636737	0.6104225679968036	other	PENTAGASTRIN	0.9731018416736845
1	91	0.057907771205620066	0.5855978094183097	other	TREMORINE	0.9731018416736845
1	96	0.05793621726275388	0.5750075557689662	other	ITX5061	0.9731018416736845
1	85	0.05794467407618895	0.5983626876532337	other	BROXYQUINOLINE	0.9731018416736845
1	96	0.05797012982261267	0.574783425442545	other	YM-298198-DESMETHYL	0.9731018416736845
1	91	0.05799536546899491	0.5850298228263956	other	DORAMECTIN	0.9731018416736845
2	91	0.0580601176055348	0.5845882778736653	other	PF-03882845	0.9731018416736845
1	96	0.05828212537331351	0.5727233368050019	other	HEMIN	0.9731018416736845
1	91	0.058305926948232965	0.583018083175955	other	N-METHYLLIDOCAINE-IODIDE	0.9731018416736845
1	96	0.05830925542120054	0.572544361766411	other	L-689560	0.9731018416736845
1	91	0.05836963186705103	0.5826058109881098	other	CARBAMAZEPINE	0.9731018416736845
1	90	0.05841098416450237	0.5844772936754515	other	N-[2-(PIPERIDINYLAMINO)ETHYL]-4-IODOBENZAMIDE	0.9731018416736845
1	91	0.05842537367101684	0.5822451825827621	other	NIFURTIMOX	0.9731018416736845
1	91	0.058473152360130384	0.5819361541115201	other	BEPRIDIL	0.9731018416736845
1	90	0.0585509202877826	0.583575929626554	other	SB-216763	0.9731018416736845
1	88	0.05856661060607645	0.5878091482077668	other	TMC647055	0.9731018416736845
1	90	0.058616772581090944	0.5831519786893413	other	2-CMDO	0.9731018416736845
1	88	0.05868108451043354	0.5870782823770638	other	BUTYLPHTHALIDE	0.9731018416736845
1	91	0.05872000892055039	0.580340708506488	other	DOSULEPIN	0.9731018416736845
1	96	0.0587975962831671	0.569327288231762	other	LP-533401	0.9731018416736845
1	96	0.058845073866969404	0.5690149706572236	other	CADAZOLID	0.9731018416736845
1	90	0.05897072865762331	0.5808756643356203	other	WYE-125132	0.9731018416736845
1	88	0.059183008552614616	0.5838786082404378	other	SURITOZOLE	0.9731018416736845
1	91	0.0591898326968336	0.5773097946295088	other	DORZOLAMIDE	0.9731018416736845
1	90	0.059209443220866055	0.5793427876597913	other	FEXINIDAZOLE	0.9731018416736845
1	86	0.05925807121421529	0.5878378031993295	other	ANR-94	0.9731018416736845
1	90	0.059365842417473384	0.5783395020394672	other	CYTOCHLOR	0.9731018416736845
1	85	0.05937130517486072	0.5893706750420096	other	EVACETRAPIB	0.9731018416736845
1	86	0.05939015416231257	0.5870043953539699	other	LEVOFLOXACIN	0.9731018416736845
1	90	0.05939053702746401	0.5781811619438486	other	MECARBINATE	0.9731018416736845
1	96	0.05940123984865353	0.5653624032649496	other	DAMINOZIDE	0.9731018416736845
1	88	0.05941195636132879	0.5824217623399321	other	OCTREOTIDE	0.9731018416736845
1	91	0.05949243106121942	0.575361569323375	other	TERAZOSIN	0.9731018416736845
1	90	0.05949754700409007	0.5774952531876483	other	SU014813	0.9731018416736845
1	85	0.059527648308961734	0.5883889808791513	other	PALIFOSFAMIDE	0.9731018416736845
1	96	0.059584367671890986	0.5641621595593682	other	AUT-1	0.9731018416736845
1	88	0.059632098485092426	0.5810225233487293	other	TAK-063	0.9731018416736845
1	91	0.05964373024341231	0.5743886033956634	other	BRETAZENIL	0.9731018416736845
1	90	0.05967040927402448	0.5763880428996382	other	PD-198306	0.9731018416736845
1	86	0.05969205804367778	0.5851014840365328	other	GEMCITABINE	0.9731018416736845
1	84	0.05970496816108543	0.5895505385212821	other	GNF-5	0.9731018416736845
1	91	0.0597233613919349	0.5738768237702417	other	TRELAGLIPTIN	0.9731018416736845
1	96	0.059733582935269654	0.5631850766664493	other	SODIUM-ORTHOVANADATE	0.9731018416736845
1	96	0.059747147959213175	0.5630962907841761	other	CHC	0.9731018416736845
1	84	0.059806214503566484	0.5889184741234841	other	A-1070722	0.9731018416736845
1	91	0.059810955655309736	0.5733141115890463	other	FUSIDIC-ACID	0.9731018416736845
1	88	0.05990507471855932	0.5792896167667557	other	ELIGLUSTAT	0.9731018416736845
1	91	0.05990651303353682	0.5727005372672	other	LY255283	0.9731018416736845
1	90	0.05990912383726723	0.5748606583637808	other	FIROCOXIB	0.9731018416736845
1	90	0.05997497613057557	0.5744396422552355	other	MALTOBIONIC-ACID	0.9731018416736845
1	91	0.06003392287117295	0.5718829151692634	other	NOV-002	0.9731018416736845
1	91	0.06003392287117295	0.5718829151692634	other	TESTOSTERONE	0.9731018416736845
1	96	0.06006592602188578	0.561011737292509	other	REMETINOSTAT	0.9731018416736845
1	96	0.060099838581744565	0.5607901927477611	other	GEPOTIDACIN	0.9731018416736845
1	90	0.06010668071719226	0.5735980406252422	other	BEDAQUILINE	0.9731018416736845
1	91	0.06019318516821811	0.5708616552798861	other	N-ACETYLGLYCYL-D-GLUTAMIC-ACID	0.9731018416736845
1	96	0.060357574036671365	0.5591078177167529	other	S-38093	0.9731018416736845
1	90	0.060370089890425645	0.5719165627804655	other	KETOCONAZOLE	0.9731018416736845
1	90	0.06038655296375273	0.5718115469216752	other	FLUOROMETHOLONE	0.9731018416736845
1	96	0.060622092003569904	0.5573836807272288	other	IPI549	0.9731018416736845
1	84	0.06062630987766313	0.5838101070647338	other	ZEATIN	0.9731018416736845
1	85	0.0606611360311941	0.5812939874141431	other	GLUTATHIONE	0.9731018416736845
1	96	0.06068991712328748	0.5569420049453015	other	RILAPLADIB	0.9731018416736845
1	84	0.06069718231739988	0.5833695958947884	other	BRD:BRD-K63253858-001-01-5.1	0.9731018416736845
1	84	0.06069718231739988	0.5833695958947884	other	SPP86	0.9731018416736845
1	90	0.060699351356967364	0.5698179596290056	other	TOLPERISONE	0.9731018416736845
1	90	0.060699351356967364	0.5698179596290056	other	NIFUROXAZIDE	0.9731018416736845
1	91	0.06075060320787617	0.5672939850510623	other	BENDAMUSTINE	0.9731018416736845
1	91	0.060901902390069075	0.5663274323186817	other	WB-4101	0.9731018416736845
1	84	0.06090979963661012	0.5820489756824749	other	CYM-5520	0.9731018416736845
1	96	0.06091374001835549	0.5554856664330614	other	MK-0557	0.9731018416736845
1	96	0.060968000114129554	0.5551328904500771	other	HA-130	0.9731018416736845
1	86	0.06098458403577259	0.5769866504601391	other	TACEDINALINE	0.9731018416736845
1	90	0.061045075896836186	0.5676183196580212	other	SC-10	0.9731018416736845
1	90	0.06106977050682681	0.5674613555340913	other	SALUBRINAL	0.9731018416736845
1	96	0.06123930059299985	0.5533706280684765	other	IMAZODAN	0.9731018416736845
1	91	0.061244316328716165	0.5641428435308514	other	GW-4064	0.9731018416736845
1	86	0.06130535690972313	0.5749808475234958	other	BMS-191095	0.9731018416736845
1	90	0.06134141121672374	0.5657360999611046	other	PARECOXIB	0.9731018416736845
1	91	0.06139561551090907	0.5631788324776563	other	LODOXAMIDE	0.9731018416736845
1	91	0.0616743245307381	0.5614050698754472	other	PIPERIDOLATE	0.9731018416736845
1	96	0.06168694638313585	0.5504688054764093	other	PRADEFOVIR	0.9731018416736845
1	96	0.06186329169440156	0.5493276905228759	other	PROPYPHENAZONE	0.9731018416736845
1	96	0.0619039867662321	0.5490645194116432	other	BMS-986195	0.9731018416736845
1	91	0.061913217976305834	0.5598868193387924	other	PINDOLOL	0.9731018416736845
1	90	0.062016397223134276	0.5614598541792821	other	HEXESTROL	0.9731018416736845
1	91	0.06212025896246454	0.5585725873791694	other	VISMODEGIB	0.9731018416736845
1	90	0.06213163873642388	0.5607313019747987	other	AEG3482	0.9731018416736845
1	90	0.06226334332304058	0.5598992222086193	other	SGX523	0.9731018416736845
1	90	0.062353890226339546	0.5593275089175613	other	1-DEOXYMANNOJIRIMYCIN	0.9731018416736845
1	84	0.06236774696833749	0.5730304478344477	other	NIDA-41020	0.9731018416736845
1	96	0.062378762604255136	0.5459987202574602	other	BAY-8002	0.9731018416736845
1	91	0.06240693109714583	0.5567553180403177	other	CH-170	0.9731018416736845
1	86	0.06242806196855	0.5679861611550527	other	ASPIRIN	0.9731018416736845
1	84	0.06244874404232234	0.5725313326801887	other	FOSCARNET	0.9731018416736845
1	91	0.06251045159022518	0.5560997787299208	other	4-AMINOHIPPURIC-ACID	0.9731018416736845
2	93	0.06251520189736941	0.38996092054410497	other	ALLOPURINOL-RIBOSIDE	0.9377316050142686
1	91	0.0625263778199297	0.5559989593940974	other	PF-5274857	0.9731018416736845
1	88	0.06259080862847563	0.5623685296900777	other	VE-822	0.9731018416736845
1	90	0.06261729939957295	0.5576659281366992	other	E-2012	0.9731018416736845
1	96	0.06263649805918192	0.5443379336629793	other	LANIFIBRANOR	0.9731018416736845
1	90	0.06264199400956356	0.5575102760629279	other	GR-159897	0.9731018416736845
1	88	0.06266125410807999	0.5619278731557908	other	TOLOXATONE	0.9731018416736845
1	86	0.06279600732396386	0.565702515942421	other	EBROTIDINE	0.9731018416736845
1	91	0.06280508683975873	0.5542360417293154	other	ANABASINE	0.9731018416736845
1	90	0.06287247703614277	0.5560585265213319	other	FOMOCAINE	0.9731018416736845
1	96	0.0629756236577698	0.5421564592020957	other	D-157495	0.9731018416736845
1	90	0.06303710776941364	0.5550226736861308	other	L-165041	0.9731018416736845
1	96	0.06314518645706375	0.5410673331718866	other	TAUROGLYCOCHOLATE	0.9731018416736845
1	86	0.06327716663488965	0.5627227614258328	other	TAK-220	0.9731018416736845
2	89	0.0633072664019375	0.5550706785224717	other	HOMATROPINE	0.9731018416736845
1	91	0.06336250487941679	0.5507182941425957	other	AZ20	0.9731018416736845
1	91	0.06355361963587097	0.549514700617602	other	CIPROXIFAN	0.9731018416736845
1	96	0.06360639727114327	0.5381103624882446	other	CIPARGAMIN	0.9731018416736845
1	88	0.06366510219244215	0.5556663973819791	other	MENADIONE-BISULFITE	0.9731018416736845
1	84	0.06370419868908757	0.5648210825724438	other	BIRT-377	0.9731018416736845
1	96	0.06370813495071964	0.5374591655358961	other	PAOPA	0.9731018416736845
1	91	0.06376862373688194	0.548162183632731	other	16,16-DIMETHYLPROSTAGLANDIN-E2	0.9731018416736845
1	96	0.06376917755846546	0.5370686344309077	other	PD-161570	0.9731018416736845
1	91	0.06397566472304064	0.5468612899177425	other	NMDA	0.9731018416736845
1	91	0.06400751718244968	0.5466612858700591	other	ESTRAMUSTINE	0.9731018416736845
1	96	0.0640811731091663	0.5350747811032281	other	S63845	0.9731018416736845
1	91	0.0643101155468355	0.5447630255184946	other	INDOXIMOD	0.9731018416736845
1	91	0.06432604177654	0.5446632063121468	other	BRL-15572	0.9731018416736845
1	90	0.06438707978223471	0.5465638205411695	other	NINTEDANIB	0.9731018416736845
1	90	0.06439531131889825	0.5465124353222003	other	2-[1-(4-PIPERONYL)PIPERAZINYL]BENZOTHIAZOLE	0.9731018416736845
1	96	0.06454916643521759	0.5320909029989697	other	JNJ-678	0.9731018416736845
1	96	0.06458307899507637	0.5318750026280991	other	AZD4635	0.9731018416736845
1	85	0.06460880016724474	0.5568958931778495	other	DOCOSANOL	0.9731018416736845
1	96	0.06468481667465274	0.5312275636581559	other	CEFMETAZOLE	0.9731018416736845
1	90	0.06469164663878581	0.5446641354932927	other	PPT	0.9731018416736845
1	88	0.06472178438650758	0.5491117411031388	other	CHF5074	0.9731018416736845
1	91	0.06474808686370968	0.5420212568548539	other	AQ-RA741	0.9731018416736845
1	90	0.06475749893209415	0.544253817092877	other	PIPERONYL-BUTOXIDE	0.9731018416736845
1	96	0.0647865543542291	0.5305805182018164	other	AZD5153	0.9731018416736845
1	96	0.06480690189014439	0.5304511563660245	other	MACOZINONE	0.9731018416736845
1	85	0.06483354342251496	0.5555217693394773	other	CEFPIRAMIDE	0.9731018416736845
2	88	0.0648485076899989	0.5812528133889792	other	VLX600	0.9731018416736845
1	88	0.0648802867156174	0.5481317848182848	other	IOPODIC-ACID	0.9731018416736845
1	91	0.06488345981619806	0.5411751722850132	other	ORNIDAZOLE	0.9731018416736845
1	86	0.06493763798239831	0.5524972187159033	other	TC-E-5002	0.9731018416736845
1	90	0.06521846498525258	0.5413858242562677	other	SATRAPLATIN	0.9731018416736845
1	90	0.06535016957186927	0.5405677622543519	other	PIPEMIDIC-ACID	0.9731018416736845
1	90	0.06544894801183178	0.5399546146420411	other	EFAVIRENZ	0.9731018416736845
1	88	0.06552310171700719	0.5441662427591503	other	TIAPROFENIC-ACID	0.9731018416736845
1	96	0.06564793337464232	0.5251180237735965	other	PRX-07034	0.9731018416736845
1	90	0.06572058872172871	0.538270224538939	other	SERDEMETAN	0.9731018416736845
1	84	0.06578987334419757	0.5521215835552012	other	AMG-PERK-44	0.9731018416736845
1	90	0.06586052484500894	0.5374035208413481	other	ABT-202	0.9731018416736845
1	96	0.06593279887745615	0.523317782095876	other	LY2857785	0.9731018416736845
1	90	0.0659839978949621	0.5366393549878202	other	PI-828	0.9731018416736845
1	96	0.0660074065091455	0.5228468057351568	other	MITAPIVAT	0.9731018416736845
1	96	0.06614305674858063	0.5219910341367352	other	TAFLUPROST	0.9731018416736845
1	91	0.06631682048960451	0.5322566161071333	other	ECABAPIDE	0.9731018416736845
1	91	0.06631682048960451	0.5322566161071333	other	BRD:BRD-A59825838-326-01-4.1	0.9731018416736845
1	91	0.06631682048960451	0.5322566161071333	other	NETILMICIN	0.9731018416736845
1	86	0.06635281242629773	0.5438535567029793	other	ML323	0.9731018416736845
1	86	0.06635281242629773	0.5438535567029793	other	BRD:BRD-K93942811-001-01-3.1	0.9731018416736845
1	91	0.06638848852327484	0.5318126165704441	other	FENOBAM	0.9731018416736845
1	84	0.06640747603333208	0.5483876415133649	other	GSK-J5	0.9731018416736845
1	91	0.06649997213120644	0.5311223175205587	other	HESPERADIN	0.9731018416736845
1	88	0.0665357554863199	0.5379477228608142	other	TREPIBUTONE	0.9731018416736845
1	91	0.06655571393517225	0.530777335616787	other	GSK923295	0.9731018416736845
1	91	0.06678664426588772	0.5293493168020307	other	SANT-1	0.9731018416736845
1	96	0.06678739538589762	0.5179358191349883	other	FERROQUINE	0.9731018416736845
1	88	0.06685276014453953	0.536008284546252	other	CARBOXYPYRIDINE-DISULFIDE	0.9731018416736845
1	88	0.06693201130909444	0.5355239659607994	other	NALOXEGOL	0.9731018416736845
1	96	0.06695695818519155	0.5168713285607986	other	ACETYLSPIRAMYCIN	0.9731018416736845
1	90	0.06700470844124144	0.5303428996096082	other	FOSBRETABULIN	0.9731018416736845
1	96	0.06701800079293738	0.5164883851356459	other	MIVEBRESIB	0.9731018416736845
1	91	0.06708924263027354	0.5274810317981243	JAK_inhibitor_core	CYT387	0.9731018416736845
1	90	0.06712818149119458	0.5295837394560966	other	MLN2480	0.9731018416736845
1	96	0.06713330349645726	0.5157654425544298	other	SBHA	0.9731018416736845
1	88	0.06724901596731406	0.5335888604537791	other	PRINABEREL	0.9731018416736845
1	91	0.06729628361643224	0.5262046391214893	other	KD025	0.9731018416736845
1	96	0.06736390890349701	0.5143211088636265	other	MK-5046	0.9731018416736845
1	80	0.06744101548770179	0.5522483011086339	other	A61603	0.9731018416736845
1	91	0.0675511032917045	0.5246358269503282	other	SONIDEGIB	0.9731018416736845
1	84	0.06756168433761625	0.5414424461052364	other	RO-3	0.9731018416736845
1	82	0.0675881584715695	0.5462882545948284	other	CANDESARTAN	0.9731018416736845
1	96	0.06769625199011314	0.5122432152488197	other	ETHYNYLCYTIDINE	0.9720565605235333
1	86	0.06770194539614853	0.5356752542172799	other	SAR405838	0.9731018416736845
1	88	0.06787421959880278	0.5297826055352808	other	ATIZORAM	0.9731018416736845
1	91	0.06790148034520385	0.5224825621245094	other	EMD-53998	0.9731018416736845
1	90	0.06792664054755829	0.5246876496557644	other	5-HMF	0.9731018416736845
2	87	0.06793752870011792	0.5392390665419009	other	GENIPOSIDIC-ACID	0.9731018416736845
1	90	0.06794310362088538	0.52458693962254	other	SANGIVAMYCIN	0.9731018416736845
1	96	0.06813033275630563	0.5095357340779703	other	REMODELIN	0.9715915239990732
1	96	0.0681506802922209	0.509409002026512	other	DESISOBUTYRYL-CICLESONIDE	0.9715915239990732
2	88	0.06815728510854221	0.5610816286226685	other	TRANILAST	0.9731018416736845
1	96	0.06817102782813618	0.5092822862174561	other	PFI-3	0.9715915239990732
1	91	0.06818815247988513	0.5207241262964709	other	EVEROLIMUS	0.9731018416736845
1	91	0.06822796805414642	0.5204801363424555	other	IDRA-21	0.9731018416736845
1	96	0.06832024309151484	0.5083535335137594	other	S1P1-AGONIST-III	0.9715915239990732
1	91	0.06833148854722577	0.5198460336114274	other	RUCINOL	0.9731018416736845
1	90	0.06838760660071669	0.5218714522418784	other	ACRIVASTINE	0.9731018416736845
1	86	0.06842840161068356	0.5312968961815108	other	ACETOPHENAZINE	0.9731018416736845
1	91	0.06845093527000964	0.5191148636682025	other	URSOLIC-ACID	0.9731018416736845
1	90	0.0686180896272959	0.5204662242368895	other	TOLBUTAMIDE	0.9731018416736845
1	88	0.06862270281959912	0.5252437229852441	other	OLEUROPEIN	0.9731018416736845
1	96	0.068679716226018	0.5061196779695674	other	INARIGIVIR-SOPROXIL	0.9715915239990732
1	91	0.06874557051954319	0.5173135456911538	other	PF-03814735	0.9731018416736845
1	88	0.06874598240890675	0.5244980219649259	other	BQ-123	0.9731018416736845
1	91	0.06879334920865675	0.5170217401193201	other	TRIAMTERENE	0.9731018416736845
1	86	0.0689001264253167	0.5284633817029047	other	CEFPROZIL	0.9731018416736845
2	87	0.06894923188317349	0.555204336144761	other	EZETIMIBE	0.9731018416736845
1	90	0.06912844490043558	0.5173614826220418	other	2-PYRIDYLETHYLAMINE	0.9731018416736845
1	91	0.06914372626215609	0.5148843962492935	other	3-METHYLADENINE	0.9731018416736845
1	88	0.06915984960158238	0.5219985001122917	other	REMIMAZOLAM	0.9731018416736845
1	88	0.06921268371128565	0.5216798458787979	other	NAPHTHOQUINE-PHOSPHATE	0.9731018416736845
2	87	0.06925286646954815	0.5442515135423679	other	BETULINIC-ACID	0.9731018416736845
1	84	0.06933349533103493	0.5308655520057995	other	ALPIDEM	0.9731018416736845
1	84	0.06933349533103493	0.5308655520057995	other	TCS-5861528	0.9731018416736845
2	88	0.06941261217078357	0.4942777511283564	other	MEGESTROL-ACETATE	0.9706548666729192
1	84	0.06942461703926789	0.5303243932967426	other	PDE10-IN-1	0.9731018416736845
1	90	0.06943301175698668	0.5155131532116867	other	EXATECAN-MESYLATE	0.9731018416736845
1	90	0.06953179019694919	0.5149144193232467	other	CLOFIBRATE	0.9731018416736845
1	96	0.06954787775840297	0.500745734811278	other	CINCHONINE	0.9710873257840971
1	96	0.06962248539009232	0.5002853043589633	other	BETAMETHASONE-PHOSPHATE	0.9710873257840971
1	90	0.0696470317102388	0.5142163454911868	other	MITOMYCIN-C	0.9731018416736845
1	91	0.06973299676122317	0.5112999766050415	other	AM-24	0.9716508399752645
1	91	0.06981262790974577	0.5108165800237138	other	RS-56812	0.9715915239990732
1	88	0.06982027597287327	0.5180224015615277	other	MAROPITANT	0.9731018416736845
1	91	0.06983651725430254	0.5106716068448605	other	PAFURAMIDINE	0.9715915239990732
1	90	0.06987751473681801	0.5128216503900334	other	CARDIOGENOL-C	0.972821765277856
1	96	0.06990056838093438	0.4985711029872935	other	SP-100030	0.9710873257840971
1	86	0.0699190520249243	0.5223688934040461	other	ANISINDIONE	0.9731018416736845
1	88	0.06995236124713144	0.517229032587059	other	YM-511	0.9731018416736845
1	84	0.07001184582565807	0.5268435355305154	other	ML228	0.9731018416736845
1	84	0.07001184582565807	0.5268435355305154	other	BRD:BRD-K44432556-001-05-5.1	0.9731018416736845
1	96	0.07004300113234128	0.49769428891808953	IFN_inducer_or_IFNR_agonist	MIW-815	0.9710873257840971
1	86	0.0701454799359482	0.5210193960661831	other	MECLINERTANT	0.9731018416736845
1	91	0.07015504184839284	0.5087406531992467	other	ALTRENOGEST	0.9715915239990732
1	91	0.07019485742265413	0.5084995487889294	other	TOZADENANT	0.9715915239990732
1	96	0.0702803890513528	0.496234728945307	other	BAY-1895344	0.9710774325383876
1	86	0.0702964318766308	0.5201207115821874	other	MINERVAL	0.9731018416736845
1	91	0.07033023037514254	0.5076802345419242	other	FK-866	0.9715915239990732
1	84	0.07043708046407855	0.5243300812371178	other	TC-NTR1-17	0.9731018416736845
1	90	0.07045372230326603	0.5093434078615398	other	CHLOROPYRAMINE	0.9715915239990732
2	93	0.0705014330932234	0.5020918551636885	other	FLUDROCORTISONE-ACETATE	0.9710873257840971
2	85	0.07054763581546117	0.5209963982154102	other	PHENYLBUTAZONE	0.9731018416736845
1	90	0.07056896381655564	0.5086492194158017	other	CID-5458317	0.9715915239990732
1	90	0.07077475223314422	0.5074108106921318	other	KP-1212	0.9715915239990732
1	90	0.07091468835642445	0.5065695825339879	other	BICALUTAMIDE	0.9715915239990732
1	91	0.07092746398906187	0.5040737614843523	other	GBR-13069	0.9712324679728399
1	96	0.07099933532035911	0.4918280884394981	other	GW-542573X	0.9706379863727089
1	88	0.07103546049604852	0.5107468012319648	other	FERULIC-ACID	0.9715915239990732
1	90	0.07106285601636823	0.5056796565137766	other	RALTITREXED	0.9715915239990732
1	96	0.07106716044007669	0.49141343695925355	other	GLYCEROL-PHENYLBUTYRATE	0.9706379863727089
1	91	0.07113450497522059	0.5028266265882646	other	AMBROXOL	0.9710873257840971
1	91	0.07117432054948188	0.5025869768852426	other	TG-003	0.9710873257840971
1	90	0.07125218135962973	0.5045437070624497	other	DAU-5884	0.9714124061303915
1	91	0.07131765661682252	0.5017247297378187	other	PENBUTOLOL	0.9710873257840971
1	90	0.07131803365293807	0.5041489044115921	other	DEMECARIUM	0.9712324679728399
1	96	0.07150124120626918	0.4887640469215322	other	LUCANTHONE	0.9697530178074367
1	88	0.07151096748337796	0.5079141789416934	other	NUCLOMEDONE	0.9715915239990732
1	96	0.07153515376612797	0.48855738278279337	other	DIHYDROXYPHENYLGLYCINE	0.9697530178074367
1	88	0.07162544138773505	0.5072334630058964	other	PF-05190457	0.9715915239990732
1	88	0.07170469255228996	0.5067624740641983	other	RSV604	0.9715915239990732
1	90	0.07177899970609648	0.5013897773322729	other	CLOZAPINE	0.9710873257840971
1	86	0.07178708229087154	0.511288540800352	other	GSK2838232	0.9716508399752645
2	88	0.07186898122772459	0.5521388080689238	other	GUANABEN-ACETATE	0.9731018416736845
1	86	0.07188142725379817	0.5107321424575098	other	BTS-72664	0.9715915239990732
1	90	0.07211649270930176	0.49937469751672175	other	TRAP-101	0.9710873257840971
1	96	0.0723151426428801	0.48381692578474206	other	TC-I-2014	0.9689653537761528
1	96	0.07245079288231526	0.482995012260816	other	VEDAPROFEN	0.9688155603820405
1	91	0.07253601318921798	0.49442682206460464	other	SUCCINIC-ACID	0.9706548666729192
1	90	0.072544532615806	0.4968250803241832	other	GLUTATHIONE-MONOISOPROPYL-ESTER	0.9710873257840971
1	96	0.07254574804991985	0.48242011705713356	other	NDD-094	0.9685279909474034
1	96	0.0726203556816092	0.48196867053647313	other	SCH-221510	0.9685279909474034
1	96	0.07276957094498787	0.4810664561082865	other	APRONAL	0.9684429656695862
1	90	0.07285733100902064	0.4949662200099219	other	SEP-227900	0.9706548666729192
1	84	0.07287711731787228	0.5100251820985048	other	EDAGLITAZONE	0.9715915239990732
2	87	0.07298597821893746	0.5086874356520815	other	ORIDONIN	0.9715915239990732
1	90	0.07303842481561859	0.4938917095787611	other	GBR-12935	0.9706548666729192
2	88	0.07305005248639972	0.21562431571350918	other	TERIFLUNOMIDE	0.9280799126366769
1	91	0.07308546811402379	0.4911539619988329	other	TRILOSTANE	0.9706379863727089
1	90	0.07312074018225402	0.49340370163399755	other	TH-302	0.9706548666729192
1	90	0.07317012940223527	0.4931110187289314	other	DESERPIDINE	0.9706548666729192
1	96	0.07324434678301091	0.478201803524991	other	VERUCERFONT	0.9679483628664431
1	90	0.0732689078421978	0.49252592726572103	other	ANISODAMINE	0.9706379863727089
1	91	0.07330047221503476	0.48987639881063155	other	PRT062070	0.970418951055111
1	86	0.07346642263096552	0.501431326568403	other	NORETHINDRONE-ACETATE	0.9710873257840971
1	91	0.07349955008634121	0.4886950390820614	other	SC-560	0.9697530178074367
1	91	0.07353140254575025	0.4885061616952218	other	1-PHENYLBIGUANIDE	0.9697530178074367
1	90	0.07354054855209471	0.4909188138469655	other	CAY10505	0.9706379863727089
1	88	0.07357149776180555	0.4957337186373882	other	FIMASARTAN	0.9706548666729192
2	88	0.07359444225775258	0.49805347890011786	other	OTX015	0.9710873257840971
1	85	0.07369624483686629	0.5026678303931948	other	PERFLUBRON	0.9710873257840971
1	91	0.07373048041705668	0.4873265550079362	other	ZD-7288	0.9697530178074367
1	96	0.07378694774075151	0.4749391812153882	other	PF-05180999	0.9675910120462682
1	96	0.07381407778863854	0.4747763663254014	other	BMS-986142	0.9675910120462682
1	91	0.07384992713984055	0.4866195173901034	other	AZD1208	0.9697530178074367
1	86	0.07396645093447665	0.49851552817317507	other	CEP-32496	0.9710873257840971
1	84	0.07397057781666781	0.503680361249405	other	TC-E-5006	0.9712006008416585
1	96	0.07398364058793248	0.4737594567552849	other	ALANTOLACTONE	0.9675910120462682
1	96	0.0740446831956783	0.4733936579605623	other	THEAFLAVIN	0.9675728574420095
1	96	0.07407181324356532	0.4732311297989439	other	MIROGABALIN-BESYLATE	0.9675728574420095
1	96	0.0740921607794806	0.4731092535035715	other	EMIGLITATE	0.9675728574420095
1	88	0.0742231184481459	0.491913914005488	other	SQ-109	0.9706379863727089
1	86	0.0742589203195492	0.4968141741308501	other	I-BET-762	0.9710873257840971
1	86	0.07431552729730519	0.49648523119365595	other	CHRYSIN	0.9710873257840971
1	88	0.07442564920200845	0.4907298462261429	other	ORG-26576	0.9706379863727089
1	90	0.07447071219507509	0.4854367114410739	other	N6-CYCLOPENTYLADENOSINE	0.9693695916818967
1	91	0.0745825337062483	0.4822949678661294	other	IBUPROFEN-(S)	0.9685279909474034
1	91	0.07479753780725926	0.48102971617219353	other	DIHOMO-GAMMA-LINOLENIC-ACID	0.9684429656695862
1	86	0.07485329358598697	0.4933659698850674	other	MECLOCYCLINE-SULFOSALICYLATE	0.9706548666729192
2	91	0.07486124272607733	0.4914250658943818	other	SPAGLUMIC-ACID	0.9706379863727089
1	90	0.07486582595492518	0.4831179261348351	other	RIGOSERTIB	0.9688155603820405
1	86	0.07499481103037689	0.49254682802127386	other	AT13148	0.9706379863727089
1	90	0.0752691712514388	0.48075694382025086	other	NNC-63-0532	0.9684247687079178
1	96	0.07530623042242522	0.46586814471178306	other	PF-514273	0.9639109442375211
1	90	0.07535148661807423	0.48027587082901013	other	PITOLISANT	0.9680488864418781
1	90	0.07535148661807423	0.48027587082901013	other	BRD:BRD-K21673112-003-01-3.1	0.9680488864418781
1	88	0.07548233139607387	0.4845765880657396	other	OMARIGLIPTIN	0.9693695916818967
1	90	0.07549965427801801	0.47941058973142364	other	LACITOL	0.9679483628664431
1	88	0.07549994276597496	0.48447438300774237	other	OZOLINONE	0.9693695916818967
1	86	0.07564579127457063	0.4887880165771582	other	IDAZOXANE	0.9697530178074367
1	90	0.07564782193796178	0.4785461454432334	other	ANDROSTENONE	0.9679483628664431
1	91	0.0756973697855644	0.47575373639675433	other	CCT137690	0.967709470033923
1	91	0.07592033700142764	0.4744512534120004	other	UREA	0.9675910120462682
1	89	0.07603912188836838	0.4787980383988312	other	LEFLUNOMIDE	0.9679483628664431
1	84	0.0760461278375297	0.49175041073272274	other	CP-99994	0.9706379863727089
1	90	0.07617464028442854	0.4754793555768328	other	TEPOXALIN	0.967709470033923
1	91	0.07623089848066571	0.47264029402569663	other	BRD:BRD-K97799481-001-16-0.1	0.9675728574420095
1	90	0.07624049257773688	0.4750967533141938	other	APIXABAN	0.9676062154386392
1	85	0.0762465922118891	0.4879574516920837	other	MECHLORETHAMINE	0.9697530178074367
1	90	0.07633927101769941	0.4745231614310143	other	LORECLEZOLE	0.9675910120462682
1	91	0.07635034520344956	0.47194476872627616	other	BENDROFLUMETHIAZIDE	0.9675728574420095
1	96	0.07637786731396294	0.45952721739897956	other	ROLUPERIDONE	0.9615331398717349
1	90	0.076545059434288	0.4733293799422705	other	OLOMOUCINE	0.9675728574420095
1	96	0.07654743011325688	0.4585282822425231	other	VALBENAZINE	0.961278713648888
1	91	0.0766688697975399	0.4700927484213598	other	PERAMPANEL	0.9658376868699323
1	86	0.0767213238519342	0.4826112173321532	other	NILOTINIB	0.9685279909474034
1	88	0.07672393297410075	0.47739933520134586	other	PEXIDARTINIB	0.967709470033923
1	84	0.07679496200848632	0.4874830649536073	other	BAY-K-8644-(S)-(-)	0.9697530178074367
1	91	0.07682813209458504	0.46916822046256346	other	GABOXADOL	0.9658376868699323
1	83	0.07689683943285962	0.4895887037547405	other	OBIDOXIME	0.9701471824171711
1	91	0.07690776324310762	0.46870632747812097	other	DIADENOSINE-TETRAPHOSPHATE	0.9658376868699323
1	90	0.07697309934079223	0.4708515241488657	other	DIETHYLSTILBESTROL	0.9665951989374485
1	96	0.0770086409273364	0.45581724901705717	other	T-1095	0.9595580990762078
1	90	0.07710480392740891	0.4700905249720313	other	RILUZOLE	0.9658376868699323
1	91	0.07736962390453858	0.4660322328332048	other	NH125	0.9639109442375211
1	91	0.0773855501342431	0.4659401714697197	other	IPRAGLIFLOZIN-L-PROLINE	0.9639109442375211
1	86	0.07740060758500591	0.4787316491979996	other	TRETAZICAR	0.9679483628664431
1	91	0.07740147636394762	0.465848120036359	other	5-IODO-A-85380	0.9639109442375211
1	96	0.07754445937310527	0.4526788398640488	other	3,4-DCPG-(R)	0.9563501761905369
1	89	0.07767345653547089	0.469369576300277	other	AM-580	0.9658376868699323
1	90	0.07777155839715592	0.46624823373174873	other	BIBR-1532	0.9639109442375211
1	90	0.07780448454381009	0.4660589360332934	other	BX-912	0.9639109442375211
1	88	0.07789508907252328	0.47068202896212075	other	BROXATEROL	0.9665550680757662
1	90	0.07792795759376323	0.46534944339176876	other	OLOPATADINE	0.9639109442375211
1	90	0.07801027296039867	0.46487677629203134	other	NVP-AEW541	0.9639109442375211
1	84	0.07810142858989536	0.4800852004272418	other	PF-915275	0.9680488864418781
1	84	0.07824317346936885	0.4792861995189222	other	TC-MPS1-12	0.9679483628664431
1	96	0.0782566231301398	0.4485261883843128	other	CINNAMALDEHYDE	0.9549044087860009
1	90	0.07825721906030496	0.46346035084756715	other	AMBENONIUM	0.9639109442375211
1	85	0.07835722452225281	0.475958018162691	other	POLYDATIN	0.967709470033923
1	91	0.07838093949077535	0.46020608156230114	other	PYRAZINOYLGUANIDINE	0.9618963689204257
1	96	0.0785618361688689	0.4467530167493193	other	LY2828360	0.9543515181545957
2	89	0.07860616049106342	0.5523776889686226	other	CIS-UROCANIC-ACID	0.9731018416736845
1	84	0.07863803420504502	0.4770641727742423	other	EC-144	0.967709470033923
1	96	0.0787381814801346	0.4457303091449461	other	FLT3-IN-1	0.9543515181545957
1	91	0.07879502146309277	0.45783218161853595	other	ACPC	0.9607419093634879
1	91	0.07883483703735404	0.457604278571864	other	PHENSUXIMIDE	0.9607419093634879
1	90	0.07886635277340716	0.45997662740437784	other	TETRAMETHYLTHIURAM-MONOSULFIDE	0.9617286215532337
1	96	0.07889417925548503	0.4448267013322869	other	CALCITONIN	0.9539315243053148
1	88	0.07890774284183596	0.46491540717170415	other	MK-0354	0.9639109442375211
1	91	0.0789781731046947	0.45678434617417063	other	DFB	0.959723564354206
1	90	0.07907214118999574	0.4588029573102466	other	BML-190	0.9614576927249187
2	87	0.07930599829139015	0.5207848365447465	other	DEXAMETHASONE	0.9731018416736845
1	96	0.07936895509350805	0.4420829255682621	other	RALINEPAG	0.9539315243053148
1	96	0.0794096501653386	0.44184818907268225	other	COTI-2	0.9539315243053148
1	88	0.07944488962381924	0.4618723309311923	other	SIB-1553A	0.9638164600784932
1	86	0.07944789328051376	0.46714092681551145	other	ORY-1001	0.9641980192932395
1	96	0.07959277798857606	0.44079274404754476	other	BW-B70C	0.9539315243053148
1	85	0.07962751248682357	0.46881343525263425	other	TAZEMETOSTAT	0.9658376868699323
1	91	0.07969485344139791	0.45269688082288717	other	ICI-215,001	0.9563501761905369
1	90	0.07970596951308856	0.4551984395825126	other	FLURBIPROFEN-(+/-)	0.959205342121241
1	91	0.07971077967110243	0.45260627953543436	other	METHYLPREDNISOLONE-SODIUM-SUCCINATE	0.9563501761905369
1	91	0.07989393131270438	0.4515650887387476	other	LEVOMEQUITAZINE	0.9563501761905369
1	91	0.07990189442755663	0.4515198498050812	other	TIRACIZINE	0.9563501761905369
1	96	0.08002685875476856	0.4382966366448121	other	ISOFLUROPHATE	0.9539315243053148
1	96	0.08010146638645789	0.43786842493673245	other	ISRIB	0.9539315243053148
1	86	0.08010830802100015	0.46343485447745764	other	ACALISIB	0.9639109442375211
1	96	0.08018285653011899	0.43740155506600475	other	CP-94253	0.9539315243053148
1	88	0.08042232065332977	0.4563630657313937	other	FLIBANSERIN	0.9595580990762078
2	87	0.08042588262354618	0.4660974159260682	other	SALINOMYCIN	0.9639109442375211
1	91	0.08053894361573725	0.44790891034319696	other	CINOXACIN	0.9548094302707612
1	90	0.08066082776605957	0.44979796664900634	other	NORCYCLOBENZAPRINE	0.9552985034359651
1	96	0.08069832743997256	0.43445126700000847	other	CCMQ	0.9539315243053148
1	96	0.0807254574878596	0.4342963026267085	other	ORMELOXIFENE	0.9539315243053148
1	86	0.08086306772441318	0.4592191177615363	other	RO-61-8048	0.9615331398717349
1	86	0.08089137121329118	0.4590614391383191	other	ADAPREV	0.9615331398717349
1	88	0.08091543901056028	0.4535974533148516	other	LISADIMATE	0.9565786507437165
1	96	0.08092893284701232	0.4331350717988784	other	LEVOBETAXOLOL	0.9539315243053148
1	96	0.08094928038292759	0.4330190460074033	other	MM-206	0.9539315243053148
2	85	0.08096684769067504	0.5610291478052988	other	AMG458	0.9731018416736845
1	88	0.08096827312026356	0.45330168970984586	other	PARDOPRUNOX	0.9564591462748498
1	85	0.08099551491020746	0.461184892361479	other	LEVODOPA	0.9633750825405168
1	88	0.08102991291491737	0.4529567673615547	other	PERIFOSINE	0.9563501761905369
1	91	0.08112821411480435	0.444583201626745	other	TIC10	0.9539315243053148
1	90	0.08122880379584406	0.4466026254577056	other	EFAROXAN	0.9543515181545957
1	96	0.08129518849348723	0.43104931659798756	other	KRCA-0008	0.9539315243053148
1	88	0.08132930620323592	0.4512835028010454	other	RTA-408	0.9563501761905369
1	91	0.08135118133066759	0.44332844635015195	other	CHLORAMPHENICOL-PALMITATE	0.9539315243053148
1	90	0.081409897602442	0.4455864970704984	other	PANOBINOSTAT	0.9543515181545957
1	91	0.08147062805345145	0.4426570751587495	other	NOSCAPINE	0.9539315243053148
1	96	0.0814918813406682	0.4299315586429663	other	UBP-310	0.9539315243053148
1	90	0.08150867604240453	0.44503279143216523	other	ALEXIDINE	0.9540011219061314
1	96	0.08151901138855523	0.42977751522009233	other	CM-4620	0.9539315243053148
1	90	0.08164038062902121	0.44429511745059497	other	RUTAECARPINE	0.9539315243053148
1	88	0.08165511654640609	0.4494665080123545	other	NICERITROL	0.9550013907484604
1	90	0.08167330677567537	0.44411080618478027	other	BROMOCRIPTINE	0.9539315243053148
1	91	0.08170155838416693	0.4413607129938327	other	ISOXSUPRINE	0.9539315243053148
1	96	0.08174961679559499	0.42846942035490304	other	CGP-25454A	0.9533703429781515
1	91	0.08178118953268951	0.44091418772754826	other	IDELALISIB	0.9539315243053148
1	91	0.08186878379606435	0.440423304024609	other	CLOFAZIMINE	0.9539315243053148
1	90	0.08187909519226397	0.4429598331820679	other	MEPIROXOL	0.9539315243053148
1	91	0.08188471002576887	0.44033408555384856	other	GO-6983	0.9539315243053148
1	91	0.08192452560003016	0.44011108396134085	other	R-428	0.9539315243053148
1	90	0.08199433670555356	0.4423160210836497	other	U-0521	0.9539315243053148
1	96	0.08210908993009815	0.4264348834034381	other	GW-1100	0.9530555492907928
1	96	0.08217691504981574	0.4260516311137664	other	ATB-346	0.9530555492907928
1	86	0.08226880767201995	0.45142384827099075	other	IMMETHRIDINE	0.9563501761905369
1	96	0.0822922177533356	0.4254005562243393	other	NSC-636819	0.9530555492907928
1	96	0.0823736078969967	0.42494131830380366	other	BAY-1436032	0.9530555492907928
2	90	0.08248754762516233	0.43908791864446284	other	THEOPHYLLINE	0.9539315243053148
1	90	0.08248822890536615	0.4395627937906036	other	GUANOSINE	0.9539315243053148
1	86	0.08262731853114114	0.44944762457167164	other	SULFAQUINOXALINE	0.9550013907484604
1	90	0.08264462810197348	0.4386929585231111	other	DOMIPHEN	0.9539315243053148
1	91	0.0826730583961424	0.4359305247821803	other	SGI-1776	0.9539315243053148
1	96	0.08269916847164108	0.42310721877011626	other	ZSET1446	0.9530555492907928
2	90	0.08280637764322657	0.48729672650251954	other	GUANFACINE	0.9697530178074367
1	88	0.0830199977137406	0.4418992376847902	other	TRIMETHOQUINOL	0.9539315243053148
1	90	0.08304797339848709	0.4364541914380076	other	IODOANTIPYRINE	0.9539315243053148
1	84	0.08307262400571577	0.45249332581653673	other	SB-268262	0.9563501761905369
1	91	0.08334196004373208	0.4322138258060999	other	MK-1775	0.9539315243053148
1	91	0.08346140676651595	0.4315520333522788	other	TIPIFARNIB	0.9539315243053148
1	90	0.08351717098830905	0.43385807145097893	other	3-AQC	0.9539315243053148
1	90	0.08354186559829968	0.4337216770205848	other	ROFLUMILAST	0.9539315243053148
1	86	0.08358020265670008	0.4442185221730329	other	ADEFOVIR	0.9539315243053148
1	90	0.08368180172157992	0.4329492356028461	other	LEUCYLLEUCINE-METHYL-ESTER	0.9539315243053148
1	91	0.08409845595469659	0.4280322394037923	other	GLYCITEIN	0.9530555492907928
1	86	0.0841085344490892	0.4413339781340989	other	LY2584702	0.9539315243053148
1	91	0.08412234529925336	0.4279005674865745	other	OLEOYLETHANOLAMIDE	0.9530555492907928
1	96	0.0841506260335972	0.4149858744537201	other	COT-INHIBITOR-1	0.9479137467657512
1	90	0.0844226400212988	0.4288728978177175	other	POSACONAZOLE	0.9539315243053148
1	90	0.08452964999792487	0.42828591197487564	other	TC2559	0.9532910872203206
1	84	0.08456094524018745	0.4444070913813145	other	ADX-10059	0.9539315243053148
1	90	0.08466135458454156	0.42756409899453535	other	KI-8751	0.9530555492907928
1	88	0.08485158018345403	0.4318579595379181	other	PIROXIMONE	0.9539315243053148
1	91	0.08492661989933141	0.4234811579907454	other	PINITOL	0.9530555492907928
1	96	0.08497130998217987	0.41043430948404985	other	FUCOXANTHIN	0.9476550812829971
1	91	0.08507791908152432	0.4226527284251065	other	3-CPMT	0.9530555492907928
1	90	0.08525402522431666	0.42432456990811657	other	CINACALCET	0.9530555492907928
1	84	0.08531016817454735	0.4403673033718572	other	WWL-123	0.9539315243053148
1	90	0.08531987751762501	0.4239654949343948	other	TASISULAM	0.9530555492907928
1	84	0.08532029280879545	0.44031285359471517	other	COLESEVALAM	0.9539315243053148
1	90	0.0855256659342136	0.4228445120786449	other	PHTHALYLSULFATHIAZOLE	0.9530555492907928
1	88	0.08556484066444818	0.4279830773944396	other	APRICITABINE	0.9530555492907928
1	88	0.08559125771929982	0.4278399461462325	other	ETOPOSIDE-PHOSPHATE	0.9530555492907928
1	86	0.08563692284850058	0.4330490003991634	other	DBPR108	0.9539315243053148
1	84	0.08565440573898297	0.4385181384659968	other	BETP	0.9539315243053148
1	91	0.08565922646573916	0.4194785081980918	other	FDCYD	0.9514779835308961
1	86	0.08567466083367123	0.4328455574484146	other	CARBOXYLOSARTAN	0.9539315243053148
1	84	0.08574552744721595	0.43802938797847485	other	GSK9027	0.9539315243053148
1	91	0.08576274695881851	0.4189146850500964	other	NIMORAZOLE	0.9514779835308961
1	84	0.08587714769244133	0.43732395825045045	other	NVP-231	0.9539315243053148
1	88	0.08588184532266781	0.4262673104185994	other	MORINIDAZOLE	0.9530555492907928
1	91	0.08589015679645463	0.4182213509289741	other	FGIN-1-43	0.9512543500663964
1	90	0.08592077969406366	0.4206970140265147	other	AMG-208	0.9517103642000639
1	90	0.08596193737738138	0.4204736788396792	other	ICI-89406	0.9516760301266054
1	90	0.08601132659736264	0.42020576696926987	other	KETOROLAC	0.9514779835308961
1	90	0.08611010503732515	0.41967023901296274	other	TENOFOVIR-DISOPROXIL	0.9514779835308961
1	85	0.08639912448257382	0.4317279523451614	other	10-HYDROXYCAMPTOTHECIN	0.9539315243053148
1	91	0.08643164860640817	0.4152821006618805	other	LINIFANIB	0.9479137467657512
1	90	0.08657930262714711	0.4171318717470789	other	OXAZEPAM	0.9497817185735326
1	91	0.0865988740183056	0.4143768216665864	other	D-PHENYLALANINE	0.9479137467657512
1	96	0.08674154560680863	0.4007164221672091	other	SUFUGOLIX	0.9431579827980727
1	91	0.0868616568084301	0.41295656101766637	other	OXATOMIDE	0.9476550812829971
2	87	0.08697657990180539	0.42405202941949416	other	U-0126	0.9530555492907928
1	91	0.08698906664606623	0.4122689715455767	other	MEPENZOLATE	0.9476550812829971
1	96	0.087067106181453	0.3989441499151451	other	MI-14	0.9431579827980727
1	88	0.08722911512010122	0.4190194177202043	other	ERDAFITINIB	0.9514779835308961
1	90	0.08723782556023058	0.4135842987661505	other	FLOXURIDINE	0.9477299643962339
1	90	0.08732014092686602	0.41314208989649776	other	HALOBETASOL-PROPIONATE	0.9476550812829971
1	90	0.08732837246352955	0.4130978841531356	other	EFONIDIPINE-MONOETHANOLATE	0.9476550812829971
1	90	0.08744361397681914	0.41247929293169994	other	IPSAPIRONE	0.9476550812829971
1	96	0.0875622295553913	0.39625773625210137	other	AZD3264	0.9421901025013077
1	90	0.08757531856343584	0.41177299275870227	other	CREATININE	0.9476550812829971
1	91	0.08768185763821268	0.40854189928457424	other	EPOTHILONE-B	0.9472446597142548
1	88	0.08789834717634268	0.4154458002371729	other	DIMEMORFAN	0.947951726842059
1	86	0.08791063645503232	0.42088886521188007	other	MELOXICAM	0.9517103642000639
1	85	0.08791369859417741	0.4236678518903997	other	2-OCTYLDODECAN-1-OL	0.9530555492907928
1	96	0.08792170268989448	0.39431407725362777	other	NPS-2407	0.9393768420913701
1	86	0.08803328490683694	0.42023856951791205	other	RGB-286638	0.9514779835308961
1	91	0.08810390272538235	0.40628108411728314	other	TOLTRAZURIL	0.9463902800258606
1	90	0.08825853610650994	0.40812039393283056	other	ONCRASIN-1	0.9472446597142548
1	90	0.08829969378982763	0.407900965412397	other	BICUCULLINE-METHOCHLORIDE-(-)	0.9472446597142548
1	88	0.0883738541636721	0.41291743538023473	other	ICATIBANT-ACETATE	0.9476550812829971
1	91	0.0884144642046204	0.40462216460840916	other	CITIOLONE	0.9453405121659316
1	85	0.08843158522588701	0.4209317791396808	other	L-CYSTEINESULFINIC-ACID	0.9517103642000639
1	96	0.0884439561117198	0.3915004060672188	other	PF-429242	0.9377316050142686
3	86	0.08845783724000678	0.19320309948069903	other	AMINOSALICYLATE	0.9225090216685822
1	88	0.08851474512288085	0.4121700138448653	other	BECLOMETHASONE	0.9476550812829971
1	90	0.08855487142639748	0.4065420515137894	other	RETINALDEHYDE	0.9463902800258606
1	86	0.08856161669922608	0.4174439299490285	other	TASQUINIMOD	0.9501566286904795
1	91	0.08869317322444945	0.40313678713161855	other	NICOTINYL-ALCOHOL-TARTRATE	0.944567047367263
1	90	0.08874419676965896	0.4055355432632291	other	BRD:BRD-K97799481-230-01-7.1	0.9460116849230021
1	86	0.08875030662507932	0.4164484571829971	other	FLUPIRTINE	0.9492881384849459
1	91	0.08882058306208557	0.40245882845396175	other	CPI-613	0.9440500757693732
1	90	0.0888265121362944	0.4050983878078265	other	SUPROFEN	0.9457675508182722
1	91	0.08890021421060816	0.40203544574172617	other	REBAMIPIDE	0.9437438030776282
1	86	0.08901447252127388	0.41505710870435775	other	MEPAZINE	0.9479137467657512
1	96	0.08910185977298028	0.3879730296265747	other	GALLIUM-TRIQUINOLIN-8-OLATE	0.9377316050142686
1	84	0.08921827699431656	0.41963309183238595	other	CP-532623	0.9514779835308961
1	91	0.08929836995322106	0.3999224750018322	other	DOXYLAMINE	0.9431579827980727
1	91	0.08931429618292556	0.3998380929375477	other	ZM-323881	0.9431579827980727
1	91	0.08935411175718685	0.3996271838284485	other	TRAPIDIL	0.9431579827980727
2	85	0.0893788992658135	0.42690595178671015	other	EQUOL	0.9530555492907928
1	96	0.08943420285959641	0.38619842675982696	other	RIDINILAZOLE	0.9377316050142686
1	91	0.08947355847997074	0.3989948513107342	other	SULFAMERAZINE	0.9431579827980727
1	96	0.08957663561100333	0.38543937780494764	other	RESMETIROM	0.9377316050142686
1	90	0.08974844424261123	0.40022119005678647	other	KU-0063794	0.9431579827980727
1	90	0.08983075960924668	0.3997874195733034	other	AVN-944	0.9431579827980727
1	88	0.0899852945096219	0.4044159622396062	other	GS-9973	0.9453405121659316
1	96	0.08999036884128053	0.38323961342444907	other	PIM-447	0.9374274533700215
1	96	0.08999715135325231	0.38320361486570875	other	I-CBP-112	0.9374274533700215
1	96	0.0901599316405745	0.3823402609601392	other	DQP-1105	0.9374274533700215
1	89	0.09023740413507146	0.40035852210996103	other	AZD9668	0.9431579827980727
1	91	0.09026190685034426	0.3948363257830221	other	ELETRIPTAN	0.9398504268823339
1	88	0.0904519958120008	0.401973136428117	other	TESTOLACTONE	0.9437438030776282
1	88	0.09054885834645679	0.4014672268370328	other	FLUOROMETHOLONE-ACETATE	0.9431579827980727
1	90	0.09058806098229263	0.3958097850962472	other	WAY-600	0.9417799113583809
1	91	0.09062821013354813	0.3929128819457003	other	FILGOTINIB	0.9377316050142686
1	91	0.09066802570780942	0.39270414885666427	other	TROPICAMIDE	0.9377316050142686
1	88	0.09068094362071497	0.40077795556389917	other	SULBACTAM-PIVOXIL	0.9431579827980727
1	91	0.09076358308603652	0.3922034591053207	other	TELENZEPINE	0.9377316050142686
1	96	0.09087887790958078	0.3785411707839732	other	CLONIXIN	0.9341267457709493
1	90	0.09091732244883437	0.3940877335781058	other	NARINGIN	0.9393768420913701
1	91	0.0910900707949791	0.39049564298473155	other	LY2157299	0.9377316050142686
1	88	0.09110361649834113	0.39857698559200566	other	ROSOXACIN	0.9431579827980727
1	90	0.09113957393875002	0.39292787234618975	other	AC-55649	0.9377316050142686
1	96	0.09129939365182979	0.3763296992520842	other	SIREMADLIN	0.9331847284513405
1	84	0.09141532262615572	0.4082286343605969	other	CID-16020046	0.9472446597142548
1	91	0.09144044784847845	0.3886678150469252	other	PENTOBARBITAL	0.9377316050142686
1	96	0.09144182640323668	0.3755824346482934	other	DC-260126	0.9331847284513405
1	90	0.09155938230859074	0.3907425785154624	other	MEDETOMIDINE	0.9377316050142686
1	90	0.09162523460189907	0.39040044696133686	other	LY2183240	0.9377316050142686
1	91	0.09168730440889844	0.38738310757292244	other	GENISTEIN	0.9377316050142686
1	91	0.09177489867227329	0.3869278561654407	other	REMOXIPRIDE	0.9377316050142686
1	91	0.09183860359109135	0.3865969658408865	other	REPARIXIN	0.9377316050142686
1	96	0.09184877712154214	0.373452366502845	other	SB-452533	0.9323291845380863
1	91	0.09190230850990942	0.38626624532841963	other	TARGININE	0.9377316050142686
1	90	0.09193803299511373	0.3887777670232007	other	SUCCINYLSULFATHIAZOLE	0.9377316050142686
1	88	0.09208104752785166	0.39351471038787306	other	SOPHOCARPINE	0.9387845385493078
2	90	0.09210971099702264	0.46889103705346774	other	7-NITROINDAZOLE	0.9658376868699323
1	88	0.09226596691181312	0.3925613044785723	other	ALBUTEROL	0.9377316050142686
1	88	0.09241566355597239	0.39179050831525347	other	GENTIOPICRIN	0.9377316050142686
1	90	0.09254716670821592	0.3856294156689873	other	PETCM	0.9377316050142686
1	90	0.09264594514817844	0.38512031863871604	other	FLUTICASONE-PROPIONATE	0.9377316050142686
1	96	0.09277798126167293	0.3686163654156925	other	PD-173212	0.9320243255263739
1	96	0.09280511130955997	0.3684757468609002	other	SR-1664	0.9320243255263739
1	91	0.09284991917732811	0.38136684878354093	other	VILAZODONE	0.9364916980033161
1	90	0.09290112278474828	0.38380702140258904	other	DICHLOROPHEN	0.9377316050142686
1	91	0.09302510770407779	0.38046520238595877	other	PIKAMILONE	0.9349899712466223
1	90	0.09309867966467332	0.3827921280014811	other	BUTALBITAL	0.9374274533700215
1	91	0.09314455442686166	0.3798511822678436	other	NPY-5RA972	0.9345498934727174
1	91	0.09321622246053196	0.3794830578229423	other	APRACLONIDINE	0.9345498934727174
1	90	0.09323861578795355	0.3820742240911253	other	N-BENZYLNALTRINDOLE	0.9374274533700215
1	90	0.09346086727786922	0.38093569315652376	other	FLUOXETINE	0.9357894352465518
1	91	0.09347900525065649	0.378135114555474	other	GW-9662	0.9338923174040558
1	91	0.09358252574373585	0.3776049035438806	other	LEVOMEPROMAZINE	0.9338923174040558
1	96	0.09358510018631211	0.36444702082515285	other	SULFISOMIDIN	0.9313756718081856
1	96	0.09362579525814264	0.36423757265841294	other	AVE-3085	0.9313756718081856
1	90	0.09369958184111196	0.3797151099427827	other	PIOGLITAZONE	0.9345498934727174
1	90	0.09377366567108385	0.3793367893451339	other	ACY-1215	0.9345498934727174
1	90	0.09381482335440157	0.3791267097356859	other	MEK1-2-INHIBITOR	0.9345498934727174
1	88	0.09381576746310907	0.3846250686624567	other	BUPRANOLOL	0.9377316050142686
1	96	0.0938428356412389	0.363121766618756	other	AZD9056	0.9313756718081856
1	91	0.09387716099326938	0.3760983083413739	other	ALVIMOPAN	0.9331847284513405
1	96	0.0939717033687023	0.3624602538301077	other	KARENITECIN	0.9313756718081856
1	91	0.09402049706061004	0.3753666908902476	other	CYT-997	0.9331847284513405
1	86	0.09406192803784849	0.38899453350814234	other	MOTOLIMOD	0.9377316050142686
1	84	0.09413884923889644	0.3943459098199267	other	RO-1138452	0.9393768420913701
1	91	0.09415587001309843	0.374676513034275	other	MOPROLOL	0.9331847284513405
1	91	0.09418772247250745	0.3745142303941079	other	BUPARVAQUONE	0.9331847284513405
1	96	0.0942090912877138	0.36124362314805775	other	LEVCROMAKALIM	0.9306744292541521
1	90	0.09430871555421415	0.37661124530013423	other	AMFENAC	0.9333472076911439
1	96	0.09443291418278182	0.3600988250684721	other	E7820	0.9306744292541521
1	96	0.09449395679052763	0.3597869968097672	other	BRD:BRD-A37752546-001-02-9.1	0.9306744292541521
1	91	0.09471328805275649	0.3718427386478074	other	DNQX	0.9320243255263739
1	96	0.09474490973348265	0.35850679014639325	other	ML298	0.9306744292541521
1	91	0.0948008823161313	0.37139862212763386	other	BENURESTAT	0.9320243255263739
1	90	0.09484376543734448	0.3738976089153207	other	GALANTAMINE	0.9327182612492869
1	90	0.09486022851067155	0.37381430141943506	other	DANOPREVIR	0.9327182612492869
1	91	0.09503181264684679	0.37022932101004213	other	ATENOLOL-(-)	0.9320243255263739
1	84	0.09507031558972225	0.38966304189657736	other	APCK-110	0.9377316050142686
1	96	0.09512473040390108	0.3565745494683473	other	BQ-788	0.9306744292541521
1	91	0.0951831118290397	0.3694644474521067	other	THIOMERSAL	0.9320243255263739
1	96	0.09524003310742096	0.35598925647723517	other	VLX1570	0.9306744292541521
1	84	0.09538417925141354	0.3880926282197358	other	LIMKI-3	0.9377316050142686
1	91	0.09546182084886873	0.36805800002235445	other	DEOXYEPINEPHRINE	0.9320243255263739
1	91	0.0955812675716526	0.36745624130255844	other	GLAFENINE	0.9320243255263739
1	91	0.09568478806473196	0.36693520476495833	other	VECURONIUM	0.9320243255263739
1	96	0.09571480894544401	0.35358551202424926	other	PYRINTEGRIN	0.9306744292541521
1	90	0.09575746600699775	0.3692911291408082	other	DIHYDROERGOTAMINE	0.9320243255263739
1	96	0.09586402420882267	0.35283213938621133	other	VELARESOL	0.9306744292541521
1	96	0.09587080672079443	0.3527979189331053	other	TROPIFEXOR	0.9306744292541521
1	96	0.09591150179262498	0.35259263960303533	other	PCI-27483	0.9306744292541521
1	96	0.09594541435248376	0.3524216303156527	other	NCX-1015	0.9306744292541521
1	90	0.09597148596024989	0.36821716862642556	other	SUCROSE-OCTAACETATE	0.9320243255263739
1	84	0.09600178194054806	0.3850135322279174	other	BRD:BRD-K77547509-001-03-3.1	0.9377316050142686
1	84	0.09600178194054806	0.3850135322279174	other	ML179	0.9377316050142686
1	96	0.09606071705600364	0.3518405851631649	other	VU0360172	0.9306744292541521
1	91	0.09614664872616292	0.3646161003149748	other	THIORIDAZINE	0.9313756718081856
1	91	0.09617850118557196	0.36445649466211344	other	ETIZOLAM	0.9313756718081856
1	88	0.09619330239975629	0.37263921375776965	other	AGN-194310	0.9320243255263739
1	86	0.09623186218516094	0.37809769304798496	other	KEVETRIN	0.9338923174040558
1	96	0.09627097492712813	0.3507825699815176	other	SDZ-220-040	0.9306744292541521
1	88	0.09631658198906393	0.3720239901539269	other	OLMESARTAN	0.9320243255263739
1	91	0.09635368971232164	0.36357943103276036	other	TIAGABINE	0.9313756718081856
2	90	0.09642979938964885	0.364614511719461	other	TYLOXAPOL	0.9313756718081856
2	87	0.09647152722113377	0.5119746118704911	other	OLEANOLIC-ACID	0.9720565605235333
1	86	0.09672245599237943	0.3756598996517645	other	OXFENICINE	0.9331847284513405
1	88	0.09675686623659119	0.369831817834405	other	BETA-LAPACHONE	0.9320243255263739
1	85	0.09681548579205398	0.3780733993144726	other	PERGOLIDE	0.9338923174040558
1	85	0.09706954338496813	0.37681730155478105	other	TIDEGLUSIB	0.9334270060358901
1	96	0.0972340916271177	0.34596158277532374	other	4-(AMINOMETHYL)BENZOIC-ACID	0.9306744292541521
1	91	0.09725352169062679	0.35909499693792446	other	DALARGIN	0.9306744292541521
1	96	0.09728156921092002	0.34572500777657206	other	RADOTINIB	0.9306744292541521
1	85	0.09728451519435703	0.3757564259820451	other	CAPTOPRIL	0.9331847284513405
1	91	0.09733315283914935	0.35869979723465356	other	CO-102862	0.9306744292541521
1	90	0.09733792104639806	0.3614054791963863	other	CLOFOCTOL	0.9306744292541521
1	91	0.09738093152826292	0.35846280650435236	other	CITCO	0.9306744292541521
1	96	0.09776991007288657	0.3432975552158938	other	REVERSINE	0.9306744292541521
1	91	0.09778705038572807	0.3564522956756774	other	PHENPROCOUMON	0.9306744292541521
1	90	0.09780711863622	0.3590845525420427	other	SARAFLOXACIN	0.9306744292541521
1	84	0.09796596098468077	0.3753188730641535	other	PEXMETINIB	0.9331847284513405
1	90	0.09797998090615441	0.3582318004996189	other	PHENOLSULFONPHTHALEIN	0.9306744292541521
1	91	0.09810557497981838	0.3548803231641366	other	BENZOYLPAS	0.9306744292541521
1	90	0.09813638010276174	0.357461342801965	other	SULOCTIDIL	0.9306744292541521
1	91	0.0981772430134887	0.3545272231353295	other	BTS-54505	0.9306744292541521
1	96	0.09819720832710731	0.3411823455747866	other	TOPILUTAMIDE	0.9306744292541521
1	86	0.09826971338437612	0.3680341249677227	other	CP-945,598	0.9320243255263739
1	96	0.09829216349471191	0.3407134163145003	other	BISANTRENE	0.9306744292541521
1	91	0.09831261596597708	0.35386085173207876	other	ISOGUVACINE	0.9306744292541521
1	86	0.09840179633247341	0.3673875591906064	other	AZTREONAM	0.9320243255263739
1	90	0.09840802081265866	0.3561256185694297	other	CGK-733	0.9306744292541521
1	96	0.09846850880597761	0.33984362594561884	other	PRINOMASTAT	0.9306744292541521
1	85	0.09849617448363991	0.36981087579723715	other	OG-L002	0.9320243255263739
1	90	0.09851503078928471	0.35560027445651765	other	NEOHESPERIDIN	0.9306744292541521
1	86	0.09861878974720464	0.36632685385317243	other	NUTLIN-3	0.9320243255263739
1	91	0.09870280859373773	0.35194449144656753	other	VINCAMINE	0.9306744292541521
1	91	0.09871873482344223	0.3518664101300246	other	HYDROCORTISONE-PHOSPHATE	0.9306744292541521
1	88	0.09872053398056277	0.36015108097428356	other	GINSENOSIDE-RD	0.9306744292541521
1	91	0.09874262416799902	0.3517493083763316	other	4-HYDROXY-PHENAZONE	0.9306744292541521
1	86	0.0988357831619359	0.36526802642430856	other	MLN8054	0.9313756718081856
1	86	0.0988357831619359	0.36526802642430856	other	BRD:BRD-K83963101-001-06-9.1	0.9313756718081856
1	91	0.09884614466107837	0.35124214786532293	other	DIAZEPAM	0.9306744292541521
1	86	0.09897730060632583	0.36457849894308947	other	FENBUFEN	0.9313756718081856
1	88	0.09898470452907912	0.3588607751675021	other	ELBASVIR	0.9306744292541521
1	85	0.0990042896694682	0.36733475963804657	other	NICORANDIL	0.9320243255263739
1	90	0.09907477528240564	0.3528601567156027	other	1-ETHYL-2-PYRROLIDONE	0.9306744292541521
1	90	0.09909946989239628	0.3527395723193865	other	CHUANXIONGZINE	0.9306744292541521
1	86	0.0991659905321791	0.3636603724358218	other	KN-62	0.9313756718081856
1	96	0.09918067256301216	0.33634527756675925	other	SPARTEINE-(-)	0.9306744292541521
1	96	0.09923493265878622	0.3360796746960698	other	TIPELUKAST	0.9306744292541521
1	86	0.09927920448769104	0.36311017887313457	other	VERBASCOSIDE	0.9313756718081856
1	84	0.09933278660817518	0.3686607699276329	other	SC-236	0.9320243255263739
1	90	0.09933818445563902	0.35157524454399464	other	PIRACETAM	0.9306744292541521
1	91	0.09935578401162289	0.34875200377774246	other	DIZOCILPINE-(-)	0.9306744292541521
1	90	0.09943696289560154	0.3510941544441147	other	CNQX	0.9306744292541521
1	96	0.09949945062568477	0.33478676326560913	other	LSZ-102	0.9306744292541521
1	88	0.09957468542076567	0.35598941699418224	other	FLINDOKALNER	0.9306744292541521
1	90	0.09965098284885368	0.3500532000872323	other	SIMEPREVIR	0.9306744292541521
1	91	0.09973005040967901	0.346930343730908	other	ETHOTOIN	0.9306744292541521
1	91	0.0998256077879061	0.3464661948463471	other	ELVITEGRAVIR	0.9306744292541521
1	91	0.09983357090275836	0.3464275333269027	other	TROMARIL	0.9306744292541521
1	96	0.10000135651159484	0.3323422284493228	other	HC-070	0.9306744292541521
1	96	0.1000420515834254	0.3321445214076124	other	ANTIMONYL	0.9306744292541521
1	84	0.10020350515351235	0.36445717354735513	other	M-25	0.9313756718081856
1	96	0.10020483187074758	0.3313544411286541	other	AVACOPAN	0.9306744292541521
1	91	0.10020783730081448	0.3446134889492611	other	JZL-184	0.9306744292541521
1	88	0.10021750042215546	0.3528771733791635	other	NALFURAFINE	0.9306744292541521
1	96	0.10025909196652164	0.331091346971571	other	LY334370	0.9306744292541521
1	86	0.10031699907988395	0.3580906058537696	other	CP-376395	0.9306744292541521
1	90	0.10032596885526422	0.3467828131803552	other	INH1	0.9306744292541521
1	90	0.10033420039192777	0.3467430487721134	other	BEZAFIBRATE	0.9306744292541521
1	91	0.10046265697608675	0.34338181032861503	other	DIPERODON	0.9306744292541521
1	86	0.10049625450944454	0.35722795166799304	other	PHENACEMIDE	0.9306744292541521
1	96	0.10065247766088359	0.3291878915960701	other	DBPR-211	0.9306744292541521
1	90	0.10072108261511428	0.34487734034953854	other	RIBITOL	0.9306744292541521
1	96	0.10078134538834697	0.32856586615459255	other	MONEPANTEL	0.9306744292541521
1	91	0.10082099714443835	0.34165444569836384	other	TUBOCURARINE	0.9306744292541521
1	91	0.10091655452266544	0.34119473993586247	other	CYANOCOBALAMIN	0.9306744292541521
1	88	0.10092195521819909	0.3494859803853713	other	F-11440	0.9306744292541521
1	91	0.10092451763751771	0.3411564487024664	other	BAX-CHANNEL-BLOCKER	0.9306744292541521
1	91	0.1011554479682332	0.34004717961357056	other	EMTRICITABINE	0.9306744292541521
1	90	0.10141253169485193	0.3415585906623494	other	OBATOCLAX	0.9306744292541521
1	91	0.10143415698806221	0.33871143681832955	other	ACLIDINIUM	0.9306744292541521
1	88	0.10151193610988563	0.3466615513023763	other	BREMELANOTIDE	0.9306744292541521
1	85	0.10160349427389759	0.3548277523902341	other	OSI-930	0.9306744292541521
1	96	0.1017376795763648	0.32397323457531196	other	ECTOINE	0.9306744292541521
1	90	0.10174179316139365	0.3399853183235245	other	MONOBENZONE	0.9306744292541521
1	91	0.1017447184673003	0.33722694309536533	other	UPROSERTIB	0.9306744292541521
1	86	0.10179821499783202	0.35100098470332447	other	JNJ-26481585	0.9306744292541521
1	90	0.10183234006469262	0.339553470110479	other	BIOTIN	0.9306744292541521
1	90	0.10189819235800096	0.33923961593591495	other	BMS-707035	0.9306744292541521
1	90	0.10194758157798223	0.3390043453755743	other	APABETALONE	0.9306744292541521
1	96	0.10219889039044432	0.32177312729392293	other	NS-3623	0.9306744292541521
1	91	0.10220657912873125	0.3350268506565937	other	BRD:BRD-K48329353-001-01-3.1	0.9306744292541521
1	91	0.10220657912873125	0.3350268506565937	other	6,7-DEHYDRO-17-ACETOXY-PROGESTERONE	0.9306744292541521
1	91	0.10225435781784478	0.3347997748760981	other	LOPERAMIDE	0.9306744292541521
1	90	0.1022686115078604	0.3374775957698373	other	PIMAVANSERIN	0.9306744292541521
1	90	0.10229330611785103	0.3373603336551698	other	CHROMANOL-293B-(-)-[3R,4S]	0.9306744292541521
1	91	0.10231009962181059	0.33453497638242197	other	QUINAPRIL	0.9306744292541521
1	90	0.10237562148448645	0.33696964585108113	other	TETRACAINE	0.9306744292541521
1	96	0.10240914826156883	0.32077332960717647	other	PF-06751979	0.9306744292541521
1	90	0.10244147377779482	0.3366573015533634	other	TIVANTINIB	0.9306744292541521
1	90	0.10252378914443025	0.3362671286343474	other	IODOPHENPROPIT	0.9306744292541521
1	91	0.10253306683767381	0.3334771098599445	other	ROPIVACAINE	0.9306744292541521
1	96	0.10254479850100395	0.32012935999194936	other	S-TRITYL-L-CYSTEINE	0.9306744292541521
1	84	0.10261316810456175	0.3529780845686177	JAK_inhibitor_core	SOLCITINIB	0.9306744292541521
1	91	0.10274010782383251	0.3324967073056097	other	ERYTHROSINE	0.9306744292541521
1	86	0.10274166462709831	0.3465311784885631	other	EMEDASTINE	0.9306744292541521
1	96	0.10278218642001548	0.3190044159964845	other	VELEDIMEX	0.9306744292541521
1	85	0.10281515356318047	0.3490887340029073	other	MESALAZINE	0.9306744292541521
1	91	0.10286751766146865	0.33189429320844016	other	UBENIMEX	0.9306744292541521
1	91	0.10289140700602542	0.3317814178078524	other	JIB04	0.9306744292541521
1	91	0.10309844799218414	0.33080418621423013	other	RITONAVIR	0.9306744292541521
1	91	0.10314622668129768	0.33057893146487083	other	CYCLOPENTOLATE	0.9306744292541521
1	96	0.1031484420664904	0.3172737889155062	other	INARIGIVIR	0.9306744292541521
1	88	0.10316740488058813	0.3388127923359236	other	DIPT	0.9306744292541521
1	91	0.10317807914070672	0.33042881585171685	other	TEMAZEPAM	0.9306744292541521
1	96	0.10325696225803851	0.3167621760145544	other	JNJ-64619178	0.9306744292541521
1	88	0.10329068446989577	0.33823282800713195	other	IBROLIPIM	0.9306744292541521
1	96	0.10334513491367137	0.31634688286908674	other	EPZ020411	0.9306744292541521
1	91	0.10336123078230865	0.32956649289851647	other	L-655240	0.9306744292541521
1	90	0.10351980508071897	0.3315687167073247	other	SDZ-WAG-994	0.9306744292541521
1	88	0.10359007775821431	0.3368269524772226	other	OSPEMIFENE	0.9306744292541521
1	91	0.10364790291698994	0.32821964967685313	other	TAK-875	0.9306744292541521
1	96	0.10390808340732727	0.31370368855569486	other	JNJ-38877618	0.9306744292541521
1	84	0.10394961982531185	0.3467094230601286	other	SB-772077B	0.9306744292541521
1	84	0.10397999372805616	0.34656776691965663	other	2'-C-METHYLGUANOSINE	0.9306744292541521
1	91	0.10399827997048929	0.32657828127467114	other	MELENGESTROL-ACETATE	0.9306744292541521
1	91	0.10403809554475059	0.32639209442561484	other	ZK-164015	0.9306744292541521
1	96	0.10408442871859296	0.31287864963739004	other	XL041	0.9302655791340481
1	96	0.1042065139340846	0.3123082932122934	other	DENOPAMINE	0.9302655791340481
1	86	0.10430779101168033	0.3391902794101468	other	GSK690693	0.9306744292541521
1	91	0.10434069390913639	0.32497929087415006	other	NANDROLONE	0.9306744292541521
1	88	0.10446184056831828	0.33275443497946916	other	DABIGATRAN	0.9306744292541521
1	84	0.10455709788019825	0.34388317576640026	other	TERAMEPROCOL	0.9306744292541521
1	96	0.10462702967633357	0.31034889502130913	other	PF-06282999	0.9302655791340481
1	85	0.1046521853888674	0.34049874518084433	other	VATALANIB	0.9306744292541521
1	90	0.10469691482360566	0.32607010249088825	other	CINEPAZIDE	0.9306744292541521
1	84	0.10472921666241605	0.3430850381888519	other	CGP-74514	0.9306744292541521
1	96	0.10483728754745805	0.309372196874163	other	AMIFOSTINE	0.9302655791340481
1	91	0.10488218571908994	0.32246089545553314	other	R-59022	0.9306744292541521
1	91	0.10489811194879443	0.32238701497685024	other	TONABERSAT	0.9306744292541521
1	90	0.10490270324019423	0.3251148237987454	other	SB-203186	0.9306744292541521
1	90	0.10492739785018484	0.32500031074478286	other	4-METHYLHISTAMINE	0.9306744292541521
1	90	0.10495209246017548	0.32488582348986245	other	TAURINE	0.9306744292541521
1	96	0.10504754541858252	0.30839749937463445	other	D609	0.9302655791340481
1	91	0.10506533736069185	0.32161192544856787	other	VGX-1027	0.9306744292541521
1	96	0.10508824049041307	0.30820907932939395	other	PAEONIFLORIN	0.9302655791340481
1	96	0.10510180551435659	0.30814628930227705	other	RGX-104	0.9302655791340481
1	96	0.10510858802632837	0.30811489741145853	other	EMRICASAN	0.9302655791340481
1	91	0.10525645211714606	0.32072757464485635	other	SALICYLANILIDE	0.9306744292541521
1	89	0.10527839018418676	0.3261560256649799	other	CIMETIDINE	0.9306744292541521
1	91	0.10532015703596412	0.3204331385157471	other	NSC-405020	0.9306744292541521
1	91	0.1053838619547822	0.3201388761310688	other	MEBENDAZOLE	0.9306744292541521
1	96	0.10538667101717043	0.30682962232947064	other	PIPOBROMAN	0.9302655791340481
1	96	0.10539345352914217	0.3067983178744991	other	HEPSULFAM	0.9302655791340481
1	90	0.10574231997987564	0.3212358554468459	other	ML9	0.9306744292541521
1	90	0.10574231997987564	0.3212358554468459	other	BRD:BRD-K68402494-003-03-5.1	0.9306744292541521
1	88	0.10593238995505935	0.3259557465794128	other	DALTROBAN	0.9306744292541521
1	96	0.10593605448688279	0.30430070628831785	other	AZD0156	0.9302655791340481
1	90	0.10597280300645483	0.3201762595217238	other	6-IODO-NORDIHYDROCAPSAICIN	0.9306744292541521
1	96	0.10609205226223321	0.30358510867597127	other	AZD3839	0.9302655791340481
1	84	0.10614666545715101	0.33655638488777373	other	CDPPB	0.9306744292541521
1	90	0.10617859142304342	0.31923209186373225	other	DCEBIO	0.9306744292541521
1	96	0.10653291554039745	0.301568720646719	other	AMMONIUM-PERFLUOROCAPRYLATE	0.9302655791340481
1	91	0.10654647672321187	0.3147991119954299	other	GABAPENTIN	0.9306744292541521
1	91	0.10666592344599572	0.3142537851850257	other	RAF265	0.9306744292541521
1	96	0.10666856577983261	0.30095006270686586	other	VISOMITIN	0.9302655791340481
1	91	0.1066898127905525	0.31414479315275295	other	ALPRENOLOL	0.9306744292541521
1	91	0.10680925951333636	0.3136001996469177	other	1-ACETYL-4-METHYLPIPERAZINE	0.9306744292541521
1	96	0.10681099853123951	0.3003013678239037	other	TAMINADENANT	0.9302655791340481
1	91	0.10696852181038152	0.31287502557847097	other	MNS-(3,4-METHYLENEDIOXY-NITROSTYRENE)	0.9302655791340481
1	91	0.10696852181038152	0.31287502557847097	other	BRD:BRD-K42205652-001-02-7.1	0.9302655791340481
1	90	0.10719930196932277	0.31457552091267116	other	CEFUROXIME	0.9306744292541521
1	91	0.10724723083021055	0.31160858520192053	JAK_inhibitor_core	LY2784544	0.9302655791340481
1	96	0.10725186180940377	0.2982993191410252	other	PCO-400	0.9302655791340481
1	96	0.10727220934531904	0.2982071291405308	other	CEFTIZOXIM	0.9302655791340481
1	96	0.1075502923361611	0.29694907585640307	other	LORACARBEF	0.9302655791340481
1	96	0.10766559503968097	0.2964284696873346	other	1,4-BUTANEDIOL	0.9302655791340481
1	91	0.10775687018075505	0.30930141341058576	other	ALOE-EMODIN	0.9302655791340481
1	90	0.10778374107243434	0.31192912027082903	other	NONIVAMIDE	0.9302655791340481
1	84	0.10786785327932914	0.3287349454302655	other	JW-55	0.9306744292541521
1	88	0.10797530886358585	0.31665921018334464	other	HUPERZINE-A	0.9306744292541521
1	90	0.10815416022229377	0.310259313565269	other	PHLORETIN	0.9302655791340481
1	96	0.10817428343756282	0.29413885433511133	other	NUVENZEPINE	0.9302655791340481
1	96	0.10830315116502622	0.29356067577162354	other	EDO-S101	0.9302655791340481
1	89	0.1083597919667446	0.3121155259301665	other	AG-14361	0.9302655791340481
1	86	0.10844953488415932	0.32025296278232634	other	ITI214	0.9306744292541521
1	91	0.1084496611729015	0.30618294341493807	other	FAVIPIRAVIR	0.9302655791340481
1	85	0.1085607637413928	0.32266896153523117	other	4E1RCAT	0.9306744292541521
1	91	0.10867262838876472	0.3051836709825345	other	OLVANIL	0.9302655791340481
1	91	0.10876818576699182	0.30475606323477855	other	TRIMETHOPRIM	0.9302655791340481
1	96	0.10886609965868209	0.29104375027521284	other	MOTAPIZONE	0.9302655791340481
1	96	0.10892035975445616	0.2908019118047807	other	AMZ30	0.9302655791340481
1	91	0.10907078413137763	0.3034045522529557	other	MIRTAZAPINE	0.9302655791340481
1	90	0.10909255540193771	0.30605514429181946	other	AZATADINE	0.9302655791340481
1	96	0.10915774767346767	0.2897454326276177	other	MPS-BAY-2A	0.9302655791340481
1	90	0.10915840769524604	0.30576151525340173	other	LEVOTHYROXINE	0.9302655791340481
1	85	0.10917636483191555	0.319916287875961	other	1-HEXADECANOL	0.9306744292541521
1	96	0.10920522525726999	0.2895344423170939	other	AFAMELANOTIDE	0.9302655791340481
1	90	0.10925718613520856	0.3053214160427798	other	ABIRATERONE	0.9302655791340481
1	84	0.10928530207406409	0.3223813478042064	other	GW-627368	0.9306744292541521
1	88	0.1093137729760687	0.31066198897236175	other	VELIFLAPON	0.9302655791340481
1	96	0.10935444052064865	0.28887199284742077	other	BX-795	0.9302655791340481
1	91	0.10937338249576344	0.30205696302404683	other	RETAPAMULIN	0.9302655791340481
1	96	0.10953078583191433	0.28809039466453273	other	SERATRODAST	0.9302655791340481
1	91	0.10956449725221763	0.3012078745372149	other	DIETHYLCARBAMAZINE	0.9302655791340481
1	90	0.10962760528506801	0.3036747241194551	other	FLUCYTOSINE	0.9302655791340481
1	91	0.10969190708985377	0.3006426845286753	other	METATINIB	0.9302655791340481
1	91	0.10978746446808084	0.30021924821891555	other	I-BZA2	0.9302655791340481
1	84	0.10985228159195809	0.31986207883086004	other	BAG-956	0.9306744292541521
1	90	0.10989101445830139	0.3025072782530926	other	DACARBAZINE	0.9302655791340481
1	90	0.10998979289826391	0.3020702435265887	other	ARGLABIN	0.9302655791340481
1	90	0.11003918211824516	0.30185188109590777	other	TIRATRICOL	0.9302655791340481
1	88	0.1100710618818156	0.3073016628066158	other	DANIRIXIN	0.9302655791340481
1	91	0.11009802594731892	0.29884578057159245	other	FLUVOXAMINE	0.9302655791340481
1	90	0.1101379605582077	0.3014154660929356	other	UK-383367	0.9302655791340481
1	90	0.11016265516819833	0.3013064268949961	other	TETRAHYDROPAPAVERINE	0.9302655791340481
1	96	0.11018190698120309	0.2852166588119786	other	GDC-0927	0.9302655791340481
1	96	0.1101954720051466	0.28515699284693763	other	PIPOFEZINE	0.9302655791340481
1	96	0.1102429495889489	0.2849482273757077	other	FISOGATINIB	0.9302655791340481
1	90	0.11050837970806714	0.29978258921514767	other	4-(4-FLUOROBENZOYL)-1-(4-PHENYLBUTYL)-PIPERIDINE	0.9302655791340481
1	90	0.11051661124473067	0.2997463690440616	other	OCTENIDINE	0.9302655791340481
1	88	0.11055537455409559	0.30516505949147593	other	TOLONIDINE	0.9302655791340481
1	91	0.1107987800543176	0.2957618449643845	other	GNF-2	0.9302655791340481
1	91	0.11083063251372663	0.29562216553923115	other	PROSCILLARIDIN-A	0.9302655791340481
1	91	0.11084655874343116	0.2955523421116285	other	A-803467	0.9302655791340481
1	91	0.11087044808798793	0.295447627326191	other	TAMOXIFEN	0.9302655791340481
1	91	0.11087841120284019	0.29541272782592476	other	17-HYDROXYPROGESTERONE-CAPROATE	0.9302655791340481
1	84	0.11090524355376118	0.3152170637971128	other	WWL-113	0.9306744292541521
1	96	0.11094154832203994	0.28188815238238274	other	DEVAZEPIDE	0.9302655791340481
1	86	0.11100628337947095	0.3089084743375229	other	ARBUTIN	0.9302655791340481
1	91	0.11103767349988534	0.2947153077637689	other	MINOXIDIL	0.9302655791340481
1	96	0.11105685102555982	0.28138520821697427	other	DYNOLE-34-2	0.9302655791340481
1	96	0.11106363353753156	0.28135564193783186	other	NAPAMEZOLE	0.9302655791340481
1	90	0.11115867110448703	0.2969300333014503	other	EZATIOSTAT	0.9302655791340481
1	88	0.11131266345984249	0.30184364318894635	other	FENRETINIDE	0.9302655791340481
1	86	0.11131762175712882	0.3075450852755519	other	FARNESYL-THIOSALICYLIC-ACID-AMIDE	0.9302655791340481
1	88	0.11147997147390284	0.301113042314958	other	BENDAZAC	0.9302655791340481
1	90	0.11148793257102876	0.2954925271102641	other	ZIPRASIDONE	0.9302655791340481
1	84	0.11158359404838433	0.31224776136726207	other	JZL-195	0.9302655791340481
1	90	0.11161140562098192	0.29495464515031433	other	LY2801653	0.9302655791340481
1	91	0.11177028006629307	0.291521155704963	other	DIPHENHYDRAMINE	0.9302655791340481
1	91	0.11197732105245178	0.2906226222127514	other	IDASANUTLIN	0.9302655791340481
1	91	0.11204102597126986	0.2903465192474605	other	ZALTOPROFEN	0.9302655791340481
1	91	0.1120888046603834	0.29013955593328866	other	TENOVIN-6	0.9302655791340481
1	91	0.11209676777523567	0.29010507153980386	other	SULFADOXINE	0.9302655791340481
1	84	0.1121505735662783	0.3097798821344825	other	SHA-68	0.9302655791340481
1	96	0.11221666057273039	0.27635951450312457	other	AMISELIMOD	0.9302655791340481
1	90	0.11223700240741119	0.29223929060883824	other	RIMONABANT	0.9302655791340481
3	90	0.11235208474334242	0.30595630927337186	other	METHACYCLINE	0.9302655791340481
1	91	0.11241529236932597	0.288727919484642	other	ZALEPLON	0.9302655791340481
1	84	0.1124239386909772	0.30859454279550247	other	COR-170	0.9302655791340481
1	90	0.11267327385057897	0.2903554865886298	other	NARINGIN-DIHYDROCHALCONE	0.9302655791340481
1	90	0.1126815053872425	0.2903200204890693	other	PENTACOSANOIC-ACID	0.9302655791340481
1	90	0.11273912614388734	0.2900718380209671	other	URACIL	0.9302655791340481
1	96	0.11293560684173669	0.27327459127510634	other	ADOMEGLIVANT	0.9302655791340481
1	91	0.11297271040898403	0.2863283414628768	other	PHENYL-AMINOSALICYLATE	0.9302655791340481
1	96	0.11310516964103062	0.2725504048524366	other	PRALMORELIN	0.9302655791340481
1	90	0.11315893451372804	0.2882678887649075	other	ACECLIDINE	0.9302655791340481
1	90	0.113249481417027	0.28787977848654644	other	EPERISONE	0.9302655791340481
1	84	0.11328453260206625	0.3048821673899759	other	ONO-4817	0.9302655791340481
1	90	0.11332356524699888	0.2875624914846291	other	T-5224	0.9302655791340481
1	96	0.11343751272764677	0.2711347503821743	other	MICAFUNGIN	0.9302655791340481
1	91	0.1134743866446763	0.28418007540568546	other	BAKUCHIOL	0.9302655791340481
1	88	0.1135316960673799	0.2922477308982497	other	NIRAPARIB	0.9302655791340481
1	96	0.11355281543116663	0.2706447652501519	other	VU10010	0.9302655791340481
1	90	0.11356227981024165	0.2865417002156271	other	MOMETASONE-FUROATE	0.9302655791340481
1	88	0.11359333586203371	0.2919840843519194	other	L-PROLINE	0.9302655791340481
1	91	0.11360975959716468	0.28360222680529024	other	CCT129202	0.9302655791340481
1	91	0.11366550140113048	0.28336451666719153	other	CILOSTAZOL	0.9302655791340481
1	86	0.11369511482287986	0.2972629227732879	other	INC-280	0.9302655791340481
1	96	0.11371559571848883	0.2699540388038586	other	UAMC-00039	0.9302655791340481
1	85	0.11382757307142076	0.29960730248238693	other	SORBIC-ACID	0.9302655791340481
1	88	0.11391034052025333	0.29063066837449825	other	SOMATOSTATIN	0.9302655791340481
1	90	0.11399031971674588	0.2847173457851093	other	ANTAZOLINE	0.9302655791340481
1	91	0.11423884567049306	0.2809271993410234	other	VORELOXIN	0.9302655791340481
1	85	0.11428683102784251	0.29764885822722453	other	2,6-DIMETHYLPIPERIDINE	0.9302655791340481
1	96	0.1143938469156646	0.267088824720268	other	TP-3654	0.9302655791340481
1	96	0.1143938469156646	0.267088824720268	other	DSM265	0.9302655791340481
1	88	0.11448271004203878	0.2881975182604959	other	KHELLIN	0.9302655791340481
1	96	0.11451593213115623	0.26657527974105416	other	MK-1064	0.9302655791340481
1	96	0.11457697473890203	0.2663187580884769	other	XMD8-92	0.9302655791340481
2	87	0.11465434051689159	0.3162500607717281	other	PD-128907	0.9306744292541521
1	91	0.11477237436559434	0.2786717442828684	other	2'-MECCPA	0.9302655791340481
1	91	0.11480422682500338	0.27853747445084115	other	TG100-115	0.9302655791340481
1	96	0.11482792768185708	0.2652659255261908	other	CAROVERIN	0.9302655791340481
1	88	0.11484374312501112	0.2866697225269467	other	DEFEROXAMINE-MESYLATE	0.9302655791340481
1	88	0.11484374312501112	0.2866697225269467	other	PYRIDOXAMINE	0.9302655791340481
1	96	0.11489575280157466	0.264981861115214	other	PF-06412562	0.9302655791340481
1	88	0.11492299428956605	0.2863350732540936	other	ANETHOLE-TRITHIONE	0.9302655791340481
1	88	0.11494941134441766	0.28622358113083246	other	COLFORSIN	0.9302655791340481
1	86	0.1152329377185839	0.29073377469896106	other	ARQ-621	0.9302655791340481
1	90	0.11533206019290344	0.2790488353497761	other	RADEZOLID	0.9302655791340481
1	91	0.11537757109436596	0.2761280168063609	other	DILOXANIDE	0.9302655791340481
1	88	0.1153985012768955	0.2843326233582273	other	SCHISANDROL-B	0.9302655791340481
1	86	0.11540275865185183	0.2900186182692934	other	CLOFIBRIC-ACID	0.9302655791340481
1	91	0.11540942355377498	0.2759945690153951	other	TOZASERTIB	0.9302655791340481
1	84	0.11553220140514597	0.29532409581252067	other	MCOPPB	0.9302655791340481
1	88	0.11569789456521402	0.2830766097860892	other	BIVALIRUDIN	0.9302655791340481
1	90	0.11573540548941705	0.2773596555969014	other	ZARDAVERINE	0.9302655791340481
1	85	0.11578186224768346	0.2913317947151634	other	ACAMPROSATE	0.9302655791340481
2	88	0.11581537038687117	0.28589359744115483	other	ETHYNODIOL-DIACETATE	0.9302655791340481
2	93	0.11583298551245058	0.2771938392203167	other	CYPROTERONE-ACETATE	0.9302655791340481
1	96	0.11596060718114061	0.2605490792481082	other	GW274150	0.9302655791340481
1	84	0.11597768531206265	0.29345335595837496	other	AC-710	0.9302655791340481
1	90	0.11605643541929524	0.2760201090463946	other	PROCAINE	0.9302655791340481
1	90	0.11628691844587444	0.2750610621484651	other	AXITINIB	0.9302655791340481
1	91	0.11629332930237563	0.2723086383530052	other	SB-505124	0.9302655791340481
1	90	0.11630338151920151	0.27499264445487365	other	VALNEMULIN	0.9302655791340481
1	91	0.1163331448766369	0.2721433886844381	other	SPERMINE	0.9302655791340481
1	90	0.11633630766585568	0.27485584332605295	other	PENICILLIN-V-POTASSIUM	0.9302655791340481
1	86	0.11639338076258142	0.28587006366602713	other	PROPRANOLOL	0.9302655791340481
1	90	0.11642685456915468	0.2744798757336341	other	CLOPIDOGREL	0.9302655791340481
1	88	0.11656965737531799	0.27944045430652625	other	DEBRISOQUIN	0.9302655791340481
1	91	0.1166357432410227	0.2708896965276699	other	SR-95639A	0.9302655791340481
1	96	0.11663885837831638	0.25775211542721094	other	FRAX486	0.9302655791340481
1	91	0.11664370635587497	0.270856757256147	other	FENOLDOPAM	0.9302655791340481
1	91	0.11676315307865884	0.27036299197560965	other	ETOPOSIDE	0.9302655791340481
1	85	0.11677854972757744	0.2871699457851524	other	SODIUM-GLUCONATE	0.9302655791340481
1	90	0.11689605215897662	0.2725372109553331	other	R-96544	0.9302655791340481
1	90	0.11694544137895788	0.2723332591708621	other	DIFLUPREDNATE	0.9302655791340481
1	90	0.11716769286887356	0.27141674678010197	other	DIMETHYL-FUMARATE	0.9302655791340481
1	88	0.11716844395195507	0.27696104550301226	other	GABEXATE	0.9302655791340481
1	90	0.1171759244055371	0.2713828418017385	other	DIETHYLTOLUAMIDE	0.9302655791340481
1	88	0.11725650080146054	0.27659767265859003	other	POLIDOCANOL	0.9302655791340481
1	90	0.11726647130883608	0.2710100752285929	other	EPOTHILONE-D	0.9302655791340481
1	90	0.1173323236021444	0.27073918895131616	other	VP-20629	0.9302655791340481
1	96	0.11735780464732268	0.2548097821813429	other	MITOQUINONE	0.9302655791340481
1	96	0.11737815218323795	0.2547268444361697	other	SEGESTERONE-ACETATE	0.9302655791340481
1	96	0.11741884725506849	0.2545610243740144	other	SPAUTIN-1	0.9302655791340481
1	91	0.11761520636785043	0.26685840249493026	other	NIFEKALANT	0.9302655791340481
1	91	0.11762316948270271	0.26682579488211117	other	IOPAMIDOL	0.9302655791340481
1	91	0.11779835800945238	0.266109108996693	other	RAMELTEON	0.9302655791340481
1	90	0.11785091041194766	0.2686123339179032	other	BENIDIPINE	0.9302655791340481
1	91	0.11802928834016786	0.26516637849257013	other	L-NIL	0.9302655791340481
1	86	0.11817650056189472	0.2785023627369793	other	BICIFADINE	0.9302655791340481
1	88	0.11821632046106995	0.27265761665062765	other	JNJ-40411813	0.9302655791340481
1	84	0.11832660045762342	0.2837187455178086	other	KG-5	0.9302655791340481
1	90	0.11836126568508731	0.26653027672397445	other	DIPHENYLPYRALINE	0.9302655791340481
1	88	0.11848049100958631	0.2715798511109713	other	FROVATRIPTAN	0.9302655791340481
1	88	0.11854213080424014	0.27132878549844913	other	CARAZOLOL	0.9302655791340481
1	91	0.11858670637982592	0.2629001497855768	other	ECONAZOLE	0.9302655791340481
1	91	0.11875393179172333	0.2622228519241761	other	ORG-27569	0.9302655791340481
1	85	0.11891849637558509	0.2783679184252287	other	BISMUTH-SUBCITRATE-POTASSIUM	0.9302655791340481
1	91	0.11898486212243883	0.2612894853129374	other	TOLMETIN	0.9302655791340481
1	91	0.11901671458184784	0.2611609225143168	other	DMAB-ANABASEINE	0.9302655791340481
1	91	0.11940690720960849	0.25958951749106984	other	THIOCTIC-ACID	0.9302655791340481
1	88	0.11948433909394847	0.26751050789978764	other	ETILEVODOPA	0.9302655791340481
1	86	0.11963884748725745	0.27255560015421976	other	NVP-HSP990	0.9302655791340481
1	84	0.1196630521783735	0.2782770023968724	other	PF-431396	0.9302655791340481
1	84	0.1196630521783735	0.2782770023968724	other	YZ9	0.9302655791340481
1	96	0.11979272644518368	0.24501584513387775	other	DPC	0.9293501630902318
1	91	0.11997228836411881	0.2573240237258909	other	CGP-37157	0.9302655791340481
1	90	0.1200898883844314	0.2595593801800351	other	ITRACONAZOLE	0.9302655791340481
1	84	0.12020978242777125	0.2760710669514251	other	DMH4	0.9302655791340481
1	96	0.12030819735503726	0.24297627002482017	other	RN-1	0.9293501630902318
1	90	0.12032037141101058	0.2586393907254703	other	GDC-0834	0.9302655791340481
1	90	0.12038622370431892	0.25837694506536757	other	CHLOROTRIANISENE	0.9302655791340481
1	86	0.12039360719067047	0.269519932907322	other	APTO-253	0.9302655791340481
1	90	0.12048500214428146	0.25798361687953764	other	ASTRAGALOSIDE-A	0.9302655791340481
1	86	0.12057286262023106	0.26880232302771834	other	ISOSORBIDE-MONONITRATE	0.9302655791340481
1	91	0.12067304247111753	0.25453485473106907	other	MASITINIB	0.9302655791340481
1	90	0.12071548517086066	0.2570674387877357	other	DEQUALINIUM	0.9302655791340481
1	91	0.12082434165331042	0.2539353719344921	other	BETRIXABAN	0.9302655791340481
1	96	0.12109496874376116	0.2398859276114022	other	NGP555	0.9293501630902318
1	91	0.12111897690284396	0.2527707322247953	other	LEVONORGESTREL	0.9302655791340481
2	88	0.12130220927485341	0.3025219763074644	other	CHLORPROTHIXENE	0.9302655791340481
1	91	0.12133398100385494	0.25192317248063634	other	BETAMETHASONE	0.9302655791340481
1	91	0.12142157526722976	0.2515784295013746	other	LEVOCETIRIZINE	0.9302655791340481
1	90	0.12143162886058892	0.2542349153923415	other	GBR-12783	0.9302655791340481
1	91	0.12154898510486588	0.2510775628491502	other	SULFORAPHANE	0.9302655791340481
1	91	0.12155694821971814	0.2510462814124179	other	ACEDOBEN	0.9302655791340481
1	88	0.12158009211217824	0.25914816024701115	other	HYDROCORTISONE-BUTYRATE	0.9302655791340481
1	91	0.12174009986132009	0.2503275462153594	other	AMILORIDE	0.9302655791340481
1	91	0.12183565723954719	0.2499531152223397	other	SKF-96365	0.9302655791340481
1	96	0.12225477829093169	0.23538022861929575	other	ETRABAMINE	0.9291649454959505
1	96	0.12231582089867754	0.2351447303114932	other	OXF-BD-02	0.9291649454959505
1	96	0.12234295094656454	0.23504011709436542	other	L-694247	0.9291649454959505
1	90	0.12235356096690576	0.250619980036991	other	JNJ-16259685	0.9302655791340481
1	85	0.12237758821757005	0.26452489559540476	other	TRIAPINE	0.9302655791340481
1	96	0.12248538369797146	0.23449142962311373	other	METHYSERGIDE	0.9291649454959505
1	90	0.12250172862684952	0.25004231448635456	other	LANOCONAZOLE	0.9302655791340481
1	96	0.12262103393740661	0.23396970067774867	other	ACOZIBOROLE	0.9291649454959505
1	88	0.12268080273099641	0.25482819327981615	other	ALCLOFENAC	0.9302655791340481
1	91	0.12271159987329555	0.24653874943907791	other	FELBAMATE	0.9293501630902318
1	85	0.12284661761987312	0.2626843939310331	other	GDC-0349	0.9302655791340481
1	86	0.12285601072305546	0.2597749151720546	other	OXYQUINOLINE	0.9302655791340481
1	88	0.1228569164300073	0.25414159179756257	other	LY2606368	0.9302655791340481
1	90	0.12287214777670898	0.2486021518742019	other	SB-408124	0.9302655791340481
1	84	0.12287256123502335	0.26549497728300997	other	MM-11253	0.9302655791340481
1	91	0.12291864085945427	0.24573643437045353	other	D-64131	0.9293501630902318
1	84	0.12297380757750441	0.26509832543054623	other	BVT-2733	0.9302655791340481
1	91	0.12302216135253362	0.24533595249938311	other	2,3-DCPE	0.9293501630902318
1	86	0.12302583165632341	0.2591117916205246	other	ENTECAVIR	0.9302655791340481
1	91	0.12310975561590845	0.24499743493289752	other	ARIPIPRAZOLE	0.9293501630902318
1	90	0.12315202002326944	0.2475178176429331	other	NMS-873	0.9302655791340481
1	86	0.1233843425154446	0.2577156484341025	other	TAK-593	0.9302655791340481
1	91	0.12339642775058975	0.2438918124976409	other	GABA-LINOLEAMIDE	0.9293501630902318
1	96	0.1234078053261305	0.23095963442024678	other	CP-471474	0.9291649454959505
1	91	0.12342031709514652	0.2437998330514869	other	ESMOLOL	0.9293501630902318
1	90	0.12343189226982992	0.2464367421275882	other	CYC116	0.9293501630902318
1	88	0.12346450869159492	0.25178253068982936	other	DESLANOSIDE	0.9302655791340481
1	90	0.12355536531978305	0.2459608324485198	other	EO-1428	0.9293501630902318
1	90	0.12359652300310077	0.2458023367090876	other	FLUOXYMESTERONE	0.9293501630902318
1	85	0.12366741907390344	0.25948444804583715	other	SODIUM-MONOFLUOROPHOSPHATE	0.9302655791340481
1	88	0.12375509629496292	0.2506596044284912	other	BAFETINIB	0.9302655791340481
1	86	0.12385606733007773	0.2558864376673006	other	ENOCITABINE	0.9302655791340481
1	91	0.12389810398628201	0.24196527289179606	other	VONOPRAZAN	0.9293501630902318
1	91	0.1239538457902478	0.24175186451228456	other	CABAZITAXEL	0.9293501630902318
1	96	0.1239707538197864	0.22882256559003197	other	BMS-470539	0.9291649454959505
1	91	0.12409718185758845	0.24120369812918152	other	CYCLOPHOSPHAMIDE	0.9293501630902318
1	86	0.1241202332262723	0.2548659583127642	other	AURANOFIN	0.9302655791340481
1	88	0.1241777691725891	0.24903239663664983	other	ICARITIN	0.9302655791340481
1	88	0.12420418622744073	0.24893093761641746	other	NITROFURANTOIN	0.9302655791340481
1	91	0.12426440726948586	0.24056525872921405	other	MK-5108	0.9293501630902318
1	91	0.12434403841800844	0.24026165166164803	other	SB-743921	0.9293501630902318
1	90	0.12440321359612799	0.24271002322702737	other	ISPINESIB	0.9293501630902318
1	96	0.12449300724161175	0.22685240442583915	other	PAMABROM	0.9291649454959505
1	84	0.12450262734896853	0.25915758130744365	other	SB-747651A	0.9302655791340481
1	90	0.12456784432939888	0.24208225671735312	other	BRD:BRD-K02965346-001-07-5.1	0.9293501630902318
1	90	0.12456784432939888	0.24208225671735312	other	SU11274	0.9293501630902318
1	84	0.12464437222844202	0.258611406438976	other	GPBAR-A	0.9302655791340481
1	96	0.12487961042400192	0.22540166144774418	other	P7C3	0.9291649454959505
1	91	0.1249014564576665	0.2381438338628077	other	SKF-38393	0.9291649454959505
1	88	0.12490864102348434	0.2462358338153229	other	GADOTERIDOL	0.9293501630902318
1	91	0.12494923514678007	0.2379629113958691	other	S18986	0.9291649454959505
1	91	0.1249571982616323	0.23793276692993628	other	BROXURIDINE	0.9291649454959505
1	96	0.12515769341484398	0.2243621834908097	other	SARDOMOZIDE	0.9280799126366769
1	96	0.12517125843878749	0.22431156363005714	other	CYC065	0.9280799126366769
1	86	0.1252146347962212	0.25066788685382546	other	DEHYDROCHOLATE-ACID	0.9302655791340481
1	88	0.1252344513666545	0.2449961686875547	other	FOSAPREPITANT-DIMEGLUMINE	0.9293501630902318
1	96	0.12538829882188374	0.22350273803921375	other	OMBRABULIN	0.9280799126366769
1	88	0.125419370750616	0.24429449206899786	other	ISAVUCONAZOLE	0.9293501630902318
1	88	0.1254281764355665	0.24426111350946617	other	BETAMETHASONE-ACETATE	0.9293501630902318
1	91	0.1255464687606994	0.2357094285829046	other	BUPIVACAINE	0.9291649454959505
1	90	0.12555562872902407	0.23833923643451727	other	AG-1024	0.9291649454959505
1	96	0.1255714266451212	0.2228218898017155	other	CASIN	0.9280799126366769
1	84	0.12557583857926782	0.25504174148564884	other	SEN-1269	0.9302655791340481
1	75	0.12559122042437448	0.2829833318566134	other	SULFABENZAMIDE	0.9302655791340481
1	91	0.1256022105646652	0.23549986343985413	other	MDL-11939	0.9291649454959505
1	91	0.12562609990922197	0.23541008949854533	other	DOFEQUIDAR	0.9291649454959505
1	96	0.12563925176483876	0.22257009482899526	other	INCYCLINIDE	0.9280799126366769
1	88	0.1256835412991323	0.24329450355337914	other	NATAMYCIN	0.9293501630902318
1	91	0.12612777614491424	0.2335303348679752	other	ETRAVIRINE	0.9291649454959505
1	84	0.12619344126840235	0.2526935250970949	other	NS-9283	0.9302655791340481
1	96	0.1262089827704664	0.22046292761490327	other	MK-886	0.9280799126366769
1	86	0.1263279053587554	0.24644632534299238	other	AMG-925	0.9293501630902318
1	91	0.12633481713107295	0.2327576207335929	other	ELLAGIC-ACID	0.9291649454959505
1	90	0.12637878239537836	0.23525087497074648	other	ORE1001	0.9291649454959505
1	90	0.12653518159198568	0.23466724819008236	other	CERULENIN	0.9291649454959505
1	90	0.12659280234863046	0.2344524820638346	other	E7449	0.9291649454959505
1	91	0.12663741549545876	0.23163147962423355	other	LOMEGUATRIB	0.9291649454959505
1	90	0.12668334925192948	0.2341152689751584	other	LINEZOLID	0.9291649454959505
1	91	0.12674889910339035	0.23121754591460922	other	MOLSIDOMINE	0.9291649454959505
1	86	0.12678076118080323	0.24474316020954878	other	ECAMSULE-TRIETHANOLAMINE	0.9293501630902318
1	96	0.12693471155144448	0.2177992391618267	other	SGS-742	0.9280799126366769
1	86	0.12696945110665647	0.24403590801547076	other	TIVOZANIB	0.9293501630902318
1	90	0.12713608376842434	0.2324342704267868	other	ISOXEPAC	0.9291649454959505
1	90	0.12717724145174206	0.23228187088771807	other	FORETINIB	0.9291649454959505
1	90	0.12717724145174206	0.23228187088771807	other	ISOBUTAMBEN	0.9291649454959505
1	91	0.12733816960245745	0.22903819248022336	other	BUTEIN	0.9291649454959505
1	91	0.12745761632524133	0.22859818949587418	other	RIMEXOLONE	0.9291649454959505
1	91	0.12748946878465034	0.22848095536142382	other	TCS2002	0.9291649454959505
1	96	0.1277011354042531	0.21501098725217893	other	LUZINDOLE	0.9280799126366769
1	88	0.12783212842706537	0.23526619301726218	other	ESTETROL	0.9291649454959505
1	90	0.12818972046135788	0.22855477247026507	other	D-ALPHA-TOCOPHERYL-SUCCINATE	0.9291649454959505
1	89	0.1285591467457772	0.229879586667742	other	RHEOCHRYSIDIN	0.9291649454959505
1	88	0.12861583438766389	0.2323842153292774	other	ZALTIDINE	0.9291649454959505
1	91	0.12868393601248904	0.22411502472839226	other	BETA-CCB	0.9280799126366769
1	86	0.12875257090596975	0.2374219411342326	other	CYCLOCREATINE	0.9291649454959505
1	91	0.1288113458501252	0.22365280984829755	other	NIGULDIPINE-(S)-(+)	0.9280799126366769
2	88	0.12882695562305393	0.23597592618787944	other	METAPROTERENOL	0.9291649454959505
1	96	0.12884059741550838	0.21091256283127388	other	PF-05089771	0.9280799126366769
1	86	0.12890352284665235	0.23686779457564766	other	NALOXONE	0.9291649454959505
1	91	0.12908209175510196	0.2226728295102815	other	LXR-623	0.9280799126366769
1	84	0.12923083154283438	0.24136036805912306	other	AM679	0.9293501630902318
1	88	0.1293731232934108	0.2296228538477844	other	BACAMPICILLIN	0.9291649454959505
1	91	0.12940061634919228	0.22152378467069497	other	PALBOCICLIB	0.9280799126366769
1	96	0.12960023875634524	0.20821135368260055	other	ENTASOBULIN	0.9280799126366769
1	91	0.12970321471357807	0.2204360665527585	other	REGORAFENIB	0.9280799126366769
1	86	0.12975262751299202	0.23376744903604002	other	BRD:BRD-K27074404-001-08-4.1	0.9291649454959505
1	86	0.12975262751299202	0.23376744903604002	other	VU0240551	0.9291649454959505
1	86	0.1298847104610893	0.2332877235437093	other	SB-242235	0.9291649454959505
1	91	0.12999784996311162	0.2193805961671964	other	SC-144	0.9280799126366769
1	90	0.13004181621065508	0.2218456447898755	other	PAEONOL	0.9280799126366769
1	90	0.13014059465061759	0.22149176144860325	other	AG-490	0.9280799126366769
1	90	0.13016528926060822	0.221403352766652	other	BAY-11-7082	0.9280799126366769
1	88	0.13026249747341587	0.2264092426606668	other	ACETOHEXAMIDE	0.9291649454959505
1	90	0.13028876231056138	0.22096168217154946	other	PRAVASTATIN	0.9280799126366769
1	84	0.1304457876526072	0.23692699276975465	other	DCC-2618	0.9291649454959505
1	88	0.13068517035104202	0.22489308463209576	other	FK-962	0.9280799126366769
1	84	0.13069890350880983	0.23601053034812888	other	PINCAINIDE	0.9291649454959505
1	90	0.13093082217031773	0.21867500221043124	other	BMY-14802	0.9280799126366769
1	96	0.13097708868661206	0.20337849066657118	other	PD-166285	0.9280799126366769
1	84	0.13101276717050117	0.23487753917936047	other	ACT-462206	0.9291649454959505
1	90	0.13101313753695315	0.2183830509005035	other	DULOXETINE	0.9280799126366769
1	84	0.13103301643899734	0.234804573013277	other	GPP-78	0.9291649454959505
1	88	0.13103739774906384	0.22363507434687466	other	AD-5467	0.9280799126366769
1	84	0.131184885952719	0.23425782896393654	other	BRD:BRD-K27539181-001-08-5.1	0.9291649454959505
1	84	0.131184885952719	0.23425782896393654	other	ML193	0.9291649454959505
1	90	0.13118599980688758	0.2177708493870447	other	TECASTEMIZOLE	0.9280799126366769
1	84	0.13144812644316975	0.2333122378070769	other	AS-1269574	0.9291649454959505
1	96	0.1314993421084374	0.20156652375051845	other	TRIAMCINOLONE-HEXACETONIDE	0.9280799126366769
1	90	0.13164696586004598	0.21614424329983756	other	IPRONIAZID	0.9280799126366769
1	91	0.1318373294939832	0.21287164198291386	other	CICLOPIROX	0.9280799126366769
1	90	0.13186921734996168	0.21536306616717132	other	EVODIAMINE	0.9280799126366769
1	91	0.13196473933161934	0.2124259365855859	other	QUETIAPINE	0.9280799126366769
1	90	0.13209970037654087	0.214555070311792	other	AC-7954-(+/-)	0.9280799126366769
1	90	0.13214908959652213	0.21438220817446904	other	CH223191	0.9280799126366769
1	91	0.13230715327026643	0.21123138779911058	other	HYDROFLUMETHIAZIDE	0.9280799126366769
1	96	0.1323132435450483	0.1987658195437687	other	NTRC-824	0.9274661357488574
1	91	0.13234696884452773	0.2110927972842404	other	PIZOTIFEN	0.9280799126366769
1	90	0.1323548780131107	0.2136630117139502	other	PF-573228	0.9280799126366769
1	90	0.13240426723309195	0.21349065945328036	other	FINASTERIDE	0.9280799126366769
1	86	0.1324508934526936	0.22410314130251494	other	RACECADOTRIL	0.9280799126366769
1	91	0.13247437868216386	0.2106497420594907	other	IBUPROXAM	0.9280799126366769
1	90	0.13248658259972743	0.21320362485286584	other	CABOZANTINIB	0.9280799126366769
1	96	0.13254384895208807	0.19797740001121625	other	FEZOLINETANT	0.9274661357488574
1	96	0.13268628170349497	0.19749156091416376	other	CFI-402257	0.9274661357488574
1	96	0.13278801938307133	0.19714505900302212	other	GK921	0.9274661357488574
1	90	0.13296401172621292	0.2115442224915634	other	INDOBUFEN	0.9280799126366769
1	86	0.13296979074879003	0.22227725745349963	other	YM-750	0.9280799126366769
1	88	0.1329746484381838	0.21680439090595516	other	XENALIPIN	0.9280799126366769
1	91	0.13302383360696965	0.2087466423078874	other	OXFENDAZOLE	0.9280799126366769
1	85	0.13306755001172701	0.2247229149848357	other	USNIACIN-(+)	0.9280799126366769
1	91	0.1332627270525374	0.20792303939402262	other	BCI-540	0.9280799126366769
1	86	0.13349812254117915	0.22042894951985223	other	SANGUINARIUM-CHLORIDE	0.9280799126366769
1	91	0.1335095836129574	0.20707441936790905	other	SERTACONAZOLE	0.9280799126366769
1	96	0.13355444323587995	0.19454881197371118	other	KHK-IN-1	0.9235384177994639
1	88	0.13359104638472197	0.21466225018471774	other	PROLYLLEUCYLGLYCINAMIDE	0.9280799126366769
1	88	0.1336350748094747	0.2145098157932283	other	LIXIVAPTAN	0.9280799126366769
1	86	0.13363963998556913	0.21993571049932434	other	MIRODENAFIL	0.9280799126366769
1	91	0.13378032951793417	0.20614651922873006	other	DROPROPIZINE	0.9280799126366769
2	82	0.13380105107595353	0.3731856630753291	other	PALIPERIDONE	0.9320243255263739
1	88	0.13393446809779322	0.21347529508267962	other	TERLIPRESSIN	0.9280799126366769
1	91	0.13394755492983157	0.20557488960849288	other	METHIAZOLE	0.9280799126366769
1	88	0.13397849652254595	0.2133234585342777	other	DAUCOSTEROL	0.9280799126366769
1	96	0.13398852400207245	0.19308936606539603	other	ASP-9521	0.9225090216685822
1	86	0.1340736268150316	0.21842796182808233	other	RHODAMINE-123	0.9280799126366769
1	91	0.13410681722687673	0.20503153399114407	other	EPRINOMECTIN	0.9280799126366769
1	96	0.1341852168492534	0.1924306665295587	other	SELONSERTIB	0.9225090216685822
1	91	0.13425015329421738	0.2045433921766383	other	ALMITRINE	0.9280799126366769
1	86	0.1342717512371775	0.21774207203976642	other	GLIQUIDONE	0.9280799126366769
1	91	0.13460053034771674	0.20335365614634335	other	ATRASENTAN	0.9280799126366769
1	86	0.13462082760000604	0.21653730204930427	other	TAK-285	0.9280799126366769
1	91	0.13475182952990963	0.2028414406399194	other	CRT0044876	0.9280799126366769
1	90	0.13497250667211744	0.20466381371578088	other	CTS-1027	0.9280799126366769
1	88	0.1349999559768092	0.20982232507792464	other	BIS(MALTOLATO)OXOVANADIUM(IV)	0.9280799126366769
1	84	0.1351436179437287	0.22031741666722485	other	TALOPRAM	0.9280799126366769
1	88	0.13516726399086956	0.2092527817783525	other	ABAMETAPIR	0.9280799126366769
1	91	0.13519776396163607	0.20133712859002126	other	MESTINON	0.9280799126366769
1	86	0.1352718078441998	0.21430316988391598	other	CABOTEGRAVIR	0.9280799126366769
1	91	0.13528535822501092	0.20104258112064155	other	ALAPROCLATE	0.9280799126366769
1	96	0.13552815421966144	0.18797672726750492	other	GSK2334470	0.9207347393807855
1	84	0.1356093511191416	0.21871661401405923	other	SB-243213	0.9280799126366769
1	84	0.135933339415081	0.21760786021343317	other	PK-THPP	0.9280799126366769
1	90	0.13607553258503222	0.20095399693232263	other	ZK-93423	0.9280799126366769
1	91	0.13615333774390703	0.19814057498951507	other	TIMONACIC	0.9274661357488574
1	86	0.13615865049571008	0.2112859075682948	other	2-(3-MERCAPTOPROPYL)PENTANEDIOIC-ACID	0.9280799126366769
1	86	0.13615865049571008	0.2112859075682948	other	BRD:BRD-A66788520-001-01-7.1	0.9280799126366769
1	86	0.13618695398458808	0.21119011122426062	other	BRD:BRD-K26122255-001-01-7.1	0.9280799126366769
1	91	0.13624093200728188	0.19784939388464887	other	IODIPAMIDE	0.9274661357488574
1	86	0.13626242995492938	0.21093480510055976	other	UNC2250	0.9280799126366769
1	96	0.13649805343162277	0.1848068712486765	other	NVP-TNKS656	0.9145151081736247
1	91	0.1365594566013722	0.1967931479114839	other	MOXONIDINE	0.9274661357488574
1	91	0.136615198405338	0.19660872298951443	other	FIACITABINE	0.9274661357488574
1	90	0.13675051859144274	0.19870773118037788	other	PILARALISIB	0.9274661357488574
1	90	0.13703039083800322	0.19778166344901946	other	ATENOLOL-(+/-)	0.9274661357488574
1	90	0.1371538638879564	0.19737409230009836	other	AZD2858	0.9274661357488574
1	96	0.1371695221168268	0.18263527090434115	other	AAI101	0.9104926189090355
1	80	0.13721445399974364	0.22485534183842856	other	LOMITAPIDE	0.9280799126366769
1	90	0.13729380001123662	0.1969129091051145	other	FR-180204	0.9274661357488574
1	91	0.1374115098905638	0.1939876557952506	other	CEVIMELINE	0.9235187808391324
1	84	0.13767477650575538	0.2117162618586346	other	BML-284	0.9280799126366769
1	91	0.13768225579554055	0.193102263021531	other	KY02111	0.9225090216685822
1	90	0.1380099437009649	0.194564873002121	other	NGB-2904	0.9235384177994639
1	88	0.13807314002454948	0.1995356996548348	other	AMPICILLIN	0.9279993650613746
1	88	0.13808194570950005	0.199506754753474	other	TOLAMOLOL	0.9279993650613746
1	88	0.13824044803860985	0.1989862617482241	other	IROSUSTAT	0.9274661357488574
1	90	0.13843798360746912	0.19317112576318787	other	MIGLITOL	0.9225090216685822
1	91	0.13847856728076638	0.19051508851995744	other	ATROPINE	0.9225090216685822
1	85	0.13880338874405804	0.20519142624534498	other	M-14157	0.9280799126366769
1	90	0.13882486583065565	0.191917607405404	other	PYRIDOXINE	0.9225090216685822
1	91	0.13895635417190183	0.18897487747452363	other	DESLORATADINE	0.9207347393807855
1	91	0.1389643172867541	0.18894928397849498	other	RS-127445	0.9207347393807855
1	89	0.13902910307877767	0.19381458249927247	other	GW-3965	0.9235187808391324
1	91	0.13903598532042444	0.18871905555897203	other	ISRADIPINE	0.9207347393807855
1	91	0.13909172712439025	0.18854012965752887	other	PRILOCAINE	0.9207347393807855
1	91	0.13913154269865155	0.18841240076844373	other	COBICISTAT	0.9207347393807855
1	84	0.13917322237447516	0.20673807521497908	other	YK-4-279	0.9280799126366769
1	91	0.13927487876599218	0.18795309631711857	other	AMINOPENTAMIDE	0.9207347393807855
1	90	0.13931875803046823	0.1903259285772493	other	DAPIVIRINE	0.9225090216685822
1	96	0.13942131609145034	0.17548866142187325	other	ROBLITINIB	0.9065922002610005
1	96	0.13948235869919615	0.17529782767763696	other	NSP-805	0.9065922002610005
1	96	0.13950270623511143	0.17523425029643735	other	BGP-15	0.9065922002610005
1	86	0.13955506916106872	0.20000963990427628	other	PALOVAROTENE	0.9280799126366769
1	96	0.13965870401046182	0.17474738602281784	other	CYM-5541	0.9065922002610005
1	90	0.13998551250021524	0.18819234837849927	other	PROPOXUR	0.9207347393807855
1	96	0.14031660767172233	0.17270501703377425	other	O-304	0.9039395222213569
1	88	0.140406646536444	0.19197036176951623	other	DIROXIMEL-FUMARATE	0.9225090216685822
2	93	0.1404991491030863	0.17941621793703427	other	PEMIROLAST	0.9087988603507178
1	90	0.14050409931001845	0.18654492753031793	other	JK-184	0.9186161977543387
1	96	0.14074390592594307	0.17138797116848076	other	TREPROSTINIL	0.9023681999298369
1	91	0.1407480550136599	0.18327946877837584	other	SX-011	0.9115541516460738
1	90	0.1408745184598779	0.18537462694116613	other	AMN-082	0.9149501112272258
1	86	0.14093250561979748	0.19556173968064908	other	7,8,9,10-TETRAHYDROAZEPINO[2,1-B]QUINAZOLIN-12(6H)-ONE	0.926224080809305
1	88	0.14099662742813052	0.19009087531609714	other	CINFLUMIDE	0.9225090216685822
1	96	0.14121189925199434	0.1699539976804104	other	METHYLBENACTYZIUM-BROMIDE	0.9023681999298369
1	91	0.14124973124935217	0.18170739414809198	other	WIN-64338	0.9099417392811582
1	96	0.1413000719076272	0.1696848223201984	other	NEMIRALISIB	0.9023681999298369
1	91	0.14130547305331798	0.18153332817718967	other	TALTOBULIN	0.9099417392811582
1	96	0.1413814620512883	0.1694366320206622	other	NU-2058	0.9023681999298369
1	91	0.1413930673166928	0.18126004174514987	other	GSK1070916	0.9099417392811582
1	91	0.14151251403947668	0.18088786237597074	other	GTS21	0.9099417392811582
1	88	0.14156899694991598	0.18828025313410382	other	17-ALPHA-METHYLTESTOSTERONE	0.9207347393807855
1	84	0.14166388239950944	0.1986490738752622	other	KN-93	0.9274661357488574
1	96	0.1416866750900174	0.168508303869342	other	RIBOFLAVIN-TETRABUTYRATE	0.9023681999298369
1	96	0.14169345760198912	0.16848771710200622	other	MEGLUTOL	0.9023681999298369
1	84	0.14171450557074997	0.1984870529407757	other	NMS-P715	0.9274661357488574
1	91	0.141831038633567	0.1798981115277698	other	ROSIGLITAZONE	0.9087988603507178
1	72	0.14193952939176097	0.23430158404994453	other	AZD2461	0.9291649454959505
1	96	0.1420190181766335	0.16750173518465117	other	TC-H-106	0.9023681999298369
1	91	0.14202215339002117	0.17930616320025702	other	TRIMEBUTINE	0.9087988603507178
1	88	0.1420268925673443	0.18684078040132843	other	BENPROPERINE	0.9193707408144756
1	96	0.14210719083226636	0.16723543378967962	other	CEFAZOLIN	0.9023681999298369
1	96	0.14220214599987097	0.1669489978469579	other	ERIBULIN	0.9023681999298369
1	91	0.1422291943761799	0.17866649374204235	other	SCRIPTAID	0.9087988603507178
1	86	0.14260241146359878	0.19026547030495497	other	PENFLURIDOL	0.9225090216685822
1	91	0.1427388337267244	0.17709903556147408	other	RS-17053	0.9071108384797584
1	96	0.14276509449352684	0.1652582890636185	other	ALOVUDINE	0.9023681999298369
1	86	0.14309300527081728	0.188729404066928	other	NVP-BGJ398	0.9207347393807855
1	96	0.14315169767591704	0.1641045657765683	other	CINOBUFOTALIN	0.9023681999298369
1	96	0.143348390523098	0.1635198804374656	other	GLN-1062	0.9023681999298369
1	84	0.1433850702216876	0.1931934588968258	other	CHLORPROPHAM	0.9225090216685822
1	90	0.1434098317522492	0.17750756394939501	other	AURORA-A-INHIBITOR-I	0.9079572089104097
1	96	0.1434908232745049	0.16309745309064616	other	GUANIDINOETHYLDISULFIDE-BICARBONATE	0.9023681999298369
1	96	0.14372142868154467	0.16241524055745005	other	MRX-2843	0.9023681999298369
2	88	0.1440663575623572	0.19455922888463398	other	FUDOSTEINE	0.9235384177994639
1	91	0.1442199730892444	0.17260080512799147	other	AMFEPRAMONE	0.9039395222213569
1	91	0.14424386243380116	0.17252894787744869	other	RILPIVIRINE	0.9039395222213569
1	90	0.14456224688514524	0.17401354036718533	other	VINCRISTINE	0.9056460943623936
1	90	0.1446280991784536	0.17381541794456398	other	WYE-354	0.9056460943623936
1	91	0.14467387063582307	0.17123927594144214	other	DICLOFENSINE	0.9023681999298369
1	88	0.1448887401762715	0.17802468082020675	other	GINSENOSIDE-RG3	0.9085883551599784
1	88	0.1448887401762715	0.17802468082020675	other	BRD:BRD-A44511856-001-01-4.1	0.9085883551599784
1	90	0.14493266603500468	0.17290125585405616	other	Y-27632	0.9039395222213569
1	86	0.14499877352193516	0.18284757893402823	other	VERAPAMIL	0.9108465949062952
1	90	0.14504790754829427	0.17255627960632894	other	EMD-386088	0.9039395222213569
1	96	0.14569513966532616	0.15666273749491536	other	RO-67-7476	0.9023681999298369
1	91	0.1458285222894005	0.167811396404962	other	ML130	0.9023681999298369
1	84	0.14597697658920292	0.18518308989614302	other	NI-57	0.9147051321613318
1	91	0.14631427229538824	0.166384560580444	other	THIAMPHENICOL	0.9023681999298369
1	96	0.14632591327869962	0.15485674951042383	other	CKI-7	0.9023681999298369
1	85	0.14632740207266942	0.1814504456944118	other	WP1130	0.9099417392811582
1	91	0.146338161639945	0.16631462039899814	other	CINROMIDE	0.9023681999298369
1	90	0.14636495341446118	0.1686495641290404	other	NVP-ADW742	0.9023681999298369
1	91	0.14653723951125144	0.16573263047840114	other	LESINURAD	0.9023681999298369
1	91	0.1466248337746263	0.1654770326078484	other	NSC-23766	0.9023681999298369
1	90	0.14667775180767584	0.16773138164056578	other	CLINDAMYCIN-PHOSPHATE	0.9023681999298369
1	90	0.14670244641766644	0.16765905101102715	other	BRIVANIB	0.9023681999298369
2	93	0.14670814213815664	0.17667447904819295	other	ASC-J9	0.9071108384797584
1	91	0.1467920591865237	0.16498988294539982	other	HYDROXYAMPHETAMINE	0.9023681999298369
1	85	0.14679643147497246	0.1800397369947047	other	CARMOFUR	0.9087988603507178
1	84	0.14689831830578062	0.18239457982090274	other	TEIJIN-COMPOUND-1	0.9099964872488693
1	90	0.14719633861747908	0.1662172697387762	other	FEXARAMINE	0.9023681999298369
1	90	0.14721280169080614	0.16616936868656607	other	ZACOPRIDE	0.9023681999298369
1	96	0.1472686824427739	0.1521865454463833	other	TCV-309	0.9008213700159658
1	91	0.1472698460776592	0.1636038756506847	other	SDZ-21009	0.9023681999298369
1	91	0.14727780919251143	0.16358084884573007	other	GSK461364	0.9023681999298369
1	91	0.14733355099647724	0.163419728445349	other	CHLORHEXIDINE	0.9023681999298369
1	84	0.14734380221269733	0.18105730419581842	other	DPC-681	0.9099417392811582
1	86	0.1474234390691495	0.17555862265815067	other	ALAFOSFALIN	0.9065922002610005
1	85	0.147841976184273	0.1769238619465175	other	ACADESINE	0.9071108384797584
1	88	0.14796192422401183	0.16890051145278337	other	ETHACIZIN	0.9023681999298369
1	96	0.1480418888075543	0.15002245624754584	other	PHA-568487	0.9008213700159658
1	91	0.1481378255965553	0.16110806467454064	other	BIFONAZOLE	0.9023681999298369
1	90	0.14816765994377715	0.16340853458452692	other	MAGNOLOL	0.9023681999298369
1	91	0.14825727231933916	0.16076682956499327	other	ESTRIOL	0.9023681999298369
1	88	0.14829654025213254	0.16792825171588602	other	TITANOCENE-DICHLORIDE	0.9023681999298369
1	96	0.148469187061775	0.14883646277676116	other	ARGIRELINE	0.9008213700159658
1	91	0.14850412887975917	0.16006331197642268	other	DABIGATRAN-ETEXILATE	0.9023681999298369
1	88	0.14856951648559943	0.16713815537799448	other	AVATROMBOPAG	0.9023681999298369
1	85	0.14880934932652304	0.1740762505297868	other	PHENYLMERCURIC-ACETATE	0.9056460943623936
1	86	0.14881031002417094	0.17148635509060658	other	CPP	0.9023681999298369
1	90	0.14897435053680438	0.16110271258018843	other	EPROSARTAN	0.9023681999298369
1	84	0.1490953639376198	0.17586863671304329	other	CYM-50260	0.9065922002610005
1	86	0.1491027794092435	0.1706365161408499	other	NEMONAPRIDE	0.9023681999298369
1	88	0.1491506916923354	0.1654651613310056	other	BEFURALINE	0.9023681999298369
1	90	0.1492459912467013	0.1603317245342756	other	GRISEOFULVIN	0.9023681999298369
1	91	0.1492606247907237	0.15792162173227114	other	RELCOVAPTAN	0.9023681999298369
1	90	0.14926245432002838	0.1602850862368186	other	NIFURSOL	0.9023681999298369
1	84	0.14939910296506298	0.1749800554807198	other	BENZOIN	0.9065922002610005
1	96	0.14945943380965165	0.14611506210127737	other	SBI-115	0.9008213700159658
1	96	0.14975786433640897	0.14530230681974535	other	CCT-031374	0.9008213700159658
1	96	0.14978499438429604	0.14522858923944476	other	ATICAPRANT	0.9008213700159658
1	90	0.1498551249598035	0.1586128125898267	other	BRD:BRD-K35952844-236-01-6.1	0.9023681999298369
1	91	0.14996934201257464	0.15593462310665898	other	THIODIGLYCOL	0.9023681999298369
1	96	0.14997490471950525	0.14471335510935893	other	DSR-6434	0.9004076129680768
1	96	0.1503479428779519	0.14370530193179612	other	PF-06928215	0.898793827811843
1	96	0.15053785321316113	0.14319415097288957	other	VERALIPRIDE	0.898793827811843
1	96	0.1508905438356925	0.14224851378649722	other	AB-423	0.898793827811843
1	84	0.15131265883795517	0.1694575090971222	other	TIENILIC-ACID	0.9023681999298369
1	88	0.15131689019016956	0.15933847096405102	other	INT-747	0.9023681999298369
1	91	0.15140270268598108	0.15197306413933803	other	DEOXYCHOLIC-ACID	0.9008213700159658
1	91	0.15141066580083334	0.15195126790376806	other	SKI-II	0.9008213700159658
1	96	0.15148062237723542	0.14067695163354985	other	LY3295668	0.898793827811843
1	90	0.15160021073247465	0.15376429622577883	other	BENZTROPINE-MESYLATE	0.9023681999298369
1	96	0.15163662015258586	0.14026368488886443	other	NEMOREXANT	0.898793827811843
1	88	0.15173075738284517	0.1581873619850512	other	VALROCEMIDE	0.9023681999298369
1	96	0.151772270392021	0.1399050699729922	other	BTS-71321	0.898793827811843
1	88	0.1519685108765099	0.15752889075481735	other	TRYPTOPHAN	0.9023681999298369
1	84	0.15199100933257828	0.16753091235622725	other	GSK269962	0.9023681999298369
1	86	0.15210294923031026	0.16209705046312686	other	GEMCITABINE-ELAIDATE	0.9023681999298369
1	91	0.15211141990783203	0.1500423481181698	other	SKA-31	0.9008213700159658
1	90	0.15220934444557685	0.15209822988876476	other	METAMIZOLE	0.9008213700159658
1	88	0.15269057704245462	0.15554159810413953	other	PENTOSTATIN	0.9023681999298369
1	90	0.15270323664538946	0.15075731072588322	other	ISOLIQUIRITIGENIN	0.9008213700159658
1	84	0.15278073080393062	0.16530841022756518	other	RO-3306	0.9023681999298369
1	96	0.1528167772356717	0.1371669481817716	other	ONO-8130	0.898793827811843
1	88	0.15291071916621823	0.15493945074931578	other	CARBOXYAMIDOTRIAZOLE	0.9023681999298369
1	84	0.15294272495190034	0.16485521711519852	other	TC-I-15	0.9023681999298369
1	88	0.15298997033077316	0.15472310399584635	other	CARAMIPHEN	0.9023681999298369
1	84	0.15311484373411816	0.16437470619061775	other	AMG-487-(+/-)	0.9023681999298369
1	90	0.15325474960184682	0.14927043862470016	other	RG2833	0.9008213700159658
1	91	0.15328996090596622	0.14687252291370925	other	FULVESTRANT	0.9008213700159658
1	91	0.15332977648022753	0.14676632031037906	other	OLSALAZINE	0.9008213700159658
1	90	0.15356754799506148	0.14843204113207115	other	L-161982	0.9008213700159658
1	88	0.1536063682773113	0.15304809613081483	other	LTA	0.9023681999298369
1	96	0.1539358917110117	0.13427858216239974	other	D-3263	0.8914106494529647
1	90	0.15395443021824798	0.14739997141309583	other	GR-79236	0.9008213700159658
1	90	0.1544894801013783	0.14598153741333406	other	WAY-161503	0.9008213700159658
1	91	0.15470739534966813	0.14312716826041616	other	TANAPROGET	0.898793827811843
1	86	0.15490499462923113	0.15441144230710627	other	AMG-548	0.9023681999298369
1	91	0.1549622150249404	0.14246155478554506	other	PRECLAMOL	0.898793827811843
1	91	0.15508962486257652	0.14212962535814805	other	ABEMACICLIB	0.898793827811843
1	91	0.1552648133893262	0.14167417613406422	other	BASIMGLURANT	0.898793827811843
1	90	0.15537848606104096	0.14364749385163844	other	RO-90-7501	0.898793827811843
1	96	0.15541447932085486	0.13053369049937819	other	ERK5-IN-1	0.8866387449515192
1	91	0.1555435224091552	0.14095187067179157	other	L-QUISQUALIC-ACID	0.898793827811843
1	96	0.1557332573835275	0.12973685449628786	other	CIM-0216	0.8863652359433607
1	91	0.1558700101180978	0.14010928483352017	other	VU0364770	0.898793827811843
1	91	0.15594964126662036	0.13990435510455018	other	ZM-226600	0.898793827811843
1	96	0.15601134037436953	0.12904478144716372	other	KAF-156	0.8863652359433607
1	96	0.15604525293422833	0.1289605757122352	other	ARIPIPRAZOLE-LAUROXIL	0.8863652359433607
2	92	0.15619017581021838	0.19148898457571978	other	CHLORTETRACYCLINE	0.9225090216685822
1	91	0.15624427651615394	0.13914808612227345	other	DROFENINE	0.898793827811843
1	86	0.15643338302864251	0.15033559878009073	other	LDC1267	0.9008213700159658
1	90	0.15654736426726412	0.14062160670839016	other	ACEMETACIN	0.898793827811843
1	86	0.15660320396191044	0.14988774770263838	other	CEVIPABULIN	0.9008213700159658
1	90	0.15661321656057245	0.1404525787856961	other	VIDARABINE	0.898793827811843
1	96	0.15676419920323464	0.12718528154010875	other	CENTANAFADINE	0.8863652359433607
1	90	0.15681900497716103	0.13992535631908415	other	PICOLAMINE	0.898793827811843
1	96	0.15696767456238736	0.12668625267508574	other	API-1	0.8857851788896669
1	91	0.15709632980534555	0.13697845026425942	other	VOXTALISIB	0.898793827811843
1	88	0.15719908773713379	0.14355387210797746	other	ALACEPRIL	0.898793827811843
1	91	0.15723966587268617	0.13661599954307677	other	CI-976	0.898793827811843
1	90	0.15749399098357156	0.1382065695515377	other	DPI-201106	0.898793827811843
1	86	0.15757495708005473	0.14734424569436952	other	CB-839	0.9008213700159658
1	85	0.15795542267143245	0.14879643184976846	other	MPI-0479605	0.9008213700159658
1	91	0.15834653883715005	0.1338415331881224	other	JTE-907	0.8912629369118149
1	90	0.15835007079658006	0.1360497044202598	other	LEUCOVORIN	0.898793827811843
1	90	0.15843238616321548	0.13584366721830846	other	AMOXAPINE	0.898793827811843
1	96	0.15854121733983514	0.12287759886864263	other	VADADUSTAT	0.8823046625825858
1	84	0.15877451427880981	0.14914549340018002	other	LIAROZOLE	0.9008213700159658
1	90	0.15887688914304682	0.13473515627566585	other	TARANABANT	0.8935214170297758
1	86	0.1588957865610275	0.14393919102268393	other	CPA-INHIBITOR	0.898793827811843
1	84	0.15895675769527576	0.1486733071988954	other	CBIPES	0.9008213700159658
1	91	0.1589995142550352	0.13222501277997473	other	PEVONEDISTAT	0.8906833462601754
1	90	0.159107372169626	0.13416308493642873	other	FLUSPIRILENE	0.8914106494529647
1	91	0.1592065552411939	0.13171557447954746	other	METHIMAZOLE	0.889045647220066
1	90	0.1592720029028969	0.1337555941881292	other	U-54494A	0.8912629369118149
1	96	0.1593483362644743	0.12095848075554176	other	TRIFLOXYSTROBIN	0.8823046625825858
1	96	0.15938224882433308	0.1208783536067851	other	EMD534085	0.8823046625825858
1	91	0.1593976699976481	0.13124665223951734	other	MK-8745	0.8883305756797222
1	84	0.15947311404192918	0.1473415313566656	other	ESI-09	0.9008213700159658
1	88	0.15957662267378098	0.13751945838752222	other	BORONOPHENYLALANINE	0.898793827811843
1	90	0.15960949590610218	0.13292318095184008	other	BUFLOMEDIL	0.8907602714097606
1	96	0.15968067935109043	0.12017499581039613	other	ZLN024	0.8823046625825858
1	91	0.15970823147688618	0.1304873688094511	other	AMOROLFINE	0.8866387449515192
1	91	0.15971619459173841	0.13046794414985355	other	DEXLOXIGLUMIDE	0.8866387449515192
1	84	0.1597566038008762	0.1466141772155439	other	ALDA-1	0.9008213700159658
1	86	0.15994301564951308	0.1412818478579361	other	PAC-1	0.898793827811843
1	91	0.1601939814828739	0.1293064957405879	other	ALBENDAZOLE	0.8863652359433607
1	91	0.16032139132051001	0.12899811337391295	other	PARBENDAZOLE	0.8863652359433607
1	91	0.16054435853637325	0.1284597961468098	other	SKF-81297	0.8863652359433607
1	91	0.16060010034033906	0.12832548540433925	other	NAFAMOSTAT	0.8863652359433607
1	96	0.1609964866736114	0.11711136688422458	other	APARARENONE	0.8728790958039542
1	88	0.1610823948003242	0.13379828610431282	other	BRD:BRD-K25146005-001-01-0.1	0.8912629369118149
1	84	0.16133604674358085	0.14261104945661418	other	FOXY-5	0.898793827811843
1	90	0.16142043397208167	0.12852374609851397	other	GSK1904529A	0.8863652359433607
1	90	0.16158506470535253	0.12812937992373374	other	PF-02545920	0.8863652359433607
1	88	0.16161073589735694	0.13251091049697614	other	CINEPAZET	0.8906833462601754
1	88	0.16162834726725805	0.13246816086926788	other	ORITAVANCIN	0.8906833462601754
1	91	0.16164326838598486	0.12583170452055556	other	KW-2449	0.8823046625825858
1	96	0.16183073564613762	0.11520044264607208	other	BENDAZOL	0.8728790958039542
1	90	0.16218596688179118	0.1266977869898034	other	OLPRINONE	0.8857851788896669
1	91	0.16241569052665386	0.12400920601979201	other	AGI-5198	0.8823046625825858
1	85	0.1624796021144806	0.13735852741968452	other	APATINIB	0.898793827811843
1	91	0.16251124790488097	0.12378515699003576	other	ICI-192605	0.8823046625825858
2	85	0.16266135027925196	0.16456798226055908	other	PREDNISOLONE-ACETATE	0.9023681999298369
1	88	0.16267622377637292	0.12994339869166552	other	AZELIRAGON	0.8863652359433607
1	91	0.16268643643163064	0.12337520720400112	other	ZOTEPINE	0.8823046625825858
1	90	0.1627621744482392	0.12533655133122118	other	AZD3514	0.8823046625825858
1	96	0.16278028732218366	0.11305486749918209	other	WAY-316606	0.8728790958039542
1	96	0.1627938523461272	0.11302444246346043	other	BEVENOPRAN	0.8728790958039542
1	90	0.16298442593815488	0.12481450756758765	other	CAFFEIC-ACID-PHENETHYL-ESTER	0.8823046625825858
1	90	0.16300088901148194	0.12477590404882971	other	HYPOXANTHINE	0.8823046625825858
1	90	0.16302558362147257	0.1247180159284897	other	CEPHALOMANNINE	0.8823046625825858
1	88	0.16307247959914747	0.1289982779885857	other	FOSPHENYTOIN	0.8863652359433607
1	86	0.16321678586306712	0.13321329532097567	other	4SC-202	0.8907602714097606
1	84	0.16321922871372868	0.13794638165981432	other	AMPHOTERICIN-B	0.898793827811843
1	90	0.16329722433136953	0.12408260437784398	other	TIOCONAZOLE	0.8823046625825858
1	90	0.1636347173345748	0.12329661541551888	other	TYRPHOSTIN-AG-494	0.8823046625825858
1	96	0.1638858367735802	0.11059598699066212	other	GAL-021	0.8722182006338582
1	96	0.16402826952498709	0.11028224409773396	other	AG-556	0.8722182006338582
1	86	0.16406589052940673	0.13117892764509265	other	TETRAHYDROURIDINE	0.8883305756797222
1	96	0.16409609464470465	0.11013308607873055	other	LDN193189	0.8722182006338582
1	85	0.1642091480354731	0.13316637497520534	other	TETRAETHYLENEPENTAMINE	0.8907602714097606
1	90	0.1645731125142187	0.12113126080097499	other	PD-102807	0.8823046625825858
1	96	0.16462513057850175	0.10897502990477848	other	UC-112	0.8722182006338582
1	86	0.16468856728472253	0.12970215605521507	other	DABRAFENIB	0.8863652359433607
1	90	0.16495176320074167	0.12026584710310728	other	RESMINOSTAT	0.8823046625825858
1	96	0.16527625172779048	0.10756276413972456	other	ZD-0947	0.8721378335153013
2	90	0.16537980310724593	0.31451623821361746	other	PIBENZIMOL	0.9306744292541521
1	96	0.16553398718271728	0.1070076981001643	other	DIXYRAZINE	0.8720248065153718
1	96	0.1655814647665196	0.10690569308714357	other	HBED	0.8720248065153718
1	91	0.16564871515667062	0.11660003467937534	other	FIPEXIDE	0.8728790958039542
1	91	0.1656726045012274	0.11654658859898007	other	URIC-ACID	0.8728790958039542
1	88	0.16574940782411324	0.12275033891687948	other	ZOPOLRESTAT	0.8823046625825858
1	91	0.1659911290953177	0.11583578051719251	other	AH6809	0.8728790958039542
2	87	0.16605923956935364	0.14760425766830174	other	TRIFLURIDINE	0.9008213700159658
1	90	0.16628527214023567	0.11725592982116922	other	SB-705498	0.8728790958039542
1	96	0.16629362852355412	0.10538469835245784	other	GUADECITABINE	0.8648691895669884
1	86	0.16634903863223116	0.12582607120652176	other	DRONEDARONE	0.8823046625825858
1	90	0.16641697672685238	0.11696183643422312	other	3-(4-METHYLBENZYLIDENE)CAMPHOR	0.8728790958039542
1	96	0.1664564088108763	0.10503942613243225	other	DORAVIRINE	0.8648691895669884
1	96	0.1665377989545374	0.1048671216420915	other	RQ-00203078	0.8648691895669884
1	91	0.16666799385775963	0.11433643948482305	other	N-ACETYLTRYPTAMINE	0.8728790958039542
1	91	0.16669984631716867	0.11426625396489597	other	TIOXOLONE	0.8728790958039542
1	86	0.16678302546169363	0.1248277608658337	other	HIGENAMINE	0.8823046625825858
1	91	0.1667874405805435	0.11407341567323687	other	CLEVUDINE	0.8728790958039542
1	90	0.1669355635366556	0.11580937451001906	other	PRELADENANT	0.8728790958039542
1	96	0.16728387527143077	0.10329793353200649	other	BMS-986205	0.8648691895669884
1	90	0.16732244575984215	0.11495532991432496	other	KX2-391	0.8728790958039542
1	96	0.1676094358460751	0.10261897951382261	other	TC-S-7003	0.8648691895669884
1	90	0.1678328010329818	0.11383617622090755	other	K-STROPHANTHIDIN	0.8728790958039542
1	91	0.16784653485589382	0.11176170959103952	other	PR-619	0.8728790958039542
1	96	0.1679349964207195	0.10194352343451046	other	AMG-510	0.8648691895669884
1	90	0.16802212637624328	0.11342315725703803	other	TICAGRELOR	0.8728790958039542
1	91	0.1681730225648364	0.11105645368785011	other	XYLOMETAZOLINE	0.8722182006338582
1	88	0.16839111330927678	0.11681491697973104	other	PROQUAZONE	0.8728790958039542
1	90	0.16852425011271943	0.11233337742800178	other	CHLORCYCLIZINE	0.8728790958039542
1	90	0.16853248164938295	0.1123155800295958	other	SORAFENIB	0.8728790958039542
1	90	0.16868064930932675	0.11199560039030543	other	AVOBENZONE	0.8728790958039542
1	88	0.1687081179674964	0.11611780989185651	other	ROLZIRACETAM	0.8728790958039542
1	91	0.168778219293608	0.10975828970617825	other	GOSERELIN-ACETATE	0.8722182006338582
1	96	0.1688031579531045	0.10015932540320403	other	ASIMADOLINE	0.8648691895669884
1	96	0.16885063553690677	0.10006246310442522	other	LARAZOTIDE-ACETATE	0.8648691895669884
1	96	0.16885741804887852	0.10004863163456501	other	OF-1	0.8648691895669884
1	96	0.16904732838408779	0.09966195913804632	other	AVADOMIDE	0.8648691895669884
2	88	0.169328442760893	0.15841485643014908	other	DEOXYCORTICOSTERONE-ACETATE	0.9023681999298369
1	91	0.1693356373332661	0.1085730711520777	other	CISATRACURIUM	0.8722182006338582
1	91	0.1693356373332661	0.1085730711520777	other	BRD:BRD-K17498618-344-02-6.1	0.8722182006338582
1	96	0.16952210422211078	0.09870040881652006	other	SUCROSE	0.8648691895669884
1	96	0.16961705938971539	0.09850897616392436	other	SUCCINOBUCOL	0.8648691895669884
1	96	0.1699222724284445	0.09789563215444637	other	METHANESULFONYL-FLUORIDE	0.8648691895669884
1	88	0.1701082218746331	0.11307727377963016	other	CINOXATE	0.8728790958039542
1	91	0.17011602258878736	0.1069305172263127	other	FGIN-1-27	0.8720248065153718
1	96	0.1705733935777332	0.09659720054215136	other	AMETANTRONE	0.8648691895669884
2	87	0.1707103280918973	0.22051787867641737	other	VINFLUNINE	0.9280799126366769
1	86	0.17072664491202674	0.11603209347537187	other	CUDC-907	0.8728790958039542
1	90	0.17077969115853023	0.10753809327650678	other	ALVERINE	0.8721378335153013
1	91	0.17087251849975185	0.10535678492188963	other	CICLESONIDE	0.8648691895669884
1	84	0.17096457391353032	0.11996760628760943	other	SOMANTADINE	0.8823046625825858
1	96	0.17108886448758684	0.09557892010358092	other	INDEGLITAZAR	0.8648691895669884
1	96	0.1712923398467395	0.09517930285829639	other	AVAPRITINIB	0.8648691895669884
1	96	0.1714008600382877	0.09496671272594726	other	GLESATINIB	0.8648691895669884
1	91	0.1715493832621938	0.10396407612096478	other	TMS	0.8648691895669884
1	91	0.171772350478057	0.10350846341648583	other	BUMETANIDE	0.8648691895669884
1	90	0.17181686477813668	0.10538715062265237	other	ZIDOVUDINE	0.8648691895669884
2	93	0.1719223298002342	0.18831572910201477	other	DEFERASIROX	0.9207347393807855
1	85	0.17199699040287994	0.11548526032633304	other	IBANDRONATE	0.8728790958039542
1	88	0.17235367153702216	0.10833008459348399	other	LITRONESIB	0.8722182006338582
1	84	0.17265538783296416	0.11629383577688057	other	TCN201	0.8728790958039542
1	96	0.17271666736080865	0.09241873364683473	other	GSK1562590	0.8648691895669884
1	86	0.1727644961112419	0.1116784852798318	other	CGP-20712A	0.8728790958039542
1	88	0.17278515009959886	0.1074358899397438	other	RAVUCONAZOLE	0.8721378335153013
1	85	0.17290573486984206	0.113546191149404	other	ERYTHRITOL	0.8728790958039542
1	91	0.17294292836133893	0.10114204204745768	other	GW-2580	0.8648691895669884
1	90	0.17316683679095776	0.10263794115030668	other	PIMONIDAZOLE	0.8648691895669884
1	91	0.1731977480366112	0.10063256171181027	other	LINAGLIPTIN	0.8648691895669884
1	91	0.17347645705644024	0.10007762205847615	other	GR-103691	0.8648691895669884
1	84	0.17356660491529377	0.11435026911158835	other	KML29	0.8728790958039542
1	90	0.1735866451607985	0.10179453197858034	other	ECHINOMYCIN	0.8648691895669884
1	91	0.17360386689407636	0.09982473559213742	other	EMOXIPIN	0.8648691895669884
1	88	0.1736833299645545	0.10559293394185851	other	PHENSERINE	0.8648691895669884
1	91	0.17371535050200793	0.09960387114789783	other	BEMEGRIDE	0.8648691895669884
1	88	0.17383302660871375	0.1052881846089052	other	PARITAPREVIR	0.8648691895669884
1	96	0.1740392571953014	0.08991236337730245	other	AI-10-49	0.8648691895669884
1	83	0.1740814206197695	0.11549930576957303	other	DR-4485	0.8728790958039542
1	88	0.17439659044554864	0.10414703915480844	other	ERGOCALCIFEROL	0.8648691895669884
1	91	0.17445592018326797	0.09814641292979215	other	CLEMASTINE	0.8648691895669884
1	91	0.17473462920309696	0.09760226421800401	other	BALAGLITAZONE	0.8648691895669884
1	86	0.17484951979192037	0.10735618923635808	other	MEBEVERINE	0.8721378335153013
1	96	0.1749006362157146	0.08830916883538042	other	DHBP	0.8648691895669884
1	90	0.17496954332027373	0.09905454967131237	other	SEROTONIN	0.8648691895669884
1	96	0.17537541205373763	0.08743526066009913	other	AZD7594	0.864428972722391
1	90	0.1754387409100957	0.09813817149728574	other	TBOA-(DL)	0.8648691895669884
1	96	0.1756874076044385	0.08686472615986354	other	FRESELESTAT	0.8614308074253545
1	88	0.17569102613327878	0.10156252344165394	other	DEHYDROCORYDALINE	0.8648691895669884
1	84	0.17580414908412534	0.10968421739015986	other	ADIPIC-ACID	0.8722182006338582
1	86	0.1758778798878206	0.10527285713993137	other	NAMPT-IN-1	0.8648691895669884
1	91	0.1760565062685718	0.09505365301901302	other	SIB-1757	0.8648691895669884
1	96	0.1769218247832984	0.0846363330479544	other	MILADEMETAN	0.8614308074253545
1	88	0.17714396415011877	0.09872159703917431	other	MISOPROSTOL	0.8648691895669884
1	90	0.17725791051273873	0.09464797898157098	other	LENVATINIB	0.8648691895669884
1	90	0.17750485661264503	0.09418182972168766	other	WAY-170523	0.8648691895669884
1	91	0.17766505546872793	0.09202334637168158	other	TEROXIRONE	0.8648691895669884
1	96	0.1777832038037116	0.08310848885819291	other	VORASIDENIB	0.8608835279359809
1	90	0.17778472885920552	0.09365571617048017	other	KF-38789	0.8648691895669884
1	96	0.17787137645934445	0.08295334387533829	other	S-3304	0.8608835279359809
1	90	0.17790820190915865	0.09342434505758462	other	YM-58483	0.8648691895669884
1	91	0.17795969071826148	0.09147664929230193	other	ZOLANTIDINE	0.8648691895669884
1	96	0.17811554689032774	0.0825249164840465	other	LY404187	0.8579929220260706
1	91	0.17812691613015888	0.09116750522946666	other	BW-180C	0.8648691895669884
1	90	0.17815514800906493	0.09296295511036366	other	D-DELTA-TOCOPHEROL	0.8648691895669884
1	91	0.17816673170442016	0.09109402134126465	other	KAKONEIN	0.8648691895669884
1	91	0.178254325967795	0.09093252157894223	other	DESVENLAFAXINE	0.8648691895669884
1	90	0.17841032564563478	0.09248807581096863	other	CGM097	0.8648691895669884
1	84	0.17852767569686606	0.10420561716891132	other	SLV-319-(+/-)	0.8648691895669884
1	96	0.17854962765652024	0.0817676270019749	other	MEGESTROL	0.8536329545532106
1	86	0.17855727683493686	0.09999262222592468	other	TRICLABENDAZOLE	0.8648691895669884
1	84	0.17864917130784333	0.10396628383762721	other	ASP-2535	0.8648691895669884
1	96	0.17875988552764469	0.08140281432253224	other	TELRATOLIMOD	0.8536329545532106
1	96	0.17911935866214784	0.080782113750536	other	MANITIMUS	0.8536329545532106
1	90	0.17918409009200784	0.09105981575237901	other	BERGAPTEN	0.8648691895669884
1	91	0.17948064565504274	0.08869520894866946	other	ERASTIN	0.8648691895669884
1	96	0.17953987440439684	0.08006081651511043	other	UDENAFIL	0.8536329545532106
1	96	0.1797704798114366	0.07966745800945263	other	S4	0.8536329545532106
1	88	0.17984730942993615	0.0936019775897848	other	VALETHAMATE	0.8648691895669884
1	90	0.18000724375836216	0.08955958378600731	other	KD-023	0.8648691895669884
1	96	0.18029273323326192	0.07878233055447025	other	JI-101	0.8536329545532106
1	91	0.18079455960566532	0.08634671412417111	other	BMS-345541	0.8614308074253545
1	90	0.18082216588805292	0.08809368915763051	other	HISTAMINE	0.8648691895669884
1	91	0.18095382190271048	0.08606543487887518	other	PEFLOXACIN	0.8614308074253545
1	91	0.18100956370667629	0.08596715923507497	other	AVASIMIBE	0.8614308074253545
1	86	0.1810102458710292	0.09534258361099163	other	OTILONIUM	0.8648691895669884
1	96	0.18135758761282786	0.07700198411793498	other	ALLICIN	0.8536329545532106
1	91	0.18141568256414142	0.085253838565784	other	CEFDINIR	0.8614308074253545
1	88	0.18159083505014412	0.0904126480455091	other	VERINURAD	0.8648691895669884
1	79	0.1819398970424085	0.10854517895296459	other	SEVELAMER	0.8722182006338582
1	90	0.18203220177759377	0.0859522082759297	other	PLINABULIN	0.8614308074253545
1	88	0.182154398886979	0.08940032755939731	other	RIFAMYCIN-SV	0.8648691895669884
1	86	0.1822367303890754	0.09308223001023971	other	DIDEOXYADENOSINE	0.8648691895669884
1	90	0.18292943927391997	0.0843911615873964	other	ARCTIGENIN	0.8614308074253545
1	96	0.18306678062971085	0.07421194901115548	other	A-939572	0.8536329545532106
1	85	0.18307781003228943	0.09352109121784857	other	BRD:BRD-K83896451-001-06-7.1	0.8648691895669884
1	85	0.18307781003228943	0.09352109121784857	other	L-GLUTAMINE	0.8648691895669884
1	96	0.18318886584520247	0.07401581288520964	other	RADIPRODIL	0.8536329545532106
1	86	0.18324622149239028	0.0912536533889378	other	INIPARIB	0.8648691895669884
1	91	0.18331886701383107	0.08197347951450397	other	OXYMETAZOLINE	0.8536365895807635
1	91	0.18365331783762592	0.08140755148542299	other	FLORFENICOL	0.8536329545532106
1	96	0.184097722449418	0.07256875972302612	other	SOGRAZEPIDE	0.8520550549628896
1	91	0.1841311047287614	0.08060449430406713	other	BENZONATATE	0.8536329545532106
1	91	0.18413906784361367	0.08059116379714144	other	TEBIPENEM	0.8536329545532106
1	88	0.18422373485035712	0.0857599262195328	other	SIPONIMOD	0.8614308074253545
1	91	0.18438592440403365	0.0801787903632941	other	ROSCOVITINE	0.8536329545532106
1	91	0.18438592440403365	0.0801787903632941	other	ZALDARIDE	0.8536329545532106
1	91	0.18445759243770396	0.08005938522592411	other	SE-METHYLSELENOCYSTEINE	0.8536329545532106
1	96	0.18506083914940757	0.07106027265563858	other	AZD5991	0.8454781754965837
1	88	0.18515713745511492	0.0841568652234484	other	EMORFAZONE	0.8614308074253545
1	96	0.18521683692475802	0.07081833774334836	other	DAIDZIN	0.8454781754965837
1	96	0.18531179209236256	0.07067139869827113	other	SJ-733	0.8454781754965837
1	84	0.18568579211027753	0.09082170248959305	other	VU29	0.8648691895669884
1	91	0.18586706376655363	0.07773981923799361	other	QUIZARTINIB	0.8536329545532106
1	91	0.18594669491507623	0.0776103932623606	other	TEDIZOLID	0.8536329545532106
1	91	0.18599447360418978	0.07753282052770653	other	TOBRAMYCIN	0.8536329545532106
1	89	0.18601622418297484	0.08092686912429917	other	TYRPHOSTIN-AG-18	0.8536329545532106
1	90	0.18603272859607578	0.07916511177981488	other	DEXNIGULDIPINE	0.8536329545532106
2	88	0.1860381696895953	0.12305879127209364	other	DOCETAXEL	0.8823046625825858
1	85	0.18605810102609002	0.0882142289970234	other	TW-37	0.8648691895669884
1	96	0.18629525632826746	0.06916395475805422	other	MPS1-IN-5	0.8454781754965837
1	85	0.18632193006488548	0.08775616772982084	other	K-RAS(G12C)-INHIBITOR-6	0.8648691895669884
1	91	0.18678282197456328	0.07626181148265763	other	AT7867	0.8536329545532106
1	86	0.18697284752799212	0.08474772760831595	JAK_inhibitor_core	XL019	0.8614308074253545
1	91	0.186989862960722	0.07593079583615753	other	GANETESPIB	0.8536329545532106
1	96	0.1870752452050196	0.06798696520269516	other	CORT-108297	0.8454781754965837
1	86	0.18729362040194267	0.0842054056308116	other	A-61603	0.8614308074253545
1	96	0.18738724075572044	0.06752073073956574	other	ZAMI-633	0.8454781754965837
1	86	0.1875860897870152	0.0837133428377856	other	ERTEBEREL	0.8614308074253545
1	91	0.18769061706772072	0.07481897712773362	other	PIRODAVIR	0.8536329545532106
1	91	0.18769061706772072	0.07481897712773362	other	LDN-212854	0.8536329545532106
1	96	0.1878891466416305	0.06677613548786239	other	PD-118057	0.8454781754965837
1	88	0.18796615095433888	0.07947592634389701	other	ZOMETAPINE	0.8536329545532106
1	96	0.1884860076951452	0.06589934497630132	other	SAG	0.8443566186701335
1	96	0.18859452788669334	0.06574093601246392	other	JTE-013	0.8443566186701335
1	84	0.18889530116692735	0.08527949505235295	other	BTT-3033	0.8614308074253545
1	96	0.18889974092542242	0.06529706593807234	other	PF-04995274	0.8442923763895535
1	90	0.18917717560154926	0.0741369027258845	other	CP-339818	0.8536329545532106
1	86	0.18918051966047525	0.08107088365438826	other	TRIFLUSAL	0.8536329545532106
1	96	0.18961190468245695	0.0642708219441793	other	PYRETHRINS	0.8421696973542825
1	91	0.19007158840854585	0.07113864320087807	other	MEDRYSONE	0.8454781754965837
1	88	0.19051099390504644	0.0754169599321955	other	AMG-319	0.8536329545532106
1	85	0.19056273757737552	0.08064860968756614	other	ABT-751	0.8536329545532106
1	90	0.1909057983008933	0.07148395992020448	other	LIMONIN	0.8454781754965837
1	84	0.19097085118778923	0.08184070212750297	other	MRK-409	0.8536329545532106
1	90	0.19104573442417358	0.07127258710946059	other	EPOTHILONE-A	0.8454781754965837
1	88	0.19104814068702972	0.07458184595119248	other	CYCLOVALONE	0.8536329545532106
1	84	0.19118346850699947	0.08149476154678446	other	BENZOFENAC	0.8536329545532106
1	96	0.1913617927711704	0.06180476342914311	other	IMISOPASEM-MANGANESE	0.8354365318984287
1	96	0.1914499654268033	0.061682572895337275	other	PF-06873600	0.8354365318984287
1	96	0.19167378832187126	0.06137328038761309	other	MERTANSINE	0.8354365318984287
1	84	0.19168970021940482	0.08067578058281673	other	UNC2025	0.8536329545532106
1	90	0.19184419348053727	0.0700761326935084	other	JNJ-7706621	0.8454781754965837
1	91	0.19188717859486068	0.06843143502056617	other	LORCASERIN	0.8454781754965837
1	90	0.1918935827005185	0.07000266047643135	other	PHENYLBUTYRATE	0.8454781754965837
1	91	0.19193495728397422	0.06836133302449045	other	LIRANAFTATE	0.8454781754965837
1	84	0.19247942169075716	0.07941128419367724	other	PROACIPIMOX	0.8536329545532106
1	91	0.192667563850382	0.06729368472630701	other	BOCEPREVIR	0.8454781754965837
1	88	0.19350492678823183	0.0708563688435823	other	CETRORELIX	0.8454781754965837
1	91	0.1936072114029484	0.06594409893889104	other	DIENOGEST	0.8443566186701335
1	86	0.1941147612215379	0.0733124194684828	other	AC1NDSS5	0.8536329545532106
1	96	0.1941426226795911	0.05804480684320544	other	HP-228	0.8340602605218771
2	90	0.19415946889422792	0.07127972593510533	other	DOVITINIB	0.8454781754965837
1	96	0.19447496576620718	0.057608232945983544	other	AM211	0.8340602605218771
1	96	0.19451566083803773	0.0575549599896778	other	PTC-028	0.8340602605218771
1	91	0.19476982617137806	0.06430470982963711	other	UNBS-5162	0.8421696973542825
1	90	0.19510388199930034	0.06535865588246775	other	EPITIOSTANOL	0.8442923763895535
1	86	0.195511066672852	0.07122870037888246	other	AZD3965	0.8454781754965837
1	90	0.19552369036914105	0.06477026703286169	other	RIVAROXABAN	0.8442923763895535
1	96	0.19587216323238926	0.05580212729025341	other	DG-172	0.8340602605218771
1	90	0.19617398176556097	0.06386732807457689	other	MINAPRINE	0.8412731999735892
1	84	0.1963166580707896	0.0734906113900413	other	UNC926	0.8536329545532106
1	84	0.1963166580707896	0.0734906113900413	other	BRD:BRD-K22229656-003-01-5.1	0.8536329545532106
1	91	0.19664912127651096	0.06172480281482439	other	NOCODAZOLE	0.8354365318984287
1	96	0.19669284718097194	0.05476307374950052	other	BALOXAVIR	0.8340602605218771
1	89	0.1974480545530721	0.06364013985361186	other	BMS-626529	0.8406266127268162
1	84	0.1977138575970283	0.0714249131627845	other	GMX1778	0.8454781754965837
1	90	0.19778736295161542	0.061671190437909904	other	CYANOPINDOLOL	0.8354365318984287
1	88	0.19801343748291103	0.06441043450134366	other	PALOSURAN	0.8421696973542825
1	85	0.1986437233212218	0.06837973740523538	other	CYCLOVIROBUXIN-D	0.8454781754965837
1	88	0.19865625248430083	0.06353140274929801	other	NE-100	0.8406266127268162
1	96	0.19891751110770844	0.05202607821353285	other	TRILACICLIB	0.8307824917485119
1	90	0.19894800962117498	0.0601296280405932	other	N6022	0.8354365318984287
1	91	0.19938843278568769	0.05811571596868997	other	DACINOSTAT	0.8340602605218771
1	91	0.20008122377783416	0.05723079630076524	other	ELESCLOMOL	0.8340602605218771
1	91	0.200168818041209	0.0571196986054028	other	DECITABINE	0.8340602605218771
1	90	0.20035560239064087	0.058302359195683974	other	PALMATINE-CHLORIDE	0.8340602605218771
1	91	0.20041567460162896	0.05680755354666969	other	TPPS4	0.8340602605218771
1	90	0.2004214546839492	0.05821799557497807	other	CINALUKAST	0.8340602605218771
1	96	0.2004300112774104	0.05023033106132448	other	SGC-707	0.8227921773062641
1	91	0.2008536459185032	0.0562571820899323	other	MAYTANSINOL-ISOBUTYRATE	0.8340602605218771
1	96	0.20096582972317928	0.04960656135953213	other	CENTHAQUIN	0.8227921773062641
1	91	0.20101290821554832	0.05605813220363073	other	BRD:BRD-K91825936-001-01-2.1	0.8340602605218771
1	91	0.20101290821554832	0.05605813220363073	other	ZK811752	0.8340602605218771
1	96	0.20110147996261443	0.04944966309920584	other	20-HETE	0.8227921773062641
1	88	0.20145646029857417	0.059815104782498255	other	ALCAFTADINE	0.8354365318984287
1	88	0.20226658331402436	0.058773619975700644	other	DEGARELIX	0.8354365318984287
1	86	0.2026907183515684	0.061255171866382616	other	AMRUBICIN	0.8354365318984287
1	88	0.2027685073562054	0.058135807082695015	other	PUMOSETRAG	0.8340602605218771
1	96	0.20276997790766682	0.047553099036979025	other	BMS-182874	0.8158574994801246
1	90	0.2028744526096851	0.05514577319938495	other	MOZAVAPTAN	0.8340602605218771
1	88	0.20291820400036473	0.05794667978028864	other	INDISULAM	0.8340602605218771
1	96	0.20309553848231118	0.04719014496236703	other	IACS-10759	0.813421438848229
1	91	0.203162949225658	0.053426942966315255	other	MANIDIPINE	0.8338742720602134
1	86	0.2032756571217135	0.06049535741907885	other	GEPON	0.8354365318984287
1	96	0.20329901384146393	0.046964465048533764	other	PHP-501	0.813421438848229
1	90	0.203615290909404	0.05424448117703529	other	GP2A	0.8340602605218771
1	90	0.20377992164267486	0.05404584349426265	other	ARTEMISININ	0.8340602605218771
1	91	0.20400703939999734	0.052422068564373855	other	STREPTOZOTOCIN	0.8307824917485119
1	90	0.2043396661357958	0.05337493356852214	other	BMS-265246	0.8338742720602134
1	88	0.2043799477021552	0.0561261807549107	other	PONESIMOD	0.8340602605218771
1	84	0.2045581103487485	0.06197098786845907	other	BRD:BRD-K46344388-001-01-3.1	0.8354365318984287
1	84	0.2045581103487485	0.06197098786845907	other	UNC3230	0.8354365318984287
1	84	0.20545920279683	0.06080579468735742	other	CAMKII-IN-1	0.8354365318984287
1	88	0.2055158810607756	0.05474399335653218	other	BRIVARACETAM	0.8340602605218771
1	84	0.2061173040229569	0.05996611925147556	other	FUREGRELATE	0.8354365318984287
1	91	0.20617300663981153	0.04991441984307531	other	PROPENTOFYLLINE	0.8227921773062641
1	90	0.20645517105832636	0.05090075444735369	other	SB-225002	0.8243875958985977
1	86	0.20683246222404741	0.05603873713131403	other	A-967079	0.8340602605218771
1	91	0.20727987960427535	0.0486716171414104	other	AZ3146	0.8191572952833719
1	88	0.2073386578455384	0.05258443323509042	other	IDRONOXIL	0.8307824917485119
1	91	0.20770192469144502	0.048204518909727684	other	METERGOLINE	0.8173752695548095
1	85	0.2077897966661312	0.05635937936678127	other	DEXLANSOPRAZOLE	0.8340602605218771
2	87	0.20789689785330598	0.06150946909209849	other	IVERMECTIN	0.8354365318984287
1	91	0.20862564601430697	0.047195100547508174	other	FOSAMPRENAVIR	0.813421438848229
1	91	0.20868138781827278	0.04713475075207877	other	THIRAM	0.813421438848229
1	74	0.20888714467173672	0.07408582569389012	other	ACETAZOLAMIDE	0.8536329545532106
1	88	0.20905576641089474	0.05061454652059765	other	E-64	0.8227921773062641
1	88	0.20932874264436166	0.05030705342069652	other	RILMENIDINE	0.8227921773062641
1	85	0.2093825423447853	0.054454276654500346	other	CISPLATIN	0.8340602605218771
1	96	0.20952535983153744	0.04047875993247716	other	SECLIDEMSTAT	0.7719706701915615
1	96	0.2095592723913962	0.040445593756572	other	SU9516	0.7719706701915615
1	84	0.20960017820430563	0.05567808488573308	other	MAPROTILINE	0.8340602605218771
1	91	0.20980418701244116	0.04593265712339909	other	RO-20-1724	0.8089669612498102
1	91	0.21023419521446307	0.04547905449192499	other	ARTESUNATE	0.8083997347139233
1	96	0.21024430610054373	0.03978047597006162	other	ATROPINE-OXIDE	0.7700448891982498
1	85	0.21042808705408583	0.05323260550664544	other	DALCETRAPIB	0.8338742720602134
1	96	0.21053595411532933	0.03950009160452496	other	FANTOFARONE	0.7692374334826825
1	88	0.21096660004516304	0.04849423522243969	other	AMFLUTIZOLE	0.8183084823137337
1	88	0.21113390805922344	0.04831212809500193	other	SUMANIROLE	0.8173752695548095
1	90	0.21128708307982622	0.045602344911158936	other	NONOXYNOL-9	0.8083997347139233
1	85	0.2116397463433687	0.051845049548037404	other	CURCUMIN	0.8307824917485119
1	96	0.21219088703643818	0.03794015191670101	other	ADAVIVINT	0.7580479390079189
1	91	0.21220904769782306	0.043443238413156775	other	NETUPITANT	0.8002105575360813
1	96	0.21223158210826873	0.037902451787647465	other	DEMECLOCYCLINE	0.7580479390079189
1	84	0.2122528323773096	0.05258322297927867	other	TC-LPA5-4	0.8307824917485119
1	84	0.2124047018910312	0.05241039682988166	other	DAA-1106	0.8307824917485119
1	85	0.21295889153734607	0.050368324171307974	other	CHOLECALCIFEROL	0.8227921773062641
1	96	0.21321504634417363	0.037000854806228486	other	SAPACITABINE	0.7580479390079189
1	96	0.21391364507726462	0.03637138381439996	other	FIRSOCOSTAT	0.7580479390079189
1	96	0.21469363395401678	0.03567921078869723	other	BAY1217389	0.7549106404182937
1	88	0.21478826731369968	0.04447321100347725	other	LETEPRINIM	0.8020344195644261
1	91	0.21535447806446495	0.04035730013613737	other	NSC-4644	0.7719706701915615
1	86	0.21542728834666322	0.04636970761881245	other	VORTIOXETINE	0.8122259111708289
1	88	0.21584494950776512	0.043411515291095534	other	F351	0.8002105575360813
1	91	0.2165569084071559	0.03922692884643954	other	NPC-15199	0.7662326768004524
1	96	0.21663343237793944	0.03400559990095197	other	MK-7622	0.7547606167453118
1	90	0.21672812881442827	0.040191243679825246	other	LINSITINIB	0.7719706701915615
1	96	0.2168029951772334	0.03386249667126046	other	TRADIPITANT	0.7547606167453118
1	91	0.21690728546065527	0.03890256548066666	other	PHA-848125	0.7662326768004524
1	96	0.2169657754645556	0.03372559453321985	other	BOS-172722	0.7547606167453118
1	91	0.21763192891221075	0.038238825799172406	other	PINAVERIUM	0.7584229880045087
1	91	0.21763989202706302	0.03823158486455287	other	DAPSONE	0.7584229880045087
1	88	0.2178174229366873	0.04148595550604509	other	PIBOSEROD	0.784218384727175
1	90	0.21784761780067013	0.03914706618745811	other	BIX-02189	0.7662326768004524
1	88	0.21838979245847273	0.040940688301909146	other	CIMETROPIUM	0.776187284688548
1	88	0.21861874026718686	0.04072425826316788	other	TERGURIDE	0.7743615597769327
1	96	0.21893948644833705	0.03210238227960093	other	CROLIBULIN	0.743240245099391
1	85	0.219877075221316	0.043179622054080435	other	BRD:BRD-K62353271-001-04-7.1	0.8002105575360813
1	85	0.219877075221316	0.043179622054080435	other	BACLOFEN-(R)	0.8002105575360813
1	86	0.21989923958938543	0.04191175898878157	other	IOPANIC-ACID	0.7899508726365089
1	89	0.22043088552795118	0.037917128383172294	other	BMS-649	0.7580479390079189
1	96	0.22082502477648566	0.030613714471562532	other	RO-5263397	0.7335910910174427
1	91	0.22123125682543138	0.03508067255407698	other	IODOQUINOL	0.7547606167453118
1	90	0.22212801686571257	0.035361108634359935	other	FLUBENDAZOLE	0.7547606167453118
1	91	0.22220275683740684	0.03426677782701309	other	XANOMELINE	0.7547606167453118
1	90	0.22291824438541272	0.03469687722696118	other	PRASTERONE-ACETATE	0.7547606167453118
1	86	0.22329565825474404	0.03876913914781057	other	CHLORMIDAZOLE	0.7662326768004524
1	90	0.22418590103159838	0.03365322855064133	other	VINORELBINE	0.7547606167453118
1	96	0.2242637583461668	0.028048788228454323	other	CIS-ACONITIC-ACID	0.7219563399238328
1	88	0.2246682458282115	0.035341511483280574	other	BRD:BRD-K36574127-001-01-3.1	0.7547606167453118
1	88	0.2246682458282115	0.035341511483280574	other	LOXO-101	0.7547606167453118
1	88	0.22496763911652998	0.03509140212314643	other	VERCIRNON	0.7547606167453118
1	91	0.22542781835257134	0.031677760875141056	other	CI-966	0.7398364007288379
1	91	0.2256826380278436	0.031480421494985776	other	EDROPHONIUM	0.7398364007288379
1	90	0.226877613520577	0.031524453370604756	other	GR-113808	0.7398364007288379
1	91	0.22724340853888614	0.030294203130126377	other	ATALUREN	0.7286434081223679
1	91	0.22739470772107903	0.03018124671483231	other	BUTOCONAZOLE	0.7286434081223679
1	91	0.22756193313297646	0.030056814269508975	other	ELTANOLONE	0.728369266094943
1	96	0.22764823182007388	0.025704657586719606	other	RISDIPLAM	0.7219563399238328
1	96	0.22766857935598916	0.025691085043341708	other	JNJ-27141491	0.7219563399238328
1	91	0.22798397822014613	0.029744696399583517	other	OXYBUPROCAINE	0.7262663370898309
1	88	0.22809365727397357	0.032567481328275076	other	ENASIDENIB	0.7470817958792211
1	96	0.22928281720526744	0.024633588684945456	other	TRIMETREXATE	0.7219563399238328
1	84	0.22974820035803803	0.03552382559373999	other	SR-3576	0.7549106404182937
1	96	0.2298728957468104	0.02425639744990448	other	HTH-01-015	0.7219563399238328
1	88	0.22988121131893427	0.031194141908397605	other	IBUPROFEN-PICONOL	0.7398364007288379
1	85	0.23016640773433905	0.034077715936334546	other	DEXRAZOXANE	0.7547606167453118
1	90	0.2302031543326484	0.02905222228891637	other	CELECOXIB	0.7219563399238328
1	90	0.23040071121257344	0.02891066884906502	other	SB-258585	0.7219563399238328
1	96	0.23046975680032505	0.023879892956466007	other	PARSACLISIB	0.7219563399238328
1	84	0.23052779719514227	0.03488693494025512	other	BMS-309403	0.7547606167453118
1	91	0.23053217497286868	0.02791784801558202	other	ATN-161	0.7219563399238328
1	91	0.230603843006539	0.02786787442168489	other	AZD7545	0.7219563399238328
1	90	0.23082875111907772	0.02860597057519835	other	PF-3845	0.7219563399238328
1	90	0.23099338185234858	0.028489504894804975	other	AMUVATINIB	0.7219563399238328
1	91	0.23111348235708354	0.027514688387912822	other	OXIBENDAZOLE	0.7219563399238328
1	86	0.23129611111092213	0.032136283285579416	other	MICONAZOLE	0.743240245099391
1	85	0.23130966690245278	0.03317398761183225	other	ELTROMBOPAG	0.7547606167453118
1	91	0.23144793318087833	0.027284978681541977	other	LENALIDOMIDE	0.7219563399238328
1	88	0.23144862324013132	0.03003041995605897	other	RESIBUFOGENIN	0.728369266094943
1	90	0.23216226005857174	0.02767408627891984	other	MIBAMPATOR	0.7219563399238328
1	90	0.23235981693849672	0.027538242155968177	other	TORCITABINE	0.7219563399238328
1	88	0.23263739070845493	0.02917245746632963	other	L-GLUTAMIC-ACID	0.7219563399238328
1	90	0.2330924237015521	0.027039411147087612	other	EPINEPHRINE	0.7219563399238328
1	88	0.2336148217379654	0.02848263175371239	other	ENCIPRAZINE	0.7219563399238328
1	90	0.23493628791418578	0.025817739673589104	other	T-0901317	0.7219563399238328
1	90	0.23515030786743787	0.025679025513564938	other	BARDOXOLONE	0.7219563399238328
1	91	0.23544541683671186	0.024662963297991437	other	WNT-C59	0.7219563399238328
1	90	0.23550426394397025	0.02545100400908397	other	GW-843682X	0.7219563399238328
1	96	0.2361670668566015	0.02053016785950457	other	KME-4	0.6753228623827021
1	91	0.23644876930809636	0.024039602445622112	other	PRANOPROFEN	0.7219563399238328
1	90	0.23703532976338923	0.024484406884539543	other	PROXYFAN	0.7219563399238328
1	96	0.23767278451433171	0.01971537338963645	other	AMG-176	0.6753228623827021
1	91	0.23834399064293377	0.022898736452154508	other	BEVIRIMAT-DIMEGLUMINE	0.7096406498585959
1	96	0.23909032951642903	0.01897384089684468	other	LY2795050	0.6753228623827021
1	88	0.23956746476453403	0.024572812844161417	other	GIDAZEPAM	0.7219563399238328
1	89	0.23985563378153413	0.0235764186354781	other	CILOSTAMIDE	0.7219563399238328
1	91	0.2400082816470557	0.02193532803011586	other	RABEPRAZOLE	0.6897323145469603
1	96	0.2401416188720515	0.018439514255766096	other	COH29	0.6715316886591427
1	84	0.24077392705422626	0.027367907492574797	other	SN-2	0.7219563399238328
1	86	0.2419948299068018	0.024780587988083913	other	PREGNANOLONE	0.7219563399238328
1	91	0.24236536364332406	0.02063032295241451	other	G-1	0.6753228623827021
1	96	0.24245445545442085	0.01730942750077598	other	FUNAPIDE	0.650076075874337
1	90	0.2431184353577477	0.020946786180794458	other	SCLAREOL	0.6753228623827021
1	91	0.24340853168896984	0.020074361087900134	other	LY2811376	0.6753228623827021
1	91	0.24429243743757048	0.01961338684687409	other	PYRIMETHAMINE	0.6753228623827021
1	91	0.24487374482178534	0.019315202727977928	other	DIENESTROL	0.6753228623827021
1	88	0.2456521930653608	0.021058004241222946	other	PHENYLBENZIMIDAZOLE-SULFONIC-ACID	0.6753228623827021
1	96	0.24644257249381432	0.015500856147581685	other	IDF-11774	0.6472051152370976
1	88	0.24674409799922842	0.020475122259871033	other	VINDESINE	0.6753228623827021
1	88	0.24784480861804656	0.019901585821621277	other	LOFEMIZOLE	0.6753228623827021
1	96	0.2480025502473186	0.014839289245150272	other	SOBLIDOTIN	0.6440943609559274
1	91	0.2488393760182098	0.017383039178648318	other	GADOBUTROL	0.650076075874337
1	86	0.24965564089644404	0.02044008672457593	other	MDL-29951	0.6753228623827021
1	91	0.2498506916044466	0.016917828421570916	other	LEDIPASVIR	0.650076075874337
1	91	0.2504479252183659	0.016648173815808794	other	GSK-J4	0.650076075874337
1	90	0.25267524942412134	0.016274236679295152	other	PACLITAXEL	0.6472051152370976
2	85	0.25319770567659494	0.028282018499676695	other	OXALIPLATIN	0.7219563399238328
1	90	0.25394290607030695	0.015727823166121955	other	IVABRADINE	0.6472051152370976
1	84	0.2560317508661231	0.018736311111564243	other	OSEMOZOTAN	0.6753228623827021
1	91	0.25618136791199164	0.01424270584274601	other	DILTIAZEM	0.6324402010932958
1	88	0.2565096026093831	0.015848832222839875	other	ENALAPRILAT	0.6472051152370976
1	90	0.2572025945890701	0.01439501371337701	other	FLI-06	0.6324402010932958
1	88	0.25804179179077796	0.015211889840364088	other	ABAFUNGIN	0.6472051152370976
1	96	0.25858326892326056	0.010964714229480407	other	MJ-15	0.6113076236490719
1	86	0.258778798811449	0.016135620894725356	other	TROVAFLOXACIN	0.6472051152370976
1	86	0.2593165651001308	0.015908366157683634	other	LORATADINE	0.6472051152370976
1	90	0.25937572026824546	0.013561869059924488	other	BI-2536	0.6277381046563778
1	88	0.2622332978272375	0.013581339374489642	other	SOLITHROMYCIN	0.6277381046563778
1	84	0.26259251385889626	0.01581531643173794	other	L-ASPARAGINE-N-HYDROXY	0.6472051152370976
1	86	0.2630054531505619	0.014422697728934918	other	CB-5083	0.6324402010932958
1	84	0.26310887020554974	0.015603102835088615	other	SP-141	0.6472051152370976
1	90	0.263203384816793	0.012195914225974462	other	COLCHICINE	0.6187091133802117
1	96	0.26452474941052023	0.00920302914490909	other	TEMANOGREL	0.5997126985777004
1	85	0.265636756283507	0.014006176676860124	other	TARIQUIDAR	0.6324402010932958
1	91	0.2667962000100516	0.010575916741794577	other	MAFENIDE	0.6113076236490719
1	88	0.2674110405781581	0.011778267440621012	other	BRD:BRD-K09436144-001-01-7.1	0.6187091133802117
1	88	0.2674110405781581	0.011778267440621012	other	YM022	0.6187091133802117
1	96	0.2681805233632976	0.008247152509100875	other	MIVOBULIN	0.5778385334093938
1	86	0.268571805963233	0.01240858694241865	other	BRICICLIB	0.6187091133802117
1	86	0.26912844124450014	0.012221326199674809	other	Q-203	0.6187091133802117
1	91	0.2693284705330696	0.00983422170897293	other	INDIBULIN	0.6002291503337003
1	88	0.27013199722787656	0.010917179318493788	other	POZANICLINE	0.6113076236490719
1	88	0.27045780757104676	0.0108178508041559	other	STETADERM	0.6113076236490719
1	90	0.27067762010729024	0.00987035214635002	other	HYDROXYSTILBAMIDINE	0.6002291503337003
1	90	0.2711632807704393	0.009733675586560872	other	OLIGOMYCIN-A	0.6002291503337003
1	90	0.27170656219023315	0.009582750225489163	other	DIHYDROARTEMISININ	0.5997126985777004
1	91	0.27241019598089344	0.008993360966882464	other	AMONAFIDE	0.5997126985777004
1	84	0.2758355354554199	0.011095717028690881	other	GW-6471	0.6113076236490719
1	90	0.2760445820119204	0.008449411897605388	other	DIPHENYLENEIODONIUM	0.5794139265102589
1	90	0.276447927308434	0.008350279784778742	other	DOLUTEGRAVIR	0.5787731558353094
1	96	0.27656370816039005	0.006378096403965357	other	PNU-177864	0.5631946495885026
1	96	0.27722839433362234	0.006247371142641197	other	AC-261066	0.5631946495885026
1	84	0.27769846815707155	0.010541926922806788	other	CGS-9896	0.6113076236490719
1	86	0.2781006472188225	0.009524805246275027	other	CX-5461	0.5997126985777004
1	91	0.27989552394201594	0.007208492729710837	other	BI-D1870	0.5682313716364793
1	90	0.2822511606562319	0.007033048923847736	other	DOLASTATIN-10	0.5682313716364793
1	91	0.2824437206947385	0.0066765610133221924	other	DBEQ	0.5662777933141429
1	88	0.2836575293119141	0.007403150952780964	other	1,12-BESM	0.5682313716364793
1	88	0.28402736807983703	0.0073230212484787305	other	VINBLASTINE	0.5682313716364793
1	90	0.28444898094539794	0.006584266105725684	other	PQ-401	0.5658957242334368
1	86	0.2846104496607598	0.007909371555169104	other	JNJ-63533054	0.5682313716364793
1	90	0.2855602383949763	0.006367137701370234	other	THIOGUANINE	0.5631946495885026
1	91	0.2859873068039933	0.005994574666925461	other	TROLOX	0.5520146900428788
1	96	0.2866899985342243	0.004627493402032684	other	SSR240612	0.48111003983068834
1	91	0.28695880681596875	0.005818721462677169	other	EVP4593	0.5515805668884858
1	88	0.288016343362434	0.006506154010168789	other	FLUMECINOL	0.5658957242334368
1	96	0.28839919155110716	0.0043785525306506015	other	PUTRESCINE	0.4650989991116814
1	84	0.2890481831491992	0.00766105662034172	other	ML365	0.5682313716364793
1	84	0.2890481831491992	0.00766105662034172	other	BRD:BRD-K02160913-001-02-7.1	0.5682313716364793
1	96	0.2904949877503803	0.004089648656442329	other	ON-01500	0.4650989991116814
1	88	0.29098385919076775	0.005951781497778229	other	ONC201	0.5520146900428788
1	88	0.29252485405711315	0.005680740031442327	other	PYRANTEL	0.5465380633235408
1	88	0.2929827496745415	0.005602338174671369	other	GS-9620	0.5465380633235408
1	96	0.29300451717993065	0.0037661880723020764	other	BANOXANTRONE	0.4650989991116814
1	91	0.29681714300306417	0.004276697193259279	other	ANECORTAVE-ACETATE	0.4650989991116814
1	91	0.2981788356428003	0.004095217509606895	other	PH-797804	0.4650989991116814
1	96	0.2988306949636705	0.00310176339198702	other	LODENOSINE	0.4650989991116814
1	96	0.30102144633054817	0.0028805104330357134	other	PF-05175157	0.4650989991116814
1	88	0.3035407659302452	0.004041413440634018	other	GAVESTINEL	0.4650989991116814
1	96	0.30450765748403164	0.0025575341009355206	other	ASP-6537	0.4650989991116814
1	86	0.3048946166899849	0.004311822670127629	other	GW-803430	0.4650989991116814
1	91	0.3062215816435808	0.003156709212121743	other	OLDA	0.4650989991116814
1	86	0.30779100705183243	0.003940263105229659	other	TANSHINONE-IIA	0.4650989991116814
1	91	0.3082203234714976	0.002955670669316972	other	MEDROXYPROGESTERONE-ACETATE	0.4650989991116814
1	96	0.3131960553198532	0.0018896480134905683	other	DWK-1339	0.42725151259093375
1	91	0.3136272784561808	0.0024681144917070457	other	VOLASERTIB	0.4650989991116814
1	88	0.3242869596737299	0.002053817020007008	other	SEMAPIMOD	0.44129681703217244
1	88	0.32624182173275096	0.0019221678351127953	other	VERUBULIN	0.42725151259093375
1	96	0.32667290660773557	0.0011605372903878868	other	FURAMIDINE	0.32525319016697035
1	96	0.32793445383448255	0.0011074987366378926	other	APY-29	0.32449712983490253
1	88	0.33384993353002196	0.0014791870532801887	other	OZANIMOD	0.36917914022092035
1	86	0.3373964564182084	0.001489087441164122	other	LPA2-ANTAGONIST-1	0.36917914022092035
1	86	0.33987772894317875	0.0013664089314655492	other	4-PYRIMIDINECARBONITRILE	0.3669946655094554
1	96	0.3417707782568682	0.0006543559026418174	other	MAVATREP	0.2811985432286103
1	91	0.34581418868900754	0.0007865822765507105	other	PENTAMIDINE	0.28168385303588217
1	91	0.34844997970510494	0.000712331153171566	other	TIOGUANINE	0.28168385303588217
1	84	0.3545849406371941	0.0009351101144714226	other	TAK-960	0.2870342760896567
1	90	0.35533074315516827	0.0005888075465897314	other	NSC-3852	0.2811985432286103
1	86	0.3560956280702662	0.000765455070641962	other	BROXALDINE	0.28168385303588217
1	90	0.3572651542711009	0.0005467066715899169	other	MUBRITINIB	0.2811985432286103
1	96	0.3602395583559643	0.0003118985313410572	other	ELECLAZINE	0.2811985432286103
1	91	0.36332507824912286	0.0004004844988409964	other	BAY-87-2243	0.2811985432286103
1	88	0.38944902830776473	0.00017660544958795785	other	BNC105	0.2811985432286103
1	90	0.39919660203518975	9.718767948146418e-05	other	OXIPEROMIDE	0.2811985432286103
