GlySpec	PepSpec	RawName	Scan	RT	PrecursorMH	PrecursorMZ	Charge	Rank	Peptide	Mod	PeptideMH	Glycan(H,N,A,F,pH)	PlausibleStruct	GlyID	GlyFrag	GlyMass	GlySite	OriginTotalScore	OriginPepScore	OriginGlyScore	CoreMatched	MassDeviation	PPM	GlyIonRatio	byIonRatio	czIonRatio	GlyDecoy	PepDecoy	GlyScore	PepScore	TotalScore	GlycanFDR	PeptideFDR	TotalFDR	Proteins	ProSite
2020111CXY-7.5085.5085.2.0.dta	2020111CXY-7.5085.5085.2.0.dta	2020111CXY-7	5085	1347.05803	2542.00561	1271.50644	2	1	JNSDISSTR		993.45958	4 3 1 0 0	(N(N(H(H)(H(N(H(A)))))))	126	0 1 0 0 0;0 2 0 0 0;1 2 0 0 0;2 2 0 0 0;2 3 0 0 0;3 2 0 0 0;3 3 0 0 0;3 3 1 0 0;4 3 0 0 0;	1548.54483	1	11.79279	13.96086	7.76638	5	0.00120	0.47382	0.45455	0.68750	0.00000	0	0	7.76638	8.74504	12.66729	4.3481709169613785e-07	0.0009208103130755065	0.0009208103130755065	sp|P01871|IGHM_HUMAN	46
2020111CXY-7.6566.6566.3.0.dta	2020111CXY-7.6566.6566.3.0.dta	2020111CXY-7	6566	1738.87162	3692.47324	1231.49593	3	1	YKJNSDISSTR		1284.61786	5 5 2 0 0	(N(N(H(N)(H(N(H(A))))(H(N(H(A)))))))	1053	0 1 0 0 0;0 2 0 0 0;1 2 0 0 0;1 3 0 0 0;2 2 0 0 0;2 3 0 0 0;2 4 0 0 0;3 2 0 0 0;3 3 0 0 0;3 3 1 0 0;3 4 0 0 0;3 4 1 0 0;3 5 0 0 0;4 3 0 0 0;4 3 1 0 0;4 4 0 0 0;4 4 1 0 0;4 5 0 0 0;4 5 1 0 0;5 4 0 0 0;5 4 1 0 0;5 4 2 0 0;5 5 0 0 0;5 5 1 0 0;	2407.85181	3	17.70170	12.34458	27.65065	5	0.00357	0.96749	0.53846	0.60000	0.00000	0	0	27.65065	7.89685	18.49138	2.71278835623969e-20	0.004180602006688963	0.004180602006688963	sp|P01871|IGHM_HUMAN	46
2020111CXY-7.18149.18149.4.1.dta	2020111CXY-7.18149.18149.4.1.dta	2020111CXY-7	18149	4860.94070	4036.77881	1009.95016	4	1	VDKDLQSLEDILHQVEJK		2123.09789	5 4 1 0 0	(N(N(H(H(N(H)))(H(N(H(A)))))))	380	0 1 0 0 0;0 2 0 0 0;1 2 0 0 0;2 2 0 0 0;2 3 0 0 0;3 2 0 0 0;3 3 0 0 0;3 3 1 0 0;3 4 0 0 0;4 3 0 0 0;4 3 1 0 0;4 4 0 0 0;4 4 1 0 0;5 4 0 0 0;	1913.67702	17	67.67707	75.50595	53.13772	7	0.00390	0.96500	0.62500	0.82353	0.00000	0	0	53.13772	23.77031	70.05410	1.4443990189453797e-37	0.0	1.4443990189453797e-37	sp|P02679|FIBG_HUMAN	78
2020111CXY-7.16885.16885.3.0.dta	2020111CXY-7.16885.16885.3.0.dta	2020111CXY-7	16885	4521.38467	3772.59329	1258.20261	3	1	CGLVPVLAENYJK	1,Carbamidomethyl[C];	1476.75152	7 5 0 1 0	(N(N(H(N)(H(N(H(H))))(H(N(F)(H(H)))))))	888	0 1 0 0 0;0 2 0 0 0;1 2 0 0 0;1 3 0 0 0;2 2 0 0 0;2 3 0 0 0;2 3 0 1 0;2 4 0 0 0;2 4 0 1 0;3 2 0 0 0;3 3 0 0 0;3 3 0 1 0;3 4 0 0 0;3 4 0 1 0;3 5 0 0 0;3 5 0 1 0;4 3 0 0 0;4 3 0 1 0;4 4 0 0 0;4 4 0 1 0;4 5 0 0 0;4 5 0 1 0;5 3 0 0 0;5 3 0 1 0;5 4 0 0 0;5 4 0 1 0;5 5 0 0 0;5 5 0 1 0;6 4 0 0 0;6 4 0 1 0;6 5 0 0 0;6 5 0 1 0;7 4 0 0 0;7 4 0 1 0;7 5 0 0 0;	2295.82454	12	11.15065	11.91930	9.72316	6	0.01724	4.56896	0.21622	0.45833	0.00000	0	0	9.72316	7.59714	11.91036	2.999693615138925e-08	0.008045052292839904	0.008045052292839904	sp|P02787|TRFE_HUMAN	432
2020111CXY-7.13231.13231.3.0.dta	2020111CXY-7.13231.13231.3.0.dta	2020111CXY-7	13231	3532.12586	3315.34228	1105.78561	3	1	FSDGLESJSSTQFEVK		1774.81300	7 2 0 0 0	(N(N(H(H(H))(H(H)(H(H))))))	124	0 1 0 0 0;0 2 0 0 0;1 2 0 0 0;2 2 0 0 0;3 2 0 0 0;4 2 0 0 0;5 2 0 0 0;6 2 0 0 0;	1540.52851	8	17.78534	22.86794	8.34625	5	0.00078	0.23413	0.50000	0.63333	0.00000	0	0	8.34625	10.94740	18.88008	2.2191161729361018e-07	0.0	2.2191161729361018e-07	sp|P0C0L4|CO4A_HUMAN/sp|P0C0L5|CO4B_HUMAN	226/226
2020111CXY-7.12563.12563.2.0.dta	2020111CXY-7.12563.12563.2.0.dta	2020111CXY-7	12563	3352.51240	3072.19656	1536.60192	2	1	DFVJASSK		867.42067	5 4 2 0 0	(N(N(H(H(N(H(A))))(H(N(H(A)))))))	754	0 1 0 0 0;0 2 0 0 0;1 2 0 0 0;2 2 0 0 0;2 3 0 0 0;3 2 0 0 0;3 3 0 0 0;3 3 1 0 0;3 4 0 0 0;4 3 0 0 0;4 3 1 0 0;4 4 0 0 0;4 4 1 0 0;5 4 0 0 0;5 4 1 0 0;	2204.77244	4	75.99767	109.98254	12.88290	6	0.00345	1.12362	0.35294	1.42857	0.00000	0	0	12.88290	29.36189	78.93386	2.471577773145993e-10	0.0	2.471577773145993e-10	sp|P05546|HEP2_HUMAN	188
2020111CXY-7.5436.5436.3.0.dta	2020111CXY-7.5436.5436.3.0.dta	2020111CXY-7	5436	1439.45446	3547.43705	1183.15053	3	1	YKJNSDISSTR		1284.61786	5 5 1 1 0	(N(F)(N(H(N)(H(N(H)))(H(N(H(A)))))))	824	0 1 0 0 0;0 1 0 1 0;0 2 0 0 0;0 2 0 1 0;1 2 0 0 0;1 2 0 1 0;1 3 0 0 0;1 3 0 1 0;2 2 0 0 0;2 2 0 1 0;2 3 0 0 0;2 3 0 1 0;2 4 0 0 0;2 4 0 1 0;3 2 0 0 0;3 2 0 1 0;3 3 0 0 0;3 3 0 1 0;3 3 1 0 0;3 3 1 1 0;3 4 0 0 0;3 4 0 1 0;3 4 1 0 0;3 4 1 1 0;3 5 0 0 0;3 5 0 1 0;4 3 0 0 0;4 3 0 1 0;4 3 1 0 0;4 3 1 1 0;4 4 0 0 0;4 4 0 1 0;4 4 1 0 0;4 4 1 1 0;4 5 0 0 0;4 5 0 1 0;4 5 1 0 0;4 5 1 1 0;5 4 0 0 0;5 4 0 1 0;5 4 1 0 0;5 4 1 1 0;5 5 0 0 0;5 5 0 1 0;5 5 1 0 0;	2262.81431	3	49.59335	46.09311	56.09379	7	0.00489	1.37738	0.51064	1.00000	0.00000	0	0	56.09379	16.48431	51.24178	1.326915844052471e-39	0.0	1.326915844052471e-39	sp|P01871|IGHM_HUMAN	46
2020111CXY-7.14307.14307.3.0.dta	2020111CXY-7.14307.14307.3.0.dta	2020111CXY-7	14307	3822.84558	3855.55880	1285.85778	3	1	GTAGNALMDGASQLMGEJR	8,Oxidation[M];15,Oxidation[M];	1924.84875	6 4 0 1 0	(N(N(H(H(H)(H))(H(N(H))(N(F))))))	405	0 1 0 0 0;0 2 0 0 0;1 2 0 0 0;2 2 0 0 0;2 3 0 0 0;2 3 0 1 0;2 4 0 0 0;2 4 0 1 0;3 2 0 0 0;3 3 0 0 0;3 3 0 1 0;3 4 0 0 0;3 4 0 1 0;4 2 0 0 0;4 3 0 0 0;4 3 0 1 0;4 4 0 0 0;4 4 0 1 0;5 2 0 0 0;5 3 0 0 0;5 3 0 1 0;5 4 0 0 0;5 4 0 1 0;6 3 0 0 0;6 4 0 0 0;	1930.69234	18	18.96567	16.56692	23.42048	7	0.01771	4.59357	0.40741	0.33333	0.00000	0	0	23.42048	9.43377	19.90905	2.151523906549762e-17	0.0	2.151523906549762e-17	sp|P02675|FIBB_HUMAN	394
2020111CXY-7.6476.6476.2.0.dta	2020111CXY-7.6476.6476.2.0.dta	2020111CXY-7	6476	1714.60785	2634.04771	1317.52750	2	1	EEQYJSTYR		1189.51199	3 4 0 1 0	(N(F)(N(H(H(N)(N(H))))))	86	0 1 0 0 0;0 1 0 1 0;0 2 0 0 0;0 2 0 1 0;1 2 0 0 0;1 2 0 1 0;2 2 0 0 0;2 2 0 1 0;2 3 0 0 0;2 3 0 1 0;2 4 0 0 0;2 4 0 1 0;3 3 0 0 0;3 3 0 1 0;3 4 0 0 0;	1444.53387	5	15.70177	10.09846	26.10794	8	0.00186	0.70427	0.47059	0.56250	0.00000	0	0	26.10794	8.27679	16.52945	2.5983447427729634e-19	0.0025996533795493936	0.0025996533795493936	sp|P01857|IGHG1_HUMAN	180
2020111CXY-7.5232.5232.3.0.dta	2020111CXY-7.5232.5232.3.0.dta	2020111CXY-7	5232	1385.91326	3344.35771	1115.45742	3	1	YKJNSDISSTR		1284.61786	5 4 1 1 0	(N(F)(N(H(H(N(H)))(H(N(H(A)))))))	549	0 1 0 0 0;0 1 0 1 0;0 2 0 0 0;0 2 0 1 0;1 2 0 0 0;1 2 0 1 0;2 2 0 0 0;2 2 0 1 0;2 3 0 0 0;2 3 0 1 0;3 2 0 0 0;3 2 0 1 0;3 3 0 0 0;3 3 0 1 0;3 3 1 0 0;3 3 1 1 0;3 4 0 0 0;3 4 0 1 0;4 3 0 0 0;4 3 0 1 0;4 3 1 0 0;4 3 1 1 0;4 4 0 0 0;4 4 0 1 0;4 4 1 0 0;4 4 1 1 0;5 4 0 0 0;5 4 0 1 0;5 4 1 0 0;	2059.73493	3	60.23427	45.10989	88.32242	9	0.00492	1.47104	0.67742	1.00000	0.00000	0	0	88.32242	15.75464	61.80973	2.9724325216603575e-61	0.0	2.9724325216603575e-61	sp|P01871|IGHM_HUMAN	46
2020111CXY-7.18253.18253.3.0.dta	2020111CXY-7.18253.18253.3.0.dta	2020111CXY-7	18253	4888.87104	3116.25087	1039.42181	3	1	JGSLFAFR		911.47338	5 4 2 0 0	(N(N(H(H(N(H(A))))(H(N(H(A)))))))	754	0 1 0 0 0;0 2 0 0 0;1 2 0 0 0;2 2 0 0 0;2 3 0 0 0;3 2 0 0 0;3 3 0 0 0;3 3 1 0 0;3 4 0 0 0;4 3 0 0 0;4 3 1 0 0;4 4 0 0 0;4 4 1 0 0;5 4 0 0 0;5 4 1 0 0;	2204.77244	1	32.20176	40.20769	17.33360	6	0.00505	1.62213	0.41176	1.21429	0.00000	0	0	17.33360	13.55993	33.55775	2.4667833734067793e-13	0.0	2.4667833734067793e-13	sp|P04004|VTNC_HUMAN	169
2020111CXY-7.5718.5718.3.0.dta	2020111CXY-7.5718.5718.3.0.dta	2020111CXY-7	5718	1514.98677	2812.09635	938.03697	3	1	EEQYJSTYR		1189.51199	5 4 0 0 0	(N(N(H(H(N))(H(N(H(H)))))))	171	0 1 0 0 0;0 2 0 0 0;1 2 0 0 0;2 2 0 0 0;2 3 0 0 0;3 2 0 0 0;3 3 0 0 0;3 4 0 0 0;4 3 0 0 0;4 4 0 0 0;5 3 0 0 0;	1622.58161	5	62.05663	62.72955	60.80693	7	0.00275	0.97864	0.92308	1.06250	0.00000	0	0	60.80693	18.55144	63.91177	6.738030593937379e-43	0.0	6.738030593937379e-43	sp|P01857|IGHG1_HUMAN	180
2020111CXY-7.18541.18541.3.4.dta	2020111CXY-7.18541.18541.3.4.dta	2020111CXY-7	18541	4966.52464	4236.78786	1412.93414	3	1	VIDFJCTTSSVSSALANTK	6,Carbamidomethyl[C];	2014.97500	6 4 1 1 0	(N(N(H(H(N(H(H))))(H(N(F)(H(A)))))))	783	0 1 0 0 0;0 2 0 0 0;1 2 0 0 0;2 2 0 0 0;2 3 0 0 0;2 3 0 1 0;3 2 0 0 0;3 3 0 0 0;3 3 0 1 0;3 3 1 0 0;3 3 1 1 0;3 4 0 0 0;3 4 0 1 0;4 3 0 0 0;4 3 0 1 0;4 3 1 0 0;4 3 1 1 0;4 4 0 0 0;4 4 0 1 0;4 4 1 0 0;4 4 1 1 0;5 3 0 0 0;5 4 0 0 0;5 4 0 1 0;5 4 1 0 0;5 4 1 1 0;6 4 0 0 0;6 4 0 1 0;6 4 1 0 0;	2221.78776	5	31.63985	46.71972	3.63437	5	0.02511	5.92578	0.16129	0.80556	0.00000	0	0	3.63437	19.60966	33.60082	0.00033571899649469745	0.0	0.00033571899649469745	sp|P04196|HRG_HUMAN	125
2020111CXY-7.12394.12394.3.0.dta	2020111CXY-7.12394.12394.3.0.dta	2020111CXY-7	12394	3306.96227	3952.57841	1318.19765	3	1	EHEGAIYPDJTTDFQR		1892.84094	5 4 1 1 0	(N(N(H(H(N(H)(F)))(H(N(H(A)))))))	550	0 1 0 0 0;0 2 0 0 0;1 2 0 0 0;2 2 0 0 0;2 3 0 0 0;2 3 0 1 0;3 2 0 0 0;3 3 0 0 0;3 3 0 1 0;3 3 1 0 0;3 4 0 0 0;3 4 0 1 0;4 3 0 0 0;4 3 0 1 0;4 3 1 0 0;4 4 0 0 0;4 4 0 1 0;4 4 1 0 0;4 4 1 1 0;5 4 0 0 0;5 4 0 1 0;5 4 1 0 0;	2059.73493	10	51.15492	58.28459	37.91410	7	0.00254	0.64153	0.58333	0.83333	0.00000	0	0	37.91410	20.52088	53.20701	2.380011506965234e-27	0.0	2.380011506965234e-27	sp|P00450|CERU_HUMAN	138
2020111CXY-7.18581.18581.4.0.dta	2020111CXY-7.18581.18581.4.0.dta	2020111CXY-7	18581	4977.63628	4036.77853	1009.95009	4	1	VDKDLQSLEDILHQVEJK		2123.09789	5 4 1 0 0	(N(N(H(H(N(H)))(H(N(H(A)))))))	380	0 1 0 0 0;0 2 0 0 0;1 2 0 0 0;2 2 0 0 0;2 3 0 0 0;3 2 0 0 0;3 3 0 0 0;3 3 1 0 0;3 4 0 0 0;4 3 0 0 0;4 3 1 0 0;4 4 0 0 0;4 4 1 0 0;5 4 0 0 0;	1913.67702	17	58.34347	55.06182	64.43796	7	0.00362	0.89564	0.75000	0.73529	0.00000	0	0	64.43796	19.68114	60.31158	2.824070789241993e-45	0.0	2.824070789241993e-45	sp|P02679|FIBG_HUMAN	78
2020111CXY-7.9844.9844.3.0.dta	2020111CXY-7.9844.9844.3.0.dta	2020111CXY-7	9844	2619.36196	3520.48990	1174.16815	3	1	FVEGSHJSTVSLTTK		1606.80713	5 4 1 0 0	(N(N(H(H(N(H)))(H(N(H(A)))))))	380	0 1 0 0 0;0 2 0 0 0;1 2 0 0 0;2 2 0 0 0;2 3 0 0 0;3 2 0 0 0;3 3 0 0 0;3 3 1 0 0;3 4 0 0 0;4 3 0 0 0;4 3 1 0 0;4 4 0 0 0;4 4 1 0 0;5 4 0 0 0;	1913.67702	7	68.52885	75.75120	55.11590	7	0.00574	1.63173	0.81250	0.92857	0.00000	0	0	55.11590	23.19327	70.84818	5.944671390031648e-39	0.0	5.944671390031648e-39	sp|P04114|APOB_HUMAN	3411
2020111CXY-7.15725.15725.3.0.dta	2020111CXY-7.15725.15725.3.0.dta	2020111CXY-7	15725	4206.68881	3471.58641	1157.86699	3	1	TVLTPATNHMGJVTFTIPANR		2255.16011	5 2 0 0 0	(N(N(H(H(H))(H(H)))))	34	0 1 0 0 0;0 2 0 0 0;1 2 0 0 0;2 2 0 0 0;3 2 0 0 0;4 2 0 0 0;	1216.42286	12	76.90228	101.89331	30.49036	6	0.00343	0.98776	0.75000	0.87500	0.00000	0	0	30.49036	31.83961	80.08624	2.4112225413900773e-22	0.0	2.4112225413900773e-22	sp|P01024|CO3_HUMAN	85
2020111CXY-7.12635.12635.2.0.dta	2020111CXY-7.12635.12635.2.0.dta	2020111CXY-7	12635	3371.79050	3072.19575	1536.60151	2	1	DFVJASSK		867.42067	5 4 2 0 0	(N(N(H(H(N(H(A))))(H(N(H(A)))))))	754	0 1 0 0 0;0 2 0 0 0;1 2 0 0 0;2 2 0 0 0;2 3 0 0 0;3 2 0 0 0;3 3 0 0 0;3 3 1 0 0;3 4 0 0 0;4 3 0 0 0;4 3 1 0 0;4 4 0 0 0;4 4 1 0 0;5 4 0 0 0;5 4 1 0 0;	2204.77244	4	29.19641	37.91879	12.99772	6	0.00264	0.85866	0.41176	1.14286	0.00000	0	0	12.99772	13.02673	30.49908	2.2383878179462055e-10	0.0	2.2383878179462055e-10	sp|P05546|HEP2_HUMAN	188
2020111CXY-7.14702.14702.3.2.dta	2020111CXY-7.14702.14702.3.2.dta	2020111CXY-7	14702	3929.91122	3525.38355	1175.79937	3	1	EEQFJSTFR		1157.52218	6 4 1 2 0	(N(F)(N(H(H(H)(H))(H(N(F))(N(H(A)))))))	1023	0 1 0 0 0;0 1 0 1 0;0 2 0 0 0;0 2 0 1 0;1 2 0 0 0;1 2 0 1 0;2 2 0 0 0;2 2 0 1 0;2 3 0 0 0;2 3 0 1 0;2 3 0 2 0;2 4 0 0 0;2 4 0 1 0;2 4 0 2 0;3 2 0 0 0;3 2 0 1 0;3 3 0 0 0;3 3 0 1 0;3 3 0 2 0;3 3 1 0 0;3 3 1 1 0;3 4 0 0 0;3 4 0 1 0;3 4 0 2 0;3 4 1 0 0;3 4 1 1 0;3 4 1 2 0;4 2 0 0 0;4 2 0 1 0;4 3 0 0 0;4 3 0 1 0;4 3 0 2 0;4 3 1 0 0;4 3 1 1 0;4 4 0 0 0;4 4 0 1 0;4 4 0 2 0;4 4 1 0 0;4 4 1 1 0;4 4 1 2 0;5 2 0 0 0;5 2 0 1 0;5 3 0 0 0;5 3 0 1 0;5 3 0 2 0;5 3 1 0 0;5 3 1 1 0;5 4 0 0 0;5 4 0 1 0;5 4 0 2 0;5 4 1 0 0;5 4 1 1 0;5 4 1 2 0;6 3 0 0 0;6 3 0 1 0;6 3 1 0 0;6 3 1 1 0;6 4 0 0 0;6 4 0 1 0;6 4 0 2 0;6 4 1 0 0;6 4 1 1 0;	2367.84566	5	9.55005	11.86990	5.24177	5	0.01570	4.45439	0.15625	0.56250	0.00000	0	0	5.24177	7.79613	10.32966	2.2757866275065606e-05	0.005742411812961444	0.005742411812961444	sp|P01859|IGHG2_HUMAN	176
2020111CXY-7.9005.9005.3.0.dta	2020111CXY-7.9005.9005.3.0.dta	2020111CXY-7	9005	2394.95798	3225.20487	1075.73981	3	1	EWDJTTTECR	9,Carbamidomethyl[C];	1311.52701	5 4 1 0 0	(N(N(H(H(N(H)))(H(N(H(A)))))))	380	0 1 0 0 0;0 2 0 0 0;1 2 0 0 0;2 2 0 0 0;2 3 0 0 0;3 2 0 0 0;3 3 0 0 0;3 3 1 0 0;3 4 0 0 0;4 3 0 0 0;4 3 1 0 0;4 4 0 0 0;4 4 1 0 0;5 4 0 0 0;	1913.67702	4	20.39107	16.29795	27.99258	7	0.00084	0.26091	0.56250	0.66667	0.00000	0	0	27.99258	9.63053	21.35412	1.5640312848307877e-20	0.0	1.5640312848307877e-20	sp|P20851|C4BPB_HUMAN	71
2020111CXY-7.16149.16149.3.0.dta	2020111CXY-7.16149.16149.3.0.dta	2020111CXY-7	16149	4321.65312	3563.56956	1188.52804	3	1	LAGKPTHVJVSVVMAEVDGTCY	21,Carbamidomethyl[C];	2347.14207	5 2 0 0 0	(N(N(H(H(H))(H(H)))))	34	0 1 0 0 0;0 2 0 0 0;1 2 0 0 0;2 2 0 0 0;3 2 0 0 0;4 2 0 0 0;	1216.42286	9	26.16334	34.88051	9.97432	5	0.00463	1.29844	0.62500	0.57143	0.00000	0	0	9.97432	15.69631	27.73297	2.1951161645853915e-08	0.0	2.1951161645853915e-08	sp|P01876|IGHA1_HUMAN	340
2020111CXY-7.17146.17146.3.0.dta	2020111CXY-7.17146.17146.3.0.dta	2020111CXY-7	17146	4592.17361	3407.46267	1136.49241	3	1	CGLVPVLAENYJK	1,Carbamidomethyl[C];	1476.75152	6 4 0 1 0	(N(N(H(H(H))(H(N(H))(N(H)(F))))))	399	0 1 0 0 0;0 2 0 0 0;1 2 0 0 0;2 2 0 0 0;2 3 0 0 0;2 3 0 1 0;2 4 0 0 0;2 4 0 1 0;3 2 0 0 0;3 3 0 0 0;3 3 0 1 0;3 4 0 0 0;3 4 0 1 0;4 2 0 0 0;4 3 0 0 0;4 3 0 1 0;4 4 0 0 0;4 4 0 1 0;5 3 0 0 0;5 3 0 1 0;5 4 0 0 0;5 4 0 1 0;6 4 0 0 0;	1930.69234	12	45.50980	55.83103	26.34180	7	0.01881	5.51988	0.40000	0.87500	0.00000	0	0	26.34180	18.93149	47.40295	2.121356792096658e-19	0.0	2.121356792096658e-19	sp|P02787|TRFE_HUMAN	432
2020111CXY-7.9911.9911.3.0.dta	2020111CXY-7.9911.9911.3.0.dta	2020111CXY-7	9911	2637.81451	2833.25376	945.08944	3	1	QSVPAHFVALJGSK		1454.77504	6 2 0 0 0	(N(N(H(H(H)(H(H(H)))))))	64	0 1 0 0 0;0 2 0 0 0;1 2 0 0 0;2 2 0 0 0;3 2 0 0 0;4 2 0 0 0;5 2 0 0 0;	1378.47569	11	100.23180	123.02946	57.89327	7	0.00304	1.07214	1.00000	1.07692	0.00000	0	0	57.89327	34.87042	103.71884	8.264336846573781e-41	0.0	8.264336846573781e-41	sp|P06681|CO2_HUMAN	621
2020111CXY-7.9817.9817.2.0.dta	2020111CXY-7.9817.9817.2.0.dta	2020111CXY-7	9817	2612.13991	2805.14021	1403.07374	2	1	EEQFJSTFR		1157.52218	3 5 0 1 0	(N(F)(N(H(N)(H(N)(N(H))))))	184	0 1 0 0 0;0 1 0 1 0;0 2 0 0 0;0 2 0 1 0;1 2 0 0 0;1 2 0 1 0;1 3 0 0 0;1 3 0 1 0;2 2 0 0 0;2 2 0 1 0;2 3 0 0 0;2 3 0 1 0;2 4 0 0 0;2 4 0 1 0;2 5 0 0 0;2 5 0 1 0;3 3 0 0 0;3 3 0 1 0;3 4 0 0 0;3 4 0 1 0;3 5 0 0 0;	1647.61324	5	13.57748	9.97281	20.27187	7	0.00479	1.70777	0.34783	0.56250	0.00000	0	0	20.27187	8.24767	14.40225	1.942826317990547e-15	0.0025996533795493936	0.0025996533795493936	sp|P01859|IGHG2_HUMAN	176
2020111CXY-7.3458.3458.3.0.dta	2020111CXY-7.3458.3458.3.0.dta	2020111CXY-7	3458	911.36283	3085.16162	1029.05872	3	1	DKJCTSR	4,Carbamidomethyl[C];	880.39414	5 4 2 0 0	(N(N(H(H(N(H(A))))(H(N(H(A)))))))	754	0 1 0 0 0;0 2 0 0 0;1 2 0 0 0;2 2 0 0 0;2 3 0 0 0;3 2 0 0 0;3 3 0 0 0;3 3 1 0 0;3 4 0 0 0;4 3 0 0 0;4 3 1 0 0;4 4 0 0 0;4 4 1 0 0;5 4 0 0 0;5 4 1 0 0;	2204.77244	3	35.47447	10.61597	81.64025	7	-0.00496	-1.60900	0.88235	0.58333	0.00000	0	0	81.64025	7.76281	36.25075	4.5602732972706537e-57	0.0065040650406504065	0.0065040650406504065	sp|P01019|ANGT_HUMAN	170
2020111CXY-7.16436.16436.3.0.dta	2020111CXY-7.16436.16436.3.0.dta	2020111CXY-7	16436	4399.12008	3248.32188	1083.44548	3	1	LDVDQALJR		1043.54800	5 4 2 0 0	(N(N(H(H(N(H(A))))(H(N(H(A)))))))	754	0 1 0 0 0;0 2 0 0 0;1 2 0 0 0;2 2 0 0 0;2 3 0 0 0;3 2 0 0 0;3 3 0 0 0;3 3 1 0 0;3 4 0 0 0;4 3 0 0 0;4 3 1 0 0;4 4 0 0 0;4 4 1 0 0;5 4 0 0 0;5 4 1 0 0;	2204.77244	8	19.38113	15.41162	26.75307	6	0.00145	0.44514	0.52941	0.50000	0.00000	0	0	26.75307	8.82251	20.26338	8.951431042080935e-20	0.0	8.951431042080935e-20	sp|P04278|SHBG_HUMAN	380
2020111CXY-7.18385.18385.3.0.dta	2020111CXY-7.18385.18385.3.0.dta	2020111CXY-7	18385	4924.47857	4790.90113	1597.63856	3	1	SPYYJVSDEISFHCYDGYTLR	14,Carbamidomethyl[C];	2586.12415	5 4 2 0 0	(N(N(H(H(N(H(A))))(H(N(H(A)))))))	754	0 1 0 0 0;0 2 0 0 0;1 2 0 0 0;2 2 0 0 0;2 3 0 0 0;3 2 0 0 0;3 3 0 0 0;3 3 1 0 0;3 4 0 0 0;4 3 0 0 0;4 3 1 0 0;4 4 0 0 0;4 4 1 0 0;5 4 0 0 0;5 4 1 0 0;	2204.77244	5	43.08241	53.49935	23.73667	7	0.00454	0.94804	0.47059	0.72500	0.00000	0	0	23.73667	20.86401	45.16881	1.2723909275839128e-17	0.0	1.2723909275839128e-17	sp|P00751|CFAB_HUMAN	122
2020111CXY-7.3471.3471.3.0.dta	2020111CXY-7.3471.3471.3.0.dta	2020111CXY-7	3471	914.84017	3223.24289	1075.08581	3	1	HJSTGCLR	6,Carbamidomethyl[C];	944.43667	6 5 1 0 0	(N(N(H(H(N(H(A))))(H(N(H))(N(H))))))	859	0 1 0 0 0;0 2 0 0 0;1 2 0 0 0;2 2 0 0 0;2 3 0 0 0;2 4 0 0 0;3 2 0 0 0;3 3 0 0 0;3 3 1 0 0;3 4 0 0 0;3 5 0 0 0;4 3 0 0 0;4 3 1 0 0;4 4 0 0 0;4 4 1 0 0;4 5 0 0 0;4 5 1 0 0;5 4 0 0 0;5 4 1 0 0;5 5 0 0 0;5 5 1 0 0;6 5 0 0 0;	2278.80922	2	73.40138	65.34973	88.35446	7	-0.00300	-0.93120	0.75000	1.21429	0.00000	0	0	88.35446	18.51799	75.25318	2.0960848422699658e-61	0.0	2.0960848422699658e-61	sp|P10909|CLUS_HUMAN	291
2020111CXY-7.11974.11974.2.0.dta	2020111CXY-7.11974.11974.2.0.dta	2020111CXY-7	11974	3194.30114	3055.20664	1528.10696	2	1	EEQFJSTFR		1157.52218	4 4 1 1 0	(N(F)(N(H(H(N(H))(N(H(A)))))))	363	0 1 0 0 0;0 1 0 1 0;0 2 0 0 0;0 2 0 1 0;1 2 0 0 0;1 2 0 1 0;2 2 0 0 0;2 2 0 1 0;2 3 0 0 0;2 3 0 1 0;2 4 0 0 0;2 4 0 1 0;3 3 0 0 0;3 3 0 1 0;3 3 1 0 0;3 3 1 1 0;3 4 0 0 0;3 4 0 1 0;3 4 1 0 0;3 4 1 1 0;4 4 0 0 0;4 4 0 1 0;4 4 1 0 0;	1897.68211	5	29.21936	24.48829	38.00564	8	0.00236	0.77151	0.44000	0.75000	0.00000	0	0	38.00564	11.74861	30.39422	1.941089484087495e-27	0.0	1.941089484087495e-27	sp|P01859|IGHG2_HUMAN	176
2020111CXY-7.16665.16665.3.0.dta	2020111CXY-7.16665.16665.3.0.dta	2020111CXY-7	16665	4461.72580	4127.81808	1376.61088	3	1	TVLTPATNHMGJVTFTIPANR		2255.16011	6 3 1 0 0	(N(N(H(H)(H(H)(H(N(H(A))))))))	350	0 1 0 0 0;0 2 0 0 0;1 2 0 0 0;2 2 0 0 0;3 2 0 0 0;3 3 0 0 0;4 2 0 0 0;4 3 0 0 0;4 3 1 0 0;5 2 0 0 0;5 3 0 0 0;5 3 1 0 0;6 3 0 0 0;	1872.65047	12	38.22908	45.98025	23.83406	6	0.00749	1.81369	0.66667	0.65000	0.00000	0	0	23.83406	18.33930	40.06301	1.05810479279079e-17	0.0	1.05810479279079e-17	sp|P01024|CO3_HUMAN	85
2020111CXY-7.7310.7310.3.0.dta	2020111CXY-7.7310.7310.3.0.dta	2020111CXY-7	7310	1939.06702	2471.99483	824.66980	3	1	EEQFJSTYR		1173.51708	3 4 0 0 0	(N(N(H(H(N)(N(H))))))	55	0 1 0 0 0;0 2 0 0 0;1 2 0 0 0;2 2 0 0 0;2 3 0 0 0;2 4 0 0 0;3 3 0 0 0;	1298.47596	5	21.90113	17.91841	29.29761	6	0.00179	0.72366	0.66667	0.62500	0.00000	0	0	29.29761	10.15265	22.91640	1.6250690985491887e-21	0.0	1.6250690985491887e-21	sp|P01861|IGHG4_HUMAN	177
2020111CXY-7.12713.12713.4.1.dta	2020111CXY-7.12713.12713.4.1.dta	2020111CXY-7	12713	3392.76255	4294.84513	1074.46674	4	1	NJATVHEQVGGPSLTSDLQAQSK		2381.16916	5 4 1 0 0	(N(N(H(H(N(H)))(H(N(H(A)))))))	380	0 1 0 0 0;0 2 0 0 0;1 2 0 0 0;2 2 0 0 0;2 3 0 0 0;3 2 0 0 0;3 3 0 0 0;3 3 1 0 0;3 4 0 0 0;4 3 0 0 0;4 3 1 0 0;4 4 0 0 0;4 4 1 0 0;5 4 0 0 0;	1913.67702	2	13.34738	13.27536	13.48112	7	-0.00105	-0.24529	0.43750	0.40909	0.00000	0	0	13.48112	9.18254	14.26563	8.868894343783131e-11	0.0	8.868894343783131e-11	sp|P04004|VTNC_HUMAN	86
2020111CXY-7.18255.18255.3.0.dta	2020111CXY-7.18255.18255.3.0.dta	2020111CXY-7	18255	4889.39724	4604.96748	1535.66068	3	1	FJLTETSEAEIHQSFQHLLR		2400.19425	5 4 2 0 0	(N(N(H(H(N(H(A))))(H(N(H(A)))))))	754	0 1 0 0 0;0 2 0 0 0;1 2 0 0 0;2 2 0 0 0;2 3 0 0 0;3 2 0 0 0;3 3 0 0 0;3 3 1 0 0;3 4 0 0 0;4 3 0 0 0;4 3 1 0 0;4 4 0 0 0;4 4 1 0 0;5 4 0 0 0;5 4 1 0 0;	2204.77244	2	5.69667	7.43573	2.46699	3	0.00079	0.17198	0.29412	0.31579	0.00000	0	0	2.46699	7.81173	6.47784	0.0014413058151287398	0.005742411812961444	0.005742411812961444	sp|P01011|AACT_HUMAN	106
2020111CXY-7.12655.12655.3.0.dta	2020111CXY-7.12655.12655.3.0.dta	2020111CXY-7	12655	3377.11501	3182.30481	1061.43979	3	1	TLLJASR		774.44683	5 5 2 0 0	(N(N(H(H)(N)(H(N(H(A)))(N(H(A)))))))	1054	0 1 0 0 0;0 2 0 0 0;1 2 0 0 0;1 3 0 0 0;2 2 0 0 0;2 3 0 0 0;2 4 0 0 0;2 5 0 0 0;3 2 0 0 0;3 3 0 0 0;3 3 1 0 0;3 4 0 0 0;3 4 1 0 0;3 5 0 0 0;3 5 1 0 0;4 3 0 0 0;4 3 1 0 0;4 4 0 0 0;4 4 1 0 0;4 4 2 0 0;4 5 0 0 0;4 5 1 0 0;4 5 2 0 0;5 4 0 0 0;5 4 1 0 0;5 4 2 0 0;5 5 0 0 0;5 5 1 0 0;	2407.85181	4	22.24071	20.94213	24.65237	7	0.00617	1.93835	0.33333	0.83333	0.00000	0	0	24.65237	9.24935	23.16564	3.077273213984967e-18	0.0	3.077273213984967e-18	sp|P01880|IGHD_HUMAN	367
2020111CXY-7.16575.16575.3.0.dta	2020111CXY-7.16575.16575.3.0.dta	2020111CXY-7	16575	4437.03690	4265.79862	1422.60439	3	1	DIVEYYJDSJGSHVLQGR		2065.95735	3 7 0 2 0	(N(N(H(N)(H(N)(N(F)))(H(N)(N(F))))))	753	0 1 0 0 0;0 2 0 0 0;1 2 0 0 0;1 3 0 0 0;2 2 0 0 0;2 3 0 0 0;2 3 0 1 0;2 4 0 0 0;2 4 0 1 0;2 5 0 0 0;2 5 0 1 0;3 2 0 0 0;3 3 0 0 0;3 3 0 1 0;3 4 0 0 0;3 4 0 1 0;3 4 0 2 0;3 5 0 0 0;3 5 0 1 0;3 5 0 2 0;3 6 0 0 0;3 6 0 1 0;3 6 0 2 0;3 7 0 0 0;3 7 0 1 0;	2199.82990	10	17.92495	19.13076	15.68559	7	0.01137	2.66484	0.29630	0.50000	0.00000	0	0	15.68559	11.71607	19.09656	2.686119560686442e-12	0.0	2.686119560686442e-12	sp|P25311|ZA2G_HUMAN	112
2020111CXY-7.14063.14063.3.0.dta	2020111CXY-7.14063.14063.3.0.dta	2020111CXY-7	14063	3756.88167	3471.33666	1157.78374	3	1	LGJWSAMPSCK	10,Carbamidomethyl[C];7,Oxidation[M];	1266.56055	5 4 2 0 0	(N(N(H(H(N(H(A))))(H(N(H(A)))))))	754	0 1 0 0 0;0 2 0 0 0;1 2 0 0 0;2 2 0 0 0;2 3 0 0 0;3 2 0 0 0;3 3 0 0 0;3 3 1 0 0;3 4 0 0 0;4 3 0 0 0;4 3 1 0 0;4 4 0 0 0;4 4 1 0 0;5 4 0 0 0;5 4 1 0 0;	2204.77244	3	42.37550	46.11058	35.43893	7	0.00367	1.05636	0.58824	1.10000	0.00000	0	0	35.43893	16.20612	43.99611	1.352621034585963e-25	0.0	1.352621034585963e-25	sp|P02749|APOH_HUMAN	253
2020111CXY-7.17405.17405.3.0.dta	2020111CXY-7.17405.17405.3.0.dta	2020111CXY-7	17405	4661.81021	3636.46696	1212.82717	3	1	LNAENJATFYFK		1431.69030	5 4 2 0 0	(N(N(H(H(N(H(A))))(H(N(H(A)))))))	754	0 1 0 0 0;0 2 0 0 0;1 2 0 0 0;2 2 0 0 0;2 3 0 0 0;3 2 0 0 0;3 3 0 0 0;3 3 1 0 0;3 4 0 0 0;4 3 0 0 0;4 3 1 0 0;4 4 0 0 0;4 4 1 0 0;5 4 0 0 0;5 4 1 0 0;	2204.77244	6	63.12710	85.25713	22.02848	6	0.00423	1.16238	0.52941	1.13636	0.00000	0	0	22.02848	23.66801	65.49390	1.5850293839608828e-16	0.0	1.5850293839608828e-16	sp|P01042|KNG1_HUMAN	294
2020111CXY-7.17493.17493.3.0.dta	2020111CXY-7.17493.17493.3.0.dta	2020111CXY-7	17493	4685.70650	3708.69030	1236.90162	3	1	VVLHPJYSQVDIGLIK		1795.01124	5 4 1 0 0	(N(N(H(H(N(H)))(H(N(H(A)))))))	380	0 1 0 0 0;0 2 0 0 0;1 2 0 0 0;2 2 0 0 0;2 3 0 0 0;3 2 0 0 0;3 3 0 0 0;3 3 1 0 0;3 4 0 0 0;4 3 0 0 0;4 3 1 0 0;4 4 0 0 0;4 4 1 0 0;5 4 0 0 0;	1913.67702	6	13.33503	16.28159	7.86284	4	0.00204	0.55019	0.43750	0.46667	0.00000	0	0	7.86284	9.49560	14.28459	3.7353669630994706e-07	0.0	3.7353669630994706e-07	sp|P00738|HPT_HUMAN	241
2020111CXY-7.9147.9147.2.0.dta	2020111CXY-7.9147.9147.2.0.dta	2020111CXY-7	9147	2433.47226	2768.22596	1384.61662	2	1	TPLTAJITK		958.55677	4 5 0 1 0	(N(F)(N(H(N)(H(N(H))(N(H))))))	291	0 1 0 0 0;0 1 0 1 0;0 2 0 0 0;0 2 0 1 0;1 2 0 0 0;1 2 0 1 0;1 3 0 0 0;1 3 0 1 0;2 2 0 0 0;2 2 0 1 0;2 3 0 0 0;2 3 0 1 0;2 4 0 0 0;2 4 0 1 0;2 5 0 0 0;2 5 0 1 0;3 3 0 0 0;3 3 0 1 0;3 4 0 0 0;3 4 0 1 0;3 5 0 0 0;3 5 0 1 0;4 4 0 0 0;4 4 0 1 0;4 5 0 0 0;	1809.66607	6	74.51952	88.21225	49.09015	8	0.00312	1.12748	0.51852	1.31250	0.00000	0	0	49.09015	24.81943	77.00146	6.350834472772011e-35	0.0	6.350834472772011e-35	sp|P01877|IGHA2_HUMAN	205
2020111CXY-7.17214.17214.3.0.dta	2020111CXY-7.17214.17214.3.0.dta	2020111CXY-7	17214	4610.51217	3390.42971	1130.81476	3	1	CGLVPVLAENYJK	1,Carbamidomethyl[C];	1476.75152	5 4 1 0 0	(N(N(H(H(N(H)))(H(N(H(A)))))))	380	0 1 0 0 0;0 2 0 0 0;1 2 0 0 0;2 2 0 0 0;2 3 0 0 0;3 2 0 0 0;3 3 0 0 0;3 3 1 0 0;3 4 0 0 0;4 3 0 0 0;4 3 1 0 0;4 4 0 0 0;4 4 1 0 0;5 4 0 0 0;	1913.67702	12	12.66260	15.09465	8.14595	6	0.00117	0.34553	0.37500	0.50000	0.00000	0	0	8.14595	9.67960	13.63056	2.7219739671680443e-07	0.0	2.7219739671680443e-07	sp|P02787|TRFE_HUMAN	432
2020111CXY-7.9402.9402.3.1.dta	2020111CXY-7.9402.9402.3.1.dta	2020111CXY-7	9402	2500.93396	2602.05809	868.02422	3	1	EEQFJSTFR		1157.52218	3 4 0 1 0	(N(N(H(H(N(H))(N(F))))))	90	0 1 0 0 0;0 2 0 0 0;1 2 0 0 0;2 2 0 0 0;2 3 0 0 0;2 3 0 1 0;2 4 0 0 0;2 4 0 1 0;3 3 0 0 0;3 4 0 0 0;	1444.53387	5	24.60926	25.08315	23.72920	6	0.00205	0.78633	0.50000	0.68750	0.00000	0	0	23.72920	10.01713	25.61097	1.317921147093229e-17	0.0	1.317921147093229e-17	sp|P01859|IGHG2_HUMAN	176
2020111CXY-7.12558.12558.3.0.dta	2020111CXY-7.12558.12558.3.0.dta	2020111CXY-7	12558	3350.97819	3072.19649	1024.73701	3	1	DFVJASSK		867.42067	5 4 2 0 0	(N(N(H(H(N(H(A))))(H(N(H(A)))))))	754	0 1 0 0 0;0 2 0 0 0;1 2 0 0 0;2 2 0 0 0;2 3 0 0 0;3 2 0 0 0;3 3 0 0 0;3 3 1 0 0;3 4 0 0 0;4 3 0 0 0;4 3 1 0 0;4 4 0 0 0;4 4 1 0 0;5 4 0 0 0;5 4 1 0 0;	2204.77244	4	75.72790	108.28090	15.27231	6	0.00337	1.09855	0.35294	1.42857	0.00000	0	0	15.27231	28.59226	78.58713	4.956728690801386e-12	0.0	4.956728690801386e-12	sp|P05546|HEP2_HUMAN	188
2020111CXY-7.10435.10435.3.0.dta	2020111CXY-7.10435.10435.3.0.dta	2020111CXY-7	10435	2778.58411	3846.39913	1282.80456	3	1	JCCNTENPPGCYR	2,Carbamidomethyl[C];3,Carbamidomethyl[C];11,Carbamidomethyl[C];	1641.62026	5 4 2 0 0	(N(N(H(H(N(H(A))))(H(N(H(A)))))))	754	0 1 0 0 0;0 2 0 0 0;1 2 0 0 0;2 2 0 0 0;2 3 0 0 0;3 2 0 0 0;3 3 0 0 0;3 3 1 0 0;3 4 0 0 0;4 3 0 0 0;4 3 1 0 0;4 4 0 0 0;4 4 1 0 0;5 4 0 0 0;5 4 1 0 0;	2204.77244	1	17.88770	19.36922	15.13630	6	0.00643	1.67091	0.41176	0.62500	0.00000	0	0	15.13630	10.72380	18.96008	7.717642121968802e-12	0.0	7.717642121968802e-12	sp|P43652|AFAM_HUMAN	383
2020111CXY-7.7133.7133.3.0.dta	2020111CXY-7.7133.7133.3.0.dta	2020111CXY-7	7133	1891.82266	3280.31568	1094.11008	3	1	KEDALJETR		1075.53783	5 4 2 0 0	(N(N(H(H(N(H(A))))(H(N(H(A)))))))	754	0 1 0 0 0;0 2 0 0 0;1 2 0 0 0;2 2 0 0 0;2 3 0 0 0;3 2 0 0 0;3 3 0 0 0;3 3 1 0 0;3 4 0 0 0;4 3 0 0 0;4 3 1 0 0;4 4 0 0 0;4 4 1 0 0;5 4 0 0 0;5 4 1 0 0;	2204.77244	6	30.42656	10.69788	67.06554	7	0.00541	1.65044	0.82353	0.50000	0.00000	0	0	67.06554	7.65697	31.19226	2.066018573061342e-47	0.007269789983844911	0.007269789983844911	sp|P10909|CLUS_HUMAN	86
2020111CXY-7.19066.19066.3.0.dta	2020111CXY-7.19066.19066.3.0.dta	2020111CXY-7	19066	5107.66712	4736.91310	1579.64255	3	1	TELFSSSCPGGIMLJETGQGYQR	8,Carbamidomethyl[C];	2532.14934	5 4 2 0 0	(N(N(H(H(N(H(A))))(H(N(H(A)))))))	754	0 1 0 0 0;0 2 0 0 0;1 2 0 0 0;2 2 0 0 0;2 3 0 0 0;3 2 0 0 0;3 3 0 0 0;3 3 1 0 0;3 4 0 0 0;4 3 0 0 0;4 3 1 0 0;4 4 0 0 0;4 4 1 0 0;5 4 0 0 0;5 4 1 0 0;	2204.77244	15	24.40722	34.15959	6.29568	5	-0.00869	-1.83348	0.29412	0.54545	0.00000	0	0	6.29568	15.68598	25.97582	3.6584177242596723e-06	0.0	3.6584177242596723e-06	sp|O95445|APOM_HUMAN	135
2020111CXY-7.18451.18451.3.0.dta	2020111CXY-7.18451.18451.3.0.dta	2020111CXY-7	18451	4942.21111	4719.90150	1573.97202	3	1	QQQHLFGSJVTDCSGJFCLFR	13,Carbamidomethyl[C];18,Carbamidomethyl[C];	2515.12414	5 4 2 0 0	(N(N(H(H(N(H(A))))(H(N(H(A)))))))	754	0 1 0 0 0;0 2 0 0 0;1 2 0 0 0;2 2 0 0 0;2 3 0 0 0;3 2 0 0 0;3 3 0 0 0;3 3 1 0 0;3 4 0 0 0;4 3 0 0 0;4 3 1 0 0;4 4 0 0 0;4 4 1 0 0;5 4 0 0 0;5 4 1 0 0;	2204.77244	9	39.44167	55.53720	9.54996	6	0.00492	1.04154	0.35294	0.80000	0.00000	0	0	9.54996	22.43010	41.68468	3.637897236910934e-08	0.0	3.637897236910934e-08	sp|P02787|TRFE_HUMAN	630
2020111CXY-7.11343.11343.2.0.dta	2020111CXY-7.11343.11343.2.0.dta	2020111CXY-7	11343	3023.98263	3018.29524	1509.65126	2	1	TPLTAJITK		958.55677	5 4 1 1 0	(N(N(H(H(N(H)(F)))(H(N(H(A)))))))	550	0 1 0 0 0;0 2 0 0 0;1 2 0 0 0;2 2 0 0 0;2 3 0 0 0;2 3 0 1 0;3 2 0 0 0;3 3 0 0 0;3 3 0 1 0;3 3 1 0 0;3 4 0 0 0;3 4 0 1 0;4 3 0 0 0;4 3 0 1 0;4 3 1 0 0;4 4 0 0 0;4 4 0 1 0;4 4 1 0 0;4 4 1 1 0;5 4 0 0 0;5 4 0 1 0;5 4 1 0 0;	2059.73493	6	79.15137	109.08070	23.56834	6	0.00353	1.16943	0.41667	1.43750	0.00000	0	0	23.56834	29.71024	82.12239	1.7785971501213756e-17	0.0	1.7785971501213756e-17	sp|P01877|IGHA2_HUMAN	205
2020111CXY-7.7852.7852.3.0.dta	2020111CXY-7.7852.7852.3.0.dta	2020111CXY-7	7852	2084.61618	3469.35618	1157.12358	3	1	EEQYJSTYR		1189.51199	6 5 0 2 0	(N(F)(N(H(H(N(H)))(H(N(H(N(H)(F))))))))	867	0 1 0 0 0;0 1 0 1 0;0 2 0 0 0;0 2 0 1 0;1 2 0 0 0;1 2 0 1 0;2 2 0 0 0;2 2 0 1 0;2 3 0 0 0;2 3 0 1 0;3 2 0 0 0;3 2 0 1 0;3 3 0 0 0;3 3 0 1 0;3 4 0 0 0;3 4 0 1 0;3 4 0 2 0;4 3 0 0 0;4 3 0 1 0;4 4 0 0 0;4 4 0 1 0;4 4 0 2 0;4 5 0 0 0;4 5 0 1 0;4 5 0 2 0;5 4 0 0 0;5 4 0 1 0;5 4 0 2 0;5 5 0 0 0;5 5 0 1 0;5 5 0 2 0;6 5 0 0 0;6 5 0 1 0;	2279.82962	5	33.95321	23.48896	53.38682	9	0.01457	4.19918	0.51429	0.68750	0.00000	0	0	53.38682	9.63520	34.91673	8.048567438265334e-38	0.0	8.048567438265334e-38	sp|P01857|IGHG1_HUMAN	180
2020111CXY-7.11809.11809.2.0.dta	2020111CXY-7.11809.11809.2.0.dta	2020111CXY-7	11809	3149.50506	3071.20240	1536.10484	2	1	EEQFJSTFR		1157.52218	5 4 1 0 0	(N(N(H(H(N(H)))(H(N(H(A)))))))	380	0 1 0 0 0;0 2 0 0 0;1 2 0 0 0;2 2 0 0 0;2 3 0 0 0;3 2 0 0 0;3 3 0 0 0;3 3 1 0 0;3 4 0 0 0;4 3 0 0 0;4 3 1 0 0;4 4 0 0 0;4 4 1 0 0;5 4 0 0 0;	1913.67702	5	17.21250	10.14632	30.33542	7	0.00319	1.04015	0.62500	0.56250	0.00000	0	0	30.33542	8.28787	18.04129	3.9998434841812695e-22	0.0025996533795493936	0.0025996533795493936	sp|P01859|IGHG2_HUMAN	176
2020111CXY-7.6315.6315.2.0.dta	2020111CXY-7.6315.6315.2.0.dta	2020111CXY-7	6315	1672.02928	2837.12719	1419.06723	2	1	EEQYJSTYR		1189.51199	3 5 0 1 0	(N(F)(N(H(N)(H(N)(N(H))))))	184	0 1 0 0 0;0 1 0 1 0;0 2 0 0 0;0 2 0 1 0;1 2 0 0 0;1 2 0 1 0;1 3 0 0 0;1 3 0 1 0;2 2 0 0 0;2 2 0 1 0;2 3 0 0 0;2 3 0 1 0;2 4 0 0 0;2 4 0 1 0;2 5 0 0 0;2 5 0 1 0;3 3 0 0 0;3 3 0 1 0;3 4 0 0 0;3 4 0 1 0;3 5 0 0 0;	1647.61324	5	13.97336	9.99921	21.35394	7	0.00196	0.69103	0.39130	0.56250	0.00000	0	0	21.35394	8.25379	14.79874	3.6460702685695886e-16	0.0025996533795493936	0.0025996533795493936	sp|P01857|IGHG1_HUMAN	180
2020111CXY-7.17228.17228.3.0.dta	2020111CXY-7.17228.17228.3.0.dta	2020111CXY-7	17228	4614.45347	4428.80584	1476.94013	3	1	QQQHLFGSJVTDCSGJFCLFR	13,Carbamidomethyl[C];18,Carbamidomethyl[C];	2515.12414	5 4 1 0 0	(N(N(H(H(N(H)))(H(N(H(A)))))))	380	0 1 0 0 0;0 2 0 0 0;1 2 0 0 0;2 2 0 0 0;2 3 0 0 0;3 2 0 0 0;3 3 0 0 0;3 3 1 0 0;3 4 0 0 0;4 3 0 0 0;4 3 1 0 0;4 4 0 0 0;4 4 1 0 0;5 4 0 0 0;	1913.67702	9	61.08042	74.94387	35.33400	7	0.00467	1.05480	0.62500	0.82500	0.00000	0	0	35.33400	26.30155	63.71057	1.7256062763334645e-25	0.0	1.7256062763334645e-25	sp|P02787|TRFE_HUMAN	630
2020111CXY-7.15793.15793.4.2.dta	2020111CXY-7.15793.15793.4.2.dta	2020111CXY-7	15793	4225.07585	3839.55884	960.64517	4	1	GTAGNALMDGASQLMGEJR	8,Oxidation[M];	1908.85384	6 4 0 1 0	(N(N(H(H(H))(H(N(H))(N(H)(F))))))	399	0 1 0 0 0;0 2 0 0 0;1 2 0 0 0;2 2 0 0 0;2 3 0 0 0;2 3 0 1 0;2 4 0 0 0;2 4 0 1 0;3 2 0 0 0;3 3 0 0 0;3 3 0 1 0;3 4 0 0 0;3 4 0 1 0;4 2 0 0 0;4 3 0 0 0;4 3 0 1 0;4 4 0 0 0;4 4 0 1 0;5 3 0 0 0;5 3 0 1 0;5 4 0 0 0;5 4 0 1 0;6 4 0 0 0;	1930.69234	18	25.30921	29.35952	17.78719	6	0.01266	3.29798	0.36000	0.38889	0.00000	0	0	17.78719	12.12643	26.52185	9.713790313731581e-14	0.0	9.713790313731581e-14	sp|P02675|FIBB_HUMAN	394
2020111CXY-7.11782.11782.3.0.dta	2020111CXY-7.11782.11782.3.0.dta	2020111CXY-7	11782	3142.21464	3217.26137	1073.09197	3	1	EEQFJSTFR		1157.52218	5 4 1 1 0	(N(N(H(H(N(H)(F)))(H(N(H(A)))))))	550	0 1 0 0 0;0 2 0 0 0;1 2 0 0 0;2 2 0 0 0;2 3 0 0 0;2 3 0 1 0;3 2 0 0 0;3 3 0 0 0;3 3 0 1 0;3 3 1 0 0;3 4 0 0 0;3 4 0 1 0;4 3 0 0 0;4 3 0 1 0;4 3 1 0 0;4 4 0 0 0;4 4 0 1 0;4 4 1 0 0;4 4 1 1 0;5 4 0 0 0;5 4 0 1 0;5 4 1 0 0;	2059.73493	5	39.39555	38.68703	40.71137	7	0.00426	1.32308	0.50000	0.81250	0.00000	0	0	40.71137	13.42029	40.73758	3.183421819550653e-29	0.0	3.183421819550653e-29	sp|P01859|IGHG2_HUMAN	176
2020111CXY-7.19677.19677.4.0.dta	2020111CXY-7.19677.19677.4.0.dta	2020111CXY-7	19677	5271.47045	4977.10062	1245.03061	4	1	JISDGFDGIPDNVDAALALPAHSYSGR		2772.32235	5 4 2 0 0	(N(N(H(H)(H(N(H(A)))(N(H(A)))))))	756	0 1 0 0 0;0 2 0 0 0;1 2 0 0 0;2 2 0 0 0;2 3 0 0 0;2 4 0 0 0;3 2 0 0 0;3 3 0 0 0;3 3 1 0 0;3 4 0 0 0;3 4 1 0 0;4 3 0 0 0;4 3 1 0 0;4 4 0 0 0;4 4 1 0 0;4 4 2 0 0;5 4 0 0 0;5 4 1 0 0;	2204.77244	1	9.79294	13.54138	2.83156	4	0.00583	1.17055	0.25000	0.36538	0.00000	0	0	2.83156	9.35598	10.72854	0.001038905322481569	0.0	0.001038905322481569	sp|P04004|VTNC_HUMAN	242
2020111CXY-7.17703.17703.4.0.dta	2020111CXY-7.17703.17703.4.0.dta	2020111CXY-7	17703	4741.54145	4900.16398	1225.79645	4	1	MVSHHJLTTGATLINEQWLLTTAK	1,Oxidation[M];	2695.38721	5 4 2 0 0	(N(N(H(H(N(H(A))))(H(N(H(A)))))))	754	0 1 0 0 0;0 2 0 0 0;1 2 0 0 0;2 2 0 0 0;2 3 0 0 0;3 2 0 0 0;3 3 0 0 0;3 3 1 0 0;3 4 0 0 0;4 3 0 0 0;4 3 1 0 0;4 4 0 0 0;4 4 1 0 0;5 4 0 0 0;5 4 1 0 0;	2204.77244	6	18.91065	24.52366	8.48649	5	0.00432	0.88262	0.35294	0.47826	0.00000	0	0	8.48649	12.51725	20.16237	1.7919258690470085e-07	0.0	1.7919258690470085e-07	sp|P00739|HPTR_HUMAN/sp|P00738|HPT_HUMAN	126/184
2020111CXY-7.16905.16905.3.0.dta	2020111CXY-7.16905.16905.3.0.dta	2020111CXY-7	16905	4526.75371	3755.50104	1252.50520	3	1	SWPAVGJCSSALR	8,Carbamidomethyl[C];	1404.66886	5 4 2 1 0	(N(F)(N(H(H(N(H(A))))(H(N(H(A)))))))	991	0 1 0 0 0;0 1 0 1 0;0 2 0 0 0;0 2 0 1 0;1 2 0 0 0;1 2 0 1 0;2 2 0 0 0;2 2 0 1 0;2 3 0 0 0;2 3 0 1 0;3 2 0 0 0;3 2 0 1 0;3 3 0 0 0;3 3 0 1 0;3 3 1 0 0;3 3 1 1 0;3 4 0 0 0;3 4 0 1 0;4 3 0 0 0;4 3 0 1 0;4 3 1 0 0;4 3 1 1 0;4 4 0 0 0;4 4 0 1 0;4 4 1 0 0;4 4 1 1 0;5 4 0 0 0;5 4 0 1 0;5 4 1 0 0;5 4 1 1 0;5 4 2 0 0;	2350.83035	7	48.96629	59.86771	28.72078	7	0.00184	0.48919	0.45455	0.87500	0.00000	0	0	28.72078	19.91525	50.95781	3.1081777822072322e-21	0.0	3.1081777822072322e-21	sp|P02790|HEMO_HUMAN	187
2020111CXY-7.14404.14404.3.0.dta	2020111CXY-7.14404.14404.3.0.dta	2020111CXY-7	14404	3849.21414	3855.55766	1285.85740	3	1	GTAGNALMDGASQLMGEJR	8,Oxidation[M];15,Oxidation[M];	1924.84875	6 4 0 1 0	(N(N(H(H(H))(H(N(H))(N(H)(F))))))	399	0 1 0 0 0;0 2 0 0 0;1 2 0 0 0;2 2 0 0 0;2 3 0 0 0;2 3 0 1 0;2 4 0 0 0;2 4 0 1 0;3 2 0 0 0;3 3 0 0 0;3 3 0 1 0;3 4 0 0 0;3 4 0 1 0;4 2 0 0 0;4 3 0 0 0;4 3 0 1 0;4 4 0 0 0;4 4 0 1 0;5 3 0 0 0;5 3 0 1 0;5 4 0 0 0;5 4 0 1 0;6 4 0 0 0;	1930.69234	18	21.49217	20.58094	23.18444	7	0.01657	4.29790	0.40000	0.41667	0.00000	0	0	23.18444	10.41621	22.53379	2.89919348953711e-17	0.0	2.89919348953711e-17	sp|P02675|FIBB_HUMAN	394
2020111CXY-7.7361.7361.2.0.dta	2020111CXY-7.7361.7361.2.0.dta	2020111CXY-7	7361	1952.71314	2780.10685	1390.55706	2	1	EEQFJSTYR		1173.51708	4 4 0 1 0	(N(N(H(H(N))(H(N(H(F)))))))	161	0 1 0 0 0;0 2 0 0 0;1 2 0 0 0;2 2 0 0 0;2 3 0 0 0;3 2 0 0 0;3 3 0 0 0;3 3 0 1 0;3 4 0 0 0;4 3 0 0 0;4 3 0 1 0;4 4 0 0 0;	1606.58669	5	47.63295	52.10095	39.33524	7	0.00307	1.10487	0.64286	1.00000	0.00000	0	0	39.33524	16.57343	49.29029	2.9786421195337332e-28	0.0	2.9786421195337332e-28	sp|P01861|IGHG4_HUMAN	177
2020111CXY-7.16745.16745.4.0.dta	2020111CXY-7.16745.16745.4.0.dta	2020111CXY-7	16745	4483.31904	5638.36908	1410.34773	4	1	HGIQYFNJNTQHSSLFMLNEVKR		2777.35763	6 5 3 0 0	(N(N(H(H(N(H(A))))(H(N(H(A)))(N(H(A)))))))	1823	0 1 0 0 0;0 2 0 0 0;1 2 0 0 0;2 2 0 0 0;2 3 0 0 0;2 4 0 0 0;3 2 0 0 0;3 3 0 0 0;3 3 1 0 0;3 4 0 0 0;3 4 1 0 0;3 5 0 0 0;4 3 0 0 0;4 3 1 0 0;4 4 0 0 0;4 4 1 0 0;4 4 2 0 0;4 5 0 0 0;4 5 1 0 0;5 4 0 0 0;5 4 1 0 0;5 4 2 0 0;5 5 0 0 0;5 5 1 0 0;5 5 2 0 0;6 5 0 0 0;6 5 1 0 0;6 5 2 0 0;	2861.00005	8	40.25328	52.25753	17.95967	5	0.01140	2.02141	0.33333	0.70455	0.00000	0	0	17.95967	21.66121	42.41940	6.352476335881348e-14	0.0	6.352476335881348e-14	sp|P01042|KNG1_HUMAN	169
2020111CXY-7.6167.6167.2.0.dta	2020111CXY-7.6167.6167.2.0.dta	2020111CXY-7	6167	1632.64570	2837.12721	1419.06724	2	1	EEQYJSTYR		1189.51199	3 5 0 1 0	(N(N(H(N)(H(N))(H(N(F))))))	181	0 1 0 0 0;0 2 0 0 0;1 2 0 0 0;1 3 0 0 0;2 2 0 0 0;2 3 0 0 0;2 3 0 1 0;2 4 0 0 0;2 4 0 1 0;3 2 0 0 0;3 3 0 0 0;3 3 0 1 0;3 4 0 0 0;3 4 0 1 0;3 5 0 0 0;	1647.61324	5	60.63950	67.10595	48.63039	7	0.00198	0.69808	0.70588	1.12500	0.00000	0	0	48.63039	20.28122	62.66762	1.2650336073044554e-34	0.0	1.2650336073044554e-34	sp|P01857|IGHG1_HUMAN	180
2020111CXY-7.14786.14786.3.0.dta	2020111CXY-7.14786.14786.3.0.dta	2020111CXY-7	14786	3952.65020	3838.53184	1280.18213	3	1	GTAGNALMDGASQLMGEJR	8,Oxidation[M];15,Oxidation[M];	1924.84875	5 4 1 0 0	(N(N(H(H(N(H)))(H(N(H(A)))))))	380	0 1 0 0 0;0 2 0 0 0;1 2 0 0 0;2 2 0 0 0;2 3 0 0 0;3 2 0 0 0;3 3 0 0 0;3 3 1 0 0;3 4 0 0 0;4 3 0 0 0;4 3 1 0 0;4 4 0 0 0;4 4 1 0 0;5 4 0 0 0;	1913.67702	18	8.30294	8.28063	8.34436	5	0.00606	1.57912	0.37500	0.30556	0.00000	0	0	8.34436	7.40821	9.04376	2.2655090256651317e-07	0.00944138473642801	0.00944138473642801	sp|P02675|FIBB_HUMAN	394
2020111CXY-7.2645.2645.2.0.dta	2020111CXY-7.2645.2645.2.0.dta	2020111CXY-7	2645	695.74894	2823.10074	1412.05401	2	1	JASQAK		618.32056	5 4 2 0 0	(N(N(H(H(N(H(A))))(H(N(H(A)))))))	754	0 1 0 0 0;0 2 0 0 0;1 2 0 0 0;2 2 0 0 0;2 3 0 0 0;3 2 0 0 0;3 3 0 0 0;3 3 1 0 0;3 4 0 0 0;4 3 0 0 0;4 3 1 0 0;4 4 0 0 0;4 4 1 0 0;5 4 0 0 0;5 4 1 0 0;	2204.77244	1	11.89279	12.84577	10.12298	6	0.00773	2.73918	0.35294	0.80000	0.00000	0	0	10.12298	7.89944	12.68273	1.7431421098960514e-08	0.004180602006688963	0.004180602006688963	sp|Q7Z6J0|SH3R1_HUMAN/sp|Q6N021|TET2_HUMAN/sp|Q9UK55|ZPI_HUMAN	510/1504/197
2020111CXY-7.17318.17318.3.0.dta	2020111CXY-7.17318.17318.3.0.dta	2020111CXY-7	17318	4638.42763	3644.48594	1215.50016	3	1	GTAGNALMDGASQLMGEJR		1892.85892	4 4 1 0 0	(N(N(H(H(N))(H(N(H(A)))))))	239	0 1 0 0 0;0 2 0 0 0;1 2 0 0 0;2 2 0 0 0;2 3 0 0 0;3 2 0 0 0;3 3 0 0 0;3 3 1 0 0;3 4 0 0 0;4 3 0 0 0;4 3 1 0 0;4 4 0 0 0;	1751.62420	18	49.54069	62.76891	24.97400	6	0.00282	0.77293	0.64286	0.69444	0.00000	0	0	24.97400	20.57037	51.59773	2.1403984385106214e-18	0.0	2.1403984385106214e-18	sp|P02675|FIBB_HUMAN	394
2020111CXY-7.8018.8018.3.0.dta	2020111CXY-7.8018.8018.3.0.dta	2020111CXY-7	8018	2129.19327	3590.48774	1197.50076	3	1	VTACHSSQPJATLYK	4,Carbamidomethyl[C];	1676.80607	5 4 1 0 0	(N(N(H(H(N(H)))(H(N(H(A)))))))	380	0 1 0 0 0;0 2 0 0 0;1 2 0 0 0;2 2 0 0 0;2 3 0 0 0;3 2 0 0 0;3 3 0 0 0;3 3 1 0 0;3 4 0 0 0;4 3 0 0 0;4 3 1 0 0;4 4 0 0 0;4 4 1 0 0;5 4 0 0 0;	1913.67702	10	55.85351	58.49848	50.94142	7	0.00464	1.29216	0.75000	0.82143	0.00000	0	0	50.94142	19.59861	57.81337	5.311334205658328e-36	0.0	5.311334205658328e-36	sp|P05543|THBG_HUMAN	36
2020111CXY-7.16928.16928.3.0.dta	2020111CXY-7.16928.16928.3.0.dta	2020111CXY-7	16928	4532.94016	4472.86785	1491.62747	3	1	GLTFQQJASSMCVPDQDTAIR	12,Carbamidomethyl[C];	2339.07546	6 5 0 1 0	(N(N(H(H(N(H)))(H(N(F)(H(N(H))))))))	659	0 1 0 0 0;0 2 0 0 0;1 2 0 0 0;2 2 0 0 0;2 3 0 0 0;2 3 0 1 0;3 2 0 0 0;3 3 0 0 0;3 3 0 1 0;3 4 0 0 0;3 4 0 1 0;4 3 0 0 0;4 3 0 1 0;4 4 0 0 0;4 4 0 1 0;4 5 0 0 0;4 5 0 1 0;5 4 0 0 0;5 4 0 1 0;5 5 0 0 0;5 5 0 1 0;6 5 0 0 0;	2133.77171	7	34.68873	52.26391	2.04911	3	0.02068	4.62237	0.20833	0.80000	0.00000	0	0	2.04911	20.74676	36.76341	0.002212561900560697	0.0	0.002212561900560697	sp|P01871|IGHM_HUMAN	209
2020111CXY-7.17233.17233.3.0.dta	2020111CXY-7.17233.17233.3.0.dta	2020111CXY-7	17233	4615.89779	4574.86390	1525.62615	3	1	QQQHLFGSJVTDCSGJFCLFR	13,Carbamidomethyl[C];18,Carbamidomethyl[C];	2515.12414	5 4 1 1 0	(N(N(H(H(N(H)(F)))(H(N(H(A)))))))	550	0 1 0 0 0;0 2 0 0 0;1 2 0 0 0;2 2 0 0 0;2 3 0 0 0;2 3 0 1 0;3 2 0 0 0;3 3 0 0 0;3 3 0 1 0;3 3 1 0 0;3 4 0 0 0;3 4 0 1 0;4 3 0 0 0;4 3 0 1 0;4 3 1 0 0;4 4 0 0 0;4 4 0 1 0;4 4 1 0 0;4 4 1 1 0;5 4 0 0 0;5 4 0 1 0;5 4 1 0 0;	2059.73493	9	10.41780	15.40487	1.15609	3	0.00482	1.05417	0.12500	0.40000	0.00000	0	0	1.15609	11.77273	11.59507	0.006624954851511069	0.0	0.006624954851511069	sp|P02787|TRFE_HUMAN	630
2020111CXY-7.11784.11784.2.0.dta	2020111CXY-7.11784.11784.2.0.dta	2020111CXY-7	11784	3142.76987	3217.26024	1609.13376	2	1	EEQFJSTFR		1157.52218	5 4 1 1 0	(N(F)(N(H(H(N(H)))(H(N(H(A)))))))	549	0 1 0 0 0;0 1 0 1 0;0 2 0 0 0;0 2 0 1 0;1 2 0 0 0;1 2 0 1 0;2 2 0 0 0;2 2 0 1 0;2 3 0 0 0;2 3 0 1 0;3 2 0 0 0;3 2 0 1 0;3 3 0 0 0;3 3 0 1 0;3 3 1 0 0;3 3 1 1 0;3 4 0 0 0;3 4 0 1 0;4 3 0 0 0;4 3 0 1 0;4 3 1 0 0;4 3 1 1 0;4 4 0 0 0;4 4 0 1 0;4 4 1 0 0;4 4 1 1 0;5 4 0 0 0;5 4 0 1 0;5 4 1 0 0;	2059.73493	5	34.95100	32.91135	38.73892	8	0.00313	0.97402	0.51613	0.81250	0.00000	0	0	38.73892	12.69836	36.22084	7.340309468749666e-28	0.0	7.340309468749666e-28	sp|P01859|IGHG2_HUMAN	176
2020111CXY-7.4873.4873.2.0.dta	2020111CXY-7.4873.4873.2.0.dta	2020111CXY-7	4873	1289.69927	2710.12251	1355.56489	2	1	GHVJITR		796.44241	5 4 1 0 0	(N(N(H(H(N(H)))(H(N(H(A)))))))	380	0 1 0 0 0;0 2 0 0 0;1 2 0 0 0;2 2 0 0 0;2 3 0 0 0;3 2 0 0 0;3 3 0 0 0;3 3 1 0 0;3 4 0 0 0;4 3 0 0 0;4 3 1 0 0;4 4 0 0 0;4 4 1 0 0;5 4 0 0 0;	1913.67702	4	52.43260	39.10999	77.17459	7	0.00308	1.13593	0.87500	0.91667	0.00000	0	0	77.17459	13.94191	53.82679	8.56467426295121e-54	0.0	8.56467426295121e-54	sp|P00734|THRB_HUMAN	121
2020111CXY-7.17409.17409.2.0.dta	2020111CXY-7.17409.17409.2.0.dta	2020111CXY-7	17409	4662.97117	3636.46238	1818.73483	2	1	LNAENJATFYFK		1431.69030	5 4 2 0 0	(N(N(H(H(N(H(A))))(H(N(H(A)))))))	754	0 1 0 0 0;0 2 0 0 0;1 2 0 0 0;2 2 0 0 0;2 3 0 0 0;3 2 0 0 0;3 3 0 0 0;3 3 1 0 0;3 4 0 0 0;4 3 0 0 0;4 3 1 0 0;4 4 0 0 0;4 4 1 0 0;5 4 0 0 0;5 4 1 0 0;	2204.77244	6	46.13384	53.03473	33.31789	7	-0.00035	-0.09708	0.64706	1.04545	0.00000	0	0	33.31789	17.78139	47.91198	3.664772522917615e-24	0.0	3.664772522917615e-24	sp|P01042|KNG1_HUMAN	294
2020111CXY-7.13813.13813.3.0.dta	2020111CXY-7.13813.13813.3.0.dta	2020111CXY-7	13813	3688.97312	3277.30264	1093.10573	3	1	DTFVJASR		909.44247	6 4 1 2 0	(N(F)(N(H(H(H))(H(N(H)(F))(N(H(A)))))))	1021	0 1 0 0 0;0 1 0 1 0;0 2 0 0 0;0 2 0 1 0;1 2 0 0 0;1 2 0 1 0;2 2 0 0 0;2 2 0 1 0;2 3 0 0 0;2 3 0 1 0;2 3 0 2 0;2 4 0 0 0;2 4 0 1 0;2 4 0 2 0;3 2 0 0 0;3 2 0 1 0;3 3 0 0 0;3 3 0 1 0;3 3 0 2 0;3 3 1 0 0;3 3 1 1 0;3 4 0 0 0;3 4 0 1 0;3 4 0 2 0;3 4 1 0 0;3 4 1 1 0;3 4 1 2 0;4 2 0 0 0;4 2 0 1 0;4 3 0 0 0;4 3 0 1 0;4 3 0 2 0;4 3 1 0 0;4 3 1 1 0;4 4 0 0 0;4 4 0 1 0;4 4 0 2 0;4 4 1 0 0;4 4 1 1 0;4 4 1 2 0;5 3 0 0 0;5 3 0 1 0;5 3 0 2 0;5 3 1 0 0;5 3 1 1 0;5 4 0 0 0;5 4 0 1 0;5 4 0 2 0;5 4 1 0 0;5 4 1 1 0;5 4 1 2 0;6 4 0 0 0;6 4 0 1 0;6 4 0 2 0;6 4 1 0 0;6 4 1 1 0;	2367.84566	5	19.07014	18.76709	19.63295	8	0.01450	4.42420	0.20690	0.71429	0.00000	0	0	19.63295	8.90104	19.96024	5.900895492157796e-15	0.0	5.900895492157796e-15	sp|P05155|IC1_HUMAN	238
2020111CXY-7.17662.17662.3.1.dta	2020111CXY-7.17662.17662.3.1.dta	2020111CXY-7	17662	4730.57053	3806.53625	1269.51693	3	1	GTAGNALMDGASQLMGEJR		1892.85892	5 4 1 0 0	(N(N(H(H(N(H)))(H(N(H(A)))))))	380	0 1 0 0 0;0 2 0 0 0;1 2 0 0 0;2 2 0 0 0;2 3 0 0 0;3 2 0 0 0;3 3 0 0 0;3 3 1 0 0;3 4 0 0 0;4 3 0 0 0;4 3 1 0 0;4 4 0 0 0;4 4 1 0 0;5 4 0 0 0;	1913.67702	18	28.54197	33.73696	18.89414	6	0.00030	0.07973	0.50000	0.50000	0.00000	0	0	18.89414	13.09491	29.85146	1.7022326532967164e-14	0.0	1.7022326532967164e-14	sp|P02675|FIBB_HUMAN	394
2020111CXY-7.5886.5886.2.0.dta	2020111CXY-7.5886.5886.2.0.dta	2020111CXY-7	5886	1559.14061	2796.10141	1398.55434	2	1	EEQYJSTYR		1189.51199	4 4 0 1 0	(N(F)(N(H(H(N))(H(N(H))))))	158	0 1 0 0 0;0 1 0 1 0;0 2 0 0 0;0 2 0 1 0;1 2 0 0 0;1 2 0 1 0;2 2 0 0 0;2 2 0 1 0;2 3 0 0 0;2 3 0 1 0;3 2 0 0 0;3 2 0 1 0;3 3 0 0 0;3 3 0 1 0;3 4 0 0 0;3 4 0 1 0;4 3 0 0 0;4 3 0 1 0;4 4 0 0 0;	1606.58669	5	57.65006	55.09242	62.39997	9	0.00273	0.97623	0.66667	0.93750	0.00000	0	0	62.39997	17.98975	59.44903	4.3476972632621044e-44	0.0	4.3476972632621044e-44	sp|P01857|IGHG1_HUMAN	180
2020111CXY-7.15320.15320.3.0.dta	2020111CXY-7.15320.15320.3.0.dta	2020111CXY-7	15320	4097.40738	4129.62671	1377.21375	3	1	GTAGNALMDGASQLMGEJR	8,Oxidation[M];15,Oxidation[M];	1924.84875	5 4 2 0 0	(N(N(H(H(N(H(A))))(H(N(H(A)))))))	754	0 1 0 0 0;0 2 0 0 0;1 2 0 0 0;2 2 0 0 0;2 3 0 0 0;3 2 0 0 0;3 3 0 0 0;3 3 1 0 0;3 4 0 0 0;4 3 0 0 0;4 3 1 0 0;4 4 0 0 0;4 4 1 0 0;5 4 0 0 0;5 4 1 0 0;	2204.77244	18	31.97428	32.19402	31.56620	7	0.00552	1.33668	0.58824	0.52778	0.00000	0	0	31.56620	12.74702	33.24898	4.601543770510868e-23	0.0	4.601543770510868e-23	sp|P02675|FIBB_HUMAN	394
2020111CXY-7.4801.4801.3.0.dta	2020111CXY-7.4801.4801.3.0.dta	2020111CXY-7	4801	1270.02215	2833.16591	945.06016	3	1	YKJNSDISSTR		1284.61786	4 3 1 0 0	(N(N(H(H)(H(N(H(A)))))))	126	0 1 0 0 0;0 2 0 0 0;1 2 0 0 0;2 2 0 0 0;2 3 0 0 0;3 2 0 0 0;3 3 0 0 0;3 3 1 0 0;4 3 0 0 0;	1548.54483	3	61.27283	61.36201	61.10719	7	0.00323	1.13882	0.90909	1.05000	0.00000	0	0	61.10719	19.17590	63.19042	4.744300395497015e-43	0.0	4.744300395497015e-43	sp|P01871|IGHM_HUMAN	46
2020111CXY-7.17239.17239.3.0.dta	2020111CXY-7.17239.17239.3.0.dta	2020111CXY-7	17239	4617.39982	3806.54139	1269.51865	3	1	GTAGNALMDGASQLMGEJR		1892.85892	5 4 1 0 0	(N(N(H(H(N(H)))(H(N(H(A)))))))	380	0 1 0 0 0;0 2 0 0 0;1 2 0 0 0;2 2 0 0 0;2 3 0 0 0;3 2 0 0 0;3 3 0 0 0;3 3 1 0 0;3 4 0 0 0;4 3 0 0 0;4 3 1 0 0;4 4 0 0 0;4 4 1 0 0;5 4 0 0 0;	1913.67702	18	53.98703	74.34028	16.18814	6	0.00545	1.43056	0.37500	0.69444	0.00000	0	0	16.18814	24.83807	56.47084	1.0560036456996865e-12	0.0	1.0560036456996865e-12	sp|P02675|FIBB_HUMAN	394
2020111CXY-7.5594.5594.3.0.dta	2020111CXY-7.5594.5594.3.0.dta	2020111CXY-7	5594	1481.79916	2710.12137	904.04531	3	1	GHVJITR		796.44241	5 4 1 0 0	(N(N(H(H(N(H)))(H(N(H(A)))))))	380	0 1 0 0 0;0 2 0 0 0;1 2 0 0 0;2 2 0 0 0;2 3 0 0 0;3 2 0 0 0;3 3 0 0 0;3 3 1 0 0;3 4 0 0 0;4 3 0 0 0;4 3 1 0 0;4 4 0 0 0;4 4 1 0 0;5 4 0 0 0;	1913.67702	4	32.11807	19.83882	54.92240	7	0.00194	0.71454	0.75000	0.83333	0.00000	0	0	54.92240	8.99372	33.01744	8.628729494553561e-39	0.0	8.628729494553561e-39	sp|P00734|THRB_HUMAN	121
2020111CXY-7.7425.7425.2.0.dta	2020111CXY-7.7425.7425.2.0.dta	2020111CXY-7	7425	1970.01848	2618.05363	1309.53045	2	1	EEQFJSTYR		1173.51708	3 4 0 1 0	(N(F)(N(H(H(N))(H(N)))))	95	0 1 0 0 0;0 1 0 1 0;0 2 0 0 0;0 2 0 1 0;1 2 0 0 0;1 2 0 1 0;2 2 0 0 0;2 2 0 1 0;2 3 0 0 0;2 3 0 1 0;3 2 0 0 0;3 2 0 1 0;3 3 0 0 0;3 3 0 1 0;3 4 0 0 0;	1444.53387	5	58.89633	66.86123	44.10437	7	0.00268	1.02255	0.76471	1.00000	0.00000	0	0	44.10437	20.22452	60.91878	1.4826839039305762e-31	0.0	1.4826839039305762e-31	sp|P01861|IGHG4_HUMAN	177
2020111CXY-7.6140.6140.3.0.dta	2020111CXY-7.6140.6140.3.0.dta	2020111CXY-7	6140	1625.59338	3773.54337	1258.51931	3	1	KKEDALJETR		1203.63279	6 5 2 0 0	(N(N(H(H(N(H(A))))(H(N(H))(N(H(A)))))))	1338	0 1 0 0 0;0 2 0 0 0;1 2 0 0 0;2 2 0 0 0;2 3 0 0 0;2 4 0 0 0;3 2 0 0 0;3 3 0 0 0;3 3 1 0 0;3 4 0 0 0;3 4 1 0 0;3 5 0 0 0;4 3 0 0 0;4 3 1 0 0;4 4 0 0 0;4 4 1 0 0;4 5 0 0 0;4 5 1 0 0;5 4 0 0 0;5 4 1 0 0;5 4 2 0 0;5 5 0 0 0;5 5 1 0 0;5 5 2 0 0;6 5 0 0 0;6 5 1 0 0;	2569.90464	7	18.08786	11.04637	31.16491	6	0.00595	1.57624	0.46429	0.50000	0.00000	0	0	31.16491	7.61595	18.84945	8.712983101126857e-23	0.007269789983844911	0.007269789983844911	sp|P10909|CLUS_HUMAN	86
2020111CXY-7.7687.7687.3.0.dta	2020111CXY-7.7687.7687.3.0.dta	2020111CXY-7	7687	2040.17404	3249.25179	1083.75545	3	1	EEQYJSTYR		1189.51199	5 4 1 1 0	(N(F)(N(H(H(N(H)))(H(N(H(A)))))))	549	0 1 0 0 0;0 1 0 1 0;0 2 0 0 0;0 2 0 1 0;1 2 0 0 0;1 2 0 1 0;2 2 0 0 0;2 2 0 1 0;2 3 0 0 0;2 3 0 1 0;3 2 0 0 0;3 2 0 1 0;3 3 0 0 0;3 3 0 1 0;3 3 1 0 0;3 3 1 1 0;3 4 0 0 0;3 4 0 1 0;4 3 0 0 0;4 3 0 1 0;4 3 1 0 0;4 3 1 1 0;4 4 0 0 0;4 4 0 1 0;4 4 1 0 0;4 4 1 1 0;5 4 0 0 0;5 4 0 1 0;5 4 1 0 0;	2059.73493	5	29.58875	18.88982	49.45820	9	0.00487	1.49963	0.48387	0.62500	0.00000	0	0	49.45820	10.37772	30.62652	2.990703722933976e-35	0.0	2.990703722933976e-35	sp|P01857|IGHG1_HUMAN	180
2020111CXY-7.12693.12693.3.0.dta	2020111CXY-7.12693.12693.3.0.dta	2020111CXY-7	12693	3387.41319	3072.19734	1024.73730	3	1	DFVJASSK		867.42067	5 4 2 0 0	(N(N(H(H(N(H(A))))(H(N(H(A)))))))	754	0 1 0 0 0;0 2 0 0 0;1 2 0 0 0;2 2 0 0 0;2 3 0 0 0;3 2 0 0 0;3 3 0 0 0;3 3 1 0 0;3 4 0 0 0;4 3 0 0 0;4 3 1 0 0;4 4 0 0 0;4 4 1 0 0;5 4 0 0 0;5 4 1 0 0;	2204.77244	4	30.45458	38.02987	16.38618	7	0.00423	1.37685	0.41176	1.14286	0.00000	0	0	16.38618	12.35160	31.68974	8.966827770637087e-13	0.0	8.966827770637087e-13	sp|P05546|HEP2_HUMAN	188
2020111CXY-7.13170.13170.2.0.dta	2020111CXY-7.13170.13170.2.0.dta	2020111CXY-7	13170	3515.37601	3477.39578	1739.20153	2	1	FSDGLESJSSTQFEVK		1774.81300	8 2 0 0 0	(N(N(H(H(H))(H(H)(H)(H(H))))))	215	0 1 0 0 0;0 2 0 0 0;1 2 0 0 0;2 2 0 0 0;3 2 0 0 0;4 2 0 0 0;5 2 0 0 0;6 2 0 0 0;7 2 0 0 0;	1702.58133	8	22.17094	28.63731	10.16195	5	0.00145	0.41606	0.54545	0.73333	0.00000	0	0	10.16195	11.28174	23.29911	1.6206614913654024e-08	0.0	1.6206614913654024e-08	sp|P0C0L4|CO4A_HUMAN/sp|P0C0L5|CO4B_HUMAN	226/226
2020111CXY-7.15288.15288.3.0.dta	2020111CXY-7.15288.15288.3.0.dta	2020111CXY-7	15288	4088.52479	3822.53671	1274.85042	3	1	GTAGNALMDGASQLMGEJR	15,Oxidation[M];	1908.85384	5 4 1 0 0	(N(N(H(H(N(H)))(H(N(H(A)))))))	380	0 1 0 0 0;0 2 0 0 0;1 2 0 0 0;2 2 0 0 0;2 3 0 0 0;3 2 0 0 0;3 3 0 0 0;3 3 1 0 0;3 4 0 0 0;4 3 0 0 0;4 3 1 0 0;4 4 0 0 0;4 4 1 0 0;5 4 0 0 0;	1913.67702	18	46.94767	53.61620	34.56325	7	0.00585	1.53105	0.62500	0.63889	0.00000	0	0	34.56325	19.21697	48.86937	5.33077980870672e-25	0.0	5.33077980870672e-25	sp|P02675|FIBB_HUMAN	394
2020111CXY-7.7287.7287.2.0.dta	2020111CXY-7.7287.7287.2.0.dta	2020111CXY-7	7287	1932.89594	2780.10632	1390.55680	2	1	EEQFJSTYR		1173.51708	4 4 0 1 0	(N(F)(N(H(H(N))(H(N(H))))))	158	0 1 0 0 0;0 1 0 1 0;0 2 0 0 0;0 2 0 1 0;1 2 0 0 0;1 2 0 1 0;2 2 0 0 0;2 2 0 1 0;2 3 0 0 0;2 3 0 1 0;3 2 0 0 0;3 2 0 1 0;3 3 0 0 0;3 3 0 1 0;3 4 0 0 0;3 4 0 1 0;4 3 0 0 0;4 3 0 1 0;4 4 0 0 0;	1606.58669	5	47.96077	46.20141	51.22814	9	0.00255	0.91638	0.61905	0.93750	0.00000	0	0	51.22814	15.20893	49.48166	3.0443340266563135e-36	0.0	3.0443340266563135e-36	sp|P01861|IGHG4_HUMAN	177
2020111CXY-7.4891.4891.3.0.dta	2020111CXY-7.4891.4891.3.0.dta	2020111CXY-7	4891	1294.52255	3198.29873	1066.77109	3	1	YKJNSDISSTR		1284.61786	5 4 1 0 0	(N(N(H(H(N(H)))(H(N(H(A)))))))	380	0 1 0 0 0;0 2 0 0 0;1 2 0 0 0;2 2 0 0 0;2 3 0 0 0;3 2 0 0 0;3 3 0 0 0;3 3 1 0 0;3 4 0 0 0;4 3 0 0 0;4 3 1 0 0;4 4 0 0 0;4 4 1 0 0;5 4 0 0 0;	1913.67702	3	80.93756	87.98894	67.84215	7	0.00385	1.20298	0.81250	1.30000	0.00000	0	0	67.84215	25.54673	83.49223	6.242863456316796e-48	0.0	6.242863456316796e-48	sp|P01871|IGHM_HUMAN	46
2020111CXY-7.5523.5523.3.0.dta	2020111CXY-7.5523.5523.3.0.dta	2020111CXY-7	5523	1462.52393	3110.22069	1037.41175	3	1	JNSDISSTR		993.45958	5 5 1 0 0	(N(N(H(N)(H(H))(H(N)(N(H(A)))))))	620	0 1 0 0 0;0 2 0 0 0;1 2 0 0 0;1 3 0 0 0;2 2 0 0 0;2 3 0 0 0;2 4 0 0 0;2 5 0 0 0;3 2 0 0 0;3 3 0 0 0;3 3 1 0 0;3 4 0 0 0;3 4 1 0 0;3 5 0 0 0;3 5 1 0 0;4 2 0 0 0;4 3 0 0 0;4 3 1 0 0;4 4 0 0 0;4 4 1 0 0;4 5 0 0 0;4 5 1 0 0;5 3 0 0 0;5 3 1 0 0;5 4 0 0 0;5 4 1 0 0;5 5 0 0 0;	2116.75640	1	33.12590	45.90238	9.39815	5	0.00472	1.51757	0.24138	1.18750	0.00000	0	0	9.39815	15.60600	34.68650	5.1460215728300406e-08	0.0	5.1460215728300406e-08	sp|P01871|IGHM_HUMAN	46
2020111CXY-7.17925.17925.3.0.dta	2020111CXY-7.17925.17925.3.0.dta	2020111CXY-7	17925	4801.27514	3425.40348	1142.47268	3	1	JFTENDLLVR		1220.62698	5 4 2 0 0	(N(N(H(H(N(H(A))))(H(N(H(A)))))))	754	0 1 0 0 0;0 2 0 0 0;1 2 0 0 0;2 2 0 0 0;2 3 0 0 0;3 2 0 0 0;3 3 0 0 0;3 3 1 0 0;3 4 0 0 0;4 3 0 0 0;4 3 1 0 0;4 4 0 0 0;4 4 1 0 0;5 4 0 0 0;5 4 1 0 0;	2204.77244	1	31.53328	43.83397	8.68916	5	0.00406	1.18584	0.29412	1.11111	0.00000	0	0	8.68916	15.93728	33.12701	1.3508852455174458e-07	0.0	1.3508852455174458e-07	sp|P00734|THRB_HUMAN	416
2020111CXY-7.7307.7307.3.0.dta	2020111CXY-7.7307.7307.3.0.dta	2020111CXY-7	7307	1938.23430	4064.63895	1355.55117	3	1	KKEDALJETR		1203.63279	6 5 3 0 0	(N(N(H(H(N(H(A))))(H(N(H(A)))(N(H(A)))))))	1823	0 1 0 0 0;0 2 0 0 0;1 2 0 0 0;2 2 0 0 0;2 3 0 0 0;2 4 0 0 0;3 2 0 0 0;3 3 0 0 0;3 3 1 0 0;3 4 0 0 0;3 4 1 0 0;3 5 0 0 0;4 3 0 0 0;4 3 1 0 0;4 4 0 0 0;4 4 1 0 0;4 4 2 0 0;4 5 0 0 0;4 5 1 0 0;5 4 0 0 0;5 4 1 0 0;5 4 2 0 0;5 5 0 0 0;5 5 1 0 0;5 5 2 0 0;6 5 0 0 0;6 5 1 0 0;6 5 2 0 0;	2861.00005	7	20.00260	8.88559	40.64848	6	0.00611	1.50283	0.53333	0.44444	0.00000	0	0	40.64848	7.91758	20.79436	3.898926941055737e-29	0.003352891869237217	0.003352891869237217	sp|P10909|CLUS_HUMAN	86
2020111CXY-7.9105.9105.2.0.dta	2020111CXY-7.9105.9105.2.0.dta	2020111CXY-7	9105	2421.94365	3225.27922	1613.14325	2	1	FLNJGTCTAEGK	7,Carbamidomethyl[C];	1311.59978	5 4 1 0 0	(N(N(H(H(N(H)))(H(N(H(A)))))))	380	0 1 0 0 0;0 2 0 0 0;1 2 0 0 0;2 2 0 0 0;2 3 0 0 0;3 2 0 0 0;3 3 0 0 0;3 3 1 0 0;3 4 0 0 0;4 3 0 0 0;4 3 1 0 0;4 4 0 0 0;4 4 1 0 0;5 4 0 0 0;	1913.67702	4	8.98845	12.24456	2.94141	4	0.00242	0.74924	0.25000	0.63636	0.00000	0	0	2.94141	9.74567	9.96302	0.0008960170803523708	0.0	0.0008960170803523708	sp|P05156|CFAI_HUMAN	103
2020111CXY-7.14008.14008.3.0.dta	2020111CXY-7.14008.14008.3.0.dta	2020111CXY-7	14008	3742.03273	3649.63518	1217.21658	3	1	TVLTPATNHMGJVTFTIPANR	10,Oxidation[M];	2271.15503	6 2 0 0 0	(N(N(H(H(H)(H(H(H)))))))	64	0 1 0 0 0;0 2 0 0 0;1 2 0 0 0;2 2 0 0 0;3 2 0 0 0;4 2 0 0 0;5 2 0 0 0;	1378.47569	12	67.61732	78.22656	47.91445	7	0.00446	1.22304	0.88889	0.80000	0.00000	0	0	47.91445	24.65196	70.08252	3.480227200527284e-34	0.0	3.480227200527284e-34	sp|P01024|CO3_HUMAN	85
2020111CXY-7.9116.9116.3.0.dta	2020111CXY-7.9116.9116.3.0.dta	2020111CXY-7	9116	2424.91162	3088.21697	1030.07717	3	1	EEQFJSTFR		1157.52218	6 4 0 1 0	(N(F)(N(H(H(N(H)))(H(H(N(H)))))))	401	0 1 0 0 0;0 1 0 1 0;0 2 0 0 0;0 2 0 1 0;1 2 0 0 0;1 2 0 1 0;2 2 0 0 0;2 2 0 1 0;2 3 0 0 0;2 3 0 1 0;3 2 0 0 0;3 2 0 1 0;3 3 0 0 0;3 3 0 1 0;4 2 0 0 0;4 2 0 1 0;4 3 0 0 0;4 3 0 1 0;4 4 0 0 0;4 4 0 1 0;5 3 0 0 0;5 3 0 1 0;5 4 0 0 0;5 4 0 1 0;6 4 0 0 0;	1930.69234	5	22.69940	14.91130	37.16301	8	0.00246	0.79521	0.51852	0.68750	0.00000	0	0	37.16301	8.93472	23.59287	8.163223438588886e-27	0.0	8.163223438588886e-27	sp|P01859|IGHG2_HUMAN	176
2020111CXY-7.16861.16861.3.0.dta	2020111CXY-7.16861.16861.3.0.dta	2020111CXY-7	16861	4514.99860	4593.07795	1531.69750	3	1	MVSHHJLTTGATLINEQWLLTTAK		2679.39230	5 4 1 0 0	(N(N(H(H(N(H)))(H(N(H(A)))))))	380	0 1 0 0 0;0 2 0 0 0;1 2 0 0 0;2 2 0 0 0;2 3 0 0 0;3 2 0 0 0;3 3 0 0 0;3 3 1 0 0;3 4 0 0 0;4 3 0 0 0;4 3 1 0 0;4 4 0 0 0;4 4 1 0 0;5 4 0 0 0;	1913.67702	6	33.90110	51.63391	0.96874	2	0.00863	1.87902	0.18750	0.58696	0.00000	0	0	0.96874	20.83970	35.98507	0.009689720465669302	0.0	0.009689720465669302	sp|P00739|HPTR_HUMAN/sp|P00738|HPT_HUMAN	126/184
2020111CXY-7.8926.8926.2.0.dta	2020111CXY-7.8926.8926.2.0.dta	2020111CXY-7	8926	2373.38909	2727.19948	1364.10338	2	1	TPLTAJITK		958.55677	5 4 0 1 0	(N(F)(N(H(H(N(H)))(H(N(H))))))	267	0 1 0 0 0;0 1 0 1 0;0 2 0 0 0;0 2 0 1 0;1 2 0 0 0;1 2 0 1 0;2 2 0 0 0;2 2 0 1 0;2 3 0 0 0;2 3 0 1 0;3 2 0 0 0;3 2 0 1 0;3 3 0 0 0;3 3 0 1 0;3 4 0 0 0;3 4 0 1 0;4 3 0 0 0;4 3 0 1 0;4 4 0 0 0;4 4 0 1 0;5 4 0 0 0;	1768.63952	6	29.84521	41.24317	8.67757	6	0.00319	1.17124	0.30435	1.00000	0.00000	0	0	8.67757	14.20588	31.26580	1.3802619485872416e-07	0.0	1.3802619485872416e-07	sp|P01877|IGHA2_HUMAN	205
2020111CXY-7.3785.3785.3.0.dta	2020111CXY-7.3785.3785.3.0.dta	2020111CXY-7	3785	998.42238	2858.11381	953.37612	3	1	HJSTGCLR	6,Carbamidomethyl[C];	944.43667	5 4 1 0 0	(N(N(H(H(N(H)))(H(N(H(A)))))))	380	0 1 0 0 0;0 2 0 0 0;1 2 0 0 0;2 2 0 0 0;2 3 0 0 0;3 2 0 0 0;3 3 0 0 0;3 3 1 0 0;3 4 0 0 0;4 3 0 0 0;4 3 1 0 0;4 4 0 0 0;4 4 1 0 0;5 4 0 0 0;	1913.67702	2	43.80116	27.48299	74.10633	7	0.00011	0.03831	0.81250	0.85714	0.00000	0	0	74.10633	10.09231	44.81039	7.125188727336425e-52	0.0	7.125188727336425e-52	sp|P10909|CLUS_HUMAN	291
2020111CXY-7.18177.18177.3.0.dta	2020111CXY-7.18177.18177.3.0.dta	2020111CXY-7	18177	4868.37673	4865.95947	1622.65801	3	1	QQQHLFGSJVTDCSGJFCLFR	13,Carbamidomethyl[C];18,Carbamidomethyl[C];	2515.12414	5 4 2 1 0	(N(F)(N(H(H(N(H(A))))(H(N(H(A)))))))	991	0 1 0 0 0;0 1 0 1 0;0 2 0 0 0;0 2 0 1 0;1 2 0 0 0;1 2 0 1 0;2 2 0 0 0;2 2 0 1 0;2 3 0 0 0;2 3 0 1 0;3 2 0 0 0;3 2 0 1 0;3 3 0 0 0;3 3 0 1 0;3 3 1 0 0;3 3 1 1 0;3 4 0 0 0;3 4 0 1 0;4 3 0 0 0;4 3 0 1 0;4 3 1 0 0;4 3 1 1 0;4 4 0 0 0;4 4 0 1 0;4 4 1 0 0;4 4 1 1 0;5 4 0 0 0;5 4 0 1 0;5 4 1 0 0;5 4 1 1 0;5 4 2 0 0;	2350.83035	9	39.34053	53.44574	13.14513	7	0.00498	1.02409	0.27273	0.70000	0.00000	0	0	13.14513	21.26708	41.46724	1.6920009853662441e-10	0.0	1.6920009853662441e-10	sp|P02787|TRFE_HUMAN	630
2020111CXY-7.17094.17094.3.0.dta	2020111CXY-7.17094.17094.3.0.dta	2020111CXY-7	17094	4577.86691	3839.55870	1280.52442	3	1	GTAGNALMDGASQLMGEJR	8,Oxidation[M];	1908.85384	6 4 0 1 0	(N(N(H(H(H)(H))(H(N(H))(N(F))))))	405	0 1 0 0 0;0 2 0 0 0;1 2 0 0 0;2 2 0 0 0;2 3 0 0 0;2 3 0 1 0;2 4 0 0 0;2 4 0 1 0;3 2 0 0 0;3 3 0 0 0;3 3 0 1 0;3 4 0 0 0;3 4 0 1 0;4 2 0 0 0;4 3 0 0 0;4 3 0 1 0;4 4 0 0 0;4 4 0 1 0;5 2 0 0 0;5 3 0 0 0;5 3 0 1 0;5 4 0 0 0;5 4 0 1 0;6 3 0 0 0;6 4 0 0 0;	1930.69234	18	27.01009	26.23410	28.45123	7	0.01253	3.26282	0.40741	0.38889	0.00000	0	0	28.45123	12.25004	28.23509	7.260571497479704e-21	0.0	7.260571497479704e-21	sp|P02675|FIBB_HUMAN	394
2020111CXY-7.7691.7691.2.0.dta	2020111CXY-7.7691.7691.2.0.dta	2020111CXY-7	7691	2041.29063	3087.19752	1544.10240	2	1	EEQYJSTYR		1189.51199	4 4 1 1 0	(N(N(H(H(N(F)))(H(N(H(A)))))))	359	0 1 0 0 0;0 2 0 0 0;1 2 0 0 0;2 2 0 0 0;2 3 0 0 0;2 3 0 1 0;3 2 0 0 0;3 3 0 0 0;3 3 0 1 0;3 3 1 0 0;3 4 0 0 0;3 4 0 1 0;4 3 0 0 0;4 3 1 0 0;4 4 0 0 0;4 4 0 1 0;4 4 1 0 0;	1897.68211	5	34.21916	30.83796	40.49854	7	0.00343	1.10946	0.57895	0.81250	0.00000	0	0	40.49854	11.90673	35.40983	5.021357801798593e-29	0.0	5.021357801798593e-29	sp|P01857|IGHG1_HUMAN	180
2020111CXY-7.19351.19351.3.0.dta	2020111CXY-7.19351.19351.3.0.dta	2020111CXY-7	19351	5184.50914	4899.97470	1633.99642	3	1	ELPGVCJETMMALWEECKPCLK	6,Carbamidomethyl[C];17,Carbamidomethyl[C];20,Carbamidomethyl[C];	2695.20569	5 4 2 0 0	(N(N(H(H(N(H(A))))(H(N(H(A)))))))	754	0 1 0 0 0;0 2 0 0 0;1 2 0 0 0;2 2 0 0 0;2 3 0 0 0;3 2 0 0 0;3 3 0 0 0;3 3 1 0 0;3 4 0 0 0;4 3 0 0 0;4 3 1 0 0;4 4 0 0 0;4 4 1 0 0;5 4 0 0 0;5 4 1 0 0;	2204.77244	7	33.08085	43.63568	13.47902	6	-0.00343	-0.69960	0.47059	0.66667	0.00000	0	0	13.47902	17.34301	34.81515	9.199859528807985e-11	0.0	9.199859528807985e-11	sp|P10909|CLUS_HUMAN	103
2020111CXY-7.7606.7606.3.0.dta	2020111CXY-7.7606.7606.3.0.dta	2020111CXY-7	7606	2018.38019	3103.19112	1035.06856	3	1	EEQYJSTYR		1189.51199	5 4 1 0 0	(N(N(H(H(N(H)))(H(N(H(A)))))))	380	0 1 0 0 0;0 2 0 0 0;1 2 0 0 0;2 2 0 0 0;2 3 0 0 0;3 2 0 0 0;3 3 0 0 0;3 3 1 0 0;3 4 0 0 0;4 3 0 0 0;4 3 1 0 0;4 4 0 0 0;4 4 1 0 0;5 4 0 0 0;	1913.67702	5	15.42706	9.80794	25.86257	7	0.00211	0.67849	0.50000	0.50000	0.00000	0	0	25.86257	7.61511	16.18857	4.2091136185705206e-19	0.007269789983844911	0.007269789983844911	sp|P01857|IGHG1_HUMAN	180
2020111CXY-7.12183.12183.3.0.dta	2020111CXY-7.12183.12183.3.0.dta	2020111CXY-7	12183	3250.08414	3645.39724	1215.80393	3	1	MDGASJVTCINSR	9,Carbamidomethyl[C];1,Oxidation[M];	1440.62059	5 4 2 0 0	(N(N(H(H(N(H(A))))(H(N(H(A)))))))	754	0 1 0 0 0;0 2 0 0 0;1 2 0 0 0;2 2 0 0 0;2 3 0 0 0;3 2 0 0 0;3 3 0 0 0;3 3 1 0 0;3 4 0 0 0;4 3 0 0 0;4 3 1 0 0;4 4 0 0 0;4 4 1 0 0;5 4 0 0 0;5 4 1 0 0;	2204.77244	6	52.90810	60.32290	39.13775	7	0.00421	1.15460	0.58824	1.04167	0.00000	0	0	39.13775	20.54644	54.96274	4.0278804681591943e-28	0.0	4.0278804681591943e-28	sp|P08603|CFAH_HUMAN	1029
2020111CXY-7.14108.14108.3.0.dta	2020111CXY-7.14108.14108.3.0.dta	2020111CXY-7	14108	3768.90940	3825.47222	1275.82892	3	1	EDALJETR		947.44286	7 5 2 1 0	(N(N(H(N)(H(H)(H))(H(N(H(A)))(N(F)(H(A)))))))	1849	0 1 0 0 0;0 2 0 0 0;1 2 0 0 0;1 3 0 0 0;2 2 0 0 0;2 3 0 0 0;2 3 0 1 0;2 4 0 0 0;2 4 0 1 0;2 5 0 0 0;2 5 0 1 0;3 2 0 0 0;3 3 0 0 0;3 3 0 1 0;3 3 1 0 0;3 3 1 1 0;3 4 0 0 0;3 4 0 1 0;3 4 1 0 0;3 4 1 1 0;3 5 0 0 0;3 5 0 1 0;3 5 1 0 0;3 5 1 1 0;4 2 0 0 0;4 3 0 0 0;4 3 0 1 0;4 3 1 0 0;4 3 1 1 0;4 4 0 0 0;4 4 0 1 0;4 4 1 0 0;4 4 1 1 0;4 4 2 0 0;4 4 2 1 0;4 5 0 0 0;4 5 0 1 0;4 5 1 0 0;4 5 1 1 0;4 5 2 0 0;4 5 2 1 0;5 2 0 0 0;5 3 0 0 0;5 3 0 1 0;5 3 1 0 0;5 3 1 1 0;5 4 0 0 0;5 4 0 1 0;5 4 1 0 0;5 4 1 1 0;5 4 2 0 0;5 4 2 1 0;5 5 0 0 0;5 5 0 1 0;5 5 1 0 0;5 5 1 1 0;5 5 2 0 0;5 5 2 1 0;6 3 0 0 0;6 3 0 1 0;6 3 1 0 0;6 3 1 1 0;6 4 0 0 0;6 4 0 1 0;6 4 1 0 0;6 4 1 1 0;6 4 2 0 0;6 4 2 1 0;6 5 0 0 0;6 5 0 1 0;6 5 1 0 0;6 5 1 1 0;6 5 2 0 0;6 5 2 1 0;7 4 0 0 0;7 4 0 1 0;7 4 1 0 0;7 4 1 1 0;7 4 2 0 0;7 4 2 1 0;7 5 0 0 0;7 5 0 1 0;7 5 1 0 0;7 5 1 1 0;7 5 2 0 0;	2878.01537	5	23.56198	26.31775	18.44412	6	0.01398	3.65543	0.16092	0.78571	0.00000	0	0	18.44412	11.12720	24.67470	3.182346706324052e-14	0.0	3.182346706324052e-14	sp|P10909|CLUS_HUMAN	86
2020111CXY-7.5601.5601.3.0.dta	2020111CXY-7.5601.5601.3.0.dta	2020111CXY-7	5601	1483.64708	3149.21141	1050.40865	3	1	HJSTGCLR	6,Carbamidomethyl[C];	944.43667	5 4 2 0 0	(N(N(H(H(N(H(A))))(H(N(H(A)))))))	754	0 1 0 0 0;0 2 0 0 0;1 2 0 0 0;2 2 0 0 0;2 3 0 0 0;3 2 0 0 0;3 3 0 0 0;3 3 1 0 0;3 4 0 0 0;4 3 0 0 0;4 3 1 0 0;4 4 0 0 0;4 4 1 0 0;5 4 0 0 0;5 4 1 0 0;	2204.77244	2	38.71491	16.63453	79.72133	7	0.00229	0.72874	0.88235	0.71429	0.00000	0	0	79.72133	8.01238	39.51615	1.484857763345758e-55	0.003352891869237217	0.003352891869237217	sp|P10909|CLUS_HUMAN	291
2020111CXY-7.17015.17015.4.3.dta	2020111CXY-7.17015.17015.4.3.dta	2020111CXY-7	17015	4556.28810	4849.01430	1213.00903	4	1	HGIQYFNJNTQHSSLFMLNEVK		2621.25652	4 3 2 1 1	(N(N(H(H(H))(H(N(F)(pH(A(A))))))))	6260	0 1 0 0 0;0 2 0 0 0;1 2 0 0 0;2 2 0 0 0;2 3 0 0 0;2 3 0 0 1;2 3 0 1 0;2 3 0 1 1;2 3 1 0 1;2 3 1 1 1;2 3 2 0 1;2 3 2 1 1;3 2 0 0 0;3 3 0 0 0;3 3 0 0 1;3 3 0 1 0;3 3 0 1 1;3 3 1 0 1;3 3 1 1 1;3 3 2 0 1;3 3 2 1 1;4 2 0 0 0;4 3 0 0 0;4 3 0 0 1;4 3 0 1 0;4 3 0 1 1;4 3 1 0 1;4 3 1 1 1;4 3 2 0 1;	2227.71731	8	30.61376	39.63737	13.85562	5	0.04047	8.34679	0.32258	0.64286	0.00000	0	0	13.85562	16.07884	32.22164	4.724173693814922e-11	0.0	4.724173693814922e-11	sp|P01042|KNG1_HUMAN	169
2020111CXY-7.7497.7497.2.0.dta	2020111CXY-7.7497.7497.2.0.dta	2020111CXY-7	7497	1989.07587	2780.10627	1390.55678	2	1	EEQFJSTYR		1173.51708	4 4 0 1 0	(N(F)(N(H(H(N(H))(N(H))))))	166	0 1 0 0 0;0 1 0 1 0;0 2 0 0 0;0 2 0 1 0;1 2 0 0 0;1 2 0 1 0;2 2 0 0 0;2 2 0 1 0;2 3 0 0 0;2 3 0 1 0;2 4 0 0 0;2 4 0 1 0;3 3 0 0 0;3 3 0 1 0;3 4 0 0 0;3 4 0 1 0;4 4 0 0 0;	1606.58669	5	25.15189	22.04772	30.91678	8	0.00250	0.89840	0.47368	0.81250	0.00000	0	0	30.91678	9.75291	26.12718	1.2868400752924292e-22	0.0	1.2868400752924292e-22	sp|P01861|IGHG4_HUMAN	177
2020111CXY-7.16450.16450.4.0.dta	2020111CXY-7.16450.16450.4.0.dta	2020111CXY-7	16450	4403.00054	4916.92940	1229.98781	4	1	EHEGAIYPDJTTDFQR		1892.84094	7 5 2 2 0	(N(N(H(N)(H(H)(H))(H(N(F)(H(A)))(N(F)(H(A)))))))	2079	0 1 0 0 0;0 2 0 0 0;1 2 0 0 0;1 3 0 0 0;2 2 0 0 0;2 3 0 0 0;2 3 0 1 0;2 4 0 0 0;2 4 0 1 0;2 4 0 2 0;2 5 0 0 0;2 5 0 1 0;2 5 0 2 0;3 2 0 0 0;3 3 0 0 0;3 3 0 1 0;3 3 1 0 0;3 3 1 1 0;3 4 0 0 0;3 4 0 1 0;3 4 0 2 0;3 4 1 0 0;3 4 1 1 0;3 4 1 2 0;3 5 0 0 0;3 5 0 1 0;3 5 0 2 0;3 5 1 0 0;3 5 1 1 0;3 5 1 2 0;4 2 0 0 0;4 3 0 0 0;4 3 0 1 0;4 3 1 0 0;4 3 1 1 0;4 4 0 0 0;4 4 0 1 0;4 4 0 2 0;4 4 1 0 0;4 4 1 1 0;4 4 1 2 0;4 4 2 0 0;4 4 2 1 0;4 4 2 2 0;4 5 0 0 0;4 5 0 1 0;4 5 0 2 0;4 5 1 0 0;4 5 1 1 0;4 5 1 2 0;4 5 2 0 0;4 5 2 1 0;4 5 2 2 0;5 2 0 0 0;5 3 0 0 0;5 3 0 1 0;5 3 1 0 0;5 3 1 1 0;5 4 0 0 0;5 4 0 1 0;5 4 0 2 0;5 4 1 0 0;5 4 1 1 0;5 4 1 2 0;5 4 2 0 0;5 4 2 1 0;5 4 2 2 0;5 5 0 0 0;5 5 0 1 0;5 5 0 2 0;5 5 1 0 0;5 5 1 1 0;5 5 1 2 0;5 5 2 0 0;5 5 2 1 0;5 5 2 2 0;6 3 0 0 0;6 3 0 1 0;6 3 1 0 0;6 3 1 1 0;6 4 0 0 0;6 4 0 1 0;6 4 0 2 0;6 4 1 0 0;6 4 1 1 0;6 4 1 2 0;6 4 2 0 0;6 4 2 1 0;6 4 2 2 0;6 5 0 0 0;6 5 0 1 0;6 5 0 2 0;6 5 1 0 0;6 5 1 1 0;6 5 1 2 0;6 5 2 0 0;6 5 2 1 0;6 5 2 2 0;7 4 0 0 0;7 4 0 1 0;7 4 0 2 0;7 4 1 0 0;7 4 1 1 0;7 4 1 2 0;7 4 2 0 0;7 4 2 1 0;7 4 2 2 0;7 5 0 0 0;7 5 0 1 0;7 5 0 2 0;7 5 1 0 0;7 5 1 1 0;7 5 1 2 0;7 5 2 0 0;7 5 2 1 0;	3024.07328	10	22.88137	31.23560	7.36639	5	0.01519	3.08891	0.10256	0.56667	0.00000	0	0	7.36639	13.09543	24.19091	8.216826137603829e-07	0.0	8.216826137603829e-07	sp|P00450|CERU_HUMAN	138
2020111CXY-7.10830.10830.3.0.dta	2020111CXY-7.10830.10830.3.0.dta	2020111CXY-7	10830	2885.31595	3673.53228	1225.18228	3	1	VYKPSAGJNSLYR		1468.75428	5 4 2 0 0	(N(N(H(H(N(H(A))))(H(N(H(A)))))))	754	0 1 0 0 0;0 2 0 0 0;1 2 0 0 0;2 2 0 0 0;2 3 0 0 0;3 2 0 0 0;3 3 0 0 0;3 3 1 0 0;3 4 0 0 0;4 3 0 0 0;4 3 1 0 0;4 4 0 0 0;4 4 1 0 0;5 4 0 0 0;5 4 1 0 0;	2204.77244	8	52.23941	47.47386	61.08973	7	0.00555	1.51189	0.82353	0.66667	0.00000	0	0	61.08973	15.57028	53.79644	5.520799888454294e-43	0.0	5.520799888454294e-43	sp|P02749|APOH_HUMAN	162
2020111CXY-7.7746.7746.2.0.dta	2020111CXY-7.7746.7746.2.0.dta	2020111CXY-7	7746	2055.96884	3268.27143	1634.63935	2	1	JGTAVCATNR	6,Carbamidomethyl[C];	1063.49492	5 4 2 0 0	(N(N(H(H(N(H(A))))(H(N(H(A)))))))	754	0 1 0 0 0;0 2 0 0 0;1 2 0 0 0;2 2 0 0 0;2 3 0 0 0;3 2 0 0 0;3 3 0 0 0;3 3 1 0 0;3 4 0 0 0;4 3 0 0 0;4 3 1 0 0;4 4 0 0 0;4 4 1 0 0;5 4 0 0 0;5 4 1 0 0;	2204.77244	1	13.08850	16.73862	6.30970	5	0.00407	1.24621	0.29412	0.72222	0.00000	0	0	6.30970	9.43616	14.03212	3.47581997143934e-06	0.0	3.47581997143934e-06	sp|P05156|CFAI_HUMAN	70
2020111CXY-7.16111.16111.3.0.dta	2020111CXY-7.16111.16111.3.0.dta	2020111CXY-7	16111	4311.65807	2622.07279	874.69578	3	1	JGSLFAFR		911.47338	5 3 1 0 0	(N(N(H(H(H))(H(N(H(A)))))))	220	0 1 0 0 0;0 2 0 0 0;1 2 0 0 0;2 2 0 0 0;2 3 0 0 0;3 2 0 0 0;3 3 0 0 0;3 3 1 0 0;4 2 0 0 0;4 3 0 0 0;4 3 1 0 0;5 3 0 0 0;	1710.59765	1	23.54020	25.77677	19.38658	6	0.00176	0.67238	0.42857	0.92857	0.00000	0	0	19.38658	10.44355	24.58456	9.419824306026449e-15	0.0	9.419824306026449e-15	sp|P04004|VTNC_HUMAN	169
2020111CXY-7.8041.8041.3.0.dta	2020111CXY-7.8041.8041.3.0.dta	2020111CXY-7	8041	2135.33186	3268.27223	1090.09559	3	1	JGTAVCATNR	6,Carbamidomethyl[C];	1063.49492	5 4 2 0 0	(N(N(H(H(N(H(A))))(H(N(H(A)))))))	754	0 1 0 0 0;0 2 0 0 0;1 2 0 0 0;2 2 0 0 0;2 3 0 0 0;3 2 0 0 0;3 3 0 0 0;3 3 1 0 0;3 4 0 0 0;4 3 0 0 0;4 3 1 0 0;4 4 0 0 0;4 4 1 0 0;5 4 0 0 0;5 4 1 0 0;	2204.77244	1	25.47912	23.14365	29.81641	7	0.00487	1.48946	0.47059	0.83333	0.00000	0	0	29.81641	10.89731	26.56885	7.923918487158003e-22	0.0	7.923918487158003e-22	sp|P05156|CFAI_HUMAN	70
2020111CXY-7.15274.15274.3.0.dta	2020111CXY-7.15274.15274.3.0.dta	2020111CXY-7	15274	4084.66684	4146.65787	1382.89081	3	1	GTAGNALMDGASQLMGEJR	8,Oxidation[M];15,Oxidation[M];	1924.84875	6 4 1 1 0	(N(N(H(H(N(H(H))))(H(N(F)(H(A)))))))	783	0 1 0 0 0;0 2 0 0 0;1 2 0 0 0;2 2 0 0 0;2 3 0 0 0;2 3 0 1 0;3 2 0 0 0;3 3 0 0 0;3 3 0 1 0;3 3 1 0 0;3 3 1 1 0;3 4 0 0 0;3 4 0 1 0;4 3 0 0 0;4 3 0 1 0;4 3 1 0 0;4 3 1 1 0;4 4 0 0 0;4 4 0 1 0;4 4 1 0 0;4 4 1 1 0;5 3 0 0 0;5 4 0 0 0;5 4 0 1 0;5 4 1 0 0;5 4 1 1 0;6 4 0 0 0;6 4 0 1 0;6 4 1 0 0;	2221.78776	18	21.11029	23.66846	16.35940	6	0.02136	5.15120	0.29032	0.41667	0.00000	0	0	16.35940	11.92364	22.30265	9.653375495819131e-13	0.0	9.653375495819131e-13	sp|P02675|FIBB_HUMAN	394
2020111CXY-7.17113.17113.3.0.dta	2020111CXY-7.17113.17113.3.0.dta	2020111CXY-7	17113	4582.99191	3905.63831	1302.55095	3	1	STGKPTLYJVSLVMSDTAGTCY	21,Carbamidomethyl[C];	2365.10501	7 2 0 0 0	(N(N(H(H(H)(H))(H(H)(H)))))	114	0 1 0 0 0;0 2 0 0 0;1 2 0 0 0;2 2 0 0 0;3 2 0 0 0;4 2 0 0 0;5 2 0 0 0;6 2 0 0 0;	1540.52851	9	28.29061	35.74041	14.45525	6	0.00479	1.22675	0.60000	0.57143	0.00000	0	0	14.45525	14.80227	29.77084	1.925284794584765e-11	0.0	1.925284794584765e-11	sp|P01871|IGHM_HUMAN/sp|P04220|MUCB_HUMAN	439/378
2020111CXY-7.19637.19637.3.0.dta	2020111CXY-7.19637.19637.3.0.dta	2020111CXY-7	19637	5260.79433	3686.60087	1229.53848	3	1	YLGJATAIFFLPDEGK		1755.89521	6 4 0 1 0	(N(N(H(H(H))(H(N(H))(N(H)(F))))))	399	0 1 0 0 0;0 2 0 0 0;1 2 0 0 0;2 2 0 0 0;2 3 0 0 0;2 3 0 1 0;2 4 0 0 0;2 4 0 1 0;3 2 0 0 0;3 3 0 0 0;3 3 0 1 0;3 4 0 0 0;3 4 0 1 0;4 2 0 0 0;4 3 0 0 0;4 3 0 1 0;4 4 0 0 0;4 4 0 1 0;5 3 0 0 0;5 3 0 1 0;5 4 0 0 0;5 4 0 1 0;6 4 0 0 0;	1930.69234	4	35.43968	46.62909	14.65936	6	0.01333	3.61520	0.32000	0.76667	0.00000	0	0	14.65936	17.02891	37.14257	1.4558008346409097e-11	0.0	1.4558008346409097e-11	sp|P01009|A1AT_HUMAN	271
2020111CXY-7.16799.16799.4.0.dta	2020111CXY-7.16799.16799.4.0.dta	2020111CXY-7	16799	4497.94437	3708.68974	927.92789	4	1	VVLHPJYSQVDIGLIK		1795.01124	5 4 1 0 0	(N(N(H(H(N(H)))(H(N(H(A)))))))	380	0 1 0 0 0;0 2 0 0 0;1 2 0 0 0;2 2 0 0 0;2 3 0 0 0;3 2 0 0 0;3 3 0 0 0;3 3 1 0 0;3 4 0 0 0;4 3 0 0 0;4 3 1 0 0;4 4 0 0 0;4 4 1 0 0;5 4 0 0 0;	1913.67702	6	54.17366	64.07694	35.78185	7	0.00148	0.39974	0.62500	0.90000	0.00000	0	0	35.78185	19.79883	56.15354	8.125046242349118e-26	0.0	8.125046242349118e-26	sp|P00738|HPT_HUMAN	241
2020111CXY-7.19103.19103.4.0.dta	2020111CXY-7.19103.19103.4.0.dta	2020111CXY-7	19103	5117.14070	4885.22291	1222.06118	4	1	ESVTDHVNLITPLEKPLQJFTLCFR	23,Carbamidomethyl[C];	2971.53461	5 4 1 0 0	(N(N(H(H(N(H)))(H(N(H(A)))))))	380	0 1 0 0 0;0 2 0 0 0;1 2 0 0 0;2 2 0 0 0;2 3 0 0 0;3 2 0 0 0;3 3 0 0 0;3 3 1 0 0;3 4 0 0 0;4 3 0 0 0;4 3 1 0 0;4 4 0 0 0;4 4 1 0 0;5 4 0 0 0;	1913.67702	19	11.30659	14.53373	5.31332	4	0.01128	2.30870	0.37500	0.33333	0.00000	0	0	5.31332	8.59757	12.16635	2.002925324831277e-05	0.0009208103130755065	0.0009208103130755065	sp|P02743|SAMP_HUMAN	51
2020111CXY-7.10744.10744.3.0.dta	2020111CXY-7.10744.10744.3.0.dta	2020111CXY-7	10744	2862.29247	4184.71853	1395.57769	3	1	VYKPSAGJNSLYR		1468.75428	6 5 2 1 0	(N(N(H(H(N(H)(F)))(H(N(H(A)))(N(H(A)))))))	1590	0 1 0 0 0;0 2 0 0 0;1 2 0 0 0;2 2 0 0 0;2 3 0 0 0;2 3 0 1 0;2 4 0 0 0;3 2 0 0 0;3 3 0 0 0;3 3 0 1 0;3 3 1 0 0;3 4 0 0 0;3 4 0 1 0;3 4 1 0 0;3 5 0 0 0;3 5 0 1 0;4 3 0 0 0;4 3 0 1 0;4 3 1 0 0;4 4 0 0 0;4 4 0 1 0;4 4 1 0 0;4 4 1 1 0;4 4 2 0 0;4 5 0 0 0;4 5 0 1 0;4 5 1 0 0;4 5 1 1 0;5 4 0 0 0;5 4 0 1 0;5 4 1 0 0;5 4 1 1 0;5 4 2 0 0;5 5 0 0 0;5 5 0 1 0;5 5 1 0 0;5 5 1 1 0;5 5 2 0 0;5 5 2 1 0;6 5 0 0 0;6 5 0 1 0;6 5 1 0 0;6 5 1 1 0;6 5 2 0 0;	2715.96255	8	15.99834	12.55895	22.38579	6	0.00170	0.40700	0.32609	0.45833	0.00000	0	0	22.38579	8.48501	16.84684	8.493753624502833e-17	0.0009208103130755065	0.0009208103130755065	sp|P02749|APOH_HUMAN	162
2020111CXY-7.7710.7710.3.2.dta	2020111CXY-7.7710.7710.3.2.dta	2020111CXY-7	7710	2046.31904	3266.27669	1089.43041	3	1	EEQYJSTYR		1189.51199	6 4 0 2 0	(N(F)(N(H(H(N(H)))(H(N(H(H)(F)))))))	574	0 1 0 0 0;0 1 0 1 0;0 2 0 0 0;0 2 0 1 0;1 2 0 0 0;1 2 0 1 0;2 2 0 0 0;2 2 0 1 0;2 3 0 0 0;2 3 0 1 0;3 2 0 0 0;3 2 0 1 0;3 3 0 0 0;3 3 0 1 0;3 3 0 2 0;3 4 0 0 0;3 4 0 1 0;4 3 0 0 0;4 3 0 1 0;4 3 0 2 0;4 4 0 0 0;4 4 0 1 0;4 4 0 2 0;5 3 0 0 0;5 3 0 1 0;5 3 0 2 0;5 4 0 0 0;5 4 0 1 0;5 4 0 2 0;6 4 0 0 0;6 4 0 1 0;	2076.75025	5	13.17217	15.55791	8.74151	6	0.01445	4.42368	0.24242	0.62500	0.00000	0	0	8.74151	9.54993	14.12716	1.239322187716806e-07	0.0	1.239322187716806e-07	sp|P01857|IGHG1_HUMAN	180
2020111CXY-7.7710.7710.3.0.dta	2020111CXY-7.7710.7710.3.0.dta	2020111CXY-7	7710	2046.31904	3268.27356	1090.09604	3	1	JGTAVCATNR	6,Carbamidomethyl[C];	1063.49492	5 4 2 0 0	(N(N(H(H(N(H(A))))(H(N(H(A)))))))	754	0 1 0 0 0;0 2 0 0 0;1 2 0 0 0;2 2 0 0 0;2 3 0 0 0;3 2 0 0 0;3 3 0 0 0;3 3 1 0 0;3 4 0 0 0;4 3 0 0 0;4 3 1 0 0;4 4 0 0 0;4 4 1 0 0;5 4 0 0 0;5 4 1 0 0;	2204.77244	1	22.98270	25.85380	17.65067	6	0.00620	1.89793	0.41176	0.88889	0.00000	0	0	17.65067	11.43919	24.12662	1.3114092845425935e-13	0.0	1.3114092845425935e-13	sp|P05156|CFAI_HUMAN	70
2020111CXY-7.17514.17514.3.0.dta	2020111CXY-7.17514.17514.3.0.dta	2020111CXY-7	17514	4691.26650	4499.01216	1500.34224	3	1	IIVPLNNREJISDPTSPLR		2148.17714	5 4 2 1 0	(N(F)(N(H(H(N(H(A))))(H(N(H(A)))))))	991	0 1 0 0 0;0 1 0 1 0;0 2 0 0 0;0 2 0 1 0;1 2 0 0 0;1 2 0 1 0;2 2 0 0 0;2 2 0 1 0;2 3 0 0 0;2 3 0 1 0;3 2 0 0 0;3 2 0 1 0;3 3 0 0 0;3 3 0 1 0;3 3 1 0 0;3 3 1 1 0;3 4 0 0 0;3 4 0 1 0;4 3 0 0 0;4 3 0 1 0;4 3 1 0 0;4 3 1 1 0;4 4 0 0 0;4 4 0 1 0;4 4 1 0 0;4 4 1 1 0;5 4 0 0 0;5 4 0 1 0;5 4 1 0 0;5 4 1 1 0;5 4 2 0 0;	2350.83035	10	25.56748	17.01126	41.45761	8	0.00467	1.03715	0.54545	0.44444	0.00000	0	0	41.45761	10.43274	26.61075	1.1356957359850977e-29	0.0	1.1356957359850977e-29	sp|P01591|IGJ_HUMAN	71
2020111CXY-7.16320.16320.3.1.dta	2020111CXY-7.16320.16320.3.1.dta	2020111CXY-7	16320	4367.99529	3839.56468	1280.52641	3	1	GTAGNALMDGASQLMGEJR	8,Oxidation[M];	1908.85384	6 4 0 1 0	(N(N(H(H(H))(H(N(H))(N(H)(F))))))	399	0 1 0 0 0;0 2 0 0 0;1 2 0 0 0;2 2 0 0 0;2 3 0 0 0;2 3 0 1 0;2 4 0 0 0;2 4 0 1 0;3 2 0 0 0;3 3 0 0 0;3 3 0 1 0;3 4 0 0 0;3 4 0 1 0;4 2 0 0 0;4 3 0 0 0;4 3 0 1 0;4 4 0 0 0;4 4 0 1 0;5 3 0 0 0;5 3 0 1 0;5 4 0 0 0;5 4 0 1 0;6 4 0 0 0;	1930.69234	18	20.19934	20.20073	20.19677	6	0.01850	4.81768	0.40000	0.36111	0.00000	0	0	20.19677	10.75165	21.27451	2.2984700908519166e-15	0.0	2.2984700908519166e-15	sp|P02675|FIBB_HUMAN	394
2020111CXY-7.6139.6139.3.0.dta	2020111CXY-7.6139.6139.3.0.dta	2020111CXY-7	6139	1625.31377	2634.04663	878.68706	3	1	EEQYJSTYR		1189.51199	3 4 0 1 0	(N(N(H(H(N(H))(N(F))))))	90	0 1 0 0 0;0 2 0 0 0;1 2 0 0 0;2 2 0 0 0;2 3 0 0 0;2 3 0 1 0;2 4 0 0 0;2 4 0 1 0;3 3 0 0 0;3 4 0 0 0;	1444.53387	5	10.52747	9.47251	12.48668	5	0.00077	0.29311	0.41667	0.56250	0.00000	0	0	12.48668	7.90158	11.31763	5.133966538438541e-10	0.004180602006688963	0.004180602006688963	sp|P01857|IGHG1_HUMAN	180
2020111CXY-7.19645.19645.4.2.dta	2020111CXY-7.19645.19645.4.2.dta	2020111CXY-7	19645	5262.89697	5342.24006	1336.31547	4	1	JISDGFDGIPDNVDAALALPAHSYSGR		2772.32235	6 5 2 0 0	(N(N(H(H(N(H(A))))(H(N(H))(N(H(A)))))))	1338	0 1 0 0 0;0 2 0 0 0;1 2 0 0 0;2 2 0 0 0;2 3 0 0 0;2 4 0 0 0;3 2 0 0 0;3 3 0 0 0;3 3 1 0 0;3 4 0 0 0;3 4 1 0 0;3 5 0 0 0;4 3 0 0 0;4 3 1 0 0;4 4 0 0 0;4 4 1 0 0;4 5 0 0 0;4 5 1 0 0;5 4 0 0 0;5 4 1 0 0;5 4 2 0 0;5 5 0 0 0;5 5 1 0 0;5 5 2 0 0;6 5 0 0 0;6 5 1 0 0;	2569.90464	1	33.77123	49.43716	4.67736	5	0.01307	2.44579	0.17857	0.69231	0.00000	0	0	4.67736	19.43216	35.71445	5.148555916080925e-05	0.0	5.148555916080925e-05	sp|P04004|VTNC_HUMAN	242
2020111CXY-7.9184.9184.2.0.dta	2020111CXY-7.9184.9184.2.0.dta	2020111CXY-7	9184	2443.31943	2780.10761	1390.55744	2	1	EEQFJSTFR		1157.52218	5 4 0 0 0	(N(N(H(H(N(H)))(H(N(H))))))	175	0 1 0 0 0;0 2 0 0 0;1 2 0 0 0;2 2 0 0 0;2 3 0 0 0;3 2 0 0 0;3 3 0 0 0;3 4 0 0 0;4 3 0 0 0;4 4 0 0 0;	1622.58161	5	44.10414	43.46448	45.29207	7	0.00383	1.37729	0.83333	0.93750	0.00000	0	0	45.29207	15.23987	45.62813	2.8144574944004066e-32	0.0	2.8144574944004066e-32	sp|P01859|IGHG2_HUMAN	176
2020111CXY-7.14241.14241.3.0.dta	2020111CXY-7.14241.14241.3.0.dta	2020111CXY-7	14241	3804.99502	4608.80928	1536.94128	3	1	EHEGAIYPDJTTDFQR		1892.84094	6 5 2 1 0	(N(N(H(H(N(H)(F)))(H(N(H(A)))(N(H(A)))))))	1590	0 1 0 0 0;0 2 0 0 0;1 2 0 0 0;2 2 0 0 0;2 3 0 0 0;2 3 0 1 0;2 4 0 0 0;3 2 0 0 0;3 3 0 0 0;3 3 0 1 0;3 3 1 0 0;3 4 0 0 0;3 4 0 1 0;3 4 1 0 0;3 5 0 0 0;3 5 0 1 0;4 3 0 0 0;4 3 0 1 0;4 3 1 0 0;4 4 0 0 0;4 4 0 1 0;4 4 1 0 0;4 4 1 1 0;4 4 2 0 0;4 5 0 0 0;4 5 0 1 0;4 5 1 0 0;4 5 1 1 0;5 4 0 0 0;5 4 0 1 0;5 4 1 0 0;5 4 1 1 0;5 4 2 0 0;5 5 0 0 0;5 5 0 1 0;5 5 1 0 0;5 5 1 1 0;5 5 2 0 0;5 5 2 1 0;6 5 0 0 0;6 5 0 1 0;6 5 1 0 0;6 5 1 1 0;6 5 2 0 0;	2715.96255	10	28.07558	28.59515	27.11067	7	0.00579	1.25677	0.30435	0.53333	0.00000	0	0	27.11067	14.16774	29.49235	6.51384830478988e-20	0.0	6.51384830478988e-20	sp|P00450|CERU_HUMAN	138
2020111CXY-7.12726.12726.4.0.dta	2020111CXY-7.12726.12726.4.0.dta	2020111CXY-7	12726	3396.27477	4727.07792	1182.52494	4	1	KLHINHNJLTESVGPLPK		2011.10833	6 5 2 1 0	(N(F)(N(H(H(N(H(A))))(H(N(H(N(H(A)))))))))	1584	0 1 0 0 0;0 1 0 1 0;0 2 0 0 0;0 2 0 1 0;1 2 0 0 0;1 2 0 1 0;2 2 0 0 0;2 2 0 1 0;2 3 0 0 0;2 3 0 1 0;3 2 0 0 0;3 2 0 1 0;3 3 0 0 0;3 3 0 1 0;3 3 1 0 0;3 3 1 1 0;3 4 0 0 0;3 4 0 1 0;4 3 0 0 0;4 3 0 1 0;4 3 1 0 0;4 3 1 1 0;4 4 0 0 0;4 4 0 1 0;4 4 1 0 0;4 4 1 1 0;4 5 0 0 0;4 5 0 1 0;5 4 0 0 0;5 4 0 1 0;5 4 1 0 0;5 4 1 1 0;5 5 0 0 0;5 5 0 1 0;5 5 1 0 0;5 5 1 1 0;6 5 0 0 0;6 5 0 1 0;6 5 1 0 0;6 5 1 1 0;6 5 2 0 0;	2715.96255	8	16.15153	12.07812	23.71643	8	0.00704	1.48954	0.34884	0.41176	0.00000	0	0	23.71643	8.71261	17.02279	1.3642795640391136e-17	0.0009208103130755065	0.0009208103130755065	sp|P51884|LUM_HUMAN	127
2020111CXY-7.19852.19852.3.0.dta	2020111CXY-7.19852.19852.3.0.dta	2020111CXY-7	19852	5318.35345	3960.67207	1320.89554	3	1	YLGJATAIFFLPDEGK		1755.89521	5 4 2 0 0	(N(N(H(H(N(H(A))))(H(N(H(A)))))))	754	0 1 0 0 0;0 2 0 0 0;1 2 0 0 0;2 2 0 0 0;2 3 0 0 0;3 2 0 0 0;3 3 0 0 0;3 3 1 0 0;3 4 0 0 0;4 3 0 0 0;4 3 1 0 0;4 4 0 0 0;4 4 1 0 0;5 4 0 0 0;5 4 1 0 0;	2204.77244	4	37.26753	46.75529	19.64740	6	0.00443	1.11798	0.52941	0.83333	0.00000	0	0	19.64740	17.23160	38.99069	5.683249236523223e-15	0.0	5.683249236523223e-15	sp|P01009|A1AT_HUMAN	271
2020111CXY-7.19493.19493.3.0.dta	2020111CXY-7.19493.19493.3.0.dta	2020111CXY-7	19493	5222.56790	3694.58821	1232.20092	3	1	DLQSLEDILHQVEJK		1780.90757	5 4 1 0 0	(N(N(H(H(N(H)))(H(N(H(A)))))))	380	0 1 0 0 0;0 2 0 0 0;1 2 0 0 0;2 2 0 0 0;2 3 0 0 0;3 2 0 0 0;3 3 0 0 0;3 3 1 0 0;3 4 0 0 0;4 3 0 0 0;4 3 1 0 0;4 4 0 0 0;4 4 1 0 0;5 4 0 0 0;	1913.67702	14	104.31315	130.84482	55.04006	7	0.00362	0.97859	0.75000	1.03571	0.00000	0	0	55.04006	36.09367	107.92252	6.770842418072552e-39	0.0	6.770842418072552e-39	sp|P02679|FIBG_HUMAN	78
2020111CXY-7.13936.13936.4.2.dta	2020111CXY-7.13936.13936.4.2.dta	2020111CXY-7	13936	3722.35787	3650.63758	913.41485	4	1	INLAJCTSRQIEPANR	6,Carbamidomethyl[C];	1856.93955	3 5 0 2 0	(N(N(H(N)(H(N(F))(N(H)(F))))))	286	0 1 0 0 0;0 2 0 0 0;1 2 0 0 0;1 3 0 0 0;2 2 0 0 0;2 3 0 0 0;2 3 0 1 0;2 4 0 0 0;2 4 0 1 0;2 4 0 2 0;2 5 0 0 0;2 5 0 1 0;2 5 0 2 0;3 3 0 0 0;3 3 0 1 0;3 4 0 0 0;3 4 0 1 0;3 4 0 2 0;3 5 0 0 0;3 5 0 1 0;	1793.67115	5	7.57253	8.58977	5.68337	5	0.02688	7.36275	0.22727	0.33333	0.00000	0	0	5.68337	8.04883	8.37741	1.103065354136974e-05	0.003352891869237217	0.003352891869237217	sp|Q9NQW6|ANLN_HUMAN	1036
2020111CXY-7.13936.13936.4.0.dta	2020111CXY-7.13936.13936.4.0.dta	2020111CXY-7	13936	3722.35787	3649.63353	913.16384	4	1	TVLTPATNHMGJVTFTIPANR	10,Oxidation[M];	2271.15503	2 4 0 0 1	(N(N(H(H(N)(N(pH))))))	3228	0 1 0 0 0;0 2 0 0 0;1 2 0 0 0;2 2 0 0 0;2 3 0 0 0;2 3 0 0 1;2 4 0 0 0;	1378.44229	12	35.81213	49.60727	10.19257	4	0.03621	9.92179	0.44444	0.67500	0.00000	0	0	10.19257	18.23821	37.63595	1.5025471344640384e-08	0.0	1.5025471344640384e-08	sp|P01024|CO3_HUMAN	85
2020111CXY-7.6261.6261.4.1.dta	2020111CXY-7.6261.6261.4.1.dta	2020111CXY-7	6261	1657.66009	3246.40772	812.35739	4	1	TKPREEQFJSTFR		1639.81869	4 4 0 1 0	(N(F)(N(H(H(N))(H(N(H))))))	158	0 1 0 0 0;0 1 0 1 0;0 2 0 0 0;0 2 0 1 0;1 2 0 0 0;1 2 0 1 0;2 2 0 0 0;2 2 0 1 0;2 3 0 0 0;2 3 0 1 0;3 2 0 0 0;3 2 0 1 0;3 3 0 0 0;3 3 0 1 0;3 4 0 0 0;3 4 0 1 0;4 3 0 0 0;4 3 0 1 0;4 4 0 0 0;	1606.58669	9	52.47644	25.14845	103.22840	9	0.00234	0.71976	0.76190	0.58333	0.00000	0	0	103.22840	11.71134	53.64757	2.270982775518099e-71	0.0	2.270982775518099e-71	sp|P01859|IGHG2_HUMAN	176
2020111CXY-7.7416.7416.3.0.dta	2020111CXY-7.7416.7416.3.0.dta	2020111CXY-7	7416	1967.67159	2618.05317	873.35591	3	1	EEQFJSTYR		1173.51708	3 4 0 1 0	(N(F)(N(H(H(N))(H(N)))))	95	0 1 0 0 0;0 1 0 1 0;0 2 0 0 0;0 2 0 1 0;1 2 0 0 0;1 2 0 1 0;2 2 0 0 0;2 2 0 1 0;2 3 0 0 0;2 3 0 1 0;3 2 0 0 0;3 2 0 1 0;3 3 0 0 0;3 3 0 1 0;3 4 0 0 0;	1444.53387	5	62.27521	71.35214	45.41806	8	0.00222	0.84646	0.70588	1.18750	0.00000	0	0	45.41806	21.24153	64.39936	2.1239475931854697e-32	0.0	2.1239475931854697e-32	sp|P01861|IGHG4_HUMAN	177
2020111CXY-7.5418.5418.2.0.dta	2020111CXY-7.5418.5418.2.0.dta	2020111CXY-7	5418	1434.86579	2688.06627	1344.53677	2	1	JNSDISSTR		993.45958	4 3 1 1 0	(N(F)(N(H(H)(H(N(H(A)))))))	198	0 1 0 0 0;0 1 0 1 0;0 2 0 0 0;0 2 0 1 0;1 2 0 0 0;1 2 0 1 0;2 2 0 0 0;2 2 0 1 0;2 3 0 0 0;2 3 0 1 0;3 2 0 0 0;3 2 0 1 0;3 3 0 0 0;3 3 0 1 0;3 3 1 0 0;3 3 1 1 0;4 3 0 0 0;4 3 0 1 0;4 3 1 0 0;	1694.60274	1	37.91149	40.96318	32.24407	9	0.00395	1.47082	0.52381	1.12500	0.00000	0	0	32.24407	15.18891	39.43038	1.6359144929430326e-23	0.0	1.6359144929430326e-23	sp|P01871|IGHM_HUMAN	46
2020111CXY-7.9889.9889.2.0.dta	2020111CXY-7.9889.9889.2.0.dta	2020111CXY-7	9889	2631.69352	2764.11202	1382.55965	2	1	EEQFJSTFR		1157.52218	4 4 0 1 0	(N(F)(N(H(H(N(H))(N(H))))))	166	0 1 0 0 0;0 1 0 1 0;0 2 0 0 0;0 2 0 1 0;1 2 0 0 0;1 2 0 1 0;2 2 0 0 0;2 2 0 1 0;2 3 0 0 0;2 3 0 1 0;2 4 0 0 0;2 4 0 1 0;3 3 0 0 0;3 3 0 1 0;3 4 0 0 0;3 4 0 1 0;4 4 0 0 0;	1606.58669	5	17.38112	13.03913	25.44482	8	0.00315	1.14093	0.42105	0.62500	0.00000	0	0	25.44482	9.17533	18.29865	8.857643822578404e-19	0.0	8.857643822578404e-19	sp|P01859|IGHG2_HUMAN	176
2020111CXY-7.15651.15651.3.0.dta	2020111CXY-7.15651.15651.3.0.dta	2020111CXY-7	15651	4186.67209	3471.33481	1157.78312	3	1	LGJWSAMPSCK	10,Carbamidomethyl[C];7,Oxidation[M];	1266.56055	5 4 2 0 0	(N(N(H(H(N(H(A))))(H(N(H(A)))))))	754	0 1 0 0 0;0 2 0 0 0;1 2 0 0 0;2 2 0 0 0;2 3 0 0 0;3 2 0 0 0;3 3 0 0 0;3 3 1 0 0;3 4 0 0 0;4 3 0 0 0;4 3 1 0 0;4 4 0 0 0;4 4 1 0 0;5 4 0 0 0;5 4 1 0 0;	2204.77244	3	17.48523	18.82481	14.99743	5	0.00181	0.52227	0.47059	0.70000	0.00000	0	0	14.99743	9.88035	18.47327	9.687935405126424e-12	0.0	9.687935405126424e-12	sp|P02749|APOH_HUMAN	253
2020111CXY-7.11092.11092.3.0.dta	2020111CXY-7.11092.11092.3.0.dta	2020111CXY-7	11092	2956.08159	3819.59097	1273.86851	3	1	VYKPSAGJNSLYR		1468.75428	5 4 2 1 0	(N(F)(N(H(H(N(H(A))))(H(N(H(A)))))))	991	0 1 0 0 0;0 1 0 1 0;0 2 0 0 0;0 2 0 1 0;1 2 0 0 0;1 2 0 1 0;2 2 0 0 0;2 2 0 1 0;2 3 0 0 0;2 3 0 1 0;3 2 0 0 0;3 2 0 1 0;3 3 0 0 0;3 3 0 1 0;3 3 1 0 0;3 3 1 1 0;3 4 0 0 0;3 4 0 1 0;4 3 0 0 0;4 3 0 1 0;4 3 1 0 0;4 3 1 1 0;4 4 0 0 0;4 4 0 1 0;4 4 1 0 0;4 4 1 1 0;5 4 0 0 0;5 4 0 1 0;5 4 1 0 0;5 4 1 1 0;5 4 2 0 0;	2350.83035	8	34.23531	15.13993	69.69817	9	0.00634	1.66017	0.63636	0.50000	0.00000	0	0	69.69817	9.87073	35.22238	9.985211783818726e-49	0.0	9.985211783818726e-49	sp|P02749|APOH_HUMAN	162
2020111CXY-7.9503.9503.2.0.dta	2020111CXY-7.9503.9503.2.0.dta	2020111CXY-7	9503	2527.53887	3129.24384	1565.12556	2	1	EEQFJSTFR		1157.52218	5 5 0 1 0	(N(F)(N(H(N)(H(N(H)))(H(N(H))))))	459	0 1 0 0 0;0 1 0 1 0;0 2 0 0 0;0 2 0 1 0;1 2 0 0 0;1 2 0 1 0;1 3 0 0 0;1 3 0 1 0;2 2 0 0 0;2 2 0 1 0;2 3 0 0 0;2 3 0 1 0;2 4 0 0 0;2 4 0 1 0;3 2 0 0 0;3 2 0 1 0;3 3 0 0 0;3 3 0 1 0;3 4 0 0 0;3 4 0 1 0;3 5 0 0 0;3 5 0 1 0;4 3 0 0 0;4 3 0 1 0;4 4 0 0 0;4 4 0 1 0;4 5 0 0 0;4 5 0 1 0;5 4 0 0 0;5 4 0 1 0;5 5 0 0 0;	1971.71889	5	38.08331	35.69738	42.51432	8	0.00277	0.88637	0.51515	0.81250	0.00000	0	0	42.51432	14.10537	39.49385	1.9692715835400834e-30	0.0	1.9692715835400834e-30	sp|P01859|IGHG2_HUMAN	176
2020111CXY-7.5018.5018.3.0.dta	2020111CXY-7.5018.5018.3.0.dta	2020111CXY-7	5018	1328.85986	2979.22362	993.74606	3	1	YKJNSDISSTR		1284.61786	4 3 1 1 0	(N(F)(N(H(H)(H(N(H(A)))))))	198	0 1 0 0 0;0 1 0 1 0;0 2 0 0 0;0 2 0 1 0;1 2 0 0 0;1 2 0 1 0;2 2 0 0 0;2 2 0 1 0;2 3 0 0 0;2 3 0 1 0;3 2 0 0 0;3 2 0 1 0;3 3 0 0 0;3 3 0 1 0;3 3 1 0 0;3 3 1 1 0;4 3 0 0 0;4 3 0 1 0;4 3 1 0 0;	1694.60274	3	75.96808	77.77037	72.62097	9	0.00302	1.01491	0.76190	1.20000	0.00000	0	0	72.62097	23.25054	78.29313	8.453642637826007e-51	0.0	8.453642637826007e-51	sp|P01871|IGHM_HUMAN	46
2020111CXY-7.7933.7933.2.0.dta	2020111CXY-7.7933.7933.2.0.dta	2020111CXY-7	7933	2106.38056	2994.16289	1497.58508	2	1	GDNJLTR		789.38496	5 4 2 0 0	(N(N(H(H(N(H(A))))(H(N(H(A)))))))	754	0 1 0 0 0;0 2 0 0 0;1 2 0 0 0;2 2 0 0 0;2 3 0 0 0;3 2 0 0 0;3 3 0 0 0;3 3 1 0 0;3 4 0 0 0;4 3 0 0 0;4 3 1 0 0;4 4 0 0 0;4 4 1 0 0;5 4 0 0 0;5 4 1 0 0;	2204.77244	4	16.12960	17.54226	13.50610	6	0.00549	1.83423	0.41176	0.83333	0.00000	0	0	13.50610	8.23938	16.95354	8.217161447957067e-11	0.0025996533795493936	0.0025996533795493936	sp|P00742|FA10_HUMAN	231
2020111CXY-7.19561.19561.3.0.dta	2020111CXY-7.19561.19561.3.0.dta	2020111CXY-7	19561	5240.70424	3532.53588	1178.18348	3	1	DLQSLEDILHQVEJK		1780.90757	4 4 1 0 0	(N(N(H(H(N))(H(N(H(A)))))))	239	0 1 0 0 0;0 2 0 0 0;1 2 0 0 0;2 2 0 0 0;2 3 0 0 0;3 2 0 0 0;3 3 0 0 0;3 3 1 0 0;3 4 0 0 0;4 3 0 0 0;4 3 1 0 0;4 4 0 0 0;	1751.62420	14	20.14409	16.74881	26.44961	6	0.00412	1.16515	0.71429	0.46429	0.00000	0	0	26.44961	10.03791	21.14788	1.7642404169045787e-19	0.0	1.7642404169045787e-19	sp|P02679|FIBG_HUMAN	78
2020111CXY-7.16222.16222.3.0.dta	2020111CXY-7.16222.16222.3.0.dta	2020111CXY-7	16222	4341.53144	3839.56291	1280.52582	3	1	GTAGNALMDGASQLMGEJR	8,Oxidation[M];	1908.85384	6 4 0 1 0	(N(N(H(H(H))(H(N(H))(N(H)(F))))))	399	0 1 0 0 0;0 2 0 0 0;1 2 0 0 0;2 2 0 0 0;2 3 0 0 0;2 3 0 1 0;2 4 0 0 0;2 4 0 1 0;3 2 0 0 0;3 3 0 0 0;3 3 0 1 0;3 4 0 0 0;3 4 0 1 0;4 2 0 0 0;4 3 0 0 0;4 3 0 1 0;4 4 0 0 0;4 4 0 1 0;5 3 0 0 0;5 3 0 1 0;5 4 0 0 0;5 4 0 1 0;6 4 0 0 0;	1930.69234	18	11.36246	8.54164	16.60111	6	0.01673	4.35747	0.36000	0.22222	0.00000	0	0	16.60111	7.91244	12.15370	6.355550815073954e-13	0.003352891869237217	0.003352891869237217	sp|P02675|FIBB_HUMAN	394
2020111CXY-7.2830.2830.3.0.dta	2020111CXY-7.2830.2830.3.0.dta	2020111CXY-7	2830	744.85392	3828.51567	1276.84341	3	1	HSHNJJSSDLHPHK		1623.73709	5 4 2 0 0	(N(N(H(H(N(H(A))))(H(N(H(A)))))))	754	0 1 0 0 0;0 2 0 0 0;1 2 0 0 0;2 2 0 0 0;2 3 0 0 0;3 2 0 0 0;3 3 0 0 0;3 3 1 0 0;3 4 0 0 0;4 3 0 0 0;4 3 1 0 0;4 4 0 0 0;4 4 1 0 0;5 4 0 0 0;5 4 1 0 0;	2204.77244	5	75.72259	70.37058	85.66204	7	0.00614	1.60322	0.88235	0.84615	0.00000	0	0	85.66204	21.56902	77.87949	6.454670138130291e-60	0.0	6.454670138130291e-60	sp|P04196|HRG_HUMAN	344
2020111CXY-7.13053.13053.3.0.dta	2020111CXY-7.13053.13053.3.0.dta	2020111CXY-7	13053	3483.90967	3838.53096	1280.18184	3	1	GTAGNALMDGASQLMGEJR	8,Oxidation[M];15,Oxidation[M];	1924.84875	5 4 1 0 0	(N(N(H(H(N(H)))(H(N(H(A)))))))	380	0 1 0 0 0;0 2 0 0 0;1 2 0 0 0;2 2 0 0 0;2 3 0 0 0;3 2 0 0 0;3 3 0 0 0;3 3 1 0 0;3 4 0 0 0;4 3 0 0 0;4 3 1 0 0;4 4 0 0 0;4 4 1 0 0;5 4 0 0 0;	1913.67702	18	43.40429	48.07182	34.73600	7	0.00518	1.34934	0.62500	0.61111	0.00000	0	0	34.73600	16.80557	45.08485	4.344837997975913e-25	0.0	4.344837997975913e-25	sp|P02675|FIBB_HUMAN	394
2020111CXY-7.10449.10449.3.0.dta	2020111CXY-7.10449.10449.3.0.dta	2020111CXY-7	10449	2782.44594	3583.46656	1195.16037	3	1	KPEKEASJSSR		1232.62295	5 4 2 1 0	(N(F)(N(H(H(N(H(A))))(H(N(H(A)))))))	991	0 1 0 0 0;0 1 0 1 0;0 2 0 0 0;0 2 0 1 0;1 2 0 0 0;1 2 0 1 0;2 2 0 0 0;2 2 0 1 0;2 3 0 0 0;2 3 0 1 0;3 2 0 0 0;3 2 0 1 0;3 3 0 0 0;3 3 0 1 0;3 3 1 0 0;3 3 1 1 0;3 4 0 0 0;3 4 0 1 0;4 3 0 0 0;4 3 0 1 0;4 3 1 0 0;4 3 1 1 0;4 4 0 0 0;4 4 0 1 0;4 4 1 0 0;4 4 1 1 0;5 4 0 0 0;5 4 0 1 0;5 4 1 0 0;5 4 1 1 0;5 4 2 0 0;	2350.83035	8	35.67838	14.55213	74.91285	9	0.01326	3.69926	0.69697	0.55000	0.00000	0	0	74.91285	7.58644	36.43702	1.966715950143609e-52	0.008750994431185362	0.008750994431185362	sp|P18858|DNLI1_HUMAN	26
2020111CXY-7.16882.16882.3.0.dta	2020111CXY-7.16882.16882.3.0.dta	2020111CXY-7	16882	4520.50431	4601.89233	1534.63563	3	1	GLTFQQJASSMCVPDQDTAIR	12,Carbamidomethyl[C];	2339.07546	5 5 1 1 0	(N(N(H(N)(H(N(H)(F)))(H(N(H(A)))))))	831	0 1 0 0 0;0 2 0 0 0;1 2 0 0 0;1 3 0 0 0;2 2 0 0 0;2 3 0 0 0;2 3 0 1 0;2 4 0 0 0;2 4 0 1 0;3 2 0 0 0;3 3 0 0 0;3 3 0 1 0;3 3 1 0 0;3 4 0 0 0;3 4 0 1 0;3 4 1 0 0;3 5 0 0 0;3 5 0 1 0;4 3 0 0 0;4 3 0 1 0;4 3 1 0 0;4 4 0 0 0;4 4 0 1 0;4 4 1 0 0;4 4 1 1 0;4 5 0 0 0;4 5 0 1 0;4 5 1 0 0;4 5 1 1 0;5 4 0 0 0;5 4 0 1 0;5 4 1 0 0;5 4 1 1 0;5 5 0 0 0;5 5 0 1 0;5 5 1 0 0;	2262.81431	7	59.98278	88.24124	7.50277	5	0.00256	0.55676	0.18421	0.90000	0.00000	0	0	7.50277	29.25677	62.90846	6.337878149501315e-07	0.0	6.337878149501315e-07	sp|P01871|IGHM_HUMAN	209
2020111CXY-7.6047.6047.3.0.dta	2020111CXY-7.6047.6047.3.0.dta	2020111CXY-7	6047	1600.83300	2796.10079	932.70511	3	1	EEQYJSTYR		1189.51199	4 4 0 1 0	(N(N(H(H(N(H)))(H(N(F))))))	157	0 1 0 0 0;0 2 0 0 0;1 2 0 0 0;2 2 0 0 0;2 3 0 0 0;2 3 0 1 0;3 2 0 0 0;3 3 0 0 0;3 3 0 1 0;3 4 0 0 0;3 4 0 1 0;4 3 0 0 0;4 4 0 0 0;	1606.58669	5	40.81766	41.41258	39.71283	7	0.00210	0.75271	0.66667	1.00000	0.00000	0	0	39.71283	13.74467	42.19213	1.3905250469431475e-28	0.0	1.3905250469431475e-28	sp|P01857|IGHG1_HUMAN	180
2020111CXY-7.12039.12039.3.0.dta	2020111CXY-7.12039.12039.3.0.dta	2020111CXY-7	12039	3211.88723	3343.27026	1115.09494	3	1	FGCEIENJR	3,Carbamidomethyl[C];	1138.49458	5 4 2 0 0	(N(N(H(H(N(H(A))))(H(N(H(A)))))))	754	0 1 0 0 0;0 2 0 0 0;1 2 0 0 0;2 2 0 0 0;2 3 0 0 0;3 2 0 0 0;3 3 0 0 0;3 3 1 0 0;3 4 0 0 0;4 3 0 0 0;4 3 1 0 0;4 4 0 0 0;4 4 1 0 0;5 4 0 0 0;5 4 1 0 0;	2204.77244	8	29.97713	22.00155	44.78892	7	0.00324	0.96791	0.64706	0.56250	0.00000	0	0	44.78892	10.78670	31.05580	6.877737363547526e-32	0.0	6.877737363547526e-32	sp|P25311|ZA2G_HUMAN	128
2020111CXY-7.19605.19605.3.0.dta	2020111CXY-7.19605.19605.3.0.dta	2020111CXY-7	19605	5252.50320	3940.65700	1314.22385	3	1	ALPQPQJVTSLLGCTH	14,Carbamidomethyl[C];	1735.87958	5 4 2 0 0	(N(N(H(H(N(H(A))))(H(N(H(A)))))))	754	0 1 0 0 0;0 2 0 0 0;1 2 0 0 0;2 2 0 0 0;2 3 0 0 0;3 2 0 0 0;3 3 0 0 0;3 3 1 0 0;3 4 0 0 0;4 3 0 0 0;4 3 1 0 0;4 4 0 0 0;4 4 1 0 0;5 4 0 0 0;5 4 1 0 0;	2204.77244	7	77.86176	106.91469	23.90632	6	0.00498	1.26399	0.52941	1.06667	0.00000	0	0	23.90632	30.59917	80.92168	9.116715448028443e-18	0.0	9.116715448028443e-18	sp|P02790|HEMO_HUMAN	453
2020111CXY-7.17090.17090.3.0.dta	2020111CXY-7.17090.17090.3.0.dta	2020111CXY-7	17090	4576.69019	4793.93461	1598.64972	3	1	QQQHLFGSJVTDCSGJFCLFR	13,Carbamidomethyl[C];18,Carbamidomethyl[C];	2515.12414	6 5 1 0 0	(N(N(H(H(N(H(A))))(H(N(H))(N(H))))))	859	0 1 0 0 0;0 2 0 0 0;1 2 0 0 0;2 2 0 0 0;2 3 0 0 0;2 4 0 0 0;3 2 0 0 0;3 3 0 0 0;3 3 1 0 0;3 4 0 0 0;3 5 0 0 0;4 3 0 0 0;4 3 1 0 0;4 4 0 0 0;4 4 1 0 0;4 5 0 0 0;4 5 1 0 0;5 4 0 0 0;5 4 1 0 0;5 5 0 0 0;5 5 1 0 0;6 5 0 0 0;	2278.80922	9	13.70691	19.89491	2.21490	4	0.00125	0.26169	0.20833	0.47500	0.00000	0	0	2.21490	9.81741	14.68865	0.0018679771286878274	0.0	0.0018679771286878274	sp|P02787|TRFE_HUMAN	630
2020111CXY-7.14195.14195.3.0.dta	2020111CXY-7.14195.14195.3.0.dta	2020111CXY-7	14195	3792.55433	3400.33544	1134.11667	3	1	DIENFJSTQK		1195.55896	5 4 2 0 0	(N(N(H(H(N(H(A))))(H(N(H(A)))))))	754	0 1 0 0 0;0 2 0 0 0;1 2 0 0 0;2 2 0 0 0;2 3 0 0 0;3 2 0 0 0;3 3 0 0 0;3 3 1 0 0;3 4 0 0 0;4 3 0 0 0;4 3 1 0 0;4 4 0 0 0;4 4 1 0 0;5 4 0 0 0;5 4 1 0 0;	2204.77244	6	10.13970	12.95653	4.90844	5	0.00405	1.18987	0.29412	0.55556	0.00000	0	0	4.90844	8.58219	10.99792	3.4922945166359074e-05	0.0009208103130755065	0.0009208103130755065	sp|P43652|AFAM_HUMAN	33
2020111CXY-7.18042.18042.4.0.dta	2020111CXY-7.18042.18042.4.0.dta	2020111CXY-7	18042	4832.47707	4036.78220	1009.95101	4	1	VDKDLQSLEDILHQVEJK		2123.09789	5 4 1 0 0	(N(N(H(H(N(H)))(H(N(H(A)))))))	380	0 1 0 0 0;0 2 0 0 0;1 2 0 0 0;2 2 0 0 0;2 3 0 0 0;3 2 0 0 0;3 3 0 0 0;3 3 1 0 0;3 4 0 0 0;4 3 0 0 0;4 3 1 0 0;4 4 0 0 0;4 4 1 0 0;5 4 0 0 0;	1913.67702	17	95.19933	114.26028	59.80041	7	0.00728	1.80428	0.62500	0.85294	0.00000	0	0	59.80041	33.72214	98.57154	3.06503411135734e-42	0.0	3.06503411135734e-42	sp|P02679|FIBG_HUMAN	78
2020111CXY-7.5979.5979.2.0.dta	2020111CXY-7.5979.5979.2.0.dta	2020111CXY-7	5979	1583.01168	2634.04877	1317.52802	2	1	EEQYJSTYR		1189.51199	3 4 0 1 0	(N(F)(N(H(H(N))(H(N)))))	95	0 1 0 0 0;0 1 0 1 0;0 2 0 0 0;0 2 0 1 0;1 2 0 0 0;1 2 0 1 0;2 2 0 0 0;2 2 0 1 0;2 3 0 0 0;2 3 0 1 0;3 2 0 0 0;3 2 0 1 0;3 3 0 0 0;3 3 0 1 0;3 4 0 0 0;	1444.53387	5	50.77010	54.42357	43.98508	8	0.00291	1.10441	0.70588	1.06250	0.00000	0	0	43.98508	17.08977	52.47908	1.9719091446126781e-31	0.0	1.9719091446126781e-31	sp|P01857|IGHG1_HUMAN	180
2020111CXY-7.7417.7417.2.0.dta	2020111CXY-7.7417.7417.2.0.dta	2020111CXY-7	7417	1967.94933	2942.16037	1471.58382	2	1	EEQFJSTYR		1173.51708	5 4 0 1 0	(N(F)(N(H(H(N(H)))(H(N(H))))))	267	0 1 0 0 0;0 1 0 1 0;0 2 0 0 0;0 2 0 1 0;1 2 0 0 0;1 2 0 1 0;2 2 0 0 0;2 2 0 1 0;2 3 0 0 0;2 3 0 1 0;3 2 0 0 0;3 2 0 1 0;3 3 0 0 0;3 3 0 1 0;3 4 0 0 0;3 4 0 1 0;4 3 0 0 0;4 3 0 1 0;4 4 0 0 0;4 4 0 1 0;5 4 0 0 0;	1768.63952	5	18.88622	9.93477	35.51033	9	0.00377	1.28008	0.47826	0.56250	0.00000	0	0	35.51033	8.23886	19.71011	1.2186688045401862e-25	0.0025996533795493936	0.0025996533795493936	sp|P01861|IGHG4_HUMAN	177
2020111CXY-7.3999.3999.3.0.dta	2020111CXY-7.3999.3999.3.0.dta	2020111CXY-7	3999	1056.03727	4484.73865	1495.58440	3	1	HSHNJJSSDLHPHK		1623.73709	6 5 3 0 0	(N(N(H(H(N(H(A))))(H(N(H(A)))(N(H(A)))))))	1823	0 1 0 0 0;0 2 0 0 0;1 2 0 0 0;2 2 0 0 0;2 3 0 0 0;2 4 0 0 0;3 2 0 0 0;3 3 0 0 0;3 3 1 0 0;3 4 0 0 0;3 4 1 0 0;3 5 0 0 0;4 3 0 0 0;4 3 1 0 0;4 4 0 0 0;4 4 1 0 0;4 4 2 0 0;4 5 0 0 0;4 5 1 0 0;5 4 0 0 0;5 4 1 0 0;5 4 2 0 0;5 5 0 0 0;5 5 1 0 0;5 5 2 0 0;6 5 0 0 0;6 5 1 0 0;6 5 2 0 0;	2861.00005	5	20.14912	11.33807	36.51251	7	0.00150	0.33547	0.46667	0.38462	0.00000	0	0	36.51251	8.18463	20.96758	3.010439712770185e-26	0.0025996533795493936	0.0025996533795493936	sp|P04196|HRG_HUMAN	344
2020111CXY-7.9779.9779.3.0.dta	2020111CXY-7.9779.9779.3.0.dta	2020111CXY-7	9779	2601.81885	3157.35988	1053.12481	3	1	QSVPAHFVALJGSK		1454.77504	8 2 0 0 0	(N(N(H(H(H(H)))(H(H(H(H)))))))	205	0 1 0 0 0;0 2 0 0 0;1 2 0 0 0;2 2 0 0 0;3 2 0 0 0;4 2 0 0 0;5 2 0 0 0;6 2 0 0 0;7 2 0 0 0;	1702.58133	11	79.56888	95.40331	50.16210	7	0.00351	1.11257	0.81818	1.11538	0.00000	0	0	50.16210	28.17679	82.38656	1.5533064219817141e-35	0.0	1.5533064219817141e-35	sp|P06681|CO2_HUMAN	621
2020111CXY-7.13840.13840.3.0.dta	2020111CXY-7.13840.13840.3.0.dta	2020111CXY-7	13840	3696.22182	3811.68923	1271.23459	3	1	TVLTPATNHMGJVTFTIPANR	10,Oxidation[M];	2271.15503	7 2 0 0 0	(N(N(H(H(H)(H(H(H(H))))))))	117	0 1 0 0 0;0 2 0 0 0;1 2 0 0 0;2 2 0 0 0;3 2 0 0 0;4 2 0 0 0;5 2 0 0 0;6 2 0 0 0;	1540.52851	12	40.73109	39.25161	43.47869	7	0.00569	1.49310	0.90000	0.60000	0.00000	0	0	43.47869	16.73857	42.40495	4.619198863021387e-31	0.0	4.619198863021387e-31	sp|P01024|CO3_HUMAN	85
2020111CXY-7.13470.13470.2.0.dta	2020111CXY-7.13470.13470.2.0.dta	2020111CXY-7	13470	3596.19584	3629.40046	1815.20387	2	1	MDGASJVTCINSR	9,Carbamidomethyl[C];	1424.62567	5 4 2 0 0	(N(N(H(H(N(H(A))))(H(N(H(A)))))))	754	0 1 0 0 0;0 2 0 0 0;1 2 0 0 0;2 2 0 0 0;2 3 0 0 0;3 2 0 0 0;3 3 0 0 0;3 3 1 0 0;3 4 0 0 0;4 3 0 0 0;4 3 1 0 0;4 4 0 0 0;4 4 1 0 0;5 4 0 0 0;5 4 1 0 0;	2204.77244	6	12.77980	17.13652	4.68874	4	0.00235	0.64693	0.35294	0.58333	0.00000	0	0	4.68874	10.26552	13.80635	4.911311570741701e-05	0.0	4.911311570741701e-05	sp|P08603|CFAH_HUMAN	1029
2020111CXY-7.10194.10194.3.0.dta	2020111CXY-7.10194.10194.3.0.dta	2020111CXY-7	10194	2714.02542	2823.12259	941.71238	3	1	DTFVJASR		909.44247	5 4 1 0 0	(N(N(H(H(N(H)))(H(N(H(A)))))))	380	0 1 0 0 0;0 2 0 0 0;1 2 0 0 0;2 2 0 0 0;2 3 0 0 0;3 2 0 0 0;3 3 0 0 0;3 3 1 0 0;3 4 0 0 0;4 3 0 0 0;4 3 1 0 0;4 4 0 0 0;4 4 1 0 0;5 4 0 0 0;	1913.67702	5	26.80113	27.68315	25.16307	6	0.00309	1.09471	0.50000	0.71429	0.00000	0	0	25.16307	11.80560	27.98169	1.5141455941254686e-18	0.0	1.5141455941254686e-18	sp|P05155|IC1_HUMAN	238
2020111CXY-7.18111.18111.3.0.dta	2020111CXY-7.18111.18111.3.0.dta	2020111CXY-7	18111	4850.61791	4689.91278	1563.97578	3	1	GLTFQQJASSMCVPDQDTAIR	12,Carbamidomethyl[C];	2339.07546	12 2 0 0 0	(N(N(H(H(H))(H(H(H(H)))(H(H(H(H(H)))))))))	962	0 1 0 0 0;0 2 0 0 0;1 2 0 0 0;2 2 0 0 0;3 2 0 0 0;4 2 0 0 0;5 2 0 0 0;6 2 0 0 0;7 2 0 0 0;8 2 0 0 0;9 2 0 0 0;10 2 0 0 0;11 2 0 0 0;	2350.79263	7	64.26837	87.49776	21.12807	7	0.04469	9.52919	0.46667	0.90000	0.00000	0	0	21.12807	28.79616	67.14799	4.92226589370908e-16	0.0	4.92226589370908e-16	sp|P01871|IGHM_HUMAN	209
2020111CXY-7.17692.17692.3.0.dta	2020111CXY-7.17692.17692.3.0.dta	2020111CXY-7	17692	4738.57100	4462.85118	1488.28858	3	1	TELFSSSCPGGIMLJETGQGYQR	8,Carbamidomethyl[C];	2532.14934	6 4 0 1 0	(N(N(H(H(H))(H(N(H))(N(H)(F))))))	399	0 1 0 0 0;0 2 0 0 0;1 2 0 0 0;2 2 0 0 0;2 3 0 0 0;2 3 0 1 0;2 4 0 0 0;2 4 0 1 0;3 2 0 0 0;3 3 0 0 0;3 3 0 1 0;3 4 0 0 0;3 4 0 1 0;4 2 0 0 0;4 3 0 0 0;4 3 0 1 0;4 4 0 0 0;4 4 0 1 0;5 3 0 0 0;5 3 0 1 0;5 4 0 0 0;5 4 0 1 0;6 4 0 0 0;	1930.69234	15	36.37574	51.03870	9.14453	6	0.00949	2.12729	0.24000	0.65909	0.00000	0	0	9.14453	20.45944	38.42168	7.702183539950561e-08	0.0	7.702183539950561e-08	sp|O95445|APOM_HUMAN	135
2020111CXY-7.17464.17464.3.0.dta	2020111CXY-7.17464.17464.3.0.dta	2020111CXY-7	17464	4678.06099	3806.53776	1269.51744	3	1	GTAGNALMDGASQLMGEJR		1892.85892	5 4 1 0 0	(N(N(H(H(N(H)))(H(N(H(A)))))))	380	0 1 0 0 0;0 2 0 0 0;1 2 0 0 0;2 2 0 0 0;2 3 0 0 0;3 2 0 0 0;3 3 0 0 0;3 3 1 0 0;3 4 0 0 0;4 3 0 0 0;4 3 1 0 0;4 4 0 0 0;4 4 1 0 0;5 4 0 0 0;	1913.67702	18	12.79184	11.47028	15.24616	6	0.00181	0.47615	0.50000	0.25000	0.00000	0	0	15.24616	8.65800	13.65764	5.759287729383161e-12	0.0009208103130755065	0.0009208103130755065	sp|P02675|FIBB_HUMAN	394
2020111CXY-7.4958.4958.3.0.dta	2020111CXY-7.4958.4958.3.0.dta	2020111CXY-7	4958	1312.66260	3514.33947	1172.11801	3	1	HJSTGCLR	6,Carbamidomethyl[C];	944.43667	6 5 2 0 0	(N(N(H(H(N(H(A))))(H(N(H))(N(H(A)))))))	1338	0 1 0 0 0;0 2 0 0 0;1 2 0 0 0;2 2 0 0 0;2 3 0 0 0;2 4 0 0 0;3 2 0 0 0;3 3 0 0 0;3 3 1 0 0;3 4 0 0 0;3 4 1 0 0;3 5 0 0 0;4 3 0 0 0;4 3 1 0 0;4 4 0 0 0;4 4 1 0 0;4 5 0 0 0;4 5 1 0 0;5 4 0 0 0;5 4 1 0 0;5 4 2 0 0;5 5 0 0 0;5 5 1 0 0;5 5 2 0 0;6 5 0 0 0;6 5 1 0 0;	2569.90464	2	42.30683	27.80442	69.23986	7	-0.00184	-0.52499	0.60714	0.85714	0.00000	0	0	69.23986	10.16679	43.32351	2.3712742507508327e-48	0.0	2.3712742507508327e-48	sp|P10909|CLUS_HUMAN	291
2020111CXY-7.12884.12884.5.0.dta	2020111CXY-7.12884.12884.5.0.dta	2020111CXY-7	12884	3438.54446	4916.04101	984.01402	5	1	YPHKPEIJSTTHPGADLQEJFCR	22,Carbamidomethyl[C];	2711.26307	5 4 2 0 0	(N(N(H(H(N(H(A))))(H(N(H(A)))))))	754	0 1 0 0 0;0 2 0 0 0;1 2 0 0 0;2 2 0 0 0;2 3 0 0 0;3 2 0 0 0;3 3 0 0 0;3 3 1 0 0;3 4 0 0 0;4 3 0 0 0;4 3 1 0 0;4 4 0 0 0;4 4 1 0 0;5 4 0 0 0;5 4 1 0 0;	2204.77244	8	52.69575	70.62596	19.39678	5	0.00550	1.11959	0.47059	0.68182	0.00000	0	0	19.39678	23.20765	55.01651	9.104376026169766e-15	0.0	9.104376026169766e-15	sp|P00734|THRB_HUMAN	143
2020111CXY-7.17440.17440.3.0.dta	2020111CXY-7.17440.17440.3.0.dta	2020111CXY-7	17440	4671.57263	4867.96428	1623.32628	3	1	QDQCIYJTTYLNVQR	4,Carbamidomethyl[C];	1915.89667	8 6 1 1 0	(N(N(H(H(N(H))(N(H(H))))(H(N(H))(N(F)(H(A)))))))	1966	0 1 0 0 0;0 2 0 0 0;1 2 0 0 0;2 2 0 0 0;2 3 0 0 0;2 3 0 1 0;2 4 0 0 0;2 4 0 1 0;3 2 0 0 0;3 3 0 0 0;3 3 0 1 0;3 3 1 0 0;3 3 1 1 0;3 4 0 0 0;3 4 0 1 0;3 4 1 0 0;3 4 1 1 0;3 5 0 0 0;3 5 0 1 0;3 6 0 0 0;3 6 0 1 0;4 3 0 0 0;4 3 0 1 0;4 3 1 0 0;4 3 1 1 0;4 4 0 0 0;4 4 0 1 0;4 4 1 0 0;4 4 1 1 0;4 5 0 0 0;4 5 0 1 0;4 5 1 0 0;4 5 1 1 0;4 6 0 0 0;4 6 0 1 0;4 6 1 0 0;4 6 1 1 0;5 3 0 0 0;5 4 0 0 0;5 4 0 1 0;5 4 1 0 0;5 4 1 1 0;5 5 0 0 0;5 5 0 1 0;5 5 1 0 0;5 5 1 1 0;5 6 0 0 0;5 6 0 1 0;5 6 1 0 0;5 6 1 1 0;6 4 0 0 0;6 4 0 1 0;6 4 1 0 0;6 4 1 1 0;6 5 0 0 0;6 5 0 1 0;6 5 1 0 0;6 5 1 1 0;6 6 0 0 0;6 6 0 1 0;6 6 1 0 0;6 6 1 1 0;7 5 0 0 0;7 5 0 1 0;7 5 1 0 0;7 5 1 1 0;7 6 0 0 0;7 6 0 1 0;7 6 1 0 0;7 6 1 1 0;8 6 0 0 0;8 6 0 1 0;8 6 1 0 0;	2952.05215	7	23.66797	33.29359	5.79182	5	0.01546	3.17573	0.12000	0.75000	0.00000	0	0	5.79182	15.73255	25.24123	9.015017953157938e-06	0.0	9.015017953157938e-06	sp|P02763|A1AG1_HUMAN	93
2020111CXY-7.5659.5659.3.0.dta	2020111CXY-7.5659.5659.3.0.dta	2020111CXY-7	5659	1499.25813	2796.10127	932.70528	3	1	EEQYJSTYR		1189.51199	4 4 0 1 0	(N(F)(N(H(H(N))(H(N(H))))))	158	0 1 0 0 0;0 1 0 1 0;0 2 0 0 0;0 2 0 1 0;1 2 0 0 0;1 2 0 1 0;2 2 0 0 0;2 2 0 1 0;2 3 0 0 0;2 3 0 1 0;3 2 0 0 0;3 2 0 1 0;3 3 0 0 0;3 3 0 1 0;3 4 0 0 0;3 4 0 1 0;4 3 0 0 0;4 3 0 1 0;4 4 0 0 0;	1606.58669	5	23.34631	13.79684	41.08102	9	0.00259	0.92652	0.57143	0.56250	0.00000	0	0	41.08102	8.86991	24.23330	2.306137401329473e-29	0.0	2.306137401329473e-29	sp|P01857|IGHG1_HUMAN	180
2020111CXY-7.18679.18679.3.0.dta	2020111CXY-7.18679.18679.3.0.dta	2020111CXY-7	18679	5003.88719	4114.66154	1372.22536	3	1	GTAGNALMDGASQLMGEJR		1892.85892	6 4 1 1 0	(N(N(H(H(N(H(H))))(H(N(F)(H(A)))))))	783	0 1 0 0 0;0 2 0 0 0;1 2 0 0 0;2 2 0 0 0;2 3 0 0 0;2 3 0 1 0;3 2 0 0 0;3 3 0 0 0;3 3 0 1 0;3 3 1 0 0;3 3 1 1 0;3 4 0 0 0;3 4 0 1 0;4 3 0 0 0;4 3 0 1 0;4 3 1 0 0;4 3 1 1 0;4 4 0 0 0;4 4 0 1 0;4 4 1 0 0;4 4 1 1 0;5 3 0 0 0;5 4 0 0 0;5 4 0 1 0;5 4 1 0 0;5 4 1 1 0;6 4 0 0 0;6 4 0 1 0;6 4 1 0 0;	2221.78776	18	56.51379	70.77602	30.02679	7	0.01486	3.61178	0.32258	0.66667	0.00000	0	0	30.02679	22.48908	58.76270	5.08779819222798e-22	0.0	5.08779819222798e-22	sp|P02675|FIBB_HUMAN	394
2020111CXY-7.5429.5429.3.0.dta	2020111CXY-7.5429.5429.3.0.dta	2020111CXY-7	5429	1437.63378	2688.06392	896.69282	3	1	JNSDISSTR		993.45958	4 3 1 1 0	(N(F)(N(H(H)(H(N(H(A)))))))	198	0 1 0 0 0;0 1 0 1 0;0 2 0 0 0;0 2 0 1 0;1 2 0 0 0;1 2 0 1 0;2 2 0 0 0;2 2 0 1 0;2 3 0 0 0;2 3 0 1 0;3 2 0 0 0;3 2 0 1 0;3 3 0 0 0;3 3 0 1 0;3 3 1 0 0;3 3 1 1 0;4 3 0 0 0;4 3 0 1 0;4 3 1 0 0;	1694.60274	1	10.56150	12.58406	6.80531	6	0.00160	0.59695	0.28571	0.62500	0.00000	0	0	6.80531	8.10596	11.37210	1.9035936859198737e-06	0.0025996533795493936	0.0025996533795493936	sp|P01871|IGHM_HUMAN	46
2020111CXY-7.19121.19121.3.0.dta	2020111CXY-7.19121.19121.3.0.dta	2020111CXY-7	19121	5122.04159	3698.55503	1233.52319	3	1	CGLVPVLAENYJK	1,Carbamidomethyl[C];	1476.75152	6 4 1 1 0	(N(N(H(H(N(H(H))))(H(N(F)(H(A)))))))	783	0 1 0 0 0;0 2 0 0 0;1 2 0 0 0;2 2 0 0 0;2 3 0 0 0;2 3 0 1 0;3 2 0 0 0;3 3 0 0 0;3 3 0 1 0;3 3 1 0 0;3 3 1 1 0;3 4 0 0 0;3 4 0 1 0;4 3 0 0 0;4 3 0 1 0;4 3 1 0 0;4 3 1 1 0;4 4 0 0 0;4 4 0 1 0;4 4 1 0 0;4 4 1 1 0;5 3 0 0 0;5 4 0 0 0;5 4 0 1 0;5 4 1 0 0;5 4 1 1 0;6 4 0 0 0;6 4 0 1 0;6 4 1 0 0;	2221.78776	12	22.22980	28.76623	10.09071	6	0.01575	4.25930	0.25806	0.62500	0.00000	0	0	10.09071	11.59032	23.38883	1.9151071928058574e-08	0.0	1.9151071928058574e-08	sp|P02787|TRFE_HUMAN	432
2020111CXY-7.17102.17102.3.0.dta	2020111CXY-7.17102.17102.3.0.dta	2020111CXY-7	17102	4580.01565	3708.69235	1236.90230	3	1	VVLHPJYSQVDIGLIK		1795.01124	5 4 1 0 0	(N(N(H(H(N(H)))(H(N(H(A)))))))	380	0 1 0 0 0;0 2 0 0 0;1 2 0 0 0;2 2 0 0 0;2 3 0 0 0;3 2 0 0 0;3 3 0 0 0;3 3 1 0 0;3 4 0 0 0;4 3 0 0 0;4 3 1 0 0;4 4 0 0 0;4 4 1 0 0;5 4 0 0 0;	1913.67702	6	16.90646	13.26091	23.67675	6	0.00409	1.10268	0.62500	0.43333	0.00000	0	0	23.67675	8.10641	17.71710	1.5084972836405155e-17	0.0025996533795493936	0.0025996533795493936	sp|P00738|HPT_HUMAN	241
2020111CXY-7.16415.16415.3.0.dta	2020111CXY-7.16415.16415.3.0.dta	2020111CXY-7	16415	4393.51025	3507.50710	1169.84055	3	1	SVDFNRGTDJITVR		1593.79796	5 4 1 0 0	(N(N(H(H(N(H)))(H(N(H(A)))))))	380	0 1 0 0 0;0 2 0 0 0;1 2 0 0 0;2 2 0 0 0;2 3 0 0 0;3 2 0 0 0;3 3 0 0 0;3 3 1 0 0;3 4 0 0 0;4 3 0 0 0;4 3 1 0 0;4 4 0 0 0;4 4 1 0 0;5 4 0 0 0;	1913.67702	10	9.07744	7.17391	12.61256	5	0.03212	9.15707	0.50000	0.34615	0.00000	0	0	12.61256	7.53330	9.83077	4.0332662067382084e-10	0.008750994431185362	0.008750994431185362	sp|Q13449|LSAMP_HUMAN	40
2020111CXY-7.13895.13895.3.0.dta	2020111CXY-7.13895.13895.3.0.dta	2020111CXY-7	13895	3711.33337	3164.24597	1055.42017	3	1	LGJWSAMPSCK	10,Carbamidomethyl[C];	1250.56564	5 4 1 0 0	(N(N(H(H(N(H)))(H(N(H(A)))))))	380	0 1 0 0 0;0 2 0 0 0;1 2 0 0 0;2 2 0 0 0;2 3 0 0 0;3 2 0 0 0;3 3 0 0 0;3 3 1 0 0;3 4 0 0 0;4 3 0 0 0;4 3 1 0 0;4 4 0 0 0;4 4 1 0 0;5 4 0 0 0;	1913.67702	3	65.54492	81.28734	36.30901	7	0.00330	1.04401	0.62500	1.15000	0.00000	0	0	36.30901	23.77738	67.92266	3.937461824711769e-26	0.0	3.937461824711769e-26	sp|P02749|APOH_HUMAN	253
2020111CXY-7.11869.11869.3.0.dta	2020111CXY-7.11869.11869.3.0.dta	2020111CXY-7	11869	3165.97270	3217.26127	1073.09194	3	1	EEQFJSTFR		1157.52218	5 4 1 1 0	(N(F)(N(H(H(N(H)))(H(N(H(A)))))))	549	0 1 0 0 0;0 1 0 1 0;0 2 0 0 0;0 2 0 1 0;1 2 0 0 0;1 2 0 1 0;2 2 0 0 0;2 2 0 1 0;2 3 0 0 0;2 3 0 1 0;3 2 0 0 0;3 2 0 1 0;3 3 0 0 0;3 3 0 1 0;3 3 1 0 0;3 3 1 1 0;3 4 0 0 0;3 4 0 1 0;4 3 0 0 0;4 3 0 1 0;4 3 1 0 0;4 3 1 1 0;4 4 0 0 0;4 4 0 1 0;4 4 1 0 0;4 4 1 1 0;5 4 0 0 0;5 4 0 1 0;5 4 1 0 0;	2059.73493	5	29.94693	23.82626	41.31388	8	0.00416	1.29324	0.51613	0.81250	0.00000	0	0	41.31388	10.95958	31.04289	1.382517127628065e-29	0.0	1.382517127628065e-29	sp|P01859|IGHG2_HUMAN	176
2020111CXY-7.5822.5822.3.0.dta	2020111CXY-7.5822.5822.3.0.dta	2020111CXY-7	5822	1542.79090	2796.10163	932.70539	3	1	EEQYJSTYR		1189.51199	4 4 0 1 0	(N(F)(N(H(H(N))(H(N(H))))))	158	0 1 0 0 0;0 1 0 1 0;0 2 0 0 0;0 2 0 1 0;1 2 0 0 0;1 2 0 1 0;2 2 0 0 0;2 2 0 1 0;2 3 0 0 0;2 3 0 1 0;3 2 0 0 0;3 2 0 1 0;3 3 0 0 0;3 3 0 1 0;3 4 0 0 0;3 4 0 1 0;4 3 0 0 0;4 3 0 1 0;4 4 0 0 0;	1606.58669	5	53.40093	65.36698	31.17827	8	0.00295	1.05527	0.52381	1.18750	0.00000	0	0	31.17827	19.85483	55.38641	7.639450204314323e-23	0.0	7.639450204314323e-23	sp|P01857|IGHG1_HUMAN	180
2020111CXY-7.9830.9830.3.0.dta	2020111CXY-7.9830.9830.3.0.dta	2020111CXY-7	9830	2615.61913	3274.28336	1092.09930	3	1	EEQFJSTYR		1173.51708	4 5 1 1 0	(N(F)(N(H(N)(H(N(H))(N(H(A)))))))	591	0 1 0 0 0;0 1 0 1 0;0 2 0 0 0;0 2 0 1 0;1 2 0 0 0;1 2 0 1 0;1 3 0 0 0;1 3 0 1 0;2 2 0 0 0;2 2 0 1 0;2 3 0 0 0;2 3 0 1 0;2 4 0 0 0;2 4 0 1 0;2 5 0 0 0;2 5 0 1 0;3 3 0 0 0;3 3 0 1 0;3 3 1 0 0;3 3 1 1 0;3 4 0 0 0;3 4 0 1 0;3 4 1 0 0;3 4 1 1 0;3 5 0 0 0;3 5 0 1 0;3 5 1 0 0;3 5 1 1 0;4 4 0 0 0;4 4 0 1 0;4 4 1 0 0;4 4 1 1 0;4 5 0 0 0;4 5 0 1 0;4 5 1 0 0;	2100.76148	5	14.68457	18.07971	8.37932	6	0.00479	1.46432	0.18919	0.75000	0.00000	0	0	8.37932	8.82477	15.56705	2.0828630099982818e-07	0.0	2.0828630099982818e-07	sp|P01861|IGHG4_HUMAN	177
2020111CXY-7.19223.19223.3.0.dta	2020111CXY-7.19223.19223.3.0.dta	2020111CXY-7	19223	5149.53385	3602.57256	1201.52904	3	1	VPGJVTAVLGETLK		1397.79986	5 4 2 0 0	(N(N(H(H(N(H(A))))(H(N(H(A)))))))	754	0 1 0 0 0;0 2 0 0 0;1 2 0 0 0;2 2 0 0 0;2 3 0 0 0;3 2 0 0 0;3 3 0 0 0;3 3 1 0 0;3 4 0 0 0;4 3 0 0 0;4 3 1 0 0;4 4 0 0 0;4 4 1 0 0;5 4 0 0 0;5 4 1 0 0;	2204.77244	4	41.50499	44.92798	35.14801	6	0.00026	0.07161	0.70588	0.84615	0.00000	0	0	35.14801	15.38183	43.04317	1.9297449386217032e-25	0.0	1.9297449386217032e-25	sp|P01833|PIGR_HUMAN	469
2020111CXY-7.17071.17071.3.0.dta	2020111CXY-7.17071.17071.3.0.dta	2020111CXY-7	17071	4571.63853	3822.53524	1274.84993	3	1	GTAGNALMDGASQLMGEJR	8,Oxidation[M];	1908.85384	5 4 1 0 0	(N(N(H(H(N(H)))(H(N(H(A)))))))	380	0 1 0 0 0;0 2 0 0 0;1 2 0 0 0;2 2 0 0 0;2 3 0 0 0;3 2 0 0 0;3 3 0 0 0;3 3 1 0 0;3 4 0 0 0;4 3 0 0 0;4 3 1 0 0;4 4 0 0 0;4 4 1 0 0;5 4 0 0 0;	1913.67702	18	16.09925	10.51442	26.47107	7	0.00438	1.14649	0.56250	0.25000	0.00000	0	0	26.47107	8.10244	16.90949	1.6097642282829168e-19	0.003352891869237217	0.003352891869237217	sp|P02675|FIBB_HUMAN	394
2020111CXY-7.5626.5626.2.0.dta	2020111CXY-7.5626.5626.2.0.dta	2020111CXY-7	5626	1490.38251	2284.91079	1142.95903	2	1	EEQYJSTYR		1189.51199	3 3 0 0 0	(N(N(H(H(N(H))))))	25	0 1 0 0 0;0 2 0 0 0;1 2 0 0 0;2 2 0 0 0;2 3 0 0 0;	1095.39659	5	15.24021	14.01348	17.51843	5	0.00221	0.96652	0.71429	0.62500	0.00000	0	0	17.51843	9.56748	16.19696	1.7636601257889902e-13	0.0	1.7636601257889902e-13	sp|P01857|IGHG1_HUMAN	180
2020111CXY-7.11248.11248.3.0.dta	2020111CXY-7.11248.11248.3.0.dta	2020111CXY-7	11248	2998.25494	3501.39049	1167.80168	3	1	MDGASJVTCINSR	9,Carbamidomethyl[C];	1424.62567	6 4 0 2 0	(N(F)(N(H(H(N(H)))(H(N(H(H)(F)))))))	574	0 1 0 0 0;0 1 0 1 0;0 2 0 0 0;0 2 0 1 0;1 2 0 0 0;1 2 0 1 0;2 2 0 0 0;2 2 0 1 0;2 3 0 0 0;2 3 0 1 0;3 2 0 0 0;3 2 0 1 0;3 3 0 0 0;3 3 0 1 0;3 3 0 2 0;3 4 0 0 0;3 4 0 1 0;4 3 0 0 0;4 3 0 1 0;4 3 0 2 0;4 4 0 0 0;4 4 0 1 0;4 4 0 2 0;5 3 0 0 0;5 3 0 1 0;5 3 0 2 0;5 4 0 0 0;5 4 0 1 0;5 4 0 2 0;6 4 0 0 0;6 4 0 1 0;	2076.75025	6	16.18437	16.46517	15.66288	7	0.01457	4.16005	0.36364	0.62500	0.00000	0	0	15.66288	9.89206	17.17358	2.7917108462494263e-12	0.0	2.7917108462494263e-12	sp|P08603|CFAH_HUMAN	1029
2020111CXY-7.9221.9221.2.0.dta	2020111CXY-7.9221.9221.2.0.dta	2020111CXY-7	9221	2453.26486	2764.11574	1382.56151	2	1	EEQFJSTFR		1157.52218	4 4 0 1 0	(N(N(H(H(N))(H(N(H(F)))))))	161	0 1 0 0 0;0 2 0 0 0;1 2 0 0 0;2 2 0 0 0;2 3 0 0 0;3 2 0 0 0;3 3 0 0 0;3 3 0 1 0;3 4 0 0 0;4 3 0 0 0;4 3 0 1 0;4 4 0 0 0;	1606.58669	5	9.67892	7.61441	13.51303	6	0.00687	2.48674	0.42857	0.43750	0.00000	0	0	13.51303	7.70126	10.44905	7.898951408672481e-11	0.0065040650406504065	0.0065040650406504065	sp|P01859|IGHG2_HUMAN	176
2020111CXY-7.14816.14816.3.0.dta	2020111CXY-7.14816.14816.3.0.dta	2020111CXY-7	14816	3960.63056	3318.34988	1106.78814	3	1	SWPAVGJCSSALR	8,Carbamidomethyl[C];	1404.66886	5 4 1 0 0	(N(N(H(H(N(H)))(H(N(H(A)))))))	380	0 1 0 0 0;0 2 0 0 0;1 2 0 0 0;2 2 0 0 0;2 3 0 0 0;3 2 0 0 0;3 3 0 0 0;3 3 1 0 0;3 4 0 0 0;4 3 0 0 0;4 3 1 0 0;4 4 0 0 0;4 4 1 0 0;5 4 0 0 0;	1913.67702	7	45.08344	53.27809	29.86480	6	0.00400	1.20466	0.62500	0.87500	0.00000	0	0	29.86480	18.27688	46.91113	6.195778520798022e-22	0.0	6.195778520798022e-22	sp|P02790|HEMO_HUMAN	187
2020111CXY-7.9182.9182.5.0.dta	2020111CXY-7.9182.9182.5.0.dta	2020111CXY-7	9182	2442.92456	4987.07594	998.22101	5	1	GNVAVTVSGHTCQHWSAQTPHTHJR	12,Carbamidomethyl[C];	2782.29751	5 4 2 0 0	(N(N(H(H(N(H(A))))(H(N(H(A)))))))	754	0 1 0 0 0;0 2 0 0 0;1 2 0 0 0;2 2 0 0 0;2 3 0 0 0;3 2 0 0 0;3 3 0 0 0;3 3 1 0 0;3 4 0 0 0;4 3 0 0 0;4 3 1 0 0;4 4 0 0 0;4 4 1 0 0;5 4 0 0 0;5 4 1 0 0;	2204.77244	24	15.40176	10.13394	25.18486	6	0.00599	1.20210	0.47059	0.18750	0.00000	0	0	25.18486	7.59185	16.16095	1.4077710870981033e-18	0.008045052292839904	0.008045052292839904	sp|P00747|PLMN_HUMAN	308
2020111CXY-7.16709.16709.3.0.dta	2020111CXY-7.16709.16709.3.0.dta	2020111CXY-7	16709	4473.59287	3445.52302	1149.17919	3	1	QVLFLDTVYGJCSTHFTVK	12,Carbamidomethyl[C];	2229.10086	5 2 0 0 0	(N(N(H(H)(H(H)(H)))))	31	0 1 0 0 0;0 2 0 0 0;1 2 0 0 0;2 2 0 0 0;3 2 0 0 0;4 2 0 0 0;	1216.42286	11	15.62707	16.35511	14.27498	6	-0.00070	-0.20256	0.75000	0.44444	0.00000	0	0	14.27498	10.15475	16.64255	2.516275326860526e-11	0.0	2.516275326860526e-11	sp|P04114|APOB_HUMAN	185
2020111CXY-7.5298.5298.3.0.dta	2020111CXY-7.5298.5298.3.0.dta	2020111CXY-7	5298	1403.22872	2979.22338	993.74598	3	1	YKJNSDISSTR		1284.61786	4 3 1 1 0	(N(F)(N(H(H)(H(N(H(A)))))))	198	0 1 0 0 0;0 1 0 1 0;0 2 0 0 0;0 2 0 1 0;1 2 0 0 0;1 2 0 1 0;2 2 0 0 0;2 2 0 1 0;2 3 0 0 0;2 3 0 1 0;3 2 0 0 0;3 2 0 1 0;3 3 0 0 0;3 3 0 1 0;3 3 1 0 0;3 3 1 1 0;4 3 0 0 0;4 3 0 1 0;4 3 1 0 0;	1694.60274	3	51.07234	39.80341	72.00036	9	0.00278	0.93335	0.76190	1.00000	0.00000	0	0	72.00036	15.02705	52.57505	2.8246671026995164e-50	0.0	2.8246671026995164e-50	sp|P01871|IGHM_HUMAN	46
2020111CXY-7.5023.5023.3.0.dta	2020111CXY-7.5023.5023.3.0.dta	2020111CXY-7	5023	1330.08030	2710.12125	904.04527	3	1	GHVJITR		796.44241	5 4 1 0 0	(N(N(H(H(N(H)))(H(N(H(A)))))))	380	0 1 0 0 0;0 2 0 0 0;1 2 0 0 0;2 2 0 0 0;2 3 0 0 0;3 2 0 0 0;3 3 0 0 0;3 3 1 0 0;3 4 0 0 0;4 3 0 0 0;4 3 1 0 0;4 4 0 0 0;4 4 1 0 0;5 4 0 0 0;	1913.67702	4	63.31843	52.12914	84.09854	7	0.00182	0.67026	0.87500	1.08333	0.00000	0	0	84.09854	15.35968	64.85440	2.025183323377522e-58	0.0	2.025183323377522e-58	sp|P00734|THRB_HUMAN	121
2020111CXY-7.9575.9575.3.0.dta	2020111CXY-7.9575.9575.3.0.dta	2020111CXY-7	9575	2547.03036	2884.16169	962.05875	3	1	JYTLTGR		824.42608	5 4 1 1 0	(N(F)(N(H(H(N(H)))(H(N(H(A)))))))	549	0 1 0 0 0;0 1 0 1 0;0 2 0 0 0;0 2 0 1 0;1 2 0 0 0;1 2 0 1 0;2 2 0 0 0;2 2 0 1 0;2 3 0 0 0;2 3 0 1 0;3 2 0 0 0;3 2 0 1 0;3 3 0 0 0;3 3 0 1 0;3 3 1 0 0;3 3 1 1 0;3 4 0 0 0;3 4 0 1 0;4 3 0 0 0;4 3 0 1 0;4 3 1 0 0;4 3 1 1 0;4 4 0 0 0;4 4 0 1 0;4 4 1 0 0;4 4 1 1 0;5 4 0 0 0;5 4 0 1 0;5 4 1 0 0;	2059.73493	1	20.86974	22.12996	18.52934	8	0.00067	0.23185	0.35484	1.00000	0.00000	0	0	18.52934	9.14716	21.78446	2.916873888570588e-14	0.0	2.916873888570588e-14	sp|P10643|CO7_HUMAN	754
2020111CXY-7.14426.14426.3.0.dta	2020111CXY-7.14426.14426.3.0.dta	2020111CXY-7	14426	3855.14647	4226.78532	1409.59996	3	1	ELHHLQEQJVSNAFLDK		2022.00393	5 4 2 0 0	(N(N(H(H(N(H(A))))(H(N(H(A)))))))	754	0 1 0 0 0;0 2 0 0 0;1 2 0 0 0;2 2 0 0 0;2 3 0 0 0;3 2 0 0 0;3 3 0 0 0;3 3 1 0 0;3 4 0 0 0;4 3 0 0 0;4 3 1 0 0;4 4 0 0 0;4 4 1 0 0;5 4 0 0 0;5 4 1 0 0;	2204.77244	9	30.99182	30.37471	32.13789	7	0.00896	2.11886	0.58824	0.62500	0.00000	0	0	32.13789	15.14386	32.50621	1.8520357277627242e-23	0.0	1.8520357277627242e-23	sp|P00450|CERU_HUMAN	762
2020111CXY-7.18606.18606.3.0.dta	2020111CXY-7.18606.18606.3.0.dta	2020111CXY-7	18606	4984.47270	3681.52887	1227.84781	3	1	CGLVPVLAENYJK	1,Carbamidomethyl[C];	1476.75152	5 4 2 0 0	(N(N(H(H(N(H(A))))(H(N(H(A)))))))	754	0 1 0 0 0;0 2 0 0 0;1 2 0 0 0;2 2 0 0 0;2 3 0 0 0;3 2 0 0 0;3 3 0 0 0;3 3 1 0 0;3 4 0 0 0;4 3 0 0 0;4 3 1 0 0;4 4 0 0 0;4 4 1 0 0;5 4 0 0 0;5 4 1 0 0;	2204.77244	12	54.66415	69.13412	27.79136	7	0.00491	1.33395	0.52941	1.00000	0.00000	0	0	27.79136	21.97646	56.86180	2.0032381917706837e-20	0.0	2.0032381917706837e-20	sp|P02787|TRFE_HUMAN	432
2020111CXY-7.16850.16850.4.0.dta	2020111CXY-7.16850.16850.4.0.dta	2020111CXY-7	16850	4512.03586	5636.40548	1409.85683	4	1	RNPPMGGNVVIFDTVITNQEEPYQJHSGR	5,Oxidation[M];	3285.57054	5 4 2 1 0	(N(F)(N(H(H(N(H(A))))(H(N(H(A)))))))	991	0 1 0 0 0;0 1 0 1 0;0 2 0 0 0;0 2 0 1 0;1 2 0 0 0;1 2 0 1 0;2 2 0 0 0;2 2 0 1 0;2 3 0 0 0;2 3 0 1 0;3 2 0 0 0;3 2 0 1 0;3 3 0 0 0;3 3 0 1 0;3 3 1 0 0;3 3 1 1 0;3 4 0 0 0;3 4 0 1 0;4 3 0 0 0;4 3 0 1 0;4 3 1 0 0;4 3 1 1 0;4 4 0 0 0;4 4 0 1 0;4 4 1 0 0;4 4 1 1 0;5 4 0 0 0;5 4 0 1 0;5 4 1 0 0;5 4 1 1 0;5 4 2 0 0;	2350.83035	25	12.25618	14.07754	8.87367	5	0.00459	0.81349	0.27273	0.26786	0.00000	0	0	8.87367	8.25608	13.08179	9.987912712380705e-08	0.0025996533795493936	0.0025996533795493936	sp|P02745|C1QA_HUMAN	146
2020111CXY-7.5172.5172.3.0.dta	2020111CXY-7.5172.5172.3.0.dta	2020111CXY-7	5172	1369.90924	2979.22238	993.74564	3	1	YKJNSDISSTR		1284.61786	4 3 1 1 0	(N(F)(N(H(H)(H(N(H(A)))))))	198	0 1 0 0 0;0 1 0 1 0;0 2 0 0 0;0 2 0 1 0;1 2 0 0 0;1 2 0 1 0;2 2 0 0 0;2 2 0 1 0;2 3 0 0 0;2 3 0 1 0;3 2 0 0 0;3 2 0 1 0;3 3 0 0 0;3 3 0 1 0;3 3 1 0 0;3 3 1 1 0;4 3 0 0 0;4 3 0 1 0;4 3 1 0 0;	1694.60274	3	49.22491	36.41304	73.01839	9	0.00178	0.59903	0.76190	0.95000	0.00000	0	0	73.01839	13.77390	50.60230	4.1156000077806763e-51	0.0	4.1156000077806763e-51	sp|P01871|IGHM_HUMAN	46
2020111CXY-7.5821.5821.2.0.dta	2020111CXY-7.5821.5821.2.0.dta	2020111CXY-7	5821	1542.51315	2487.99070	1244.49899	2	1	EEQYJSTYR		1189.51199	3 4 0 0 0	(N(N(H(H(N))(H(N)))))	52	0 1 0 0 0;0 2 0 0 0;1 2 0 0 0;2 2 0 0 0;2 3 0 0 0;3 2 0 0 0;3 3 0 0 0;	1298.47596	5	25.42157	20.36270	34.81663	7	0.00275	1.10687	0.77778	0.68750	0.00000	0	0	34.81663	11.25627	26.54720	3.406079412032428e-25	0.0	3.406079412032428e-25	sp|P01857|IGHG1_HUMAN	180
2020111CXY-7.19246.19246.3.1.dta	2020111CXY-7.19246.19246.3.1.dta	2020111CXY-7	19246	5155.75846	4600.77277	1534.26244	3	1	LNAENJATFYFK		1431.69030	7 5 3 1 0	(N(N(H(N)(H(H)(H))(H(N(H(A(A))))(N(F)(H(A)))))))	2284	0 1 0 0 0;0 2 0 0 0;1 2 0 0 0;1 3 0 0 0;2 2 0 0 0;2 3 0 0 0;2 3 0 1 0;2 4 0 0 0;2 4 0 1 0;2 5 0 0 0;2 5 0 1 0;3 2 0 0 0;3 3 0 0 0;3 3 0 1 0;3 3 1 0 0;3 3 1 1 0;3 3 2 0 0;3 4 0 0 0;3 4 0 1 0;3 4 1 0 0;3 4 1 1 0;3 4 2 0 0;3 4 2 1 0;3 5 0 0 0;3 5 0 1 0;3 5 1 0 0;3 5 1 1 0;3 5 2 0 0;3 5 2 1 0;4 2 0 0 0;4 3 0 0 0;4 3 0 1 0;4 3 1 0 0;4 3 1 1 0;4 3 2 0 0;4 4 0 0 0;4 4 0 1 0;4 4 1 0 0;4 4 1 1 0;4 4 2 0 0;4 4 2 1 0;4 4 3 0 0;4 4 3 1 0;4 5 0 0 0;4 5 0 1 0;4 5 1 0 0;4 5 1 1 0;4 5 2 0 0;4 5 2 1 0;4 5 3 0 0;4 5 3 1 0;5 2 0 0 0;5 3 0 0 0;5 3 0 1 0;5 3 1 0 0;5 3 1 1 0;5 3 2 0 0;5 4 0 0 0;5 4 0 1 0;5 4 1 0 0;5 4 1 1 0;5 4 2 0 0;5 4 2 1 0;5 4 3 0 0;5 4 3 1 0;5 5 0 0 0;5 5 0 1 0;5 5 1 0 0;5 5 1 1 0;5 5 2 0 0;5 5 2 1 0;5 5 3 0 0;5 5 3 1 0;6 3 0 0 0;6 3 0 1 0;6 3 1 0 0;6 3 1 1 0;6 3 2 0 0;6 4 0 0 0;6 4 0 1 0;6 4 1 0 0;6 4 1 1 0;6 4 2 0 0;6 4 2 1 0;6 4 3 0 0;6 4 3 1 0;6 5 0 0 0;6 5 0 1 0;6 5 1 0 0;6 5 1 1 0;6 5 2 0 0;6 5 2 1 0;6 5 3 0 0;6 5 3 1 0;7 4 0 0 0;7 4 0 1 0;7 4 1 0 0;7 4 1 1 0;7 4 2 0 0;7 4 2 1 0;7 4 3 0 0;7 4 3 1 0;7 5 0 0 0;7 5 0 1 0;7 5 1 0 0;7 5 1 1 0;7 5 2 0 0;7 5 2 1 0;7 5 3 0 0;	3169.11079	6	20.13832	28.93917	3.79386	4	-0.02831	-6.15283	0.09009	0.81818	0.00000	0	0	3.79386	11.86546	21.32487	0.0002483224421674864	0.0	0.0002483224421674864	sp|P01042|KNG1_HUMAN	294
2020111CXY-7.12623.12623.3.0.dta	2020111CXY-7.12623.12623.3.0.dta	2020111CXY-7	12623	3368.48152	3072.19644	1024.73700	3	1	DFVJASSK		867.42067	5 4 2 0 0	(N(N(H(H(N(H(A))))(H(N(H(A)))))))	754	0 1 0 0 0;0 2 0 0 0;1 2 0 0 0;2 2 0 0 0;2 3 0 0 0;3 2 0 0 0;3 3 0 0 0;3 3 1 0 0;3 4 0 0 0;4 3 0 0 0;4 3 1 0 0;4 4 0 0 0;4 4 1 0 0;5 4 0 0 0;5 4 1 0 0;	2204.77244	4	62.53746	86.41677	18.19017	6	0.00333	1.08390	0.41176	1.42857	0.00000	0	0	18.19017	23.52657	64.89012	4.421488426275001e-14	0.0	4.421488426275001e-14	sp|P05546|HEP2_HUMAN	188
2020111CXY-7.8803.8803.3.0.dta	2020111CXY-7.8803.8803.3.0.dta	2020111CXY-7	8803	2340.17432	3919.57607	1307.19687	3	1	QEPERJECFLQHK	8,Carbamidomethyl[C];	1714.79658	5 4 2 0 0	(N(N(H(H(N(H(A))))(H(N(H(A)))))))	754	0 1 0 0 0;0 2 0 0 0;1 2 0 0 0;2 2 0 0 0;2 3 0 0 0;3 2 0 0 0;3 3 0 0 0;3 3 1 0 0;3 4 0 0 0;4 3 0 0 0;4 3 1 0 0;4 4 0 0 0;4 4 1 0 0;5 4 0 0 0;5 4 1 0 0;	2204.77244	6	26.66573	11.13479	55.50891	7	0.00705	1.79866	0.82353	0.41667	0.00000	0	0	55.50891	8.35449	27.50118	3.471056948338198e-39	0.0018165304268846503	0.0018165304268846503	sp|P02768|ALBU_HUMAN	123
2020111CXY-7.18221.18221.3.0.dta	2020111CXY-7.18221.18221.3.0.dta	2020111CXY-7	18221	4880.29906	3190.27265	1064.09573	3	1	ETFFJLSK		985.49892	5 4 2 0 0	(N(N(H(H(N(H(A))))(H(N(H(A)))))))	754	0 1 0 0 0;0 2 0 0 0;1 2 0 0 0;2 2 0 0 0;2 3 0 0 0;3 2 0 0 0;3 3 0 0 0;3 3 1 0 0;3 4 0 0 0;4 3 0 0 0;4 3 1 0 0;4 4 0 0 0;4 4 1 0 0;5 4 0 0 0;5 4 1 0 0;	2204.77244	5	23.09178	28.88528	12.33243	6	0.00128	0.40246	0.35294	0.92857	0.00000	0	0	12.33243	10.73022	24.16480	6.835842831944169e-10	0.0	6.835842831944169e-10	sp|Q9UK55|ZPI_HUMAN	180
2020111CXY-7.19024.19024.3.1.dta	2020111CXY-7.19024.19024.3.1.dta	2020111CXY-7	19024	5096.46613	3993.64634	1331.88696	3	1	VCQDCPLLAPLJDTR	2,Carbamidomethyl[C];5,Carbamidomethyl[C];	1771.84657	6 4 1 1 0	(N(N(H(H(N(H(H))))(H(N(F)(H(A)))))))	783	0 1 0 0 0;0 2 0 0 0;1 2 0 0 0;2 2 0 0 0;2 3 0 0 0;2 3 0 1 0;3 2 0 0 0;3 3 0 0 0;3 3 0 1 0;3 3 1 0 0;3 3 1 1 0;3 4 0 0 0;3 4 0 1 0;4 3 0 0 0;4 3 0 1 0;4 3 1 0 0;4 3 1 1 0;4 4 0 0 0;4 4 0 1 0;4 4 1 0 0;4 4 1 1 0;5 3 0 0 0;5 4 0 0 0;5 4 0 1 0;5 4 1 0 0;5 4 1 1 0;6 4 0 0 0;6 4 0 1 0;6 4 1 0 0;	2221.78776	12	24.57696	34.24206	6.62749	5	0.01202	3.00959	0.22581	0.64286	0.00000	0	0	6.62749	13.11306	25.88827	2.40938016117858e-06	0.0	2.40938016117858e-06	sp|P02765|FETUA_HUMAN	156
2020111CXY-7.11882.11882.2.0.dta	2020111CXY-7.11882.11882.2.0.dta	2020111CXY-7	11882	3169.58816	3014.18373	1507.59551	2	1	EEQFJSTFR		1157.52218	5 3 1 1 0	(N(F)(N(H(H(H))(H(N(H(A)))))))	322	0 1 0 0 0;0 1 0 1 0;0 2 0 0 0;0 2 0 1 0;1 2 0 0 0;1 2 0 1 0;2 2 0 0 0;2 2 0 1 0;2 3 0 0 0;2 3 0 1 0;3 2 0 0 0;3 2 0 1 0;3 3 0 0 0;3 3 0 1 0;3 3 1 0 0;3 3 1 1 0;4 2 0 0 0;4 2 0 1 0;4 3 0 0 0;4 3 0 1 0;4 3 1 0 0;4 3 1 1 0;5 3 0 0 0;5 3 0 1 0;5 3 1 0 0;	1856.65556	5	17.39818	10.38682	30.41926	9	0.00600	1.98933	0.44444	0.56250	0.00000	0	0	30.41926	8.34360	18.23254	3.080183146386338e-22	0.0018165304268846503	0.0018165304268846503	sp|P01859|IGHG2_HUMAN	176
2020111CXY-7.9864.9864.3.0.dta	2020111CXY-7.9864.9864.3.0.dta	2020111CXY-7	9864	2624.88132	3317.40911	1106.47455	3	1	FVEGSHJSTVSLTTK		1606.80713	5 3 1 0 0	(N(N(H(H(H))(H(N(H(A)))))))	220	0 1 0 0 0;0 2 0 0 0;1 2 0 0 0;2 2 0 0 0;2 3 0 0 0;3 2 0 0 0;3 3 0 0 0;3 3 1 0 0;4 2 0 0 0;4 3 0 0 0;4 3 1 0 0;5 3 0 0 0;	1710.59765	7	93.96162	113.71252	57.28137	7	0.00433	1.30585	0.85714	1.10714	0.00000	0	0	57.28137	31.71510	97.13313	1.6918090675160775e-40	0.0	1.6918090675160775e-40	sp|P04114|APOB_HUMAN	3411
2020111CXY-7.8098.8098.3.0.dta	2020111CXY-7.8098.8098.3.0.dta	2020111CXY-7	8098	2150.70193	3229.39153	1077.13536	3	1	FVEGSHJSTVSLTTK		1606.80713	5 4 0 0 0	(N(N(H(H(N(H)))(H(N(H))))))	175	0 1 0 0 0;0 2 0 0 0;1 2 0 0 0;2 2 0 0 0;2 3 0 0 0;3 2 0 0 0;3 3 0 0 0;3 4 0 0 0;4 3 0 0 0;4 4 0 0 0;	1622.58161	7	34.32536	28.32421	45.47035	7	0.00280	0.86704	0.83333	0.64286	0.00000	0	0	45.47035	11.94305	35.51966	1.9251276913212692e-32	0.0	1.9251276913212692e-32	sp|P04114|APOB_HUMAN	3411
2020111CXY-7.6234.6234.2.0.dta	2020111CXY-7.6234.6234.2.0.dta	2020111CXY-7	6234	1650.33865	2837.12770	1419.06749	2	1	EEQYJSTYR		1189.51199	3 5 0 1 0	(N(F)(N(H(N)(H(N))(H(N)))))	187	0 1 0 0 0;0 1 0 1 0;0 2 0 0 0;0 2 0 1 0;1 2 0 0 0;1 2 0 1 0;1 3 0 0 0;1 3 0 1 0;2 2 0 0 0;2 2 0 1 0;2 3 0 0 0;2 3 0 1 0;2 4 0 0 0;2 4 0 1 0;3 2 0 0 0;3 2 0 1 0;3 3 0 0 0;3 3 0 1 0;3 4 0 0 0;3 4 0 1 0;3 5 0 0 0;	1647.61324	5	47.05954	37.99746	63.88911	9	0.00247	0.86938	0.69565	0.87500	0.00000	0	0	63.88911	13.67714	48.42725	1.03525928538556e-44	0.0	1.03525928538556e-44	sp|P01857|IGHG1_HUMAN	180
2020111CXY-7.9309.9309.3.0.dta	2020111CXY-7.9309.9309.3.0.dta	2020111CXY-7	9309	2476.37555	2764.11174	922.04210	3	1	EEQFJSTFR		1157.52218	4 4 0 1 0	(N(N(H(H(N))(H(N(H(F)))))))	161	0 1 0 0 0;0 2 0 0 0;1 2 0 0 0;2 2 0 0 0;2 3 0 0 0;3 2 0 0 0;3 3 0 0 0;3 3 0 1 0;3 4 0 0 0;4 3 0 0 0;4 3 0 1 0;4 4 0 0 0;	1606.58669	5	61.30497	75.94760	34.11153	7	0.00287	1.03999	0.64286	1.18750	0.00000	0	0	34.11153	21.99735	63.50471	8.868105135891213e-25	0.0	8.868105135891213e-25	sp|P01859|IGHG2_HUMAN	176
2020111CXY-7.14083.14083.3.1.dta	2020111CXY-7.14083.14083.3.1.dta	2020111CXY-7	14083	3762.30904	3086.25581	1029.42345	3	1	GVNFJVSK		864.45739	6 4 1 1 0	(N(N(H(H(N(H(H))))(H(N(F)(H(A)))))))	783	0 1 0 0 0;0 2 0 0 0;1 2 0 0 0;2 2 0 0 0;2 3 0 0 0;2 3 0 1 0;3 2 0 0 0;3 3 0 0 0;3 3 0 1 0;3 3 1 0 0;3 3 1 1 0;3 4 0 0 0;3 4 0 1 0;4 3 0 0 0;4 3 0 1 0;4 3 1 0 0;4 3 1 1 0;4 4 0 0 0;4 4 0 1 0;4 4 1 0 0;4 4 1 1 0;5 3 0 0 0;5 4 0 0 0;5 4 0 1 0;5 4 1 0 0;5 4 1 1 0;6 4 0 0 0;6 4 0 1 0;6 4 1 0 0;	2221.78776	5	40.68324	56.37157	11.54775	6	0.01066	3.45475	0.22581	1.21429	0.00000	0	0	11.54775	16.25444	42.30868	1.784799948021898e-09	0.0	1.784799948021898e-09	sp|P03952|KLKB1_HUMAN	127
2020111CXY-7.15940.15940.3.0.dta	2020111CXY-7.15940.15940.3.0.dta	2020111CXY-7	15940	4265.26868	3515.44411	1172.48622	3	1	GTAGNALMDGASQLMGEJR		1892.85892	5 4 0 0 0	(N(N(H(H(N(H)))(H(N(H))))))	175	0 1 0 0 0;0 2 0 0 0;1 2 0 0 0;2 2 0 0 0;2 3 0 0 0;3 2 0 0 0;3 3 0 0 0;3 4 0 0 0;4 3 0 0 0;4 4 0 0 0;	1622.58161	18	69.31521	83.58107	42.82145	7	0.00358	1.01951	0.83333	0.77778	0.00000	0	0	42.82145	27.83602	72.09881	1.2922636503750927e-30	0.0	1.2922636503750927e-30	sp|P02675|FIBB_HUMAN	394
2020111CXY-7.5354.5354.3.0.dta	2020111CXY-7.5354.5354.3.0.dta	2020111CXY-7	5354	1417.91616	3149.21341	1050.40932	3	1	HJSTGCLR	6,Carbamidomethyl[C];	944.43667	5 4 2 0 0	(N(N(H(H(N(H(A))))(H(N(H(A)))))))	754	0 1 0 0 0;0 2 0 0 0;1 2 0 0 0;2 2 0 0 0;2 3 0 0 0;3 2 0 0 0;3 3 0 0 0;3 3 1 0 0;3 4 0 0 0;4 3 0 0 0;4 3 1 0 0;4 4 0 0 0;4 4 1 0 0;5 4 0 0 0;5 4 1 0 0;	2204.77244	2	96.28661	83.48308	120.06459	7	0.00430	1.36509	0.94118	1.28571	0.00000	0	0	120.06459	22.78308	98.56492	1.7575329857124847e-81	0.0	1.7575329857124847e-81	sp|P10909|CLUS_HUMAN	291
2020111CXY-7.12954.12954.3.0.dta	2020111CXY-7.12954.12954.3.0.dta	2020111CXY-7	12954	3457.29537	3072.19511	1024.73655	3	1	DFVJASSK		867.42067	5 4 2 0 0	(N(N(H(H)(H(N(H(A)))(N(H(A)))))))	756	0 1 0 0 0;0 2 0 0 0;1 2 0 0 0;2 2 0 0 0;2 3 0 0 0;2 4 0 0 0;3 2 0 0 0;3 3 0 0 0;3 3 1 0 0;3 4 0 0 0;3 4 1 0 0;4 3 0 0 0;4 3 1 0 0;4 4 0 0 0;4 4 1 0 0;4 4 2 0 0;5 4 0 0 0;5 4 1 0 0;	2204.77244	4	44.83948	58.31468	19.81410	7	0.00200	0.65034	0.40000	1.28571	0.00000	0	0	19.81410	16.76842	46.51632	4.697862555078344e-15	0.0	4.697862555078344e-15	sp|P05546|HEP2_HUMAN	188
2020111CXY-7.9833.9833.2.0.dta	2020111CXY-7.9833.9833.2.0.dta	2020111CXY-7	9833	2616.30120	2602.05944	1301.53336	2	1	EEQFJSTFR		1157.52218	3 4 0 1 0	(N(F)(N(H(H(N))(H(N)))))	95	0 1 0 0 0;0 1 0 1 0;0 2 0 0 0;0 2 0 1 0;1 2 0 0 0;1 2 0 1 0;2 2 0 0 0;2 2 0 1 0;2 3 0 0 0;2 3 0 1 0;3 2 0 0 0;3 2 0 1 0;3 3 0 0 0;3 3 0 1 0;3 4 0 0 0;	1444.53387	5	32.36832	25.55225	45.02673	9	0.00339	1.30246	0.64706	0.81250	0.00000	0	0	45.02673	11.68195	33.53652	4.6644889125783753e-32	0.0	4.6644889125783753e-32	sp|P01859|IGHG2_HUMAN	176
2020111CXY-7.16842.16842.3.0.dta	2020111CXY-7.16842.16842.3.0.dta	2020111CXY-7	16842	4509.90483	3546.64002	1182.88486	3	1	VVLHPJYSQVDIGLIK		1795.01124	4 4 1 0 0	(N(N(H(H(N))(H(N(H(A)))))))	239	0 1 0 0 0;0 2 0 0 0;1 2 0 0 0;2 2 0 0 0;2 3 0 0 0;3 2 0 0 0;3 3 0 0 0;3 3 1 0 0;3 4 0 0 0;4 3 0 0 0;4 3 1 0 0;4 4 0 0 0;	1751.62420	6	24.21787	16.69279	38.19300	7	0.00458	1.29162	0.78571	0.53333	0.00000	0	0	38.19300	10.59174	25.27704	1.3292391581436556e-27	0.0	1.3292391581436556e-27	sp|P00738|HPT_HUMAN	241
2020111CXY-7.19299.19299.3.0.dta	2020111CXY-7.19299.19299.3.0.dta	2020111CXY-7	19299	5170.03828	3500.43101	1167.48185	3	1	PLQJFTLCFR	8,Carbamidomethyl[C];	1295.65650	5 4 2 0 0	(N(N(H(H(N(H(A))))(H(N(H(A)))))))	754	0 1 0 0 0;0 2 0 0 0;1 2 0 0 0;2 2 0 0 0;2 3 0 0 0;3 2 0 0 0;3 3 0 0 0;3 3 1 0 0;3 4 0 0 0;4 3 0 0 0;4 3 1 0 0;4 4 0 0 0;4 4 1 0 0;5 4 0 0 0;5 4 1 0 0;	2204.77244	4	46.67000	50.96229	38.69859	7	0.00206	0.58906	0.58824	1.16667	0.00000	0	0	38.69859	16.44685	48.31469	7.809757951195332e-28	0.0	7.809757951195332e-28	sp|P02743|SAMP_HUMAN	51
2020111CXY-7.18409.18409.2.0.dta	2020111CXY-7.18409.18409.2.0.dta	2020111CXY-7	18409	4930.99699	3116.24680	1558.62704	2	1	JGSLFAFR		911.47338	5 4 2 0 0	(N(N(H(H(N(H(A))))(H(N(H(A)))))))	754	0 1 0 0 0;0 2 0 0 0;1 2 0 0 0;2 2 0 0 0;2 3 0 0 0;3 2 0 0 0;3 3 0 0 0;3 3 1 0 0;3 4 0 0 0;4 3 0 0 0;4 3 1 0 0;4 4 0 0 0;4 4 1 0 0;5 4 0 0 0;5 4 1 0 0;	2204.77244	1	19.84567	22.19903	15.47515	7	0.00098	0.31608	0.41176	0.92857	0.00000	0	0	15.47515	10.45827	20.89150	4.248008866978616e-12	0.0	4.248008866978616e-12	sp|P04004|VTNC_HUMAN	169
2020111CXY-7.10048.10048.2.0.dta	2020111CXY-7.10048.10048.2.0.dta	2020111CXY-7	10048	2674.71046	2764.11162	1382.55945	2	1	EEQFJSTFR		1157.52218	4 4 0 1 0	(N(F)(N(H(H(N(H))(N(H))))))	166	0 1 0 0 0;0 1 0 1 0;0 2 0 0 0;0 2 0 1 0;1 2 0 0 0;1 2 0 1 0;2 2 0 0 0;2 2 0 1 0;2 3 0 0 0;2 3 0 1 0;2 4 0 0 0;2 4 0 1 0;3 3 0 0 0;3 3 0 1 0;3 4 0 0 0;3 4 0 1 0;4 4 0 0 0;	1606.58669	5	14.91621	9.68858	24.62466	8	0.00275	0.99332	0.42105	0.56250	0.00000	0	0	24.62466	8.18182	15.73439	3.4324754675351945e-18	0.0025996533795493936	0.0025996533795493936	sp|P01859|IGHG2_HUMAN	176
2020111CXY-7.19145.19145.5.1.dta	2020111CXY-7.19145.19145.5.1.dta	2020111CXY-7	19145	5128.36595	5772.39490	1155.28480	5	1	FJLTETSEAEIHQSFQHLLR		2400.19425	7 6 3 1 0	(N(N(H(H(N(H)(F))(N(H(A))))(H(N(H(A)))(N(H(A)))))))	2517	0 1 0 0 0;0 2 0 0 0;1 2 0 0 0;2 2 0 0 0;2 3 0 0 0;2 3 0 1 0;2 4 0 0 0;2 4 0 1 0;3 2 0 0 0;3 3 0 0 0;3 3 0 1 0;3 3 1 0 0;3 4 0 0 0;3 4 0 1 0;3 4 1 0 0;3 4 1 1 0;3 5 0 0 0;3 5 0 1 0;3 6 0 0 0;3 6 0 1 0;4 3 0 0 0;4 3 0 1 0;4 3 1 0 0;4 4 0 0 0;4 4 0 1 0;4 4 1 0 0;4 4 1 1 0;4 4 2 0 0;4 5 0 0 0;4 5 0 1 0;4 5 1 0 0;4 5 1 1 0;4 6 0 0 0;4 6 0 1 0;4 6 1 0 0;4 6 1 1 0;5 4 0 0 0;5 4 0 1 0;5 4 1 0 0;5 4 1 1 0;5 4 2 0 0;5 5 0 0 0;5 5 0 1 0;5 5 1 0 0;5 5 1 1 0;5 5 2 0 0;5 5 2 1 0;5 6 0 0 0;5 6 0 1 0;5 6 1 0 0;5 6 1 1 0;5 6 2 0 0;5 6 2 1 0;6 5 0 0 0;6 5 0 1 0;6 5 1 0 0;6 5 1 1 0;6 5 2 0 0;6 5 2 1 0;6 5 3 0 0;6 6 0 0 0;6 6 0 1 0;6 6 1 0 0;6 6 1 1 0;6 6 2 0 0;6 6 2 1 0;6 6 3 0 0;6 6 3 1 0;7 6 0 0 0;7 6 0 1 0;7 6 1 0 0;7 6 1 1 0;7 6 2 0 0;7 6 2 1 0;7 6 3 0 0;	3372.19016	2	11.65464	16.46668	2.71799	5	0.01049	1.81705	0.06494	0.50000	0.00000	0	0	2.71799	9.62696	12.61734	0.001106935400019488	0.0	0.001106935400019488	sp|P01011|AACT_HUMAN	106
2020111CXY-7.5996.5996.2.0.dta	2020111CXY-7.5996.5996.2.0.dta	2020111CXY-7	5996	1587.52373	2691.07024	1346.03876	2	1	EEQYJSTYR		1189.51199	3 5 0 0 0	(N(N(H(N)(H(N))(H(N)))))	107	0 1 0 0 0;0 2 0 0 0;1 2 0 0 0;1 3 0 0 0;2 2 0 0 0;2 3 0 0 0;2 4 0 0 0;3 2 0 0 0;3 3 0 0 0;3 4 0 0 0;	1501.55533	5	55.78069	67.75261	33.54712	6	0.00292	1.08557	0.75000	1.12500	0.00000	0	0	33.54712	20.17796	57.79849	2.1020403085466717e-24	0.0	2.1020403085466717e-24	sp|P01857|IGHG1_HUMAN	180
2020111CXY-7.16349.16349.3.0.dta	2020111CXY-7.16349.16349.3.0.dta	2020111CXY-7	16349	4375.77065	3309.37563	1103.79673	3	1	GLJVTLSSTGR		1104.60076	5 4 2 0 0	(N(N(H(H(N(H(A))))(H(N(H(A)))))))	754	0 1 0 0 0;0 2 0 0 0;1 2 0 0 0;2 2 0 0 0;2 3 0 0 0;3 2 0 0 0;3 3 0 0 0;3 3 1 0 0;3 4 0 0 0;4 3 0 0 0;4 3 1 0 0;4 4 0 0 0;4 4 1 0 0;5 4 0 0 0;5 4 1 0 0;	2204.77244	3	17.62903	18.51355	15.98633	6	0.00243	0.73397	0.47059	0.70000	0.00000	0	0	15.98633	9.05008	18.53404	1.7757752678735424e-12	0.0	1.7757752678735424e-12	sp|P0C0L4|CO4A_HUMAN/sp|P0C0L5|CO4B_HUMAN	1328/1328
2020111CXY-7.13911.13911.3.0.dta	2020111CXY-7.13911.13911.3.0.dta	2020111CXY-7	13911	3715.54928	3811.68910	1271.23455	3	1	TVLTPATNHMGJVTFTIPANR	10,Oxidation[M];	2271.15503	7 2 0 0 0	(N(N(H(H(H))(H(H)(H)(H)))))	115	0 1 0 0 0;0 2 0 0 0;1 2 0 0 0;2 2 0 0 0;3 2 0 0 0;4 2 0 0 0;5 2 0 0 0;6 2 0 0 0;	1540.52851	12	42.16980	45.10723	36.71457	7	0.00556	1.45926	0.80000	0.65000	0.00000	0	0	36.71457	17.85449	43.95525	2.2330806616669223e-26	0.0	2.2330806616669223e-26	sp|P01024|CO3_HUMAN	85
2020111CXY-7.11026.11026.3.0.dta	2020111CXY-7.11026.11026.3.0.dta	2020111CXY-7	11026	2937.91075	3338.30732	1113.44062	3	1	MDGASJVTCINSR	9,Carbamidomethyl[C];	1424.62567	5 4 1 0 0	(N(N(H(H(N(H)))(H(N(H(A)))))))	380	0 1 0 0 0;0 2 0 0 0;1 2 0 0 0;2 2 0 0 0;2 3 0 0 0;3 2 0 0 0;3 3 0 0 0;3 3 1 0 0;3 4 0 0 0;4 3 0 0 0;4 3 1 0 0;4 4 0 0 0;4 4 1 0 0;5 4 0 0 0;	1913.67702	6	50.93527	65.62945	23.64608	6	0.00462	1.38468	0.50000	1.08333	0.00000	0	0	23.64608	21.20050	53.05532	1.6095149125062374e-17	0.0	1.6095149125062374e-17	sp|P08603|CFAH_HUMAN	1029
2020111CXY-7.18498.18498.3.0.dta	2020111CXY-7.18498.18498.3.0.dta	2020111CXY-7	18498	4954.92430	4063.68372	1355.23276	3	1	CGLVPVLAENYJK	1,Carbamidomethyl[C];	1476.75152	7 5 1 1 0	(N(N(H(N)(H(H)(H))(H(N(H)(F))(N(H(A)))))))	1369	0 1 0 0 0;0 2 0 0 0;1 2 0 0 0;1 3 0 0 0;2 2 0 0 0;2 3 0 0 0;2 3 0 1 0;2 4 0 0 0;2 4 0 1 0;2 5 0 0 0;2 5 0 1 0;3 2 0 0 0;3 3 0 0 0;3 3 0 1 0;3 3 1 0 0;3 4 0 0 0;3 4 0 1 0;3 4 1 0 0;3 4 1 1 0;3 5 0 0 0;3 5 0 1 0;3 5 1 0 0;3 5 1 1 0;4 2 0 0 0;4 3 0 0 0;4 3 0 1 0;4 3 1 0 0;4 4 0 0 0;4 4 0 1 0;4 4 1 0 0;4 4 1 1 0;4 5 0 0 0;4 5 0 1 0;4 5 1 0 0;4 5 1 1 0;5 2 0 0 0;5 3 0 0 0;5 3 0 1 0;5 3 1 0 0;5 4 0 0 0;5 4 0 1 0;5 4 1 0 0;5 4 1 1 0;5 5 0 0 0;5 5 0 1 0;5 5 1 0 0;5 5 1 1 0;6 3 0 0 0;6 3 0 1 0;6 3 1 0 0;6 4 0 0 0;6 4 0 1 0;6 4 1 0 0;6 4 1 1 0;6 5 0 0 0;6 5 0 1 0;6 5 1 0 0;6 5 1 1 0;7 4 0 0 0;7 4 0 1 0;7 4 1 0 0;7 4 1 1 0;7 5 0 0 0;7 5 0 1 0;7 5 1 0 0;	2586.91995	12	29.48932	38.16848	13.37089	6	0.01225	3.01433	0.17910	0.75000	0.00000	0	0	13.37089	14.29834	30.91915	1.2123063017123773e-10	0.0	1.2123063017123773e-10	sp|P02787|TRFE_HUMAN	432
2020111CXY-7.12874.12874.4.0.dta	2020111CXY-7.12874.12874.4.0.dta	2020111CXY-7	12874	3435.93708	4916.04282	1229.76616	4	1	YPHKPEIJSTTHPGADLQEJFCR	22,Carbamidomethyl[C];	2711.26307	5 4 2 0 0	(N(N(H(H(N(H(A))))(H(N(H(A)))))))	754	0 1 0 0 0;0 2 0 0 0;1 2 0 0 0;2 2 0 0 0;2 3 0 0 0;3 2 0 0 0;3 3 0 0 0;3 3 1 0 0;3 4 0 0 0;4 3 0 0 0;4 3 1 0 0;4 4 0 0 0;4 4 1 0 0;5 4 0 0 0;5 4 1 0 0;	2204.77244	8	73.22074	80.75083	59.23629	7	0.00731	1.48676	0.64706	0.70455	0.00000	0	0	59.23629	27.27832	75.94857	8.361336228643414e-42	0.0	8.361336228643414e-42	sp|P00734|THRB_HUMAN	143
2020111CXY-7.9089.9089.3.0.dta	2020111CXY-7.9089.9089.3.0.dta	2020111CXY-7	9089	2417.58208	3225.28030	1075.76495	3	1	FLNJGTCTAEGK	7,Carbamidomethyl[C];	1311.59978	5 4 1 0 0	(N(N(H(H(N(H)))(H(N(H(A)))))))	380	0 1 0 0 0;0 2 0 0 0;1 2 0 0 0;2 2 0 0 0;2 3 0 0 0;3 2 0 0 0;3 3 0 0 0;3 3 1 0 0;3 4 0 0 0;4 3 0 0 0;4 3 1 0 0;4 4 0 0 0;4 4 1 0 0;5 4 0 0 0;	1913.67702	4	64.07456	75.93408	42.04973	7	0.00350	1.08595	0.62500	1.18182	0.00000	0	0	42.04973	22.44736	66.31930	4.878808957397649e-30	0.0	4.878808957397649e-30	sp|P05156|CFAI_HUMAN	103
2020111CXY-7.12374.12374.4.0.dta	2020111CXY-7.12374.12374.4.0.dta	2020111CXY-7	12374	3301.58344	4624.94578	1156.99190	4	1	YPHKPEIJSTTHPGADLQEJFCR	22,Carbamidomethyl[C];	2711.26307	5 4 1 0 0	(N(N(H(H(N(H)))(H(N(H(A)))))))	380	0 1 0 0 0;0 2 0 0 0;1 2 0 0 0;2 2 0 0 0;2 3 0 0 0;3 2 0 0 0;3 3 0 0 0;3 3 1 0 0;3 4 0 0 0;4 3 0 0 0;4 3 1 0 0;4 4 0 0 0;4 4 1 0 0;5 4 0 0 0;	1913.67702	20	19.05048	20.61056	16.15318	5	0.00569	1.23018	0.50000	0.40909	0.00000	0	0	16.15318	9.43997	19.99448	1.1527383768136945e-12	0.0	1.1527383768136945e-12	sp|P00734|THRB_HUMAN	155
2020111CXY-7.10054.10054.3.0.dta	2020111CXY-7.10054.10054.3.0.dta	2020111CXY-7	10054	2676.28087	3317.40871	1106.47442	3	1	FVEGSHJSTVSLTTK		1606.80713	5 3 1 0 0	(N(N(H(H(H))(H(N(H(A)))))))	220	0 1 0 0 0;0 2 0 0 0;1 2 0 0 0;2 2 0 0 0;2 3 0 0 0;3 2 0 0 0;3 3 0 0 0;3 3 1 0 0;4 2 0 0 0;4 3 0 0 0;4 3 1 0 0;5 3 0 0 0;	1710.59765	7	41.84901	34.24851	55.96421	7	0.00394	1.18648	0.85714	0.60714	0.00000	0	0	55.96421	13.43472	43.19248	1.6946410099158182e-39	0.0	1.6946410099158182e-39	sp|P04114|APOB_HUMAN	3411
2020111CXY-7.8457.8457.3.0.dta	2020111CXY-7.8457.8457.3.0.dta	2020111CXY-7	8457	2247.56341	3273.32812	1091.78089	3	1	KTLFCJASK	5,Carbamidomethyl[C];	1068.55064	5 4 2 0 0	(N(N(H(H(N(H(A))))(H(N(H(A)))))))	754	0 1 0 0 0;0 2 0 0 0;1 2 0 0 0;2 2 0 0 0;2 3 0 0 0;3 2 0 0 0;3 3 0 0 0;3 3 1 0 0;3 4 0 0 0;4 3 0 0 0;4 3 1 0 0;4 4 0 0 0;4 4 1 0 0;5 4 0 0 0;5 4 1 0 0;	2204.77244	6	52.74020	51.91571	54.27137	7	0.00504	1.53940	0.76471	1.25000	0.00000	0	0	54.27137	15.96534	54.33673	1.8309926797561015e-38	0.0	1.8309926797561015e-38	sp|P20851|C4BPB_HUMAN	64
2020111CXY-7.9472.9472.2.0.dta	2020111CXY-7.9472.9472.2.0.dta	2020111CXY-7	9472	2519.31421	2602.05878	1301.53303	2	1	EEQFJSTFR		1157.52218	3 4 0 1 0	(N(F)(N(H(H(N))(H(N)))))	95	0 1 0 0 0;0 1 0 1 0;0 2 0 0 0;0 2 0 1 0;1 2 0 0 0;1 2 0 1 0;2 2 0 0 0;2 2 0 1 0;2 3 0 0 0;2 3 0 1 0;3 2 0 0 0;3 2 0 1 0;3 3 0 0 0;3 3 0 1 0;3 4 0 0 0;	1444.53387	5	84.75129	88.72703	77.36779	9	0.00274	1.05112	0.70588	1.18750	0.00000	0	0	77.36779	25.03751	87.25504	3.041846427720353e-54	0.0	3.041846427720353e-54	sp|P01859|IGHG2_HUMAN	176
2020111CXY-7.15854.15854.3.0.dta	2020111CXY-7.15854.15854.3.0.dta	2020111CXY-7	15854	4241.71547	3618.48070	1206.83175	3	1	ITYSIVQTJCSK	10,Carbamidomethyl[C];	1413.70423	5 4 2 0 0	(N(N(H(H(N(H(A))))(H(N(H(A)))))))	754	0 1 0 0 0;0 2 0 0 0;1 2 0 0 0;2 2 0 0 0;2 3 0 0 0;3 2 0 0 0;3 3 0 0 0;3 3 1 0 0;3 4 0 0 0;4 3 0 0 0;4 3 1 0 0;4 4 0 0 0;4 4 1 0 0;5 4 0 0 0;5 4 1 0 0;	2204.77244	9	71.82087	97.39017	24.33505	7	0.00403	1.11289	0.47059	1.18182	0.00000	0	0	24.33505	28.02033	74.62290	5.1481335505397014e-18	0.0	5.1481335505397014e-18	sp|P01042|KNG1_HUMAN	205
2020111CXY-7.9540.9540.2.0.dta	2020111CXY-7.9540.9540.2.0.dta	2020111CXY-7	9540	2537.61702	3233.25462	1617.13095	2	1	EEQFJSTYR		1173.51708	5 4 1 1 0	(N(N(H(H(N(H)(F)))(H(N(H(A)))))))	550	0 1 0 0 0;0 2 0 0 0;1 2 0 0 0;2 2 0 0 0;2 3 0 0 0;2 3 0 1 0;3 2 0 0 0;3 3 0 0 0;3 3 0 1 0;3 3 1 0 0;3 4 0 0 0;3 4 0 1 0;4 3 0 0 0;4 3 0 1 0;4 3 1 0 0;4 4 0 0 0;4 4 0 1 0;4 4 1 0 0;4 4 1 1 0;5 4 0 0 0;5 4 0 1 0;5 4 1 0 0;	2059.73493	5	31.74807	30.97070	33.19177	7	0.00261	0.80652	0.45833	0.81250	0.00000	0	0	33.19177	12.51519	32.99959	4.083584110915181e-24	0.0	4.083584110915181e-24	sp|P01861|IGHG4_HUMAN	177
2020111CXY-7.9329.9329.2.0.dta	2020111CXY-7.9329.9329.2.0.dta	2020111CXY-7	9329	2481.72530	2456.00106	1228.50417	2	1	EEQFJSTFR		1157.52218	3 4 0 0 0	(N(N(H(H(N))(H(N)))))	52	0 1 0 0 0;0 2 0 0 0;1 2 0 0 0;2 2 0 0 0;2 3 0 0 0;3 2 0 0 0;3 3 0 0 0;	1298.47596	5	52.02953	58.43894	40.12633	7	0.00292	1.19051	0.77778	1.06250	0.00000	0	0	40.12633	18.37198	53.86673	8.747946470166505e-29	0.0	8.747946470166505e-29	sp|P01859|IGHG2_HUMAN	176
2020111CXY-7.9935.9935.3.0.dta	2020111CXY-7.9935.9935.3.0.dta	2020111CXY-7	9935	2644.33420	3317.40891	1106.47449	3	1	FVEGSHJSTVSLTTK		1606.80713	5 3 1 0 0	(N(N(H(H(H))(H(N(H(A)))))))	220	0 1 0 0 0;0 2 0 0 0;1 2 0 0 0;2 2 0 0 0;2 3 0 0 0;3 2 0 0 0;3 3 0 0 0;3 3 1 0 0;4 2 0 0 0;4 3 0 0 0;4 3 1 0 0;5 3 0 0 0;	1710.59765	7	20.57134	11.69970	37.04725	7	0.00413	1.24616	0.71429	0.42857	0.00000	0	0	37.04725	7.87645	21.35899	1.1908471112326152e-26	0.004966887417218543	0.004966887417218543	sp|P04114|APOB_HUMAN	3411
2020111CXY-7.18030.18030.3.0.dta	2020111CXY-7.18030.18030.3.0.dta	2020111CXY-7	18030	4829.51946	4036.77844	1346.26433	3	1	VDKDLQSLEDILHQVEJK		2123.09789	5 4 1 0 0	(N(N(H(H(N(H)))(H(N(H(A)))))))	380	0 1 0 0 0;0 2 0 0 0;1 2 0 0 0;2 2 0 0 0;2 3 0 0 0;3 2 0 0 0;3 3 0 0 0;3 3 1 0 0;3 4 0 0 0;4 3 0 0 0;4 3 1 0 0;4 4 0 0 0;4 4 1 0 0;5 4 0 0 0;	1913.67702	17	100.22674	119.76648	63.93864	7	0.00353	0.87334	0.75000	0.82353	0.00000	0	0	63.93864	35.12464	103.73920	8.212292038934911e-45	0.0	8.212292038934911e-45	sp|P02679|FIBG_HUMAN	78
2020111CXY-7.16051.16051.4.0.dta	2020111CXY-7.16051.16051.4.0.dta	2020111CXY-7	16051	4295.03582	5048.00587	1262.75692	4	1	LSDLSIJSTECLHVHCR	11,Carbamidomethyl[C];16,Carbamidomethyl[C];	2040.95897	6 5 3 1 0	(N(N(H(H(N(F)(H(A))))(H(N(H(A)))(N(H(A)))))))	2060	0 1 0 0 0;0 2 0 0 0;1 2 0 0 0;2 2 0 0 0;2 3 0 0 0;2 3 0 1 0;2 4 0 0 0;3 2 0 0 0;3 3 0 0 0;3 3 0 1 0;3 3 1 0 0;3 3 1 1 0;3 4 0 0 0;3 4 0 1 0;3 4 1 0 0;3 5 0 0 0;3 5 0 1 0;4 3 0 0 0;4 3 0 1 0;4 3 1 0 0;4 3 1 1 0;4 4 0 0 0;4 4 0 1 0;4 4 1 0 0;4 4 1 1 0;4 4 2 0 0;4 5 0 0 0;4 5 0 1 0;4 5 1 0 0;4 5 1 1 0;5 4 0 0 0;5 4 0 1 0;5 4 1 0 0;5 4 1 1 0;5 4 2 0 0;5 4 2 1 0;5 5 0 0 0;5 5 0 1 0;5 5 1 0 0;5 5 1 1 0;5 5 2 0 0;5 5 2 1 0;6 5 0 0 0;6 5 0 1 0;6 5 1 0 0;6 5 1 1 0;6 5 2 0 0;6 5 2 1 0;6 5 3 0 0;	3007.05796	7	28.11623	30.04649	24.53146	7	-0.01106	-2.19083	0.27451	0.68750	0.00000	0	0	24.53146	14.46226	29.56246	4.320540027352174e-18	0.0	4.320540027352174e-18	sp|P05156|CFAI_HUMAN	177
2020111CXY-7.9909.9909.3.0.dta	2020111CXY-7.9909.9909.3.0.dta	2020111CXY-7	9909	2637.25727	3520.48955	1174.16803	3	1	FVEGSHJSTVSLTTK		1606.80713	5 4 1 0 0	(N(N(H(H)(H(N(H))(N(H(A)))))))	379	0 1 0 0 0;0 2 0 0 0;1 2 0 0 0;2 2 0 0 0;2 3 0 0 0;2 4 0 0 0;3 2 0 0 0;3 3 0 0 0;3 3 1 0 0;3 4 0 0 0;3 4 1 0 0;4 3 0 0 0;4 3 1 0 0;4 4 0 0 0;4 4 1 0 0;5 4 0 0 0;	1913.67702	7	17.48750	14.01783	23.93116	6	0.00540	1.53373	0.55556	0.46429	0.00000	0	0	23.93116	8.11885	18.29939	7.726686067914457e-18	0.0025996533795493936	0.0025996533795493936	sp|P04114|APOB_HUMAN	3411
2020111CXY-7.18189.18189.3.0.dta	2020111CXY-7.18189.18189.3.0.dta	2020111CXY-7	18189	4871.60706	5231.08528	1744.36661	3	1	QQQHLFGSJVTDCSGJFCLFR	13,Carbamidomethyl[C];18,Carbamidomethyl[C];	2515.12414	6 5 2 1 0	(N(N(H(H(N(H)(F)))(H(N(H(A)))(N(H(A)))))))	1590	0 1 0 0 0;0 2 0 0 0;1 2 0 0 0;2 2 0 0 0;2 3 0 0 0;2 3 0 1 0;2 4 0 0 0;3 2 0 0 0;3 3 0 0 0;3 3 0 1 0;3 3 1 0 0;3 4 0 0 0;3 4 0 1 0;3 4 1 0 0;3 5 0 0 0;3 5 0 1 0;4 3 0 0 0;4 3 0 1 0;4 3 1 0 0;4 4 0 0 0;4 4 0 1 0;4 4 1 0 0;4 4 1 1 0;4 4 2 0 0;4 5 0 0 0;4 5 0 1 0;4 5 1 0 0;4 5 1 1 0;5 4 0 0 0;5 4 0 1 0;5 4 1 0 0;5 4 1 1 0;5 4 2 0 0;5 5 0 0 0;5 5 0 1 0;5 5 1 0 0;5 5 1 1 0;5 5 2 0 0;5 5 2 1 0;6 5 0 0 0;6 5 0 1 0;6 5 1 0 0;6 5 1 1 0;6 5 2 0 0;	2715.96255	9	20.50691	31.01909	0.98427	3	-0.00141	-0.26951	0.08696	0.60000	0.00000	0	0	0.98427	15.07967	22.01488	0.009175836109371891	0.0	0.009175836109371891	sp|P02787|TRFE_HUMAN	630
2020111CXY-7.16860.16860.4.0.dta	2020111CXY-7.16860.16860.4.0.dta	2020111CXY-7	16860	4514.66684	4593.07472	1149.02414	4	1	MVSHHJLTTGATLINEQWLLTTAK		2679.39230	5 4 1 0 0	(N(N(H(H(N(H)))(H(N(H(A)))))))	380	0 1 0 0 0;0 2 0 0 0;1 2 0 0 0;2 2 0 0 0;2 3 0 0 0;3 2 0 0 0;3 3 0 0 0;3 3 1 0 0;3 4 0 0 0;4 3 0 0 0;4 3 1 0 0;4 4 0 0 0;4 4 1 0 0;5 4 0 0 0;	1913.67702	6	31.19582	43.10663	9.07575	4	0.00539	1.17405	0.43750	0.50000	0.00000	0	0	9.07575	14.66501	32.66232	8.527348053963047e-08	0.0	8.527348053963047e-08	sp|P00739|HPTR_HUMAN/sp|P00738|HPT_HUMAN	126/184
2020111CXY-7.18902.18902.3.0.dta	2020111CXY-7.18902.18902.3.0.dta	2020111CXY-7	18902	5063.70138	4177.85170	1393.28875	3	1	VLSJNSDANLELINTWVAK		2101.09241	6 4 0 2 0	(N(N(H(H(H))(H(N(H)(F))(N(H)(F))))))	575	0 1 0 0 0;0 2 0 0 0;1 2 0 0 0;2 2 0 0 0;2 3 0 0 0;2 3 0 1 0;2 4 0 0 0;2 4 0 1 0;2 4 0 2 0;3 2 0 0 0;3 3 0 0 0;3 3 0 1 0;3 4 0 0 0;3 4 0 1 0;3 4 0 2 0;4 2 0 0 0;4 3 0 0 0;4 3 0 1 0;4 4 0 0 0;4 4 0 1 0;4 4 0 2 0;5 3 0 0 0;5 3 0 1 0;5 4 0 0 0;5 4 0 1 0;5 4 0 2 0;6 4 0 0 0;6 4 0 1 0;	2076.75025	4	18.72081	26.64868	3.99761	5	0.00904	2.16426	0.16667	0.63889	0.00000	0	0	3.99761	13.29649	20.05046	0.00016964211727416462	0.0	0.00016964211727416462	sp|P05155|IC1_HUMAN	253
2020111CXY-7.17274.17274.4.0.dta	2020111CXY-7.17274.17274.4.0.dta	2020111CXY-7	17274	4626.56719	3823.56495	956.64669	4	1	GTAGNALMDGASQLMGEJR		1892.85892	6 4 0 1 0	(N(N(H(H(H))(H(N(H))(N(H)(F))))))	399	0 1 0 0 0;0 2 0 0 0;1 2 0 0 0;2 2 0 0 0;2 3 0 0 0;2 3 0 1 0;2 4 0 0 0;2 4 0 1 0;3 2 0 0 0;3 3 0 0 0;3 3 0 1 0;3 4 0 0 0;3 4 0 1 0;4 2 0 0 0;4 3 0 0 0;4 3 0 1 0;4 4 0 0 0;4 4 0 1 0;5 3 0 0 0;5 3 0 1 0;5 4 0 0 0;5 4 0 1 0;6 4 0 0 0;	1930.69234	18	13.60892	11.45315	17.61249	7	0.01369	3.57933	0.32000	0.22222	0.00000	0	0	17.61249	8.06710	14.41563	1.5521010556912493e-13	0.003352891869237217	0.003352891869237217	sp|P02675|FIBB_HUMAN	394
2020111CXY-7.7703.7703.2.0.dta	2020111CXY-7.7703.7703.2.0.dta	2020111CXY-7	7703	2044.53824	2618.05429	1309.53078	2	1	EEQFJSTYR		1173.51708	3 4 0 1 0	(N(F)(N(H(H(N)(N(H))))))	86	0 1 0 0 0;0 1 0 1 0;0 2 0 0 0;0 2 0 1 0;1 2 0 0 0;1 2 0 1 0;2 2 0 0 0;2 2 0 1 0;2 3 0 0 0;2 3 0 1 0;2 4 0 0 0;2 4 0 1 0;3 3 0 0 0;3 3 0 1 0;3 4 0 0 0;	1444.53387	5	27.33520	23.95189	33.61848	8	0.00334	1.27464	0.52941	0.68750	0.00000	0	0	33.61848	11.51925	28.48713	1.8566401118701456e-24	0.0	1.8566401118701456e-24	sp|P01861|IGHG4_HUMAN	177
2020111CXY-7.9495.9495.3.0.dta	2020111CXY-7.9495.9495.3.0.dta	2020111CXY-7	9495	2525.26322	3129.24481	1043.75312	3	1	EEQFJSTFR		1157.52218	5 5 0 1 0	(N(F)(N(H(N)(H(N(H)))(H(N(H))))))	459	0 1 0 0 0;0 1 0 1 0;0 2 0 0 0;0 2 0 1 0;1 2 0 0 0;1 2 0 1 0;1 3 0 0 0;1 3 0 1 0;2 2 0 0 0;2 2 0 1 0;2 3 0 0 0;2 3 0 1 0;2 4 0 0 0;2 4 0 1 0;3 2 0 0 0;3 2 0 1 0;3 3 0 0 0;3 3 0 1 0;3 4 0 0 0;3 4 0 1 0;3 5 0 0 0;3 5 0 1 0;4 3 0 0 0;4 3 0 1 0;4 4 0 0 0;4 4 0 1 0;4 5 0 0 0;4 5 0 1 0;5 4 0 0 0;5 4 0 1 0;5 5 0 0 0;	1971.71889	5	30.71985	32.40363	27.59283	8	0.00375	1.19763	0.36364	0.81250	0.00000	0	0	27.59283	11.42866	31.86272	2.9785921870691137e-20	0.0	2.9785921870691137e-20	sp|P01859|IGHG2_HUMAN	176
2020111CXY-7.6294.6294.2.0.dta	2020111CXY-7.6294.6294.2.0.dta	2020111CXY-7	6294	1666.45329	2634.04934	1317.52831	2	1	EEQYJSTYR		1189.51199	3 4 0 1 0	(N(F)(N(H(H(N))(H(N)))))	95	0 1 0 0 0;0 1 0 1 0;0 2 0 0 0;0 2 0 1 0;1 2 0 0 0;1 2 0 1 0;2 2 0 0 0;2 2 0 1 0;2 3 0 0 0;2 3 0 1 0;3 2 0 0 0;3 2 0 1 0;3 3 0 0 0;3 3 0 1 0;3 4 0 0 0;	1444.53387	5	21.49693	15.44368	32.73867	9	0.00349	1.32309	0.52941	0.62500	0.00000	0	0	32.73867	9.89885	22.48681	6.710753096368356e-24	0.0	6.710753096368356e-24	sp|P01857|IGHG1_HUMAN	180
2020111CXY-7.19539.19539.3.0.dta	2020111CXY-7.19539.19539.3.0.dta	2020111CXY-7	19539	5234.77613	3831.62955	1277.88137	3	1	YLGJATAIFFLPDEGK		1755.89521	6 4 1 0 0	(N(N(H(H(H))(H(N(H))(N(H(A)))))))	568	0 1 0 0 0;0 2 0 0 0;1 2 0 0 0;2 2 0 0 0;2 3 0 0 0;2 4 0 0 0;3 2 0 0 0;3 3 0 0 0;3 3 1 0 0;3 4 0 0 0;3 4 1 0 0;4 2 0 0 0;4 3 0 0 0;4 3 1 0 0;4 4 0 0 0;4 4 1 0 0;5 3 0 0 0;5 3 1 0 0;5 4 0 0 0;5 4 1 0 0;6 4 0 0 0;	2075.72985	4	55.37016	73.55180	21.60425	6	0.00450	1.17341	0.43478	0.93333	0.00000	0	0	21.60425	23.71239	57.74140	2.7093938768232654e-16	0.0	2.7093938768232654e-16	sp|P01009|A1AT_HUMAN	271
2020111CXY-7.19151.19151.4.0.dta	2020111CXY-7.19151.19151.4.0.dta	2020111CXY-7	19151	5130.07973	4673.03928	1169.01528	4	1	VVLHPJYSQVDIGLIK		1795.01124	7 5 2 1 0	(N(N(H(N)(H(H)(H))(H(N(H(A)))(N(F)(H(A)))))))	1849	0 1 0 0 0;0 2 0 0 0;1 2 0 0 0;1 3 0 0 0;2 2 0 0 0;2 3 0 0 0;2 3 0 1 0;2 4 0 0 0;2 4 0 1 0;2 5 0 0 0;2 5 0 1 0;3 2 0 0 0;3 3 0 0 0;3 3 0 1 0;3 3 1 0 0;3 3 1 1 0;3 4 0 0 0;3 4 0 1 0;3 4 1 0 0;3 4 1 1 0;3 5 0 0 0;3 5 0 1 0;3 5 1 0 0;3 5 1 1 0;4 2 0 0 0;4 3 0 0 0;4 3 0 1 0;4 3 1 0 0;4 3 1 1 0;4 4 0 0 0;4 4 0 1 0;4 4 1 0 0;4 4 1 1 0;4 4 2 0 0;4 4 2 1 0;4 5 0 0 0;4 5 0 1 0;4 5 1 0 0;4 5 1 1 0;4 5 2 0 0;4 5 2 1 0;5 2 0 0 0;5 3 0 0 0;5 3 0 1 0;5 3 1 0 0;5 3 1 1 0;5 4 0 0 0;5 4 0 1 0;5 4 1 0 0;5 4 1 1 0;5 4 2 0 0;5 4 2 1 0;5 5 0 0 0;5 5 0 1 0;5 5 1 0 0;5 5 1 1 0;5 5 2 0 0;5 5 2 1 0;6 3 0 0 0;6 3 0 1 0;6 3 1 0 0;6 3 1 1 0;6 4 0 0 0;6 4 0 1 0;6 4 1 0 0;6 4 1 1 0;6 4 2 0 0;6 4 2 1 0;6 5 0 0 0;6 5 0 1 0;6 5 1 0 0;6 5 1 1 0;6 5 2 0 0;6 5 2 1 0;7 4 0 0 0;7 4 0 1 0;7 4 1 0 0;7 4 1 1 0;7 4 2 0 0;7 4 2 1 0;7 5 0 0 0;7 5 0 1 0;7 5 1 0 0;7 5 1 1 0;7 5 2 0 0;	2878.01537	6	23.18264	23.22877	23.09697	7	0.01267	2.71210	0.17241	0.53333	0.00000	0	0	23.09697	11.49053	24.33169	3.1192647414428195e-17	0.0	3.1192647414428195e-17	sp|P00738|HPT_HUMAN	241
2020111CXY-7.18566.18566.3.2.dta	2020111CXY-7.18566.18566.3.2.dta	2020111CXY-7	18566	4973.40461	3666.58648	1222.86701	3	1	ALPQPQJVTSLLGCTH	14,Carbamidomethyl[C];	1735.87958	6 4 0 1 0	(N(N(H(H(H))(H(N(H))(N(H)(F))))))	399	0 1 0 0 0;0 2 0 0 0;1 2 0 0 0;2 2 0 0 0;2 3 0 0 0;2 3 0 1 0;2 4 0 0 0;2 4 0 1 0;3 2 0 0 0;3 3 0 0 0;3 3 0 1 0;3 4 0 0 0;3 4 0 1 0;4 2 0 0 0;4 3 0 0 0;4 3 0 1 0;4 4 0 0 0;4 4 0 1 0;5 3 0 0 0;5 3 0 1 0;5 4 0 0 0;5 4 0 1 0;6 4 0 0 0;	1930.69234	7	15.33027	20.25007	6.19349	5	0.01456	3.96985	0.28000	0.53333	0.00000	0	0	6.19349	9.11448	16.24172	4.548830444947994e-06	0.0	4.548830444947994e-06	sp|P02790|HEMO_HUMAN	453
2020111CXY-7.5707.5707.2.0.dta	2020111CXY-7.5707.5707.2.0.dta	2020111CXY-7	5707	1512.04101	2812.09665	1406.55196	2	1	EEQYJSTYR		1189.51199	5 4 0 0 0	(N(N(H(H(N(H)))(H(N(H))))))	175	0 1 0 0 0;0 2 0 0 0;1 2 0 0 0;2 2 0 0 0;2 3 0 0 0;3 2 0 0 0;3 3 0 0 0;3 4 0 0 0;4 3 0 0 0;4 4 0 0 0;	1622.58161	5	56.47868	61.26109	47.59707	7	0.00305	1.08425	0.83333	1.00000	0.00000	0	0	47.59707	19.06707	58.38539	4.765233135594342e-34	0.0	4.765233135594342e-34	sp|P01857|IGHG1_HUMAN	180
2020111CXY-7.4870.4870.3.0.dta	2020111CXY-7.4870.4870.3.0.dta	2020111CXY-7	4870	1288.72956	2710.12238	904.04565	3	1	GHVJITR		796.44241	5 4 1 0 0	(N(N(H(H(N(H)))(H(N(H(A)))))))	380	0 1 0 0 0;0 2 0 0 0;1 2 0 0 0;2 2 0 0 0;2 3 0 0 0;3 2 0 0 0;3 3 0 0 0;3 3 1 0 0;3 4 0 0 0;4 3 0 0 0;4 3 1 0 0;4 4 0 0 0;4 4 1 0 0;5 4 0 0 0;	1913.67702	4	57.49529	40.65777	88.76498	7	0.00295	1.08759	0.93750	0.91667	0.00000	0	0	88.76498	13.42369	58.83766	1.2139602650477237e-61	0.0	1.2139602650477237e-61	sp|P00734|THRB_HUMAN	121
2020111CXY-7.5322.5322.2.0.dta	2020111CXY-7.5322.5322.2.0.dta	2020111CXY-7	5322	1409.49831	3149.21219	1575.10974	2	1	HJSTGCLR	6,Carbamidomethyl[C];	944.43667	5 4 2 0 0	(N(N(H(H(N(H(A))))(H(N(H(A)))))))	754	0 1 0 0 0;0 2 0 0 0;1 2 0 0 0;2 2 0 0 0;2 3 0 0 0;3 2 0 0 0;3 3 0 0 0;3 3 1 0 0;3 4 0 0 0;4 3 0 0 0;4 3 1 0 0;4 4 0 0 0;4 4 1 0 0;5 4 0 0 0;5 4 1 0 0;	2204.77244	2	71.18065	58.37155	94.96897	7	0.00308	0.97769	0.94118	1.14286	0.00000	0	0	94.96897	17.34039	72.91469	9.536685869906518e-66	0.0	9.536685869906518e-66	sp|P10909|CLUS_HUMAN	291
2020111CXY-7.19654.19654.3.0.dta	2020111CXY-7.19654.19654.3.0.dta	2020111CXY-7	19654	5265.28826	4382.83515	1461.61657	3	1	SLTFJETYQDISELVYGAK		2178.06009	5 4 2 0 0	(N(N(H(H(N(H(A))))(H(N(H(A)))))))	754	0 1 0 0 0;0 2 0 0 0;1 2 0 0 0;2 2 0 0 0;2 3 0 0 0;3 2 0 0 0;3 3 0 0 0;3 3 1 0 0;3 4 0 0 0;4 3 0 0 0;4 3 1 0 0;4 4 0 0 0;4 4 1 0 0;5 4 0 0 0;5 4 1 0 0;	2204.77244	5	31.42348	45.37352	5.51626	5	0.00262	0.59755	0.29412	0.80556	0.00000	0	0	5.51626	18.97655	33.32113	1.323702132518458e-05	0.0	1.323702132518458e-05	sp|P01008|ANT3_HUMAN	187
2020111CXY-7.16635.16635.3.0.dta	2020111CXY-7.16635.16635.3.0.dta	2020111CXY-7	16635	4453.30841	3455.34054	1152.45170	3	1	LGJWSAMPSCK	10,Carbamidomethyl[C];	1250.56564	5 4 2 0 0	(N(N(H(H)(H(N(H(A)))(N(H(A)))))))	756	0 1 0 0 0;0 2 0 0 0;1 2 0 0 0;2 2 0 0 0;2 3 0 0 0;2 4 0 0 0;3 2 0 0 0;3 3 0 0 0;3 3 1 0 0;3 4 0 0 0;3 4 1 0 0;4 3 0 0 0;4 3 1 0 0;4 4 0 0 0;4 4 1 0 0;4 4 2 0 0;5 4 0 0 0;5 4 1 0 0;	2204.77244	3	10.77566	15.66185	1.70131	3	0.00246	0.71077	0.25000	0.65000	0.00000	0	0	1.70131	9.01633	11.67729	0.0031165806120605523	0.0	0.0031165806120605523	sp|P02749|APOH_HUMAN	253
2020111CXY-7.18715.18715.3.0.dta	2020111CXY-7.18715.18715.3.0.dta	2020111CXY-7	18715	5013.13517	4097.63560	1366.55005	3	1	GTAGNALMDGASQLMGEJR		1892.85892	5 4 2 0 0	(N(N(H(H(N(H(A))))(H(N(H(A)))))))	754	0 1 0 0 0;0 2 0 0 0;1 2 0 0 0;2 2 0 0 0;2 3 0 0 0;3 2 0 0 0;3 3 0 0 0;3 3 1 0 0;3 4 0 0 0;4 3 0 0 0;4 3 1 0 0;4 4 0 0 0;4 4 1 0 0;5 4 0 0 0;5 4 1 0 0;	2204.77244	18	34.78136	42.14723	21.10187	6	0.00424	1.03425	0.52941	0.52778	0.00000	0	0	21.10187	15.52100	36.33346	5.158099818689564e-16	0.0	5.158099818689564e-16	sp|P02675|FIBB_HUMAN	394
2020111CXY-7.9144.9144.3.0.dta	2020111CXY-7.9144.9144.3.0.dta	2020111CXY-7	9144	2432.63740	2768.22515	923.41323	3	1	TPLTAJITK		958.55677	4 5 0 1 0	(N(F)(N(H(N)(H(N(H))(N(H))))))	291	0 1 0 0 0;0 1 0 1 0;0 2 0 0 0;0 2 0 1 0;1 2 0 0 0;1 2 0 1 0;1 3 0 0 0;1 3 0 1 0;2 2 0 0 0;2 2 0 1 0;2 3 0 0 0;2 3 0 1 0;2 4 0 0 0;2 4 0 1 0;2 5 0 0 0;2 5 0 1 0;3 3 0 0 0;3 3 0 1 0;3 4 0 0 0;3 4 0 1 0;3 5 0 0 0;3 5 0 1 0;4 4 0 0 0;4 4 0 1 0;4 5 0 0 0;	1809.66607	6	61.48618	66.35613	52.44197	8	0.00231	0.83487	0.55556	1.18750	0.00000	0	0	52.44197	19.29039	63.41522	3.147571823605602e-37	0.0	3.147571823605602e-37	sp|P01877|IGHA2_HUMAN	205
2020111CXY-7.18440.18440.3.0.dta	2020111CXY-7.18440.18440.3.0.dta	2020111CXY-7	18440	4939.25776	4451.96257	1484.65904	3	1	LQAPLJYTEFQKPICLPSK	15,Carbamidomethyl[C];	2247.18419	5 4 2 0 0	(N(N(H(H(N(H(A))))(H(N(H(A)))))))	754	0 1 0 0 0;0 2 0 0 0;1 2 0 0 0;2 2 0 0 0;2 3 0 0 0;3 2 0 0 0;3 3 0 0 0;3 3 1 0 0;3 4 0 0 0;4 3 0 0 0;4 3 1 0 0;4 4 0 0 0;4 4 1 0 0;5 4 0 0 0;5 4 1 0 0;	2204.77244	6	61.41899	82.48412	22.29803	6	0.00594	1.33334	0.52941	0.91667	0.00000	0	0	22.29803	26.23854	64.04284	9.607250909157673e-17	0.0	9.607250909157673e-17	sp|P03952|KLKB1_HUMAN	494
2020111CXY-7.6001.6001.3.0.dta	2020111CXY-7.6001.6001.3.0.dta	2020111CXY-7	6001	1588.74353	2691.06873	897.69443	3	1	EEQYJSTYR		1189.51199	3 5 0 0 0	(N(N(H(N)(H(N)(N(H))))))	106	0 1 0 0 0;0 2 0 0 0;1 2 0 0 0;1 3 0 0 0;2 2 0 0 0;2 3 0 0 0;2 4 0 0 0;2 5 0 0 0;3 3 0 0 0;3 4 0 0 0;	1501.55533	5	43.10718	47.17447	35.55365	6	0.00141	0.52260	0.66667	1.00000	0.00000	0	0	35.55365	15.54080	44.66126	1.158344686807954e-25	0.0	1.158344686807954e-25	sp|P01857|IGHG1_HUMAN	180
2020111CXY-7.12474.12474.3.0.dta	2020111CXY-7.12474.12474.3.0.dta	2020111CXY-7	12474	3328.55148	3794.51230	1265.50895	3	1	LQNNENJISCVER	10,Carbamidomethyl[C];	1589.73364	5 4 2 0 0	(N(N(H(H(N(H(A))))(H(N(H(A)))))))	754	0 1 0 0 0;0 2 0 0 0;1 2 0 0 0;2 2 0 0 0;2 3 0 0 0;3 2 0 0 0;3 3 0 0 0;3 3 1 0 0;3 4 0 0 0;4 3 0 0 0;4 3 1 0 0;4 4 0 0 0;4 4 1 0 0;5 4 0 0 0;5 4 1 0 0;	2204.77244	7	29.12127	26.45686	34.06947	7	0.00622	1.63867	0.58824	0.66667	0.00000	0	0	34.06947	12.41344	30.36261	9.436107303479582e-25	0.0	9.436107303479582e-25	sp|Q03591|FHR1_HUMAN/sp|P36980|FHR2_HUMAN	126/126
2020111CXY-7.9767.9767.2.0.dta	2020111CXY-7.9767.9767.2.0.dta	2020111CXY-7	9767	2598.58453	2602.05949	1301.53338	2	1	EEQFJSTFR		1157.52218	3 4 0 1 0	(N(F)(N(H(H(N))(H(N)))))	95	0 1 0 0 0;0 1 0 1 0;0 2 0 0 0;0 2 0 1 0;1 2 0 0 0;1 2 0 1 0;2 2 0 0 0;2 2 0 1 0;2 3 0 0 0;2 3 0 1 0;3 2 0 0 0;3 2 0 1 0;3 3 0 0 0;3 3 0 1 0;3 4 0 0 0;	1444.53387	5	52.46918	50.00759	57.04068	9	0.00344	1.32321	0.76471	1.00000	0.00000	0	0	57.04068	16.57258	54.12644	3.400348653338331e-40	0.0	3.400348653338331e-40	sp|P01859|IGHG2_HUMAN	176
2020111CXY-7.7673.7673.3.0.dta	2020111CXY-7.7673.7673.3.0.dta	2020111CXY-7	7673	2036.45111	2821.13310	941.04922	3	1	EEQFJSTYR		1173.51708	3 5 0 1 0	(N(F)(N(H(N)(H(N))(H(N)))))	187	0 1 0 0 0;0 1 0 1 0;0 2 0 0 0;0 2 0 1 0;1 2 0 0 0;1 2 0 1 0;1 3 0 0 0;1 3 0 1 0;2 2 0 0 0;2 2 0 1 0;2 3 0 0 0;2 3 0 1 0;2 4 0 0 0;2 4 0 1 0;3 2 0 0 0;3 2 0 1 0;3 3 0 0 0;3 3 0 1 0;3 4 0 0 0;3 4 0 1 0;3 5 0 0 0;	1647.61324	5	82.41883	99.70100	50.32336	9	0.00277	0.98207	0.60870	1.37500	0.00000	0	0	50.32336	27.45776	85.16461	1.409435377535012e-35	0.0	1.409435377535012e-35	sp|P01861|IGHG4_HUMAN	177
2020111CXY-7.18960.18960.3.0.dta	2020111CXY-7.18960.18960.3.0.dta	2020111CXY-7	18960	5079.35355	3796.58545	1266.20000	3	1	LGACJDTLQQLMEVFK	4,Carbamidomethyl[C];12,Oxidation[M];	1882.90375	5 4 1 0 0	(N(N(H(H(N(H)))(H(N(H(A)))))))	380	0 1 0 0 0;0 2 0 0 0;1 2 0 0 0;2 2 0 0 0;2 3 0 0 0;3 2 0 0 0;3 3 0 0 0;3 3 1 0 0;3 4 0 0 0;4 3 0 0 0;4 3 1 0 0;4 4 0 0 0;4 4 1 0 0;5 4 0 0 0;	1913.67702	5	14.95536	16.83899	11.45718	6	0.00468	1.23308	0.43750	0.53333	0.00000	0	0	11.45718	10.54043	16.00940	1.9708526113215864e-09	0.0	1.9708526113215864e-09	sp|P01008|ANT3_HUMAN	128
2020111CXY-7.6089.6089.2.0.dta	2020111CXY-7.6089.6089.2.0.dta	2020111CXY-7	6089	1611.91199	2958.15453	1479.58090	2	1	EEQYJSTYR		1189.51199	5 4 0 1 0	(N(F)(N(H(H(N(H)))(H(N(H))))))	267	0 1 0 0 0;0 1 0 1 0;0 2 0 0 0;0 2 0 1 0;1 2 0 0 0;1 2 0 1 0;2 2 0 0 0;2 2 0 1 0;2 3 0 0 0;2 3 0 1 0;3 2 0 0 0;3 2 0 1 0;3 3 0 0 0;3 3 0 1 0;3 4 0 0 0;3 4 0 1 0;4 3 0 0 0;4 3 0 1 0;4 4 0 0 0;4 4 0 1 0;5 4 0 0 0;	1768.63952	5	18.95167	15.96372	24.50071	8	0.00303	1.02301	0.43478	0.62500	0.00000	0	0	24.50071	10.01933	19.95360	4.463852863652295e-18	0.0	4.463852863652295e-18	sp|P01857|IGHG1_HUMAN	180
2020111CXY-7.19112.19112.3.0.dta	2020111CXY-7.19112.19112.3.0.dta	2020111CXY-7	19112	5119.48933	3976.62256	1326.21237	3	1	VCQDCPLLAPLJDTR	2,Carbamidomethyl[C];5,Carbamidomethyl[C];	1771.84657	5 4 2 0 0	(N(N(H(H(N(H(A))))(H(N(H(A)))))))	754	0 1 0 0 0;0 2 0 0 0;1 2 0 0 0;2 2 0 0 0;2 3 0 0 0;3 2 0 0 0;3 3 0 0 0;3 3 1 0 0;3 4 0 0 0;4 3 0 0 0;4 3 1 0 0;4 4 0 0 0;4 4 1 0 0;5 4 0 0 0;5 4 1 0 0;	2204.77244	12	35.56978	45.58950	16.96171	6	0.00355	0.89346	0.47059	0.71429	0.00000	0	0	16.96171	16.71933	37.24171	4.136105506145423e-13	0.0	4.136105506145423e-13	sp|P02765|FETUA_HUMAN	156
2020111CXY-7.6902.6902.3.0.dta	2020111CXY-7.6902.6902.3.0.dta	2020111CXY-7	6902	1829.36548	3001.21758	1001.07738	3	1	GHVJITR		796.44241	5 4 2 0 0	(N(N(H(H(N(H(A))))(H(N(H(A)))))))	754	0 1 0 0 0;0 2 0 0 0;1 2 0 0 0;2 2 0 0 0;2 3 0 0 0;3 2 0 0 0;3 3 0 0 0;3 3 1 0 0;3 4 0 0 0;4 3 0 0 0;4 3 1 0 0;4 4 0 0 0;4 4 1 0 0;5 4 0 0 0;5 4 1 0 0;	2204.77244	4	60.61996	43.92748	91.62027	7	0.00273	0.91062	0.94118	0.91667	0.00000	0	0	91.62027	14.07107	62.02707	1.474797603710062e-63	0.0	1.474797603710062e-63	sp|P00734|THRB_HUMAN	121
2020111CXY-7.15954.15954.2.0.dta	2020111CXY-7.15954.15954.2.0.dta	2020111CXY-7	15954	4269.11064	3385.42236	1693.21482	2	1	HAJWTLTPLK		1180.64732	5 4 2 0 0	(N(N(H(H(N(H(A))))(H(N(H(A)))))))	754	0 1 0 0 0;0 2 0 0 0;1 2 0 0 0;2 2 0 0 0;2 3 0 0 0;3 2 0 0 0;3 3 0 0 0;3 3 1 0 0;3 4 0 0 0;4 3 0 0 0;4 3 1 0 0;4 4 0 0 0;4 4 1 0 0;5 4 0 0 0;5 4 1 0 0;	2204.77244	3	84.59740	95.10212	65.08864	7	0.00260	0.76740	0.82353	1.22222	0.00000	0	0	65.08864	26.84821	87.28222	9.72037609141308e-46	0.0	9.72037609141308e-46	sp|P27169|PON1_HUMAN	253
2020111CXY-7.18835.18835.3.0.dta	2020111CXY-7.18835.18835.3.0.dta	2020111CXY-7	18835	5045.69380	3681.52871	1227.84776	3	1	CGLVPVLAENYJK	1,Carbamidomethyl[C];	1476.75152	5 4 2 0 0	(N(N(H(H(N(H(A))))(H(N(H(A)))))))	754	0 1 0 0 0;0 2 0 0 0;1 2 0 0 0;2 2 0 0 0;2 3 0 0 0;3 2 0 0 0;3 3 0 0 0;3 3 1 0 0;3 4 0 0 0;4 3 0 0 0;4 3 1 0 0;4 4 0 0 0;4 4 1 0 0;5 4 0 0 0;5 4 1 0 0;	2204.77244	12	65.70159	93.08553	14.84571	5	0.00475	1.29157	0.47059	1.04167	0.00000	0	0	14.84571	27.11959	68.41355	1.1817508352863608e-11	0.0	1.1817508352863608e-11	sp|P02787|TRFE_HUMAN	432
2020111CXY-7.17626.17626.3.0.dta	2020111CXY-7.17626.17626.3.0.dta	2020111CXY-7	17626	4720.80501	4900.16624	1634.06026	3	1	MVSHHJLTTGATLINEQWLLTTAK	1,Oxidation[M];	2695.38721	5 4 2 0 0	(N(N(H(H(N(H(A))))(H(N(H(A)))))))	754	0 1 0 0 0;0 2 0 0 0;1 2 0 0 0;2 2 0 0 0;2 3 0 0 0;3 2 0 0 0;3 3 0 0 0;3 3 1 0 0;3 4 0 0 0;4 3 0 0 0;4 3 1 0 0;4 4 0 0 0;4 4 1 0 0;5 4 0 0 0;5 4 1 0 0;	2204.77244	6	24.31678	27.88099	17.69752	6	0.00658	1.34321	0.47059	0.50000	0.00000	0	0	17.69752	15.04926	25.82171	1.1762834136431827e-13	0.0	1.1762834136431827e-13	sp|P00739|HPTR_HUMAN/sp|P00738|HPT_HUMAN	126/184
2020111CXY-7.14137.14137.3.0.dta	2020111CXY-7.14137.14137.3.0.dta	2020111CXY-7	14137	3776.82591	3838.53661	1280.18372	3	1	GTAGNALMDGASQLMGEJR	8,Oxidation[M];15,Oxidation[M];	1924.84875	5 4 1 0 0	(N(N(H(H(N(H)))(H(N(H(A)))))))	380	0 1 0 0 0;0 2 0 0 0;1 2 0 0 0;2 2 0 0 0;2 3 0 0 0;3 2 0 0 0;3 3 0 0 0;3 3 1 0 0;3 4 0 0 0;4 3 0 0 0;4 3 1 0 0;4 4 0 0 0;4 4 1 0 0;5 4 0 0 0;	1913.67702	18	9.22748	9.22194	9.23778	6	0.01083	2.82178	0.37500	0.19444	0.00000	0	0	9.23778	8.89657	10.11714	6.402663389753447e-08	0.0	6.402663389753447e-08	sp|P02675|FIBB_HUMAN	394
2020111CXY-7.14458.14458.3.0.dta	2020111CXY-7.14458.14458.3.0.dta	2020111CXY-7	14458	3863.71782	4608.81160	1536.94205	3	1	EHEGAIYPDJTTDFQR		1892.84094	6 5 2 1 0	(N(N(H(H(N(H)(F)))(H(N(H(A)))(N(H(A)))))))	1590	0 1 0 0 0;0 2 0 0 0;1 2 0 0 0;2 2 0 0 0;2 3 0 0 0;2 3 0 1 0;2 4 0 0 0;3 2 0 0 0;3 3 0 0 0;3 3 0 1 0;3 3 1 0 0;3 4 0 0 0;3 4 0 1 0;3 4 1 0 0;3 5 0 0 0;3 5 0 1 0;4 3 0 0 0;4 3 0 1 0;4 3 1 0 0;4 4 0 0 0;4 4 0 1 0;4 4 1 0 0;4 4 1 1 0;4 4 2 0 0;4 5 0 0 0;4 5 0 1 0;4 5 1 0 0;4 5 1 1 0;5 4 0 0 0;5 4 0 1 0;5 4 1 0 0;5 4 1 1 0;5 4 2 0 0;5 5 0 0 0;5 5 0 1 0;5 5 1 0 0;5 5 1 1 0;5 5 2 0 0;5 5 2 1 0;6 5 0 0 0;6 5 0 1 0;6 5 1 0 0;6 5 1 1 0;6 5 2 0 0;	2715.96255	10	23.19735	30.94466	8.80951	5	0.00811	1.75993	0.19565	0.56667	0.00000	0	0	8.80951	14.76980	24.67433	1.1619667379795738e-07	0.0	1.1619667379795738e-07	sp|P00450|CERU_HUMAN	138
2020111CXY-7.16565.16565.3.0.dta	2020111CXY-7.16565.16565.3.0.dta	2020111CXY-7	16565	4434.36636	3455.34162	1152.45206	3	1	LGJWSAMPSCK	10,Carbamidomethyl[C];	1250.56564	5 4 2 0 0	(N(N(H(H(N(H(A))))(H(N(H(A)))))))	754	0 1 0 0 0;0 2 0 0 0;1 2 0 0 0;2 2 0 0 0;2 3 0 0 0;3 2 0 0 0;3 3 0 0 0;3 3 1 0 0;3 4 0 0 0;4 3 0 0 0;4 3 1 0 0;4 4 0 0 0;4 4 1 0 0;5 4 0 0 0;5 4 1 0 0;	2204.77244	3	43.06734	52.85398	24.89216	7	0.00354	1.02333	0.47059	1.15000	0.00000	0	0	24.89216	17.31128	44.79847	2.3688663660100015e-18	0.0	2.3688663660100015e-18	sp|P02749|APOH_HUMAN	253
2020111CXY-7.16108.16108.3.0.dta	2020111CXY-7.16108.16108.3.0.dta	2020111CXY-7	16108	4310.82296	3385.42242	1129.14566	3	1	HAJWTLTPLK		1180.64732	5 4 2 0 0	(N(N(H(H(N(H(A))))(H(N(H(A)))))))	754	0 1 0 0 0;0 2 0 0 0;1 2 0 0 0;2 2 0 0 0;2 3 0 0 0;3 2 0 0 0;3 3 0 0 0;3 3 1 0 0;3 4 0 0 0;4 3 0 0 0;4 3 1 0 0;4 4 0 0 0;4 4 1 0 0;5 4 0 0 0;5 4 1 0 0;	2204.77244	3	65.52752	61.30615	73.36720	7	0.00266	0.78542	0.82353	1.05556	0.00000	0	0	73.36720	19.15068	67.44259	2.2320651989800856e-51	0.0	2.2320651989800856e-51	sp|P27169|PON1_HUMAN	253
2020111CXY-7.11490.11490.3.0.dta	2020111CXY-7.11490.11490.3.0.dta	2020111CXY-7	11490	3063.84047	4070.85282	1357.62246	3	1	KLHINHNJLTESVGPLPK		2011.10833	5 4 1 1 0	(N(F)(N(H(H(N(H)))(H(N(H(A)))))))	549	0 1 0 0 0;0 1 0 1 0;0 2 0 0 0;0 2 0 1 0;1 2 0 0 0;1 2 0 1 0;2 2 0 0 0;2 2 0 1 0;2 3 0 0 0;2 3 0 1 0;3 2 0 0 0;3 2 0 1 0;3 3 0 0 0;3 3 0 1 0;3 3 1 0 0;3 3 1 1 0;3 4 0 0 0;3 4 0 1 0;4 3 0 0 0;4 3 0 1 0;4 3 1 0 0;4 3 1 1 0;4 4 0 0 0;4 4 0 1 0;4 4 1 0 0;4 4 1 1 0;5 4 0 0 0;5 4 0 1 0;5 4 1 0 0;	2059.73493	8	14.51178	11.27816	20.51708	7	0.00956	2.34734	0.45161	0.41176	0.00000	0	0	20.51708	8.31415	15.34320	1.305300280741674e-15	0.0025996533795493936	0.0025996533795493936	sp|P51884|LUM_HUMAN	127
2020111CXY-7.15084.15084.3.0.dta	2020111CXY-7.15084.15084.3.0.dta	2020111CXY-7	15084	4032.94594	3811.69211	1271.23555	3	1	TVLTPATNHMGJVTFTIPANR	10,Oxidation[M];	2271.15503	7 2 0 0 0	(N(N(H(H(H)(H(H(H(H))))))))	117	0 1 0 0 0;0 2 0 0 0;1 2 0 0 0;2 2 0 0 0;3 2 0 0 0;4 2 0 0 0;5 2 0 0 0;6 2 0 0 0;	1540.52851	12	13.68944	15.86622	9.64684	5	0.00857	2.24867	0.50000	0.37500	0.00000	0	0	9.64684	10.92365	14.78181	3.303773565533598e-08	0.0	3.303773565533598e-08	sp|P01024|CO3_HUMAN	85
2020111CXY-7.5686.5686.3.0.dta	2020111CXY-7.5686.5686.3.0.dta	2020111CXY-7	5686	1506.41927	2650.04304	884.01920	3	1	EEQYJSTYR		1189.51199	4 4 0 0 0	(N(N(H(H(N))(H(N(H))))))	98	0 1 0 0 0;0 2 0 0 0;1 2 0 0 0;2 2 0 0 0;2 3 0 0 0;3 2 0 0 0;3 3 0 0 0;3 4 0 0 0;4 3 0 0 0;	1460.52878	5	69.02888	78.93783	50.62654	7	0.00226	0.85374	0.90909	1.25000	0.00000	0	0	50.62654	22.64716	71.29360	8.095896743760318e-36	0.0	8.095896743760318e-36	sp|P01857|IGHG1_HUMAN	180
2020111CXY-7.6145.6145.3.0.dta	2020111CXY-7.6145.6145.3.0.dta	2020111CXY-7	6145	1626.84156	2871.20625	957.74027	3	1	PREEQFJSTYR		1426.67096	3 4 0 1 0	(N(F)(N(H(H(N))(H(N)))))	95	0 1 0 0 0;0 1 0 1 0;0 2 0 0 0;0 2 0 1 0;1 2 0 0 0;1 2 0 1 0;2 2 0 0 0;2 2 0 1 0;2 3 0 0 0;2 3 0 1 0;3 2 0 0 0;3 2 0 1 0;3 3 0 0 0;3 3 0 1 0;3 4 0 0 0;	1444.53387	7	49.53811	30.82094	84.29855	9	0.00142	0.49390	1.00000	0.80000	0.00000	0	0	84.29855	12.26309	50.76442	9.378606870632785e-59	0.0	9.378606870632785e-59	sp|P01861|IGHG4_HUMAN	177
2020111CXY-7.4097.4097.2.0.dta	2020111CXY-7.4097.4097.2.0.dta	2020111CXY-7	4097	1082.30970	2655.02070	1328.01399	2	1	SYJETK		741.34135	5 4 1 0 0	(N(N(H(H(N(H)))(H(N(H(A)))))))	380	0 1 0 0 0;0 2 0 0 0;1 2 0 0 0;2 2 0 0 0;2 3 0 0 0;3 2 0 0 0;3 3 0 0 0;3 3 1 0 0;3 4 0 0 0;4 3 0 0 0;4 3 1 0 0;4 4 0 0 0;4 4 1 0 0;5 4 0 0 0;	1913.67702	3	29.70185	35.46364	19.00139	7	0.00233	0.87739	0.43750	1.20000	0.00000	0	0	19.00139	10.83571	30.78542	1.4494361458445294e-14	0.0	1.4494361458445294e-14	sp|P04114|APOB_HUMAN	3224
2020111CXY-7.16171.16171.3.0.dta	2020111CXY-7.16171.16171.3.0.dta	2020111CXY-7	16171	4327.65897	3919.69692	1307.23716	3	1	LGTSLSSGHVLMJGTLK		1714.91563	5 4 2 0 0	(N(N(H(H(N(H(A))))(H(N(H(A)))))))	754	0 1 0 0 0;0 2 0 0 0;1 2 0 0 0;2 2 0 0 0;2 3 0 0 0;3 2 0 0 0;3 3 0 0 0;3 3 1 0 0;3 4 0 0 0;4 3 0 0 0;4 3 1 0 0;4 4 0 0 0;4 4 1 0 0;5 4 0 0 0;5 4 1 0 0;	2204.77244	13	35.86945	31.17247	44.59240	7	0.00885	2.25782	0.76471	0.62500	0.00000	0	0	44.59240	13.19876	37.18933	9.921601329300823e-32	0.0	9.921601329300823e-32	sp|P80108|PHLD_HUMAN	659
2020111CXY-7.16632.16632.3.0.dta	2020111CXY-7.16632.16632.3.0.dta	2020111CXY-7	16632	4452.47570	4753.84602	1585.28686	3	1	EHEGAIYPDJTTDFQR		1892.84094	6 5 3 0 0	(N(N(H(H(N(H(A))))(H(N(H(A)))(N(H(A)))))))	1823	0 1 0 0 0;0 2 0 0 0;1 2 0 0 0;2 2 0 0 0;2 3 0 0 0;2 4 0 0 0;3 2 0 0 0;3 3 0 0 0;3 3 1 0 0;3 4 0 0 0;3 4 1 0 0;3 5 0 0 0;4 3 0 0 0;4 3 1 0 0;4 4 0 0 0;4 4 1 0 0;4 4 2 0 0;4 5 0 0 0;4 5 1 0 0;5 4 0 0 0;5 4 1 0 0;5 4 2 0 0;5 5 0 0 0;5 5 1 0 0;5 5 2 0 0;6 5 0 0 0;6 5 1 0 0;6 5 2 0 0;	2861.00005	10	11.43967	15.12789	4.59011	4	0.00502	1.05693	0.23333	0.40000	0.00000	0	0	4.59011	8.95713	12.33538	5.926457035669893e-05	0.0	5.926457035669893e-05	sp|P00450|CERU_HUMAN	138
2020111CXY-7.13117.13117.3.0.dta	2020111CXY-7.13117.13117.3.0.dta	2020111CXY-7	13117	3501.01129	3639.45262	1213.82239	3	1	FSDGLESJSSTQFEVK		1774.81300	9 2 0 0 0	(N(N(H(H(H(H)))(H(H)(H(H(H)))))))	339	0 1 0 0 0;0 2 0 0 0;1 2 0 0 0;2 2 0 0 0;3 2 0 0 0;4 2 0 0 0;5 2 0 0 0;6 2 0 0 0;7 2 0 0 0;8 2 0 0 0;	1864.63416	8	68.34911	88.44641	31.02556	7	0.00547	1.50280	0.66667	0.96667	0.00000	0	0	31.02556	27.01064	71.05017	1.0570186989803725e-22	0.0	1.0570186989803725e-22	sp|P0C0L4|CO4A_HUMAN/sp|P0C0L5|CO4B_HUMAN	226/226
2020111CXY-7.6111.6111.2.0.dta	2020111CXY-7.6111.6111.2.0.dta	2020111CXY-7	6111	1617.72298	2796.10143	1398.55435	2	1	EEQYJSTYR		1189.51199	4 4 0 1 0	(N(F)(N(H(H(N))(H(N(H))))))	158	0 1 0 0 0;0 1 0 1 0;0 2 0 0 0;0 2 0 1 0;1 2 0 0 0;1 2 0 1 0;2 2 0 0 0;2 2 0 1 0;2 3 0 0 0;2 3 0 1 0;3 2 0 0 0;3 2 0 1 0;3 3 0 0 0;3 3 0 1 0;3 4 0 0 0;3 4 0 1 0;4 3 0 0 0;4 3 0 1 0;4 4 0 0 0;	1606.58669	5	38.18291	34.21339	45.55486	9	0.00275	0.98196	0.61905	0.81250	0.00000	0	0	45.55486	13.81736	39.56465	1.574105441606698e-32	0.0	1.574105441606698e-32	sp|P01857|IGHG1_HUMAN	180
2020111CXY-7.16205.16205.2.0.dta	2020111CXY-7.16205.16205.2.0.dta	2020111CXY-7	16205	4336.88454	2460.02139	1230.51433	2	1	JGSLFAFR		911.47338	4 3 1 0 0	(N(N(H(H)(H(N(H(A)))))))	126	0 1 0 0 0;0 2 0 0 0;1 2 0 0 0;2 2 0 0 0;2 3 0 0 0;3 2 0 0 0;3 3 0 0 0;3 3 1 0 0;4 3 0 0 0;	1548.54483	1	46.20928	61.95035	16.97588	6	0.00319	1.29489	0.54545	1.35714	0.00000	0	0	16.97588	18.47552	48.05683	4.001194816650847e-13	0.0	4.001194816650847e-13	sp|P04004|VTNC_HUMAN	169
2020111CXY-7.19101.19101.3.0.dta	2020111CXY-7.19101.19101.3.0.dta	2020111CXY-7	19101	5116.54147	4656.01687	1552.67714	3	1	VVLHPJYSQVDIGLIK		1795.01124	6 5 3 0 0	(N(N(H(H(N(H(A))))(H(N(H(A)))(N(H(A)))))))	1823	0 1 0 0 0;0 2 0 0 0;1 2 0 0 0;2 2 0 0 0;2 3 0 0 0;2 4 0 0 0;3 2 0 0 0;3 3 0 0 0;3 3 1 0 0;3 4 0 0 0;3 4 1 0 0;3 5 0 0 0;4 3 0 0 0;4 3 1 0 0;4 4 0 0 0;4 4 1 0 0;4 4 2 0 0;4 5 0 0 0;4 5 1 0 0;5 4 0 0 0;5 4 1 0 0;5 4 2 0 0;5 5 0 0 0;5 5 1 0 0;5 5 2 0 0;6 5 0 0 0;6 5 1 0 0;6 5 2 0 0;	2861.00005	6	51.84030	58.73354	39.03855	7	0.00557	1.19726	0.46667	0.83333	0.00000	0	0	39.03855	20.00747	53.84105	4.310097359623971e-28	0.0	4.310097359623971e-28	sp|P00738|HPT_HUMAN	241
2020111CXY-7.18615.18615.3.0.dta	2020111CXY-7.18615.18615.3.0.dta	2020111CXY-7	18615	4986.82849	3390.43216	1130.81557	3	1	CGLVPVLAENYJK	1,Carbamidomethyl[C];	1476.75152	5 4 1 0 0	(N(N(H(H(N(H)))(H(N(H(A)))))))	380	0 1 0 0 0;0 2 0 0 0;1 2 0 0 0;2 2 0 0 0;2 3 0 0 0;3 2 0 0 0;3 3 0 0 0;3 3 1 0 0;3 4 0 0 0;4 3 0 0 0;4 3 1 0 0;4 4 0 0 0;4 4 1 0 0;5 4 0 0 0;	1913.67702	12	36.26738	42.25881	25.14043	7	0.00362	1.06756	0.56250	0.75000	0.00000	0	0	25.14043	15.36341	37.80372	1.623565358449455e-18	0.0	1.623565358449455e-18	sp|P02787|TRFE_HUMAN	432
2020111CXY-7.14470.14470.3.0.dta	2020111CXY-7.14470.14470.3.0.dta	2020111CXY-7	14470	3867.01782	3649.63280	1217.21578	3	1	TVLTPATNHMGJVTFTIPANR	10,Oxidation[M];	2271.15503	6 2 0 0 0	(N(N(H(H(H))(H(H)(H)))))	67	0 1 0 0 0;0 2 0 0 0;1 2 0 0 0;2 2 0 0 0;3 2 0 0 0;4 2 0 0 0;5 2 0 0 0;	1378.47569	12	27.24634	25.86385	29.81381	7	0.00208	0.57037	0.77778	0.47500	0.00000	0	0	29.81381	13.52364	28.59870	8.367089290030979e-22	0.0	8.367089290030979e-22	sp|P01024|CO3_HUMAN	85
2020111CXY-7.15485.15485.3.0.dta	2020111CXY-7.15485.15485.3.0.dta	2020111CXY-7	15485	4141.89950	3839.54041	1280.51832	3	1	GTAGNALMDGASQLMGEJR	15,Oxidation[M];	1908.85384	6 4 0 1 0	(N(N(H(H(H))(H(N(H))(N(H)(F))))))	399	0 1 0 0 0;0 2 0 0 0;1 2 0 0 0;2 2 0 0 0;2 3 0 0 0;2 3 0 1 0;2 4 0 0 0;2 4 0 1 0;3 2 0 0 0;3 3 0 0 0;3 3 0 1 0;3 4 0 0 0;3 4 0 1 0;4 2 0 0 0;4 3 0 0 0;4 3 0 1 0;4 4 0 0 0;4 4 0 1 0;5 3 0 0 0;5 3 0 1 0;5 4 0 0 0;5 4 0 1 0;6 4 0 0 0;	1930.69234	18	7.86318	8.02485	7.56295	6	-0.00576	-1.50102	0.24000	0.22222	0.00000	0	0	7.56295	7.55326	8.61851	5.59480716267214e-07	0.008750994431185362	0.008750994431185362	sp|P02675|FIBB_HUMAN	394
2020111CXY-7.12001.12001.3.2.dta	2020111CXY-7.12001.12001.3.2.dta	2020111CXY-7	12001	3201.68333	3533.40067	1178.47174	3	1	FLNJGTCTAEGK	7,Carbamidomethyl[C];	1311.59978	6 4 1 1 0	(N(N(H(H(N(H(H))))(H(N(F)(H(A)))))))	783	0 1 0 0 0;0 2 0 0 0;1 2 0 0 0;2 2 0 0 0;2 3 0 0 0;2 3 0 1 0;3 2 0 0 0;3 3 0 0 0;3 3 0 1 0;3 3 1 0 0;3 3 1 1 0;3 4 0 0 0;3 4 0 1 0;4 3 0 0 0;4 3 0 1 0;4 3 1 0 0;4 3 1 1 0;4 4 0 0 0;4 4 0 1 0;4 4 1 0 0;4 4 1 1 0;5 3 0 0 0;5 4 0 0 0;5 4 0 1 0;5 4 1 0 0;5 4 1 1 0;6 4 0 0 0;6 4 0 1 0;6 4 1 0 0;	2221.78776	4	31.56207	39.06586	17.62645	6	0.01314	3.71887	0.29032	0.90909	0.00000	0	0	17.62645	15.10509	33.07258	1.4069247112267403e-13	0.0	1.4069247112267403e-13	sp|P05156|CFAI_HUMAN	103
2020111CXY-7.13394.13394.3.0.dta	2020111CXY-7.13394.13394.3.0.dta	2020111CXY-7	13394	3575.80414	3094.32833	1032.11429	3	1	HAJWTLTPLK		1180.64732	5 4 1 0 0	(N(N(H(H(N(H)))(H(N(H(A)))))))	380	0 1 0 0 0;0 2 0 0 0;1 2 0 0 0;2 2 0 0 0;2 3 0 0 0;3 2 0 0 0;3 3 0 0 0;3 3 1 0 0;3 4 0 0 0;4 3 0 0 0;4 3 1 0 0;4 4 0 0 0;4 4 1 0 0;5 4 0 0 0;	1913.67702	3	41.24168	37.24387	48.66617	7	0.00398	1.28735	0.75000	0.83333	0.00000	0	0	48.66617	12.89986	42.53167	9.62987242748666e-35	0.0	9.62987242748666e-35	sp|P27169|PON1_HUMAN	253
2020111CXY-7.10422.10422.2.0.dta	2020111CXY-7.10422.10422.2.0.dta	2020111CXY-7	10422	2775.18554	2602.05700	1301.53214	2	1	EEQFJSTFR		1157.52218	3 4 0 1 0	(N(N(H(H(N(H))(N(F))))))	90	0 1 0 0 0;0 2 0 0 0;1 2 0 0 0;2 2 0 0 0;2 3 0 0 0;2 3 0 1 0;2 4 0 0 0;2 4 0 1 0;3 3 0 0 0;3 4 0 0 0;	1444.53387	5	12.62717	11.03244	15.58880	6	0.00095	0.36474	0.50000	0.56250	0.00000	0	0	15.58880	8.54899	13.48207	3.450722530994875e-12	0.0009208103130755065	0.0009208103130755065	sp|P01859|IGHG2_HUMAN	176
2020111CXY-7.18763.18763.3.1.dta	2020111CXY-7.18763.18763.3.1.dta	2020111CXY-7	18763	5026.16357	3843.59424	1281.86960	3	1	CGLVPVLAENYJK	1,Carbamidomethyl[C];	1476.75152	6 4 2 0 0	(N(N(H(H(N(H(A))))(H(N(H(H)(A)))))))	1017	0 1 0 0 0;0 2 0 0 0;1 2 0 0 0;2 2 0 0 0;2 3 0 0 0;3 2 0 0 0;3 3 0 0 0;3 3 1 0 0;3 4 0 0 0;4 3 0 0 0;4 3 1 0 0;4 4 0 0 0;4 4 1 0 0;5 3 0 0 0;5 3 1 0 0;5 4 0 0 0;5 4 1 0 0;5 4 2 0 0;6 4 0 0 0;6 4 1 0 0;	2366.82526	12	59.83020	81.35838	19.84930	6	0.01746	4.54198	0.40909	1.00000	0.00000	0	0	19.84930	23.68542	62.19874	4.5331266081588785e-15	0.0	4.5331266081588785e-15	sp|P02787|TRFE_HUMAN	432
2020111CXY-7.13293.13293.3.0.dta	2020111CXY-7.13293.13293.3.0.dta	2020111CXY-7	13293	3548.78436	3094.32690	1032.11382	3	1	HAJWTLTPLK		1180.64732	5 4 1 0 0	(N(N(H(H(N(H)))(H(N(H(A)))))))	380	0 1 0 0 0;0 2 0 0 0;1 2 0 0 0;2 2 0 0 0;2 3 0 0 0;3 2 0 0 0;3 3 0 0 0;3 3 1 0 0;3 4 0 0 0;4 3 0 0 0;4 3 1 0 0;4 4 0 0 0;4 4 1 0 0;5 4 0 0 0;	1913.67702	3	69.05357	71.46944	64.56696	7	0.00255	0.82490	0.75000	1.05556	0.00000	0	0	64.56696	21.39749	71.19332	2.3273923809785588e-45	0.0	2.3273923809785588e-45	sp|P27169|PON1_HUMAN	253
2020111CXY-7.16977.16977.3.0.dta	2020111CXY-7.16977.16977.3.0.dta	2020111CXY-7	16977	4546.14208	4618.91795	1540.31083	3	1	GLTFQQJASSMCVPDQDTAIR	12,Carbamidomethyl[C];	2339.07546	6 5 0 2 0	(N(F)(N(H(H(N(H)))(H(N(H(N(H)(F))))))))	867	0 1 0 0 0;0 1 0 1 0;0 2 0 0 0;0 2 0 1 0;1 2 0 0 0;1 2 0 1 0;2 2 0 0 0;2 2 0 1 0;2 3 0 0 0;2 3 0 1 0;3 2 0 0 0;3 2 0 1 0;3 3 0 0 0;3 3 0 1 0;3 4 0 0 0;3 4 0 1 0;3 4 0 2 0;4 3 0 0 0;4 3 0 1 0;4 4 0 0 0;4 4 0 1 0;4 4 0 2 0;4 5 0 0 0;4 5 0 1 0;4 5 0 2 0;5 4 0 0 0;5 4 0 1 0;5 4 0 2 0;5 5 0 0 0;5 5 0 1 0;5 5 0 2 0;6 5 0 0 0;6 5 0 1 0;	2279.82962	7	31.03283	46.71632	1.90633	4	0.01287	2.78646	0.14286	0.75000	0.00000	0	0	1.90633	19.49441	32.98227	0.002545607243422732	0.0	0.002545607243422732	sp|P01871|IGHM_HUMAN	209
2020111CXY-7.13924.13924.3.2.dta	2020111CXY-7.13924.13924.3.2.dta	2020111CXY-7	13924	3719.11115	3181.27028	1061.09494	3	1	LGJWSAMPSCK	10,Carbamidomethyl[C];	1250.56564	6 4 0 1 0	(N(N(H(H(H))(H(N(H))(N(H)(F))))))	399	0 1 0 0 0;0 2 0 0 0;1 2 0 0 0;2 2 0 0 0;2 3 0 0 0;2 3 0 1 0;2 4 0 0 0;2 4 0 1 0;3 2 0 0 0;3 3 0 0 0;3 3 0 1 0;3 4 0 0 0;3 4 0 1 0;4 2 0 0 0;4 3 0 0 0;4 3 0 1 0;4 4 0 0 0;4 4 0 1 0;5 3 0 0 0;5 3 0 1 0;5 4 0 0 0;5 4 0 1 0;6 4 0 0 0;	1930.69234	3	49.05852	60.79935	27.25411	7	0.01230	3.86568	0.40000	1.05000	0.00000	0	0	27.25411	18.69492	50.92801	5.718500234204343e-20	0.0	5.718500234204343e-20	sp|P02749|APOH_HUMAN	253
2020111CXY-7.6035.6035.3.0.dta	2020111CXY-7.6035.6035.3.0.dta	2020111CXY-7	6035	1597.60465	3015.17539	1005.72998	3	1	EEQYJSTYR		1189.51199	5 5 0 0 0	(N(N(H(N)(H(N(H)))(H(N(H))))))	309	0 1 0 0 0;0 2 0 0 0;1 2 0 0 0;1 3 0 0 0;2 2 0 0 0;2 3 0 0 0;2 4 0 0 0;3 2 0 0 0;3 3 0 0 0;3 4 0 0 0;3 5 0 0 0;4 3 0 0 0;4 4 0 0 0;4 5 0 0 0;5 4 0 0 0;	1825.66098	5	41.15951	48.58125	27.37628	6	0.00242	0.80111	0.52941	1.00000	0.00000	0	0	27.37628	15.73447	42.73296	4.88125589685825e-20	0.0	4.88125589685825e-20	sp|P01857|IGHG1_HUMAN	180
2020111CXY-7.17713.17713.3.0.dta	2020111CXY-7.17713.17713.3.0.dta	2020111CXY-7	17713	4744.23222	4274.71042	1425.57499	3	1	ITYSIVQTJCSK	10,Carbamidomethyl[C];	1413.70423	6 5 3 0 0	(N(N(H(H(N(H(A))))(H(N(H(A)))(N(H(A)))))))	1823	0 1 0 0 0;0 2 0 0 0;1 2 0 0 0;2 2 0 0 0;2 3 0 0 0;2 4 0 0 0;3 2 0 0 0;3 3 0 0 0;3 3 1 0 0;3 4 0 0 0;3 4 1 0 0;3 5 0 0 0;4 3 0 0 0;4 3 1 0 0;4 4 0 0 0;4 4 1 0 0;4 4 2 0 0;4 5 0 0 0;4 5 1 0 0;5 4 0 0 0;5 4 1 0 0;5 4 2 0 0;5 5 0 0 0;5 5 1 0 0;5 5 2 0 0;6 5 0 0 0;6 5 1 0 0;6 5 2 0 0;	2861.00005	9	58.89164	81.91080	16.14178	7	0.00613	1.43506	0.30000	1.09091	0.00000	0	0	16.14178	24.41033	61.33267	1.301063361303627e-12	0.0	1.301063361303627e-12	sp|P01042|KNG1_HUMAN	205
2020111CXY-7.5200.5200.3.0.dta	2020111CXY-7.5200.5200.3.0.dta	2020111CXY-7	5200	1377.31639	3252.33557	1084.78337	3	1	PREEQYJSTYR		1442.66586	4 5 0 1 0	(N(F)(N(H(N)(H(N(H))(N(H))))))	291	0 1 0 0 0;0 1 0 1 0;0 2 0 0 0;0 2 0 1 0;1 2 0 0 0;1 2 0 1 0;1 3 0 0 0;1 3 0 1 0;2 2 0 0 0;2 2 0 1 0;2 3 0 0 0;2 3 0 1 0;2 4 0 0 0;2 4 0 1 0;2 5 0 0 0;2 5 0 1 0;3 3 0 0 0;3 3 0 1 0;3 4 0 0 0;3 4 0 1 0;3 5 0 0 0;3 5 0 1 0;4 4 0 0 0;4 4 0 1 0;4 5 0 0 0;	1809.66607	7	41.30533	27.97361	66.06424	7	0.00364	1.11831	0.77778	0.75000	0.00000	0	0	66.06424	11.55874	42.46120	1.8397382913825403e-46	0.0	1.8397382913825403e-46	sp|P01857|IGHG1_HUMAN	180
2020111CXY-7.15155.15155.3.0.dta	2020111CXY-7.15155.15155.3.0.dta	2020111CXY-7	15155	4052.38256	3649.63350	1217.21602	3	1	TVLTPATNHMGJVTFTIPANR	10,Oxidation[M];	2271.15503	6 2 0 0 0	(N(N(H(H)(H(H)(H)(H)))))	62	0 1 0 0 0;0 2 0 0 0;1 2 0 0 0;2 2 0 0 0;3 2 0 0 0;4 2 0 0 0;5 2 0 0 0;	1378.47569	12	42.34675	43.04413	41.05163	7	0.00279	0.76354	0.88889	0.62500	0.00000	0	0	41.05163	17.71565	44.11831	2.4396165320961675e-29	0.0	2.4396165320961675e-29	sp|P01024|CO3_HUMAN	85
2020111CXY-7.5437.5437.3.0.dta	2020111CXY-7.5437.5437.3.0.dta	2020111CXY-7	5437	1439.88817	3604.45665	1202.15707	3	1	KLFKCJECDK	5,Carbamidomethyl[C];8,Carbamidomethyl[C];	1341.62897	5 5 1 1 0	(N(N(H(N)(H(N(H)(F)))(H(N(H(A)))))))	831	0 1 0 0 0;0 2 0 0 0;1 2 0 0 0;1 3 0 0 0;2 2 0 0 0;2 3 0 0 0;2 3 0 1 0;2 4 0 0 0;2 4 0 1 0;3 2 0 0 0;3 3 0 0 0;3 3 0 1 0;3 3 1 0 0;3 4 0 0 0;3 4 0 1 0;3 4 1 0 0;3 5 0 0 0;3 5 0 1 0;4 3 0 0 0;4 3 0 1 0;4 3 1 0 0;4 4 0 0 0;4 4 0 1 0;4 4 1 0 0;4 4 1 1 0;4 5 0 0 0;4 5 0 1 0;4 5 1 0 0;4 5 1 1 0;5 4 0 0 0;5 4 0 1 0;5 4 1 0 0;5 4 1 1 0;5 5 0 0 0;5 5 0 1 0;5 5 1 0 0;	2262.81431	6	8.69628	10.14331	6.00894	3	0.01337	3.70989	0.26316	0.50000	0.00000	0	0	6.00894	7.98717	9.49500	6.197384753239035e-06	0.003352891869237217	0.003352891869237217	sp|Q9BX82|ZN471_HUMAN	209
2020111CXY-7.5749.5749.2.0.dta	2020111CXY-7.5749.5749.2.0.dta	2020111CXY-7	5749	1523.43937	2796.10179	1398.55453	2	1	EEQYJSTYR		1189.51199	4 4 0 1 0	(N(N(H(H(N))(H(N(H(F)))))))	161	0 1 0 0 0;0 2 0 0 0;1 2 0 0 0;2 2 0 0 0;2 3 0 0 0;3 2 0 0 0;3 3 0 0 0;3 3 0 1 0;3 4 0 0 0;4 3 0 0 0;4 3 0 1 0;4 4 0 0 0;	1606.58669	5	15.92316	12.57813	22.13535	7	0.00311	1.11142	0.50000	0.62500	0.00000	0	0	22.13535	9.23493	16.84665	1.1954527508966529e-16	0.0	1.1954527508966529e-16	sp|P01857|IGHG1_HUMAN	180
2020111CXY-7.9717.9717.2.0.dta	2020111CXY-7.9717.9717.2.0.dta	2020111CXY-7	9717	2585.26924	2729.15287	1365.08007	2	1	TLLJASR		774.44683	4 5 1 0 0	(N(N(H(N)(H(N))(H(N(H(A)))))))	421	0 1 0 0 0;0 2 0 0 0;1 2 0 0 0;1 3 0 0 0;2 2 0 0 0;2 3 0 0 0;2 4 0 0 0;3 2 0 0 0;3 3 0 0 0;3 3 1 0 0;3 4 0 0 0;3 4 1 0 0;3 5 0 0 0;4 3 0 0 0;4 3 1 0 0;4 4 0 0 0;4 4 1 0 0;4 5 0 0 0;	1954.70357	4	23.97014	21.09684	29.30626	7	0.00247	0.90336	0.45000	0.83333	0.00000	0	0	29.30626	9.66057	24.93620	1.4253883897807684e-21	0.0	1.4253883897807684e-21	sp|P01880|IGHD_HUMAN	367
2020111CXY-7.9948.9948.3.0.dta	2020111CXY-7.9948.9948.3.0.dta	2020111CXY-7	9948	2647.85194	3358.43856	1120.15104	3	1	FVEGSHJSTVSLTTK		1606.80713	4 4 1 0 0	(N(N(H(H(N))(H(N(H(A)))))))	239	0 1 0 0 0;0 2 0 0 0;1 2 0 0 0;2 2 0 0 0;2 3 0 0 0;3 2 0 0 0;3 3 0 0 0;3 3 1 0 0;3 4 0 0 0;4 3 0 0 0;4 3 1 0 0;4 4 0 0 0;	1751.62420	7	24.03872	18.35384	34.59635	7	0.00723	2.15247	0.71429	0.57143	0.00000	0	0	34.59635	9.49666	24.98839	4.815888955977122e-25	0.0	4.815888955977122e-25	sp|P04114|APOB_HUMAN	3411
2020111CXY-7.15244.15244.3.0.dta	2020111CXY-7.15244.15244.3.0.dta	2020111CXY-7	15244	4076.64959	4129.62684	1377.21380	3	1	GTAGNALMDGASQLMGEJR	8,Oxidation[M];15,Oxidation[M];	1924.84875	5 4 2 0 0	(N(N(H(H(N(H(A))))(H(N(H(A)))))))	754	0 1 0 0 0;0 2 0 0 0;1 2 0 0 0;2 2 0 0 0;2 3 0 0 0;3 2 0 0 0;3 3 0 0 0;3 3 1 0 0;3 4 0 0 0;4 3 0 0 0;4 3 1 0 0;4 4 0 0 0;4 4 1 0 0;5 4 0 0 0;5 4 1 0 0;	2204.77244	18	33.15323	33.46646	32.57152	7	0.00565	1.36791	0.58824	0.52778	0.00000	0	0	32.57152	13.19370	34.47260	9.48389701503068e-24	0.0	9.48389701503068e-24	sp|P02675|FIBB_HUMAN	394
2020111CXY-7.15595.15595.3.0.dta	2020111CXY-7.15595.15595.3.0.dta	2020111CXY-7	15595	4171.64402	3839.53844	1280.51767	3	1	GTAGNALMDGASQLMGEJR	15,Oxidation[M];	1908.85384	6 4 0 1 0	(N(N(H(H(H))(H(N(H))(N(H)(F))))))	399	0 1 0 0 0;0 2 0 0 0;1 2 0 0 0;2 2 0 0 0;2 3 0 0 0;2 3 0 1 0;2 4 0 0 0;2 4 0 1 0;3 2 0 0 0;3 3 0 0 0;3 3 0 1 0;3 4 0 0 0;3 4 0 1 0;4 2 0 0 0;4 3 0 0 0;4 3 0 1 0;4 4 0 0 0;4 4 0 1 0;5 3 0 0 0;5 3 0 1 0;5 4 0 0 0;5 4 0 1 0;6 4 0 0 0;	1930.69234	18	10.31110	9.35629	12.08432	6	-0.00773	-2.01436	0.32000	0.22222	0.00000	0	0	12.08432	7.86764	11.09786	9.463578654750134e-10	0.004966887417218543	0.004966887417218543	sp|P02675|FIBB_HUMAN	394
2020111CXY-7.9605.9605.2.0.dta	2020111CXY-7.9605.9605.2.0.dta	2020111CXY-7	9605	2555.08700	2967.19165	1484.09946	2	1	EEQFJSTFR		1157.52218	4 5 0 1 0	(N(F)(N(H(N)(H(N(H))(N(H))))))	291	0 1 0 0 0;0 1 0 1 0;0 2 0 0 0;0 2 0 1 0;1 2 0 0 0;1 2 0 1 0;1 3 0 0 0;1 3 0 1 0;2 2 0 0 0;2 2 0 1 0;2 3 0 0 0;2 3 0 1 0;2 4 0 0 0;2 4 0 1 0;2 5 0 0 0;2 5 0 1 0;3 3 0 0 0;3 3 0 1 0;3 4 0 0 0;3 4 0 1 0;3 5 0 0 0;3 5 0 1 0;4 4 0 0 0;4 4 0 1 0;4 5 0 0 0;	1809.66607	5	33.85172	29.30923	42.28779	8	0.00341	1.14759	0.48148	0.87500	0.00000	0	0	42.28779	12.20051	35.07177	2.723816701052269e-30	0.0	2.723816701052269e-30	sp|P01859|IGHG2_HUMAN	176
2020111CXY-7.7702.7702.3.0.dta	2020111CXY-7.7702.7702.3.0.dta	2020111CXY-7	7702	2044.26075	2884.12029	962.04495	3	1	EEQYJSTYR		1189.51199	4 3 1 1 0	(N(N(H(H)(H(N(F)(H(A)))))))	199	0 1 0 0 0;0 2 0 0 0;1 2 0 0 0;2 2 0 0 0;2 3 0 0 0;2 3 0 1 0;3 2 0 0 0;3 3 0 0 0;3 3 0 1 0;3 3 1 0 0;3 3 1 1 0;4 3 0 0 0;4 3 0 1 0;4 3 1 0 0;	1694.60274	5	15.16018	9.57385	25.53478	7	0.00556	1.92768	0.50000	0.56250	0.00000	0	0	25.53478	7.77986	15.93817	7.862176020114988e-19	0.005742411812961444	0.005742411812961444	sp|P01857|IGHG1_HUMAN	180
2020111CXY-7.16817.16817.4.0.dta	2020111CXY-7.16817.16817.4.0.dta	2020111CXY-7	16817	4502.72054	4958.20485	1240.30667	4	1	MVSHHJLTTGATLINEQWLLTTAK		2679.39230	6 5 1 0 0	(N(N(H(H(N(H(A))))(H(N(H))(N(H))))))	859	0 1 0 0 0;0 2 0 0 0;1 2 0 0 0;2 2 0 0 0;2 3 0 0 0;2 4 0 0 0;3 2 0 0 0;3 3 0 0 0;3 3 1 0 0;3 4 0 0 0;3 5 0 0 0;4 3 0 0 0;4 3 1 0 0;4 4 0 0 0;4 4 1 0 0;4 5 0 0 0;4 5 1 0 0;5 4 0 0 0;5 4 1 0 0;5 5 0 0 0;5 5 1 0 0;6 5 0 0 0;	2278.80922	6	26.51328	38.41401	4.41193	4	0.00333	0.67212	0.20833	0.58696	0.00000	0	0	4.41193	15.66347	28.07963	7.936838156759255e-05	0.0	7.936838156759255e-05	sp|P00739|HPTR_HUMAN/sp|P00738|HPT_HUMAN	126/184
2020111CXY-7.18868.18868.3.1.dta	2020111CXY-7.18868.18868.3.1.dta	2020111CXY-7	18868	5054.54000	3698.55345	1233.52267	3	1	CGLVPVLAENYJK	1,Carbamidomethyl[C];	1476.75152	6 4 1 1 0	(N(N(H(H(N(H(H))))(H(N(F)(H(A)))))))	783	0 1 0 0 0;0 2 0 0 0;1 2 0 0 0;2 2 0 0 0;2 3 0 0 0;2 3 0 1 0;3 2 0 0 0;3 3 0 0 0;3 3 0 1 0;3 3 1 0 0;3 3 1 1 0;3 4 0 0 0;3 4 0 1 0;4 3 0 0 0;4 3 0 1 0;4 3 1 0 0;4 3 1 1 0;4 4 0 0 0;4 4 0 1 0;4 4 1 0 0;4 4 1 1 0;5 3 0 0 0;5 4 0 0 0;5 4 0 1 0;5 4 1 0 0;5 4 1 1 0;6 4 0 0 0;6 4 0 1 0;6 4 1 0 0;	2221.78776	12	46.23316	62.43520	16.14366	6	0.01417	3.83184	0.29032	0.83333	0.00000	0	0	16.14366	20.47891	48.28105	1.202205474489067e-12	0.0	1.202205474489067e-12	sp|P02787|TRFE_HUMAN	432
2020111CXY-7.7433.7433.2.0.dta	2020111CXY-7.7433.7433.2.0.dta	2020111CXY-7	7433	1972.16703	2211.89430	1106.45079	2	1	EEQFJSTYR		1173.51708	3 2 0 1 0	(N(F)(N(H(H)(H))))	14	0 1 0 0 0;0 1 0 1 0;0 2 0 0 0;0 2 0 1 0;1 2 0 0 0;1 2 0 1 0;2 2 0 0 0;2 2 0 1 0;3 2 0 0 0;	1038.37512	5	9.74652	8.60788	11.86112	6	0.00210	0.94767	0.54545	0.56250	0.00000	0	0	11.86112	7.93143	10.53966	1.3603370786399932e-09	0.003352891869237217	0.003352891869237217	sp|P01861|IGHG4_HUMAN	177
2020111CXY-7.17738.17738.3.0.dta	2020111CXY-7.17738.17738.3.0.dta	2020111CXY-7	17738	4751.01018	3390.43211	1130.81555	3	1	CGLVPVLAENYJK	1,Carbamidomethyl[C];	1476.75152	5 4 1 0 0	(N(N(H(H(N(H)))(H(N(H(A)))))))	380	0 1 0 0 0;0 2 0 0 0;1 2 0 0 0;2 2 0 0 0;2 3 0 0 0;3 2 0 0 0;3 3 0 0 0;3 3 1 0 0;3 4 0 0 0;4 3 0 0 0;4 3 1 0 0;4 4 0 0 0;4 4 1 0 0;5 4 0 0 0;	1913.67702	12	30.66430	35.99661	20.76144	7	0.00357	1.05252	0.50000	0.75000	0.00000	0	0	20.76144	14.23543	32.08784	8.124500463106736e-16	0.0	8.124500463106736e-16	sp|P02787|TRFE_HUMAN	432
2020111CXY-7.19333.19333.3.0.dta	2020111CXY-7.19333.19333.3.0.dta	2020111CXY-7	19333	5179.35800	4776.89743	1592.97066	3	1	QDQCIYJTTYLNVQR	4,Carbamidomethyl[C];	1915.89667	6 5 3 0 0	(N(N(H(H(N(H(A))))(H(N(H(A)))(N(H(A)))))))	1823	0 1 0 0 0;0 2 0 0 0;1 2 0 0 0;2 2 0 0 0;2 3 0 0 0;2 4 0 0 0;3 2 0 0 0;3 3 0 0 0;3 3 1 0 0;3 4 0 0 0;3 4 1 0 0;3 5 0 0 0;4 3 0 0 0;4 3 1 0 0;4 4 0 0 0;4 4 1 0 0;4 4 2 0 0;4 5 0 0 0;4 5 1 0 0;5 4 0 0 0;5 4 1 0 0;5 4 2 0 0;5 5 0 0 0;5 5 1 0 0;5 5 2 0 0;6 5 0 0 0;6 5 1 0 0;6 5 2 0 0;	2861.00005	7	36.04993	47.03388	15.65116	6	0.00070	0.14727	0.33333	0.78571	0.00000	0	0	15.65116	18.40866	37.89080	3.1119340728704817e-12	0.0	3.1119340728704817e-12	sp|P02763|A1AG1_HUMAN	93
2020111CXY-7.9537.9537.2.0.dta	2020111CXY-7.9537.9537.2.0.dta	2020111CXY-7	9537	2536.73043	2602.05899	1301.53313	2	1	EEQFJSTFR		1157.52218	3 4 0 1 0	(N(N(H(H(N))(H(N(F))))))	89	0 1 0 0 0;0 2 0 0 0;1 2 0 0 0;2 2 0 0 0;2 3 0 0 0;2 3 0 1 0;3 2 0 0 0;3 3 0 0 0;3 3 0 1 0;3 4 0 0 0;	1444.53387	5	67.50760	78.99258	46.17835	7	0.00294	1.12952	0.75000	1.25000	0.00000	0	0	46.17835	23.03522	69.81112	5.6310347331811146e-33	0.0	5.6310347331811146e-33	sp|P01859|IGHG2_HUMAN	176
2020111CXY-7.10678.10678.3.0.dta	2020111CXY-7.10678.10678.3.0.dta	2020111CXY-7	10678	2844.85264	3247.30349	1083.10601	3	1	GGSSGWSGGLAQJR		1333.62435	5 4 1 0 0	(N(N(H(H(N(H)))(H(N(H(A)))))))	380	0 1 0 0 0;0 2 0 0 0;1 2 0 0 0;2 2 0 0 0;2 3 0 0 0;3 2 0 0 0;3 3 0 0 0;3 3 1 0 0;3 4 0 0 0;4 3 0 0 0;4 3 1 0 0;4 4 0 0 0;4 4 1 0 0;5 4 0 0 0;	1913.67702	13	30.08815	23.04515	43.16799	7	0.00211	0.65023	0.62500	0.46154	0.00000	0	0	43.16799	11.31859	31.22001	8.358776208551817e-31	0.0	8.358776208551817e-31	sp|P07357|CO8A_HUMAN	437
2020111CXY-7.11826.11826.3.0.dta	2020111CXY-7.11826.11826.3.0.dta	2020111CXY-7	11826	3154.03562	3176.23361	1059.41605	3	1	EEQFJSTFR		1157.52218	6 3 1 1 0	(N(F)(N(H(H(H)(H))(H(N(H(A)))))))	491	0 1 0 0 0;0 1 0 1 0;0 2 0 0 0;0 2 0 1 0;1 2 0 0 0;1 2 0 1 0;2 2 0 0 0;2 2 0 1 0;2 3 0 0 0;2 3 0 1 0;3 2 0 0 0;3 2 0 1 0;3 3 0 0 0;3 3 0 1 0;3 3 1 0 0;3 3 1 1 0;4 2 0 0 0;4 2 0 1 0;4 3 0 0 0;4 3 0 1 0;4 3 1 0 0;4 3 1 1 0;5 2 0 0 0;5 2 0 1 0;5 3 0 0 0;5 3 0 1 0;5 3 1 0 0;5 3 1 1 0;6 3 0 0 0;6 3 0 1 0;6 3 1 0 0;	2018.70838	5	28.39521	23.35805	37.74995	9	0.00305	0.95988	0.39394	0.68750	0.00000	0	0	37.74995	11.05918	29.50113	2.9390795034825347e-27	0.0	2.9390795034825347e-27	sp|P01859|IGHG2_HUMAN	176
2020111CXY-7.11418.11418.3.0.dta	2020111CXY-7.11418.11418.3.0.dta	2020111CXY-7	11418	3044.03936	3243.35173	1081.78876	3	1	JQTSLLGEPPK		1183.63173	5 4 1 1 0	(N(F)(N(H(H(N(H)))(H(N(H(A)))))))	549	0 1 0 0 0;0 1 0 1 0;0 2 0 0 0;0 2 0 1 0;1 2 0 0 0;1 2 0 1 0;2 2 0 0 0;2 2 0 1 0;2 3 0 0 0;2 3 0 1 0;3 2 0 0 0;3 2 0 1 0;3 3 0 0 0;3 3 0 1 0;3 3 1 0 0;3 3 1 1 0;3 4 0 0 0;3 4 0 1 0;4 3 0 0 0;4 3 0 1 0;4 3 1 0 0;4 3 1 1 0;4 4 0 0 0;4 4 0 1 0;4 4 1 0 0;4 4 1 1 0;5 4 0 0 0;5 4 0 1 0;5 4 1 0 0;	2059.73493	1	9.31126	10.22431	7.61561	4	-0.01493	-4.60243	0.32258	0.50000	0.00000	0	0	7.61561	8.08361	10.11962	5.316721093647387e-07	0.003352891869237217	0.003352891869237217	sp|Q9HCJ3|RAVR2_HUMAN	565
2020111CXY-7.11418.11418.3.1.dta	2020111CXY-7.11418.11418.3.1.dta	2020111CXY-7	11418	3044.03936	3238.40121	1080.13859	3	1	TPLTAJITK		958.55677	6 5 0 2 0	(N(F)(N(H(H(N(H)))(H(N(H(N(H)(F))))))))	867	0 1 0 0 0;0 1 0 1 0;0 2 0 0 0;0 2 0 1 0;1 2 0 0 0;1 2 0 1 0;2 2 0 0 0;2 2 0 1 0;2 3 0 0 0;2 3 0 1 0;3 2 0 0 0;3 2 0 1 0;3 3 0 0 0;3 3 0 1 0;3 4 0 0 0;3 4 0 1 0;3 4 0 2 0;4 3 0 0 0;4 3 0 1 0;4 4 0 0 0;4 4 0 1 0;4 4 0 2 0;4 5 0 0 0;4 5 0 1 0;4 5 0 2 0;5 4 0 0 0;5 4 0 1 0;5 4 0 2 0;5 5 0 0 0;5 5 0 1 0;5 5 0 2 0;6 5 0 0 0;6 5 0 1 0;	2279.82962	6	68.06042	101.32477	6.28377	5	0.01481	4.57369	0.22857	1.31250	0.00000	0	0	6.28377	27.48208	70.80863	3.93814420374791e-06	0.0	3.93814420374791e-06	sp|P01877|IGHA2_HUMAN	205
2020111CXY-7.16094.16094.3.0.dta	2020111CXY-7.16094.16094.3.0.dta	2020111CXY-7	16094	4306.94487	4072.63332	1358.21596	3	1	AFGSNPJLTK		1048.54218	7 5 2 2 0	(N(N(H(N)(H(H)(H))(H(N(F)(H(A)))(N(F)(H(A)))))))	2079	0 1 0 0 0;0 2 0 0 0;1 2 0 0 0;1 3 0 0 0;2 2 0 0 0;2 3 0 0 0;2 3 0 1 0;2 4 0 0 0;2 4 0 1 0;2 4 0 2 0;2 5 0 0 0;2 5 0 1 0;2 5 0 2 0;3 2 0 0 0;3 3 0 0 0;3 3 0 1 0;3 3 1 0 0;3 3 1 1 0;3 4 0 0 0;3 4 0 1 0;3 4 0 2 0;3 4 1 0 0;3 4 1 1 0;3 4 1 2 0;3 5 0 0 0;3 5 0 1 0;3 5 0 2 0;3 5 1 0 0;3 5 1 1 0;3 5 1 2 0;4 2 0 0 0;4 3 0 0 0;4 3 0 1 0;4 3 1 0 0;4 3 1 1 0;4 4 0 0 0;4 4 0 1 0;4 4 0 2 0;4 4 1 0 0;4 4 1 1 0;4 4 1 2 0;4 4 2 0 0;4 4 2 1 0;4 4 2 2 0;4 5 0 0 0;4 5 0 1 0;4 5 0 2 0;4 5 1 0 0;4 5 1 1 0;4 5 1 2 0;4 5 2 0 0;4 5 2 1 0;4 5 2 2 0;5 2 0 0 0;5 3 0 0 0;5 3 0 1 0;5 3 1 0 0;5 3 1 1 0;5 4 0 0 0;5 4 0 1 0;5 4 0 2 0;5 4 1 0 0;5 4 1 1 0;5 4 1 2 0;5 4 2 0 0;5 4 2 1 0;5 4 2 2 0;5 5 0 0 0;5 5 0 1 0;5 5 0 2 0;5 5 1 0 0;5 5 1 1 0;5 5 1 2 0;5 5 2 0 0;5 5 2 1 0;5 5 2 2 0;6 3 0 0 0;6 3 0 1 0;6 3 1 0 0;6 3 1 1 0;6 4 0 0 0;6 4 0 1 0;6 4 0 2 0;6 4 1 0 0;6 4 1 1 0;6 4 1 2 0;6 4 2 0 0;6 4 2 1 0;6 4 2 2 0;6 5 0 0 0;6 5 0 1 0;6 5 0 2 0;6 5 1 0 0;6 5 1 1 0;6 5 1 2 0;6 5 2 0 0;6 5 2 1 0;6 5 2 2 0;7 4 0 0 0;7 4 0 1 0;7 4 0 2 0;7 4 1 0 0;7 4 1 1 0;7 4 1 2 0;7 4 2 0 0;7 4 2 1 0;7 4 2 2 0;7 5 0 0 0;7 5 0 1 0;7 5 0 2 0;7 5 1 0 0;7 5 1 1 0;7 5 1 2 0;7 5 2 0 0;7 5 2 1 0;	3024.07328	7	35.45483	47.78831	12.54981	6	0.01785	4.38388	0.11966	1.05556	0.00000	0	0	12.54981	14.12900	36.86773	4.5573004743177305e-10	0.0	4.5573004743177305e-10	sp|P22792|CPN2_HUMAN	74
2020111CXY-7.18499.18499.3.0.dta	2020111CXY-7.18499.18499.3.0.dta	2020111CXY-7	18499	4955.20194	3407.45477	1136.48977	3	1	CGLVPVLAENYJK	1,Carbamidomethyl[C];	1476.75152	6 4 0 1 0	(N(N(H(H(H))(H(N(H))(N(H)(F))))))	399	0 1 0 0 0;0 2 0 0 0;1 2 0 0 0;2 2 0 0 0;2 3 0 0 0;2 3 0 1 0;2 4 0 0 0;2 4 0 1 0;3 2 0 0 0;3 3 0 0 0;3 3 0 1 0;3 4 0 0 0;3 4 0 1 0;4 2 0 0 0;4 3 0 0 0;4 3 0 1 0;4 4 0 0 0;4 4 0 1 0;5 3 0 0 0;5 3 0 1 0;5 4 0 0 0;5 4 0 1 0;6 4 0 0 0;	1930.69234	12	19.18306	27.87068	3.04889	4	0.01091	3.20174	0.24000	0.62500	0.00000	0	0	3.04889	12.29913	20.41297	0.0007687128341852313	0.0	0.0007687128341852313	sp|P02787|TRFE_HUMAN	432
2020111CXY-7.15845.15845.3.0.dta	2020111CXY-7.15845.15845.3.0.dta	2020111CXY-7	15845	4239.33784	3633.63864	1211.88440	3	1	TVLTPATNHMGJVTFTIPANR		2255.16011	6 2 0 0 0	(N(N(H(H)(H(H)(H(H))))))	60	0 1 0 0 0;0 2 0 0 0;1 2 0 0 0;2 2 0 0 0;3 2 0 0 0;4 2 0 0 0;5 2 0 0 0;	1378.47569	12	28.15579	30.48534	23.82947	6	0.00284	0.78287	0.77778	0.55000	0.00000	0	0	23.82947	14.90932	29.64672	1.0973959214641495e-17	0.0	1.0973959214641495e-17	sp|P01024|CO3_HUMAN	85
2020111CXY-7.15845.15845.3.1.dta	2020111CXY-7.15845.15845.3.1.dta	2020111CXY-7	15845	4239.33784	3635.50844	1212.50766	3	1	ITYSIVQTJCSK	10,Carbamidomethyl[C];	1413.70423	6 4 1 1 0	(N(N(H(H(N(H(H))))(H(N(F)(H(A)))))))	783	0 1 0 0 0;0 2 0 0 0;1 2 0 0 0;2 2 0 0 0;2 3 0 0 0;2 3 0 1 0;3 2 0 0 0;3 3 0 0 0;3 3 0 1 0;3 3 1 0 0;3 3 1 1 0;3 4 0 0 0;3 4 0 1 0;4 3 0 0 0;4 3 0 1 0;4 3 1 0 0;4 3 1 1 0;4 4 0 0 0;4 4 0 1 0;4 4 1 0 0;4 4 1 1 0;5 3 0 0 0;5 4 0 0 0;5 4 0 1 0;5 4 1 0 0;5 4 1 1 0;6 4 0 0 0;6 4 0 1 0;6 4 1 0 0;	2221.78776	9	49.92037	69.74767	13.09825	6	0.01645	4.52406	0.25806	1.04545	0.00000	0	0	13.09825	20.98268	52.01864	1.9736195086083369e-10	0.0	1.9736195086083369e-10	sp|P01042|KNG1_HUMAN	205
2020111CXY-7.5302.5302.3.0.dta	2020111CXY-7.5302.5302.3.0.dta	2020111CXY-7	5302	1404.22109	3344.35727	1115.45727	3	1	YKJNSDISSTR		1284.61786	5 4 1 1 0	(N(F)(N(H(H(N(H)))(H(N(H(A)))))))	549	0 1 0 0 0;0 1 0 1 0;0 2 0 0 0;0 2 0 1 0;1 2 0 0 0;1 2 0 1 0;2 2 0 0 0;2 2 0 1 0;2 3 0 0 0;2 3 0 1 0;3 2 0 0 0;3 2 0 1 0;3 3 0 0 0;3 3 0 1 0;3 3 1 0 0;3 3 1 1 0;3 4 0 0 0;3 4 0 1 0;4 3 0 0 0;4 3 0 1 0;4 3 1 0 0;4 3 1 1 0;4 4 0 0 0;4 4 0 1 0;4 4 1 0 0;4 4 1 1 0;5 4 0 0 0;5 4 0 1 0;5 4 1 0 0;	2059.73493	3	58.02882	40.70675	90.19837	9	0.00448	1.33918	0.70968	1.00000	0.00000	0	0	90.19837	14.77913	59.50673	7.38866677646155e-63	0.0	7.38866677646155e-63	sp|P01871|IGHM_HUMAN	46
2020111CXY-7.8877.8877.3.0.dta	2020111CXY-7.8877.8877.3.0.dta	2020111CXY-7	8877	2360.17358	3674.38030	1225.46495	3	1	NEEYJK		796.34716	7 5 2 1 0	(N(N(H(N)(H(H)(H))(H(N(H(A)))(N(F)(H(A)))))))	1849	0 1 0 0 0;0 2 0 0 0;1 2 0 0 0;1 3 0 0 0;2 2 0 0 0;2 3 0 0 0;2 3 0 1 0;2 4 0 0 0;2 4 0 1 0;2 5 0 0 0;2 5 0 1 0;3 2 0 0 0;3 3 0 0 0;3 3 0 1 0;3 3 1 0 0;3 3 1 1 0;3 4 0 0 0;3 4 0 1 0;3 4 1 0 0;3 4 1 1 0;3 5 0 0 0;3 5 0 1 0;3 5 1 0 0;3 5 1 1 0;4 2 0 0 0;4 3 0 0 0;4 3 0 1 0;4 3 1 0 0;4 3 1 1 0;4 4 0 0 0;4 4 0 1 0;4 4 1 0 0;4 4 1 1 0;4 4 2 0 0;4 4 2 1 0;4 5 0 0 0;4 5 0 1 0;4 5 1 0 0;4 5 1 1 0;4 5 2 0 0;4 5 2 1 0;5 2 0 0 0;5 3 0 0 0;5 3 0 1 0;5 3 1 0 0;5 3 1 1 0;5 4 0 0 0;5 4 0 1 0;5 4 1 0 0;5 4 1 1 0;5 4 2 0 0;5 4 2 1 0;5 5 0 0 0;5 5 0 1 0;5 5 1 0 0;5 5 1 1 0;5 5 2 0 0;5 5 2 1 0;6 3 0 0 0;6 3 0 1 0;6 3 1 0 0;6 3 1 1 0;6 4 0 0 0;6 4 0 1 0;6 4 1 0 0;6 4 1 1 0;6 4 2 0 0;6 4 2 1 0;6 5 0 0 0;6 5 0 1 0;6 5 1 0 0;6 5 1 1 0;6 5 2 0 0;6 5 2 1 0;7 4 0 0 0;7 4 0 1 0;7 4 1 0 0;7 4 1 1 0;7 4 2 0 0;7 4 2 1 0;7 5 0 0 0;7 5 0 1 0;7 5 1 0 0;7 5 1 1 0;7 5 2 0 0;	2878.01537	5	33.43442	45.95913	10.17424	6	0.01777	4.83585	0.12644	1.20000	0.00000	0	0	10.17424	13.15993	34.75041	1.5416207142899518e-08	0.0	1.5416207142899518e-08	sp|P02763|A1AG1_HUMAN/sp|P19652|A1AG2_HUMAN	56/56
2020111CXY-7.19429.19429.3.0.dta	2020111CXY-7.19429.19429.3.0.dta	2020111CXY-7	19429	5205.47458	4292.69464	1431.56973	3	1	LNAENJATFYFK		1431.69030	6 5 3 0 0	(N(N(H(H(N(H(A))))(H(N(H(A)))(N(H(A)))))))	1823	0 1 0 0 0;0 2 0 0 0;1 2 0 0 0;2 2 0 0 0;2 3 0 0 0;2 4 0 0 0;3 2 0 0 0;3 3 0 0 0;3 3 1 0 0;3 4 0 0 0;3 4 1 0 0;3 5 0 0 0;4 3 0 0 0;4 3 1 0 0;4 4 0 0 0;4 4 1 0 0;4 4 2 0 0;4 5 0 0 0;4 5 1 0 0;5 4 0 0 0;5 4 1 0 0;5 4 2 0 0;5 5 0 0 0;5 5 1 0 0;5 5 2 0 0;6 5 0 0 0;6 5 1 0 0;6 5 2 0 0;	2861.00005	6	13.34868	16.65049	7.21676	5	0.00429	1.00042	0.23333	0.63636	0.00000	0	0	7.21676	9.65991	14.31467	1.0343561850955258e-06	0.0	1.0343561850955258e-06	sp|P01042|KNG1_HUMAN	294
2020111CXY-7.5625.5625.3.0.dta	2020111CXY-7.5625.5625.3.0.dta	2020111CXY-7	5625	1490.10491	3547.43673	1183.15043	3	1	YKJNSDISSTR		1284.61786	5 5 1 1 0	(N(F)(N(H(N)(H(N(H)))(H(N(H(A)))))))	824	0 1 0 0 0;0 1 0 1 0;0 2 0 0 0;0 2 0 1 0;1 2 0 0 0;1 2 0 1 0;1 3 0 0 0;1 3 0 1 0;2 2 0 0 0;2 2 0 1 0;2 3 0 0 0;2 3 0 1 0;2 4 0 0 0;2 4 0 1 0;3 2 0 0 0;3 2 0 1 0;3 3 0 0 0;3 3 0 1 0;3 3 1 0 0;3 3 1 1 0;3 4 0 0 0;3 4 0 1 0;3 4 1 0 0;3 4 1 1 0;3 5 0 0 0;3 5 0 1 0;4 3 0 0 0;4 3 0 1 0;4 3 1 0 0;4 3 1 1 0;4 4 0 0 0;4 4 0 1 0;4 4 1 0 0;4 4 1 1 0;4 5 0 0 0;4 5 0 1 0;4 5 1 0 0;4 5 1 1 0;5 4 0 0 0;5 4 0 1 0;5 4 1 0 0;5 4 1 1 0;5 5 0 0 0;5 5 0 1 0;5 5 1 0 0;	2262.81431	3	38.96255	35.20253	45.94544	7	0.00457	1.28858	0.46809	1.00000	0.00000	0	0	45.94544	14.10936	40.37349	1.04229723036322e-32	0.0	1.04229723036322e-32	sp|P01871|IGHM_HUMAN	46
2020111CXY-7.17999.17999.3.1.dta	2020111CXY-7.17999.17999.3.1.dta	2020111CXY-7	17999	4821.31171	4003.67130	1335.22862	3	1	VNQNLVYESGSLJFSK		1798.89699	5 4 2 0 0	(N(N(H(H(N(H(A))))(H(N(H(A)))))))	754	0 1 0 0 0;0 2 0 0 0;1 2 0 0 0;2 2 0 0 0;2 3 0 0 0;3 2 0 0 0;3 3 0 0 0;3 3 1 0 0;3 4 0 0 0;4 3 0 0 0;4 3 1 0 0;4 4 0 0 0;4 4 1 0 0;5 4 0 0 0;5 4 1 0 0;	2204.77244	13	35.36532	53.09339	2.44177	4	0.00187	0.46656	0.23529	0.73333	0.00000	0	0	2.44177	18.32029	37.19735	0.0015388658622943023	0.0	0.0015388658622943023	sp|P04114|APOB_HUMAN	2982
2020111CXY-7.17999.17999.3.0.dta	2020111CXY-7.17999.17999.3.0.dta	2020111CXY-7	17999	4821.31171	3999.78787	1333.93414	3	1	VVLHPJYSQVDIGLIK		1795.01124	5 4 2 0 0	(N(N(H(H(N(H(A))))(H(N(H(A)))))))	754	0 1 0 0 0;0 2 0 0 0;1 2 0 0 0;2 2 0 0 0;2 3 0 0 0;3 2 0 0 0;3 3 0 0 0;3 3 1 0 0;3 4 0 0 0;4 3 0 0 0;4 3 1 0 0;4 4 0 0 0;4 4 1 0 0;5 4 0 0 0;5 4 1 0 0;	2204.77244	6	54.75980	54.62999	55.00087	7	0.00420	1.04905	0.82353	0.76667	0.00000	0	0	55.00087	20.14512	56.77431	7.644102441589718e-39	0.0	7.644102441589718e-39	sp|P00738|HPT_HUMAN	241
2020111CXY-7.6727.6727.2.0.dta	2020111CXY-7.6727.6727.2.0.dta	2020111CXY-7	6727	1782.36250	3001.21680	1501.11204	2	1	GHVJITR		796.44241	5 4 2 0 0	(N(N(H(H(N(H(A))))(H(N(H(A)))))))	754	0 1 0 0 0;0 2 0 0 0;1 2 0 0 0;2 2 0 0 0;2 3 0 0 0;3 2 0 0 0;3 3 0 0 0;3 3 1 0 0;3 4 0 0 0;4 3 0 0 0;4 3 1 0 0;4 4 0 0 0;4 4 1 0 0;5 4 0 0 0;5 4 1 0 0;	2204.77244	4	39.15652	26.03805	63.51939	7	0.00195	0.64906	0.88235	0.91667	0.00000	0	0	63.51939	10.26300	40.18282	1.6070857480606826e-44	0.0	1.6070857480606826e-44	sp|P00734|THRB_HUMAN	121
2020111CXY-7.13123.13123.3.0.dta	2020111CXY-7.13123.13123.3.0.dta	2020111CXY-7	13123	3502.73377	3260.27542	1087.42999	3	1	DTFVJASR		909.44247	5 4 2 1 0	(N(F)(N(H(H(N(H(A))))(H(N(H(A)))))))	991	0 1 0 0 0;0 1 0 1 0;0 2 0 0 0;0 2 0 1 0;1 2 0 0 0;1 2 0 1 0;2 2 0 0 0;2 2 0 1 0;2 3 0 0 0;2 3 0 1 0;3 2 0 0 0;3 2 0 1 0;3 3 0 0 0;3 3 0 1 0;3 3 1 0 0;3 3 1 1 0;3 4 0 0 0;3 4 0 1 0;4 3 0 0 0;4 3 0 1 0;4 3 1 0 0;4 3 1 1 0;4 4 0 0 0;4 4 0 1 0;4 4 1 0 0;4 4 1 1 0;5 4 0 0 0;5 4 0 1 0;5 4 1 0 0;5 4 1 1 0;5 4 2 0 0;	2350.83035	5	32.21129	30.80283	34.82700	9	0.00260	0.79783	0.39394	0.85714	0.00000	0	0	34.82700	12.29849	33.44114	3.0544170933616237e-25	0.0	3.0544170933616237e-25	sp|P05155|IC1_HUMAN	238
2020111CXY-7.19132.19132.3.0.dta	2020111CXY-7.19132.19132.3.0.dta	2020111CXY-7	19132	5125.00272	3844.56736	1282.19397	3	1	AGLQAFFQVQECJK	12,Carbamidomethyl[C];	1639.78970	5 4 2 0 0	(N(N(H(H(N(H(A))))(H(N(H(A)))))))	754	0 1 0 0 0;0 2 0 0 0;1 2 0 0 0;2 2 0 0 0;2 3 0 0 0;3 2 0 0 0;3 3 0 0 0;3 3 1 0 0;3 4 0 0 0;4 3 0 0 0;4 3 1 0 0;4 4 0 0 0;4 4 1 0 0;5 4 0 0 0;5 4 1 0 0;	2204.77244	13	73.02250	106.13039	11.53641	5	0.00521	1.35593	0.41176	1.03846	0.00000	0	0	11.53641	29.70247	75.99275	1.9039275766267066e-09	0.0	1.9039275766267066e-09	sp|P00450|CERU_HUMAN	358
2020111CXY-7.18343.18343.3.0.dta	2020111CXY-7.18343.18343.3.0.dta	2020111CXY-7	18343	4912.90560	4036.77886	1346.26447	3	1	VDKDLQSLEDILHQVEJK		2123.09789	5 4 1 0 0	(N(N(H(H(N(H)))(H(N(H(A)))))))	380	0 1 0 0 0;0 2 0 0 0;1 2 0 0 0;2 2 0 0 0;2 3 0 0 0;3 2 0 0 0;3 3 0 0 0;3 3 1 0 0;3 4 0 0 0;4 3 0 0 0;4 3 1 0 0;4 4 0 0 0;4 4 1 0 0;5 4 0 0 0;	1913.67702	17	49.74908	65.51611	20.46746	5	0.00395	0.97813	0.62500	0.82353	0.00000	0	0	20.46746	22.44551	51.99363	1.3670356372198396e-15	0.0	1.3670356372198396e-15	sp|P02679|FIBG_HUMAN	78
2020111CXY-7.13367.13367.3.0.dta	2020111CXY-7.13367.13367.3.0.dta	2020111CXY-7	13367	3568.24873	3114.21832	1038.74429	3	1	DTFVJASR		909.44247	5 4 2 0 0	(N(N(H(H(N(H(A))))(H(N(H(A)))))))	754	0 1 0 0 0;0 2 0 0 0;1 2 0 0 0;2 2 0 0 0;2 3 0 0 0;3 2 0 0 0;3 3 0 0 0;3 3 1 0 0;3 4 0 0 0;4 3 0 0 0;4 3 1 0 0;4 4 0 0 0;4 4 1 0 0;5 4 0 0 0;5 4 1 0 0;	2204.77244	5	37.35862	37.87793	36.39420	7	0.00341	1.09497	0.58824	0.92857	0.00000	0	0	36.39420	13.78759	38.73738	3.6066401542018136e-26	0.0	3.6066401542018136e-26	sp|P05155|IC1_HUMAN	238
2020111CXY-7.2938.2938.4.0.dta	2020111CXY-7.2938.2938.4.0.dta	2020111CXY-7	2938	773.66160	3828.51342	957.88381	4	1	HSHNJJSSDLHPHK		1623.73709	5 4 2 0 0	(N(N(H(H(N(H(A))))(H(N(H(A)))))))	754	0 1 0 0 0;0 2 0 0 0;1 2 0 0 0;2 2 0 0 0;2 3 0 0 0;3 2 0 0 0;3 3 0 0 0;3 3 1 0 0;3 4 0 0 0;4 3 0 0 0;4 3 1 0 0;4 4 0 0 0;4 4 1 0 0;5 4 0 0 0;5 4 1 0 0;	2204.77244	5	62.31271	60.56695	65.55483	7	0.00390	1.01762	0.76471	0.88462	0.00000	0	0	65.55483	19.61291	64.27400	6.9770127769798675e-46	0.0	6.9770127769798675e-46	sp|P04196|HRG_HUMAN	344
2020111CXY-7.7721.7721.3.0.dta	2020111CXY-7.7721.7721.3.0.dta	2020111CXY-7	7721	2049.26125	3087.19791	1029.73749	3	1	EEQYJSTYR		1189.51199	4 4 1 1 0	(N(N(H(H(N(F)))(H(N(H(A)))))))	359	0 1 0 0 0;0 2 0 0 0;1 2 0 0 0;2 2 0 0 0;2 3 0 0 0;2 3 0 1 0;3 2 0 0 0;3 3 0 0 0;3 3 0 1 0;3 3 1 0 0;3 4 0 0 0;3 4 0 1 0;4 3 0 0 0;4 3 1 0 0;4 4 0 0 0;4 4 0 1 0;4 4 1 0 0;	1897.68211	5	51.67611	54.72675	46.01063	7	0.00381	1.23320	0.57895	1.00000	0.00000	0	0	46.01063	16.45689	53.32180	7.848723333575848e-33	0.0	7.848723333575848e-33	sp|P01857|IGHG1_HUMAN	180
2020111CXY-7.17347.17347.3.0.dta	2020111CXY-7.17347.17347.3.0.dta	2020111CXY-7	17347	4646.35879	3782.52375	1261.51277	3	1	LNAENJATFYFK		1431.69030	5 4 2 1 0	(N(N(H(H(N(H(A))))(H(N(F)(H(A)))))))	993	0 1 0 0 0;0 2 0 0 0;1 2 0 0 0;2 2 0 0 0;2 3 0 0 0;2 3 0 1 0;3 2 0 0 0;3 3 0 0 0;3 3 0 1 0;3 3 1 0 0;3 3 1 1 0;3 4 0 0 0;3 4 0 1 0;4 3 0 0 0;4 3 0 1 0;4 3 1 0 0;4 3 1 1 0;4 4 0 0 0;4 4 0 1 0;4 4 1 0 0;4 4 1 1 0;5 4 0 0 0;5 4 0 1 0;5 4 1 0 0;5 4 1 1 0;5 4 2 0 0;	2350.83035	6	54.36654	64.91418	34.77805	7	0.00310	0.82039	0.42857	1.00000	0.00000	0	0	34.77805	19.93898	56.36044	3.9593132324043444e-25	0.0	3.9593132324043444e-25	sp|P01042|KNG1_HUMAN	294
2020111CXY-7.13879.13879.3.0.dta	2020111CXY-7.13879.13879.3.0.dta	2020111CXY-7	13879	3706.91343	3954.50416	1318.83957	3	1	EDALJETR		947.44286	6 5 3 1 0	(N(N(H(H(N(F)(H(A))))(H(N(H(A)))(N(H(A)))))))	2060	0 1 0 0 0;0 2 0 0 0;1 2 0 0 0;2 2 0 0 0;2 3 0 0 0;2 3 0 1 0;2 4 0 0 0;3 2 0 0 0;3 3 0 0 0;3 3 0 1 0;3 3 1 0 0;3 3 1 1 0;3 4 0 0 0;3 4 0 1 0;3 4 1 0 0;3 5 0 0 0;3 5 0 1 0;4 3 0 0 0;4 3 0 1 0;4 3 1 0 0;4 3 1 1 0;4 4 0 0 0;4 4 0 1 0;4 4 1 0 0;4 4 1 1 0;4 4 2 0 0;4 5 0 0 0;4 5 0 1 0;4 5 1 0 0;4 5 1 1 0;5 4 0 0 0;5 4 0 1 0;5 4 1 0 0;5 4 1 1 0;5 4 2 0 0;5 4 2 1 0;5 5 0 0 0;5 5 0 1 0;5 5 1 0 0;5 5 1 1 0;5 5 2 0 0;5 5 2 1 0;6 5 0 0 0;6 5 0 1 0;6 5 1 0 0;6 5 1 1 0;6 5 2 0 0;6 5 2 1 0;6 5 3 0 0;	3007.05796	5	17.75666	18.94071	15.55770	7	0.00333	0.84326	0.19608	0.71429	0.00000	0	0	15.55770	9.24064	18.68072	3.5750077578371114e-12	0.0	3.5750077578371114e-12	sp|P10909|CLUS_HUMAN	86
2020111CXY-7.16740.16740.3.1.dta	2020111CXY-7.16740.16740.3.1.dta	2020111CXY-7	16740	4481.87473	3581.52262	1194.51239	3	1	STGKPTLYJVSLVMSDTAGTCY	21,Carbamidomethyl[C];	2365.10501	5 2 0 0 0	(N(N(H(H)(H(H)(H)))))	31	0 1 0 0 0;0 2 0 0 0;1 2 0 0 0;2 2 0 0 0;3 2 0 0 0;4 2 0 0 0;	1216.42286	9	17.78667	26.17629	2.20595	3	-0.00525	-1.46527	0.37500	0.30952	0.00000	0	0	2.20595	12.21912	19.00858	0.0019076496409333769	0.0	0.0019076496409333769	sp|P01871|IGHM_HUMAN/sp|P04220|MUCB_HUMAN	439/378
2020111CXY-7.9447.9447.2.0.dta	2020111CXY-7.9447.9447.2.0.dta	2020111CXY-7	9447	2512.82354	2398.97827	1199.99277	2	1	EEQFJSTFR		1157.52218	3 3 0 1 0	(N(F)(N(H(H)(H(N)))))	37	0 1 0 0 0;0 1 0 1 0;0 2 0 0 0;0 2 0 1 0;1 2 0 0 0;1 2 0 1 0;2 2 0 0 0;2 2 0 1 0;2 3 0 0 0;2 3 0 1 0;3 2 0 0 0;3 2 0 1 0;3 3 0 0 0;	1241.45450	5	53.81725	54.99246	51.63471	9	0.00160	0.66679	0.73333	1.06250	0.00000	0	0	51.63471	17.13421	55.53067	1.0680662096520968e-36	0.0	1.0680662096520968e-36	sp|P01859|IGHG2_HUMAN	176
2020111CXY-7.18060.18060.3.0.dta	2020111CXY-7.18060.18060.3.0.dta	2020111CXY-7	18060	4837.23913	4345.88040	1449.29832	3	1	VDKDLQSLEDILHQVEJK		2123.09789	6 4 0 3 0	(N(F)(N(H(H(N(H(F))))(H(N(H(H)(F)))))))	786	0 1 0 0 0;0 1 0 1 0;0 2 0 0 0;0 2 0 1 0;1 2 0 0 0;1 2 0 1 0;2 2 0 0 0;2 2 0 1 0;2 3 0 0 0;2 3 0 1 0;3 2 0 0 0;3 2 0 1 0;3 3 0 0 0;3 3 0 1 0;3 3 0 2 0;3 4 0 0 0;3 4 0 1 0;4 3 0 0 0;4 3 0 1 0;4 3 0 2 0;4 4 0 0 0;4 4 0 1 0;4 4 0 2 0;5 3 0 0 0;5 3 0 1 0;5 3 0 2 0;5 4 0 0 0;5 4 0 1 0;5 4 0 2 0;5 4 0 3 0;6 4 0 0 0;6 4 0 1 0;6 4 0 2 0;	2222.80816	17	10.09457	9.77224	10.69320	6	-0.02564	-5.90072	0.28571	0.32353	0.00000	0	0	10.69320	8.28672	10.92324	6.620320525579775e-09	0.0025996533795493936	0.0025996533795493936	sp|P02679|FIBG_HUMAN	78
2020111CXY-7.2998.2998.3.0.dta	2020111CXY-7.2998.2998.3.0.dta	2020111CXY-7	2998	789.69238	3090.14868	1030.72108	3	1	HJFSHCCSK	6,Carbamidomethyl[C];7,Carbamidomethyl[C];	1176.46732	5 4 1 0 0	(N(N(H(H(N(H)))(H(N(H(A)))))))	380	0 1 0 0 0;0 2 0 0 0;1 2 0 0 0;2 2 0 0 0;2 3 0 0 0;3 2 0 0 0;3 3 0 0 0;3 3 1 0 0;3 4 0 0 0;4 3 0 0 0;4 3 1 0 0;4 4 0 0 0;4 4 1 0 0;5 4 0 0 0;	1913.67702	2	24.00905	10.61138	48.89046	7	0.00433	1.40203	0.75000	0.62500	0.00000	0	0	48.89046	8.35087	24.84414	8.175666777664238e-35	0.0018165304268846503	0.0018165304268846503	sp|P43652|AFAM_HUMAN	109
2020111CXY-7.6612.6612.3.0.dta	2020111CXY-7.6612.6612.3.0.dta	2020111CXY-7	6612	1751.31042	3001.22214	1001.07890	3	1	GHVJITR		796.44241	5 4 2 0 0	(N(N(H(H(N(H(A))))(H(N(H(A)))))))	754	0 1 0 0 0;0 2 0 0 0;1 2 0 0 0;2 2 0 0 0;2 3 0 0 0;3 2 0 0 0;3 3 0 0 0;3 3 1 0 0;3 4 0 0 0;4 3 0 0 0;4 3 1 0 0;4 4 0 0 0;4 4 1 0 0;5 4 0 0 0;5 4 1 0 0;	2204.77244	4	45.24011	32.16008	69.53160	7	0.00728	2.42700	0.82353	0.75000	0.00000	0	0	69.53160	11.34469	46.37458	1.555604680716575e-48	0.0	1.555604680716575e-48	sp|P00734|THRB_HUMAN	121
2020111CXY-7.19177.19177.5.0.dta	2020111CXY-7.19177.19177.5.0.dta	2020111CXY-7	19177	5137.11559	5626.32755	1126.07133	5	1	FJLTETSEAEIHQSFQHLLR		2400.19425	7 6 3 0 0	(N(N(H(H(N(H))(N(H(A))))(H(N(H(A)))(N(H(A)))))))	2341	0 1 0 0 0;0 2 0 0 0;1 2 0 0 0;2 2 0 0 0;2 3 0 0 0;2 4 0 0 0;3 2 0 0 0;3 3 0 0 0;3 3 1 0 0;3 4 0 0 0;3 4 1 0 0;3 5 0 0 0;3 6 0 0 0;4 3 0 0 0;4 3 1 0 0;4 4 0 0 0;4 4 1 0 0;4 4 2 0 0;4 5 0 0 0;4 5 1 0 0;4 6 0 0 0;4 6 1 0 0;5 4 0 0 0;5 4 1 0 0;5 4 2 0 0;5 5 0 0 0;5 5 1 0 0;5 5 2 0 0;5 6 0 0 0;5 6 1 0 0;5 6 2 0 0;6 5 0 0 0;6 5 1 0 0;6 5 2 0 0;6 5 3 0 0;6 6 0 0 0;6 6 1 0 0;6 6 2 0 0;6 6 3 0 0;7 6 0 0 0;7 6 1 0 0;7 6 2 0 0;	3226.13225	2	10.25213	13.80687	3.65048	5	0.00105	0.18707	0.11364	0.44737	0.00000	0	0	3.65048	8.43955	11.09608	0.0003235336432404733	0.0009208103130755065	0.0010946203260963274	sp|P01011|AACT_HUMAN	106
2020111CXY-7.17915.17915.4.0.dta	2020111CXY-7.17915.17915.4.0.dta	2020111CXY-7	17915	4798.60190	4884.16942	1221.79781	4	1	MVSHHJLTTGATLINEQWLLTTAK		2679.39230	5 4 2 0 0	(N(N(H(H(N(H(A))))(H(N(H(A)))))))	754	0 1 0 0 0;0 2 0 0 0;1 2 0 0 0;2 2 0 0 0;2 3 0 0 0;3 2 0 0 0;3 3 0 0 0;3 3 1 0 0;3 4 0 0 0;4 3 0 0 0;4 3 1 0 0;4 4 0 0 0;4 4 1 0 0;5 4 0 0 0;5 4 1 0 0;	2204.77244	6	9.04045	13.26532	1.19427	3	0.00468	0.95737	0.17647	0.36957	0.00000	0	0	1.19427	8.24917	9.86537	0.006357113041108295	0.0025996533795493936	0.008447182545350327	sp|P00739|HPTR_HUMAN/sp|P00738|HPT_HUMAN	126/184
2020111CXY-7.6349.6349.3.0.dta	2020111CXY-7.6349.6349.3.0.dta	2020111CXY-7	6349	1681.08326	2999.17997	1000.39817	3	1	EEQYJSTYR		1189.51199	4 5 0 1 0	(N(F)(N(H(N)(H(N(H))(N(H))))))	291	0 1 0 0 0;0 1 0 1 0;0 2 0 0 0;0 2 0 1 0;1 2 0 0 0;1 2 0 1 0;1 3 0 0 0;1 3 0 1 0;2 2 0 0 0;2 2 0 1 0;2 3 0 0 0;2 3 0 1 0;2 4 0 0 0;2 4 0 1 0;2 5 0 0 0;2 5 0 1 0;3 3 0 0 0;3 3 0 1 0;3 4 0 0 0;3 4 0 1 0;3 5 0 0 0;3 5 0 1 0;4 4 0 0 0;4 4 0 1 0;4 5 0 0 0;	1809.66607	5	10.87275	9.60359	13.22976	7	0.00191	0.63755	0.25926	0.56250	0.00000	0	0	13.22976	7.78675	11.65143	1.4290094104747767e-10	0.005742411812961444	0.005742411812961444	sp|P01857|IGHG1_HUMAN	180
2020111CXY-7.16057.16057.3.0.dta	2020111CXY-7.16057.16057.3.0.dta	2020111CXY-7	16057	4296.75972	3839.55827	1280.52427	3	1	GTAGNALMDGASQLMGEJR	8,Oxidation[M];	1908.85384	6 4 0 1 0	(N(N(H(H(H))(H(N(H))(N(H)(F))))))	399	0 1 0 0 0;0 2 0 0 0;1 2 0 0 0;2 2 0 0 0;2 3 0 0 0;2 3 0 1 0;2 4 0 0 0;2 4 0 1 0;3 2 0 0 0;3 3 0 0 0;3 3 0 1 0;3 4 0 0 0;3 4 0 1 0;4 2 0 0 0;4 3 0 0 0;4 3 0 1 0;4 4 0 0 0;4 4 0 1 0;5 3 0 0 0;5 3 0 1 0;5 4 0 0 0;5 4 0 1 0;6 4 0 0 0;	1930.69234	18	14.01111	11.05740	19.49657	6	0.01210	3.15031	0.40000	0.25000	0.00000	0	0	19.49657	8.25305	14.83642	7.899648717577255e-15	0.0025996533795493936	0.0025996533795493936	sp|P02675|FIBB_HUMAN	394
2020111CXY-7.3994.3994.3.0.dta	2020111CXY-7.3994.3994.3.0.dta	2020111CXY-7	3994	1054.62180	2688.12729	896.71395	3	1	YKJNSDISSTR		1284.61786	4 3 0 1 0	(N(F)(N(H(H)(H(N(H))))))	77	0 1 0 0 0;0 1 0 1 0;0 2 0 0 0;0 2 0 1 0;1 2 0 0 0;1 2 0 1 0;2 2 0 0 0;2 2 0 1 0;2 3 0 0 0;2 3 0 1 0;3 2 0 0 0;3 2 0 1 0;3 3 0 0 0;3 3 0 1 0;4 3 0 0 0;	1403.50732	3	40.92815	34.74870	52.40427	9	0.00211	0.78388	0.70588	0.95000	0.00000	0	0	52.40427	13.85593	42.31374	3.6271548858077072e-37	0.0	3.6271548858077072e-37	sp|P01871|IGHM_HUMAN	46
2020111CXY-7.15658.15658.3.0.dta	2020111CXY-7.15658.15658.3.0.dta	2020111CXY-7	15658	4188.45312	3795.69316	1265.90257	3	1	TVLTPATNHMGJVTFTIPANR		2255.16011	3 4 0 0 1	(N(N(H(H(N(H))(N(pH))))))	3405	0 1 0 0 0;0 2 0 0 0;1 2 0 0 0;2 2 0 0 0;2 3 0 0 0;2 3 0 0 1;2 4 0 0 0;2 4 0 0 1;3 3 0 0 0;3 4 0 0 0;	1540.49511	12	75.93575	97.75709	35.41040	6	0.03793	9.99171	0.50000	0.82500	0.00000	0	0	35.41040	32.30457	79.16621	1.422981434915583e-25	0.0	1.422981434915583e-25	sp|P01024|CO3_HUMAN	85
2020111CXY-7.5256.5256.3.0.dta	2020111CXY-7.5256.5256.3.0.dta	2020111CXY-7	5256	1392.38522	2941.15921	981.05792	3	1	LSSJSTK		736.38356	5 4 2 0 0	(N(N(H(H(N(H(A))))(H(N(H(A)))))))	754	0 1 0 0 0;0 2 0 0 0;1 2 0 0 0;2 2 0 0 0;2 3 0 0 0;3 2 0 0 0;3 3 0 0 0;3 3 1 0 0;3 4 0 0 0;4 3 0 0 0;4 3 1 0 0;4 4 0 0 0;4 4 1 0 0;5 4 0 0 0;5 4 1 0 0;	2204.77244	4	38.73844	44.80923	27.46412	7	0.00322	1.09344	0.52941	1.25000	0.00000	0	0	27.46412	14.34124	40.17256	4.3517274356133073e-20	0.0	4.3517274356133073e-20	sp|P13671|CO6_HUMAN	855
2020111CXY-7.5898.5898.3.0.dta	2020111CXY-7.5898.5898.3.0.dta	2020111CXY-7	5898	1562.26361	2796.10097	932.70517	3	1	EEQYJSTYR		1189.51199	4 4 0 1 0	(N(N(H(H(N))(H(N(H(F)))))))	161	0 1 0 0 0;0 2 0 0 0;1 2 0 0 0;2 2 0 0 0;2 3 0 0 0;3 2 0 0 0;3 3 0 0 0;3 3 0 1 0;3 4 0 0 0;4 3 0 0 0;4 3 0 1 0;4 4 0 0 0;	1606.58669	5	70.85713	84.66044	45.22242	7	0.00228	0.81708	0.71429	1.25000	0.00000	0	0	45.22242	23.97303	73.25443	3.07995533695007e-32	0.0	3.07995533695007e-32	sp|P01857|IGHG1_HUMAN	180
2020111CXY-7.14293.14293.3.0.dta	2020111CXY-7.14293.14293.3.0.dta	2020111CXY-7	14293	3818.98873	3534.44680	1178.82045	3	1	JQTSLLGEPPK		1183.63173	5 4 2 1 0	(N(F)(N(H(H(N(H(A))))(H(N(H(A)))))))	991	0 1 0 0 0;0 1 0 1 0;0 2 0 0 0;0 2 0 1 0;1 2 0 0 0;1 2 0 1 0;2 2 0 0 0;2 2 0 1 0;2 3 0 0 0;2 3 0 1 0;3 2 0 0 0;3 2 0 1 0;3 3 0 0 0;3 3 0 1 0;3 3 1 0 0;3 3 1 1 0;3 4 0 0 0;3 4 0 1 0;4 3 0 0 0;4 3 0 1 0;4 3 1 0 0;4 3 1 1 0;4 4 0 0 0;4 4 0 1 0;4 4 1 0 0;4 4 1 1 0;5 4 0 0 0;5 4 0 1 0;5 4 1 0 0;5 4 1 1 0;5 4 2 0 0;	2350.83035	1	6.88507	9.00776	2.94295	2	-0.01527	-4.32142	0.33333	0.50000	0.00000	0	0	2.94295	7.84640	7.66971	0.0008852101391392122	0.004966887417218543	0.004966887417218543	sp|Q9HCJ3|RAVR2_HUMAN	565
2020111CXY-7.14293.14293.3.1.dta	2020111CXY-7.14293.14293.3.1.dta	2020111CXY-7	14293	3818.98873	3529.49437	1177.16964	3	1	TPLTAJITK		958.55677	6 5 1 2 0	(N(F)(N(H(H(N(H)(F)))(H(N(H(N(H(A)))))))))	1344	0 1 0 0 0;0 1 0 1 0;0 2 0 0 0;0 2 0 1 0;1 2 0 0 0;1 2 0 1 0;2 2 0 0 0;2 2 0 1 0;2 3 0 0 0;2 3 0 1 0;2 3 0 2 0;3 2 0 0 0;3 2 0 1 0;3 3 0 0 0;3 3 0 1 0;3 3 0 2 0;3 4 0 0 0;3 4 0 1 0;3 4 0 2 0;4 3 0 0 0;4 3 0 1 0;4 3 0 2 0;4 4 0 0 0;4 4 0 1 0;4 4 0 2 0;4 4 1 0 0;4 4 1 1 0;4 5 0 0 0;4 5 0 1 0;4 5 0 2 0;5 4 0 0 0;5 4 0 1 0;5 4 0 2 0;5 4 1 0 0;5 4 1 1 0;5 5 0 0 0;5 5 0 1 0;5 5 0 2 0;5 5 1 0 0;5 5 1 1 0;5 5 1 2 0;6 5 0 0 0;6 5 0 1 0;6 5 0 2 0;6 5 1 0 0;6 5 1 1 0;	2570.92504	6	57.47314	80.06990	15.50772	6	0.01256	3.55856	0.27083	1.31250	0.00000	0	0	15.50772	22.57935	59.73107	3.9676625490229025e-12	0.0	3.9676625490229025e-12	sp|P01877|IGHA2_HUMAN	205
2020111CXY-7.5247.5247.3.0.dta	2020111CXY-7.5247.5247.3.0.dta	2020111CXY-7	5247	1390.00821	4492.75348	1498.25601	3	1	LSSJSTK		736.38356	11 9 0 1 0	(N(F)(N(H(N)(H(N(H(H)))(N(H(N(H)))))(H(N(H(H)))(N(H(N(H))))))))	2850	0 1 0 0 0;0 1 0 1 0;0 2 0 0 0;0 2 0 1 0;1 2 0 0 0;1 2 0 1 0;1 3 0 0 0;1 3 0 1 0;2 2 0 0 0;2 2 0 1 0;2 3 0 0 0;2 3 0 1 0;2 4 0 0 0;2 4 0 1 0;2 5 0 0 0;2 5 0 1 0;3 2 0 0 0;3 2 0 1 0;3 3 0 0 0;3 3 0 1 0;3 4 0 0 0;3 4 0 1 0;3 5 0 0 0;3 5 0 1 0;3 6 0 0 0;3 6 0 1 0;3 7 0 0 0;3 7 0 1 0;4 3 0 0 0;4 3 0 1 0;4 4 0 0 0;4 4 0 1 0;4 5 0 0 0;4 5 0 1 0;4 6 0 0 0;4 6 0 1 0;4 7 0 0 0;4 7 0 1 0;4 8 0 0 0;4 8 0 1 0;5 3 0 0 0;5 3 0 1 0;5 4 0 0 0;5 4 0 1 0;5 5 0 0 0;5 5 0 1 0;5 6 0 0 0;5 6 0 1 0;5 7 0 0 0;5 7 0 1 0;5 8 0 0 0;5 8 0 1 0;5 9 0 0 0;5 9 0 1 0;6 4 0 0 0;6 4 0 1 0;6 5 0 0 0;6 5 0 1 0;6 6 0 0 0;6 6 0 1 0;6 7 0 0 0;6 7 0 1 0;6 8 0 0 0;6 8 0 1 0;6 9 0 0 0;6 9 0 1 0;7 4 0 0 0;7 4 0 1 0;7 5 0 0 0;7 5 0 1 0;7 6 0 0 0;7 6 0 1 0;7 7 0 0 0;7 7 0 1 0;7 8 0 0 0;7 8 0 1 0;7 9 0 0 0;7 9 0 1 0;8 5 0 0 0;8 5 0 1 0;8 6 0 0 0;8 6 0 1 0;8 7 0 0 0;8 7 0 1 0;8 8 0 0 0;8 8 0 1 0;8 9 0 0 0;8 9 0 1 0;9 6 0 0 0;9 6 0 1 0;9 7 0 0 0;9 7 0 1 0;9 8 0 0 0;9 8 0 1 0;9 9 0 0 0;9 9 0 1 0;10 7 0 0 0;10 7 0 1 0;10 8 0 0 0;10 8 0 1 0;10 9 0 0 0;10 9 0 1 0;11 8 0 0 0;11 8 0 1 0;11 9 0 0 0;	3756.35332	4	29.75273	41.71481	7.53746	7	0.01660	3.69572	0.09346	1.25000	0.00000	0	0	7.53746	13.47546	31.10028	5.883134253239269e-07	0.0	5.883134253239269e-07	sp|P13671|CO6_HUMAN	855
2020111CXY-7.9726.9726.2.0.dta	2020111CXY-7.9726.9726.2.0.dta	2020111CXY-7	9726	2587.69293	2764.11230	1382.55979	2	1	EEQFJSTFR		1157.52218	4 4 0 1 0	(N(F)(N(H(H(N))(H(N(H))))))	158	0 1 0 0 0;0 1 0 1 0;0 2 0 0 0;0 2 0 1 0;1 2 0 0 0;1 2 0 1 0;2 2 0 0 0;2 2 0 1 0;2 3 0 0 0;2 3 0 1 0;3 2 0 0 0;3 2 0 1 0;3 3 0 0 0;3 3 0 1 0;3 4 0 0 0;3 4 0 1 0;4 3 0 0 0;4 3 0 1 0;4 4 0 0 0;	1606.58669	5	24.78145	19.29558	34.96950	9	0.00343	1.24005	0.47619	0.68750	0.00000	0	0	34.96950	10.10918	25.79237	2.424848086308215e-25	0.0	2.424848086308215e-25	sp|P01859|IGHG2_HUMAN	176
2020111CXY-7.15534.15534.3.0.dta	2020111CXY-7.15534.15534.3.0.dta	2020111CXY-7	15534	4155.24052	3649.63488	1217.21648	3	1	TVLTPATNHMGJVTFTIPANR	10,Oxidation[M];	2271.15503	6 2 0 0 0	(N(N(H(H)(H(H)(H(H))))))	60	0 1 0 0 0;0 2 0 0 0;1 2 0 0 0;2 2 0 0 0;3 2 0 0 0;4 2 0 0 0;5 2 0 0 0;	1378.47569	12	17.42050	19.97958	12.66791	5	0.00417	1.14166	0.55556	0.45000	0.00000	0	0	12.66791	12.25139	18.64564	3.909781630258878e-10	0.0	3.909781630258878e-10	sp|P01024|CO3_HUMAN	85
2020111CXY-7.12184.12184.3.0.dta	2020111CXY-7.12184.12184.3.0.dta	2020111CXY-7	12184	3250.36186	3794.51179	1265.50878	3	1	LQNNENJISCVER	10,Carbamidomethyl[C];	1589.73364	5 4 2 0 0	(N(N(H(H(N(H(A))))(H(N(H(A)))))))	754	0 1 0 0 0;0 2 0 0 0;1 2 0 0 0;2 2 0 0 0;2 3 0 0 0;3 2 0 0 0;3 3 0 0 0;3 3 1 0 0;3 4 0 0 0;4 3 0 0 0;4 3 1 0 0;4 4 0 0 0;4 4 1 0 0;5 4 0 0 0;5 4 1 0 0;	2204.77244	7	64.24972	80.05678	34.89375	7	0.00570	1.50269	0.58824	1.12500	0.00000	0	0	34.89375	24.83607	66.73333	2.8794771530721415e-25	0.0	2.8794771530721415e-25	sp|Q03591|FHR1_HUMAN/sp|P36980|FHR2_HUMAN	126/126
2020111CXY-7.18658.18658.4.0.dta	2020111CXY-7.18658.18658.4.0.dta	2020111CXY-7	18658	4998.33820	4097.63334	1025.16379	4	1	GTAGNALMDGASQLMGEJR		1892.85892	5 4 2 0 0	(N(N(H(H(N(H(A))))(H(N(H(A)))))))	754	0 1 0 0 0;0 2 0 0 0;1 2 0 0 0;2 2 0 0 0;2 3 0 0 0;3 2 0 0 0;3 3 0 0 0;3 3 1 0 0;3 4 0 0 0;4 3 0 0 0;4 3 1 0 0;4 4 0 0 0;4 4 1 0 0;5 4 0 0 0;5 4 1 0 0;	2204.77244	18	69.36667	85.79567	38.85566	7	0.00198	0.48344	0.58824	0.77778	0.00000	0	0	38.85566	26.64909	72.03158	6.898687449238734e-28	0.0	6.898687449238734e-28	sp|P02675|FIBB_HUMAN	394
2020111CXY-7.9295.9295.2.0.dta	2020111CXY-7.9295.9295.2.0.dta	2020111CXY-7	9295	2472.55383	2926.16537	1463.58632	2	1	EEQFJSTFR		1157.52218	5 4 0 1 0	(N(F)(N(H(H(N(H)))(H(N(H))))))	267	0 1 0 0 0;0 1 0 1 0;0 2 0 0 0;0 2 0 1 0;1 2 0 0 0;1 2 0 1 0;2 2 0 0 0;2 2 0 1 0;2 3 0 0 0;2 3 0 1 0;3 2 0 0 0;3 2 0 1 0;3 3 0 0 0;3 3 0 1 0;3 4 0 0 0;3 4 0 1 0;4 3 0 0 0;4 3 0 1 0;4 4 0 0 0;4 4 0 1 0;5 4 0 0 0;	1768.63952	5	50.09926	42.63343	63.96438	9	0.00367	1.25564	0.69565	0.81250	0.00000	0	0	63.96438	14.63534	51.56279	6.152399916858271e-45	0.0	6.152399916858271e-45	sp|P01859|IGHG2_HUMAN	176
2020111CXY-7.5029.5029.2.0.dta	2020111CXY-7.5029.5029.2.0.dta	2020111CXY-7	5029	1331.79271	2979.22316	1490.11522	2	1	YKJNSDISSTR		1284.61786	4 3 1 1 0	(N(F)(N(H(H)(H(N(H(A)))))))	198	0 1 0 0 0;0 1 0 1 0;0 2 0 0 0;0 2 0 1 0;1 2 0 0 0;1 2 0 1 0;2 2 0 0 0;2 2 0 1 0;2 3 0 0 0;2 3 0 1 0;3 2 0 0 0;3 2 0 1 0;3 3 0 0 0;3 3 0 1 0;3 3 1 0 0;3 3 1 1 0;4 3 0 0 0;4 3 0 1 0;4 3 1 0 0;	1694.60274	3	73.09367	62.09962	93.51119	9	0.00256	0.86017	0.90476	1.10000	0.00000	0	0	93.51119	19.94009	75.08768	1.00193120478901e-64	0.0	1.00193120478901e-64	sp|P01871|IGHM_HUMAN	46
2020111CXY-7.12345.12345.3.0.dta	2020111CXY-7.12345.12345.3.0.dta	2020111CXY-7	12345	3293.83404	3424.38704	1142.13387	3	1	EVFVHPJYSK		1219.61059	5 4 2 0 0	(N(N(H(H(N(H(A))))(H(N(H(A)))))))	754	0 1 0 0 0;0 2 0 0 0;1 2 0 0 0;2 2 0 0 0;2 3 0 0 0;3 2 0 0 0;3 3 0 0 0;3 3 1 0 0;3 4 0 0 0;4 3 0 0 0;4 3 1 0 0;4 4 0 0 0;4 4 1 0 0;5 4 0 0 0;5 4 1 0 0;	2204.77244	7	54.87191	60.16843	45.03550	7	0.00401	1.17188	0.70588	1.05556	0.00000	0	0	45.03550	18.67320	56.73923	4.3115476213145225e-32	0.0	4.3115476213145225e-32	sp|P04070|PROC_HUMAN	290
2020111CXY-7.17166.17166.3.0.dta	2020111CXY-7.17166.17166.3.0.dta	2020111CXY-7	17166	4597.57123	4428.80615	1476.94023	3	1	QQQHLFGSJVTDCSGJFCLFR	13,Carbamidomethyl[C];18,Carbamidomethyl[C];	2515.12414	5 4 1 0 0	(N(N(H(H(N(H)))(H(N(H(A)))))))	380	0 1 0 0 0;0 2 0 0 0;1 2 0 0 0;2 2 0 0 0;2 3 0 0 0;3 2 0 0 0;3 3 0 0 0;3 3 1 0 0;3 4 0 0 0;4 3 0 0 0;4 3 1 0 0;4 4 0 0 0;4 4 1 0 0;5 4 0 0 0;	1913.67702	9	50.35724	64.59209	23.92108	7	0.00498	1.12525	0.50000	0.77500	0.00000	0	0	23.92108	24.18252	52.77549	8.07268951983068e-18	0.0	8.07268951983068e-18	sp|P02787|TRFE_HUMAN	630
2020111CXY-7.8024.8024.3.0.dta	2020111CXY-7.8024.8024.3.0.dta	2020111CXY-7	8024	2130.86081	2726.05262	909.35573	3	1	CJYSIR	1,Carbamidomethyl[C];	812.37194	5 4 1 0 0	(N(N(H(H(N(H)))(H(N(H(A)))))))	380	0 1 0 0 0;0 2 0 0 0;1 2 0 0 0;2 2 0 0 0;2 3 0 0 0;3 2 0 0 0;3 3 0 0 0;3 3 1 0 0;3 4 0 0 0;4 3 0 0 0;4 3 1 0 0;4 4 0 0 0;4 4 1 0 0;5 4 0 0 0;	1913.67702	2	26.05811	22.48967	32.68523	7	0.00366	1.34242	0.50000	1.00000	0.00000	0	0	32.68523	8.84400	26.94251	7.207895211655576e-24	0.0	7.207895211655576e-24	sp|P00736|C1R_HUMAN	221
2020111CXY-7.6641.6641.4.3.dta	2020111CXY-7.6641.6641.4.3.dta	2020111CXY-7	6641	1758.96719	3024.18993	756.80294	4	1	GHVJITR		796.44241	4 3 2 1 1	(N(N(H(H(pH))(H(N(F)(H(A(A))))))))	6256	0 1 0 0 0;0 2 0 0 0;1 2 0 0 0;2 2 0 0 0;2 2 0 0 1;2 3 0 0 0;2 3 0 1 0;3 2 0 0 0;3 2 0 0 1;3 3 0 0 0;3 3 0 0 1;3 3 0 1 0;3 3 0 1 1;3 3 1 0 0;3 3 1 1 0;3 3 2 0 0;3 3 2 1 0;4 3 0 0 0;4 3 0 0 1;4 3 0 1 0;4 3 0 1 1;4 3 1 0 0;4 3 1 0 1;4 3 1 1 0;4 3 1 1 1;4 3 2 0 0;4 3 2 0 1;4 3 2 1 0;	2227.71731	4	25.47867	28.14633	20.52442	7	0.03021	9.98902	0.23333	0.83333	0.00000	0	0	20.52442	10.08032	26.48670	1.2481191556597895e-15	0.0	1.2481191556597895e-15	sp|P00734|THRB_HUMAN	121
2020111CXY-7.17402.17402.3.0.dta	2020111CXY-7.17402.17402.3.0.dta	2020111CXY-7	17402	4661.13076	3152.15137	1051.38864	3	1	DFVJASSK		867.42067	4 4 2 0 1	(N(N(H(H(N(pH(A))))(H(N(H(A)))))))	6843	0 1 0 0 0;0 2 0 0 0;1 2 0 0 0;2 2 0 0 0;2 3 0 0 0;2 3 0 0 1;2 3 1 0 1;3 2 0 0 0;3 3 0 0 0;3 3 0 0 1;3 3 1 0 0;3 3 1 0 1;3 4 0 0 0;3 4 0 0 1;3 4 1 0 1;4 3 0 0 0;4 3 1 0 0;4 4 0 0 0;4 4 0 0 1;4 4 1 0 0;4 4 1 0 1;	2284.73877	4	24.39228	30.18277	13.63851	7	-0.00807	-2.56080	0.30435	1.00000	0.00000	0	0	13.63851	11.40059	25.53234	7.011089158744163e-11	0.0	7.011089158744163e-11	sp|P05546|HEP2_HUMAN	188
2020111CXY-7.17394.17394.3.0.dta	2020111CXY-7.17394.17394.3.0.dta	2020111CXY-7	17394	4658.85397	3396.45623	1132.82359	3	1	JLSMPLLPADFHK		1482.77735	5 4 1 0 0	(N(N(H(H(N(H)))(H(N(H(A)))))))	380	0 1 0 0 0;0 2 0 0 0;1 2 0 0 0;2 2 0 0 0;2 3 0 0 0;3 2 0 0 0;3 3 0 0 0;3 3 1 0 0;3 4 0 0 0;4 3 0 0 0;4 3 1 0 0;4 4 0 0 0;4 4 1 0 0;5 4 0 0 0;	1913.67702	1	54.26374	60.39215	42.88239	7	0.00186	0.54660	0.68750	1.00000	0.00000	0	0	42.88239	19.16512	56.18025	1.1008236171705736e-30	0.0	1.1008236171705736e-30	sp|P05546|HEP2_HUMAN	49
2020111CXY-7.15167.15167.3.2.dta	2020111CXY-7.15167.15167.3.2.dta	2020111CXY-7	15167	4055.85702	4097.61606	1366.54354	3	1	EHEGAIYPDJTTDFQR		1892.84094	5 4 2 0 0	(N(N(H(H(N(H(A))))(H(N(H(A)))))))	754	0 1 0 0 0;0 2 0 0 0;1 2 0 0 0;2 2 0 0 0;2 3 0 0 0;3 2 0 0 0;3 3 0 0 0;3 3 1 0 0;3 4 0 0 0;4 3 0 0 0;4 3 1 0 0;4 4 0 0 0;4 4 1 0 0;5 4 0 0 0;5 4 1 0 0;	2204.77244	10	18.02073	18.24258	17.60873	6	0.00268	0.65403	0.52941	0.43333	0.00000	0	0	17.60873	9.43255	18.96398	1.6011669893949336e-13	0.0	1.6011669893949336e-13	sp|P00450|CERU_HUMAN	138
2020111CXY-7.15089.15089.3.0.dta	2020111CXY-7.15089.15089.3.0.dta	2020111CXY-7	15089	4034.20138	3649.63456	1217.21637	3	1	TVLTPATNHMGJVTFTIPANR	10,Oxidation[M];	2271.15503	6 2 0 0 0	(N(N(H(H)(H(H)(H(H))))))	60	0 1 0 0 0;0 2 0 0 0;1 2 0 0 0;2 2 0 0 0;3 2 0 0 0;4 2 0 0 0;5 2 0 0 0;	1378.47569	12	40.09905	43.18412	34.36961	7	0.00385	1.05371	0.77778	0.62500	0.00000	0	0	34.36961	17.17313	41.81636	6.598896886105766e-25	0.0	6.598896886105766e-25	sp|P01024|CO3_HUMAN	85
2020111CXY-7.17750.17750.3.0.dta	2020111CXY-7.17750.17750.3.0.dta	2020111CXY-7	17750	4754.02826	4242.75340	1414.92265	3	1	TELFSSSCPGGIMLJETGQGYQR	8,Carbamidomethyl[C];	2532.14934	5 3 1 0 0	(N(N(H(H(H))(H(N(H(A)))))))	220	0 1 0 0 0;0 2 0 0 0;1 2 0 0 0;2 2 0 0 0;2 3 0 0 0;3 2 0 0 0;3 3 0 0 0;3 3 1 0 0;4 2 0 0 0;4 3 0 0 0;4 3 1 0 0;5 3 0 0 0;	1710.59765	15	34.81841	48.64768	9.13548	6	0.00640	1.50940	0.42857	0.68182	0.00000	0	0	9.13548	20.42658	36.86107	7.859049493581641e-08	0.0	7.859049493581641e-08	sp|O95445|APOM_HUMAN	135
2020111CXY-7.17956.17956.4.0.dta	2020111CXY-7.17956.17956.4.0.dta	2020111CXY-7	17956	4809.51525	5628.32284	1407.83617	4	1	HGIQYFNJNTQHSSLFMLNEVK		2621.25652	6 5 3 1 0	(N(N(H(H(N(F)(H(A))))(H(N(H(A)))(N(H(A)))))))	2060	0 1 0 0 0;0 2 0 0 0;1 2 0 0 0;2 2 0 0 0;2 3 0 0 0;2 3 0 1 0;2 4 0 0 0;3 2 0 0 0;3 3 0 0 0;3 3 0 1 0;3 3 1 0 0;3 3 1 1 0;3 4 0 0 0;3 4 0 1 0;3 4 1 0 0;3 5 0 0 0;3 5 0 1 0;4 3 0 0 0;4 3 0 1 0;4 3 1 0 0;4 3 1 1 0;4 4 0 0 0;4 4 0 1 0;4 4 1 0 0;4 4 1 1 0;4 4 2 0 0;4 5 0 0 0;4 5 0 1 0;4 5 1 0 0;4 5 1 1 0;5 4 0 0 0;5 4 0 1 0;5 4 1 0 0;5 4 1 1 0;5 4 2 0 0;5 4 2 1 0;5 5 0 0 0;5 5 0 1 0;5 5 1 0 0;5 5 1 1 0;5 5 2 0 0;5 5 2 1 0;6 5 0 0 0;6 5 0 1 0;6 5 1 0 0;6 5 1 1 0;6 5 2 0 0;6 5 2 1 0;6 5 3 0 0;	3007.05796	8	13.86739	15.54533	10.75121	6	0.00836	1.48457	0.17647	0.40476	0.00000	0	0	10.75121	10.61498	14.92889	6.0514916607945815e-09	0.0	6.0514916607945815e-09	sp|P01042|KNG1_HUMAN	169
2020111CXY-7.5670.5670.3.0.dta	2020111CXY-7.5670.5670.3.0.dta	2020111CXY-7	5670	1502.20774	2710.12053	904.04503	3	1	GHVJITR		796.44241	5 4 1 0 0	(N(N(H(H(N(H)))(H(N(H(A)))))))	380	0 1 0 0 0;0 2 0 0 0;1 2 0 0 0;2 2 0 0 0;2 3 0 0 0;3 2 0 0 0;3 3 0 0 0;3 3 1 0 0;3 4 0 0 0;4 3 0 0 0;4 3 1 0 0;4 4 0 0 0;4 4 1 0 0;5 4 0 0 0;	1913.67702	4	29.71341	25.75470	37.06530	6	0.00109	0.40238	0.62500	0.91667	0.00000	0	0	37.06530	9.82197	30.69561	1.0761610048422481e-26	0.0	1.0761610048422481e-26	sp|P00734|THRB_HUMAN	121
2020111CXY-7.18157.18157.4.0.dta	2020111CXY-7.18157.18157.4.0.dta	2020111CXY-7	18157	4863.06760	5231.09419	1308.52900	4	1	QQQHLFGSJVTDCSGJFCLFR	13,Carbamidomethyl[C];18,Carbamidomethyl[C];	2515.12414	6 5 2 1 0	(N(F)(N(H(H(N(H(A))))(H(N(H(N(H(A)))))))))	1584	0 1 0 0 0;0 1 0 1 0;0 2 0 0 0;0 2 0 1 0;1 2 0 0 0;1 2 0 1 0;2 2 0 0 0;2 2 0 1 0;2 3 0 0 0;2 3 0 1 0;3 2 0 0 0;3 2 0 1 0;3 3 0 0 0;3 3 0 1 0;3 3 1 0 0;3 3 1 1 0;3 4 0 0 0;3 4 0 1 0;4 3 0 0 0;4 3 0 1 0;4 3 1 0 0;4 3 1 1 0;4 4 0 0 0;4 4 0 1 0;4 4 1 0 0;4 4 1 1 0;4 5 0 0 0;4 5 0 1 0;5 4 0 0 0;5 4 0 1 0;5 4 1 0 0;5 4 1 1 0;5 5 0 0 0;5 5 0 1 0;5 5 1 0 0;5 5 1 1 0;6 5 0 0 0;6 5 0 1 0;6 5 1 0 0;6 5 1 1 0;6 5 2 0 0;	2715.96255	9	14.63840	21.56152	1.78118	4	0.00750	1.43435	0.11628	0.50000	0.00000	0	0	1.78118	12.15178	15.85358	0.0028438634473286714	0.0	0.0028438634473286714	sp|P02787|TRFE_HUMAN	630
2020111CXY-7.14077.14077.3.0.dta	2020111CXY-7.14077.14077.3.0.dta	2020111CXY-7	14077	3760.64151	3649.63374	1217.21610	3	1	TVLTPATNHMGJVTFTIPANR	10,Oxidation[M];	2271.15503	6 2 0 0 0	(N(N(H(H(H(H))(H(H))))))	63	0 1 0 0 0;0 2 0 0 0;1 2 0 0 0;2 2 0 0 0;3 2 0 0 0;4 2 0 0 0;5 2 0 0 0;	1378.47569	12	41.46966	42.03533	40.41911	7	0.00302	0.82766	0.88889	0.67500	0.00000	0	0	40.41911	17.18639	43.18830	5.709903680867627e-29	0.0	5.709903680867627e-29	sp|P01024|CO3_HUMAN	85
2020111CXY-7.14514.14514.4.0.dta	2020111CXY-7.14514.14514.4.0.dta	2020111CXY-7	14514	3879.08401	4097.61777	1025.15990	4	1	EHEGAIYPDJTTDFQR		1892.84094	5 4 2 0 0	(N(N(H(H(N(H(A))))(H(N(H(A)))))))	754	0 1 0 0 0;0 2 0 0 0;1 2 0 0 0;2 2 0 0 0;2 3 0 0 0;3 2 0 0 0;3 3 0 0 0;3 3 1 0 0;3 4 0 0 0;4 3 0 0 0;4 3 1 0 0;4 4 0 0 0;4 4 1 0 0;5 4 0 0 0;5 4 1 0 0;	2204.77244	10	50.52924	63.42772	26.57493	7	0.00439	1.07208	0.52941	0.86667	0.00000	0	0	26.57493	21.66616	52.69586	1.1729553837157737e-19	0.0	1.1729553837157737e-19	sp|P00450|CERU_HUMAN	138
2020111CXY-7.9595.9595.3.0.dta	2020111CXY-7.9595.9595.3.0.dta	2020111CXY-7	9595	2552.38936	2805.13877	935.71777	3	1	EEQFJSTFR		1157.52218	3 5 0 1 0	(N(N(H(N)(H(N))(H(N(F))))))	181	0 1 0 0 0;0 2 0 0 0;1 2 0 0 0;1 3 0 0 0;2 2 0 0 0;2 3 0 0 0;2 3 0 1 0;2 4 0 0 0;2 4 0 1 0;3 2 0 0 0;3 3 0 0 0;3 3 0 1 0;3 4 0 0 0;3 4 0 1 0;3 5 0 0 0;	1647.61324	5	61.99824	74.15817	39.41553	7	0.00335	1.19336	0.58824	1.12500	0.00000	0	0	39.41553	21.53976	64.15222	2.6250251661896604e-28	0.0	2.6250251661896604e-28	sp|P01859|IGHG2_HUMAN	176
2020111CXY-7.7484.7484.2.0.dta	2020111CXY-7.7484.7484.2.0.dta	2020111CXY-7	7484	1985.59277	2414.97374	1207.99051	2	1	EEQFJSTYR		1173.51708	3 3 0 1 0	(N(F)(N(H(H(N(H))))))	41	0 1 0 0 0;0 1 0 1 0;0 2 0 0 0;0 2 0 1 0;1 2 0 0 0;1 2 0 1 0;2 2 0 0 0;2 2 0 1 0;2 3 0 0 0;2 3 0 1 0;3 3 0 0 0;	1241.45450	5	23.24198	24.18700	21.48693	7	0.00216	0.89426	0.53846	0.81250	0.00000	0	0	21.48693	10.79469	24.32145	3.190841389802372e-16	0.0	3.190841389802372e-16	sp|P01861|IGHG4_HUMAN	177
2020111CXY-7.16503.16503.3.0.dta	2020111CXY-7.16503.16503.3.0.dta	2020111CXY-7	16503	4417.76163	3839.56117	1280.52524	3	1	GTAGNALMDGASQLMGEJR	8,Oxidation[M];	1908.85384	6 4 0 1 0	(N(N(H(H(H))(H(N(H))(N(H)(F))))))	399	0 1 0 0 0;0 2 0 0 0;1 2 0 0 0;2 2 0 0 0;2 3 0 0 0;2 3 0 1 0;2 4 0 0 0;2 4 0 1 0;3 2 0 0 0;3 3 0 0 0;3 3 0 1 0;3 4 0 0 0;3 4 0 1 0;4 2 0 0 0;4 3 0 0 0;4 3 0 1 0;4 4 0 0 0;4 4 0 1 0;5 3 0 0 0;5 3 0 1 0;5 4 0 0 0;5 4 0 1 0;6 4 0 0 0;	1930.69234	18	17.48114	11.03743	29.44805	7	0.01499	3.90430	0.44000	0.25000	0.00000	0	0	29.44805	8.27666	18.30881	1.1436648033470784e-21	0.0025996533795493936	0.0025996533795493936	sp|P02675|FIBB_HUMAN	394
2020111CXY-7.3437.3437.2.0.dta	2020111CXY-7.3437.3437.2.0.dta	2020111CXY-7	3437	905.85195	3085.16061	1543.08395	2	1	DKJCTSR	4,Carbamidomethyl[C];	880.39414	5 4 2 0 0	(N(N(H(H(N(H(A))))(H(N(H(A)))))))	754	0 1 0 0 0;0 2 0 0 0;1 2 0 0 0;2 2 0 0 0;2 3 0 0 0;3 2 0 0 0;3 3 0 0 0;3 3 1 0 0;3 4 0 0 0;4 3 0 0 0;4 3 1 0 0;4 4 0 0 0;4 4 1 0 0;5 4 0 0 0;5 4 1 0 0;	2204.77244	3	30.91667	15.52794	59.49574	7	-0.00597	-1.93411	0.82353	0.83333	0.00000	0	0	59.49574	8.91791	31.80846	4.795848014647435e-42	0.0	4.795848014647435e-42	sp|P01019|ANGT_HUMAN	170
2020111CXY-7.18148.18148.4.0.dta	2020111CXY-7.18148.18148.4.0.dta	2020111CXY-7	18148	4860.66307	5116.16928	1279.79778	4	1	FJLTETSEAEIHQSFQHLLR		2400.19425	6 5 2 1 0	(N(N(H(H(N(H)(F)))(H(N(H(A)))(N(H(A)))))))	1590	0 1 0 0 0;0 2 0 0 0;1 2 0 0 0;2 2 0 0 0;2 3 0 0 0;2 3 0 1 0;2 4 0 0 0;3 2 0 0 0;3 3 0 0 0;3 3 0 1 0;3 3 1 0 0;3 4 0 0 0;3 4 0 1 0;3 4 1 0 0;3 5 0 0 0;3 5 0 1 0;4 3 0 0 0;4 3 0 1 0;4 3 1 0 0;4 4 0 0 0;4 4 0 1 0;4 4 1 0 0;4 4 1 1 0;4 4 2 0 0;4 5 0 0 0;4 5 0 1 0;4 5 1 0 0;4 5 1 1 0;5 4 0 0 0;5 4 0 1 0;5 4 1 0 0;5 4 1 1 0;5 4 2 0 0;5 5 0 0 0;5 5 0 1 0;5 5 1 0 0;5 5 1 1 0;5 5 2 0 0;5 5 2 1 0;6 5 0 0 0;6 5 0 1 0;6 5 1 0 0;6 5 1 1 0;6 5 2 0 0;	2715.96255	2	34.29234	47.74552	9.30787	6	0.01249	2.44034	0.17391	0.81579	0.00000	0	0	9.30787	17.73648	36.06599	5.746126346144002e-08	0.0	5.746126346144002e-08	sp|P01011|AACT_HUMAN	106
2020111CXY-7.5846.5846.2.0.dta	2020111CXY-7.5846.5846.2.0.dta	2020111CXY-7	5846	1548.76190	2958.15434	1479.58081	2	1	EEQYJSTYR		1189.51199	5 4 0 1 0	(N(F)(N(H(H(N(H)))(H(N(H))))))	267	0 1 0 0 0;0 1 0 1 0;0 2 0 0 0;0 2 0 1 0;1 2 0 0 0;1 2 0 1 0;2 2 0 0 0;2 2 0 1 0;2 3 0 0 0;2 3 0 1 0;3 2 0 0 0;3 2 0 1 0;3 3 0 0 0;3 3 0 1 0;3 4 0 0 0;3 4 0 1 0;4 3 0 0 0;4 3 0 1 0;4 4 0 0 0;4 4 0 1 0;5 4 0 0 0;	1768.63952	5	23.65269	18.83748	32.59523	9	0.00283	0.95675	0.47826	0.68750	0.00000	0	0	32.59523	10.79127	24.73182	8.892134547029407e-24	0.0	8.892134547029407e-24	sp|P01857|IGHG1_HUMAN	180
2020111CXY-7.16903.16903.3.0.dta	2020111CXY-7.16903.16903.3.0.dta	2020111CXY-7	16903	4526.14446	4398.81486	1466.94314	3	1	GLTFQQJASSMCVPDQDTAIR	12,Carbamidomethyl[C];	2339.07546	5 4 1 1 0	(N(N(H(H(N(H)(F)))(H(N(H(A)))))))	550	0 1 0 0 0;0 2 0 0 0;1 2 0 0 0;2 2 0 0 0;2 3 0 0 0;2 3 0 1 0;3 2 0 0 0;3 3 0 0 0;3 3 0 1 0;3 3 1 0 0;3 4 0 0 0;3 4 0 1 0;4 3 0 0 0;4 3 0 1 0;4 3 1 0 0;4 4 0 0 0;4 4 0 1 0;4 4 1 0 0;4 4 1 1 0;5 4 0 0 0;5 4 0 1 0;5 4 1 0 0;	2059.73493	7	56.16149	80.77788	10.44536	6	0.00447	1.01634	0.25000	0.82500	0.00000	0	0	10.44536	28.20297	58.98179	9.517284974677244e-09	0.0	9.517284974677244e-09	sp|P01871|IGHM_HUMAN	209
2020111CXY-7.13257.13257.3.0.dta	2020111CXY-7.13257.13257.3.0.dta	2020111CXY-7	13257	3539.02281	3766.42800	1256.14752	3	1	ISEEJETTCYMGK	9,Carbamidomethyl[C];	1561.65088	5 4 2 0 0	(N(N(H(H(N(H(A))))(H(N(H(A)))))))	754	0 1 0 0 0;0 2 0 0 0;1 2 0 0 0;2 2 0 0 0;2 3 0 0 0;3 2 0 0 0;3 3 0 0 0;3 3 1 0 0;3 4 0 0 0;4 3 0 0 0;4 3 1 0 0;4 4 0 0 0;4 4 1 0 0;5 4 0 0 0;5 4 1 0 0;	2204.77244	5	52.35756	67.74111	23.78812	6	0.00468	1.24361	0.52941	1.08333	0.00000	0	0	23.78812	21.06151	54.46371	1.1392445314477042e-17	0.0	1.1392445314477042e-17	sp|P08603|CFAH_HUMAN	911
2020111CXY-7.5656.5656.2.0.dta	2020111CXY-7.5656.5656.2.0.dta	2020111CXY-7	5656	1498.42553	2796.10163	1398.55445	2	1	EEQYJSTYR		1189.51199	4 4 0 1 0	(N(N(H(H(N))(H(N(H(F)))))))	161	0 1 0 0 0;0 2 0 0 0;1 2 0 0 0;2 2 0 0 0;2 3 0 0 0;3 2 0 0 0;3 3 0 0 0;3 3 0 1 0;3 4 0 0 0;4 3 0 0 0;4 3 0 1 0;4 4 0 0 0;	1606.58669	5	28.56788	25.51350	34.24030	7	0.00295	1.05348	0.64286	0.75000	0.00000	0	0	34.24030	11.82233	29.75011	7.84590243156137e-25	0.0	7.84590243156137e-25	sp|P01857|IGHG1_HUMAN	180
2020111CXY-7.2632.2632.3.0.dta	2020111CXY-7.2632.2632.3.0.dta	2020111CXY-7	2632	692.28082	2823.10235	941.70563	3	1	JASQAK		618.32056	5 4 2 0 0	(N(N(H(H(N(H(A))))(H(N(H(A)))))))	754	0 1 0 0 0;0 2 0 0 0;1 2 0 0 0;2 2 0 0 0;2 3 0 0 0;3 2 0 0 0;3 3 0 0 0;3 3 1 0 0;3 4 0 0 0;4 3 0 0 0;4 3 1 0 0;4 4 0 0 0;4 4 1 0 0;5 4 0 0 0;5 4 1 0 0;	2204.77244	1	25.63535	27.72126	21.76150	7	0.00934	3.30911	0.47059	1.20000	0.00000	0	0	21.76150	10.28449	26.66380	2.026987998254508e-16	0.0	2.026987998254508e-16	sp|Q7Z6J0|SH3R1_HUMAN/sp|Q6N021|TET2_HUMAN/sp|Q9UK55|ZPI_HUMAN	510/1504/197
2020111CXY-7.12908.12908.5.0.dta	2020111CXY-7.12908.12908.5.0.dta	2020111CXY-7	12908	3444.87006	5062.09819	1013.22546	5	1	YPHKPEIJSTTHPGADLQEJFCR	22,Carbamidomethyl[C];	2711.26307	5 4 2 1 0	(N(N(H(H(N(H(A))))(H(N(F)(H(A)))))))	993	0 1 0 0 0;0 2 0 0 0;1 2 0 0 0;2 2 0 0 0;2 3 0 0 0;2 3 0 1 0;3 2 0 0 0;3 3 0 0 0;3 3 0 1 0;3 3 1 0 0;3 3 1 1 0;3 4 0 0 0;3 4 0 1 0;4 3 0 0 0;4 3 0 1 0;4 3 1 0 0;4 3 1 1 0;4 4 0 0 0;4 4 0 1 0;4 4 1 0 0;4 4 1 1 0;5 4 0 0 0;5 4 0 1 0;5 4 1 0 0;5 4 1 1 0;5 4 2 0 0;	2350.83035	8	23.83170	31.08072	10.36924	4	0.00478	0.94332	0.28571	0.52273	0.00000	0	0	10.36924	13.20682	25.15238	1.1223146940629442e-08	0.0	1.1223146940629442e-08	sp|P00734|THRB_HUMAN	143
2020111CXY-7.7338.7338.3.0.dta	2020111CXY-7.7338.7338.3.0.dta	2020111CXY-7	7338	1946.51543	2821.13390	941.04949	3	1	EEQFJSTYR		1173.51708	3 5 0 1 0	(N(F)(N(H(H(N))(H(N)(N)))))	180	0 1 0 0 0;0 1 0 1 0;0 2 0 0 0;0 2 0 1 0;1 2 0 0 0;1 2 0 1 0;2 2 0 0 0;2 2 0 1 0;2 3 0 0 0;2 3 0 1 0;2 4 0 0 0;2 4 0 1 0;3 2 0 0 0;3 2 0 1 0;3 3 0 0 0;3 3 0 1 0;3 4 0 0 0;3 4 0 1 0;3 5 0 0 0;	1647.61324	5	29.29855	23.79149	39.52595	8	0.00358	1.26812	0.61905	0.75000	0.00000	0	0	39.52595	11.10379	30.40893	1.8873243960893587e-28	0.0	1.8873243960893587e-28	sp|P01861|IGHG4_HUMAN	177
2020111CXY-7.15372.15372.3.0.dta	2020111CXY-7.15372.15372.3.0.dta	2020111CXY-7	15372	4111.33890	3822.53629	1274.85028	3	1	GTAGNALMDGASQLMGEJR	15,Oxidation[M];	1908.85384	5 4 1 0 0	(N(N(H(H(N(H)))(H(N(H(A)))))))	380	0 1 0 0 0;0 2 0 0 0;1 2 0 0 0;2 2 0 0 0;2 3 0 0 0;3 2 0 0 0;3 3 0 0 0;3 3 1 0 0;3 4 0 0 0;4 3 0 0 0;4 3 1 0 0;4 4 0 0 0;4 4 1 0 0;5 4 0 0 0;	1913.67702	18	17.40914	9.60192	31.90825	7	0.00543	1.41961	0.62500	0.22222	0.00000	0	0	31.90825	8.38945	18.24808	2.751216270938091e-23	0.0018165304268846503	0.0018165304268846503	sp|P02675|FIBB_HUMAN	394
2020111CXY-7.5909.5909.2.0.dta	2020111CXY-7.5909.5909.2.0.dta	2020111CXY-7	5909	1565.00574	2634.04869	1317.52798	2	1	EEQYJSTYR		1189.51199	3 4 0 1 0	(N(F)(N(H(H(N))(H(N)))))	95	0 1 0 0 0;0 1 0 1 0;0 2 0 0 0;0 2 0 1 0;1 2 0 0 0;1 2 0 1 0;2 2 0 0 0;2 2 0 1 0;2 3 0 0 0;2 3 0 1 0;3 2 0 0 0;3 2 0 1 0;3 3 0 0 0;3 3 0 1 0;3 4 0 0 0;	1444.53387	5	79.07312	90.17903	58.44785	8	0.00283	1.07556	0.76471	1.25000	0.00000	0	0	58.44785	25.37392	81.61051	2.7510383058826377e-41	0.0	2.7510383058826377e-41	sp|P01857|IGHG1_HUMAN	180
2020111CXY-7.11714.11714.3.0.dta	2020111CXY-7.11714.11714.3.0.dta	2020111CXY-7	11714	3124.13783	3516.37556	1172.79670	3	1	FLNJGTCTAEGK	7,Carbamidomethyl[C];	1311.59978	5 4 2 0 0	(N(N(H(H)(H(N(H(A)))(N(H(A)))))))	756	0 1 0 0 0;0 2 0 0 0;1 2 0 0 0;2 2 0 0 0;2 3 0 0 0;2 4 0 0 0;3 2 0 0 0;3 3 0 0 0;3 3 1 0 0;3 4 0 0 0;3 4 1 0 0;4 3 0 0 0;4 3 1 0 0;4 4 0 0 0;4 4 1 0 0;4 4 2 0 0;5 4 0 0 0;5 4 1 0 0;	2204.77244	4	45.05451	55.26561	26.09104	6	0.00334	0.94955	0.50000	1.00000	0.00000	0	0	26.09104	17.69928	46.82444	2.867517801291925e-19	0.0	2.867517801291925e-19	sp|P05156|CFAI_HUMAN	103
2020111CXY-7.10650.10650.3.0.dta	2020111CXY-7.10650.10650.3.0.dta	2020111CXY-7	10650	2837.21084	3605.49244	1202.50233	3	1	FSDGLESJSSTQFEVKK		1902.90796	8 2 0 0 0	(N(N(H(H(H))(H(H(H(H(H))))))))	209	0 1 0 0 0;0 2 0 0 0;1 2 0 0 0;2 2 0 0 0;3 2 0 0 0;4 2 0 0 0;5 2 0 0 0;6 2 0 0 0;7 2 0 0 0;	1702.58133	8	75.92228	82.10625	64.43778	7	0.00315	0.87278	0.90909	0.93750	0.00000	0	0	64.43778	24.81098	78.40338	3.3135354790315516e-45	0.0	3.3135354790315516e-45	sp|P0C0L4|CO4A_HUMAN/sp|P0C0L5|CO4B_HUMAN	226/226
2020111CXY-7.3483.3483.2.0.dta	2020111CXY-7.3483.3483.2.0.dta	2020111CXY-7	3483	918.06591	3223.24105	1612.12416	2	1	HJSTGCLR	6,Carbamidomethyl[C];	944.43667	6 5 1 0 0	(N(N(H(H(N(H(A))))(H(N(H))(N(H))))))	859	0 1 0 0 0;0 2 0 0 0;1 2 0 0 0;2 2 0 0 0;2 3 0 0 0;2 4 0 0 0;3 2 0 0 0;3 3 0 0 0;3 3 1 0 0;3 4 0 0 0;3 5 0 0 0;4 3 0 0 0;4 3 1 0 0;4 4 0 0 0;4 4 1 0 0;4 5 0 0 0;4 5 1 0 0;5 4 0 0 0;5 4 1 0 0;5 5 0 0 0;5 5 1 0 0;6 5 0 0 0;	2278.80922	2	19.59901	16.27095	25.77968	6	-0.00485	-1.50422	0.50000	0.71429	0.00000	0	0	25.77968	8.69383	20.46839	5.018228795717018e-19	0.0009208103130755065	0.0009208103130755065	sp|P10909|CLUS_HUMAN	291
2020111CXY-7.7033.7033.2.0.dta	2020111CXY-7.7033.7033.2.0.dta	2020111CXY-7	7033	1865.06276	2389.94213	1195.47471	2	1	EEQFJSTYR		1173.51708	5 2 0 0 0	(N(N(H(H(H(H(H)))))))	35	0 1 0 0 0;0 2 0 0 0;1 2 0 0 0;2 2 0 0 0;3 2 0 0 0;4 2 0 0 0;	1216.42286	5	61.97497	68.23321	50.35252	7	0.00219	0.91554	1.00000	1.18750	0.00000	0	0	50.35252	20.28931	64.00390	1.2981065626600776e-35	0.0	1.2981065626600776e-35	sp|P01861|IGHG4_HUMAN	177
2020111CXY-7.6183.6183.2.0.dta	2020111CXY-7.6183.6183.2.0.dta	2020111CXY-7	6183	1636.98625	2796.10154	1398.55441	2	1	EEQYJSTYR		1189.51199	4 4 0 1 0	(N(F)(N(H(H(N(H))(N(H))))))	166	0 1 0 0 0;0 1 0 1 0;0 2 0 0 0;0 2 0 1 0;1 2 0 0 0;1 2 0 1 0;2 2 0 0 0;2 2 0 1 0;2 3 0 0 0;2 3 0 1 0;2 4 0 0 0;2 4 0 1 0;3 3 0 0 0;3 3 0 1 0;3 4 0 0 0;3 4 0 1 0;4 4 0 0 0;	1606.58669	5	20.50969	16.54515	27.87241	8	0.00286	1.02130	0.47368	0.62500	0.00000	0	0	27.87241	10.15404	21.52509	1.9012669536684272e-20	0.0	1.9012669536684272e-20	sp|P01857|IGHG1_HUMAN	180
2020111CXY-7.15740.15740.3.0.dta	2020111CXY-7.15740.15740.3.0.dta	2020111CXY-7	15740	4210.76076	3487.57832	1163.19762	3	1	TVLTPATNHMGJVTFTIPANR	10,Oxidation[M];	2271.15503	5 2 0 0 0	(N(N(H(H(H(H(H)))))))	35	0 1 0 0 0;0 2 0 0 0;1 2 0 0 0;2 2 0 0 0;3 2 0 0 0;4 2 0 0 0;	1216.42286	12	26.51719	33.39447	13.74509	5	0.00043	0.12275	0.62500	0.55000	0.00000	0	0	13.74509	15.55040	28.07223	5.537462429957025e-11	0.0	5.537462429957025e-11	sp|P01024|CO3_HUMAN	85
2020111CXY-7.16498.16498.3.0.dta	2020111CXY-7.16498.16498.3.0.dta	2020111CXY-7	16498	4416.27759	3455.34177	1152.45211	3	1	LGJWSAMPSCK	10,Carbamidomethyl[C];	1250.56564	5 4 2 0 0	(N(N(H(H(N(H(A))))(H(N(H(A)))))))	754	0 1 0 0 0;0 2 0 0 0;1 2 0 0 0;2 2 0 0 0;2 3 0 0 0;3 2 0 0 0;3 3 0 0 0;3 3 1 0 0;3 4 0 0 0;4 3 0 0 0;4 3 1 0 0;4 4 0 0 0;4 4 1 0 0;5 4 0 0 0;5 4 1 0 0;	2204.77244	3	62.90054	84.33468	23.09428	6	0.00369	1.06761	0.52941	1.20000	0.00000	0	0	23.09428	24.24287	65.32483	3.236690113877624e-17	0.0	3.236690113877624e-17	sp|P02749|APOH_HUMAN	253
2020111CXY-7.16564.16564.3.0.dta	2020111CXY-7.16564.16564.3.0.dta	2020111CXY-7	16564	4434.08864	3822.53656	1274.85037	3	1	GTAGNALMDGASQLMGEJR	15,Oxidation[M];	1908.85384	5 4 1 0 0	(N(N(H(H(N(H)))(H(N(H(A)))))))	380	0 1 0 0 0;0 2 0 0 0;1 2 0 0 0;2 2 0 0 0;2 3 0 0 0;3 2 0 0 0;3 3 0 0 0;3 3 1 0 0;3 4 0 0 0;4 3 0 0 0;4 3 1 0 0;4 4 0 0 0;4 4 1 0 0;5 4 0 0 0;	1913.67702	18	16.47654	13.68103	21.66819	6	0.00569	1.48946	0.56250	0.33333	0.00000	0	0	21.66819	9.30928	17.40747	2.489967730193238e-16	0.0	2.489967730193238e-16	sp|P02675|FIBB_HUMAN	394
2020111CXY-7.10724.10724.3.0.dta	2020111CXY-7.10724.10724.3.0.dta	2020111CXY-7	10724	2856.95919	3767.54677	1256.52044	3	1	FSDGLESJSSTQFEVKK		1902.90796	9 2 0 0 0	(N(N(H(H(H(H)))(H(H(H(H(H))))))))	324	0 1 0 0 0;0 2 0 0 0;1 2 0 0 0;2 2 0 0 0;3 2 0 0 0;4 2 0 0 0;5 2 0 0 0;6 2 0 0 0;7 2 0 0 0;8 2 0 0 0;	1864.63416	8	45.60740	38.76909	58.30714	7	0.00465	1.23512	0.91667	0.68750	0.00000	0	0	58.30714	15.95831	47.20323	4.761223053215396e-41	0.0	4.761223053215396e-41	sp|P0C0L4|CO4A_HUMAN/sp|P0C0L5|CO4B_HUMAN	226/226
2020111CXY-7.14484.14484.3.0.dta	2020111CXY-7.14484.14484.3.0.dta	2020111CXY-7	14484	3870.82751	4097.61810	1366.54422	3	1	EHEGAIYPDJTTDFQR		1892.84094	5 4 2 0 0	(N(N(H(H(N(H(A))))(H(N(H(A)))))))	754	0 1 0 0 0;0 2 0 0 0;1 2 0 0 0;2 2 0 0 0;2 3 0 0 0;3 2 0 0 0;3 3 0 0 0;3 3 1 0 0;3 4 0 0 0;4 3 0 0 0;4 3 1 0 0;4 4 0 0 0;4 4 1 0 0;5 4 0 0 0;5 4 1 0 0;	2204.77244	10	57.56499	67.88475	38.39971	7	0.00472	1.15188	0.64706	0.83333	0.00000	0	0	38.39971	22.38961	59.80395	1.2264341390765228e-27	0.0	1.2264341390765228e-27	sp|P00450|CERU_HUMAN	138
2020111CXY-7.6056.6056.2.0.dta	2020111CXY-7.6056.6056.2.0.dta	2020111CXY-7	6056	1603.18491	2634.04875	1317.52801	2	1	EEQYJSTYR		1189.51199	3 4 0 1 0	(N(F)(N(H(H(N))(H(N)))))	95	0 1 0 0 0;0 1 0 1 0;0 2 0 0 0;0 2 0 1 0;1 2 0 0 0;1 2 0 1 0;2 2 0 0 0;2 2 0 1 0;2 3 0 0 0;2 3 0 1 0;3 2 0 0 0;3 2 0 1 0;3 3 0 0 0;3 3 0 1 0;3 4 0 0 0;	1444.53387	5	43.25163	42.89497	43.91401	8	0.00289	1.09758	0.70588	0.87500	0.00000	0	0	43.91401	14.57277	44.70891	2.515099708955706e-31	0.0	2.515099708955706e-31	sp|P01857|IGHG1_HUMAN	180
2020111CXY-7.18115.18115.3.0.dta	2020111CXY-7.18115.18115.3.0.dta	2020111CXY-7	18115	4851.78562	3999.78748	1333.93401	3	1	VVLHPJYSQVDIGLIK		1795.01124	5 4 2 0 0	(N(N(H(H(N(H(A))))(H(N(H(A)))))))	754	0 1 0 0 0;0 2 0 0 0;1 2 0 0 0;2 2 0 0 0;2 3 0 0 0;3 2 0 0 0;3 3 0 0 0;3 3 1 0 0;3 4 0 0 0;4 3 0 0 0;4 3 1 0 0;4 4 0 0 0;4 4 1 0 0;5 4 0 0 0;5 4 1 0 0;	2204.77244	6	44.92556	47.71599	39.74333	7	0.00380	0.94929	0.70588	0.80000	0.00000	0	0	39.74333	17.48114	46.67367	1.2881025635457147e-28	0.0	1.2881025635457147e-28	sp|P00738|HPT_HUMAN	241
2020111CXY-7.18178.18178.3.1.dta	2020111CXY-7.18178.18178.3.1.dta	2020111CXY-7	18178	4868.65444	3407.46095	1136.49184	3	1	CGLVPVLAENYJK	1,Carbamidomethyl[C];	1476.75152	6 4 0 1 0	(N(N(H(H(H))(H(N(H))(N(H)(F))))))	399	0 1 0 0 0;0 2 0 0 0;1 2 0 0 0;2 2 0 0 0;2 3 0 0 0;2 3 0 1 0;2 4 0 0 0;2 4 0 1 0;3 2 0 0 0;3 3 0 0 0;3 3 0 1 0;3 4 0 0 0;3 4 0 1 0;4 2 0 0 0;4 3 0 0 0;4 3 0 1 0;4 4 0 0 0;4 4 0 1 0;5 3 0 0 0;5 3 0 1 0;5 4 0 0 0;5 4 0 1 0;6 4 0 0 0;	1930.69234	12	23.07639	34.32971	2.17737	4	0.01710	5.01716	0.16000	0.70833	0.00000	0	0	2.17737	13.57837	24.43423	0.0019210744955684314	0.0	0.0019210744955684314	sp|P02787|TRFE_HUMAN	432
2020111CXY-7.11597.11597.3.0.dta	2020111CXY-7.11597.11597.3.0.dta	2020111CXY-7	11597	3092.71379	3221.37394	1074.46283	3	1	TPLTAJITK		958.55677	5 5 1 1 0	(N(F)(N(H(H(N)(N(H)))(H(N(H(A)))))))	842	0 1 0 0 0;0 1 0 1 0;0 2 0 0 0;0 2 0 1 0;1 2 0 0 0;1 2 0 1 0;2 2 0 0 0;2 2 0 1 0;2 3 0 0 0;2 3 0 1 0;2 4 0 0 0;2 4 0 1 0;3 2 0 0 0;3 2 0 1 0;3 3 0 0 0;3 3 0 1 0;3 3 1 0 0;3 3 1 1 0;3 4 0 0 0;3 4 0 1 0;3 5 0 0 0;3 5 0 1 0;4 3 0 0 0;4 3 0 1 0;4 3 1 0 0;4 3 1 1 0;4 4 0 0 0;4 4 0 1 0;4 4 1 0 0;4 4 1 1 0;4 5 0 0 0;4 5 0 1 0;4 5 1 0 0;4 5 1 1 0;5 4 0 0 0;5 4 0 1 0;5 4 1 0 0;5 4 1 1 0;5 5 0 0 0;5 5 0 1 0;5 5 1 0 0;	2262.81431	6	8.20122	11.29942	2.44744	5	0.00286	0.88849	0.13953	0.50000	0.00000	0	0	2.44744	8.72772	9.07399	0.0015144595197721556	0.0009208103130755065	0.0015144595197721556	sp|P01877|IGHA2_HUMAN	205
2020111CXY-7.6383.6383.2.0.dta	2020111CXY-7.6383.6383.2.0.dta	2020111CXY-7	6383	1689.84084	2999.18343	1500.09535	2	1	EEQYJSTYR		1189.51199	4 5 0 1 0	(N(F)(N(H(N)(H(N(H))(N(H))))))	291	0 1 0 0 0;0 1 0 1 0;0 2 0 0 0;0 2 0 1 0;1 2 0 0 0;1 2 0 1 0;1 3 0 0 0;1 3 0 1 0;2 2 0 0 0;2 2 0 1 0;2 3 0 0 0;2 3 0 1 0;2 4 0 0 0;2 4 0 1 0;2 5 0 0 0;2 5 0 1 0;3 3 0 0 0;3 3 0 1 0;3 4 0 0 0;3 4 0 1 0;3 5 0 0 0;3 5 0 1 0;4 4 0 0 0;4 4 0 1 0;4 5 0 0 0;	1809.66607	5	6.98913	8.84430	3.54380	5	0.00538	1.79353	0.18519	0.56250	0.00000	0	0	3.54380	7.98621	7.78775	0.00038057108825610773	0.003352891869237217	0.003352891869237217	sp|P01857|IGHG1_HUMAN	180
2020111CXY-7.13810.13810.3.0.dta	2020111CXY-7.13810.13810.3.0.dta	2020111CXY-7	13810	3688.14004	3260.27577	1087.43011	3	1	DTFVJASR		909.44247	5 4 2 1 0	(N(F)(N(H(H(N(H(A))))(H(N(H(A)))))))	991	0 1 0 0 0;0 1 0 1 0;0 2 0 0 0;0 2 0 1 0;1 2 0 0 0;1 2 0 1 0;2 2 0 0 0;2 2 0 1 0;2 3 0 0 0;2 3 0 1 0;3 2 0 0 0;3 2 0 1 0;3 3 0 0 0;3 3 0 1 0;3 3 1 0 0;3 3 1 1 0;3 4 0 0 0;3 4 0 1 0;4 3 0 0 0;4 3 0 1 0;4 3 1 0 0;4 3 1 1 0;4 4 0 0 0;4 4 0 1 0;4 4 1 0 0;4 4 1 1 0;5 4 0 0 0;5 4 0 1 0;5 4 1 0 0;5 4 1 1 0;5 4 2 0 0;	2350.83035	5	26.29309	24.07950	30.40404	9	0.00295	0.90365	0.36364	0.78571	0.00000	0	0	30.40404	10.56540	27.34963	3.4284428771464114e-22	0.0	3.4284428771464114e-22	sp|P05155|IC1_HUMAN	238
2020111CXY-7.9915.9915.3.0.dta	2020111CXY-7.9915.9915.3.0.dta	2020111CXY-7	9915	2638.92496	3082.19456	1028.06971	3	1	JISCVER	4,Carbamidomethyl[C];	877.41963	5 4 2 0 0	(N(N(H(H(N(H(A))))(H(N(H(A)))))))	754	0 1 0 0 0;0 2 0 0 0;1 2 0 0 0;2 2 0 0 0;2 3 0 0 0;3 2 0 0 0;3 3 0 0 0;3 3 1 0 0;3 4 0 0 0;4 3 0 0 0;4 3 1 0 0;4 4 0 0 0;4 4 1 0 0;5 4 0 0 0;5 4 1 0 0;	2204.77244	1	16.78207	16.06728	18.10954	7	0.00250	0.80980	0.41176	0.83333	0.00000	0	0	18.10954	7.50314	17.53238	5.284717296627842e-14	0.00944138473642801	0.00944138473642801	sp|Q03591|FHR1_HUMAN/sp|P36980|FHR2_HUMAN/sp|Q9BXR6|FHR5_HUMAN	126/126/126
2020111CXY-7.10904.10904.3.0.dta	2020111CXY-7.10904.10904.3.0.dta	2020111CXY-7	10904	2905.09852	3673.53229	1225.18228	3	1	VYKPSAGJNSLYR		1468.75428	5 4 2 0 0	(N(N(H(H(N(H(A))))(H(N(H(A)))))))	754	0 1 0 0 0;0 2 0 0 0;1 2 0 0 0;2 2 0 0 0;2 3 0 0 0;3 2 0 0 0;3 3 0 0 0;3 3 1 0 0;3 4 0 0 0;4 3 0 0 0;4 3 1 0 0;4 4 0 0 0;4 4 1 0 0;5 4 0 0 0;5 4 1 0 0;	2204.77244	8	51.61036	46.44175	61.20921	7	0.00556	1.51434	0.76471	0.75000	0.00000	0	0	61.20921	16.28715	53.23908	3.980522352723518e-43	0.0	3.980522352723518e-43	sp|P02749|APOH_HUMAN	162
2020111CXY-7.15493.15493.4.0.dta	2020111CXY-7.15493.15493.4.0.dta	2020111CXY-7	15493	4144.20729	4740.05923	1185.77026	4	1	VYIHPFHLVIHJESTCEQLAK	16,Carbamidomethyl[C];	2535.28128	5 4 2 0 0	(N(N(H(H(N(H(A))))(H(N(H(A)))))))	754	0 1 0 0 0;0 2 0 0 0;1 2 0 0 0;2 2 0 0 0;2 3 0 0 0;3 2 0 0 0;3 3 0 0 0;3 3 1 0 0;3 4 0 0 0;4 3 0 0 0;4 3 1 0 0;4 4 0 0 0;4 4 1 0 0;5 4 0 0 0;5 4 1 0 0;	2204.77244	12	67.81930	75.06631	54.36057	7	0.00550	1.16137	0.64706	0.75000	0.00000	0	0	54.36057	24.59304	70.27860	1.55824270149224e-38	0.0	1.55824270149224e-38	sp|P01019|ANGT_HUMAN	47
2020111CXY-7.12439.12439.3.0.dta	2020111CXY-7.12439.12439.3.0.dta	2020111CXY-7	12439	3319.11501	3806.52436	1269.51297	3	1	EHEGAIYPDJTTDFQR		1892.84094	5 4 1 0 0	(N(N(H(H(N(H)))(H(N(H(A)))))))	380	0 1 0 0 0;0 2 0 0 0;1 2 0 0 0;2 2 0 0 0;2 3 0 0 0;3 2 0 0 0;3 3 0 0 0;3 3 1 0 0;3 4 0 0 0;4 3 0 0 0;4 3 1 0 0;4 4 0 0 0;4 4 1 0 0;5 4 0 0 0;	1913.67702	10	57.66529	66.13290	41.93971	7	0.00640	1.68172	0.68750	0.83333	0.00000	0	0	41.93971	22.06891	59.87218	5.5406952788492724e-30	0.0	5.5406952788492724e-30	sp|P00450|CERU_HUMAN	138
2020111CXY-7.6257.6257.3.0.dta	2020111CXY-7.6257.6257.3.0.dta	2020111CXY-7	6257	1656.54671	3246.40984	1082.80813	3	1	TKPREEQFJSTFR		1639.81869	4 4 0 1 0	(N(F)(N(H(H(N))(H(N(H))))))	158	0 1 0 0 0;0 1 0 1 0;0 2 0 0 0;0 2 0 1 0;1 2 0 0 0;1 2 0 1 0;2 2 0 0 0;2 2 0 1 0;2 3 0 0 0;2 3 0 1 0;3 2 0 0 0;3 2 0 1 0;3 3 0 0 0;3 3 0 1 0;3 4 0 0 0;3 4 0 1 0;4 3 0 0 0;4 3 0 1 0;4 4 0 0 0;	1606.58669	9	49.82480	28.77022	88.92618	9	0.00445	1.37187	0.90476	0.58333	0.00000	0	0	88.92618	12.45911	51.07071	7.402953724755221e-62	0.0	7.402953724755221e-62	sp|P01859|IGHG2_HUMAN	176
2020111CXY-7.13523.13523.3.0.dta	2020111CXY-7.13523.13523.3.0.dta	2020111CXY-7	13523	3610.47133	3766.42711	1256.14722	3	1	ISEEJETTCYMGK	9,Carbamidomethyl[C];	1561.65088	5 4 2 0 0	(N(N(H(H(N(H(A))))(H(N(H(A)))))))	754	0 1 0 0 0;0 2 0 0 0;1 2 0 0 0;2 2 0 0 0;2 3 0 0 0;3 2 0 0 0;3 3 0 0 0;3 3 1 0 0;3 4 0 0 0;4 3 0 0 0;4 3 1 0 0;4 4 0 0 0;4 4 1 0 0;5 4 0 0 0;5 4 1 0 0;	2204.77244	5	22.14006	19.17964	27.63797	7	0.00379	1.00625	0.52941	0.62500	0.00000	0	0	27.63797	9.19542	23.05960	2.841023787043364e-20	0.0	2.841023787043364e-20	sp|P08603|CFAH_HUMAN	911
2020111CXY-7.7521.7521.2.0.dta	2020111CXY-7.7521.7521.2.0.dta	2020111CXY-7	7521	1995.50720	2675.07627	1338.04177	2	1	EEQFJSTYR		1173.51708	3 5 0 0 0	(N(N(H(N)(H(N)(N(H))))))	106	0 1 0 0 0;0 2 0 0 0;1 2 0 0 0;1 3 0 0 0;2 2 0 0 0;2 3 0 0 0;2 4 0 0 0;2 5 0 0 0;3 3 0 0 0;3 4 0 0 0;	1501.55533	5	10.36948	9.45550	12.06686	5	0.00386	1.44196	0.41667	0.56250	0.00000	0	0	12.06686	8.12782	11.18226	1.0282410498238884e-09	0.0025996533795493936	0.0025996533795493936	sp|P01861|IGHG4_HUMAN	177
2020111CXY-7.13144.13144.3.2.dta	2020111CXY-7.13144.13144.3.2.dta	2020111CXY-7	13144	3508.31732	4477.82135	1493.27863	3	1	GLTFQQJASSMCGPDQDTAIR	12,Carbamidomethyl[C];11,Oxidation[M];	2313.02342	6 3 1 2 0	(N(F)(N(H(H(H)(H))(H(N(F)(H(A)))))))	695	0 1 0 0 0;0 1 0 1 0;0 2 0 0 0;0 2 0 1 0;1 2 0 0 0;1 2 0 1 0;2 2 0 0 0;2 2 0 1 0;2 3 0 0 0;2 3 0 1 0;2 3 0 2 0;3 2 0 0 0;3 2 0 1 0;3 3 0 0 0;3 3 0 1 0;3 3 0 2 0;3 3 1 0 0;3 3 1 1 0;3 3 1 2 0;4 2 0 0 0;4 2 0 1 0;4 3 0 0 0;4 3 0 1 0;4 3 0 2 0;4 3 1 0 0;4 3 1 1 0;4 3 1 2 0;5 2 0 0 0;5 2 0 1 0;5 3 0 0 0;5 3 0 1 0;5 3 0 2 0;5 3 1 0 0;5 3 1 1 0;5 3 1 2 0;6 3 0 0 0;6 3 0 1 0;6 3 0 2 0;6 3 1 0 0;6 3 1 1 0;	2164.76629	7	16.68137	13.49962	22.59032	8	0.03164	7.06526	0.35714	0.40000	0.00000	0	0	22.59032	8.56264	17.53763	6.710607820538256e-17	0.0009208103130755065	0.0009208103130755065	sp|P04220|MUCB_HUMAN	147
2020111CXY-7.3360.3360.2.0.dta	2020111CXY-7.3360.3360.2.0.dta	2020111CXY-7	3360	885.88036	3085.15547	1543.08137	2	1	DKJCTSR	4,Carbamidomethyl[C];	880.39414	5 4 2 0 0	(N(N(H(H(N(H(A))))(H(N(H(A)))))))	754	0 1 0 0 0;0 2 0 0 0;1 2 0 0 0;2 2 0 0 0;2 3 0 0 0;3 2 0 0 0;3 3 0 0 0;3 3 1 0 0;3 4 0 0 0;4 3 0 0 0;4 3 1 0 0;4 4 0 0 0;4 4 1 0 0;5 4 0 0 0;5 4 1 0 0;	2204.77244	3	32.95702	23.01537	51.42010	7	-0.01111	-3.60080	0.76471	1.00000	0.00000	0	0	51.42010	10.32286	33.98931	1.4529598281569107e-36	0.0	1.4529598281569107e-36	sp|P01019|ANGT_HUMAN	170
2020111CXY-7.10624.10624.3.0.dta	2020111CXY-7.10624.10624.3.0.dta	2020111CXY-7	10624	2830.20994	3638.45825	1213.49093	3	1	GTAJTTTAGVPCQR	12,Carbamidomethyl[C];	1433.68016	5 4 2 0 0	(N(N(H(H(N(H(A))))(H(N(H(A)))))))	754	0 1 0 0 0;0 2 0 0 0;1 2 0 0 0;2 2 0 0 0;2 3 0 0 0;3 2 0 0 0;3 3 0 0 0;3 3 1 0 0;3 4 0 0 0;4 3 0 0 0;4 3 1 0 0;4 4 0 0 0;4 4 1 0 0;5 4 0 0 0;5 4 1 0 0;	2204.77244	4	36.65432	35.11470	39.51361	7	0.00565	1.55312	0.64706	0.76923	0.00000	0	0	39.51361	13.23801	37.97812	2.1602114329346135e-28	0.0	2.1602114329346135e-28	sp|P26927|HGFL_HUMAN	296
2020111CXY-7.10970.10970.3.0.dta	2020111CXY-7.10970.10970.3.0.dta	2020111CXY-7	10970	2922.83383	3819.59031	1273.86829	3	1	VYKPSAGJNSLYR		1468.75428	5 4 2 1 0	(N(F)(N(H(H(N(H(A))))(H(N(H(A)))))))	991	0 1 0 0 0;0 1 0 1 0;0 2 0 0 0;0 2 0 1 0;1 2 0 0 0;1 2 0 1 0;2 2 0 0 0;2 2 0 1 0;2 3 0 0 0;2 3 0 1 0;3 2 0 0 0;3 2 0 1 0;3 3 0 0 0;3 3 0 1 0;3 3 1 0 0;3 3 1 1 0;3 4 0 0 0;3 4 0 1 0;4 3 0 0 0;4 3 0 1 0;4 3 1 0 0;4 3 1 1 0;4 4 0 0 0;4 4 0 1 0;4 4 1 0 0;4 4 1 1 0;5 4 0 0 0;5 4 0 1 0;5 4 1 0 0;5 4 1 1 0;5 4 2 0 0;	2350.83035	8	43.84486	26.35725	76.32185	9	0.00568	1.48659	0.69697	0.62500	0.00000	0	0	76.32185	12.09841	45.05470	2.658158505348482e-53	0.0	2.658158505348482e-53	sp|P02749|APOH_HUMAN	162
2020111CXY-7.9467.9467.3.0.dta	2020111CXY-7.9467.9467.3.0.dta	2020111CXY-7	9467	2518.09741	2764.11040	922.04165	3	1	EEQFJSTFR		1157.52218	4 4 0 1 0	(N(F)(N(H(H(N))(H(N(H))))))	158	0 1 0 0 0;0 1 0 1 0;0 2 0 0 0;0 2 0 1 0;1 2 0 0 0;1 2 0 1 0;2 2 0 0 0;2 2 0 1 0;2 3 0 0 0;2 3 0 1 0;3 2 0 0 0;3 2 0 1 0;3 3 0 0 0;3 3 0 1 0;3 4 0 0 0;3 4 0 1 0;4 3 0 0 0;4 3 0 1 0;4 4 0 0 0;	1606.58669	5	36.41011	33.86950	41.12839	9	0.00153	0.55484	0.57143	0.81250	0.00000	0	0	41.12839	13.12559	37.72267	2.0539749654207727e-29	0.0	2.0539749654207727e-29	sp|P01859|IGHG2_HUMAN	176
2020111CXY-7.18164.18164.3.0.dta	2020111CXY-7.18164.18164.3.0.dta	2020111CXY-7	18164	4865.01299	3874.72426	1292.24627	3	1	VDKDLQSLEDILHQVEJK		2123.09789	4 4 1 0 0	(N(N(H(H(N))(H(N(H(A)))))))	239	0 1 0 0 0;0 2 0 0 0;1 2 0 0 0;2 2 0 0 0;2 3 0 0 0;3 2 0 0 0;3 3 0 0 0;3 3 1 0 0;3 4 0 0 0;4 3 0 0 0;4 3 1 0 0;4 4 0 0 0;	1751.62420	17	10.62085	5.81242	19.55079	6	0.00217	0.55976	0.64286	0.23529	0.00000	0	0	19.55079	7.47839	11.36869	6.591247575742084e-15	0.00944138473642801	0.00944138473642801	sp|P02679|FIBG_HUMAN	78
2020111CXY-7.3788.3788.2.0.dta	2020111CXY-7.3788.3788.2.0.dta	2020111CXY-7	3788	999.28745	2858.11307	1429.56017	2	1	HJSTGCLR	6,Carbamidomethyl[C];	944.43667	5 4 1 0 0	(N(N(H(H(N(H)))(H(N(H(A)))))))	380	0 1 0 0 0;0 2 0 0 0;1 2 0 0 0;2 2 0 0 0;2 3 0 0 0;3 2 0 0 0;3 3 0 0 0;3 3 1 0 0;3 4 0 0 0;4 3 0 0 0;4 3 1 0 0;4 4 0 0 0;4 4 1 0 0;5 4 0 0 0;	1913.67702	2	28.01867	14.44805	53.22127	7	-0.00063	-0.22060	0.75000	0.64286	0.00000	0	0	53.22127	8.70503	28.88917	1.291620804882993e-37	0.0009208103130755065	0.0009208103130755065	sp|P10909|CLUS_HUMAN	291
2020111CXY-7.16851.16851.3.0.dta	2020111CXY-7.16851.16851.3.0.dta	2020111CXY-7	16851	4512.31361	3839.55910	1280.52455	3	1	GTAGNALMDGASQLMGEJR	8,Oxidation[M];	1908.85384	6 4 0 1 0	(N(N(H(H(H))(H(N(H))(N(H)(F))))))	399	0 1 0 0 0;0 2 0 0 0;1 2 0 0 0;2 2 0 0 0;2 3 0 0 0;2 3 0 1 0;2 4 0 0 0;2 4 0 1 0;3 2 0 0 0;3 3 0 0 0;3 3 0 1 0;3 4 0 0 0;3 4 0 1 0;4 2 0 0 0;4 3 0 0 0;4 3 0 1 0;4 4 0 0 0;4 4 0 1 0;5 3 0 0 0;5 3 0 1 0;5 4 0 0 0;5 4 0 1 0;6 4 0 0 0;	1930.69234	18	14.83814	7.80318	27.90308	7	0.01292	3.36439	0.44000	0.19444	0.00000	0	0	27.90308	7.44488	15.58263	1.811563070227742e-20	0.00944138473642801	0.00944138473642801	sp|P02675|FIBB_HUMAN	394
2020111CXY-7.17057.17057.3.0.dta	2020111CXY-7.17057.17057.3.0.dta	2020111CXY-7	17057	4567.78331	3390.43241	1130.81566	3	1	CGLVPVLAENYJK	1,Carbamidomethyl[C];	1476.75152	5 4 1 0 0	(N(N(H(H(N(H)))(H(N(H(A)))))))	380	0 1 0 0 0;0 2 0 0 0;1 2 0 0 0;2 2 0 0 0;2 3 0 0 0;3 2 0 0 0;3 3 0 0 0;3 3 1 0 0;3 4 0 0 0;4 3 0 0 0;4 3 1 0 0;4 4 0 0 0;4 4 1 0 0;5 4 0 0 0;	1913.67702	12	47.55708	60.50845	23.50453	6	0.00387	1.14189	0.56250	0.87500	0.00000	0	0	23.50453	20.10217	49.56730	2.0796533853895165e-17	0.0	2.0796533853895165e-17	sp|P02787|TRFE_HUMAN	432
2020111CXY-7.9871.9871.3.0.dta	2020111CXY-7.9871.9871.3.0.dta	2020111CXY-7	9871	2626.88411	3382.43629	1128.15028	3	1	VYKPSAGJNSLYR		1468.75428	5 4 1 0 0	(N(N(H(H(N(H)))(H(N(H(A)))))))	380	0 1 0 0 0;0 2 0 0 0;1 2 0 0 0;2 2 0 0 0;2 3 0 0 0;3 2 0 0 0;3 3 0 0 0;3 3 1 0 0;3 4 0 0 0;4 3 0 0 0;4 3 1 0 0;4 4 0 0 0;4 4 1 0 0;5 4 0 0 0;	1913.67702	8	22.82501	8.55888	49.31924	7	0.00498	1.47216	0.81250	0.37500	0.00000	0	0	49.31924	7.51126	23.57614	4.433883405982941e-35	0.008750994431185362	0.008750994431185362	sp|P02749|APOH_HUMAN	162
2020111CXY-7.17846.17846.3.1.dta	2020111CXY-7.17846.17846.3.1.dta	2020111CXY-7	17846	4780.08434	4364.92425	1455.64627	3	1	VVLHPJYSQVDIGLIK		1795.01124	6 5 2 0 0	(N(N(H(H(N(H(A))))(H(N(H))(N(H(A)))))))	1338	0 1 0 0 0;0 2 0 0 0;1 2 0 0 0;2 2 0 0 0;2 3 0 0 0;2 4 0 0 0;3 2 0 0 0;3 3 0 0 0;3 3 1 0 0;3 4 0 0 0;3 4 1 0 0;3 5 0 0 0;4 3 0 0 0;4 3 1 0 0;4 4 0 0 0;4 4 1 0 0;4 5 0 0 0;4 5 1 0 0;5 4 0 0 0;5 4 1 0 0;5 4 2 0 0;5 5 0 0 0;5 5 1 0 0;5 5 2 0 0;6 5 0 0 0;6 5 1 0 0;	2569.90464	6	8.35151	9.49151	6.23438	4	0.00838	1.91939	0.25000	0.36667	0.00000	0	0	6.23438	7.65824	9.11733	4.337393330203411e-06	0.0065040650406504065	0.0065040650406504065	sp|P00738|HPT_HUMAN	241
2020111CXY-7.17821.17821.3.0.dta	2020111CXY-7.17821.17821.3.0.dta	2020111CXY-7	17821	4773.46753	3407.45530	1136.48995	3	1	CGLVPVLAENYJK	1,Carbamidomethyl[C];	1476.75152	6 4 0 1 0	(N(N(H(H(H))(H(N(H))(N(H)(F))))))	399	0 1 0 0 0;0 2 0 0 0;1 2 0 0 0;2 2 0 0 0;2 3 0 0 0;2 3 0 1 0;2 4 0 0 0;2 4 0 1 0;3 2 0 0 0;3 3 0 0 0;3 3 0 1 0;3 4 0 0 0;3 4 0 1 0;4 2 0 0 0;4 3 0 0 0;4 3 0 1 0;4 4 0 0 0;4 4 0 1 0;5 3 0 0 0;5 3 0 1 0;5 4 0 0 0;5 4 0 1 0;6 4 0 0 0;	1930.69234	12	24.32527	27.76752	17.93251	7	0.01144	3.35845	0.32000	0.58333	0.00000	0	0	17.93251	12.33932	25.55920	7.245634295912933e-14	0.0	7.245634295912933e-14	sp|P02787|TRFE_HUMAN	432
2020111CXY-7.6368.6368.2.0.dta	2020111CXY-7.6368.6368.2.0.dta	2020111CXY-7	6368	1686.03013	2634.04879	1317.52803	2	1	EEQYJSTYR		1189.51199	3 4 0 1 0	(N(F)(N(H(H(N)(N(H))))))	86	0 1 0 0 0;0 1 0 1 0;0 2 0 0 0;0 2 0 1 0;1 2 0 0 0;1 2 0 1 0;2 2 0 0 0;2 2 0 1 0;2 3 0 0 0;2 3 0 1 0;2 4 0 0 0;2 4 0 1 0;3 3 0 0 0;3 3 0 1 0;3 4 0 0 0;	1444.53387	5	17.46898	11.48540	28.58135	8	0.00293	1.11352	0.47059	0.62500	0.00000	0	0	28.58135	8.92594	18.36157	4.486101117402382e-21	0.0	4.486101117402382e-21	sp|P01857|IGHG1_HUMAN	180
2020111CXY-7.17395.17395.3.0.dta	2020111CXY-7.17395.17395.3.0.dta	2020111CXY-7	17395	4659.13158	3806.53470	1269.51642	3	1	GTAGNALMDGASQLMGEJR		1892.85892	5 4 1 0 0	(N(N(H(H(N(H)))(H(N(H(A)))))))	380	0 1 0 0 0;0 2 0 0 0;1 2 0 0 0;2 2 0 0 0;2 3 0 0 0;3 2 0 0 0;3 3 0 0 0;3 3 1 0 0;3 4 0 0 0;4 3 0 0 0;4 3 1 0 0;4 4 0 0 0;4 4 1 0 0;5 4 0 0 0;	1913.67702	18	26.59025	31.26593	17.90685	6	-0.00124	-0.32694	0.50000	0.47222	0.00000	0	0	17.90685	13.29550	27.91980	7.558365951458626e-14	0.0	7.558365951458626e-14	sp|P02675|FIBB_HUMAN	394
2020111CXY-7.14599.14599.4.0.dta	2020111CXY-7.14599.14599.4.0.dta	2020111CXY-7	14599	3902.15621	4245.73406	1062.18897	4	1	LSDLSIJSTECLHVHCR	11,Carbamidomethyl[C];16,Carbamidomethyl[C];	2040.95897	5 4 2 0 0	(N(N(H(H(N(H(A))))(H(N(H(A)))))))	754	0 1 0 0 0;0 2 0 0 0;1 2 0 0 0;2 2 0 0 0;2 3 0 0 0;3 2 0 0 0;3 3 0 0 0;3 3 1 0 0;3 4 0 0 0;4 3 0 0 0;4 3 1 0 0;4 4 0 0 0;4 4 1 0 0;5 4 0 0 0;5 4 1 0 0;	2204.77244	7	22.07070	20.47065	25.04222	7	0.00265	0.62415	0.52941	0.56250	0.00000	0	0	25.04222	11.65260	23.23596	1.8708411032151634e-18	0.0	1.8708411032151634e-18	sp|P05156|CFAI_HUMAN	177
2020111CXY-7.5740.5740.2.0.dta	2020111CXY-7.5740.5740.2.0.dta	2020111CXY-7	5740	1520.88135	2650.04378	1325.52553	2	1	EEQYJSTYR		1189.51199	4 4 0 0 0	(N(N(H(H(N))(H(N(H))))))	98	0 1 0 0 0;0 2 0 0 0;1 2 0 0 0;2 2 0 0 0;2 3 0 0 0;3 2 0 0 0;3 3 0 0 0;3 4 0 0 0;4 3 0 0 0;	1460.52878	5	50.61447	47.39599	56.59165	7	0.00301	1.13600	0.90909	0.87500	0.00000	0	0	56.59165	15.85468	52.19994	5.839428891497696e-40	0.0	5.839428891497696e-40	sp|P01857|IGHG1_HUMAN	180
2020111CXY-7.15384.15384.3.0.dta	2020111CXY-7.15384.15384.3.0.dta	2020111CXY-7	15384	4114.58423	3649.63297	1217.21584	3	1	TVLTPATNHMGJVTFTIPANR	10,Oxidation[M];	2271.15503	6 2 0 0 0	(N(N(H(H(H(H))(H(H))))))	63	0 1 0 0 0;0 2 0 0 0;1 2 0 0 0;2 2 0 0 0;3 2 0 0 0;4 2 0 0 0;5 2 0 0 0;	1378.47569	12	34.19005	37.69974	27.67204	7	0.00225	0.61723	0.77778	0.60000	0.00000	0	0	27.67204	16.19081	35.80913	2.4625805783276265e-20	0.0	2.4625805783276265e-20	sp|P01024|CO3_HUMAN	85
2020111CXY-7.11283.11283.3.0.dta	2020111CXY-7.11283.11283.3.0.dta	2020111CXY-7	11283	3007.90514	3180.24123	1060.75193	3	1	LGJWSAMPSCK	10,Carbamidomethyl[C];7,Oxidation[M];	1266.56055	5 4 1 0 0	(N(N(H(H(N(H)))(H(N(H(A)))))))	380	0 1 0 0 0;0 2 0 0 0;1 2 0 0 0;2 2 0 0 0;2 3 0 0 0;3 2 0 0 0;3 3 0 0 0;3 3 1 0 0;3 4 0 0 0;4 3 0 0 0;4 3 1 0 0;4 4 0 0 0;4 4 1 0 0;5 4 0 0 0;	1913.67702	3	46.68291	52.86672	35.19870	7	0.00365	1.14787	0.62500	1.05000	0.00000	0	0	35.19870	17.54139	48.43705	1.823606200090228e-25	0.0	1.823606200090228e-25	sp|P02749|APOH_HUMAN	253
2020111CXY-7.10075.10075.2.0.dta	2020111CXY-7.10075.10075.2.0.dta	2020111CXY-7	10075	2681.92724	2671.20020	1336.10374	2	1	QSVPAHFVALJGSK		1454.77504	5 2 0 0 0	(N(N(H(H(H)(H(H))))))	33	0 1 0 0 0;0 2 0 0 0;1 2 0 0 0;2 2 0 0 0;3 2 0 0 0;4 2 0 0 0;	1216.42286	11	32.42116	36.82464	24.24325	6	0.00230	0.86219	0.87500	0.73077	0.00000	0	0	24.24325	13.84026	33.80519	5.547570339590595e-18	0.0	5.547570339590595e-18	sp|P06681|CO2_HUMAN	621
2020111CXY-7.7529.7529.2.0.dta	2020111CXY-7.7529.7529.2.0.dta	2020111CXY-7	7529	1997.61388	3103.19257	1552.09992	2	1	EEQYJSTYR		1189.51199	5 4 1 0 0	(N(N(H(H(N(H)))(H(N(H(A)))))))	380	0 1 0 0 0;0 2 0 0 0;1 2 0 0 0;2 2 0 0 0;2 3 0 0 0;3 2 0 0 0;3 3 0 0 0;3 3 1 0 0;3 4 0 0 0;4 3 0 0 0;4 3 1 0 0;4 4 0 0 0;4 4 1 0 0;5 4 0 0 0;	1913.67702	5	41.72464	42.28338	40.68698	7	0.00356	1.14737	0.68750	0.93750	0.00000	0	0	40.68698	15.02203	43.22684	3.417849141275348e-29	0.0	3.417849141275348e-29	sp|P01857|IGHG1_HUMAN	180
2020111CXY-7.2602.2602.3.0.dta	2020111CXY-7.2602.2602.3.0.dta	2020111CXY-7	2602	684.43130	3828.51716	1276.84390	3	1	HSHNJJSSDLHPHK		1623.73709	5 4 2 0 0	(N(N(H(H(N(H(A))))(H(N(H(A)))))))	754	0 1 0 0 0;0 2 0 0 0;1 2 0 0 0;2 2 0 0 0;2 3 0 0 0;3 2 0 0 0;3 3 0 0 0;3 3 1 0 0;3 4 0 0 0;4 3 0 0 0;4 3 1 0 0;4 4 0 0 0;4 4 1 0 0;5 4 0 0 0;5 4 1 0 0;	2204.77244	5	62.61756	51.84566	82.62253	7	0.00763	1.99267	0.88235	0.84615	0.00000	0	0	82.62253	17.24180	64.34174	2.342982692043778e-57	0.0	2.342982692043778e-57	sp|P04196|HRG_HUMAN	344
2020111CXY-7.9747.9747.2.0.dta	2020111CXY-7.9747.9747.2.0.dta	2020111CXY-7	9747	2593.31425	2805.13996	1403.07362	2	1	EEQFJSTFR		1157.52218	3 5 0 1 0	(N(F)(N(H(N)(H(N)(N(H))))))	184	0 1 0 0 0;0 1 0 1 0;0 2 0 0 0;0 2 0 1 0;1 2 0 0 0;1 2 0 1 0;1 3 0 0 0;1 3 0 1 0;2 2 0 0 0;2 2 0 1 0;2 3 0 0 0;2 3 0 1 0;2 4 0 0 0;2 4 0 1 0;2 5 0 0 0;2 5 0 1 0;3 3 0 0 0;3 3 0 1 0;3 4 0 0 0;3 4 0 1 0;3 5 0 0 0;	1647.61324	5	24.38092	16.99534	38.09700	8	0.00454	1.61936	0.47826	0.68750	0.00000	0	0	38.09700	9.74005	25.35493	1.5545828647495568e-27	0.0	1.5545828647495568e-27	sp|P01859|IGHG2_HUMAN	176
2020111CXY-7.17307.17307.3.0.dta	2020111CXY-7.17307.17307.3.0.dta	2020111CXY-7	17307	4635.47177	4113.63142	1371.88199	3	1	GTAGNALMDGASQLMGEJR	8,Oxidation[M];	1908.85384	5 4 2 0 0	(N(N(H(H(N(H(A))))(H(N(H(A)))))))	754	0 1 0 0 0;0 2 0 0 0;1 2 0 0 0;2 2 0 0 0;2 3 0 0 0;3 2 0 0 0;3 3 0 0 0;3 3 1 0 0;3 4 0 0 0;4 3 0 0 0;4 3 1 0 0;4 4 0 0 0;4 4 1 0 0;5 4 0 0 0;5 4 1 0 0;	2204.77244	18	25.10633	23.67595	27.76275	7	0.00514	1.24877	0.58824	0.41667	0.00000	0	0	27.76275	11.69242	26.27557	2.109745553919173e-20	0.0	2.109745553919173e-20	sp|P02675|FIBB_HUMAN	394
2020111CXY-7.13649.13649.3.0.dta	2020111CXY-7.13649.13649.3.0.dta	2020111CXY-7	13649	3644.74453	3114.21699	1038.74385	3	1	DTFVJASR		909.44247	5 4 2 0 0	(N(N(H(H(N(H(A))))(H(N(H(A)))))))	754	0 1 0 0 0;0 2 0 0 0;1 2 0 0 0;2 2 0 0 0;2 3 0 0 0;3 2 0 0 0;3 3 0 0 0;3 3 1 0 0;3 4 0 0 0;4 3 0 0 0;4 3 1 0 0;4 4 0 0 0;4 4 1 0 0;5 4 0 0 0;5 4 1 0 0;	2204.77244	5	24.01913	25.08508	22.03950	7	0.00208	0.66918	0.41176	0.71429	0.00000	0	0	22.03950	11.07608	25.12674	1.5272174540125644e-16	0.0	1.5272174540125644e-16	sp|P05155|IC1_HUMAN	238
2020111CXY-7.14409.14409.3.0.dta	2020111CXY-7.14409.14409.3.0.dta	2020111CXY-7	14409	3850.60480	3579.56554	1193.86003	3	1	LAGKPTHVJVSVVMAEVDGTCY	21,Carbamidomethyl[C];14,Oxidation[M];	2363.13699	5 2 0 0 0	(N(N(H(H)(H(H)(H)))))	31	0 1 0 0 0;0 2 0 0 0;1 2 0 0 0;2 2 0 0 0;3 2 0 0 0;4 2 0 0 0;	1216.42286	9	8.54392	10.42020	5.05940	4	0.00569	1.59072	0.50000	0.30952	0.00000	0	0	5.05940	8.21360	9.36528	2.7330962448071253e-05	0.0025996533795493936	0.0025996533795493936	sp|P01876|IGHA1_HUMAN	340
2020111CXY-7.19096.19096.3.0.dta	2020111CXY-7.19096.19096.3.0.dta	2020111CXY-7	19096	5115.33152	4569.92818	1523.98091	3	1	AALAAFNAQNJGSNFQLEEISR		2365.15311	5 4 2 0 0	(N(N(H(H(N(H(A))))(H(N(H(A)))))))	754	0 1 0 0 0;0 2 0 0 0;1 2 0 0 0;2 2 0 0 0;2 3 0 0 0;3 2 0 0 0;3 3 0 0 0;3 3 1 0 0;3 4 0 0 0;4 3 0 0 0;4 3 1 0 0;4 4 0 0 0;4 4 1 0 0;5 4 0 0 0;5 4 1 0 0;	2204.77244	11	42.12917	61.61270	5.94548	5	0.00263	0.57593	0.29412	0.76190	0.00000	0	0	5.94548	24.01388	44.53056	7.253224773935966e-06	0.0	7.253224773935966e-06	sp|P02765|FETUA_HUMAN	176
2020111CXY-7.7266.7266.2.0.dta	2020111CXY-7.7266.7266.2.0.dta	2020111CXY-7	7266	1927.25856	2634.04893	1317.52810	2	1	EEQFJSTYR		1173.51708	4 4 0 0 0	(N(N(H(H(H))(H(N)(N)))))	100	0 1 0 0 0;0 2 0 0 0;1 2 0 0 0;2 2 0 0 0;2 3 0 0 0;2 4 0 0 0;3 2 0 0 0;3 3 0 0 0;3 4 0 0 0;4 2 0 0 0;4 3 0 0 0;	1460.52878	5	34.05504	28.26664	44.80491	7	0.00306	1.16264	0.76923	0.75000	0.00000	0	0	44.80491	12.51601	35.30664	6.375281351272341e-32	0.0	6.375281351272341e-32	sp|P01861|IGHG4_HUMAN	177
2020111CXY-7.9968.9968.2.0.dta	2020111CXY-7.9968.9968.2.0.dta	2020111CXY-7	9968	2653.18505	2764.11261	1382.55994	2	1	EEQFJSTFR		1157.52218	4 4 0 1 0	(N(N(H(H(N(H))(N(H)(F))))))	164	0 1 0 0 0;0 2 0 0 0;1 2 0 0 0;2 2 0 0 0;2 3 0 0 0;2 3 0 1 0;2 4 0 0 0;2 4 0 1 0;3 3 0 0 0;3 3 0 1 0;3 4 0 0 0;3 4 0 1 0;4 4 0 0 0;	1606.58669	5	12.14669	10.09979	15.94807	6	0.00374	1.35365	0.40000	0.56250	0.00000	0	0	15.94807	8.27709	12.97440	1.970473829331432e-12	0.0025996533795493936	0.0025996533795493936	sp|P01859|IGHG2_HUMAN	176
2020111CXY-7.13145.13145.2.0.dta	2020111CXY-7.13145.13145.2.0.dta	2020111CXY-7	13145	3508.59495	3260.27414	1630.64071	2	1	DTFVJASR		909.44247	5 4 2 1 0	(N(F)(N(H(H(N(H(A))))(H(N(H(A)))))))	991	0 1 0 0 0;0 1 0 1 0;0 2 0 0 0;0 2 0 1 0;1 2 0 0 0;1 2 0 1 0;2 2 0 0 0;2 2 0 1 0;2 3 0 0 0;2 3 0 1 0;3 2 0 0 0;3 2 0 1 0;3 3 0 0 0;3 3 0 1 0;3 3 1 0 0;3 3 1 1 0;3 4 0 0 0;3 4 0 1 0;4 3 0 0 0;4 3 0 1 0;4 3 1 0 0;4 3 1 1 0;4 4 0 0 0;4 4 0 1 0;4 4 1 0 0;4 4 1 1 0;5 4 0 0 0;5 4 0 1 0;5 4 1 0 0;5 4 1 1 0;5 4 2 0 0;	2350.83035	5	13.45021	14.78677	10.96802	7	0.00132	0.40370	0.27273	0.64286	0.00000	0	0	10.96802	9.65483	14.41569	4.209694541225799e-09	0.0	4.209694541225799e-09	sp|P05155|IC1_HUMAN	238
2020111CXY-7.17718.17718.4.0.dta	2020111CXY-7.17718.17718.4.0.dta	2020111CXY-7	17718	4745.67577	5249.30276	1313.08115	4	1	MVSHHJLTTGATLINEQWLLTTAK		2679.39230	6 5 2 0 0	(N(N(H(H(N(H(A))))(H(N(H))(N(H(A)))))))	1338	0 1 0 0 0;0 2 0 0 0;1 2 0 0 0;2 2 0 0 0;2 3 0 0 0;2 4 0 0 0;3 2 0 0 0;3 3 0 0 0;3 3 1 0 0;3 4 0 0 0;3 4 1 0 0;3 5 0 0 0;4 3 0 0 0;4 3 1 0 0;4 4 0 0 0;4 4 1 0 0;4 5 0 0 0;4 5 1 0 0;5 4 0 0 0;5 4 1 0 0;5 4 2 0 0;5 5 0 0 0;5 5 1 0 0;5 5 2 0 0;6 5 0 0 0;6 5 1 0 0;	2569.90464	6	24.76557	32.75184	9.93392	5	0.00582	1.10948	0.32143	0.56522	0.00000	0	0	9.93392	16.10316	26.37589	2.5104149396289988e-08	0.0	2.5104149396289988e-08	sp|P00739|HPTR_HUMAN/sp|P00738|HPT_HUMAN	126/184
2020111CXY-7.17717.17717.3.0.dta	2020111CXY-7.17717.17717.3.0.dta	2020111CXY-7	17717	4745.39815	4730.05302	1577.35586	3	1	VVLHPJYSQVDIGLIK		1795.01124	7 6 2 0 0	(N(N(H(H(N(H))(N(H(A))))(H(N(H))(N(H(A)))))))	1945	0 1 0 0 0;0 2 0 0 0;1 2 0 0 0;2 2 0 0 0;2 3 0 0 0;2 4 0 0 0;3 2 0 0 0;3 3 0 0 0;3 3 1 0 0;3 4 0 0 0;3 4 1 0 0;3 5 0 0 0;3 6 0 0 0;4 3 0 0 0;4 3 1 0 0;4 4 0 0 0;4 4 1 0 0;4 5 0 0 0;4 5 1 0 0;4 6 0 0 0;4 6 1 0 0;5 4 0 0 0;5 4 1 0 0;5 4 2 0 0;5 5 0 0 0;5 5 1 0 0;5 5 2 0 0;5 6 0 0 0;5 6 1 0 0;5 6 2 0 0;6 5 0 0 0;6 5 1 0 0;6 5 2 0 0;6 6 0 0 0;6 6 1 0 0;6 6 2 0 0;7 6 0 0 0;7 6 1 0 0;	2935.03683	6	17.81709	20.87290	12.14201	5	0.00495	1.04566	0.30000	0.56667	0.00000	0	0	12.14201	8.66185	18.68327	8.396769448567589e-10	0.0009208103130755065	0.0009208103130755065	sp|P00738|HPT_HUMAN	241
2020111CXY-7.15014.15014.3.0.dta	2020111CXY-7.15014.15014.3.0.dta	2020111CXY-7	15014	4014.08666	3649.63414	1217.21623	3	1	TVLTPATNHMGJVTFTIPANR	10,Oxidation[M];	2271.15503	6 2 0 0 0	(N(N(H(H)(H(H(H(H)))))))	61	0 1 0 0 0;0 2 0 0 0;1 2 0 0 0;2 2 0 0 0;3 2 0 0 0;4 2 0 0 0;5 2 0 0 0;	1378.47569	12	45.04605	47.25397	40.94564	7	0.00342	0.93699	0.88889	0.72500	0.00000	0	0	40.94564	18.34468	46.88052	2.747489637153384e-29	0.0	2.747489637153384e-29	sp|P01024|CO3_HUMAN	85
2020111CXY-7.16591.16591.3.0.dta	2020111CXY-7.16591.16591.3.0.dta	2020111CXY-7	16591	4441.43780	3601.39801	1201.13752	3	1	LGJWSAMPSCK	10,Carbamidomethyl[C];	1250.56564	5 4 2 1 0	(N(N(H(H(N(H(A))))(H(N(F)(H(A)))))))	993	0 1 0 0 0;0 2 0 0 0;1 2 0 0 0;2 2 0 0 0;2 3 0 0 0;2 3 0 1 0;3 2 0 0 0;3 3 0 0 0;3 3 0 1 0;3 3 1 0 0;3 3 1 1 0;3 4 0 0 0;3 4 0 1 0;4 3 0 0 0;4 3 0 1 0;4 3 1 0 0;4 3 1 1 0;4 4 0 0 0;4 4 0 1 0;4 4 1 0 0;4 4 1 1 0;5 4 0 0 0;5 4 0 1 0;5 4 1 0 0;5 4 1 1 0;5 4 2 0 0;	2350.83035	3	31.59403	40.52299	15.01168	7	0.00202	0.55983	0.28571	1.00000	0.00000	0	0	15.01168	15.09404	33.10343	9.387518737821688e-12	0.0	9.387518737821688e-12	sp|P02749|APOH_HUMAN	253
2020111CXY-7.14970.14970.3.0.dta	2020111CXY-7.14970.14970.3.0.dta	2020111CXY-7	14970	4002.23282	3484.40635	1162.14030	3	1	GLCVJASAVSR	3,Carbamidomethyl[C];	1133.57317	5 4 2 1 0	(N(F)(N(H(H(N(H(A))))(H(N(H(A)))))))	991	0 1 0 0 0;0 1 0 1 0;0 2 0 0 0;0 2 0 1 0;1 2 0 0 0;1 2 0 1 0;2 2 0 0 0;2 2 0 1 0;2 3 0 0 0;2 3 0 1 0;3 2 0 0 0;3 2 0 1 0;3 3 0 0 0;3 3 0 1 0;3 3 1 0 0;3 3 1 1 0;3 4 0 0 0;3 4 0 1 0;4 3 0 0 0;4 3 0 1 0;4 3 1 0 0;4 3 1 1 0;4 4 0 0 0;4 4 0 1 0;4 4 1 0 0;4 4 1 1 0;5 4 0 0 0;5 4 0 1 0;5 4 1 0 0;5 4 1 1 0;5 4 2 0 0;	2350.83035	5	10.69928	12.34183	7.64882	6	0.00283	0.81252	0.27273	0.50000	0.00000	0	0	7.64882	8.50849	11.55013	5.185899721990763e-07	0.0009208103130755065	0.0009208103130755065	sp|P17936|IBP3_HUMAN	116
2020111CXY-7.4103.4103.3.0.dta	2020111CXY-7.4103.4103.3.0.dta	2020111CXY-7	4103	1083.83098	2858.11614	953.37690	3	1	HJSTGCLR	6,Carbamidomethyl[C];	944.43667	5 4 1 0 0	(N(N(H(H(N(H)))(H(N(H(A)))))))	380	0 1 0 0 0;0 2 0 0 0;1 2 0 0 0;2 2 0 0 0;2 3 0 0 0;3 2 0 0 0;3 3 0 0 0;3 3 1 0 0;3 4 0 0 0;4 3 0 0 0;4 3 1 0 0;4 4 0 0 0;4 4 1 0 0;5 4 0 0 0;	1913.67702	2	39.44497	20.61780	74.40972	7	0.00245	0.85598	0.87500	0.71429	0.00000	0	0	74.40972	8.02595	40.24756	5.026181759476605e-52	0.003352891869237217	0.003352891869237217	sp|P10909|CLUS_HUMAN	291
2020111CXY-7.18393.18393.4.1.dta	2020111CXY-7.18393.18393.4.1.dta	2020111CXY-7	18393	4926.75657	4808.93270	1202.98863	4	1	SPYYJVSDEISFHCYDGYTLR	14,Carbamidomethyl[C];	2586.12415	6 4 0 3 0	(N(F)(N(H(H(H))(H(N(H)(F))(N(H)(F))))))	788	0 1 0 0 0;0 1 0 1 0;0 2 0 0 0;0 2 0 1 0;1 2 0 0 0;1 2 0 1 0;2 2 0 0 0;2 2 0 1 0;2 3 0 0 0;2 3 0 1 0;2 3 0 2 0;2 4 0 0 0;2 4 0 1 0;2 4 0 2 0;2 4 0 3 0;3 2 0 0 0;3 2 0 1 0;3 3 0 0 0;3 3 0 1 0;3 3 0 2 0;3 4 0 0 0;3 4 0 1 0;3 4 0 2 0;3 4 0 3 0;4 2 0 0 0;4 2 0 1 0;4 3 0 0 0;4 3 0 1 0;4 3 0 2 0;4 4 0 0 0;4 4 0 1 0;4 4 0 2 0;4 4 0 3 0;5 3 0 0 0;5 3 0 1 0;5 3 0 2 0;5 4 0 0 0;5 4 0 1 0;5 4 0 2 0;5 4 0 3 0;6 4 0 0 0;6 4 0 1 0;6 4 0 2 0;	2222.80816	5	26.91244	32.11216	17.25581	7	0.00039	0.08176	0.26667	0.60000	0.00000	0	0	17.25581	15.15262	28.42770	2.801941687918252e-13	0.0	2.801941687918252e-13	sp|P00751|CFAB_HUMAN	122
2020111CXY-7.17432.17432.3.0.dta	2020111CXY-7.17432.17432.3.0.dta	2020111CXY-7	17432	4669.43250	3745.68811	1249.23422	3	1	VDKDLQSLEDILHQVEJK		2123.09789	5 4 0 0 0	(N(N(H(H(N(H)))(H(N(H))))))	175	0 1 0 0 0;0 2 0 0 0;1 2 0 0 0;2 2 0 0 0;2 3 0 0 0;3 2 0 0 0;3 3 0 0 0;3 4 0 0 0;4 3 0 0 0;4 4 0 0 0;	1622.58161	17	15.18320	12.60609	19.96926	6	0.00862	2.30079	0.66667	0.35294	0.00000	0	0	19.96926	8.92554	16.07575	3.392551690703843e-15	0.0	3.392551690703843e-15	sp|P02679|FIBG_HUMAN	78
2020111CXY-7.18264.18264.3.0.dta	2020111CXY-7.18264.18264.3.0.dta	2020111CXY-7	18264	4891.74952	4719.90112	1573.97189	3	1	QQQHLFGSJVTDCSGJFCLFR	13,Carbamidomethyl[C];18,Carbamidomethyl[C];	2515.12414	5 4 2 0 0	(N(N(H(H(N(H(A))))(H(N(H(A)))))))	754	0 1 0 0 0;0 2 0 0 0;1 2 0 0 0;2 2 0 0 0;2 3 0 0 0;3 2 0 0 0;3 3 0 0 0;3 3 1 0 0;3 4 0 0 0;4 3 0 0 0;4 3 1 0 0;4 4 0 0 0;4 4 1 0 0;5 4 0 0 0;5 4 1 0 0;	2204.77244	9	45.09578	67.13274	4.16999	4	0.00454	0.96145	0.23529	0.72500	0.00000	0	0	4.16999	24.73229	47.56901	0.00011357903406972784	0.0	0.00011357903406972784	sp|P02787|TRFE_HUMAN	630
2020111CXY-7.17567.17567.3.0.dta	2020111CXY-7.17567.17567.3.0.dta	2020111CXY-7	17567	4705.01825	4429.81033	1477.27496	3	1	QQQHLFGSJVTDCSGJFCLFR	13,Carbamidomethyl[C];18,Carbamidomethyl[C];	2515.12414	5 4 0 2 0	(N(N(H(H(N(H(F))))(H(N(H(F)))))))	384	0 1 0 0 0;0 2 0 0 0;1 2 0 0 0;2 2 0 0 0;2 3 0 0 0;3 2 0 0 0;3 3 0 0 0;3 3 0 1 0;3 4 0 0 0;4 3 0 0 0;4 3 0 1 0;4 4 0 0 0;4 4 0 1 0;5 4 0 0 0;5 4 0 1 0;	1914.69742	9	18.55255	25.93101	4.84970	4	-0.01124	-2.53659	0.35294	0.55000	0.00000	0	0	4.84970	11.75659	19.72821	3.8352236187461266e-05	0.0	3.8352236187461266e-05	sp|P02787|TRFE_HUMAN	630
2020111CXY-7.7081.7081.2.0.dta	2020111CXY-7.7081.7081.2.0.dta	2020111CXY-7	7081	1877.91288	2438.06011	1219.53369	2	1	TLLJASR		774.44683	4 5 0 0 0	(N(N(H(N)(H(N))(H(N(H))))))	193	0 1 0 0 0;0 2 0 0 0;1 2 0 0 0;1 3 0 0 0;2 2 0 0 0;2 3 0 0 0;2 4 0 0 0;3 2 0 0 0;3 3 0 0 0;3 4 0 0 0;3 5 0 0 0;4 3 0 0 0;4 4 0 0 0;	1663.60816	4	25.80862	20.35392	35.93877	7	0.00512	2.10082	0.60000	0.83333	0.00000	0	0	35.93877	9.48844	26.75746	6.294309235743218e-26	0.0	6.294309235743218e-26	sp|P01880|IGHD_HUMAN	367
2020111CXY-7.2925.2925.3.0.dta	2020111CXY-7.2925.2925.3.0.dta	2020111CXY-7	2925	770.15287	3828.51495	1276.84317	3	1	HSHNJJSSDLHPHK		1623.73709	5 4 2 0 0	(N(N(H(H(N(H(A))))(H(N(H(A)))))))	754	0 1 0 0 0;0 2 0 0 0;1 2 0 0 0;2 2 0 0 0;2 3 0 0 0;3 2 0 0 0;3 3 0 0 0;3 3 1 0 0;3 4 0 0 0;4 3 0 0 0;4 3 1 0 0;4 4 0 0 0;4 4 1 0 0;5 4 0 0 0;5 4 1 0 0;	2204.77244	5	57.02409	48.04383	73.70171	7	0.00542	1.41595	0.88235	0.73077	0.00000	0	0	73.70171	17.62816	58.78691	1.1073825544807752e-51	0.0	1.1073825544807752e-51	sp|P04196|HRG_HUMAN	344
2020111CXY-7.4759.4759.3.0.dta	2020111CXY-7.4759.4759.3.0.dta	2020111CXY-7	4759	1258.70530	2903.19789	968.40415	3	1	PREEQYJSTYR		1442.66586	4 4 0 0 0	(N(N(H(H(H))(H(N)(N)))))	100	0 1 0 0 0;0 2 0 0 0;1 2 0 0 0;2 2 0 0 0;2 3 0 0 0;2 4 0 0 0;3 2 0 0 0;3 3 0 0 0;3 4 0 0 0;4 2 0 0 0;4 3 0 0 0;	1460.52878	7	41.82325	31.07874	61.77735	7	0.00325	1.11823	0.92308	0.65000	0.00000	0	0	61.77735	12.75123	43.09837	2.215921965008806e-43	0.0	2.215921965008806e-43	sp|P01857|IGHG1_HUMAN	180
2020111CXY-7.12285.12285.4.3.dta	2020111CXY-7.12285.12285.4.3.dta	2020111CXY-7	12285	3277.62676	4137.76872	1035.19764	4	1	TCQAWSSMTPHSHSRTPEYYPNAGLIMJYCR	2,Carbamidomethyl[C];30,Carbamidomethyl[C];8,Oxidation[M];	3731.62463	0 2 0 0 0	(N(N))	2	0 1 0 0 0;	406.15875	28	3.99823	6.15113	0.00000	0	-0.01465	-3.54050	0.00000	0.18333	0.00000	0	0	0.00000	7.39049	4.73728	0	0.00944138473642801	0.00944138473642801	sp|P08519|APOA_HUMAN/sp|P08519|APOA_HUMAN/sp|P08519|APOA_HUMAN/sp|P08519|APOA_HUMAN/sp|P08519|APOA_HUMAN/sp|P08519|APOA_HUMAN/sp|P08519|APOA_HUMAN/sp|P08519|APOA_HUMAN/sp|P08519|APOA_HUMAN/sp|P08519|APOA_HUMAN/sp|P08519|APOA_HUMAN/sp|P08519|APOA_HUMAN/sp|P08519|APOA_HUMAN/sp|P08519|APOA_HUMAN/sp|P08519|APOA_HUMAN/sp|P08519|APOA_HUMAN/sp|P08519|APOA_HUMAN/sp|P08519|APOA_HUMAN/sp|P08519|APOA_HUMAN/sp|P08519|APOA_HUMAN/sp|P08519|APOA_HUMAN/sp|P08519|APOA_HUMAN/sp|P08519|APOA_HUMAN/sp|P08519|APOA_HUMAN/sp|P08519|APOA_HUMAN/sp|P08519|APOA_HUMAN/sp|P08519|APOA_HUMAN/sp|P08519|APOA_HUMAN/sp|P08519|APOA_HUMAN	189/303/417/531/645/759/873/987/1101/1215/1329/1443/1557/1671/1785/1899/2013/2127/2241/2355/2469/2583/2697/2811/2925/3039/3153/3267/3381
2020111CXY-7.5842.5842.2.0.dta	2020111CXY-7.5842.5842.2.0.dta	2020111CXY-7	5842	1547.65105	2634.04866	1317.52797	2	1	EEQYJSTYR		1189.51199	3 4 0 1 0	(N(N(H(H(N))(H(N(F))))))	89	0 1 0 0 0;0 2 0 0 0;1 2 0 0 0;2 2 0 0 0;2 3 0 0 0;2 3 0 1 0;3 2 0 0 0;3 3 0 0 0;3 3 0 1 0;3 4 0 0 0;	1444.53387	5	64.94481	78.29414	40.15320	7	0.00280	1.06341	0.75000	1.25000	0.00000	0	0	40.15320	22.62032	67.20684	7.677282189106754e-29	0.0	7.677282189106754e-29	sp|P01857|IGHG1_HUMAN	180
2020111CXY-7.14543.14543.4.0.dta	2020111CXY-7.14543.14543.4.0.dta	2020111CXY-7	14543	3887.05915	4968.10358	1242.78135	4	1	NJATVHEQVGGPSLTSDLQAQSK		2381.16916	3 7 1 1 1	(N(N(H(N)(H(N)(N(F)))(H(N)(N(pH(A)))))))	9462	0 1 0 0 0;0 2 0 0 0;1 2 0 0 0;1 3 0 0 0;2 2 0 0 0;2 3 0 0 0;2 3 0 0 1;2 3 0 1 0;2 3 1 0 1;2 4 0 0 0;2 4 0 0 1;2 4 0 1 0;2 4 1 0 1;2 5 0 0 0;2 5 0 0 1;2 5 0 1 0;2 5 1 0 1;3 2 0 0 0;3 3 0 0 0;3 3 0 0 1;3 3 0 1 0;3 3 1 0 1;3 4 0 0 0;3 4 0 0 1;3 4 0 1 0;3 4 0 1 1;3 4 1 0 1;3 4 1 1 1;3 5 0 0 0;3 5 0 0 1;3 5 0 1 0;3 5 0 1 1;3 5 1 0 1;3 5 1 1 1;3 6 0 0 0;3 6 0 0 1;3 6 0 1 0;3 6 0 1 1;3 6 1 0 1;3 6 1 1 1;3 7 0 0 0;3 7 0 0 1;3 7 0 1 0;3 7 0 1 1;3 7 1 0 1;	2586.88656	2	11.04059	12.44653	8.42955	6	0.04786	9.63436	0.17021	0.38636	0.00000	0	0	8.42955	8.71096	11.91169	1.951083381474088e-07	0.0009208103130755065	0.0009208103130755065	sp|P04004|VTNC_HUMAN	86
2020111CXY-7.19098.19098.3.0.dta	2020111CXY-7.19098.19098.3.0.dta	2020111CXY-7	19098	5115.86303	4586.95603	1529.65686	3	1	AALAAFNAQNJGSNFQLEEISR		2365.15311	6 4 1 1 0	(N(N(H(H(N(H(H))))(H(N(F)(H(A)))))))	783	0 1 0 0 0;0 2 0 0 0;1 2 0 0 0;2 2 0 0 0;2 3 0 0 0;2 3 0 1 0;3 2 0 0 0;3 3 0 0 0;3 3 0 1 0;3 3 1 0 0;3 3 1 1 0;3 4 0 0 0;3 4 0 1 0;4 3 0 0 0;4 3 0 1 0;4 3 1 0 0;4 3 1 1 0;4 4 0 0 0;4 4 0 1 0;4 4 1 0 0;4 4 1 1 0;5 3 0 0 0;5 4 0 0 0;5 4 0 1 0;5 4 1 0 0;5 4 1 1 0;6 4 0 0 0;6 4 0 1 0;6 4 1 0 0;	2221.78776	11	40.52130	59.69693	4.90943	5	0.01516	3.30508	0.16129	0.73810	0.00000	0	0	4.90943	23.49700	42.87100	3.4103891544041604e-05	0.0	3.4103891544041604e-05	sp|P02765|FETUA_HUMAN	176
2020111CXY-7.13031.13031.4.0.dta	2020111CXY-7.13031.13031.4.0.dta	2020111CXY-7	13031	3478.00808	4225.76287	1057.19618	4	1	IPCSQPPQIEHGTIJSSR	3,Carbamidomethyl[C];	2020.98690	5 4 2 0 0	(N(N(H(H(N(H(A))))(H(N(H(A)))))))	754	0 1 0 0 0;0 2 0 0 0;1 2 0 0 0;2 2 0 0 0;2 3 0 0 0;3 2 0 0 0;3 3 0 0 0;3 3 1 0 0;3 4 0 0 0;4 3 0 0 0;4 3 1 0 0;4 4 0 0 0;4 4 1 0 0;5 4 0 0 0;5 4 1 0 0;	2204.77244	15	60.60922	49.95029	80.40437	7	0.00353	0.83582	0.76471	0.61765	0.00000	0	0	80.40437	18.16521	62.42574	3.9766426738921438e-56	0.0	3.9766426738921438e-56	sp|P08603|CFAH_HUMAN	882
2020111CXY-7.13503.13503.2.0.dta	2020111CXY-7.13503.13503.2.0.dta	2020111CXY-7	13503	3605.09331	2729.19538	1365.10133	2	1	HAJWTLTPLK		1180.64732	4 3 1 0 0	(N(N(H(H)(H(N(H(A)))))))	126	0 1 0 0 0;0 2 0 0 0;1 2 0 0 0;2 2 0 0 0;2 3 0 0 0;3 2 0 0 0;3 3 0 0 0;3 3 1 0 0;4 3 0 0 0;	1548.54483	3	92.95495	110.66959	60.05633	7	0.00323	1.18513	0.90909	1.33333	0.00000	0	0	60.05633	30.40541	95.99549	2.0551020354622112e-42	0.0	2.0551020354622112e-42	sp|P27169|PON1_HUMAN	253
2020111CXY-7.15727.15727.3.0.dta	2020111CXY-7.15727.15727.3.0.dta	2020111CXY-7	15727	4207.24393	3795.69381	1265.90279	3	1	TVLTPATNHMGJVTFTIPANR		2255.16011	7 2 0 0 0	(N(N(H(H)(H(H(H(H(H))))))))	118	0 1 0 0 0;0 2 0 0 0;1 2 0 0 0;2 2 0 0 0;3 2 0 0 0;4 2 0 0 0;5 2 0 0 0;6 2 0 0 0;	1540.52851	12	42.71051	45.46901	37.58759	7	0.00519	1.36608	0.80000	0.65000	0.00000	0	0	37.58759	17.36951	44.44746	3.625468949995751e-27	0.0	3.625468949995751e-27	sp|P01024|CO3_HUMAN	85
2020111CXY-7.14012.14012.5.0.dta	2020111CXY-7.14012.14012.5.0.dta	2020111CXY-7	14012	3743.19743	4448.96217	890.59825	5	1	VYIHPFHLVIHJESTCEQLAK	16,Carbamidomethyl[C];	2535.28128	5 4 1 0 0	(N(N(H(H(N(H)))(H(N(H(A)))))))	380	0 1 0 0 0;0 2 0 0 0;1 2 0 0 0;2 2 0 0 0;2 3 0 0 0;3 2 0 0 0;3 3 0 0 0;3 3 1 0 0;3 4 0 0 0;4 3 0 0 0;4 3 1 0 0;4 4 0 0 0;4 4 1 0 0;5 4 0 0 0;	1913.67702	12	34.90703	35.66035	33.50800	7	0.00386	0.86863	0.50000	0.60000	0.00000	0	0	33.50800	13.73230	36.28026	2.8953472008107225e-24	0.0	2.8953472008107225e-24	sp|P01019|ANGT_HUMAN	47
2020111CXY-7.17317.17317.3.0.dta	2020111CXY-7.17317.17317.3.0.dta	2020111CXY-7	17317	4638.14991	3806.53916	1269.51790	3	1	GTAGNALMDGASQLMGEJR		1892.85892	5 4 1 0 0	(N(N(H(H(N(H)))(H(N(H(A)))))))	380	0 1 0 0 0;0 2 0 0 0;1 2 0 0 0;2 2 0 0 0;2 3 0 0 0;3 2 0 0 0;3 3 0 0 0;3 3 1 0 0;3 4 0 0 0;4 3 0 0 0;4 3 1 0 0;4 4 0 0 0;4 4 1 0 0;5 4 0 0 0;	1913.67702	18	44.55314	50.33145	33.82200	7	0.00321	0.84342	0.62500	0.58333	0.00000	0	0	33.82200	17.70481	46.32362	1.3628238024431349e-24	0.0	1.3628238024431349e-24	sp|P02675|FIBB_HUMAN	394
2020111CXY-7.19235.19235.5.0.dta	2020111CXY-7.19235.19235.5.0.dta	2020111CXY-7	19235	5152.77908	5643.34925	1129.47567	5	1	FJLTETSEAEIHQSFQHLLR		2400.19425	8 6 2 1 0	(N(N(H(H(N(H))(N(F)(H(A))))(H(N(H(H)))(N(H(A)))))))	2366	0 1 0 0 0;0 2 0 0 0;1 2 0 0 0;2 2 0 0 0;2 3 0 0 0;2 3 0 1 0;2 4 0 0 0;2 4 0 1 0;3 2 0 0 0;3 3 0 0 0;3 3 0 1 0;3 3 1 0 0;3 3 1 1 0;3 4 0 0 0;3 4 0 1 0;3 4 1 0 0;3 4 1 1 0;3 5 0 0 0;3 5 0 1 0;3 6 0 0 0;3 6 0 1 0;4 3 0 0 0;4 3 0 1 0;4 3 1 0 0;4 3 1 1 0;4 4 0 0 0;4 4 0 1 0;4 4 1 0 0;4 4 1 1 0;4 5 0 0 0;4 5 0 1 0;4 5 1 0 0;4 5 1 1 0;4 6 0 0 0;4 6 0 1 0;4 6 1 0 0;4 6 1 1 0;5 3 0 0 0;5 4 0 0 0;5 4 0 1 0;5 4 1 0 0;5 4 1 1 0;5 4 2 0 0;5 4 2 1 0;5 5 0 0 0;5 5 0 1 0;5 5 1 0 0;5 5 1 1 0;5 5 2 0 0;5 5 2 1 0;5 6 0 0 0;5 6 0 1 0;5 6 1 0 0;5 6 1 1 0;5 6 2 0 0;5 6 2 1 0;6 4 0 0 0;6 4 0 1 0;6 4 1 0 0;6 4 1 1 0;6 5 0 0 0;6 5 0 1 0;6 5 1 0 0;6 5 1 1 0;6 5 2 0 0;6 5 2 1 0;6 6 0 0 0;6 6 0 1 0;6 6 1 0 0;6 6 1 1 0;6 6 2 0 0;6 6 2 1 0;7 5 0 0 0;7 5 0 1 0;7 5 1 0 0;7 5 1 1 0;7 5 2 0 0;7 5 2 1 0;7 6 0 0 0;7 6 0 1 0;7 6 1 0 0;7 6 1 1 0;7 6 2 0 0;7 6 2 1 0;8 6 0 0 0;8 6 0 1 0;8 6 1 0 0;8 6 1 1 0;8 6 2 0 0;	3243.14756	2	9.86029	11.18187	7.40594	6	0.00743	1.31691	0.09890	0.39474	0.00000	0	0	7.40594	7.84870	10.64516	7.84733397378315e-07	0.004966887417218543	0.004966887417218543	sp|P01011|AACT_HUMAN	106
2020111CXY-7.19243.19243.4.1.dta	2020111CXY-7.19243.19243.4.1.dta	2020111CXY-7	19243	5154.86087	5282.12849	1321.28758	4	1	ELPGVCJETMMALWEECKPCLK	6,Carbamidomethyl[C];17,Carbamidomethyl[C];20,Carbamidomethyl[C];	2695.20569	3 7 1 1 1	(N(N(H(N)(H(N)(N))(H(N)(N(F)(pH(A)))))))	9466	0 1 0 0 0;0 2 0 0 0;1 2 0 0 0;1 3 0 0 0;2 2 0 0 0;2 3 0 0 0;2 3 0 0 1;2 3 0 1 0;2 3 0 1 1;2 3 1 0 1;2 3 1 1 1;2 4 0 0 0;2 4 0 0 1;2 4 0 1 0;2 4 0 1 1;2 4 1 0 1;2 4 1 1 1;2 5 0 0 0;2 5 0 0 1;2 5 0 1 0;2 5 0 1 1;2 5 1 0 1;2 5 1 1 1;3 2 0 0 0;3 3 0 0 0;3 3 0 0 1;3 3 0 1 0;3 3 0 1 1;3 3 1 0 1;3 3 1 1 1;3 4 0 0 0;3 4 0 0 1;3 4 0 1 0;3 4 0 1 1;3 4 1 0 1;3 4 1 1 1;3 5 0 0 0;3 5 0 0 1;3 5 0 1 0;3 5 0 1 1;3 5 1 0 1;3 5 1 1 1;3 6 0 0 0;3 6 0 0 1;3 6 0 1 0;3 6 0 1 1;3 6 1 0 1;3 6 1 1 1;3 7 0 0 0;3 7 0 0 1;3 7 0 1 0;3 7 0 1 1;3 7 1 0 1;	2586.88656	7	20.37036	28.21499	5.80177	5	0.03625	6.86229	0.14545	0.54762	0.00000	0	0	5.80177	13.31830	21.70219	8.815692609563414e-06	0.0	8.815692609563414e-06	sp|P10909|CLUS_HUMAN	103
2020111CXY-7.5496.5496.3.0.dta	2020111CXY-7.5496.5496.3.0.dta	2020111CXY-7	5496	1455.29560	3773.54373	1258.51943	3	1	KKEDALJETR		1203.63279	6 5 2 0 0	(N(N(H(H(N(H(A))))(H(N(H))(N(H(A)))))))	1338	0 1 0 0 0;0 2 0 0 0;1 2 0 0 0;2 2 0 0 0;2 3 0 0 0;2 4 0 0 0;3 2 0 0 0;3 3 0 0 0;3 3 1 0 0;3 4 0 0 0;3 4 1 0 0;3 5 0 0 0;4 3 0 0 0;4 3 1 0 0;4 4 0 0 0;4 4 1 0 0;4 5 0 0 0;4 5 1 0 0;5 4 0 0 0;5 4 1 0 0;5 4 2 0 0;5 5 0 0 0;5 5 1 0 0;5 5 2 0 0;6 5 0 0 0;6 5 1 0 0;	2569.90464	7	48.47125	36.89698	69.96634	7	0.00631	1.67084	0.57143	0.83333	0.00000	0	0	69.96634	14.06043	49.87729	5.150594990631286e-49	0.0	5.150594990631286e-49	sp|P10909|CLUS_HUMAN	86
2020111CXY-7.19659.19659.4.1.dta	2020111CXY-7.19659.19659.4.1.dta	2020111CXY-7	19659	5266.67867	5556.19380	1389.80391	4	1	ELPGVCJETMMALWEECKPCLK	6,Carbamidomethyl[C];17,Carbamidomethyl[C];20,Carbamidomethyl[C];	2695.20569	6 5 3 0 0	(N(N(H(H(N(H(A))))(H(N(H(A)))(N(H(A)))))))	1823	0 1 0 0 0;0 2 0 0 0;1 2 0 0 0;2 2 0 0 0;2 3 0 0 0;2 4 0 0 0;3 2 0 0 0;3 3 0 0 0;3 3 1 0 0;3 4 0 0 0;3 4 1 0 0;3 5 0 0 0;4 3 0 0 0;4 3 1 0 0;4 4 0 0 0;4 4 1 0 0;4 4 2 0 0;4 5 0 0 0;4 5 1 0 0;5 4 0 0 0;5 4 1 0 0;5 4 2 0 0;5 5 0 0 0;5 5 1 0 0;5 5 2 0 0;6 5 0 0 0;6 5 1 0 0;6 5 2 0 0;	2861.00005	7	10.27124	14.57884	2.27141	4	-0.01194	-2.14959	0.13333	0.42857	0.00000	0	0	2.27141	9.70676	11.24192	0.0017638778466685075	0.0	0.0017638778466685075	sp|P10909|CLUS_HUMAN	103
2020111CXY-7.13532.13532.3.0.dta	2020111CXY-7.13532.13532.3.0.dta	2020111CXY-7	13532	3612.83707	2729.19397	910.40284	3	1	HAJWTLTPLK		1180.64732	4 3 1 0 0	(N(N(H(H)(H(N(H(A)))))))	126	0 1 0 0 0;0 2 0 0 0;1 2 0 0 0;2 2 0 0 0;2 3 0 0 0;3 2 0 0 0;3 3 0 0 0;3 3 1 0 0;4 3 0 0 0;	1548.54483	3	72.55691	78.17582	62.12179	7	0.00182	0.66703	0.90909	1.16667	0.00000	0	0	62.12179	22.80155	74.83706	1.153313428763267e-43	0.0	1.153313428763267e-43	sp|P27169|PON1_HUMAN	253
2020111CXY-7.6502.6502.3.0.dta	2020111CXY-7.6502.6502.3.0.dta	2020111CXY-7	6502	1721.68255	3449.48851	1150.50102	3	1	TKPREEQFJSTFR		1639.81869	4 5 0 1 0	(N(F)(N(H(N)(H(N(H))(N(H))))))	291	0 1 0 0 0;0 1 0 1 0;0 2 0 0 0;0 2 0 1 0;1 2 0 0 0;1 2 0 1 0;1 3 0 0 0;1 3 0 1 0;2 2 0 0 0;2 2 0 1 0;2 3 0 0 0;2 3 0 1 0;2 4 0 0 0;2 4 0 1 0;2 5 0 0 0;2 5 0 1 0;3 3 0 0 0;3 3 0 1 0;3 4 0 0 0;3 4 0 1 0;3 5 0 0 0;3 5 0 1 0;4 4 0 0 0;4 4 0 1 0;4 5 0 0 0;	1809.66607	9	22.69196	11.65904	43.18167	6	0.00375	1.08744	0.70370	0.50000	0.00000	0	0	43.18167	8.06003	23.49796	7.790054111028022e-31	0.003352891869237217	0.003352891869237217	sp|P01859|IGHG2_HUMAN	176
2020111CXY-7.11008.11008.2.0.dta	2020111CXY-7.11008.11008.2.0.dta	2020111CXY-7	11008	2933.16962	2778.13633	1389.57180	2	1	GVNFJVSK		864.45739	5 4 1 0 0	(N(N(H(H(N(H)))(H(N(H(A)))))))	380	0 1 0 0 0;0 2 0 0 0;1 2 0 0 0;2 2 0 0 0;2 3 0 0 0;3 2 0 0 0;3 3 0 0 0;3 3 1 0 0;3 4 0 0 0;4 3 0 0 0;4 3 1 0 0;4 4 0 0 0;4 4 1 0 0;5 4 0 0 0;	1913.67702	5	49.23832	68.90625	12.71216	6	0.00191	0.68913	0.37500	1.28571	0.00000	0	0	12.71216	19.47018	51.18534	3.796433251049167e-10	0.0	3.796433251049167e-10	sp|P03952|KLKB1_HUMAN	127
2020111CXY-7.9517.9517.2.0.dta	2020111CXY-7.9517.9517.2.0.dta	2020111CXY-7	9517	2531.16418	2764.11208	1382.55968	2	1	EEQFJSTFR		1157.52218	4 4 0 1 0	(N(F)(N(H(H(N))(H(N(H))))))	158	0 1 0 0 0;0 1 0 1 0;0 2 0 0 0;0 2 0 1 0;1 2 0 0 0;1 2 0 1 0;2 2 0 0 0;2 2 0 1 0;2 3 0 0 0;2 3 0 1 0;3 2 0 0 0;3 2 0 1 0;3 3 0 0 0;3 3 0 1 0;3 4 0 0 0;3 4 0 1 0;4 3 0 0 0;4 3 0 1 0;4 4 0 0 0;	1606.58669	5	45.40702	47.37500	41.75222	8	0.00321	1.16119	0.61905	1.00000	0.00000	0	0	41.75222	15.84981	46.99200	7.63860135474464e-30	0.0	7.63860135474464e-30	sp|P01859|IGHG2_HUMAN	176
2020111CXY-7.5778.5778.2.0.dta	2020111CXY-7.5778.5778.2.0.dta	2020111CXY-7	5778	1531.09278	2735.09580	1368.05154	2	1	LISJCSK	5,Carbamidomethyl[C];	821.41856	5 4 1 0 0	(N(N(H(H(N(H)))(H(N(H(A)))))))	380	0 1 0 0 0;0 2 0 0 0;1 2 0 0 0;2 2 0 0 0;2 3 0 0 0;3 2 0 0 0;3 3 0 0 0;3 3 1 0 0;3 4 0 0 0;4 3 0 0 0;4 3 1 0 0;4 4 0 0 0;4 4 1 0 0;5 4 0 0 0;	1913.67702	4	31.46625	38.35671	18.66967	7	0.00022	0.07915	0.43750	1.16667	0.00000	0	0	18.66967	12.58509	32.72476	2.499392495465205e-14	0.0	2.499392495465205e-14	sp|P05156|CFAI_HUMAN	494
2020111CXY-7.15648.15648.4.3.dta	2020111CXY-7.15648.15648.4.3.dta	2020111CXY-7	15648	4185.78400	3795.69243	949.67857	4	1	TVLTPATNHMGJVTFTIPANR		2255.16011	3 4 0 0 1	(N(N(H(pH(N(H))(N(H))))))	3407	0 1 0 0 0;0 2 0 0 0;1 2 0 0 0;1 2 0 0 1;1 3 0 0 1;1 4 0 0 1;2 3 0 0 1;2 4 0 0 1;	1540.49511	12	25.81953	34.36011	9.95845	5	0.03720	9.80123	0.50000	0.57500	0.00000	0	0	9.95845	15.27785	27.34732	2.2987605483819813e-08	0.0	2.2987605483819813e-08	sp|P01024|CO3_HUMAN	85
2020111CXY-7.16128.16128.3.0.dta	2020111CXY-7.16128.16128.3.0.dta	2020111CXY-7	16128	4316.26485	4156.81288	1386.27581	3	1	LAGKPTHVJVSVVMAEVDGTCY	21,Carbamidomethyl[C];	2347.14207	4 5 0 1 0	(N(F)(N(H(N)(H(N(H))(N(H))))))	291	0 1 0 0 0;0 1 0 1 0;0 2 0 0 0;0 2 0 1 0;1 2 0 0 0;1 2 0 1 0;1 3 0 0 0;1 3 0 1 0;2 2 0 0 0;2 2 0 1 0;2 3 0 0 0;2 3 0 1 0;2 4 0 0 0;2 4 0 1 0;2 5 0 0 0;2 5 0 1 0;3 3 0 0 0;3 3 0 1 0;3 4 0 0 0;3 4 0 1 0;3 5 0 0 0;3 5 0 1 0;4 4 0 0 0;4 4 0 1 0;4 5 0 0 0;	1809.66607	9	24.84772	24.59810	25.31130	7	0.00474	1.13960	0.51852	0.50000	0.00000	0	0	25.31130	12.49360	26.09708	1.1672453977014326e-18	0.0	1.1672453977014326e-18	sp|P01876|IGHA1_HUMAN	340
2020111CXY-7.18429.18429.3.0.dta	2020111CXY-7.18429.18429.3.0.dta	2020111CXY-7	18429	4936.30140	3390.43167	1130.81541	3	1	CGLVPVLAENYJK	1,Carbamidomethyl[C];	1476.75152	5 4 1 0 0	(N(N(H(H(N(H)))(H(N(H(A)))))))	380	0 1 0 0 0;0 2 0 0 0;1 2 0 0 0;2 2 0 0 0;2 3 0 0 0;3 2 0 0 0;3 3 0 0 0;3 3 1 0 0;3 4 0 0 0;4 3 0 0 0;4 3 1 0 0;4 4 0 0 0;4 4 1 0 0;5 4 0 0 0;	1913.67702	12	30.08824	38.69091	14.11186	6	0.00312	0.92156	0.43750	0.75000	0.00000	0	0	14.11186	14.47865	31.53611	3.0900334044726325e-11	0.0	3.0900334044726325e-11	sp|P02787|TRFE_HUMAN	432
2020111CXY-7.6015.6015.3.0.dta	2020111CXY-7.6015.6015.3.0.dta	2020111CXY-7	6015	1592.51127	2853.12329	951.71262	3	1	EEQYJSTYR		1189.51199	4 5 0 0 0	(N(N(H(N)(H(N(H))(N(H))))))	194	0 1 0 0 0;0 2 0 0 0;1 2 0 0 0;1 3 0 0 0;2 2 0 0 0;2 3 0 0 0;2 4 0 0 0;2 5 0 0 0;3 3 0 0 0;3 4 0 0 0;3 5 0 0 0;4 4 0 0 0;	1663.60816	5	66.68472	79.22398	43.39752	6	0.00315	1.10297	0.71429	1.25000	0.00000	0	0	43.39752	22.71346	68.95607	5.797388413372389e-31	0.0	5.797388413372389e-31	sp|P01857|IGHG1_HUMAN	180
2020111CXY-7.5110.5110.2.0.dta	2020111CXY-7.5110.5110.2.0.dta	2020111CXY-7	5110	1353.63646	3344.35479	1672.68103	2	1	YKJNSDISSTR		1284.61786	5 4 1 1 0	(N(F)(N(H(H(N(H)))(H(N(H(A)))))))	549	0 1 0 0 0;0 1 0 1 0;0 2 0 0 0;0 2 0 1 0;1 2 0 0 0;1 2 0 1 0;2 2 0 0 0;2 2 0 1 0;2 3 0 0 0;2 3 0 1 0;3 2 0 0 0;3 2 0 1 0;3 3 0 0 0;3 3 0 1 0;3 3 1 0 0;3 3 1 1 0;3 4 0 0 0;3 4 0 1 0;4 3 0 0 0;4 3 0 1 0;4 3 1 0 0;4 3 1 1 0;4 4 0 0 0;4 4 0 1 0;4 4 1 0 0;4 4 1 1 0;5 4 0 0 0;5 4 0 1 0;5 4 1 0 0;	2059.73493	3	69.81210	55.12007	97.09730	9	0.00200	0.59763	0.77419	1.05000	0.00000	0	0	97.09730	18.03671	71.61577	3.5750747776036805e-67	0.0	3.5750747776036805e-67	sp|P01871|IGHM_HUMAN	46
2020111CXY-7.11937.11937.2.0.dta	2020111CXY-7.11937.11937.2.0.dta	2020111CXY-7	11937	3184.50475	2909.14939	1455.07833	2	1	EEQFJSTFR		1157.52218	4 4 1 0 0	(N(N(H(H(N(H))(N(H(A)))))))	238	0 1 0 0 0;0 2 0 0 0;1 2 0 0 0;2 2 0 0 0;2 3 0 0 0;2 4 0 0 0;3 3 0 0 0;3 3 1 0 0;3 4 0 0 0;3 4 1 0 0;4 4 0 0 0;	1751.62420	5	20.96865	15.75408	30.65285	6	0.00301	1.03395	0.61538	0.62500	0.00000	0	0	30.65285	9.86017	21.95467	1.8712707065725794e-22	0.0	1.8712707065725794e-22	sp|P01859|IGHG2_HUMAN	176
2020111CXY-7.12867.12867.2.0.dta	2020111CXY-7.12867.12867.2.0.dta	2020111CXY-7	12867	3434.15381	3175.25668	1588.13198	2	1	JYTLTGR		824.42608	5 4 2 1 0	(N(F)(N(H(H(N(H(A))))(H(N(H(A)))))))	991	0 1 0 0 0;0 1 0 1 0;0 2 0 0 0;0 2 0 1 0;1 2 0 0 0;1 2 0 1 0;2 2 0 0 0;2 2 0 1 0;2 3 0 0 0;2 3 0 1 0;3 2 0 0 0;3 2 0 1 0;3 3 0 0 0;3 3 0 1 0;3 3 1 0 0;3 3 1 1 0;3 4 0 0 0;3 4 0 1 0;4 3 0 0 0;4 3 0 1 0;4 3 1 0 0;4 3 1 1 0;4 4 0 0 0;4 4 0 1 0;4 4 1 0 0;4 4 1 1 0;5 4 0 0 0;5 4 0 1 0;5 4 1 0 0;5 4 1 1 0;5 4 2 0 0;	2350.83035	1	26.12223	31.20045	16.69126	8	0.00024	0.07626	0.30303	1.16667	0.00000	0	0	16.69126	12.10238	27.33247	5.671244165257685e-13	0.0	5.671244165257685e-13	sp|P10643|CO7_HUMAN	754
2020111CXY-7.5675.5675.2.0.dta	2020111CXY-7.5675.5675.2.0.dta	2020111CXY-7	5675	1503.45231	2650.04377	1325.52552	2	1	EEQYJSTYR		1189.51199	4 4 0 0 0	(N(N(H(H(N))(H(N(H))))))	98	0 1 0 0 0;0 2 0 0 0;1 2 0 0 0;2 2 0 0 0;2 3 0 0 0;3 2 0 0 0;3 3 0 0 0;3 4 0 0 0;4 3 0 0 0;	1460.52878	5	47.17198	50.03105	41.86230	7	0.00300	1.13072	0.81818	0.93750	0.00000	0	0	41.86230	15.99975	48.77196	6.325124137506158e-30	0.0	6.325124137506158e-30	sp|P01857|IGHG1_HUMAN	180
2020111CXY-7.17670.17670.3.0.dta	2020111CXY-7.17670.17670.3.0.dta	2020111CXY-7	17670	4732.64060	3888.61145	1296.87533	3	1	LAJLTQGEDQYYLR		1683.83366	5 4 2 0 0	(N(N(H(H(N(H(A))))(H(N(H(A)))))))	754	0 1 0 0 0;0 2 0 0 0;1 2 0 0 0;2 2 0 0 0;2 3 0 0 0;3 2 0 0 0;3 3 0 0 0;3 3 1 0 0;3 4 0 0 0;4 3 0 0 0;4 3 1 0 0;4 4 0 0 0;4 4 1 0 0;5 4 0 0 0;5 4 1 0 0;	2204.77244	3	19.50154	25.23756	8.84893	5	0.00535	1.37503	0.41176	0.73077	0.00000	0	0	8.84893	12.07936	20.70948	1.1132093604783212e-07	0.0	1.1132093604783212e-07	sp|P10909|CLUS_HUMAN	374
2020111CXY-7.17143.17143.3.0.dta	2020111CXY-7.17143.17143.3.0.dta	2020111CXY-7	17143	4591.16701	3390.43147	1130.81534	3	1	CGLVPVLAENYJK	1,Carbamidomethyl[C];	1476.75152	5 4 1 0 0	(N(N(H(H(N(H)))(H(N(H(A)))))))	380	0 1 0 0 0;0 2 0 0 0;1 2 0 0 0;2 2 0 0 0;2 3 0 0 0;3 2 0 0 0;3 3 0 0 0;3 3 1 0 0;3 4 0 0 0;4 3 0 0 0;4 3 1 0 0;4 4 0 0 0;4 4 1 0 0;5 4 0 0 0;	1913.67702	12	51.35094	66.61027	23.01220	7	0.00293	0.86405	0.50000	0.91667	0.00000	0	0	23.01220	21.33348	53.48429	3.87114184105939e-17	0.0	3.87114184105939e-17	sp|P02787|TRFE_HUMAN	432
2020111CXY-7.15820.15820.3.0.dta	2020111CXY-7.15820.15820.3.0.dta	2020111CXY-7	15820	4232.49314	3839.55824	1280.52426	3	1	GTAGNALMDGASQLMGEJR	8,Oxidation[M];	1908.85384	6 4 0 1 0	(N(N(H(H(H))(H(N(H))(N(H)(F))))))	399	0 1 0 0 0;0 2 0 0 0;1 2 0 0 0;2 2 0 0 0;2 3 0 0 0;2 3 0 1 0;2 4 0 0 0;2 4 0 1 0;3 2 0 0 0;3 3 0 0 0;3 3 0 1 0;3 4 0 0 0;3 4 0 1 0;4 2 0 0 0;4 3 0 0 0;4 3 0 1 0;4 4 0 0 0;4 4 0 1 0;5 3 0 0 0;5 3 0 1 0;5 4 0 0 0;5 4 0 1 0;6 4 0 0 0;	1930.69234	18	15.09662	11.39811	21.96529	7	0.01206	3.14171	0.40000	0.25000	0.00000	0	0	21.96529	8.40716	15.93734	1.7105414734786113e-16	0.0018165304268846503	0.0018165304268846503	sp|P02675|FIBB_HUMAN	394
2020111CXY-7.17375.17375.3.0.dta	2020111CXY-7.17375.17375.3.0.dta	2020111CXY-7	17375	4653.85443	4499.80527	1500.60661	3	1	SPYYJVSDEISFHCYDGYTLR	14,Carbamidomethyl[C];	2586.12415	5 4 1 0 0	(N(N(H(H(N(H)))(H(N(H(A)))))))	380	0 1 0 0 0;0 2 0 0 0;1 2 0 0 0;2 2 0 0 0;2 3 0 0 0;3 2 0 0 0;3 3 0 0 0;3 3 1 0 0;3 4 0 0 0;4 3 0 0 0;4 3 1 0 0;4 4 0 0 0;4 4 1 0 0;5 4 0 0 0;	1913.67702	5	66.92997	85.48923	32.46277	7	0.00411	0.91237	0.56250	0.92500	0.00000	0	0	32.46277	27.10586	69.64056	1.2090163550728867e-23	0.0	1.2090163550728867e-23	sp|P00751|CFAB_HUMAN	122
2020111CXY-7.13980.13980.3.0.dta	2020111CXY-7.13980.13980.3.0.dta	2020111CXY-7	13980	3734.55908	3471.33702	1157.78386	3	1	LGJWSAMPSCK	10,Carbamidomethyl[C];7,Oxidation[M];	1266.56055	5 4 2 0 0	(N(N(H(H(N(H(A))))(H(N(H(A)))))))	754	0 1 0 0 0;0 2 0 0 0;1 2 0 0 0;2 2 0 0 0;2 3 0 0 0;3 2 0 0 0;3 3 0 0 0;3 3 1 0 0;3 4 0 0 0;4 3 0 0 0;4 3 1 0 0;4 4 0 0 0;4 4 1 0 0;5 4 0 0 0;5 4 1 0 0;	2204.77244	3	50.31281	56.68852	38.47221	7	0.00403	1.16093	0.58824	1.05000	0.00000	0	0	38.47221	18.62852	52.17566	1.0104230720504895e-27	0.0	1.0104230720504895e-27	sp|P02749|APOH_HUMAN	253
2020111CXY-7.18235.18235.4.0.dta	2020111CXY-7.18235.18235.4.0.dta	2020111CXY-7	18235	4884.13651	4036.77612	1009.94949	4	1	VDKDLQSLEDILHQVEJK		2123.09789	5 4 1 0 0	(N(N(H(H(N(H)))(H(N(H(A)))))))	380	0 1 0 0 0;0 2 0 0 0;1 2 0 0 0;2 2 0 0 0;2 3 0 0 0;3 2 0 0 0;3 3 0 0 0;3 3 1 0 0;3 4 0 0 0;4 3 0 0 0;4 3 1 0 0;4 4 0 0 0;4 4 1 0 0;5 4 0 0 0;	1913.67702	17	32.01179	25.97878	43.21594	7	0.00121	0.30011	0.68750	0.52941	0.00000	0	0	43.21594	13.65816	33.37761	7.230767532150831e-31	0.0	7.230767532150831e-31	sp|P02679|FIBG_HUMAN	78
2020111CXY-7.6731.6731.2.0.dta	2020111CXY-7.6731.6731.2.0.dta	2020111CXY-7	6731	1783.47510	2958.15481	1479.58104	2	1	EEQYJSTYR		1189.51199	5 4 0 1 0	(N(F)(N(H(H(N(H)))(H(N(H))))))	267	0 1 0 0 0;0 1 0 1 0;0 2 0 0 0;0 2 0 1 0;1 2 0 0 0;1 2 0 1 0;2 2 0 0 0;2 2 0 1 0;2 3 0 0 0;2 3 0 1 0;3 2 0 0 0;3 2 0 1 0;3 3 0 0 0;3 3 0 1 0;3 4 0 0 0;3 4 0 1 0;4 3 0 0 0;4 3 0 1 0;4 4 0 0 0;4 4 0 1 0;5 4 0 0 0;	1768.63952	5	8.30905	9.43760	6.21318	6	0.00331	1.11834	0.26087	0.56250	0.00000	0	0	6.21318	8.12367	9.12142	4.441499251560515e-06	0.0025996533795493936	0.0025996533795493936	sp|P01857|IGHG1_HUMAN	180
2020111CXY-7.13538.13538.3.0.dta	2020111CXY-7.13538.13538.3.0.dta	2020111CXY-7	13538	3614.55989	3288.35559	1096.79005	3	1	EJISDPTSPLR		1228.61681	5 4 1 1 0	(N(N(H(H(N(H)(F)))(H(N(H(A)))))))	550	0 1 0 0 0;0 2 0 0 0;1 2 0 0 0;2 2 0 0 0;2 3 0 0 0;2 3 0 1 0;3 2 0 0 0;3 3 0 0 0;3 3 0 1 0;3 3 1 0 0;3 4 0 0 0;3 4 0 1 0;4 3 0 0 0;4 3 0 1 0;4 3 1 0 0;4 4 0 0 0;4 4 0 1 0;4 4 1 0 0;4 4 1 1 0;5 4 0 0 0;5 4 0 1 0;5 4 1 0 0;	2059.73493	2	14.70408	16.22445	11.88055	6	0.00385	1.17009	0.29167	0.65000	0.00000	0	0	11.88055	8.85243	15.58932	1.3231900901607518e-09	0.0	1.3231900901607518e-09	sp|P01591|IGJ_HUMAN	71
2020111CXY-7.9088.9088.2.0.dta	2020111CXY-7.9088.9088.2.0.dta	2020111CXY-7	9088	2417.23922	2602.05957	1301.53343	2	1	EEQFJSTFR		1157.52218	3 4 0 1 0	(N(N(H(H(N))(H(N(F))))))	89	0 1 0 0 0;0 2 0 0 0;1 2 0 0 0;2 2 0 0 0;2 3 0 0 0;2 3 0 1 0;3 2 0 0 0;3 3 0 0 0;3 3 0 1 0;3 4 0 0 0;	1444.53387	5	53.10749	56.59046	46.63913	7	0.00353	1.35549	0.75000	1.00000	0.00000	0	0	46.63913	17.84489	54.89198	2.779820737320323e-33	0.0	2.779820737320323e-33	sp|P01859|IGHG2_HUMAN	176
2020111CXY-7.5665.5665.2.0.dta	2020111CXY-7.5665.5665.2.0.dta	2020111CXY-7	5665	1500.81755	2634.04562	1317.52645	2	1	EEQYJSTYR		1189.51199	3 4 0 1 0	(N(F)(N(H(H(N))(H(N)))))	95	0 1 0 0 0;0 1 0 1 0;0 2 0 0 0;0 2 0 1 0;1 2 0 0 0;1 2 0 1 0;2 2 0 0 0;2 2 0 1 0;2 3 0 0 0;2 3 0 1 0;3 2 0 0 0;3 2 0 1 0;3 3 0 0 0;3 3 0 1 0;3 4 0 0 0;	1444.53387	5	37.52077	34.68942	42.77898	8	-0.00024	-0.09222	0.70588	0.81250	0.00000	0	0	42.77898	12.91070	38.81184	1.3945436598587156e-30	0.0	1.3945436598587156e-30	sp|P01857|IGHG1_HUMAN	180
2020111CXY-7.18346.18346.3.0.dta	2020111CXY-7.18346.18346.3.0.dta	2020111CXY-7	18346	4913.74028	3241.44028	1081.15161	3	1	DLQSLEDILHQVEJK		1780.90757	4 4 0 0 0	(N(N(H(H(N))(H(N(H))))))	98	0 1 0 0 0;0 2 0 0 0;1 2 0 0 0;2 2 0 0 0;2 3 0 0 0;3 2 0 0 0;3 3 0 0 0;3 4 0 0 0;4 3 0 0 0;	1460.52878	14	13.48922	10.04791	19.88024	6	0.00393	1.21102	0.72727	0.39286	0.00000	0	0	19.88024	7.81598	14.27082	4.377121938932533e-15	0.005742411812961444	0.005742411812961444	sp|P02679|FIBG_HUMAN	78
2020111CXY-7.16992.16992.3.0.dta	2020111CXY-7.16992.16992.3.0.dta	2020111CXY-7	16992	4550.04791	4104.71924	1368.91126	3	1	KVCQDCPLLAPLJDTR	3,Carbamidomethyl[C];6,Carbamidomethyl[C];	1899.94153	5 4 2 0 0	(N(N(H(H(N(H(A))))(H(N(H(A)))))))	754	0 1 0 0 0;0 2 0 0 0;1 2 0 0 0;2 2 0 0 0;2 3 0 0 0;3 2 0 0 0;3 3 0 0 0;3 3 1 0 0;3 4 0 0 0;4 3 0 0 0;4 3 1 0 0;4 4 0 0 0;4 4 1 0 0;5 4 0 0 0;5 4 1 0 0;	2204.77244	13	55.48420	53.89966	58.42690	7	0.00527	1.28291	0.82353	0.70000	0.00000	0	0	58.42690	18.61567	57.34577	3.221454949838997e-41	0.0	3.221454949838997e-41	sp|P02765|FETUA_HUMAN	156
2020111CXY-7.7616.7616.2.0.dta	2020111CXY-7.7616.7616.2.0.dta	2020111CXY-7	7616	2021.07066	3249.25033	1625.12880	2	1	EEQYJSTYR		1189.51199	5 4 1 1 0	(N(N(H(H(N(H)(F)))(H(N(H(A)))))))	550	0 1 0 0 0;0 2 0 0 0;1 2 0 0 0;2 2 0 0 0;2 3 0 0 0;2 3 0 1 0;3 2 0 0 0;3 3 0 0 0;3 3 0 1 0;3 3 1 0 0;3 4 0 0 0;3 4 0 1 0;4 3 0 0 0;4 3 0 1 0;4 3 1 0 0;4 4 0 0 0;4 4 0 1 0;4 4 1 0 0;4 4 1 1 0;5 4 0 0 0;5 4 0 1 0;5 4 1 0 0;	2059.73493	5	34.00428	32.02482	37.68041	7	0.00341	1.04938	0.50000	0.81250	0.00000	0	0	37.68041	13.25448	35.32973	3.366982409152348e-27	0.0	3.366982409152348e-27	sp|P01857|IGHG1_HUMAN	180
2020111CXY-7.5469.5469.3.0.dta	2020111CXY-7.5469.5469.3.0.dta	2020111CXY-7	5469	1448.26117	3514.34545	1172.12000	3	1	HJSTGCLR	6,Carbamidomethyl[C];	944.43667	6 5 2 0 0	(N(N(H(H(N(H(A))))(H(N(H))(N(H(A)))))))	1338	0 1 0 0 0;0 2 0 0 0;1 2 0 0 0;2 2 0 0 0;2 3 0 0 0;2 4 0 0 0;3 2 0 0 0;3 3 0 0 0;3 3 1 0 0;3 4 0 0 0;3 4 1 0 0;3 5 0 0 0;4 3 0 0 0;4 3 1 0 0;4 4 0 0 0;4 4 1 0 0;4 5 0 0 0;4 5 1 0 0;5 4 0 0 0;5 4 1 0 0;5 4 2 0 0;5 5 0 0 0;5 5 1 0 0;5 5 2 0 0;6 5 0 0 0;6 5 1 0 0;	2569.90464	2	41.39660	26.14332	69.72412	7	0.00414	1.17803	0.60714	0.85714	0.00000	0	0	69.72412	9.84571	42.38117	6.767287653164565e-49	0.0	6.767287653164565e-49	sp|P10909|CLUS_HUMAN	291
2020111CXY-7.16019.16019.3.0.dta	2020111CXY-7.16019.16019.3.0.dta	2020111CXY-7	16019	4286.57594	2825.15207	942.38887	3	1	JGSLFAFR		911.47338	5 4 1 0 0	(N(N(H(H(N(H)))(H(N(H(A)))))))	380	0 1 0 0 0;0 2 0 0 0;1 2 0 0 0;2 2 0 0 0;2 3 0 0 0;3 2 0 0 0;3 3 0 0 0;3 3 1 0 0;3 4 0 0 0;4 3 0 0 0;4 3 1 0 0;4 4 0 0 0;4 4 1 0 0;5 4 0 0 0;	1913.67702	1	17.39600	22.69275	7.55917	5	0.00167	0.59200	0.31250	0.85714	0.00000	0	0	7.55917	9.34606	18.33061	5.736700472428364e-07	0.0	5.736700472428364e-07	sp|P04004|VTNC_HUMAN	169
2020111CXY-7.18184.18184.3.0.dta	2020111CXY-7.18184.18184.3.0.dta	2020111CXY-7	18184	4870.37751	3116.25076	1039.42177	3	1	JGSLFAFR		911.47338	5 4 2 0 0	(N(N(H(H(N(H(A))))(H(N(H(A)))))))	754	0 1 0 0 0;0 2 0 0 0;1 2 0 0 0;2 2 0 0 0;2 3 0 0 0;3 2 0 0 0;3 3 0 0 0;3 3 1 0 0;3 4 0 0 0;4 3 0 0 0;4 3 1 0 0;4 4 0 0 0;4 4 1 0 0;5 4 0 0 0;5 4 1 0 0;	2204.77244	1	39.72004	57.91301	5.93311	4	0.00494	1.58555	0.29412	1.28571	0.00000	0	0	5.93311	17.29231	41.44927	7.570962114778318e-06	0.0	7.570962114778318e-06	sp|P04004|VTNC_HUMAN	169
2020111CXY-7.5454.5454.3.0.dta	2020111CXY-7.5454.5454.3.0.dta	2020111CXY-7	5454	1444.31286	3385.38372	1129.13276	3	1	YKJNSDISSTR		1284.61786	4 5 1 1 0	(N(F)(N(H(N)(H(N(H))(N(H(A)))))))	591	0 1 0 0 0;0 1 0 1 0;0 2 0 0 0;0 2 0 1 0;1 2 0 0 0;1 2 0 1 0;1 3 0 0 0;1 3 0 1 0;2 2 0 0 0;2 2 0 1 0;2 3 0 0 0;2 3 0 1 0;2 4 0 0 0;2 4 0 1 0;2 5 0 0 0;2 5 0 1 0;3 3 0 0 0;3 3 0 1 0;3 3 1 0 0;3 3 1 1 0;3 4 0 0 0;3 4 0 1 0;3 4 1 0 0;3 4 1 1 0;3 5 0 0 0;3 5 0 1 0;3 5 1 0 0;3 5 1 1 0;4 4 0 0 0;4 4 0 1 0;4 4 1 0 0;4 4 1 1 0;4 5 0 0 0;4 5 0 1 0;4 5 1 0 0;	2100.76148	3	52.10513	29.13065	94.77203	8	0.00438	1.29249	0.67568	0.85000	0.00000	0	0	94.77203	12.46499	53.35163	1.5510446391416519e-65	0.0	1.5510446391416519e-65	sp|P01871|IGHM_HUMAN	46
2020111CXY-7.11340.11340.3.0.dta	2020111CXY-7.11340.11340.3.0.dta	2020111CXY-7	11340	3023.09379	3018.29516	1006.76990	3	1	TPLTAJITK		958.55677	5 4 1 1 0	(N(F)(N(H(H(N(H)))(H(N(H(A)))))))	549	0 1 0 0 0;0 1 0 1 0;0 2 0 0 0;0 2 0 1 0;1 2 0 0 0;1 2 0 1 0;2 2 0 0 0;2 2 0 1 0;2 3 0 0 0;2 3 0 1 0;3 2 0 0 0;3 2 0 1 0;3 3 0 0 0;3 3 0 1 0;3 3 1 0 0;3 3 1 1 0;3 4 0 0 0;3 4 0 1 0;4 3 0 0 0;4 3 0 1 0;4 3 1 0 0;4 3 1 1 0;4 4 0 0 0;4 4 0 1 0;4 4 1 0 0;4 4 1 1 0;5 4 0 0 0;5 4 0 1 0;5 4 1 0 0;	2059.73493	6	76.67487	92.84072	46.65257	8	0.00346	1.14524	0.51613	1.31250	0.00000	0	0	46.65257	25.57223	79.23209	2.461945563675984e-33	0.0	2.461945563675984e-33	sp|P01877|IGHA2_HUMAN	205
2020111CXY-7.3502.3502.3.0.dta	2020111CXY-7.3502.3502.3.0.dta	2020111CXY-7	3502	923.12041	2866.17050	956.06169	3	1	YKJNSDISSTR		1284.61786	6 3 0 0 0	(N(N(H(H(H(H)))(H(N(H))))))	139	0 1 0 0 0;0 2 0 0 0;1 2 0 0 0;2 2 0 0 0;2 3 0 0 0;3 2 0 0 0;3 3 0 0 0;4 2 0 0 0;4 3 0 0 0;5 2 0 0 0;5 3 0 0 0;	1581.55506	3	19.32678	10.84097	35.08615	7	-0.00241	-0.84219	0.69231	0.55000	0.00000	0	0	35.08615	7.63807	20.09059	2.1595151603063763e-25	0.007269789983844911	0.007269789983844911	sp|P01871|IGHM_HUMAN	46
2020111CXY-7.2805.2805.5.0.dta	2020111CXY-7.2805.2805.5.0.dta	2020111CXY-7	2805	738.16435	3828.51356	766.50853	5	1	HSHNJJSSDLHPHK		1623.73709	5 4 2 0 0	(N(N(H(H(N(H(A))))(H(N(H(A)))))))	754	0 1 0 0 0;0 2 0 0 0;1 2 0 0 0;2 2 0 0 0;2 3 0 0 0;3 2 0 0 0;3 3 0 0 0;3 3 1 0 0;3 4 0 0 0;4 3 0 0 0;4 3 1 0 0;4 4 0 0 0;4 4 1 0 0;5 4 0 0 0;5 4 1 0 0;	2204.77244	5	79.41476	87.70035	64.02724	7	0.00403	1.05340	0.64706	1.03846	0.00000	0	0	64.02724	23.57055	81.77181	5.138192988881213e-45	0.0	5.138192988881213e-45	sp|P04196|HRG_HUMAN	344
2020111CXY-7.9363.9363.2.0.dta	2020111CXY-7.9363.9363.2.0.dta	2020111CXY-7	9363	2490.84051	2926.16521	1463.58624	2	1	EEQFJSTFR		1157.52218	5 4 0 1 0	(N(F)(N(H(H(N(H)))(H(N(H))))))	267	0 1 0 0 0;0 1 0 1 0;0 2 0 0 0;0 2 0 1 0;1 2 0 0 0;1 2 0 1 0;2 2 0 0 0;2 2 0 1 0;2 3 0 0 0;2 3 0 1 0;3 2 0 0 0;3 2 0 1 0;3 3 0 0 0;3 3 0 1 0;3 4 0 0 0;3 4 0 1 0;4 3 0 0 0;4 3 0 1 0;4 4 0 0 0;4 4 0 1 0;5 4 0 0 0;	1768.63952	5	16.47409	13.45173	22.08705	8	0.00352	1.20165	0.39130	0.62500	0.00000	0	0	22.08705	9.27093	17.40118	1.2488110466947198e-16	0.0	1.2488110466947198e-16	sp|P01859|IGHG2_HUMAN	176
2020111CXY-7.5774.5774.2.0.dta	2020111CXY-7.5774.5774.2.0.dta	2020111CXY-7	5774	1529.93998	2812.09648	1406.55188	2	1	EEQYJSTYR		1189.51199	5 4 0 0 0	(N(N(H(H(N(H)))(H(N(H))))))	175	0 1 0 0 0;0 2 0 0 0;1 2 0 0 0;2 2 0 0 0;2 3 0 0 0;3 2 0 0 0;3 3 0 0 0;3 4 0 0 0;4 3 0 0 0;4 4 0 0 0;	1622.58161	5	20.87234	22.57288	17.71421	6	0.00288	1.02451	0.50000	0.75000	0.00000	0	0	17.71421	10.40757	21.91310	1.1331739284141876e-13	0.0	1.1331739284141876e-13	sp|P01857|IGHG1_HUMAN	180
2020111CXY-7.12945.12945.2.0.dta	2020111CXY-7.12945.12945.2.0.dta	2020111CXY-7	12945	3454.88738	3072.19520	1536.60124	2	1	DFVJASSK		867.42067	5 4 2 0 0	(N(N(H(H(N(H(A))))(H(N(H(A)))))))	754	0 1 0 0 0;0 2 0 0 0;1 2 0 0 0;2 2 0 0 0;2 3 0 0 0;3 2 0 0 0;3 3 0 0 0;3 3 1 0 0;3 4 0 0 0;4 3 0 0 0;4 3 1 0 0;4 4 0 0 0;4 4 1 0 0;5 4 0 0 0;5 4 1 0 0;	2204.77244	4	35.14669	48.17078	10.95910	6	0.00208	0.67833	0.35294	1.28571	0.00000	0	0	10.95910	15.71648	36.71834	4.344113139440054e-09	0.0	4.344113139440054e-09	sp|P05546|HEP2_HUMAN	188
2020111CXY-7.9698.9698.3.0.dta	2020111CXY-7.9698.9698.3.0.dta	2020111CXY-7	9698	2580.06060	2967.19142	989.73532	3	1	EEQFJSTFR		1157.52218	4 5 0 1 0	(N(F)(N(H(N)(H(N(H))(N(H))))))	291	0 1 0 0 0;0 1 0 1 0;0 2 0 0 0;0 2 0 1 0;1 2 0 0 0;1 2 0 1 0;1 3 0 0 0;1 3 0 1 0;2 2 0 0 0;2 2 0 1 0;2 3 0 0 0;2 3 0 1 0;2 4 0 0 0;2 4 0 1 0;2 5 0 0 0;2 5 0 1 0;3 3 0 0 0;3 3 0 1 0;3 4 0 0 0;3 4 0 1 0;3 5 0 0 0;3 5 0 1 0;4 4 0 0 0;4 4 0 1 0;4 5 0 0 0;	1809.66607	5	17.32657	13.22651	24.94097	8	0.00317	1.06974	0.33333	0.62500	0.00000	0	0	24.94097	8.27185	18.15376	2.2886478042444987e-18	0.0025996533795493936	0.0025996533795493936	sp|P01859|IGHG2_HUMAN	176
2020111CXY-7.6645.6645.3.0.dta	2020111CXY-7.6645.6645.3.0.dta	2020111CXY-7	6645	1760.07954	3310.32633	1104.11363	3	1	GHVJITR		796.44241	6 4 1 3 0	(N(N(H(H(N(F)(H(H))))(H(N(F)(H(A)(F)))))))	1272	0 1 0 0 0;0 2 0 0 0;1 2 0 0 0;2 2 0 0 0;2 3 0 0 0;2 3 0 1 0;3 2 0 0 0;3 3 0 0 0;3 3 0 1 0;3 3 0 2 0;3 3 1 0 0;3 3 1 1 0;3 3 1 2 0;3 4 0 0 0;3 4 0 1 0;3 4 0 2 0;4 3 0 0 0;4 3 0 1 0;4 3 0 2 0;4 3 1 0 0;4 3 1 1 0;4 3 1 2 0;4 4 0 0 0;4 4 0 1 0;4 4 0 2 0;4 4 0 3 0;4 4 1 0 0;4 4 1 1 0;4 4 1 2 0;4 4 1 3 0;5 3 0 0 0;5 3 0 1 0;5 4 0 0 0;5 4 0 1 0;5 4 0 2 0;5 4 0 3 0;5 4 1 0 0;5 4 1 1 0;5 4 1 2 0;5 4 1 3 0;6 4 0 0 0;6 4 0 1 0;6 4 0 2 0;6 4 0 3 0;6 4 1 0 0;6 4 1 1 0;6 4 1 2 0;	2513.90357	4	32.96658	27.36841	43.36319	7	-0.01965	-5.93608	0.30612	0.91667	0.00000	0	0	43.36319	10.27027	33.99361	6.222228276900455e-31	0.0	6.222228276900455e-31	sp|P00734|THRB_HUMAN	121
2020111CXY-7.7998.7998.2.0.dta	2020111CXY-7.7998.7998.2.0.dta	2020111CXY-7	7998	2123.89464	3026.19494	1513.60111	2	1	LISJCSK	5,Carbamidomethyl[C];	821.41856	5 4 2 0 0	(N(N(H(H(N(H(A))))(H(N(H(A)))))))	754	0 1 0 0 0;0 2 0 0 0;1 2 0 0 0;2 2 0 0 0;2 3 0 0 0;3 2 0 0 0;3 3 0 0 0;3 3 1 0 0;3 4 0 0 0;4 3 0 0 0;4 3 1 0 0;4 4 0 0 0;4 4 1 0 0;5 4 0 0 0;5 4 1 0 0;	2204.77244	4	58.58676	76.22229	25.83505	7	0.00394	1.30129	0.47059	1.41667	0.00000	0	0	25.83505	21.20394	60.70715	4.601159880743429e-19	0.0	4.601159880743429e-19	sp|P05156|CFAI_HUMAN	494
2020111CXY-7.18705.18705.4.2.dta	2020111CXY-7.18705.18705.4.2.dta	2020111CXY-7	18705	5010.45727	3698.55054	925.39309	4	1	CGLVPVLAENYJK	1,Carbamidomethyl[C];	1476.75152	6 4 1 1 0	(N(N(H(H(N(H(H))))(H(N(F)(H(A)))))))	783	0 1 0 0 0;0 2 0 0 0;1 2 0 0 0;2 2 0 0 0;2 3 0 0 0;2 3 0 1 0;3 2 0 0 0;3 3 0 0 0;3 3 0 1 0;3 3 1 0 0;3 3 1 1 0;3 4 0 0 0;3 4 0 1 0;4 3 0 0 0;4 3 0 1 0;4 3 1 0 0;4 3 1 1 0;4 4 0 0 0;4 4 0 1 0;4 4 1 0 0;4 4 1 1 0;5 3 0 0 0;5 4 0 0 0;5 4 0 1 0;5 4 1 0 0;5 4 1 1 0;6 4 0 0 0;6 4 0 1 0;6 4 1 0 0;	2221.78776	12	25.06763	32.01804	12.15971	7	0.01127	3.04721	0.22581	0.66667	0.00000	0	0	12.15971	12.74203	26.34183	8.149055311188304e-10	0.0	8.149055311188304e-10	sp|P02787|TRFE_HUMAN	432
2020111CXY-7.16751.16751.3.0.dta	2020111CXY-7.16751.16751.3.0.dta	2020111CXY-7	16751	4484.84846	4609.07006	1537.02820	3	1	MVSHHJLTTGATLINEQWLLTTAK	1,Oxidation[M];	2695.38721	5 4 1 0 0	(N(N(H(H(N(H)))(H(N(H(A)))))))	380	0 1 0 0 0;0 2 0 0 0;1 2 0 0 0;2 2 0 0 0;2 3 0 0 0;3 2 0 0 0;3 3 0 0 0;3 3 1 0 0;3 4 0 0 0;4 3 0 0 0;4 3 1 0 0;4 4 0 0 0;4 4 1 0 0;5 4 0 0 0;	1913.67702	6	25.18327	25.00064	25.52243	7	0.00582	1.26240	0.56250	0.47826	0.00000	0	0	25.52243	13.90893	26.57416	8.17718410575294e-19	0.0	8.17718410575294e-19	sp|P00739|HPTR_HUMAN/sp|P00738|HPT_HUMAN	126/184
2020111CXY-7.7426.7426.2.0.dta	2020111CXY-7.7426.7426.2.0.dta	2020111CXY-7	7426	1970.16933	2780.10674	1390.55701	2	1	EEQFJSTYR		1173.51708	4 4 0 1 0	(N(F)(N(H(H(N))(H(N(H))))))	158	0 1 0 0 0;0 1 0 1 0;0 2 0 0 0;0 2 0 1 0;1 2 0 0 0;1 2 0 1 0;2 2 0 0 0;2 2 0 1 0;2 3 0 0 0;2 3 0 1 0;3 2 0 0 0;3 2 0 1 0;3 3 0 0 0;3 3 0 1 0;3 4 0 0 0;3 4 0 1 0;4 3 0 0 0;4 3 0 1 0;4 4 0 0 0;	1606.58669	5	44.78863	34.49021	63.91426	9	0.00296	1.06530	0.71429	0.81250	0.00000	0	0	63.91426	13.06416	46.09505	9.267557688283684e-45	0.0	9.267557688283684e-45	sp|P01861|IGHG4_HUMAN	177
2020111CXY-7.7836.7836.3.0.dta	2020111CXY-7.7836.7836.3.0.dta	2020111CXY-7	7836	2080.39123	3058.29107	1020.10187	3	1	PREEQFJSTFR		1410.67605	3 5 0 1 0	(N(F)(N(H(N)(H(N)(N(H))))))	184	0 1 0 0 0;0 1 0 1 0;0 2 0 0 0;0 2 0 1 0;1 2 0 0 0;1 2 0 1 0;1 3 0 0 0;1 3 0 1 0;2 2 0 0 0;2 2 0 1 0;2 3 0 0 0;2 3 0 1 0;2 4 0 0 0;2 4 0 1 0;2 5 0 0 0;2 5 0 1 0;3 3 0 0 0;3 3 0 1 0;3 4 0 0 0;3 4 0 1 0;3 5 0 0 0;	1647.61324	7	55.90394	34.09427	96.40763	8	0.00178	0.58155	0.95652	0.85000	0.00000	0	0	96.40763	13.54310	57.25825	9.62681757106675e-67	0.0	9.62681757106675e-67	sp|P01859|IGHG2_HUMAN	176
2020111CXY-7.10108.10108.2.0.dta	2020111CXY-7.10108.10108.2.0.dta	2020111CXY-7	10108	2690.92258	2602.05571	1301.53149	2	1	EEQFJSTFR		1157.52218	3 4 0 1 0	(N(F)(N(H(H(N)(N(H))))))	86	0 1 0 0 0;0 1 0 1 0;0 2 0 0 0;0 2 0 1 0;1 2 0 0 0;1 2 0 1 0;2 2 0 0 0;2 2 0 1 0;2 3 0 0 0;2 3 0 1 0;2 4 0 0 0;2 4 0 1 0;3 3 0 0 0;3 3 0 1 0;3 4 0 0 0;	1444.53387	5	18.47662	13.17093	28.33005	8	-0.00033	-0.12871	0.47059	0.62500	0.00000	0	0	28.33005	9.31646	19.40827	9.734565394999141e-21	0.0	9.734565394999141e-21	sp|P01859|IGHG2_HUMAN	176
2020111CXY-7.18704.18704.3.1.dta	2020111CXY-7.18704.18704.3.1.dta	2020111CXY-7	18704	5010.17965	3698.55223	1233.52226	3	1	CGLVPVLAENYJK	1,Carbamidomethyl[C];	1476.75152	6 4 1 1 0	(N(N(H(H(N(H(H))))(H(N(F)(H(A)))))))	783	0 1 0 0 0;0 2 0 0 0;1 2 0 0 0;2 2 0 0 0;2 3 0 0 0;2 3 0 1 0;3 2 0 0 0;3 3 0 0 0;3 3 0 1 0;3 3 1 0 0;3 3 1 1 0;3 4 0 0 0;3 4 0 1 0;4 3 0 0 0;4 3 0 1 0;4 3 1 0 0;4 3 1 1 0;4 4 0 0 0;4 4 0 1 0;4 4 1 0 0;4 4 1 1 0;5 3 0 0 0;5 4 0 0 0;5 4 0 1 0;5 4 1 0 0;5 4 1 1 0;6 4 0 0 0;6 4 0 1 0;6 4 1 0 0;	2221.78776	12	62.57229	88.97862	13.53196	6	0.01296	3.50333	0.25806	0.95833	0.00000	0	0	13.53196	25.45095	65.11738	7.583814798730647e-11	0.0	7.583814798730647e-11	sp|P02787|TRFE_HUMAN	432
2020111CXY-7.16007.16007.2.0.dta	2020111CXY-7.16007.16007.2.0.dta	2020111CXY-7	16007	4283.28557	2825.15375	1413.08051	2	1	JGSLFAFR		911.47338	5 4 1 0 0	(N(N(H(H(N(H)))(H(N(H(A)))))))	380	0 1 0 0 0;0 2 0 0 0;1 2 0 0 0;2 2 0 0 0;2 3 0 0 0;3 2 0 0 0;3 3 0 0 0;3 3 1 0 0;3 4 0 0 0;4 3 0 0 0;4 3 1 0 0;4 4 0 0 0;4 4 1 0 0;5 4 0 0 0;	1913.67702	1	50.65237	70.72814	13.36878	6	0.00335	1.18418	0.37500	1.42857	0.00000	0	0	13.36878	20.07570	52.65994	1.2513326458016805e-10	0.0	1.2513326458016805e-10	sp|P04004|VTNC_HUMAN	169
2020111CXY-7.16892.16892.4.0.dta	2020111CXY-7.16892.16892.4.0.dta	2020111CXY-7	16892	4523.18174	4618.91902	1155.48521	4	1	GLTFQQJASSMCVPDQDTAIR	12,Carbamidomethyl[C];	2339.07546	6 5 0 2 0	(N(F)(N(H(H(N(H)))(H(N(H(N(H)(F))))))))	867	0 1 0 0 0;0 1 0 1 0;0 2 0 0 0;0 2 0 1 0;1 2 0 0 0;1 2 0 1 0;2 2 0 0 0;2 2 0 1 0;2 3 0 0 0;2 3 0 1 0;3 2 0 0 0;3 2 0 1 0;3 3 0 0 0;3 3 0 1 0;3 4 0 0 0;3 4 0 1 0;3 4 0 2 0;4 3 0 0 0;4 3 0 1 0;4 4 0 0 0;4 4 0 1 0;4 4 0 2 0;4 5 0 0 0;4 5 0 1 0;4 5 0 2 0;5 4 0 0 0;5 4 0 1 0;5 4 0 2 0;5 5 0 0 0;5 5 0 1 0;5 5 0 2 0;6 5 0 0 0;6 5 0 1 0;	2279.82962	7	52.91895	77.60793	7.06799	6	0.01394	3.01725	0.20000	0.80000	0.00000	0	0	7.06799	26.28960	55.54791	1.3220512350124476e-06	0.0	1.3220512350124476e-06	sp|P01871|IGHM_HUMAN	209
2020111CXY-7.9588.9588.3.0.dta	2020111CXY-7.9588.9588.3.0.dta	2020111CXY-7	9588	2550.54457	4082.60146	1361.53867	3	1	KEDALJETR		1075.53783	6 5 3 1 0	(N(N(H(H(N(F)(H(A))))(H(N(H(A)))(N(H(A)))))))	2060	0 1 0 0 0;0 2 0 0 0;1 2 0 0 0;2 2 0 0 0;2 3 0 0 0;2 3 0 1 0;2 4 0 0 0;3 2 0 0 0;3 3 0 0 0;3 3 0 1 0;3 3 1 0 0;3 3 1 1 0;3 4 0 0 0;3 4 0 1 0;3 4 1 0 0;3 5 0 0 0;3 5 0 1 0;4 3 0 0 0;4 3 0 1 0;4 3 1 0 0;4 3 1 1 0;4 4 0 0 0;4 4 0 1 0;4 4 1 0 0;4 4 1 1 0;4 4 2 0 0;4 5 0 0 0;4 5 0 1 0;4 5 1 0 0;4 5 1 1 0;5 4 0 0 0;5 4 0 1 0;5 4 1 0 0;5 4 1 1 0;5 4 2 0 0;5 4 2 1 0;5 5 0 0 0;5 5 0 1 0;5 5 1 0 0;5 5 1 1 0;5 5 2 0 0;5 5 2 1 0;6 5 0 0 0;6 5 0 1 0;6 5 1 0 0;6 5 1 1 0;6 5 2 0 0;6 5 2 1 0;6 5 3 0 0;	3007.05796	6	39.72364	16.41639	83.00854	7	0.00567	1.38923	0.52941	0.62500	0.00000	0	0	83.00854	7.83885	40.50753	1.2495109082228646e-57	0.004966887417218543	0.004966887417218543	sp|P10909|CLUS_HUMAN	86
2020111CXY-7.4040.4040.2.0.dta	2020111CXY-7.4040.4040.2.0.dta	2020111CXY-7	4040	1066.87514	2874.14211	1437.57469	2	1	AJISHK		669.36785	5 4 2 0 0	(N(N(H(H(N(H(A))))(H(N(H(A)))))))	754	0 1 0 0 0;0 2 0 0 0;1 2 0 0 0;2 2 0 0 0;2 3 0 0 0;3 2 0 0 0;3 3 0 0 0;3 3 1 0 0;3 4 0 0 0;4 3 0 0 0;4 3 1 0 0;4 4 0 0 0;4 4 1 0 0;5 4 0 0 0;5 4 1 0 0;	2204.77244	2	66.77810	59.74606	79.83758	7	0.00182	0.63218	0.88235	1.30000	0.00000	0	0	79.83758	17.47417	68.52552	7.462545733339275e-56	0.0	7.462545733339275e-56	sp|P01031|CO5_HUMAN/sp|P19634|SL9A1_HUMAN/sp|Q14940|SL9A5_HUMAN	741/370/319
2020111CXY-7.7527.7527.3.0.dta	2020111CXY-7.7527.7527.3.0.dta	2020111CXY-7	7527	1997.05664	3103.19293	1035.06916	3	1	EEQYJSTYR		1189.51199	5 4 1 0 0	(N(N(H(H(N(H)))(H(N(H(A)))))))	380	0 1 0 0 0;0 2 0 0 0;1 2 0 0 0;2 2 0 0 0;2 3 0 0 0;3 2 0 0 0;3 3 0 0 0;3 3 1 0 0;3 4 0 0 0;4 3 0 0 0;4 3 1 0 0;4 4 0 0 0;4 4 1 0 0;5 4 0 0 0;	1913.67702	5	47.43642	51.30467	40.25252	7	0.00392	1.26241	0.62500	1.00000	0.00000	0	0	40.25252	16.65742	49.10216	6.162439575513354e-29	0.0	6.162439575513354e-29	sp|P01857|IGHG1_HUMAN	180
2020111CXY-7.14533.14533.3.0.dta	2020111CXY-7.14533.14533.3.0.dta	2020111CXY-7	14533	3884.37505	4462.75914	1488.25790	3	1	EHEGAIYPDJTTDFQR		1892.84094	6 5 2 0 0	(N(N(H(H(N(H(A))))(H(N(H))(N(H(A)))))))	1338	0 1 0 0 0;0 2 0 0 0;1 2 0 0 0;2 2 0 0 0;2 3 0 0 0;2 4 0 0 0;3 2 0 0 0;3 3 0 0 0;3 3 1 0 0;3 4 0 0 0;3 4 1 0 0;3 5 0 0 0;4 3 0 0 0;4 3 1 0 0;4 4 0 0 0;4 4 1 0 0;4 5 0 0 0;4 5 1 0 0;5 4 0 0 0;5 4 1 0 0;5 4 2 0 0;5 5 0 0 0;5 5 1 0 0;5 5 2 0 0;6 5 0 0 0;6 5 1 0 0;	2569.90464	10	13.69160	19.52103	2.86552	3	0.01357	3.04005	0.21429	0.46667	0.00000	0	0	2.86552	9.92509	14.68411	0.0009945475880854804	0.0	0.0009945475880854804	sp|P00450|CERU_HUMAN	138
2020111CXY-7.9772.9772.3.0.dta	2020111CXY-7.9772.9772.3.0.dta	2020111CXY-7	9772	2600.03532	3479.46472	1160.49309	3	1	FVEGSHJSTVSLTTK		1606.80713	6 3 1 0 0	(N(N(H(H)(H(H)(H(N(H(A))))))))	350	0 1 0 0 0;0 2 0 0 0;1 2 0 0 0;2 2 0 0 0;3 2 0 0 0;3 3 0 0 0;4 2 0 0 0;4 3 0 0 0;4 3 1 0 0;5 2 0 0 0;5 3 0 0 0;5 3 1 0 0;6 3 0 0 0;	1872.65047	7	28.52745	21.75676	41.10158	7	0.00711	2.04445	0.73333	0.60714	0.00000	0	0	41.10158	10.74757	29.60221	2.17825644388011e-29	0.0	2.17825644388011e-29	sp|P04114|APOB_HUMAN	3411
2020111CXY-7.14076.14076.3.0.dta	2020111CXY-7.14076.14076.3.0.dta	2020111CXY-7	14076	3760.36401	3069.23280	1023.74912	3	1	GVNFJVSK		864.45739	5 4 2 0 0	(N(N(H(H(N(H(A))))(H(N(H(A)))))))	754	0 1 0 0 0;0 2 0 0 0;1 2 0 0 0;2 2 0 0 0;2 3 0 0 0;3 2 0 0 0;3 3 0 0 0;3 3 1 0 0;3 4 0 0 0;4 3 0 0 0;4 3 1 0 0;4 4 0 0 0;4 4 1 0 0;5 4 0 0 0;5 4 1 0 0;	2204.77244	5	56.75812	70.97415	30.35691	6	0.00297	0.96864	0.52941	1.21429	0.00000	0	0	30.35691	19.70148	58.72827	3.80455689245339e-22	0.0	3.80455689245339e-22	sp|P03952|KLKB1_HUMAN	127
2020111CXY-7.19245.19245.3.0.dta	2020111CXY-7.19245.19245.3.0.dta	2020111CXY-7	19245	5155.48073	4309.72285	1437.24580	3	1	LNAENJATFYFK		1431.69030	7 5 2 1 0	(N(N(H(N)(H(H)(H))(H(N(H(A)))(N(F)(H(A)))))))	1849	0 1 0 0 0;0 2 0 0 0;1 2 0 0 0;1 3 0 0 0;2 2 0 0 0;2 3 0 0 0;2 3 0 1 0;2 4 0 0 0;2 4 0 1 0;2 5 0 0 0;2 5 0 1 0;3 2 0 0 0;3 3 0 0 0;3 3 0 1 0;3 3 1 0 0;3 3 1 1 0;3 4 0 0 0;3 4 0 1 0;3 4 1 0 0;3 4 1 1 0;3 5 0 0 0;3 5 0 1 0;3 5 1 0 0;3 5 1 1 0;4 2 0 0 0;4 3 0 0 0;4 3 0 1 0;4 3 1 0 0;4 3 1 1 0;4 4 0 0 0;4 4 0 1 0;4 4 1 0 0;4 4 1 1 0;4 4 2 0 0;4 4 2 1 0;4 5 0 0 0;4 5 0 1 0;4 5 1 0 0;4 5 1 1 0;4 5 2 0 0;4 5 2 1 0;5 2 0 0 0;5 3 0 0 0;5 3 0 1 0;5 3 1 0 0;5 3 1 1 0;5 4 0 0 0;5 4 0 1 0;5 4 1 0 0;5 4 1 1 0;5 4 2 0 0;5 4 2 1 0;5 5 0 0 0;5 5 0 1 0;5 5 1 0 0;5 5 1 1 0;5 5 2 0 0;5 5 2 1 0;6 3 0 0 0;6 3 0 1 0;6 3 1 0 0;6 3 1 1 0;6 4 0 0 0;6 4 0 1 0;6 4 1 0 0;6 4 1 1 0;6 4 2 0 0;6 4 2 1 0;6 5 0 0 0;6 5 0 1 0;6 5 1 0 0;6 5 1 1 0;6 5 2 0 0;6 5 2 1 0;7 4 0 0 0;7 4 0 1 0;7 4 1 0 0;7 4 1 1 0;7 4 2 0 0;7 4 2 1 0;7 5 0 0 0;7 5 0 1 0;7 5 1 0 0;7 5 1 1 0;7 5 2 0 0;	2878.01537	6	17.86562	22.52775	9.20738	6	0.01718	3.98698	0.11494	0.72727	0.00000	0	0	9.20738	10.62956	18.92858	7.248634900731054e-08	0.0	7.248634900731054e-08	sp|P01042|KNG1_HUMAN	294
2020111CXY-7.4954.4954.3.0.dta	2020111CXY-7.4954.4954.3.0.dta	2020111CXY-7	4954	1311.62725	2710.12172	904.04543	3	1	GHVJITR		796.44241	5 4 1 0 0	(N(N(H(H(N(H)))(H(N(H(A)))))))	380	0 1 0 0 0;0 2 0 0 0;1 2 0 0 0;2 2 0 0 0;2 3 0 0 0;3 2 0 0 0;3 3 0 0 0;3 3 1 0 0;3 4 0 0 0;4 3 0 0 0;4 3 1 0 0;4 4 0 0 0;4 4 1 0 0;5 4 0 0 0;	1913.67702	4	30.02717	12.87453	61.88206	7	0.00229	0.84406	0.81250	0.66667	0.00000	0	0	61.88206	7.99180	30.82635	1.9457245911120115e-43	0.003352891869237217	0.003352891869237217	sp|P00734|THRB_HUMAN	121
2020111CXY-7.6199.6199.3.0.dta	2020111CXY-7.6199.6199.3.0.dta	2020111CXY-7	6199	1641.15904	3161.23353	1054.41603	3	1	EEQYJSTYR		1189.51199	5 5 0 1 0	(N(N(H(N)(H(N(H)))(H(N(H)(F))))))	450	0 1 0 0 0;0 2 0 0 0;1 2 0 0 0;1 3 0 0 0;2 2 0 0 0;2 3 0 0 0;2 3 0 1 0;2 4 0 0 0;2 4 0 1 0;3 2 0 0 0;3 3 0 0 0;3 3 0 1 0;3 4 0 0 0;3 4 0 1 0;3 5 0 0 0;3 5 0 1 0;4 3 0 0 0;4 3 0 1 0;4 4 0 0 0;4 4 0 1 0;4 5 0 0 0;4 5 0 1 0;5 4 0 0 0;5 4 0 1 0;5 5 0 0 0;	1971.71889	5	49.76070	61.50264	27.95423	6	0.00265	0.83850	0.44444	1.12500	0.00000	0	0	27.95423	18.35453	51.59615	1.643237467770087e-20	0.0	1.643237467770087e-20	sp|P01857|IGHG1_HUMAN	180
2020111CXY-7.3718.3718.2.0.dta	2020111CXY-7.3718.3718.2.0.dta	2020111CXY-7	3718	980.33943	2858.11418	1429.56073	2	1	HJSTGCLR	6,Carbamidomethyl[C];	944.43667	5 4 1 0 0	(N(N(H(H(N(H)))(H(N(H(A)))))))	380	0 1 0 0 0;0 2 0 0 0;1 2 0 0 0;2 2 0 0 0;2 3 0 0 0;3 2 0 0 0;3 3 0 0 0;3 3 1 0 0;3 4 0 0 0;4 3 0 0 0;4 3 1 0 0;4 4 0 0 0;4 4 1 0 0;5 4 0 0 0;	1913.67702	2	52.96396	39.87511	77.27181	7	0.00048	0.16917	0.87500	1.00000	0.00000	0	0	77.27181	12.86304	54.25026	4.784038689561565e-54	0.0	4.784038689561565e-54	sp|P10909|CLUS_HUMAN	291
2020111CXY-7.14763.14763.3.0.dta	2020111CXY-7.14763.14763.3.0.dta	2020111CXY-7	14763	3946.45785	4097.61982	1366.54479	3	1	EHEGAIYPDJTTDFQR		1892.84094	5 4 2 0 0	(N(N(H(H(N(H(A))))(H(N(H(A)))))))	754	0 1 0 0 0;0 2 0 0 0;1 2 0 0 0;2 2 0 0 0;2 3 0 0 0;3 2 0 0 0;3 3 0 0 0;3 3 1 0 0;3 4 0 0 0;4 3 0 0 0;4 3 1 0 0;4 4 0 0 0;4 4 1 0 0;5 4 0 0 0;5 4 1 0 0;	2204.77244	10	29.57907	33.14925	22.94875	7	0.00644	1.57286	0.52941	0.60000	0.00000	0	0	22.94875	14.97577	31.07665	4.287464360389106e-17	0.0	4.287464360389106e-17	sp|P00450|CERU_HUMAN	138
2020111CXY-7.15804.15804.3.0.dta	2020111CXY-7.15804.15804.3.0.dta	2020111CXY-7	15804	4228.07874	4107.71912	1369.91123	3	1	GLTFQQJASSMCVPDQDTAIR	12,Carbamidomethyl[C];	2339.07546	5 4 0 1 0	(N(N(H(H(N(H)))(H(N(H(F)))))))	264	0 1 0 0 0;0 2 0 0 0;1 2 0 0 0;2 2 0 0 0;2 3 0 0 0;3 2 0 0 0;3 3 0 0 0;3 3 0 1 0;3 4 0 0 0;4 3 0 0 0;4 3 0 1 0;4 4 0 0 0;4 4 0 1 0;5 4 0 0 0;	1768.63952	7	15.15434	22.62077	1.28813	3	0.00415	1.00986	0.18750	0.55000	0.00000	0	0	1.28813	9.87373	16.14171	0.005196857539765193	0.0	0.005196857539765193	sp|P01871|IGHM_HUMAN	209
2020111CXY-7.14207.14207.3.0.dta	2020111CXY-7.14207.14207.3.0.dta	2020111CXY-7	14207	3795.84953	3739.48333	1247.16596	3	1	JHSCSEGQISIFR	4,Carbamidomethyl[C];	1534.70670	5 4 2 0 0	(N(N(H(H(N(H(A))))(H(N(H(A)))))))	754	0 1 0 0 0;0 2 0 0 0;1 2 0 0 0;2 2 0 0 0;2 3 0 0 0;3 2 0 0 0;3 3 0 0 0;3 3 1 0 0;3 4 0 0 0;4 3 0 0 0;4 3 1 0 0;4 4 0 0 0;4 4 1 0 0;5 4 0 0 0;5 4 1 0 0;	2204.77244	1	44.36380	37.52628	57.06205	7	0.00419	1.12047	0.76471	0.95833	0.00000	0	0	57.06205	15.27718	45.89152	3.0163204952580534e-40	0.0	3.0163204952580534e-40	sp|O75882|ATRN_HUMAN	731
2020111CXY-7.7997.7997.3.0.dta	2020111CXY-7.7997.7997.3.0.dta	2020111CXY-7	7997	2123.61694	3026.19522	1009.40326	3	1	LISJCSK	5,Carbamidomethyl[C];	821.41856	5 4 2 0 0	(N(N(H(H(N(H(A))))(H(N(H(A)))))))	754	0 1 0 0 0;0 2 0 0 0;1 2 0 0 0;2 2 0 0 0;2 3 0 0 0;3 2 0 0 0;3 3 0 0 0;3 3 1 0 0;3 4 0 0 0;4 3 0 0 0;4 3 1 0 0;4 4 0 0 0;4 4 1 0 0;5 4 0 0 0;5 4 1 0 0;	2204.77244	4	65.64393	76.95668	44.63452	7	0.00422	1.39481	0.58824	1.41667	0.00000	0	0	44.63452	20.99871	67.74380	9.251655561860717e-32	0.0	9.251655561860717e-32	sp|P05156|CFAI_HUMAN	494
2020111CXY-7.17437.17437.3.0.dta	2020111CXY-7.17437.17437.3.0.dta	2020111CXY-7	17437	4670.68331	3553.46903	1185.16119	3	1	AGLQAFFQVQECJK	12,Carbamidomethyl[C];	1639.78970	5 4 1 0 0	(N(N(H(H(N(H)))(H(N(H(A)))))))	380	0 1 0 0 0;0 2 0 0 0;1 2 0 0 0;2 2 0 0 0;2 3 0 0 0;3 2 0 0 0;3 3 0 0 0;3 3 1 0 0;3 4 0 0 0;4 3 0 0 0;4 3 1 0 0;4 4 0 0 0;4 4 1 0 0;5 4 0 0 0;	1913.67702	13	47.62948	65.05956	15.25933	6	0.00230	0.64683	0.43750	0.88462	0.00000	0	0	15.25933	21.55803	49.78528	5.355138576918272e-12	0.0	5.355138576918272e-12	sp|P00450|CERU_HUMAN	358
2020111CXY-7.17398.17398.3.0.dta	2020111CXY-7.17398.17398.3.0.dta	2020111CXY-7	17398	4660.02041	4160.86851	1387.62769	3	1	LQAPLJYTEFQKPICLPSK	15,Carbamidomethyl[C];	2247.18419	5 4 1 0 0	(N(N(H(H(N(H)))(H(N(H(A)))))))	380	0 1 0 0 0;0 2 0 0 0;1 2 0 0 0;2 2 0 0 0;2 3 0 0 0;3 2 0 0 0;3 3 0 0 0;3 3 1 0 0;3 4 0 0 0;4 3 0 0 0;4 3 1 0 0;4 4 0 0 0;4 4 1 0 0;5 4 0 0 0;	1913.67702	6	13.24782	12.52027	14.59899	6	0.00729	1.75216	0.50000	0.38889	0.00000	0	0	14.59899	9.37463	14.18528	1.673135849310146e-11	0.0	1.673135849310146e-11	sp|P03952|KLKB1_HUMAN	494
2020111CXY-7.6244.6244.3.0.dta	2020111CXY-7.6244.6244.3.0.dta	2020111CXY-7	6244	1652.96587	2837.12735	946.38063	3	1	EEQYJSTYR		1189.51199	3 5 0 1 0	(N(F)(N(H(N)(H(N)(N(H))))))	184	0 1 0 0 0;0 1 0 1 0;0 2 0 0 0;0 2 0 1 0;1 2 0 0 0;1 2 0 1 0;1 3 0 0 0;1 3 0 1 0;2 2 0 0 0;2 2 0 1 0;2 3 0 0 0;2 3 0 1 0;2 4 0 0 0;2 4 0 1 0;2 5 0 0 0;2 5 0 1 0;3 3 0 0 0;3 3 0 1 0;3 4 0 0 0;3 4 0 1 0;3 5 0 0 0;	1647.61324	5	31.32132	24.95588	43.14285	8	0.00212	0.74672	0.52174	0.68750	0.00000	0	0	43.14285	12.00090	32.52141	9.518357994380655e-31	0.0	9.518357994380655e-31	sp|P01857|IGHG1_HUMAN	180
2020111CXY-7.15929.15929.4.0.dta	2020111CXY-7.15929.15929.4.0.dta	2020111CXY-7	15929	4262.30881	4982.13612	1246.28949	4	1	HGIQYFNJNTQHSSLFMLNEVKR		2777.35763	5 4 2 0 0	(N(N(H(H(N(H(A))))(H(N(H(A)))))))	754	0 1 0 0 0;0 2 0 0 0;1 2 0 0 0;2 2 0 0 0;2 3 0 0 0;3 2 0 0 0;3 3 0 0 0;3 3 1 0 0;3 4 0 0 0;4 3 0 0 0;4 3 1 0 0;4 4 0 0 0;4 4 1 0 0;5 4 0 0 0;5 4 1 0 0;	2204.77244	8	56.12789	54.80237	58.58957	7	0.00604	1.21273	0.76471	0.68182	0.00000	0	0	58.58957	21.82144	58.31003	2.291497056297612e-41	0.0	2.291497056297612e-41	sp|P01042|KNG1_HUMAN	169
2020111CXY-7.17081.17081.3.1.dta	2020111CXY-7.17081.17081.3.1.dta	2020111CXY-7	17081	4574.33319	3626.46790	1209.49415	3	1	SWPAVGJCSSALR	8,Carbamidomethyl[C];	1404.66886	6 4 1 1 0	(N(N(H(H(N(H(H))))(H(N(F)(H(A)))))))	783	0 1 0 0 0;0 2 0 0 0;1 2 0 0 0;2 2 0 0 0;2 3 0 0 0;2 3 0 1 0;3 2 0 0 0;3 3 0 0 0;3 3 0 1 0;3 3 1 0 0;3 3 1 1 0;3 4 0 0 0;3 4 0 1 0;4 3 0 0 0;4 3 0 1 0;4 3 1 0 0;4 3 1 1 0;4 4 0 0 0;4 4 0 1 0;4 4 1 0 0;4 4 1 1 0;5 3 0 0 0;5 4 0 0 0;5 4 0 1 0;5 4 1 0 0;5 4 1 1 0;6 4 0 0 0;6 4 0 1 0;6 4 1 0 0;	2221.78776	7	34.22940	41.15396	21.36951	6	0.01129	3.11302	0.32258	0.70833	0.00000	0	0	21.36951	15.02447	35.73185	3.4852553862240557e-16	0.0	3.4852553862240557e-16	sp|P02790|HEMO_HUMAN	187
2020111CXY-7.17260.17260.3.0.dta	2020111CXY-7.17260.17260.3.0.dta	2020111CXY-7	17260	4622.94646	3823.56608	1275.19355	3	1	GTAGNALMDGASQLMGEJR		1892.85892	6 4 0 1 0	(N(N(H(H(H))(H(N(H))(N(H)(F))))))	399	0 1 0 0 0;0 2 0 0 0;1 2 0 0 0;2 2 0 0 0;2 3 0 0 0;2 3 0 1 0;2 4 0 0 0;2 4 0 1 0;3 2 0 0 0;3 3 0 0 0;3 3 0 1 0;3 4 0 0 0;3 4 0 1 0;4 2 0 0 0;4 3 0 0 0;4 3 0 1 0;4 4 0 0 0;4 4 0 1 0;5 3 0 0 0;5 3 0 1 0;5 4 0 0 0;5 4 0 1 0;6 4 0 0 0;	1930.69234	18	73.79685	93.78838	36.66972	7	0.01482	3.87617	0.40000	0.75000	0.00000	0	0	36.66972	30.00719	76.79757	2.431374737614489e-26	0.0	2.431374737614489e-26	sp|P02675|FIBB_HUMAN	394
2020111CXY-7.4776.4776.3.0.dta	2020111CXY-7.4776.4776.3.0.dta	2020111CXY-7	4776	1263.25570	3065.25048	1022.42168	3	1	PREEQYJSTYR		1442.66586	5 4 0 0 0	(N(N(H(H(N))(H(N(H(H)))))))	171	0 1 0 0 0;0 2 0 0 0;1 2 0 0 0;2 2 0 0 0;2 3 0 0 0;3 2 0 0 0;3 3 0 0 0;3 4 0 0 0;4 3 0 0 0;4 4 0 0 0;5 3 0 0 0;	1622.58161	7	41.47462	31.85245	59.34435	7	0.00301	0.98198	0.92308	0.80000	0.00000	0	0	59.34435	12.21984	42.69660	6.998480604428888e-42	0.0	6.998480604428888e-42	sp|P01857|IGHG1_HUMAN	180
2020111CXY-7.9898.9898.2.0.dta	2020111CXY-7.9898.9898.2.0.dta	2020111CXY-7	9898	2634.04866	2602.05846	1301.53287	2	1	EEQFJSTFR		1157.52218	3 4 0 1 0	(N(F)(N(H(H(N))(H(N)))))	95	0 1 0 0 0;0 1 0 1 0;0 2 0 0 0;0 2 0 1 0;1 2 0 0 0;1 2 0 1 0;2 2 0 0 0;2 2 0 1 0;2 3 0 0 0;2 3 0 1 0;3 2 0 0 0;3 2 0 1 0;3 3 0 0 0;3 3 0 1 0;3 4 0 0 0;	1444.53387	5	25.95725	19.87932	37.24483	9	0.00242	0.92814	0.58824	0.68750	0.00000	0	0	37.24483	11.08847	27.06610	7.220419218409463e-27	0.0	7.220419218409463e-27	sp|P01859|IGHG2_HUMAN	176
2020111CXY-7.5145.5145.3.0.dta	2020111CXY-7.5145.5145.3.0.dta	2020111CXY-7	5145	1362.83368	3653.46328	1218.49261	3	1	YKJNSDISSTR		1284.61786	2 6 0 4 1	(N(F)(N(H(pH(N)(N(F)))(H(N(F))(N(F))))))	7486	0 1 0 0 0;0 1 0 1 0;0 2 0 0 0;0 2 0 1 0;1 2 0 0 0;1 2 0 0 1;1 2 0 1 0;1 2 0 1 1;1 3 0 0 1;1 3 0 1 1;1 3 0 2 1;1 4 0 0 1;1 4 0 1 1;1 4 0 2 1;2 2 0 0 0;2 2 0 0 1;2 2 0 1 0;2 2 0 1 1;2 3 0 0 0;2 3 0 0 1;2 3 0 1 0;2 3 0 1 1;2 3 0 2 0;2 3 0 2 1;2 4 0 0 0;2 4 0 0 1;2 4 0 1 0;2 4 0 1 1;2 4 0 2 0;2 4 0 2 1;2 4 0 3 0;2 4 0 3 1;2 5 0 0 1;2 5 0 1 1;2 5 0 2 1;2 5 0 3 1;2 5 0 4 1;2 6 0 0 1;2 6 0 1 1;2 6 0 2 1;2 6 0 3 1;	2368.83267	3	18.45845	21.32078	13.14271	7	0.01275	3.49000	0.25581	0.75000	0.00000	0	0	13.14271	11.12187	19.57064	1.8024246595767534e-10	0.0	1.8024246595767534e-10	sp|P01871|IGHM_HUMAN	46
2020111CXY-7.6267.6267.3.0.dta	2020111CXY-7.6267.6267.3.0.dta	2020111CXY-7	6267	1659.30823	2999.18158	1000.39871	3	1	EEQYJSTYR		1189.51199	4 5 0 1 0	(N(N(H(N)(H(N(H))(N(H)(F))))))	293	0 1 0 0 0;0 2 0 0 0;1 2 0 0 0;1 3 0 0 0;2 2 0 0 0;2 3 0 0 0;2 3 0 1 0;2 4 0 0 0;2 4 0 1 0;2 5 0 0 0;2 5 0 1 0;3 3 0 0 0;3 3 0 1 0;3 4 0 0 0;3 4 0 1 0;3 5 0 0 0;3 5 0 1 0;4 4 0 0 0;4 4 0 1 0;4 5 0 0 0;	1809.66607	5	29.06433	29.37978	28.47848	6	0.00353	1.17669	0.45455	0.75000	0.00000	0	0	28.47848	11.73348	30.23768	5.804772326741103e-21	0.0	5.804772326741103e-21	sp|P01857|IGHG1_HUMAN	180
2020111CXY-7.18626.18626.3.0.dta	2020111CXY-7.18626.18626.3.0.dta	2020111CXY-7	18626	4989.79560	4063.68593	1355.23349	3	1	CGLVPVLAENYJK	1,Carbamidomethyl[C];	1476.75152	7 5 1 1 0	(N(N(H(N)(H(H)(H))(H(N(H)(F))(N(H(A)))))))	1369	0 1 0 0 0;0 2 0 0 0;1 2 0 0 0;1 3 0 0 0;2 2 0 0 0;2 3 0 0 0;2 3 0 1 0;2 4 0 0 0;2 4 0 1 0;2 5 0 0 0;2 5 0 1 0;3 2 0 0 0;3 3 0 0 0;3 3 0 1 0;3 3 1 0 0;3 4 0 0 0;3 4 0 1 0;3 4 1 0 0;3 4 1 1 0;3 5 0 0 0;3 5 0 1 0;3 5 1 0 0;3 5 1 1 0;4 2 0 0 0;4 3 0 0 0;4 3 0 1 0;4 3 1 0 0;4 4 0 0 0;4 4 0 1 0;4 4 1 0 0;4 4 1 1 0;4 5 0 0 0;4 5 0 1 0;4 5 1 0 0;4 5 1 1 0;5 2 0 0 0;5 3 0 0 0;5 3 0 1 0;5 3 1 0 0;5 4 0 0 0;5 4 0 1 0;5 4 1 0 0;5 4 1 1 0;5 5 0 0 0;5 5 0 1 0;5 5 1 0 0;5 5 1 1 0;6 3 0 0 0;6 3 0 1 0;6 3 1 0 0;6 4 0 0 0;6 4 0 1 0;6 4 1 0 0;6 4 1 1 0;6 5 0 0 0;6 5 0 1 0;6 5 1 0 0;6 5 1 1 0;7 4 0 0 0;7 4 0 1 0;7 4 1 0 0;7 4 1 1 0;7 5 0 0 0;7 5 0 1 0;7 5 1 0 0;	2586.91995	12	59.18206	86.09691	9.19735	5	0.01446	3.55916	0.14925	1.08333	0.00000	0	0	9.19735	24.74608	61.65667	7.392707070860484e-08	0.0	7.392707070860484e-08	sp|P02787|TRFE_HUMAN	432
2020111CXY-7.11999.11999.3.0.dta	2020111CXY-7.11999.11999.3.0.dta	2020111CXY-7	11999	3201.12613	3258.28806	1086.76754	3	1	EEQFJSTFR		1157.52218	4 5 1 1 0	(N(F)(N(H(N)(H(N(H))(N(H(A)))))))	591	0 1 0 0 0;0 1 0 1 0;0 2 0 0 0;0 2 0 1 0;1 2 0 0 0;1 2 0 1 0;1 3 0 0 0;1 3 0 1 0;2 2 0 0 0;2 2 0 1 0;2 3 0 0 0;2 3 0 1 0;2 4 0 0 0;2 4 0 1 0;2 5 0 0 0;2 5 0 1 0;3 3 0 0 0;3 3 0 1 0;3 3 1 0 0;3 3 1 1 0;3 4 0 0 0;3 4 0 1 0;3 4 1 0 0;3 4 1 1 0;3 5 0 0 0;3 5 0 1 0;3 5 1 0 0;3 5 1 1 0;4 4 0 0 0;4 4 0 1 0;4 4 1 0 0;4 4 1 1 0;4 5 0 0 0;4 5 0 1 0;4 5 1 0 0;	2100.76148	5	21.65552	19.38033	25.88087	8	0.00440	1.35028	0.29730	0.68750	0.00000	0	0	25.88087	9.86403	22.64192	3.82937910700626e-19	0.0	3.82937910700626e-19	sp|P01859|IGHG2_HUMAN	176
2020111CXY-7.9522.9522.2.0.dta	2020111CXY-7.9522.9522.2.0.dta	2020111CXY-7	9522	2532.78212	2398.97872	1199.99300	2	1	EEQFJSTFR		1157.52218	3 3 0 1 0	(N(N(H(H(N(H)(F))))))	38	0 1 0 0 0;0 2 0 0 0;1 2 0 0 0;2 2 0 0 0;2 3 0 0 0;2 3 0 1 0;3 3 0 0 0;	1241.45450	5	21.10795	19.59531	23.91715	6	0.00204	0.85103	0.66667	0.75000	0.00000	0	0	23.91715	10.43463	22.15141	8.764876551261847e-18	0.0	8.764876551261847e-18	sp|P01859|IGHG2_HUMAN	176
2020111CXY-7.17935.17935.3.0.dta	2020111CXY-7.17935.17935.3.0.dta	2020111CXY-7	17935	4803.94889	3414.36616	1138.79357	3	1	TMFPJLTDVR	2,Oxidation[M];	1209.59324	5 4 2 0 0	(N(N(H(H(N(H(A))))(H(N(H(A)))))))	754	0 1 0 0 0;0 2 0 0 0;1 2 0 0 0;2 2 0 0 0;2 3 0 0 0;3 2 0 0 0;3 3 0 0 0;3 3 1 0 0;3 4 0 0 0;4 3 0 0 0;4 3 1 0 0;4 4 0 0 0;4 4 1 0 0;5 4 0 0 0;5 4 1 0 0;	2204.77244	5	27.93334	24.30887	34.66448	7	0.00049	0.14292	0.64706	0.77778	0.00000	0	0	34.66448	11.26935	29.06027	4.567546948838879e-25	0.0	4.567546948838879e-25	sp|P06681|CO2_HUMAN	651
2020111CXY-7.5249.5249.3.0.dta	2020111CXY-7.5249.5249.3.0.dta	2020111CXY-7	5249	1390.56318	2907.14038	969.71831	3	1	JNSDISSTR		993.45958	5 4 1 0 0	(N(N(H(H(N(H)))(H(N(H(A)))))))	380	0 1 0 0 0;0 2 0 0 0;1 2 0 0 0;2 2 0 0 0;2 3 0 0 0;3 2 0 0 0;3 3 0 0 0;3 3 1 0 0;3 4 0 0 0;4 3 0 0 0;4 3 1 0 0;4 4 0 0 0;4 4 1 0 0;5 4 0 0 0;	1913.67702	1	25.46626	31.97706	13.37477	6	0.00378	1.30179	0.37500	1.06250	0.00000	0	0	13.37477	12.18186	26.68445	1.1733552715416771e-10	0.0	1.1733552715416771e-10	sp|P01871|IGHM_HUMAN	46
2020111CXY-7.13415.13415.3.0.dta	2020111CXY-7.13415.13415.3.0.dta	2020111CXY-7	13415	3581.43662	3538.40155	1180.13870	3	1	GGSSGWSGGLAQJR		1333.62435	5 4 2 0 0	(N(N(H(H(N(H(A))))(H(N(H(A)))))))	754	0 1 0 0 0;0 2 0 0 0;1 2 0 0 0;2 2 0 0 0;2 3 0 0 0;3 2 0 0 0;3 3 0 0 0;3 3 1 0 0;3 4 0 0 0;4 3 0 0 0;4 3 1 0 0;4 4 0 0 0;4 4 1 0 0;5 4 0 0 0;5 4 1 0 0;	2204.77244	13	41.02151	32.27174	57.27109	7	0.00476	1.34495	0.76471	0.53846	0.00000	0	0	57.27109	13.24413	42.34592	1.9658203621696184e-40	0.0	1.9658203621696184e-40	sp|P07357|CO8A_HUMAN	437
2020111CXY-7.10119.10119.2.0.dta	2020111CXY-7.10119.10119.2.0.dta	2020111CXY-7	10119	2693.89671	2764.11186	1382.55957	2	1	EEQFJSTFR		1157.52218	4 4 0 1 0	(N(F)(N(H(H(N(H))(N(H))))))	166	0 1 0 0 0;0 1 0 1 0;0 2 0 0 0;0 2 0 1 0;1 2 0 0 0;1 2 0 1 0;2 2 0 0 0;2 2 0 1 0;2 3 0 0 0;2 3 0 1 0;2 4 0 0 0;2 4 0 1 0;3 3 0 0 0;3 3 0 1 0;3 4 0 0 0;3 4 0 1 0;4 4 0 0 0;	1606.58669	5	12.18299	9.79350	16.62061	7	0.00299	1.08159	0.36842	0.56250	0.00000	0	0	16.62061	8.20613	13.00360	6.116296745132382e-13	0.0025996533795493936	0.0025996533795493936	sp|P01859|IGHG2_HUMAN	176
2020111CXY-7.17013.17013.3.0.dta	2020111CXY-7.17013.17013.3.0.dta	2020111CXY-7	17013	4555.68077	4260.82094	1420.94516	3	1	LAGKPTHVJVSVVMAEVDGTCY	21,Carbamidomethyl[C];	2347.14207	5 4 1 0 0	(N(N(H(H(N(H)))(H(N(H(A)))))))	380	0 1 0 0 0;0 2 0 0 0;1 2 0 0 0;2 2 0 0 0;2 3 0 0 0;3 2 0 0 0;3 3 0 0 0;3 3 1 0 0;3 4 0 0 0;4 3 0 0 0;4 3 1 0 0;4 4 0 0 0;4 4 1 0 0;5 4 0 0 0;	1913.67702	9	42.87515	58.40093	14.04157	5	0.00184	0.43196	0.50000	0.71429	0.00000	0	0	14.04157	21.28564	45.00371	3.619139306251091e-11	0.0	3.619139306251091e-11	sp|P01876|IGHA1_HUMAN	340
2020111CXY-7.6437.6437.3.0.dta	2020111CXY-7.6437.6437.3.0.dta	2020111CXY-7	6437	1704.12508	2853.12358	951.71271	3	1	EEQYJSTYR		1189.51199	4 5 0 0 0	(N(N(H(N)(H(N(H))(N(H))))))	194	0 1 0 0 0;0 2 0 0 0;1 2 0 0 0;1 3 0 0 0;2 2 0 0 0;2 3 0 0 0;2 4 0 0 0;2 5 0 0 0;3 3 0 0 0;3 4 0 0 0;3 5 0 0 0;4 4 0 0 0;	1663.60816	5	11.52825	12.84670	9.07970	5	0.00343	1.20181	0.35714	0.68750	0.00000	0	0	9.07970	8.49698	12.37795	8.187132926652959e-08	0.0009208103130755065	0.0009208103130755065	sp|P01857|IGHG1_HUMAN	180
2020111CXY-7.5751.5751.2.0.dta	2020111CXY-7.5751.5751.2.0.dta	2020111CXY-7	5751	1523.84488	2487.99070	1244.49899	2	1	EEQYJSTYR		1189.51199	3 4 0 0 0	(N(N(H(H(N))(H(N)))))	52	0 1 0 0 0;0 2 0 0 0;1 2 0 0 0;2 2 0 0 0;2 3 0 0 0;3 2 0 0 0;3 3 0 0 0;	1298.47596	5	60.79801	68.77639	45.98104	7	0.00275	1.10526	0.88889	1.12500	0.00000	0	0	45.98104	20.47097	62.84511	9.529937534255553e-33	0.0	9.529937534255553e-33	sp|P01857|IGHG1_HUMAN	180
2020111CXY-7.6679.6679.3.0.dta	2020111CXY-7.6679.6679.3.0.dta	2020111CXY-7	6679	1769.58697	3163.26550	1055.09335	3	1	GHVJITR		796.44241	6 4 2 0 0	(N(N(H(H(N(H(A))))(H(N(H(H)(A)))))))	1017	0 1 0 0 0;0 2 0 0 0;1 2 0 0 0;2 2 0 0 0;2 3 0 0 0;3 2 0 0 0;3 3 0 0 0;3 3 1 0 0;3 4 0 0 0;4 3 0 0 0;4 3 1 0 0;4 4 0 0 0;4 4 1 0 0;5 3 0 0 0;5 3 1 0 0;5 4 0 0 0;5 4 1 0 0;5 4 2 0 0;6 4 0 0 0;6 4 1 0 0;	2366.82526	4	35.83151	23.67651	58.40508	7	-0.00217	-0.68741	0.63636	0.83333	0.00000	0	0	58.40508	9.88288	36.81980	3.7037900203720534e-41	0.0	3.7037900203720534e-41	sp|P00734|THRB_HUMAN	121
2020111CXY-7.19022.19022.3.0.dta	2020111CXY-7.19022.19022.3.0.dta	2020111CXY-7	19022	5095.86491	3398.37345	1133.46267	3	1	TMFPJLTDVR		1193.59832	5 4 2 0 0	(N(N(H(H(N(H(A))))(H(N(H(A)))))))	754	0 1 0 0 0;0 2 0 0 0;1 2 0 0 0;2 2 0 0 0;2 3 0 0 0;3 2 0 0 0;3 3 0 0 0;3 3 1 0 0;3 4 0 0 0;4 3 0 0 0;4 3 1 0 0;4 4 0 0 0;4 4 1 0 0;5 4 0 0 0;5 4 1 0 0;	2204.77244	5	14.48298	11.72209	19.61036	7	0.00269	0.79272	0.41176	0.44444	0.00000	0	0	19.61036	7.60517	15.24350	6.344366887820986e-15	0.008045052292839904	0.008045052292839904	sp|P06681|CO2_HUMAN	651
2020111CXY-7.10106.10106.3.0.dta	2020111CXY-7.10106.10106.3.0.dta	2020111CXY-7	10106	2690.36763	4027.63867	1343.21774	3	1	VTACHSSQPJATLYK	4,Carbamidomethyl[C];	1676.80607	5 4 2 1 0	(N(F)(N(H(H(N(H(A))))(H(N(H(A)))))))	991	0 1 0 0 0;0 1 0 1 0;0 2 0 0 0;0 2 0 1 0;1 2 0 0 0;1 2 0 1 0;2 2 0 0 0;2 2 0 1 0;2 3 0 0 0;2 3 0 1 0;3 2 0 0 0;3 2 0 1 0;3 3 0 0 0;3 3 0 1 0;3 3 1 0 0;3 3 1 1 0;3 4 0 0 0;3 4 0 1 0;4 3 0 0 0;4 3 0 1 0;4 3 1 0 0;4 3 1 1 0;4 4 0 0 0;4 4 0 1 0;4 4 1 0 0;4 4 1 1 0;5 4 0 0 0;5 4 0 1 0;5 4 1 0 0;5 4 1 1 0;5 4 2 0 0;	2350.83035	10	37.90053	28.76595	54.86475	9	0.00225	0.55818	0.57576	0.64286	0.00000	0	0	54.86475	13.55317	39.25585	9.701704189243964e-39	0.0	9.701704189243964e-39	sp|P05543|THBG_HUMAN	36
2020111CXY-7.11648.11648.4.0.dta	2020111CXY-7.11648.11648.4.0.dta	2020111CXY-7	11648	3106.65864	4624.94546	1156.99182	4	1	YPHKPEIJSTTHPGADLQEJFCR	22,Carbamidomethyl[C];	2711.26307	5 4 1 0 0	(N(N(H(H(N(H)))(H(N(H(A)))))))	380	0 1 0 0 0;0 2 0 0 0;1 2 0 0 0;2 2 0 0 0;2 3 0 0 0;3 2 0 0 0;3 3 0 0 0;3 3 1 0 0;3 4 0 0 0;4 3 0 0 0;4 3 1 0 0;4 4 0 0 0;4 4 1 0 0;5 4 0 0 0;	1913.67702	8	32.04163	41.31504	14.81957	4	0.00537	1.16185	0.50000	0.56818	0.00000	0	0	14.81957	16.73553	33.71518	1.2216556832331505e-11	0.0	1.2216556832331505e-11	sp|P00734|THRB_HUMAN	143
2020111CXY-7.18858.18858.4.2.dta	2020111CXY-7.18858.18858.4.2.dta	2020111CXY-7	18858	5051.87642	3681.51647	921.13458	4	1	CGLVPVLAENYJK	1,Carbamidomethyl[C];	1476.75152	5 4 2 0 0	(N(N(H(H(N(H(A))))(H(N(H(A)))))))	754	0 1 0 0 0;0 2 0 0 0;1 2 0 0 0;2 2 0 0 0;2 3 0 0 0;3 2 0 0 0;3 3 0 0 0;3 3 1 0 0;3 4 0 0 0;4 3 0 0 0;4 3 1 0 0;4 4 0 0 0;4 4 1 0 0;5 4 0 0 0;5 4 1 0 0;	2204.77244	12	22.23479	30.98138	5.99112	5	-0.00749	-2.03341	0.29412	0.58333	0.00000	0	0	5.99112	12.49645	23.48443	6.343894118208556e-06	0.0	6.343894118208556e-06	sp|P02787|TRFE_HUMAN	432
2020111CXY-7.3832.3832.4.0.dta	2020111CXY-7.3832.3832.4.0.dta	2020111CXY-7	3832	1011.19766	4630.80745	1158.45732	4	1	HSHNJJSSDLHPHK		1623.73709	6 5 3 1 0	(N(N(H(H(N(F)(H(A))))(H(N(H(A)))(N(H(A)))))))	2060	0 1 0 0 0;0 2 0 0 0;1 2 0 0 0;2 2 0 0 0;2 3 0 0 0;2 3 0 1 0;2 4 0 0 0;3 2 0 0 0;3 3 0 0 0;3 3 0 1 0;3 3 1 0 0;3 3 1 1 0;3 4 0 0 0;3 4 0 1 0;3 4 1 0 0;3 5 0 0 0;3 5 0 1 0;4 3 0 0 0;4 3 0 1 0;4 3 1 0 0;4 3 1 1 0;4 4 0 0 0;4 4 0 1 0;4 4 1 0 0;4 4 1 1 0;4 4 2 0 0;4 5 0 0 0;4 5 0 1 0;4 5 1 0 0;4 5 1 1 0;5 4 0 0 0;5 4 0 1 0;5 4 1 0 0;5 4 1 1 0;5 4 2 0 0;5 4 2 1 0;5 5 0 0 0;5 5 0 1 0;5 5 1 0 0;5 5 1 1 0;5 5 2 0 0;5 5 2 1 0;6 5 0 0 0;6 5 0 1 0;6 5 1 0 0;6 5 1 1 0;6 5 2 0 0;6 5 2 1 0;6 5 3 0 0;	3007.05796	5	18.80934	9.73129	35.66858	7	0.01240	2.67829	0.33333	0.38462	0.00000	0	0	35.66858	7.64148	19.57349	9.488886255724135e-26	0.007269789983844911	0.007269789983844911	sp|P04196|HRG_HUMAN	344
2020111CXY-7.13424.13424.3.0.dta	2020111CXY-7.13424.13424.3.0.dta	2020111CXY-7	13424	3583.83028	3035.30688	1012.44048	3	1	GLJVTLSSTGR		1104.60076	6 4 0 1 0	(N(N(H(H(H))(H(N(H))(N(H)(F))))))	399	0 1 0 0 0;0 2 0 0 0;1 2 0 0 0;2 2 0 0 0;2 3 0 0 0;2 3 0 1 0;2 4 0 0 0;2 4 0 1 0;3 2 0 0 0;3 3 0 0 0;3 3 0 1 0;3 4 0 0 0;3 4 0 1 0;4 2 0 0 0;4 3 0 0 0;4 3 0 1 0;4 4 0 0 0;4 4 0 1 0;5 3 0 0 0;5 3 0 1 0;5 4 0 0 0;5 4 0 1 0;6 4 0 0 0;	1930.69234	3	24.92152	25.30520	24.20896	7	0.01377	4.53786	0.40000	0.85000	0.00000	0	0	24.20896	12.02545	26.12407	5.9922882167842574e-18	0.0	5.9922882167842574e-18	sp|P0C0L4|CO4A_HUMAN/sp|P0C0L5|CO4B_HUMAN	1328/1328
2020111CXY-7.16403.16403.3.0.dta	2020111CXY-7.16403.16403.3.0.dta	2020111CXY-7	16403	4390.22311	3839.55213	1280.52223	3	1	GTAGNALMDGASQLMGEJR	8,Oxidation[M];	1908.85384	6 4 0 1 0	(N(N(H(H(H))(H(N(H))(N(H)(F))))))	399	0 1 0 0 0;0 2 0 0 0;1 2 0 0 0;2 2 0 0 0;2 3 0 0 0;2 3 0 1 0;2 4 0 0 0;2 4 0 1 0;3 2 0 0 0;3 3 0 0 0;3 3 0 1 0;3 4 0 0 0;3 4 0 1 0;4 2 0 0 0;4 3 0 0 0;4 3 0 1 0;4 4 0 0 0;4 4 0 1 0;5 3 0 0 0;5 3 0 1 0;5 4 0 0 0;5 4 0 1 0;6 4 0 0 0;	1930.69234	18	25.13879	29.06339	17.85024	6	0.00595	1.55091	0.36000	0.47222	0.00000	0	0	17.85024	12.19576	26.35837	8.228216226748088e-14	0.0	8.228216226748088e-14	sp|P02675|FIBB_HUMAN	394
2020111CXY-7.10803.10803.3.0.dta	2020111CXY-7.10803.10803.3.0.dta	2020111CXY-7	10803	2878.15062	3767.54181	1256.51879	3	1	FSDGLESJSSTQFEVKK		1902.90796	9 2 0 0 0	(N(N(H(H(H)(H(H)))(H(H(H(H)))))))	344	0 1 0 0 0;0 2 0 0 0;1 2 0 0 0;2 2 0 0 0;3 2 0 0 0;4 2 0 0 0;5 2 0 0 0;6 2 0 0 0;7 2 0 0 0;8 2 0 0 0;	1864.63416	8	21.06427	17.27399	28.10336	6	-0.00031	-0.08112	0.75000	0.50000	0.00000	0	0	28.10336	10.07452	22.07172	1.3578111025521458e-20	0.0	1.3578111025521458e-20	sp|P0C0L4|CO4A_HUMAN/sp|P0C0L5|CO4B_HUMAN	226/226
2020111CXY-7.15778.15778.3.0.dta	2020111CXY-7.15778.15778.3.0.dta	2020111CXY-7	15778	4220.92478	3822.53512	1274.84989	3	1	GTAGNALMDGASQLMGEJR	8,Oxidation[M];	1908.85384	5 4 1 0 0	(N(N(H(H(N(H)))(H(N(H(A)))))))	380	0 1 0 0 0;0 2 0 0 0;1 2 0 0 0;2 2 0 0 0;2 3 0 0 0;3 2 0 0 0;3 3 0 0 0;3 3 1 0 0;3 4 0 0 0;4 3 0 0 0;4 3 1 0 0;4 4 0 0 0;4 4 1 0 0;5 4 0 0 0;	1913.67702	18	65.07611	80.43965	36.54382	7	0.00425	1.11274	0.62500	0.75000	0.00000	0	0	36.54382	24.61150	67.53726	2.881846635767494e-26	0.0	2.881846635767494e-26	sp|P02675|FIBB_HUMAN	394
2020111CXY-7.14769.14769.3.0.dta	2020111CXY-7.14769.14769.3.0.dta	2020111CXY-7	14769	3948.12541	3649.63549	1217.21668	3	1	TVLTPATNHMGJVTFTIPANR	10,Oxidation[M];	2271.15503	6 2 0 0 0	(N(N(H(H(H)(H(H(H)))))))	64	0 1 0 0 0;0 2 0 0 0;1 2 0 0 0;2 2 0 0 0;3 2 0 0 0;4 2 0 0 0;5 2 0 0 0;	1378.47569	12	30.90276	30.04052	32.50408	7	0.00477	1.30771	0.77778	0.55000	0.00000	0	0	32.50408	14.21780	32.32454	1.0735100335221156e-23	0.0	1.0735100335221156e-23	sp|P01024|CO3_HUMAN	85
2020111CXY-7.3357.3357.3.0.dta	2020111CXY-7.3357.3357.3.0.dta	2020111CXY-7	3357	885.04514	3085.15861	1029.05772	3	1	DKJCTSR	4,Carbamidomethyl[C];	880.39414	5 4 2 0 0	(N(N(H(H(N(H(A))))(H(N(H(A)))))))	754	0 1 0 0 0;0 2 0 0 0;1 2 0 0 0;2 2 0 0 0;2 3 0 0 0;3 2 0 0 0;3 3 0 0 0;3 3 1 0 0;3 4 0 0 0;4 3 0 0 0;4 3 1 0 0;4 4 0 0 0;4 4 1 0 0;5 4 0 0 0;5 4 1 0 0;	2204.77244	3	54.99070	40.03803	82.75996	7	-0.00797	-2.58335	0.88235	1.16667	0.00000	0	0	82.75996	13.62937	56.35364	1.8901874684184418e-57	0.0	1.8901874684184418e-57	sp|P01019|ANGT_HUMAN	170
2020111CXY-7.6037.6037.2.0.dta	2020111CXY-7.6037.6037.2.0.dta	2020111CXY-7	6037	1598.15975	2796.10142	1398.55435	2	1	EEQYJSTYR		1189.51199	4 4 0 1 0	(N(F)(N(H(H(N))(H(N(H))))))	158	0 1 0 0 0;0 1 0 1 0;0 2 0 0 0;0 2 0 1 0;1 2 0 0 0;1 2 0 1 0;2 2 0 0 0;2 2 0 1 0;2 3 0 0 0;2 3 0 1 0;3 2 0 0 0;3 2 0 1 0;3 3 0 0 0;3 3 0 1 0;3 4 0 0 0;3 4 0 1 0;4 3 0 0 0;4 3 0 1 0;4 4 0 0 0;	1606.58669	5	51.58532	50.14965	54.25156	9	0.00274	0.97909	0.66667	1.06250	0.00000	0	0	54.25156	16.63647	53.24897	2.1102801041221758e-38	0.0	2.1102801041221758e-38	sp|P01857|IGHG1_HUMAN	180
2020111CXY-7.5892.5892.2.2.dta	2020111CXY-7.5892.5892.2.2.dta	2020111CXY-7	5892	1560.85423	2885.15939	1443.08333	2	1	EEQYJSTYR		1189.51199	4 3 0 3 0	(N(F)(N(H(H)(H(N(F)(H(F)))))))	200	0 1 0 0 0;0 1 0 1 0;0 2 0 0 0;0 2 0 1 0;1 2 0 0 0;1 2 0 1 0;2 2 0 0 0;2 2 0 1 0;2 3 0 0 0;2 3 0 1 0;2 3 0 2 0;3 2 0 0 0;3 2 0 1 0;3 3 0 0 0;3 3 0 1 0;3 3 0 2 0;3 3 0 3 0;4 3 0 0 0;4 3 0 1 0;4 3 0 2 0;	1695.62314	5	31.42677	11.27487	68.85174	9	0.02426	8.40805	0.81818	0.56250	0.00000	0	0	68.85174	8.60516	32.28729	3.3787877416852483e-48	0.0009208103130755065	0.0009208103130755065	sp|P01857|IGHG1_HUMAN	180
2020111CXY-7.10756.10756.3.0.dta	2020111CXY-7.10756.10756.3.0.dta	2020111CXY-7	10756	2865.51705	4038.66634	1346.89363	3	1	VYKPSAGJNSLYR		1468.75428	6 5 2 0 0	(N(N(H(H(N(H(A))))(H(N(H))(N(H(A)))))))	1338	0 1 0 0 0;0 2 0 0 0;1 2 0 0 0;2 2 0 0 0;2 3 0 0 0;2 4 0 0 0;3 2 0 0 0;3 3 0 0 0;3 3 1 0 0;3 4 0 0 0;3 4 1 0 0;3 5 0 0 0;4 3 0 0 0;4 3 1 0 0;4 4 0 0 0;4 4 1 0 0;4 5 0 0 0;4 5 1 0 0;5 4 0 0 0;5 4 1 0 0;5 4 2 0 0;5 5 0 0 0;5 5 1 0 0;5 5 2 0 0;6 5 0 0 0;6 5 1 0 0;	2569.90464	8	52.35578	42.62914	70.41954	7	0.00742	1.83650	0.64286	0.75000	0.00000	0	0	70.41954	15.71682	53.92746	1.4526638246267899e-49	0.0	1.4526638246267899e-49	sp|P02749|APOH_HUMAN	162
2020111CXY-7.7755.7755.3.0.dta	2020111CXY-7.7755.7755.3.0.dta	2020111CXY-7	7755	2058.31936	3249.25108	1083.75521	3	1	EEQYJSTYR		1189.51199	5 4 1 1 0	(N(F)(N(H(H(N(H)))(H(N(H(A)))))))	549	0 1 0 0 0;0 1 0 1 0;0 2 0 0 0;0 2 0 1 0;1 2 0 0 0;1 2 0 1 0;2 2 0 0 0;2 2 0 1 0;2 3 0 0 0;2 3 0 1 0;3 2 0 0 0;3 2 0 1 0;3 3 0 0 0;3 3 0 1 0;3 3 1 0 0;3 3 1 1 0;3 4 0 0 0;3 4 0 1 0;4 3 0 0 0;4 3 0 1 0;4 3 1 0 0;4 3 1 1 0;4 4 0 0 0;4 4 0 1 0;4 4 1 0 0;4 4 1 1 0;5 4 0 0 0;5 4 0 1 0;5 4 1 0 0;	2059.73493	5	19.26073	10.43071	35.65932	8	0.00416	1.27989	0.48387	0.56250	0.00000	0	0	35.65932	7.93722	20.05445	9.967625721381954e-26	0.003352891869237217	0.003352891869237217	sp|P01857|IGHG1_HUMAN	180
2020111CXY-7.17845.17845.3.0.dta	2020111CXY-7.17845.17845.3.0.dta	2020111CXY-7	17845	4779.80675	3999.78930	1333.93462	3	1	VVLHPJYSQVDIGLIK		1795.01124	5 4 2 0 0	(N(N(H(H(N(H(A))))(H(N(H(A)))))))	754	0 1 0 0 0;0 2 0 0 0;1 2 0 0 0;2 2 0 0 0;2 3 0 0 0;3 2 0 0 0;3 3 0 0 0;3 3 1 0 0;3 4 0 0 0;4 3 0 0 0;4 3 1 0 0;4 4 0 0 0;4 4 1 0 0;5 4 0 0 0;5 4 1 0 0;	2204.77244	6	53.99500	76.37350	12.43491	6	0.00562	1.40532	0.35294	0.86667	0.00000	0	0	12.43491	25.20307	56.51531	5.765060488213153e-10	0.0	5.765060488213153e-10	sp|P00738|HPT_HUMAN	241
2020111CXY-7.18880.18880.3.0.dta	2020111CXY-7.18880.18880.3.0.dta	2020111CXY-7	18880	5057.77626	4160.83158	1387.61538	3	1	VLSJNSDANLELINTWVAK		2101.09241	5 4 1 1 0	(N(N(H(H(N(H)(F)))(H(N(H(A)))))))	550	0 1 0 0 0;0 2 0 0 0;1 2 0 0 0;2 2 0 0 0;2 3 0 0 0;2 3 0 1 0;3 2 0 0 0;3 3 0 0 0;3 3 0 1 0;3 3 1 0 0;3 4 0 0 0;3 4 0 1 0;4 3 0 0 0;4 3 0 1 0;4 3 1 0 0;4 4 0 0 0;4 4 0 1 0;4 4 1 0 0;4 4 1 1 0;5 4 0 0 0;5 4 0 1 0;5 4 1 0 0;	2059.73493	4	34.13333	48.15849	8.08661	6	0.00424	1.01799	0.25000	0.83333	0.00000	0	0	8.08661	19.09287	36.04262	2.982837334335241e-07	0.0	2.982837334335241e-07	sp|P05155|IC1_HUMAN	253
2020111CXY-7.6905.6905.2.0.dta	2020111CXY-7.6905.6905.2.0.dta	2020111CXY-7	6905	1830.22873	3001.21734	1501.11231	2	1	GHVJITR		796.44241	5 4 2 0 0	(N(N(H(H(N(H(A))))(H(N(H(A)))))))	754	0 1 0 0 0;0 2 0 0 0;1 2 0 0 0;2 2 0 0 0;2 3 0 0 0;3 2 0 0 0;3 3 0 0 0;3 3 1 0 0;3 4 0 0 0;4 3 0 0 0;4 3 1 0 0;4 4 0 0 0;4 4 1 0 0;5 4 0 0 0;5 4 1 0 0;	2204.77244	4	57.56786	41.40539	87.58389	7	0.00249	0.82899	0.94118	0.91667	0.00000	0	0	87.58389	13.97228	58.96509	7.856954818725389e-61	0.0	7.856954818725389e-61	sp|P00734|THRB_HUMAN	121
2020111CXY-7.17675.17675.3.0.dta	2020111CXY-7.17675.17675.3.0.dta	2020111CXY-7	17675	4734.08607	3708.69076	1236.90177	3	1	VVLHPJYSQVDIGLIK		1795.01124	5 4 1 0 0	(N(N(H(H(N(H)))(H(N(H(A)))))))	380	0 1 0 0 0;0 2 0 0 0;1 2 0 0 0;2 2 0 0 0;2 3 0 0 0;3 2 0 0 0;3 3 0 0 0;3 3 1 0 0;3 4 0 0 0;4 3 0 0 0;4 3 1 0 0;4 4 0 0 0;4 4 1 0 0;5 4 0 0 0;	1913.67702	6	21.11755	20.26702	22.69710	6	0.00250	0.67477	0.62500	0.56667	0.00000	0	0	22.69710	9.54074	22.07162	5.5386641739436737e-17	0.0	5.5386641739436737e-17	sp|P00738|HPT_HUMAN	241
2020111CXY-7.9406.9406.2.0.dta	2020111CXY-7.9406.9406.2.0.dta	2020111CXY-7	9406	2501.88140	2602.05870	1301.53299	2	1	EEQFJSTFR		1157.52218	3 4 0 1 0	(N(F)(N(H(H(N))(H(N)))))	95	0 1 0 0 0;0 1 0 1 0;0 2 0 0 0;0 2 0 1 0;1 2 0 0 0;1 2 0 1 0;2 2 0 0 0;2 2 0 1 0;2 3 0 0 0;2 3 0 1 0;3 2 0 0 0;3 2 0 1 0;3 3 0 0 0;3 3 0 1 0;3 4 0 0 0;	1444.53387	5	48.43599	54.02498	38.05643	8	0.00266	1.02038	0.70588	1.00000	0.00000	0	0	38.05643	14.60423	49.89641	1.804828551591113e-27	0.0	1.804828551591113e-27	sp|P01859|IGHG2_HUMAN	176
2020111CXY-7.18989.18989.3.0.dta	2020111CXY-7.18989.18989.3.0.dta	2020111CXY-7	18989	5087.01506	3976.62470	1326.21308	3	1	VCQDCPLLAPLJDTR	2,Carbamidomethyl[C];5,Carbamidomethyl[C];	1771.84657	5 4 2 0 0	(N(N(H(H(N(H(A))))(H(N(H(A)))))))	754	0 1 0 0 0;0 2 0 0 0;1 2 0 0 0;2 2 0 0 0;2 3 0 0 0;3 2 0 0 0;3 3 0 0 0;3 3 1 0 0;3 4 0 0 0;4 3 0 0 0;4 3 1 0 0;4 4 0 0 0;4 4 1 0 0;5 4 0 0 0;5 4 1 0 0;	2204.77244	12	29.34422	35.98275	17.01551	6	0.00569	1.43136	0.47059	0.60714	0.00000	0	0	17.01551	14.18634	30.76285	3.612845029430891e-13	0.0	3.612845029430891e-13	sp|P02765|FETUA_HUMAN	156
2020111CXY-7.9562.9562.2.0.dta	2020111CXY-7.9562.9562.2.0.dta	2020111CXY-7	9562	2543.52927	2884.16356	1442.58542	2	1	JYTLTGR		824.42608	5 4 1 1 0	(N(F)(N(H(H(N(H)))(H(N(H(A)))))))	549	0 1 0 0 0;0 1 0 1 0;0 2 0 0 0;0 2 0 1 0;1 2 0 0 0;1 2 0 1 0;2 2 0 0 0;2 2 0 1 0;2 3 0 0 0;2 3 0 1 0;3 2 0 0 0;3 2 0 1 0;3 3 0 0 0;3 3 0 1 0;3 3 1 0 0;3 3 1 1 0;3 4 0 0 0;3 4 0 1 0;4 3 0 0 0;4 3 0 1 0;4 3 1 0 0;4 3 1 1 0;4 4 0 0 0;4 4 0 1 0;4 4 1 0 0;4 4 1 1 0;5 4 0 0 0;5 4 0 1 0;5 4 1 0 0;	2059.73493	1	36.04295	45.06457	19.28850	8	0.00255	0.88299	0.32258	1.33333	0.00000	0	0	19.28850	14.22975	37.46592	1.0811075948597947e-14	0.0	1.0811075948597947e-14	sp|P10643|CO7_HUMAN	754
2020111CXY-7.6127.6127.3.0.dta	2020111CXY-7.6127.6127.3.0.dta	2020111CXY-7	6127	1622.09744	2796.10119	932.70525	3	1	EEQYJSTYR		1189.51199	4 4 0 1 0	(N(F)(N(H(H(N))(H(N(H))))))	158	0 1 0 0 0;0 1 0 1 0;0 2 0 0 0;0 2 0 1 0;1 2 0 0 0;1 2 0 1 0;2 2 0 0 0;2 2 0 1 0;2 3 0 0 0;2 3 0 1 0;3 2 0 0 0;3 2 0 1 0;3 3 0 0 0;3 3 0 1 0;3 4 0 0 0;3 4 0 1 0;4 3 0 0 0;4 3 0 1 0;4 4 0 0 0;	1606.58669	5	27.33895	27.14420	27.70064	9	0.00250	0.89541	0.42857	0.81250	0.00000	0	0	27.70064	11.01035	28.43999	2.3402654230531626e-20	0.0	2.3402654230531626e-20	sp|P01857|IGHG1_HUMAN	180
2020111CXY-7.9014.9014.2.0.dta	2020111CXY-7.9014.9014.2.0.dta	2020111CXY-7	9014	2397.37474	2764.11217	1382.55972	2	1	EEQFJSTFR		1157.52218	4 4 0 1 0	(N(F)(N(H(H(N))(H(N(H))))))	158	0 1 0 0 0;0 1 0 1 0;0 2 0 0 0;0 2 0 1 0;1 2 0 0 0;1 2 0 1 0;2 2 0 0 0;2 2 0 1 0;2 3 0 0 0;2 3 0 1 0;3 2 0 0 0;3 2 0 1 0;3 3 0 0 0;3 3 0 1 0;3 4 0 0 0;3 4 0 1 0;4 3 0 0 0;4 3 0 1 0;4 4 0 0 0;	1606.58669	5	33.69873	24.32798	51.10156	9	0.00330	1.19302	0.61905	0.75000	0.00000	0	0	51.10156	11.54766	34.85350	3.39347234830713e-36	0.0	3.39347234830713e-36	sp|P01859|IGHG2_HUMAN	176
2020111CXY-7.18638.18638.3.0.dta	2020111CXY-7.18638.18638.3.0.dta	2020111CXY-7	18638	4993.06320	3698.55272	1233.52242	3	1	CGLVPVLAENYJK	1,Carbamidomethyl[C];	1476.75152	6 4 1 1 0	(N(N(H(H(N(H(H))))(H(N(F)(H(A)))))))	783	0 1 0 0 0;0 2 0 0 0;1 2 0 0 0;2 2 0 0 0;2 3 0 0 0;2 3 0 1 0;3 2 0 0 0;3 3 0 0 0;3 3 0 1 0;3 3 1 0 0;3 3 1 1 0;3 4 0 0 0;3 4 0 1 0;4 3 0 0 0;4 3 0 1 0;4 3 1 0 0;4 3 1 1 0;4 4 0 0 0;4 4 0 1 0;4 4 1 0 0;4 4 1 1 0;5 3 0 0 0;5 4 0 0 0;5 4 0 1 0;5 4 1 0 0;5 4 1 1 0;6 4 0 0 0;6 4 0 1 0;6 4 1 0 0;	2221.78776	12	63.97678	89.73316	16.14351	6	0.01345	3.63555	0.29032	1.04167	0.00000	0	0	16.14351	26.34288	66.61107	1.2516042071481875e-12	0.0	1.2516042071481875e-12	sp|P02787|TRFE_HUMAN	432
2020111CXY-7.18923.18923.3.0.dta	2020111CXY-7.18923.18923.3.0.dta	2020111CXY-7	18923	5069.34450	3813.60945	1271.87467	3	1	LGACJDTLQQLMEVFK	4,Carbamidomethyl[C];12,Oxidation[M];	1882.90375	6 4 0 1 0	(N(N(H(H(H))(H(N(H))(N(H)(F))))))	399	0 1 0 0 0;0 2 0 0 0;1 2 0 0 0;2 2 0 0 0;2 3 0 0 0;2 3 0 1 0;2 4 0 0 0;2 4 0 1 0;3 2 0 0 0;3 3 0 0 0;3 3 0 1 0;3 4 0 0 0;3 4 0 1 0;4 2 0 0 0;4 3 0 0 0;4 3 0 1 0;4 4 0 0 0;4 4 0 1 0;5 3 0 0 0;5 3 0 1 0;5 4 0 0 0;5 4 0 1 0;6 4 0 0 0;	1930.69234	5	25.34425	31.83146	13.29657	6	0.01336	3.50345	0.32000	0.76667	0.00000	0	0	13.29657	13.52219	26.69647	1.3804701621966106e-10	0.0	1.3804701621966106e-10	sp|P01008|ANT3_HUMAN	128
2020111CXY-7.14085.14085.2.0.dta	2020111CXY-7.14085.14085.2.0.dta	2020111CXY-7	14085	3762.71292	3069.23317	1535.12022	2	1	GVNFJVSK		864.45739	5 4 2 0 0	(N(N(H(H(N(H(A))))(H(N(H(A)))))))	754	0 1 0 0 0;0 2 0 0 0;1 2 0 0 0;2 2 0 0 0;2 3 0 0 0;3 2 0 0 0;3 3 0 0 0;3 3 1 0 0;3 4 0 0 0;4 3 0 0 0;4 3 1 0 0;4 4 0 0 0;4 4 1 0 0;5 4 0 0 0;5 4 1 0 0;	2204.77244	5	58.47259	77.44776	23.23301	6	0.00334	1.08691	0.52941	1.28571	0.00000	0	0	23.23301	21.57673	60.63026	2.596959434075489e-17	0.0	2.596959434075489e-17	sp|P03952|KLKB1_HUMAN	127
2020111CXY-7.9306.9306.3.0.dta	2020111CXY-7.9306.9306.3.0.dta	2020111CXY-7	9306	2475.48868	2926.16504	976.05986	3	1	EEQFJSTFR		1157.52218	5 4 0 1 0	(N(F)(N(H(H(N(H)))(H(N(H))))))	267	0 1 0 0 0;0 1 0 1 0;0 2 0 0 0;0 2 0 1 0;1 2 0 0 0;1 2 0 1 0;2 2 0 0 0;2 2 0 1 0;2 3 0 0 0;2 3 0 1 0;3 2 0 0 0;3 2 0 1 0;3 3 0 0 0;3 3 0 1 0;3 4 0 0 0;3 4 0 1 0;4 3 0 0 0;4 3 0 1 0;4 4 0 0 0;4 4 0 1 0;5 4 0 0 0;	1768.63952	5	59.52982	62.73193	53.58305	8	0.00335	1.14457	0.69565	1.06250	0.00000	0	0	53.58305	19.01303	61.43112	5.057500179138062e-38	0.0	5.057500179138062e-38	sp|P01859|IGHG2_HUMAN	176
2020111CXY-7.9235.9235.3.0.dta	2020111CXY-7.9235.9235.3.0.dta	2020111CXY-7	9235	2457.03695	2926.16458	976.05971	3	1	EEQFJSTFR		1157.52218	5 4 0 1 0	(N(N(H(H(N(H)))(H(N(H(F)))))))	264	0 1 0 0 0;0 2 0 0 0;1 2 0 0 0;2 2 0 0 0;2 3 0 0 0;3 2 0 0 0;3 3 0 0 0;3 3 0 1 0;3 4 0 0 0;4 3 0 0 0;4 3 0 1 0;4 4 0 0 0;4 4 0 1 0;5 4 0 0 0;	1768.63952	5	27.89847	24.63525	33.95873	7	0.00288	0.98566	0.56250	0.68750	0.00000	0	0	33.95873	11.08258	29.00673	1.1273492897013575e-24	0.0	1.1273492897013575e-24	sp|P01859|IGHG2_HUMAN	176
2020111CXY-7.5755.5755.3.0.dta	2020111CXY-7.5755.5755.3.0.dta	2020111CXY-7	5755	1525.00908	3256.27828	1086.09761	3	1	JNSDISSTR		993.45958	5 5 1 1 0	(N(F)(N(H(H(N)(N(H)))(H(N(H(A)))))))	842	0 1 0 0 0;0 1 0 1 0;0 2 0 0 0;0 2 0 1 0;1 2 0 0 0;1 2 0 1 0;2 2 0 0 0;2 2 0 1 0;2 3 0 0 0;2 3 0 1 0;2 4 0 0 0;2 4 0 1 0;3 2 0 0 0;3 2 0 1 0;3 3 0 0 0;3 3 0 1 0;3 3 1 0 0;3 3 1 1 0;3 4 0 0 0;3 4 0 1 0;3 5 0 0 0;3 5 0 1 0;4 3 0 0 0;4 3 0 1 0;4 3 1 0 0;4 3 1 1 0;4 4 0 0 0;4 4 0 1 0;4 4 1 0 0;4 4 1 1 0;4 5 0 0 0;4 5 0 1 0;4 5 1 0 0;4 5 1 1 0;5 4 0 0 0;5 4 0 1 0;5 4 1 0 0;5 4 1 1 0;5 5 0 0 0;5 5 0 1 0;5 5 1 0 0;	2262.81431	1	25.12834	33.92898	8.78428	7	0.00440	1.35036	0.16279	1.12500	0.00000	0	0	8.78428	13.18378	26.44672	1.212376152527032e-07	0.0	1.212376152527032e-07	sp|P01871|IGHM_HUMAN	46
2020111CXY-7.17374.17374.3.0.dta	2020111CXY-7.17374.17374.3.0.dta	2020111CXY-7	17374	4653.57695	4113.63040	1371.88165	3	1	GTAGNALMDGASQLMGEJR	8,Oxidation[M];	1908.85384	5 4 2 0 0	(N(N(H(H(N(H(A))))(H(N(H(A)))))))	754	0 1 0 0 0;0 2 0 0 0;1 2 0 0 0;2 2 0 0 0;2 3 0 0 0;3 2 0 0 0;3 3 0 0 0;3 3 1 0 0;3 4 0 0 0;4 3 0 0 0;4 3 1 0 0;4 4 0 0 0;4 4 1 0 0;5 4 0 0 0;5 4 1 0 0;	2204.77244	18	10.98881	8.08413	16.38322	6	0.00412	1.00081	0.47059	0.22222	0.00000	0	0	16.38322	7.46648	11.73546	9.30364637710327e-13	0.00944138473642801	0.00944138473642801	sp|P02675|FIBB_HUMAN	394
2020111CXY-7.10200.10200.3.1.dta	2020111CXY-7.10200.10200.3.1.dta	2020111CXY-7	10200	2715.69298	2840.14830	947.38762	3	1	DTFVJASR		909.44247	6 4 0 1 0	(N(N(H(H(H))(H(N(H))(N(H)(F))))))	399	0 1 0 0 0;0 2 0 0 0;1 2 0 0 0;2 2 0 0 0;2 3 0 0 0;2 3 0 1 0;2 4 0 0 0;2 4 0 1 0;3 2 0 0 0;3 3 0 0 0;3 3 0 1 0;3 4 0 0 0;3 4 0 1 0;4 2 0 0 0;4 3 0 0 0;4 3 0 1 0;4 4 0 0 0;4 4 0 1 0;5 3 0 0 0;5 3 0 1 0;5 4 0 0 0;5 4 0 1 0;6 4 0 0 0;	1930.69234	5	20.34559	20.55685	19.95326	6	0.01349	4.74932	0.36000	0.71429	0.00000	0	0	19.95326	10.02694	21.34828	3.659127891673285e-15	0.0	3.659127891673285e-15	sp|P05155|IC1_HUMAN	238
2020111CXY-7.18770.18770.3.0.dta	2020111CXY-7.18770.18770.3.0.dta	2020111CXY-7	18770	5028.22260	3681.52813	1227.84756	3	1	CGLVPVLAENYJK	1,Carbamidomethyl[C];	1476.75152	5 4 2 0 0	(N(N(H(H(N(H(A))))(H(N(H(A)))))))	754	0 1 0 0 0;0 2 0 0 0;1 2 0 0 0;2 2 0 0 0;2 3 0 0 0;3 2 0 0 0;3 3 0 0 0;3 3 1 0 0;3 4 0 0 0;4 3 0 0 0;4 3 1 0 0;4 4 0 0 0;4 4 1 0 0;5 4 0 0 0;5 4 1 0 0;	2204.77244	12	44.89562	59.76490	17.28125	6	0.00418	1.13430	0.47059	0.87500	0.00000	0	0	17.28125	19.80572	46.87619	2.548622761508884e-13	0.0	2.548622761508884e-13	sp|P02787|TRFE_HUMAN	432
2020111CXY-7.18100.18100.3.0.dta	2020111CXY-7.18100.18100.3.0.dta	2020111CXY-7	18100	4847.66854	3666.58687	1222.86714	3	1	ALPQPQJVTSLLGCTH	14,Carbamidomethyl[C];	1735.87958	6 4 0 1 0	(N(N(H(H(H))(H(N(H))(N(H)(F))))))	399	0 1 0 0 0;0 2 0 0 0;1 2 0 0 0;2 2 0 0 0;2 3 0 0 0;2 3 0 1 0;2 4 0 0 0;2 4 0 1 0;3 2 0 0 0;3 3 0 0 0;3 3 0 1 0;3 4 0 0 0;3 4 0 1 0;4 2 0 0 0;4 3 0 0 0;4 3 0 1 0;4 4 0 0 0;4 4 0 1 0;5 3 0 0 0;5 3 0 1 0;5 4 0 0 0;5 4 0 1 0;6 4 0 0 0;	1930.69234	7	50.03455	71.85890	9.50362	5	0.01495	4.07785	0.28000	0.90000	0.00000	0	0	9.50362	22.78809	52.31336	4.011193244063152e-08	0.0	4.011193244063152e-08	sp|P02790|HEMO_HUMAN	453
2020111CXY-7.18032.18032.3.0.dta	2020111CXY-7.18032.18032.3.0.dta	2020111CXY-7	18032	4829.93209	3606.44557	1202.82004	3	1	FLJDTMAVYEAK		1401.67187	5 4 2 0 0	(N(N(H(H(N(H(A))))(H(N(H(A)))))))	754	0 1 0 0 0;0 2 0 0 0;1 2 0 0 0;2 2 0 0 0;2 3 0 0 0;3 2 0 0 0;3 3 0 0 0;3 3 1 0 0;3 4 0 0 0;4 3 0 0 0;4 3 1 0 0;4 4 0 0 0;4 4 1 0 0;5 4 0 0 0;5 4 1 0 0;	2204.77244	3	50.46576	63.51071	26.23941	7	0.00126	0.34853	0.52941	1.18182	0.00000	0	0	26.23941	20.07609	52.47337	2.33565005043262e-19	0.0	2.33565005043262e-19	sp|P29622|KAIN_HUMAN	157
2020111CXY-7.13261.13261.3.0.dta	2020111CXY-7.13261.13261.3.0.dta	2020111CXY-7	13261	3540.19411	3053.29999	1018.43818	3	1	HAJWTLTPLK		1180.64732	6 3 1 0 0	(N(N(H(H(H(H)))(H(N(H(A)))))))	349	0 1 0 0 0;0 2 0 0 0;1 2 0 0 0;2 2 0 0 0;2 3 0 0 0;3 2 0 0 0;3 3 0 0 0;3 3 1 0 0;4 2 0 0 0;4 3 0 0 0;4 3 1 0 0;5 2 0 0 0;5 3 0 0 0;5 3 1 0 0;6 3 0 0 0;	1872.65047	3	74.84709	77.74385	69.46739	7	0.00219	0.71844	0.82353	1.16667	0.00000	0	0	69.46739	22.90951	77.13804	1.7768870927900448e-48	0.0	1.7768870927900448e-48	sp|P27169|PON1_HUMAN	253
2020111CXY-7.14894.14894.3.0.dta	2020111CXY-7.14894.14894.3.0.dta	2020111CXY-7	14894	3981.64000	3649.63507	1217.21654	3	1	TVLTPATNHMGJVTFTIPANR	10,Oxidation[M];	2271.15503	6 2 0 0 0	(N(N(H(H)(H(H(H(H)))))))	61	0 1 0 0 0;0 2 0 0 0;1 2 0 0 0;2 2 0 0 0;3 2 0 0 0;4 2 0 0 0;5 2 0 0 0;	1378.47569	12	28.15531	31.60583	21.74720	6	0.00436	1.19427	0.77778	0.57500	0.00000	0	0	21.74720	13.73212	29.52852	2.2041434960724666e-16	0.0	2.2041434960724666e-16	sp|P01024|CO3_HUMAN	85
2020111CXY-7.18142.18142.3.0.dta	2020111CXY-7.18142.18142.3.0.dta	2020111CXY-7	18142	4859.10064	3390.43292	1130.81582	3	1	CGLVPVLAENYJK	1,Carbamidomethyl[C];	1476.75152	5 4 1 0 0	(N(N(H(H(N(H)))(H(N(H(A)))))))	380	0 1 0 0 0;0 2 0 0 0;1 2 0 0 0;2 2 0 0 0;2 3 0 0 0;3 2 0 0 0;3 3 0 0 0;3 3 1 0 0;3 4 0 0 0;4 3 0 0 0;4 3 1 0 0;4 4 0 0 0;4 4 1 0 0;5 4 0 0 0;	1913.67702	12	34.04759	38.88945	25.05556	7	0.00438	1.29054	0.50000	0.79167	0.00000	0	0	25.05556	15.79243	35.62683	1.8066416351875358e-18	0.0	1.8066416351875358e-18	sp|P02787|TRFE_HUMAN	432
2020111CXY-7.16268.16268.3.0.dta	2020111CXY-7.16268.16268.3.0.dta	2020111CXY-7	16268	4354.02691	3309.37684	1103.79713	3	1	GLJVTLSSTGR		1104.60076	5 4 2 0 0	(N(N(H(H(N(H(A))))(H(N(H(A)))))))	754	0 1 0 0 0;0 2 0 0 0;1 2 0 0 0;2 2 0 0 0;2 3 0 0 0;3 2 0 0 0;3 3 0 0 0;3 3 1 0 0;3 4 0 0 0;4 3 0 0 0;4 3 1 0 0;4 4 0 0 0;4 4 1 0 0;5 4 0 0 0;5 4 1 0 0;	2204.77244	3	61.10030	78.16569	29.40745	7	0.00364	1.10020	0.58824	1.15000	0.00000	0	0	29.40745	23.35070	63.43537	1.2281806004820684e-21	0.0	1.2281806004820684e-21	sp|P0C0L4|CO4A_HUMAN/sp|P0C0L5|CO4B_HUMAN	1328/1328
2020111CXY-7.20020.20020.3.0.dta	2020111CXY-7.20020.20020.3.0.dta	2020111CXY-7	20020	5363.24972	3960.67178	1320.89544	3	1	YLGJATAIFFLPDEGK		1755.89521	5 4 2 0 0	(N(N(H(H(N(H(A))))(H(N(H(A)))))))	754	0 1 0 0 0;0 2 0 0 0;1 2 0 0 0;2 2 0 0 0;2 3 0 0 0;3 2 0 0 0;3 3 0 0 0;3 3 1 0 0;3 4 0 0 0;4 3 0 0 0;4 3 1 0 0;4 4 0 0 0;4 4 1 0 0;5 4 0 0 0;5 4 1 0 0;	2204.77244	4	26.65837	32.67404	15.48642	6	0.00413	1.04300	0.47059	0.70000	0.00000	0	0	15.48642	14.40833	28.09920	4.106637906204877e-12	0.0	4.106637906204877e-12	sp|P01009|A1AT_HUMAN	271
2020111CXY-7.6179.6179.2.0.dta	2020111CXY-7.6179.6179.2.0.dta	2020111CXY-7	6179	1635.87579	2999.18056	1500.09392	2	1	EEQYJSTYR		1189.51199	4 5 0 1 0	(N(N(H(N)(H(N(H))(N(H)(F))))))	293	0 1 0 0 0;0 2 0 0 0;1 2 0 0 0;1 3 0 0 0;2 2 0 0 0;2 3 0 0 0;2 3 0 1 0;2 4 0 0 0;2 4 0 1 0;2 5 0 0 0;2 5 0 1 0;3 3 0 0 0;3 3 0 1 0;3 4 0 0 0;3 4 0 1 0;3 5 0 0 0;3 5 0 1 0;4 4 0 0 0;4 4 0 1 0;4 5 0 0 0;	1809.66607	5	42.89908	41.65579	45.20805	6	0.00250	0.83460	0.59091	0.87500	0.00000	0	0	45.20805	14.09759	44.30884	3.3500671769698126e-32	0.0	3.3500671769698126e-32	sp|P01857|IGHG1_HUMAN	180
2020111CXY-7.5838.5838.3.0.dta	2020111CXY-7.5838.5838.3.0.dta	2020111CXY-7	5838	1546.87370	2650.04513	884.01989	3	1	EEQYJSTYR		1189.51199	4 4 0 0 0	(N(N(H(H(N))(H(N(H))))))	98	0 1 0 0 0;0 2 0 0 0;1 2 0 0 0;2 2 0 0 0;2 3 0 0 0;3 2 0 0 0;3 3 0 0 0;3 4 0 0 0;4 3 0 0 0;	1460.52878	5	30.45610	24.90623	40.76300	7	0.00435	1.64279	0.81818	0.81250	0.00000	0	0	40.76300	10.39978	31.49608	2.9569484329234235e-29	0.0	2.9569484329234235e-29	sp|P01857|IGHG1_HUMAN	180
2020111CXY-7.6122.6122.2.0.dta	2020111CXY-7.6122.6122.2.0.dta	2020111CXY-7	6122	1620.65897	2634.04868	1317.52798	2	1	EEQYJSTYR		1189.51199	3 4 0 1 0	(N(F)(N(H(H(N))(H(N)))))	95	0 1 0 0 0;0 1 0 1 0;0 2 0 0 0;0 2 0 1 0;1 2 0 0 0;1 2 0 1 0;2 2 0 0 0;2 2 0 1 0;2 3 0 0 0;2 3 0 1 0;3 2 0 0 0;3 2 0 1 0;3 3 0 0 0;3 3 0 1 0;3 4 0 0 0;	1444.53387	5	39.45722	31.89984	53.49237	9	0.00282	1.07025	0.70588	0.75000	0.00000	0	0	53.49237	13.46942	40.80416	5.964010372149693e-38	0.0	5.964010372149693e-38	sp|P01857|IGHG1_HUMAN	180
2020111CXY-7.15698.15698.3.0.dta	2020111CXY-7.15698.15698.3.0.dta	2020111CXY-7	15698	4199.52776	4143.80530	1381.93995	3	1	TVLTPATNHMGJVTFTIPANR	10,Oxidation[M];	2271.15503	6 3 1 0 0	(N(N(H(H)(H(H)(H(N(H(A))))))))	350	0 1 0 0 0;0 2 0 0 0;1 2 0 0 0;2 2 0 0 0;3 2 0 0 0;3 3 0 0 0;4 2 0 0 0;4 3 0 0 0;4 3 1 0 0;5 2 0 0 0;5 3 0 0 0;5 3 1 0 0;6 3 0 0 0;	1872.65047	12	7.19767	9.50707	2.90879	3	-0.00021	-0.04981	0.33333	0.32500	0.00000	0	0	2.90879	7.67216	7.96489	0.0009394316618549129	0.0065040650406504065	0.0065040650406504065	sp|P01024|CO3_HUMAN	85
2020111CXY-7.13129.13129.4.1.dta	2020111CXY-7.13129.13129.4.1.dta	2020111CXY-7	13129	3504.25289	4916.04014	1229.76549	4	1	YPHKPEIJSTTHPGADLQEJFCR	22,Carbamidomethyl[C];	2711.26307	5 4 2 0 0	(N(N(H(H(N(H(A))))(H(N(H(A)))))))	754	0 1 0 0 0;0 2 0 0 0;1 2 0 0 0;2 2 0 0 0;2 3 0 0 0;3 2 0 0 0;3 3 0 0 0;3 3 1 0 0;3 4 0 0 0;4 3 0 0 0;4 3 1 0 0;4 4 0 0 0;4 4 1 0 0;5 4 0 0 0;5 4 1 0 0;	2204.77244	8	10.26975	15.06990	1.35518	2	0.00463	0.94161	0.23529	0.40909	0.00000	0	0	1.35518	8.05072	11.07482	0.004638898855363437	0.003352891869237217	0.007838099248449413	sp|P00734|THRB_HUMAN	143
2020111CXY-7.11595.11595.3.0.dta	2020111CXY-7.11595.11595.3.0.dta	2020111CXY-7	11595	3092.15853	3516.30015	1172.77157	3	1	EWDJTTTECR	9,Carbamidomethyl[C];	1311.52701	5 4 2 0 0	(N(N(H(H(N(H(A))))(H(N(H(A)))))))	754	0 1 0 0 0;0 2 0 0 0;1 2 0 0 0;2 2 0 0 0;2 3 0 0 0;3 2 0 0 0;3 3 0 0 0;3 3 1 0 0;3 4 0 0 0;4 3 0 0 0;4 3 1 0 0;4 4 0 0 0;4 4 1 0 0;5 4 0 0 0;5 4 1 0 0;	2204.77244	4	20.29238	20.11061	20.62995	6	0.00070	0.19878	0.52941	0.72222	0.00000	0	0	20.62995	10.82968	21.37535	1.0299235229759481e-15	0.0	1.0299235229759481e-15	sp|P20851|C4BPB_HUMAN	71
2020111CXY-7.5378.5378.3.0.dta	2020111CXY-7.5378.5378.3.0.dta	2020111CXY-7	5378	1424.22039	3344.35677	1115.45711	3	1	YKJNSDISSTR		1284.61786	5 4 1 1 0	(N(F)(N(H(H(N(H)))(H(N(H(A)))))))	549	0 1 0 0 0;0 1 0 1 0;0 2 0 0 0;0 2 0 1 0;1 2 0 0 0;1 2 0 1 0;2 2 0 0 0;2 2 0 1 0;2 3 0 0 0;2 3 0 1 0;3 2 0 0 0;3 2 0 1 0;3 3 0 0 0;3 3 0 1 0;3 3 1 0 0;3 3 1 1 0;3 4 0 0 0;3 4 0 1 0;4 3 0 0 0;4 3 0 1 0;4 3 1 0 0;4 3 1 1 0;4 4 0 0 0;4 4 0 1 0;4 4 1 0 0;4 4 1 1 0;5 4 0 0 0;5 4 0 1 0;5 4 1 0 0;	2059.73493	3	62.92318	45.24192	95.75982	9	0.00398	1.19117	0.70968	1.00000	0.00000	0	0	95.75982	15.40393	64.46357	2.528671991470559e-66	0.0	2.528671991470559e-66	sp|P01871|IGHM_HUMAN	46
2020111CXY-7.16611.16611.3.0.dta	2020111CXY-7.16611.16611.3.0.dta	2020111CXY-7	16611	4446.81568	3729.60422	1243.87292	3	1	VNQNLVYESGSLJFSK		1798.89699	6 4 0 1 0	(N(N(H(H(H))(H(N(H))(N(H)(F))))))	399	0 1 0 0 0;0 2 0 0 0;1 2 0 0 0;2 2 0 0 0;2 3 0 0 0;2 3 0 1 0;2 4 0 0 0;2 4 0 1 0;3 2 0 0 0;3 3 0 0 0;3 3 0 1 0;3 4 0 0 0;3 4 0 1 0;4 2 0 0 0;4 3 0 0 0;4 3 0 1 0;4 4 0 0 0;4 4 0 1 0;5 3 0 0 0;5 3 0 1 0;5 4 0 0 0;5 4 0 1 0;6 4 0 0 0;	1930.69234	13	62.31668	87.00955	16.45849	7	0.01489	3.99232	0.32000	1.00000	0.00000	0	0	16.45849	27.56162	65.07284	7.97950128470778e-13	0.0	7.97950128470778e-13	sp|P04114|APOB_HUMAN	2982
2020111CXY-7.18981.18981.3.0.dta	2020111CXY-7.18981.18981.3.0.dta	2020111CXY-7	18981	5084.95052	4433.83625	1478.61694	3	1	TLJQSSDELQLSMGNAMFVK	17,Oxidation[M];	2229.05260	5 4 2 0 0	(N(N(H(H(N(H(A))))(H(N(H(A)))))))	754	0 1 0 0 0;0 2 0 0 0;1 2 0 0 0;2 2 0 0 0;2 3 0 0 0;3 2 0 0 0;3 3 0 0 0;3 3 1 0 0;3 4 0 0 0;4 3 0 0 0;4 3 1 0 0;4 4 0 0 0;4 4 1 0 0;5 4 0 0 0;5 4 1 0 0;	2204.77244	3	18.48574	27.69297	1.38660	3	0.01122	2.52986	0.17647	0.63158	0.00000	0	0	1.38660	12.75501	19.76124	0.004340713835691106	0.0	0.004340713835691106	sp|P01011|AACT_HUMAN	127
2020111CXY-7.4976.4976.3.0.dta	2020111CXY-7.4976.4976.3.0.dta	2020111CXY-7	4976	1317.60026	3141.27736	1047.76397	3	1	YKJNSDISSTR		1284.61786	5 3 1 1 0	(N(F)(N(H(H(H))(H(N(H(A)))))))	322	0 1 0 0 0;0 1 0 1 0;0 2 0 0 0;0 2 0 1 0;1 2 0 0 0;1 2 0 1 0;2 2 0 0 0;2 2 0 1 0;2 3 0 0 0;2 3 0 1 0;3 2 0 0 0;3 2 0 1 0;3 3 0 0 0;3 3 0 1 0;3 3 1 0 0;3 3 1 1 0;4 2 0 0 0;4 2 0 1 0;4 3 0 0 0;4 3 0 1 0;4 3 1 0 0;4 3 1 1 0;5 3 0 0 0;5 3 0 1 0;5 3 1 0 0;	1856.65556	3	66.00034	53.02731	90.09310	9	0.00394	1.25402	0.74074	1.00000	0.00000	0	0	90.09310	17.44650	67.74499	1.3930559108428452e-62	0.0	1.3930559108428452e-62	sp|P01871|IGHM_HUMAN	46
2020111CXY-7.13528.13528.3.0.dta	2020111CXY-7.13528.13528.3.0.dta	2020111CXY-7	13528	3611.86149	3345.37509	1115.79655	3	1	EJISDPTSPLR		1228.61681	5 5 1 0 0	(N(N(H(N)(H(N(H)))(H(N(H(A)))))))	623	0 1 0 0 0;0 2 0 0 0;1 2 0 0 0;1 3 0 0 0;2 2 0 0 0;2 3 0 0 0;2 4 0 0 0;3 2 0 0 0;3 3 0 0 0;3 3 1 0 0;3 4 0 0 0;3 4 1 0 0;3 5 0 0 0;4 3 0 0 0;4 3 1 0 0;4 4 0 0 0;4 4 1 0 0;4 5 0 0 0;4 5 1 0 0;5 4 0 0 0;5 4 1 0 0;5 5 0 0 0;	2116.75640	2	15.92022	17.75525	12.51230	5	0.00189	0.56405	0.33333	0.65000	0.00000	0	0	12.51230	9.69557	16.88978	4.837698331774349e-10	0.0	4.837698331774349e-10	sp|P01591|IGJ_HUMAN	71
2020111CXY-7.6217.6217.2.0.dta	2020111CXY-7.6217.6217.2.0.dta	2020111CXY-7	6217	1646.01182	3161.23391	1581.12059	2	1	EEQYJSTYR		1189.51199	5 5 0 1 0	(N(F)(N(H(H(N))(H(N(H))(N(H))))))	453	0 1 0 0 0;0 1 0 1 0;0 2 0 0 0;0 2 0 1 0;1 2 0 0 0;1 2 0 1 0;2 2 0 0 0;2 2 0 1 0;2 3 0 0 0;2 3 0 1 0;2 4 0 0 0;2 4 0 1 0;3 2 0 0 0;3 2 0 1 0;3 3 0 0 0;3 3 0 1 0;3 4 0 0 0;3 4 0 1 0;3 5 0 0 0;3 5 0 1 0;4 3 0 0 0;4 3 0 1 0;4 4 0 0 0;4 4 0 1 0;4 5 0 0 0;4 5 0 1 0;5 4 0 0 0;5 4 0 1 0;5 5 0 0 0;	1971.71889	5	19.33231	21.37415	15.54033	7	0.00303	0.95965	0.29032	0.75000	0.00000	0	0	15.54033	10.80747	20.41306	3.702716340657765e-12	0.0	3.702716340657765e-12	sp|P01857|IGHG1_HUMAN	180
2020111CXY-7.17769.17769.3.0.dta	2020111CXY-7.17769.17769.3.0.dta	2020111CXY-7	17769	4759.08743	3806.53470	1269.51642	3	1	GTAGNALMDGASQLMGEJR		1892.85892	5 4 1 0 0	(N(N(H(H(N(H)))(H(N(H(A)))))))	380	0 1 0 0 0;0 2 0 0 0;1 2 0 0 0;2 2 0 0 0;2 3 0 0 0;3 2 0 0 0;3 3 0 0 0;3 3 1 0 0;3 4 0 0 0;4 3 0 0 0;4 3 1 0 0;4 4 0 0 0;4 4 1 0 0;5 4 0 0 0;	1913.67702	18	29.11833	31.75801	24.21606	6	-0.00125	-0.32851	0.56250	0.44444	0.00000	0	0	24.21606	14.51406	30.56974	5.768927697708532e-18	0.0	5.768927697708532e-18	sp|P02675|FIBB_HUMAN	394
2020111CXY-7.19391.19391.3.0.dta	2020111CXY-7.19391.19391.3.0.dta	2020111CXY-7	19391	5195.37015	4561.86609	1521.29355	3	1	LAJLTQGEDQYYLR		1683.83366	7 5 2 1 0	(N(N(H(N)(H(H)(H))(H(N(H(A)))(N(F)(H(A)))))))	1849	0 1 0 0 0;0 2 0 0 0;1 2 0 0 0;1 3 0 0 0;2 2 0 0 0;2 3 0 0 0;2 3 0 1 0;2 4 0 0 0;2 4 0 1 0;2 5 0 0 0;2 5 0 1 0;3 2 0 0 0;3 3 0 0 0;3 3 0 1 0;3 3 1 0 0;3 3 1 1 0;3 4 0 0 0;3 4 0 1 0;3 4 1 0 0;3 4 1 1 0;3 5 0 0 0;3 5 0 1 0;3 5 1 0 0;3 5 1 1 0;4 2 0 0 0;4 3 0 0 0;4 3 0 1 0;4 3 1 0 0;4 3 1 1 0;4 4 0 0 0;4 4 0 1 0;4 4 1 0 0;4 4 1 1 0;4 4 2 0 0;4 4 2 1 0;4 5 0 0 0;4 5 0 1 0;4 5 1 0 0;4 5 1 1 0;4 5 2 0 0;4 5 2 1 0;5 2 0 0 0;5 3 0 0 0;5 3 0 1 0;5 3 1 0 0;5 3 1 1 0;5 4 0 0 0;5 4 0 1 0;5 4 1 0 0;5 4 1 1 0;5 4 2 0 0;5 4 2 1 0;5 5 0 0 0;5 5 0 1 0;5 5 1 0 0;5 5 1 1 0;5 5 2 0 0;5 5 2 1 0;6 3 0 0 0;6 3 0 1 0;6 3 1 0 0;6 3 1 1 0;6 4 0 0 0;6 4 0 1 0;6 4 1 0 0;6 4 1 1 0;6 4 2 0 0;6 4 2 1 0;6 5 0 0 0;6 5 0 1 0;6 5 1 0 0;6 5 1 1 0;6 5 2 0 0;6 5 2 1 0;7 4 0 0 0;7 4 0 1 0;7 4 1 0 0;7 4 1 1 0;7 4 2 0 0;7 4 2 1 0;7 5 0 0 0;7 5 0 1 0;7 5 1 0 0;7 5 1 1 0;7 5 2 0 0;	2878.01537	3	36.51674	51.08138	9.46814	6	0.01706	3.73987	0.12644	0.92308	0.00000	0	0	9.46814	18.46114	38.36285	4.504148747511474e-08	0.0	4.504148747511474e-08	sp|P10909|CLUS_HUMAN	374
2020111CXY-7.14153.14153.3.1.dta	2020111CXY-7.14153.14153.3.1.dta	2020111CXY-7	14153	3781.31125	3649.63285	1217.21580	3	1	TVLTPATNHMGJVTFTIPANR	10,Oxidation[M];	2271.15503	6 2 0 0 0	(N(N(H(H)(H(H(H(H)))))))	61	0 1 0 0 0;0 2 0 0 0;1 2 0 0 0;2 2 0 0 0;3 2 0 0 0;4 2 0 0 0;5 2 0 0 0;	1378.47569	12	17.26294	20.70291	10.87443	5	0.00213	0.58353	0.55556	0.42500	0.00000	0	0	10.87443	11.84247	18.44719	5.05661511948698e-09	0.0	5.05661511948698e-09	sp|P01024|CO3_HUMAN	85
2020111CXY-7.12407.12407.3.0.dta	2020111CXY-7.12407.12407.3.0.dta	2020111CXY-7	12407	3310.38254	3145.23186	1049.08214	3	1	TLFCJASK	4,Carbamidomethyl[C];	940.45568	5 4 2 0 0	(N(N(H(H(N(H(A))))(H(N(H(A)))))))	754	0 1 0 0 0;0 2 0 0 0;1 2 0 0 0;2 2 0 0 0;2 3 0 0 0;3 2 0 0 0;3 3 0 0 0;3 3 1 0 0;3 4 0 0 0;4 3 0 0 0;4 3 1 0 0;4 4 0 0 0;4 4 1 0 0;5 4 0 0 0;5 4 1 0 0;	2204.77244	5	48.64676	63.71382	20.66508	6	0.00374	1.19005	0.52941	1.28571	0.00000	0	0	20.66508	17.95556	50.44232	9.816227196203527e-16	0.0	9.816227196203527e-16	sp|P20851|C4BPB_HUMAN	64
2020111CXY-7.19761.19761.3.0.dta	2020111CXY-7.19761.19761.3.0.dta	2020111CXY-7	19761	5294.08568	3960.67161	1320.89539	3	1	YLGJATAIFFLPDEGK		1755.89521	5 4 2 0 0	(N(N(H(H(N(H(A))))(H(N(H(A)))))))	754	0 1 0 0 0;0 2 0 0 0;1 2 0 0 0;2 2 0 0 0;2 3 0 0 0;3 2 0 0 0;3 3 0 0 0;3 3 1 0 0;3 4 0 0 0;4 3 0 0 0;4 3 1 0 0;4 4 0 0 0;4 4 1 0 0;5 4 0 0 0;5 4 1 0 0;	2204.77244	4	50.20947	66.41740	20.10903	6	0.00396	1.00058	0.52941	0.90000	0.00000	0	0	20.10903	22.02554	52.41202	2.8035558702574366e-15	0.0	2.8035558702574366e-15	sp|P01009|A1AT_HUMAN	271
2020111CXY-7.19114.19114.3.0.dta	2020111CXY-7.19114.19114.3.0.dta	2020111CXY-7	19114	5120.09681	3681.52545	1227.84667	3	1	CGLVPVLAENYJK	1,Carbamidomethyl[C];	1476.75152	5 4 2 0 0	(N(N(H(H(N(H(A))))(H(N(H(A)))))))	754	0 1 0 0 0;0 2 0 0 0;1 2 0 0 0;2 2 0 0 0;2 3 0 0 0;3 2 0 0 0;3 3 0 0 0;3 3 1 0 0;3 4 0 0 0;4 3 0 0 0;4 3 1 0 0;4 4 0 0 0;4 4 1 0 0;5 4 0 0 0;5 4 1 0 0;	2204.77244	12	22.66821	33.54066	2.47652	3	0.00150	0.40662	0.23529	0.75000	0.00000	0	0	2.47652	12.92954	23.96116	0.001404767718804325	0.0	0.001404767718804325	sp|P02787|TRFE_HUMAN	432
2020111CXY-7.8940.8940.3.0.dta	2020111CXY-7.8940.8940.3.0.dta	2020111CXY-7	8940	2377.38567	3820.43868	1274.15108	3	1	NEEYJK		796.34716	7 5 2 2 0	(N(N(H(N)(H(H)(H))(H(N(F)(H(A)))(N(F)(H(A)))))))	2079	0 1 0 0 0;0 2 0 0 0;1 2 0 0 0;1 3 0 0 0;2 2 0 0 0;2 3 0 0 0;2 3 0 1 0;2 4 0 0 0;2 4 0 1 0;2 4 0 2 0;2 5 0 0 0;2 5 0 1 0;2 5 0 2 0;3 2 0 0 0;3 3 0 0 0;3 3 0 1 0;3 3 1 0 0;3 3 1 1 0;3 4 0 0 0;3 4 0 1 0;3 4 0 2 0;3 4 1 0 0;3 4 1 1 0;3 4 1 2 0;3 5 0 0 0;3 5 0 1 0;3 5 0 2 0;3 5 1 0 0;3 5 1 1 0;3 5 1 2 0;4 2 0 0 0;4 3 0 0 0;4 3 0 1 0;4 3 1 0 0;4 3 1 1 0;4 4 0 0 0;4 4 0 1 0;4 4 0 2 0;4 4 1 0 0;4 4 1 1 0;4 4 1 2 0;4 4 2 0 0;4 4 2 1 0;4 4 2 2 0;4 5 0 0 0;4 5 0 1 0;4 5 0 2 0;4 5 1 0 0;4 5 1 1 0;4 5 1 2 0;4 5 2 0 0;4 5 2 1 0;4 5 2 2 0;5 2 0 0 0;5 3 0 0 0;5 3 0 1 0;5 3 1 0 0;5 3 1 1 0;5 4 0 0 0;5 4 0 1 0;5 4 0 2 0;5 4 1 0 0;5 4 1 1 0;5 4 1 2 0;5 4 2 0 0;5 4 2 1 0;5 4 2 2 0;5 5 0 0 0;5 5 0 1 0;5 5 0 2 0;5 5 1 0 0;5 5 1 1 0;5 5 1 2 0;5 5 2 0 0;5 5 2 1 0;5 5 2 2 0;6 3 0 0 0;6 3 0 1 0;6 3 1 0 0;6 3 1 1 0;6 4 0 0 0;6 4 0 1 0;6 4 0 2 0;6 4 1 0 0;6 4 1 1 0;6 4 1 2 0;6 4 2 0 0;6 4 2 1 0;6 4 2 2 0;6 5 0 0 0;6 5 0 1 0;6 5 0 2 0;6 5 1 0 0;6 5 1 1 0;6 5 1 2 0;6 5 2 0 0;6 5 2 1 0;6 5 2 2 0;7 4 0 0 0;7 4 0 1 0;7 4 0 2 0;7 4 1 0 0;7 4 1 1 0;7 4 1 2 0;7 4 2 0 0;7 4 2 1 0;7 4 2 2 0;7 5 0 0 0;7 5 0 1 0;7 5 0 2 0;7 5 1 0 0;7 5 1 1 0;7 5 1 2 0;7 5 2 0 0;7 5 2 1 0;	3024.07328	5	29.43428	40.32537	9.20797	6	0.01824	4.77536	0.10256	1.20000	0.00000	0	0	9.20797	11.76534	30.61081	7.106443960811219e-08	0.0	7.106443960811219e-08	sp|P02763|A1AG1_HUMAN/sp|P19652|A1AG2_HUMAN	56/56
2020111CXY-7.9101.9101.3.0.dta	2020111CXY-7.9101.9101.3.0.dta	2020111CXY-7	9101	2420.83069	2602.05836	868.02431	3	1	EEQFJSTFR		1157.52218	3 4 0 1 0	(N(N(H(H(N(H))(N(F))))))	90	0 1 0 0 0;0 2 0 0 0;1 2 0 0 0;2 2 0 0 0;2 3 0 0 0;2 3 0 1 0;2 4 0 0 0;2 4 0 1 0;3 3 0 0 0;3 4 0 0 0;	1444.53387	5	12.16218	11.83856	12.76318	5	0.00232	0.89009	0.41667	0.56250	0.00000	0	0	12.76318	8.06087	12.96827	3.2799609406827894e-10	0.003352891869237217	0.003352891869237217	sp|P01859|IGHG2_HUMAN	176
2020111CXY-7.6452.6452.3.0.dta	2020111CXY-7.6452.6452.3.0.dta	2020111CXY-7	6452	1708.04552	2710.12189	904.04548	3	1	GHVJITR		796.44241	5 4 1 0 0	(N(N(H(H(N(H)))(H(N(H(A)))))))	380	0 1 0 0 0;0 2 0 0 0;1 2 0 0 0;2 2 0 0 0;2 3 0 0 0;3 2 0 0 0;3 3 0 0 0;3 3 1 0 0;3 4 0 0 0;4 3 0 0 0;4 3 1 0 0;4 4 0 0 0;4 4 1 0 0;5 4 0 0 0;	1913.67702	4	37.45363	18.79672	72.10219	7	0.00246	0.90605	0.87500	0.75000	0.00000	0	0	72.10219	8.82151	38.33578	1.8824002066889376e-50	0.0	1.8824002066889376e-50	sp|P00734|THRB_HUMAN	121
2020111CXY-7.5782.5782.2.0.dta	2020111CXY-7.5782.5782.2.0.dta	2020111CXY-7	5782	1532.20537	2593.02189	1297.01458	2	1	EEQYJSTYR		1189.51199	4 3 0 1 0	(N(F)(N(H(H)(H(N(H))))))	77	0 1 0 0 0;0 1 0 1 0;0 2 0 0 0;0 2 0 1 0;1 2 0 0 0;1 2 0 1 0;2 2 0 0 0;2 2 0 1 0;2 3 0 0 0;2 3 0 1 0;3 2 0 0 0;3 2 0 1 0;3 3 0 0 0;3 3 0 1 0;4 3 0 0 0;	1403.50732	5	19.80817	17.91259	23.32853	8	0.00258	0.99350	0.47059	0.75000	0.00000	0	0	23.32853	9.98894	20.80706	2.3168628708197798e-17	0.0	2.3168628708197798e-17	sp|P01857|IGHG1_HUMAN	180
2020111CXY-7.7492.7492.2.0.dta	2020111CXY-7.7492.7492.2.0.dta	2020111CXY-7	7492	1987.64045	2618.05386	1309.53057	2	1	EEQFJSTYR		1173.51708	3 4 0 1 0	(N(F)(N(H(H(N))(H(N)))))	95	0 1 0 0 0;0 1 0 1 0;0 2 0 0 0;0 2 0 1 0;1 2 0 0 0;1 2 0 1 0;2 2 0 0 0;2 2 0 1 0;2 3 0 0 0;2 3 0 1 0;3 2 0 0 0;3 2 0 1 0;3 3 0 0 0;3 3 0 1 0;3 4 0 0 0;	1444.53387	5	49.53843	51.08539	46.66550	8	0.00290	1.10887	0.70588	1.00000	0.00000	0	0	46.66550	16.28232	51.16666	2.148865224901805e-33	0.0	2.148865224901805e-33	sp|P01861|IGHG4_HUMAN	177
2020111CXY-7.18114.18114.3.0.dta	2020111CXY-7.18114.18114.3.0.dta	2020111CXY-7	18114	4851.50798	3649.56057	1217.19171	3	1	ALPQPQJVTSLLGCTH	14,Carbamidomethyl[C];	1735.87958	5 4 1 0 0	(N(N(H(H(N(H)))(H(N(H(A)))))))	380	0 1 0 0 0;0 2 0 0 0;1 2 0 0 0;2 2 0 0 0;2 3 0 0 0;3 2 0 0 0;3 3 0 0 0;3 3 1 0 0;3 4 0 0 0;4 3 0 0 0;4 3 1 0 0;4 4 0 0 0;4 4 1 0 0;5 4 0 0 0;	1913.67702	7	47.66272	64.07444	17.18382	6	0.00397	1.08739	0.50000	0.93333	0.00000	0	0	17.18382	21.86917	49.84964	3.1570013980850184e-13	0.0	3.1570013980850184e-13	sp|P02790|HEMO_HUMAN	453
2020111CXY-7.15877.15877.3.0.dta	2020111CXY-7.15877.15877.3.0.dta	2020111CXY-7	15877	4248.36079	3822.53688	1274.85048	3	1	GTAGNALMDGASQLMGEJR	8,Oxidation[M];	1908.85384	5 4 1 0 0	(N(N(H(H(N(H)))(H(N(H(A)))))))	380	0 1 0 0 0;0 2 0 0 0;1 2 0 0 0;2 2 0 0 0;2 3 0 0 0;3 2 0 0 0;3 3 0 0 0;3 3 1 0 0;3 4 0 0 0;4 3 0 0 0;4 3 1 0 0;4 4 0 0 0;4 4 1 0 0;5 4 0 0 0;	1913.67702	18	13.63491	13.00995	14.79555	6	0.00602	1.57422	0.50000	0.33333	0.00000	0	0	14.79555	8.46491	14.48140	1.3037639468148874e-11	0.0009208103130755065	0.0009208103130755065	sp|P02675|FIBB_HUMAN	394
2020111CXY-7.7341.7341.2.0.dta	2020111CXY-7.7341.7341.2.0.dta	2020111CXY-7	7341	1947.40503	2942.15993	1471.58360	2	1	EEQFJSTYR		1173.51708	5 4 0 1 0	(N(F)(N(H(H(N(H)))(H(N(H))))))	267	0 1 0 0 0;0 1 0 1 0;0 2 0 0 0;0 2 0 1 0;1 2 0 0 0;1 2 0 1 0;2 2 0 0 0;2 2 0 1 0;2 3 0 0 0;2 3 0 1 0;3 2 0 0 0;3 2 0 1 0;3 3 0 0 0;3 3 0 1 0;3 4 0 0 0;3 4 0 1 0;4 3 0 0 0;4 3 0 1 0;4 4 0 0 0;4 4 0 1 0;5 4 0 0 0;	1768.63952	5	43.39735	38.41839	52.64399	9	0.00333	1.13054	0.65217	0.87500	0.00000	0	0	52.64399	13.77466	44.77482	2.26822812410991e-37	0.0	2.26822812410991e-37	sp|P01861|IGHG4_HUMAN	177
2020111CXY-7.4937.4937.3.0.dta	2020111CXY-7.4937.4937.3.0.dta	2020111CXY-7	4937	1306.97760	2866.11315	956.04257	3	1	JNSDISSTR		993.45958	6 3 1 0 0	(N(N(H(H)(H(H)(H(N(H(A))))))))	350	0 1 0 0 0;0 2 0 0 0;1 2 0 0 0;2 2 0 0 0;3 2 0 0 0;3 3 0 0 0;4 2 0 0 0;4 3 0 0 0;4 3 1 0 0;5 2 0 0 0;5 3 0 0 0;5 3 1 0 0;6 3 0 0 0;	1872.65047	1	45.23776	47.05965	41.85424	7	0.00310	1.08112	0.60000	1.18750	0.00000	0	0	41.85424	15.92994	46.83075	6.72913266709717e-30	0.0	6.72913266709717e-30	sp|P01871|IGHM_HUMAN	46
2020111CXY-7.19045.19045.3.2.dta	2020111CXY-7.19045.19045.3.2.dta	2020111CXY-7	19045	5102.01937	3704.50259	1235.50571	3	1	CGLVPVLAENYJK	1,Carbamidomethyl[C];	1476.75152	4 3 2 1 1	(N(N(H(H(H))(H(N(F)(pH(A(A))))))))	6260	0 1 0 0 0;0 2 0 0 0;1 2 0 0 0;2 2 0 0 0;2 3 0 0 0;2 3 0 0 1;2 3 0 1 0;2 3 0 1 1;2 3 1 0 1;2 3 1 1 1;2 3 2 0 1;2 3 2 1 1;3 2 0 0 0;3 3 0 0 0;3 3 0 0 1;3 3 0 1 0;3 3 0 1 1;3 3 1 0 1;3 3 1 1 1;3 3 2 0 1;3 3 2 1 1;4 2 0 0 0;4 3 0 0 0;4 3 0 0 1;4 3 0 1 0;4 3 0 1 1;4 3 1 0 1;4 3 1 1 1;4 3 2 0 1;	2227.71731	12	22.86966	28.11649	13.12554	6	0.03376	9.11450	0.29032	0.62500	0.00000	0	0	13.12554	11.85571	24.05523	1.9145507097556106e-10	0.0	1.9145507097556106e-10	sp|P02787|TRFE_HUMAN	432
2020111CXY-7.13148.13148.3.0.dta	2020111CXY-7.13148.13148.3.0.dta	2020111CXY-7	13148	3509.42951	4225.76269	1409.25908	3	1	IPCSQPPQIEHGTIJSSR	3,Carbamidomethyl[C];	2020.98690	5 4 2 0 0	(N(N(H(H(N(H(A))))(H(N(H(A)))))))	754	0 1 0 0 0;0 2 0 0 0;1 2 0 0 0;2 2 0 0 0;2 3 0 0 0;3 2 0 0 0;3 3 0 0 0;3 3 1 0 0;3 4 0 0 0;4 3 0 0 0;4 3 1 0 0;4 4 0 0 0;4 4 1 0 0;5 4 0 0 0;5 4 1 0 0;	2204.77244	15	30.80523	28.09208	35.84395	7	0.00334	0.79157	0.58824	0.47059	0.00000	0	0	35.84395	12.73724	32.07895	7.33878996142493e-26	0.0	7.33878996142493e-26	sp|P08603|CFAH_HUMAN	882
2020111CXY-7.17142.17142.3.0.dta	2020111CXY-7.17142.17142.3.0.dta	2020111CXY-7	17142	4590.88929	3743.58369	1248.53275	3	1	VDKDLQSLEDILHQVEJK		2123.09789	6 2 0 0 1	(N(N(H(H(H))(pH(H)(H)(H)))))	3471	0 1 0 0 0;0 2 0 0 0;1 2 0 0 0;1 2 0 0 1;2 2 0 0 0;2 2 0 0 1;3 2 0 0 0;3 2 0 0 1;4 2 0 0 1;5 2 0 0 1;	1620.49484	17	13.82908	15.65859	10.43142	6	-0.00903	-2.41313	0.50000	0.35294	0.00000	0	0	10.43142	11.59971	14.98905	9.794087363958205e-09	0.0	9.794087363958205e-09	sp|P02679|FIBG_HUMAN	78
2020111CXY-7.18212.18212.3.0.dta	2020111CXY-7.18212.18212.3.0.dta	2020111CXY-7	18212	4877.96792	4130.66219	1377.55891	3	1	GTAGNALMDGASQLMGEJR	8,Oxidation[M];	1908.85384	6 4 1 1 0	(N(N(H(H(N(H(H))))(H(N(F)(H(A)))))))	783	0 1 0 0 0;0 2 0 0 0;1 2 0 0 0;2 2 0 0 0;2 3 0 0 0;2 3 0 1 0;3 2 0 0 0;3 3 0 0 0;3 3 0 1 0;3 3 1 0 0;3 3 1 1 0;3 4 0 0 0;3 4 0 1 0;4 3 0 0 0;4 3 0 1 0;4 3 1 0 0;4 3 1 1 0;4 4 0 0 0;4 4 0 1 0;4 4 1 0 0;4 4 1 1 0;5 3 0 0 0;5 4 0 0 0;5 4 0 1 0;5 4 1 0 0;5 4 1 1 0;6 4 0 0 0;6 4 0 1 0;6 4 1 0 0;	2221.78776	18	9.50608	7.53605	13.16470	6	0.02060	4.98619	0.29032	0.25000	0.00000	0	0	13.16470	7.39326	10.24541	1.63680979026222e-10	0.00944138473642801	0.00944138473642801	sp|P02675|FIBB_HUMAN	394
2020111CXY-7.11997.11997.3.0.dta	2020111CXY-7.11997.11997.3.0.dta	2020111CXY-7	11997	3200.51576	3055.20796	1019.07417	3	1	EEQFJSTFR		1157.52218	4 4 1 1 0	(N(F)(N(H(H(N))(H(N(H(A)))))))	369	0 1 0 0 0;0 1 0 1 0;0 2 0 0 0;0 2 0 1 0;1 2 0 0 0;1 2 0 1 0;2 2 0 0 0;2 2 0 1 0;2 3 0 0 0;2 3 0 1 0;3 2 0 0 0;3 2 0 1 0;3 3 0 0 0;3 3 0 1 0;3 3 1 0 0;3 3 1 1 0;3 4 0 0 0;3 4 0 1 0;4 3 0 0 0;4 3 0 1 0;4 3 1 0 0;4 3 1 1 0;4 4 0 0 0;4 4 0 1 0;4 4 1 0 0;	1897.68211	5	34.10893	29.03867	43.52512	8	0.00367	1.20159	0.55556	0.81250	0.00000	0	0	43.52512	11.22731	35.23166	3.905426383427043e-31	0.0	3.905426383427043e-31	sp|P01859|IGHG2_HUMAN	176
2020111CXY-7.13806.13806.3.0.dta	2020111CXY-7.13806.13806.3.0.dta	2020111CXY-7	13806	3687.02722	3825.47483	1275.82979	3	1	EDALJETR		947.44286	7 5 2 1 0	(N(N(H(N)(H(H)(H))(H(N(H(A)))(N(F)(H(A)))))))	1849	0 1 0 0 0;0 2 0 0 0;1 2 0 0 0;1 3 0 0 0;2 2 0 0 0;2 3 0 0 0;2 3 0 1 0;2 4 0 0 0;2 4 0 1 0;2 5 0 0 0;2 5 0 1 0;3 2 0 0 0;3 3 0 0 0;3 3 0 1 0;3 3 1 0 0;3 3 1 1 0;3 4 0 0 0;3 4 0 1 0;3 4 1 0 0;3 4 1 1 0;3 5 0 0 0;3 5 0 1 0;3 5 1 0 0;3 5 1 1 0;4 2 0 0 0;4 3 0 0 0;4 3 0 1 0;4 3 1 0 0;4 3 1 1 0;4 4 0 0 0;4 4 0 1 0;4 4 1 0 0;4 4 1 1 0;4 4 2 0 0;4 4 2 1 0;4 5 0 0 0;4 5 0 1 0;4 5 1 0 0;4 5 1 1 0;4 5 2 0 0;4 5 2 1 0;5 2 0 0 0;5 3 0 0 0;5 3 0 1 0;5 3 1 0 0;5 3 1 1 0;5 4 0 0 0;5 4 0 1 0;5 4 1 0 0;5 4 1 1 0;5 4 2 0 0;5 4 2 1 0;5 5 0 0 0;5 5 0 1 0;5 5 1 0 0;5 5 1 1 0;5 5 2 0 0;5 5 2 1 0;6 3 0 0 0;6 3 0 1 0;6 3 1 0 0;6 3 1 1 0;6 4 0 0 0;6 4 0 1 0;6 4 1 0 0;6 4 1 1 0;6 4 2 0 0;6 4 2 1 0;6 5 0 0 0;6 5 0 1 0;6 5 1 0 0;6 5 1 1 0;6 5 2 0 0;6 5 2 1 0;7 4 0 0 0;7 4 0 1 0;7 4 1 0 0;7 4 1 1 0;7 4 2 0 0;7 4 2 1 0;7 5 0 0 0;7 5 0 1 0;7 5 1 0 0;7 5 1 1 0;7 5 2 0 0;	2878.01537	5	14.13786	15.39165	11.80939	6	0.01660	4.33848	0.12644	0.71429	0.00000	0	0	11.80939	8.41836	14.97970	1.4394853810812825e-09	0.0018165304268846503	0.0018165304268846503	sp|P10909|CLUS_HUMAN	86
2020111CXY-7.18460.18460.3.0.dta	2020111CXY-7.18460.18460.3.0.dta	2020111CXY-7	18460	4944.76613	3823.55942	1275.19133	3	1	GTAGNALMDGASQLMGEJR		1892.85892	6 4 0 1 0	(N(N(H(H(H))(H(N(H))(N(H)(F))))))	399	0 1 0 0 0;0 2 0 0 0;1 2 0 0 0;2 2 0 0 0;2 3 0 0 0;2 3 0 1 0;2 4 0 0 0;2 4 0 1 0;3 2 0 0 0;3 3 0 0 0;3 3 0 1 0;3 4 0 0 0;3 4 0 1 0;4 2 0 0 0;4 3 0 0 0;4 3 0 1 0;4 4 0 0 0;4 4 0 1 0;5 3 0 0 0;5 3 0 1 0;5 4 0 0 0;5 4 0 1 0;6 4 0 0 0;	1930.69234	18	19.32309	21.63026	15.03835	6	0.00816	2.13434	0.32000	0.36111	0.00000	0	0	15.03835	10.83735	20.40682	8.526603494131403e-12	0.0	8.526603494131403e-12	sp|P02675|FIBB_HUMAN	394
2020111CXY-7.14216.14216.3.0.dta	2020111CXY-7.14216.14216.3.0.dta	2020111CXY-7	14216	3798.18842	3628.59818	1210.20424	3	1	LGTSLSSGHVLMJGTLK		1714.91563	5 4 1 0 0	(N(N(H(H(N(H)))(H(N(H(A)))))))	380	0 1 0 0 0;0 2 0 0 0;1 2 0 0 0;2 2 0 0 0;2 3 0 0 0;3 2 0 0 0;3 3 0 0 0;3 3 1 0 0;3 4 0 0 0;4 3 0 0 0;4 3 1 0 0;4 4 0 0 0;4 4 1 0 0;5 4 0 0 0;	1913.67702	13	62.60276	73.86592	41.68545	7	0.00552	1.52249	0.68750	0.93750	0.00000	0	0	41.68545	23.79649	64.98241	8.639745777514412e-30	0.0	8.639745777514412e-30	sp|P80108|PHLD_HUMAN	659
2020111CXY-7.11985.11985.2.0.dta	2020111CXY-7.11985.11985.2.0.dta	2020111CXY-7	11985	3197.26852	2852.12801	1426.56764	2	1	EEQFJSTFR		1157.52218	4 3 1 1 0	(N(F)(N(H(H)(H(N(H(A)))))))	198	0 1 0 0 0;0 1 0 1 0;0 2 0 0 0;0 2 0 1 0;1 2 0 0 0;1 2 0 1 0;2 2 0 0 0;2 2 0 1 0;2 3 0 0 0;2 3 0 1 0;3 2 0 0 0;3 2 0 1 0;3 3 0 0 0;3 3 0 1 0;3 3 1 0 0;3 3 1 1 0;4 3 0 0 0;4 3 0 1 0;4 3 1 0 0;	1694.60274	5	41.79795	39.66325	45.76239	9	0.00310	1.08538	0.61905	0.93750	0.00000	0	0	45.76239	14.20689	43.21864	1.2609396740308936e-32	0.0	1.2609396740308936e-32	sp|P01859|IGHG2_HUMAN	176
2020111CXY-7.12445.12445.3.2.dta	2020111CXY-7.12445.12445.3.2.dta	2020111CXY-7	12445	3320.78306	3830.51205	1277.50887	3	1	EHEGAIYPDJTTDFQR		1892.84094	4 3 0 3 1	(N(F)(N(H(H(pH))(H(N(F)(H(F)))))))	4423	0 1 0 0 0;0 1 0 1 0;0 2 0 0 0;0 2 0 1 0;1 2 0 0 0;1 2 0 1 0;2 2 0 0 0;2 2 0 0 1;2 2 0 1 0;2 2 0 1 1;2 3 0 0 0;2 3 0 1 0;2 3 0 2 0;3 2 0 0 0;3 2 0 0 1;3 2 0 1 0;3 2 0 1 1;3 3 0 0 0;3 3 0 0 1;3 3 0 1 0;3 3 0 1 1;3 3 0 2 0;3 3 0 2 1;3 3 0 3 0;4 3 0 0 0;4 3 0 0 1;4 3 0 1 0;4 3 0 1 1;4 3 0 2 0;4 3 0 2 1;4 3 0 3 0;	1937.64229	10	18.64272	27.94826	1.36098	3	0.02882	7.52253	0.18182	0.60000	0.00000	0	0	1.36098	12.85253	19.92797	0.004548084630617465	0.0	0.004548084630617465	sp|P00450|CERU_HUMAN	138
2020111CXY-7.9606.9606.2.0.dta	2020111CXY-7.9606.9606.2.0.dta	2020111CXY-7	9606	2555.36462	2602.05936	1301.53332	2	1	EEQFJSTFR		1157.52218	3 4 0 1 0	(N(F)(N(H(H(N))(H(N)))))	95	0 1 0 0 0;0 1 0 1 0;0 2 0 0 0;0 2 0 1 0;1 2 0 0 0;1 2 0 1 0;2 2 0 0 0;2 2 0 1 0;2 3 0 0 0;2 3 0 1 0;3 2 0 0 0;3 2 0 1 0;3 3 0 0 0;3 3 0 1 0;3 4 0 0 0;	1444.53387	5	37.71796	38.78773	35.73124	8	0.00332	1.27402	0.64706	0.87500	0.00000	0	0	35.73124	13.89546	39.10751	8.554926513894878e-26	0.0	8.554926513894878e-26	sp|P01859|IGHG2_HUMAN	176
2020111CXY-7.16146.16146.3.0.dta	2020111CXY-7.16146.16146.3.0.dta	2020111CXY-7	16146	4320.91653	3614.54610	1205.52022	3	1	LAJLTQGEDQYYLR		1683.83366	6 4 0 1 0	(N(F)(N(H(H(N(H)))(H(H(N(H)))))))	401	0 1 0 0 0;0 1 0 1 0;0 2 0 0 0;0 2 0 1 0;1 2 0 0 0;1 2 0 1 0;2 2 0 0 0;2 2 0 1 0;2 3 0 0 0;2 3 0 1 0;3 2 0 0 0;3 2 0 1 0;3 3 0 0 0;3 3 0 1 0;4 2 0 0 0;4 2 0 1 0;4 3 0 0 0;4 3 0 1 0;4 4 0 0 0;4 4 0 1 0;5 3 0 0 0;5 3 0 1 0;5 4 0 0 0;5 4 0 1 0;6 4 0 0 0;	1930.69234	3	32.81704	47.45894	5.62496	5	0.02010	5.56080	0.25926	1.00000	0.00000	0	0	5.62496	18.30354	34.64739	1.1543553566129963e-05	0.0	1.1543553566129963e-05	sp|P10909|CLUS_HUMAN	374
2020111CXY-7.9186.9186.3.0.dta	2020111CXY-7.9186.9186.3.0.dta	2020111CXY-7	9186	2443.92964	2780.10632	927.37362	3	1	EEQFJSTFR		1157.52218	5 4 0 0 0	(N(N(H(H(N(H)))(H(N(H))))))	175	0 1 0 0 0;0 2 0 0 0;1 2 0 0 0;2 2 0 0 0;2 3 0 0 0;3 2 0 0 0;3 3 0 0 0;3 4 0 0 0;4 3 0 0 0;4 4 0 0 0;	1622.58161	5	34.90708	31.14576	41.89240	7	0.00253	0.91077	0.75000	0.75000	0.00000	0	0	41.89240	12.91933	36.19901	5.924385030305819e-30	0.0	5.924385030305819e-30	sp|P01859|IGHG2_HUMAN	176
2020111CXY-7.16931.16931.3.0.dta	2020111CXY-7.16931.16931.3.0.dta	2020111CXY-7	16931	4533.77513	4252.76182	1418.25879	3	1	GLTFQQJASSMCVPDQDTAIR	12,Carbamidomethyl[C];	2339.07546	5 4 1 0 0	(N(N(H(H(N(H)))(H(N(H(A)))))))	380	0 1 0 0 0;0 2 0 0 0;1 2 0 0 0;2 2 0 0 0;2 3 0 0 0;3 2 0 0 0;3 3 0 0 0;3 3 1 0 0;3 4 0 0 0;4 3 0 0 0;4 3 1 0 0;4 4 0 0 0;4 4 1 0 0;5 4 0 0 0;	1913.67702	7	33.59662	47.17446	8.38064	5	0.00934	2.19657	0.37500	0.75000	0.00000	0	0	8.38064	17.69467	35.36609	2.038568629125102e-07	0.0	2.038568629125102e-07	sp|P01871|IGHM_HUMAN	209
2020111CXY-7.11898.11898.3.0.dta	2020111CXY-7.11898.11898.3.0.dta	2020111CXY-7	11898	3173.87095	3055.20805	1019.07420	3	1	EEQFJSTFR		1157.52218	4 4 1 1 0	(N(N(H(H(N(F)))(H(N(H(A)))))))	359	0 1 0 0 0;0 2 0 0 0;1 2 0 0 0;2 2 0 0 0;2 3 0 0 0;2 3 0 1 0;3 2 0 0 0;3 3 0 0 0;3 3 0 1 0;3 3 1 0 0;3 4 0 0 0;3 4 0 1 0;4 3 0 0 0;4 3 1 0 0;4 4 0 0 0;4 4 0 1 0;4 4 1 0 0;	1897.68211	5	21.79439	17.05867	30.58929	7	0.00377	1.23302	0.47368	0.62500	0.00000	0	0	30.58929	9.27135	22.72153	2.2558681175247997e-22	0.0	2.2558681175247997e-22	sp|P01859|IGHG2_HUMAN	176
2020111CXY-7.8005.8005.3.0.dta	2020111CXY-7.8005.8005.3.0.dta	2020111CXY-7	8005	2125.66694	3290.27640	1097.43032	3	1	EEQYJSTYR		1189.51199	4 5 1 1 0	(N(N(H(N)(H(N(H)(F))(N(H(A)))))))	602	0 1 0 0 0;0 2 0 0 0;1 2 0 0 0;1 3 0 0 0;2 2 0 0 0;2 3 0 0 0;2 3 0 1 0;2 4 0 0 0;2 4 0 1 0;2 5 0 0 0;2 5 0 1 0;3 3 0 0 0;3 3 0 1 0;3 3 1 0 0;3 4 0 0 0;3 4 0 1 0;3 4 1 0 0;3 4 1 1 0;3 5 0 0 0;3 5 0 1 0;3 5 1 0 0;3 5 1 1 0;4 4 0 0 0;4 4 0 1 0;4 4 1 0 0;4 4 1 1 0;4 5 0 0 0;4 5 0 1 0;4 5 1 0 0;	2100.76148	5	37.38766	39.95878	32.61270	6	0.00293	0.88977	0.38710	0.93750	0.00000	0	0	32.61270	14.67667	38.85533	8.321234195461151e-24	0.0	8.321234195461151e-24	sp|P01857|IGHG1_HUMAN	180
2020111CXY-7.13307.13307.2.0.dta	2020111CXY-7.13307.13307.2.0.dta	2020111CXY-7	13307	3552.57047	3094.32949	1547.66838	2	1	HAJWTLTPLK		1180.64732	5 4 1 0 0	(N(N(H(H(N(H)))(H(N(H(A)))))))	380	0 1 0 0 0;0 2 0 0 0;1 2 0 0 0;2 2 0 0 0;2 3 0 0 0;3 2 0 0 0;3 3 0 0 0;3 3 1 0 0;3 4 0 0 0;4 3 0 0 0;4 3 1 0 0;4 4 0 0 0;4 4 1 0 0;5 4 0 0 0;	1913.67702	3	41.15823	41.02159	41.41200	7	0.00515	1.66385	0.68750	0.88889	0.00000	0	0	41.41200	14.15050	42.57328	1.2911951971638745e-29	0.0	1.2911951971638745e-29	sp|P27169|PON1_HUMAN	253
2020111CXY-7.2670.2670.4.0.dta	2020111CXY-7.2670.2670.4.0.dta	2020111CXY-7	2670	702.22986	3828.51996	957.88545	4	1	HSHNJJSSDLHPHK		1623.73709	5 4 2 0 0	(N(N(H(H(N(H(A))))(H(N(H(A)))))))	754	0 1 0 0 0;0 2 0 0 0;1 2 0 0 0;2 2 0 0 0;2 3 0 0 0;3 2 0 0 0;3 3 0 0 0;3 3 1 0 0;3 4 0 0 0;4 3 0 0 0;4 3 1 0 0;4 4 0 0 0;4 4 1 0 0;5 4 0 0 0;5 4 1 0 0;	2204.77244	5	76.43209	76.90843	75.54748	7	0.01043	2.72480	0.76471	0.96154	0.00000	0	0	75.54748	22.42904	78.67499	7.941503648320991e-53	0.0	7.941503648320991e-53	sp|P04196|HRG_HUMAN	344
2020111CXY-7.9982.9982.2.0.dta	2020111CXY-7.9982.9982.2.0.dta	2020111CXY-7	9982	2656.97150	2846.16179	1423.58453	2	1	DJNSIITR		932.47958	5 4 1 0 0	(N(N(H(H(N(H)))(H(N(H(A)))))))	380	0 1 0 0 0;0 2 0 0 0;1 2 0 0 0;2 2 0 0 0;2 3 0 0 0;3 2 0 0 0;3 3 0 0 0;3 3 1 0 0;3 4 0 0 0;4 3 0 0 0;4 3 1 0 0;4 4 0 0 0;4 4 1 0 0;5 4 0 0 0;	1913.67702	2	9.58327	11.35705	6.28911	5	0.00518	1.82157	0.31250	0.57143	0.00000	0	0	6.28911	8.40789	10.42406	3.751331089255054e-06	0.0018165304268846503	0.0018165304268846503	sp|P06276|CHLE_HUMAN	369
2020111CXY-7.10032.10032.3.0.dta	2020111CXY-7.10032.10032.3.0.dta	2020111CXY-7	10032	2670.36889	3540.34620	1180.78692	3	1	EEQYJSTYR		1189.51199	5 4 2 1 0	(N(N(H(H(N(H(A))))(H(N(F)(H(A)))))))	993	0 1 0 0 0;0 2 0 0 0;1 2 0 0 0;2 2 0 0 0;2 3 0 0 0;2 3 0 1 0;3 2 0 0 0;3 3 0 0 0;3 3 0 1 0;3 3 1 0 0;3 3 1 1 0;3 4 0 0 0;3 4 0 1 0;4 3 0 0 0;4 3 0 1 0;4 3 1 0 0;4 3 1 1 0;4 4 0 0 0;4 4 0 1 0;4 4 1 0 0;4 4 1 1 0;5 4 0 0 0;5 4 0 1 0;5 4 1 0 0;5 4 1 1 0;5 4 2 0 0;	2350.83035	5	18.19998	12.22308	29.29993	7	0.00386	1.09118	0.39286	0.56250	0.00000	0	0	29.29993	8.77729	19.07771	1.5251764844896061e-21	0.0009208103130755065	0.0009208103130755065	sp|P01857|IGHG1_HUMAN	180
2020111CXY-7.18190.18190.3.0.dta	2020111CXY-7.18190.18190.3.0.dta	2020111CXY-7	18190	4872.08055	3999.78861	1333.93439	3	1	VVLHPJYSQVDIGLIK		1795.01124	5 4 2 0 0	(N(N(H(H(N(H(A))))(H(N(H(A)))))))	754	0 1 0 0 0;0 2 0 0 0;1 2 0 0 0;2 2 0 0 0;2 3 0 0 0;3 2 0 0 0;3 3 0 0 0;3 3 1 0 0;3 4 0 0 0;4 3 0 0 0;4 3 1 0 0;4 4 0 0 0;4 4 1 0 0;5 4 0 0 0;5 4 1 0 0;	2204.77244	6	21.10523	18.96771	25.07491	6	0.00493	1.23206	0.58824	0.50000	0.00000	0	0	25.07491	8.60490	21.96572	1.7436454822108725e-18	0.0009208103130755065	0.0009208103130755065	sp|P00738|HPT_HUMAN	241
2020111CXY-7.5685.5685.2.0.dta	2020111CXY-7.5685.5685.2.0.dta	2020111CXY-7	5685	1506.14153	2487.99070	1244.49899	2	1	EEQYJSTYR		1189.51199	3 4 0 0 0	(N(N(H(H(N))(H(N)))))	52	0 1 0 0 0;0 2 0 0 0;1 2 0 0 0;2 2 0 0 0;2 3 0 0 0;3 2 0 0 0;3 3 0 0 0;	1298.47596	5	59.62491	68.03719	44.00209	7	0.00275	1.10446	0.88889	1.12500	0.00000	0	0	44.00209	20.49698	61.67461	1.8022246032382408e-31	0.0	1.8022246032382408e-31	sp|P01857|IGHG1_HUMAN	180
2020111CXY-7.18473.18473.3.0.dta	2020111CXY-7.18473.18473.3.0.dta	2020111CXY-7	18473	4948.10650	4236.77880	1412.93112	3	1	VIDFJCTTSSVSSALANTK	6,Carbamidomethyl[C];	2014.97500	6 4 1 1 0	(N(N(H(H(N(H(H))))(H(N(F)(H(A)))))))	783	0 1 0 0 0;0 2 0 0 0;1 2 0 0 0;2 2 0 0 0;2 3 0 0 0;2 3 0 1 0;3 2 0 0 0;3 3 0 0 0;3 3 0 1 0;3 3 1 0 0;3 3 1 1 0;3 4 0 0 0;3 4 0 1 0;4 3 0 0 0;4 3 0 1 0;4 3 1 0 0;4 3 1 1 0;4 4 0 0 0;4 4 0 1 0;4 4 1 0 0;4 4 1 1 0;5 3 0 0 0;5 4 0 0 0;5 4 0 1 0;5 4 1 0 0;5 4 1 1 0;6 4 0 0 0;6 4 0 1 0;6 4 1 0 0;	2221.78776	5	49.85569	71.90161	8.91325	6	0.01604	3.78666	0.19355	0.88889	0.00000	0	0	8.91325	25.33237	52.38893	9.538978370401707e-08	0.0	9.538978370401707e-08	sp|P04196|HRG_HUMAN	125
2020111CXY-7.18441.18441.3.0.dta	2020111CXY-7.18441.18441.3.0.dta	2020111CXY-7	18441	4939.53738	3731.45526	1244.48994	3	1	YDFJSSMLYSTAK		1526.68315	5 4 2 0 0	(N(N(H(H(N(H(A))))(H(N(H(A)))))))	754	0 1 0 0 0;0 2 0 0 0;1 2 0 0 0;2 2 0 0 0;2 3 0 0 0;3 2 0 0 0;3 3 0 0 0;3 3 1 0 0;3 4 0 0 0;4 3 0 0 0;4 3 1 0 0;4 4 0 0 0;4 4 1 0 0;5 4 0 0 0;5 4 1 0 0;	2204.77244	4	18.26900	26.82416	2.38084	3	-0.00033	-0.08898	0.23529	0.75000	0.00000	0	0	2.38084	12.97228	19.56623	0.0016495277571269417	0.0	0.0016495277571269417	sp|P04114|APOB_HUMAN	3465
2020111CXY-7.19636.19636.3.0.dta	2020111CXY-7.19636.19636.3.0.dta	2020111CXY-7	19636	5260.58632	3957.68111	1319.89855	3	1	ALPQPQJVTSLLGCTH	14,Carbamidomethyl[C];	1735.87958	6 4 1 1 0	(N(N(H(H(N(H(H))))(H(N(F)(H(A)))))))	783	0 1 0 0 0;0 2 0 0 0;1 2 0 0 0;2 2 0 0 0;2 3 0 0 0;2 3 0 1 0;3 2 0 0 0;3 3 0 0 0;3 3 0 1 0;3 3 1 0 0;3 3 1 1 0;3 4 0 0 0;3 4 0 1 0;4 3 0 0 0;4 3 0 1 0;4 3 1 0 0;4 3 1 1 0;4 4 0 0 0;4 4 0 1 0;4 4 1 0 0;4 4 1 1 0;5 3 0 0 0;5 4 0 0 0;5 4 0 1 0;5 4 1 0 0;5 4 1 1 0;6 4 0 0 0;6 4 0 1 0;6 4 1 0 0;	2221.78776	7	50.40186	68.15768	17.42678	6	0.01377	3.48039	0.29032	0.83333	0.00000	0	0	17.42678	21.96032	52.59789	2.1831961492171175e-13	0.0	2.1831961492171175e-13	sp|P02790|HEMO_HUMAN	453
2020111CXY-7.17262.17262.4.1.dta	2020111CXY-7.17262.17262.4.1.dta	2020111CXY-7	17262	4623.34957	3806.53935	952.39029	4	1	GTAGNALMDGASQLMGEJR		1892.85892	5 4 1 0 0	(N(N(H(H(N(H)))(H(N(H(A)))))))	380	0 1 0 0 0;0 2 0 0 0;1 2 0 0 0;2 2 0 0 0;2 3 0 0 0;3 2 0 0 0;3 3 0 0 0;3 3 1 0 0;3 4 0 0 0;4 3 0 0 0;4 3 1 0 0;4 4 0 0 0;4 4 1 0 0;5 4 0 0 0;	1913.67702	18	75.46319	99.36044	31.08258	7	0.00340	0.89359	0.56250	0.83333	0.00000	0	0	31.08258	29.29527	78.39272	9.899298706850935e-23	0.0	9.899298706850935e-23	sp|P02675|FIBB_HUMAN	394
2020111CXY-7.15450.15450.3.0.dta	2020111CXY-7.15450.15450.3.0.dta	2020111CXY-7	15450	4132.37544	3649.63317	1217.21591	3	1	TVLTPATNHMGJVTFTIPANR	10,Oxidation[M];	2271.15503	6 2 0 0 0	(N(N(H(H)(H(H)(H(H))))))	60	0 1 0 0 0;0 2 0 0 0;1 2 0 0 0;2 2 0 0 0;3 2 0 0 0;4 2 0 0 0;5 2 0 0 0;	1378.47569	12	39.75694	38.10272	42.82905	7	0.00245	0.67148	0.88889	0.57500	0.00000	0	0	42.82905	16.94606	41.45155	1.196207301254273e-30	0.0	1.196207301254273e-30	sp|P01024|CO3_HUMAN	85
2020111CXY-7.4269.4269.3.0.dta	2020111CXY-7.4269.4269.3.0.dta	2020111CXY-7	4269	1128.19959	3278.39773	1093.47076	3	1	TKPREEQYJSTYR		1671.80851	4 4 0 1 0	(N(F)(N(H(H(N))(H(N(H))))))	158	0 1 0 0 0;0 1 0 1 0;0 2 0 0 0;0 2 0 1 0;1 2 0 0 0;1 2 0 1 0;2 2 0 0 0;2 2 0 1 0;2 3 0 0 0;2 3 0 1 0;3 2 0 0 0;3 2 0 1 0;3 3 0 0 0;3 3 0 1 0;3 4 0 0 0;3 4 0 1 0;4 3 0 0 0;4 3 0 1 0;4 4 0 0 0;	1606.58669	9	38.96023	18.36147	77.21507	9	0.00253	0.77131	0.85714	0.54167	0.00000	0	0	77.21507	10.65661	40.02589	6.639088232433085e-54	0.0	6.639088232433085e-54	sp|P01857|IGHG1_HUMAN	180
2020111CXY-7.17418.17418.3.0.dta	2020111CXY-7.17418.17418.3.0.dta	2020111CXY-7	17418	4665.63553	4428.80387	1476.93947	3	1	QQQHLFGSJVTDCSGJFCLFR	13,Carbamidomethyl[C];18,Carbamidomethyl[C];	2515.12414	5 4 1 0 0	(N(N(H(H(N(H)))(H(N(H(A)))))))	380	0 1 0 0 0;0 2 0 0 0;1 2 0 0 0;2 2 0 0 0;2 3 0 0 0;3 2 0 0 0;3 3 0 0 0;3 3 1 0 0;3 4 0 0 0;4 3 0 0 0;4 3 1 0 0;4 4 0 0 0;4 4 1 0 0;5 4 0 0 0;	1913.67702	9	26.37065	38.41349	4.00539	4	0.00271	0.61179	0.31250	0.65000	0.00000	0	0	4.00539	16.39864	28.01051	0.00015885677868146046	0.0	0.00015885677868146046	sp|P02787|TRFE_HUMAN	630
2020111CXY-7.11805.11805.3.0.dta	2020111CXY-7.11805.11805.3.0.dta	2020111CXY-7	11805	3148.39264	3071.20065	1024.40507	3	1	EEQFJSTFR		1157.52218	5 4 1 0 0	(N(N(H(N)(H(H))(H(N(H(A)))))))	382	0 1 0 0 0;0 2 0 0 0;1 2 0 0 0;1 3 0 0 0;2 2 0 0 0;2 3 0 0 0;2 4 0 0 0;3 2 0 0 0;3 3 0 0 0;3 3 1 0 0;3 4 0 0 0;3 4 1 0 0;4 2 0 0 0;4 3 0 0 0;4 3 1 0 0;4 4 0 0 0;4 4 1 0 0;5 3 0 0 0;5 3 1 0 0;5 4 0 0 0;	1913.67702	5	16.33676	19.13272	11.14425	5	0.00144	0.47034	0.31818	0.75000	0.00000	0	0	11.14425	9.46683	17.28344	3.281552690377029e-09	0.0	3.281552690377029e-09	sp|P01859|IGHG2_HUMAN	176
2020111CXY-7.17889.17889.4.0.dta	2020111CXY-7.17889.17889.4.0.dta	2020111CXY-7	17889	4791.52145	3999.78587	1000.70192	4	1	VVLHPJYSQVDIGLIK		1795.01124	5 4 2 0 0	(N(N(H(H(N(H(A))))(H(N(H(A)))))))	754	0 1 0 0 0;0 2 0 0 0;1 2 0 0 0;2 2 0 0 0;2 3 0 0 0;3 2 0 0 0;3 3 0 0 0;3 3 1 0 0;3 4 0 0 0;4 3 0 0 0;4 3 1 0 0;4 4 0 0 0;4 4 1 0 0;5 4 0 0 0;5 4 1 0 0;	2204.77244	6	44.59158	42.70533	48.09461	7	0.00219	0.54852	0.76471	0.63333	0.00000	0	0	48.09461	15.79502	46.17108	3.0259352284330215e-34	0.0	3.0259352284330215e-34	sp|P00738|HPT_HUMAN	241
2020111CXY-7.18920.18920.3.0.dta	2020111CXY-7.18920.18920.3.0.dta	2020111CXY-7	18920	5068.66390	3976.62485	1326.21313	3	1	VCQDCPLLAPLJDTR	2,Carbamidomethyl[C];5,Carbamidomethyl[C];	1771.84657	5 4 2 0 0	(N(N(H(H(N(H(A))))(H(N(H(A)))))))	754	0 1 0 0 0;0 2 0 0 0;1 2 0 0 0;2 2 0 0 0;2 3 0 0 0;3 2 0 0 0;3 3 0 0 0;3 3 1 0 0;3 4 0 0 0;4 3 0 0 0;4 3 1 0 0;4 4 0 0 0;4 4 1 0 0;5 4 0 0 0;5 4 1 0 0;	2204.77244	12	44.72392	53.97584	27.54178	7	0.00584	1.46832	0.52941	0.71429	0.00000	0	0	27.54178	18.21994	46.54591	3.4078914271302105e-20	0.0	3.4078914271302105e-20	sp|P02765|FETUA_HUMAN	156
2020111CXY-7.18517.18517.3.0.dta	2020111CXY-7.18517.18517.3.0.dta	2020111CXY-7	18517	4959.97595	4719.90256	1573.97237	3	1	QQQHLFGSJVTDCSGJFCLFR	13,Carbamidomethyl[C];18,Carbamidomethyl[C];	2515.12414	5 4 2 0 0	(N(N(H(H(N(H(A))))(H(N(H(A)))))))	754	0 1 0 0 0;0 2 0 0 0;1 2 0 0 0;2 2 0 0 0;2 3 0 0 0;3 2 0 0 0;3 3 0 0 0;3 3 1 0 0;3 4 0 0 0;4 3 0 0 0;4 3 1 0 0;4 4 0 0 0;4 4 1 0 0;5 4 0 0 0;5 4 1 0 0;	2204.77244	9	32.12381	43.97939	10.10630	5	0.00598	1.26654	0.41176	0.67500	0.00000	0	0	10.10630	19.54001	34.07781	1.828141492124985e-08	0.0	1.828141492124985e-08	sp|P02787|TRFE_HUMAN	630
2020111CXY-7.5920.5920.2.0.dta	2020111CXY-7.5920.5920.2.0.dta	2020111CXY-7	5920	1567.91559	2958.15463	1479.58095	2	1	EEQYJSTYR		1189.51199	5 4 0 1 0	(N(N(H(H(N(H)))(H(N(H(F)))))))	264	0 1 0 0 0;0 2 0 0 0;1 2 0 0 0;2 2 0 0 0;2 3 0 0 0;3 2 0 0 0;3 3 0 0 0;3 3 0 1 0;3 4 0 0 0;4 3 0 0 0;4 3 0 1 0;4 4 0 0 0;4 4 0 1 0;5 4 0 0 0;	1768.63952	5	39.95181	36.53027	46.30609	7	0.00312	1.05614	0.68750	0.81250	0.00000	0	0	46.30609	12.91241	41.24305	4.992541755834019e-33	0.0	4.992541755834019e-33	sp|P01857|IGHG1_HUMAN	180
2020111CXY-7.19702.19702.3.0.dta	2020111CXY-7.19702.19702.3.0.dta	2020111CXY-7	19702	5278.25802	3669.57896	1223.86450	3	1	YLGJATAIFFLPDEGK		1755.89521	5 4 1 0 0	(N(N(H(H(N(H)))(H(N(H(A)))))))	380	0 1 0 0 0;0 2 0 0 0;1 2 0 0 0;2 2 0 0 0;2 3 0 0 0;3 2 0 0 0;3 3 0 0 0;3 3 1 0 0;3 4 0 0 0;4 3 0 0 0;4 3 1 0 0;4 4 0 0 0;4 4 1 0 0;5 4 0 0 0;	1913.67702	4	22.04991	31.88861	3.77803	4	0.00673	1.83332	0.31250	0.73333	0.00000	0	0	3.77803	14.28981	23.47889	0.0002533374224996354	0.0	0.0002533374224996354	sp|P01009|A1AT_HUMAN	271
2020111CXY-7.16675.16675.4.0.dta	2020111CXY-7.16675.16675.4.0.dta	2020111CXY-7	16675	4464.40939	4665.90294	1167.23119	4	1	NJATVHEQVGGPSLTSDLQAQSK		2381.16916	4 4 2 0 1	(N(N(H(H(N(H(A))))(H(N(pH(A)))))))	6845	0 1 0 0 0;0 2 0 0 0;1 2 0 0 0;2 2 0 0 0;2 3 0 0 0;2 3 0 0 1;2 3 1 0 1;3 2 0 0 0;3 3 0 0 0;3 3 0 0 1;3 3 1 0 0;3 3 1 0 1;3 4 0 0 0;3 4 0 0 1;3 4 1 0 1;4 3 0 0 0;4 3 1 0 0;4 4 0 0 0;4 4 0 0 1;4 4 1 0 0;4 4 1 0 1;	2284.73877	2	17.79103	24.15135	5.97901	5	-0.00499	-1.07011	0.21739	0.52273	0.00000	0	0	5.97901	11.14084	18.90511	6.789393607215955e-06	0.0	6.789393607215955e-06	sp|P04004|VTNC_HUMAN	86
2020111CXY-7.18188.18188.3.0.dta	2020111CXY-7.18188.18188.3.0.dta	2020111CXY-7	18188	4871.32734	4428.80731	1476.94062	3	1	QQQHLFGSJVTDCSGJFCLFR	13,Carbamidomethyl[C];18,Carbamidomethyl[C];	2515.12414	5 4 1 0 0	(N(N(H(H(N(H)))(H(N(H(A)))))))	380	0 1 0 0 0;0 2 0 0 0;1 2 0 0 0;2 2 0 0 0;2 3 0 0 0;3 2 0 0 0;3 3 0 0 0;3 3 1 0 0;3 4 0 0 0;4 3 0 0 0;4 3 1 0 0;4 4 0 0 0;4 4 1 0 0;5 4 0 0 0;	1913.67702	9	38.74934	46.34488	24.64336	7	0.00615	1.38807	0.56250	0.72500	0.00000	0	0	24.64336	19.81781	40.73112	3.1941161800087765e-18	0.0	3.1941161800087765e-18	sp|P02787|TRFE_HUMAN	630
2020111CXY-7.12488.12488.3.0.dta	2020111CXY-7.12488.12488.3.0.dta	2020111CXY-7	12488	3332.36432	3145.23221	1049.08225	3	1	TLFCJASK	4,Carbamidomethyl[C];	940.45568	5 4 2 0 0	(N(N(H(H(N(H(A))))(H(N(H(A)))))))	754	0 1 0 0 0;0 2 0 0 0;1 2 0 0 0;2 2 0 0 0;2 3 0 0 0;3 2 0 0 0;3 3 0 0 0;3 3 1 0 0;3 4 0 0 0;4 3 0 0 0;4 3 1 0 0;4 4 0 0 0;4 4 1 0 0;5 4 0 0 0;5 4 1 0 0;	2204.77244	5	14.80269	17.37855	10.01897	6	0.00409	1.29974	0.35294	0.78571	0.00000	0	0	10.01897	8.16175	15.61887	2.0961560740161783e-08	0.0025996533795493936	0.0025996533795493936	sp|P20851|C4BPB_HUMAN	64
2020111CXY-7.9018.9018.3.0.dta	2020111CXY-7.9018.9018.3.0.dta	2020111CXY-7	9018	2398.48521	3657.34855	1219.78770	3	1	NEEYJK		796.34716	6 5 3 0 0	(N(N(H(H(N(H(A))))(H(N(H(A)))(N(H(A)))))))	1823	0 1 0 0 0;0 2 0 0 0;1 2 0 0 0;2 2 0 0 0;2 3 0 0 0;2 4 0 0 0;3 2 0 0 0;3 3 0 0 0;3 3 1 0 0;3 4 0 0 0;3 4 1 0 0;3 5 0 0 0;4 3 0 0 0;4 3 1 0 0;4 4 0 0 0;4 4 1 0 0;4 4 2 0 0;4 5 0 0 0;4 5 1 0 0;5 4 0 0 0;5 4 1 0 0;5 4 2 0 0;5 5 0 0 0;5 5 1 0 0;5 5 2 0 0;6 5 0 0 0;6 5 1 0 0;6 5 2 0 0;	2861.00005	5	30.28823	41.09462	10.21923	6	0.00133	0.36488	0.23333	1.20000	0.00000	0	0	10.21923	11.94357	31.48259	1.4266862161845453e-08	0.0	1.4266862161845453e-08	sp|P02763|A1AG1_HUMAN/sp|P19652|A1AG2_HUMAN	56/56
2020111CXY-7.9473.9473.3.0.dta	2020111CXY-7.9473.9473.3.0.dta	2020111CXY-7	9473	2519.46246	2602.05813	868.02423	3	1	EEQFJSTFR		1157.52218	3 4 0 1 0	(N(N(H(H(N))(H(N(F))))))	89	0 1 0 0 0;0 2 0 0 0;1 2 0 0 0;2 2 0 0 0;2 3 0 0 0;2 3 0 1 0;3 2 0 0 0;3 3 0 0 0;3 3 0 1 0;3 4 0 0 0;	1444.53387	5	65.56092	76.67287	44.92443	7	0.00209	0.80132	0.75000	1.18750	0.00000	0	0	44.92443	22.47429	67.80835	5.435804521034481e-32	0.0	5.435804521034481e-32	sp|P01859|IGHG2_HUMAN	176
2020111CXY-7.4553.4553.3.0.dta	2020111CXY-7.4553.4553.3.0.dta	2020111CXY-7	4553	1203.38567	3256.33952	1086.11802	3	1	YKJNSDISSTR		1284.61786	5 5 0 1 0	(N(F)(N(H(N)(H(N(H)))(H(N(H))))))	459	0 1 0 0 0;0 1 0 1 0;0 2 0 0 0;0 2 0 1 0;1 2 0 0 0;1 2 0 1 0;1 3 0 0 0;1 3 0 1 0;2 2 0 0 0;2 2 0 1 0;2 3 0 0 0;2 3 0 1 0;2 4 0 0 0;2 4 0 1 0;3 2 0 0 0;3 2 0 1 0;3 3 0 0 0;3 3 0 1 0;3 4 0 0 0;3 4 0 1 0;3 5 0 0 0;3 5 0 1 0;4 3 0 0 0;4 3 0 1 0;4 4 0 0 0;4 4 0 1 0;4 5 0 0 0;4 5 0 1 0;5 4 0 0 0;5 4 0 1 0;5 5 0 0 0;	1971.71889	3	19.38141	14.26771	28.87829	6	0.00278	0.85239	0.54545	0.60000	0.00000	0	0	28.87829	8.72597	20.25401	2.4068701516609466e-21	0.0009208103130755065	0.0009208103130755065	sp|P01871|IGHM_HUMAN	46
2020111CXY-7.9523.9523.2.0.dta	2020111CXY-7.9523.9523.2.0.dta	2020111CXY-7	9523	2533.05974	2926.16644	1463.58686	2	1	EEQFJSTFR		1157.52218	5 4 0 1 0	(N(N(H(H(N(H)))(H(N(H(F)))))))	264	0 1 0 0 0;0 2 0 0 0;1 2 0 0 0;2 2 0 0 0;2 3 0 0 0;3 2 0 0 0;3 3 0 0 0;3 3 0 1 0;3 4 0 0 0;4 3 0 0 0;4 3 0 1 0;4 4 0 0 0;4 4 0 1 0;5 4 0 0 0;	1768.63952	5	21.68415	17.57610	29.31338	7	0.00475	1.62199	0.56250	0.75000	0.00000	0	0	29.31338	9.85517	22.66967	1.3263502223587609e-21	0.0	1.3263502223587609e-21	sp|P01859|IGHG2_HUMAN	176
2020111CXY-7.16031.16031.3.0.dta	2020111CXY-7.16031.16031.3.0.dta	2020111CXY-7	16031	4289.81830	4883.01017	1628.34157	3	1	ELHHLQEQJVSNAFLDK		2022.00393	6 5 3 0 0	(N(N(H(H(N(H(A))))(H(N(H(A)))(N(H(A)))))))	1823	0 1 0 0 0;0 2 0 0 0;1 2 0 0 0;2 2 0 0 0;2 3 0 0 0;2 4 0 0 0;3 2 0 0 0;3 3 0 0 0;3 3 1 0 0;3 4 0 0 0;3 4 1 0 0;3 5 0 0 0;4 3 0 0 0;4 3 1 0 0;4 4 0 0 0;4 4 1 0 0;4 4 2 0 0;4 5 0 0 0;4 5 1 0 0;5 4 0 0 0;5 4 1 0 0;5 4 2 0 0;5 5 0 0 0;5 5 1 0 0;5 5 2 0 0;6 5 0 0 0;6 5 1 0 0;6 5 2 0 0;	2861.00005	9	8.64124	12.38462	1.68925	3	0.00619	1.26735	0.16667	0.43750	0.00000	0	0	1.68925	7.90582	9.43182	0.003173536935501731	0.003352891869237217	0.005819114450960902	sp|P00450|CERU_HUMAN	762
2020111CXY-7.8991.8991.3.0.dta	2020111CXY-7.8991.8991.3.0.dta	2020111CXY-7	8991	2391.12293	3528.49920	1176.83792	3	1	VYKPSAGJNSLYR		1468.75428	5 4 1 1 0	(N(F)(N(H(H(N(H)))(H(N(H(A)))))))	549	0 1 0 0 0;0 1 0 1 0;0 2 0 0 0;0 2 0 1 0;1 2 0 0 0;1 2 0 1 0;2 2 0 0 0;2 2 0 1 0;2 3 0 0 0;2 3 0 1 0;3 2 0 0 0;3 2 0 1 0;3 3 0 0 0;3 3 0 1 0;3 3 1 0 0;3 3 1 1 0;3 4 0 0 0;3 4 0 1 0;4 3 0 0 0;4 3 0 1 0;4 3 1 0 0;4 3 1 1 0;4 4 0 0 0;4 4 0 1 0;4 4 1 0 0;4 4 1 1 0;5 4 0 0 0;5 4 0 1 0;5 4 1 0 0;	2059.73493	8	27.39387	10.83747	58.14145	9	0.00998	2.82973	0.58065	0.37500	0.00000	0	0	58.14145	8.58214	28.25208	5.482306255300242e-41	0.0009208103130755065	0.0009208103130755065	sp|P02749|APOH_HUMAN	162
2020111CXY-7.17280.17280.4.0.dta	2020111CXY-7.17280.17280.4.0.dta	2020111CXY-7	17280	4628.28996	3745.68683	937.17716	4	1	VDKDLQSLEDILHQVEJK		2123.09789	5 4 0 0 0	(N(N(H(H(N(H)))(H(N(H))))))	175	0 1 0 0 0;0 2 0 0 0;1 2 0 0 0;2 2 0 0 0;2 3 0 0 0;3 2 0 0 0;3 3 0 0 0;3 4 0 0 0;4 3 0 0 0;4 4 0 0 0;	1622.58161	17	18.15793	15.07081	23.89116	7	0.00733	1.95746	0.66667	0.41176	0.00000	0	0	23.89116	9.04968	19.06290	9.831977960105637e-18	0.0	9.831977960105637e-18	sp|P02679|FIBG_HUMAN	78
2020111CXY-7.7706.7706.2.0.dta	2020111CXY-7.7706.7706.2.0.dta	2020111CXY-7	7706	2045.37319	2983.18743	1492.09735	2	1	EEQFJSTYR		1173.51708	4 5 0 1 0	(N(F)(N(H(N)(H(N(H))(N(H))))))	291	0 1 0 0 0;0 1 0 1 0;0 2 0 0 0;0 2 0 1 0;1 2 0 0 0;1 2 0 1 0;1 3 0 0 0;1 3 0 1 0;2 2 0 0 0;2 2 0 1 0;2 3 0 0 0;2 3 0 1 0;2 4 0 0 0;2 4 0 1 0;2 5 0 0 0;2 5 0 1 0;3 3 0 0 0;3 3 0 1 0;3 4 0 0 0;3 4 0 1 0;3 5 0 0 0;3 5 0 1 0;4 4 0 0 0;4 4 0 1 0;4 5 0 0 0;	1809.66607	5	13.35596	9.48846	20.53847	8	0.00428	1.43508	0.37037	0.56250	0.00000	0	0	20.53847	8.13546	14.16951	1.1348021013199012e-15	0.0025996533795493936	0.0025996533795493936	sp|P01861|IGHG4_HUMAN	177
2020111CXY-7.12000.12000.3.0.dta	2020111CXY-7.12000.12000.3.0.dta	2020111CXY-7	12000	3201.40585	3327.42925	1109.81460	3	1	QSVPAHFVALJGSK		1454.77504	6 3 1 0 0	(N(N(H(H)(H(H)(H(N(H(A))))))))	350	0 1 0 0 0;0 2 0 0 0;1 2 0 0 0;2 2 0 0 0;3 2 0 0 0;3 3 0 0 0;4 2 0 0 0;4 3 0 0 0;4 3 1 0 0;5 2 0 0 0;5 3 0 0 0;5 3 1 0 0;6 3 0 0 0;	1872.65047	11	36.69484	40.43321	29.75214	6	0.00374	1.12417	0.66667	0.76923	0.00000	0	0	29.75214	14.38674	38.13351	8.855934224180383e-22	0.0	8.855934224180383e-22	sp|P06681|CO2_HUMAN	621
2020111CXY-7.4212.4212.3.0.dta	2020111CXY-7.4212.4212.3.0.dta	2020111CXY-7	4212	1112.96054	3381.24277	1127.75244	3	1	HJFSHCCSK	6,Carbamidomethyl[C];7,Carbamidomethyl[C];	1176.46732	5 4 2 0 0	(N(N(H(H(N(H(A))))(H(N(H(A)))))))	754	0 1 0 0 0;0 2 0 0 0;1 2 0 0 0;2 2 0 0 0;2 3 0 0 0;3 2 0 0 0;3 3 0 0 0;3 3 1 0 0;3 4 0 0 0;4 3 0 0 0;4 3 1 0 0;4 4 0 0 0;4 4 1 0 0;5 4 0 0 0;5 4 1 0 0;	2204.77244	2	41.32959	25.83472	70.10577	7	0.00301	0.88960	0.82353	0.68750	0.00000	0	0	70.10577	10.30856	42.36045	3.1337646861116313e-49	0.0	3.1337646861116313e-49	sp|P43652|AFAM_HUMAN	109
2020111CXY-7.5124.5124.3.0.dta	2020111CXY-7.5124.5124.3.0.dta	2020111CXY-7	5124	1357.45732	3506.40881	1169.47445	3	1	YKJNSDISSTR		1284.61786	6 4 1 1 0	(N(F)(N(H(H(N(H(H))))(H(N(H(A)))))))	784	0 1 0 0 0;0 1 0 1 0;0 2 0 0 0;0 2 0 1 0;1 2 0 0 0;1 2 0 1 0;2 2 0 0 0;2 2 0 1 0;2 3 0 0 0;2 3 0 1 0;3 2 0 0 0;3 2 0 1 0;3 3 0 0 0;3 3 0 1 0;3 3 1 0 0;3 3 1 1 0;3 4 0 0 0;3 4 0 1 0;4 3 0 0 0;4 3 0 1 0;4 3 1 0 0;4 3 1 1 0;4 4 0 0 0;4 4 0 1 0;4 4 1 0 0;4 4 1 1 0;5 3 0 0 0;5 3 0 1 0;5 4 0 0 0;5 4 0 1 0;5 4 1 0 0;5 4 1 1 0;6 4 0 0 0;6 4 0 1 0;6 4 1 0 0;	2221.78776	3	43.68636	31.91475	65.54793	9	0.00320	0.91126	0.56757	0.95000	0.00000	0	0	65.54793	13.84949	45.07131	7.862081029739646e-46	0.0	7.862081029739646e-46	sp|P01871|IGHM_HUMAN	46
2020111CXY-7.16904.16904.3.0.dta	2020111CXY-7.16904.16904.3.0.dta	2020111CXY-7	16904	4526.42259	4415.84108	1472.61854	3	1	GLTFQQJASSMCVPDQDTAIR	12,Carbamidomethyl[C];	2339.07546	6 4 0 2 0	(N(F)(N(H(H(N(H)))(H(N(H(H)(F)))))))	574	0 1 0 0 0;0 1 0 1 0;0 2 0 0 0;0 2 0 1 0;1 2 0 0 0;1 2 0 1 0;2 2 0 0 0;2 2 0 1 0;2 3 0 0 0;2 3 0 1 0;3 2 0 0 0;3 2 0 1 0;3 3 0 0 0;3 3 0 1 0;3 3 0 2 0;3 4 0 0 0;3 4 0 1 0;4 3 0 0 0;4 3 0 1 0;4 3 0 2 0;4 4 0 0 0;4 4 0 1 0;4 4 0 2 0;5 3 0 0 0;5 3 0 1 0;5 3 0 2 0;5 4 0 0 0;5 4 0 1 0;5 4 0 2 0;6 4 0 0 0;6 4 0 1 0;	2076.75025	7	38.26035	57.14922	3.18102	5	0.01537	3.48064	0.15152	0.70000	0.00000	0	0	3.18102	22.39689	40.50004	0.0006486501850212393	0.0	0.0006486501850212393	sp|P01871|IGHM_HUMAN	209
2020111CXY-7.14194.14194.3.0.dta	2020111CXY-7.14194.14194.3.0.dta	2020111CXY-7	14194	3792.27658	3309.39067	1103.80174	3	1	TPLTAJITK		958.55677	5 4 2 1 0	(N(F)(N(H(H(N(H(A))))(H(N(H(A)))))))	991	0 1 0 0 0;0 1 0 1 0;0 2 0 0 0;0 2 0 1 0;1 2 0 0 0;1 2 0 1 0;2 2 0 0 0;2 2 0 1 0;2 3 0 0 0;2 3 0 1 0;3 2 0 0 0;3 2 0 1 0;3 3 0 0 0;3 3 0 1 0;3 3 1 0 0;3 3 1 1 0;3 4 0 0 0;3 4 0 1 0;4 3 0 0 0;4 3 0 1 0;4 3 1 0 0;4 3 1 1 0;4 4 0 0 0;4 4 0 1 0;4 4 1 0 0;4 4 1 1 0;5 4 0 0 0;5 4 0 1 0;5 4 1 0 0;5 4 1 1 0;5 4 2 0 0;	2350.83035	6	79.48831	92.18061	55.91689	9	0.00355	1.07215	0.51515	1.31250	0.00000	0	0	55.91689	25.36348	82.02466	1.909122794631638e-39	0.0	1.909122794631638e-39	sp|P01877|IGHA2_HUMAN	205
2020111CXY-7.15712.15712.4.0.dta	2020111CXY-7.15712.15712.4.0.dta	2020111CXY-7	15712	4203.13061	3633.63828	909.16503	4	1	TVLTPATNHMGJVTFTIPANR		2255.16011	2 4 0 0 1	(N(N(H(pH(N)(N(H))))))	3230	0 1 0 0 0;0 2 0 0 0;1 2 0 0 0;1 2 0 0 1;1 3 0 0 1;1 4 0 0 1;2 3 0 0 1;	1378.44229	12	58.00270	80.66693	15.91200	5	0.03587	9.87162	0.55556	0.82500	0.00000	0	0	15.91200	25.24155	60.52685	2.1080238575173236e-12	0.0	2.1080238575173236e-12	sp|P01024|CO3_HUMAN	85
2020111CXY-7.5955.5955.3.0.dta	2020111CXY-7.5955.5955.3.0.dta	2020111CXY-7	5955	1577.05535	2634.04759	878.68738	3	1	EEQYJSTYR		1189.51199	3 4 0 1 0	(N(F)(N(H(H(N))(H(N)))))	95	0 1 0 0 0;0 1 0 1 0;0 2 0 0 0;0 2 0 1 0;1 2 0 0 0;1 2 0 1 0;2 2 0 0 0;2 2 0 1 0;2 3 0 0 0;2 3 0 1 0;3 2 0 0 0;3 2 0 1 0;3 3 0 0 0;3 3 0 1 0;3 4 0 0 0;	1444.53387	5	32.08109	24.39891	46.34801	9	0.00173	0.65757	0.64706	0.68750	0.00000	0	0	46.34801	11.81604	33.26269	3.959865112406398e-33	0.0	3.959865112406398e-33	sp|P01857|IGHG1_HUMAN	180
2020111CXY-7.3714.3714.3.0.dta	2020111CXY-7.3714.3714.3.0.dta	2020111CXY-7	3714	979.22701	2858.11473	953.37643	3	1	HJSTGCLR	6,Carbamidomethyl[C];	944.43667	5 4 1 0 0	(N(N(H(H(N(H)))(H(N(H(A)))))))	380	0 1 0 0 0;0 2 0 0 0;1 2 0 0 0;2 2 0 0 0;2 3 0 0 0;3 2 0 0 0;3 3 0 0 0;3 3 1 0 0;3 4 0 0 0;4 3 0 0 0;4 3 1 0 0;4 4 0 0 0;4 4 1 0 0;5 4 0 0 0;	1913.67702	2	70.66171	63.98489	83.06153	7	0.00103	0.35950	0.87500	1.28571	0.00000	0	0	83.06153	18.19606	72.48132	9.873617780101874e-58	0.0	9.873617780101874e-58	sp|P10909|CLUS_HUMAN	291
2020111CXY-7.6723.6723.2.0.dta	2020111CXY-7.6723.6723.2.0.dta	2020111CXY-7	6723	1781.34817	2796.10280	1398.55504	2	1	EEQYJSTYR		1189.51199	4 4 0 1 0	(N(F)(N(H(H(N(H))(N(H))))))	166	0 1 0 0 0;0 1 0 1 0;0 2 0 0 0;0 2 0 1 0;1 2 0 0 0;1 2 0 1 0;2 2 0 0 0;2 2 0 1 0;2 3 0 0 0;2 3 0 1 0;2 4 0 0 0;2 4 0 1 0;3 3 0 0 0;3 3 0 1 0;3 4 0 0 0;3 4 0 1 0;4 4 0 0 0;	1606.58669	5	9.34234	9.32615	9.37242	6	0.00411	1.47121	0.36842	0.56250	0.00000	0	0	9.37242	8.09785	10.15213	5.260464659609671e-08	0.003352891869237217	0.003352891869237217	sp|P01857|IGHG1_HUMAN	180
2020111CXY-7.18809.18809.3.0.dta	2020111CXY-7.18809.18809.3.0.dta	2020111CXY-7	18809	5038.81662	4396.92263	1466.31239	3	1	VLSJNSDANLELINTWVAK		2101.09241	3 7 0 1 1	(N(N(H(N)(H(N)(N(pH)))(H(N)(N(F))))))	6938	0 1 0 0 0;0 2 0 0 0;1 2 0 0 0;1 3 0 0 0;2 2 0 0 0;2 3 0 0 0;2 3 0 0 1;2 3 0 1 0;2 4 0 0 0;2 4 0 0 1;2 4 0 1 0;2 5 0 0 0;2 5 0 0 1;2 5 0 1 0;3 2 0 0 0;3 3 0 0 0;3 3 0 0 1;3 3 0 1 0;3 4 0 0 0;3 4 0 0 1;3 4 0 1 0;3 4 0 1 1;3 5 0 0 0;3 5 0 0 1;3 5 0 1 0;3 5 0 1 1;3 6 0 0 0;3 6 0 0 1;3 6 0 1 0;3 6 0 1 1;3 7 0 0 0;3 7 0 0 1;3 7 0 1 0;	2295.79114	4	11.95707	17.44414	1.76680	4	0.03908	8.88759	0.14286	0.52778	0.00000	0	0	1.76680	9.95472	12.95254	0.002914250774380811	0.0	0.002914250774380811	sp|P05155|IC1_HUMAN	253
2020111CXY-7.15494.15494.5.0.dta	2020111CXY-7.15494.15494.5.0.dta	2020111CXY-7	15494	4144.48501	4740.05689	948.81720	5	1	VYIHPFHLVIHJESTCEQLAK	16,Carbamidomethyl[C];	2535.28128	5 4 2 0 0	(N(N(H(H(N(H(A))))(H(N(H(A)))))))	754	0 1 0 0 0;0 2 0 0 0;1 2 0 0 0;2 2 0 0 0;2 3 0 0 0;3 2 0 0 0;3 3 0 0 0;3 3 1 0 0;3 4 0 0 0;4 3 0 0 0;4 3 1 0 0;4 4 0 0 0;4 4 1 0 0;5 4 0 0 0;5 4 1 0 0;	2204.77244	12	77.37278	88.79198	56.16569	7	0.00316	0.66728	0.58824	0.87500	0.00000	0	0	56.16569	27.93849	80.16663	9.99477027734259e-40	0.0	9.99477027734259e-40	sp|P01019|ANGT_HUMAN	47
2020111CXY-7.14511.14511.3.0.dta	2020111CXY-7.14511.14511.3.0.dta	2020111CXY-7	14511	3878.10594	4245.73712	1415.91722	3	1	LSDLSIJSTECLHVHCR	11,Carbamidomethyl[C];16,Carbamidomethyl[C];	2040.95897	5 4 2 0 0	(N(N(H(H(N(H(A))))(H(N(H(A)))))))	754	0 1 0 0 0;0 2 0 0 0;1 2 0 0 0;2 2 0 0 0;2 3 0 0 0;3 2 0 0 0;3 3 0 0 0;3 3 1 0 0;3 4 0 0 0;4 3 0 0 0;4 3 1 0 0;4 4 0 0 0;4 4 1 0 0;5 4 0 0 0;5 4 1 0 0;	2204.77244	7	75.66984	89.21860	50.50784	7	0.00571	1.34416	0.76471	1.03125	0.00000	0	0	50.50784	27.78062	78.44790	8.949269834174771e-36	0.0	8.949269834174771e-36	sp|P05156|CFAI_HUMAN	177
2020111CXY-7.3447.3447.2.0.dta	2020111CXY-7.3447.3447.2.0.dta	2020111CXY-7	3447	908.43971	2501.03625	1251.02176	2	1	YKJNSDISSTR		1284.61786	5 2 0 0 0	(N(N(H(H(H))(H(H)))))	34	0 1 0 0 0;0 2 0 0 0;1 2 0 0 0;2 2 0 0 0;3 2 0 0 0;4 2 0 0 0;	1216.42286	3	34.96029	27.26711	49.24764	7	-0.00447	-1.78842	1.00000	0.85000	0.00000	0	0	49.24764	11.50214	36.11050	5.599114190310158e-35	0.0	5.599114190310158e-35	sp|P01871|IGHM_HUMAN	46
2020111CXY-7.10052.10052.3.2.dta	2020111CXY-7.10052.10052.3.2.dta	2020111CXY-7	10052	2675.72556	3565.33715	1189.11723	3	1	EEQYJSTYR		1189.51199	6 5 0 1 1	(N(F)(N(H(H(N(H)))(pH(N(H))(N(H(H)))))))	7504	0 1 0 0 0;0 1 0 1 0;0 2 0 0 0;0 2 0 1 0;1 2 0 0 0;1 2 0 0 1;1 2 0 1 0;1 2 0 1 1;1 3 0 0 1;1 3 0 1 1;1 4 0 0 1;1 4 0 1 1;2 2 0 0 0;2 2 0 0 1;2 2 0 1 0;2 2 0 1 1;2 3 0 0 0;2 3 0 0 1;2 3 0 1 0;2 3 0 1 1;2 4 0 0 1;2 4 0 1 1;2 5 0 0 1;2 5 0 1 1;3 3 0 0 0;3 3 0 0 1;3 3 0 1 0;3 3 0 1 1;3 4 0 0 1;3 4 0 1 1;3 5 0 0 1;3 5 0 1 1;4 3 0 0 1;4 3 0 1 1;4 4 0 0 1;4 4 0 1 1;4 5 0 0 1;4 5 0 1 1;5 4 0 0 1;5 4 0 1 1;5 5 0 0 1;5 5 0 1 1;6 5 0 0 1;	2375.79087	5	7.64351	10.12593	3.03332	5	0.03430	9.61952	0.13333	0.56250	0.00000	0	0	3.03332	7.90777	8.43429	0.0007895674033648464	0.003352891869237217	0.003352891869237217	sp|P01857|IGHG1_HUMAN	180
2020111CXY-7.9650.9650.3.0.dta	2020111CXY-7.9650.9650.3.0.dta	2020111CXY-7	9650	2567.07244	3071.20273	1024.40576	3	1	EEQFJSTYR		1173.51708	4 4 1 1 0	(N(F)(N(H(H(N))(H(N(H(A)))))))	369	0 1 0 0 0;0 1 0 1 0;0 2 0 0 0;0 2 0 1 0;1 2 0 0 0;1 2 0 1 0;2 2 0 0 0;2 2 0 1 0;2 3 0 0 0;2 3 0 1 0;3 2 0 0 0;3 2 0 1 0;3 3 0 0 0;3 3 0 1 0;3 3 1 0 0;3 3 1 1 0;3 4 0 0 0;3 4 0 1 0;4 3 0 0 0;4 3 0 1 0;4 3 1 0 0;4 3 1 1 0;4 4 0 0 0;4 4 0 1 0;4 4 1 0 0;	1897.68211	5	50.04384	56.31331	38.40054	8	0.00354	1.15301	0.51852	1.06250	0.00000	0	0	38.40054	17.50411	51.79425	1.1524815118184114e-27	0.0	1.1524815118184114e-27	sp|P01861|IGHG4_HUMAN	177
2020111CXY-7.12112.12112.3.0.dta	2020111CXY-7.12112.12112.3.0.dta	2020111CXY-7	12112	3231.42022	2736.15044	912.72167	3	1	VLJFTTK		822.47198	5 4 1 0 0	(N(N(H(H(N(H)))(H(N(H(A)))))))	380	0 1 0 0 0;0 2 0 0 0;1 2 0 0 0;2 2 0 0 0;2 3 0 0 0;3 2 0 0 0;3 3 0 0 0;3 3 1 0 0;3 4 0 0 0;4 3 0 0 0;4 3 1 0 0;4 4 0 0 0;4 4 1 0 0;5 4 0 0 0;	1913.67702	3	27.69892	32.57046	18.65178	7	0.00144	0.52574	0.43750	1.08333	0.00000	0	0	18.65178	11.33708	28.83263	2.59739210510487e-14	0.0	2.59739210510487e-14	sp|P13671|CO6_HUMAN	324
2020111CXY-7.13216.13216.3.0.dta	2020111CXY-7.13216.13216.3.0.dta	2020111CXY-7	13216	3528.03805	3639.45086	1213.82181	3	1	FSDGLESJSSTQFEVK		1774.81300	9 2 0 0 0	(N(N(H(H)(H(H(H(H(H(H(H))))))))))	340	0 1 0 0 0;0 2 0 0 0;1 2 0 0 0;2 2 0 0 0;3 2 0 0 0;4 2 0 0 0;5 2 0 0 0;6 2 0 0 0;7 2 0 0 0;8 2 0 0 0;	1864.63416	8	60.45536	77.56569	28.67903	7	0.00371	1.01894	0.66667	0.96667	0.00000	0	0	28.67903	25.07811	62.96317	3.3726043477376605e-21	0.0	3.3726043477376605e-21	sp|P0C0L4|CO4A_HUMAN/sp|P0C0L5|CO4B_HUMAN	226/226
2020111CXY-7.7625.7625.2.0.dta	2020111CXY-7.7625.7625.2.0.dta	2020111CXY-7	7625	2023.46896	2618.05484	1309.53106	2	1	EEQFJSTYR		1173.51708	3 4 0 1 0	(N(F)(N(H(H)(H(N)(N)))))	93	0 1 0 0 0;0 1 0 1 0;0 2 0 0 0;0 2 0 1 0;1 2 0 0 0;1 2 0 1 0;2 2 0 0 0;2 2 0 1 0;2 3 0 0 0;2 3 0 1 0;2 4 0 0 0;2 4 0 1 0;3 2 0 0 0;3 2 0 1 0;3 3 0 0 0;3 3 0 1 0;3 4 0 0 0;	1444.53387	5	25.22192	17.45881	39.63912	9	0.00389	1.48396	0.57895	0.68750	0.00000	0	0	39.63912	10.06621	26.22854	1.505287349344208e-28	0.0	1.505287349344208e-28	sp|P01861|IGHG4_HUMAN	177
2020111CXY-7.15045.15045.3.0.dta	2020111CXY-7.15045.15045.3.0.dta	2020111CXY-7	15045	4022.33467	4881.99247	1628.00234	3	1	IPCSQPPQIEHGTIJSSR	3,Carbamidomethyl[C];	2020.98690	6 5 3 0 0	(N(N(H(H(N(H(A))))(H(N(H(A)))(N(H(A)))))))	1823	0 1 0 0 0;0 2 0 0 0;1 2 0 0 0;2 2 0 0 0;2 3 0 0 0;2 4 0 0 0;3 2 0 0 0;3 3 0 0 0;3 3 1 0 0;3 4 0 0 0;3 4 1 0 0;3 5 0 0 0;4 3 0 0 0;4 3 1 0 0;4 4 0 0 0;4 4 1 0 0;4 4 2 0 0;4 5 0 0 0;4 5 1 0 0;5 4 0 0 0;5 4 1 0 0;5 4 2 0 0;5 5 0 0 0;5 5 1 0 0;5 5 2 0 0;6 5 0 0 0;6 5 1 0 0;6 5 2 0 0;	2861.00005	15	9.79462	11.65991	6.33051	4	0.00551	1.12914	0.26667	0.32353	0.00000	0	0	6.33051	7.85806	10.58043	3.3856038840367036e-06	0.004966887417218543	0.004966887417218543	sp|P08603|CFAH_HUMAN	882
2020111CXY-7.10386.10386.3.0.dta	2020111CXY-7.10386.10386.3.0.dta	2020111CXY-7	10386	2765.59483	3058.21571	1020.07675	3	1	NJLTTYK		853.44140	5 4 2 0 0	(N(N(H(H(N(H(A))))(H(N(H(A)))))))	754	0 1 0 0 0;0 2 0 0 0;1 2 0 0 0;2 2 0 0 0;2 3 0 0 0;3 2 0 0 0;3 3 0 0 0;3 3 1 0 0;3 4 0 0 0;4 3 0 0 0;4 3 1 0 0;4 4 0 0 0;4 4 1 0 0;5 4 0 0 0;5 4 1 0 0;	2204.77244	2	22.76683	26.18755	16.41408	7	0.00187	0.61146	0.41176	1.00000	0.00000	0	0	16.41408	10.32621	23.79945	8.301219614050953e-13	0.0	8.301219614050953e-13	sp|P48740|MASP1_HUMAN	385
2020111CXY-7.19439.19439.3.1.dta	2020111CXY-7.19439.19439.3.1.dta	2020111CXY-7	19439	5208.16106	4584.79480	1528.93645	3	1	LAJLTQGEDQYYLR		1683.83366	6 4 2 2 1	(N(N(H(pH(H)(H))(H(N(F)(H(A)))(N(F)(H(A)))))))	12832	0 1 0 0 0;0 2 0 0 0;1 2 0 0 0;1 2 0 0 1;2 2 0 0 0;2 2 0 0 1;2 3 0 0 0;2 3 0 0 1;2 3 0 1 0;2 3 0 1 1;2 4 0 0 0;2 4 0 0 1;2 4 0 1 0;2 4 0 1 1;2 4 0 2 0;2 4 0 2 1;3 2 0 0 1;3 3 0 0 0;3 3 0 0 1;3 3 0 1 0;3 3 0 1 1;3 3 1 0 0;3 3 1 0 1;3 3 1 1 0;3 3 1 1 1;3 4 0 0 0;3 4 0 0 1;3 4 0 1 0;3 4 0 1 1;3 4 0 2 0;3 4 0 2 1;3 4 1 0 0;3 4 1 0 1;3 4 1 1 0;3 4 1 1 1;3 4 1 2 0;3 4 1 2 1;4 2 0 0 1;4 3 0 0 1;4 3 0 1 1;4 3 1 0 1;4 3 1 1 1;4 4 0 0 0;4 4 0 0 1;4 4 0 1 0;4 4 0 1 1;4 4 0 2 0;4 4 0 2 1;4 4 1 0 0;4 4 1 0 1;4 4 1 1 0;4 4 1 1 1;4 4 1 2 0;4 4 1 2 1;4 4 2 0 0;4 4 2 0 1;4 4 2 1 0;4 4 2 1 1;4 4 2 2 0;4 4 2 2 1;5 3 0 0 1;5 3 0 1 1;5 3 1 0 1;5 3 1 1 1;5 4 0 0 1;5 4 0 1 1;5 4 0 2 1;5 4 1 0 1;5 4 1 1 1;5 4 1 2 1;5 4 2 0 1;5 4 2 1 1;5 4 2 2 1;6 4 0 0 1;6 4 0 1 1;6 4 0 2 1;6 4 1 0 1;6 4 1 1 1;6 4 1 2 1;6 4 2 0 1;6 4 2 1 1;	2900.96024	3	15.46882	21.42384	4.40949	4	0.00091	0.19750	0.14458	0.69231	0.00000	0	0	4.40949	9.47617	16.41644	8.12232361207672e-05	0.0	8.12232361207672e-05	sp|P10909|CLUS_HUMAN	374
2020111CXY-7.18431.18431.4.0.dta	2020111CXY-7.18431.18431.4.0.dta	2020111CXY-7	18431	4936.91139	4036.77678	1009.94965	4	1	VDKDLQSLEDILHQVEJK		2123.09789	5 4 1 0 0	(N(N(H(H(N(H)))(H(N(H(A)))))))	380	0 1 0 0 0;0 2 0 0 0;1 2 0 0 0;2 2 0 0 0;2 3 0 0 0;3 2 0 0 0;3 3 0 0 0;3 3 1 0 0;3 4 0 0 0;4 3 0 0 0;4 3 1 0 0;4 4 0 0 0;4 4 1 0 0;5 4 0 0 0;	1913.67702	17	48.28940	56.26326	33.48082	7	0.00187	0.46361	0.62500	0.76471	0.00000	0	0	33.48082	18.81228	50.17063	3.1723920900538903e-24	0.0	3.1723920900538903e-24	sp|P02679|FIBG_HUMAN	78
2020111CXY-7.19290.19290.3.0.dta	2020111CXY-7.19290.19290.3.0.dta	2020111CXY-7	19290	5167.68881	3844.56418	1282.19291	3	1	AGLQAFFQVQECJK	12,Carbamidomethyl[C];	1639.78970	5 4 2 0 0	(N(N(H(H(N(H(A))))(H(N(H(A)))))))	754	0 1 0 0 0;0 2 0 0 0;1 2 0 0 0;2 2 0 0 0;2 3 0 0 0;3 2 0 0 0;3 3 0 0 0;3 3 1 0 0;3 4 0 0 0;4 3 0 0 0;4 3 1 0 0;4 4 0 0 0;4 4 1 0 0;5 4 0 0 0;5 4 1 0 0;	2204.77244	13	29.80569	34.96655	20.22124	6	0.00204	0.53035	0.52941	0.69231	0.00000	0	0	20.22124	14.07191	31.21288	2.2057628851129444e-15	0.0	2.2057628851129444e-15	sp|P00450|CERU_HUMAN	358
2020111CXY-7.7371.7371.3.0.dta	2020111CXY-7.7371.7371.3.0.dta	2020111CXY-7	7371	1955.39352	2780.10701	927.37385	3	1	EEQFJSTYR		1173.51708	4 4 0 1 0	(N(N(H(H(N))(H(N(H(F)))))))	161	0 1 0 0 0;0 2 0 0 0;1 2 0 0 0;2 2 0 0 0;2 3 0 0 0;3 2 0 0 0;3 3 0 0 0;3 3 0 1 0;3 4 0 0 0;4 3 0 0 0;4 3 0 1 0;4 4 0 0 0;	1606.58669	5	66.33504	82.64820	36.03917	7	0.00323	1.16206	0.57143	1.25000	0.00000	0	0	36.03917	23.25373	68.66041	5.682201765659051e-26	0.0	5.682201765659051e-26	sp|P01861|IGHG4_HUMAN	177
2020111CXY-7.4959.4959.3.0.dta	2020111CXY-7.4959.4959.3.0.dta	2020111CXY-7	4959	1312.94020	3198.29904	1066.77120	3	1	YKJNSDISSTR		1284.61786	5 4 1 0 0	(N(N(H(H(N(H)))(H(N(H(A)))))))	380	0 1 0 0 0;0 2 0 0 0;1 2 0 0 0;2 2 0 0 0;2 3 0 0 0;3 2 0 0 0;3 3 0 0 0;3 3 1 0 0;3 4 0 0 0;4 3 0 0 0;4 3 1 0 0;4 4 0 0 0;4 4 1 0 0;5 4 0 0 0;	1913.67702	3	41.65060	33.56724	56.66256	7	0.00416	1.30053	0.75000	0.95000	0.00000	0	0	56.66256	13.49290	42.99989	5.067314902496054e-40	0.0	5.067314902496054e-40	sp|P01871|IGHM_HUMAN	46
2020111CXY-7.15610.15610.2.0.dta	2020111CXY-7.15610.15610.2.0.dta	2020111CXY-7	15610	4175.72299	3027.24654	1514.12691	2	1	VLJFTTK		822.47198	5 4 2 0 0	(N(N(H(H(N(H(A))))(H(N(H(A)))))))	754	0 1 0 0 0;0 2 0 0 0;1 2 0 0 0;2 2 0 0 0;2 3 0 0 0;3 2 0 0 0;3 3 0 0 0;3 3 1 0 0;3 4 0 0 0;4 3 0 0 0;4 3 1 0 0;4 4 0 0 0;4 4 1 0 0;5 4 0 0 0;5 4 1 0 0;	2204.77244	3	53.15547	70.54028	20.86940	7	0.00212	0.70129	0.41176	1.41667	0.00000	0	0	20.86940	19.66422	55.12189	6.63500536223359e-16	0.0	6.63500536223359e-16	sp|P13671|CO6_HUMAN	324
2020111CXY-7.19093.19093.3.0.dta	2020111CXY-7.19093.19093.3.0.dta	2020111CXY-7	19093	5114.73866	4327.87457	1443.29637	3	1	VDKDLQSLEDILHQVEJK		2123.09789	5 4 2 0 0	(N(N(H(H(N(H(A))))(H(N(H(A)))))))	754	0 1 0 0 0;0 2 0 0 0;1 2 0 0 0;2 2 0 0 0;2 3 0 0 0;3 2 0 0 0;3 3 0 0 0;3 3 1 0 0;3 4 0 0 0;4 3 0 0 0;4 3 1 0 0;4 4 0 0 0;4 4 1 0 0;5 4 0 0 0;5 4 1 0 0;	2204.77244	17	104.24881	126.81882	62.33308	7	0.00424	0.97923	0.70588	0.88235	0.00000	0	0	62.33308	36.73646	107.92246	5.564423359537164e-44	0.0	5.564423359537164e-44	sp|P02679|FIBG_HUMAN	78
2020111CXY-7.13073.13073.3.0.dta	2020111CXY-7.13073.13073.3.0.dta	2020111CXY-7	13073	3489.22919	3855.55718	1285.85724	3	1	GTAGNALMDGASQLMGEJR	8,Oxidation[M];15,Oxidation[M];	1924.84875	6 4 0 1 0	(N(N(H(H(H))(H(N(H))(N(H)(F))))))	399	0 1 0 0 0;0 2 0 0 0;1 2 0 0 0;2 2 0 0 0;2 3 0 0 0;2 3 0 1 0;2 4 0 0 0;2 4 0 1 0;3 2 0 0 0;3 3 0 0 0;3 3 0 1 0;3 4 0 0 0;3 4 0 1 0;4 2 0 0 0;4 3 0 0 0;4 3 0 1 0;4 4 0 0 0;4 4 0 1 0;5 3 0 0 0;5 3 0 1 0;5 4 0 0 0;5 4 0 1 0;6 4 0 0 0;	1930.69234	18	40.85246	49.19011	25.36824	7	0.01609	4.17340	0.36000	0.58333	0.00000	0	0	25.36824	20.04377	42.85684	1.0002122960977346e-18	0.0	1.0002122960977346e-18	sp|P02675|FIBB_HUMAN	394
2020111CXY-7.16083.16083.3.0.dta	2020111CXY-7.16083.16083.3.0.dta	2020111CXY-7	16083	4303.97416	4318.85699	1440.29051	3	1	LAGKPTHVJVSVVMAEVDGTCY	21,Carbamidomethyl[C];	2347.14207	5 5 0 1 0	(N(F)(N(H(N)(H(N(H)))(H(N(H))))))	459	0 1 0 0 0;0 1 0 1 0;0 2 0 0 0;0 2 0 1 0;1 2 0 0 0;1 2 0 1 0;1 3 0 0 0;1 3 0 1 0;2 2 0 0 0;2 2 0 1 0;2 3 0 0 0;2 3 0 1 0;2 4 0 0 0;2 4 0 1 0;3 2 0 0 0;3 2 0 1 0;3 3 0 0 0;3 3 0 1 0;3 4 0 0 0;3 4 0 1 0;3 5 0 0 0;3 5 0 1 0;4 3 0 0 0;4 3 0 1 0;4 4 0 0 0;4 4 0 1 0;4 5 0 0 0;4 5 0 1 0;5 4 0 0 0;5 4 0 1 0;5 5 0 0 0;	1971.71889	9	22.81793	29.57497	10.26914	5	-0.00397	-0.91884	0.36364	0.54762	0.00000	0	0	10.26914	15.56451	24.37438	1.3198969155779224e-08	0.0	1.3198969155779224e-08	sp|P01876|IGHA1_HUMAN	340
2020111CXY-7.14272.14272.3.0.dta	2020111CXY-7.14272.14272.3.0.dta	2020111CXY-7	14272	3813.31651	3309.39100	1103.80185	3	1	TPLTAJITK		958.55677	5 4 2 1 0	(N(N(H(H(N(H(A))))(H(N(F)(H(A)))))))	993	0 1 0 0 0;0 2 0 0 0;1 2 0 0 0;2 2 0 0 0;2 3 0 0 0;2 3 0 1 0;3 2 0 0 0;3 3 0 0 0;3 3 0 1 0;3 3 1 0 0;3 3 1 1 0;3 4 0 0 0;3 4 0 1 0;4 3 0 0 0;4 3 0 1 0;4 3 1 0 0;4 3 1 1 0;4 4 0 0 0;4 4 0 1 0;4 4 1 0 0;4 4 1 1 0;5 4 0 0 0;5 4 0 1 0;5 4 1 0 0;5 4 1 1 0;5 4 2 0 0;	2350.83035	6	12.22067	14.37258	8.22427	5	0.00388	1.17277	0.28571	0.62500	0.00000	0	0	8.22427	7.98766	13.01944	2.4195451966058273e-07	0.003352891869237217	0.003352891869237217	sp|P01877|IGHA2_HUMAN	205
2020111CXY-7.9117.9117.2.1.dta	2020111CXY-7.9117.9117.2.1.dta	2020111CXY-7	9117	2425.18937	2779.13181	1390.06954	2	1	IKSJTSK		777.44649	5 3 2 0 0	(N(N(H(H(H))(H(N(H(A(A))))))))	476	0 1 0 0 0;0 2 0 0 0;1 2 0 0 0;2 2 0 0 0;2 3 0 0 0;3 2 0 0 0;3 3 0 0 0;3 3 1 0 0;3 3 2 0 0;4 2 0 0 0;4 3 0 0 0;4 3 1 0 0;4 3 2 0 0;5 3 0 0 0;5 3 1 0 0;	2001.69307	4	6.61684	8.67399	2.79642	4	-0.00775	-2.79026	0.23529	0.58333	0.00000	0	0	2.79642	7.42977	7.35982	0.0010613803945360666	0.00944138473642801	0.00944138473642801	sp|O95267|GRP1_HUMAN	190
2020111CXY-7.18166.18166.3.0.dta	2020111CXY-7.18166.18166.3.0.dta	2020111CXY-7	18166	4865.42109	4036.77895	1346.26450	3	1	VDKDLQSLEDILHQVEJK		2123.09789	5 4 1 0 0	(N(N(H(H(N(H)))(H(N(H(A)))))))	380	0 1 0 0 0;0 2 0 0 0;1 2 0 0 0;2 2 0 0 0;2 3 0 0 0;3 2 0 0 0;3 3 0 0 0;3 3 1 0 0;3 4 0 0 0;4 3 0 0 0;4 3 1 0 0;4 4 0 0 0;4 4 1 0 0;5 4 0 0 0;	1913.67702	17	64.31704	70.82908	52.22327	7	0.00404	0.99968	0.75000	0.82353	0.00000	0	0	52.22327	24.38604	66.75564	5.880791857352985e-37	0.0	5.880791857352985e-37	sp|P02679|FIBG_HUMAN	78
2020111CXY-7.15811.15811.3.0.dta	2020111CXY-7.15811.15811.3.0.dta	2020111CXY-7	15811	4229.87777	4310.79338	1437.60264	3	1	GLTFQQJASSMCVPDQDTAIR	12,Carbamidomethyl[C];	2339.07546	5 5 0 1 0	(N(N(H(N)(H(N(H)))(H(N(H)(F))))))	450	0 1 0 0 0;0 2 0 0 0;1 2 0 0 0;1 3 0 0 0;2 2 0 0 0;2 3 0 0 0;2 3 0 1 0;2 4 0 0 0;2 4 0 1 0;3 2 0 0 0;3 3 0 0 0;3 3 0 1 0;3 4 0 0 0;3 4 0 1 0;3 5 0 0 0;3 5 0 1 0;4 3 0 0 0;4 3 0 1 0;4 4 0 0 0;4 4 0 1 0;4 5 0 0 0;4 5 0 1 0;5 4 0 0 0;5 4 0 1 0;5 5 0 0 0;	1971.71889	7	54.55416	81.25151	4.97337	4	-0.00096	-0.22370	0.22222	0.97500	0.00000	0	0	4.97337	25.72610	57.12677	2.9409427628556496e-05	0.0	2.9409427628556496e-05	sp|P01871|IGHM_HUMAN	209
2020111CXY-7.17960.17960.3.0.dta	2020111CXY-7.17960.17960.3.0.dta	2020111CXY-7	17960	4810.68307	4097.64114	1366.55190	3	1	GTAGNALMDGASQLMGEJR		1892.85892	5 4 2 0 0	(N(N(H(H(N(H(A))))(H(N(H(A)))))))	754	0 1 0 0 0;0 2 0 0 0;1 2 0 0 0;2 2 0 0 0;2 3 0 0 0;3 2 0 0 0;3 3 0 0 0;3 3 1 0 0;3 4 0 0 0;4 3 0 0 0;4 3 1 0 0;4 4 0 0 0;4 4 1 0 0;5 4 0 0 0;5 4 1 0 0;	2204.77244	18	15.02311	12.94762	18.87759	6	0.00977	2.38502	0.47059	0.25000	0.00000	0	0	18.87759	9.02497	15.92561	1.7715642950177724e-14	0.0	1.7715642950177724e-14	sp|P02675|FIBB_HUMAN	394
2020111CXY-7.10117.10117.3.1.dta	2020111CXY-7.10117.10117.3.1.dta	2020111CXY-7	10117	2693.33961	3755.46645	1252.49367	3	1	CJDTIPEDYETHQLR	1,Carbamidomethyl[C];	1890.82866	9 2 0 0 0	(N(N(H(H(H)(H(H)))(H(H)(H(H))))))	342	0 1 0 0 0;0 2 0 0 0;1 2 0 0 0;2 2 0 0 0;3 2 0 0 0;4 2 0 0 0;5 2 0 0 0;6 2 0 0 0;7 2 0 0 0;8 2 0 0 0;	1864.63416	2	74.13241	84.88269	54.16761	7	0.00364	0.96908	0.83333	1.07143	0.00000	0	0	54.16761	27.20374	76.85278	2.734453259738397e-38	0.0	2.734453259738397e-38	sp|P49747|COMP_HUMAN	742
2020111CXY-7.5931.5931.3.0.dta	2020111CXY-7.5931.5931.3.0.dta	2020111CXY-7	5931	1570.82771	2958.15426	986.72294	3	1	EEQYJSTYR		1189.51199	5 4 0 1 0	(N(F)(N(H(H(N))(H(N(H(H)))))))	266	0 1 0 0 0;0 1 0 1 0;0 2 0 0 0;0 2 0 1 0;1 2 0 0 0;1 2 0 1 0;2 2 0 0 0;2 2 0 1 0;2 3 0 0 0;2 3 0 1 0;3 2 0 0 0;3 2 0 1 0;3 3 0 0 0;3 3 0 1 0;3 4 0 0 0;3 4 0 1 0;4 3 0 0 0;4 3 0 1 0;4 4 0 0 0;4 4 0 1 0;5 3 0 0 0;5 3 0 1 0;5 4 0 0 0;	1768.63952	5	69.41249	73.32372	62.14878	8	0.00276	0.93275	0.72000	1.18750	0.00000	0	0	62.14878	21.44524	71.55701	9.903838353890986e-44	0.0	9.903838353890986e-44	sp|P01857|IGHG1_HUMAN	180
2020111CXY-7.7670.7670.2.0.dta	2020111CXY-7.7670.7670.2.0.dta	2020111CXY-7	7670	2035.61804	2821.13357	1411.07042	2	1	EEQFJSTYR		1173.51708	3 5 0 1 0	(N(N(H(N)(H(N))(H(N(F))))))	181	0 1 0 0 0;0 2 0 0 0;1 2 0 0 0;1 3 0 0 0;2 2 0 0 0;2 3 0 0 0;2 3 0 1 0;2 4 0 0 0;2 4 0 1 0;3 2 0 0 0;3 3 0 0 0;3 3 0 1 0;3 4 0 0 0;3 4 0 1 0;3 5 0 0 0;	1647.61324	5	42.53597	47.10602	34.04874	7	0.00325	1.15150	0.52941	0.87500	0.00000	0	0	34.04874	15.64745	44.10071	1.0598689505252381e-24	0.0	1.0598689505252381e-24	sp|P01861|IGHG4_HUMAN	177
2020111CXY-7.15177.15177.3.0.dta	2020111CXY-7.15177.15177.3.0.dta	2020111CXY-7	15177	4058.59428	3811.69073	1271.23510	3	1	TVLTPATNHMGJVTFTIPANR	10,Oxidation[M];	2271.15503	7 2 0 0 0	(N(N(H(H(H(H))(H(H(H)))))))	116	0 1 0 0 0;0 2 0 0 0;1 2 0 0 0;2 2 0 0 0;3 2 0 0 0;4 2 0 0 0;5 2 0 0 0;6 2 0 0 0;	1540.52851	12	16.69140	20.13805	10.29048	5	0.00719	1.88741	0.50000	0.45000	0.00000	0	0	10.29048	11.94024	17.88542	1.2516005970920335e-08	0.0	1.2516005970920335e-08	sp|P01024|CO3_HUMAN	85
2020111CXY-7.13016.13016.3.0.dta	2020111CXY-7.13016.13016.3.0.dta	2020111CXY-7	13016	3474.04461	4225.76437	1409.25964	3	1	IPCSQPPQIEHGTIJSSR	3,Carbamidomethyl[C];	2020.98690	5 4 2 0 0	(N(N(H(H(N(H(A))))(H(N(H(A)))))))	754	0 1 0 0 0;0 2 0 0 0;1 2 0 0 0;2 2 0 0 0;2 3 0 0 0;3 2 0 0 0;3 3 0 0 0;3 3 1 0 0;3 4 0 0 0;4 3 0 0 0;4 3 1 0 0;4 4 0 0 0;4 4 1 0 0;5 4 0 0 0;5 4 1 0 0;	2204.77244	15	43.58795	38.99907	52.11015	7	0.00503	1.19055	0.64706	0.44118	0.00000	0	0	52.11015	15.41671	45.12962	6.625968230753229e-37	0.0	6.625968230753229e-37	sp|P08603|CFAH_HUMAN	882
2020111CXY-7.19509.19509.3.0.dta	2020111CXY-7.19509.19509.3.0.dta	2020111CXY-7	19509	5226.77750	4305.79519	1435.93658	3	1	ALPQPQJVTSLLGCTH	14,Carbamidomethyl[C];	1735.87958	6 5 2 0 0	(N(N(H(H(N(H(A))))(H(N(H))(N(H(A)))))))	1338	0 1 0 0 0;0 2 0 0 0;1 2 0 0 0;2 2 0 0 0;2 3 0 0 0;2 4 0 0 0;3 2 0 0 0;3 3 0 0 0;3 3 1 0 0;3 4 0 0 0;3 4 1 0 0;3 5 0 0 0;4 3 0 0 0;4 3 1 0 0;4 4 0 0 0;4 4 1 0 0;4 5 0 0 0;4 5 1 0 0;5 4 0 0 0;5 4 1 0 0;5 4 2 0 0;5 5 0 0 0;5 5 1 0 0;5 5 2 0 0;6 5 0 0 0;6 5 1 0 0;	2569.90464	7	25.05111	33.73890	8.91665	5	0.01098	2.54889	0.28571	0.76667	0.00000	0	0	8.91665	15.01388	26.55250	9.11190473374891e-08	0.0	9.11190473374891e-08	sp|P02790|HEMO_HUMAN	453
2020111CXY-7.18191.18191.2.0.dta	2020111CXY-7.18191.18191.2.0.dta	2020111CXY-7	18191	4872.35804	3116.24958	1558.62843	2	1	JGSLFAFR		911.47338	5 4 2 0 0	(N(N(H(H(N(H(A))))(H(N(H(A)))))))	754	0 1 0 0 0;0 2 0 0 0;1 2 0 0 0;2 2 0 0 0;2 3 0 0 0;3 2 0 0 0;3 3 0 0 0;3 3 1 0 0;3 4 0 0 0;4 3 0 0 0;4 3 1 0 0;4 4 0 0 0;4 4 1 0 0;5 4 0 0 0;5 4 1 0 0;	2204.77244	1	49.06081	71.27549	7.80496	5	0.00376	1.20817	0.29412	1.42857	0.00000	0	0	7.80496	20.20252	51.08106	3.9348313317018087e-07	0.0	3.9348313317018087e-07	sp|P04004|VTNC_HUMAN	169
2020111CXY-7.9985.9985.3.0.dta	2020111CXY-7.9985.9985.3.0.dta	2020111CXY-7	9985	2657.64934	3881.58471	1294.53309	3	1	VTACHSSQPJATLYK	4,Carbamidomethyl[C];	1676.80607	5 4 2 0 0	(N(N(H(H(N(H(A))))(H(N(H(A)))))))	754	0 1 0 0 0;0 2 0 0 0;1 2 0 0 0;2 2 0 0 0;2 3 0 0 0;3 2 0 0 0;3 3 0 0 0;3 3 1 0 0;3 4 0 0 0;4 3 0 0 0;4 3 1 0 0;4 4 0 0 0;4 4 1 0 0;5 4 0 0 0;5 4 1 0 0;	2204.77244	10	55.77027	62.58437	43.11552	7	0.00619	1.59599	0.64706	0.78571	0.00000	0	0	43.11552	20.22456	57.79273	1.0127661483239626e-30	0.0	1.0127661483239626e-30	sp|P05543|THBG_HUMAN	36
2020111CXY-7.15916.15916.4.0.dta	2020111CXY-7.15916.15916.4.0.dta	2020111CXY-7	15916	4258.97056	5345.30670	1337.08213	4	1	RNPPMGGNVVIFDTVITNQEEPYQJHSGR	5,Oxidation[M];	3285.57054	5 4 1 1 0	(N(F)(N(H(H(N(H)))(H(N(H(A)))))))	549	0 1 0 0 0;0 1 0 1 0;0 2 0 0 0;0 2 0 1 0;1 2 0 0 0;1 2 0 1 0;2 2 0 0 0;2 2 0 1 0;2 3 0 0 0;2 3 0 1 0;3 2 0 0 0;3 2 0 1 0;3 3 0 0 0;3 3 0 1 0;3 3 1 0 0;3 3 1 1 0;3 4 0 0 0;3 4 0 1 0;4 3 0 0 0;4 3 0 1 0;4 3 1 0 0;4 3 1 1 0;4 4 0 0 0;4 4 0 1 0;4 4 1 0 0;4 4 1 1 0;5 4 0 0 0;5 4 0 1 0;5 4 1 0 0;	2059.73493	25	14.78749	14.55975	15.21042	6	0.00123	0.23005	0.38710	0.26786	0.00000	0	0	15.21042	8.31441	15.61893	6.801612465073876e-12	0.0025996533795493936	0.0025996533795493936	sp|P02745|C1QA_HUMAN	146
2020111CXY-7.16008.16008.3.0.dta	2020111CXY-7.16008.16008.3.0.dta	2020111CXY-7	16008	4283.62094	3385.42254	1129.14570	3	1	HAJWTLTPLK		1180.64732	5 4 2 0 0	(N(N(H(H(N(H(A))))(H(N(H(A)))))))	754	0 1 0 0 0;0 2 0 0 0;1 2 0 0 0;2 2 0 0 0;2 3 0 0 0;3 2 0 0 0;3 3 0 0 0;3 3 1 0 0;3 4 0 0 0;4 3 0 0 0;4 3 1 0 0;4 4 0 0 0;4 4 1 0 0;5 4 0 0 0;5 4 1 0 0;	2204.77244	3	65.60470	65.58836	65.63505	7	0.00278	0.82175	0.82353	1.05556	0.00000	0	0	65.63505	20.07718	67.61242	5.2600010566746504e-46	0.0	5.2600010566746504e-46	sp|P27169|PON1_HUMAN	253
2020111CXY-7.5885.5885.3.0.dta	2020111CXY-7.5885.5885.3.0.dta	2020111CXY-7	5885	1559.04427	2634.04756	878.68737	3	1	EEQYJSTYR		1189.51199	3 4 0 1 0	(N(N(H(H(N))(H(N(F))))))	89	0 1 0 0 0;0 2 0 0 0;1 2 0 0 0;2 2 0 0 0;2 3 0 0 0;2 3 0 1 0;3 2 0 0 0;3 3 0 0 0;3 3 0 1 0;3 4 0 0 0;	1444.53387	5	56.69258	67.10388	37.35729	7	0.00170	0.64618	0.66667	1.12500	0.00000	0	0	37.35729	19.90536	58.68312	6.0595391524779864e-27	0.0	6.0595391524779864e-27	sp|P01857|IGHG1_HUMAN	180
2020111CXY-7.17465.17465.3.1.dta	2020111CXY-7.17465.17465.3.1.dta	2020111CXY-7	17465	4678.33860	4415.83042	1472.61499	3	1	LAJLTQGEDQYYLR		1683.83366	7 5 2 0 0	(N(N(H(H(N(H(H))))(H(N(H(A)))(N(H(A)))))))	1607	0 1 0 0 0;0 2 0 0 0;1 2 0 0 0;2 2 0 0 0;2 3 0 0 0;2 4 0 0 0;3 2 0 0 0;3 3 0 0 0;3 3 1 0 0;3 4 0 0 0;3 4 1 0 0;3 5 0 0 0;4 3 0 0 0;4 3 1 0 0;4 4 0 0 0;4 4 1 0 0;4 4 2 0 0;4 5 0 0 0;4 5 1 0 0;5 3 0 0 0;5 4 0 0 0;5 4 1 0 0;5 4 2 0 0;5 5 0 0 0;5 5 1 0 0;5 5 2 0 0;6 4 0 0 0;6 4 1 0 0;6 5 0 0 0;6 5 1 0 0;6 5 2 0 0;7 5 0 0 0;7 5 1 0 0;	2731.95746	3	20.59347	30.94930	1.36120	3	0.03930	8.89948	0.14286	0.76923	0.00000	0	0	1.36120	13.92786	21.98626	0.004517982527417947	0.0	0.004517982527417947	sp|P10909|CLUS_HUMAN	374
2020111CXY-7.6923.6923.2.0.dta	2020111CXY-7.6923.6923.2.0.dta	2020111CXY-7	6923	1834.95451	1576.75455	788.88091	2	1	KSVAHJMTMPNK	7,Oxidation[M];	1373.66642	0 1 0 0 0	(N)	0		203.07937	6	14.97804	23.04313	0.00000	0	0.00876	5.55875	0.00000	0.36364	0.00000	0	0	0.00000	7.53996	15.73204	0	0.008750994431185362	0.008750994431185362	sp|P14867|GBRA1_HUMAN/sp|P47869|GBRA2_HUMAN	138/138
2020111CXY-7.16538.16538.3.0.dta	2020111CXY-7.16538.16538.3.0.dta	2020111CXY-7	16538	4427.19611	4114.63248	1372.21568	3	1	CIQAJYSLMENGK	1,Carbamidomethyl[C];	1527.69302	7 5 1 1 0	(N(N(H(N)(H(H)(H))(H(N(H)(F))(N(H(A)))))))	1369	0 1 0 0 0;0 2 0 0 0;1 2 0 0 0;1 3 0 0 0;2 2 0 0 0;2 3 0 0 0;2 3 0 1 0;2 4 0 0 0;2 4 0 1 0;2 5 0 0 0;2 5 0 1 0;3 2 0 0 0;3 3 0 0 0;3 3 0 1 0;3 3 1 0 0;3 4 0 0 0;3 4 0 1 0;3 4 1 0 0;3 4 1 1 0;3 5 0 0 0;3 5 0 1 0;3 5 1 0 0;3 5 1 1 0;4 2 0 0 0;4 3 0 0 0;4 3 0 1 0;4 3 1 0 0;4 4 0 0 0;4 4 0 1 0;4 4 1 0 0;4 4 1 1 0;4 5 0 0 0;4 5 0 1 0;4 5 1 0 0;4 5 1 1 0;5 2 0 0 0;5 3 0 0 0;5 3 0 1 0;5 3 1 0 0;5 4 0 0 0;5 4 0 1 0;5 4 1 0 0;5 4 1 1 0;5 5 0 0 0;5 5 0 1 0;5 5 1 0 0;5 5 1 1 0;6 3 0 0 0;6 3 0 1 0;6 3 1 0 0;6 4 0 0 0;6 4 0 1 0;6 4 1 0 0;6 4 1 1 0;6 5 0 0 0;6 5 0 1 0;6 5 1 0 0;6 5 1 1 0;7 4 0 0 0;7 4 0 1 0;7 4 1 0 0;7 4 1 1 0;7 5 0 0 0;7 5 0 1 0;7 5 1 0 0;	2586.91995	5	19.48741	28.39196	2.95040	5	0.01951	4.74168	0.07463	0.75000	0.00000	0	0	2.95040	12.80257	20.76767	0.0008744000050083079	0.0	0.0008744000050083079	sp|P05090|APOD_HUMAN	65
2020111CXY-7.6520.6520.3.0.dta	2020111CXY-7.6520.6520.3.0.dta	2020111CXY-7	6520	1726.47780	3287.43655	1096.48370	3	1	TKPREEQFJSTFR		1639.81869	3 5 0 1 0	(N(F)(N(H(N)(H(N)(N(H))))))	184	0 1 0 0 0;0 1 0 1 0;0 2 0 0 0;0 2 0 1 0;1 2 0 0 0;1 2 0 1 0;1 3 0 0 0;1 3 0 1 0;2 2 0 0 0;2 2 0 1 0;2 3 0 0 0;2 3 0 1 0;2 4 0 0 0;2 4 0 1 0;2 5 0 0 0;2 5 0 1 0;3 3 0 0 0;3 3 0 1 0;3 4 0 0 0;3 4 0 1 0;3 5 0 0 0;	1647.61324	9	28.59803	21.23760	42.26739	6	0.00461	1.40369	0.73913	0.62500	0.00000	0	0	42.26739	10.80042	29.67807	2.944796010072992e-30	0.0	2.944796010072992e-30	sp|P01859|IGHG2_HUMAN	176
2020111CXY-7.19596.19596.4.0.dta	2020111CXY-7.19596.19596.4.0.dta	2020111CXY-7	19596	5250.14829	5097.36674	1275.09714	4	1	LSLHRPALEDLLLGSEAJLTCTLTGLR	21,Carbamidomethyl[C];	2963.59827	2 7 0 1 1	(N(N(pH(N)(H(N)(N))(H(N)(N(F))))))	5640	0 1 0 0 0;0 2 0 0 0;0 2 0 0 1;0 3 0 0 1;1 2 0 0 1;1 3 0 0 1;1 3 0 1 1;1 4 0 0 1;1 4 0 1 1;1 5 0 0 1;1 5 0 1 1;2 2 0 0 1;2 3 0 0 1;2 3 0 1 1;2 4 0 0 1;2 4 0 1 1;2 5 0 0 1;2 5 0 1 1;2 6 0 0 1;2 6 0 1 1;2 7 0 0 1;	2133.73832	18	24.59631	37.12620	1.32651	3	0.03016	5.91629	0.13043	0.51923	0.00000	0	0	1.32651	15.65238	26.16155	0.004891472936271891	0.0	0.004891472936271891	sp|P01876|IGHA1_HUMAN/sp|P01877|IGHA2_HUMAN	144/131
2020111CXY-7.19592.19592.4.0.dta	2020111CXY-7.19592.19592.4.0.dta	2020111CXY-7	19592	5249.14783	5393.15634	1349.04454	4	1	QQQHLFGSJVTDCSGJFCLFR	13,Carbamidomethyl[C];18,Carbamidomethyl[C];	2515.12414	7 5 2 1 0	(N(F)(N(H(H(N(H(A))))(H(N(H(H)))(N(H(A)))))))	1848	0 1 0 0 0;0 1 0 1 0;0 2 0 0 0;0 2 0 1 0;1 2 0 0 0;1 2 0 1 0;2 2 0 0 0;2 2 0 1 0;2 3 0 0 0;2 3 0 1 0;2 4 0 0 0;2 4 0 1 0;3 2 0 0 0;3 2 0 1 0;3 3 0 0 0;3 3 0 1 0;3 3 1 0 0;3 3 1 1 0;3 4 0 0 0;3 4 0 1 0;3 4 1 0 0;3 4 1 1 0;3 5 0 0 0;3 5 0 1 0;4 3 0 0 0;4 3 0 1 0;4 3 1 0 0;4 3 1 1 0;4 4 0 0 0;4 4 0 1 0;4 4 1 0 0;4 4 1 1 0;4 5 0 0 0;4 5 0 1 0;4 5 1 0 0;4 5 1 1 0;5 3 0 0 0;5 3 0 1 0;5 4 0 0 0;5 4 0 1 0;5 4 1 0 0;5 4 1 1 0;5 4 2 0 0;5 4 2 1 0;5 5 0 0 0;5 5 0 1 0;5 5 1 0 0;5 5 1 1 0;5 5 2 0 0;5 5 2 1 0;6 4 0 0 0;6 4 0 1 0;6 4 1 0 0;6 4 1 1 0;6 5 0 0 0;6 5 0 1 0;6 5 1 0 0;6 5 1 1 0;6 5 2 0 0;6 5 2 1 0;7 5 0 0 0;7 5 0 1 0;7 5 1 0 0;7 5 1 1 0;7 5 2 0 0;	2878.01537	9	25.60774	37.30313	3.88773	5	0.01683	3.12095	0.13433	0.62500	0.00000	0	0	3.88773	15.93027	27.20077	0.00019768904443157764	0.0	0.00019768904443157764	sp|P02787|TRFE_HUMAN	630
2020111CXY-7.8893.8893.3.0.dta	2020111CXY-7.8893.8893.3.0.dta	2020111CXY-7	8893	2364.45649	3382.43666	1128.15041	3	1	VYKPSAGJNSLYR		1468.75428	5 4 1 0 0	(N(N(H(H(N(H)))(H(N(H(A)))))))	380	0 1 0 0 0;0 2 0 0 0;1 2 0 0 0;2 2 0 0 0;2 3 0 0 0;3 2 0 0 0;3 3 0 0 0;3 3 1 0 0;3 4 0 0 0;4 3 0 0 0;4 3 1 0 0;4 4 0 0 0;4 4 1 0 0;5 4 0 0 0;	1913.67702	8	32.82833	23.34278	50.44435	7	0.00535	1.58303	0.81250	0.58333	0.00000	0	0	50.44435	11.32787	33.96112	9.888944176933009e-36	0.0	9.888944176933009e-36	sp|P02749|APOH_HUMAN	162
2020111CXY-7.17373.17373.3.0.dta	2020111CXY-7.17373.17373.3.0.dta	2020111CXY-7	17373	4653.24332	3708.69108	1236.90188	3	1	VVLHPJYSQVDIGLIK		1795.01124	5 4 1 0 0	(N(N(H(H(N(H)))(H(N(H(A)))))))	380	0 1 0 0 0;0 2 0 0 0;1 2 0 0 0;2 2 0 0 0;2 3 0 0 0;3 2 0 0 0;3 3 0 0 0;3 3 1 0 0;3 4 0 0 0;4 3 0 0 0;4 3 1 0 0;4 4 0 0 0;4 4 1 0 0;5 4 0 0 0;	1913.67702	6	38.66154	39.24920	37.57016	7	0.00282	0.75970	0.68750	0.66667	0.00000	0	0	37.57016	15.50261	40.21180	4.1501094063599666e-27	0.0	4.1501094063599666e-27	sp|P00738|HPT_HUMAN	241
2020111CXY-7.7500.7500.3.0.dta	2020111CXY-7.7500.7500.3.0.dta	2020111CXY-7	7500	1989.91087	2618.05317	873.35591	3	1	EEQFJSTYR		1173.51708	3 4 0 1 0	(N(N(H(H(N))(H(N(F))))))	89	0 1 0 0 0;0 2 0 0 0;1 2 0 0 0;2 2 0 0 0;2 3 0 0 0;2 3 0 1 0;3 2 0 0 0;3 3 0 0 0;3 3 0 1 0;3 4 0 0 0;	1444.53387	5	25.37640	24.11330	27.72216	7	0.00222	0.84761	0.58333	0.81250	0.00000	0	0	27.72216	10.23974	26.40037	2.2231563684401784e-20	0.0	2.2231563684401784e-20	sp|P01861|IGHG4_HUMAN	177
2020111CXY-7.11644.11644.5.0.dta	2020111CXY-7.11644.11644.5.0.dta	2020111CXY-7	11644	3105.65117	4624.94410	925.79464	5	1	YPHKPEIJSTTHPGADLQEJFCR	22,Carbamidomethyl[C];	2711.26307	5 4 1 0 0	(N(N(H(H(N(H)))(H(N(H(A)))))))	380	0 1 0 0 0;0 2 0 0 0;1 2 0 0 0;2 2 0 0 0;2 3 0 0 0;3 2 0 0 0;3 3 0 0 0;3 3 1 0 0;3 4 0 0 0;4 3 0 0 0;4 3 1 0 0;4 4 0 0 0;4 4 1 0 0;5 4 0 0 0;	1913.67702	8	49.54014	58.71379	32.50337	6	0.00401	0.86714	0.56250	0.65909	0.00000	0	0	32.50337	20.86247	51.62639	1.1391025052320766e-23	0.0	1.1391025052320766e-23	sp|P00734|THRB_HUMAN	143
2020111CXY-7.12018.12018.3.0.dta	2020111CXY-7.12018.12018.3.0.dta	2020111CXY-7	12018	3206.15557	3516.37479	1172.79645	3	1	FLNJGTCTAEGK	7,Carbamidomethyl[C];	1311.59978	5 4 2 0 0	(N(N(H(H(N(H(A))))(H(N(H(A)))))))	754	0 1 0 0 0;0 2 0 0 0;1 2 0 0 0;2 2 0 0 0;2 3 0 0 0;3 2 0 0 0;3 3 0 0 0;3 3 1 0 0;3 4 0 0 0;4 3 0 0 0;4 3 1 0 0;4 4 0 0 0;4 4 1 0 0;5 4 0 0 0;5 4 1 0 0;	2204.77244	4	36.65269	36.61203	36.72819	7	0.00257	0.73029	0.58824	0.90909	0.00000	0	0	36.72819	14.89888	38.14258	2.1385409550581546e-26	0.0	2.1385409550581546e-26	sp|P05156|CFAI_HUMAN	103
2020111CXY-7.9899.9899.3.0.dta	2020111CXY-7.9899.9899.3.0.dta	2020111CXY-7	9899	2634.38141	2995.30612	999.10689	3	1	QSVPAHFVALJGSK		1454.77504	7 2 0 0 0	(N(N(H(H(H)(H(H(H(H))))))))	117	0 1 0 0 0;0 2 0 0 0;1 2 0 0 0;2 2 0 0 0;3 2 0 0 0;4 2 0 0 0;5 2 0 0 0;6 2 0 0 0;	1540.52851	11	72.11680	81.87011	54.00352	7	0.00257	0.85909	0.90000	1.00000	0.00000	0	0	54.00352	25.44241	74.66104	3.530718314860429e-38	0.0	3.530718314860429e-38	sp|P06681|CO2_HUMAN	621
2020111CXY-7.15158.15158.3.0.dta	2020111CXY-7.15158.15158.3.0.dta	2020111CXY-7	15158	4053.35377	3838.52963	1280.18140	3	1	GTAGNALMDGASQLMGEJR	8,Oxidation[M];15,Oxidation[M];	1924.84875	5 4 1 0 0	(N(N(H(H(N(H)))(H(N(H(A)))))))	380	0 1 0 0 0;0 2 0 0 0;1 2 0 0 0;2 2 0 0 0;2 3 0 0 0;3 2 0 0 0;3 3 0 0 0;3 3 1 0 0;3 4 0 0 0;4 3 0 0 0;4 3 1 0 0;4 4 0 0 0;4 4 1 0 0;5 4 0 0 0;	1913.67702	18	9.39427	12.78398	3.09910	4	0.00386	1.00468	0.25000	0.27778	0.00000	0	0	3.09910	9.18804	10.31307	0.0007177130029599785	0.0	0.0007177130029599785	sp|P02675|FIBB_HUMAN	394
2020111CXY-7.7636.7636.2.0.dta	2020111CXY-7.7636.7636.2.0.dta	2020111CXY-7	7636	2026.43294	2983.18720	1492.09724	2	1	EEQFJSTYR		1173.51708	4 5 0 1 0	(N(F)(N(H(N)(H(N(H))(N(H))))))	291	0 1 0 0 0;0 1 0 1 0;0 2 0 0 0;0 2 0 1 0;1 2 0 0 0;1 2 0 1 0;1 3 0 0 0;1 3 0 1 0;2 2 0 0 0;2 2 0 1 0;2 3 0 0 0;2 3 0 1 0;2 4 0 0 0;2 4 0 1 0;2 5 0 0 0;2 5 0 1 0;3 3 0 0 0;3 3 0 1 0;3 4 0 0 0;3 4 0 1 0;3 5 0 0 0;3 5 0 1 0;4 4 0 0 0;4 4 0 1 0;4 5 0 0 0;	1809.66607	5	36.81158	34.32745	41.42495	8	0.00405	1.35664	0.48148	0.87500	0.00000	0	0	41.42495	13.38027	38.14961	1.2128197628235774e-29	0.0	1.2128197628235774e-29	sp|P01861|IGHG4_HUMAN	177
2020111CXY-7.16186.16186.3.0.dta	2020111CXY-7.16186.16186.3.0.dta	2020111CXY-7	16186	4331.81528	3385.42317	1129.14591	3	1	HAJWTLTPLK		1180.64732	5 4 2 0 0	(N(N(H(H(N(H(A))))(H(N(H(A)))))))	754	0 1 0 0 0;0 2 0 0 0;1 2 0 0 0;2 2 0 0 0;2 3 0 0 0;3 2 0 0 0;3 3 0 0 0;3 3 1 0 0;3 4 0 0 0;4 3 0 0 0;4 3 1 0 0;4 4 0 0 0;4 4 1 0 0;5 4 0 0 0;5 4 1 0 0;	2204.77244	3	19.39542	11.56060	33.94580	7	0.00341	1.00607	0.64706	0.50000	0.00000	0	0	33.94580	7.77864	20.17328	1.196056499514878e-24	0.005742411812961444	0.005742411812961444	sp|P27169|PON1_HUMAN	253
2020111CXY-7.8498.8498.3.0.dta	2020111CXY-7.8498.8498.3.0.dta	2020111CXY-7	8498	2258.63778	3932.58076	1311.53177	3	1	RJHSCEPCQTLAVR	5,Carbamidomethyl[C];8,Carbamidomethyl[C];	1727.80643	5 4 2 0 0	(N(N(H(H(N(H(A))))(H(N(H(A)))))))	754	0 1 0 0 0;0 2 0 0 0;1 2 0 0 0;2 2 0 0 0;2 3 0 0 0;3 2 0 0 0;3 3 0 0 0;3 3 1 0 0;3 4 0 0 0;4 3 0 0 0;4 3 1 0 0;4 4 0 0 0;4 4 1 0 0;5 4 0 0 0;5 4 1 0 0;	2204.77244	2	25.14107	8.87148	55.35603	7	0.00188	0.47907	0.82353	0.46154	0.00000	0	0	55.35603	7.54411	25.89548	3.981462979050533e-39	0.008750994431185362	0.008750994431185362	sp|P00748|FA12_HUMAN	433
2020111CXY-7.14882.14882.3.0.dta	2020111CXY-7.14882.14882.3.0.dta	2020111CXY-7	14882	3978.37539	3318.34950	1106.78802	3	1	SWPAVGJCSSALR	8,Carbamidomethyl[C];	1404.66886	5 4 1 0 0	(N(N(H(H(N(H)))(H(N(H(A)))))))	380	0 1 0 0 0;0 2 0 0 0;1 2 0 0 0;2 2 0 0 0;2 3 0 0 0;3 2 0 0 0;3 3 0 0 0;3 3 1 0 0;3 4 0 0 0;4 3 0 0 0;4 3 1 0 0;4 4 0 0 0;4 4 1 0 0;5 4 0 0 0;	1913.67702	7	50.00241	56.97374	37.05565	7	0.00362	1.08985	0.62500	0.87500	0.00000	0	0	37.05565	19.23965	51.92637	1.1332183836381536e-26	0.0	1.1332183836381536e-26	sp|P02790|HEMO_HUMAN	187
2020111CXY-7.8020.8020.2.0.dta	2020111CXY-7.8020.8020.2.0.dta	2020111CXY-7	8020	2129.75053	2726.05212	1363.52970	2	1	CJYSIR	1,Carbamidomethyl[C];	812.37194	5 4 1 0 0	(N(N(H(H(N(H)))(H(N(H(A)))))))	380	0 1 0 0 0;0 2 0 0 0;1 2 0 0 0;2 2 0 0 0;2 3 0 0 0;3 2 0 0 0;3 3 0 0 0;3 3 1 0 0;3 4 0 0 0;4 3 0 0 0;4 3 1 0 0;4 4 0 0 0;4 4 1 0 0;5 4 0 0 0;	1913.67702	2	28.04723	28.89256	26.47734	7	0.00316	1.15937	0.50000	1.00000	0.00000	0	0	26.47734	10.70286	29.11752	1.5337709417601886e-19	0.0	1.5337709417601886e-19	sp|P00736|C1R_HUMAN	221
2020111CXY-7.10700.10700.3.0.dta	2020111CXY-7.10700.10700.3.0.dta	2020111CXY-7	10700	2850.73148	3776.48317	1259.49924	3	1	JHSCEPCQTLAVR	4,Carbamidomethyl[C];7,Carbamidomethyl[C];	1571.70532	5 4 2 0 0	(N(N(H(H(N(H(A))))(H(N(H(A)))))))	754	0 1 0 0 0;0 2 0 0 0;1 2 0 0 0;2 2 0 0 0;2 3 0 0 0;3 2 0 0 0;3 3 0 0 0;3 3 1 0 0;3 4 0 0 0;4 3 0 0 0;4 3 1 0 0;4 4 0 0 0;4 4 1 0 0;5 4 0 0 0;5 4 1 0 0;	2204.77244	1	22.28862	16.37756	33.26631	6	0.00541	1.43201	0.70588	0.58333	0.00000	0	0	33.26631	8.43373	23.13199	3.861644988435413e-24	0.0018165304268846503	0.0018165304268846503	sp|P00748|FA12_HUMAN	433
2020111CXY-7.19094.19094.4.0.dta	2020111CXY-7.19094.19094.4.0.dta	2020111CXY-7	19094	5114.79865	4327.87765	1082.72487	4	1	VDKDLQSLEDILHQVEJK		2123.09789	5 4 2 0 0	(N(N(H(H(N(H(A))))(H(N(H(A)))))))	754	0 1 0 0 0;0 2 0 0 0;1 2 0 0 0;2 2 0 0 0;2 3 0 0 0;3 2 0 0 0;3 3 0 0 0;3 3 1 0 0;3 4 0 0 0;4 3 0 0 0;4 3 1 0 0;4 4 0 0 0;4 4 1 0 0;5 4 0 0 0;5 4 1 0 0;	2204.77244	17	96.25771	106.79008	76.69758	7	0.00732	1.69205	0.64706	0.85294	0.00000	0	0	76.69758	31.75873	99.43358	1.2670131433697823e-53	0.0	1.2670131433697823e-53	sp|P02679|FIBG_HUMAN	78
2020111CXY-7.9801.9801.2.0.dta	2020111CXY-7.9801.9801.2.0.dta	2020111CXY-7	9801	2607.73945	2764.11279	1382.56003	2	1	EEQFJSTFR		1157.52218	4 4 0 1 0	(N(F)(N(H(H(N(H))(N(H))))))	166	0 1 0 0 0;0 1 0 1 0;0 2 0 0 0;0 2 0 1 0;1 2 0 0 0;1 2 0 1 0;2 2 0 0 0;2 2 0 1 0;2 3 0 0 0;2 3 0 1 0;2 4 0 0 0;2 4 0 1 0;3 3 0 0 0;3 3 0 1 0;3 4 0 0 0;3 4 0 1 0;4 4 0 0 0;	1606.58669	5	18.75542	13.58027	28.36640	8	0.00392	1.41877	0.47368	0.62500	0.00000	0	0	28.36640	9.30071	19.68549	8.862491641708419e-21	0.0	8.862491641708419e-21	sp|P01859|IGHG2_HUMAN	176
2020111CXY-7.14887.14887.3.0.dta	2020111CXY-7.14887.14887.3.0.dta	2020111CXY-7	14887	3979.81248	4080.62002	1360.87819	3	1	EVFVHPJYSK		1219.61059	6 5 3 0 0	(N(N(H(H(N(H(A))))(H(N(H(A)))(N(H(A)))))))	1823	0 1 0 0 0;0 2 0 0 0;1 2 0 0 0;2 2 0 0 0;2 3 0 0 0;2 4 0 0 0;3 2 0 0 0;3 3 0 0 0;3 3 1 0 0;3 4 0 0 0;3 4 1 0 0;3 5 0 0 0;4 3 0 0 0;4 3 1 0 0;4 4 0 0 0;4 4 1 0 0;4 4 2 0 0;4 5 0 0 0;4 5 1 0 0;5 4 0 0 0;5 4 1 0 0;5 4 2 0 0;5 5 0 0 0;5 5 1 0 0;5 5 2 0 0;6 5 0 0 0;6 5 1 0 0;6 5 2 0 0;	2861.00005	7	23.00527	28.17412	13.40599	5	0.00938	2.29756	0.36667	0.72222	0.00000	0	0	13.40599	11.95680	24.20095	1.0967759224471197e-10	0.0	1.0967759224471197e-10	sp|P04070|PROC_HUMAN	290
2020111CXY-7.7072.7072.3.0.dta	2020111CXY-7.7072.7072.3.0.dta	2020111CXY-7	7072	1875.53640	4210.69482	1404.23646	3	1	KKEDALJETR		1203.63279	6 5 3 1 0	(N(N(H(H(N(F)(H(A))))(H(N(H(A)))(N(H(A)))))))	2060	0 1 0 0 0;0 2 0 0 0;1 2 0 0 0;2 2 0 0 0;2 3 0 0 0;2 3 0 1 0;2 4 0 0 0;3 2 0 0 0;3 3 0 0 0;3 3 0 1 0;3 3 1 0 0;3 3 1 1 0;3 4 0 0 0;3 4 0 1 0;3 4 1 0 0;3 5 0 0 0;3 5 0 1 0;4 3 0 0 0;4 3 0 1 0;4 3 1 0 0;4 3 1 1 0;4 4 0 0 0;4 4 0 1 0;4 4 1 0 0;4 4 1 1 0;4 4 2 0 0;4 5 0 0 0;4 5 0 1 0;4 5 1 0 0;4 5 1 1 0;5 4 0 0 0;5 4 0 1 0;5 4 1 0 0;5 4 1 1 0;5 4 2 0 0;5 4 2 1 0;5 5 0 0 0;5 5 0 1 0;5 5 1 0 0;5 5 1 1 0;5 5 2 0 0;5 5 2 1 0;6 5 0 0 0;6 5 0 1 0;6 5 1 0 0;6 5 1 1 0;6 5 2 0 0;6 5 2 1 0;6 5 3 0 0;	3007.05796	7	17.69873	7.36086	36.89763	6	0.00407	0.96651	0.37255	0.38889	0.00000	0	0	36.89763	8.04444	18.50317	1.7272126901920146e-26	0.003352891869237217	0.003352891869237217	sp|P10909|CLUS_HUMAN	86
2020111CXY-7.7613.7613.3.0.dta	2020111CXY-7.7613.7613.3.0.dta	2020111CXY-7	7613	2020.17770	3249.25147	1083.75534	3	1	EEQYJSTYR		1189.51199	5 4 1 1 0	(N(N(H(H(N(H)(F)))(H(N(H(A)))))))	550	0 1 0 0 0;0 2 0 0 0;1 2 0 0 0;2 2 0 0 0;2 3 0 0 0;2 3 0 1 0;3 2 0 0 0;3 3 0 0 0;3 3 0 1 0;3 3 1 0 0;3 4 0 0 0;3 4 0 1 0;4 3 0 0 0;4 3 0 1 0;4 3 1 0 0;4 4 0 0 0;4 4 0 1 0;4 4 1 0 0;4 4 1 1 0;5 4 0 0 0;5 4 0 1 0;5 4 1 0 0;	2059.73493	5	34.27106	32.55302	37.46169	7	0.00455	1.40084	0.50000	0.75000	0.00000	0	0	37.46169	11.96509	35.46757	5.032371602632565e-27	0.0	5.032371602632565e-27	sp|P01857|IGHG1_HUMAN	180
2020111CXY-7.18510.18510.3.0.dta	2020111CXY-7.18510.18510.3.0.dta	2020111CXY-7	18510	4958.17765	4036.77864	1346.26440	3	1	VDKDLQSLEDILHQVEJK		2123.09789	5 4 1 0 0	(N(N(H(H(N(H)))(H(N(H(A)))))))	380	0 1 0 0 0;0 2 0 0 0;1 2 0 0 0;2 2 0 0 0;2 3 0 0 0;3 2 0 0 0;3 3 0 0 0;3 3 1 0 0;3 4 0 0 0;4 3 0 0 0;4 3 1 0 0;4 4 0 0 0;4 4 1 0 0;5 4 0 0 0;	1913.67702	17	54.34306	62.65886	38.89942	7	0.00373	0.92388	0.68750	0.79412	0.00000	0	0	38.89942	22.18830	56.56189	6.182261509384672e-28	0.0	6.182261509384672e-28	sp|P02679|FIBG_HUMAN	78
2020111CXY-7.13013.13013.3.0.dta	2020111CXY-7.13013.13013.3.0.dta	2020111CXY-7	13013	3473.20980	3253.31736	1085.11064	3	1	AFGSNPJLTK		1048.54218	5 4 2 0 0	(N(N(H(H(N(H(A))))(H(N(H(A)))))))	754	0 1 0 0 0;0 2 0 0 0;1 2 0 0 0;2 2 0 0 0;2 3 0 0 0;3 2 0 0 0;3 3 0 0 0;3 3 1 0 0;3 4 0 0 0;4 3 0 0 0;4 3 1 0 0;4 4 0 0 0;4 4 1 0 0;5 4 0 0 0;5 4 1 0 0;	2204.77244	7	49.57871	57.93701	34.05614	7	0.00273	0.84036	0.58824	1.11111	0.00000	0	0	34.05614	17.48402	51.32711	1.0014802491837384e-24	0.0	1.0014802491837384e-24	sp|P22792|CPN2_HUMAN	74
2020111CXY-7.5655.5655.2.0.dta	2020111CXY-7.5655.5655.2.0.dta	2020111CXY-7	5655	1498.14792	2958.15452	1479.58090	2	1	EEQYJSTYR		1189.51199	5 4 0 1 0	(N(F)(N(H(H(N(H)))(H(N(H))))))	267	0 1 0 0 0;0 1 0 1 0;0 2 0 0 0;0 2 0 1 0;1 2 0 0 0;1 2 0 1 0;2 2 0 0 0;2 2 0 1 0;2 3 0 0 0;2 3 0 1 0;3 2 0 0 0;3 2 0 1 0;3 3 0 0 0;3 3 0 1 0;3 4 0 0 0;3 4 0 1 0;4 3 0 0 0;4 3 0 1 0;4 4 0 0 0;4 4 0 1 0;5 4 0 0 0;	1768.63952	5	37.89130	28.38696	55.54223	9	0.00302	1.02030	0.69565	0.81250	0.00000	0	0	55.54223	12.35581	39.12688	3.070202506996963e-39	0.0	3.070202506996963e-39	sp|P01857|IGHG1_HUMAN	180
2020111CXY-7.5164.5164.3.0.dta	2020111CXY-7.5164.5164.3.0.dta	2020111CXY-7	5164	1367.78082	3344.35791	1115.45749	3	1	YKJNSDISSTR		1284.61786	5 4 1 1 0	(N(F)(N(H(H(N(H)))(H(N(H(A)))))))	549	0 1 0 0 0;0 1 0 1 0;0 2 0 0 0;0 2 0 1 0;1 2 0 0 0;1 2 0 1 0;2 2 0 0 0;2 2 0 1 0;2 3 0 0 0;2 3 0 1 0;3 2 0 0 0;3 2 0 1 0;3 3 0 0 0;3 3 0 1 0;3 3 1 0 0;3 3 1 1 0;3 4 0 0 0;3 4 0 1 0;4 3 0 0 0;4 3 0 1 0;4 3 1 0 0;4 3 1 1 0;4 4 0 0 0;4 4 0 1 0;4 4 1 0 0;4 4 1 1 0;5 4 0 0 0;5 4 0 1 0;5 4 1 0 0;	2059.73493	3	67.17030	43.34764	111.41239	9	0.00511	1.52935	0.70968	1.00000	0.00000	0	0	111.41239	15.80356	68.75066	2.2813291810164548e-76	0.0	2.2813291810164548e-76	sp|P01871|IGHM_HUMAN	46
2020111CXY-7.17129.17129.3.1.dta	2020111CXY-7.17129.17129.3.1.dta	2020111CXY-7	17129	4587.41795	4188.70420	1396.90625	3	1	GTAGNALMDGASQLMGEJR		1892.85892	7 5 0 1 0	(N(N(H(N)(H(N(H(H))))(H(N(F)(H(H)))))))	888	0 1 0 0 0;0 2 0 0 0;1 2 0 0 0;1 3 0 0 0;2 2 0 0 0;2 3 0 0 0;2 3 0 1 0;2 4 0 0 0;2 4 0 1 0;3 2 0 0 0;3 3 0 0 0;3 3 0 1 0;3 4 0 0 0;3 4 0 1 0;3 5 0 0 0;3 5 0 1 0;4 3 0 0 0;4 3 0 1 0;4 4 0 0 0;4 4 0 1 0;4 5 0 0 0;4 5 0 1 0;5 3 0 0 0;5 3 0 1 0;5 4 0 0 0;5 4 0 1 0;5 5 0 0 0;5 5 0 1 0;6 4 0 0 0;6 4 0 1 0;6 5 0 0 0;6 5 0 1 0;7 4 0 0 0;7 4 0 1 0;7 5 0 0 0;	2295.82454	18	11.19474	11.20756	11.17092	5	0.02074	4.95208	0.27027	0.27778	0.00000	0	0	11.17092	8.22866	12.01761	2.9732174734354832e-09	0.0025996533795493936	0.0025996533795493936	sp|P02675|FIBB_HUMAN	394
2020111CXY-7.4038.4038.3.0.dta	2020111CXY-7.4038.4038.3.0.dta	2020111CXY-7	4038	1066.29166	2874.14271	958.71909	3	1	AJISHK		669.36785	5 4 2 0 0	(N(N(H(H(N(H(A))))(H(N(H(A)))))))	754	0 1 0 0 0;0 2 0 0 0;1 2 0 0 0;2 2 0 0 0;2 3 0 0 0;3 2 0 0 0;3 3 0 0 0;3 3 1 0 0;3 4 0 0 0;4 3 0 0 0;4 3 1 0 0;4 4 0 0 0;4 4 1 0 0;5 4 0 0 0;5 4 1 0 0;	2204.77244	2	56.24915	47.54711	72.41010	7	0.00242	0.84094	0.82353	1.10000	0.00000	0	0	72.41010	14.04404	57.65355	1.1161641181755754e-50	0.0	1.1161641181755754e-50	sp|P01031|CO5_HUMAN/sp|P19634|SL9A1_HUMAN/sp|Q14940|SL9A5_HUMAN	741/370/319
2020111CXY-7.6251.6251.3.0.dta	2020111CXY-7.6251.6251.3.0.dta	2020111CXY-7	6251	1654.96753	3408.46261	1136.82572	3	1	TKPREEQFJSTFR		1639.81869	5 4 0 1 0	(N(F)(N(H(H(N(H)))(H(N(H))))))	267	0 1 0 0 0;0 1 0 1 0;0 2 0 0 0;0 2 0 1 0;1 2 0 0 0;1 2 0 1 0;2 2 0 0 0;2 2 0 1 0;2 3 0 0 0;2 3 0 1 0;3 2 0 0 0;3 2 0 1 0;3 3 0 0 0;3 3 0 1 0;3 4 0 0 0;3 4 0 1 0;4 3 0 0 0;4 3 0 1 0;4 4 0 0 0;4 4 0 1 0;5 4 0 0 0;	1768.63952	9	40.28042	21.68589	74.81310	9	0.00440	1.29097	0.82609	0.58333	0.00000	0	0	74.81310	11.75425	41.45585	2.679318948225355e-52	0.0	2.679318948225355e-52	sp|P01859|IGHG2_HUMAN	176
2020111CXY-7.16206.16206.3.0.dta	2020111CXY-7.16206.16206.3.0.dta	2020111CXY-7	16206	4337.19854	4137.71392	1379.90949	3	1	QQQHLFGSJVTDCSGJFCLFR	13,Carbamidomethyl[C];18,Carbamidomethyl[C];	2515.12414	5 4 0 0 0	(N(N(H(H(N(H)))(H(N(H))))))	175	0 1 0 0 0;0 2 0 0 0;1 2 0 0 0;2 2 0 0 0;2 3 0 0 0;3 2 0 0 0;3 3 0 0 0;3 4 0 0 0;4 3 0 0 0;4 4 0 0 0;	1622.58161	9	41.74649	53.23600	20.40882	7	0.00817	1.97549	0.75000	0.77500	0.00000	0	0	20.40882	21.91181	43.93767	1.4967895034957256e-15	0.0	1.4967895034957256e-15	sp|P02787|TRFE_HUMAN	630
2020111CXY-7.13976.13976.4.0.dta	2020111CXY-7.13976.13976.4.0.dta	2020111CXY-7	13976	3733.39349	4448.96371	1112.99638	4	1	VYIHPFHLVIHJESTCEQLAK	16,Carbamidomethyl[C];	2535.28128	5 4 1 0 0	(N(N(H(H(N(H)))(H(N(H(A)))))))	380	0 1 0 0 0;0 2 0 0 0;1 2 0 0 0;2 2 0 0 0;2 3 0 0 0;3 2 0 0 0;3 3 0 0 0;3 3 1 0 0;3 4 0 0 0;4 3 0 0 0;4 3 1 0 0;4 4 0 0 0;4 4 1 0 0;5 4 0 0 0;	1913.67702	12	63.73197	64.66383	62.00137	7	0.00541	1.21500	0.68750	0.72500	0.00000	0	0	62.00137	22.72363	66.00433	1.7156215074722183e-43	0.0	1.7156215074722183e-43	sp|P01019|ANGT_HUMAN	47
2020111CXY-7.14983.14983.3.0.dta	2020111CXY-7.14983.14983.3.0.dta	2020111CXY-7	14983	4005.75366	4391.82787	1464.61414	3	1	NJATVHEQVGGPSLTSDLQAQSK		2381.16916	5 4 0 1 1	(N(N(H(H(H))(H(N(H))(N(pH)(F))))))	4864	0 1 0 0 0;0 2 0 0 0;1 2 0 0 0;2 2 0 0 0;2 3 0 0 0;2 3 0 0 1;2 3 0 1 0;2 3 0 1 1;2 4 0 0 0;2 4 0 0 1;2 4 0 1 0;2 4 0 1 1;3 2 0 0 0;3 3 0 0 0;3 3 0 0 1;3 3 0 1 0;3 3 0 1 1;3 4 0 0 0;3 4 0 0 1;3 4 0 1 0;3 4 0 1 1;4 2 0 0 0;4 3 0 0 0;4 3 0 0 1;4 3 0 1 0;4 3 0 1 1;4 4 0 0 0;4 4 0 0 1;4 4 0 1 0;4 4 0 1 1;5 3 0 0 0;5 4 0 0 0;5 4 0 0 1;5 4 0 1 0;	2010.65867	2	14.54068	12.92350	17.54402	7	0.00004	0.00974	0.30556	0.38636	0.00000	0	0	17.54402	10.51110	15.59179	1.707067948510525e-13	0.0	1.707067948510525e-13	sp|P04004|VTNC_HUMAN	86
2020111CXY-7.7261.7261.3.0.dta	2020111CXY-7.7261.7261.3.0.dta	2020111CXY-7	7261	1925.81676	3805.44240	1269.15232	3	1	HJSTGCLR	6,Carbamidomethyl[C];	944.43667	6 5 3 0 0	(N(N(H(H(N(H(A))))(H(N(H(A)))(N(H(A)))))))	1823	0 1 0 0 0;0 2 0 0 0;1 2 0 0 0;2 2 0 0 0;2 3 0 0 0;2 4 0 0 0;3 2 0 0 0;3 3 0 0 0;3 3 1 0 0;3 4 0 0 0;3 4 1 0 0;3 5 0 0 0;4 3 0 0 0;4 3 1 0 0;4 4 0 0 0;4 4 1 0 0;4 4 2 0 0;4 5 0 0 0;4 5 1 0 0;5 4 0 0 0;5 4 1 0 0;5 4 2 0 0;5 5 0 0 0;5 5 1 0 0;5 5 2 0 0;6 5 0 0 0;6 5 1 0 0;6 5 2 0 0;	2861.00005	2	64.51486	40.47064	109.16841	7	0.00567	1.48957	0.76667	1.00000	0.00000	0	0	109.16841	12.74806	65.78967	5.628008367896796e-75	0.0	5.628008367896796e-75	sp|P10909|CLUS_HUMAN	291
2020111CXY-7.9299.9299.2.0.dta	2020111CXY-7.9299.9299.2.0.dta	2020111CXY-7	9299	2473.71906	2764.11183	1382.55955	2	1	EEQFJSTFR		1157.52218	4 4 0 1 0	(N(N(H(H(N))(H(N(H(F)))))))	161	0 1 0 0 0;0 2 0 0 0;1 2 0 0 0;2 2 0 0 0;2 3 0 0 0;3 2 0 0 0;3 3 0 0 0;3 3 0 1 0;3 4 0 0 0;4 3 0 0 0;4 3 0 1 0;4 4 0 0 0;	1606.58669	5	44.39629	48.52265	36.73304	7	0.00296	1.07074	0.64286	1.00000	0.00000	0	0	36.73304	15.29838	45.92613	2.0457569638942798e-26	0.0	2.0457569638942798e-26	sp|P01859|IGHG2_HUMAN	176
2020111CXY-7.6191.6191.2.0.dta	2020111CXY-7.6191.6191.2.0.dta	2020111CXY-7	6191	1639.10479	2634.04805	1317.52767	2	1	EEQYJSTYR		1189.51199	3 4 0 1 0	(N(F)(N(H(N)(H(N(H))))))	87	0 1 0 0 0;0 1 0 1 0;0 2 0 0 0;0 2 0 1 0;1 2 0 0 0;1 2 0 1 0;1 3 0 0 0;1 3 0 1 0;2 2 0 0 0;2 2 0 1 0;2 3 0 0 0;2 3 0 1 0;2 4 0 0 0;2 4 0 1 0;3 3 0 0 0;3 3 0 1 0;3 4 0 0 0;	1444.53387	5	25.36782	17.51859	39.94498	8	0.00220	0.83335	0.57895	0.68750	0.00000	0	0	39.94498	10.54151	26.42197	1.0067890695988911e-28	0.0	1.0067890695988911e-28	sp|P01857|IGHG1_HUMAN	180
2020111CXY-7.7175.7175.3.0.dta	2020111CXY-7.7175.7175.3.0.dta	2020111CXY-7	7175	1903.11956	4210.69589	1404.23681	3	1	KKEDALJETR		1203.63279	6 5 3 1 0	(N(N(H(H(N(F)(H(A))))(H(N(H(A)))(N(H(A)))))))	2060	0 1 0 0 0;0 2 0 0 0;1 2 0 0 0;2 2 0 0 0;2 3 0 0 0;2 3 0 1 0;2 4 0 0 0;3 2 0 0 0;3 3 0 0 0;3 3 0 1 0;3 3 1 0 0;3 3 1 1 0;3 4 0 0 0;3 4 0 1 0;3 4 1 0 0;3 5 0 0 0;3 5 0 1 0;4 3 0 0 0;4 3 0 1 0;4 3 1 0 0;4 3 1 1 0;4 4 0 0 0;4 4 0 1 0;4 4 1 0 0;4 4 1 1 0;4 4 2 0 0;4 5 0 0 0;4 5 0 1 0;4 5 1 0 0;4 5 1 1 0;5 4 0 0 0;5 4 0 1 0;5 4 1 0 0;5 4 1 1 0;5 4 2 0 0;5 4 2 1 0;5 5 0 0 0;5 5 0 1 0;5 5 1 0 0;5 5 1 1 0;5 5 2 0 0;5 5 2 1 0;6 5 0 0 0;6 5 0 1 0;6 5 1 0 0;6 5 1 1 0;6 5 2 0 0;6 5 2 1 0;6 5 3 0 0;	3007.05796	7	53.64360	23.80151	109.06464	7	0.00513	1.21943	0.56863	0.61111	0.00000	0	0	109.06464	9.75137	54.61874	1.0009754772940654e-74	0.0	1.0009754772940654e-74	sp|P10909|CLUS_HUMAN	86
2020111CXY-7.13735.13735.4.0.dta	2020111CXY-7.13735.13735.4.0.dta	2020111CXY-7	13735	3667.83071	4710.91316	1178.48375	4	1	KEHETCLAPELYNGJYSTTQK	6,Carbamidomethyl[C];	2483.15071	4 3 2 1 1	(N(N(H(H(pH))(H(N(F)(H(A(A))))))))	6256	0 1 0 0 0;0 2 0 0 0;1 2 0 0 0;2 2 0 0 0;2 2 0 0 1;2 3 0 0 0;2 3 0 1 0;3 2 0 0 0;3 2 0 0 1;3 3 0 0 0;3 3 0 0 1;3 3 0 1 0;3 3 0 1 1;3 3 1 0 0;3 3 1 1 0;3 3 2 0 0;3 3 2 1 0;4 3 0 0 0;4 3 0 0 1;4 3 0 1 0;4 3 0 1 1;4 3 1 0 0;4 3 1 0 1;4 3 1 1 0;4 3 1 1 1;4 3 2 0 0;4 3 2 0 1;4 3 2 1 0;	2227.71731	15	5.67123	8.03202	1.28692	3	0.04513	9.58088	0.16667	0.27500	0.00000	0	0	1.28692	7.53691	6.42492	0.005231466472895155	0.008750994431185362	0.008750994431185362	sp|P05160|F13B_HUMAN	162
2020111CXY-7.6157.6157.2.0.dta	2020111CXY-7.6157.6157.2.0.dta	2020111CXY-7	6157	1630.05481	2958.15446	1479.58087	2	1	EEQYJSTYR		1189.51199	5 4 0 1 0	(N(F)(N(H(H(N(H)))(H(N(H))))))	267	0 1 0 0 0;0 1 0 1 0;0 2 0 0 0;0 2 0 1 0;1 2 0 0 0;1 2 0 1 0;2 2 0 0 0;2 2 0 1 0;2 3 0 0 0;2 3 0 1 0;3 2 0 0 0;3 2 0 1 0;3 3 0 0 0;3 3 0 1 0;3 4 0 0 0;3 4 0 1 0;4 3 0 0 0;4 3 0 1 0;4 4 0 0 0;4 4 0 1 0;5 4 0 0 0;	1768.63952	5	7.92895	9.88489	4.29651	5	0.00295	0.99867	0.21739	0.56250	0.00000	0	0	4.29651	8.22730	8.75168	9.60457834487356e-05	0.0025996533795493936	0.0025996533795493936	sp|P01857|IGHG1_HUMAN	180
2020111CXY-7.3159.3159.4.0.dta	2020111CXY-7.3159.3159.4.0.dta	2020111CXY-7	3159	832.68018	3974.57022	994.39801	4	1	HSHNJJSSDLHPHK		1623.73709	5 4 2 1 0	(N(N(H(H(N(H(A))))(H(N(F)(H(A)))))))	993	0 1 0 0 0;0 2 0 0 0;1 2 0 0 0;2 2 0 0 0;2 3 0 0 0;2 3 0 1 0;3 2 0 0 0;3 3 0 0 0;3 3 0 1 0;3 3 1 0 0;3 3 1 1 0;3 4 0 0 0;3 4 0 1 0;4 3 0 0 0;4 3 0 1 0;4 3 1 0 0;4 3 1 1 0;4 4 0 0 0;4 4 0 1 0;4 4 1 0 0;4 4 1 1 0;5 4 0 0 0;5 4 0 1 0;5 4 1 0 0;5 4 1 1 0;5 4 2 0 0;	2350.83035	5	52.94045	41.06048	75.00325	7	0.00278	0.70024	0.64286	0.65385	0.00000	0	0	75.00325	14.69182	54.40963	1.3452774440152719e-52	0.0	1.3452774440152719e-52	sp|P04196|HRG_HUMAN	344
2020111CXY-7.5089.5089.3.0.dta	2020111CXY-7.5089.5089.3.0.dta	2020111CXY-7	5089	1348.06559	3514.34359	1172.11938	3	1	HJSTGCLR	6,Carbamidomethyl[C];	944.43667	6 5 2 0 0	(N(N(H(H(N(H(A))))(H(N(H))(N(H(A)))))))	1338	0 1 0 0 0;0 2 0 0 0;1 2 0 0 0;2 2 0 0 0;2 3 0 0 0;2 4 0 0 0;3 2 0 0 0;3 3 0 0 0;3 3 1 0 0;3 4 0 0 0;3 4 1 0 0;3 5 0 0 0;4 3 0 0 0;4 3 1 0 0;4 4 0 0 0;4 4 1 0 0;4 5 0 0 0;4 5 1 0 0;5 4 0 0 0;5 4 1 0 0;5 4 2 0 0;5 5 0 0 0;5 5 1 0 0;5 5 2 0 0;6 5 0 0 0;6 5 1 0 0;	2569.90464	2	44.25883	22.16454	85.29108	7	0.00228	0.64962	0.67857	0.78571	0.00000	0	0	85.29108	9.92511	45.25134	1.622785498075535e-59	0.0	1.622785498075535e-59	sp|P10909|CLUS_HUMAN	291
2020111CXY-7.19334.19334.3.1.dta	2020111CXY-7.19334.19334.3.1.dta	2020111CXY-7	19334	5179.63587	3681.51435	1227.84297	3	1	CGLVPVLAENYJK	1,Carbamidomethyl[C];	1476.75152	5 4 2 0 0	(N(N(H(H(N(H(A))))(H(N(H(A)))))))	754	0 1 0 0 0;0 2 0 0 0;1 2 0 0 0;2 2 0 0 0;2 3 0 0 0;3 2 0 0 0;3 3 0 0 0;3 3 1 0 0;3 4 0 0 0;4 3 0 0 0;4 3 1 0 0;4 4 0 0 0;4 4 1 0 0;5 4 0 0 0;5 4 1 0 0;	2204.77244	12	17.15994	23.59574	5.20773	5	-0.00961	-2.61089	0.29412	0.50000	0.00000	0	0	5.20773	12.27958	18.38790	2.3260399666584005e-05	0.0	2.3260399666584005e-05	sp|P02787|TRFE_HUMAN	432
2020111CXY-7.16195.16195.3.0.dta	2020111CXY-7.16195.16195.3.0.dta	2020111CXY-7	16195	4334.27129	3909.54658	1303.85371	3	1	AFGSNPJLTK		1048.54218	6 5 3 0 0	(N(N(H(H(N(H(A))))(H(N(H(A)))(N(H(A)))))))	1823	0 1 0 0 0;0 2 0 0 0;1 2 0 0 0;2 2 0 0 0;2 3 0 0 0;2 4 0 0 0;3 2 0 0 0;3 3 0 0 0;3 3 1 0 0;3 4 0 0 0;3 4 1 0 0;3 5 0 0 0;4 3 0 0 0;4 3 1 0 0;4 4 0 0 0;4 4 1 0 0;4 4 2 0 0;4 5 0 0 0;4 5 1 0 0;5 4 0 0 0;5 4 1 0 0;5 4 2 0 0;5 5 0 0 0;5 5 1 0 0;5 5 2 0 0;6 5 0 0 0;6 5 1 0 0;6 5 2 0 0;	2861.00005	7	18.58213	23.96362	8.58794	5	0.00434	1.11023	0.23333	0.72222	0.00000	0	0	8.58794	9.62427	19.54456	1.5059008785401898e-07	0.0	1.5059008785401898e-07	sp|P22792|CPN2_HUMAN	74
2020111CXY-7.9654.9654.2.0.dta	2020111CXY-7.9654.9654.2.0.dta	2020111CXY-7	9654	2568.18465	2764.11176	1382.55952	2	1	EEQFJSTFR		1157.52218	4 4 0 1 0	(N(F)(N(H(H(N))(H(N(H))))))	158	0 1 0 0 0;0 1 0 1 0;0 2 0 0 0;0 2 0 1 0;1 2 0 0 0;1 2 0 1 0;2 2 0 0 0;2 2 0 1 0;2 3 0 0 0;2 3 0 1 0;3 2 0 0 0;3 2 0 1 0;3 3 0 0 0;3 3 0 1 0;3 4 0 0 0;3 4 0 1 0;4 3 0 0 0;4 3 0 1 0;4 4 0 0 0;	1606.58669	5	29.03223	23.65421	39.01998	9	0.00289	1.04397	0.52381	0.75000	0.00000	0	0	39.01998	11.39155	30.17139	4.599675738578e-28	0.0	4.599675738578e-28	sp|P01859|IGHG2_HUMAN	176
2020111CXY-7.13478.13478.3.0.dta	2020111CXY-7.13478.13478.3.0.dta	2020111CXY-7	13478	3598.33399	3142.29692	1048.10382	3	1	EJISDPTSPLR		1228.61681	5 4 1 0 0	(N(N(H(H(N(H)))(H(N(H(A)))))))	380	0 1 0 0 0;0 2 0 0 0;1 2 0 0 0;2 2 0 0 0;2 3 0 0 0;3 2 0 0 0;3 3 0 0 0;3 3 1 0 0;3 4 0 0 0;4 3 0 0 0;4 3 1 0 0;4 4 0 0 0;4 4 1 0 0;5 4 0 0 0;	1913.67702	2	50.94733	57.25755	39.22836	7	0.00309	0.98447	0.62500	1.00000	0.00000	0	0	39.22836	18.36311	52.78364	3.78638874746474e-28	0.0	3.78638874746474e-28	sp|P01591|IGJ_HUMAN	71
2020111CXY-7.17212.17212.3.2.dta	2020111CXY-7.17212.17212.3.2.dta	2020111CXY-7	17212	4609.95694	3968.59477	1323.53644	3	1	GTAGNALMDGASQLMGEJR		1892.85892	6 4 1 0 0	(N(N(H(H(H))(H(N(H))(N(H(A)))))))	568	0 1 0 0 0;0 2 0 0 0;1 2 0 0 0;2 2 0 0 0;2 3 0 0 0;2 4 0 0 0;3 2 0 0 0;3 3 0 0 0;3 3 1 0 0;3 4 0 0 0;3 4 1 0 0;4 2 0 0 0;4 3 0 0 0;4 3 1 0 0;4 4 0 0 0;4 4 1 0 0;5 3 0 0 0;5 3 1 0 0;5 4 0 0 0;5 4 1 0 0;6 4 0 0 0;	2075.72985	18	16.09054	15.38752	17.39617	6	0.00600	1.51289	0.39130	0.30556	0.00000	0	0	17.39617	9.66006	17.05655	2.316903038434802e-13	0.0	2.316903038434802e-13	sp|P02675|FIBB_HUMAN	394
2020111CXY-7.17007.17007.4.0.dta	2020111CXY-7.17007.17007.4.0.dta	2020111CXY-7	17007	4554.16848	4609.95388	1153.24393	4	1	LAGKPTHVJVSVVMAEVDGTCY	21,Carbamidomethyl[C];	2347.14207	5 5 1 1 0	(N(F)(N(H(N)(H(N(H)))(H(N(H(A)))))))	824	0 1 0 0 0;0 1 0 1 0;0 2 0 0 0;0 2 0 1 0;1 2 0 0 0;1 2 0 1 0;1 3 0 0 0;1 3 0 1 0;2 2 0 0 0;2 2 0 1 0;2 3 0 0 0;2 3 0 1 0;2 4 0 0 0;2 4 0 1 0;3 2 0 0 0;3 2 0 1 0;3 3 0 0 0;3 3 0 1 0;3 3 1 0 0;3 3 1 1 0;3 4 0 0 0;3 4 0 1 0;3 4 1 0 0;3 4 1 1 0;3 5 0 0 0;3 5 0 1 0;4 3 0 0 0;4 3 0 1 0;4 3 1 0 0;4 3 1 1 0;4 4 0 0 0;4 4 0 1 0;4 4 1 0 0;4 4 1 1 0;4 5 0 0 0;4 5 0 1 0;4 5 1 0 0;4 5 1 1 0;5 4 0 0 0;5 4 0 1 0;5 4 1 0 0;5 4 1 1 0;5 5 0 0 0;5 5 0 1 0;5 5 1 0 0;	2262.81431	9	18.48793	24.66431	7.01750	5	-0.00249	-0.54097	0.23404	0.50000	0.00000	0	0	7.01750	12.29236	19.71717	1.4412626038985167e-06	0.0	1.4412626038985167e-06	sp|P01876|IGHA1_HUMAN	340
2020111CXY-7.12961.12961.3.0.dta	2020111CXY-7.12961.12961.3.0.dta	2020111CXY-7	12961	3459.24079	3838.53110	1280.18188	3	1	GTAGNALMDGASQLMGEJR	8,Oxidation[M];15,Oxidation[M];	1924.84875	5 4 1 0 0	(N(N(H(H(N(H)))(H(N(H(A)))))))	380	0 1 0 0 0;0 2 0 0 0;1 2 0 0 0;2 2 0 0 0;2 3 0 0 0;3 2 0 0 0;3 3 0 0 0;3 3 1 0 0;3 4 0 0 0;4 3 0 0 0;4 3 1 0 0;4 4 0 0 0;4 4 1 0 0;5 4 0 0 0;	1913.67702	18	32.66013	41.88622	15.52596	5	0.00532	1.38686	0.50000	0.55556	0.00000	0	0	15.52596	15.98244	34.25837	3.833293233695192e-12	0.0	3.833293233695192e-12	sp|P02675|FIBB_HUMAN	394
2020111CXY-7.6256.6256.2.0.dta	2020111CXY-7.6256.6256.2.0.dta	2020111CXY-7	6256	1656.26911	2999.18113	1500.09420	2	1	EEQYJSTYR		1189.51199	4 5 0 1 0	(N(F)(N(H(N)(H(N(H))(N(H))))))	291	0 1 0 0 0;0 1 0 1 0;0 2 0 0 0;0 2 0 1 0;1 2 0 0 0;1 2 0 1 0;1 3 0 0 0;1 3 0 1 0;2 2 0 0 0;2 2 0 1 0;2 3 0 0 0;2 3 0 1 0;2 4 0 0 0;2 4 0 1 0;2 5 0 0 0;2 5 0 1 0;3 3 0 0 0;3 3 0 1 0;3 4 0 0 0;3 4 0 1 0;3 5 0 0 0;3 5 0 1 0;4 4 0 0 0;4 4 0 1 0;4 5 0 0 0;	1809.66607	5	36.32528	33.50222	41.56810	8	0.00308	1.02598	0.48148	0.93750	0.00000	0	0	41.56810	12.76428	37.60171	9.264503189233709e-30	0.0	9.264503189233709e-30	sp|P01857|IGHG1_HUMAN	180
2020111CXY-7.15396.15396.3.0.dta	2020111CXY-7.15396.15396.3.0.dta	2020111CXY-7	15396	4117.88184	3839.55533	1280.52329	3	1	GTAGNALMDGASQLMGEJR	15,Oxidation[M];	1908.85384	6 4 0 1 0	(N(N(H(H(H))(H(N(H))(N(H)(F))))))	399	0 1 0 0 0;0 2 0 0 0;1 2 0 0 0;2 2 0 0 0;2 3 0 0 0;2 3 0 1 0;2 4 0 0 0;2 4 0 1 0;3 2 0 0 0;3 3 0 0 0;3 3 0 1 0;3 4 0 0 0;3 4 0 1 0;4 2 0 0 0;4 3 0 0 0;4 3 0 1 0;4 4 0 0 0;4 4 0 1 0;5 3 0 0 0;5 3 0 1 0;5 4 0 0 0;5 4 0 1 0;6 4 0 0 0;	1930.69234	18	18.66459	18.59973	18.78504	6	0.00916	2.38459	0.40000	0.38889	0.00000	0	0	18.78504	9.94429	19.65902	2.229280290212123e-14	0.0	2.229280290212123e-14	sp|P02675|FIBB_HUMAN	394
2020111CXY-7.14673.14673.4.1.dta	2020111CXY-7.14673.14673.4.1.dta	2020111CXY-7	14673	3921.99043	4585.94661	1147.24211	4	1	NJATVHEQVGGPSLTSDLQAQSK		2381.16916	5 4 2 0 0	(N(N(H(H(N(H(A))))(H(N(H(A)))))))	754	0 1 0 0 0;0 2 0 0 0;1 2 0 0 0;2 2 0 0 0;2 3 0 0 0;3 2 0 0 0;3 3 0 0 0;3 3 1 0 0;3 4 0 0 0;4 3 0 0 0;4 3 1 0 0;4 4 0 0 0;4 4 1 0 0;5 4 0 0 0;5 4 1 0 0;	2204.77244	2	28.97747	30.09761	26.89720	7	0.00501	1.09333	0.58824	0.54545	0.00000	0	0	26.89720	14.19716	30.39719	7.9658577925331e-20	0.0	7.9658577925331e-20	sp|P04004|VTNC_HUMAN	86
2020111CXY-7.13795.13795.3.0.dta	2020111CXY-7.13795.13795.3.0.dta	2020111CXY-7	13795	3684.06725	3310.30157	1104.10538	3	1	LGJWSAMPSCK	10,Carbamidomethyl[C];	1250.56564	5 4 1 1 0	(N(N(H(H(N(H)(F)))(H(N(H(A)))))))	550	0 1 0 0 0;0 2 0 0 0;1 2 0 0 0;2 2 0 0 0;2 3 0 0 0;2 3 0 1 0;3 2 0 0 0;3 3 0 0 0;3 3 0 1 0;3 3 1 0 0;3 4 0 0 0;3 4 0 1 0;4 3 0 0 0;4 3 0 1 0;4 3 1 0 0;4 4 0 0 0;4 4 0 1 0;4 4 1 0 0;4 4 1 1 0;5 4 0 0 0;5 4 0 1 0;5 4 1 0 0;	2059.73493	3	9.51309	12.56197	3.85088	4	0.00100	0.30229	0.20833	0.60000	0.00000	0	0	3.85088	8.81931	10.39502	0.0002197641971379792	0.0	0.0002197641971379792	sp|P02749|APOH_HUMAN	253
2020111CXY-7.13488.13488.3.0.dta	2020111CXY-7.13488.13488.3.0.dta	2020111CXY-7	13488	3600.95661	3629.40276	1210.47244	3	1	MDGASJVTCINSR	9,Carbamidomethyl[C];	1424.62567	5 4 2 0 0	(N(N(H(H(N(H(A))))(H(N(H(A)))))))	754	0 1 0 0 0;0 2 0 0 0;1 2 0 0 0;2 2 0 0 0;2 3 0 0 0;3 2 0 0 0;3 3 0 0 0;3 3 1 0 0;3 4 0 0 0;4 3 0 0 0;4 3 1 0 0;4 4 0 0 0;4 4 1 0 0;5 4 0 0 0;5 4 1 0 0;	2204.77244	6	60.88120	72.53114	39.24559	7	0.00464	1.27982	0.58824	1.08333	0.00000	0	0	39.24559	21.95826	63.07703	3.371764033681223e-28	0.0	3.371764033681223e-28	sp|P08603|CFAH_HUMAN	1029
2020111CXY-7.16797.16797.4.0.dta	2020111CXY-7.16797.16797.4.0.dta	2020111CXY-7	16797	4497.38901	4609.06647	1153.02207	4	1	MVSHHJLTTGATLINEQWLLTTAK	1,Oxidation[M];	2695.38721	5 4 1 0 0	(N(N(H(H(N(H)))(H(N(H(A)))))))	380	0 1 0 0 0;0 2 0 0 0;1 2 0 0 0;2 2 0 0 0;2 3 0 0 0;3 2 0 0 0;3 3 0 0 0;3 3 1 0 0;3 4 0 0 0;4 3 0 0 0;4 3 1 0 0;4 4 0 0 0;4 4 1 0 0;5 4 0 0 0;	1913.67702	6	15.50035	21.21385	4.88955	4	0.00223	0.48372	0.31250	0.45652	0.00000	0	0	4.88955	10.42915	16.54326	3.6590754642282705e-05	0.0	3.6590754642282705e-05	sp|P00739|HPTR_HUMAN/sp|P00738|HPT_HUMAN	126/184
2020111CXY-7.9533.9533.3.0.dta	2020111CXY-7.9533.9533.3.0.dta	2020111CXY-7	9533	2535.74674	3233.25548	1078.42334	3	1	EEQFJSTYR		1173.51708	5 4 1 1 0	(N(F)(N(H(H(N(H)))(H(N(H(A)))))))	549	0 1 0 0 0;0 1 0 1 0;0 2 0 0 0;0 2 0 1 0;1 2 0 0 0;1 2 0 1 0;2 2 0 0 0;2 2 0 1 0;2 3 0 0 0;2 3 0 1 0;3 2 0 0 0;3 2 0 1 0;3 3 0 0 0;3 3 0 1 0;3 3 1 0 0;3 3 1 1 0;3 4 0 0 0;3 4 0 1 0;4 3 0 0 0;4 3 0 1 0;4 3 1 0 0;4 3 1 1 0;4 4 0 0 0;4 4 0 1 0;4 4 1 0 0;4 4 1 1 0;5 4 0 0 0;5 4 0 1 0;5 4 1 0 0;	2059.73493	5	48.97732	44.06689	58.09669	9	0.00346	1.07127	0.58065	0.93750	0.00000	0	0	58.09669	14.96342	50.47366	6.250314987966451e-41	0.0	6.250314987966451e-41	sp|P01861|IGHG4_HUMAN	177
2020111CXY-7.5170.5170.3.0.dta	2020111CXY-7.5170.5170.3.0.dta	2020111CXY-7	5170	1369.35202	3090.28291	1030.76582	3	1	PREEQYJSTYR		1442.66586	3 5 0 1 0	(N(F)(N(H(N)(H(N)(N(H))))))	184	0 1 0 0 0;0 1 0 1 0;0 2 0 0 0;0 2 0 1 0;1 2 0 0 0;1 2 0 1 0;1 3 0 0 0;1 3 0 1 0;2 2 0 0 0;2 2 0 1 0;2 3 0 0 0;2 3 0 1 0;2 4 0 0 0;2 4 0 1 0;2 5 0 0 0;2 5 0 1 0;3 3 0 0 0;3 3 0 1 0;3 4 0 0 0;3 4 0 1 0;3 5 0 0 0;	1647.61324	7	41.43586	21.31359	78.80580	8	0.00381	1.23210	0.82609	0.65000	0.00000	0	0	78.80580	10.35480	42.47134	5.632070953337091e-55	0.0	5.632070953337091e-55	sp|P01857|IGHG1_HUMAN	180
2020111CXY-7.15757.15757.3.0.dta	2020111CXY-7.15757.15757.3.0.dta	2020111CXY-7	15757	4215.23830	3633.63973	1211.88476	3	1	TVLTPATNHMGJVTFTIPANR		2255.16011	6 2 0 0 0	(N(N(H(H(H)(H(H(H)))))))	64	0 1 0 0 0;0 2 0 0 0;1 2 0 0 0;2 2 0 0 0;3 2 0 0 0;4 2 0 0 0;5 2 0 0 0;	1378.47569	12	71.09697	82.06168	50.73395	7	0.00393	1.08257	0.88889	0.82500	0.00000	0	0	50.73395	25.63171	73.66014	7.38779733062529e-36	0.0	7.38779733062529e-36	sp|P01024|CO3_HUMAN	85
2020111CXY-7.16706.16706.4.0.dta	2020111CXY-7.16706.16706.4.0.dta	2020111CXY-7	16706	4472.70290	4609.06900	1153.02271	4	1	MVSHHJLTTGATLINEQWLLTTAK	1,Oxidation[M];	2695.38721	5 4 1 0 0	(N(N(H(H(N(H)))(H(N(H(A)))))))	380	0 1 0 0 0;0 2 0 0 0;1 2 0 0 0;2 2 0 0 0;2 3 0 0 0;3 2 0 0 0;3 3 0 0 0;3 3 1 0 0;3 4 0 0 0;4 3 0 0 0;4 3 1 0 0;4 4 0 0 0;4 4 1 0 0;5 4 0 0 0;	1913.67702	6	39.22812	44.44690	29.53610	7	0.00476	1.03220	0.43750	0.56522	0.00000	0	0	29.53610	18.81208	41.10933	1.0643211191087658e-21	0.0	1.0643211191087658e-21	sp|P00739|HPTR_HUMAN/sp|P00738|HPT_HUMAN	126/184
2020111CXY-7.9222.9222.2.0.dta	2020111CXY-7.9222.9222.2.0.dta	2020111CXY-7	9222	2453.54444	2618.05415	1309.53072	2	1	EEQFJSTFR		1157.52218	4 4 0 0 0	(N(N(H(H(N))(H(N(H))))))	98	0 1 0 0 0;0 2 0 0 0;1 2 0 0 0;2 2 0 0 0;2 3 0 0 0;3 2 0 0 0;3 3 0 0 0;3 4 0 0 0;4 3 0 0 0;	1460.52878	5	34.31375	32.08248	38.45754	7	0.00319	1.21940	0.72727	0.81250	0.00000	0	0	38.45754	13.26784	35.64053	1.078327854927659e-27	0.0	1.078327854927659e-27	sp|P01859|IGHG2_HUMAN	176
2020111CXY-7.9440.9440.2.0.dta	2020111CXY-7.9440.9440.2.0.dta	2020111CXY-7	9440	2510.82948	2764.11146	1382.55937	2	1	EEQFJSTFR		1157.52218	4 4 0 1 0	(N(F)(N(H(H(N))(H(N(H))))))	158	0 1 0 0 0;0 1 0 1 0;0 2 0 0 0;0 2 0 1 0;1 2 0 0 0;1 2 0 1 0;2 2 0 0 0;2 2 0 1 0;2 3 0 0 0;2 3 0 1 0;3 2 0 0 0;3 2 0 1 0;3 3 0 0 0;3 3 0 1 0;3 4 0 0 0;3 4 0 1 0;4 3 0 0 0;4 3 0 1 0;4 4 0 0 0;	1606.58669	5	55.14107	55.45274	54.56224	8	0.00259	0.93688	0.71429	1.06250	0.00000	0	0	54.56224	17.97677	56.93875	1.1445259764229792e-38	0.0	1.1445259764229792e-38	sp|P01859|IGHG2_HUMAN	176
2020111CXY-7.16509.16509.3.0.dta	2020111CXY-7.16509.16509.3.0.dta	2020111CXY-7	16509	4419.26694	3806.54048	1269.51834	3	1	GTAGNALMDGASQLMGEJR		1892.85892	5 4 1 0 0	(N(N(H(H(N(H)))(H(N(H(A)))))))	380	0 1 0 0 0;0 2 0 0 0;1 2 0 0 0;2 2 0 0 0;2 3 0 0 0;3 2 0 0 0;3 3 0 0 0;3 3 1 0 0;3 4 0 0 0;4 3 0 0 0;4 3 1 0 0;4 4 0 0 0;4 4 1 0 0;5 4 0 0 0;	1913.67702	18	52.97813	64.50554	31.57007	7	0.00454	1.19176	0.56250	0.63889	0.00000	0	0	31.57007	21.58562	55.13669	4.315013511443345e-23	0.0	4.315013511443345e-23	sp|P02675|FIBB_HUMAN	394
2020111CXY-7.17745.17745.4.0.dta	2020111CXY-7.17745.17745.4.0.dta	2020111CXY-7	17745	4752.73630	4884.17178	1221.79840	4	1	MVSHHJLTTGATLINEQWLLTTAK		2679.39230	5 4 2 0 0	(N(N(H(H(N(H(A))))(H(N(H(A)))))))	754	0 1 0 0 0;0 2 0 0 0;1 2 0 0 0;2 2 0 0 0;2 3 0 0 0;3 2 0 0 0;3 3 0 0 0;3 3 1 0 0;3 4 0 0 0;4 3 0 0 0;4 3 1 0 0;4 4 0 0 0;4 4 1 0 0;5 4 0 0 0;5 4 1 0 0;	2204.77244	6	51.00249	63.67962	27.45924	6	0.00704	1.44057	0.52941	0.63043	0.00000	0	0	27.45924	23.25973	53.32846	4.5181764694810717e-20	0.0	4.5181764694810717e-20	sp|P00739|HPTR_HUMAN/sp|P00738|HPT_HUMAN	126/184
2020111CXY-7.19591.19591.4.0.dta	2020111CXY-7.19591.19591.4.0.dta	2020111CXY-7	19591	5248.86999	5376.12951	1344.78783	4	1	QQQHLFGSJVTDCSGJFCLFR	13,Carbamidomethyl[C];18,Carbamidomethyl[C];	2515.12414	6 5 3 0 0	(N(N(H(H(N(H(A))))(H(N(H(A)))(N(H(A)))))))	1823	0 1 0 0 0;0 2 0 0 0;1 2 0 0 0;2 2 0 0 0;2 3 0 0 0;2 4 0 0 0;3 2 0 0 0;3 3 0 0 0;3 3 1 0 0;3 4 0 0 0;3 4 1 0 0;3 5 0 0 0;4 3 0 0 0;4 3 1 0 0;4 4 0 0 0;4 4 1 0 0;4 4 2 0 0;4 5 0 0 0;4 5 1 0 0;5 4 0 0 0;5 4 1 0 0;5 4 2 0 0;5 5 0 0 0;5 5 1 0 0;5 5 2 0 0;6 5 0 0 0;6 5 1 0 0;6 5 2 0 0;	2861.00005	9	27.06567	39.47994	4.01060	5	0.00532	0.98872	0.16667	0.67500	0.00000	0	0	4.01060	17.81174	28.84684	0.000155286722285061	0.0	0.000155286722285061	sp|P02787|TRFE_HUMAN	630
2020111CXY-7.16930.16930.3.3.dta	2020111CXY-7.16930.16930.3.3.dta	2020111CXY-7	16930	4533.49753	3552.48310	1184.83255	3	1	CGLVPVLAENYJK	1,Carbamidomethyl[C];	1476.75152	6 4 1 0 0	(N(N(H(H(N(H(H))))(H(N(H(A)))))))	565	0 1 0 0 0;0 2 0 0 0;1 2 0 0 0;2 2 0 0 0;2 3 0 0 0;3 2 0 0 0;3 3 0 0 0;3 3 1 0 0;3 4 0 0 0;4 3 0 0 0;4 3 1 0 0;4 4 0 0 0;4 4 1 0 0;5 3 0 0 0;5 4 0 0 0;5 4 1 0 0;6 4 0 0 0;	2075.72985	12	12.27045	13.35551	10.25533	5	0.00173	0.48700	0.42105	0.37500	0.00000	0	0	10.25533	9.14783	13.18523	1.3898956689907333e-08	0.0	1.3898956689907333e-08	sp|P02787|TRFE_HUMAN	432
2020111CXY-7.17213.17213.3.0.dta	2020111CXY-7.17213.17213.3.0.dta	2020111CXY-7	17213	4610.23469	3952.59732	1318.20396	3	1	GTAGNALMDGASQLMGEJR		1892.85892	5 4 1 1 0	(N(N(H(H(N(H)(F)))(H(N(H(A)))))))	550	0 1 0 0 0;0 2 0 0 0;1 2 0 0 0;2 2 0 0 0;2 3 0 0 0;2 3 0 1 0;3 2 0 0 0;3 3 0 0 0;3 3 0 1 0;3 3 1 0 0;3 4 0 0 0;3 4 0 1 0;4 3 0 0 0;4 3 0 1 0;4 3 1 0 0;4 4 0 0 0;4 4 0 1 0;4 4 1 0 0;4 4 1 1 0;5 4 0 0 0;5 4 0 1 0;5 4 1 0 0;	2059.73493	18	11.10402	8.66579	15.63215	6	0.00346	0.87555	0.37500	0.25000	0.00000	0	0	15.63215	7.66100	11.87012	3.332487885667718e-12	0.0065040650406504065	0.0065040650406504065	sp|P02675|FIBB_HUMAN	394
2020111CXY-7.17933.17933.3.0.dta	2020111CXY-7.17933.17933.3.0.dta	2020111CXY-7	17933	4803.33555	3999.78906	1333.93454	3	1	VVLHPJYSQVDIGLIK		1795.01124	5 4 2 0 0	(N(N(H(H(N(H(A))))(H(N(H(A)))))))	754	0 1 0 0 0;0 2 0 0 0;1 2 0 0 0;2 2 0 0 0;2 3 0 0 0;3 2 0 0 0;3 3 0 0 0;3 3 1 0 0;3 4 0 0 0;4 3 0 0 0;4 3 1 0 0;4 4 0 0 0;4 4 1 0 0;5 4 0 0 0;5 4 1 0 0;	2204.77244	6	69.29413	89.45748	31.84790	7	0.00538	1.34456	0.52941	0.96667	0.00000	0	0	31.84790	27.79524	72.07365	2.9353959921596875e-23	0.0	2.9353959921596875e-23	sp|P00738|HPT_HUMAN	241
2020111CXY-7.8320.8320.3.0.dta	2020111CXY-7.8320.8320.3.0.dta	2020111CXY-7	8320	2210.17859	3026.19445	1009.40300	3	1	LISJCSK	5,Carbamidomethyl[C];	821.41856	5 4 2 0 0	(N(N(H(H(N(H(A))))(H(N(H(A)))))))	754	0 1 0 0 0;0 2 0 0 0;1 2 0 0 0;2 2 0 0 0;2 3 0 0 0;3 2 0 0 0;3 3 0 0 0;3 3 1 0 0;3 4 0 0 0;4 3 0 0 0;4 3 1 0 0;4 4 0 0 0;4 4 1 0 0;5 4 0 0 0;5 4 1 0 0;	2204.77244	4	22.28349	24.43913	18.28015	7	0.00345	1.13904	0.41176	1.00000	0.00000	0	0	18.28015	9.23351	23.20684	3.8433469563307606e-14	0.0	3.8433469563307606e-14	sp|P05156|CFAI_HUMAN	494
2020111CXY-7.13134.13134.2.0.dta	2020111CXY-7.13134.13134.2.0.dta	2020111CXY-7	13134	3505.69856	3639.44796	1820.22762	2	1	FSDGLESJSSTQFEVK		1774.81300	9 2 0 0 0	(N(N(H(H)(H(H)(H(H(H(H(H)))))))))	326	0 1 0 0 0;0 2 0 0 0;1 2 0 0 0;2 2 0 0 0;3 2 0 0 0;4 2 0 0 0;5 2 0 0 0;6 2 0 0 0;7 2 0 0 0;8 2 0 0 0;	1864.63416	8	15.02884	21.06642	3.81618	4	0.00081	0.22239	0.33333	0.63333	0.00000	0	0	3.81618	7.84442	15.81328	0.0002337214489180771	0.004966887417218543	0.00519822344769974	sp|P0C0L4|CO4A_HUMAN/sp|P0C0L5|CO4B_HUMAN	226/226
2020111CXY-7.7405.7405.2.0.dta	2020111CXY-7.7405.7405.2.0.dta	2020111CXY-7	7405	1964.71048	2414.97412	1207.99070	2	1	EEQFJSTYR		1173.51708	3 3 0 1 0	(N(F)(N(H(H(N(H))))))	41	0 1 0 0 0;0 1 0 1 0;0 2 0 0 0;0 2 0 1 0;1 2 0 0 0;1 2 0 1 0;2 2 0 0 0;2 2 0 1 0;2 3 0 0 0;2 3 0 1 0;3 3 0 0 0;	1241.45450	5	47.85969	50.73208	42.52523	8	0.00254	1.05078	0.69231	1.00000	0.00000	0	0	42.52523	16.25863	49.48555	1.8164675363306836e-30	0.0	1.8164675363306836e-30	sp|P01861|IGHG4_HUMAN	177
2020111CXY-7.8787.8787.5.0.dta	2020111CXY-7.8787.8787.5.0.dta	2020111CXY-7	8787	2335.95928	4987.07643	998.22111	5	1	GNVAVTVSGHTCQHWSAQTPHTHJR	12,Carbamidomethyl[C];	2782.29751	5 4 2 0 0	(N(N(H(H(N(H(A))))(H(N(H(A)))))))	754	0 1 0 0 0;0 2 0 0 0;1 2 0 0 0;2 2 0 0 0;2 3 0 0 0;3 2 0 0 0;3 3 0 0 0;3 3 1 0 0;3 4 0 0 0;4 3 0 0 0;4 3 1 0 0;4 4 0 0 0;4 4 1 0 0;5 4 0 0 0;5 4 1 0 0;	2204.77244	24	26.35034	13.13484	50.89342	7	0.00648	1.30035	0.58824	0.16667	0.00000	0	0	50.89342	8.31757	27.18210	6.2206888784427e-36	0.0025996533795493936	0.0025996533795493936	sp|P00747|PLMN_HUMAN	308
2020111CXY-7.4011.4011.2.0.dta	2020111CXY-7.4011.4011.2.0.dta	2020111CXY-7	4011	1059.22438	2688.12846	1344.56787	2	1	YKJNSDISSTR		1284.61786	4 3 0 1 0	(N(N(H(H)(H(N(H(F)))))))	76	0 1 0 0 0;0 2 0 0 0;1 2 0 0 0;2 2 0 0 0;2 3 0 0 0;3 2 0 0 0;3 3 0 0 0;3 3 0 1 0;4 3 0 0 0;	1403.50732	3	23.37278	14.99924	38.92363	7	0.00328	1.21987	0.90909	0.65000	0.00000	0	0	38.92363	9.07514	24.28029	5.837545668489469e-28	0.0	5.837545668489469e-28	sp|P01871|IGHM_HUMAN	46
2020111CXY-7.15942.15942.3.0.dta	2020111CXY-7.15942.15942.3.0.dta	2020111CXY-7	15942	4265.88315	3385.42289	1129.14581	3	1	HAJWTLTPLK		1180.64732	5 4 2 0 0	(N(N(H(H(N(H(A))))(H(N(H(A)))))))	754	0 1 0 0 0;0 2 0 0 0;1 2 0 0 0;2 2 0 0 0;2 3 0 0 0;3 2 0 0 0;3 3 0 0 0;3 3 1 0 0;3 4 0 0 0;4 3 0 0 0;4 3 1 0 0;4 4 0 0 0;4 4 1 0 0;5 4 0 0 0;5 4 1 0 0;	2204.77244	3	90.44224	101.65401	69.62038	7	0.00313	0.92454	0.82353	1.22222	0.00000	0	0	69.62038	27.99083	93.24132	1.3531896883207125e-48	0.0	1.3531896883207125e-48	sp|P27169|PON1_HUMAN	253
2020111CXY-7.15285.15285.3.0.dta	2020111CXY-7.15285.15285.3.0.dta	2020111CXY-7	15285	4087.63472	3649.63458	1217.21638	3	1	TVLTPATNHMGJVTFTIPANR	10,Oxidation[M];	2271.15503	6 2 0 0 0	(N(N(H(H(H)(H(H(H)))))))	64	0 1 0 0 0;0 2 0 0 0;1 2 0 0 0;2 2 0 0 0;3 2 0 0 0;4 2 0 0 0;5 2 0 0 0;	1378.47569	12	30.56534	34.52490	23.21187	6	0.00387	1.06029	0.77778	0.57500	0.00000	0	0	23.21187	15.77964	32.14330	2.6955487662176302e-17	0.0	2.6955487662176302e-17	sp|P01024|CO3_HUMAN	85
2020111CXY-7.11860.11860.3.0.dta	2020111CXY-7.11860.11860.3.0.dta	2020111CXY-7	11860	3163.48819	3420.34061	1140.78506	3	1	EEQFJSTFR		1157.52218	5 5 1 1 0	(N(F)(N(H(N)(H(N(H)))(H(N(H(A)))))))	824	0 1 0 0 0;0 1 0 1 0;0 2 0 0 0;0 2 0 1 0;1 2 0 0 0;1 2 0 1 0;1 3 0 0 0;1 3 0 1 0;2 2 0 0 0;2 2 0 1 0;2 3 0 0 0;2 3 0 1 0;2 4 0 0 0;2 4 0 1 0;3 2 0 0 0;3 2 0 1 0;3 3 0 0 0;3 3 0 1 0;3 3 1 0 0;3 3 1 1 0;3 4 0 0 0;3 4 0 1 0;3 4 1 0 0;3 4 1 1 0;3 5 0 0 0;3 5 0 1 0;4 3 0 0 0;4 3 0 1 0;4 3 1 0 0;4 3 1 1 0;4 4 0 0 0;4 4 0 1 0;4 4 1 0 0;4 4 1 1 0;4 5 0 0 0;4 5 0 1 0;4 5 1 0 0;4 5 1 1 0;5 4 0 0 0;5 4 0 1 0;5 4 1 0 0;5 4 1 1 0;5 5 0 0 0;5 5 0 1 0;5 5 1 0 0;	2262.81431	5	21.37909	17.62430	28.35227	8	0.00413	1.20753	0.31915	0.62500	0.00000	0	0	28.35227	9.67492	22.34658	9.291234046524969e-21	0.0	9.291234046524969e-21	sp|P01859|IGHG2_HUMAN	176
2020111CXY-7.9512.9512.3.1.dta	2020111CXY-7.9512.9512.3.1.dta	2020111CXY-7	9512	2529.93727	3168.19363	1056.73606	3	1	EEQFJSTFR		1157.52218	5 4 0 1 1	(N(F)(N(pH(H(N(H)))(H(H(N(H)))))))	4876	0 1 0 0 0;0 1 0 1 0;0 2 0 0 0;0 2 0 0 1;0 2 0 1 0;0 2 0 1 1;1 2 0 0 1;1 2 0 1 1;1 3 0 0 1;1 3 0 1 1;2 2 0 0 1;2 2 0 1 1;2 3 0 0 1;2 3 0 1 1;3 2 0 0 1;3 2 0 1 1;3 3 0 0 1;3 3 0 1 1;3 4 0 0 1;3 4 0 1 1;4 3 0 0 1;4 3 0 1 1;4 4 0 0 1;4 4 0 1 1;5 4 0 0 1;	2010.65867	5	11.04248	12.37954	8.55938	6	0.01278	4.03283	0.29630	0.56250	0.00000	0	0	8.55938	7.85839	11.82832	1.608378516507134e-07	0.004966887417218543	0.004966887417218543	sp|P01859|IGHG2_HUMAN	176
2020111CXY-7.11540.11540.3.0.dta	2020111CXY-7.11540.11540.3.0.dta	2020111CXY-7	11540	3077.31235	3059.32103	1020.44519	3	1	TPLTAJITK		958.55677	4 5 1 1 0	(N(F)(N(H(N)(H(N(H))(N(H(A)))))))	591	0 1 0 0 0;0 1 0 1 0;0 2 0 0 0;0 2 0 1 0;1 2 0 0 0;1 2 0 1 0;1 3 0 0 0;1 3 0 1 0;2 2 0 0 0;2 2 0 1 0;2 3 0 0 0;2 3 0 1 0;2 4 0 0 0;2 4 0 1 0;2 5 0 0 0;2 5 0 1 0;3 3 0 0 0;3 3 0 1 0;3 3 1 0 0;3 3 1 1 0;3 4 0 0 0;3 4 0 1 0;3 4 1 0 0;3 4 1 1 0;3 5 0 0 0;3 5 0 1 0;3 5 1 0 0;3 5 1 1 0;4 4 0 0 0;4 4 0 1 0;4 4 1 0 0;4 4 1 1 0;4 5 0 0 0;4 5 0 1 0;4 5 1 0 0;	2100.76148	6	66.16743	73.06904	53.35014	8	0.00277	0.90595	0.45946	1.31250	0.00000	0	0	53.35014	20.84570	68.25200	9.162949029722741e-38	0.0	9.162949029722741e-38	sp|P01877|IGHA2_HUMAN	205
2020111CXY-7.9681.9681.2.0.dta	2020111CXY-7.9681.9681.2.0.dta	2020111CXY-7	9681	2575.37280	2805.13879	1403.07303	2	1	EEQFJSTFR		1157.52218	3 5 0 1 0	(N(F)(N(H(N)(H(N)(N(H))))))	184	0 1 0 0 0;0 1 0 1 0;0 2 0 0 0;0 2 0 1 0;1 2 0 0 0;1 2 0 1 0;1 3 0 0 0;1 3 0 1 0;2 2 0 0 0;2 2 0 1 0;2 3 0 0 0;2 3 0 1 0;2 4 0 0 0;2 4 0 1 0;2 5 0 0 0;2 5 0 1 0;3 3 0 0 0;3 3 0 1 0;3 4 0 0 0;3 4 0 1 0;3 5 0 0 0;	1647.61324	5	41.15711	37.12664	48.64227	8	0.00337	1.20227	0.56522	0.81250	0.00000	0	0	48.64227	14.39587	42.59670	1.1130716463755202e-34	0.0	1.1130716463755202e-34	sp|P01859|IGHG2_HUMAN	176
2020111CXY-7.9720.9720.3.0.dta	2020111CXY-7.9720.9720.3.0.dta	2020111CXY-7	9720	2586.10386	2729.15179	910.38878	3	1	TLLJASR		774.44683	4 5 1 0 0	(N(N(H(N)(H(N))(H(N(H(A)))))))	421	0 1 0 0 0;0 2 0 0 0;1 2 0 0 0;1 3 0 0 0;2 2 0 0 0;2 3 0 0 0;2 4 0 0 0;3 2 0 0 0;3 3 0 0 0;3 3 1 0 0;3 4 0 0 0;3 4 1 0 0;3 5 0 0 0;4 3 0 0 0;4 3 1 0 0;4 4 0 0 0;4 4 1 0 0;4 5 0 0 0;	1954.70357	4	19.19796	15.24561	26.53804	7	0.00139	0.51056	0.45000	0.75000	0.00000	0	0	26.53804	8.25230	20.02319	1.310653956135075e-19	0.0025996533795493936	0.0025996533795493936	sp|P01880|IGHD_HUMAN	367
2020111CXY-7.13302.13302.2.0.dta	2020111CXY-7.13302.13302.2.0.dta	2020111CXY-7	13302	3551.12973	3114.21758	1557.61243	2	1	DTFVJASR		909.44247	5 4 2 0 0	(N(N(H(H(N(H(A))))(H(N(H(A)))))))	754	0 1 0 0 0;0 2 0 0 0;1 2 0 0 0;2 2 0 0 0;2 3 0 0 0;3 2 0 0 0;3 3 0 0 0;3 3 1 0 0;3 4 0 0 0;4 3 0 0 0;4 3 1 0 0;4 4 0 0 0;4 4 1 0 0;5 4 0 0 0;5 4 1 0 0;	2204.77244	5	33.18702	42.95265	15.05086	6	0.00266	0.85574	0.41176	1.00000	0.00000	0	0	15.05086	14.84140	34.67116	8.244151925029123e-12	0.0	8.244151925029123e-12	sp|P05155|IC1_HUMAN	238
2020111CXY-7.4788.4788.3.0.dta	2020111CXY-7.4788.4788.3.0.dta	2020111CXY-7	4788	1266.50131	3157.27247	1053.09567	3	1	YKJNSDISSTR		1284.61786	6 3 1 0 0	(N(N(H(H(H(H)))(H(N(H(A)))))))	349	0 1 0 0 0;0 2 0 0 0;1 2 0 0 0;2 2 0 0 0;2 3 0 0 0;3 2 0 0 0;3 3 0 0 0;3 3 1 0 0;4 2 0 0 0;4 3 0 0 0;4 3 1 0 0;5 2 0 0 0;5 3 0 0 0;5 3 1 0 0;6 3 0 0 0;	1872.65047	3	46.04934	36.06889	64.58445	7	0.00414	1.31018	0.82353	0.95000	0.00000	0	0	64.58445	14.11715	47.46106	1.9190164007826116e-45	0.0	1.9190164007826116e-45	sp|P01871|IGHM_HUMAN	46
2020111CXY-7.17663.17663.3.0.dta	2020111CXY-7.17663.17663.3.0.dta	2020111CXY-7	17663	4730.84808	3390.43313	1130.81589	3	1	CGLVPVLAENYJK	1,Carbamidomethyl[C];	1476.75152	5 4 1 0 0	(N(N(H(H(N(H)))(H(N(H(A)))))))	380	0 1 0 0 0;0 2 0 0 0;1 2 0 0 0;2 2 0 0 0;2 3 0 0 0;3 2 0 0 0;3 3 0 0 0;3 3 1 0 0;3 4 0 0 0;4 3 0 0 0;4 3 1 0 0;4 4 0 0 0;4 4 1 0 0;5 4 0 0 0;	1913.67702	12	42.60052	57.22646	15.43807	6	0.00459	1.35425	0.43750	0.87500	0.00000	0	0	15.43807	18.62578	44.46310	4.3981012007350484e-12	0.0	4.3981012007350484e-12	sp|P02787|TRFE_HUMAN	432
2020111CXY-7.17871.17871.3.0.dta	2020111CXY-7.17871.17871.3.0.dta	2020111CXY-7	17871	4786.98904	4274.71068	1425.57508	3	1	ITYSIVQTJCSK	10,Carbamidomethyl[C];	1413.70423	6 5 3 0 0	(N(N(H(H(N(H(A))))(H(N(H(A)))(N(H(A)))))))	1823	0 1 0 0 0;0 2 0 0 0;1 2 0 0 0;2 2 0 0 0;2 3 0 0 0;2 4 0 0 0;3 2 0 0 0;3 3 0 0 0;3 3 1 0 0;3 4 0 0 0;3 4 1 0 0;3 5 0 0 0;4 3 0 0 0;4 3 1 0 0;4 4 0 0 0;4 4 1 0 0;4 4 2 0 0;4 5 0 0 0;4 5 1 0 0;5 4 0 0 0;5 4 1 0 0;5 4 2 0 0;5 5 0 0 0;5 5 1 0 0;5 5 2 0 0;6 5 0 0 0;6 5 1 0 0;6 5 2 0 0;	2861.00005	9	37.55077	52.04141	10.63960	6	0.00639	1.49542	0.23333	0.90909	0.00000	0	0	10.63960	17.54687	39.30546	7.434948227052657e-09	0.0	7.434948227052657e-09	sp|P01042|KNG1_HUMAN	205
2020111CXY-7.4901.4901.3.0.dta	2020111CXY-7.4901.4901.3.0.dta	2020111CXY-7	4901	1297.19716	3303.33039	1101.78165	3	1	YKJNSDISSTR		1284.61786	6 3 1 1 0	(N(F)(N(H(H(H)(H))(H(N(H(A)))))))	491	0 1 0 0 0;0 1 0 1 0;0 2 0 0 0;0 2 0 1 0;1 2 0 0 0;1 2 0 1 0;2 2 0 0 0;2 2 0 1 0;2 3 0 0 0;2 3 0 1 0;3 2 0 0 0;3 2 0 1 0;3 3 0 0 0;3 3 0 1 0;3 3 1 0 0;3 3 1 1 0;4 2 0 0 0;4 2 0 1 0;4 3 0 0 0;4 3 0 1 0;4 3 1 0 0;4 3 1 1 0;5 2 0 0 0;5 2 0 1 0;5 3 0 0 0;5 3 0 1 0;5 3 1 0 0;5 3 1 1 0;6 3 0 0 0;6 3 0 1 0;6 3 1 0 0;	2018.70838	3	68.26003	47.64710	106.54118	9	0.00415	1.25715	0.72727	1.00000	0.00000	0	0	106.54118	15.99830	69.85986	2.3839626367927024e-73	0.0	2.3839626367927024e-73	sp|P01871|IGHM_HUMAN	46
2020111CXY-7.13067.13067.5.1.dta	2020111CXY-7.13067.13067.5.1.dta	2020111CXY-7	13067	3487.71012	4917.03924	984.21367	5	1	YPHKPEIJSTTHPGADLQEJFCR	22,Carbamidomethyl[C];	2711.26307	5 4 1 2 0	(N(N(H(H(N(H)(F)))(H(N(F)(H(A)))))))	765	0 1 0 0 0;0 2 0 0 0;1 2 0 0 0;2 2 0 0 0;2 3 0 0 0;2 3 0 1 0;3 2 0 0 0;3 3 0 0 0;3 3 0 1 0;3 3 1 0 0;3 3 1 1 0;3 4 0 0 0;3 4 0 1 0;3 4 0 2 0;4 3 0 0 0;4 3 0 1 0;4 3 1 0 0;4 3 1 1 0;4 4 0 0 0;4 4 0 1 0;4 4 0 2 0;4 4 1 0 0;4 4 1 1 0;4 4 1 2 0;5 4 0 0 0;5 4 0 1 0;5 4 0 2 0;5 4 1 0 0;5 4 1 1 0;	2205.79284	8	9.56006	13.00344	3.16522	4	-0.01667	-3.39068	0.16129	0.36364	0.00000	0	0	3.16522	8.11605	10.37167	0.0006680331611229941	0.0025996533795493936	0.0029663459729316675	sp|P00734|THRB_HUMAN	143
2020111CXY-7.4381.4381.3.0.dta	2020111CXY-7.4381.4381.3.0.dta	2020111CXY-7	4381	1158.06163	2891.20500	964.40652	3	1	YKJNSDISSTR		1284.61786	4 4 0 1 0	(N(F)(N(H(H)(N)(H(N(H))))))	155	0 1 0 0 0;0 1 0 1 0;0 2 0 0 0;0 2 0 1 0;1 2 0 0 0;1 2 0 1 0;1 3 0 0 0;1 3 0 1 0;2 2 0 0 0;2 2 0 1 0;2 3 0 0 0;2 3 0 1 0;2 4 0 0 0;2 4 0 1 0;3 2 0 0 0;3 2 0 1 0;3 3 0 0 0;3 3 0 1 0;3 4 0 0 0;3 4 0 1 0;4 3 0 0 0;4 3 0 1 0;4 4 0 0 0;	1606.58669	3	57.51130	41.23457	87.73949	9	0.00045	0.15587	0.84000	1.00000	0.00000	0	0	87.73949	15.13901	59.02520	5.167994792615085e-61	0.0	5.167994792615085e-61	sp|P01871|IGHM_HUMAN	46
2020111CXY-7.9226.9226.2.0.dta	2020111CXY-7.9226.9226.2.0.dta	2020111CXY-7	9226	2454.65478	2926.16555	1463.58641	2	1	EEQFJSTFR		1157.52218	5 4 0 1 0	(N(F)(N(H(H(N(H)))(H(N(H))))))	267	0 1 0 0 0;0 1 0 1 0;0 2 0 0 0;0 2 0 1 0;1 2 0 0 0;1 2 0 1 0;2 2 0 0 0;2 2 0 1 0;2 3 0 0 0;2 3 0 1 0;3 2 0 0 0;3 2 0 1 0;3 3 0 0 0;3 3 0 1 0;3 4 0 0 0;3 4 0 1 0;4 3 0 0 0;4 3 0 1 0;4 4 0 0 0;4 4 0 1 0;5 4 0 0 0;	1768.63952	5	28.56313	29.31155	27.17320	8	0.00386	1.31852	0.43478	0.87500	0.00000	0	0	27.17320	11.92561	29.75569	6.228217675640441e-20	0.0	6.228217675640441e-20	sp|P01859|IGHG2_HUMAN	176
2020111CXY-7.5818.5818.2.0.dta	2020111CXY-7.5818.5818.2.0.dta	2020111CXY-7	5818	1541.63493	2796.10195	1398.55461	2	1	EEQYJSTYR		1189.51199	4 4 0 1 0	(N(N(H(H(N))(H(N(H(F)))))))	161	0 1 0 0 0;0 2 0 0 0;1 2 0 0 0;2 2 0 0 0;2 3 0 0 0;3 2 0 0 0;3 3 0 0 0;3 3 0 1 0;3 4 0 0 0;4 3 0 0 0;4 3 0 1 0;4 4 0 0 0;	1606.58669	5	43.64301	47.23897	36.96478	7	0.00326	1.16721	0.64286	0.93750	0.00000	0	0	36.96478	15.44696	45.18771	1.3802806062601515e-26	0.0	1.3802806062601515e-26	sp|P01857|IGHG1_HUMAN	180
2020111CXY-7.13900.13900.2.0.dta	2020111CXY-7.13900.13900.2.0.dta	2020111CXY-7	13900	3712.57883	3164.24450	1582.62589	2	1	LGJWSAMPSCK	10,Carbamidomethyl[C];	1250.56564	5 4 1 0 0	(N(N(H(H(N(H)))(H(N(H(A)))))))	380	0 1 0 0 0;0 2 0 0 0;1 2 0 0 0;2 2 0 0 0;2 3 0 0 0;3 2 0 0 0;3 3 0 0 0;3 3 1 0 0;3 4 0 0 0;4 3 0 0 0;4 3 1 0 0;4 4 0 0 0;4 4 1 0 0;5 4 0 0 0;	1913.67702	3	54.23140	65.22810	33.80895	7	0.00184	0.58165	0.62500	1.00000	0.00000	0	0	33.80895	20.31898	56.26330	1.4480104400740959e-24	0.0	1.4480104400740959e-24	sp|P02749|APOH_HUMAN	253
2020111CXY-7.13922.13922.3.0.dta	2020111CXY-7.13922.13922.3.0.dta	2020111CXY-7	13922	3718.49982	3649.63539	1217.21665	3	1	TVLTPATNHMGJVTFTIPANR	10,Oxidation[M];	2271.15503	6 2 0 0 0	(N(N(H(H)(H(H(H(H)))))))	61	0 1 0 0 0;0 2 0 0 0;1 2 0 0 0;2 2 0 0 0;3 2 0 0 0;4 2 0 0 0;5 2 0 0 0;	1378.47569	12	55.34561	78.77890	11.82665	5	0.00468	1.28140	0.55556	0.75000	0.00000	0	0	11.82665	24.40622	57.78623	1.39942197223982e-09	0.0	1.39942197223982e-09	sp|P01024|CO3_HUMAN	85
2020111CXY-7.5819.5819.2.0.dta	2020111CXY-7.5819.5819.2.0.dta	2020111CXY-7	5819	1541.95806	2650.04252	1325.52490	2	1	EEQYJSTYR		1189.51199	4 4 0 0 0	(N(N(H(H(N(H))(N(H))))))	99	0 1 0 0 0;0 2 0 0 0;1 2 0 0 0;2 2 0 0 0;2 3 0 0 0;2 4 0 0 0;3 3 0 0 0;3 4 0 0 0;	1460.52878	5	24.71932	19.99465	33.49372	6	0.00175	0.66054	0.70000	0.68750	0.00000	0	0	33.49372	11.11519	25.83084	3.0326061976021818e-24	0.0	3.0326061976021818e-24	sp|P01857|IGHG1_HUMAN	180
2020111CXY-7.15220.15220.3.0.dta	2020111CXY-7.15220.15220.3.0.dta	2020111CXY-7	15220	4070.12525	3649.63359	1217.21605	3	1	TVLTPATNHMGJVTFTIPANR	10,Oxidation[M];	2271.15503	6 2 0 0 0	(N(N(H(H)(H(H)(H(H))))))	60	0 1 0 0 0;0 2 0 0 0;1 2 0 0 0;2 2 0 0 0;3 2 0 0 0;4 2 0 0 0;5 2 0 0 0;	1378.47569	12	39.16157	38.94396	39.56569	7	0.00287	0.78738	0.88889	0.57500	0.00000	0	0	39.56569	16.09186	40.77076	1.7514971353584166e-28	0.0	1.7514971353584166e-28	sp|P01024|CO3_HUMAN	85
2020111CXY-7.9805.9805.3.0.dta	2020111CXY-7.9805.9805.3.0.dta	2020111CXY-7	9805	2608.91220	2995.30629	999.10695	3	1	QSVPAHFVALJGSK		1454.77504	7 2 0 0 0	(N(N(H(H(H)(H(H(H(H))))))))	117	0 1 0 0 0;0 2 0 0 0;1 2 0 0 0;2 2 0 0 0;3 2 0 0 0;4 2 0 0 0;5 2 0 0 0;6 2 0 0 0;	1540.52851	11	95.43668	117.08853	55.22611	7	0.00274	0.91618	0.90000	1.07692	0.00000	0	0	55.22611	33.41360	98.77804	5.208502974444587e-39	0.0	5.208502974444587e-39	sp|P06681|CO2_HUMAN	621
2020111CXY-7.16072.16072.2.0.dta	2020111CXY-7.16072.16072.2.0.dta	2020111CXY-7	16072	4301.00753	2825.15380	1413.08054	2	1	JGSLFAFR		911.47338	5 4 1 0 0	(N(N(H(H(N(H)))(H(N(H(A)))))))	380	0 1 0 0 0;0 2 0 0 0;1 2 0 0 0;2 2 0 0 0;2 3 0 0 0;3 2 0 0 0;3 3 0 0 0;3 3 1 0 0;3 4 0 0 0;4 3 0 0 0;4 3 1 0 0;4 4 0 0 0;4 4 1 0 0;5 4 0 0 0;	1913.67702	1	24.54710	31.11402	12.35140	6	0.00340	1.20330	0.37500	1.07143	0.00000	0	0	12.35140	11.65670	25.71277	6.464942930706002e-10	0.0	6.464942930706002e-10	sp|P04004|VTNC_HUMAN	169
2020111CXY-7.14208.14208.2.0.dta	2020111CXY-7.14208.14208.2.0.dta	2020111CXY-7	14208	3796.12715	3309.38986	1655.19857	2	1	TPLTAJITK		958.55677	5 4 2 1 0	(N(F)(N(H(H(N(H(A))))(H(N(H(A)))))))	991	0 1 0 0 0;0 1 0 1 0;0 2 0 0 0;0 2 0 1 0;1 2 0 0 0;1 2 0 1 0;2 2 0 0 0;2 2 0 1 0;2 3 0 0 0;2 3 0 1 0;3 2 0 0 0;3 2 0 1 0;3 3 0 0 0;3 3 0 1 0;3 3 1 0 0;3 3 1 1 0;3 4 0 0 0;3 4 0 1 0;4 3 0 0 0;4 3 0 1 0;4 3 1 0 0;4 3 1 1 0;4 4 0 0 0;4 4 0 1 0;4 4 1 0 0;4 4 1 1 0;5 4 0 0 0;5 4 0 1 0;5 4 1 0 0;5 4 1 1 0;5 4 2 0 0;	2350.83035	6	52.42899	70.04727	19.70933	8	0.00274	0.82769	0.33333	1.18750	0.00000	0	0	19.70933	21.29765	54.55875	5.070505457620608e-15	0.0	5.070505457620608e-15	sp|P01877|IGHA2_HUMAN	205
2020111CXY-7.12683.12683.3.0.dta	2020111CXY-7.12683.12683.3.0.dta	2020111CXY-7	12683	3384.71704	3877.58272	1293.19909	3	1	CATPHGDJASLEATFVK	1,Carbamidomethyl[C];	1817.84868	5 4 1 1 0	(N(F)(N(H(H(N(H)))(H(N(H(A)))))))	549	0 1 0 0 0;0 1 0 1 0;0 2 0 0 0;0 2 0 1 0;1 2 0 0 0;1 2 0 1 0;2 2 0 0 0;2 2 0 1 0;2 3 0 0 0;2 3 0 1 0;3 2 0 0 0;3 2 0 1 0;3 3 0 0 0;3 3 0 1 0;3 3 1 0 0;3 3 1 1 0;3 4 0 0 0;3 4 0 1 0;4 3 0 0 0;4 3 0 1 0;4 3 1 0 0;4 3 1 1 0;4 4 0 0 0;4 4 0 1 0;4 4 1 0 0;4 4 1 1 0;5 4 0 0 0;5 4 0 1 0;5 4 1 0 0;	2059.73493	8	15.78727	10.52606	25.55808	7	-0.00089	-0.23038	0.48387	0.37500	0.00000	0	0	25.55808	8.17799	16.60507	7.552567726354782e-19	0.0025996533795493936	0.0025996533795493936	sp|P23142|FBLN1_HUMAN	98
2020111CXY-7.18061.18061.3.0.dta	2020111CXY-7.18061.18061.3.0.dta	2020111CXY-7	18061	4837.51886	4622.03317	1541.34924	3	1	VDKDLQSLEDILHQVEJK		2123.09789	7 6 0 1 0	(N(N(H(H(N(H))(N(H)))(H(N(H))(N(H)(F))))))	1223	0 1 0 0 0;0 2 0 0 0;1 2 0 0 0;2 2 0 0 0;2 3 0 0 0;2 3 0 1 0;2 4 0 0 0;2 4 0 1 0;3 2 0 0 0;3 3 0 0 0;3 3 0 1 0;3 4 0 0 0;3 4 0 1 0;3 5 0 0 0;3 5 0 1 0;3 6 0 0 0;3 6 0 1 0;4 3 0 0 0;4 3 0 1 0;4 4 0 0 0;4 4 0 1 0;4 5 0 0 0;4 5 0 1 0;4 6 0 0 0;4 6 0 1 0;5 4 0 0 0;5 4 0 1 0;5 5 0 0 0;5 5 0 1 0;5 6 0 0 0;5 6 0 1 0;6 5 0 0 0;6 5 0 1 0;6 6 0 0 0;6 6 0 1 0;7 6 0 0 0;	2498.90391	17	21.61482	20.69079	23.33089	7	0.03137	6.78733	0.31579	0.47059	0.00000	0	0	23.33089	11.82293	22.79711	2.234126720939198e-17	0.0	2.234126720939198e-17	sp|P02679|FIBG_HUMAN	78
2020111CXY-7.11943.11943.3.0.dta	2020111CXY-7.11943.11943.3.0.dta	2020111CXY-7	11943	3186.06880	3217.26003	1073.09153	3	1	EEQFJSTFR		1157.52218	5 4 1 1 0	(N(N(H(H(N(H)(F)))(H(N(H(A)))))))	550	0 1 0 0 0;0 2 0 0 0;1 2 0 0 0;2 2 0 0 0;2 3 0 0 0;2 3 0 1 0;3 2 0 0 0;3 3 0 0 0;3 3 0 1 0;3 3 1 0 0;3 4 0 0 0;3 4 0 1 0;4 3 0 0 0;4 3 0 1 0;4 3 1 0 0;4 4 0 0 0;4 4 0 1 0;4 4 1 0 0;4 4 1 1 0;5 4 0 0 0;5 4 0 1 0;5 4 1 0 0;	2059.73493	5	12.59123	12.03827	13.61815	7	0.00292	0.90813	0.29167	0.62500	0.00000	0	0	13.61815	8.28560	13.41979	7.277714186860634e-11	0.0025996533795493936	0.0025996533795493936	sp|P01859|IGHG2_HUMAN	176
2020111CXY-7.18122.18122.3.0.dta	2020111CXY-7.18122.18122.3.0.dta	2020111CXY-7	18122	4853.58513	4428.80797	1476.94084	3	1	QQQHLFGSJVTDCSGJFCLFR	13,Carbamidomethyl[C];18,Carbamidomethyl[C];	2515.12414	5 4 1 0 0	(N(N(H(H(N(H)))(H(N(H(A)))))))	380	0 1 0 0 0;0 2 0 0 0;1 2 0 0 0;2 2 0 0 0;2 3 0 0 0;3 2 0 0 0;3 3 0 0 0;3 3 1 0 0;3 4 0 0 0;4 3 0 0 0;4 3 1 0 0;4 4 0 0 0;4 4 1 0 0;5 4 0 0 0;	1913.67702	9	32.61969	41.19179	16.70008	7	0.00681	1.53777	0.50000	0.70000	0.00000	0	0	16.70008	17.74728	34.39442	5.463914564785227e-13	0.0	5.463914564785227e-13	sp|P02787|TRFE_HUMAN	630
2020111CXY-7.6999.6999.3.0.dta	2020111CXY-7.6999.6999.3.0.dta	2020111CXY-7	6999	1855.47958	4210.69606	1404.23687	3	1	KKEDALJETR		1203.63279	6 5 3 1 0	(N(N(H(H(N(F)(H(A))))(H(N(H(A)))(N(H(A)))))))	2060	0 1 0 0 0;0 2 0 0 0;1 2 0 0 0;2 2 0 0 0;2 3 0 0 0;2 3 0 1 0;2 4 0 0 0;3 2 0 0 0;3 3 0 0 0;3 3 0 1 0;3 3 1 0 0;3 3 1 1 0;3 4 0 0 0;3 4 0 1 0;3 4 1 0 0;3 5 0 0 0;3 5 0 1 0;4 3 0 0 0;4 3 0 1 0;4 3 1 0 0;4 3 1 1 0;4 4 0 0 0;4 4 0 1 0;4 4 1 0 0;4 4 1 1 0;4 4 2 0 0;4 5 0 0 0;4 5 0 1 0;4 5 1 0 0;4 5 1 1 0;5 4 0 0 0;5 4 0 1 0;5 4 1 0 0;5 4 1 1 0;5 4 2 0 0;5 4 2 1 0;5 5 0 0 0;5 5 0 1 0;5 5 1 0 0;5 5 1 1 0;5 5 2 0 0;5 5 2 1 0;6 5 0 0 0;6 5 0 1 0;6 5 1 0 0;6 5 1 1 0;6 5 2 0 0;6 5 2 1 0;6 5 3 0 0;	3007.05796	7	47.09179	22.78005	92.24216	7	0.00530	1.25933	0.52941	0.66667	0.00000	0	0	92.24216	10.58648	48.15044	4.704205572352887e-64	0.0	4.704205572352887e-64	sp|P10909|CLUS_HUMAN	86
2020111CXY-7.5517.5517.2.0.dta	2020111CXY-7.5517.5517.2.0.dta	2020111CXY-7	5517	1460.93200	3053.19803	1527.10265	2	1	JNSDISSTR		993.45958	5 4 1 1 0	(N(F)(N(H(H(N(H)))(H(N(H(A)))))))	549	0 1 0 0 0;0 1 0 1 0;0 2 0 0 0;0 2 0 1 0;1 2 0 0 0;1 2 0 1 0;2 2 0 0 0;2 2 0 1 0;2 3 0 0 0;2 3 0 1 0;3 2 0 0 0;3 2 0 1 0;3 3 0 0 0;3 3 0 1 0;3 3 1 0 0;3 3 1 1 0;3 4 0 0 0;3 4 0 1 0;4 3 0 0 0;4 3 0 1 0;4 3 1 0 0;4 3 1 1 0;4 4 0 0 0;4 4 0 1 0;4 4 1 0 0;4 4 1 1 0;5 4 0 0 0;5 4 0 1 0;5 4 1 0 0;	2059.73493	1	37.44668	49.40184	15.24425	8	0.00352	1.15410	0.29032	1.18750	0.00000	0	0	15.24425	16.79216	39.12590	5.963495185771359e-12	0.0	5.963495185771359e-12	sp|P01871|IGHM_HUMAN	46
2020111CXY-7.19511.19511.3.0.dta	2020111CXY-7.19511.19511.3.0.dta	2020111CXY-7	19511	5227.33245	4455.77256	1485.92904	3	1	LNAENJATFYFK		1431.69030	3 7 2 2 1	(N(N(H(N)(H(N)(N(F)))(H(N)(N(F)(pH(A(A))))))))	14240	0 1 0 0 0;0 2 0 0 0;1 2 0 0 0;1 3 0 0 0;2 2 0 0 0;2 3 0 0 0;2 3 0 0 1;2 3 0 1 0;2 3 0 1 1;2 3 1 0 1;2 3 1 1 1;2 3 2 0 1;2 3 2 1 1;2 4 0 0 0;2 4 0 0 1;2 4 0 1 0;2 4 0 1 1;2 4 1 0 1;2 4 1 1 1;2 4 2 0 1;2 4 2 1 1;2 5 0 0 0;2 5 0 0 1;2 5 0 1 0;2 5 0 1 1;2 5 1 0 1;2 5 1 1 1;2 5 2 0 1;2 5 2 1 1;3 2 0 0 0;3 3 0 0 0;3 3 0 0 1;3 3 0 1 0;3 3 0 1 1;3 3 1 0 1;3 3 1 1 1;3 3 2 0 1;3 3 2 1 1;3 4 0 0 0;3 4 0 0 1;3 4 0 1 0;3 4 0 1 1;3 4 0 2 0;3 4 0 2 1;3 4 1 0 1;3 4 1 1 1;3 4 1 2 1;3 4 2 0 1;3 4 2 1 1;3 4 2 2 1;3 5 0 0 0;3 5 0 0 1;3 5 0 1 0;3 5 0 1 1;3 5 0 2 0;3 5 0 2 1;3 5 1 0 1;3 5 1 1 1;3 5 1 2 1;3 5 2 0 1;3 5 2 1 1;3 5 2 2 1;3 6 0 0 0;3 6 0 0 1;3 6 0 1 0;3 6 0 1 1;3 6 0 2 0;3 6 0 2 1;3 6 1 0 1;3 6 1 1 1;3 6 1 2 1;3 6 2 0 1;3 6 2 1 1;3 6 2 2 1;3 7 0 0 0;3 7 0 0 1;3 7 0 1 0;3 7 0 1 1;3 7 0 2 0;3 7 0 2 1;3 7 1 0 1;3 7 1 1 1;3 7 1 2 1;3 7 2 0 1;3 7 2 1 1;	3024.03988	6	21.39375	27.51952	10.01733	7	0.04238	9.51107	0.10345	0.77273	0.00000	0	0	10.01733	12.71967	22.66572	2.14415060560758e-08	0.0	2.14415060560758e-08	sp|P01042|KNG1_HUMAN	294
2020111CXY-7.18354.18354.3.0.dta	2020111CXY-7.18354.18354.3.0.dta	2020111CXY-7	18354	4915.86057	3390.43053	1130.81503	3	1	CGLVPVLAENYJK	1,Carbamidomethyl[C];	1476.75152	5 4 1 0 0	(N(N(H(H(N(H)))(H(N(H(A)))))))	380	0 1 0 0 0;0 2 0 0 0;1 2 0 0 0;2 2 0 0 0;2 3 0 0 0;3 2 0 0 0;3 3 0 0 0;3 3 1 0 0;3 4 0 0 0;4 3 0 0 0;4 3 1 0 0;4 4 0 0 0;4 4 1 0 0;5 4 0 0 0;	1913.67702	12	12.47769	14.08883	9.48556	6	0.00199	0.58798	0.37500	0.50000	0.00000	0	0	9.48556	8.59014	13.33670	4.3045653111864206e-08	0.0009208103130755065	0.0009208103130755065	sp|P02787|TRFE_HUMAN	432
2020111CXY-7.18470.18470.3.0.dta	2020111CXY-7.18470.18470.3.0.dta	2020111CXY-7	18470	4947.42663	4219.75329	1407.25595	3	1	VIDFJCTTSSVSSALANTK	6,Carbamidomethyl[C];	2014.97500	5 4 2 0 0	(N(N(H(H(N(H(A))))(H(N(H(A)))))))	754	0 1 0 0 0;0 2 0 0 0;1 2 0 0 0;2 2 0 0 0;2 3 0 0 0;3 2 0 0 0;3 3 0 0 0;3 3 1 0 0;3 4 0 0 0;4 3 0 0 0;4 3 1 0 0;4 4 0 0 0;4 4 1 0 0;5 4 0 0 0;5 4 1 0 0;	2204.77244	5	70.39167	94.16094	26.24875	7	0.00585	1.38680	0.52941	1.00000	0.00000	0	0	26.24875	30.59473	73.45114	2.2278366958945737e-19	0.0	2.2278366958945737e-19	sp|P04196|HRG_HUMAN	125
2020111CXY-7.16778.16778.3.0.dta	2020111CXY-7.16778.16778.3.0.dta	2020111CXY-7	16778	4492.26490	3839.55758	1280.52404	3	1	GTAGNALMDGASQLMGEJR	15,Oxidation[M];	1908.85384	6 4 0 1 0	(N(N(H(H(H)(H))(H(N(H))(N(F))))))	405	0 1 0 0 0;0 2 0 0 0;1 2 0 0 0;2 2 0 0 0;2 3 0 0 0;2 3 0 1 0;2 4 0 0 0;2 4 0 1 0;3 2 0 0 0;3 3 0 0 0;3 3 0 1 0;3 4 0 0 0;3 4 0 1 0;4 2 0 0 0;4 3 0 0 0;4 3 0 1 0;4 4 0 0 0;4 4 0 1 0;5 2 0 0 0;5 3 0 0 0;5 3 0 1 0;5 4 0 0 0;5 4 0 1 0;6 3 0 0 0;6 4 0 0 0;	1930.69234	18	12.61373	8.23487	20.74590	6	0.01140	2.96904	0.40741	0.22222	0.00000	0	0	20.74590	8.21224	13.43495	8.925884507110116e-16	0.0025996533795493936	0.0025996533795493936	sp|P02675|FIBB_HUMAN	394
2020111CXY-7.15126.15126.3.0.dta	2020111CXY-7.15126.15126.3.0.dta	2020111CXY-7	15126	4044.57465	3822.53350	1274.84935	3	1	GTAGNALMDGASQLMGEJR	8,Oxidation[M];	1908.85384	5 4 1 0 0	(N(N(H(H(N(H)))(H(N(H(A)))))))	380	0 1 0 0 0;0 2 0 0 0;1 2 0 0 0;2 2 0 0 0;2 3 0 0 0;3 2 0 0 0;3 3 0 0 0;3 3 1 0 0;3 4 0 0 0;4 3 0 0 0;4 3 1 0 0;4 4 0 0 0;4 4 1 0 0;5 4 0 0 0;	1913.67702	18	16.33117	14.76995	19.23059	6	0.00264	0.69129	0.56250	0.27778	0.00000	0	0	19.23059	9.10364	17.24153	1.1995804921499248e-14	0.0	1.1995804921499248e-14	sp|P02675|FIBB_HUMAN	394
2020111CXY-7.10765.10765.5.0.dta	2020111CXY-7.10765.10765.5.0.dta	2020111CXY-7	10765	2867.92295	4868.07716	974.42125	5	1	SRYPHKPEIJSTTHPGADLQEJFCR	24,Carbamidomethyl[C];	2954.39621	5 4 1 0 0	(N(N(H(H(N(H)))(H(N(H(A)))))))	380	0 1 0 0 0;0 2 0 0 0;1 2 0 0 0;2 2 0 0 0;2 3 0 0 0;3 2 0 0 0;3 3 0 0 0;3 3 1 0 0;3 4 0 0 0;4 3 0 0 0;4 3 1 0 0;4 4 0 0 0;4 4 1 0 0;5 4 0 0 0;	1913.67702	10	21.94659	31.45599	4.28627	4	0.00393	0.80658	0.31250	0.52083	0.00000	0	0	4.28627	13.16312	23.26290	9.831739289307621e-05	0.0	9.831739289307621e-05	sp|P00734|THRB_HUMAN	143
2020111CXY-7.17780.17780.3.0.dta	2020111CXY-7.17780.17780.3.0.dta	2020111CXY-7	17780	4762.05003	4428.79756	1476.93737	3	1	QQQHLFGSJVTDCSGJFCLFR	13,Carbamidomethyl[C];18,Carbamidomethyl[C];	2515.12414	5 4 1 0 0	(N(N(H(H(N(H)))(H(N(H(A)))))))	380	0 1 0 0 0;0 2 0 0 0;1 2 0 0 0;2 2 0 0 0;2 3 0 0 0;3 2 0 0 0;3 3 0 0 0;3 3 1 0 0;3 4 0 0 0;4 3 0 0 0;4 3 1 0 0;4 4 0 0 0;4 4 1 0 0;5 4 0 0 0;	1913.67702	9	30.93525	44.51535	5.71506	4	-0.00361	-0.81478	0.37500	0.70000	0.00000	0	0	5.71506	19.41937	32.87719	9.649425521246223e-06	0.0	9.649425521246223e-06	sp|P02787|TRFE_HUMAN	630
2020111CXY-7.20097.20097.3.0.dta	2020111CXY-7.20097.20097.3.0.dta	2020111CXY-7	20097	5383.70651	3960.67406	1320.89621	3	1	YLGJATAIFFLPDEGK		1755.89521	5 4 2 0 0	(N(N(H(H(N(H(A))))(H(N(H(A)))))))	754	0 1 0 0 0;0 2 0 0 0;1 2 0 0 0;2 2 0 0 0;2 3 0 0 0;3 2 0 0 0;3 3 0 0 0;3 3 1 0 0;3 4 0 0 0;4 3 0 0 0;4 3 1 0 0;4 4 0 0 0;4 4 1 0 0;5 4 0 0 0;5 4 1 0 0;	2204.77244	4	19.23564	25.41945	7.75141	5	0.00642	1.62017	0.35294	0.63333	0.00000	0	0	7.75141	11.10966	20.34661	4.4558275111899354e-07	0.0	4.4558275111899354e-07	sp|P01009|A1AT_HUMAN	271
2020111CXY-7.16993.16993.3.0.dta	2020111CXY-7.16993.16993.3.0.dta	2020111CXY-7	16993	4550.37952	3407.45757	1136.49071	3	1	CGLVPVLAENYJK	1,Carbamidomethyl[C];	1476.75152	6 4 0 1 0	(N(N(H(H(H))(H(N(H))(N(H)(F))))))	399	0 1 0 0 0;0 2 0 0 0;1 2 0 0 0;2 2 0 0 0;2 3 0 0 0;2 3 0 1 0;2 4 0 0 0;2 4 0 1 0;3 2 0 0 0;3 3 0 0 0;3 3 0 1 0;3 4 0 0 0;3 4 0 1 0;4 2 0 0 0;4 3 0 0 0;4 3 0 1 0;4 4 0 0 0;4 4 0 1 0;5 3 0 0 0;5 3 0 1 0;5 4 0 0 0;5 4 0 1 0;6 4 0 0 0;	1930.69234	12	56.90607	82.48162	9.40862	5	0.01371	4.02493	0.28000	1.00000	0.00000	0	0	9.40862	24.82416	59.38849	5.0355693234862194e-08	0.0	5.0355693234862194e-08	sp|P02787|TRFE_HUMAN	432
2020111CXY-7.17165.17165.3.0.dta	2020111CXY-7.17165.17165.3.0.dta	2020111CXY-7	17165	4597.29176	3822.53315	1274.84923	3	1	GTAGNALMDGASQLMGEJR	8,Oxidation[M];	1908.85384	5 4 1 0 0	(N(N(H(H(N(H)))(H(N(H(A)))))))	380	0 1 0 0 0;0 2 0 0 0;1 2 0 0 0;2 2 0 0 0;2 3 0 0 0;3 2 0 0 0;3 3 0 0 0;3 3 1 0 0;3 4 0 0 0;4 3 0 0 0;4 3 1 0 0;4 4 0 0 0;4 4 1 0 0;5 4 0 0 0;	1913.67702	18	11.36411	9.75862	14.34574	6	0.00229	0.59869	0.50000	0.30556	0.00000	0	0	14.34574	8.05424	12.16953	2.329729063139137e-11	0.003352891869237217	0.003352891869237217	sp|P02675|FIBB_HUMAN	394
2020111CXY-7.6822.6822.2.0.dta	2020111CXY-7.6822.6822.2.0.dta	2020111CXY-7	6822	1808.00460	3001.21646	1501.11187	2	1	GHVJITR		796.44241	5 4 2 0 0	(N(N(H(H(N(H(A))))(H(N(H(A)))))))	754	0 1 0 0 0;0 2 0 0 0;1 2 0 0 0;2 2 0 0 0;2 3 0 0 0;3 2 0 0 0;3 3 0 0 0;3 3 1 0 0;3 4 0 0 0;4 3 0 0 0;4 3 1 0 0;4 4 0 0 0;4 4 1 0 0;5 4 0 0 0;5 4 1 0 0;	2204.77244	4	12.32046	8.44270	19.52200	6	0.00160	0.53444	0.52941	0.50000	0.00000	0	0	19.52200	7.95199	13.11566	7.101927788538919e-15	0.003352891869237217	0.003352891869237217	sp|P00734|THRB_HUMAN	121
2020111CXY-7.13969.13969.3.0.dta	2020111CXY-7.13969.13969.3.0.dta	2020111CXY-7	13969	3731.58581	3971.53416	1324.51624	3	1	EDALJETR		947.44286	7 5 2 2 0	(N(N(H(N)(H(H)(H))(H(N(F)(H(A)))(N(F)(H(A)))))))	2079	0 1 0 0 0;0 2 0 0 0;1 2 0 0 0;1 3 0 0 0;2 2 0 0 0;2 3 0 0 0;2 3 0 1 0;2 4 0 0 0;2 4 0 1 0;2 4 0 2 0;2 5 0 0 0;2 5 0 1 0;2 5 0 2 0;3 2 0 0 0;3 3 0 0 0;3 3 0 1 0;3 3 1 0 0;3 3 1 1 0;3 4 0 0 0;3 4 0 1 0;3 4 0 2 0;3 4 1 0 0;3 4 1 1 0;3 4 1 2 0;3 5 0 0 0;3 5 0 1 0;3 5 0 2 0;3 5 1 0 0;3 5 1 1 0;3 5 1 2 0;4 2 0 0 0;4 3 0 0 0;4 3 0 1 0;4 3 1 0 0;4 3 1 1 0;4 4 0 0 0;4 4 0 1 0;4 4 0 2 0;4 4 1 0 0;4 4 1 1 0;4 4 1 2 0;4 4 2 0 0;4 4 2 1 0;4 4 2 2 0;4 5 0 0 0;4 5 0 1 0;4 5 0 2 0;4 5 1 0 0;4 5 1 1 0;4 5 1 2 0;4 5 2 0 0;4 5 2 1 0;4 5 2 2 0;5 2 0 0 0;5 3 0 0 0;5 3 0 1 0;5 3 1 0 0;5 3 1 1 0;5 4 0 0 0;5 4 0 1 0;5 4 0 2 0;5 4 1 0 0;5 4 1 1 0;5 4 1 2 0;5 4 2 0 0;5 4 2 1 0;5 4 2 2 0;5 5 0 0 0;5 5 0 1 0;5 5 0 2 0;5 5 1 0 0;5 5 1 1 0;5 5 1 2 0;5 5 2 0 0;5 5 2 1 0;5 5 2 2 0;6 3 0 0 0;6 3 0 1 0;6 3 1 0 0;6 3 1 1 0;6 4 0 0 0;6 4 0 1 0;6 4 0 2 0;6 4 1 0 0;6 4 1 1 0;6 4 1 2 0;6 4 2 0 0;6 4 2 1 0;6 4 2 2 0;6 5 0 0 0;6 5 0 1 0;6 5 0 2 0;6 5 1 0 0;6 5 1 1 0;6 5 1 2 0;6 5 2 0 0;6 5 2 1 0;6 5 2 2 0;7 4 0 0 0;7 4 0 1 0;7 4 0 2 0;7 4 1 0 0;7 4 1 1 0;7 4 1 2 0;7 4 2 0 0;7 4 2 1 0;7 4 2 2 0;7 5 0 0 0;7 5 0 1 0;7 5 0 2 0;7 5 1 0 0;7 5 1 1 0;7 5 1 2 0;7 5 2 0 0;7 5 2 1 0;	3024.07328	5	11.07295	11.04474	11.12533	7	0.01802	4.53652	0.10256	0.57143	0.00000	0	0	11.12533	8.23508	11.89646	3.4931706973041837e-09	0.0025996533795493936	0.0025996533795493936	sp|P10909|CLUS_HUMAN	86
2020111CXY-7.5257.5257.2.0.dta	2020111CXY-7.5257.5257.2.0.dta	2020111CXY-7	5257	1392.66272	2941.15944	1471.08336	2	1	LSSJSTK		736.38356	5 4 2 0 0	(N(N(H(H(N(H(A))))(H(N(H(A)))))))	754	0 1 0 0 0;0 2 0 0 0;1 2 0 0 0;2 2 0 0 0;2 3 0 0 0;3 2 0 0 0;3 3 0 0 0;3 3 1 0 0;3 4 0 0 0;4 3 0 0 0;4 3 1 0 0;4 4 0 0 0;4 4 1 0 0;5 4 0 0 0;5 4 1 0 0;	2204.77244	4	39.65493	47.35979	25.34590	7	0.00344	1.17096	0.52941	1.25000	0.00000	0	0	25.34590	15.23314	41.17824	1.0821427269796068e-18	0.0	1.0821427269796068e-18	sp|P13671|CO6_HUMAN	855
2020111CXY-7.14689.14689.3.0.dta	2020111CXY-7.14689.14689.3.0.dta	2020111CXY-7	14689	3926.39239	3855.55544	1285.85666	3	1	GTAGNALMDGASQLMGEJR	8,Oxidation[M];15,Oxidation[M];	1924.84875	6 4 0 1 0	(N(N(H(H(H))(H(N(H))(N(H)(F))))))	399	0 1 0 0 0;0 2 0 0 0;1 2 0 0 0;2 2 0 0 0;2 3 0 0 0;2 3 0 1 0;2 4 0 0 0;2 4 0 1 0;3 2 0 0 0;3 3 0 0 0;3 3 0 1 0;3 4 0 0 0;3 4 0 1 0;4 2 0 0 0;4 3 0 0 0;4 3 0 1 0;4 4 0 0 0;4 4 0 1 0;5 3 0 0 0;5 3 0 1 0;5 4 0 0 0;5 4 0 1 0;6 4 0 0 0;	1930.69234	18	26.41518	27.68288	24.06089	7	0.01435	3.72133	0.40000	0.47222	0.00000	0	0	24.06089	12.42616	27.65780	6.765622933964123e-18	0.0	6.765622933964123e-18	sp|P02675|FIBB_HUMAN	394
2020111CXY-7.11250.11250.3.0.dta	2020111CXY-7.11250.11250.3.0.dta	2020111CXY-7	11250	2998.81015	3484.35310	1162.12255	3	1	MDGASJVTCINSR	9,Carbamidomethyl[C];	1424.62567	5 4 1 1 0	(N(N(H(H(N(H)(F)))(H(N(H(A)))))))	550	0 1 0 0 0;0 2 0 0 0;1 2 0 0 0;2 2 0 0 0;2 3 0 0 0;2 3 0 1 0;3 2 0 0 0;3 3 0 0 0;3 3 0 1 0;3 3 1 0 0;3 4 0 0 0;3 4 0 1 0;4 3 0 0 0;4 3 0 1 0;4 3 1 0 0;4 4 0 0 0;4 4 0 1 0;4 4 1 0 0;4 4 1 1 0;5 4 0 0 0;5 4 0 1 0;5 4 1 0 0;	2059.73493	6	8.11808	8.98074	6.51599	5	-0.00751	-2.15400	0.25000	0.50000	0.00000	0	0	6.51599	8.05259	8.92334	2.7776306679227313e-06	0.003352891869237217	0.003352891869237217	sp|P08603|CFAH_HUMAN	1029
2020111CXY-7.18781.18781.3.3.dta	2020111CXY-7.18781.18781.3.3.dta	2020111CXY-7	18781	5031.18120	3696.54901	1232.85452	3	1	JLSMPLLPADFHK		1482.77735	5 5 0 1 1	(N(N(H(N)(H(H)(H))(H(N)(N(pH)(F))))))	6204	0 1 0 0 0;0 2 0 0 0;1 2 0 0 0;1 3 0 0 0;2 2 0 0 0;2 3 0 0 0;2 3 0 0 1;2 3 0 1 0;2 3 0 1 1;2 4 0 0 0;2 4 0 0 1;2 4 0 1 0;2 4 0 1 1;2 5 0 0 0;2 5 0 0 1;2 5 0 1 0;2 5 0 1 1;3 2 0 0 0;3 3 0 0 0;3 3 0 0 1;3 3 0 1 0;3 3 0 1 1;3 4 0 0 0;3 4 0 0 1;3 4 0 1 0;3 4 0 1 1;3 5 0 0 0;3 5 0 0 1;3 5 0 1 0;3 5 0 1 1;4 2 0 0 0;4 3 0 0 0;4 3 0 0 1;4 3 0 1 0;4 3 0 1 1;4 4 0 0 0;4 4 0 0 1;4 4 0 1 0;4 4 0 1 1;4 5 0 0 0;4 5 0 0 1;4 5 0 1 0;4 5 0 1 1;5 2 0 0 0;5 3 0 0 0;5 3 0 0 1;5 3 0 1 0;5 3 0 1 1;5 4 0 0 0;5 4 0 0 1;5 4 0 1 0;5 4 0 1 1;5 5 0 0 0;5 5 0 0 1;5 5 0 1 0;	2213.73804	1	16.69528	23.25603	4.51103	4	0.03362	9.09450	0.14035	0.62500	0.00000	0	0	4.51103	10.11223	17.70650	6.375974283463581e-05	0.0	6.375974283463581e-05	sp|P05546|HEP2_HUMAN	49
2020111CXY-7.18781.18781.3.0.dta	2020111CXY-7.18781.18781.3.0.dta	2020111CXY-7	18781	5031.18120	3698.55232	1233.52229	3	1	CGLVPVLAENYJK	1,Carbamidomethyl[C];	1476.75152	6 4 1 1 0	(N(N(H(H(N(H(H))))(H(N(F)(H(A)))))))	783	0 1 0 0 0;0 2 0 0 0;1 2 0 0 0;2 2 0 0 0;2 3 0 0 0;2 3 0 1 0;3 2 0 0 0;3 3 0 0 0;3 3 0 1 0;3 3 1 0 0;3 3 1 1 0;3 4 0 0 0;3 4 0 1 0;4 3 0 0 0;4 3 0 1 0;4 3 1 0 0;4 3 1 1 0;4 4 0 0 0;4 4 0 1 0;4 4 1 0 0;4 4 1 1 0;5 3 0 0 0;5 4 0 0 0;5 4 0 1 0;5 4 1 0 0;5 4 1 1 0;6 4 0 0 0;6 4 0 1 0;6 4 1 0 0;	2221.78776	12	42.29917	56.86964	15.23973	6	0.01305	3.52848	0.29032	0.87500	0.00000	0	0	15.23973	18.41780	44.14095	6.168914317937694e-12	0.0	6.168914317937694e-12	sp|P02787|TRFE_HUMAN	432
2020111CXY-7.18509.18509.3.1.dta	2020111CXY-7.18509.18509.3.1.dta	2020111CXY-7	18509	4957.90003	4126.74121	1376.25192	3	1	TLJQSSDELQLSMGNAMFVK		2213.05768	5 4 1 0 0	(N(N(H(H(N(H)))(H(N(H(A)))))))	380	0 1 0 0 0;0 2 0 0 0;1 2 0 0 0;2 2 0 0 0;2 3 0 0 0;3 2 0 0 0;3 3 0 0 0;3 3 1 0 0;3 4 0 0 0;4 3 0 0 0;4 3 1 0 0;4 4 0 0 0;4 4 1 0 0;5 4 0 0 0;	1913.67702	3	20.81135	31.02203	1.84866	3	0.00650	1.57594	0.25000	0.63158	0.00000	0	0	1.84866	14.98976	22.31033	0.0026916358968399642	0.0	0.0026916358968399642	sp|P01011|AACT_HUMAN	127
2020111CXY-7.18509.18509.3.0.dta	2020111CXY-7.18509.18509.3.0.dta	2020111CXY-7	18509	4957.90003	4128.59462	1376.86972	3	1	LGJWSAMPSCK	10,Carbamidomethyl[C];	1250.56564	7 5 2 1 0	(N(N(H(N)(H(H)(H))(H(N(H(A)))(N(F)(H(A)))))))	1849	0 1 0 0 0;0 2 0 0 0;1 2 0 0 0;1 3 0 0 0;2 2 0 0 0;2 3 0 0 0;2 3 0 1 0;2 4 0 0 0;2 4 0 1 0;2 5 0 0 0;2 5 0 1 0;3 2 0 0 0;3 3 0 0 0;3 3 0 1 0;3 3 1 0 0;3 3 1 1 0;3 4 0 0 0;3 4 0 1 0;3 4 1 0 0;3 4 1 1 0;3 5 0 0 0;3 5 0 1 0;3 5 1 0 0;3 5 1 1 0;4 2 0 0 0;4 3 0 0 0;4 3 0 1 0;4 3 1 0 0;4 3 1 1 0;4 4 0 0 0;4 4 0 1 0;4 4 1 0 0;4 4 1 1 0;4 4 2 0 0;4 4 2 1 0;4 5 0 0 0;4 5 0 1 0;4 5 1 0 0;4 5 1 1 0;4 5 2 0 0;4 5 2 1 0;5 2 0 0 0;5 3 0 0 0;5 3 0 1 0;5 3 1 0 0;5 3 1 1 0;5 4 0 0 0;5 4 0 1 0;5 4 1 0 0;5 4 1 1 0;5 4 2 0 0;5 4 2 1 0;5 5 0 0 0;5 5 0 1 0;5 5 1 0 0;5 5 1 1 0;5 5 2 0 0;5 5 2 1 0;6 3 0 0 0;6 3 0 1 0;6 3 1 0 0;6 3 1 1 0;6 4 0 0 0;6 4 0 1 0;6 4 1 0 0;6 4 1 1 0;6 4 2 0 0;6 4 2 1 0;6 5 0 0 0;6 5 0 1 0;6 5 1 0 0;6 5 1 1 0;6 5 2 0 0;6 5 2 1 0;7 4 0 0 0;7 4 0 1 0;7 4 1 0 0;7 4 1 1 0;7 4 2 0 0;7 4 2 1 0;7 5 0 0 0;7 5 0 1 0;7 5 1 0 0;7 5 1 1 0;7 5 2 0 0;	2878.01537	3	46.67665	60.49059	21.02218	7	0.01361	3.29622	0.16092	1.00000	0.00000	0	0	21.02218	19.56450	48.63310	5.424950786004266e-16	0.0	5.424950786004266e-16	sp|P02749|APOH_HUMAN	253
2020111CXY-7.9688.9688.2.0.dta	2020111CXY-7.9688.9688.2.0.dta	2020111CXY-7	9688	2577.37334	2967.19159	1484.09943	2	1	EEQFJSTFR		1157.52218	4 5 0 1 0	(N(F)(N(H(N)(H(N(H))(N(H))))))	291	0 1 0 0 0;0 1 0 1 0;0 2 0 0 0;0 2 0 1 0;1 2 0 0 0;1 2 0 1 0;1 3 0 0 0;1 3 0 1 0;2 2 0 0 0;2 2 0 1 0;2 3 0 0 0;2 3 0 1 0;2 4 0 0 0;2 4 0 1 0;2 5 0 0 0;2 5 0 1 0;3 3 0 0 0;3 3 0 1 0;3 4 0 0 0;3 4 0 1 0;3 5 0 0 0;3 5 0 1 0;4 4 0 0 0;4 4 0 1 0;4 5 0 0 0;	1809.66607	5	12.80820	13.28272	11.92695	7	0.00335	1.12871	0.25926	0.68750	0.00000	0	0	11.92695	9.21233	13.72943	1.2168571364740828e-09	0.0	1.2168571364740828e-09	sp|P01859|IGHG2_HUMAN	176
2020111CXY-7.7265.7265.2.0.dta	2020111CXY-7.7265.7265.2.0.dta	2020111CXY-7	7265	1926.98094	2268.91588	1134.96158	2	1	EEQFJSTYR		1173.51708	3 3 0 0 0	(N(N(H(H(N(H))))))	25	0 1 0 0 0;0 2 0 0 0;1 2 0 0 0;2 2 0 0 0;2 3 0 0 0;	1095.39659	5	23.37234	17.42223	34.42254	6	0.00221	0.97334	0.85714	0.68750	0.00000	0	0	34.42254	9.78574	24.35091	6.245161935280911e-25	0.0	6.245161935280911e-25	sp|P01861|IGHG4_HUMAN	177
2020111CXY-7.15340.15340.3.4.dta	2020111CXY-7.15340.15340.3.4.dta	2020111CXY-7	15340	4102.71051	4146.66828	1382.89428	3	1	GTAGNALMDGASQLMGEJR	8,Oxidation[M];15,Oxidation[M];	1924.84875	6 4 1 1 0	(N(N(H(H(N(H(H))))(H(N(F)(H(A)))))))	783	0 1 0 0 0;0 2 0 0 0;1 2 0 0 0;2 2 0 0 0;2 3 0 0 0;2 3 0 1 0;3 2 0 0 0;3 3 0 0 0;3 3 0 1 0;3 3 1 0 0;3 3 1 1 0;3 4 0 0 0;3 4 0 1 0;4 3 0 0 0;4 3 0 1 0;4 3 1 0 0;4 3 1 1 0;4 4 0 0 0;4 4 0 1 0;4 4 1 0 0;4 4 1 1 0;5 3 0 0 0;5 4 0 0 0;5 4 0 1 0;5 4 1 0 0;5 4 1 1 0;6 4 0 0 0;6 4 0 1 0;6 4 1 0 0;	2221.78776	18	20.95683	17.03260	28.24467	7	0.03177	7.66163	0.35484	0.27778	0.00000	0	0	28.24467	9.66445	21.92328	1.0714926360319613e-20	0.0	1.0714926360319613e-20	sp|P02675|FIBB_HUMAN	394
2020111CXY-7.3954.3954.4.1.dta	2020111CXY-7.3954.3954.4.1.dta	2020111CXY-7	3954	1043.96499	4484.73935	1121.94029	4	1	HSHNJJSSDLHPHK		1623.73709	6 5 3 0 0	(N(N(H(H(N(H(A))))(H(N(H(A)))(N(H(A)))))))	1823	0 1 0 0 0;0 2 0 0 0;1 2 0 0 0;2 2 0 0 0;2 3 0 0 0;2 4 0 0 0;3 2 0 0 0;3 3 0 0 0;3 3 1 0 0;3 4 0 0 0;3 4 1 0 0;3 5 0 0 0;4 3 0 0 0;4 3 1 0 0;4 4 0 0 0;4 4 1 0 0;4 4 2 0 0;4 5 0 0 0;4 5 1 0 0;5 4 0 0 0;5 4 1 0 0;5 4 2 0 0;5 5 0 0 0;5 5 1 0 0;5 5 2 0 0;6 5 0 0 0;6 5 1 0 0;6 5 2 0 0;	2861.00005	5	31.40953	17.28820	57.63487	7	0.00221	0.49222	0.53333	0.50000	0.00000	0	0	57.63487	10.33133	32.44266	1.2290344522787391e-40	0.0	1.2290344522787391e-40	sp|P04196|HRG_HUMAN	344
2020111CXY-7.5426.5426.3.0.dta	2020111CXY-7.5426.5426.3.0.dta	2020111CXY-7	5426	1436.79858	3149.21292	1050.40916	3	1	HJSTGCLR	6,Carbamidomethyl[C];	944.43667	5 4 2 0 0	(N(N(H(H(N(H(A))))(H(N(H(A)))))))	754	0 1 0 0 0;0 2 0 0 0;1 2 0 0 0;2 2 0 0 0;2 3 0 0 0;3 2 0 0 0;3 3 0 0 0;3 3 1 0 0;3 4 0 0 0;4 3 0 0 0;4 3 1 0 0;4 4 0 0 0;4 4 1 0 0;5 4 0 0 0;5 4 1 0 0;	2204.77244	2	31.61575	13.20649	65.80438	7	0.00380	1.20696	0.76471	0.64286	0.00000	0	0	65.80438	7.60846	32.37660	3.0307385777699502e-46	0.008045052292839904	0.008045052292839904	sp|P10909|CLUS_HUMAN	291
2020111CXY-7.6177.6177.3.0.dta	2020111CXY-7.6177.6177.3.0.dta	2020111CXY-7	6177	1635.26682	2999.18069	1000.39841	3	1	EEQYJSTYR		1189.51199	4 5 0 1 0	(N(F)(N(H(N)(H(N(H))(N(H))))))	291	0 1 0 0 0;0 1 0 1 0;0 2 0 0 0;0 2 0 1 0;1 2 0 0 0;1 2 0 1 0;1 3 0 0 0;1 3 0 1 0;2 2 0 0 0;2 2 0 1 0;2 3 0 0 0;2 3 0 1 0;2 4 0 0 0;2 4 0 1 0;2 5 0 0 0;2 5 0 1 0;3 3 0 0 0;3 3 0 1 0;3 4 0 0 0;3 4 0 1 0;3 5 0 0 0;3 5 0 1 0;4 4 0 0 0;4 4 0 1 0;4 5 0 0 0;	1809.66607	5	42.53398	49.08654	30.36495	7	0.00264	0.87861	0.48148	0.93750	0.00000	0	0	30.36495	15.42204	44.07618	3.6155216669593026e-22	0.0	3.6155216669593026e-22	sp|P01857|IGHG1_HUMAN	180
2020111CXY-7.9965.9965.2.0.dta	2020111CXY-7.9965.9965.2.0.dta	2020111CXY-7	9965	2652.35185	2602.05724	1301.53226	2	1	EEQFJSTFR		1157.52218	3 4 0 1 0	(N(N(H(H(N(H))(N(F))))))	90	0 1 0 0 0;0 2 0 0 0;1 2 0 0 0;2 2 0 0 0;2 3 0 0 0;2 3 0 1 0;2 4 0 0 0;2 4 0 1 0;3 3 0 0 0;3 4 0 0 0;	1444.53387	5	16.71743	12.34682	24.83430	6	0.00120	0.46005	0.50000	0.62500	0.00000	0	0	24.83430	8.22619	17.54005	2.5375694275187776e-18	0.0025996533795493936	0.0025996533795493936	sp|P01859|IGHG2_HUMAN	176
2020111CXY-7.7842.7842.3.0.dta	2020111CXY-7.7842.7842.3.0.dta	2020111CXY-7	7842	2081.92641	3452.32964	1151.44806	3	1	EEQYJSTYR		1189.51199	5 5 1 1 0	(N(F)(N(H(N)(H(N(H)))(H(N(H(A)))))))	824	0 1 0 0 0;0 1 0 1 0;0 2 0 0 0;0 2 0 1 0;1 2 0 0 0;1 2 0 1 0;1 3 0 0 0;1 3 0 1 0;2 2 0 0 0;2 2 0 1 0;2 3 0 0 0;2 3 0 1 0;2 4 0 0 0;2 4 0 1 0;3 2 0 0 0;3 2 0 1 0;3 3 0 0 0;3 3 0 1 0;3 3 1 0 0;3 3 1 1 0;3 4 0 0 0;3 4 0 1 0;3 4 1 0 0;3 4 1 1 0;3 5 0 0 0;3 5 0 1 0;4 3 0 0 0;4 3 0 1 0;4 3 1 0 0;4 3 1 1 0;4 4 0 0 0;4 4 0 1 0;4 4 1 0 0;4 4 1 1 0;4 5 0 0 0;4 5 0 1 0;4 5 1 0 0;4 5 1 1 0;5 4 0 0 0;5 4 0 1 0;5 4 1 0 0;5 4 1 1 0;5 5 0 0 0;5 5 0 1 0;5 5 1 0 0;	2262.81431	5	26.84138	21.92835	35.96557	8	0.00334	0.96809	0.38298	0.68750	0.00000	0	0	35.96557	10.61923	27.90330	5.982065354926258e-26	0.0	5.982065354926258e-26	sp|P01857|IGHG1_HUMAN	180
2020111CXY-7.6168.6168.3.0.dta	2020111CXY-7.6168.6168.3.0.dta	2020111CXY-7	6168	1632.92355	2837.12713	946.38056	3	1	EEQYJSTYR		1189.51199	3 5 0 1 0	(N(N(H(N)(H(N))(H(N(F))))))	181	0 1 0 0 0;0 2 0 0 0;1 2 0 0 0;1 3 0 0 0;2 2 0 0 0;2 3 0 0 0;2 3 0 1 0;2 4 0 0 0;2 4 0 1 0;3 2 0 0 0;3 3 0 0 0;3 3 0 1 0;3 4 0 0 0;3 4 0 1 0;3 5 0 0 0;	1647.61324	5	59.10317	71.78212	35.55653	7	0.00190	0.66953	0.58824	1.18750	0.00000	0	0	35.55653	21.06571	61.20974	1.1019740988544936e-25	0.0	1.1019740988544936e-25	sp|P01857|IGHG1_HUMAN	180
2020111CXY-7.15826.15826.3.0.dta	2020111CXY-7.15826.15826.3.0.dta	2020111CXY-7	15826	4234.17208	3471.58451	1157.86635	3	1	TVLTPATNHMGJVTFTIPANR		2255.16011	5 2 0 0 0	(N(N(H(H)(H(H)(H)))))	31	0 1 0 0 0;0 2 0 0 0;1 2 0 0 0;2 2 0 0 0;3 2 0 0 0;4 2 0 0 0;	1216.42286	12	24.85473	33.21357	9.33116	5	0.00153	0.44075	0.62500	0.52500	0.00000	0	0	9.33116	15.04116	26.35885	5.4968587909014866e-08	0.0	5.4968587909014866e-08	sp|P01024|CO3_HUMAN	85
2020111CXY-7.18869.18869.3.0.dta	2020111CXY-7.18869.18869.3.0.dta	2020111CXY-7	18869	5054.81751	4036.77542	1346.26332	3	1	VDKDLQSLEDILHQVEJK		2123.09789	5 4 1 0 0	(N(N(H(H(N(H)))(H(N(H(A)))))))	380	0 1 0 0 0;0 2 0 0 0;1 2 0 0 0;2 2 0 0 0;2 3 0 0 0;3 2 0 0 0;3 3 0 0 0;3 3 1 0 0;3 4 0 0 0;4 3 0 0 0;4 3 1 0 0;4 4 0 0 0;4 4 1 0 0;5 4 0 0 0;	1913.67702	17	55.74210	65.78590	37.08934	7	0.00051	0.12646	0.68750	0.79412	0.00000	0	0	37.08934	23.22153	58.06425	1.0197831269772343e-26	0.0	1.0197831269772343e-26	sp|P02679|FIBG_HUMAN	78
2020111CXY-7.14416.14416.3.0.dta	2020111CXY-7.14416.14416.3.0.dta	2020111CXY-7	14416	3852.46197	3069.23088	1023.74848	3	1	GVNFJVSK		864.45739	5 4 2 0 0	(N(N(H(H(N(H(A))))(H(N(H(A)))))))	754	0 1 0 0 0;0 2 0 0 0;1 2 0 0 0;2 2 0 0 0;2 3 0 0 0;3 2 0 0 0;3 3 0 0 0;3 3 1 0 0;3 4 0 0 0;4 3 0 0 0;4 3 1 0 0;4 4 0 0 0;4 4 1 0 0;5 4 0 0 0;5 4 1 0 0;	2204.77244	5	17.15182	14.99899	21.14995	7	0.00105	0.34307	0.47059	0.64286	0.00000	0	0	21.14995	8.04251	17.95607	4.470706147254447e-16	0.003352891869237217	0.003352891869237217	sp|P03952|KLKB1_HUMAN	127
2020111CXY-7.18286.18286.4.0.dta	2020111CXY-7.18286.18286.4.0.dta	2020111CXY-7	18286	4897.59627	4719.90075	1180.73064	4	1	QQQHLFGSJVTDCSGJFCLFR	13,Carbamidomethyl[C];18,Carbamidomethyl[C];	2515.12414	5 4 2 0 0	(N(N(H(H(N(H(A))))(H(N(H(A)))))))	754	0 1 0 0 0;0 2 0 0 0;1 2 0 0 0;2 2 0 0 0;2 3 0 0 0;3 2 0 0 0;3 3 0 0 0;3 3 1 0 0;3 4 0 0 0;4 3 0 0 0;4 3 1 0 0;4 4 0 0 0;4 4 1 0 0;5 4 0 0 0;5 4 1 0 0;	2204.77244	9	44.39674	55.06172	24.59034	7	0.00417	0.88306	0.41176	0.70000	0.00000	0	0	24.59034	21.25998	46.52274	4.052027127527162e-18	0.0	4.052027127527162e-18	sp|P02787|TRFE_HUMAN	630
2020111CXY-7.11027.11027.3.0.dta	2020111CXY-7.11027.11027.3.0.dta	2020111CXY-7	11027	2938.24226	3782.42295	1261.47917	3	1	ISEEJETTCYMGK	9,Carbamidomethyl[C];11,Oxidation[M];	1577.64579	5 4 2 0 0	(N(N(H(H(N(H(A))))(H(N(H(A)))))))	754	0 1 0 0 0;0 2 0 0 0;1 2 0 0 0;2 2 0 0 0;2 3 0 0 0;3 2 0 0 0;3 3 0 0 0;3 3 1 0 0;3 4 0 0 0;4 3 0 0 0;4 3 1 0 0;4 4 0 0 0;4 4 1 0 0;5 4 0 0 0;5 4 1 0 0;	2204.77244	5	26.67126	29.65249	21.13470	6	0.00472	1.24760	0.47059	0.79167	0.00000	0	0	21.13470	12.50750	27.92201	4.695527527135498e-16	0.0	4.695527527135498e-16	sp|P08603|CFAH_HUMAN	911
2020111CXY-7.16986.16986.3.0.dta	2020111CXY-7.16986.16986.3.0.dta	2020111CXY-7	16986	4548.53345	3390.43241	1130.81566	3	1	CGLVPVLAENYJK	1,Carbamidomethyl[C];	1476.75152	5 4 1 0 0	(N(N(H(H(N(H)))(H(N(H(A)))))))	380	0 1 0 0 0;0 2 0 0 0;1 2 0 0 0;2 2 0 0 0;2 3 0 0 0;3 2 0 0 0;3 3 0 0 0;3 3 1 0 0;3 4 0 0 0;4 3 0 0 0;4 3 1 0 0;4 4 0 0 0;4 4 1 0 0;5 4 0 0 0;	1913.67702	12	57.66416	80.85877	14.58846	5	0.00387	1.14189	0.50000	0.91667	0.00000	0	0	14.58846	24.73015	60.13717	1.7307167048239056e-11	0.0	1.7307167048239056e-11	sp|P02787|TRFE_HUMAN	432
2020111CXY-7.9653.9653.2.0.dta	2020111CXY-7.9653.9653.2.0.dta	2020111CXY-7	9653	2567.90703	3071.20285	1536.10506	2	1	EEQFJSTYR		1173.51708	4 4 1 1 0	(N(F)(N(H(H(N))(H(N(H(A)))))))	369	0 1 0 0 0;0 1 0 1 0;0 2 0 0 0;0 2 0 1 0;1 2 0 0 0;1 2 0 1 0;2 2 0 0 0;2 2 0 1 0;2 3 0 0 0;2 3 0 1 0;3 2 0 0 0;3 2 0 1 0;3 3 0 0 0;3 3 0 1 0;3 3 1 0 0;3 3 1 1 0;3 4 0 0 0;3 4 0 1 0;4 3 0 0 0;4 3 0 1 0;4 3 1 0 0;4 3 1 1 0;4 4 0 0 0;4 4 0 1 0;4 4 1 0 0;	1897.68211	5	38.27832	36.07560	42.36910	8	0.00366	1.19013	0.55556	0.81250	0.00000	0	0	42.36910	14.30463	39.70878	2.5088482094406143e-30	0.0	2.5088482094406143e-30	sp|P01861|IGHG4_HUMAN	177
2020111CXY-7.7439.7439.3.0.dta	2020111CXY-7.7439.7439.3.0.dta	2020111CXY-7	7439	1973.72795	2780.10676	927.37377	3	1	EEQFJSTYR		1173.51708	4 4 0 1 0	(N(F)(N(H(H(N))(H(N(H))))))	158	0 1 0 0 0;0 1 0 1 0;0 2 0 0 0;0 2 0 1 0;1 2 0 0 0;1 2 0 1 0;2 2 0 0 0;2 2 0 1 0;2 3 0 0 0;2 3 0 1 0;3 2 0 0 0;3 2 0 1 0;3 3 0 0 0;3 3 0 1 0;3 4 0 0 0;3 4 0 1 0;4 3 0 0 0;4 3 0 1 0;4 4 0 0 0;	1606.58669	5	30.95279	22.16081	47.28076	9	0.00299	1.07465	0.61905	0.75000	0.00000	0	0	47.28076	10.15447	31.96824	5.9840669724603795e-34	0.0	5.9840669724603795e-34	sp|P01861|IGHG4_HUMAN	177
2020111CXY-7.3648.3648.3.0.dta	2020111CXY-7.3648.3648.3.0.dta	2020111CXY-7	3648	962.01831	3069.25386	1023.75614	3	1	YKJNSDISSTR		1284.61786	6 4 0 0 0	(N(N(H(N)(H(H)(H))(H(N(H))))))	277	0 1 0 0 0;0 2 0 0 0;1 2 0 0 0;1 3 0 0 0;2 2 0 0 0;2 3 0 0 0;2 4 0 0 0;3 2 0 0 0;3 3 0 0 0;3 4 0 0 0;4 2 0 0 0;4 3 0 0 0;4 4 0 0 0;5 2 0 0 0;5 3 0 0 0;5 4 0 0 0;6 3 0 0 0;	1784.63443	3	48.00416	35.55731	71.11972	7	0.00157	0.51041	0.78947	0.90000	0.00000	0	0	71.11972	14.33616	49.43778	5.404731854077636e-50	0.0	5.404731854077636e-50	sp|P01871|IGHM_HUMAN	46
2020111CXY-7.18229.18229.4.2.dta	2020111CXY-7.18229.18229.4.2.dta	2020111CXY-7	18229	4882.57547	5247.12601	1312.53696	4	1	QQQHLFGSJVTDCSGJFCLFR	13,Carbamidomethyl[C];18,Carbamidomethyl[C];	2515.12414	7 5 2 0 0	(N(N(H(N)(H(H)(H))(H(N(H(A)))(N(H(A)))))))	1606	0 1 0 0 0;0 2 0 0 0;1 2 0 0 0;1 3 0 0 0;2 2 0 0 0;2 3 0 0 0;2 4 0 0 0;2 5 0 0 0;3 2 0 0 0;3 3 0 0 0;3 3 1 0 0;3 4 0 0 0;3 4 1 0 0;3 5 0 0 0;3 5 1 0 0;4 2 0 0 0;4 3 0 0 0;4 3 1 0 0;4 4 0 0 0;4 4 1 0 0;4 4 2 0 0;4 5 0 0 0;4 5 1 0 0;4 5 2 0 0;5 2 0 0 0;5 3 0 0 0;5 3 1 0 0;5 4 0 0 0;5 4 1 0 0;5 4 2 0 0;5 5 0 0 0;5 5 1 0 0;5 5 2 0 0;6 3 0 0 0;6 3 1 0 0;6 4 0 0 0;6 4 1 0 0;6 4 2 0 0;6 5 0 0 0;6 5 1 0 0;6 5 2 0 0;7 4 0 0 0;7 4 1 0 0;7 4 2 0 0;7 5 0 0 0;7 5 1 0 0;	2731.95746	16	27.90418	39.86407	5.69297	5	0.04441	8.46417	0.16667	0.67500	0.00000	0	0	5.69297	15.62636	29.46682	1.0561834657634436e-05	0.0	1.0561834657634436e-05	sp|P02787|TRFE_HUMAN	637
2020111CXY-7.13968.13968.3.0.dta	2020111CXY-7.13968.13968.3.0.dta	2020111CXY-7	13968	3731.30621	4448.96599	1483.66018	3	1	VYIHPFHLVIHJESTCEQLAK	16,Carbamidomethyl[C];	2535.28128	5 4 1 0 0	(N(N(H(H(N(H)))(H(N(H(A)))))))	380	0 1 0 0 0;0 2 0 0 0;1 2 0 0 0;2 2 0 0 0;2 3 0 0 0;3 2 0 0 0;3 3 0 0 0;3 3 1 0 0;3 4 0 0 0;4 3 0 0 0;4 3 1 0 0;4 4 0 0 0;4 4 1 0 0;5 4 0 0 0;	1913.67702	12	67.35537	72.83596	57.17712	7	0.00768	1.72725	0.75000	0.77500	0.00000	0	0	57.17712	25.13605	69.86897	2.2821900065786416e-40	0.0	2.2821900065786416e-40	sp|P01019|ANGT_HUMAN	47
2020111CXY-7.8088.8088.2.0.dta	2020111CXY-7.8088.8088.2.0.dta	2020111CXY-7	8088	2147.99732	2563.99906	1282.50317	2	1	CJYSIR	1,Carbamidomethyl[C];	812.37194	4 4 1 0 0	(N(N(H(H)(H(N)(N(H(A)))))))	240	0 1 0 0 0;0 2 0 0 0;1 2 0 0 0;2 2 0 0 0;2 3 0 0 0;2 4 0 0 0;3 2 0 0 0;3 3 0 0 0;3 3 1 0 0;3 4 0 0 0;3 4 1 0 0;4 3 0 0 0;4 3 1 0 0;4 4 0 0 0;	1751.62420	2	32.28632	29.47911	37.49970	7	0.00292	1.13882	0.56250	1.00000	0.00000	0	0	37.49970	10.83876	33.37020	4.721487796611027e-27	0.0	4.721487796611027e-27	sp|P00736|C1R_HUMAN	221
2020111CXY-7.18948.18948.3.0.dta	2020111CXY-7.18948.18948.3.0.dta	2020111CXY-7	18948	5076.13208	4477.82836	1493.28097	3	1	EJLTAPGSDSAVFFEQGTTR		2126.99890	12 2 0 0 0	(N(N(H(H(H))(H(H(H(H)))(H(H(H(H(H)))))))))	962	0 1 0 0 0;0 2 0 0 0;1 2 0 0 0;2 2 0 0 0;3 2 0 0 0;4 2 0 0 0;5 2 0 0 0;6 2 0 0 0;7 2 0 0 0;8 2 0 0 0;9 2 0 0 0;10 2 0 0 0;11 2 0 0 0;	2350.79263	2	14.98110	22.32518	1.34208	3	0.03683	8.22498	0.20000	0.55263	0.00000	0	0	1.34208	10.57858	16.03896	0.004732089832905549	0.0	0.004732089832905549	sp|P00450|CERU_HUMAN	397
2020111CXY-7.9603.9603.2.0.dta	2020111CXY-7.9603.9603.2.0.dta	2020111CXY-7	9603	2554.47840	2805.13860	1403.07294	2	1	EEQFJSTFR		1157.52218	3 5 0 1 0	(N(N(H(N)(H(N))(H(N(F))))))	181	0 1 0 0 0;0 2 0 0 0;1 2 0 0 0;1 3 0 0 0;2 2 0 0 0;2 3 0 0 0;2 3 0 1 0;2 4 0 0 0;2 4 0 1 0;3 2 0 0 0;3 3 0 0 0;3 3 0 1 0;3 4 0 0 0;3 4 0 1 0;3 5 0 0 0;	1647.61324	5	55.85230	67.83078	33.60653	6	0.00318	1.13383	0.64706	1.12500	0.00000	0	0	33.60653	17.80288	57.63259	1.9735508586776896e-24	0.0	1.9735508586776896e-24	sp|P01859|IGHG2_HUMAN	176
2020111CXY-7.9093.9093.3.2.dta	2020111CXY-7.9093.9093.3.2.dta	2020111CXY-7	9093	2418.69294	3242.30861	1081.44106	3	1	FLNJGTCTAEGK	7,Carbamidomethyl[C];	1311.59978	6 4 0 1 0	(N(N(H(H(H))(H(N(H))(N(H)(F))))))	399	0 1 0 0 0;0 2 0 0 0;1 2 0 0 0;2 2 0 0 0;2 3 0 0 0;2 3 0 1 0;2 4 0 0 0;2 4 0 1 0;3 2 0 0 0;3 3 0 0 0;3 3 0 1 0;3 4 0 0 0;3 4 0 1 0;4 2 0 0 0;4 3 0 0 0;4 3 0 1 0;4 4 0 0 0;4 4 0 1 0;5 3 0 0 0;5 3 0 1 0;5 4 0 0 0;5 4 0 1 0;6 4 0 0 0;	1930.69234	4	39.57383	44.47376	30.47398	7	0.01650	5.08767	0.40000	0.95455	0.00000	0	0	30.47398	16.11738	41.18557	2.5703436267101155e-22	0.0	2.5703436267101155e-22	sp|P05156|CFAI_HUMAN	103
2020111CXY-7.16772.16772.3.0.dta	2020111CXY-7.16772.16772.3.0.dta	2020111CXY-7	16772	4490.54220	3708.69285	1236.90247	3	1	VVLHPJYSQVDIGLIK		1795.01124	5 4 1 0 0	(N(N(H(H(N(H)))(H(N(H(A)))))))	380	0 1 0 0 0;0 2 0 0 0;1 2 0 0 0;2 2 0 0 0;2 3 0 0 0;3 2 0 0 0;3 3 0 0 0;3 3 1 0 0;3 4 0 0 0;4 3 0 0 0;4 3 1 0 0;4 4 0 0 0;4 4 1 0 0;5 4 0 0 0;	1913.67702	6	49.79411	69.19072	13.77182	6	0.00459	1.23777	0.37500	0.83333	0.00000	0	0	13.77182	22.11110	52.00522	5.318207572824642e-11	0.0	5.318207572824642e-11	sp|P00738|HPT_HUMAN	241
2020111CXY-7.4980.4980.3.1.dta	2020111CXY-7.4980.4980.3.1.dta	2020111CXY-7	4980	1318.61656	3165.26550	1055.76002	3	1	YKJNSDISSTR		1284.61786	3 4 2 0 0	(N(N(H(H(N(A)))(H(N(A))))))	353	0 1 0 0 0;0 2 0 0 0;1 2 0 0 0;2 2 0 0 0;2 3 0 0 0;2 3 1 0 0;3 2 0 0 0;3 3 0 0 0;3 3 1 0 0;3 4 0 0 0;3 4 1 0 0;	1880.66679	3	25.80370	33.19875	12.07006	5	-0.01915	-6.05010	0.38462	0.90000	0.00000	0	0	12.07006	13.45217	27.14892	1.0007159834448225e-09	0.0	1.0007159834448225e-09	sp|P01871|IGHM_HUMAN	46
2020111CXY-7.17034.17034.3.0.dta	2020111CXY-7.17034.17034.3.0.dta	2020111CXY-7	17034	4561.58987	4826.03292	1609.34916	3	1	HGIQYFNJNTQHSSLFMLNEVK		2621.25652	5 4 2 0 0	(N(N(H(H(N(H(A))))(H(N(H(A)))))))	754	0 1 0 0 0;0 2 0 0 0;1 2 0 0 0;2 2 0 0 0;2 3 0 0 0;3 2 0 0 0;3 3 0 0 0;3 3 1 0 0;3 4 0 0 0;4 3 0 0 0;4 3 1 0 0;4 4 0 0 0;4 4 1 0 0;5 4 0 0 0;5 4 1 0 0;	2204.77244	8	25.98175	36.42834	6.58096	4	0.00396	0.81971	0.35294	0.59524	0.00000	0	0	6.58096	16.69349	27.65110	2.5871339191887415e-06	0.0	2.5871339191887415e-06	sp|P01042|KNG1_HUMAN	169
2020111CXY-7.11669.11669.3.0.dta	2020111CXY-7.11669.11669.3.0.dta	2020111CXY-7	11669	3112.02138	4624.94399	1542.31951	3	1	YPHKPEIJSTTHPGADLQEJFCR	22,Carbamidomethyl[C];	2711.26307	5 4 1 0 0	(N(N(H(H(N(H)))(H(N(H(A)))))))	380	0 1 0 0 0;0 2 0 0 0;1 2 0 0 0;2 2 0 0 0;2 3 0 0 0;3 2 0 0 0;3 3 0 0 0;3 3 1 0 0;3 4 0 0 0;4 3 0 0 0;4 3 1 0 0;4 4 0 0 0;4 4 1 0 0;5 4 0 0 0;	1913.67702	8	43.47524	49.63961	32.02711	7	0.00390	0.84250	0.62500	0.70455	0.00000	0	0	32.02711	19.62350	45.43759	2.1289952208416622e-23	0.0	2.1289952208416622e-23	sp|P00734|THRB_HUMAN	143
2020111CXY-7.9931.9931.2.0.dta	2020111CXY-7.9931.9931.2.0.dta	2020111CXY-7	9931	2643.22175	2833.25360	1417.13044	2	1	QSVPAHFVALJGSK		1454.77504	6 2 0 0 0	(N(N(H(H)(H(H)(H(H))))))	60	0 1 0 0 0;0 2 0 0 0;1 2 0 0 0;2 2 0 0 0;3 2 0 0 0;4 2 0 0 0;5 2 0 0 0;	1378.47569	11	77.15467	93.75321	46.32879	7	0.00288	1.01638	1.00000	1.03846	0.00000	0	0	46.32879	28.12650	79.96732	4.4684390890473245e-33	0.0	4.4684390890473245e-33	sp|P06681|CO2_HUMAN	621
2020111CXY-7.9040.9040.3.0.dta	2020111CXY-7.9040.9040.3.0.dta	2020111CXY-7	9040	2404.38744	2764.11122	922.04192	3	1	EEQFJSTFR		1157.52218	4 4 0 1 0	(N(N(H(H(N))(H(N(H(F)))))))	161	0 1 0 0 0;0 2 0 0 0;1 2 0 0 0;2 2 0 0 0;2 3 0 0 0;3 2 0 0 0;3 3 0 0 0;3 3 0 1 0;3 4 0 0 0;4 3 0 0 0;4 3 0 1 0;4 4 0 0 0;	1606.58669	5	27.56040	22.68785	36.60943	7	0.00235	0.85005	0.64286	0.62500	0.00000	0	0	36.60943	10.68720	28.62912	2.759276297171064e-26	0.0	2.759276297171064e-26	sp|P01859|IGHG2_HUMAN	176
2020111CXY-7.14297.14297.3.0.dta	2020111CXY-7.14297.14297.3.0.dta	2020111CXY-7	14297	3820.15344	3649.63405	1217.21620	3	1	TVLTPATNHMGJVTFTIPANR	10,Oxidation[M];	2271.15503	6 2 0 0 0	(N(N(H(H)(H(H)(H(H))))))	60	0 1 0 0 0;0 2 0 0 0;1 2 0 0 0;2 2 0 0 0;3 2 0 0 0;4 2 0 0 0;5 2 0 0 0;	1378.47569	12	13.23658	15.59397	8.85856	5	0.00334	0.91479	0.55556	0.37500	0.00000	0	0	8.85856	10.84411	14.32099	1.0669682880617915e-07	0.0	1.0669682880617915e-07	sp|P01024|CO3_HUMAN	85
2020111CXY-7.13042.13042.4.6.dta	2020111CXY-7.13042.13042.4.6.dta	2020111CXY-7	13042	3480.96705	4242.78329	1061.45128	4	1	IPCSQPPQIEHGTIJSSR	3,Carbamidomethyl[C];	2020.98690	6 4 1 1 0	(N(N(H(H(N(H(H))))(H(N(F)(H(A)))))))	783	0 1 0 0 0;0 2 0 0 0;1 2 0 0 0;2 2 0 0 0;2 3 0 0 0;2 3 0 1 0;3 2 0 0 0;3 3 0 0 0;3 3 0 1 0;3 3 1 0 0;3 3 1 1 0;3 4 0 0 0;3 4 0 1 0;4 3 0 0 0;4 3 0 1 0;4 3 1 0 0;4 3 1 1 0;4 4 0 0 0;4 4 0 1 0;4 4 1 0 0;4 4 1 1 0;5 3 0 0 0;5 4 0 0 0;5 4 0 1 0;5 4 1 0 0;5 4 1 1 0;6 4 0 0 0;6 4 0 1 0;6 4 1 0 0;	2221.78776	15	19.63073	13.93482	30.20886	7	0.00863	2.03457	0.32258	0.29412	0.00000	0	0	30.20886	9.23657	20.55439	4.458008466454661e-22	0.0	4.458008466454661e-22	sp|P08603|CFAH_HUMAN	882
2020111CXY-7.19572.19572.3.0.dta	2020111CXY-7.19572.19572.3.0.dta	2020111CXY-7	19572	5243.65822	3694.56657	1232.19371	3	1	DLQSLEDILHQVEJK		1780.90757	5 4 1 0 0	(N(N(H(H(N(H)))(H(N(H(A)))))))	380	0 1 0 0 0;0 2 0 0 0;1 2 0 0 0;2 2 0 0 0;2 3 0 0 0;3 2 0 0 0;3 3 0 0 0;3 3 1 0 0;3 4 0 0 0;4 3 0 0 0;4 3 1 0 0;4 4 0 0 0;4 4 1 0 0;5 4 0 0 0;	1913.67702	14	13.49197	14.88501	10.90491	5	-0.01802	-4.87838	0.43750	0.42857	0.00000	0	0	10.90491	9.40009	14.43198	4.905671664838674e-09	0.0	4.905671664838674e-09	sp|P02679|FIBG_HUMAN	78
2020111CXY-7.7280.7280.2.0.dta	2020111CXY-7.7280.7280.2.0.dta	2020111CXY-7	7280	1931.05676	2584.11525	1292.56126	2	1	TLLJASR		774.44683	4 5 0 1 0	(N(F)(N(H(N)(H(N(H))(N(H))))))	291	0 1 0 0 0;0 1 0 1 0;0 2 0 0 0;0 2 0 1 0;1 2 0 0 0;1 2 0 1 0;1 3 0 0 0;1 3 0 1 0;2 2 0 0 0;2 2 0 1 0;2 3 0 0 0;2 3 0 1 0;2 4 0 0 0;2 4 0 1 0;2 5 0 0 0;2 5 0 1 0;3 3 0 0 0;3 3 0 1 0;3 4 0 0 0;3 4 0 1 0;3 5 0 0 0;3 5 0 1 0;4 4 0 0 0;4 4 0 1 0;4 5 0 0 0;	1809.66607	4	13.97664	11.46564	18.63993	7	0.00236	0.91138	0.37037	0.66667	0.00000	0	0	18.63993	8.51392	14.82803	2.6971062057509316e-14	0.0009208103130755065	0.0009208103130755065	sp|P01880|IGHD_HUMAN	367
2020111CXY-7.17216.17216.4.1.dta	2020111CXY-7.17216.17216.4.1.dta	2020111CXY-7	17216	4611.06775	3928.64746	982.91732	4	1	VIDFJCTTSSVSSALANTK	6,Carbamidomethyl[C];	2014.97500	5 4 1 0 0	(N(N(H(H(N(H)))(H(N(H(A)))))))	380	0 1 0 0 0;0 2 0 0 0;1 2 0 0 0;2 2 0 0 0;2 3 0 0 0;3 2 0 0 0;3 3 0 0 0;3 3 1 0 0;3 4 0 0 0;4 3 0 0 0;4 3 1 0 0;4 4 0 0 0;4 4 1 0 0;5 4 0 0 0;	1913.67702	5	43.42356	65.07110	3.22099	4	-0.00456	-1.16185	0.25000	0.91667	0.00000	0	0	3.22099	23.39222	45.76278	0.0005631968096561479	0.0	0.0005631968096561479	sp|P04196|HRG_HUMAN	125
2020111CXY-7.17781.17781.3.0.dta	2020111CXY-7.17781.17781.3.0.dta	2020111CXY-7	17781	4762.32776	3708.69119	1236.90191	3	1	VVLHPJYSQVDIGLIK		1795.01124	5 4 1 0 0	(N(N(H(H(N(H)))(H(N(H(A)))))))	380	0 1 0 0 0;0 2 0 0 0;1 2 0 0 0;2 2 0 0 0;2 3 0 0 0;3 2 0 0 0;3 3 0 0 0;3 3 1 0 0;3 4 0 0 0;4 3 0 0 0;4 3 1 0 0;4 4 0 0 0;4 4 1 0 0;5 4 0 0 0;	1913.67702	6	32.46365	29.73264	37.53553	7	0.00293	0.79044	0.75000	0.66667	0.00000	0	0	37.53553	13.59326	33.82298	4.428056827510605e-27	0.0	4.428056827510605e-27	sp|P00738|HPT_HUMAN	241
2020111CXY-7.17682.17682.3.0.dta	2020111CXY-7.17682.17682.3.0.dta	2020111CXY-7	17682	4735.94074	5249.29978	1750.43811	3	1	MVSHHJLTTGATLINEQWLLTTAK		2679.39230	6 5 2 0 0	(N(N(H(H(N(H(A))))(H(N(H))(N(H(A)))))))	1338	0 1 0 0 0;0 2 0 0 0;1 2 0 0 0;2 2 0 0 0;2 3 0 0 0;2 4 0 0 0;3 2 0 0 0;3 3 0 0 0;3 3 1 0 0;3 4 0 0 0;3 4 1 0 0;3 5 0 0 0;4 3 0 0 0;4 3 1 0 0;4 4 0 0 0;4 4 1 0 0;4 5 0 0 0;4 5 1 0 0;5 4 0 0 0;5 4 1 0 0;5 4 2 0 0;5 5 0 0 0;5 5 1 0 0;5 5 2 0 0;6 5 0 0 0;6 5 1 0 0;	2569.90464	6	8.84524	13.07477	0.99041	3	0.00284	0.54083	0.10714	0.36957	0.00000	0	0	0.99041	9.10923	9.75616	0.008764032905367628	0.0	0.008764032905367628	sp|P00739|HPTR_HUMAN/sp|P00738|HPT_HUMAN	126/184
2020111CXY-7.11717.11717.5.0.dta	2020111CXY-7.11717.11717.5.0.dta	2020111CXY-7	11717	3125.01157	4624.94278	925.79438	5	1	YPHKPEIJSTTHPGADLQEJFCR	22,Carbamidomethyl[C];	2711.26307	5 4 1 0 0	(N(N(H(H(N(H)))(H(N(H(A)))))))	380	0 1 0 0 0;0 2 0 0 0;1 2 0 0 0;2 2 0 0 0;2 3 0 0 0;3 2 0 0 0;3 3 0 0 0;3 3 1 0 0;3 4 0 0 0;4 3 0 0 0;4 3 1 0 0;4 4 0 0 0;4 4 1 0 0;5 4 0 0 0;	1913.67702	8	48.80646	61.18278	25.82188	6	0.00269	0.58066	0.56250	0.75000	0.00000	0	0	25.82188	21.61263	50.96772	4.80295362528308e-19	0.0	4.80295362528308e-19	sp|P00734|THRB_HUMAN	143
2020111CXY-7.5020.5020.2.0.dta	2020111CXY-7.5020.5020.2.0.dta	2020111CXY-7	5020	1329.41695	2710.12179	1355.56453	2	1	GHVJITR		796.44241	5 4 1 0 0	(N(N(H(H(N(H)))(H(N(H(A)))))))	380	0 1 0 0 0;0 2 0 0 0;1 2 0 0 0;2 2 0 0 0;2 3 0 0 0;3 2 0 0 0;3 3 0 0 0;3 3 1 0 0;3 4 0 0 0;4 3 0 0 0;4 3 1 0 0;4 4 0 0 0;4 4 1 0 0;5 4 0 0 0;	1913.67702	4	41.04223	27.10343	66.92859	7	0.00235	0.86804	0.81250	0.75000	0.00000	0	0	66.92859	11.27030	42.16926	3.2323791209067634e-47	0.0	3.2323791209067634e-47	sp|P00734|THRB_HUMAN	121
2020111CXY-7.12008.12008.3.0.dta	2020111CXY-7.12008.12008.3.0.dta	2020111CXY-7	12008	3203.48025	2852.12716	951.38057	3	1	EEQFJSTFR		1157.52218	4 3 1 1 0	(N(F)(N(H(H)(H(N(H(A)))))))	198	0 1 0 0 0;0 1 0 1 0;0 2 0 0 0;0 2 0 1 0;1 2 0 0 0;1 2 0 1 0;2 2 0 0 0;2 2 0 1 0;2 3 0 0 0;2 3 0 1 0;3 2 0 0 0;3 2 0 1 0;3 3 0 0 0;3 3 0 1 0;3 3 1 0 0;3 3 1 1 0;4 3 0 0 0;4 3 0 1 0;4 3 1 0 0;	1694.60274	5	21.30834	16.40293	30.41839	8	0.00225	0.78876	0.52381	0.56250	0.00000	0	0	30.41839	9.01383	22.20972	3.252506133206208e-22	0.0	3.252506133206208e-22	sp|P01859|IGHG2_HUMAN	176
2020111CXY-7.11299.11299.3.0.dta	2020111CXY-7.11299.11299.3.0.dta	2020111CXY-7	11299	3012.17578	3054.27754	1018.76403	3	1	EJISDPTSPLR		1228.61681	5 5 0 0 0	(N(N(H(N)(H(N(H)))(H(N(H))))))	309	0 1 0 0 0;0 2 0 0 0;1 2 0 0 0;1 3 0 0 0;2 2 0 0 0;2 3 0 0 0;2 4 0 0 0;3 2 0 0 0;3 3 0 0 0;3 4 0 0 0;3 5 0 0 0;4 3 0 0 0;4 4 0 0 0;4 5 0 0 0;5 4 0 0 0;	1825.66098	2	12.14881	13.15494	10.28028	5	-0.00024	-0.08005	0.35294	0.60000	0.00000	0	0	10.28028	8.37885	12.98669	1.2854999079340275e-08	0.0018165304268846503	0.0018165304268846503	sp|P01591|IGJ_HUMAN	71
2020111CXY-7.14238.14238.3.0.dta	2020111CXY-7.14238.14238.3.0.dta	2020111CXY-7	14238	3804.11167	4226.78255	1409.59903	3	1	ELHHLQEQJVSNAFLDK		2022.00393	5 4 2 0 0	(N(N(H(H(N(H(A))))(H(N(H(A)))))))	754	0 1 0 0 0;0 2 0 0 0;1 2 0 0 0;2 2 0 0 0;2 3 0 0 0;3 2 0 0 0;3 3 0 0 0;3 3 1 0 0;3 4 0 0 0;4 3 0 0 0;4 3 1 0 0;4 4 0 0 0;4 4 1 0 0;5 4 0 0 0;5 4 1 0 0;	2204.77244	9	60.32320	71.56171	39.45168	7	0.00618	1.46233	0.58824	0.81250	0.00000	0	0	39.45168	23.67270	62.69047	2.3113292508617274e-28	0.0	2.3113292508617274e-28	sp|P00450|CERU_HUMAN	762
2020111CXY-7.18636.18636.3.0.dta	2020111CXY-7.18636.18636.3.0.dta	2020111CXY-7	18636	4992.45983	4046.65950	1349.55802	3	1	CGLVPVLAENYJK	1,Carbamidomethyl[C];	1476.75152	6 5 2 0 0	(N(N(H(H(N(H(A))))(H(N(H))(N(H(A)))))))	1338	0 1 0 0 0;0 2 0 0 0;1 2 0 0 0;2 2 0 0 0;2 3 0 0 0;2 4 0 0 0;3 2 0 0 0;3 3 0 0 0;3 3 1 0 0;3 4 0 0 0;3 4 1 0 0;3 5 0 0 0;4 3 0 0 0;4 3 1 0 0;4 4 0 0 0;4 4 1 0 0;4 5 0 0 0;4 5 1 0 0;5 4 0 0 0;5 4 1 0 0;5 4 2 0 0;5 5 0 0 0;5 5 1 0 0;5 5 2 0 0;6 5 0 0 0;6 5 1 0 0;	2569.90464	12	65.02633	89.22966	20.07730	6	0.00335	0.82735	0.35714	1.12500	0.00000	0	0	20.07730	26.18901	67.64523	3.0206232523451722e-15	0.0	3.0206232523451722e-15	sp|P02787|TRFE_HUMAN	432
2020111CXY-7.6013.6013.2.0.dta	2020111CXY-7.6013.6013.2.0.dta	2020111CXY-7	6013	1591.95602	2853.12363	1427.06545	2	1	EEQYJSTYR		1189.51199	4 5 0 0 0	(N(N(H(N)(H(N(H))(N(H))))))	194	0 1 0 0 0;0 2 0 0 0;1 2 0 0 0;1 3 0 0 0;2 2 0 0 0;2 3 0 0 0;2 4 0 0 0;2 5 0 0 0;3 3 0 0 0;3 4 0 0 0;3 5 0 0 0;4 4 0 0 0;	1663.60816	5	50.98612	58.61021	36.82709	6	0.00348	1.22039	0.64286	1.00000	0.00000	0	0	36.82709	18.08156	52.79428	1.9533694403551056e-26	0.0	1.9533694403551056e-26	sp|P01857|IGHG1_HUMAN	180
2020111CXY-7.17791.17791.3.0.dta	2020111CXY-7.17791.17791.3.0.dta	2020111CXY-7	17791	4765.01478	4420.76786	1474.26080	3	1	ITYSIVQTJCSK	10,Carbamidomethyl[C];	1413.70423	6 5 3 1 0	(N(N(H(H(N(F)(H(A))))(H(N(H(A)))(N(H(A)))))))	2060	0 1 0 0 0;0 2 0 0 0;1 2 0 0 0;2 2 0 0 0;2 3 0 0 0;2 3 0 1 0;2 4 0 0 0;3 2 0 0 0;3 3 0 0 0;3 3 0 1 0;3 3 1 0 0;3 3 1 1 0;3 4 0 0 0;3 4 0 1 0;3 4 1 0 0;3 5 0 0 0;3 5 0 1 0;4 3 0 0 0;4 3 0 1 0;4 3 1 0 0;4 3 1 1 0;4 4 0 0 0;4 4 0 1 0;4 4 1 0 0;4 4 1 1 0;4 4 2 0 0;4 5 0 0 0;4 5 0 1 0;4 5 1 0 0;4 5 1 1 0;5 4 0 0 0;5 4 0 1 0;5 4 1 0 0;5 4 1 1 0;5 4 2 0 0;5 4 2 1 0;5 5 0 0 0;5 5 0 1 0;5 5 1 0 0;5 5 1 1 0;5 5 2 0 0;5 5 2 1 0;6 5 0 0 0;6 5 0 1 0;6 5 1 0 0;6 5 1 1 0;6 5 2 0 0;6 5 2 1 0;6 5 3 0 0;	3007.05796	9	64.83614	93.23635	12.09288	6	0.00566	1.28070	0.17647	1.18182	0.00000	0	0	12.09288	26.99374	67.53551	8.926814710237714e-10	0.0	8.926814710237714e-10	sp|P01042|KNG1_HUMAN	205
2020111CXY-7.9385.9385.3.0.dta	2020111CXY-7.9385.9385.3.0.dta	2020111CXY-7	9385	2496.30149	2764.11116	922.04190	3	1	EEQFJSTFR		1157.52218	4 4 0 1 0	(N(F)(N(H(H(N))(H(N(H))))))	158	0 1 0 0 0;0 1 0 1 0;0 2 0 0 0;0 2 0 1 0;1 2 0 0 0;1 2 0 1 0;2 2 0 0 0;2 2 0 1 0;2 3 0 0 0;2 3 0 1 0;3 2 0 0 0;3 2 0 1 0;3 3 0 0 0;3 3 0 1 0;3 4 0 0 0;3 4 0 1 0;4 3 0 0 0;4 3 0 1 0;4 4 0 0 0;	1606.58669	5	66.98346	77.06277	48.26473	8	0.00229	0.82835	0.66667	1.18750	0.00000	0	0	48.26473	22.56462	69.23992	2.1107054659507034e-34	0.0	2.1107054659507034e-34	sp|P01859|IGHG2_HUMAN	176
2020111CXY-7.16807.16807.3.0.dta	2020111CXY-7.16807.16807.3.0.dta	2020111CXY-7	16807	4500.08042	3822.53618	1274.85025	3	1	GTAGNALMDGASQLMGEJR	8,Oxidation[M];	1908.85384	5 4 1 0 0	(N(N(H(H(N(H)))(H(N(H(A)))))))	380	0 1 0 0 0;0 2 0 0 0;1 2 0 0 0;2 2 0 0 0;2 3 0 0 0;3 2 0 0 0;3 3 0 0 0;3 3 1 0 0;3 4 0 0 0;4 3 0 0 0;4 3 1 0 0;4 4 0 0 0;4 4 1 0 0;5 4 0 0 0;	1913.67702	18	14.79952	7.64555	28.08548	7	0.00532	1.39214	0.62500	0.25000	0.00000	0	0	28.08548	7.51263	15.55078	1.4223601531974633e-20	0.008750994431185362	0.008750994431185362	sp|P02675|FIBB_HUMAN	394
2020111CXY-7.16126.16126.2.0.dta	2020111CXY-7.16126.16126.2.0.dta	2020111CXY-7	16126	4315.66800	2622.07457	1311.54092	2	1	JGSLFAFR		911.47338	5 3 1 0 0	(N(N(H(H(H))(H(N(H(A)))))))	220	0 1 0 0 0;0 2 0 0 0;1 2 0 0 0;2 2 0 0 0;2 3 0 0 0;3 2 0 0 0;3 3 0 0 0;3 3 1 0 0;4 2 0 0 0;4 3 0 0 0;4 3 1 0 0;5 3 0 0 0;	1710.59765	1	47.12379	64.66114	14.55442	6	0.00354	1.35085	0.42857	1.42857	0.00000	0	0	14.55442	18.67004	48.99079	1.7915353532862032e-11	0.0	1.7915353532862032e-11	sp|P04004|VTNC_HUMAN	169
2020111CXY-7.7592.7592.3.0.dta	2020111CXY-7.7592.7592.3.0.dta	2020111CXY-7	7592	2014.59697	3017.26456	1006.42637	3	1	PREEQFJSTFR		1410.67605	4 4 0 1 0	(N(F)(N(H(H(N))(H(N(H))))))	158	0 1 0 0 0;0 1 0 1 0;0 2 0 0 0;0 2 0 1 0;1 2 0 0 0;1 2 0 1 0;2 2 0 0 0;2 2 0 1 0;2 3 0 0 0;2 3 0 1 0;3 2 0 0 0;3 2 0 1 0;3 3 0 0 0;3 3 0 1 0;3 4 0 0 0;3 4 0 1 0;4 3 0 0 0;4 3 0 1 0;4 4 0 0 0;	1606.58669	7	47.40273	23.39709	91.98464	9	0.00182	0.60175	0.95238	0.65000	0.00000	0	0	91.98464	10.30258	48.43299	8.418305022259182e-64	0.0	8.418305022259182e-64	sp|P01859|IGHG2_HUMAN	176
2020111CXY-7.18321.18321.4.1.dta	2020111CXY-7.18321.18321.4.1.dta	2020111CXY-7	18321	4906.99271	4865.95882	1217.24516	4	1	QQQHLFGSJVTDCSGJFCLFR	13,Carbamidomethyl[C];18,Carbamidomethyl[C];	2515.12414	12 2 0 0 0	(N(N(H(H(H(H(H))))(H(H)(H(H(H))(H(H)))))))	970	0 1 0 0 0;0 2 0 0 0;1 2 0 0 0;2 2 0 0 0;3 2 0 0 0;4 2 0 0 0;5 2 0 0 0;6 2 0 0 0;7 2 0 0 0;8 2 0 0 0;9 2 0 0 0;10 2 0 0 0;11 2 0 0 0;	2350.79263	9	41.97553	52.55588	22.32631	7	0.04206	8.64333	0.46667	0.70000	0.00000	0	0	22.32631	21.30247	44.10578	9.219530034077368e-17	0.0	9.219530034077368e-17	sp|P02787|TRFE_HUMAN	630
2020111CXY-7.14531.14531.4.0.dta	2020111CXY-7.14531.14531.4.0.dta	2020111CXY-7	14531	3883.75869	4245.73494	1062.18919	4	1	LSDLSIJSTECLHVHCR	11,Carbamidomethyl[C];16,Carbamidomethyl[C];	2040.95897	5 4 2 0 0	(N(N(H(H(N(H(A))))(H(N(H(A)))))))	754	0 1 0 0 0;0 2 0 0 0;1 2 0 0 0;2 2 0 0 0;2 3 0 0 0;3 2 0 0 0;3 3 0 0 0;3 3 1 0 0;3 4 0 0 0;4 3 0 0 0;4 3 1 0 0;4 4 0 0 0;4 4 1 0 0;5 4 0 0 0;5 4 1 0 0;	2204.77244	7	51.53097	56.56280	42.18613	7	0.00353	0.83142	0.58824	0.81250	0.00000	0	0	42.18613	20.81916	53.61289	3.4230684471850006e-30	0.0	3.4230684471850006e-30	sp|P05156|CFAI_HUMAN	177
2020111CXY-7.18815.18815.4.2.dta	2020111CXY-7.18815.18815.4.2.dta	2020111CXY-7	18815	5040.39131	4114.65128	1029.41828	4	1	GTAGNALMDGASQLMGEJR		1892.85892	6 4 1 1 0	(N(N(H(H(N(H(H))))(H(N(F)(H(A)))))))	783	0 1 0 0 0;0 2 0 0 0;1 2 0 0 0;2 2 0 0 0;2 3 0 0 0;2 3 0 1 0;3 2 0 0 0;3 3 0 0 0;3 3 0 1 0;3 3 1 0 0;3 3 1 1 0;3 4 0 0 0;3 4 0 1 0;4 3 0 0 0;4 3 0 1 0;4 3 1 0 0;4 3 1 1 0;4 4 0 0 0;4 4 0 1 0;4 4 1 0 0;4 4 1 1 0;5 3 0 0 0;5 4 0 0 0;5 4 0 1 0;5 4 1 0 0;5 4 1 1 0;6 4 0 0 0;6 4 0 1 0;6 4 1 0 0;	2221.78776	18	11.20269	8.80624	15.65324	7	0.00460	1.11826	0.25806	0.22222	0.00000	0	0	15.65324	7.66692	11.96938	3.0047916256915116e-12	0.0065040650406504065	0.0065040650406504065	sp|P02675|FIBB_HUMAN	394
2020111CXY-7.6049.6049.3.0.dta	2020111CXY-7.6049.6049.3.0.dta	2020111CXY-7	6049	1601.39023	2634.04753	878.68736	3	1	EEQYJSTYR		1189.51199	3 4 0 1 0	(N(N(H(H(N))(H(N(F))))))	89	0 1 0 0 0;0 2 0 0 0;1 2 0 0 0;2 2 0 0 0;2 3 0 0 0;2 3 0 1 0;3 2 0 0 0;3 3 0 0 0;3 3 0 1 0;3 4 0 0 0;	1444.53387	5	22.54387	18.07933	30.83515	7	0.00167	0.63479	0.58333	0.62500	0.00000	0	0	30.83515	10.18993	23.56286	1.4619796410177832e-22	0.0	1.4619796410177832e-22	sp|P01857|IGHG1_HUMAN	180
2020111CXY-7.15760.15760.3.0.dta	2020111CXY-7.15760.15760.3.0.dta	2020111CXY-7	15760	4216.13843	3417.59506	1139.86987	3	1	VVLHPJYSQVDIGLIK		1795.01124	5 4 0 0 0	(N(N(H(H(N(H)))(H(N(H))))))	175	0 1 0 0 0;0 2 0 0 0;1 2 0 0 0;2 2 0 0 0;2 3 0 0 0;3 2 0 0 0;3 3 0 0 0;3 4 0 0 0;4 3 0 0 0;4 4 0 0 0;	1622.58161	6	49.90696	55.00724	40.43502	7	0.00221	0.64754	0.83333	0.76667	0.00000	0	0	40.43502	19.00923	51.80788	5.361995351908788e-29	0.0	5.361995351908788e-29	sp|P00738|HPT_HUMAN	241
2020111CXY-7.9989.9989.3.0.dta	2020111CXY-7.9989.9989.3.0.dta	2020111CXY-7	9989	2658.81295	3155.35624	1052.45693	3	1	FVEGSHJSTVSLTTK		1606.80713	4 3 1 0 0	(N(N(H(H)(H(N(H(A)))))))	126	0 1 0 0 0;0 2 0 0 0;1 2 0 0 0;2 2 0 0 0;2 3 0 0 0;3 2 0 0 0;3 3 0 0 0;3 3 1 0 0;4 3 0 0 0;	1548.54483	7	26.92590	17.87617	43.73254	7	0.00429	1.35942	0.90909	0.60714	0.00000	0	0	43.73254	9.71066	27.89697	3.2319130616660052e-31	0.0	3.2319130616660052e-31	sp|P04114|APOB_HUMAN	3411
2020111CXY-7.19107.19107.3.3.dta	2020111CXY-7.19107.19107.3.3.dta	2020111CXY-7	19107	5118.25352	3993.64205	1331.88553	3	1	VCQDCPLLAPLJDTR	2,Carbamidomethyl[C];5,Carbamidomethyl[C];	1771.84657	6 4 1 1 0	(N(N(H(H(N(H(H))))(H(N(F)(H(A)))))))	783	0 1 0 0 0;0 2 0 0 0;1 2 0 0 0;2 2 0 0 0;2 3 0 0 0;2 3 0 1 0;3 2 0 0 0;3 3 0 0 0;3 3 0 1 0;3 3 1 0 0;3 3 1 1 0;3 4 0 0 0;3 4 0 1 0;4 3 0 0 0;4 3 0 1 0;4 3 1 0 0;4 3 1 1 0;4 4 0 0 0;4 4 0 1 0;4 4 1 0 0;4 4 1 1 0;5 3 0 0 0;5 4 0 0 0;5 4 0 1 0;5 4 1 0 0;5 4 1 1 0;6 4 0 0 0;6 4 0 1 0;6 4 1 0 0;	2221.78776	12	39.37584	50.99900	17.78997	7	0.00772	1.93389	0.29032	0.71429	0.00000	0	0	17.78997	17.62452	41.13829	9.337991060629843e-14	0.0	9.337991060629843e-14	sp|P02765|FETUA_HUMAN	156
2020111CXY-7.14820.14820.4.1.dta	2020111CXY-7.14820.14820.4.1.dta	2020111CXY-7	14820	3961.79904	4585.94262	1147.24111	4	1	NJATVHEQVGGPSLTSDLQAQSK		2381.16916	5 4 2 0 0	(N(N(H(H(N(H(A))))(H(N(H(A)))))))	754	0 1 0 0 0;0 2 0 0 0;1 2 0 0 0;2 2 0 0 0;2 3 0 0 0;3 2 0 0 0;3 3 0 0 0;3 3 1 0 0;3 4 0 0 0;4 3 0 0 0;4 3 1 0 0;4 4 0 0 0;4 4 1 0 0;5 4 0 0 0;5 4 1 0 0;	2204.77244	2	42.54347	48.26424	31.91920	7	0.00102	0.22285	0.58824	0.63636	0.00000	0	0	31.91920	18.38996	44.38247	2.583925618848895e-23	0.0	2.583925618848895e-23	sp|P04004|VTNC_HUMAN	86
2020111CXY-7.17300.17300.3.0.dta	2020111CXY-7.17300.17300.3.0.dta	2020111CXY-7	17300	4633.67485	3708.68936	1236.90130	3	1	VVLHPJYSQVDIGLIK		1795.01124	5 4 1 0 0	(N(N(H(H(N(H)))(H(N(H(A)))))))	380	0 1 0 0 0;0 2 0 0 0;1 2 0 0 0;2 2 0 0 0;2 3 0 0 0;3 2 0 0 0;3 3 0 0 0;3 3 1 0 0;3 4 0 0 0;4 3 0 0 0;4 3 1 0 0;4 4 0 0 0;4 4 1 0 0;5 4 0 0 0;	1913.67702	6	25.66586	27.59894	22.07585	7	0.00110	0.29620	0.50000	0.66667	0.00000	0	0	22.07585	12.92625	26.95849	1.356809933244795e-16	0.0	1.356809933244795e-16	sp|P00738|HPT_HUMAN	241
2020111CXY-7.9028.9028.3.0.dta	2020111CXY-7.9028.9028.3.0.dta	2020111CXY-7	9028	2401.16095	3674.37912	1225.46456	3	1	NEEYJK		796.34716	7 5 2 1 0	(N(N(H(N)(H(H)(H))(H(N(H(A)))(N(F)(H(A)))))))	1849	0 1 0 0 0;0 2 0 0 0;1 2 0 0 0;1 3 0 0 0;2 2 0 0 0;2 3 0 0 0;2 3 0 1 0;2 4 0 0 0;2 4 0 1 0;2 5 0 0 0;2 5 0 1 0;3 2 0 0 0;3 3 0 0 0;3 3 0 1 0;3 3 1 0 0;3 3 1 1 0;3 4 0 0 0;3 4 0 1 0;3 4 1 0 0;3 4 1 1 0;3 5 0 0 0;3 5 0 1 0;3 5 1 0 0;3 5 1 1 0;4 2 0 0 0;4 3 0 0 0;4 3 0 1 0;4 3 1 0 0;4 3 1 1 0;4 4 0 0 0;4 4 0 1 0;4 4 1 0 0;4 4 1 1 0;4 4 2 0 0;4 4 2 1 0;4 5 0 0 0;4 5 0 1 0;4 5 1 0 0;4 5 1 1 0;4 5 2 0 0;4 5 2 1 0;5 2 0 0 0;5 3 0 0 0;5 3 0 1 0;5 3 1 0 0;5 3 1 1 0;5 4 0 0 0;5 4 0 1 0;5 4 1 0 0;5 4 1 1 0;5 4 2 0 0;5 4 2 1 0;5 5 0 0 0;5 5 0 1 0;5 5 1 0 0;5 5 1 1 0;5 5 2 0 0;5 5 2 1 0;6 3 0 0 0;6 3 0 1 0;6 3 1 0 0;6 3 1 1 0;6 4 0 0 0;6 4 0 1 0;6 4 1 0 0;6 4 1 1 0;6 4 2 0 0;6 4 2 1 0;6 5 0 0 0;6 5 0 1 0;6 5 1 0 0;6 5 1 1 0;6 5 2 0 0;6 5 2 1 0;7 4 0 0 0;7 4 0 1 0;7 4 1 0 0;7 4 1 1 0;7 4 2 0 0;7 4 2 1 0;7 5 0 0 0;7 5 0 1 0;7 5 1 0 0;7 5 1 1 0;7 5 2 0 0;	2878.01537	5	39.50789	51.95175	16.39786	7	0.01659	4.51580	0.14943	1.20000	0.00000	0	0	16.39786	14.77674	40.98556	8.631097420604654e-13	0.0	8.631097420604654e-13	sp|P02763|A1AG1_HUMAN/sp|P19652|A1AG2_HUMAN	56/56
2020111CXY-7.10471.10471.2.0.dta	2020111CXY-7.10471.10471.2.0.dta	2020111CXY-7	10471	2788.41406	2969.18004	1485.09366	2	1	DTFVJASR		909.44247	5 4 1 1 0	(N(F)(N(H(H(N(H)))(H(N(H(A)))))))	549	0 1 0 0 0;0 1 0 1 0;0 2 0 0 0;0 2 0 1 0;1 2 0 0 0;1 2 0 1 0;2 2 0 0 0;2 2 0 1 0;2 3 0 0 0;2 3 0 1 0;3 2 0 0 0;3 2 0 1 0;3 3 0 0 0;3 3 0 1 0;3 3 1 0 0;3 3 1 1 0;3 4 0 0 0;3 4 0 1 0;4 3 0 0 0;4 3 0 1 0;4 3 1 0 0;4 3 1 1 0;4 4 0 0 0;4 4 0 1 0;4 4 1 0 0;4 4 1 1 0;5 4 0 0 0;5 4 0 1 0;5 4 1 0 0;	2059.73493	5	32.69340	34.86575	28.65903	9	0.00263	0.88735	0.38710	0.92857	0.00000	0	0	28.65903	13.40128	34.03353	4.17982609886153e-21	0.0	4.17982609886153e-21	sp|P05155|IC1_HUMAN	238
2020111CXY-7.14340.14340.3.0.dta	2020111CXY-7.14340.14340.3.0.dta	2020111CXY-7	14340	3832.02177	4226.78033	1409.59829	3	1	ELHHLQEQJVSNAFLDK		2022.00393	5 4 2 0 0	(N(N(H(H(N(H(A))))(H(N(H(A)))))))	754	0 1 0 0 0;0 2 0 0 0;1 2 0 0 0;2 2 0 0 0;2 3 0 0 0;3 2 0 0 0;3 3 0 0 0;3 3 1 0 0;3 4 0 0 0;4 3 0 0 0;4 3 1 0 0;4 4 0 0 0;4 4 1 0 0;5 4 0 0 0;5 4 1 0 0;	2204.77244	9	10.22709	12.47395	6.05435	5	0.00396	0.93711	0.35294	0.43750	0.00000	0	0	6.05435	7.98062	11.02515	5.643314781223407e-06	0.003352891869237217	0.003352891869237217	sp|P00450|CERU_HUMAN	762
2020111CXY-7.18302.18302.5.0.dta	2020111CXY-7.18302.18302.5.0.dta	2020111CXY-7	18302	4901.93744	4720.89765	944.98535	5	1	QQQHLFGSJVTDCSGJFCLFR	13,Carbamidomethyl[C];18,Carbamidomethyl[C];	2515.12414	5 4 1 2 0	(N(N(H(H(N(H)(F)))(H(N(F)(H(A)))))))	765	0 1 0 0 0;0 2 0 0 0;1 2 0 0 0;2 2 0 0 0;2 3 0 0 0;2 3 0 1 0;3 2 0 0 0;3 3 0 0 0;3 3 0 1 0;3 3 1 0 0;3 3 1 1 0;3 4 0 0 0;3 4 0 1 0;3 4 0 2 0;4 3 0 0 0;4 3 0 1 0;4 3 1 0 0;4 3 1 1 0;4 4 0 0 0;4 4 0 1 0;4 4 0 2 0;4 4 1 0 0;4 4 1 1 0;4 4 1 2 0;5 4 0 0 0;5 4 0 1 0;5 4 0 2 0;5 4 1 0 0;5 4 1 1 0;	2205.79284	9	19.27352	28.27898	2.54910	4	-0.01933	-4.09459	0.16129	0.62500	0.00000	0	0	2.54910	14.09580	20.68310	0.0013081483744548977	0.0	0.0013081483744548977	sp|P02787|TRFE_HUMAN	630
2020111CXY-7.13636.13636.3.0.dta	2020111CXY-7.13636.13636.3.0.dta	2020111CXY-7	13636	3641.23333	3629.40033	1210.47163	3	1	MDGASJVTCINSR	9,Carbamidomethyl[C];	1424.62567	5 4 2 0 0	(N(N(H(H(N(H(A))))(H(N(H(A)))))))	754	0 1 0 0 0;0 2 0 0 0;1 2 0 0 0;2 2 0 0 0;2 3 0 0 0;3 2 0 0 0;3 3 0 0 0;3 3 1 0 0;3 4 0 0 0;4 3 0 0 0;4 3 1 0 0;4 4 0 0 0;4 4 1 0 0;5 4 0 0 0;5 4 1 0 0;	2204.77244	6	37.02804	39.00408	33.35825	7	0.00221	0.61029	0.58824	0.91667	0.00000	0	0	33.35825	14.68796	38.49684	3.4834133341190656e-24	0.0	3.4834133341190656e-24	sp|P08603|CFAH_HUMAN	1029
2020111CXY-7.5627.5627.2.0.dta	2020111CXY-7.5627.5627.2.0.dta	2020111CXY-7	5627	1490.66002	2977.17411	1489.09069	2	1	JGTAVCATNR	6,Carbamidomethyl[C];	1063.49492	5 4 1 0 0	(N(N(H(H(N(H)))(H(N(H(A)))))))	380	0 1 0 0 0;0 2 0 0 0;1 2 0 0 0;2 2 0 0 0;2 3 0 0 0;3 2 0 0 0;3 3 0 0 0;3 3 1 0 0;3 4 0 0 0;4 3 0 0 0;4 3 1 0 0;4 4 0 0 0;4 4 1 0 0;5 4 0 0 0;	1913.67702	1	38.39129	48.42221	19.76244	6	0.00216	0.72669	0.43750	1.16667	0.00000	0	0	19.76244	17.08731	40.10002	4.876453930386038e-15	0.0	4.876453930386038e-15	sp|P05156|CFAI_HUMAN	70
2020111CXY-7.18167.18167.3.0.dta	2020111CXY-7.18167.18167.3.0.dta	2020111CXY-7	18167	4865.69923	3378.47992	1126.83149	3	1	YLGJATAIFFLPDEGK		1755.89521	5 4 0 0 0	(N(N(H(H(N(H)))(H(N(H))))))	175	0 1 0 0 0;0 2 0 0 0;1 2 0 0 0;2 2 0 0 0;2 3 0 0 0;3 2 0 0 0;3 3 0 0 0;3 4 0 0 0;4 3 0 0 0;4 4 0 0 0;	1622.58161	4	55.21149	75.79730	16.98070	6	0.00311	0.92084	0.58333	0.96667	0.00000	0	0	16.98070	23.75888	57.58738	3.8691703240555307e-13	0.0	3.8691703240555307e-13	sp|P01009|A1AT_HUMAN	271
2020111CXY-7.7294.7294.2.0.dta	2020111CXY-7.7294.7294.2.0.dta	2020111CXY-7	7294	1934.67834	2471.99621	1236.50174	2	1	EEQFJSTYR		1173.51708	3 4 0 0 0	(N(N(H(H(N))(H(N)))))	52	0 1 0 0 0;0 2 0 0 0;1 2 0 0 0;2 2 0 0 0;2 3 0 0 0;3 2 0 0 0;3 3 0 0 0;	1298.47596	5	60.99255	65.87245	51.92987	7	0.00317	1.28151	1.00000	1.06250	0.00000	0	0	51.92987	19.99543	62.99209	7.617359879301819e-37	0.0	7.617359879301819e-37	sp|P01861|IGHG4_HUMAN	177
2020111CXY-7.17474.17474.3.0.dta	2020111CXY-7.17474.17474.3.0.dta	2020111CXY-7	17474	4680.72148	3570.49516	1190.83657	3	1	AGLQAFFQVQECJK	12,Carbamidomethyl[C];	1639.78970	6 4 0 1 0	(N(N(H(H(H))(H(N(H))(N(H)(F))))))	399	0 1 0 0 0;0 2 0 0 0;1 2 0 0 0;2 2 0 0 0;2 3 0 0 0;2 3 0 1 0;2 4 0 0 0;2 4 0 1 0;3 2 0 0 0;3 3 0 0 0;3 3 0 1 0;3 4 0 0 0;3 4 0 1 0;4 2 0 0 0;4 3 0 0 0;4 3 0 1 0;4 4 0 0 0;4 4 0 1 0;5 3 0 0 0;5 3 0 1 0;5 4 0 0 0;5 4 0 1 0;6 4 0 0 0;	1930.69234	13	9.83755	14.02617	2.05867	4	0.01312	3.67366	0.16000	0.46154	0.00000	0	0	2.05867	9.77562	10.81511	0.0021840054117874225	0.0	0.0021840054117874225	sp|P00450|CERU_HUMAN	358
2020111CXY-7.14369.14369.3.0.dta	2020111CXY-7.14369.14369.3.0.dta	2020111CXY-7	14369	3839.73541	3649.63490	1217.21648	3	1	TVLTPATNHMGJVTFTIPANR	10,Oxidation[M];	2271.15503	6 2 0 0 0	(N(N(H(H)(H(H(H(H)))))))	61	0 1 0 0 0;0 2 0 0 0;1 2 0 0 0;2 2 0 0 0;3 2 0 0 0;4 2 0 0 0;5 2 0 0 0;	1378.47569	12	10.96527	15.82007	1.94923	3	0.00418	1.14660	0.33333	0.37500	0.00000	0	0	1.94923	10.64556	12.02983	0.002421086041119578	0.0	0.002421086041119578	sp|P01024|CO3_HUMAN	85
2020111CXY-7.14701.14701.4.0.dta	2020111CXY-7.14701.14701.4.0.dta	2020111CXY-7	14701	3929.63349	4245.73482	1062.18916	4	1	LSDLSIJSTECLHVHCR	11,Carbamidomethyl[C];16,Carbamidomethyl[C];	2040.95897	5 4 2 0 0	(N(N(H(H(N(H(A))))(H(N(H(A)))))))	754	0 1 0 0 0;0 2 0 0 0;1 2 0 0 0;2 2 0 0 0;2 3 0 0 0;3 2 0 0 0;3 3 0 0 0;3 3 1 0 0;3 4 0 0 0;4 3 0 0 0;4 3 1 0 0;4 4 0 0 0;4 4 1 0 0;5 4 0 0 0;5 4 1 0 0;	2204.77244	7	20.15196	19.13231	22.04558	7	0.00341	0.80315	0.47059	0.50000	0.00000	0	0	22.04558	10.24142	21.17610	1.413423473258658e-16	0.0	1.413423473258658e-16	sp|P05156|CFAI_HUMAN	177
2020111CXY-7.14165.14165.2.0.dta	2020111CXY-7.14165.14165.2.0.dta	2020111CXY-7	14165	3784.55508	3400.32987	1700.66857	2	1	DIENFJSTQK		1195.55896	5 4 2 0 0	(N(N(H(H(N(H(A))))(H(N(H(A)))))))	754	0 1 0 0 0;0 2 0 0 0;1 2 0 0 0;2 2 0 0 0;2 3 0 0 0;3 2 0 0 0;3 3 0 0 0;3 3 1 0 0;3 4 0 0 0;4 3 0 0 0;4 3 1 0 0;4 4 0 0 0;4 4 1 0 0;5 4 0 0 0;5 4 1 0 0;	2204.77244	6	6.23574	8.16741	2.64834	4	-0.00153	-0.44908	0.23529	0.44444	0.00000	0	0	2.64834	7.55591	6.99133	0.0011770244595364636	0.008750994431185362	0.008750994431185362	sp|P43652|AFAM_HUMAN	33
2020111CXY-7.18087.18087.3.0.dta	2020111CXY-7.18087.18087.3.0.dta	2020111CXY-7	18087	4844.30453	3874.72677	1292.24711	3	1	VDKDLQSLEDILHQVEJK		2123.09789	4 4 1 0 0	(N(N(H(H(N))(H(N(H(A)))))))	239	0 1 0 0 0;0 2 0 0 0;1 2 0 0 0;2 2 0 0 0;2 3 0 0 0;3 2 0 0 0;3 3 0 0 0;3 3 1 0 0;3 4 0 0 0;4 3 0 0 0;4 3 1 0 0;4 4 0 0 0;	1751.62420	17	52.15721	60.52846	36.61060	7	0.00468	1.20781	0.71429	0.70588	0.00000	0	0	36.61060	19.46647	54.10386	2.648882271607479e-26	0.0	2.648882271607479e-26	sp|P02679|FIBG_HUMAN	78
2020111CXY-7.18691.18691.3.0.dta	2020111CXY-7.18691.18691.3.0.dta	2020111CXY-7	18691	5006.86867	3681.52942	1227.84799	3	1	CGLVPVLAENYJK	1,Carbamidomethyl[C];	1476.75152	5 4 2 0 0	(N(N(H(H(N(H(A))))(H(N(H(A)))))))	754	0 1 0 0 0;0 2 0 0 0;1 2 0 0 0;2 2 0 0 0;2 3 0 0 0;3 2 0 0 0;3 3 0 0 0;3 3 1 0 0;3 4 0 0 0;4 3 0 0 0;4 3 1 0 0;4 4 0 0 0;4 4 1 0 0;5 4 0 0 0;5 4 1 0 0;	2204.77244	12	88.90029	113.08758	43.98105	7	0.00546	1.48389	0.58824	1.08333	0.00000	0	0	43.98105	30.61851	91.96214	2.141764878742434e-31	0.0	2.141764878742434e-31	sp|P02787|TRFE_HUMAN	432
2020111CXY-7.5859.5859.3.0.dta	2020111CXY-7.5859.5859.3.0.dta	2020111CXY-7	5859	1552.24869	2958.15421	986.72292	3	1	EEQYJSTYR		1189.51199	5 4 0 1 0	(N(N(H(H(N(H)))(H(N(H(F)))))))	264	0 1 0 0 0;0 2 0 0 0;1 2 0 0 0;2 2 0 0 0;2 3 0 0 0;3 2 0 0 0;3 3 0 0 0;3 3 0 1 0;3 4 0 0 0;4 3 0 0 0;4 3 0 1 0;4 4 0 0 0;4 4 0 1 0;5 4 0 0 0;	1768.63952	5	28.23233	23.32044	37.35441	7	0.00271	0.91449	0.62500	0.68750	0.00000	0	0	37.35441	11.62199	29.39453	6.4239105393769644e-27	0.0	6.4239105393769644e-27	sp|P01857|IGHG1_HUMAN	180
2020111CXY-7.7324.7324.2.0.dta	2020111CXY-7.7324.7324.2.0.dta	2020111CXY-7	7324	1942.86212	2821.13420	1411.07074	2	1	EEQFJSTYR		1173.51708	3 5 0 1 0	(N(F)(N(H(H(N))(H(N)(N)))))	180	0 1 0 0 0;0 1 0 1 0;0 2 0 0 0;0 2 0 1 0;1 2 0 0 0;1 2 0 1 0;2 2 0 0 0;2 2 0 1 0;2 3 0 0 0;2 3 0 1 0;2 4 0 0 0;2 4 0 1 0;3 2 0 0 0;3 2 0 1 0;3 3 0 0 0;3 3 0 1 0;3 4 0 0 0;3 4 0 1 0;3 5 0 0 0;	1647.61324	5	39.40709	31.93193	53.28952	8	0.00388	1.37411	0.71429	0.81250	0.00000	0	0	53.28952	12.56790	40.66388	1.1573232853929426e-37	0.0	1.1573232853929426e-37	sp|P01861|IGHG4_HUMAN	177
2020111CXY-7.16964.16964.3.0.dta	2020111CXY-7.16964.16964.3.0.dta	2020111CXY-7	16964	4542.62897	3708.69377	1236.90278	3	1	VVLHPJYSQVDIGLIK		1795.01124	5 4 1 0 0	(N(N(H(H(N(H)))(H(N(H(A)))))))	380	0 1 0 0 0;0 2 0 0 0;1 2 0 0 0;2 2 0 0 0;2 3 0 0 0;3 2 0 0 0;3 3 0 0 0;3 3 1 0 0;3 4 0 0 0;4 3 0 0 0;4 3 1 0 0;4 4 0 0 0;4 4 1 0 0;5 4 0 0 0;	1913.67702	6	23.26408	19.03144	31.12470	7	0.00551	1.48610	0.68750	0.50000	0.00000	0	0	31.12470	10.58625	24.32270	9.286516934671019e-23	0.0	9.286516934671019e-23	sp|P00738|HPT_HUMAN	241
2020111CXY-7.9582.9582.2.0.dta	2020111CXY-7.9582.9582.2.0.dta	2020111CXY-7	9582	2548.82087	2764.11266	1382.55997	2	1	EEQFJSTFR		1157.52218	4 4 0 1 0	(N(F)(N(H(H(N(H))(N(H))))))	166	0 1 0 0 0;0 1 0 1 0;0 2 0 0 0;0 2 0 1 0;1 2 0 0 0;1 2 0 1 0;2 2 0 0 0;2 2 0 1 0;2 3 0 0 0;2 3 0 1 0;2 4 0 0 0;2 4 0 1 0;3 3 0 0 0;3 3 0 1 0;3 4 0 0 0;3 4 0 1 0;4 4 0 0 0;	1606.58669	5	31.91890	28.09908	39.01284	8	0.00379	1.37174	0.52632	0.75000	0.00000	0	0	39.01284	12.47719	33.16662	4.891389220356629e-28	0.0	4.891389220356629e-28	sp|P01859|IGHG2_HUMAN	176
2020111CXY-7.2728.2728.5.0.dta	2020111CXY-7.2728.2728.5.0.dta	2020111CXY-7	2728	717.45468	3828.51638	766.50910	5	1	HSHNJJSSDLHPHK		1623.73709	5 4 2 0 0	(N(N(H(H(N(H(A))))(H(N(H(A)))))))	754	0 1 0 0 0;0 2 0 0 0;1 2 0 0 0;2 2 0 0 0;2 3 0 0 0;3 2 0 0 0;3 3 0 0 0;3 3 1 0 0;3 4 0 0 0;4 3 0 0 0;4 3 1 0 0;4 4 0 0 0;4 4 1 0 0;5 4 0 0 0;5 4 1 0 0;	2204.77244	5	48.68527	47.41215	51.04963	7	0.00685	1.78998	0.58824	0.80769	0.00000	0	0	51.04963	15.51817	50.23709	4.491361935134151e-36	0.0	4.491361935134151e-36	sp|P04196|HRG_HUMAN	344
2020111CXY-7.11926.11926.3.3.dta	2020111CXY-7.11926.11926.3.3.dta	2020111CXY-7	11926	3181.53549	3274.34065	1092.11840	3	1	GINYJSSVAK		1052.53709	6 4 1 1 0	(N(N(H(H(H))(H(N(H)(F))(N(H(A)))))))	778	0 1 0 0 0;0 2 0 0 0;1 2 0 0 0;2 2 0 0 0;2 3 0 0 0;2 3 0 1 0;2 4 0 0 0;2 4 0 1 0;3 2 0 0 0;3 3 0 0 0;3 3 0 1 0;3 3 1 0 0;3 4 0 0 0;3 4 0 1 0;3 4 1 0 0;3 4 1 1 0;4 2 0 0 0;4 3 0 0 0;4 3 0 1 0;4 3 1 0 0;4 4 0 0 0;4 4 0 1 0;4 4 1 0 0;4 4 1 1 0;5 3 0 0 0;5 3 0 1 0;5 3 1 0 0;5 4 0 0 0;5 4 0 1 0;5 4 1 0 0;5 4 1 1 0;6 4 0 0 0;6 4 0 1 0;6 4 1 0 0;	2221.78776	5	9.36853	10.89245	6.53840	5	0.01581	4.82700	0.22222	0.55556	0.00000	0	0	6.53840	8.20585	10.18912	2.711960668369417e-06	0.0025996533795493936	0.0025996533795493936	sp|P03951|FA11_HUMAN	126
2020111CXY-7.5252.5252.2.0.dta	2020111CXY-7.5252.5252.2.0.dta	2020111CXY-7	5252	1391.39789	2907.13962	1454.07345	2	1	JNSDISSTR		993.45958	5 4 1 0 0	(N(N(H(H(N(H)))(H(N(H(A)))))))	380	0 1 0 0 0;0 2 0 0 0;1 2 0 0 0;2 2 0 0 0;2 3 0 0 0;3 2 0 0 0;3 3 0 0 0;3 3 1 0 0;3 4 0 0 0;4 3 0 0 0;4 3 1 0 0;4 4 0 0 0;4 4 1 0 0;5 4 0 0 0;	1913.67702	1	12.11396	12.81226	10.81710	6	0.00302	1.03899	0.37500	0.62500	0.00000	0	0	10.81710	8.38932	12.95289	5.69445141559721e-09	0.0018165304268846503	0.0018165304268846503	sp|P01871|IGHM_HUMAN	46
2020111CXY-7.5214.5214.3.0.dta	2020111CXY-7.5214.5214.3.0.dta	2020111CXY-7	5214	1381.15947	3401.37822	1134.46426	3	1	YKJNSDISSTR		1284.61786	5 5 1 0 0	(N(N(H(N)(H(N(H)))(H(N(H(A)))))))	623	0 1 0 0 0;0 2 0 0 0;1 2 0 0 0;1 3 0 0 0;2 2 0 0 0;2 3 0 0 0;2 4 0 0 0;3 2 0 0 0;3 3 0 0 0;3 3 1 0 0;3 4 0 0 0;3 4 1 0 0;3 5 0 0 0;4 3 0 0 0;4 3 1 0 0;4 4 0 0 0;4 4 1 0 0;4 5 0 0 0;4 5 1 0 0;5 4 0 0 0;5 4 1 0 0;5 5 0 0 0;	2116.75640	3	19.52726	15.22230	27.52220	5	0.00397	1.16628	0.58333	0.65000	0.00000	0	0	27.52220	9.16401	20.44366	3.560510834510214e-20	0.0	3.560510834510214e-20	sp|P01871|IGHM_HUMAN	46
2020111CXY-7.12118.12118.2.0.dta	2020111CXY-7.12118.12118.2.0.dta	2020111CXY-7	12118	3232.95578	2736.14963	1368.57845	2	1	VLJFTTK		822.47198	5 4 1 0 0	(N(N(H(H(N(H)))(H(N(H(A)))))))	380	0 1 0 0 0;0 2 0 0 0;1 2 0 0 0;2 2 0 0 0;2 3 0 0 0;3 2 0 0 0;3 3 0 0 0;3 3 1 0 0;3 4 0 0 0;4 3 0 0 0;4 3 1 0 0;4 4 0 0 0;4 4 1 0 0;5 4 0 0 0;	1913.67702	3	40.34395	50.51366	21.45734	7	0.00063	0.22934	0.43750	1.25000	0.00000	0	0	21.45734	14.78491	41.82244	3.328026490638279e-16	0.0	3.328026490638279e-16	sp|P13671|CO6_HUMAN	324
2020111CXY-7.17714.17714.3.0.dta	2020111CXY-7.17714.17714.3.0.dta	2020111CXY-7	17714	4744.50995	4428.80158	1476.93871	3	1	QQQHLFGSJVTDCSGJFCLFR	13,Carbamidomethyl[C];18,Carbamidomethyl[C];	2515.12414	5 4 1 0 0	(N(N(H(H(N(H)))(H(N(H(A)))))))	380	0 1 0 0 0;0 2 0 0 0;1 2 0 0 0;2 2 0 0 0;2 3 0 0 0;3 2 0 0 0;3 3 0 0 0;3 3 1 0 0;3 4 0 0 0;4 3 0 0 0;4 3 1 0 0;4 4 0 0 0;4 4 1 0 0;5 4 0 0 0;	1913.67702	9	33.26676	45.30178	10.91602	5	0.00042	0.09495	0.43750	0.72500	0.00000	0	0	10.91602	18.90713	35.15747	4.761051188875096e-09	0.0	4.761051188875096e-09	sp|P02787|TRFE_HUMAN	630
2020111CXY-7.14142.14142.3.0.dta	2020111CXY-7.14142.14142.3.0.dta	2020111CXY-7	14142	3778.11274	4372.83956	1458.28470	3	1	ELHHLQEQJVSNAFLDK		2022.00393	5 4 2 1 0	(N(F)(N(H(H(N(H(A))))(H(N(H(A)))))))	991	0 1 0 0 0;0 1 0 1 0;0 2 0 0 0;0 2 0 1 0;1 2 0 0 0;1 2 0 1 0;2 2 0 0 0;2 2 0 1 0;2 3 0 0 0;2 3 0 1 0;3 2 0 0 0;3 2 0 1 0;3 3 0 0 0;3 3 0 1 0;3 3 1 0 0;3 3 1 1 0;3 4 0 0 0;3 4 0 1 0;4 3 0 0 0;4 3 0 1 0;4 3 1 0 0;4 3 1 1 0;4 4 0 0 0;4 4 0 1 0;4 4 1 0 0;4 4 1 1 0;5 4 0 0 0;5 4 0 1 0;5 4 1 0 0;5 4 1 1 0;5 4 2 0 0;	2350.83035	9	61.26296	68.96202	46.96472	8	0.00528	1.20726	0.51515	0.81250	0.00000	0	0	46.96472	23.38589	63.60155	1.2860192066101603e-33	0.0	1.2860192066101603e-33	sp|P00450|CERU_HUMAN	762
2020111CXY-7.9734.9734.3.0.dta	2020111CXY-7.9734.9734.3.0.dta	2020111CXY-7	9734	2589.76592	3679.44705	1227.15387	3	1	YAEDKFJETTEK		1474.66962	5 4 2 0 0	(N(N(H(H(N(H(A))))(H(N(H(A)))))))	754	0 1 0 0 0;0 2 0 0 0;1 2 0 0 0;2 2 0 0 0;2 3 0 0 0;3 2 0 0 0;3 3 0 0 0;3 3 1 0 0;3 4 0 0 0;4 3 0 0 0;4 3 1 0 0;4 4 0 0 0;4 4 1 0 0;5 4 0 0 0;5 4 1 0 0;	2204.77244	7	73.80211	78.69984	64.70632	7	0.00499	1.35536	0.82353	1.13636	0.00000	0	0	64.70632	23.63219	76.16533	1.516052602045162e-45	0.0	1.516052602045162e-45	sp|P43652|AFAM_HUMAN	402
2020111CXY-7.14558.14558.3.0.dta	2020111CXY-7.14558.14558.3.0.dta	2020111CXY-7	14558	3891.13348	3649.63524	1217.21660	3	1	TVLTPATNHMGJVTFTIPANR	10,Oxidation[M];	2271.15503	6 2 0 0 0	(N(N(H(H)(H(H(H(H)))))))	61	0 1 0 0 0;0 2 0 0 0;1 2 0 0 0;2 2 0 0 0;3 2 0 0 0;4 2 0 0 0;5 2 0 0 0;	1378.47569	12	17.73778	17.79392	17.63352	6	0.00452	1.23948	0.66667	0.42500	0.00000	0	0	17.63352	11.62573	18.90035	1.358932451264634e-13	0.0	1.358932451264634e-13	sp|P01024|CO3_HUMAN	85
2020111CXY-7.7692.7692.2.0.dta	2020111CXY-7.7692.7692.2.0.dta	2020111CXY-7	7692	2041.57038	2884.11803	1442.56265	2	1	EEQYJSTYR		1189.51199	4 3 1 1 0	(N(F)(N(H(H)(H(N(H(A)))))))	198	0 1 0 0 0;0 1 0 1 0;0 2 0 0 0;0 2 0 1 0;1 2 0 0 0;1 2 0 1 0;2 2 0 0 0;2 2 0 1 0;2 3 0 0 0;2 3 0 1 0;3 2 0 0 0;3 2 0 1 0;3 3 0 0 0;3 3 0 1 0;3 3 1 0 0;3 3 1 1 0;4 3 0 0 0;4 3 0 1 0;4 3 1 0 0;	1694.60274	5	25.79422	19.24661	37.95409	9	0.00330	1.14546	0.52381	0.68750	0.00000	0	0	37.95409	10.88606	26.88283	2.2238943035045815e-27	0.0	2.2238943035045815e-27	sp|P01857|IGHG1_HUMAN	180
2020111CXY-7.14633.14633.3.0.dta	2020111CXY-7.14633.14633.3.0.dta	2020111CXY-7	14633	3911.30744	3036.40851	1012.80769	3	1	VFHIHJESWVLLTPK		1819.98537	5 2 0 0 0	(N(N(H(H)(H(H)(H)))))	31	0 1 0 0 0;0 2 0 0 0;1 2 0 0 0;2 2 0 0 0;3 2 0 0 0;4 2 0 0 0;	1216.42286	6	27.33114	21.81276	37.57956	7	0.00029	0.09455	1.00000	0.46429	0.00000	0	0	37.57956	10.89968	28.42111	3.886306735991423e-27	0.0	3.886306735991423e-27	sp|O75882|ATRN_HUMAN	428
2020111CXY-7.16936.16936.3.0.dta	2020111CXY-7.16936.16936.3.0.dta	2020111CXY-7	16936	4535.00871	3609.44513	1203.81990	3	1	SWPAVGJCSSALR	8,Carbamidomethyl[C];	1404.66886	5 4 2 0 0	(N(N(H(H(N(H(A))))(H(N(H(A)))))))	754	0 1 0 0 0;0 2 0 0 0;1 2 0 0 0;2 2 0 0 0;2 3 0 0 0;3 2 0 0 0;3 3 0 0 0;3 3 1 0 0;3 4 0 0 0;4 3 0 0 0;4 3 1 0 0;4 4 0 0 0;4 4 1 0 0;5 4 0 0 0;5 4 1 0 0;	2204.77244	7	45.93475	62.39572	15.36437	5	0.00383	1.06220	0.47059	0.87500	0.00000	0	0	15.36437	20.47903	47.98265	4.567399875769686e-12	0.0	4.567399875769686e-12	sp|P02790|HEMO_HUMAN	187
2020111CXY-7.6381.6381.3.1.dta	2020111CXY-7.6381.6381.3.1.dta	2020111CXY-7	6381	1689.28376	2710.12173	904.04543	3	1	GHVJITR		796.44241	5 4 1 0 0	(N(N(H(H(N(H)))(H(N(H(A)))))))	380	0 1 0 0 0;0 2 0 0 0;1 2 0 0 0;2 2 0 0 0;2 3 0 0 0;3 2 0 0 0;3 3 0 0 0;3 3 1 0 0;3 4 0 0 0;4 3 0 0 0;4 3 1 0 0;4 4 0 0 0;4 4 1 0 0;5 4 0 0 0;	1913.67702	4	19.84333	10.51950	37.15901	7	0.00229	0.84516	0.62500	0.58333	0.00000	0	0	37.15901	7.52058	20.59539	9.143524956506536e-27	0.008750994431185362	0.008750994431185362	sp|P00734|THRB_HUMAN	121
2020111CXY-7.12880.12880.3.0.dta	2020111CXY-7.12880.12880.3.0.dta	2020111CXY-7	12880	3437.60202	4329.76037	1443.92497	3	1	VYKPSAGJNSLYR		1468.75428	6 5 3 0 0	(N(N(H(H(N(H(A))))(H(N(H(A)))(N(H(A)))))))	1823	0 1 0 0 0;0 2 0 0 0;1 2 0 0 0;2 2 0 0 0;2 3 0 0 0;2 4 0 0 0;3 2 0 0 0;3 3 0 0 0;3 3 1 0 0;3 4 0 0 0;3 4 1 0 0;3 5 0 0 0;4 3 0 0 0;4 3 1 0 0;4 4 0 0 0;4 4 1 0 0;4 4 2 0 0;4 5 0 0 0;4 5 1 0 0;5 4 0 0 0;5 4 1 0 0;5 4 2 0 0;5 5 0 0 0;5 5 1 0 0;5 5 2 0 0;6 5 0 0 0;6 5 1 0 0;6 5 2 0 0;	2861.00005	8	50.21714	38.46044	72.05102	7	0.00603	1.39257	0.63333	0.70833	0.00000	0	0	72.05102	15.32190	51.74933	2.338880849507073e-50	0.0	2.338880849507073e-50	sp|P02749|APOH_HUMAN	162
2020111CXY-7.5335.5335.3.0.dta	2020111CXY-7.5335.5335.3.0.dta	2020111CXY-7	5335	1413.04615	3408.40921	1136.80792	3	1	KKEDALJETR		1203.63279	5 4 2 0 0	(N(N(H(H(N(H(A))))(H(N(H(A)))))))	754	0 1 0 0 0;0 2 0 0 0;1 2 0 0 0;2 2 0 0 0;2 3 0 0 0;3 2 0 0 0;3 3 0 0 0;3 3 1 0 0;3 4 0 0 0;4 3 0 0 0;4 3 1 0 0;4 4 0 0 0;4 4 1 0 0;5 4 0 0 0;5 4 1 0 0;	2204.77244	7	78.40310	69.21325	95.46994	7	0.00398	1.16681	0.94118	1.11111	0.00000	0	0	95.46994	20.14688	80.41779	4.79763227318511e-66	0.0	4.79763227318511e-66	sp|P10909|CLUS_HUMAN	86
2020111CXY-7.18047.18047.4.0.dta	2020111CXY-7.18047.18047.4.0.dta	2020111CXY-7	18047	4833.75641	4622.03744	1156.26482	4	1	VDKDLQSLEDILHQVEJK		2123.09789	7 6 0 1 0	(N(N(H(H(N(H))(N(H)))(H(N(H))(N(H)(F))))))	1223	0 1 0 0 0;0 2 0 0 0;1 2 0 0 0;2 2 0 0 0;2 3 0 0 0;2 3 0 1 0;2 4 0 0 0;2 4 0 1 0;3 2 0 0 0;3 3 0 0 0;3 3 0 1 0;3 4 0 0 0;3 4 0 1 0;3 5 0 0 0;3 5 0 1 0;3 6 0 0 0;3 6 0 1 0;4 3 0 0 0;4 3 0 1 0;4 4 0 0 0;4 4 0 1 0;4 5 0 0 0;4 5 0 1 0;4 6 0 0 0;4 6 0 1 0;5 4 0 0 0;5 4 0 1 0;5 5 0 0 0;5 5 0 1 0;5 6 0 0 0;5 6 0 1 0;6 5 0 0 0;6 5 0 1 0;6 6 0 0 0;6 6 0 1 0;7 6 0 0 0;	2498.90391	17	74.94597	97.14940	33.71103	7	0.03564	7.71160	0.28947	0.88235	0.00000	0	0	33.71103	28.60529	77.80650	1.741636360618873e-24	0.0	1.741636360618873e-24	sp|P02679|FIBG_HUMAN	78
2020111CXY-7.17744.17744.3.0.dta	2020111CXY-7.17744.17744.3.0.dta	2020111CXY-7	17744	4752.67795	4510.97943	1504.33133	3	1	VVLHPJYSQVDIGLIK		1795.01124	6 5 2 1 0	(N(N(H(H(N(H)(F)))(H(N(H(A)))(N(H(A)))))))	1590	0 1 0 0 0;0 2 0 0 0;1 2 0 0 0;2 2 0 0 0;2 3 0 0 0;2 3 0 1 0;2 4 0 0 0;3 2 0 0 0;3 3 0 0 0;3 3 0 1 0;3 3 1 0 0;3 4 0 0 0;3 4 0 1 0;3 4 1 0 0;3 5 0 0 0;3 5 0 1 0;4 3 0 0 0;4 3 0 1 0;4 3 1 0 0;4 4 0 0 0;4 4 0 1 0;4 4 1 0 0;4 4 1 1 0;4 4 2 0 0;4 5 0 0 0;4 5 0 1 0;4 5 1 0 0;4 5 1 1 0;5 4 0 0 0;5 4 0 1 0;5 4 1 0 0;5 4 1 1 0;5 4 2 0 0;5 5 0 0 0;5 5 0 1 0;5 5 1 0 0;5 5 1 1 0;5 5 2 0 0;5 5 2 1 0;6 5 0 0 0;6 5 0 1 0;6 5 1 0 0;6 5 1 1 0;6 5 2 0 0;	2715.96255	6	35.81127	42.67769	23.05934	6	0.00565	1.25166	0.34783	0.76667	0.00000	0	0	23.05934	15.68359	37.37963	3.479398428513306e-17	0.0	3.479398428513306e-17	sp|P00738|HPT_HUMAN	241
2020111CXY-7.9656.9656.3.0.dta	2020111CXY-7.9656.9656.3.0.dta	2020111CXY-7	9656	2568.74026	3233.25520	1078.42325	3	1	EEQYJSTFR		1173.51708	5 4 1 1 0	(N(N(H(H(N(H)(F)))(H(N(H(A)))))))	550	0 1 0 0 0;0 2 0 0 0;1 2 0 0 0;2 2 0 0 0;2 3 0 0 0;2 3 0 1 0;3 2 0 0 0;3 3 0 0 0;3 3 0 1 0;3 3 1 0 0;3 4 0 0 0;3 4 0 1 0;4 3 0 0 0;4 3 0 1 0;4 3 1 0 0;4 4 0 0 0;4 4 0 1 0;4 4 1 0 0;4 4 1 1 0;5 4 0 0 0;5 4 0 1 0;5 4 1 0 0;	2059.73493	5	12.46687	13.71408	10.15063	6	0.00318	0.98405	0.25000	0.56250	0.00000	0	0	10.15063	9.04852	13.37172	1.6609141142895492e-08	0.0	1.6609141142895492e-08	sp|P01860|IGHG3_HUMAN	227
2020111CXY-7.15846.15846.3.0.dta	2020111CXY-7.15846.15846.3.0.dta	2020111CXY-7	15846	4239.61745	4617.89435	1539.96963	3	1	GLTFQQJASSMCVPDQDTAIR	12,Carbamidomethyl[C];11,Oxidation[M];	2355.07037	5 5 1 1 0	(N(N(H(N)(H(N(H)(F)))(H(N(H(A)))))))	831	0 1 0 0 0;0 2 0 0 0;1 2 0 0 0;1 3 0 0 0;2 2 0 0 0;2 3 0 0 0;2 3 0 1 0;2 4 0 0 0;2 4 0 1 0;3 2 0 0 0;3 3 0 0 0;3 3 0 1 0;3 3 1 0 0;3 4 0 0 0;3 4 0 1 0;3 4 1 0 0;3 5 0 0 0;3 5 0 1 0;4 3 0 0 0;4 3 0 1 0;4 3 1 0 0;4 4 0 0 0;4 4 0 1 0;4 4 1 0 0;4 4 1 1 0;4 5 0 0 0;4 5 0 1 0;4 5 1 0 0;4 5 1 1 0;5 4 0 0 0;5 4 0 1 0;5 4 1 0 0;5 4 1 1 0;5 5 0 0 0;5 5 0 1 0;5 5 1 0 0;	2262.81431	7	54.89099	80.30949	7.68520	5	0.00967	2.09363	0.21053	0.92500	0.00000	0	0	7.68520	27.37903	57.62889	4.690457392533262e-07	0.0	4.690457392533262e-07	sp|P01871|IGHM_HUMAN	209
2020111CXY-7.19673.19673.3.0.dta	2020111CXY-7.19673.19673.3.0.dta	2020111CXY-7	19673	5270.30727	4071.68413	1357.89956	3	1	LGACJDTLQQLMEVFK	4,Carbamidomethyl[C];	1866.90883	5 4 2 0 0	(N(N(H(H(N(H(A))))(H(N(H(A)))))))	754	0 1 0 0 0;0 2 0 0 0;1 2 0 0 0;2 2 0 0 0;2 3 0 0 0;3 2 0 0 0;3 3 0 0 0;3 3 1 0 0;3 4 0 0 0;4 3 0 0 0;4 3 1 0 0;4 4 0 0 0;4 4 1 0 0;5 4 0 0 0;5 4 1 0 0;	2204.77244	5	62.86669	80.21901	30.64096	7	0.00286	0.70240	0.58824	1.06667	0.00000	0	0	30.64096	25.04142	65.37083	1.9937148597983519e-22	0.0	1.9937148597983519e-22	sp|P01008|ANT3_HUMAN	128
2020111CXY-7.10197.10197.3.1.dta	2020111CXY-7.10197.10197.3.1.dta	2020111CXY-7	10197	2714.85824	2840.14830	947.38762	3	1	DTFVJASR		909.44247	6 4 0 1 0	(N(N(H(H(H))(H(N(H))(N(H)(F))))))	399	0 1 0 0 0;0 2 0 0 0;1 2 0 0 0;2 2 0 0 0;2 3 0 0 0;2 3 0 1 0;2 4 0 0 0;2 4 0 1 0;3 2 0 0 0;3 3 0 0 0;3 3 0 1 0;3 4 0 0 0;3 4 0 1 0;4 2 0 0 0;4 3 0 0 0;4 3 0 1 0;4 4 0 0 0;4 4 0 1 0;5 3 0 0 0;5 3 0 1 0;5 4 0 0 0;5 4 0 1 0;6 4 0 0 0;	1930.69234	5	16.03457	18.91047	10.69361	6	0.01349	4.74932	0.24000	0.71429	0.00000	0	0	10.69361	9.47937	16.98251	6.4266261393005364e-09	0.0	6.4266261393005364e-09	sp|P05155|IC1_HUMAN	238
2020111CXY-7.5690.5690.3.0.dta	2020111CXY-7.5690.5690.3.0.dta	2020111CXY-7	5690	1507.58725	2487.98940	830.00132	3	1	EEQYJSTYR		1189.51199	3 4 0 0 0	(N(N(H(H(N))(H(N)))))	52	0 1 0 0 0;0 2 0 0 0;1 2 0 0 0;2 2 0 0 0;2 3 0 0 0;3 2 0 0 0;3 3 0 0 0;	1298.47596	5	53.82768	61.62067	39.35499	7	0.00145	0.58356	0.77778	1.12500	0.00000	0	0	39.35499	18.73377	55.70106	2.7993928448309043e-28	0.0	2.7993928448309043e-28	sp|P01857|IGHG1_HUMAN	180
2020111CXY-7.8579.8579.3.0.dta	2020111CXY-7.8579.8579.3.0.dta	2020111CXY-7	8579	2280.45257	3485.38679	1162.46711	3	1	JHSCEPCQTLAVR	4,Carbamidomethyl[C];7,Carbamidomethyl[C];	1571.70532	5 4 1 0 0	(N(N(H(H(N(H)))(H(N(H(A)))))))	380	0 1 0 0 0;0 2 0 0 0;1 2 0 0 0;2 2 0 0 0;2 3 0 0 0;3 2 0 0 0;3 3 0 0 0;3 3 1 0 0;3 4 0 0 0;4 3 0 0 0;4 3 1 0 0;4 4 0 0 0;4 4 1 0 0;5 4 0 0 0;	1913.67702	1	26.65362	28.31146	23.57478	6	0.00445	1.27575	0.56250	0.75000	0.00000	0	0	23.57478	11.05129	27.75875	1.7209963906706387e-17	0.0	1.7209963906706387e-17	sp|P00748|FA12_HUMAN	433
2020111CXY-7.7329.7329.3.0.dta	2020111CXY-7.7329.7329.3.0.dta	2020111CXY-7	7329	1944.16883	3093.22944	1031.74800	3	1	JVTAEQAR		888.45337	5 4 2 0 0	(N(N(H(H(N(H(A))))(H(N(H(A)))))))	754	0 1 0 0 0;0 2 0 0 0;1 2 0 0 0;2 2 0 0 0;2 3 0 0 0;3 2 0 0 0;3 3 0 0 0;3 3 1 0 0;3 4 0 0 0;4 3 0 0 0;4 3 1 0 0;4 4 0 0 0;4 4 1 0 0;5 4 0 0 0;5 4 1 0 0;	2204.77244	1	67.15034	82.75536	38.16959	7	0.00362	1.17190	0.52941	1.42857	0.00000	0	0	38.16959	22.48690	69.39903	1.4355611283488455e-27	0.0	1.4355611283488455e-27	sp|P00748|FA12_HUMAN	249
2020111CXY-7.17586.17586.3.0.dta	2020111CXY-7.17586.17586.3.0.dta	2020111CXY-7	17586	4710.10004	3390.43443	1130.81633	3	1	CGLVPVLAENYJK	1,Carbamidomethyl[C];	1476.75152	5 4 1 0 0	(N(N(H(H(N(H)))(H(N(H(A)))))))	380	0 1 0 0 0;0 2 0 0 0;1 2 0 0 0;2 2 0 0 0;2 3 0 0 0;3 2 0 0 0;3 3 0 0 0;3 3 1 0 0;3 4 0 0 0;4 3 0 0 0;4 3 1 0 0;4 4 0 0 0;4 4 1 0 0;5 4 0 0 0;	1913.67702	12	23.21534	30.28162	10.09226	5	0.00588	1.73562	0.43750	0.66667	0.00000	0	0	10.09226	11.49575	24.36492	1.871604800978814e-08	0.0	1.871604800978814e-08	sp|P02787|TRFE_HUMAN	432
2020111CXY-7.8882.8882.3.0.dta	2020111CXY-7.8882.8882.3.0.dta	2020111CXY-7	8882	2361.47314	3803.40782	1268.47412	3	1	NEEYJK		796.34716	6 5 3 1 0	(N(N(H(H(N(F)(H(A))))(H(N(H(A)))(N(H(A)))))))	2060	0 1 0 0 0;0 2 0 0 0;1 2 0 0 0;2 2 0 0 0;2 3 0 0 0;2 3 0 1 0;2 4 0 0 0;3 2 0 0 0;3 3 0 0 0;3 3 0 1 0;3 3 1 0 0;3 3 1 1 0;3 4 0 0 0;3 4 0 1 0;3 4 1 0 0;3 5 0 0 0;3 5 0 1 0;4 3 0 0 0;4 3 0 1 0;4 3 1 0 0;4 3 1 1 0;4 4 0 0 0;4 4 0 1 0;4 4 1 0 0;4 4 1 1 0;4 4 2 0 0;4 5 0 0 0;4 5 0 1 0;4 5 1 0 0;4 5 1 1 0;5 4 0 0 0;5 4 0 1 0;5 4 1 0 0;5 4 1 1 0;5 4 2 0 0;5 4 2 1 0;5 5 0 0 0;5 5 0 1 0;5 5 1 0 0;5 5 1 1 0;5 5 2 0 0;5 5 2 1 0;6 5 0 0 0;6 5 0 1 0;6 5 1 0 0;6 5 1 1 0;6 5 2 0 0;6 5 2 1 0;6 5 3 0 0;	3007.05796	5	37.16198	49.62192	14.02209	7	0.00269	0.70770	0.19608	1.20000	0.00000	0	0	14.02209	14.09786	38.57177	3.7607911701182874e-11	0.0	3.7607911701182874e-11	sp|P02763|A1AG1_HUMAN/sp|P19652|A1AG2_HUMAN	56/56
2020111CXY-7.14522.14522.3.0.dta	2020111CXY-7.14522.14522.3.0.dta	2020111CXY-7	14522	3881.15555	4951.07782	1651.03079	3	1	NJATVHEQVGGPSLTSDLQAQSK		2381.16916	6 5 2 0 0	(N(N(H(H(N(H(A))))(H(N(H))(N(H(A)))))))	1338	0 1 0 0 0;0 2 0 0 0;1 2 0 0 0;2 2 0 0 0;2 3 0 0 0;2 4 0 0 0;3 2 0 0 0;3 3 0 0 0;3 3 1 0 0;3 4 0 0 0;3 4 1 0 0;3 5 0 0 0;4 3 0 0 0;4 3 1 0 0;4 4 0 0 0;4 4 1 0 0;4 5 0 0 0;4 5 1 0 0;5 4 0 0 0;5 4 1 0 0;5 4 2 0 0;5 5 0 0 0;5 5 1 0 0;5 5 2 0 0;6 5 0 0 0;6 5 1 0 0;	2569.90464	2	13.09896	17.28992	5.31575	5	0.00402	0.81275	0.21429	0.47727	0.00000	0	0	5.31575	10.76704	14.17566	1.9605337414777067e-05	0.0	1.9605337414777067e-05	sp|P04004|VTNC_HUMAN	86
2020111CXY-7.4879.4879.3.0.dta	2020111CXY-7.4879.4879.3.0.dta	2020111CXY-7	4879	1291.24682	3049.25608	1017.09021	3	1	PREEQYJSTYR		1442.66586	4 4 0 1 0	(N(F)(N(H(H(N))(H(N(H))))))	158	0 1 0 0 0;0 1 0 1 0;0 2 0 0 0;0 2 0 1 0;1 2 0 0 0;1 2 0 1 0;2 2 0 0 0;2 2 0 1 0;2 3 0 0 0;2 3 0 1 0;3 2 0 0 0;3 2 0 1 0;3 3 0 0 0;3 3 0 1 0;3 4 0 0 0;3 4 0 1 0;4 3 0 0 0;4 3 0 1 0;4 4 0 0 0;	1606.58669	7	54.55150	31.44467	97.46418	9	0.00352	1.15558	0.95238	0.70000	0.00000	0	0	97.46418	11.99178	55.75068	1.382828828092678e-67	0.0	1.382828828092678e-67	sp|P01857|IGHG1_HUMAN	180
2020111CXY-7.3479.3479.2.0.dta	2020111CXY-7.3479.3479.2.0.dta	2020111CXY-7	3479	916.95359	2663.09035	1332.04881	2	1	YKJNSDISSTR		1284.61786	6 2 0 0 0	(N(N(H(H)(H(H)(H(H))))))	60	0 1 0 0 0;0 2 0 0 0;1 2 0 0 0;2 2 0 0 0;3 2 0 0 0;4 2 0 0 0;5 2 0 0 0;	1378.47569	3	65.39620	69.00260	58.69860	7	-0.00320	-1.20024	1.00000	1.20000	0.00000	0	0	58.69860	21.47277	67.54348	1.5902075526372272e-41	0.0	1.5902075526372272e-41	sp|P01871|IGHM_HUMAN	46
2020111CXY-7.6115.6115.3.0.dta	2020111CXY-7.6115.6115.3.0.dta	2020111CXY-7	6115	1618.88281	2958.15406	986.72287	3	1	EEQYJSTYR		1189.51199	5 4 0 1 0	(N(N(H(H(N(H)))(H(N(H(F)))))))	264	0 1 0 0 0;0 2 0 0 0;1 2 0 0 0;2 2 0 0 0;2 3 0 0 0;3 2 0 0 0;3 3 0 0 0;3 3 0 1 0;3 4 0 0 0;4 3 0 0 0;4 3 0 1 0;4 4 0 0 0;4 4 0 1 0;5 4 0 0 0;	1768.63952	5	11.25344	9.73210	14.07877	6	0.00255	0.86277	0.37500	0.56250	0.00000	0	0	14.07877	7.81653	12.03509	3.345455804338395e-11	0.005742411812961444	0.005742411812961444	sp|P01857|IGHG1_HUMAN	180
2020111CXY-7.18632.18632.3.0.dta	2020111CXY-7.18632.18632.3.0.dta	2020111CXY-7	18632	4991.51739	4097.63641	1366.55032	3	1	GTAGNALMDGASQLMGEJR		1892.85892	5 4 2 0 0	(N(N(H(H(N(H(A))))(H(N(H(A)))))))	754	0 1 0 0 0;0 2 0 0 0;1 2 0 0 0;2 2 0 0 0;2 3 0 0 0;3 2 0 0 0;3 3 0 0 0;3 3 1 0 0;3 4 0 0 0;4 3 0 0 0;4 3 1 0 0;4 4 0 0 0;4 4 1 0 0;5 4 0 0 0;5 4 1 0 0;	2204.77244	18	59.34243	77.09567	26.37213	6	0.00504	1.23119	0.58824	0.75000	0.00000	0	0	26.37213	23.65769	61.70820	1.9398327538761908e-19	0.0	1.9398327538761908e-19	sp|P02675|FIBB_HUMAN	394
2020111CXY-7.6671.6671.3.0.dta	2020111CXY-7.6671.6671.3.0.dta	2020111CXY-7	6671	1767.30993	3147.27622	1049.76359	3	1	GHVJITR		796.44241	5 4 2 1 0	(N(N(H(H(N(H(A))))(H(N(F)(H(A)))))))	993	0 1 0 0 0;0 2 0 0 0;1 2 0 0 0;2 2 0 0 0;2 3 0 0 0;2 3 0 1 0;3 2 0 0 0;3 3 0 0 0;3 3 0 1 0;3 3 1 0 0;3 3 1 1 0;3 4 0 0 0;3 4 0 1 0;4 3 0 0 0;4 3 0 1 0;4 3 1 0 0;4 3 1 1 0;4 4 0 0 0;4 4 0 1 0;4 4 1 0 0;4 4 1 1 0;5 4 0 0 0;5 4 0 1 0;5 4 1 0 0;5 4 1 1 0;5 4 2 0 0;	2350.83035	4	59.11810	40.96554	92.82998	7	0.00346	1.09941	0.75000	0.91667	0.00000	0	0	92.82998	13.38482	60.45658	2.0821131000592338e-64	0.0	2.0821131000592338e-64	sp|P00734|THRB_HUMAN	121
2020111CXY-7.14274.14274.3.0.dta	2020111CXY-7.14274.14274.3.0.dta	2020111CXY-7	14274	3813.92834	3512.47567	1171.49674	3	1	TPLTAJITK		958.55677	5 5 2 1 0	(N(F)(N(H(H(N(H(A))))(H(N)(N(H(A)))))))	1312	0 1 0 0 0;0 1 0 1 0;0 2 0 0 0;0 2 0 1 0;1 2 0 0 0;1 2 0 1 0;2 2 0 0 0;2 2 0 1 0;2 3 0 0 0;2 3 0 1 0;2 4 0 0 0;2 4 0 1 0;3 2 0 0 0;3 2 0 1 0;3 3 0 0 0;3 3 0 1 0;3 3 1 0 0;3 3 1 1 0;3 4 0 0 0;3 4 0 1 0;3 4 1 0 0;3 4 1 1 0;3 5 0 0 0;3 5 0 1 0;4 3 0 0 0;4 3 0 1 0;4 3 1 0 0;4 3 1 1 0;4 4 0 0 0;4 4 0 1 0;4 4 1 0 0;4 4 1 1 0;4 5 0 0 0;4 5 0 1 0;4 5 1 0 0;4 5 1 1 0;5 4 0 0 0;5 4 0 1 0;5 4 1 0 0;5 4 1 1 0;5 4 2 0 0;5 4 2 1 0;5 5 0 0 0;5 5 0 1 0;5 5 1 0 0;5 5 1 1 0;5 5 2 0 0;	2553.90972	6	17.99556	22.32508	9.95503	6	0.00918	2.61315	0.22449	0.68750	0.00000	0	0	9.95503	9.12951	18.90851	2.3509427125371986e-08	0.0	2.3509427125371986e-08	sp|P01877|IGHA2_HUMAN	205
2020111CXY-7.5644.5644.3.0.dta	2020111CXY-7.5644.5644.3.0.dta	2020111CXY-7	5644	1495.19142	3673.49147	1225.16867	3	1	NAHGEEKEJLTAR		1468.71389	5 4 2 0 0	(N(N(H(H(N(H(A))))(H(N(H(A)))))))	754	0 1 0 0 0;0 2 0 0 0;1 2 0 0 0;2 2 0 0 0;2 3 0 0 0;3 2 0 0 0;3 3 0 0 0;3 3 1 0 0;3 4 0 0 0;4 3 0 0 0;4 3 1 0 0;4 4 0 0 0;4 4 1 0 0;5 4 0 0 0;5 4 1 0 0;	2204.77244	9	43.16472	29.23743	69.02971	7	0.00514	1.39866	0.82353	0.58333	0.00000	0	0	69.02971	13.77982	44.54270	2.806006754741481e-48	0.0	2.806006754741481e-48	sp|Q06033|ITIH3_HUMAN	580
2020111CXY-7.11857.11857.2.0.dta	2020111CXY-7.11857.11857.2.0.dta	2020111CXY-7	11857	3162.58295	3217.26024	1609.13376	2	1	EEQFJSTFR		1157.52218	5 4 1 1 0	(N(F)(N(H(H(N(H)))(H(N(H(A)))))))	549	0 1 0 0 0;0 1 0 1 0;0 2 0 0 0;0 2 0 1 0;1 2 0 0 0;1 2 0 1 0;2 2 0 0 0;2 2 0 1 0;2 3 0 0 0;2 3 0 1 0;3 2 0 0 0;3 2 0 1 0;3 3 0 0 0;3 3 0 1 0;3 3 1 0 0;3 3 1 1 0;3 4 0 0 0;3 4 0 1 0;4 3 0 0 0;4 3 0 1 0;4 3 1 0 0;4 3 1 1 0;4 4 0 0 0;4 4 0 1 0;4 4 1 0 0;4 4 1 1 0;5 4 0 0 0;5 4 0 1 0;5 4 1 0 0;	2059.73493	5	17.15743	17.05947	17.33933	8	0.00313	0.97340	0.29032	0.68750	0.00000	0	0	17.33933	10.37932	18.19536	2.391554221840865e-13	0.0	2.391554221840865e-13	sp|P01859|IGHG2_HUMAN	176
2020111CXY-7.9527.9527.3.0.dta	2020111CXY-7.9527.9527.3.0.dta	2020111CXY-7	9527	2534.02480	2967.19200	989.73552	3	1	EEQFJSTFR		1157.52218	4 5 0 1 0	(N(F)(N(H(N)(H(N(H))(N(H))))))	291	0 1 0 0 0;0 1 0 1 0;0 2 0 0 0;0 2 0 1 0;1 2 0 0 0;1 2 0 1 0;1 3 0 0 0;1 3 0 1 0;2 2 0 0 0;2 2 0 1 0;2 3 0 0 0;2 3 0 1 0;2 4 0 0 0;2 4 0 1 0;2 5 0 0 0;2 5 0 1 0;3 3 0 0 0;3 3 0 1 0;3 4 0 0 0;3 4 0 1 0;3 5 0 0 0;3 5 0 1 0;4 4 0 0 0;4 4 0 1 0;4 5 0 0 0;	1809.66607	5	51.90338	62.03288	33.09143	7	0.00376	1.26588	0.51852	1.06250	0.00000	0	0	33.09143	18.40272	53.74365	4.3445692816359335e-24	0.0	4.3445692816359335e-24	sp|P01859|IGHG2_HUMAN	176
2020111CXY-7.4241.4241.3.0.dta	2020111CXY-7.4241.4241.3.0.dta	2020111CXY-7	4241	1120.73710	3116.34526	1039.45327	3	1	TKPREEQYJSTYR		1671.80851	3 4 0 1 0	(N(F)(N(H(H(N))(H(N)))))	95	0 1 0 0 0;0 1 0 1 0;0 2 0 0 0;0 2 0 1 0;1 2 0 0 0;1 2 0 1 0;2 2 0 0 0;2 2 0 1 0;2 3 0 0 0;2 3 0 1 0;3 2 0 0 0;3 2 0 1 0;3 3 0 0 0;3 3 0 1 0;3 4 0 0 0;	1444.53387	9	40.03897	18.22099	80.55808	9	0.00288	0.92483	1.00000	0.54167	0.00000	0	0	80.55808	10.45561	41.08453	2.54256648963505e-56	0.0	2.54256648963505e-56	sp|P01857|IGHG1_HUMAN	180
2020111CXY-7.7303.7303.3.0.dta	2020111CXY-7.7303.7303.3.0.dta	2020111CXY-7	7303	1937.23359	2780.10697	927.37384	3	1	EEQFJSTYR		1173.51708	4 4 0 1 0	(N(N(H(H(N(H))(N(H)(F))))))	164	0 1 0 0 0;0 2 0 0 0;1 2 0 0 0;2 2 0 0 0;2 3 0 0 0;2 3 0 1 0;2 4 0 0 0;2 4 0 1 0;3 3 0 0 0;3 3 0 1 0;3 4 0 0 0;3 4 0 1 0;4 4 0 0 0;	1606.58669	5	18.69720	16.83220	22.16078	6	0.00320	1.15019	0.46667	0.68750	0.00000	0	0	22.16078	8.28078	19.52528	1.1458950912356217e-16	0.0025996533795493936	0.0025996533795493936	sp|P01861|IGHG4_HUMAN	177
2020111CXY-7.11412.11412.3.0.dta	2020111CXY-7.11412.11412.3.0.dta	2020111CXY-7	11412	3042.48742	3383.42544	1128.48000	3	1	TPLTAJITK		958.55677	6 5 1 1 0	(N(F)(N(H(H(N(H(A))))(H(N(H))(N(H))))))	1095	0 1 0 0 0;0 1 0 1 0;0 2 0 0 0;0 2 0 1 0;1 2 0 0 0;1 2 0 1 0;2 2 0 0 0;2 2 0 1 0;2 3 0 0 0;2 3 0 1 0;2 4 0 0 0;2 4 0 1 0;3 2 0 0 0;3 2 0 1 0;3 3 0 0 0;3 3 0 1 0;3 3 1 0 0;3 3 1 1 0;3 4 0 0 0;3 4 0 1 0;3 5 0 0 0;3 5 0 1 0;4 3 0 0 0;4 3 0 1 0;4 3 1 0 0;4 3 1 1 0;4 4 0 0 0;4 4 0 1 0;4 4 1 0 0;4 4 1 1 0;4 5 0 0 0;4 5 0 1 0;4 5 1 0 0;4 5 1 1 0;5 4 0 0 0;5 4 0 1 0;5 4 1 0 0;5 4 1 1 0;5 5 0 0 0;5 5 0 1 0;5 5 1 0 0;5 5 1 1 0;6 5 0 0 0;6 5 0 1 0;6 5 1 0 0;	2424.86713	6	47.57504	62.46925	19.91435	7	0.00153	0.45330	0.31915	1.18750	0.00000	0	0	19.91435	18.41163	49.41620	3.937107336783422e-15	0.0	3.937107336783422e-15	sp|P01877|IGHA2_HUMAN	205
2020111CXY-7.17225.17225.3.0.dta	2020111CXY-7.17225.17225.3.0.dta	2020111CXY-7	17225	4613.78913	4131.65946	1377.89134	3	1	GTAGNALMDGASQLMGEJR	8,Oxidation[M];	1908.85384	6 4 0 3 0	(N(F)(N(H(H(N(H(F))))(H(N(H(H)(F)))))))	786	0 1 0 0 0;0 1 0 1 0;0 2 0 0 0;0 2 0 1 0;1 2 0 0 0;1 2 0 1 0;2 2 0 0 0;2 2 0 1 0;2 3 0 0 0;2 3 0 1 0;3 2 0 0 0;3 2 0 1 0;3 3 0 0 0;3 3 0 1 0;3 3 0 2 0;3 4 0 0 0;3 4 0 1 0;4 3 0 0 0;4 3 0 1 0;4 3 0 2 0;4 4 0 0 0;4 4 0 1 0;4 4 0 2 0;5 3 0 0 0;5 3 0 1 0;5 3 0 2 0;5 4 0 0 0;5 4 0 1 0;5 4 0 2 0;5 4 0 3 0;6 4 0 0 0;6 4 0 1 0;6 4 0 2 0;	2222.80816	18	39.24210	50.78131	17.81216	7	-0.00253	-0.61303	0.31429	0.61111	0.00000	0	0	17.81216	17.45270	40.98737	8.59097040082978e-14	0.0	8.59097040082978e-14	sp|P02675|FIBB_HUMAN	394
2020111CXY-7.9604.9604.3.0.dta	2020111CXY-7.9604.9604.3.0.dta	2020111CXY-7	9604	2554.75601	2967.19216	989.73557	3	1	EEQFJSTFR		1157.52218	4 5 0 1 0	(N(N(H(N)(H(N(H))(N(H)(F))))))	293	0 1 0 0 0;0 2 0 0 0;1 2 0 0 0;1 3 0 0 0;2 2 0 0 0;2 3 0 0 0;2 3 0 1 0;2 4 0 0 0;2 4 0 1 0;2 5 0 0 0;2 5 0 1 0;3 3 0 0 0;3 3 0 1 0;3 4 0 0 0;3 4 0 1 0;3 5 0 0 0;3 5 0 1 0;4 4 0 0 0;4 4 0 1 0;4 5 0 0 0;	1809.66607	5	42.83789	46.31060	36.38857	6	0.00392	1.32149	0.50000	1.00000	0.00000	0	0	36.38857	15.48326	44.38622	3.761514724357972e-26	0.0	3.761514724357972e-26	sp|P01859|IGHG2_HUMAN	176
2020111CXY-7.18807.18807.3.0.dta	2020111CXY-7.18807.18807.3.0.dta	2020111CXY-7	18807	5038.26140	3350.47685	1117.49713	3	1	IYSGILJLSDITK		1436.79951	5 4 1 0 0	(N(N(H(H(N(H)))(H(N(H(A)))))))	380	0 1 0 0 0;0 2 0 0 0;1 2 0 0 0;2 2 0 0 0;2 3 0 0 0;3 2 0 0 0;3 3 0 0 0;3 3 1 0 0;3 4 0 0 0;4 3 0 0 0;4 3 1 0 0;4 4 0 0 0;4 4 1 0 0;5 4 0 0 0;	1913.67702	7	28.42076	35.62764	15.03656	6	0.00031	0.09267	0.43750	0.83333	0.00000	0	0	15.03656	14.11482	29.83224	8.80945258247072e-12	0.0	8.80945258247072e-12	sp|P03952|KLKB1_HUMAN	453
2020111CXY-7.13481.13481.3.0.dta	2020111CXY-7.13481.13481.3.0.dta	2020111CXY-7	13481	3599.16696	3260.27705	1087.43053	3	1	DTFVJASR		909.44247	5 4 2 1 0	(N(F)(N(H(H)(H(N(H(A)))(N(H(A)))))))	988	0 1 0 0 0;0 1 0 1 0;0 2 0 0 0;0 2 0 1 0;1 2 0 0 0;1 2 0 1 0;2 2 0 0 0;2 2 0 1 0;2 3 0 0 0;2 3 0 1 0;2 4 0 0 0;2 4 0 1 0;3 2 0 0 0;3 2 0 1 0;3 3 0 0 0;3 3 0 1 0;3 3 1 0 0;3 3 1 1 0;3 4 0 0 0;3 4 0 1 0;3 4 1 0 0;3 4 1 1 0;4 3 0 0 0;4 3 0 1 0;4 3 1 0 0;4 3 1 1 0;4 4 0 0 0;4 4 0 1 0;4 4 1 0 0;4 4 1 1 0;4 4 2 0 0;4 4 2 1 0;5 4 0 0 0;5 4 0 1 0;5 4 1 0 0;5 4 1 1 0;5 4 2 0 0;	2350.83035	5	16.52647	11.87855	25.15833	9	0.00423	1.29748	0.30769	0.57143	0.00000	0	0	25.15833	7.43183	17.26965	1.5681392710818043e-18	0.00944138473642801	0.00944138473642801	sp|P05155|IC1_HUMAN	238
2020111CXY-7.17639.17639.3.0.dta	2020111CXY-7.17639.17639.3.0.dta	2020111CXY-7	17639	4724.37925	4428.80493	1476.93983	3	1	QQQHLFGSJVTDCSGJFCLFR	13,Carbamidomethyl[C];18,Carbamidomethyl[C];	2515.12414	5 4 1 0 0	(N(N(H(H(N(H)))(H(N(H(A)))))))	380	0 1 0 0 0;0 2 0 0 0;1 2 0 0 0;2 2 0 0 0;2 3 0 0 0;3 2 0 0 0;3 3 0 0 0;3 3 1 0 0;3 4 0 0 0;4 3 0 0 0;4 3 1 0 0;4 4 0 0 0;4 4 1 0 0;5 4 0 0 0;	1913.67702	16	40.05874	49.85107	21.87298	7	0.00377	0.85023	0.56250	0.75000	0.00000	0	0	21.87298	21.17533	42.17627	1.783965736999793e-16	0.0	1.783965736999793e-16	sp|P02787|TRFE_HUMAN	637
2020111CXY-7.11425.11425.3.2.dta	2020111CXY-7.11425.11425.3.2.dta	2020111CXY-7	11425	3046.03851	3035.31866	1012.44440	3	1	TPLTAJITK		958.55677	6 4 0 2 0	(N(F)(N(H(H(N(H)))(H(N(H(H)(F)))))))	574	0 1 0 0 0;0 1 0 1 0;0 2 0 0 0;0 2 0 1 0;1 2 0 0 0;1 2 0 1 0;2 2 0 0 0;2 2 0 1 0;2 3 0 0 0;2 3 0 1 0;3 2 0 0 0;3 2 0 1 0;3 3 0 0 0;3 3 0 1 0;3 3 0 2 0;3 4 0 0 0;3 4 0 1 0;4 3 0 0 0;4 3 0 1 0;4 3 0 2 0;4 4 0 0 0;4 4 0 1 0;4 4 0 2 0;5 3 0 0 0;5 3 0 1 0;5 3 0 2 0;5 4 0 0 0;5 4 0 1 0;5 4 0 2 0;6 4 0 0 0;6 4 0 1 0;	2076.75025	6	14.62011	18.37203	7.65225	6	0.01163	3.83320	0.27273	0.68750	0.00000	0	0	7.65225	9.18681	15.53879	5.061290744895148e-07	0.0	5.061290744895148e-07	sp|P01877|IGHA2_HUMAN	205
2020111CXY-7.5136.5136.3.0.dta	2020111CXY-7.5136.5136.3.0.dta	2020111CXY-7	5136	1360.44420	3100.35042	1034.12166	3	1	TKPREEQFJSTYR		1655.81360	3 4 0 1 0	(N(F)(N(H(H(N))(H(N)))))	95	0 1 0 0 0;0 1 0 1 0;0 2 0 0 0;0 2 0 1 0;1 2 0 0 0;1 2 0 1 0;2 2 0 0 0;2 2 0 1 0;2 3 0 0 0;2 3 0 1 0;3 2 0 0 0;3 2 0 1 0;3 3 0 0 0;3 3 0 1 0;3 4 0 0 0;	1444.53387	9	40.28172	19.37748	79.10390	9	0.00295	0.95024	1.00000	0.58333	0.00000	0	0	79.10390	11.21942	41.40366	2.536099909232814e-55	0.0	2.536099909232814e-55	sp|P01861|IGHG4_HUMAN	177
2020111CXY-7.9399.9399.2.0.dta	2020111CXY-7.9399.9399.2.0.dta	2020111CXY-7	9399	2500.10048	2561.03324	1281.02026	2	1	EEQFJSTFR		1157.52218	4 3 0 1 0	(N(F)(N(H(H)(H(N(H))))))	77	0 1 0 0 0;0 1 0 1 0;0 2 0 0 0;0 2 0 1 0;1 2 0 0 0;1 2 0 1 0;2 2 0 0 0;2 2 0 1 0;2 3 0 0 0;2 3 0 1 0;3 2 0 0 0;3 2 0 1 0;3 3 0 0 0;3 3 0 1 0;4 3 0 0 0;	1403.50732	5	21.17638	18.79892	25.59168	8	0.00374	1.46198	0.47059	0.68750	0.00000	0	0	25.59168	10.83815	22.26019	6.955037373019166e-19	0.0	6.955037373019166e-19	sp|P01859|IGHG2_HUMAN	176
2020111CXY-7.7844.7844.3.0.dta	2020111CXY-7.7844.7844.3.0.dta	2020111CXY-7	7844	2082.53476	3249.25082	1083.75512	3	1	EEQYJSTYR		1189.51199	5 4 1 1 0	(N(N(H(H(N(H)(F)))(H(N(H(A)))))))	550	0 1 0 0 0;0 2 0 0 0;1 2 0 0 0;2 2 0 0 0;2 3 0 0 0;2 3 0 1 0;3 2 0 0 0;3 3 0 0 0;3 3 0 1 0;3 3 1 0 0;3 4 0 0 0;3 4 0 1 0;4 3 0 0 0;4 3 0 1 0;4 3 1 0 0;4 4 0 0 0;4 4 0 1 0;4 4 1 0 0;4 4 1 1 0;5 4 0 0 0;5 4 0 1 0;5 4 1 0 0;	2059.73493	5	14.62375	11.07755	21.20956	7	0.00389	1.19864	0.37500	0.56250	0.00000	0	0	21.20956	8.12825	15.43658	4.035120137196407e-16	0.0025996533795493936	0.0025996533795493936	sp|P01857|IGHG1_HUMAN	180
2020111CXY-7.15604.15604.3.0.dta	2020111CXY-7.15604.15604.3.0.dta	2020111CXY-7	15604	4173.99855	3649.63404	1217.21620	3	1	TVLTPATNHMGJVTFTIPANR	10,Oxidation[M];	2271.15503	6 2 0 0 0	(N(N(H(H)(H(H)(H(H))))))	60	0 1 0 0 0;0 2 0 0 0;1 2 0 0 0;2 2 0 0 0;3 2 0 0 0;4 2 0 0 0;5 2 0 0 0;	1378.47569	12	48.63372	49.43352	47.14838	7	0.00333	0.91150	0.88889	0.67500	0.00000	0	0	47.14838	18.43124	50.47684	7.476682817850863e-34	0.0	7.476682817850863e-34	sp|P01024|CO3_HUMAN	85
2020111CXY-7.4989.4989.2.0.dta	2020111CXY-7.4989.4989.2.0.dta	2020111CXY-7	4989	1320.95370	3141.27623	1571.14175	2	1	YKJNSDISSTR		1284.61786	5 3 1 1 0	(N(F)(N(H(H(H))(H(N(H(A)))))))	322	0 1 0 0 0;0 1 0 1 0;0 2 0 0 0;0 2 0 1 0;1 2 0 0 0;1 2 0 1 0;2 2 0 0 0;2 2 0 1 0;2 3 0 0 0;2 3 0 1 0;3 2 0 0 0;3 2 0 1 0;3 3 0 0 0;3 3 0 1 0;3 3 1 0 0;3 3 1 1 0;4 2 0 0 0;4 2 0 1 0;4 3 0 0 0;4 3 0 1 0;4 3 1 0 0;4 3 1 1 0;5 3 0 0 0;5 3 0 1 0;5 3 1 0 0;	1856.65556	3	68.76836	49.26856	104.98228	9	0.00281	0.89557	0.85185	1.05000	0.00000	0	0	104.98228	17.50610	70.51897	1.7541767629978628e-72	0.0	1.7541767629978628e-72	sp|P01871|IGHM_HUMAN	46
2020111CXY-7.19626.19626.3.0.dta	2020111CXY-7.19626.19626.3.0.dta	2020111CXY-7	19626	5258.06153	3669.57646	1223.86367	3	1	YLGJATAIFFLPDEGK		1755.89521	5 4 1 0 0	(N(N(H(H(N(H)))(H(N(H(A)))))))	380	0 1 0 0 0;0 2 0 0 0;1 2 0 0 0;2 2 0 0 0;2 3 0 0 0;3 2 0 0 0;3 3 0 0 0;3 3 1 0 0;3 4 0 0 0;4 3 0 0 0;4 3 1 0 0;4 4 0 0 0;4 4 1 0 0;5 4 0 0 0;	1913.67702	4	68.14080	91.34827	25.04122	6	0.00423	1.15231	0.50000	0.93333	0.00000	0	0	25.04122	27.72685	70.91348	1.9349969166750527e-18	0.0	1.9349969166750527e-18	sp|P01009|A1AT_HUMAN	271
2020111CXY-7.17408.17408.3.0.dta	2020111CXY-7.17408.17408.3.0.dta	2020111CXY-7	17408	4662.69357	4001.59082	1334.53512	3	1	LNAENJATFYFK		1431.69030	6 5 2 0 0	(N(N(H(H(N(H(A))))(H(N(H))(N(H(A)))))))	1338	0 1 0 0 0;0 2 0 0 0;1 2 0 0 0;2 2 0 0 0;2 3 0 0 0;2 4 0 0 0;3 2 0 0 0;3 3 0 0 0;3 3 1 0 0;3 4 0 0 0;3 4 1 0 0;3 5 0 0 0;4 3 0 0 0;4 3 1 0 0;4 4 0 0 0;4 4 1 0 0;4 5 0 0 0;4 5 1 0 0;5 4 0 0 0;5 4 1 0 0;5 4 2 0 0;5 5 0 0 0;5 5 1 0 0;5 5 2 0 0;6 5 0 0 0;6 5 1 0 0;	2569.90464	6	19.41014	22.61868	13.45143	6	-0.00411	-1.02784	0.28571	0.68182	0.00000	0	0	13.45143	11.38158	20.54830	9.545403196512166e-11	0.0	9.545403196512166e-11	sp|P01042|KNG1_HUMAN	294
2020111CXY-7.9373.9373.2.0.dta	2020111CXY-7.9373.9373.2.0.dta	2020111CXY-7	9373	2493.21003	2764.11108	1382.55918	2	1	EEQFJSTFR		1157.52218	4 4 0 1 0	(N(F)(N(H(H(N))(H(N(H))))))	158	0 1 0 0 0;0 1 0 1 0;0 2 0 0 0;0 2 0 1 0;1 2 0 0 0;1 2 0 1 0;2 2 0 0 0;2 2 0 1 0;2 3 0 0 0;2 3 0 1 0;3 2 0 0 0;3 2 0 1 0;3 3 0 0 0;3 3 0 1 0;3 4 0 0 0;3 4 0 1 0;4 3 0 0 0;4 3 0 1 0;4 4 0 0 0;	1606.58669	5	61.96646	59.74202	66.09756	9	0.00221	0.80013	0.66667	1.00000	0.00000	0	0	66.09756	18.34379	63.80084	1.406277889556782e-46	0.0	1.406277889556782e-46	sp|P01859|IGHG2_HUMAN	176
2020111CXY-7.15603.15603.3.0.dta	2020111CXY-7.15603.15603.3.0.dta	2020111CXY-7	15603	4173.72081	3027.24644	1009.75366	3	1	VLJFTTK		822.47198	5 4 2 0 0	(N(N(H(H(N(H(A))))(H(N(H(A)))))))	754	0 1 0 0 0;0 2 0 0 0;1 2 0 0 0;2 2 0 0 0;2 3 0 0 0;3 2 0 0 0;3 3 0 0 0;3 3 1 0 0;3 4 0 0 0;4 3 0 0 0;4 3 1 0 0;4 4 0 0 0;4 4 1 0 0;5 4 0 0 0;5 4 1 0 0;	2204.77244	3	54.28870	71.13151	23.00921	6	0.00202	0.66693	0.47059	1.41667	0.00000	0	0	23.00921	19.42582	56.23128	4.0037546225871806e-17	0.0	4.0037546225871806e-17	sp|P13671|CO6_HUMAN	324
2020111CXY-7.11467.11467.4.1.dta	2020111CXY-7.11467.11467.4.1.dta	2020111CXY-7	11467	3057.63085	4070.84946	1018.46782	4	1	KLHINHNJLTESVGPLPK		2011.10833	5 4 1 1 0	(N(F)(N(H(H(N(H)))(H(N(H(A)))))))	549	0 1 0 0 0;0 1 0 1 0;0 2 0 0 0;0 2 0 1 0;1 2 0 0 0;1 2 0 1 0;2 2 0 0 0;2 2 0 1 0;2 3 0 0 0;2 3 0 1 0;3 2 0 0 0;3 2 0 1 0;3 3 0 0 0;3 3 0 1 0;3 3 1 0 0;3 3 1 1 0;3 4 0 0 0;3 4 0 1 0;4 3 0 0 0;4 3 0 1 0;4 3 1 0 0;4 3 1 1 0;4 4 0 0 0;4 4 0 1 0;4 4 1 0 0;4 4 1 1 0;5 4 0 0 0;5 4 0 1 0;5 4 1 0 0;	2059.73493	8	47.63807	25.19029	89.32679	9	0.00619	1.52049	0.74194	0.52941	0.00000	0	0	89.32679	13.00388	48.93846	3.537191483478051e-62	0.0	3.537191483478051e-62	sp|P51884|LUM_HUMAN	127
2020111CXY-7.10234.10234.2.0.dta	2020111CXY-7.10234.10234.2.0.dta	2020111CXY-7	10234	2724.83517	2535.08717	1268.04722	2	1	IDSTGJVTNELR		1318.65973	5 2 0 0 0	(N(N(H(H)(H(H(H))))))	32	0 1 0 0 0;0 2 0 0 0;1 2 0 0 0;2 2 0 0 0;3 2 0 0 0;4 2 0 0 0;	1216.42286	6	40.19318	38.46004	43.41187	7	0.00457	1.80352	1.00000	0.86364	0.00000	0	0	43.41187	14.15906	41.60909	5.393184402632402e-31	0.0	5.393184402632402e-31	sp|O75882|ATRN_HUMAN	416
2020111CXY-7.2591.2591.4.0.dta	2020111CXY-7.2591.2591.4.0.dta	2020111CXY-7	2591	681.49693	3828.51766	957.88487	4	1	HSHNJJSSDLHPHK		1623.73709	5 4 2 0 0	(N(N(H(H(N(H(A))))(H(N(H(A)))))))	754	0 1 0 0 0;0 2 0 0 0;1 2 0 0 0;2 2 0 0 0;2 3 0 0 0;3 2 0 0 0;3 3 0 0 0;3 3 1 0 0;3 4 0 0 0;4 3 0 0 0;4 3 1 0 0;4 4 0 0 0;4 4 1 0 0;5 4 0 0 0;5 4 1 0 0;	2204.77244	5	76.45228	78.35127	72.92557	7	0.00813	2.12405	0.76471	0.92308	0.00000	0	0	72.92557	22.90152	78.74243	6.492778542272058e-51	0.0	6.492778542272058e-51	sp|P04196|HRG_HUMAN	344
2020111CXY-7.17035.17035.3.0.dta	2020111CXY-7.17035.17035.3.0.dta	2020111CXY-7	17035	4561.86748	4406.88220	1469.63225	3	1	LAGKPTHVJVSVVMAEVDGTCY	21,Carbamidomethyl[C];	2347.14207	5 4 1 1 0	(N(N(H(H(N(H)(F)))(H(N(H(A)))))))	550	0 1 0 0 0;0 2 0 0 0;1 2 0 0 0;2 2 0 0 0;2 3 0 0 0;2 3 0 1 0;3 2 0 0 0;3 3 0 0 0;3 3 0 1 0;3 3 1 0 0;3 4 0 0 0;3 4 0 1 0;4 3 0 0 0;4 3 0 1 0;4 3 1 0 0;4 4 0 0 0;4 4 0 1 0;4 4 1 0 0;4 4 1 1 0;5 4 0 0 0;5 4 0 1 0;5 4 1 0 0;	2059.73493	9	11.87371	13.30494	9.21572	5	0.00519	1.17763	0.33333	0.35714	0.00000	0	0	9.21572	8.68866	12.74258	6.964193477819193e-08	0.0009208103130755065	0.0009208103130755065	sp|P01876|IGHA1_HUMAN	340
2020111CXY-7.18508.18508.3.0.dta	2020111CXY-7.18508.18508.3.0.dta	2020111CXY-7	18508	4957.62229	3390.43211	1130.81555	3	1	CGLVPVLAENYJK	1,Carbamidomethyl[C];	1476.75152	5 4 1 0 0	(N(N(H(H(N(H)))(H(N(H(A)))))))	380	0 1 0 0 0;0 2 0 0 0;1 2 0 0 0;2 2 0 0 0;2 3 0 0 0;3 2 0 0 0;3 3 0 0 0;3 3 1 0 0;3 4 0 0 0;4 3 0 0 0;4 3 1 0 0;4 4 0 0 0;4 4 1 0 0;5 4 0 0 0;	1913.67702	12	17.55693	22.22885	8.88051	5	0.00357	1.05252	0.37500	0.58333	0.00000	0	0	8.88051	10.34018	18.59095	9.762481286838879e-08	0.0	9.762481286838879e-08	sp|P02787|TRFE_HUMAN	432
2020111CXY-7.15399.15399.3.0.dta	2020111CXY-7.15399.15399.3.0.dta	2020111CXY-7	15399	4118.71495	3813.61105	1271.87520	3	1	KVCQDCPLLAPLJDTR	3,Carbamidomethyl[C];6,Carbamidomethyl[C];	1899.94153	5 4 1 0 0	(N(N(H(H(N(H)))(H(N(H(A)))))))	380	0 1 0 0 0;0 2 0 0 0;1 2 0 0 0;2 2 0 0 0;2 3 0 0 0;3 2 0 0 0;3 3 0 0 0;3 3 1 0 0;3 4 0 0 0;4 3 0 0 0;4 3 1 0 0;4 4 0 0 0;4 4 1 0 0;5 4 0 0 0;	1913.67702	13	5.83734	7.90900	1.98997	3	-0.00750	-1.96756	0.25000	0.30000	0.00000	0	0	1.98997	7.78200	6.61554	0.0022999874951053355	0.005742411812961444	0.005742411812961444	sp|P02765|FETUA_HUMAN	156
2020111CXY-7.18314.18314.4.1.dta	2020111CXY-7.18314.18314.4.1.dta	2020111CXY-7	18314	4905.15256	4037.77713	1010.19974	4	1	VDKDLQSLEDILHQVEJK		2123.09789	5 4 0 2 0	(N(N(H(H(N(H(F))))(H(N(H(F)))))))	384	0 1 0 0 0;0 2 0 0 0;1 2 0 0 0;2 2 0 0 0;2 3 0 0 0;3 2 0 0 0;3 3 0 0 0;3 3 0 1 0;3 4 0 0 0;4 3 0 0 0;4 3 0 1 0;4 4 0 0 0;4 4 0 1 0;5 4 0 0 0;5 4 0 1 0;	1914.69742	17	29.53029	19.47976	48.19556	7	-0.01818	-4.50287	0.58824	0.44118	0.00000	0	0	48.19556	10.39419	30.56971	2.6831741453439344e-34	0.0	2.6831741453439344e-34	sp|P02679|FIBG_HUMAN	78
2020111CXY-7.14045.14045.3.0.dta	2020111CXY-7.14045.14045.3.0.dta	2020111CXY-7	14045	3752.10490	4737.96934	1579.99463	3	1	ELHHLQEQJVSNAFLDK		2022.00393	6 5 2 1 0	(N(N(H(H(N(H)(F)))(H(N(H(A)))(N(H(A)))))))	1590	0 1 0 0 0;0 2 0 0 0;1 2 0 0 0;2 2 0 0 0;2 3 0 0 0;2 3 0 1 0;2 4 0 0 0;3 2 0 0 0;3 3 0 0 0;3 3 0 1 0;3 3 1 0 0;3 4 0 0 0;3 4 0 1 0;3 4 1 0 0;3 5 0 0 0;3 5 0 1 0;4 3 0 0 0;4 3 0 1 0;4 3 1 0 0;4 4 0 0 0;4 4 0 1 0;4 4 1 0 0;4 4 1 1 0;4 4 2 0 0;4 5 0 0 0;4 5 0 1 0;4 5 1 0 0;4 5 1 1 0;5 4 0 0 0;5 4 0 1 0;5 4 1 0 0;5 4 1 1 0;5 4 2 0 0;5 5 0 0 0;5 5 0 1 0;5 5 1 0 0;5 5 1 1 0;5 5 2 0 0;5 5 2 1 0;6 5 0 0 0;6 5 0 1 0;6 5 1 0 0;6 5 1 1 0;6 5 2 0 0;	2715.96255	9	10.57088	14.06562	4.08064	4	0.00286	0.60389	0.17391	0.43750	0.00000	0	0	4.08064	9.94831	11.56571	0.00013145426036892255	0.0	0.00013145426036892255	sp|P00450|CERU_HUMAN	762
2020111CXY-7.7932.7932.3.0.dta	2020111CXY-7.7932.7932.3.0.dta	2020111CXY-7	7932	2106.10296	2994.15912	998.72456	3	1	GDNJLTR		789.38496	5 4 2 0 0	(N(N(H(H(N(H(A))))(H(N(H(A)))))))	754	0 1 0 0 0;0 2 0 0 0;1 2 0 0 0;2 2 0 0 0;2 3 0 0 0;3 2 0 0 0;3 3 0 0 0;3 3 1 0 0;3 4 0 0 0;4 3 0 0 0;4 3 1 0 0;4 4 0 0 0;4 4 1 0 0;5 4 0 0 0;5 4 1 0 0;	2204.77244	4	25.14640	19.59932	35.44813	7	0.00172	0.57444	0.58824	0.83333	0.00000	0	0	35.44813	8.34060	25.98046	1.2852541322100288e-25	0.0018165304268846503	0.0018165304268846503	sp|P00742|FA10_HUMAN	231
2020111CXY-7.7689.7689.2.0.dta	2020111CXY-7.7689.7689.2.0.dta	2020111CXY-7	7689	2040.57440	3249.25022	1625.12875	2	1	EEQYJSTYR		1189.51199	5 4 1 1 0	(N(F)(N(H(H(N(H)))(H(N(H(A)))))))	549	0 1 0 0 0;0 1 0 1 0;0 2 0 0 0;0 2 0 1 0;1 2 0 0 0;1 2 0 1 0;2 2 0 0 0;2 2 0 1 0;2 3 0 0 0;2 3 0 1 0;3 2 0 0 0;3 2 0 1 0;3 3 0 0 0;3 3 0 1 0;3 3 1 0 0;3 3 1 1 0;3 4 0 0 0;3 4 0 1 0;4 3 0 0 0;4 3 0 1 0;4 3 1 0 0;4 3 1 1 0;4 4 0 0 0;4 4 0 1 0;4 4 1 0 0;4 4 1 1 0;5 4 0 0 0;5 4 0 1 0;5 4 1 0 0;	2059.73493	5	18.01596	13.95336	25.56078	8	0.00330	1.01552	0.38710	0.62500	0.00000	0	0	25.56078	9.49774	18.96573	7.253511248563217e-19	0.0	7.253511248563217e-19	sp|P01857|IGHG1_HUMAN	180
2020111CXY-7.14542.14542.3.0.dta	2020111CXY-7.14542.14542.3.0.dta	2020111CXY-7	14542	3886.72278	3855.55462	1285.85639	3	1	GTAGNALMDGASQLMGEJR	8,Oxidation[M];15,Oxidation[M];	1924.84875	6 4 0 1 0	(N(N(H(H(H))(H(N(H))(N(H)(F))))))	399	0 1 0 0 0;0 2 0 0 0;1 2 0 0 0;2 2 0 0 0;2 3 0 0 0;2 3 0 1 0;2 4 0 0 0;2 4 0 1 0;3 2 0 0 0;3 3 0 0 0;3 3 0 1 0;3 4 0 0 0;3 4 0 1 0;4 2 0 0 0;4 3 0 0 0;4 3 0 1 0;4 4 0 0 0;4 4 0 1 0;5 3 0 0 0;5 3 0 1 0;5 4 0 0 0;5 4 0 1 0;6 4 0 0 0;	1930.69234	18	13.95560	13.71533	14.40181	6	0.01353	3.50891	0.32000	0.30556	0.00000	0	0	14.40181	8.52367	14.80797	2.079721856791791e-11	0.0009208103130755065	0.0009208103130755065	sp|P02675|FIBB_HUMAN	394
2020111CXY-7.3928.3928.3.0.dta	2020111CXY-7.3928.3928.3.0.dta	2020111CXY-7	3928	1036.90138	2907.19897	969.73784	3	1	YKJNSDISSTR		1284.61786	5 4 0 0 0	(N(N(H(H)(N)(H(H)(H(N))))))	174	0 1 0 0 0;0 2 0 0 0;1 2 0 0 0;1 3 0 0 0;2 2 0 0 0;2 3 0 0 0;3 2 0 0 0;3 3 0 0 0;3 4 0 0 0;4 2 0 0 0;4 3 0 0 0;4 4 0 0 0;5 2 0 0 0;5 3 0 0 0;	1622.58161	3	39.13990	22.71972	69.63451	7	-0.00049	-0.16923	0.87500	0.75000	0.00000	0	0	69.63451	10.46874	40.18677	1.1754517121641616e-48	0.0	1.1754517121641616e-48	sp|P01871|IGHM_HUMAN	46
2020111CXY-7.13400.13400.3.0.dta	2020111CXY-7.13400.13400.3.0.dta	2020111CXY-7	13400	3577.31204	2891.24712	964.42056	3	1	HAJWTLTPLK		1180.64732	5 3 1 0 0	(N(N(H(H(H))(H(N(H(A)))))))	220	0 1 0 0 0;0 2 0 0 0;1 2 0 0 0;2 2 0 0 0;2 3 0 0 0;3 2 0 0 0;3 3 0 0 0;3 3 1 0 0;4 2 0 0 0;4 3 0 0 0;4 3 1 0 0;5 3 0 0 0;	1710.59765	3	75.60003	73.32525	79.82462	7	0.00215	0.74502	0.92857	1.11111	0.00000	0	0	79.82462	21.88576	77.78861	1.0902479040130693e-55	0.0	1.0902479040130693e-55	sp|P27169|PON1_HUMAN	253
2020111CXY-7.19300.19300.3.1.dta	2020111CXY-7.19300.19300.3.1.dta	2020111CXY-7	19300	5170.42516	3696.54133	1232.85196	3	1	GAFISJFSMTVDGK		1473.70424	6 4 0 3 0	(N(F)(N(H(H(N(H(F))))(H(N(H(H)(F)))))))	786	0 1 0 0 0;0 1 0 1 0;0 2 0 0 0;0 2 0 1 0;1 2 0 0 0;1 2 0 1 0;2 2 0 0 0;2 2 0 1 0;2 3 0 0 0;2 3 0 1 0;3 2 0 0 0;3 2 0 1 0;3 3 0 0 0;3 3 0 1 0;3 3 0 2 0;3 4 0 0 0;3 4 0 1 0;4 3 0 0 0;4 3 0 1 0;4 3 0 2 0;4 4 0 0 0;4 4 0 1 0;4 4 0 2 0;5 3 0 0 0;5 3 0 1 0;5 3 0 2 0;5 4 0 0 0;5 4 0 1 0;5 4 0 2 0;5 4 0 3 0;6 4 0 0 0;6 4 0 1 0;6 4 0 2 0;	2222.80816	6	16.56587	20.29704	9.63657	6	0.02894	7.82763	0.22857	0.57692	0.00000	0	0	9.63657	10.63469	17.62934	3.4644462555389065e-08	0.0	3.4644462555389065e-08	sp|P19823|ITIH2_HUMAN	118
2020111CXY-7.11121.11121.4.3.dta	2020111CXY-7.11121.11121.4.3.dta	2020111CXY-7	11121	2963.97585	2849.24849	713.06758	4	1	KTDJGTEAWGSSATQTFNSGACIDK	22,Carbamidomethyl[C];	2646.17365	0 1 0 0 0	(N)	0		203.07937	4	5.24373	8.06727	0.00000	0	-0.00454	-1.59208	0.00000	0.18750	0.00000	0	0	0.00000	7.81150	6.02488	0	0.005742411812961444	0.005742411812961444	sp|Q8NDV7|TNR6A_HUMAN	748
2020111CXY-7.15130.15130.3.0.dta	2020111CXY-7.15130.15130.3.0.dta	2020111CXY-7	15130	4045.68713	3855.55979	1285.85811	3	1	GTAGNALMDGASQLMGEJR	8,Oxidation[M];15,Oxidation[M];	1924.84875	6 4 0 1 0	(N(N(H(H(H))(H(N(H))(N(H)(F))))))	399	0 1 0 0 0;0 2 0 0 0;1 2 0 0 0;2 2 0 0 0;2 3 0 0 0;2 3 0 1 0;2 4 0 0 0;2 4 0 1 0;3 2 0 0 0;3 3 0 0 0;3 3 0 1 0;3 4 0 0 0;3 4 0 1 0;4 2 0 0 0;4 3 0 0 0;4 3 0 1 0;4 4 0 0 0;4 4 0 1 0;5 3 0 0 0;5 3 0 1 0;5 4 0 0 0;5 4 0 1 0;6 4 0 0 0;	1930.69234	18	15.99415	18.13622	12.01602	5	0.01869	4.84879	0.36000	0.36111	0.00000	0	0	12.01602	9.28368	16.92252	1.085431268581174e-09	0.0	1.085431268581174e-09	sp|P02675|FIBB_HUMAN	394
2020111CXY-7.6626.6626.2.0.dta	2020111CXY-7.6626.6626.2.0.dta	2020111CXY-7	6626	1755.13199	2796.10294	1398.55511	2	1	EEQYJSTYR		1189.51199	4 4 0 1 0	(N(F)(N(H(H(N(H))(N(H))))))	166	0 1 0 0 0;0 1 0 1 0;0 2 0 0 0;0 2 0 1 0;1 2 0 0 0;1 2 0 1 0;2 2 0 0 0;2 2 0 1 0;2 3 0 0 0;2 3 0 1 0;2 4 0 0 0;2 4 0 1 0;3 3 0 0 0;3 3 0 1 0;3 4 0 0 0;3 4 0 1 0;4 4 0 0 0;	1606.58669	5	8.62237	9.07358	7.78442	6	0.00425	1.52128	0.31579	0.56250	0.00000	0	0	7.78442	8.03933	9.42630	4.1384354387372353e-07	0.003352891869237217	0.003352891869237217	sp|P01857|IGHG1_HUMAN	180
2020111CXY-7.6170.6170.3.0.dta	2020111CXY-7.6170.6170.3.0.dta	2020111CXY-7	6170	1633.48066	3502.40193	1168.13883	3	1	PREEQYJSTYR		1442.66586	5 4 1 1 0	(N(F)(N(H(H(N(H)))(H(N(H(A)))))))	549	0 1 0 0 0;0 1 0 1 0;0 2 0 0 0;0 2 0 1 0;1 2 0 0 0;1 2 0 1 0;2 2 0 0 0;2 2 0 1 0;2 3 0 0 0;2 3 0 1 0;3 2 0 0 0;3 2 0 1 0;3 3 0 0 0;3 3 0 1 0;3 3 1 0 0;3 3 1 1 0;3 4 0 0 0;3 4 0 1 0;4 3 0 0 0;4 3 0 1 0;4 3 1 0 0;4 3 1 1 0;4 4 0 0 0;4 4 0 1 0;4 4 1 0 0;4 4 1 1 0;5 4 0 0 0;5 4 0 1 0;5 4 1 0 0;	2059.73493	7	43.74419	23.44627	81.44034	9	0.00113	0.32226	0.74194	0.65000	0.00000	0	0	81.44034	11.08650	44.85284	7.518799035251828e-57	0.0	7.518799035251828e-57	sp|P01857|IGHG1_HUMAN	180
2020111CXY-7.9531.9531.2.0.dta	2020111CXY-7.9531.9531.2.0.dta	2020111CXY-7	9531	2535.18941	2967.19142	1484.09935	2	1	EEQFJSTFR		1157.52218	4 5 0 1 0	(N(N(H(N)(H(N(H)))(H(N(F))))))	303	0 1 0 0 0;0 2 0 0 0;1 2 0 0 0;1 3 0 0 0;2 2 0 0 0;2 3 0 0 0;2 3 0 1 0;2 4 0 0 0;2 4 0 1 0;3 2 0 0 0;3 3 0 0 0;3 3 0 1 0;3 4 0 0 0;3 4 0 1 0;3 5 0 0 0;3 5 0 1 0;4 3 0 0 0;4 4 0 0 0;4 4 0 1 0;4 5 0 0 0;	1809.66607	5	38.68965	37.35312	41.17177	7	0.00318	1.07007	0.54545	0.81250	0.00000	0	0	41.17177	13.73970	40.06362	1.700498683652672e-29	0.0	1.700498683652672e-29	sp|P01859|IGHG2_HUMAN	176
2020111CXY-7.13664.13664.3.0.dta	2020111CXY-7.13664.13664.3.0.dta	2020111CXY-7	13664	3648.70019	3131.24503	1044.41986	3	1	DTFVJASR		909.44247	6 4 1 1 0	(N(N(H(H(N(H(H))))(H(N(F)(H(A)))))))	783	0 1 0 0 0;0 2 0 0 0;1 2 0 0 0;2 2 0 0 0;2 3 0 0 0;2 3 0 1 0;3 2 0 0 0;3 3 0 0 0;3 3 0 1 0;3 3 1 0 0;3 3 1 1 0;3 4 0 0 0;3 4 0 1 0;4 3 0 0 0;4 3 0 1 0;4 3 1 0 0;4 3 1 1 0;4 4 0 0 0;4 4 0 1 0;4 4 1 0 0;4 4 1 1 0;5 3 0 0 0;5 4 0 0 0;5 4 0 1 0;5 4 1 0 0;5 4 1 1 0;6 4 0 0 0;6 4 0 1 0;6 4 1 0 0;	2221.78776	5	21.59704	25.86688	13.66733	6	0.01480	4.72696	0.25806	0.85714	0.00000	0	0	13.66733	11.09109	22.70615	6.244297609689753e-11	0.0	6.244297609689753e-11	sp|P05155|IC1_HUMAN	238
2020111CXY-7.6031.6031.2.0.dta	2020111CXY-7.6031.6031.2.0.dta	2020111CXY-7	6031	1596.73031	3015.17640	1508.09184	2	1	EEQYJSTYR		1189.51199	5 5 0 0 0	(N(N(H(N)(H(N(H)))(H(N(H))))))	309	0 1 0 0 0;0 2 0 0 0;1 2 0 0 0;1 3 0 0 0;2 2 0 0 0;2 3 0 0 0;2 4 0 0 0;3 2 0 0 0;3 3 0 0 0;3 4 0 0 0;3 5 0 0 0;4 3 0 0 0;4 4 0 0 0;4 5 0 0 0;5 4 0 0 0;	1825.66098	5	19.40645	22.62372	13.43151	5	0.00343	1.13840	0.41176	0.75000	0.00000	0	0	13.43151	11.15280	20.52173	1.0598079800246965e-10	0.0	1.0598079800246965e-10	sp|P01857|IGHG1_HUMAN	180
2020111CXY-7.5468.5468.4.1.dta	2020111CXY-7.5468.5468.4.1.dta	2020111CXY-7	5468	1447.98357	3547.43530	887.61428	4	1	YKJNSDISSTR		1284.61786	5 5 1 1 0	(N(F)(N(H(N)(H(N(H)))(H(N(H(A)))))))	824	0 1 0 0 0;0 1 0 1 0;0 2 0 0 0;0 2 0 1 0;1 2 0 0 0;1 2 0 1 0;1 3 0 0 0;1 3 0 1 0;2 2 0 0 0;2 2 0 1 0;2 3 0 0 0;2 3 0 1 0;2 4 0 0 0;2 4 0 1 0;3 2 0 0 0;3 2 0 1 0;3 3 0 0 0;3 3 0 1 0;3 3 1 0 0;3 3 1 1 0;3 4 0 0 0;3 4 0 1 0;3 4 1 0 0;3 4 1 1 0;3 5 0 0 0;3 5 0 1 0;4 3 0 0 0;4 3 0 1 0;4 3 1 0 0;4 3 1 1 0;4 4 0 0 0;4 4 0 1 0;4 4 1 0 0;4 4 1 1 0;4 5 0 0 0;4 5 0 1 0;4 5 1 0 0;4 5 1 1 0;5 4 0 0 0;5 4 0 1 0;5 4 1 0 0;5 4 1 1 0;5 5 0 0 0;5 5 0 1 0;5 5 1 0 0;	2262.81431	3	37.10530	18.40138	71.84116	9	0.00313	0.88293	0.48936	0.65000	0.00000	0	0	71.84116	10.18184	38.12348	3.4439014516679894e-50	0.0	3.4439014516679894e-50	sp|P01871|IGHM_HUMAN	46
2020111CXY-7.18817.18817.3.0.dta	2020111CXY-7.18817.18817.3.0.dta	2020111CXY-7	18817	5040.94703	4213.71194	1405.24216	3	1	JLTTSLTESVDR		1335.67505	7 5 2 1 0	(N(N(H(N)(H(H)(H))(H(N(H(A)))(N(F)(H(A)))))))	1849	0 1 0 0 0;0 2 0 0 0;1 2 0 0 0;1 3 0 0 0;2 2 0 0 0;2 3 0 0 0;2 3 0 1 0;2 4 0 0 0;2 4 0 1 0;2 5 0 0 0;2 5 0 1 0;3 2 0 0 0;3 3 0 0 0;3 3 0 1 0;3 3 1 0 0;3 3 1 1 0;3 4 0 0 0;3 4 0 1 0;3 4 1 0 0;3 4 1 1 0;3 5 0 0 0;3 5 0 1 0;3 5 1 0 0;3 5 1 1 0;4 2 0 0 0;4 3 0 0 0;4 3 0 1 0;4 3 1 0 0;4 3 1 1 0;4 4 0 0 0;4 4 0 1 0;4 4 1 0 0;4 4 1 1 0;4 4 2 0 0;4 4 2 1 0;4 5 0 0 0;4 5 0 1 0;4 5 1 0 0;4 5 1 1 0;4 5 2 0 0;4 5 2 1 0;5 2 0 0 0;5 3 0 0 0;5 3 0 1 0;5 3 1 0 0;5 3 1 1 0;5 4 0 0 0;5 4 0 1 0;5 4 1 0 0;5 4 1 1 0;5 4 2 0 0;5 4 2 1 0;5 5 0 0 0;5 5 0 1 0;5 5 1 0 0;5 5 1 1 0;5 5 2 0 0;5 5 2 1 0;6 3 0 0 0;6 3 0 1 0;6 3 1 0 0;6 3 1 1 0;6 4 0 0 0;6 4 0 1 0;6 4 1 0 0;6 4 1 1 0;6 4 2 0 0;6 4 2 1 0;6 5 0 0 0;6 5 0 1 0;6 5 1 0 0;6 5 1 1 0;6 5 2 0 0;6 5 2 1 0;7 4 0 0 0;7 4 0 1 0;7 4 1 0 0;7 4 1 1 0;7 4 2 0 0;7 4 2 1 0;7 5 0 0 0;7 5 0 1 0;7 5 1 0 0;7 5 1 1 0;7 5 2 0 0;	2878.01537	1	15.47708	22.77573	1.92245	4	0.02152	5.10755	0.05747	0.77273	0.00000	0	0	1.92245	10.35201	16.51228	0.0024985979823687063	0.0	0.0024985979823687063	sp|P80108|PHLD_HUMAN	307
2020111CXY-7.11472.11472.2.0.dta	2020111CXY-7.11472.11472.2.0.dta	2020111CXY-7	11472	3058.87603	3221.37546	1611.19137	2	1	TPLTAJITK		958.55677	5 5 1 1 0	(N(F)(N(H(H(N)(N(H)))(H(N(H(A)))))))	842	0 1 0 0 0;0 1 0 1 0;0 2 0 0 0;0 2 0 1 0;1 2 0 0 0;1 2 0 1 0;2 2 0 0 0;2 2 0 1 0;2 3 0 0 0;2 3 0 1 0;2 4 0 0 0;2 4 0 1 0;3 2 0 0 0;3 2 0 1 0;3 3 0 0 0;3 3 0 1 0;3 3 1 0 0;3 3 1 1 0;3 4 0 0 0;3 4 0 1 0;3 5 0 0 0;3 5 0 1 0;4 3 0 0 0;4 3 0 1 0;4 3 1 0 0;4 3 1 1 0;4 4 0 0 0;4 4 0 1 0;4 4 1 0 0;4 4 1 1 0;4 5 0 0 0;4 5 0 1 0;4 5 1 0 0;4 5 1 1 0;5 4 0 0 0;5 4 0 1 0;5 4 1 0 0;5 4 1 1 0;5 5 0 0 0;5 5 0 1 0;5 5 1 0 0;	2262.81431	6	8.80854	11.33696	4.11292	6	0.00438	1.35941	0.13953	0.50000	0.00000	0	0	4.11292	8.83693	9.69223	0.00012525323546315467	0.0	0.00012525323546315467	sp|P01877|IGHA2_HUMAN	205
2020111CXY-7.9694.9694.2.0.dta	2020111CXY-7.9694.9694.2.0.dta	2020111CXY-7	9694	2578.94828	2602.05899	1301.53313	2	1	EEQFJSTFR		1157.52218	3 4 0 1 0	(N(N(H(H(N(H))(N(F))))))	90	0 1 0 0 0;0 2 0 0 0;1 2 0 0 0;2 2 0 0 0;2 3 0 0 0;2 3 0 1 0;2 4 0 0 0;2 4 0 1 0;3 3 0 0 0;3 4 0 0 0;	1444.53387	5	26.78166	25.97085	28.28747	6	0.00294	1.12952	0.58333	0.75000	0.00000	0	0	28.28747	11.46342	27.92800	1.0208380488413786e-20	0.0	1.0208380488413786e-20	sp|P01859|IGHG2_HUMAN	176
2020111CXY-7.5027.5027.3.0.dta	2020111CXY-7.5027.5027.3.0.dta	2020111CXY-7	5027	1331.23549	3303.32938	1101.78131	3	1	YKJNSDISSTR		1284.61786	6 3 1 1 0	(N(F)(N(H(H(H)(H))(H(N(H(A)))))))	491	0 1 0 0 0;0 1 0 1 0;0 2 0 0 0;0 2 0 1 0;1 2 0 0 0;1 2 0 1 0;2 2 0 0 0;2 2 0 1 0;2 3 0 0 0;2 3 0 1 0;3 2 0 0 0;3 2 0 1 0;3 3 0 0 0;3 3 0 1 0;3 3 1 0 0;3 3 1 1 0;4 2 0 0 0;4 2 0 1 0;4 3 0 0 0;4 3 0 1 0;4 3 1 0 0;4 3 1 1 0;5 2 0 0 0;5 2 0 1 0;5 3 0 0 0;5 3 0 1 0;5 3 1 0 0;5 3 1 1 0;6 3 0 0 0;6 3 0 1 0;6 3 1 0 0;	2018.70838	3	63.09867	41.84024	102.57860	9	0.00314	0.95019	0.72727	0.95000	0.00000	0	0	102.57860	14.62919	64.56159	7.414293413183135e-71	0.0	7.414293413183135e-71	sp|P01871|IGHM_HUMAN	46
2020111CXY-7.16065.16065.3.0.dta	2020111CXY-7.16065.16065.3.0.dta	2020111CXY-7	16065	4298.89476	3887.67346	1296.56267	3	1	LAGKPTHVJVSVVMAEVDGTCY	21,Carbamidomethyl[C];	2347.14207	7 2 0 0 0	(N(N(H(H)(H(H(H))(H(H))))))	122	0 1 0 0 0;0 2 0 0 0;1 2 0 0 0;2 2 0 0 0;3 2 0 0 0;4 2 0 0 0;5 2 0 0 0;6 2 0 0 0;	1540.52851	9	20.92909	21.58939	19.70281	6	0.00288	0.74060	0.80000	0.42857	0.00000	0	0	19.70281	11.40166	22.06926	5.266227217934765e-15	0.0	5.266227217934765e-15	sp|P01876|IGHA1_HUMAN	340
2020111CXY-7.5775.5775.2.0.dta	2020111CXY-7.5775.5775.2.0.dta	2020111CXY-7	5775	1530.26008	2430.96770	1215.98749	2	1	EEQYJSTYR		1189.51199	3 3 0 1 0	(N(F)(N(H(H)(H(N)))))	37	0 1 0 0 0;0 1 0 1 0;0 2 0 0 0;0 2 0 1 0;1 2 0 0 0;1 2 0 1 0;2 2 0 0 0;2 2 0 1 0;2 3 0 0 0;2 3 0 1 0;3 2 0 0 0;3 2 0 1 0;3 3 0 0 0;	1241.45450	5	44.06001	43.22667	45.60762	9	0.00122	0.50087	0.66667	0.93750	0.00000	0	0	45.60762	14.77954	45.53796	1.411415218805716e-32	0.0	1.411415218805716e-32	sp|P01857|IGHG1_HUMAN	180
2020111CXY-7.4968.4968.3.0.dta	2020111CXY-7.4968.4968.3.0.dta	2020111CXY-7	4968	1315.32247	3490.41597	1164.14351	3	1	YKJNSDISSTR		1284.61786	5 4 1 2 0	(N(F)(N(H(H(N(H(A))))(H(N(H(F)))))))	767	0 1 0 0 0;0 1 0 1 0;0 2 0 0 0;0 2 0 1 0;1 2 0 0 0;1 2 0 1 0;2 2 0 0 0;2 2 0 1 0;2 3 0 0 0;2 3 0 1 0;3 2 0 0 0;3 2 0 1 0;3 3 0 0 0;3 3 0 1 0;3 3 0 2 0;3 3 1 0 0;3 3 1 1 0;3 4 0 0 0;3 4 0 1 0;4 3 0 0 0;4 3 0 1 0;4 3 0 2 0;4 3 1 0 0;4 3 1 1 0;4 4 0 0 0;4 4 0 1 0;4 4 0 2 0;4 4 1 0 0;4 4 1 1 0;5 4 0 0 0;5 4 0 1 0;5 4 0 2 0;5 4 1 0 0;5 4 1 1 0;	2205.79284	3	73.09193	49.68460	116.56269	9	0.00527	1.51039	0.77778	1.05000	0.00000	0	0	116.56269	16.44664	74.73659	1.754487706439363e-79	0.0	1.754487706439363e-79	sp|P01871|IGHM_HUMAN	46
2020111CXY-7.16642.16642.3.0.dta	2020111CXY-7.16642.16642.3.0.dta	2020111CXY-7	16642	4455.11118	3822.53652	1274.85036	3	1	GTAGNALMDGASQLMGEJR	15,Oxidation[M];	1908.85384	5 4 1 0 0	(N(N(H(H(N(H)))(H(N(H(A)))))))	380	0 1 0 0 0;0 2 0 0 0;1 2 0 0 0;2 2 0 0 0;2 3 0 0 0;3 2 0 0 0;3 3 0 0 0;3 3 1 0 0;3 4 0 0 0;4 3 0 0 0;4 3 1 0 0;4 4 0 0 0;4 4 1 0 0;5 4 0 0 0;	1913.67702	18	30.78987	29.66795	32.87345	7	0.00566	1.48082	0.62500	0.50000	0.00000	0	0	32.87345	13.27653	32.11752	5.0790183357295156e-24	0.0	5.0790183357295156e-24	sp|P02675|FIBB_HUMAN	394
2020111CXY-7.9297.9297.2.0.dta	2020111CXY-7.9297.9297.2.0.dta	2020111CXY-7	9297	2473.16184	2618.05406	1309.53067	2	1	EEQFJSTFR		1157.52218	4 4 0 0 0	(N(N(H(H(N))(H(N(H))))))	98	0 1 0 0 0;0 2 0 0 0;1 2 0 0 0;2 2 0 0 0;2 3 0 0 0;3 2 0 0 0;3 3 0 0 0;3 4 0 0 0;4 3 0 0 0;	1460.52878	5	43.38009	42.98685	44.11039	7	0.00310	1.18502	0.81818	0.93750	0.00000	0	0	44.11039	15.12920	44.89301	1.3399957899586852e-31	0.0	1.3399957899586852e-31	sp|P01859|IGHG2_HUMAN	176
2020111CXY-7.6027.6027.3.0.dta	2020111CXY-7.6027.6027.3.0.dta	2020111CXY-7	6027	1595.58900	2958.15436	986.72297	3	1	EEQYJSTYR		1189.51199	5 4 0 1 0	(N(N(H(H(N(H)))(H(N(H(F)))))))	264	0 1 0 0 0;0 2 0 0 0;1 2 0 0 0;2 2 0 0 0;2 3 0 0 0;3 2 0 0 0;3 3 0 0 0;3 3 0 1 0;3 4 0 0 0;4 3 0 0 0;4 3 0 1 0;4 4 0 0 0;4 4 0 1 0;5 4 0 0 0;	1768.63952	5	20.36994	14.73697	30.83117	7	0.00286	0.96520	0.56250	0.62500	0.00000	0	0	30.83117	9.30496	21.30044	1.5526558060315218e-22	0.0	1.5526558060315218e-22	sp|P01857|IGHG1_HUMAN	180
2020111CXY-7.13301.13301.3.0.dta	2020111CXY-7.13301.13301.3.0.dta	2020111CXY-7	13301	3550.85202	3114.21791	1038.74416	3	1	DTFVJASR		909.44247	5 4 2 0 0	(N(N(H(H(N(H(A))))(H(N(H(A)))))))	754	0 1 0 0 0;0 2 0 0 0;1 2 0 0 0;2 2 0 0 0;2 3 0 0 0;3 2 0 0 0;3 3 0 0 0;3 3 1 0 0;3 4 0 0 0;4 3 0 0 0;4 3 1 0 0;4 4 0 0 0;4 4 1 0 0;5 4 0 0 0;5 4 1 0 0;	2204.77244	5	33.67119	37.98781	25.65460	6	0.00300	0.96396	0.52941	0.92857	0.00000	0	0	25.65460	13.87683	35.05887	6.3895681573561895e-19	0.0	6.3895681573561895e-19	sp|P05155|IC1_HUMAN	238
2020111CXY-7.5511.5511.3.0.dta	2020111CXY-7.5511.5511.3.0.dta	2020111CXY-7	5511	1459.20180	3053.19990	1018.40482	3	1	JNSDISSTR		993.45958	5 4 1 1 0	(N(N(H(H(N(H)(F)))(H(N(H(A)))))))	550	0 1 0 0 0;0 2 0 0 0;1 2 0 0 0;2 2 0 0 0;2 3 0 0 0;2 3 0 1 0;3 2 0 0 0;3 3 0 0 0;3 3 0 1 0;3 3 1 0 0;3 4 0 0 0;3 4 0 1 0;4 3 0 0 0;4 3 0 1 0;4 3 1 0 0;4 4 0 0 0;4 4 0 1 0;4 4 1 0 0;4 4 1 1 0;5 4 0 0 0;5 4 0 1 0;5 4 1 0 0;	2059.73493	1	50.33108	61.04111	30.44102	7	0.00539	1.76559	0.41667	1.25000	0.00000	0	0	30.44102	18.62932	52.19401	2.737807929274811e-22	0.0	2.737807929274811e-22	sp|P01871|IGHM_HUMAN	46
2020111CXY-7.18495.18495.4.1.dta	2020111CXY-7.18495.18495.4.1.dta	2020111CXY-7	18495	4954.02969	5393.31689	1349.08468	4	1	DKICDLLVANNHFAHFFAPQJLTNMNK	4,Carbamidomethyl[C];25,Oxidation[M];	3188.54044	5 4 2 0 0	(N(N(H(H(N(H(A))))(H(N(H(A)))))))	754	0 1 0 0 0;0 2 0 0 0;1 2 0 0 0;2 2 0 0 0;2 3 0 0 0;3 2 0 0 0;3 3 0 0 0;3 3 1 0 0;3 4 0 0 0;4 3 0 0 0;4 3 1 0 0;4 4 0 0 0;4 4 1 0 0;5 4 0 0 0;5 4 1 0 0;	2204.77244	21	14.29807	20.82888	2.16942	3	0.00402	0.74462	0.23529	0.36538	0.00000	0	0	2.16942	11.06019	15.40409	0.0019479641577991574	0.0	0.0019479641577991574	sp|P19827|ITIH1_HUMAN	285
2020111CXY-7.18254.18254.3.0.dta	2020111CXY-7.18254.18254.3.0.dta	2020111CXY-7	18254	4889.06426	4036.77688	1346.26381	3	1	VDKDLQSLEDILHQVEJK		2123.09789	5 4 1 0 0	(N(N(H(H(N(H)))(H(N(H(A)))))))	380	0 1 0 0 0;0 2 0 0 0;1 2 0 0 0;2 2 0 0 0;2 3 0 0 0;3 2 0 0 0;3 3 0 0 0;3 3 1 0 0;3 4 0 0 0;4 3 0 0 0;4 3 1 0 0;4 4 0 0 0;4 4 1 0 0;5 4 0 0 0;	1913.67702	17	58.15611	75.10978	26.67072	6	0.00197	0.48764	0.56250	0.79412	0.00000	0	0	26.67072	24.63546	60.61966	1.1075797415498365e-19	0.0	1.1075797415498365e-19	sp|P02679|FIBG_HUMAN	78
2020111CXY-7.13966.13966.3.0.dta	2020111CXY-7.13966.13966.3.0.dta	2020111CXY-7	13966	3730.75125	3164.24621	1055.42025	3	1	LGJWSAMPSCK	10,Carbamidomethyl[C];	1250.56564	5 4 1 0 0	(N(N(H(H(N(H)))(H(N(H(A)))))))	380	0 1 0 0 0;0 2 0 0 0;1 2 0 0 0;2 2 0 0 0;2 3 0 0 0;3 2 0 0 0;3 3 0 0 0;3 3 1 0 0;3 4 0 0 0;4 3 0 0 0;4 3 1 0 0;4 4 0 0 0;4 4 1 0 0;5 4 0 0 0;	1913.67702	3	39.97205	45.49239	29.71998	7	0.00355	1.12080	0.62500	1.00000	0.00000	0	0	29.71998	16.07042	41.57909	9.369740376882212e-22	0.0	9.369740376882212e-22	sp|P02749|APOH_HUMAN	253
2020111CXY-7.9103.9103.2.0.dta	2020111CXY-7.9103.9103.2.0.dta	2020111CXY-7	9103	2421.38815	2930.27884	1465.64306	2	1	TPLTAJITK		958.55677	5 5 0 1 0	(N(F)(N(H(N)(H(N(H)))(H(N(H))))))	459	0 1 0 0 0;0 1 0 1 0;0 2 0 0 0;0 2 0 1 0;1 2 0 0 0;1 2 0 1 0;1 3 0 0 0;1 3 0 1 0;2 2 0 0 0;2 2 0 1 0;2 3 0 0 0;2 3 0 1 0;2 4 0 0 0;2 4 0 1 0;3 2 0 0 0;3 2 0 1 0;3 3 0 0 0;3 3 0 1 0;3 4 0 0 0;3 4 0 1 0;3 5 0 0 0;3 5 0 1 0;4 3 0 0 0;4 3 0 1 0;4 4 0 0 0;4 4 0 1 0;4 5 0 0 0;4 5 0 1 0;5 4 0 0 0;5 4 0 1 0;5 5 0 0 0;	1971.71889	6	76.48918	98.45970	35.68680	7	0.00318	1.08443	0.48485	1.31250	0.00000	0	0	35.68680	27.24947	79.21413	9.015734614960944e-26	0.0	9.015734614960944e-26	sp|P01877|IGHA2_HUMAN	205
2020111CXY-7.14575.14575.3.0.dta	2020111CXY-7.14575.14575.3.0.dta	2020111CXY-7	14575	3895.61040	4097.61910	1366.54455	3	1	EHEGAIYPDJTTDFQR		1892.84094	5 4 2 0 0	(N(N(H(H(N(H(A))))(H(N(H(A)))))))	754	0 1 0 0 0;0 2 0 0 0;1 2 0 0 0;2 2 0 0 0;2 3 0 0 0;3 2 0 0 0;3 3 0 0 0;3 3 1 0 0;3 4 0 0 0;4 3 0 0 0;4 3 1 0 0;4 4 0 0 0;4 4 1 0 0;5 4 0 0 0;5 4 1 0 0;	2204.77244	10	42.32019	41.06849	44.64479	7	0.00572	1.39495	0.76471	0.63333	0.00000	0	0	44.64479	16.66347	43.98654	8.62211450032554e-32	0.0	8.62211450032554e-32	sp|P00450|CERU_HUMAN	138
2020111CXY-7.18506.18506.3.0.dta	2020111CXY-7.18506.18506.3.0.dta	2020111CXY-7	18506	4957.00707	4790.89758	1597.63738	3	1	SPYYJVSDEISFHCYDGYTLR	14,Carbamidomethyl[C];	2586.12415	5 4 2 0 0	(N(N(H(H(N(H(A))))(H(N(H(A)))))))	754	0 1 0 0 0;0 2 0 0 0;1 2 0 0 0;2 2 0 0 0;2 3 0 0 0;3 2 0 0 0;3 3 0 0 0;3 3 1 0 0;3 4 0 0 0;4 3 0 0 0;4 3 1 0 0;4 4 0 0 0;4 4 1 0 0;5 4 0 0 0;5 4 1 0 0;	2204.77244	5	13.31861	19.83778	1.21157	3	0.00100	0.20789	0.17647	0.47500	0.00000	0	0	1.21157	8.39000	14.15761	0.0060212006113714136	0.0018165304268846503	0.007826581218741066	sp|P00751|CFAB_HUMAN	122
2020111CXY-7.5657.5657.3.0.dta	2020111CXY-7.5657.5657.3.0.dta	2020111CXY-7	5657	1498.70301	2958.15481	986.72312	3	1	EEQYJSTYR		1189.51199	5 4 0 1 0	(N(N(H(H(N(H)))(H(N(H(F)))))))	264	0 1 0 0 0;0 2 0 0 0;1 2 0 0 0;2 2 0 0 0;2 3 0 0 0;3 2 0 0 0;3 3 0 0 0;3 3 0 1 0;3 4 0 0 0;4 3 0 0 0;4 3 0 1 0;4 4 0 0 0;4 4 0 1 0;5 4 0 0 0;	1768.63952	5	21.55680	15.72699	32.38359	7	0.00331	1.11834	0.56250	0.62500	0.00000	0	0	32.38359	8.68978	22.42578	1.4445361597504776e-23	0.0009208103130755065	0.0009208103130755065	sp|P01857|IGHG1_HUMAN	180
2020111CXY-7.16073.16073.4.0.dta	2020111CXY-7.16073.16073.4.0.dta	2020111CXY-7	16073	4301.34065	4301.97879	1076.25015	4	1	MVSHHJLTTGATLINEQWLLTTAK		2679.39230	5 4 0 0 0	(N(N(H(H(N(H)))(H(N(H))))))	175	0 1 0 0 0;0 2 0 0 0;1 2 0 0 0;2 2 0 0 0;2 3 0 0 0;3 2 0 0 0;3 3 0 0 0;3 4 0 0 0;4 3 0 0 0;4 4 0 0 0;	1622.58161	6	59.81879	69.17105	42.45030	7	0.00489	1.13553	0.83333	0.65217	0.00000	0	0	42.45030	24.33055	62.25185	2.1376543172944352e-30	0.0	2.1376543172944352e-30	sp|P00739|HPTR_HUMAN/sp|P00738|HPT_HUMAN	126/184
2020111CXY-7.16883.16883.3.0.dta	2020111CXY-7.16883.16883.3.0.dta	2020111CXY-7	16883	4520.82709	3708.69259	1236.90238	3	1	VVLHPJYSQVDIGLIK		1795.01124	5 4 1 0 0	(N(N(H(H(N(H)))(H(N(H(A)))))))	380	0 1 0 0 0;0 2 0 0 0;1 2 0 0 0;2 2 0 0 0;2 3 0 0 0;3 2 0 0 0;3 3 0 0 0;3 3 1 0 0;3 4 0 0 0;4 3 0 0 0;4 3 1 0 0;4 4 0 0 0;4 4 1 0 0;5 4 0 0 0;	1913.67702	6	21.18665	15.69381	31.38764	6	0.00433	1.16820	0.68750	0.43333	0.00000	0	0	31.38764	10.51716	22.23837	5.679949902797345e-23	0.0	5.679949902797345e-23	sp|P00738|HPT_HUMAN	241
2020111CXY-7.17301.17301.3.0.dta	2020111CXY-7.17301.17301.3.0.dta	2020111CXY-7	17301	4633.95234	4018.62581	1340.21345	3	1	LNAENJATFYFK		1431.69030	7 5 1 1 0	(N(N(H(N)(H(H)(H))(H(N(H)(F))(N(H(A)))))))	1369	0 1 0 0 0;0 2 0 0 0;1 2 0 0 0;1 3 0 0 0;2 2 0 0 0;2 3 0 0 0;2 3 0 1 0;2 4 0 0 0;2 4 0 1 0;2 5 0 0 0;2 5 0 1 0;3 2 0 0 0;3 3 0 0 0;3 3 0 1 0;3 3 1 0 0;3 4 0 0 0;3 4 0 1 0;3 4 1 0 0;3 4 1 1 0;3 5 0 0 0;3 5 0 1 0;3 5 1 0 0;3 5 1 1 0;4 2 0 0 0;4 3 0 0 0;4 3 0 1 0;4 3 1 0 0;4 4 0 0 0;4 4 0 1 0;4 4 1 0 0;4 4 1 1 0;4 5 0 0 0;4 5 0 1 0;4 5 1 0 0;4 5 1 1 0;5 2 0 0 0;5 3 0 0 0;5 3 0 1 0;5 3 1 0 0;5 4 0 0 0;5 4 0 1 0;5 4 1 0 0;5 4 1 1 0;5 5 0 0 0;5 5 0 1 0;5 5 1 0 0;5 5 1 1 0;6 3 0 0 0;6 3 0 1 0;6 3 1 0 0;6 4 0 0 0;6 4 0 1 0;6 4 1 0 0;6 4 1 1 0;6 5 0 0 0;6 5 0 1 0;6 5 1 0 0;6 5 1 1 0;7 4 0 0 0;7 4 0 1 0;7 4 1 0 0;7 4 1 1 0;7 5 0 0 0;7 5 0 1 0;7 5 1 0 0;	2586.91995	6	8.93244	10.08848	6.78551	5	0.01556	3.87229	0.13433	0.50000	0.00000	0	0	6.78551	7.79830	9.71227	1.9473219349132355e-06	0.005742411812961444	0.005742411812961444	sp|P01042|KNG1_HUMAN	294
2020111CXY-7.6630.6630.2.0.dta	2020111CXY-7.6630.6630.2.0.dta	2020111CXY-7	6630	1756.03534	3001.21885	1501.11307	2	1	GHVJITR		796.44241	5 4 2 0 0	(N(N(H(H(N(H(A))))(H(N(H(A)))))))	754	0 1 0 0 0;0 2 0 0 0;1 2 0 0 0;2 2 0 0 0;2 3 0 0 0;3 2 0 0 0;3 3 0 0 0;3 3 1 0 0;3 4 0 0 0;4 3 0 0 0;4 3 1 0 0;4 4 0 0 0;4 4 1 0 0;5 4 0 0 0;5 4 1 0 0;	2204.77244	4	58.12448	48.29738	76.37480	7	0.00400	1.33345	0.88235	0.91667	0.00000	0	0	76.37480	14.92170	59.61665	1.9423464398618725e-53	0.0	1.9423464398618725e-53	sp|P00734|THRB_HUMAN	121
2020111CXY-7.17027.17027.3.0.dta	2020111CXY-7.17027.17027.3.0.dta	2020111CXY-7	17027	4559.53521	3755.50133	1252.50529	3	1	SWPAVGJCSSALR	8,Carbamidomethyl[C];	1404.66886	5 4 2 1 0	(N(N(H(H(N(H(A))))(H(N(F)(H(A)))))))	993	0 1 0 0 0;0 2 0 0 0;1 2 0 0 0;2 2 0 0 0;2 3 0 0 0;2 3 0 1 0;3 2 0 0 0;3 3 0 0 0;3 3 0 1 0;3 3 1 0 0;3 3 1 1 0;3 4 0 0 0;3 4 0 1 0;4 3 0 0 0;4 3 0 1 0;4 3 1 0 0;4 3 1 1 0;4 4 0 0 0;4 4 0 1 0;4 4 1 0 0;4 4 1 1 0;5 4 0 0 0;5 4 0 1 0;5 4 1 0 0;5 4 1 1 0;5 4 2 0 0;	2350.83035	7	43.02762	52.32019	25.76999	6	0.00213	0.56588	0.39286	0.87500	0.00000	0	0	25.76999	17.74835	44.80245	5.453563021068101e-19	0.0	5.453563021068101e-19	sp|P02790|HEMO_HUMAN	187
2020111CXY-7.17202.17202.3.0.dta	2020111CXY-7.17202.17202.3.0.dta	2020111CXY-7	17202	4607.28106	3985.61814	1329.21090	3	1	GTAGNALMDGASQLMGEJR		1892.85892	7 4 0 1 0	(N(N(H(H(H)(H))(H(N(H))(N(H)(F))))))	586	0 1 0 0 0;0 2 0 0 0;1 2 0 0 0;2 2 0 0 0;2 3 0 0 0;2 3 0 1 0;2 4 0 0 0;2 4 0 1 0;3 2 0 0 0;3 3 0 0 0;3 3 0 1 0;3 4 0 0 0;3 4 0 1 0;4 2 0 0 0;4 3 0 0 0;4 3 0 1 0;4 4 0 0 0;4 4 0 1 0;5 2 0 0 0;5 3 0 0 0;5 3 0 1 0;5 4 0 0 0;5 4 0 1 0;6 3 0 0 0;6 3 0 1 0;6 4 0 0 0;6 4 0 1 0;7 4 0 0 0;	2092.74516	18	18.10425	16.70531	20.70227	6	0.01406	3.52677	0.36667	0.30556	0.00000	0	0	20.70227	10.17750	19.12200	9.358412879456066e-16	0.0	9.358412879456066e-16	sp|P02675|FIBB_HUMAN	394
2020111CXY-7.13819.13819.2.0.dta	2020111CXY-7.13819.13819.2.0.dta	2020111CXY-7	13819	3690.55006	3260.27530	1630.64129	2	1	DTFVJASR		909.44247	5 4 2 1 0	(N(F)(N(H(H(N(H(A))))(H(N(H(A)))))))	991	0 1 0 0 0;0 1 0 1 0;0 2 0 0 0;0 2 0 1 0;1 2 0 0 0;1 2 0 1 0;2 2 0 0 0;2 2 0 1 0;2 3 0 0 0;2 3 0 1 0;3 2 0 0 0;3 2 0 1 0;3 3 0 0 0;3 3 0 1 0;3 3 1 0 0;3 3 1 1 0;3 4 0 0 0;3 4 0 1 0;4 3 0 0 0;4 3 0 1 0;4 3 1 0 0;4 3 1 1 0;4 4 0 0 0;4 4 0 1 0;4 4 1 0 0;4 4 1 1 0;5 4 0 0 0;5 4 0 1 0;5 4 1 0 0;5 4 1 1 0;5 4 2 0 0;	2350.83035	5	20.26343	25.22331	11.05224	7	0.00248	0.76195	0.24242	0.85714	0.00000	0	0	11.05224	11.31736	21.39517	3.943985032344057e-09	0.0	3.943985032344057e-09	sp|P05155|IC1_HUMAN	238
2020111CXY-7.2831.2831.4.1.dta	2020111CXY-7.2831.2831.4.1.dta	2020111CXY-7	2831	745.13139	3828.51518	957.88425	4	1	HSHNJJSSDLHPHK		1623.73709	5 4 2 0 0	(N(N(H(H(N(H(A))))(H(N(H(A)))))))	754	0 1 0 0 0;0 2 0 0 0;1 2 0 0 0;2 2 0 0 0;2 3 0 0 0;3 2 0 0 0;3 3 0 0 0;3 3 1 0 0;3 4 0 0 0;4 3 0 0 0;4 3 1 0 0;4 4 0 0 0;4 4 1 0 0;5 4 0 0 0;5 4 1 0 0;	2204.77244	5	79.21007	64.04805	107.36811	7	0.00565	1.47524	0.94118	0.84615	0.00000	0	0	107.36811	18.96565	81.10664	9.435800946248599e-74	0.0	9.435800946248599e-74	sp|P04196|HRG_HUMAN	344
2020111CXY-7.17100.17100.3.0.dta	2020111CXY-7.17100.17100.3.0.dta	2020111CXY-7	17100	4579.39555	3609.44485	1203.81980	3	1	SWPAVGJCSSALR	8,Carbamidomethyl[C];	1404.66886	5 4 2 0 0	(N(N(H(H(N(H(A))))(H(N(H(A)))))))	754	0 1 0 0 0;0 2 0 0 0;1 2 0 0 0;2 2 0 0 0;2 3 0 0 0;3 2 0 0 0;3 3 0 0 0;3 3 1 0 0;3 4 0 0 0;4 3 0 0 0;4 3 1 0 0;4 4 0 0 0;4 4 1 0 0;5 4 0 0 0;5 4 1 0 0;	2204.77244	7	56.10569	67.00150	35.87061	6	0.00355	0.98325	0.64706	0.91667	0.00000	0	0	35.87061	21.42196	58.24789	6.977788551010316e-26	0.0	6.977788551010316e-26	sp|P02790|HEMO_HUMAN	187
2020111CXY-7.19033.19033.3.0.dta	2020111CXY-7.19033.19033.3.0.dta	2020111CXY-7	19033	5098.80464	3681.52688	1227.84714	3	1	CGLVPVLAENYJK	1,Carbamidomethyl[C];	1476.75152	5 4 2 0 0	(N(N(H(H(N(H(A))))(H(N(H(A)))))))	754	0 1 0 0 0;0 2 0 0 0;1 2 0 0 0;2 2 0 0 0;2 3 0 0 0;3 2 0 0 0;3 3 0 0 0;3 3 1 0 0;3 4 0 0 0;4 3 0 0 0;4 3 1 0 0;4 4 0 0 0;4 4 1 0 0;5 4 0 0 0;5 4 1 0 0;	2204.77244	12	30.62482	40.14276	12.94864	5	0.00292	0.79450	0.47059	0.70833	0.00000	0	0	12.94864	14.51565	32.07639	2.3128568335647587e-10	0.0	2.3128568335647587e-10	sp|P02787|TRFE_HUMAN	432
2020111CXY-7.5619.5619.3.0.dta	2020111CXY-7.5619.5619.3.0.dta	2020111CXY-7	5619	1488.38199	2977.17458	993.06304	3	1	JGTAVCATNR	6,Carbamidomethyl[C];	1063.49492	5 4 1 0 0	(N(N(H(H(N(H)))(H(N(H(A)))))))	380	0 1 0 0 0;0 2 0 0 0;1 2 0 0 0;2 2 0 0 0;2 3 0 0 0;3 2 0 0 0;3 3 0 0 0;3 3 1 0 0;3 4 0 0 0;4 3 0 0 0;4 3 1 0 0;4 4 0 0 0;4 4 1 0 0;5 4 0 0 0;	1913.67702	1	71.59917	85.91602	45.01074	7	0.00264	0.88691	0.62500	1.38889	0.00000	0	0	45.01074	24.22613	74.02178	5.024558100917681e-32	0.0	5.024558100917681e-32	sp|P05156|CFAI_HUMAN	70
2020111CXY-7.8866.8866.3.0.dta	2020111CXY-7.8866.8866.3.0.dta	2020111CXY-7	8866	2357.21344	3657.35124	1219.78860	3	1	NEEYJK		796.34716	6 5 3 0 0	(N(N(H(H(N(H(A))))(H(N(H(A)))(N(H(A)))))))	1823	0 1 0 0 0;0 2 0 0 0;1 2 0 0 0;2 2 0 0 0;2 3 0 0 0;2 4 0 0 0;3 2 0 0 0;3 3 0 0 0;3 3 1 0 0;3 4 0 0 0;3 4 1 0 0;3 5 0 0 0;4 3 0 0 0;4 3 1 0 0;4 4 0 0 0;4 4 1 0 0;4 4 2 0 0;4 5 0 0 0;4 5 1 0 0;5 4 0 0 0;5 4 1 0 0;5 4 2 0 0;5 5 0 0 0;5 5 1 0 0;5 5 2 0 0;6 5 0 0 0;6 5 1 0 0;6 5 2 0 0;	2861.00005	5	25.87673	34.46197	9.93271	6	0.00402	1.09983	0.23333	1.10000	0.00000	0	0	9.93271	11.10166	26.98690	2.564006725949341e-08	0.0	2.564006725949341e-08	sp|P02763|A1AG1_HUMAN/sp|P19652|A1AG2_HUMAN	56/56
2020111CXY-7.11883.11883.3.0.dta	2020111CXY-7.11883.11883.3.0.dta	2020111CXY-7	11883	3169.86591	3014.18069	1005.39841	3	1	EEQFJSTFR		1157.52218	5 3 1 1 0	(N(F)(N(H(H(H))(H(N(H(A)))))))	322	0 1 0 0 0;0 1 0 1 0;0 2 0 0 0;0 2 0 1 0;1 2 0 0 0;1 2 0 1 0;2 2 0 0 0;2 2 0 1 0;2 3 0 0 0;2 3 0 1 0;3 2 0 0 0;3 2 0 1 0;3 3 0 0 0;3 3 0 1 0;3 3 1 0 0;3 3 1 1 0;4 2 0 0 0;4 2 0 1 0;4 3 0 0 0;4 3 0 1 0;4 3 1 0 0;4 3 1 1 0;5 3 0 0 0;5 3 0 1 0;5 3 1 0 0;	1856.65556	5	19.97967	16.87140	25.75217	8	0.00296	0.98044	0.40741	0.62500	0.00000	0	0	25.75217	9.66637	20.94631	5.894032251614926e-19	0.0	5.894032251614926e-19	sp|P01859|IGHG2_HUMAN	176
2020111CXY-7.10746.10746.4.3.dta	2020111CXY-7.10746.10746.4.3.dta	2020111CXY-7	10746	2862.84743	4869.08818	1218.02750	4	1	SRYPHKPEIJSTTHPGADLQEJFCR	24,Carbamidomethyl[C];	2954.39621	5 4 0 2 0	(N(N(H(H(N(H(F))))(H(N(H(F)))))))	384	0 1 0 0 0;0 2 0 0 0;1 2 0 0 0;2 2 0 0 0;2 3 0 0 0;3 2 0 0 0;3 3 0 0 0;3 3 0 1 0;3 4 0 0 0;4 3 0 0 0;4 3 0 1 0;4 4 0 0 0;4 4 0 1 0;5 4 0 0 0;5 4 0 1 0;	1914.69742	10	16.72655	17.99163	14.37710	5	-0.00545	-1.11861	0.47059	0.37500	0.00000	0	0	14.37710	11.20171	17.84672	2.1605601709731406e-11	0.0	2.1605601709731406e-11	sp|P00734|THRB_HUMAN	143
2020111CXY-7.17069.17069.3.1.dta	2020111CXY-7.17069.17069.3.1.dta	2020111CXY-7	17069	4571.08307	3407.45896	1136.49117	3	1	CGLVPVLAENYJK	1,Carbamidomethyl[C];	1476.75152	6 4 0 1 0	(N(N(H(H(H))(H(N(H))(N(H)(F))))))	399	0 1 0 0 0;0 2 0 0 0;1 2 0 0 0;2 2 0 0 0;2 3 0 0 0;2 3 0 1 0;2 4 0 0 0;2 4 0 1 0;3 2 0 0 0;3 3 0 0 0;3 3 0 1 0;3 4 0 0 0;3 4 0 1 0;4 2 0 0 0;4 3 0 0 0;4 3 0 1 0;4 4 0 0 0;4 4 0 1 0;5 3 0 0 0;5 3 0 1 0;5 4 0 0 0;5 4 0 1 0;6 4 0 0 0;	1930.69234	12	55.83845	71.51296	26.72865	7	0.01510	4.43256	0.40000	0.95833	0.00000	0	0	26.72865	22.92481	58.13093	9.968897366765022e-20	0.0	9.968897366765022e-20	sp|P02787|TRFE_HUMAN	432
2020111CXY-7.6722.6722.2.0.dta	2020111CXY-7.6722.6722.2.0.dta	2020111CXY-7	6722	1781.07057	2634.04898	1317.52813	2	1	EEQYJSTYR		1189.51199	3 4 0 1 0	(N(N(H(H(N(H))(N(F))))))	90	0 1 0 0 0;0 2 0 0 0;1 2 0 0 0;2 2 0 0 0;2 3 0 0 0;2 3 0 1 0;2 4 0 0 0;2 4 0 1 0;3 3 0 0 0;3 4 0 0 0;	1444.53387	5	13.96622	9.32883	22.57851	6	0.00313	1.18642	0.50000	0.56250	0.00000	0	0	22.57851	8.09847	14.77607	6.964091362177515e-17	0.003352891869237217	0.003352891869237217	sp|P01857|IGHG1_HUMAN	180
2020111CXY-7.12857.12857.3.0.dta	2020111CXY-7.12857.12857.3.0.dta	2020111CXY-7	12857	3431.48167	3175.25849	1059.09101	3	1	JYTLTGR		824.42608	5 4 2 1 0	(N(F)(N(H(H(N(H(A))))(H(N(H(A)))))))	991	0 1 0 0 0;0 1 0 1 0;0 2 0 0 0;0 2 0 1 0;1 2 0 0 0;1 2 0 1 0;2 2 0 0 0;2 2 0 1 0;2 3 0 0 0;2 3 0 1 0;3 2 0 0 0;3 2 0 1 0;3 3 0 0 0;3 3 0 1 0;3 3 1 0 0;3 3 1 1 0;3 4 0 0 0;3 4 0 1 0;4 3 0 0 0;4 3 0 1 0;4 3 1 0 0;4 3 1 1 0;4 4 0 0 0;4 4 0 1 0;4 4 1 0 0;4 4 1 1 0;5 4 0 0 0;5 4 0 1 0;5 4 1 0 0;5 4 1 1 0;5 4 2 0 0;	2350.83035	1	36.96162	38.82008	33.51020	9	0.00205	0.64661	0.39394	1.25000	0.00000	0	0	33.51020	12.73036	38.23466	2.760873929504568e-24	0.0	2.760873929504568e-24	sp|P10643|CO7_HUMAN	754
2020111CXY-7.5092.5092.3.0.dta	2020111CXY-7.5092.5092.3.0.dta	2020111CXY-7	5092	1348.89833	2979.22381	993.74612	3	1	YKJNSDISSTR		1284.61786	4 3 1 1 0	(N(F)(N(H(H)(H(N(H(A)))))))	198	0 1 0 0 0;0 1 0 1 0;0 2 0 0 0;0 2 0 1 0;1 2 0 0 0;1 2 0 1 0;2 2 0 0 0;2 2 0 1 0;2 3 0 0 0;2 3 0 1 0;3 2 0 0 0;3 2 0 1 0;3 3 0 0 0;3 3 0 1 0;3 3 1 0 0;3 3 1 1 0;4 3 0 0 0;4 3 0 1 0;4 3 1 0 0;	1694.60274	3	38.34639	29.24740	55.24453	8	0.00322	1.08037	0.71429	0.85000	0.00000	0	0	55.24453	12.54422	39.60081	4.5884814516032836e-39	0.0	4.5884814516032836e-39	sp|P01871|IGHM_HUMAN	46
2020111CXY-7.19473.19473.3.0.dta	2020111CXY-7.19473.19473.3.0.dta	2020111CXY-7	19473	5217.28266	3649.56184	1217.19213	3	1	ALPQPQJVTSLLGCTH	14,Carbamidomethyl[C];	1735.87958	5 4 1 0 0	(N(N(H(H(N(H)))(H(N(H(A)))))))	380	0 1 0 0 0;0 2 0 0 0;1 2 0 0 0;2 2 0 0 0;2 3 0 0 0;3 2 0 0 0;3 3 0 0 0;3 3 1 0 0;3 4 0 0 0;4 3 0 0 0;4 3 1 0 0;4 4 0 0 0;4 4 1 0 0;5 4 0 0 0;	1913.67702	7	10.91710	15.40573	2.58107	3	0.00524	1.43510	0.31250	0.50000	0.00000	0	0	2.58107	7.54465	11.67157	0.001236448947532195	0.008750994431185362	0.009889352322885602	sp|P02790|HEMO_HUMAN	453
2020111CXY-7.18775.18775.3.0.dta	2020111CXY-7.18775.18775.3.0.dta	2020111CXY-7	18775	5029.66692	3649.56029	1217.19161	3	1	ALPQPQJVTSLLGCTH	14,Carbamidomethyl[C];	1735.87958	5 4 1 0 0	(N(N(H(H(N(H)))(H(N(H(A)))))))	380	0 1 0 0 0;0 2 0 0 0;1 2 0 0 0;2 2 0 0 0;2 3 0 0 0;3 2 0 0 0;3 3 0 0 0;3 3 1 0 0;3 4 0 0 0;4 3 0 0 0;4 3 1 0 0;4 4 0 0 0;4 4 1 0 0;5 4 0 0 0;	1913.67702	7	15.43128	19.83394	7.25492	4	0.00369	1.01012	0.43750	0.60000	0.00000	0	0	7.25492	8.97823	16.32910	9.66763301040462e-07	0.0	9.66763301040462e-07	sp|P02790|HEMO_HUMAN	453
2020111CXY-7.11421.11421.2.0.dta	2020111CXY-7.11421.11421.2.0.dta	2020111CXY-7	11421	3044.92619	3018.29478	1509.65103	2	1	TPLTAJITK		958.55677	5 4 1 1 0	(N(F)(N(H(H(N(H)))(H(N(H(A)))))))	549	0 1 0 0 0;0 1 0 1 0;0 2 0 0 0;0 2 0 1 0;1 2 0 0 0;1 2 0 1 0;2 2 0 0 0;2 2 0 1 0;2 3 0 0 0;2 3 0 1 0;3 2 0 0 0;3 2 0 1 0;3 3 0 0 0;3 3 0 1 0;3 3 1 0 0;3 3 1 1 0;3 4 0 0 0;3 4 0 1 0;4 3 0 0 0;4 3 0 1 0;4 3 1 0 0;4 3 1 1 0;4 4 0 0 0;4 4 0 1 0;4 4 1 0 0;4 4 1 1 0;5 4 0 0 0;5 4 0 1 0;5 4 1 0 0;	2059.73493	6	36.87853	51.64842	9.44872	6	0.00308	1.01901	0.29032	1.18750	0.00000	0	0	9.44872	16.92320	38.57085	4.709284783515359e-08	0.0	4.709284783515359e-08	sp|P01877|IGHA2_HUMAN	205
2020111CXY-7.4204.4204.3.0.dta	2020111CXY-7.4204.4204.3.0.dta	2020111CXY-7	4204	1110.87613	3053.26022	1018.42493	3	1	YKJNSDISSTR		1284.61786	5 4 0 1 0	(N(F)(N(H(H(N(H)))(H(N(H))))))	267	0 1 0 0 0;0 1 0 1 0;0 2 0 0 0;0 2 0 1 0;1 2 0 0 0;1 2 0 1 0;2 2 0 0 0;2 2 0 1 0;2 3 0 0 0;2 3 0 1 0;3 2 0 0 0;3 2 0 1 0;3 3 0 0 0;3 3 0 1 0;3 4 0 0 0;3 4 0 1 0;4 3 0 0 0;4 3 0 1 0;4 4 0 0 0;4 4 0 1 0;5 4 0 0 0;	1768.63952	3	56.82393	43.83321	80.94955	9	0.00285	0.93284	0.78261	1.00000	0.00000	0	0	80.94955	14.83539	58.30747	1.386429634330431e-56	0.0	1.386429634330431e-56	sp|P01871|IGHM_HUMAN	46
2020111CXY-7.14834.14834.3.1.dta	2020111CXY-7.14834.14834.3.1.dta	2020111CXY-7	14834	3965.59460	3335.37561	1112.46339	3	1	SWPAVGJCSSALR	8,Carbamidomethyl[C];	1404.66886	6 4 0 1 0	(N(N(H(H(H))(H(N(H))(N(H)(F))))))	399	0 1 0 0 0;0 2 0 0 0;1 2 0 0 0;2 2 0 0 0;2 3 0 0 0;2 3 0 1 0;2 4 0 0 0;2 4 0 1 0;3 2 0 0 0;3 3 0 0 0;3 3 0 1 0;3 4 0 0 0;3 4 0 1 0;4 2 0 0 0;4 3 0 0 0;4 3 0 1 0;4 4 0 0 0;4 4 0 1 0;5 3 0 0 0;5 3 0 1 0;5 4 0 0 0;5 4 0 1 0;6 4 0 0 0;	1930.69234	7	39.38735	45.42045	28.18304	7	0.01441	4.32149	0.40000	0.75000	0.00000	0	0	28.18304	16.36938	41.02429	1.2331436694193295e-20	0.0	1.2331436694193295e-20	sp|P02790|HEMO_HUMAN	187
2020111CXY-7.12062.12062.3.0.dta	2020111CXY-7.12062.12062.3.0.dta	2020111CXY-7	12062	3218.06521	3055.20656	1019.07370	3	1	EEQFJSTFR		1157.52218	4 4 1 1 0	(N(F)(N(H(H(N))(H(N(H(A)))))))	369	0 1 0 0 0;0 1 0 1 0;0 2 0 0 0;0 2 0 1 0;1 2 0 0 0;1 2 0 1 0;2 2 0 0 0;2 2 0 1 0;2 3 0 0 0;2 3 0 1 0;3 2 0 0 0;3 2 0 1 0;3 3 0 0 0;3 3 0 1 0;3 3 1 0 0;3 3 1 1 0;3 4 0 0 0;3 4 0 1 0;4 3 0 0 0;4 3 0 1 0;4 3 1 0 0;4 3 1 1 0;4 4 0 0 0;4 4 0 1 0;4 4 1 0 0;	1897.68211	5	19.84301	14.81609	29.17873	9	0.00227	0.74401	0.40741	0.62500	0.00000	0	0	29.17873	8.75177	20.71819	1.9622441725820414e-21	0.0009208103130755065	0.0009208103130755065	sp|P01859|IGHG2_HUMAN	176
2020111CXY-7.17894.17894.3.0.dta	2020111CXY-7.17894.17894.3.0.dta	2020111CXY-7	17894	4792.96165	3390.43001	1130.81485	3	1	CGLVPVLAENYJK	1,Carbamidomethyl[C];	1476.75152	5 4 1 0 0	(N(N(H(H(N(H)))(H(N(H(A)))))))	380	0 1 0 0 0;0 2 0 0 0;1 2 0 0 0;2 2 0 0 0;2 3 0 0 0;3 2 0 0 0;3 3 0 0 0;3 3 1 0 0;3 4 0 0 0;4 3 0 0 0;4 3 1 0 0;4 4 0 0 0;4 4 1 0 0;5 4 0 0 0;	1913.67702	12	20.09120	19.60098	21.00161	7	0.00147	0.43225	0.50000	0.54167	0.00000	0	0	21.00161	10.21274	21.11247	5.700051297232578e-16	0.0	5.700051297232578e-16	sp|P02787|TRFE_HUMAN	432
2020111CXY-7.5956.5956.2.0.dta	2020111CXY-7.5956.5956.2.0.dta	2020111CXY-7	5956	1577.13394	2796.10147	1398.55437	2	1	EEQYJSTYR		1189.51199	4 4 0 1 0	(N(F)(N(H(H(N(H))(N(H))))))	166	0 1 0 0 0;0 1 0 1 0;0 2 0 0 0;0 2 0 1 0;1 2 0 0 0;1 2 0 1 0;2 2 0 0 0;2 2 0 1 0;2 3 0 0 0;2 3 0 1 0;2 4 0 0 0;2 4 0 1 0;3 3 0 0 0;3 3 0 1 0;3 4 0 0 0;3 4 0 1 0;4 4 0 0 0;	1606.58669	5	30.11289	27.26422	35.40326	8	0.00278	0.99555	0.42105	0.75000	0.00000	0	0	35.40326	12.22795	31.33569	1.493929363414706e-25	0.0	1.493929363414706e-25	sp|P01857|IGHG1_HUMAN	180
2020111CXY-7.7340.7340.2.0.dta	2020111CXY-7.7340.7340.2.0.dta	2020111CXY-7	7340	1947.12527	3093.22906	1547.11817	2	1	JVTAEQAR		888.45337	5 4 2 0 0	(N(N(H(H(N(H(A))))(H(N(H(A)))))))	754	0 1 0 0 0;0 2 0 0 0;1 2 0 0 0;2 2 0 0 0;2 3 0 0 0;3 2 0 0 0;3 3 0 0 0;3 3 1 0 0;3 4 0 0 0;4 3 0 0 0;4 3 1 0 0;4 4 0 0 0;4 4 1 0 0;5 4 0 0 0;5 4 1 0 0;	2204.77244	1	45.53841	62.52062	14.00000	6	0.00325	1.05035	0.35294	1.35714	0.00000	0	0	14.00000	18.16839	47.35525	4.0512658981731155e-11	0.0	4.0512658981731155e-11	sp|P00748|FA12_HUMAN	249
2020111CXY-7.14036.14036.3.0.dta	2020111CXY-7.14036.14036.3.0.dta	2020111CXY-7	14036	3749.70164	3825.47414	1275.82956	3	1	EDALJETR		947.44286	7 5 2 1 0	(N(N(H(N)(H(H)(H))(H(N(H(A)))(N(F)(H(A)))))))	1849	0 1 0 0 0;0 2 0 0 0;1 2 0 0 0;1 3 0 0 0;2 2 0 0 0;2 3 0 0 0;2 3 0 1 0;2 4 0 0 0;2 4 0 1 0;2 5 0 0 0;2 5 0 1 0;3 2 0 0 0;3 3 0 0 0;3 3 0 1 0;3 3 1 0 0;3 3 1 1 0;3 4 0 0 0;3 4 0 1 0;3 4 1 0 0;3 4 1 1 0;3 5 0 0 0;3 5 0 1 0;3 5 1 0 0;3 5 1 1 0;4 2 0 0 0;4 3 0 0 0;4 3 0 1 0;4 3 1 0 0;4 3 1 1 0;4 4 0 0 0;4 4 0 1 0;4 4 1 0 0;4 4 1 1 0;4 4 2 0 0;4 4 2 1 0;4 5 0 0 0;4 5 0 1 0;4 5 1 0 0;4 5 1 1 0;4 5 2 0 0;4 5 2 1 0;5 2 0 0 0;5 3 0 0 0;5 3 0 1 0;5 3 1 0 0;5 3 1 1 0;5 4 0 0 0;5 4 0 1 0;5 4 1 0 0;5 4 1 1 0;5 4 2 0 0;5 4 2 1 0;5 5 0 0 0;5 5 0 1 0;5 5 1 0 0;5 5 1 1 0;5 5 2 0 0;5 5 2 1 0;6 3 0 0 0;6 3 0 1 0;6 3 1 0 0;6 3 1 1 0;6 4 0 0 0;6 4 0 1 0;6 4 1 0 0;6 4 1 1 0;6 4 2 0 0;6 4 2 1 0;6 5 0 0 0;6 5 0 1 0;6 5 1 0 0;6 5 1 1 0;6 5 2 0 0;6 5 2 1 0;7 4 0 0 0;7 4 0 1 0;7 4 1 0 0;7 4 1 1 0;7 4 2 0 0;7 4 2 1 0;7 5 0 0 0;7 5 0 1 0;7 5 1 0 0;7 5 1 1 0;7 5 2 0 0;	2878.01537	5	24.70514	24.13121	25.77100	7	0.01590	4.15733	0.17241	0.78571	0.00000	0	0	25.77100	9.96744	25.70188	5.235977826550605e-19	0.0	5.235977826550605e-19	sp|P10909|CLUS_HUMAN	86
2020111CXY-7.15855.15855.4.1.dta	2020111CXY-7.15855.15855.4.1.dta	2020111CXY-7	15855	4241.99320	4617.89227	1155.22852	4	1	GLTFQQJASSMCVPDQDTAIR	12,Carbamidomethyl[C];11,Oxidation[M];	2355.07037	5 5 1 1 0	(N(N(H(H(N(H(A))))(H(N(H))(N(F))))))	825	0 1 0 0 0;0 2 0 0 0;1 2 0 0 0;2 2 0 0 0;2 3 0 0 0;2 3 0 1 0;2 4 0 0 0;2 4 0 1 0;3 2 0 0 0;3 3 0 0 0;3 3 0 1 0;3 3 1 0 0;3 4 0 0 0;3 4 0 1 0;3 5 0 0 0;3 5 0 1 0;4 3 0 0 0;4 3 1 0 0;4 4 0 0 0;4 4 0 1 0;4 4 1 0 0;4 4 1 1 0;4 5 0 0 0;4 5 0 1 0;4 5 1 0 0;4 5 1 1 0;5 4 0 0 0;5 4 1 0 0;5 5 0 0 0;5 5 0 1 0;5 5 1 0 0;	2262.81431	7	45.37671	68.14237	3.09763	4	0.00759	1.64429	0.15152	0.85000	0.00000	0	0	3.09763	23.39150	47.71586	0.0007278083505419884	0.0	0.0007278083505419884	sp|P01871|IGHM_HUMAN	209
2020111CXY-7.17815.17815.3.0.dta	2020111CXY-7.17815.17815.3.0.dta	2020111CXY-7	17815	4771.79960	3390.43103	1130.81519	3	1	CGLVPVLAENYJK	1,Carbamidomethyl[C];	1476.75152	5 4 1 0 0	(N(N(H(H(N(H)))(H(N(H(A)))))))	380	0 1 0 0 0;0 2 0 0 0;1 2 0 0 0;2 2 0 0 0;2 3 0 0 0;3 2 0 0 0;3 3 0 0 0;3 3 1 0 0;3 4 0 0 0;4 3 0 0 0;4 3 1 0 0;4 4 0 0 0;4 4 1 0 0;5 4 0 0 0;	1913.67702	12	27.97948	37.86802	9.61506	5	0.00249	0.73486	0.43750	0.79167	0.00000	0	0	9.61506	14.42621	29.42210	3.5472132312163243e-08	0.0	3.5472132312163243e-08	sp|P02787|TRFE_HUMAN	432
2020111CXY-7.15690.15690.3.0.dta	2020111CXY-7.15690.15690.3.0.dta	2020111CXY-7	15690	4197.24922	3633.64013	1211.88489	3	1	TVLTPATNHMGJVTFTIPANR		2255.16011	6 2 0 0 0	(N(N(H(H)(H(H)(H(H))))))	60	0 1 0 0 0;0 2 0 0 0;1 2 0 0 0;2 2 0 0 0;3 2 0 0 0;4 2 0 0 0;5 2 0 0 0;	1378.47569	12	78.56329	109.65580	20.82007	5	0.00433	1.19237	0.55556	0.85000	0.00000	0	0	20.82007	35.03904	82.06719	7.33507866026437e-16	0.0	7.33507866026437e-16	sp|P01024|CO3_HUMAN	85
2020111CXY-7.7244.7244.2.0.dta	2020111CXY-7.7244.7244.2.0.dta	2020111CXY-7	7244	1921.73095	2796.09831	1398.55279	2	1	EEQFJSTYR		1173.51708	5 4 0 0 0	(N(N(H(H(N(H)))(H(N(H))))))	175	0 1 0 0 0;0 2 0 0 0;1 2 0 0 0;2 2 0 0 0;2 3 0 0 0;3 2 0 0 0;3 3 0 0 0;3 4 0 0 0;4 3 0 0 0;4 4 0 0 0;	1622.58161	5	16.00771	16.02327	15.97883	6	-0.00038	-0.13625	0.50000	0.68750	0.00000	0	0	15.97883	10.13925	17.02163	1.8395426761649223e-12	0.0	1.8395426761649223e-12	sp|P01861|IGHG4_HUMAN	177
2020111CXY-7.4902.4902.3.0.dta	2020111CXY-7.4902.4902.3.0.dta	2020111CXY-7	4902	1297.47714	3211.30943	1071.10799	3	1	PREEQYJSTYR		1442.66586	5 4 0 1 0	(N(F)(N(H(H(N(H)))(H(N(H))))))	267	0 1 0 0 0;0 1 0 1 0;0 2 0 0 0;0 2 0 1 0;1 2 0 0 0;1 2 0 1 0;2 2 0 0 0;2 2 0 1 0;2 3 0 0 0;2 3 0 1 0;3 2 0 0 0;3 2 0 1 0;3 3 0 0 0;3 3 0 1 0;3 4 0 0 0;3 4 0 1 0;4 3 0 0 0;4 3 0 1 0;4 4 0 0 0;4 4 0 1 0;5 4 0 0 0;	1768.63952	7	44.53745	22.89718	84.72653	9	0.00405	1.26092	0.82609	0.65000	0.00000	0	0	84.72653	10.72170	45.60962	5.094624549912984e-59	0.0	5.094624549912984e-59	sp|P01857|IGHG1_HUMAN	180
2020111CXY-7.12187.12187.3.1.dta	2020111CXY-7.12187.12187.3.1.dta	2020111CXY-7	12187	3251.24845	3510.36494	1170.79316	3	1	TLFCJASK	4,Carbamidomethyl[C];	940.45568	6 5 2 0 0	(N(N(H(H(N(H(A))))(H(N(H))(N(H(A)))))))	1338	0 1 0 0 0;0 2 0 0 0;1 2 0 0 0;2 2 0 0 0;2 3 0 0 0;2 4 0 0 0;3 2 0 0 0;3 3 0 0 0;3 3 1 0 0;3 4 0 0 0;3 4 1 0 0;3 5 0 0 0;4 3 0 0 0;4 3 1 0 0;4 4 0 0 0;4 4 1 0 0;4 5 0 0 0;4 5 1 0 0;5 4 0 0 0;5 4 1 0 0;5 4 2 0 0;5 5 0 0 0;5 5 1 0 0;5 5 2 0 0;6 5 0 0 0;6 5 1 0 0;	2569.90464	5	14.75873	16.09553	12.27611	6	0.00463	1.31753	0.32143	0.64286	0.00000	0	0	12.27611	7.92828	15.55156	7.234308320840428e-10	0.003352891869237217	0.003352891869237217	sp|P20851|C4BPB_HUMAN	64
2020111CXY-7.13396.13396.2.0.dta	2020111CXY-7.13396.13396.2.0.dta	2020111CXY-7	13396	3576.35922	2891.24832	1446.12780	2	1	HAJWTLTPLK		1180.64732	5 3 1 0 0	(N(N(H(H(H))(H(N(H(A)))))))	220	0 1 0 0 0;0 2 0 0 0;1 2 0 0 0;2 2 0 0 0;2 3 0 0 0;3 2 0 0 0;3 3 0 0 0;3 3 1 0 0;4 2 0 0 0;4 3 0 0 0;4 3 1 0 0;5 3 0 0 0;	1710.59765	3	51.12591	48.20330	56.55361	7	0.00335	1.15695	0.92857	0.94444	0.00000	0	0	56.55361	16.01678	52.72759	7.422302292559712e-40	0.0	7.422302292559712e-40	sp|P27169|PON1_HUMAN	253
2020111CXY-7.7857.7857.2.0.dta	2020111CXY-7.7857.7857.2.0.dta	2020111CXY-7	7857	2086.05897	2618.05446	1309.53087	2	1	EEQFJSTYR		1173.51708	3 4 0 1 0	(N(F)(N(H(H(N)(N(H))))))	86	0 1 0 0 0;0 1 0 1 0;0 2 0 0 0;0 2 0 1 0;1 2 0 0 0;1 2 0 1 0;2 2 0 0 0;2 2 0 1 0;2 3 0 0 0;2 3 0 1 0;2 4 0 0 0;2 4 0 1 0;3 3 0 0 0;3 3 0 1 0;3 4 0 0 0;	1444.53387	5	15.48357	9.62652	26.36094	8	0.00351	1.34034	0.47059	0.56250	0.00000	0	0	26.36094	8.16744	16.30031	2.0293191802463438e-19	0.0025996533795493936	0.0025996533795493936	sp|P01861|IGHG4_HUMAN	177
2020111CXY-7.11899.11899.2.0.dta	2020111CXY-7.11899.11899.2.0.dta	2020111CXY-7	11899	3174.20545	3055.20659	1528.10693	2	1	EEQFJSTFR		1157.52218	4 4 1 1 0	(N(F)(N(H(H(N(H))(N(H(A)))))))	363	0 1 0 0 0;0 1 0 1 0;0 2 0 0 0;0 2 0 1 0;1 2 0 0 0;1 2 0 1 0;2 2 0 0 0;2 2 0 1 0;2 3 0 0 0;2 3 0 1 0;2 4 0 0 0;2 4 0 1 0;3 3 0 0 0;3 3 0 1 0;3 3 1 0 0;3 3 1 1 0;3 4 0 0 0;3 4 0 1 0;3 4 1 0 0;3 4 1 1 0;4 4 0 0 0;4 4 0 1 0;4 4 1 0 0;	1897.68211	5	19.94780	17.59030	24.32601	8	0.00230	0.75252	0.40000	0.68750	0.00000	0	0	24.32601	10.55812	21.00361	5.335037599275148e-18	0.0	5.335037599275148e-18	sp|P01859|IGHG2_HUMAN	176
2020111CXY-7.13987.13987.3.1.dta	2020111CXY-7.13987.13987.3.1.dta	2020111CXY-7	13987	3736.35758	3488.36457	1163.45971	3	1	LGJWSAMPSCK	10,Carbamidomethyl[C];7,Oxidation[M];	1266.56055	6 4 1 1 0	(N(N(H(H(N(H(H))))(H(N(F)(H(A)))))))	783	0 1 0 0 0;0 2 0 0 0;1 2 0 0 0;2 2 0 0 0;2 3 0 0 0;2 3 0 1 0;3 2 0 0 0;3 3 0 0 0;3 3 0 1 0;3 3 1 0 0;3 3 1 1 0;3 4 0 0 0;3 4 0 1 0;4 3 0 0 0;4 3 0 1 0;4 3 1 0 0;4 3 1 1 0;4 4 0 0 0;4 4 0 1 0;4 4 1 0 0;4 4 1 1 0;5 3 0 0 0;5 4 0 0 0;5 4 0 1 0;5 4 1 0 0;5 4 1 1 0;6 4 0 0 0;6 4 0 1 0;6 4 1 0 0;	2221.78776	3	15.35019	18.60186	9.31137	5	0.01626	4.66071	0.25806	0.65000	0.00000	0	0	9.31137	9.80425	16.33061	5.6212601633839715e-08	0.0	5.6212601633839715e-08	sp|P02749|APOH_HUMAN	253
2020111CXY-7.13987.13987.3.0.dta	2020111CXY-7.13987.13987.3.0.dta	2020111CXY-7	13987	3736.35758	3487.58156	1163.19870	3	1	TVLTPATNHMGJVTFTIPANR	10,Oxidation[M];	2271.15503	5 2 0 0 0	(N(N(H(H(H))(H(H)))))	34	0 1 0 0 0;0 2 0 0 0;1 2 0 0 0;2 2 0 0 0;3 2 0 0 0;4 2 0 0 0;	1216.42286	12	47.29077	58.69170	26.11761	6	0.00367	1.05090	0.75000	0.70000	0.00000	0	0	26.11761	19.69568	49.26034	2.466148720639562e-19	0.0	2.466148720639562e-19	sp|P01024|CO3_HUMAN	85
2020111CXY-7.5753.5753.3.0.dta	2020111CXY-7.5753.5753.3.0.dta	2020111CXY-7	5753	1524.45372	2650.04311	884.01922	3	1	EEQYJSTYR		1189.51199	4 4 0 0 0	(N(N(H(H(N(H))(N(H))))))	99	0 1 0 0 0;0 2 0 0 0;1 2 0 0 0;2 2 0 0 0;2 3 0 0 0;2 4 0 0 0;3 3 0 0 0;3 4 0 0 0;	1460.52878	5	21.24420	26.12207	12.18530	5	0.00234	0.88204	0.50000	0.81250	0.00000	0	0	12.18530	11.29052	22.37325	7.670358437479687e-10	0.0	7.670358437479687e-10	sp|P01857|IGHG1_HUMAN	180
2020111CXY-7.12197.12197.3.2.dta	2020111CXY-7.12197.12197.3.2.dta	2020111CXY-7	12197	3253.94149	3663.51283	1221.84246	3	1	NLFLJHSEJATAK		1458.73357	5 4 2 0 0	(N(N(H(H(N(H(A))))(H(N(H(A)))))))	754	0 1 0 0 0;0 2 0 0 0;1 2 0 0 0;2 2 0 0 0;2 3 0 0 0;3 2 0 0 0;3 3 0 0 0;3 3 1 0 0;3 4 0 0 0;4 3 0 0 0;4 3 1 0 0;4 4 0 0 0;4 4 1 0 0;5 4 0 0 0;5 4 1 0 0;	2204.77244	5	25.12595	25.70430	24.05187	6	0.00682	1.86268	0.58824	0.75000	0.00000	0	0	24.05187	11.63856	26.28981	7.049210190293783e-18	0.0	7.049210190293783e-18	sp|P00739|HPTR_HUMAN/sp|P00738|HPT_HUMAN	149/207
2020111CXY-7.14304.14304.3.0.dta	2020111CXY-7.14304.14304.3.0.dta	2020111CXY-7	14304	3821.95812	3471.33618	1157.78358	3	1	LGJWSAMPSCK	10,Carbamidomethyl[C];7,Oxidation[M];	1266.56055	5 4 2 0 0	(N(N(H(H(N(H(A))))(H(N(H(A)))))))	754	0 1 0 0 0;0 2 0 0 0;1 2 0 0 0;2 2 0 0 0;2 3 0 0 0;3 2 0 0 0;3 3 0 0 0;3 3 1 0 0;3 4 0 0 0;4 3 0 0 0;4 3 1 0 0;4 4 0 0 0;4 4 1 0 0;5 4 0 0 0;5 4 1 0 0;	2204.77244	3	18.29777	19.52947	16.01034	6	0.00319	0.91808	0.47059	0.75000	0.00000	0	0	16.01034	10.45732	19.34350	1.7126915759897135e-12	0.0	1.7126915759897135e-12	sp|P02749|APOH_HUMAN	253
2020111CXY-7.8491.8491.3.0.dta	2020111CXY-7.8491.8491.3.0.dta	2020111CXY-7	8491	2256.78264	3485.38572	1162.46676	3	1	JHSCEPCQTLAVR	4,Carbamidomethyl[C];7,Carbamidomethyl[C];	1571.70532	5 4 1 0 0	(N(N(H(H(N(H)))(H(N(H(A)))))))	380	0 1 0 0 0;0 2 0 0 0;1 2 0 0 0;2 2 0 0 0;2 3 0 0 0;3 2 0 0 0;3 3 0 0 0;3 3 1 0 0;3 4 0 0 0;4 3 0 0 0;4 3 1 0 0;4 4 0 0 0;4 4 1 0 0;5 4 0 0 0;	1913.67702	1	31.37523	26.08744	41.19540	7	0.00338	0.96933	0.68750	0.75000	0.00000	0	0	41.19540	10.83025	32.45826	1.5874054168029182e-29	0.0	1.5874054168029182e-29	sp|P00748|FA12_HUMAN	433
2020111CXY-7.19948.19948.3.0.dta	2020111CXY-7.19948.19948.3.0.dta	2020111CXY-7	19948	5344.00316	3960.67317	1320.89591	3	1	YLGJATAIFFLPDEGK		1755.89521	5 4 2 0 0	(N(N(H(H(N(H(A))))(H(N(H(A)))))))	754	0 1 0 0 0;0 2 0 0 0;1 2 0 0 0;2 2 0 0 0;2 3 0 0 0;3 2 0 0 0;3 3 0 0 0;3 3 1 0 0;3 4 0 0 0;4 3 0 0 0;4 3 1 0 0;4 4 0 0 0;4 4 1 0 0;5 4 0 0 0;5 4 1 0 0;	2204.77244	4	20.73698	26.68981	9.68173	5	0.00553	1.39521	0.41176	0.63333	0.00000	0	0	9.68173	11.01589	21.83857	3.224361095821503e-08	0.0	3.224361095821503e-08	sp|P01009|A1AT_HUMAN	271
2020111CXY-7.7782.7782.2.0.dta	2020111CXY-7.7782.7782.2.0.dta	2020111CXY-7	7782	2065.79077	2618.05368	1309.53048	2	1	EEQFJSTYR		1173.51708	3 4 0 1 0	(N(F)(N(H(H(N)(N(H))))))	86	0 1 0 0 0;0 1 0 1 0;0 2 0 0 0;0 2 0 1 0;1 2 0 0 0;1 2 0 1 0;2 2 0 0 0;2 2 0 1 0;2 3 0 0 0;2 3 0 1 0;2 4 0 0 0;2 4 0 1 0;3 3 0 0 0;3 3 0 1 0;3 4 0 0 0;	1444.53387	5	21.87973	15.96170	32.87035	8	0.00273	1.04241	0.52941	0.68750	0.00000	0	0	32.87035	10.18079	22.89781	5.450528963803355e-24	0.0	5.450528963803355e-24	sp|P01861|IGHG4_HUMAN	177
2020111CXY-7.12041.12041.2.0.dta	2020111CXY-7.12041.12041.2.0.dta	2020111CXY-7	12041	3212.49446	3055.20706	1528.10717	2	1	EEQFJSTFR		1157.52218	4 4 1 1 0	(N(N(H(H(N(F)))(H(N(H(A)))))))	359	0 1 0 0 0;0 2 0 0 0;1 2 0 0 0;2 2 0 0 0;2 3 0 0 0;2 3 0 1 0;3 2 0 0 0;3 3 0 0 0;3 3 0 1 0;3 3 1 0 0;3 4 0 0 0;3 4 0 1 0;4 3 0 0 0;4 3 1 0 0;4 4 0 0 0;4 4 0 1 0;4 4 1 0 0;	1897.68211	5	14.40991	9.28880	23.92054	7	0.00278	0.90832	0.42105	0.56250	0.00000	0	0	23.92054	8.08920	15.21883	8.418235547308399e-18	0.003352891869237217	0.003352891869237217	sp|P01859|IGHG2_HUMAN	176
2020111CXY-7.17036.17036.3.0.dta	2020111CXY-7.17036.17036.3.0.dta	2020111CXY-7	17036	4562.19911	3609.44483	1203.81979	3	1	SWPAVGJCSSALR	8,Carbamidomethyl[C];	1404.66886	5 4 2 0 0	(N(N(H(H(N(H(A))))(H(N(H(A)))))))	754	0 1 0 0 0;0 2 0 0 0;1 2 0 0 0;2 2 0 0 0;2 3 0 0 0;3 2 0 0 0;3 3 0 0 0;3 3 1 0 0;3 4 0 0 0;4 3 0 0 0;4 3 1 0 0;4 4 0 0 0;4 4 1 0 0;5 4 0 0 0;5 4 1 0 0;	2204.77244	7	20.46529	14.64490	31.27459	7	0.00353	0.97743	0.58824	0.45833	0.00000	0	0	31.27459	8.93109	21.35840	6.13656836557806e-23	0.0	6.13656836557806e-23	sp|P02790|HEMO_HUMAN	187
2020111CXY-7.16717.16717.3.0.dta	2020111CXY-7.16717.16717.3.0.dta	2020111CXY-7	16717	4475.66527	4441.89243	1481.30233	3	1	YPPTVSMVEGQGEKJVTFWGR		2382.15469	5 4 1 1 0	(N(F)(N(H(H(N(H)))(H(N(H(A)))))))	549	0 1 0 0 0;0 1 0 1 0;0 2 0 0 0;0 2 0 1 0;1 2 0 0 0;1 2 0 1 0;2 2 0 0 0;2 2 0 1 0;2 3 0 0 0;2 3 0 1 0;3 2 0 0 0;3 2 0 1 0;3 3 0 0 0;3 3 0 1 0;3 3 1 0 0;3 3 1 1 0;3 4 0 0 0;3 4 0 1 0;4 3 0 0 0;4 3 0 1 0;4 3 1 0 0;4 3 1 1 0;4 4 0 0 0;4 4 0 1 0;4 4 1 0 0;4 4 1 1 0;5 4 0 0 0;5 4 0 1 0;5 4 1 0 0;	2059.73493	15	49.66447	54.03288	41.55171	9	0.00281	0.63344	0.51613	0.67500	0.00000	0	0	41.55171	20.82168	51.74664	9.902853374441412e-30	0.0	9.902853374441412e-30	sp|P27918|PROP_HUMAN	428
2020111CXY-7.18771.18771.3.0.dta	2020111CXY-7.18771.18771.3.0.dta	2020111CXY-7	18771	5028.50022	3827.58698	1276.53384	3	1	CGLVPVLAENYJK	1,Carbamidomethyl[C];	1476.75152	5 4 2 1 0	(N(N(H(H(N(H(A))))(H(N(F)(H(A)))))))	993	0 1 0 0 0;0 2 0 0 0;1 2 0 0 0;2 2 0 0 0;2 3 0 0 0;2 3 0 1 0;3 2 0 0 0;3 3 0 0 0;3 3 0 1 0;3 3 1 0 0;3 3 1 1 0;3 4 0 0 0;3 4 0 1 0;4 3 0 0 0;4 3 0 1 0;4 3 1 0 0;4 3 1 1 0;4 4 0 0 0;4 4 0 1 0;4 4 1 0 0;4 4 1 1 0;5 4 0 0 0;5 4 0 1 0;5 4 1 0 0;5 4 1 1 0;5 4 2 0 0;	2350.83035	12	62.75140	86.09321	19.40231	6	0.00511	1.33509	0.35714	1.00000	0.00000	0	0	19.40231	24.74522	65.22592	8.793489046216522e-15	0.0	8.793489046216522e-15	sp|P02787|TRFE_HUMAN	432
2020111CXY-7.6371.6371.2.0.dta	2020111CXY-7.6371.6371.2.0.dta	2020111CXY-7	6371	1686.86325	2796.10098	1398.55413	2	1	EEQYJSTYR		1189.51199	4 4 0 1 0	(N(F)(N(H(H(N(H))(N(H))))))	166	0 1 0 0 0;0 1 0 1 0;0 2 0 0 0;0 2 0 1 0;1 2 0 0 0;1 2 0 1 0;2 2 0 0 0;2 2 0 1 0;2 3 0 0 0;2 3 0 1 0;2 4 0 0 0;2 4 0 1 0;3 3 0 0 0;3 3 0 1 0;3 4 0 0 0;3 4 0 1 0;4 4 0 0 0;	1606.58669	5	15.95870	9.90855	27.19470	8	0.00230	0.82245	0.47368	0.56250	0.00000	0	0	27.19470	8.23279	16.78198	5.969266452522117e-20	0.0025996533795493936	0.0025996533795493936	sp|P01857|IGHG1_HUMAN	180
2020111CXY-7.9549.9549.3.0.dta	2020111CXY-7.9549.9549.3.0.dta	2020111CXY-7	9549	2539.97280	2602.05777	868.02411	3	1	EEQFJSTFR		1157.52218	3 4 0 1 0	(N(N(H(H(N(H))(N(F))))))	90	0 1 0 0 0;0 2 0 0 0;1 2 0 0 0;2 2 0 0 0;2 3 0 0 0;2 3 0 1 0;2 4 0 0 0;2 4 0 1 0;3 3 0 0 0;3 4 0 0 0;	1444.53387	5	19.15595	17.51936	22.19532	6	0.00173	0.66412	0.50000	0.62500	0.00000	0	0	22.19532	9.70642	20.12659	1.0061915067042546e-16	0.0	1.0061915067042546e-16	sp|P01859|IGHG2_HUMAN	176
2020111CXY-7.5971.5971.3.0.dta	2020111CXY-7.5971.5971.3.0.dta	2020111CXY-7	5971	1581.03352	2796.10101	932.70519	3	1	EEQYJSTYR		1189.51199	4 4 0 1 0	(N(F)(N(H(H(N))(H(N(H))))))	158	0 1 0 0 0;0 1 0 1 0;0 2 0 0 0;0 2 0 1 0;1 2 0 0 0;1 2 0 1 0;2 2 0 0 0;2 2 0 1 0;2 3 0 0 0;2 3 0 1 0;3 2 0 0 0;3 2 0 1 0;3 3 0 0 0;3 3 0 1 0;3 4 0 0 0;3 4 0 1 0;4 3 0 0 0;4 3 0 1 0;4 4 0 0 0;	1606.58669	5	40.94199	45.54894	32.38621	8	0.00233	0.83425	0.52381	1.00000	0.00000	0	0	32.38621	15.45791	42.48778	1.3656143468261297e-23	0.0	1.3656143468261297e-23	sp|P01857|IGHG1_HUMAN	180
2020111CXY-7.4686.4686.3.0.dta	2020111CXY-7.4686.4686.3.0.dta	2020111CXY-7	4686	1239.02369	3157.27150	1053.09535	3	1	YKJNSDISSTR		1284.61786	6 3 1 0 0	(N(N(H(H(H)(H))(H(N(H(A)))))))	351	0 1 0 0 0;0 2 0 0 0;1 2 0 0 0;2 2 0 0 0;2 3 0 0 0;3 2 0 0 0;3 3 0 0 0;3 3 1 0 0;4 2 0 0 0;4 3 0 0 0;4 3 1 0 0;5 2 0 0 0;5 3 0 0 0;5 3 1 0 0;6 3 0 0 0;	1872.65047	3	74.61817	75.18245	73.57022	7	0.00317	1.00327	0.82353	1.20000	0.00000	0	0	73.57022	22.41336	76.85951	1.5842855702879854e-51	0.0	1.5842855702879854e-51	sp|P01871|IGHM_HUMAN	46
2020111CXY-7.14647.14647.3.0.dta	2020111CXY-7.14647.14647.3.0.dta	2020111CXY-7	14647	3915.10914	3649.63508	1217.21654	3	1	TVLTPATNHMGJVTFTIPANR	10,Oxidation[M];	2271.15503	6 2 0 0 0	(N(N(H(H(H(H(H(H))))))))	65	0 1 0 0 0;0 2 0 0 0;1 2 0 0 0;2 2 0 0 0;3 2 0 0 0;4 2 0 0 0;5 2 0 0 0;	1378.47569	12	13.28712	13.74544	12.43595	6	0.00437	1.19674	0.66667	0.37500	0.00000	0	0	12.43595	9.79915	14.26704	5.604766325748174e-10	0.0	5.604766325748174e-10	sp|P01024|CO3_HUMAN	85
2020111CXY-7.15577.15577.3.0.dta	2020111CXY-7.15577.15577.3.0.dta	2020111CXY-7	15577	4166.81800	3471.33728	1157.78394	3	1	LGJWSAMPSCK	10,Carbamidomethyl[C];7,Oxidation[M];	1266.56055	5 4 2 0 0	(N(N(H(H(N(H(A))))(H(N(H(A)))))))	754	0 1 0 0 0;0 2 0 0 0;1 2 0 0 0;2 2 0 0 0;2 3 0 0 0;3 2 0 0 0;3 3 0 0 0;3 3 1 0 0;3 4 0 0 0;4 3 0 0 0;4 3 1 0 0;4 4 0 0 0;4 4 1 0 0;5 4 0 0 0;5 4 1 0 0;	2204.77244	3	19.43688	23.00605	12.80842	6	0.00428	1.23352	0.41176	0.75000	0.00000	0	0	12.80842	11.80658	20.61754	2.9958205999610666e-10	0.0	2.9958205999610666e-10	sp|P02749|APOH_HUMAN	253
2020111CXY-7.5545.5545.3.0.dta	2020111CXY-7.5545.5545.3.0.dta	2020111CXY-7	5545	1468.49090	3547.43712	1183.15056	3	1	YKJNSDISSTR		1284.61786	5 5 1 1 0	(N(F)(N(H(N)(H(N(H)))(H(N(H(A)))))))	824	0 1 0 0 0;0 1 0 1 0;0 2 0 0 0;0 2 0 1 0;1 2 0 0 0;1 2 0 1 0;1 3 0 0 0;1 3 0 1 0;2 2 0 0 0;2 2 0 1 0;2 3 0 0 0;2 3 0 1 0;2 4 0 0 0;2 4 0 1 0;3 2 0 0 0;3 2 0 1 0;3 3 0 0 0;3 3 0 1 0;3 3 1 0 0;3 3 1 1 0;3 4 0 0 0;3 4 0 1 0;3 4 1 0 0;3 4 1 1 0;3 5 0 0 0;3 5 0 1 0;4 3 0 0 0;4 3 0 1 0;4 3 1 0 0;4 3 1 1 0;4 4 0 0 0;4 4 0 1 0;4 4 1 0 0;4 4 1 1 0;4 5 0 0 0;4 5 0 1 0;4 5 1 0 0;4 5 1 1 0;5 4 0 0 0;5 4 0 1 0;5 4 1 0 0;5 4 1 1 0;5 5 0 0 0;5 5 0 1 0;5 5 1 0 0;	2262.81431	3	51.76886	38.63044	76.16880	8	0.00495	1.39598	0.55319	0.95000	0.00000	0	0	76.16880	14.49101	53.21796	3.5539943542124544e-53	0.0	3.5539943542124544e-53	sp|P01871|IGHM_HUMAN	46
2020111CXY-7.13490.13490.2.0.dta	2020111CXY-7.13490.13490.2.0.dta	2020111CXY-7	13490	3601.56971	3142.29697	1571.65213	2	1	EJISDPTSPLR		1228.61681	5 4 1 0 0	(N(N(H(H(N(H)))(H(N(H(A)))))))	380	0 1 0 0 0;0 2 0 0 0;1 2 0 0 0;2 2 0 0 0;2 3 0 0 0;3 2 0 0 0;3 3 0 0 0;3 3 1 0 0;3 4 0 0 0;4 3 0 0 0;4 3 1 0 0;4 4 0 0 0;4 4 1 0 0;5 4 0 0 0;	1913.67702	2	29.96969	27.36812	34.80118	7	0.00314	1.00070	0.62500	0.80000	0.00000	0	0	34.80118	11.83340	31.15303	3.586784568260794e-25	0.0	3.586784568260794e-25	sp|P01591|IGJ_HUMAN	71
2020111CXY-7.18782.18782.3.0.dta	2020111CXY-7.18782.18782.3.0.dta	2020111CXY-7	18782	5031.51632	4097.63613	1366.55023	3	1	GTAGNALMDGASQLMGEJR		1892.85892	5 4 2 0 0	(N(N(H(H(N(H(A))))(H(N(H(A)))))))	754	0 1 0 0 0;0 2 0 0 0;1 2 0 0 0;2 2 0 0 0;2 3 0 0 0;3 2 0 0 0;3 3 0 0 0;3 3 1 0 0;3 4 0 0 0;4 3 0 0 0;4 3 1 0 0;4 4 0 0 0;4 4 1 0 0;5 4 0 0 0;5 4 1 0 0;	2204.77244	18	20.88911	17.34124	27.47802	7	0.00477	1.16457	0.52941	0.33333	0.00000	0	0	27.47802	9.96486	21.88560	4.186173240245123e-20	0.0	4.186173240245123e-20	sp|P02675|FIBB_HUMAN	394
2020111CXY-7.11022.11022.3.0.dta	2020111CXY-7.11022.11022.3.0.dta	2020111CXY-7	11022	2936.95395	2778.13509	926.71655	3	1	GVNFJVSK		864.45739	5 4 1 0 0	(N(N(H(H(N(H)))(H(N(H(A)))))))	380	0 1 0 0 0;0 2 0 0 0;1 2 0 0 0;2 2 0 0 0;2 3 0 0 0;3 2 0 0 0;3 3 0 0 0;3 3 1 0 0;3 4 0 0 0;4 3 0 0 0;4 3 1 0 0;4 4 0 0 0;4 4 1 0 0;5 4 0 0 0;	1913.67702	5	41.23306	43.28806	37.41663	7	0.00067	0.24243	0.56250	1.14286	0.00000	0	0	37.41663	13.09555	42.54262	5.69546471898257e-27	0.0	5.69546471898257e-27	sp|P03952|KLKB1_HUMAN	127
2020111CXY-7.4754.4754.3.0.dta	2020111CXY-7.4754.4754.3.0.dta	2020111CXY-7	4754	1257.31550	2995.21909	999.07788	3	1	YKJNSDISSTR		1284.61786	5 3 1 0 0	(N(N(H(H(H))(H(N(H(A)))))))	220	0 1 0 0 0;0 2 0 0 0;1 2 0 0 0;2 2 0 0 0;2 3 0 0 0;3 2 0 0 0;3 3 0 0 0;3 3 1 0 0;4 2 0 0 0;4 3 0 0 0;4 3 1 0 0;5 3 0 0 0;	1710.59765	3	59.27311	54.84508	67.49660	7	0.00358	1.19658	0.85714	1.05000	0.00000	0	0	67.49660	17.81428	61.05454	1.1124600635192905e-47	0.0	1.1124600635192905e-47	sp|P01871|IGHM_HUMAN	46
2020111CXY-7.7012.7012.3.0.dta	2020111CXY-7.7012.7012.3.0.dta	2020111CXY-7	7012	1859.42291	4064.63759	1355.55071	3	1	KKEDALJETR		1203.63279	6 5 3 0 0	(N(N(H(H(N(H(A))))(H(N(H(A)))(N(H(A)))))))	1823	0 1 0 0 0;0 2 0 0 0;1 2 0 0 0;2 2 0 0 0;2 3 0 0 0;2 4 0 0 0;3 2 0 0 0;3 3 0 0 0;3 3 1 0 0;3 4 0 0 0;3 4 1 0 0;3 5 0 0 0;4 3 0 0 0;4 3 1 0 0;4 4 0 0 0;4 4 1 0 0;4 4 2 0 0;4 5 0 0 0;4 5 1 0 0;5 4 0 0 0;5 4 1 0 0;5 4 2 0 0;5 5 0 0 0;5 5 1 0 0;5 5 2 0 0;6 5 0 0 0;6 5 1 0 0;6 5 2 0 0;	2861.00005	7	65.22037	42.41556	107.57216	7	0.00475	1.16775	0.70000	0.88889	0.00000	0	0	107.57216	13.33095	66.55347	5.231596744944334e-74	0.0	5.231596744944334e-74	sp|P10909|CLUS_HUMAN	86
2020111CXY-7.15203.15203.3.0.dta	2020111CXY-7.15203.15203.3.0.dta	2020111CXY-7	15203	4065.63182	3487.57845	1163.19767	3	1	TVLTPATNHMGJVTFTIPANR	10,Oxidation[M];	2271.15503	1 4 0 0 1	(N(N(H(pH(N)(N)))))	3138	0 1 0 0 0;0 2 0 0 0;1 2 0 0 0;1 2 0 0 1;1 3 0 0 1;	1216.38947	12	15.92751	20.60597	7.23893	4	0.03395	9.73579	0.57143	0.47500	0.00000	0	0	7.23893	11.98891	17.12640	1.0111835882170034e-06	0.0	1.0111835882170034e-06	sp|P01024|CO3_HUMAN	85
2020111CXY-7.16948.16948.3.0.dta	2020111CXY-7.16948.16948.3.0.dta	2020111CXY-7	16948	4538.22481	3787.47558	1263.16338	3	1	DTFVJASR		909.44247	7 5 2 1 0	(N(N(H(N)(H(H)(H))(H(N(H(A)))(N(F)(H(A)))))))	1849	0 1 0 0 0;0 2 0 0 0;1 2 0 0 0;1 3 0 0 0;2 2 0 0 0;2 3 0 0 0;2 3 0 1 0;2 4 0 0 0;2 4 0 1 0;2 5 0 0 0;2 5 0 1 0;3 2 0 0 0;3 3 0 0 0;3 3 0 1 0;3 3 1 0 0;3 3 1 1 0;3 4 0 0 0;3 4 0 1 0;3 4 1 0 0;3 4 1 1 0;3 5 0 0 0;3 5 0 1 0;3 5 1 0 0;3 5 1 1 0;4 2 0 0 0;4 3 0 0 0;4 3 0 1 0;4 3 1 0 0;4 3 1 1 0;4 4 0 0 0;4 4 0 1 0;4 4 1 0 0;4 4 1 1 0;4 4 2 0 0;4 4 2 1 0;4 5 0 0 0;4 5 0 1 0;4 5 1 0 0;4 5 1 1 0;4 5 2 0 0;4 5 2 1 0;5 2 0 0 0;5 3 0 0 0;5 3 0 1 0;5 3 1 0 0;5 3 1 1 0;5 4 0 0 0;5 4 0 1 0;5 4 1 0 0;5 4 1 1 0;5 4 2 0 0;5 4 2 1 0;5 5 0 0 0;5 5 0 1 0;5 5 1 0 0;5 5 1 1 0;5 5 2 0 0;5 5 2 1 0;6 3 0 0 0;6 3 0 1 0;6 3 1 0 0;6 3 1 1 0;6 4 0 0 0;6 4 0 1 0;6 4 1 0 0;6 4 1 1 0;6 4 2 0 0;6 4 2 1 0;6 5 0 0 0;6 5 0 1 0;6 5 1 0 0;6 5 1 1 0;6 5 2 0 0;6 5 2 1 0;7 4 0 0 0;7 4 0 1 0;7 4 1 0 0;7 4 1 1 0;7 4 2 0 0;7 4 2 1 0;7 5 0 0 0;7 5 0 1 0;7 5 1 0 0;7 5 1 1 0;7 5 2 0 0;	2878.01537	5	21.85949	26.98533	12.34009	6	0.01774	4.68459	0.13793	0.85714	0.00000	0	0	12.34009	11.35022	22.99451	6.649420819218114e-10	0.0	6.649420819218114e-10	sp|P05155|IC1_HUMAN	238
2020111CXY-7.7749.7749.2.0.dta	2020111CXY-7.7749.7749.2.0.dta	2020111CXY-7	7749	2056.80170	2821.13419	1411.07073	2	1	EEQFJSTYR		1173.51708	3 5 0 1 0	(N(F)(N(H(N)(H(N)(N(H))))))	184	0 1 0 0 0;0 1 0 1 0;0 2 0 0 0;0 2 0 1 0;1 2 0 0 0;1 2 0 1 0;1 3 0 0 0;1 3 0 1 0;2 2 0 0 0;2 2 0 1 0;2 3 0 0 0;2 3 0 1 0;2 4 0 0 0;2 4 0 1 0;2 5 0 0 0;2 5 0 1 0;3 3 0 0 0;3 3 0 1 0;3 4 0 0 0;3 4 0 1 0;3 5 0 0 0;	1647.61324	5	18.90557	16.08790	24.13840	7	0.00387	1.37056	0.39130	0.68750	0.00000	0	0	24.13840	10.15422	19.92099	6.485421221298264e-18	0.0	6.485421221298264e-18	sp|P01861|IGHG4_HUMAN	177
2020111CXY-7.16970.16970.3.0.dta	2020111CXY-7.16970.16970.3.0.dta	2020111CXY-7	16970	4544.14115	4130.65646	1377.55700	3	1	GTAGNALMDGASQLMGEJR	15,Oxidation[M];	1908.85384	6 4 1 1 0	(N(N(H(H(N(H(H))))(H(N(F)(H(A)))))))	783	0 1 0 0 0;0 2 0 0 0;1 2 0 0 0;2 2 0 0 0;2 3 0 0 0;2 3 0 1 0;3 2 0 0 0;3 3 0 0 0;3 3 0 1 0;3 3 1 0 0;3 3 1 1 0;3 4 0 0 0;3 4 0 1 0;4 3 0 0 0;4 3 0 1 0;4 3 1 0 0;4 3 1 1 0;4 4 0 0 0;4 4 0 1 0;4 4 1 0 0;4 4 1 1 0;5 3 0 0 0;5 4 0 0 0;5 4 0 1 0;5 4 1 0 0;5 4 1 1 0;6 4 0 0 0;6 4 0 1 0;6 4 1 0 0;	2221.78776	18	36.33111	46.47922	17.48462	7	0.01486	3.59828	0.25806	0.55556	0.00000	0	0	17.48462	18.12513	38.14362	2.0580539998402518e-13	0.0	2.0580539998402518e-13	sp|P02675|FIBB_HUMAN	394
2020111CXY-7.9063.9063.2.0.dta	2020111CXY-7.9063.9063.2.0.dta	2020111CXY-7	9063	2410.57315	2536.00215	1268.50471	2	1	EEQFJSTFR		1157.52218	6 2 0 0 0	(N(N(H(H)(H(H)(H)(H)))))	62	0 1 0 0 0;0 2 0 0 0;1 2 0 0 0;2 2 0 0 0;3 2 0 0 0;4 2 0 0 0;5 2 0 0 0;	1378.47569	5	35.91705	34.92784	37.75417	7	0.00428	1.68874	0.77778	0.81250	0.00000	0	0	37.75417	14.02162	37.31921	2.7379267263143963e-27	0.0	2.7379267263143963e-27	sp|P01859|IGHG2_HUMAN	176
2020111CXY-7.16973.16973.3.0.dta	2020111CXY-7.16973.16973.3.0.dta	2020111CXY-7	16973	4545.02899	3770.44505	1257.48654	3	1	DTFVJASR		909.44247	6 5 3 0 0	(N(N(H(H(N(H(A))))(H(N(H(A)))(N(H(A)))))))	1823	0 1 0 0 0;0 2 0 0 0;1 2 0 0 0;2 2 0 0 0;2 3 0 0 0;2 4 0 0 0;3 2 0 0 0;3 3 0 0 0;3 3 1 0 0;3 4 0 0 0;3 4 1 0 0;3 5 0 0 0;4 3 0 0 0;4 3 1 0 0;4 4 0 0 0;4 4 1 0 0;4 4 2 0 0;4 5 0 0 0;4 5 1 0 0;5 4 0 0 0;5 4 1 0 0;5 4 2 0 0;5 5 0 0 0;5 5 1 0 0;5 5 2 0 0;6 5 0 0 0;6 5 1 0 0;6 5 2 0 0;	2861.00005	5	13.63566	15.35275	10.44679	6	0.00253	0.67087	0.23333	0.64286	0.00000	0	0	10.44679	9.41058	14.57672	9.245582168921643e-09	0.0	9.245582168921643e-09	sp|P05155|IC1_HUMAN	238
2020111CXY-7.6549.6549.2.0.dta	2020111CXY-7.6549.6549.2.0.dta	2020111CXY-7	6549	1734.32531	2634.04799	1317.52763	2	1	EEQYJSTYR		1189.51199	3 4 0 1 0	(N(F)(N(H(H(N)(N(H))))))	86	0 1 0 0 0;0 1 0 1 0;0 2 0 0 0;0 2 0 1 0;1 2 0 0 0;1 2 0 1 0;2 2 0 0 0;2 2 0 1 0;2 3 0 0 0;2 3 0 1 0;2 4 0 0 0;2 4 0 1 0;3 3 0 0 0;3 3 0 1 0;3 4 0 0 0;	1444.53387	5	15.94535	9.96291	27.05558	8	0.00213	0.80829	0.47059	0.56250	0.00000	0	0	27.05558	8.24538	16.76989	6.825111094909054e-20	0.0025996533795493936	0.0025996533795493936	sp|P01857|IGHG1_HUMAN	180
2020111CXY-7.9094.9094.2.0.dta	2020111CXY-7.9094.9094.2.0.dta	2020111CXY-7	9094	2418.97064	2373.94735	1187.47731	2	1	EEQFJSTFR		1157.52218	5 2 0 0 0	(N(N(H(H(H))(H(H)))))	34	0 1 0 0 0;0 2 0 0 0;1 2 0 0 0;2 2 0 0 0;3 2 0 0 0;4 2 0 0 0;	1216.42286	5	54.74585	56.40042	51.67309	7	0.00231	0.97226	1.00000	1.06250	0.00000	0	0	51.67309	17.48222	56.49407	9.10745022388622e-37	0.0	9.10745022388622e-37	sp|P01859|IGHG2_HUMAN	176
2020111CXY-7.18890.18890.3.0.dta	2020111CXY-7.18890.18890.3.0.dta	2020111CXY-7	18890	5060.46015	3796.58435	1266.19963	3	1	LGACJDTLQQLMEVFK	4,Carbamidomethyl[C];12,Oxidation[M];	1882.90375	5 4 1 0 0	(N(N(H(H(N(H)))(H(N(H(A)))))))	380	0 1 0 0 0;0 2 0 0 0;1 2 0 0 0;2 2 0 0 0;2 3 0 0 0;3 2 0 0 0;3 3 0 0 0;3 3 1 0 0;3 4 0 0 0;4 3 0 0 0;4 3 1 0 0;4 4 0 0 0;4 4 1 0 0;5 4 0 0 0;	1913.67702	5	26.94640	30.49081	20.36392	6	0.00357	0.94150	0.56250	0.73333	0.00000	0	0	20.36392	14.52772	28.39917	1.7048194782910112e-15	0.0	1.7048194782910112e-15	sp|P01008|ANT3_HUMAN	128
2020111CXY-7.18901.18901.3.0.dta	2020111CXY-7.18901.18901.3.0.dta	2020111CXY-7	18901	5063.42350	4097.63348	1366.54934	3	1	GTAGNALMDGASQLMGEJR		1892.85892	5 4 2 0 0	(N(N(H(H(N(H(A))))(H(N(H(A)))))))	754	0 1 0 0 0;0 2 0 0 0;1 2 0 0 0;2 2 0 0 0;2 3 0 0 0;3 2 0 0 0;3 3 0 0 0;3 3 1 0 0;3 4 0 0 0;4 3 0 0 0;4 3 1 0 0;4 4 0 0 0;4 4 1 0 0;5 4 0 0 0;5 4 1 0 0;	2204.77244	18	14.60474	10.15517	22.86823	6	0.00211	0.51590	0.52941	0.22222	0.00000	0	0	22.86823	8.11040	15.41578	4.755830073559009e-17	0.0025996533795493936	0.0025996533795493936	sp|P02675|FIBB_HUMAN	394
2020111CXY-7.6690.6690.2.0.dta	2020111CXY-7.6690.6690.2.0.dta	2020111CXY-7	6690	1772.52563	3147.27423	1574.14075	2	1	GHVJITR		796.44241	5 4 2 1 0	(N(N(H(H(N(H(A))))(H(N(F)(H(A)))))))	993	0 1 0 0 0;0 2 0 0 0;1 2 0 0 0;2 2 0 0 0;2 3 0 0 0;2 3 0 1 0;3 2 0 0 0;3 3 0 0 0;3 3 0 1 0;3 3 1 0 0;3 3 1 1 0;3 4 0 0 0;3 4 0 1 0;4 3 0 0 0;4 3 0 1 0;4 3 1 0 0;4 3 1 1 0;4 4 0 0 0;4 4 0 1 0;4 4 1 0 0;4 4 1 1 0;5 4 0 0 0;5 4 0 1 0;5 4 1 0 0;5 4 1 1 0;5 4 2 0 0;	2350.83035	4	18.60724	8.75653	36.90142	7	0.00147	0.46553	0.53571	0.50000	0.00000	0	0	36.90142	8.02470	19.40971	1.6557280761056575e-26	0.003352891869237217	0.003352891869237217	sp|P00734|THRB_HUMAN	121
2020111CXY-7.11430.11430.3.0.dta	2020111CXY-7.11430.11430.3.0.dta	2020111CXY-7	11430	3047.32870	3018.29454	1006.76970	3	1	TPLTAJITK		958.55677	5 4 1 1 0	(N(F)(N(H(H(N(H)))(H(N(H(A)))))))	549	0 1 0 0 0;0 1 0 1 0;0 2 0 0 0;0 2 0 1 0;1 2 0 0 0;1 2 0 1 0;2 2 0 0 0;2 2 0 1 0;2 3 0 0 0;2 3 0 1 0;3 2 0 0 0;3 2 0 1 0;3 3 0 0 0;3 3 0 1 0;3 3 1 0 0;3 3 1 1 0;3 4 0 0 0;3 4 0 1 0;4 3 0 0 0;4 3 0 1 0;4 3 1 0 0;4 3 1 1 0;4 4 0 0 0;4 4 0 1 0;4 4 1 0 0;4 4 1 1 0;5 4 0 0 0;5 4 0 1 0;5 4 1 0 0;	2059.73493	6	53.70254	58.30174	45.16116	9	0.00284	0.94049	0.54839	1.18750	0.00000	0	0	45.16116	17.46492	55.44903	3.6395818050254594e-32	0.0	3.6395818050254594e-32	sp|P01877|IGHA2_HUMAN	205
2020111CXY-7.17176.17176.4.0.dta	2020111CXY-7.17176.17176.4.0.dta	2020111CXY-7	17176	4600.24279	4428.80348	1107.95633	4	1	QQQHLFGSJVTDCSGJFCLFR	13,Carbamidomethyl[C];18,Carbamidomethyl[C];	2515.12414	5 4 1 0 0	(N(N(H(H(N(H)))(H(N(H(A)))))))	380	0 1 0 0 0;0 2 0 0 0;1 2 0 0 0;2 2 0 0 0;2 3 0 0 0;3 2 0 0 0;3 3 0 0 0;3 3 1 0 0;3 4 0 0 0;4 3 0 0 0;4 3 1 0 0;4 4 0 0 0;4 4 1 0 0;5 4 0 0 0;	1913.67702	9	37.87033	46.07560	22.63197	7	0.00232	0.52396	0.50000	0.70000	0.00000	0	0	22.63197	19.86855	39.85718	6.461287667937401e-17	0.0	6.461287667937401e-17	sp|P02787|TRFE_HUMAN	630
2020111CXY-7.17417.17417.3.0.dta	2020111CXY-7.17417.17417.3.0.dta	2020111CXY-7	17417	4665.35781	4018.62873	1340.21443	3	1	LNAENJATFYFK		1431.69030	7 5 1 1 0	(N(N(H(N)(H(H)(H))(H(N(H)(F))(N(H(A)))))))	1369	0 1 0 0 0;0 2 0 0 0;1 2 0 0 0;1 3 0 0 0;2 2 0 0 0;2 3 0 0 0;2 3 0 1 0;2 4 0 0 0;2 4 0 1 0;2 5 0 0 0;2 5 0 1 0;3 2 0 0 0;3 3 0 0 0;3 3 0 1 0;3 3 1 0 0;3 4 0 0 0;3 4 0 1 0;3 4 1 0 0;3 4 1 1 0;3 5 0 0 0;3 5 0 1 0;3 5 1 0 0;3 5 1 1 0;4 2 0 0 0;4 3 0 0 0;4 3 0 1 0;4 3 1 0 0;4 4 0 0 0;4 4 0 1 0;4 4 1 0 0;4 4 1 1 0;4 5 0 0 0;4 5 0 1 0;4 5 1 0 0;4 5 1 1 0;5 2 0 0 0;5 3 0 0 0;5 3 0 1 0;5 3 1 0 0;5 4 0 0 0;5 4 0 1 0;5 4 1 0 0;5 4 1 1 0;5 5 0 0 0;5 5 0 1 0;5 5 1 0 0;5 5 1 1 0;6 3 0 0 0;6 3 0 1 0;6 3 1 0 0;6 4 0 0 0;6 4 0 1 0;6 4 1 0 0;6 4 1 1 0;6 5 0 0 0;6 5 0 1 0;6 5 1 0 0;6 5 1 1 0;7 4 0 0 0;7 4 0 1 0;7 4 1 0 0;7 4 1 1 0;7 5 0 0 0;7 5 0 1 0;7 5 1 0 0;	2586.91995	6	19.62113	22.11751	14.98498	7	0.01848	4.59866	0.16418	0.68182	0.00000	0	0	14.98498	11.22487	20.74362	9.994147868138426e-12	0.0	9.994147868138426e-12	sp|P01042|KNG1_HUMAN	294
2020111CXY-7.11025.11025.3.0.dta	2020111CXY-7.11025.11025.3.0.dta	2020111CXY-7	11025	2937.63317	3673.53261	1225.18239	3	1	VYKPSAGJNSLYR		1468.75428	5 4 2 0 0	(N(N(H(H(N(H(A))))(H(N(H(A)))))))	754	0 1 0 0 0;0 2 0 0 0;1 2 0 0 0;2 2 0 0 0;2 3 0 0 0;3 2 0 0 0;3 3 0 0 0;3 3 1 0 0;3 4 0 0 0;4 3 0 0 0;4 3 1 0 0;4 4 0 0 0;4 4 1 0 0;5 4 0 0 0;5 4 1 0 0;	2204.77244	8	46.11952	37.54889	62.03642	7	0.00588	1.60172	0.76471	0.66667	0.00000	0	0	62.03642	15.53173	47.67269	1.338390943781542e-43	0.0	1.338390943781542e-43	sp|P02749|APOH_HUMAN	162
2020111CXY-7.2650.2650.5.0.dta	2020111CXY-7.2650.2650.5.0.dta	2020111CXY-7	2650	696.98012	3828.51937	766.50969	5	1	HSHNJJSSDLHPHK		1623.73709	5 4 2 0 0	(N(N(H(H(N(H(A))))(H(N(H(A)))))))	754	0 1 0 0 0;0 2 0 0 0;1 2 0 0 0;2 2 0 0 0;2 3 0 0 0;3 2 0 0 0;3 3 0 0 0;3 3 1 0 0;3 4 0 0 0;4 3 0 0 0;4 3 1 0 0;4 4 0 0 0;4 4 1 0 0;5 4 0 0 0;5 4 1 0 0;	2204.77244	5	26.71515	20.12329	38.95719	7	0.00984	2.57096	0.58824	0.53846	0.00000	0	0	38.95719	9.56791	27.67194	5.504707894449771e-28	0.0	5.504707894449771e-28	sp|P04196|HRG_HUMAN	344
2020111CXY-7.14523.14523.3.0.dta	2020111CXY-7.14523.14523.3.0.dta	2020111CXY-7	14523	3881.56942	3825.47331	1275.82929	3	1	EDALJETR		947.44286	7 5 2 1 0	(N(N(H(N)(H(H)(H))(H(N(H(A)))(N(F)(H(A)))))))	1849	0 1 0 0 0;0 2 0 0 0;1 2 0 0 0;1 3 0 0 0;2 2 0 0 0;2 3 0 0 0;2 3 0 1 0;2 4 0 0 0;2 4 0 1 0;2 5 0 0 0;2 5 0 1 0;3 2 0 0 0;3 3 0 0 0;3 3 0 1 0;3 3 1 0 0;3 3 1 1 0;3 4 0 0 0;3 4 0 1 0;3 4 1 0 0;3 4 1 1 0;3 5 0 0 0;3 5 0 1 0;3 5 1 0 0;3 5 1 1 0;4 2 0 0 0;4 3 0 0 0;4 3 0 1 0;4 3 1 0 0;4 3 1 1 0;4 4 0 0 0;4 4 0 1 0;4 4 1 0 0;4 4 1 1 0;4 4 2 0 0;4 4 2 1 0;4 5 0 0 0;4 5 0 1 0;4 5 1 0 0;4 5 1 1 0;4 5 2 0 0;4 5 2 1 0;5 2 0 0 0;5 3 0 0 0;5 3 0 1 0;5 3 1 0 0;5 3 1 1 0;5 4 0 0 0;5 4 0 1 0;5 4 1 0 0;5 4 1 1 0;5 4 2 0 0;5 4 2 1 0;5 5 0 0 0;5 5 0 1 0;5 5 1 0 0;5 5 1 1 0;5 5 2 0 0;5 5 2 1 0;6 3 0 0 0;6 3 0 1 0;6 3 1 0 0;6 3 1 1 0;6 4 0 0 0;6 4 0 1 0;6 4 1 0 0;6 4 1 1 0;6 4 2 0 0;6 4 2 1 0;6 5 0 0 0;6 5 0 1 0;6 5 1 0 0;6 5 1 1 0;6 5 2 0 0;6 5 2 1 0;7 4 0 0 0;7 4 0 1 0;7 4 1 0 0;7 4 1 1 0;7 4 2 0 0;7 4 2 1 0;7 5 0 0 0;7 5 0 1 0;7 5 1 0 0;7 5 1 1 0;7 5 2 0 0;	2878.01537	5	11.19738	11.93619	9.82530	6	0.01508	3.94246	0.12644	0.57143	0.00000	0	0	9.82530	8.44162	12.04154	2.737497724560335e-08	0.0009208103130755065	0.0009208103130755065	sp|P10909|CLUS_HUMAN	86
2020111CXY-7.4698.4698.2.0.dta	2020111CXY-7.4698.4698.2.0.dta	2020111CXY-7	4698	1242.24795	3157.26958	1579.13843	2	1	YKJNSDISSTR		1284.61786	6 3 1 0 0	(N(N(H(H)(H(H)(H(N(H(A))))))))	350	0 1 0 0 0;0 2 0 0 0;1 2 0 0 0;2 2 0 0 0;3 2 0 0 0;3 3 0 0 0;4 2 0 0 0;4 3 0 0 0;4 3 1 0 0;5 2 0 0 0;5 3 0 0 0;5 3 1 0 0;6 3 0 0 0;	1872.65047	3	40.70922	31.95145	56.97364	7	0.00124	0.39357	0.86667	0.95000	0.00000	0	0	56.97364	13.73150	42.08237	3.825071508806248e-40	0.0	3.825071508806248e-40	sp|P01871|IGHM_HUMAN	46
2020111CXY-7.17732.17732.3.0.dta	2020111CXY-7.17732.17732.3.0.dta	2020111CXY-7	17732	4749.44938	3407.45946	1136.49134	3	1	CGLVPVLAENYJK	1,Carbamidomethyl[C];	1476.75152	6 4 0 1 0	(N(N(H(H(H))(H(N(H))(N(H)(F))))))	399	0 1 0 0 0;0 2 0 0 0;1 2 0 0 0;2 2 0 0 0;2 3 0 0 0;2 3 0 1 0;2 4 0 0 0;2 4 0 1 0;3 2 0 0 0;3 3 0 0 0;3 3 0 1 0;3 4 0 0 0;3 4 0 1 0;4 2 0 0 0;4 3 0 0 0;4 3 0 1 0;4 4 0 0 0;4 4 0 1 0;5 3 0 0 0;5 3 0 1 0;5 4 0 0 0;5 4 0 1 0;6 4 0 0 0;	1930.69234	12	22.29188	30.26414	7.48627	5	0.01560	4.57783	0.28000	0.66667	0.00000	0	0	7.48627	12.54860	23.54674	6.495316238766446e-07	0.0	6.495316238766446e-07	sp|P02787|TRFE_HUMAN	432
2020111CXY-7.11484.11484.3.0.dta	2020111CXY-7.11484.11484.3.0.dta	2020111CXY-7	11484	3062.17279	4080.72683	1360.91379	3	1	IPCSQPPQIEHGTIJSSR	3,Carbamidomethyl[C];	2020.98690	5 4 1 1 0	(N(F)(N(H(H(N(H)))(H(N(H(A)))))))	549	0 1 0 0 0;0 1 0 1 0;0 2 0 0 0;0 2 0 1 0;1 2 0 0 0;1 2 0 1 0;2 2 0 0 0;2 2 0 1 0;2 3 0 0 0;2 3 0 1 0;3 2 0 0 0;3 2 0 1 0;3 3 0 0 0;3 3 0 1 0;3 3 1 0 0;3 3 1 1 0;3 4 0 0 0;3 4 0 1 0;4 3 0 0 0;4 3 0 1 0;4 3 1 0 0;4 3 1 1 0;4 4 0 0 0;4 4 0 1 0;4 4 1 0 0;4 4 1 1 0;5 4 0 0 0;5 4 0 1 0;5 4 1 0 0;	2059.73493	15	30.33894	26.91632	36.69523	8	0.00499	1.22397	0.51613	0.47059	0.00000	0	0	36.69523	12.65380	31.60432	2.3303244317678265e-26	0.0	2.3303244317678265e-26	sp|P08603|CFAH_HUMAN	882
2020111CXY-7.5990.5990.2.0.dta	2020111CXY-7.5990.5990.2.0.dta	2020111CXY-7	5990	1585.81192	2958.15396	1479.58062	2	1	EEQYJSTYR		1189.51199	5 4 0 1 0	(N(F)(N(H(H(N(H)))(H(N(H))))))	267	0 1 0 0 0;0 1 0 1 0;0 2 0 0 0;0 2 0 1 0;1 2 0 0 0;1 2 0 1 0;2 2 0 0 0;2 2 0 1 0;2 3 0 0 0;2 3 0 1 0;3 2 0 0 0;3 2 0 1 0;3 3 0 0 0;3 3 0 1 0;3 4 0 0 0;3 4 0 1 0;4 3 0 0 0;4 3 0 1 0;4 4 0 0 0;4 4 0 1 0;5 4 0 0 0;	1768.63952	5	22.89383	22.43470	23.74648	8	0.00245	0.82897	0.43478	0.81250	0.00000	0	0	23.74648	10.90383	23.98421	1.2272978263731583e-17	0.0	1.2272978263731583e-17	sp|P01857|IGHG1_HUMAN	180
2020111CXY-7.18023.18023.3.0.dta	2020111CXY-7.18023.18023.3.0.dta	2020111CXY-7	18023	4827.80595	4182.83507	1394.94987	3	1	VDKDLQSLEDILHQVEJK		2123.09789	5 4 1 1 0	(N(N(H(H(N(H)(F)))(H(N(H(A)))))))	550	0 1 0 0 0;0 2 0 0 0;1 2 0 0 0;2 2 0 0 0;2 3 0 0 0;2 3 0 1 0;3 2 0 0 0;3 3 0 0 0;3 3 0 1 0;3 3 1 0 0;3 4 0 0 0;3 4 0 1 0;4 3 0 0 0;4 3 0 1 0;4 3 1 0 0;4 4 0 0 0;4 4 0 1 0;4 4 1 0 0;4 4 1 1 0;5 4 0 0 0;5 4 0 1 0;5 4 1 0 0;	2059.73493	17	16.80284	10.12288	29.20848	7	0.00225	0.53760	0.45833	0.26471	0.00000	0	0	29.20848	8.44245	17.64709	1.842050782755329e-21	0.0009208103130755065	0.0009208103130755065	sp|P02679|FIBG_HUMAN	78
2020111CXY-7.18729.18729.3.0.dta	2020111CXY-7.18729.18729.3.0.dta	2020111CXY-7	18729	5016.98829	3544.43377	1182.14944	3	1	TMFPJLTDVR		1193.59832	5 4 2 1 0	(N(F)(N(H(H(N(H(A))))(H(N(H(A)))))))	991	0 1 0 0 0;0 1 0 1 0;0 2 0 0 0;0 2 0 1 0;1 2 0 0 0;1 2 0 1 0;2 2 0 0 0;2 2 0 1 0;2 3 0 0 0;2 3 0 1 0;3 2 0 0 0;3 2 0 1 0;3 3 0 0 0;3 3 0 1 0;3 3 1 0 0;3 3 1 1 0;3 4 0 0 0;3 4 0 1 0;4 3 0 0 0;4 3 0 1 0;4 3 1 0 0;4 3 1 1 0;4 4 0 0 0;4 4 0 1 0;4 4 1 0 0;4 4 1 1 0;5 4 0 0 0;5 4 0 1 0;5 4 1 0 0;5 4 1 1 0;5 4 2 0 0;	2350.83035	5	9.58583	11.77569	5.51896	6	0.00510	1.43836	0.21212	0.61111	0.00000	0	0	5.51896	8.29706	10.41554	1.292867845952147e-05	0.0025996533795493936	0.0025996533795493936	sp|P06681|CO2_HUMAN	651
2020111CXY-7.13658.13658.2.0.dta	2020111CXY-7.13658.13658.2.0.dta	2020111CXY-7	13658	3647.15052	3114.21805	1557.61266	2	1	DTFVJASR		909.44247	5 4 2 0 0	(N(N(H(H(N(H(A))))(H(N(H(A)))))))	754	0 1 0 0 0;0 2 0 0 0;1 2 0 0 0;2 2 0 0 0;2 3 0 0 0;3 2 0 0 0;3 3 0 0 0;3 3 1 0 0;3 4 0 0 0;4 3 0 0 0;4 3 1 0 0;4 4 0 0 0;4 4 1 0 0;5 4 0 0 0;5 4 1 0 0;	2204.77244	5	21.51479	26.88704	11.53776	6	0.00314	1.00795	0.35294	0.85714	0.00000	0	0	11.53776	11.70283	22.68507	1.8443452156953235e-09	0.0	1.8443452156953235e-09	sp|P05155|IC1_HUMAN	238
2020111CXY-7.13992.13992.2.0.dta	2020111CXY-7.13992.13992.2.0.dta	2020111CXY-7	13992	3737.80206	3471.33460	1736.17094	2	1	LGJWSAMPSCK	10,Carbamidomethyl[C];7,Oxidation[M];	1266.56055	5 4 2 0 0	(N(N(H(H(N(H(A))))(H(N(H(A)))))))	754	0 1 0 0 0;0 2 0 0 0;1 2 0 0 0;2 2 0 0 0;2 3 0 0 0;3 2 0 0 0;3 3 0 0 0;3 3 1 0 0;3 4 0 0 0;4 3 0 0 0;4 3 1 0 0;4 4 0 0 0;4 4 1 0 0;5 4 0 0 0;5 4 1 0 0;	2204.77244	3	8.98423	11.93686	3.50077	4	0.00160	0.46177	0.29412	0.60000	0.00000	0	0	3.50077	8.71096	9.85533	0.00042232655467654883	0.0009208103130755065	0.0009208103130755065	sp|P02749|APOH_HUMAN	253
2020111CXY-7.17677.17677.3.0.dta	2020111CXY-7.17677.17677.3.0.dta	2020111CXY-7	17677	4734.64103	4152.69156	1384.90204	3	1	AAIPSALDTJSSK		1274.65867	7 5 2 1 0	(N(N(H(N)(H(H)(H))(H(N(H(A)))(N(F)(H(A)))))))	1849	0 1 0 0 0;0 2 0 0 0;1 2 0 0 0;1 3 0 0 0;2 2 0 0 0;2 3 0 0 0;2 3 0 1 0;2 4 0 0 0;2 4 0 1 0;2 5 0 0 0;2 5 0 1 0;3 2 0 0 0;3 3 0 0 0;3 3 0 1 0;3 3 1 0 0;3 3 1 1 0;3 4 0 0 0;3 4 0 1 0;3 4 1 0 0;3 4 1 1 0;3 5 0 0 0;3 5 0 1 0;3 5 1 0 0;3 5 1 1 0;4 2 0 0 0;4 3 0 0 0;4 3 0 1 0;4 3 1 0 0;4 3 1 1 0;4 4 0 0 0;4 4 0 1 0;4 4 1 0 0;4 4 1 1 0;4 4 2 0 0;4 4 2 1 0;4 5 0 0 0;4 5 0 1 0;4 5 1 0 0;4 5 1 1 0;4 5 2 0 0;4 5 2 1 0;5 2 0 0 0;5 3 0 0 0;5 3 0 1 0;5 3 1 0 0;5 3 1 1 0;5 4 0 0 0;5 4 0 1 0;5 4 1 0 0;5 4 1 1 0;5 4 2 0 0;5 4 2 1 0;5 5 0 0 0;5 5 0 1 0;5 5 1 0 0;5 5 1 1 0;5 5 2 0 0;5 5 2 1 0;6 3 0 0 0;6 3 0 1 0;6 3 1 0 0;6 3 1 1 0;6 4 0 0 0;6 4 0 1 0;6 4 1 0 0;6 4 1 1 0;6 4 2 0 0;6 4 2 1 0;6 5 0 0 0;6 5 0 1 0;6 5 1 0 0;6 5 1 1 0;6 5 2 0 0;6 5 2 1 0;7 4 0 0 0;7 4 0 1 0;7 4 1 0 0;7 4 1 1 0;7 4 2 0 0;7 4 2 1 0;7 5 0 0 0;7 5 0 1 0;7 5 1 0 0;7 5 1 1 0;7 5 2 0 0;	2878.01537	10	10.11512	15.03643	0.97554	3	0.01752	4.21817	0.05747	0.54167	0.00000	0	0	0.97554	9.23331	11.03845	0.009428958597284183	0.0	0.009428958597284183	sp|Q08380|LG3BP_HUMAN	551
2020111CXY-7.6397.6397.3.0.dta	2020111CXY-7.6397.6397.3.0.dta	2020111CXY-7	6397	1693.45230	3635.45313	1212.48923	3	1	YKJNSDISSTR		1284.61786	5 4 2 1 0	(N(F)(N(H(H(N(H(A))))(H(N(H(A)))))))	991	0 1 0 0 0;0 1 0 1 0;0 2 0 0 0;0 2 0 1 0;1 2 0 0 0;1 2 0 1 0;2 2 0 0 0;2 2 0 1 0;2 3 0 0 0;2 3 0 1 0;3 2 0 0 0;3 2 0 1 0;3 3 0 0 0;3 3 0 1 0;3 3 1 0 0;3 3 1 1 0;3 4 0 0 0;3 4 0 1 0;4 3 0 0 0;4 3 0 1 0;4 3 1 0 0;4 3 1 1 0;4 4 0 0 0;4 4 0 1 0;4 4 1 0 0;4 4 1 1 0;5 4 0 0 0;5 4 0 1 0;5 4 1 0 0;5 4 1 1 0;5 4 2 0 0;	2350.83035	3	73.97230	55.18624	108.86071	9	0.00492	1.35448	0.75758	1.05000	0.00000	0	0	108.86071	17.32205	75.70450	1.4811998431513738e-74	0.0	1.4811998431513738e-74	sp|P01871|IGHM_HUMAN	46
2020111CXY-7.18893.18893.3.0.dta	2020111CXY-7.18893.18893.3.0.dta	2020111CXY-7	18893	5061.34837	3649.56135	1217.19197	3	1	ALPQPQJVTSLLGCTH	14,Carbamidomethyl[C];	1735.87958	5 4 1 0 0	(N(N(H(H(N(H)))(H(N(H(A)))))))	380	0 1 0 0 0;0 2 0 0 0;1 2 0 0 0;2 2 0 0 0;2 3 0 0 0;3 2 0 0 0;3 3 0 0 0;3 3 1 0 0;3 4 0 0 0;4 3 0 0 0;4 3 1 0 0;4 4 0 0 0;4 4 1 0 0;5 4 0 0 0;	1913.67702	7	10.70753	12.69647	7.01377	5	0.00474	1.29865	0.37500	0.46667	0.00000	0	0	7.01377	7.96053	11.50358	1.4723552528585778e-06	0.003352891869237217	0.003352891869237217	sp|P02790|HEMO_HUMAN	453
2020111CXY-7.13176.13176.3.0.dta	2020111CXY-7.13176.13176.3.0.dta	2020111CXY-7	13176	3516.94880	3477.39933	1159.80463	3	1	FSDGLESJSSTQFEVK		1774.81300	8 2 0 0 0	(N(N(H(H(H(H))(H(H(H(H))))))))	214	0 1 0 0 0;0 2 0 0 0;1 2 0 0 0;2 2 0 0 0;3 2 0 0 0;4 2 0 0 0;5 2 0 0 0;6 2 0 0 0;7 2 0 0 0;	1702.58133	8	55.60545	70.72900	27.51886	7	0.00500	1.43895	0.72727	0.96667	0.00000	0	0	27.51886	23.50631	57.95608	3.865618659090125e-20	0.0	3.865618659090125e-20	sp|P0C0L4|CO4A_HUMAN/sp|P0C0L5|CO4B_HUMAN	226/226
2020111CXY-7.5671.5671.3.0.dta	2020111CXY-7.5671.5671.3.0.dta	2020111CXY-7	5671	1502.48550	3344.35646	1115.45700	3	1	YKJNSDISSTR		1284.61786	5 4 1 1 0	(N(F)(N(H(H(N(H)))(H(N(H(A)))))))	549	0 1 0 0 0;0 1 0 1 0;0 2 0 0 0;0 2 0 1 0;1 2 0 0 0;1 2 0 1 0;2 2 0 0 0;2 2 0 1 0;2 3 0 0 0;2 3 0 1 0;3 2 0 0 0;3 2 0 1 0;3 3 0 0 0;3 3 0 1 0;3 3 1 0 0;3 3 1 1 0;3 4 0 0 0;3 4 0 1 0;4 3 0 0 0;4 3 0 1 0;4 3 1 0 0;4 3 1 1 0;4 4 0 0 0;4 4 0 1 0;4 4 1 0 0;4 4 1 1 0;5 4 0 0 0;5 4 0 1 0;5 4 1 0 0;	2059.73493	3	20.00506	11.16788	36.41697	8	0.00367	1.09698	0.51613	0.60000	0.00000	0	0	36.41697	7.91847	20.79691	3.301256041770157e-26	0.003352891869237217	0.003352891869237217	sp|P01871|IGHM_HUMAN	46
2020111CXY-7.16449.16449.3.1.dta	2020111CXY-7.16449.16449.3.1.dta	2020111CXY-7	16449	4402.72307	3823.54047	1275.18501	3	1	GTAGNALMDGASQLMGEJR	15,Oxidation[M];	1908.85384	5 4 0 2 0	(N(N(H(H(N(H(F))))(H(N(H(F)))))))	384	0 1 0 0 0;0 2 0 0 0;1 2 0 0 0;2 2 0 0 0;2 3 0 0 0;3 2 0 0 0;3 3 0 0 0;3 3 0 1 0;3 4 0 0 0;4 3 0 0 0;4 3 0 1 0;4 4 0 0 0;4 4 0 1 0;5 4 0 0 0;5 4 0 1 0;	1914.69742	18	14.48031	6.80623	28.73216	7	-0.01079	-2.82293	0.58824	0.25000	0.00000	0	0	28.73216	7.78613	15.25892	2.8602772782933728e-21	0.005742411812961444	0.005742411812961444	sp|P02675|FIBB_HUMAN	394
2020111CXY-7.16449.16449.3.2.dta	2020111CXY-7.16449.16449.3.2.dta	2020111CXY-7	16449	4402.72307	3821.47492	1274.49649	3	1	LGJWSAMPSCK	10,Carbamidomethyl[C];	1250.56564	6 5 1 2 0	(N(N(H(H(N(H)(F)))(H(N(F)(H(N(H(A)))))))))	1345	0 1 0 0 0;0 2 0 0 0;1 2 0 0 0;2 2 0 0 0;2 3 0 0 0;2 3 0 1 0;3 2 0 0 0;3 3 0 0 0;3 3 0 1 0;3 4 0 0 0;3 4 0 1 0;3 4 0 2 0;4 3 0 0 0;4 3 0 1 0;4 4 0 0 0;4 4 0 1 0;4 4 0 2 0;4 4 1 0 0;4 4 1 1 0;4 5 0 0 0;4 5 0 1 0;4 5 0 2 0;5 4 0 0 0;5 4 0 1 0;5 4 0 2 0;5 4 1 0 0;5 4 1 1 0;5 5 0 0 0;5 5 0 1 0;5 5 0 2 0;5 5 1 0 0;5 5 1 1 0;5 5 1 2 0;6 5 0 0 0;6 5 0 1 0;6 5 0 2 0;6 5 1 0 0;6 5 1 1 0;	2570.92504	3	24.95923	36.82454	2.92367	4	-0.01575	-4.12225	0.15000	0.90000	0.00000	0	0	2.92367	13.47665	26.30689	0.0009285125118404157	0.0	0.0009285125118404157	sp|P02749|APOH_HUMAN	253
2020111CXY-7.7593.7593.2.0.dta	2020111CXY-7.7593.7593.2.0.dta	2020111CXY-7	7593	2014.87471	2941.13973	1471.07350	2	1	EEQYJSTYR		1189.51199	4 4 1 0 0	(N(N(H(H(N))(H(N(H(A)))))))	239	0 1 0 0 0;0 2 0 0 0;1 2 0 0 0;2 2 0 0 0;2 3 0 0 0;3 2 0 0 0;3 3 0 0 0;3 3 1 0 0;3 4 0 0 0;4 3 0 0 0;4 3 1 0 0;4 4 0 0 0;	1751.62420	5	34.10710	29.72698	42.24163	7	0.00354	1.20427	0.71429	0.87500	0.00000	0	0	42.24163	12.07767	35.31487	3.173921251120332e-30	0.0	3.173921251120332e-30	sp|P01857|IGHG1_HUMAN	180
2020111CXY-7.8076.8076.3.0.dta	2020111CXY-7.8076.8076.3.0.dta	2020111CXY-7	8076	2144.73908	3026.31037	1009.44164	3	1	FVEGSHJSTVSLTTK		1606.80713	5 3 0 0 0	(N(H)(N(H(H)(H(N(H))))))	81	0 1 0 0 0;0 2 0 0 0;1 1 0 0 0;1 2 0 0 0;2 2 0 0 0;2 3 0 0 0;3 2 0 0 0;3 3 0 0 0;4 2 0 0 0;4 3 0 0 0;	1419.50223	7	60.16658	72.52583	37.21370	7	0.00101	0.33359	0.75000	0.92857	0.00000	0	0	37.21370	22.90489	62.45707	7.673305564806092e-27	0.0	7.673305564806092e-27	sp|P04114|APOB_HUMAN	3411
2020111CXY-7.18518.18518.3.0.dta	2020111CXY-7.18518.18518.3.0.dta	2020111CXY-7	18518	4960.25367	4111.57208	1371.19554	3	1	LGJWSAMPSCK	10,Carbamidomethyl[C];	1250.56564	6 5 3 0 0	(N(N(H(H(N(H(A))))(H(N(H(A)))(N(H(A)))))))	1823	0 1 0 0 0;0 2 0 0 0;1 2 0 0 0;2 2 0 0 0;2 3 0 0 0;2 4 0 0 0;3 2 0 0 0;3 3 0 0 0;3 3 1 0 0;3 4 0 0 0;3 4 1 0 0;3 5 0 0 0;4 3 0 0 0;4 3 1 0 0;4 4 0 0 0;4 4 1 0 0;4 4 2 0 0;4 5 0 0 0;4 5 1 0 0;5 4 0 0 0;5 4 1 0 0;5 4 2 0 0;5 5 0 0 0;5 5 1 0 0;5 5 2 0 0;6 5 0 0 0;6 5 1 0 0;6 5 2 0 0;	2861.00005	3	39.59895	51.49777	17.50114	6	0.00639	1.55354	0.33333	1.00000	0.00000	0	0	17.50114	17.21965	41.32091	1.8217778980561242e-13	0.0	1.8217778980561242e-13	sp|P02749|APOH_HUMAN	253
2020111CXY-7.6479.6479.3.0.dta	2020111CXY-7.6479.6479.3.0.dta	2020111CXY-7	6479	1715.44294	3635.45184	1212.48880	3	1	YKJNSDISSTR		1284.61786	5 4 2 1 0	(N(F)(N(H(H(N(H(A))))(H(N(H(A)))))))	991	0 1 0 0 0;0 1 0 1 0;0 2 0 0 0;0 2 0 1 0;1 2 0 0 0;1 2 0 1 0;2 2 0 0 0;2 2 0 1 0;2 3 0 0 0;2 3 0 1 0;3 2 0 0 0;3 2 0 1 0;3 3 0 0 0;3 3 0 1 0;3 3 1 0 0;3 3 1 1 0;3 4 0 0 0;3 4 0 1 0;4 3 0 0 0;4 3 0 1 0;4 3 1 0 0;4 3 1 1 0;4 4 0 0 0;4 4 0 1 0;4 4 1 0 0;4 4 1 1 0;5 4 0 0 0;5 4 0 1 0;5 4 1 0 0;5 4 1 1 0;5 4 2 0 0;	2350.83035	3	9.12360	10.11587	7.28081	4	0.00363	0.99964	0.36364	0.55000	0.00000	0	0	7.28081	7.66566	9.89017	8.804379449157017e-07	0.0065040650406504065	0.0065040650406504065	sp|P01871|IGHM_HUMAN	46
2020111CXY-7.18199.18199.4.0.dta	2020111CXY-7.18199.18199.4.0.dta	2020111CXY-7	18199	4874.42468	4887.96270	1222.74613	4	1	ALPQPQJVTSLLGCTH	14,Carbamidomethyl[C];	1735.87958	6 5 4 0 0	(N(N(H(H(N(H(A))))(H(N(H(A)))(N(H(A)(A)))))))	2250	0 1 0 0 0;0 2 0 0 0;1 2 0 0 0;2 2 0 0 0;2 3 0 0 0;2 4 0 0 0;3 2 0 0 0;3 3 0 0 0;3 3 1 0 0;3 3 2 0 0;3 4 0 0 0;3 4 1 0 0;3 4 2 0 0;3 5 0 0 0;4 3 0 0 0;4 3 1 0 0;4 3 2 0 0;4 4 0 0 0;4 4 1 0 0;4 4 2 0 0;4 4 3 0 0;4 5 0 0 0;4 5 1 0 0;4 5 2 0 0;5 4 0 0 0;5 4 1 0 0;5 4 2 0 0;5 4 3 0 0;5 5 0 0 0;5 5 1 0 0;5 5 2 0 0;5 5 3 0 0;6 5 0 0 0;6 5 1 0 0;6 5 2 0 0;6 5 3 0 0;	3152.09547	7	11.06987	15.98051	1.95010	3	-0.01235	-2.52622	0.13158	0.46667	0.00000	0	0	1.95010	10.60556	12.13043	0.002390540666818834	0.0	0.002390540666818834	sp|P02790|HEMO_HUMAN	453
2020111CXY-7.7345.7345.3.0.dta	2020111CXY-7.7345.7345.3.0.dta	2020111CXY-7	7345	1948.51584	2942.16143	981.39199	3	1	EEQFJSTYR		1173.51708	5 4 0 1 0	(N(N(H(H(N(H)))(H(N(H(F)))))))	264	0 1 0 0 0;0 2 0 0 0;1 2 0 0 0;2 2 0 0 0;2 3 0 0 0;3 2 0 0 0;3 3 0 0 0;3 3 0 1 0;3 4 0 0 0;4 3 0 0 0;4 3 0 1 0;4 4 0 0 0;4 4 0 1 0;5 4 0 0 0;	1768.63952	5	52.40887	60.13086	38.06804	7	0.00483	1.64070	0.62500	1.06250	0.00000	0	0	38.06804	18.38860	54.24773	1.6787858330594478e-27	0.0	1.6787858330594478e-27	sp|P01861|IGHG4_HUMAN	177
2020111CXY-7.18408.18408.3.0.dta	2020111CXY-7.18408.18408.3.0.dta	2020111CXY-7	18408	4930.66525	3116.24812	1039.42089	3	1	JGSLFAFR		911.47338	5 4 2 0 0	(N(N(H(H(N(H(A))))(H(N(H(A)))))))	754	0 1 0 0 0;0 2 0 0 0;1 2 0 0 0;2 2 0 0 0;2 3 0 0 0;3 2 0 0 0;3 3 0 0 0;3 3 1 0 0;3 4 0 0 0;4 3 0 0 0;4 3 1 0 0;4 4 0 0 0;4 4 1 0 0;5 4 0 0 0;5 4 1 0 0;	2204.77244	1	35.38843	45.15881	17.24344	6	0.00231	0.74030	0.41176	1.28571	0.00000	0	0	17.24344	14.27351	36.81578	2.973187094420017e-13	0.0	2.973187094420017e-13	sp|P04004|VTNC_HUMAN	169
2020111CXY-7.17196.17196.3.1.dta	2020111CXY-7.17196.17196.3.1.dta	2020111CXY-7	17196	4605.55811	4705.90242	1569.30566	3	1	GLTFQQJASSMCVPDQDTAIR	12,Carbamidomethyl[C];11,Oxidation[M];	2355.07037	12 2 0 0 0	(N(N(H(H(H)(H(H(H))))(H(H(H))(H(H(H)))))))	983	0 1 0 0 0;0 2 0 0 0;1 2 0 0 0;2 2 0 0 0;3 2 0 0 0;4 2 0 0 0;5 2 0 0 0;6 2 0 0 0;7 2 0 0 0;8 2 0 0 0;9 2 0 0 0;10 2 0 0 0;11 2 0 0 0;	2350.79263	7	13.18263	14.78848	10.20034	6	0.03942	8.37652	0.40000	0.45000	0.00000	0	0	10.20034	9.71358	14.15399	1.4644315778197387e-08	0.0	1.4644315778197387e-08	sp|P01871|IGHM_HUMAN	209
2020111CXY-7.19707.19707.3.0.dta	2020111CXY-7.19707.19707.3.0.dta	2020111CXY-7	19707	5279.48283	4616.89751	1539.63736	3	1	YLGJATAIFFLPDEGK		1755.89521	6 5 3 0 0	(N(N(H(H(N(H(A))))(H(N(H(A)))(N(H(A)))))))	1823	0 1 0 0 0;0 2 0 0 0;1 2 0 0 0;2 2 0 0 0;2 3 0 0 0;2 4 0 0 0;3 2 0 0 0;3 3 0 0 0;3 3 1 0 0;3 4 0 0 0;3 4 1 0 0;3 5 0 0 0;4 3 0 0 0;4 3 1 0 0;4 4 0 0 0;4 4 1 0 0;4 4 2 0 0;4 5 0 0 0;4 5 1 0 0;5 4 0 0 0;5 4 1 0 0;5 4 2 0 0;5 5 0 0 0;5 5 1 0 0;5 5 2 0 0;6 5 0 0 0;6 5 1 0 0;6 5 2 0 0;	2861.00005	4	40.19405	53.84176	14.84830	6	0.00225	0.48831	0.30000	0.86667	0.00000	0	0	14.84830	18.84552	42.07860	1.1434778558905527e-11	0.0	1.1434778558905527e-11	sp|P01009|A1AT_HUMAN	271
2020111CXY-7.5061.5061.3.0.dta	2020111CXY-7.5061.5061.3.0.dta	2020111CXY-7	5061	1340.57346	3879.47775	1293.83077	3	1	HJSTGCLR	6,Carbamidomethyl[C];	944.43667	7 6 2 0 0	(N(N(H(H(N(H))(N(H(A))))(H(N(H))(N(H(A)))))))	1945	0 1 0 0 0;0 2 0 0 0;1 2 0 0 0;2 2 0 0 0;2 3 0 0 0;2 4 0 0 0;3 2 0 0 0;3 3 0 0 0;3 3 1 0 0;3 4 0 0 0;3 4 1 0 0;3 5 0 0 0;3 6 0 0 0;4 3 0 0 0;4 3 1 0 0;4 4 0 0 0;4 4 1 0 0;4 5 0 0 0;4 5 1 0 0;4 6 0 0 0;4 6 1 0 0;5 4 0 0 0;5 4 1 0 0;5 4 2 0 0;5 5 0 0 0;5 5 1 0 0;5 5 2 0 0;5 6 0 0 0;5 6 1 0 0;5 6 2 0 0;6 5 0 0 0;6 5 1 0 0;6 5 2 0 0;6 6 0 0 0;6 6 1 0 0;6 6 2 0 0;7 6 0 0 0;7 6 1 0 0;	2935.03683	2	37.27887	22.95510	63.88016	7	0.00424	1.09268	0.47500	0.85714	0.00000	0	0	63.88016	9.04325	38.18320	1.1438652885389543e-44	0.0	1.1438652885389543e-44	sp|P10909|CLUS_HUMAN	291
2020111CXY-7.18693.18693.4.1.dta	2020111CXY-7.18693.18693.4.1.dta	2020111CXY-7	18693	5007.25754	3681.52496	921.13670	4	1	CGLVPVLAENYJK	1,Carbamidomethyl[C];	1476.75152	5 4 2 0 0	(N(N(H(H(N(H(A))))(H(N(H(A)))))))	754	0 1 0 0 0;0 2 0 0 0;1 2 0 0 0;2 2 0 0 0;2 3 0 0 0;3 2 0 0 0;3 3 0 0 0;3 3 1 0 0;3 4 0 0 0;4 3 0 0 0;4 3 1 0 0;4 4 0 0 0;4 4 1 0 0;5 4 0 0 0;5 4 1 0 0;	2204.77244	12	78.43239	108.57219	22.45847	7	0.00100	0.27216	0.47059	1.12500	0.00000	0	0	22.45847	30.33230	81.46562	7.834361587551144e-17	0.0	7.834361587551144e-17	sp|P02787|TRFE_HUMAN	432
2020111CXY-7.6468.6468.3.0.dta	2020111CXY-7.6468.6468.3.0.dta	2020111CXY-7	6468	1712.45621	3163.27277	1055.09577	3	1	GHVJITR		796.44241	6 4 2 0 0	(N(N(H(H(N(H(A))))(H(N(H(H)(A)))))))	1017	0 1 0 0 0;0 2 0 0 0;1 2 0 0 0;2 2 0 0 0;2 3 0 0 0;3 2 0 0 0;3 3 0 0 0;3 3 1 0 0;3 4 0 0 0;4 3 0 0 0;4 3 1 0 0;4 4 0 0 0;4 4 1 0 0;5 3 0 0 0;5 3 1 0 0;5 4 0 0 0;5 4 1 0 0;5 4 2 0 0;6 4 0 0 0;6 4 1 0 0;	2366.82526	4	20.80074	9.17019	42.40034	7	0.00509	1.61053	0.59091	0.50000	0.00000	0	0	42.40034	7.74516	21.57526	2.3190898662800438e-30	0.0065040650406504065	0.0065040650406504065	sp|P00734|THRB_HUMAN	121
2020111CXY-7.6808.6808.2.0.dta	2020111CXY-7.6808.6808.2.0.dta	2020111CXY-7	6808	1804.18653	2634.04977	1317.52852	2	1	EEQYJSTYR		1189.51199	3 4 0 1 0	(N(N(H(H(N(H))(N(F))))))	90	0 1 0 0 0;0 2 0 0 0;1 2 0 0 0;2 2 0 0 0;2 3 0 0 0;2 3 0 1 0;2 4 0 0 0;2 4 0 1 0;3 3 0 0 0;3 4 0 0 0;	1444.53387	5	13.23309	9.52919	20.11175	6	0.00391	1.48557	0.50000	0.56250	0.00000	0	0	20.11175	8.14489	14.04758	2.6979586937192875e-15	0.0025996533795493936	0.0025996533795493936	sp|P01857|IGHG1_HUMAN	180
2020111CXY-7.7209.7209.2.0.dta	2020111CXY-7.7209.7209.2.0.dta	2020111CXY-7	7209	1912.39087	2618.05270	1309.52999	2	1	EEQFJSTYR		1173.51708	3 4 0 1 0	(N(F)(N(H(H(N))(H(N)))))	95	0 1 0 0 0;0 1 0 1 0;0 2 0 0 0;0 2 0 1 0;1 2 0 0 0;1 2 0 1 0;2 2 0 0 0;2 2 0 1 0;2 3 0 0 0;2 3 0 1 0;3 2 0 0 0;3 2 0 1 0;3 3 0 0 0;3 3 0 1 0;3 4 0 0 0;	1444.53387	5	31.92449	27.20706	40.68543	9	0.00175	0.66885	0.58824	0.81250	0.00000	0	0	40.68543	11.90154	33.11464	3.651794483657802e-29	0.0	3.651794483657802e-29	sp|P01861|IGHG4_HUMAN	177
2020111CXY-7.15984.15984.2.0.dta	2020111CXY-7.15984.15984.2.0.dta	2020111CXY-7	15984	4277.08139	2784.12732	1392.56730	2	1	JGSLFAFR		911.47338	6 3 1 0 0	(N(N(H(H)(H(H)(H(N(H(A))))))))	350	0 1 0 0 0;0 2 0 0 0;1 2 0 0 0;2 2 0 0 0;3 2 0 0 0;3 3 0 0 0;4 2 0 0 0;4 3 0 0 0;4 3 1 0 0;5 2 0 0 0;5 3 0 0 0;5 3 1 0 0;6 3 0 0 0;	1872.65047	1	46.70092	62.22207	17.87594	6	0.00347	1.24513	0.46667	1.42857	0.00000	0	0	17.87594	18.10494	48.51141	7.886601918893693e-14	0.0	7.886601918893693e-14	sp|P04004|VTNC_HUMAN	169
2020111CXY-7.15079.15079.3.0.dta	2020111CXY-7.15079.15079.3.0.dta	2020111CXY-7	15079	4031.50187	4135.79471	1379.26975	3	1	LETTVJYTDSQRPICLPSK	15,Carbamidomethyl[C];	2222.11215	5 4 1 0 0	(N(N(H(H(N(H)))(H(N(H(A)))))))	380	0 1 0 0 0;0 2 0 0 0;1 2 0 0 0;2 2 0 0 0;2 3 0 0 0;3 2 0 0 0;3 3 0 0 0;3 3 1 0 0;3 4 0 0 0;4 3 0 0 0;4 3 1 0 0;4 4 0 0 0;4 4 1 0 0;5 4 0 0 0;	1913.67702	6	13.34357	13.17478	13.65704	6	0.00553	1.33819	0.50000	0.44444	0.00000	0	0	13.65704	7.50439	14.09401	6.495741627077616e-11	0.00944138473642801	0.00944138473642801	sp|P03951|FA11_HUMAN	491
2020111CXY-7.17998.17998.4.0.dta	2020111CXY-7.17998.17998.4.0.dta	2020111CXY-7	17998	4821.03399	4697.97608	1175.24948	4	1	LAGKPTHVJVSVVMAEVDGTCY	21,Carbamidomethyl[C];	2347.14207	5 4 2 1 0	(N(F)(N(H(H(N(H(A))))(H(N(H(A)))))))	991	0 1 0 0 0;0 1 0 1 0;0 2 0 0 0;0 2 0 1 0;1 2 0 0 0;1 2 0 1 0;2 2 0 0 0;2 2 0 1 0;2 3 0 0 0;2 3 0 1 0;3 2 0 0 0;3 2 0 1 0;3 3 0 0 0;3 3 0 1 0;3 3 1 0 0;3 3 1 1 0;3 4 0 0 0;3 4 0 1 0;4 3 0 0 0;4 3 0 1 0;4 3 1 0 0;4 3 1 1 0;4 4 0 0 0;4 4 0 1 0;4 4 1 0 0;4 4 1 1 0;5 4 0 0 0;5 4 0 1 0;5 4 1 0 0;5 4 1 1 0;5 4 2 0 0;	2350.83035	9	19.39659	26.23306	6.70028	5	0.00366	0.77867	0.27273	0.52381	0.00000	0	0	6.70028	11.53643	20.55023	2.136987920071686e-06	0.0	2.136987920071686e-06	sp|P01876|IGHA1_HUMAN	340
2020111CXY-7.1942.1942.3.0.dta	2020111CXY-7.1942.1942.3.0.dta	2020111CXY-7	1942	508.25810	3537.41657	1179.81037	3	1	HSHNJJSSDLHPHK		1623.73709	5 4 1 0 0	(N(N(H(H(N(H)))(H(N(H(A)))))))	380	0 1 0 0 0;0 2 0 0 0;1 2 0 0 0;2 2 0 0 0;2 3 0 0 0;3 2 0 0 0;3 3 0 0 0;3 3 1 0 0;3 4 0 0 0;4 3 0 0 0;4 3 1 0 0;4 4 0 0 0;4 4 1 0 0;5 4 0 0 0;	1913.67702	5	16.23594	11.72509	24.61323	6	0.00246	0.69415	0.62500	0.42308	0.00000	0	0	24.61323	8.19579	17.05552	3.55421163410266e-18	0.0025996533795493936	0.0025996533795493936	sp|P04196|HRG_HUMAN	344
2020111CXY-7.4753.4753.3.0.dta	2020111CXY-7.4753.4753.3.0.dta	2020111CXY-7	4753	1257.03777	2741.14463	914.38639	3	1	PREEQYJSTYR		1442.66586	3 4 0 0 0	(N(N(H(H(N))(H(N)))))	52	0 1 0 0 0;0 2 0 0 0;1 2 0 0 0;2 2 0 0 0;2 3 0 0 0;3 2 0 0 0;3 3 0 0 0;	1298.47596	7	26.01998	15.62473	45.32544	7	0.00280	1.02325	1.00000	0.60000	0.00000	0	0	45.32544	8.43370	26.86335	2.5755627886902876e-32	0.0018165304268846503	0.0018165304268846503	sp|P01857|IGHG1_HUMAN	180
2020111CXY-7.10192.10192.2.0.dta	2020111CXY-7.10192.10192.2.0.dta	2020111CXY-7	10192	2713.41658	2823.12329	1412.06528	2	1	DTFVJASR		909.44247	5 4 1 0 0	(N(N(H(H(N(H)))(H(N(H(A)))))))	380	0 1 0 0 0;0 2 0 0 0;1 2 0 0 0;2 2 0 0 0;2 3 0 0 0;3 2 0 0 0;3 3 0 0 0;3 3 1 0 0;3 4 0 0 0;4 3 0 0 0;4 3 1 0 0;4 4 0 0 0;4 4 1 0 0;5 4 0 0 0;	1913.67702	5	31.10804	38.18676	17.96186	6	0.00380	1.34443	0.43750	0.92857	0.00000	0	0	17.96186	14.17073	32.52511	6.063384547078402e-14	0.0	6.063384547078402e-14	sp|P05155|IC1_HUMAN	238
2020111CXY-7.7143.7143.3.0.dta	2020111CXY-7.7143.7143.3.0.dta	2020111CXY-7	7143	1894.51919	4064.64208	1355.55221	3	1	KKEDALJETR		1203.63279	6 5 3 0 0	(N(N(H(H(N(H(A))))(H(N(H(A)))(N(H(A)))))))	1823	0 1 0 0 0;0 2 0 0 0;1 2 0 0 0;2 2 0 0 0;2 3 0 0 0;2 4 0 0 0;3 2 0 0 0;3 3 0 0 0;3 3 1 0 0;3 4 0 0 0;3 4 1 0 0;3 5 0 0 0;4 3 0 0 0;4 3 1 0 0;4 4 0 0 0;4 4 1 0 0;4 4 2 0 0;4 5 0 0 0;4 5 1 0 0;5 4 0 0 0;5 4 1 0 0;5 4 2 0 0;5 5 0 0 0;5 5 1 0 0;5 5 2 0 0;6 5 0 0 0;6 5 1 0 0;6 5 2 0 0;	2861.00005	7	24.46182	11.89494	47.80030	6	0.00923	2.27190	0.56667	0.50000	0.00000	0	0	47.80030	8.65568	25.32739	4.021763266637529e-34	0.0009208103130755065	0.0009208103130755065	sp|P10909|CLUS_HUMAN	86
2020111CXY-7.14420.14420.4.1.dta	2020111CXY-7.14420.14420.4.1.dta	2020111CXY-7	14420	3853.57405	5097.15093	1275.04319	4	1	NJATVHEQVGGPSLTSDLQAQSK		2381.16916	6 5 2 1 0	(N(N(H(H(N(H)(F)))(H(N(H(A)))(N(H(A)))))))	1590	0 1 0 0 0;0 2 0 0 0;1 2 0 0 0;2 2 0 0 0;2 3 0 0 0;2 3 0 1 0;2 4 0 0 0;3 2 0 0 0;3 3 0 0 0;3 3 0 1 0;3 3 1 0 0;3 4 0 0 0;3 4 0 1 0;3 4 1 0 0;3 5 0 0 0;3 5 0 1 0;4 3 0 0 0;4 3 0 1 0;4 3 1 0 0;4 4 0 0 0;4 4 0 1 0;4 4 1 0 0;4 4 1 1 0;4 4 2 0 0;4 5 0 0 0;4 5 0 1 0;4 5 1 0 0;4 5 1 1 0;5 4 0 0 0;5 4 0 1 0;5 4 1 0 0;5 4 1 1 0;5 4 2 0 0;5 5 0 0 0;5 5 0 1 0;5 5 1 0 0;5 5 1 1 0;5 5 2 0 0;5 5 2 1 0;6 5 0 0 0;6 5 0 1 0;6 5 1 0 0;6 5 1 1 0;6 5 2 0 0;	2715.96255	2	10.12153	11.89502	6.82790	5	0.01923	3.77175	0.17391	0.36364	0.00000	0	0	6.82790	8.77100	10.99863	1.7358229908592695e-06	0.0009208103130755065	0.0009208103130755065	sp|P04004|VTNC_HUMAN	86
2020111CXY-7.12420.12420.2.0.dta	2020111CXY-7.12420.12420.2.0.dta	2020111CXY-7	12420	3314.08177	3145.22913	1573.11820	2	1	TLFCJASK	4,Carbamidomethyl[C];	940.45568	5 4 2 0 0	(N(N(H(H(N(H(A))))(H(N(H(A)))))))	754	0 1 0 0 0;0 2 0 0 0;1 2 0 0 0;2 2 0 0 0;2 3 0 0 0;3 2 0 0 0;3 3 0 0 0;3 3 1 0 0;3 4 0 0 0;4 3 0 0 0;4 3 1 0 0;4 4 0 0 0;4 4 1 0 0;5 4 0 0 0;5 4 1 0 0;	2204.77244	5	14.39090	17.55003	8.52394	6	0.00101	0.32207	0.35294	0.78571	0.00000	0	0	8.52394	7.85534	15.17643	1.679335377346208e-07	0.004966887417218543	0.004966887417218543	sp|P20851|C4BPB_HUMAN	64
2020111CXY-7.8973.8973.2.0.dta	2020111CXY-7.8973.8973.2.0.dta	2020111CXY-7	8973	2386.29976	2926.16386	1463.58557	2	1	EEQFJSTFR		1157.52218	5 4 0 1 0	(N(F)(N(H(H(N(H)))(H(N(H))))))	267	0 1 0 0 0;0 1 0 1 0;0 2 0 0 0;0 2 0 1 0;1 2 0 0 0;1 2 0 1 0;2 2 0 0 0;2 2 0 1 0;2 3 0 0 0;2 3 0 1 0;3 2 0 0 0;3 2 0 1 0;3 3 0 0 0;3 3 0 1 0;3 4 0 0 0;3 4 0 1 0;4 3 0 0 0;4 3 0 1 0;4 4 0 0 0;4 4 0 1 0;5 4 0 0 0;	1768.63952	5	19.56116	20.06205	18.63093	8	0.00217	0.74098	0.34783	0.75000	0.00000	0	0	18.63093	10.50347	20.61151	2.7981003248418525e-14	0.0	2.7981003248418525e-14	sp|P01859|IGHG2_HUMAN	176
2020111CXY-7.13502.13502.3.2.dta	2020111CXY-7.13502.13502.3.2.dta	2020111CXY-7	13502	3604.81569	3646.42895	1216.14783	3	1	MDGASJVTCINSR	9,Carbamidomethyl[C];	1424.62567	6 4 1 1 0	(N(N(H(H(N(H(H))))(H(N(F)(H(A)))))))	783	0 1 0 0 0;0 2 0 0 0;1 2 0 0 0;2 2 0 0 0;2 3 0 0 0;2 3 0 1 0;3 2 0 0 0;3 3 0 0 0;3 3 0 1 0;3 3 1 0 0;3 3 1 1 0;3 4 0 0 0;3 4 0 1 0;4 3 0 0 0;4 3 0 1 0;4 3 1 0 0;4 3 1 1 0;4 4 0 0 0;4 4 0 1 0;4 4 1 0 0;4 4 1 1 0;5 3 0 0 0;5 4 0 0 0;5 4 0 1 0;5 4 1 0 0;5 4 1 1 0;6 4 0 0 0;6 4 0 1 0;6 4 1 0 0;	2221.78776	6	12.32700	13.96755	9.28025	5	0.01552	4.25711	0.25806	0.54167	0.00000	0	0	9.28025	8.94845	13.22185	5.875857845728515e-08	0.0	5.875857845728515e-08	sp|P08603|CFAH_HUMAN	1029
2020111CXY-7.17002.17002.3.0.dta	2020111CXY-7.17002.17002.3.0.dta	2020111CXY-7	17002	4552.72526	4609.95970	1537.32475	3	1	LAGKPTHVJVSVVMAEVDGTCY	21,Carbamidomethyl[C];	2347.14207	5 5 1 1 0	(N(F)(N(H(N)(H(N(H)))(H(N(H(A)))))))	824	0 1 0 0 0;0 1 0 1 0;0 2 0 0 0;0 2 0 1 0;1 2 0 0 0;1 2 0 1 0;1 3 0 0 0;1 3 0 1 0;2 2 0 0 0;2 2 0 1 0;2 3 0 0 0;2 3 0 1 0;2 4 0 0 0;2 4 0 1 0;3 2 0 0 0;3 2 0 1 0;3 3 0 0 0;3 3 0 1 0;3 3 1 0 0;3 3 1 1 0;3 4 0 0 0;3 4 0 1 0;3 4 1 0 0;3 4 1 1 0;3 5 0 0 0;3 5 0 1 0;4 3 0 0 0;4 3 0 1 0;4 3 1 0 0;4 3 1 1 0;4 4 0 0 0;4 4 0 1 0;4 4 1 0 0;4 4 1 1 0;4 5 0 0 0;4 5 0 1 0;4 5 1 0 0;4 5 1 1 0;5 4 0 0 0;5 4 0 1 0;5 4 1 0 0;5 4 1 1 0;5 5 0 0 0;5 5 0 1 0;5 5 1 0 0;	2262.81431	9	52.28055	68.32751	22.47906	8	0.00332	0.71956	0.31915	0.73810	0.00000	0	0	22.47906	23.59300	54.63985	7.530025675973844e-17	0.0	7.530025675973844e-17	sp|P01876|IGHA1_HUMAN	340
2020111CXY-7.9334.9334.2.0.dta	2020111CXY-7.9334.9334.2.0.dta	2020111CXY-7	9334	2483.16185	2602.06006	1301.53367	2	1	EEQFJSTFR		1157.52218	3 4 0 1 0	(N(F)(N(H(H(N))(H(N)))))	95	0 1 0 0 0;0 1 0 1 0;0 2 0 0 0;0 2 0 1 0;1 2 0 0 0;1 2 0 1 0;2 2 0 0 0;2 2 0 1 0;2 3 0 0 0;2 3 0 1 0;3 2 0 0 0;3 2 0 1 0;3 3 0 0 0;3 3 0 1 0;3 4 0 0 0;	1444.53387	5	37.49713	27.60878	55.86121	9	0.00402	1.54304	0.76471	0.75000	0.00000	0	0	55.86121	12.36360	38.73349	2.359876062664901e-39	0.0	2.359876062664901e-39	sp|P01859|IGHG2_HUMAN	176
2020111CXY-7.5088.5088.3.0.dta	2020111CXY-7.5088.5088.3.0.dta	2020111CXY-7	5088	1347.74009	3344.35781	1115.45745	3	1	YKJNSDISSTR		1284.61786	5 4 1 1 0	(N(F)(N(H(H(N(H)))(H(N(H(A)))))))	549	0 1 0 0 0;0 1 0 1 0;0 2 0 0 0;0 2 0 1 0;1 2 0 0 0;1 2 0 1 0;2 2 0 0 0;2 2 0 1 0;2 3 0 0 0;2 3 0 1 0;3 2 0 0 0;3 2 0 1 0;3 3 0 0 0;3 3 0 1 0;3 3 1 0 0;3 3 1 1 0;3 4 0 0 0;3 4 0 1 0;4 3 0 0 0;4 3 0 1 0;4 3 1 0 0;4 3 1 1 0;4 4 0 0 0;4 4 0 1 0;4 4 1 0 0;4 4 1 1 0;5 4 0 0 0;5 4 0 1 0;5 4 1 0 0;	2059.73493	3	69.60704	56.62783	93.71129	9	0.00502	1.49975	0.70968	1.05000	0.00000	0	0	93.71129	17.57717	71.36476	6.262123379466852e-65	0.0	6.262123379466852e-65	sp|P01871|IGHM_HUMAN	46
2020111CXY-7.17208.17208.3.0.dta	2020111CXY-7.17208.17208.3.0.dta	2020111CXY-7	17208	4608.78673	4113.63108	1371.88188	3	1	GTAGNALMDGASQLMGEJR	8,Oxidation[M];	1908.85384	5 4 2 0 0	(N(N(H(H(N(H(A))))(H(N(H(A)))))))	754	0 1 0 0 0;0 2 0 0 0;1 2 0 0 0;2 2 0 0 0;2 3 0 0 0;3 2 0 0 0;3 3 0 0 0;3 3 1 0 0;3 4 0 0 0;4 3 0 0 0;4 3 1 0 0;4 4 0 0 0;4 4 1 0 0;5 4 0 0 0;5 4 1 0 0;	2204.77244	18	20.36429	14.26212	31.69688	7	0.00480	1.16709	0.64706	0.30556	0.00000	0	0	31.69688	8.67517	21.23181	3.774887067729042e-23	0.0009208103130755065	0.0009208103130755065	sp|P02675|FIBB_HUMAN	394
2020111CXY-7.7530.7530.3.1.dta	2020111CXY-7.7530.7530.3.1.dta	2020111CXY-7	7530	1997.89137	3120.21933	1040.74463	3	1	EEQYJSTYR		1189.51199	6 4 0 1 0	(N(N(H(H(H))(H(N(H))(N(H)(F))))))	399	0 1 0 0 0;0 2 0 0 0;1 2 0 0 0;2 2 0 0 0;2 3 0 0 0;2 3 0 1 0;2 4 0 0 0;2 4 0 1 0;3 2 0 0 0;3 3 0 0 0;3 3 0 1 0;3 4 0 0 0;3 4 0 1 0;4 2 0 0 0;4 3 0 0 0;4 3 0 1 0;4 4 0 0 0;4 4 0 1 0;5 3 0 0 0;5 3 0 1 0;5 4 0 0 0;5 4 0 1 0;6 4 0 0 0;	1930.69234	5	23.13216	21.17392	26.76889	7	0.01500	4.80632	0.40000	0.62500	0.00000	0	0	26.76889	9.96219	24.12838	8.453049776194863e-20	0.0	8.453049776194863e-20	sp|P01857|IGHG1_HUMAN	180
2020111CXY-7.5174.5174.3.0.dta	2020111CXY-7.5174.5174.3.0.dta	2020111CXY-7	5174	1370.46457	2710.12089	904.04515	3	1	GHVJITR		796.44241	5 4 1 0 0	(N(N(H(H(N(H)))(H(N(H(A)))))))	380	0 1 0 0 0;0 2 0 0 0;1 2 0 0 0;2 2 0 0 0;2 3 0 0 0;3 2 0 0 0;3 3 0 0 0;3 3 1 0 0;3 4 0 0 0;4 3 0 0 0;4 3 1 0 0;4 4 0 0 0;4 4 1 0 0;5 4 0 0 0;	1913.67702	4	24.59888	13.97059	44.33714	7	0.00145	0.53632	0.62500	0.66667	0.00000	0	0	44.33714	8.24574	25.42345	1.092372117114804e-31	0.0025996533795493936	0.0025996533795493936	sp|P00734|THRB_HUMAN	121
2020111CXY-7.13865.13865.3.0.dta	2020111CXY-7.13865.13865.3.0.dta	2020111CXY-7	13865	3703.17750	3971.53214	1324.51556	3	1	EDALJETR		947.44286	7 5 2 2 0	(N(N(H(N)(H(H)(H))(H(N(F)(H(A)))(N(F)(H(A)))))))	2079	0 1 0 0 0;0 2 0 0 0;1 2 0 0 0;1 3 0 0 0;2 2 0 0 0;2 3 0 0 0;2 3 0 1 0;2 4 0 0 0;2 4 0 1 0;2 4 0 2 0;2 5 0 0 0;2 5 0 1 0;2 5 0 2 0;3 2 0 0 0;3 3 0 0 0;3 3 0 1 0;3 3 1 0 0;3 3 1 1 0;3 4 0 0 0;3 4 0 1 0;3 4 0 2 0;3 4 1 0 0;3 4 1 1 0;3 4 1 2 0;3 5 0 0 0;3 5 0 1 0;3 5 0 2 0;3 5 1 0 0;3 5 1 1 0;3 5 1 2 0;4 2 0 0 0;4 3 0 0 0;4 3 0 1 0;4 3 1 0 0;4 3 1 1 0;4 4 0 0 0;4 4 0 1 0;4 4 0 2 0;4 4 1 0 0;4 4 1 1 0;4 4 1 2 0;4 4 2 0 0;4 4 2 1 0;4 4 2 2 0;4 5 0 0 0;4 5 0 1 0;4 5 0 2 0;4 5 1 0 0;4 5 1 1 0;4 5 1 2 0;4 5 2 0 0;4 5 2 1 0;4 5 2 2 0;5 2 0 0 0;5 3 0 0 0;5 3 0 1 0;5 3 1 0 0;5 3 1 1 0;5 4 0 0 0;5 4 0 1 0;5 4 0 2 0;5 4 1 0 0;5 4 1 1 0;5 4 1 2 0;5 4 2 0 0;5 4 2 1 0;5 4 2 2 0;5 5 0 0 0;5 5 0 1 0;5 5 0 2 0;5 5 1 0 0;5 5 1 1 0;5 5 1 2 0;5 5 2 0 0;5 5 2 1 0;5 5 2 2 0;6 3 0 0 0;6 3 0 1 0;6 3 1 0 0;6 3 1 1 0;6 4 0 0 0;6 4 0 1 0;6 4 0 2 0;6 4 1 0 0;6 4 1 1 0;6 4 1 2 0;6 4 2 0 0;6 4 2 1 0;6 4 2 2 0;6 5 0 0 0;6 5 0 1 0;6 5 0 2 0;6 5 1 0 0;6 5 1 1 0;6 5 1 2 0;6 5 2 0 0;6 5 2 1 0;6 5 2 2 0;7 4 0 0 0;7 4 0 1 0;7 4 0 2 0;7 4 1 0 0;7 4 1 1 0;7 4 1 2 0;7 4 2 0 0;7 4 2 1 0;7 4 2 2 0;7 5 0 0 0;7 5 0 1 0;7 5 0 2 0;7 5 1 0 0;7 5 1 1 0;7 5 1 2 0;7 5 2 0 0;7 5 2 1 0;	3024.07328	5	26.21800	30.87049	17.57767	6	0.01600	4.02816	0.12821	0.85714	0.00000	0	0	17.57767	11.59265	27.37726	1.6527046087653183e-13	0.0	1.6527046087653183e-13	sp|P10909|CLUS_HUMAN	86
2020111CXY-7.9120.9120.3.0.dta	2020111CXY-7.9120.9120.3.0.dta	2020111CXY-7	9120	2425.86995	2930.27896	977.43117	3	1	TPLTAJITK		958.55677	5 5 0 1 0	(N(F)(N(H(N)(H(N(H)))(H(N(H))))))	459	0 1 0 0 0;0 1 0 1 0;0 2 0 0 0;0 2 0 1 0;1 2 0 0 0;1 2 0 1 0;1 3 0 0 0;1 3 0 1 0;2 2 0 0 0;2 2 0 1 0;2 3 0 0 0;2 3 0 1 0;2 4 0 0 0;2 4 0 1 0;3 2 0 0 0;3 2 0 1 0;3 3 0 0 0;3 3 0 1 0;3 4 0 0 0;3 4 0 1 0;3 5 0 0 0;3 5 0 1 0;4 3 0 0 0;4 3 0 1 0;4 4 0 0 0;4 4 0 1 0;4 5 0 0 0;4 5 0 1 0;5 4 0 0 0;5 4 0 1 0;5 5 0 0 0;	1971.71889	6	92.33913	114.63605	50.93055	8	0.00330	1.12470	0.51515	1.43750	0.00000	0	0	50.93055	30.62198	95.40133	5.753752041035546e-36	0.0	5.753752041035546e-36	sp|P01877|IGHA2_HUMAN	205
2020111CXY-7.15883.15883.3.1.dta	2020111CXY-7.15883.15883.3.1.dta	2020111CXY-7	15883	4250.08435	3546.47396	1182.82950	3	1	SPDVIJGSPISQK		1341.70087	5 4 2 0 0	(N(N(H(H(N(H(A))))(H(N(H(A)))))))	754	0 1 0 0 0;0 2 0 0 0;1 2 0 0 0;2 2 0 0 0;2 3 0 0 0;3 2 0 0 0;3 3 0 0 0;3 3 1 0 0;3 4 0 0 0;4 3 0 0 0;4 3 1 0 0;4 4 0 0 0;4 4 1 0 0;5 4 0 0 0;5 4 1 0 0;	2204.77244	6	17.70316	16.36488	20.18854	6	0.00065	0.18412	0.52941	0.50000	0.00000	0	0	20.18854	10.10966	18.71413	2.392221527944972e-15	0.0	2.392221527944972e-15	sp|P08603|CFAH_HUMAN	217
2020111CXY-7.18582.18582.3.0.dta	2020111CXY-7.18582.18582.3.0.dta	2020111CXY-7	18582	4977.91414	4719.90309	1573.97255	3	1	QQQHLFGSJVTDCSGJFCLFR	13,Carbamidomethyl[C];18,Carbamidomethyl[C];	2515.12414	5 4 2 0 0	(N(N(H(H(N(H(A))))(H(N(H(A)))))))	754	0 1 0 0 0;0 2 0 0 0;1 2 0 0 0;2 2 0 0 0;2 3 0 0 0;3 2 0 0 0;3 3 0 0 0;3 3 1 0 0;3 4 0 0 0;4 3 0 0 0;4 3 1 0 0;4 4 0 0 0;4 4 1 0 0;5 4 0 0 0;5 4 1 0 0;	2204.77244	9	24.30216	35.68167	3.16878	4	0.00651	1.37968	0.23529	0.62500	0.00000	0	0	3.16878	14.49658	25.75182	0.000658333909932922	0.0	0.000658333909932922	sp|P02787|TRFE_HUMAN	630
2020111CXY-7.11516.11516.3.0.dta	2020111CXY-7.11516.11516.3.0.dta	2020111CXY-7	11516	3070.79713	3221.37416	1074.46291	3	1	TPLTAJITK		958.55677	5 5 1 1 0	(N(N(H(N)(H(N(H)(F)))(H(N(H(A)))))))	831	0 1 0 0 0;0 2 0 0 0;1 2 0 0 0;1 3 0 0 0;2 2 0 0 0;2 3 0 0 0;2 3 0 1 0;2 4 0 0 0;2 4 0 1 0;3 2 0 0 0;3 3 0 0 0;3 3 0 1 0;3 3 1 0 0;3 4 0 0 0;3 4 0 1 0;3 4 1 0 0;3 5 0 0 0;3 5 0 1 0;4 3 0 0 0;4 3 0 1 0;4 3 1 0 0;4 4 0 0 0;4 4 0 1 0;4 4 1 0 0;4 4 1 1 0;4 5 0 0 0;4 5 0 1 0;4 5 1 0 0;4 5 1 1 0;5 4 0 0 0;5 4 0 1 0;5 4 1 0 0;5 4 1 1 0;5 5 0 0 0;5 5 0 1 0;5 5 1 0 0;	2262.81431	6	17.85082	22.11843	9.92525	5	0.00308	0.95740	0.26316	0.75000	0.00000	0	0	9.92525	9.51776	18.80260	2.6181026904155327e-08	0.0	2.6181026904155327e-08	sp|P01877|IGHA2_HUMAN	205
