GlySpec	PepSpec	RawName	Scan	RT	PrecursorMH	PrecursorMZ	Charge	Rank	Peptide	Mod	PeptideMH	Glycan(H,N,A,F,pH)	PlausibleStruct	GlyID	GlyFrag	GlyMass	GlySite	OriginTotalScore	OriginPepScore	OriginGlyScore	CoreMatched	MassDeviation	PPM	GlyIonRatio	byIonRatio	czIonRatio	GlyDecoy	PepDecoy	GlyScore	PepScore	TotalScore	GlycanFDR	PeptideFDR	TotalFDR	Proteins	ProSite
2020111CXY-6.9527.9527.2.0.dta	2020111CXY-6.9527.9527.2.0.dta	2020111CXY-6	9527	2534.81058	2398.97869	1199.99298	2	1	EEQFJSTFR		1157.52218	3 3 0 1 0	(N(F)(N(H(H)(H(N)))))	37	0 1 0 0 0;0 1 0 1 0;0 2 0 0 0;0 2 0 1 0;1 2 0 0 0;1 2 0 1 0;2 2 0 0 0;2 2 0 1 0;2 3 0 0 0;2 3 0 1 0;3 2 0 0 0;3 2 0 1 0;3 3 0 0 0;	1241.45450	5	40.00489	40.61727	38.86761	9	0.00201	0.83936	0.60000	0.87500	0.00000	0	0	38.86761	11.57613	41.16250	1.5808001881152337e-49	0.0	1.5808001881152337e-49	sp|P01859|IGHG2_HUMAN	176
2020111CXY-6.17304.17304.3.2.dta	2020111CXY-6.17304.17304.3.2.dta	2020111CXY-6	17304	4807.89222	4016.81570	1339.61008	3	1	VVLHPJYSQVDIGLIK		1795.01124	6 4 1 1 0	(N(N(H(H(N(H(H))))(H(N(F)(H(A)))))))	783	0 1 0 0 0;0 2 0 0 0;1 2 0 0 0;2 2 0 0 0;2 3 0 0 0;2 3 0 1 0;3 2 0 0 0;3 3 0 0 0;3 3 0 1 0;3 3 1 0 0;3 3 1 1 0;3 4 0 0 0;3 4 0 1 0;4 3 0 0 0;4 3 0 1 0;4 3 1 0 0;4 3 1 1 0;4 4 0 0 0;4 4 0 1 0;4 4 1 0 0;4 4 1 1 0;5 3 0 0 0;5 4 0 0 0;5 4 0 1 0;5 4 1 0 0;5 4 1 1 0;6 4 0 0 0;6 4 0 1 0;6 4 1 0 0;	2221.78776	6	34.23513	39.02881	25.33258	7	0.01670	4.15833	0.32258	0.70000	0.00000	0	0	25.33258	17.56019	35.99115	2.3305641353927533e-30	0.0	2.3305641353927533e-30	sp|P00738|HPT_HUMAN	241
2020111CXY-6.4087.4087.3.0.dta	2020111CXY-6.4087.4087.3.0.dta	2020111CXY-6	4087	1074.04298	2874.14290	958.71915	3	1	AJISHK		669.36785	5 4 2 0 0	(N(N(H(H(N(H(A))))(H(N(H(A)))))))	754	0 1 0 0 0;0 2 0 0 0;1 2 0 0 0;2 2 0 0 0;2 3 0 0 0;3 2 0 0 0;3 3 0 0 0;3 3 1 0 0;3 4 0 0 0;4 3 0 0 0;4 3 1 0 0;4 4 0 0 0;4 4 1 0 0;5 4 0 0 0;5 4 1 0 0;	2204.77244	2	51.69224	40.90363	71.72824	7	0.00261	0.90878	0.82353	1.10000	0.00000	0	0	71.72824	12.46173	52.93841	1.6750341906650208e-96	0.0	1.6750341906650208e-96	sp|P01031|CO5_HUMAN/sp|P19634|SL9A1_HUMAN/sp|Q14940|SL9A5_HUMAN	741/370/319
2020111CXY-6.15530.15530.3.0.dta	2020111CXY-6.15530.15530.3.0.dta	2020111CXY-6	15530	4329.45282	3433.39266	1145.13574	3	1	EJISDPTSPLR		1228.61681	5 4 2 0 0	(N(N(H(H(N(H(A))))(H(N(H(A)))))))	754	0 1 0 0 0;0 2 0 0 0;1 2 0 0 0;2 2 0 0 0;2 3 0 0 0;3 2 0 0 0;3 3 0 0 0;3 3 1 0 0;3 4 0 0 0;4 3 0 0 0;4 3 1 0 0;4 4 0 0 0;4 4 1 0 0;5 4 0 0 0;5 4 1 0 0;	2204.77244	2	25.67389	23.82004	29.11676	7	0.00342	0.99580	0.52941	0.75000	0.00000	0	0	29.11676	10.53281	26.72717	1.152421492872453e-35	0.0	1.152421492872453e-35	sp|P01591|IGJ_HUMAN	71
2020111CXY-6.18326.18326.3.0.dta	2020111CXY-6.18326.18326.3.0.dta	2020111CXY-6	18326	5082.51550	4433.83546	1478.61667	3	1	TLJQSSDELQLSMGNAMFVK	17,Oxidation[M];	2229.05260	5 4 2 0 0	(N(N(H(H(N(H(A))))(H(N(H(A)))))))	754	0 1 0 0 0;0 2 0 0 0;1 2 0 0 0;2 2 0 0 0;2 3 0 0 0;3 2 0 0 0;3 3 0 0 0;3 3 1 0 0;3 4 0 0 0;4 3 0 0 0;4 3 1 0 0;4 4 0 0 0;4 4 1 0 0;5 4 0 0 0;5 4 1 0 0;	2204.77244	3	39.55262	53.78237	13.12594	6	0.01042	2.35123	0.41176	0.81579	0.00000	0	0	13.12594	17.87856	41.34048	2.0917473366376383e-14	0.0	2.0917473366376383e-14	sp|P01011|AACT_HUMAN	127
2020111CXY-6.15466.15466.2.1.dta	2020111CXY-6.15466.15466.2.1.dta	2020111CXY-6	15466	4312.12285	1883.77057	942.38892	2	1	JGSLFAFR		911.47338	2 2 0 0 1	(N(N(H(H(pH)))))	3087	0 1 0 0 0;0 2 0 0 0;1 2 0 0 0;2 2 0 0 0;	972.28355	1	18.69020	14.08515	27.24243	6	0.01364	7.24343	1.00000	0.71429	0.00000	0	0	27.24243	11.48804	19.83900	4.2955025192426306e-33	0.0	4.2955025192426306e-33	sp|P04004|VTNC_HUMAN	169
2020111CXY-6.17866.17866.3.0.dta	2020111CXY-6.17866.17866.3.0.dta	2020111CXY-6	17866	4958.53928	3999.78764	1333.93406	3	1	VVLHPJYSQVDIGLIK		1795.01124	5 4 2 0 0	(N(N(H(H(N(H(A))))(H(N(H(A)))))))	754	0 1 0 0 0;0 2 0 0 0;1 2 0 0 0;2 2 0 0 0;2 3 0 0 0;3 2 0 0 0;3 3 0 0 0;3 3 1 0 0;3 4 0 0 0;4 3 0 0 0;4 3 1 0 0;4 4 0 0 0;4 4 1 0 0;5 4 0 0 0;5 4 1 0 0;	2204.77244	6	21.96153	15.80652	33.39227	7	0.00396	0.99129	0.64706	0.46667	0.00000	0	0	33.39227	9.06907	22.86844	5.940823973718899e-42	0.0011389521640091116	0.0011389521640091116	sp|P00738|HPT_HUMAN	241
2020111CXY-6.16288.16288.3.0.dta	2020111CXY-6.16288.16288.3.0.dta	2020111CXY-6	16288	4534.73050	3536.48901	1179.50119	3	1	CGLVPVLAENYJK	1,Carbamidomethyl[C];	1476.75152	5 4 1 1 0	(N(N(H(H(N(H)(F)))(H(N(H(A)))))))	550	0 1 0 0 0;0 2 0 0 0;1 2 0 0 0;2 2 0 0 0;2 3 0 0 0;2 3 0 1 0;3 2 0 0 0;3 3 0 0 0;3 3 0 1 0;3 3 1 0 0;3 4 0 0 0;3 4 0 1 0;4 3 0 0 0;4 3 0 1 0;4 3 1 0 0;4 4 0 0 0;4 4 0 1 0;4 4 1 0 0;4 4 1 1 0;5 4 0 0 0;5 4 0 1 0;5 4 1 0 0;	2059.73493	12	12.70524	13.12111	11.93291	6	0.00256	0.72436	0.29167	0.33333	0.00000	0	0	11.93291	8.02142	13.50738	5.136259980875903e-13	0.006276150627615063	0.006276150627615063	sp|P02787|TRFE_HUMAN	432
2020111CXY-6.6105.6105.3.0.dta	2020111CXY-6.6105.6105.3.0.dta	2020111CXY-6	6105	1613.82605	2796.10083	932.70513	3	1	EEQYJSTYR		1189.51199	4 4 0 1 0	(N(F)(N(H(H(N(H))(N(H))))))	166	0 1 0 0 0;0 1 0 1 0;0 2 0 0 0;0 2 0 1 0;1 2 0 0 0;1 2 0 1 0;2 2 0 0 0;2 2 0 1 0;2 3 0 0 0;2 3 0 1 0;2 4 0 0 0;2 4 0 1 0;3 3 0 0 0;3 3 0 1 0;3 4 0 0 0;3 4 0 1 0;4 4 0 0 0;	1606.58669	5	26.18980	19.07284	39.40699	8	0.00214	0.76666	0.57895	0.68750	0.00000	0	0	39.40699	10.40513	27.23031	3.423507450365647e-50	0.0	3.423507450365647e-50	sp|P01857|IGHG1_HUMAN	180
2020111CXY-6.17393.17393.3.0.dta	2020111CXY-6.17393.17393.3.0.dta	2020111CXY-6	17393	4831.85901	3606.44922	1202.82126	3	1	FLJDTMAVYEAK		1401.67187	5 4 2 0 0	(N(N(H(H(N(H(A))))(H(N(H(A)))))))	754	0 1 0 0 0;0 2 0 0 0;1 2 0 0 0;2 2 0 0 0;2 3 0 0 0;3 2 0 0 0;3 3 0 0 0;3 3 1 0 0;3 4 0 0 0;4 3 0 0 0;4 3 1 0 0;4 4 0 0 0;4 4 1 0 0;5 4 0 0 0;5 4 1 0 0;	2204.77244	3	28.57704	38.31577	10.49083	5	0.00491	1.36172	0.41176	0.90909	0.00000	0	0	10.49083	14.11422	29.98846	5.925060743981922e-11	0.0	5.925060743981922e-11	sp|P29622|KAIN_HUMAN	157
2020111CXY-6.17524.17524.3.0.dta	2020111CXY-6.17524.17524.3.0.dta	2020111CXY-6	17524	4866.62397	3390.43100	1130.81518	3	1	CGLVPVLAENYJK	1,Carbamidomethyl[C];	1476.75152	5 4 1 0 0	(N(N(H(H(N(H)))(H(N(H(A)))))))	380	0 1 0 0 0;0 2 0 0 0;1 2 0 0 0;2 2 0 0 0;2 3 0 0 0;3 2 0 0 0;3 3 0 0 0;3 3 1 0 0;3 4 0 0 0;4 3 0 0 0;4 3 1 0 0;4 4 0 0 0;4 4 1 0 0;5 4 0 0 0;	1913.67702	12	22.85246	26.63123	15.83474	6	0.00246	0.72424	0.50000	0.66667	0.00000	0	0	15.83474	10.97787	23.95025	7.39741406209912e-18	0.0	7.39741406209912e-18	sp|P02787|TRFE_HUMAN	432
2020111CXY-6.6187.6187.3.0.dta	2020111CXY-6.6187.6187.3.0.dta	2020111CXY-6	6187	1635.68142	2837.12655	946.38037	3	1	EEQYJSTYR		1189.51199	3 5 0 1 0	(N(N(H(N)(H(N))(H(N(F))))))	181	0 1 0 0 0;0 2 0 0 0;1 2 0 0 0;1 3 0 0 0;2 2 0 0 0;2 3 0 0 0;2 3 0 1 0;2 4 0 0 0;2 4 0 1 0;3 2 0 0 0;3 3 0 0 0;3 3 0 1 0;3 4 0 0 0;3 4 0 1 0;3 5 0 0 0;	1647.61324	5	63.89683	74.24546	44.67795	7	0.00132	0.46545	0.64706	1.25000	0.00000	0	0	44.67795	16.60561	65.55739	8.093124471036108e-58	0.0	8.093124471036108e-58	sp|P01857|IGHG1_HUMAN	180
2020111CXY-6.16291.16291.3.0.dta	2020111CXY-6.16291.16291.3.0.dta	2020111CXY-6	16291	4535.60784	3991.60181	1331.20545	3	1	SWPAVGJCSSALR	8,Carbamidomethyl[C];	1404.66886	7 5 1 1 0	(N(N(H(N)(H(H)(H))(H(N(H)(F))(N(H(A)))))))	1369	0 1 0 0 0;0 2 0 0 0;1 2 0 0 0;1 3 0 0 0;2 2 0 0 0;2 3 0 0 0;2 3 0 1 0;2 4 0 0 0;2 4 0 1 0;2 5 0 0 0;2 5 0 1 0;3 2 0 0 0;3 3 0 0 0;3 3 0 1 0;3 3 1 0 0;3 4 0 0 0;3 4 0 1 0;3 4 1 0 0;3 4 1 1 0;3 5 0 0 0;3 5 0 1 0;3 5 1 0 0;3 5 1 1 0;4 2 0 0 0;4 3 0 0 0;4 3 0 1 0;4 3 1 0 0;4 4 0 0 0;4 4 0 1 0;4 4 1 0 0;4 4 1 1 0;4 5 0 0 0;4 5 0 1 0;4 5 1 0 0;4 5 1 1 0;5 2 0 0 0;5 3 0 0 0;5 3 0 1 0;5 3 1 0 0;5 4 0 0 0;5 4 0 1 0;5 4 1 0 0;5 4 1 1 0;5 5 0 0 0;5 5 0 1 0;5 5 1 0 0;5 5 1 1 0;6 3 0 0 0;6 3 0 1 0;6 3 1 0 0;6 4 0 0 0;6 4 0 1 0;6 4 1 0 0;6 4 1 1 0;6 5 0 0 0;6 5 0 1 0;6 5 1 0 0;6 5 1 1 0;7 4 0 0 0;7 4 0 1 0;7 4 1 0 0;7 4 1 1 0;7 5 0 0 0;7 5 0 1 0;7 5 1 0 0;	2586.91995	7	16.01075	18.86642	10.70737	6	0.01300	3.25666	0.14925	0.54167	0.00000	0	0	10.70737	9.15037	16.92579	3.119149401717318e-11	0.0011389521640091116	0.0011389521640091116	sp|P02790|HEMO_HUMAN	187
2020111CXY-6.8940.8940.3.1.dta	2020111CXY-6.8940.8940.3.1.dta	2020111CXY-6	8940	2376.86454	3842.35985	1281.45814	3	1	NEEYJK		796.34716	6 4 3 1 1	(N(N(pH(H(H)(H))(H(N(H(A(A))))(N(F)(H(A)))))))	14430	0 1 0 0 0;0 2 0 0 0;0 2 0 0 1;1 2 0 0 1;1 3 0 0 1;1 3 0 1 1;1 4 0 0 1;1 4 0 1 1;2 2 0 0 1;2 3 0 0 1;2 3 0 1 1;2 3 1 0 1;2 3 1 1 1;2 3 2 0 1;2 4 0 0 1;2 4 0 1 1;2 4 1 0 1;2 4 1 1 1;2 4 2 0 1;2 4 2 1 1;3 2 0 0 1;3 3 0 0 1;3 3 0 1 1;3 3 1 0 1;3 3 1 1 1;3 3 2 0 1;3 4 0 0 1;3 4 0 1 1;3 4 1 0 1;3 4 1 1 1;3 4 2 0 1;3 4 2 1 1;3 4 3 0 1;3 4 3 1 1;4 2 0 0 1;4 3 0 0 1;4 3 0 1 1;4 3 1 0 1;4 3 1 1 1;4 3 2 0 1;4 4 0 0 1;4 4 0 1 1;4 4 1 0 1;4 4 1 1 1;4 4 2 0 1;4 4 2 1 1;4 4 3 0 1;4 4 3 1 1;5 3 0 0 1;5 3 0 1 1;5 3 1 0 1;5 3 1 1 1;5 3 2 0 1;5 4 0 0 1;5 4 0 1 1;5 4 1 0 1;5 4 1 1 1;5 4 2 0 1;5 4 2 1 1;5 4 3 0 1;5 4 3 1 1;6 4 0 0 1;6 4 0 1 1;6 4 1 0 1;6 4 1 1 1;6 4 2 0 1;6 4 2 1 1;6 4 3 0 1;	3045.99774	5	9.18504	12.76293	2.54039	3	0.01495	3.88974	0.12857	0.80000	0.00000	0	0	2.54039	9.19449	10.10449	0.0028498042502703522	0.0	0.0028498042502703522	sp|P02763|A1AG1_HUMAN/sp|P19652|A1AG2_HUMAN	56/56
2020111CXY-6.17328.17328.3.0.dta	2020111CXY-6.17328.17328.3.0.dta	2020111CXY-6	17328	4814.43270	4364.92736	1455.64730	3	1	VVLHPJYSQVDIGLIK		1795.01124	6 5 2 0 0	(N(N(H(H(N(H(A))))(H(N(H))(N(H(A)))))))	1338	0 1 0 0 0;0 2 0 0 0;1 2 0 0 0;2 2 0 0 0;2 3 0 0 0;2 4 0 0 0;3 2 0 0 0;3 3 0 0 0;3 3 1 0 0;3 4 0 0 0;3 4 1 0 0;3 5 0 0 0;4 3 0 0 0;4 3 1 0 0;4 4 0 0 0;4 4 1 0 0;4 5 0 0 0;4 5 1 0 0;5 4 0 0 0;5 4 1 0 0;5 4 2 0 0;5 5 0 0 0;5 5 1 0 0;5 5 2 0 0;6 5 0 0 0;6 5 1 0 0;	2569.90464	6	29.42278	26.54953	34.75882	7	0.01149	2.63212	0.46429	0.56667	0.00000	0	0	34.75882	11.05934	30.52871	7.479480047789171e-44	0.0	7.479480047789171e-44	sp|P00738|HPT_HUMAN	241
2020111CXY-6.16646.16646.3.0.dta	2020111CXY-6.16646.16646.3.0.dta	2020111CXY-6	16646	4631.23562	3644.48649	1215.50035	3	1	GTAGNALMDGASQLMGEJR		1892.85892	4 4 1 0 0	(N(N(H(H(N))(H(N(H(A)))))))	239	0 1 0 0 0;0 2 0 0 0;1 2 0 0 0;2 2 0 0 0;2 3 0 0 0;3 2 0 0 0;3 3 0 0 0;3 3 1 0 0;3 4 0 0 0;4 3 0 0 0;4 3 1 0 0;4 4 0 0 0;	1751.62420	18	44.89643	53.11649	29.63062	7	0.00337	0.92439	0.64286	0.61111	0.00000	0	0	29.63062	11.67728	46.06416	1.5829000551476422e-36	0.0	1.5829000551476422e-36	sp|P02675|FIBB_HUMAN	394
2020111CXY-6.12218.12218.3.0.dta	2020111CXY-6.12218.12218.3.0.dta	2020111CXY-6	12218	3268.55304	3794.51144	1265.50866	3	1	LQNNENJISCVER	10,Carbamidomethyl[C];	1589.73364	5 4 2 0 0	(N(N(H(H(N(H(A))))(H(N(H(A)))))))	754	0 1 0 0 0;0 2 0 0 0;1 2 0 0 0;2 2 0 0 0;2 3 0 0 0;3 2 0 0 0;3 3 0 0 0;3 3 1 0 0;3 4 0 0 0;4 3 0 0 0;4 3 1 0 0;4 4 0 0 0;4 4 1 0 0;5 4 0 0 0;5 4 1 0 0;	2204.77244	7	9.06693	9.63172	8.01803	5	0.00535	1.41098	0.35294	0.45833	0.00000	0	0	8.01803	9.01978	9.96891	2.824432094965521e-08	0.0011389521640091116	0.0011389521640091116	sp|Q03591|FHR1_HUMAN/sp|P36980|FHR2_HUMAN	126/126
2020111CXY-6.15479.15479.2.0.dta	2020111CXY-6.15479.15479.2.0.dta	2020111CXY-6	15479	4315.71896	2622.07440	1311.54084	2	1	JGSLFAFR		911.47338	5 3 1 0 0	(N(N(H(H(H))(H(N(H(A)))))))	220	0 1 0 0 0;0 2 0 0 0;1 2 0 0 0;2 2 0 0 0;2 3 0 0 0;3 2 0 0 0;3 3 0 0 0;3 3 1 0 0;4 2 0 0 0;4 3 0 0 0;4 3 1 0 0;5 3 0 0 0;	1710.59765	1	46.41664	65.98012	10.08448	5	0.00337	1.28449	0.35714	1.35714	0.00000	0	0	10.08448	17.00172	48.11681	1.3741341831765422e-10	0.0	1.3741341831765422e-10	sp|P04004|VTNC_HUMAN	169
2020111CXY-6.8860.8860.3.0.dta	2020111CXY-6.8860.8860.3.0.dta	2020111CXY-6	8860	2355.33401	3803.40979	1268.47478	3	1	NEEYJK		796.34716	6 5 3 1 0	(N(N(H(H(N(F)(H(A))))(H(N(H(A)))(N(H(A)))))))	2060	0 1 0 0 0;0 2 0 0 0;1 2 0 0 0;2 2 0 0 0;2 3 0 0 0;2 3 0 1 0;2 4 0 0 0;3 2 0 0 0;3 3 0 0 0;3 3 0 1 0;3 3 1 0 0;3 3 1 1 0;3 4 0 0 0;3 4 0 1 0;3 4 1 0 0;3 5 0 0 0;3 5 0 1 0;4 3 0 0 0;4 3 0 1 0;4 3 1 0 0;4 3 1 1 0;4 4 0 0 0;4 4 0 1 0;4 4 1 0 0;4 4 1 1 0;4 4 2 0 0;4 5 0 0 0;4 5 0 1 0;4 5 1 0 0;4 5 1 1 0;5 4 0 0 0;5 4 0 1 0;5 4 1 0 0;5 4 1 1 0;5 4 2 0 0;5 4 2 1 0;5 5 0 0 0;5 5 0 1 0;5 5 1 0 0;5 5 1 1 0;5 5 2 0 0;5 5 2 1 0;6 5 0 0 0;6 5 0 1 0;6 5 1 0 0;6 5 1 1 0;6 5 2 0 0;6 5 2 1 0;6 5 3 0 0;	3007.05796	5	27.20963	38.50169	6.23866	6	0.00467	1.22671	0.11765	1.10000	0.00000	0	0	6.23866	9.80871	28.19050	1.6707239463375924e-06	0.0	1.6707239463375924e-06	sp|P02763|A1AG1_HUMAN/sp|P19652|A1AG2_HUMAN	56/56
2020111CXY-6.4090.4090.2.0.dta	2020111CXY-6.4090.4090.2.0.dta	2020111CXY-6	4090	1074.72157	2874.14233	1437.57480	2	1	AJISHK		669.36785	5 4 2 0 0	(N(N(H(H(N(H(A))))(H(N(H(A)))))))	754	0 1 0 0 0;0 2 0 0 0;1 2 0 0 0;2 2 0 0 0;2 3 0 0 0;3 2 0 0 0;3 3 0 0 0;3 3 1 0 0;3 4 0 0 0;4 3 0 0 0;4 3 1 0 0;4 4 0 0 0;4 4 1 0 0;5 4 0 0 0;5 4 1 0 0;	2204.77244	2	59.91147	54.44641	70.06087	7	0.00204	0.70942	0.88235	1.30000	0.00000	0	0	70.06087	14.05555	61.31703	1.999329506922973e-94	0.0	1.999329506922973e-94	sp|P01031|CO5_HUMAN/sp|P19634|SL9A1_HUMAN/sp|Q14940|SL9A5_HUMAN	741/370/319
2020111CXY-6.16189.16189.4.0.dta	2020111CXY-6.16189.16189.4.0.dta	2020111CXY-6	16189	4508.15210	4739.11908	1185.53523	4	1	MVSHHJLTTGATLINEQWLLTTAK		2679.39230	5 4 1 1 0	(N(N(H(H(N(H)(F)))(H(N(H(A)))))))	550	0 1 0 0 0;0 2 0 0 0;1 2 0 0 0;2 2 0 0 0;2 3 0 0 0;2 3 0 1 0;3 2 0 0 0;3 3 0 0 0;3 3 0 1 0;3 3 1 0 0;3 4 0 0 0;3 4 0 1 0;4 3 0 0 0;4 3 0 1 0;4 3 1 0 0;4 4 0 0 0;4 4 0 1 0;4 4 1 0 0;4 4 1 1 0;5 4 0 0 0;5 4 0 1 0;5 4 1 0 0;	2059.73493	6	11.73066	17.09269	1.77261	3	-0.00815	-1.71937	0.20833	0.39130	0.00000	0	0	1.77261	10.28300	12.75896	0.004371067183933	0.0	0.004371067183933	sp|P00739|HPTR_HUMAN/sp|P00738|HPT_HUMAN	126/184
2020111CXY-6.8355.8355.3.0.dta	2020111CXY-6.8355.8355.3.0.dta	2020111CXY-6	8355	2219.09784	3932.58392	1311.53283	3	1	RJHSCEPCQTLAVR	5,Carbamidomethyl[C];8,Carbamidomethyl[C];	1727.80643	5 4 2 0 0	(N(N(H(H(N(H(A))))(H(N(H(A)))))))	754	0 1 0 0 0;0 2 0 0 0;1 2 0 0 0;2 2 0 0 0;2 3 0 0 0;3 2 0 0 0;3 3 0 0 0;3 3 1 0 0;3 4 0 0 0;4 3 0 0 0;4 3 1 0 0;4 4 0 0 0;4 4 1 0 0;5 4 0 0 0;5 4 1 0 0;	2204.77244	2	55.09045	40.84544	81.54547	7	0.00505	1.28388	0.88235	0.84615	0.00000	0	0	81.54547	13.48818	56.43927	1.5625605321567942e-110	0.0	1.5625605321567942e-110	sp|P00748|FA12_HUMAN	433
2020111CXY-6.16268.16268.3.0.dta	2020111CXY-6.16268.16268.3.0.dta	2020111CXY-6	16268	4529.46712	4252.75981	1418.25812	3	1	GLTFQQJASSMCVPDQDTAIR	12,Carbamidomethyl[C];	2339.07546	5 4 1 0 0	(N(N(H(H(N(H)))(H(N(H(A)))))))	380	0 1 0 0 0;0 2 0 0 0;1 2 0 0 0;2 2 0 0 0;2 3 0 0 0;3 2 0 0 0;3 3 0 0 0;3 3 1 0 0;3 4 0 0 0;4 3 0 0 0;4 3 1 0 0;4 4 0 0 0;4 4 1 0 0;5 4 0 0 0;	1913.67702	7	22.69980	33.24485	3.11612	4	0.00732	1.72182	0.25000	0.65000	0.00000	0	0	3.11612	12.52538	23.95234	0.0012510817744305306	0.0	0.0012510817744305306	sp|P01871|IGHM_HUMAN	209
2020111CXY-6.4709.4709.2.0.dta	2020111CXY-6.4709.4709.2.0.dta	2020111CXY-6	4709	1240.08554	3157.27108	1579.13918	2	1	YKJNSDISSTR		1284.61786	6 3 1 0 0	(N(N(H(H)(H(H)(H(N(H(A))))))))	350	0 1 0 0 0;0 2 0 0 0;1 2 0 0 0;2 2 0 0 0;3 2 0 0 0;3 3 0 0 0;4 2 0 0 0;4 3 0 0 0;4 3 1 0 0;5 2 0 0 0;5 3 0 0 0;5 3 1 0 0;6 3 0 0 0;	1872.65047	3	43.86993	32.29542	65.36544	7	0.00274	0.86929	0.86667	0.95000	0.00000	0	0	65.36544	14.37220	45.30715	1.5384038077185995e-87	0.0	1.5384038077185995e-87	sp|P01871|IGHM_HUMAN	46
2020111CXY-6.10723.10723.2.0.dta	2020111CXY-6.10723.10723.2.0.dta	2020111CXY-6	10723	2858.05028	2764.11111	1382.55919	2	1	EEQFJSTFR		1157.52218	4 4 0 1 0	(N(F)(N(H(H(N(H))(N(H))))))	166	0 1 0 0 0;0 1 0 1 0;0 2 0 0 0;0 2 0 1 0;1 2 0 0 0;1 2 0 1 0;2 2 0 0 0;2 2 0 1 0;2 3 0 0 0;2 3 0 1 0;2 4 0 0 0;2 4 0 1 0;3 3 0 0 0;3 3 0 1 0;3 4 0 0 0;3 4 0 1 0;4 4 0 0 0;	1606.58669	5	4.98787	6.62601	1.94562	4	0.00224	0.81026	0.21053	0.50000	0.00000	0	0	1.94562	8.62478	5.85035	0.004035008258524762	0.0022002200220022	0.004035008258524762	sp|P01859|IGHG2_HUMAN	176
2020111CXY-6.16034.16034.3.0.dta	2020111CXY-6.16034.16034.3.0.dta	2020111CXY-6	16034	4466.44086	3455.34011	1152.45155	3	1	LGJWSAMPSCK	10,Carbamidomethyl[C];	1250.56564	5 4 2 0 0	(N(N(H(H(N(H(A))))(H(N(H(A)))))))	754	0 1 0 0 0;0 2 0 0 0;1 2 0 0 0;2 2 0 0 0;2 3 0 0 0;3 2 0 0 0;3 3 0 0 0;3 3 1 0 0;3 4 0 0 0;4 3 0 0 0;4 3 1 0 0;4 4 0 0 0;4 4 1 0 0;5 4 0 0 0;5 4 1 0 0;	2204.77244	3	51.43619	59.26007	36.90613	7	0.00203	0.58662	0.58824	1.10000	0.00000	0	0	36.90613	15.23153	52.95934	9.184864268387274e-47	0.0	9.184864268387274e-47	sp|P02749|APOH_HUMAN	253
2020111CXY-6.15902.15902.3.0.dta	2020111CXY-6.15902.15902.3.0.dta	2020111CXY-6	15902	4430.89636	3455.34202	1152.45219	3	1	LGJWSAMPSCK	10,Carbamidomethyl[C];	1250.56564	5 4 2 0 0	(N(N(H(H(N(H(A))))(H(N(H(A)))))))	754	0 1 0 0 0;0 2 0 0 0;1 2 0 0 0;2 2 0 0 0;2 3 0 0 0;3 2 0 0 0;3 3 0 0 0;3 3 1 0 0;3 4 0 0 0;4 3 0 0 0;4 3 1 0 0;4 4 0 0 0;4 4 1 0 0;5 4 0 0 0;5 4 1 0 0;	2204.77244	3	58.18364	69.74040	36.72106	7	0.00393	1.13881	0.58824	1.15000	0.00000	0	0	36.72106	16.50067	59.83371	1.4381523135005793e-46	0.0	1.4381523135005793e-46	sp|P02749|APOH_HUMAN	253
2020111CXY-6.17771.17771.2.0.dta	2020111CXY-6.17771.17771.2.0.dta	2020111CXY-6	17771	4932.96956	3116.24816	1558.62772	2	1	JGSLFAFR		911.47338	5 4 2 0 0	(N(N(H(H(N(H(A))))(H(N(H(A)))))))	754	0 1 0 0 0;0 2 0 0 0;1 2 0 0 0;2 2 0 0 0;2 3 0 0 0;3 2 0 0 0;3 3 0 0 0;3 3 1 0 0;3 4 0 0 0;4 3 0 0 0;4 3 1 0 0;4 4 0 0 0;4 4 1 0 0;5 4 0 0 0;5 4 1 0 0;	2204.77244	1	17.84607	21.71729	10.65665	6	0.00234	0.75186	0.35294	0.92857	0.00000	0	0	10.65665	11.53884	18.99995	3.455828311082296e-11	0.0	3.455828311082296e-11	sp|P04004|VTNC_HUMAN	169
2020111CXY-6.16133.16133.4.0.dta	2020111CXY-6.16133.16133.4.0.dta	2020111CXY-6	16133	4493.02477	4609.06851	1153.02258	4	1	MVSHHJLTTGATLINEQWLLTTAK	1,Oxidation[M];	2695.38721	5 4 1 0 0	(N(N(H(H(N(H)))(H(N(H(A)))))))	380	0 1 0 0 0;0 2 0 0 0;1 2 0 0 0;2 2 0 0 0;2 3 0 0 0;3 2 0 0 0;3 3 0 0 0;3 3 1 0 0;3 4 0 0 0;4 3 0 0 0;4 3 1 0 0;4 4 0 0 0;4 4 1 0 0;5 4 0 0 0;	1913.67702	6	31.14236	37.34404	19.62497	7	0.00427	0.92633	0.50000	0.56522	0.00000	0	0	19.62497	14.50789	32.59315	5.2938257265215314e-23	0.0	5.2938257265215314e-23	sp|P00739|HPTR_HUMAN/sp|P00738|HPT_HUMAN	126/184
2020111CXY-6.16354.16354.3.0.dta	2020111CXY-6.16354.16354.3.0.dta	2020111CXY-6	16354	4552.39322	3609.44530	1203.81995	3	1	SWPAVGJCSSALR	8,Carbamidomethyl[C];	1404.66886	5 4 2 0 0	(N(N(H(H(N(H(A))))(H(N(H(A)))))))	754	0 1 0 0 0;0 2 0 0 0;1 2 0 0 0;2 2 0 0 0;2 3 0 0 0;3 2 0 0 0;3 3 0 0 0;3 3 1 0 0;3 4 0 0 0;4 3 0 0 0;4 3 1 0 0;4 4 0 0 0;4 4 1 0 0;5 4 0 0 0;5 4 1 0 0;	2204.77244	7	45.96863	45.84719	46.19416	7	0.00400	1.10958	0.70588	0.79167	0.00000	0	0	46.19416	13.39955	47.30859	8.356907538975608e-60	0.0	8.356907538975608e-60	sp|P02790|HEMO_HUMAN	187
2020111CXY-6.5779.5779.2.0.dta	2020111CXY-6.5779.5779.2.0.dta	2020111CXY-6	5779	1527.56671	2812.09655	1406.55192	2	1	EEQYJSTYR		1189.51199	5 4 0 0 0	(N(N(H(H(N(H)))(H(N(H))))))	175	0 1 0 0 0;0 2 0 0 0;1 2 0 0 0;2 2 0 0 0;2 3 0 0 0;3 2 0 0 0;3 3 0 0 0;3 4 0 0 0;4 3 0 0 0;4 4 0 0 0;	1622.58161	5	42.44616	37.87181	50.94137	7	0.00296	1.05154	0.83333	0.81250	0.00000	0	0	50.94137	12.15591	43.66175	4.577444081178052e-67	0.0	4.577444081178052e-67	sp|P01857|IGHG1_HUMAN	180
2020111CXY-6.9416.9416.3.0.dta	2020111CXY-6.9416.9416.3.0.dta	2020111CXY-6	9416	2504.87309	2926.16521	976.05992	3	1	EEQFJSTFR		1157.52218	5 4 0 1 0	(N(F)(N(H(H(N(H)))(H(N(H))))))	267	0 1 0 0 0;0 1 0 1 0;0 2 0 0 0;0 2 0 1 0;1 2 0 0 0;1 2 0 1 0;2 2 0 0 0;2 2 0 1 0;2 3 0 0 0;2 3 0 1 0;3 2 0 0 0;3 2 0 1 0;3 3 0 0 0;3 3 0 1 0;3 4 0 0 0;3 4 0 1 0;4 3 0 0 0;4 3 0 1 0;4 4 0 0 0;4 4 0 1 0;5 4 0 0 0;	1768.63952	5	18.71447	12.19444	30.82311	9	0.00351	1.20096	0.43478	0.56250	0.00000	0	0	30.82311	8.71058	19.58553	3.327274858443247e-38	0.0011389521640091116	0.0011389521640091116	sp|P01859|IGHG2_HUMAN	176
2020111CXY-6.5520.5520.3.0.dta	2020111CXY-6.5520.5520.3.0.dta	2020111CXY-6	5520	1458.12740	3514.34368	1172.11941	3	1	HJSTGCLR	6,Carbamidomethyl[C];	944.43667	6 5 2 0 0	(N(N(H(H(N(H(A))))(H(N(H))(N(H(A)))))))	1338	0 1 0 0 0;0 2 0 0 0;1 2 0 0 0;2 2 0 0 0;2 3 0 0 0;2 4 0 0 0;3 2 0 0 0;3 3 0 0 0;3 3 1 0 0;3 4 0 0 0;3 4 1 0 0;3 5 0 0 0;4 3 0 0 0;4 3 1 0 0;4 4 0 0 0;4 4 1 0 0;4 5 0 0 0;4 5 1 0 0;5 4 0 0 0;5 4 1 0 0;5 4 2 0 0;5 5 0 0 0;5 5 1 0 0;5 5 2 0 0;6 5 0 0 0;6 5 1 0 0;	2569.90464	2	18.43445	9.43426	35.14909	6	0.00237	0.67523	0.46429	0.64286	0.00000	0	0	35.14909	8.67430	19.30188	1.6802646720759177e-44	0.0011389521640091116	0.0011389521640091116	sp|P10909|CLUS_HUMAN	291
2020111CXY-6.15497.15497.3.0.dta	2020111CXY-6.15497.15497.3.0.dta	2020111CXY-6	15497	4320.54361	3385.42304	1129.14586	3	1	HAJWTLTPLK		1180.64732	5 4 2 0 0	(N(N(H(H(N(H(A))))(H(N(H(A)))))))	754	0 1 0 0 0;0 2 0 0 0;1 2 0 0 0;2 2 0 0 0;2 3 0 0 0;3 2 0 0 0;3 3 0 0 0;3 3 1 0 0;3 4 0 0 0;4 3 0 0 0;4 3 1 0 0;4 4 0 0 0;4 4 1 0 0;5 4 0 0 0;5 4 1 0 0;	2204.77244	3	89.31047	95.42768	77.94994	7	0.00328	0.96974	0.88235	1.22222	0.00000	0	0	77.94994	18.96118	91.20659	1.7133631981680919e-105	0.0	1.7133631981680919e-105	sp|P27169|PON1_HUMAN	253
2020111CXY-6.7592.7592.2.0.dta	2020111CXY-6.7592.7592.2.0.dta	2020111CXY-6	7592	2014.07237	2618.05357	1309.53042	2	1	EEQFJSTYR		1173.51708	3 4 0 1 0	(N(F)(N(H(H(N))(H(N)))))	95	0 1 0 0 0;0 1 0 1 0;0 2 0 0 0;0 2 0 1 0;1 2 0 0 0;1 2 0 1 0;2 2 0 0 0;2 2 0 1 0;2 3 0 0 0;2 3 0 1 0;3 2 0 0 0;3 2 0 1 0;3 3 0 0 0;3 3 0 1 0;3 4 0 0 0;	1444.53387	5	37.16918	32.86779	45.15748	9	0.00262	0.99963	0.64706	0.87500	0.00000	0	0	45.15748	11.47638	38.31682	1.2994225810060989e-58	0.0	1.2994225810060989e-58	sp|P01861|IGHG4_HUMAN	177
2020111CXY-6.17173.17173.3.0.dta	2020111CXY-6.17173.17173.3.0.dta	2020111CXY-6	17173	4772.80596	4510.97908	1504.33121	3	1	VVLHPJYSQVDIGLIK		1795.01124	6 5 2 1 0	(N(N(H(H(N(H)(F)))(H(N(H(A)))(N(H(A)))))))	1590	0 1 0 0 0;0 2 0 0 0;1 2 0 0 0;2 2 0 0 0;2 3 0 0 0;2 3 0 1 0;2 4 0 0 0;3 2 0 0 0;3 3 0 0 0;3 3 0 1 0;3 3 1 0 0;3 4 0 0 0;3 4 0 1 0;3 4 1 0 0;3 5 0 0 0;3 5 0 1 0;4 3 0 0 0;4 3 0 1 0;4 3 1 0 0;4 4 0 0 0;4 4 0 1 0;4 4 1 0 0;4 4 1 1 0;4 4 2 0 0;4 5 0 0 0;4 5 0 1 0;4 5 1 0 0;4 5 1 1 0;5 4 0 0 0;5 4 0 1 0;5 4 1 0 0;5 4 1 1 0;5 4 2 0 0;5 5 0 0 0;5 5 0 1 0;5 5 1 0 0;5 5 1 1 0;5 5 2 0 0;5 5 2 1 0;6 5 0 0 0;6 5 0 1 0;6 5 1 0 0;6 5 1 1 0;6 5 2 0 0;	2715.96255	6	70.00889	85.19098	41.81359	7	0.00530	1.17518	0.36957	1.06667	0.00000	0	0	41.81359	18.88449	71.89734	6.803844121567801e-54	0.0	6.803844121567801e-54	sp|P00738|HPT_HUMAN	241
2020111CXY-6.2903.2903.4.0.dta	2020111CXY-6.2903.2903.4.0.dta	2020111CXY-6	2903	758.07409	3828.51420	957.88401	4	1	HSHNJJSSDLHPHK		1623.73709	5 4 2 0 0	(N(N(H(H(N(H(A))))(H(N(H(A)))))))	754	0 1 0 0 0;0 2 0 0 0;1 2 0 0 0;2 2 0 0 0;2 3 0 0 0;3 2 0 0 0;3 3 0 0 0;3 3 1 0 0;3 4 0 0 0;4 3 0 0 0;4 3 1 0 0;4 4 0 0 0;4 4 1 0 0;5 4 0 0 0;5 4 1 0 0;	2204.77244	5	61.83002	59.59380	65.98300	7	0.00468	1.22135	0.76471	0.84615	0.00000	0	0	65.98300	13.59336	63.18936	1.9461223631595456e-88	0.0	1.9461223631595456e-88	sp|P04196|HRG_HUMAN	344
2020111CXY-6.18249.18249.3.1.dta	2020111CXY-6.18249.18249.3.1.dta	2020111CXY-6	18249	5061.82432	3666.59206	1222.86887	3	1	ALPQPQJVTSLLGCTH	14,Carbamidomethyl[C];	1735.87958	6 4 0 1 0	(N(N(H(H(H))(H(N(H))(N(H)(F))))))	399	0 1 0 0 0;0 2 0 0 0;1 2 0 0 0;2 2 0 0 0;2 3 0 0 0;2 3 0 1 0;2 4 0 0 0;2 4 0 1 0;3 2 0 0 0;3 3 0 0 0;3 3 0 1 0;3 4 0 0 0;3 4 0 1 0;4 2 0 0 0;4 3 0 0 0;4 3 0 1 0;4 4 0 0 0;4 4 0 1 0;5 3 0 0 0;5 3 0 1 0;5 4 0 0 0;5 4 0 1 0;6 4 0 0 0;	1930.69234	7	34.22908	48.27974	8.13500	5	0.02014	5.49169	0.28000	0.76667	0.00000	0	0	8.13500	14.55776	35.68486	2.2988690230012027e-08	0.0	2.2988690230012027e-08	sp|P02790|HEMO_HUMAN	453
2020111CXY-6.16422.16422.3.0.dta	2020111CXY-6.16422.16422.3.0.dta	2020111CXY-6	16422	4570.75163	3407.45852	1136.49103	3	1	CGLVPVLAENYJK	1,Carbamidomethyl[C];	1476.75152	6 4 0 1 0	(N(N(H(H(H))(H(N(H))(N(H)(F))))))	399	0 1 0 0 0;0 2 0 0 0;1 2 0 0 0;2 2 0 0 0;2 3 0 0 0;2 3 0 1 0;2 4 0 0 0;2 4 0 1 0;3 2 0 0 0;3 3 0 0 0;3 3 0 1 0;3 4 0 0 0;3 4 0 1 0;4 2 0 0 0;4 3 0 0 0;4 3 0 1 0;4 4 0 0 0;4 4 0 1 0;5 3 0 0 0;5 3 0 1 0;5 4 0 0 0;5 4 0 1 0;6 4 0 0 0;	1930.69234	12	52.19562	66.30055	26.00074	7	0.01467	4.30402	0.40000	0.91667	0.00000	0	0	26.00074	14.86449	53.68207	2.0696238848254e-31	0.0	2.0696238848254e-31	sp|P02787|TRFE_HUMAN	432
2020111CXY-6.16210.16210.3.0.dta	2020111CXY-6.16210.16210.3.0.dta	2020111CXY-6	16210	4513.79806	3708.69204	1236.90220	3	1	VVLHPJYSQVDIGLIK		1795.01124	5 4 1 0 0	(N(N(H(H(N(H)))(H(N(H(A)))))))	380	0 1 0 0 0;0 2 0 0 0;1 2 0 0 0;2 2 0 0 0;2 3 0 0 0;3 2 0 0 0;3 3 0 0 0;3 3 1 0 0;3 4 0 0 0;4 3 0 0 0;4 3 1 0 0;4 4 0 0 0;4 4 1 0 0;5 4 0 0 0;	1913.67702	6	48.76072	46.44837	53.05508	7	0.00378	1.01855	0.81250	0.73333	0.00000	0	0	53.05508	14.95212	50.25593	9.354159124017914e-70	0.0	9.354159124017914e-70	sp|P00738|HPT_HUMAN	241
2020111CXY-6.16569.16569.3.0.dta	2020111CXY-6.16569.16569.3.0.dta	2020111CXY-6	16569	4610.55230	3806.54175	1269.51877	3	1	GTAGNALMDGASQLMGEJR		1892.85892	5 4 1 0 0	(N(N(H(H(N(H)))(H(N(H(A)))))))	380	0 1 0 0 0;0 2 0 0 0;1 2 0 0 0;2 2 0 0 0;2 3 0 0 0;3 2 0 0 0;3 3 0 0 0;3 3 1 0 0;3 4 0 0 0;4 3 0 0 0;4 3 1 0 0;4 4 0 0 0;4 4 1 0 0;5 4 0 0 0;	1913.67702	18	61.93638	78.53935	31.10231	7	0.00581	1.52592	0.50000	0.69444	0.00000	0	0	31.10231	17.20199	63.65658	1.2746152700693125e-38	0.0	1.2746152700693125e-38	sp|P02675|FIBB_HUMAN	394
2020111CXY-6.17766.17766.3.0.dta	2020111CXY-6.17766.17766.3.0.dta	2020111CXY-6	17766	4931.52262	3116.24872	1039.42109	3	1	JGSLFAFR		911.47338	5 4 2 0 0	(N(N(H(H(N(H(A))))(H(N(H(A)))))))	754	0 1 0 0 0;0 2 0 0 0;1 2 0 0 0;2 2 0 0 0;2 3 0 0 0;3 2 0 0 0;3 3 0 0 0;3 3 1 0 0;3 4 0 0 0;4 3 0 0 0;4 3 1 0 0;4 4 0 0 0;4 4 1 0 0;5 4 0 0 0;5 4 1 0 0;	2204.77244	1	46.13143	58.21900	23.68310	6	0.00291	0.93284	0.47059	1.35714	0.00000	0	0	23.68310	15.87712	47.71914	2.132078533905213e-28	0.0	2.132078533905213e-28	sp|P04004|VTNC_HUMAN	169
2020111CXY-6.9242.9242.2.0.dta	2020111CXY-6.9242.9242.2.0.dta	2020111CXY-6	9242	2458.56693	2780.10573	1390.55650	2	1	EEQFJSTFR		1157.52218	5 4 0 0 0	(N(N(H(H(N(H)))(H(N(H))))))	175	0 1 0 0 0;0 2 0 0 0;1 2 0 0 0;2 2 0 0 0;2 3 0 0 0;3 2 0 0 0;3 3 0 0 0;3 4 0 0 0;4 3 0 0 0;4 4 0 0 0;	1622.58161	5	22.41685	21.16739	24.73728	6	0.00194	0.69818	0.58333	0.68750	0.00000	0	0	24.73728	11.06987	23.52384	9.336146153928962e-30	0.0	9.336146153928962e-30	sp|P01859|IGHG2_HUMAN	176
2020111CXY-6.18260.18260.3.0.dta	2020111CXY-6.18260.18260.3.0.dta	2020111CXY-6	18260	5064.78320	3473.53025	1158.51493	3	1	AQLLQGLGFJLTER		1559.85402	5 4 1 0 0	(N(N(H(H(N(H)))(H(N(H(A)))))))	380	0 1 0 0 0;0 2 0 0 0;1 2 0 0 0;2 2 0 0 0;2 3 0 0 0;3 2 0 0 0;3 3 0 0 0;3 3 1 0 0;3 4 0 0 0;4 3 0 0 0;4 3 1 0 0;4 4 0 0 0;4 4 1 0 0;5 4 0 0 0;	1913.67702	10	8.21529	11.87045	1.42714	3	-0.00080	-0.22902	0.25000	0.38462	0.00000	0	0	1.42714	8.65162	9.08045	0.0058365898722023265	0.0022002200220022	0.0058365898722023265	sp|P08185|CBG_HUMAN	96
2020111CXY-6.6124.6124.2.0.dta	2020111CXY-6.6124.6124.2.0.dta	2020111CXY-6	6124	1618.88796	2634.04847	1317.52787	2	1	EEQYJSTYR		1189.51199	3 4 0 1 0	(N(F)(N(H(H(N))(H(N)))))	95	0 1 0 0 0;0 1 0 1 0;0 2 0 0 0;0 2 0 1 0;1 2 0 0 0;1 2 0 1 0;2 2 0 0 0;2 2 0 1 0;2 3 0 0 0;2 3 0 1 0;3 2 0 0 0;3 2 0 1 0;3 3 0 0 0;3 3 0 1 0;3 4 0 0 0;	1444.53387	5	31.82239	24.83395	44.80091	9	0.00261	0.99052	0.64706	0.81250	0.00000	0	0	44.80091	11.11644	32.93403	6.268182355283217e-58	0.0	6.268182355283217e-58	sp|P01857|IGHG1_HUMAN	180
2020111CXY-6.9658.9658.3.0.dta	2020111CXY-6.9658.9658.3.0.dta	2020111CXY-6	9658	2569.97212	2884.16323	962.05926	3	1	JYTLTGR		824.42608	5 4 1 1 0	(N(F)(N(H(H(N(H)))(H(N(H(A)))))))	549	0 1 0 0 0;0 1 0 1 0;0 2 0 0 0;0 2 0 1 0;1 2 0 0 0;1 2 0 1 0;2 2 0 0 0;2 2 0 1 0;2 3 0 0 0;2 3 0 1 0;3 2 0 0 0;3 2 0 1 0;3 3 0 0 0;3 3 0 1 0;3 3 1 0 0;3 3 1 1 0;3 4 0 0 0;3 4 0 1 0;4 3 0 0 0;4 3 0 1 0;4 3 1 0 0;4 3 1 1 0;4 4 0 0 0;4 4 0 1 0;4 4 1 0 0;4 4 1 1 0;5 4 0 0 0;5 4 0 1 0;5 4 1 0 0;	2059.73493	1	20.45385	17.63798	25.68332	9	0.00221	0.76753	0.38710	0.91667	0.00000	0	0	25.68332	10.50515	21.50436	3.1739505715365873e-31	0.0	3.1739505715365873e-31	sp|P10643|CO7_HUMAN	754
2020111CXY-6.17987.17987.3.0.dta	2020111CXY-6.17987.17987.3.0.dta	2020111CXY-6	17987	4991.09053	4063.68801	1355.23419	3	1	CGLVPVLAENYJK	1,Carbamidomethyl[C];	1476.75152	7 5 1 1 0	(N(N(H(N)(H(H)(H))(H(N(H)(F))(N(H(A)))))))	1369	0 1 0 0 0;0 2 0 0 0;1 2 0 0 0;1 3 0 0 0;2 2 0 0 0;2 3 0 0 0;2 3 0 1 0;2 4 0 0 0;2 4 0 1 0;2 5 0 0 0;2 5 0 1 0;3 2 0 0 0;3 3 0 0 0;3 3 0 1 0;3 3 1 0 0;3 4 0 0 0;3 4 0 1 0;3 4 1 0 0;3 4 1 1 0;3 5 0 0 0;3 5 0 1 0;3 5 1 0 0;3 5 1 1 0;4 2 0 0 0;4 3 0 0 0;4 3 0 1 0;4 3 1 0 0;4 4 0 0 0;4 4 0 1 0;4 4 1 0 0;4 4 1 1 0;4 5 0 0 0;4 5 0 1 0;4 5 1 0 0;4 5 1 1 0;5 2 0 0 0;5 3 0 0 0;5 3 0 1 0;5 3 1 0 0;5 4 0 0 0;5 4 0 1 0;5 4 1 0 0;5 4 1 1 0;5 5 0 0 0;5 5 0 1 0;5 5 1 0 0;5 5 1 1 0;6 3 0 0 0;6 3 0 1 0;6 3 1 0 0;6 4 0 0 0;6 4 0 1 0;6 4 1 0 0;6 4 1 1 0;6 5 0 0 0;6 5 0 1 0;6 5 1 0 0;6 5 1 1 0;7 4 0 0 0;7 4 0 1 0;7 4 1 0 0;7 4 1 1 0;7 5 0 0 0;7 5 0 1 0;7 5 1 0 0;	2586.91995	12	64.17510	91.75688	12.95179	6	0.01654	4.07076	0.16418	1.04167	0.00000	0	0	12.95179	17.88764	65.96386	3.6880678770430894e-14	0.0	3.6880678770430894e-14	sp|P02787|TRFE_HUMAN	432
2020111CXY-6.6263.6263.3.0.dta	2020111CXY-6.6263.6263.3.0.dta	2020111CXY-6	6263	1656.05550	2999.18015	1000.39823	3	1	EEQYJSTYR		1189.51199	4 5 0 1 0	(N(F)(N(H(N)(H(N(H))(N(H))))))	291	0 1 0 0 0;0 1 0 1 0;0 2 0 0 0;0 2 0 1 0;1 2 0 0 0;1 2 0 1 0;1 3 0 0 0;1 3 0 1 0;2 2 0 0 0;2 2 0 1 0;2 3 0 0 0;2 3 0 1 0;2 4 0 0 0;2 4 0 1 0;2 5 0 0 0;2 5 0 1 0;3 3 0 0 0;3 3 0 1 0;3 4 0 0 0;3 4 0 1 0;3 5 0 0 0;3 5 0 1 0;4 4 0 0 0;4 4 0 1 0;4 5 0 0 0;	1809.66607	5	26.92941	23.65502	33.01043	8	0.00210	0.69956	0.44444	0.68750	0.00000	0	0	33.01043	9.91959	27.92137	3.2631019529620274e-41	0.0	3.2631019529620274e-41	sp|P01857|IGHG1_HUMAN	180
2020111CXY-6.17777.17777.3.0.dta	2020111CXY-6.17777.17777.3.0.dta	2020111CXY-6	17777	4934.47574	4451.96300	1484.65918	3	1	LQAPLJYTEFQKPICLPSK	15,Carbamidomethyl[C];	2247.18419	5 4 2 0 0	(N(N(H(H(N(H(A))))(H(N(H(A)))))))	754	0 1 0 0 0;0 2 0 0 0;1 2 0 0 0;2 2 0 0 0;2 3 0 0 0;3 2 0 0 0;3 3 0 0 0;3 3 1 0 0;3 4 0 0 0;4 3 0 0 0;4 3 1 0 0;4 4 0 0 0;4 4 1 0 0;5 4 0 0 0;5 4 1 0 0;	2204.77244	6	66.61046	89.39616	24.29415	6	0.00637	1.43037	0.52941	0.91667	0.00000	0	0	24.29415	18.65734	68.47619	2.4825779674094766e-29	0.0	2.4825779674094766e-29	sp|P03952|KLKB1_HUMAN	494
2020111CXY-6.6020.6020.2.0.dta	2020111CXY-6.6020.6020.2.0.dta	2020111CXY-6	6020	1591.52843	2796.10124	1398.55426	2	1	EEQYJSTYR		1189.51199	4 4 0 1 0	(N(F)(N(H(H(N))(H(N(H))))))	158	0 1 0 0 0;0 1 0 1 0;0 2 0 0 0;0 2 0 1 0;1 2 0 0 0;1 2 0 1 0;2 2 0 0 0;2 2 0 1 0;2 3 0 0 0;2 3 0 1 0;3 2 0 0 0;3 2 0 1 0;3 3 0 0 0;3 3 0 1 0;3 4 0 0 0;3 4 0 1 0;4 3 0 0 0;4 3 0 1 0;4 4 0 0 0;	1606.58669	5	37.35899	35.78775	40.27700	8	0.00256	0.91400	0.61905	0.87500	0.00000	0	0	40.27700	11.61289	38.52028	1.612288289033653e-51	0.0	1.612288289033653e-51	sp|P01857|IGHG1_HUMAN	180
2020111CXY-6.2976.2976.4.0.dta	2020111CXY-6.2976.2976.4.0.dta	2020111CXY-6	2976	777.59921	3828.51477	957.88415	4	1	HSHNJJSSDLHPHK		1623.73709	5 4 2 0 0	(N(N(H(H(N(H(A))))(H(N(H(A)))))))	754	0 1 0 0 0;0 2 0 0 0;1 2 0 0 0;2 2 0 0 0;2 3 0 0 0;3 2 0 0 0;3 3 0 0 0;3 3 1 0 0;3 4 0 0 0;4 3 0 0 0;4 3 1 0 0;4 4 0 0 0;4 4 1 0 0;5 4 0 0 0;5 4 1 0 0;	2204.77244	5	51.79496	39.07376	75.42005	7	0.00524	1.36971	0.88235	0.65385	0.00000	0	0	75.42005	11.66878	52.96184	9.691541867435458e-102	0.0	9.691541867435458e-102	sp|P04196|HRG_HUMAN	344
2020111CXY-6.6199.6199.3.2.dta	2020111CXY-6.6199.6199.3.2.dta	2020111CXY-6	6199	1638.95279	3038.12919	1013.38125	3	1	EEQYJSTYR		1189.51199	4 4 0 1 1	(N(F)(N(pH(H(H)(H))(H(N)(N)))))	4161	0 1 0 0 0;0 1 0 1 0;0 2 0 0 0;0 2 0 0 1;0 2 0 1 0;0 2 0 1 1;1 2 0 0 1;1 2 0 1 1;1 3 0 0 1;1 3 0 1 1;1 4 0 0 1;1 4 0 1 1;2 2 0 0 1;2 2 0 1 1;2 3 0 0 1;2 3 0 1 1;2 4 0 0 1;2 4 0 1 1;3 2 0 0 1;3 2 0 1 1;3 3 0 0 1;3 3 0 1 1;3 4 0 0 1;3 4 0 1 1;4 2 0 0 1;4 2 0 1 1;4 3 0 0 1;4 3 0 1 1;4 4 0 0 1;	1848.60585	5	7.93511	10.95763	2.32187	4	0.01135	3.73559	0.16129	0.56250	0.00000	0	0	2.32187	7.96267	8.73138	0.0033885546342022205	0.0072992700729927005	0.0072992700729927005	sp|P01857|IGHG1_HUMAN	180
2020111CXY-6.5372.5372.3.0.dta	2020111CXY-6.5372.5372.3.0.dta	2020111CXY-6	5372	1418.80067	2907.13972	969.71809	3	1	JNSDISSTR		993.45958	5 4 1 0 0	(N(N(H(H(N(H)))(H(N(H(A)))))))	380	0 1 0 0 0;0 2 0 0 0;1 2 0 0 0;2 2 0 0 0;2 3 0 0 0;3 2 0 0 0;3 3 0 0 0;3 3 1 0 0;3 4 0 0 0;4 3 0 0 0;4 3 1 0 0;4 4 0 0 0;4 4 1 0 0;5 4 0 0 0;	1913.67702	1	38.32704	46.28718	23.54391	6	0.00312	1.07270	0.43750	1.18750	0.00000	0	0	23.54391	15.11864	39.83890	4.09472680262286e-28	0.0	4.09472680262286e-28	sp|P01871|IGHM_HUMAN	46
2020111CXY-6.18348.18348.3.2.dta	2020111CXY-6.18348.18348.3.2.dta	2020111CXY-6	18348	5088.41986	4473.92523	1491.97993	3	1	VDKDLQSLEDILHQVEJK		2123.09789	5 4 2 1 0	(N(F)(N(H(H(N(H(A))))(H(N(H(A)))))))	991	0 1 0 0 0;0 1 0 1 0;0 2 0 0 0;0 2 0 1 0;1 2 0 0 0;1 2 0 1 0;2 2 0 0 0;2 2 0 1 0;2 3 0 0 0;2 3 0 1 0;3 2 0 0 0;3 2 0 1 0;3 3 0 0 0;3 3 0 1 0;3 3 1 0 0;3 3 1 1 0;3 4 0 0 0;3 4 0 1 0;4 3 0 0 0;4 3 0 1 0;4 3 1 0 0;4 3 1 1 0;4 4 0 0 0;4 4 0 1 0;4 4 1 0 0;4 4 1 1 0;5 4 0 0 0;5 4 0 1 0;5 4 1 0 0;5 4 1 1 0;5 4 2 0 0;	2350.83035	17	22.36327	23.98833	19.34530	7	-0.00301	-0.67186	0.39394	0.50000	0.00000	0	0	19.34530	11.30515	23.49378	1.443772112522387e-22	0.0	1.443772112522387e-22	sp|P02679|FIBG_HUMAN	78
2020111CXY-6.18889.18889.3.0.dta	2020111CXY-6.18889.18889.3.0.dta	2020111CXY-6	18889	5233.79263	3815.63376	1272.54944	3	1	YLGJATAIFFLPDEGK		1755.89521	5 4 1 1 0	(N(N(H(H(N(H)(F)))(H(N(H(A)))))))	550	0 1 0 0 0;0 2 0 0 0;1 2 0 0 0;2 2 0 0 0;2 3 0 0 0;2 3 0 1 0;3 2 0 0 0;3 3 0 0 0;3 3 0 1 0;3 3 1 0 0;3 4 0 0 0;3 4 0 1 0;4 3 0 0 0;4 3 0 1 0;4 3 1 0 0;4 4 0 0 0;4 4 0 1 0;4 4 1 0 0;4 4 1 1 0;5 4 0 0 0;5 4 0 1 0;5 4 1 0 0;	2059.73493	4	61.47079	86.13927	15.65789	6	0.00362	0.94812	0.33333	0.96667	0.00000	0	0	15.65789	20.16258	63.48705	1.4308911689352683e-17	0.0	1.4308911689352683e-17	sp|P01009|A1AT_HUMAN	271
2020111CXY-6.4303.4303.3.0.dta	2020111CXY-6.4303.4303.3.0.dta	2020111CXY-6	4303	1131.94633	2891.20398	964.40618	3	1	YKJNSDISSTR		1284.61786	4 4 0 1 0	(N(F)(N(H(H)(N)(H(N(H))))))	155	0 1 0 0 0;0 1 0 1 0;0 2 0 0 0;0 2 0 1 0;1 2 0 0 0;1 2 0 1 0;1 3 0 0 0;1 3 0 1 0;2 2 0 0 0;2 2 0 1 0;2 3 0 0 0;2 3 0 1 0;2 4 0 0 0;2 4 0 1 0;3 2 0 0 0;3 2 0 1 0;3 3 0 0 0;3 3 0 1 0;3 4 0 0 0;3 4 0 1 0;4 3 0 0 0;4 3 0 1 0;4 4 0 0 0;	1606.58669	3	40.87768	35.96321	50.00456	7	-0.00057	-0.19796	0.72000	0.95000	0.00000	0	0	50.00456	13.73175	42.25086	1.922412037734794e-65	0.0	1.922412037734794e-65	sp|P01871|IGHM_HUMAN	46
2020111CXY-6.17550.17550.4.0.dta	2020111CXY-6.17550.17550.4.0.dta	2020111CXY-6	17550	4873.69239	5247.11715	1312.53474	4	1	QQQHLFGSJVTDCSGJFCLFR	13,Carbamidomethyl[C];18,Carbamidomethyl[C];	2515.12414	7 5 2 0 0	(N(N(H(H(N(H(H))))(H(N(H(A)))(N(H(A)))))))	1607	0 1 0 0 0;0 2 0 0 0;1 2 0 0 0;2 2 0 0 0;2 3 0 0 0;2 4 0 0 0;3 2 0 0 0;3 3 0 0 0;3 3 1 0 0;3 4 0 0 0;3 4 1 0 0;3 5 0 0 0;4 3 0 0 0;4 3 1 0 0;4 4 0 0 0;4 4 1 0 0;4 4 2 0 0;4 5 0 0 0;4 5 1 0 0;5 3 0 0 0;5 4 0 0 0;5 4 1 0 0;5 4 2 0 0;5 5 0 0 0;5 5 1 0 0;5 5 2 0 0;6 4 0 0 0;6 4 1 0 0;6 5 0 0 0;6 5 1 0 0;6 5 2 0 0;7 5 0 0 0;7 5 1 0 0;	2731.95746	9	35.03682	45.71542	15.20513	7	0.03555	6.77564	0.22857	0.70000	0.00000	0	0	15.20513	16.99217	36.73604	3.91625179814806e-17	0.0	3.91625179814806e-17	sp|P02787|TRFE_HUMAN	630
2020111CXY-6.16756.16756.3.0.dta	2020111CXY-6.16756.16756.3.0.dta	2020111CXY-6	16756	4660.87629	3708.69113	1236.90189	3	1	VVLHPJYSQVDIGLIK		1795.01124	5 4 1 0 0	(N(N(H(H(N(H)))(H(N(H(A)))))))	380	0 1 0 0 0;0 2 0 0 0;1 2 0 0 0;2 2 0 0 0;2 3 0 0 0;3 2 0 0 0;3 3 0 0 0;3 3 1 0 0;3 4 0 0 0;4 3 0 0 0;4 3 1 0 0;4 4 0 0 0;4 4 1 0 0;5 4 0 0 0;	1913.67702	6	23.10308	19.25300	30.25323	7	0.00287	0.77264	0.62500	0.50000	0.00000	0	0	30.25323	10.81659	24.18474	1.8848219547282582e-37	0.0	1.8848219547282582e-37	sp|P00738|HPT_HUMAN	241
2020111CXY-6.10117.10117.3.0.dta	2020111CXY-6.10117.10117.3.0.dta	2020111CXY-6	10117	2693.93798	3881.58463	1294.53306	3	1	VTACHSSQPJATLYK	4,Carbamidomethyl[C];	1676.80607	5 4 2 0 0	(N(N(H(H(N(H(A))))(H(N(H(A)))))))	754	0 1 0 0 0;0 2 0 0 0;1 2 0 0 0;2 2 0 0 0;2 3 0 0 0;3 2 0 0 0;3 3 0 0 0;3 3 1 0 0;3 4 0 0 0;4 3 0 0 0;4 3 1 0 0;4 4 0 0 0;4 4 1 0 0;5 4 0 0 0;5 4 1 0 0;	2204.77244	10	46.15390	39.01581	59.41035	7	0.00611	1.57512	0.82353	0.64286	0.00000	0	0	59.41035	12.59335	47.41324	5.5021282695274e-79	0.0	5.5021282695274e-79	sp|P05543|THBG_HUMAN	36
2020111CXY-6.6027.6027.2.0.dta	2020111CXY-6.6027.6027.2.0.dta	2020111CXY-6	6027	1593.52537	2691.07000	1346.03864	2	1	EEQYJSTYR		1189.51199	3 5 0 0 0	(N(N(H(N)(H(N)(N(H))))))	106	0 1 0 0 0;0 2 0 0 0;1 2 0 0 0;1 3 0 0 0;2 2 0 0 0;2 3 0 0 0;2 4 0 0 0;2 5 0 0 0;3 3 0 0 0;3 4 0 0 0;	1501.55533	5	55.48683	65.11015	37.61494	6	0.00268	0.99639	0.66667	1.12500	0.00000	0	0	37.61494	15.48606	57.03544	6.147521840371821e-48	0.0	6.147521840371821e-48	sp|P01857|IGHG1_HUMAN	180
2020111CXY-6.11485.11485.3.0.dta	2020111CXY-6.11485.11485.3.0.dta	2020111CXY-6	11485	3063.39897	3383.42629	1128.48028	3	1	TPLTAJITK		958.55677	6 5 1 1 0	(N(F)(N(H(H(N(H(A))))(H(N(H))(N(H))))))	1095	0 1 0 0 0;0 1 0 1 0;0 2 0 0 0;0 2 0 1 0;1 2 0 0 0;1 2 0 1 0;2 2 0 0 0;2 2 0 1 0;2 3 0 0 0;2 3 0 1 0;2 4 0 0 0;2 4 0 1 0;3 2 0 0 0;3 2 0 1 0;3 3 0 0 0;3 3 0 1 0;3 3 1 0 0;3 3 1 1 0;3 4 0 0 0;3 4 0 1 0;3 5 0 0 0;3 5 0 1 0;4 3 0 0 0;4 3 0 1 0;4 3 1 0 0;4 3 1 1 0;4 4 0 0 0;4 4 0 1 0;4 4 1 0 0;4 4 1 1 0;4 5 0 0 0;4 5 0 1 0;4 5 1 0 0;4 5 1 1 0;5 4 0 0 0;5 4 0 1 0;5 4 1 0 0;5 4 1 1 0;5 5 0 0 0;5 5 0 1 0;5 5 1 0 0;5 5 1 1 0;6 5 0 0 0;6 5 0 1 0;6 5 1 0 0;	2424.86713	6	7.04823	8.92555	3.56177	5	0.00239	0.70512	0.14894	0.43750	0.00000	0	0	3.56177	8.03016	7.85125	0.0005888979071298338	0.006276150627615063	0.006276150627615063	sp|P01877|IGHA2_HUMAN	205
2020111CXY-6.16561.16561.3.0.dta	2020111CXY-6.16561.16561.3.0.dta	2020111CXY-6	16561	4608.49231	3390.43130	1130.81528	3	1	CGLVPVLAENYJK	1,Carbamidomethyl[C];	1476.75152	5 4 1 0 0	(N(N(H(H(N(H)))(H(N(H(A)))))))	380	0 1 0 0 0;0 2 0 0 0;1 2 0 0 0;2 2 0 0 0;2 3 0 0 0;3 2 0 0 0;3 3 0 0 0;3 3 1 0 0;3 4 0 0 0;4 3 0 0 0;4 3 1 0 0;4 4 0 0 0;4 4 1 0 0;5 4 0 0 0;	1913.67702	12	16.33389	23.85852	2.35956	3	0.00276	0.81273	0.25000	0.58333	0.00000	0	0	2.35956	9.63366	17.29726	0.003256919234602168	0.0	0.003256919234602168	sp|P02787|TRFE_HUMAN	432
2020111CXY-6.9921.9921.2.0.dta	2020111CXY-6.9921.9921.2.0.dta	2020111CXY-6	9921	2641.01340	2602.05903	1301.53316	2	1	EEQFJSTFR		1157.52218	3 4 0 1 0	(N(F)(N(H(H(N)(N(H))))))	86	0 1 0 0 0;0 1 0 1 0;0 2 0 0 0;0 2 0 1 0;1 2 0 0 0;1 2 0 1 0;2 2 0 0 0;2 2 0 1 0;2 3 0 0 0;2 3 0 1 0;2 4 0 0 0;2 4 0 1 0;3 3 0 0 0;3 3 0 1 0;3 4 0 0 0;	1444.53387	5	21.44411	16.86320	29.95151	8	0.00299	1.14797	0.47059	0.68750	0.00000	0	0	29.95151	10.45921	22.49003	3.973880279933507e-37	0.0	3.973880279933507e-37	sp|P01859|IGHG2_HUMAN	176
2020111CXY-6.9343.9343.3.0.dta	2020111CXY-6.9343.9343.3.0.dta	2020111CXY-6	9343	2485.47383	2926.16542	976.05999	3	1	EEQFJSTFR		1157.52218	5 4 0 1 0	(N(F)(N(H(H(N(H)))(H(N(H))))))	267	0 1 0 0 0;0 1 0 1 0;0 2 0 0 0;0 2 0 1 0;1 2 0 0 0;1 2 0 1 0;2 2 0 0 0;2 2 0 1 0;2 3 0 0 0;2 3 0 1 0;3 2 0 0 0;3 2 0 1 0;3 3 0 0 0;3 3 0 1 0;3 4 0 0 0;3 4 0 1 0;4 3 0 0 0;4 3 0 1 0;4 4 0 0 0;4 4 0 1 0;5 4 0 0 0;	1768.63952	5	36.99532	35.34525	40.05974	8	0.00372	1.27273	0.56522	0.87500	0.00000	0	0	40.05974	11.08223	38.10354	2.820182996760121e-51	0.0	2.820182996760121e-51	sp|P01859|IGHG2_HUMAN	176
2020111CXY-6.17922.17922.3.0.dta	2020111CXY-6.17922.17922.3.0.dta	2020111CXY-6	17922	4973.66557	4063.68604	1355.23353	3	1	CGLVPVLAENYJK	1,Carbamidomethyl[C];	1476.75152	7 5 1 1 0	(N(N(H(N)(H(H)(H))(H(N(H)(F))(N(H(A)))))))	1369	0 1 0 0 0;0 2 0 0 0;1 2 0 0 0;1 3 0 0 0;2 2 0 0 0;2 3 0 0 0;2 3 0 1 0;2 4 0 0 0;2 4 0 1 0;2 5 0 0 0;2 5 0 1 0;3 2 0 0 0;3 3 0 0 0;3 3 0 1 0;3 3 1 0 0;3 4 0 0 0;3 4 0 1 0;3 4 1 0 0;3 4 1 1 0;3 5 0 0 0;3 5 0 1 0;3 5 1 0 0;3 5 1 1 0;4 2 0 0 0;4 3 0 0 0;4 3 0 1 0;4 3 1 0 0;4 4 0 0 0;4 4 0 1 0;4 4 1 0 0;4 4 1 1 0;4 5 0 0 0;4 5 0 1 0;4 5 1 0 0;4 5 1 1 0;5 2 0 0 0;5 3 0 0 0;5 3 0 1 0;5 3 1 0 0;5 4 0 0 0;5 4 0 1 0;5 4 1 0 0;5 4 1 1 0;5 5 0 0 0;5 5 0 1 0;5 5 1 0 0;5 5 1 1 0;6 3 0 0 0;6 3 0 1 0;6 3 1 0 0;6 4 0 0 0;6 4 0 1 0;6 4 1 0 0;6 4 1 1 0;6 5 0 0 0;6 5 0 1 0;6 5 1 0 0;6 5 1 1 0;7 4 0 0 0;7 4 0 1 0;7 4 1 0 0;7 4 1 1 0;7 5 0 0 0;7 5 0 1 0;7 5 1 0 0;	2586.91995	12	10.08351	14.88359	1.16909	3	0.01457	3.58573	0.08955	0.50000	0.00000	0	0	1.16909	8.13085	10.89660	0.008060524508671823	0.004250797024442083	0.009238695434380315	sp|P02787|TRFE_HUMAN	432
2020111CXY-6.10054.10054.3.0.dta	2020111CXY-6.10054.10054.3.0.dta	2020111CXY-6	10054	2677.11816	3155.35710	1052.45722	3	1	FVEGSHJSTVSLTTK		1606.80713	4 3 1 0 0	(N(N(H(H)(H(N(H(A)))))))	126	0 1 0 0 0;0 2 0 0 0;1 2 0 0 0;2 2 0 0 0;2 3 0 0 0;3 2 0 0 0;3 3 0 0 0;3 3 1 0 0;4 3 0 0 0;	1548.54483	7	16.89860	10.18625	29.36439	7	0.00514	1.62944	0.81818	0.42857	0.00000	0	0	29.36439	8.35401	17.73400	3.723272626450725e-36	0.0032258064516129032	0.0032258064516129032	sp|P04114|APOB_HUMAN	3411
2020111CXY-6.5329.5329.3.0.dta	2020111CXY-6.5329.5329.3.0.dta	2020111CXY-6	5329	1407.09330	2941.15920	981.05792	3	1	LSSJSTK		736.38356	5 4 2 0 0	(N(N(H(H(N(H(A))))(H(N(H(A)))))))	754	0 1 0 0 0;0 2 0 0 0;1 2 0 0 0;2 2 0 0 0;2 3 0 0 0;3 2 0 0 0;3 3 0 0 0;3 3 1 0 0;3 4 0 0 0;4 3 0 0 0;4 3 1 0 0;4 4 0 0 0;4 4 1 0 0;5 4 0 0 0;5 4 1 0 0;	2204.77244	4	57.78182	62.53128	48.96139	7	0.00320	1.08834	0.64706	1.33333	0.00000	0	0	48.96139	14.72522	59.25434	9.78420959007698e-64	0.0	9.78420959007698e-64	sp|P13671|CO6_HUMAN	855
2020111CXY-6.16497.16497.4.0.dta	2020111CXY-6.16497.16497.4.0.dta	2020111CXY-6	16497	4591.23357	4428.80804	1107.95747	4	1	QQQHLFGSJVTDCSGJFCLFR	13,Carbamidomethyl[C];18,Carbamidomethyl[C];	2515.12414	5 4 1 0 0	(N(N(H(H(N(H)))(H(N(H(A)))))))	380	0 1 0 0 0;0 2 0 0 0;1 2 0 0 0;2 2 0 0 0;2 3 0 0 0;3 2 0 0 0;3 3 0 0 0;3 3 1 0 0;3 4 0 0 0;4 3 0 0 0;4 3 1 0 0;4 4 0 0 0;4 4 1 0 0;5 4 0 0 0;	1913.67702	9	38.38312	48.99179	18.68129	6	0.00688	1.55358	0.50000	0.72500	0.00000	0	0	18.68129	18.91970	40.27509	1.0985835718900382e-21	0.0	1.0985835718900382e-21	sp|P02787|TRFE_HUMAN	630
2020111CXY-6.15397.15397.3.0.dta	2020111CXY-6.15397.15397.3.0.dta	2020111CXY-6	15397	4293.56846	3318.34754	1106.78736	3	1	SWPAVGJCSSALR	8,Carbamidomethyl[C];	1404.66886	5 4 1 0 0	(N(N(H(H(N(H)))(H(N(H(A)))))))	380	0 1 0 0 0;0 2 0 0 0;1 2 0 0 0;2 2 0 0 0;2 3 0 0 0;3 2 0 0 0;3 3 0 0 0;3 3 1 0 0;3 4 0 0 0;4 3 0 0 0;4 3 1 0 0;4 4 0 0 0;4 4 1 0 0;5 4 0 0 0;	1913.67702	7	22.24856	23.79387	19.37871	6	0.00165	0.49859	0.50000	0.58333	0.00000	0	0	19.37871	10.08357	23.25692	1.0769470713590222e-22	0.0	1.0769470713590222e-22	sp|P02790|HEMO_HUMAN	187
2020111CXY-6.7630.7630.3.0.dta	2020111CXY-6.7630.7630.3.0.dta	2020111CXY-6	7630	2024.10978	3103.19343	1035.06933	3	1	EEQYJSTYR		1189.51199	5 4 1 0 0	(N(N(H(H(N(H)))(H(N(H(A)))))))	380	0 1 0 0 0;0 2 0 0 0;1 2 0 0 0;2 2 0 0 0;2 3 0 0 0;3 2 0 0 0;3 3 0 0 0;3 3 1 0 0;3 4 0 0 0;4 3 0 0 0;4 3 1 0 0;4 4 0 0 0;4 4 1 0 0;5 4 0 0 0;	1913.67702	5	39.55461	40.03777	38.65732	7	0.00441	1.42192	0.62500	0.81250	0.00000	0	0	38.65732	11.04551	40.65916	3.641036300908982e-49	0.0	3.641036300908982e-49	sp|P01857|IGHG1_HUMAN	180
2020111CXY-6.6808.6808.3.0.dta	2020111CXY-6.6808.6808.3.0.dta	2020111CXY-6	6808	1803.11970	3001.21805	1001.07753	3	1	GHVJITR		796.44241	5 4 2 0 0	(N(N(H(H(N(H(A))))(H(N(H(A)))))))	754	0 1 0 0 0;0 2 0 0 0;1 2 0 0 0;2 2 0 0 0;2 3 0 0 0;3 2 0 0 0;3 3 0 0 0;3 3 1 0 0;3 4 0 0 0;4 3 0 0 0;4 3 1 0 0;4 4 0 0 0;4 4 1 0 0;5 4 0 0 0;5 4 1 0 0;	2204.77244	4	42.55343	26.18490	72.95212	7	0.00319	1.06456	0.82353	0.91667	0.00000	0	0	72.95212	10.96642	43.65007	1.818299069376938e-98	0.0	1.818299069376938e-98	sp|P00734|THRB_HUMAN	121
2020111CXY-6.9813.9813.2.0.dta	2020111CXY-6.9813.9813.2.0.dta	2020111CXY-6	9813	2611.96433	2764.11166	1382.55947	2	1	EEQFJSTFR		1157.52218	4 4 0 1 0	(N(F)(N(H(H(N(H))(N(H))))))	166	0 1 0 0 0;0 1 0 1 0;0 2 0 0 0;0 2 0 1 0;1 2 0 0 0;1 2 0 1 0;2 2 0 0 0;2 2 0 1 0;2 3 0 0 0;2 3 0 1 0;2 4 0 0 0;2 4 0 1 0;3 3 0 0 0;3 3 0 1 0;3 4 0 0 0;3 4 0 1 0;4 4 0 0 0;	1606.58669	5	19.10442	14.99094	26.74375	8	0.00279	1.00996	0.42105	0.62500	0.00000	0	0	26.74375	10.00406	20.10483	1.568360180136094e-32	0.0	1.568360180136094e-32	sp|P01859|IGHG2_HUMAN	176
2020111CXY-6.8937.8937.2.0.dta	2020111CXY-6.8937.8937.2.0.dta	2020111CXY-6	8937	2376.03155	2727.20025	1364.10376	2	1	TPLTAJITK		958.55677	5 4 0 1 0	(N(F)(N(H(H(N(H)))(H(N(H))))))	267	0 1 0 0 0;0 1 0 1 0;0 2 0 0 0;0 2 0 1 0;1 2 0 0 0;1 2 0 1 0;2 2 0 0 0;2 2 0 1 0;2 3 0 0 0;2 3 0 1 0;3 2 0 0 0;3 2 0 1 0;3 3 0 0 0;3 3 0 1 0;3 4 0 0 0;3 4 0 1 0;4 3 0 0 0;4 3 0 1 0;4 4 0 0 0;4 4 0 1 0;5 4 0 0 0;	1768.63952	6	68.00868	85.16222	36.15213	8	0.00396	1.45065	0.52174	1.31250	0.00000	0	0	36.15213	17.50714	69.75939	9.583758708930929e-46	0.0	9.583758708930929e-46	sp|P01877|IGHA2_HUMAN	205
2020111CXY-6.10230.10230.2.0.dta	2020111CXY-6.10230.10230.2.0.dta	2020111CXY-6	10230	2724.36611	2969.18080	1485.09404	2	1	DTFVJASR		909.44247	5 4 1 1 0	(N(F)(N(H(H(N(H)))(H(N(H(A)))))))	549	0 1 0 0 0;0 1 0 1 0;0 2 0 0 0;0 2 0 1 0;1 2 0 0 0;1 2 0 1 0;2 2 0 0 0;2 2 0 1 0;2 3 0 0 0;2 3 0 1 0;3 2 0 0 0;3 2 0 1 0;3 3 0 0 0;3 3 0 1 0;3 3 1 0 0;3 3 1 1 0;3 4 0 0 0;3 4 0 1 0;4 3 0 0 0;4 3 0 1 0;4 3 1 0 0;4 3 1 1 0;4 4 0 0 0;4 4 0 1 0;4 4 1 0 0;4 4 1 1 0;5 4 0 0 0;5 4 0 1 0;5 4 1 0 0;	2059.73493	5	19.04869	20.02907	17.22800	8	0.00340	1.14533	0.32258	0.71429	0.00000	0	0	17.22800	10.16135	20.06483	9.765940791185583e-20	0.0	9.765940791185583e-20	sp|P05155|IC1_HUMAN	238
2020111CXY-6.9758.9758.2.0.dta	2020111CXY-6.9758.9758.2.0.dta	2020111CXY-6	9758	2596.83192	2602.05927	1301.53327	2	1	EEQFJSTFR		1157.52218	3 4 0 1 0	(N(F)(N(H(H(N))(H(N)))))	95	0 1 0 0 0;0 1 0 1 0;0 2 0 0 0;0 2 0 1 0;1 2 0 0 0;1 2 0 1 0;2 2 0 0 0;2 2 0 1 0;2 3 0 0 0;2 3 0 1 0;3 2 0 0 0;3 2 0 1 0;3 3 0 0 0;3 3 0 1 0;3 4 0 0 0;	1444.53387	5	37.85332	33.64645	45.66607	9	0.00322	1.23713	0.58824	0.87500	0.00000	0	0	45.66607	12.03862	39.05718	3.7721676356213945e-59	0.0	3.7721676356213945e-59	sp|P01859|IGHG2_HUMAN	176
2020111CXY-6.8610.8610.3.0.dta	2020111CXY-6.8610.8610.3.0.dta	2020111CXY-6	8610	2287.43833	3485.38532	1162.46662	3	1	JHSCEPCQTLAVR	4,Carbamidomethyl[C];7,Carbamidomethyl[C];	1571.70532	5 4 1 0 0	(N(N(H(H(N(H)))(H(N(H(A)))))))	380	0 1 0 0 0;0 2 0 0 0;1 2 0 0 0;2 2 0 0 0;2 3 0 0 0;3 2 0 0 0;3 3 0 0 0;3 3 1 0 0;3 4 0 0 0;4 3 0 0 0;4 3 1 0 0;4 4 0 0 0;4 4 1 0 0;5 4 0 0 0;	1913.67702	1	32.52214	30.06391	37.08741	7	0.00297	0.85227	0.62500	0.79167	0.00000	0	0	37.08741	11.23528	33.64567	4.411348184910273e-47	0.0	4.411348184910273e-47	sp|P00748|FA12_HUMAN	433
2020111CXY-6.18815.18815.3.0.dta	2020111CXY-6.18815.18815.3.0.dta	2020111CXY-6	18815	5214.06541	4468.87702	1490.29719	3	1	ALPQPQJVTSLLGCTH	14,Carbamidomethyl[C];	1735.87958	7 5 1 2 0	(N(N(H(N)(H(H)(H))(H(N(H)(F))(N(F)(H(A)))))))	1610	0 1 0 0 0;0 2 0 0 0;1 2 0 0 0;1 3 0 0 0;2 2 0 0 0;2 3 0 0 0;2 3 0 1 0;2 4 0 0 0;2 4 0 1 0;2 4 0 2 0;2 5 0 0 0;2 5 0 1 0;2 5 0 2 0;3 2 0 0 0;3 3 0 0 0;3 3 0 1 0;3 3 1 0 0;3 3 1 1 0;3 4 0 0 0;3 4 0 1 0;3 4 0 2 0;3 4 1 0 0;3 4 1 1 0;3 4 1 2 0;3 5 0 0 0;3 5 0 1 0;3 5 0 2 0;3 5 1 0 0;3 5 1 1 0;3 5 1 2 0;4 2 0 0 0;4 3 0 0 0;4 3 0 1 0;4 3 1 0 0;4 3 1 1 0;4 4 0 0 0;4 4 0 1 0;4 4 0 2 0;4 4 1 0 0;4 4 1 1 0;4 4 1 2 0;4 5 0 0 0;4 5 0 1 0;4 5 0 2 0;4 5 1 0 0;4 5 1 1 0;4 5 1 2 0;5 2 0 0 0;5 3 0 0 0;5 3 0 1 0;5 3 1 0 0;5 3 1 1 0;5 4 0 0 0;5 4 0 1 0;5 4 0 2 0;5 4 1 0 0;5 4 1 1 0;5 4 1 2 0;5 5 0 0 0;5 5 0 1 0;5 5 0 2 0;5 5 1 0 0;5 5 1 1 0;5 5 1 2 0;6 3 0 0 0;6 3 0 1 0;6 3 1 0 0;6 3 1 1 0;6 4 0 0 0;6 4 0 1 0;6 4 0 2 0;6 4 1 0 0;6 4 1 1 0;6 4 1 2 0;6 5 0 0 0;6 5 0 1 0;6 5 0 2 0;6 5 1 0 0;6 5 1 1 0;6 5 1 2 0;7 4 0 0 0;7 4 0 1 0;7 4 0 2 0;7 4 1 0 0;7 4 1 1 0;7 4 1 2 0;7 5 0 0 0;7 5 0 1 0;7 5 0 2 0;7 5 1 0 0;7 5 1 1 0;	2732.97786	7	49.21045	69.65011	11.25107	6	0.01958	4.38152	0.13978	0.96667	0.00000	0	0	11.25107	17.82405	50.99286	5.3363609697762775e-12	0.0	5.3363609697762775e-12	sp|P02790|HEMO_HUMAN	453
2020111CXY-6.6731.6731.2.0.dta	2020111CXY-6.6731.6731.2.0.dta	2020111CXY-6	6731	1782.43262	3001.21820	1501.11274	2	1	GHVJITR		796.44241	5 4 2 0 0	(N(N(H(H(N(H(A))))(H(N(H(A)))))))	754	0 1 0 0 0;0 2 0 0 0;1 2 0 0 0;2 2 0 0 0;2 3 0 0 0;3 2 0 0 0;3 3 0 0 0;3 3 1 0 0;3 4 0 0 0;4 3 0 0 0;4 3 1 0 0;4 4 0 0 0;4 4 1 0 0;5 4 0 0 0;5 4 1 0 0;	2204.77244	4	46.38412	29.21478	78.27003	7	0.00335	1.11620	0.94118	0.91667	0.00000	0	0	78.27003	11.70706	47.55483	6.746670168978728e-106	0.0	6.746670168978728e-106	sp|P00734|THRB_HUMAN	121
2020111CXY-6.16514.16514.4.1.dta	2020111CXY-6.16514.16514.4.1.dta	2020111CXY-6	16514	4595.68649	3745.68232	937.17604	4	1	VDKDLQSLEDILHQVEJK		2123.09789	5 4 0 0 0	(N(N(H(H(N(H)))(H(N(H))))))	175	0 1 0 0 0;0 2 0 0 0;1 2 0 0 0;2 2 0 0 0;2 3 0 0 0;3 2 0 0 0;3 3 0 0 0;3 4 0 0 0;4 3 0 0 0;4 4 0 0 0;	1622.58161	17	65.72381	71.55837	54.88821	7	0.00283	0.75501	0.83333	0.82353	0.00000	0	0	54.88821	16.66781	67.39059	2.1477417009172889e-72	0.0	2.1477417009172889e-72	sp|P02679|FIBG_HUMAN	78
2020111CXY-6.6208.6208.3.0.dta	2020111CXY-6.6208.6208.3.0.dta	2020111CXY-6	6208	1641.28705	3161.23264	1054.41573	3	1	EEQYJSTYR		1189.51199	5 5 0 1 0	(N(F)(N(H(N)(H(N(H)))(H(N(H))))))	459	0 1 0 0 0;0 1 0 1 0;0 2 0 0 0;0 2 0 1 0;1 2 0 0 0;1 2 0 1 0;1 3 0 0 0;1 3 0 1 0;2 2 0 0 0;2 2 0 1 0;2 3 0 0 0;2 3 0 1 0;2 4 0 0 0;2 4 0 1 0;3 2 0 0 0;3 2 0 1 0;3 3 0 0 0;3 3 0 1 0;3 4 0 0 0;3 4 0 1 0;3 5 0 0 0;3 5 0 1 0;4 3 0 0 0;4 3 0 1 0;4 4 0 0 0;4 4 0 1 0;4 5 0 0 0;4 5 0 1 0;5 4 0 0 0;5 4 0 1 0;5 5 0 0 0;	1971.71889	5	49.80509	53.64978	42.66496	9	0.00176	0.55759	0.45455	1.06250	0.00000	0	0	42.66496	12.78073	51.08316	5.389095559759271e-55	0.0	5.389095559759271e-55	sp|P01857|IGHG1_HUMAN	180
2020111CXY-6.5060.5060.3.0.dta	2020111CXY-6.5060.5060.3.0.dta	2020111CXY-6	5060	1334.78623	2710.12233	904.04563	3	1	GHVJITR		796.44241	5 4 1 0 0	(N(N(H(H(N(H)))(H(N(H(A)))))))	380	0 1 0 0 0;0 2 0 0 0;1 2 0 0 0;2 2 0 0 0;2 3 0 0 0;3 2 0 0 0;3 3 0 0 0;3 3 1 0 0;3 4 0 0 0;4 3 0 0 0;4 3 1 0 0;4 4 0 0 0;4 4 1 0 0;5 4 0 0 0;	1913.67702	4	48.27885	32.59739	77.40156	7	0.00290	1.06877	0.87500	0.91667	0.00000	0	0	77.40156	10.91522	49.37037	1.2825504438321183e-104	0.0	1.2825504438321183e-104	sp|P00734|THRB_HUMAN	121
2020111CXY-6.18161.18161.3.0.dta	2020111CXY-6.18161.18161.3.0.dta	2020111CXY-6	18161	5037.92230	4114.66326	1372.22594	3	1	GTAGNALMDGASQLMGEJR		1892.85892	6 4 1 1 0	(N(N(H(H(N(H(H))))(H(N(F)(H(A)))))))	783	0 1 0 0 0;0 2 0 0 0;1 2 0 0 0;2 2 0 0 0;2 3 0 0 0;2 3 0 1 0;3 2 0 0 0;3 3 0 0 0;3 3 0 1 0;3 3 1 0 0;3 3 1 1 0;3 4 0 0 0;3 4 0 1 0;4 3 0 0 0;4 3 0 1 0;4 3 1 0 0;4 3 1 1 0;4 4 0 0 0;4 4 0 1 0;4 4 1 0 0;4 4 1 1 0;5 3 0 0 0;5 4 0 0 0;5 4 0 1 0;5 4 1 0 0;5 4 1 1 0;6 4 0 0 0;6 4 0 1 0;6 4 1 0 0;	2221.78776	18	45.59648	55.38516	27.41749	7	0.01658	4.03028	0.32258	0.63889	0.00000	0	0	27.41749	15.36696	47.13318	2.123053964545885e-33	0.0	2.123053964545885e-33	sp|P02675|FIBB_HUMAN	394
2020111CXY-6.12888.12888.5.0.dta	2020111CXY-6.12888.12888.5.0.dta	2020111CXY-6	12888	3460.25634	4916.04409	984.01464	5	1	YPHKPEIJSTTHPGADLQEJFCR	22,Carbamidomethyl[C];	2711.26307	5 4 2 0 0	(N(N(H(H(N(H(A))))(H(N(H(A)))))))	754	0 1 0 0 0;0 2 0 0 0;1 2 0 0 0;2 2 0 0 0;2 3 0 0 0;3 2 0 0 0;3 3 0 0 0;3 3 1 0 0;3 4 0 0 0;4 3 0 0 0;4 3 1 0 0;4 4 0 0 0;4 4 1 0 0;5 4 0 0 0;5 4 1 0 0;	2204.77244	8	44.09589	48.67662	35.58882	7	0.00858	1.74510	0.52941	0.61364	0.00000	0	0	35.58882	13.98220	45.49411	5.112847263316404e-45	0.0	5.112847263316404e-45	sp|P00734|THRB_HUMAN	143
2020111CXY-6.16188.16188.3.0.dta	2020111CXY-6.16188.16188.3.0.dta	2020111CXY-6	16188	4507.87411	4763.94748	1588.65401	3	1	GLTFQQJASSMCVPDQDTAIR	12,Carbamidomethyl[C];	2339.07546	6 5 1 1 0	(N(N(H(H(N(H)(F)))(H(N(H(N(H(A)))))))))	1090	0 1 0 0 0;0 2 0 0 0;1 2 0 0 0;2 2 0 0 0;2 3 0 0 0;2 3 0 1 0;3 2 0 0 0;3 3 0 0 0;3 3 0 1 0;3 4 0 0 0;3 4 0 1 0;4 3 0 0 0;4 3 0 1 0;4 4 0 0 0;4 4 0 1 0;4 4 1 0 0;4 5 0 0 0;4 5 0 1 0;5 4 0 0 0;5 4 0 1 0;5 4 1 0 0;5 5 0 0 0;5 5 0 1 0;5 5 1 0 0;5 5 1 1 0;6 5 0 0 0;6 5 0 1 0;6 5 1 0 0;	2424.86713	7	21.43742	31.84089	2.11669	4	0.00489	1.02724	0.13333	0.65000	0.00000	0	0	2.11669	12.83298	22.72072	0.003798362185856725	0.0	0.003798362185856725	sp|P01871|IGHM_HUMAN	209
2020111CXY-6.6799.6799.2.0.dta	2020111CXY-6.6799.6799.2.0.dta	2020111CXY-6	6799	1800.76944	3001.21752	1501.11240	2	1	GHVJITR		796.44241	5 4 2 0 0	(N(N(H(H(N(H(A))))(H(N(H(A)))))))	754	0 1 0 0 0;0 2 0 0 0;1 2 0 0 0;2 2 0 0 0;2 3 0 0 0;3 2 0 0 0;3 3 0 0 0;3 3 1 0 0;3 4 0 0 0;4 3 0 0 0;4 3 1 0 0;4 4 0 0 0;4 4 1 0 0;5 4 0 0 0;5 4 1 0 0;	2204.77244	4	12.73426	8.73933	20.15341	6	0.00267	0.88830	0.52941	0.50000	0.00000	0	0	20.15341	8.92449	13.62671	1.3978696839467075e-23	0.0011389521640091116	0.0011389521640091116	sp|P00734|THRB_HUMAN	121
2020111CXY-6.11081.11081.3.0.dta	2020111CXY-6.11081.11081.3.0.dta	2020111CXY-6	11081	2954.31655	3338.30593	1113.44016	3	1	MDGASJVTCINSR	9,Carbamidomethyl[C];	1424.62567	5 4 1 0 0	(N(N(H(H(H))(H(N)(N(H(A)))))))	381	0 1 0 0 0;0 2 0 0 0;1 2 0 0 0;2 2 0 0 0;2 3 0 0 0;2 4 0 0 0;3 2 0 0 0;3 3 0 0 0;3 3 1 0 0;3 4 0 0 0;3 4 1 0 0;4 2 0 0 0;4 3 0 0 0;4 3 1 0 0;4 4 0 0 0;4 4 1 0 0;5 3 0 0 0;5 3 1 0 0;5 4 0 0 0;	1913.67702	6	17.08075	21.61941	8.65181	5	0.00323	0.96771	0.33333	0.66667	0.00000	0	0	8.65181	11.41784	18.22253	6.327843446869508e-09	0.0	6.327843446869508e-09	sp|P08603|CFAH_HUMAN	1029
2020111CXY-6.18413.18413.3.0.dta	2020111CXY-6.18413.18413.3.0.dta	2020111CXY-6	18413	5105.95634	4656.01589	1552.67681	3	1	VVLHPJYSQVDIGLIK		1795.01124	6 5 3 0 0	(N(N(H(H(N(H(A))))(H(N(H(A)))(N(H(A)))))))	1823	0 1 0 0 0;0 2 0 0 0;1 2 0 0 0;2 2 0 0 0;2 3 0 0 0;2 4 0 0 0;3 2 0 0 0;3 3 0 0 0;3 3 1 0 0;3 4 0 0 0;3 4 1 0 0;3 5 0 0 0;4 3 0 0 0;4 3 1 0 0;4 4 0 0 0;4 4 1 0 0;4 4 2 0 0;4 5 0 0 0;4 5 1 0 0;5 4 0 0 0;5 4 1 0 0;5 4 2 0 0;5 5 0 0 0;5 5 1 0 0;5 5 2 0 0;6 5 0 0 0;6 5 1 0 0;6 5 2 0 0;	2861.00005	6	64.60807	76.08215	43.29907	7	0.00460	0.98721	0.50000	0.96667	0.00000	0	0	43.29907	19.08853	66.51692	8.53525228084798e-56	0.0	8.53525228084798e-56	sp|P00738|HPT_HUMAN	241
2020111CXY-6.10418.10418.3.0.dta	2020111CXY-6.10418.10418.3.0.dta	2020111CXY-6	10418	2775.25430	3058.21627	1020.07694	3	1	NJLTTYK		853.44140	5 4 2 0 0	(N(N(H(H(N(H(A))))(H(N(H(A)))))))	754	0 1 0 0 0;0 2 0 0 0;1 2 0 0 0;2 2 0 0 0;2 3 0 0 0;3 2 0 0 0;3 3 0 0 0;3 3 1 0 0;3 4 0 0 0;4 3 0 0 0;4 3 1 0 0;4 4 0 0 0;4 4 1 0 0;5 4 0 0 0;5 4 1 0 0;	2204.77244	2	16.54895	17.36156	15.03982	7	0.00242	0.79294	0.41176	0.83333	0.00000	0	0	15.03982	10.25079	17.57403	6.577983602151301e-17	0.0	6.577983602151301e-17	sp|P48740|MASP1_HUMAN	385
2020111CXY-6.17734.17734.3.0.dta	2020111CXY-6.17734.17734.3.0.dta	2020111CXY-6	17734	4922.92262	3390.43120	1130.81525	3	1	CGLVPVLAENYJK	1,Carbamidomethyl[C];	1476.75152	5 4 1 0 0	(N(N(H(H(N(H)))(H(N(H(A)))))))	380	0 1 0 0 0;0 2 0 0 0;1 2 0 0 0;2 2 0 0 0;2 3 0 0 0;3 2 0 0 0;3 3 0 0 0;3 3 1 0 0;3 4 0 0 0;4 3 0 0 0;4 3 1 0 0;4 4 0 0 0;4 4 1 0 0;5 4 0 0 0;	1913.67702	12	27.52935	38.53021	7.09918	5	0.00266	0.78353	0.31250	0.79167	0.00000	0	0	7.09918	12.26162	28.75551	2.1482369244982956e-07	0.0	2.1482369244982956e-07	sp|P02787|TRFE_HUMAN	432
2020111CXY-6.5677.5677.3.0.dta	2020111CXY-6.5677.5677.3.0.dta	2020111CXY-6	5677	1500.07224	2710.12078	904.04511	3	1	GHVJITR		796.44241	5 4 1 0 0	(N(N(H(H(N(H)))(H(N(H(A)))))))	380	0 1 0 0 0;0 2 0 0 0;1 2 0 0 0;2 2 0 0 0;2 3 0 0 0;3 2 0 0 0;3 3 0 0 0;3 3 1 0 0;3 4 0 0 0;4 3 0 0 0;4 3 1 0 0;4 4 0 0 0;4 4 1 0 0;5 4 0 0 0;	1913.67702	4	21.29029	8.99310	44.12794	7	0.00135	0.49758	0.62500	0.50000	0.00000	0	0	44.12794	8.45033	22.13532	5.582992737257136e-57	0.0022002200220022	0.0022002200220022	sp|P00734|THRB_HUMAN	121
2020111CXY-6.5562.5562.3.0.dta	2020111CXY-6.5562.5562.3.0.dta	2020111CXY-6	5562	1469.51098	3709.49022	1237.16826	3	1	YKJNSDISSTR		1284.61786	6 5 1 1 0	(N(F)(N(H(H(N(H(A))))(H(N(H))(N(H))))))	1095	0 1 0 0 0;0 1 0 1 0;0 2 0 0 0;0 2 0 1 0;1 2 0 0 0;1 2 0 1 0;2 2 0 0 0;2 2 0 1 0;2 3 0 0 0;2 3 0 1 0;2 4 0 0 0;2 4 0 1 0;3 2 0 0 0;3 2 0 1 0;3 3 0 0 0;3 3 0 1 0;3 3 1 0 0;3 3 1 1 0;3 4 0 0 0;3 4 0 1 0;3 5 0 0 0;3 5 0 1 0;4 3 0 0 0;4 3 0 1 0;4 3 1 0 0;4 3 1 1 0;4 4 0 0 0;4 4 0 1 0;4 4 1 0 0;4 4 1 1 0;4 5 0 0 0;4 5 0 1 0;4 5 1 0 0;4 5 1 1 0;5 4 0 0 0;5 4 0 1 0;5 4 1 0 0;5 4 1 1 0;5 5 0 0 0;5 5 0 1 0;5 5 1 0 0;5 5 1 1 0;6 5 0 0 0;6 5 0 1 0;6 5 1 0 0;	2424.86713	3	38.35506	29.01556	55.69983	8	0.00523	1.41117	0.44681	0.85000	0.00000	0	0	55.69983	12.44817	39.59988	9.413648183565967e-74	0.0	9.413648183565967e-74	sp|P01871|IGHM_HUMAN	46
2020111CXY-6.17557.17557.3.3.dta	2020111CXY-6.17557.17557.3.3.dta	2020111CXY-6	17557	4875.46791	3649.56158	1217.19204	3	1	ALPQPQJVTSLLGCTH	14,Carbamidomethyl[C];	1735.87958	5 4 1 0 0	(N(N(H(H(N(H)))(H(N(H(A)))))))	380	0 1 0 0 0;0 2 0 0 0;1 2 0 0 0;2 2 0 0 0;2 3 0 0 0;3 2 0 0 0;3 3 0 0 0;3 3 1 0 0;3 4 0 0 0;4 3 0 0 0;4 3 1 0 0;4 4 0 0 0;4 4 1 0 0;5 4 0 0 0;	1913.67702	7	25.35086	31.74544	13.47522	5	0.00497	1.36277	0.50000	0.63333	0.00000	0	0	13.47522	13.00705	26.65156	1.0065311540436655e-14	0.0	1.0065311540436655e-14	sp|P02790|HEMO_HUMAN	453
2020111CXY-6.17557.17557.4.0.dta	2020111CXY-6.17557.17557.4.0.dta	2020111CXY-6	17557	4875.46791	4865.95850	1217.24508	4	1	QQQHLFGSJVTDCSGJFCLFR	13,Carbamidomethyl[C];18,Carbamidomethyl[C];	2515.12414	12 2 0 0 0	(N(N(H(H(H))(H(H(H(H(H))))(H(H(H(H))))))))	961	0 1 0 0 0;0 2 0 0 0;1 2 0 0 0;2 2 0 0 0;3 2 0 0 0;4 2 0 0 0;5 2 0 0 0;6 2 0 0 0;7 2 0 0 0;8 2 0 0 0;9 2 0 0 0;10 2 0 0 0;11 2 0 0 0;	2350.79263	9	34.62231	47.12536	11.40238	6	0.04173	8.57674	0.40000	0.70000	0.00000	0	0	11.40238	17.42218	36.36453	2.460593809966536e-12	0.0	2.460593809966536e-12	sp|P02787|TRFE_HUMAN	630
2020111CXY-6.16981.16981.3.1.dta	2020111CXY-6.16981.16981.3.1.dta	2020111CXY-6	16981	4721.14556	3708.69321	1236.90259	3	1	VVLHPJYSQVDIGLIK		1795.01124	5 4 1 0 0	(N(N(H(H(N(H)))(H(N(H(A)))))))	380	0 1 0 0 0;0 2 0 0 0;1 2 0 0 0;2 2 0 0 0;2 3 0 0 0;3 2 0 0 0;3 3 0 0 0;3 3 1 0 0;3 4 0 0 0;4 3 0 0 0;4 3 1 0 0;4 4 0 0 0;4 4 1 0 0;5 4 0 0 0;	1913.67702	6	8.06020	5.73651	12.37561	5	0.00494	1.33322	0.50000	0.30000	0.00000	0	0	12.37561	8.63043	8.92324	1.702421032166431e-13	0.0022002200220022	0.0022002200220022	sp|P00738|HPT_HUMAN	241
2020111CXY-6.16232.16232.3.0.dta	2020111CXY-6.16232.16232.3.0.dta	2020111CXY-6	16232	4519.72470	4593.07917	1531.69791	3	1	MVSHHJLTTGATLINEQWLLTTAK		2679.39230	5 4 1 0 0	(N(N(H(H(N(H)))(H(N(H(A)))))))	380	0 1 0 0 0;0 2 0 0 0;1 2 0 0 0;2 2 0 0 0;2 3 0 0 0;3 2 0 0 0;3 3 0 0 0;3 3 1 0 0;3 4 0 0 0;4 3 0 0 0;4 3 1 0 0;4 4 0 0 0;4 4 1 0 0;5 4 0 0 0;	1913.67702	6	46.52531	56.62820	27.76280	6	0.00984	2.14290	0.56250	0.63043	0.00000	0	0	27.76280	17.32537	48.25785	5.2948591495226824e-34	0.0	5.2948591495226824e-34	sp|P00739|HPTR_HUMAN/sp|P00738|HPT_HUMAN	126/184
2020111CXY-6.7885.7885.3.0.dta	2020111CXY-6.7885.7885.3.0.dta	2020111CXY-6	7885	2093.03629	3249.25048	1083.75501	3	1	EEQYJSTYR		1189.51199	5 4 1 1 0	(N(N(H(H(N(H)(F)))(H(N(H(A)))))))	550	0 1 0 0 0;0 2 0 0 0;1 2 0 0 0;2 2 0 0 0;2 3 0 0 0;2 3 0 1 0;3 2 0 0 0;3 3 0 0 0;3 3 0 1 0;3 3 1 0 0;3 4 0 0 0;3 4 0 1 0;4 3 0 0 0;4 3 0 1 0;4 3 1 0 0;4 4 0 0 0;4 4 0 1 0;4 4 1 0 0;4 4 1 1 0;5 4 0 0 0;5 4 0 1 0;5 4 1 0 0;	2059.73493	5	14.34730	10.88017	20.78626	7	0.00356	1.09616	0.37500	0.56250	0.00000	0	0	20.78626	8.69321	15.21662	1.83761994388124e-24	0.0011389521640091116	0.0011389521640091116	sp|P01857|IGHG1_HUMAN	180
2020111CXY-6.5264.5264.2.0.dta	2020111CXY-6.5264.5264.2.0.dta	2020111CXY-6	5264	1389.78972	3344.35481	1672.68104	2	1	YKJNSDISSTR		1284.61786	5 4 1 1 0	(N(N(H(H(N(H)(F)))(H(N(H(A)))))))	550	0 1 0 0 0;0 2 0 0 0;1 2 0 0 0;2 2 0 0 0;2 3 0 0 0;2 3 0 1 0;3 2 0 0 0;3 3 0 0 0;3 3 0 1 0;3 3 1 0 0;3 4 0 0 0;3 4 0 1 0;4 3 0 0 0;4 3 0 1 0;4 3 1 0 0;4 4 0 0 0;4 4 0 1 0;4 4 1 0 0;4 4 1 1 0;5 4 0 0 0;5 4 0 1 0;5 4 1 0 0;	2059.73493	3	59.74571	50.55446	76.81518	7	0.00202	0.60361	0.75000	1.10000	0.00000	0	0	76.81518	15.77977	61.32369	4.3074118860425033e-104	0.0	4.3074118860425033e-104	sp|P01871|IGHM_HUMAN	46
2020111CXY-6.11471.11471.3.0.dta	2020111CXY-6.11471.11471.3.0.dta	2020111CXY-6	11471	3059.59250	3243.35082	1081.78846	3	1	JQTSLLGEPPK		1183.63173	5 4 1 1 0	(N(F)(N(H(H(N(H)))(H(N(H(A)))))))	549	0 1 0 0 0;0 1 0 1 0;0 2 0 0 0;0 2 0 1 0;1 2 0 0 0;1 2 0 1 0;2 2 0 0 0;2 2 0 1 0;2 3 0 0 0;2 3 0 1 0;3 2 0 0 0;3 2 0 1 0;3 3 0 0 0;3 3 0 1 0;3 3 1 0 0;3 3 1 1 0;3 4 0 0 0;3 4 0 1 0;4 3 0 0 0;4 3 0 1 0;4 3 1 0 0;4 3 1 1 0;4 4 0 0 0;4 4 0 1 0;4 4 1 0 0;4 4 1 1 0;5 4 0 0 0;5 4 0 1 0;5 4 1 0 0;	2059.73493	1	9.69996	9.76564	9.57800	4	-0.01584	-4.88270	0.38710	0.50000	0.00000	0	0	9.57800	8.76223	10.57618	4.1397568689303914e-10	0.0011389521640091116	0.0011389521640091116	sp|Q9HCJ3|RAVR2_HUMAN	565
2020111CXY-6.11471.11471.3.1.dta	2020111CXY-6.11471.11471.3.1.dta	2020111CXY-6	11471	3059.59250	3238.39995	1080.13817	3	1	TPLTAJITK		958.55677	6 5 0 2 0	(N(F)(N(H(H(N(H)))(H(N(H(N(H)(F))))))))	867	0 1 0 0 0;0 1 0 1 0;0 2 0 0 0;0 2 0 1 0;1 2 0 0 0;1 2 0 1 0;2 2 0 0 0;2 2 0 1 0;2 3 0 0 0;2 3 0 1 0;3 2 0 0 0;3 2 0 1 0;3 3 0 0 0;3 3 0 1 0;3 4 0 0 0;3 4 0 1 0;3 4 0 2 0;4 3 0 0 0;4 3 0 1 0;4 4 0 0 0;4 4 0 1 0;4 4 0 2 0;4 5 0 0 0;4 5 0 1 0;4 5 0 2 0;5 4 0 0 0;5 4 0 1 0;5 4 0 2 0;5 5 0 0 0;5 5 0 1 0;5 5 0 2 0;6 5 0 0 0;6 5 0 1 0;	2279.82962	6	63.80435	86.28569	22.05331	7	0.01355	4.18461	0.34286	1.31250	0.00000	0	0	22.05331	17.78457	65.58281	2.8345436632894746e-26	0.0	2.8345436632894746e-26	sp|P01877|IGHA2_HUMAN	205
2020111CXY-6.5885.5885.2.0.dta	2020111CXY-6.5885.5885.2.0.dta	2020111CXY-6	5885	1556.34629	2958.15431	1479.58080	2	1	EEQYJSTYR		1189.51199	5 4 0 1 0	(N(F)(N(H(H(N(H)))(H(N(H))))))	267	0 1 0 0 0;0 1 0 1 0;0 2 0 0 0;0 2 0 1 0;1 2 0 0 0;1 2 0 1 0;2 2 0 0 0;2 2 0 1 0;2 3 0 0 0;2 3 0 1 0;3 2 0 0 0;3 2 0 1 0;3 3 0 0 0;3 3 0 1 0;3 4 0 0 0;3 4 0 1 0;4 3 0 0 0;4 3 0 1 0;4 4 0 0 0;4 4 0 1 0;5 4 0 0 0;	1768.63952	5	28.82765	22.82546	39.97456	9	0.00281	0.94931	0.56522	0.75000	0.00000	0	0	39.97456	11.07894	29.93554	4.0336394743558473e-51	0.0	4.0336394743558473e-51	sp|P01857|IGHG1_HUMAN	180
2020111CXY-6.10603.10603.3.0.dta	2020111CXY-6.10603.10603.3.0.dta	2020111CXY-6	10603	2825.73074	3152.21948	1051.41134	3	1	EDALJETR		947.44286	5 4 2 0 0	(N(N(H(H(N(H(A))))(H(N(H(A)))))))	754	0 1 0 0 0;0 2 0 0 0;1 2 0 0 0;2 2 0 0 0;2 3 0 0 0;3 2 0 0 0;3 3 0 0 0;3 3 1 0 0;3 4 0 0 0;4 3 0 0 0;4 3 1 0 0;4 4 0 0 0;4 4 1 0 0;5 4 0 0 0;5 4 1 0 0;	2204.77244	5	23.07957	14.22708	39.51992	7	0.00418	1.32541	0.58824	0.57143	0.00000	0	0	39.51992	8.89314	23.96888	2.3267249041590814e-50	0.0011389521640091116	0.0011389521640091116	sp|P10909|CLUS_HUMAN	86
2020111CXY-6.6564.6564.3.0.dta	2020111CXY-6.6564.6564.3.0.dta	2020111CXY-6	6564	1737.38844	3692.47351	1231.49602	3	1	YKJNSDISSTR		1284.61786	5 5 2 0 0	(N(N(H(N)(H(N(H(A))))(H(N(H(A)))))))	1053	0 1 0 0 0;0 2 0 0 0;1 2 0 0 0;1 3 0 0 0;2 2 0 0 0;2 3 0 0 0;2 4 0 0 0;3 2 0 0 0;3 3 0 0 0;3 3 1 0 0;3 4 0 0 0;3 4 1 0 0;3 5 0 0 0;4 3 0 0 0;4 3 1 0 0;4 4 0 0 0;4 4 1 0 0;4 5 0 0 0;4 5 1 0 0;5 4 0 0 0;5 4 1 0 0;5 4 2 0 0;5 5 0 0 0;5 5 1 0 0;	2407.85181	3	9.05578	6.98187	12.90733	4	0.00384	1.04061	0.42308	0.50000	0.00000	0	0	12.90733	8.81392	9.93717	4.780870001737624e-14	0.0011389521640091116	0.0011389521640091116	sp|P01871|IGHM_HUMAN	46
2020111CXY-6.5603.5603.3.0.dta	2020111CXY-6.5603.5603.3.0.dta	2020111CXY-6	5603	1480.22488	3547.43678	1183.15044	3	1	YKJNSDISSTR		1284.61786	5 5 1 1 0	(N(F)(N(H(N)(H(N(H)))(H(N(H(A)))))))	824	0 1 0 0 0;0 1 0 1 0;0 2 0 0 0;0 2 0 1 0;1 2 0 0 0;1 2 0 1 0;1 3 0 0 0;1 3 0 1 0;2 2 0 0 0;2 2 0 1 0;2 3 0 0 0;2 3 0 1 0;2 4 0 0 0;2 4 0 1 0;3 2 0 0 0;3 2 0 1 0;3 3 0 0 0;3 3 0 1 0;3 3 1 0 0;3 3 1 1 0;3 4 0 0 0;3 4 0 1 0;3 4 1 0 0;3 4 1 1 0;3 5 0 0 0;3 5 0 1 0;4 3 0 0 0;4 3 0 1 0;4 3 1 0 0;4 3 1 1 0;4 4 0 0 0;4 4 0 1 0;4 4 1 0 0;4 4 1 1 0;4 5 0 0 0;4 5 0 1 0;4 5 1 0 0;4 5 1 1 0;5 4 0 0 0;5 4 0 1 0;5 4 1 0 0;5 4 1 1 0;5 5 0 0 0;5 5 0 1 0;5 5 1 0 0;	2262.81431	3	50.26041	38.86687	71.41985	8	0.00462	1.30126	0.55319	1.00000	0.00000	0	0	71.41985	14.55293	51.71570	4.583843101050844e-96	0.0	4.583843101050844e-96	sp|P01871|IGHM_HUMAN	46
2020111CXY-6.15444.15444.4.0.dta	2020111CXY-6.15444.15444.4.0.dta	2020111CXY-6	15444	4306.14886	5048.01290	1262.75868	4	1	LSDLSIJSTECLHVHCR	11,Carbamidomethyl[C];16,Carbamidomethyl[C];	2040.95897	6 5 3 1 0	(N(N(H(H(N(F)(H(A))))(H(N(H(A)))(N(H(A)))))))	2060	0 1 0 0 0;0 2 0 0 0;1 2 0 0 0;2 2 0 0 0;2 3 0 0 0;2 3 0 1 0;2 4 0 0 0;3 2 0 0 0;3 3 0 0 0;3 3 0 1 0;3 3 1 0 0;3 3 1 1 0;3 4 0 0 0;3 4 0 1 0;3 4 1 0 0;3 5 0 0 0;3 5 0 1 0;4 3 0 0 0;4 3 0 1 0;4 3 1 0 0;4 3 1 1 0;4 4 0 0 0;4 4 0 1 0;4 4 1 0 0;4 4 1 1 0;4 4 2 0 0;4 5 0 0 0;4 5 0 1 0;4 5 1 0 0;4 5 1 1 0;5 4 0 0 0;5 4 0 1 0;5 4 1 0 0;5 4 1 1 0;5 4 2 0 0;5 4 2 1 0;5 5 0 0 0;5 5 0 1 0;5 5 1 0 0;5 5 1 1 0;5 5 2 0 0;5 5 2 1 0;6 5 0 0 0;6 5 0 1 0;6 5 1 0 0;6 5 1 1 0;6 5 2 0 0;6 5 2 1 0;6 5 3 0 0;	3007.05796	7	19.50414	25.52095	8.33005	5	-0.00403	-0.79781	0.17647	0.62500	0.00000	0	0	8.33005	12.29843	20.73398	1.311132987294959e-08	0.0	1.311132987294959e-08	sp|P05156|CFAI_HUMAN	177
2020111CXY-6.16637.16637.3.0.dta	2020111CXY-6.16637.16637.3.0.dta	2020111CXY-6	16637	4628.88200	3390.43277	1130.81577	3	1	CGLVPVLAENYJK	1,Carbamidomethyl[C];	1476.75152	5 4 1 0 0	(N(N(H(N)(H(H))(H(N(H(A)))))))	382	0 1 0 0 0;0 2 0 0 0;1 2 0 0 0;1 3 0 0 0;2 2 0 0 0;2 3 0 0 0;2 4 0 0 0;3 2 0 0 0;3 3 0 0 0;3 3 1 0 0;3 4 0 0 0;3 4 1 0 0;4 2 0 0 0;4 3 0 0 0;4 3 1 0 0;4 4 0 0 0;4 4 1 0 0;5 3 0 0 0;5 3 1 0 0;5 4 0 0 0;	1913.67702	12	21.34696	28.32781	8.38253	5	0.00423	1.24718	0.31818	0.70833	0.00000	0	0	8.38253	9.98631	22.34559	1.141642452342551e-08	0.0	1.141642452342551e-08	sp|P02787|TRFE_HUMAN	432
2020111CXY-6.8527.8527.3.0.dta	2020111CXY-6.8527.8527.3.0.dta	2020111CXY-6	8527	2265.23235	3485.38626	1162.46694	3	1	JHSCEPCQTLAVR	4,Carbamidomethyl[C];7,Carbamidomethyl[C];	1571.70532	5 4 1 0 0	(N(N(H(H(N(H)))(H(N(H(A)))))))	380	0 1 0 0 0;0 2 0 0 0;1 2 0 0 0;2 2 0 0 0;2 3 0 0 0;3 2 0 0 0;3 3 0 0 0;3 3 1 0 0;3 4 0 0 0;4 3 0 0 0;4 3 1 0 0;4 4 0 0 0;4 4 1 0 0;5 4 0 0 0;	1913.67702	1	42.48745	44.69018	38.39668	7	0.00391	1.12168	0.68750	0.95833	0.00000	0	0	38.39668	14.01321	43.88877	1.0687885696820902e-48	0.0	1.0687885696820902e-48	sp|P00748|FA12_HUMAN	433
2020111CXY-6.3521.3521.3.0.dta	2020111CXY-6.3521.3521.3.0.dta	2020111CXY-6	3521	922.65884	3085.15629	1029.05695	3	1	DKJCTSR	4,Carbamidomethyl[C];	880.39414	5 4 2 0 0	(N(N(H(H(N(H(A))))(H(N(H(A)))))))	754	0 1 0 0 0;0 2 0 0 0;1 2 0 0 0;2 2 0 0 0;2 3 0 0 0;3 2 0 0 0;3 3 0 0 0;3 3 1 0 0;3 4 0 0 0;4 3 0 0 0;4 3 1 0 0;4 4 0 0 0;4 4 1 0 0;5 4 0 0 0;5 4 1 0 0;	2204.77244	3	53.73209	34.37786	89.67566	7	-0.01029	-3.33501	0.94118	1.08333	0.00000	0	0	89.67566	13.01204	55.03329	3.4157024727723477e-122	0.0	3.4157024727723477e-122	sp|P01019|ANGT_HUMAN	170
2020111CXY-6.11883.11883.2.0.dta	2020111CXY-6.11883.11883.2.0.dta	2020111CXY-6	11883	3169.87040	3217.25994	1609.13361	2	1	EEQFJSTFR		1157.52218	5 4 1 1 0	(N(N(H(H(N(H)(F)))(H(N(H(A)))))))	550	0 1 0 0 0;0 2 0 0 0;1 2 0 0 0;2 2 0 0 0;2 3 0 0 0;2 3 0 1 0;3 2 0 0 0;3 3 0 0 0;3 3 0 1 0;3 3 1 0 0;3 4 0 0 0;3 4 0 1 0;4 3 0 0 0;4 3 0 1 0;4 3 1 0 0;4 4 0 0 0;4 4 0 1 0;4 4 1 0 0;4 4 1 1 0;5 4 0 0 0;5 4 0 1 0;5 4 1 0 0;	2059.73493	5	32.30771	31.64135	33.54526	7	0.00283	0.87829	0.45833	0.87500	0.00000	0	0	33.54526	12.03242	33.51095	3.275466503871713e-42	0.0	3.275466503871713e-42	sp|P01859|IGHG2_HUMAN	176
2020111CXY-6.18563.18563.3.0.dta	2020111CXY-6.18563.18563.3.0.dta	2020111CXY-6	18563	5145.89650	5261.20249	1754.40568	3	1	FJLTETSEAEIHQSFQHLLR		2400.19425	6 5 3 0 0	(N(N(H(H(N(H(A))))(H(N(H(A)))(N(H(A)))))))	1823	0 1 0 0 0;0 2 0 0 0;1 2 0 0 0;2 2 0 0 0;2 3 0 0 0;2 4 0 0 0;3 2 0 0 0;3 3 0 0 0;3 3 1 0 0;3 4 0 0 0;3 4 1 0 0;3 5 0 0 0;4 3 0 0 0;4 3 1 0 0;4 4 0 0 0;4 4 1 0 0;4 4 2 0 0;4 5 0 0 0;4 5 1 0 0;5 4 0 0 0;5 4 1 0 0;5 4 2 0 0;5 5 0 0 0;5 5 1 0 0;5 5 2 0 0;6 5 0 0 0;6 5 1 0 0;6 5 2 0 0;	2861.00005	2	26.08235	37.34306	5.16961	5	0.00819	1.55696	0.20000	0.73684	0.00000	0	0	5.16961	15.10556	27.59291	2.303206706563998e-05	0.0	2.303206706563998e-05	sp|P01011|AACT_HUMAN	106
2020111CXY-6.3660.3660.3.0.dta	2020111CXY-6.3660.3660.3.0.dta	2020111CXY-6	3660	959.86867	3004.16918	1002.06124	3	1	HJSTGCLR	6,Carbamidomethyl[C];	944.43667	5 4 1 1 0	(N(N(H(H(N(H)(F)))(H(N(H(A)))))))	550	0 1 0 0 0;0 2 0 0 0;1 2 0 0 0;2 2 0 0 0;2 3 0 0 0;2 3 0 1 0;3 2 0 0 0;3 3 0 0 0;3 3 0 1 0;3 3 1 0 0;3 4 0 0 0;3 4 0 1 0;4 3 0 0 0;4 3 0 1 0;4 3 1 0 0;4 4 0 0 0;4 4 0 1 0;4 4 1 0 0;4 4 1 1 0;5 4 0 0 0;5 4 0 1 0;5 4 1 0 0;	2059.73493	2	26.33035	12.59664	51.83582	7	-0.00243	-0.80898	0.58333	0.78571	0.00000	0	0	51.83582	8.82889	27.21324	7.389809271473959e-68	0.0011389521640091116	0.0011389521640091116	sp|P10909|CLUS_HUMAN	291
2020111CXY-6.18248.18248.3.0.dta	2020111CXY-6.18248.18248.3.0.dta	2020111CXY-6	18248	5061.54423	4160.82816	1387.61424	3	1	VLSJNSDANLELINTWVAK		2101.09241	5 4 1 1 0	(N(N(H(H(N(H)(F)))(H(N(H(A)))))))	550	0 1 0 0 0;0 2 0 0 0;1 2 0 0 0;2 2 0 0 0;2 3 0 0 0;2 3 0 1 0;3 2 0 0 0;3 3 0 0 0;3 3 0 1 0;3 3 1 0 0;3 4 0 0 0;3 4 0 1 0;4 3 0 0 0;4 3 0 1 0;4 3 1 0 0;4 4 0 0 0;4 4 0 1 0;4 4 1 0 0;4 4 1 1 0;5 4 0 0 0;5 4 0 1 0;5 4 1 0 0;	2059.73493	4	30.99636	42.40069	9.81690	6	0.00082	0.19604	0.29167	0.77778	0.00000	0	0	9.81690	16.50487	32.64685	2.2939234832910387e-10	0.0	2.2939234832910387e-10	sp|P05155|IC1_HUMAN	253
2020111CXY-6.2705.2705.2.0.dta	2020111CXY-6.2705.2705.2.0.dta	2020111CXY-6	2705	704.84757	2823.09795	1412.05261	2	1	JASQAK		618.32056	5 4 2 0 0	(N(N(H(H(N(H(A))))(H(N(H(A)))))))	754	0 1 0 0 0;0 2 0 0 0;1 2 0 0 0;2 2 0 0 0;2 3 0 0 0;3 2 0 0 0;3 3 0 0 0;3 3 1 0 0;3 4 0 0 0;4 3 0 0 0;4 3 1 0 0;4 4 0 0 0;4 4 1 0 0;5 4 0 0 0;5 4 1 0 0;	2204.77244	1	7.06628	7.15958	6.89301	5	0.00494	1.75019	0.35294	0.60000	0.00000	0	0	6.89301	8.23035	7.88931	4.184585122515932e-07	0.0032258064516129032	0.0032258064516129032	sp|Q7Z6J0|SH3R1_HUMAN/sp|Q6N021|TET2_HUMAN/sp|Q9UK55|ZPI_HUMAN	510/1504/197
2020111CXY-6.9616.9616.2.0.dta	2020111CXY-6.9616.9616.2.0.dta	2020111CXY-6	9616	2558.64115	3233.25498	1617.13113	2	1	EEQFJSTYR		1173.51708	5 4 1 1 0	(N(F)(N(H(H(N(H)))(H(N(H(A)))))))	549	0 1 0 0 0;0 1 0 1 0;0 2 0 0 0;0 2 0 1 0;1 2 0 0 0;1 2 0 1 0;2 2 0 0 0;2 2 0 1 0;2 3 0 0 0;2 3 0 1 0;3 2 0 0 0;3 2 0 1 0;3 3 0 0 0;3 3 0 1 0;3 3 1 0 0;3 3 1 1 0;3 4 0 0 0;3 4 0 1 0;4 3 0 0 0;4 3 0 1 0;4 3 1 0 0;4 3 1 1 0;4 4 0 0 0;4 4 0 1 0;4 4 1 0 0;4 4 1 1 0;5 4 0 0 0;5 4 0 1 0;5 4 1 0 0;	2059.73493	5	31.14255	29.35451	34.46320	9	0.00297	0.91786	0.41935	0.81250	0.00000	0	0	34.46320	12.13796	32.35635	1.7172828067026011e-43	0.0	1.7172828067026011e-43	sp|P01861|IGHG4_HUMAN	177
2020111CXY-6.17036.17036.3.0.dta	2020111CXY-6.17036.17036.3.0.dta	2020111CXY-6	17036	4735.91086	3888.60968	1296.87475	3	1	LAJLTQGEDQYYLR		1683.83366	5 4 2 0 0	(N(N(H(H(N(H(A))))(H(N(H(A)))))))	754	0 1 0 0 0;0 2 0 0 0;1 2 0 0 0;2 2 0 0 0;2 3 0 0 0;3 2 0 0 0;3 3 0 0 0;3 3 1 0 0;3 4 0 0 0;4 3 0 0 0;4 3 1 0 0;4 4 0 0 0;4 4 1 0 0;5 4 0 0 0;5 4 1 0 0;	2204.77244	3	18.59090	26.29060	4.29144	4	0.00358	0.92140	0.29412	0.69231	0.00000	0	0	4.29144	10.63077	19.65398	0.0001573090056727887	0.0	0.0001573090056727887	sp|P10909|CLUS_HUMAN	374
2020111CXY-6.14173.14173.3.0.dta	2020111CXY-6.14173.14173.3.0.dta	2020111CXY-6	14173	3941.53960	3480.41180	1160.80878	3	1	SWPAVGJCSSALR	8,Carbamidomethyl[C];	1404.66886	6 4 1 0 0	(N(N(H(H(N(H(H))))(H(N(H(A)))))))	565	0 1 0 0 0;0 2 0 0 0;1 2 0 0 0;2 2 0 0 0;2 3 0 0 0;3 2 0 0 0;3 3 0 0 0;3 3 1 0 0;3 4 0 0 0;4 3 0 0 0;4 3 1 0 0;4 4 0 0 0;4 4 1 0 0;5 3 0 0 0;5 4 0 0 0;5 4 1 0 0;6 4 0 0 0;	2075.72985	7	31.84757	39.93931	16.82005	5	0.01309	3.76136	0.47368	0.70833	0.00000	0	0	16.82005	11.73687	33.02126	3.8649709935536647e-19	0.0	3.8649709935536647e-19	sp|P02790|HEMO_HUMAN	187
2020111CXY-6.16822.16822.4.0.dta	2020111CXY-6.16822.16822.4.0.dta	2020111CXY-6	16822	4678.62484	5750.36412	1438.34649	4	1	EGDHEFLEVPEAQEDVEATFPVHQPGJYSCSYR	30,Carbamidomethyl[C];	3836.67691	5 4 1 0 0	(N(N(H(H(N(H)))(H(N(H(A)))))))	380	0 1 0 0 0;0 2 0 0 0;1 2 0 0 0;2 2 0 0 0;2 3 0 0 0;3 2 0 0 0;3 3 0 0 0;3 3 1 0 0;3 4 0 0 0;4 3 0 0 0;4 3 1 0 0;4 4 0 0 0;4 4 1 0 0;5 4 0 0 0;	1913.67702	27	17.14071	23.23274	5.82695	5	0.01018	1.77093	0.31250	0.31250	0.00000	0	0	5.82695	12.77056	18.41777	5.359751678704443e-06	0.0	5.359751678704443e-06	sp|P04217|A1BG_HUMAN	179
2020111CXY-6.15532.15532.3.0.dta	2020111CXY-6.15532.15532.3.0.dta	2020111CXY-6	15532	4330.06305	3597.51379	1199.84278	3	1	LAJLTQGEDQYYLR		1683.83366	5 4 1 0 0	(N(N(H(H(N(H)))(H(N(H(A)))))))	380	0 1 0 0 0;0 2 0 0 0;1 2 0 0 0;2 2 0 0 0;2 3 0 0 0;3 2 0 0 0;3 3 0 0 0;3 3 1 0 0;3 4 0 0 0;4 3 0 0 0;4 3 1 0 0;4 4 0 0 0;4 4 1 0 0;5 4 0 0 0;	1913.67702	3	43.94414	59.15913	15.68772	6	0.00311	0.86462	0.43750	1.00000	0.00000	0	0	15.68772	17.73947	45.71809	1.2757873681486043e-17	0.0	1.2757873681486043e-17	sp|P10909|CLUS_HUMAN	374
2020111CXY-6.11569.11569.3.0.dta	2020111CXY-6.11569.11569.3.0.dta	2020111CXY-6	11569	3086.01430	3221.37417	1074.46291	3	1	TPLTAJITK		958.55677	5 5 1 1 0	(N(F)(N(H(N)(H(N(H)))(H(N(H(A)))))))	824	0 1 0 0 0;0 1 0 1 0;0 2 0 0 0;0 2 0 1 0;1 2 0 0 0;1 2 0 1 0;1 3 0 0 0;1 3 0 1 0;2 2 0 0 0;2 2 0 1 0;2 3 0 0 0;2 3 0 1 0;2 4 0 0 0;2 4 0 1 0;3 2 0 0 0;3 2 0 1 0;3 3 0 0 0;3 3 0 1 0;3 3 1 0 0;3 3 1 1 0;3 4 0 0 0;3 4 0 1 0;3 4 1 0 0;3 4 1 1 0;3 5 0 0 0;3 5 0 1 0;4 3 0 0 0;4 3 0 1 0;4 3 1 0 0;4 3 1 1 0;4 4 0 0 0;4 4 0 1 0;4 4 1 0 0;4 4 1 1 0;4 5 0 0 0;4 5 0 1 0;4 5 1 0 0;4 5 1 1 0;5 4 0 0 0;5 4 0 1 0;5 4 1 0 0;5 4 1 1 0;5 5 0 0 0;5 5 0 1 0;5 5 1 0 0;	2262.81431	6	16.78372	19.28825	12.13243	7	0.00309	0.95927	0.23404	0.62500	0.00000	0	0	12.13243	10.00770	17.78449	3.440010890319994e-13	0.0	3.440010890319994e-13	sp|P01877|IGHA2_HUMAN	205
2020111CXY-6.17184.17184.3.0.dta	2020111CXY-6.17184.17184.3.0.dta	2020111CXY-6	17184	4775.76220	3999.78981	1333.93479	3	1	VVLHPJYSQVDIGLIK		1795.01124	5 4 2 0 0	(N(N(H(H(N(H(A))))(H(N(H(A)))))))	754	0 1 0 0 0;0 2 0 0 0;1 2 0 0 0;2 2 0 0 0;2 3 0 0 0;3 2 0 0 0;3 3 0 0 0;3 3 1 0 0;3 4 0 0 0;4 3 0 0 0;4 3 1 0 0;4 4 0 0 0;4 4 1 0 0;5 4 0 0 0;5 4 1 0 0;	2204.77244	6	74.25442	94.05180	37.48786	7	0.00614	1.53432	0.58824	0.96667	0.00000	0	0	37.48786	20.14784	76.26920	1.4157336249817203e-47	0.0	1.4157336249817203e-47	sp|P00738|HPT_HUMAN	241
2020111CXY-6.16867.16867.3.0.dta	2020111CXY-6.16867.16867.3.0.dta	2020111CXY-6	16867	4690.73354	3387.38413	1129.79956	3	1	GAFISJFSMTVDGK		1473.70424	5 4 1 0 0	(N(N(H(H(N(H)))(H(N(H(A)))))))	380	0 1 0 0 0;0 2 0 0 0;1 2 0 0 0;2 2 0 0 0;2 3 0 0 0;3 2 0 0 0;3 3 0 0 0;3 3 1 0 0;3 4 0 0 0;4 3 0 0 0;4 3 1 0 0;4 4 0 0 0;4 4 1 0 0;5 4 0 0 0;	1913.67702	6	10.02571	11.51468	7.26048	5	0.00286	0.84505	0.31250	0.50000	0.00000	0	0	7.26048	10.59205	11.08492	1.3392646867202753e-07	0.0	1.3392646867202753e-07	sp|P19823|ITIH2_HUMAN	118
2020111CXY-6.5747.5747.2.0.dta	2020111CXY-6.5747.5747.2.0.dta	2020111CXY-6	5747	1518.98098	2487.99060	1244.49894	2	1	EEQYJSTYR		1189.51199	3 4 0 0 0	(N(N(H(H(N))(H(N)))))	52	0 1 0 0 0;0 2 0 0 0;1 2 0 0 0;2 2 0 0 0;2 3 0 0 0;3 2 0 0 0;3 3 0 0 0;	1298.47596	5	60.03445	64.33729	52.04347	7	0.00265	1.06507	1.00000	1.06250	0.00000	0	0	52.04347	16.29627	61.66408	1.9673061499908056e-68	0.0	1.9673061499908056e-68	sp|P01857|IGHG1_HUMAN	180
2020111CXY-6.9954.9954.3.0.dta	2020111CXY-6.9954.9954.3.0.dta	2020111CXY-6	9954	2649.94914	3317.40846	1106.47434	3	1	FVEGSHJSTVSLTTK		1606.80713	5 3 1 0 0	(N(N(H(H(H))(H(N(H(A)))))))	220	0 1 0 0 0;0 2 0 0 0;1 2 0 0 0;2 2 0 0 0;2 3 0 0 0;3 2 0 0 0;3 3 0 0 0;3 3 1 0 0;4 2 0 0 0;4 3 0 0 0;4 3 1 0 0;5 3 0 0 0;	1710.59765	7	88.32579	106.09106	55.33314	7	0.00369	1.11142	0.85714	1.10714	0.00000	0	0	55.33314	20.43648	90.36944	6.047582042546081e-73	0.0	6.047582042546081e-73	sp|P04114|APOB_HUMAN	3411
2020111CXY-6.15082.15082.3.0.dta	2020111CXY-6.15082.15082.3.0.dta	2020111CXY-6	15082	4207.58036	3633.64010	1211.88488	3	1	TVLTPATNHMGJVTFTIPANR		2255.16011	6 2 0 0 0	(N(N(H(H)(H(H)(H(H))))))	60	0 1 0 0 0;0 2 0 0 0;1 2 0 0 0;2 2 0 0 0;3 2 0 0 0;4 2 0 0 0;5 2 0 0 0;	1378.47569	12	57.81725	87.67287	2.37111	3	0.00430	1.18247	0.33333	0.80000	0.00000	0	0	2.37111	20.65489	59.88274	0.0031663077560786165	0.0	0.0031663077560786165	sp|P01024|CO3_HUMAN	85
2020111CXY-6.17714.17714.3.0.dta	2020111CXY-6.17714.17714.3.0.dta	2020111CXY-6	17714	4917.62038	4036.77888	1346.26448	3	1	VDKDLQSLEDILHQVEJK		2123.09789	5 4 1 0 0	(N(N(H(H(N(H)))(H(N(H(A)))))))	380	0 1 0 0 0;0 2 0 0 0;1 2 0 0 0;2 2 0 0 0;2 3 0 0 0;3 2 0 0 0;3 3 0 0 0;3 3 1 0 0;3 4 0 0 0;4 3 0 0 0;4 3 1 0 0;4 4 0 0 0;4 4 1 0 0;5 4 0 0 0;	1913.67702	17	12.97467	11.51432	15.68675	6	0.00397	0.98259	0.56250	0.41176	0.00000	0	0	15.68675	8.82624	13.85729	1.3499603511606762e-17	0.0011389521640091116	0.0011389521640091116	sp|P02679|FIBG_HUMAN	78
2020111CXY-6.18224.18224.3.1.dta	2020111CXY-6.18224.18224.3.1.dta	2020111CXY-6	18224	5055.21987	3698.55394	1233.52283	3	1	CGLVPVLAENYJK	1,Carbamidomethyl[C];	1476.75152	6 4 1 1 0	(N(N(H(H(N(H(H))))(H(N(F)(H(A)))))))	783	0 1 0 0 0;0 2 0 0 0;1 2 0 0 0;2 2 0 0 0;2 3 0 0 0;2 3 0 1 0;3 2 0 0 0;3 3 0 0 0;3 3 0 1 0;3 3 1 0 0;3 3 1 1 0;3 4 0 0 0;3 4 0 1 0;4 3 0 0 0;4 3 0 1 0;4 3 1 0 0;4 3 1 1 0;4 4 0 0 0;4 4 0 1 0;4 4 1 0 0;4 4 1 1 0;5 3 0 0 0;5 4 0 0 0;5 4 0 1 0;5 4 1 0 0;5 4 1 1 0;6 4 0 0 0;6 4 0 1 0;6 4 1 0 0;	2221.78776	12	43.10972	58.50189	14.52426	6	0.01467	3.96648	0.29032	0.79167	0.00000	0	0	14.52426	13.43372	44.45309	3.2505097502913766e-16	0.0	3.2505097502913766e-16	sp|P02787|TRFE_HUMAN	432
2020111CXY-6.8048.8048.3.0.dta	2020111CXY-6.8048.8048.3.0.dta	2020111CXY-6	8048	2137.02777	3026.19464	1009.40306	3	1	LISJCSK	5,Carbamidomethyl[C];	821.41856	5 4 2 0 0	(N(N(H(H(N(H(A))))(H(N(H(A)))))))	754	0 1 0 0 0;0 2 0 0 0;1 2 0 0 0;2 2 0 0 0;2 3 0 0 0;3 2 0 0 0;3 3 0 0 0;3 3 1 0 0;3 4 0 0 0;4 3 0 0 0;4 3 1 0 0;4 4 0 0 0;4 4 1 0 0;5 4 0 0 0;5 4 1 0 0;	2204.77244	4	61.13105	70.61815	43.51214	7	0.00363	1.20051	0.58824	1.41667	0.00000	0	0	43.51214	14.80990	62.61204	2.9241067241077153e-56	0.0	2.9241067241077153e-56	sp|P05156|CFAI_HUMAN	494
2020111CXY-6.7761.7761.3.0.dta	2020111CXY-6.7761.7761.3.0.dta	2020111CXY-6	7761	2059.37118	2821.13357	941.04937	3	1	EEQFJSTYR		1173.51708	3 5 0 1 0	(N(N(H(N)(H(N(H))(N(F))))))	185	0 1 0 0 0;0 2 0 0 0;1 2 0 0 0;1 3 0 0 0;2 2 0 0 0;2 3 0 0 0;2 3 0 1 0;2 4 0 0 0;2 4 0 1 0;2 5 0 0 0;2 5 0 1 0;3 3 0 0 0;3 4 0 0 0;3 4 0 1 0;3 5 0 0 0;	1647.61324	5	71.47637	92.14155	33.09818	6	0.00324	1.15009	0.52941	1.37500	0.00000	0	0	33.09818	18.05797	73.28217	2.626589957407037e-41	0.0	2.626589957407037e-41	sp|P01861|IGHG4_HUMAN	177
2020111CXY-6.16276.16276.3.1.dta	2020111CXY-6.16276.16276.3.1.dta	2020111CXY-6	16276	4531.52465	3626.47079	1209.49511	3	1	SWPAVGJCSSALR	8,Carbamidomethyl[C];	1404.66886	6 4 1 1 0	(N(N(H(H(N(H(H))))(H(N(F)(H(A)))))))	783	0 1 0 0 0;0 2 0 0 0;1 2 0 0 0;2 2 0 0 0;2 3 0 0 0;2 3 0 1 0;3 2 0 0 0;3 3 0 0 0;3 3 0 1 0;3 3 1 0 0;3 3 1 1 0;3 4 0 0 0;3 4 0 1 0;4 3 0 0 0;4 3 0 1 0;4 3 1 0 0;4 3 1 1 0;4 4 0 0 0;4 4 0 1 0;4 4 1 0 0;4 4 1 1 0;5 3 0 0 0;5 4 0 0 0;5 4 0 1 0;5 4 1 0 0;5 4 1 1 0;6 4 0 0 0;6 4 0 1 0;6 4 1 0 0;	2221.78776	7	37.68647	48.52354	17.56046	6	0.01417	3.90800	0.29032	0.79167	0.00000	0	0	17.56046	13.11542	38.99801	3.4350548948715987e-20	0.0	3.4350548948715987e-20	sp|P02790|HEMO_HUMAN	187
2020111CXY-6.16054.16054.3.0.dta	2020111CXY-6.16054.16054.3.0.dta	2020111CXY-6	16054	4471.89385	4073.82562	1358.61339	3	1	VVLHPJYSQVDIGLIK		1795.01124	6 5 1 0 0	(N(N(H(H(N(H(A))))(H(N(H))(N(H))))))	859	0 1 0 0 0;0 2 0 0 0;1 2 0 0 0;2 2 0 0 0;2 3 0 0 0;2 4 0 0 0;3 2 0 0 0;3 3 0 0 0;3 3 1 0 0;3 4 0 0 0;3 5 0 0 0;4 3 0 0 0;4 3 1 0 0;4 4 0 0 0;4 4 1 0 0;4 5 0 0 0;4 5 1 0 0;5 4 0 0 0;5 4 1 0 0;5 5 0 0 0;5 5 1 0 0;6 5 0 0 0;	2278.80922	6	66.96411	89.45561	25.19420	7	0.00517	1.26823	0.37500	1.00000	0.00000	0	0	25.19420	21.60494	69.12460	3.105739932528547e-30	0.0	3.105739932528547e-30	sp|P00738|HPT_HUMAN	241
2020111CXY-6.11361.11361.3.0.dta	2020111CXY-6.11361.11361.3.0.dta	2020111CXY-6	11361	3030.25395	3934.66786	1312.22747	3	1	IPCSQPPQIEHGTIJSSR	3,Carbamidomethyl[C];	2020.98690	5 4 1 0 0	(N(N(H(H(N(H)))(H(N(H(A)))))))	380	0 1 0 0 0;0 2 0 0 0;1 2 0 0 0;2 2 0 0 0;2 3 0 0 0;3 2 0 0 0;3 3 0 0 0;3 3 1 0 0;3 4 0 0 0;4 3 0 0 0;4 3 1 0 0;4 4 0 0 0;4 4 1 0 0;5 4 0 0 0;	1913.67702	15	46.52798	42.02862	54.88395	7	0.00393	0.99996	0.75000	0.55882	0.00000	0	0	54.88395	10.43765	47.57174	2.8499586435380043e-72	0.0	2.8499586435380043e-72	sp|P08603|CFAH_HUMAN	882
2020111CXY-6.5284.5284.3.0.dta	2020111CXY-6.5284.5284.3.0.dta	2020111CXY-6	5284	1395.06760	3344.35649	1115.45701	3	1	YKJNSDISSTR		1284.61786	5 4 1 1 0	(N(F)(N(H(H(N(H)))(H(N(H(A)))))))	549	0 1 0 0 0;0 1 0 1 0;0 2 0 0 0;0 2 0 1 0;1 2 0 0 0;1 2 0 1 0;2 2 0 0 0;2 2 0 1 0;2 3 0 0 0;2 3 0 1 0;3 2 0 0 0;3 2 0 1 0;3 3 0 0 0;3 3 0 1 0;3 3 1 0 0;3 3 1 1 0;3 4 0 0 0;3 4 0 1 0;4 3 0 0 0;4 3 0 1 0;4 3 1 0 0;4 3 1 1 0;4 4 0 0 0;4 4 0 1 0;4 4 1 0 0;4 4 1 1 0;5 4 0 0 0;5 4 0 1 0;5 4 1 0 0;	2059.73493	3	76.80578	58.84897	110.15415	9	0.00370	1.10595	0.70968	1.00000	0.00000	0	0	110.15415	17.50479	78.55626	2.6424105951518286e-151	0.0	2.6424105951518286e-151	sp|P01871|IGHM_HUMAN	46
2020111CXY-6.17888.17888.3.0.dta	2020111CXY-6.17888.17888.3.0.dta	2020111CXY-6	17888	4964.46186	3649.55874	1217.19110	3	1	ALPQPQJVTSLLGCTH	14,Carbamidomethyl[C];	1735.87958	5 4 1 0 0	(N(N(H(H(N(H)))(H(N(H(A)))))))	380	0 1 0 0 0;0 2 0 0 0;1 2 0 0 0;2 2 0 0 0;2 3 0 0 0;3 2 0 0 0;3 3 0 0 0;3 3 1 0 0;3 4 0 0 0;4 3 0 0 0;4 3 1 0 0;4 4 0 0 0;4 4 1 0 0;5 4 0 0 0;	1913.67702	7	31.90838	39.11317	18.52806	6	0.00213	0.58432	0.56250	0.73333	0.00000	0	0	18.52806	13.99533	33.30791	1.3639366712861643e-21	0.0	1.3639366712861643e-21	sp|P02790|HEMO_HUMAN	453
2020111CXY-6.18038.18038.3.0.dta	2020111CXY-6.18038.18038.3.0.dta	2020111CXY-6	18038	5005.26133	4282.69924	1428.23793	3	1	SWPAVGJCSSALR	8,Carbamidomethyl[C];	1404.66886	7 5 2 1 0	(N(N(H(N)(H(H)(H))(H(N(H(A)))(N(F)(H(A)))))))	1849	0 1 0 0 0;0 2 0 0 0;1 2 0 0 0;1 3 0 0 0;2 2 0 0 0;2 3 0 0 0;2 3 0 1 0;2 4 0 0 0;2 4 0 1 0;2 5 0 0 0;2 5 0 1 0;3 2 0 0 0;3 3 0 0 0;3 3 0 1 0;3 3 1 0 0;3 3 1 1 0;3 4 0 0 0;3 4 0 1 0;3 4 1 0 0;3 4 1 1 0;3 5 0 0 0;3 5 0 1 0;3 5 1 0 0;3 5 1 1 0;4 2 0 0 0;4 3 0 0 0;4 3 0 1 0;4 3 1 0 0;4 3 1 1 0;4 4 0 0 0;4 4 0 1 0;4 4 1 0 0;4 4 1 1 0;4 4 2 0 0;4 4 2 1 0;4 5 0 0 0;4 5 0 1 0;4 5 1 0 0;4 5 1 1 0;4 5 2 0 0;4 5 2 1 0;5 2 0 0 0;5 3 0 0 0;5 3 0 1 0;5 3 1 0 0;5 3 1 1 0;5 4 0 0 0;5 4 0 1 0;5 4 1 0 0;5 4 1 1 0;5 4 2 0 0;5 4 2 1 0;5 5 0 0 0;5 5 0 1 0;5 5 1 0 0;5 5 1 1 0;5 5 2 0 0;5 5 2 1 0;6 3 0 0 0;6 3 0 1 0;6 3 1 0 0;6 3 1 1 0;6 4 0 0 0;6 4 0 1 0;6 4 1 0 0;6 4 1 1 0;6 4 2 0 0;6 4 2 1 0;6 5 0 0 0;6 5 0 1 0;6 5 1 0 0;6 5 1 1 0;6 5 2 0 0;6 5 2 1 0;7 4 0 0 0;7 4 0 1 0;7 4 1 0 0;7 4 1 1 0;7 4 2 0 0;7 4 2 1 0;7 5 0 0 0;7 5 0 1 0;7 5 1 0 0;7 5 1 1 0;7 5 2 0 0;	2878.01537	7	34.54500	43.38801	18.12225	6	0.01501	3.50498	0.17241	0.79167	0.00000	0	0	18.12225	13.42625	35.88763	5.708143686329143e-21	0.0	5.708143686329143e-21	sp|P02790|HEMO_HUMAN	187
2020111CXY-6.16509.16509.3.0.dta	2020111CXY-6.16509.16509.3.0.dta	2020111CXY-6	16509	4594.45416	3745.68679	1249.23378	3	1	VDKDLQSLEDILHQVEJK		2123.09789	5 4 0 0 0	(N(N(H(H(N(H)))(H(N(H))))))	175	0 1 0 0 0;0 2 0 0 0;1 2 0 0 0;2 2 0 0 0;2 3 0 0 0;3 2 0 0 0;3 3 0 0 0;3 4 0 0 0;4 3 0 0 0;4 4 0 0 0;	1622.58161	17	60.47041	73.59493	36.09630	6	0.00730	1.94758	0.83333	0.82353	0.00000	0	0	36.09630	18.39961	62.31037	1.2813799100664323e-45	0.0	1.2813799100664323e-45	sp|P02679|FIBG_HUMAN	78
2020111CXY-6.16669.16669.3.0.dta	2020111CXY-6.16669.16669.3.0.dta	2020111CXY-6	16669	4637.45122	3708.69128	1236.90194	3	1	VVLHPJYSQVDIGLIK		1795.01124	5 4 1 0 0	(N(N(H(H(N(H)))(H(N(H(A)))))))	380	0 1 0 0 0;0 2 0 0 0;1 2 0 0 0;2 2 0 0 0;2 3 0 0 0;3 2 0 0 0;3 3 0 0 0;3 3 1 0 0;3 4 0 0 0;4 3 0 0 0;4 3 1 0 0;4 4 0 0 0;4 4 1 0 0;5 4 0 0 0;	1913.67702	6	50.07382	49.75181	50.67183	7	0.00302	0.81390	0.81250	0.83333	0.00000	0	0	50.67183	14.60975	51.53479	2.975423003027852e-66	0.0	2.975423003027852e-66	sp|P00738|HPT_HUMAN	241
2020111CXY-6.18539.18539.3.0.dta	2020111CXY-6.18539.18539.3.0.dta	2020111CXY-6	18539	5139.43617	5407.25704	1803.09053	3	1	FJLTETSEAEIHQSFQHLLR		2400.19425	6 5 3 1 0	(N(N(H(H(N(F)(H(A))))(H(N(H(A)))(N(H(A)))))))	2060	0 1 0 0 0;0 2 0 0 0;1 2 0 0 0;2 2 0 0 0;2 3 0 0 0;2 3 0 1 0;2 4 0 0 0;3 2 0 0 0;3 3 0 0 0;3 3 0 1 0;3 3 1 0 0;3 3 1 1 0;3 4 0 0 0;3 4 0 1 0;3 4 1 0 0;3 5 0 0 0;3 5 0 1 0;4 3 0 0 0;4 3 0 1 0;4 3 1 0 0;4 3 1 1 0;4 4 0 0 0;4 4 0 1 0;4 4 1 0 0;4 4 1 1 0;4 4 2 0 0;4 5 0 0 0;4 5 0 1 0;4 5 1 0 0;4 5 1 1 0;5 4 0 0 0;5 4 0 1 0;5 4 1 0 0;5 4 1 1 0;5 4 2 0 0;5 4 2 1 0;5 5 0 0 0;5 5 0 1 0;5 5 1 0 0;5 5 1 1 0;5 5 2 0 0;5 5 2 1 0;6 5 0 0 0;6 5 0 1 0;6 5 1 0 0;6 5 1 1 0;6 5 2 0 0;6 5 2 1 0;6 5 3 0 0;	3007.05796	2	31.24982	44.13199	7.32580	6	0.00483	0.89318	0.13725	0.73684	0.00000	0	0	7.32580	15.84381	32.83420	1.0751556762919214e-07	0.0	1.0751556762919214e-07	sp|P01011|AACT_HUMAN	106
2020111CXY-6.18018.18018.3.0.dta	2020111CXY-6.18018.18018.3.0.dta	2020111CXY-6	18018	4999.65763	4265.67436	1422.56297	3	1	SWPAVGJCSSALR	8,Carbamidomethyl[C];	1404.66886	6 5 3 0 0	(N(N(H(H(N(H(A))))(H(N(H(A)))(N(H(A)))))))	1823	0 1 0 0 0;0 2 0 0 0;1 2 0 0 0;2 2 0 0 0;2 3 0 0 0;2 4 0 0 0;3 2 0 0 0;3 3 0 0 0;3 3 1 0 0;3 4 0 0 0;3 4 1 0 0;3 5 0 0 0;4 3 0 0 0;4 3 1 0 0;4 4 0 0 0;4 4 1 0 0;4 4 2 0 0;4 5 0 0 0;4 5 1 0 0;5 4 0 0 0;5 4 1 0 0;5 4 2 0 0;5 5 0 0 0;5 5 1 0 0;5 5 2 0 0;6 5 0 0 0;6 5 1 0 0;6 5 2 0 0;	2861.00005	7	26.80481	29.55541	21.69656	6	0.00545	1.27752	0.36667	0.66667	0.00000	0	0	21.69656	11.88253	27.99306	1.1363279932902594e-25	0.0	1.1363279932902594e-25	sp|P02790|HEMO_HUMAN	187
2020111CXY-6.9754.9754.2.0.dta	2020111CXY-6.9754.9754.2.0.dta	2020111CXY-6	9754	2595.67282	2805.13766	1403.07247	2	1	EEQFJSTFR		1157.52218	3 5 0 1 0	(N(F)(N(H(N)(H(N)(N(H))))))	184	0 1 0 0 0;0 1 0 1 0;0 2 0 0 0;0 2 0 1 0;1 2 0 0 0;1 2 0 1 0;1 3 0 0 0;1 3 0 1 0;2 2 0 0 0;2 2 0 1 0;2 3 0 0 0;2 3 0 1 0;2 4 0 0 0;2 4 0 1 0;2 5 0 0 0;2 5 0 1 0;3 3 0 0 0;3 3 0 1 0;3 4 0 0 0;3 4 0 1 0;3 5 0 0 0;	1647.61324	5	52.62639	54.66413	48.84200	8	0.00224	0.79802	0.56522	1.06250	0.00000	0	0	48.84200	12.92910	53.91930	1.4185053712523874e-63	0.0	1.4185053712523874e-63	sp|P01859|IGHG2_HUMAN	176
2020111CXY-6.15774.15774.3.0.dta	2020111CXY-6.15774.15774.3.0.dta	2020111CXY-6	15774	4395.92032	4634.93408	1545.64954	3	1	GLTFQQJASSMCVPDQDTAIR	12,Carbamidomethyl[C];11,Oxidation[M];	2355.07037	6 5 0 2 0	(N(N(H(H(N(H)))(H(N(F)(H(N(H)(F))))))))	873	0 1 0 0 0;0 2 0 0 0;1 2 0 0 0;2 2 0 0 0;2 3 0 0 0;2 3 0 1 0;3 2 0 0 0;3 3 0 0 0;3 3 0 1 0;3 4 0 0 0;3 4 0 1 0;3 4 0 2 0;4 3 0 0 0;4 3 0 1 0;4 4 0 0 0;4 4 0 1 0;4 4 0 2 0;4 5 0 0 0;4 5 0 1 0;4 5 0 2 0;5 4 0 0 0;5 4 0 1 0;5 4 0 2 0;5 5 0 0 0;5 5 0 1 0;5 5 0 2 0;6 5 0 0 0;6 5 0 1 0;	2279.82962	7	15.16426	22.64328	1.27464	3	0.03409	7.35468	0.13333	0.55000	0.00000	0	0	1.27464	12.23748	16.38801	0.006838522574954774	0.0	0.006838522574954774	sp|P01871|IGHM_HUMAN	209
2020111CXY-6.4896.4896.3.0.dta	2020111CXY-6.4896.4896.3.0.dta	2020111CXY-6	4896	1290.53673	2710.12188	904.04548	3	1	GHVJITR		796.44241	5 4 1 0 0	(N(N(H(H(N(H)))(H(N(H(A)))))))	380	0 1 0 0 0;0 2 0 0 0;1 2 0 0 0;2 2 0 0 0;2 3 0 0 0;3 2 0 0 0;3 3 0 0 0;3 3 1 0 0;3 4 0 0 0;4 3 0 0 0;4 3 1 0 0;4 4 0 0 0;4 4 1 0 0;5 4 0 0 0;	1913.67702	4	57.91496	43.40130	84.86890	7	0.00244	0.90162	0.87500	0.91667	0.00000	0	0	84.86890	11.12924	59.02788	3.11066002629783e-115	0.0	3.11066002629783e-115	sp|P00734|THRB_HUMAN	121
2020111CXY-6.9383.9383.2.0.dta	2020111CXY-6.9383.9383.2.0.dta	2020111CXY-6	9383	2496.05898	2618.05404	1309.53066	2	1	EEQFJSTFR		1157.52218	4 4 0 0 0	(N(N(H(H(N))(H(N(H))))))	98	0 1 0 0 0;0 2 0 0 0;1 2 0 0 0;2 2 0 0 0;2 3 0 0 0;3 2 0 0 0;3 3 0 0 0;3 4 0 0 0;4 3 0 0 0;	1460.52878	5	44.58155	43.38703	46.79996	7	0.00308	1.17738	0.81818	0.93750	0.00000	0	0	46.79996	12.33007	45.81456	8.512990580829159e-61	0.0	8.512990580829159e-61	sp|P01859|IGHG2_HUMAN	176
2020111CXY-6.16333.16333.3.0.dta	2020111CXY-6.16333.16333.3.0.dta	2020111CXY-6	16333	4546.82521	4104.71862	1368.91106	3	1	KVCQDCPLLAPLJDTR	3,Carbamidomethyl[C];6,Carbamidomethyl[C];	1899.94153	5 4 2 0 0	(N(N(H(H(N(H(A))))(H(N(H(A)))))))	754	0 1 0 0 0;0 2 0 0 0;1 2 0 0 0;2 2 0 0 0;2 3 0 0 0;3 2 0 0 0;3 3 0 0 0;3 3 1 0 0;3 4 0 0 0;4 3 0 0 0;4 3 1 0 0;4 4 0 0 0;4 4 1 0 0;5 4 0 0 0;5 4 1 0 0;	2204.77244	13	53.54563	51.06619	58.15029	7	0.00464	1.13162	0.82353	0.63333	0.00000	0	0	58.15029	12.92567	54.83820	7.073978308638337e-77	0.0	7.073978308638337e-77	sp|P02765|FETUA_HUMAN	156
2020111CXY-6.17689.17689.3.0.dta	2020111CXY-6.17689.17689.3.0.dta	2020111CXY-6	17689	4910.81844	4865.96041	1622.65832	3	1	QQQHLFGSJVTDCSGJFCLFR	13,Carbamidomethyl[C];18,Carbamidomethyl[C];	2515.12414	12 2 0 0 0	(N(N(H(H(H))(H(H(H(H)))(H(H(H(H(H)))))))))	962	0 1 0 0 0;0 2 0 0 0;1 2 0 0 0;2 2 0 0 0;3 2 0 0 0;4 2 0 0 0;5 2 0 0 0;6 2 0 0 0;7 2 0 0 0;8 2 0 0 0;9 2 0 0 0;10 2 0 0 0;11 2 0 0 0;	2350.79263	9	35.87378	50.97784	7.82339	5	0.04364	8.96885	0.33333	0.67500	0.00000	0	0	7.82339	17.84781	37.65856	4.592223445139816e-08	0.0	4.592223445139816e-08	sp|P02787|TRFE_HUMAN	630
2020111CXY-6.7750.7750.2.0.dta	2020111CXY-6.7750.7750.2.0.dta	2020111CXY-6	7750	2056.41831	2983.18675	1492.09701	2	1	EEQFJSTYR		1173.51708	4 5 0 1 0	(N(F)(N(H(N)(H(N(H))(N(H))))))	291	0 1 0 0 0;0 1 0 1 0;0 2 0 0 0;0 2 0 1 0;1 2 0 0 0;1 2 0 1 0;1 3 0 0 0;1 3 0 1 0;2 2 0 0 0;2 2 0 1 0;2 3 0 0 0;2 3 0 1 0;2 4 0 0 0;2 4 0 1 0;2 5 0 0 0;2 5 0 1 0;3 3 0 0 0;3 3 0 1 0;3 4 0 0 0;3 4 0 1 0;3 5 0 0 0;3 5 0 1 0;4 4 0 0 0;4 4 0 1 0;4 5 0 0 0;	1809.66607	5	26.17866	16.09491	44.90561	8	0.00360	1.20647	0.51852	0.68750	0.00000	0	0	44.90561	11.08691	27.28735	2.942930871130962e-58	0.0	2.942930871130962e-58	sp|P01861|IGHG4_HUMAN	177
2020111CXY-6.11526.11526.3.0.dta	2020111CXY-6.11526.11526.3.0.dta	2020111CXY-6	11526	3074.32370	3018.29259	1006.76905	3	1	TPLTAJITK		958.55677	5 4 1 1 0	(N(F)(N(H(H(H))(H(N)(N(H(A)))))))	552	0 1 0 0 0;0 1 0 1 0;0 2 0 0 0;0 2 0 1 0;1 2 0 0 0;1 2 0 1 0;2 2 0 0 0;2 2 0 1 0;2 3 0 0 0;2 3 0 1 0;2 4 0 0 0;2 4 0 1 0;3 2 0 0 0;3 2 0 1 0;3 3 0 0 0;3 3 0 1 0;3 3 1 0 0;3 3 1 1 0;3 4 0 0 0;3 4 0 1 0;3 4 1 0 0;3 4 1 1 0;4 2 0 0 0;4 2 0 1 0;4 3 0 0 0;4 3 0 1 0;4 3 1 0 0;4 3 1 1 0;4 4 0 0 0;4 4 0 1 0;4 4 1 0 0;4 4 1 1 0;5 3 0 0 0;5 3 0 1 0;5 3 1 0 0;5 3 1 1 0;5 4 0 0 0;5 4 0 1 0;5 4 1 0 0;	2059.73493	6	7.82643	10.86820	2.17741	4	0.00089	0.29443	0.14634	0.50000	0.00000	0	0	2.17741	8.33203	8.65963	0.0037096544038983732	0.0032258064516129032	0.0037096544038983732	sp|P01877|IGHA2_HUMAN	205
2020111CXY-6.17492.17492.4.0.dta	2020111CXY-6.17492.17492.4.0.dta	2020111CXY-6	17492	4858.04971	4689.90940	1173.23281	4	1	GLTFQQJASSMCVPDQDTAIR	12,Carbamidomethyl[C];	2339.07546	12 2 0 0 0	(N(N(H(H(H(H(H))))(H(H(H(H(H(H(H))))))))))	978	0 1 0 0 0;0 2 0 0 0;1 2 0 0 0;2 2 0 0 0;3 2 0 0 0;4 2 0 0 0;5 2 0 0 0;6 2 0 0 0;7 2 0 0 0;8 2 0 0 0;9 2 0 0 0;10 2 0 0 0;11 2 0 0 0;	2350.79263	7	48.05393	67.56781	11.81386	6	0.04132	8.80935	0.40000	0.85000	0.00000	0	0	11.81386	19.73936	50.02787	7.141368477202183e-13	0.0	7.141368477202183e-13	sp|P01871|IGHM_HUMAN	209
2020111CXY-6.17781.17781.3.0.dta	2020111CXY-6.17781.17781.3.0.dta	2020111CXY-6	17781	4935.64080	3407.46015	1136.49157	3	1	CGLVPVLAENYJK	1,Carbamidomethyl[C];	1476.75152	6 4 0 1 0	(N(N(H(H(H))(H(N(H))(N(H)(F))))))	399	0 1 0 0 0;0 2 0 0 0;1 2 0 0 0;2 2 0 0 0;2 3 0 0 0;2 3 0 1 0;2 4 0 0 0;2 4 0 1 0;3 2 0 0 0;3 3 0 0 0;3 3 0 1 0;3 4 0 0 0;3 4 0 1 0;4 2 0 0 0;4 3 0 0 0;4 3 0 1 0;4 4 0 0 0;4 4 0 1 0;5 3 0 0 0;5 3 0 1 0;5 4 0 0 0;5 4 0 1 0;6 4 0 0 0;	1930.69234	12	41.18199	54.85129	15.79614	6	0.01629	4.78209	0.36000	0.95833	0.00000	0	0	15.79614	16.36372	42.81836	9.472019657506533e-18	0.0	9.472019657506533e-18	sp|P02787|TRFE_HUMAN	432
2020111CXY-6.18886.18886.3.0.dta	2020111CXY-6.18886.18886.3.0.dta	2020111CXY-6	18886	5232.91420	3831.62763	1277.88073	3	1	YLGJATAIFFLPDEGK		1755.89521	6 4 1 0 0	(N(N(H(H(N(H(H))))(H(N(H(A)))))))	565	0 1 0 0 0;0 2 0 0 0;1 2 0 0 0;2 2 0 0 0;2 3 0 0 0;3 2 0 0 0;3 3 0 0 0;3 3 1 0 0;3 4 0 0 0;4 3 0 0 0;4 3 1 0 0;4 4 0 0 0;4 4 1 0 0;5 3 0 0 0;5 4 0 0 0;5 4 1 0 0;6 4 0 0 0;	2075.72985	4	57.32361	76.81162	21.13158	6	0.00258	0.67232	0.47368	0.90000	0.00000	0	0	21.13158	18.52230	59.17584	7.252610283358036e-25	0.0	7.252610283358036e-25	sp|P01009|A1AT_HUMAN	271
2020111CXY-6.17877.17877.3.0.dta	2020111CXY-6.17877.17877.3.0.dta	2020111CXY-6	17877	4961.50174	4451.96376	1484.65944	3	1	LQAPLJYTEFQKPICLPSK	15,Carbamidomethyl[C];	2247.18419	5 4 2 0 0	(N(N(H(H(N(H(A))))(H(N(H(A)))))))	754	0 1 0 0 0;0 2 0 0 0;1 2 0 0 0;2 2 0 0 0;2 3 0 0 0;3 2 0 0 0;3 3 0 0 0;3 3 1 0 0;3 4 0 0 0;4 3 0 0 0;4 3 1 0 0;4 4 0 0 0;4 4 1 0 0;5 4 0 0 0;5 4 1 0 0;	2204.77244	6	23.37904	33.28208	4.98768	4	0.00713	1.60086	0.35294	0.66667	0.00000	0	0	4.98768	12.93359	24.67240	3.406828475689498e-05	0.0	3.406828475689498e-05	sp|P03952|KLKB1_HUMAN	494
2020111CXY-6.16310.16310.3.0.dta	2020111CXY-6.16310.16310.3.0.dta	2020111CXY-6	16310	4540.61024	3770.44626	1257.48694	3	1	DTFVJASR		909.44247	6 5 3 0 0	(N(N(H(H(N(H(A))))(H(N(H(A)))(N(H(A)))))))	1823	0 1 0 0 0;0 2 0 0 0;1 2 0 0 0;2 2 0 0 0;2 3 0 0 0;2 4 0 0 0;3 2 0 0 0;3 3 0 0 0;3 3 1 0 0;3 4 0 0 0;3 4 1 0 0;3 5 0 0 0;4 3 0 0 0;4 3 1 0 0;4 4 0 0 0;4 4 1 0 0;4 4 2 0 0;4 5 0 0 0;4 5 1 0 0;5 4 0 0 0;5 4 1 0 0;5 4 2 0 0;5 5 0 0 0;5 5 1 0 0;5 5 2 0 0;6 5 0 0 0;6 5 1 0 0;6 5 2 0 0;	2861.00005	5	19.94640	20.66643	18.60920	6	0.00374	0.99232	0.33333	0.71429	0.00000	0	0	18.60920	9.71832	20.91823	1.2149212791021662e-21	0.0	1.2149212791021662e-21	sp|P05155|IC1_HUMAN	238
2020111CXY-6.17141.17141.3.0.dta	2020111CXY-6.17141.17141.3.0.dta	2020111CXY-6	17141	4764.21522	4437.79358	1479.93604	3	1	ITYSIVQTJCSK	10,Carbamidomethyl[C];	1413.70423	7 5 2 2 0	(N(N(H(N)(H(H)(H))(H(N(F)(H(A)))(N(F)(H(A)))))))	2079	0 1 0 0 0;0 2 0 0 0;1 2 0 0 0;1 3 0 0 0;2 2 0 0 0;2 3 0 0 0;2 3 0 1 0;2 4 0 0 0;2 4 0 1 0;2 4 0 2 0;2 5 0 0 0;2 5 0 1 0;2 5 0 2 0;3 2 0 0 0;3 3 0 0 0;3 3 0 1 0;3 3 1 0 0;3 3 1 1 0;3 4 0 0 0;3 4 0 1 0;3 4 0 2 0;3 4 1 0 0;3 4 1 1 0;3 4 1 2 0;3 5 0 0 0;3 5 0 1 0;3 5 0 2 0;3 5 1 0 0;3 5 1 1 0;3 5 1 2 0;4 2 0 0 0;4 3 0 0 0;4 3 0 1 0;4 3 1 0 0;4 3 1 1 0;4 4 0 0 0;4 4 0 1 0;4 4 0 2 0;4 4 1 0 0;4 4 1 1 0;4 4 1 2 0;4 4 2 0 0;4 4 2 1 0;4 4 2 2 0;4 5 0 0 0;4 5 0 1 0;4 5 0 2 0;4 5 1 0 0;4 5 1 1 0;4 5 1 2 0;4 5 2 0 0;4 5 2 1 0;4 5 2 2 0;5 2 0 0 0;5 3 0 0 0;5 3 0 1 0;5 3 1 0 0;5 3 1 1 0;5 4 0 0 0;5 4 0 1 0;5 4 0 2 0;5 4 1 0 0;5 4 1 1 0;5 4 1 2 0;5 4 2 0 0;5 4 2 1 0;5 4 2 2 0;5 5 0 0 0;5 5 0 1 0;5 5 0 2 0;5 5 1 0 0;5 5 1 1 0;5 5 1 2 0;5 5 2 0 0;5 5 2 1 0;5 5 2 2 0;6 3 0 0 0;6 3 0 1 0;6 3 1 0 0;6 3 1 1 0;6 4 0 0 0;6 4 0 1 0;6 4 0 2 0;6 4 1 0 0;6 4 1 1 0;6 4 1 2 0;6 4 2 0 0;6 4 2 1 0;6 4 2 2 0;6 5 0 0 0;6 5 0 1 0;6 5 0 2 0;6 5 1 0 0;6 5 1 1 0;6 5 1 2 0;6 5 2 0 0;6 5 2 1 0;6 5 2 2 0;7 4 0 0 0;7 4 0 1 0;7 4 0 2 0;7 4 1 0 0;7 4 1 1 0;7 4 1 2 0;7 4 2 0 0;7 4 2 1 0;7 4 2 2 0;7 5 0 0 0;7 5 0 1 0;7 5 0 2 0;7 5 1 0 0;7 5 1 1 0;7 5 1 2 0;7 5 2 0 0;7 5 2 1 0;	3024.07328	9	61.90359	93.63811	2.96804	5	0.01607	3.62161	0.05128	1.18182	0.00000	0	0	2.96804	19.54501	63.85809	0.0016038301353564436	0.0	0.0016038301353564436	sp|P01042|KNG1_HUMAN	205
2020111CXY-6.17129.17129.3.0.dta	2020111CXY-6.17129.17129.3.0.dta	2020111CXY-6	17129	4760.98411	3888.61097	1296.87517	3	1	LAJLTQGEDQYYLR		1683.83366	5 4 2 0 0	(N(N(H(H(N(H(A))))(H(N(H(A)))))))	754	0 1 0 0 0;0 2 0 0 0;1 2 0 0 0;2 2 0 0 0;2 3 0 0 0;3 2 0 0 0;3 3 0 0 0;3 3 1 0 0;3 4 0 0 0;4 3 0 0 0;4 3 1 0 0;4 4 0 0 0;4 4 1 0 0;5 4 0 0 0;5 4 1 0 0;	2204.77244	3	16.93619	24.58923	2.72341	4	0.00487	1.25237	0.23529	0.73077	0.00000	0	0	2.72341	11.83221	18.11941	0.0021861621022990566	0.0	0.0021861621022990566	sp|P10909|CLUS_HUMAN	374
2020111CXY-6.18722.18722.4.0.dta	2020111CXY-6.18722.18722.4.0.dta	2020111CXY-6	18722	5188.61470	4707.92359	1177.73635	4	1	LAJLTQGEDQYYLR		1683.83366	7 5 2 2 0	(N(N(H(N)(H(H)(H))(H(N(F)(H(A)))(N(F)(H(A)))))))	2079	0 1 0 0 0;0 2 0 0 0;1 2 0 0 0;1 3 0 0 0;2 2 0 0 0;2 3 0 0 0;2 3 0 1 0;2 4 0 0 0;2 4 0 1 0;2 4 0 2 0;2 5 0 0 0;2 5 0 1 0;2 5 0 2 0;3 2 0 0 0;3 3 0 0 0;3 3 0 1 0;3 3 1 0 0;3 3 1 1 0;3 4 0 0 0;3 4 0 1 0;3 4 0 2 0;3 4 1 0 0;3 4 1 1 0;3 4 1 2 0;3 5 0 0 0;3 5 0 1 0;3 5 0 2 0;3 5 1 0 0;3 5 1 1 0;3 5 1 2 0;4 2 0 0 0;4 3 0 0 0;4 3 0 1 0;4 3 1 0 0;4 3 1 1 0;4 4 0 0 0;4 4 0 1 0;4 4 0 2 0;4 4 1 0 0;4 4 1 1 0;4 4 1 2 0;4 4 2 0 0;4 4 2 1 0;4 4 2 2 0;4 5 0 0 0;4 5 0 1 0;4 5 0 2 0;4 5 1 0 0;4 5 1 1 0;4 5 1 2 0;4 5 2 0 0;4 5 2 1 0;4 5 2 2 0;5 2 0 0 0;5 3 0 0 0;5 3 0 1 0;5 3 1 0 0;5 3 1 1 0;5 4 0 0 0;5 4 0 1 0;5 4 0 2 0;5 4 1 0 0;5 4 1 1 0;5 4 1 2 0;5 4 2 0 0;5 4 2 1 0;5 4 2 2 0;5 5 0 0 0;5 5 0 1 0;5 5 0 2 0;5 5 1 0 0;5 5 1 1 0;5 5 1 2 0;5 5 2 0 0;5 5 2 1 0;5 5 2 2 0;6 3 0 0 0;6 3 0 1 0;6 3 1 0 0;6 3 1 1 0;6 4 0 0 0;6 4 0 1 0;6 4 0 2 0;6 4 1 0 0;6 4 1 1 0;6 4 1 2 0;6 4 2 0 0;6 4 2 1 0;6 4 2 2 0;6 5 0 0 0;6 5 0 1 0;6 5 0 2 0;6 5 1 0 0;6 5 1 1 0;6 5 1 2 0;6 5 2 0 0;6 5 2 1 0;6 5 2 2 0;7 4 0 0 0;7 4 0 1 0;7 4 0 2 0;7 4 1 0 0;7 4 1 1 0;7 4 1 2 0;7 4 2 0 0;7 4 2 1 0;7 4 2 2 0;7 5 0 0 0;7 5 0 1 0;7 5 0 2 0;7 5 1 0 0;7 5 1 1 0;7 5 1 2 0;7 5 2 0 0;7 5 2 1 0;	3024.07328	3	31.06036	46.70385	2.00816	4	0.01665	3.53679	0.05128	0.96154	0.00000	0	0	2.00816	16.85568	32.74593	0.003913475447045063	0.0	0.003913475447045063	sp|P10909|CLUS_HUMAN	374
2020111CXY-6.5981.5981.3.0.dta	2020111CXY-6.5981.5981.3.0.dta	2020111CXY-6	5981	1581.19828	2958.15424	986.72293	3	1	EEQYJSTYR		1189.51199	5 4 0 1 0	(N(F)(N(H(H(N(H)))(H(N(H))))))	267	0 1 0 0 0;0 1 0 1 0;0 2 0 0 0;0 2 0 1 0;1 2 0 0 0;1 2 0 1 0;2 2 0 0 0;2 2 0 1 0;2 3 0 0 0;2 3 0 1 0;3 2 0 0 0;3 2 0 1 0;3 3 0 0 0;3 3 0 1 0;3 4 0 0 0;3 4 0 1 0;4 3 0 0 0;4 3 0 1 0;4 4 0 0 0;4 4 0 1 0;5 4 0 0 0;	1768.63952	5	41.53662	38.97702	46.29017	9	0.00274	0.92464	0.60870	0.93750	0.00000	0	0	46.29017	12.50563	42.78718	5.670057251072905e-60	0.0	5.670057251072905e-60	sp|P01857|IGHG1_HUMAN	180
2020111CXY-6.18085.18085.2.0.dta	2020111CXY-6.18085.18085.2.0.dta	2020111CXY-6	18085	5017.46058	2162.05584	1081.53156	2	1	YLGJATAIFFLPDEGK		1755.89521	0 2 0 0 0	(N(N))	2	0 1 0 0 0;	406.15875	4	28.12560	41.57302	3.15183	2	0.00189	0.87475	0.66667	0.83333	0.00000	0	0	3.15183	13.81884	29.50748	0	0.0	0	sp|P01009|A1AT_HUMAN	271
2020111CXY-6.11052.11052.3.0.dta	2020111CXY-6.11052.11052.3.0.dta	2020111CXY-6	11052	2946.51953	2778.13585	926.71680	3	1	GVNFJVSK		864.45739	5 4 1 0 0	(N(N(H(H(N(H)))(H(N(H(A)))))))	380	0 1 0 0 0;0 2 0 0 0;1 2 0 0 0;2 2 0 0 0;2 3 0 0 0;3 2 0 0 0;3 3 0 0 0;3 3 1 0 0;3 4 0 0 0;4 3 0 0 0;4 3 1 0 0;4 4 0 0 0;4 4 1 0 0;5 4 0 0 0;	1913.67702	5	36.55359	42.55023	25.41698	7	0.00144	0.51779	0.50000	1.00000	0.00000	0	0	25.41698	11.60495	37.71409	1.2340813798393706e-30	0.0	1.2340813798393706e-30	sp|P03952|KLKB1_HUMAN	127
2020111CXY-6.18139.18139.3.0.dta	2020111CXY-6.18139.18139.3.0.dta	2020111CXY-6	18139	5032.00930	3687.55280	1229.85578	3	1	JLSMPLLPADFHK		1482.77735	5 4 2 0 0	(N(N(H(H(N(H(A))))(H(N(H(A)))))))	754	0 1 0 0 0;0 2 0 0 0;1 2 0 0 0;2 2 0 0 0;2 3 0 0 0;3 2 0 0 0;3 3 0 0 0;3 3 1 0 0;3 4 0 0 0;4 3 0 0 0;4 3 1 0 0;4 4 0 0 0;4 4 1 0 0;5 4 0 0 0;5 4 1 0 0;	2204.77244	1	60.05465	73.60793	34.88428	7	0.00302	0.81788	0.58824	1.04167	0.00000	0	0	34.88428	19.57648	62.01230	5.345539347852361e-44	0.0	5.345539347852361e-44	sp|P05546|HEP2_HUMAN	49
2020111CXY-6.7752.7752.2.0.dta	2020111CXY-6.7752.7752.2.0.dta	2020111CXY-6	7752	2057.02704	2821.13356	1411.07042	2	1	EEQFJSTYR		1173.51708	3 5 0 1 0	(N(N(H(N)(H(N))(H(N(F))))))	181	0 1 0 0 0;0 2 0 0 0;1 2 0 0 0;1 3 0 0 0;2 2 0 0 0;2 3 0 0 0;2 3 0 1 0;2 4 0 0 0;2 4 0 1 0;3 2 0 0 0;3 3 0 0 0;3 3 0 1 0;3 4 0 0 0;3 4 0 1 0;3 5 0 0 0;	1647.61324	5	52.15078	55.05376	46.75955	7	0.00324	1.14725	0.64706	1.00000	0.00000	0	0	46.75955	15.54287	53.70507	1.5112946642201298e-60	0.0	1.5112946642201298e-60	sp|P01861|IGHG4_HUMAN	177
2020111CXY-6.9524.9524.3.0.dta	2020111CXY-6.9524.9524.3.0.dta	2020111CXY-6	9524	2533.93362	2764.11181	922.04212	3	1	EEQFJSTFR		1157.52218	4 4 0 1 0	(N(F)(N(H(H(N(H))(N(H))))))	166	0 1 0 0 0;0 1 0 1 0;0 2 0 0 0;0 2 0 1 0;1 2 0 0 0;1 2 0 1 0;2 2 0 0 0;2 2 0 1 0;2 3 0 0 0;2 3 0 1 0;2 4 0 0 0;2 4 0 1 0;3 3 0 0 0;3 3 0 1 0;3 4 0 0 0;3 4 0 1 0;4 4 0 0 0;	1606.58669	5	26.43858	21.79255	35.06692	8	0.00294	1.06495	0.52632	0.75000	0.00000	0	0	35.06692	10.50036	27.48862	3.4513063897807234e-44	0.0	3.4513063897807234e-44	sp|P01859|IGHG2_HUMAN	176
2020111CXY-6.16846.16846.3.0.dta	2020111CXY-6.16846.16846.3.0.dta	2020111CXY-6	16846	4685.18031	4253.74070	1418.58508	3	1	LAJLTQGEDQYYLR		1683.83366	6 5 2 0 0	(N(N(H(H(N(H(A))))(H(N(H))(N(H(A)))))))	1338	0 1 0 0 0;0 2 0 0 0;1 2 0 0 0;2 2 0 0 0;2 3 0 0 0;2 4 0 0 0;3 2 0 0 0;3 3 0 0 0;3 3 1 0 0;3 4 0 0 0;3 4 1 0 0;3 5 0 0 0;4 3 0 0 0;4 3 1 0 0;4 4 0 0 0;4 4 1 0 0;4 5 0 0 0;4 5 1 0 0;5 4 0 0 0;5 4 1 0 0;5 4 2 0 0;5 5 0 0 0;5 5 1 0 0;5 5 2 0 0;6 5 0 0 0;6 5 1 0 0;	2569.90464	3	30.60223	45.01524	3.83522	4	0.00240	0.56445	0.21429	0.92308	0.00000	0	0	3.83522	13.86781	31.98901	0.0004148803104509749	0.0	0.0004148803104509749	sp|P10909|CLUS_HUMAN	374
2020111CXY-6.16816.16816.3.0.dta	2020111CXY-6.16816.16816.3.0.dta	2020111CXY-6	16816	4677.10742	4485.81745	1495.94400	3	1	QDQCIYJTTYLNVQR	4,Carbamidomethyl[C];	1915.89667	6 5 2 0 0	(N(N(H(H(N(H(A))))(H(N(H))(N(H(A)))))))	1338	0 1 0 0 0;0 2 0 0 0;1 2 0 0 0;2 2 0 0 0;2 3 0 0 0;2 4 0 0 0;3 2 0 0 0;3 3 0 0 0;3 3 1 0 0;3 4 0 0 0;3 4 1 0 0;3 5 0 0 0;4 3 0 0 0;4 3 1 0 0;4 4 0 0 0;4 4 1 0 0;4 5 0 0 0;4 5 1 0 0;5 4 0 0 0;5 4 1 0 0;5 4 2 0 0;5 5 0 0 0;5 5 1 0 0;5 5 2 0 0;6 5 0 0 0;6 5 1 0 0;	2569.90464	7	12.98016	18.19688	3.29197	4	0.01615	3.59934	0.21429	0.60714	0.00000	0	0	3.29197	10.97817	14.07798	0.0009578837400428741	0.0	0.0009578837400428741	sp|P02763|A1AG1_HUMAN	93
2020111CXY-6.10182.10182.3.0.dta	2020111CXY-6.10182.10182.3.0.dta	2020111CXY-6	10182	2711.43019	2671.20018	891.07158	3	1	QSVPAHFVALJGSK		1454.77504	5 2 0 0 0	(N(N(H(H(H)(H(H))))))	33	0 1 0 0 0;0 2 0 0 0;1 2 0 0 0;2 2 0 0 0;3 2 0 0 0;4 2 0 0 0;	1216.42286	11	96.79624	120.93759	51.96231	7	0.00228	0.85396	1.00000	1.11538	0.00000	0	0	51.96231	20.61297	98.85754	2.9931860680473113e-68	0.0	2.9931860680473113e-68	sp|P06681|CO2_HUMAN	621
2020111CXY-6.7063.7063.3.0.dta	2020111CXY-6.7063.7063.3.0.dta	2020111CXY-6	7063	1871.69645	3001.21870	1001.07775	3	1	GHVJITR		796.44241	5 4 2 0 0	(N(N(H(H(N(H(A))))(H(N(H(A)))))))	754	0 1 0 0 0;0 2 0 0 0;1 2 0 0 0;2 2 0 0 0;2 3 0 0 0;3 2 0 0 0;3 3 0 0 0;3 3 1 0 0;3 4 0 0 0;4 3 0 0 0;4 3 1 0 0;4 4 0 0 0;4 4 1 0 0;5 4 0 0 0;5 4 1 0 0;	2204.77244	4	24.64036	8.22565	55.12482	7	0.00384	1.28047	0.76471	0.50000	0.00000	0	0	55.12482	8.38805	25.47916	9.270065267279901e-73	0.0022002200220022	0.0022002200220022	sp|P00734|THRB_HUMAN	121
2020111CXY-6.18700.18700.4.0.dta	2020111CXY-6.18700.18700.4.0.dta	2020111CXY-6	18700	5182.70871	4899.97946	1225.75032	4	1	ELPGVCJETMMALWEECKPCLK	6,Carbamidomethyl[C];17,Carbamidomethyl[C];20,Carbamidomethyl[C];	2695.20569	5 4 2 0 0	(N(N(H(H(N(H(A))))(H(N(H(A)))))))	754	0 1 0 0 0;0 2 0 0 0;1 2 0 0 0;2 2 0 0 0;2 3 0 0 0;3 2 0 0 0;3 3 0 0 0;3 3 1 0 0;3 4 0 0 0;4 3 0 0 0;4 3 1 0 0;4 4 0 0 0;4 4 1 0 0;5 4 0 0 0;5 4 1 0 0;	2204.77244	7	30.82677	39.94278	13.89704	6	0.00133	0.27204	0.41176	0.61905	0.00000	0	0	13.89704	15.08006	32.33478	1.8875675090133548e-15	0.0	1.8875675090133548e-15	sp|P10909|CLUS_HUMAN	103
2020111CXY-6.2919.2919.3.0.dta	2020111CXY-6.2919.2919.3.0.dta	2020111CXY-6	2919	762.39666	3828.51457	1276.84304	3	1	HSHNJJSSDLHPHK		1623.73709	5 4 2 0 0	(N(N(H(H(N(H(A))))(H(N(H(A)))))))	754	0 1 0 0 0;0 2 0 0 0;1 2 0 0 0;2 2 0 0 0;2 3 0 0 0;3 2 0 0 0;3 3 0 0 0;3 3 1 0 0;3 4 0 0 0;4 3 0 0 0;4 3 1 0 0;4 4 0 0 0;4 4 1 0 0;5 4 0 0 0;5 4 1 0 0;	2204.77244	5	73.41351	77.70686	65.44015	7	0.00504	1.31643	0.82353	0.96154	0.00000	0	0	65.44015	15.98106	75.01162	8.625049969257832e-88	0.0	8.625049969257832e-88	sp|P04196|HRG_HUMAN	344
2020111CXY-6.5813.5813.2.0.dta	2020111CXY-6.5813.5813.2.0.dta	2020111CXY-6	5813	1536.71904	2487.99068	1244.49898	2	1	EEQYJSTYR		1189.51199	3 4 0 0 0	(N(N(H(H(N))(H(N)))))	52	0 1 0 0 0;0 2 0 0 0;1 2 0 0 0;2 2 0 0 0;2 3 0 0 0;3 2 0 0 0;3 3 0 0 0;	1298.47596	5	50.42524	51.91184	47.66440	7	0.00273	1.09883	1.00000	0.93750	0.00000	0	0	47.66440	12.26587	51.65183	1.4706714434720059e-62	0.0	1.4706714434720059e-62	sp|P01857|IGHG1_HUMAN	180
2020111CXY-6.16058.16058.3.0.dta	2020111CXY-6.16058.16058.3.0.dta	2020111CXY-6	16058	4472.91070	3965.76437	1322.59297	3	1	TVLTPATNHMGJVTFTIPANR		2255.16011	5 3 1 0 0	(N(N(H(H(H))(H(N(H(A)))))))	220	0 1 0 0 0;0 2 0 0 0;1 2 0 0 0;2 2 0 0 0;2 3 0 0 0;3 2 0 0 0;3 3 0 0 0;3 3 1 0 0;4 2 0 0 0;4 3 0 0 0;4 3 1 0 0;5 3 0 0 0;	1710.59765	12	13.60919	13.94537	12.98487	6	0.00660	1.66450	0.50000	0.37500	0.00000	0	0	12.98487	9.75881	14.58507	3.428909956892478e-14	0.0	3.428909956892478e-14	sp|P01024|CO3_HUMAN	85
2020111CXY-6.16723.16723.3.0.dta	2020111CXY-6.16723.16723.3.0.dta	2020111CXY-6	16723	4651.98981	4160.86633	1387.62696	3	1	LQAPLJYTEFQKPICLPSK	15,Carbamidomethyl[C];	2247.18419	5 4 1 0 0	(N(N(H(H(N(H)))(H(N(H(A)))))))	380	0 1 0 0 0;0 2 0 0 0;1 2 0 0 0;2 2 0 0 0;2 3 0 0 0;3 2 0 0 0;3 3 0 0 0;3 3 1 0 0;3 4 0 0 0;4 3 0 0 0;4 3 1 0 0;4 4 0 0 0;4 4 1 0 0;5 4 0 0 0;	1913.67702	6	50.98859	65.29145	24.42614	6	0.00511	1.22871	0.56250	0.83333	0.00000	0	0	24.42614	15.65073	52.55366	2.096618751749387e-29	0.0	2.096618751749387e-29	sp|P03952|KLKB1_HUMAN	494
2020111CXY-6.18465.18465.4.0.dta	2020111CXY-6.18465.18465.4.0.dta	2020111CXY-6	18465	5119.62857	5626.33484	1407.33917	4	1	FJLTETSEAEIHQSFQHLLR		2400.19425	7 6 3 0 0	(N(N(H(H(N(H))(N(H(A))))(H(N(H(A)))(N(H(A)))))))	2341	0 1 0 0 0;0 2 0 0 0;1 2 0 0 0;2 2 0 0 0;2 3 0 0 0;2 4 0 0 0;3 2 0 0 0;3 3 0 0 0;3 3 1 0 0;3 4 0 0 0;3 4 1 0 0;3 5 0 0 0;3 6 0 0 0;4 3 0 0 0;4 3 1 0 0;4 4 0 0 0;4 4 1 0 0;4 4 2 0 0;4 5 0 0 0;4 5 1 0 0;4 6 0 0 0;4 6 1 0 0;5 4 0 0 0;5 4 1 0 0;5 4 2 0 0;5 5 0 0 0;5 5 1 0 0;5 5 2 0 0;5 6 0 0 0;5 6 1 0 0;5 6 2 0 0;6 5 0 0 0;6 5 1 0 0;6 5 2 0 0;6 5 3 0 0;6 6 0 0 0;6 6 1 0 0;6 6 2 0 0;6 6 3 0 0;7 6 0 0 0;7 6 1 0 0;7 6 2 0 0;	3226.13225	2	30.58092	39.53338	13.95492	6	0.00834	1.48187	0.25000	0.73684	0.00000	0	0	13.95492	14.97585	32.07851	1.5757728411278668e-15	0.0	1.5757728411278668e-15	sp|P01011|AACT_HUMAN	106
2020111CXY-6.9525.9525.2.0.dta	2020111CXY-6.9525.9525.2.0.dta	2020111CXY-6	9525	2534.21123	2764.11163	1382.55946	2	1	EEQFJSTFR		1157.52218	4 4 0 1 0	(N(F)(N(H(H(N))(H(N(H))))))	158	0 1 0 0 0;0 1 0 1 0;0 2 0 0 0;0 2 0 1 0;1 2 0 0 0;1 2 0 1 0;2 2 0 0 0;2 2 0 1 0;2 3 0 0 0;2 3 0 1 0;3 2 0 0 0;3 2 0 1 0;3 3 0 0 0;3 3 0 1 0;3 4 0 0 0;3 4 0 1 0;4 3 0 0 0;4 3 0 1 0;4 4 0 0 0;	1606.58669	5	32.07849	30.69747	34.64323	8	0.00276	0.99983	0.52381	0.81250	0.00000	0	0	34.64323	11.16359	33.19485	9.305999796617875e-44	0.0	9.305999796617875e-44	sp|P01859|IGHG2_HUMAN	176
2020111CXY-6.16082.16082.3.0.dta	2020111CXY-6.16082.16082.3.0.dta	2020111CXY-6	16082	4479.33942	4313.84647	1438.62034	3	1	ADGTVNQIEGEATPVJLTEPAK		2254.11975	5 4 1 1 0	(N(N(H(H)(H(N(H)(F))(N(H(A)))))))	546	0 1 0 0 0;0 2 0 0 0;1 2 0 0 0;2 2 0 0 0;2 3 0 0 0;2 3 0 1 0;2 4 0 0 0;2 4 0 1 0;3 2 0 0 0;3 3 0 0 0;3 3 0 1 0;3 3 1 0 0;3 4 0 0 0;3 4 0 1 0;3 4 1 0 0;3 4 1 1 0;4 3 0 0 0;4 3 0 1 0;4 3 1 0 0;4 4 0 0 0;4 4 0 1 0;4 4 1 0 0;4 4 1 1 0;5 4 0 0 0;5 4 0 1 0;5 4 1 0 0;	2059.73493	16	6.25872	8.95750	1.24670	3	-0.00821	-1.90255	0.17857	0.28571	0.00000	0	0	1.24670	7.98903	7.05762	0.00705902339550721	0.0072992700729927005	0.009322005316128153	sp|P05090|APOD_HUMAN	98
2020111CXY-6.6197.6197.3.0.dta	2020111CXY-6.6197.6197.3.0.dta	2020111CXY-6	6197	1638.34543	2999.18048	1000.39834	3	1	EEQYJSTYR		1189.51199	4 5 0 1 0	(N(F)(N(H(N)(H(N(H))(N(H))))))	291	0 1 0 0 0;0 1 0 1 0;0 2 0 0 0;0 2 0 1 0;1 2 0 0 0;1 2 0 1 0;1 3 0 0 0;1 3 0 1 0;2 2 0 0 0;2 2 0 1 0;2 3 0 0 0;2 3 0 1 0;2 4 0 0 0;2 4 0 1 0;2 5 0 0 0;2 5 0 1 0;3 3 0 0 0;3 3 0 1 0;3 4 0 0 0;3 4 0 1 0;3 5 0 0 0;3 5 0 1 0;4 4 0 0 0;4 4 0 1 0;4 5 0 0 0;	1809.66607	5	64.85980	81.44188	34.06451	7	0.00242	0.80759	0.48148	1.25000	0.00000	0	0	34.06451	17.61834	66.62163	6.666188466844147e-43	0.0	6.666188466844147e-43	sp|P01857|IGHG1_HUMAN	180
2020111CXY-6.18969.18969.3.0.dta	2020111CXY-6.18969.18969.3.0.dta	2020111CXY-6	18969	5255.30465	4485.87219	1495.96225	3	1	YTGJASALFILPDQDK		1752.88028	7 5 1 2 0	(N(N(H(N)(H(H)(H))(H(N(H)(F))(N(F)(H(A)))))))	1610	0 1 0 0 0;0 2 0 0 0;1 2 0 0 0;1 3 0 0 0;2 2 0 0 0;2 3 0 0 0;2 3 0 1 0;2 4 0 0 0;2 4 0 1 0;2 4 0 2 0;2 5 0 0 0;2 5 0 1 0;2 5 0 2 0;3 2 0 0 0;3 3 0 0 0;3 3 0 1 0;3 3 1 0 0;3 3 1 1 0;3 4 0 0 0;3 4 0 1 0;3 4 0 2 0;3 4 1 0 0;3 4 1 1 0;3 4 1 2 0;3 5 0 0 0;3 5 0 1 0;3 5 0 2 0;3 5 1 0 0;3 5 1 1 0;3 5 1 2 0;4 2 0 0 0;4 3 0 0 0;4 3 0 1 0;4 3 1 0 0;4 3 1 1 0;4 4 0 0 0;4 4 0 1 0;4 4 0 2 0;4 4 1 0 0;4 4 1 1 0;4 4 1 2 0;4 5 0 0 0;4 5 0 1 0;4 5 0 2 0;4 5 1 0 0;4 5 1 1 0;4 5 1 2 0;5 2 0 0 0;5 3 0 0 0;5 3 0 1 0;5 3 1 0 0;5 3 1 1 0;5 4 0 0 0;5 4 0 1 0;5 4 0 2 0;5 4 1 0 0;5 4 1 1 0;5 4 1 2 0;5 5 0 0 0;5 5 0 1 0;5 5 0 2 0;5 5 1 0 0;5 5 1 1 0;5 5 1 2 0;6 3 0 0 0;6 3 0 1 0;6 3 1 0 0;6 3 1 1 0;6 4 0 0 0;6 4 0 1 0;6 4 0 2 0;6 4 1 0 0;6 4 1 1 0;6 4 1 2 0;6 5 0 0 0;6 5 0 1 0;6 5 0 2 0;6 5 1 0 0;6 5 1 1 0;6 5 1 2 0;7 4 0 0 0;7 4 0 1 0;7 4 0 2 0;7 4 1 0 0;7 4 1 1 0;7 4 1 2 0;7 5 0 0 0;7 5 0 1 0;7 5 0 2 0;7 5 1 0 0;7 5 1 1 0;	2732.97786	4	42.62405	58.98594	12.23769	7	0.01405	3.13216	0.11828	0.90000	0.00000	0	0	12.23769	18.44527	44.46858	2.2208772079026407e-13	0.0	2.2208772079026407e-13	sp|P01011|AACT_HUMAN	271
2020111CXY-6.16957.16957.4.0.dta	2020111CXY-6.16957.16957.4.0.dta	2020111CXY-6	16957	4714.77020	4900.16676	1225.79715	4	1	MVSHHJLTTGATLINEQWLLTTAK	1,Oxidation[M];	2695.38721	5 4 2 0 0	(N(N(H(H(N(H(A))))(H(N(H(A)))))))	754	0 1 0 0 0;0 2 0 0 0;1 2 0 0 0;2 2 0 0 0;2 3 0 0 0;3 2 0 0 0;3 3 0 0 0;3 3 1 0 0;3 4 0 0 0;4 3 0 0 0;4 3 1 0 0;4 4 0 0 0;4 4 1 0 0;5 4 0 0 0;5 4 1 0 0;	2204.77244	6	44.28339	54.72015	24.90085	7	0.00710	1.44994	0.52941	0.63043	0.00000	0	0	24.90085	17.90486	46.07388	6.032612263772347e-30	0.0	6.032612263772347e-30	sp|P00739|HPTR_HUMAN/sp|P00738|HPT_HUMAN	126/184
2020111CXY-6.16746.16746.3.0.dta	2020111CXY-6.16746.16746.3.0.dta	2020111CXY-6	16746	4658.19576	3636.46718	1212.82724	3	1	LNAENJATFYFK		1431.69030	5 4 2 0 0	(N(N(H(H(N(H(A))))(H(N(H(A)))))))	754	0 1 0 0 0;0 2 0 0 0;1 2 0 0 0;2 2 0 0 0;2 3 0 0 0;3 2 0 0 0;3 3 0 0 0;3 3 1 0 0;3 4 0 0 0;4 3 0 0 0;4 3 1 0 0;4 4 0 0 0;4 4 1 0 0;5 4 0 0 0;5 4 1 0 0;	2204.77244	6	55.68967	72.34324	24.76162	6	0.00444	1.22178	0.52941	1.09091	0.00000	0	0	24.76162	15.08922	57.19859	8.360233955005299e-30	0.0	8.360233955005299e-30	sp|P01042|KNG1_HUMAN	294
2020111CXY-6.18877.18877.3.0.dta	2020111CXY-6.18877.18877.3.0.dta	2020111CXY-6	18877	5230.55847	3848.65398	1283.55618	3	1	YLGJATAIFFLPDEGK		1755.89521	7 4 0 1 0	(N(N(H(H(H)(H))(H(N(H))(N(H)(F))))))	586	0 1 0 0 0;0 2 0 0 0;1 2 0 0 0;2 2 0 0 0;2 3 0 0 0;2 3 0 1 0;2 4 0 0 0;2 4 0 1 0;3 2 0 0 0;3 3 0 0 0;3 3 0 1 0;3 4 0 0 0;3 4 0 1 0;4 2 0 0 0;4 3 0 0 0;4 3 0 1 0;4 4 0 0 0;4 4 0 1 0;5 2 0 0 0;5 3 0 0 0;5 3 0 1 0;5 4 0 0 0;5 4 0 1 0;6 3 0 0 0;6 3 0 1 0;6 4 0 0 0;6 4 0 1 0;7 4 0 0 0;	2092.74516	4	36.26429	46.64059	16.99403	6	0.01361	3.53717	0.33333	0.86667	0.00000	0	0	16.99403	17.54431	38.01872	1.8048777601154626e-19	0.0	1.8048777601154626e-19	sp|P01009|A1AT_HUMAN	271
2020111CXY-6.16943.16943.3.0.dta	2020111CXY-6.16943.16943.3.0.dta	2020111CXY-6	16943	4710.94912	3390.43155	1130.81537	3	1	CGLVPVLAENYJK	1,Carbamidomethyl[C];	1476.75152	5 4 1 0 0	(N(N(H(H(N(H)))(H(N(H(A)))))))	380	0 1 0 0 0;0 2 0 0 0;1 2 0 0 0;2 2 0 0 0;2 3 0 0 0;3 2 0 0 0;3 3 0 0 0;3 3 1 0 0;3 4 0 0 0;4 3 0 0 0;4 3 1 0 0;4 4 0 0 0;4 4 1 0 0;5 4 0 0 0;	1913.67702	12	15.02832	22.22754	1.65834	3	0.00301	0.88794	0.18750	0.62500	0.00000	0	0	1.65834	10.02568	16.03089	0.004651514699326033	0.0	0.004651514699326033	sp|P02787|TRFE_HUMAN	432
2020111CXY-6.16353.16353.4.0.dta	2020111CXY-6.16353.16353.4.0.dta	2020111CXY-6	16353	4552.11548	4826.03377	1207.26390	4	1	HGIQYFNJNTQHSSLFMLNEVK		2621.25652	5 4 2 0 0	(N(N(H(H(N(H(A))))(H(N(H(A)))))))	754	0 1 0 0 0;0 2 0 0 0;1 2 0 0 0;2 2 0 0 0;2 3 0 0 0;3 2 0 0 0;3 3 0 0 0;3 3 1 0 0;3 4 0 0 0;4 3 0 0 0;4 3 1 0 0;4 4 0 0 0;4 4 1 0 0;5 4 0 0 0;5 4 1 0 0;	2204.77244	8	58.47426	61.11162	53.57630	7	0.00481	0.99646	0.64706	0.66667	0.00000	0	0	53.57630	20.39181	60.51344	2.1303914800166937e-70	0.0	2.1303914800166937e-70	sp|P01042|KNG1_HUMAN	169
2020111CXY-6.7643.7643.3.1.dta	2020111CXY-6.7643.7643.3.1.dta	2020111CXY-6	7643	2027.66200	3120.21973	1040.74476	3	1	EEQYJSTYR		1189.51199	6 4 0 1 0	(N(N(H(H(H))(H(N(H))(N(H)(F))))))	399	0 1 0 0 0;0 2 0 0 0;1 2 0 0 0;2 2 0 0 0;2 3 0 0 0;2 3 0 1 0;2 4 0 0 0;2 4 0 1 0;3 2 0 0 0;3 3 0 0 0;3 3 0 1 0;3 4 0 0 0;3 4 0 1 0;4 2 0 0 0;4 3 0 0 0;4 3 0 1 0;4 4 0 0 0;4 4 0 1 0;5 3 0 0 0;5 3 0 1 0;5 4 0 0 0;5 4 0 1 0;6 4 0 0 0;	1930.69234	5	22.53020	18.99216	29.10084	7	0.01540	4.93708	0.40000	0.62500	0.00000	0	0	29.10084	9.08057	23.43826	1.3568556854868037e-35	0.0011389521640091116	0.0011389521640091116	sp|P01857|IGHG1_HUMAN	180
2020111CXY-6.15879.15879.4.0.dta	2020111CXY-6.15879.15879.4.0.dta	2020111CXY-6	15879	4424.31964	5254.27312	1314.32374	4	1	ELHHLQEQJVSNAFLDKGEFYIGSK		2903.43224	5 4 2 1 0	(N(F)(N(H(H(N(H(A))))(H(N(H(A)))))))	991	0 1 0 0 0;0 1 0 1 0;0 2 0 0 0;0 2 0 1 0;1 2 0 0 0;1 2 0 1 0;2 2 0 0 0;2 2 0 1 0;2 3 0 0 0;2 3 0 1 0;3 2 0 0 0;3 2 0 1 0;3 3 0 0 0;3 3 0 1 0;3 3 1 0 0;3 3 1 1 0;3 4 0 0 0;3 4 0 1 0;4 3 0 0 0;4 3 0 1 0;4 3 1 0 0;4 3 1 1 0;4 4 0 0 0;4 4 0 1 0;4 4 1 0 0;4 4 1 1 0;5 4 0 0 0;5 4 0 1 0;5 4 1 0 0;5 4 1 1 0;5 4 2 0 0;	2350.83035	9	13.96520	20.71517	1.42956	2	0.01053	2.00449	0.21212	0.43750	0.00000	0	0	1.42956	11.55488	15.12069	0.005782666201917619	0.0	0.005782666201917619	sp|P00450|CERU_HUMAN	762
2020111CXY-6.7614.7614.3.0.dta	2020111CXY-6.7614.7614.3.0.dta	2020111CXY-6	7614	2019.94734	2618.05353	873.35603	3	1	EEQFJSTYR		1173.51708	3 4 0 1 0	(N(N(H(H(N(H))(N(F))))))	90	0 1 0 0 0;0 2 0 0 0;1 2 0 0 0;2 2 0 0 0;2 3 0 0 0;2 3 0 1 0;2 4 0 0 0;2 4 0 1 0;3 3 0 0 0;3 4 0 0 0;	1444.53387	5	14.67811	10.84055	21.80500	6	0.00257	0.98282	0.50000	0.56250	0.00000	0	0	21.80500	8.69000	15.54711	7.601438453916247e-26	0.0011389521640091116	0.0011389521640091116	sp|P01861|IGHG4_HUMAN	177
2020111CXY-6.4972.4972.2.0.dta	2020111CXY-6.4972.4972.2.0.dta	2020111CXY-6	4972	1311.12618	2588.01709	1294.51218	2	1	JFSSLR		723.37841	9 2 0 0 0	(N(N(H(H(H(H)))(H(H(H))(H(H))))))	331	0 1 0 0 0;0 2 0 0 0;1 2 0 0 0;2 2 0 0 0;3 2 0 0 0;4 2 0 0 0;5 2 0 0 0;6 2 0 0 0;7 2 0 0 0;8 2 0 0 0;	1864.63416	1	24.50450	9.41562	52.52671	7	0.00452	1.74549	0.75000	0.70000	0.00000	0	0	52.52671	8.66144	25.37064	2.575092065699017e-69	0.0022002200220022	0.0022002200220022	sp|Q9NZL6|RGL1_HUMAN/sp|Q3MIN7|RGL3_HUMAN/sp|Q16348|S15A2_HUMAN	324/339/373
2020111CXY-6.8880.8880.3.0.dta	2020111CXY-6.8880.8880.3.0.dta	2020111CXY-6	8880	2360.71286	3674.38066	1225.46507	3	1	NEEYJK		796.34716	7 5 2 1 0	(N(N(H(N)(H(H)(H))(H(N(H(A)))(N(F)(H(A)))))))	1849	0 1 0 0 0;0 2 0 0 0;1 2 0 0 0;1 3 0 0 0;2 2 0 0 0;2 3 0 0 0;2 3 0 1 0;2 4 0 0 0;2 4 0 1 0;2 5 0 0 0;2 5 0 1 0;3 2 0 0 0;3 3 0 0 0;3 3 0 1 0;3 3 1 0 0;3 3 1 1 0;3 4 0 0 0;3 4 0 1 0;3 4 1 0 0;3 4 1 1 0;3 5 0 0 0;3 5 0 1 0;3 5 1 0 0;3 5 1 1 0;4 2 0 0 0;4 3 0 0 0;4 3 0 1 0;4 3 1 0 0;4 3 1 1 0;4 4 0 0 0;4 4 0 1 0;4 4 1 0 0;4 4 1 1 0;4 4 2 0 0;4 4 2 1 0;4 5 0 0 0;4 5 0 1 0;4 5 1 0 0;4 5 1 1 0;4 5 2 0 0;4 5 2 1 0;5 2 0 0 0;5 3 0 0 0;5 3 0 1 0;5 3 1 0 0;5 3 1 1 0;5 4 0 0 0;5 4 0 1 0;5 4 1 0 0;5 4 1 1 0;5 4 2 0 0;5 4 2 1 0;5 5 0 0 0;5 5 0 1 0;5 5 1 0 0;5 5 1 1 0;5 5 2 0 0;5 5 2 1 0;6 3 0 0 0;6 3 0 1 0;6 3 1 0 0;6 3 1 1 0;6 4 0 0 0;6 4 0 1 0;6 4 1 0 0;6 4 1 1 0;6 4 2 0 0;6 4 2 1 0;6 5 0 0 0;6 5 0 1 0;6 5 1 0 0;6 5 1 1 0;6 5 2 0 0;6 5 2 1 0;7 4 0 0 0;7 4 0 1 0;7 4 1 0 0;7 4 1 1 0;7 4 2 0 0;7 4 2 1 0;7 5 0 0 0;7 5 0 1 0;7 5 1 0 0;7 5 1 1 0;7 5 2 0 0;	2878.01537	5	31.44920	42.46742	10.98678	6	0.01813	4.93464	0.12644	1.20000	0.00000	0	0	10.98678	10.25709	32.47491	1.2426520313422148e-11	0.0	1.2426520313422148e-11	sp|P02763|A1AG1_HUMAN/sp|P19652|A1AG2_HUMAN	56/56
2020111CXY-6.3018.3018.3.0.dta	2020111CXY-6.3018.3018.3.0.dta	2020111CXY-6	3018	788.79306	3090.14502	1030.71986	3	1	HJFSHCCSK	6,Carbamidomethyl[C];7,Carbamidomethyl[C];	1176.46732	5 4 1 0 0	(N(N(H(H(N(H)))(H(N(H(A)))))))	380	0 1 0 0 0;0 2 0 0 0;1 2 0 0 0;2 2 0 0 0;2 3 0 0 0;3 2 0 0 0;3 3 0 0 0;3 3 1 0 0;3 4 0 0 0;4 3 0 0 0;4 3 1 0 0;4 4 0 0 0;4 4 1 0 0;5 4 0 0 0;	1913.67702	2	10.35392	3.06704	23.88672	6	0.00067	0.21666	0.56250	0.31250	0.00000	0	0	23.88672	8.13233	11.16715	9.940150587249793e-29	0.004250797024442083	0.004250797024442083	sp|P43652|AFAM_HUMAN	109
2020111CXY-6.5445.5445.3.0.dta	2020111CXY-6.5445.5445.3.0.dta	2020111CXY-6	5445	1438.41876	3344.35578	1115.45678	3	1	YKJNSDISSTR		1284.61786	5 4 1 1 0	(N(F)(N(H(H(N(H)))(H(N(H(A)))))))	549	0 1 0 0 0;0 1 0 1 0;0 2 0 0 0;0 2 0 1 0;1 2 0 0 0;1 2 0 1 0;2 2 0 0 0;2 2 0 1 0;2 3 0 0 0;2 3 0 1 0;3 2 0 0 0;3 2 0 1 0;3 3 0 0 0;3 3 0 1 0;3 3 1 0 0;3 3 1 1 0;3 4 0 0 0;3 4 0 1 0;4 3 0 0 0;4 3 0 1 0;4 3 1 0 0;4 3 1 1 0;4 4 0 0 0;4 4 0 1 0;4 4 1 0 0;4 4 1 1 0;5 4 0 0 0;5 4 0 1 0;5 4 1 0 0;	2059.73493	3	52.79884	37.27858	81.62218	9	0.00298	0.89246	0.67742	0.95000	0.00000	0	0	81.62218	14.06544	54.20538	9.292760425741908e-111	0.0	9.292760425741908e-111	sp|P01871|IGHM_HUMAN	46
2020111CXY-6.10278.10278.3.1.dta	2020111CXY-6.10278.10278.3.1.dta	2020111CXY-6	10278	2737.24004	2840.14978	947.38811	3	1	DTFVJASR		909.44247	6 4 0 1 0	(N(N(H(H(H))(H(N(H))(N(H)(F))))))	399	0 1 0 0 0;0 2 0 0 0;1 2 0 0 0;2 2 0 0 0;2 3 0 0 0;2 3 0 1 0;2 4 0 0 0;2 4 0 1 0;3 2 0 0 0;3 3 0 0 0;3 3 0 1 0;3 4 0 0 0;3 4 0 1 0;4 2 0 0 0;4 3 0 0 0;4 3 0 1 0;4 4 0 0 0;4 4 0 1 0;5 3 0 0 0;5 3 0 1 0;5 4 0 0 0;5 4 0 1 0;6 4 0 0 0;	1930.69234	5	18.39152	15.88340	23.04946	7	0.01497	5.27218	0.32000	0.64286	0.00000	0	0	23.04946	9.33016	19.32454	1.610538972247844e-27	0.0	1.610538972247844e-27	sp|P05155|IC1_HUMAN	238
2020111CXY-6.3932.3932.2.0.dta	2020111CXY-6.3932.3932.2.0.dta	2020111CXY-6	3932	1032.07200	2858.11466	1429.56097	2	1	HJSTGCLR	6,Carbamidomethyl[C];	944.43667	5 4 1 0 0	(N(N(H(H(N(H)))(H(N(H(A)))))))	380	0 1 0 0 0;0 2 0 0 0;1 2 0 0 0;2 2 0 0 0;2 3 0 0 0;3 2 0 0 0;3 3 0 0 0;3 3 1 0 0;3 4 0 0 0;4 3 0 0 0;4 3 1 0 0;4 4 0 0 0;4 4 1 0 0;5 4 0 0 0;	1913.67702	2	17.68640	6.37259	38.69777	7	0.00096	0.33571	0.68750	0.50000	0.00000	0	0	38.69777	8.48682	18.53508	2.795092302145818e-49	0.0022002200220022	0.0022002200220022	sp|P10909|CLUS_HUMAN	291
2020111CXY-6.4791.4791.3.0.dta	2020111CXY-6.4791.4791.3.0.dta	2020111CXY-6	4791	1262.23815	2995.21929	999.07795	3	1	YKJNSDISSTR		1284.61786	5 3 1 0 0	(N(N(H(H(H))(H(N(H(A)))))))	220	0 1 0 0 0;0 2 0 0 0;1 2 0 0 0;2 2 0 0 0;2 3 0 0 0;3 2 0 0 0;3 3 0 0 0;3 3 1 0 0;4 2 0 0 0;4 3 0 0 0;4 3 1 0 0;5 3 0 0 0;	1710.59765	3	63.47161	60.33634	69.29425	7	0.00379	1.26369	0.85714	1.15000	0.00000	0	0	69.29425	16.88069	65.15968	2.0056117649985824e-93	0.0	2.0056117649985824e-93	sp|P01871|IGHM_HUMAN	46
2020111CXY-6.7697.7697.2.0.dta	2020111CXY-6.7697.7697.2.0.dta	2020111CXY-6	7697	2042.29057	2941.13953	1471.07340	2	1	EEQYJSTYR		1189.51199	4 4 1 0 0	(N(N(H(H(N))(H(N(H(A)))))))	239	0 1 0 0 0;0 2 0 0 0;1 2 0 0 0;2 2 0 0 0;2 3 0 0 0;3 2 0 0 0;3 3 0 0 0;3 3 1 0 0;3 4 0 0 0;4 3 0 0 0;4 3 1 0 0;4 4 0 0 0;	1751.62420	5	20.99725	13.40566	35.09591	7	0.00334	1.13559	0.64286	0.62500	0.00000	0	0	35.09591	10.46827	22.04408	2.1039034495167976e-44	0.0	2.1039034495167976e-44	sp|P01857|IGHG1_HUMAN	180
2020111CXY-6.5465.5465.3.0.dta	2020111CXY-6.5465.5465.3.0.dta	2020111CXY-6	5465	1443.41531	3919.60051	1307.20502	3	1	KKEDALJETR		1203.63279	6 5 2 1 0	(N(N(H(H(N(H)(F)))(H(N(H(A)))(N(H(A)))))))	1590	0 1 0 0 0;0 2 0 0 0;1 2 0 0 0;2 2 0 0 0;2 3 0 0 0;2 3 0 1 0;2 4 0 0 0;3 2 0 0 0;3 3 0 0 0;3 3 0 1 0;3 3 1 0 0;3 4 0 0 0;3 4 0 1 0;3 4 1 0 0;3 5 0 0 0;3 5 0 1 0;4 3 0 0 0;4 3 0 1 0;4 3 1 0 0;4 4 0 0 0;4 4 0 1 0;4 4 1 0 0;4 4 1 1 0;4 4 2 0 0;4 5 0 0 0;4 5 0 1 0;4 5 1 0 0;4 5 1 1 0;5 4 0 0 0;5 4 0 1 0;5 4 1 0 0;5 4 1 1 0;5 4 2 0 0;5 5 0 0 0;5 5 0 1 0;5 5 1 0 0;5 5 1 1 0;5 5 2 0 0;5 5 2 1 0;6 5 0 0 0;6 5 0 1 0;6 5 1 0 0;6 5 1 1 0;6 5 2 0 0;	2715.96255	7	53.26812	36.08482	85.17997	7	0.00518	1.32110	0.50000	0.88889	0.00000	0	0	85.17997	11.17104	54.38522	6.148408056319645e-116	0.0	6.148408056319645e-116	sp|P10909|CLUS_HUMAN	86
2020111CXY-6.10163.10163.3.0.dta	2020111CXY-6.10163.10163.3.0.dta	2020111CXY-6	10163	2706.37804	4027.63928	1343.21794	3	1	VTACHSSQPJATLYK	4,Carbamidomethyl[C];	1676.80607	5 4 2 1 0	(N(F)(N(H(H(N(H(A))))(H(N(H(A)))))))	991	0 1 0 0 0;0 1 0 1 0;0 2 0 0 0;0 2 0 1 0;1 2 0 0 0;1 2 0 1 0;2 2 0 0 0;2 2 0 1 0;2 3 0 0 0;2 3 0 1 0;3 2 0 0 0;3 2 0 1 0;3 3 0 0 0;3 3 0 1 0;3 3 1 0 0;3 3 1 1 0;3 4 0 0 0;3 4 0 1 0;4 3 0 0 0;4 3 0 1 0;4 3 1 0 0;4 3 1 1 0;4 4 0 0 0;4 4 0 1 0;4 4 1 0 0;4 4 1 1 0;5 4 0 0 0;5 4 0 1 0;5 4 1 0 0;5 4 1 1 0;5 4 2 0 0;	2350.83035	10	33.79782	26.89357	46.61999	9	0.00285	0.70864	0.51515	0.60714	0.00000	0	0	46.61999	11.61355	34.95917	2.7363591873181986e-60	0.0	2.7363591873181986e-60	sp|P05543|THBG_HUMAN	36
2020111CXY-6.17539.17539.3.0.dta	2020111CXY-6.17539.17539.3.0.dta	2020111CXY-6	17539	4870.73975	3378.48070	1126.83175	3	1	YLGJATAIFFLPDEGK		1755.89521	5 4 0 0 0	(N(N(H(H(N(H)))(H(N(H))))))	175	0 1 0 0 0;0 2 0 0 0;1 2 0 0 0;2 2 0 0 0;2 3 0 0 0;3 2 0 0 0;3 3 0 0 0;3 4 0 0 0;4 3 0 0 0;4 4 0 0 0;	1622.58161	4	65.83758	87.65042	25.32804	6	0.00389	1.14993	0.66667	0.90000	0.00000	0	0	25.32804	19.85920	67.82350	2.485249408606707e-30	0.0	2.485249408606707e-30	sp|P01009|A1AT_HUMAN	271
2020111CXY-6.9025.9025.3.0.dta	2020111CXY-6.9025.9025.3.0.dta	2020111CXY-6	9025	2399.64437	3657.34712	1219.78722	3	1	NEEYJK		796.34716	6 5 3 0 0	(N(N(H(H(N(H(A))))(H(N(H(A)))(N(H(A)))))))	1823	0 1 0 0 0;0 2 0 0 0;1 2 0 0 0;2 2 0 0 0;2 3 0 0 0;2 4 0 0 0;3 2 0 0 0;3 3 0 0 0;3 3 1 0 0;3 4 0 0 0;3 4 1 0 0;3 5 0 0 0;4 3 0 0 0;4 3 1 0 0;4 4 0 0 0;4 4 1 0 0;4 4 2 0 0;4 5 0 0 0;4 5 1 0 0;5 4 0 0 0;5 4 1 0 0;5 4 2 0 0;5 5 0 0 0;5 5 1 0 0;5 5 2 0 0;6 5 0 0 0;6 5 1 0 0;6 5 2 0 0;	2861.00005	5	10.61298	12.15094	7.75677	6	-0.00010	-0.02721	0.20000	0.70000	0.00000	0	0	7.75677	8.78463	11.49144	5.232772145711365e-08	0.0011389521640091116	0.0011389521640091116	sp|P02763|A1AG1_HUMAN/sp|P19652|A1AG2_HUMAN	56/56
2020111CXY-6.18678.18678.3.0.dta	2020111CXY-6.18678.18678.3.0.dta	2020111CXY-6	18678	5176.77024	4776.90686	1592.97381	3	1	QDQCIYJTTYLNVQR	4,Carbamidomethyl[C];	1915.89667	6 5 3 0 0	(N(N(H(H(N(H(A))))(H(N(H(A)))(N(H(A)))))))	1823	0 1 0 0 0;0 2 0 0 0;1 2 0 0 0;2 2 0 0 0;2 3 0 0 0;2 4 0 0 0;3 2 0 0 0;3 3 0 0 0;3 3 1 0 0;3 4 0 0 0;3 4 1 0 0;3 5 0 0 0;4 3 0 0 0;4 3 1 0 0;4 4 0 0 0;4 4 1 0 0;4 4 2 0 0;4 5 0 0 0;4 5 1 0 0;5 4 0 0 0;5 4 1 0 0;5 4 2 0 0;5 5 0 0 0;5 5 1 0 0;5 5 2 0 0;6 5 0 0 0;6 5 1 0 0;6 5 2 0 0;	2861.00005	7	25.32023	33.87650	9.43003	6	0.01014	2.12239	0.26667	0.71429	0.00000	0	0	9.43003	14.57509	26.77774	6.301410135733707e-10	0.0	6.301410135733707e-10	sp|P02763|A1AG1_HUMAN	93
2020111CXY-6.9645.9645.2.0.dta	2020111CXY-6.9645.9645.2.0.dta	2020111CXY-6	9645	2566.35241	2884.16453	1442.58590	2	1	JYTLTGR		824.42608	5 4 1 1 0	(N(F)(N(H(H(N(H)))(H(N(H(A)))))))	549	0 1 0 0 0;0 1 0 1 0;0 2 0 0 0;0 2 0 1 0;1 2 0 0 0;1 2 0 1 0;2 2 0 0 0;2 2 0 1 0;2 3 0 0 0;2 3 0 1 0;3 2 0 0 0;3 2 0 1 0;3 3 0 0 0;3 3 0 1 0;3 3 1 0 0;3 3 1 1 0;3 4 0 0 0;3 4 0 1 0;4 3 0 0 0;4 3 0 1 0;4 3 1 0 0;4 3 1 1 0;4 4 0 0 0;4 4 0 1 0;4 4 1 0 0;4 4 1 1 0;5 4 0 0 0;5 4 0 1 0;5 4 1 0 0;	2059.73493	1	30.93263	32.47712	28.06428	9	0.00351	1.21654	0.38710	1.16667	0.00000	0	0	28.06428	13.44412	32.27704	1.7801866566655545e-34	0.0	1.7801866566655545e-34	sp|P10643|CO7_HUMAN	754
2020111CXY-6.9459.9459.3.0.dta	2020111CXY-6.9459.9459.3.0.dta	2020111CXY-6	9459	2516.58577	2764.11223	922.04226	3	1	EEQFJSTFR		1157.52218	4 4 0 1 0	(N(N(H(H(N))(H(N(H(F)))))))	161	0 1 0 0 0;0 2 0 0 0;1 2 0 0 0;2 2 0 0 0;2 3 0 0 0;3 2 0 0 0;3 3 0 0 0;3 3 0 1 0;3 4 0 0 0;4 3 0 0 0;4 3 0 1 0;4 4 0 0 0;	1606.58669	5	69.67717	82.34947	46.14289	7	0.00336	1.21581	0.71429	1.18750	0.00000	0	0	46.14289	17.06146	71.38332	9.977212043077984e-60	0.0	9.977212043077984e-60	sp|P01859|IGHG2_HUMAN	176
2020111CXY-6.6253.6253.2.0.dta	2020111CXY-6.6253.6253.2.0.dta	2020111CXY-6	6253	1653.35151	2837.12713	1419.06720	2	1	EEQYJSTYR		1189.51199	3 5 0 1 0	(N(F)(N(H(N)(H(N)(N(H))))))	184	0 1 0 0 0;0 1 0 1 0;0 2 0 0 0;0 2 0 1 0;1 2 0 0 0;1 2 0 1 0;1 3 0 0 0;1 3 0 1 0;2 2 0 0 0;2 2 0 1 0;2 3 0 0 0;2 3 0 1 0;2 4 0 0 0;2 4 0 1 0;2 5 0 0 0;2 5 0 1 0;3 3 0 0 0;3 3 0 1 0;3 4 0 0 0;3 4 0 1 0;3 5 0 0 0;	1647.61324	5	31.03696	24.72755	42.75444	8	0.00190	0.66988	0.52174	0.75000	0.00000	0	0	42.75444	11.23330	32.16029	3.3241957518292576e-55	0.0	3.3241957518292576e-55	sp|P01857|IGHG1_HUMAN	180
2020111CXY-6.9619.9619.3.1.dta	2020111CXY-6.9619.9619.3.1.dta	2020111CXY-6	9619	2559.47434	3250.28019	1084.09825	3	1	EEQFJSTYR		1173.51708	6 4 0 2 0	(N(N(H(H(H))(H(N(H)(F))(N(H)(F))))))	575	0 1 0 0 0;0 2 0 0 0;1 2 0 0 0;2 2 0 0 0;2 3 0 0 0;2 3 0 1 0;2 4 0 0 0;2 4 0 1 0;2 4 0 2 0;3 2 0 0 0;3 3 0 0 0;3 3 0 1 0;3 4 0 0 0;3 4 0 1 0;3 4 0 2 0;4 2 0 0 0;4 3 0 0 0;4 3 0 1 0;4 4 0 0 0;4 4 0 1 0;4 4 0 2 0;5 3 0 0 0;5 3 0 1 0;5 4 0 0 0;5 4 0 1 0;5 4 0 2 0;6 4 0 0 0;6 4 0 1 0;	2076.75025	5	23.44293	22.38163	25.41391	7	0.01286	3.95750	0.33333	0.75000	0.00000	0	0	25.41391	10.54816	24.49775	1.3544095826395764e-30	0.0	1.3544095826395764e-30	sp|P01861|IGHG4_HUMAN	177
2020111CXY-6.15489.15489.3.0.dta	2020111CXY-6.15489.15489.3.0.dta	2020111CXY-6	15489	4318.47409	4156.81533	1386.27663	3	1	LAGKPTHVJVSVVMAEVDGTCY	21,Carbamidomethyl[C];	2347.14207	4 5 0 1 0	(N(F)(N(H(N)(H(N(H))(N(H))))))	291	0 1 0 0 0;0 1 0 1 0;0 2 0 0 0;0 2 0 1 0;1 2 0 0 0;1 2 0 1 0;1 3 0 0 0;1 3 0 1 0;2 2 0 0 0;2 2 0 1 0;2 3 0 0 0;2 3 0 1 0;2 4 0 0 0;2 4 0 1 0;2 5 0 0 0;2 5 0 1 0;3 3 0 0 0;3 3 0 1 0;3 4 0 0 0;3 4 0 1 0;3 5 0 0 0;3 5 0 1 0;4 4 0 0 0;4 4 0 1 0;4 5 0 0 0;	1809.66607	9	16.92350	23.76307	4.22144	4	0.00719	1.72996	0.25926	0.50000	0.00000	0	0	4.22144	12.64794	18.18829	0.0002074844859527386	0.0	0.0002074844859527386	sp|P01876|IGHA1_HUMAN	340
2020111CXY-6.5748.5748.3.0.dta	2020111CXY-6.5748.5748.3.0.dta	2020111CXY-6	5748	1519.31272	2650.04298	884.01918	3	1	EEQYJSTYR		1189.51199	4 4 0 0 0	(N(N(H(H(N))(H(N(H))))))	98	0 1 0 0 0;0 2 0 0 0;1 2 0 0 0;2 2 0 0 0;2 3 0 0 0;3 2 0 0 0;3 3 0 0 0;3 4 0 0 0;4 3 0 0 0;	1460.52878	5	73.18194	87.91603	45.81862	7	0.00221	0.83223	0.81818	1.31250	0.00000	0	0	45.81862	17.71505	74.95344	2.486704921172726e-59	0.0	2.486704921172726e-59	sp|P01857|IGHG1_HUMAN	180
2020111CXY-6.17538.17538.3.0.dta	2020111CXY-6.17538.17538.3.0.dta	2020111CXY-6	17538	4870.46229	4036.77751	1346.26402	3	1	VDKDLQSLEDILHQVEJK		2123.09789	5 4 1 0 0	(N(N(H(H(N(H)))(H(N(H(A)))))))	380	0 1 0 0 0;0 2 0 0 0;1 2 0 0 0;2 2 0 0 0;2 3 0 0 0;3 2 0 0 0;3 3 0 0 0;3 3 1 0 0;3 4 0 0 0;4 3 0 0 0;4 3 1 0 0;4 4 0 0 0;4 4 1 0 0;5 4 0 0 0;	1913.67702	17	36.55109	34.34182	40.65401	7	0.00260	0.64296	0.68750	0.58824	0.00000	0	0	40.65401	12.92481	37.84357	2.302606903889093e-52	0.0	2.302606903889093e-52	sp|P02679|FIBG_HUMAN	78
2020111CXY-6.18496.18496.5.0.dta	2020111CXY-6.18496.18496.5.0.dta	2020111CXY-6	18496	5127.93319	5789.41710	1158.68924	5	1	FJLTETSEAEIHQSFQHLLR		2400.19425	8 6 2 2 0	(N(N(H(H(N(H))(N(F)(H(H))))(H(N(H(A)))(N(F)(H(A)))))))	2537	0 1 0 0 0;0 2 0 0 0;1 2 0 0 0;2 2 0 0 0;2 3 0 0 0;2 3 0 1 0;2 4 0 0 0;2 4 0 1 0;3 2 0 0 0;3 3 0 0 0;3 3 0 1 0;3 3 1 0 0;3 3 1 1 0;3 4 0 0 0;3 4 0 1 0;3 4 0 2 0;3 4 1 0 0;3 4 1 1 0;3 5 0 0 0;3 5 0 1 0;3 5 0 2 0;3 6 0 0 0;3 6 0 1 0;3 6 0 2 0;4 3 0 0 0;4 3 0 1 0;4 3 1 0 0;4 3 1 1 0;4 4 0 0 0;4 4 0 1 0;4 4 0 2 0;4 4 1 0 0;4 4 1 1 0;4 4 1 2 0;4 4 2 0 0;4 4 2 1 0;4 5 0 0 0;4 5 0 1 0;4 5 0 2 0;4 5 1 0 0;4 5 1 1 0;4 5 1 2 0;4 6 0 0 0;4 6 0 1 0;4 6 0 2 0;4 6 1 0 0;4 6 1 1 0;4 6 1 2 0;5 3 0 0 0;5 3 0 1 0;5 4 0 0 0;5 4 0 1 0;5 4 0 2 0;5 4 1 0 0;5 4 1 1 0;5 4 1 2 0;5 4 2 0 0;5 4 2 1 0;5 5 0 0 0;5 5 0 1 0;5 5 0 2 0;5 5 1 0 0;5 5 1 1 0;5 5 1 2 0;5 5 2 0 0;5 5 2 1 0;5 5 2 2 0;5 6 0 0 0;5 6 0 1 0;5 6 0 2 0;5 6 1 0 0;5 6 1 1 0;5 6 1 2 0;5 6 2 0 0;5 6 2 1 0;5 6 2 2 0;6 4 0 0 0;6 4 0 1 0;6 4 0 2 0;6 4 1 0 0;6 4 1 1 0;6 4 1 2 0;6 5 0 0 0;6 5 0 1 0;6 5 0 2 0;6 5 1 0 0;6 5 1 1 0;6 5 1 2 0;6 5 2 0 0;6 5 2 1 0;6 5 2 2 0;6 6 0 0 0;6 6 0 1 0;6 6 0 2 0;6 6 1 0 0;6 6 1 1 0;6 6 1 2 0;6 6 2 0 0;6 6 2 1 0;6 6 2 2 0;7 5 0 0 0;7 5 0 1 0;7 5 0 2 0;7 5 1 0 0;7 5 1 1 0;7 5 1 2 0;7 5 2 0 0;7 5 2 1 0;7 5 2 2 0;7 6 0 0 0;7 6 0 1 0;7 6 0 2 0;7 6 1 0 0;7 6 1 1 0;7 6 1 2 0;7 6 2 0 0;7 6 2 1 0;7 6 2 2 0;8 6 0 0 0;8 6 0 1 0;8 6 0 2 0;8 6 1 0 0;8 6 1 1 0;8 6 1 2 0;8 6 2 0 0;8 6 2 1 0;	3389.20547	2	51.33682	72.91506	11.26294	7	0.01737	3.00082	0.09375	0.94737	0.00000	0	0	11.26294	18.63650	53.20047	4.99063805927882e-12	0.0	4.99063805927882e-12	sp|P01011|AACT_HUMAN	106
2020111CXY-6.18118.18118.3.0.dta	2020111CXY-6.18118.18118.3.0.dta	2020111CXY-6	18118	5026.35395	3827.58706	1276.53387	3	1	CGLVPVLAENYJK	1,Carbamidomethyl[C];	1476.75152	5 4 2 1 0	(N(N(H(H(N(H(A))))(H(N(F)(H(A)))))))	993	0 1 0 0 0;0 2 0 0 0;1 2 0 0 0;2 2 0 0 0;2 3 0 0 0;2 3 0 1 0;3 2 0 0 0;3 3 0 0 0;3 3 0 1 0;3 3 1 0 0;3 3 1 1 0;3 4 0 0 0;3 4 0 1 0;4 3 0 0 0;4 3 0 1 0;4 3 1 0 0;4 3 1 1 0;4 4 0 0 0;4 4 0 1 0;4 4 1 0 0;4 4 1 1 0;5 4 0 0 0;5 4 0 1 0;5 4 1 0 0;5 4 1 1 0;5 4 2 0 0;	2350.83035	12	60.74179	75.47940	33.37195	7	0.00519	1.35546	0.42857	0.95833	0.00000	0	0	33.37195	16.56664	62.39845	8.110205382486162e-42	0.0	8.110205382486162e-42	sp|P02787|TRFE_HUMAN	432
2020111CXY-6.7351.7351.2.0.dta	2020111CXY-6.7351.7351.2.0.dta	2020111CXY-6	7351	1949.07909	2634.04789	1317.52758	2	1	EEQFJSTYR		1173.51708	4 4 0 0 0	(N(N(H(H(N(H))(N(H))))))	99	0 1 0 0 0;0 2 0 0 0;1 2 0 0 0;2 2 0 0 0;2 3 0 0 0;2 4 0 0 0;3 3 0 0 0;3 4 0 0 0;	1460.52878	5	23.55041	21.33818	27.65885	6	0.00202	0.76857	0.60000	0.68750	0.00000	0	0	27.65885	9.96497	24.54691	6.35968613101169e-34	0.0	6.35968613101169e-34	sp|P01861|IGHG4_HUMAN	177
2020111CXY-6.16611.16611.3.0.dta	2020111CXY-6.16611.16611.3.0.dta	2020111CXY-6	16611	4621.93377	3823.56824	1275.19427	3	1	GTAGNALMDGASQLMGEJR		1892.85892	6 4 0 1 0	(N(N(H(H(H))(H(N(H))(N(H)(F))))))	399	0 1 0 0 0;0 2 0 0 0;1 2 0 0 0;2 2 0 0 0;2 3 0 0 0;2 3 0 1 0;2 4 0 0 0;2 4 0 1 0;3 2 0 0 0;3 3 0 0 0;3 3 0 1 0;3 4 0 0 0;3 4 0 1 0;4 2 0 0 0;4 3 0 0 0;4 3 0 1 0;4 4 0 0 0;4 4 0 1 0;5 3 0 0 0;5 3 0 1 0;5 4 0 0 0;5 4 0 1 0;6 4 0 0 0;	1930.69234	18	36.32193	40.74521	28.10728	7	0.01698	4.44108	0.36000	0.47222	0.00000	0	0	28.10728	9.29276	37.25121	1.4874642820517486e-34	0.0	1.4874642820517486e-34	sp|P02675|FIBB_HUMAN	394
2020111CXY-6.15354.15354.3.0.dta	2020111CXY-6.15354.15354.3.0.dta	2020111CXY-6	15354	4281.73173	3385.42356	1129.14604	3	1	HAJWTLTPLK		1180.64732	5 4 2 0 0	(N(N(H(H(N(H(A))))(H(N(H(A)))))))	754	0 1 0 0 0;0 2 0 0 0;1 2 0 0 0;2 2 0 0 0;2 3 0 0 0;3 2 0 0 0;3 3 0 0 0;3 3 1 0 0;3 4 0 0 0;4 3 0 0 0;4 3 1 0 0;4 4 0 0 0;4 4 1 0 0;5 4 0 0 0;5 4 1 0 0;	2204.77244	3	100.16539	113.40504	75.57748	7	0.00380	1.12393	0.76471	1.22222	0.00000	0	0	75.57748	20.42014	102.20740	6.9893865098088966e-102	0.0	6.9893865098088966e-102	sp|P27169|PON1_HUMAN	253
2020111CXY-6.4114.4114.3.0.dta	2020111CXY-6.4114.4114.3.0.dta	2020111CXY-6	4114	1081.30363	3223.24831	1075.08762	3	1	HJSTGCLR	6,Carbamidomethyl[C];	944.43667	6 5 1 0 0	(N(N(H(H(N(H(A))))(H(N(H))(N(H))))))	859	0 1 0 0 0;0 2 0 0 0;1 2 0 0 0;2 2 0 0 0;2 3 0 0 0;2 4 0 0 0;3 2 0 0 0;3 3 0 0 0;3 3 1 0 0;3 4 0 0 0;3 5 0 0 0;4 3 0 0 0;4 3 1 0 0;4 4 0 0 0;4 4 1 0 0;4 5 0 0 0;4 5 1 0 0;5 4 0 0 0;5 4 1 0 0;5 5 0 0 0;5 5 1 0 0;6 5 0 0 0;	2278.80922	2	20.54518	3.88295	51.48932	7	0.00241	0.74879	0.58333	0.35714	0.00000	0	0	51.48932	8.89764	21.43494	1.637052586427229e-67	0.0011389521640091116	0.0011389521640091116	sp|P10909|CLUS_HUMAN	291
2020111CXY-6.9432.9432.3.0.dta	2020111CXY-6.9432.9432.3.0.dta	2020111CXY-6	9432	2509.58248	2456.00022	819.33826	3	1	EEQFJSTFR		1157.52218	3 4 0 0 0	(N(N(H(H(N)(N(H))))))	55	0 1 0 0 0;0 2 0 0 0;1 2 0 0 0;2 2 0 0 0;2 3 0 0 0;2 4 0 0 0;3 3 0 0 0;	1298.47596	5	21.19601	17.91287	27.29327	6	0.00208	0.84727	0.66667	0.68750	0.00000	0	0	27.29327	9.19076	22.11509	3.538759255235577e-33	0.0	3.538759255235577e-33	sp|P01859|IGHG2_HUMAN	176
2020111CXY-6.15257.15257.3.0.dta	2020111CXY-6.15257.15257.3.0.dta	2020111CXY-6	15257	4255.65280	3546.47533	1182.82996	3	1	SPDVIJGSPISQK		1341.70087	5 4 2 0 0	(N(N(H(H(N(H(A))))(H(N(H(A)))))))	754	0 1 0 0 0;0 2 0 0 0;1 2 0 0 0;2 2 0 0 0;2 3 0 0 0;3 2 0 0 0;3 3 0 0 0;3 3 1 0 0;3 4 0 0 0;4 3 0 0 0;4 3 1 0 0;4 4 0 0 0;4 4 1 0 0;5 4 0 0 0;5 4 1 0 0;	2204.77244	6	19.59236	20.63635	17.65352	6	0.00202	0.56985	0.58824	0.62500	0.00000	0	0	17.65352	10.97195	20.68956	2.4594658167136742e-20	0.0	2.4594658167136742e-20	sp|P08603|CFAH_HUMAN	217
2020111CXY-6.17013.17013.3.0.dta	2020111CXY-6.17013.17013.3.0.dta	2020111CXY-6	17013	4729.71603	3390.43044	1130.81500	3	1	CGLVPVLAENYJK	1,Carbamidomethyl[C];	1476.75152	5 4 1 0 0	(N(N(H(H(N(H)))(H(N(H(A)))))))	380	0 1 0 0 0;0 2 0 0 0;1 2 0 0 0;2 2 0 0 0;2 3 0 0 0;3 2 0 0 0;3 3 0 0 0;3 3 1 0 0;3 4 0 0 0;4 3 0 0 0;4 3 1 0 0;4 4 0 0 0;4 4 1 0 0;5 4 0 0 0;	1913.67702	12	47.79684	59.24957	26.52748	7	0.00190	0.56055	0.56250	0.91667	0.00000	0	0	26.52748	14.71562	49.26840	3.4234230012868017e-32	0.0	3.4234230012868017e-32	sp|P02787|TRFE_HUMAN	432
2020111CXY-6.18321.18321.4.0.dta	2020111CXY-6.18321.18321.4.0.dta	2020111CXY-6	18321	5081.27769	4331.77629	1083.69953	4	1	EJLTAPGSDSAVFFEQGTTR		2126.99890	5 4 2 0 0	(N(N(H(H(N(H(A))))(H(N(H(A)))))))	754	0 1 0 0 0;0 2 0 0 0;1 2 0 0 0;2 2 0 0 0;2 3 0 0 0;3 2 0 0 0;3 3 0 0 0;3 3 1 0 0;3 4 0 0 0;4 3 0 0 0;4 3 1 0 0;4 4 0 0 0;4 4 1 0 0;5 4 0 0 0;5 4 1 0 0;	2204.77244	2	65.25000	96.12021	7.91960	5	0.00494	1.14110	0.35294	0.97368	0.00000	0	0	7.91960	23.22716	67.57272	3.687336894952817e-08	0.0	3.687336894952817e-08	sp|P00450|CERU_HUMAN	397
2020111CXY-6.18492.18492.3.0.dta	2020111CXY-6.18492.18492.3.0.dta	2020111CXY-6	18492	5126.77763	3844.56752	1282.19402	3	1	AGLQAFFQVQECJK	12,Carbamidomethyl[C];	1639.78970	5 4 2 0 0	(N(N(H(H(N(H(A))))(H(N(H(A)))))))	754	0 1 0 0 0;0 2 0 0 0;1 2 0 0 0;2 2 0 0 0;2 3 0 0 0;3 2 0 0 0;3 3 0 0 0;3 3 1 0 0;3 4 0 0 0;4 3 0 0 0;4 3 1 0 0;4 4 0 0 0;4 4 1 0 0;5 4 0 0 0;5 4 1 0 0;	2204.77244	13	79.48175	115.92798	11.79588	5	0.00537	1.39807	0.41176	1.11538	0.00000	0	0	11.79588	20.03759	81.48551	7.889775726182642e-13	0.0	7.889775726182642e-13	sp|P00450|CERU_HUMAN	358
2020111CXY-6.17106.17106.3.0.dta	2020111CXY-6.17106.17106.3.0.dta	2020111CXY-6	17106	4755.00415	4510.97846	1504.33100	3	1	VVLHPJYSQVDIGLIK		1795.01124	6 5 2 1 0	(N(N(H(H(N(H)(F)))(H(N(H(A)))(N(H(A)))))))	1590	0 1 0 0 0;0 2 0 0 0;1 2 0 0 0;2 2 0 0 0;2 3 0 0 0;2 3 0 1 0;2 4 0 0 0;3 2 0 0 0;3 3 0 0 0;3 3 0 1 0;3 3 1 0 0;3 4 0 0 0;3 4 0 1 0;3 4 1 0 0;3 5 0 0 0;3 5 0 1 0;4 3 0 0 0;4 3 0 1 0;4 3 1 0 0;4 4 0 0 0;4 4 0 1 0;4 4 1 0 0;4 4 1 1 0;4 4 2 0 0;4 5 0 0 0;4 5 0 1 0;4 5 1 0 0;4 5 1 1 0;5 4 0 0 0;5 4 0 1 0;5 4 1 0 0;5 4 1 1 0;5 4 2 0 0;5 5 0 0 0;5 5 0 1 0;5 5 1 0 0;5 5 1 1 0;5 5 2 0 0;5 5 2 1 0;6 5 0 0 0;6 5 0 1 0;6 5 1 0 0;6 5 1 1 0;6 5 2 0 0;	2715.96255	6	57.36090	63.83905	45.33006	7	0.00467	1.03618	0.39130	0.90000	0.00000	0	0	45.33006	17.33315	59.09422	9.072919945403506e-59	0.0	9.072919945403506e-59	sp|P00738|HPT_HUMAN	241
2020111CXY-6.17546.17546.3.0.dta	2020111CXY-6.17546.17546.3.0.dta	2020111CXY-6	17546	4872.52504	4428.80792	1476.94082	3	1	QQQHLFGSJVTDCSGJFCLFR	13,Carbamidomethyl[C];18,Carbamidomethyl[C];	2515.12414	5 4 1 0 0	(N(N(H(H(N(H)))(H(N(H(A)))))))	380	0 1 0 0 0;0 2 0 0 0;1 2 0 0 0;2 2 0 0 0;2 3 0 0 0;3 2 0 0 0;3 3 0 0 0;3 3 1 0 0;3 4 0 0 0;4 3 0 0 0;4 3 1 0 0;4 4 0 0 0;4 4 1 0 0;5 4 0 0 0;	1913.67702	9	21.02904	30.87310	2.74722	4	0.00676	1.52626	0.25000	0.62500	0.00000	0	0	2.74722	14.16896	22.44594	0.0020995219684996234	0.0	0.0020995219684996234	sp|P02787|TRFE_HUMAN	630
2020111CXY-6.7401.7401.3.0.dta	2020111CXY-6.7401.7401.3.0.dta	2020111CXY-6	7401	1962.41183	3093.22984	1031.74813	3	1	JVTAEQAR		888.45337	5 4 2 0 0	(N(N(H(H(N(H(A))))(H(N(H(A)))))))	754	0 1 0 0 0;0 2 0 0 0;1 2 0 0 0;2 2 0 0 0;2 3 0 0 0;3 2 0 0 0;3 3 0 0 0;3 3 1 0 0;3 4 0 0 0;4 3 0 0 0;4 3 1 0 0;4 4 0 0 0;4 4 1 0 0;5 4 0 0 0;5 4 1 0 0;	2204.77244	1	64.09065	82.83316	29.28312	6	0.00403	1.30381	0.47059	1.42857	0.00000	0	0	29.28312	18.36462	65.92711	6.547463166915577e-36	0.0	6.547463166915577e-36	sp|P00748|FA12_HUMAN	249
2020111CXY-6.15692.15692.3.0.dta	2020111CXY-6.15692.15692.3.0.dta	2020111CXY-6	15692	4373.60570	4517.87583	1506.63013	3	1	HGVIISSTVDTYEJGSSVEYR		2313.09933	5 4 2 0 0	(N(N(H(H(N(H(A))))(H(N(H(A)))))))	754	0 1 0 0 0;0 2 0 0 0;1 2 0 0 0;2 2 0 0 0;2 3 0 0 0;3 2 0 0 0;3 3 0 0 0;3 3 1 0 0;3 4 0 0 0;4 3 0 0 0;4 3 1 0 0;4 4 0 0 0;4 4 1 0 0;5 4 0 0 0;5 4 1 0 0;	2204.77244	14	23.24190	29.04460	12.46548	6	0.00407	0.90019	0.41176	0.50000	0.00000	0	0	12.46548	12.28427	24.47033	1.5624260183215857e-13	0.0	1.5624260183215857e-13	sp|P05160|F13B_HUMAN	545
2020111CXY-6.9023.9023.3.0.dta	2020111CXY-6.9023.9023.3.0.dta	2020111CXY-6	9023	2399.08876	3674.37728	1225.46394	3	1	NEEYJK		796.34716	7 5 2 1 0	(N(N(H(N)(H(H)(H))(H(N(H(A)))(N(F)(H(A)))))))	1849	0 1 0 0 0;0 2 0 0 0;1 2 0 0 0;1 3 0 0 0;2 2 0 0 0;2 3 0 0 0;2 3 0 1 0;2 4 0 0 0;2 4 0 1 0;2 5 0 0 0;2 5 0 1 0;3 2 0 0 0;3 3 0 0 0;3 3 0 1 0;3 3 1 0 0;3 3 1 1 0;3 4 0 0 0;3 4 0 1 0;3 4 1 0 0;3 4 1 1 0;3 5 0 0 0;3 5 0 1 0;3 5 1 0 0;3 5 1 1 0;4 2 0 0 0;4 3 0 0 0;4 3 0 1 0;4 3 1 0 0;4 3 1 1 0;4 4 0 0 0;4 4 0 1 0;4 4 1 0 0;4 4 1 1 0;4 4 2 0 0;4 4 2 1 0;4 5 0 0 0;4 5 0 1 0;4 5 1 0 0;4 5 1 1 0;4 5 2 0 0;4 5 2 1 0;5 2 0 0 0;5 3 0 0 0;5 3 0 1 0;5 3 1 0 0;5 3 1 1 0;5 4 0 0 0;5 4 0 1 0;5 4 1 0 0;5 4 1 1 0;5 4 2 0 0;5 4 2 1 0;5 5 0 0 0;5 5 0 1 0;5 5 1 0 0;5 5 1 1 0;5 5 2 0 0;5 5 2 1 0;6 3 0 0 0;6 3 0 1 0;6 3 1 0 0;6 3 1 1 0;6 4 0 0 0;6 4 0 1 0;6 4 1 0 0;6 4 1 1 0;6 4 2 0 0;6 4 2 1 0;6 5 0 0 0;6 5 0 1 0;6 5 1 0 0;6 5 1 1 0;6 5 2 0 0;6 5 2 1 0;7 4 0 0 0;7 4 0 1 0;7 4 1 0 0;7 4 1 1 0;7 4 2 0 0;7 4 2 1 0;7 5 0 0 0;7 5 0 1 0;7 5 1 0 0;7 5 1 1 0;7 5 2 0 0;	2878.01537	5	23.59253	32.54067	6.97454	6	0.01474	4.01286	0.09195	1.00000	0.00000	0	0	6.97454	10.28029	24.62056	3.139638747333056e-07	0.0	3.139638747333056e-07	sp|P02763|A1AG1_HUMAN/sp|P19652|A1AG2_HUMAN	56/56
2020111CXY-6.16940.16940.3.1.dta	2020111CXY-6.16940.16940.3.1.dta	2020111CXY-6	16940	4710.28239	4417.82952	1473.28136	3	1	LAJLTQGEDQYYLR		1683.83366	3 7 0 4 1	(N(N(H(N)(H(N(F))(N(F)))(pH(N(F))(N(H)(F))))))	11104	0 1 0 0 0;0 2 0 0 0;1 2 0 0 0;1 2 0 0 1;1 3 0 0 0;1 3 0 0 1;1 3 0 1 1;1 4 0 0 1;1 4 0 1 1;1 4 0 2 1;1 5 0 0 1;1 5 0 1 1;1 5 0 2 1;2 2 0 0 0;2 2 0 0 1;2 3 0 0 0;2 3 0 0 1;2 3 0 1 0;2 3 0 1 1;2 4 0 0 0;2 4 0 0 1;2 4 0 1 0;2 4 0 1 1;2 4 0 2 0;2 4 0 2 1;2 5 0 0 0;2 5 0 0 1;2 5 0 1 0;2 5 0 1 1;2 5 0 2 0;2 5 0 2 1;2 5 0 3 1;2 6 0 0 1;2 6 0 1 1;2 6 0 2 1;2 6 0 3 1;2 6 0 4 1;2 7 0 0 1;2 7 0 1 1;2 7 0 2 1;2 7 0 3 1;2 7 0 4 1;3 3 0 0 1;3 3 0 1 1;3 4 0 0 1;3 4 0 1 1;3 4 0 2 1;3 5 0 0 1;3 5 0 1 1;3 5 0 2 1;3 5 0 3 1;3 6 0 0 1;3 6 0 1 1;3 6 0 2 1;3 6 0 3 1;3 6 0 4 1;3 7 0 0 1;3 7 0 1 1;3 7 0 2 1;3 7 0 3 1;	2733.96487	3	36.06896	54.36950	2.08225	4	0.03099	7.01512	0.08065	1.00000	0.00000	0	0	2.08225	17.35076	37.80404	0.0038663560148584006	0.0	0.0038663560148584006	sp|P10909|CLUS_HUMAN	374
2020111CXY-6.5942.5942.2.0.dta	2020111CXY-6.5942.5942.2.0.dta	2020111CXY-6	5942	1571.35806	2796.10115	1398.55421	2	1	EEQYJSTYR		1189.51199	4 4 0 1 0	(N(F)(N(H(H(N))(H(N(H))))))	158	0 1 0 0 0;0 1 0 1 0;0 2 0 0 0;0 2 0 1 0;1 2 0 0 0;1 2 0 1 0;2 2 0 0 0;2 2 0 1 0;2 3 0 0 0;2 3 0 1 0;3 2 0 0 0;3 2 0 1 0;3 3 0 0 0;3 3 0 1 0;3 4 0 0 0;3 4 0 1 0;4 3 0 0 0;4 3 0 1 0;4 4 0 0 0;	1606.58669	5	47.27129	43.26644	54.70888	8	0.00247	0.88253	0.71429	0.87500	0.00000	0	0	54.70888	15.01497	48.77279	5.287853179516702e-72	0.0	5.287853179516702e-72	sp|P01857|IGHG1_HUMAN	180
2020111CXY-6.17314.17314.3.0.dta	2020111CXY-6.17314.17314.3.0.dta	2020111CXY-6	17314	4810.56825	3694.47573	1232.16343	3	1	GAFISJFSMTVDGK	9,Oxidation[M];	1489.69916	5 4 2 0 0	(N(N(H(H(N(H(A))))(H(N(H(A)))))))	754	0 1 0 0 0;0 2 0 0 0;1 2 0 0 0;2 2 0 0 0;2 3 0 0 0;3 2 0 0 0;3 3 0 0 0;3 3 1 0 0;3 4 0 0 0;4 3 0 0 0;4 3 1 0 0;4 4 0 0 0;4 4 1 0 0;5 4 0 0 0;5 4 1 0 0;	2204.77244	6	12.35827	16.46962	4.72292	5	0.00413	1.11761	0.29412	0.61538	0.00000	0	0	4.72292	9.85147	13.34342	4.785711383102827e-05	0.0	4.785711383102827e-05	sp|P19823|ITIH2_HUMAN	118
2020111CXY-6.5839.5839.3.0.dta	2020111CXY-6.5839.5839.3.0.dta	2020111CXY-6	5839	1544.07159	2650.04313	884.01923	3	1	EEQYJSTYR		1189.51199	4 4 0 0 0	(N(N(H(H(N))(H(N(H))))))	98	0 1 0 0 0;0 2 0 0 0;1 2 0 0 0;2 2 0 0 0;2 3 0 0 0;3 2 0 0 0;3 3 0 0 0;3 4 0 0 0;4 3 0 0 0;	1460.52878	5	23.89726	21.48585	28.37558	7	0.00236	0.89110	0.63636	0.81250	0.00000	0	0	28.37558	10.68246	24.96551	6.850844339396498e-35	0.0	6.850844339396498e-35	sp|P01857|IGHG1_HUMAN	180
2020111CXY-6.15995.15995.4.4.dta	2020111CXY-6.15995.15995.4.4.dta	2020111CXY-6	15995	4456.02309	4682.92852	1171.48759	4	1	NJATVHEQVGGPSLTSDLQAQSK		2381.16916	5 4 1 1 1	(N(N(H(H(N(H(pH))))(H(N(F)(H(A)))))))	6988	0 1 0 0 0;0 2 0 0 0;1 2 0 0 0;2 2 0 0 0;2 3 0 0 0;2 3 0 1 0;3 2 0 0 0;3 3 0 0 0;3 3 0 0 1;3 3 0 1 0;3 3 1 0 0;3 3 1 1 0;3 4 0 0 0;3 4 0 1 0;4 3 0 0 0;4 3 0 0 1;4 3 0 1 0;4 3 1 0 0;4 3 1 1 0;4 4 0 0 0;4 4 0 0 1;4 4 0 1 0;4 4 0 1 1;4 4 1 0 0;4 4 1 1 0;5 4 0 0 0;5 4 0 0 1;5 4 0 1 0;5 4 0 1 1;5 4 1 0 0;5 4 1 0 1;5 4 1 1 0;	2301.75409	2	62.87172	89.26181	13.86154	7	0.00528	1.12734	0.23529	0.88636	0.00000	0	0	13.86154	21.19559	64.99128	2.391772764946031e-15	0.0	2.391772764946031e-15	sp|P04004|VTNC_HUMAN	86
2020111CXY-6.9113.9113.3.0.dta	2020111CXY-6.9113.9113.3.0.dta	2020111CXY-6	9113	2423.58516	3657.34674	1219.78710	3	1	NEEYJK		796.34716	6 5 3 0 0	(N(N(H(H(N(H(A))))(H(N(H(A)))(N(H(A)))))))	1823	0 1 0 0 0;0 2 0 0 0;1 2 0 0 0;2 2 0 0 0;2 3 0 0 0;2 4 0 0 0;3 2 0 0 0;3 3 0 0 0;3 3 1 0 0;3 4 0 0 0;3 4 1 0 0;3 5 0 0 0;4 3 0 0 0;4 3 1 0 0;4 4 0 0 0;4 4 1 0 0;4 4 2 0 0;4 5 0 0 0;4 5 1 0 0;5 4 0 0 0;5 4 1 0 0;5 4 2 0 0;5 5 0 0 0;5 5 1 0 0;5 5 2 0 0;6 5 0 0 0;6 5 1 0 0;6 5 2 0 0;	2861.00005	5	7.30088	7.66496	6.62472	6	-0.00048	-0.13139	0.20000	0.60000	0.00000	0	0	6.62472	8.29403	8.13028	6.421788455244503e-07	0.0032258064516129032	0.0032258064516129032	sp|P02763|A1AG1_HUMAN/sp|P19652|A1AG2_HUMAN	56/56
2020111CXY-6.10504.10504.2.0.dta	2020111CXY-6.10504.10504.2.0.dta	2020111CXY-6	10504	2798.69762	2969.18066	1485.09397	2	1	DTFVJASR		909.44247	5 4 1 1 0	(N(F)(N(H(H(N(H)))(H(N(H(A)))))))	549	0 1 0 0 0;0 1 0 1 0;0 2 0 0 0;0 2 0 1 0;1 2 0 0 0;1 2 0 1 0;2 2 0 0 0;2 2 0 1 0;2 3 0 0 0;2 3 0 1 0;3 2 0 0 0;3 2 0 1 0;3 3 0 0 0;3 3 0 1 0;3 3 1 0 0;3 3 1 1 0;3 4 0 0 0;3 4 0 1 0;4 3 0 0 0;4 3 0 1 0;4 3 1 0 0;4 3 1 1 0;4 4 0 0 0;4 4 0 1 0;4 4 1 0 0;4 4 1 1 0;5 4 0 0 0;5 4 0 1 0;5 4 1 0 0;	2059.73493	5	26.12492	28.37660	21.94324	8	0.00326	1.09683	0.35484	0.85714	0.00000	0	0	21.94324	11.16301	27.24122	3.340986216047666e-26	0.0	3.340986216047666e-26	sp|P05155|IC1_HUMAN	238
2020111CXY-6.17876.17876.3.0.dta	2020111CXY-6.17876.17876.3.0.dta	2020111CXY-6	17876	4961.22415	3390.43006	1130.81487	3	1	CGLVPVLAENYJK	1,Carbamidomethyl[C];	1476.75152	5 4 1 0 0	(N(N(H(H(N(H)))(H(N(H(A)))))))	380	0 1 0 0 0;0 2 0 0 0;1 2 0 0 0;2 2 0 0 0;2 3 0 0 0;3 2 0 0 0;3 3 0 0 0;3 3 1 0 0;3 4 0 0 0;4 3 0 0 0;4 3 1 0 0;4 4 0 0 0;4 4 1 0 0;5 4 0 0 0;	1913.67702	12	35.85643	37.70378	32.42565	7	0.00152	0.44729	0.62500	0.75000	0.00000	0	0	32.42565	12.44487	37.10092	1.2888727152191572e-40	0.0	1.2888727152191572e-40	sp|P02787|TRFE_HUMAN	432
2020111CXY-6.17120.17120.3.0.dta	2020111CXY-6.17120.17120.3.0.dta	2020111CXY-6	17120	4758.63458	3823.56087	1275.19181	3	1	GTAGNALMDGASQLMGEJR		1892.85892	6 4 0 1 0	(N(N(H(H(H))(H(N(H))(N(H)(F))))))	399	0 1 0 0 0;0 2 0 0 0;1 2 0 0 0;2 2 0 0 0;2 3 0 0 0;2 3 0 1 0;2 4 0 0 0;2 4 0 1 0;3 2 0 0 0;3 3 0 0 0;3 3 0 1 0;3 4 0 0 0;3 4 0 1 0;4 2 0 0 0;4 3 0 0 0;4 3 0 1 0;4 4 0 0 0;4 4 0 1 0;5 3 0 0 0;5 3 0 1 0;5 4 0 0 0;5 4 0 1 0;6 4 0 0 0;	1930.69234	18	52.45933	64.91324	29.33063	7	0.00961	2.51409	0.44000	0.72222	0.00000	0	0	29.33063	13.29886	53.78922	4.2331692928023916e-36	0.0	4.2331692928023916e-36	sp|P02675|FIBB_HUMAN	394
2020111CXY-6.18504.18504.4.0.dta	2020111CXY-6.18504.18504.4.0.dta	2020111CXY-6	18504	5130.00873	4656.01640	1164.75956	4	1	VVLHPJYSQVDIGLIK		1795.01124	6 5 3 0 0	(N(N(H(H(N(H(A))))(H(N(H(A)))(N(H(A)))))))	1823	0 1 0 0 0;0 2 0 0 0;1 2 0 0 0;2 2 0 0 0;2 3 0 0 0;2 4 0 0 0;3 2 0 0 0;3 3 0 0 0;3 3 1 0 0;3 4 0 0 0;3 4 1 0 0;3 5 0 0 0;4 3 0 0 0;4 3 1 0 0;4 4 0 0 0;4 4 1 0 0;4 4 2 0 0;4 5 0 0 0;4 5 1 0 0;5 4 0 0 0;5 4 1 0 0;5 4 2 0 0;5 5 0 0 0;5 5 1 0 0;5 5 2 0 0;6 5 0 0 0;6 5 1 0 0;6 5 2 0 0;	2861.00005	6	80.42654	97.45622	48.79999	7	0.00511	1.09825	0.50000	1.00000	0.00000	0	0	48.79999	20.45017	82.47156	1.717172151093235e-63	0.0	1.717172151093235e-63	sp|P00738|HPT_HUMAN	241
2020111CXY-6.18362.18362.3.0.dta	2020111CXY-6.18362.18362.3.0.dta	2020111CXY-6	18362	5092.29472	4160.82601	1387.61352	3	1	VLSJNSDANLELINTWVAK		2101.09241	5 4 1 1 0	(N(N(H(H(N(H)(F)))(H(N(H(A)))))))	550	0 1 0 0 0;0 2 0 0 0;1 2 0 0 0;2 2 0 0 0;2 3 0 0 0;2 3 0 1 0;3 2 0 0 0;3 3 0 0 0;3 3 0 1 0;3 3 1 0 0;3 4 0 0 0;3 4 0 1 0;4 3 0 0 0;4 3 0 1 0;4 3 1 0 0;4 4 0 0 0;4 4 0 1 0;4 4 1 0 0;4 4 1 1 0;5 4 0 0 0;5 4 0 1 0;5 4 1 0 0;	2059.73493	4	17.97899	25.33516	4.31754	5	-0.00133	-0.31948	0.20833	0.61111	0.00000	0	0	4.31754	13.08448	19.28744	0.00014068687257415602	0.0	0.00014068687257415602	sp|P05155|IC1_HUMAN	253
2020111CXY-6.6977.6977.3.0.dta	2020111CXY-6.6977.6977.3.0.dta	2020111CXY-6	6977	1848.62413	3001.21708	1001.07721	3	1	GHVJITR		796.44241	5 4 2 0 0	(N(N(H(H(N(H(A))))(H(N(H(A)))))))	754	0 1 0 0 0;0 2 0 0 0;1 2 0 0 0;2 2 0 0 0;2 3 0 0 0;3 2 0 0 0;3 3 0 0 0;3 3 1 0 0;3 4 0 0 0;4 3 0 0 0;4 3 1 0 0;4 4 0 0 0;4 4 1 0 0;5 4 0 0 0;5 4 1 0 0;	2204.77244	4	30.10308	13.32953	61.25396	7	0.00223	0.74369	0.76471	0.66667	0.00000	0	0	61.25396	9.28269	31.03135	2.9205111998146327e-81	0.0	2.9205111998146327e-81	sp|P00734|THRB_HUMAN	121
2020111CXY-6.7142.7142.3.0.dta	2020111CXY-6.7142.7142.3.0.dta	2020111CXY-6	7142	1892.91475	3001.22023	1001.07826	3	1	GHVJITR		796.44241	5 4 2 0 0	(N(N(H(H(N(H(A))))(H(N(H(A)))))))	754	0 1 0 0 0;0 2 0 0 0;1 2 0 0 0;2 2 0 0 0;2 3 0 0 0;3 2 0 0 0;3 3 0 0 0;3 3 1 0 0;3 4 0 0 0;4 3 0 0 0;4 3 1 0 0;4 4 0 0 0;4 4 1 0 0;5 4 0 0 0;5 4 1 0 0;	2204.77244	4	18.13745	6.65479	39.46239	7	0.00538	1.79226	0.58824	0.50000	0.00000	0	0	39.46239	8.07416	18.94487	2.660467066316581e-50	0.005268703898840885	0.005268703898840885	sp|P00734|THRB_HUMAN	121
2020111CXY-6.6324.6324.3.0.dta	2020111CXY-6.6324.6324.3.0.dta	2020111CXY-6	6324	1672.56753	3489.39463	1163.80306	3	1	YKJNSDISSTR		1284.61786	5 4 2 0 0	(N(N(H(H(N(H(A))))(H(N(H(A)))))))	754	0 1 0 0 0;0 2 0 0 0;1 2 0 0 0;2 2 0 0 0;2 3 0 0 0;3 2 0 0 0;3 3 0 0 0;3 3 1 0 0;3 4 0 0 0;4 3 0 0 0;4 3 1 0 0;4 4 0 0 0;4 4 1 0 0;5 4 0 0 0;5 4 1 0 0;	2204.77244	3	19.24159	8.96652	38.32388	7	0.00433	1.24147	0.64706	0.50000	0.00000	0	0	38.32388	7.94014	20.03560	1.1946999702613965e-48	0.008324661810613945	0.008324661810613945	sp|P01871|IGHM_HUMAN	46
2020111CXY-6.16244.16244.3.0.dta	2020111CXY-6.16244.16244.3.0.dta	2020111CXY-6	16244	4522.94480	4601.89293	1534.63583	3	1	GLTFQQJASSMCVPDQDTAIR	12,Carbamidomethyl[C];	2339.07546	5 5 1 1 0	(N(F)(N(H(N)(H(N(H)))(H(N(H(A)))))))	824	0 1 0 0 0;0 1 0 1 0;0 2 0 0 0;0 2 0 1 0;1 2 0 0 0;1 2 0 1 0;1 3 0 0 0;1 3 0 1 0;2 2 0 0 0;2 2 0 1 0;2 3 0 0 0;2 3 0 1 0;2 4 0 0 0;2 4 0 1 0;3 2 0 0 0;3 2 0 1 0;3 3 0 0 0;3 3 0 1 0;3 3 1 0 0;3 3 1 1 0;3 4 0 0 0;3 4 0 1 0;3 4 1 0 0;3 4 1 1 0;3 5 0 0 0;3 5 0 1 0;4 3 0 0 0;4 3 0 1 0;4 3 1 0 0;4 3 1 1 0;4 4 0 0 0;4 4 0 1 0;4 4 1 0 0;4 4 1 1 0;4 5 0 0 0;4 5 0 1 0;4 5 1 0 0;4 5 1 1 0;5 4 0 0 0;5 4 0 1 0;5 4 1 0 0;5 4 1 1 0;5 5 0 0 0;5 5 0 1 0;5 5 1 0 0;	2262.81431	7	43.68366	62.79081	8.19895	6	0.00317	0.68845	0.21277	0.85000	0.00000	0	0	8.19895	19.56931	45.64059	1.8631095947615543e-08	0.0	1.8631095947615543e-08	sp|P01871|IGHM_HUMAN	209
2020111CXY-6.9410.9410.2.0.dta	2020111CXY-6.9410.9410.2.0.dta	2020111CXY-6	9410	2503.36953	2602.05887	1301.53307	2	1	EEQFJSTFR		1157.52218	3 4 0 1 0	(N(F)(N(H(H(N))(H(N)))))	95	0 1 0 0 0;0 1 0 1 0;0 2 0 0 0;0 2 0 1 0;1 2 0 0 0;1 2 0 1 0;2 2 0 0 0;2 2 0 1 0;2 3 0 0 0;2 3 0 1 0;3 2 0 0 0;3 2 0 1 0;3 3 0 0 0;3 3 0 1 0;3 4 0 0 0;	1444.53387	5	41.12749	27.48467	66.46416	9	0.00282	1.08340	0.82353	0.75000	0.00000	0	0	66.46416	11.21248	42.24874	4.89096620502242e-89	0.0	4.89096620502242e-89	sp|P01859|IGHG2_HUMAN	176
2020111CXY-6.15480.15480.4.0.dta	2020111CXY-6.15480.15480.4.0.dta	2020111CXY-6	15480	4316.06156	4534.94336	1134.49130	4	1	HGIQYFNJNTQHSSLFMLNEVK		2621.25652	5 4 1 0 0	(N(N(H(H(N(H)))(H(N(H(A)))))))	380	0 1 0 0 0;0 2 0 0 0;1 2 0 0 0;2 2 0 0 0;2 3 0 0 0;3 2 0 0 0;3 3 0 0 0;3 3 1 0 0;3 4 0 0 0;4 3 0 0 0;4 3 1 0 0;4 4 0 0 0;4 4 1 0 0;5 4 0 0 0;	1913.67702	8	28.52436	29.66982	26.39708	6	0.00982	2.16486	0.56250	0.54762	0.00000	0	0	26.39708	14.63285	29.98765	6.679682874014114e-32	0.0	6.679682874014114e-32	sp|P01042|KNG1_HUMAN	169
2020111CXY-6.17935.17935.3.0.dta	2020111CXY-6.17935.17935.3.0.dta	2020111CXY-6	17935	4977.16555	4036.79992	1346.27149	3	1	VDKDLQSLEDILHQVEJK		2123.09789	5 4 1 0 0	(N(N(H(H(N(H)))(H(N(H(A)))))))	380	0 1 0 0 0;0 2 0 0 0;1 2 0 0 0;2 2 0 0 0;2 3 0 0 0;3 2 0 0 0;3 3 0 0 0;3 3 1 0 0;3 4 0 0 0;4 3 0 0 0;4 3 1 0 0;4 4 0 0 0;4 4 1 0 0;5 4 0 0 0;	1913.67702	17	13.29897	9.37925	20.57845	6	0.02501	6.19439	0.56250	0.35294	0.00000	0	0	20.57845	9.16126	14.21510	2.7383307069991516e-24	0.0	2.7383307069991516e-24	sp|P02679|FIBG_HUMAN	78
2020111CXY-6.18054.18054.3.0.dta	2020111CXY-6.18054.18054.3.0.dta	2020111CXY-6	18054	5009.42436	4063.69029	1355.23495	3	1	CGLVPVLAENYJK	1,Carbamidomethyl[C];	1476.75152	7 5 1 1 0	(N(N(H(N)(H(H)(H))(H(N(H)(F))(N(H(A)))))))	1369	0 1 0 0 0;0 2 0 0 0;1 2 0 0 0;1 3 0 0 0;2 2 0 0 0;2 3 0 0 0;2 3 0 1 0;2 4 0 0 0;2 4 0 1 0;2 5 0 0 0;2 5 0 1 0;3 2 0 0 0;3 3 0 0 0;3 3 0 1 0;3 3 1 0 0;3 4 0 0 0;3 4 0 1 0;3 4 1 0 0;3 4 1 1 0;3 5 0 0 0;3 5 0 1 0;3 5 1 0 0;3 5 1 1 0;4 2 0 0 0;4 3 0 0 0;4 3 0 1 0;4 3 1 0 0;4 4 0 0 0;4 4 0 1 0;4 4 1 0 0;4 4 1 1 0;4 5 0 0 0;4 5 0 1 0;4 5 1 0 0;4 5 1 1 0;5 2 0 0 0;5 3 0 0 0;5 3 0 1 0;5 3 1 0 0;5 4 0 0 0;5 4 0 1 0;5 4 1 0 0;5 4 1 1 0;5 5 0 0 0;5 5 0 1 0;5 5 1 0 0;5 5 1 1 0;6 3 0 0 0;6 3 0 1 0;6 3 1 0 0;6 4 0 0 0;6 4 0 1 0;6 4 1 0 0;6 4 1 1 0;6 5 0 0 0;6 5 0 1 0;6 5 1 0 0;6 5 1 1 0;7 4 0 0 0;7 4 0 1 0;7 4 1 0 0;7 4 1 1 0;7 5 0 0 0;7 5 0 1 0;7 5 1 0 0;	2586.91995	12	24.92260	31.10763	13.43612	7	0.01883	4.63256	0.14925	0.70833	0.00000	0	0	13.43612	10.00977	25.92358	1.1293402126035963e-14	0.0	1.1293402126035963e-14	sp|P02787|TRFE_HUMAN	432
2020111CXY-6.17281.17281.3.0.dta	2020111CXY-6.17281.17281.3.0.dta	2020111CXY-6	17281	4801.70302	5628.31319	1876.77591	3	1	HGIQYFNJNTQHSSLFMLNEVK		2621.25652	6 5 3 1 0	(N(N(H(H(N(F)(H(A))))(H(N(H(A)))(N(H(A)))))))	2060	0 1 0 0 0;0 2 0 0 0;1 2 0 0 0;2 2 0 0 0;2 3 0 0 0;2 3 0 1 0;2 4 0 0 0;3 2 0 0 0;3 3 0 0 0;3 3 0 1 0;3 3 1 0 0;3 3 1 1 0;3 4 0 0 0;3 4 0 1 0;3 4 1 0 0;3 5 0 0 0;3 5 0 1 0;4 3 0 0 0;4 3 0 1 0;4 3 1 0 0;4 3 1 1 0;4 4 0 0 0;4 4 0 1 0;4 4 1 0 0;4 4 1 1 0;4 4 2 0 0;4 5 0 0 0;4 5 0 1 0;4 5 1 0 0;4 5 1 1 0;5 4 0 0 0;5 4 0 1 0;5 4 1 0 0;5 4 1 1 0;5 4 2 0 0;5 4 2 1 0;5 5 0 0 0;5 5 0 1 0;5 5 1 0 0;5 5 1 1 0;5 5 2 0 0;5 5 2 1 0;6 5 0 0 0;6 5 0 1 0;6 5 1 0 0;6 5 1 1 0;6 5 2 0 0;6 5 2 1 0;6 5 3 0 0;	3007.05796	8	16.07891	24.14580	1.09753	3	-0.00130	-0.23050	0.07843	0.52381	0.00000	0	0	1.09753	10.21708	17.10062	0.008668568201841469	0.0	0.008668568201841469	sp|P01042|KNG1_HUMAN	169
2020111CXY-6.18255.18255.3.2.dta	2020111CXY-6.18255.18255.3.2.dta	2020111CXY-6	18255	5063.54262	3490.53220	1164.18225	3	1	AQLLQGLGFJLTER		1559.85402	6 4 0 1 0	(N(N(H(H(H))(H(N(H))(N(H)(F))))))	399	0 1 0 0 0;0 2 0 0 0;1 2 0 0 0;2 2 0 0 0;2 3 0 0 0;2 3 0 1 0;2 4 0 0 0;2 4 0 1 0;3 2 0 0 0;3 3 0 0 0;3 3 0 1 0;3 4 0 0 0;3 4 0 1 0;4 2 0 0 0;4 3 0 0 0;4 3 0 1 0;4 4 0 0 0;4 4 0 1 0;5 3 0 0 0;5 3 0 1 0;5 4 0 0 0;5 4 0 1 0;6 4 0 0 0;	1930.69234	10	9.23192	10.44673	6.97584	6	-0.01416	-4.05675	0.24000	0.42308	0.00000	0	0	6.97584	8.23604	10.05552	3.004136693283904e-07	0.0032258064516129032	0.0032258064516129032	sp|P08185|CBG_HUMAN	96
2020111CXY-6.16715.16715.3.0.dta	2020111CXY-6.16715.16715.3.0.dta	2020111CXY-6	16715	4649.90765	3390.43154	1130.81536	3	1	CGLVPVLAENYJK	1,Carbamidomethyl[C];	1476.75152	5 4 1 0 0	(N(N(H(H(N(H)))(H(N(H(A)))))))	380	0 1 0 0 0;0 2 0 0 0;1 2 0 0 0;2 2 0 0 0;2 3 0 0 0;3 2 0 0 0;3 3 0 0 0;3 3 1 0 0;3 4 0 0 0;4 3 0 0 0;4 3 1 0 0;4 4 0 0 0;4 4 1 0 0;5 4 0 0 0;	1913.67702	12	35.00690	44.51381	17.35121	6	0.00300	0.88440	0.50000	0.83333	0.00000	0	0	17.35121	13.44485	36.35138	7.187592936141345e-20	0.0	7.187592936141345e-20	sp|P02787|TRFE_HUMAN	432
2020111CXY-6.5310.5310.3.0.dta	2020111CXY-6.5310.5310.3.0.dta	2020111CXY-6	5310	1402.08945	2710.12129	904.04528	3	1	GHVJITR		796.44241	5 4 1 0 0	(N(N(H(H(N(H)))(H(N(H(A)))))))	380	0 1 0 0 0;0 2 0 0 0;1 2 0 0 0;2 2 0 0 0;2 3 0 0 0;3 2 0 0 0;3 3 0 0 0;3 3 1 0 0;3 4 0 0 0;4 3 0 0 0;4 3 1 0 0;4 4 0 0 0;4 4 1 0 0;5 4 0 0 0;	1913.67702	4	24.26897	8.43045	53.68336	7	0.00185	0.68244	0.75000	0.50000	0.00000	0	0	53.68336	8.40467	25.10944	1.1821379951458219e-70	0.0022002200220022	0.0022002200220022	sp|P00734|THRB_HUMAN	121
2020111CXY-6.6687.6687.3.0.dta	2020111CXY-6.6687.6687.3.0.dta	2020111CXY-6	6687	1770.46996	3147.27676	1049.76377	3	1	GHVJITR		796.44241	5 4 2 1 0	(N(N(H(H(N(H(A))))(H(N(F)(H(A)))))))	993	0 1 0 0 0;0 2 0 0 0;1 2 0 0 0;2 2 0 0 0;2 3 0 0 0;2 3 0 1 0;3 2 0 0 0;3 3 0 0 0;3 3 0 1 0;3 3 1 0 0;3 3 1 1 0;3 4 0 0 0;3 4 0 1 0;4 3 0 0 0;4 3 0 1 0;4 3 1 0 0;4 3 1 1 0;4 4 0 0 0;4 4 0 1 0;4 4 1 0 0;4 4 1 1 0;5 4 0 0 0;5 4 0 1 0;5 4 1 0 0;5 4 1 1 0;5 4 2 0 0;	2350.83035	4	67.29973	42.54924	113.26494	7	0.00400	1.27004	0.82143	0.91667	0.00000	0	0	113.26494	10.97158	68.39689	1.3451748496658825e-155	0.0	1.3451748496658825e-155	sp|P00734|THRB_HUMAN	121
2020111CXY-6.11139.11139.2.0.dta	2020111CXY-6.11139.11139.2.0.dta	2020111CXY-6	11139	2969.94523	2778.13762	1389.57245	2	1	GVNFJVSK		864.45739	5 4 1 0 0	(N(N(H(H(N(H)))(H(N(H(A)))))))	380	0 1 0 0 0;0 2 0 0 0;1 2 0 0 0;2 2 0 0 0;2 3 0 0 0;3 2 0 0 0;3 3 0 0 0;3 3 1 0 0;3 4 0 0 0;4 3 0 0 0;4 3 1 0 0;4 4 0 0 0;4 4 1 0 0;5 4 0 0 0;	1913.67702	5	8.76981	9.25605	7.86679	5	0.00320	1.15347	0.37500	0.50000	0.00000	0	0	7.86679	8.84262	9.65407	4.033474195226157e-08	0.0011389521640091116	0.0011389521640091116	sp|P03952|KLKB1_HUMAN	127
2020111CXY-6.4843.4843.2.0.dta	2020111CXY-6.4843.4843.2.0.dta	2020111CXY-6	4843	1276.30338	2833.16582	1417.08655	2	1	YKJNSDISSTR		1284.61786	4 3 1 0 0	(N(N(H(H)(H(N(H(A)))))))	126	0 1 0 0 0;0 2 0 0 0;1 2 0 0 0;2 2 0 0 0;2 3 0 0 0;3 2 0 0 0;3 3 0 0 0;3 3 1 0 0;4 3 0 0 0;	1548.54483	3	22.72870	12.35934	41.98608	7	0.00313	1.10529	0.81818	0.60000	0.00000	0	0	41.98608	10.15718	23.74442	5.005162998993219e-54	0.0	5.005162998993219e-54	sp|P01871|IGHM_HUMAN	46
2020111CXY-6.7915.7915.3.0.dta	2020111CXY-6.7915.7915.3.0.dta	2020111CXY-6	7915	2101.06918	3452.33074	1151.44843	3	1	EEQYJSTYR		1189.51199	5 5 1 1 0	(N(F)(N(H(N)(H(N(H)))(H(N(H(A)))))))	824	0 1 0 0 0;0 1 0 1 0;0 2 0 0 0;0 2 0 1 0;1 2 0 0 0;1 2 0 1 0;1 3 0 0 0;1 3 0 1 0;2 2 0 0 0;2 2 0 1 0;2 3 0 0 0;2 3 0 1 0;2 4 0 0 0;2 4 0 1 0;3 2 0 0 0;3 2 0 1 0;3 3 0 0 0;3 3 0 1 0;3 3 1 0 0;3 3 1 1 0;3 4 0 0 0;3 4 0 1 0;3 4 1 0 0;3 4 1 1 0;3 5 0 0 0;3 5 0 1 0;4 3 0 0 0;4 3 0 1 0;4 3 1 0 0;4 3 1 1 0;4 4 0 0 0;4 4 0 1 0;4 4 1 0 0;4 4 1 1 0;4 5 0 0 0;4 5 0 1 0;4 5 1 0 0;4 5 1 1 0;5 4 0 0 0;5 4 0 1 0;5 4 1 0 0;5 4 1 1 0;5 5 0 0 0;5 5 0 1 0;5 5 1 0 0;	2262.81431	5	18.87529	15.74500	24.68869	8	0.00445	1.28874	0.27660	0.62500	0.00000	0	0	24.68869	9.57050	19.83234	1.4841168341790537e-29	0.0	1.4841168341790537e-29	sp|P01857|IGHG1_HUMAN	180
2020111CXY-6.18999.18999.3.1.dta	2020111CXY-6.18999.18999.3.1.dta	2020111CXY-6	18999	5263.09219	3993.62038	1331.87831	3	1	YLGJATAIFFLPDEGK		1755.89521	3 6 1 0 1	(N(N(H(H(N)(N))(H(N)(N(pH(A)))))))	6301	0 1 0 0 0;0 2 0 0 0;1 2 0 0 0;2 2 0 0 0;2 3 0 0 0;2 3 0 0 1;2 3 1 0 1;2 4 0 0 0;2 4 0 0 1;2 4 1 0 1;3 2 0 0 0;3 3 0 0 0;3 3 0 0 1;3 3 1 0 1;3 4 0 0 0;3 4 0 0 1;3 4 1 0 1;3 5 0 0 0;3 5 0 0 1;3 5 1 0 1;3 6 0 0 0;3 6 0 0 1;	2237.74928	4	9.76121	13.74106	2.37005	4	-0.02410	-6.03566	0.16667	0.50000	0.00000	0	0	2.37005	10.74101	10.83531	0.0031890907677515493	0.0	0.0031890907677515493	sp|P01009|A1AT_HUMAN	271
2020111CXY-6.16122.16122.3.0.dta	2020111CXY-6.16122.16122.3.0.dta	2020111CXY-6	16122	4490.06567	3708.69303	1236.90253	3	1	VVLHPJYSQVDIGLIK		1795.01124	5 4 1 0 0	(N(N(H(H(N(H)))(H(N(H(A)))))))	380	0 1 0 0 0;0 2 0 0 0;1 2 0 0 0;2 2 0 0 0;2 3 0 0 0;3 2 0 0 0;3 3 0 0 0;3 3 1 0 0;3 4 0 0 0;4 3 0 0 0;4 3 1 0 0;4 4 0 0 0;4 4 1 0 0;5 4 0 0 0;	1913.67702	6	74.50121	102.31440	22.84814	7	0.00477	1.28630	0.43750	0.96667	0.00000	0	0	22.84814	22.86127	76.78734	3.1717307585451498e-27	0.0	3.1717307585451498e-27	sp|P00738|HPT_HUMAN	241
2020111CXY-6.10524.10524.3.1.dta	2020111CXY-6.10524.10524.3.1.dta	2020111CXY-6	10524	2804.09414	2986.20616	996.07357	3	1	DTFVJASR		909.44247	6 4 0 2 0	(N(F)(N(H(H(N(H)))(H(N(H(H)(F)))))))	574	0 1 0 0 0;0 1 0 1 0;0 2 0 0 0;0 2 0 1 0;1 2 0 0 0;1 2 0 1 0;2 2 0 0 0;2 2 0 1 0;2 3 0 0 0;2 3 0 1 0;3 2 0 0 0;3 2 0 1 0;3 3 0 0 0;3 3 0 1 0;3 3 0 2 0;3 4 0 0 0;3 4 0 1 0;4 3 0 0 0;4 3 0 1 0;4 3 0 2 0;4 4 0 0 0;4 4 0 1 0;4 4 0 2 0;5 3 0 0 0;5 3 0 1 0;5 3 0 2 0;5 4 0 0 0;5 4 0 1 0;5 4 0 2 0;6 4 0 0 0;6 4 0 1 0;	2076.75025	5	18.36273	17.30442	20.32816	8	0.01344	4.50035	0.30303	0.71429	0.00000	0	0	20.32816	9.93543	19.35627	8.300452518556261e-24	0.0	8.300452518556261e-24	sp|P05155|IC1_HUMAN	238
2020111CXY-6.9595.9595.2.0.dta	2020111CXY-6.9595.9595.2.0.dta	2020111CXY-6	9595	2552.68728	2764.11205	1382.55966	2	1	EEQFJSTFR		1157.52218	4 4 0 1 0	(N(F)(N(H(H(N(H))(N(H))))))	166	0 1 0 0 0;0 1 0 1 0;0 2 0 0 0;0 2 0 1 0;1 2 0 0 0;1 2 0 1 0;2 2 0 0 0;2 2 0 1 0;2 3 0 0 0;2 3 0 1 0;2 4 0 0 0;2 4 0 1 0;3 3 0 0 0;3 3 0 1 0;3 4 0 0 0;3 4 0 1 0;4 4 0 0 0;	1606.58669	5	31.24710	32.62982	28.67921	8	0.00318	1.15033	0.42105	0.87500	0.00000	0	0	28.67921	12.28344	32.47544	3.958718839613586e-35	0.0	3.958718839613586e-35	sp|P01859|IGHG2_HUMAN	176
2020111CXY-6.18787.18787.3.0.dta	2020111CXY-6.18787.18787.3.0.dta	2020111CXY-6	18787	5206.49339	4600.76785	1534.26080	3	1	LNAENJATFYFK		1431.69030	7 5 3 1 0	(N(N(H(N)(H(H)(H))(H(N(H(A(A))))(N(F)(H(A)))))))	2284	0 1 0 0 0;0 2 0 0 0;1 2 0 0 0;1 3 0 0 0;2 2 0 0 0;2 3 0 0 0;2 3 0 1 0;2 4 0 0 0;2 4 0 1 0;2 5 0 0 0;2 5 0 1 0;3 2 0 0 0;3 3 0 0 0;3 3 0 1 0;3 3 1 0 0;3 3 1 1 0;3 3 2 0 0;3 4 0 0 0;3 4 0 1 0;3 4 1 0 0;3 4 1 1 0;3 4 2 0 0;3 4 2 1 0;3 5 0 0 0;3 5 0 1 0;3 5 1 0 0;3 5 1 1 0;3 5 2 0 0;3 5 2 1 0;4 2 0 0 0;4 3 0 0 0;4 3 0 1 0;4 3 1 0 0;4 3 1 1 0;4 3 2 0 0;4 4 0 0 0;4 4 0 1 0;4 4 1 0 0;4 4 1 1 0;4 4 2 0 0;4 4 2 1 0;4 4 3 0 0;4 4 3 1 0;4 5 0 0 0;4 5 0 1 0;4 5 1 0 0;4 5 1 1 0;4 5 2 0 0;4 5 2 1 0;4 5 3 0 0;4 5 3 1 0;5 2 0 0 0;5 3 0 0 0;5 3 0 1 0;5 3 1 0 0;5 3 1 1 0;5 3 2 0 0;5 4 0 0 0;5 4 0 1 0;5 4 1 0 0;5 4 1 1 0;5 4 2 0 0;5 4 2 1 0;5 4 3 0 0;5 4 3 1 0;5 5 0 0 0;5 5 0 1 0;5 5 1 0 0;5 5 1 1 0;5 5 2 0 0;5 5 2 1 0;5 5 3 0 0;5 5 3 1 0;6 3 0 0 0;6 3 0 1 0;6 3 1 0 0;6 3 1 1 0;6 3 2 0 0;6 4 0 0 0;6 4 0 1 0;6 4 1 0 0;6 4 1 1 0;6 4 2 0 0;6 4 2 1 0;6 4 3 0 0;6 4 3 1 0;6 5 0 0 0;6 5 0 1 0;6 5 1 0 0;6 5 1 1 0;6 5 2 0 0;6 5 2 1 0;6 5 3 0 0;6 5 3 1 0;7 4 0 0 0;7 4 0 1 0;7 4 1 0 0;7 4 1 1 0;7 4 2 0 0;7 4 2 1 0;7 4 3 0 0;7 4 3 1 0;7 5 0 0 0;7 5 0 1 0;7 5 1 0 0;7 5 1 1 0;7 5 2 0 0;7 5 2 1 0;7 5 3 0 0;	3169.11079	6	24.07136	29.64690	13.71680	6	-0.03323	-7.22353	0.13514	0.81818	0.00000	0	0	13.71680	12.64644	25.33600	4.234442088464466e-15	0.0	4.234442088464466e-15	sp|P01042|KNG1_HUMAN	294
2020111CXY-6.17966.17966.3.0.dta	2020111CXY-6.17966.17966.3.0.dta	2020111CXY-6	17966	4985.45330	3649.55842	1217.19099	3	1	ALPQPQJVTSLLGCTH	14,Carbamidomethyl[C];	1735.87958	5 4 1 0 0	(N(N(H(H(N(H)))(H(N(H(A)))))))	380	0 1 0 0 0;0 2 0 0 0;1 2 0 0 0;2 2 0 0 0;2 3 0 0 0;3 2 0 0 0;3 3 0 0 0;3 3 1 0 0;3 4 0 0 0;4 3 0 0 0;4 3 1 0 0;4 4 0 0 0;4 4 1 0 0;5 4 0 0 0;	1913.67702	7	12.51134	16.75393	4.63225	4	0.00181	0.49718	0.37500	0.53333	0.00000	0	0	4.63225	8.86063	13.39740	6.652486043084707e-05	0.0011389521640091116	0.0011389521640091116	sp|P02790|HEMO_HUMAN	453
2020111CXY-6.16735.16735.3.0.dta	2020111CXY-6.16735.16735.3.0.dta	2020111CXY-6	16735	4655.23178	4499.80569	1500.60675	3	1	SPYYJVSDEISFHCYDGYTLR	14,Carbamidomethyl[C];	2586.12415	5 4 1 0 0	(N(N(H(H(N(H)))(H(N(H(A)))))))	380	0 1 0 0 0;0 2 0 0 0;1 2 0 0 0;2 2 0 0 0;2 3 0 0 0;3 2 0 0 0;3 3 0 0 0;3 3 1 0 0;3 4 0 0 0;4 3 0 0 0;4 3 1 0 0;4 4 0 0 0;4 4 1 0 0;5 4 0 0 0;	1913.67702	5	55.81924	65.18077	38.43353	7	0.00452	1.00371	0.75000	0.82500	0.00000	0	0	38.43353	19.61034	57.78027	8.711156274522612e-49	0.0	8.711156274522612e-49	sp|P00751|CFAB_HUMAN	122
2020111CXY-6.15213.15213.3.0.dta	2020111CXY-6.15213.15213.3.0.dta	2020111CXY-6	15213	4243.42474	3562.50161	1188.17205	3	1	JTTCQDLQIEVTVK	4,Carbamidomethyl[C];	1648.82106	5 4 1 0 0	(N(N(H(H(N(H)))(H(N(H(A)))))))	380	0 1 0 0 0;0 2 0 0 0;1 2 0 0 0;2 2 0 0 0;2 3 0 0 0;3 2 0 0 0;3 3 0 0 0;3 3 1 0 0;3 4 0 0 0;4 3 0 0 0;4 3 1 0 0;4 4 0 0 0;4 4 1 0 0;5 4 0 0 0;	1913.67702	1	44.35033	67.29546	1.73795	3	0.00352	0.98765	0.25000	1.11538	0.00000	0	0	1.73795	19.30048	46.28038	0.004494459036217821	0.0	0.004494459036217821	sp|P0C0L4|CO4A_HUMAN/sp|P0C0L5|CO4B_HUMAN	1391/1391
2020111CXY-6.17691.17691.4.0.dta	2020111CXY-6.17691.17691.4.0.dta	2020111CXY-6	17691	4911.42643	4719.90244	1180.73107	4	1	QQQHLFGSJVTDCSGJFCLFR	13,Carbamidomethyl[C];18,Carbamidomethyl[C];	2515.12414	5 4 2 0 0	(N(N(H(H(N(H(A))))(H(N(H(A)))))))	754	0 1 0 0 0;0 2 0 0 0;1 2 0 0 0;2 2 0 0 0;2 3 0 0 0;3 2 0 0 0;3 3 0 0 0;3 3 1 0 0;3 4 0 0 0;4 3 0 0 0;4 3 1 0 0;4 4 0 0 0;4 4 1 0 0;5 4 0 0 0;5 4 1 0 0;	2204.77244	9	33.52069	40.15906	21.19229	7	0.00586	1.24239	0.47059	0.67500	0.00000	0	0	21.19229	16.35042	35.15573	5.039379981033932e-25	0.0	5.039379981033932e-25	sp|P02787|TRFE_HUMAN	630
2020111CXY-6.5738.5738.2.0.dta	2020111CXY-6.5738.5738.2.0.dta	2020111CXY-6	5738	1516.42373	2634.04579	1317.52653	2	1	EEQYJSTYR		1189.51199	3 4 0 1 0	(N(F)(N(H(H(N))(H(N)))))	95	0 1 0 0 0;0 1 0 1 0;0 2 0 0 0;0 2 0 1 0;1 2 0 0 0;1 2 0 1 0;2 2 0 0 0;2 2 0 1 0;2 3 0 0 0;2 3 0 1 0;3 2 0 0 0;3 2 0 1 0;3 3 0 0 0;3 3 0 1 0;3 4 0 0 0;	1444.53387	5	36.13632	34.24445	39.64980	9	-0.00007	-0.02541	0.58824	0.93750	0.00000	0	0	39.64980	11.79086	37.31541	1.3672475814979894e-50	0.0	1.3672475814979894e-50	sp|P01857|IGHG1_HUMAN	180
2020111CXY-6.15313.15313.4.0.dta	2020111CXY-6.15313.15313.4.0.dta	2020111CXY-6	15313	4270.80263	4317.96982	1080.24791	4	1	MVSHHJLTTGATLINEQWLLTTAK	1,Oxidation[M];	2695.38721	5 4 0 0 0	(N(N(H(H(N(H)))(H(N(H))))))	175	0 1 0 0 0;0 2 0 0 0;1 2 0 0 0;2 2 0 0 0;2 3 0 0 0;3 2 0 0 0;3 3 0 0 0;3 4 0 0 0;4 3 0 0 0;4 4 0 0 0;	1622.58161	6	33.39883	31.17778	37.52362	7	0.00100	0.23206	0.66667	0.50000	0.00000	0	0	37.52362	13.16174	34.71500	1.2287760862998437e-47	0.0	1.2287760862998437e-47	sp|P00739|HPTR_HUMAN/sp|P00738|HPT_HUMAN	126/184
2020111CXY-6.15209.15209.3.0.dta	2020111CXY-6.15209.15209.3.0.dta	2020111CXY-6	15209	4242.46616	3471.58437	1157.86631	3	1	TVLTPATNHMGJVTFTIPANR		2255.16011	5 2 0 0 0	(N(N(H(H)(H(H(H))))))	32	0 1 0 0 0;0 2 0 0 0;1 2 0 0 0;2 2 0 0 0;3 2 0 0 0;4 2 0 0 0;	1216.42286	12	9.72775	14.00455	1.78512	3	0.00140	0.40272	0.37500	0.37500	0.00000	0	0	1.78512	10.63217	10.79097	0.00434380233862158	0.0	0.00434380233862158	sp|P01024|CO3_HUMAN	85
2020111CXY-6.9701.9701.2.0.dta	2020111CXY-6.9701.9701.2.0.dta	2020111CXY-6	9701	2581.51570	2967.19134	1484.09931	2	1	EEQFJSTFR		1157.52218	4 5 0 1 0	(N(F)(N(H(N)(H(N(H))(N(H))))))	291	0 1 0 0 0;0 1 0 1 0;0 2 0 0 0;0 2 0 1 0;1 2 0 0 0;1 2 0 1 0;1 3 0 0 0;1 3 0 1 0;2 2 0 0 0;2 2 0 1 0;2 3 0 0 0;2 3 0 1 0;2 4 0 0 0;2 4 0 1 0;2 5 0 0 0;2 5 0 1 0;3 3 0 0 0;3 3 0 1 0;3 4 0 0 0;3 4 0 1 0;3 5 0 0 0;3 5 0 1 0;4 4 0 0 0;4 4 0 1 0;4 5 0 0 0;	1809.66607	5	16.61401	13.41711	22.55112	7	0.00310	1.04379	0.37037	0.62500	0.00000	0	0	22.55112	10.30504	17.64451	8.628531169096285e-27	0.0	8.628531169096285e-27	sp|P01859|IGHG2_HUMAN	176
2020111CXY-6.9013.9013.2.0.dta	2020111CXY-6.9013.9013.2.0.dta	2020111CXY-6	9013	2396.41464	2926.16549	1463.58639	2	1	EEQFJSTFR		1157.52218	5 4 0 1 0	(N(N(H(H(N(H)))(H(N(H(F)))))))	264	0 1 0 0 0;0 2 0 0 0;1 2 0 0 0;2 2 0 0 0;2 3 0 0 0;3 2 0 0 0;3 3 0 0 0;3 3 0 1 0;3 4 0 0 0;4 3 0 0 0;4 3 0 1 0;4 4 0 0 0;4 4 0 1 0;5 4 0 0 0;	1768.63952	5	9.23103	9.30352	9.09642	6	0.00380	1.29870	0.37500	0.56250	0.00000	0	0	9.09642	9.48872	10.17990	1.8119930629946962e-09	0.0	1.8119930629946962e-09	sp|P01859|IGHG2_HUMAN	176
2020111CXY-6.18960.18960.3.0.dta	2020111CXY-6.18960.18960.3.0.dta	2020111CXY-6	18960	5252.94654	3940.65670	1314.22375	3	1	ALPQPQJVTSLLGCTH	14,Carbamidomethyl[C];	1735.87958	5 4 2 0 0	(N(N(H(H(N(H(A))))(H(N(H(A)))))))	754	0 1 0 0 0;0 2 0 0 0;1 2 0 0 0;2 2 0 0 0;2 3 0 0 0;3 2 0 0 0;3 3 0 0 0;3 3 1 0 0;3 4 0 0 0;4 3 0 0 0;4 3 1 0 0;4 4 0 0 0;4 4 1 0 0;5 4 0 0 0;5 4 1 0 0;	2204.77244	7	52.15448	79.37216	1.60736	3	0.00468	1.18710	0.17647	0.96667	0.00000	0	0	1.60736	19.11035	54.06552	0.004819535664757582	0.0	0.004819535664757582	sp|P02790|HEMO_HUMAN	453
2020111CXY-6.7709.7709.2.0.dta	2020111CXY-6.7709.7709.2.0.dta	2020111CXY-6	7709	2045.52906	3249.25015	1625.12871	2	1	EEQYJSTYR		1189.51199	5 4 1 1 0	(N(N(H(H(N(H)(F)))(H(N(H(A)))))))	550	0 1 0 0 0;0 2 0 0 0;1 2 0 0 0;2 2 0 0 0;2 3 0 0 0;2 3 0 1 0;3 2 0 0 0;3 3 0 0 0;3 3 0 1 0;3 3 1 0 0;3 4 0 0 0;3 4 0 1 0;4 3 0 0 0;4 3 0 1 0;4 3 1 0 0;4 4 0 0 0;4 4 0 1 0;4 4 1 0 0;4 4 1 1 0;5 4 0 0 0;5 4 0 1 0;5 4 1 0 0;	2059.73493	5	30.75876	26.69313	38.30921	7	0.00323	0.99275	0.50000	0.75000	0.00000	0	0	38.30921	10.97528	31.85629	1.3262430164254496e-48	0.0	1.3262430164254496e-48	sp|P01857|IGHG1_HUMAN	180
2020111CXY-6.15139.15139.3.0.dta	2020111CXY-6.15139.15139.3.0.dta	2020111CXY-6	15139	4223.46428	3417.59732	1139.87062	3	1	VVLHPJYSQVDIGLIK		1795.01124	5 4 0 0 0	(N(N(H(H(N(H)))(H(N(H))))))	175	0 1 0 0 0;0 2 0 0 0;1 2 0 0 0;2 2 0 0 0;2 3 0 0 0;3 2 0 0 0;3 3 0 0 0;3 4 0 0 0;4 3 0 0 0;4 4 0 0 0;	1622.58161	6	90.83130	115.01628	45.91633	7	0.00447	1.30853	0.83333	1.00000	0.00000	0	0	45.91633	21.92859	93.02416	2.026903098351165e-59	0.0	2.026903098351165e-59	sp|P00738|HPT_HUMAN	241
2020111CXY-6.18494.18494.3.0.dta	2020111CXY-6.18494.18494.3.0.dta	2020111CXY-6	18494	5127.37573	4656.01777	1552.67744	3	1	VVLHPJYSQVDIGLIK		1795.01124	6 5 3 0 0	(N(N(H(H(N(H(A))))(H(N(H(A)))(N(H(A)))))))	1823	0 1 0 0 0;0 2 0 0 0;1 2 0 0 0;2 2 0 0 0;2 3 0 0 0;2 4 0 0 0;3 2 0 0 0;3 3 0 0 0;3 3 1 0 0;3 4 0 0 0;3 4 1 0 0;3 5 0 0 0;4 3 0 0 0;4 3 1 0 0;4 4 0 0 0;4 4 1 0 0;4 4 2 0 0;4 5 0 0 0;4 5 1 0 0;5 4 0 0 0;5 4 1 0 0;5 4 2 0 0;5 5 0 0 0;5 5 1 0 0;5 5 2 0 0;6 5 0 0 0;6 5 1 0 0;6 5 2 0 0;	2861.00005	6	59.33118	78.04334	24.58003	6	0.00648	1.39121	0.36667	0.93333	0.00000	0	0	24.58003	20.41838	61.37302	1.6420939909282588e-29	0.0	1.6420939909282588e-29	sp|P00738|HPT_HUMAN	241
2020111CXY-6.13032.13032.2.0.dta	2020111CXY-6.13032.13032.2.0.dta	2020111CXY-6	13032	3501.83843	3639.45512	1820.23120	2	1	FSDGLESJSSTQFEVK		1774.81300	9 2 0 0 0	(N(N(H(H(H)(H))(H(H(H))(H(H))))))	341	0 1 0 0 0;0 2 0 0 0;1 2 0 0 0;2 2 0 0 0;3 2 0 0 0;4 2 0 0 0;5 2 0 0 0;6 2 0 0 0;7 2 0 0 0;8 2 0 0 0;	1864.63416	8	79.36048	94.34566	51.53088	7	0.00797	2.18971	1.00000	1.10000	0.00000	0	0	51.53088	18.17778	81.17826	1.159017612393255e-67	0.0	1.159017612393255e-67	sp|P0C0L4|CO4A_HUMAN/sp|P0C0L5|CO4B_HUMAN	226/226
2020111CXY-6.17975.17975.3.0.dta	2020111CXY-6.17975.17975.3.0.dta	2020111CXY-6	17975	4987.79306	3698.55076	1233.52177	3	1	CGLVPVLAENYJK	1,Carbamidomethyl[C];	1476.75152	6 4 1 1 0	(N(N(H(H(N(H(H))))(H(N(F)(H(A)))))))	783	0 1 0 0 0;0 2 0 0 0;1 2 0 0 0;2 2 0 0 0;2 3 0 0 0;2 3 0 1 0;3 2 0 0 0;3 3 0 0 0;3 3 0 1 0;3 3 1 0 0;3 3 1 1 0;3 4 0 0 0;3 4 0 1 0;4 3 0 0 0;4 3 0 1 0;4 3 1 0 0;4 3 1 1 0;4 4 0 0 0;4 4 0 1 0;4 4 1 0 0;4 4 1 1 0;5 3 0 0 0;5 4 0 0 0;5 4 0 1 0;5 4 1 0 0;5 4 1 1 0;6 4 0 0 0;6 4 0 1 0;6 4 1 0 0;	2221.78776	12	59.56259	79.45231	22.62454	7	0.01149	3.10669	0.32258	1.00000	0.00000	0	0	22.62454	17.21700	61.28429	6.451224347271166e-27	0.0	6.451224347271166e-27	sp|P02787|TRFE_HUMAN	432
2020111CXY-6.16430.16430.3.0.dta	2020111CXY-6.16430.16430.3.0.dta	2020111CXY-6	16430	4572.82205	3609.44552	1203.82002	3	1	SWPAVGJCSSALR	8,Carbamidomethyl[C];	1404.66886	5 4 2 0 0	(N(N(H(H(N(H(A))))(H(N(H(A)))))))	754	0 1 0 0 0;0 2 0 0 0;1 2 0 0 0;2 2 0 0 0;2 3 0 0 0;3 2 0 0 0;3 3 0 0 0;3 3 1 0 0;3 4 0 0 0;4 3 0 0 0;4 3 1 0 0;4 4 0 0 0;4 4 1 0 0;5 4 0 0 0;5 4 1 0 0;	2204.77244	7	61.27812	73.04098	39.43280	6	0.00422	1.16859	0.70588	1.00000	0.00000	0	0	39.43280	14.67613	62.74573	3.026672055016718e-50	0.0	3.026672055016718e-50	sp|P02790|HEMO_HUMAN	187
2020111CXY-6.9355.9355.3.1.dta	2020111CXY-6.9355.9355.3.1.dta	2020111CXY-6	9355	2488.69182	2618.05257	873.35571	3	1	EEQFJSTFR		1157.52218	4 4 0 0 0	(N(N(H(H(N(H))(N(H))))))	99	0 1 0 0 0;0 2 0 0 0;1 2 0 0 0;2 2 0 0 0;2 3 0 0 0;2 4 0 0 0;3 3 0 0 0;3 4 0 0 0;	1460.52878	5	14.61207	14.21695	15.34587	5	0.00160	0.61284	0.50000	0.62500	0.00000	0	0	15.34587	9.61065	15.57314	2.8157522091949944e-17	0.0	2.8157522091949944e-17	sp|P01859|IGHG2_HUMAN	176
2020111CXY-6.9867.9867.3.0.dta	2020111CXY-6.9867.9867.3.0.dta	2020111CXY-6	9867	2626.46568	3157.35966	1053.12474	3	1	QSVPAHFVALJGSK		1454.77504	8 2 0 0 0	(N(N(H(H(H(H)))(H(H)(H(H))))))	206	0 1 0 0 0;0 2 0 0 0;1 2 0 0 0;2 2 0 0 0;3 2 0 0 0;4 2 0 0 0;5 2 0 0 0;6 2 0 0 0;7 2 0 0 0;	1702.58133	11	81.87567	95.12255	57.27430	7	0.00329	1.04226	0.90909	1.07692	0.00000	0	0	57.27430	18.57671	83.73334	1.250353154149842e-75	0.0	1.250353154149842e-75	sp|P06681|CO2_HUMAN	621
2020111CXY-6.16636.16636.3.0.dta	2020111CXY-6.16636.16636.3.0.dta	2020111CXY-6	16636	4628.54926	4130.65596	1377.55684	3	1	GTAGNALMDGASQLMGEJR	8,Oxidation[M];	1908.85384	6 4 1 1 0	(N(N(H(H(H))(H(N(H)(F))(N(H(A)))))))	778	0 1 0 0 0;0 2 0 0 0;1 2 0 0 0;2 2 0 0 0;2 3 0 0 0;2 3 0 1 0;2 4 0 0 0;2 4 0 1 0;3 2 0 0 0;3 3 0 0 0;3 3 0 1 0;3 3 1 0 0;3 4 0 0 0;3 4 0 1 0;3 4 1 0 0;3 4 1 1 0;4 2 0 0 0;4 3 0 0 0;4 3 0 1 0;4 3 1 0 0;4 4 0 0 0;4 4 0 1 0;4 4 1 0 0;4 4 1 1 0;5 3 0 0 0;5 3 0 1 0;5 3 1 0 0;5 4 0 0 0;5 4 0 1 0;5 4 1 0 0;5 4 1 1 0;6 4 0 0 0;6 4 0 1 0;6 4 1 0 0;	2221.78776	18	28.23172	33.06622	19.25336	6	0.01437	3.47844	0.30556	0.47222	0.00000	0	0	19.25336	9.69474	29.20119	2.641745034706294e-22	0.0	2.641745034706294e-22	sp|P02675|FIBB_HUMAN	394
2020111CXY-6.17370.17370.4.1.dta	2020111CXY-6.17370.17370.4.1.dta	2020111CXY-6	17370	4825.65056	4036.77896	1009.95020	4	1	VDKDLQSLEDILHQVEJK		2123.09789	5 4 1 0 0	(N(N(H(H(N(H)))(H(N(H(A)))))))	380	0 1 0 0 0;0 2 0 0 0;1 2 0 0 0;2 2 0 0 0;2 3 0 0 0;3 2 0 0 0;3 3 0 0 0;3 3 1 0 0;3 4 0 0 0;4 3 0 0 0;4 3 1 0 0;4 4 0 0 0;4 4 1 0 0;5 4 0 0 0;	1913.67702	17	74.19241	84.53784	54.97947	7	0.00404	1.00166	0.62500	0.82353	0.00000	0	0	54.97947	20.40126	76.23254	1.4474595916590873e-72	0.0	1.4474595916590873e-72	sp|P02679|FIBG_HUMAN	78
2020111CXY-6.17624.17624.3.0.dta	2020111CXY-6.17624.17624.3.0.dta	2020111CXY-6	17624	4893.43022	3116.25073	1039.42176	3	1	JGSLFAFR		911.47338	5 4 2 0 0	(N(N(H(H(N(H(A))))(H(N(H(A)))))))	754	0 1 0 0 0;0 2 0 0 0;1 2 0 0 0;2 2 0 0 0;2 3 0 0 0;3 2 0 0 0;3 3 0 0 0;3 3 1 0 0;3 4 0 0 0;4 3 0 0 0;4 3 1 0 0;4 4 0 0 0;4 4 1 0 0;5 4 0 0 0;5 4 1 0 0;	2204.77244	1	24.14842	26.83785	19.15377	7	0.00491	1.57496	0.41176	1.00000	0.00000	0	0	19.15377	11.31622	25.28004	3.8164534926368196e-22	0.0	3.8164534926368196e-22	sp|P04004|VTNC_HUMAN	169
2020111CXY-6.17789.17789.3.0.dta	2020111CXY-6.17789.17789.3.0.dta	2020111CXY-6	17789	4937.71158	3999.78555	1333.93337	3	1	VVLHPJYSQVDIGLIK		1795.01124	5 4 2 0 0	(N(N(H(H(N(H(A))))(H(N(H(A)))))))	754	0 1 0 0 0;0 2 0 0 0;1 2 0 0 0;2 2 0 0 0;2 3 0 0 0;3 2 0 0 0;3 3 0 0 0;3 3 1 0 0;3 4 0 0 0;4 3 0 0 0;4 3 1 0 0;4 4 0 0 0;4 4 1 0 0;5 4 0 0 0;5 4 1 0 0;	2204.77244	6	30.94739	26.17253	39.81499	7	0.00187	0.46777	0.76471	0.60000	0.00000	0	0	39.81499	9.73743	31.92113	1.0720490030554813e-50	0.0	1.0720490030554813e-50	sp|P00738|HPT_HUMAN	241
2020111CXY-6.8072.8072.2.0.dta	2020111CXY-6.8072.8072.2.0.dta	2020111CXY-6	8072	2143.61649	2726.05235	1363.52981	2	1	CJYSIR	1,Carbamidomethyl[C];	812.37194	5 4 1 0 0	(N(N(H(H(N(H)))(H(N(H(A)))))))	380	0 1 0 0 0;0 2 0 0 0;1 2 0 0 0;2 2 0 0 0;2 3 0 0 0;3 2 0 0 0;3 3 0 0 0;3 3 1 0 0;3 4 0 0 0;4 3 0 0 0;4 3 1 0 0;4 4 0 0 0;4 4 1 0 0;5 4 0 0 0;	1913.67702	2	25.83551	25.44245	26.56548	7	0.00338	1.24080	0.56250	1.00000	0.00000	0	0	26.56548	11.17488	26.95300	3.050125904582387e-32	0.0	3.050125904582387e-32	sp|P00736|C1R_HUMAN	221
2020111CXY-6.15488.15488.3.0.dta	2020111CXY-6.15488.15488.3.0.dta	2020111CXY-6	15488	4318.19659	2622.07258	874.69571	3	1	JGSLFAFR		911.47338	5 3 1 0 0	(N(N(H(H(H))(H(N(H(A)))))))	220	0 1 0 0 0;0 2 0 0 0;1 2 0 0 0;2 2 0 0 0;2 3 0 0 0;3 2 0 0 0;3 3 0 0 0;3 3 1 0 0;4 2 0 0 0;4 3 0 0 0;4 3 1 0 0;5 3 0 0 0;	1710.59765	1	25.47679	23.96773	28.27933	7	0.00155	0.59115	0.50000	0.92857	0.00000	0	0	28.27933	10.92068	26.56886	8.324850605706839e-35	0.0	8.324850605706839e-35	sp|P04004|VTNC_HUMAN	169
2020111CXY-6.6045.6045.2.0.dta	2020111CXY-6.6045.6045.2.0.dta	2020111CXY-6	6045	1598.08265	2634.04874	1317.52801	2	1	EEQYJSTYR		1189.51199	3 4 0 1 0	(N(N(H(H(N))(H(N(F))))))	89	0 1 0 0 0;0 2 0 0 0;1 2 0 0 0;2 2 0 0 0;2 3 0 0 0;2 3 0 1 0;3 2 0 0 0;3 3 0 0 0;3 3 0 1 0;3 4 0 0 0;	1444.53387	5	47.33860	48.98651	44.27819	7	0.00288	1.09454	0.75000	1.00000	0.00000	0	0	44.27819	12.01076	48.53968	3.499604083771444e-57	0.0	3.499604083771444e-57	sp|P01857|IGHG1_HUMAN	180
2020111CXY-6.5227.5227.2.0.dta	2020111CXY-6.5227.5227.2.0.dta	2020111CXY-6	5227	1379.90954	2979.22281	1490.11504	2	1	YKJNSDISSTR		1284.61786	4 3 1 1 0	(N(F)(N(H(H)(H(N(H(A)))))))	198	0 1 0 0 0;0 1 0 1 0;0 2 0 0 0;0 2 0 1 0;1 2 0 0 0;1 2 0 1 0;2 2 0 0 0;2 2 0 1 0;2 3 0 0 0;2 3 0 1 0;3 2 0 0 0;3 2 0 1 0;3 3 0 0 0;3 3 0 1 0;3 3 1 0 0;3 3 1 1 0;4 3 0 0 0;4 3 0 1 0;4 3 1 0 0;	1694.60274	3	8.87041	4.75515	16.51304	7	0.00222	0.74404	0.52381	0.35000	0.00000	0	0	16.51304	8.10708	9.68112	8.551179289034703e-19	0.005268703898840885	0.005268703898840885	sp|P01871|IGHM_HUMAN	46
2020111CXY-6.9824.9824.2.0.dta	2020111CXY-6.9824.9824.2.0.dta	2020111CXY-6	9824	2614.94059	2805.13906	1403.07317	2	1	EEQFJSTFR		1157.52218	3 5 0 1 0	(N(F)(N(H(N)(H(N)(N(H))))))	184	0 1 0 0 0;0 1 0 1 0;0 2 0 0 0;0 2 0 1 0;1 2 0 0 0;1 2 0 1 0;1 3 0 0 0;1 3 0 1 0;2 2 0 0 0;2 2 0 1 0;2 3 0 0 0;2 3 0 1 0;2 4 0 0 0;2 4 0 1 0;2 5 0 0 0;2 5 0 1 0;3 3 0 0 0;3 3 0 1 0;3 4 0 0 0;3 4 0 1 0;3 5 0 0 0;	1647.61324	5	23.74168	18.62305	33.24770	8	0.00364	1.29639	0.43478	0.68750	0.00000	0	0	33.24770	10.86338	24.82802	1.0950460813319427e-41	0.0	1.0950460813319427e-41	sp|P01859|IGHG2_HUMAN	176
2020111CXY-6.15961.15961.3.0.dta	2020111CXY-6.15961.15961.3.0.dta	2020111CXY-6	15961	4446.84438	3822.53670	1274.85042	3	1	GTAGNALMDGASQLMGEJR	8,Oxidation[M];	1908.85384	5 4 1 0 0	(N(N(H(H(N(H)))(H(N(H(A)))))))	380	0 1 0 0 0;0 2 0 0 0;1 2 0 0 0;2 2 0 0 0;2 3 0 0 0;3 2 0 0 0;3 3 0 0 0;3 3 1 0 0;3 4 0 0 0;4 3 0 0 0;4 3 1 0 0;4 4 0 0 0;4 4 1 0 0;5 4 0 0 0;	1913.67702	18	22.34367	17.19353	31.90821	7	0.00583	1.52634	0.62500	0.36111	0.00000	0	0	31.90821	9.04409	23.24808	9.387067457698797e-40	0.0011389521640091116	0.0011389521640091116	sp|P02675|FIBB_HUMAN	394
2020111CXY-6.12878.12878.3.0.dta	2020111CXY-6.12878.12878.3.0.dta	2020111CXY-6	12878	3457.59184	4475.82381	1492.61279	3	1	VYKPSAGJNSLYR		1468.75428	6 5 3 1 0	(N(F)(N(H(H(N(H(A))))(H(N(H(A)))(N(H(A)))))))	2059	0 1 0 0 0;0 1 0 1 0;0 2 0 0 0;0 2 0 1 0;1 2 0 0 0;1 2 0 1 0;2 2 0 0 0;2 2 0 1 0;2 3 0 0 0;2 3 0 1 0;2 4 0 0 0;2 4 0 1 0;3 2 0 0 0;3 2 0 1 0;3 3 0 0 0;3 3 0 1 0;3 3 1 0 0;3 3 1 1 0;3 4 0 0 0;3 4 0 1 0;3 4 1 0 0;3 4 1 1 0;3 5 0 0 0;3 5 0 1 0;4 3 0 0 0;4 3 0 1 0;4 3 1 0 0;4 3 1 1 0;4 4 0 0 0;4 4 0 1 0;4 4 1 0 0;4 4 1 1 0;4 4 2 0 0;4 4 2 1 0;4 5 0 0 0;4 5 0 1 0;4 5 1 0 0;4 5 1 1 0;5 4 0 0 0;5 4 0 1 0;5 4 1 0 0;5 4 1 1 0;5 4 2 0 0;5 4 2 1 0;5 5 0 0 0;5 5 0 1 0;5 5 1 0 0;5 5 1 1 0;5 5 2 0 0;5 5 2 1 0;6 5 0 0 0;6 5 0 1 0;6 5 1 0 0;6 5 1 1 0;6 5 2 0 0;6 5 2 1 0;6 5 3 0 0;	3007.05796	8	43.83793	15.46403	96.53233	9	0.01156	2.58336	0.54237	0.50000	0.00000	0	0	96.53233	9.16920	44.75485	4.533764807472807e-132	0.0	4.533764807472807e-132	sp|P02749|APOH_HUMAN	162
2020111CXY-6.11336.11336.3.0.dta	2020111CXY-6.11336.11336.3.0.dta	2020111CXY-6	11336	3023.53164	3054.27887	1018.76447	3	1	EJISDPTSPLR		1228.61681	5 5 0 0 0	(N(N(H(H(N(H)))(H(N)(N(H))))))	310	0 1 0 0 0;0 2 0 0 0;1 2 0 0 0;2 2 0 0 0;2 3 0 0 0;2 4 0 0 0;3 2 0 0 0;3 3 0 0 0;3 4 0 0 0;3 5 0 0 0;4 3 0 0 0;4 4 0 0 0;4 5 0 0 0;5 4 0 0 0;	1825.66098	2	8.80006	9.26572	7.93527	5	0.00108	0.35507	0.31250	0.50000	0.00000	0	0	7.93527	7.96442	9.59650	3.5342098433496055e-08	0.0072992700729927005	0.0072992700729927005	sp|P01591|IGJ_HUMAN	71
2020111CXY-6.6632.6632.2.0.dta	2020111CXY-6.6632.6632.2.0.dta	2020111CXY-6	6632	1755.79261	3001.21933	1501.11331	2	1	GHVJITR		796.44241	5 4 2 0 0	(N(N(H(H(N(H(A))))(H(N(H(A)))))))	754	0 1 0 0 0;0 2 0 0 0;1 2 0 0 0;2 2 0 0 0;2 3 0 0 0;3 2 0 0 0;3 3 0 0 0;3 3 1 0 0;3 4 0 0 0;4 3 0 0 0;4 3 1 0 0;4 4 0 0 0;4 4 1 0 0;5 4 0 0 0;5 4 1 0 0;	2204.77244	4	59.04997	42.50611	89.77428	7	0.00448	1.49338	0.94118	0.91667	0.00000	0	0	89.77428	12.51489	60.30146	1.5299200624612651e-122	0.0	1.5299200624612651e-122	sp|P00734|THRB_HUMAN	121
2020111CXY-6.18013.18013.4.0.dta	2020111CXY-6.18013.18013.4.0.dta	2020111CXY-6	18013	4998.43021	3681.52582	921.13691	4	1	CGLVPVLAENYJK	1,Carbamidomethyl[C];	1476.75152	5 4 2 0 0	(N(N(H(H(N(H(A))))(H(N(H(A)))))))	754	0 1 0 0 0;0 2 0 0 0;1 2 0 0 0;2 2 0 0 0;2 3 0 0 0;3 2 0 0 0;3 3 0 0 0;3 3 1 0 0;3 4 0 0 0;4 3 0 0 0;4 3 1 0 0;4 4 0 0 0;4 4 1 0 0;5 4 0 0 0;5 4 1 0 0;	2204.77244	12	86.78361	113.29224	37.55332	7	0.00187	0.50685	0.58824	1.12500	0.00000	0	0	37.55332	19.03892	88.68750	9.037466414741324e-48	0.0	9.037466414741324e-48	sp|P02787|TRFE_HUMAN	432
2020111CXY-6.5952.5952.2.0.dta	2020111CXY-6.5952.5952.2.0.dta	2020111CXY-6	5952	1574.00173	2958.15425	1479.58076	2	1	EEQYJSTYR		1189.51199	5 4 0 1 0	(N(N(H(H(N(H)))(H(N(H)(F))))))	258	0 1 0 0 0;0 2 0 0 0;1 2 0 0 0;2 2 0 0 0;2 3 0 0 0;2 3 0 1 0;3 2 0 0 0;3 3 0 0 0;3 3 0 1 0;3 4 0 0 0;3 4 0 1 0;4 3 0 0 0;4 3 0 1 0;4 4 0 0 0;4 4 0 1 0;5 4 0 0 0;	1768.63952	5	45.76653	39.84104	56.77102	7	0.00275	0.92903	0.72222	0.81250	0.00000	0	0	56.77102	12.56029	47.02256	3.8048459016186006e-75	0.0	3.8048459016186006e-75	sp|P01857|IGHG1_HUMAN	180
2020111CXY-6.6677.6677.3.0.dta	2020111CXY-6.6677.6677.3.0.dta	2020111CXY-6	6677	1767.80466	3838.53464	1280.18306	3	1	YKJNSDISSTR		1284.61786	5 5 2 1 0	(N(F)(N(H(N)(H(N(H(A))))(H(N(H(A)))))))	1319	0 1 0 0 0;0 1 0 1 0;0 2 0 0 0;0 2 0 1 0;1 2 0 0 0;1 2 0 1 0;1 3 0 0 0;1 3 0 1 0;2 2 0 0 0;2 2 0 1 0;2 3 0 0 0;2 3 0 1 0;2 4 0 0 0;2 4 0 1 0;3 2 0 0 0;3 2 0 1 0;3 3 0 0 0;3 3 0 1 0;3 3 1 0 0;3 3 1 1 0;3 4 0 0 0;3 4 0 1 0;3 4 1 0 0;3 4 1 1 0;3 5 0 0 0;3 5 0 1 0;4 3 0 0 0;4 3 0 1 0;4 3 1 0 0;4 3 1 1 0;4 4 0 0 0;4 4 0 1 0;4 4 1 0 0;4 4 1 1 0;4 5 0 0 0;4 5 0 1 0;4 5 1 0 0;4 5 1 1 0;5 4 0 0 0;5 4 0 1 0;5 4 1 0 0;5 4 1 1 0;5 4 2 0 0;5 4 2 1 0;5 5 0 0 0;5 5 0 1 0;5 5 1 0 0;5 5 1 1 0;5 5 2 0 0;	2553.90972	3	27.86644	25.89611	31.52564	6	0.00706	1.83915	0.41176	0.80000	0.00000	0	0	31.52564	12.00990	29.06743	2.3292271206742534e-39	0.0	2.3292271206742534e-39	sp|P01871|IGHM_HUMAN	46
2020111CXY-6.5595.5595.2.0.dta	2020111CXY-6.5595.5595.2.0.dta	2020111CXY-6	5595	1478.14009	3053.19833	1527.10280	2	1	JNSDISSTR		993.45958	5 4 1 1 0	(N(F)(N(H(H(N(H)))(H(N(H(A)))))))	549	0 1 0 0 0;0 1 0 1 0;0 2 0 0 0;0 2 0 1 0;1 2 0 0 0;1 2 0 1 0;2 2 0 0 0;2 2 0 1 0;2 3 0 0 0;2 3 0 1 0;3 2 0 0 0;3 2 0 1 0;3 3 0 0 0;3 3 0 1 0;3 3 1 0 0;3 3 1 1 0;3 4 0 0 0;3 4 0 1 0;4 3 0 0 0;4 3 0 1 0;4 3 1 0 0;4 3 1 1 0;4 4 0 0 0;4 4 0 1 0;4 4 1 0 0;4 4 1 1 0;5 4 0 0 0;5 4 0 1 0;5 4 1 0 0;	2059.73493	1	35.75875	47.72928	13.52777	8	0.00382	1.25104	0.25806	1.18750	0.00000	0	0	13.52777	15.73043	37.33179	8.476676058886294e-15	0.0	8.476676058886294e-15	sp|P01871|IGHM_HUMAN	46
2020111CXY-6.7226.7226.3.0.dta	2020111CXY-6.7226.7226.3.0.dta	2020111CXY-6	7226	1915.42259	3805.44255	1269.15237	3	1	HJSTGCLR	6,Carbamidomethyl[C];	944.43667	6 5 3 0 0	(N(N(H(H(N(H(A))))(H(N(H(A)))(N(H(A)))))))	1823	0 1 0 0 0;0 2 0 0 0;1 2 0 0 0;2 2 0 0 0;2 3 0 0 0;2 4 0 0 0;3 2 0 0 0;3 3 0 0 0;3 3 1 0 0;3 4 0 0 0;3 4 1 0 0;3 5 0 0 0;4 3 0 0 0;4 3 1 0 0;4 4 0 0 0;4 4 1 0 0;4 4 2 0 0;4 5 0 0 0;4 5 1 0 0;5 4 0 0 0;5 4 1 0 0;5 4 2 0 0;5 5 0 0 0;5 5 1 0 0;5 5 2 0 0;6 5 0 0 0;6 5 1 0 0;6 5 2 0 0;	2861.00005	2	45.66657	28.01400	78.44992	7	0.00582	1.53056	0.63333	0.92857	0.00000	0	0	78.44992	11.00381	46.76695	4.0716454674536135e-106	0.0	4.0716454674536135e-106	sp|P10909|CLUS_HUMAN	291
2020111CXY-6.12879.12879.3.0.dta	2020111CXY-6.12879.12879.3.0.dta	2020111CXY-6	12879	3457.87155	4916.04410	1639.35289	3	1	YPHKPEIJSTTHPGADLQEJFCR	22,Carbamidomethyl[C];	2711.26307	5 4 2 0 0	(N(N(H(H(N(H(A))))(H(N(H(A)))))))	754	0 1 0 0 0;0 2 0 0 0;1 2 0 0 0;2 2 0 0 0;2 3 0 0 0;3 2 0 0 0;3 3 0 0 0;3 3 1 0 0;3 4 0 0 0;4 3 0 0 0;4 3 1 0 0;4 4 0 0 0;4 4 1 0 0;5 4 0 0 0;5 4 1 0 0;	2204.77244	8	62.88153	84.43276	22.85783	6	0.00860	1.74855	0.58824	0.84091	0.00000	0	0	22.85783	21.68798	65.05033	2.532473153731149e-27	0.0	2.532473153731149e-27	sp|P00734|THRB_HUMAN	143
2020111CXY-6.9169.9169.2.0.dta	2020111CXY-6.9169.9169.2.0.dta	2020111CXY-6	9169	2438.64172	3225.27946	1613.14337	2	1	FLNJGTCTAEGK	7,Carbamidomethyl[C];	1311.59978	5 4 1 0 0	(N(N(H(H(N(H)))(H(N(H(A)))))))	380	0 1 0 0 0;0 2 0 0 0;1 2 0 0 0;2 2 0 0 0;2 3 0 0 0;3 2 0 0 0;3 3 0 0 0;3 3 1 0 0;3 4 0 0 0;4 3 0 0 0;4 3 1 0 0;4 4 0 0 0;4 4 1 0 0;5 4 0 0 0;	1913.67702	4	17.24488	23.23550	6.11944	5	0.00265	0.82303	0.31250	0.77273	0.00000	0	0	6.11944	13.09020	18.55390	2.3546662801439572e-06	0.0	2.3546662801439572e-06	sp|P05156|CFAI_HUMAN	103
2020111CXY-6.18807.18807.3.0.dta	2020111CXY-6.18807.18807.3.0.dta	2020111CXY-6	18807	5211.79538	3649.56060	1217.19172	3	1	ALPQPQJVTSLLGCTH	14,Carbamidomethyl[C];	1735.87958	5 4 1 0 0	(N(N(H(H(N(H)))(H(N(H(A)))))))	380	0 1 0 0 0;0 2 0 0 0;1 2 0 0 0;2 2 0 0 0;2 3 0 0 0;3 2 0 0 0;3 3 0 0 0;3 3 1 0 0;3 4 0 0 0;4 3 0 0 0;4 3 1 0 0;4 4 0 0 0;4 4 1 0 0;5 4 0 0 0;	1913.67702	7	25.91273	30.66870	17.08021	6	0.00399	1.09397	0.50000	0.66667	0.00000	0	0	17.08021	11.15825	27.02855	1.2574813492972214e-19	0.0	1.2574813492972214e-19	sp|P02790|HEMO_HUMAN	453
2020111CXY-6.9991.9991.2.0.dta	2020111CXY-6.9991.9991.2.0.dta	2020111CXY-6	9991	2659.94567	2764.11225	1382.55976	2	1	EEQFJSTFR		1157.52218	4 4 0 1 0	(N(F)(N(H(H(N(H))(N(H))))))	166	0 1 0 0 0;0 1 0 1 0;0 2 0 0 0;0 2 0 1 0;1 2 0 0 0;1 2 0 1 0;2 2 0 0 0;2 2 0 1 0;2 3 0 0 0;2 3 0 1 0;2 4 0 0 0;2 4 0 1 0;3 3 0 0 0;3 3 0 1 0;3 4 0 0 0;3 4 0 1 0;4 4 0 0 0;	1606.58669	5	13.23750	8.27477	22.45401	8	0.00338	1.22413	0.42105	0.50000	0.00000	0	0	22.45401	8.57944	14.09544	1.2618377222649096e-26	0.0022002200220022	0.0022002200220022	sp|P01859|IGHG2_HUMAN	176
2020111CXY-6.5941.5941.3.0.dta	2020111CXY-6.5941.5941.3.0.dta	2020111CXY-6	5941	1571.23671	2796.10074	932.70510	3	1	EEQYJSTYR		1189.51199	4 4 0 1 0	(N(N(H(H(N))(H(N(H(F)))))))	161	0 1 0 0 0;0 2 0 0 0;1 2 0 0 0;2 2 0 0 0;2 3 0 0 0;3 2 0 0 0;3 3 0 0 0;3 3 0 1 0;3 4 0 0 0;4 3 0 0 0;4 3 0 1 0;4 4 0 0 0;	1606.58669	5	62.20838	70.39151	47.01114	7	0.00206	0.73661	0.71429	1.12500	0.00000	0	0	47.01114	15.41991	63.75037	2.1465918564512606e-61	0.0	2.1465918564512606e-61	sp|P01857|IGHG1_HUMAN	180
2020111CXY-6.15455.15455.3.0.dta	2020111CXY-6.15455.15455.3.0.dta	2020111CXY-6	15455	4309.12587	4301.98064	1434.66506	3	1	MVSHHJLTTGATLINEQWLLTTAK		2679.39230	5 4 0 0 0	(N(N(H(H(N(H)))(H(N(H))))))	175	0 1 0 0 0;0 2 0 0 0;1 2 0 0 0;2 2 0 0 0;2 3 0 0 0;3 2 0 0 0;3 3 0 0 0;3 4 0 0 0;4 3 0 0 0;4 4 0 0 0;	1622.58161	6	32.45967	36.74238	24.50608	6	0.00673	1.56510	0.66667	0.52174	0.00000	0	0	24.50608	15.49590	34.00926	1.8411491598852815e-29	0.0	1.8411491598852815e-29	sp|P00739|HPTR_HUMAN/sp|P00738|HPT_HUMAN	126/184
2020111CXY-6.3856.3856.2.0.dta	2020111CXY-6.3856.3856.2.0.dta	2020111CXY-6	3856	1011.90853	2858.11468	1429.56098	2	1	HJSTGCLR	6,Carbamidomethyl[C];	944.43667	5 4 1 0 0	(N(N(H(H(N(H)))(H(N(H(A)))))))	380	0 1 0 0 0;0 2 0 0 0;1 2 0 0 0;2 2 0 0 0;2 3 0 0 0;3 2 0 0 0;3 3 0 0 0;3 3 1 0 0;3 4 0 0 0;4 3 0 0 0;4 3 1 0 0;4 4 0 0 0;4 4 1 0 0;5 4 0 0 0;	1913.67702	2	60.25641	48.26630	82.52377	7	0.00098	0.34341	0.87500	1.14286	0.00000	0	0	82.52377	13.80188	61.63660	4.1023413527180094e-112	0.0	4.1023413527180094e-112	sp|P10909|CLUS_HUMAN	291
2020111CXY-6.17267.17267.4.2.dta	2020111CXY-6.17267.17267.4.2.dta	2020111CXY-6	17267	4797.83157	4145.84356	1037.21635	4	1	VVLHPJYSQVDIGLIK		1795.01124	5 4 2 1 0	(N(N(H(H(N(H(A))))(H(N(F)(H(A)))))))	993	0 1 0 0 0;0 2 0 0 0;1 2 0 0 0;2 2 0 0 0;2 3 0 0 0;2 3 0 1 0;3 2 0 0 0;3 3 0 0 0;3 3 0 1 0;3 3 1 0 0;3 3 1 1 0;3 4 0 0 0;3 4 0 1 0;4 3 0 0 0;4 3 0 1 0;4 3 1 0 0;4 3 1 1 0;4 4 0 0 0;4 4 0 1 0;4 4 1 0 0;4 4 1 1 0;5 4 0 0 0;5 4 0 1 0;5 4 1 0 0;5 4 1 1 0;5 4 2 0 0;	2350.83035	6	16.92245	11.24489	27.46648	7	0.00198	0.47690	0.39286	0.40000	0.00000	0	0	27.46648	8.25174	17.74762	1.4934441849010265e-33	0.0032258064516129032	0.0032258064516129032	sp|P00738|HPT_HUMAN	241
2020111CXY-6.9557.9557.2.0.dta	2020111CXY-6.9557.9557.2.0.dta	2020111CXY-6	9557	2542.71759	2602.05833	1301.53281	2	1	EEQFJSTFR		1157.52218	3 4 0 1 0	(N(F)(N(H(H(N))(H(N)))))	95	0 1 0 0 0;0 1 0 1 0;0 2 0 0 0;0 2 0 1 0;1 2 0 0 0;1 2 0 1 0;2 2 0 0 0;2 2 0 1 0;2 3 0 0 0;2 3 0 1 0;3 2 0 0 0;3 2 0 1 0;3 3 0 0 0;3 3 0 1 0;3 4 0 0 0;	1444.53387	5	75.78003	69.99312	86.52715	9	0.00229	0.87895	0.76471	1.00000	0.00000	0	0	86.52715	15.88234	77.36826	6.367169419005544e-118	0.0	6.367169419005544e-118	sp|P01859|IGHG2_HUMAN	176
2020111CXY-6.5098.5098.3.0.dta	2020111CXY-6.5098.5098.3.0.dta	2020111CXY-6	5098	1344.90288	3141.27755	1047.76403	3	1	YKJNSDISSTR		1284.61786	5 3 1 1 0	(N(F)(N(H(H(H))(H(N(H(A)))))))	322	0 1 0 0 0;0 1 0 1 0;0 2 0 0 0;0 2 0 1 0;1 2 0 0 0;1 2 0 1 0;2 2 0 0 0;2 2 0 1 0;2 3 0 0 0;2 3 0 1 0;3 2 0 0 0;3 2 0 1 0;3 3 0 0 0;3 3 0 1 0;3 3 1 0 0;3 3 1 1 0;4 2 0 0 0;4 2 0 1 0;4 3 0 0 0;4 3 0 1 0;4 3 1 0 0;4 3 1 1 0;5 3 0 0 0;5 3 0 1 0;5 3 1 0 0;	1856.65556	3	44.90576	30.82627	71.05337	9	0.00413	1.31514	0.70370	0.90000	0.00000	0	0	71.05337	13.35669	46.24143	1.1544118669510245e-95	0.0	1.1544118669510245e-95	sp|P01871|IGHM_HUMAN	46
2020111CXY-6.7544.7544.3.0.dta	2020111CXY-6.7544.7544.3.0.dta	2020111CXY-6	7544	2001.13808	2780.10645	927.37367	3	1	EEQFJSTYR		1173.51708	4 4 0 1 0	(N(F)(N(H(H(N))(H(N(H))))))	158	0 1 0 0 0;0 1 0 1 0;0 2 0 0 0;0 2 0 1 0;1 2 0 0 0;1 2 0 1 0;2 2 0 0 0;2 2 0 1 0;2 3 0 0 0;2 3 0 1 0;3 2 0 0 0;3 2 0 1 0;3 3 0 0 0;3 3 0 1 0;3 4 0 0 0;3 4 0 1 0;4 3 0 0 0;4 3 0 1 0;4 4 0 0 0;	1606.58669	5	33.73886	25.54377	48.95833	9	0.00267	0.96027	0.61905	0.75000	0.00000	0	0	48.95833	9.94738	34.73360	1.1568613539859563e-63	0.0	1.1568613539859563e-63	sp|P01861|IGHG4_HUMAN	177
2020111CXY-6.18572.18572.3.0.dta	2020111CXY-6.18572.18572.3.0.dta	2020111CXY-6	18572	5148.38565	4802.08348	1601.36601	3	1	VVLHPJYSQVDIGLIK		1795.01124	6 5 3 1 0	(N(N(H(H(N(H(A))))(H(N(H(A)))(N(F)(H(A)))))))	2061	0 1 0 0 0;0 2 0 0 0;1 2 0 0 0;2 2 0 0 0;2 3 0 0 0;2 3 0 1 0;2 4 0 0 0;2 4 0 1 0;3 2 0 0 0;3 3 0 0 0;3 3 0 1 0;3 3 1 0 0;3 3 1 1 0;3 4 0 0 0;3 4 0 1 0;3 4 1 0 0;3 4 1 1 0;3 5 0 0 0;3 5 0 1 0;4 3 0 0 0;4 3 0 1 0;4 3 1 0 0;4 3 1 1 0;4 4 0 0 0;4 4 0 1 0;4 4 1 0 0;4 4 1 1 0;4 4 2 0 0;4 4 2 1 0;4 5 0 0 0;4 5 0 1 0;4 5 1 0 0;4 5 1 1 0;5 4 0 0 0;5 4 0 1 0;5 4 1 0 0;5 4 1 1 0;5 4 2 0 0;5 4 2 1 0;5 5 0 0 0;5 5 0 1 0;5 5 1 0 0;5 5 1 1 0;5 5 2 0 0;5 5 2 1 0;6 5 0 0 0;6 5 0 1 0;6 5 1 0 0;6 5 1 1 0;6 5 2 0 0;6 5 2 1 0;6 5 3 0 0;	3007.05796	6	18.38010	16.08433	22.64367	7	0.01428	2.97343	0.24074	0.46667	0.00000	0	0	22.64367	9.84627	19.36473	5.184951892925291e-27	0.0	5.184951892925291e-27	sp|P00738|HPT_HUMAN	241
2020111CXY-6.5157.5157.2.0.dta	2020111CXY-6.5157.5157.2.0.dta	2020111CXY-6	5157	1360.94628	2542.00788	1271.50758	2	1	JNSDISSTR		993.45958	4 3 1 0 0	(N(N(H(H)(H(N(H(A)))))))	126	0 1 0 0 0;0 2 0 0 0;1 2 0 0 0;2 2 0 0 0;2 3 0 0 0;3 2 0 0 0;3 3 0 0 0;3 3 1 0 0;4 3 0 0 0;	1548.54483	1	22.84251	23.36148	21.87870	7	0.00348	1.36760	0.63636	0.87500	0.00000	0	0	21.87870	11.73254	24.01576	5.581393116011636e-26	0.0	5.581393116011636e-26	sp|P01871|IGHM_HUMAN	46
2020111CXY-6.15438.15438.3.1.dta	2020111CXY-6.15438.15438.3.1.dta	2020111CXY-6	15438	4304.60184	2201.16656	734.39370	3	1	VVLHPJYSQVDIGLIK		1795.01124	0 2 0 0 0	(N(N))	2	0 1 0 0 0;	406.15875	6	9.98748	13.31268	3.81209	2	-0.00342	-1.55497	0.66667	0.46667	0.00000	0	0	3.81209	10.28532	11.01601	0	0.0	0	sp|P00738|HPT_HUMAN	241
2020111CXY-6.7468.7468.3.0.dta	2020111CXY-6.7468.7468.3.0.dta	2020111CXY-6	7468	1980.48939	3093.22985	1031.74814	3	1	JVTAEQAR		888.45337	5 4 2 0 0	(N(N(H(H(N(H(A))))(H(N(H(A)))))))	754	0 1 0 0 0;0 2 0 0 0;1 2 0 0 0;2 2 0 0 0;2 3 0 0 0;3 2 0 0 0;3 3 0 0 0;3 3 1 0 0;3 4 0 0 0;4 3 0 0 0;4 3 1 0 0;4 4 0 0 0;4 4 1 0 0;5 4 0 0 0;5 4 1 0 0;	2204.77244	1	21.69267	21.86231	21.37760	7	0.00404	1.30671	0.47059	0.92857	0.00000	0	0	21.37760	10.62051	22.75472	3.26017286684445e-25	0.0	3.26017286684445e-25	sp|P00748|FA12_HUMAN	249
2020111CXY-6.15992.15992.3.0.dta	2020111CXY-6.15992.15992.3.0.dta	2020111CXY-6	15992	4455.18777	4665.90275	1555.97243	3	1	NJATVHEQVGGPSLTSDLQAQSK		2381.16916	4 4 2 0 1	(N(N(H(H(N(pH(A))))(H(N(H(A)))))))	6843	0 1 0 0 0;0 2 0 0 0;1 2 0 0 0;2 2 0 0 0;2 3 0 0 0;2 3 0 0 1;2 3 1 0 1;3 2 0 0 0;3 3 0 0 0;3 3 0 0 1;3 3 1 0 0;3 3 1 0 1;3 4 0 0 0;3 4 0 0 1;3 4 1 0 1;4 3 0 0 0;4 3 1 0 0;4 4 0 0 0;4 4 0 0 1;4 4 1 0 0;4 4 1 0 1;	2284.73877	2	61.22037	78.10993	29.85405	7	-0.00518	-1.10933	0.47826	0.77273	0.00000	0	0	29.85405	20.58915	63.27928	9.698390308815644e-37	0.0	9.698390308815644e-37	sp|P04004|VTNC_HUMAN	86
2020111CXY-6.4714.4714.3.0.dta	2020111CXY-6.4714.4714.3.0.dta	2020111CXY-6	4714	1241.33258	3157.27220	1053.09559	3	1	YKJNSDISSTR		1284.61786	6 3 1 0 0	(N(N(H(H(H(H)))(H(N(H(A)))))))	349	0 1 0 0 0;0 2 0 0 0;1 2 0 0 0;2 2 0 0 0;2 3 0 0 0;3 2 0 0 0;3 3 0 0 0;3 3 1 0 0;4 2 0 0 0;4 3 0 0 0;4 3 1 0 0;5 2 0 0 0;5 3 0 0 0;5 3 1 0 0;6 3 0 0 0;	1872.65047	3	73.38025	72.28827	75.40820	7	0.00387	1.22561	0.82353	1.20000	0.00000	0	0	75.40820	18.27325	75.20757	1.2415926732176069e-101	0.0	1.2415926732176069e-101	sp|P01871|IGHM_HUMAN	46
2020111CXY-6.16172.16172.3.0.dta	2020111CXY-6.16172.16172.3.0.dta	2020111CXY-6	16172	4503.65093	3546.63710	1182.88388	3	1	VVLHPJYSQVDIGLIK		1795.01124	4 4 1 0 0	(N(N(H(H(N))(H(N(H(A)))))))	239	0 1 0 0 0;0 2 0 0 0;1 2 0 0 0;2 2 0 0 0;2 3 0 0 0;3 2 0 0 0;3 3 0 0 0;3 3 1 0 0;3 4 0 0 0;4 3 0 0 0;4 3 1 0 0;4 4 0 0 0;	1751.62420	6	46.62352	45.51303	48.68584	7	0.00166	0.46859	0.92857	0.73333	0.00000	0	0	48.68584	13.96205	48.01973	2.1514092626654952e-63	0.0	2.1514092626654952e-63	sp|P00738|HPT_HUMAN	241
2020111CXY-6.18785.18785.3.0.dta	2020111CXY-6.18785.18785.3.0.dta	2020111CXY-6	18785	5205.89191	3840.64837	1280.88764	3	1	DLQSLEDILHQVEJK		1780.90757	5 4 1 1 0	(N(F)(N(H(H(N(H)))(H(N(H(A)))))))	549	0 1 0 0 0;0 1 0 1 0;0 2 0 0 0;0 2 0 1 0;1 2 0 0 0;1 2 0 1 0;2 2 0 0 0;2 2 0 1 0;2 3 0 0 0;2 3 0 1 0;3 2 0 0 0;3 2 0 1 0;3 3 0 0 0;3 3 0 1 0;3 3 1 0 0;3 3 1 1 0;3 4 0 0 0;3 4 0 1 0;4 3 0 0 0;4 3 0 1 0;4 3 1 0 0;4 3 1 1 0;4 4 0 0 0;4 4 0 1 0;4 4 1 0 0;4 4 1 1 0;5 4 0 0 0;5 4 0 1 0;5 4 1 0 0;	2059.73493	14	19.12613	22.56424	12.74107	6	0.00587	1.52753	0.35484	0.60714	0.00000	0	0	12.74107	9.38507	20.06464	7.420489030976039e-14	0.0	7.420489030976039e-14	sp|P02679|FIBG_HUMAN	78
2020111CXY-6.15224.15224.3.0.dta	2020111CXY-6.15224.15224.3.0.dta	2020111CXY-6	15224	4246.50073	3618.48057	1206.83171	3	1	ITYSIVQTJCSK	10,Carbamidomethyl[C];	1413.70423	5 4 2 0 0	(N(N(H(H(N(H(A))))(H(N(H(A)))))))	754	0 1 0 0 0;0 2 0 0 0;1 2 0 0 0;2 2 0 0 0;2 3 0 0 0;3 2 0 0 0;3 3 0 0 0;3 3 1 0 0;3 4 0 0 0;4 3 0 0 0;4 3 1 0 0;4 4 0 0 0;4 4 1 0 0;5 4 0 0 0;5 4 1 0 0;	2204.77244	9	69.96105	94.77778	23.87285	7	0.00389	1.07558	0.47059	1.18182	0.00000	0	0	23.87285	19.10293	71.87134	1.134767941282017e-28	0.0	1.134767941282017e-28	sp|P01042|KNG1_HUMAN	205
2020111CXY-6.9690.9690.3.0.dta	2020111CXY-6.9690.9690.3.0.dta	2020111CXY-6	9690	2578.56985	2805.13876	935.71777	3	1	EEQFJSTFR		1157.52218	3 5 0 1 0	(N(N(H(N)(H(N(H))(N(F))))))	185	0 1 0 0 0;0 2 0 0 0;1 2 0 0 0;1 3 0 0 0;2 2 0 0 0;2 3 0 0 0;2 3 0 1 0;2 4 0 0 0;2 4 0 1 0;2 5 0 0 0;2 5 0 1 0;3 3 0 0 0;3 4 0 0 0;3 4 0 1 0;3 5 0 0 0;	1647.61324	5	57.65216	71.32199	32.26533	6	0.00334	1.19229	0.52941	1.18750	0.00000	0	0	32.26533	16.36836	59.28900	2.69192610077563e-40	0.0	2.69192610077563e-40	sp|P01859|IGHG2_HUMAN	176
2020111CXY-6.4903.4903.2.0.dta	2020111CXY-6.4903.4903.2.0.dta	2020111CXY-6	4903	1292.40829	2710.12198	1355.56463	2	1	GHVJITR		796.44241	5 4 1 0 0	(N(N(H(H(N(H)))(H(N(H(A)))))))	380	0 1 0 0 0;0 2 0 0 0;1 2 0 0 0;2 2 0 0 0;2 3 0 0 0;3 2 0 0 0;3 3 0 0 0;3 3 1 0 0;3 4 0 0 0;4 3 0 0 0;4 3 1 0 0;4 4 0 0 0;4 4 1 0 0;5 4 0 0 0;	1913.67702	4	49.00036	29.75237	84.74661	7	0.00255	0.94036	0.93750	0.75000	0.00000	0	0	84.74661	10.12704	50.01306	6.070928519661794e-115	0.0	6.070928519661794e-115	sp|P00734|THRB_HUMAN	121
2020111CXY-6.11809.11809.5.0.dta	2020111CXY-6.11809.11809.5.0.dta	2020111CXY-6	11809	3150.17915	4624.94479	925.79478	5	1	YPHKPEIJSTTHPGADLQEJFCR	22,Carbamidomethyl[C];	2711.26307	5 4 1 0 0	(N(N(H(H(N(H)))(H(N(H(A)))))))	380	0 1 0 0 0;0 2 0 0 0;1 2 0 0 0;2 2 0 0 0;2 3 0 0 0;3 2 0 0 0;3 3 0 0 0;3 3 1 0 0;3 4 0 0 0;4 3 0 0 0;4 3 1 0 0;4 4 0 0 0;4 4 1 0 0;5 4 0 0 0;	1913.67702	8	44.28903	55.16621	24.08855	5	0.00470	1.01525	0.50000	0.65909	0.00000	0	0	24.08855	16.68881	45.95791	5.585623086148332e-29	0.0	5.585623086148332e-29	sp|P00734|THRB_HUMAN	143
2020111CXY-6.15160.15160.3.0.dta	2020111CXY-6.15160.15160.3.0.dta	2020111CXY-6	15160	4229.03125	3822.53785	1274.85080	3	1	GTAGNALMDGASQLMGEJR	8,Oxidation[M];	1908.85384	5 4 1 0 0	(N(N(H(H(N(H)))(H(N(H(A)))))))	380	0 1 0 0 0;0 2 0 0 0;1 2 0 0 0;2 2 0 0 0;2 3 0 0 0;3 2 0 0 0;3 3 0 0 0;3 3 1 0 0;3 4 0 0 0;4 3 0 0 0;4 3 1 0 0;4 4 0 0 0;4 4 1 0 0;5 4 0 0 0;	1913.67702	18	69.22942	88.08541	34.21115	7	0.00699	1.82850	0.62500	0.77778	0.00000	0	0	34.21115	15.98185	70.82761	3.4318867353510374e-43	0.0	3.4318867353510374e-43	sp|P02675|FIBB_HUMAN	394
2020111CXY-6.19364.19364.3.0.dta	2020111CXY-6.19364.19364.3.0.dta	2020111CXY-6	19364	5359.33544	3960.67370	1320.89608	3	1	YLGJATAIFFLPDEGK		1755.89521	5 4 2 0 0	(N(N(H(H(N(H(A))))(H(N(H(A)))))))	754	0 1 0 0 0;0 2 0 0 0;1 2 0 0 0;2 2 0 0 0;2 3 0 0 0;3 2 0 0 0;3 3 0 0 0;3 3 1 0 0;3 4 0 0 0;4 3 0 0 0;4 3 1 0 0;4 4 0 0 0;4 4 1 0 0;5 4 0 0 0;5 4 1 0 0;	2204.77244	4	22.53806	32.11518	4.75199	4	0.00605	1.52776	0.35294	0.76667	0.00000	0	0	4.75199	12.70615	23.80868	4.240746557110817e-05	0.0	4.240746557110817e-05	sp|P01009|A1AT_HUMAN	271
2020111CXY-6.16357.16357.4.0.dta	2020111CXY-6.16357.16357.4.0.dta	2020111CXY-6	16357	4553.27906	4609.95040	1153.24306	4	1	LAGKPTHVJVSVVMAEVDGTCY	21,Carbamidomethyl[C];	2347.14207	5 5 1 1 0	(N(F)(N(H(N)(H(N(H)))(H(N(H(A)))))))	824	0 1 0 0 0;0 1 0 1 0;0 2 0 0 0;0 2 0 1 0;1 2 0 0 0;1 2 0 1 0;1 3 0 0 0;1 3 0 1 0;2 2 0 0 0;2 2 0 1 0;2 3 0 0 0;2 3 0 1 0;2 4 0 0 0;2 4 0 1 0;3 2 0 0 0;3 2 0 1 0;3 3 0 0 0;3 3 0 1 0;3 3 1 0 0;3 3 1 1 0;3 4 0 0 0;3 4 0 1 0;3 4 1 0 0;3 4 1 1 0;3 5 0 0 0;3 5 0 1 0;4 3 0 0 0;4 3 0 1 0;4 3 1 0 0;4 3 1 1 0;4 4 0 0 0;4 4 0 1 0;4 4 1 0 0;4 4 1 1 0;4 5 0 0 0;4 5 0 1 0;4 5 1 0 0;4 5 1 1 0;5 4 0 0 0;5 4 0 1 0;5 4 1 0 0;5 4 1 1 0;5 5 0 0 0;5 5 0 1 0;5 5 1 0 0;	2262.81431	9	7.74700	10.13172	3.31823	4	-0.00598	-1.29759	0.17021	0.35714	0.00000	0	0	3.31823	7.89471	8.53647	0.0009358606042769471	0.009345794392523364	0.009345794392523364	sp|P01876|IGHA1_HUMAN	340
2020111CXY-6.18062.18062.4.5.dta	2020111CXY-6.18062.18062.4.5.dta	2020111CXY-6	18062	5011.26175	3698.55137	925.39330	4	1	CGLVPVLAENYJK	1,Carbamidomethyl[C];	1476.75152	6 4 1 1 0	(N(N(H(H(N(H(H))))(H(N(F)(H(A)))))))	783	0 1 0 0 0;0 2 0 0 0;1 2 0 0 0;2 2 0 0 0;2 3 0 0 0;2 3 0 1 0;3 2 0 0 0;3 3 0 0 0;3 3 0 1 0;3 3 1 0 0;3 3 1 1 0;3 4 0 0 0;3 4 0 1 0;4 3 0 0 0;4 3 0 1 0;4 3 1 0 0;4 3 1 1 0;4 4 0 0 0;4 4 0 1 0;4 4 1 0 0;4 4 1 1 0;5 3 0 0 0;5 4 0 0 0;5 4 0 1 0;5 4 1 0 0;5 4 1 1 0;6 4 0 0 0;6 4 0 1 0;6 4 1 0 0;	2221.78776	12	32.96483	45.03715	10.54480	6	0.01210	3.27108	0.22581	0.70833	0.00000	0	0	10.54480	12.04519	34.16935	5.120949736252932e-11	0.0	5.120949736252932e-11	sp|P02787|TRFE_HUMAN	432
2020111CXY-6.17441.17441.4.0.dta	2020111CXY-6.17441.17441.4.0.dta	2020111CXY-6	17441	4844.45284	3874.72515	969.43674	4	1	VDKDLQSLEDILHQVEJK		2123.09789	4 4 1 0 0	(N(N(H(H(N))(H(N(H(A)))))))	239	0 1 0 0 0;0 2 0 0 0;1 2 0 0 0;2 2 0 0 0;2 3 0 0 0;3 2 0 0 0;3 3 0 0 0;3 3 1 0 0;3 4 0 0 0;4 3 0 0 0;4 3 1 0 0;4 4 0 0 0;	1751.62420	17	76.86295	85.22778	61.32826	7	0.00306	0.79049	0.64286	0.79412	0.00000	0	0	61.32826	19.96972	78.85992	2.3680431558485364e-81	0.0	2.3680431558485364e-81	sp|P02679|FIBG_HUMAN	78
2020111CXY-6.9700.9700.3.0.dta	2020111CXY-6.9700.9700.3.0.dta	2020111CXY-6	9700	2581.18823	2967.19197	989.73551	3	1	EEQFJSTFR		1157.52218	4 5 0 1 0	(N(F)(N(H(N)(H(N(H))(N(H))))))	291	0 1 0 0 0;0 1 0 1 0;0 2 0 0 0;0 2 0 1 0;1 2 0 0 0;1 2 0 1 0;1 3 0 0 0;1 3 0 1 0;2 2 0 0 0;2 2 0 1 0;2 3 0 0 0;2 3 0 1 0;2 4 0 0 0;2 4 0 1 0;2 5 0 0 0;2 5 0 1 0;3 3 0 0 0;3 3 0 1 0;3 4 0 0 0;3 4 0 1 0;3 5 0 0 0;3 5 0 1 0;4 4 0 0 0;4 4 0 1 0;4 5 0 0 0;	1809.66607	5	29.25958	23.87804	39.25387	8	0.00372	1.25476	0.44444	0.81250	0.00000	0	0	39.25387	10.37847	30.29743	5.014618431679716e-50	0.0	5.014618431679716e-50	sp|P01859|IGHG2_HUMAN	176
2020111CXY-6.9415.9415.2.0.dta	2020111CXY-6.9415.9415.2.0.dta	2020111CXY-6	9415	2504.59546	2456.00105	1228.50416	2	1	EEQFJSTFR		1157.52218	3 4 0 0 0	(N(N(H(H(N))(H(N)))))	52	0 1 0 0 0;0 2 0 0 0;1 2 0 0 0;2 2 0 0 0;2 3 0 0 0;3 2 0 0 0;3 3 0 0 0;	1298.47596	5	47.27041	51.24315	39.89247	7	0.00291	1.18399	0.77778	0.93750	0.00000	0	0	39.89247	12.92490	48.56290	5.619536653863069e-51	0.0	5.619536653863069e-51	sp|P01859|IGHG2_HUMAN	176
2020111CXY-6.11881.11881.3.0.dta	2020111CXY-6.11881.11881.3.0.dta	2020111CXY-6	11881	3169.48277	3217.26147	1073.09201	3	1	EEQFJSTFR		1157.52218	5 4 1 1 0	(N(F)(N(H(H(N(H)))(H(N(H(A)))))))	549	0 1 0 0 0;0 1 0 1 0;0 2 0 0 0;0 2 0 1 0;1 2 0 0 0;1 2 0 1 0;2 2 0 0 0;2 2 0 1 0;2 3 0 0 0;2 3 0 1 0;3 2 0 0 0;3 2 0 1 0;3 3 0 0 0;3 3 0 1 0;3 3 1 0 0;3 3 1 1 0;3 4 0 0 0;3 4 0 1 0;4 3 0 0 0;4 3 0 1 0;4 3 1 0 0;4 3 1 1 0;4 4 0 0 0;4 4 0 1 0;4 4 1 0 0;4 4 1 1 0;5 4 0 0 0;5 4 0 1 0;5 4 1 0 0;	2059.73493	5	41.82097	36.17210	52.31175	9	0.00436	1.35571	0.51613	0.81250	0.00000	0	0	52.31175	11.33908	42.95488	1.1776653025684778e-68	0.0	1.1776653025684778e-68	sp|P01859|IGHG2_HUMAN	176
2020111CXY-6.3024.3024.3.0.dta	2020111CXY-6.3024.3024.3.0.dta	2020111CXY-6	3024	790.56152	3828.51489	1276.84315	3	1	HSHNJJSSDLHPHK		1623.73709	5 4 2 0 0	(N(N(H(H(N(H(A))))(H(N(H(A)))))))	754	0 1 0 0 0;0 2 0 0 0;1 2 0 0 0;2 2 0 0 0;2 3 0 0 0;3 2 0 0 0;3 3 0 0 0;3 3 1 0 0;3 4 0 0 0;4 3 0 0 0;4 3 1 0 0;4 4 0 0 0;4 4 1 0 0;5 4 0 0 0;5 4 1 0 0;	2204.77244	5	23.17736	14.54789	39.20351	7	0.00536	1.39949	0.70588	0.46154	0.00000	0	0	39.20351	9.53013	24.13037	5.77868563206415e-50	0.0	5.77868563206415e-50	sp|P04196|HRG_HUMAN	344
2020111CXY-6.16222.16222.3.0.dta	2020111CXY-6.16222.16222.3.0.dta	2020111CXY-6	16222	4517.03667	4398.81703	1466.94386	3	1	GLTFQQJASSMCVPDQDTAIR	12,Carbamidomethyl[C];	2339.07546	5 4 1 1 0	(N(N(H(H(N(H)(F)))(H(N(H(A)))))))	550	0 1 0 0 0;0 2 0 0 0;1 2 0 0 0;2 2 0 0 0;2 3 0 0 0;2 3 0 1 0;3 2 0 0 0;3 3 0 0 0;3 3 0 1 0;3 3 1 0 0;3 4 0 0 0;3 4 0 1 0;4 3 0 0 0;4 3 0 1 0;4 3 1 0 0;4 4 0 0 0;4 4 0 1 0;4 4 1 0 0;4 4 1 1 0;5 4 0 0 0;5 4 0 1 0;5 4 1 0 0;	2059.73493	7	57.28196	79.42285	16.16317	7	0.00663	1.50806	0.29167	0.85000	0.00000	0	0	16.16317	22.32157	59.51412	2.416275708921782e-18	0.0	2.416275708921782e-18	sp|P01871|IGHM_HUMAN	209
2020111CXY-6.5847.5847.2.0.dta	2020111CXY-6.5847.5847.2.0.dta	2020111CXY-6	5847	1546.20688	2812.09671	1406.55200	2	1	EEQYJSTYR		1189.51199	5 4 0 0 0	(N(N(H(H(N(H)))(H(N(H))))))	175	0 1 0 0 0;0 2 0 0 0;1 2 0 0 0;2 2 0 0 0;2 3 0 0 0;3 2 0 0 0;3 3 0 0 0;3 4 0 0 0;4 3 0 0 0;4 4 0 0 0;	1622.58161	5	17.43212	11.95319	27.60728	7	0.00312	1.10843	0.58333	0.56250	0.00000	0	0	27.60728	9.27505	18.35962	7.614048606163285e-34	0.0	7.614048606163285e-34	sp|P01857|IGHG1_HUMAN	180
2020111CXY-6.5869.5869.2.0.dta	2020111CXY-6.5869.5869.2.0.dta	2020111CXY-6	5869	1552.01398	2796.10156	1398.55442	2	1	EEQYJSTYR		1189.51199	4 4 0 1 0	(N(N(H(H(N))(H(N(H(F)))))))	161	0 1 0 0 0;0 2 0 0 0;1 2 0 0 0;2 2 0 0 0;2 3 0 0 0;3 2 0 0 0;3 3 0 0 0;3 3 0 1 0;3 4 0 0 0;4 3 0 0 0;4 3 0 1 0;4 4 0 0 0;	1606.58669	5	44.29858	48.73481	36.05985	7	0.00288	1.02988	0.64286	1.00000	0.00000	0	0	36.05985	12.81063	45.57964	1.4665058114938094e-45	0.0	1.4665058114938094e-45	sp|P01857|IGHG1_HUMAN	180
2020111CXY-6.18270.18270.3.0.dta	2020111CXY-6.18270.18270.3.0.dta	2020111CXY-6	18270	5067.47544	4014.77424	1338.92960	3	1	VLSJNSDANLELINTWVAK		2101.09241	5 4 1 0 0	(N(N(H(H(N(H)))(H(N(H(A)))))))	380	0 1 0 0 0;0 2 0 0 0;1 2 0 0 0;2 2 0 0 0;2 3 0 0 0;3 2 0 0 0;3 3 0 0 0;3 3 1 0 0;3 4 0 0 0;4 3 0 0 0;4 3 1 0 0;4 4 0 0 0;4 4 1 0 0;5 4 0 0 0;	1913.67702	4	49.48808	61.41409	27.33979	7	0.00480	1.19670	0.56250	0.86111	0.00000	0	0	27.33979	19.51680	51.43976	3.204575580706273e-33	0.0	3.204575580706273e-33	sp|P05155|IC1_HUMAN	253
2020111CXY-6.10162.10162.3.1.dta	2020111CXY-6.10162.10162.3.1.dta	2020111CXY-6	10162	2706.10044	3351.32799	1117.78085	3	1	DTFVJASR		909.44247	7 5 0 2 0	(N(F)(N(H(N)(H(N(H(H))))(H(N(F)(H(H)))))))	1120	0 1 0 0 0;0 1 0 1 0;0 2 0 0 0;0 2 0 1 0;1 2 0 0 0;1 2 0 1 0;1 3 0 0 0;1 3 0 1 0;2 2 0 0 0;2 2 0 1 0;2 3 0 0 0;2 3 0 1 0;2 3 0 2 0;2 4 0 0 0;2 4 0 1 0;2 4 0 2 0;3 2 0 0 0;3 2 0 1 0;3 3 0 0 0;3 3 0 1 0;3 3 0 2 0;3 4 0 0 0;3 4 0 1 0;3 4 0 2 0;3 5 0 0 0;3 5 0 1 0;3 5 0 2 0;4 3 0 0 0;4 3 0 1 0;4 3 0 2 0;4 4 0 0 0;4 4 0 1 0;4 4 0 2 0;4 5 0 0 0;4 5 0 1 0;4 5 0 2 0;5 3 0 0 0;5 3 0 1 0;5 3 0 2 0;5 4 0 0 0;5 4 0 1 0;5 4 0 2 0;5 5 0 0 0;5 5 0 1 0;5 5 0 2 0;6 4 0 0 0;6 4 0 1 0;6 4 0 2 0;6 5 0 0 0;6 5 0 1 0;6 5 0 2 0;7 4 0 0 0;7 4 0 1 0;7 4 0 2 0;7 5 0 0 0;7 5 0 1 0;	2441.88244	5	8.68354	8.49277	9.03783	8	0.00307	0.91725	0.15517	0.50000	0.00000	0	0	9.03783	8.11269	9.49481	2.7482151167117193e-09	0.004250797024442083	0.004250797024442083	sp|P05155|IC1_HUMAN	238
2020111CXY-6.18028.18028.4.0.dta	2020111CXY-6.18028.18028.4.0.dta	2020111CXY-6	18028	5002.61514	4097.63378	1025.16390	4	1	GTAGNALMDGASQLMGEJR		1892.85892	5 4 2 0 0	(N(N(H(H(N(H(A))))(H(N(H(A)))))))	754	0 1 0 0 0;0 2 0 0 0;1 2 0 0 0;2 2 0 0 0;2 3 0 0 0;3 2 0 0 0;3 3 0 0 0;3 3 1 0 0;3 4 0 0 0;4 3 0 0 0;4 3 1 0 0;4 4 0 0 0;4 4 1 0 0;5 4 0 0 0;5 4 1 0 0;	2204.77244	18	74.71399	97.32784	32.71684	7	0.00242	0.59082	0.52941	0.83333	0.00000	0	0	32.71684	20.52487	76.76648	5.459556174704717e-41	0.0	5.459556174704717e-41	sp|P02675|FIBB_HUMAN	394
2020111CXY-6.3844.3844.3.1.dta	2020111CXY-6.3844.3844.3.1.dta	2020111CXY-6	3844	1008.82755	3587.37320	1196.46258	3	1	HJSTGCLR	6,Carbamidomethyl[C];	944.43667	5 4 2 3 0	(N(N(H(H(N(F)(H(F))))(H(N(F)(H(A(A))))))))	1472	0 1 0 0 0;0 2 0 0 0;1 2 0 0 0;2 2 0 0 0;2 3 0 0 0;2 3 0 1 0;3 2 0 0 0;3 3 0 0 0;3 3 0 1 0;3 3 0 2 0;3 3 1 0 0;3 3 1 1 0;3 3 2 0 0;3 3 2 1 0;3 4 0 0 0;3 4 0 1 0;3 4 0 2 0;4 3 0 0 0;4 3 0 1 0;4 3 0 2 0;4 3 1 0 0;4 3 1 1 0;4 3 2 0 0;4 3 2 1 0;4 4 0 0 0;4 4 0 1 0;4 4 0 2 0;4 4 0 3 0;4 4 1 0 0;4 4 1 1 0;4 4 1 2 0;4 4 2 0 0;4 4 2 1 0;4 4 2 2 0;5 4 0 0 0;5 4 0 1 0;5 4 0 2 0;5 4 0 3 0;5 4 1 0 0;5 4 1 1 0;5 4 1 2 0;5 4 1 3 0;5 4 2 0 0;5 4 2 1 0;5 4 2 2 0;	2642.94617	2	26.28683	25.35883	28.01025	6	-0.00964	-2.68677	0.29787	0.85714	0.00000	0	0	28.01025	10.04852	27.29168	2.7448957708275345e-34	0.0	2.7448957708275345e-34	sp|P10909|CLUS_HUMAN	291
2020111CXY-6.15587.15587.2.0.dta	2020111CXY-6.15587.15587.2.0.dta	2020111CXY-6	15587	4345.06526	2460.02129	1230.51428	2	1	JGSLFAFR		911.47338	4 3 1 0 0	(N(N(H(H)(H(N(H(A)))))))	126	0 1 0 0 0;0 2 0 0 0;1 2 0 0 0;2 2 0 0 0;2 3 0 0 0;3 2 0 0 0;3 3 0 0 0;3 3 1 0 0;4 3 0 0 0;	1548.54483	1	53.97024	73.96552	16.83614	6	0.00309	1.25587	0.54545	1.42857	0.00000	0	0	16.83614	18.13973	55.78421	3.3709191398365655e-19	0.0	3.3709191398365655e-19	sp|P04004|VTNC_HUMAN	169
2020111CXY-6.16410.16410.3.0.dta	2020111CXY-6.16410.16410.3.0.dta	2020111CXY-6	16410	4567.51677	4246.80115	1416.27190	3	1	STGKPTLYJVSLVMSDTAGTCY	21,Carbamidomethyl[C];	2365.10501	3 4 1 2 0	(N(N(H(H(N(F))(N(F)(H(A)))))))	357	0 1 0 0 0;0 2 0 0 0;1 2 0 0 0;2 2 0 0 0;2 3 0 0 0;2 3 0 1 0;2 4 0 0 0;2 4 0 1 0;2 4 0 2 0;3 3 0 0 0;3 3 0 1 0;3 3 1 0 0;3 3 1 1 0;3 4 0 0 0;3 4 0 1 0;3 4 0 2 0;3 4 1 0 0;3 4 1 1 0;	1881.68719	9	22.63622	31.61384	5.96349	5	0.00895	2.10741	0.25000	0.57143	0.00000	0	0	5.96349	12.29429	23.86565	3.584537984117108e-06	0.0	3.584537984117108e-06	sp|P01871|IGHM_HUMAN/sp|P04220|MUCB_HUMAN	439/378
2020111CXY-6.2283.2283.2.1.dta	2020111CXY-6.2283.2283.2.1.dta	2020111CXY-6	2283	592.53367	1166.55866	583.78297	2	1	NLGJNTK		760.39479	0 2 0 0 0	(N(N))	2	0 1 0 0 0;	406.15875	4	14.55171	20.51015	3.48604	2	0.00513	4.39519	0.66667	0.66667	0.00000	0	0	3.48604	8.23066	15.37478	0	0.0032258064516129032	0.0032258064516129032	sp|Q16880|CGT_HUMAN	333
2020111CXY-6.3549.3549.3.0.dta	2020111CXY-6.3549.3549.3.0.dta	2020111CXY-6	3549	930.19176	2501.03258	834.34904	3	1	YKJNSDISSTR		1284.61786	5 2 0 0 0	(N(N(H(H)(H(H)(H)))))	31	0 1 0 0 0;0 2 0 0 0;1 2 0 0 0;2 2 0 0 0;3 2 0 0 0;4 2 0 0 0;	1216.42286	3	35.61741	28.04989	49.67138	7	-0.00814	-3.25622	1.00000	0.80000	0.00000	0	0	49.67138	13.19515	36.93692	5.887514693030575e-65	0.0	5.887514693030575e-65	sp|P01871|IGHM_HUMAN	46
2020111CXY-6.7393.7393.2.0.dta	2020111CXY-6.7393.7393.2.0.dta	2020111CXY-6	7393	1960.33643	2471.99647	1236.50187	2	1	EEQFJSTYR		1173.51708	3 4 0 0 0	(N(N(H(H(N))(H(N)))))	52	0 1 0 0 0;0 2 0 0 0;1 2 0 0 0;2 2 0 0 0;2 3 0 0 0;3 2 0 0 0;3 3 0 0 0;	1298.47596	5	44.41200	47.11163	39.39842	7	0.00343	1.38750	0.77778	1.00000	0.00000	0	0	39.39842	12.61338	45.67334	3.829546465660547e-50	0.0	3.829546465660547e-50	sp|P01861|IGHG4_HUMAN	177
2020111CXY-6.17839.17839.3.0.dta	2020111CXY-6.17839.17839.3.0.dta	2020111CXY-6	17839	4951.35124	4046.65965	1349.55807	3	1	CGLVPVLAENYJK	1,Carbamidomethyl[C];	1476.75152	6 5 2 0 0	(N(N(H(H(N(H(A))))(H(N(H))(N(H(A)))))))	1338	0 1 0 0 0;0 2 0 0 0;1 2 0 0 0;2 2 0 0 0;2 3 0 0 0;2 4 0 0 0;3 2 0 0 0;3 3 0 0 0;3 3 1 0 0;3 4 0 0 0;3 4 1 0 0;3 5 0 0 0;4 3 0 0 0;4 3 1 0 0;4 4 0 0 0;4 4 1 0 0;4 5 0 0 0;4 5 1 0 0;5 4 0 0 0;5 4 1 0 0;5 4 2 0 0;5 5 0 0 0;5 5 1 0 0;5 5 2 0 0;6 5 0 0 0;6 5 1 0 0;	2569.90464	12	21.70512	30.46026	5.44556	4	0.00350	0.86442	0.25000	0.70833	0.00000	0	0	5.44556	11.05699	22.81082	1.2014112561215356e-05	0.0	1.2014112561215356e-05	sp|P02787|TRFE_HUMAN	432
2020111CXY-6.7477.7477.3.0.dta	2020111CXY-6.7477.7477.3.0.dta	2020111CXY-6	7477	1982.82766	2780.10676	927.37377	3	1	EEQFJSTYR		1173.51708	4 4 0 1 0	(N(N(H(H(N))(H(N(H(F)))))))	161	0 1 0 0 0;0 2 0 0 0;1 2 0 0 0;2 2 0 0 0;2 3 0 0 0;3 2 0 0 0;3 3 0 0 0;3 3 0 1 0;3 4 0 0 0;4 3 0 0 0;4 3 0 1 0;4 4 0 0 0;	1606.58669	5	66.83685	81.85540	38.94526	7	0.00298	1.07357	0.64286	1.25000	0.00000	0	0	38.94526	16.35026	68.47188	9.617351926985006e-50	0.0	9.617351926985006e-50	sp|P01861|IGHG4_HUMAN	177
2020111CXY-6.18327.18327.3.0.dta	2020111CXY-6.18327.18327.3.0.dta	2020111CXY-6	18327	5082.83924	3796.58222	1266.19892	3	1	LGACJDTLQQLMEVFK	4,Carbamidomethyl[C];12,Oxidation[M];	1882.90375	5 4 1 0 0	(N(N(H(H(N(H)))(H(N(H(A)))))))	380	0 1 0 0 0;0 2 0 0 0;1 2 0 0 0;2 2 0 0 0;2 3 0 0 0;3 2 0 0 0;3 3 0 0 0;3 3 1 0 0;3 4 0 0 0;4 3 0 0 0;4 3 1 0 0;4 4 0 0 0;4 4 1 0 0;5 4 0 0 0;	1913.67702	5	27.59092	33.40753	16.78864	6	0.00144	0.38047	0.50000	0.73333	0.00000	0	0	16.78864	13.71938	28.96286	4.40791519531149e-19	0.0	4.40791519531149e-19	sp|P01008|ANT3_HUMAN	128
2020111CXY-6.17887.17887.3.0.dta	2020111CXY-6.17887.17887.3.0.dta	2020111CXY-6	17887	4964.18401	4719.90104	1573.97186	3	1	QQQHLFGSJVTDCSGJFCLFR	13,Carbamidomethyl[C];18,Carbamidomethyl[C];	2515.12414	5 4 2 0 0	(N(N(H(H(N(H(A))))(H(N(H(A)))))))	754	0 1 0 0 0;0 2 0 0 0;1 2 0 0 0;2 2 0 0 0;2 3 0 0 0;3 2 0 0 0;3 3 0 0 0;3 3 1 0 0;3 4 0 0 0;4 3 0 0 0;4 3 1 0 0;4 4 0 0 0;4 4 1 0 0;5 4 0 0 0;5 4 1 0 0;	2204.77244	9	26.31150	38.89401	2.94397	3	0.00446	0.94429	0.29412	0.67500	0.00000	0	0	2.94397	14.17986	27.72949	0.0016325186260238757	0.0	0.0016325186260238757	sp|P02787|TRFE_HUMAN	630
2020111CXY-6.8041.8041.3.0.dta	2020111CXY-6.8041.8041.3.0.dta	2020111CXY-6	8041	2135.17137	3290.27800	1097.43085	3	1	EEQYJSTYR		1189.51199	4 5 1 1 0	(N(F)(N(H(N)(H(N(H))(N(H(A)))))))	591	0 1 0 0 0;0 1 0 1 0;0 2 0 0 0;0 2 0 1 0;1 2 0 0 0;1 2 0 1 0;1 3 0 0 0;1 3 0 1 0;2 2 0 0 0;2 2 0 1 0;2 3 0 0 0;2 3 0 1 0;2 4 0 0 0;2 4 0 1 0;2 5 0 0 0;2 5 0 1 0;3 3 0 0 0;3 3 0 1 0;3 3 1 0 0;3 3 1 1 0;3 4 0 0 0;3 4 0 1 0;3 4 1 0 0;3 4 1 1 0;3 5 0 0 0;3 5 0 1 0;3 5 1 0 0;3 5 1 1 0;4 4 0 0 0;4 4 0 1 0;4 4 1 0 0;4 4 1 1 0;4 5 0 0 0;4 5 0 1 0;4 5 1 0 0;	2100.76148	5	21.82076	17.58020	29.69609	8	0.00453	1.37757	0.32432	0.62500	0.00000	0	0	29.69609	9.29073	22.74983	1.387767641837195e-36	0.0	1.387767641837195e-36	sp|P01857|IGHG1_HUMAN	180
2020111CXY-6.3579.3579.3.0.dta	2020111CXY-6.3579.3579.3.0.dta	2020111CXY-6	3579	937.98003	3223.24038	1075.08498	3	1	HJSTGCLR	6,Carbamidomethyl[C];	944.43667	6 5 1 0 0	(N(N(H(H(N(H(A))))(H(N(H))(N(H))))))	859	0 1 0 0 0;0 2 0 0 0;1 2 0 0 0;2 2 0 0 0;2 3 0 0 0;2 4 0 0 0;3 2 0 0 0;3 3 0 0 0;3 3 1 0 0;3 4 0 0 0;3 5 0 0 0;4 3 0 0 0;4 3 1 0 0;4 4 0 0 0;4 4 1 0 0;4 5 0 0 0;4 5 1 0 0;5 4 0 0 0;5 4 1 0 0;5 5 0 0 0;5 5 1 0 0;6 5 0 0 0;	2278.80922	2	64.36608	54.45017	82.78136	7	-0.00551	-1.70929	0.70833	1.21429	0.00000	0	0	82.78136	14.87611	65.85369	1.2688586178444427e-112	0.0	1.2688586178444427e-112	sp|P10909|CLUS_HUMAN	291
2020111CXY-6.10623.10623.4.0.dta	2020111CXY-6.10623.10623.4.0.dta	2020111CXY-6	10623	2831.08716	4509.74479	1128.19165	4	1	SHEIWTHSCPQSPGJGTDASH	9,Carbamidomethyl[C];	2304.96868	5 4 2 0 0	(N(N(H(H(N(H(A))))(H(N(H(A)))))))	754	0 1 0 0 0;0 2 0 0 0;1 2 0 0 0;2 2 0 0 0;2 3 0 0 0;3 2 0 0 0;3 3 0 0 0;3 3 1 0 0;3 4 0 0 0;4 3 0 0 0;4 3 1 0 0;4 4 0 0 0;4 4 1 0 0;5 4 0 0 0;5 4 1 0 0;	2204.77244	15	60.80002	70.12149	43.48871	7	0.00366	0.81246	0.58824	0.77500	0.00000	0	0	43.48871	16.52754	62.45277	3.7550685554523005e-56	0.0	3.7550685554523005e-56	sp|P04278|SHBG_HUMAN	396
2020111CXY-6.18338.18338.3.0.dta	2020111CXY-6.18338.18338.3.0.dta	2020111CXY-6	18338	5085.78687	4450.86163	1484.29206	3	1	TLJQSSDELQLSMGNAMFVK	17,Oxidation[M];	2229.05260	6 4 1 1 0	(N(N(H(H(N(H(H))))(H(N(F)(H(A)))))))	783	0 1 0 0 0;0 2 0 0 0;1 2 0 0 0;2 2 0 0 0;2 3 0 0 0;2 3 0 1 0;3 2 0 0 0;3 3 0 0 0;3 3 0 1 0;3 3 1 0 0;3 3 1 1 0;3 4 0 0 0;3 4 0 1 0;4 3 0 0 0;4 3 0 1 0;4 3 1 0 0;4 3 1 1 0;4 4 0 0 0;4 4 0 1 0;4 4 1 0 0;4 4 1 1 0;5 3 0 0 0;5 4 0 0 0;5 4 0 1 0;5 4 1 0 0;5 4 1 1 0;6 4 0 0 0;6 4 0 1 0;6 4 1 0 0;	2221.78776	3	48.72593	66.44883	15.81196	7	0.02128	4.78026	0.29032	0.86842	0.00000	0	0	15.81196	19.56516	50.68245	8.405750948673095e-18	0.0	8.405750948673095e-18	sp|P01011|AACT_HUMAN	127
2020111CXY-6.7631.7631.2.0.dta	2020111CXY-6.7631.7631.2.0.dta	2020111CXY-6	7631	2024.38738	3103.19220	1552.09974	2	1	EEQYJSTYR		1189.51199	5 4 1 0 0	(N(N(H(H(N(H)))(H(N(H(A)))))))	380	0 1 0 0 0;0 2 0 0 0;1 2 0 0 0;2 2 0 0 0;2 3 0 0 0;3 2 0 0 0;3 3 0 0 0;3 3 1 0 0;3 4 0 0 0;4 3 0 0 0;4 3 1 0 0;4 4 0 0 0;4 4 1 0 0;5 4 0 0 0;	1913.67702	5	33.75679	30.04396	40.65205	7	0.00318	1.02620	0.68750	0.75000	0.00000	0	0	40.65205	10.81851	34.83864	3.0603632192157076e-52	0.0	3.0603632192157076e-52	sp|P01857|IGHG1_HUMAN	180
2020111CXY-6.18614.18614.3.0.dta	2020111CXY-6.18614.18614.3.0.dta	2020111CXY-6	18614	5159.66202	4656.01704	1552.67720	3	1	VVLHPJYSQVDIGLIK		1795.01124	6 5 3 0 0	(N(N(H(H(N(H(A))))(H(N(H(A)))(N(H(A)))))))	1823	0 1 0 0 0;0 2 0 0 0;1 2 0 0 0;2 2 0 0 0;2 3 0 0 0;2 4 0 0 0;3 2 0 0 0;3 3 0 0 0;3 3 1 0 0;3 4 0 0 0;3 4 1 0 0;3 5 0 0 0;4 3 0 0 0;4 3 1 0 0;4 4 0 0 0;4 4 1 0 0;4 4 2 0 0;4 5 0 0 0;4 5 1 0 0;5 4 0 0 0;5 4 1 0 0;5 4 2 0 0;5 5 0 0 0;5 5 1 0 0;5 5 2 0 0;6 5 0 0 0;6 5 1 0 0;6 5 2 0 0;	2861.00005	6	48.19560	50.39931	44.10298	7	0.00575	1.23528	0.50000	0.80000	0.00000	0	0	44.10298	14.80860	49.67646	6.724322615971608e-57	0.0	6.724322615971608e-57	sp|P00738|HPT_HUMAN	241
2020111CXY-6.11691.11691.3.0.dta	2020111CXY-6.11691.11691.3.0.dta	2020111CXY-6	11691	3118.65722	3221.37405	1074.46287	3	1	TPLTAJITK		958.55677	5 5 1 1 0	(N(F)(N(H(N)(H(N(H)))(H(N(H(A)))))))	824	0 1 0 0 0;0 1 0 1 0;0 2 0 0 0;0 2 0 1 0;1 2 0 0 0;1 2 0 1 0;1 3 0 0 0;1 3 0 1 0;2 2 0 0 0;2 2 0 1 0;2 3 0 0 0;2 3 0 1 0;2 4 0 0 0;2 4 0 1 0;3 2 0 0 0;3 2 0 1 0;3 3 0 0 0;3 3 0 1 0;3 3 1 0 0;3 3 1 1 0;3 4 0 0 0;3 4 0 1 0;3 4 1 0 0;3 4 1 1 0;3 5 0 0 0;3 5 0 1 0;4 3 0 0 0;4 3 0 1 0;4 3 1 0 0;4 3 1 1 0;4 4 0 0 0;4 4 0 1 0;4 4 1 0 0;4 4 1 1 0;4 5 0 0 0;4 5 0 1 0;4 5 1 0 0;4 5 1 1 0;5 4 0 0 0;5 4 0 1 0;5 4 1 0 0;5 4 1 1 0;5 5 0 0 0;5 5 0 1 0;5 5 1 0 0;	2262.81431	6	18.40450	25.59404	5.05249	6	0.00297	0.92295	0.14894	0.81250	0.00000	0	0	5.05249	11.06070	19.51057	2.814561909223813e-05	0.0	2.814561909223813e-05	sp|P01877|IGHA2_HUMAN	205
2020111CXY-6.6082.6082.3.0.dta	2020111CXY-6.6082.6082.3.0.dta	2020111CXY-6	6082	1607.76748	2958.15568	986.72341	3	1	EEQYJSTYR		1189.51199	5 4 0 1 0	(N(N(H(H(N(H)))(H(N(H(F)))))))	264	0 1 0 0 0;0 2 0 0 0;1 2 0 0 0;2 2 0 0 0;2 3 0 0 0;3 2 0 0 0;3 3 0 0 0;3 3 0 1 0;3 4 0 0 0;4 3 0 0 0;4 3 0 1 0;4 4 0 0 0;4 4 0 1 0;5 4 0 0 0;	1768.63952	5	12.94386	9.34471	19.62801	7	0.00418	1.41244	0.43750	0.56250	0.00000	0	0	19.62801	8.99731	13.84359	4.744622053700681e-23	0.0011389521640091116	0.0011389521640091116	sp|P01857|IGHG1_HUMAN	180
2020111CXY-6.5530.5530.3.0.dta	2020111CXY-6.5530.5530.3.0.dta	2020111CXY-6	5530	1460.78725	3773.54287	1258.51914	3	1	KKEDALJETR		1203.63279	6 5 2 0 0	(N(N(H(H(N(H(A))))(H(N(H))(N(H(A)))))))	1338	0 1 0 0 0;0 2 0 0 0;1 2 0 0 0;2 2 0 0 0;2 3 0 0 0;2 4 0 0 0;3 2 0 0 0;3 3 0 0 0;3 3 1 0 0;3 4 0 0 0;3 4 1 0 0;3 5 0 0 0;4 3 0 0 0;4 3 1 0 0;4 4 0 0 0;4 4 1 0 0;4 5 0 0 0;4 5 1 0 0;5 4 0 0 0;5 4 1 0 0;5 4 2 0 0;5 5 0 0 0;5 5 1 0 0;5 5 2 0 0;6 5 0 0 0;6 5 1 0 0;	2569.90464	7	40.98909	25.42051	69.90218	7	0.00544	1.44268	0.64286	0.72222	0.00000	0	0	69.90218	9.69371	41.95846	4.088970780043152e-94	0.0	4.088970780043152e-94	sp|P10909|CLUS_HUMAN	86
2020111CXY-6.12966.12966.3.0.dta	2020111CXY-6.12966.12966.3.0.dta	2020111CXY-6	12966	3482.04868	4225.76565	1409.26007	3	1	IPCSQPPQIEHGTIJSSR	3,Carbamidomethyl[C];	2020.98690	5 4 2 0 0	(N(N(H(H(N(H(A))))(H(N(H(A)))))))	754	0 1 0 0 0;0 2 0 0 0;1 2 0 0 0;2 2 0 0 0;2 3 0 0 0;3 2 0 0 0;3 3 0 0 0;3 3 1 0 0;3 4 0 0 0;4 3 0 0 0;4 3 1 0 0;4 4 0 0 0;4 4 1 0 0;5 4 0 0 0;5 4 1 0 0;	2204.77244	15	54.29923	52.49470	57.65051	7	0.00631	1.49298	0.70588	0.55882	0.00000	0	0	57.65051	12.82627	55.58186	2.7498614188253165e-76	0.0	2.7498614188253165e-76	sp|P08603|CFAH_HUMAN	882
2020111CXY-6.4139.4139.2.0.dta	2020111CXY-6.4139.4139.2.0.dta	2020111CXY-6	4139	1088.01108	2655.02096	1328.01412	2	1	SYJETK		741.34135	5 4 1 0 0	(N(N(H(H(N(H)))(H(N(H(A)))))))	380	0 1 0 0 0;0 2 0 0 0;1 2 0 0 0;2 2 0 0 0;2 3 0 0 0;3 2 0 0 0;3 3 0 0 0;3 3 1 0 0;3 4 0 0 0;4 3 0 0 0;4 3 1 0 0;4 4 0 0 0;4 4 1 0 0;5 4 0 0 0;	1913.67702	3	19.57867	22.80550	13.58599	7	0.00259	0.97457	0.43750	1.00000	0.00000	0	0	13.58599	11.35684	20.71435	5.911096822037186e-15	0.0	5.911096822037186e-15	sp|P04114|APOB_HUMAN	3224
2020111CXY-6.17563.17563.4.0.dta	2020111CXY-6.17563.17563.4.0.dta	2020111CXY-6	17563	4877.18610	5116.16238	1279.79605	4	1	FJLTETSEAEIHQSFQHLLR		2400.19425	6 5 2 1 0	(N(N(H(H(N(H)(F)))(H(N(H(A)))(N(H(A)))))))	1590	0 1 0 0 0;0 2 0 0 0;1 2 0 0 0;2 2 0 0 0;2 3 0 0 0;2 3 0 1 0;2 4 0 0 0;3 2 0 0 0;3 3 0 0 0;3 3 0 1 0;3 3 1 0 0;3 4 0 0 0;3 4 0 1 0;3 4 1 0 0;3 5 0 0 0;3 5 0 1 0;4 3 0 0 0;4 3 0 1 0;4 3 1 0 0;4 4 0 0 0;4 4 0 1 0;4 4 1 0 0;4 4 1 1 0;4 4 2 0 0;4 5 0 0 0;4 5 0 1 0;4 5 1 0 0;4 5 1 1 0;5 4 0 0 0;5 4 0 1 0;5 4 1 0 0;5 4 1 1 0;5 4 2 0 0;5 5 0 0 0;5 5 0 1 0;5 5 1 0 0;5 5 1 1 0;5 5 2 0 0;5 5 2 1 0;6 5 0 0 0;6 5 0 1 0;6 5 1 0 0;6 5 1 1 0;6 5 2 0 0;	2715.96255	2	9.96800	13.25521	3.86320	5	0.00558	1.09089	0.13043	0.44737	0.00000	0	0	3.86320	9.59937	10.92794	0.0004051588300972509	0.0	0.0004051588300972509	sp|P01011|AACT_HUMAN	106
2020111CXY-6.17559.17559.2.0.dta	2020111CXY-6.17559.17559.2.0.dta	2020111CXY-6	17559	4876.07575	3116.24919	1558.62823	2	1	JGSLFAFR		911.47338	5 4 2 0 0	(N(N(H(H(N(H(A))))(H(N(H(A)))))))	754	0 1 0 0 0;0 2 0 0 0;1 2 0 0 0;2 2 0 0 0;2 3 0 0 0;3 2 0 0 0;3 3 0 0 0;3 3 1 0 0;3 4 0 0 0;4 3 0 0 0;4 3 1 0 0;4 4 0 0 0;4 4 1 0 0;5 4 0 0 0;5 4 1 0 0;	2204.77244	1	46.27866	68.91955	4.23131	4	0.00337	1.08302	0.23529	1.35714	0.00000	0	0	4.23131	17.24027	48.00269	0.00019793029017658217	0.0	0.00019793029017658217	sp|P04004|VTNC_HUMAN	169
2020111CXY-6.17121.17121.3.0.dta	2020111CXY-6.17121.17121.3.0.dta	2020111CXY-6	17121	4758.91221	3407.45654	1136.49036	3	1	CGLVPVLAENYJK	1,Carbamidomethyl[C];	1476.75152	6 4 0 1 0	(N(N(H(H(H))(H(N(H))(N(H)(F))))))	399	0 1 0 0 0;0 2 0 0 0;1 2 0 0 0;2 2 0 0 0;2 3 0 0 0;2 3 0 1 0;2 4 0 0 0;2 4 0 1 0;3 2 0 0 0;3 3 0 0 0;3 3 0 1 0;3 4 0 0 0;3 4 0 1 0;4 2 0 0 0;4 3 0 0 0;4 3 0 1 0;4 4 0 0 0;4 4 0 1 0;5 3 0 0 0;5 3 0 1 0;5 4 0 0 0;5 4 0 1 0;6 4 0 0 0;	1930.69234	12	39.93241	53.14753	15.39004	6	0.01268	3.72119	0.32000	0.87500	0.00000	0	0	15.39004	14.51437	41.38385	2.4071900012353773e-17	0.0	2.4071900012353773e-17	sp|P02787|TRFE_HUMAN	432
2020111CXY-6.11038.11038.2.0.dta	2020111CXY-6.11038.11038.2.0.dta	2020111CXY-6	11038	2942.72120	2778.13668	1389.57198	2	1	GVNFJVSK		864.45739	5 4 1 0 0	(N(N(H(H(N(H)))(H(N(H(A)))))))	380	0 1 0 0 0;0 2 0 0 0;1 2 0 0 0;2 2 0 0 0;2 3 0 0 0;3 2 0 0 0;3 3 0 0 0;3 3 1 0 0;3 4 0 0 0;4 3 0 0 0;4 3 1 0 0;4 4 0 0 0;4 4 1 0 0;5 4 0 0 0;	1913.67702	5	56.09502	78.56706	14.36122	6	0.00226	0.81439	0.37500	1.28571	0.00000	0	0	14.36122	16.60955	57.75597	4.976757995423746e-16	0.0	4.976757995423746e-16	sp|P03952|KLKB1_HUMAN	127
2020111CXY-6.5352.5352.3.1.dta	2020111CXY-6.5352.5352.3.1.dta	2020111CXY-6	5352	1413.35906	2979.22159	993.74538	3	1	YKJNSDISSTR		1284.61786	4 3 1 1 0	(N(F)(N(H(H)(H(N(H(A)))))))	198	0 1 0 0 0;0 1 0 1 0;0 2 0 0 0;0 2 0 1 0;1 2 0 0 0;1 2 0 1 0;2 2 0 0 0;2 2 0 1 0;2 3 0 0 0;2 3 0 1 0;3 2 0 0 0;3 2 0 1 0;3 3 0 0 0;3 3 0 1 0;3 3 1 0 0;3 3 1 1 0;4 3 0 0 0;4 3 0 1 0;4 3 1 0 0;	1694.60274	3	21.65611	13.28202	37.20799	8	0.00100	0.33521	0.57143	0.55000	0.00000	0	0	37.20799	8.97616	22.55373	2.464075114162886e-47	0.0011389521640091116	0.0011389521640091116	sp|P01871|IGHM_HUMAN	46
2020111CXY-6.8894.8894.3.0.dta	2020111CXY-6.8894.8894.3.0.dta	2020111CXY-6	8894	2364.52107	3820.43742	1274.15066	3	1	NEEYJK		796.34716	7 5 2 2 0	(N(N(H(N)(H(H)(H))(H(N(F)(H(A)))(N(F)(H(A)))))))	2079	0 1 0 0 0;0 2 0 0 0;1 2 0 0 0;1 3 0 0 0;2 2 0 0 0;2 3 0 0 0;2 3 0 1 0;2 4 0 0 0;2 4 0 1 0;2 4 0 2 0;2 5 0 0 0;2 5 0 1 0;2 5 0 2 0;3 2 0 0 0;3 3 0 0 0;3 3 0 1 0;3 3 1 0 0;3 3 1 1 0;3 4 0 0 0;3 4 0 1 0;3 4 0 2 0;3 4 1 0 0;3 4 1 1 0;3 4 1 2 0;3 5 0 0 0;3 5 0 1 0;3 5 0 2 0;3 5 1 0 0;3 5 1 1 0;3 5 1 2 0;4 2 0 0 0;4 3 0 0 0;4 3 0 1 0;4 3 1 0 0;4 3 1 1 0;4 4 0 0 0;4 4 0 1 0;4 4 0 2 0;4 4 1 0 0;4 4 1 1 0;4 4 1 2 0;4 4 2 0 0;4 4 2 1 0;4 4 2 2 0;4 5 0 0 0;4 5 0 1 0;4 5 0 2 0;4 5 1 0 0;4 5 1 1 0;4 5 1 2 0;4 5 2 0 0;4 5 2 1 0;4 5 2 2 0;5 2 0 0 0;5 3 0 0 0;5 3 0 1 0;5 3 1 0 0;5 3 1 1 0;5 4 0 0 0;5 4 0 1 0;5 4 0 2 0;5 4 1 0 0;5 4 1 1 0;5 4 1 2 0;5 4 2 0 0;5 4 2 1 0;5 4 2 2 0;5 5 0 0 0;5 5 0 1 0;5 5 0 2 0;5 5 1 0 0;5 5 1 1 0;5 5 1 2 0;5 5 2 0 0;5 5 2 1 0;5 5 2 2 0;6 3 0 0 0;6 3 0 1 0;6 3 1 0 0;6 3 1 1 0;6 4 0 0 0;6 4 0 1 0;6 4 0 2 0;6 4 1 0 0;6 4 1 1 0;6 4 1 2 0;6 4 2 0 0;6 4 2 1 0;6 4 2 2 0;6 5 0 0 0;6 5 0 1 0;6 5 0 2 0;6 5 1 0 0;6 5 1 1 0;6 5 1 2 0;6 5 2 0 0;6 5 2 1 0;6 5 2 2 0;7 4 0 0 0;7 4 0 1 0;7 4 0 2 0;7 4 1 0 0;7 4 1 1 0;7 4 1 2 0;7 4 2 0 0;7 4 2 1 0;7 4 2 2 0;7 5 0 0 0;7 5 0 1 0;7 5 0 2 0;7 5 1 0 0;7 5 1 1 0;7 5 1 2 0;7 5 2 0 0;7 5 2 1 0;	3024.07328	5	38.48938	52.95002	11.63391	6	0.01697	4.44320	0.11111	1.20000	0.00000	0	0	11.63391	11.50812	39.64019	1.2204156702469532e-12	0.0	1.2204156702469532e-12	sp|P02763|A1AG1_HUMAN/sp|P19652|A1AG2_HUMAN	56/56
2020111CXY-6.16364.16364.3.0.dta	2020111CXY-6.16364.16364.3.0.dta	2020111CXY-6	16364	4555.06771	3755.50332	1252.50596	3	1	SWPAVGJCSSALR	8,Carbamidomethyl[C];	1404.66886	5 4 2 1 0	(N(N(H(H(N(H(A))))(H(N(F)(H(A)))))))	993	0 1 0 0 0;0 2 0 0 0;1 2 0 0 0;2 2 0 0 0;2 3 0 0 0;2 3 0 1 0;3 2 0 0 0;3 3 0 0 0;3 3 0 1 0;3 3 1 0 0;3 3 1 1 0;3 4 0 0 0;3 4 0 1 0;4 3 0 0 0;4 3 0 1 0;4 3 1 0 0;4 3 1 1 0;4 4 0 0 0;4 4 0 1 0;4 4 1 0 0;4 4 1 1 0;5 4 0 0 0;5 4 0 1 0;5 4 1 0 0;5 4 1 1 0;5 4 2 0 0;	2350.83035	7	46.95319	58.83579	24.88551	6	0.00411	1.09470	0.42857	0.87500	0.00000	0	0	24.88551	13.95230	48.34842	6.647815048037492e-30	0.0	6.647815048037492e-30	sp|P02790|HEMO_HUMAN	187
2020111CXY-6.18893.18893.3.0.dta	2020111CXY-6.18893.18893.3.0.dta	2020111CXY-6	18893	5234.90309	4468.86212	1490.29222	3	1	ALPQPQJVTSLLGCTH	14,Carbamidomethyl[C];	1735.87958	7 5 1 2 0	(N(N(H(N)(H(H)(H))(H(N(H)(F))(N(F)(H(A)))))))	1610	0 1 0 0 0;0 2 0 0 0;1 2 0 0 0;1 3 0 0 0;2 2 0 0 0;2 3 0 0 0;2 3 0 1 0;2 4 0 0 0;2 4 0 1 0;2 4 0 2 0;2 5 0 0 0;2 5 0 1 0;2 5 0 2 0;3 2 0 0 0;3 3 0 0 0;3 3 0 1 0;3 3 1 0 0;3 3 1 1 0;3 4 0 0 0;3 4 0 1 0;3 4 0 2 0;3 4 1 0 0;3 4 1 1 0;3 4 1 2 0;3 5 0 0 0;3 5 0 1 0;3 5 0 2 0;3 5 1 0 0;3 5 1 1 0;3 5 1 2 0;4 2 0 0 0;4 3 0 0 0;4 3 0 1 0;4 3 1 0 0;4 3 1 1 0;4 4 0 0 0;4 4 0 1 0;4 4 0 2 0;4 4 1 0 0;4 4 1 1 0;4 4 1 2 0;4 5 0 0 0;4 5 0 1 0;4 5 0 2 0;4 5 1 0 0;4 5 1 1 0;4 5 1 2 0;5 2 0 0 0;5 3 0 0 0;5 3 0 1 0;5 3 1 0 0;5 3 1 1 0;5 4 0 0 0;5 4 0 1 0;5 4 0 2 0;5 4 1 0 0;5 4 1 1 0;5 4 1 2 0;5 5 0 0 0;5 5 0 1 0;5 5 0 2 0;5 5 1 0 0;5 5 1 1 0;5 5 1 2 0;6 3 0 0 0;6 3 0 1 0;6 3 1 0 0;6 3 1 1 0;6 4 0 0 0;6 4 0 1 0;6 4 0 2 0;6 4 1 0 0;6 4 1 1 0;6 4 1 2 0;6 5 0 0 0;6 5 0 1 0;6 5 0 2 0;6 5 1 0 0;6 5 1 1 0;6 5 1 2 0;7 4 0 0 0;7 4 0 1 0;7 4 0 2 0;7 4 1 0 0;7 4 1 1 0;7 4 1 2 0;7 5 0 0 0;7 5 0 1 0;7 5 0 2 0;7 5 1 0 0;7 5 1 1 0;	2732.97786	7	35.64272	49.13373	10.58798	5	0.00468	1.04646	0.16129	0.83333	0.00000	0	0	10.58798	14.69399	37.11212	4.453676159078176e-11	0.0	4.453676159078176e-11	sp|P02790|HEMO_HUMAN	453
2020111CXY-6.7084.7084.4.0.dta	2020111CXY-6.7084.7084.4.0.dta	2020111CXY-6	7084	1877.31524	4064.63776	1016.91490	4	1	KKEDALJETR		1203.63279	6 5 3 0 0	(N(N(H(H(N(H(A))))(H(N(H(A)))(N(H(A)))))))	1823	0 1 0 0 0;0 2 0 0 0;1 2 0 0 0;2 2 0 0 0;2 3 0 0 0;2 4 0 0 0;3 2 0 0 0;3 3 0 0 0;3 3 1 0 0;3 4 0 0 0;3 4 1 0 0;3 5 0 0 0;4 3 0 0 0;4 3 1 0 0;4 4 0 0 0;4 4 1 0 0;4 4 2 0 0;4 5 0 0 0;4 5 1 0 0;5 4 0 0 0;5 4 1 0 0;5 4 2 0 0;5 5 0 0 0;5 5 1 0 0;5 5 2 0 0;6 5 0 0 0;6 5 1 0 0;6 5 2 0 0;	2861.00005	7	53.69940	19.67543	116.88676	7	0.00491	1.20859	0.73333	0.61111	0.00000	0	0	116.88676	8.85928	54.58533	1.7252608100817864e-160	0.0011389521640091116	0.0011389521640091116	sp|P10909|CLUS_HUMAN	86
2020111CXY-6.5812.5812.2.0.dta	2020111CXY-6.5812.5812.2.0.dta	2020111CXY-6	5812	1536.44145	2650.04382	1325.52555	2	1	EEQYJSTYR		1189.51199	4 4 0 0 0	(N(N(H(H(N))(H(N(H))))))	98	0 1 0 0 0;0 2 0 0 0;1 2 0 0 0;2 2 0 0 0;2 3 0 0 0;3 2 0 0 0;3 3 0 0 0;3 4 0 0 0;4 3 0 0 0;	1460.52878	5	59.85309	68.40333	43.97408	7	0.00305	1.15110	0.81818	1.18750	0.00000	0	0	43.97408	14.11569	61.26466	9.630169809965909e-57	0.0	9.630169809965909e-57	sp|P01857|IGHG1_HUMAN	180
2020111CXY-6.18048.18048.3.0.dta	2020111CXY-6.18048.18048.3.0.dta	2020111CXY-6	18048	5007.88325	3698.55307	1233.52254	3	1	CGLVPVLAENYJK	1,Carbamidomethyl[C];	1476.75152	6 4 1 1 0	(N(N(H(H(N(H(H))))(H(N(F)(H(A)))))))	783	0 1 0 0 0;0 2 0 0 0;1 2 0 0 0;2 2 0 0 0;2 3 0 0 0;2 3 0 1 0;3 2 0 0 0;3 3 0 0 0;3 3 0 1 0;3 3 1 0 0;3 3 1 1 0;3 4 0 0 0;3 4 0 1 0;4 3 0 0 0;4 3 0 1 0;4 3 1 0 0;4 3 1 1 0;4 4 0 0 0;4 4 0 1 0;4 4 1 0 0;4 4 1 1 0;5 3 0 0 0;5 4 0 0 0;5 4 0 1 0;5 4 1 0 0;5 4 1 1 0;6 4 0 0 0;6 4 0 1 0;6 4 1 0 0;	2221.78776	12	64.17552	89.58047	16.99489	6	0.01379	3.72882	0.29032	0.91667	0.00000	0	0	16.99489	19.14680	66.09020	1.6557743210084679e-19	0.0	1.6557743210084679e-19	sp|P02787|TRFE_HUMAN	432
2020111CXY-6.5846.5846.2.0.dta	2020111CXY-6.5846.5846.2.0.dta	2020111CXY-6	5846	1545.92937	2593.02212	1297.01470	2	1	EEQYJSTYR		1189.51199	4 3 0 1 0	(N(F)(N(H(H)(H(N(H))))))	77	0 1 0 0 0;0 1 0 1 0;0 2 0 0 0;0 2 0 1 0;1 2 0 0 0;1 2 0 1 0;2 2 0 0 0;2 2 0 1 0;2 3 0 0 0;2 3 0 1 0;3 2 0 0 0;3 2 0 1 0;3 3 0 0 0;3 3 0 1 0;4 3 0 0 0;	1403.50732	5	19.53312	13.01641	31.63558	9	0.00281	1.08375	0.52941	0.62500	0.00000	0	0	31.63558	10.43668	20.57679	1.8901512722264393e-39	0.0	1.8901512722264393e-39	sp|P01857|IGHG1_HUMAN	180
2020111CXY-6.11583.11583.3.0.dta	2020111CXY-6.11583.11583.3.0.dta	2020111CXY-6	11583	3089.82601	3059.32037	1020.44497	3	1	TPLTAJITK		958.55677	4 5 1 1 0	(N(F)(N(H(N)(H(N(H))(N(H(A)))))))	591	0 1 0 0 0;0 1 0 1 0;0 2 0 0 0;0 2 0 1 0;1 2 0 0 0;1 2 0 1 0;1 3 0 0 0;1 3 0 1 0;2 2 0 0 0;2 2 0 1 0;2 3 0 0 0;2 3 0 1 0;2 4 0 0 0;2 4 0 1 0;2 5 0 0 0;2 5 0 1 0;3 3 0 0 0;3 3 0 1 0;3 3 1 0 0;3 3 1 1 0;3 4 0 0 0;3 4 0 1 0;3 4 1 0 0;3 4 1 1 0;3 5 0 0 0;3 5 0 1 0;3 5 1 0 0;3 5 1 1 0;4 4 0 0 0;4 4 0 1 0;4 4 1 0 0;4 4 1 1 0;4 5 0 0 0;4 5 0 1 0;4 5 1 0 0;	2100.76148	6	31.23093	37.15612	20.22702	7	0.00211	0.69021	0.32432	1.00000	0.00000	0	0	20.22702	11.98131	32.42906	1.0792359375475273e-23	0.0	1.0792359375475273e-23	sp|P01877|IGHA2_HUMAN	205
2020111CXY-6.16441.16441.3.0.dta	2020111CXY-6.16441.16441.3.0.dta	2020111CXY-6	16441	4575.80090	4574.86624	1525.62693	3	1	QQQHLFGSJVTDCSGJFCLFR	13,Carbamidomethyl[C];18,Carbamidomethyl[C];	2515.12414	5 4 1 1 0	(N(F)(N(H(H(N(H)))(H(N(H(A)))))))	549	0 1 0 0 0;0 1 0 1 0;0 2 0 0 0;0 2 0 1 0;1 2 0 0 0;1 2 0 1 0;2 2 0 0 0;2 2 0 1 0;2 3 0 0 0;2 3 0 1 0;3 2 0 0 0;3 2 0 1 0;3 3 0 0 0;3 3 0 1 0;3 3 1 0 0;3 3 1 1 0;3 4 0 0 0;3 4 0 1 0;4 3 0 0 0;4 3 0 1 0;4 3 1 0 0;4 3 1 1 0;4 4 0 0 0;4 4 0 1 0;4 4 1 0 0;4 4 1 1 0;5 4 0 0 0;5 4 0 1 0;5 4 1 0 0;	2059.73493	9	36.81237	49.01997	14.14111	6	0.00717	1.56763	0.38710	0.75000	0.00000	0	0	14.14111	19.13401	38.72577	9.916061178036101e-16	0.0	9.916061178036101e-16	sp|P02787|TRFE_HUMAN	630
2020111CXY-6.18014.18014.4.3.dta	2020111CXY-6.18014.18014.4.3.dta	2020111CXY-6	18014	4998.70796	4114.65950	1029.42033	4	1	GTAGNALMDGASQLMGEJR		1892.85892	6 4 1 1 0	(N(N(H(H(N(H(H))))(H(N(F)(H(A)))))))	783	0 1 0 0 0;0 2 0 0 0;1 2 0 0 0;2 2 0 0 0;2 3 0 0 0;2 3 0 1 0;3 2 0 0 0;3 3 0 0 0;3 3 0 1 0;3 3 1 0 0;3 3 1 1 0;3 4 0 0 0;3 4 0 1 0;4 3 0 0 0;4 3 0 1 0;4 3 1 0 0;4 3 1 1 0;4 4 0 0 0;4 4 0 1 0;4 4 1 0 0;4 4 1 1 0;5 3 0 0 0;5 4 0 0 0;5 4 0 1 0;5 4 1 0 0;5 4 1 1 0;6 4 0 0 0;6 4 0 1 0;6 4 1 0 0;	2221.78776	18	43.94028	60.22615	13.69510	6	0.01282	3.11502	0.25806	0.63889	0.00000	0	0	13.69510	13.51197	45.29148	4.791583624422026e-15	0.0	4.791583624422026e-15	sp|P02675|FIBB_HUMAN	394
2020111CXY-6.6513.6513.3.0.dta	2020111CXY-6.6513.6513.3.0.dta	2020111CXY-6	6513	1723.30283	2710.12240	904.04565	3	1	GHVJITR		796.44241	5 4 1 0 0	(N(N(H(H(N(H)))(H(N(H(A)))))))	380	0 1 0 0 0;0 2 0 0 0;1 2 0 0 0;2 2 0 0 0;2 3 0 0 0;3 2 0 0 0;3 3 0 0 0;3 3 1 0 0;3 4 0 0 0;4 3 0 0 0;4 3 1 0 0;4 4 0 0 0;4 4 1 0 0;5 4 0 0 0;	1913.67702	4	23.25347	10.58670	46.77749	7	0.00296	1.09312	0.62500	0.50000	0.00000	0	0	46.77749	8.57966	24.11144	1.067497425896217e-60	0.0022002200220022	0.0022002200220022	sp|P00734|THRB_HUMAN	121
2020111CXY-6.15939.15939.3.0.dta	2020111CXY-6.15939.15939.3.0.dta	2020111CXY-6	15939	4440.91077	3839.55969	1280.52475	3	1	GTAGNALMDGASQLMGEJR	8,Oxidation[M];	1908.85384	6 4 0 1 0	(N(N(H(H(H)(H))(H(N(H))(N(F))))))	405	0 1 0 0 0;0 2 0 0 0;1 2 0 0 0;2 2 0 0 0;2 3 0 0 0;2 3 0 1 0;2 4 0 0 0;2 4 0 1 0;3 2 0 0 0;3 3 0 0 0;3 3 0 1 0;3 4 0 0 0;3 4 0 1 0;4 2 0 0 0;4 3 0 0 0;4 3 0 1 0;4 4 0 0 0;4 4 0 1 0;5 2 0 0 0;5 3 0 0 0;5 3 0 1 0;5 4 0 0 0;5 4 0 1 0;6 3 0 0 0;6 4 0 0 0;	1930.69234	18	14.47854	11.62997	19.76873	6	0.01351	3.51910	0.37037	0.27778	0.00000	0	0	19.76873	8.10712	15.28925	3.326245448441844e-23	0.005268703898840885	0.005268703898840885	sp|P02675|FIBB_HUMAN	394
2020111CXY-6.16653.16653.4.0.dta	2020111CXY-6.16653.16653.4.0.dta	2020111CXY-6	16653	4633.23630	4900.16433	1225.79654	4	1	MVSHHJLTTGATLINEQWLLTTAK	1,Oxidation[M];	2695.38721	5 4 2 0 0	(N(N(H(H(N(H(A))))(H(N(H(A)))))))	754	0 1 0 0 0;0 2 0 0 0;1 2 0 0 0;2 2 0 0 0;2 3 0 0 0;3 2 0 0 0;3 3 0 0 0;3 3 1 0 0;3 4 0 0 0;4 3 0 0 0;4 3 1 0 0;4 4 0 0 0;4 4 1 0 0;5 4 0 0 0;5 4 1 0 0;	2204.77244	6	8.06088	10.35361	3.80297	4	0.00467	0.95364	0.23529	0.30435	0.00000	0	0	3.80297	10.44881	9.10576	0.00044463758057551123	0.0	0.00044463758057551123	sp|P00739|HPTR_HUMAN/sp|P00738|HPT_HUMAN	126/184
2020111CXY-6.11498.11498.2.0.dta	2020111CXY-6.11498.11498.2.0.dta	2020111CXY-6	11498	3066.92617	3018.29409	1509.65068	2	1	TPLTAJITK		958.55677	5 4 1 1 0	(N(F)(N(H(H(N(H)))(H(N(H(A)))))))	549	0 1 0 0 0;0 1 0 1 0;0 2 0 0 0;0 2 0 1 0;1 2 0 0 0;1 2 0 1 0;2 2 0 0 0;2 2 0 1 0;2 3 0 0 0;2 3 0 1 0;3 2 0 0 0;3 2 0 1 0;3 3 0 0 0;3 3 0 1 0;3 3 1 0 0;3 3 1 1 0;3 4 0 0 0;3 4 0 1 0;4 3 0 0 0;4 3 0 1 0;4 3 1 0 0;4 3 1 1 0;4 4 0 0 0;4 4 0 1 0;4 4 1 0 0;4 4 1 1 0;5 4 0 0 0;5 4 0 1 0;5 4 1 0 0;	2059.73493	6	7.79914	9.62148	4.41481	6	0.00238	0.78975	0.19355	0.43750	0.00000	0	0	4.41481	8.58803	8.65794	0.00011527859504060101	0.0022002200220022	0.0022002200220022	sp|P01877|IGHA2_HUMAN	205
2020111CXY-6.17811.17811.3.0.dta	2020111CXY-6.17811.17811.3.0.dta	2020111CXY-6	17811	4943.72643	3390.43036	1130.81497	3	1	CGLVPVLAENYJK	1,Carbamidomethyl[C];	1476.75152	5 4 1 0 0	(N(N(H(H(N(H)))(H(N(H(A)))))))	380	0 1 0 0 0;0 2 0 0 0;1 2 0 0 0;2 2 0 0 0;2 3 0 0 0;3 2 0 0 0;3 3 0 0 0;3 3 1 0 0;3 4 0 0 0;4 3 0 0 0;4 3 1 0 0;4 4 0 0 0;4 4 1 0 0;5 4 0 0 0;	1913.67702	12	44.91329	54.44431	27.21282	7	0.00182	0.53754	0.56250	0.87500	0.00000	0	0	27.21282	14.04861	46.31815	4.7254982393194424e-33	0.0	4.7254982393194424e-33	sp|P02787|TRFE_HUMAN	432
2020111CXY-6.18003.18003.3.0.dta	2020111CXY-6.18003.18003.3.0.dta	2020111CXY-6	18003	4995.70823	3407.45202	1136.48886	3	1	CGLVPVLAENYJK	1,Carbamidomethyl[C];	1476.75152	6 4 0 1 0	(N(N(H(H(H))(H(N(H))(N(H)(F))))))	399	0 1 0 0 0;0 2 0 0 0;1 2 0 0 0;2 2 0 0 0;2 3 0 0 0;2 3 0 1 0;2 4 0 0 0;2 4 0 1 0;3 2 0 0 0;3 3 0 0 0;3 3 0 1 0;3 4 0 0 0;3 4 0 1 0;4 2 0 0 0;4 3 0 0 0;4 3 0 1 0;4 4 0 0 0;4 4 0 1 0;5 3 0 0 0;5 3 0 1 0;5 4 0 0 0;5 4 0 1 0;6 4 0 0 0;	1930.69234	12	6.23574	7.94956	3.05293	4	0.00816	2.39616	0.20000	0.33333	0.00000	0	0	3.05293	8.07643	7.04338	0.0014642411431184837	0.005268703898840885	0.005268703898840885	sp|P02787|TRFE_HUMAN	432
2020111CXY-6.16565.16565.4.0.dta	2020111CXY-6.16565.16565.4.0.dta	2020111CXY-6	16565	4609.60325	3806.53817	952.39000	4	1	GTAGNALMDGASQLMGEJR		1892.85892	5 4 1 0 0	(N(N(H(H(N(H)))(H(N(H(A)))))))	380	0 1 0 0 0;0 2 0 0 0;1 2 0 0 0;2 2 0 0 0;2 3 0 0 0;3 2 0 0 0;3 3 0 0 0;3 3 1 0 0;3 4 0 0 0;4 3 0 0 0;4 3 1 0 0;4 4 0 0 0;4 4 1 0 0;5 4 0 0 0;	1913.67702	18	71.05326	87.97619	39.62496	7	0.00223	0.58465	0.62500	0.77778	0.00000	0	0	39.62496	20.05929	73.05919	1.5660044842732875e-50	0.0	1.5660044842732875e-50	sp|P02675|FIBB_HUMAN	394
2020111CXY-6.18998.18998.3.0.dta	2020111CXY-6.18998.18998.3.0.dta	2020111CXY-6	18998	5262.76619	4339.81378	1447.27611	3	1	YTGJASALFILPDQDK		1752.88028	7 5 1 1 0	(N(N(H(N)(H(H)(H))(H(N(H)(F))(N(H(A)))))))	1369	0 1 0 0 0;0 2 0 0 0;1 2 0 0 0;1 3 0 0 0;2 2 0 0 0;2 3 0 0 0;2 3 0 1 0;2 4 0 0 0;2 4 0 1 0;2 5 0 0 0;2 5 0 1 0;3 2 0 0 0;3 3 0 0 0;3 3 0 1 0;3 3 1 0 0;3 4 0 0 0;3 4 0 1 0;3 4 1 0 0;3 4 1 1 0;3 5 0 0 0;3 5 0 1 0;3 5 1 0 0;3 5 1 1 0;4 2 0 0 0;4 3 0 0 0;4 3 0 1 0;4 3 1 0 0;4 4 0 0 0;4 4 0 1 0;4 4 1 0 0;4 4 1 1 0;4 5 0 0 0;4 5 0 1 0;4 5 1 0 0;4 5 1 1 0;5 2 0 0 0;5 3 0 0 0;5 3 0 1 0;5 3 1 0 0;5 4 0 0 0;5 4 0 1 0;5 4 1 0 0;5 4 1 1 0;5 5 0 0 0;5 5 0 1 0;5 5 1 0 0;5 5 1 1 0;6 3 0 0 0;6 3 0 1 0;6 3 1 0 0;6 4 0 0 0;6 4 0 1 0;6 4 1 0 0;6 4 1 1 0;6 5 0 0 0;6 5 0 1 0;6 5 1 0 0;6 5 1 1 0;7 4 0 0 0;7 4 0 1 0;7 4 1 0 0;7 4 1 1 0;7 5 0 0 0;7 5 0 1 0;7 5 1 0 0;	2586.91995	4	42.91213	58.83232	13.34607	7	0.01355	3.12186	0.16418	0.90000	0.00000	0	0	13.34607	18.18192	44.73032	1.2102653157829428e-14	0.0	1.2102653157829428e-14	sp|P01011|AACT_HUMAN	271
2020111CXY-6.16051.16051.3.0.dta	2020111CXY-6.16051.16051.3.0.dta	2020111CXY-6	16051	4471.05904	4441.89095	1481.30183	3	1	YPPTVSMVEGQGEKJVTFWGR		2382.15469	5 4 1 1 0	(N(F)(N(H(H(N(H)))(H(N(H(A)))))))	549	0 1 0 0 0;0 1 0 1 0;0 2 0 0 0;0 2 0 1 0;1 2 0 0 0;1 2 0 1 0;2 2 0 0 0;2 2 0 1 0;2 3 0 0 0;2 3 0 1 0;3 2 0 0 0;3 2 0 1 0;3 3 0 0 0;3 3 0 1 0;3 3 1 0 0;3 3 1 1 0;3 4 0 0 0;3 4 0 1 0;4 3 0 0 0;4 3 0 1 0;4 3 1 0 0;4 3 1 1 0;4 4 0 0 0;4 4 0 1 0;4 4 1 0 0;4 4 1 1 0;5 4 0 0 0;5 4 0 1 0;5 4 1 0 0;	2059.73493	15	45.51706	49.73235	37.68868	9	0.00133	0.29913	0.45161	0.62500	0.00000	0	0	37.68868	16.85982	47.20304	3.7448424533460177e-48	0.0	3.7448424533460177e-48	sp|P27918|PROP_HUMAN	428
2020111CXY-6.16085.16085.3.0.dta	2020111CXY-6.16085.16085.3.0.dta	2020111CXY-6	16085	4480.17474	4090.84888	1364.28781	3	1	VVLHPJYSQVDIGLIK		1795.01124	7 5 0 1 0	(N(N(H(N)(H(N(H(H))))(H(N(F)(H(H)))))))	888	0 1 0 0 0;0 2 0 0 0;1 2 0 0 0;1 3 0 0 0;2 2 0 0 0;2 3 0 0 0;2 3 0 1 0;2 4 0 0 0;2 4 0 1 0;3 2 0 0 0;3 3 0 0 0;3 3 0 1 0;3 4 0 0 0;3 4 0 1 0;3 5 0 0 0;3 5 0 1 0;4 3 0 0 0;4 3 0 1 0;4 4 0 0 0;4 4 0 1 0;4 5 0 0 0;4 5 0 1 0;5 3 0 0 0;5 3 0 1 0;5 4 0 0 0;5 4 0 1 0;5 5 0 0 0;5 5 0 1 0;6 4 0 0 0;6 4 0 1 0;6 5 0 0 0;6 5 0 1 0;7 4 0 0 0;7 4 0 1 0;7 5 0 0 0;	2295.82454	6	26.63261	28.79022	22.62562	7	0.01310	3.20345	0.32432	0.66667	0.00000	0	0	22.62562	11.87685	27.82029	5.817885885652406e-27	0.0	5.817885885652406e-27	sp|P00738|HPT_HUMAN	241
2020111CXY-6.15851.15851.4.0.dta	2020111CXY-6.15851.15851.4.0.dta	2020111CXY-6	15851	4416.64900	4753.85424	1189.21902	4	1	EHEGAIYPDJTTDFQR		1892.84094	6 5 3 0 0	(N(N(H(H(N(H(A))))(H(N(H(A)))(N(H(A)))))))	1823	0 1 0 0 0;0 2 0 0 0;1 2 0 0 0;2 2 0 0 0;2 3 0 0 0;2 4 0 0 0;3 2 0 0 0;3 3 0 0 0;3 3 1 0 0;3 4 0 0 0;3 4 1 0 0;3 5 0 0 0;4 3 0 0 0;4 3 1 0 0;4 4 0 0 0;4 4 1 0 0;4 4 2 0 0;4 5 0 0 0;4 5 1 0 0;5 4 0 0 0;5 4 1 0 0;5 4 2 0 0;5 5 0 0 0;5 5 1 0 0;5 5 2 0 0;6 5 0 0 0;6 5 1 0 0;6 5 2 0 0;	2861.00005	10	27.30117	31.24719	19.97284	6	0.01324	2.78605	0.36667	0.56667	0.00000	0	0	19.97284	11.17148	28.41832	2.2167405886491665e-23	0.0	2.2167405886491665e-23	sp|P00450|CERU_HUMAN	138
2020111CXY-6.12847.12847.4.0.dta	2020111CXY-6.12847.12847.4.0.dta	2020111CXY-6	12847	3449.32308	5062.10663	1266.28211	4	1	YPHKPEIJSTTHPGADLQEJFCR	22,Carbamidomethyl[C];	2711.26307	5 4 2 1 0	(N(N(H(H(N(H(A))))(H(N(F)(H(A)))))))	993	0 1 0 0 0;0 2 0 0 0;1 2 0 0 0;2 2 0 0 0;2 3 0 0 0;2 3 0 1 0;3 2 0 0 0;3 3 0 0 0;3 3 0 1 0;3 3 1 0 0;3 3 1 1 0;3 4 0 0 0;3 4 0 1 0;4 3 0 0 0;4 3 0 1 0;4 3 1 0 0;4 3 1 1 0;4 4 0 0 0;4 4 0 1 0;4 4 1 0 0;4 4 1 1 0;5 4 0 0 0;5 4 0 1 0;5 4 1 0 0;5 4 1 1 0;5 4 2 0 0;	2350.83035	8	38.43288	47.41216	21.75709	5	0.01322	2.61080	0.46429	0.63636	0.00000	0	0	21.75709	13.27727	39.76061	9.285174237244796e-26	0.0	9.285174237244796e-26	sp|P00734|THRB_HUMAN	143
2020111CXY-6.5265.5265.3.0.dta	2020111CXY-6.5265.5265.3.0.dta	2020111CXY-6	5265	1390.06735	2979.22326	993.74594	3	1	YKJNSDISSTR		1284.61786	4 3 1 1 0	(N(F)(N(H(H)(H(N(H(A)))))))	198	0 1 0 0 0;0 1 0 1 0;0 2 0 0 0;0 2 0 1 0;1 2 0 0 0;1 2 0 1 0;2 2 0 0 0;2 2 0 1 0;2 3 0 0 0;2 3 0 1 0;3 2 0 0 0;3 2 0 1 0;3 3 0 0 0;3 3 0 1 0;3 3 1 0 0;3 3 1 1 0;4 3 0 0 0;4 3 0 1 0;4 3 1 0 0;	1694.60274	3	47.11918	30.36343	78.23700	9	0.00266	0.89408	0.80952	0.85000	0.00000	0	0	78.23700	12.74924	48.39410	9.616680956804265e-106	0.0	9.616680956804265e-106	sp|P01871|IGHM_HUMAN	46
2020111CXY-6.16367.16367.3.0.dta	2020111CXY-6.16367.16367.3.0.dta	2020111CXY-6	16367	4555.95608	3708.69165	1236.90207	3	1	VVLHPJYSQVDIGLIK		1795.01124	5 4 1 0 0	(N(N(H(H(N(H)))(H(N(H(A)))))))	380	0 1 0 0 0;0 2 0 0 0;1 2 0 0 0;2 2 0 0 0;2 3 0 0 0;3 2 0 0 0;3 3 0 0 0;3 3 1 0 0;3 4 0 0 0;4 3 0 0 0;4 3 1 0 0;4 4 0 0 0;4 4 1 0 0;5 4 0 0 0;	1913.67702	6	28.06104	31.05705	22.49702	6	0.00339	0.91420	0.56250	0.63333	0.00000	0	0	22.49702	10.83511	29.14455	9.561232089402705e-27	0.0	9.561232089402705e-27	sp|P00738|HPT_HUMAN	241
2020111CXY-6.13643.13643.3.0.dta	2020111CXY-6.13643.13643.3.0.dta	2020111CXY-6	13643	3774.65191	3487.58514	1163.19990	3	1	TVLTPATNHMGJVTFTIPANR	10,Oxidation[M];	2271.15503	5 2 0 0 0	(N(N(H(H(H))(H(H)))))	34	0 1 0 0 0;0 2 0 0 0;1 2 0 0 0;2 2 0 0 0;3 2 0 0 0;4 2 0 0 0;	1216.42286	12	56.31199	71.82774	27.49704	6	0.00724	2.07711	0.75000	0.77500	0.00000	0	0	27.49704	17.75940	58.08793	1.1030330526632543e-33	0.0	1.1030330526632543e-33	sp|P01024|CO3_HUMAN	85
2020111CXY-6.18272.18272.3.0.dta	2020111CXY-6.18272.18272.3.0.dta	2020111CXY-6	18272	5068.08329	3813.61322	1271.87592	3	1	LGACJDTLQQLMEVFK	4,Carbamidomethyl[C];12,Oxidation[M];	1882.90375	6 4 0 1 0	(N(N(H(H(H))(H(N(H))(N(H)(F))))))	399	0 1 0 0 0;0 2 0 0 0;1 2 0 0 0;2 2 0 0 0;2 3 0 0 0;2 3 0 1 0;2 4 0 0 0;2 4 0 1 0;3 2 0 0 0;3 3 0 0 0;3 3 0 1 0;3 4 0 0 0;3 4 0 1 0;4 2 0 0 0;4 3 0 0 0;4 3 0 1 0;4 4 0 0 0;4 4 0 1 0;5 3 0 0 0;5 3 0 1 0;5 4 0 0 0;5 4 0 1 0;6 4 0 0 0;	1930.69234	5	39.24172	50.09865	19.07885	6	0.01713	4.49148	0.36000	0.90000	0.00000	0	0	19.07885	16.37977	40.87970	4.0970369183566883e-22	0.0	4.0970369183566883e-22	sp|P01008|ANT3_HUMAN	128
2020111CXY-6.4967.4967.2.0.dta	2020111CXY-6.4967.4967.2.0.dta	2020111CXY-6	4967	1309.48636	2866.11272	1433.56000	2	1	JNSDISSTR		993.45958	6 3 1 0 0	(N(N(H(H)(H(H)(H(N(H(A))))))))	350	0 1 0 0 0;0 2 0 0 0;1 2 0 0 0;2 2 0 0 0;3 2 0 0 0;3 3 0 0 0;4 2 0 0 0;4 3 0 0 0;4 3 1 0 0;5 2 0 0 0;5 3 0 0 0;5 3 1 0 0;6 3 0 0 0;	1872.65047	1	26.12365	31.50437	16.13088	6	0.00267	0.93004	0.40000	1.00000	0.00000	0	0	16.13088	12.30408	27.35406	2.6143596168547088e-18	0.0	2.6143596168547088e-18	sp|P01871|IGHM_HUMAN	46
2020111CXY-6.17097.17097.3.0.dta	2020111CXY-6.17097.17097.3.0.dta	2020111CXY-6	17097	4752.65599	3390.43084	1130.81513	3	1	CGLVPVLAENYJK	1,Carbamidomethyl[C];	1476.75152	5 4 1 0 0	(N(N(H(H(N(H)))(H(N(H(A)))))))	380	0 1 0 0 0;0 2 0 0 0;1 2 0 0 0;2 2 0 0 0;2 3 0 0 0;3 2 0 0 0;3 3 0 0 0;3 3 1 0 0;3 4 0 0 0;4 3 0 0 0;4 3 1 0 0;4 4 0 0 0;4 4 1 0 0;5 4 0 0 0;	1913.67702	12	38.38647	50.95448	15.04588	6	0.00229	0.67646	0.43750	0.87500	0.00000	0	0	15.04588	13.39655	39.72612	6.057425442507581e-17	0.0	6.057425442507581e-17	sp|P02787|TRFE_HUMAN	432
2020111CXY-6.17452.17452.3.0.dta	2020111CXY-6.17452.17452.3.0.dta	2020111CXY-6	17452	4847.40557	3407.45437	1136.48964	3	1	CGLVPVLAENYJK	1,Carbamidomethyl[C];	1476.75152	6 4 0 1 0	(N(N(H(H(H))(H(N(H))(N(H)(F))))))	399	0 1 0 0 0;0 2 0 0 0;1 2 0 0 0;2 2 0 0 0;2 3 0 0 0;2 3 0 1 0;2 4 0 0 0;2 4 0 1 0;3 2 0 0 0;3 3 0 0 0;3 3 0 1 0;3 4 0 0 0;3 4 0 1 0;4 2 0 0 0;4 3 0 0 0;4 3 0 1 0;4 4 0 0 0;4 4 0 1 0;5 3 0 0 0;5 3 0 1 0;5 4 0 0 0;5 4 0 1 0;6 4 0 0 0;	1930.69234	12	27.10708	29.19553	23.22852	7	0.01051	3.08552	0.40000	0.66667	0.00000	0	0	23.22852	10.55954	28.16303	1.0479597056323684e-27	0.0	1.0479597056323684e-27	sp|P02787|TRFE_HUMAN	432
2020111CXY-6.18532.18532.4.0.dta	2020111CXY-6.18532.18532.4.0.dta	2020111CXY-6	18532	5137.60564	5407.26098	1352.57070	4	1	FJLTETSEAEIHQSFQHLLR		2400.19425	6 5 3 1 0	(N(N(H(H(N(F)(H(A))))(H(N(H(A)))(N(H(A)))))))	2060	0 1 0 0 0;0 2 0 0 0;1 2 0 0 0;2 2 0 0 0;2 3 0 0 0;2 3 0 1 0;2 4 0 0 0;3 2 0 0 0;3 3 0 0 0;3 3 0 1 0;3 3 1 0 0;3 3 1 1 0;3 4 0 0 0;3 4 0 1 0;3 4 1 0 0;3 5 0 0 0;3 5 0 1 0;4 3 0 0 0;4 3 0 1 0;4 3 1 0 0;4 3 1 1 0;4 4 0 0 0;4 4 0 1 0;4 4 1 0 0;4 4 1 1 0;4 4 2 0 0;4 5 0 0 0;4 5 0 1 0;4 5 1 0 0;4 5 1 1 0;5 4 0 0 0;5 4 0 1 0;5 4 1 0 0;5 4 1 1 0;5 4 2 0 0;5 4 2 1 0;5 5 0 0 0;5 5 0 1 0;5 5 1 0 0;5 5 1 1 0;5 5 2 0 0;5 5 2 1 0;6 5 0 0 0;6 5 0 1 0;6 5 1 0 0;6 5 1 1 0;6 5 2 0 0;6 5 2 1 0;6 5 3 0 0;	3007.05796	2	71.94197	97.63755	24.22160	7	0.00877	1.62239	0.23529	1.02632	0.00000	0	0	24.22160	21.80255	74.12223	2.965914689617343e-29	0.0	2.965914689617343e-29	sp|P01011|AACT_HUMAN	106
2020111CXY-6.16300.16300.3.0.dta	2020111CXY-6.16300.16300.3.0.dta	2020111CXY-6	16300	4537.99425	3787.47355	1263.16270	3	1	DTFVJASR		909.44247	7 5 2 1 0	(N(N(H(N)(H(H)(H))(H(N(H(A)))(N(F)(H(A)))))))	1849	0 1 0 0 0;0 2 0 0 0;1 2 0 0 0;1 3 0 0 0;2 2 0 0 0;2 3 0 0 0;2 3 0 1 0;2 4 0 0 0;2 4 0 1 0;2 5 0 0 0;2 5 0 1 0;3 2 0 0 0;3 3 0 0 0;3 3 0 1 0;3 3 1 0 0;3 3 1 1 0;3 4 0 0 0;3 4 0 1 0;3 4 1 0 0;3 4 1 1 0;3 5 0 0 0;3 5 0 1 0;3 5 1 0 0;3 5 1 1 0;4 2 0 0 0;4 3 0 0 0;4 3 0 1 0;4 3 1 0 0;4 3 1 1 0;4 4 0 0 0;4 4 0 1 0;4 4 1 0 0;4 4 1 1 0;4 4 2 0 0;4 4 2 1 0;4 5 0 0 0;4 5 0 1 0;4 5 1 0 0;4 5 1 1 0;4 5 2 0 0;4 5 2 1 0;5 2 0 0 0;5 3 0 0 0;5 3 0 1 0;5 3 1 0 0;5 3 1 1 0;5 4 0 0 0;5 4 0 1 0;5 4 1 0 0;5 4 1 1 0;5 4 2 0 0;5 4 2 1 0;5 5 0 0 0;5 5 0 1 0;5 5 1 0 0;5 5 1 1 0;5 5 2 0 0;5 5 2 1 0;6 3 0 0 0;6 3 0 1 0;6 3 1 0 0;6 3 1 1 0;6 4 0 0 0;6 4 0 1 0;6 4 1 0 0;6 4 1 1 0;6 4 2 0 0;6 4 2 1 0;6 5 0 0 0;6 5 0 1 0;6 5 1 0 0;6 5 1 1 0;6 5 2 0 0;6 5 2 1 0;7 4 0 0 0;7 4 0 1 0;7 4 1 0 0;7 4 1 1 0;7 4 2 0 0;7 4 2 1 0;7 5 0 0 0;7 5 0 1 0;7 5 1 0 0;7 5 1 1 0;7 5 2 0 0;	2878.01537	5	23.93462	28.07058	16.25357	6	0.01571	4.14914	0.16092	0.85714	0.00000	0	0	16.25357	10.01006	24.93563	1.899627284817676e-18	0.0	1.899627284817676e-18	sp|P05155|IC1_HUMAN	238
2020111CXY-6.17284.17284.4.0.dta	2020111CXY-6.17284.17284.4.0.dta	2020111CXY-6	17284	4802.37987	3999.78620	1000.70201	4	1	VVLHPJYSQVDIGLIK		1795.01124	5 4 2 0 0	(N(N(H(H(N(H(A))))(H(N(H(A)))))))	754	0 1 0 0 0;0 2 0 0 0;1 2 0 0 0;2 2 0 0 0;2 3 0 0 0;3 2 0 0 0;3 3 0 0 0;3 3 1 0 0;3 4 0 0 0;4 3 0 0 0;4 3 1 0 0;4 4 0 0 0;4 4 1 0 0;5 4 0 0 0;5 4 1 0 0;	2204.77244	6	18.70307	13.25598	28.81910	7	0.00252	0.63053	0.58824	0.40000	0.00000	0	0	28.81910	8.41495	19.54457	2.5146509335630335e-35	0.0022002200220022	0.0022002200220022	sp|P00738|HPT_HUMAN	241
2020111CXY-6.9386.9386.2.0.dta	2020111CXY-6.9386.9386.2.0.dta	2020111CXY-6	9386	2496.94233	2764.11125	1382.55926	2	1	EEQFJSTFR		1157.52218	4 4 0 1 0	(N(N(H(H(N))(H(N(H(F)))))))	161	0 1 0 0 0;0 2 0 0 0;1 2 0 0 0;2 2 0 0 0;2 3 0 0 0;3 2 0 0 0;3 3 0 0 0;3 3 0 1 0;3 4 0 0 0;4 3 0 0 0;4 3 0 1 0;4 4 0 0 0;	1606.58669	5	44.77838	49.33064	36.32420	7	0.00238	0.86091	0.64286	0.93750	0.00000	0	0	36.32420	14.00364	46.17874	6.219536027398698e-46	0.0	6.219536027398698e-46	sp|P01859|IGHG2_HUMAN	176
2020111CXY-6.18402.18402.3.0.dta	2020111CXY-6.18402.18402.3.0.dta	2020111CXY-6	18402	5103.00307	3784.54003	1262.18486	3	1	JETYQLFLSYSSK		1579.76385	5 4 2 0 0	(N(N(H(H(N(H(A))))(H(N(H(A)))))))	754	0 1 0 0 0;0 2 0 0 0;1 2 0 0 0;2 2 0 0 0;2 3 0 0 0;3 2 0 0 0;3 3 0 0 0;3 3 1 0 0;3 4 0 0 0;4 3 0 0 0;4 3 1 0 0;4 4 0 0 0;4 4 1 0 0;5 4 0 0 0;5 4 1 0 0;	2204.77244	1	57.89776	86.98932	3.87059	4	0.00374	0.98928	0.23529	1.20833	0.00000	0	0	3.87059	20.94763	59.99252	0.0003867528093999684	0.0	0.0003867528093999684	sp|P02748|CO9_HUMAN	277
2020111CXY-6.16419.16419.3.1.dta	2020111CXY-6.16419.16419.3.1.dta	2020111CXY-6	16419	4569.86153	3626.47000	1209.49485	3	1	SWPAVGJCSSALR	8,Carbamidomethyl[C];	1404.66886	6 4 1 1 0	(N(N(H(H(N(H(H))))(H(N(F)(H(A)))))))	783	0 1 0 0 0;0 2 0 0 0;1 2 0 0 0;2 2 0 0 0;2 3 0 0 0;2 3 0 1 0;3 2 0 0 0;3 3 0 0 0;3 3 0 1 0;3 3 1 0 0;3 3 1 1 0;3 4 0 0 0;3 4 0 1 0;4 3 0 0 0;4 3 0 1 0;4 3 1 0 0;4 3 1 1 0;4 4 0 0 0;4 4 0 1 0;4 4 1 0 0;4 4 1 1 0;5 3 0 0 0;5 4 0 0 0;5 4 0 1 0;5 4 1 0 0;5 4 1 1 0;6 4 0 0 0;6 4 0 1 0;6 4 1 0 0;	2221.78776	7	34.43721	37.05344	29.57849	7	0.01339	3.69126	0.38710	0.70833	0.00000	0	0	29.57849	12.52989	35.69020	2.2201529868860637e-36	0.0	2.2201529868860637e-36	sp|P02790|HEMO_HUMAN	187
2020111CXY-6.9593.9593.2.0.dta	2020111CXY-6.9593.9593.2.0.dta	2020111CXY-6	9593	2552.13205	3129.24533	1565.12631	2	1	EEQFJSTFR		1157.52218	5 5 0 1 0	(N(F)(N(H(N)(H(N(H)))(H(N(H))))))	459	0 1 0 0 0;0 1 0 1 0;0 2 0 0 0;0 2 0 1 0;1 2 0 0 0;1 2 0 1 0;1 3 0 0 0;1 3 0 1 0;2 2 0 0 0;2 2 0 1 0;2 3 0 0 0;2 3 0 1 0;2 4 0 0 0;2 4 0 1 0;3 2 0 0 0;3 2 0 1 0;3 3 0 0 0;3 3 0 1 0;3 4 0 0 0;3 4 0 1 0;3 5 0 0 0;3 5 0 1 0;4 3 0 0 0;4 3 0 1 0;4 4 0 0 0;4 4 0 1 0;4 5 0 0 0;4 5 0 1 0;5 4 0 0 0;5 4 0 1 0;5 5 0 0 0;	1971.71889	5	20.87763	22.05834	18.68489	7	0.00427	1.36381	0.30303	0.75000	0.00000	0	0	18.68489	11.44538	22.02217	1.0052232181405983e-21	0.0	1.0052232181405983e-21	sp|P01859|IGHG2_HUMAN	176
2020111CXY-6.16752.16752.3.0.dta	2020111CXY-6.16752.16752.3.0.dta	2020111CXY-6	16752	4659.91922	4018.62667	1340.21374	3	1	LNAENJATFYFK		1431.69030	7 5 1 1 0	(N(N(H(N)(H(H)(H))(H(N(H)(F))(N(H(A)))))))	1369	0 1 0 0 0;0 2 0 0 0;1 2 0 0 0;1 3 0 0 0;2 2 0 0 0;2 3 0 0 0;2 3 0 1 0;2 4 0 0 0;2 4 0 1 0;2 5 0 0 0;2 5 0 1 0;3 2 0 0 0;3 3 0 0 0;3 3 0 1 0;3 3 1 0 0;3 4 0 0 0;3 4 0 1 0;3 4 1 0 0;3 4 1 1 0;3 5 0 0 0;3 5 0 1 0;3 5 1 0 0;3 5 1 1 0;4 2 0 0 0;4 3 0 0 0;4 3 0 1 0;4 3 1 0 0;4 4 0 0 0;4 4 0 1 0;4 4 1 0 0;4 4 1 1 0;4 5 0 0 0;4 5 0 1 0;4 5 1 0 0;4 5 1 1 0;5 2 0 0 0;5 3 0 0 0;5 3 0 1 0;5 3 1 0 0;5 4 0 0 0;5 4 0 1 0;5 4 1 0 0;5 4 1 1 0;5 5 0 0 0;5 5 0 1 0;5 5 1 0 0;5 5 1 1 0;6 3 0 0 0;6 3 0 1 0;6 3 1 0 0;6 4 0 0 0;6 4 0 1 0;6 4 1 0 0;6 4 1 1 0;6 5 0 0 0;6 5 0 1 0;6 5 1 0 0;6 5 1 1 0;7 4 0 0 0;7 4 0 1 0;7 4 1 0 0;7 4 1 1 0;7 5 0 0 0;7 5 0 1 0;7 5 1 0 0;	2586.91995	6	29.91213	32.12596	25.80074	7	0.01642	4.08505	0.22388	0.77273	0.00000	0	0	25.80074	13.00320	31.21245	2.64635521701312e-31	0.0	2.64635521701312e-31	sp|P01042|KNG1_HUMAN	294
2020111CXY-6.9162.9162.3.0.dta	2020111CXY-6.9162.9162.3.0.dta	2020111CXY-6	9162	2436.64779	3225.28120	1075.76525	3	1	FLNJGTCTAEGK	7,Carbamidomethyl[C];	1311.59978	5 4 1 0 0	(N(N(H(H(N(H)))(H(N(H(A)))))))	380	0 1 0 0 0;0 2 0 0 0;1 2 0 0 0;2 2 0 0 0;2 3 0 0 0;3 2 0 0 0;3 3 0 0 0;3 3 1 0 0;3 4 0 0 0;4 3 0 0 0;4 3 1 0 0;4 4 0 0 0;4 4 1 0 0;5 4 0 0 0;	1913.67702	4	65.24799	77.19984	43.05169	7	0.00439	1.36221	0.62500	1.18182	0.00000	0	0	43.05169	17.95710	67.04370	1.9944728024939646e-55	0.0	1.9944728024939646e-55	sp|P05156|CFAI_HUMAN	103
2020111CXY-6.15119.15119.3.0.dta	2020111CXY-6.15119.15119.3.0.dta	2020111CXY-6	15119	4217.74740	3795.69032	1265.90162	3	1	TVLTPATNHMGJVTFTIPANR		2255.16011	7 2 0 0 0	(N(N(H(H(H))(H(H(H(H)))))))	125	0 1 0 0 0;0 2 0 0 0;1 2 0 0 0;2 2 0 0 0;3 2 0 0 0;4 2 0 0 0;5 2 0 0 0;6 2 0 0 0;	1540.52851	12	23.89784	26.90096	18.32062	5	0.00170	0.44688	0.70000	0.47500	0.00000	0	0	18.32062	11.78824	25.07666	2.4592659518503032e-21	0.0	2.4592659518503032e-21	sp|P01024|CO3_HUMAN	85
2020111CXY-6.6061.6061.3.0.dta	2020111CXY-6.6061.6061.3.0.dta	2020111CXY-6	6061	1602.16098	2853.12363	951.71273	3	1	EEQYJSTYR		1189.51199	4 5 0 0 0	(N(N(H(N)(H(N(H))(N(H))))))	194	0 1 0 0 0;0 2 0 0 0;1 2 0 0 0;1 3 0 0 0;2 2 0 0 0;2 3 0 0 0;2 4 0 0 0;2 5 0 0 0;3 3 0 0 0;3 4 0 0 0;3 5 0 0 0;4 4 0 0 0;	1663.60816	5	54.34761	66.05090	32.61291	6	0.00348	1.21969	0.57143	1.12500	0.00000	0	0	32.61291	13.35844	55.68345	9.051638628405318e-41	0.0	9.051638628405318e-41	sp|P01857|IGHG1_HUMAN	180
2020111CXY-6.15991.15991.3.0.dta	2020111CXY-6.15991.15991.3.0.dta	2020111CXY-6	15991	4454.85262	3770.44660	1257.48705	3	1	DTFVJASR		909.44247	6 5 3 0 0	(N(N(H(H(N(H(A))))(H(N(H(A)))(N(H(A)))))))	1823	0 1 0 0 0;0 2 0 0 0;1 2 0 0 0;2 2 0 0 0;2 3 0 0 0;2 4 0 0 0;3 2 0 0 0;3 3 0 0 0;3 3 1 0 0;3 4 0 0 0;3 4 1 0 0;3 5 0 0 0;4 3 0 0 0;4 3 1 0 0;4 4 0 0 0;4 4 1 0 0;4 4 2 0 0;4 5 0 0 0;4 5 1 0 0;5 4 0 0 0;5 4 1 0 0;5 4 2 0 0;5 5 0 0 0;5 5 1 0 0;5 5 2 0 0;6 5 0 0 0;6 5 1 0 0;6 5 2 0 0;	2861.00005	5	13.12987	15.59593	8.55003	6	0.00408	1.08143	0.20000	0.64286	0.00000	0	0	8.55003	8.86081	14.01595	7.84363752084603e-09	0.0011389521640091116	0.0011389521640091116	sp|P05155|IC1_HUMAN	238
2020111CXY-6.9846.9846.2.0.dta	2020111CXY-6.9846.9846.2.0.dta	2020111CXY-6	9846	2620.84106	2602.05918	1301.53323	2	1	EEQFJSTFR		1157.52218	3 4 0 1 0	(N(F)(N(H(H(N))(H(N)))))	95	0 1 0 0 0;0 1 0 1 0;0 2 0 0 0;0 2 0 1 0;1 2 0 0 0;1 2 0 1 0;2 2 0 0 0;2 2 0 1 0;2 3 0 0 0;2 3 0 1 0;3 2 0 0 0;3 2 0 1 0;3 3 0 0 0;3 3 0 1 0;3 4 0 0 0;	1444.53387	5	26.87618	22.57428	34.86542	9	0.00314	1.20561	0.52941	0.75000	0.00000	0	0	34.86542	11.05855	27.98204	6.228110729612339e-44	0.0	6.228110729612339e-44	sp|P01859|IGHG2_HUMAN	176
2020111CXY-6.15619.15619.4.0.dta	2020111CXY-6.15619.15619.4.0.dta	2020111CXY-6	15619	4353.74310	5242.17714	1311.29974	4	1	NJATVHEQVGGPSLTSDLQAQSK		2381.16916	6 5 3 0 0	(N(N(H(H(N(H(A))))(H(N(H(A)))(N(H(A)))))))	1823	0 1 0 0 0;0 2 0 0 0;1 2 0 0 0;2 2 0 0 0;2 3 0 0 0;2 4 0 0 0;3 2 0 0 0;3 3 0 0 0;3 3 1 0 0;3 4 0 0 0;3 4 1 0 0;3 5 0 0 0;4 3 0 0 0;4 3 1 0 0;4 4 0 0 0;4 4 1 0 0;4 4 2 0 0;4 5 0 0 0;4 5 1 0 0;5 4 0 0 0;5 4 1 0 0;5 4 2 0 0;5 5 0 0 0;5 5 1 0 0;5 5 2 0 0;6 5 0 0 0;6 5 1 0 0;6 5 2 0 0;	2861.00005	2	65.56341	88.36523	23.21717	7	0.00793	1.51339	0.33333	0.79545	0.00000	0	0	23.21717	19.41362	67.50477	1.1517135102219978e-27	0.0	1.1517135102219978e-27	sp|P04004|VTNC_HUMAN	86
2020111CXY-6.9640.9640.3.0.dta	2020111CXY-6.9640.9640.3.0.dta	2020111CXY-6	9640	2565.11598	2602.05837	868.02431	3	1	EEQFJSTFR		1157.52218	3 4 0 1 0	(N(F)(N(H(H(N))(H(N)))))	95	0 1 0 0 0;0 1 0 1 0;0 2 0 0 0;0 2 0 1 0;1 2 0 0 0;1 2 0 1 0;2 2 0 0 0;2 2 0 1 0;2 3 0 0 0;2 3 0 1 0;3 2 0 0 0;3 2 0 1 0;3 3 0 0 0;3 3 0 1 0;3 4 0 0 0;	1444.53387	5	25.64092	22.14611	32.13129	9	0.00233	0.89355	0.52941	0.81250	0.00000	0	0	32.13129	10.13654	26.65457	4.570771674955928e-40	0.0	4.570771674955928e-40	sp|P01859|IGHG2_HUMAN	176
2020111CXY-6.9328.9328.2.0.dta	2020111CXY-6.9328.9328.2.0.dta	2020111CXY-6	9328	2481.40762	2926.16467	1463.58597	2	1	EEQFJSTFR		1157.52218	5 4 0 1 0	(N(F)(N(H(H(N(H)))(H(N(H))))))	267	0 1 0 0 0;0 1 0 1 0;0 2 0 0 0;0 2 0 1 0;1 2 0 0 0;1 2 0 1 0;2 2 0 0 0;2 2 0 1 0;2 3 0 0 0;2 3 0 1 0;3 2 0 0 0;3 2 0 1 0;3 3 0 0 0;3 3 0 1 0;3 4 0 0 0;3 4 0 1 0;4 3 0 0 0;4 3 0 1 0;4 4 0 0 0;4 4 0 1 0;5 4 0 0 0;	1768.63952	5	22.80892	22.38618	23.59401	8	0.00298	1.01779	0.39130	0.68750	0.00000	0	0	23.59401	11.16878	23.92580	3.008789418457325e-28	0.0	3.008789418457325e-28	sp|P01859|IGHG2_HUMAN	176
2020111CXY-6.7787.7787.3.1.dta	2020111CXY-6.7787.7787.3.1.dta	2020111CXY-6	7787	2066.44563	3285.29952	1095.77136	3	1	JGTAVCATNR	6,Carbamidomethyl[C];	1063.49492	6 4 1 1 0	(N(N(H(H(N(H(H))))(H(N(F)(H(A)))))))	783	0 1 0 0 0;0 2 0 0 0;1 2 0 0 0;2 2 0 0 0;2 3 0 0 0;2 3 0 1 0;3 2 0 0 0;3 3 0 0 0;3 3 0 1 0;3 3 1 0 0;3 3 1 1 0;3 4 0 0 0;3 4 0 1 0;4 3 0 0 0;4 3 0 1 0;4 3 1 0 0;4 3 1 1 0;4 4 0 0 0;4 4 0 1 0;4 4 1 0 0;4 4 1 1 0;5 3 0 0 0;5 4 0 0 0;5 4 0 1 0;5 4 1 0 0;5 4 1 1 0;6 4 0 0 0;6 4 0 1 0;6 4 1 0 0;	2221.78776	1	29.11829	31.01143	25.60246	7	0.01684	5.12625	0.32258	0.94444	0.00000	0	0	25.60246	13.22664	30.44095	4.993584734349119e-31	0.0	4.993584734349119e-31	sp|P05156|CFAI_HUMAN	70
2020111CXY-6.18879.18879.3.0.dta	2020111CXY-6.18879.18879.3.0.dta	2020111CXY-6	18879	5231.11377	3649.56130	1217.19195	3	1	ALPQPQJVTSLLGCTH	14,Carbamidomethyl[C];	1735.87958	5 4 1 0 0	(N(N(H(H(N(H)))(H(N(H(A)))))))	380	0 1 0 0 0;0 2 0 0 0;1 2 0 0 0;2 2 0 0 0;2 3 0 0 0;3 2 0 0 0;3 3 0 0 0;3 3 1 0 0;3 4 0 0 0;4 3 0 0 0;4 3 1 0 0;4 4 0 0 0;4 4 1 0 0;5 4 0 0 0;	1913.67702	7	13.88821	16.26329	9.47736	5	0.00469	1.28550	0.43750	0.53333	0.00000	0	0	9.47736	11.04226	14.99244	5.484731236981008e-10	0.0	5.484731236981008e-10	sp|P02790|HEMO_HUMAN	453
2020111CXY-6.7455.7455.3.0.dta	2020111CXY-6.7455.7455.3.0.dta	2020111CXY-6	7455	1976.92832	2942.16075	981.39177	3	1	EEQFJSTYR		1173.51708	5 4 0 1 0	(N(N(H(H(N(H)))(H(N(H(F)))))))	264	0 1 0 0 0;0 2 0 0 0;1 2 0 0 0;2 2 0 0 0;2 3 0 0 0;3 2 0 0 0;3 3 0 0 0;3 3 0 1 0;3 4 0 0 0;4 3 0 0 0;4 3 0 1 0;4 4 0 0 0;4 4 0 1 0;5 4 0 0 0;	1768.63952	5	62.28785	73.13539	42.14241	7	0.00415	1.41026	0.68750	1.18750	0.00000	0	0	42.14241	15.44076	63.83193	3.979705359465647e-54	0.0	3.979705359465647e-54	sp|P01861|IGHG4_HUMAN	177
2020111CXY-6.11888.11888.3.0.dta	2020111CXY-6.11888.11888.3.0.dta	2020111CXY-6	11888	3171.28319	3282.24720	1094.75392	3	1	EEQFJSTFR		1157.52218	3 4 0 4 1	(N(F)(N(H(H(N(F)))(H(N(F)(pH(F)))))))	5639	0 1 0 0 0;0 1 0 1 0;0 2 0 0 0;0 2 0 1 0;1 2 0 0 0;1 2 0 1 0;2 2 0 0 0;2 2 0 1 0;2 3 0 0 0;2 3 0 0 1;2 3 0 1 0;2 3 0 1 1;2 3 0 2 0;2 3 0 2 1;2 3 0 3 1;3 2 0 0 0;3 2 0 1 0;3 3 0 0 0;3 3 0 0 1;3 3 0 1 0;3 3 0 1 1;3 3 0 2 0;3 3 0 2 1;3 3 0 3 1;3 4 0 0 0;3 4 0 0 1;3 4 0 1 0;3 4 0 1 1;3 4 0 2 0;3 4 0 2 1;3 4 0 3 0;3 4 0 3 1;	2124.72675	5	11.28117	15.49782	3.45024	5	-0.00173	-0.52579	0.17647	0.62500	0.00000	0	0	3.45024	8.81698	12.16287	0.0006927458547460928	0.0011389521640091116	0.0011389521640091116	sp|P01859|IGHG2_HUMAN	176
2020111CXY-6.16421.16421.3.0.dta	2020111CXY-6.16421.16421.3.0.dta	2020111CXY-6	16421	4570.47388	4067.69646	1356.57034	3	1	STGKPTLYJVSLVMSDTAGTCY	21,Carbamidomethyl[C];	2365.10501	8 2 0 0 0	(N(N(H(H(H(H(H(H(H(H))))))))))	201	0 1 0 0 0;0 2 0 0 0;1 2 0 0 0;2 2 0 0 0;3 2 0 0 0;4 2 0 0 0;5 2 0 0 0;6 2 0 0 0;7 2 0 0 0;	1702.58133	9	50.97945	70.00143	15.65291	6	0.01012	2.48784	0.54545	0.73810	0.00000	0	0	15.65291	16.59819	52.63927	1.5129102554236073e-17	0.0	1.5129102554236073e-17	sp|P01871|IGHM_HUMAN/sp|P04220|MUCB_HUMAN	439/378
2020111CXY-6.4337.4337.3.0.dta	2020111CXY-6.4337.4337.3.0.dta	2020111CXY-6	4337	1141.05703	3020.20407	1007.40621	3	1	AJISHK		669.36785	5 4 2 1 0	(N(F)(N(H(H(N(H(A))))(H(N(H(A)))))))	991	0 1 0 0 0;0 1 0 1 0;0 2 0 0 0;0 2 0 1 0;1 2 0 0 0;1 2 0 1 0;2 2 0 0 0;2 2 0 1 0;2 3 0 0 0;2 3 0 1 0;3 2 0 0 0;3 2 0 1 0;3 3 0 0 0;3 3 0 1 0;3 3 1 0 0;3 3 1 1 0;3 4 0 0 0;3 4 0 1 0;4 3 0 0 0;4 3 0 1 0;4 3 1 0 0;4 3 1 1 0;4 4 0 0 0;4 4 0 1 0;4 4 1 0 0;4 4 1 1 0;5 4 0 0 0;5 4 0 1 0;5 4 1 0 0;5 4 1 1 0;5 4 2 0 0;	2350.83035	2	23.60336	9.74841	49.33398	9	0.00587	1.94297	0.57576	0.70000	0.00000	0	0	49.33398	9.42281	24.54564	1.3823059257095334e-64	0.0	1.3823059257095334e-64	sp|P01031|CO5_HUMAN/sp|P19634|SL9A1_HUMAN/sp|Q14940|SL9A5_HUMAN	741/370/319
2020111CXY-6.17725.17725.4.0.dta	2020111CXY-6.17725.17725.4.0.dta	2020111CXY-6	17725	4920.57174	5150.19911	1288.30524	4	1	ICDLLVANNHFAHFFAPQJLTNMNK	2,Carbamidomethyl[C];23,Oxidation[M];	2945.41853	5 4 2 0 0	(N(N(H(H(N(H(A))))(H(N(H(A)))))))	754	0 1 0 0 0;0 2 0 0 0;1 2 0 0 0;2 2 0 0 0;2 3 0 0 0;3 2 0 0 0;3 3 0 0 0;3 3 1 0 0;3 4 0 0 0;4 3 0 0 0;4 3 1 0 0;4 4 0 0 0;4 4 1 0 0;5 4 0 0 0;5 4 1 0 0;	2204.77244	19	13.62524	18.19843	5.13218	3	0.00814	1.58090	0.35294	0.35417	0.00000	0	0	5.13218	9.71370	14.59661	2.4570447824343323e-05	0.0	2.4570447824343323e-05	sp|P19827|ITIH1_HUMAN	285
2020111CXY-6.10666.10666.3.0.dta	2020111CXY-6.10666.10666.3.0.dta	2020111CXY-6	10666	2842.69010	3776.48291	1259.49915	3	1	JHSCEPCQTLAVR	4,Carbamidomethyl[C];7,Carbamidomethyl[C];	1571.70532	5 4 2 0 0	(N(N(H(H(N(H(A))))(H(N(H(A)))))))	754	0 1 0 0 0;0 2 0 0 0;1 2 0 0 0;2 2 0 0 0;2 3 0 0 0;3 2 0 0 0;3 3 0 0 0;3 3 1 0 0;3 4 0 0 0;4 3 0 0 0;4 3 1 0 0;4 4 0 0 0;4 4 1 0 0;5 4 0 0 0;5 4 1 0 0;	2204.77244	1	66.73666	68.09883	64.20693	7	0.00514	1.36211	0.82353	1.00000	0.00000	0	0	64.20693	16.86655	68.42331	6.075061680367264e-86	0.0	6.075061680367264e-86	sp|P00748|FA12_HUMAN	433
2020111CXY-6.17431.17431.3.0.dta	2020111CXY-6.17431.17431.3.0.dta	2020111CXY-6	17431	4841.82368	3666.58610	1222.86688	3	1	ALPQPQJVTSLLGCTH	14,Carbamidomethyl[C];	1735.87958	6 4 0 1 0	(N(N(H(H(H))(H(N(H))(N(H)(F))))))	399	0 1 0 0 0;0 2 0 0 0;1 2 0 0 0;2 2 0 0 0;2 3 0 0 0;2 3 0 1 0;2 4 0 0 0;2 4 0 1 0;3 2 0 0 0;3 3 0 0 0;3 3 0 1 0;3 4 0 0 0;3 4 0 1 0;4 2 0 0 0;4 3 0 0 0;4 3 0 1 0;4 4 0 0 0;4 4 0 1 0;5 3 0 0 0;5 3 0 1 0;5 4 0 0 0;5 4 0 1 0;6 4 0 0 0;	1930.69234	7	60.79791	86.58691	12.90406	6	0.01418	3.86675	0.28000	0.93333	0.00000	0	0	12.90406	19.69177	62.76709	5.077457764767509e-14	0.0	5.077457764767509e-14	sp|P02790|HEMO_HUMAN	453
2020111CXY-6.7762.7762.3.0.dta	2020111CXY-6.7762.7762.3.0.dta	2020111CXY-6	7762	2059.64891	2983.18600	995.06685	3	1	EEQFJSTYR		1173.51708	4 5 0 1 0	(N(F)(N(H(N)(H(N(H))(N(H))))))	291	0 1 0 0 0;0 1 0 1 0;0 2 0 0 0;0 2 0 1 0;1 2 0 0 0;1 2 0 1 0;1 3 0 0 0;1 3 0 1 0;2 2 0 0 0;2 2 0 1 0;2 3 0 0 0;2 3 0 1 0;2 4 0 0 0;2 4 0 1 0;2 5 0 0 0;2 5 0 1 0;3 3 0 0 0;3 3 0 1 0;3 4 0 0 0;3 4 0 1 0;3 5 0 0 0;3 5 0 1 0;4 4 0 0 0;4 4 0 1 0;4 5 0 0 0;	1809.66607	5	20.04632	17.09301	25.53104	8	0.00285	0.95405	0.33333	0.68750	0.00000	0	0	25.53104	10.02178	21.04850	5.840055167260976e-31	0.0	5.840055167260976e-31	sp|P01861|IGHG4_HUMAN	177
2020111CXY-6.5725.5725.2.0.dta	2020111CXY-6.5725.5725.2.0.dta	2020111CXY-6	5725	1512.86364	2958.15425	1479.58076	2	1	EEQYJSTYR		1189.51199	5 4 0 1 0	(N(F)(N(H(H(N(H)))(H(N(H))))))	267	0 1 0 0 0;0 1 0 1 0;0 2 0 0 0;0 2 0 1 0;1 2 0 0 0;1 2 0 1 0;2 2 0 0 0;2 2 0 1 0;2 3 0 0 0;2 3 0 1 0;3 2 0 0 0;3 2 0 1 0;3 3 0 0 0;3 3 0 1 0;3 4 0 0 0;3 4 0 1 0;4 3 0 0 0;4 3 0 1 0;4 4 0 0 0;4 4 0 1 0;5 4 0 0 0;	1768.63952	5	20.64638	16.74329	27.89499	9	0.00275	0.92903	0.39130	0.68750	0.00000	0	0	27.89499	11.13953	21.76033	3.246118994062018e-34	0.0	3.246118994062018e-34	sp|P01857|IGHG1_HUMAN	180
2020111CXY-6.19359.19359.3.0.dta	2020111CXY-6.19359.19359.3.0.dta	2020111CXY-6	19359	5357.94763	4074.69903	1358.90453	3	1	YLGJATAIFFLPDEGK		1755.89521	6 4 0 2 1	(N(N(H(H(H)(pH))(H(N(H)(F))(N(H)(F))))))	7058	0 1 0 0 0;0 2 0 0 0;1 2 0 0 0;2 2 0 0 0;2 2 0 0 1;2 3 0 0 0;2 3 0 1 0;2 4 0 0 0;2 4 0 1 0;2 4 0 2 0;3 2 0 0 0;3 2 0 0 1;3 3 0 0 0;3 3 0 0 1;3 3 0 1 0;3 3 0 1 1;3 4 0 0 0;3 4 0 0 1;3 4 0 1 0;3 4 0 1 1;3 4 0 2 0;3 4 0 2 1;4 2 0 0 0;4 2 0 0 1;4 3 0 0 0;4 3 0 0 1;4 3 0 1 0;4 3 0 1 1;4 4 0 0 0;4 4 0 0 1;4 4 0 1 0;4 4 0 1 1;4 4 0 2 0;4 4 0 2 1;5 3 0 0 0;5 3 0 0 1;5 3 0 1 0;5 3 0 1 1;5 4 0 0 0;5 4 0 0 1;5 4 0 1 0;5 4 0 1 1;5 4 0 2 0;5 4 0 2 1;6 4 0 0 0;6 4 0 0 1;6 4 0 1 0;6 4 0 1 1;6 4 0 2 0;	2318.76940	4	22.52768	30.91044	6.95970	5	0.03442	8.44665	0.19608	0.73333	0.00000	0	0	6.95970	14.01534	23.92921	3.4148637500750164e-07	0.0	3.4148637500750164e-07	sp|P01009|A1AT_HUMAN	271
2020111CXY-6.4935.4935.3.0.dta	2020111CXY-6.4935.4935.3.0.dta	2020111CXY-6	4935	1300.96302	3198.29869	1066.77108	3	1	YKJNSDISSTR		1284.61786	5 4 1 0 0	(N(N(H(H(N(H)))(H(N(H(A)))))))	380	0 1 0 0 0;0 2 0 0 0;1 2 0 0 0;2 2 0 0 0;2 3 0 0 0;3 2 0 0 0;3 3 0 0 0;3 3 1 0 0;3 4 0 0 0;4 3 0 0 0;4 3 1 0 0;4 4 0 0 0;4 4 1 0 0;5 4 0 0 0;	1913.67702	3	65.34071	67.42973	61.46109	7	0.00380	1.18891	0.75000	1.10000	0.00000	0	0	61.46109	18.22192	67.16290	8.372411307158335e-82	0.0	8.372411307158335e-82	sp|P01871|IGHM_HUMAN	46
2020111CXY-6.18251.18251.3.1.dta	2020111CXY-6.18251.18251.3.1.dta	2020111CXY-6	18251	5062.43167	4176.80746	1392.94067	3	1	VLSJNSDANLELINTWVAK		2101.09241	6 4 1 0 0	(N(N(H(H(N(H(H))))(H(N(H(A)))))))	565	0 1 0 0 0;0 2 0 0 0;1 2 0 0 0;2 2 0 0 0;2 3 0 0 0;3 2 0 0 0;3 3 0 0 0;3 3 1 0 0;3 4 0 0 0;4 3 0 0 0;4 3 1 0 0;4 4 0 0 0;4 4 1 0 0;5 3 0 0 0;5 4 0 0 0;5 4 1 0 0;6 4 0 0 0;	2075.72985	4	47.10413	65.88437	12.22653	5	-0.01480	-3.54264	0.42105	0.91667	0.00000	0	0	12.22653	19.02524	49.00665	2.437075933414121e-13	0.0	2.437075933414121e-13	sp|P05155|IC1_HUMAN	253
2020111CXY-6.16004.16004.3.0.dta	2020111CXY-6.16004.16004.3.0.dta	2020111CXY-6	16004	4458.43484	4127.81829	1376.61095	3	1	TVLTPATNHMGJVTFTIPANR		2255.16011	6 3 1 0 0	(N(N(H(H)(H(H)(H(N(H(A))))))))	350	0 1 0 0 0;0 2 0 0 0;1 2 0 0 0;2 2 0 0 0;3 2 0 0 0;3 3 0 0 0;4 2 0 0 0;4 3 0 0 0;4 3 1 0 0;5 2 0 0 0;5 3 0 0 0;5 3 1 0 0;6 3 0 0 0;	1872.65047	12	43.86225	48.58903	35.08394	7	0.00770	1.86529	0.66667	0.70000	0.00000	0	0	35.08394	15.19120	45.38137	2.542640640942712e-44	0.0	2.542640640942712e-44	sp|P01024|CO3_HUMAN	85
2020111CXY-6.5495.5495.2.0.dta	2020111CXY-6.5495.5495.2.0.dta	2020111CXY-6	5495	1451.42782	2688.06459	1344.53593	2	1	JNSDISSTR		993.45958	4 3 1 1 0	(N(F)(N(H(H)(H(N(H(A)))))))	198	0 1 0 0 0;0 1 0 1 0;0 2 0 0 0;0 2 0 1 0;1 2 0 0 0;1 2 0 1 0;2 2 0 0 0;2 2 0 1 0;2 3 0 0 0;2 3 0 1 0;3 2 0 0 0;3 2 0 1 0;3 3 0 0 0;3 3 0 1 0;3 3 1 0 0;3 3 1 1 0;4 3 0 0 0;4 3 0 1 0;4 3 1 0 0;	1694.60274	1	42.72679	55.25908	19.45253	8	0.00228	0.84658	0.38095	1.25000	0.00000	0	0	19.45253	16.54334	44.38112	8.602527867407284e-23	0.0	8.602527867407284e-23	sp|P01871|IGHM_HUMAN	46
2020111CXY-6.16684.16684.3.0.dta	2020111CXY-6.16684.16684.3.0.dta	2020111CXY-6	16684	4641.57354	3782.52493	1261.51316	3	1	LNAENJATFYFK		1431.69030	5 4 2 1 0	(N(F)(N(H(H(N(H(A))))(H(N(H(A)))))))	991	0 1 0 0 0;0 1 0 1 0;0 2 0 0 0;0 2 0 1 0;1 2 0 0 0;1 2 0 1 0;2 2 0 0 0;2 2 0 1 0;2 3 0 0 0;2 3 0 1 0;3 2 0 0 0;3 2 0 1 0;3 3 0 0 0;3 3 0 1 0;3 3 1 0 0;3 3 1 1 0;3 4 0 0 0;3 4 0 1 0;4 3 0 0 0;4 3 0 1 0;4 3 1 0 0;4 3 1 1 0;4 4 0 0 0;4 4 0 1 0;4 4 1 0 0;4 4 1 1 0;5 4 0 0 0;5 4 0 1 0;5 4 1 0 0;5 4 1 1 0;5 4 2 0 0;	2350.83035	6	60.16700	72.92607	36.47157	8	0.00428	1.13130	0.48485	1.18182	0.00000	0	0	36.47157	16.99521	61.86652	2.475372347252553e-46	0.0	2.475372347252553e-46	sp|P01042|KNG1_HUMAN	294
2020111CXY-6.9168.9168.2.0.dta	2020111CXY-6.9168.9168.2.0.dta	2020111CXY-6	9168	2438.36398	2373.94737	1187.47732	2	1	EEQFJSTFR		1157.52218	5 2 0 0 0	(N(N(H(H(H(H(H)))))))	35	0 1 0 0 0;0 2 0 0 0;1 2 0 0 0;2 2 0 0 0;3 2 0 0 0;4 2 0 0 0;	1216.42286	5	60.24942	65.61852	50.27824	7	0.00233	0.98153	1.00000	1.18750	0.00000	0	0	50.27824	15.52732	61.80215	7.405404397358025e-66	0.0	7.405404397358025e-66	sp|P01859|IGHG2_HUMAN	176
2020111CXY-6.6419.6419.3.0.dta	2020111CXY-6.6419.6419.3.0.dta	2020111CXY-6	6419	1698.09675	3635.45155	1212.48870	3	1	YKJNSDISSTR		1284.61786	5 4 2 1 0	(N(F)(N(H(H(N(H(A))))(H(N(H(A)))))))	991	0 1 0 0 0;0 1 0 1 0;0 2 0 0 0;0 2 0 1 0;1 2 0 0 0;1 2 0 1 0;2 2 0 0 0;2 2 0 1 0;2 3 0 0 0;2 3 0 1 0;3 2 0 0 0;3 2 0 1 0;3 3 0 0 0;3 3 0 1 0;3 3 1 0 0;3 3 1 1 0;3 4 0 0 0;3 4 0 1 0;4 3 0 0 0;4 3 0 1 0;4 3 1 0 0;4 3 1 1 0;4 4 0 0 0;4 4 0 1 0;4 4 1 0 0;4 4 1 1 0;5 4 0 0 0;5 4 0 1 0;5 4 1 0 0;5 4 1 1 0;5 4 2 0 0;	2350.83035	3	70.35647	52.86493	102.84076	9	0.00334	0.91960	0.72727	1.05000	0.00000	0	0	102.84076	14.78660	71.83513	4.6819247427904285e-141	0.0	4.6819247427904285e-141	sp|P01871|IGHM_HUMAN	46
2020111CXY-6.3802.3802.3.0.dta	2020111CXY-6.3802.3802.3.0.dta	2020111CXY-6	3802	997.42607	3069.25510	1023.75655	3	1	YKJNSDISSTR		1284.61786	6 4 0 0 0	(N(N(H(N)(H(H)(H))(H(N(H))))))	277	0 1 0 0 0;0 2 0 0 0;1 2 0 0 0;1 3 0 0 0;2 2 0 0 0;2 3 0 0 0;2 4 0 0 0;3 2 0 0 0;3 3 0 0 0;3 4 0 0 0;4 2 0 0 0;4 3 0 0 0;4 4 0 0 0;5 2 0 0 0;5 3 0 0 0;5 4 0 0 0;6 3 0 0 0;	1784.63443	3	40.54075	26.90997	65.85506	7	0.00281	0.91605	0.78947	0.80000	0.00000	0	0	65.85506	10.01448	41.54220	3.2788417366834316e-88	0.0	3.2788417366834316e-88	sp|P01871|IGHM_HUMAN	46
2020111CXY-6.16751.16751.3.0.dta	2020111CXY-6.16751.16751.3.0.dta	2020111CXY-6	16751	4659.63938	3152.15198	1051.38884	3	1	DFVJASSK		867.42067	4 4 2 0 1	(N(N(H(H(N(H(A))))(H(N(pH(A)))))))	6845	0 1 0 0 0;0 2 0 0 0;1 2 0 0 0;2 2 0 0 0;2 3 0 0 0;2 3 0 0 1;2 3 1 0 1;3 2 0 0 0;3 3 0 0 0;3 3 0 0 1;3 3 1 0 0;3 3 1 0 1;3 4 0 0 0;3 4 0 0 1;3 4 1 0 1;4 3 0 0 0;4 3 1 0 0;4 4 0 0 0;4 4 0 0 1;4 4 1 0 0;4 4 1 0 1;	2284.73877	4	20.32777	24.14709	13.23475	7	-0.00746	-2.36760	0.30435	0.92857	0.00000	0	0	13.23475	11.30174	21.45794	1.7972878806160853e-14	0.0	1.7972878806160853e-14	sp|P05546|HEP2_HUMAN	188
2020111CXY-6.7717.7717.3.0.dta	2020111CXY-6.7717.7717.3.0.dta	2020111CXY-6	7717	2047.57533	3249.25116	1083.75524	3	1	EEQYJSTYR		1189.51199	5 4 1 1 0	(N(F)(N(H(H(N(H)))(H(N(H(A)))))))	549	0 1 0 0 0;0 1 0 1 0;0 2 0 0 0;0 2 0 1 0;1 2 0 0 0;1 2 0 1 0;2 2 0 0 0;2 2 0 1 0;2 3 0 0 0;2 3 0 1 0;3 2 0 0 0;3 2 0 1 0;3 3 0 0 0;3 3 0 1 0;3 3 1 0 0;3 3 1 1 0;3 4 0 0 0;3 4 0 1 0;4 3 0 0 0;4 3 0 1 0;4 3 1 0 0;4 3 1 1 0;4 4 0 0 0;4 4 0 1 0;4 4 1 0 0;4 4 1 1 0;5 4 0 0 0;5 4 0 1 0;5 4 1 0 0;	2059.73493	5	38.93453	35.16430	45.93637	8	0.00424	1.30390	0.51613	0.75000	0.00000	0	0	45.93637	11.67821	40.10235	1.6922847882038937e-59	0.0	1.6922847882038937e-59	sp|P01857|IGHG1_HUMAN	180
2020111CXY-6.16792.16792.3.0.dta	2020111CXY-6.16792.16792.3.0.dta	2020111CXY-6	16792	4670.63321	3390.42781	1130.81412	3	1	CGLVPVLAENYJK	1,Carbamidomethyl[C];	1476.75152	5 4 1 0 0	(N(N(H(H(N(H)))(H(N(H(A)))))))	380	0 1 0 0 0;0 2 0 0 0;1 2 0 0 0;2 2 0 0 0;2 3 0 0 0;3 2 0 0 0;3 3 0 0 0;3 3 1 0 0;3 4 0 0 0;4 3 0 0 0;4 3 1 0 0;4 4 0 0 0;4 4 1 0 0;5 4 0 0 0;	1913.67702	12	22.94100	30.64328	8.63677	5	-0.00073	-0.21635	0.37500	0.70833	0.00000	0	0	8.63677	11.36738	24.07774	6.887183899627688e-09	0.0	6.887183899627688e-09	sp|P02787|TRFE_HUMAN	432
2020111CXY-6.8052.8052.2.0.dta	2020111CXY-6.8052.8052.2.0.dta	2020111CXY-6	8052	2138.14049	3026.19372	1513.60050	2	1	LISJCSK	5,Carbamidomethyl[C];	821.41856	5 4 2 0 0	(N(N(H(H(N(H(A))))(H(N(H(A)))))))	754	0 1 0 0 0;0 2 0 0 0;1 2 0 0 0;2 2 0 0 0;2 3 0 0 0;3 2 0 0 0;3 3 0 0 0;3 3 1 0 0;3 4 0 0 0;4 3 0 0 0;4 3 1 0 0;4 4 0 0 0;4 4 1 0 0;5 4 0 0 0;5 4 1 0 0;	2204.77244	4	52.38646	68.19407	23.02949	7	0.00271	0.89683	0.47059	1.41667	0.00000	0	0	23.02949	14.53633	53.84009	1.7951227568461115e-27	0.0	1.7951227568461115e-27	sp|P05156|CFAI_HUMAN	494
2020111CXY-6.18304.18304.3.0.dta	2020111CXY-6.18304.18304.3.0.dta	2020111CXY-6	18304	5076.61941	3649.56198	1217.19218	3	1	ALPQPQJVTSLLGCTH	14,Carbamidomethyl[C];	1735.87958	5 4 1 0 0	(N(N(H(H(N(H)))(H(N(H(A)))))))	380	0 1 0 0 0;0 2 0 0 0;1 2 0 0 0;2 2 0 0 0;2 3 0 0 0;3 2 0 0 0;3 3 0 0 0;3 3 1 0 0;3 4 0 0 0;4 3 0 0 0;4 3 1 0 0;4 4 0 0 0;4 4 1 0 0;5 4 0 0 0;	1913.67702	7	20.23806	28.76458	4.40308	4	0.00537	1.47127	0.31250	0.66667	0.00000	0	0	4.40308	12.16307	21.45437	0.00012205123819533963	0.0	0.00012205123819533963	sp|P02790|HEMO_HUMAN	453
2020111CXY-6.5039.5039.2.0.dta	2020111CXY-6.5039.5039.2.0.dta	2020111CXY-6	5039	1329.17211	3141.27662	1571.14195	2	1	YKJNSDISSTR		1284.61786	5 3 1 1 0	(N(F)(N(H(H(H))(H(N(H(A)))))))	322	0 1 0 0 0;0 1 0 1 0;0 2 0 0 0;0 2 0 1 0;1 2 0 0 0;1 2 0 1 0;2 2 0 0 0;2 2 0 1 0;2 3 0 0 0;2 3 0 1 0;3 2 0 0 0;3 2 0 1 0;3 3 0 0 0;3 3 0 1 0;3 3 1 0 0;3 3 1 1 0;4 2 0 0 0;4 2 0 1 0;4 3 0 0 0;4 3 0 1 0;4 3 1 0 0;4 3 1 1 0;5 3 0 0 0;5 3 0 1 0;5 3 1 0 0;	1856.65556	3	47.13867	31.78498	75.65268	9	0.00320	1.01781	0.74074	0.95000	0.00000	0	0	75.65268	14.67374	48.60604	4.035501865250138e-102	0.0	4.035501865250138e-102	sp|P01871|IGHM_HUMAN	46
2020111CXY-6.18910.18910.3.0.dta	2020111CXY-6.18910.18910.3.0.dta	2020111CXY-6	18910	5239.41563	3669.57743	1223.86399	3	1	YLGJATAIFFLPDEGK		1755.89521	5 4 1 0 0	(N(N(H(H(N(H)))(H(N(H(A)))))))	380	0 1 0 0 0;0 2 0 0 0;1 2 0 0 0;2 2 0 0 0;2 3 0 0 0;3 2 0 0 0;3 3 0 0 0;3 3 1 0 0;3 4 0 0 0;4 3 0 0 0;4 3 1 0 0;4 4 0 0 0;4 4 1 0 0;5 4 0 0 0;	1913.67702	4	4.47067	4.81334	3.83429	4	0.00520	1.41801	0.31250	0.26667	0.00000	0	0	3.83429	8.23859	5.29453	0.0004246058631174976	0.0032258064516129032	0.0032258064516129032	sp|P01009|A1AT_HUMAN	271
2020111CXY-6.18910.18910.3.1.dta	2020111CXY-6.18910.18910.3.1.dta	2020111CXY-6	18910	5239.41563	3666.58498	1222.86651	3	1	ALPQPQJVTSLLGCTH	14,Carbamidomethyl[C];	1735.87958	6 4 0 1 0	(N(N(H(H(H))(H(N(H))(N(H)(F))))))	399	0 1 0 0 0;0 2 0 0 0;1 2 0 0 0;2 2 0 0 0;2 3 0 0 0;2 3 0 1 0;2 4 0 0 0;2 4 0 1 0;3 2 0 0 0;3 3 0 0 0;3 3 0 1 0;3 4 0 0 0;3 4 0 1 0;4 2 0 0 0;4 3 0 0 0;4 3 0 1 0;4 4 0 0 0;4 4 0 1 0;5 3 0 0 0;5 3 0 1 0;5 4 0 0 0;5 4 0 1 0;6 4 0 0 0;	1930.69234	7	33.60105	45.86443	10.82619	5	0.01306	3.56075	0.32000	0.80000	0.00000	0	0	10.82619	13.97298	34.99835	1.832896801027553e-11	0.0	1.832896801027553e-11	sp|P02790|HEMO_HUMAN	453
2020111CXY-6.8853.8853.3.0.dta	2020111CXY-6.8853.8853.3.0.dta	2020111CXY-6	8853	2353.39496	3657.35046	1219.78834	3	1	NEEYJK		796.34716	6 5 3 0 0	(N(N(H(H(N(H(A))))(H(N(H(A)))(N(H(A)))))))	1823	0 1 0 0 0;0 2 0 0 0;1 2 0 0 0;2 2 0 0 0;2 3 0 0 0;2 4 0 0 0;3 2 0 0 0;3 3 0 0 0;3 3 1 0 0;3 4 0 0 0;3 4 1 0 0;3 5 0 0 0;4 3 0 0 0;4 3 1 0 0;4 4 0 0 0;4 4 1 0 0;4 4 2 0 0;4 5 0 0 0;4 5 1 0 0;5 4 0 0 0;5 4 1 0 0;5 4 2 0 0;5 5 0 0 0;5 5 1 0 0;5 5 2 0 0;6 5 0 0 0;6 5 1 0 0;6 5 2 0 0;	2861.00005	5	28.30764	37.33031	11.55127	6	0.00325	0.88820	0.26667	1.20000	0.00000	0	0	11.55127	11.21204	29.42884	1.4991346608428317e-12	0.0	1.4991346608428317e-12	sp|P02763|A1AG1_HUMAN/sp|P19652|A1AG2_HUMAN	56/56
2020111CXY-6.5255.5255.3.0.dta	2020111CXY-6.5255.5255.3.0.dta	2020111CXY-6	5255	1387.38372	3506.41025	1169.47493	3	1	YKJNSDISSTR		1284.61786	6 4 1 1 0	(N(F)(N(H(H(N(H(H))))(H(N(H(A)))))))	784	0 1 0 0 0;0 1 0 1 0;0 2 0 0 0;0 2 0 1 0;1 2 0 0 0;1 2 0 1 0;2 2 0 0 0;2 2 0 1 0;2 3 0 0 0;2 3 0 1 0;3 2 0 0 0;3 2 0 1 0;3 3 0 0 0;3 3 0 1 0;3 3 1 0 0;3 3 1 1 0;3 4 0 0 0;3 4 0 1 0;4 3 0 0 0;4 3 0 1 0;4 3 1 0 0;4 3 1 1 0;4 4 0 0 0;4 4 0 1 0;4 4 1 0 0;4 4 1 1 0;5 3 0 0 0;5 3 0 1 0;5 4 0 0 0;5 4 0 1 0;5 4 1 0 0;5 4 1 1 0;6 4 0 0 0;6 4 0 1 0;6 4 1 0 0;	2221.78776	3	49.43239	34.28164	77.56950	9	0.00464	1.32279	0.59459	0.95000	0.00000	0	0	77.56950	14.03864	50.83625	5.80476342136106e-105	0.0	5.80476342136106e-105	sp|P01871|IGHM_HUMAN	46
2020111CXY-6.5375.5375.2.0.dta	2020111CXY-6.5375.5375.2.0.dta	2020111CXY-6	5375	1419.68588	2907.13899	1454.07314	2	1	JNSDISSTR		993.45958	5 4 1 0 0	(N(N(H(H(N(H)))(H(N(H(A)))))))	380	0 1 0 0 0;0 2 0 0 0;1 2 0 0 0;2 2 0 0 0;2 3 0 0 0;3 2 0 0 0;3 3 0 0 0;3 3 1 0 0;3 4 0 0 0;4 3 0 0 0;4 3 1 0 0;4 4 0 0 0;4 4 1 0 0;5 4 0 0 0;	1913.67702	1	19.62815	24.09486	11.33283	6	0.00239	0.82366	0.37500	0.87500	0.00000	0	0	11.33283	11.79206	20.80736	3.7272616461159134e-12	0.0	3.7272616461159134e-12	sp|P01871|IGHM_HUMAN	46
2020111CXY-6.17186.17186.3.0.dta	2020111CXY-6.17186.17186.3.0.dta	2020111CXY-6	17186	4776.37144	3708.69225	1236.90227	3	1	VVLHPJYSQVDIGLIK		1795.01124	5 4 1 0 0	(N(N(H(H(N(H)))(H(N(H(A)))))))	380	0 1 0 0 0;0 2 0 0 0;1 2 0 0 0;2 2 0 0 0;2 3 0 0 0;3 2 0 0 0;3 3 0 0 0;3 3 1 0 0;3 4 0 0 0;4 3 0 0 0;4 3 1 0 0;4 4 0 0 0;4 4 1 0 0;5 4 0 0 0;	1913.67702	6	33.37809	35.24836	29.90474	7	0.00399	1.07679	0.62500	0.70000	0.00000	0	0	29.90474	12.95872	34.67396	7.85836693683527e-37	0.0	7.85836693683527e-37	sp|P00738|HPT_HUMAN	241
2020111CXY-6.16591.16591.3.0.dta	2020111CXY-6.16591.16591.3.0.dta	2020111CXY-6	16591	4616.60840	3702.55433	1234.85629	3	1	VCQDCPLLAPLJDTR	2,Carbamidomethyl[C];5,Carbamidomethyl[C];	1771.84657	6 4 0 1 0	(N(N(H(H(H))(H(N(H))(N(H)(F))))))	399	0 1 0 0 0;0 2 0 0 0;1 2 0 0 0;2 2 0 0 0;2 3 0 0 0;2 3 0 1 0;2 4 0 0 0;2 4 0 1 0;3 2 0 0 0;3 3 0 0 0;3 3 0 1 0;3 4 0 0 0;3 4 0 1 0;4 2 0 0 0;4 3 0 0 0;4 3 0 1 0;4 4 0 0 0;4 4 0 1 0;5 3 0 0 0;5 3 0 1 0;5 4 0 0 0;5 4 0 1 0;6 4 0 0 0;	1930.69234	12	27.21459	36.99304	9.05461	5	0.01542	4.16544	0.28000	0.60714	0.00000	0	0	9.05461	12.02445	28.41704	2.31953888365365e-09	0.0	2.31953888365365e-09	sp|P02765|FETUA_HUMAN	156
2020111CXY-6.5156.5156.3.0.dta	2020111CXY-6.5156.5156.3.0.dta	2020111CXY-6	5156	1360.66867	3879.47928	1293.83128	3	1	HJSTGCLR	6,Carbamidomethyl[C];	944.43667	7 6 2 0 0	(N(N(H(H(N(H))(N(H(A))))(H(N(H))(N(H(A)))))))	1945	0 1 0 0 0;0 2 0 0 0;1 2 0 0 0;2 2 0 0 0;2 3 0 0 0;2 4 0 0 0;3 2 0 0 0;3 3 0 0 0;3 3 1 0 0;3 4 0 0 0;3 4 1 0 0;3 5 0 0 0;3 6 0 0 0;4 3 0 0 0;4 3 1 0 0;4 4 0 0 0;4 4 1 0 0;4 5 0 0 0;4 5 1 0 0;4 6 0 0 0;4 6 1 0 0;5 4 0 0 0;5 4 1 0 0;5 4 2 0 0;5 5 0 0 0;5 5 1 0 0;5 5 2 0 0;5 6 0 0 0;5 6 1 0 0;5 6 2 0 0;6 5 0 0 0;6 5 1 0 0;6 5 2 0 0;6 6 0 0 0;6 6 1 0 0;6 6 2 0 0;7 6 0 0 0;7 6 1 0 0;	2935.03683	2	17.34412	6.71144	37.09054	6	0.00578	1.48861	0.40000	0.50000	0.00000	0	0	37.09054	8.01956	18.14608	3.7283141429699966e-47	0.006276150627615063	0.006276150627615063	sp|P10909|CLUS_HUMAN	291
2020111CXY-6.8083.8083.3.0.dta	2020111CXY-6.8083.8083.3.0.dta	2020111CXY-6	8083	2146.42862	2726.05135	909.35530	3	1	CJYSIR	1,Carbamidomethyl[C];	812.37194	5 4 1 0 0	(N(N(H(H(N(H)))(H(N(H(A)))))))	380	0 1 0 0 0;0 2 0 0 0;1 2 0 0 0;2 2 0 0 0;2 3 0 0 0;3 2 0 0 0;3 3 0 0 0;3 3 1 0 0;3 4 0 0 0;4 3 0 0 0;4 3 1 0 0;4 4 0 0 0;4 4 1 0 0;5 4 0 0 0;	1913.67702	2	15.88022	11.78412	23.48726	7	0.00238	0.87471	0.43750	0.70000	0.00000	0	0	23.48726	8.44099	16.72432	4.550999914081419e-28	0.0022002200220022	0.0022002200220022	sp|P00736|C1R_HUMAN	221
2020111CXY-6.9121.9121.2.0.dta	2020111CXY-6.9121.9121.2.0.dta	2020111CXY-6	9121	2425.68641	2536.00177	1268.50452	2	1	EEQFJSTFR		1157.52218	6 2 0 0 0	(N(N(H(H(H(H(H(H))))))))	65	0 1 0 0 0;0 2 0 0 0;1 2 0 0 0;2 2 0 0 0;3 2 0 0 0;4 2 0 0 0;5 2 0 0 0;	1378.47569	5	51.32462	54.98976	44.51793	7	0.00390	1.53890	0.88889	1.12500	0.00000	0	0	44.51793	14.36244	52.76086	1.5349894108866136e-57	0.0	1.5349894108866136e-57	sp|P01859|IGHG2_HUMAN	176
2020111CXY-6.18590.18590.3.3.dta	2020111CXY-6.18590.18590.3.3.dta	2020111CXY-6	18590	5153.15781	3602.56798	1201.52751	3	1	VVLHPJYSQVDIGLIK		1795.01124	5 3 0 1 1	(N(N(H(H(H)(H))(H(N(pH)(F))))))	4018	0 1 0 0 0;0 2 0 0 0;1 2 0 0 0;2 2 0 0 0;2 3 0 0 0;2 3 0 0 1;2 3 0 1 0;2 3 0 1 1;3 2 0 0 0;3 3 0 0 0;3 3 0 0 1;3 3 0 1 0;3 3 0 1 1;4 2 0 0 0;4 3 0 0 0;4 3 0 0 1;4 3 0 1 0;4 3 0 1 1;5 2 0 0 0;5 3 0 0 0;5 3 0 0 1;5 3 0 1 0;	1807.57930	6	11.69388	11.17625	12.65520	5	-0.02256	-6.26156	0.37500	0.40000	0.00000	0	0	12.65520	8.13622	12.50750	9.123552450303526e-14	0.004250797024442083	0.004250797024442083	sp|P00738|HPT_HUMAN	241
2020111CXY-6.7834.7834.2.0.dta	2020111CXY-6.7834.7834.2.0.dta	2020111CXY-6	7834	2079.05254	2821.13392	1411.07060	2	1	EEQYJSTFR		1173.51708	3 5 0 1 0	(N(F)(N(H(N)(H(N)(N(H))))))	184	0 1 0 0 0;0 1 0 1 0;0 2 0 0 0;0 2 0 1 0;1 2 0 0 0;1 2 0 1 0;1 3 0 0 0;1 3 0 1 0;2 2 0 0 0;2 2 0 1 0;2 3 0 0 0;2 3 0 1 0;2 4 0 0 0;2 4 0 1 0;2 5 0 0 0;2 5 0 1 0;3 3 0 0 0;3 3 0 1 0;3 4 0 0 0;3 4 0 1 0;3 5 0 0 0;	1647.61324	5	19.84304	12.56605	33.35745	8	0.00359	1.27415	0.43478	0.62500	0.00000	0	0	33.35745	10.40013	20.88305	9.277174768961566e-42	0.0	9.277174768961566e-42	sp|P01860|IGHG3_HUMAN	227
2020111CXY-6.9074.9074.2.0.dta	2020111CXY-6.9074.9074.2.0.dta	2020111CXY-6	9074	2413.05037	2764.11229	1382.55978	2	1	EEQFJSTFR		1157.52218	4 4 0 1 0	(N(F)(N(H(H(N(H))(N(H))))))	166	0 1 0 0 0;0 1 0 1 0;0 2 0 0 0;0 2 0 1 0;1 2 0 0 0;1 2 0 1 0;2 2 0 0 0;2 2 0 1 0;2 3 0 0 0;2 3 0 1 0;2 4 0 0 0;2 4 0 1 0;3 3 0 0 0;3 3 0 1 0;3 4 0 0 0;3 4 0 1 0;4 4 0 0 0;	1606.58669	5	18.72218	14.62879	26.32419	8	0.00342	1.23644	0.42105	0.62500	0.00000	0	0	26.32419	9.97467	19.71965	7.381614775838994e-32	0.0	7.381614775838994e-32	sp|P01859|IGHG2_HUMAN	176
2020111CXY-6.18516.18516.3.0.dta	2020111CXY-6.18516.18516.3.0.dta	2020111CXY-6	18516	5133.27373	3649.55885	1217.19114	3	1	ALPQPQJVTSLLGCTH	14,Carbamidomethyl[C];	1735.87958	5 4 1 0 0	(N(N(H(H(N(H)))(H(N(H(A)))))))	380	0 1 0 0 0;0 2 0 0 0;1 2 0 0 0;2 2 0 0 0;2 3 0 0 0;3 2 0 0 0;3 3 0 0 0;3 3 1 0 0;3 4 0 0 0;4 3 0 0 0;4 3 1 0 0;4 4 0 0 0;4 4 1 0 0;5 4 0 0 0;	1913.67702	7	23.46671	29.64252	11.99736	5	0.00225	0.61555	0.50000	0.66667	0.00000	0	0	11.99736	12.79604	24.74631	4.154265946580273e-13	0.0	4.154265946580273e-13	sp|P02790|HEMO_HUMAN	453
2020111CXY-6.17648.17648.5.0.dta	2020111CXY-6.17648.17648.5.0.dta	2020111CXY-6	17648	4899.88843	4720.90091	944.98600	5	1	QQQHLFGSJVTDCSGJFCLFR	13,Carbamidomethyl[C];18,Carbamidomethyl[C];	2515.12414	5 4 1 2 0	(N(F)(N(H(H(N(H(A))))(H(N(H(F)))))))	767	0 1 0 0 0;0 1 0 1 0;0 2 0 0 0;0 2 0 1 0;1 2 0 0 0;1 2 0 1 0;2 2 0 0 0;2 2 0 1 0;2 3 0 0 0;2 3 0 1 0;3 2 0 0 0;3 2 0 1 0;3 3 0 0 0;3 3 0 1 0;3 3 0 2 0;3 3 1 0 0;3 3 1 1 0;3 4 0 0 0;3 4 0 1 0;4 3 0 0 0;4 3 0 1 0;4 3 0 2 0;4 3 1 0 0;4 3 1 1 0;4 4 0 0 0;4 4 0 1 0;4 4 0 2 0;4 4 1 0 0;4 4 1 1 0;5 4 0 0 0;5 4 0 1 0;5 4 0 2 0;5 4 1 0 0;5 4 1 1 0;	2205.79284	9	23.75709	32.08777	8.28584	7	-0.01607	-3.40404	0.22222	0.65000	0.00000	0	0	8.28584	12.44132	25.00122	1.4357157435025846e-08	0.0	1.4357157435025846e-08	sp|P02787|TRFE_HUMAN	630
2020111CXY-6.4236.4236.3.0.dta	2020111CXY-6.4236.4236.3.0.dta	2020111CXY-6	4236	1114.14490	3381.24290	1127.75248	3	1	HJFSHCCSK	6,Carbamidomethyl[C];7,Carbamidomethyl[C];	1176.46732	5 4 2 0 0	(N(N(H(H(N(H(A))))(H(N(H(A)))))))	754	0 1 0 0 0;0 2 0 0 0;1 2 0 0 0;2 2 0 0 0;2 3 0 0 0;3 2 0 0 0;3 3 0 0 0;3 3 1 0 0;3 4 0 0 0;4 3 0 0 0;4 3 1 0 0;4 4 0 0 0;4 4 1 0 0;5 4 0 0 0;5 4 1 0 0;	2204.77244	2	2.71190	0.45274	6.90750	4	0.00313	0.92687	0.35294	0.12500	0.00000	0	0	6.90750	8.43038	3.55494	4.022136237268011e-07	0.0022002200220022	0.0022002200220022	sp|P43652|AFAM_HUMAN	109
2020111CXY-6.15872.15872.3.0.dta	2020111CXY-6.15872.15872.3.0.dta	2020111CXY-6	15872	4422.26551	3822.53768	1274.85074	3	1	GTAGNALMDGASQLMGEJR	8,Oxidation[M];	1908.85384	5 4 1 0 0	(N(N(H(H(N(H)))(H(N(H(A)))))))	380	0 1 0 0 0;0 2 0 0 0;1 2 0 0 0;2 2 0 0 0;2 3 0 0 0;3 2 0 0 0;3 3 0 0 0;3 3 1 0 0;3 4 0 0 0;4 3 0 0 0;4 3 1 0 0;4 4 0 0 0;4 4 1 0 0;5 4 0 0 0;	1913.67702	18	25.09534	37.85357	1.40149	3	0.00682	1.78298	0.18750	0.47222	0.00000	0	0	1.40149	9.36128	26.03147	0.006065678292496835	0.0	0.006065678292496835	sp|P02675|FIBB_HUMAN	394
2020111CXY-6.9689.9689.2.0.dta	2020111CXY-6.9689.9689.2.0.dta	2020111CXY-6	9689	2578.24960	2805.13773	1403.07250	2	1	EEQFJSTFR		1157.52218	3 5 0 1 0	(N(F)(N(H(N)(H(N))(H(N)))))	187	0 1 0 0 0;0 1 0 1 0;0 2 0 0 0;0 2 0 1 0;1 2 0 0 0;1 2 0 1 0;1 3 0 0 0;1 3 0 1 0;2 2 0 0 0;2 2 0 1 0;2 3 0 0 0;2 3 0 1 0;2 4 0 0 0;2 4 0 1 0;3 2 0 0 0;3 2 0 1 0;3 3 0 0 0;3 3 0 1 0;3 4 0 0 0;3 4 0 1 0;3 5 0 0 0;	1647.61324	5	53.88246	53.80312	54.02979	8	0.00231	0.82297	0.69565	0.93750	0.00000	0	0	54.02979	15.44137	55.42660	2.265785884804429e-71	0.0	2.265785884804429e-71	sp|P01859|IGHG2_HUMAN	176
2020111CXY-6.6088.6088.2.0.dta	2020111CXY-6.6088.6088.2.0.dta	2020111CXY-6	6088	1609.27187	2796.10112	1398.55420	2	1	EEQYJSTYR		1189.51199	4 4 0 1 0	(N(F)(N(H(H(N))(H(N(H))))))	158	0 1 0 0 0;0 1 0 1 0;0 2 0 0 0;0 2 0 1 0;1 2 0 0 0;1 2 0 1 0;2 2 0 0 0;2 2 0 1 0;2 3 0 0 0;2 3 0 1 0;3 2 0 0 0;3 2 0 1 0;3 3 0 0 0;3 3 0 1 0;3 4 0 0 0;3 4 0 1 0;4 3 0 0 0;4 3 0 1 0;4 4 0 0 0;	1606.58669	5	30.21138	25.02875	39.83626	9	0.00243	0.87037	0.52381	0.81250	0.00000	0	0	39.83626	11.29394	31.34077	8.569273021082847e-51	0.0	8.569273021082847e-51	sp|P01857|IGHG1_HUMAN	180
2020111CXY-6.4345.4345.3.0.dta	2020111CXY-6.4345.4345.3.0.dta	2020111CXY-6	4345	1143.17420	3053.26073	1018.42509	3	1	YKJNSDISSTR		1284.61786	5 4 0 1 0	(N(F)(N(H(H)(H(N(H))(N(H))))))	262	0 1 0 0 0;0 1 0 1 0;0 2 0 0 0;0 2 0 1 0;1 2 0 0 0;1 2 0 1 0;2 2 0 0 0;2 2 0 1 0;2 3 0 0 0;2 3 0 1 0;2 4 0 0 0;2 4 0 1 0;3 2 0 0 0;3 2 0 1 0;3 3 0 0 0;3 3 0 1 0;3 4 0 0 0;3 4 0 1 0;4 3 0 0 0;4 3 0 1 0;4 4 0 0 0;4 4 0 1 0;5 4 0 0 0;	1768.63952	3	45.74595	29.57000	75.78701	9	0.00336	1.09890	0.72000	0.85000	0.00000	0	0	75.78701	13.88320	47.13427	1.6381270776512008e-102	0.0	1.6381270776512008e-102	sp|P01871|IGHM_HUMAN	46
2020111CXY-6.5746.5746.2.0.dta	2020111CXY-6.5746.5746.2.0.dta	2020111CXY-6	5746	1518.70324	2650.04370	1325.52549	2	1	EEQYJSTYR		1189.51199	4 4 0 0 0	(N(N(H(H(N))(H(N(H))))))	98	0 1 0 0 0;0 2 0 0 0;1 2 0 0 0;2 2 0 0 0;2 3 0 0 0;3 2 0 0 0;3 3 0 0 0;3 4 0 0 0;4 3 0 0 0;	1460.52878	5	45.86894	47.81318	42.25820	7	0.00293	1.10506	0.81818	0.87500	0.00000	0	0	42.25820	12.73584	47.14252	2.767472725850358e-54	0.0	2.767472725850358e-54	sp|P01857|IGHG1_HUMAN	180
2020111CXY-6.7470.7470.2.0.dta	2020111CXY-6.7470.7470.2.0.dta	2020111CXY-6	7470	1981.04464	2780.10633	1390.55680	2	1	EEQFJSTYR		1173.51708	4 4 0 1 0	(N(N(H(H(N))(H(N(H(F)))))))	161	0 1 0 0 0;0 2 0 0 0;1 2 0 0 0;2 2 0 0 0;2 3 0 0 0;3 2 0 0 0;3 3 0 0 0;3 3 0 1 0;3 4 0 0 0;4 3 0 0 0;4 3 0 1 0;4 4 0 0 0;	1606.58669	5	45.79845	47.32692	42.95984	7	0.00256	0.91998	0.71429	1.00000	0.00000	0	0	42.95984	12.76235	47.07469	2.4442675533660862e-55	0.0	2.4442675533660862e-55	sp|P01861|IGHG4_HUMAN	177
2020111CXY-6.9876.9876.3.0.dta	2020111CXY-6.9876.9876.3.0.dta	2020111CXY-6	9876	2628.84968	2805.13990	935.71815	3	1	EEQFJSTFR		1157.52218	3 5 0 1 0	(N(N(H(N)(H(N(H))(N(F))))))	185	0 1 0 0 0;0 2 0 0 0;1 2 0 0 0;1 3 0 0 0;2 2 0 0 0;2 3 0 0 0;2 3 0 1 0;2 4 0 0 0;2 4 0 1 0;2 5 0 0 0;2 5 0 1 0;3 3 0 0 0;3 4 0 0 0;3 4 0 1 0;3 5 0 0 0;	1647.61324	5	7.85263	6.70060	9.99213	5	0.00448	1.59655	0.29412	0.50000	0.00000	0	0	9.99213	8.13608	8.66624	1.4744725133617573e-10	0.004250797024442083	0.004250797024442083	sp|P01859|IGHG2_HUMAN	176
2020111CXY-6.17187.17187.4.2.dta	2020111CXY-6.17187.17187.4.2.dta	2020111CXY-6	17187	4776.64916	4381.94541	1096.24181	4	1	VVLHPJYSQVDIGLIK		1795.01124	7 5 1 1 0	(N(N(H(N)(H(H)(H))(H(N(H)(F))(N(H(A)))))))	1369	0 1 0 0 0;0 2 0 0 0;1 2 0 0 0;1 3 0 0 0;2 2 0 0 0;2 3 0 0 0;2 3 0 1 0;2 4 0 0 0;2 4 0 1 0;2 5 0 0 0;2 5 0 1 0;3 2 0 0 0;3 3 0 0 0;3 3 0 1 0;3 3 1 0 0;3 4 0 0 0;3 4 0 1 0;3 4 1 0 0;3 4 1 1 0;3 5 0 0 0;3 5 0 1 0;3 5 1 0 0;3 5 1 1 0;4 2 0 0 0;4 3 0 0 0;4 3 0 1 0;4 3 1 0 0;4 4 0 0 0;4 4 0 1 0;4 4 1 0 0;4 4 1 1 0;4 5 0 0 0;4 5 0 1 0;4 5 1 0 0;4 5 1 1 0;5 2 0 0 0;5 3 0 0 0;5 3 0 1 0;5 3 1 0 0;5 4 0 0 0;5 4 0 1 0;5 4 1 0 0;5 4 1 1 0;5 5 0 0 0;5 5 0 1 0;5 5 1 0 0;5 5 1 1 0;6 3 0 0 0;6 3 0 1 0;6 3 1 0 0;6 4 0 0 0;6 4 0 1 0;6 4 1 0 0;6 4 1 1 0;6 5 0 0 0;6 5 0 1 0;6 5 1 0 0;6 5 1 1 0;7 4 0 0 0;7 4 0 1 0;7 4 1 0 0;7 4 1 1 0;7 5 0 0 0;7 5 0 1 0;7 5 1 0 0;	2586.91995	6	11.52379	15.50295	4.13392	4	0.01422	3.24566	0.13433	0.46667	0.00000	0	0	4.13392	8.26429	12.35022	0.0002501679881504746	0.0032258064516129032	0.0032258064516129032	sp|P00738|HPT_HUMAN	241
2020111CXY-6.15391.15391.3.0.dta	2020111CXY-6.15391.15391.3.0.dta	2020111CXY-6	15391	4291.90254	2825.15201	942.38885	3	1	JGSLFAFR		911.47338	5 4 1 0 0	(N(N(H(H(N(H)))(H(N(H(A)))))))	380	0 1 0 0 0;0 2 0 0 0;1 2 0 0 0;2 2 0 0 0;2 3 0 0 0;3 2 0 0 0;3 3 0 0 0;3 3 1 0 0;3 4 0 0 0;4 3 0 0 0;4 3 1 0 0;4 4 0 0 0;4 4 1 0 0;5 4 0 0 0;	1913.67702	1	37.51495	49.17542	15.85978	6	0.00161	0.56864	0.37500	1.28571	0.00000	0	0	15.85978	14.95928	39.01088	6.918165832190183e-18	0.0	6.918165832190183e-18	sp|P04004|VTNC_HUMAN	169
2020111CXY-6.10050.10050.3.0.dta	2020111CXY-6.10050.10050.3.0.dta	2020111CXY-6	10050	2675.97116	3881.58473	1294.53310	3	1	VTACHSSQPJATLYK	4,Carbamidomethyl[C];	1676.80607	5 4 2 0 0	(N(N(H(H(N(H(A))))(H(N(H(A)))))))	754	0 1 0 0 0;0 2 0 0 0;1 2 0 0 0;2 2 0 0 0;2 3 0 0 0;3 2 0 0 0;3 3 0 0 0;3 3 1 0 0;3 4 0 0 0;4 3 0 0 0;4 3 1 0 0;4 4 0 0 0;4 4 1 0 0;5 4 0 0 0;5 4 1 0 0;	2204.77244	10	63.26592	64.13868	61.64509	7	0.00622	1.60217	0.82353	0.82143	0.00000	0	0	61.64509	17.54178	65.02010	3.334225426834712e-82	0.0	3.334225426834712e-82	sp|P05543|THBG_HUMAN	36
2020111CXY-6.10897.10897.2.0.dta	2020111CXY-6.10897.10897.2.0.dta	2020111CXY-6	10897	2904.79167	3673.52891	1837.26809	2	1	VYKPSAGJNSLYR		1468.75428	5 4 2 0 0	(N(N(H(H(N(H(A))))(H(N(H(A)))))))	754	0 1 0 0 0;0 2 0 0 0;1 2 0 0 0;2 2 0 0 0;2 3 0 0 0;3 2 0 0 0;3 3 0 0 0;3 3 1 0 0;3 4 0 0 0;4 3 0 0 0;4 3 1 0 0;4 4 0 0 0;4 4 1 0 0;5 4 0 0 0;5 4 1 0 0;	2204.77244	8	22.82240	15.16003	37.05250	7	0.00219	0.59533	0.64706	0.50000	0.00000	0	0	37.05250	9.25409	23.74781	5.174393225671229e-47	0.0	5.174393225671229e-47	sp|P02749|APOH_HUMAN	162
2020111CXY-6.15565.15565.3.0.dta	2020111CXY-6.15565.15565.3.0.dta	2020111CXY-6	15565	4339.14513	3909.54746	1303.85400	3	1	AFGSNPJLTK		1048.54218	6 5 3 0 0	(N(N(H(H(N(H(A))))(H(N(H(A)))(N(H(A)))))))	1823	0 1 0 0 0;0 2 0 0 0;1 2 0 0 0;2 2 0 0 0;2 3 0 0 0;2 4 0 0 0;3 2 0 0 0;3 3 0 0 0;3 3 1 0 0;3 4 0 0 0;3 4 1 0 0;3 5 0 0 0;4 3 0 0 0;4 3 1 0 0;4 4 0 0 0;4 4 1 0 0;4 4 2 0 0;4 5 0 0 0;4 5 1 0 0;5 4 0 0 0;5 4 1 0 0;5 4 2 0 0;5 5 0 0 0;5 5 1 0 0;5 5 2 0 0;6 5 0 0 0;6 5 1 0 0;6 5 2 0 0;	2861.00005	7	22.69503	24.59698	19.16283	6	0.00522	1.33583	0.36667	0.66667	0.00000	0	0	19.16283	8.76198	23.57123	3.59355071705786e-22	0.0011389521640091116	0.0011389521640091116	sp|P22792|CPN2_HUMAN	74
2020111CXY-6.18689.18689.3.0.dta	2020111CXY-6.18689.18689.3.0.dta	2020111CXY-6	18689	5179.73408	4899.97875	1633.99777	3	1	ELPGVCJETMMALWEECKPCLK	6,Carbamidomethyl[C];17,Carbamidomethyl[C];20,Carbamidomethyl[C];	2695.20569	5 4 2 0 0	(N(N(H(H(N(H(A))))(H(N(H(A)))))))	754	0 1 0 0 0;0 2 0 0 0;1 2 0 0 0;2 2 0 0 0;2 3 0 0 0;3 2 0 0 0;3 3 0 0 0;3 3 1 0 0;3 4 0 0 0;4 3 0 0 0;4 3 1 0 0;4 4 0 0 0;4 4 1 0 0;5 4 0 0 0;5 4 1 0 0;	2204.77244	7	31.68809	45.16710	6.65564	5	0.00062	0.12632	0.29412	0.69048	0.00000	0	0	6.65564	15.99938	33.28803	6.121698832359625e-07	0.0	6.121698832359625e-07	sp|P10909|CLUS_HUMAN	103
2020111CXY-6.9717.9717.2.0.dta	2020111CXY-6.9717.9717.2.0.dta	2020111CXY-6	9717	2585.86302	3071.20218	1536.10473	2	1	EEQFJSTYR		1173.51708	4 4 1 1 0	(N(F)(N(H(H(N))(H(N(H(A)))))))	369	0 1 0 0 0;0 1 0 1 0;0 2 0 0 0;0 2 0 1 0;1 2 0 0 0;1 2 0 1 0;2 2 0 0 0;2 2 0 1 0;2 3 0 0 0;2 3 0 1 0;3 2 0 0 0;3 2 0 1 0;3 3 0 0 0;3 3 0 1 0;3 3 1 0 0;3 3 1 1 0;3 4 0 0 0;3 4 0 1 0;4 3 0 0 0;4 3 0 1 0;4 3 1 0 0;4 3 1 1 0;4 4 0 0 0;4 4 0 1 0;4 4 1 0 0;	1897.68211	5	27.55453	25.01471	32.27136	9	0.00299	0.97327	0.44444	0.81250	0.00000	0	0	32.27136	11.55982	28.71051	2.2920371992788197e-40	0.0	2.2920371992788197e-40	sp|P01861|IGHG4_HUMAN	177
2020111CXY-6.17623.17623.4.0.dta	2020111CXY-6.17623.17623.4.0.dta	2020111CXY-6	17623	4893.15248	4719.90222	1180.73101	4	1	QQQHLFGSJVTDCSGJFCLFR	13,Carbamidomethyl[C];18,Carbamidomethyl[C];	2515.12414	5 4 2 0 0	(N(N(H(H(N(H(A))))(H(N(H(A)))))))	754	0 1 0 0 0;0 2 0 0 0;1 2 0 0 0;2 2 0 0 0;2 3 0 0 0;3 2 0 0 0;3 3 0 0 0;3 3 1 0 0;3 4 0 0 0;4 3 0 0 0;4 3 1 0 0;4 4 0 0 0;4 4 1 0 0;5 4 0 0 0;5 4 1 0 0;	2204.77244	9	42.94754	57.24182	16.40102	6	0.00564	1.19493	0.35294	0.72500	0.00000	0	0	16.40102	18.89389	44.83693	1.421319653468669e-18	0.0	1.421319653468669e-18	sp|P02787|TRFE_HUMAN	630
2020111CXY-6.9037.9037.3.2.dta	2020111CXY-6.9037.9037.3.2.dta	2020111CXY-6	9037	2403.18746	2616.03739	872.68398	3	1	TPLKJGSSCK	9,Carbamidomethyl[C];	1091.55137	2 4 0 1 1	(N(N(H(pH(N(H))(N(F))))))	3376	0 1 0 0 0;0 2 0 0 0;1 2 0 0 0;1 2 0 0 1;1 3 0 0 1;1 3 0 1 1;1 4 0 0 1;1 4 0 1 1;2 3 0 0 1;2 4 0 0 1;	1524.50020	5	8.05278	11.71216	1.25679	2	-0.01418	-5.41885	0.16667	0.44444	0.00000	0	0	1.25679	8.92618	8.94540	0.006947058333604156	0.0011389521640091116	0.006947058333604156	sp|Q96PU4|UHRF2_HUMAN	167
2020111CXY-6.16235.16235.3.0.dta	2020111CXY-6.16235.16235.3.0.dta	2020111CXY-6	16235	4520.61153	3755.50418	1252.50624	3	1	SWPAVGJCSSALR	8,Carbamidomethyl[C];	1404.66886	5 4 2 1 0	(N(F)(N(H(H(N(H(A))))(H(N(H(A)))))))	991	0 1 0 0 0;0 1 0 1 0;0 2 0 0 0;0 2 0 1 0;1 2 0 0 0;1 2 0 1 0;2 2 0 0 0;2 2 0 1 0;2 3 0 0 0;2 3 0 1 0;3 2 0 0 0;3 2 0 1 0;3 3 0 0 0;3 3 0 1 0;3 3 1 0 0;3 3 1 1 0;3 4 0 0 0;3 4 0 1 0;4 3 0 0 0;4 3 0 1 0;4 3 1 0 0;4 3 1 1 0;4 4 0 0 0;4 4 0 1 0;4 4 1 0 0;4 4 1 1 0;5 4 0 0 0;5 4 0 1 0;5 4 1 0 0;5 4 1 1 0;5 4 2 0 0;	2350.83035	7	59.77068	67.07197	46.21115	8	0.00497	1.32397	0.54545	0.95833	0.00000	0	0	46.21115	14.69198	61.23988	6.980771728598033e-60	0.0	6.980771728598033e-60	sp|P02790|HEMO_HUMAN	187
2020111CXY-6.18850.18850.3.0.dta	2020111CXY-6.18850.18850.3.0.dta	2020111CXY-6	18850	5223.25409	3694.58949	1232.20135	3	1	DLQSLEDILHQVEJK		1780.90757	5 4 1 0 0	(N(N(H(H(N(H)))(H(N(H(A)))))))	380	0 1 0 0 0;0 2 0 0 0;1 2 0 0 0;2 2 0 0 0;2 3 0 0 0;3 2 0 0 0;3 3 0 0 0;3 3 1 0 0;3 4 0 0 0;4 3 0 0 0;4 3 1 0 0;4 4 0 0 0;4 4 1 0 0;5 4 0 0 0;	1913.67702	14	63.17625	65.02020	59.75177	7	0.00489	1.32450	0.75000	0.75000	0.00000	0	0	59.75177	16.84124	64.86037	2.1318496752448803e-79	0.0	2.1318496752448803e-79	sp|P02679|FIBG_HUMAN	78
2020111CXY-6.6179.6179.2.0.dta	2020111CXY-6.6179.6179.2.0.dta	2020111CXY-6	6179	1633.62940	2999.18026	1500.09377	2	1	EEQYJSTYR		1189.51199	4 5 0 1 0	(N(N(H(N)(H(N(H))(N(H)(F))))))	293	0 1 0 0 0;0 2 0 0 0;1 2 0 0 0;1 3 0 0 0;2 2 0 0 0;2 3 0 0 0;2 3 0 1 0;2 4 0 0 0;2 4 0 1 0;2 5 0 0 0;2 5 0 1 0;3 3 0 0 0;3 3 0 1 0;3 4 0 0 0;3 4 0 1 0;3 5 0 0 0;3 5 0 1 0;4 4 0 0 0;4 4 0 1 0;4 5 0 0 0;	1809.66607	5	19.33798	22.56848	13.33847	5	0.00221	0.73524	0.31818	0.75000	0.00000	0	0	13.33847	11.15854	20.45383	1.2929251925675713e-14	0.0	1.2929251925675713e-14	sp|P01857|IGHG1_HUMAN	180
2020111CXY-6.6179.6179.2.1.dta	2020111CXY-6.6179.6179.2.1.dta	2020111CXY-6	6179	1633.62940	3001.11522	1501.06125	2	1	NEEYJK		796.34716	5 4 2 0 0	(N(N(H(H(N(H(A))))(H(N(H(A)))))))	754	0 1 0 0 0;0 2 0 0 0;1 2 0 0 0;2 2 0 0 0;2 3 0 0 0;3 2 0 0 0;3 3 0 0 0;3 3 1 0 0;3 4 0 0 0;4 3 0 0 0;4 3 1 0 0;4 4 0 0 0;4 4 1 0 0;5 4 0 0 0;5 4 1 0 0;	2204.77244	5	35.49254	48.16727	11.95375	6	-0.00438	-1.46080	0.35294	1.20000	0.00000	0	0	11.95375	12.30066	36.72261	4.630743797241773e-13	0.0	4.630743797241773e-13	sp|P02763|A1AG1_HUMAN/sp|P19652|A1AG2_HUMAN	56/56
2020111CXY-6.15743.15743.3.0.dta	2020111CXY-6.15743.15743.3.0.dta	2020111CXY-6	15743	4387.62278	3237.28849	1079.76768	3	1	JWSLPNR		886.45297	5 4 2 1 0	(N(F)(N(H(H(N(H(A))))(H(N(H(A)))))))	991	0 1 0 0 0;0 1 0 1 0;0 2 0 0 0;0 2 0 1 0;1 2 0 0 0;1 2 0 1 0;2 2 0 0 0;2 2 0 1 0;2 3 0 0 0;2 3 0 1 0;3 2 0 0 0;3 2 0 1 0;3 3 0 0 0;3 3 0 1 0;3 3 1 0 0;3 3 1 1 0;3 4 0 0 0;3 4 0 1 0;4 3 0 0 0;4 3 0 1 0;4 3 1 0 0;4 3 1 1 0;4 4 0 0 0;4 4 0 1 0;4 4 1 0 0;4 4 1 1 0;5 4 0 0 0;5 4 0 1 0;5 4 1 0 0;5 4 1 1 0;5 4 2 0 0;	2350.83035	1	13.87694	18.04186	6.14208	6	0.00516	1.59521	0.21212	0.91667	0.00000	0	0	6.14208	10.62643	14.93958	2.0774980817411057e-06	0.0	2.0774980817411057e-06	sp|P55058|PLTP_HUMAN	245
2020111CXY-6.17774.17774.3.0.dta	2020111CXY-6.17774.17774.3.0.dta	2020111CXY-6	17774	4933.80440	3649.55944	1217.19133	3	1	ALPQPQJVTSLLGCTH	14,Carbamidomethyl[C];	1735.87958	5 4 1 0 0	(N(N(H(H(N(H)))(H(N(H(A)))))))	380	0 1 0 0 0;0 2 0 0 0;1 2 0 0 0;2 2 0 0 0;2 3 0 0 0;3 2 0 0 0;3 3 0 0 0;3 3 1 0 0;3 4 0 0 0;4 3 0 0 0;4 3 1 0 0;4 4 0 0 0;4 4 1 0 0;5 4 0 0 0;	1913.67702	7	14.02015	20.56235	1.87035	3	0.00283	0.77585	0.25000	0.60000	0.00000	0	0	1.87035	9.13066	14.93322	0.004234451295755125	0.0011389521640091116	0.004585547426123952	sp|P02790|HEMO_HUMAN	453
2020111CXY-6.18744.18744.3.0.dta	2020111CXY-6.18744.18744.3.0.dta	2020111CXY-6	18744	5194.61953	3649.56120	1217.19192	3	1	ALPQPQJVTSLLGCTH	14,Carbamidomethyl[C];	1735.87958	5 4 1 0 0	(N(N(H(H(N(H)))(H(N(H(A)))))))	380	0 1 0 0 0;0 2 0 0 0;1 2 0 0 0;2 2 0 0 0;2 3 0 0 0;3 2 0 0 0;3 3 0 0 0;3 3 1 0 0;3 4 0 0 0;4 3 0 0 0;4 3 1 0 0;4 4 0 0 0;4 4 1 0 0;5 4 0 0 0;	1913.67702	7	19.27312	25.81572	7.12257	4	0.00460	1.25919	0.43750	0.66667	0.00000	0	0	7.12257	10.92801	20.36592	1.9450010704983028e-07	0.0	1.9450010704983028e-07	sp|P02790|HEMO_HUMAN	453
2020111CXY-6.11892.11892.3.0.dta	2020111CXY-6.11892.11892.3.0.dta	2020111CXY-6	11892	3172.39552	3298.24755	1100.08737	3	1	EEQFJSTFR		1157.52218	4 4 0 3 1	(N(F)(N(H(H(N(pH)))(H(N(F)(H(F)))))))	5716	0 1 0 0 0;0 1 0 1 0;0 2 0 0 0;0 2 0 1 0;1 2 0 0 0;1 2 0 1 0;2 2 0 0 0;2 2 0 1 0;2 3 0 0 0;2 3 0 0 1;2 3 0 1 0;2 3 0 1 1;2 3 0 2 0;3 2 0 0 0;3 2 0 1 0;3 3 0 0 0;3 3 0 0 1;3 3 0 1 0;3 3 0 1 1;3 3 0 2 0;3 3 0 3 0;3 4 0 0 0;3 4 0 0 1;3 4 0 1 0;3 4 0 1 1;3 4 0 2 0;3 4 0 2 1;4 3 0 0 0;4 3 0 1 0;4 3 0 2 0;4 3 0 3 0;4 4 0 0 0;4 4 0 0 1;4 4 0 1 0;4 4 0 1 1;4 4 0 2 0;4 4 0 2 1;4 4 0 3 0;	2140.72166	5	9.15554	12.60390	2.75145	4	0.00370	1.12290	0.17500	0.62500	0.00000	0	0	2.75145	8.74292	10.02983	0.002070521053054752	0.0011389521640091116	0.002070521053054752	sp|P01859|IGHG2_HUMAN	176
2020111CXY-6.19516.19516.3.0.dta	2020111CXY-6.19516.19516.3.0.dta	2020111CXY-6	19516	5399.75052	3960.67036	1320.89497	3	1	YLGJATAIFFLPDEGK		1755.89521	5 4 2 0 0	(N(N(H(H(N(H(A))))(H(N(H(A)))))))	754	0 1 0 0 0;0 2 0 0 0;1 2 0 0 0;2 2 0 0 0;2 3 0 0 0;3 2 0 0 0;3 3 0 0 0;3 3 1 0 0;3 4 0 0 0;4 3 0 0 0;4 3 1 0 0;4 4 0 0 0;4 4 1 0 0;5 4 0 0 0;5 4 1 0 0;	2204.77244	4	21.41728	23.58234	17.39644	6	0.00271	0.68472	0.52941	0.60000	0.00000	0	0	17.39644	13.58430	22.77571	5.2970414605042965e-20	0.0	5.2970414605042965e-20	sp|P01009|A1AT_HUMAN	271
2020111CXY-6.10710.10710.2.0.dta	2020111CXY-6.10710.10710.2.0.dta	2020111CXY-6	10710	2854.52270	3203.21048	1602.10888	2	1	MFSQJDTR		998.43601	5 4 2 0 0	(N(N(H(H(N(H(A))))(H(N(H(A)))))))	754	0 1 0 0 0;0 2 0 0 0;1 2 0 0 0;2 2 0 0 0;2 3 0 0 0;3 2 0 0 0;3 3 0 0 0;3 3 1 0 0;3 4 0 0 0;4 3 0 0 0;4 3 1 0 0;4 4 0 0 0;4 4 1 0 0;5 4 0 0 0;5 4 1 0 0;	2204.77244	5	9.21343	7.28775	12.78969	6	0.00204	0.63623	0.41176	0.50000	0.00000	0	0	12.78969	8.62242	10.07567	6.503000460744762e-14	0.0022002200220022	0.0022002200220022	sp|P02750|A2GL_HUMAN	325
2020111CXY-6.6021.6021.2.0.dta	2020111CXY-6.6021.6021.2.0.dta	2020111CXY-6	6021	1591.80867	2958.15405	1479.58066	2	1	EEQYJSTYR		1189.51199	5 4 0 1 0	(N(N(H(H(N(H)))(H(N(H(F)))))))	264	0 1 0 0 0;0 2 0 0 0;1 2 0 0 0;2 2 0 0 0;2 3 0 0 0;3 2 0 0 0;3 3 0 0 0;3 3 0 1 0;3 4 0 0 0;4 3 0 0 0;4 3 0 1 0;4 4 0 0 0;4 4 0 1 0;5 4 0 0 0;	1768.63952	5	16.50003	16.20485	17.04822	6	0.00254	0.85872	0.43750	0.68750	0.00000	0	0	17.04822	10.40578	17.54061	1.5067406510512558e-19	0.0	1.5067406510512558e-19	sp|P01857|IGHG1_HUMAN	180
2020111CXY-6.17273.17273.3.0.dta	2020111CXY-6.17273.17273.3.0.dta	2020111CXY-6	17273	4799.33975	3425.40223	1142.47226	3	1	JFTENDLLVR		1220.62698	5 4 2 0 0	(N(N(H(H(N(H(A))))(H(N(H(A)))))))	754	0 1 0 0 0;0 2 0 0 0;1 2 0 0 0;2 2 0 0 0;2 3 0 0 0;3 2 0 0 0;3 3 0 0 0;3 3 1 0 0;3 4 0 0 0;4 3 0 0 0;4 3 1 0 0;4 4 0 0 0;4 4 1 0 0;5 4 0 0 0;5 4 1 0 0;	2204.77244	1	37.25933	47.93548	17.43220	6	0.00281	0.82062	0.41176	1.11111	0.00000	0	0	17.43220	15.20774	38.78010	4.8517072042074723e-20	0.0	4.8517072042074723e-20	sp|P00734|THRB_HUMAN	416
2020111CXY-6.18006.18006.3.0.dta	2020111CXY-6.18006.18006.3.0.dta	2020111CXY-6	18006	4996.38630	4097.63590	1366.55015	3	1	GTAGNALMDGASQLMGEJR		1892.85892	5 4 2 0 0	(N(N(H(H(N(H(A))))(H(N(H(A)))))))	754	0 1 0 0 0;0 2 0 0 0;1 2 0 0 0;2 2 0 0 0;2 3 0 0 0;3 2 0 0 0;3 3 0 0 0;3 3 1 0 0;3 4 0 0 0;4 3 0 0 0;4 3 1 0 0;4 4 0 0 0;4 4 1 0 0;5 4 0 0 0;5 4 1 0 0;	2204.77244	18	42.27008	50.39841	27.17460	7	0.00454	1.10746	0.47059	0.58333	0.00000	0	0	27.17460	13.32872	43.60295	5.6440776243125824e-33	0.0	5.6440776243125824e-33	sp|P02675|FIBB_HUMAN	394
2020111CXY-6.7362.7362.2.0.dta	2020111CXY-6.7362.7362.2.0.dta	2020111CXY-6	7362	1952.04207	2584.11538	1292.56133	2	1	TLLJASR		774.44683	4 5 0 1 0	(N(F)(N(H(N)(H(N(H))(N(H))))))	291	0 1 0 0 0;0 1 0 1 0;0 2 0 0 0;0 2 0 1 0;1 2 0 0 0;1 2 0 1 0;1 3 0 0 0;1 3 0 1 0;2 2 0 0 0;2 2 0 1 0;2 3 0 0 0;2 3 0 1 0;2 4 0 0 0;2 4 0 1 0;2 5 0 0 0;2 5 0 1 0;3 3 0 0 0;3 3 0 1 0;3 4 0 0 0;3 4 0 1 0;3 5 0 0 0;3 5 0 1 0;4 4 0 0 0;4 4 0 1 0;4 5 0 0 0;	1809.66607	4	16.50633	11.04413	26.65042	8	0.00249	0.96169	0.48148	0.66667	0.00000	0	0	26.65042	9.75241	17.48157	2.46248230198888e-32	0.0	2.46248230198888e-32	sp|P01880|IGHD_HUMAN	367
2020111CXY-6.16580.16580.4.0.dta	2020111CXY-6.16580.16580.4.0.dta	2020111CXY-6	16580	4613.58166	3823.56448	956.64658	4	1	GTAGNALMDGASQLMGEJR		1892.85892	6 4 0 1 0	(N(N(H(H(H))(H(N(H))(N(H)(F))))))	399	0 1 0 0 0;0 2 0 0 0;1 2 0 0 0;2 2 0 0 0;2 3 0 0 0;2 3 0 1 0;2 4 0 0 0;2 4 0 1 0;3 2 0 0 0;3 3 0 0 0;3 3 0 1 0;3 4 0 0 0;3 4 0 1 0;4 2 0 0 0;4 3 0 0 0;4 3 0 1 0;4 4 0 0 0;4 4 0 1 0;5 3 0 0 0;5 3 0 1 0;5 4 0 0 0;5 4 0 1 0;6 4 0 0 0;	1930.69234	18	58.78739	77.63387	23.78678	7	0.01321	3.45588	0.36000	0.72222	0.00000	0	0	23.78678	19.63350	60.75074	1.46154611516598e-28	0.0	1.46154611516598e-28	sp|P02675|FIBB_HUMAN	394
2020111CXY-6.9100.9100.3.0.dta	2020111CXY-6.9100.9100.3.0.dta	2020111CXY-6	9100	2420.09157	3674.37826	1225.46427	3	1	NEEYJK		796.34716	7 5 2 1 0	(N(N(H(N)(H(H)(H))(H(N(H(A)))(N(F)(H(A)))))))	1849	0 1 0 0 0;0 2 0 0 0;1 2 0 0 0;1 3 0 0 0;2 2 0 0 0;2 3 0 0 0;2 3 0 1 0;2 4 0 0 0;2 4 0 1 0;2 5 0 0 0;2 5 0 1 0;3 2 0 0 0;3 3 0 0 0;3 3 0 1 0;3 3 1 0 0;3 3 1 1 0;3 4 0 0 0;3 4 0 1 0;3 4 1 0 0;3 4 1 1 0;3 5 0 0 0;3 5 0 1 0;3 5 1 0 0;3 5 1 1 0;4 2 0 0 0;4 3 0 0 0;4 3 0 1 0;4 3 1 0 0;4 3 1 1 0;4 4 0 0 0;4 4 0 1 0;4 4 1 0 0;4 4 1 1 0;4 4 2 0 0;4 4 2 1 0;4 5 0 0 0;4 5 0 1 0;4 5 1 0 0;4 5 1 1 0;4 5 2 0 0;4 5 2 1 0;5 2 0 0 0;5 3 0 0 0;5 3 0 1 0;5 3 1 0 0;5 3 1 1 0;5 4 0 0 0;5 4 0 1 0;5 4 1 0 0;5 4 1 1 0;5 4 2 0 0;5 4 2 1 0;5 5 0 0 0;5 5 0 1 0;5 5 1 0 0;5 5 1 1 0;5 5 2 0 0;5 5 2 1 0;6 3 0 0 0;6 3 0 1 0;6 3 1 0 0;6 3 1 1 0;6 4 0 0 0;6 4 0 1 0;6 4 1 0 0;6 4 1 1 0;6 4 2 0 0;6 4 2 1 0;6 5 0 0 0;6 5 0 1 0;6 5 1 0 0;6 5 1 1 0;6 5 2 0 0;6 5 2 1 0;7 4 0 0 0;7 4 0 1 0;7 4 1 0 0;7 4 1 1 0;7 4 2 0 0;7 4 2 1 0;7 5 0 0 0;7 5 0 1 0;7 5 1 0 0;7 5 1 1 0;7 5 2 0 0;	2878.01537	5	28.58037	37.87621	11.31667	7	0.01572	4.27903	0.11494	1.20000	0.00000	0	0	11.31667	10.57042	29.63741	4.016003538161319e-12	0.0	4.016003538161319e-12	sp|P02763|A1AG1_HUMAN/sp|P19652|A1AG2_HUMAN	56/56
2020111CXY-6.10000.10000.3.0.dta	2020111CXY-6.10000.10000.3.0.dta	2020111CXY-6	10000	2662.64680	2995.30520	999.10658	3	1	QSVPAHFVALJGSK		1454.77504	7 2 0 0 0	(N(N(H(H)(H(H(H))(H(H))))))	122	0 1 0 0 0;0 2 0 0 0;1 2 0 0 0;2 2 0 0 0;3 2 0 0 0;4 2 0 0 0;5 2 0 0 0;6 2 0 0 0;	1540.52851	11	38.63029	42.71612	31.04233	6	0.00165	0.55060	0.80000	0.76923	0.00000	0	0	31.04233	11.85443	39.81573	1.6560975352081004e-38	0.0	1.6560975352081004e-38	sp|P06681|CO2_HUMAN	621
2020111CXY-6.15487.15487.3.0.dta	2020111CXY-6.15487.15487.3.0.dta	2020111CXY-6	15487	4317.86099	3579.44976	1193.82144	3	1	EJISDPTSPLR		1228.61681	5 4 2 1 0	(N(F)(N(H(H(N(H(A))))(H(N(H(A)))))))	991	0 1 0 0 0;0 1 0 1 0;0 2 0 0 0;0 2 0 1 0;1 2 0 0 0;1 2 0 1 0;2 2 0 0 0;2 2 0 1 0;2 3 0 0 0;2 3 0 1 0;3 2 0 0 0;3 2 0 1 0;3 3 0 0 0;3 3 0 1 0;3 3 1 0 0;3 3 1 1 0;3 4 0 0 0;3 4 0 1 0;4 3 0 0 0;4 3 0 1 0;4 3 1 0 0;4 3 1 1 0;4 4 0 0 0;4 4 0 1 0;4 4 1 0 0;4 4 1 1 0;5 4 0 0 0;5 4 0 1 0;5 4 1 0 0;5 4 1 1 0;5 4 2 0 0;	2350.83035	2	15.38860	12.81784	20.16286	8	0.00261	0.72921	0.33333	0.60000	0.00000	0	0	20.16286	8.71156	16.25976	1.2870189681335405e-23	0.0011389521640091116	0.0011389521640091116	sp|P01591|IGJ_HUMAN	71
2020111CXY-6.9800.9800.3.0.dta	2020111CXY-6.9800.9800.3.0.dta	2020111CXY-6	9800	2608.10301	2805.13880	935.71778	3	1	EEQFJSTFR		1157.52218	3 5 0 1 0	(N(F)(N(H(N)(H(N)(N(H))))))	184	0 1 0 0 0;0 1 0 1 0;0 2 0 0 0;0 2 0 1 0;1 2 0 0 0;1 2 0 1 0;1 3 0 0 0;1 3 0 1 0;2 2 0 0 0;2 2 0 1 0;2 3 0 0 0;2 3 0 1 0;2 4 0 0 0;2 4 0 1 0;2 5 0 0 0;2 5 0 1 0;3 3 0 0 0;3 3 0 1 0;3 4 0 0 0;3 4 0 1 0;3 5 0 0 0;	1647.61324	5	29.33147	24.20162	38.85835	8	0.00338	1.20513	0.52174	0.87500	0.00000	0	0	38.85835	10.56168	30.38764	1.811591520144953e-49	0.0	1.811591520144953e-49	sp|P01859|IGHG2_HUMAN	176
2020111CXY-6.16171.16171.3.0.dta	2020111CXY-6.16171.16171.3.0.dta	2020111CXY-6	16171	4503.37344	3854.75237	1285.58897	3	1	VVLHPJYSQVDIGLIK		1795.01124	5 4 1 1 0	(N(N(H(H(N(H)(F)))(H(N(H(A)))))))	550	0 1 0 0 0;0 2 0 0 0;1 2 0 0 0;2 2 0 0 0;2 3 0 0 0;2 3 0 1 0;3 2 0 0 0;3 3 0 0 0;3 3 0 1 0;3 3 1 0 0;3 4 0 0 0;3 4 0 1 0;4 3 0 0 0;4 3 0 1 0;4 3 1 0 0;4 4 0 0 0;4 4 0 1 0;4 4 1 0 0;4 4 1 1 0;5 4 0 0 0;5 4 0 1 0;5 4 1 0 0;	2059.73493	6	43.92632	46.29537	39.52666	7	0.00620	1.60754	0.54167	0.70000	0.00000	0	0	39.52666	13.26043	45.25236	2.049595407387345e-50	0.0	2.049595407387345e-50	sp|P00738|HPT_HUMAN	241
2020111CXY-6.9599.9599.3.0.dta	2020111CXY-6.9599.9599.3.0.dta	2020111CXY-6	9599	2553.79974	2764.11113	922.04189	3	1	EEQFJSTFR		1157.52218	4 4 0 1 0	(N(N(H(H(N(H))(N(H)(F))))))	164	0 1 0 0 0;0 2 0 0 0;1 2 0 0 0;2 2 0 0 0;2 3 0 0 0;2 3 0 1 0;2 4 0 0 0;2 4 0 1 0;3 3 0 0 0;3 3 0 1 0;3 4 0 0 0;3 4 0 1 0;4 4 0 0 0;	1606.58669	5	17.54407	13.32903	25.37200	6	0.00226	0.81749	0.46667	0.56250	0.00000	0	0	25.37200	8.76646	18.42072	1.7393776472531547e-30	0.0011389521640091116	0.0011389521640091116	sp|P01859|IGHG2_HUMAN	176
2020111CXY-6.11376.11376.3.0.dta	2020111CXY-6.11376.11376.3.0.dta	2020111CXY-6	11376	3034.31366	3018.29516	1006.76990	3	1	TPLTAJITK		958.55677	5 4 1 1 0	(N(F)(N(H(H(N(H)))(H(N(H(A)))))))	549	0 1 0 0 0;0 1 0 1 0;0 2 0 0 0;0 2 0 1 0;1 2 0 0 0;1 2 0 1 0;2 2 0 0 0;2 2 0 1 0;2 3 0 0 0;2 3 0 1 0;3 2 0 0 0;3 2 0 1 0;3 3 0 0 0;3 3 0 1 0;3 3 1 0 0;3 3 1 1 0;3 4 0 0 0;3 4 0 1 0;4 3 0 0 0;4 3 0 1 0;4 3 1 0 0;4 3 1 1 0;4 4 0 0 0;4 4 0 1 0;4 4 1 0 0;4 4 1 1 0;5 4 0 0 0;5 4 0 1 0;5 4 1 0 0;	2059.73493	6	92.16191	109.53943	59.88938	9	0.00345	1.14425	0.54839	1.43750	0.00000	0	0	59.88938	19.24302	94.08621	1.3260596193437316e-79	0.0	1.3260596193437316e-79	sp|P01877|IGHA2_HUMAN	205
2020111CXY-6.18475.18475.4.0.dta	2020111CXY-6.18475.18475.4.0.dta	2020111CXY-6	18475	5122.30345	6284.55848	1571.89508	4	1	HGIQYFNJNTQHSSLFMLNEVK		2621.25652	7 6 4 1 0	(N(F)(N(H(H(N(H(A(N(H(A)))))))(H(N(H(A(N(H(A))))))))))	2774	0 1 0 0 0;0 1 0 1 0;0 2 0 0 0;0 2 0 1 0;1 2 0 0 0;1 2 0 1 0;2 2 0 0 0;2 2 0 1 0;2 3 0 0 0;2 3 0 1 0;3 2 0 0 0;3 2 0 1 0;3 3 0 0 0;3 3 0 1 0;3 3 1 0 0;3 3 1 1 0;3 4 0 0 0;3 4 0 1 0;3 4 1 0 0;3 4 1 1 0;4 3 0 0 0;4 3 0 1 0;4 3 1 0 0;4 3 1 1 0;4 4 0 0 0;4 4 0 1 0;4 4 1 0 0;4 4 1 1 0;4 4 2 0 0;4 4 2 1 0;4 5 1 0 0;4 5 1 1 0;5 4 0 0 0;5 4 0 1 0;5 4 1 0 0;5 4 1 1 0;5 4 2 0 0;5 4 2 1 0;5 5 1 0 0;5 5 1 1 0;5 5 2 0 0;5 5 2 1 0;5 6 2 0 0;5 6 2 1 0;6 5 1 0 0;6 5 1 1 0;6 5 2 0 0;6 5 2 1 0;6 5 3 0 0;6 5 3 1 0;6 6 2 0 0;6 6 2 1 0;6 6 3 0 0;6 6 3 1 0;7 6 2 0 0;7 6 2 1 0;7 6 3 0 0;7 6 3 1 0;7 6 4 0 0;	3663.28557	8	16.94818	24.12094	3.62733	5	0.01638	2.60689	0.11475	0.52381	0.00000	0	0	3.62733	12.15863	18.16404	0.0005294780897581339	0.0	0.0005294780897581339	sp|P01042|KNG1_HUMAN	169
2020111CXY-6.13758.13758.3.0.dta	2020111CXY-6.13758.13758.3.0.dta	2020111CXY-6	13758	3811.72323	3309.39404	1103.80286	3	1	TPLTAJITK		958.55677	5 4 2 1 0	(N(F)(N(H(H(N(H(A))))(H(N(H(A)))))))	991	0 1 0 0 0;0 1 0 1 0;0 2 0 0 0;0 2 0 1 0;1 2 0 0 0;1 2 0 1 0;2 2 0 0 0;2 2 0 1 0;2 3 0 0 0;2 3 0 1 0;3 2 0 0 0;3 2 0 1 0;3 3 0 0 0;3 3 0 1 0;3 3 1 0 0;3 3 1 1 0;3 4 0 0 0;3 4 0 1 0;4 3 0 0 0;4 3 0 1 0;4 3 1 0 0;4 3 1 1 0;4 4 0 0 0;4 4 0 1 0;4 4 1 0 0;4 4 1 1 0;5 4 0 0 0;5 4 0 1 0;5 4 1 0 0;5 4 1 1 0;5 4 2 0 0;	2350.83035	6	83.62639	97.72865	57.43649	9	0.00691	2.08925	0.54545	1.31250	0.00000	0	0	57.43649	18.28452	85.45484	6.160116252011504e-76	0.0	6.160116252011504e-76	sp|P01877|IGHA2_HUMAN	205
2020111CXY-6.17411.17411.5.0.dta	2020111CXY-6.17411.17411.5.0.dta	2020111CXY-6	17411	4836.71617	4037.76533	808.35889	5	1	VDKDLQSLEDILHQVEJK		2123.09789	5 4 0 2 0	(N(N(H(H(N(H(F))))(H(N(H(F)))))))	384	0 1 0 0 0;0 2 0 0 0;1 2 0 0 0;2 2 0 0 0;2 3 0 0 0;3 2 0 0 0;3 3 0 0 0;3 3 0 1 0;3 4 0 0 0;4 3 0 0 0;4 3 0 1 0;4 4 0 0 0;4 4 0 1 0;5 4 0 0 0;5 4 0 1 0;	1914.69742	17	65.22483	85.88646	26.85321	7	-0.02999	-7.42678	0.41176	0.94118	0.00000	0	0	26.85321	17.42468	66.96730	1.204251228446724e-32	0.0	1.204251228446724e-32	sp|P02679|FIBG_HUMAN	78
2020111CXY-6.17198.17198.3.0.dta	2020111CXY-6.17198.17198.3.0.dta	2020111CXY-6	17198	4779.59990	3407.45901	1136.49119	3	1	CGLVPVLAENYJK	1,Carbamidomethyl[C];	1476.75152	6 4 0 1 0	(N(N(H(H(H))(H(N(H))(N(H)(F))))))	399	0 1 0 0 0;0 2 0 0 0;1 2 0 0 0;2 2 0 0 0;2 3 0 0 0;2 3 0 1 0;2 4 0 0 0;2 4 0 1 0;3 2 0 0 0;3 3 0 0 0;3 3 0 1 0;3 4 0 0 0;3 4 0 1 0;4 2 0 0 0;4 3 0 0 0;4 3 0 1 0;4 4 0 0 0;4 4 0 1 0;5 3 0 0 0;5 3 0 1 0;5 4 0 0 0;5 4 0 1 0;6 4 0 0 0;	1930.69234	12	20.93762	31.18854	1.90018	3	0.01515	4.44577	0.16000	0.70833	0.00000	0	0	1.90018	9.47655	21.88527	0.004136111344829247	0.0	0.004136111344829247	sp|P02787|TRFE_HUMAN	432
2020111CXY-6.17548.17548.3.0.dta	2020111CXY-6.17548.17548.3.0.dta	2020111CXY-6	17548	4873.13428	3116.25069	1039.42175	3	1	JGSLFAFR		911.47338	5 4 2 0 0	(N(N(H(H(N(H(A))))(H(N(H(A)))))))	754	0 1 0 0 0;0 2 0 0 0;1 2 0 0 0;2 2 0 0 0;2 3 0 0 0;3 2 0 0 0;3 3 0 0 0;3 3 1 0 0;3 4 0 0 0;4 3 0 0 0;4 3 1 0 0;4 4 0 0 0;4 4 1 0 0;5 4 0 0 0;5 4 1 0 0;	2204.77244	1	37.36918	52.69992	8.89779	4	0.00487	1.56244	0.35294	1.21429	0.00000	0	0	8.89779	14.75536	38.84472	3.909789560342956e-09	0.0	3.909789560342956e-09	sp|P04004|VTNC_HUMAN	169
2020111CXY-6.6248.6248.2.0.dta	2020111CXY-6.6248.6248.2.0.dta	2020111CXY-6	6248	1652.09384	2796.10104	1398.55416	2	1	EEQYJSTYR		1189.51199	4 4 0 1 0	(N(N(H(H(N(H))(N(H)(F))))))	164	0 1 0 0 0;0 2 0 0 0;1 2 0 0 0;2 2 0 0 0;2 3 0 0 0;2 3 0 1 0;2 4 0 0 0;2 4 0 1 0;3 3 0 0 0;3 3 0 1 0;3 4 0 0 0;3 4 0 1 0;4 4 0 0 0;	1606.58669	5	17.46084	16.37198	19.48300	6	0.00235	0.84176	0.40000	0.68750	0.00000	0	0	19.48300	11.10940	18.57178	6.809497023457629e-23	0.0	6.809497023457629e-23	sp|P01857|IGHG1_HUMAN	180
2020111CXY-6.7185.7185.3.0.dta	2020111CXY-6.7185.7185.3.0.dta	2020111CXY-6	7185	1904.46385	3951.50007	1317.83821	3	1	HJSTGCLR	6,Carbamidomethyl[C];	944.43667	6 5 3 1 0	(N(N(H(H(N(F)(H(A))))(H(N(H(A)))(N(H(A)))))))	2060	0 1 0 0 0;0 2 0 0 0;1 2 0 0 0;2 2 0 0 0;2 3 0 0 0;2 3 0 1 0;2 4 0 0 0;3 2 0 0 0;3 3 0 0 0;3 3 0 1 0;3 3 1 0 0;3 3 1 1 0;3 4 0 0 0;3 4 0 1 0;3 4 1 0 0;3 5 0 0 0;3 5 0 1 0;4 3 0 0 0;4 3 0 1 0;4 3 1 0 0;4 3 1 1 0;4 4 0 0 0;4 4 0 1 0;4 4 1 0 0;4 4 1 1 0;4 4 2 0 0;4 5 0 0 0;4 5 0 1 0;4 5 1 0 0;4 5 1 1 0;5 4 0 0 0;5 4 0 1 0;5 4 1 0 0;5 4 1 1 0;5 4 2 0 0;5 4 2 1 0;5 5 0 0 0;5 5 0 1 0;5 5 1 0 0;5 5 1 1 0;5 5 2 0 0;5 5 2 1 0;6 5 0 0 0;6 5 0 1 0;6 5 1 0 0;6 5 1 1 0;6 5 2 0 0;6 5 2 1 0;6 5 3 0 0;	3007.05796	2	46.17942	26.69062	82.37292	7	0.00544	1.37636	0.49020	0.85714	0.00000	0	0	82.37292	10.15660	47.19508	8.557956962473853e-112	0.0	8.557956962473853e-112	sp|P10909|CLUS_HUMAN	291
2020111CXY-6.13704.13704.3.0.dta	2020111CXY-6.13704.13704.3.0.dta	2020111CXY-6	13704	3794.19617	3400.33592	1134.11683	3	1	DIENFJSTQK		1195.55896	5 4 2 0 0	(N(N(H(H(N(H(A))))(H(N(H(A)))))))	754	0 1 0 0 0;0 2 0 0 0;1 2 0 0 0;2 2 0 0 0;2 3 0 0 0;3 2 0 0 0;3 3 0 0 0;3 3 1 0 0;3 4 0 0 0;4 3 0 0 0;4 3 1 0 0;4 4 0 0 0;4 4 1 0 0;5 4 0 0 0;5 4 1 0 0;	2204.77244	6	56.39325	84.18665	4.77694	4	0.00453	1.33104	0.23529	1.33333	0.00000	0	0	4.77694	17.82989	58.17624	4.0680779539420506e-05	0.0	4.0680779539420506e-05	sp|P43652|AFAM_HUMAN	33
2020111CXY-6.17516.17516.3.0.dta	2020111CXY-6.17516.17516.3.0.dta	2020111CXY-6	17516	4864.56703	3487.50741	1163.17399	3	1	ALPQPQJVTSLLGCTH	14,Carbamidomethyl[C];	1735.87958	4 4 1 0 0	(N(N(H(H(N))(H(N(H(A)))))))	239	0 1 0 0 0;0 2 0 0 0;1 2 0 0 0;2 2 0 0 0;2 3 0 0 0;3 2 0 0 0;3 3 0 0 0;3 3 1 0 0;3 4 0 0 0;4 3 0 0 0;4 3 1 0 0;4 4 0 0 0;	1751.62420	7	16.06887	20.14135	8.50569	4	0.00363	1.04141	0.57143	0.56667	0.00000	0	0	8.50569	10.15059	17.08393	8.963906807004035e-09	0.0	8.963906807004035e-09	sp|P02790|HEMO_HUMAN	453
2020111CXY-6.16260.16260.3.0.dta	2020111CXY-6.16260.16260.3.0.dta	2020111CXY-6	16260	4527.34347	3181.50676	1061.17377	3	1	VVLHPJYSQVDIGLIK		1795.01124	3 3 1 0 0	(N(N(H(H(N(H(A)))))))	68	0 1 0 0 0;0 2 0 0 0;1 2 0 0 0;2 2 0 0 0;2 3 0 0 0;3 3 0 0 0;	1386.49200	6	11.86766	10.34949	14.68712	5	0.00352	1.10605	0.75000	0.36667	0.00000	0	0	14.68712	8.70968	12.73863	1.9609325164284462e-16	0.0011389521640091116	0.0011389521640091116	sp|P00738|HPT_HUMAN	241
2020111CXY-6.18205.18205.3.0.dta	2020111CXY-6.18205.18205.3.0.dta	2020111CXY-6	18205	5049.70986	3681.52825	1227.84760	3	1	CGLVPVLAENYJK	1,Carbamidomethyl[C];	1476.75152	5 4 2 0 0	(N(N(H(H(N(H(A))))(H(N(H(A)))))))	754	0 1 0 0 0;0 2 0 0 0;1 2 0 0 0;2 2 0 0 0;2 3 0 0 0;3 2 0 0 0;3 3 0 0 0;3 3 1 0 0;3 4 0 0 0;4 3 0 0 0;4 3 1 0 0;4 4 0 0 0;4 4 1 0 0;5 4 0 0 0;5 4 1 0 0;	2204.77244	12	71.45000	101.71376	15.24588	5	0.00430	1.16690	0.47059	1.04167	0.00000	0	0	15.24588	18.92196	73.34220	3.599015957599501e-17	0.0	3.599015957599501e-17	sp|P02787|TRFE_HUMAN	432
2020111CXY-6.5094.5094.3.0.dta	2020111CXY-6.5094.5094.3.0.dta	2020111CXY-6	5094	1343.94844	2979.22334	993.74596	3	1	YKJNSDISSTR		1284.61786	4 3 1 1 0	(N(F)(N(H(H)(H(N(H(A)))))))	198	0 1 0 0 0;0 1 0 1 0;0 2 0 0 0;0 2 0 1 0;1 2 0 0 0;1 2 0 1 0;2 2 0 0 0;2 2 0 1 0;2 3 0 0 0;2 3 0 1 0;3 2 0 0 0;3 2 0 1 0;3 3 0 0 0;3 3 0 1 0;3 3 1 0 0;3 3 1 1 0;4 3 0 0 0;4 3 0 1 0;4 3 1 0 0;	1694.60274	3	40.27923	29.42802	60.43146	9	0.00275	0.92227	0.76190	0.80000	0.00000	0	0	60.43146	12.27822	41.50705	1.990870810259214e-80	0.0	1.990870810259214e-80	sp|P01871|IGHM_HUMAN	46
2020111CXY-6.17755.17755.4.0.dta	2020111CXY-6.17755.17755.4.0.dta	2020111CXY-6	17755	4928.56649	4719.90086	1180.73067	4	1	QQQHLFGSJVTDCSGJFCLFR	13,Carbamidomethyl[C];18,Carbamidomethyl[C];	2515.12414	5 4 2 0 0	(N(N(H(H(N(H(A))))(H(N(H(A)))))))	754	0 1 0 0 0;0 2 0 0 0;1 2 0 0 0;2 2 0 0 0;2 3 0 0 0;3 2 0 0 0;3 3 0 0 0;3 3 1 0 0;3 4 0 0 0;4 3 0 0 0;4 3 1 0 0;4 4 0 0 0;4 4 1 0 0;5 4 0 0 0;5 4 1 0 0;	2204.77244	9	27.12622	39.91612	3.37355	4	0.00428	0.90764	0.23529	0.70000	0.00000	0	0	3.37355	16.99296	28.82552	0.0007703869624421715	0.0	0.0007703869624421715	sp|P02787|TRFE_HUMAN	630
2020111CXY-6.7409.7409.2.0.dta	2020111CXY-6.7409.7409.2.0.dta	2020111CXY-6	7409	1964.68699	3093.22904	1547.11816	2	1	JVTAEQAR		888.45337	5 4 2 0 0	(N(N(H(H(N(H(A))))(H(N(H(A)))))))	754	0 1 0 0 0;0 2 0 0 0;1 2 0 0 0;2 2 0 0 0;2 3 0 0 0;3 2 0 0 0;3 3 0 0 0;3 3 1 0 0;3 4 0 0 0;4 3 0 0 0;4 3 1 0 0;4 4 0 0 0;4 4 1 0 0;5 4 0 0 0;5 4 1 0 0;	2204.77244	1	51.26828	68.79885	18.71149	7	0.00323	1.04453	0.41176	1.42857	0.00000	0	0	18.71149	17.72043	53.04032	9.126789189446654e-22	0.0	9.126789189446654e-22	sp|P00748|FA12_HUMAN	249
2020111CXY-6.5519.5519.3.0.dta	2020111CXY-6.5519.5519.3.0.dta	2020111CXY-6	5519	1457.84965	3547.43685	1183.15047	3	1	YKJNSDISSTR		1284.61786	5 5 1 1 0	(N(F)(N(H(N)(H(N(H)))(H(N(H(A)))))))	824	0 1 0 0 0;0 1 0 1 0;0 2 0 0 0;0 2 0 1 0;1 2 0 0 0;1 2 0 1 0;1 3 0 0 0;1 3 0 1 0;2 2 0 0 0;2 2 0 1 0;2 3 0 0 0;2 3 0 1 0;2 4 0 0 0;2 4 0 1 0;3 2 0 0 0;3 2 0 1 0;3 3 0 0 0;3 3 0 1 0;3 3 1 0 0;3 3 1 1 0;3 4 0 0 0;3 4 0 1 0;3 4 1 0 0;3 4 1 1 0;3 5 0 0 0;3 5 0 1 0;4 3 0 0 0;4 3 0 1 0;4 3 1 0 0;4 3 1 1 0;4 4 0 0 0;4 4 0 1 0;4 4 1 0 0;4 4 1 1 0;4 5 0 0 0;4 5 0 1 0;4 5 1 0 0;4 5 1 1 0;5 4 0 0 0;5 4 0 1 0;5 4 1 0 0;5 4 1 1 0;5 5 0 0 0;5 5 0 1 0;5 5 1 0 0;	2262.81431	3	60.41914	72.03597	38.84502	6	0.00469	1.32241	0.46809	1.20000	0.00000	0	0	38.84502	19.37693	62.35683	2.051532589122849e-49	0.0	2.051532589122849e-49	sp|P01871|IGHM_HUMAN	46
2020111CXY-6.15116.15116.3.0.dta	2020111CXY-6.15116.15116.3.0.dta	2020111CXY-6	15116	4216.85668	3471.58851	1157.86769	3	1	TVLTPATNHMGJVTFTIPANR		2255.16011	5 2 0 0 0	(N(N(H(H(H))(H(H)))))	34	0 1 0 0 0;0 2 0 0 0;1 2 0 0 0;2 2 0 0 0;3 2 0 0 0;4 2 0 0 0;	1216.42286	12	77.06833	102.71366	29.44131	6	0.00553	1.59353	0.75000	0.87500	0.00000	0	0	29.44131	26.91297	79.75963	2.8241201556113567e-36	0.0	2.8241201556113567e-36	sp|P01024|CO3_HUMAN	85
2020111CXY-6.3853.3853.3.0.dta	2020111CXY-6.3853.3853.3.0.dta	2020111CXY-6	3853	1011.07385	2858.11451	953.37635	3	1	HJSTGCLR	6,Carbamidomethyl[C];	944.43667	5 4 1 0 0	(N(N(H(H(H))(H(N)(N(H(A)))))))	381	0 1 0 0 0;0 2 0 0 0;1 2 0 0 0;2 2 0 0 0;2 3 0 0 0;2 4 0 0 0;3 2 0 0 0;3 3 0 0 0;3 3 1 0 0;3 4 0 0 0;3 4 1 0 0;4 2 0 0 0;4 3 0 0 0;4 3 1 0 0;4 4 0 0 0;4 4 1 0 0;5 3 0 0 0;5 3 1 0 0;5 4 0 0 0;	1913.67702	2	71.98492	69.00182	77.52498	7	0.00081	0.28393	0.71429	1.28571	0.00000	0	0	77.52498	16.26225	73.61114	8.632723457841865e-105	0.0	8.632723457841865e-105	sp|P10909|CLUS_HUMAN	291
2020111CXY-6.5196.5196.3.0.dta	2020111CXY-6.5196.5196.3.0.dta	2020111CXY-6	5196	1371.49930	2979.22358	993.74604	3	1	YKJNSDISSTR		1284.61786	4 3 1 1 0	(N(F)(N(H(H)(H(N(H(A)))))))	198	0 1 0 0 0;0 1 0 1 0;0 2 0 0 0;0 2 0 1 0;1 2 0 0 0;1 2 0 1 0;2 2 0 0 0;2 2 0 1 0;2 3 0 0 0;2 3 0 1 0;3 2 0 0 0;3 2 0 1 0;3 3 0 0 0;3 3 0 1 0;3 3 1 0 0;3 3 1 1 0;4 3 0 0 0;4 3 0 1 0;4 3 1 0 0;	1694.60274	3	55.62037	39.89174	84.83067	9	0.00298	1.00182	0.80952	0.95000	0.00000	0	0	84.83067	13.95018	57.01539	4.418948123708656e-115	0.0	4.418948123708656e-115	sp|P01871|IGHM_HUMAN	46
2020111CXY-6.5276.5276.4.1.dta	2020111CXY-6.5276.5276.4.1.dta	2020111CXY-6	5276	1393.01846	3367.32824	842.58752	4	1	YKJNSDISSTR		1284.61786	4 3 1 2 1	(N(F)(N(H(H(H))(H(N(F)(pH(A)))))))	5215	0 1 0 0 0;0 1 0 1 0;0 2 0 0 0;0 2 0 1 0;1 2 0 0 0;1 2 0 1 0;2 2 0 0 0;2 2 0 1 0;2 3 0 0 0;2 3 0 0 1;2 3 0 1 0;2 3 0 1 1;2 3 0 2 0;2 3 0 2 1;2 3 1 0 1;2 3 1 1 1;2 3 1 2 1;3 2 0 0 0;3 2 0 1 0;3 3 0 0 0;3 3 0 0 1;3 3 0 1 0;3 3 0 1 1;3 3 0 2 0;3 3 0 2 1;3 3 1 0 1;3 3 1 1 1;3 3 1 2 1;4 2 0 0 0;4 2 0 1 0;4 3 0 0 0;4 3 0 0 1;4 3 0 1 0;4 3 0 1 1;4 3 0 2 0;4 3 0 2 1;4 3 1 0 1;4 3 1 1 1;	2082.67980	3	30.28601	39.27633	13.58969	7	0.03059	9.08299	0.22500	0.95000	0.00000	0	0	13.58969	13.33128	31.61914	5.512692098915672e-15	0.0	5.512692098915672e-15	sp|P01871|IGHM_HUMAN	46
2020111CXY-6.6293.6293.2.0.dta	2020111CXY-6.6293.6293.2.0.dta	2020111CXY-6	6293	1664.25003	2634.04870	1317.52799	2	1	EEQYJSTYR		1189.51199	3 4 0 1 0	(N(F)(N(H(H(N)(N(H))))))	86	0 1 0 0 0;0 1 0 1 0;0 2 0 0 0;0 2 0 1 0;1 2 0 0 0;1 2 0 1 0;2 2 0 0 0;2 2 0 1 0;2 3 0 0 0;2 3 0 1 0;2 4 0 0 0;2 4 0 1 0;3 3 0 0 0;3 3 0 1 0;3 4 0 0 0;	1444.53387	5	19.39470	11.47105	34.11004	8	0.00284	1.07936	0.52941	0.56250	0.00000	0	0	34.11004	9.23592	20.31829	5.476186457235518e-43	0.0	5.476186457235518e-43	sp|P01857|IGHG1_HUMAN	180
2020111CXY-6.12793.12793.4.0.dta	2020111CXY-6.12793.12793.4.0.dta	2020111CXY-6	12793	3434.53352	4916.05122	1229.76826	4	1	YPHKPEIJSTTHPGADLQEJFCR	22,Carbamidomethyl[C];	2711.26307	5 4 2 0 0	(N(N(H(H(N(H(A))))(H(N(H(A)))))))	754	0 1 0 0 0;0 2 0 0 0;1 2 0 0 0;2 2 0 0 0;2 3 0 0 0;3 2 0 0 0;3 3 0 0 0;3 3 1 0 0;3 4 0 0 0;4 3 0 0 0;4 3 1 0 0;4 4 0 0 0;4 4 1 0 0;5 4 0 0 0;5 4 1 0 0;	2204.77244	8	47.10477	69.17348	6.12001	3	0.01572	3.19707	0.41176	0.75000	0.00000	0	0	6.12001	20.75577	49.18035	2.262133963859422e-06	0.0	2.262133963859422e-06	sp|P00734|THRB_HUMAN	143
2020111CXY-6.16347.16347.3.0.dta	2020111CXY-6.16347.16347.3.0.dta	2020111CXY-6	16347	4550.60703	4406.88214	1469.63223	3	1	LAGKPTHVJVSVVMAEVDGTCY	21,Carbamidomethyl[C];	2347.14207	5 4 1 1 0	(N(F)(N(H(H(N(H)))(H(N(H(A)))))))	549	0 1 0 0 0;0 1 0 1 0;0 2 0 0 0;0 2 0 1 0;1 2 0 0 0;1 2 0 1 0;2 2 0 0 0;2 2 0 1 0;2 3 0 0 0;2 3 0 1 0;3 2 0 0 0;3 2 0 1 0;3 3 0 0 0;3 3 0 1 0;3 3 1 0 0;3 3 1 1 0;3 4 0 0 0;3 4 0 1 0;4 3 0 0 0;4 3 0 1 0;4 3 1 0 0;4 3 1 1 0;4 4 0 0 0;4 4 0 1 0;4 4 1 0 0;4 4 1 1 0;5 4 0 0 0;5 4 0 1 0;5 4 1 0 0;	2059.73493	9	30.57791	30.68377	30.38131	9	0.00513	1.16470	0.45161	0.57143	0.00000	0	0	30.38131	13.86578	31.96449	1.1900703070442589e-37	0.0	1.1900703070442589e-37	sp|P01876|IGHA1_HUMAN	340
2020111CXY-6.9623.9623.2.0.dta	2020111CXY-6.9623.9623.2.0.dta	2020111CXY-6	9623	2560.45491	2602.05939	1301.53334	2	1	EEQFJSTFR		1157.52218	3 4 0 1 0	(N(F)(N(H(H(N))(H(N)))))	95	0 1 0 0 0;0 1 0 1 0;0 2 0 0 0;0 2 0 1 0;1 2 0 0 0;1 2 0 1 0;2 2 0 0 0;2 2 0 1 0;2 3 0 0 0;2 3 0 1 0;3 2 0 0 0;3 2 0 1 0;3 3 0 0 0;3 3 0 1 0;3 4 0 0 0;	1444.53387	5	49.51367	52.40736	44.13967	8	0.00335	1.28632	0.70588	0.93750	0.00000	0	0	44.13967	13.41705	50.85537	4.524825018621824e-57	0.0	4.524825018621824e-57	sp|P01859|IGHG2_HUMAN	176
2020111CXY-6.16658.16658.3.0.dta	2020111CXY-6.16658.16658.3.0.dta	2020111CXY-6	16658	4634.47747	3806.53425	1269.51627	3	1	GTAGNALMDGASQLMGEJR		1892.85892	5 4 1 0 0	(N(N(H(H(N(H)))(H(N(H(A)))))))	380	0 1 0 0 0;0 2 0 0 0;1 2 0 0 0;2 2 0 0 0;2 3 0 0 0;3 2 0 0 0;3 3 0 0 0;3 3 1 0 0;3 4 0 0 0;4 3 0 0 0;4 3 1 0 0;4 4 0 0 0;4 4 1 0 0;5 4 0 0 0;	1913.67702	18	36.04121	42.14830	24.69947	6	-0.00170	-0.44673	0.56250	0.52778	0.00000	0	0	24.69947	10.58992	37.10020	1.1498464654378833e-29	0.0	1.1498464654378833e-29	sp|P02675|FIBB_HUMAN	394
2020111CXY-6.18930.18930.4.1.dta	2020111CXY-6.18930.18930.4.1.dta	2020111CXY-6	18930	5244.72938	3669.57462	918.14911	4	1	YLGJATAIFFLPDEGK		1755.89521	5 4 1 0 0	(N(N(H(H(N(H)))(H(N(H(A)))))))	380	0 1 0 0 0;0 2 0 0 0;1 2 0 0 0;2 2 0 0 0;2 3 0 0 0;3 2 0 0 0;3 3 0 0 0;3 3 1 0 0;3 4 0 0 0;4 3 0 0 0;4 3 1 0 0;4 4 0 0 0;4 4 1 0 0;5 4 0 0 0;	1913.67702	4	35.52552	51.34230	6.15150	5	0.00239	0.65253	0.31250	0.83333	0.00000	0	0	6.15150	17.20248	37.24577	1.9892723333114554e-06	0.0	1.9892723333114554e-06	sp|P01009|A1AT_HUMAN	271
2020111CXY-6.18656.18656.3.0.dta	2020111CXY-6.18656.18656.3.0.dta	2020111CXY-6	18656	5170.85199	3500.43188	1167.48214	3	1	PLQJFTLCFR	8,Carbamidomethyl[C];	1295.65650	5 4 2 0 0	(N(N(H(H(N(H(A))))(H(N(H(A)))))))	754	0 1 0 0 0;0 2 0 0 0;1 2 0 0 0;2 2 0 0 0;2 3 0 0 0;3 2 0 0 0;3 3 0 0 0;3 3 1 0 0;3 4 0 0 0;4 3 0 0 0;4 3 1 0 0;4 4 0 0 0;4 4 1 0 0;5 4 0 0 0;5 4 1 0 0;	2204.77244	4	14.04718	10.68240	20.29605	6	0.00294	0.83932	0.47059	0.55556	0.00000	0	0	20.29605	9.63338	15.01052	9.022086547511169e-24	0.0	9.022086547511169e-24	sp|P02743|SAMP_HUMAN	51
2020111CXY-6.9812.9812.3.0.dta	2020111CXY-6.9812.9812.3.0.dta	2020111CXY-6	9812	2611.68684	3679.44778	1227.15411	3	1	YAEDKFJETTEK		1474.66962	5 4 2 0 0	(N(N(H(H(N(H(A))))(H(N(H(A)))))))	754	0 1 0 0 0;0 2 0 0 0;1 2 0 0 0;2 2 0 0 0;2 3 0 0 0;3 2 0 0 0;3 3 0 0 0;3 3 1 0 0;3 4 0 0 0;4 3 0 0 0;4 3 1 0 0;4 4 0 0 0;4 4 1 0 0;5 4 0 0 0;5 4 1 0 0;	2204.77244	7	67.81882	68.57503	66.41442	7	0.00571	1.55267	0.82353	1.04545	0.00000	0	0	66.41442	17.71406	69.59023	6.977965374580997e-89	0.0	6.977965374580997e-89	sp|P43652|AFAM_HUMAN	402
2020111CXY-6.5707.5707.2.0.dta	2020111CXY-6.5707.5707.2.0.dta	2020111CXY-6	5707	1508.11323	2977.17468	1489.09098	2	1	JGTAVCATNR	6,Carbamidomethyl[C];	1063.49492	5 4 1 0 0	(N(N(H(H(N(H)))(H(N(H(A)))))))	380	0 1 0 0 0;0 2 0 0 0;1 2 0 0 0;2 2 0 0 0;2 3 0 0 0;3 2 0 0 0;3 3 0 0 0;3 3 1 0 0;3 4 0 0 0;4 3 0 0 0;4 3 1 0 0;4 4 0 0 0;4 4 1 0 0;5 4 0 0 0;	1913.67702	1	31.13912	39.39882	15.79966	6	0.00274	0.91949	0.43750	1.11111	0.00000	0	0	15.79966	15.75292	32.71441	8.936533820074219e-18	0.0	8.936533820074219e-18	sp|P05156|CFAI_HUMAN	70
2020111CXY-6.17055.17055.3.0.dta	2020111CXY-6.17055.17055.3.0.dta	2020111CXY-6	17055	4740.99477	4428.80294	1476.93917	3	1	QQQHLFGSJVTDCSGJFCLFR	13,Carbamidomethyl[C];18,Carbamidomethyl[C];	2515.12414	5 4 1 0 0	(N(N(H(H(N(H)))(H(N(H(A)))))))	380	0 1 0 0 0;0 2 0 0 0;1 2 0 0 0;2 2 0 0 0;2 3 0 0 0;3 2 0 0 0;3 3 0 0 0;3 3 1 0 0;3 4 0 0 0;4 3 0 0 0;4 3 1 0 0;4 4 0 0 0;4 4 1 0 0;5 4 0 0 0;	1913.67702	9	34.24538	47.88131	8.92150	5	0.00178	0.40180	0.37500	0.72500	0.00000	0	0	8.92150	18.33870	36.07925	3.758834493612669e-09	0.0	3.758834493612669e-09	sp|P02787|TRFE_HUMAN	630
2020111CXY-6.18328.18328.3.2.dta	2020111CXY-6.18328.18328.3.2.dta	2020111CXY-6	18328	5083.11686	3666.58781	1222.86745	3	1	ALPQPQJVTSLLGCTH	14,Carbamidomethyl[C];	1735.87958	6 4 0 1 0	(N(N(H(H(H))(H(N(H))(N(H)(F))))))	399	0 1 0 0 0;0 2 0 0 0;1 2 0 0 0;2 2 0 0 0;2 3 0 0 0;2 3 0 1 0;2 4 0 0 0;2 4 0 1 0;3 2 0 0 0;3 3 0 0 0;3 3 0 1 0;3 4 0 0 0;3 4 0 1 0;4 2 0 0 0;4 3 0 0 0;4 3 0 1 0;4 4 0 0 0;4 4 0 1 0;5 3 0 0 0;5 3 0 1 0;5 4 0 0 0;5 4 0 1 0;6 4 0 0 0;	1930.69234	7	29.02778	39.89865	8.83902	5	0.01588	4.33231	0.28000	0.73333	0.00000	0	0	8.83902	12.63469	30.29125	4.250920202693894e-09	0.0	4.250920202693894e-09	sp|P02790|HEMO_HUMAN	453
2020111CXY-6.5320.5320.2.0.dta	2020111CXY-6.5320.5320.2.0.dta	2020111CXY-6	5320	1404.75005	2941.15879	1471.08303	2	1	LSSJSTK		736.38356	5 4 2 0 0	(N(N(H(H(N(H(A))))(H(N(H(A)))))))	754	0 1 0 0 0;0 2 0 0 0;1 2 0 0 0;2 2 0 0 0;2 3 0 0 0;3 2 0 0 0;3 3 0 0 0;3 3 1 0 0;3 4 0 0 0;4 3 0 0 0;4 3 1 0 0;4 4 0 0 0;4 4 1 0 0;5 4 0 0 0;5 4 1 0 0;	2204.77244	4	40.21451	46.09276	29.29776	7	0.00279	0.94928	0.58824	1.33333	0.00000	0	0	29.29776	13.97018	41.61153	4.7993343895409256e-36	0.0	4.7993343895409256e-36	sp|P13671|CO6_HUMAN	855
2020111CXY-6.5808.5808.3.0.dta	2020111CXY-6.5808.5808.3.0.dta	2020111CXY-6	5808	1535.48186	3273.30358	1091.77271	3	1	JNSDISSTR		993.45958	6 5 0 2 0	(N(F)(N(H(H(N(H)))(H(N(H(N(H)(F))))))))	867	0 1 0 0 0;0 1 0 1 0;0 2 0 0 0;0 2 0 1 0;1 2 0 0 0;1 2 0 1 0;2 2 0 0 0;2 2 0 1 0;2 3 0 0 0;2 3 0 1 0;3 2 0 0 0;3 2 0 1 0;3 3 0 0 0;3 3 0 1 0;3 4 0 0 0;3 4 0 1 0;3 4 0 2 0;4 3 0 0 0;4 3 0 1 0;4 4 0 0 0;4 4 0 1 0;4 4 0 2 0;4 5 0 0 0;4 5 0 1 0;4 5 0 2 0;5 4 0 0 0;5 4 0 1 0;5 4 0 2 0;5 5 0 0 0;5 5 0 1 0;5 5 0 2 0;6 5 0 0 0;6 5 0 1 0;	2279.82962	1	39.07034	51.86104	15.31618	7	0.01438	4.39264	0.25714	1.18750	0.00000	0	0	15.31618	14.91542	40.56188	3.04265959472557e-17	0.0	3.04265959472557e-17	sp|P01871|IGHM_HUMAN	46
2020111CXY-6.17428.17428.4.7.dta	2020111CXY-6.17428.17428.4.7.dta	2020111CXY-6	17428	4841.13898	4083.74500	1021.69171	4	1	VDKDLQSLEDILHQVEJK		2123.09789	2 4 2 0 1	(N(N(H(pH(N(A)))(H(N(A))))))	4658	0 1 0 0 0;0 2 0 0 0;1 2 0 0 0;1 2 0 0 1;1 3 0 0 1;1 3 1 0 1;2 2 0 0 0;2 2 0 0 1;2 3 0 0 0;2 3 0 0 1;2 3 1 0 0;2 3 1 0 1;2 4 0 0 1;2 4 1 0 1;	1960.63312	17	18.19957	24.27135	6.92341	5	0.01399	3.42598	0.37500	0.47059	0.00000	0	0	6.92341	12.24418	19.42399	3.864896476828667e-07	0.0	3.864896476828667e-07	sp|P02679|FIBG_HUMAN	78
2020111CXY-6.5899.5899.2.0.dta	2020111CXY-6.5899.5899.2.0.dta	2020111CXY-6	5899	1559.93000	2634.04872	1317.52800	2	1	EEQYJSTYR		1189.51199	3 4 0 1 0	(N(N(H(H(N))(H(N(F))))))	89	0 1 0 0 0;0 2 0 0 0;1 2 0 0 0;2 2 0 0 0;2 3 0 0 0;2 3 0 1 0;3 2 0 0 0;3 3 0 0 0;3 3 0 1 0;3 4 0 0 0;	1444.53387	5	59.61219	67.54908	44.87225	7	0.00286	1.08619	0.75000	1.18750	0.00000	0	0	44.87225	16.55692	61.26788	3.923664116860518e-58	0.0	3.923664116860518e-58	sp|P01857|IGHG1_HUMAN	180
2020111CXY-6.9792.9792.2.0.dta	2020111CXY-6.9792.9792.2.0.dta	2020111CXY-6	9792	2605.98186	2729.15266	1365.07997	2	1	TLLJASR		774.44683	4 5 1 0 0	(N(N(H(N)(H(N(H))(N(H(A)))))))	418	0 1 0 0 0;0 2 0 0 0;1 2 0 0 0;1 3 0 0 0;2 2 0 0 0;2 3 0 0 0;2 4 0 0 0;2 5 0 0 0;3 3 0 0 0;3 3 1 0 0;3 4 0 0 0;3 4 1 0 0;3 5 0 0 0;3 5 1 0 0;4 4 0 0 0;4 4 1 0 0;4 5 0 0 0;	1954.70357	4	20.61924	20.03235	21.70918	6	0.00226	0.82641	0.42105	0.83333	0.00000	0	0	21.70918	10.80186	21.69943	1.030523470446273e-25	0.0	1.030523470446273e-25	sp|P01880|IGHD_HUMAN	367
2020111CXY-6.17325.17325.3.0.dta	2020111CXY-6.17325.17325.3.0.dta	2020111CXY-6	17325	4813.54248	4097.63796	1366.55084	3	1	GTAGNALMDGASQLMGEJR		1892.85892	5 4 2 0 0	(N(N(H(H(N(H(A))))(H(N(H(A)))))))	754	0 1 0 0 0;0 2 0 0 0;1 2 0 0 0;2 2 0 0 0;2 3 0 0 0;3 2 0 0 0;3 3 0 0 0;3 3 1 0 0;3 4 0 0 0;4 3 0 0 0;4 3 1 0 0;4 4 0 0 0;4 4 1 0 0;5 4 0 0 0;5 4 1 0 0;	2204.77244	18	27.55465	25.42183	31.51561	7	0.00660	1.61043	0.58824	0.36111	0.00000	0	0	31.51561	9.18867	28.47352	2.7813004442349238e-39	0.0	2.7813004442349238e-39	sp|P02675|FIBB_HUMAN	394
2020111CXY-6.5840.5840.2.0.dta	2020111CXY-6.5840.5840.2.0.dta	2020111CXY-6	5840	1544.34907	2735.09878	1368.05303	2	1	LISJCSK	5,Carbamidomethyl[C];	821.41856	5 4 1 0 0	(N(N(H(H(N(H)))(H(N(H(A)))))))	380	0 1 0 0 0;0 2 0 0 0;1 2 0 0 0;2 2 0 0 0;2 3 0 0 0;3 2 0 0 0;3 3 0 0 0;3 3 1 0 0;3 4 0 0 0;4 3 0 0 0;4 3 1 0 0;4 4 0 0 0;4 4 1 0 0;5 4 0 0 0;	1913.67702	4	35.95116	45.64745	17.94374	7	0.00319	1.16796	0.43750	1.25000	0.00000	0	0	17.94374	12.63082	37.21424	1.171730614981318e-20	0.0	1.171730614981318e-20	sp|P05156|CFAI_HUMAN	494
2020111CXY-6.3267.3267.2.0.dta	2020111CXY-6.3267.3267.2.0.dta	2020111CXY-6	3267	855.71627	2413.95158	1207.47943	2	1	YJSTVK		711.36717	8 2 0 0 0	(N(N(H(H(H))(H(H)(H(H(H)))))))	202	0 1 0 0 0;0 2 0 0 0;1 2 0 0 0;2 2 0 0 0;3 2 0 0 0;4 2 0 0 0;5 2 0 0 0;6 2 0 0 0;7 2 0 0 0;	1702.58133	2	18.47038	9.57363	34.99290	7	0.00307	1.27335	0.63636	0.70000	0.00000	0	0	34.99290	8.75635	19.34601	4.512764954606622e-44	0.0011389521640091116	0.0011389521640091116	sp|Q5VWN6|F208B_HUMAN	2098
2020111CXY-6.7842.7842.3.0.dta	2020111CXY-6.7842.7842.3.0.dta	2020111CXY-6	7842	2081.16997	3087.19776	1029.73744	3	1	EEQYJSTYR		1189.51199	4 4 1 1 0	(N(N(H(H(N(F)))(H(N(H(A)))))))	359	0 1 0 0 0;0 2 0 0 0;1 2 0 0 0;2 2 0 0 0;2 3 0 0 0;2 3 0 1 0;3 2 0 0 0;3 3 0 0 0;3 3 0 1 0;3 3 1 0 0;3 4 0 0 0;3 4 0 1 0;4 3 0 0 0;4 3 1 0 0;4 4 0 0 0;4 4 0 1 0;4 4 1 0 0;	1897.68211	5	18.64837	15.82489	23.89198	7	0.00366	1.18461	0.42105	0.68750	0.00000	0	0	23.89198	10.38779	19.68715	8.588689347627231e-29	0.0	8.588689347627231e-29	sp|P01857|IGHG1_HUMAN	180
2020111CXY-6.5974.5974.2.0.dta	2020111CXY-6.5974.5974.2.0.dta	2020111CXY-6	5974	1579.86883	2634.04831	1317.52779	2	1	EEQYJSTYR		1189.51199	3 4 0 1 0	(N(F)(N(H(H(N))(H(N)))))	95	0 1 0 0 0;0 1 0 1 0;0 2 0 0 0;0 2 0 1 0;1 2 0 0 0;1 2 0 1 0;2 2 0 0 0;2 2 0 1 0;2 3 0 0 0;2 3 0 1 0;3 2 0 0 0;3 2 0 1 0;3 3 0 0 0;3 3 0 1 0;3 4 0 0 0;	1444.53387	5	73.89704	67.55658	85.67219	9	0.00245	0.93130	0.82353	1.00000	0.00000	0	0	85.67219	14.49338	75.34638	1.0936231796466286e-116	0.0	1.0936231796466286e-116	sp|P01857|IGHG1_HUMAN	180
2020111CXY-6.9914.9914.2.0.dta	2020111CXY-6.9914.9914.2.0.dta	2020111CXY-6	9914	2639.15711	2764.11211	1382.55969	2	1	EEQFJSTFR		1157.52218	4 4 0 1 0	(N(F)(N(H(H(N(H))(N(H))))))	166	0 1 0 0 0;0 1 0 1 0;0 2 0 0 0;0 2 0 1 0;1 2 0 0 0;1 2 0 1 0;2 2 0 0 0;2 2 0 1 0;2 3 0 0 0;2 3 0 1 0;2 4 0 0 0;2 4 0 1 0;3 3 0 0 0;3 3 0 1 0;3 4 0 0 0;3 4 0 1 0;4 4 0 0 0;	1606.58669	5	17.02171	12.88308	24.70773	8	0.00324	1.17276	0.42105	0.62500	0.00000	0	0	24.70773	10.26170	18.04788	1.040473506076317e-29	0.0	1.040473506076317e-29	sp|P01859|IGHG2_HUMAN	176
2020111CXY-6.18445.18445.3.0.dta	2020111CXY-6.18445.18445.3.0.dta	2020111CXY-6	18445	5114.47678	4327.87539	1443.29665	3	1	VDKDLQSLEDILHQVEJK		2123.09789	5 4 2 0 0	(N(N(H(H(N(H(A))))(H(N(H(A)))))))	754	0 1 0 0 0;0 2 0 0 0;1 2 0 0 0;2 2 0 0 0;2 3 0 0 0;3 2 0 0 0;3 3 0 0 0;3 3 1 0 0;3 4 0 0 0;4 3 0 0 0;4 3 1 0 0;4 4 0 0 0;4 4 1 0 0;5 4 0 0 0;5 4 1 0 0;	2204.77244	17	95.56564	132.64908	26.69637	6	0.00506	1.16846	0.52941	0.94118	0.00000	0	0	26.69637	24.51469	98.01711	1.9816160884889572e-32	0.0	1.9816160884889572e-32	sp|P02679|FIBG_HUMAN	78
2020111CXY-6.18347.18347.3.0.dta	2020111CXY-6.18347.18347.3.0.dta	2020111CXY-6	18347	5088.14239	3681.52602	1227.84686	3	1	CGLVPVLAENYJK	1,Carbamidomethyl[C];	1476.75152	5 4 2 0 0	(N(N(H(H(N(H(A))))(H(N(H(A)))))))	754	0 1 0 0 0;0 2 0 0 0;1 2 0 0 0;2 2 0 0 0;2 3 0 0 0;3 2 0 0 0;3 3 0 0 0;3 3 1 0 0;3 4 0 0 0;4 3 0 0 0;4 3 1 0 0;4 4 0 0 0;4 4 1 0 0;5 4 0 0 0;5 4 1 0 0;	2204.77244	12	28.62067	40.65929	6.26325	4	0.00206	0.55981	0.41176	0.79167	0.00000	0	0	6.26325	12.38018	29.85869	1.5309652541506433e-06	0.0	1.5309652541506433e-06	sp|P02787|TRFE_HUMAN	432
2020111CXY-6.18358.18358.3.0.dta	2020111CXY-6.18358.18358.3.0.dta	2020111CXY-6	18358	5091.12962	3398.37336	1133.46264	3	1	TMFPJLTDVR		1193.59832	5 4 2 0 0	(N(N(H(H(N(H(A))))(H(N(H(A)))))))	754	0 1 0 0 0;0 2 0 0 0;1 2 0 0 0;2 2 0 0 0;2 3 0 0 0;3 2 0 0 0;3 3 0 0 0;3 3 1 0 0;3 4 0 0 0;4 3 0 0 0;4 3 1 0 0;4 4 0 0 0;4 4 1 0 0;5 4 0 0 0;5 4 1 0 0;	2204.77244	5	28.53418	26.71060	31.92084	7	0.00260	0.76447	0.58824	0.77778	0.00000	0	0	31.92084	10.62089	29.59627	8.124441698265524e-40	0.0	8.124441698265524e-40	sp|P06681|CO2_HUMAN	651
2020111CXY-6.5430.5430.2.0.dta	2020111CXY-6.5430.5430.2.0.dta	2020111CXY-6	5430	1434.36759	3149.21224	1575.10976	2	1	HJSTGCLR	6,Carbamidomethyl[C];	944.43667	5 4 2 0 0	(N(N(H(H(N(H(A))))(H(N(H(A)))))))	754	0 1 0 0 0;0 2 0 0 0;1 2 0 0 0;2 2 0 0 0;2 3 0 0 0;3 2 0 0 0;3 3 0 0 0;3 3 1 0 0;3 4 0 0 0;4 3 0 0 0;4 3 1 0 0;4 4 0 0 0;4 4 1 0 0;5 4 0 0 0;5 4 1 0 0;	2204.77244	2	79.39203	76.43141	84.89030	7	0.00312	0.99103	0.88235	1.28571	0.00000	0	0	84.89030	17.35995	81.12803	1.8717853386987776e-115	0.0	1.8717853386987776e-115	sp|P10909|CLUS_HUMAN	291
2020111CXY-6.5031.5031.3.0.dta	2020111CXY-6.5031.5031.3.0.dta	2020111CXY-6	5031	1326.91260	3141.27771	1047.76409	3	1	YKJNSDISSTR		1284.61786	5 3 1 1 0	(N(F)(N(H(H(H))(H(N(H(A)))))))	322	0 1 0 0 0;0 1 0 1 0;0 2 0 0 0;0 2 0 1 0;1 2 0 0 0;1 2 0 1 0;2 2 0 0 0;2 2 0 1 0;2 3 0 0 0;2 3 0 1 0;3 2 0 0 0;3 2 0 1 0;3 3 0 0 0;3 3 0 1 0;3 3 1 0 0;3 3 1 1 0;4 2 0 0 0;4 2 0 1 0;4 3 0 0 0;4 3 0 1 0;4 3 1 0 0;4 3 1 1 0;5 3 0 0 0;5 3 0 1 0;5 3 1 0 0;	1856.65556	3	74.12365	64.28249	92.40010	9	0.00429	1.36576	0.74074	1.15000	0.00000	0	0	92.40010	16.39899	75.76355	3.211541922675808e-126	0.0	3.211541922675808e-126	sp|P01871|IGHM_HUMAN	46
2020111CXY-6.18337.18337.4.3.dta	2020111CXY-6.18337.18337.4.3.dta	2020111CXY-6	18337	5085.45862	4354.75116	1089.44325	4	1	EJLTAPGSDSAVFFEQGTTR		2126.99890	4 3 2 1 1	(N(N(H(H(H))(H(N(F)(pH(A(A))))))))	6260	0 1 0 0 0;0 2 0 0 0;1 2 0 0 0;2 2 0 0 0;2 3 0 0 0;2 3 0 0 1;2 3 0 1 0;2 3 0 1 1;2 3 1 0 1;2 3 1 1 1;2 3 2 0 1;2 3 2 1 1;3 2 0 0 0;3 3 0 0 0;3 3 0 0 1;3 3 0 1 0;3 3 0 1 1;3 3 1 0 1;3 3 1 1 1;3 3 2 0 1;3 3 2 1 1;4 2 0 0 0;4 3 0 0 0;4 3 0 0 1;4 3 0 1 0;4 3 0 1 1;4 3 1 0 1;4 3 1 1 1;4 3 2 0 1;	2227.71731	2	64.41455	89.85888	17.16079	7	0.03495	8.02519	0.29032	0.92105	0.00000	0	0	17.16079	22.77186	66.69174	1.14213220733402e-19	0.0	1.14213220733402e-19	sp|P00450|CERU_HUMAN	397
2020111CXY-6.18897.18897.3.0.dta	2020111CXY-6.18897.18897.3.0.dta	2020111CXY-6	18897	5235.86218	5376.12296	1792.71250	3	1	QQQHLFGSJVTDCSGJFCLFR	13,Carbamidomethyl[C];18,Carbamidomethyl[C];	2515.12414	6 5 3 0 0	(N(N(H(H(N(H(A))))(H(N(H(A)))(N(H(A)))))))	1823	0 1 0 0 0;0 2 0 0 0;1 2 0 0 0;2 2 0 0 0;2 3 0 0 0;2 4 0 0 0;3 2 0 0 0;3 3 0 0 0;3 3 1 0 0;3 4 0 0 0;3 4 1 0 0;3 5 0 0 0;4 3 0 0 0;4 3 1 0 0;4 4 0 0 0;4 4 1 0 0;4 4 2 0 0;4 5 0 0 0;4 5 1 0 0;5 4 0 0 0;5 4 1 0 0;5 4 2 0 0;5 5 0 0 0;5 5 1 0 0;5 5 2 0 0;6 5 0 0 0;6 5 1 0 0;6 5 2 0 0;	2861.00005	9	28.95801	42.83458	3.18724	4	-0.00123	-0.22926	0.16667	0.67500	0.00000	0	0	3.18724	15.29445	30.48746	0.0011250545689645455	0.0	0.0011250545689645455	sp|P02787|TRFE_HUMAN	630
2020111CXY-6.15233.15233.3.0.dta	2020111CXY-6.15233.15233.3.0.dta	2020111CXY-6	15233	4249.08673	4617.89321	1539.96925	3	1	GLTFQQJASSMCVPDQDTAIR	12,Carbamidomethyl[C];11,Oxidation[M];	2355.07037	5 5 1 1 0	(N(N(H(H(N(H(A))))(H(N(H))(N(F))))))	825	0 1 0 0 0;0 2 0 0 0;1 2 0 0 0;2 2 0 0 0;2 3 0 0 0;2 3 0 1 0;2 4 0 0 0;2 4 0 1 0;3 2 0 0 0;3 3 0 0 0;3 3 0 1 0;3 3 1 0 0;3 4 0 0 0;3 4 0 1 0;3 5 0 0 0;3 5 0 1 0;4 3 0 0 0;4 3 1 0 0;4 4 0 0 0;4 4 0 1 0;4 4 1 0 0;4 4 1 1 0;4 5 0 0 0;4 5 0 1 0;4 5 1 0 0;4 5 1 1 0;5 4 0 0 0;5 4 1 0 0;5 5 0 0 0;5 5 0 1 0;5 5 1 0 0;	2262.81431	7	45.09437	62.53574	12.70325	6	0.00853	1.84741	0.27273	0.82500	0.00000	0	0	12.70325	18.87711	46.98208	7.956637323350646e-14	0.0	7.956637323350646e-14	sp|P01871|IGHM_HUMAN	209
2020111CXY-6.6326.6326.2.0.dta	2020111CXY-6.6326.6326.2.0.dta	2020111CXY-6	6326	1673.12275	2837.12913	1419.06820	2	1	EEQYJSTYR		1189.51199	3 5 0 1 0	(N(F)(N(H(N)(H(N)(N(H))))))	184	0 1 0 0 0;0 1 0 1 0;0 2 0 0 0;0 2 0 1 0;1 2 0 0 0;1 2 0 1 0;1 3 0 0 0;1 3 0 1 0;2 2 0 0 0;2 2 0 1 0;2 3 0 0 0;2 3 0 1 0;2 4 0 0 0;2 4 0 1 0;2 5 0 0 0;2 5 0 1 0;3 3 0 0 0;3 3 0 1 0;3 4 0 0 0;3 4 0 1 0;3 5 0 0 0;	1647.61324	5	13.15772	9.85592	19.28964	7	0.00390	1.37341	0.34783	0.56250	0.00000	0	0	19.28964	9.53355	14.11107	2.156466937567131e-22	0.0	2.156466937567131e-22	sp|P01857|IGHG1_HUMAN	180
2020111CXY-6.9721.9721.3.0.dta	2020111CXY-6.9721.9721.3.0.dta	2020111CXY-6	9721	2586.81149	3071.20179	1024.40545	3	1	EEQFJSTYR		1173.51708	4 4 1 1 0	(N(F)(N(H(H(N))(H(N(H(A)))))))	369	0 1 0 0 0;0 1 0 1 0;0 2 0 0 0;0 2 0 1 0;1 2 0 0 0;1 2 0 1 0;2 2 0 0 0;2 2 0 1 0;2 3 0 0 0;2 3 0 1 0;3 2 0 0 0;3 2 0 1 0;3 3 0 0 0;3 3 0 1 0;3 3 1 0 0;3 3 1 1 0;3 4 0 0 0;3 4 0 1 0;4 3 0 0 0;4 3 0 1 0;4 3 1 0 0;4 3 1 1 0;4 4 0 0 0;4 4 0 1 0;4 4 1 0 0;	1897.68211	5	44.00460	38.92573	53.43678	9	0.00259	0.84433	0.55556	0.81250	0.00000	0	0	53.43678	11.64406	45.16901	2.940933033890938e-70	0.0	2.940933033890938e-70	sp|P01861|IGHG4_HUMAN	177
2020111CXY-6.16269.16269.3.0.dta	2020111CXY-6.16269.16269.3.0.dta	2020111CXY-6	16269	4529.74686	4269.78451	1423.93302	3	1	GLTFQQJASSMCVPDQDTAIR	12,Carbamidomethyl[C];	2339.07546	6 4 0 1 0	(N(N(H(H(H))(H(N(H))(N(H)(F))))))	399	0 1 0 0 0;0 2 0 0 0;1 2 0 0 0;2 2 0 0 0;2 3 0 0 0;2 3 0 1 0;2 4 0 0 0;2 4 0 1 0;3 2 0 0 0;3 3 0 0 0;3 3 0 1 0;3 4 0 0 0;3 4 0 1 0;4 2 0 0 0;4 3 0 0 0;4 3 0 1 0;4 4 0 0 0;4 4 0 1 0;5 3 0 0 0;5 3 0 1 0;5 4 0 0 0;5 4 0 1 0;6 4 0 0 0;	1930.69234	7	29.60567	39.71884	10.82407	6	0.01672	3.91490	0.28000	0.67500	0.00000	0	0	10.82407	14.18282	31.02395	1.9442610930194604e-11	0.0	1.9442610930194604e-11	sp|P01871|IGHM_HUMAN	209
2020111CXY-6.11385.11385.3.2.dta	2020111CXY-6.11385.11385.3.2.dta	2020111CXY-6	11385	3036.69356	3035.31856	1012.44437	3	1	TPLTAJITK		958.55677	6 4 0 2 0	(N(F)(N(H(H(N(H)))(H(N(H(H)(F)))))))	574	0 1 0 0 0;0 1 0 1 0;0 2 0 0 0;0 2 0 1 0;1 2 0 0 0;1 2 0 1 0;2 2 0 0 0;2 2 0 1 0;2 3 0 0 0;2 3 0 1 0;3 2 0 0 0;3 2 0 1 0;3 3 0 0 0;3 3 0 1 0;3 3 0 2 0;3 4 0 0 0;3 4 0 1 0;4 3 0 0 0;4 3 0 1 0;4 3 0 2 0;4 4 0 0 0;4 4 0 1 0;4 4 0 2 0;5 3 0 0 0;5 3 0 1 0;5 3 0 2 0;5 4 0 0 0;5 4 0 1 0;5 4 0 2 0;6 4 0 0 0;6 4 0 1 0;	2076.75025	6	52.01318	66.60621	24.91184	8	0.01153	3.79959	0.36364	1.18750	0.00000	0	0	24.91184	14.80435	53.49361	5.444952495879529e-30	0.0	5.444952495879529e-30	sp|P01877|IGHA2_HUMAN	205
2020111CXY-6.18424.18424.4.1.dta	2020111CXY-6.18424.18424.4.1.dta	2020111CXY-6	18424	5108.90896	4569.93310	1143.23873	4	1	AALAAFNAQNJGSNFQLEEISR		2365.15311	5 4 2 0 0	(N(N(H(H(N(H(A))))(H(N(H(A)))))))	754	0 1 0 0 0;0 2 0 0 0;1 2 0 0 0;2 2 0 0 0;2 3 0 0 0;3 2 0 0 0;3 3 0 0 0;3 3 1 0 0;3 4 0 0 0;4 3 0 0 0;4 3 1 0 0;4 4 0 0 0;4 4 1 0 0;5 4 0 0 0;5 4 1 0 0;	2204.77244	11	39.76285	52.40836	16.27834	7	0.00755	1.65253	0.41176	0.71429	0.00000	0	0	16.27834	18.49618	41.61247	1.7627529402203507e-18	0.0	1.7627529402203507e-18	sp|P02765|FETUA_HUMAN	176
2020111CXY-6.15176.15176.4.0.dta	2020111CXY-6.15176.15176.4.0.dta	2020111CXY-6	15176	4233.45007	3839.56052	960.64559	4	1	GTAGNALMDGASQLMGEJR	8,Oxidation[M];	1908.85384	6 4 0 1 0	(N(N(H(H(H))(H(N(H))(N(H)(F))))))	399	0 1 0 0 0;0 2 0 0 0;1 2 0 0 0;2 2 0 0 0;2 3 0 0 0;2 3 0 1 0;2 4 0 0 0;2 4 0 1 0;3 2 0 0 0;3 3 0 0 0;3 3 0 1 0;3 4 0 0 0;3 4 0 1 0;4 2 0 0 0;4 3 0 0 0;4 3 0 1 0;4 4 0 0 0;4 4 0 1 0;5 3 0 0 0;5 3 0 1 0;5 4 0 0 0;5 4 0 1 0;6 4 0 0 0;	1930.69234	18	41.31211	50.78319	23.72296	7	0.01434	3.73449	0.36000	0.58333	0.00000	0	0	23.72296	11.58304	42.47041	1.880396461951833e-28	0.0	1.880396461951833e-28	sp|P02675|FIBB_HUMAN	394
2020111CXY-6.5440.5440.3.0.dta	2020111CXY-6.5440.5440.3.0.dta	2020111CXY-6	5440	1437.02860	3408.40959	1136.80805	3	1	KKEDALJETR		1203.63279	5 4 2 0 0	(N(N(H(H(N(H(A))))(H(N(H(A)))))))	754	0 1 0 0 0;0 2 0 0 0;1 2 0 0 0;2 2 0 0 0;2 3 0 0 0;3 2 0 0 0;3 3 0 0 0;3 3 1 0 0;3 4 0 0 0;4 3 0 0 0;4 3 1 0 0;4 4 0 0 0;4 4 1 0 0;5 4 0 0 0;5 4 1 0 0;	2204.77244	7	66.49901	54.74737	88.32350	7	0.00436	1.28035	0.88235	1.00000	0.00000	0	0	88.32350	12.82041	67.78105	1.7449533690986947e-120	0.0	1.7449533690986947e-120	sp|P10909|CLUS_HUMAN	86
2020111CXY-6.18186.18186.3.2.dta	2020111CXY-6.18186.18186.3.2.dta	2020111CXY-6	18186	5044.71836	3843.60841	1281.87432	3	1	ALPQPQJVTSLLGCTH	14,Carbamidomethyl[C];	1735.87958	2 4 1 3 1	(N(F)(N(H(H(N(F))(N(F)(pH(A)))))))	5554	0 1 0 0 0;0 1 0 1 0;0 2 0 0 0;0 2 0 1 0;1 2 0 0 0;1 2 0 1 0;2 2 0 0 0;2 2 0 1 0;2 3 0 0 0;2 3 0 0 1;2 3 0 1 0;2 3 0 1 1;2 3 0 2 0;2 3 0 2 1;2 3 1 0 1;2 3 1 1 1;2 3 1 2 1;2 4 0 0 0;2 4 0 0 1;2 4 0 1 0;2 4 0 1 1;2 4 0 2 0;2 4 0 2 1;2 4 0 3 0;2 4 0 3 1;2 4 1 0 1;2 4 1 1 1;2 4 1 2 1;	2107.71143	7	30.73189	45.55829	3.19715	4	0.01739	4.52464	0.16667	0.76667	0.00000	0	0	3.19715	14.18874	32.15076	0.0010760518090467005	0.0	0.0010760518090467005	sp|P02790|HEMO_HUMAN	453
2020111CXY-6.17988.17988.3.0.dta	2020111CXY-6.17988.17988.3.0.dta	2020111CXY-6	17988	4991.49478	4114.65955	1372.22470	3	1	GTAGNALMDGASQLMGEJR		1892.85892	6 4 1 1 0	(N(N(H(H(N(H(H))))(H(N(F)(H(A)))))))	783	0 1 0 0 0;0 2 0 0 0;1 2 0 0 0;2 2 0 0 0;2 3 0 0 0;2 3 0 1 0;3 2 0 0 0;3 3 0 0 0;3 3 0 1 0;3 3 1 0 0;3 3 1 1 0;3 4 0 0 0;3 4 0 1 0;4 3 0 0 0;4 3 0 1 0;4 3 1 0 0;4 3 1 1 0;4 4 0 0 0;4 4 0 1 0;4 4 1 0 0;4 4 1 1 0;5 3 0 0 0;5 4 0 0 0;5 4 0 1 0;5 4 1 0 0;5 4 1 1 0;6 4 0 0 0;6 4 0 1 0;6 4 1 0 0;	2221.78776	18	17.87866	19.01698	15.76465	6	0.01288	3.12912	0.29032	0.36111	0.00000	0	0	15.76465	8.56469	18.73513	1.0061042879441318e-17	0.0022002200220022	0.0022002200220022	sp|P02675|FIBB_HUMAN	394
2020111CXY-6.10154.10154.2.0.dta	2020111CXY-6.10154.10154.2.0.dta	2020111CXY-6	10154	2703.97167	2602.05904	1301.53316	2	1	EEQFJSTFR		1157.52218	3 4 0 1 0	(N(F)(N(H(H(N)(N(H))))))	86	0 1 0 0 0;0 1 0 1 0;0 2 0 0 0;0 2 0 1 0;1 2 0 0 0;1 2 0 1 0;2 2 0 0 0;2 2 0 1 0;2 3 0 0 0;2 3 0 1 0;2 4 0 0 0;2 4 0 1 0;3 3 0 0 0;3 3 0 1 0;3 4 0 0 0;	1444.53387	5	15.12300	8.61545	27.20845	8	0.00299	1.15027	0.47059	0.50000	0.00000	0	0	27.20845	8.68917	15.99192	5.1602281388548006e-33	0.0011389521640091116	0.0011389521640091116	sp|P01859|IGHG2_HUMAN	176
2020111CXY-6.10218.10218.3.0.dta	2020111CXY-6.10218.10218.3.0.dta	2020111CXY-6	10218	2721.15389	2969.18072	990.39842	3	1	DTFVJASR		909.44247	5 4 1 1 0	(N(F)(N(H(H(N(H)))(H(N(H(A)))))))	549	0 1 0 0 0;0 1 0 1 0;0 2 0 0 0;0 2 0 1 0;1 2 0 0 0;1 2 0 1 0;2 2 0 0 0;2 2 0 1 0;2 3 0 0 0;2 3 0 1 0;3 2 0 0 0;3 2 0 1 0;3 3 0 0 0;3 3 0 1 0;3 3 1 0 0;3 3 1 1 0;3 4 0 0 0;3 4 0 1 0;4 3 0 0 0;4 3 0 1 0;4 3 1 0 0;4 3 1 1 0;4 4 0 0 0;4 4 0 1 0;4 4 1 0 0;4 4 1 1 0;5 4 0 0 0;5 4 0 1 0;5 4 1 0 0;	2059.73493	5	15.12928	14.66231	15.99652	8	0.00332	1.11704	0.32258	0.64286	0.00000	0	0	15.99652	8.62088	15.99137	4.230454174684382e-18	0.0022002200220022	0.0022002200220022	sp|P05155|IC1_HUMAN	238
2020111CXY-6.16067.16067.3.0.dta	2020111CXY-6.16067.16067.3.0.dta	2020111CXY-6	16067	4475.26761	4609.07010	1537.02822	3	1	MVSHHJLTTGATLINEQWLLTTAK	1,Oxidation[M];	2695.38721	5 4 1 0 0	(N(N(H(H(N(H)))(H(N(H(A)))))))	380	0 1 0 0 0;0 2 0 0 0;1 2 0 0 0;2 2 0 0 0;2 3 0 0 0;3 2 0 0 0;3 3 0 0 0;3 3 1 0 0;3 4 0 0 0;4 3 0 0 0;4 3 1 0 0;4 4 0 0 0;4 4 1 0 0;5 4 0 0 0;	1913.67702	6	38.16028	49.85446	16.44251	6	0.00586	1.27086	0.43750	0.56522	0.00000	0	0	16.44251	17.73754	39.93403	1.005347984181869e-18	0.0	1.005347984181869e-18	sp|P00739|HPTR_HUMAN/sp|P00738|HPT_HUMAN	126/184
2020111CXY-6.6283.6283.3.0.dta	2020111CXY-6.6283.6283.3.0.dta	2020111CXY-6	6283	1661.56263	2796.09997	932.70484	3	1	EEQYJSTYR		1189.51199	4 4 0 1 0	(N(F)(N(H(H(N(H))(N(H))))))	166	0 1 0 0 0;0 1 0 1 0;0 2 0 0 0;0 2 0 1 0;1 2 0 0 0;1 2 0 1 0;2 2 0 0 0;2 2 0 1 0;2 3 0 0 0;2 3 0 1 0;2 4 0 0 0;2 4 0 1 0;3 3 0 0 0;3 3 0 1 0;3 4 0 0 0;3 4 0 1 0;4 4 0 0 0;	1606.58669	5	11.95149	9.11475	17.21972	8	0.00129	0.45980	0.42105	0.56250	0.00000	0	0	17.21972	8.97864	12.84935	1.0519463486694249e-19	0.0011389521640091116	0.0011389521640091116	sp|P01857|IGHG1_HUMAN	180
2020111CXY-6.12803.12803.3.0.dta	2020111CXY-6.12803.12803.3.0.dta	2020111CXY-6	12803	3437.15152	4916.04473	1639.35309	3	1	YPHKPEIJSTTHPGADLQEJFCR	22,Carbamidomethyl[C];	2711.26307	5 4 2 0 0	(N(N(H(H(N(H(A))))(H(N(H(A)))))))	754	0 1 0 0 0;0 2 0 0 0;1 2 0 0 0;2 2 0 0 0;2 3 0 0 0;3 2 0 0 0;3 3 0 0 0;3 3 1 0 0;3 4 0 0 0;4 3 0 0 0;4 3 1 0 0;4 4 0 0 0;4 4 1 0 0;5 4 0 0 0;5 4 1 0 0;	2204.77244	8	24.12527	24.41370	23.58963	6	0.00922	1.87549	0.64706	0.47727	0.00000	0	0	23.58963	10.52406	25.17768	3.3424492219856096e-28	0.0	3.3424492219856096e-28	sp|P00734|THRB_HUMAN	143
2020111CXY-6.15400.15400.2.0.dta	2020111CXY-6.15400.15400.2.0.dta	2020111CXY-6	15400	4294.25166	2825.15377	1413.08052	2	1	JGSLFAFR		911.47338	5 4 1 0 0	(N(N(H(H(N(H)))(H(N(H(A)))))))	380	0 1 0 0 0;0 2 0 0 0;1 2 0 0 0;2 2 0 0 0;2 3 0 0 0;3 2 0 0 0;3 3 0 0 0;3 3 1 0 0;3 4 0 0 0;4 3 0 0 0;4 3 1 0 0;4 4 0 0 0;4 4 1 0 0;5 4 0 0 0;	1913.67702	1	48.30830	69.96406	8.09044	5	0.00337	1.19268	0.31250	1.42857	0.00000	0	0	8.09044	17.32504	50.04080	2.5970229505854307e-08	0.0	2.5970229505854307e-08	sp|P04004|VTNC_HUMAN	169
2020111CXY-6.17063.17063.3.0.dta	2020111CXY-6.17063.17063.3.0.dta	2020111CXY-6	17063	4743.43716	4730.05622	1577.35692	3	1	VVLHPJYSQVDIGLIK		1795.01124	7 6 2 0 0	(N(N(H(H(N(H))(N(H(A))))(H(N(H))(N(H(A)))))))	1945	0 1 0 0 0;0 2 0 0 0;1 2 0 0 0;2 2 0 0 0;2 3 0 0 0;2 4 0 0 0;3 2 0 0 0;3 3 0 0 0;3 3 1 0 0;3 4 0 0 0;3 4 1 0 0;3 5 0 0 0;3 6 0 0 0;4 3 0 0 0;4 3 1 0 0;4 4 0 0 0;4 4 1 0 0;4 5 0 0 0;4 5 1 0 0;4 6 0 0 0;4 6 1 0 0;5 4 0 0 0;5 4 1 0 0;5 4 2 0 0;5 5 0 0 0;5 5 1 0 0;5 5 2 0 0;5 6 0 0 0;5 6 1 0 0;5 6 2 0 0;6 5 0 0 0;6 5 1 0 0;6 5 2 0 0;6 6 0 0 0;6 6 1 0 0;6 6 2 0 0;7 6 0 0 0;7 6 1 0 0;	2935.03683	6	21.18088	23.99353	15.95737	6	0.00815	1.72240	0.27500	0.63333	0.00000	0	0	15.95737	11.51595	22.33248	4.563552682268225e-18	0.0	4.563552682268225e-18	sp|P00738|HPT_HUMAN	241
2020111CXY-6.9570.9570.3.0.dta	2020111CXY-6.9570.9570.3.0.dta	2020111CXY-6	9570	2546.08257	2602.05831	868.02429	3	1	EEQFJSTFR		1157.52218	3 4 0 1 0	(N(N(H(H(N))(H(N(F))))))	89	0 1 0 0 0;0 2 0 0 0;1 2 0 0 0;2 2 0 0 0;2 3 0 0 0;2 3 0 1 0;3 2 0 0 0;3 3 0 0 0;3 3 0 1 0;3 4 0 0 0;	1444.53387	5	26.47681	25.17533	28.89383	7	0.00227	0.87165	0.58333	0.68750	0.00000	0	0	28.89383	9.91748	27.46856	1.5627258321132184e-35	0.0	1.5627258321132184e-35	sp|P01859|IGHG2_HUMAN	176
2020111CXY-6.6265.6265.2.0.dta	2020111CXY-6.6265.6265.2.0.dta	2020111CXY-6	6265	1656.65584	2999.18059	1500.09393	2	1	EEQYJSTYR		1189.51199	4 5 0 1 0	(N(F)(N(H(N)(H(N(H))(N(H))))))	291	0 1 0 0 0;0 1 0 1 0;0 2 0 0 0;0 2 0 1 0;1 2 0 0 0;1 2 0 1 0;1 3 0 0 0;1 3 0 1 0;2 2 0 0 0;2 2 0 1 0;2 3 0 0 0;2 3 0 1 0;2 4 0 0 0;2 4 0 1 0;2 5 0 0 0;2 5 0 1 0;3 3 0 0 0;3 3 0 1 0;3 4 0 0 0;3 4 0 1 0;3 5 0 0 0;3 5 0 1 0;4 4 0 0 0;4 4 0 1 0;4 5 0 0 0;	1809.66607	5	16.06765	13.72130	20.42516	8	0.00254	0.84527	0.33333	0.62500	0.00000	0	0	20.42516	10.49389	17.11704	5.537708773217477e-24	0.0	5.537708773217477e-24	sp|P01857|IGHG1_HUMAN	180
2020111CXY-6.6265.6265.2.1.dta	2020111CXY-6.6265.6265.2.1.dta	2020111CXY-6	6265	1656.65584	3001.11283	1501.06005	2	1	NEEYJK		796.34716	5 4 2 0 0	(N(N(H(H(N(H(A))))(H(N(H(A)))))))	754	0 1 0 0 0;0 2 0 0 0;1 2 0 0 0;2 2 0 0 0;2 3 0 0 0;3 2 0 0 0;3 3 0 0 0;3 3 1 0 0;3 4 0 0 0;4 3 0 0 0;4 3 1 0 0;4 4 0 0 0;4 4 1 0 0;5 4 0 0 0;5 4 1 0 0;	2204.77244	5	32.93027	44.69119	11.08855	6	-0.00677	-2.25651	0.35294	1.20000	0.00000	0	0	11.08855	10.93232	34.02350	7.900696607485336e-12	0.0	7.900696607485336e-12	sp|P02763|A1AG1_HUMAN/sp|P19652|A1AG2_HUMAN	56/56
2020111CXY-6.16446.16446.3.0.dta	2020111CXY-6.16446.16446.3.0.dta	2020111CXY-6	16446	4577.24458	3708.69245	1236.90233	3	1	VVLHPJYSQVDIGLIK		1795.01124	5 4 1 0 0	(N(N(H(H(N(H)))(H(N(H(A)))))))	380	0 1 0 0 0;0 2 0 0 0;1 2 0 0 0;2 2 0 0 0;2 3 0 0 0;3 2 0 0 0;3 3 0 0 0;3 3 1 0 0;3 4 0 0 0;4 3 0 0 0;4 3 1 0 0;4 4 0 0 0;4 4 1 0 0;5 4 0 0 0;	1913.67702	6	28.14122	26.24157	31.66915	7	0.00419	1.12856	0.62500	0.60000	0.00000	0	0	31.66915	11.79923	29.32114	1.583648517463476e-39	0.0	1.583648517463476e-39	sp|P00738|HPT_HUMAN	241
2020111CXY-6.7809.7809.2.0.dta	2020111CXY-6.7809.7809.2.0.dta	2020111CXY-6	7809	2072.33236	3268.26931	1634.63829	2	1	JGTAVCATNR	6,Carbamidomethyl[C];	1063.49492	5 4 2 0 0	(N(N(H(H(N(H(A))))(H(N(H(A)))))))	754	0 1 0 0 0;0 2 0 0 0;1 2 0 0 0;2 2 0 0 0;2 3 0 0 0;3 2 0 0 0;3 3 0 0 0;3 3 1 0 0;3 4 0 0 0;4 3 0 0 0;4 3 1 0 0;4 4 0 0 0;4 4 1 0 0;5 4 0 0 0;5 4 1 0 0;	2204.77244	1	24.73655	32.23287	10.81482	6	0.00195	0.59817	0.35294	1.00000	0.00000	0	0	10.81482	13.72441	26.10899	2.170622918363924e-11	0.0	2.170622918363924e-11	sp|P05156|CFAI_HUMAN	70
2020111CXY-6.5727.5727.2.0.dta	2020111CXY-6.5727.5727.2.0.dta	2020111CXY-6	5727	1513.47137	2796.10311	1398.55519	2	1	EEQYJSTYR		1189.51199	4 4 0 1 0	(N(F)(N(H(H(N))(H(N(H))))))	158	0 1 0 0 0;0 1 0 1 0;0 2 0 0 0;0 2 0 1 0;1 2 0 0 0;1 2 0 1 0;2 2 0 0 0;2 2 0 1 0;2 3 0 0 0;2 3 0 1 0;3 2 0 0 0;3 2 0 1 0;3 3 0 0 0;3 3 0 1 0;3 4 0 0 0;3 4 0 1 0;4 3 0 0 0;4 3 0 1 0;4 4 0 0 0;	1606.58669	5	21.98476	15.94090	33.20906	9	0.00442	1.58208	0.47619	0.62500	0.00000	0	0	33.20906	10.24531	23.00929	1.6288306054792815e-41	0.0	1.6288306054792815e-41	sp|P01857|IGHG1_HUMAN	180
2020111CXY-6.17813.17813.3.0.dta	2020111CXY-6.17813.17813.3.0.dta	2020111CXY-6	17813	4944.33804	4036.77791	1346.26415	3	1	VDKDLQSLEDILHQVEJK		2123.09789	5 4 1 0 0	(N(N(H(H(N(H)))(H(N(H(A)))))))	380	0 1 0 0 0;0 2 0 0 0;1 2 0 0 0;2 2 0 0 0;2 3 0 0 0;3 2 0 0 0;3 3 0 0 0;3 3 1 0 0;3 4 0 0 0;4 3 0 0 0;4 3 1 0 0;4 4 0 0 0;4 4 1 0 0;5 4 0 0 0;	1913.67702	17	23.69537	21.66755	27.46131	7	0.00300	0.74255	0.68750	0.50000	0.00000	0	0	27.46131	11.23871	24.81924	1.6913675379916304e-33	0.0	1.6913675379916304e-33	sp|P02679|FIBG_HUMAN	78
2020111CXY-6.18705.18705.3.0.dta	2020111CXY-6.18705.18705.3.0.dta	2020111CXY-6	18705	5184.14954	3666.58908	1222.86788	3	1	ALPQPQJVTSLLGCTH	14,Carbamidomethyl[C];	1735.87958	6 4 0 1 0	(N(N(H(H(H))(H(N(H))(N(H)(F))))))	399	0 1 0 0 0;0 2 0 0 0;1 2 0 0 0;2 2 0 0 0;2 3 0 0 0;2 3 0 1 0;2 4 0 0 0;2 4 0 1 0;3 2 0 0 0;3 3 0 0 0;3 3 0 1 0;3 4 0 0 0;3 4 0 1 0;4 2 0 0 0;4 3 0 0 0;4 3 0 1 0;4 4 0 0 0;4 4 0 1 0;5 3 0 0 0;5 3 0 1 0;5 4 0 0 0;5 4 0 1 0;6 4 0 0 0;	1930.69234	7	35.58477	46.10468	16.04780	6	0.01716	4.68086	0.36000	0.80000	0.00000	0	0	16.04780	14.51510	37.03628	3.1242987863938458e-18	0.0	3.1242987863938458e-18	sp|P02790|HEMO_HUMAN	453
2020111CXY-6.4930.4930.3.0.dta	2020111CXY-6.4930.4930.3.0.dta	2020111CXY-6	4930	1299.70144	3303.32951	1101.78136	3	1	YKJNSDISSTR		1284.61786	6 3 1 1 0	(N(F)(N(H(H(H)(H))(H(N(H(A)))))))	491	0 1 0 0 0;0 1 0 1 0;0 2 0 0 0;0 2 0 1 0;1 2 0 0 0;1 2 0 1 0;2 2 0 0 0;2 2 0 1 0;2 3 0 0 0;2 3 0 1 0;3 2 0 0 0;3 2 0 1 0;3 3 0 0 0;3 3 0 1 0;3 3 1 0 0;3 3 1 1 0;4 2 0 0 0;4 2 0 1 0;4 3 0 0 0;4 3 0 1 0;4 3 1 0 0;4 3 1 1 0;5 2 0 0 0;5 2 0 1 0;5 3 0 0 0;5 3 0 1 0;5 3 1 0 0;5 3 1 1 0;6 3 0 0 0;6 3 0 1 0;6 3 1 0 0;	2018.70838	3	67.41230	47.73877	103.94885	9	0.00327	0.99015	0.72727	1.00000	0.00000	0	0	103.94885	15.61065	68.97336	1.4103559259976096e-142	0.0	1.4103559259976096e-142	sp|P01871|IGHM_HUMAN	46
2020111CXY-6.9625.9625.3.0.dta	2020111CXY-6.9625.9625.3.0.dta	2020111CXY-6	9625	2561.14015	2967.19219	989.73558	3	1	EEQFJSTFR		1157.52218	4 5 0 1 0	(N(N(H(N)(H(N(H)))(H(N(F))))))	303	0 1 0 0 0;0 2 0 0 0;1 2 0 0 0;1 3 0 0 0;2 2 0 0 0;2 3 0 0 0;2 3 0 1 0;2 4 0 0 0;2 4 0 1 0;3 2 0 0 0;3 3 0 0 0;3 3 0 1 0;3 4 0 0 0;3 4 0 1 0;3 5 0 0 0;3 5 0 1 0;4 3 0 0 0;4 4 0 0 0;4 4 0 1 0;4 5 0 0 0;	1809.66607	5	55.25022	62.03874	42.64296	7	0.00395	1.32958	0.59091	1.00000	0.00000	0	0	42.64296	13.30626	56.58085	6.635147184332428e-55	0.0	6.635147184332428e-55	sp|P01859|IGHG2_HUMAN	176
2020111CXY-6.5693.5693.3.0.dta	2020111CXY-6.5693.5693.3.0.dta	2020111CXY-6	5693	1504.32627	2977.17470	993.06308	3	1	JGTAVCATNR	6,Carbamidomethyl[C];	1063.49492	5 4 1 0 0	(N(N(H(H(N(H)))(H(N(H(A)))))))	380	0 1 0 0 0;0 2 0 0 0;1 2 0 0 0;2 2 0 0 0;2 3 0 0 0;3 2 0 0 0;3 3 0 0 0;3 3 1 0 0;3 4 0 0 0;4 3 0 0 0;4 3 1 0 0;4 4 0 0 0;4 4 1 0 0;5 4 0 0 0;	1913.67702	1	60.50989	68.26627	46.10519	7	0.00276	0.92621	0.62500	1.27778	0.00000	0	0	46.10519	18.29873	62.33976	1.1800657278715276e-59	0.0	1.1800657278715276e-59	sp|P05156|CFAI_HUMAN	70
2020111CXY-6.5163.5163.2.1.dta	2020111CXY-6.5163.5163.2.1.dta	2020111CXY-6	5163	1362.69197	1497.64363	749.32545	2	1	AEJQSHDYK		1091.47522	0 2 0 0 0	(N(N))	2	0 1 0 0 0;	406.15875	3	6.50617	10.00950	0.00000	0	0.00967	6.45430	0.00000	0.50000	0.00000	0	0	0.00000	8.00752	7.30692	0	0.006276150627615063	0.006276150627615063	sp|Q5UIP0|RIF1_HUMAN	1599
2020111CXY-6.5132.5132.3.0.dta	2020111CXY-6.5132.5132.3.0.dta	2020111CXY-6	5132	1354.23223	2710.12200	904.04552	3	1	GHVJITR		796.44241	5 4 1 0 0	(N(N(H(H(N(H)))(H(N(H(A)))))))	380	0 1 0 0 0;0 2 0 0 0;1 2 0 0 0;2 2 0 0 0;2 3 0 0 0;3 2 0 0 0;3 3 0 0 0;3 3 1 0 0;3 4 0 0 0;4 3 0 0 0;4 3 1 0 0;4 4 0 0 0;4 4 1 0 0;5 4 0 0 0;	1913.67702	4	33.64460	19.99686	58.99039	7	0.00257	0.94700	0.75000	0.75000	0.00000	0	0	58.99039	9.98379	34.64298	4.2005292698797344e-78	0.0	4.2005292698797344e-78	sp|P00734|THRB_HUMAN	121
2020111CXY-6.18984.18984.3.0.dta	2020111CXY-6.18984.18984.3.0.dta	2020111CXY-6	18984	5259.14721	3669.57725	1223.86393	3	1	YLGJATAIFFLPDEGK		1755.89521	5 4 1 0 0	(N(N(H(H(N(H)))(H(N(H(A)))))))	380	0 1 0 0 0;0 2 0 0 0;1 2 0 0 0;2 2 0 0 0;2 3 0 0 0;3 2 0 0 0;3 3 0 0 0;3 3 1 0 0;3 4 0 0 0;4 3 0 0 0;4 3 1 0 0;4 4 0 0 0;4 4 1 0 0;5 4 0 0 0;	1913.67702	4	33.60916	40.89242	20.08313	6	0.00502	1.36732	0.50000	0.63333	0.00000	0	0	20.08313	15.52855	35.16202	1.5353166666072374e-23	0.0	1.5353166666072374e-23	sp|P01009|A1AT_HUMAN	271
2020111CXY-6.18822.18822.3.0.dta	2020111CXY-6.18822.18822.3.0.dta	2020111CXY-6	18822	5215.89507	4086.71406	1362.90954	3	1	ALPQPQJVTSLLGCTH	14,Carbamidomethyl[C];	1735.87958	5 4 2 1 0	(N(N(H(H(N(H(A))))(H(N(F)(H(A)))))))	993	0 1 0 0 0;0 2 0 0 0;1 2 0 0 0;2 2 0 0 0;2 3 0 0 0;2 3 0 1 0;3 2 0 0 0;3 3 0 0 0;3 3 0 1 0;3 3 1 0 0;3 3 1 1 0;3 4 0 0 0;3 4 0 1 0;4 3 0 0 0;4 3 0 1 0;4 3 1 0 0;4 3 1 1 0;4 4 0 0 0;4 4 0 1 0;4 4 1 0 0;4 4 1 1 0;5 4 0 0 0;5 4 0 1 0;5 4 1 0 0;5 4 1 1 0;5 4 2 0 0;	2350.83035	7	28.93249	37.98578	12.11924	5	0.00413	1.01063	0.35714	0.73333	0.00000	0	0	12.11924	13.66274	30.29876	3.7341472125284984e-13	0.0	3.7341472125284984e-13	sp|P02790|HEMO_HUMAN	453
2020111CXY-6.17175.17175.3.0.dta	2020111CXY-6.17175.17175.3.0.dta	2020111CXY-6	17175	4773.41680	3390.43183	1130.81546	3	1	CGLVPVLAENYJK	1,Carbamidomethyl[C];	1476.75152	5 4 1 0 0	(N(N(H(H(N(H)))(H(N(H(A)))))))	380	0 1 0 0 0;0 2 0 0 0;1 2 0 0 0;2 2 0 0 0;2 3 0 0 0;3 2 0 0 0;3 3 0 0 0;3 3 1 0 0;3 4 0 0 0;4 3 0 0 0;4 3 1 0 0;4 4 0 0 0;4 4 1 0 0;5 4 0 0 0;	1913.67702	12	16.50602	22.36283	5.62907	5	0.00329	0.96934	0.31250	0.62500	0.00000	0	0	5.62907	10.03901	17.50992	8.11985769318304e-06	0.0	8.11985769318304e-06	sp|P02787|TRFE_HUMAN	432
2020111CXY-6.18890.18890.3.0.dta	2020111CXY-6.18890.18890.3.0.dta	2020111CXY-6	18890	5234.07027	4690.89526	1564.30327	3	1	LAJLTQGEDQYYLR		1683.83366	6 5 3 1 0	(N(N(H(H(N(F)(H(A))))(H(N(H(A)))(N(H(A)))))))	2060	0 1 0 0 0;0 2 0 0 0;1 2 0 0 0;2 2 0 0 0;2 3 0 0 0;2 3 0 1 0;2 4 0 0 0;3 2 0 0 0;3 3 0 0 0;3 3 0 1 0;3 3 1 0 0;3 3 1 1 0;3 4 0 0 0;3 4 0 1 0;3 4 1 0 0;3 5 0 0 0;3 5 0 1 0;4 3 0 0 0;4 3 0 1 0;4 3 1 0 0;4 3 1 1 0;4 4 0 0 0;4 4 0 1 0;4 4 1 0 0;4 4 1 1 0;4 4 2 0 0;4 5 0 0 0;4 5 0 1 0;4 5 1 0 0;4 5 1 1 0;5 4 0 0 0;5 4 0 1 0;5 4 1 0 0;5 4 1 1 0;5 4 2 0 0;5 4 2 1 0;5 5 0 0 0;5 5 0 1 0;5 5 1 0 0;5 5 1 1 0;5 5 2 0 0;5 5 2 1 0;6 5 0 0 0;6 5 0 1 0;6 5 1 0 0;6 5 1 1 0;6 5 2 0 0;6 5 2 1 0;6 5 3 0 0;	3007.05796	3	12.81829	18.46498	2.33159	3	0.00363	0.77462	0.13725	0.61538	0.00000	0	0	2.33159	9.48328	13.76662	0.003345199961419739	0.0	0.003345199961419739	sp|P10909|CLUS_HUMAN	374
2020111CXY-6.9592.9592.3.0.dta	2020111CXY-6.9592.9592.3.0.dta	2020111CXY-6	9592	2551.80105	3129.24519	1043.75325	3	1	EEQFJSTFR		1157.52218	5 5 0 1 0	(N(F)(N(H(N)(H(N(H)))(H(N(H))))))	459	0 1 0 0 0;0 1 0 1 0;0 2 0 0 0;0 2 0 1 0;1 2 0 0 0;1 2 0 1 0;1 3 0 0 0;1 3 0 1 0;2 2 0 0 0;2 2 0 1 0;2 3 0 0 0;2 3 0 1 0;2 4 0 0 0;2 4 0 1 0;3 2 0 0 0;3 2 0 1 0;3 3 0 0 0;3 3 0 1 0;3 4 0 0 0;3 4 0 1 0;3 5 0 0 0;3 5 0 1 0;4 3 0 0 0;4 3 0 1 0;4 4 0 0 0;4 4 0 1 0;4 5 0 0 0;4 5 0 1 0;5 4 0 0 0;5 4 0 1 0;5 5 0 0 0;	1971.71889	5	36.41342	35.34341	38.40059	8	0.00412	1.31747	0.45455	0.93750	0.00000	0	0	38.40059	11.31931	37.54535	9.695675238843155e-49	0.0	9.695675238843155e-49	sp|P01859|IGHG2_HUMAN	176
2020111CXY-6.6660.6660.3.0.dta	2020111CXY-6.6660.6660.3.0.dta	2020111CXY-6	6660	1763.37051	3310.32517	1104.11324	3	1	GHVJITR		796.44241	6 4 1 3 0	(N(N(H(H(N(F)(H(H))))(H(N(F)(H(A)(F)))))))	1272	0 1 0 0 0;0 2 0 0 0;1 2 0 0 0;2 2 0 0 0;2 3 0 0 0;2 3 0 1 0;3 2 0 0 0;3 3 0 0 0;3 3 0 1 0;3 3 0 2 0;3 3 1 0 0;3 3 1 1 0;3 3 1 2 0;3 4 0 0 0;3 4 0 1 0;3 4 0 2 0;4 3 0 0 0;4 3 0 1 0;4 3 0 2 0;4 3 1 0 0;4 3 1 1 0;4 3 1 2 0;4 4 0 0 0;4 4 0 1 0;4 4 0 2 0;4 4 0 3 0;4 4 1 0 0;4 4 1 1 0;4 4 1 2 0;4 4 1 3 0;5 3 0 0 0;5 3 0 1 0;5 4 0 0 0;5 4 0 1 0;5 4 0 2 0;5 4 0 3 0;5 4 1 0 0;5 4 1 1 0;5 4 1 2 0;5 4 1 3 0;6 4 0 0 0;6 4 0 1 0;6 4 0 2 0;6 4 0 3 0;6 4 1 0 0;6 4 1 1 0;6 4 1 2 0;	2513.90357	4	32.02398	26.25054	42.74608	7	-0.02081	-6.28771	0.30612	0.91667	0.00000	0	0	42.74608	10.40014	33.06399	4.222626369172074e-55	0.0	4.222626369172074e-55	sp|P00734|THRB_HUMAN	121
2020111CXY-6.15813.15813.3.0.dta	2020111CXY-6.15813.15813.3.0.dta	2020111CXY-6	15813	4406.44459	3745.44735	1249.15397	3	1	DFVJASSK		867.42067	7 5 2 1 0	(N(N(H(N)(H(H)(H))(H(N(H(A)))(N(F)(H(A)))))))	1849	0 1 0 0 0;0 2 0 0 0;1 2 0 0 0;1 3 0 0 0;2 2 0 0 0;2 3 0 0 0;2 3 0 1 0;2 4 0 0 0;2 4 0 1 0;2 5 0 0 0;2 5 0 1 0;3 2 0 0 0;3 3 0 0 0;3 3 0 1 0;3 3 1 0 0;3 3 1 1 0;3 4 0 0 0;3 4 0 1 0;3 4 1 0 0;3 4 1 1 0;3 5 0 0 0;3 5 0 1 0;3 5 1 0 0;3 5 1 1 0;4 2 0 0 0;4 3 0 0 0;4 3 0 1 0;4 3 1 0 0;4 3 1 1 0;4 4 0 0 0;4 4 0 1 0;4 4 1 0 0;4 4 1 1 0;4 4 2 0 0;4 4 2 1 0;4 5 0 0 0;4 5 0 1 0;4 5 1 0 0;4 5 1 1 0;4 5 2 0 0;4 5 2 1 0;5 2 0 0 0;5 3 0 0 0;5 3 0 1 0;5 3 1 0 0;5 3 1 1 0;5 4 0 0 0;5 4 0 1 0;5 4 1 0 0;5 4 1 1 0;5 4 2 0 0;5 4 2 1 0;5 5 0 0 0;5 5 0 1 0;5 5 1 0 0;5 5 1 1 0;5 5 2 0 0;5 5 2 1 0;6 3 0 0 0;6 3 0 1 0;6 3 1 0 0;6 3 1 1 0;6 4 0 0 0;6 4 0 1 0;6 4 1 0 0;6 4 1 1 0;6 4 2 0 0;6 4 2 1 0;6 5 0 0 0;6 5 0 1 0;6 5 1 0 0;6 5 1 1 0;6 5 2 0 0;6 5 2 1 0;7 4 0 0 0;7 4 0 1 0;7 4 1 0 0;7 4 1 1 0;7 4 2 0 0;7 4 2 1 0;7 5 0 0 0;7 5 0 1 0;7 5 1 0 0;7 5 1 1 0;7 5 2 0 0;	2878.01537	4	17.52121	24.23955	5.04428	6	0.01131	3.01934	0.08046	0.92857	0.00000	0	0	5.04428	10.81929	18.60314	2.9080790927932058e-05	0.0	2.9080790927932058e-05	sp|P05546|HEP2_HUMAN	188
2020111CXY-6.10017.10017.3.0.dta	2020111CXY-6.10017.10017.3.0.dta	2020111CXY-6	10017	2667.15297	2833.25317	945.08924	3	1	QSVPAHFVALJGSK		1454.77504	6 2 0 0 0	(N(N(H(H(H))(H(H)(H)))))	67	0 1 0 0 0;0 2 0 0 0;1 2 0 0 0;2 2 0 0 0;3 2 0 0 0;4 2 0 0 0;5 2 0 0 0;	1378.47569	11	96.17011	116.13343	59.09537	7	0.00244	0.86143	1.00000	1.07692	0.00000	0	0	59.09537	23.86156	98.55627	2.4893441523724683e-78	0.0	2.4893441523724683e-78	sp|P06681|CO2_HUMAN	621
2020111CXY-6.10253.10253.3.0.dta	2020111CXY-6.10253.10253.3.0.dta	2020111CXY-6	10253	2730.51472	2823.12210	941.71222	3	1	DTFVJASR		909.44247	5 4 1 0 0	(N(N(H(H(N(H)))(H(N(H(A)))))))	380	0 1 0 0 0;0 2 0 0 0;1 2 0 0 0;2 2 0 0 0;2 3 0 0 0;3 2 0 0 0;3 3 0 0 0;3 3 1 0 0;3 4 0 0 0;4 3 0 0 0;4 3 1 0 0;4 4 0 0 0;4 4 1 0 0;5 4 0 0 0;	1913.67702	5	31.38429	31.01462	32.07080	7	0.00261	0.92468	0.50000	0.85714	0.00000	0	0	32.07080	10.88234	32.47252	5.979702972708528e-40	0.0	5.979702972708528e-40	sp|P05155|IC1_HUMAN	238
2020111CXY-6.17278.17278.3.0.dta	2020111CXY-6.17278.17278.3.0.dta	2020111CXY-6	17278	4800.86829	3407.46044	1136.49166	3	1	CGLVPVLAENYJK	1,Carbamidomethyl[C];	1476.75152	6 4 0 1 0	(N(N(H(H(H)(H))(H(N(H))(N(F))))))	405	0 1 0 0 0;0 2 0 0 0;1 2 0 0 0;2 2 0 0 0;2 3 0 0 0;2 3 0 1 0;2 4 0 0 0;2 4 0 1 0;3 2 0 0 0;3 3 0 0 0;3 3 0 1 0;3 4 0 0 0;3 4 0 1 0;4 2 0 0 0;4 3 0 0 0;4 3 0 1 0;4 4 0 0 0;4 4 0 1 0;5 2 0 0 0;5 3 0 0 0;5 3 0 1 0;5 4 0 0 0;5 4 0 1 0;6 3 0 0 0;6 4 0 0 0;	1930.69234	12	39.41031	49.41127	20.83710	7	0.01658	4.86573	0.37037	0.87500	0.00000	0	0	20.83710	14.20300	40.83061	1.5111419976034169e-24	0.0	1.5111419976034169e-24	sp|P02787|TRFE_HUMAN	432
2020111CXY-6.18577.18577.5.0.dta	2020111CXY-6.18577.18577.5.0.dta	2020111CXY-6	18577	5149.77607	5285.17927	1057.84167	5	1	FJLTETSEAEIHQSFQHLLR		2400.19425	5 4 2 3 1	(N(N(H(H(N(F)(H(pH))))(H(N(F)(H(F)(A(A))))))))	12660	0 1 0 0 0;0 2 0 0 0;1 2 0 0 0;2 2 0 0 0;2 3 0 0 0;2 3 0 1 0;3 2 0 0 0;3 3 0 0 0;3 3 0 0 1;3 3 0 1 0;3 3 0 1 1;3 3 0 2 0;3 3 1 0 0;3 3 1 1 0;3 3 1 2 0;3 3 2 0 0;3 3 2 1 0;3 3 2 2 0;3 4 0 0 0;3 4 0 1 0;3 4 0 2 0;4 3 0 0 0;4 3 0 0 1;4 3 0 1 0;4 3 0 1 1;4 3 0 2 0;4 3 1 0 0;4 3 1 1 0;4 3 1 2 0;4 3 2 0 0;4 3 2 1 0;4 3 2 2 0;4 4 0 0 0;4 4 0 0 1;4 4 0 1 0;4 4 0 1 1;4 4 0 2 0;4 4 0 2 1;4 4 0 3 0;4 4 1 0 0;4 4 1 1 0;4 4 1 2 0;4 4 1 3 0;4 4 2 0 0;4 4 2 1 0;4 4 2 2 0;4 4 2 3 0;5 4 0 0 0;5 4 0 0 1;5 4 0 1 0;5 4 0 1 1;5 4 0 2 0;5 4 0 2 1;5 4 0 3 0;5 4 0 3 1;5 4 1 0 0;5 4 1 0 1;5 4 1 1 0;5 4 1 1 1;5 4 1 2 0;5 4 1 2 1;5 4 1 3 0;5 4 1 3 1;5 4 2 0 0;5 4 2 0 1;5 4 2 1 0;5 4 2 1 1;5 4 2 2 0;5 4 2 2 1;5 4 2 3 0;	2884.96532	2	48.44249	67.00258	13.97376	7	0.01970	3.72648	0.12500	0.94737	0.00000	0	0	13.97376	18.10383	50.25287	1.4419132285316918e-15	0.0	1.4419132285316918e-15	sp|P01011|AACT_HUMAN	106
2020111CXY-6.6074.6074.3.0.dta	2020111CXY-6.6074.6074.3.0.dta	2020111CXY-6	6074	1605.65733	3015.17605	1005.73020	3	1	EEQYJSTYR		1189.51199	5 5 0 0 0	(N(N(H(N)(H(N(H)))(H(N(H))))))	309	0 1 0 0 0;0 2 0 0 0;1 2 0 0 0;1 3 0 0 0;2 2 0 0 0;2 3 0 0 0;2 4 0 0 0;3 2 0 0 0;3 3 0 0 0;3 4 0 0 0;3 5 0 0 0;4 3 0 0 0;4 4 0 0 0;4 5 0 0 0;5 4 0 0 0;	1825.66098	5	23.69884	22.41738	26.07870	6	0.00308	1.02299	0.52941	0.68750	0.00000	0	0	26.07870	9.81915	24.68075	1.378567235752494e-31	0.0	1.378567235752494e-31	sp|P01857|IGHG1_HUMAN	180
2020111CXY-6.6617.6617.3.0.dta	2020111CXY-6.6617.6617.3.0.dta	2020111CXY-6	6617	1751.86754	2710.12183	904.04546	3	1	GHVJITR		796.44241	5 4 1 0 0	(N(N(H(H(N(H)))(H(N(H(A)))))))	380	0 1 0 0 0;0 2 0 0 0;1 2 0 0 0;2 2 0 0 0;2 3 0 0 0;3 2 0 0 0;3 3 0 0 0;3 3 1 0 0;3 4 0 0 0;4 3 0 0 0;4 3 1 0 0;4 4 0 0 0;4 4 1 0 0;5 4 0 0 0;	1913.67702	4	19.80094	8.48857	40.80964	7	0.00239	0.88169	0.62500	0.50000	0.00000	0	0	40.80964	8.40938	20.64188	1.545026700085259e-52	0.0022002200220022	0.0022002200220022	sp|P00734|THRB_HUMAN	121
2020111CXY-6.17491.17491.3.0.dta	2020111CXY-6.17491.17491.3.0.dta	2020111CXY-6	17491	4857.77210	3649.56138	1217.19198	3	1	ALPQPQJVTSLLGCTH	14,Carbamidomethyl[C];	1735.87958	5 4 1 0 0	(N(N(H(H(N(H)))(H(N(H(A)))))))	380	0 1 0 0 0;0 2 0 0 0;1 2 0 0 0;2 2 0 0 0;2 3 0 0 0;3 2 0 0 0;3 3 0 0 0;3 3 1 0 0;3 4 0 0 0;4 3 0 0 0;4 3 1 0 0;4 4 0 0 0;4 4 1 0 0;5 4 0 0 0;	1913.67702	7	51.66707	71.70081	14.46156	5	0.00477	1.30687	0.50000	0.93333	0.00000	0	0	14.46156	17.01736	53.36881	3.5449552732802133e-16	0.0	3.5449552732802133e-16	sp|P02790|HEMO_HUMAN	453
2020111CXY-6.16979.16979.3.0.dta	2020111CXY-6.16979.16979.3.0.dta	2020111CXY-6	16979	4720.59007	4428.80762	1476.94072	3	1	QQQHLFGSJVTDCSGJFCLFR	13,Carbamidomethyl[C];18,Carbamidomethyl[C];	2515.12414	5 4 1 0 0	(N(N(H(H(N(H)))(H(N(H(A)))))))	380	0 1 0 0 0;0 2 0 0 0;1 2 0 0 0;2 2 0 0 0;2 3 0 0 0;3 2 0 0 0;3 3 0 0 0;3 3 1 0 0;3 4 0 0 0;4 3 0 0 0;4 3 1 0 0;4 4 0 0 0;4 4 1 0 0;5 4 0 0 0;	1913.67702	9	27.27315	39.18984	5.14215	4	0.00645	1.45716	0.37500	0.67500	0.00000	0	0	5.14215	15.24391	28.79754	2.3793371040659007e-05	0.0	2.3793371040659007e-05	sp|P02787|TRFE_HUMAN	630
2020111CXY-6.15556.15556.3.0.dta	2020111CXY-6.15556.15556.3.0.dta	2020111CXY-6	15556	4336.73995	4137.71083	1379.90846	3	1	QQQHLFGSJVTDCSGJFCLFR	13,Carbamidomethyl[C];18,Carbamidomethyl[C];	2515.12414	5 4 0 0 0	(N(N(H(H(N(H)))(H(N(H))))))	175	0 1 0 0 0;0 2 0 0 0;1 2 0 0 0;2 2 0 0 0;2 3 0 0 0;3 2 0 0 0;3 3 0 0 0;3 4 0 0 0;4 3 0 0 0;4 4 0 0 0;	1622.58161	9	51.13124	61.82227	31.27646	7	0.00508	1.22725	0.75000	0.80000	0.00000	0	0	31.27646	20.14286	53.14553	5.3233977225433773e-39	0.0	5.3233977225433773e-39	sp|P02787|TRFE_HUMAN	630
2020111CXY-6.16577.16577.3.0.dta	2020111CXY-6.16577.16577.3.0.dta	2020111CXY-6	16577	4612.91123	3685.52922	1229.18126	3	1	VCQDCPLLAPLJDTR	2,Carbamidomethyl[C];5,Carbamidomethyl[C];	1771.84657	5 4 1 0 0	(N(N(H(H(N(H)))(H(N(H(A)))))))	380	0 1 0 0 0;0 2 0 0 0;1 2 0 0 0;2 2 0 0 0;2 3 0 0 0;3 2 0 0 0;3 3 0 0 0;3 3 1 0 0;3 4 0 0 0;4 3 0 0 0;4 3 1 0 0;4 4 0 0 0;4 4 1 0 0;5 4 0 0 0;	1913.67702	12	21.68238	25.96608	13.72694	6	0.00562	1.52610	0.43750	0.57143	0.00000	0	0	13.72694	10.02084	22.68446	3.964549415761753e-15	0.0	3.964549415761753e-15	sp|P02765|FETUA_HUMAN	156
2020111CXY-6.5518.5518.3.0.dta	2020111CXY-6.5518.5518.3.0.dta	2020111CXY-6	5518	1457.56990	3385.38260	1129.13238	3	1	YKJNSDISSTR		1284.61786	4 5 1 1 0	(N(F)(N(H(N)(H(N(H))(N(H(A)))))))	591	0 1 0 0 0;0 1 0 1 0;0 2 0 0 0;0 2 0 1 0;1 2 0 0 0;1 2 0 1 0;1 3 0 0 0;1 3 0 1 0;2 2 0 0 0;2 2 0 1 0;2 3 0 0 0;2 3 0 1 0;2 4 0 0 0;2 4 0 1 0;2 5 0 0 0;2 5 0 1 0;3 3 0 0 0;3 3 0 1 0;3 3 1 0 0;3 3 1 1 0;3 4 0 0 0;3 4 0 1 0;3 4 1 0 0;3 4 1 1 0;3 5 0 0 0;3 5 0 1 0;3 5 1 0 0;3 5 1 1 0;4 4 0 0 0;4 4 0 1 0;4 4 1 0 0;4 4 1 1 0;4 5 0 0 0;4 5 0 1 0;4 5 1 0 0;	2100.76148	3	48.89482	32.87857	78.63928	8	0.00326	0.96195	0.59459	0.85000	0.00000	0	0	78.63928	13.70835	50.26566	1.7218541215306487e-106	0.0	1.7218541215306487e-106	sp|P01871|IGHM_HUMAN	46
2020111CXY-6.9931.9931.3.0.dta	2020111CXY-6.9931.9931.3.0.dta	2020111CXY-6	9931	2643.66938	2995.30664	999.10706	3	1	QSVPAHFVALJGSK		1454.77504	7 2 0 0 0	(N(N(H(H(H(H)))(H(H(H))))))	119	0 1 0 0 0;0 2 0 0 0;1 2 0 0 0;2 2 0 0 0;3 2 0 0 0;4 2 0 0 0;5 2 0 0 0;6 2 0 0 0;	1540.52851	11	90.17478	108.53895	56.06989	7	0.00309	1.03136	0.90000	1.07692	0.00000	0	0	56.06989	19.32447	92.10723	4.480337644365545e-74	0.0	4.480337644365545e-74	sp|P06681|CO2_HUMAN	621
2020111CXY-6.16081.16081.3.0.dta	2020111CXY-6.16081.16081.3.0.dta	2020111CXY-6	16081	4479.06167	4330.88986	1444.30147	3	1	ADGTVNQIEGEATPVJLTEPAK		2254.11975	6 4 0 2 0	(N(N(H(H(H))(H(N(H))(N(F)(H(F)))))))	570	0 1 0 0 0;0 2 0 0 0;1 2 0 0 0;2 2 0 0 0;2 3 0 0 0;2 3 0 1 0;2 4 0 0 0;2 4 0 1 0;3 2 0 0 0;3 3 0 0 0;3 3 0 1 0;3 3 0 2 0;3 4 0 0 0;3 4 0 1 0;3 4 0 2 0;4 2 0 0 0;4 3 0 0 0;4 3 0 1 0;4 3 0 2 0;4 4 0 0 0;4 4 0 1 0;4 4 0 2 0;5 3 0 0 0;5 3 0 1 0;5 3 0 2 0;5 4 0 0 0;5 4 0 1 0;5 4 0 2 0;6 4 0 0 0;6 4 0 1 0;	2076.75025	16	30.93247	42.72203	9.03757	6	0.01987	4.58727	0.21875	0.61905	0.00000	0	0	9.03757	14.13787	32.34626	2.8558372995040406e-09	0.0	2.8558372995040406e-09	sp|P05090|APOD_HUMAN	98
2020111CXY-6.17694.17694.3.0.dta	2020111CXY-6.17694.17694.3.0.dta	2020111CXY-6	17694	4912.26136	3116.24833	1039.42096	3	1	JGSLFAFR		911.47338	5 4 2 0 0	(N(N(H(H(N(H(A))))(H(N(H(A)))))))	754	0 1 0 0 0;0 2 0 0 0;1 2 0 0 0;2 2 0 0 0;2 3 0 0 0;3 2 0 0 0;3 3 0 0 0;3 3 1 0 0;3 4 0 0 0;4 3 0 0 0;4 3 1 0 0;4 4 0 0 0;4 4 1 0 0;5 4 0 0 0;5 4 1 0 0;	2204.77244	1	11.36601	7.89726	17.80797	7	0.00252	0.80769	0.41176	0.57143	0.00000	0	0	17.80797	7.89117	12.15513	2.123333116597895e-20	0.009345794392523364	0.009345794392523364	sp|P04004|VTNC_HUMAN	169
2020111CXY-6.3425.3425.2.0.dta	2020111CXY-6.3425.3425.2.0.dta	2020111CXY-6	3425	897.72311	2209.86882	1105.43805	2	1	JNSDISSTR		993.45958	1 4 0 0 1	(N(N(pH(H(N)(N)))))	3137	0 1 0 0 0;0 2 0 0 0;0 2 0 0 1;1 2 0 0 1;1 3 0 0 1;	1216.38947	1	14.89530	17.84540	9.41654	4	0.01978	8.94909	0.57143	0.75000	0.00000	0	0	9.41654	10.56665	15.95197	6.732065448987764e-10	0.0	6.732065448987764e-10	sp|P01871|IGHM_HUMAN	46
2020111CXY-6.9186.9186.2.0.dta	2020111CXY-6.9186.9186.2.0.dta	2020111CXY-6	9186	2443.15502	2930.27856	1465.64292	2	1	TPLTAJITK		958.55677	5 5 0 1 0	(N(F)(N(H(N)(H(N(H)))(H(N(H))))))	459	0 1 0 0 0;0 1 0 1 0;0 2 0 0 0;0 2 0 1 0;1 2 0 0 0;1 2 0 1 0;1 3 0 0 0;1 3 0 1 0;2 2 0 0 0;2 2 0 1 0;2 3 0 0 0;2 3 0 1 0;2 4 0 0 0;2 4 0 1 0;3 2 0 0 0;3 2 0 1 0;3 3 0 0 0;3 3 0 1 0;3 4 0 0 0;3 4 0 1 0;3 5 0 0 0;3 5 0 1 0;4 3 0 0 0;4 3 0 1 0;4 4 0 0 0;4 4 0 1 0;4 5 0 0 0;4 5 0 1 0;5 4 0 0 0;5 4 0 1 0;5 5 0 0 0;	1971.71889	6	70.19380	90.41129	32.64704	7	0.00289	0.98751	0.45455	1.31250	0.00000	0	0	32.64704	19.04284	72.09808	7.7554745427295e-41	0.0	7.7554745427295e-41	sp|P01877|IGHA2_HUMAN	205
2020111CXY-6.18467.18467.3.0.dta	2020111CXY-6.18467.18467.3.0.dta	2020111CXY-6	18467	5120.18617	4802.07571	1601.36342	3	1	VVLHPJYSQVDIGLIK		1795.01124	6 5 3 1 0	(N(N(H(H(N(F)(H(A))))(H(N(H(A)))(N(H(A)))))))	2060	0 1 0 0 0;0 2 0 0 0;1 2 0 0 0;2 2 0 0 0;2 3 0 0 0;2 3 0 1 0;2 4 0 0 0;3 2 0 0 0;3 3 0 0 0;3 3 0 1 0;3 3 1 0 0;3 3 1 1 0;3 4 0 0 0;3 4 0 1 0;3 4 1 0 0;3 5 0 0 0;3 5 0 1 0;4 3 0 0 0;4 3 0 1 0;4 3 1 0 0;4 3 1 1 0;4 4 0 0 0;4 4 0 1 0;4 4 1 0 0;4 4 1 1 0;4 4 2 0 0;4 5 0 0 0;4 5 0 1 0;4 5 1 0 0;4 5 1 1 0;5 4 0 0 0;5 4 0 1 0;5 4 1 0 0;5 4 1 1 0;5 4 2 0 0;5 4 2 1 0;5 5 0 0 0;5 5 0 1 0;5 5 1 0 0;5 5 1 1 0;5 5 2 0 0;5 5 2 1 0;6 5 0 0 0;6 5 0 1 0;6 5 1 0 0;6 5 1 1 0;6 5 2 0 0;6 5 2 1 0;6 5 3 0 0;	3007.05796	6	69.83249	88.54763	35.07581	7	0.00651	1.35601	0.29412	1.00000	0.00000	0	0	35.07581	20.72373	71.90486	2.9913039572981937e-44	0.0	2.9913039572981937e-44	sp|P00738|HPT_HUMAN	241
2020111CXY-6.17260.17260.3.0.dta	2020111CXY-6.17260.17260.3.0.dta	2020111CXY-6	17260	4795.96527	3999.78986	1333.93480	3	1	VVLHPJYSQVDIGLIK		1795.01124	5 4 2 0 0	(N(N(H(H(N(H(A))))(H(N(H(A)))))))	754	0 1 0 0 0;0 2 0 0 0;1 2 0 0 0;2 2 0 0 0;2 3 0 0 0;3 2 0 0 0;3 3 0 0 0;3 3 1 0 0;3 4 0 0 0;4 3 0 0 0;4 3 1 0 0;4 4 0 0 0;4 4 1 0 0;5 4 0 0 0;5 4 1 0 0;	2204.77244	6	104.02841	118.08156	77.92970	7	0.00618	1.54557	0.82353	1.03333	0.00000	0	0	77.92970	22.58701	106.28711	2.4854125407102315e-105	0.0	2.4854125407102315e-105	sp|P00738|HPT_HUMAN	241
2020111CXY-6.10973.10973.3.0.dta	2020111CXY-6.10973.10973.3.0.dta	2020111CXY-6	10973	2925.28598	3017.14702	1006.38719	3	1	CJYSIR	1,Carbamidomethyl[C];	812.37194	5 4 2 0 0	(N(N(H(H(N(H(A))))(H(N(H(A)))))))	754	0 1 0 0 0;0 2 0 0 0;1 2 0 0 0;2 2 0 0 0;2 3 0 0 0;3 2 0 0 0;3 3 0 0 0;3 3 1 0 0;3 4 0 0 0;4 3 0 0 0;4 3 1 0 0;4 4 0 0 0;4 4 1 0 0;5 4 0 0 0;5 4 1 0 0;	2204.77244	2	12.36416	9.40779	17.85454	7	0.00264	0.87433	0.41176	0.70000	0.00000	0	0	17.85454	8.19616	13.18378	1.7576205482976074e-20	0.0032258064516129032	0.0032258064516129032	sp|P00736|C1R_HUMAN	221
2020111CXY-6.7722.7722.3.0.dta	2020111CXY-6.7722.7722.3.0.dta	2020111CXY-6	7722	2049.01889	3145.23820	1049.08425	3	1	EEQFJSTYR		1173.51708	5 5 0 1 0	(N(F)(N(H(N)(H(N(H)))(H(N(H))))))	459	0 1 0 0 0;0 1 0 1 0;0 2 0 0 0;0 2 0 1 0;1 2 0 0 0;1 2 0 1 0;1 3 0 0 0;1 3 0 1 0;2 2 0 0 0;2 2 0 1 0;2 3 0 0 0;2 3 0 1 0;2 4 0 0 0;2 4 0 1 0;3 2 0 0 0;3 2 0 1 0;3 3 0 0 0;3 3 0 1 0;3 4 0 0 0;3 4 0 1 0;3 5 0 0 0;3 5 0 1 0;4 3 0 0 0;4 3 0 1 0;4 4 0 0 0;4 4 0 1 0;4 5 0 0 0;4 5 0 1 0;5 4 0 0 0;5 4 0 1 0;5 5 0 0 0;	1971.71889	5	20.95425	16.46902	29.28397	8	0.00223	0.70954	0.39394	0.62500	0.00000	0	0	29.28397	9.07506	21.86176	5.959644542059647e-36	0.0011389521640091116	0.0011389521640091116	sp|P01861|IGHG4_HUMAN	177
2020111CXY-6.7187.7187.4.0.dta	2020111CXY-6.7187.7187.4.0.dta	2020111CXY-6	7187	1905.01896	4475.77978	1119.70040	4	1	NAHGEEKEJLTAR		1468.71389	6 5 3 1 0	(N(N(H(H(N(F)(H(A))))(H(N(H(A)))(N(H(A)))))))	2060	0 1 0 0 0;0 2 0 0 0;1 2 0 0 0;2 2 0 0 0;2 3 0 0 0;2 3 0 1 0;2 4 0 0 0;3 2 0 0 0;3 3 0 0 0;3 3 0 1 0;3 3 1 0 0;3 3 1 1 0;3 4 0 0 0;3 4 0 1 0;3 4 1 0 0;3 5 0 0 0;3 5 0 1 0;4 3 0 0 0;4 3 0 1 0;4 3 1 0 0;4 3 1 1 0;4 4 0 0 0;4 4 0 1 0;4 4 1 0 0;4 4 1 1 0;4 4 2 0 0;4 5 0 0 0;4 5 0 1 0;4 5 1 0 0;4 5 1 1 0;5 4 0 0 0;5 4 0 1 0;5 4 1 0 0;5 4 1 1 0;5 4 2 0 0;5 4 2 1 0;5 5 0 0 0;5 5 0 1 0;5 5 1 0 0;5 5 1 1 0;5 5 2 0 0;5 5 2 1 0;6 5 0 0 0;6 5 0 1 0;6 5 1 0 0;6 5 1 1 0;6 5 2 0 0;6 5 2 1 0;6 5 3 0 0;	3007.05796	9	35.56593	19.57603	65.26145	7	0.00793	1.77124	0.43137	0.58333	0.00000	0	0	65.26145	9.91525	36.55745	2.4840224716640886e-87	0.0	2.4840224716640886e-87	sp|Q06033|ITIH3_HUMAN	580
2020111CXY-6.9240.9240.2.0.dta	2020111CXY-6.9240.9240.2.0.dta	2020111CXY-6	9240	2457.98480	2768.22492	1384.61610	2	1	TPLTAJITK		958.55677	4 5 0 1 0	(N(F)(N(H(N)(H(N(H))(N(H))))))	291	0 1 0 0 0;0 1 0 1 0;0 2 0 0 0;0 2 0 1 0;1 2 0 0 0;1 2 0 1 0;1 3 0 0 0;1 3 0 1 0;2 2 0 0 0;2 2 0 1 0;2 3 0 0 0;2 3 0 1 0;2 4 0 0 0;2 4 0 1 0;2 5 0 0 0;2 5 0 1 0;3 3 0 0 0;3 3 0 1 0;3 4 0 0 0;3 4 0 1 0;3 5 0 0 0;3 5 0 1 0;4 4 0 0 0;4 4 0 1 0;4 5 0 0 0;	1809.66607	6	83.41100	106.09198	41.28918	7	0.00208	0.75106	0.51852	1.43750	0.00000	0	0	41.28918	20.31541	85.44254	5.944319546553542e-53	0.0	5.944319546553542e-53	sp|P01877|IGHA2_HUMAN	205
2020111CXY-6.12668.12668.3.0.dta	2020111CXY-6.12668.12668.3.0.dta	2020111CXY-6	12668	3400.48041	4294.85354	1432.28936	3	1	NJATVHEQVGGPSLTSDLQAQSK		2381.16916	5 4 1 0 0	(N(N(H(H(N(H)))(H(N(H(A)))))))	380	0 1 0 0 0;0 2 0 0 0;1 2 0 0 0;2 2 0 0 0;2 3 0 0 0;3 2 0 0 0;3 3 0 0 0;3 3 1 0 0;3 4 0 0 0;4 3 0 0 0;4 3 1 0 0;4 4 0 0 0;4 4 1 0 0;5 4 0 0 0;	1913.67702	2	29.86564	34.56897	21.13087	7	0.00736	1.71333	0.50000	0.68182	0.00000	0	0	21.13087	14.16487	31.28213	7.833726985638012e-25	0.0	7.833726985638012e-25	sp|P04004|VTNC_HUMAN	86
2020111CXY-6.16146.16146.4.0.dta	2020111CXY-6.16146.16146.4.0.dta	2020111CXY-6	16146	4496.59486	3708.69106	927.92822	4	1	VVLHPJYSQVDIGLIK		1795.01124	5 4 1 0 0	(N(N(H(H(N(H)))(H(N(H(A)))))))	380	0 1 0 0 0;0 2 0 0 0;1 2 0 0 0;2 2 0 0 0;2 3 0 0 0;3 2 0 0 0;3 3 0 0 0;3 3 1 0 0;3 4 0 0 0;4 3 0 0 0;4 3 1 0 0;4 4 0 0 0;4 4 1 0 0;5 4 0 0 0;	1913.67702	6	81.40593	104.66756	38.20576	7	0.00279	0.75350	0.62500	0.96667	0.00000	0	0	38.20576	19.99867	83.40580	1.6661516640230338e-48	0.0	1.6661516640230338e-48	sp|P00738|HPT_HUMAN	241
2020111CXY-6.9736.9736.2.0.dta	2020111CXY-6.9736.9736.2.0.dta	2020111CXY-6	9736	2590.92493	2764.11270	1382.55999	2	1	EEQFJSTFR		1157.52218	4 4 0 1 0	(N(F)(N(H(H(N))(H(N(H))))))	158	0 1 0 0 0;0 1 0 1 0;0 2 0 0 0;0 2 0 1 0;1 2 0 0 0;1 2 0 1 0;2 2 0 0 0;2 2 0 1 0;2 3 0 0 0;2 3 0 1 0;3 2 0 0 0;3 2 0 1 0;3 3 0 0 0;3 3 0 1 0;3 4 0 0 0;3 4 0 1 0;4 3 0 0 0;4 3 0 1 0;4 4 0 0 0;	1606.58669	5	23.46684	20.32938	29.29354	9	0.00383	1.38549	0.42857	0.75000	0.00000	0	0	29.29354	11.63240	24.63008	5.371367300275316e-36	0.0	5.371367300275316e-36	sp|P01859|IGHG2_HUMAN	176
2020111CXY-6.12570.12570.3.0.dta	2020111CXY-6.12570.12570.3.0.dta	2020111CXY-6	12570	3372.66441	3072.19881	1024.73779	3	1	DFVJASSK		867.42067	5 4 2 0 0	(N(N(H(H(N(H(A))))(H(N(H(A)))))))	754	0 1 0 0 0;0 2 0 0 0;1 2 0 0 0;2 2 0 0 0;2 3 0 0 0;3 2 0 0 0;3 3 0 0 0;3 3 1 0 0;3 4 0 0 0;4 3 0 0 0;4 3 1 0 0;4 4 0 0 0;4 4 1 0 0;5 4 0 0 0;5 4 1 0 0;	2204.77244	4	19.48836	22.30607	14.25547	7	0.00570	1.85436	0.41176	0.85714	0.00000	0	0	14.25547	11.33935	20.62229	6.473913793119064e-16	0.0	6.473913793119064e-16	sp|P05546|HEP2_HUMAN	188
2020111CXY-6.17174.17174.2.0.dta	2020111CXY-6.17174.17174.2.0.dta	2020111CXY-6	17174	4773.08355	2075.81177	1038.40953	2	1	SAJGSDDK		793.33225	2 4 0 1 0	(N(F)(N(H(H(N)(N)))))	49	0 1 0 0 0;0 1 0 1 0;0 2 0 0 0;0 2 0 1 0;1 2 0 0 0;1 2 0 1 0;2 2 0 0 0;2 2 0 1 0;2 3 0 0 0;2 3 0 1 0;2 4 0 0 0;	1282.48105	3	11.07322	16.24453	1.46936	3	-0.00152	-0.73344	0.23077	0.64286	0.00000	0	0	1.46936	8.68798	11.94202	0.005531519234664453	0.0011389521640091116	0.005531519234664453	sp|Q9UHV7|MED13_HUMAN	803
2020111CXY-6.3596.3596.3.0.dta	2020111CXY-6.3596.3596.3.0.dta	2020111CXY-6	3596	942.56697	3085.15829	1029.05761	3	1	DKJCTSR	4,Carbamidomethyl[C];	880.39414	5 4 2 0 0	(N(N(H(H(N(H(A))))(H(N(H(A)))))))	754	0 1 0 0 0;0 2 0 0 0;1 2 0 0 0;2 2 0 0 0;2 3 0 0 0;3 2 0 0 0;3 3 0 0 0;3 3 1 0 0;3 4 0 0 0;4 3 0 0 0;4 3 1 0 0;4 4 0 0 0;4 4 1 0 0;5 4 0 0 0;5 4 1 0 0;	2204.77244	3	30.98461	6.94243	75.63437	7	-0.00829	-2.68642	0.88235	0.50000	0.00000	0	0	75.63437	8.00261	31.78487	5.388879393209905e-102	0.006276150627615063	0.006276150627615063	sp|P01019|ANGT_HUMAN	170
2020111CXY-6.9502.9502.3.0.dta	2020111CXY-6.9502.9502.3.0.dta	2020111CXY-6	9502	2528.05540	2602.05825	868.02427	3	1	EEQFJSTFR		1157.52218	3 4 0 1 0	(N(N(H(H(N))(H(N(F))))))	89	0 1 0 0 0;0 2 0 0 0;1 2 0 0 0;2 2 0 0 0;2 3 0 0 0;2 3 0 1 0;3 2 0 0 0;3 3 0 0 0;3 3 0 1 0;3 4 0 0 0;	1444.53387	5	41.56792	47.12739	31.24318	7	0.00220	0.84513	0.58333	1.00000	0.00000	0	0	31.24318	12.64907	42.83283	6.415286992840546e-39	0.0	6.415286992840546e-39	sp|P01859|IGHG2_HUMAN	176
2020111CXY-6.11774.11774.3.0.dta	2020111CXY-6.11774.11774.3.0.dta	2020111CXY-6	11774	3140.76282	3516.37416	1172.79624	3	1	FLNJGTCTAEGK	7,Carbamidomethyl[C];	1311.59978	5 4 2 0 0	(N(N(H(H(N(H(A))))(H(N(H(A)))))))	754	0 1 0 0 0;0 2 0 0 0;1 2 0 0 0;2 2 0 0 0;2 3 0 0 0;3 2 0 0 0;3 3 0 0 0;3 3 1 0 0;3 4 0 0 0;4 3 0 0 0;4 3 1 0 0;4 4 0 0 0;4 4 1 0 0;5 4 0 0 0;5 4 1 0 0;	2204.77244	4	57.68940	68.60442	37.41863	7	0.00194	0.55283	0.58824	1.13636	0.00000	0	0	37.41863	17.02348	59.39175	1.6498340543393398e-47	0.0	1.6498340543393398e-47	sp|P05156|CFAI_HUMAN	103
2020111CXY-6.15873.15873.3.1.dta	2020111CXY-6.15873.15873.3.1.dta	2020111CXY-6	15873	4422.65160	3472.36465	1158.12640	3	1	LGJWSAMPSCK	10,Carbamidomethyl[C];	1250.56564	6 4 1 1 0	(N(N(H(H(N(H(H))))(H(N(F)(H(A)))))))	783	0 1 0 0 0;0 2 0 0 0;1 2 0 0 0;2 2 0 0 0;2 3 0 0 0;2 3 0 1 0;3 2 0 0 0;3 3 0 0 0;3 3 0 1 0;3 3 1 0 0;3 3 1 1 0;3 4 0 0 0;3 4 0 1 0;4 3 0 0 0;4 3 0 1 0;4 3 1 0 0;4 3 1 1 0;4 4 0 0 0;4 4 0 1 0;4 4 1 0 0;4 4 1 1 0;5 3 0 0 0;5 4 0 0 0;5 4 0 1 0;5 4 1 0 0;5 4 1 1 0;6 4 0 0 0;6 4 0 1 0;6 4 1 0 0;	2221.78776	3	50.99597	69.89307	15.90137	6	0.01125	3.23965	0.29032	1.10000	0.00000	0	0	15.90137	16.64858	52.66083	5.654216718822448e-18	0.0	5.654216718822448e-18	sp|P02749|APOH_HUMAN	253
2020111CXY-6.9688.9688.2.0.dta	2020111CXY-6.9688.9688.2.0.dta	2020111CXY-6	9688	2577.97199	2602.05943	1301.53336	2	1	EEQFJSTFR		1157.52218	3 4 0 1 0	(N(F)(N(H(H(N))(H(N)))))	95	0 1 0 0 0;0 1 0 1 0;0 2 0 0 0;0 2 0 1 0;1 2 0 0 0;1 2 0 1 0;2 2 0 0 0;2 2 0 1 0;2 3 0 0 0;2 3 0 1 0;3 2 0 0 0;3 2 0 1 0;3 3 0 0 0;3 3 0 1 0;3 4 0 0 0;	1444.53387	5	48.44320	49.49304	46.49349	9	0.00339	1.30169	0.64706	1.00000	0.00000	0	0	46.49349	12.67033	49.71023	4.122567445476744e-60	0.0	4.122567445476744e-60	sp|P01859|IGHG2_HUMAN	176
2020111CXY-6.17955.17955.4.0.dta	2020111CXY-6.17955.17955.4.0.dta	2020111CXY-6	17955	4982.48483	4036.77871	1009.95013	4	1	VDKDLQSLEDILHQVEJK		2123.09789	5 4 1 0 0	(N(N(H(H(N(H)))(H(N(H(A)))))))	380	0 1 0 0 0;0 2 0 0 0;1 2 0 0 0;2 2 0 0 0;2 3 0 0 0;3 2 0 0 0;3 3 0 0 0;3 3 1 0 0;3 4 0 0 0;4 3 0 0 0;4 3 1 0 0;4 4 0 0 0;4 4 1 0 0;5 4 0 0 0;	1913.67702	17	37.90459	39.00048	35.86937	7	0.00380	0.94023	0.62500	0.58824	0.00000	0	0	35.86937	11.33887	39.03848	2.2514871824290164e-45	0.0	2.2514871824290164e-45	sp|P02679|FIBG_HUMAN	78
2020111CXY-6.12220.12220.3.0.dta	2020111CXY-6.12220.12220.3.0.dta	2020111CXY-6	12220	3268.98787	3794.51147	1265.50867	3	1	LQNNENJISCVER	10,Carbamidomethyl[C];	1589.73364	5 4 2 0 0	(N(N(H(H(N(H(A))))(H(N(H(A)))))))	754	0 1 0 0 0;0 2 0 0 0;1 2 0 0 0;2 2 0 0 0;2 3 0 0 0;3 2 0 0 0;3 3 0 0 0;3 3 1 0 0;3 4 0 0 0;4 3 0 0 0;4 3 1 0 0;4 4 0 0 0;4 4 1 0 0;5 4 0 0 0;5 4 1 0 0;	2204.77244	7	19.69944	16.04925	26.47837	7	0.00539	1.41967	0.52941	0.58333	0.00000	0	0	26.47837	10.49717	20.74916	4.6127045640975485e-32	0.0	4.6127045640975485e-32	sp|Q03591|FHR1_HUMAN/sp|P36980|FHR2_HUMAN	126/126
2020111CXY-6.17459.17459.3.0.dta	2020111CXY-6.17459.17459.3.0.dta	2020111CXY-6	17459	4849.19422	3390.43126	1130.81527	3	1	CGLVPVLAENYJK	1,Carbamidomethyl[C];	1476.75152	5 4 1 0 0	(N(N(H(H(N(H)))(H(N(H(A)))))))	380	0 1 0 0 0;0 2 0 0 0;1 2 0 0 0;2 2 0 0 0;2 3 0 0 0;3 2 0 0 0;3 3 0 0 0;3 3 1 0 0;3 4 0 0 0;4 3 0 0 0;4 3 1 0 0;4 4 0 0 0;4 4 1 0 0;5 4 0 0 0;	1913.67702	12	25.01451	32.26846	11.54288	6	0.00272	0.80122	0.37500	0.70833	0.00000	0	0	11.54288	11.07952	26.12246	1.652819549482866e-12	0.0	1.652819549482866e-12	sp|P02787|TRFE_HUMAN	432
2020111CXY-6.17415.17415.3.0.dta	2020111CXY-6.17415.17415.3.0.dta	2020111CXY-6	17415	4837.60189	3649.56144	1217.19200	3	1	ALPQPQJVTSLLGCTH	14,Carbamidomethyl[C];	1735.87958	5 4 1 0 0	(N(N(H(H(N(H)))(H(N(H(A)))))))	380	0 1 0 0 0;0 2 0 0 0;1 2 0 0 0;2 2 0 0 0;2 3 0 0 0;3 2 0 0 0;3 3 0 0 0;3 3 1 0 0;3 4 0 0 0;4 3 0 0 0;4 3 1 0 0;4 4 0 0 0;4 4 1 0 0;5 4 0 0 0;	1913.67702	7	71.70231	97.01377	24.69532	6	0.00484	1.32577	0.56250	1.03333	0.00000	0	0	24.69532	19.94682	73.69699	1.2603450823682673e-29	0.0	1.2603450823682673e-29	sp|P02790|HEMO_HUMAN	453
2020111CXY-6.17942.17942.3.0.dta	2020111CXY-6.17942.17942.3.0.dta	2020111CXY-6	17942	4978.93347	3390.43163	1130.81539	3	1	CGLVPVLAENYJK	1,Carbamidomethyl[C];	1476.75152	5 4 1 0 0	(N(N(H(H(N(H)))(H(N(H(A)))))))	380	0 1 0 0 0;0 2 0 0 0;1 2 0 0 0;2 2 0 0 0;2 3 0 0 0;3 2 0 0 0;3 3 0 0 0;3 3 1 0 0;3 4 0 0 0;4 3 0 0 0;4 3 1 0 0;4 4 0 0 0;4 4 1 0 0;5 4 0 0 0;	1913.67702	12	14.11981	20.00285	3.19416	4	0.00309	0.91006	0.25000	0.58333	0.00000	0	0	3.19416	8.64151	14.98396	0.0011004811230429959	0.0022002200220022	0.0025634818908053477	sp|P02787|TRFE_HUMAN	432
2020111CXY-6.5543.5543.4.0.dta	2020111CXY-6.5543.5543.4.0.dta	2020111CXY-6	5543	1464.28111	3547.43427	887.61402	4	1	YKJNSDISSTR		1284.61786	5 5 1 1 0	(N(F)(N(H(N)(H(N(H)))(H(N(H(A)))))))	824	0 1 0 0 0;0 1 0 1 0;0 2 0 0 0;0 2 0 1 0;1 2 0 0 0;1 2 0 1 0;1 3 0 0 0;1 3 0 1 0;2 2 0 0 0;2 2 0 1 0;2 3 0 0 0;2 3 0 1 0;2 4 0 0 0;2 4 0 1 0;3 2 0 0 0;3 2 0 1 0;3 3 0 0 0;3 3 0 1 0;3 3 1 0 0;3 3 1 1 0;3 4 0 0 0;3 4 0 1 0;3 4 1 0 0;3 4 1 1 0;3 5 0 0 0;3 5 0 1 0;4 3 0 0 0;4 3 0 1 0;4 3 1 0 0;4 3 1 1 0;4 4 0 0 0;4 4 0 1 0;4 4 1 0 0;4 4 1 1 0;4 5 0 0 0;4 5 0 1 0;4 5 1 0 0;4 5 1 1 0;5 4 0 0 0;5 4 0 1 0;5 4 1 0 0;5 4 1 1 0;5 5 0 0 0;5 5 0 1 0;5 5 1 0 0;	2262.81431	3	41.93189	25.41741	72.60165	8	0.00211	0.59428	0.51064	0.75000	0.00000	0	0	72.60165	12.82451	43.21434	4.8294732451068554e-98	0.0	4.8294732451068554e-98	sp|P01871|IGHM_HUMAN	46
2020111CXY-6.16790.16790.3.0.dta	2020111CXY-6.16790.16790.3.0.dta	2020111CXY-6	16790	4670.02235	3553.46588	1185.16015	3	1	AGLQAFFQVQECJK	12,Carbamidomethyl[C];	1639.78970	5 4 1 0 0	(N(N(H(H(N(H)))(H(N(H(A)))))))	380	0 1 0 0 0;0 2 0 0 0;1 2 0 0 0;2 2 0 0 0;2 3 0 0 0;3 2 0 0 0;3 3 0 0 0;3 3 1 0 0;3 4 0 0 0;4 3 0 0 0;4 3 1 0 0;4 4 0 0 0;4 4 1 0 0;5 4 0 0 0;	1913.67702	13	42.01653	56.99437	14.20056	5	-0.00085	-0.23794	0.50000	0.84615	0.00000	0	0	14.20056	14.51749	43.46828	7.752341858128827e-16	0.0	7.752341858128827e-16	sp|P00450|CERU_HUMAN	358
2020111CXY-6.17769.17769.4.5.dta	2020111CXY-6.17769.17769.4.5.dta	2020111CXY-6	17769	4932.41434	4813.86578	1204.22190	4	1	SPYYJVSDEISFHCYDGYTLR	14,Carbamidomethyl[C];	2586.12415	4 3 2 1 1	(N(N(H(H(H))(H(N(F)(pH(A(A))))))))	6260	0 1 0 0 0;0 2 0 0 0;1 2 0 0 0;2 2 0 0 0;2 3 0 0 0;2 3 0 0 1;2 3 0 1 0;2 3 0 1 1;2 3 1 0 1;2 3 1 1 1;2 3 2 0 1;2 3 2 1 1;3 2 0 0 0;3 3 0 0 0;3 3 0 0 1;3 3 0 1 0;3 3 0 1 1;3 3 1 0 1;3 3 1 1 1;3 3 2 0 1;3 3 2 1 1;4 2 0 0 0;4 3 0 0 0;4 3 0 0 1;4 3 0 1 0;4 3 0 1 1;4 3 1 0 1;4 3 1 1 1;4 3 2 0 1;	2227.71731	5	19.57143	26.15819	7.33890	5	0.02432	5.05263	0.22581	0.57500	0.00000	0	0	7.33890	12.57156	20.82859	8.929212843695407e-08	0.0	8.929212843695407e-08	sp|P00751|CFAB_HUMAN	122
2020111CXY-6.15062.15062.3.0.dta	2020111CXY-6.15062.15062.3.0.dta	2020111CXY-6	15062	4202.05349	3822.53763	1274.85073	3	1	GTAGNALMDGASQLMGEJR	8,Oxidation[M];	1908.85384	5 4 1 0 0	(N(N(H(H(N(H)))(H(N(H(A)))))))	380	0 1 0 0 0;0 2 0 0 0;1 2 0 0 0;2 2 0 0 0;2 3 0 0 0;3 2 0 0 0;3 3 0 0 0;3 3 1 0 0;3 4 0 0 0;4 3 0 0 0;4 3 1 0 0;4 4 0 0 0;4 4 1 0 0;5 4 0 0 0;	1913.67702	18	49.02709	57.05675	34.11485	7	0.00676	1.76964	0.62500	0.63889	0.00000	0	0	34.11485	11.43500	50.17059	4.448174260903916e-43	0.0	4.448174260903916e-43	sp|P02675|FIBB_HUMAN	394
2020111CXY-6.16265.16265.3.0.dta	2020111CXY-6.16265.16265.3.0.dta	2020111CXY-6	16265	4528.58066	3609.44629	1203.82028	3	1	SWPAVGJCSSALR	8,Carbamidomethyl[C];	1404.66886	5 4 2 0 0	(N(N(H(H(N(H(A))))(H(N(H(A)))))))	754	0 1 0 0 0;0 2 0 0 0;1 2 0 0 0;2 2 0 0 0;2 3 0 0 0;3 2 0 0 0;3 3 0 0 0;3 3 1 0 0;3 4 0 0 0;4 3 0 0 0;4 3 1 0 0;4 4 0 0 0;4 4 1 0 0;5 4 0 0 0;5 4 1 0 0;	2204.77244	7	50.78439	69.81348	15.44466	5	0.00499	1.38386	0.47059	0.91667	0.00000	0	0	15.44466	14.51526	52.23592	2.225282910460341e-17	0.0	2.225282910460341e-17	sp|P02790|HEMO_HUMAN	187
2020111CXY-6.9393.9393.2.0.dta	2020111CXY-6.9393.9393.2.0.dta	2020111CXY-6	9393	2498.71907	2926.16464	1463.58596	2	1	EEQFJSTFR		1157.52218	5 4 0 1 0	(N(F)(N(H(H(N(H)))(H(N(H))))))	267	0 1 0 0 0;0 1 0 1 0;0 2 0 0 0;0 2 0 1 0;1 2 0 0 0;1 2 0 1 0;2 2 0 0 0;2 2 0 1 0;2 3 0 0 0;2 3 0 1 0;3 2 0 0 0;3 2 0 1 0;3 3 0 0 0;3 3 0 1 0;3 4 0 0 0;3 4 0 1 0;4 3 0 0 0;4 3 0 1 0;4 4 0 0 0;4 4 0 1 0;5 4 0 0 0;	1768.63952	5	47.04745	34.00668	71.26602	9	0.00294	1.00617	0.69565	0.81250	0.00000	0	0	71.26602	12.51551	48.29900	6.8834178620232876e-96	0.0	6.8834178620232876e-96	sp|P01859|IGHG2_HUMAN	176
2020111CXY-6.14174.14174.4.0.dta	2020111CXY-6.14174.14174.4.0.dta	2020111CXY-6	14174	3941.81923	4749.04165	1188.01587	4	1	NJATVHEQVGGPSLTSDLQAQSK		2381.16916	6 4 1 2 0	(N(N(H(H(H))(H(N(H)(F))(N(F)(H(A)))))))	1022	0 1 0 0 0;0 2 0 0 0;1 2 0 0 0;2 2 0 0 0;2 3 0 0 0;2 3 0 1 0;2 4 0 0 0;2 4 0 1 0;2 4 0 2 0;3 2 0 0 0;3 3 0 0 0;3 3 0 1 0;3 3 1 0 0;3 3 1 1 0;3 4 0 0 0;3 4 0 1 0;3 4 0 2 0;3 4 1 0 0;3 4 1 1 0;3 4 1 2 0;4 2 0 0 0;4 3 0 0 0;4 3 0 1 0;4 3 1 0 0;4 3 1 1 0;4 4 0 0 0;4 4 0 1 0;4 4 0 2 0;4 4 1 0 0;4 4 1 1 0;4 4 1 2 0;5 3 0 0 0;5 3 0 1 0;5 3 1 0 0;5 3 1 1 0;5 4 0 0 0;5 4 0 1 0;5 4 0 2 0;5 4 1 0 0;5 4 1 1 0;5 4 1 2 0;6 4 0 0 0;6 4 0 1 0;6 4 0 2 0;6 4 1 0 0;6 4 1 1 0;	2367.84566	2	22.79589	32.11843	5.48261	5	0.02683	5.64860	0.14583	0.59091	0.00000	0	0	5.48261	11.61479	23.95737	1.123853098185706e-05	0.0	1.123853098185706e-05	sp|P04004|VTNC_HUMAN	86
2020111CXY-6.10923.10923.3.0.dta	2020111CXY-6.10923.10923.3.0.dta	2020111CXY-6	10923	2911.59208	3673.53219	1225.18225	3	1	VYKPSAGJNSLYR		1468.75428	5 4 2 0 0	(N(N(H(H(N(H(A))))(H(N(H(A)))))))	754	0 1 0 0 0;0 2 0 0 0;1 2 0 0 0;2 2 0 0 0;2 3 0 0 0;3 2 0 0 0;3 3 0 0 0;3 3 1 0 0;3 4 0 0 0;4 3 0 0 0;4 3 1 0 0;4 4 0 0 0;4 4 1 0 0;5 4 0 0 0;5 4 1 0 0;	2204.77244	8	65.66810	57.70061	80.46487	7	0.00546	1.48657	0.82353	0.75000	0.00000	0	0	80.46487	12.66602	66.93470	3.590789382717092e-109	0.0	3.590789382717092e-109	sp|P02749|APOH_HUMAN	162
2020111CXY-6.17204.17204.3.0.dta	2020111CXY-6.17204.17204.3.0.dta	2020111CXY-6	17204	4781.26807	4308.89554	1436.97003	3	1	VVLHPJYSQVDIGLIK		1795.01124	6 4 1 3 0	(N(N(H(H(N(F)(H(H))))(H(N(F)(H(A)(F)))))))	1272	0 1 0 0 0;0 2 0 0 0;1 2 0 0 0;2 2 0 0 0;2 3 0 0 0;2 3 0 1 0;3 2 0 0 0;3 3 0 0 0;3 3 0 1 0;3 3 0 2 0;3 3 1 0 0;3 3 1 1 0;3 3 1 2 0;3 4 0 0 0;3 4 0 1 0;3 4 0 2 0;4 3 0 0 0;4 3 0 1 0;4 3 0 2 0;4 3 1 0 0;4 3 1 1 0;4 3 1 2 0;4 4 0 0 0;4 4 0 1 0;4 4 0 2 0;4 4 0 3 0;4 4 1 0 0;4 4 1 1 0;4 4 1 2 0;4 4 1 3 0;5 3 0 0 0;5 3 0 1 0;5 4 0 0 0;5 4 0 1 0;5 4 0 2 0;5 4 0 3 0;5 4 1 0 0;5 4 1 1 0;5 4 1 2 0;5 4 1 3 0;6 4 0 0 0;6 4 0 1 0;6 4 0 2 0;6 4 0 3 0;6 4 1 0 0;6 4 1 1 0;6 4 1 2 0;	2513.90357	6	16.02192	18.08085	12.19820	5	-0.01927	-4.47223	0.24490	0.56667	0.00000	0	0	12.19820	9.61355	16.98327	2.671727763282164e-13	0.0	2.671727763282164e-13	sp|P00738|HPT_HUMAN	241
2020111CXY-6.15424.15424.3.0.dta	2020111CXY-6.15424.15424.3.0.dta	2020111CXY-6	15424	4300.79588	3385.42268	1129.14574	3	1	HAJWTLTPLK		1180.64732	5 4 2 0 0	(N(N(H(H(N(H(A))))(H(N(H(A)))))))	754	0 1 0 0 0;0 2 0 0 0;1 2 0 0 0;2 2 0 0 0;2 3 0 0 0;3 2 0 0 0;3 3 0 0 0;3 3 1 0 0;3 4 0 0 0;4 3 0 0 0;4 3 1 0 0;4 4 0 0 0;4 4 1 0 0;5 4 0 0 0;5 4 1 0 0;	2204.77244	3	53.71955	48.69587	63.04923	7	0.00292	0.86163	0.82353	0.94444	0.00000	0	0	63.04923	13.80309	55.09986	1.9634922648519853e-84	0.0	1.9634922648519853e-84	sp|P27169|PON1_HUMAN	253
2020111CXY-6.6184.6184.3.0.dta	2020111CXY-6.6184.6184.3.0.dta	2020111CXY-6	6184	1635.01984	2796.10003	932.70486	3	1	EEQYJSTYR		1189.51199	4 4 0 1 0	(N(N(H(H(N(H))(N(H)(F))))))	164	0 1 0 0 0;0 2 0 0 0;1 2 0 0 0;2 2 0 0 0;2 3 0 0 0;2 3 0 1 0;2 4 0 0 0;2 4 0 1 0;3 3 0 0 0;3 3 0 1 0;3 4 0 0 0;3 4 0 1 0;4 4 0 0 0;	1606.58669	5	17.47331	17.40350	17.60295	6	0.00135	0.48340	0.40000	0.75000	0.00000	0	0	17.60295	9.88134	18.46144	3.1635145875182684e-20	0.0	3.1635145875182684e-20	sp|P01857|IGHG1_HUMAN	180
2020111CXY-6.4451.4451.3.0.dta	2020111CXY-6.4451.4451.3.0.dta	2020111CXY-6	4451	1171.52874	3094.28700	1032.10052	3	1	YKJNSDISSTR		1284.61786	4 5 0 1 0	(N(F)(N(H(N)(H(N(H))(N(H))))))	291	0 1 0 0 0;0 1 0 1 0;0 2 0 0 0;0 2 0 1 0;1 2 0 0 0;1 2 0 1 0;1 3 0 0 0;1 3 0 1 0;2 2 0 0 0;2 2 0 1 0;2 3 0 0 0;2 3 0 1 0;2 4 0 0 0;2 4 0 1 0;2 5 0 0 0;2 5 0 1 0;3 3 0 0 0;3 3 0 1 0;3 4 0 0 0;3 4 0 1 0;3 5 0 0 0;3 5 0 1 0;4 4 0 0 0;4 4 0 1 0;4 5 0 0 0;	1809.66607	3	35.19638	15.95933	70.92232	8	0.00308	0.99380	0.74074	0.65000	0.00000	0	0	70.92232	8.85048	36.08143	1.867295932866362e-95	0.0011389521640091116	0.0011389521640091116	sp|P01871|IGHM_HUMAN	46
2020111CXY-6.17054.17054.3.0.dta	2020111CXY-6.17054.17054.3.0.dta	2020111CXY-6	17054	4740.66252	4034.66977	1345.56144	3	1	LAJLTQGEDQYYLR		1683.83366	5 4 2 1 0	(N(N(H(H(N(H(A))))(H(N(F)(H(A)))))))	993	0 1 0 0 0;0 2 0 0 0;1 2 0 0 0;2 2 0 0 0;2 3 0 0 0;2 3 0 1 0;3 2 0 0 0;3 3 0 0 0;3 3 0 1 0;3 3 1 0 0;3 3 1 1 0;3 4 0 0 0;3 4 0 1 0;4 3 0 0 0;4 3 0 1 0;4 3 1 0 0;4 3 1 1 0;4 4 0 0 0;4 4 0 1 0;4 4 1 0 0;4 4 1 1 0;5 4 0 0 0;5 4 0 1 0;5 4 1 0 0;5 4 1 1 0;5 4 2 0 0;	2350.83035	3	29.53929	40.11433	9.89992	5	0.00577	1.42890	0.28571	0.84615	0.00000	0	0	9.89992	15.97666	31.13696	1.711816893176402e-10	0.0	1.711816893176402e-10	sp|P10909|CLUS_HUMAN	374
2020111CXY-6.7767.7767.3.0.dta	2020111CXY-6.7767.7767.3.0.dta	2020111CXY-6	7767	2061.09386	3087.19793	1029.73749	3	1	EEQYJSTYR		1189.51199	4 4 1 1 0	(N(F)(N(H(H(N))(H(N(H(A)))))))	369	0 1 0 0 0;0 1 0 1 0;0 2 0 0 0;0 2 0 1 0;1 2 0 0 0;1 2 0 1 0;2 2 0 0 0;2 2 0 1 0;2 3 0 0 0;2 3 0 1 0;3 2 0 0 0;3 2 0 1 0;3 3 0 0 0;3 3 0 1 0;3 3 1 0 0;3 3 1 1 0;3 4 0 0 0;3 4 0 1 0;4 3 0 0 0;4 3 0 1 0;4 3 1 0 0;4 3 1 1 0;4 4 0 0 0;4 4 0 1 0;4 4 1 0 0;	1897.68211	5	51.26268	51.52618	50.77333	9	0.00383	1.24097	0.55556	1.06250	0.00000	0	0	50.77333	12.57735	52.52042	1.6398228728087306e-66	0.0	1.6398228728087306e-66	sp|P01857|IGHG1_HUMAN	180
2020111CXY-6.6025.6025.3.0.dta	2020111CXY-6.6025.6025.3.0.dta	2020111CXY-6	6025	1592.96980	2796.10046	932.70500	3	1	EEQYJSTYR		1189.51199	4 4 0 1 0	(N(F)(N(H(H(N))(H(N(H))))))	158	0 1 0 0 0;0 1 0 1 0;0 2 0 0 0;0 2 0 1 0;1 2 0 0 0;1 2 0 1 0;2 2 0 0 0;2 2 0 1 0;2 3 0 0 0;2 3 0 1 0;3 2 0 0 0;3 2 0 1 0;3 3 0 0 0;3 3 0 1 0;3 4 0 0 0;3 4 0 1 0;4 3 0 0 0;4 3 0 1 0;4 4 0 0 0;	1606.58669	5	15.46662	12.00014	21.90439	8	0.00178	0.63576	0.42857	0.56250	0.00000	0	0	21.90439	8.78410	16.34503	4.9693255183978164e-26	0.0011389521640091116	0.0011389521640091116	sp|P01857|IGHG1_HUMAN	180
2020111CXY-6.7773.7773.2.0.dta	2020111CXY-6.7773.7773.2.0.dta	2020111CXY-6	7773	2062.60804	3087.19722	1544.10225	2	1	EEQYJSTYR		1189.51199	4 4 1 1 0	(N(F)(N(H(H(N))(H(N(H(A)))))))	369	0 1 0 0 0;0 1 0 1 0;0 2 0 0 0;0 2 0 1 0;1 2 0 0 0;1 2 0 1 0;2 2 0 0 0;2 2 0 1 0;2 3 0 0 0;2 3 0 1 0;3 2 0 0 0;3 2 0 1 0;3 3 0 0 0;3 3 0 1 0;3 3 1 0 0;3 3 1 1 0;3 4 0 0 0;3 4 0 1 0;4 3 0 0 0;4 3 0 1 0;4 3 1 0 0;4 3 1 1 0;4 4 0 0 0;4 4 0 1 0;4 4 1 0 0;	1897.68211	5	37.78315	26.97351	57.85821	9	0.00312	1.01164	0.62963	0.75000	0.00000	0	0	57.85821	11.42674	38.92582	1.5128773445709673e-76	0.0	1.5128773445709673e-76	sp|P01857|IGHG1_HUMAN	180
2020111CXY-6.14015.14015.4.0.dta	2020111CXY-6.14015.14015.4.0.dta	2020111CXY-6	14015	3893.84289	4245.73648	1062.18958	4	1	LSDLSIJSTECLHVHCR	11,Carbamidomethyl[C];16,Carbamidomethyl[C];	2040.95897	5 4 2 0 0	(N(N(H(H(N(H(A))))(H(N(H(A)))))))	754	0 1 0 0 0;0 2 0 0 0;1 2 0 0 0;2 2 0 0 0;2 3 0 0 0;3 2 0 0 0;3 3 0 0 0;3 3 1 0 0;3 4 0 0 0;4 3 0 0 0;4 3 1 0 0;4 4 0 0 0;4 4 1 0 0;5 4 0 0 0;5 4 1 0 0;	2204.77244	7	65.30391	75.34888	46.64897	7	0.00507	1.19319	0.58824	0.96875	0.00000	0	0	46.64897	18.62846	67.16676	2.387236163562678e-60	0.0	2.387236163562678e-60	sp|P05156|CFAI_HUMAN	177
2020111CXY-6.18591.18591.4.1.dta	2020111CXY-6.18591.18591.4.1.dta	2020111CXY-6	18591	5153.43580	5645.36817	1412.09750	4	1	FJLTETSEAEIHQSFQHLLR		2400.19425	6 10 0 0 1	(N(N(H(H(N(H(N)))(N(pH(N))))(H(N(H(N)))(N(H(N)))))))	16642	0 1 0 0 0;0 2 0 0 0;1 2 0 0 0;2 2 0 0 0;2 3 0 0 0;2 3 0 0 1;2 4 0 0 0;2 4 0 0 1;2 5 0 0 1;3 2 0 0 0;3 3 0 0 0;3 3 0 0 1;3 4 0 0 0;3 4 0 0 1;3 5 0 0 0;3 5 0 0 1;3 6 0 0 0;3 6 0 0 1;3 7 0 0 1;4 3 0 0 0;4 4 0 0 0;4 4 0 0 1;4 5 0 0 0;4 5 0 0 1;4 6 0 0 0;4 6 0 0 1;4 7 0 0 0;4 7 0 0 1;4 8 0 0 1;5 4 0 0 0;5 5 0 0 0;5 5 0 0 1;5 6 0 0 0;5 6 0 0 1;5 7 0 0 0;5 7 0 0 1;5 8 0 0 0;5 8 0 0 1;5 9 0 0 1;6 5 0 0 0;6 6 0 0 0;6 6 0 0 1;6 7 0 0 0;6 7 0 0 1;6 8 0 0 0;6 8 0 0 1;6 9 0 0 0;6 9 0 0 1;	3245.12982	2	8.23170	11.79840	1.60784	4	0.04410	7.81135	0.08000	0.47368	0.00000	0	0	1.60784	10.43724	9.27542	0.004803547639075232	0.0	0.004803547639075232	sp|P01011|AACT_HUMAN	106
2020111CXY-6.10248.10248.2.0.dta	2020111CXY-6.10248.10248.2.0.dta	2020111CXY-6	10248	2729.08725	2823.12249	1412.06488	2	1	DTFVJASR		909.44247	5 4 1 0 0	(N(N(H(H(N(H)))(H(N(H(A)))))))	380	0 1 0 0 0;0 2 0 0 0;1 2 0 0 0;2 2 0 0 0;2 3 0 0 0;3 2 0 0 0;3 3 0 0 0;3 3 1 0 0;3 4 0 0 0;4 3 0 0 0;4 3 1 0 0;4 4 0 0 0;4 4 1 0 0;5 4 0 0 0;	1913.67702	5	28.23948	36.28184	13.30366	6	0.00300	1.06177	0.37500	0.92857	0.00000	0	0	13.30366	12.31580	29.47106	1.3846301358189404e-14	0.0	1.3846301358189404e-14	sp|P05155|IC1_HUMAN	238
2020111CXY-6.5499.5499.3.0.dta	2020111CXY-6.5499.5499.3.0.dta	2020111CXY-6	5499	1452.54112	2802.13226	934.71560	3	1	JVTAEQAR		888.45337	5 4 1 0 0	(N(N(H(H(N(H)))(H(N(H(A)))))))	380	0 1 0 0 0;0 2 0 0 0;1 2 0 0 0;2 2 0 0 0;2 3 0 0 0;3 2 0 0 0;3 3 0 0 0;3 3 1 0 0;3 4 0 0 0;4 3 0 0 0;4 3 1 0 0;4 4 0 0 0;4 4 1 0 0;5 4 0 0 0;	1913.67702	1	22.07827	22.60777	21.09492	7	0.00187	0.66574	0.43750	0.92857	0.00000	0	0	21.09492	9.98788	23.07706	8.481913420617182e-25	0.0	8.481913420617182e-25	sp|P00748|FA12_HUMAN	249
2020111CXY-6.15641.15641.3.0.dta	2020111CXY-6.15641.15641.3.0.dta	2020111CXY-6	15641	4359.72081	3331.35450	1111.12302	3	1	LJLSFNYQK		1126.58913	5 4 2 0 0	(N(N(H(H(N(H(A))))(H(N(H(A)))))))	754	0 1 0 0 0;0 2 0 0 0;1 2 0 0 0;2 2 0 0 0;2 3 0 0 0;3 2 0 0 0;3 3 0 0 0;3 3 1 0 0;3 4 0 0 0;4 3 0 0 0;4 3 1 0 0;4 4 0 0 0;4 4 1 0 0;5 4 0 0 0;5 4 1 0 0;	2204.77244	2	20.13114	5.76719	46.80705	6	-0.00707	-2.12227	0.76471	0.31250	0.00000	0	0	46.80705	8.03588	20.93473	6.489840558810527e-61	0.006276150627615063	0.006276150627615063	sp|Q9NR96|TLR9_HUMAN	340
2020111CXY-6.17562.17562.4.0.dta	2020111CXY-6.17562.17562.4.0.dta	2020111CXY-6	17562	4876.90861	5102.05575	1276.26939	4	1	QQQHLFGSJVTDCSGJFCLFR	13,Carbamidomethyl[C];18,Carbamidomethyl[C];	2515.12414	3 7 1 1 1	(N(N(H(N)(H(N)(N(F)))(H(N)(N(pH(A)))))))	9462	0 1 0 0 0;0 2 0 0 0;1 2 0 0 0;1 3 0 0 0;2 2 0 0 0;2 3 0 0 0;2 3 0 0 1;2 3 0 1 0;2 3 1 0 1;2 4 0 0 0;2 4 0 0 1;2 4 0 1 0;2 4 1 0 1;2 5 0 0 0;2 5 0 0 1;2 5 0 1 0;2 5 1 0 1;3 2 0 0 0;3 3 0 0 0;3 3 0 0 1;3 3 0 1 0;3 3 1 0 1;3 4 0 0 0;3 4 0 0 1;3 4 0 1 0;3 4 0 1 1;3 4 1 0 1;3 4 1 1 1;3 5 0 0 0;3 5 0 0 1;3 5 0 1 0;3 5 0 1 1;3 5 1 0 1;3 5 1 1 1;3 6 0 0 0;3 6 0 0 1;3 6 0 1 0;3 6 0 1 1;3 6 1 0 1;3 6 1 1 1;3 7 0 0 0;3 7 0 0 1;3 7 0 1 0;3 7 0 1 1;3 7 1 0 1;	2586.88656	16	29.22234	38.97893	11.10295	6	0.04505	8.82988	0.21277	0.65000	0.00000	0	0	11.10295	13.77086	30.59943	6.819617373307335e-12	0.0	6.819617373307335e-12	sp|P02787|TRFE_HUMAN	637
2020111CXY-6.11449.11449.3.0.dta	2020111CXY-6.11449.11449.3.0.dta	2020111CXY-6	11449	3053.70428	3018.29513	1006.76989	3	1	TPLTAJITK		958.55677	5 4 1 1 0	(N(F)(N(H(H(N(H)))(H(N(H(A)))))))	549	0 1 0 0 0;0 1 0 1 0;0 2 0 0 0;0 2 0 1 0;1 2 0 0 0;1 2 0 1 0;2 2 0 0 0;2 2 0 1 0;2 3 0 0 0;2 3 0 1 0;3 2 0 0 0;3 2 0 1 0;3 3 0 0 0;3 3 0 1 0;3 3 1 0 0;3 3 1 1 0;3 4 0 0 0;3 4 0 1 0;4 3 0 0 0;4 3 0 1 0;4 3 1 0 0;4 3 1 1 0;4 4 0 0 0;4 4 0 1 0;4 4 1 0 0;4 4 1 1 0;5 4 0 0 0;5 4 0 1 0;5 4 1 0 0;	2059.73493	6	38.53256	39.89637	35.99978	9	0.00342	1.13332	0.41935	0.93750	0.00000	0	0	35.99978	12.30290	39.76285	1.9076430255349306e-45	0.0	1.9076430255349306e-45	sp|P01877|IGHA2_HUMAN	205
2020111CXY-6.19030.19030.3.0.dta	2020111CXY-6.19030.19030.3.0.dta	2020111CXY-6	19030	5271.33866	3960.67376	1320.89610	3	1	YLGJATAIFFLPDEGK		1755.89521	5 4 2 0 0	(N(N(H(H(N(H(A))))(H(N(H(A)))))))	754	0 1 0 0 0;0 2 0 0 0;1 2 0 0 0;2 2 0 0 0;2 3 0 0 0;3 2 0 0 0;3 3 0 0 0;3 3 1 0 0;3 4 0 0 0;4 3 0 0 0;4 3 1 0 0;4 4 0 0 0;4 4 1 0 0;5 4 0 0 0;5 4 1 0 0;	2204.77244	4	70.03856	98.33787	17.48270	6	0.00611	1.54367	0.41176	0.93333	0.00000	0	0	17.48270	20.41852	72.08041	4.1034060163447456e-20	0.0	4.1034060163447456e-20	sp|P01009|A1AT_HUMAN	271
2020111CXY-6.9251.9251.3.0.dta	2020111CXY-6.9251.9251.3.0.dta	2020111CXY-6	9251	2460.91606	2780.10531	927.37329	3	1	EEQFJSTFR		1157.52218	5 4 0 0 0	(N(N(H(H(N(H)))(H(N(H))))))	175	0 1 0 0 0;0 2 0 0 0;1 2 0 0 0;2 2 0 0 0;2 3 0 0 0;3 2 0 0 0;3 3 0 0 0;3 4 0 0 0;4 3 0 0 0;4 4 0 0 0;	1622.58161	5	19.45010	15.42204	26.93079	7	0.00153	0.55035	0.58333	0.62500	0.00000	0	0	26.93079	9.58296	20.40840	1.0700673140469867e-32	0.0	1.0700673140469867e-32	sp|P01859|IGHG2_HUMAN	176
2020111CXY-6.17986.17986.3.0.dta	2020111CXY-6.17986.17986.3.0.dta	2020111CXY-6	17986	4990.81281	3681.52908	1227.84788	3	1	CGLVPVLAENYJK	1,Carbamidomethyl[C];	1476.75152	5 4 2 0 0	(N(N(H(H(N(H(A))))(H(N(H(A)))))))	754	0 1 0 0 0;0 2 0 0 0;1 2 0 0 0;2 2 0 0 0;2 3 0 0 0;3 2 0 0 0;3 3 0 0 0;3 3 1 0 0;3 4 0 0 0;4 3 0 0 0;4 3 1 0 0;4 4 0 0 0;4 4 1 0 0;5 4 0 0 0;5 4 1 0 0;	2204.77244	12	54.96881	70.54592	26.03989	7	0.00512	1.39017	0.52941	1.04167	0.00000	0	0	26.03989	17.02367	56.67118	1.7038119668985073e-31	0.0	1.7038119668985073e-31	sp|P02787|TRFE_HUMAN	432
2020111CXY-6.12907.12907.4.0.dta	2020111CXY-6.12907.12907.4.0.dta	2020111CXY-6	12907	3465.30736	4916.05103	1229.76822	4	1	YPHKPEIJSTTHPGADLQEJFCR	22,Carbamidomethyl[C];	2711.26307	5 4 2 0 0	(N(N(H(H(N(H(A))))(H(N(H(A)))))))	754	0 1 0 0 0;0 2 0 0 0;1 2 0 0 0;2 2 0 0 0;2 3 0 0 0;3 2 0 0 0;3 3 0 0 0;3 3 1 0 0;3 4 0 0 0;4 3 0 0 0;4 3 1 0 0;4 4 0 0 0;4 4 1 0 0;5 4 0 0 0;5 4 1 0 0;	2204.77244	8	24.22102	22.15466	28.05854	5	0.01552	3.15802	0.64706	0.45455	0.00000	0	0	28.05854	10.13580	25.23460	2.077411886936766e-34	0.0	2.077411886936766e-34	sp|P00734|THRB_HUMAN	143
2020111CXY-6.14962.14962.3.0.dta	2020111CXY-6.14962.14962.3.0.dta	2020111CXY-6	14962	4173.05642	3027.24940	1009.75465	3	1	VLJFTTK		822.47198	5 4 2 0 0	(N(N(H(H(N(H(A))))(H(N(H(A)))))))	754	0 1 0 0 0;0 2 0 0 0;1 2 0 0 0;2 2 0 0 0;2 3 0 0 0;3 2 0 0 0;3 3 0 0 0;3 3 1 0 0;3 4 0 0 0;4 3 0 0 0;4 3 1 0 0;4 4 0 0 0;4 4 1 0 0;5 4 0 0 0;5 4 1 0 0;	2204.77244	3	52.69091	60.02853	39.06390	7	0.00498	1.64406	0.58824	1.33333	0.00000	0	0	39.06390	14.60638	54.15155	7.848293246090109e-50	0.0	7.848293246090109e-50	sp|P13671|CO6_HUMAN	324
2020111CXY-6.17116.17116.4.0.dta	2020111CXY-6.17116.17116.4.0.dta	2020111CXY-6	17116	4757.61926	4884.17274	1221.79864	4	1	MVSHHJLTTGATLINEQWLLTTAK		2679.39230	5 4 2 0 0	(N(N(H(H(N(H(A))))(H(N(H(A)))))))	754	0 1 0 0 0;0 2 0 0 0;1 2 0 0 0;2 2 0 0 0;2 3 0 0 0;3 2 0 0 0;3 3 0 0 0;3 3 1 0 0;3 4 0 0 0;4 3 0 0 0;4 3 1 0 0;4 4 0 0 0;4 4 1 0 0;5 4 0 0 0;5 4 1 0 0;	2204.77244	6	49.12649	55.94200	36.46911	6	0.00800	1.63794	0.58824	0.56522	0.00000	0	0	36.46911	19.55754	51.08224	2.976233958090243e-46	0.0	2.976233958090243e-46	sp|P00739|HPTR_HUMAN/sp|P00738|HPT_HUMAN	126/184
2020111CXY-6.5768.5768.3.0.dta	2020111CXY-6.5768.5768.3.0.dta	2020111CXY-6	5768	1524.61598	2812.09593	938.03683	3	1	EEQYJSTYR		1189.51199	5 4 0 0 0	(N(N(H(H(N))(H(N(H(H)))))))	171	0 1 0 0 0;0 2 0 0 0;1 2 0 0 0;2 2 0 0 0;2 3 0 0 0;3 2 0 0 0;3 3 0 0 0;3 4 0 0 0;4 3 0 0 0;4 4 0 0 0;5 3 0 0 0;	1622.58161	5	66.63991	72.64330	55.49076	7	0.00234	0.83035	0.84615	1.18750	0.00000	0	0	55.49076	15.40082	68.17999	3.169264703949505e-73	0.0	3.169264703949505e-73	sp|P01857|IGHG1_HUMAN	180
2020111CXY-6.17634.17634.3.0.dta	2020111CXY-6.17634.17634.3.0.dta	2020111CXY-6	17634	4896.08623	4719.90170	1573.97208	3	1	QQQHLFGSJVTDCSGJFCLFR	13,Carbamidomethyl[C];18,Carbamidomethyl[C];	2515.12414	5 4 2 0 0	(N(N(H(H(N(H(A))))(H(N(H(A)))))))	754	0 1 0 0 0;0 2 0 0 0;1 2 0 0 0;2 2 0 0 0;2 3 0 0 0;3 2 0 0 0;3 3 0 0 0;3 3 1 0 0;3 4 0 0 0;4 3 0 0 0;4 3 1 0 0;4 4 0 0 0;4 4 1 0 0;5 4 0 0 0;5 4 1 0 0;	2204.77244	9	50.49031	69.90430	14.43577	6	0.00512	1.08413	0.35294	0.72500	0.00000	0	0	14.43577	20.08283	52.49859	3.862950987949506e-16	0.0	3.862950987949506e-16	sp|P02787|TRFE_HUMAN	630
2020111CXY-6.3593.3593.2.0.dta	2020111CXY-6.3593.3593.2.0.dta	2020111CXY-6	3593	941.73359	2663.08987	1332.04857	2	1	YKJNSDISSTR		1284.61786	6 2 0 0 0	(N(N(H(H(H(H(H(H))))))))	65	0 1 0 0 0;0 2 0 0 0;1 2 0 0 0;2 2 0 0 0;3 2 0 0 0;4 2 0 0 0;5 2 0 0 0;	1378.47569	3	47.58412	43.27349	55.58956	7	-0.00368	-1.38123	1.00000	1.00000	0.00000	0	0	55.58956	14.71938	49.05606	2.2038754922164684e-73	0.0	2.2038754922164684e-73	sp|P01871|IGHM_HUMAN	46
2020111CXY-6.6478.6478.3.0.dta	2020111CXY-6.6478.6478.3.0.dta	2020111CXY-6	6478	1713.85839	3163.26914	1055.09457	3	1	GHVJITR		796.44241	6 4 2 0 0	(N(N(H(H(N(H(A))))(H(N(H(H)(A)))))))	1017	0 1 0 0 0;0 2 0 0 0;1 2 0 0 0;2 2 0 0 0;2 3 0 0 0;3 2 0 0 0;3 3 0 0 0;3 3 1 0 0;3 4 0 0 0;4 3 0 0 0;4 3 1 0 0;4 4 0 0 0;4 4 1 0 0;5 3 0 0 0;5 3 1 0 0;5 4 0 0 0;5 4 1 0 0;5 4 2 0 0;6 4 0 0 0;6 4 1 0 0;	2366.82526	4	30.59830	16.86764	56.09810	7	0.00147	0.46393	0.68182	0.75000	0.00000	0	0	56.09810	9.72984	31.57128	3.04808696805477e-74	0.0	3.04808696805477e-74	sp|P00734|THRB_HUMAN	121
2020111CXY-6.4818.4818.3.0.dta	2020111CXY-6.4818.4818.3.0.dta	2020111CXY-6	4818	1269.57231	3065.24951	1022.42135	3	1	PREEQYJSTYR		1442.66586	5 4 0 0 0	(N(N(H(H(N(H)))(H(N(H))))))	175	0 1 0 0 0;0 2 0 0 0;1 2 0 0 0;2 2 0 0 0;2 3 0 0 0;3 2 0 0 0;3 3 0 0 0;3 4 0 0 0;4 3 0 0 0;4 4 0 0 0;	1622.58161	7	26.58969	15.74503	46.72976	7	0.00204	0.66488	0.91667	0.60000	0.00000	0	0	46.72976	9.37983	27.52767	1.7587649778820922e-60	0.0	1.7587649778820922e-60	sp|P01857|IGHG1_HUMAN	180
2020111CXY-6.2697.2697.3.0.dta	2020111CXY-6.2697.2697.3.0.dta	2020111CXY-6	2697	702.77387	2823.10221	941.70559	3	1	JASQAK		618.32056	5 4 2 0 0	(N(N(H(H(N(H(A))))(H(N(H(A)))))))	754	0 1 0 0 0;0 2 0 0 0;1 2 0 0 0;2 2 0 0 0;2 3 0 0 0;3 2 0 0 0;3 3 0 0 0;3 3 1 0 0;3 4 0 0 0;4 3 0 0 0;4 3 1 0 0;4 4 0 0 0;4 4 1 0 0;5 4 0 0 0;5 4 1 0 0;	2204.77244	1	11.98366	9.10899	17.32234	7	0.00920	3.26023	0.41176	0.70000	0.00000	0	0	17.32234	8.22389	12.80605	7.741327234643635e-20	0.0032258064516129032	0.0032258064516129032	sp|Q7Z6J0|SH3R1_HUMAN/sp|Q6N021|TET2_HUMAN/sp|Q9UK55|ZPI_HUMAN	510/1504/197
2020111CXY-6.6890.6890.2.0.dta	2020111CXY-6.6890.6890.2.0.dta	2020111CXY-6	6890	1825.01970	3001.21840	1501.11284	2	1	GHVJITR		796.44241	5 4 2 0 0	(N(N(H(H(N(H(A))))(H(N(H(A)))))))	754	0 1 0 0 0;0 2 0 0 0;1 2 0 0 0;2 2 0 0 0;2 3 0 0 0;3 2 0 0 0;3 3 0 0 0;3 3 1 0 0;3 4 0 0 0;4 3 0 0 0;4 3 1 0 0;4 4 0 0 0;4 4 1 0 0;5 4 0 0 0;5 4 1 0 0;	2204.77244	4	44.01316	27.51326	74.65582	7	0.00354	1.18084	0.88235	0.91667	0.00000	0	0	74.65582	11.56898	45.17006	4.749672461066719e-101	0.0	4.749672461066719e-101	sp|P00734|THRB_HUMAN	121
2020111CXY-6.6158.6158.2.0.dta	2020111CXY-6.6158.6158.2.0.dta	2020111CXY-6	6158	1628.18464	2796.10022	1398.55375	2	1	EEQYJSTYR		1189.51199	4 4 0 1 0	(N(F)(N(H(H(N(H))(N(H))))))	166	0 1 0 0 0;0 1 0 1 0;0 2 0 0 0;0 2 0 1 0;1 2 0 0 0;1 2 0 1 0;2 2 0 0 0;2 2 0 1 0;2 3 0 0 0;2 3 0 1 0;2 4 0 0 0;2 4 0 1 0;3 3 0 0 0;3 3 0 1 0;3 4 0 0 0;3 4 0 1 0;4 4 0 0 0;	1606.58669	5	20.03404	16.53998	26.52302	8	0.00154	0.55136	0.42105	0.68750	0.00000	0	0	26.52302	10.69433	21.10347	3.8009243897165325e-32	0.0	3.8009243897165325e-32	sp|P01857|IGHG1_HUMAN	180
2020111CXY-6.9394.9394.3.0.dta	2020111CXY-6.9394.9394.3.0.dta	2020111CXY-6	9394	2498.99682	2764.11189	922.04215	3	1	EEQFJSTFR		1157.52218	4 4 0 1 0	(N(N(H(H(N))(H(N(H(F)))))))	161	0 1 0 0 0;0 2 0 0 0;1 2 0 0 0;2 2 0 0 0;2 3 0 0 0;3 2 0 0 0;3 3 0 0 0;3 3 0 1 0;3 4 0 0 0;4 3 0 0 0;4 3 0 1 0;4 4 0 0 0;	1606.58669	5	71.27865	85.69694	44.50184	7	0.00302	1.09317	0.71429	1.31250	0.00000	0	0	44.50184	17.33312	73.01196	1.852775017492936e-57	0.0	1.852775017492936e-57	sp|P01859|IGHG2_HUMAN	176
2020111CXY-6.8861.8861.3.0.dta	2020111CXY-6.8861.8861.3.0.dta	2020111CXY-6	8861	2355.61184	3382.43565	1128.15007	3	1	VYKPSAGJNSLYR		1468.75428	5 4 1 0 0	(N(N(H(H(N(H)))(H(N(H(A)))))))	380	0 1 0 0 0;0 2 0 0 0;1 2 0 0 0;2 2 0 0 0;2 3 0 0 0;3 2 0 0 0;3 3 0 0 0;3 3 1 0 0;3 4 0 0 0;4 3 0 0 0;4 3 1 0 0;4 4 0 0 0;4 4 1 0 0;5 4 0 0 0;	1913.67702	8	42.43993	33.87917	58.33849	7	0.00434	1.28325	0.75000	0.62500	0.00000	0	0	58.33849	10.80572	43.52050	3.039930135038886e-77	0.0	3.039930135038886e-77	sp|P02749|APOH_HUMAN	162
2020111CXY-6.15874.15874.3.0.dta	2020111CXY-6.15874.15874.3.0.dta	2020111CXY-6	15874	4422.92958	3806.53912	1269.51789	3	1	GTAGNALMDGASQLMGEJR		1892.85892	5 4 1 0 0	(N(N(H(H(N(H)))(H(N(H(A)))))))	380	0 1 0 0 0;0 2 0 0 0;1 2 0 0 0;2 2 0 0 0;2 3 0 0 0;3 2 0 0 0;3 3 0 0 0;3 3 1 0 0;3 4 0 0 0;4 3 0 0 0;4 3 1 0 0;4 4 0 0 0;4 4 1 0 0;5 4 0 0 0;	1913.67702	18	53.05900	60.68489	38.89663	7	0.00317	0.83317	0.62500	0.63889	0.00000	0	0	38.89663	15.09605	54.56861	1.3557631321967094e-49	0.0	1.3557631321967094e-49	sp|P02675|FIBB_HUMAN	394
2020111CXY-6.14801.14801.3.0.dta	2020111CXY-6.14801.14801.3.0.dta	2020111CXY-6	14801	4126.58540	3649.63495	1217.21650	3	1	TVLTPATNHMGJVTFTIPANR	10,Oxidation[M];	2271.15503	6 2 0 0 0	(N(N(H(H)(H(H(H(H)))))))	61	0 1 0 0 0;0 2 0 0 0;1 2 0 0 0;2 2 0 0 0;3 2 0 0 0;4 2 0 0 0;5 2 0 0 0;	1378.47569	12	27.81063	33.02343	18.12971	6	0.00424	1.16139	0.66667	0.60000	0.00000	0	0	18.12971	14.12069	29.22270	5.203938443587767e-21	0.0	5.203938443587767e-21	sp|P01024|CO3_HUMAN	85
2020111CXY-6.17329.17329.3.0.dta	2020111CXY-6.17329.17329.3.0.dta	2020111CXY-6	17329	4814.71019	4401.92494	1467.97983	3	1	VDKDLQSLEDILHQVEJK		2123.09789	6 5 1 0 0	(N(N(H(H(N(H(A))))(H(N(H))(N(H))))))	859	0 1 0 0 0;0 2 0 0 0;1 2 0 0 0;2 2 0 0 0;2 3 0 0 0;2 4 0 0 0;3 2 0 0 0;3 3 0 0 0;3 3 1 0 0;3 4 0 0 0;3 5 0 0 0;4 3 0 0 0;4 3 1 0 0;4 4 0 0 0;4 4 1 0 0;4 5 0 0 0;4 5 1 0 0;5 4 0 0 0;5 4 1 0 0;5 5 0 0 0;5 5 1 0 0;6 5 0 0 0;	2278.80922	17	25.32281	27.95035	20.44309	6	0.01783	4.04971	0.45833	0.55882	0.00000	0	0	20.44309	11.59356	26.48217	5.046874281931262e-24	0.0	5.046874281931262e-24	sp|P02679|FIBG_HUMAN	78
2020111CXY-6.17077.17077.3.0.dta	2020111CXY-6.17077.17077.3.0.dta	2020111CXY-6	17077	4747.28399	4876.11281	1626.04245	3	1	MVSHHJLTTGATLINEQWLLTTAK		2679.39230	4 5 1 0 1	(N(N(H(H(N)(N(H)))(H(N(pH(A)))))))	6019	0 1 0 0 0;0 2 0 0 0;1 2 0 0 0;2 2 0 0 0;2 3 0 0 0;2 3 0 0 1;2 3 1 0 1;2 4 0 0 0;3 2 0 0 0;3 3 0 0 0;3 3 0 0 1;3 3 1 0 1;3 4 0 0 0;3 4 0 0 1;3 4 1 0 1;3 5 0 0 0;3 5 0 0 1;3 5 1 0 1;4 3 0 0 0;4 4 0 0 0;4 4 0 0 1;4 4 1 0 1;4 5 0 0 0;4 5 0 0 1;	2196.72273	6	15.62144	15.39183	16.04785	7	-0.00222	-0.45467	0.34615	0.39130	0.00000	0	0	16.04785	10.64492	16.68593	2.869576578873042e-18	0.0	2.869576578873042e-18	sp|P00739|HPTR_HUMAN/sp|P00738|HPT_HUMAN	126/184
2020111CXY-6.17473.17473.3.0.dta	2020111CXY-6.17473.17473.3.0.dta	2020111CXY-6	17473	4853.03843	4689.91150	1563.97535	3	1	GLTFQQJASSMCVPDQDTAIR	12,Carbamidomethyl[C];	2339.07546	12 2 0 0 0	(N(N(H(H(H(H(H))))(H(H(H(H(H(H(H))))))))))	978	0 1 0 0 0;0 2 0 0 0;1 2 0 0 0;2 2 0 0 0;3 2 0 0 0;4 2 0 0 0;5 2 0 0 0;6 2 0 0 0;7 2 0 0 0;8 2 0 0 0;9 2 0 0 0;10 2 0 0 0;11 2 0 0 0;	2350.79263	7	58.37379	78.81483	20.41186	7	0.04341	9.25669	0.46667	0.87500	0.00000	0	0	20.41186	22.68017	60.64181	6.0479028574226e-24	0.0	6.0479028574226e-24	sp|P01871|IGHM_HUMAN	209
2020111CXY-6.17715.17715.4.0.dta	2020111CXY-6.17715.17715.4.0.dta	2020111CXY-6	17715	4917.90000	5635.31934	1409.58529	4	1	LGHCPDPVLVNGEFSSSGPVJVSDK	4,Carbamidomethyl[C];	2611.24569	3 7 2 2 1	(N(N(H(N)(H(N)(N(F)))(H(N)(N(F)(pH(A(A))))))))	14240	0 1 0 0 0;0 2 0 0 0;1 2 0 0 0;1 3 0 0 0;2 2 0 0 0;2 3 0 0 0;2 3 0 0 1;2 3 0 1 0;2 3 0 1 1;2 3 1 0 1;2 3 1 1 1;2 3 2 0 1;2 3 2 1 1;2 4 0 0 0;2 4 0 0 1;2 4 0 1 0;2 4 0 1 1;2 4 1 0 1;2 4 1 1 1;2 4 2 0 1;2 4 2 1 1;2 5 0 0 0;2 5 0 0 1;2 5 0 1 0;2 5 0 1 1;2 5 1 0 1;2 5 1 1 1;2 5 2 0 1;2 5 2 1 1;3 2 0 0 0;3 3 0 0 0;3 3 0 0 1;3 3 0 1 0;3 3 0 1 1;3 3 1 0 1;3 3 1 1 1;3 3 2 0 1;3 3 2 1 1;3 4 0 0 0;3 4 0 0 1;3 4 0 1 0;3 4 0 1 1;3 4 0 2 0;3 4 0 2 1;3 4 1 0 1;3 4 1 1 1;3 4 1 2 1;3 4 2 0 1;3 4 2 1 1;3 4 2 2 1;3 5 0 0 0;3 5 0 0 1;3 5 0 1 0;3 5 0 1 1;3 5 0 2 0;3 5 0 2 1;3 5 1 0 1;3 5 1 1 1;3 5 1 2 1;3 5 2 0 1;3 5 2 1 1;3 5 2 2 1;3 6 0 0 0;3 6 0 0 1;3 6 0 1 0;3 6 0 1 1;3 6 0 2 0;3 6 0 2 1;3 6 1 0 1;3 6 1 1 1;3 6 1 2 1;3 6 2 0 1;3 6 2 1 1;3 6 2 2 1;3 7 0 0 0;3 7 0 0 1;3 7 0 1 0;3 7 0 1 1;3 7 0 2 0;3 7 0 2 1;3 7 1 0 1;3 7 1 1 1;3 7 1 2 1;3 7 2 0 1;3 7 2 1 1;	3024.03988	21	25.40291	34.79590	7.95879	6	0.03377	5.99242	0.09195	0.52083	0.00000	0	0	7.95879	13.12707	26.71562	3.100751890486261e-08	0.0	3.100751890486261e-08	sp|P20851|C4BPB_HUMAN	98
2020111CXY-6.9666.9666.2.0.dta	2020111CXY-6.9666.9666.2.0.dta	2020111CXY-6	9666	2572.03752	2764.11270	1382.55999	2	1	EEQFJSTFR		1157.52218	4 4 0 1 0	(N(F)(N(H(H)(N)(H(N(H))))))	155	0 1 0 0 0;0 1 0 1 0;0 2 0 0 0;0 2 0 1 0;1 2 0 0 0;1 2 0 1 0;1 3 0 0 0;1 3 0 1 0;2 2 0 0 0;2 2 0 1 0;2 3 0 0 0;2 3 0 1 0;2 4 0 0 0;2 4 0 1 0;3 2 0 0 0;3 2 0 1 0;3 3 0 0 0;3 3 0 1 0;3 4 0 0 0;3 4 0 1 0;4 3 0 0 0;4 3 0 1 0;4 4 0 0 0;	1606.58669	5	31.35675	24.97817	43.20270	9	0.00383	1.38404	0.48000	0.75000	0.00000	0	0	43.20270	11.25364	32.48211	1.0604549471801836e-55	0.0	1.0604549471801836e-55	sp|P01859|IGHG2_HUMAN	176
2020111CXY-6.5361.5361.3.0.dta	2020111CXY-6.5361.5361.3.0.dta	2020111CXY-6	5361	1415.83653	3344.35699	1115.45718	3	1	YKJNSDISSTR		1284.61786	5 4 1 1 0	(N(F)(N(H(H(N(H)))(H(N(H(A)))))))	549	0 1 0 0 0;0 1 0 1 0;0 2 0 0 0;0 2 0 1 0;1 2 0 0 0;1 2 0 1 0;2 2 0 0 0;2 2 0 1 0;2 3 0 0 0;2 3 0 1 0;3 2 0 0 0;3 2 0 1 0;3 3 0 0 0;3 3 0 1 0;3 3 1 0 0;3 3 1 1 0;3 4 0 0 0;3 4 0 1 0;4 3 0 0 0;4 3 0 1 0;4 3 1 0 0;4 3 1 1 0;4 4 0 0 0;4 4 0 1 0;4 4 1 0 0;4 4 1 1 0;5 4 0 0 0;5 4 0 1 0;5 4 1 0 0;	2059.73493	3	59.79490	40.63552	95.37661	9	0.00420	1.25486	0.70968	0.95000	0.00000	0	0	95.37661	13.89451	61.18435	1.861173783834329e-130	0.0	1.861173783834329e-130	sp|P01871|IGHM_HUMAN	46
2020111CXY-6.16738.16738.3.0.dta	2020111CXY-6.16738.16738.3.0.dta	2020111CXY-6	16738	4656.12378	3823.56889	1275.19448	3	1	GTAGNALMDGASQLMGEJR		1892.85892	6 4 0 1 0	(N(N(H(H(H))(H(N(H))(N(H)(F))))))	399	0 1 0 0 0;0 2 0 0 0;1 2 0 0 0;2 2 0 0 0;2 3 0 0 0;2 3 0 1 0;2 4 0 0 0;2 4 0 1 0;3 2 0 0 0;3 3 0 0 0;3 3 0 1 0;3 4 0 0 0;3 4 0 1 0;4 2 0 0 0;4 3 0 0 0;4 3 0 1 0;4 4 0 0 0;4 4 0 1 0;5 3 0 0 0;5 3 0 1 0;5 4 0 0 0;5 4 0 1 0;6 4 0 0 0;	1930.69234	18	27.99831	34.44244	16.03063	6	0.01763	4.60977	0.36000	0.55556	0.00000	0	0	16.03063	9.81887	28.98020	3.6585837398984225e-18	0.0	3.6585837398984225e-18	sp|P02675|FIBB_HUMAN	394
2020111CXY-6.15454.15454.4.0.dta	2020111CXY-6.15454.15454.4.0.dta	2020111CXY-6	15454	4308.84829	4301.97683	1076.24967	4	1	MVSHHJLTTGATLINEQWLLTTAK		2679.39230	5 4 0 0 0	(N(N(H(H(N(H)))(H(N(H))))))	175	0 1 0 0 0;0 2 0 0 0;1 2 0 0 0;2 2 0 0 0;2 3 0 0 0;3 2 0 0 0;3 3 0 0 0;3 4 0 0 0;4 3 0 0 0;4 4 0 0 0;	1622.58161	6	62.46119	71.05118	46.50834	7	0.00293	0.67993	0.75000	0.60870	0.00000	0	0	46.50834	20.00107	64.46130	3.6009077741174877e-60	0.0	3.6009077741174877e-60	sp|P00739|HPTR_HUMAN/sp|P00738|HPT_HUMAN	126/184
2020111CXY-6.16215.16215.3.0.dta	2020111CXY-6.16215.16215.3.0.dta	2020111CXY-6	16215	4515.23055	4415.84303	1472.61919	3	1	GLTFQQJASSMCVPDQDTAIR	12,Carbamidomethyl[C];	2339.07546	6 4 0 2 0	(N(F)(N(H(H(N(H)))(H(N(H(H)(F)))))))	574	0 1 0 0 0;0 1 0 1 0;0 2 0 0 0;0 2 0 1 0;1 2 0 0 0;1 2 0 1 0;2 2 0 0 0;2 2 0 1 0;2 3 0 0 0;2 3 0 1 0;3 2 0 0 0;3 2 0 1 0;3 3 0 0 0;3 3 0 1 0;3 3 0 2 0;3 4 0 0 0;3 4 0 1 0;4 3 0 0 0;4 3 0 1 0;4 3 0 2 0;4 4 0 0 0;4 4 0 1 0;4 4 0 2 0;5 3 0 0 0;5 3 0 1 0;5 3 0 2 0;5 4 0 0 0;5 4 0 1 0;5 4 0 2 0;6 4 0 0 0;6 4 0 1 0;	2076.75025	7	59.59800	81.50658	18.91064	8	0.01733	3.92359	0.30303	0.87500	0.00000	0	0	18.91064	22.71235	61.86924	6.078749310258394e-22	0.0	6.078749310258394e-22	sp|P01871|IGHM_HUMAN	209
2020111CXY-6.5212.5212.3.0.dta	2020111CXY-6.5212.5212.3.0.dta	2020111CXY-6	5212	1375.85926	3344.35627	1115.45694	3	1	YKJNSDISSTR		1284.61786	5 4 1 1 0	(N(F)(N(H(H(N(H)))(H(N(H(A)))))))	549	0 1 0 0 0;0 1 0 1 0;0 2 0 0 0;0 2 0 1 0;1 2 0 0 0;1 2 0 1 0;2 2 0 0 0;2 2 0 1 0;2 3 0 0 0;2 3 0 1 0;3 2 0 0 0;3 2 0 1 0;3 3 0 0 0;3 3 0 1 0;3 3 1 0 0;3 3 1 1 0;3 4 0 0 0;3 4 0 1 0;4 3 0 0 0;4 3 0 1 0;4 3 1 0 0;4 3 1 1 0;4 4 0 0 0;4 4 0 1 0;4 4 1 0 0;4 4 1 1 0;5 4 0 0 0;5 4 0 1 0;5 4 1 0 0;	2059.73493	3	50.25305	34.53069	79.45172	9	0.00348	1.04136	0.67742	1.00000	0.00000	0	0	79.45172	13.95846	51.64890	1.1128161414696498e-107	0.0	1.1128161414696498e-107	sp|P01871|IGHM_HUMAN	46
2020111CXY-6.18341.18341.3.0.dta	2020111CXY-6.18341.18341.3.0.dta	2020111CXY-6	18341	5086.62020	4177.86085	1393.29180	3	1	VLSJNSDANLELINTWVAK		2101.09241	6 4 0 2 0	(N(F)(N(H(H(N(H)))(H(N(H(H)(F)))))))	574	0 1 0 0 0;0 1 0 1 0;0 2 0 0 0;0 2 0 1 0;1 2 0 0 0;1 2 0 1 0;2 2 0 0 0;2 2 0 1 0;2 3 0 0 0;2 3 0 1 0;3 2 0 0 0;3 2 0 1 0;3 3 0 0 0;3 3 0 1 0;3 3 0 2 0;3 4 0 0 0;3 4 0 1 0;4 3 0 0 0;4 3 0 1 0;4 3 0 2 0;4 4 0 0 0;4 4 0 1 0;4 4 0 2 0;5 3 0 0 0;5 3 0 1 0;5 3 0 2 0;5 4 0 0 0;5 4 0 1 0;5 4 0 2 0;6 4 0 0 0;6 4 0 1 0;	2076.75025	4	49.66623	65.05257	21.09159	8	0.01819	4.35509	0.36364	0.94444	0.00000	0	0	21.09159	19.63110	51.62934	9.135173413550739e-25	0.0	9.135173413550739e-25	sp|P05155|IC1_HUMAN	253
2020111CXY-6.18106.18106.3.0.dta	2020111CXY-6.18106.18106.3.0.dta	2020111CXY-6	18106	5023.11085	4411.73281	1471.24912	3	1	SWPAVGJCSSALR	8,Carbamidomethyl[C];	1404.66886	6 5 3 1 0	(N(N(H(H(N(F)(H(A))))(H(N(H(A)))(N(H(A)))))))	2060	0 1 0 0 0;0 2 0 0 0;1 2 0 0 0;2 2 0 0 0;2 3 0 0 0;2 3 0 1 0;2 4 0 0 0;3 2 0 0 0;3 3 0 0 0;3 3 0 1 0;3 3 1 0 0;3 3 1 1 0;3 4 0 0 0;3 4 0 1 0;3 4 1 0 0;3 5 0 0 0;3 5 0 1 0;4 3 0 0 0;4 3 0 1 0;4 3 1 0 0;4 3 1 1 0;4 4 0 0 0;4 4 0 1 0;4 4 1 0 0;4 4 1 1 0;4 4 2 0 0;4 5 0 0 0;4 5 0 1 0;4 5 1 0 0;4 5 1 1 0;5 4 0 0 0;5 4 0 1 0;5 4 1 0 0;5 4 1 1 0;5 4 2 0 0;5 4 2 1 0;5 5 0 0 0;5 5 0 1 0;5 5 1 0 0;5 5 1 1 0;5 5 2 0 0;5 5 2 1 0;6 5 0 0 0;6 5 0 1 0;6 5 1 0 0;6 5 1 1 0;6 5 2 0 0;6 5 2 1 0;6 5 3 0 0;	3007.05796	7	45.51294	56.34180	25.40222	6	0.00598	1.35653	0.29412	0.87500	0.00000	0	0	25.40222	13.90591	46.90353	1.603003895227196e-30	0.0	1.603003895227196e-30	sp|P02790|HEMO_HUMAN	187
2020111CXY-6.5757.5757.3.0.dta	2020111CXY-6.5757.5757.3.0.dta	2020111CXY-6	5757	1521.65598	2487.98967	830.00141	3	1	EEQYJSTYR		1189.51199	3 4 0 0 0	(N(N(H(H(N))(H(N)))))	52	0 1 0 0 0;0 2 0 0 0;1 2 0 0 0;2 2 0 0 0;2 3 0 0 0;3 2 0 0 0;3 3 0 0 0;	1298.47596	5	69.10222	81.18598	46.66097	7	0.00172	0.69208	0.88889	1.25000	0.00000	0	0	46.66097	16.29594	70.73181	2.067960144981445e-60	0.0	2.067960144981445e-60	sp|P01857|IGHG1_HUMAN	180
2020111CXY-6.8094.8094.3.0.dta	2020111CXY-6.8094.8094.3.0.dta	2020111CXY-6	8094	2149.34636	3268.27085	1090.09513	3	1	JGTAVCATNR	6,Carbamidomethyl[C];	1063.49492	5 4 2 0 0	(N(N(H(H(N(H(A))))(H(N(H(A)))))))	754	0 1 0 0 0;0 2 0 0 0;1 2 0 0 0;2 2 0 0 0;2 3 0 0 0;3 2 0 0 0;3 3 0 0 0;3 3 1 0 0;3 4 0 0 0;4 3 0 0 0;4 3 1 0 0;4 4 0 0 0;4 4 1 0 0;5 4 0 0 0;5 4 1 0 0;	2204.77244	1	21.94445	20.33911	24.92581	6	0.00349	1.06722	0.47059	0.77778	0.00000	0	0	24.92581	11.17762	23.06221	4.875768175883515e-30	0.0	4.875768175883515e-30	sp|P05156|CFAI_HUMAN	70
2020111CXY-6.14330.14330.3.1.dta	2020111CXY-6.14330.14330.3.1.dta	2020111CXY-6	14330	3988.25897	3335.37615	1112.46357	3	1	SWPAVGJCSSALR	8,Carbamidomethyl[C];	1404.66886	6 4 0 1 0	(N(N(H(H(H))(H(N(H))(N(H)(F))))))	399	0 1 0 0 0;0 2 0 0 0;1 2 0 0 0;2 2 0 0 0;2 3 0 0 0;2 3 0 1 0;2 4 0 0 0;2 4 0 1 0;3 2 0 0 0;3 3 0 0 0;3 3 0 1 0;3 4 0 0 0;3 4 0 1 0;4 2 0 0 0;4 3 0 0 0;4 3 0 1 0;4 4 0 0 0;4 4 0 1 0;5 3 0 0 0;5 3 0 1 0;5 4 0 0 0;5 4 0 1 0;6 4 0 0 0;	1930.69234	7	40.44195	55.28533	12.87567	5	0.01495	4.48339	0.32000	0.83333	0.00000	0	0	12.87567	15.71808	42.01376	5.697680598320188e-14	0.0	5.697680598320188e-14	sp|P02790|HEMO_HUMAN	187
2020111CXY-6.17217.17217.4.0.dta	2020111CXY-6.17217.17217.4.0.dta	2020111CXY-6	17217	4784.58990	3999.78681	1000.70216	4	1	VVLHPJYSQVDIGLIK		1795.01124	5 4 2 0 0	(N(N(H(H(N(H(A))))(H(N(H(A)))))))	754	0 1 0 0 0;0 2 0 0 0;1 2 0 0 0;2 2 0 0 0;2 3 0 0 0;3 2 0 0 0;3 3 0 0 0;3 3 1 0 0;3 4 0 0 0;4 3 0 0 0;4 3 1 0 0;4 4 0 0 0;4 4 1 0 0;5 4 0 0 0;5 4 1 0 0;	2204.77244	6	75.87845	95.92135	38.65592	7	0.00313	0.78353	0.58824	0.96667	0.00000	0	0	38.65592	22.52590	78.13104	4.078797120203799e-49	0.0	4.078797120203799e-49	sp|P00738|HPT_HUMAN	241
2020111CXY-6.18503.18503.3.0.dta	2020111CXY-6.18503.18503.3.0.dta	2020111CXY-6	18503	5129.73100	3678.48086	1226.83180	3	1	GAFISJFSMTVDGK		1473.70424	5 4 2 0 0	(N(N(H(H(N(H(A))))(H(N(H(A)))))))	754	0 1 0 0 0;0 2 0 0 0;1 2 0 0 0;2 2 0 0 0;2 3 0 0 0;3 2 0 0 0;3 3 0 0 0;3 3 1 0 0;3 4 0 0 0;4 3 0 0 0;4 3 1 0 0;4 4 0 0 0;4 4 1 0 0;5 4 0 0 0;5 4 1 0 0;	2204.77244	6	46.61020	56.69540	27.88054	6	0.00418	1.13579	0.52941	0.88462	0.00000	0	0	27.88054	16.74846	48.28505	3.7696836626672797e-34	0.0	3.7696836626672797e-34	sp|P19823|ITIH2_HUMAN	118
2020111CXY-6.16474.16474.3.0.dta	2020111CXY-6.16474.16474.3.0.dta	2020111CXY-6	16474	4584.69088	3390.43176	1130.81544	3	1	CGLVPVLAENYJK	1,Carbamidomethyl[C];	1476.75152	5 4 1 0 0	(N(N(H(H(N(H)))(H(N(H(A)))))))	380	0 1 0 0 0;0 2 0 0 0;1 2 0 0 0;2 2 0 0 0;2 3 0 0 0;3 2 0 0 0;3 3 0 0 0;3 3 1 0 0;3 4 0 0 0;4 3 0 0 0;4 3 1 0 0;4 4 0 0 0;4 4 1 0 0;5 4 0 0 0;	1913.67702	12	56.16964	70.42045	29.70385	7	0.00322	0.94899	0.56250	0.91667	0.00000	0	0	29.70385	14.97257	57.66690	1.2299824604480285e-36	0.0	1.2299824604480285e-36	sp|P02787|TRFE_HUMAN	432
2020111CXY-6.9233.9233.3.0.dta	2020111CXY-6.9233.9233.3.0.dta	2020111CXY-6	9233	2456.19305	2768.22397	923.41284	3	1	TPLTAJITK		958.55677	4 5 0 1 0	(N(F)(N(H(N)(H(N(H))(N(H))))))	291	0 1 0 0 0;0 1 0 1 0;0 2 0 0 0;0 2 0 1 0;1 2 0 0 0;1 2 0 1 0;1 3 0 0 0;1 3 0 1 0;2 2 0 0 0;2 2 0 1 0;2 3 0 0 0;2 3 0 1 0;2 4 0 0 0;2 4 0 1 0;2 5 0 0 0;2 5 0 1 0;3 3 0 0 0;3 3 0 1 0;3 4 0 0 0;3 4 0 1 0;3 5 0 0 0;3 5 0 1 0;4 4 0 0 0;4 4 0 1 0;4 5 0 0 0;	1809.66607	6	80.38077	95.74610	51.84516	8	0.00114	0.41005	0.55556	1.43750	0.00000	0	0	51.84516	18.55233	82.23600	5.867871550677847e-68	0.0	5.867871550677847e-68	sp|P01877|IGHA2_HUMAN	205
2020111CXY-6.11374.11374.2.0.dta	2020111CXY-6.11374.11374.2.0.dta	2020111CXY-6	11374	3033.75817	3018.29514	1509.65121	2	1	TPLTAJITK		958.55677	5 4 1 1 0	(N(F)(N(H(H(N(H)))(H(N(H(A)))))))	549	0 1 0 0 0;0 1 0 1 0;0 2 0 0 0;0 2 0 1 0;1 2 0 0 0;1 2 0 1 0;2 2 0 0 0;2 2 0 1 0;2 3 0 0 0;2 3 0 1 0;3 2 0 0 0;3 2 0 1 0;3 3 0 0 0;3 3 0 1 0;3 3 1 0 0;3 3 1 1 0;3 4 0 0 0;3 4 0 1 0;4 3 0 0 0;4 3 0 1 0;4 3 1 0 0;4 3 1 1 0;4 4 0 0 0;4 4 0 1 0;4 4 1 0 0;4 4 1 1 0;5 4 0 0 0;5 4 0 1 0;5 4 1 0 0;	2059.73493	6	71.05891	93.13365	30.06296	8	0.00343	1.13696	0.45161	1.31250	0.00000	0	0	30.06296	17.29666	72.78858	2.6832123479807387e-37	0.0	2.6832123479807387e-37	sp|P01877|IGHA2_HUMAN	205
2020111CXY-6.4506.4506.3.0.dta	2020111CXY-6.4506.4506.3.0.dta	2020111CXY-6	4506	1185.81863	3256.34049	1086.11835	3	1	YKJNSDISSTR		1284.61786	5 5 0 1 0	(N(F)(N(H(N)(H(N(H)))(H(N(H))))))	459	0 1 0 0 0;0 1 0 1 0;0 2 0 0 0;0 2 0 1 0;1 2 0 0 0;1 2 0 1 0;1 3 0 0 0;1 3 0 1 0;2 2 0 0 0;2 2 0 1 0;2 3 0 0 0;2 3 0 1 0;2 4 0 0 0;2 4 0 1 0;3 2 0 0 0;3 2 0 1 0;3 3 0 0 0;3 3 0 1 0;3 4 0 0 0;3 4 0 1 0;3 5 0 0 0;3 5 0 1 0;4 3 0 0 0;4 3 0 1 0;4 4 0 0 0;4 4 0 1 0;4 5 0 0 0;4 5 0 1 0;5 4 0 0 0;5 4 0 1 0;5 5 0 0 0;	1971.71889	3	43.40871	28.88799	70.37575	8	0.00374	1.14905	0.69697	0.80000	0.00000	0	0	70.37575	11.46152	44.55486	7.515837819069271e-95	0.0	7.515837819069271e-95	sp|P01871|IGHM_HUMAN	46
2020111CXY-6.5145.5145.2.0.dta	2020111CXY-6.5145.5145.2.0.dta	2020111CXY-6	5145	1357.73067	2979.22312	1490.11520	2	1	YKJNSDISSTR		1284.61786	4 3 1 1 0	(N(F)(N(H(H)(H(N(H(A)))))))	198	0 1 0 0 0;0 1 0 1 0;0 2 0 0 0;0 2 0 1 0;1 2 0 0 0;1 2 0 1 0;2 2 0 0 0;2 2 0 1 0;2 3 0 0 0;2 3 0 1 0;3 2 0 0 0;3 2 0 1 0;3 3 0 0 0;3 3 0 1 0;3 3 1 0 0;3 3 1 1 0;4 3 0 0 0;4 3 0 1 0;4 3 1 0 0;	1694.60274	3	70.76530	64.83771	81.77369	8	0.00252	0.84675	0.90476	1.15000	0.00000	0	0	81.77369	17.26113	72.49141	4.128871020071582e-111	0.0	4.128871020071582e-111	sp|P01871|IGHM_HUMAN	46
2020111CXY-6.17182.17182.3.0.dta	2020111CXY-6.17182.17182.3.0.dta	2020111CXY-6	17182	4775.36247	4016.81203	1339.60886	3	1	VVLHPJYSQVDIGLIK		1795.01124	6 4 1 1 0	(N(N(H(H(N(H(H))))(H(N(F)(H(A)))))))	783	0 1 0 0 0;0 2 0 0 0;1 2 0 0 0;2 2 0 0 0;2 3 0 0 0;2 3 0 1 0;3 2 0 0 0;3 3 0 0 0;3 3 0 1 0;3 3 1 0 0;3 3 1 1 0;3 4 0 0 0;3 4 0 1 0;4 3 0 0 0;4 3 0 1 0;4 3 1 0 0;4 3 1 1 0;4 4 0 0 0;4 4 0 1 0;4 4 1 0 0;4 4 1 1 0;5 3 0 0 0;5 4 0 0 0;5 4 0 1 0;5 4 1 0 0;5 4 1 1 0;6 4 0 0 0;6 4 0 1 0;6 4 1 0 0;	2221.78776	6	50.05383	55.55308	39.84093	7	0.01304	3.24642	0.45161	0.83333	0.00000	0	0	39.84093	17.37498	51.79133	7.558281434098424e-51	0.0	7.558281434098424e-51	sp|P00738|HPT_HUMAN	241
2020111CXY-6.12816.12816.3.0.dta	2020111CXY-6.12816.12816.3.0.dta	2020111CXY-6	12816	3440.84523	3175.26194	1059.09217	3	1	JYTLTGR		824.42608	5 4 2 1 0	(N(F)(N(H(H(N(H(A))))(H(N(H(A)))))))	991	0 1 0 0 0;0 1 0 1 0;0 2 0 0 0;0 2 0 1 0;1 2 0 0 0;1 2 0 1 0;2 2 0 0 0;2 2 0 1 0;2 3 0 0 0;2 3 0 1 0;3 2 0 0 0;3 2 0 1 0;3 3 0 0 0;3 3 0 1 0;3 3 1 0 0;3 3 1 1 0;3 4 0 0 0;3 4 0 1 0;4 3 0 0 0;4 3 0 1 0;4 3 1 0 0;4 3 1 1 0;4 4 0 0 0;4 4 0 1 0;4 4 1 0 0;4 4 1 1 0;5 4 0 0 0;5 4 0 1 0;5 4 1 0 0;5 4 1 1 0;5 4 2 0 0;	2350.83035	1	10.14178	11.72913	7.19385	6	0.00551	1.73503	0.24242	0.75000	0.00000	0	0	7.19385	8.68735	11.01051	1.4964604312217814e-07	0.0011389521640091116	0.0011389521640091116	sp|P10643|CO7_HUMAN	754
2020111CXY-6.9505.9505.2.0.dta	2020111CXY-6.9505.9505.2.0.dta	2020111CXY-6	9505	2528.93851	2561.03309	1281.02019	2	1	EEQFJSTFR		1157.52218	4 3 0 1 0	(N(F)(N(H(H)(H(N(H))))))	77	0 1 0 0 0;0 1 0 1 0;0 2 0 0 0;0 2 0 1 0;1 2 0 0 0;1 2 0 1 0;2 2 0 0 0;2 2 0 1 0;2 3 0 0 0;2 3 0 1 0;3 2 0 0 0;3 2 0 1 0;3 3 0 0 0;3 3 0 1 0;4 3 0 0 0;	1403.50732	5	8.18419	5.04486	14.01438	7	0.00360	1.40419	0.41176	0.37500	0.00000	0	0	14.01438	8.04388	8.98858	1.3152788897324097e-15	0.005268703898840885	0.005268703898840885	sp|P01859|IGHG2_HUMAN	176
2020111CXY-6.9672.9672.3.0.dta	2020111CXY-6.9672.9672.3.0.dta	2020111CXY-6	9672	2573.75333	2764.11109	922.04188	3	1	EEQFJSTFR		1157.52218	4 4 0 1 0	(N(F)(N(H(H(N(H))(N(H))))))	166	0 1 0 0 0;0 1 0 1 0;0 2 0 0 0;0 2 0 1 0;1 2 0 0 0;1 2 0 1 0;2 2 0 0 0;2 2 0 1 0;2 3 0 0 0;2 3 0 1 0;2 4 0 0 0;2 4 0 1 0;3 3 0 0 0;3 3 0 1 0;3 4 0 0 0;3 4 0 1 0;4 4 0 0 0;	1606.58669	5	17.72891	11.16200	29.92459	8	0.00222	0.80447	0.47368	0.56250	0.00000	0	0	29.92459	8.59059	18.58797	5.471657132230826e-37	0.0022002200220022	0.0022002200220022	sp|P01859|IGHG2_HUMAN	176
2020111CXY-6.9458.9458.2.0.dta	2020111CXY-6.9458.9458.2.0.dta	2020111CXY-6	9458	2516.42104	2764.11144	1382.55936	2	1	EEQFJSTFR		1157.52218	4 4 0 1 0	(N(F)(N(H(H(N))(H(N(H))))))	158	0 1 0 0 0;0 1 0 1 0;0 2 0 0 0;0 2 0 1 0;1 2 0 0 0;1 2 0 1 0;2 2 0 0 0;2 2 0 1 0;2 3 0 0 0;2 3 0 1 0;3 2 0 0 0;3 2 0 1 0;3 3 0 0 0;3 3 0 1 0;3 4 0 0 0;3 4 0 1 0;4 3 0 0 0;4 3 0 1 0;4 4 0 0 0;	1606.58669	5	53.87593	51.97624	57.40393	8	0.00257	0.92820	0.71429	0.93750	0.00000	0	0	57.40393	13.38206	55.21414	7.899698474324526e-76	0.0	7.899698474324526e-76	sp|P01859|IGHG2_HUMAN	176
2020111CXY-6.7537.7537.3.0.dta	2020111CXY-6.7537.7537.3.0.dta	2020111CXY-6	7537	1999.29968	2618.05334	873.35596	3	1	EEQFJSTYR		1173.51708	3 4 0 1 0	(N(N(H(H(N))(H(N(F))))))	89	0 1 0 0 0;0 2 0 0 0;1 2 0 0 0;2 2 0 0 0;2 3 0 0 0;2 3 0 1 0;3 2 0 0 0;3 3 0 0 0;3 3 0 1 0;3 4 0 0 0;	1444.53387	5	65.03303	79.81032	37.58948	7	0.00239	0.91178	0.66667	1.18750	0.00000	0	0	37.58948	16.85539	66.71857	7.509860953020922e-48	0.0	7.509860953020922e-48	sp|P01861|IGHG4_HUMAN	177
2020111CXY-6.17964.17964.3.0.dta	2020111CXY-6.17964.17964.3.0.dta	2020111CXY-6	17964	4984.83907	4719.90227	1573.97227	3	1	QQQHLFGSJVTDCSGJFCLFR	13,Carbamidomethyl[C];18,Carbamidomethyl[C];	2515.12414	5 4 2 0 0	(N(N(H(H(N(H(A))))(H(N(H(A)))))))	754	0 1 0 0 0;0 2 0 0 0;1 2 0 0 0;2 2 0 0 0;2 3 0 0 0;3 2 0 0 0;3 3 0 0 0;3 3 1 0 0;3 4 0 0 0;4 3 0 0 0;4 3 1 0 0;4 4 0 0 0;4 4 1 0 0;5 4 0 0 0;5 4 1 0 0;	2204.77244	9	22.14730	31.77753	4.26259	4	0.00569	1.20489	0.29412	0.60000	0.00000	0	0	4.26259	14.26939	23.57424	0.0001793778015753757	0.0	0.0001793778015753757	sp|P02787|TRFE_HUMAN	630
2020111CXY-6.5902.5902.3.0.dta	2020111CXY-6.5902.5902.3.0.dta	2020111CXY-6	5902	1560.80973	2958.15431	986.72295	3	1	EEQYJSTYR		1189.51199	5 4 0 1 0	(N(F)(N(H(H(N(H)))(H(N(H))))))	267	0 1 0 0 0;0 1 0 1 0;0 2 0 0 0;0 2 0 1 0;1 2 0 0 0;1 2 0 1 0;2 2 0 0 0;2 2 0 1 0;2 3 0 0 0;2 3 0 1 0;3 2 0 0 0;3 2 0 1 0;3 3 0 0 0;3 3 0 1 0;3 4 0 0 0;3 4 0 1 0;4 3 0 0 0;4 3 0 1 0;4 4 0 0 0;4 4 0 1 0;5 4 0 0 0;	1768.63952	5	41.83763	43.58286	38.59650	8	0.00280	0.94796	0.56522	0.93750	0.00000	0	0	38.59650	11.42250	42.97988	5.588826726222332e-49	0.0	5.588826726222332e-49	sp|P01857|IGHG1_HUMAN	180
2020111CXY-6.5731.5731.3.0.dta	2020111CXY-6.5731.5731.3.0.dta	2020111CXY-6	5731	1514.58443	2958.15366	986.72274	3	1	EEQYJSTYR		1189.51199	5 4 0 1 0	(N(F)(N(H(H(N(H)))(H(N(H))))))	267	0 1 0 0 0;0 1 0 1 0;0 2 0 0 0;0 2 0 1 0;1 2 0 0 0;1 2 0 1 0;2 2 0 0 0;2 2 0 1 0;2 3 0 0 0;2 3 0 1 0;3 2 0 0 0;3 2 0 1 0;3 3 0 0 0;3 3 0 1 0;3 4 0 0 0;3 4 0 1 0;4 3 0 0 0;4 3 0 1 0;4 4 0 0 0;4 4 0 1 0;5 4 0 0 0;	1768.63952	5	15.46217	9.80441	25.96944	9	0.00215	0.72789	0.39130	0.56250	0.00000	0	0	25.96944	9.03461	16.36563	2.282347362615557e-31	0.0011389521640091116	0.0011389521640091116	sp|P01857|IGHG1_HUMAN	180
2020111CXY-6.18612.18612.3.0.dta	2020111CXY-6.18612.18612.3.0.dta	2020111CXY-6	18612	5159.06190	4544.83738	1515.61731	3	1	LAJLTQGEDQYYLR		1683.83366	6 5 3 0 0	(N(N(H(H(N(H(A))))(H(N(H(A)))(N(H(A)))))))	1823	0 1 0 0 0;0 2 0 0 0;1 2 0 0 0;2 2 0 0 0;2 3 0 0 0;2 4 0 0 0;3 2 0 0 0;3 3 0 0 0;3 3 1 0 0;3 4 0 0 0;3 4 1 0 0;3 5 0 0 0;4 3 0 0 0;4 3 1 0 0;4 4 0 0 0;4 4 1 0 0;4 4 2 0 0;4 5 0 0 0;4 5 1 0 0;5 4 0 0 0;5 4 1 0 0;5 4 2 0 0;5 5 0 0 0;5 5 1 0 0;5 5 2 0 0;6 5 0 0 0;6 5 1 0 0;6 5 2 0 0;	2861.00005	3	19.35366	27.59341	4.05126	4	0.00367	0.80783	0.20000	0.76923	0.00000	0	0	4.05126	12.06229	20.55989	0.00028798527372817553	0.0	0.00028798527372817553	sp|P10909|CLUS_HUMAN	374
2020111CXY-6.5971.5971.2.0.dta	2020111CXY-6.5971.5971.2.0.dta	2020111CXY-6	5971	1579.21149	2430.96846	1215.98787	2	1	EEQYJSTYR		1189.51199	3 3 0 1 0	(N(F)(N(H(H(N(H))))))	41	0 1 0 0 0;0 1 0 1 0;0 2 0 0 0;0 2 0 1 0;1 2 0 0 0;1 2 0 1 0;2 2 0 0 0;2 2 0 1 0;2 3 0 0 0;2 3 0 1 0;3 3 0 0 0;	1241.45450	5	21.52669	15.88552	32.00315	8	0.00198	0.81351	0.61538	0.68750	0.00000	0	0	32.00315	11.06992	22.63368	6.9087228561935245e-40	0.0	6.9087228561935245e-40	sp|P01857|IGHG1_HUMAN	180
2020111CXY-6.5307.5307.2.1.dta	2020111CXY-6.5307.5307.2.1.dta	2020111CXY-6	5307	1401.21320	1497.64337	749.32532	2	1	AEJQSHDYK		1091.47522	0 2 0 0 0	(N(N))	2	0 1 0 0 0;	406.15875	3	8.43483	12.77578	0.37307	1	0.00941	6.28203	0.33333	0.62500	0.00000	0	0	0.37307	9.05956	9.34079	0	0.0011389521640091116	0.0011389521640091116	sp|Q5UIP0|RIF1_HUMAN	1599
2020111CXY-6.9177.9177.3.0.dta	2020111CXY-6.9177.9177.3.0.dta	2020111CXY-6	9177	2440.76872	2930.27919	977.43125	3	1	TPLTAJITK		958.55677	5 5 0 1 0	(N(F)(N(H(N)(H(N(H)))(H(N(H))))))	459	0 1 0 0 0;0 1 0 1 0;0 2 0 0 0;0 2 0 1 0;1 2 0 0 0;1 2 0 1 0;1 3 0 0 0;1 3 0 1 0;2 2 0 0 0;2 2 0 1 0;2 3 0 0 0;2 3 0 1 0;2 4 0 0 0;2 4 0 1 0;3 2 0 0 0;3 2 0 1 0;3 3 0 0 0;3 3 0 1 0;3 4 0 0 0;3 4 0 1 0;3 5 0 0 0;3 5 0 1 0;4 3 0 0 0;4 3 0 1 0;4 4 0 0 0;4 4 0 1 0;4 5 0 0 0;4 5 0 1 0;5 4 0 0 0;5 4 0 1 0;5 5 0 0 0;	1971.71889	6	79.14260	105.10171	30.93282	7	0.00353	1.20455	0.42424	1.43750	0.00000	0	0	30.93282	18.88288	81.03089	1.9527931402807897e-38	0.0	1.9527931402807897e-38	sp|P01877|IGHA2_HUMAN	205
2020111CXY-6.6058.6058.2.0.dta	2020111CXY-6.6058.6058.2.0.dta	2020111CXY-6	6058	1601.32599	2853.12428	1427.06578	2	1	EEQYJSTYR		1189.51199	4 5 0 0 0	(N(N(H(N)(H(N(H))(N(H))))))	194	0 1 0 0 0;0 2 0 0 0;1 2 0 0 0;1 3 0 0 0;2 2 0 0 0;2 3 0 0 0;2 4 0 0 0;2 5 0 0 0;3 3 0 0 0;3 4 0 0 0;3 5 0 0 0;4 4 0 0 0;	1663.60816	5	45.82289	46.61938	44.34369	6	0.00413	1.44891	0.71429	0.93750	0.00000	0	0	44.34369	12.79423	47.10231	2.8467259920416853e-57	0.0	2.8467259920416853e-57	sp|P01857|IGHG1_HUMAN	180
2020111CXY-6.5014.5014.3.0.dta	2020111CXY-6.5014.5014.3.0.dta	2020111CXY-6	5014	1322.40704	3198.29902	1066.77119	3	1	YKJNSDISSTR		1284.61786	5 4 1 0 0	(N(N(H(H(N(H)))(H(N(H(A)))))))	380	0 1 0 0 0;0 2 0 0 0;1 2 0 0 0;2 2 0 0 0;2 3 0 0 0;3 2 0 0 0;3 3 0 0 0;3 3 1 0 0;3 4 0 0 0;4 3 0 0 0;4 3 1 0 0;4 4 0 0 0;4 4 1 0 0;5 4 0 0 0;	1913.67702	3	23.39305	11.94652	44.65088	7	0.00413	1.29209	0.68750	0.60000	0.00000	0	0	44.65088	10.01865	24.39492	1.0074518269931499e-57	0.0	1.0074518269931499e-57	sp|P01871|IGHM_HUMAN	46
2020111CXY-6.5803.5803.3.0.dta	2020111CXY-6.5803.5803.3.0.dta	2020111CXY-6	5803	1534.09429	3256.27723	1086.09726	3	1	JNSDISSTR		993.45958	5 5 1 1 0	(N(F)(N(H(N)(H(N(H)))(H(N(H(A)))))))	824	0 1 0 0 0;0 1 0 1 0;0 2 0 0 0;0 2 0 1 0;1 2 0 0 0;1 2 0 1 0;1 3 0 0 0;1 3 0 1 0;2 2 0 0 0;2 2 0 1 0;2 3 0 0 0;2 3 0 1 0;2 4 0 0 0;2 4 0 1 0;3 2 0 0 0;3 2 0 1 0;3 3 0 0 0;3 3 0 1 0;3 3 1 0 0;3 3 1 1 0;3 4 0 0 0;3 4 0 1 0;3 4 1 0 0;3 4 1 1 0;3 5 0 0 0;3 5 0 1 0;4 3 0 0 0;4 3 0 1 0;4 3 1 0 0;4 3 1 1 0;4 4 0 0 0;4 4 0 1 0;4 4 1 0 0;4 4 1 1 0;4 5 0 0 0;4 5 0 1 0;4 5 1 0 0;4 5 1 1 0;5 4 0 0 0;5 4 0 1 0;5 4 1 0 0;5 4 1 1 0;5 5 0 0 0;5 5 0 1 0;5 5 1 0 0;	2262.81431	1	42.88069	56.92682	16.79502	7	0.00335	1.02883	0.21277	1.25000	0.00000	0	0	16.79502	16.18394	44.49908	4.134057056190304e-19	0.0	4.134057056190304e-19	sp|P01871|IGHM_HUMAN	46
2020111CXY-6.19113.19113.3.0.dta	2020111CXY-6.19113.19113.3.0.dta	2020111CXY-6	19113	5292.67322	3960.67153	1320.89536	3	1	YLGJATAIFFLPDEGK		1755.89521	5 4 2 0 0	(N(N(H(H(N(H(A))))(H(N(H(A)))))))	754	0 1 0 0 0;0 2 0 0 0;1 2 0 0 0;2 2 0 0 0;2 3 0 0 0;3 2 0 0 0;3 3 0 0 0;3 3 1 0 0;3 4 0 0 0;4 3 0 0 0;4 3 1 0 0;4 4 0 0 0;4 4 1 0 0;5 4 0 0 0;5 4 1 0 0;	2204.77244	4	37.76282	53.26921	8.96524	5	0.00388	0.97937	0.41176	0.90000	0.00000	0	0	8.96524	18.10394	39.57321	3.3377248533022454e-09	0.0	3.3377248533022454e-09	sp|P01009|A1AT_HUMAN	271
2020111CXY-6.16156.16156.3.0.dta	2020111CXY-6.16156.16156.3.0.dta	2020111CXY-6	16156	4499.22988	3974.57767	1325.53074	3	1	SWPAVGJCSSALR	8,Carbamidomethyl[C];	1404.66886	6 5 2 0 0	(N(N(H(H(N(H(A))))(H(N(H))(N(H(A)))))))	1338	0 1 0 0 0;0 2 0 0 0;1 2 0 0 0;2 2 0 0 0;2 3 0 0 0;2 4 0 0 0;3 2 0 0 0;3 3 0 0 0;3 3 1 0 0;3 4 0 0 0;3 4 1 0 0;3 5 0 0 0;4 3 0 0 0;4 3 1 0 0;4 4 0 0 0;4 4 1 0 0;4 5 0 0 0;4 5 1 0 0;5 4 0 0 0;5 4 1 0 0;5 4 2 0 0;5 5 0 0 0;5 5 1 0 0;5 5 2 0 0;6 5 0 0 0;6 5 1 0 0;	2569.90464	7	33.69418	40.76386	20.56477	5	0.00418	1.05068	0.42857	0.75000	0.00000	0	0	20.56477	13.14036	35.00822	3.061874352470931e-24	0.0	3.061874352470931e-24	sp|P02790|HEMO_HUMAN	187
2020111CXY-6.17387.17387.3.0.dta	2020111CXY-6.17387.17387.3.0.dta	2020111CXY-6	17387	4830.29110	4036.77795	1346.26417	3	1	VDKDLQSLEDILHQVEJK		2123.09789	5 4 1 0 0	(N(N(H(H(N(H)))(H(N(H(A)))))))	380	0 1 0 0 0;0 2 0 0 0;1 2 0 0 0;2 2 0 0 0;2 3 0 0 0;3 2 0 0 0;3 3 0 0 0;3 3 1 0 0;3 4 0 0 0;4 3 0 0 0;4 3 1 0 0;4 4 0 0 0;4 4 1 0 0;5 4 0 0 0;	1913.67702	17	69.38701	78.05065	53.29739	7	0.00304	0.75221	0.75000	0.85294	0.00000	0	0	53.29739	20.74852	71.46186	5.150827813852415e-70	0.0	5.150827813852415e-70	sp|P02679|FIBG_HUMAN	78
2020111CXY-6.16136.16136.3.0.dta	2020111CXY-6.16136.16136.3.0.dta	2020111CXY-6	16136	4493.90950	3358.46470	1120.15975	3	1	ALPQPQJVTSLLGCTH	14,Carbamidomethyl[C];	1735.87958	5 4 0 0 0	(N(N(H(H(N(H)))(H(N(H))))))	175	0 1 0 0 0;0 2 0 0 0;1 2 0 0 0;2 2 0 0 0;2 3 0 0 0;3 2 0 0 0;3 3 0 0 0;3 4 0 0 0;4 3 0 0 0;4 4 0 0 0;	1622.58161	7	59.55065	77.90957	25.45549	6	0.00351	1.04453	0.75000	0.93333	0.00000	0	0	25.45549	17.76808	61.32746	8.821883383341086e-31	0.0	8.821883383341086e-31	sp|P02790|HEMO_HUMAN	453
2020111CXY-6.4193.4193.3.0.dta	2020111CXY-6.4193.4193.3.0.dta	2020111CXY-6	4193	1102.55955	3053.25937	1018.42464	3	1	YKJNSDISSTR		1284.61786	5 4 0 1 0	(N(F)(N(H(H(N(H)))(H(N(H))))))	267	0 1 0 0 0;0 1 0 1 0;0 2 0 0 0;0 2 0 1 0;1 2 0 0 0;1 2 0 1 0;2 2 0 0 0;2 2 0 1 0;2 3 0 0 0;2 3 0 1 0;3 2 0 0 0;3 2 0 1 0;3 3 0 0 0;3 3 0 1 0;3 4 0 0 0;3 4 0 1 0;4 3 0 0 0;4 3 0 1 0;4 4 0 0 0;4 4 0 1 0;5 4 0 0 0;	1768.63952	3	47.81008	31.07741	78.88503	9	0.00199	0.65282	0.78261	0.90000	0.00000	0	0	78.88503	12.47639	49.05772	8.791898334224698e-107	0.0	8.791898334224698e-107	sp|P01871|IGHM_HUMAN	46
2020111CXY-6.10316.10316.2.0.dta	2020111CXY-6.10316.10316.2.0.dta	2020111CXY-6	10316	2747.45908	2823.12238	1412.06483	2	1	DTFVJASR		909.44247	5 4 1 0 0	(N(N(H(H(N(H)))(H(N(H(A)))))))	380	0 1 0 0 0;0 2 0 0 0;1 2 0 0 0;2 2 0 0 0;2 3 0 0 0;3 2 0 0 0;3 3 0 0 0;3 3 1 0 0;3 4 0 0 0;4 3 0 0 0;4 3 1 0 0;4 4 0 0 0;4 4 1 0 0;5 4 0 0 0;	1913.67702	5	15.51666	14.93796	16.59140	7	0.00289	1.02280	0.43750	0.64286	0.00000	0	0	16.59140	9.89160	16.50582	7.307683737697498e-19	0.0	7.307683737697498e-19	sp|P05155|IC1_HUMAN	238
2020111CXY-6.18060.18060.3.0.dta	2020111CXY-6.18060.18060.3.0.dta	2020111CXY-6	18060	5010.86899	3681.52945	1227.84800	3	1	CGLVPVLAENYJK	1,Carbamidomethyl[C];	1476.75152	5 4 2 0 0	(N(N(H(H(N(H(A))))(H(N(H(A)))))))	754	0 1 0 0 0;0 2 0 0 0;1 2 0 0 0;2 2 0 0 0;2 3 0 0 0;3 2 0 0 0;3 3 0 0 0;3 3 1 0 0;3 4 0 0 0;4 3 0 0 0;4 3 1 0 0;4 4 0 0 0;4 4 1 0 0;5 4 0 0 0;5 4 1 0 0;	2204.77244	12	91.52191	117.36165	43.53382	7	0.00549	1.49203	0.58824	1.08333	0.00000	0	0	43.53382	18.63889	93.38580	2.1495392047962614e-56	0.0	2.1495392047962614e-56	sp|P02787|TRFE_HUMAN	432
2020111CXY-6.11002.11002.3.0.dta	2020111CXY-6.11002.11002.3.0.dta	2020111CXY-6	11002	2932.94324	3782.42326	1261.47927	3	1	ISEEJETTCYMGK	9,Carbamidomethyl[C];11,Oxidation[M];	1577.64579	5 4 2 0 0	(N(N(H(H)(H(N(H(A)))(N(H(A)))))))	756	0 1 0 0 0;0 2 0 0 0;1 2 0 0 0;2 2 0 0 0;2 3 0 0 0;2 4 0 0 0;3 2 0 0 0;3 3 0 0 0;3 3 1 0 0;3 4 0 0 0;3 4 1 0 0;4 3 0 0 0;4 3 1 0 0;4 4 0 0 0;4 4 1 0 0;4 4 2 0 0;5 4 0 0 0;5 4 1 0 0;	2204.77244	5	8.03976	8.81065	6.60813	5	0.00503	1.32930	0.30000	0.45833	0.00000	0	0	6.60813	9.54192	8.99395	6.733231645609843e-07	0.0	6.733231645609843e-07	sp|P08603|CFAH_HUMAN	911
2020111CXY-6.17037.17037.3.0.dta	2020111CXY-6.17037.17037.3.0.dta	2020111CXY-6	17037	4736.18852	3407.45582	1136.49012	3	1	CGLVPVLAENYJK	1,Carbamidomethyl[C];	1476.75152	6 4 0 1 0	(N(N(H(H(H))(H(N(H))(N(H)(F))))))	399	0 1 0 0 0;0 2 0 0 0;1 2 0 0 0;2 2 0 0 0;2 3 0 0 0;2 3 0 1 0;2 4 0 0 0;2 4 0 1 0;3 2 0 0 0;3 3 0 0 0;3 3 0 1 0;3 4 0 0 0;3 4 0 1 0;4 2 0 0 0;4 3 0 0 0;4 3 0 1 0;4 4 0 0 0;4 4 0 1 0;5 3 0 0 0;5 3 0 1 0;5 4 0 0 0;5 4 0 1 0;6 4 0 0 0;	1930.69234	12	49.72901	69.19612	13.57580	6	0.01196	3.51077	0.32000	1.04167	0.00000	0	0	13.57580	16.36727	51.36574	6.3212839553238725e-15	0.0	6.3212839553238725e-15	sp|P02787|TRFE_HUMAN	432
2020111CXY-6.12525.12525.2.0.dta	2020111CXY-6.12525.12525.2.0.dta	2020111CXY-6	12525	3360.50197	3072.19857	1536.60292	2	1	DFVJASSK		867.42067	5 4 2 0 0	(N(N(H(H(N(H(A))))(H(N(H(A)))))))	754	0 1 0 0 0;0 2 0 0 0;1 2 0 0 0;2 2 0 0 0;2 3 0 0 0;3 2 0 0 0;3 3 0 0 0;3 3 1 0 0;3 4 0 0 0;4 3 0 0 0;4 3 1 0 0;4 4 0 0 0;4 4 1 0 0;5 4 0 0 0;5 4 1 0 0;	2204.77244	4	11.29902	8.26857	16.92700	7	0.00546	1.77592	0.41176	0.50000	0.00000	0	0	16.92700	8.84456	12.18348	2.3043064311196637e-19	0.0011389521640091116	0.0011389521640091116	sp|P05546|HEP2_HUMAN	188
2020111CXY-6.18808.18808.3.0.dta	2020111CXY-6.18808.18808.3.0.dta	2020111CXY-6	18808	5212.07350	3666.59099	1222.86851	3	1	ALPQPQJVTSLLGCTH	14,Carbamidomethyl[C];	1735.87958	6 4 0 1 0	(N(N(H(H(H))(H(N(H))(N(H)(F))))))	399	0 1 0 0 0;0 2 0 0 0;1 2 0 0 0;2 2 0 0 0;2 3 0 0 0;2 3 0 1 0;2 4 0 0 0;2 4 0 1 0;3 2 0 0 0;3 3 0 0 0;3 3 0 1 0;3 4 0 0 0;3 4 0 1 0;4 2 0 0 0;4 3 0 0 0;4 3 0 1 0;4 4 0 0 0;4 4 0 1 0;5 3 0 0 0;5 3 0 1 0;5 4 0 0 0;5 4 0 1 0;6 4 0 0 0;	1930.69234	7	50.91927	69.18947	16.98889	6	0.01906	5.19959	0.36000	0.93333	0.00000	0	0	16.98889	17.39631	52.65890	1.9560333551590824e-19	0.0	1.9560333551590824e-19	sp|P02790|HEMO_HUMAN	453
2020111CXY-6.15810.15810.3.1.dta	2020111CXY-6.15810.15810.3.1.dta	2020111CXY-6	15810	4405.60963	3265.35316	1089.12257	3	1	LDVDQALJR		1043.54800	6 4 1 1 0	(N(N(H(H(H))(H(N(H))(N(F)(H(A)))))))	780	0 1 0 0 0;0 2 0 0 0;1 2 0 0 0;2 2 0 0 0;2 3 0 0 0;2 3 0 1 0;2 4 0 0 0;2 4 0 1 0;3 2 0 0 0;3 3 0 0 0;3 3 0 1 0;3 3 1 0 0;3 3 1 1 0;3 4 0 0 0;3 4 0 1 0;3 4 1 0 0;3 4 1 1 0;4 2 0 0 0;4 3 0 0 0;4 3 0 1 0;4 3 1 0 0;4 3 1 1 0;4 4 0 0 0;4 4 0 1 0;4 4 1 0 0;4 4 1 1 0;5 3 0 0 0;5 3 0 1 0;5 3 1 0 0;5 3 1 1 0;5 4 0 0 0;5 4 0 1 0;5 4 1 0 0;5 4 1 1 0;6 4 0 0 0;6 4 0 1 0;6 4 1 0 0;	2221.78776	8	12.00907	14.33619	7.68728	5	0.01740	5.32875	0.20513	0.50000	0.00000	0	0	7.68728	8.69464	12.87853	5.7515201888490165e-08	0.0011389521640091116	0.0011389521640091116	sp|P04278|SHBG_HUMAN	380
2020111CXY-6.4928.4928.3.0.dta	2020111CXY-6.4928.4928.3.0.dta	2020111CXY-6	4928	1299.14422	3049.25603	1017.09019	3	1	PREEQYJSTYR		1442.66586	4 4 0 1 0	(N(F)(N(H(H(N))(H(N(H))))))	158	0 1 0 0 0;0 1 0 1 0;0 2 0 0 0;0 2 0 1 0;1 2 0 0 0;1 2 0 1 0;2 2 0 0 0;2 2 0 1 0;2 3 0 0 0;2 3 0 1 0;3 2 0 0 0;3 2 0 1 0;3 3 0 0 0;3 3 0 1 0;3 4 0 0 0;3 4 0 1 0;4 3 0 0 0;4 3 0 1 0;4 4 0 0 0;	1606.58669	7	54.58184	29.89508	100.42869	9	0.00347	1.13885	0.95238	0.70000	0.00000	0	0	100.42869	12.70269	55.85211	1.194675481929385e-137	0.0	1.194675481929385e-137	sp|P01857|IGHG1_HUMAN	180
2020111CXY-6.9613.9613.3.0.dta	2020111CXY-6.9613.9613.3.0.dta	2020111CXY-6	9613	2557.44505	3233.25610	1078.42355	3	1	EEQFJSTYR		1173.51708	5 4 1 1 0	(N(F)(N(H(H(N(H)))(H(N(H(A)))))))	549	0 1 0 0 0;0 1 0 1 0;0 2 0 0 0;0 2 0 1 0;1 2 0 0 0;1 2 0 1 0;2 2 0 0 0;2 2 0 1 0;2 3 0 0 0;2 3 0 1 0;3 2 0 0 0;3 2 0 1 0;3 3 0 0 0;3 3 0 1 0;3 3 1 0 0;3 3 1 1 0;3 4 0 0 0;3 4 0 1 0;4 3 0 0 0;4 3 0 1 0;4 3 1 0 0;4 3 1 1 0;4 4 0 0 0;4 4 0 1 0;4 4 1 0 0;4 4 1 1 0;5 4 0 0 0;5 4 0 1 0;5 4 1 0 0;	2059.73493	5	43.88113	38.43719	53.99132	9	0.00408	1.26334	0.51613	0.81250	0.00000	0	0	53.99132	11.09420	44.99055	4.854309146412673e-71	0.0	4.854309146412673e-71	sp|P01861|IGHG4_HUMAN	177
2020111CXY-6.4962.4962.3.0.dta	2020111CXY-6.4962.4962.3.0.dta	2020111CXY-6	4962	1308.24256	2866.11323	956.04259	3	1	JNSDISSTR		993.45958	6 3 1 0 0	(N(N(H(H)(H(H)(H(N(H(A))))))))	350	0 1 0 0 0;0 2 0 0 0;1 2 0 0 0;2 2 0 0 0;3 2 0 0 0;3 3 0 0 0;4 2 0 0 0;4 3 0 0 0;4 3 1 0 0;5 2 0 0 0;5 3 0 0 0;5 3 1 0 0;6 3 0 0 0;	1872.65047	1	48.48156	54.50412	37.29679	7	0.00318	1.10938	0.53333	1.25000	0.00000	0	0	37.29679	15.55862	50.03742	1.9986092325003064e-47	0.0	1.9986092325003064e-47	sp|P01871|IGHM_HUMAN	46
2020111CXY-6.7120.7120.2.0.dta	2020111CXY-6.7120.7120.2.0.dta	2020111CXY-6	7120	1887.06464	2438.05971	1219.53349	2	1	TLLJASR		774.44683	4 5 0 0 0	(N(N(H(N)(H(N(H))(N(H))))))	194	0 1 0 0 0;0 2 0 0 0;1 2 0 0 0;1 3 0 0 0;2 2 0 0 0;2 3 0 0 0;2 4 0 0 0;2 5 0 0 0;3 3 0 0 0;3 4 0 0 0;3 5 0 0 0;4 4 0 0 0;	1663.60816	4	19.84992	16.47531	26.11706	6	0.00473	1.93839	0.57143	0.75000	0.00000	0	0	26.11706	10.02585	20.85251	1.086375777212065e-31	0.0	1.086375777212065e-31	sp|P01880|IGHD_HUMAN	367
2020111CXY-6.10514.10514.3.0.dta	2020111CXY-6.10514.10514.3.0.dta	2020111CXY-6	10514	2801.39724	2969.18037	990.39831	3	1	DTFVJASR		909.44247	5 4 1 1 0	(N(F)(N(H(H(N(H)))(H(N(H(A)))))))	549	0 1 0 0 0;0 1 0 1 0;0 2 0 0 0;0 2 0 1 0;1 2 0 0 0;1 2 0 1 0;2 2 0 0 0;2 2 0 1 0;2 3 0 0 0;2 3 0 1 0;3 2 0 0 0;3 2 0 1 0;3 3 0 0 0;3 3 0 1 0;3 3 1 0 0;3 3 1 1 0;3 4 0 0 0;3 4 0 1 0;4 3 0 0 0;4 3 0 1 0;4 3 1 0 0;4 3 1 1 0;4 4 0 0 0;4 4 0 1 0;4 4 1 0 0;4 4 1 1 0;5 4 0 0 0;5 4 0 1 0;5 4 1 0 0;	2059.73493	5	18.64001	18.83380	18.28010	7	0.00297	0.99882	0.35484	0.71429	0.00000	0	0	18.28010	9.56960	19.59697	3.0574161772071314e-21	0.0	3.0574161772071314e-21	sp|P05155|IC1_HUMAN	238
2020111CXY-6.18462.18462.3.0.dta	2020111CXY-6.18462.18462.3.0.dta	2020111CXY-6	18462	5118.79576	5039.17861	1680.39772	3	1	VVLHPJYSQVDIGLIK		1795.01124	8 6 1 3 0	(N(N(H(H(N(H))(N(F)(H(H))))(H(N(H)(F))(N(F)(H(A)))))))	2368	0 1 0 0 0;0 2 0 0 0;1 2 0 0 0;2 2 0 0 0;2 3 0 0 0;2 3 0 1 0;2 4 0 0 0;2 4 0 1 0;2 4 0 2 0;3 2 0 0 0;3 3 0 0 0;3 3 0 1 0;3 3 1 0 0;3 3 1 1 0;3 4 0 0 0;3 4 0 1 0;3 4 0 2 0;3 4 1 0 0;3 4 1 1 0;3 4 1 2 0;3 5 0 0 0;3 5 0 1 0;3 5 0 2 0;3 5 0 3 0;3 6 0 0 0;3 6 0 1 0;3 6 0 2 0;3 6 0 3 0;4 3 0 0 0;4 3 0 1 0;4 3 1 0 0;4 3 1 1 0;4 4 0 0 0;4 4 0 1 0;4 4 0 2 0;4 4 1 0 0;4 4 1 1 0;4 4 1 2 0;4 5 0 0 0;4 5 0 1 0;4 5 0 2 0;4 5 0 3 0;4 5 1 0 0;4 5 1 1 0;4 5 1 2 0;4 5 1 3 0;4 6 0 0 0;4 6 0 1 0;4 6 0 2 0;4 6 0 3 0;4 6 1 0 0;4 6 1 1 0;4 6 1 2 0;4 6 1 3 0;5 3 0 0 0;5 3 0 1 0;5 4 0 0 0;5 4 0 1 0;5 4 0 2 0;5 4 1 0 0;5 4 1 1 0;5 4 1 2 0;5 5 0 0 0;5 5 0 1 0;5 5 0 2 0;5 5 0 3 0;5 5 1 0 0;5 5 1 1 0;5 5 1 2 0;5 5 1 3 0;5 6 0 0 0;5 6 0 1 0;5 6 0 2 0;5 6 0 3 0;5 6 1 0 0;5 6 1 1 0;5 6 1 2 0;5 6 1 3 0;6 4 0 0 0;6 4 0 1 0;6 4 0 2 0;6 4 1 0 0;6 4 1 1 0;6 4 1 2 0;6 5 0 0 0;6 5 0 1 0;6 5 0 2 0;6 5 0 3 0;6 5 1 0 0;6 5 1 1 0;6 5 1 2 0;6 5 1 3 0;6 6 0 0 0;6 6 0 1 0;6 6 0 2 0;6 6 0 3 0;6 6 1 0 0;6 6 1 1 0;6 6 1 2 0;6 6 1 3 0;7 5 0 0 0;7 5 0 1 0;7 5 0 2 0;7 5 0 3 0;7 5 1 0 0;7 5 1 1 0;7 5 1 2 0;7 5 1 3 0;7 6 0 0 0;7 6 0 1 0;7 6 0 2 0;7 6 0 3 0;7 6 1 0 0;7 6 1 1 0;7 6 1 2 0;7 6 1 3 0;8 6 0 0 0;8 6 0 1 0;8 6 0 2 0;8 6 0 3 0;8 6 1 0 0;8 6 1 1 0;8 6 1 2 0;	3244.16797	6	8.16663	11.38652	2.18684	4	-0.00059	-0.11694	0.05600	0.46667	0.00000	0	0	2.18684	8.13620	8.98025	0.003691092696215471	0.004250797024442083	0.004446644362644814	sp|P00738|HPT_HUMAN	241
2020111CXY-6.18954.18954.5.0.dta	2020111CXY-6.18954.18954.5.0.dta	2020111CXY-6	18954	5251.20935	5643.32682	1129.47118	5	1	FJLTETSEAEIHQSFQHLLR		2400.19425	8 6 2 1 0	(N(N(H(H(N(H))(N(F)(H(A))))(H(N(H(H)))(N(H(A)))))))	2366	0 1 0 0 0;0 2 0 0 0;1 2 0 0 0;2 2 0 0 0;2 3 0 0 0;2 3 0 1 0;2 4 0 0 0;2 4 0 1 0;3 2 0 0 0;3 3 0 0 0;3 3 0 1 0;3 3 1 0 0;3 3 1 1 0;3 4 0 0 0;3 4 0 1 0;3 4 1 0 0;3 4 1 1 0;3 5 0 0 0;3 5 0 1 0;3 6 0 0 0;3 6 0 1 0;4 3 0 0 0;4 3 0 1 0;4 3 1 0 0;4 3 1 1 0;4 4 0 0 0;4 4 0 1 0;4 4 1 0 0;4 4 1 1 0;4 5 0 0 0;4 5 0 1 0;4 5 1 0 0;4 5 1 1 0;4 6 0 0 0;4 6 0 1 0;4 6 1 0 0;4 6 1 1 0;5 3 0 0 0;5 4 0 0 0;5 4 0 1 0;5 4 1 0 0;5 4 1 1 0;5 4 2 0 0;5 4 2 1 0;5 5 0 0 0;5 5 0 1 0;5 5 1 0 0;5 5 1 1 0;5 5 2 0 0;5 5 2 1 0;5 6 0 0 0;5 6 0 1 0;5 6 1 0 0;5 6 1 1 0;5 6 2 0 0;5 6 2 1 0;6 4 0 0 0;6 4 0 1 0;6 4 1 0 0;6 4 1 1 0;6 5 0 0 0;6 5 0 1 0;6 5 1 0 0;6 5 1 1 0;6 5 2 0 0;6 5 2 1 0;6 6 0 0 0;6 6 0 1 0;6 6 1 0 0;6 6 1 1 0;6 6 2 0 0;6 6 2 1 0;7 5 0 0 0;7 5 0 1 0;7 5 1 0 0;7 5 1 1 0;7 5 2 0 0;7 5 2 1 0;7 6 0 0 0;7 6 0 1 0;7 6 1 0 0;7 6 1 1 0;7 6 2 0 0;7 6 2 1 0;8 6 0 0 0;8 6 0 1 0;8 6 1 0 0;8 6 1 1 0;8 6 2 0 0;	3243.14756	2	7.60829	10.71736	1.83432	5	-0.01500	-2.65769	0.05495	0.39474	0.00000	0	0	1.83432	8.46489	8.45478	0.004261945603414638	0.0022002200220022	0.004261945603414638	sp|P01011|AACT_HUMAN	106
2020111CXY-6.8956.8956.3.0.dta	2020111CXY-6.8956.8956.3.0.dta	2020111CXY-6	8956	2381.08735	3382.43815	1128.15090	3	1	VYKPSAGJNSLYR		1468.75428	5 4 1 0 0	(N(N(H(H(N(H)))(H(N(H(A)))))))	380	0 1 0 0 0;0 2 0 0 0;1 2 0 0 0;2 2 0 0 0;2 3 0 0 0;3 2 0 0 0;3 3 0 0 0;3 3 1 0 0;3 4 0 0 0;4 3 0 0 0;4 3 1 0 0;4 4 0 0 0;4 4 1 0 0;5 4 0 0 0;	1913.67702	8	55.42419	43.31708	77.90883	7	0.00684	2.02295	0.93750	0.75000	0.00000	0	0	77.90883	11.97940	56.62213	3.281947524191695e-105	0.0	3.281947524191695e-105	sp|P02749|APOH_HUMAN	162
2020111CXY-6.19194.19194.3.0.dta	2020111CXY-6.19194.19194.3.0.dta	2020111CXY-6	19194	5314.35938	3960.67161	1320.89539	3	1	YLGJATAIFFLPDEGK		1755.89521	5 4 2 0 0	(N(N(H(H(N(H(A))))(H(N(H(A)))))))	754	0 1 0 0 0;0 2 0 0 0;1 2 0 0 0;2 2 0 0 0;2 3 0 0 0;3 2 0 0 0;3 3 0 0 0;3 3 1 0 0;3 4 0 0 0;4 3 0 0 0;4 3 1 0 0;4 4 0 0 0;4 4 1 0 0;5 4 0 0 0;5 4 1 0 0;	2204.77244	4	57.54877	78.05053	19.47407	6	0.00396	1.00058	0.47059	0.93333	0.00000	0	0	19.47407	19.74092	59.52286	7.677356768082552e-23	0.0	7.677356768082552e-23	sp|P01009|A1AT_HUMAN	271
2020111CXY-6.15521.15521.3.0.dta	2020111CXY-6.15521.15521.3.0.dta	2020111CXY-6	15521	4327.08182	3919.69170	1307.23542	3	1	LGTSLSSGHVLMJGTLK		1714.91563	5 4 2 0 0	(N(N(H(H(N(H(A))))(H(N(H(A)))))))	754	0 1 0 0 0;0 2 0 0 0;1 2 0 0 0;2 2 0 0 0;2 3 0 0 0;3 2 0 0 0;3 3 0 0 0;3 3 1 0 0;3 4 0 0 0;4 3 0 0 0;4 3 1 0 0;4 4 0 0 0;4 4 1 0 0;5 4 0 0 0;5 4 1 0 0;	2204.77244	13	53.05725	50.08404	58.57891	7	0.00363	0.92532	0.82353	0.71875	0.00000	0	0	58.57891	12.83354	54.34060	8.041990538887911e-78	0.0	8.041990538887911e-78	sp|P80108|PHLD_HUMAN	659
2020111CXY-6.13787.13787.4.0.dta	2020111CXY-6.13787.13787.4.0.dta	2020111CXY-6	13787	3821.24608	4226.78506	1057.45172	4	1	ELHHLQEQJVSNAFLDK		2022.00393	5 4 2 0 0	(N(N(H(H(N(H(A))))(H(N(H(A)))))))	754	0 1 0 0 0;0 2 0 0 0;1 2 0 0 0;2 2 0 0 0;2 3 0 0 0;3 2 0 0 0;3 3 0 0 0;3 3 1 0 0;3 4 0 0 0;4 3 0 0 0;4 3 1 0 0;4 4 0 0 0;4 4 1 0 0;5 4 0 0 0;5 4 1 0 0;	2204.77244	9	53.76572	61.62854	39.16334	7	0.00869	2.05617	0.58824	0.75000	0.00000	0	0	39.16334	15.74144	55.33986	6.647040563010152e-50	0.0	6.647040563010152e-50	sp|P00450|CERU_HUMAN	762
2020111CXY-6.5834.5834.2.0.dta	2020111CXY-6.5834.5834.2.0.dta	2020111CXY-6	5834	1542.52442	2430.96868	1215.98798	2	1	EEQYJSTYR		1189.51199	3 3 0 1 0	(N(N(H(H)(H(N(F))))))	39	0 1 0 0 0;0 2 0 0 0;1 2 0 0 0;2 2 0 0 0;2 3 0 0 0;2 3 0 1 0;3 2 0 0 0;3 3 0 0 0;	1241.45450	5	46.28461	49.57613	40.17178	7	0.00220	0.90318	0.80000	0.93750	0.00000	0	0	40.17178	12.17677	47.50229	1.9631021036405236e-51	0.0	1.9631021036405236e-51	sp|P01857|IGHG1_HUMAN	180
2020111CXY-6.4829.4829.3.0.dta	2020111CXY-6.4829.4829.3.0.dta	2020111CXY-6	4829	1272.52344	3157.27289	1053.09581	3	1	YKJNSDISSTR		1284.61786	6 3 1 0 0	(N(N(H(H)(H(H)(H(N(H(A))))))))	350	0 1 0 0 0;0 2 0 0 0;1 2 0 0 0;2 2 0 0 0;3 2 0 0 0;3 3 0 0 0;4 2 0 0 0;4 3 0 0 0;4 3 1 0 0;5 2 0 0 0;5 3 0 0 0;5 3 1 0 0;6 3 0 0 0;	1872.65047	3	19.64202	8.44401	40.43831	7	0.00455	1.44226	0.66667	0.50000	0.00000	0	0	40.43831	8.48051	20.49007	9.09417221351654e-52	0.0022002200220022	0.0022002200220022	sp|P01871|IGHM_HUMAN	46
2020111CXY-6.7928.7928.3.0.dta	2020111CXY-6.7928.7928.3.0.dta	2020111CXY-6	7928	2104.64075	3058.29105	1020.10187	3	1	PREEQFJSTFR		1410.67605	3 5 0 1 0	(N(F)(N(H(N)(H(N)(N(H))))))	184	0 1 0 0 0;0 1 0 1 0;0 2 0 0 0;0 2 0 1 0;1 2 0 0 0;1 2 0 1 0;1 3 0 0 0;1 3 0 1 0;2 2 0 0 0;2 2 0 1 0;2 3 0 0 0;2 3 0 1 0;2 4 0 0 0;2 4 0 1 0;2 5 0 0 0;2 5 0 1 0;3 3 0 0 0;3 3 0 1 0;3 4 0 0 0;3 4 0 1 0;3 5 0 0 0;	1647.61324	7	23.83778	14.89784	40.44052	6	0.00175	0.57370	0.69565	0.55000	0.00000	0	0	40.44052	9.65047	24.80283	7.60638051696069e-52	0.0	7.60638051696069e-52	sp|P01859|IGHG2_HUMAN	176
2020111CXY-6.16299.16299.3.0.dta	2020111CXY-6.16299.16299.3.0.dta	2020111CXY-6	16299	4537.66176	3708.69199	1236.90218	3	1	VVLHPJYSQVDIGLIK		1795.01124	5 4 1 0 0	(N(N(H(H(N(H)))(H(N(H(A)))))))	380	0 1 0 0 0;0 2 0 0 0;1 2 0 0 0;2 2 0 0 0;2 3 0 0 0;3 2 0 0 0;3 3 0 0 0;3 3 1 0 0;3 4 0 0 0;4 3 0 0 0;4 3 1 0 0;4 4 0 0 0;4 4 1 0 0;5 4 0 0 0;	1913.67702	6	17.28820	18.32816	15.35686	6	0.00373	1.00642	0.50000	0.50000	0.00000	0	0	15.35686	9.35674	18.22387	2.6082264215523438e-17	0.0	2.6082264215523438e-17	sp|P00738|HPT_HUMAN	241
2020111CXY-6.17799.17799.4.0.dta	2020111CXY-6.17799.17799.4.0.dta	2020111CXY-6	17799	4940.49297	4451.96063	1113.74562	4	1	LQAPLJYTEFQKPICLPSK	15,Carbamidomethyl[C];	2247.18419	5 4 2 0 0	(N(N(H(H(N(H(A))))(H(N(H(A)))))))	754	0 1 0 0 0;0 2 0 0 0;1 2 0 0 0;2 2 0 0 0;2 3 0 0 0;3 2 0 0 0;3 3 0 0 0;3 3 1 0 0;3 4 0 0 0;4 3 0 0 0;4 3 1 0 0;4 4 0 0 0;4 4 1 0 0;5 4 0 0 0;5 4 1 0 0;	2204.77244	6	46.37531	56.62411	27.34184	6	0.00400	0.89780	0.52941	0.72222	0.00000	0	0	27.34184	15.82866	47.95818	2.9164452927133753e-33	0.0	2.9164452927133753e-33	sp|P03952|KLKB1_HUMAN	494
2020111CXY-6.9310.9310.2.0.dta	2020111CXY-6.9310.9310.2.0.dta	2020111CXY-6	9310	2476.69273	2618.05376	1309.53052	2	1	EEQFJSTFR		1157.52218	4 4 0 0 0	(N(N(H(H(N))(H(N(H))))))	98	0 1 0 0 0;0 2 0 0 0;1 2 0 0 0;2 2 0 0 0;2 3 0 0 0;3 2 0 0 0;3 3 0 0 0;3 4 0 0 0;4 3 0 0 0;	1460.52878	5	29.49115	27.72210	32.77651	7	0.00280	1.07043	0.63636	0.75000	0.00000	0	0	32.77651	11.37495	30.62864	4.5295264910336255e-41	0.0	4.5295264910336255e-41	sp|P01859|IGHG2_HUMAN	176
2020111CXY-6.18162.18162.3.0.dta	2020111CXY-6.18162.18162.3.0.dta	2020111CXY-6	18162	5038.19978	3649.55911	1217.19122	3	1	ALPQPQJVTSLLGCTH	14,Carbamidomethyl[C];	1735.87958	5 4 1 0 0	(N(N(H(H(N(H)))(H(N(H(A)))))))	380	0 1 0 0 0;0 2 0 0 0;1 2 0 0 0;2 2 0 0 0;2 3 0 0 0;3 2 0 0 0;3 3 0 0 0;3 3 1 0 0;3 4 0 0 0;4 3 0 0 0;4 3 1 0 0;4 4 0 0 0;4 4 1 0 0;5 4 0 0 0;	1913.67702	7	34.46047	49.61533	6.31573	4	0.00251	0.68707	0.37500	0.80000	0.00000	0	0	6.31573	13.30268	35.79074	1.399831594775881e-06	0.0	1.399831594775881e-06	sp|P02790|HEMO_HUMAN	453
2020111CXY-6.15404.15404.4.0.dta	2020111CXY-6.15404.15404.4.0.dta	2020111CXY-6	15404	4295.41702	4901.95725	1226.24477	4	1	LSDLSIJSTECLHVHCR	11,Carbamidomethyl[C];16,Carbamidomethyl[C];	2040.95897	6 5 3 0 0	(N(N(H(H(N(H(A))))(H(N(H(A)))(N(H(A)))))))	1823	0 1 0 0 0;0 2 0 0 0;1 2 0 0 0;2 2 0 0 0;2 3 0 0 0;2 4 0 0 0;3 2 0 0 0;3 3 0 0 0;3 3 1 0 0;3 4 0 0 0;3 4 1 0 0;3 5 0 0 0;4 3 0 0 0;4 3 1 0 0;4 4 0 0 0;4 4 1 0 0;4 4 2 0 0;4 5 0 0 0;4 5 1 0 0;5 4 0 0 0;5 4 1 0 0;5 4 2 0 0;5 5 0 0 0;5 5 1 0 0;5 5 2 0 0;6 5 0 0 0;6 5 1 0 0;6 5 2 0 0;	2861.00005	7	23.14188	28.30666	13.55015	6	-0.00177	-0.36200	0.30000	0.68750	0.00000	0	0	13.55015	12.49853	24.39173	8.006176130963754e-15	0.0	8.006176130963754e-15	sp|P05156|CFAI_HUMAN	177
2020111CXY-6.10025.10025.2.0.dta	2020111CXY-6.10025.10025.2.0.dta	2020111CXY-6	10025	2669.42248	2833.25329	1417.13028	2	1	QSVPAHFVALJGSK		1454.77504	6 2 0 0 0	(N(N(H(H(H)(H(H(H)))))))	64	0 1 0 0 0;0 2 0 0 0;1 2 0 0 0;2 2 0 0 0;3 2 0 0 0;4 2 0 0 0;5 2 0 0 0;	1378.47569	11	25.42023	24.76030	26.64583	6	0.00256	0.90414	0.88889	0.61538	0.00000	0	0	26.64583	10.19191	26.43942	2.718837635214619e-32	0.0	2.718837635214619e-32	sp|P06681|CO2_HUMAN	621
2020111CXY-6.7521.7521.2.0.dta	2020111CXY-6.7521.7521.2.0.dta	2020111CXY-6	7521	1994.91185	2942.15932	1471.58330	2	1	EEQYJSTFR		1173.51708	5 4 0 1 0	(N(F)(N(H(H(N(H)))(H(N(H))))))	267	0 1 0 0 0;0 1 0 1 0;0 2 0 0 0;0 2 0 1 0;1 2 0 0 0;1 2 0 1 0;2 2 0 0 0;2 2 0 1 0;2 3 0 0 0;2 3 0 1 0;3 2 0 0 0;3 2 0 1 0;3 3 0 0 0;3 3 0 1 0;3 4 0 0 0;3 4 0 1 0;4 3 0 0 0;4 3 0 1 0;4 4 0 0 0;4 4 0 1 0;5 4 0 0 0;	1768.63952	5	18.42883	13.77657	27.06875	8	0.00272	0.92592	0.43478	0.62500	0.00000	0	0	27.06875	10.33421	19.46225	6.805509738317729e-33	0.0	6.805509738317729e-33	sp|P01860|IGHG3_HUMAN	227
2020111CXY-6.16779.16779.3.0.dta	2020111CXY-6.16779.16779.3.0.dta	2020111CXY-6	16779	4667.06261	3853.59914	1285.20456	3	1	JTTCQDLQIEVTVK	4,Carbamidomethyl[C];	1648.82106	5 4 2 0 0	(N(N(H(H(N(H(A))))(H(N(H(A)))))))	754	0 1 0 0 0;0 2 0 0 0;1 2 0 0 0;2 2 0 0 0;2 3 0 0 0;3 2 0 0 0;3 3 0 0 0;3 3 1 0 0;3 4 0 0 0;4 3 0 0 0;4 3 1 0 0;4 4 0 0 0;4 4 1 0 0;5 4 0 0 0;5 4 1 0 0;	2204.77244	1	74.62816	106.90175	14.69150	6	0.00563	1.46148	0.47059	1.30769	0.00000	0	0	14.69150	24.25032	77.05319	1.8113159031464e-16	0.0	1.8113159031464e-16	sp|P0C0L4|CO4A_HUMAN/sp|P0C0L5|CO4B_HUMAN	1391/1391
2020111CXY-6.15343.15343.3.0.dta	2020111CXY-6.15343.15343.3.0.dta	2020111CXY-6	15343	4278.78539	3515.44510	1172.48655	3	1	GTAGNALMDGASQLMGEJR		1892.85892	5 4 0 0 0	(N(N(H(H(N(H)))(H(N(H))))))	175	0 1 0 0 0;0 2 0 0 0;1 2 0 0 0;2 2 0 0 0;2 3 0 0 0;3 2 0 0 0;3 3 0 0 0;3 4 0 0 0;4 3 0 0 0;4 4 0 0 0;	1622.58161	18	73.87118	96.47633	31.89019	6	0.00457	1.30112	0.75000	0.83333	0.00000	0	0	31.89019	17.73802	75.64498	1.0722177750865344e-39	0.0	1.0722177750865344e-39	sp|P02675|FIBB_HUMAN	394
2020111CXY-6.7303.7303.3.0.dta	2020111CXY-6.7303.7303.3.0.dta	2020111CXY-6	7303	1936.17404	3805.44190	1269.15215	3	1	HJSTGCLR	6,Carbamidomethyl[C];	944.43667	6 5 3 0 0	(N(N(H(H(N(H(A))))(H(N(H(A)))(N(H(A)))))))	1823	0 1 0 0 0;0 2 0 0 0;1 2 0 0 0;2 2 0 0 0;2 3 0 0 0;2 4 0 0 0;3 2 0 0 0;3 3 0 0 0;3 3 1 0 0;3 4 0 0 0;3 4 1 0 0;3 5 0 0 0;4 3 0 0 0;4 3 1 0 0;4 4 0 0 0;4 4 1 0 0;4 4 2 0 0;4 5 0 0 0;4 5 1 0 0;5 4 0 0 0;5 4 1 0 0;5 4 2 0 0;5 5 0 0 0;5 5 1 0 0;5 5 2 0 0;6 5 0 0 0;6 5 1 0 0;6 5 2 0 0;	2861.00005	2	26.31606	15.17634	47.00411	6	0.00518	1.36028	0.50000	0.64286	0.00000	0	0	47.00411	9.14030	27.23009	3.2021086817802297e-61	0.0011389521640091116	0.0011389521640091116	sp|P10909|CLUS_HUMAN	291
2020111CXY-6.17276.17276.3.0.dta	2020111CXY-6.17276.17276.3.0.dta	2020111CXY-6	17276	4800.31333	3390.43092	1130.81516	3	1	CGLVPVLAENYJK	1,Carbamidomethyl[C];	1476.75152	5 4 1 0 0	(N(N(H(H(N(H)))(H(N(H(A)))))))	380	0 1 0 0 0;0 2 0 0 0;1 2 0 0 0;2 2 0 0 0;2 3 0 0 0;3 2 0 0 0;3 3 0 0 0;3 3 1 0 0;3 4 0 0 0;4 3 0 0 0;4 3 1 0 0;4 4 0 0 0;4 4 1 0 0;5 4 0 0 0;	1913.67702	12	22.15607	26.40942	14.25699	6	0.00238	0.70212	0.43750	0.62500	0.00000	0	0	14.25699	10.31165	23.18723	5.9284561223695e-16	0.0	5.9284561223695e-16	sp|P02787|TRFE_HUMAN	432
2020111CXY-6.5744.5744.3.0.dta	2020111CXY-6.5744.5744.3.0.dta	2020111CXY-6	5744	1518.30527	2796.10095	932.70517	3	1	EEQYJSTYR		1189.51199	4 4 0 1 0	(N(N(H(H(N(H))(N(H)(F))))))	164	0 1 0 0 0;0 2 0 0 0;1 2 0 0 0;2 2 0 0 0;2 3 0 0 0;2 3 0 1 0;2 4 0 0 0;2 4 0 1 0;3 3 0 0 0;3 3 0 1 0;3 4 0 0 0;3 4 0 1 0;4 4 0 0 0;	1606.58669	5	11.02568	9.32682	14.18070	6	0.00227	0.81279	0.40000	0.56250	0.00000	0	0	14.18070	8.99586	11.92527	8.433728754542362e-16	0.0011389521640091116	0.0011389521640091116	sp|P01857|IGHG1_HUMAN	180
2020111CXY-6.5874.5874.3.0.dta	2020111CXY-6.5874.5874.3.0.dta	2020111CXY-6	5874	1553.40167	2796.10100	932.70518	3	1	EEQYJSTYR		1189.51199	4 4 0 1 0	(N(F)(N(H(H(N))(H(N(H))))))	158	0 1 0 0 0;0 1 0 1 0;0 2 0 0 0;0 2 0 1 0;1 2 0 0 0;1 2 0 1 0;2 2 0 0 0;2 2 0 1 0;2 3 0 0 0;2 3 0 1 0;3 2 0 0 0;3 2 0 1 0;3 3 0 0 0;3 3 0 1 0;3 4 0 0 0;3 4 0 1 0;4 3 0 0 0;4 3 0 1 0;4 4 0 0 0;	1606.58669	5	62.44283	73.76014	41.42495	8	0.00232	0.82889	0.61905	1.18750	0.00000	0	0	41.42495	15.49146	63.99198	3.260277130269347e-53	0.0	3.260277130269347e-53	sp|P01857|IGHG1_HUMAN	180
2020111CXY-6.18464.18464.4.0.dta	2020111CXY-6.18464.18464.4.0.dta	2020111CXY-6	18464	5119.35097	5918.45201	1480.36846	4	1	FJLTETSEAEIHQSFQHLLR		2400.19425	7 6 3 2 0	(N(N(H(H(N(H)(F))(N(H(A))))(H(N(H(A)))(N(F)(H(A)))))))	2658	0 1 0 0 0;0 2 0 0 0;1 2 0 0 0;2 2 0 0 0;2 3 0 0 0;2 3 0 1 0;2 4 0 0 0;2 4 0 1 0;3 2 0 0 0;3 3 0 0 0;3 3 0 1 0;3 3 1 0 0;3 3 1 1 0;3 4 0 0 0;3 4 0 1 0;3 4 0 2 0;3 4 1 0 0;3 4 1 1 0;3 5 0 0 0;3 5 0 1 0;3 5 0 2 0;3 6 0 0 0;3 6 0 1 0;3 6 0 2 0;4 3 0 0 0;4 3 0 1 0;4 3 1 0 0;4 3 1 1 0;4 4 0 0 0;4 4 0 1 0;4 4 0 2 0;4 4 1 0 0;4 4 1 1 0;4 4 1 2 0;4 4 2 0 0;4 4 2 1 0;4 5 0 0 0;4 5 0 1 0;4 5 0 2 0;4 5 1 0 0;4 5 1 1 0;4 5 1 2 0;4 6 0 0 0;4 6 0 1 0;4 6 0 2 0;4 6 1 0 0;4 6 1 1 0;4 6 1 2 0;5 4 0 0 0;5 4 0 1 0;5 4 0 2 0;5 4 1 0 0;5 4 1 1 0;5 4 1 2 0;5 4 2 0 0;5 4 2 1 0;5 5 0 0 0;5 5 0 1 0;5 5 0 2 0;5 5 1 0 0;5 5 1 1 0;5 5 1 2 0;5 5 2 0 0;5 5 2 1 0;5 5 2 2 0;5 6 0 0 0;5 6 0 1 0;5 6 0 2 0;5 6 1 0 0;5 6 1 1 0;5 6 1 2 0;5 6 2 0 0;5 6 2 1 0;5 6 2 2 0;6 5 0 0 0;6 5 0 1 0;6 5 0 2 0;6 5 1 0 0;6 5 1 1 0;6 5 1 2 0;6 5 2 0 0;6 5 2 1 0;6 5 2 2 0;6 5 3 0 0;6 5 3 1 0;6 6 0 0 0;6 6 0 1 0;6 6 0 2 0;6 6 1 0 0;6 6 1 1 0;6 6 1 2 0;6 6 2 0 0;6 6 2 1 0;6 6 2 2 0;6 6 3 0 0;6 6 3 1 0;6 6 3 2 0;7 6 0 0 0;7 6 0 1 0;7 6 0 2 0;7 6 1 0 0;7 6 1 1 0;7 6 1 2 0;7 6 2 0 0;7 6 2 1 0;7 6 2 2 0;7 6 3 0 0;7 6 3 1 0;	3518.24807	2	39.43908	57.22947	6.39979	6	0.00969	1.63757	0.08182	0.86842	0.00000	0	0	6.39979	17.69336	41.20842	1.115002286600733e-06	0.0	1.115002286600733e-06	sp|P01011|AACT_HUMAN	106
2020111CXY-6.5505.5505.3.0.dta	2020111CXY-6.5505.5505.3.0.dta	2020111CXY-6	5505	1454.03967	3149.21190	1050.40882	3	1	HJSTGCLR	6,Carbamidomethyl[C];	944.43667	5 4 2 0 0	(N(N(H(H(N(H(A))))(H(N(H(A)))))))	754	0 1 0 0 0;0 2 0 0 0;1 2 0 0 0;2 2 0 0 0;2 3 0 0 0;3 2 0 0 0;3 3 0 0 0;3 3 1 0 0;3 4 0 0 0;4 3 0 0 0;4 3 1 0 0;4 4 0 0 0;4 4 1 0 0;5 4 0 0 0;5 4 1 0 0;	2204.77244	2	44.64864	25.24597	80.68217	7	0.00278	0.88402	0.88235	0.85714	0.00000	0	0	80.68217	10.03936	45.65258	1.4437032947024347e-109	0.0	1.4437032947024347e-109	sp|P10909|CLUS_HUMAN	291
2020111CXY-6.10966.10966.3.0.dta	2020111CXY-6.10966.10966.3.0.dta	2020111CXY-6	10966	2923.45219	3819.59060	1273.86838	3	1	VYKPSAGJNSLYR		1468.75428	5 4 2 1 0	(N(F)(N(H(H(N(H(A))))(H(N(H(A)))))))	991	0 1 0 0 0;0 1 0 1 0;0 2 0 0 0;0 2 0 1 0;1 2 0 0 0;1 2 0 1 0;2 2 0 0 0;2 2 0 1 0;2 3 0 0 0;2 3 0 1 0;3 2 0 0 0;3 2 0 1 0;3 3 0 0 0;3 3 0 1 0;3 3 1 0 0;3 3 1 1 0;3 4 0 0 0;3 4 0 1 0;4 3 0 0 0;4 3 0 1 0;4 3 1 0 0;4 3 1 1 0;4 4 0 0 0;4 4 0 1 0;4 4 1 0 0;4 4 1 1 0;5 4 0 0 0;5 4 0 1 0;5 4 1 0 0;5 4 1 1 0;5 4 2 0 0;	2350.83035	8	56.09246	29.71706	105.07535	9	0.00597	1.56277	0.75758	0.62500	0.00000	0	0	105.07535	11.22988	57.21545	4.0834319388527204e-144	0.0	4.0834319388527204e-144	sp|P02749|APOH_HUMAN	162
2020111CXY-6.5682.5682.3.0.dta	2020111CXY-6.5682.5682.3.0.dta	2020111CXY-6	5682	1501.37595	3547.43639	1183.15031	3	1	YKJNSDISSTR		1284.61786	5 5 1 1 0	(N(F)(N(H(N)(H(N(H)))(H(N(H(A)))))))	824	0 1 0 0 0;0 1 0 1 0;0 2 0 0 0;0 2 0 1 0;1 2 0 0 0;1 2 0 1 0;1 3 0 0 0;1 3 0 1 0;2 2 0 0 0;2 2 0 1 0;2 3 0 0 0;2 3 0 1 0;2 4 0 0 0;2 4 0 1 0;3 2 0 0 0;3 2 0 1 0;3 3 0 0 0;3 3 0 1 0;3 3 1 0 0;3 3 1 1 0;3 4 0 0 0;3 4 0 1 0;3 4 1 0 0;3 4 1 1 0;3 5 0 0 0;3 5 0 1 0;4 3 0 0 0;4 3 0 1 0;4 3 1 0 0;4 3 1 1 0;4 4 0 0 0;4 4 0 1 0;4 4 1 0 0;4 4 1 1 0;4 5 0 0 0;4 5 0 1 0;4 5 1 0 0;4 5 1 1 0;5 4 0 0 0;5 4 0 1 0;5 4 1 0 0;5 4 1 1 0;5 5 0 0 0;5 5 0 1 0;5 5 1 0 0;	2262.81431	3	17.77317	19.51419	14.53985	5	0.00422	1.19048	0.31915	0.75000	0.00000	0	0	14.53985	12.02005	18.97517	3.007021277891802e-16	0.0	3.007021277891802e-16	sp|P01871|IGHM_HUMAN	46
2020111CXY-6.10777.10777.3.0.dta	2020111CXY-6.10777.10777.3.0.dta	2020111CXY-6	10777	2872.65315	3776.48162	1259.49872	3	1	JHSCEPCQTLAVR	4,Carbamidomethyl[C];7,Carbamidomethyl[C];	1571.70532	5 4 2 0 0	(N(N(H(H(N(H(A))))(H(N(H(A)))))))	754	0 1 0 0 0;0 2 0 0 0;1 2 0 0 0;2 2 0 0 0;2 3 0 0 0;3 2 0 0 0;3 3 0 0 0;3 3 1 0 0;3 4 0 0 0;4 3 0 0 0;4 3 1 0 0;4 4 0 0 0;4 4 1 0 0;5 4 0 0 0;5 4 1 0 0;	2204.77244	1	12.85361	9.62937	18.84147	6	0.00386	1.02131	0.47059	0.45833	0.00000	0	0	18.84147	8.05609	13.65922	6.655236960750881e-22	0.005268703898840885	0.005268703898840885	sp|P00748|FA12_HUMAN	433
2020111CXY-6.16448.16448.4.2.dta	2020111CXY-6.16448.16448.4.2.dta	2020111CXY-6	16448	4577.80166	4594.07260	1149.27361	4	1	MVSHHJLTTGATLINEQWLLTTAK		2679.39230	5 4 0 2 0	(N(N(H(H(N(H(F))))(H(N(H(F)))))))	384	0 1 0 0 0;0 2 0 0 0;1 2 0 0 0;2 2 0 0 0;2 3 0 0 0;3 2 0 0 0;3 3 0 0 0;3 3 0 1 0;3 4 0 0 0;4 3 0 0 0;4 3 0 1 0;4 4 0 0 0;4 4 0 1 0;5 4 0 0 0;5 4 0 1 0;	1914.69742	6	16.19851	24.19043	1.35638	3	-0.01712	-3.72667	0.23529	0.50000	0.00000	0	0	1.35638	12.43565	17.44208	0.006230584143237269	0.0	0.006230584143237269	sp|P00739|HPTR_HUMAN/sp|P00738|HPT_HUMAN	126/184
2020111CXY-6.4135.4135.3.0.dta	2020111CXY-6.4135.4135.3.0.dta	2020111CXY-6	4135	1086.89852	2858.11512	953.37656	3	1	HJSTGCLR	6,Carbamidomethyl[C];	944.43667	5 4 1 0 0	(N(N(H(H(N(H)))(H(N(H(A)))))))	380	0 1 0 0 0;0 2 0 0 0;1 2 0 0 0;2 2 0 0 0;2 3 0 0 0;3 2 0 0 0;3 3 0 0 0;3 3 1 0 0;3 4 0 0 0;4 3 0 0 0;4 3 1 0 0;4 4 0 0 0;4 4 1 0 0;5 4 0 0 0;	1913.67702	2	35.95373	12.48609	79.53650	7	0.00142	0.49596	0.87500	0.57143	0.00000	0	0	79.53650	8.61594	36.81532	5.111519621522348e-108	0.0022002200220022	0.0022002200220022	sp|P10909|CLUS_HUMAN	291
2020111CXY-6.17110.17110.3.0.dta	2020111CXY-6.17110.17110.3.0.dta	2020111CXY-6	17110	4756.16485	3905.63093	1302.54849	3	1	LAJLTQGEDQYYLR		1683.83366	6 4 1 1 0	(N(N(H(H(N(H(H))))(H(N(F)(H(A)))))))	783	0 1 0 0 0;0 2 0 0 0;1 2 0 0 0;2 2 0 0 0;2 3 0 0 0;2 3 0 1 0;3 2 0 0 0;3 3 0 0 0;3 3 0 1 0;3 3 1 0 0;3 3 1 1 0;3 4 0 0 0;3 4 0 1 0;4 3 0 0 0;4 3 0 1 0;4 3 1 0 0;4 3 1 1 0;4 4 0 0 0;4 4 0 1 0;4 4 1 0 0;4 4 1 1 0;5 3 0 0 0;5 4 0 0 0;5 4 0 1 0;5 4 1 0 0;5 4 1 1 0;6 4 0 0 0;6 4 0 1 0;6 4 1 0 0;	2221.78776	3	42.44002	59.45321	10.84409	5	0.00951	2.43604	0.29032	1.00000	0.00000	0	0	10.84409	18.15343	44.25536	1.6120583726039228e-11	0.0	1.6120583726039228e-11	sp|P10909|CLUS_HUMAN	374
2020111CXY-6.15302.15302.3.0.dta	2020111CXY-6.15302.15302.3.0.dta	2020111CXY-6	15302	4267.81012	3318.34914	1106.78790	3	1	SWPAVGJCSSALR	8,Carbamidomethyl[C];	1404.66886	5 4 1 0 0	(N(N(H(H(N(H)))(H(N(H(A)))))))	380	0 1 0 0 0;0 2 0 0 0;1 2 0 0 0;2 2 0 0 0;2 3 0 0 0;3 2 0 0 0;3 3 0 0 0;3 3 1 0 0;3 4 0 0 0;4 3 0 0 0;4 3 1 0 0;4 4 0 0 0;4 4 1 0 0;5 4 0 0 0;	1913.67702	7	25.29462	29.05329	18.31425	6	0.00326	0.98226	0.50000	0.62500	0.00000	0	0	18.31425	9.38650	26.23327	2.7429782982996843e-21	0.0	2.7429782982996843e-21	sp|P02790|HEMO_HUMAN	187
2020111CXY-6.18549.18549.5.0.dta	2020111CXY-6.18549.18549.5.0.dta	2020111CXY-6	18549	5142.10668	5424.30497	1085.66681	5	1	FJLTETSEAEIHQSFQHLLR		2400.19425	7 5 2 2 0	(N(N(H(N)(H(H)(H))(H(N(F)(H(A)))(N(F)(H(A)))))))	2079	0 1 0 0 0;0 2 0 0 0;1 2 0 0 0;1 3 0 0 0;2 2 0 0 0;2 3 0 0 0;2 3 0 1 0;2 4 0 0 0;2 4 0 1 0;2 4 0 2 0;2 5 0 0 0;2 5 0 1 0;2 5 0 2 0;3 2 0 0 0;3 3 0 0 0;3 3 0 1 0;3 3 1 0 0;3 3 1 1 0;3 4 0 0 0;3 4 0 1 0;3 4 0 2 0;3 4 1 0 0;3 4 1 1 0;3 4 1 2 0;3 5 0 0 0;3 5 0 1 0;3 5 0 2 0;3 5 1 0 0;3 5 1 1 0;3 5 1 2 0;4 2 0 0 0;4 3 0 0 0;4 3 0 1 0;4 3 1 0 0;4 3 1 1 0;4 4 0 0 0;4 4 0 1 0;4 4 0 2 0;4 4 1 0 0;4 4 1 1 0;4 4 1 2 0;4 4 2 0 0;4 4 2 1 0;4 4 2 2 0;4 5 0 0 0;4 5 0 1 0;4 5 0 2 0;4 5 1 0 0;4 5 1 1 0;4 5 1 2 0;4 5 2 0 0;4 5 2 1 0;4 5 2 2 0;5 2 0 0 0;5 3 0 0 0;5 3 0 1 0;5 3 1 0 0;5 3 1 1 0;5 4 0 0 0;5 4 0 1 0;5 4 0 2 0;5 4 1 0 0;5 4 1 1 0;5 4 1 2 0;5 4 2 0 0;5 4 2 1 0;5 4 2 2 0;5 5 0 0 0;5 5 0 1 0;5 5 0 2 0;5 5 1 0 0;5 5 1 1 0;5 5 1 2 0;5 5 2 0 0;5 5 2 1 0;5 5 2 2 0;6 3 0 0 0;6 3 0 1 0;6 3 1 0 0;6 3 1 1 0;6 4 0 0 0;6 4 0 1 0;6 4 0 2 0;6 4 1 0 0;6 4 1 1 0;6 4 1 2 0;6 4 2 0 0;6 4 2 1 0;6 4 2 2 0;6 5 0 0 0;6 5 0 1 0;6 5 0 2 0;6 5 1 0 0;6 5 1 1 0;6 5 1 2 0;6 5 2 0 0;6 5 2 1 0;6 5 2 2 0;7 4 0 0 0;7 4 0 1 0;7 4 0 2 0;7 4 1 0 0;7 4 1 1 0;7 4 1 2 0;7 4 2 0 0;7 4 2 1 0;7 4 2 2 0;7 5 0 0 0;7 5 0 1 0;7 5 0 2 0;7 5 1 0 0;7 5 1 1 0;7 5 1 2 0;7 5 2 0 0;7 5 2 1 0;	3024.07328	2	55.42219	79.20003	11.26334	7	0.03744	6.90207	0.08547	0.94737	0.00000	0	0	11.26334	19.36820	57.35901	4.655832286421834e-12	0.0	4.655832286421834e-12	sp|P01011|AACT_HUMAN	106
2020111CXY-6.5685.5685.4.1.dta	2020111CXY-6.5685.5685.4.1.dta	2020111CXY-6	5685	1502.21087	3673.48874	919.12764	4	1	NAHGEEKEJLTAR		1468.71389	5 4 2 0 0	(N(N(H(H(N(H(A))))(H(N(H(A)))))))	754	0 1 0 0 0;0 2 0 0 0;1 2 0 0 0;2 2 0 0 0;2 3 0 0 0;3 2 0 0 0;3 3 0 0 0;3 3 1 0 0;3 4 0 0 0;4 3 0 0 0;4 3 1 0 0;4 4 0 0 0;4 4 1 0 0;5 4 0 0 0;5 4 1 0 0;	2204.77244	9	51.20914	42.49479	67.39293	7	0.00240	0.65359	0.76471	0.70833	0.00000	0	0	67.39293	11.28838	52.33798	1.4178552674859912e-90	0.0	1.4178552674859912e-90	sp|Q06033|ITIH3_HUMAN	580
2020111CXY-6.6625.6625.3.0.dta	2020111CXY-6.6625.6625.3.0.dta	2020111CXY-6	6625	1754.00467	3001.22182	1001.07879	3	1	GHVJITR		796.44241	5 4 2 0 0	(N(N(H(H(N(H(A))))(H(N(H(A)))))))	754	0 1 0 0 0;0 2 0 0 0;1 2 0 0 0;2 2 0 0 0;2 3 0 0 0;3 2 0 0 0;3 3 0 0 0;3 3 1 0 0;3 4 0 0 0;4 3 0 0 0;4 3 1 0 0;4 4 0 0 0;4 4 1 0 0;5 4 0 0 0;5 4 1 0 0;	2204.77244	4	51.26638	35.11045	81.27026	7	0.00697	2.32304	0.88235	0.75000	0.00000	0	0	81.27026	10.93949	52.36033	3.66183309947577e-110	0.0	3.66183309947577e-110	sp|P00734|THRB_HUMAN	121
2020111CXY-6.18131.18131.4.0.dta	2020111CXY-6.18131.18131.4.0.dta	2020111CXY-6	18131	5029.94115	5031.15689	1258.54468	4	1	LPTQJITFQTESSVAEQEAEFQSPK		2809.35266	6 4 1 1 0	(N(N(H(H(N(H(H))))(H(N(F)(H(A)))))))	783	0 1 0 0 0;0 2 0 0 0;1 2 0 0 0;2 2 0 0 0;2 3 0 0 0;2 3 0 1 0;3 2 0 0 0;3 3 0 0 0;3 3 0 1 0;3 3 1 0 0;3 3 1 1 0;3 4 0 0 0;3 4 0 1 0;4 3 0 0 0;4 3 0 1 0;4 3 1 0 0;4 3 1 1 0;4 4 0 0 0;4 4 0 1 0;4 4 1 0 0;4 4 1 1 0;5 3 0 0 0;5 4 0 0 0;5 4 0 1 0;5 4 1 0 0;5 4 1 1 0;6 4 0 0 0;6 4 0 1 0;6 4 1 0 0;	2221.78776	5	44.94538	66.80708	4.34507	5	0.01647	3.27365	0.16129	0.68750	0.00000	0	0	4.34507	20.79157	47.02454	0.00013664162525147867	0.0	0.00013664162525147867	sp|Q14624|ITIH4_HUMAN	517
2020111CXY-6.11472.11472.2.0.dta	2020111CXY-6.11472.11472.2.0.dta	2020111CXY-6	11472	3059.91262	3221.37354	1611.19041	2	1	TPLTAJITK		958.55677	5 5 1 1 0	(N(F)(N(H(N)(H(N(H)))(H(N(H(A)))))))	824	0 1 0 0 0;0 1 0 1 0;0 2 0 0 0;0 2 0 1 0;1 2 0 0 0;1 2 0 1 0;1 3 0 0 0;1 3 0 1 0;2 2 0 0 0;2 2 0 1 0;2 3 0 0 0;2 3 0 1 0;2 4 0 0 0;2 4 0 1 0;3 2 0 0 0;3 2 0 1 0;3 3 0 0 0;3 3 0 1 0;3 3 1 0 0;3 3 1 1 0;3 4 0 0 0;3 4 0 1 0;3 4 1 0 0;3 4 1 1 0;3 5 0 0 0;3 5 0 1 0;4 3 0 0 0;4 3 0 1 0;4 3 1 0 0;4 3 1 1 0;4 4 0 0 0;4 4 0 1 0;4 4 1 0 0;4 4 1 1 0;4 5 0 0 0;4 5 0 1 0;4 5 1 0 0;4 5 1 1 0;5 4 0 0 0;5 4 0 1 0;5 4 1 0 0;5 4 1 1 0;5 5 0 0 0;5 5 0 1 0;5 5 1 0 0;	2262.81431	6	63.85230	86.26077	22.23655	7	0.00246	0.76277	0.31915	1.31250	0.00000	0	0	22.23655	17.59630	65.61193	1.7422241898212925e-26	0.0	1.7422241898212925e-26	sp|P01877|IGHA2_HUMAN	205
2020111CXY-6.9155.9155.2.0.dta	2020111CXY-6.9155.9155.2.0.dta	2020111CXY-6	9155	2434.84015	2602.05987	1301.53357	2	1	EEQFJSTFR		1157.52218	3 4 0 1 0	(N(F)(N(H(H(N))(H(N)))))	95	0 1 0 0 0;0 1 0 1 0;0 2 0 0 0;0 2 0 1 0;1 2 0 0 0;1 2 0 1 0;2 2 0 0 0;2 2 0 1 0;2 3 0 0 0;2 3 0 1 0;3 2 0 0 0;3 2 0 1 0;3 3 0 0 0;3 3 0 1 0;3 4 0 0 0;	1444.53387	5	53.19365	50.56338	58.07844	9	0.00382	1.46771	0.76471	0.93750	0.00000	0	0	58.07844	12.68560	54.46221	8.992246043452479e-77	0.0	8.992246043452479e-77	sp|P01859|IGHG2_HUMAN	176
2020111CXY-6.3978.3978.3.0.dta	2020111CXY-6.3978.3978.3.0.dta	2020111CXY-6	3978	1044.32197	2907.19697	969.73717	3	1	YKJNSDISSTR		1284.61786	5 4 0 0 0	(N(N(H(H(H))(H(N)(N(H))))))	176	0 1 0 0 0;0 2 0 0 0;1 2 0 0 0;2 2 0 0 0;2 3 0 0 0;2 4 0 0 0;3 2 0 0 0;3 3 0 0 0;3 4 0 0 0;4 2 0 0 0;4 3 0 0 0;4 4 0 0 0;5 3 0 0 0;	1622.58161	3	26.22129	18.62633	40.32621	6	-0.00250	-0.85958	0.73333	0.65000	0.00000	0	0	40.32621	11.34849	27.35614	1.1236807283447734e-51	0.0	1.1236807283447734e-51	sp|P01871|IGHM_HUMAN	46
2020111CXY-6.5437.5437.3.0.dta	2020111CXY-6.5437.5437.3.0.dta	2020111CXY-6	5437	1436.14436	3149.21329	1050.40928	3	1	HJSTGCLR	6,Carbamidomethyl[C];	944.43667	5 4 2 0 0	(N(N(H(H(N(H(A))))(H(N(H(A)))))))	754	0 1 0 0 0;0 2 0 0 0;1 2 0 0 0;2 2 0 0 0;2 3 0 0 0;3 2 0 0 0;3 3 0 0 0;3 3 1 0 0;3 4 0 0 0;4 3 0 0 0;4 3 1 0 0;4 4 0 0 0;4 4 1 0 0;5 4 0 0 0;5 4 1 0 0;	2204.77244	2	79.13500	77.83845	81.54289	7	0.00417	1.32508	0.82353	1.28571	0.00000	0	0	81.54289	16.97939	80.83294	2.1618382632871343e-110	0.0	2.1618382632871343e-110	sp|P10909|CLUS_HUMAN	291
2020111CXY-6.15195.15195.3.1.dta	2020111CXY-6.15195.15195.3.1.dta	2020111CXY-6	15195	4238.60158	4130.68764	1377.56740	3	1	GLTFQQJASSMCVPDQDTAIR	12,Carbamidomethyl[C];	2339.07546	4 3 0 2 1	(N(F)(N(H(H(pH))(H(N(H(F)))))))	3983	0 1 0 0 0;0 1 0 1 0;0 2 0 0 0;0 2 0 1 0;1 2 0 0 0;1 2 0 1 0;2 2 0 0 0;2 2 0 0 1;2 2 0 1 0;2 2 0 1 1;2 3 0 0 0;2 3 0 1 0;3 2 0 0 0;3 2 0 0 1;3 2 0 1 0;3 2 0 1 1;3 3 0 0 0;3 3 0 0 1;3 3 0 1 0;3 3 0 1 1;3 3 0 2 0;4 3 0 0 0;4 3 0 0 1;4 3 0 1 0;4 3 0 1 1;4 3 0 2 0;	1791.58438	7	35.16728	51.83126	4.21991	5	0.02780	6.73010	0.25000	0.77500	0.00000	0	0	4.21991	18.15254	36.98253	0.00021230401559861479	0.0	0.00021230401559861479	sp|P01871|IGHM_HUMAN	209
2020111CXY-6.15498.15498.3.0.dta	2020111CXY-6.15498.15498.3.0.dta	2020111CXY-6	15498	4320.82133	3563.57237	1188.52897	3	1	LAGKPTHVJVSVVMAEVDGTCY	21,Carbamidomethyl[C];	2347.14207	5 2 0 0 0	(N(N(H(H)(H(H(H))))))	32	0 1 0 0 0;0 2 0 0 0;1 2 0 0 0;2 2 0 0 0;3 2 0 0 0;4 2 0 0 0;	1216.42286	9	42.23701	54.58785	19.29974	6	0.00744	2.08641	0.75000	0.59524	0.00000	0	0	19.29974	16.32689	43.86970	1.8620511075827923e-22	0.0	1.8620511075827923e-22	sp|P01876|IGHA1_HUMAN	340
2020111CXY-6.18120.18120.3.0.dta	2020111CXY-6.18120.18120.3.0.dta	2020111CXY-6	18120	5026.96404	5540.40405	1847.47287	3	1	MVSHHJLTTGATLINEQWLLTTAK		2679.39230	6 5 3 0 0	(N(N(H(H(N(H(A))))(H(N(H(A)))(N(H(A)))))))	1823	0 1 0 0 0;0 2 0 0 0;1 2 0 0 0;2 2 0 0 0;2 3 0 0 0;2 4 0 0 0;3 2 0 0 0;3 3 0 0 0;3 3 1 0 0;3 4 0 0 0;3 4 1 0 0;3 5 0 0 0;4 3 0 0 0;4 3 1 0 0;4 4 0 0 0;4 4 1 0 0;4 4 2 0 0;4 5 0 0 0;4 5 1 0 0;5 4 0 0 0;5 4 1 0 0;5 4 2 0 0;5 5 0 0 0;5 5 1 0 0;5 5 2 0 0;6 5 0 0 0;6 5 1 0 0;6 5 2 0 0;	2861.00005	6	15.04740	21.54394	2.98240	4	0.01170	2.11166	0.16667	0.45652	0.00000	0	0	2.98240	12.02837	16.25024	0.00157541735095181	0.0	0.00157541735095181	sp|P00739|HPTR_HUMAN/sp|P00738|HPT_HUMAN	126/184
2020111CXY-6.19437.19437.3.0.dta	2020111CXY-6.19437.19437.3.0.dta	2020111CXY-6	19437	5378.93043	3960.67440	1320.89632	3	1	YLGJATAIFFLPDEGK		1755.89521	5 4 2 0 0	(N(N(H(H(N(H(A))))(H(N(H(A)))))))	754	0 1 0 0 0;0 2 0 0 0;1 2 0 0 0;2 2 0 0 0;2 3 0 0 0;3 2 0 0 0;3 3 0 0 0;3 3 1 0 0;3 4 0 0 0;4 3 0 0 0;4 3 1 0 0;4 4 0 0 0;4 4 1 0 0;5 4 0 0 0;5 4 1 0 0;	2204.77244	4	13.77547	18.13761	5.67433	5	0.00676	1.70652	0.29412	0.56667	0.00000	0	0	5.67433	11.93624	14.96909	7.082511402331e-06	0.0	7.082511402331e-06	sp|P01009|A1AT_HUMAN	271
2020111CXY-6.6876.6876.3.0.dta	2020111CXY-6.6876.6876.3.0.dta	2020111CXY-6	6876	1821.24063	3001.21830	1001.07762	3	1	GHVJITR		796.44241	5 4 2 0 0	(N(N(H(H(N(H(A))))(H(N(H(A)))))))	754	0 1 0 0 0;0 2 0 0 0;1 2 0 0 0;2 2 0 0 0;2 3 0 0 0;3 2 0 0 0;3 3 0 0 0;3 3 1 0 0;3 4 0 0 0;4 3 0 0 0;4 3 1 0 0;4 4 0 0 0;4 4 1 0 0;5 4 0 0 0;5 4 1 0 0;	2204.77244	4	52.24053	30.64943	92.33829	7	0.00344	1.14752	1.00000	0.91667	0.00000	0	0	92.33829	10.75713	53.31624	6.562567891981125e-126	0.0	6.562567891981125e-126	sp|P00734|THRB_HUMAN	121
2020111CXY-6.9986.9986.2.0.dta	2020111CXY-6.9986.9986.2.0.dta	2020111CXY-6	9986	2658.51510	2602.05947	1301.53337	2	1	EEQFJSTFR		1157.52218	3 4 0 1 0	(N(F)(N(H(H(N)(N(H))))))	86	0 1 0 0 0;0 1 0 1 0;0 2 0 0 0;0 2 0 1 0;1 2 0 0 0;1 2 0 1 0;2 2 0 0 0;2 2 0 1 0;2 3 0 0 0;2 3 0 1 0;2 4 0 0 0;2 4 0 1 0;3 3 0 0 0;3 3 0 1 0;3 4 0 0 0;	1444.53387	5	22.45725	16.73641	33.08166	8	0.00342	1.31399	0.52941	0.75000	0.00000	0	0	33.08166	10.73858	23.53111	2.9078336244855693e-41	0.0	2.9078336244855693e-41	sp|P01859|IGHG2_HUMAN	176
2020111CXY-6.18812.18812.3.0.dta	2020111CXY-6.18812.18812.3.0.dta	2020111CXY-6	18812	5213.23046	5376.12331	1792.71262	3	1	QQQHLFGSJVTDCSGJFCLFR	13,Carbamidomethyl[C];18,Carbamidomethyl[C];	2515.12414	6 5 3 0 0	(N(N(H(H(N(H(A))))(H(N(H(A)))(N(H(A)))))))	1823	0 1 0 0 0;0 2 0 0 0;1 2 0 0 0;2 2 0 0 0;2 3 0 0 0;2 4 0 0 0;3 2 0 0 0;3 3 0 0 0;3 3 1 0 0;3 4 0 0 0;3 4 1 0 0;3 5 0 0 0;4 3 0 0 0;4 3 1 0 0;4 4 0 0 0;4 4 1 0 0;4 4 2 0 0;4 5 0 0 0;4 5 1 0 0;5 4 0 0 0;5 4 1 0 0;5 4 2 0 0;5 5 0 0 0;5 5 1 0 0;5 5 2 0 0;6 5 0 0 0;6 5 1 0 0;6 5 2 0 0;	2861.00005	9	28.42271	41.91871	3.35872	4	-0.00088	-0.16341	0.16667	0.70000	0.00000	0	0	3.35872	16.78167	30.10088	0.0008111346227499757	0.0	0.0008111346227499757	sp|P02787|TRFE_HUMAN	630
2020111CXY-6.8376.8376.4.0.dta	2020111CXY-6.8376.8376.4.0.dta	2020111CXY-6	8376	2224.64204	3932.57705	983.89972	4	1	RJHSCEPCQTLAVR	5,Carbamidomethyl[C];8,Carbamidomethyl[C];	1727.80643	5 4 2 0 0	(N(N(H(H(N(H(A))))(H(N(H(A)))))))	754	0 1 0 0 0;0 2 0 0 0;1 2 0 0 0;2 2 0 0 0;2 3 0 0 0;3 2 0 0 0;3 3 0 0 0;3 3 1 0 0;3 4 0 0 0;4 3 0 0 0;4 3 1 0 0;4 4 0 0 0;4 4 1 0 0;5 4 0 0 0;5 4 1 0 0;	2204.77244	2	20.37786	3.11415	52.43903	7	-0.00183	-0.46433	0.64706	0.23077	0.00000	0	0	52.43903	9.17619	21.29548	8.534448362799526e-69	0.0	8.534448362799526e-69	sp|P00748|FA12_HUMAN	433
2020111CXY-6.9626.9626.2.0.dta	2020111CXY-6.9626.9626.2.0.dta	2020111CXY-6	9626	2561.41775	2967.19089	1484.09908	2	1	EEQFJSTFR		1157.52218	4 5 0 1 0	(N(F)(N(H(N)(H(N(H))(N(H))))))	291	0 1 0 0 0;0 1 0 1 0;0 2 0 0 0;0 2 0 1 0;1 2 0 0 0;1 2 0 1 0;1 3 0 0 0;1 3 0 1 0;2 2 0 0 0;2 2 0 1 0;2 3 0 0 0;2 3 0 1 0;2 4 0 0 0;2 4 0 1 0;2 5 0 0 0;2 5 0 1 0;3 3 0 0 0;3 3 0 1 0;3 4 0 0 0;3 4 0 1 0;3 5 0 0 0;3 5 0 1 0;4 4 0 0 0;4 4 0 1 0;4 5 0 0 0;	1809.66607	5	43.91987	46.06255	39.94062	7	0.00265	0.89280	0.55556	0.93750	0.00000	0	0	39.94062	13.10397	45.23027	4.765748082573255e-51	0.0	4.765748082573255e-51	sp|P01859|IGHG2_HUMAN	176
2020111CXY-6.12957.12957.3.0.dta	2020111CXY-6.12957.12957.3.0.dta	2020111CXY-6	12957	3479.61845	3253.31838	1085.11098	3	1	AFGSNPJLTK		1048.54218	5 4 2 0 0	(N(N(H(H(N(H(A))))(H(N(H(A)))))))	754	0 1 0 0 0;0 2 0 0 0;1 2 0 0 0;2 2 0 0 0;2 3 0 0 0;3 2 0 0 0;3 3 0 0 0;3 3 1 0 0;3 4 0 0 0;4 3 0 0 0;4 3 1 0 0;4 4 0 0 0;4 4 1 0 0;5 4 0 0 0;5 4 1 0 0;	2204.77244	7	31.35601	41.47777	12.55847	5	0.00375	1.15297	0.47059	0.94444	0.00000	0	0	12.55847	11.72809	32.52882	1.3624964379641165e-13	0.0	1.3624964379641165e-13	sp|P22792|CPN2_HUMAN	74
2020111CXY-6.6048.6048.3.0.dta	2020111CXY-6.6048.6048.3.0.dta	2020111CXY-6	6048	1598.91587	2691.06884	897.69446	3	1	EEQYJSTYR		1189.51199	3 5 0 0 0	(N(N(H(N)(H(N)(N(H))))))	106	0 1 0 0 0;0 2 0 0 0;1 2 0 0 0;1 3 0 0 0;2 2 0 0 0;2 3 0 0 0;2 4 0 0 0;2 5 0 0 0;3 3 0 0 0;3 4 0 0 0;	1501.55533	5	26.57113	23.03513	33.13799	6	0.00152	0.56385	0.66667	0.68750	0.00000	0	0	33.13799	9.86928	27.55806	2.0926735618882558e-41	0.0	2.0926735618882558e-41	sp|P01857|IGHG1_HUMAN	180
2020111CXY-6.18470.18470.4.0.dta	2020111CXY-6.18470.18470.4.0.dta	2020111CXY-6	18470	5120.86264	4802.07554	1201.27434	4	1	VVLHPJYSQVDIGLIK		1795.01124	6 5 3 1 0	(N(N(H(H(N(F)(H(A))))(H(N(H(A)))(N(H(A)))))))	2060	0 1 0 0 0;0 2 0 0 0;1 2 0 0 0;2 2 0 0 0;2 3 0 0 0;2 3 0 1 0;2 4 0 0 0;3 2 0 0 0;3 3 0 0 0;3 3 0 1 0;3 3 1 0 0;3 3 1 1 0;3 4 0 0 0;3 4 0 1 0;3 4 1 0 0;3 5 0 0 0;3 5 0 1 0;4 3 0 0 0;4 3 0 1 0;4 3 1 0 0;4 3 1 1 0;4 4 0 0 0;4 4 0 1 0;4 4 1 0 0;4 4 1 1 0;4 4 2 0 0;4 5 0 0 0;4 5 0 1 0;4 5 1 0 0;4 5 1 1 0;5 4 0 0 0;5 4 0 1 0;5 4 1 0 0;5 4 1 1 0;5 4 2 0 0;5 4 2 1 0;5 5 0 0 0;5 5 0 1 0;5 5 1 0 0;5 5 1 1 0;5 5 2 0 0;5 5 2 1 0;6 5 0 0 0;6 5 0 1 0;6 5 1 0 0;6 5 1 1 0;6 5 2 0 0;6 5 2 1 0;6 5 3 0 0;	3007.05796	6	57.29572	64.12562	44.61160	7	0.00634	1.31957	0.35294	0.83333	0.00000	0	0	44.61160	16.86602	58.98232	1.2315150862498704e-57	0.0	1.2315150862498704e-57	sp|P00738|HPT_HUMAN	241
2020111CXY-6.16332.16332.3.0.dta	2020111CXY-6.16332.16332.3.0.dta	2020111CXY-6	16332	4546.49308	3390.43245	1130.81567	3	1	CGLVPVLAENYJK	1,Carbamidomethyl[C];	1476.75152	5 4 1 0 0	(N(N(H(H(N(H)))(H(N(H(A)))))))	380	0 1 0 0 0;0 2 0 0 0;1 2 0 0 0;2 2 0 0 0;2 3 0 0 0;3 2 0 0 0;3 3 0 0 0;3 3 1 0 0;3 4 0 0 0;4 3 0 0 0;4 3 1 0 0;4 4 0 0 0;4 4 1 0 0;5 4 0 0 0;	1913.67702	12	74.80524	107.03977	14.94111	5	0.00391	1.15339	0.50000	1.12500	0.00000	0	0	14.94111	21.09317	76.91456	8.455287333430758e-17	0.0	8.455287333430758e-17	sp|P02787|TRFE_HUMAN	432
2020111CXY-6.16342.16342.3.0.dta	2020111CXY-6.16342.16342.3.0.dta	2020111CXY-6	16342	4549.16249	3407.45804	1136.49086	3	1	CGLVPVLAENYJK	1,Carbamidomethyl[C];	1476.75152	6 4 0 1 0	(N(N(H(H(H))(H(N(H))(N(H)(F))))))	399	0 1 0 0 0;0 2 0 0 0;1 2 0 0 0;2 2 0 0 0;2 3 0 0 0;2 3 0 1 0;2 4 0 0 0;2 4 0 1 0;3 2 0 0 0;3 3 0 0 0;3 3 0 1 0;3 4 0 0 0;3 4 0 1 0;4 2 0 0 0;4 3 0 0 0;4 3 0 1 0;4 4 0 0 0;4 4 0 1 0;5 3 0 0 0;5 3 0 1 0;5 4 0 0 0;5 4 0 1 0;6 4 0 0 0;	1930.69234	12	54.70040	74.80419	17.36479	6	0.01418	4.16228	0.36000	0.91667	0.00000	0	0	17.36479	17.09144	56.40954	6.679995749413292e-20	0.0	6.679995749413292e-20	sp|P02787|TRFE_HUMAN	432
2020111CXY-6.17679.17679.3.1.dta	2020111CXY-6.17679.17679.3.1.dta	2020111CXY-6	17679	4908.14530	3999.78198	1333.93218	3	1	VVLHPJYSQVDIGLIK		1795.01124	5 4 2 0 0	(N(N(H(H(N(H(A))))(H(N(H(A)))))))	754	0 1 0 0 0;0 2 0 0 0;1 2 0 0 0;2 2 0 0 0;2 3 0 0 0;3 2 0 0 0;3 3 0 0 0;3 3 1 0 0;3 4 0 0 0;4 3 0 0 0;4 3 1 0 0;4 4 0 0 0;4 4 1 0 0;5 4 0 0 0;5 4 1 0 0;	2204.77244	6	20.35705	15.89214	28.64904	7	-0.00169	-0.42328	0.58824	0.46667	0.00000	0	0	28.64904	9.30466	21.28752	4.829099250973808e-35	0.0	4.829099250973808e-35	sp|P00738|HPT_HUMAN	241
2020111CXY-6.6212.6212.2.0.dta	2020111CXY-6.6212.6212.2.0.dta	2020111CXY-6	6212	1642.45277	2634.04708	1317.52718	2	1	EEQYJSTYR		1189.51199	3 4 0 1 0	(N(F)(N(H(N)(H(N(H))))))	87	0 1 0 0 0;0 1 0 1 0;0 2 0 0 0;0 2 0 1 0;1 2 0 0 0;1 2 0 1 0;1 3 0 0 0;1 3 0 1 0;2 2 0 0 0;2 2 0 1 0;2 3 0 0 0;2 3 0 1 0;2 4 0 0 0;2 4 0 1 0;3 3 0 0 0;3 3 0 1 0;3 4 0 0 0;	1444.53387	5	21.45926	16.45497	30.75295	8	0.00122	0.46282	0.47368	0.68750	0.00000	0	0	30.75295	10.59025	22.51828	4.3741348850159857e-38	0.0	4.3741348850159857e-38	sp|P01857|IGHG1_HUMAN	180
2020111CXY-6.8307.8307.3.0.dta	2020111CXY-6.8307.8307.3.0.dta	2020111CXY-6	8307	2206.36828	2838.11077	946.70844	3	1	LGJSSR		633.33146	5 4 2 0 0	(N(N(H(H(N(H(A))))(H(N(H(A)))))))	754	0 1 0 0 0;0 2 0 0 0;1 2 0 0 0;2 2 0 0 0;2 3 0 0 0;3 2 0 0 0;3 3 0 0 0;3 3 1 0 0;3 4 0 0 0;4 3 0 0 0;4 3 1 0 0;4 4 0 0 0;4 4 1 0 0;5 4 0 0 0;5 4 1 0 0;	2204.77244	3	16.32859	4.38081	38.51731	7	0.00687	2.42097	0.58824	0.40000	0.00000	0	0	38.51731	8.13969	17.14256	6.269791775929132e-49	0.0032258064516129032	0.0032258064516129032	sp|Q9H741|CL049_HUMAN/sp|Q9P244|LRFN1_HUMAN/sp|Q9BTN0|LRFN3_HUMAN/sp|Q6PEW0|PRS54_HUMAN	67/343/339/327
2020111CXY-6.6083.6083.3.0.dta	2020111CXY-6.6083.6083.3.0.dta	2020111CXY-6	6083	1608.04518	2634.04849	878.68768	3	1	EEQYJSTYR		1189.51199	3 4 0 1 0	(N(N(H(H(N(H))(N(F))))))	90	0 1 0 0 0;0 2 0 0 0;1 2 0 0 0;2 2 0 0 0;2 3 0 0 0;2 3 0 1 0;2 4 0 0 0;2 4 0 1 0;3 3 0 0 0;3 4 0 0 0;	1444.53387	5	22.86903	18.74983	30.51896	6	0.00263	0.99925	0.66667	0.68750	0.00000	0	0	30.51896	10.37892	23.90692	8.469970270983933e-38	0.0	8.469970270983933e-38	sp|P01857|IGHG1_HUMAN	180
2020111CXY-6.17115.17115.3.0.dta	2020111CXY-6.17115.17115.3.0.dta	2020111CXY-6	17115	4757.55277	4259.78998	1420.60151	3	1	TELFSSSCPGGIMLJETGQGYQR	8,Carbamidomethyl[C];	2532.14934	6 3 0 1 0	(N(N(H(H(H)(H))(H(N(H)(F))))))	227	0 1 0 0 0;0 2 0 0 0;1 2 0 0 0;2 2 0 0 0;2 3 0 0 0;2 3 0 1 0;3 2 0 0 0;3 3 0 0 0;3 3 0 1 0;4 2 0 0 0;4 3 0 0 0;4 3 0 1 0;5 2 0 0 0;5 3 0 0 0;5 3 0 1 0;6 3 0 0 0;	1727.61297	15	12.43922	17.63000	2.79922	4	0.02767	6.49453	0.22222	0.40909	0.00000	0	0	2.79922	10.37007	13.47623	0.0018955272093728677	0.0	0.0018955272093728677	sp|O95445|APOM_HUMAN	135
2020111CXY-6.7542.7542.2.0.dta	2020111CXY-6.7542.7542.2.0.dta	2020111CXY-6	7542	2000.53101	2780.10656	1390.55692	2	1	EEQFJSTYR		1173.51708	4 4 0 1 0	(N(F)(N(H(H(N))(H(N(H))))))	158	0 1 0 0 0;0 1 0 1 0;0 2 0 0 0;0 2 0 1 0;1 2 0 0 0;1 2 0 1 0;2 2 0 0 0;2 2 0 1 0;2 3 0 0 0;2 3 0 1 0;3 2 0 0 0;3 2 0 1 0;3 3 0 0 0;3 3 0 1 0;3 4 0 0 0;3 4 0 1 0;4 3 0 0 0;4 3 0 1 0;4 4 0 0 0;	1606.58669	5	50.07036	44.70048	60.04301	9	0.00278	1.00055	0.71429	0.93750	0.00000	0	0	60.04301	12.94687	51.36505	8.136872525799045e-80	0.0	8.136872525799045e-80	sp|P01861|IGHG4_HUMAN	177
2020111CXY-6.16365.16365.3.0.dta	2020111CXY-6.16365.16365.3.0.dta	2020111CXY-6	16365	4555.34544	4260.82761	1420.94739	3	1	LAGKPTHVJVSVVMAEVDGTCY	21,Carbamidomethyl[C];	2347.14207	5 4 1 0 0	(N(N(H(H(N(H)))(H(N(H(A)))))))	380	0 1 0 0 0;0 2 0 0 0;1 2 0 0 0;2 2 0 0 0;2 3 0 0 0;3 2 0 0 0;3 3 0 0 0;3 3 1 0 0;3 4 0 0 0;4 3 0 0 0;4 3 1 0 0;4 4 0 0 0;4 4 1 0 0;5 4 0 0 0;	1913.67702	9	35.81379	43.51448	21.51251	7	0.00851	1.99715	0.56250	0.61905	0.00000	0	0	21.51251	15.09710	37.32350	1.8128683304997666e-25	0.0	1.8128683304997666e-25	sp|P01876|IGHA1_HUMAN	340
2020111CXY-6.4050.4050.3.0.dta	2020111CXY-6.4050.4050.3.0.dta	2020111CXY-6	4050	1064.04466	2688.12614	896.71356	3	1	YKJNSDISSTR		1284.61786	4 3 0 1 0	(N(F)(N(H(H)(H(N(H))))))	77	0 1 0 0 0;0 1 0 1 0;0 2 0 0 0;0 2 0 1 0;1 2 0 0 0;1 2 0 1 0;2 2 0 0 0;2 2 0 1 0;2 3 0 0 0;2 3 0 1 0;3 2 0 0 0;3 2 0 1 0;3 3 0 0 0;3 3 0 1 0;4 3 0 0 0;	1403.50732	3	46.27564	39.84049	58.22664	9	0.00096	0.35756	0.70588	0.95000	0.00000	0	0	58.22664	15.07018	47.78266	4.241811887779197e-77	0.0	4.241811887779197e-77	sp|P01871|IGHM_HUMAN	46
2020111CXY-6.18185.18185.3.0.dta	2020111CXY-6.18185.18185.3.0.dta	2020111CXY-6	18185	5044.44074	4265.67415	1422.56290	3	1	SWPAVGJCSSALR	8,Carbamidomethyl[C];	1404.66886	6 5 3 0 0	(N(N(H(H(N(H(A))))(H(N(H(A)))(N(H(A)))))))	1823	0 1 0 0 0;0 2 0 0 0;1 2 0 0 0;2 2 0 0 0;2 3 0 0 0;2 4 0 0 0;3 2 0 0 0;3 3 0 0 0;3 3 1 0 0;3 4 0 0 0;3 4 1 0 0;3 5 0 0 0;4 3 0 0 0;4 3 1 0 0;4 4 0 0 0;4 4 1 0 0;4 4 2 0 0;4 5 0 0 0;4 5 1 0 0;5 4 0 0 0;5 4 1 0 0;5 4 2 0 0;5 5 0 0 0;5 5 1 0 0;5 5 2 0 0;6 5 0 0 0;6 5 1 0 0;6 5 2 0 0;	2861.00005	7	46.97007	51.99095	37.64557	6	0.00524	1.22829	0.50000	0.79167	0.00000	0	0	37.64557	13.68261	48.33833	4.888632184248189e-48	0.0	4.888632184248189e-48	sp|P02790|HEMO_HUMAN	187
2020111CXY-6.9423.9423.3.2.dta	2020111CXY-6.9423.9423.3.2.dta	2020111CXY-6	9423	2507.19324	2147.95056	716.65504	3	1	QEKTHSGVEYSEYJK		1798.82422	0 1 0 1 0	(N(F))	1	0 1 0 0 0;	349.13728	14	12.47305	19.18930	0.00000	0	-0.01094	-5.09231	0.00000	0.53571	0.00000	0	0	0.00000	10.48542	13.52159	0	0.0	0	sp|Q6P2D0|ZFP1_HUMAN	159
2020111CXY-6.8082.8082.3.0.dta	2020111CXY-6.8082.8082.3.0.dta	2020111CXY-6	8082	2146.15063	3590.48836	1197.50097	3	1	VTACHSSQPJATLYK	4,Carbamidomethyl[C];	1676.80607	5 4 1 0 0	(N(N(H(H(N(H)))(H(N(H(A)))))))	380	0 1 0 0 0;0 2 0 0 0;1 2 0 0 0;2 2 0 0 0;2 3 0 0 0;3 2 0 0 0;3 3 0 0 0;3 3 1 0 0;3 4 0 0 0;4 3 0 0 0;4 3 1 0 0;4 4 0 0 0;4 4 1 0 0;5 4 0 0 0;	1913.67702	10	39.06724	37.29034	42.36721	7	0.00527	1.46679	0.68750	0.67857	0.00000	0	0	42.36721	12.77000	40.34424	1.6385053759483184e-54	0.0	1.6385053759483184e-54	sp|P05543|THBG_HUMAN	36
2020111CXY-6.4338.4338.2.0.dta	2020111CXY-6.4338.4338.2.0.dta	2020111CXY-6	4338	1141.33466	2710.02608	1355.51668	2	1	NEEYJK		796.34716	5 4 1 0 0	(N(N(H(H(N(H)))(H(N(H(A)))))))	380	0 1 0 0 0;0 2 0 0 0;1 2 0 0 0;2 2 0 0 0;2 3 0 0 0;3 2 0 0 0;3 3 0 0 0;3 3 1 0 0;3 4 0 0 0;4 3 0 0 0;4 3 1 0 0;4 4 0 0 0;4 4 1 0 0;5 4 0 0 0;	1913.67702	5	22.08888	25.42633	15.89075	7	0.00190	0.69981	0.43750	1.10000	0.00000	0	0	15.89075	11.30012	23.21889	6.059896128813341e-18	0.0	6.059896128813341e-18	sp|P02763|A1AG1_HUMAN/sp|P19652|A1AG2_HUMAN	56/56
2020111CXY-6.15380.15380.2.0.dta	2020111CXY-6.15380.15380.2.0.dta	2020111CXY-6	15380	4288.76331	2784.12581	1392.56654	2	1	JGSLFAFR		911.47338	6 3 1 0 0	(N(N(H(H)(H(H)(H(N(H(A))))))))	350	0 1 0 0 0;0 2 0 0 0;1 2 0 0 0;2 2 0 0 0;3 2 0 0 0;3 3 0 0 0;4 2 0 0 0;4 3 0 0 0;4 3 1 0 0;5 2 0 0 0;5 3 0 0 0;5 3 1 0 0;6 3 0 0 0;	1872.65047	1	20.68902	22.17333	17.93244	7	0.00196	0.70492	0.46667	0.92857	0.00000	0	0	17.93244	11.57585	21.84660	1.2604215102955092e-20	0.0	1.2604215102955092e-20	sp|P04004|VTNC_HUMAN	169
2020111CXY-6.4321.4321.2.0.dta	2020111CXY-6.4321.4321.2.0.dta	2020111CXY-6	4321	1136.70686	1195.54235	598.27481	2	1	ADNEVJK		789.37372	0 2 0 0 0	(N(N))	2	0 1 0 0 0;	406.15875	6	6.91246	10.41304	0.41139	1	0.00989	8.27009	0.33333	0.66667	0.00000	0	0	0.41139	8.42753	7.75521	0	0.0022002200220022	0.0022002200220022	sp|Q8NB49|AT11C_HUMAN	124
2020111CXY-6.11885.11885.3.0.dta	2020111CXY-6.11885.11885.3.0.dta	2020111CXY-6	11885	3170.45061	3266.25003	1089.42153	3	1	EEQFJSTFR		1157.52218	4 6 0 0 1	(N(N(H(H(N(H(N))))(H(N(pH(N)))))))	5559	0 1 0 0 0;0 2 0 0 0;1 2 0 0 0;2 2 0 0 0;2 3 0 0 0;2 3 0 0 1;2 4 0 0 1;3 2 0 0 0;3 3 0 0 0;3 3 0 0 1;3 4 0 0 0;3 4 0 0 1;3 5 0 0 1;4 3 0 0 0;4 4 0 0 0;4 4 0 0 1;4 5 0 0 0;4 5 0 0 1;	2108.70668	5	10.39056	10.97399	9.30705	6	0.02117	6.48081	0.30000	0.56250	0.00000	0	0	9.30705	9.65068	11.35563	9.347965946272174e-10	0.0	9.347965946272174e-10	sp|P01859|IGHG2_HUMAN	176
2020111CXY-6.5838.5838.3.0.dta	2020111CXY-6.5838.5838.3.0.dta	2020111CXY-6	5838	1543.79386	2812.09652	938.03702	3	1	EEQYJSTYR		1189.51199	5 4 0 0 0	(N(N(H(H(N(H)))(H(N(H))))))	175	0 1 0 0 0;0 2 0 0 0;1 2 0 0 0;2 2 0 0 0;2 3 0 0 0;3 2 0 0 0;3 3 0 0 0;3 4 0 0 0;4 3 0 0 0;4 4 0 0 0;	1622.58161	5	14.34461	11.72107	19.21690	6	0.00293	1.04051	0.50000	0.56250	0.00000	0	0	19.21690	8.33275	15.17789	2.9941664129289695e-22	0.0032258064516129032	0.0032258064516129032	sp|P01857|IGHG1_HUMAN	180
2020111CXY-6.7768.7768.2.0.dta	2020111CXY-6.7768.7768.2.0.dta	2020111CXY-6	7768	2061.37148	2884.11797	1442.56262	2	1	EEQYJSTYR		1189.51199	4 3 1 1 0	(N(F)(N(H(H)(H(N(H(A)))))))	198	0 1 0 0 0;0 1 0 1 0;0 2 0 0 0;0 2 0 1 0;1 2 0 0 0;1 2 0 1 0;2 2 0 0 0;2 2 0 1 0;2 3 0 0 0;2 3 0 1 0;3 2 0 0 0;3 2 0 1 0;3 3 0 0 0;3 3 0 1 0;3 3 1 0 0;3 3 1 1 0;4 3 0 0 0;4 3 0 1 0;4 3 1 0 0;	1694.60274	5	25.64031	21.30714	33.68761	9	0.00325	1.12535	0.47619	0.75000	0.00000	0	0	33.68761	11.38442	26.77875	2.1132963953413043e-42	0.0	2.1132963953413043e-42	sp|P01857|IGHG1_HUMAN	180
2020111CXY-6.9934.9934.3.0.dta	2020111CXY-6.9934.9934.3.0.dta	2020111CXY-6	9934	2644.55036	3520.48971	1174.16809	3	1	FVEGSHJSTVSLTTK		1606.80713	5 4 1 0 0	(N(N(H(H)(H(N(H))(N(H(A)))))))	379	0 1 0 0 0;0 2 0 0 0;1 2 0 0 0;2 2 0 0 0;2 3 0 0 0;2 4 0 0 0;3 2 0 0 0;3 3 0 0 0;3 3 1 0 0;3 4 0 0 0;3 4 1 0 0;4 3 0 0 0;4 3 1 0 0;4 4 0 0 0;4 4 1 0 0;5 4 0 0 0;	1913.67702	7	82.32204	97.77405	53.62544	7	0.00556	1.57890	0.72222	1.14286	0.00000	0	0	53.62544	20.65321	84.38736	1.6194612519967137e-70	0.0	1.6194612519967137e-70	sp|P04114|APOB_HUMAN	3411
2020111CXY-6.6336.6336.3.0.dta	2020111CXY-6.6336.6336.3.0.dta	2020111CXY-6	6336	1676.03474	2999.18107	1000.39854	3	1	EEQYJSTYR		1189.51199	4 5 0 1 0	(N(F)(N(H(N)(H(N(H))(N(H))))))	291	0 1 0 0 0;0 1 0 1 0;0 2 0 0 0;0 2 0 1 0;1 2 0 0 0;1 2 0 1 0;1 3 0 0 0;1 3 0 1 0;2 2 0 0 0;2 2 0 1 0;2 3 0 0 0;2 3 0 1 0;2 4 0 0 0;2 4 0 1 0;2 5 0 0 0;2 5 0 1 0;3 3 0 0 0;3 3 0 1 0;3 4 0 0 0;3 4 0 1 0;3 5 0 0 0;3 5 0 1 0;4 4 0 0 0;4 4 0 1 0;4 5 0 0 0;	1809.66607	5	13.79699	9.91260	21.01085	8	0.00302	1.00565	0.33333	0.56250	0.00000	0	0	21.01085	9.04339	14.70133	1.148658614713539e-24	0.0011389521640091116	0.0011389521640091116	sp|P01857|IGHG1_HUMAN	180
2020111CXY-6.15161.15161.3.0.dta	2020111CXY-6.15161.15161.3.0.dta	2020111CXY-6	15161	4229.37319	3633.64036	1211.88497	3	1	TVLTPATNHMGJVTFTIPANR		2255.16011	6 2 0 0 0	(N(N(H(H(H(H(H(H))))))))	65	0 1 0 0 0;0 2 0 0 0;1 2 0 0 0;2 2 0 0 0;3 2 0 0 0;4 2 0 0 0;5 2 0 0 0;	1378.47569	12	64.26117	77.43113	39.80268	7	0.00456	1.25430	0.88889	0.85000	0.00000	0	0	39.80268	16.65144	65.92631	1.1831890809170065e-50	0.0	1.1831890809170065e-50	sp|P01024|CO3_HUMAN	85
2020111CXY-6.4947.4947.3.0.dta	2020111CXY-6.4947.4947.3.0.dta	2020111CXY-6	4947	1304.18687	3211.30901	1071.10785	3	1	PREEQYJSTYR		1442.66586	5 4 0 1 0	(N(F)(N(H(H(N))(H(N(H(H)))))))	266	0 1 0 0 0;0 1 0 1 0;0 2 0 0 0;0 2 0 1 0;1 2 0 0 0;1 2 0 1 0;2 2 0 0 0;2 2 0 1 0;2 3 0 0 0;2 3 0 1 0;3 2 0 0 0;3 2 0 1 0;3 3 0 0 0;3 3 0 1 0;3 4 0 0 0;3 4 0 1 0;4 3 0 0 0;4 3 0 1 0;4 4 0 0 0;4 4 0 1 0;5 3 0 0 0;5 3 0 1 0;5 4 0 0 0;	1768.63952	7	51.31760	27.15464	96.19167	9	0.00363	1.13014	0.88000	0.75000	0.00000	0	0	96.19167	12.52489	52.57009	1.6579776100010936e-131	0.0	1.6579776100010936e-131	sp|P01857|IGHG1_HUMAN	180
2020111CXY-6.5497.5497.3.0.dta	2020111CXY-6.5497.5497.3.0.dta	2020111CXY-6	5497	1451.98590	2688.06293	896.69249	3	1	JNSDISSTR		993.45958	4 3 1 1 0	(N(F)(N(H(H)(H(N(H(A)))))))	198	0 1 0 0 0;0 1 0 1 0;0 2 0 0 0;0 2 0 1 0;1 2 0 0 0;1 2 0 1 0;2 2 0 0 0;2 2 0 1 0;2 3 0 0 0;2 3 0 1 0;3 2 0 0 0;3 2 0 1 0;3 3 0 0 0;3 3 0 1 0;3 3 1 0 0;3 3 1 1 0;4 3 0 0 0;4 3 0 1 0;4 3 1 0 0;	1694.60274	1	38.40959	43.34031	29.25253	9	0.00061	0.22866	0.42857	1.12500	0.00000	0	0	29.25253	14.45078	39.85467	7.195574454626695e-36	0.0	7.195574454626695e-36	sp|P01871|IGHM_HUMAN	46
2020111CXY-6.18227.18227.3.0.dta	2020111CXY-6.18227.18227.3.0.dta	2020111CXY-6	18227	5055.90410	3649.56057	1217.19171	3	1	ALPQPQJVTSLLGCTH	14,Carbamidomethyl[C];	1735.87958	5 4 1 0 0	(N(N(H(H(N(H)))(H(N(H(A)))))))	380	0 1 0 0 0;0 2 0 0 0;1 2 0 0 0;2 2 0 0 0;2 3 0 0 0;3 2 0 0 0;3 3 0 0 0;3 3 1 0 0;3 4 0 0 0;4 3 0 0 0;4 3 1 0 0;4 4 0 0 0;4 4 1 0 0;5 4 0 0 0;	1913.67702	7	26.44659	35.05497	10.45959	5	0.00396	1.08492	0.43750	0.76667	0.00000	0	0	10.45959	14.04906	27.85150	6.4932015843138e-11	0.0	6.4932015843138e-11	sp|P02790|HEMO_HUMAN	453
2020111CXY-6.16609.16609.3.2.dta	2020111CXY-6.16609.16609.3.2.dta	2020111CXY-6	16609	4621.59396	3407.45796	1136.49084	3	1	CGLVPVLAENYJK	1,Carbamidomethyl[C];	1476.75152	6 4 0 1 0	(N(N(H(H(H))(H(N(H))(N(H)(F))))))	399	0 1 0 0 0;0 2 0 0 0;1 2 0 0 0;2 2 0 0 0;2 3 0 0 0;2 3 0 1 0;2 4 0 0 0;2 4 0 1 0;3 2 0 0 0;3 3 0 0 0;3 3 0 1 0;3 4 0 0 0;3 4 0 1 0;4 2 0 0 0;4 3 0 0 0;4 3 0 1 0;4 4 0 0 0;4 4 0 1 0;5 3 0 0 0;5 3 0 1 0;5 4 0 0 0;5 4 0 1 0;6 4 0 0 0;	1930.69234	12	14.77654	19.38690	6.21444	5	0.01410	4.13851	0.24000	0.54167	0.00000	0	0	6.21444	8.67518	15.64406	1.8169437937697955e-06	0.0011389521640091116	0.0011389521640091116	sp|P02787|TRFE_HUMAN	432
2020111CXY-6.6182.6182.2.0.dta	2020111CXY-6.6182.6182.2.0.dta	2020111CXY-6	6182	1634.46439	2837.12675	1419.06701	2	1	EEQYJSTYR		1189.51199	3 5 0 1 0	(N(N(H(N)(H(N))(H(N(F))))))	181	0 1 0 0 0;0 2 0 0 0;1 2 0 0 0;1 3 0 0 0;2 2 0 0 0;2 3 0 0 0;2 3 0 1 0;2 4 0 0 0;2 4 0 1 0;3 2 0 0 0;3 3 0 0 0;3 3 0 1 0;3 4 0 0 0;3 4 0 1 0;3 5 0 0 0;	1647.61324	5	52.30298	56.25968	44.95483	7	0.00152	0.53454	0.64706	1.06250	0.00000	0	0	44.95483	14.76780	53.77976	2.057813954518359e-58	0.0	2.057813954518359e-58	sp|P01857|IGHG1_HUMAN	180
2020111CXY-6.12810.12810.5.0.dta	2020111CXY-6.12810.12810.5.0.dta	2020111CXY-6	12810	3439.17753	4916.04710	984.01524	5	1	YPHKPEIJSTTHPGADLQEJFCR	22,Carbamidomethyl[C];	2711.26307	5 4 2 0 0	(N(N(H(H(N(H(A))))(H(N(H(A)))))))	754	0 1 0 0 0;0 2 0 0 0;1 2 0 0 0;2 2 0 0 0;2 3 0 0 0;3 2 0 0 0;3 3 0 0 0;3 3 1 0 0;3 4 0 0 0;4 3 0 0 0;4 3 1 0 0;4 4 0 0 0;4 4 1 0 0;5 4 0 0 0;5 4 1 0 0;	2204.77244	8	62.10287	84.64938	20.23076	5	0.01159	2.35738	0.47059	0.79545	0.00000	0	0	20.23076	21.25444	64.22831	9.903195189088456e-24	0.0	9.903195189088456e-24	sp|P00734|THRB_HUMAN	143
2020111CXY-6.11833.11833.4.0.dta	2020111CXY-6.11833.11833.4.0.dta	2020111CXY-6	11833	3156.61110	4624.94386	1156.99142	4	1	YPHKPEIJSTTHPGADLQEJFCR	22,Carbamidomethyl[C];	2711.26307	5 4 1 0 0	(N(N(H(H(N(H)))(H(N(H(A)))))))	380	0 1 0 0 0;0 2 0 0 0;1 2 0 0 0;2 2 0 0 0;2 3 0 0 0;3 2 0 0 0;3 3 0 0 0;3 3 1 0 0;3 4 0 0 0;4 3 0 0 0;4 3 1 0 0;4 4 0 0 0;4 4 1 0 0;5 4 0 0 0;	1913.67702	8	54.69540	61.89858	41.31806	6	0.00377	0.81590	0.62500	0.70455	0.00000	0	0	41.31806	19.07482	56.60288	4.984310597674649e-53	0.0	4.984310597674649e-53	sp|P00734|THRB_HUMAN	143
2020111CXY-6.16484.16484.3.0.dta	2020111CXY-6.16484.16484.3.0.dta	2020111CXY-6	16484	4587.72161	4428.80826	1476.94094	3	1	QQQHLFGSJVTDCSGJFCLFR	13,Carbamidomethyl[C];18,Carbamidomethyl[C];	2515.12414	5 4 1 0 0	(N(N(H(H(N(H)))(H(N(H(A)))))))	380	0 1 0 0 0;0 2 0 0 0;1 2 0 0 0;2 2 0 0 0;2 3 0 0 0;3 2 0 0 0;3 3 0 0 0;3 3 1 0 0;3 4 0 0 0;4 3 0 0 0;4 3 1 0 0;4 4 0 0 0;4 4 1 0 0;5 4 0 0 0;	1913.67702	9	44.77785	53.07077	29.37672	7	0.00710	1.60280	0.62500	0.75000	0.00000	0	0	29.37672	19.25818	46.70367	3.265387839229158e-36	0.0	3.265387839229158e-36	sp|P02787|TRFE_HUMAN	630
2020111CXY-6.17568.17568.3.0.dta	2020111CXY-6.17568.17568.3.0.dta	2020111CXY-6	17568	4878.40852	4865.96114	1622.65856	3	1	QQQHLFGSJVTDCSGJFCLFR	13,Carbamidomethyl[C];18,Carbamidomethyl[C];	2515.12414	5 4 2 1 0	(N(F)(N(H(H(N(H(A))))(H(N(H(A)))))))	991	0 1 0 0 0;0 1 0 1 0;0 2 0 0 0;0 2 0 1 0;1 2 0 0 0;1 2 0 1 0;2 2 0 0 0;2 2 0 1 0;2 3 0 0 0;2 3 0 1 0;3 2 0 0 0;3 2 0 1 0;3 3 0 0 0;3 3 0 1 0;3 3 1 0 0;3 3 1 1 0;3 4 0 0 0;3 4 0 1 0;4 3 0 0 0;4 3 0 1 0;4 3 1 0 0;4 3 1 1 0;4 4 0 0 0;4 4 0 1 0;4 4 1 0 0;4 4 1 1 0;5 4 0 0 0;5 4 0 1 0;5 4 1 0 0;5 4 1 1 0;5 4 2 0 0;	2350.83035	9	35.38403	44.83025	17.84105	8	0.00665	1.36687	0.33333	0.70000	0.00000	0	0	17.84105	18.53923	37.23795	1.8737473931885014e-20	0.0	1.8737473931885014e-20	sp|P02787|TRFE_HUMAN	630
2020111CXY-6.5694.5694.2.0.dta	2020111CXY-6.5694.5694.2.0.dta	2020111CXY-6	5694	1504.60430	2284.91088	1142.95908	2	1	EEQYJSTYR		1189.51199	3 3 0 0 0	(N(N(H(H(N(H))))))	25	0 1 0 0 0;0 2 0 0 0;1 2 0 0 0;2 2 0 0 0;2 3 0 0 0;	1095.39659	5	16.89211	14.96693	20.46745	5	0.00230	1.00766	0.71429	0.62500	0.00000	0	0	20.46745	10.16627	17.90874	4.5813697417328125e-24	0.0	4.5813697417328125e-24	sp|P01857|IGHG1_HUMAN	180
2020111CXY-6.4595.4595.4.0.dta	2020111CXY-6.4595.4595.4.0.dta	2020111CXY-6	4595	1209.63929	5679.15429	1420.54403	4	1	JGTGHGJSTHHGPEYMR		1851.79395	10 8 2 0 0	(N(N(H(N)(H(N(H(H)))(N(H(A))))(H(N(H(H)))(N(H(N(H(A)))))))))	2884	0 1 0 0 0;0 2 0 0 0;1 2 0 0 0;1 3 0 0 0;2 2 0 0 0;2 3 0 0 0;2 4 0 0 0;2 5 0 0 0;3 2 0 0 0;3 3 0 0 0;3 3 1 0 0;3 4 0 0 0;3 4 1 0 0;3 5 0 0 0;3 5 1 0 0;3 6 0 0 0;3 7 0 0 0;4 3 0 0 0;4 3 1 0 0;4 4 0 0 0;4 4 1 0 0;4 5 0 0 0;4 5 1 0 0;4 6 0 0 0;4 6 1 0 0;4 7 0 0 0;4 7 1 0 0;4 8 0 0 0;5 3 0 0 0;5 4 0 0 0;5 4 1 0 0;5 5 0 0 0;5 5 1 0 0;5 6 0 0 0;5 6 1 0 0;5 7 0 0 0;5 7 1 0 0;5 8 0 0 0;5 8 1 0 0;6 4 0 0 0;6 4 1 0 0;6 5 0 0 0;6 5 1 0 0;6 5 2 0 0;6 6 0 0 0;6 6 1 0 0;6 6 2 0 0;6 7 0 0 0;6 7 1 0 0;6 7 2 0 0;6 8 0 0 0;6 8 1 0 0;6 8 2 0 0;7 4 0 0 0;7 5 0 0 0;7 5 1 0 0;7 6 0 0 0;7 6 1 0 0;7 6 2 0 0;7 7 0 0 0;7 7 1 0 0;7 7 2 0 0;7 8 0 0 0;7 8 1 0 0;7 8 2 0 0;8 5 0 0 0;8 5 1 0 0;8 6 0 0 0;8 6 1 0 0;8 6 2 0 0;8 7 0 0 0;8 7 1 0 0;8 7 2 0 0;8 8 0 0 0;8 8 1 0 0;8 8 2 0 0;9 6 0 0 0;9 6 1 0 0;9 7 0 0 0;9 7 1 0 0;9 7 2 0 0;9 8 0 0 0;9 8 1 0 0;9 8 2 0 0;10 7 0 0 0;10 7 1 0 0;10 7 2 0 0;10 8 0 0 0;10 8 1 0 0;	3827.35405	1	14.63349	14.50259	14.87660	5	0.00629	1.10838	0.19780	0.50000	0.00000	0	0	14.87660	9.09602	15.54309	1.0917003504435831e-16	0.0011389521640091116	0.0011389521640091116	sp|P02790|HEMO_HUMAN	240
2020111CXY-6.9489.9489.2.0.dta	2020111CXY-6.9489.9489.2.0.dta	2020111CXY-6	9489	2524.72980	2602.05833	1301.53280	2	1	EEQFJSTFR		1157.52218	3 4 0 1 0	(N(N(H(H(N))(H(N(F))))))	89	0 1 0 0 0;0 2 0 0 0;1 2 0 0 0;2 2 0 0 0;2 3 0 0 0;2 3 0 1 0;3 2 0 0 0;3 3 0 0 0;3 3 0 1 0;3 4 0 0 0;	1444.53387	5	54.13427	59.38383	44.38507	7	0.00229	0.87818	0.75000	1.06250	0.00000	0	0	44.38507	15.69244	55.70351	2.3175156494927787e-57	0.0	2.3175156494927787e-57	sp|P01859|IGHG2_HUMAN	176
2020111CXY-6.18259.18259.3.0.dta	2020111CXY-6.18259.18259.3.0.dta	2020111CXY-6	18259	5064.50558	3796.58461	1266.19972	3	1	LGACJDTLQQLMEVFK	4,Carbamidomethyl[C];12,Oxidation[M];	1882.90375	5 4 1 0 0	(N(N(H(H(N(H)))(H(N(H(A)))))))	380	0 1 0 0 0;0 2 0 0 0;1 2 0 0 0;2 2 0 0 0;2 3 0 0 0;3 2 0 0 0;3 3 0 0 0;3 3 1 0 0;3 4 0 0 0;4 3 0 0 0;4 3 1 0 0;4 4 0 0 0;4 4 1 0 0;5 4 0 0 0;	1913.67702	5	26.26302	30.75318	17.92415	6	0.00384	1.01104	0.50000	0.73333	0.00000	0	0	17.92415	13.94832	27.65785	1.3512109513313146e-20	0.0	1.3512109513313146e-20	sp|P01008|ANT3_HUMAN	128
2020111CXY-6.11487.11487.3.1.dta	2020111CXY-6.11487.11487.3.1.dta	2020111CXY-6	11487	3063.95619	3400.44620	1134.15359	3	1	TPLTAJITK		958.55677	7 5 0 2 0	(N(F)(N(H(N)(H(N(H(H))))(H(N(F)(H(H)))))))	1120	0 1 0 0 0;0 1 0 1 0;0 2 0 0 0;0 2 0 1 0;1 2 0 0 0;1 2 0 1 0;1 3 0 0 0;1 3 0 1 0;2 2 0 0 0;2 2 0 1 0;2 3 0 0 0;2 3 0 1 0;2 3 0 2 0;2 4 0 0 0;2 4 0 1 0;2 4 0 2 0;3 2 0 0 0;3 2 0 1 0;3 3 0 0 0;3 3 0 1 0;3 3 0 2 0;3 4 0 0 0;3 4 0 1 0;3 4 0 2 0;3 5 0 0 0;3 5 0 1 0;3 5 0 2 0;4 3 0 0 0;4 3 0 1 0;4 3 0 2 0;4 4 0 0 0;4 4 0 1 0;4 4 0 2 0;4 5 0 0 0;4 5 0 1 0;4 5 0 2 0;5 3 0 0 0;5 3 0 1 0;5 3 0 2 0;5 4 0 0 0;5 4 0 1 0;5 4 0 2 0;5 5 0 0 0;5 5 0 1 0;5 5 0 2 0;6 4 0 0 0;6 4 0 1 0;6 4 0 2 0;6 5 0 0 0;6 5 0 1 0;6 5 0 2 0;7 4 0 0 0;7 4 0 1 0;7 4 0 2 0;7 5 0 0 0;7 5 0 1 0;	2441.88244	6	14.49335	20.90387	2.58810	5	0.00699	2.05414	0.10345	0.68750	0.00000	0	0	2.58810	9.62174	15.45552	0.0026370462102870335	0.0	0.0026370462102870335	sp|P01877|IGHA2_HUMAN	205
2020111CXY-6.17277.17277.3.0.dta	2020111CXY-6.17277.17277.3.0.dta	2020111CXY-6	17277	4800.59081	4428.80458	1476.93971	3	1	QQQHLFGSJVTDCSGJFCLFR	13,Carbamidomethyl[C];18,Carbamidomethyl[C];	2515.12414	5 4 1 0 0	(N(N(H(H(N(H)))(H(N(H(A)))))))	380	0 1 0 0 0;0 2 0 0 0;1 2 0 0 0;2 2 0 0 0;2 3 0 0 0;3 2 0 0 0;3 3 0 0 0;3 3 1 0 0;3 4 0 0 0;4 3 0 0 0;4 3 1 0 0;4 4 0 0 0;4 4 1 0 0;5 4 0 0 0;	1913.67702	9	28.53956	37.14409	12.55972	6	0.00342	0.77233	0.43750	0.65000	0.00000	0	0	12.55972	14.53343	29.99290	1.2809373355213124e-13	0.0	1.2809373355213124e-13	sp|P02787|TRFE_HUMAN	630
2020111CXY-6.5062.5062.2.0.dta	2020111CXY-6.5062.5062.2.0.dta	2020111CXY-6	5062	1335.34145	2704.06099	1352.53413	2	1	JNSDISSTR		993.45958	5 3 1 0 0	(N(N(H(H(H))(H(N(H(A)))))))	220	0 1 0 0 0;0 2 0 0 0;1 2 0 0 0;2 2 0 0 0;2 3 0 0 0;3 2 0 0 0;3 3 0 0 0;3 3 1 0 0;4 2 0 0 0;4 3 0 0 0;4 3 1 0 0;5 3 0 0 0;	1710.59765	1	22.50592	23.22604	21.16856	7	0.00376	1.39088	0.50000	0.87500	0.00000	0	0	21.16856	11.72155	23.67808	5.561701832295126e-25	0.0	5.561701832295126e-25	sp|P01871|IGHM_HUMAN	46
2020111CXY-6.16057.16057.4.0.dta	2020111CXY-6.16057.16057.4.0.dta	2020111CXY-6	16057	4472.57981	4441.88531	1111.22679	4	1	YPPTVSMVEGQGEKJVTFWGR		2382.15469	5 4 1 1 0	(N(F)(N(H(H(N(H)))(H(N(H(A)))))))	549	0 1 0 0 0;0 1 0 1 0;0 2 0 0 0;0 2 0 1 0;1 2 0 0 0;1 2 0 1 0;2 2 0 0 0;2 2 0 1 0;2 3 0 0 0;2 3 0 1 0;3 2 0 0 0;3 2 0 1 0;3 3 0 0 0;3 3 0 1 0;3 3 1 0 0;3 3 1 1 0;3 4 0 0 0;3 4 0 1 0;4 3 0 0 0;4 3 0 1 0;4 3 1 0 0;4 3 1 1 0;4 4 0 0 0;4 4 0 1 0;4 4 1 0 0;4 4 1 1 0;5 4 0 0 0;5 4 0 1 0;5 4 1 0 0;	2059.73493	15	28.92724	19.69108	46.08010	9	-0.00431	-0.96948	0.48387	0.40000	0.00000	0	0	46.08010	11.25994	30.05323	1.3768319188790775e-59	0.0	1.3768319188790775e-59	sp|P27918|PROP_HUMAN	428
2020111CXY-6.15256.15256.3.1.dta	2020111CXY-6.15256.15256.3.1.dta	2020111CXY-6	15256	4255.33543	3635.50967	1212.50807	3	1	ITYSIVQTJCSK	10,Carbamidomethyl[C];	1413.70423	6 4 1 1 0	(N(N(H(H(N(H(H))))(H(N(F)(H(A)))))))	783	0 1 0 0 0;0 2 0 0 0;1 2 0 0 0;2 2 0 0 0;2 3 0 0 0;2 3 0 1 0;3 2 0 0 0;3 3 0 0 0;3 3 0 1 0;3 3 1 0 0;3 3 1 1 0;3 4 0 0 0;3 4 0 1 0;4 3 0 0 0;4 3 0 1 0;4 3 1 0 0;4 3 1 1 0;4 4 0 0 0;4 4 0 1 0;4 4 1 0 0;4 4 1 1 0;5 3 0 0 0;5 4 0 0 0;5 4 0 1 0;5 4 1 0 0;5 4 1 1 0;6 4 0 0 0;6 4 0 1 0;6 4 1 0 0;	2221.78776	9	22.52373	33.41788	2.29173	4	0.01768	4.86239	0.12903	0.77273	0.00000	0	0	2.29173	12.02630	23.72636	0.003494801785102214	0.0	0.003494801785102214	sp|P01042|KNG1_HUMAN	205
2020111CXY-6.6254.6254.3.0.dta	2020111CXY-6.6254.6254.3.0.dta	2020111CXY-6	6254	1653.68012	2837.12697	946.38051	3	1	EEQYJSTYR		1189.51199	3 5 0 1 0	(N(F)(N(H(N)(H(N)(N(H))))))	184	0 1 0 0 0;0 1 0 1 0;0 2 0 0 0;0 2 0 1 0;1 2 0 0 0;1 2 0 1 0;1 3 0 0 0;1 3 0 1 0;2 2 0 0 0;2 2 0 1 0;2 3 0 0 0;2 3 0 1 0;2 4 0 0 0;2 4 0 1 0;2 5 0 0 0;2 5 0 1 0;3 3 0 0 0;3 3 0 1 0;3 4 0 0 0;3 4 0 1 0;3 5 0 0 0;	1647.61324	5	29.84244	22.54187	43.40064	8	0.00174	0.61243	0.56522	0.75000	0.00000	0	0	43.40064	10.56117	30.89856	5.690993254113349e-56	0.0	5.690993254113349e-56	sp|P01857|IGHG1_HUMAN	180
2020111CXY-6.7449.7449.2.0.dta	2020111CXY-6.7449.7449.2.0.dta	2020111CXY-6	7449	1975.41562	2942.15953	1471.58340	2	1	EEQFJSTYR		1173.51708	5 4 0 1 0	(N(F)(N(H(H(N(H)))(H(N(H))))))	267	0 1 0 0 0;0 1 0 1 0;0 2 0 0 0;0 2 0 1 0;1 2 0 0 0;1 2 0 1 0;2 2 0 0 0;2 2 0 1 0;2 3 0 0 0;2 3 0 1 0;3 2 0 0 0;3 2 0 1 0;3 3 0 0 0;3 3 0 1 0;3 4 0 0 0;3 4 0 1 0;4 3 0 0 0;4 3 0 1 0;4 4 0 0 0;4 4 0 1 0;5 4 0 0 0;	1768.63952	5	44.99862	40.17018	53.96572	9	0.00293	0.99458	0.65217	0.93750	0.00000	0	0	53.96572	12.49771	46.24839	6.281720450300561e-71	0.0	6.281720450300561e-71	sp|P01861|IGHG4_HUMAN	177
2020111CXY-6.18175.18175.3.0.dta	2020111CXY-6.18175.18175.3.0.dta	2020111CXY-6	18175	5041.76261	3350.47889	1117.49781	3	1	IYSGILJLSDITK		1436.79951	5 4 1 0 0	(N(N(H(H(N(H)))(H(N(H(A)))))))	380	0 1 0 0 0;0 2 0 0 0;1 2 0 0 0;2 2 0 0 0;2 3 0 0 0;3 2 0 0 0;3 3 0 0 0;3 3 1 0 0;3 4 0 0 0;4 3 0 0 0;4 3 1 0 0;4 4 0 0 0;4 4 1 0 0;5 4 0 0 0;	1913.67702	7	34.80952	40.91950	23.46243	7	0.00235	0.70154	0.50000	0.75000	0.00000	0	0	23.46243	13.27614	36.13713	5.042858160276631e-28	0.0	5.042858160276631e-28	sp|P03952|KLKB1_HUMAN	453
2020111CXY-6.10088.10088.3.0.dta	2020111CXY-6.10088.10088.3.0.dta	2020111CXY-6	10088	2686.21109	3540.34698	1180.78718	3	1	EEQYJSTYR		1189.51199	5 4 2 1 0	(N(F)(N(H(H(N(H(A))))(H(N(H(A)))))))	991	0 1 0 0 0;0 1 0 1 0;0 2 0 0 0;0 2 0 1 0;1 2 0 0 0;1 2 0 1 0;2 2 0 0 0;2 2 0 1 0;2 3 0 0 0;2 3 0 1 0;3 2 0 0 0;3 2 0 1 0;3 3 0 0 0;3 3 0 1 0;3 3 1 0 0;3 3 1 1 0;3 4 0 0 0;3 4 0 1 0;4 3 0 0 0;4 3 0 1 0;4 3 1 0 0;4 3 1 1 0;4 4 0 0 0;4 4 0 1 0;4 4 1 0 0;4 4 1 1 0;5 4 0 0 0;5 4 0 1 0;5 4 1 0 0;5 4 1 1 0;5 4 2 0 0;	2350.83035	5	13.32211	14.56310	11.01743	7	0.00464	1.31150	0.27273	0.62500	0.00000	0	0	11.01743	9.63874	14.28598	1.0995747440825635e-11	0.0	1.0995747440825635e-11	sp|P01857|IGHG1_HUMAN	180
2020111CXY-6.17358.17358.3.0.dta	2020111CXY-6.17358.17358.3.0.dta	2020111CXY-6	17358	4822.40482	4901.05527	1634.35661	3	1	LAGKPTHVJVSVVMAEVDGTCY	21,Carbamidomethyl[C];	2347.14207	5 5 2 1 0	(N(F)(N(H(N)(H(N(H(A))))(H(N(H(A)))))))	1319	0 1 0 0 0;0 1 0 1 0;0 2 0 0 0;0 2 0 1 0;1 2 0 0 0;1 2 0 1 0;1 3 0 0 0;1 3 0 1 0;2 2 0 0 0;2 2 0 1 0;2 3 0 0 0;2 3 0 1 0;2 4 0 0 0;2 4 0 1 0;3 2 0 0 0;3 2 0 1 0;3 3 0 0 0;3 3 0 1 0;3 3 1 0 0;3 3 1 1 0;3 4 0 0 0;3 4 0 1 0;3 4 1 0 0;3 4 1 1 0;3 5 0 0 0;3 5 0 1 0;4 3 0 0 0;4 3 0 1 0;4 3 1 0 0;4 3 1 1 0;4 4 0 0 0;4 4 0 1 0;4 4 1 0 0;4 4 1 1 0;4 5 0 0 0;4 5 0 1 0;4 5 1 0 0;4 5 1 1 0;5 4 0 0 0;5 4 0 1 0;5 4 1 0 0;5 4 1 1 0;5 4 2 0 0;5 4 2 1 0;5 5 0 0 0;5 5 0 1 0;5 5 1 0 0;5 5 1 1 0;5 5 2 0 0;	2553.90972	9	38.69202	56.63493	5.36947	5	0.00347	0.70895	0.17647	0.66667	0.00000	0	0	5.36947	18.79943	40.57196	1.50700672802368e-05	0.0	1.50700672802368e-05	sp|P01876|IGHA1_HUMAN	340
2020111CXY-6.5900.5900.3.0.dta	2020111CXY-6.5900.5900.3.0.dta	2020111CXY-6	5900	1560.25462	2634.04736	878.68730	3	1	EEQYJSTYR		1189.51199	3 4 0 1 0	(N(F)(N(H(H(N))(H(N)))))	95	0 1 0 0 0;0 1 0 1 0;0 2 0 0 0;0 2 0 1 0;1 2 0 0 0;1 2 0 1 0;2 2 0 0 0;2 2 0 1 0;2 3 0 0 0;2 3 0 1 0;3 2 0 0 0;3 2 0 1 0;3 3 0 0 0;3 3 0 1 0;3 4 0 0 0;	1444.53387	5	59.13649	75.30198	29.11486	7	0.00150	0.56874	0.58824	1.25000	0.00000	0	0	29.11486	15.81842	60.71833	1.252444473774829e-35	0.0	1.252444473774829e-35	sp|P01857|IGHG1_HUMAN	180
2020111CXY-6.9935.9935.3.0.dta	2020111CXY-6.9935.9935.3.0.dta	2020111CXY-6	9935	2644.82798	3372.41490	1124.80982	3	1	NLFLJHSEJATAK		1458.73357	5 4 1 0 0	(N(N(H(H(N(H)))(H(N(H(A)))))))	380	0 1 0 0 0;0 2 0 0 0;1 2 0 0 0;2 2 0 0 0;2 3 0 0 0;3 2 0 0 0;3 3 0 0 0;3 3 1 0 0;3 4 0 0 0;4 3 0 0 0;4 3 1 0 0;4 4 0 0 0;4 4 1 0 0;5 4 0 0 0;	1913.67702	5	74.70102	85.47365	54.69471	7	0.00431	1.27757	0.75000	1.12500	0.00000	0	0	54.69471	19.50421	76.65144	6.577538165703695e-72	0.0	6.577538165703695e-72	sp|P00739|HPTR_HUMAN/sp|P00738|HPT_HUMAN	149/207
2020111CXY-6.15376.15376.4.0.dta	2020111CXY-6.15376.15376.4.0.dta	2020111CXY-6	15376	4287.64473	5029.06936	1258.02280	4	1	ELHHLQEQJVSNAFLDK		2022.00393	6 5 3 1 0	(N(N(H(H(N(F)(H(A))))(H(N(H(A)))(N(H(A)))))))	2060	0 1 0 0 0;0 2 0 0 0;1 2 0 0 0;2 2 0 0 0;2 3 0 0 0;2 3 0 1 0;2 4 0 0 0;3 2 0 0 0;3 3 0 0 0;3 3 0 1 0;3 3 1 0 0;3 3 1 1 0;3 4 0 0 0;3 4 0 1 0;3 4 1 0 0;3 5 0 0 0;3 5 0 1 0;4 3 0 0 0;4 3 0 1 0;4 3 1 0 0;4 3 1 1 0;4 4 0 0 0;4 4 0 1 0;4 4 1 0 0;4 4 1 1 0;4 4 2 0 0;4 5 0 0 0;4 5 0 1 0;4 5 1 0 0;4 5 1 1 0;5 4 0 0 0;5 4 0 1 0;5 4 1 0 0;5 4 1 1 0;5 4 2 0 0;5 4 2 1 0;5 5 0 0 0;5 5 0 1 0;5 5 1 0 0;5 5 1 1 0;5 5 2 0 0;5 5 2 1 0;6 5 0 0 0;6 5 0 1 0;6 5 1 0 0;6 5 1 1 0;6 5 2 0 0;6 5 2 1 0;6 5 3 0 0;	3007.05796	9	12.85120	12.53454	13.43929	6	0.00747	1.48450	0.23529	0.43750	0.00000	0	0	13.43929	10.39196	13.89040	1.0676966721384498e-14	0.0	1.0676966721384498e-14	sp|P00450|CERU_HUMAN	762
2020111CXY-6.8137.8137.2.0.dta	2020111CXY-6.8137.8137.2.0.dta	2020111CXY-6	8137	2160.63208	2563.99997	1282.50363	2	1	CJYSIR	1,Carbamidomethyl[C];	812.37194	4 4 1 0 0	(N(N(H(H(N))(H(N(H(A)))))))	239	0 1 0 0 0;0 2 0 0 0;1 2 0 0 0;2 2 0 0 0;2 3 0 0 0;3 2 0 0 0;3 3 0 0 0;3 3 1 0 0;3 4 0 0 0;4 3 0 0 0;4 3 1 0 0;4 4 0 0 0;	1751.62420	2	34.15301	29.12879	43.48369	7	0.00383	1.49529	0.64286	1.00000	0.00000	0	0	43.48369	11.47405	35.30041	4.594059440038482e-56	0.0	4.594059440038482e-56	sp|P00736|C1R_HUMAN	221
2020111CXY-6.14016.14016.3.0.dta	2020111CXY-6.14016.14016.3.0.dta	2020111CXY-6	14016	3894.12050	4245.73719	1415.91725	3	1	LSDLSIJSTECLHVHCR	11,Carbamidomethyl[C];16,Carbamidomethyl[C];	2040.95897	5 4 2 0 0	(N(N(H(H(N(H(A))))(H(N(H(A)))))))	754	0 1 0 0 0;0 2 0 0 0;1 2 0 0 0;2 2 0 0 0;2 3 0 0 0;3 2 0 0 0;3 3 0 0 0;3 3 1 0 0;3 4 0 0 0;4 3 0 0 0;4 3 1 0 0;4 4 0 0 0;4 4 1 0 0;5 4 0 0 0;5 4 1 0 0;	2204.77244	7	70.23053	77.70048	56.35777	7	0.00578	1.36112	0.76471	0.96875	0.00000	0	0	56.35777	19.03808	72.13434	9.43343538272395e-75	0.0	9.43343538272395e-75	sp|P05156|CFAI_HUMAN	177
2020111CXY-6.9460.9460.2.0.dta	2020111CXY-6.9460.9460.2.0.dta	2020111CXY-6	9460	2516.91027	2926.16399	1463.58563	2	1	EEQFJSTFR		1157.52218	5 4 0 1 0	(N(F)(N(H(H(N(H)))(H(N(H))))))	267	0 1 0 0 0;0 1 0 1 0;0 2 0 0 0;0 2 0 1 0;1 2 0 0 0;1 2 0 1 0;2 2 0 0 0;2 2 0 1 0;2 3 0 0 0;2 3 0 1 0;3 2 0 0 0;3 2 0 1 0;3 3 0 0 0;3 3 0 1 0;3 4 0 0 0;3 4 0 1 0;4 3 0 0 0;4 3 0 1 0;4 4 0 0 0;4 4 0 1 0;5 4 0 0 0;	1768.63952	5	19.49125	15.46656	26.96567	8	0.00230	0.78609	0.43478	0.62500	0.00000	0	0	26.96567	10.04266	20.49552	8.654870387755188e-33	0.0	8.654870387755188e-33	sp|P01859|IGHG2_HUMAN	176
2020111CXY-6.7785.7785.2.0.dta	2020111CXY-6.7785.7785.2.0.dta	2020111CXY-6	7785	2065.89040	3249.25014	1625.12871	2	1	EEQYJSTYR		1189.51199	5 4 1 1 0	(N(F)(N(H(H(N(H)))(H(N(H(A)))))))	549	0 1 0 0 0;0 1 0 1 0;0 2 0 0 0;0 2 0 1 0;1 2 0 0 0;1 2 0 1 0;2 2 0 0 0;2 2 0 1 0;2 3 0 0 0;2 3 0 1 0;3 2 0 0 0;3 2 0 1 0;3 3 0 0 0;3 3 0 1 0;3 3 1 0 0;3 3 1 1 0;3 4 0 0 0;3 4 0 1 0;4 3 0 0 0;4 3 0 1 0;4 3 1 0 0;4 3 1 1 0;4 4 0 0 0;4 4 0 1 0;4 4 1 0 0;4 4 1 1 0;5 4 0 0 0;5 4 0 1 0;5 4 1 0 0;	2059.73493	5	7.99730	9.68778	4.85785	6	0.00322	0.99152	0.19355	0.56250	0.00000	0	0	4.85785	9.51990	8.94929	3.904071840576732e-05	0.0	3.904071840576732e-05	sp|P01857|IGHG1_HUMAN	180
2020111CXY-6.16123.16123.3.0.dta	2020111CXY-6.16123.16123.3.0.dta	2020111CXY-6	16123	4490.34328	4079.65564	1360.55673	3	1	YNSQJQSNNQFVLYR		1874.87798	5 4 2 0 0	(N(N(H(H(N(H(A))))(H(N(H(A)))))))	754	0 1 0 0 0;0 2 0 0 0;1 2 0 0 0;2 2 0 0 0;2 3 0 0 0;3 2 0 0 0;3 3 0 0 0;3 3 1 0 0;3 4 0 0 0;4 3 0 0 0;4 3 1 0 0;4 4 0 0 0;4 4 1 0 0;5 4 0 0 0;5 4 1 0 0;	2204.77244	5	26.39165	29.61611	20.40337	6	0.00522	1.28000	0.52941	0.75000	0.00000	0	0	20.40337	14.78233	27.86988	7.084293218868511e-24	0.0	7.084293218868511e-24	sp|P01042|KNG1_HUMAN	48
2020111CXY-6.16408.16408.3.0.dta	2020111CXY-6.16408.16408.3.0.dta	2020111CXY-6	16408	4566.90794	3390.43212	1130.81556	3	1	CGLVPVLAENYJK	1,Carbamidomethyl[C];	1476.75152	5 4 1 0 0	(N(N(H(H(N(H)))(H(N(H(A)))))))	380	0 1 0 0 0;0 2 0 0 0;1 2 0 0 0;2 2 0 0 0;2 3 0 0 0;3 2 0 0 0;3 3 0 0 0;3 3 1 0 0;3 4 0 0 0;4 3 0 0 0;4 3 1 0 0;4 4 0 0 0;4 4 1 0 0;5 4 0 0 0;	1913.67702	12	48.72801	61.99295	24.09312	7	0.00358	1.05694	0.56250	0.83333	0.00000	0	0	24.09312	16.10329	50.33834	4.860142597598148e-29	0.0	4.860142597598148e-29	sp|P02787|TRFE_HUMAN	432
2020111CXY-6.3445.3445.3.0.dta	2020111CXY-6.3445.3445.3.0.dta	2020111CXY-6	3445	902.98574	3085.15576	1029.05677	3	1	DKJCTSR	4,Carbamidomethyl[C];	880.39414	5 4 2 0 0	(N(N(H(H(N(H(A))))(H(N(H(A)))))))	754	0 1 0 0 0;0 2 0 0 0;1 2 0 0 0;2 2 0 0 0;2 3 0 0 0;3 2 0 0 0;3 3 0 0 0;3 3 1 0 0;3 4 0 0 0;4 3 0 0 0;4 3 1 0 0;4 4 0 0 0;4 4 1 0 0;5 4 0 0 0;5 4 1 0 0;	2204.77244	3	46.72426	31.76449	74.50668	7	-0.01083	-3.50907	0.82353	1.08333	0.00000	0	0	74.50668	11.07266	47.83153	1.0394155090121694e-100	0.0	1.0394155090121694e-100	sp|P01019|ANGT_HUMAN	170
2020111CXY-6.5977.5977.3.0.dta	2020111CXY-6.5977.5977.3.0.dta	2020111CXY-6	5977	1580.20094	2634.04753	878.68736	3	1	EEQYJSTYR		1189.51199	3 4 0 1 0	(N(F)(N(H(H(N))(H(N)))))	95	0 1 0 0 0;0 1 0 1 0;0 2 0 0 0;0 2 0 1 0;1 2 0 0 0;1 2 0 1 0;2 2 0 0 0;2 2 0 1 0;2 3 0 0 0;2 3 0 1 0;3 2 0 0 0;3 2 0 1 0;3 3 0 0 0;3 3 0 1 0;3 4 0 0 0;	1444.53387	5	54.70305	68.20661	29.62501	8	0.00167	0.63479	0.52941	1.18750	0.00000	0	0	29.62501	15.04076	56.20713	1.7809530330070166e-36	0.0	1.7809530330070166e-36	sp|P01857|IGHG1_HUMAN	180
2020111CXY-6.6945.6945.3.0.dta	2020111CXY-6.6945.6945.3.0.dta	2020111CXY-6	6945	1840.02253	4210.69659	1404.23705	3	1	KKEDALJETR		1203.63279	6 5 3 1 0	(N(N(H(H(N(F)(H(A))))(H(N(H(A)))(N(H(A)))))))	2060	0 1 0 0 0;0 2 0 0 0;1 2 0 0 0;2 2 0 0 0;2 3 0 0 0;2 3 0 1 0;2 4 0 0 0;3 2 0 0 0;3 3 0 0 0;3 3 0 1 0;3 3 1 0 0;3 3 1 1 0;3 4 0 0 0;3 4 0 1 0;3 4 1 0 0;3 5 0 0 0;3 5 0 1 0;4 3 0 0 0;4 3 0 1 0;4 3 1 0 0;4 3 1 1 0;4 4 0 0 0;4 4 0 1 0;4 4 1 0 0;4 4 1 1 0;4 4 2 0 0;4 5 0 0 0;4 5 0 1 0;4 5 1 0 0;4 5 1 1 0;5 4 0 0 0;5 4 0 1 0;5 4 1 0 0;5 4 1 1 0;5 4 2 0 0;5 4 2 1 0;5 5 0 0 0;5 5 0 1 0;5 5 1 0 0;5 5 1 1 0;5 5 2 0 0;5 5 2 1 0;6 5 0 0 0;6 5 0 1 0;6 5 1 0 0;6 5 1 1 0;6 5 2 0 0;6 5 2 1 0;6 5 3 0 0;	3007.05796	7	44.94956	34.96749	63.48771	7	0.00584	1.38615	0.43137	0.83333	0.00000	0	0	63.48771	12.23093	46.17265	4.456002041121116e-85	0.0	4.456002041121116e-85	sp|P10909|CLUS_HUMAN	86
2020111CXY-6.19028.19028.3.0.dta	2020111CXY-6.19028.19028.3.0.dta	2020111CXY-6	19028	5270.95645	4776.96334	1592.99263	3	1	YTGJASALFILPDQDK		1752.88028	3 7 2 2 1	(N(N(H(N)(H(N)(N(F)))(H(N)(N(F)(pH(A(A))))))))	14240	0 1 0 0 0;0 2 0 0 0;1 2 0 0 0;1 3 0 0 0;2 2 0 0 0;2 3 0 0 0;2 3 0 0 1;2 3 0 1 0;2 3 0 1 1;2 3 1 0 1;2 3 1 1 1;2 3 2 0 1;2 3 2 1 1;2 4 0 0 0;2 4 0 0 1;2 4 0 1 0;2 4 0 1 1;2 4 1 0 1;2 4 1 1 1;2 4 2 0 1;2 4 2 1 1;2 5 0 0 0;2 5 0 0 1;2 5 0 1 0;2 5 0 1 1;2 5 1 0 1;2 5 1 1 1;2 5 2 0 1;2 5 2 1 1;3 2 0 0 0;3 3 0 0 0;3 3 0 0 1;3 3 0 1 0;3 3 0 1 1;3 3 1 0 1;3 3 1 1 1;3 3 2 0 1;3 3 2 1 1;3 4 0 0 0;3 4 0 0 1;3 4 0 1 0;3 4 0 1 1;3 4 0 2 0;3 4 0 2 1;3 4 1 0 1;3 4 1 1 1;3 4 1 2 1;3 4 2 0 1;3 4 2 1 1;3 4 2 2 1;3 5 0 0 0;3 5 0 0 1;3 5 0 1 0;3 5 0 1 1;3 5 0 2 0;3 5 0 2 1;3 5 1 0 1;3 5 1 1 1;3 5 1 2 1;3 5 2 0 1;3 5 2 1 1;3 5 2 2 1;3 6 0 0 0;3 6 0 0 1;3 6 0 1 0;3 6 0 1 1;3 6 0 2 0;3 6 0 2 1;3 6 1 0 1;3 6 1 1 1;3 6 1 2 1;3 6 2 0 1;3 6 2 1 1;3 6 2 2 1;3 7 0 0 0;3 7 0 0 1;3 7 0 1 0;3 7 0 1 1;3 7 0 2 0;3 7 0 2 1;3 7 1 0 1;3 7 1 1 1;3 7 1 2 1;3 7 2 0 1;3 7 2 1 1;	3024.03988	4	10.19999	14.97421	1.33357	4	0.04317	9.03800	0.05747	0.53333	0.00000	0	0	1.33357	11.47288	11.34728	0.006307962477083229	0.0	0.006307962477083229	sp|P01011|AACT_HUMAN	271
2020111CXY-6.19028.19028.3.3.dta	2020111CXY-6.19028.19028.3.3.dta	2020111CXY-6	19028	5270.95645	4779.97945	1593.99800	3	1	YLGJATAIFFLPDEGK		1755.89521	7 5 2 2 0	(N(N(H(N)(H(H)(H))(H(N(F)(H(A)))(N(F)(H(A)))))))	2079	0 1 0 0 0;0 2 0 0 0;1 2 0 0 0;1 3 0 0 0;2 2 0 0 0;2 3 0 0 0;2 3 0 1 0;2 4 0 0 0;2 4 0 1 0;2 4 0 2 0;2 5 0 0 0;2 5 0 1 0;2 5 0 2 0;3 2 0 0 0;3 3 0 0 0;3 3 0 1 0;3 3 1 0 0;3 3 1 1 0;3 4 0 0 0;3 4 0 1 0;3 4 0 2 0;3 4 1 0 0;3 4 1 1 0;3 4 1 2 0;3 5 0 0 0;3 5 0 1 0;3 5 0 2 0;3 5 1 0 0;3 5 1 1 0;3 5 1 2 0;4 2 0 0 0;4 3 0 0 0;4 3 0 1 0;4 3 1 0 0;4 3 1 1 0;4 4 0 0 0;4 4 0 1 0;4 4 0 2 0;4 4 1 0 0;4 4 1 1 0;4 4 1 2 0;4 4 2 0 0;4 4 2 1 0;4 4 2 2 0;4 5 0 0 0;4 5 0 1 0;4 5 0 2 0;4 5 1 0 0;4 5 1 1 0;4 5 1 2 0;4 5 2 0 0;4 5 2 1 0;4 5 2 2 0;5 2 0 0 0;5 3 0 0 0;5 3 0 1 0;5 3 1 0 0;5 3 1 1 0;5 4 0 0 0;5 4 0 1 0;5 4 0 2 0;5 4 1 0 0;5 4 1 1 0;5 4 1 2 0;5 4 2 0 0;5 4 2 1 0;5 4 2 2 0;5 5 0 0 0;5 5 0 1 0;5 5 0 2 0;5 5 1 0 0;5 5 1 1 0;5 5 1 2 0;5 5 2 0 0;5 5 2 1 0;5 5 2 2 0;6 3 0 0 0;6 3 0 1 0;6 3 1 0 0;6 3 1 1 0;6 4 0 0 0;6 4 0 1 0;6 4 0 2 0;6 4 1 0 0;6 4 1 1 0;6 4 1 2 0;6 4 2 0 0;6 4 2 1 0;6 4 2 2 0;6 5 0 0 0;6 5 0 1 0;6 5 0 2 0;6 5 1 0 0;6 5 1 1 0;6 5 1 2 0;6 5 2 0 0;6 5 2 1 0;6 5 2 2 0;7 4 0 0 0;7 4 0 1 0;7 4 0 2 0;7 4 1 0 0;7 4 1 1 0;7 4 1 2 0;7 4 2 0 0;7 4 2 1 0;7 4 2 2 0;7 5 0 0 0;7 5 0 1 0;7 5 0 2 0;7 5 1 0 0;7 5 1 1 0;7 5 1 2 0;7 5 2 0 0;7 5 2 1 0;	3024.07328	4	38.30264	58.04205	1.64373	4	0.01096	2.29393	0.05128	0.93333	0.00000	0	0	1.64373	19.12425	40.21506	0.00471090580145156	0.0	0.00471090580145156	sp|P01009|A1AT_HUMAN	271
2020111CXY-6.18603.18603.3.0.dta	2020111CXY-6.18603.18603.3.0.dta	2020111CXY-6	18603	5156.71813	4561.86550	1521.29335	3	1	LAJLTQGEDQYYLR		1683.83366	7 5 2 1 0	(N(N(H(N)(H(H)(H))(H(N(H(A)))(N(F)(H(A)))))))	1849	0 1 0 0 0;0 2 0 0 0;1 2 0 0 0;1 3 0 0 0;2 2 0 0 0;2 3 0 0 0;2 3 0 1 0;2 4 0 0 0;2 4 0 1 0;2 5 0 0 0;2 5 0 1 0;3 2 0 0 0;3 3 0 0 0;3 3 0 1 0;3 3 1 0 0;3 3 1 1 0;3 4 0 0 0;3 4 0 1 0;3 4 1 0 0;3 4 1 1 0;3 5 0 0 0;3 5 0 1 0;3 5 1 0 0;3 5 1 1 0;4 2 0 0 0;4 3 0 0 0;4 3 0 1 0;4 3 1 0 0;4 3 1 1 0;4 4 0 0 0;4 4 0 1 0;4 4 1 0 0;4 4 1 1 0;4 4 2 0 0;4 4 2 1 0;4 5 0 0 0;4 5 0 1 0;4 5 1 0 0;4 5 1 1 0;4 5 2 0 0;4 5 2 1 0;5 2 0 0 0;5 3 0 0 0;5 3 0 1 0;5 3 1 0 0;5 3 1 1 0;5 4 0 0 0;5 4 0 1 0;5 4 1 0 0;5 4 1 1 0;5 4 2 0 0;5 4 2 1 0;5 5 0 0 0;5 5 0 1 0;5 5 1 0 0;5 5 1 1 0;5 5 2 0 0;5 5 2 1 0;6 3 0 0 0;6 3 0 1 0;6 3 1 0 0;6 3 1 1 0;6 4 0 0 0;6 4 0 1 0;6 4 1 0 0;6 4 1 1 0;6 4 2 0 0;6 4 2 1 0;6 5 0 0 0;6 5 0 1 0;6 5 1 0 0;6 5 1 1 0;6 5 2 0 0;6 5 2 1 0;7 4 0 0 0;7 4 0 1 0;7 4 1 0 0;7 4 1 1 0;7 4 2 0 0;7 4 2 1 0;7 5 0 0 0;7 5 0 1 0;7 5 1 0 0;7 5 1 1 0;7 5 2 0 0;	2878.01537	3	44.91377	63.51567	10.36740	6	0.01647	3.60966	0.12644	1.00000	0.00000	0	0	10.36740	18.84333	46.79810	7.809051919861462e-11	0.0	7.809051919861462e-11	sp|P10909|CLUS_HUMAN	374
2020111CXY-6.5287.5287.3.0.dta	2020111CXY-6.5287.5287.3.0.dta	2020111CXY-6	5287	1395.94398	3653.46298	1218.49251	3	1	YKJNSDISSTR		1284.61786	2 6 0 4 1	(N(F)(N(H(H(N)(N(F)))(pH(N(F))(N(F))))))	7487	0 1 0 0 0;0 1 0 1 0;0 2 0 0 0;0 2 0 1 0;1 2 0 0 0;1 2 0 0 1;1 2 0 1 0;1 2 0 1 1;1 3 0 0 1;1 3 0 1 1;1 3 0 2 1;1 4 0 0 1;1 4 0 1 1;1 4 0 2 1;1 4 0 3 1;2 2 0 0 0;2 2 0 0 1;2 2 0 1 0;2 2 0 1 1;2 3 0 0 0;2 3 0 0 1;2 3 0 1 0;2 3 0 1 1;2 3 0 2 0;2 3 0 2 1;2 4 0 0 0;2 4 0 0 1;2 4 0 1 0;2 4 0 1 1;2 4 0 2 0;2 4 0 2 1;2 4 0 3 1;2 5 0 0 1;2 5 0 1 1;2 5 0 2 1;2 5 0 3 1;2 5 0 4 1;2 6 0 0 1;2 6 0 1 1;2 6 0 2 1;2 6 0 3 1;	2368.83267	3	10.47284	10.16443	11.04562	7	0.01245	3.40789	0.20930	0.60000	0.00000	0	0	11.04562	8.49622	11.32246	9.698927264261286e-12	0.0022002200220022	0.0022002200220022	sp|P01871|IGHM_HUMAN	46
2020111CXY-6.5593.5593.3.0.dta	2020111CXY-6.5593.5593.3.0.dta	2020111CXY-6	5593	1477.53011	3053.19907	1018.40454	3	1	JNSDISSTR		993.45958	5 4 1 1 0	(N(F)(N(H(H(N(H)))(H(N(H(A)))))))	549	0 1 0 0 0;0 1 0 1 0;0 2 0 0 0;0 2 0 1 0;1 2 0 0 0;1 2 0 1 0;2 2 0 0 0;2 2 0 1 0;2 3 0 0 0;2 3 0 1 0;3 2 0 0 0;3 2 0 1 0;3 3 0 0 0;3 3 0 1 0;3 3 1 0 0;3 3 1 1 0;3 4 0 0 0;3 4 0 1 0;4 3 0 0 0;4 3 0 1 0;4 3 1 0 0;4 3 1 1 0;4 4 0 0 0;4 4 0 1 0;4 4 1 0 0;4 4 1 1 0;5 4 0 0 0;5 4 0 1 0;5 4 1 0 0;	2059.73493	1	50.08860	59.69052	32.25647	8	0.00456	1.49341	0.38710	1.25000	0.00000	0	0	32.25647	16.93739	51.78234	3.5004671856181096e-40	0.0	3.5004671856181096e-40	sp|P01871|IGHM_HUMAN	46
2020111CXY-6.11606.11606.2.0.dta	2020111CXY-6.11606.11606.2.0.dta	2020111CXY-6	11606	3095.96613	3059.32139	1530.16433	2	1	TPLTAJITK		958.55677	4 5 1 1 0	(N(F)(N(H(N)(H(N(H))(N(H(A)))))))	591	0 1 0 0 0;0 1 0 1 0;0 2 0 0 0;0 2 0 1 0;1 2 0 0 0;1 2 0 1 0;1 3 0 0 0;1 3 0 1 0;2 2 0 0 0;2 2 0 1 0;2 3 0 0 0;2 3 0 1 0;2 4 0 0 0;2 4 0 1 0;2 5 0 0 0;2 5 0 1 0;3 3 0 0 0;3 3 0 1 0;3 3 1 0 0;3 3 1 1 0;3 4 0 0 0;3 4 0 1 0;3 4 1 0 0;3 4 1 1 0;3 5 0 0 0;3 5 0 1 0;3 5 1 0 0;3 5 1 1 0;4 4 0 0 0;4 4 0 1 0;4 4 1 0 0;4 4 1 1 0;4 5 0 0 0;4 5 0 1 0;4 5 1 0 0;	2100.76148	6	9.31151	12.67002	3.07427	5	0.00313	1.02460	0.13514	0.56250	0.00000	0	0	3.07427	9.17484	10.22899	0.0013833973611295273	0.0	0.0013833973611295273	sp|P01877|IGHA2_HUMAN	205
2020111CXY-6.17438.17438.4.1.dta	2020111CXY-6.17438.17438.4.1.dta	2020111CXY-6	17438	4843.57137	4036.77934	1009.95029	4	1	VDKDLQSLEDILHQVEJK		2123.09789	5 4 1 0 0	(N(N(H(H(N(H)))(H(N(H(A)))))))	380	0 1 0 0 0;0 2 0 0 0;1 2 0 0 0;2 2 0 0 0;2 3 0 0 0;3 2 0 0 0;3 3 0 0 0;3 3 1 0 0;3 4 0 0 0;4 3 0 0 0;4 3 1 0 0;4 4 0 0 0;4 4 1 0 0;5 4 0 0 0;	1913.67702	17	85.50284	98.08758	62.13119	7	0.00442	1.09580	0.62500	0.88235	0.00000	0	0	62.13119	21.21510	87.62435	3.465848631720931e-83	0.0	3.465848631720931e-83	sp|P02679|FIBG_HUMAN	78
2020111CXY-6.11829.11829.3.0.dta	2020111CXY-6.11829.11829.3.0.dta	2020111CXY-6	11829	3155.46742	4624.94161	1542.31872	3	1	YPHKPEIJSTTHPGADLQEJFCR	22,Carbamidomethyl[C];	2711.26307	5 4 1 0 0	(N(N(H(H(N(H)))(H(N(H(A)))))))	380	0 1 0 0 0;0 2 0 0 0;1 2 0 0 0;2 2 0 0 0;2 3 0 0 0;3 2 0 0 0;3 3 0 0 0;3 3 1 0 0;3 4 0 0 0;4 3 0 0 0;4 3 1 0 0;4 4 0 0 0;4 4 1 0 0;5 4 0 0 0;	1913.67702	8	10.89895	15.27351	2.77477	3	0.00151	0.32746	0.31250	0.38636	0.00000	0	0	2.77477	8.16432	11.71538	0.001983238141747853	0.0032258064516129032	0.0032258064516129032	sp|P00734|THRB_HUMAN	143
2020111CXY-6.7686.7686.3.0.dta	2020111CXY-6.7686.7686.3.0.dta	2020111CXY-6	7686	2039.33660	3017.26281	1006.42579	3	1	PREEQFJSTFR		1410.67605	4 4 0 1 0	(N(F)(N(H(H(N))(H(N(H))))))	158	0 1 0 0 0;0 1 0 1 0;0 2 0 0 0;0 2 0 1 0;1 2 0 0 0;1 2 0 1 0;2 2 0 0 0;2 2 0 1 0;2 3 0 0 0;2 3 0 1 0;3 2 0 0 0;3 2 0 1 0;3 3 0 0 0;3 3 0 1 0;3 4 0 0 0;3 4 0 1 0;4 3 0 0 0;4 3 0 1 0;4 4 0 0 0;	1606.58669	7	36.08599	16.55191	72.36357	9	0.00006	0.02109	0.85714	0.55000	0.00000	0	0	72.36357	11.33669	37.21966	1.140804632472744e-97	0.0	1.140804632472744e-97	sp|P01859|IGHG2_HUMAN	176
2020111CXY-6.15699.15699.3.0.dta	2020111CXY-6.15699.15699.3.0.dta	2020111CXY-6	15699	4375.42400	3309.37674	1103.79710	3	1	GLJVTLSSTGR		1104.60076	5 4 2 0 0	(N(N(H(H(N(H(A))))(H(N(H(A)))))))	754	0 1 0 0 0;0 2 0 0 0;1 2 0 0 0;2 2 0 0 0;2 3 0 0 0;3 2 0 0 0;3 3 0 0 0;3 3 1 0 0;3 4 0 0 0;4 3 0 0 0;4 3 1 0 0;4 4 0 0 0;4 4 1 0 0;5 4 0 0 0;5 4 1 0 0;	2204.77244	3	23.53637	27.86851	15.49097	6	0.00354	1.07028	0.41176	0.75000	0.00000	0	0	15.49097	12.30355	24.76673	2.071206788303401e-17	0.0	2.071206788303401e-17	sp|P0C0L4|CO4A_HUMAN/sp|P0C0L5|CO4B_HUMAN	1328/1328
