gsm,cell_type,spotid,tissue,scan,neg_geomean,total_counts,q3,signal_to_bg,epi_score,t_score,b_score,tb_score
GSM8382000,CD68,100,Lung Cancer,DSP-1001660003044,43.864779614990184,780827.0,46.0,1.0486773307366655,-0.16759860655917036,-0.020226940700406537,0.018874186660548187,-0.007902522598948636
GSM8382001,CK,100,Lung Cancer,DSP-1001660003044,72.6664159538176,3510515.0,176.0,2.422026705044253,0.9529103625715045,-0.3215720565814486,-0.20122354549494492,-0.2838948805041883
GSM8382002,CD45,100,Lung Cancer,DSP-1001660003044,20.73930927519101,756453.0,31.0,1.4947460201619702,-0.5443631996166531,0.07341877279920617,0.2816656290100461,0.1595809791733589
GSM8382003,CD68,101,Lung Cancer,DSP-1001660003044,85.63078919979876,1531881.0,88.0,1.0276677445383957,-0.14621860487694427,0.07327178904511822,-0.17473095355162993,-0.01431419704136605
GSM8382004,CK,101,Lung Cancer,DSP-1001660003044,46.49226671551298,1332176.0,65.0,1.3980819734545569,0.11161223143971144,-0.030087051156926226,0.0915747975796366,0.021381706230837683
GSM8382005,CD45,101,Lung Cancer,DSP-1001660003044,26.36473887768241,682240.0,34.0,1.2896012419368506,-0.45830092073057926,0.09320663429526999,0.20458189850760045,0.14367456259915867
GSM8382006,CK,102,Lung Cancer,DSP-1001660003044,122.14365420866197,4981090.0,238.0,1.9485252962337025,1.367570371432815,-0.22994508664058344,-0.2838775919224319,-0.24067488108318358
GSM8382007,CD45,102,Lung Cancer,DSP-1001660003044,57.465276941913636,2091076.0,100.0,1.7401812941940713,-0.393874690130684,0.16430895151662117,-0.09777840350718492,0.0711281326537696
GSM8382008,CD68,103,Lung Cancer,DSP-1001660003044,8.589904529441625,148165.0,10.0,1.1641572925199946,-0.1745408898887124,-0.0517342341033733,0.09254963045485498,0.017743673670137294
GSM8382009,CK,103,Lung Cancer,DSP-1001660003044,48.56465900037356,1131923.0,63.0,1.297239624384378,-0.0811748295875514,-0.09197842251050137,-0.0952319537279922,-0.07825593274361875
GSM8382010,CD68,109,Lung Cancer,DSP-1001660003044,21.241437942296354,422857.0,25.0,1.1769448032620957,-0.2568361943463602,-0.09096726209262229,-0.0533930879610276,-0.07825980629767315
GSM8382011,CK,109,Lung Cancer,DSP-1001660003044,36.527613029930095,894454.0,50.0,1.3688274664712108,0.09088023289507552,-0.1233885788698319,0.009791524171614885,-0.06615429639291293
GSM8382012,CD68,111,Lung Cancer,DSP-1001660003044,21.129235146679253,372755.0,23.0,1.0885391657735781,-0.16388930122737388,-0.0968135581951679,0.1996362832831191,0.03248392421033319
GSM8382013,CK,111,Lung Cancer,DSP-1001660003044,67.45329921162438,3805387.0,176.0,2.6092126264695668,1.0364141716568787,-0.5686005112027557,-0.13098920837051375,-0.40049030954030806
GSM8382014,CD45,111,Lung Cancer,DSP-1001660003044,25.032015000321298,1021584.0,38.0,1.518055977495709,-0.589520262389919,0.4331597003996799,0.32713923380992904,0.4084720126448831
GSM8382015,CD68,116,Lung Cancer,DSP-1001660003044,37.09078624298054,704064.0,42.0,1.1323566916284642,-0.17781356957553962,0.03774476111372449,-0.04821887896774335,0.013453455298031436
GSM8382016,CK,116,Lung Cancer,DSP-1001660003044,62.97121355501163,1952356.0,98.0,1.5562666568969206,1.9317330717308794,-0.2036626450982193,-0.005598360428160198,-0.1044762604302143
GSM8382017,CD45,116,Lung Cancer,DSP-1001660003044,130.6938378526387,2586359.0,141.0,1.078857292101115,-0.1988415250024569,-0.011693850975913467,0.09762022204756704,0.04158047987638369
GSM8382018,CD68,117,Lung Cancer,DSP-1001660003044,16.2563884136097,342674.0,20.0,1.230285564735657,-0.43516308646187074,-0.0751842843295023,0.08328667465749229,0.012610636710296053
GSM8382019,CK,117,Lung Cancer,DSP-1001660003044,36.0259314697289,939489.0,50.0,1.387889166502549,-0.14599666207597028,0.08434957784465436,0.0031277663357944796,0.06371203225847788
GSM8382020,CD45,117,Lung Cancer,DSP-1001660003044,47.34538989768922,1195527.0,61.0,1.2884042170065055,-0.35694355086946405,0.07356467587763094,0.20674171807406205,0.12998138299220985
GSM8382021,CD68,118,Lung Cancer,DSP-1001660003044,8.255459439768682,203680.0,12.0,1.453583545234672,-0.12797391293051819,0.1690498997566685,0.16385767504275783,0.1828165108604689
GSM8382022,CK,118,Lung Cancer,DSP-1001660003044,47.42381677498455,2125544.0,91.0,1.9188670627624667,1.5036738076284761,-0.3982370749655142,0.005978183028987338,-0.21544413771955506
GSM8382023,CD45,118,Lung Cancer,DSP-1001660003044,12.091299636949792,337512.0,18.0,1.4886737191586763,-0.3714399856945154,0.4711454995716453,0.1550546583103043,0.3623164005852497
GSM8382024,CD68,119,Lung Cancer,DSP-1001660003044,11.581817306860277,231437.0,14.0,1.2087913001103339,-0.3274631284789269,0.016792735209540943,-0.027040092768146007,0.002997315126554323
GSM8382025,CK,119,Lung Cancer,DSP-1001660003044,19.758860639005366,486880.0,27.0,1.3664755520720724,0.483751666272092,-0.1902639204587797,0.06008267947842816,-0.0822693567342756
GSM8382026,CD45,119,Lung Cancer,DSP-1001660003044,34.95658422868381,1081424.0,50.0,1.4303457017683163,-0.3120473876937053,0.10371608948671707,0.4493689007285484,0.24659418143341094
GSM8382027,CD68,120,Lung Cancer,DSP-1001660003044,123.32419060482835,2183680.0,127.0,1.0298060694916715,-0.23192320231370367,0.015123843071910503,-0.07231041283201556,-0.006557561446376425
GSM8382028,CK,120,Lung Cancer,DSP-1001660003044,26.179033473769277,848385.0,41.0,1.566138797334934,1.277579736969551,-0.22713267771829138,-0.03234320625861953,-0.1561237058633127
GSM8382029,CD68,15,Lung Cancer,DSP-1001660003044,53.47015673458675,1034305.0,60.0,1.1221212665941087,-0.05977712599160112,0.08981623742081757,-0.04890314871195223,0.03264995445542551
GSM8382030,CK,15,Lung Cancer,DSP-1001660003044,101.2109099436967,2434286.0,127.0,1.2548054361990193,0.561276085808196,-0.07586909193656188,-0.0035878734628709275,-0.057972790903621174
GSM8382031,CD68,17,Lung Cancer,DSP-1001660003044,38.675316607436024,731569.0,43.0,1.111820245363744,-0.37693674357000884,0.03171714174512674,-0.06324931753002305,-0.007580018030790114
GSM8382032,CK,17,Lung Cancer,DSP-1001660003044,65.14872337027359,2148177.0,110.0,1.6884444438736523,0.6170011592371387,-0.2754790890763461,-0.1760743524527002,-0.20025299929503282
GSM8382033,CD45,17,Lung Cancer,DSP-1001660003044,48.99269336126579,970031.0,56.0,1.1430275855026633,-0.5801507287478431,0.17339824067113918,-0.08226367760803788,0.06134197724178003
GSM8382034,CD68,18,Lung Cancer,DSP-1001660003044,136.38316581777138,2684699.0,148.0,1.0851779184958243,-0.45499019509577376,-0.047226657155642116,-0.046417864033801326,-0.04044497422245952
GSM8382035,CK,18,Lung Cancer,DSP-1001660003044,26.10505240543186,468968.0,29.0,1.1108960652370026,-0.165588105374173,0.06523013578783843,-0.11157443826523572,0.03331430952793335
GSM8382036,CD45,18,Lung Cancer,DSP-1001660003044,2.603244406902722,21189.0,2.0,0.7682720818286718,-0.756196977034967,0.42876786744629625,-0.6528095015738125,0.028604672616598936
GSM8382037,CD68,2,Lung Cancer,DSP-1001660003044,26.8830829507072,470079.0,29.0,1.0787453229666544,-0.0684704424996605,0.11784183052544162,-0.11614937315615359,0.02265353930443048
GSM8382038,CK,2,Lung Cancer,DSP-1001660003044,24.60089226373948,433480.0,27.0,1.0975211675471093,-0.045426206141271575,0.07088723864976121,-0.08297861768875903,0.009767063292759115
GSM8382039,CD45,2,Lung Cancer,DSP-1001660003044,57.658438731684285,1276457.0,71.0,1.2313895686700982,-0.294011689025496,0.027753600868674067,0.7888002198074617,0.3511935544178524
GSM8382040,CD68,20,Lung Cancer,DSP-1001660003044,12.410918353109425,218449.0,14.0,1.1280390057914165,-0.5992294098157158,-0.11157517773674419,0.08966312645130481,-0.002612962746833425
GSM8382041,CK,20,Lung Cancer,DSP-1001660003044,108.13218084268513,2574479.0,137.0,1.2669678807210305,0.21518753658636713,-0.08611107536678864,0.05658450419866634,-0.020787255109519176
GSM8382042,CD68,21,Lung Cancer,DSP-1001660003044,19.4501020704804,402050.0,24.0,1.233926686504387,-0.3097013426510866,-0.04472356366047192,-0.2135376271033933,-0.1296983149838029
GSM8382043,CK,21,Lung Cancer,DSP-1001660003044,38.41711377247883,694069.0,42.0,1.0932627643174972,-0.11234910754703975,0.04382163910269954,0.014965313756816645,0.029734552005216575
GSM8382044,CD45,21,Lung Cancer,DSP-1001660003044,20.736548102246275,580135.0,26.0,1.2538248830905259,-0.12618363722440584,0.0005984291532219466,0.2559356750418198,0.10427084595100089
GSM8382045,CD68,22,Lung Cancer,DSP-1001660003044,52.50428940129917,1643456.0,79.0,1.5046389714217372,-0.15747864063452077,0.16890998586199357,0.017866197410856266,0.12713661720238933
GSM8382046,CK,22,Lung Cancer,DSP-1001660003044,48.21732345008104,1494504.0,73.0,1.513978686012637,1.0130640301771465,-0.09094469125430749,-0.08834580901296407,-0.08105868146061956
GSM8382047,CD45,22,Lung Cancer,DSP-1001660003044,38.48281553042386,1554679.0,70.0,1.8189937257750588,-0.5103587878068794,0.36990742293416545,0.07635100431629693,0.26272668663266696
GSM8382048,CD68,23,Lung Cancer,DSP-1001660003044,32.956713180362705,910302.0,43.0,1.3047417612512888,-0.5219681583796341,-0.19842256875481068,0.1104648912055648,-0.04841962090620866
GSM8382049,CK,23,Lung Cancer,DSP-1001660003044,58.29436920311238,1075153.0,63.0,1.0807218752207783,0.05487001279962289,-0.06991679769712311,-0.13647374494975573,-0.09095766604338928
GSM8382050,CD45,23,Lung Cancer,DSP-1001660003044,62.32990336713149,1218995.0,69.0,1.1070127863600356,-0.46767185143597745,-0.011315852291681416,0.02951541636739119,9.276986839479306e-05
GSM8382051,CD68,24,Lung Cancer,DSP-1001660003044,24.26828244488132,611455.0,33.0,1.3597995686324469,-0.43131859270337314,0.12966961039973146,0.18092123367041557,0.15771562294165253
GSM8382052,CK,24,Lung Cancer,DSP-1001660003044,13.370709001303458,282077.0,17.0,1.2714359424277901,0.49969794323523864,0.0723358771946816,-0.08502844355466621,0.019804575739048147
GSM8382053,CD45,24,Lung Cancer,DSP-1001660003044,77.12574988139309,2901623.0,146.0,1.893012388528142,-0.5146039290755509,0.5049058736110008,0.7726072599298206,0.6172667004463985
GSM8382054,CD68,25,Lung Cancer,DSP-1001660003044,70.7566357322967,1405896.0,80.0,1.1306360056839755,-0.19822799227285648,-0.025045035678533445,-0.0336565179529984,-0.029601366261581497
GSM8382055,CK,25,Lung Cancer,DSP-1001660003044,10.04660398329011,184834.0,12.0,1.1944334642789596,-0.24893366557124263,0.05363408500554767,-0.12140399850745087,0.0019343276195735726
GSM8382056,CD45,25,Lung Cancer,DSP-1001660003044,27.689974640012856,571956.0,33.0,1.1917670719825795,-0.2643674518579391,0.013331283752239909,0.12548741534370267,0.039433913195295656
GSM8382057,CD68,27,Lung Cancer,DSP-1001660003044,17.90685036300704,332124.0,20.0,1.1168909995091656,-0.08946511684157121,-0.06369375232914587,0.029314085766542597,-0.02276774899680678
GSM8382058,CK,27,Lung Cancer,DSP-1001660003044,47.76402644746232,1358379.0,69.0,1.4446018297032817,0.5181717637005123,-0.23321038978789055,-0.18608264875928482,-0.2087026412423847
GSM8382059,CD45,27,Lung Cancer,DSP-1001660003044,21.89980613436507,397733.0,25.0,1.1415626168840884,-0.16001282267961647,-0.027824903636641807,-0.28180306313222214,-0.12729848542941768
GSM8382060,CD68,3,Lung Cancer,DSP-1001660003044,10.712145903509528,212656.0,13.0,1.2135757034210037,-0.7550230508203719,0.00198418231729125,-0.3406575500374309,-0.13304286752282168
GSM8382061,CK,3,Lung Cancer,DSP-1001660003044,69.20854380878856,3530978.0,148.0,2.138464297253513,0.7915570731905222,-0.4255634206088703,-0.39700383798193206,-0.4008786092262202
GSM8382062,CD45,3,Lung Cancer,DSP-1001660003044,26.901754438490865,847324.0,40.0,1.4868918713631645,-0.4092479613505886,0.13896460587594328,0.01992151872899317,0.09366308923501698
GSM8382063,CK,30,Lung Cancer,DSP-1001660003044,90.0371717169198,2287885.0,118.0,1.3105698207735397,-0.2758413385099443,-0.04937624140577679,0.02257830887441825,-0.007426467569855877
GSM8382064,CD68,32,Lung Cancer,DSP-1001660003044,54.61956287672541,1169727.0,64.0,1.1717413437461215,-0.38357559362095106,-0.021406839671306077,-0.016694974968137988,0.003534750410906451
GSM8382065,CK,32,Lung Cancer,DSP-1001660003044,47.99301226612291,1475781.0,77.0,1.6044002317052395,1.5272014287126852,-0.2610150996538718,-0.08599166056283813,-0.17891208485208043
GSM8382066,CD45,32,Lung Cancer,DSP-1001660003044,36.41113130189909,937109.0,48.0,1.3182781826253356,-0.4073450150745277,0.15921452636670796,0.23411210241402536,0.20736062529850585
GSM8382067,CK,33,Lung Cancer,DSP-1001660003044,109.61244000597348,2769194.0,144.0,1.3137195011091125,0.3331226868633208,-0.16772496595876385,-0.04790285420825402,-0.10672623610202114
GSM8382068,CD68,35,Lung Cancer,DSP-1001660003044,32.15335143785472,803925.0,42.0,1.3062401933800483,0.2501528346910744,-0.05464461591549519,0.08803207033117966,-0.0071662418642475245
GSM8382069,CK,35,Lung Cancer,DSP-1001660003044,42.23762469913516,901584.0,50.0,1.1837786891700797,0.4234533613611817,-0.02054097214502626,-0.027595840096974023,-0.023036630126711977
GSM8382070,CD45,35,Lung Cancer,DSP-1001660003044,19.246179088309894,454552.0,25.0,1.2989591276943364,-0.6039509134534939,0.031591819484227734,0.16520143164103196,0.08223074619890935
GSM8382071,CD68,4,Lung Cancer,DSP-1001660003044,22.311645895584792,446032.0,27.0,1.2101303564226509,-0.4513138589434802,-0.026521569255974153,-0.052260371384414306,-0.0210961551369504
GSM8382072,CK,4,Lung Cancer,DSP-1001660003044,18.420259517622732,714131.0,36.0,1.9543698592063083,1.6944172997367404,-0.2828894027917479,-0.32629830081142286,-0.2509455997134111
GSM8382073,CD45,4,Lung Cancer,DSP-1001660003044,84.01179219362449,1876723.0,102.0,1.2141152728288138,-0.19550804502665864,0.030165647391543704,0.13733163164739004,0.08216920298245878
GSM8382074,CD68,40,Lung Cancer,DSP-1001660003044,23.777967646293995,429298.0,26.0,1.0934492125971216,-0.3552325225002262,0.08213548084701161,-0.13409484227922297,-0.000690340974715653
GSM8382075,CK,40,Lung Cancer,DSP-1001660003044,190.47433504062516,5461419.0,271.0,1.4227638591949934,0.10585578743256985,-0.258260085208605,-0.15593941632211905,-0.2186832010472779
GSM8382076,CK,42,Lung Cancer,DSP-1001660003044,223.1298097871942,7725398.0,394.0,1.7657882663718039,0.4901839965262007,-0.36274647351703404,-0.195082501491048,-0.2748637700225185
GSM8382077,CD45,42,Lung Cancer,DSP-1001660003044,29.68579282723162,524975.0,32.0,1.0779567244923132,-0.4346962701738293,-0.008984331788023159,-0.12226018868552435,-0.03806463466231058
GSM8382078,CD68,45,Lung Cancer,DSP-1001660003044,20.17875678533192,493978.0,26.0,1.2884837394392692,-0.004744967676683309,0.10789897011719951,0.07488833320729205,0.10994165081450191
GSM8382079,CK,45,Lung Cancer,DSP-1001660003044,91.27177281958758,2458460.0,125.0,1.369536233804523,0.4103719299918036,0.08201575280462192,0.009217802859219137,0.05765593673606206
GSM8382080,CD45,45,Lung Cancer,DSP-1001660003044,69.12682280923242,1356646.0,76.0,1.0994285128615748,-0.40329710179149014,-0.034247949504425446,-0.07946099125874362,-0.053569903166315935
GSM8382081,CD68,46,Lung Cancer,DSP-1001660003044,56.78843419137996,1300966.0,67.0,1.1798177032704675,-0.24969529496156984,0.02164360127986198,0.06415456228933225,0.046701086699857175
GSM8382082,CK,46,Lung Cancer,DSP-1001660003044,81.22163284542495,3705441.0,180.0,2.216158352080446,1.1151299507311707,-0.32542462607535994,-0.06598906519414882,-0.21115587210048226
GSM8382083,CD45,46,Lung Cancer,DSP-1001660003044,25.85844308447055,2026593.0,57.0,2.2043090457457475,-0.5368423975673604,0.17303139322845507,0.47911083286024914,0.29854118205856217
GSM8382084,CD68,48,Lung Cancer,DSP-1001660003044,9.790099104141452,275250.0,15.0,1.5321601794260318,-0.4348467283887305,-0.18134679302117318,0.02185672626745827,-0.0836374973875329
GSM8382085,CK,48,Lung Cancer,DSP-1001660003044,122.51796163800172,6021978.0,293.0,2.391486081573197,0.6015191900108903,-0.34462344735593886,-0.2984965164459066,-0.32451827262726907
GSM8382086,CD45,48,Lung Cancer,DSP-1001660003044,55.083610410349266,1427201.0,65.0,1.1800243214955934,-0.45034145350884724,0.02597259737896973,0.16452544132901625,0.08537955728742697
GSM8382087,CK,49,Lung Cancer,DSP-1001660003044,61.32930362130016,2294152.0,117.0,1.9077340372631422,1.0198735531567822,-0.2554658143698796,-0.04891035795884946,-0.19793706295371694
GSM8382088,CD45,49,Lung Cancer,DSP-1001660003044,22.980694745605287,647838.0,35.0,1.523017488698562,0.029163720737671817,-0.1566373856921115,0.06963776524522336,-0.06356980799408429
GSM8382089,CK,51,Lung Cancer,DSP-1001660003044,92.05919308911885,3070667.0,144.0,1.564210973048605,-0.17893211251960217,-0.21773994820294584,-0.018651779419660564,-0.12479082332268199
GSM8382090,CD45,51,Lung Cancer,DSP-1001660003044,29.299294800260824,1106127.0,47.0,1.6041341718429893,-0.45019484611723914,0.19126600064868793,0.41651369805022176,0.29131802958847386
GSM8382091,CD68,53,Lung Cancer,DSP-1001660003044,18.55604956779041,393373.0,23.0,1.2394879586829408,-0.3465949622906672,-0.1219160481316024,-0.16045741437190486,-0.12299328481388727
GSM8382092,CK,53,Lung Cancer,DSP-1001660003044,74.33955738311062,2862380.0,138.0,1.856346807243065,1.9087745724575358,-0.30957736357106436,-0.2515562081718796,-0.27876236332661186
GSM8382093,CD45,53,Lung Cancer,DSP-1001660003044,34.19290709665957,1106207.0,55.0,1.608520733394241,-0.4490149794100109,0.3299245249139924,0.2987335397317237,0.32670668968064387
GSM8382094,CK,55,Lung Cancer,DSP-1001660003044,202.366600320278,7589729.0,388.0,1.9173124388408316,1.1937861605115736,-0.3175676624180408,-0.20122245026591346,-0.2808603847969686
GSM8382096,CK,55,Lung Cancer,DSP-1001660003045-D-A02.dcc,31.54999353767242,1181279.0,61.0,1.9334393817597033,1.2287124494150397,-0.33238103590812473,-0.3548387368588637,-0.3671748123045373
GSM8382097,CK,58,Lung Cancer,DSP-1001660003045-D-A03.dcc,190.92913517762824,9430151.0,522.0,2.733998661411024,0.6543588987537206,-0.30738932405938835,-0.14807867703098054,-0.23949061913895386
GSM8382098,CD68,63,Lung Cancer,DSP-1001660003045-D-A04.dcc,14.078832328659969,285487.0,17.0,1.2074865019447298,-0.6302224965096177,-0.053328640590386556,-0.006627621375115744,-0.02806040805960075
GSM8382099,CK,63,Lung Cancer,DSP-1001660003045-D-A05.dcc,177.32693202120993,5750554.0,303.0,1.7087082968522707,-0.41605979989860753,-0.2442563941194722,-0.08741638914574068,-0.1661373632711749
GSM8382100,CD68,66,Lung Cancer,DSP-1001660003045-D-A06.dcc,50.18882604980683,1189019.0,64.0,1.2751842399439095,-0.7806164012421539,-0.01659164947208236,-0.1390357549127743,-0.05260326188658171
GSM8382101,CK,66,Lung Cancer,DSP-1001660003045-D-A07.dcc,214.08173220076503,8551886.0,406.25,1.8976397277046522,-0.5453407377913364,-0.2441665116343632,-0.26587794387285113,-0.23968261707151672
GSM8382102,CD45,66,Lung Cancer,DSP-1001660003045-D-A08.dcc,41.8756009308871,1259122.0,67.25,1.6059471029679468,-0.5837025858173335,0.11172002389077784,-0.17549490192887562,-0.004334184832866406
GSM8382103,CD68,67,Lung Cancer,DSP-1001660003045-D-A09.dcc,8.082280258349117,225143.0,13.0,1.608456968139753,-0.6620495131568171,0.33956670427387214,0.5237788178798533,0.4202426588758761
GSM8382104,CK,67,Lung Cancer,DSP-1001660003045-D-A10.dcc,17.717865114125708,438959.0,25.0,1.4110052107840325,0.7734048701084397,-0.11966751093686234,-0.05023726515728821,-0.09976306724894046
GSM8382105,CD45,67,Lung Cancer,DSP-1001660003045-D-A11.dcc,109.65199009746927,4222919.0,204.0,1.8604313502989331,-0.5947987654843785,0.4204465794138659,1.0056748157537676,0.655217674597572
GSM8382106,CD68,69,Lung Cancer,DSP-1001660003045-D-A12.dcc,9.678026456061396,180483.0,11.0,1.1365953637283814,-0.3089726935514512,-0.005761509868738912,-0.2826558012572371,-0.07886887793075825
GSM8382107,CK,69,Lung Cancer,DSP-1001660003045-D-B01.dcc,57.03620282843192,1551721.0,81.0,1.4201506408772078,0.4611816263339197,-0.293126125769521,-0.0006519171916807842,-0.17834789431439813
GSM8382108,CD45,69,Lung Cancer,DSP-1001660003045-D-B02.dcc,38.82625223081318,1728905.0,72.0,1.8544153984262113,-0.6234511385984494,0.4759122287761275,0.8298601923408699,0.6227914489017845
GSM8382109,CD68,70,Lung Cancer,DSP-1001660003045-D-B03.dcc,8.93199112020162,152288.0,10.0,1.119571198115373,-0.3269412090337638,0.18543059166921294,-0.06545217452373198,0.06934048307548002
GSM8382110,CK,70,Lung Cancer,DSP-1001660003045-D-B04.dcc,37.32749271857108,680390.0,41.0,1.0983861227733034,-0.3269467821784753,-0.026214114155330037,-0.062014648890925894,-0.021650101838776248
GSM8382111,CD45,70,Lung Cancer,DSP-1001660003045-D-B05.dcc,22.421286019930257,393588.0,24.0,1.0704113929355537,-0.2574146492289029,-0.18208428256654985,-0.12764597047565562,-0.13903330187737772
GSM8382112,CD68,71,Lung Cancer,DSP-1001660003045-D-B06.dcc,19.103126897670688,725225.0,36.0,1.88450823746502,-0.30645723847734363,-0.13145747035502486,-0.4446499202849914,-0.2551447441186627
GSM8382113,CK,71,Lung Cancer,DSP-1001660003045-D-B07.dcc,118.01146514366617,6233149.0,296.25,2.510349309190829,-0.19750952164442914,-0.35941331856810166,-0.2737873771397381,-0.33856366164765195
GSM8382114,CK,72,Lung Cancer,DSP-1001660003045-D-B08.dcc,109.49853252927359,3236090.0,165.0,1.5068695094693485,0.5079580471607068,-0.27783625116818955,-0.07865250735528262,-0.17025457990041604
GSM8382115,CD45,72,Lung Cancer,DSP-1001660003045-D-B09.dcc,9.735043933539838,252244.0,14.0,1.43810342260154,-0.0072391612873392575,-0.033561631787555335,-0.08930142747492065,-0.049507332088850386
GSM8382116,CK,77,Lung Cancer,DSP-1001660003045-D-B10.dcc,46.986863457328575,1630224.0,81.0,1.7238860830444807,1.3697265624932125,-0.16540366976212795,-0.057377143625756855,-0.11480391268633339
GSM8382117,CD68,79,Lung Cancer,DSP-1001660003045-D-B11.dcc,9.162783075427368,207311.0,13.0,1.4187829061306962,-0.6529415869254147,-0.07068798343551164,-0.026997956758882502,-0.02607698057041663
GSM8382118,CK,79,Lung Cancer,DSP-1001660003045-D-B12.dcc,19.333928271577157,451218.0,25.0,1.2930636572575138,-0.3887409224403813,-0.2976143568745826,-0.0297416363174956,-0.16824549926233257
GSM8382119,CD45,79,Lung Cancer,DSP-1001660003045-D-C01.dcc,24.80837943284649,542261.0,31.0,1.2495777922098272,-0.3049554546903459,0.008191091197129019,0.00021059970286696483,0.009040023214204496
GSM8382120,CD68,8,Lung Cancer,DSP-1001660003045-D-C02.dcc,27.689282599107088,835143.0,41.0,1.480717308339442,-0.5985878017219601,0.010223752406831377,-0.12899154930476975,-0.04739661613487911
GSM8382121,CK,8,Lung Cancer,DSP-1001660003045-D-C03.dcc,8.22471949409928,259361.0,13.0,1.5806010173753264,-0.6908771588775049,-0.016983626751554848,-0.21207802215843552,-0.08078785120557441
GSM8382122,CD45,8,Lung Cancer,DSP-1001660003045-D-C04.dcc,37.42411941219993,1455018.0,64.0,1.7101270786116767,-0.696582635943471,0.21632968019540977,0.021639912742631662,0.1316872893027372
GSM8382123,CD68,80,Lung Cancer,DSP-1001660003045-D-C05.dcc,20.010712196132225,509601.0,26.0,1.2993040799929858,-0.3588481103142822,0.1291673480659674,-0.10387475325651963,0.04635694890841924
GSM8382124,CK,80,Lung Cancer,DSP-1001660003045-D-C06.dcc,58.34499187907816,1801755.0,95.0,1.6282460060477941,1.051993814007829,-0.19965149249261893,-0.07562155762017664,-0.14319021524241027
GSM8382125,CD45,80,Lung Cancer,DSP-1001660003045-D-C07.dcc,47.7640514492845,1705560.0,75.0,1.5702185581898223,-0.5549999177810361,0.054203620889991644,0.09469568379883375,0.07942263113895498
GSM8382126,CD68,81,Lung Cancer,DSP-1001660003045-D-C08.dcc,30.095269688700313,758422.0,39.0,1.295884715551929,-0.6728533219938626,-0.09711490746355311,-0.006911093792827838,-0.045887691071600845
GSM8382127,CK,81,Lung Cancer,DSP-1001660003045-D-C09.dcc,69.67028442994838,2271932.0,112.0,1.6075720217937823,0.7715377630618221,-0.18862376013548188,0.01092619642467163,-0.12765621595573862
GSM8382128,CD45,81,Lung Cancer,DSP-1001660003045-D-C10.dcc,69.72339670346865,2580401.0,114.0,1.6350322185942592,-0.5165839715709986,0.11868368319054046,0.14436661983596144,0.13579611779964118
GSM8382129,CD68,86,Lung Cancer,DSP-1001660003045-D-C11.dcc,46.91576599756573,1675471.0,85.0,1.8117576936591062,-0.7249462579266104,-0.2736724005983966,-0.18078842040451049,-0.24482367518725479
GSM8382130,CK,86,Lung Cancer,DSP-1001660003045-D-C12.dcc,132.52944941382148,6733934.0,343.0,2.588104013991539,0.3229656128217937,-0.4892549045501604,-0.3141248102175438,-0.4094454720309715
GSM8382131,CD45,86,Lung Cancer,DSP-1001660003045-D-D01.dcc,28.642580333807267,1030198.0,54.0,1.8853050029247187,-0.8825749910756753,-0.10873138109115299,-0.27520069959508087,-0.1766592521524326
GSM8382132,CK,87,Lung Cancer,DSP-1001660003045-D-D02.dcc,30.569863819685814,1013964.0,52.0,1.7010216436264922,0.4058328862064027,-0.21412849034570813,0.0032837541432129136,-0.1333169387547799
GSM8382133,CD68,88,Lung Cancer,DSP-1001660003045-D-D03.dcc,20.097729142809733,358316.0,22.0,1.0946510346354645,-0.3456295467738739,-0.06437180201494463,-0.08880886413779354,-0.0737121406434258
GSM8382134,CK,88,Lung Cancer,DSP-1001660003045-D-D04.dcc,72.44813251920941,1866892.0,100.0,1.3802978285670138,0.13577979495038672,-0.1059702439439989,-0.009980593812946914,-0.049996093150552756
GSM8382135,CD68,9,Lung Cancer,DSP-1001660003045-D-D05.dcc,13.104432417241563,340945.0,19.0,1.4498911051654255,-0.17609636456452504,-0.17679821843409904,-0.141054511166951,-0.15933602847223582
GSM8382136,CK,9,Lung Cancer,DSP-1001660003045-D-D06.dcc,96.03053098051872,4018250.0,201.0,2.0930843341975893,0.6546146876142362,-0.35966116818409377,-0.20313941384703016,-0.29351888149875593
GSM8382137,CD45,9,Lung Cancer,DSP-1001660003045-D-D07.dcc,22.410175832194174,964778.0,43.0,1.9187712011713334,-0.3878958484192365,-0.03686375711123979,0.16420852195740343,0.04572318792170371
GSM8382138,CD68,90,Lung Cancer,DSP-1001660003045-D-D08.dcc,118.69087705817367,4291791.0,216.0,1.819853432325152,-0.6772733121536025,-0.05797422739428626,-0.1155607680379589,-0.08534838313366366
GSM8382139,CK,90,Lung Cancer,DSP-1001660003045-D-D09.dcc,135.2515736549256,5759903.0,293.0,2.1663333895659225,-0.4186561726233249,-0.31521507465197374,-0.1027702465561271,-0.24078088893418093
GSM8382140,CD68,93,Lung Cancer,DSP-1001660003045-D-D10.dcc,14.219034144172953,469582.0,22.0,1.5472218279337724,-0.21406390966354616,-0.22192022540340028,0.17965114736159515,-0.01943996674191295
GSM8382141,CK,93,Lung Cancer,DSP-1001660003045-D-D11.dcc,24.96471633350928,1069056.0,53.0,2.1229962837134235,0.9428970411103834,-0.45917014213781693,-0.032518895552675176,-0.28432843141839115
GSM8382142,CK,94,Lung Cancer,DSP-1001660003045-D-D12.dcc,117.01182672688863,6662131.0,339.0,2.8971430451320335,0.6575205185982078,-0.4772968166101217,-0.2885965144716258,-0.3981809738060864
GSM8382143,CD45,94,Lung Cancer,DSP-1001660003045-D-E01.dcc,17.354014730880046,724490.0,36.0,2.074447933707291,-0.28670792403839807,-0.3068896586966616,-0.04190313520119293,-0.21462684547142707
GSM8382144,CD68,96,Lung Cancer,DSP-1001660003045-D-E02.dcc,14.318217270006945,364234.0,19.0,1.3269808413789201,-0.7500423035127319,0.16530491435863492,0.03923307881523952,0.14008032566546502
GSM8382145,CK,96,Lung Cancer,DSP-1001660003045-D-E03.dcc,13.558014259226812,301104.0,18.0,1.3276280475771167,-0.1391663976858335,0.13503041719008024,0.16198103537941355,0.13643968918652716
GSM8382146,CD45,96,Lung Cancer,DSP-1001660003045-D-E04.dcc,48.33938320857965,1514722.0,75.0,1.5515299331888956,-0.5095308395619718,0.4333326746636006,0.37563141312973647,0.40907578971151803
GSM8382147,CD68,98,Lung Cancer,DSP-1001660003045-D-E05.dcc,19.071436350364376,399706.0,23.0,1.205992017458117,-0.19360370759007317,-0.13449010177196863,0.013529485482425052,-0.08160666177655829
GSM8382148,CK,98,Lung Cancer,DSP-1001660003045-D-E06.dcc,29.476237116445546,823291.0,43.0,1.45880221515823,1.2051138875009406,-0.1898996942512463,-0.0005967224342331434,-0.10319352775148394
GSM8382149,CD45,98,Lung Cancer,DSP-1001660003045-D-E07.dcc,24.12314330408791,749531.0,37.0,1.533796799761579,-0.8376587430680815,-0.020687930630106433,0.14012919319484407,0.04187056683179957
GSM8382150,CK,99,Lung Cancer,DSP-1001660003045-D-E08.dcc,67.69787472793267,3044923.0,133.0,1.964611157063741,0.8976912079351873,-0.4510160198894586,-0.10182217809975125,-0.31644698791083403
GSM8382152,CD68,1,Lung Cancer,DSP-1001660003047-E-A02.dcc,400.1059891858388,7125372.0,406.0,1.0147311236858882,-0.2183482462339308,-0.025833854722704608,-0.06446937917320605,-0.03752170802366006
GSM8382153,CK,1,Lung Cancer,DSP-1001660003047-E-A03.dcc,176.66869677761795,3235280.0,183.0,1.035837153598023,-0.29621852664951387,0.05848144225834906,-0.026241252376863144,0.030918314681220416
GSM8382154,CD45,1,Lung Cancer,DSP-1001660003047-E-A04.dcc,63.11301629537876,1493925.0,70.0,1.1091214476644418,-0.4229486114252161,-0.05041995542992961,0.26520502189546535,0.07061018584944323
GSM8382155,CD68,100,Lung Cancer,DSP-1001660003047-E-A05.dcc,134.69238245501728,2402633.0,139.0,1.0319811519142243,-0.14748279727513403,-0.0704554828015449,-0.04234392208757898,-0.0607300418447112
GSM8382156,CK,100,Lung Cancer,DSP-1001660003047-E-A06.dcc,124.69075578444031,4185409.0,213.0,1.7082260722537017,0.8596982149842995,-0.2825137083628202,-0.1737410098945502,-0.24830761572429472
GSM8382157,CD45,100,Lung Cancer,DSP-1001660003047-E-A07.dcc,91.85556573528693,1716865.0,96.0,1.0451190325979447,-0.4954764455832117,-0.004719156704994454,0.04281524985384788,0.014336197704820197
GSM8382158,CD68,101,Lung Cancer,DSP-1001660003047-E-A08.dcc,109.25092746350683,1915681.0,112.0,1.0251629217281606,-0.2021850309157096,0.05290595020806599,0.020133154316486657,0.047618015844023365
GSM8382159,CK,101,Lung Cancer,DSP-1001660003047-E-A09.dcc,115.69135559452333,2068755.0,118.0,1.0199552023019598,0.049489748877746376,-0.029318576847488398,0.0823181309028409,0.016586452475028768
GSM8382160,CD45,101,Lung Cancer,DSP-1001660003047-E-A10.dcc,33.85440727381843,585484.0,35.0,1.0338388061830732,-0.16442351880751094,-0.09970830824288868,0.07062297118197547,-0.015118519898836613
GSM8382161,CD68,102,Lung Cancer,DSP-1001660003047-E-A11.dcc,119.10276247403837,2112686.0,123.0,1.032721638398699,-0.18964842681359606,0.02485616974750604,-0.02097076650714369,0.00980138095470462
GSM8382162,CK,102,Lung Cancer,DSP-1001660003047-E-A12.dcc,194.04064066041985,6008106.0,296.0,1.52545363173694,1.2183101100964184,-0.2700000075523765,-0.12490666934350836,-0.20824912008129415
GSM8382163,CD45,102,Lung Cancer,DSP-1001660003047-E-B01.dcc,239.28908512867622,4721907.0,257.0,1.0740147209882132,0.06677649947320097,-0.006997797339698852,-0.004602588835791899,-0.0064792139155605
GSM8382164,CD68,103,Lung Cancer,DSP-1001660003047-E-B02.dcc,122.28616432418573,2159648.0,126.0,1.0303700397860933,-0.08521138885115587,0.035883674738766747,-0.044852555199349275,0.008133305560595883
GSM8382165,CK,103,Lung Cancer,DSP-1001660003047-E-B03.dcc,212.38100986298355,3960116.0,226.0,1.0641252725269679,-0.1445443772038173,-0.036238478075121705,-0.012691613139699243,-0.018190700004529603
GSM8382166,CD68,109,Lung Cancer,DSP-1001660003047-E-B04.dcc,74.12204568515862,1303245.0,77.0,1.0388272380806352,-0.05888906082413925,0.03913862228986131,-0.006515464055632414,0.02855411721677026
GSM8382167,CK,109,Lung Cancer,DSP-1001660003047-E-B05.dcc,180.3180775698255,3240136.0,186.0,1.0315105534994087,-0.061024237940952464,0.009286015727741237,-0.004140742881039383,0.0015386716818639457
GSM8382168,CD45,109,Lung Cancer,DSP-1001660003047-E-B06.dcc,87.67487667702818,1551612.0,91.0,1.0379256116346844,-0.280944927155101,0.03667835998223534,-0.008953381200042188,0.014048185158232585
GSM8382169,CD68,111,Lung Cancer,DSP-1001660003047-E-B07.dcc,61.9228988623877,1230869.0,70.0,1.1304380331993529,-0.45490338255333373,0.024692897396212388,-0.07629103642148793,-0.003411457339732138
GSM8382170,CK,111,Lung Cancer,DSP-1001660003047-E-B08.dcc,892.1507197639239,17292624.0,974.0,1.0917437809810147,0.037319404464398076,-0.050925352218668785,-0.07604839516379824,-0.0484230059416082
GSM8382171,CD45,111,Lung Cancer,DSP-1001660003047-E-B09.dcc,101.64164556386727,2351034.0,118.0,1.1609414560870508,-0.3995443749797558,0.2721271574938373,0.17873928768661207,0.2375140162454774
GSM8382172,CD68,116,Lung Cancer,DSP-1001660003047-E-B10.dcc,28.971704098623594,508609.0,31.0,1.0700095477460287,-0.1646482360266872,0.06604302987655064,0.03804396344349348,0.06313339738819757
GSM8382173,CK,116,Lung Cancer,DSP-1001660003047-E-B11.dcc,62.03302036552804,1161165.0,67.0,1.080069930582199,0.7389676340511815,-0.11519004758711215,0.06304157534891974,-0.032847173247012584
GSM8382174,CD45,116,Lung Cancer,DSP-1001660003047-E-B12.dcc,318.4619924123351,5660381.0,322.0,1.0111096698254778,-0.18968831850300605,-0.007150970143533275,0.006729586901878637,0.0028467424499960536
GSM8382175,CD68,117,Lung Cancer,DSP-1001660003047-E-C01.dcc,41.843785555251486,763280.0,45.0,1.0754285111365218,-0.11043181006343783,0.045101571564651444,0.04138120046777338,0.06059934340412232
GSM8382176,CK,117,Lung Cancer,DSP-1001660003047-E-C02.dcc,55.345310414162604,1014104.0,59.0,1.0660343136299797,-0.13647202961788407,-0.009432448115000547,0.09078452606963472,0.04612376341059932
GSM8382177,CD45,117,Lung Cancer,DSP-1001660003047-E-C03.dcc,138.87862665053123,2539310.0,146.0,1.051277676927125,-0.2647398976150743,-0.02938284553915249,-0.0043383974264532554,-0.015106864585710422
GSM8382178,CD68,118,Lung Cancer,DSP-1001660003047-E-C04.dcc,49.84862167168057,915175.0,54.0,1.0832797014060243,-0.32179977297684337,-0.06363819366305945,0.01356260680249477,-0.028045613210215592
GSM8382179,CK,118,Lung Cancer,DSP-1001660003047-E-C05.dcc,138.05697584608868,3210416.0,167.0,1.2096455030724282,0.31865039489750524,-0.16067500649151567,-0.09326428957759925,-0.10820391248029715
GSM8382180,CD45,118,Lung Cancer,DSP-1001660003047-E-C06.dcc,50.58456588327689,899600.0,52.0,1.0279815412469726,-0.011435547791036615,-0.10739123761586011,-0.001882582161549795,-0.048819419003129916
GSM8382181,CD68,119,Lung Cancer,DSP-1001660003047-E-C07.dcc,17.49173405997069,310879.0,19.0,1.0862273537236615,-0.6732468496149431,0.08880331177982326,0.16606225353671844,0.10857610380762761
GSM8382182,CK,119,Lung Cancer,DSP-1001660003047-E-C08.dcc,126.8684131100768,2242284.0,130.0,1.0246837397359585,-0.026751556343326932,-0.030729865108479526,-0.01140122352468076,-0.01455265268888395
GSM8382183,CD45,119,Lung Cancer,DSP-1001660003047-E-C09.dcc,550.6865978155865,9945355.0,561.0,1.0187282607300119,-0.2495603559406092,0.014548828886138843,0.07222610468622515,0.041944216031254644
GSM8382184,CD68,120,Lung Cancer,DSP-1001660003047-E-C10.dcc,192.0933237397506,3387068.0,196.0,1.020337386975209,-0.19648270400807544,0.021524312070072327,-0.012660854139473265,0.014395095281702908
GSM8382185,CK,120,Lung Cancer,DSP-1001660003047-E-C11.dcc,74.3114853104782,1437828.0,81.0,1.0900064729103012,0.539294776256594,-0.20127360437303388,-0.10251385122101864,-0.14506278189952626
GSM8382186,CD68,15,Lung Cancer,DSP-1001660003047-E-C12.dcc,267.9835341924939,5125995.0,290.0,1.0821560394516312,-0.2602022465671574,0.06735616043249992,-0.053355954673929507,0.021242169261604715
GSM8382187,CK,15,Lung Cancer,DSP-1001660003047-E-D01.dcc,250.22083731758934,4608370.0,264.0,1.0550680064463283,-0.05473677686299405,0.018223846495331042,-0.030762484297756743,-0.0036551215788094282
GSM8382188,CD45,15,Lung Cancer,DSP-1001660003047-E-D02.dcc,280.9993792502206,5239117.0,295.0,1.0498243831966343,-0.1940818280131138,0.09326175004628023,-0.0200310101452148,0.05578907479473827
GSM8382189,CD68,17,Lung Cancer,DSP-1001660003047-E-D03.dcc,71.77902596070905,1273610.0,75.0,1.0448734709921261,-0.17163894856618622,0.05905600729127869,-0.08834587288966578,0.004469381673123607
GSM8382190,CK,17,Lung Cancer,DSP-1001660003047-E-D04.dcc,97.97488651789352,2616422.0,141.0,1.4391443053547057,-0.019042259456392596,-0.15941811397982564,-0.15082742367242874,-0.12712179641743626
GSM8382191,CD45,17,Lung Cancer,DSP-1001660003047-E-D05.dcc,123.02852150249701,2189171.0,128.0,1.040409154209027,-0.29476991859708734,-0.01160922198265002,-0.028776576834913303,-0.009768583765433991
GSM8382192,CD68,18,Lung Cancer,DSP-1001660003047-E-D06.dcc,94.6314691235878,1767394.0,102.0,1.0778655445662475,-0.25151918255625016,0.009011083182826063,0.0777998748256179,0.039057602728201246
GSM8382193,CK,18,Lung Cancer,DSP-1001660003047-E-D07.dcc,175.75712223796216,3100905.0,179.0,1.018450903842447,-0.2944009206314111,-0.015016304479238407,-0.05430062612787889,-0.020494594426012203
GSM8382194,CD45,18,Lung Cancer,DSP-1001660003047-E-D08.dcc,76.57395637091847,1398547.0,82.0,1.0708601708235916,-0.3824288317217568,0.03378189255778041,-0.09119489419952931,-0.0034877074834360755
GSM8382196,CK,2,Lung Cancer,DSP-1001660003047-E-D09.dcc,45.78239354668212,878666.0,51.0,1.1139653488845604,0.24169622585650297,-0.0426875042724264,-0.10182000240306621,-0.05886109062987366
GSM8382198,CD68,20,Lung Cancer,DSP-1001660003047-E-D10.dcc,141.03029623250612,2573189.0,149.0,1.0565105795023988,-0.23997991392234042,0.02348101970105354,-0.1024693634127325,-0.01752217303355952
GSM8382199,CK,20,Lung Cancer,DSP-1001660003047-E-D11.dcc,298.81365327759084,6514006.0,358.0,1.198071092378856,0.21476814289199497,-0.1294298682290962,-0.09660322884862627,-0.10919917744041419
GSM8382200,CD45,20,Lung Cancer,DSP-1001660003047-E-D12.dcc,64.26479020848309,1237563.0,72.0,1.1203646626157637,-0.32422570989761956,0.010881606532477495,-0.07258721027735904,-0.005558298801161321
GSM8382201,CD68,21,Lung Cancer,DSP-1001660003047-E-E01.dcc,30.93403415437694,559199.0,34.0,1.0991130296915783,-0.23514935184597396,-0.028795844055948816,0.010527758500826323,-0.014103348861810083
GSM8382202,CD45,21,Lung Cancer,DSP-1001660003047-E-E02.dcc,27.183798016171806,512364.0,30.0,1.103598547272637,-0.25316368385446886,0.01581807376534039,-0.035104595499869884,-0.007273167814863424
GSM8382203,CD68,22,Lung Cancer,DSP-1001660003047-E-E03.dcc,57.28240053510513,1129180.0,63.0,1.0998142433187812,-0.16193192581403526,0.07867671984203195,-0.013580026340275886,0.05833826263517139
GSM8382204,CK,22,Lung Cancer,DSP-1001660003047-E-E04.dcc,99.55256067830696,1974144.0,111.0,1.1149888987655894,0.20784885866751646,-0.06497360988672662,-0.10414751746621542,-0.08105444341003443
GSM8382205,CD45,22,Lung Cancer,DSP-1001660003047-E-E05.dcc,359.30242557538793,6807280.0,379.0,1.0548217129151531,-0.1868771839365091,0.04802787261245722,-0.05135807973188955,0.0090898241862587
GSM8382206,CD68,24,Lung Cancer,DSP-1001660003047-E-E06.dcc,28.58563539234488,521631.0,31.0,1.084460764104676,-0.39893763994793563,0.02225517652635567,0.020754867727137416,0.020053967577628118
GSM8382207,CD45,24,Lung Cancer,DSP-1001660003047-E-E07.dcc,150.46857368183598,4336489.0,223.0,1.4820370429743746,-0.3499339866328741,0.3669202377192975,1.0831226296857919,0.6548163691627473
GSM8382208,CD68,25,Lung Cancer,DSP-1001660003047-E-E08.dcc,36.84294029132072,665991.0,39.0,1.0585474365407104,-0.23787299556995478,-0.038438976220713794,0.08552453580011976,0.0032388716878601898
GSM8382209,CK,25,Lung Cancer,DSP-1001660003047-E-E09.dcc,33.772954678164815,595863.0,36.0,1.0659416785726192,-0.29991442863720996,0.041136948500315906,0.014364101693338238,0.03963845015922285
GSM8382210,CD45,25,Lung Cancer,DSP-1001660003047-E-E10.dcc,85.93328051180579,1589372.0,91.0,1.0589610853678293,-0.09958377791446038,0.0069307760854537825,0.14183266512550086,0.07000495811326557
GSM8382211,CD68,27,Lung Cancer,DSP-1001660003047-E-E11.dcc,23.053723894775516,429587.0,26.0,1.1278004420748777,-0.1837370615082703,-0.00037697402332526053,-0.02939484437200246,-0.013325959810787769
GSM8382212,CK,27,Lung Cancer,DSP-1001660003047-E-E12.dcc,130.69923801929954,2461017.0,140.0,1.0711615623904944,-0.3739915482304941,0.0069343318435479695,-0.06118625359940699,-0.015897949147215318
GSM8382213,CD45,27,Lung Cancer,DSP-1001660003047-E-F01.dcc,79.8703213936679,1433897.0,84.0,1.0517047951513503,-0.20804227164682043,-0.021977441309420254,0.04969140965926355,0.01598658151513499
GSM8382214,CD68,3,Lung Cancer,DSP-1001660003047-E-F02.dcc,75.26146401310866,1339962.0,79.0,1.0496739737382756,-0.2860147163094213,0.04694180806972259,-0.012944346399716533,0.022233039891565554
GSM8382215,CK,3,Lung Cancer,DSP-1001660003047-E-F03.dcc,113.1909734403417,3204419.0,153.0,1.351697890297233,0.42656537629452806,-0.25818745779022567,-0.2236232857673368,-0.22689677757212978
GSM8382216,CD45,3,Lung Cancer,DSP-1001660003047-E-F04.dcc,120.00971661664924,2307437.0,133.0,1.108243596848462,-0.26722007960205074,-0.05577047749805031,-0.029585776256194407,-0.04344161064288388
GSM8382217,CK,30,Lung Cancer,DSP-1001660003047-E-F05.dcc,510.6707263260722,9088882.0,520.0,1.0182686674465278,-0.2218842415384108,0.005046840591849566,-0.061125776140332544,-0.016590910654465052
GSM8382218,CD68,32,Lung Cancer,DSP-1001660003047-E-F06.dcc,105.62725977186007,1813586.0,106.0,1.003528826071461,-0.11619129929949557,0.004792852782537604,-0.014405554796517173,0.0021105635089266883
GSM8382219,CK,32,Lung Cancer,DSP-1001660003047-E-F07.dcc,121.97284396979818,2655189.0,148.0,1.2133848419296218,1.0540225206068135,-0.09776371164100084,-0.08509676897129959,-0.081148686979994
GSM8382220,CD45,32,Lung Cancer,DSP-1001660003047-E-F08.dcc,219.9876495591026,4216213.0,236.0,1.0727874972662748,-0.2802414728394633,-0.015902597101123295,0.006659573994998169,-0.0012115911676189306
GSM8382221,CD68,33,Lung Cancer,DSP-1001660003047-E-F09.dcc,26.11374544011767,457280.0,28.0,1.0722322488824043,-0.26502965114217414,-0.04878830765522624,0.03488765485563894,-0.017118736274653212
GSM8382222,CK,33,Lung Cancer,DSP-1001660003047-E-F10.dcc,143.29653176141164,2745121.0,156.0,1.088651609933865,0.0035526142373147884,-0.057095572321871124,-0.06186513853544895,-0.049167327971941344
GSM8382223,CD68,35,Lung Cancer,DSP-1001660003047-E-F11.dcc,85.76261124279137,1759195.0,99.0,1.154349180434047,-0.1371171376064071,0.06859577802097583,-0.0329968598214645,0.025395606004364968
GSM8382224,CK,35,Lung Cancer,DSP-1001660003047-E-F12.dcc,356.7578059776274,7779813.0,431.0,1.2081025075791287,0.6502075578798068,-0.11221138066748848,-0.03913318663180032,-0.08945423423469023
GSM8382225,CD45,35,Lung Cancer,DSP-1001660003047-E-G01.dcc,305.82904244605464,5558358.0,316.0,1.0332570035618491,-0.31838752654557956,0.030163099189043585,-0.021736854135195216,0.011642306938455693
GSM8382226,CD68,4,Lung Cancer,DSP-1001660003047-E-G02.dcc,92.15525031128293,1646450.0,96.0,1.0417203542471019,-0.27933578711969176,0.016653976669519732,-0.10386187519332601,-0.032206049370284706
GSM8382227,CK,4,Lung Cancer,DSP-1001660003047-E-G03.dcc,119.67547890223835,2698132.0,148.0,1.2366777334636752,1.0755005123017396,-0.202337610401516,-0.13333321531989473,-0.15316215446634862
GSM8382228,CD45,4,Lung Cancer,DSP-1001660003047-E-G04.dcc,47.46185940623619,1313636.0,68.0,1.4327293715565057,-0.35131175789174574,0.15330399545533924,0.3263374393010623,0.22969253130090594
GSM8382229,CD68,40,Lung Cancer,DSP-1001660003047-E-G05.dcc,56.44918521691955,975444.0,58.0,1.0274727576159173,-0.18447746672397702,0.036808793744794066,-0.03719268270405918,0.015059236252517483
GSM8382230,CK,40,Lung Cancer,DSP-1001660003047-E-G06.dcc,223.91080087702844,4857052.0,262.0,1.1701088066041536,0.042371003250888606,-0.1398831283480213,-0.08635009013361472,-0.12279041014038938
GSM8382231,CD45,40,Lung Cancer,DSP-1001660003047-E-G07.dcc,279.5076095441842,4937347.0,284.0,1.0160725157470378,-0.2380014029005615,0.006216081055464784,-0.039886959748557604,-0.007641088804132057
GSM8382232,CK,42,Lung Cancer,DSP-1001660003047-E-G08.dcc,231.5443207326566,6005438.0,318.0,1.373387172675101,0.43993139792745906,-0.20959790329416306,-0.13480990168546514,-0.15914203089873835
GSM8382233,CD45,42,Lung Cancer,DSP-1001660003047-E-G09.dcc,147.7388715856571,2758044.0,158.0,1.0694544929456404,-0.2865126240689575,-0.017487127496293553,-0.07739911553316103,-0.044436424521308915
GSM8382234,CD68,45,Lung Cancer,DSP-1001660003047-E-G10.dcc,25.163511497863755,440736.0,27.0,1.0729822029128229,-0.1606203136151172,0.05452741227377578,0.015375288176735502,0.04932963883745689
GSM8382235,CK,45,Lung Cancer,DSP-1001660003047-E-G11.dcc,147.78762727258143,2739670.0,157.0,1.0623352096344787,-0.08318419020613321,0.023770906053167895,-0.022838256603495477,0.009984879818513814
GSM8382236,CD45,45,Lung Cancer,DSP-1001660003047-E-G12.dcc,14.350463099243305,248780.0,16.0,1.1149465971480512,-0.3834187405099607,-0.019323387784904167,-0.12006142366993888,-0.045612283298030576
GSM8382237,CD68,46,Lung Cancer,DSP-1001660003047-E-H01.dcc,31.92916963652755,767912.0,40.0,1.2527729488536172,-0.26102112528988997,0.03966942870955714,0.03943928565856458,0.055612118347468265
GSM8382238,CK,46,Lung Cancer,DSP-1001660003047-E-H02.dcc,83.86570733598069,2393805.0,124.25,1.4815352299150448,0.9068471809897076,-0.2606248038341499,-0.05894821811573259,-0.18068446251013448
GSM8382239,CD45,46,Lung Cancer,DSP-1001660003047-E-H03.dcc,64.6523062028212,1931271.0,82.0,1.2683228923459782,-0.4724963398083566,0.11643891010671181,0.15224783970247202,0.12794648872320913
GSM8382240,CD68,48,Lung Cancer,DSP-1001660003047-E-H04.dcc,33.804490352056966,606582.0,37.0,1.0945291473015386,-0.07194553611407084,-0.028075815711405827,-0.05408852611296844,-0.03959408691961075
GSM8382241,CK,48,Lung Cancer,DSP-1001660003047-E-H05.dcc,579.9201890832179,10876182.0,615.0,1.0604907564474328,-0.249513379095458,-0.02972578485971855,-0.016224866651265213,-0.013491264288647109
GSM8382242,CD45,48,Lung Cancer,DSP-1001660003047-E-H06.dcc,4.065788160588614,58049.0,4.0,0.9838190879627409,-0.017417119496144107,-0.3750724706167867,0.20769702431103898,-0.1852788091244788
GSM8382243,CD68,49,Lung Cancer,DSP-1001660003047-E-H07.dcc,16.20376214509906,339080.0,20.0,1.2342812626417834,-0.2722038134445337,-0.2247851762839823,0.1223066399046342,-0.10548218666997045
GSM8382244,CK,49,Lung Cancer,DSP-1001660003047-E-H08.dcc,295.59314363198655,5742746.0,326.0,1.1028672586731916,0.24818457358842894,-0.05218398400783464,-0.03568572495943512,-0.04594868312154876
GSM8382245,CD45,49,Lung Cancer,DSP-1001660003047-E-H09.dcc,185.6423191765127,3356486.0,193.0,1.0396336398733064,-0.24895804081589779,0.04076068004662048,0.02333346377732104,0.04636968461178226
GSM8382246,CK,51,Lung Cancer,DSP-1001660003047-E-H10.dcc,251.3469488539436,4996300.0,278.0,1.1060408780277033,-0.14179531138410972,-0.0770657838686315,-0.024393348700920914,-0.04432703126631177
GSM8382247,CD45,51,Lung Cancer,DSP-1001660003047-E-H11.dcc,48.72215064609752,939129.0,54.0,1.1083254594453174,-0.25979914168193163,-0.044167789059910145,0.08318383746689673,0.03306004593707712
GSM8382248,CD68,53,Lung Cancer,DSP-1001660003047-E-H12.dcc,33.268898922701275,636990.0,38.0,1.1422079248336776,-0.1605133105004639,0.021739047232879116,-0.06624433858732592,-0.0036423964058771574
GSM8382250,CD45,81,Lung Cancer,DSP-1001660003116-F-D01.dcc,17.776518198068644,320028.0,20.0,1.125079713426273,-0.30395474340699336,-0.01883631300138111,-0.12256047681528548,-0.05117123346004515
GSM8382251,CD68,86,Lung Cancer,DSP-1001660003116-F-D02.dcc,113.17833855714964,2621129.0,138.0,1.2193145946414172,0.4727012536001096,-0.16546633280692857,-0.062341106467283414,-0.13043771177318986
GSM8382252,CK,86,Lung Cancer,DSP-1001660003116-F-D03.dcc,51.213121527345685,958119.0,56.0,1.0934697657532615,-0.5858083524697375,0.0008544956178542229,0.018668145676588033,0.005312389042102517
GSM8382253,CK,87,Lung Cancer,DSP-1001660003116-F-D04.dcc,267.694989678366,5467836.0,299.0,1.1169428324349542,0.8500204034084149,-0.12209899270492253,-0.05904004684309472,-0.08072174214591232
GSM8382254,CK,88,Lung Cancer,DSP-1001660003116-F-D05.dcc,213.20833201413777,3874135.0,223.0,1.0459253533544504,-0.3241564208562093,0.0044138964661666336,-0.09182728243306926,-0.02751950383473556
GSM8382255,CD68,9,Lung Cancer,DSP-1001660003116-F-D06.dcc,80.53656697164959,1572750.0,89.0,1.1050880779575531,-0.10555139205659803,0.12422355739320201,0.0484851615366777,0.09876796145836453
GSM8382256,CK,9,Lung Cancer,DSP-1001660003116-F-D07.dcc,50.02971799554156,1015197.0,58.0,1.1593109520459164,0.8657601114045774,-0.11744763534698288,-0.07932303868881485,-0.11061213660006297
GSM8382257,CD45,9,Lung Cancer,DSP-1001660003116-F-D08.dcc,53.95329881731488,1045906.0,60.0,1.1120728725626057,-0.1492688117539367,0.039668223805056524,-0.0323403160075828,-0.006855594333197157
GSM8382258,CD68,90,Lung Cancer,DSP-1001660003116-F-D09.dcc,67.67046620638203,1379974.0,78.0,1.1526446376490869,-0.35026700582538606,-0.025357245237243475,0.002775436172651524,-0.018586113883205968
GSM8382259,CK,90,Lung Cancer,DSP-1001660003116-F-D10.dcc,110.81946042199719,4887598.0,239.0,2.1566609248041377,-0.022598087305544468,-0.4669502036847928,-0.28756896168560653,-0.39030748528982384
GSM8382260,CD45,90,Lung Cancer,DSP-1001660003116-F-D11.dcc,56.930608570882434,1753939.0,88.0,1.5457414246755168,-0.13625413705583522,0.019524696057886093,0.0017296448505734752,0.015613112766871495
GSM8382261,CD68,93,Lung Cancer,DSP-1001660003116-F-D12.dcc,126.3597744008642,4992902.0,253.0,2.0022194658039028,0.8201579431249959,-0.36955642924564547,-0.15567637847543603,-0.2780043448688896
GSM8382262,CK,93,Lung Cancer,DSP-1001660003116-F-E01.dcc,124.04991013884369,2314956.0,133.0,1.0721491039464588,-0.17162497495981865,0.0041826815971823805,-0.003969859970789802,0.0064452717139507065
GSM8382263,CD45,93,Lung Cancer,DSP-1001660003116-F-E02.dcc,54.619923092623935,1353201.0,74.0,1.3548169936913224,-0.5648451151230165,-0.03228989439426799,-0.1277454839836243,-0.06832153389577567
GSM8382264,CK,94,Lung Cancer,DSP-1001660003116-F-E03.dcc,118.54126678853049,3580538.0,189.0,1.5943814767659188,-0.2935541182946233,-0.20892739240710378,-0.10226757125176089,-0.17387680516997017
GSM8382265,CD45,94,Lung Cancer,DSP-1001660003116-F-E04.dcc,76.63742834788745,1764341.0,97.0,1.2657000905573035,-0.47061212367513905,-0.062238438087849346,-0.12323020981424326,-0.08724319708403172
GSM8382266,CD68,96,Lung Cancer,DSP-1001660003116-F-E05.dcc,70.23412976548993,1394878.0,78.0,1.1105711747328562,-0.2585391405086219,0.003035400239999486,0.015847808270010866,0.012269547641368117
GSM8382267,CK,96,Lung Cancer,DSP-1001660003116-F-E06.dcc,148.82288819424392,3790392.0,207.0,1.3909150837727542,0.33398681955716425,-0.15167954417760843,-0.10995236622169635,-0.12582179233921043
GSM8382268,CD45,96,Lung Cancer,DSP-1001660003116-F-E07.dcc,66.65098292854896,1205405.0,71.0,1.065250606673172,-0.22284204248825157,0.009710665160167942,-0.049447114229660194,-0.016137954617898576
GSM8382269,CD68,98,Lung Cancer,DSP-1001660003116-F-E08.dcc,119.25924058326473,2370681.0,136.0,1.1403728493897893,-0.054820150816595525,-0.02813992269803922,0.0474956101694044,0.008269324970411773
GSM8382270,CK,98,Lung Cancer,DSP-1001660003116-F-E09.dcc,248.0227702651291,7045893.0,390.0,1.5724362710048814,-0.14308979536536048,-0.24526469004488982,-0.0846843762677465,-0.19578478318246395
GSM8382271,CD45,98,Lung Cancer,DSP-1001660003116-F-E10.dcc,179.6969982233628,4967608.0,270.0,1.5025292724388797,0.07583695382633193,-0.24611040472792034,-0.18986772581935307,-0.21322849533121513
GSM8382272,CK,99,Lung Cancer,DSP-1001660003116-F-E11.dcc,68.06052886434483,1367686.0,78.0,1.1460386996913596,-0.43912123436128514,-0.013548514019771751,-0.06494068665809394,-0.017602519402430516
GSM8382273,CD45,99,Lung Cancer,DSP-1001660003116-F-E12.dcc,186.9820890462315,4172041.0,221.0,1.181931387799168,-0.41210339969690546,0.1724578339330778,0.06651094631184273,0.13698309763819827
GSM8382275,CD68,1,Lung Cancer,DSP-1001250002071,24.854908954863337,538174.0,29.0,1.16677152399408,-0.32048378930340116,0.0030695213129896537,0.04891514983783152,0.030446285607176105
GSM8382276,CK,1,Lung Cancer,DSP-1001250002071,43.74610475822238,1003177.0,55.0,1.2572547956892637,1.0618586675108546,-0.1475398571311044,-0.09158144850677674,-0.1269551341403825
GSM8382277,CD45,1,Lung Cancer,DSP-1001250002071,46.39388241766699,1144389.0,56.0,1.2070556953145823,-0.2906256041330759,-0.09945366634739017,0.24702352072057465,0.03176901321561898
GSM8382278,CD68,100,Lung Cancer,DSP-1001250002071,47.17757463576339,912162.0,52.0,1.1022185943526848,0.038642244428941375,-0.11257257015266431,0.045376719919428155,-0.05003845024060727
GSM8382279,CK,100,Lung Cancer,DSP-1001250002071,80.25920771803042,3099263.0,160.0,1.9935407356887678,0.6425039524777985,-0.39017887092338777,-0.2366650770112666,-0.34728065035933353
GSM8382280,CD45,100,Lung Cancer,DSP-1001250002071,62.908037531378405,1196416.0,68.0,1.0809429552794703,-0.14627001417192487,0.03312088662838297,-0.06693016414666886,-0.007654302165537086
GSM8382281,CD68,101,Lung Cancer,DSP-1001250002071,180.10415519831224,3115111.0,182.0,1.0105263801359843,-0.13176389698908286,0.010322904710589942,-0.047389249323959604,-0.01351838170939601
GSM8382282,CK,101,Lung Cancer,DSP-1001250002071,36.63461437659776,944970.0,50.0,1.364829433879344,0.33079730613363,-0.060785785264197756,0.07498327417456396,0.003992097178012521
GSM8382283,CD45,101,Lung Cancer,DSP-1001250002071,17.53032701729416,393402.0,22.0,1.254968032159148,-0.2696632284182501,0.013044108741311344,0.12800642317542765,0.06236293251238045
GSM8382284,CD68,102,Lung Cancer,DSP-1001250002071,60.35906999784717,1232558.0,70.0,1.159726284757149,-0.07485681927484533,0.0007656121498915702,-0.13771286655960502,-0.0578477307403964
GSM8382285,CK,102,Lung Cancer,DSP-1001250002071,77.15766761430633,2281006.0,116.0,1.5034150666639856,1.2109895417972645,-0.3139981638171303,-0.22690428446478128,-0.2676578494193804
GSM8382286,CD45,102,Lung Cancer,DSP-1001250002071,15.120658837233242,581179.0,29.0,1.9179058473689088,-0.3523897817383368,0.32423270555490324,0.04411715080819967,0.21517902817191192
GSM8382287,CD68,103,Lung Cancer,DSP-1001250002071,40.920441808832685,744076.0,44.0,1.07525720776804,-0.483650687570901,0.030998712021730768,0.03668935528890449,0.03576000891168807
GSM8382288,CK,103,Lung Cancer,DSP-1001250002071,31.81891411667432,634828.0,38.0,1.1942582283185634,0.07351214398944084,-0.12774436819872115,-0.09216771434630333,-0.09068941128615027
GSM8382289,CD45,103,Lung Cancer,DSP-1001250002071,10.58752037690714,233103.0,14.0,1.3223115046404967,-0.5372029157356453,0.09629590757464568,-0.11302112877225357,0.005227196760203778
GSM8382290,CD68,109,Lung Cancer,DSP-1001250002071,36.55596797348344,653086.0,39.0,1.0668572646821823,-0.15555886582961165,-0.051177968630343074,-0.04931089696910229,-0.052127854380146665
GSM8382291,CK,109,Lung Cancer,DSP-1001250002071,50.45811773624217,985169.0,58.0,1.1494681649280147,0.020506889509347648,-0.04770079269805638,0.06448761904562295,0.0014550265146877628
GSM8382292,CD45,109,Lung Cancer,DSP-1001250002071,33.02419054197183,603753.0,36.0,1.0901099893499613,-0.27126701160574873,-0.017155089919573374,-0.11499576730352823,-0.05248593611079633
GSM8382293,CD68,116,Lung Cancer,DSP-1001250002071,32.9922654848836,625098.0,37.0,1.1214749716703347,-0.1783368196142816,0.030758584884901907,0.07973535493433292,0.04765385416862422
GSM8382294,CK,116,Lung Cancer,DSP-1001250002071,57.94633603658162,1412731.0,77.0,1.328815681312271,1.5337381865165942,-0.07805736427068677,-0.023093514922765568,-0.0481000513156471
GSM8382295,CD45,116,Lung Cancer,DSP-1001250002071,128.3928750372472,2385593.0,134.0,1.0436716208833718,-0.19673880589105508,-0.03235041693137841,-0.011613925729295538,-0.022126082749955422
GSM8382296,CD68,117,Lung Cancer,DSP-1001250002071,17.456149561330253,352513.0,21.0,1.2030144406255698,-0.2232561071161343,0.08607356972635838,0.1758542038433224,0.13382170661988724
GSM8382297,CK,117,Lung Cancer,DSP-1001250002071,88.08982077139123,1599274.0,93.0,1.0557405973313485,-0.27767762924670025,0.02456512237348507,0.008212169387679324,0.02085613672200637
GSM8382298,CD45,117,Lung Cancer,DSP-1001250002071,42.004669400089576,870013.0,48.0,1.1427300984756148,-0.22802933193143415,0.052686284572171616,0.12080182392298244,0.08385337749009514
GSM8382299,CD68,118,Lung Cancer,DSP-1001250002071,15.954388108037167,272099.0,17.0,1.0655375740443531,-0.15551207095144814,0.055662064582495674,-0.12244152095443805,-0.019961388756957188
GSM8382300,CK,118,Lung Cancer,DSP-1001250002071,46.970718848945005,2226709.0,104.0,2.214145377132884,0.5683340176074063,-0.21138757528344554,-0.25323177637282734,-0.200537018066957
GSM8382301,CD45,118,Lung Cancer,DSP-1001250002071,19.574595006744772,542979.0,26.0,1.328252257124157,-0.9318316837724558,0.39374462166153323,0.4262504921759591,0.44847731087955234
GSM8382302,CD68,119,Lung Cancer,DSP-1001250002071,37.47234986499424,640079.0,39.0,1.040767396240417,-0.09990921191703128,-0.056918559500000576,0.10813076394243248,0.02689156090099898
GSM8382304,CD45,119,Lung Cancer,DSP-1001250002071,22.781505190692688,514053.0,29.0,1.272962420931162,-0.35831542959413554,0.04058413070617961,0.14254510133218945,0.08724691731637657
GSM8382305,CK,120,Lung Cancer,DSP-1001250002071,30.277938308488988,904578.0,47.0,1.552285347870686,1.281633730290641,-0.34654416255311027,0.022505426347323887,-0.21591713556251335
GSM8382306,CD68,15,Lung Cancer,DSP-1001250002071,61.66954236616178,1331170.0,73.0,1.1837285830104565,-0.4278876887848426,0.19280920769676202,0.06577820110023147,0.14766844796675116
GSM8382307,CK,15,Lung Cancer,DSP-1001250002071,25.9491046457415,603877.0,34.0,1.3102571539237957,0.5303397243119488,0.09461414124694167,-0.07668985604899659,0.019535881188266213
GSM8382308,CD45,15,Lung Cancer,DSP-1001250002071,28.551713485402768,713797.0,39.0,1.3659425386129271,-0.34487646627461377,0.3826979765910581,0.12144252230360353,0.29813709802502775
GSM8382309,CD68,17,Lung Cancer,DSP-1001250002071,8.06505788780104,149980.0,9.0,1.115925034290594,-0.06973279889280803,-0.21239090156715568,-0.05688608971447273,-0.1332010849104135
GSM8382310,CK,17,Lung Cancer,DSP-1001250002071,97.78546603205908,2339514.0,125.0,1.2783085776675505,0.7363092485422991,-0.18474772214580737,-0.08309161929867992,-0.13196819442011876
GSM8382311,CD45,17,Lung Cancer,DSP-1001250002071,18.454077620593917,502776.0,27.0,1.4630912774458702,-0.8543428060881473,0.2736677741456952,-0.13909384044413908,0.08780322844477428
GSM8382312,CD68,18,Lung Cancer,DSP-1001250002071,42.3457188822306,803798.0,47.0,1.109911491424047,-0.27205981789039013,-0.04670315155320637,0.03199072513703394,-0.002594982597815765
GSM8382313,CK,18,Lung Cancer,DSP-1001250002071,25.514947418434435,428347.0,26.0,1.0190105264028535,-0.22167246319455547,0.042477422037840995,-0.04714143862319453,0.012635355237405665
GSM8382314,CD45,18,Lung Cancer,DSP-1001250002071,13.58253937243387,244461.0,15.0,1.104359029537798,-0.3480045819580111,-0.1346748674384104,0.041764013862263916,-0.06633956132332841
GSM8382315,CD68,20,Lung Cancer,DSP-1001250002071,56.51721194221817,975320.0,58.0,1.0262360439736093,-0.22761151239846455,0.029276948267484393,-0.04826941965800513,-0.011770137055064023
GSM8382316,CK,20,Lung Cancer,DSP-1001250002071,77.7870667414728,2838291.0,146.0,1.8769186976189054,1.3385155186557935,-0.33043218308182,-0.08648872844389954,-0.2610999553488722
GSM8382317,CD45,20,Lung Cancer,DSP-1001250002071,7.13927618460132,152162.0,10.0,1.4007022198649446,0.04329499876828091,0.10403902634845119,0.0646060390897043,0.06488292028399112
GSM8382318,CD68,22,Lung Cancer,DSP-1001250002071,26.808107179292623,862930.0,41.0,1.5293880961379331,-0.579273378647347,0.12327580291491769,-0.06691246900423709,0.06486099381622212
GSM8382319,CK,22,Lung Cancer,DSP-1001250002071,22.35923521504599,789591.0,39.0,1.7442457054057061,1.4363045235442482,0.03604349268828555,-0.20109431089349616,-0.033926875657635414
GSM8382320,CD45,22,Lung Cancer,DSP-1001250002071,124.26003732603542,2746486.0,145.0,1.1669077454044758,-0.3429309127066045,0.17025319789467375,-0.006372518256612114,0.10894325498902724
GSM8382321,CD68,23,Lung Cancer,DSP-1001250002071,16.254703713090347,305906.0,18.0,1.1073717686717426,-0.39823395896506053,-0.05981889502210613,0.05049749094377276,-0.015237927890450642
GSM8382322,CD68,24,Lung Cancer,DSP-1001250002071,16.892153047069858,464089.0,26.0,1.5391762037409438,-0.6230089721767764,0.20913541686674364,0.32602267858866973,0.25948232964680695
GSM8382323,CK,24,Lung Cancer,DSP-1001250002071,9.234707189141533,168849.0,11.0,1.1911585039679606,0.49827465306478125,0.15768988545477125,-0.038457816674403844,0.08234993829386772
GSM8382324,CD45,24,Lung Cancer,DSP-1001250002071,72.15465812176123,1743198.0,97.0,1.3443345519884824,-0.3517822046000072,0.35344098381376243,0.38843548758361557,0.36817706452000953
GSM8382325,CD68,25,Lung Cancer,DSP-1001250002071,85.2482744770927,1478917.0,86.0,1.008818073181168,-0.2090178414310686,0.008147895870213251,0.009398363221321482,0.011385600183851707
GSM8382326,CK,25,Lung Cancer,DSP-1001250002071,12.938792071921705,216092.0,14.0,1.082017542455235,-0.23479577649210315,0.020396928914079737,0.16112444760122768,0.0864066518926232
GSM8382327,CD45,25,Lung Cancer,DSP-1001250002071,32.39944028299354,642028.0,36.0,1.11113030612743,-0.43575878559694736,0.05935108707629366,0.10821810378059737,0.08137753803166747
GSM8382328,CD68,27,Lung Cancer,DSP-1001250002071,5.970136187518859,112454.0,7.0,1.1725025661280843,-0.8994268488456223,0.22889503987221982,0.059026934816404975,0.14537644113814352
GSM8382329,CK,27,Lung Cancer,DSP-1001250002071,55.931096124510844,1168721.0,65.0,1.1621442185810276,0.012486673447827279,-0.10123516410375544,-0.1047763906761272,-0.09696486901199863
GSM8382330,CD45,27,Lung Cancer,DSP-1001250002071,49.20884755878961,1103564.0,60.0,1.219292931587521,-0.4024703624256323,-0.07558564705374682,0.023209185194397186,-0.044611671643824735
GSM8382331,CD68,3,Lung Cancer,DSP-1001250002071,9.236424660447534,172415.0,11.0,1.1909370134424953,-0.4558594464147583,-0.19657645859554185,-0.17186556505663964,-0.19336621717588276
GSM8382332,CK,3,Lung Cancer,DSP-1001250002071,28.86412820279103,1697462.0,68.0,2.355865367637354,0.8179745396887101,-0.4635116287354113,-0.4414597572426895,-0.4402409799223692
GSM8382333,CD45,3,Lung Cancer,DSP-1001250002071,8.56870923517455,241155.0,13.0,1.5171479908123153,-0.2617656385845799,-0.15578389875865373,-0.04897378238943828,-0.09903447026623358
GSM8382334,CD68,32,Lung Cancer,DSP-1001250002071,10.076745118819955,200869.0,12.0,1.1908607252145391,-0.8025373155651891,-0.08376686438677705,0.2144962355340736,0.06644916197613826
GSM8382335,CK,32,Lung Cancer,DSP-1001250002071,39.878762162007874,765387.0,45.0,1.128420180575993,0.7307879729727116,-0.17433460409921198,0.11463505543456343,-0.05044634268980097
GSM8382336,CD45,32,Lung Cancer,DSP-1001250002071,25.907481680762974,679594.0,36.0,1.389559990569481,-0.4200511616691718,0.10355662783911823,0.2592521243452013,0.1818646700973785
GSM8382337,CD68,33,Lung Cancer,DSP-1001250002071,7.167536755725854,120278.0,8.0,1.1161435612603068,-0.3986553939213153,0.02586390835106478,-0.017454061816574384,0.01150195285295208
GSM8382338,CK,33,Lung Cancer,DSP-1001250002071,22.82352442717566,619931.0,33.0,1.445876604434824,0.3039677961685885,-0.2911461148392944,-0.034803542979942925,-0.19694099909176943
GSM8382339,CD68,35,Lung Cancer,DSP-1001250002071,15.772046027185084,399993.0,21.0,1.3314696117297582,-0.20075213549457027,-0.08815647210746169,0.030683058124505447,-0.042193355567206936
GSM8382340,CK,35,Lung Cancer,DSP-1001250002071,79.02247781288223,1930123.0,105.0,1.3287358597971337,0.9034170509180828,-0.20397702717845556,0.025954684355941726,-0.13399801664602595
GSM8382341,CD45,35,Lung Cancer,DSP-1001250002071,23.28506344644091,703588.0,33.0,1.4172175255568826,-0.1907500698728768,0.23960703826649343,0.038819069877421786,0.16003429729849294
GSM8382342,CD68,4,Lung Cancer,DSP-1001250002071,6.120203855173005,100896.0,7.0,1.1437527516478656,-0.8355528940228254,0.19951760850574596,0.09750657572576493,0.17861365002863527
GSM8382343,CK,4,Lung Cancer,DSP-1001250002071,28.504656591902812,697458.0,40.0,1.403279491231009,1.1363797321060236,-0.2911680277001625,0.028713633081395074,-0.1413421795386287
GSM8382344,CD45,4,Lung Cancer,DSP-1001250002071,115.25087836445945,2292756.0,133.0,1.1540042200755491,-0.012172432239727637,-0.08101043935594054,0.12590463646220185,0.002927466970207071
GSM8382345,CD68,40,Lung Cancer,DSP-1001250002071,11.222308431509077,185734.0,12.0,1.069298716323585,-0.9244386848556592,-0.20399957577542116,0.23093244635289256,-0.04963129529239252
GSM8382346,CK,40,Lung Cancer,DSP-1001250002071,127.50219149617081,2786309.0,150.0,1.1764503671649036,0.10806859195635043,-0.17360552048481503,-0.04242616047772563,-0.13473176082888694
GSM8382347,CD45,40,Lung Cancer,DSP-1001250002071,25.172580349790163,608436.0,33.0,1.3109502300297589,-0.1527166931738626,-0.19833984584550857,0.027363525700146774,-0.14735091472707262
GSM8382348,CK,42,Lung Cancer,DSP-1001250002071,132.7172615370074,4474836.0,227.0,1.7104029827853435,0.9113806522802261,-0.3851835787904001,-0.2084082951567372,-0.3024626632943037
GSM8382349,CD45,42,Lung Cancer,DSP-1001250002071,7.036662712108662,175925.0,11.0,1.5632410490659505,0.235321583785832,-0.3012372977646498,-0.4118741575912055,-0.3532521635632473
GSM8382350,CD68,45,Lung Cancer,DSP-1001250002071,21.274395566371965,456944.0,26.0,1.2221263781095482,-0.36393870460150657,0.052543536608783636,0.014911320594979571,0.036895232204272155
GSM8382351,CK,45,Lung Cancer,DSP-1001250002071,56.24327580134931,1103172.0,64.0,1.1379138054840077,0.13175303540851768,0.03663926549478669,-0.17209969782328294,-0.04678428574130633
GSM8382352,CD45,45,Lung Cancer,DSP-1001250002071,22.22639733578509,530340.0,30.0,1.3497464094956677,-0.2664182182485928,0.1535221174775816,0.08719905284424279,0.11544688488603017
GSM8382353,CD68,46,Lung Cancer,DSP-1001250002071,12.984544435436106,415852.0,21.0,1.6173074153213203,0.06012213920711096,0.06269500031935493,-0.07447867988068735,0.027001533275650136
GSM8382354,CK,46,Lung Cancer,DSP-1001250002071,66.51711563888755,2862146.0,144.0,2.1648563473761637,1.4183429470796343,-0.3418123230154593,-0.13337302190282285,-0.266464112128292
GSM8382355,CD45,46,Lung Cancer,DSP-1001250002071,17.451830875084738,586092.0,26.0,1.4898150335114198,-0.3553721535025778,0.28153251505841137,0.2452529817319955,0.2903472683766548
GSM8382356,CD68,48,Lung Cancer,DSP-1001250002071,13.203102092134491,320499.0,18.0,1.3633159748664803,-0.058443831056648854,-0.09774061073352458,0.01947293865261024,-0.044959324498484055
GSM8382357,CK,48,Lung Cancer,DSP-1001250002071,54.67623323720187,1675187.0,87.0,1.5911849600642376,0.07477541250400987,-0.1902073617153004,-0.06882018397035061,-0.13675123666504962
GSM8382358,CD45,48,Lung Cancer,DSP-1001250002071,12.457662708278033,334251.0,17.0,1.364621951813129,-0.4088702046792956,-0.015851830287776814,0.19977128896728313,0.07920663867033229
GSM8382359,CD68,49,Lung Cancer,DSP-1001250002071,12.720735322698523,272927.0,16.0,1.2577889244696452,0.24903092471646948,0.009382263085849551,0.05274161530093702,0.03732662616169158
GSM8382360,CK,49,Lung Cancer,DSP-1001250002071,48.55026771001703,1161198.0,64.0,1.3182213614611096,1.0195259987648928,-0.21699141897977992,0.13296477773960724,-0.09361063554681603
GSM8382361,CD45,49,Lung Cancer,DSP-1001250002071,49.06889471588879,857860.0,52.0,1.059734487623625,-0.09016284460766055,-0.09410384355123691,0.011428910575024709,-0.051873600308535384
GSM8382362,CD68,51,Lung Cancer,DSP-1001250002071,15.969865491424297,350319.0,20.0,1.2523587008757122,-0.05882188859499493,0.019220004100485966,0.1682762730841998,0.0858959342623824
GSM8382363,CK,51,Lung Cancer,DSP-1001250002071,30.50997250345413,762794.0,41.0,1.3438229088983369,0.35724475242247733,-0.11473208340440388,0.15144110692057788,-0.014577991151841996
GSM8382364,CD45,51,Lung Cancer,DSP-1001250002071,50.15803109406626,997104.0,56.0,1.1164712565167825,-0.3642907034560614,0.08382602146213491,0.1102309016326144,0.1079975644190947
GSM8382365,CD68,53,Lung Cancer,DSP-1001250002071,14.209456787955679,317461.0,18.0,1.266762007064006,0.07952209109956021,0.054143335636980705,-0.022189581387232593,0.03609174458547271
GSM8382366,CK,53,Lung Cancer,DSP-1001250002071,15.943132764418456,480178.0,26.0,1.6307961794074906,1.4231838746346117,-0.29086577080695486,-0.2279363740875784,-0.2586631282078504
GSM8382367,CD45,53,Lung Cancer,DSP-1001250002071,24.41369697485286,716959.0,38.0,1.5565033038274214,0.07797806935076501,0.20794834243469928,0.16586640228785265,0.17335278464374948
GSM8382368,CD68,55,Lung Cancer,DSP-1001250002071,34.331599665220274,585511.0,36.0,1.048596638404528,-0.17859614664546797,-0.06304814367022882,0.008060514710291233,-0.047221632337935304
GSM8382369,CK,55,Lung Cancer,DSP-1001250002071,80.99602455253722,3238848.0,165.0,2.037137018903619,1.202423028320407,-0.481798289484181,-0.24972605499665512,-0.40362415565383447
GSM8382371,CD45,55,Lung Cancer,DSP-1001250002070-D-A02.dcc,14.970816043507547,361871.0,21.0,1.4027291457573652,-0.1992823869594651,0.06052097341146245,-0.11473955387394863,-0.011174136133380141
GSM8382372,CD68,58,Lung Cancer,DSP-1001250002070-D-A03.dcc,4.784488923194142,90898.0,6.0,1.254052438268449,0.32948544615167696,-0.12206733062444064,-0.1015672969703858,-0.0781718138497256
GSM8382373,CK,58,Lung Cancer,DSP-1001250002070-D-A04.dcc,140.71532384200293,4290700.0,241.0,1.7126777199517946,0.24246053537098256,-0.2536960622093649,-0.12452176963548123,-0.2021338441124798
GSM8382374,CD68,63,Lung Cancer,DSP-1001250002070-D-A05.dcc,94.055797279924,1655090.0,99.0,1.0525666983116557,-0.18519912718901388,-0.02395397988243797,0.02756285844448314,-0.011418101365531896
GSM8382375,CK,63,Lung Cancer,DSP-1001250002070-D-A06.dcc,106.36933714093372,4163119.0,221.0,2.0776664209835842,-0.32888351398743865,-0.43284144242128075,-0.11597564818916428,-0.30353071439764623
GSM8382376,CD45,63,Lung Cancer,DSP-1001250002070-D-A07.dcc,5.743164611268458,151297.0,9.0,1.5670802787615423,-0.18803393699610504,-0.2609310439596202,-0.1074356319968568,-0.17180955124520425
GSM8382377,CD68,66,Lung Cancer,DSP-1001250002070-D-A08.dcc,14.679569369123337,348972.0,20.0,1.3624377866334099,-0.3701861084455156,-0.22959342917294334,0.08196207841189018,-0.10802079973632184
GSM8382378,CK,66,Lung Cancer,DSP-1001250002070-D-A09.dcc,43.13641774189803,1172517.0,60.0,1.3909360846559709,-0.3303322987601969,-0.28608408015206255,-0.1310218556021323,-0.2109456998766679
GSM8382379,CD45,66,Lung Cancer,DSP-1001250002070-D-A10.dcc,19.304594884261352,401759.0,24.0,1.243227332347011,-0.5160696390287369,-0.0539823227493903,-0.10724789735229967,-0.07228576160087696
GSM8382380,CD68,67,Lung Cancer,DSP-1001250002070-D-A11.dcc,5.814863935938768,106855.0,7.0,1.2038114867549174,-0.7400295090712556,0.018583459826544413,-0.13952321227227138,-0.00025186092167217566
GSM8382381,CK,67,Lung Cancer,DSP-1001250002070-D-A12.dcc,77.09948149256896,1769534.0,96.0,1.2451445605279814,0.6032969220461015,-0.22059630149107345,0.017548459398464722,-0.12829747872580466
GSM8382382,CD45,67,Lung Cancer,DSP-1001250002070-D-B01.dcc,25.59323555080574,449784.0,28.0,1.0940390848361683,-0.14232822954173585,0.047198225459592624,0.1540855790601947,0.08248222435844177
GSM8382383,CD68,69,Lung Cancer,DSP-1001250002070-D-B02.dcc,5.706585341823746,113810.0,7.0,1.2266529948648586,-0.5288785489804804,0.013234509703112796,-0.020318883315626923,0.03118285908321905
GSM8382384,CK,69,Lung Cancer,DSP-1001250002070-D-B03.dcc,17.27798806001187,648575.0,34.0,1.967821709443677,0.6601677079456225,-0.47212363141452407,-0.1084593545180148,-0.3524712982513827
GSM8382385,CD45,69,Lung Cancer,DSP-1001250002070-D-B04.dcc,45.438710614215445,1230075.0,60.0,1.3204600040131658,-0.4068229128189773,0.08873753834043852,0.5531107504516775,0.2796633699747617
GSM8382386,CD68,70,Lung Cancer,DSP-1001250002070-D-B05.dcc,9.992140195836484,177471.0,12.0,1.2009439184009998,-0.30764836416132146,0.08058500365963228,0.05044617998230372,0.05455600846404618
GSM8382387,CK,70,Lung Cancer,DSP-1001250002070-D-B06.dcc,12.117331554654703,221413.0,14.0,1.155369887904247,-0.3427332729458876,0.07848825580640817,0.07248667056241631,0.09059235805896027
GSM8382388,CD45,70,Lung Cancer,DSP-1001250002070-D-B07.dcc,11.349016568224938,211054.0,14.0,1.2335870615606734,-0.20485876269153058,-0.12958716834264772,-0.1615747900937845,-0.13918980458648234
GSM8382389,CD68,71,Lung Cancer,DSP-1001250002070-D-B08.dcc,31.329169679170526,603694.0,36.0,1.1490888641052914,-0.19294106785108234,0.0018306877778027086,0.02405293511412676,-0.005209144716234793
GSM8382390,CK,71,Lung Cancer,DSP-1001250002070-D-B09.dcc,68.15021361213351,3311912.0,161.0,2.3624283984831917,-0.2728754810353369,-0.4020265221715875,-0.3152267905438846,-0.40524468004783065
GSM8382391,CD68,72,Lung Cancer,DSP-1001250002070-D-B10.dcc,5.914476575034327,91113.0,6.0,1.0144600158409074,0.07337017579512128,0.007695586654129283,-0.2954553112725442,-0.04516944426389902
GSM8382392,CK,72,Lung Cancer,DSP-1001250002070-D-B11.dcc,36.43767166936589,874269.0,47.0,1.289873854358102,0.30957535929936997,-0.12784727659862094,0.13051095962843107,-0.013605472844439248
GSM8382393,CD45,72,Lung Cancer,DSP-1001250002070-D-B12.dcc,43.38876486177923,805457.0,48.0,1.1062771699750036,-0.06898707056733766,-0.018989743300622308,-0.00034035204681703846,-0.014880824750167054
GSM8382394,CD68,77,Lung Cancer,DSP-1001250002070-D-C01.dcc,23.156051749291564,544308.0,28.0,1.2091871405001775,-0.25221149832064604,-0.12929935914276625,-0.04027770296482913,-0.08953904046866734
GSM8382395,CK,77,Lung Cancer,DSP-1001250002070-D-C02.dcc,20.704987290947134,667074.0,34.0,1.6421164390120568,0.9103678715735031,-0.22132661680605104,0.014648233906286112,-0.1022683352357725
GSM8382396,CD45,77,Lung Cancer,DSP-1001250002070-D-C03.dcc,14.738990512143145,749052.0,23.0,1.5604867905336381,-0.19245837547266875,-0.006111241067976003,0.35062040305323006,0.13246689216562713
GSM8382397,CD68,79,Lung Cancer,DSP-1001250002070-D-C04.dcc,5.052410246952967,88928.0,6.0,1.1875520210613362,-0.1292386277781672,0.10560328861790191,0.3595260110193035,0.27922323548828754
GSM8382398,CK,79,Lung Cancer,DSP-1001250002070-D-C05.dcc,45.12504212249293,778256.0,47.0,1.0415502742893283,-0.13032026725386503,0.03130385789320922,0.013431624983880397,0.028574821490086055
GSM8382399,CD45,79,Lung Cancer,DSP-1001250002070-D-C06.dcc,6.3362170701457785,126518.0,8.0,1.26258300677441,-0.511783801952459,-0.052164563054703184,0.012716821080520191,-0.03543557025998956
GSM8382400,CD68,8,Lung Cancer,DSP-1001250002070-D-C07.dcc,46.87894396906655,1179975.0,62.0,1.3225553894923743,-0.6108712324763688,-0.133861731670867,-0.006379999360148325,-0.1053261899200395
GSM8382401,CD45,8,Lung Cancer,DSP-1001250002070-D-C08.dcc,28.328129406945926,1063206.0,53.0,1.8709318655895664,-0.7317720152128464,0.0719364300579679,-0.11379619117964435,-0.03105802546983183
GSM8382402,CD68,80,Lung Cancer,DSP-1001250002070-D-C09.dcc,12.825330942575278,299682.0,17.0,1.3255018584796427,-0.5935742271363984,0.17135049750321674,0.07771593670036303,0.14870661204542523
GSM8382403,CK,80,Lung Cancer,DSP-1001250002070-D-C10.dcc,4.405446301030014,69915.0,5.0,1.1349587892674975,0.4097872307277366,0.29921910273719066,-0.18223385923493662,0.12898439112607374
GSM8382404,CD45,80,Lung Cancer,DSP-1001250002070-D-C11.dcc,33.30729895498838,1095576.0,56.0,1.6813131582863752,-0.5111827234055029,0.5667595925255084,0.18887970519695862,0.4157299306774087
GSM8382405,CD68,81,Lung Cancer,DSP-1001250002070-D-C12.dcc,11.719156018150438,290743.0,16.0,1.365286030429108,-0.1689573870743155,-0.02519923147988834,0.1635120607911973,0.05709506873890646
GSM8382406,CK,81,Lung Cancer,DSP-1001250002070-D-D01.dcc,29.276215740781073,1152218.0,58.0,1.9811303658077426,0.9210164610082527,-0.12370225763537146,-0.23345001476605098,-0.19431464183370561
GSM8382407,CD45,81,Lung Cancer,DSP-1001250002070-D-D02.dcc,21.16919200621613,940432.0,41.0,1.9367768022492662,-0.7293872433290174,0.2029426043943965,0.1123426279051869,0.15150096913499356
GSM8382408,CK,87,Lung Cancer,DSP-1001250002070-D-D03.dcc,13.082791126415719,344855.0,19.0,1.4522894859673123,0.20333437048959935,-0.19052751018102043,0.17881527448575874,-0.063830052746082
GSM8382409,CD68,88,Lung Cancer,DSP-1001250002070-D-D04.dcc,8.469426354381644,138609.0,9.0,1.0626457593959553,-0.06354570083345035,-0.13898860065934482,0.20700359812717428,0.045301140078713775
GSM8382410,CK,88,Lung Cancer,DSP-1001250002070-D-D05.dcc,29.866527575738242,731270.0,41.0,1.3727742502381133,0.33688410061006246,-0.13418693090058786,0.025524645640340182,-0.06301840735287456
GSM8382411,CD68,9,Lung Cancer,DSP-1001250002070-D-D06.dcc,8.790517581208706,167415.0,10.0,1.1375894431263955,-0.7492908250068515,-0.054178316829446516,-0.018340429862079954,0.0031492514659103854
GSM8382412,CK,9,Lung Cancer,DSP-1001250002070-D-D07.dcc,21.524983719679128,746095.0,41.0,1.9047633454196724,0.6350500316243592,-0.37567059487681265,-0.16180300844295958,-0.2843202401680385
GSM8382413,CD45,9,Lung Cancer,DSP-1001250002070-D-D08.dcc,12.84277100965727,294612.0,18.0,1.4015666857615614,0.0030555145554771457,-0.16701855564245438,0.13856678475038509,-0.055435061436505784
GSM8382414,CD68,90,Lung Cancer,DSP-1001250002070-D-D09.dcc,43.5637952236742,1422695.0,73.0,1.6757034052058226,-0.7575480378378101,-0.16877755062601985,-0.020922192072667656,-0.11014095764694254
GSM8382415,CK,90,Lung Cancer,DSP-1001250002070-D-D10.dcc,60.04271745785597,2045230.0,104.0,1.732100151412995,-0.3791987340904126,-0.32112917151983433,0.095229042090331,-0.17542249566434265
GSM8382416,CD68,93,Lung Cancer,DSP-1001250002070-D-D11.dcc,21.83491273256599,570822.0,28.0,1.2823499843092574,-0.1495659531474014,-0.21205921463725197,0.014612858395208761,-0.12697737292615718
GSM8382417,CK,93,Lung Cancer,DSP-1001250002070-D-D12.dcc,30.91284503365171,1559234.0,76.0,2.4585249244211083,0.8613060368449466,-0.5750700666767807,-0.17811873846114423,-0.4270374275920008
GSM8382418,CD45,93,Lung Cancer,DSP-1001250002070-D-E01.dcc,46.362389339915985,1111285.0,57.0,1.2294448325795302,-0.30641252049150935,-0.12423876476077877,0.1672856935301552,-0.0028063620555469626
GSM8382419,CD68,94,Lung Cancer,DSP-1001250002070-D-E02.dcc,10.723616759347673,311583.0,16.0,1.4920339246600691,-0.2530311767059952,-0.03965579981548606,0.2057849900023716,0.034632918003773216
GSM8382420,CK,94,Lung Cancer,DSP-1001250002070-D-E03.dcc,23.001494395379854,864622.0,44.0,1.9129191888000967,0.0852022169743134,-0.3247477279087745,-0.12313236963634555,-0.2366889086188091
GSM8382422,CD68,96,Lung Cancer,DSP-1001250002070-D-E05.dcc,35.95309215786396,802182.0,44.0,1.2238168502114761,-0.3408440021152055,0.26852504156271584,0.3565011461388643,0.3089952198098196
GSM8382423,CK,96,Lung Cancer,DSP-1001250002070-D-E06.dcc,12.00342521427624,285408.0,16.0,1.3329528625687979,1.1943185680175001,-0.03814048379553725,0.2330976965369036,0.07472567471547542
GSM8382424,CD45,96,Lung Cancer,DSP-1001250002070-D-E07.dcc,30.381979992626032,834880.0,44.0,1.4482268769408437,-0.3295274679410225,0.5931488175678976,0.6874921653639721,0.6259339438244771
GSM8382425,CD68,98,Lung Cancer,DSP-1001250002070-D-E08.dcc,14.878113919213357,277435.0,17.0,1.142617948236468,-0.04585865222876606,-0.2406020768707493,-0.1843680674097583,-0.20767526535626368
GSM8382426,CK,98,Lung Cancer,DSP-1001250002070-D-E09.dcc,40.881615408563206,1304219.0,66.0,1.6144176138933934,1.298422453180069,-0.3673244162424707,-0.14300871225352196,-0.28308253629444025
GSM8382427,CD45,98,Lung Cancer,DSP-1001250002070-D-E10.dcc,14.114629814472263,316465.0,18.0,1.2752725531309308,-0.28924687050022024,-0.10843451860278241,-0.04653760388940631,-0.09008180734318172
GSM8382428,CD68,99,Lung Cancer,DSP-1001250002070-D-E11.dcc,4.096526961747549,82717.0,5.0,1.2205460983630474,0.1204906887926076,0.0048870944710546205,-0.12984419769915556,-0.057314240657624804
GSM8382429,CK,99,Lung Cancer,DSP-1001250002070-D-E12.dcc,69.17516785441981,1949507.0,99.0,1.4311494004372638,0.2915805392425499,-0.3141085852762884,-0.08706248524008853,-0.22711572803205193
GSM8382431,CD68,1,Lung Cancer,DSP-1001250002073-A-A02.dcc,8.213784256879483,151712.0,9.0,1.0957190642622514,-0.8716520727001047,-0.16914122108494167,0.09960483102196971,-0.08302374712738558
GSM8382432,CK,1,Lung Cancer,DSP-1001250002073-A-A03.dcc,3.856378709604936,118201.0,7.0,1.8151744232394411,0.7751988808612924,0.18699757182533983,-0.5352918741667234,-0.1413097311268201
GSM8382433,CD45,1,Lung Cancer,DSP-1001250002073-A-A04.dcc,11.514267836507889,471311.0,20.0,1.7369754016479184,-0.3835962181808612,0.2814859311444904,1.073079967996967,0.6039851151857936
GSM8382434,CD68,100,Lung Cancer,DSP-1001250002073-A-A05.dcc,2.7526405856166627,51627.0,3.0,1.0898625907340977,-0.12891031623767946,0.333333380345592,-1.1251861833869623,-0.1926049376756067
GSM8382435,CK,100,Lung Cancer,DSP-1001250002073-A-A06.dcc,52.357100434503145,2206854.0,115.0,2.1964547128399685,0.6747567815430315,-0.4514353238768889,-0.2470250490510857,-0.37604819735921646
GSM8382437,CD68,101,Lung Cancer,DSP-1001250002073-A-A08.dcc,9.537864586951635,207376.0,12.0,1.2581432552960243,-0.13811341547079703,-0.09202833676677624,0.16622492609415307,0.04693694371473445
GSM8382438,CK,101,Lung Cancer,DSP-1001250002073-A-A09.dcc,68.31349743622127,1777952.0,96.0,1.405285977191072,-0.02819042389052351,-0.08404793891240958,0.03697622919413801,-0.04077164195348093
GSM8382439,CD45,101,Lung Cancer,DSP-1001250002073-A-A10.dcc,12.122441572947238,292680.0,17.0,1.4023577591776273,-0.43602681080392136,0.07911514572623135,0.2966503436663035,0.1830155766747561
GSM8382440,CD68,102,Lung Cancer,DSP-1001250002073-A-A11.dcc,6.767247536265889,152624.0,10.0,1.4777056619267568,-0.5844366496826416,0.20222380429577758,0.015874708676637983,0.10547663049247458
GSM8382441,CK,102,Lung Cancer,DSP-1001250002073-A-A12.dcc,41.613679748722255,1392334.0,72.0,1.7302002715155407,1.1158960543708898,-0.1713964171571063,-0.06154936840112679,-0.12058063568263044
GSM8382442,CD45,102,Lung Cancer,DSP-1001250002073-A-B01.dcc,5.410857999815018,132373.0,8.0,1.4785085840865713,0.06796028859318959,0.15792547676691404,0.17474583546425482,0.15014272686733232
GSM8382443,CD68,103,Lung Cancer,DSP-1001250002073-A-B02.dcc,7.534842941026997,186411.0,12.0,1.592601211985502,-0.33772272584938934,0.09004594541893995,0.10296990545432472,0.08707641888600381
GSM8382444,CK,103,Lung Cancer,DSP-1001250002073-A-B03.dcc,7.701292524399829,157449.0,10.0,1.298483334884012,-0.3828886988261644,-0.2627185916017245,-0.03786853865984252,-0.1676023487543099
GSM8382445,CD45,103,Lung Cancer,DSP-1001250002073-A-B04.dcc,3.7341624933126303,79928.0,5.0,1.3389883297671994,-0.022692878181711063,0.45978811775807227,0.4116780018016484,0.43650339912346103
GSM8382446,CD68,109,Lung Cancer,DSP-1001250002073-A-B05.dcc,4.645859754049475,85773.0,6.0,1.2914724760622003,-0.0024509759941060416,-0.21618915243681158,0.3617937262484916,0.006011209097829262
GSM8382447,CK,109,Lung Cancer,DSP-1001250002073-A-B06.dcc,27.60157327072819,691801.0,41.0,1.485422573483556,0.2289193515909682,0.04188313426758139,0.16815668848603016,0.11158228412774207
GSM8382448,CD45,109,Lung Cancer,DSP-1001250002073-A-B07.dcc,3.751252671575883,57799.0,4.0,1.0663104701821164,-3.511175656874711,-0.3367372386609331,0.299172472457097,-0.07520293606085549
GSM8382449,CD68,116,Lung Cancer,DSP-1001250002073-A-B08.dcc,4.093748212214046,74390.0,5.0,1.2213745791893293,-0.19372237566949257,-0.09284667460776008,0.11006030404571288,0.0032231023914364165
GSM8382450,CK,116,Lung Cancer,DSP-1001250002073-A-B09.dcc,18.439819951210104,449627.0,26.0,1.4099920752368171,1.3685490767248245,-0.10657166246751926,0.12149777552969887,0.03504310500936558
GSM8382451,CD45,116,Lung Cancer,DSP-1001250002073-A-B10.dcc,2.7248544016049956,23574.0,2.0,0.7339841713458006,0.18623883752740777,0.7844626768633338,0.3419895903230663,0.5916524053452328
GSM8382452,CD68,117,Lung Cancer,DSP-1001250002073-A-B11.dcc,15.767835644157962,331768.0,20.0,1.268404900415744,-0.5659856571771913,0.1261784054927393,0.09463851733489825,0.11893247002399443
GSM8382453,CK,117,Lung Cancer,DSP-1001250002073-A-B12.dcc,23.97942071153993,583231.0,34.0,1.4178824588384547,-0.19808577675962313,0.09192449689289406,0.1185613705887536,0.10284345687978336
GSM8382454,CD45,117,Lung Cancer,DSP-1001250002073-A-C01.dcc,4.175880337333141,80770.0,5.0,1.1973523176176952,-0.23674879520127634,0.2915645366234938,-0.0010682101543375566,0.2016238530108363
GSM8382455,CD68,118,Lung Cancer,DSP-1001250002073-A-C02.dcc,10.001646628991802,253635.0,14.0,1.3997695098943168,-0.1936449428029805,0.41316084865163427,-0.00017282787146166712,0.24829479585320602
GSM8382456,CK,118,Lung Cancer,DSP-1001250002073-A-C03.dcc,8.992596358938433,336468.0,17.0,1.8904440187735538,0.9589601841350701,0.20913273844290003,-0.14001177099863105,0.08972931980878052
GSM8382457,CD45,118,Lung Cancer,DSP-1001250002073-A-C04.dcc,7.7194441719121585,269347.0,13.0,1.6840590734889416,-0.6920004126461672,1.1313960360686859,0.22327012325155726,0.774076930300867
GSM8382458,CD68,119,Lung Cancer,DSP-1001250002073-A-C05.dcc,4.146145589188192,72532.0,5.0,1.2059393218217864,-0.9415537510557828,0.14176623647139897,0.2233280893621492,0.17827296767447587
GSM8382459,CK,119,Lung Cancer,DSP-1001250002073-A-C06.dcc,6.0848287944609405,145453.0,9.0,1.4790884516245977,0.42561637871908964,-0.05021104125958997,0.09409184314091323,0.060432329556129094
GSM8382460,CD45,119,Lung Cancer,DSP-1001250002073-A-C07.dcc,25.889362000634254,592206.0,33.0,1.274654817650259,-0.17476814713230127,0.14595470648646813,0.47199992696529414,0.29168618601796936
GSM8382461,CD68,120,Lung Cancer,DSP-1001250002073-A-C08.dcc,2.5776741845381883,23039.0,2.0,0.7758932498128411,0.5509215604653392,-0.9700231509055155,-0.37943878296655487,-0.860846425443103
GSM8382462,CK,120,Lung Cancer,DSP-1001250002073-A-C09.dcc,41.46000170036948,1254455.0,66.0,1.5918957378965044,1.2305796039876928,-0.2165729787435109,-0.09630959789530946,-0.17626135953087996
GSM8382463,CD45,120,Lung Cancer,DSP-1001250002073-A-C10.dcc,3.150251250360322,48550.0,4.0,1.2697399928156474,0.5985542113946041,0.32345285335724094,-0.08072974228555818,0.18462641175576966
GSM8382464,CD68,15,Lung Cancer,DSP-1001250002073-A-C11.dcc,21.451553187608074,555790.0,31.0,1.4451168047779301,-0.012577269837564131,0.11957769386470307,0.04438879938036466,0.10080749714728876
GSM8382465,CK,15,Lung Cancer,DSP-1001250002073-A-C12.dcc,25.58596556212081,678006.0,37.0,1.446105284170995,1.1774145861255851,-0.001130509719729389,-0.14892910538774373,-0.0680168585187979
GSM8382466,CD45,15,Lung Cancer,DSP-1001250002073-A-D01.dcc,4.485655204072623,96415.0,6.0,1.3375972354166834,-0.21070259845306483,-0.007762168335262221,-0.3887721012272034,-0.1256349368119829
GSM8382467,CD68,17,Lung Cancer,DSP-1001250002073-A-D02.dcc,2.181477311307142,12522.0,2.0,0.9168099020024184,1.4953175641936127,-0.8952815466117034,-0.968294613439234,-0.7635356177965883
GSM8382468,CK,17,Lung Cancer,DSP-1001250002073-A-D03.dcc,51.521253352871874,1775112.0,90.0,1.746851913395528,1.1414933514618095,-0.2586558882846757,-0.14141117710027507,-0.1815998666611689
GSM8382469,CD68,18,Lung Cancer,DSP-1001250002073-A-D04.dcc,4.617299655624415,99330.0,7.0,1.5160376241713434,-0.39659204839679196,-0.015220234596908355,-0.27229317598743386,-0.11366874600305721
GSM8382470,CD45,18,Lung Cancer,DSP-1001250002073-A-D05.dcc,2.4303917306417113,18537.0,2.0,0.8229126090187641,1.4937378443736673,-0.022275438900405398,0.7160416804232663,0.280623297309317
GSM8382471,CD68,2,Lung Cancer,DSP-1001250002073-A-D06.dcc,2.9197974495392516,40524.0,3.0,1.027468532268704,0.06579179610304875,0.2598686835120825,0.8051232904835035,0.3563423677694395
GSM8382472,CK,2,Lung Cancer,DSP-1001250002073-A-D07.dcc,5.814486717070188,117111.0,7.0,1.2038895848621305,-0.2914325629215351,-0.019408455552623938,-0.06471782645905444,-0.03592436113837527
GSM8382473,CD68,20,Lung Cancer,DSP-1001250002073-A-D08.dcc,4.290566230414709,74825.0,5.0,1.165347353120038,0.17483497884706445,0.2179163744435444,0.16438167357939548,0.23960193329590274
GSM8382474,CK,20,Lung Cancer,DSP-1001250002073-A-D09.dcc,51.646219115457,1274426.0,71.0,1.3747376132467106,0.36285531132963467,-0.15980392112503283,0.06699270961289017,-0.07423207296033096
GSM8382475,CD68,21,Lung Cancer,DSP-1001250002073-A-D10.dcc,5.434078749662337,162866.0,8.0,1.4721906635042976,-0.9620339838180683,0.041456136820972045,0.3412988611180996,0.15370539616523837
GSM8382476,CK,21,Lung Cancer,DSP-1001250002073-A-D11.dcc,3.5727529893966077,70191.0,5.0,1.3994810206133048,0.4860308044659396,-0.06616538404193495,0.07655222858470667,-0.004573076990843639
GSM8382477,CD45,21,Lung Cancer,DSP-1001250002073-A-D12.dcc,12.82876239835385,226140.0,14.0,1.0912977858095212,-0.5147854427826788,0.09427514046211982,-0.15820343883253685,0.003282979106968398
GSM8382478,CD68,22,Lung Cancer,DSP-1001250002073-A-E01.dcc,19.21949941372322,603746.0,31.0,1.6129452350806388,-0.29108181756669893,0.19666979959258546,-0.18149498209085513,0.07469397288868906
GSM8382479,CK,22,Lung Cancer,DSP-1001250002073-A-E02.dcc,28.464491474069096,1023572.0,50.0,1.7565745042573329,1.0291907098108775,-0.17424721885300398,-0.0730257263631966,-0.1385625708258309
GSM8382480,CD45,22,Lung Cancer,DSP-1001250002073-A-E03.dcc,12.638723440096367,469581.0,22.0,1.7406821269785024,-0.6053609612159212,0.7594895309245557,0.20709013015994682,0.5534673056095456
GSM8382481,CD68,23,Lung Cancer,DSP-1001250002073-A-E04.dcc,13.51581586595628,417102.0,20.0,1.4797478893135945,-1.2095161776195895,-0.038084886913070104,-0.006629088105889025,0.0002157244540792469
GSM8382483,CD45,23,Lung Cancer,DSP-1001250002073-A-E06.dcc,3.2169834880310875,64819.0,4.0,1.2434008489263797,-0.21585851825260916,-0.2785765869653134,-0.4210226120498768,-0.32506023289550834
GSM8382484,CD68,24,Lung Cancer,DSP-1001250002073-A-E07.dcc,10.038006076909229,316585.0,17.0,1.6935634298036226,-0.2825372742290795,0.14681696322902127,0.22220548665342799,0.18575489006102286
GSM8382485,CD45,24,Lung Cancer,DSP-1001250002073-A-E08.dcc,77.42033978769675,3013530.0,158.0,2.040807369655959,-0.4324950840354722,0.6856004563155134,0.8975340816061359,0.7742438276060208
GSM8382486,CD68,25,Lung Cancer,DSP-1001250002073-A-E09.dcc,9.71426967385226,246266.0,13.0,1.338237503843638,-0.9169440173561183,-0.021430819632827003,0.33277653003535157,0.16272506086425542
GSM8382488,CD45,25,Lung Cancer,DSP-1001250002073-A-E11.dcc,9.205827361777963,222128.0,13.0,1.4121490105251389,-0.04724893751167514,-0.09088934965966411,0.1649034718723379,0.017080433713311027
GSM8382489,CD68,27,Lung Cancer,DSP-1001250002073-A-E12.dcc,11.312839863447827,217904.0,14.0,1.2375318813832483,-0.30891687772811105,0.08066984495923268,-0.09358867641712365,-0.004096337733304978
GSM8382490,CK,27,Lung Cancer,DSP-1001250002073-A-F01.dcc,6.439063189267596,142740.0,9.0,1.3977188506242466,0.405004428519137,-0.33231345538088375,-0.021601190349361143,-0.2000505813628246
GSM8382491,CD45,27,Lung Cancer,DSP-1001250002073-A-F02.dcc,13.92334241580124,349904.0,20.0,1.4364366976497338,-0.48982299777357863,0.12995582093194713,0.07442746124429878,0.11860404337680963
GSM8382492,CD68,3,Lung Cancer,DSP-1001250002073-A-F03.dcc,3.2929677226984304,61600.0,4.0,1.2147097502438289,-2.2126325320174116,0.27517988809336025,-0.6869046484536265,-0.057216042927655586
GSM8382493,CK,3,Lung Cancer,DSP-1001250002073-A-F04.dcc,22.28277730406564,1340159.0,56.0,2.51315171514919,0.6449238881536967,-0.5403024781288255,-0.3189702798139771,-0.43623457267767973
GSM8382494,CD45,3,Lung Cancer,DSP-1001250002073-A-F05.dcc,10.734560504044579,457495.0,24.0,2.2357692232446085,-0.3849985191645011,-0.01023518686924918,-0.07527480017651289,-0.04043154253861614
GSM8382495,CK,30,Lung Cancer,DSP-1001250002073-A-F06.dcc,29.56979168450055,660467.0,38.0,1.285095289322524,-0.244153470709215,-0.06524686559631565,0.06283469526737795,0.00708289872794321
GSM8382496,CD45,30,Lung Cancer,DSP-1001250002073-A-F07.dcc,22.021671194534434,505489.0,29.0,1.3168846153328053,-0.047487893907668166,-0.04297131262678988,0.059086969194048766,0.004953125815401194
GSM8382497,CD68,32,Lung Cancer,DSP-1001250002073-A-F08.dcc,6.088543016262755,153717.0,9.0,1.4781861565173509,-0.19587177431023717,0.08482064584426707,0.23119487999277943,0.16505215037223797
GSM8382498,CK,32,Lung Cancer,DSP-1001250002073-A-F09.dcc,11.226865689893085,359289.0,20.0,1.7814411031927526,1.5513418862988169,-0.2522316882115936,0.03906053409140364,-0.10774687326056842
GSM8382499,CD45,32,Lung Cancer,DSP-1001250002073-A-F10.dcc,2.7528488424106836,33834.0,3.0,1.0897801411329526,0.7824647457977791,-0.5909951365958175,0.2278103523591395,-0.3793588488857744
GSM8382501,CK,33,Lung Cancer,DSP-1001250002073-A-F12.dcc,38.838129975652656,1126047.0,58.0,1.4933777716990952,0.5096430067005087,-0.2520493748253321,-0.11306798989769895,-0.19854785325271607
GSM8382503,CD68,35,Lung Cancer,DSP-1001250002073-A-G02.dcc,10.05930283160928,309374.0,16.0,1.5905674844307607,0.020740564363991076,0.09544473431549871,0.07027345076668645,0.050762095473014135
GSM8382504,CK,35,Lung Cancer,DSP-1001250002073-A-G03.dcc,31.61275922370356,1031217.0,56.0,1.7714366406210644,1.4063778032446415,-0.21811299634204584,-0.05010160247326212,-0.16174237115413526
GSM8382505,CD45,35,Lung Cancer,DSP-1001250002073-A-G04.dcc,8.264008260098304,209037.0,11.0,1.3310732097294817,-0.556836129128826,0.008497370076483435,-0.021291417192300433,-0.013061976197190184
GSM8382506,CD68,4,Lung Cancer,DSP-1001250002073-A-G05.dcc,3.399817615031289,72755.0,5.0,1.4706671257581516,-0.11517961400452581,0.24333491641360228,0.2325714616468142,0.15949763193292466
GSM8382507,CK,4,Lung Cancer,DSP-1001250002073-A-G06.dcc,37.4797859247692,1397785.0,75.0,2.001078665458302,1.6047013672167125,-0.34420057468499277,-0.22866938065920017,-0.27153106467810817
GSM8382508,CD45,4,Lung Cancer,DSP-1001250002073-A-G07.dcc,6.040877630064398,213201.0,11.0,1.8209274667731907,-0.5806290164594623,0.16575256058981314,0.45544157686920483,0.2951964495281856
GSM8382509,CD68,40,Lung Cancer,DSP-1001250002073-A-G08.dcc,3.554905259459658,60762.0,4.0,1.1252057953882,-1.0016530480132557,-0.22206278891304754,0.3381764843504329,-0.022087663585111272
GSM8382510,CK,40,Lung Cancer,DSP-1001250002073-A-G09.dcc,22.861989087040357,601490.0,33.0,1.4434439573198168,0.10269865189058347,-0.1771029905475907,-0.04009400380769179,-0.12782619794892058
GSM8382511,CD45,40,Lung Cancer,DSP-1001250002073-A-G10.dcc,5.8308538738128295,126686.0,8.0,1.3720117453001361,0.02712183955593206,0.048054706702817196,0.15362551472510955,0.04601527628355706
GSM8382512,CD68,42,Lung Cancer,DSP-1001250002073-A-G11.dcc,2.159010535111728,10749.0,2.0,0.9263502736435237,-0.39097948095727175,0.4634336875860863,-1.0024205262529355,-0.18839262737996232
GSM8382513,CK,42,Lung Cancer,DSP-1001250002073-A-G12.dcc,93.37691060314054,3686931.0,188.0,2.0133456845559525,0.46264470803109115,-0.32638154974365996,-0.2977858419217321,-0.30625170239078914
GSM8382514,CD45,42,Lung Cancer,DSP-1001250002073-A-H01.dcc,15.467740498901017,372516.0,22.0,1.4223150434650167,0.09161263175010292,-0.05282592931502439,0.0582028421166676,0.01352625045507061
GSM8382515,CD68,45,Lung Cancer,DSP-1001250002073-A-H02.dcc,3.376899018927299,59761.0,4.0,1.184518689359753,0.43367949011665896,0.25676385368879595,0.2050829789301285,0.22439755766586078
GSM8382516,CK,45,Lung Cancer,DSP-1001250002073-A-H03.dcc,51.95140204473508,1371685.0,73.0,1.4051593821691295,0.7337446580623745,-0.004922823754380801,0.08119391162058864,0.022877640508338626
GSM8382517,CD45,45,Lung Cancer,DSP-1001250002073-A-H04.dcc,3.5727495716144544,68371.0,5.0,1.3994823593920689,-0.19926986518581158,0.3175386332180823,0.469472959490044,0.38481988486303376
GSM8382518,CD68,46,Lung Cancer,DSP-1001250002073-A-H05.dcc,13.492731447632728,594646.0,25.0,1.8528494469061858,-0.09505127102475575,0.04996957949499725,0.25328578351138953,0.12084817457604391
GSM8382519,CK,46,Lung Cancer,DSP-1001250002073-A-H06.dcc,43.30791027303779,1885960.0,96.0,2.2166851135222454,1.0386949708848956,-0.25644746890161896,-0.21966569560846771,-0.25302750837339527
GSM8382520,CD45,46,Lung Cancer,DSP-1001250002073-A-H07.dcc,4.089572430730765,236335.0,7.0,1.7116703808444764,-0.7272095663506128,-0.15114574471533793,0.6141497361975929,0.11815599996253434
GSM8382521,CD68,48,Lung Cancer,DSP-1001250002073-A-H08.dcc,11.953116578336912,262315.0,16.0,1.338563034597806,-0.7859885734183836,-0.00032297582420381943,0.058713818928195494,0.019431815746609793
GSM8382522,CK,48,Lung Cancer,DSP-1001250002073-A-H09.dcc,59.556420793948014,1602752.0,87.0,1.4607996726499175,-0.20777046606049598,-0.09747682809071456,-0.06700146612072144,-0.07365775108845218
GSM8382523,CD45,48,Lung Cancer,DSP-1001250002073-A-H10.dcc,2.828715442963446,74665.0,3.0,1.0605520634684666,-1.9204385135530464,0.6553132801323174,0.19938370104401137,0.3882136519198607
GSM8382524,CD68,49,Lung Cancer,DSP-1001250002073-A-H11.dcc,3.635685321593607,77302.0,5.0,1.375256535625691,0.5040047561434502,-0.5269328202091406,-1.0019246488729823,-0.6822632235558701
GSM8382525,CK,49,Lung Cancer,DSP-1001250002073-A-H12.dcc,20.684968084716065,628032.0,35.0,1.6920499880230022,1.1215538522753774,-0.2667462192969836,-0.07432085152063062,-0.221586982225785
GSM8382527,CD45,49,Lung Cancer,DSP-1001250002072-B-A02.dcc,2.8580323257791025,36272.0,3.0,1.0496732220067515,-0.5669840046688122,-0.7844009093250768,-0.8786074663983738,-0.6833589522205383
GSM8382528,CD68,51,Lung Cancer,DSP-1001250002072-B-A03.dcc,26.30107339178202,688166.0,37.0,1.4067866907500797,-0.02568797551791757,-0.08712120915276866,-0.01708061531195737,-0.05219520325566673
GSM8382529,CK,51,Lung Cancer,DSP-1001250002072-B-A04.dcc,46.13605050964771,1316014.0,70.0,1.5172516768716906,-0.030636055383924887,-0.23208989002689684,-0.012273247191924241,-0.13737149156524886
GSM8382530,CD45,51,Lung Cancer,DSP-1001250002072-B-A05.dcc,9.75787034784913,299714.0,16.0,1.639702048667493,-0.25222386870194047,0.2767336641708211,-0.05012345004733465,0.1532217095163606
GSM8382531,CD68,53,Lung Cancer,DSP-1001250002072-B-A06.dcc,10.614237162417622,350179.0,18.0,1.69583548252846,-0.05566499043640194,0.09445014192177581,0.26659864260006616,0.17919432325717288
GSM8382532,CK,53,Lung Cancer,DSP-1001250002072-B-A07.dcc,39.38913482810941,1514118.0,75.0,1.9040783791594598,1.346711356262095,-0.1911093562941466,-0.21187619655959855,-0.19621031052025284
GSM8382533,CD45,53,Lung Cancer,DSP-1001250002072-B-A08.dcc,9.25533971256991,345844.0,16.0,1.7287317912566729,-0.44061855909189873,0.142036457251844,0.4206942946897194,0.2585629780090981
GSM8382534,CD68,55,Lung Cancer,DSP-1001250002072-B-A09.dcc,2.2026109956532958,9746.0,2.0,0.9080132642336142,-0.2679918863574988,-0.6183508204879676,-0.5475302652254052,-0.640746534280467
GSM8382535,CK,55,Lung Cancer,DSP-1001250002072-B-A10.dcc,84.1860603957537,2712497.0,144.0,1.710496955470591,1.0723639490135697,-0.21871139213663504,-0.1741647858261688,-0.207153255610093
GSM8382536,CK,58,Lung Cancer,DSP-1001250002072-B-A11.dcc,16.587938544950227,820060.0,47.0,2.833384020120327,0.2386947009681979,-0.13364562049231488,0.019426770598727217,-0.05941560392961032
GSM8382537,CD45,58,Lung Cancer,DSP-1001250002072-B-A12.dcc,26.03975168749226,1366137.0,79.0,3.033823092788795,0.5054396657729359,-0.21425741010295285,-0.06508154216918216,-0.14665411557089225
GSM8382538,CD68,67,Lung Cancer,DSP-1001250002072-B-B01.dcc,5.130259468819293,166345.0,9.0,1.754297234808537,-0.09371051887140025,-0.1945671564678464,0.3568092092697257,0.02355823038992
GSM8382539,CK,67,Lung Cancer,DSP-1001250002072-B-B02.dcc,26.600685878514973,875151.0,46.0,1.7292787189804606,1.114707169810083,-0.28456523027486824,-0.15868249901469955,-0.23888832342228117
GSM8382540,CD45,67,Lung Cancer,DSP-1001250002072-B-B03.dcc,22.31735204668514,865631.0,37.0,1.6579027799803747,-0.6304584385563547,0.01563456921357531,0.456263767429264,0.20474085596250902
GSM8382541,CD68,69,Lung Cancer,DSP-1001250002072-B-B04.dcc,2.9369585872226023,50111.0,3.0,1.021464862681981,-0.07097338922099006,0.038751470072917904,1.009466329340766,0.35733189333416426
GSM8382542,CK,69,Lung Cancer,DSP-1001250002072-B-B05.dcc,27.98243207126539,1014402.0,54.0,1.9297822241638367,0.4405236892487987,-0.38052951749323016,-0.08924035143329467,-0.2746389594149088
GSM8382543,CD45,69,Lung Cancer,DSP-1001250002072-B-B06.dcc,5.110249123327345,247722.0,9.0,1.7611665855812506,-0.31531166489160656,-0.06627830724294315,0.610777322760303,0.1829437602605859
GSM8382544,CD68,70,Lung Cancer,DSP-1001250002072-B-B07.dcc,5.842582736993935,110183.0,8.0,1.3692574602916239,0.03518726294613339,0.07719000605350423,-0.09475224155404538,-0.035406230913991976
GSM8382545,CK,70,Lung Cancer,DSP-1001250002072-B-B08.dcc,23.27417089524982,456351.0,28.0,1.2030503739969833,-0.19891132051280858,0.0335813103557161,-0.05850410719991039,-0.007054576470648666
GSM8382546,CD45,70,Lung Cancer,DSP-1001250002072-B-B09.dcc,3.7657637031845352,59143.0,4.0,1.0622015387256991,-0.292591543499948,0.342572603694014,-0.3816718389966791,0.06417072568599202
GSM8382547,CD68,71,Lung Cancer,DSP-1001250002072-B-B10.dcc,16.933983678669623,604767.0,32.0,1.8896912036302376,-0.36028234985165364,0.09902009667543288,-0.20221262133281792,-0.024772848637230727
GSM8382548,CK,71,Lung Cancer,DSP-1001250002072-B-B11.dcc,81.70186494415852,3377991.0,168.0,2.0562566119491206,-0.2917811412573519,-0.2790011344383121,-0.20547639951999708,-0.2783808364047551
GSM8382549,CD68,72,Lung Cancer,DSP-1001250002072-B-B12.dcc,5.6990418727326295,91793.0,6.0,1.0528085481714604,-0.28907821812432655,0.18224069032738388,0.17746320407550087,0.17500476756332572
GSM8382550,CK,72,Lung Cancer,DSP-1001250002072-B-C01.dcc,66.73131469562416,1579823.0,88.0,1.318721209096312,0.15966548522125423,-0.14279975634880548,-0.009266337504191036,-0.08390783818946446
GSM8382551,CD68,77,Lung Cancer,DSP-1001250002072-B-C02.dcc,11.022652079127187,394025.0,20.0,1.8144453672698768,-0.31194947090390945,0.08397418304031046,0.09485258061273205,0.10837953818120205
GSM8382552,CK,77,Lung Cancer,DSP-1001250002072-B-C03.dcc,33.757566405437196,1269860.0,65.0,1.925494249773014,1.378948542972374,-0.18666139809615956,-0.13957312950673817,-0.15927004379802767
GSM8382554,CD68,8,Lung Cancer,DSP-1001250002072-B-C05.dcc,20.727415446954502,653725.0,34.0,1.6403395824729152,-0.7580082788063738,-0.008060084409359458,-0.02337041554671515,-0.0012868450693548361
GSM8382555,CK,8,Lung Cancer,DSP-1001250002072-B-C06.dcc,3.5759303158601115,85817.0,5.0,1.3982375377461347,-1.0850132702038975,-0.3425702298625062,-0.5322935485142701,-0.421509204572712
GSM8382556,CD68,80,Lung Cancer,DSP-1001250002072-B-C07.dcc,6.449025933911548,164961.0,10.0,1.5506217686947135,-0.5070880742444372,-0.05918691291575362,0.11438825312963496,-0.023870862507195945
GSM8382557,CK,80,Lung Cancer,DSP-1001250002072-B-C08.dcc,13.119881345092425,371904.0,21.0,1.6006242318536807,1.0383844998708844,-0.25399245626634137,-0.340348436664875,-0.26997327385113
GSM8382558,CD45,80,Lung Cancer,DSP-1001250002072-B-C09.dcc,20.469619898168464,623305.0,33.0,1.612145226153061,-0.3375138463745748,0.05322149909463736,-0.07621919411235423,0.0043243426809222996
GSM8382559,CD68,81,Lung Cancer,DSP-1001250002072-B-C10.dcc,5.825558899150541,191714.0,10.0,1.7165734950269165,-0.8972054025910658,-0.14977717857048667,0.04343878530231926,-0.08812682222599477
GSM8382560,CK,81,Lung Cancer,DSP-1001250002072-B-C11.dcc,13.754053741993186,563538.0,28.0,2.035763457467947,0.7859167240364986,-0.4653598008215214,-0.09896579062040356,-0.37112195957020955
GSM8382561,CD45,81,Lung Cancer,DSP-1001250002072-B-C12.dcc,7.021949791805525,239460.0,13.0,1.8513376463002824,-0.6482299482764469,0.08263244269644954,-0.31254037235922016,-0.06652002348665187
GSM8382562,CD68,87,Lung Cancer,DSP-1001250002072-B-D01.dcc,2.5354300708278785,23569.0,2.0,0.788820809144601,-0.6224801329648137,0.43066724419291136,0.3530557891567132,0.4360333128871021
GSM8382563,CK,87,Lung Cancer,DSP-1001250002072-B-D02.dcc,8.093810871547321,285577.0,16.0,1.976819109555154,0.3062590071687219,-0.21629821283780792,0.030994823301007113,-0.1338039914625253
GSM8382564,CD45,87,Lung Cancer,DSP-1001250002072-B-D03.dcc,7.115356934909661,241659.0,11.0,1.5459519600529583,-0.5333393452053983,-0.38944223913175735,-0.16227607854877446,-0.306036008457256
GSM8382566,CK,88,Lung Cancer,DSP-1001250002072-B-D05.dcc,3.351215623673947,51093.0,4.0,1.1935967270332755,0.25764683357194906,0.1356610118739252,-0.3658684815391524,-0.14722969583010226
GSM8382567,CD68,9,Lung Cancer,DSP-1001250002072-B-D06.dcc,3.454198653900442,75675.0,5.0,1.4475137364650572,0.3649048561857704,0.0247106207881278,0.07390272163536205,0.05974286243776161
GSM8382568,CK,9,Lung Cancer,DSP-1001250002072-B-D07.dcc,33.85765862115973,1263891.0,69.0,2.037943638455781,0.31153569969552075,-0.4040912311595708,-0.08802554306703803,-0.27781657595402764
GSM8382569,CD45,9,Lung Cancer,DSP-1001250002072-B-D08.dcc,8.80798452811675,287016.0,15.0,1.7030002666463784,-0.2001892537039498,-0.058274918031782086,0.11292798252659964,0.005778687482542733
GSM8382570,CD68,90,Lung Cancer,DSP-1001250002072-B-D09.dcc,66.68846544627675,1996283.0,106.0,1.5894802690488063,-0.7093431594267257,-0.14497584272363095,-0.024877955552363495,-0.10013912426515503
GSM8382571,CK,90,Lung Cancer,DSP-1001250002072-B-D10.dcc,62.86115810508058,1897151.0,102.0,1.6226236212430858,-0.13769602558633132,-0.23596098441428826,-0.05708794892050939,-0.17627264373228435
GSM8382572,CD68,93,Lung Cancer,DSP-1001250002072-B-D11.dcc,15.44091950099492,578281.0,26.0,1.6838375459651038,-0.5358724547335454,0.02687278669780735,0.2488357986104801,0.11320201948604458
GSM8382573,CK,93,Lung Cancer,DSP-1001250002072-B-D12.dcc,68.71116582443939,3181907.0,158.0,2.299480704543687,1.0317670207782648,-0.47422873436749846,-0.250605556508777,-0.3846433011016508
GSM8382574,CD45,93,Lung Cancer,DSP-1001250002072-B-E01.dcc,2.100750089418525,8234.0,1.0,0.4760204486183285,-1.3744290248105042,0.13265267024586258,-1.0374816385018029,-0.2414294628418555
GSM8382575,CD68,94,Lung Cancer,DSP-1001250002072-B-E02.dcc,21.144756447994464,679488.0,34.0,1.6079636615168877,-0.5855935760930557,-0.11372035198725294,0.1500399656603033,-0.0030472441502507053
GSM8382576,CK,94,Lung Cancer,DSP-1001250002072-B-E03.dcc,16.769654960535018,653337.0,35.0,2.087103168333963,0.5137604681418142,-0.27712169189219926,-0.2628016938724458,-0.27322116821054543
GSM8382577,CD45,94,Lung Cancer,DSP-1001250002072-B-E04.dcc,13.237726230865267,743856.0,24.0,1.8130001770274766,-0.8668525093296364,-0.08585171601276409,0.4053089028576231,0.09817983025538579
GSM8382578,CD68,96,Lung Cancer,DSP-1001250002072-B-E05.dcc,3.667286785587177,63495.0,4.0,1.0907246239155393,-0.419053437523921,-0.04608638693989864,-0.08661591476006691,-0.03946622324883853
GSM8382579,CK,96,Lung Cancer,DSP-1001250002072-B-E06.dcc,11.860583607738485,318565.0,18.0,1.5176318969882585,0.7532009234526553,-0.08893523344589171,0.1355231323192112,0.03458605327502573
GSM8382580,CD45,96,Lung Cancer,DSP-1001250002072-B-E07.dcc,4.8953149708752575,120056.0,7.0,1.429938633498885,-0.05044412860207492,0.31126279838888404,0.35166185436982467,0.33157814788964934
GSM8382581,CD68,98,Lung Cancer,DSP-1001250002072-B-E08.dcc,2.674054810644439,28198.0,2.0,0.7479278255773696,0.8530760079733164,0.5090236186334578,-1.0896856547888036,-0.056308896050270896
GSM8382582,CK,98,Lung Cancer,DSP-1001250002072-B-E09.dcc,34.67185839905795,918272.0,49.0,1.413249888022482,1.0619369424391651,-0.09133156260798136,-0.1935691178516179,-0.10600324317704146
GSM8382583,CD45,98,Lung Cancer,DSP-1001250002072-B-E10.dcc,2.8599338326752983,39024.0,3.0,1.0489753174442076,1.0674611229161979,-0.07928736348761589,0.6734539214231363,0.23270875166082927
GSM8382584,CD68,99,Lung Cancer,DSP-1001250002072-B-E11.dcc,3.156711921228235,46973.0,3.0,0.950355963692987,-0.18735227618738692,0.1938734756862326,0.22903371669220673,0.2669418925161682
GSM8382585,CK,99,Lung Cancer,DSP-1001250002072-B-E12.dcc,10.88846330802576,458503.0,21.0,1.9286468077199788,0.3403258993883491,-0.3779268076511193,-0.1850154504221697,-0.3012360312729001
GSM8382586,CD45,99,Lung Cancer,DSP-1001250002072-B-F01.dcc,3.1248959180390767,53057.0,4.0,1.2800426333911517,-1.1711969621595895,-0.1090124049896195,-0.5871877176265299,-0.2911026943950388
GSM8382421,CD45,94,Lung Cancer,DSP-1001250002070-D-E04.dcc,2.245520666878705,5417.0,1.0,0.4453310159865994,-1.2601581971530635,-0.8217894741164555,-0.8048266428209729,-0.9965660573789304
GSM8382436,CD45,100,Lung Cancer,DSP-1001250002073-A-A07.dcc,2.1111001188884817,5084.0,1.0,0.4736866769381413,-1.273763791020453,0.8957139027365677,-0.10729324810082896,0.41937505472474346
GSM8382487,CK,25,Lung Cancer,DSP-1001250002073-A-E10.dcc,3.073584299844752,42638.0,3.0,0.9760591242451139,-0.1075149595271041,0.035017958031822616,0.019370446686033382,0.023271297573956407
GSM8382500,CD68,33,Lung Cancer,DSP-1001250002073-A-F11.dcc,2.0389909290362427,4442.0,1.0,0.49043867030475896,-0.9071306724070193,-0.44309906086267603,-0.9080137814713085,-0.5246617853030938
GSM8382502,CD45,33,Lung Cancer,DSP-1001250002073-A-G01.dcc,2.3007390600701685,6532.0,1.0,0.4346429446760041,0.632728425769401,0.6556867192975615,-1.1103318134288578,-0.2892108484577365
GSM8382565,CD68,88,Lung Cancer,DSP-1001250002072-B-D04.dcc,2.4853074820744707,22144.0,2.0,0.8047294004565634,-1.6339904263554044,-0.3988307914870366,-0.5406198142647611,-0.5785663635924119
GSM8382553,CD45,77,Lung Cancer,DSP-1001250002072-B-C04.dcc,2.075096471587838,4713.0,1.0,0.4819053059421437,-0.9940628899970955,-0.46326798958594073,0.6153283200642281,0.004927112199769601
GSM8382482,CK,23,Lung Cancer,DSP-1001250002073-A-E05.dcc,2.0,1730.0,1.0,0.5,1.306273633140971,0.09492106826441293,0.9020940936019045,0.4241538845924702
