ligand	receptor	pathway	cpdb_mean_score_high	pass_expr_prop_high	ligand_frac_high	receptor_frac_high	n_sender_high	n_receiver_high	cpdb_mean_score_low	pass_expr_prop_low	ligand_frac_low	receptor_frac_low	n_sender_low	n_receiver_low	delta_high_minus_low	pass_either	pass_both
IFNG	IFNGR1	IFN	0.0979616881813854	False	0.005431502715751358	0.10847121658453322	3314	36323	0.10467707365751266	False	0.024147298520977967	0.10847121658453322	3313	36323	-0.006715385476127267	False	False
IFNG	IFNGR1+IFNGR2	IFN	0.0220088844653219	False	0.005431502715751358	0.025383365911405997	3314	36323	0.028724269941449165	False	0.024147298520977967	0.025383365911405997	3313	36323	-0.006715385476127267	False	False
IFNG	IFNGR2	IFN	0.0220088844653219	False	0.005431502715751358	0.025383365911405997	3314	36323	0.028724269941449165	False	0.024147298520977967	0.025383365911405997	3313	36323	-0.006715385476127267	False	False
IFNL1	IFNLR1+IL10RB	IFN	0.0035205099266022444	False	0.0009052504526252263	0.003744184125760537	3314	36323	0.00423934671562165	False	0.0024147298520977964	0.003744184125760537	3313	36323	-0.0007188367890194058	False	False
CD93	IFNGR1	IFN_partial	0.10139081627130508	False	0.0171997585998793	0.10847121658453322	3314	36323	0.09868860989809036	False	0.00784787201931784	0.10847121658453322	3313	36323	0.0027022063732147217	False	False
IL10	IL10RA+IL10RB	IFN_partial	0.0037592474836856127	False	0.002715751357875679	0.003744184125760537	3314	36323	0.003442966495640576	False	0.0024147298520977964	0.003744184125760537	3313	36323	0.0003162809880450368	False	False
IL26	IL10RB+IL20RA	IFN_partial	0.0008853013132466003	False	0.0006035003017501509	0.0011562921564848719	3314	36323	0.001937933440785855	False	0.006338665861756716	0.0011562921564848719	3313	36323	-0.0010526321275392547	False	False
HLA-A	CD8A	MHC_I	1.817979633808136	True	0.963789981894991	0.4383448503702888	3314	36323	1.9733824133872986	True	0.9538182915786296	0.4383448503702888	3313	36323	-0.1554027795791626	True	True
HLA-A	CD8B	MHC_I	1.3796368688344955	True	0.963789981894991	0.19406436693004434	3314	36323	1.5350396484136581	True	0.9538182915786296	0.19406436693004434	3313	36323	-0.1554027795791626	True	True
HLA-B	CD8A	MHC_I	1.862392246723175	True	0.9336149668074833	0.4383448503702888	3314	36323	1.8292925953865051	True	0.8934500452761848	0.4383448503702888	3313	36323	0.03309965133666992	True	True
HLA-B	CD8B	MHC_I	1.4240494817495346	True	0.9336149668074833	0.19406436693004434	3314	36323	1.3909498304128647	True	0.8934500452761848	0.19406436693004434	3313	36323	0.03309965133666992	True	True
HLA-C	CD8A	MHC_I	2.0062703490257263	True	0.9616777308388654	0.4383448503702888	3314	36323	1.9850249886512756	True	0.9405372773920918	0.4383448503702888	3313	36323	0.021245360374450684	True	True
HLA-C	CD8B	MHC_I	1.5679275840520859	True	0.9616777308388654	0.19406436693004434	3314	36323	1.5466822236776352	True	0.9405372773920918	0.19406436693004434	3313	36323	0.021245360374450684	True	True
HLA-C	KIR2DL1	MHC_I	1.382186567177996	False	0.9616777308388654	0.002367645844230928	3314	36323	1.3609412068035454	False	0.9405372773920918	0.002367645844230928	3313	36323	0.021245360374450684	False	False
HLA-E	KLRC1	MHC_I	0.863765075802803	False	0.9004224502112251	0.04853673980673402	3314	36323	0.7686556726694107	False	0.8204044672502264	0.04853673980673402	3313	36323	0.09510940313339233	False	False
HLA-E	KLRC1+KLRD1	MHC_I	0.863765075802803	False	0.9004224502112251	0.04853673980673402	3314	36323	0.7686556726694107	False	0.8204044672502264	0.04853673980673402	3313	36323	0.09510940313339233	False	False
HLA-E	KLRC2	MHC_I	0.8487485907971859	False	0.9004224502112251	0.03534950306968037	3314	36323	0.7536391876637936	False	0.8204044672502264	0.03534950306968037	3313	36323	0.09510940313339233	False	False
HLA-E	KLRC2+KLRD1	MHC_I	0.8487485907971859	False	0.9004224502112251	0.03534950306968037	3314	36323	0.7536391876637936	False	0.8204044672502264	0.03534950306968037	3313	36323	0.09510940313339233	False	False
HLA-E	KLRD1	MHC_I	1.087421029806137	True	0.9004224502112251	0.23910469950169314	3314	36323	0.9923116266727448	True	0.8204044672502264	0.23910469950169314	3313	36323	0.09510940313339233	True	True
HLA-E	KLRK1	MHC_I	0.8234941591508687	False	0.9004224502112251	0.004872945516614817	3314	36323	0.7283847560174763	False	0.8204044672502264	0.004872945516614817	3313	36323	0.09510940313339233	False	False
HLA-F	LILRB1	MHC_I	0.31790688820183277	False	0.6086300543150271	0.027778542521267515	3314	36323	0.2932583410292864	False	0.5445215816480531	0.027778542521267515	3313	36323	0.024648547172546387	False	False
HLA-F	LILRB2	MHC_I	0.2979472205042839	False	0.6086300543150271	0.005698868485532583	3314	36323	0.2732986733317375	False	0.5445215816480531	0.005698868485532583	3313	36323	0.024648547172546387	False	False
HLA-G	LILRB1	MHC_I	0.03815417271107435	False	0.012975256487628244	0.027778542521267515	3314	36323	0.031677336897701025	False	0.007546030787805615	0.027778542521267515	3313	36323	0.006476835813373327	False	False
HLA-G	LILRB2	MHC_I	0.018194505013525486	False	0.012975256487628244	0.005698868485532583	3314	36323	0.011717669200152159	False	0.007546030787805615	0.005698868485532583	3313	36323	0.006476835813373327	False	False
B2M+CD1B	IL6ST	MHC_I_partial	0.24205969274044037	False	0.0	0.24304159898686784	3314	36323	0.24211356377054472	False	0.00030184123151222455	0.24304159898686784	3313	36323	-5.387103010434657e-05	False	False
CD1D	LILRB2	MHC_I_partial	0.004552423357381485	False	0.0006035003017501509	0.005698868485532583	3314	36323	0.004697070427937433	False	0.0024147298520977964	0.005698868485532583	3313	36323	-0.00014464707055594772	False	False
CEACAM5	CD8A	MHC_I_partial	0.8183794915676117	True	0.20820760410380204	0.4383448503702888	3314	36323	0.6943443268537521	False	0.08572290974947178	0.4383448503702888	3313	36323	0.12403516471385956	True	False
HLA-E	VSIR	MHC_I_partial	0.9306601583957672	True	0.9004224502112251	0.1271646064477053	3314	36323	0.8355507552623749	True	0.8204044672502264	0.1271646064477053	3313	36323	0.09510940313339233	True	True
HLA-F	VSIR	MHC_I_partial	0.4048851728439331	True	0.6086300543150271	0.1271646064477053	3314	36323	0.3802366256713867	True	0.5445215816480531	0.1271646064477053	3313	36323	0.024648547172546387	True	True
LCK	CD8A+CD8B	MHC_I_partial	0.19164173118770123	False	0.014785757392878697	0.19406436693004434	3314	36323	0.19475909369066358	False	0.02324177482644129	0.19406436693004434	3313	36323	-0.003117362502962351	False	False
MICA	HCST+KLRK1	MHC_I_partial	0.040521685499697924	False	0.13065781532890766	0.004872945516614817	3314	36323	0.04299352737143636	False	0.16691820102626018	0.004872945516614817	3313	36323	-0.002471841871738434	False	False
MICB	HCST+KLRK1	MHC_I_partial	0.03397909039631486	False	0.10410380205190102	0.004872945516614817	3314	36323	0.03035280155017972	False	0.09296709930576516	0.004872945516614817	3313	36323	0.0036262888461351395	False	False
ULBP1	HCST+KLRK1	MHC_I_partial	0.024644203949719667	False	0.0712130356065178	0.004872945516614817	3314	36323	0.02045297482982278	False	0.05674615152429822	0.004872945516614817	3313	36323	0.004191229119896889	False	False
ULBP2	HCST+KLRK1	MHC_I_partial	0.09519760357216	False	0.2567893783946892	0.004872945516614817	3314	36323	0.049723629374057055	False	0.15393902807123452	0.004872945516614817	3313	36323	0.04547397419810295	False	False
CCL19	CCR7	T_recruit	0.14116645152535057	False	0.0006035003017501509	0.13660765905899844	3314	36323	0.14143300519208424	False	0.0006036824630244491	0.13660765905899844	3313	36323	-0.000266553666733671	False	False
CCL21	CCR7	T_recruit	0.14241390826646239	False	0.0012070006035003018	0.13660765905899844	3314	36323	0.14151596438023262	False	0.001509206157561123	0.13660765905899844	3313	36323	0.0008979438862297684	False	False
CCL3	CCR1	T_recruit	0.08137443661689758	False	0.05069402534701267	0.07763675907826997	3314	36323	0.085298340767622	False	0.05976456383942046	0.07763675907826997	3313	36323	-0.003923904150724411	False	False
CCL3	CCR5	T_recruit	0.20593051612377167	False	0.05069402534701267	0.2071414806045756	3314	36323	0.20985442027449608	False	0.05976456383942046	0.2071414806045756	3313	36323	-0.003923904150724411	False	False
CCL4	CCR5	T_recruit	0.21238381788134575	False	0.06457453228726615	0.2071414806045756	3314	36323	0.2223995476961136	False	0.0959855116208874	0.2071414806045756	3313	36323	-0.010015729814767838	False	False
CCL5	CCR1	T_recruit	0.0854785367846489	False	0.04767652383826192	0.07763675907826997	3314	36323	0.10008040815591812	False	0.08089345004527619	0.07763675907826997	3313	36323	-0.014601871371269226	False	False
CCL5	CCR5	T_recruit	0.21003461629152298	False	0.04767652383826192	0.2071414806045756	3314	36323	0.2246364876627922	False	0.08089345004527619	0.2071414806045756	3313	36323	-0.014601871371269226	False	False
CX3CL1	CX3CR1	T_recruit	0.12032184936106205	False	0.07724803862401931	0.07378245188998706	3314	36323	0.1494876928627491	False	0.16299426501660128	0.07378245188998706	3313	36323	-0.02916584350168705	False	False
CXCL10	CXCR3	T_recruit	0.2024374958127737	False	0.022933011466505733	0.2054070423698483	3314	36323	0.21022497490048409	False	0.03833383640205252	0.2054070423698483	3313	36323	-0.0077874790877103806	False	False
CXCL11	CXCR3	T_recruit	0.19355008471757174	False	0.012070006035003017	0.2054070423698483	3314	36323	0.1906864228658378	False	0.009658919408391186	0.2054070423698483	3313	36323	0.002863661851733923	False	False
CXCL12	CXCR4	T_recruit	1.2948748188791797	False	0.004828002414001207	0.8209949618698896	3314	36323	1.3127522356808186	False	0.06157561122849381	0.8209949618698896	3313	36323	-0.0178774168016389	False	False
CXCL13	CXCR5	T_recruit	0.047647776547819376	False	0.012371756185878094	0.046774770806376126	3314	36323	0.052194954827427864	False	0.03229701177180803	0.046774770806376126	3313	36323	-0.004547178279608488	False	False
CXCL16	CXCR6	T_recruit	0.42503832280635834	True	0.5027157513578757	0.20518679624480357	3314	36323	0.3804905563592911	True	0.45034711741623906	0.20518679624480357	3313	36323	0.04454776644706726	True	True
CXCL9	CXCR3	T_recruit	0.19555376283824444	False	0.02172601086300543	0.2054070423698483	3314	36323	0.1988406926393509	False	0.033202535466344704	0.2054070423698483	3313	36323	-0.003286929801106453	False	False
CCL19	ACKR4	T_recruit_partial	0.0006308777010417543	False	0.0006035003017501509	0.0006882691407648047	3314	36323	0.0008974313677754253	False	0.0006036824630244491	0.0006882691407648047	3313	36323	-0.000266553666733671	False	False
CCL19	CCRL2	T_recruit_partial	0.026880419951339718	False	0.0006035003017501509	0.03320210335049418	3314	36323	0.02714697361807339	False	0.0006036824630244491	0.03320210335049418	3313	36323	-0.000266553666733671	False	False
CCL21	ACKR4	T_recruit_partial	0.001878334442153573	False	0.0012070006035003018	0.0006882691407648047	3314	36323	0.0009803905559238046	False	0.001509206157561123	0.0006882691407648047	3313	36323	0.0008979438862297684	False	False
CCL23	CCR1	T_recruit_partial	0.06666340232914081	False	0.00030175015087507544	0.07763675907826997	3314	36323	0.06709449921618216	False	0.0009055236945366737	0.07763675907826997	3313	36323	-0.00043109688704134896	False	False
CCL3	ACKR2	T_recruit_partial	0.015008564165327698	False	0.05069402534701267	0.0003303691875671062	3314	36323	0.01893246831605211	False	0.05976456383942046	0.0003303691875671062	3313	36323	-0.003923904150724411	False	False
CCL3	CCR3	T_recruit_partial	0.016080914065241814	False	0.05069402534701267	0.001624315172204939	3314	36323	0.020004818215966225	False	0.05976456383942046	0.001624315172204939	3313	36323	-0.003923904150724411	False	False
CCL4	ACKR2	T_recruit_partial	0.02146186592290178	False	0.06457453228726615	0.0003303691875671062	3314	36323	0.03147759573766962	False	0.0959855116208874	0.0003303691875671062	3313	36323	-0.010015729814767838	False	False
CCL5	ACKR1	T_recruit_partial	0.01916448478004895	False	0.04767652383826192	0.0003578999531976984	3314	36323	0.03376635615131818	False	0.08089345004527619	0.0003578999531976984	3313	36323	-0.014601871371269226	False	False
CCL5	ACKR2	T_recruit_partial	0.01911266433307901	False	0.04767652383826192	0.0003303691875671062	3314	36323	0.033714535704348236	False	0.08089345004527619	0.0003303691875671062	3313	36323	-0.014601871371269226	False	False
CCL5	CCR3	T_recruit_partial	0.020185014232993126	False	0.04767652383826192	0.001624315172204939	3314	36323	0.03478688560426235	False	0.08089345004527619	0.001624315172204939	3313	36323	-0.014601871371269226	False	False
CCL5	CCR4	T_recruit_partial	0.05642077699303627	False	0.04767652383826192	0.04294799438372381	3314	36323	0.0710226483643055	False	0.08089345004527619	0.04294799438372381	3313	36323	-0.014601871371269226	False	False
CCL5	GPR75	T_recruit_partial	0.019322641688631848	False	0.04767652383826192	0.0006056768438730281	3314	36323	0.033924513059901074	False	0.08089345004527619	0.0006056768438730281	3313	36323	-0.014601871371269226	False	False
CCL7	CCR1	T_recruit_partial	0.06698801982565783	False	0.0009052504526252263	0.07763675907826997	3314	36323	0.06798354058992118	False	0.0033202535466344703	0.07763675907826997	3313	36323	-0.0009955207642633468	False	False
CCL7	CCR5	T_recruit_partial	0.19154409933253191	False	0.0009052504526252263	0.2071414806045756	3314	36323	0.19253962009679526	False	0.0033202535466344703	0.2071414806045756	3313	36323	-0.0009955207642633468	False	False
CCL8	CCR1	T_recruit_partial	0.06923362123779953	False	0.009656004828002414	0.07763675907826997	3314	36323	0.06913646403700113	False	0.010262601871415635	0.07763675907826997	3313	36323	9.71572007983923e-05	False	False
CCL8	CCR5	T_recruit_partial	0.1937897007446736	False	0.009656004828002414	0.2071414806045756	3314	36323	0.19369254354387522	False	0.010262601871415635	0.2071414806045756	3313	36323	9.71572007983923e-05	False	False
CXCL10	DPP4	T_recruit_partial	0.06035389192402363	False	0.022933011466505733	0.05016105497893896	3314	36323	0.06814137101173401	False	0.03833383640205252	0.05016105497893896	3313	36323	-0.0077874790877103806	False	False
CXCL11	ACKR3	T_recruit_partial	0.016465369146317244	False	0.012070006035003017	0.008782314236158908	3314	36323	0.01360170729458332	False	0.009658919408391186	0.008782314236158908	3313	36323	0.002863661851733923	False	False
CXCL11	DPP4	T_recruit_partial	0.05146648082882166	False	0.012070006035003017	0.05016105497893896	3314	36323	0.048602818977087736	False	0.009658919408391186	0.05016105497893896	3313	36323	0.002863661851733923	False	False
CXCL12	DPP4	T_recruit_partial	0.04378075699787587	False	0.004828002414001207	0.05016105497893896	3314	36323	0.06165817379951477	False	0.06157561122849381	0.05016105497893896	3313	36323	-0.0178774168016389	False	False
CXCL13	ACKR4	T_recruit_partial	0.005447200615890324	False	0.012371756185878094	0.0006882691407648047	3314	36323	0.009994378895498812	False	0.03229701177180803	0.0006882691407648047	3313	36323	-0.004547178279608488	False	False
CXCL14	CXCR4	T_recruit_partial	1.5647655129432678	True	0.5413397706698854	0.8209949618698896	3314	36323	1.593576818704605	True	0.5822517355870812	0.8209949618698896	3313	36323	-0.02881130576133728	True	True
CXCL9	DPP4	T_recruit_partial	0.05347015894949436	False	0.02172601086300543	0.05016105497893896	3314	36323	0.056757088750600815	False	0.033202535466344704	0.05016105497893896	3313	36323	-0.003286929801106453	False	False
PF4	CXCR3	T_recruit_partial	0.18711286899633706	False	0.006638503319251659	0.2054070423698483	3314	36323	0.18570080492645502	False	0.004225777241171144	0.2054070423698483	3313	36323	0.0014120640698820353	False	False
ADCYAP1	VIPR1	other	0.008140617341268808	False	0.0009052504526252263	0.008919968064311869	3314	36323	0.008639969804789871	False	0.0018110473890733474	0.008919968064311869	3313	36323	-0.0004993524635210633	False	False
ADCYAP1	VIPR2	other	0.0015302914544008672	False	0.0009052504526252263	0.0015141921096825702	3314	36323	0.0020296439179219306	False	0.0018110473890733474	0.0015141921096825702	3313	36323	-0.0004993524635210633	False	False
ADM2	CALCRL+RAMP2	other	0.05532184298499487	False	0.16385033192516596	0.0005230845469812516	3314	36323	0.03971611018641852	False	0.12345306368849984	0.0005230845469812516	3313	36323	0.015605732798576355	False	False
AGRN	PTPRS	other	0.06142785510746762	False	0.19493059746529873	0.0006882691407648047	3314	36323	0.06585115304915234	False	0.24479323875641412	0.0006882691407648047	3313	36323	-0.004423297941684723	False	False
AKR1B1	PTGFR	other	0.3650270255311625	False	0.6237175618587809	0.00027530765630592185	3314	36323	0.300813928435673	False	0.5713854512526411	0.00027530765630592185	3313	36323	0.0642130970954895	False	False
AKR1C3	PTGDR	other	0.6620807908475399	False	0.6674713337356669	0.034716295460176745	3314	36323	0.7371762655675411	False	0.6860851192272864	0.034716295460176745	3313	36323	-0.07509547472000122	False	False
AKR1C3	PTGFR	other	0.6295660885079997	False	0.6674713337356669	0.00027530765630592185	3314	36323	0.7046615632280009	False	0.6860851192272864	0.00027530765630592185	3313	36323	-0.07509547472000122	False	False
ALCAM	CD6	other	0.7061838060617447	True	0.7266143633071817	0.23527792307904083	3314	36323	0.6891045421361923	True	0.6634470268638696	0.23527792307904083	3313	36323	0.017079263925552368	True	True
ALDH1A1	CRABP2+RARA	other	0.5632908085826784	False	0.656004828002414	0.004377391735264157	3314	36323	0.5356644729617983	False	0.5961364322366435	0.004377391735264157	3313	36323	0.027626335620880127	False	False
ALDH1A1	CRABP2+RARA+RXRA	other	0.5632908085826784	False	0.656004828002414	0.004377391735264157	3314	36323	0.5356644729617983	False	0.5961364322366435	0.004377391735264157	3313	36323	0.027626335620880127	False	False
ALDH1A1	CRABP2+RARB	other	0.5599309386161622	False	0.656004828002414	0.0005230845469812516	3314	36323	0.532304602995282	False	0.5961364322366435	0.0005230845469812516	3313	36323	0.027626335620880127	False	False
ALDH1A1	CRABP2+RARB+RXRB	other	0.5599309386161622	False	0.656004828002414	0.0005230845469812516	3314	36323	0.532304602995282	False	0.5961364322366435	0.0005230845469812516	3313	36323	0.027626335620880127	False	False
ALDH1A1	CRABP2+RARG	other	0.5632908085826784	False	0.656004828002414	0.004377391735264157	3314	36323	0.5356644729617983	False	0.5961364322366435	0.004377391735264157	3313	36323	0.027626335620880127	False	False
ALDH1A1	CRABP2+RXRA	other	0.5632908085826784	False	0.656004828002414	0.004377391735264157	3314	36323	0.5356644729617983	False	0.5961364322366435	0.004377391735264157	3313	36323	0.027626335620880127	False	False
ALDH1A1	CRABP2+RXRB	other	0.5632908085826784	False	0.656004828002414	0.004377391735264157	3314	36323	0.5356644729617983	False	0.5961364322366435	0.004377391735264157	3313	36323	0.027626335620880127	False	False
ALDH1A1	RORB	other	0.5611239351565018	False	0.656004828002414	0.001927153594141453	3314	36323	0.5334975995356217	False	0.5961364322366435	0.001927153594141453	3313	36323	0.027626335620880127	False	False
ALDH1A2	CRABP2+RARA	other	0.0051318861078470945	False	0.005733252866626433	0.004377391735264157	3314	36323	0.0053223042050376534	False	0.005131300935707818	0.004377391735264157	3313	36323	-0.0001904180971905589	False	False
ALDH1A2	CRABP2+RARA+RXRA	other	0.0051318861078470945	False	0.005733252866626433	0.004377391735264157	3314	36323	0.0053223042050376534	False	0.005131300935707818	0.004377391735264157	3313	36323	-0.0001904180971905589	False	False
ALDH1A2	CRABP2+RARB	other	0.0017720161413308233	False	0.005733252866626433	0.0005230845469812516	3314	36323	0.001962434238521382	False	0.005131300935707818	0.0005230845469812516	3313	36323	-0.0001904180971905589	False	False
ALDH1A2	CRABP2+RARB+RXRB	other	0.0017720161413308233	False	0.005733252866626433	0.0005230845469812516	3314	36323	0.001962434238521382	False	0.005131300935707818	0.0005230845469812516	3313	36323	-0.0001904180971905589	False	False
ALDH1A2	CRABP2+RARG	other	0.0051318861078470945	False	0.005733252866626433	0.004377391735264157	3314	36323	0.0053223042050376534	False	0.005131300935707818	0.004377391735264157	3313	36323	-0.0001904180971905589	False	False
ALDH1A2	CRABP2+RXRA	other	0.0051318861078470945	False	0.005733252866626433	0.004377391735264157	3314	36323	0.0053223042050376534	False	0.005131300935707818	0.004377391735264157	3313	36323	-0.0001904180971905589	False	False
ALDH1A2	CRABP2+RXRB	other	0.0051318861078470945	False	0.005733252866626433	0.004377391735264157	3314	36323	0.0053223042050376534	False	0.005131300935707818	0.004377391735264157	3313	36323	-0.0001904180971905589	False	False
ALDH1A2	RORB	other	0.002965012681670487	False	0.005733252866626433	0.001927153594141453	3314	36323	0.003155430778861046	False	0.005131300935707818	0.001927153594141453	3313	36323	-0.0001904180971905589	False	False
ALDH1A3	CRABP2+RARA	other	0.02273742319084704	False	0.0540132770066385	0.004377391735264157	3314	36323	0.016044897260144353	False	0.04527618472683369	0.004377391735264157	3313	36323	0.006692525930702686	False	False
ALDH1A3	CRABP2+RARA+RXRA	other	0.02273742319084704	False	0.0540132770066385	0.004377391735264157	3314	36323	0.016044897260144353	False	0.04527618472683369	0.004377391735264157	3313	36323	0.006692525930702686	False	False
ALDH1A3	CRABP2+RARB	other	0.019377553224330768	False	0.0540132770066385	0.0005230845469812516	3314	36323	0.012685027293628082	False	0.04527618472683369	0.0005230845469812516	3313	36323	0.006692525930702686	False	False
ALDH1A3	CRABP2+RARB+RXRB	other	0.019377553224330768	False	0.0540132770066385	0.0005230845469812516	3314	36323	0.012685027293628082	False	0.04527618472683369	0.0005230845469812516	3313	36323	0.006692525930702686	False	False
ALDH1A3	CRABP2+RARG	other	0.02273742319084704	False	0.0540132770066385	0.004377391735264157	3314	36323	0.016044897260144353	False	0.04527618472683369	0.004377391735264157	3313	36323	0.006692525930702686	False	False
ALDH1A3	CRABP2+RXRA	other	0.02273742319084704	False	0.0540132770066385	0.004377391735264157	3314	36323	0.016044897260144353	False	0.04527618472683369	0.004377391735264157	3313	36323	0.006692525930702686	False	False
ALDH1A3	CRABP2+RXRB	other	0.02273742319084704	False	0.0540132770066385	0.004377391735264157	3314	36323	0.016044897260144353	False	0.04527618472683369	0.004377391735264157	3313	36323	0.006692525930702686	False	False
ALDH1A3	RORB	other	0.02057054976467043	False	0.0540132770066385	0.001927153594141453	3314	36323	0.013878023833967745	False	0.04527618472683369	0.001927153594141453	3313	36323	0.006692525930702686	False	False
ALOX5+ALOX5AP+LTC4S	CYSLTR1	other	0.03783242776989937	False	0.003922751961375981	0.04140627150841065	3314	36323	0.0380705728312023	False	0.005131300935707818	0.04140627150841065	3313	36323	-0.00023814506130293012	False	False
ALOX5+ALOX5AP+LTC4S	CYSLTR2	other	0.010080147534608841	False	0.003922751961375981	0.011149960080389836	3314	36323	0.010318292595911771	False	0.005131300935707818	0.011149960080389836	3313	36323	-0.00023814506130293012	False	False
ALOX5+ALOX5AP+LTC4S	FPR2	other	0.002122878795489669	False	0.003922751961375981	0.0017069074690967156	3314	36323	0.002361023856792599	False	0.005131300935707818	0.0017069074690967156	3313	36323	-0.00023814506130293012	False	False
ALOX5+ALOX5AP+LTC4S	OXER1	other	0.0008574272360419855	False	0.003922751961375981	0.0001651845937835531	3314	36323	0.0010955722973449156	False	0.005131300935707818	0.0001651845937835531	3313	36323	-0.00023814506130293012	False	False
AMH	ACVR1+AMHR2	other	0.005864564824150875	False	0.022933011466505733	0.00013765382815296093	3314	36323	0.007557055942015722	False	0.027467552067612436	0.00013765382815296093	3313	36323	-0.0016924911178648472	False	False
AMH	AMHR2+BMPR1A	other	0.005864564824150875	False	0.022933011466505733	0.00013765382815296093	3314	36323	0.007557055942015722	False	0.027467552067612436	0.00013765382815296093	3313	36323	-0.0016924911178648472	False	False
AMH	AMHR2+BMPR1B	other	0.005864564824150875	False	0.022933011466505733	0.00013765382815296093	3314	36323	0.007557055942015722	False	0.027467552067612436	0.00013765382815296093	3313	36323	-0.0016924911178648472	False	False
ANXA1	FPR1	other	1.272838443517685	False	0.9167169583584792	0.008837375767420092	3314	36323	0.819165974855423	False	0.7784485360700272	0.008837375767420092	3313	36323	0.45367246866226196	False	False
ANXA1	FPR2	other	1.2670232539530843	False	0.9167169583584792	0.0017069074690967156	3314	36323	0.8133507852908224	False	0.7784485360700272	0.0017069074690967156	3313	36323	0.45367246866226196	False	False
ANXA1	FPR3	other	1.2690835115499794	False	0.9167169583584792	0.004790353219723041	3314	36323	0.8154110428877175	False	0.7784485360700272	0.004790353219723041	3313	36323	0.45367246866226196	False	False
APLN	APLNR	other	0.0004904916640953161	False	0.002112251056125528	8.259229689177656e-05	3314	36323	0.0025794039029278792	False	0.011771808028976758	8.259229689177656e-05	3313	36323	-0.002088912238832563	False	False
APLP2	PIGR	other	0.618842211086303	False	0.8485214242607121	0.004377391735264157	3314	36323	0.5210604933090508	False	0.7446423181406581	0.004377391735264157	3313	36323	0.0977817177772522	False	False
APLP2	PLXNA4	other	0.616485376143828	False	0.8485214242607121	0.0018170305316190843	3314	36323	0.5187036583665758	False	0.7446423181406581	0.0018170305316190843	3313	36323	0.0977817177772522	False	False
APOA1	ABCA1	other	0.02047331134963315	False	0.0006035003017501509	0.023263496957850398	3314	36323	0.02042340130719822	False	0.0006036824630244491	0.023263496957850398	3313	36323	4.99100424349308e-05	False	False
APOA1	AMN+CUBN	other	0.0011185771290911362	False	0.0006035003017501509	0.0012113536877460562	3314	36323	0.0010686670866562054	False	0.0006036824630244491	0.0012113536877460562	3313	36323	4.99100424349308e-05	False	False
APOA1	TREM2+TYROBP	other	0.002266361072543077	False	0.0006035003017501509	0.0026980150317980345	3314	36323	0.0022164510301081464	False	0.0006036824630244491	0.0026980150317980345	3313	36323	4.99100424349308e-05	False	False
APOB	APOBR	other	0.03650972424657084	False	0.0009052504526252263	0.04410428654020868	3314	36323	0.03620829605642939	False	0.0009055236945366737	0.04410428654020868	3313	36323	0.0003014281901414506	False	False
APOB	TREM2+TYROBP	other	0.002540519373724237	False	0.0009052504526252263	0.0026980150317980345	3314	36323	0.0022390911835827865	False	0.0009055236945366737	0.0026980150317980345	3313	36323	0.0003014281901414506	False	False
APOE	TREM2+TYROBP	other	0.026205655187368393	False	0.08026554013277007	0.0026980150317980345	3314	36323	0.03158143348991871	False	0.1068517959553275	0.0026980150317980345	3313	36323	-0.005375778302550316	False	False
APP	CD74	other	1.8832603693008423	True	0.8255884127942064	0.8731382319742312	3314	36323	1.8350413143634796	True	0.7455478418351947	0.8731382319742312	3313	36323	0.04821905493736267	True	True
APP	FPR2	other	0.5441105847712606	False	0.8255884127942064	0.0017069074690967156	3314	36323	0.49589152983389795	False	0.7455478418351947	0.0017069074690967156	3313	36323	0.04821905493736267	False	False
APP	PLXNA4	other	0.5442209432367235	False	0.8255884127942064	0.0018170305316190843	3314	36323	0.49600188829936087	False	0.7455478418351947	0.0018170305316190843	3313	36323	0.04821905493736267	False	False
APP	SORL1	other	0.7127804458141327	True	0.8255884127942064	0.17718800759849132	3314	36323	0.66456139087677	True	0.7455478418351947	0.17718800759849132	3313	36323	0.04821905493736267	True	True
APP	TNFRSF21	other	0.5459644526708871	False	0.8255884127942064	0.00440492250089475	3314	36323	0.49774539773352444	False	0.7455478418351947	0.00440492250089475	3313	36323	0.04821905493736267	False	False
APP	TREM2+TYROBP	other	0.5448203347623348	False	0.8255884127942064	0.0026980150317980345	3314	36323	0.49660127982497215	False	0.7455478418351947	0.0026980150317980345	3313	36323	0.04821905493736267	False	False
AREG	EGFR	other	0.23504931153729558	False	0.4315027157513579	0.004845414750984225	3314	36323	0.1368887615390122	False	0.2837307576214911	0.004845414750984225	3313	36323	0.09816054999828339	False	False
ARTN	GFRA1+RET	other	0.18203639397688676	False	0.4375377187688594	0.00022024612504473748	3314	36323	0.1442620695597725	False	0.38031995170540295	0.00022024612504473748	3313	36323	0.03777432441711426	False	False
ARTN	GFRA3+RET	other	0.18214019303559326	False	0.4375377187688594	0.0004129614844588828	3314	36323	0.144365868618479	False	0.38031995170540295	0.0004129614844588828	3313	36323	0.03777432441711426	False	False
BAG6	NCR3	other	0.2124931998550892	False	0.47012673506336755	0.03210087272527049	3314	36323	0.22086944058537483	False	0.4853607002716571	0.03210087272527049	3313	36323	-0.008376240730285645	False	False
BDNF	NGFR	other	0.04879375756718218	False	0.15147857573928786	0.003413814938193431	3314	36323	0.043589441338554025	False	0.1427709025052822	0.003413814938193431	3313	36323	0.005204316228628159	False	False
BDNF	NTRK2	other	0.0564134456217289	False	0.15147857573928786	0.011370206205434573	3314	36323	0.05120912939310074	False	0.1427709025052822	0.011370206205434573	3313	36323	0.005204316228628159	False	False
BDNF	SORT1	other	0.049231623532250524	False	0.15147857573928786	0.004459984032155934	3314	36323	0.044027307303622365	False	0.1427709025052822	0.004459984032155934	3313	36323	0.005204316228628159	False	False
BMP2	ACVR2A+BMPR1A	other	0.05605744384229183	False	0.10018105009052504	0.016325744018941168	3314	36323	0.09512677974998951	False	0.12194385753093873	0.016325744018941168	3313	36323	-0.03906933590769768	False	False
BMP2	ACVR2A+BMPR1B	other	0.0429730393079808	False	0.10018105009052504	0.0003578999531976984	3314	36323	0.08204237521567848	False	0.12194385753093873	0.0003578999531976984	3313	36323	-0.03906933590769768	False	False
BMP2	ACVR2B+BMPR1A	other	0.05153252277523279	False	0.10018105009052504	0.01032403711147207	3314	36323	0.09060185868293047	False	0.12194385753093873	0.01032403711147207	3313	36323	-0.03906933590769768	False	False
BMP2	ACVR2B+BMPR1B	other	0.0429730393079808	False	0.10018105009052504	0.0003578999531976984	3314	36323	0.08204237521567848	False	0.12194385753093873	0.0003578999531976984	3313	36323	-0.03906933590769768	False	False
BMP2	BMPR1A+BMPR2	other	0.05605744384229183	False	0.10018105009052504	0.016325744018941168	3314	36323	0.09512677974998951	False	0.12194385753093873	0.016325744018941168	3313	36323	-0.03906933590769768	False	False
BMP2	BMPR1B+BMPR2	other	0.0429730393079808	False	0.10018105009052504	0.0003578999531976984	3314	36323	0.08204237521567848	False	0.12194385753093873	0.0003578999531976984	3313	36323	-0.03906933590769768	False	False
BMP4	ACVR2A+BMPR1A	other	0.021184328943490982	False	0.02896801448400724	0.016325744018941168	3314	36323	0.020075208507478237	False	0.03139148807727136	0.016325744018941168	3313	36323	0.001109120436012745	False	False
BMP4	ACVR2A+BMPR1B	other	0.008099924409179948	False	0.02896801448400724	0.0003578999531976984	3314	36323	0.006990803973167203	False	0.03139148807727136	0.0003578999531976984	3313	36323	0.001109120436012745	False	False
BMP4	ACVR2B+BMPR1A	other	0.016659407876431942	False	0.02896801448400724	0.01032403711147207	3314	36323	0.015550287440419197	False	0.03139148807727136	0.01032403711147207	3313	36323	0.001109120436012745	False	False
BMP4	ACVR2B+BMPR1B	other	0.008099924409179948	False	0.02896801448400724	0.0003578999531976984	3314	36323	0.006990803973167203	False	0.03139148807727136	0.0003578999531976984	3313	36323	0.001109120436012745	False	False
BMP4	BMPR1A+BMPR2	other	0.021184328943490982	False	0.02896801448400724	0.016325744018941168	3314	36323	0.020075208507478237	False	0.03139148807727136	0.016325744018941168	3313	36323	0.001109120436012745	False	False
BMP4	BMPR1B+BMPR2	other	0.008099924409179948	False	0.02896801448400724	0.0003578999531976984	3314	36323	0.006990803973167203	False	0.03139148807727136	0.0003578999531976984	3313	36323	0.001109120436012745	False	False
BMP5	ACVR1+ACVR2A	other	0.01524945325218141	False	0.0012070006035003018	0.01635327478457176	3314	36323	0.01594732655212283	False	0.00392393600965892	0.01635327478457176	3313	36323	-0.0006978732999414206	False	False
BMP5	ACVR1+ACVR2B	other	0.009666582336649299	False	0.0012070006035003018	0.01032403711147207	3314	36323	0.01036445563659072	False	0.00392393600965892	0.01032403711147207	3313	36323	-0.0006978732999414206	False	False
BMP5	ACVR1+BMPR2	other	0.034345396561548114	False	0.0012070006035003018	0.040855656195798805	3314	36323	0.035043269861489534	False	0.00392393600965892	0.040855656195798805	3313	36323	-0.0006978732999414206	False	False
BMP5	ACVR2A+BMPR1A	other	0.014191503403708339	False	0.0012070006035003018	0.016325744018941168	3314	36323	0.01488937670364976	False	0.00392393600965892	0.016325744018941168	3313	36323	-0.0006978732999414206	False	False
BMP5	ACVR2A+BMPR1B	other	0.001107098869397305	False	0.0012070006035003018	0.0003578999531976984	3314	36323	0.0018049721693387255	False	0.00392393600965892	0.0003578999531976984	3313	36323	-0.0006978732999414206	False	False
BMP5	ACVR2B+BMPR1A	other	0.009666582336649299	False	0.0012070006035003018	0.01032403711147207	3314	36323	0.01036445563659072	False	0.00392393600965892	0.01032403711147207	3313	36323	-0.0006978732999414206	False	False
BMP5	ACVR2B+BMPR1B	other	0.001107098869397305	False	0.0012070006035003018	0.0003578999531976984	3314	36323	0.0018049721693387255	False	0.00392393600965892	0.0003578999531976984	3313	36323	-0.0006978732999414206	False	False
BMP5	BMPR1A+BMPR2	other	0.014191503403708339	False	0.0012070006035003018	0.016325744018941168	3314	36323	0.01488937670364976	False	0.00392393600965892	0.016325744018941168	3313	36323	-0.0006978732999414206	False	False
BMP5	BMPR1B+BMPR2	other	0.001107098869397305	False	0.0012070006035003018	0.0003578999531976984	3314	36323	0.0018049721693387255	False	0.00392393600965892	0.0003578999531976984	3313	36323	-0.0006978732999414206	False	False
BMP6	ACVR1+ACVR2A	other	0.01641076896339655	False	0.006336753168376584	0.01635327478457176	3314	36323	0.015601428807713091	False	0.004829459704195593	0.01635327478457176	3313	36323	0.0008093401556834579	False	False
BMP6	ACVR1+ACVR2B	other	0.010827898047864437	False	0.006336753168376584	0.01032403711147207	3314	36323	0.01001855789218098	False	0.004829459704195593	0.01032403711147207	3313	36323	0.0008093401556834579	False	False
BMP6	ACVR1+BMPR2	other	0.03550671227276325	False	0.006336753168376584	0.040855656195798805	3314	36323	0.034697372117079794	False	0.004829459704195593	0.040855656195798805	3313	36323	0.0008093401556834579	False	False
BMP6	ACVR2A+BMPR1A	other	0.015352819114923477	False	0.006336753168376584	0.016325744018941168	3314	36323	0.01454347895924002	False	0.004829459704195593	0.016325744018941168	3313	36323	0.0008093401556834579	False	False
BMP6	ACVR2A+BMPR1B	other	0.0022684145806124434	False	0.006336753168376584	0.0003578999531976984	3314	36323	0.0014590744249289855	False	0.004829459704195593	0.0003578999531976984	3313	36323	0.0008093401556834579	False	False
BMP6	ACVR2B+BMPR1A	other	0.010827898047864437	False	0.006336753168376584	0.01032403711147207	3314	36323	0.01001855789218098	False	0.004829459704195593	0.01032403711147207	3313	36323	0.0008093401556834579	False	False
BMP6	ACVR2B+BMPR1B	other	0.0022684145806124434	False	0.006336753168376584	0.0003578999531976984	3314	36323	0.0014590744249289855	False	0.004829459704195593	0.0003578999531976984	3313	36323	0.0008093401556834579	False	False
BMP6	BMPR1A+BMPR2	other	0.015352819114923477	False	0.006336753168376584	0.016325744018941168	3314	36323	0.01454347895924002	False	0.004829459704195593	0.016325744018941168	3313	36323	0.0008093401556834579	False	False
BMP6	BMPR1B+BMPR2	other	0.0022684145806124434	False	0.006336753168376584	0.0003578999531976984	3314	36323	0.0014590744249289855	False	0.004829459704195593	0.0003578999531976984	3313	36323	0.0008093401556834579	False	False
BMP7	ACVR1+ACVR2A	other	0.19022516068071127	False	0.4384429692214846	0.01635327478457176	3314	36323	0.1411998188123107	False	0.32478116510715366	0.01635327478457176	3313	36323	0.049025341868400574	False	False
BMP7	ACVR1+ACVR2B	other	0.18464228976517916	False	0.4384429692214846	0.01032403711147207	3314	36323	0.13561694789677858	False	0.32478116510715366	0.01032403711147207	3313	36323	0.049025341868400574	False	False
BMP7	ACVR1+BMPR2	other	0.20932110399007797	False	0.4384429692214846	0.040855656195798805	3314	36323	0.1602957621216774	False	0.32478116510715366	0.040855656195798805	3313	36323	0.049025341868400574	False	False
BMP7	ACVR2A+BMPR1A	other	0.1891672108322382	False	0.4384429692214846	0.016325744018941168	3314	36323	0.14014186896383762	False	0.32478116510715366	0.016325744018941168	3313	36323	0.049025341868400574	False	False
BMP7	ACVR2A+BMPR1B	other	0.17608280629792716	False	0.4384429692214846	0.0003578999531976984	3314	36323	0.1270574644295266	False	0.32478116510715366	0.0003578999531976984	3313	36323	0.049025341868400574	False	False
BMP7	ACVR2B+BMPR1A	other	0.18464228976517916	False	0.4384429692214846	0.01032403711147207	3314	36323	0.13561694789677858	False	0.32478116510715366	0.01032403711147207	3313	36323	0.049025341868400574	False	False
BMP7	ACVR2B+BMPR1B	other	0.17608280629792716	False	0.4384429692214846	0.0003578999531976984	3314	36323	0.1270574644295266	False	0.32478116510715366	0.0003578999531976984	3313	36323	0.049025341868400574	False	False
BMP7	BMPR1A+BMPR2	other	0.1891672108322382	False	0.4384429692214846	0.016325744018941168	3314	36323	0.14014186896383762	False	0.32478116510715366	0.016325744018941168	3313	36323	0.049025341868400574	False	False
BMP7	BMPR1B+BMPR2	other	0.17608280629792716	False	0.4384429692214846	0.0003578999531976984	3314	36323	0.1270574644295266	False	0.32478116510715366	0.0003578999531976984	3313	36323	0.049025341868400574	False	False
BMPR1B+BMPR2	BMPR1A	other	0.014214678318239748	False	0.004526252263126132	0.016325744018941168	3314	36323	0.015436779242008924	False	0.010866284334440085	0.016325744018941168	3313	36323	-0.001222100923769176	False	False
BST2	LILRA4	other	0.08759250619914383	False	0.1683765841882921	0.0010461690939625031	3314	36323	0.16500712314154953	False	0.2921823121038334	0.0010461690939625031	3313	36323	-0.0774146169424057	False	False
BTC	EGFR	other	0.059370935428887606	False	0.16898008449004223	0.004845414750984225	3314	36323	0.0308190924115479	False	0.09870208270449743	0.004845414750984225	3313	36323	0.028551843017339706	False	False
BTC	ERBB3	other	0.061458383686840534	False	0.16898008449004223	0.0071304682983233765	3314	36323	0.03290654066950083	False	0.09870208270449743	0.0071304682983233765	3313	36323	0.028551843017339706	False	False
BTC	ERBB4	other	0.05585736586363055	False	0.16898008449004223	0.0006056768438730281	3314	36323	0.02730552284629084	False	0.09870208270449743	0.0006056768438730281	3313	36323	0.028551843017339706	False	False
BTLA	TNFRSF14	other	0.08917057944927365	False	0.0033192516596258297	0.10425900944305261	3314	36323	0.08886956644710153	False	0.0018110473890733474	0.10425900944305261	3313	36323	0.00030101300217211246	False	False
C1QL3	ADGRB3	other	0.0005278839016682468	False	0.0015087507543753772	0.00013765382815296093	3314	36323	0.0001725526453810744	False	0.0006036824630244491	0.00013765382815296093	3313	36323	0.00035533125628717244	False	False
C3	C3AR1	other	0.26634668558835983	False	0.22057936028968014	0.026677311896043828	3314	36323	0.23431382328271866	False	0.22517355870811953	0.026677311896043828	3313	36323	0.032032862305641174	False	False
C3	C5AR2	other	0.24574653222225606	False	0.22057936028968014	0.0016518459378355311	3314	36323	0.2137136699166149	False	0.22517355870811953	0.0016518459378355311	3313	36323	0.032032862305641174	False	False
C3	ITGAM+ITGB2	other	0.26547169126570225	False	0.22057936028968014	0.023841643036092833	3314	36323	0.23343882896006107	False	0.22517355870811953	0.023841643036092833	3313	36323	0.032032862305641174	False	False
C5	C5AR1	other	0.02797417901456356	False	0.040132770066385035	0.019712028191504007	3314	36323	0.029988101683557034	False	0.05372773920917597	0.019712028191504007	3313	36323	-0.002013922668993473	False	False
C5	C5AR2	other	0.012670449679717422	False	0.040132770066385035	0.0016518459378355311	3314	36323	0.014684372348710895	False	0.05372773920917597	0.0016518459378355311	3313	36323	-0.002013922668993473	False	False
CADM1	CADM1	other	0.045408676378428936	False	0.028062764031382016	0.04033257164881755	3314	36323	0.04658286552876234	False	0.03954120132810142	0.04033257164881755	3313	36323	-0.0011741891503334045	False	False
CADM1	NECTIN3	other	0.03195792715996504	False	0.028062764031382016	0.028163973240095806	3314	36323	0.03313211631029844	False	0.03954120132810142	0.028163973240095806	3313	36323	-0.0011741891503334045	False	False
CADM3	CADM1	other	0.03691184101626277	False	0.0024140012070006035	0.04033257164881755	3314	36323	0.03758509841281921	False	0.008149713250830063	0.04033257164881755	3313	36323	-0.000673257396556437	False	False
CADM3	CADM4	other	0.002349296468310058	False	0.0024140012070006035	0.0018445612972496765	3314	36323	0.003022553864866495	False	0.008149713250830063	0.0018445612972496765	3313	36323	-0.000673257396556437	False	False
CADM3	EPB41L1	other	0.004545012256130576	False	0.0024140012070006035	0.0045425763290477105	3314	36323	0.005218269652687013	False	0.008149713250830063	0.0045425763290477105	3313	36323	-0.000673257396556437	False	False
CADM3	NECTIN3	other	0.023461091797798872	False	0.0024140012070006035	0.028163973240095806	3314	36323	0.02413434919435531	False	0.008149713250830063	0.028163973240095806	3313	36323	-0.000673257396556437	False	False
CALCB	CALCR	other	0.000869296898599714	False	0.0033192516596258297	0.00011012306252236874	3314	36323	0.0018172279233112931	False	0.008451554482342288	0.00011012306252236874	3313	36323	-0.0009479310247115791	False	False
CALCB	CALCRL+RAMP1	other	0.0013310402864590287	False	0.0033192516596258297	0.0009635767970707265	3314	36323	0.002278971311170608	False	0.008451554482342288	0.0009635767970707265	3313	36323	-0.0009479310247115791	False	False
CBR1	PTGFR	other	0.6330486090882914	False	0.7347616173808087	0.00027530765630592185	3314	36323	0.5631805809243815	False	0.6785390884394809	0.00027530765630592185	3313	36323	0.06986802816390991	False	False
CCL11	ACKR2	other	0.0005799748469144106	False	0.0012070006035003018	0.0003303691875671062	3314	36323	0.00027154100098414347	False	0.00030184123151222455	0.0003303691875671062	3313	36323	0.0003084338459302671	False	False
CCL11	CCR3	other	0.0016523247468285263	False	0.0012070006035003018	0.001624315172204939	3314	36323	0.0013438909008982591	False	0.00030184123151222455	0.001624315172204939	3313	36323	0.0003084338459302671	False	False
CCL11	DPP4	other	0.042966343637090176	False	0.0012070006035003018	0.05016105497893896	3314	36323	0.04265790979115991	False	0.00030184123151222455	0.05016105497893896	3313	36323	0.0003084338459302671	False	False
CCL13	ACKR2	other	0.0008740796474739909	False	0.0030175015087507543	0.0003303691875671062	3314	36323	0.001320500683505088	False	0.00392393600965892	0.0003303691875671062	3313	36323	-0.0004464210360310972	False	False
CCL13	CCR2	other	0.01873585657449439	False	0.0030175015087507543	0.020207581972854664	3314	36323	0.01918227761052549	False	0.00392393600965892	0.020207581972854664	3313	36323	-0.0004464210360310972	False	False
CCL13	CCR3	other	0.0019464295473881066	False	0.0030175015087507543	0.001624315172204939	3314	36323	0.0023928505834192038	False	0.00392393600965892	0.001624315172204939	3313	36323	-0.0004464210360310972	False	False
CCL17	CCR4	other	0.045004771556705236	False	0.025347012673506336	0.04294799438372381	3314	36323	0.039309803396463394	False	0.005433142167220043	0.04294799438372381	3313	36323	0.005694968160241842	False	False
CCL18	CCR8	other	0.037372903898358345	False	0.08992154496077248	0.008451945048591801	3314	36323	0.029194459319114685	False	0.07546030787805615	0.008451945048591801	3313	36323	0.00817844457924366	False	False
CCL2	ACKR1	other	0.005404654744779691	False	0.014182257091128546	0.0003578999531976984	3314	36323	0.004747826926177368	False	0.010262601871415635	0.0003578999531976984	3313	36323	0.0006568278186023235	False	False
CCL2	ACKR2	other	0.00535283429780975	False	0.014182257091128546	0.0003303691875671062	3314	36323	0.004696006479207426	False	0.010262601871415635	0.0003303691875671062	3313	36323	0.0006568278186023235	False	False
CCL2	CCR2	other	0.02321461122483015	False	0.014182257091128546	0.020207581972854664	3314	36323	0.022557783406227827	False	0.010262601871415635	0.020207581972854664	3313	36323	0.0006568278186023235	False	False
CCL22	CCR4	other	0.04419701127335429	False	0.020820760410380206	0.04294799438372381	3314	36323	0.04403636697679758	False	0.015997585270147902	0.04294799438372381	3313	36323	0.0001606442965567112	False	False
CCL22	DPP4	other	0.0492752674035728	False	0.020820760410380206	0.05016105497893896	3314	36323	0.04911462310701609	False	0.015997585270147902	0.05016105497893896	3313	36323	0.0001606442965567112	False	False
CCL23	FPR2	other	0.0014686053254990838	False	0.00030175015087507544	0.0017069074690967156	3314	36323	0.0018997022125404328	False	0.0009055236945366737	0.0017069074690967156	3313	36323	-0.00043109688704134896	False	False
CCL25	ACKR4	other	0.0005534321026061662	False	0.00030175015087507544	0.0006882691407648047	3314	36323	0.0008219917654059827	False	0.0006036824630244491	0.0006882691407648047	3313	36323	-0.0002685596627998166	False	False
CCL25	CCR9	other	0.0008325965100084431	False	0.00030175015087507544	0.0008534537345483578	3314	36323	0.0011011561728082597	False	0.0006036824630244491	0.0008534537345483578	3313	36323	-0.0002685596627998166	False	False
CCL28	CCR10	other	0.026506073656491935	False	0.09173204586602293	0.0006056768438730281	3314	36323	0.02557720977347344	False	0.08994868699064293	0.0006056768438730281	3313	36323	0.0009288638830184937	False	False
CCL7	ACKR2	other	0.0006221473740879446	False	0.0009052504526252263	0.0003303691875671062	3314	36323	0.0016176681383512914	False	0.0033202535466344703	0.0003303691875671062	3313	36323	-0.0009955207642633468	False	False
CCL7	CCR2	other	0.018483924301108345	False	0.0009052504526252263	0.020207581972854664	3314	36323	0.019479445065371692	False	0.0033202535466344703	0.020207581972854664	3313	36323	-0.0009955207642633468	False	False
CCL7	CCR3	other	0.0016944972740020603	False	0.0009052504526252263	0.001624315172204939	3314	36323	0.002690018038265407	False	0.0033202535466344703	0.001624315172204939	3313	36323	-0.0009955207642633468	False	False
CCL8	ACKR2	other	0.0028677487862296402	False	0.009656004828002414	0.0003303691875671062	3314	36323	0.002770591585431248	False	0.010262601871415635	0.0003303691875671062	3313	36323	9.71572007983923e-05	False	False
CCL8	CCR2	other	0.02072952571325004	False	0.009656004828002414	0.020207581972854664	3314	36323	0.02063236851245165	False	0.010262601871415635	0.020207581972854664	3313	36323	9.71572007983923e-05	False	False
CCL8	CCR3	other	0.003940098686143756	False	0.009656004828002414	0.001624315172204939	3314	36323	0.0038429414853453636	False	0.010262601871415635	0.001624315172204939	3313	36323	9.71572007983923e-05	False	False
CD160	TNFRSF14	other	0.08925502537749708	False	0.0030175015087507543	0.10425900944305261	3314	36323	0.08873004515771754	False	0.002112888620585572	0.10425900944305261	3313	36323	0.0005249802197795361	False	False
CD177	PECAM1	other	0.1682555451989174	False	0.12582981291490647	0.0859785810643394	3314	36323	0.1467577964067459	False	0.07666767280410504	0.0859785810643394	3313	36323	0.02149774879217148	False	False
CD200	CD200R1	other	0.061333943624049425	False	0.010259505129752565	0.06596371445089888	3314	36323	0.07045795861631632	False	0.03501358285541805	0.06596371445089888	3313	36323	-0.009124014992266893	False	False
CD226	NECTIN2	other	0.004995846305973828	False	0.005733252866626433	0.005093191641659555	3314	36323	0.004773180931806564	False	0.005131300935707818	0.005093191641659555	3313	36323	0.0002226653741672635	False	False
CD24	SELP	other	0.7509146316442639	False	0.8062764031382016	0.003358753406932247	3314	36323	0.3789481206331402	False	0.5442197404165409	0.003358753406932247	3313	36323	0.37196651101112366	False	False
CD248	IL6R	other	0.11211542214732617	False	0.00030175015087507544	0.11863006910222174	3314	36323	0.1120954031994188	False	0.00030184123151222455	0.11863006910222174	3313	36323	2.001894790737424e-05	False	False
CD274	CD80	other	0.03957286197692156	False	0.10018105009052504	0.010984775486606282	3314	36323	0.058411785401403904	False	0.15393902807123452	0.010984775486606282	3313	36323	-0.018838923424482346	False	False
CD274	PDCD1	other	0.23847971856594086	True	0.10018105009052504	0.21749304848167827	3314	36323	0.2573186419904232	True	0.15393902807123452	0.21749304848167827	3313	36323	-0.018838923424482346	True	True
CD276	TREML2	other	0.15167781518539414	False	0.40072420036210016	0.0009360460314401343	3314	36323	0.1589830200537108	False	0.4237850890431633	0.0009360460314401343	3313	36323	-0.00730520486831665	False	False
CD320	JAML	other	0.21479708701372147	True	0.11707905853952927	0.1934036285549101	3314	36323	0.23965393751859665	True	0.21460911560519166	0.1934036285549101	3313	36323	-0.024856850504875183	True	True
CD34	SELL	other	0.2593282131711021	False	0.0030175015087507543	0.23269003110976516	3314	36323	0.25948070315644145	False	0.00392393600965892	0.23269003110976516	3313	36323	-0.00015248998533934355	False	False
CD34	SELP	other	0.0034369182540103793	False	0.0030175015087507543	0.003358753406932247	3314	36323	0.003589408239349723	False	0.00392393600965892	0.003358753406932247	3313	36323	-0.00015248998533934355	False	False
CD40LG	CD40	other	0.007895985792856663	False	0.002112251056125528	0.009608237205076673	3314	36323	0.009177003405056894	False	0.005131300935707818	0.009608237205076673	3313	36323	-0.0012810176122002304	False	False
CD40LG	ITGA5+ITGB1	other	0.06967208319110796	False	0.002112251056125528	0.0771962668281805	3314	36323	0.07095310080330819	False	0.005131300935707818	0.0771962668281805	3313	36323	-0.0012810176122002304	False	False
CD44	SELE	other	0.45504703700134996	False	0.7036813518406759	5.506153126118437e-05	3314	36323	0.5143288630206371	False	0.6767280410504075	5.506153126118437e-05	3313	36323	-0.05928182601928711	False	False
CD44	TYROBP	other	0.5798417925834656	True	0.7036813518406759	0.12278721471244115	3314	36323	0.6391236186027527	True	0.6767280410504075	0.12278721471244115	3313	36323	-0.05928182601928711	True	True
CD47	SIRPA	other	0.2264892878010869	False	0.4996982498491249	0.008837375767420092	3314	36323	0.23974586743861437	False	0.5131300935707818	0.008837375767420092	3313	36323	-0.013256579637527466	False	False
CD47	SIRPB1+TYROBP	other	0.23601962439715862	False	0.4996982498491249	0.019739558957134598	3314	36323	0.2492762040346861	False	0.5131300935707818	0.019739558957134598	3313	36323	-0.013256579637527466	False	False
CD47	SIRPG	other	0.5069368481636047	True	0.4996982498491249	0.296699061200892	3314	36323	0.5201934278011322	True	0.5131300935707818	0.296699061200892	3313	36323	-0.013256579637527466	True	True
CD48	CD244	other	0.04774233279749751	False	0.013277006638503319	0.05206067780744982	3314	36323	0.05199714843183756	False	0.02052520374283127	0.05206067780744982	3313	36323	-0.004254815634340048	False	False
CD52	SIGLEC10	other	0.013914277777075768	False	0.018406759203379603	0.007102937532692784	3314	36323	0.021470721811056137	False	0.033202535466344704	0.007102937532692784	3313	36323	-0.00755644403398037	False	False
CD55	ADGRE5	other	0.5411623865365982	True	0.44146047073023537	0.34509814717947307	3314	36323	0.5454676449298859	True	0.38454572894657413	0.34509814717947307	3313	36323	-0.004305258393287659	True	True
CD58	CD2	other	1.2023644894361496	True	0.23023536511768256	0.8503152272664702	3314	36323	1.196896716952324	True	0.22185330516148505	0.8503152272664702	3313	36323	0.005467772483825684	True	True
CD70	CD27	other	0.1870849672704935	False	0.006336753168376584	0.19998348154062165	3314	36323	0.18711070134304464	False	0.004829459704195593	0.19998348154062165	3313	36323	-2.573407255113125e-05	False	False
CD80	CD28	other	0.1623794447441469	False	0.0006035003017501509	0.17699529223907717	3314	36323	0.1630733969504945	False	0.0027165710836100213	0.17699529223907717	3313	36323	-0.0006939522063476034	False	False
CD80	CTLA4	other	0.2873691927452455	False	0.0006035003017501509	0.2760234562123173	3314	36323	0.28806314495159313	False	0.0027165710836100213	0.2760234562123173	3313	36323	-0.0006939522063476034	False	False
CD80	NGFR	other	0.002969566201500129	False	0.0006035003017501509	0.003413814938193431	3314	36323	0.0036635184078477323	False	0.0027165710836100213	0.003413814938193431	3313	36323	-0.0006939522063476034	False	False
CD86	CD28	other	0.17066950909793377	False	0.03168376584188292	0.17699529223907717	3314	36323	0.16710744565352798	False	0.02112888620585572	0.17699529223907717	3313	36323	0.003562063444405794	False	False
CD86	CTLA4	other	0.2956592570990324	False	0.03168376584188292	0.2760234562123173	3314	36323	0.2920971936546266	False	0.02112888620585572	0.2760234562123173	3313	36323	0.003562063444405794	False	False
CD96	NECTIN1	other	0.014810543972998857	False	0.029571514785757393	0.008121575861024695	3314	36323	0.0203701495192945	False	0.04165408994868699	0.008121575861024695	3313	36323	-0.005559605546295643	False	False
CD99	PILRA	other	0.5470090517774224	False	0.815630657815329	0.007460837485890483	3314	36323	0.4729115078225732	False	0.7235134319348023	0.007460837485890483	3313	36323	0.07409754395484924	False	False
CDH1	ITGA2+ITGB1	other	0.4588545672595501	False	0.7619191309595654	0.027640888693114554	3314	36323	0.33274830505251884	False	0.6275279203139149	0.027640888693114554	3313	36323	0.12610626220703125	False	False
CDH1	ITGAE+ITGB7	other	0.6160705834627151	True	0.7619191309595654	0.19329350549238775	3314	36323	0.4899643212556839	True	0.6275279203139149	0.19329350549238775	3313	36323	0.12610626220703125	True	True
CDH1	KLRG1	other	0.5372571423649788	True	0.7619191309595654	0.10271728656773944	3314	36323	0.41115088015794754	True	0.6275279203139149	0.10271728656773944	3313	36323	0.12610626220703125	True	True
CDH2	CDH2	other	0.0013003926433157176	False	0.0030175015087507543	0.0003578999531976984	3314	36323	0.001838385796872899	False	0.005734983398732267	0.0003578999531976984	3313	36323	-0.0005379931535571814	False	False
CDH2	FCER2	other	0.00171847507590428	False	0.0030175015087507543	0.0007708614376565812	3314	36323	0.0022564682294614613	False	0.005734983398732267	0.0007708614376565812	3313	36323	-0.0005379931535571814	False	False
CDH3	CDH3	other	0.18647771142423153	False	0.3992154496077248	0.0036340610632381687	3314	36323	0.17586546204984188	False	0.4165408994868699	0.0036340610632381687	3313	36323	0.010612249374389648	False	False
CDH5	CDH5	other	0.004519073583651334	False	0.01780325890162945	0.00027530765630592185	3314	36323	0.004153601650614291	False	0.014186537881074554	0.00027530765630592185	3313	36323	0.0003654719330370426	False	False
CDH6	CDH6	other	0.0006974025745876133	False	0.0012070006035003018	0.0003854307188282906	3314	36323	0.0005492729687830433	False	0.001509206157561123	0.0003854307188282906	3313	36323	0.00014812960580457002	False	False
CDH7	CDH7	other	0.0014290025574155152	False	0.003621001810500905	0.0006056768438730281	3314	36323	0.001494332158472389	False	0.004225777241171144	0.0006056768438730281	3313	36323	-6.53296010568738e-05	False	False
CEACAM1	CD209	other	0.14548429811839014	False	0.2634278817139409	0.0005506153126118437	3314	36323	0.03988135571125895	False	0.11892544521581648	0.0005506153126118437	3313	36323	0.1056029424071312	False	False
CEACAM1	CEACAM6	other	0.1484126595314592	False	0.2634278817139409	0.0036340610632381687	3314	36323	0.04280971712432802	False	0.11892544521581648	0.0036340610632381687	3313	36323	0.1056029424071312	False	False
CEACAM1	CEACAM8	other	0.145080525209778	False	0.2634278817139409	5.506153126118437e-05	3314	36323	0.03947758280264679	False	0.11892544521581648	5.506153126118437e-05	3313	36323	0.1056029424071312	False	False
CEACAM1	SELE	other	0.14508875786850695	False	0.2634278817139409	5.506153126118437e-05	3314	36323	0.03948581546137575	False	0.11892544521581648	5.506153126118437e-05	3313	36323	0.1056029424071312	False	False
CEACAM5	CD1D	other	0.1928008273243904	False	0.20820760410380204	0.0005230845469812516	3314	36323	0.06876566261053085	False	0.08572290974947178	0.0005230845469812516	3313	36323	0.12403516471385956	False	False
CEACAM5	CEACAM1	other	0.20756534952670336	False	0.20820760410380204	0.01811524378492966	3314	36323	0.0835301848128438	False	0.08572290974947178	0.01811524378492966	3313	36323	0.12403516471385956	False	False
CEACAM5	CEACAM6	other	0.19582115090452135	False	0.20820760410380204	0.0036340610632381687	3314	36323	0.07178598619066179	False	0.08572290974947178	0.0036340610632381687	3313	36323	0.12403516471385956	False	False
CEACAM6	CEACAM6	other	0.2589121905621141	False	0.30657815328907667	0.0036340610632381687	3314	36323	0.11128969467245042	False	0.1313009357078177	0.0036340610632381687	3313	36323	0.1476224958896637	False	False
CEACAM8	CEACAM6	other	0.0034666615465539508	False	0.00030175015087507544	0.0036340610632381687	3314	36323	0.003476125006272923	False	0.0009055236945366737	0.0036340610632381687	3313	36323	-9.463459718972445e-06	False	False
CEL	RORA	other	0.3176388368010521	False	0.08509354254677128	0.2879167469647331	3314	36323	0.30851887352764606	False	0.05795351645034712	0.2879167469647331	3313	36323	0.009119963273406029	False	False
CEL	RORC	other	0.035777732729911804	False	0.08509354254677128	0.006194422266883242	3314	36323	0.026657769456505775	False	0.05795351645034712	0.006194422266883242	3313	36323	0.009119963273406029	False	False
CHL1	CHL1	other	0.0038108520093373954	False	0.012070006035003017	0.0007983922032871734	3314	36323	0.008871900092344731	False	0.03652278901297917	0.0007983922032871734	3313	36323	-0.005061048083007336	False	False
CHL1	L1CAM	other	0.015714654698967934	False	0.012070006035003017	0.014178344299754977	3314	36323	0.02077570278197527	False	0.03652278901297917	0.014178344299754977	3313	36323	-0.005061048083007336	False	False
CLEC2B	KLRF1	other	0.12768294289708138	False	0.18316234158117078	0.04355367122759684	3314	36323	0.1428988240659237	False	0.20313914880772713	0.04355367122759684	3313	36323	-0.015215881168842316	False	False
CLSTN1	NRXN1	other	0.20880342758027837	False	0.5244417622208811	0.0007433306720259891	3314	36323	0.21759423351613805	False	0.5064895864775129	0.0007433306720259891	3313	36323	-0.00879080593585968	False	False
CLSTN1	NRXN2	other	0.20938403625041246	False	0.5244417622208811	0.001459130578421386	3314	36323	0.21817484218627214	False	0.5064895864775129	0.001459130578421386	3313	36323	-0.00879080593585968	False	False
CLSTN1	NRXN3	other	0.20876664167735726	False	0.5244417622208811	0.0006607383751342124	3314	36323	0.21755744761321694	False	0.5064895864775129	0.0006607383751342124	3313	36323	-0.00879080593585968	False	False
CLSTN2	NRXN1	other	0.0011188284261152148	False	0.0024140012070006035	0.0007433306720259891	3314	36323	0.002479111135471612	False	0.00724418955629339	0.0007433306720259891	3313	36323	-0.0013602827093563974	False	False
CLSTN2	NRXN2	other	0.0016994370962493122	False	0.0024140012070006035	0.001459130578421386	3314	36323	0.0030597198056057096	False	0.00724418955629339	0.001459130578421386	3313	36323	-0.0013602827093563974	False	False
CLSTN2	NRXN3	other	0.0010820425231941044	False	0.0024140012070006035	0.0006607383751342124	3314	36323	0.002442325232550502	False	0.00724418955629339	0.0006607383751342124	3313	36323	-0.0013602827093563974	False	False
CLSTN3	NRXN1	other	0.05249466112582013	False	0.16716958358479178	0.0007433306720259891	3314	36323	0.0725188527139835	False	0.22456987624509508	0.0007433306720259891	3313	36323	-0.020024191588163376	False	False
CLSTN3	NRXN2	other	0.05307526979595423	False	0.16716958358479178	0.001459130578421386	3314	36323	0.0730994613841176	False	0.22456987624509508	0.001459130578421386	3313	36323	-0.020024191588163376	False	False
CLSTN3	NRXN3	other	0.05245787522289902	False	0.16716958358479178	0.0006607383751342124	3314	36323	0.0724820668110624	False	0.22456987624509508	0.0006607383751342124	3313	36323	-0.020024191588163376	False	False
CLU	TREM2+TYROBP	other	0.3908851109445095	False	0.6056125528062763	0.0026980150317980345	3314	36323	0.2610132060945034	False	0.45004527618472684	0.0026980150317980345	3313	36323	0.1298719048500061	False	False
CNTN1	MCAM	other	0.09893794730305672	False	0.23264936632468317	0.020785728051097102	3314	36323	0.08757759258151054	False	0.21340175067914277	0.020785728051097102	3313	36323	0.011360354721546173	False	False
CNTN1	NOTCH1	other	0.16346673667430878	False	0.23264936632468317	0.09960631005148253	3314	36323	0.1521063819527626	False	0.21340175067914277	0.09960631005148253	3313	36323	0.011360354721546173	False	False
CNTN1	NOTCH2	other	0.12713154032826424	False	0.23264936632468317	0.055722269636318586	3314	36323	0.11577118560671806	False	0.21340175067914277	0.055722269636318586	3313	36323	0.011360354721546173	False	False
CNTN1	NRCAM	other	0.08202513525611721	False	0.23264936632468317	0.0007708614376565812	3314	36323	0.07066478053457104	False	0.21340175067914277	0.0007708614376565812	3313	36323	0.011360354721546173	False	False
COL10A1	ITGA1+ITGB1	other	0.22057297348510474	False	0.0024140012070006035	0.2146573796217273	3314	36323	0.22090599697548896	False	0.004527618472683369	0.2146573796217273	3313	36323	-0.0003330234903842211	False	False
COL10A1	ITGA10+ITGB1	other	0.0022923157084733248	False	0.0024140012070006035	0.0020097458910332297	3314	36323	0.002625339198857546	False	0.004527618472683369	0.0020097458910332297	3313	36323	-0.0003330234903842211	False	False
COL10A1	ITGA11+ITGB1	other	0.0071529330452904105	False	0.0024140012070006035	0.007708614376565812	3314	36323	0.007485956535674632	False	0.004527618472683369	0.007708614376565812	3313	36323	-0.0003330234903842211	False	False
COL10A1	ITGA2+ITGB1	other	0.022673434461466968	False	0.0024140012070006035	0.027640888693114554	3314	36323	0.02300645795185119	False	0.004527618472683369	0.027640888693114554	3313	36323	-0.0003330234903842211	False	False
COL11A1	ITGA1+ITGB1	other	0.2209241542732343	False	0.003922751961375981	0.2146573796217273	3314	36323	0.22073329862905666	False	0.003018412315122246	0.2146573796217273	3313	36323	0.00019085564417764544	False	False
COL11A1	ITGA10+ITGB1	other	0.002643496496602893	False	0.003922751961375981	0.0020097458910332297	3314	36323	0.0024526408524252474	False	0.003018412315122246	0.0020097458910332297	3313	36323	0.00019085564417764544	False	False
COL11A1	ITGA11+ITGB1	other	0.007504113833419979	False	0.003922751961375981	0.007708614376565812	3314	36323	0.007313258189242333	False	0.003018412315122246	0.007708614376565812	3313	36323	0.00019085564417764544	False	False
COL11A1	ITGA2+ITGB1	other	0.023024615249596536	False	0.003922751961375981	0.027640888693114554	3314	36323	0.02283375960541889	False	0.003018412315122246	0.027640888693114554	3313	36323	0.00019085564417764544	False	False
COL11A2	ITGA1+ITGB1	other	0.22186930605676025	False	0.007845503922751962	0.2146573796217273	3314	36323	0.2212263747351244	False	0.005734983398732267	0.2146573796217273	3313	36323	0.0006429313216358423	False	False
COL11A2	ITGA10+ITGB1	other	0.0035886482801288366	False	0.007845503922751962	0.0020097458910332297	3314	36323	0.0029457169584929943	False	0.005734983398732267	0.0020097458910332297	3313	36323	0.0006429313216358423	False	False
COL11A2	ITGA11+ITGB1	other	0.008449265616945922	False	0.007845503922751962	0.007708614376565812	3314	36323	0.00780633429531008	False	0.005734983398732267	0.007708614376565812	3313	36323	0.0006429313216358423	False	False
COL11A2	ITGA2+ITGB1	other	0.02396976703312248	False	0.007845503922751962	0.027640888693114554	3314	36323	0.023326835711486638	False	0.005734983398732267	0.027640888693114554	3313	36323	0.0006429313216358423	False	False
COL12A1	ITGA1+ITGB1	other	0.22270269808359444	False	0.007845503922751962	0.2146573796217273	3314	36323	0.22212982550263405	False	0.007546030787805615	0.2146573796217273	3313	36323	0.000572872580960393	False	False
COL12A1	ITGA10+ITGB1	other	0.0044220403069630265	False	0.007845503922751962	0.0020097458910332297	3314	36323	0.0038491677260026336	False	0.007546030787805615	0.0020097458910332297	3313	36323	0.000572872580960393	False	False
COL12A1	ITGA11+ITGB1	other	0.009282657643780112	False	0.007845503922751962	0.007708614376565812	3314	36323	0.00870978506281972	False	0.007546030787805615	0.007708614376565812	3313	36323	0.000572872580960393	False	False
COL12A1	ITGA2+ITGB1	other	0.02480315905995667	False	0.007845503922751962	0.027640888693114554	3314	36323	0.024230286478996277	False	0.007546030787805615	0.027640888693114554	3313	36323	0.000572872580960393	False	False
COL13A1	ITGA1+ITGB1	other	0.22039478583610617	False	0.0018105009052504525	0.2146573796217273	3314	36323	0.2205554255633615	False	0.001509206157561123	0.2146573796217273	3313	36323	-0.0001606397272553295	False	False
COL13A1	ITGA10+ITGB1	other	0.0021141280594747514	False	0.0018105009052504525	0.0020097458910332297	3314	36323	0.002274767786730081	False	0.001509206157561123	0.0020097458910332297	3313	36323	-0.0001606397272553295	False	False
COL13A1	ITGA11+ITGB1	other	0.006974745396291837	False	0.0018105009052504525	0.007708614376565812	3314	36323	0.007135385123547167	False	0.001509206157561123	0.007708614376565812	3313	36323	-0.0001606397272553295	False	False
COL13A1	ITGA2+ITGB1	other	0.022495246812468395	False	0.0018105009052504525	0.027640888693114554	3314	36323	0.022655886539723724	False	0.001509206157561123	0.027640888693114554	3313	36323	-0.0001606397272553295	False	False
COL14A1	ITGA1+ITGB1	other	0.22031131281983107	False	0.0012070006035003018	0.2146573796217273	3314	36323	0.220358142076293	False	0.0018110473890733474	0.2146573796217273	3313	36323	-4.6829256461933255e-05	False	False
COL14A1	ITGA10+ITGB1	other	0.0020306550431996584	False	0.0012070006035003018	0.0020097458910332297	3314	36323	0.0020774842996615916	False	0.0018110473890733474	0.0020097458910332297	3313	36323	-4.6829256461933255e-05	False	False
COL14A1	ITGA11+ITGB1	other	0.006891272380016744	False	0.0012070006035003018	0.007708614376565812	3314	36323	0.006938101636478677	False	0.0018110473890733474	0.007708614376565812	3313	36323	-4.6829256461933255e-05	False	False
COL14A1	ITGA2+ITGB1	other	0.0224117737961933	False	0.0012070006035003018	0.027640888693114554	3314	36323	0.022458603052655235	False	0.0018110473890733474	0.027640888693114554	3313	36323	-4.6829256461933255e-05	False	False
COL15A1	ITGA1+ITGB1	other	0.22078545636031777	False	0.003621001810500905	0.2146573796217273	3314	36323	0.22070385399274528	False	0.003018412315122246	0.2146573796217273	3313	36323	8.16023675724864e-05	False	False
COL15A1	ITGA10+ITGB1	other	0.0025047985836863518	False	0.003621001810500905	0.0020097458910332297	3314	36323	0.0024231962161138654	False	0.003018412315122246	0.0020097458910332297	3313	36323	8.16023675724864e-05	False	False
COL15A1	ITGA11+ITGB1	other	0.0073654159205034375	False	0.003621001810500905	0.007708614376565812	3314	36323	0.007283813552930951	False	0.003018412315122246	0.007708614376565812	3313	36323	8.16023675724864e-05	False	False
COL15A1	ITGA2+ITGB1	other	0.022885917336679995	False	0.003621001810500905	0.027640888693114554	3314	36323	0.02280431496910751	False	0.003018412315122246	0.027640888693114554	3313	36323	8.16023675724864e-05	False	False
COL16A1	ITGA1+ITGB1	other	0.22484834026545286	False	0.020217260108630054	0.2146573796217273	3314	36323	0.22570885019376874	False	0.023543616057953517	0.2146573796217273	3313	36323	-0.0008605099283158779	False	False
COL16A1	ITGA10+ITGB1	other	0.006567682488821447	False	0.020217260108630054	0.0020097458910332297	3314	36323	0.007428192417137325	False	0.023543616057953517	0.0020097458910332297	3313	36323	-0.0008605099283158779	False	False
COL16A1	ITGA11+ITGB1	other	0.011428299825638533	False	0.020217260108630054	0.007708614376565812	3314	36323	0.01228880975395441	False	0.023543616057953517	0.007708614376565812	3313	36323	-0.0008605099283158779	False	False
COL16A1	ITGA2+ITGB1	other	0.02694880124181509	False	0.020217260108630054	0.027640888693114554	3314	36323	0.027809311170130968	False	0.023543616057953517	0.027640888693114554	3313	36323	-0.0008605099283158779	False	False
COL17A1	ITGA1+ITGB1	other	0.25082055293023586	False	0.0872057936028968	0.2146573796217273	3314	36323	0.25090996734797955	False	0.08994868699064293	0.2146573796217273	3313	36323	-8.941441774368286e-05	False	False
COL17A1	ITGA10+ITGB1	other	0.03253989515360445	False	0.0872057936028968	0.0020097458910332297	3314	36323	0.03262930957134813	False	0.08994868699064293	0.0020097458910332297	3313	36323	-8.941441774368286e-05	False	False
COL17A1	ITGA11+ITGB1	other	0.037400512490421534	False	0.0872057936028968	0.007708614376565812	3314	36323	0.037489926908165216	False	0.08994868699064293	0.007708614376565812	3313	36323	-8.941441774368286e-05	False	False
COL17A1	ITGA2+ITGB1	other	0.05292101390659809	False	0.0872057936028968	0.027640888693114554	3314	36323	0.053010428324341774	False	0.08994868699064293	0.027640888693114554	3313	36323	-8.941441774368286e-05	False	False
COL18A1	ITGA1+ITGB1	other	0.23377547971904278	False	0.05069402534701267	0.2146573796217273	3314	36323	0.24003721214830875	False	0.08300633866586175	0.2146573796217273	3313	36323	-0.006261732429265976	False	False
COL18A1	ITGA10+ITGB1	other	0.015494821942411363	False	0.05069402534701267	0.0020097458910332297	3314	36323	0.02175655437167734	False	0.08300633866586175	0.0020097458910332297	3313	36323	-0.006261732429265976	False	False
COL18A1	ITGA11+ITGB1	other	0.02035543927922845	False	0.05069402534701267	0.007708614376565812	3314	36323	0.026617171708494425	False	0.08300633866586175	0.007708614376565812	3313	36323	-0.006261732429265976	False	False
COL18A1	ITGA2+ITGB1	other	0.035875940695405006	False	0.05069402534701267	0.027640888693114554	3314	36323	0.04213767312467098	False	0.08300633866586175	0.027640888693114554	3313	36323	-0.006261732429265976	False	False
COL19A1	ITGA1+ITGB1	other	0.2200753673168947	False	0.0006035003017501509	0.2146573796217273	3314	36323	0.22038016785518266	False	0.0018110473890733474	0.2146573796217273	3313	36323	-0.0003048005382879637	False	False
COL19A1	ITGA10+ITGB1	other	0.001794709540263284	False	0.0006035003017501509	0.0020097458910332297	3314	36323	0.0020995100785512477	False	0.0018110473890733474	0.0020097458910332297	3313	36323	-0.0003048005382879637	False	False
COL19A1	ITGA11+ITGB1	other	0.00665532687708037	False	0.0006035003017501509	0.007708614376565812	3314	36323	0.0069601274153683335	False	0.0018110473890733474	0.007708614376565812	3313	36323	-0.0003048005382879637	False	False
COL19A1	ITGA2+ITGB1	other	0.022175828293256927	False	0.0006035003017501509	0.027640888693114554	3314	36323	0.02248062883154489	False	0.0018110473890733474	0.027640888693114554	3313	36323	-0.0003048005382879637	False	False
COL1A1	ITGA1+ITGB1	other	0.2617265544831753	True	0.12945081472540737	0.2146573796217273	3314	36323	0.2658221088349819	True	0.15303350437669785	0.2146573796217273	3313	36323	-0.004095554351806641	True	True
COL1A1	ITGA10+ITGB1	other	0.04344589670654386	False	0.12945081472540737	0.0020097458910332297	3314	36323	0.0475414510583505	False	0.15303350437669785	0.0020097458910332297	3313	36323	-0.004095554351806641	False	False
COL1A1	ITGA11+ITGB1	other	0.04830651404336095	False	0.12945081472540737	0.007708614376565812	3314	36323	0.05240206839516759	False	0.15303350437669785	0.007708614376565812	3313	36323	-0.004095554351806641	False	False
COL1A1	ITGA2+ITGB1	other	0.0638270154595375	False	0.12945081472540737	0.027640888693114554	3314	36323	0.06792256981134415	False	0.15303350437669785	0.027640888693114554	3313	36323	-0.004095554351806641	False	False
COL1A2	ITGA1+ITGB1	other	0.23199000861495733	False	0.03047676523838262	0.2146573796217273	3314	36323	0.2310629365965724	False	0.029278599456685782	0.2146573796217273	3313	36323	0.0009270720183849335	False	False
COL1A2	ITGA10+ITGB1	other	0.013709350838325918	False	0.03047676523838262	0.0020097458910332297	3314	36323	0.012782278819940984	False	0.029278599456685782	0.0020097458910332297	3313	36323	0.0009270720183849335	False	False
COL1A2	ITGA11+ITGB1	other	0.018569968175143003	False	0.03047676523838262	0.007708614376565812	3314	36323	0.01764289615675807	False	0.029278599456685782	0.007708614376565812	3313	36323	0.0009270720183849335	False	False
COL1A2	ITGA2+ITGB1	other	0.03409046959131956	False	0.03047676523838262	0.027640888693114554	3314	36323	0.03316339757293463	False	0.029278599456685782	0.027640888693114554	3313	36323	0.0009270720183849335	False	False
COL20A1	ITGA1+ITGB1	other	0.220460065145744	False	0.0018105009052504525	0.2146573796217273	3314	36323	0.2203576795582194	False	0.0018110473890733474	0.2146573796217273	3313	36323	0.00010238558752462268	False	False
COL20A1	ITGA10+ITGB1	other	0.002179407369112596	False	0.0018105009052504525	0.0020097458910332297	3314	36323	0.0020770217815879732	False	0.0018110473890733474	0.0020097458910332297	3313	36323	0.00010238558752462268	False	False
COL20A1	ITGA11+ITGB1	other	0.007040024705929682	False	0.0018105009052504525	0.007708614376565812	3314	36323	0.006937639118405059	False	0.0018110473890733474	0.007708614376565812	3313	36323	0.00010238558752462268	False	False
COL20A1	ITGA2+ITGB1	other	0.02256052612210624	False	0.0018105009052504525	0.027640888693114554	3314	36323	0.022458140534581617	False	0.0018110473890733474	0.027640888693114554	3313	36323	0.00010238558752462268	False	False
COL21A1	ITGA1+ITGB1	other	0.22065520897740498	False	0.0015087507543753772	0.2146573796217273	3314	36323	0.22025403630686924	False	0.001509206157561123	0.2146573796217273	3313	36323	0.00040117267053574324	False	False
COL21A1	ITGA10+ITGB1	other	0.002374551200773567	False	0.0015087507543753772	0.0020097458910332297	3314	36323	0.0019733785302378237	False	0.001509206157561123	0.0020097458910332297	3313	36323	0.00040117267053574324	False	False
COL21A1	ITGA11+ITGB1	other	0.007235168537590653	False	0.0015087507543753772	0.007708614376565812	3314	36323	0.0068339958670549095	False	0.001509206157561123	0.007708614376565812	3313	36323	0.00040117267053574324	False	False
COL21A1	ITGA2+ITGB1	other	0.02275566995376721	False	0.0015087507543753772	0.027640888693114554	3314	36323	0.022354497283231467	False	0.001509206157561123	0.027640888693114554	3313	36323	0.00040117267053574324	False	False
COL22A1	ITGA1+ITGB1	other	0.22402468603104353	False	0.01388050694025347	0.2146573796217273	3314	36323	0.22217937977984548	False	0.007546030787805615	0.2146573796217273	3313	36323	0.0018453062511980534	False	False
COL22A1	ITGA10+ITGB1	other	0.005744028254412115	False	0.01388050694025347	0.0020097458910332297	3314	36323	0.0038987220032140613	False	0.007546030787805615	0.0020097458910332297	3313	36323	0.0018453062511980534	False	False
COL22A1	ITGA11+ITGB1	other	0.0106046455912292	False	0.01388050694025347	0.007708614376565812	3314	36323	0.008759339340031147	False	0.007546030787805615	0.007708614376565812	3313	36323	0.0018453062511980534	False	False
COL22A1	ITGA2+ITGB1	other	0.026125147007405758	False	0.01388050694025347	0.027640888693114554	3314	36323	0.024279840756207705	False	0.007546030787805615	0.027640888693114554	3313	36323	0.0018453062511980534	False	False
COL24A1	ITGA1+ITGB1	other	0.220330044394359	False	0.0024140012070006035	0.2146573796217273	3314	36323	0.22207601298578084	False	0.009357078176878962	0.2146573796217273	3313	36323	-0.0017459685914218426	False	False
COL24A1	ITGA10+ITGB1	other	0.0020493866177275777	False	0.0024140012070006035	0.0020097458910332297	3314	36323	0.0037953552091494203	False	0.009357078176878962	0.0020097458910332297	3313	36323	-0.0017459685914218426	False	False
COL24A1	ITGA11+ITGB1	other	0.006910003954544663	False	0.0024140012070006035	0.007708614376565812	3314	36323	0.008655972545966506	False	0.009357078176878962	0.007708614376565812	3313	36323	-0.0017459685914218426	False	False
COL24A1	ITGA2+ITGB1	other	0.02243050537072122	False	0.0024140012070006035	0.027640888693114554	3314	36323	0.024176473962143064	False	0.009357078176878962	0.027640888693114554	3313	36323	-0.0017459685914218426	False	False
COL26A1	ITGA1+ITGB1	other	0.2205348940915428	False	0.0024140012070006035	0.2146573796217273	3314	36323	0.22110532550141215	False	0.004829459704195593	0.2146573796217273	3313	36323	-0.000570431409869343	False	False
COL26A1	ITGA10+ITGB1	other	0.0022542363149113953	False	0.0024140012070006035	0.0020097458910332297	3314	36323	0.0028246677247807384	False	0.004829459704195593	0.0020097458910332297	3313	36323	-0.000570431409869343	False	False
COL26A1	ITGA11+ITGB1	other	0.007114853651728481	False	0.0024140012070006035	0.007708614376565812	3314	36323	0.007685285061597824	False	0.004829459704195593	0.007708614376565812	3313	36323	-0.000570431409869343	False	False
COL26A1	ITGA2+ITGB1	other	0.02263535506790504	False	0.0024140012070006035	0.027640888693114554	3314	36323	0.02320578647777438	False	0.004829459704195593	0.027640888693114554	3313	36323	-0.000570431409869343	False	False
COL27A1	ITGA1+ITGB1	other	0.2626425176858902	True	0.13126131563065782	0.2146573796217273	3314	36323	0.27919555827975273	True	0.1919710232417748	0.2146573796217273	3313	36323	-0.016553040593862534	True	True
COL27A1	ITGA10+ITGB1	other	0.04436185990925878	False	0.13126131563065782	0.0020097458910332297	3314	36323	0.060914900503121316	False	0.1919710232417748	0.0020097458910332297	3313	36323	-0.016553040593862534	False	False
COL27A1	ITGA11+ITGB1	other	0.04922247724607587	False	0.13126131563065782	0.007708614376565812	3314	36323	0.0657755178399384	False	0.1919710232417748	0.007708614376565812	3313	36323	-0.016553040593862534	False	False
COL27A1	ITGA2+ITGB1	other	0.06474297866225243	False	0.13126131563065782	0.027640888693114554	3314	36323	0.08129601925611496	False	0.1919710232417748	0.027640888693114554	3313	36323	-0.016553040593862534	False	False
COL28A1	ITGA1+ITGB1	other	0.23068933561444283	False	0.036813518406759206	0.2146573796217273	3314	36323	0.23209827207028866	False	0.0516148505885904	0.2146573796217273	3313	36323	-0.0014089364558458328	False	False
COL28A1	ITGA10+ITGB1	other	0.01240867783781141	False	0.036813518406759206	0.0020097458910332297	3314	36323	0.013817614293657243	False	0.0516148505885904	0.0020097458910332297	3313	36323	-0.0014089364558458328	False	False
COL28A1	ITGA11+ITGB1	other	0.017269295174628496	False	0.036813518406759206	0.007708614376565812	3314	36323	0.01867823163047433	False	0.0516148505885904	0.007708614376565812	3313	36323	-0.0014089364558458328	False	False
COL28A1	ITGA2+ITGB1	other	0.032789796590805054	False	0.036813518406759206	0.027640888693114554	3314	36323	0.03419873304665089	False	0.0516148505885904	0.027640888693114554	3313	36323	-0.0014089364558458328	False	False
COL2A1	ITGA1+ITGB1	other	0.22089465166209266	False	0.003621001810500905	0.2146573796217273	3314	36323	0.22017921345832292	False	0.0009055236945366737	0.2146573796217273	3313	36323	0.000715438203769736	False	False
COL2A1	ITGA10+ITGB1	other	0.002613993885461241	False	0.003621001810500905	0.0020097458910332297	3314	36323	0.001898555681691505	False	0.0009055236945366737	0.0020097458910332297	3313	36323	0.000715438203769736	False	False
COL2A1	ITGA11+ITGB1	other	0.007474611222278327	False	0.003621001810500905	0.007708614376565812	3314	36323	0.006759173018508591	False	0.0009055236945366737	0.007708614376565812	3313	36323	0.000715438203769736	False	False
COL2A1	ITGA2+ITGB1	other	0.022995112638454884	False	0.003621001810500905	0.027640888693114554	3314	36323	0.02227967443468515	False	0.0009055236945366737	0.027640888693114554	3313	36323	0.000715438203769736	False	False
COL3A1	ADGRG1	other	0.12002381030470133	False	0.041943270971635485	0.11293120061668915	3314	36323	0.11560103017836809	False	0.02776939329912466	0.11293120061668915	3313	36323	0.004422780126333237	False	False
COL3A1	ITGA1+ITGB1	other	0.2353769401088357	False	0.041943270971635485	0.2146573796217273	3314	36323	0.23095415998250246	False	0.02776939329912466	0.2146573796217273	3313	36323	0.004422780126333237	False	False
COL3A1	ITGA10+ITGB1	other	0.017096282332204282	False	0.041943270971635485	0.0020097458910332297	3314	36323	0.012673502205871046	False	0.02776939329912466	0.0020097458910332297	3313	36323	0.004422780126333237	False	False
COL3A1	ITGA11+ITGB1	other	0.021956899669021368	False	0.041943270971635485	0.007708614376565812	3314	36323	0.01753411954268813	False	0.02776939329912466	0.007708614376565812	3313	36323	0.004422780126333237	False	False
COL3A1	ITGA2+ITGB1	other	0.037477401085197926	False	0.041943270971635485	0.027640888693114554	3314	36323	0.03305462095886469	False	0.02776939329912466	0.027640888693114554	3313	36323	0.004422780126333237	False	False
COL4A1	ADGRG6	other	0.017849441966973245	False	0.05612552806276403	0.0012388844533766485	3314	36323	0.037429206422530115	False	0.13160277693932992	0.0012388844533766485	3313	36323	-0.01957976445555687	False	False
COL4A1	ITGA1+ITGB1	other	0.236904326826334	False	0.05612552806276403	0.2146573796217273	3314	36323	0.25648409128189087	True	0.13160277693932992	0.2146573796217273	3313	36323	-0.01957976445555687	True	False
COL4A1	ITGA10+ITGB1	other	0.018623669049702585	False	0.05612552806276403	0.0020097458910332297	3314	36323	0.038203433505259454	False	0.13160277693932992	0.0020097458910332297	3313	36323	-0.01957976445555687	False	False
COL4A1	ITGA11+ITGB1	other	0.02348428638651967	False	0.05612552806276403	0.007708614376565812	3314	36323	0.04306405084207654	False	0.13160277693932992	0.007708614376565812	3313	36323	-0.01957976445555687	False	False
COL4A1	ITGA2+ITGB1	other	0.03900478780269623	False	0.05612552806276403	0.027640888693114554	3314	36323	0.0585845522582531	False	0.13160277693932992	0.027640888693114554	3313	36323	-0.01957976445555687	False	False
COL4A2	ADGRG6	other	0.045669436804018915	False	0.10500905250452625	0.0012388844533766485	3314	36323	0.056720093241892755	False	0.14337458496830668	0.0012388844533766485	3313	36323	-0.01105065643787384	False	False
COL4A2	ITGA1+ITGB1	other	0.26472432166337967	True	0.10500905250452625	0.2146573796217273	3314	36323	0.2757749781012535	True	0.14337458496830668	0.2146573796217273	3313	36323	-0.01105065643787384	True	True
COL4A2	ITGA10+ITGB1	other	0.046443663886748254	False	0.10500905250452625	0.0020097458910332297	3314	36323	0.057494320324622095	False	0.14337458496830668	0.0020097458910332297	3313	36323	-0.01105065643787384	False	False
COL4A2	ITGA11+ITGB1	other	0.05130428122356534	False	0.10500905250452625	0.007708614376565812	3314	36323	0.06235493766143918	False	0.14337458496830668	0.007708614376565812	3313	36323	-0.01105065643787384	False	False
COL4A2	ITGA2+ITGB1	other	0.0668247826397419	False	0.10500905250452625	0.027640888693114554	3314	36323	0.07787543907761574	False	0.14337458496830668	0.027640888693114554	3313	36323	-0.01105065643787384	False	False
COL4A3	ADGRG6	other	0.010169355547986925	False	0.03228726614363307	0.0012388844533766485	3314	36323	0.00908245739992708	False	0.03048596438273468	0.0012388844533766485	3313	36323	0.001086898148059845	False	False
COL4A3	ITGA1+ITGB1	other	0.22922424040734768	False	0.03228726614363307	0.2146573796217273	3314	36323	0.22813734225928783	False	0.03048596438273468	0.2146573796217273	3313	36323	0.001086898148059845	False	False
COL4A3	ITGA10+ITGB1	other	0.010943582630716264	False	0.03228726614363307	0.0020097458910332297	3314	36323	0.00985668448265642	False	0.03048596438273468	0.0020097458910332297	3313	36323	0.001086898148059845	False	False
COL4A3	ITGA11+ITGB1	other	0.01580419996753335	False	0.03228726614363307	0.007708614376565812	3314	36323	0.014717301819473505	False	0.03048596438273468	0.007708614376565812	3313	36323	0.001086898148059845	False	False
COL4A3	ITGA2+ITGB1	other	0.03132470138370991	False	0.03228726614363307	0.027640888693114554	3314	36323	0.030237803235650063	False	0.03048596438273468	0.027640888693114554	3313	36323	0.001086898148059845	False	False
COL4A4	ADGRG6	other	0.019161645672284067	False	0.05461677730838865	0.0012388844533766485	3314	36323	0.01663289067801088	False	0.05372773920917597	0.0012388844533766485	3313	36323	0.0025287549942731857	False	False
COL4A4	ITGA1+ITGB1	other	0.23821653053164482	False	0.05461677730838865	0.2146573796217273	3314	36323	0.23568777553737164	False	0.05372773920917597	0.2146573796217273	3313	36323	0.0025287549942731857	False	False
COL4A4	ITGA10+ITGB1	other	0.019935872755013406	False	0.05461677730838865	0.0020097458910332297	3314	36323	0.01740711776074022	False	0.05372773920917597	0.0020097458910332297	3313	36323	0.0025287549942731857	False	False
COL4A4	ITGA11+ITGB1	other	0.024796490091830492	False	0.05461677730838865	0.007708614376565812	3314	36323	0.022267735097557306	False	0.05372773920917597	0.007708614376565812	3313	36323	0.0025287549942731857	False	False
COL4A4	ITGA2+ITGB1	other	0.04031699150800705	False	0.05461677730838865	0.027640888693114554	3314	36323	0.037788236513733864	False	0.05372773920917597	0.027640888693114554	3313	36323	0.0025287549942731857	False	False
COL4A5	ADGRG6	other	0.0734646994387731	False	0.21273385636692818	0.0012388844533766485	3314	36323	0.10795544122811407	False	0.3033504376697857	0.0012388844533766485	3313	36323	-0.03449074178934097	False	False
COL4A5	ITGA1+ITGB1	other	0.29251958429813385	True	0.21273385636692818	0.2146573796217273	3314	36323	0.3270103260874748	True	0.3033504376697857	0.2146573796217273	3313	36323	-0.03449074178934097	True	True
COL4A5	ITGA10+ITGB1	other	0.07423892652150244	False	0.21273385636692818	0.0020097458910332297	3314	36323	0.10872966831084341	False	0.3033504376697857	0.0020097458910332297	3313	36323	-0.03449074178934097	False	False
COL4A5	ITGA11+ITGB1	other	0.07909954385831952	False	0.21273385636692818	0.007708614376565812	3314	36323	0.1135902856476605	False	0.3033504376697857	0.007708614376565812	3313	36323	-0.03449074178934097	False	False
COL4A5	ITGA2+ITGB1	other	0.09462004527449608	False	0.21273385636692818	0.027640888693114554	3314	36323	0.12911078706383705	False	0.3033504376697857	0.027640888693114554	3313	36323	-0.03449074178934097	False	False
COL4A6	ADGRG6	other	0.01794977707322687	False	0.05944477972238986	0.0012388844533766485	3314	36323	0.021383021376095712	False	0.07153637186839722	0.0012388844533766485	3313	36323	-0.003433244302868843	False	False
COL4A6	ITGA1+ITGB1	other	0.23700466193258762	False	0.05944477972238986	0.2146573796217273	3314	36323	0.24043790623545647	False	0.07153637186839722	0.2146573796217273	3313	36323	-0.003433244302868843	False	False
COL4A6	ITGA10+ITGB1	other	0.01872400415595621	False	0.05944477972238986	0.0020097458910332297	3314	36323	0.022157248458825052	False	0.07153637186839722	0.0020097458910332297	3313	36323	-0.003433244302868843	False	False
COL4A6	ITGA11+ITGB1	other	0.023584621492773294	False	0.05944477972238986	0.007708614376565812	3314	36323	0.027017865795642138	False	0.07153637186839722	0.007708614376565812	3313	36323	-0.003433244302868843	False	False
COL4A6	ITGA2+ITGB1	other	0.03910512290894985	False	0.05944477972238986	0.027640888693114554	3314	36323	0.042538367211818695	False	0.07153637186839722	0.027640888693114554	3313	36323	-0.003433244302868843	False	False
COL5A1	ITGA1+ITGB1	other	0.23294671718031168	False	0.0331925165962583	0.2146573796217273	3314	36323	0.23427079617977142	False	0.03863567763356474	0.2146573796217273	3313	36323	-0.0013240789994597435	False	False
COL5A1	ITGA10+ITGB1	other	0.014666059403680265	False	0.0331925165962583	0.0020097458910332297	3314	36323	0.01599013840314001	False	0.03863567763356474	0.0020097458910332297	3313	36323	-0.0013240789994597435	False	False
COL5A1	ITGA11+ITGB1	other	0.01952667674049735	False	0.0331925165962583	0.007708614376565812	3314	36323	0.020850755739957094	False	0.03863567763356474	0.007708614376565812	3313	36323	-0.0013240789994597435	False	False
COL5A1	ITGA2+ITGB1	other	0.03504717815667391	False	0.0331925165962583	0.027640888693114554	3314	36323	0.03637125715613365	False	0.03863567763356474	0.027640888693114554	3313	36323	-0.0013240789994597435	False	False
COL5A2	ITGA1+ITGB1	other	0.22317200363613665	False	0.011768255884127943	0.2146573796217273	3314	36323	0.2256884486414492	False	0.01992152127980682	0.2146573796217273	3313	36323	-0.002516445005312562	False	False
COL5A2	ITGA10+ITGB1	other	0.004891345859505236	False	0.011768255884127943	0.0020097458910332297	3314	36323	0.007407790864817798	False	0.01992152127980682	0.0020097458910332297	3313	36323	-0.002516445005312562	False	False
COL5A2	ITGA11+ITGB1	other	0.009751963196322322	False	0.011768255884127943	0.007708614376565812	3314	36323	0.012268408201634884	False	0.01992152127980682	0.007708614376565812	3313	36323	-0.002516445005312562	False	False
COL5A2	ITGA2+ITGB1	other	0.02527246461249888	False	0.011768255884127943	0.027640888693114554	3314	36323	0.02778890961781144	False	0.01992152127980682	0.027640888693114554	3313	36323	-0.002516445005312562	False	False
COL5A3	ITGA1+ITGB1	other	0.22049549443181604	False	0.0015087507543753772	0.2146573796217273	3314	36323	0.22059620945947245	False	0.003622094778146695	0.2146573796217273	3313	36323	-0.00010071502765640616	False	False
COL5A3	ITGA10+ITGB1	other	0.0022148366551846266	False	0.0015087507543753772	0.0020097458910332297	3314	36323	0.0023155516828410327	False	0.003622094778146695	0.0020097458910332297	3313	36323	-0.00010071502765640616	False	False
COL5A3	ITGA11+ITGB1	other	0.007075453992001712	False	0.0015087507543753772	0.007708614376565812	3314	36323	0.0071761690196581185	False	0.003622094778146695	0.007708614376565812	3313	36323	-0.00010071502765640616	False	False
COL5A3	ITGA2+ITGB1	other	0.02259595540817827	False	0.0015087507543753772	0.027640888693114554	3314	36323	0.022696670435834676	False	0.003622094778146695	0.027640888693114554	3313	36323	-0.00010071502765640616	False	False
COL6A1	ITGA1+ITGB1	other	0.2680021673440933	True	0.1044055522027761	0.2146573796217273	3314	36323	0.2690945938229561	True	0.11439782674313312	0.2146573796217273	3313	36323	-0.0010924264788627625	True	True
COL6A1	ITGA10+ITGB1	other	0.04972150956746191	False	0.1044055522027761	0.0020097458910332297	3314	36323	0.05081393604632467	False	0.11439782674313312	0.0020097458910332297	3313	36323	-0.0010924264788627625	False	False
COL6A1	ITGA11+ITGB1	other	0.054582126904278994	False	0.1044055522027761	0.007708614376565812	3314	36323	0.055674553383141756	False	0.11439782674313312	0.007708614376565812	3313	36323	-0.0010924264788627625	False	False
COL6A1	ITGA2+ITGB1	other	0.07010262832045555	False	0.1044055522027761	0.027640888693114554	3314	36323	0.07119505479931831	False	0.11439782674313312	0.027640888693114554	3313	36323	-0.0010924264788627625	False	False
COL6A2	ITGA1+ITGB1	other	0.24165851436555386	False	0.05220277610138805	0.2146573796217273	3314	36323	0.2451885025948286	False	0.07364926048898279	0.2146573796217273	3313	36323	-0.0035299882292747498	False	False
COL6A2	ITGA10+ITGB1	other	0.02337785658892244	False	0.05220277610138805	0.0020097458910332297	3314	36323	0.02690784481819719	False	0.07364926048898279	0.0020097458910332297	3313	36323	-0.0035299882292747498	False	False
COL6A2	ITGA11+ITGB1	other	0.028238473925739527	False	0.05220277610138805	0.007708614376565812	3314	36323	0.031768462155014277	False	0.07364926048898279	0.007708614376565812	3313	36323	-0.0035299882292747498	False	False
COL6A2	ITGA2+ITGB1	other	0.043758975341916084	False	0.05220277610138805	0.027640888693114554	3314	36323	0.047288963571190834	False	0.07364926048898279	0.027640888693114554	3313	36323	-0.0035299882292747498	False	False
COL6A3	ITGA1+ITGB1	other	0.22195374057628214	False	0.007845503922751962	0.2146573796217273	3314	36323	0.22235677228309214	False	0.00784787201931784	0.2146573796217273	3313	36323	-0.00040303170680999756	False	False
COL6A3	ITGA10+ITGB1	other	0.0036730827996507287	False	0.007845503922751962	0.0020097458910332297	3314	36323	0.004076114506460726	False	0.00784787201931784	0.0020097458910332297	3313	36323	-0.00040303170680999756	False	False
COL6A3	ITGA11+ITGB1	other	0.008533700136467814	False	0.007845503922751962	0.007708614376565812	3314	36323	0.008936731843277812	False	0.00784787201931784	0.007708614376565812	3313	36323	-0.00040303170680999756	False	False
COL6A3	ITGA2+ITGB1	other	0.024054201552644372	False	0.007845503922751962	0.027640888693114554	3314	36323	0.02445723325945437	False	0.00784787201931784	0.027640888693114554	3313	36323	-0.00040303170680999756	False	False
COL6A5	ITGA1+ITGB1	other	0.22053228522418067	False	0.002715751357875679	0.2146573796217273	3314	36323	0.2220377023331821	False	0.010866284334440085	0.2146573796217273	3313	36323	-0.0015054171090014279	False	False
COL6A5	ITGA10+ITGB1	other	0.0022516274475492537	False	0.002715751357875679	0.0020097458910332297	3314	36323	0.0037570445565506816	False	0.010866284334440085	0.0020097458910332297	3313	36323	-0.0015054171090014279	False	False
COL6A5	ITGA11+ITGB1	other	0.0071122447843663394	False	0.002715751357875679	0.007708614376565812	3314	36323	0.008617661893367767	False	0.010866284334440085	0.007708614376565812	3313	36323	-0.0015054171090014279	False	False
COL6A5	ITGA2+ITGB1	other	0.022632746200542897	False	0.002715751357875679	0.027640888693114554	3314	36323	0.024138163309544325	False	0.010866284334440085	0.027640888693114554	3313	36323	-0.0015054171090014279	False	False
COL6A6	ITGA1+ITGB1	other	0.22053526126546785	False	0.0012070006035003018	0.2146573796217273	3314	36323	0.22014918201602995	False	0.0012073649260488982	0.2146573796217273	3313	36323	0.0003860792494378984	False	False
COL6A6	ITGA10+ITGB1	other	0.0022546034888364375	False	0.0012070006035003018	0.0020097458910332297	3314	36323	0.001868524239398539	False	0.0012073649260488982	0.0020097458910332297	3313	36323	0.0003860792494378984	False	False
COL6A6	ITGA11+ITGB1	other	0.007115220825653523	False	0.0012070006035003018	0.007708614376565812	3314	36323	0.006729141576215625	False	0.0012073649260488982	0.007708614376565812	3313	36323	0.0003860792494378984	False	False
COL6A6	ITGA2+ITGB1	other	0.02263572224183008	False	0.0012070006035003018	0.027640888693114554	3314	36323	0.022249642992392182	False	0.0012073649260488982	0.027640888693114554	3313	36323	0.0003860792494378984	False	False
COL7A1	ITGA1+ITGB1	other	0.3143605589866638	True	0.2604103802051901	0.2146573796217273	3314	36323	0.3394480124115944	True	0.33142167220042257	0.2146573796217273	3313	36323	-0.025087453424930573	True	True
COL7A1	ITGA10+ITGB1	other	0.0960799012100324	False	0.2604103802051901	0.0020097458910332297	3314	36323	0.12116735463496298	False	0.33142167220042257	0.0020097458910332297	3313	36323	-0.025087453424930573	False	False
COL7A1	ITGA11+ITGB1	other	0.10094051854684949	False	0.2604103802051901	0.007708614376565812	3314	36323	0.12602797197178006	False	0.33142167220042257	0.007708614376565812	3313	36323	-0.025087453424930573	False	False
COL7A1	ITGA2+ITGB1	other	0.11646101996302605	False	0.2604103802051901	0.027640888693114554	3314	36323	0.14154847338795662	False	0.33142167220042257	0.027640888693114554	3313	36323	-0.025087453424930573	False	False
COL8A1	ITGA1+ITGB1	other	0.2274045767262578	False	0.020820760410380206	0.2146573796217273	3314	36323	0.2311626309528947	False	0.02776939329912466	0.2146573796217273	3313	36323	-0.0037580542266368866	False	False
COL8A1	ITGA10+ITGB1	other	0.009123918949626386	False	0.020820760410380206	0.0020097458910332297	3314	36323	0.012881973176263273	False	0.02776939329912466	0.0020097458910332297	3313	36323	-0.0037580542266368866	False	False
COL8A1	ITGA11+ITGB1	other	0.013984536286443472	False	0.020820760410380206	0.007708614376565812	3314	36323	0.01774259051308036	False	0.02776939329912466	0.007708614376565812	3313	36323	-0.0037580542266368866	False	False
COL8A1	ITGA2+ITGB1	other	0.02950503770262003	False	0.020820760410380206	0.027640888693114554	3314	36323	0.033263091929256916	False	0.02776939329912466	0.027640888693114554	3313	36323	-0.0037580542266368866	False	False
COL8A2	ITGA1+ITGB1	other	0.2207319471053779	False	0.0030175015087507543	0.2146573796217273	3314	36323	0.22094294748967513	False	0.006036824630244492	0.2146573796217273	3313	36323	-0.0002110003842972219	False	False
COL8A2	ITGA10+ITGB1	other	0.0024512893287464976	False	0.0030175015087507543	0.0020097458910332297	3314	36323	0.0026622897130437195	False	0.006036824630244492	0.0020097458910332297	3313	36323	-0.0002110003842972219	False	False
COL8A2	ITGA11+ITGB1	other	0.007311906665563583	False	0.0030175015087507543	0.007708614376565812	3314	36323	0.007522907049860805	False	0.006036824630244492	0.007708614376565812	3313	36323	-0.0002110003842972219	False	False
COL8A2	ITGA2+ITGB1	other	0.02283240808174014	False	0.0030175015087507543	0.027640888693114554	3314	36323	0.023043408466037363	False	0.006036824630244492	0.027640888693114554	3313	36323	-0.0002110003842972219	False	False
COL9A1	ITGA1+ITGB1	other	0.22048551350599155	False	0.002715751357875679	0.2146573796217273	3314	36323	0.22047494864091277	False	0.0018110473890733474	0.2146573796217273	3313	36323	1.0564865078777075e-05	False	False
COL9A1	ITGA10+ITGB1	other	0.0022048557293601334	False	0.002715751357875679	0.0020097458910332297	3314	36323	0.0021942908642813563	False	0.0018110473890733474	0.0020097458910332297	3313	36323	1.0564865078777075e-05	False	False
COL9A1	ITGA11+ITGB1	other	0.007065473066177219	False	0.002715751357875679	0.007708614376565812	3314	36323	0.007054908201098442	False	0.0018110473890733474	0.007708614376565812	3313	36323	1.0564865078777075e-05	False	False
COL9A1	ITGA2+ITGB1	other	0.022585974482353777	False	0.002715751357875679	0.027640888693114554	3314	36323	0.022575409617275	False	0.0018110473890733474	0.027640888693114554	3313	36323	1.0564865078777075e-05	False	False
COL9A2	ITGA1+ITGB1	other	0.22736645163968205	False	0.024743512371756187	0.2146573796217273	3314	36323	0.22728303773328662	False	0.02565650467853909	0.2146573796217273	3313	36323	8.341390639543533e-05	False	False
COL9A2	ITGA10+ITGB1	other	0.00908579386305064	False	0.024743512371756187	0.0020097458910332297	3314	36323	0.009002379956655204	False	0.02565650467853909	0.0020097458910332297	3313	36323	8.341390639543533e-05	False	False
COL9A2	ITGA11+ITGB1	other	0.013946411199867725	False	0.024743512371756187	0.007708614376565812	3314	36323	0.01386299729347229	False	0.02565650467853909	0.007708614376565812	3313	36323	8.341390639543533e-05	False	False
COL9A2	ITGA2+ITGB1	other	0.029466912616044283	False	0.024743512371756187	0.027640888693114554	3314	36323	0.029383498709648848	False	0.02565650467853909	0.027640888693114554	3313	36323	8.341390639543533e-05	False	False
COL9A3	ITGA1+ITGB1	other	0.2238110841717571	False	0.012673506336753168	0.2146573796217273	3314	36323	0.23250150308012962	False	0.06006640507093269	0.2146573796217273	3313	36323	-0.008690418908372521	False	False
COL9A3	ITGA10+ITGB1	other	0.005530426395125687	False	0.012673506336753168	0.0020097458910332297	3314	36323	0.014220845303498209	False	0.06006640507093269	0.0020097458910332297	3313	36323	-0.008690418908372521	False	False
COL9A3	ITGA11+ITGB1	other	0.010391043731942773	False	0.012673506336753168	0.007708614376565812	3314	36323	0.019081462640315294	False	0.06006640507093269	0.007708614376565812	3313	36323	-0.008690418908372521	False	False
COL9A3	ITGA2+ITGB1	other	0.02591154514811933	False	0.012673506336753168	0.027640888693114554	3314	36323	0.03460196405649185	False	0.06006640507093269	0.027640888693114554	3313	36323	-0.008690418908372521	False	False
CRLF2	CRLF2+IL7R	other	0.0006368765607476234	False	0.0006035003017501509	0.0007433306720259891	3314	36323	0.0006512496038340032	False	0.0009055236945366737	0.0007433306720259891	3313	36323	-1.4373043086379766e-05	False	False
CRTAM	CADM1	other	0.036826032679528	False	0.002112251056125528	0.04033257164881755	3314	36323	0.03806444304063916	False	0.005433142167220043	0.04033257164881755	3313	36323	-0.001238410361111164	False	False
CSF1	CSF1R	other	0.023326917085796595	False	0.06004828002414001	0.007818737439088182	3314	36323	0.029242486227303743	False	0.07696951403561726	0.007818737439088182	3313	36323	-0.005915569141507149	False	False
CSF2	CSF2RA+CSF2RB	other	0.0035888709826394916	False	0.003922751961375981	0.002945791922473364	3314	36323	0.0033763812389224768	False	0.004225777241171144	0.002945791922473364	3313	36323	0.0002124897437170148	False	False
CSF3	CSF3R	other	0.014865434495732188	False	0.005733252866626433	0.016408336315832942	3314	36323	0.01743333926424384	False	0.009357078176878962	0.016408336315832942	3313	36323	-0.002567904768511653	False	False
CSPG4	ITGA3+ITGB1	other	0.011267624984611757	False	0.0012070006035003018	0.013297359799576027	3314	36323	0.011956785048823804	False	0.00392393600965892	0.013297359799576027	3313	36323	-0.0006891600642120466	False	False
CTSG	FPR1	other	0.007439980166964233	False	0.0009052504526252263	0.008837375767420092	3314	36323	0.00743035894993227	False	0.001509206157561123	0.008837375767420092	3313	36323	9.62121703196317e-06	False	False
CXCL1	ACKR1	other	0.056020849238848314	False	0.09384429692214846	0.0003578999531976984	3314	36323	0.04341260049841367	False	0.08421370359191066	0.0003578999531976984	3313	36323	0.012608248740434647	False	False
CXCL1	CXCR1	other	0.062411810737103224	False	0.09384429692214846	0.007818737439088182	3314	36323	0.04980356199666858	False	0.08421370359191066	0.007818737439088182	3313	36323	0.012608248740434647	False	False
CXCL1	CXCR2	other	0.0671065803617239	False	0.09384429692214846	0.012443906065027668	3314	36323	0.05449833162128925	False	0.08421370359191066	0.012443906065027668	3313	36323	0.012608248740434647	False	False
CXCL2	CXCR2	other	0.08539911545813084	False	0.1288473144236572	0.012443906065027668	3314	36323	0.08269101567566395	False	0.1412616963477211	0.012443906065027668	3313	36323	0.0027080997824668884	False	False
CXCL2	DPP4	other	0.11664793267846107	False	0.1288473144236572	0.05016105497893896	3314	36323	0.11393983289599419	False	0.1412616963477211	0.05016105497893896	3313	36323	0.0027080997824668884	False	False
CXCL3	CXCR2	other	0.03368114307522774	False	0.05220277610138805	0.012443906065027668	3314	36323	0.040342146530747414	False	0.0651977060066405	0.012443906065027668	3313	36323	-0.006661003455519676	False	False
CXCL5	CXCR1	other	0.01843452313914895	False	0.012371756185878094	0.007818737439088182	3314	36323	0.051664318423718214	False	0.0528222155146393	0.007818737439088182	3313	36323	-0.03322979528456926	False	False
CXCL5	CXCR2	other	0.023129292763769627	False	0.012371756185878094	0.012443906065027668	3314	36323	0.05635908804833889	False	0.0528222155146393	0.012443906065027668	3313	36323	-0.03322979528456926	False	False
CXCL6	CXCR1	other	0.010370800737291574	False	0.007543753771876886	0.007818737439088182	3314	36323	0.009477313375100493	False	0.011168125565952309	0.007818737439088182	3313	36323	0.000893487362191081	False	False
CXCL6	CXCR2	other	0.01506557036191225	False	0.007543753771876886	0.012443906065027668	3314	36323	0.01417208299972117	False	0.011168125565952309	0.012443906065027668	3313	36323	0.000893487362191081	False	False
CXCL8	ACKR1	other	0.10781802688143216	False	0.18768859384429692	0.0003578999531976984	3314	36323	0.10470302109024487	False	0.1952912767884093	0.0003578999531976984	3313	36323	0.0031150057911872864	False	False
CXCL8	CXCR1	other	0.11420898837968707	False	0.18768859384429692	0.007818737439088182	3314	36323	0.11109398258849978	False	0.1952912767884093	0.007818737439088182	3313	36323	0.0031150057911872864	False	False
CXCL8	CXCR2	other	0.11890375800430775	False	0.18768859384429692	0.012443906065027668	3314	36323	0.11578875221312046	False	0.1952912767884093	0.012443906065027668	3313	36323	0.0031150057911872864	False	False
CYP17A1	AR	other	0.0008680986502440646	False	0.00030175015087507544	0.0008809845001789499	3314	36323	0.001047757308697328	False	0.0012073649260488982	0.0008809845001789499	3313	36323	-0.00017965865845326334	False	False
CYP19A1	ESR1	other	0.0022989009448792785	False	0.0018105009052504525	0.0023951766098615204	3314	36323	0.0021599604515358806	False	0.0012073649260488982	0.0023951766098615204	3313	36323	0.00013894049334339797	False	False
CYP19A1	ESR2	other	0.0008967288013081998	False	0.0018105009052504525	0.0008259229689177656	3314	36323	0.0007577883079648018	False	0.0012073649260488982	0.0008259229689177656	3313	36323	0.00013894049334339797	False	False
CYP19A1	GPER1	other	0.0005233224655967206	False	0.0018105009052504525	0.0003578999531976984	3314	36323	0.0003843819722533226	False	0.0012073649260488982	0.0003578999531976984	3313	36323	0.00013894049334339797	False	False
CYP19A1	NR1I2	other	0.000459230097476393	False	0.0018105009052504525	0.00022024612504473748	3314	36323	0.000320289604132995	False	0.0012073649260488982	0.00022024612504473748	3313	36323	0.00013894049334339797	False	False
CYP21A2	NR3C2	other	0.016246450308244675	False	0.002112251056125528	0.017261790050381302	3314	36323	0.016319889633450657	False	0.001509206157561123	0.017261790050381302	3313	36323	-7.343932520598173e-05	False	False
CYP27B1	VDR	other	0.08404054306447506	False	0.036210018105009054	0.08826363461167855	3314	36323	0.08647066727280617	False	0.0479927558104437	0.08826363461167855	3313	36323	-0.002430124208331108	False	False
DAG1	CELSR3	other	0.1420700610615313	False	0.38805069402534703	0.007626022079674036	3314	36323	0.12932594725862145	False	0.3785089043163296	0.007626022079674036	3313	36323	0.012744113802909851	False	False
DAG1	NRXN3	other	0.13647298759315163	False	0.38805069402534703	0.0006607383751342124	3314	36323	0.12372887379024178	False	0.3785089043163296	0.0006607383751342124	3313	36323	0.012744113802909851	False	False
DAGLA	CNR1	other	0.01211619345122017	False	0.04496077248038624	0.00044049225008947496	3314	36323	0.007960761577123776	False	0.03169332930878358	0.00044049225008947496	3313	36323	0.004155431874096394	False	False
DAGLA	CNR2	other	0.013424661592580378	False	0.04496077248038624	0.0019822151254026373	3314	36323	0.009269229718483984	False	0.03169332930878358	0.0019822151254026373	3313	36323	0.004155431874096394	False	False
DAGLA	GPR55	other	0.016276773530989885	False	0.04496077248038624	0.0050656608760289625	3314	36323	0.012121341656893492	False	0.03169332930878358	0.0050656608760289625	3313	36323	0.004155431874096394	False	False
DAGLB	CNR1	other	0.031482985854381695	False	0.11104405552202776	0.00044049225008947496	3314	36323	0.03497285643243231	False	0.13914880772713553	0.00044049225008947496	3313	36323	-0.0034898705780506134	False	False
DAGLB	CNR2	other	0.032791453995741904	False	0.11104405552202776	0.0019822151254026373	3314	36323	0.03628132457379252	False	0.13914880772713553	0.0019822151254026373	3313	36323	-0.0034898705780506134	False	False
DAGLB	GPR55	other	0.03564356593415141	False	0.11104405552202776	0.0050656608760289625	3314	36323	0.039133436512202024	False	0.13914880772713553	0.0050656608760289625	3313	36323	-0.0034898705780506134	False	False
DDC	DRD2	other	0.0020433429162949324	False	0.006035003017501509	0.0003854307188282906	3314	36323	0.0027751679299399257	False	0.00996076063990341	0.0003854307188282906	3313	36323	-0.0007318250136449933	False	False
DDC	DRD4	other	0.0021693300222977996	False	0.006035003017501509	0.0005230845469812516	3314	36323	0.002901155035942793	False	0.00996076063990341	0.0005230845469812516	3313	36323	-0.0007318250136449933	False	False
DDC	HTR1F	other	0.002024120796704665	False	0.006035003017501509	0.00027530765630592185	3314	36323	0.002755945810349658	False	0.00996076063990341	0.00027530765630592185	3313	36323	-0.0007318250136449933	False	False
DDC	HTR2A	other	0.0019093961018370464	False	0.006035003017501509	0.0001927153594141453	3314	36323	0.0026412211154820397	False	0.00996076063990341	0.0001927153594141453	3313	36323	-0.0007318250136449933	False	False
DDC	HTR3A	other	0.0019073907023994252	False	0.006035003017501509	0.0001927153594141453	3314	36323	0.0026392157160444185	False	0.00996076063990341	0.0001927153594141453	3313	36323	-0.0007318250136449933	False	False
DDC	HTR4	other	0.001899440394481644	False	0.006035003017501509	0.0001651845937835531	3314	36323	0.0026312654081266373	False	0.00996076063990341	0.0001651845937835531	3313	36323	-0.0007318250136449933	False	False
DDC	HTR7	other	0.0019916529272450134	False	0.006035003017501509	0.0005230845469812516	3314	36323	0.0027234779408900067	False	0.00996076063990341	0.0005230845469812516	3313	36323	-0.0007318250136449933	False	False
DDC+SLC18A1	DRD2	other	0.00033790180168580264	False	0.00030175015087507544	0.0003854307188282906	3314	36323	0.0003372872088220902	False	0.00030184123151222455	0.0003854307188282906	3313	36323	6.145928637124598e-07	False	False
DDC+SLC18A1	DRD4	other	0.00046388890768866986	False	0.00030175015087507544	0.0005230845469812516	3314	36323	0.0004632743148249574	False	0.00030184123151222455	0.0005230845469812516	3313	36323	6.145928637124598e-07	False	False
DDC+SLC18A2	DRD2	other	0.0008006865973584354	False	0.0018105009052504525	0.0003854307188282906	3314	36323	0.001159223378635943	False	0.0033202535466344703	0.0003854307188282906	3313	36323	-0.00035853678127750754	False	False
DDC+SLC18A2	DRD4	other	0.0009266737033613026	False	0.0018105009052504525	0.0005230845469812516	3314	36323	0.0012852104846388102	False	0.0033202535466344703	0.0005230845469812516	3313	36323	-0.00035853678127750754	False	False
DDC+SLC6A3	DRD2	other	0.0020433429162949324	False	0.005431502715751358	0.0003854307188282906	3314	36323	0.0016012779669836164	False	0.0033202535466344703	0.0003854307188282906	3313	36323	0.000442064949311316	False	False
DDC+SLC6A3	DRD4	other	0.0021693300222977996	False	0.005431502715751358	0.0005230845469812516	3314	36323	0.0017272650729864836	False	0.0033202535466344703	0.0005230845469812516	3313	36323	0.000442064949311316	False	False
DHCR24	RORA	other	0.7378173172473907	True	0.7205793602896802	0.2879167469647331	3314	36323	0.650364339351654	True	0.6269242378508905	0.2879167469647331	3313	36323	0.0874529778957367	True	True
DHCR24	RORC	other	0.45595621317625046	False	0.7205793602896802	0.006194422266883242	3314	36323	0.36850323528051376	False	0.6269242378508905	0.006194422266883242	3313	36323	0.0874529778957367	False	False
DHCR7	NR1H2	other	0.1787077561020851	False	0.31864815932407964	0.08319797373564959	3314	36323	0.19072528183460236	False	0.3525505584062783	0.08319797373564959	3313	36323	-0.012017525732517242	False	False
DHCR7	NR1H3	other	0.11707690777257085	False	0.31864815932407964	0.00806651432976351	3314	36323	0.1290944335050881	False	0.3525505584062783	0.00806651432976351	3313	36323	-0.012017525732517242	False	False
DHCR7	RORA	other	0.3976188823580742	True	0.31864815932407964	0.2879167469647331	3314	36323	0.40963640809059143	True	0.3525505584062783	0.2879167469647331	3313	36323	-0.012017525732517242	True	True
DHCR7	RORC	other	0.1157577782869339	False	0.31864815932407964	0.006194422266883242	3314	36323	0.12777530401945114	False	0.3525505584062783	0.006194422266883242	3313	36323	-0.012017525732517242	False	False
DHRS9	PGR	other	0.05806364378076978	False	0.11466505733252867	0.0003578999531976984	3314	36323	0.013913140428485349	False	0.040144883791125865	0.0003578999531976984	3313	36323	0.04415050335228443	False	False
DKK1	KREMEN1+LRP6	other	0.06571531109511852	False	0.17139408569704284	0.003496407235085208	3314	36323	0.06113780476152897	False	0.1448837911258678	0.003496407235085208	3313	36323	0.004577506333589554	False	False
DKK1	KREMEN2+LRP6	other	0.0632284529710887	False	0.17139408569704284	0.00024777689067532967	3314	36323	0.058650946637499146	False	0.1448837911258678	0.00024777689067532967	3313	36323	0.004577506333589554	False	False
DKK1	LRP5	other	0.06737774098291993	False	0.17139408569704284	0.0057263992511631745	3314	36323	0.06280023464933038	False	0.1448837911258678	0.0057263992511631745	3313	36323	0.004577506333589554	False	False
DKK1	LRP6	other	0.06633054674603045	False	0.17139408569704284	0.004239737907111196	3314	36323	0.061753040412440896	False	0.1448837911258678	0.004239737907111196	3313	36323	0.004577506333589554	False	False
DKK2	KREMEN2+LRP6	other	0.00033666155650280416	False	0.0006035003017501509	0.00024777689067532967	3314	36323	0.00022707788048137445	False	0.00030184123151222455	0.00024777689067532967	3313	36323	0.00010958367602142971	False	False
DKK2	LRP6	other	0.003438755331444554	False	0.0006035003017501509	0.004239737907111196	3314	36323	0.0033291716554231243	False	0.00030184123151222455	0.004239737907111196	3313	36323	0.00010958367602142971	False	False
DLL1	NOTCH1	other	0.0900601502507925	False	0.03198551599275799	0.09960631005148253	3314	36323	0.09144513960927725	False	0.04074856625415032	0.09960631005148253	3313	36323	-0.001384989358484745	False	False
DLL1	NOTCH2	other	0.05372495390474796	False	0.03198551599275799	0.055722269636318586	3314	36323	0.05510994326323271	False	0.04074856625415032	0.055722269636318586	3313	36323	-0.001384989358484745	False	False
DLL1	NOTCH3	other	0.014240568038076162	False	0.03198551599275799	0.007598491314043444	3314	36323	0.015625557396560907	False	0.04074856625415032	0.007598491314043444	3313	36323	-0.001384989358484745	False	False
DLL1	NOTCH4	other	0.010247425176203251	False	0.03198551599275799	0.0026980150317980345	3314	36323	0.011632414534687996	False	0.04074856625415032	0.0026980150317980345	3313	36323	-0.001384989358484745	False	False
DLL3	NOTCH1	other	0.08279732236405835	False	0.0033192516596258297	0.09960631005148253	3314	36323	0.09010765329003334	False	0.04165408994868699	0.09960631005148253	3313	36323	-0.007310330925974995	False	False
DLL3	NOTCH2	other	0.046462126018013805	False	0.0033192516596258297	0.055722269636318586	3314	36323	0.0537724569439888	False	0.04165408994868699	0.055722269636318586	3313	36323	-0.007310330925974995	False	False
DLL3	NOTCH3	other	0.0069777401513420045	False	0.0033192516596258297	0.007598491314043444	3314	36323	0.014288071077317	False	0.04165408994868699	0.007598491314043444	3313	36323	-0.007310330925974995	False	False
DLL3	NOTCH4	other	0.002984597289469093	False	0.0033192516596258297	0.0026980150317980345	3314	36323	0.010294928215444088	False	0.04165408994868699	0.0026980150317980345	3313	36323	-0.007310330925974995	False	False
DLL4	NOTCH1	other	0.08292493899352849	False	0.003621001810500905	0.09960631005148253	3314	36323	0.08266685163835064	False	0.003622094778146695	0.09960631005148253	3313	36323	0.00025808735517784953	False	False
DLL4	NOTCH2	other	0.046589742647483945	False	0.003621001810500905	0.055722269636318586	3314	36323	0.046331655292306095	False	0.003622094778146695	0.055722269636318586	3313	36323	0.00025808735517784953	False	False
DLL4	NOTCH3	other	0.007105356780812144	False	0.003621001810500905	0.007598491314043444	3314	36323	0.006847269425634295	False	0.003622094778146695	0.007598491314043444	3313	36323	0.00025808735517784953	False	False
DLL4	NOTCH4	other	0.003112213918939233	False	0.003621001810500905	0.0026980150317980345	3314	36323	0.0028541265637613833	False	0.003622094778146695	0.0026980150317980345	3313	36323	0.00025808735517784953	False	False
DPEP2	CYSLTR1	other	0.03810968587640673	False	0.0030175015087507543	0.04140627150841065	3314	36323	0.038378660567104816	False	0.0033202535466344703	0.04140627150841065	3313	36323	-0.0002689746906980872	False	False
DPEP2	CYSLTR2	other	0.010357405641116202	False	0.0030175015087507543	0.011149960080389836	3314	36323	0.010626380331814289	False	0.0033202535466344703	0.011149960080389836	3313	36323	-0.0002689746906980872	False	False
DPEP3	CYSLTR1	other	0.037339203350711614	False	0.00030175015087507544	0.04140627150841065	3314	36323	0.03712759166955948	False	0.0	0.04140627150841065	3313	36323	0.00021161168115213513	False	False
DPEP3	CYSLTR2	other	0.009586923115421087	False	0.00030175015087507544	0.011149960080389836	3314	36323	0.009375311434268951	False	0.0	0.011149960080389836	3313	36323	0.00021161168115213513	False	False
DSC2	DSG2	other	0.668461968190968	False	0.8074834037417019	0.005808991548054952	3314	36323	0.3127619819715619	False	0.5771204346513734	0.005808991548054952	3313	36323	0.35569998621940613	False	False
DSG2	DSC3	other	0.5505179315805435	False	0.8105009052504526	0.0034413457038240235	3314	36323	0.5214732438325882	False	0.7476607304557803	0.0034413457038240235	3313	36323	0.029044687747955322	False	False
EBI3+IL12A	IL12RB2+IL6ST	other	0.025503427372314036	False	0.003922751961375981	0.03075186520937147	3314	36323	0.02513349161017686	False	0.0027165710836100213	0.03075186520937147	3313	36323	0.0003699357621371746	False	False
EBI3+IL27	IL27RA+IL6ST	other	0.12233918224228546	False	0.0018105009052504525	0.1398838201690389	3314	36323	0.121755075713736	False	0.0012073649260488982	0.1398838201690389	3313	36323	0.0005841065285494551	False	False
EDN1	EDNRA	other	0.08461529891064856	False	0.21092335546167773	0.00022024612504473748	3314	36323	0.06222480665019248	False	0.17718080289767582	0.00022024612504473748	3313	36323	0.022390492260456085	False	False
EDN1	EDNRB	other	0.08475071561406367	False	0.21092335546167773	0.0003854307188282906	3314	36323	0.06236022335360758	False	0.17718080289767582	0.0003854307188282906	3313	36323	0.022390492260456085	False	False
EDN2	EDNRA	other	0.03597433622053359	False	0.07423053711526856	0.00022024612504473748	3314	36323	0.015882735504419543	False	0.03229701177180803	0.00022024612504473748	3313	36323	0.020091600716114044	False	False
EDN2	EDNRB	other	0.03610975292394869	False	0.07423053711526856	0.0003854307188282906	3314	36323	0.016018152207834646	False	0.03229701177180803	0.0003854307188282906	3313	36323	0.020091600716114044	False	False
EDN3	EDNRA	other	0.0003385848685866222	False	0.0009052504526252263	0.00022024612504473748	3314	36323	0.0002282899513375014	False	0.00030184123151222455	0.00022024612504473748	3313	36323	0.00011029491724912077	False	False
EDN3	EDNRB	other	0.00047400157200172544	False	0.0009052504526252263	0.0003854307188282906	3314	36323	0.00036370665475260466	False	0.00030184123151222455	0.0003854307188282906	3313	36323	0.00011029491724912077	False	False
EFNA1	EPHA1	other	0.4797776974737644	False	0.6888955944477972	0.04143380227404124	3314	36323	0.4382028318941593	False	0.6305463326290371	0.04143380227404124	3313	36323	0.0415748655796051	False	False
EFNA1	EPHA2	other	0.4427885654149577	False	0.6888955944477972	0.0016793767034661235	3314	36323	0.4012136998353526	False	0.6305463326290371	0.0016793767034661235	3313	36323	0.0415748655796051	False	False
EFNA1	EPHA3	other	0.4417725200037239	False	0.6888955944477972	0.00011012306252236874	3314	36323	0.4001976544241188	False	0.6305463326290371	0.00011012306252236874	3313	36323	0.0415748655796051	False	False
EFNA1	EPHA4	other	0.4706598725169897	False	0.6888955944477972	0.031660380475181014	3314	36323	0.4290850069373846	False	0.6305463326290371	0.031660380475181014	3313	36323	0.0415748655796051	False	False
EFNA1	EPHA5	other	0.4418996392778354	False	0.6888955944477972	0.00030283842193651404	3314	36323	0.4003247736982303	False	0.6305463326290371	0.00030283842193651404	3313	36323	0.0415748655796051	False	False
EFNA1	EPHA7	other	0.44191230315482244	False	0.6888955944477972	0.00030283842193651404	3314	36323	0.40033743757521734	False	0.6305463326290371	0.00030283842193651404	3313	36323	0.0415748655796051	False	False
EFNA3	EPHA1	other	0.1758561171591282	False	0.33584791792395896	0.04143380227404124	3314	36323	0.15530430153012276	False	0.3033504376697857	0.04143380227404124	3313	36323	0.020551815629005432	False	False
EFNA3	EPHA2	other	0.13886698510032147	False	0.33584791792395896	0.0016793767034661235	3314	36323	0.11831516947131604	False	0.3033504376697857	0.0016793767034661235	3313	36323	0.020551815629005432	False	False
EFNA3	EPHA3	other	0.13785093968908768	False	0.33584791792395896	0.00011012306252236874	3314	36323	0.11729912406008225	False	0.3033504376697857	0.00011012306252236874	3313	36323	0.020551815629005432	False	False
EFNA3	EPHA4	other	0.16673829220235348	False	0.33584791792395896	0.031660380475181014	3314	36323	0.14618647657334805	False	0.3033504376697857	0.031660380475181014	3313	36323	0.020551815629005432	False	False
EFNA3	EPHA5	other	0.13797805896319915	False	0.33584791792395896	0.00030283842193651404	3314	36323	0.11742624333419371	False	0.3033504376697857	0.00030283842193651404	3313	36323	0.020551815629005432	False	False
EFNA3	EPHA7	other	0.1379907228401862	False	0.33584791792395896	0.00030283842193651404	3314	36323	0.11743890721118078	False	0.3033504376697857	0.00030283842193651404	3313	36323	0.020551815629005432	False	False
EFNA4	EPHA1	other	0.056865349411964417	False	0.07332528666264333	0.04143380227404124	3314	36323	0.06427016668021679	False	0.11228493812254754	0.04143380227404124	3313	36323	-0.007404817268252373	False	False
EFNA4	EPHA2	other	0.0198762173531577	False	0.07332528666264333	0.0016793767034661235	3314	36323	0.027281034621410072	False	0.11228493812254754	0.0016793767034661235	3313	36323	-0.007404817268252373	False	False
EFNA4	EPHA3	other	0.01886017194192391	False	0.07332528666264333	0.00011012306252236874	3314	36323	0.02626498921017628	False	0.11228493812254754	0.00011012306252236874	3313	36323	-0.007404817268252373	False	False
EFNA4	EPHA4	other	0.047747524455189705	False	0.07332528666264333	0.031660380475181014	3314	36323	0.05515234172344208	False	0.11228493812254754	0.031660380475181014	3313	36323	-0.007404817268252373	False	False
EFNA4	EPHA5	other	0.018987291216035374	False	0.07332528666264333	0.00030283842193651404	3314	36323	0.026392108484287746	False	0.11228493812254754	0.00030283842193651404	3313	36323	-0.007404817268252373	False	False
EFNA4	EPHA7	other	0.018999955093022436	False	0.07332528666264333	0.00030283842193651404	3314	36323	0.02640477236127481	False	0.11228493812254754	0.00030283842193651404	3313	36323	-0.007404817268252373	False	False
EFNA5	EPHA1	other	0.09079249948263168	False	0.1707905853952927	0.04143380227404124	3314	36323	0.0802721232175827	False	0.13673407787503772	0.04143380227404124	3313	36323	0.01052037626504898	False	False
EFNA5	EPHA2	other	0.053803367423824966	False	0.1707905853952927	0.0016793767034661235	3314	36323	0.043282991158775985	False	0.13673407787503772	0.0016793767034661235	3313	36323	0.01052037626504898	False	False
EFNA5	EPHA3	other	0.052787322012591176	False	0.1707905853952927	0.00011012306252236874	3314	36323	0.042266945747542195	False	0.13673407787503772	0.00011012306252236874	3313	36323	0.01052037626504898	False	False
EFNA5	EPHA4	other	0.08167467452585697	False	0.1707905853952927	0.031660380475181014	3314	36323	0.07115429826080799	False	0.13673407787503772	0.031660380475181014	3313	36323	0.01052037626504898	False	False
EFNA5	EPHA5	other	0.05291444128670264	False	0.1707905853952927	0.00030283842193651404	3314	36323	0.04239406502165366	False	0.13673407787503772	0.00030283842193651404	3313	36323	0.01052037626504898	False	False
EFNA5	EPHA7	other	0.0529271051636897	False	0.1707905853952927	0.00030283842193651404	3314	36323	0.04240672889864072	False	0.13673407787503772	0.00030283842193651404	3313	36323	0.01052037626504898	False	False
EFNA5	EPHB2	other	0.053434255241882056	False	0.1707905853952927	0.0010461690939625031	3314	36323	0.042913878976833075	False	0.13673407787503772	0.0010461690939625031	3313	36323	0.01052037626504898	False	False
EFNB1	EPHA2	other	0.10203833307605237	False	0.2972238986119493	0.0016793767034661235	3314	36323	0.06327945541124791	False	0.20917597343797162	0.0016793767034661235	3313	36323	0.03875887766480446	False	False
EFNB1	EPHA4	other	0.12990964017808437	False	0.2972238986119493	0.031660380475181014	3314	36323	0.09115076251327991	False	0.20917597343797162	0.031660380475181014	3313	36323	0.03875887766480446	False	False
EFNB1	EPHB1	other	0.1017432629596442	False	0.2972238986119493	0.0011562921564848719	3314	36323	0.06298438529483974	False	0.20917597343797162	0.0011562921564848719	3313	36323	0.03875887766480446	False	False
EFNB1	EPHB2	other	0.10166922089410946	False	0.2972238986119493	0.0010461690939625031	3314	36323	0.062910343229305	False	0.20917597343797162	0.0010461690939625031	3313	36323	0.03875887766480446	False	False
EFNB1	EPHB3	other	0.10198222834151238	False	0.2972238986119493	0.001459130578421386	3314	36323	0.06322335067670792	False	0.20917597343797162	0.001459130578421386	3313	36323	0.03875887766480446	False	False
EFNB1	EPHB4	other	0.10243749036453664	False	0.2972238986119493	0.0019546843597720454	3314	36323	0.06367861269973218	False	0.20917597343797162	0.0019546843597720454	3313	36323	0.03875887766480446	False	False
EFNB1	EPHB6	other	0.13766755163669586	False	0.2972238986119493	0.040442694711339926	3314	36323	0.0989086739718914	False	0.20917597343797162	0.040442694711339926	3313	36323	0.03875887766480446	False	False
EFNB2	EPHA4	other	0.2406375017017126	False	0.46016898008449003	0.031660380475181014	3314	36323	0.12905041687190533	False	0.26562028373075763	0.031660380475181014	3313	36323	0.11158708482980728	False	False
EFNB2	EPHB1	other	0.21247112448327243	False	0.46016898008449003	0.0011562921564848719	3314	36323	0.10088403965346515	False	0.26562028373075763	0.0011562921564848719	3313	36323	0.11158708482980728	False	False
EFNB2	EPHB2	other	0.2123970824177377	False	0.46016898008449003	0.0010461690939625031	3314	36323	0.10080999758793041	False	0.26562028373075763	0.0010461690939625031	3313	36323	0.11158708482980728	False	False
EFNB2	EPHB3	other	0.21271008986514062	False	0.46016898008449003	0.001459130578421386	3314	36323	0.10112300503533334	False	0.26562028373075763	0.001459130578421386	3313	36323	0.11158708482980728	False	False
EFNB2	EPHB4	other	0.21316535188816488	False	0.46016898008449003	0.0019546843597720454	3314	36323	0.1015782670583576	False	0.26562028373075763	0.0019546843597720454	3313	36323	0.11158708482980728	False	False
EFNB2	EPHB6	other	0.2483954131603241	False	0.46016898008449003	0.040442694711339926	3314	36323	0.13680832833051682	False	0.26562028373075763	0.040442694711339926	3313	36323	0.11158708482980728	False	False
EFNB3	EPHA4	other	0.03078695188742131	False	0.006940253470126735	0.031660380475181014	3314	36323	0.04065963067114353	False	0.054029580440688195	0.031660380475181014	3313	36323	-0.009872678783722222	False	False
EFNB3	EPHB1	other	0.002620574668981135	False	0.006940253470126735	0.0011562921564848719	3314	36323	0.012493253452703357	False	0.054029580440688195	0.0011562921564848719	3313	36323	-0.009872678783722222	False	False
EFNB3	EPHB2	other	0.002546532603446394	False	0.006940253470126735	0.0010461690939625031	3314	36323	0.012419211387168616	False	0.054029580440688195	0.0010461690939625031	3313	36323	-0.009872678783722222	False	False
EFNB3	EPHB3	other	0.0028595400508493185	False	0.006940253470126735	0.001459130578421386	3314	36323	0.01273221883457154	False	0.054029580440688195	0.001459130578421386	3313	36323	-0.009872678783722222	False	False
EFNB3	EPHB4	other	0.0033148020738735795	False	0.006940253470126735	0.0019546843597720454	3314	36323	0.013187480857595801	False	0.054029580440688195	0.0019546843597720454	3313	36323	-0.009872678783722222	False	False
EFNB3	EPHB6	other	0.0385448633460328	False	0.006940253470126735	0.040442694711339926	3314	36323	0.04841754212975502	False	0.054029580440688195	0.040442694711339926	3313	36323	-0.009872678783722222	False	False
EGF	EGFR	other	0.009905797895044088	False	0.021424260712130355	0.004845414750984225	3314	36323	0.009424775838851929	False	0.017204950196196802	0.004845414750984225	3313	36323	0.00048102205619215965	False	False
ENTPD1	ADORA1	other	0.0022341254516504705	False	0.0051297525648762825	0.0001651845937835531	3314	36323	0.003693324455525726	False	0.014186537881074554	0.0001651845937835531	3313	36323	-0.0014591990038752556	False	False
ENTPD1	ADORA2B	other	0.002673572686035186	False	0.0051297525648762825	0.0009911075627013187	3314	36323	0.004132771689910442	False	0.014186537881074554	0.0009911075627013187	3313	36323	-0.0014591990038752556	False	False
ENTPD1	ADORA3	other	0.0026022466481663287	False	0.0051297525648762825	0.0007157999063953968	3314	36323	0.004061445652041584	False	0.014186537881074554	0.0007157999063953968	3313	36323	-0.0014591990038752556	False	False
EREG	EGFR	other	0.01905240910127759	False	0.038322269161134584	0.004845414750984225	3314	36323	0.025644997600466013	False	0.05463326290371265	0.004845414750984225	3313	36323	-0.006592588499188423	False	False
EREG	ERBB4	other	0.015538839536020532	False	0.038322269161134584	0.0006056768438730281	3314	36323	0.022131428035208955	False	0.05463326290371265	0.0006056768438730281	3313	36323	-0.006592588499188423	False	False
ESAM	ESAM	other	0.002251927915494889	False	0.006940253470126735	0.0006607383751342124	3314	36323	0.0021536610438488424	False	0.005131300935707818	0.0006607383751342124	3313	36323	9.826687164604664e-05	False	False
F11R	ITGAL+ITGB2	other	1.092953622341156	True	0.8614966807483404	0.4833851829419376	3314	36323	1.0600607991218567	True	0.7579233323271959	0.4833851829419376	3313	36323	0.032892823219299316	True	True
FASLG	FAS	other	0.14640489703742787	False	0.0024140012070006035	0.16802026264350411	3314	36323	0.14756883645895869	False	0.004527618472683369	0.16802026264350411	3313	36323	-0.001163939421530813	False	False
FBN1	ITGA5+ITGB1	other	0.0700512514449656	False	0.004828002414001207	0.0771962668281805	3314	36323	0.07031797908712178	False	0.00784787201931784	0.0771962668281805	3313	36323	-0.0002667276421561837	False	False
FCER2	CR2	other	0.0013059742632322013	False	0.0006035003017501509	0.0012388844533766485	3314	36323	0.001200885177240707	False	0.0012073649260488982	0.0012388844533766485	3313	36323	0.00010508908599149436	False	False
FCER2	FGFR2	other	0.004190560721326619	False	0.0006035003017501509	0.004872945516614817	3314	36323	0.004085471635335125	False	0.0012073649260488982	0.004872945516614817	3313	36323	0.00010508908599149436	False	False
FCER2	ITGAM+ITGB2	other	0.021396915253717452	False	0.0006035003017501509	0.023841643036092833	3314	36323	0.021291826167725958	False	0.0012073649260488982	0.023841643036092833	3313	36323	0.00010508908599149436	False	False
FCER2	ITGAX+ITGB2	other	0.024681067850906402	False	0.0006035003017501509	0.02769595022437574	3314	36323	0.024575978764914908	False	0.0012073649260488982	0.02769595022437574	3313	36323	0.00010508908599149436	False	False
FGF1	FGFR1	other	0.01786597236059606	False	0.009354254677127338	0.018418082206866172	3314	36323	0.018120456486940384	False	0.010262601871415635	0.018418082206866172	3313	36323	-0.00025448412634432316	False	False
FGF1	FGFR2	other	0.006763044977560639	False	0.009354254677127338	0.004872945516614817	3314	36323	0.0070175291039049625	False	0.010262601871415635	0.004872945516614817	3313	36323	-0.00025448412634432316	False	False
FGF1	FGFR3	other	0.004897997016087174	False	0.009354254677127338	0.0028631996255815873	3314	36323	0.005152481142431498	False	0.010262601871415635	0.0028631996255815873	3313	36323	-0.00025448412634432316	False	False
FGF1	FGFR4	other	0.0030451064958469942	False	0.009354254677127338	0.0003303691875671062	3314	36323	0.0032995906221913174	False	0.010262601871415635	0.0003303691875671062	3313	36323	-0.00025448412634432316	False	False
FGF17	FGFR3	other	0.0028155726613476872	False	0.0018105009052504525	0.0028631996255815873	3314	36323	0.0031030094251036644	False	0.004225777241171144	0.0028631996255815873	3313	36323	-0.00028743676375597715	False	False
FGF2	FGFR1	other	0.0439958656206727	False	0.08539529269764635	0.018418082206866172	3314	36323	0.0718567119911313	False	0.16903108964684577	0.018418082206866172	3313	36323	-0.027860846370458603	False	False
FGF2	FGFR2	other	0.03289293823763728	False	0.08539529269764635	0.004872945516614817	3314	36323	0.060753784608095884	False	0.16903108964684577	0.004872945516614817	3313	36323	-0.027860846370458603	False	False
FGF2	FGFR3	other	0.031027890276163816	False	0.08539529269764635	0.0028631996255815873	3314	36323	0.05888873664662242	False	0.16903108964684577	0.0028631996255815873	3313	36323	-0.027860846370458603	False	False
FGF2	FGFR4	other	0.029174999755923636	False	0.08539529269764635	0.0003303691875671062	3314	36323	0.05703584612638224	False	0.16903108964684577	0.0003303691875671062	3313	36323	-0.027860846370458603	False	False
FGF22	FGFR2	other	0.0045099936542101204	False	0.0018105009052504525	0.004872945516614817	3314	36323	0.004466881917323917	False	0.003018412315122246	0.004872945516614817	3313	36323	4.311173688620329e-05	False	False
FGF23	FGFR1+KL	other	0.006371733878040686	False	0.025648762824381412	0.0004955537813506593	3314	36323	0.008618780557299033	False	0.03893751886507697	0.0004955537813506593	3313	36323	-0.0022470466792583466	False	False
FGF4	FGFR1	other	0.01523223593540024	False	0.0009052504526252263	0.018418082206866172	3314	36323	0.0153100939351134	False	0.0018110473890733474	0.018418082206866172	3313	36323	-7.78579997131601e-05	False	False
FGF5	FGFR1	other	0.01548191110487096	False	0.0009052504526252263	0.018418082206866172	3314	36323	0.015802596870344132	False	0.0018110473890733474	0.018418082206866172	3313	36323	-0.00032068576547317207	False	False
FGF7	FGFR2	other	0.005060734576545656	False	0.004224502112251056	0.004872945516614817	3314	36323	0.004592917452100664	False	0.003622094778146695	0.004872945516614817	3313	36323	0.00046781712444499135	False	False
FGF8	FGFR3	other	0.0028001694008708	False	0.0030175015087507543	0.0028631996255815873	3314	36323	0.0028397816931828856	False	0.0033202535466344703	0.0028631996255815873	3313	36323	-3.961229231208563e-05	False	False
FGF9	FGFR3	other	0.002805782190989703	False	0.0033192516596258297	0.0028631996255815873	3314	36323	0.003044731740374118	False	0.004527618472683369	0.0028631996255815873	3313	36323	-0.00023894954938441515	False	False
FGFR4	TGFBR3	other	0.10626290924847126	False	0.024140012070006035	0.1053602400682763	3314	36323	0.10848556086421013	False	0.04074856625415032	0.1053602400682763	3313	36323	-0.0022226516157388687	False	False
FGL1	LAG3	other	0.2250988013111055	False	0.01056125528062764	0.22288907854527434	3314	36323	0.23439432960003614	False	0.031995170540295804	0.22288907854527434	3313	36323	-0.009295528288930655	False	False
FLRT2	ADGRL1	other	0.02009934326633811	False	0.009656004828002414	0.02029017426974644	3314	36323	0.020788277499377728	False	0.013582855418050106	0.02029017426974644	3313	36323	-0.0006889342330396175	False	False
FLRT2	ADGRL3	other	0.0031422419706359506	False	0.009656004828002414	0.0010461690939625031	3314	36323	0.003831176203675568	False	0.013582855418050106	0.0010461690939625031	3313	36323	-0.0006889342330396175	False	False
FLRT3	ADGRL2	other	0.02924041892401874	False	0.08569704284852142	0.0006332076095036203	3314	36323	0.02533150720410049	False	0.09025052822215515	0.0006332076095036203	3313	36323	0.003908911719918251	False	False
FLRT3	ADGRL3	other	0.02951562509406358	False	0.08569704284852142	0.0010461690939625031	3314	36323	0.02560671337414533	False	0.09025052822215515	0.0010461690939625031	3313	36323	0.003908911719918251	False	False
FLRT3+TENM2	ADGRL1	other	0.024433400947600603	False	0.022631261315630657	0.02029017426974644	3314	36323	0.02549337549135089	False	0.026260187141563536	0.02029017426974644	3313	36323	-0.001059974543750286	False	False
FLRT3+TENM2	ADGRL2	other	0.007201093481853604	False	0.022631261315630657	0.0006332076095036203	3314	36323	0.00826106802560389	False	0.026260187141563536	0.0006332076095036203	3313	36323	-0.001059974543750286	False	False
FLRT3+TENM3	ADGRL3	other	0.0011198727879673243	False	0.0018105009052504525	0.0010461690939625031	3314	36323	0.0045210717944428325	False	0.022638092363416844	0.0010461690939625031	3313	36323	-0.003401199006475508	False	False
FLRT3+TENM4	ADGRL1	other	0.03982591815292835	False	0.07573928786964393	0.02029017426974644	3314	36323	0.04256381466984749	False	0.09025052822215515	0.02029017426974644	3313	36323	-0.002737896516919136	False	False
FLT3LG	FLT3	other	0.0008922235283534974	False	0.0018105009052504525	0.0005781460782424359	3314	36323	0.0005893746565561742	False	0.0006036824630244491	0.0005781460782424359	3313	36323	0.0003028488717973232	False	False
FN1	ITGA10+ITGB1	other	0.012551121762953699	False	0.02776101388050694	0.0020097458910332297	3314	36323	0.013604362844489515	False	0.029278599456685782	0.0020097458910332297	3313	36323	-0.0010532410815358162	False	False
FN1	ITGA11+ITGB1	other	0.017411739099770784	False	0.02776101388050694	0.007708614376565812	3314	36323	0.0184649801813066	False	0.029278599456685782	0.007708614376565812	3313	36323	-0.0010532410815358162	False	False
FN1	ITGA2+ITGB1	other	0.03293224051594734	False	0.02776101388050694	0.027640888693114554	3314	36323	0.03398548159748316	False	0.029278599456685782	0.027640888693114554	3313	36323	-0.0010532410815358162	False	False
FN1	ITGA3+ITGB1	other	0.021867542527616024	False	0.02776101388050694	0.013297359799576027	3314	36323	0.02292078360915184	False	0.029278599456685782	0.013297359799576027	3313	36323	-0.0010532410815358162	False	False
FN1	ITGA4+ITGB1	other	0.25714194029569626	False	0.02776101388050694	0.265782011397737	3314	36323	0.2581951813772321	False	0.029278599456685782	0.265782011397737	3313	36323	-0.0010532410815358162	False	False
FN1	ITGA4+ITGB7	other	0.19279886037111282	False	0.02776101388050694	0.20342482724444566	3314	36323	0.19385210145264864	False	0.029278599456685782	0.20342482724444566	3313	36323	-0.0010532410815358162	False	False
FN1	ITGA5+ITGB1	other	0.07990320771932602	False	0.02776101388050694	0.0771962668281805	3314	36323	0.08095644880086184	False	0.029278599456685782	0.0771962668281805	3313	36323	-0.0010532410815358162	False	False
FN1	ITGA8+ITGB1	other	0.011041100020520389	False	0.02776101388050694	0.00027530765630592185	3314	36323	0.012094341102056205	False	0.029278599456685782	0.00027530765630592185	3313	36323	-0.0010532410815358162	False	False
FN1	ITGAV+ITGB1	other	0.03377831541001797	False	0.02776101388050694	0.027916196349420476	3314	36323	0.03483155649155378	False	0.029278599456685782	0.027916196349420476	3313	36323	-0.0010532410815358162	False	False
FN1	ITGAV+ITGB5	other	0.013968720566481352	False	0.02776101388050694	0.004267268672741789	3314	36323	0.015021961648017168	False	0.029278599456685782	0.004267268672741789	3313	36323	-0.0010532410815358162	False	False
FTH1	SCARA5	other	1.5925359493703581	False	0.9701267350633676	0.0003578999531976984	3314	36323	1.5585185057134368	False	0.9607606399034108	0.0003578999531976984	3313	36323	0.03401744365692139	False	False
FTL	SCARA5	other	1.1214468246907927	False	0.9031382015691007	0.0003578999531976984	3314	36323	1.318863130232785	False	0.9006942348324781	0.0003578999531976984	3313	36323	-0.1974163055419922	False	False
GAD1+SLC6A1	GABBR1	other	0.006212550273630768	False	0.0012070006035003018	0.007020345235801008	3314	36323	0.00605419428757159	False	0.0009055236945366737	0.007020345235801008	3313	36323	0.00015835598605917767	False	False
GAD1+SLC6A1	GABBR2	other	0.0011161352158524096	False	0.0012070006035003018	0.0010461690939625031	3314	36323	0.0009577792297932319	False	0.0009055236945366737	0.0010461690939625031	3313	36323	0.00015835598605917767	False	False
GAD1+SLC6A1	GABRA1+GABRB2	other	0.0004488357953960076	False	0.0012070006035003018	0.00022024612504473748	3314	36323	0.00029047980933682993	False	0.0009055236945366737	0.00022024612504473748	3313	36323	0.00015835598605917767	False	False
GAD1+SLC6A1	GABRA1+GABRB2+GABRD	other	0.0004488357953960076	False	0.0012070006035003018	0.00022024612504473748	3314	36323	0.00029047980933682993	False	0.0009055236945366737	0.00022024612504473748	3313	36323	0.00015835598605917767	False	False
GAD1+SLC6A1	GABRA1+GABRB2+GABRG2	other	0.0004488357953960076	False	0.0012070006035003018	0.00022024612504473748	3314	36323	0.00029047980933682993	False	0.0009055236945366737	0.00022024612504473748	3313	36323	0.00015835598605917767	False	False
GAD1+SLC6A1	GABRA1+GABRB3	other	0.0004488357953960076	False	0.0012070006035003018	0.00022024612504473748	3314	36323	0.00029047980933682993	False	0.0009055236945366737	0.00022024612504473748	3313	36323	0.00015835598605917767	False	False
GAD1+SLC6A1	GABRA1+GABRB3+GABRG2	other	0.0004488357953960076	False	0.0012070006035003018	0.00022024612504473748	3314	36323	0.00029047980933682993	False	0.0009055236945366737	0.00022024612504473748	3313	36323	0.00015835598605917767	False	False
GAD1+SLC6A1	GABRA2+GABRB3+GABRG2	other	0.0006141113699413836	False	0.0012070006035003018	0.00044049225008947496	3314	36323	0.00045575538388220593	False	0.0009055236945366737	0.00044049225008947496	3313	36323	0.00015835598605917767	False	False
GAD1+SLC6A1	GABRA3+GABRB3+GABRE	other	0.0005063836579211056	False	0.0012070006035003018	0.0003854307188282906	3314	36323	0.00034802767186192796	False	0.0009055236945366737	0.0003854307188282906	3313	36323	0.00015835598605917767	False	False
GAD1+SLC6A1	GABRA3+GABRB3+GABRG2	other	0.0005063836579211056	False	0.0012070006035003018	0.0003854307188282906	3314	36323	0.00034802767186192796	False	0.0009055236945366737	0.0003854307188282906	3313	36323	0.00015835598605917767	False	False
GAD1+SLC6A1	GABRA3+GABRB3+GABRQ	other	0.0004561584792099893	False	0.0012070006035003018	0.00024777689067532967	3314	36323	0.00029780249315081164	False	0.0009055236945366737	0.00024777689067532967	3313	36323	0.00015835598605917767	False	False
GAD1+SLC6A1	GABRA4+GABRB2+GABRD	other	0.0004581709363264963	False	0.0012070006035003018	0.00024777689067532967	3314	36323	0.00029981495026731864	False	0.0009055236945366737	0.00024777689067532967	3313	36323	0.00015835598605917767	False	False
GAD1+SLC6A1	GABRA4+GABRB3+GABRD	other	0.0004581709363264963	False	0.0012070006035003018	0.00024777689067532967	3314	36323	0.00029981495026731864	False	0.0009055236945366737	0.00024777689067532967	3313	36323	0.00015835598605917767	False	False
GAD1+SLC6A1	GABRA4+GABRB3+GABRG2	other	0.0004758423601742834	False	0.0012070006035003018	0.00027530765630592185	3314	36323	0.0003174863741151057	False	0.0009055236945366737	0.00027530765630592185	3313	36323	0.00015835598605917767	False	False
GAD1+SLC6A1	GABRA5+GABRB3+GABRG2	other	0.0003927808938897215	False	0.0012070006035003018	0.0001651845937835531	3314	36323	0.00023442490783054382	False	0.0009055236945366737	0.0001651845937835531	3313	36323	0.00015835598605917767	False	False
GAD1+SLC6A11	GABBR1	other	0.0073866762686520815	False	0.008147254073627036	0.007020345235801008	3314	36323	0.008676947792991996	False	0.013582855418050106	0.007020345235801008	3313	36323	-0.0012902715243399143	False	False
GAD1+SLC6A11	GABBR2	other	0.002290261210873723	False	0.008147254073627036	0.0010461690939625031	3314	36323	0.0035805327352136374	False	0.013582855418050106	0.0010461690939625031	3313	36323	-0.0012902715243399143	False	False
GAD1+SLC6A11	GABRA1+GABRB2	other	0.001622961790417321	False	0.008147254073627036	0.00022024612504473748	3314	36323	0.0029132333147572353	False	0.013582855418050106	0.00022024612504473748	3313	36323	-0.0012902715243399143	False	False
GAD1+SLC6A11	GABRA1+GABRB2+GABRD	other	0.001622961790417321	False	0.008147254073627036	0.00022024612504473748	3314	36323	0.0029132333147572353	False	0.013582855418050106	0.00022024612504473748	3313	36323	-0.0012902715243399143	False	False
GAD1+SLC6A11	GABRA1+GABRB2+GABRG2	other	0.001622961790417321	False	0.008147254073627036	0.00022024612504473748	3314	36323	0.0029132333147572353	False	0.013582855418050106	0.00022024612504473748	3313	36323	-0.0012902715243399143	False	False
GAD1+SLC6A11	GABRA1+GABRB3	other	0.001622961790417321	False	0.008147254073627036	0.00022024612504473748	3314	36323	0.0029132333147572353	False	0.013582855418050106	0.00022024612504473748	3313	36323	-0.0012902715243399143	False	False
GAD1+SLC6A11	GABRA1+GABRB3+GABRG2	other	0.001622961790417321	False	0.008147254073627036	0.00022024612504473748	3314	36323	0.0029132333147572353	False	0.013582855418050106	0.00022024612504473748	3313	36323	-0.0012902715243399143	False	False
GAD1+SLC6A11	GABRA2+GABRB3+GABRG2	other	0.001788237364962697	False	0.008147254073627036	0.00044049225008947496	3314	36323	0.0030785088893026114	False	0.013582855418050106	0.00044049225008947496	3313	36323	-0.0012902715243399143	False	False
GAD1+SLC6A11	GABRA3+GABRB3+GABRE	other	0.001680509652942419	False	0.008147254073627036	0.0003854307188282906	3314	36323	0.0029707811772823334	False	0.013582855418050106	0.0003854307188282906	3313	36323	-0.0012902715243399143	False	False
GAD1+SLC6A11	GABRA3+GABRB3+GABRG2	other	0.001680509652942419	False	0.008147254073627036	0.0003854307188282906	3314	36323	0.0029707811772823334	False	0.013582855418050106	0.0003854307188282906	3313	36323	-0.0012902715243399143	False	False
GAD1+SLC6A11	GABRA3+GABRB3+GABRQ	other	0.0016302844742313027	False	0.008147254073627036	0.00024777689067532967	3314	36323	0.002920555998571217	False	0.013582855418050106	0.00024777689067532967	3313	36323	-0.0012902715243399143	False	False
GAD1+SLC6A11	GABRA4+GABRB2+GABRD	other	0.0016322969313478097	False	0.008147254073627036	0.00024777689067532967	3314	36323	0.002922568455687724	False	0.013582855418050106	0.00024777689067532967	3313	36323	-0.0012902715243399143	False	False
GAD1+SLC6A11	GABRA4+GABRB3+GABRD	other	0.0016322969313478097	False	0.008147254073627036	0.00024777689067532967	3314	36323	0.002922568455687724	False	0.013582855418050106	0.00024777689067532967	3313	36323	-0.0012902715243399143	False	False
GAD1+SLC6A11	GABRA4+GABRB3+GABRG2	other	0.0016499683551955968	False	0.008147254073627036	0.00027530765630592185	3314	36323	0.002940239879535511	False	0.013582855418050106	0.00027530765630592185	3313	36323	-0.0012902715243399143	False	False
GAD1+SLC6A11	GABRA5+GABRB3+GABRG2	other	0.001566906888911035	False	0.008147254073627036	0.0001651845937835531	3314	36323	0.0028571784132509492	False	0.013582855418050106	0.0001651845937835531	3313	36323	-0.0012902715243399143	False	False
GAD1+SLC6A12	GABBR1	other	0.006345889007207006	False	0.0012070006035003018	0.007020345235801008	3314	36323	0.006800147995818406	False	0.0027165710836100213	0.007020345235801008	3313	36323	-0.00045425898861140013	False	False
GAD1+SLC6A12	GABBR2	other	0.0012494739494286478	False	0.0012070006035003018	0.0010461690939625031	3314	36323	0.0017037329380400479	False	0.0027165710836100213	0.0010461690939625031	3313	36323	-0.00045425898861140013	False	False
GAD1+SLC6A12	GABRA1+GABRB2	other	0.0005821745289722458	False	0.0012070006035003018	0.00022024612504473748	3314	36323	0.0010364335175836459	False	0.0027165710836100213	0.00022024612504473748	3313	36323	-0.00045425898861140013	False	False
GAD1+SLC6A12	GABRA1+GABRB2+GABRD	other	0.0005821745289722458	False	0.0012070006035003018	0.00022024612504473748	3314	36323	0.0010364335175836459	False	0.0027165710836100213	0.00022024612504473748	3313	36323	-0.00045425898861140013	False	False
GAD1+SLC6A12	GABRA1+GABRB2+GABRG2	other	0.0005821745289722458	False	0.0012070006035003018	0.00022024612504473748	3314	36323	0.0010364335175836459	False	0.0027165710836100213	0.00022024612504473748	3313	36323	-0.00045425898861140013	False	False
GAD1+SLC6A12	GABRA1+GABRB3	other	0.0005821745289722458	False	0.0012070006035003018	0.00022024612504473748	3314	36323	0.0010364335175836459	False	0.0027165710836100213	0.00022024612504473748	3313	36323	-0.00045425898861140013	False	False
GAD1+SLC6A12	GABRA1+GABRB3+GABRG2	other	0.0005821745289722458	False	0.0012070006035003018	0.00022024612504473748	3314	36323	0.0010364335175836459	False	0.0027165710836100213	0.00022024612504473748	3313	36323	-0.00045425898861140013	False	False
GAD1+SLC6A12	GABRA2+GABRB3+GABRG2	other	0.0007474501035176218	False	0.0012070006035003018	0.00044049225008947496	3314	36323	0.0012017090921290219	False	0.0027165710836100213	0.00044049225008947496	3313	36323	-0.00045425898861140013	False	False
GAD1+SLC6A12	GABRA3+GABRB3+GABRE	other	0.0006397223914973438	False	0.0012070006035003018	0.0003854307188282906	3314	36323	0.001093981380108744	False	0.0027165710836100213	0.0003854307188282906	3313	36323	-0.00045425898861140013	False	False
GAD1+SLC6A12	GABRA3+GABRB3+GABRG2	other	0.0006397223914973438	False	0.0012070006035003018	0.0003854307188282906	3314	36323	0.001093981380108744	False	0.0027165710836100213	0.0003854307188282906	3313	36323	-0.00045425898861140013	False	False
GAD1+SLC6A12	GABRA3+GABRB3+GABRQ	other	0.0005894972127862275	False	0.0012070006035003018	0.00024777689067532967	3314	36323	0.0010437562013976276	False	0.0027165710836100213	0.00024777689067532967	3313	36323	-0.00045425898861140013	False	False
GAD1+SLC6A12	GABRA4+GABRB2+GABRD	other	0.0005915096699027345	False	0.0012070006035003018	0.00024777689067532967	3314	36323	0.0010457686585141346	False	0.0027165710836100213	0.00024777689067532967	3313	36323	-0.00045425898861140013	False	False
GAD1+SLC6A12	GABRA4+GABRB3+GABRD	other	0.0005915096699027345	False	0.0012070006035003018	0.00024777689067532967	3314	36323	0.0010457686585141346	False	0.0027165710836100213	0.00024777689067532967	3313	36323	-0.00045425898861140013	False	False
GAD1+SLC6A12	GABRA4+GABRB3+GABRG2	other	0.0006091810937505215	False	0.0012070006035003018	0.00027530765630592185	3314	36323	0.0010634400823619217	False	0.0027165710836100213	0.00027530765630592185	3313	36323	-0.00045425898861140013	False	False
GAD1+SLC6A12	GABRA5+GABRB3+GABRG2	other	0.0005261196274659596	False	0.0012070006035003018	0.0001651845937835531	3314	36323	0.0009803786160773598	False	0.0027165710836100213	0.0001651845937835531	3313	36323	-0.00045425898861140013	False	False
GAD1+SLC6A13	GABBR1	other	0.006453943788073957	False	0.0018105009052504525	0.007020345235801008	3314	36323	0.006804619973991066	False	0.0033202535466344703	0.007020345235801008	3313	36323	-0.00035067618591710925	False	False
GAD1+SLC6A13	GABBR2	other	0.0013575287302955985	False	0.0018105009052504525	0.0010461690939625031	3314	36323	0.0017082049162127078	False	0.0033202535466344703	0.0010461690939625031	3313	36323	-0.00035067618591710925	False	False
GAD1+SLC6A13	GABRA1+GABRB2	other	0.0006902293098391965	False	0.0018105009052504525	0.00022024612504473748	3314	36323	0.0010409054957563058	False	0.0033202535466344703	0.00022024612504473748	3313	36323	-0.00035067618591710925	False	False
GAD1+SLC6A13	GABRA1+GABRB2+GABRD	other	0.0006902293098391965	False	0.0018105009052504525	0.00022024612504473748	3314	36323	0.0010409054957563058	False	0.0033202535466344703	0.00022024612504473748	3313	36323	-0.00035067618591710925	False	False
GAD1+SLC6A13	GABRA1+GABRB2+GABRG2	other	0.0006902293098391965	False	0.0018105009052504525	0.00022024612504473748	3314	36323	0.0010409054957563058	False	0.0033202535466344703	0.00022024612504473748	3313	36323	-0.00035067618591710925	False	False
GAD1+SLC6A13	GABRA1+GABRB3	other	0.0006902293098391965	False	0.0018105009052504525	0.00022024612504473748	3314	36323	0.0010409054957563058	False	0.0033202535466344703	0.00022024612504473748	3313	36323	-0.00035067618591710925	False	False
GAD1+SLC6A13	GABRA1+GABRB3+GABRG2	other	0.0006902293098391965	False	0.0018105009052504525	0.00022024612504473748	3314	36323	0.0010409054957563058	False	0.0033202535466344703	0.00022024612504473748	3313	36323	-0.00035067618591710925	False	False
GAD1+SLC6A13	GABRA2+GABRB3+GABRG2	other	0.0008555048843845725	False	0.0018105009052504525	0.00044049225008947496	3314	36323	0.0012061810703016818	False	0.0033202535466344703	0.00044049225008947496	3313	36323	-0.00035067618591710925	False	False
GAD1+SLC6A13	GABRA3+GABRB3+GABRE	other	0.0007477771723642945	False	0.0018105009052504525	0.0003854307188282906	3314	36323	0.0010984533582814038	False	0.0033202535466344703	0.0003854307188282906	3313	36323	-0.00035067618591710925	False	False
GAD1+SLC6A13	GABRA3+GABRB3+GABRG2	other	0.0007477771723642945	False	0.0018105009052504525	0.0003854307188282906	3314	36323	0.0010984533582814038	False	0.0033202535466344703	0.0003854307188282906	3313	36323	-0.00035067618591710925	False	False
GAD1+SLC6A13	GABRA3+GABRB3+GABRQ	other	0.0006975519936531782	False	0.0018105009052504525	0.00024777689067532967	3314	36323	0.0010482281795702875	False	0.0033202535466344703	0.00024777689067532967	3313	36323	-0.00035067618591710925	False	False
GAD1+SLC6A13	GABRA4+GABRB2+GABRD	other	0.0006995644507696852	False	0.0018105009052504525	0.00024777689067532967	3314	36323	0.0010502406366867945	False	0.0033202535466344703	0.00024777689067532967	3313	36323	-0.00035067618591710925	False	False
GAD1+SLC6A13	GABRA4+GABRB3+GABRD	other	0.0006995644507696852	False	0.0018105009052504525	0.00024777689067532967	3314	36323	0.0010502406366867945	False	0.0033202535466344703	0.00024777689067532967	3313	36323	-0.00035067618591710925	False	False
GAD1+SLC6A13	GABRA4+GABRB3+GABRG2	other	0.0007172358746174723	False	0.0018105009052504525	0.00027530765630592185	3314	36323	0.0010679120605345815	False	0.0033202535466344703	0.00027530765630592185	3313	36323	-0.00035067618591710925	False	False
GAD1+SLC6A13	GABRA5+GABRB3+GABRG2	other	0.0006341744083329104	False	0.0018105009052504525	0.0001651845937835531	3314	36323	0.0009848505942500196	False	0.0033202535466344703	0.0001651845937835531	3313	36323	-0.00035067618591710925	False	False
GAD1+SLC6A6	GABBR1	other	0.011782064102590084	False	0.022329511164755584	0.007020345235801008	3314	36323	0.01195814274251461	False	0.02444913975249019	0.007020345235801008	3313	36323	-0.00017607863992452621	False	False
GAD1+SLC6A6	GABBR2	other	0.006685649044811726	False	0.022329511164755584	0.0010461690939625031	3314	36323	0.006861727684736252	False	0.02444913975249019	0.0010461690939625031	3313	36323	-0.00017607863992452621	False	False
GAD1+SLC6A6	GABRA1+GABRB2	other	0.006018349624355324	False	0.022329511164755584	0.00022024612504473748	3314	36323	0.00619442826427985	False	0.02444913975249019	0.00022024612504473748	3313	36323	-0.00017607863992452621	False	False
GAD1+SLC6A6	GABRA1+GABRB2+GABRD	other	0.006018349624355324	False	0.022329511164755584	0.00022024612504473748	3314	36323	0.00619442826427985	False	0.02444913975249019	0.00022024612504473748	3313	36323	-0.00017607863992452621	False	False
GAD1+SLC6A6	GABRA1+GABRB2+GABRG2	other	0.006018349624355324	False	0.022329511164755584	0.00022024612504473748	3314	36323	0.00619442826427985	False	0.02444913975249019	0.00022024612504473748	3313	36323	-0.00017607863992452621	False	False
GAD1+SLC6A6	GABRA1+GABRB3	other	0.006018349624355324	False	0.022329511164755584	0.00022024612504473748	3314	36323	0.00619442826427985	False	0.02444913975249019	0.00022024612504473748	3313	36323	-0.00017607863992452621	False	False
GAD1+SLC6A6	GABRA1+GABRB3+GABRG2	other	0.006018349624355324	False	0.022329511164755584	0.00022024612504473748	3314	36323	0.00619442826427985	False	0.02444913975249019	0.00022024612504473748	3313	36323	-0.00017607863992452621	False	False
GAD1+SLC6A6	GABRA2+GABRB3+GABRG2	other	0.0061836251989007	False	0.022329511164755584	0.00044049225008947496	3314	36323	0.006359703838825226	False	0.02444913975249019	0.00044049225008947496	3313	36323	-0.00017607863992452621	False	False
GAD1+SLC6A6	GABRA3+GABRB3+GABRE	other	0.006075897486880422	False	0.022329511164755584	0.0003854307188282906	3314	36323	0.006251976126804948	False	0.02444913975249019	0.0003854307188282906	3313	36323	-0.00017607863992452621	False	False
GAD1+SLC6A6	GABRA3+GABRB3+GABRG2	other	0.006075897486880422	False	0.022329511164755584	0.0003854307188282906	3314	36323	0.006251976126804948	False	0.02444913975249019	0.0003854307188282906	3313	36323	-0.00017607863992452621	False	False
GAD1+SLC6A6	GABRA3+GABRB3+GABRQ	other	0.006025672308169305	False	0.022329511164755584	0.00024777689067532967	3314	36323	0.0062017509480938315	False	0.02444913975249019	0.00024777689067532967	3313	36323	-0.00017607863992452621	False	False
GAD1+SLC6A6	GABRA4+GABRB2+GABRD	other	0.006027684765285812	False	0.022329511164755584	0.00024777689067532967	3314	36323	0.0062037634052103385	False	0.02444913975249019	0.00024777689067532967	3313	36323	-0.00017607863992452621	False	False
GAD1+SLC6A6	GABRA4+GABRB3+GABRD	other	0.006027684765285812	False	0.022329511164755584	0.00024777689067532967	3314	36323	0.0062037634052103385	False	0.02444913975249019	0.00024777689067532967	3313	36323	-0.00017607863992452621	False	False
GAD1+SLC6A6	GABRA4+GABRB3+GABRG2	other	0.006045356189133599	False	0.022329511164755584	0.00027530765630592185	3314	36323	0.006221434829058126	False	0.02444913975249019	0.00027530765630592185	3313	36323	-0.00017607863992452621	False	False
GAD1+SLC6A6	GABRA5+GABRB3+GABRG2	other	0.0059622947228490375	False	0.022329511164755584	0.0001651845937835531	3314	36323	0.006138373362773564	False	0.02444913975249019	0.0001651845937835531	3313	36323	-0.00017607863992452621	False	False
GAD1+SLC6A8	GABBR1	other	0.011782064102590084	False	0.022329511164755584	0.007020345235801008	3314	36323	0.01195814274251461	False	0.02444913975249019	0.007020345235801008	3313	36323	-0.00017607863992452621	False	False
GAD1+SLC6A8	GABBR2	other	0.006685649044811726	False	0.022329511164755584	0.0010461690939625031	3314	36323	0.006861727684736252	False	0.02444913975249019	0.0010461690939625031	3313	36323	-0.00017607863992452621	False	False
GAD1+SLC6A8	GABRA1+GABRB2	other	0.006018349624355324	False	0.022329511164755584	0.00022024612504473748	3314	36323	0.00619442826427985	False	0.02444913975249019	0.00022024612504473748	3313	36323	-0.00017607863992452621	False	False
GAD1+SLC6A8	GABRA1+GABRB2+GABRD	other	0.006018349624355324	False	0.022329511164755584	0.00022024612504473748	3314	36323	0.00619442826427985	False	0.02444913975249019	0.00022024612504473748	3313	36323	-0.00017607863992452621	False	False
GAD1+SLC6A8	GABRA1+GABRB2+GABRG2	other	0.006018349624355324	False	0.022329511164755584	0.00022024612504473748	3314	36323	0.00619442826427985	False	0.02444913975249019	0.00022024612504473748	3313	36323	-0.00017607863992452621	False	False
GAD1+SLC6A8	GABRA1+GABRB3	other	0.006018349624355324	False	0.022329511164755584	0.00022024612504473748	3314	36323	0.00619442826427985	False	0.02444913975249019	0.00022024612504473748	3313	36323	-0.00017607863992452621	False	False
GAD1+SLC6A8	GABRA1+GABRB3+GABRG2	other	0.006018349624355324	False	0.022329511164755584	0.00022024612504473748	3314	36323	0.00619442826427985	False	0.02444913975249019	0.00022024612504473748	3313	36323	-0.00017607863992452621	False	False
GAD1+SLC6A8	GABRA2+GABRB3+GABRG2	other	0.0061836251989007	False	0.022329511164755584	0.00044049225008947496	3314	36323	0.006359703838825226	False	0.02444913975249019	0.00044049225008947496	3313	36323	-0.00017607863992452621	False	False
GAD1+SLC6A8	GABRA3+GABRB3+GABRE	other	0.006075897486880422	False	0.022329511164755584	0.0003854307188282906	3314	36323	0.006251976126804948	False	0.02444913975249019	0.0003854307188282906	3313	36323	-0.00017607863992452621	False	False
GAD1+SLC6A8	GABRA3+GABRB3+GABRG2	other	0.006075897486880422	False	0.022329511164755584	0.0003854307188282906	3314	36323	0.006251976126804948	False	0.02444913975249019	0.0003854307188282906	3313	36323	-0.00017607863992452621	False	False
GAD1+SLC6A8	GABRA3+GABRB3+GABRQ	other	0.006025672308169305	False	0.022329511164755584	0.00024777689067532967	3314	36323	0.0062017509480938315	False	0.02444913975249019	0.00024777689067532967	3313	36323	-0.00017607863992452621	False	False
GAD1+SLC6A8	GABRA4+GABRB2+GABRD	other	0.006027684765285812	False	0.022329511164755584	0.00024777689067532967	3314	36323	0.0062037634052103385	False	0.02444913975249019	0.00024777689067532967	3313	36323	-0.00017607863992452621	False	False
GAD1+SLC6A8	GABRA4+GABRB3+GABRD	other	0.006027684765285812	False	0.022329511164755584	0.00024777689067532967	3314	36323	0.0062037634052103385	False	0.02444913975249019	0.00024777689067532967	3313	36323	-0.00017607863992452621	False	False
GAD1+SLC6A8	GABRA4+GABRB3+GABRG2	other	0.006045356189133599	False	0.022329511164755584	0.00027530765630592185	3314	36323	0.006221434829058126	False	0.02444913975249019	0.00027530765630592185	3313	36323	-0.00017607863992452621	False	False
GAD1+SLC6A8	GABRA5+GABRB3+GABRG2	other	0.0059622947228490375	False	0.022329511164755584	0.0001651845937835531	3314	36323	0.006138373362773564	False	0.02444913975249019	0.0001651845937835531	3313	36323	-0.00017607863992452621	False	False
GAD2+SLC6A1	GABBR1	other	0.006024418042215984	False	0.00030175015087507544	0.007020345235801008	3314	36323	0.00605419428757159	False	0.0009055236945366737	0.007020345235801008	3313	36323	-2.977624535560608e-05	False	False
GAD2+SLC6A1	GABBR2	other	0.0009280029844376259	False	0.00030175015087507544	0.0010461690939625031	3314	36323	0.0009577792297932319	False	0.0009055236945366737	0.0010461690939625031	3313	36323	-2.977624535560608e-05	False	False
GAD2+SLC6A1	GABRA1+GABRB2	other	0.00026070356398122385	False	0.00030175015087507544	0.00022024612504473748	3314	36323	0.00029047980933682993	False	0.0009055236945366737	0.00022024612504473748	3313	36323	-2.977624535560608e-05	False	False
GAD2+SLC6A1	GABRA1+GABRB2+GABRD	other	0.00026070356398122385	False	0.00030175015087507544	0.00022024612504473748	3314	36323	0.00029047980933682993	False	0.0009055236945366737	0.00022024612504473748	3313	36323	-2.977624535560608e-05	False	False
GAD2+SLC6A1	GABRA1+GABRB2+GABRG2	other	0.00026070356398122385	False	0.00030175015087507544	0.00022024612504473748	3314	36323	0.00029047980933682993	False	0.0009055236945366737	0.00022024612504473748	3313	36323	-2.977624535560608e-05	False	False
GAD2+SLC6A1	GABRA1+GABRB3	other	0.00026070356398122385	False	0.00030175015087507544	0.00022024612504473748	3314	36323	0.00029047980933682993	False	0.0009055236945366737	0.00022024612504473748	3313	36323	-2.977624535560608e-05	False	False
GAD2+SLC6A1	GABRA1+GABRB3+GABRG2	other	0.00026070356398122385	False	0.00030175015087507544	0.00022024612504473748	3314	36323	0.00029047980933682993	False	0.0009055236945366737	0.00022024612504473748	3313	36323	-2.977624535560608e-05	False	False
GAD2+SLC6A1	GABRA2+GABRB3+GABRG2	other	0.00042597913852659985	False	0.00030175015087507544	0.00044049225008947496	3314	36323	0.00045575538388220593	False	0.0009055236945366737	0.00044049225008947496	3313	36323	-2.977624535560608e-05	False	False
GAD2+SLC6A1	GABRA3+GABRB3+GABRE	other	0.0003182514265063219	False	0.00030175015087507544	0.0003854307188282906	3314	36323	0.00034802767186192796	False	0.0009055236945366737	0.0003854307188282906	3313	36323	-2.977624535560608e-05	False	False
GAD2+SLC6A1	GABRA3+GABRB3+GABRG2	other	0.0003182514265063219	False	0.00030175015087507544	0.0003854307188282906	3314	36323	0.00034802767186192796	False	0.0009055236945366737	0.0003854307188282906	3313	36323	-2.977624535560608e-05	False	False
GAD2+SLC6A1	GABRA3+GABRB3+GABRQ	other	0.00026802624779520556	False	0.00030175015087507544	0.00024777689067532967	3314	36323	0.00029780249315081164	False	0.0009055236945366737	0.00024777689067532967	3313	36323	-2.977624535560608e-05	False	False
GAD2+SLC6A1	GABRA4+GABRB2+GABRD	other	0.00027003870491171256	False	0.00030175015087507544	0.00024777689067532967	3314	36323	0.00029981495026731864	False	0.0009055236945366737	0.00024777689067532967	3313	36323	-2.977624535560608e-05	False	False
GAD2+SLC6A1	GABRA4+GABRB3+GABRD	other	0.00027003870491171256	False	0.00030175015087507544	0.00024777689067532967	3314	36323	0.00029981495026731864	False	0.0009055236945366737	0.00024777689067532967	3313	36323	-2.977624535560608e-05	False	False
GAD2+SLC6A1	GABRA4+GABRB3+GABRG2	other	0.00028771012875949964	False	0.00030175015087507544	0.00027530765630592185	3314	36323	0.0003174863741151057	False	0.0009055236945366737	0.00027530765630592185	3313	36323	-2.977624535560608e-05	False	False
GAD2+SLC6A1	GABRA5+GABRB3+GABRG2	other	0.00020464866247493774	False	0.00030175015087507544	0.0001651845937835531	3314	36323	0.00023442490783054382	False	0.0009055236945366737	0.0001651845937835531	3313	36323	-2.977624535560608e-05	False	False
GAD2+SLC6A11	GABBR1	other	0.006024418042215984	False	0.00030175015087507544	0.007020345235801008	3314	36323	0.006068578455597162	False	0.0009055236945366737	0.007020345235801008	3313	36323	-4.416041338117793e-05	False	False
GAD2+SLC6A11	GABBR2	other	0.0009280029844376259	False	0.00030175015087507544	0.0010461690939625031	3314	36323	0.0009721633978188038	False	0.0009055236945366737	0.0010461690939625031	3313	36323	-4.416041338117793e-05	False	False
GAD2+SLC6A11	GABRA1+GABRB2	other	0.00026070356398122385	False	0.00030175015087507544	0.00022024612504473748	3314	36323	0.0003048639773624018	False	0.0009055236945366737	0.00022024612504473748	3313	36323	-4.416041338117793e-05	False	False
GAD2+SLC6A11	GABRA1+GABRB2+GABRD	other	0.00026070356398122385	False	0.00030175015087507544	0.00022024612504473748	3314	36323	0.0003048639773624018	False	0.0009055236945366737	0.00022024612504473748	3313	36323	-4.416041338117793e-05	False	False
GAD2+SLC6A11	GABRA1+GABRB2+GABRG2	other	0.00026070356398122385	False	0.00030175015087507544	0.00022024612504473748	3314	36323	0.0003048639773624018	False	0.0009055236945366737	0.00022024612504473748	3313	36323	-4.416041338117793e-05	False	False
GAD2+SLC6A11	GABRA1+GABRB3	other	0.00026070356398122385	False	0.00030175015087507544	0.00022024612504473748	3314	36323	0.0003048639773624018	False	0.0009055236945366737	0.00022024612504473748	3313	36323	-4.416041338117793e-05	False	False
GAD2+SLC6A11	GABRA1+GABRB3+GABRG2	other	0.00026070356398122385	False	0.00030175015087507544	0.00022024612504473748	3314	36323	0.0003048639773624018	False	0.0009055236945366737	0.00022024612504473748	3313	36323	-4.416041338117793e-05	False	False
GAD2+SLC6A11	GABRA2+GABRB3+GABRG2	other	0.00042597913852659985	False	0.00030175015087507544	0.00044049225008947496	3314	36323	0.0004701395519077778	False	0.0009055236945366737	0.00044049225008947496	3313	36323	-4.416041338117793e-05	False	False
GAD2+SLC6A11	GABRA3+GABRB3+GABRE	other	0.0003182514265063219	False	0.00030175015087507544	0.0003854307188282906	3314	36323	0.0003624118398874998	False	0.0009055236945366737	0.0003854307188282906	3313	36323	-4.416041338117793e-05	False	False
GAD2+SLC6A11	GABRA3+GABRB3+GABRG2	other	0.0003182514265063219	False	0.00030175015087507544	0.0003854307188282906	3314	36323	0.0003624118398874998	False	0.0009055236945366737	0.0003854307188282906	3313	36323	-4.416041338117793e-05	False	False
GAD2+SLC6A11	GABRA3+GABRB3+GABRQ	other	0.00026802624779520556	False	0.00030175015087507544	0.00024777689067532967	3314	36323	0.0003121866611763835	False	0.0009055236945366737	0.00024777689067532967	3313	36323	-4.416041338117793e-05	False	False
GAD2+SLC6A11	GABRA4+GABRB2+GABRD	other	0.00027003870491171256	False	0.00030175015087507544	0.00024777689067532967	3314	36323	0.0003141991182928905	False	0.0009055236945366737	0.00024777689067532967	3313	36323	-4.416041338117793e-05	False	False
GAD2+SLC6A11	GABRA4+GABRB3+GABRD	other	0.00027003870491171256	False	0.00030175015087507544	0.00024777689067532967	3314	36323	0.0003141991182928905	False	0.0009055236945366737	0.00024777689067532967	3313	36323	-4.416041338117793e-05	False	False
GAD2+SLC6A11	GABRA4+GABRB3+GABRG2	other	0.00028771012875949964	False	0.00030175015087507544	0.00027530765630592185	3314	36323	0.00033187054214067757	False	0.0009055236945366737	0.00027530765630592185	3313	36323	-4.416041338117793e-05	False	False
GAD2+SLC6A11	GABRA5+GABRB3+GABRG2	other	0.00020464866247493774	False	0.00030175015087507544	0.0001651845937835531	3314	36323	0.00024880907585611567	False	0.0009055236945366737	0.0001651845937835531	3313	36323	-4.416041338117793e-05	False	False
GAD2+SLC6A12	GABBR1	other	0.006024418042215984	False	0.00030175015087507544	0.007020345235801008	3314	36323	0.006068578455597162	False	0.0009055236945366737	0.007020345235801008	3313	36323	-4.416041338117793e-05	False	False
GAD2+SLC6A12	GABBR2	other	0.0009280029844376259	False	0.00030175015087507544	0.0010461690939625031	3314	36323	0.0009721633978188038	False	0.0009055236945366737	0.0010461690939625031	3313	36323	-4.416041338117793e-05	False	False
GAD2+SLC6A12	GABRA1+GABRB2	other	0.00026070356398122385	False	0.00030175015087507544	0.00022024612504473748	3314	36323	0.0003048639773624018	False	0.0009055236945366737	0.00022024612504473748	3313	36323	-4.416041338117793e-05	False	False
GAD2+SLC6A12	GABRA1+GABRB2+GABRD	other	0.00026070356398122385	False	0.00030175015087507544	0.00022024612504473748	3314	36323	0.0003048639773624018	False	0.0009055236945366737	0.00022024612504473748	3313	36323	-4.416041338117793e-05	False	False
GAD2+SLC6A12	GABRA1+GABRB2+GABRG2	other	0.00026070356398122385	False	0.00030175015087507544	0.00022024612504473748	3314	36323	0.0003048639773624018	False	0.0009055236945366737	0.00022024612504473748	3313	36323	-4.416041338117793e-05	False	False
GAD2+SLC6A12	GABRA1+GABRB3	other	0.00026070356398122385	False	0.00030175015087507544	0.00022024612504473748	3314	36323	0.0003048639773624018	False	0.0009055236945366737	0.00022024612504473748	3313	36323	-4.416041338117793e-05	False	False
GAD2+SLC6A12	GABRA1+GABRB3+GABRG2	other	0.00026070356398122385	False	0.00030175015087507544	0.00022024612504473748	3314	36323	0.0003048639773624018	False	0.0009055236945366737	0.00022024612504473748	3313	36323	-4.416041338117793e-05	False	False
GAD2+SLC6A12	GABRA2+GABRB3+GABRG2	other	0.00042597913852659985	False	0.00030175015087507544	0.00044049225008947496	3314	36323	0.0004701395519077778	False	0.0009055236945366737	0.00044049225008947496	3313	36323	-4.416041338117793e-05	False	False
GAD2+SLC6A12	GABRA3+GABRB3+GABRE	other	0.0003182514265063219	False	0.00030175015087507544	0.0003854307188282906	3314	36323	0.0003624118398874998	False	0.0009055236945366737	0.0003854307188282906	3313	36323	-4.416041338117793e-05	False	False
GAD2+SLC6A12	GABRA3+GABRB3+GABRG2	other	0.0003182514265063219	False	0.00030175015087507544	0.0003854307188282906	3314	36323	0.0003624118398874998	False	0.0009055236945366737	0.0003854307188282906	3313	36323	-4.416041338117793e-05	False	False
GAD2+SLC6A12	GABRA3+GABRB3+GABRQ	other	0.00026802624779520556	False	0.00030175015087507544	0.00024777689067532967	3314	36323	0.0003121866611763835	False	0.0009055236945366737	0.00024777689067532967	3313	36323	-4.416041338117793e-05	False	False
GAD2+SLC6A12	GABRA4+GABRB2+GABRD	other	0.00027003870491171256	False	0.00030175015087507544	0.00024777689067532967	3314	36323	0.0003141991182928905	False	0.0009055236945366737	0.00024777689067532967	3313	36323	-4.416041338117793e-05	False	False
GAD2+SLC6A12	GABRA4+GABRB3+GABRD	other	0.00027003870491171256	False	0.00030175015087507544	0.00024777689067532967	3314	36323	0.0003141991182928905	False	0.0009055236945366737	0.00024777689067532967	3313	36323	-4.416041338117793e-05	False	False
GAD2+SLC6A12	GABRA4+GABRB3+GABRG2	other	0.00028771012875949964	False	0.00030175015087507544	0.00027530765630592185	3314	36323	0.00033187054214067757	False	0.0009055236945366737	0.00027530765630592185	3313	36323	-4.416041338117793e-05	False	False
GAD2+SLC6A12	GABRA5+GABRB3+GABRG2	other	0.00020464866247493774	False	0.00030175015087507544	0.0001651845937835531	3314	36323	0.00024880907585611567	False	0.0009055236945366737	0.0001651845937835531	3313	36323	-4.416041338117793e-05	False	False
GAD2+SLC6A13	GABBR1	other	0.006024418042215984	False	0.00030175015087507544	0.007020345235801008	3314	36323	0.006068578455597162	False	0.0009055236945366737	0.007020345235801008	3313	36323	-4.416041338117793e-05	False	False
GAD2+SLC6A13	GABBR2	other	0.0009280029844376259	False	0.00030175015087507544	0.0010461690939625031	3314	36323	0.0009721633978188038	False	0.0009055236945366737	0.0010461690939625031	3313	36323	-4.416041338117793e-05	False	False
GAD2+SLC6A13	GABRA1+GABRB2	other	0.00026070356398122385	False	0.00030175015087507544	0.00022024612504473748	3314	36323	0.0003048639773624018	False	0.0009055236945366737	0.00022024612504473748	3313	36323	-4.416041338117793e-05	False	False
GAD2+SLC6A13	GABRA1+GABRB2+GABRD	other	0.00026070356398122385	False	0.00030175015087507544	0.00022024612504473748	3314	36323	0.0003048639773624018	False	0.0009055236945366737	0.00022024612504473748	3313	36323	-4.416041338117793e-05	False	False
GAD2+SLC6A13	GABRA1+GABRB2+GABRG2	other	0.00026070356398122385	False	0.00030175015087507544	0.00022024612504473748	3314	36323	0.0003048639773624018	False	0.0009055236945366737	0.00022024612504473748	3313	36323	-4.416041338117793e-05	False	False
GAD2+SLC6A13	GABRA1+GABRB3	other	0.00026070356398122385	False	0.00030175015087507544	0.00022024612504473748	3314	36323	0.0003048639773624018	False	0.0009055236945366737	0.00022024612504473748	3313	36323	-4.416041338117793e-05	False	False
GAD2+SLC6A13	GABRA1+GABRB3+GABRG2	other	0.00026070356398122385	False	0.00030175015087507544	0.00022024612504473748	3314	36323	0.0003048639773624018	False	0.0009055236945366737	0.00022024612504473748	3313	36323	-4.416041338117793e-05	False	False
GAD2+SLC6A13	GABRA2+GABRB3+GABRG2	other	0.00042597913852659985	False	0.00030175015087507544	0.00044049225008947496	3314	36323	0.0004701395519077778	False	0.0009055236945366737	0.00044049225008947496	3313	36323	-4.416041338117793e-05	False	False
GAD2+SLC6A13	GABRA3+GABRB3+GABRE	other	0.0003182514265063219	False	0.00030175015087507544	0.0003854307188282906	3314	36323	0.0003624118398874998	False	0.0009055236945366737	0.0003854307188282906	3313	36323	-4.416041338117793e-05	False	False
GAD2+SLC6A13	GABRA3+GABRB3+GABRG2	other	0.0003182514265063219	False	0.00030175015087507544	0.0003854307188282906	3314	36323	0.0003624118398874998	False	0.0009055236945366737	0.0003854307188282906	3313	36323	-4.416041338117793e-05	False	False
GAD2+SLC6A13	GABRA3+GABRB3+GABRQ	other	0.00026802624779520556	False	0.00030175015087507544	0.00024777689067532967	3314	36323	0.0003121866611763835	False	0.0009055236945366737	0.00024777689067532967	3313	36323	-4.416041338117793e-05	False	False
GAD2+SLC6A13	GABRA4+GABRB2+GABRD	other	0.00027003870491171256	False	0.00030175015087507544	0.00024777689067532967	3314	36323	0.0003141991182928905	False	0.0009055236945366737	0.00024777689067532967	3313	36323	-4.416041338117793e-05	False	False
GAD2+SLC6A13	GABRA4+GABRB3+GABRD	other	0.00027003870491171256	False	0.00030175015087507544	0.00024777689067532967	3314	36323	0.0003141991182928905	False	0.0009055236945366737	0.00024777689067532967	3313	36323	-4.416041338117793e-05	False	False
GAD2+SLC6A13	GABRA4+GABRB3+GABRG2	other	0.00028771012875949964	False	0.00030175015087507544	0.00027530765630592185	3314	36323	0.00033187054214067757	False	0.0009055236945366737	0.00027530765630592185	3313	36323	-4.416041338117793e-05	False	False
GAD2+SLC6A13	GABRA5+GABRB3+GABRG2	other	0.00020464866247493774	False	0.00030175015087507544	0.0001651845937835531	3314	36323	0.00024880907585611567	False	0.0009055236945366737	0.0001651845937835531	3313	36323	-4.416041338117793e-05	False	False
GAD2+SLC6A6	GABBR1	other	0.006024418042215984	False	0.00030175015087507544	0.007020345235801008	3314	36323	0.006068578455597162	False	0.0009055236945366737	0.007020345235801008	3313	36323	-4.416041338117793e-05	False	False
GAD2+SLC6A6	GABBR2	other	0.0009280029844376259	False	0.00030175015087507544	0.0010461690939625031	3314	36323	0.0009721633978188038	False	0.0009055236945366737	0.0010461690939625031	3313	36323	-4.416041338117793e-05	False	False
GAD2+SLC6A6	GABRA1+GABRB2	other	0.00026070356398122385	False	0.00030175015087507544	0.00022024612504473748	3314	36323	0.0003048639773624018	False	0.0009055236945366737	0.00022024612504473748	3313	36323	-4.416041338117793e-05	False	False
GAD2+SLC6A6	GABRA1+GABRB2+GABRD	other	0.00026070356398122385	False	0.00030175015087507544	0.00022024612504473748	3314	36323	0.0003048639773624018	False	0.0009055236945366737	0.00022024612504473748	3313	36323	-4.416041338117793e-05	False	False
GAD2+SLC6A6	GABRA1+GABRB2+GABRG2	other	0.00026070356398122385	False	0.00030175015087507544	0.00022024612504473748	3314	36323	0.0003048639773624018	False	0.0009055236945366737	0.00022024612504473748	3313	36323	-4.416041338117793e-05	False	False
GAD2+SLC6A6	GABRA1+GABRB3	other	0.00026070356398122385	False	0.00030175015087507544	0.00022024612504473748	3314	36323	0.0003048639773624018	False	0.0009055236945366737	0.00022024612504473748	3313	36323	-4.416041338117793e-05	False	False
GAD2+SLC6A6	GABRA1+GABRB3+GABRG2	other	0.00026070356398122385	False	0.00030175015087507544	0.00022024612504473748	3314	36323	0.0003048639773624018	False	0.0009055236945366737	0.00022024612504473748	3313	36323	-4.416041338117793e-05	False	False
GAD2+SLC6A6	GABRA2+GABRB3+GABRG2	other	0.00042597913852659985	False	0.00030175015087507544	0.00044049225008947496	3314	36323	0.0004701395519077778	False	0.0009055236945366737	0.00044049225008947496	3313	36323	-4.416041338117793e-05	False	False
GAD2+SLC6A6	GABRA3+GABRB3+GABRE	other	0.0003182514265063219	False	0.00030175015087507544	0.0003854307188282906	3314	36323	0.0003624118398874998	False	0.0009055236945366737	0.0003854307188282906	3313	36323	-4.416041338117793e-05	False	False
GAD2+SLC6A6	GABRA3+GABRB3+GABRG2	other	0.0003182514265063219	False	0.00030175015087507544	0.0003854307188282906	3314	36323	0.0003624118398874998	False	0.0009055236945366737	0.0003854307188282906	3313	36323	-4.416041338117793e-05	False	False
GAD2+SLC6A6	GABRA3+GABRB3+GABRQ	other	0.00026802624779520556	False	0.00030175015087507544	0.00024777689067532967	3314	36323	0.0003121866611763835	False	0.0009055236945366737	0.00024777689067532967	3313	36323	-4.416041338117793e-05	False	False
GAD2+SLC6A6	GABRA4+GABRB2+GABRD	other	0.00027003870491171256	False	0.00030175015087507544	0.00024777689067532967	3314	36323	0.0003141991182928905	False	0.0009055236945366737	0.00024777689067532967	3313	36323	-4.416041338117793e-05	False	False
GAD2+SLC6A6	GABRA4+GABRB3+GABRD	other	0.00027003870491171256	False	0.00030175015087507544	0.00024777689067532967	3314	36323	0.0003141991182928905	False	0.0009055236945366737	0.00024777689067532967	3313	36323	-4.416041338117793e-05	False	False
GAD2+SLC6A6	GABRA4+GABRB3+GABRG2	other	0.00028771012875949964	False	0.00030175015087507544	0.00027530765630592185	3314	36323	0.00033187054214067757	False	0.0009055236945366737	0.00027530765630592185	3313	36323	-4.416041338117793e-05	False	False
GAD2+SLC6A6	GABRA5+GABRB3+GABRG2	other	0.00020464866247493774	False	0.00030175015087507544	0.0001651845937835531	3314	36323	0.00024880907585611567	False	0.0009055236945366737	0.0001651845937835531	3313	36323	-4.416041338117793e-05	False	False
GAD2+SLC6A8	GABBR1	other	0.006024418042215984	False	0.00030175015087507544	0.007020345235801008	3314	36323	0.006068578455597162	False	0.0009055236945366737	0.007020345235801008	3313	36323	-4.416041338117793e-05	False	False
GAD2+SLC6A8	GABBR2	other	0.0009280029844376259	False	0.00030175015087507544	0.0010461690939625031	3314	36323	0.0009721633978188038	False	0.0009055236945366737	0.0010461690939625031	3313	36323	-4.416041338117793e-05	False	False
GAD2+SLC6A8	GABRA1+GABRB2	other	0.00026070356398122385	False	0.00030175015087507544	0.00022024612504473748	3314	36323	0.0003048639773624018	False	0.0009055236945366737	0.00022024612504473748	3313	36323	-4.416041338117793e-05	False	False
GAD2+SLC6A8	GABRA1+GABRB2+GABRD	other	0.00026070356398122385	False	0.00030175015087507544	0.00022024612504473748	3314	36323	0.0003048639773624018	False	0.0009055236945366737	0.00022024612504473748	3313	36323	-4.416041338117793e-05	False	False
GAD2+SLC6A8	GABRA1+GABRB2+GABRG2	other	0.00026070356398122385	False	0.00030175015087507544	0.00022024612504473748	3314	36323	0.0003048639773624018	False	0.0009055236945366737	0.00022024612504473748	3313	36323	-4.416041338117793e-05	False	False
GAD2+SLC6A8	GABRA1+GABRB3	other	0.00026070356398122385	False	0.00030175015087507544	0.00022024612504473748	3314	36323	0.0003048639773624018	False	0.0009055236945366737	0.00022024612504473748	3313	36323	-4.416041338117793e-05	False	False
GAD2+SLC6A8	GABRA1+GABRB3+GABRG2	other	0.00026070356398122385	False	0.00030175015087507544	0.00022024612504473748	3314	36323	0.0003048639773624018	False	0.0009055236945366737	0.00022024612504473748	3313	36323	-4.416041338117793e-05	False	False
GAD2+SLC6A8	GABRA2+GABRB3+GABRG2	other	0.00042597913852659985	False	0.00030175015087507544	0.00044049225008947496	3314	36323	0.0004701395519077778	False	0.0009055236945366737	0.00044049225008947496	3313	36323	-4.416041338117793e-05	False	False
GAD2+SLC6A8	GABRA3+GABRB3+GABRE	other	0.0003182514265063219	False	0.00030175015087507544	0.0003854307188282906	3314	36323	0.0003624118398874998	False	0.0009055236945366737	0.0003854307188282906	3313	36323	-4.416041338117793e-05	False	False
GAD2+SLC6A8	GABRA3+GABRB3+GABRG2	other	0.0003182514265063219	False	0.00030175015087507544	0.0003854307188282906	3314	36323	0.0003624118398874998	False	0.0009055236945366737	0.0003854307188282906	3313	36323	-4.416041338117793e-05	False	False
GAD2+SLC6A8	GABRA3+GABRB3+GABRQ	other	0.00026802624779520556	False	0.00030175015087507544	0.00024777689067532967	3314	36323	0.0003121866611763835	False	0.0009055236945366737	0.00024777689067532967	3313	36323	-4.416041338117793e-05	False	False
GAD2+SLC6A8	GABRA4+GABRB2+GABRD	other	0.00027003870491171256	False	0.00030175015087507544	0.00024777689067532967	3314	36323	0.0003141991182928905	False	0.0009055236945366737	0.00024777689067532967	3313	36323	-4.416041338117793e-05	False	False
GAD2+SLC6A8	GABRA4+GABRB3+GABRD	other	0.00027003870491171256	False	0.00030175015087507544	0.00024777689067532967	3314	36323	0.0003141991182928905	False	0.0009055236945366737	0.00024777689067532967	3313	36323	-4.416041338117793e-05	False	False
GAD2+SLC6A8	GABRA4+GABRB3+GABRG2	other	0.00028771012875949964	False	0.00030175015087507544	0.00027530765630592185	3314	36323	0.00033187054214067757	False	0.0009055236945366737	0.00027530765630592185	3313	36323	-4.416041338117793e-05	False	False
GAD2+SLC6A8	GABRA5+GABRB3+GABRG2	other	0.00020464866247493774	False	0.00030175015087507544	0.0001651845937835531	3314	36323	0.00024880907585611567	False	0.0009055236945366737	0.0001651845937835531	3313	36323	-4.416041338117793e-05	False	False
GAS6	AXL	other	0.02426956477575004	False	0.0700060350030175	0.003909368719544091	3314	36323	0.028574778465554118	False	0.08964684575913069	0.003909368719544091	3313	36323	-0.004305213689804077	False	False
GAS6	MERTK	other	0.02410638122819364	False	0.0700060350030175	0.003826776422652314	3314	36323	0.028411594917997718	False	0.08964684575913069	0.003826776422652314	3313	36323	-0.004305213689804077	False	False
GAS6	TYRO3	other	0.022599748335778713	False	0.0700060350030175	0.0017619690003578999	3314	36323	0.02690496202558279	False	0.08964684575913069	0.0017619690003578999	3313	36323	-0.004305213689804077	False	False
GDF10	ACVR1B+ACVR2B	other	0.008853895706124604	False	0.00030175015087507544	0.01032403711147207	3314	36323	0.008829516391415382	False	0.00030184123151222455	0.01032403711147207	3313	36323	2.4379314709221944e-05	False	False
GDF11	ACVR1B+ACVR2A	other	0.039267695508897305	False	0.08750754375377187	0.01635327478457176	3314	36323	0.03992838691920042	False	0.09809840024147298	0.01635327478457176	3313	36323	-0.0006606914103031158	False	False
GDF11	ACVR1B+ACVR2B	other	0.03368482459336519	False	0.08750754375377187	0.01032403711147207	3314	36323	0.03434551600366831	False	0.09809840024147298	0.01032403711147207	3313	36323	-0.0006606914103031158	False	False
GDF11	ACVR2A+TGFBR1	other	0.039267695508897305	False	0.08750754375377187	0.01635327478457176	3314	36323	0.03992838691920042	False	0.09809840024147298	0.01635327478457176	3313	36323	-0.0006606914103031158	False	False
GDF11	ACVR2B+TGFBR1	other	0.03368482459336519	False	0.08750754375377187	0.01032403711147207	3314	36323	0.03434551600366831	False	0.09809840024147298	0.01032403711147207	3313	36323	-0.0006606914103031158	False	False
GDF6	ACVR2A+BMPR1A	other	0.01329941488802433	False	0.0	0.016325744018941168	3314	36323	0.013452134138788097	False	0.0006036824630244491	0.016325744018941168	3313	36323	-0.00015271925076376647	False	False
GDF6	ACVR2A+BMPR1B	other	0.00021501035371329635	False	0.0	0.0003578999531976984	3314	36323	0.0003677296044770628	False	0.0006036824630244491	0.0003578999531976984	3313	36323	-0.00015271925076376647	False	False
GDF6	ACVR2B+BMPR1B	other	0.00021501035371329635	False	0.0	0.0003578999531976984	3314	36323	0.0003677296044770628	False	0.0006036824630244491	0.0003578999531976984	3313	36323	-0.00015271925076376647	False	False
GDF6	BMPR1A+BMPR2	other	0.01329941488802433	False	0.0	0.016325744018941168	3314	36323	0.013452134138788097	False	0.0006036824630244491	0.016325744018941168	3313	36323	-0.00015271925076376647	False	False
GDF6	BMPR1B+BMPR2	other	0.00021501035371329635	False	0.0	0.0003578999531976984	3314	36323	0.0003677296044770628	False	0.0006036824630244491	0.0003578999531976984	3313	36323	-0.00015271925076376647	False	False
GDF7	ACVR2A+BMPR1A	other	0.014685300411656499	False	0.004828002414001207	0.016325744018941168	3314	36323	0.013935153372585773	False	0.003622094778146695	0.016325744018941168	3313	36323	0.0007501470390707254	False	False
GDF7	ACVR2A+BMPR1B	other	0.0016008958773454651	False	0.004828002414001207	0.0003578999531976984	3314	36323	0.0008507488382747397	False	0.003622094778146695	0.0003578999531976984	3313	36323	0.0007501470390707254	False	False
GDF7	ACVR2B+BMPR1A	other	0.010160379344597459	False	0.004828002414001207	0.01032403711147207	3314	36323	0.009410232305526733	False	0.003622094778146695	0.01032403711147207	3313	36323	0.0007501470390707254	False	False
GDF7	ACVR2B+BMPR1B	other	0.0016008958773454651	False	0.004828002414001207	0.0003578999531976984	3314	36323	0.0008507488382747397	False	0.003622094778146695	0.0003578999531976984	3313	36323	0.0007501470390707254	False	False
GDF7	BMPR1A+BMPR2	other	0.014685300411656499	False	0.004828002414001207	0.016325744018941168	3314	36323	0.013935153372585773	False	0.003622094778146695	0.016325744018941168	3313	36323	0.0007501470390707254	False	False
GDF7	BMPR1B+BMPR2	other	0.0016008958773454651	False	0.004828002414001207	0.0003578999531976984	3314	36323	0.0008507488382747397	False	0.003622094778146695	0.0003578999531976984	3313	36323	0.0007501470390707254	False	False
GDF9	BMPR2+TGFBR1	other	0.06654482305748388	False	0.003621001810500905	0.07526911323403904	3314	36323	0.06723427155520767	False	0.00724418955629339	0.07526911323403904	3313	36323	-0.000689448497723788	False	False
GDNF	GFRA1+RET	other	0.006095193981309421	False	0.01780325890162945	0.00022024612504473748	3314	36323	0.006939052793313749	False	0.02052520374283127	0.00022024612504473748	3313	36323	-0.0008438588120043278	False	False
GGT1	CYSLTR1	other	0.040474454406648874	False	0.013277006638503319	0.04140627150841065	3314	36323	0.04040757939219475	False	0.012677331723513431	0.04140627150841065	3313	36323	6.687501445412636e-05	False	False
GGT1	CYSLTR2	other	0.012722174171358347	False	0.013277006638503319	0.011149960080389836	3314	36323	0.01265529915690422	False	0.012677331723513431	0.011149960080389836	3313	36323	6.687501445412636e-05	False	False
GGT1+GGT5	CYSLTR1	other	0.03826182731427252	False	0.003922751961375981	0.04140627150841065	3314	36323	0.03838148573413491	False	0.0024147298520977964	0.04140627150841065	3313	36323	-0.00011965841986238956	False	False
GGT1+GGT5	CYSLTR2	other	0.010509547078981996	False	0.003922751961375981	0.011149960080389836	3314	36323	0.010629205498844385	False	0.0024147298520977964	0.011149960080389836	3313	36323	-0.00011965841986238956	False	False
GHRL	GPR39	other	0.0005964453885098919	False	0.0018105009052504525	0.00030283842193651404	3314	36323	0.0007713141530985013	False	0.0027165710836100213	0.00030283842193651404	3313	36323	-0.00017486876458860934	False	False
GJA1	GJA1	other	0.25206235609948635	False	0.4728424864212432	0.0029733226881039562	3314	36323	0.17570342682301998	False	0.34198611530335044	0.0029733226881039562	3313	36323	0.07635892927646637	False	False
GJA1	GJA5	other	0.24998309998773038	False	0.4728424864212432	0.00022024612504473748	3314	36323	0.17362417071126401	False	0.34198611530335044	0.00022024612504473748	3313	36323	0.07635892927646637	False	False
GJA3	GJA1	other	0.003903136122971773	False	0.007845503922751962	0.0029733226881039562	3314	36323	0.009902109391987324	False	0.02958044068819801	0.0029733226881039562	3313	36323	-0.005998973269015551	False	False
GJA3	GJA3	other	0.0019177725771442056	False	0.007845503922751962	0.0004955537813506593	3314	36323	0.007916745846159756	False	0.02958044068819801	0.0004955537813506593	3313	36323	-0.005998973269015551	False	False
GJA3	GJA5	other	0.001823880011215806	False	0.007845503922751962	0.00022024612504473748	3314	36323	0.007822853280231357	False	0.02958044068819801	0.00022024612504473748	3313	36323	-0.005998973269015551	False	False
GJA3	GJC1	other	0.0025083356304094195	False	0.007845503922751962	0.0012939459846378328	3314	36323	0.00850730889942497	False	0.02958044068819801	0.0012939459846378328	3313	36323	-0.005998973269015551	False	False
GJA5	GJA5	other	0.002234918298199773	False	0.00724200362100181	0.00022024612504473748	3314	36323	0.0007308157510124147	False	0.0018110473890733474	0.00022024612504473748	3313	36323	0.0015041025471873581	False	False
GJC1	GJA1	other	0.007781985681504011	False	0.022027761013880508	0.0029733226881039562	3314	36323	0.02178872376680374	False	0.07908240265620284	0.0029733226881039562	3313	36323	-0.01400673808529973	False	False
GJC1	GJA5	other	0.005702729569748044	False	0.022027761013880508	0.00022024612504473748	3314	36323	0.019709467655047774	False	0.07908240265620284	0.00022024612504473748	3313	36323	-0.01400673808529973	False	False
GJC1	GJC1	other	0.0063871851889416575	False	0.022027761013880508	0.0012939459846378328	3314	36323	0.020393923274241388	False	0.07908240265620284	0.0012939459846378328	3313	36323	-0.01400673808529973	False	False
GLS+SLC17A7	GRIA1	other	0.0009717865905258805	False	0.003621001810500905	0.00011012306252236874	3314	36323	0.0013589154405053705	False	0.005131300935707818	0.00011012306252236874	3313	36323	-0.00038712884997949004	False	False
GLS+SLC17A7	GRIA3	other	0.0010053791338577867	False	0.003621001810500905	0.00013765382815296093	3314	36323	0.0013925079838372767	False	0.005131300935707818	0.00013765382815296093	3313	36323	-0.00038712884997949004	False	False
GLS+SLC17A7	GRIA4	other	0.0011536840174812824	False	0.003621001810500905	0.0003303691875671062	3314	36323	0.0015408128674607724	False	0.005131300935707818	0.0003303691875671062	3313	36323	-0.00038712884997949004	False	False
GLS+SLC17A7	GRIK1	other	0.0009780631662579253	False	0.003621001810500905	0.00013765382815296093	3314	36323	0.0013651920162374154	False	0.005131300935707818	0.00013765382815296093	3313	36323	-0.00038712884997949004	False	False
GLS+SLC17A7	GRIK1+GRIK4	other	0.0009780631662579253	False	0.003621001810500905	0.00013765382815296093	3314	36323	0.0013651920162374154	False	0.005131300935707818	0.00013765382815296093	3313	36323	-0.00038712884997949004	False	False
GLS+SLC17A7	GRIK1+GRIK5	other	0.0009780631662579253	False	0.003621001810500905	0.00013765382815296093	3314	36323	0.0013651920162374154	False	0.005131300935707818	0.00013765382815296093	3313	36323	-0.00038712884997949004	False	False
GLS+SLC17A7	GRIK2	other	0.0011935661605093628	False	0.003621001810500905	0.0003854307188282906	3314	36323	0.0015806950104888529	False	0.005131300935707818	0.0003854307188282906	3313	36323	-0.00038712884997949004	False	False
GLS+SLC17A7	GRIK2+GRIK4	other	0.0011935661605093628	False	0.003621001810500905	0.0003854307188282906	3314	36323	0.0015806950104888529	False	0.005131300935707818	0.0003854307188282906	3313	36323	-0.00038712884997949004	False	False
GLS+SLC17A7	GRIK2+GRIK5	other	0.0010637108207447454	False	0.003621001810500905	0.00022024612504473748	3314	36323	0.0014508396707242355	False	0.005131300935707818	0.00022024612504473748	3313	36323	-0.00038712884997949004	False	False
GLS+SLC17A7	GRIK3	other	0.0009855062380665913	False	0.003621001810500905	0.00011012306252236874	3314	36323	0.0013726350880460814	False	0.005131300935707818	0.00011012306252236874	3313	36323	-0.00038712884997949004	False	False
GLS+SLC17A7	GRIK3+GRIK4	other	0.0009855062380665913	False	0.003621001810500905	0.00011012306252236874	3314	36323	0.0013726350880460814	False	0.005131300935707818	0.00011012306252236874	3313	36323	-0.00038712884997949004	False	False
GLS+SLC17A7	GRIK3+GRIK5	other	0.0009855062380665913	False	0.003621001810500905	0.00011012306252236874	3314	36323	0.0013726350880460814	False	0.005131300935707818	0.00011012306252236874	3313	36323	-0.00038712884997949004	False	False
GLS+SLC17A7	GRIN1+GRIN2A	other	0.001125046212109737	False	0.003621001810500905	0.0003578999531976984	3314	36323	0.0015121750620892271	False	0.005131300935707818	0.0003578999531976984	3313	36323	-0.00038712884997949004	False	False
GLS+SLC17A7	GRIN1+GRIN2B	other	0.001125046212109737	False	0.003621001810500905	0.0003578999531976984	3314	36323	0.0015121750620892271	False	0.005131300935707818	0.0003578999531976984	3313	36323	-0.00038712884997949004	False	False
GLS+SLC17A7	GRIN1+GRIN2C	other	0.0011174429091624916	False	0.003621001810500905	0.00030283842193651404	3314	36323	0.0015045717591419816	False	0.005131300935707818	0.00030283842193651404	3313	36323	-0.00038712884997949004	False	False
GLS+SLC17A7	GRIN1+GRIN2D	other	0.001125046212109737	False	0.003621001810500905	0.0003578999531976984	3314	36323	0.0015121750620892271	False	0.005131300935707818	0.0003578999531976984	3313	36323	-0.00038712884997949004	False	False
GLS+SLC17A7	GRM1	other	0.0010839559399755672	False	0.003621001810500905	0.00027530765630592185	3314	36323	0.0014710847899550572	False	0.005131300935707818	0.00027530765630592185	3313	36323	-0.00038712884997949004	False	False
GLS+SLC17A7	GRM2	other	0.001678642292972654	False	0.003621001810500905	0.0008534537345483578	3314	36323	0.002065771142952144	False	0.005131300935707818	0.0008534537345483578	3313	36323	-0.00038712884997949004	False	False
GLS+SLC17A7	GRM3	other	0.0015967802028171718	False	0.003621001810500905	0.0008809845001789499	3314	36323	0.001983909052796662	False	0.005131300935707818	0.0008809845001789499	3313	36323	-0.00038712884997949004	False	False
GLS+SLC17A7	GRM4	other	0.0014159342972561717	False	0.003621001810500905	0.0007433306720259891	3314	36323	0.0018030631472356617	False	0.005131300935707818	0.0007433306720259891	3313	36323	-0.00038712884997949004	False	False
GLS+SLC17A7	GRM6	other	0.0009892983798636124	False	0.003621001810500905	0.00011012306252236874	3314	36323	0.0013764272298431024	False	0.005131300935707818	0.00011012306252236874	3313	36323	-0.00038712884997949004	False	False
GLS+SLC17A7	GRM7	other	0.0010599717206787318	False	0.003621001810500905	0.0001927153594141453	3314	36323	0.0014471005706582218	False	0.005131300935707818	0.0001927153594141453	3313	36323	-0.00038712884997949004	False	False
GLS+SLC1A1	GRIA1	other	0.004303865687688813	False	0.017501508750754374	0.00011012306252236874	3314	36323	0.005424864211818203	False	0.025958345910051313	0.00011012306252236874	3313	36323	-0.0011209985241293907	False	False
GLS+SLC1A1	GRIA3	other	0.004337458231020719	False	0.017501508750754374	0.00013765382815296093	3314	36323	0.0054584567551501095	False	0.025958345910051313	0.00013765382815296093	3313	36323	-0.0011209985241293907	False	False
GLS+SLC1A1	GRIA4	other	0.0044857631146442145	False	0.017501508750754374	0.0003303691875671062	3314	36323	0.005606761638773605	False	0.025958345910051313	0.0003303691875671062	3313	36323	-0.0011209985241293907	False	False
GLS+SLC1A1	GRIK1	other	0.0043101422634208575	False	0.017501508750754374	0.00013765382815296093	3314	36323	0.005431140787550248	False	0.025958345910051313	0.00013765382815296093	3313	36323	-0.0011209985241293907	False	False
GLS+SLC1A1	GRIK1+GRIK4	other	0.0043101422634208575	False	0.017501508750754374	0.00013765382815296093	3314	36323	0.005431140787550248	False	0.025958345910051313	0.00013765382815296093	3313	36323	-0.0011209985241293907	False	False
GLS+SLC1A1	GRIK1+GRIK5	other	0.0043101422634208575	False	0.017501508750754374	0.00013765382815296093	3314	36323	0.005431140787550248	False	0.025958345910051313	0.00013765382815296093	3313	36323	-0.0011209985241293907	False	False
GLS+SLC1A1	GRIK2	other	0.004525645257672295	False	0.017501508750754374	0.0003854307188282906	3314	36323	0.005646643781801686	False	0.025958345910051313	0.0003854307188282906	3313	36323	-0.0011209985241293907	False	False
GLS+SLC1A1	GRIK2+GRIK4	other	0.004525645257672295	False	0.017501508750754374	0.0003854307188282906	3314	36323	0.005646643781801686	False	0.025958345910051313	0.0003854307188282906	3313	36323	-0.0011209985241293907	False	False
GLS+SLC1A1	GRIK2+GRIK5	other	0.004395789917907678	False	0.017501508750754374	0.00022024612504473748	3314	36323	0.005516788442037068	False	0.025958345910051313	0.00022024612504473748	3313	36323	-0.0011209985241293907	False	False
GLS+SLC1A1	GRIK3	other	0.0043175853352295235	False	0.017501508750754374	0.00011012306252236874	3314	36323	0.005438583859358914	False	0.025958345910051313	0.00011012306252236874	3313	36323	-0.0011209985241293907	False	False
GLS+SLC1A1	GRIK3+GRIK4	other	0.0043175853352295235	False	0.017501508750754374	0.00011012306252236874	3314	36323	0.005438583859358914	False	0.025958345910051313	0.00011012306252236874	3313	36323	-0.0011209985241293907	False	False
GLS+SLC1A1	GRIK3+GRIK5	other	0.0043175853352295235	False	0.017501508750754374	0.00011012306252236874	3314	36323	0.005438583859358914	False	0.025958345910051313	0.00011012306252236874	3313	36323	-0.0011209985241293907	False	False
GLS+SLC1A1	GRIN1+GRIN2A	other	0.004457125309272669	False	0.017501508750754374	0.0003578999531976984	3314	36323	0.00557812383340206	False	0.025958345910051313	0.0003578999531976984	3313	36323	-0.0011209985241293907	False	False
GLS+SLC1A1	GRIN1+GRIN2B	other	0.004457125309272669	False	0.017501508750754374	0.0003578999531976984	3314	36323	0.00557812383340206	False	0.025958345910051313	0.0003578999531976984	3313	36323	-0.0011209985241293907	False	False
GLS+SLC1A1	GRIN1+GRIN2C	other	0.004449522006325424	False	0.017501508750754374	0.00030283842193651404	3314	36323	0.0055705205304548144	False	0.025958345910051313	0.00030283842193651404	3313	36323	-0.0011209985241293907	False	False
GLS+SLC1A1	GRIN1+GRIN2D	other	0.004457125309272669	False	0.017501508750754374	0.0003578999531976984	3314	36323	0.00557812383340206	False	0.025958345910051313	0.0003578999531976984	3313	36323	-0.0011209985241293907	False	False
GLS+SLC1A1	GRM1	other	0.004416035037138499	False	0.017501508750754374	0.00027530765630592185	3314	36323	0.00553703356126789	False	0.025958345910051313	0.00027530765630592185	3313	36323	-0.0011209985241293907	False	False
GLS+SLC1A1	GRM2	other	0.005010721390135586	False	0.017501508750754374	0.0008534537345483578	3314	36323	0.006131719914264977	False	0.025958345910051313	0.0008534537345483578	3313	36323	-0.0011209985241293907	False	False
GLS+SLC1A1	GRM3	other	0.004928859299980104	False	0.017501508750754374	0.0008809845001789499	3314	36323	0.006049857824109495	False	0.025958345910051313	0.0008809845001789499	3313	36323	-0.0011209985241293907	False	False
GLS+SLC1A1	GRM4	other	0.004748013394419104	False	0.017501508750754374	0.0007433306720259891	3314	36323	0.005869011918548495	False	0.025958345910051313	0.0007433306720259891	3313	36323	-0.0011209985241293907	False	False
GLS+SLC1A1	GRM6	other	0.0043213774770265445	False	0.017501508750754374	0.00011012306252236874	3314	36323	0.005442376001155935	False	0.025958345910051313	0.00011012306252236874	3313	36323	-0.0011209985241293907	False	False
GLS+SLC1A1	GRM7	other	0.004392050817841664	False	0.017501508750754374	0.0001927153594141453	3314	36323	0.005513049341971055	False	0.025958345910051313	0.0001927153594141453	3313	36323	-0.0011209985241293907	False	False
GLS+SLC1A2	GRIA1	other	0.0010065909882541746	False	0.003621001810500905	0.00011012306252236874	3314	36323	0.0023096409568097442	False	0.010262601871415635	0.00011012306252236874	3313	36323	-0.0013030499685555696	False	False
GLS+SLC1A2	GRIA3	other	0.0010401835315860808	False	0.003621001810500905	0.00013765382815296093	3314	36323	0.0023432335001416504	False	0.010262601871415635	0.00013765382815296093	3313	36323	-0.0013030499685555696	False	False
GLS+SLC1A2	GRIA4	other	0.0011884884152095765	False	0.003621001810500905	0.0003303691875671062	3314	36323	0.002491538383765146	False	0.010262601871415635	0.0003303691875671062	3313	36323	-0.0013030499685555696	False	False
GLS+SLC1A2	GRIK1	other	0.0010128675639862195	False	0.003621001810500905	0.00013765382815296093	3314	36323	0.002315917532541789	False	0.010262601871415635	0.00013765382815296093	3313	36323	-0.0013030499685555696	False	False
GLS+SLC1A2	GRIK1+GRIK4	other	0.0010128675639862195	False	0.003621001810500905	0.00013765382815296093	3314	36323	0.002315917532541789	False	0.010262601871415635	0.00013765382815296093	3313	36323	-0.0013030499685555696	False	False
GLS+SLC1A2	GRIK1+GRIK5	other	0.0010128675639862195	False	0.003621001810500905	0.00013765382815296093	3314	36323	0.002315917532541789	False	0.010262601871415635	0.00013765382815296093	3313	36323	-0.0013030499685555696	False	False
GLS+SLC1A2	GRIK2	other	0.001228370558237657	False	0.003621001810500905	0.0003854307188282906	3314	36323	0.0025314205267932266	False	0.010262601871415635	0.0003854307188282906	3313	36323	-0.0013030499685555696	False	False
GLS+SLC1A2	GRIK2+GRIK4	other	0.001228370558237657	False	0.003621001810500905	0.0003854307188282906	3314	36323	0.0025314205267932266	False	0.010262601871415635	0.0003854307188282906	3313	36323	-0.0013030499685555696	False	False
GLS+SLC1A2	GRIK2+GRIK5	other	0.0010985152184730396	False	0.003621001810500905	0.00022024612504473748	3314	36323	0.002401565187028609	False	0.010262601871415635	0.00022024612504473748	3313	36323	-0.0013030499685555696	False	False
GLS+SLC1A2	GRIK3	other	0.0010203106357948855	False	0.003621001810500905	0.00011012306252236874	3314	36323	0.002323360604350455	False	0.010262601871415635	0.00011012306252236874	3313	36323	-0.0013030499685555696	False	False
GLS+SLC1A2	GRIK3+GRIK4	other	0.0010203106357948855	False	0.003621001810500905	0.00011012306252236874	3314	36323	0.002323360604350455	False	0.010262601871415635	0.00011012306252236874	3313	36323	-0.0013030499685555696	False	False
GLS+SLC1A2	GRIK3+GRIK5	other	0.0010203106357948855	False	0.003621001810500905	0.00011012306252236874	3314	36323	0.002323360604350455	False	0.010262601871415635	0.00011012306252236874	3313	36323	-0.0013030499685555696	False	False
GLS+SLC1A2	GRIN1+GRIN2A	other	0.0011598506098380312	False	0.003621001810500905	0.0003578999531976984	3314	36323	0.002462900578393601	False	0.010262601871415635	0.0003578999531976984	3313	36323	-0.0013030499685555696	False	False
GLS+SLC1A2	GRIN1+GRIN2B	other	0.0011598506098380312	False	0.003621001810500905	0.0003578999531976984	3314	36323	0.002462900578393601	False	0.010262601871415635	0.0003578999531976984	3313	36323	-0.0013030499685555696	False	False
GLS+SLC1A2	GRIN1+GRIN2C	other	0.0011522473068907857	False	0.003621001810500905	0.00030283842193651404	3314	36323	0.0024552972754463553	False	0.010262601871415635	0.00030283842193651404	3313	36323	-0.0013030499685555696	False	False
GLS+SLC1A2	GRIN1+GRIN2D	other	0.0011598506098380312	False	0.003621001810500905	0.0003578999531976984	3314	36323	0.002462900578393601	False	0.010262601871415635	0.0003578999531976984	3313	36323	-0.0013030499685555696	False	False
GLS+SLC1A2	GRM1	other	0.0011187603377038613	False	0.003621001810500905	0.00027530765630592185	3314	36323	0.002421810306259431	False	0.010262601871415635	0.00027530765630592185	3313	36323	-0.0013030499685555696	False	False
GLS+SLC1A2	GRM2	other	0.0017134466907009482	False	0.003621001810500905	0.0008534537345483578	3314	36323	0.003016496659256518	False	0.010262601871415635	0.0008534537345483578	3313	36323	-0.0013030499685555696	False	False
GLS+SLC1A2	GRM3	other	0.001631584600545466	False	0.003621001810500905	0.0008809845001789499	3314	36323	0.0029346345691010356	False	0.010262601871415635	0.0008809845001789499	3313	36323	-0.0013030499685555696	False	False
GLS+SLC1A2	GRM4	other	0.0014507386949844658	False	0.003621001810500905	0.0007433306720259891	3314	36323	0.0027537886635400355	False	0.010262601871415635	0.0007433306720259891	3313	36323	-0.0013030499685555696	False	False
GLS+SLC1A2	GRM6	other	0.0010241027775919065	False	0.003621001810500905	0.00011012306252236874	3314	36323	0.002327152746147476	False	0.010262601871415635	0.00011012306252236874	3313	36323	-0.0013030499685555696	False	False
GLS+SLC1A2	GRM7	other	0.001094776118407026	False	0.003621001810500905	0.0001927153594141453	3314	36323	0.0023978260869625956	False	0.010262601871415635	0.0001927153594141453	3313	36323	-0.0013030499685555696	False	False
GLS+SLC1A3	GRIA1	other	0.012221369979670271	False	0.04133977066988533	0.00011012306252236874	3314	36323	0.021563186397543177	False	0.07455478418351946	0.00011012306252236874	3313	36323	-0.009341816417872906	False	False
GLS+SLC1A3	GRIA3	other	0.012254962523002177	False	0.04133977066988533	0.00013765382815296093	3314	36323	0.021596778940875083	False	0.07455478418351946	0.00013765382815296093	3313	36323	-0.009341816417872906	False	False
GLS+SLC1A3	GRIA4	other	0.012403267406625673	False	0.04133977066988533	0.0003303691875671062	3314	36323	0.02174508382449858	False	0.07455478418351946	0.0003303691875671062	3313	36323	-0.009341816417872906	False	False
GLS+SLC1A3	GRIK1	other	0.012227646555402316	False	0.04133977066988533	0.00013765382815296093	3314	36323	0.021569462973275222	False	0.07455478418351946	0.00013765382815296093	3313	36323	-0.009341816417872906	False	False
GLS+SLC1A3	GRIK1+GRIK4	other	0.012227646555402316	False	0.04133977066988533	0.00013765382815296093	3314	36323	0.021569462973275222	False	0.07455478418351946	0.00013765382815296093	3313	36323	-0.009341816417872906	False	False
GLS+SLC1A3	GRIK1+GRIK5	other	0.012227646555402316	False	0.04133977066988533	0.00013765382815296093	3314	36323	0.021569462973275222	False	0.07455478418351946	0.00013765382815296093	3313	36323	-0.009341816417872906	False	False
GLS+SLC1A3	GRIK2	other	0.012443149549653754	False	0.04133977066988533	0.0003854307188282906	3314	36323	0.02178496596752666	False	0.07455478418351946	0.0003854307188282906	3313	36323	-0.009341816417872906	False	False
GLS+SLC1A3	GRIK2+GRIK4	other	0.012443149549653754	False	0.04133977066988533	0.0003854307188282906	3314	36323	0.02178496596752666	False	0.07455478418351946	0.0003854307188282906	3313	36323	-0.009341816417872906	False	False
GLS+SLC1A3	GRIK2+GRIK5	other	0.012313294209889136	False	0.04133977066988533	0.00022024612504473748	3314	36323	0.021655110627762042	False	0.07455478418351946	0.00022024612504473748	3313	36323	-0.009341816417872906	False	False
GLS+SLC1A3	GRIK3	other	0.012235089627210982	False	0.04133977066988533	0.00011012306252236874	3314	36323	0.021576906045083888	False	0.07455478418351946	0.00011012306252236874	3313	36323	-0.009341816417872906	False	False
GLS+SLC1A3	GRIK3+GRIK4	other	0.012235089627210982	False	0.04133977066988533	0.00011012306252236874	3314	36323	0.021576906045083888	False	0.07455478418351946	0.00011012306252236874	3313	36323	-0.009341816417872906	False	False
GLS+SLC1A3	GRIK3+GRIK5	other	0.012235089627210982	False	0.04133977066988533	0.00011012306252236874	3314	36323	0.021576906045083888	False	0.07455478418351946	0.00011012306252236874	3313	36323	-0.009341816417872906	False	False
GLS+SLC1A3	GRIN1+GRIN2A	other	0.012374629601254128	False	0.04133977066988533	0.0003578999531976984	3314	36323	0.021716446019127034	False	0.07455478418351946	0.0003578999531976984	3313	36323	-0.009341816417872906	False	False
GLS+SLC1A3	GRIN1+GRIN2B	other	0.012374629601254128	False	0.04133977066988533	0.0003578999531976984	3314	36323	0.021716446019127034	False	0.07455478418351946	0.0003578999531976984	3313	36323	-0.009341816417872906	False	False
GLS+SLC1A3	GRIN1+GRIN2C	other	0.012367026298306882	False	0.04133977066988533	0.00030283842193651404	3314	36323	0.021708842716179788	False	0.07455478418351946	0.00030283842193651404	3313	36323	-0.009341816417872906	False	False
GLS+SLC1A3	GRIN1+GRIN2D	other	0.012374629601254128	False	0.04133977066988533	0.0003578999531976984	3314	36323	0.021716446019127034	False	0.07455478418351946	0.0003578999531976984	3313	36323	-0.009341816417872906	False	False
GLS+SLC1A3	GRM1	other	0.012333539329119958	False	0.04133977066988533	0.00027530765630592185	3314	36323	0.021675355746992864	False	0.07455478418351946	0.00027530765630592185	3313	36323	-0.009341816417872906	False	False
GLS+SLC1A3	GRM2	other	0.012928225682117045	False	0.04133977066988533	0.0008534537345483578	3314	36323	0.02227004209998995	False	0.07455478418351946	0.0008534537345483578	3313	36323	-0.009341816417872906	False	False
GLS+SLC1A3	GRM3	other	0.012846363591961563	False	0.04133977066988533	0.0008809845001789499	3314	36323	0.02218818000983447	False	0.07455478418351946	0.0008809845001789499	3313	36323	-0.009341816417872906	False	False
GLS+SLC1A3	GRM4	other	0.012665517686400563	False	0.04133977066988533	0.0007433306720259891	3314	36323	0.022007334104273468	False	0.07455478418351946	0.0007433306720259891	3313	36323	-0.009341816417872906	False	False
GLS+SLC1A3	GRM6	other	0.012238881769008003	False	0.04133977066988533	0.00011012306252236874	3314	36323	0.02158069818688091	False	0.07455478418351946	0.00011012306252236874	3313	36323	-0.009341816417872906	False	False
GLS+SLC1A3	GRM7	other	0.012309555109823123	False	0.04133977066988533	0.0001927153594141453	3314	36323	0.02165137152769603	False	0.07455478418351946	0.0001927153594141453	3313	36323	-0.009341816417872906	False	False
GLS+SLC1A7	GRIA1	other	0.00021682515216525644	False	0.0009052504526252263	0.00011012306252236874	3314	36323	0.00017448209109716117	False	0.0006036824630244491	0.00011012306252236874	3313	36323	4.234306106809527e-05	False	False
GLS+SLC1A7	GRIA3	other	0.00025041769549716264	False	0.0009052504526252263	0.00013765382815296093	3314	36323	0.00020807463442906737	False	0.0006036824630244491	0.00013765382815296093	3313	36323	4.234306106809527e-05	False	False
GLS+SLC1A7	GRIA4	other	0.00039872257912065834	False	0.0009052504526252263	0.0003303691875671062	3314	36323	0.00035637951805256307	False	0.0006036824630244491	0.0003303691875671062	3313	36323	4.234306106809527e-05	False	False
GLS+SLC1A7	GRIK1	other	0.00022310172789730132	False	0.0009052504526252263	0.00013765382815296093	3314	36323	0.00018075866682920605	False	0.0006036824630244491	0.00013765382815296093	3313	36323	4.234306106809527e-05	False	False
GLS+SLC1A7	GRIK1+GRIK4	other	0.00022310172789730132	False	0.0009052504526252263	0.00013765382815296093	3314	36323	0.00018075866682920605	False	0.0006036824630244491	0.00013765382815296093	3313	36323	4.234306106809527e-05	False	False
GLS+SLC1A7	GRIK1+GRIK5	other	0.00022310172789730132	False	0.0009052504526252263	0.00013765382815296093	3314	36323	0.00018075866682920605	False	0.0006036824630244491	0.00013765382815296093	3313	36323	4.234306106809527e-05	False	False
GLS+SLC1A7	GRIK2	other	0.0004386047221487388	False	0.0009052504526252263	0.0003854307188282906	3314	36323	0.00039626166108064353	False	0.0006036824630244491	0.0003854307188282906	3313	36323	4.234306106809527e-05	False	False
GLS+SLC1A7	GRIK2+GRIK4	other	0.0004386047221487388	False	0.0009052504526252263	0.0003854307188282906	3314	36323	0.00039626166108064353	False	0.0006036824630244491	0.0003854307188282906	3313	36323	4.234306106809527e-05	False	False
GLS+SLC1A7	GRIK2+GRIK5	other	0.0003087493823841214	False	0.0009052504526252263	0.00022024612504473748	3314	36323	0.00026640632131602615	False	0.0006036824630244491	0.00022024612504473748	3313	36323	4.234306106809527e-05	False	False
GLS+SLC1A7	GRIK3	other	0.0002305447997059673	False	0.0009052504526252263	0.00011012306252236874	3314	36323	0.00018820173863787204	False	0.0006036824630244491	0.00011012306252236874	3313	36323	4.234306106809527e-05	False	False
GLS+SLC1A7	GRIK3+GRIK4	other	0.0002305447997059673	False	0.0009052504526252263	0.00011012306252236874	3314	36323	0.00018820173863787204	False	0.0006036824630244491	0.00011012306252236874	3313	36323	4.234306106809527e-05	False	False
GLS+SLC1A7	GRIK3+GRIK5	other	0.0002305447997059673	False	0.0009052504526252263	0.00011012306252236874	3314	36323	0.00018820173863787204	False	0.0006036824630244491	0.00011012306252236874	3313	36323	4.234306106809527e-05	False	False
GLS+SLC1A7	GRIN1+GRIN2A	other	0.0003700847737491131	False	0.0009052504526252263	0.0003578999531976984	3314	36323	0.0003277417126810178	False	0.0006036824630244491	0.0003578999531976984	3313	36323	4.234306106809527e-05	False	False
GLS+SLC1A7	GRIN1+GRIN2B	other	0.0003700847737491131	False	0.0009052504526252263	0.0003578999531976984	3314	36323	0.0003277417126810178	False	0.0006036824630244491	0.0003578999531976984	3313	36323	4.234306106809527e-05	False	False
GLS+SLC1A7	GRIN1+GRIN2C	other	0.00036248147080186754	False	0.0009052504526252263	0.00030283842193651404	3314	36323	0.0003201384097337723	False	0.0006036824630244491	0.00030283842193651404	3313	36323	4.234306106809527e-05	False	False
GLS+SLC1A7	GRIN1+GRIN2D	other	0.0003700847737491131	False	0.0009052504526252263	0.0003578999531976984	3314	36323	0.0003277417126810178	False	0.0006036824630244491	0.0003578999531976984	3313	36323	4.234306106809527e-05	False	False
GLS+SLC1A7	GRM1	other	0.00032899450161494315	False	0.0009052504526252263	0.00027530765630592185	3314	36323	0.0002866514405468479	False	0.0006036824630244491	0.00027530765630592185	3313	36323	4.234306106809527e-05	False	False
GLS+SLC1A7	GRM2	other	0.0009236808546120301	False	0.0009052504526252263	0.0008534537345483578	3314	36323	0.0008813377935439348	False	0.0006036824630244491	0.0008534537345483578	3313	36323	4.234306106809527e-05	False	False
GLS+SLC1A7	GRM3	other	0.0008418187644565478	False	0.0009052504526252263	0.0008809845001789499	3314	36323	0.0007994757033884525	False	0.0006036824630244491	0.0008809845001789499	3313	36323	4.234306106809527e-05	False	False
GLS+SLC1A7	GRM4	other	0.0006609728588955477	False	0.0009052504526252263	0.0007433306720259891	3314	36323	0.0006186297978274524	False	0.0006036824630244491	0.0007433306720259891	3313	36323	4.234306106809527e-05	False	False
GLS+SLC1A7	GRM6	other	0.00023433694150298834	False	0.0009052504526252263	0.00011012306252236874	3314	36323	0.00019199388043489307	False	0.0006036824630244491	0.00011012306252236874	3313	36323	4.234306106809527e-05	False	False
GLS+SLC1A7	GRM7	other	0.0003050102823181078	False	0.0009052504526252263	0.0001927153594141453	3314	36323	0.0002626672212500125	False	0.0006036824630244491	0.0001927153594141453	3313	36323	4.234306106809527e-05	False	False
GLS2+SLC17A7	GRIA1	other	0.0009717865905258805	False	0.003621001810500905	0.00011012306252236874	3314	36323	0.0013589154405053705	False	0.005131300935707818	0.00011012306252236874	3313	36323	-0.00038712884997949004	False	False
GLS2+SLC17A7	GRIA3	other	0.0010053791338577867	False	0.003621001810500905	0.00013765382815296093	3314	36323	0.0013925079838372767	False	0.005131300935707818	0.00013765382815296093	3313	36323	-0.00038712884997949004	False	False
GLS2+SLC17A7	GRIA4	other	0.0011536840174812824	False	0.003621001810500905	0.0003303691875671062	3314	36323	0.0015408128674607724	False	0.005131300935707818	0.0003303691875671062	3313	36323	-0.00038712884997949004	False	False
GLS2+SLC17A7	GRIK1	other	0.0009780631662579253	False	0.003621001810500905	0.00013765382815296093	3314	36323	0.0013651920162374154	False	0.005131300935707818	0.00013765382815296093	3313	36323	-0.00038712884997949004	False	False
GLS2+SLC17A7	GRIK1+GRIK4	other	0.0009780631662579253	False	0.003621001810500905	0.00013765382815296093	3314	36323	0.0013651920162374154	False	0.005131300935707818	0.00013765382815296093	3313	36323	-0.00038712884997949004	False	False
GLS2+SLC17A7	GRIK1+GRIK5	other	0.0009780631662579253	False	0.003621001810500905	0.00013765382815296093	3314	36323	0.0013651920162374154	False	0.005131300935707818	0.00013765382815296093	3313	36323	-0.00038712884997949004	False	False
GLS2+SLC17A7	GRIK2	other	0.0011935661605093628	False	0.003621001810500905	0.0003854307188282906	3314	36323	0.0015806950104888529	False	0.005131300935707818	0.0003854307188282906	3313	36323	-0.00038712884997949004	False	False
GLS2+SLC17A7	GRIK2+GRIK4	other	0.0011935661605093628	False	0.003621001810500905	0.0003854307188282906	3314	36323	0.0015806950104888529	False	0.005131300935707818	0.0003854307188282906	3313	36323	-0.00038712884997949004	False	False
GLS2+SLC17A7	GRIK2+GRIK5	other	0.0010637108207447454	False	0.003621001810500905	0.00022024612504473748	3314	36323	0.0014508396707242355	False	0.005131300935707818	0.00022024612504473748	3313	36323	-0.00038712884997949004	False	False
GLS2+SLC17A7	GRIK3	other	0.0009855062380665913	False	0.003621001810500905	0.00011012306252236874	3314	36323	0.0013726350880460814	False	0.005131300935707818	0.00011012306252236874	3313	36323	-0.00038712884997949004	False	False
GLS2+SLC17A7	GRIK3+GRIK4	other	0.0009855062380665913	False	0.003621001810500905	0.00011012306252236874	3314	36323	0.0013726350880460814	False	0.005131300935707818	0.00011012306252236874	3313	36323	-0.00038712884997949004	False	False
GLS2+SLC17A7	GRIK3+GRIK5	other	0.0009855062380665913	False	0.003621001810500905	0.00011012306252236874	3314	36323	0.0013726350880460814	False	0.005131300935707818	0.00011012306252236874	3313	36323	-0.00038712884997949004	False	False
GLS2+SLC17A7	GRIN1+GRIN2A	other	0.001125046212109737	False	0.003621001810500905	0.0003578999531976984	3314	36323	0.0015121750620892271	False	0.005131300935707818	0.0003578999531976984	3313	36323	-0.00038712884997949004	False	False
GLS2+SLC17A7	GRIN1+GRIN2B	other	0.001125046212109737	False	0.003621001810500905	0.0003578999531976984	3314	36323	0.0015121750620892271	False	0.005131300935707818	0.0003578999531976984	3313	36323	-0.00038712884997949004	False	False
GLS2+SLC17A7	GRIN1+GRIN2C	other	0.0011174429091624916	False	0.003621001810500905	0.00030283842193651404	3314	36323	0.0015045717591419816	False	0.005131300935707818	0.00030283842193651404	3313	36323	-0.00038712884997949004	False	False
GLS2+SLC17A7	GRIN1+GRIN2D	other	0.001125046212109737	False	0.003621001810500905	0.0003578999531976984	3314	36323	0.0015121750620892271	False	0.005131300935707818	0.0003578999531976984	3313	36323	-0.00038712884997949004	False	False
GLS2+SLC17A7	GRM1	other	0.0010839559399755672	False	0.003621001810500905	0.00027530765630592185	3314	36323	0.0014710847899550572	False	0.005131300935707818	0.00027530765630592185	3313	36323	-0.00038712884997949004	False	False
GLS2+SLC17A7	GRM2	other	0.001678642292972654	False	0.003621001810500905	0.0008534537345483578	3314	36323	0.002065771142952144	False	0.005131300935707818	0.0008534537345483578	3313	36323	-0.00038712884997949004	False	False
GLS2+SLC17A7	GRM3	other	0.0015967802028171718	False	0.003621001810500905	0.0008809845001789499	3314	36323	0.001983909052796662	False	0.005131300935707818	0.0008809845001789499	3313	36323	-0.00038712884997949004	False	False
GLS2+SLC17A7	GRM4	other	0.0014159342972561717	False	0.003621001810500905	0.0007433306720259891	3314	36323	0.0018030631472356617	False	0.005131300935707818	0.0007433306720259891	3313	36323	-0.00038712884997949004	False	False
GLS2+SLC17A7	GRM6	other	0.0009892983798636124	False	0.003621001810500905	0.00011012306252236874	3314	36323	0.0013764272298431024	False	0.005131300935707818	0.00011012306252236874	3313	36323	-0.00038712884997949004	False	False
GLS2+SLC17A7	GRM7	other	0.0010599717206787318	False	0.003621001810500905	0.0001927153594141453	3314	36323	0.0014471005706582218	False	0.005131300935707818	0.0001927153594141453	3313	36323	-0.00038712884997949004	False	False
GLS2+SLC1A1	GRIA1	other	0.004303865687688813	False	0.017501508750754374	0.00011012306252236874	3314	36323	0.005424864211818203	False	0.025958345910051313	0.00011012306252236874	3313	36323	-0.0011209985241293907	False	False
GLS2+SLC1A1	GRIA3	other	0.004337458231020719	False	0.017501508750754374	0.00013765382815296093	3314	36323	0.0054584567551501095	False	0.025958345910051313	0.00013765382815296093	3313	36323	-0.0011209985241293907	False	False
GLS2+SLC1A1	GRIA4	other	0.0044857631146442145	False	0.017501508750754374	0.0003303691875671062	3314	36323	0.005606761638773605	False	0.025958345910051313	0.0003303691875671062	3313	36323	-0.0011209985241293907	False	False
GLS2+SLC1A1	GRIK1	other	0.0043101422634208575	False	0.017501508750754374	0.00013765382815296093	3314	36323	0.005431140787550248	False	0.025958345910051313	0.00013765382815296093	3313	36323	-0.0011209985241293907	False	False
GLS2+SLC1A1	GRIK1+GRIK4	other	0.0043101422634208575	False	0.017501508750754374	0.00013765382815296093	3314	36323	0.005431140787550248	False	0.025958345910051313	0.00013765382815296093	3313	36323	-0.0011209985241293907	False	False
GLS2+SLC1A1	GRIK1+GRIK5	other	0.0043101422634208575	False	0.017501508750754374	0.00013765382815296093	3314	36323	0.005431140787550248	False	0.025958345910051313	0.00013765382815296093	3313	36323	-0.0011209985241293907	False	False
GLS2+SLC1A1	GRIK2	other	0.004525645257672295	False	0.017501508750754374	0.0003854307188282906	3314	36323	0.005646643781801686	False	0.025958345910051313	0.0003854307188282906	3313	36323	-0.0011209985241293907	False	False
GLS2+SLC1A1	GRIK2+GRIK4	other	0.004525645257672295	False	0.017501508750754374	0.0003854307188282906	3314	36323	0.005646643781801686	False	0.025958345910051313	0.0003854307188282906	3313	36323	-0.0011209985241293907	False	False
GLS2+SLC1A1	GRIK2+GRIK5	other	0.004395789917907678	False	0.017501508750754374	0.00022024612504473748	3314	36323	0.005516788442037068	False	0.025958345910051313	0.00022024612504473748	3313	36323	-0.0011209985241293907	False	False
GLS2+SLC1A1	GRIK3	other	0.0043175853352295235	False	0.017501508750754374	0.00011012306252236874	3314	36323	0.005438583859358914	False	0.025958345910051313	0.00011012306252236874	3313	36323	-0.0011209985241293907	False	False
GLS2+SLC1A1	GRIK3+GRIK4	other	0.0043175853352295235	False	0.017501508750754374	0.00011012306252236874	3314	36323	0.005438583859358914	False	0.025958345910051313	0.00011012306252236874	3313	36323	-0.0011209985241293907	False	False
GLS2+SLC1A1	GRIK3+GRIK5	other	0.0043175853352295235	False	0.017501508750754374	0.00011012306252236874	3314	36323	0.005438583859358914	False	0.025958345910051313	0.00011012306252236874	3313	36323	-0.0011209985241293907	False	False
GLS2+SLC1A1	GRIN1+GRIN2A	other	0.004457125309272669	False	0.017501508750754374	0.0003578999531976984	3314	36323	0.00557812383340206	False	0.025958345910051313	0.0003578999531976984	3313	36323	-0.0011209985241293907	False	False
GLS2+SLC1A1	GRIN1+GRIN2B	other	0.004457125309272669	False	0.017501508750754374	0.0003578999531976984	3314	36323	0.00557812383340206	False	0.025958345910051313	0.0003578999531976984	3313	36323	-0.0011209985241293907	False	False
GLS2+SLC1A1	GRIN1+GRIN2C	other	0.004449522006325424	False	0.017501508750754374	0.00030283842193651404	3314	36323	0.0055705205304548144	False	0.025958345910051313	0.00030283842193651404	3313	36323	-0.0011209985241293907	False	False
GLS2+SLC1A1	GRIN1+GRIN2D	other	0.004457125309272669	False	0.017501508750754374	0.0003578999531976984	3314	36323	0.00557812383340206	False	0.025958345910051313	0.0003578999531976984	3313	36323	-0.0011209985241293907	False	False
GLS2+SLC1A1	GRM1	other	0.004416035037138499	False	0.017501508750754374	0.00027530765630592185	3314	36323	0.00553703356126789	False	0.025958345910051313	0.00027530765630592185	3313	36323	-0.0011209985241293907	False	False
GLS2+SLC1A1	GRM2	other	0.005010721390135586	False	0.017501508750754374	0.0008534537345483578	3314	36323	0.006131719914264977	False	0.025958345910051313	0.0008534537345483578	3313	36323	-0.0011209985241293907	False	False
GLS2+SLC1A1	GRM3	other	0.004928859299980104	False	0.017501508750754374	0.0008809845001789499	3314	36323	0.006049857824109495	False	0.025958345910051313	0.0008809845001789499	3313	36323	-0.0011209985241293907	False	False
GLS2+SLC1A1	GRM4	other	0.004748013394419104	False	0.017501508750754374	0.0007433306720259891	3314	36323	0.005869011918548495	False	0.025958345910051313	0.0007433306720259891	3313	36323	-0.0011209985241293907	False	False
GLS2+SLC1A1	GRM6	other	0.0043213774770265445	False	0.017501508750754374	0.00011012306252236874	3314	36323	0.005442376001155935	False	0.025958345910051313	0.00011012306252236874	3313	36323	-0.0011209985241293907	False	False
GLS2+SLC1A1	GRM7	other	0.004392050817841664	False	0.017501508750754374	0.0001927153594141453	3314	36323	0.005513049341971055	False	0.025958345910051313	0.0001927153594141453	3313	36323	-0.0011209985241293907	False	False
GLS2+SLC1A2	GRIA1	other	0.0010065909882541746	False	0.003621001810500905	0.00011012306252236874	3314	36323	0.0023096409568097442	False	0.010262601871415635	0.00011012306252236874	3313	36323	-0.0013030499685555696	False	False
GLS2+SLC1A2	GRIA3	other	0.0010401835315860808	False	0.003621001810500905	0.00013765382815296093	3314	36323	0.0023432335001416504	False	0.010262601871415635	0.00013765382815296093	3313	36323	-0.0013030499685555696	False	False
GLS2+SLC1A2	GRIA4	other	0.0011884884152095765	False	0.003621001810500905	0.0003303691875671062	3314	36323	0.002491538383765146	False	0.010262601871415635	0.0003303691875671062	3313	36323	-0.0013030499685555696	False	False
GLS2+SLC1A2	GRIK1	other	0.0010128675639862195	False	0.003621001810500905	0.00013765382815296093	3314	36323	0.002315917532541789	False	0.010262601871415635	0.00013765382815296093	3313	36323	-0.0013030499685555696	False	False
GLS2+SLC1A2	GRIK1+GRIK4	other	0.0010128675639862195	False	0.003621001810500905	0.00013765382815296093	3314	36323	0.002315917532541789	False	0.010262601871415635	0.00013765382815296093	3313	36323	-0.0013030499685555696	False	False
GLS2+SLC1A2	GRIK1+GRIK5	other	0.0010128675639862195	False	0.003621001810500905	0.00013765382815296093	3314	36323	0.002315917532541789	False	0.010262601871415635	0.00013765382815296093	3313	36323	-0.0013030499685555696	False	False
GLS2+SLC1A2	GRIK2	other	0.001228370558237657	False	0.003621001810500905	0.0003854307188282906	3314	36323	0.0025314205267932266	False	0.010262601871415635	0.0003854307188282906	3313	36323	-0.0013030499685555696	False	False
GLS2+SLC1A2	GRIK2+GRIK4	other	0.001228370558237657	False	0.003621001810500905	0.0003854307188282906	3314	36323	0.0025314205267932266	False	0.010262601871415635	0.0003854307188282906	3313	36323	-0.0013030499685555696	False	False
GLS2+SLC1A2	GRIK2+GRIK5	other	0.0010985152184730396	False	0.003621001810500905	0.00022024612504473748	3314	36323	0.002401565187028609	False	0.010262601871415635	0.00022024612504473748	3313	36323	-0.0013030499685555696	False	False
GLS2+SLC1A2	GRIK3	other	0.0010203106357948855	False	0.003621001810500905	0.00011012306252236874	3314	36323	0.002323360604350455	False	0.010262601871415635	0.00011012306252236874	3313	36323	-0.0013030499685555696	False	False
GLS2+SLC1A2	GRIK3+GRIK4	other	0.0010203106357948855	False	0.003621001810500905	0.00011012306252236874	3314	36323	0.002323360604350455	False	0.010262601871415635	0.00011012306252236874	3313	36323	-0.0013030499685555696	False	False
GLS2+SLC1A2	GRIK3+GRIK5	other	0.0010203106357948855	False	0.003621001810500905	0.00011012306252236874	3314	36323	0.002323360604350455	False	0.010262601871415635	0.00011012306252236874	3313	36323	-0.0013030499685555696	False	False
GLS2+SLC1A2	GRIN1+GRIN2A	other	0.0011598506098380312	False	0.003621001810500905	0.0003578999531976984	3314	36323	0.002462900578393601	False	0.010262601871415635	0.0003578999531976984	3313	36323	-0.0013030499685555696	False	False
GLS2+SLC1A2	GRIN1+GRIN2B	other	0.0011598506098380312	False	0.003621001810500905	0.0003578999531976984	3314	36323	0.002462900578393601	False	0.010262601871415635	0.0003578999531976984	3313	36323	-0.0013030499685555696	False	False
GLS2+SLC1A2	GRIN1+GRIN2C	other	0.0011522473068907857	False	0.003621001810500905	0.00030283842193651404	3314	36323	0.0024552972754463553	False	0.010262601871415635	0.00030283842193651404	3313	36323	-0.0013030499685555696	False	False
GLS2+SLC1A2	GRIN1+GRIN2D	other	0.0011598506098380312	False	0.003621001810500905	0.0003578999531976984	3314	36323	0.002462900578393601	False	0.010262601871415635	0.0003578999531976984	3313	36323	-0.0013030499685555696	False	False
GLS2+SLC1A2	GRM1	other	0.0011187603377038613	False	0.003621001810500905	0.00027530765630592185	3314	36323	0.002421810306259431	False	0.010262601871415635	0.00027530765630592185	3313	36323	-0.0013030499685555696	False	False
GLS2+SLC1A2	GRM2	other	0.0017134466907009482	False	0.003621001810500905	0.0008534537345483578	3314	36323	0.003016496659256518	False	0.010262601871415635	0.0008534537345483578	3313	36323	-0.0013030499685555696	False	False
GLS2+SLC1A2	GRM3	other	0.001631584600545466	False	0.003621001810500905	0.0008809845001789499	3314	36323	0.0029346345691010356	False	0.010262601871415635	0.0008809845001789499	3313	36323	-0.0013030499685555696	False	False
GLS2+SLC1A2	GRM4	other	0.0014507386949844658	False	0.003621001810500905	0.0007433306720259891	3314	36323	0.0027537886635400355	False	0.010262601871415635	0.0007433306720259891	3313	36323	-0.0013030499685555696	False	False
GLS2+SLC1A2	GRM6	other	0.0010241027775919065	False	0.003621001810500905	0.00011012306252236874	3314	36323	0.002327152746147476	False	0.010262601871415635	0.00011012306252236874	3313	36323	-0.0013030499685555696	False	False
GLS2+SLC1A2	GRM7	other	0.001094776118407026	False	0.003621001810500905	0.0001927153594141453	3314	36323	0.0023978260869625956	False	0.010262601871415635	0.0001927153594141453	3313	36323	-0.0013030499685555696	False	False
GLS2+SLC1A3	GRIA1	other	0.004828678065678105	False	0.022329511164755584	0.00011012306252236874	3314	36323	0.01328313080011867	False	0.058859040144883794	0.00011012306252236874	3313	36323	-0.008454452734440565	False	False
GLS2+SLC1A3	GRIA3	other	0.004862270609010011	False	0.022329511164755584	0.00013765382815296093	3314	36323	0.013316723343450576	False	0.058859040144883794	0.00013765382815296093	3313	36323	-0.008454452734440565	False	False
GLS2+SLC1A3	GRIA4	other	0.005010575492633507	False	0.022329511164755584	0.0003303691875671062	3314	36323	0.013465028227074072	False	0.058859040144883794	0.0003303691875671062	3313	36323	-0.008454452734440565	False	False
GLS2+SLC1A3	GRIK1	other	0.00483495464141015	False	0.022329511164755584	0.00013765382815296093	3314	36323	0.013289407375850715	False	0.058859040144883794	0.00013765382815296093	3313	36323	-0.008454452734440565	False	False
GLS2+SLC1A3	GRIK1+GRIK4	other	0.00483495464141015	False	0.022329511164755584	0.00013765382815296093	3314	36323	0.013289407375850715	False	0.058859040144883794	0.00013765382815296093	3313	36323	-0.008454452734440565	False	False
GLS2+SLC1A3	GRIK1+GRIK5	other	0.00483495464141015	False	0.022329511164755584	0.00013765382815296093	3314	36323	0.013289407375850715	False	0.058859040144883794	0.00013765382815296093	3313	36323	-0.008454452734440565	False	False
GLS2+SLC1A3	GRIK2	other	0.005050457635661587	False	0.022329511164755584	0.0003854307188282906	3314	36323	0.013504910370102152	False	0.058859040144883794	0.0003854307188282906	3313	36323	-0.008454452734440565	False	False
GLS2+SLC1A3	GRIK2+GRIK4	other	0.005050457635661587	False	0.022329511164755584	0.0003854307188282906	3314	36323	0.013504910370102152	False	0.058859040144883794	0.0003854307188282906	3313	36323	-0.008454452734440565	False	False
GLS2+SLC1A3	GRIK2+GRIK5	other	0.00492060229589697	False	0.022329511164755584	0.00022024612504473748	3314	36323	0.013375055030337535	False	0.058859040144883794	0.00022024612504473748	3313	36323	-0.008454452734440565	False	False
GLS2+SLC1A3	GRIK3	other	0.004842397713218816	False	0.022329511164755584	0.00011012306252236874	3314	36323	0.01329685044765938	False	0.058859040144883794	0.00011012306252236874	3313	36323	-0.008454452734440565	False	False
GLS2+SLC1A3	GRIK3+GRIK4	other	0.004842397713218816	False	0.022329511164755584	0.00011012306252236874	3314	36323	0.01329685044765938	False	0.058859040144883794	0.00011012306252236874	3313	36323	-0.008454452734440565	False	False
GLS2+SLC1A3	GRIK3+GRIK5	other	0.004842397713218816	False	0.022329511164755584	0.00011012306252236874	3314	36323	0.01329685044765938	False	0.058859040144883794	0.00011012306252236874	3313	36323	-0.008454452734440565	False	False
GLS2+SLC1A3	GRIN1+GRIN2A	other	0.004981937687261961	False	0.022329511164755584	0.0003578999531976984	3314	36323	0.013436390421702527	False	0.058859040144883794	0.0003578999531976984	3313	36323	-0.008454452734440565	False	False
GLS2+SLC1A3	GRIN1+GRIN2B	other	0.004981937687261961	False	0.022329511164755584	0.0003578999531976984	3314	36323	0.013436390421702527	False	0.058859040144883794	0.0003578999531976984	3313	36323	-0.008454452734440565	False	False
GLS2+SLC1A3	GRIN1+GRIN2C	other	0.004974334384314716	False	0.022329511164755584	0.00030283842193651404	3314	36323	0.013428787118755281	False	0.058859040144883794	0.00030283842193651404	3313	36323	-0.008454452734440565	False	False
GLS2+SLC1A3	GRIN1+GRIN2D	other	0.004981937687261961	False	0.022329511164755584	0.0003578999531976984	3314	36323	0.013436390421702527	False	0.058859040144883794	0.0003578999531976984	3313	36323	-0.008454452734440565	False	False
GLS2+SLC1A3	GRM1	other	0.0049408474151277915	False	0.022329511164755584	0.00027530765630592185	3314	36323	0.013395300149568357	False	0.058859040144883794	0.00027530765630592185	3313	36323	-0.008454452734440565	False	False
GLS2+SLC1A3	GRM2	other	0.005535533768124878	False	0.022329511164755584	0.0008534537345483578	3314	36323	0.013989986502565444	False	0.058859040144883794	0.0008534537345483578	3313	36323	-0.008454452734440565	False	False
GLS2+SLC1A3	GRM3	other	0.005453671677969396	False	0.022329511164755584	0.0008809845001789499	3314	36323	0.013908124412409961	False	0.058859040144883794	0.0008809845001789499	3313	36323	-0.008454452734440565	False	False
GLS2+SLC1A3	GRM4	other	0.005272825772408396	False	0.022329511164755584	0.0007433306720259891	3314	36323	0.013727278506848961	False	0.058859040144883794	0.0007433306720259891	3313	36323	-0.008454452734440565	False	False
GLS2+SLC1A3	GRM6	other	0.004846189855015837	False	0.022329511164755584	0.00011012306252236874	3314	36323	0.013300642589456402	False	0.058859040144883794	0.00011012306252236874	3313	36323	-0.008454452734440565	False	False
GLS2+SLC1A3	GRM7	other	0.004916863195830956	False	0.022329511164755584	0.0001927153594141453	3314	36323	0.013371315930271521	False	0.058859040144883794	0.0001927153594141453	3313	36323	-0.008454452734440565	False	False
GLS2+SLC1A7	GRIA1	other	0.00021682515216525644	False	0.0009052504526252263	0.00011012306252236874	3314	36323	0.00017448209109716117	False	0.0006036824630244491	0.00011012306252236874	3313	36323	4.234306106809527e-05	False	False
GLS2+SLC1A7	GRIA3	other	0.00025041769549716264	False	0.0009052504526252263	0.00013765382815296093	3314	36323	0.00020807463442906737	False	0.0006036824630244491	0.00013765382815296093	3313	36323	4.234306106809527e-05	False	False
GLS2+SLC1A7	GRIA4	other	0.00039872257912065834	False	0.0009052504526252263	0.0003303691875671062	3314	36323	0.00035637951805256307	False	0.0006036824630244491	0.0003303691875671062	3313	36323	4.234306106809527e-05	False	False
GLS2+SLC1A7	GRIK1	other	0.00022310172789730132	False	0.0009052504526252263	0.00013765382815296093	3314	36323	0.00018075866682920605	False	0.0006036824630244491	0.00013765382815296093	3313	36323	4.234306106809527e-05	False	False
GLS2+SLC1A7	GRIK1+GRIK4	other	0.00022310172789730132	False	0.0009052504526252263	0.00013765382815296093	3314	36323	0.00018075866682920605	False	0.0006036824630244491	0.00013765382815296093	3313	36323	4.234306106809527e-05	False	False
GLS2+SLC1A7	GRIK1+GRIK5	other	0.00022310172789730132	False	0.0009052504526252263	0.00013765382815296093	3314	36323	0.00018075866682920605	False	0.0006036824630244491	0.00013765382815296093	3313	36323	4.234306106809527e-05	False	False
GLS2+SLC1A7	GRIK2	other	0.0004386047221487388	False	0.0009052504526252263	0.0003854307188282906	3314	36323	0.00039626166108064353	False	0.0006036824630244491	0.0003854307188282906	3313	36323	4.234306106809527e-05	False	False
GLS2+SLC1A7	GRIK2+GRIK4	other	0.0004386047221487388	False	0.0009052504526252263	0.0003854307188282906	3314	36323	0.00039626166108064353	False	0.0006036824630244491	0.0003854307188282906	3313	36323	4.234306106809527e-05	False	False
GLS2+SLC1A7	GRIK2+GRIK5	other	0.0003087493823841214	False	0.0009052504526252263	0.00022024612504473748	3314	36323	0.00026640632131602615	False	0.0006036824630244491	0.00022024612504473748	3313	36323	4.234306106809527e-05	False	False
GLS2+SLC1A7	GRIK3	other	0.0002305447997059673	False	0.0009052504526252263	0.00011012306252236874	3314	36323	0.00018820173863787204	False	0.0006036824630244491	0.00011012306252236874	3313	36323	4.234306106809527e-05	False	False
GLS2+SLC1A7	GRIK3+GRIK4	other	0.0002305447997059673	False	0.0009052504526252263	0.00011012306252236874	3314	36323	0.00018820173863787204	False	0.0006036824630244491	0.00011012306252236874	3313	36323	4.234306106809527e-05	False	False
GLS2+SLC1A7	GRIK3+GRIK5	other	0.0002305447997059673	False	0.0009052504526252263	0.00011012306252236874	3314	36323	0.00018820173863787204	False	0.0006036824630244491	0.00011012306252236874	3313	36323	4.234306106809527e-05	False	False
GLS2+SLC1A7	GRIN1+GRIN2A	other	0.0003700847737491131	False	0.0009052504526252263	0.0003578999531976984	3314	36323	0.0003277417126810178	False	0.0006036824630244491	0.0003578999531976984	3313	36323	4.234306106809527e-05	False	False
GLS2+SLC1A7	GRIN1+GRIN2B	other	0.0003700847737491131	False	0.0009052504526252263	0.0003578999531976984	3314	36323	0.0003277417126810178	False	0.0006036824630244491	0.0003578999531976984	3313	36323	4.234306106809527e-05	False	False
GLS2+SLC1A7	GRIN1+GRIN2C	other	0.00036248147080186754	False	0.0009052504526252263	0.00030283842193651404	3314	36323	0.0003201384097337723	False	0.0006036824630244491	0.00030283842193651404	3313	36323	4.234306106809527e-05	False	False
GLS2+SLC1A7	GRIN1+GRIN2D	other	0.0003700847737491131	False	0.0009052504526252263	0.0003578999531976984	3314	36323	0.0003277417126810178	False	0.0006036824630244491	0.0003578999531976984	3313	36323	4.234306106809527e-05	False	False
GLS2+SLC1A7	GRM1	other	0.00032899450161494315	False	0.0009052504526252263	0.00027530765630592185	3314	36323	0.0002866514405468479	False	0.0006036824630244491	0.00027530765630592185	3313	36323	4.234306106809527e-05	False	False
GLS2+SLC1A7	GRM2	other	0.0009236808546120301	False	0.0009052504526252263	0.0008534537345483578	3314	36323	0.0008813377935439348	False	0.0006036824630244491	0.0008534537345483578	3313	36323	4.234306106809527e-05	False	False
GLS2+SLC1A7	GRM3	other	0.0008418187644565478	False	0.0009052504526252263	0.0008809845001789499	3314	36323	0.0007994757033884525	False	0.0006036824630244491	0.0008809845001789499	3313	36323	4.234306106809527e-05	False	False
GLS2+SLC1A7	GRM4	other	0.0006609728588955477	False	0.0009052504526252263	0.0007433306720259891	3314	36323	0.0006186297978274524	False	0.0006036824630244491	0.0007433306720259891	3313	36323	4.234306106809527e-05	False	False
GLS2+SLC1A7	GRM6	other	0.00023433694150298834	False	0.0009052504526252263	0.00011012306252236874	3314	36323	0.00019199388043489307	False	0.0006036824630244491	0.00011012306252236874	3313	36323	4.234306106809527e-05	False	False
GLS2+SLC1A7	GRM7	other	0.0003050102823181078	False	0.0009052504526252263	0.0001927153594141453	3314	36323	0.0002626672212500125	False	0.0006036824630244491	0.0001927153594141453	3313	36323	4.234306106809527e-05	False	False
GNRH1	GNRHR2	other	0.0055398703552782536	False	0.011466505733252867	0.0023125843129697438	3314	36323	0.003742318134754896	False	0.00996076063990341	0.0023125843129697438	3313	36323	0.0017975522205233574	False	False
GP1BA	ITGAM+ITGB2	other	0.021374271032982506	False	0.0009052504526252263	0.023841643036092833	3314	36323	0.021145934239029884	False	0.0	0.023841643036092833	3313	36323	0.00022833679395262152	False	False
HBEGF	EGFR	other	0.33872099639847875	False	0.5745322872661436	0.004845414750984225	3314	36323	0.19735682429745793	False	0.37760338062179294	0.004845414750984225	3313	36323	0.1413641721010208	False	False
HBEGF	ERBB2	other	0.33944680029526353	False	0.5745322872661436	0.005864053079316135	3314	36323	0.19808262819424272	False	0.37760338062179294	0.005864053079316135	3313	36323	0.1413641721010208	False	False
HBEGF	ERBB4	other	0.3352074268332217	False	0.5745322872661436	0.0006056768438730281	3314	36323	0.19384325473220088	False	0.37760338062179294	0.0006056768438730281	3313	36323	0.1413641721010208	False	False
HDC	HRH1	other	0.001899934490211308	False	0.004526252263126132	0.0005230845469812516	3314	36323	0.0017308811657130718	False	0.002112888620585572	0.0005230845469812516	3313	36323	0.00016905332449823618	False	False
HDC	HRH2	other	0.006762266508303583	False	0.004526252263126132	0.0066899760482339015	3314	36323	0.0065932131838053465	False	0.002112888620585572	0.0066899760482339015	3313	36323	0.00016905332449823618	False	False
HDC	HRH4	other	0.002377568744122982	False	0.004526252263126132	0.0011287613908542798	3314	36323	0.002208515419624746	False	0.002112888620585572	0.0011287613908542798	3313	36323	0.00016905332449823618	False	False
HEBP1	FPR3	other	0.17390837939456105	False	0.46016898008449003	0.004790353219723041	3314	36323	0.14657245250418782	False	0.40476909145789314	0.004790353219723041	3313	36323	0.02733592689037323	False	False
HFE	TFRC	other	0.2306763082742691	True	0.15660832830416416	0.20309445805687856	3314	36323	0.22605840489268303	True	0.1681255659523091	0.20309445805687856	3313	36323	0.004617903381586075	True	True
HGF	MET	other	0.002106063475366682	False	0.002715751357875679	0.002064807422294414	3314	36323	0.002334920165594667	False	0.004829459704195593	0.002064807422294414	3313	36323	-0.00022885669022798538	False	False
HSD17B1	ESR1	other	0.01634860527701676	False	0.05763427881713941	0.0023951766098615204	3314	36323	0.01502520521171391	False	0.05493510413522487	0.0023951766098615204	3313	36323	0.0013234000653028488	False	False
HSD17B1	ESR2	other	0.01494643313344568	False	0.05763427881713941	0.0008259229689177656	3314	36323	0.013623033068142831	False	0.05493510413522487	0.0008259229689177656	3313	36323	0.0013234000653028488	False	False
HSD17B1	GPER1	other	0.014573026797734201	False	0.05763427881713941	0.0003578999531976984	3314	36323	0.013249626732431352	False	0.05493510413522487	0.0003578999531976984	3313	36323	0.0013234000653028488	False	False
HSD17B1	NR1I2	other	0.014508934429613873	False	0.05763427881713941	0.00022024612504473748	3314	36323	0.013185534364311025	False	0.05493510413522487	0.00022024612504473748	3313	36323	0.0013234000653028488	False	False
HSD17B12	AR	other	0.22996277397032827	False	0.5328907664453832	0.0008809845001789499	3314	36323	0.21880967204924673	False	0.5113190461817084	0.0008809845001789499	3313	36323	0.011153101921081543	False	False
ICAM1	ITGAL	other	0.5707412585616112	True	0.18376584188292094	0.4833851829419376	3314	36323	0.5507349446415901	True	0.15152429821913674	0.4833851829419376	3313	36323	0.020006313920021057	True	True
ICAM1	ITGAL+ITGB2	other	0.5707412585616112	True	0.18376584188292094	0.4833851829419376	3314	36323	0.5507349446415901	True	0.15152429821913674	0.4833851829419376	3313	36323	0.020006313920021057	True	True
ICAM1	ITGAM+ITGB2	other	0.10692478902637959	False	0.18376584188292094	0.023841643036092833	3314	36323	0.08691847510635853	False	0.15152429821913674	0.023841643036092833	3313	36323	0.020006313920021057	False	False
ICAM1	ITGAX+ITGB2	other	0.11020894162356853	False	0.18376584188292094	0.02769595022437574	3314	36323	0.09020262770354748	False	0.15152429821913674	0.02769595022437574	3313	36323	0.020006313920021057	False	False
ICAM1	SPN	other	0.49653663486242294	True	0.18376584188292094	0.41805467610054237	3314	36323	0.4765303209424019	True	0.15152429821913674	0.41805467610054237	3313	36323	0.020006313920021057	True	True
ICAM2	CD209	other	0.01663948188070208	False	0.04707302353651177	0.0005506153126118437	3314	36323	0.012526059173978865	False	0.03863567763356474	0.0005506153126118437	3313	36323	0.004113422706723213	False	False
ICAM2	ITGAL+ITGB2	other	0.5011628679931164	False	0.04707302353651177	0.4833851829419376	3314	36323	0.49704944528639317	False	0.03863567763356474	0.4833851829419376	3313	36323	0.004113422706723213	False	False
ICAM3	CD209	other	0.011105599463917315	False	0.04435727217863609	0.0005506153126118437	3314	36323	0.014376777806319296	False	0.05221853305161485	0.0005506153126118437	3313	36323	-0.0032711783424019814	False	False
ICAM3	ITGAD+ITGB2	other	0.011511452961713076	False	0.04435727217863609	0.0009911075627013187	3314	36323	0.014782631304115057	False	0.05221853305161485	0.0009911075627013187	3313	36323	-0.0032711783424019814	False	False
ICAM3	ITGAL+ITGB2	other	0.4956289855763316	False	0.04435727217863609	0.4833851829419376	3314	36323	0.4989001639187336	False	0.05221853305161485	0.4833851829419376	3313	36323	-0.0032711783424019814	False	False
ICAM4	ITGAL+ITGB2	other	0.4884382064919919	False	0.01056125528062764	0.4833851829419376	3314	36323	0.4869243137072772	False	0.006036824630244492	0.4833851829419376	3313	36323	0.0015138927847146988	False	False
ICOSLG	ICOS	other	0.23814095091074705	False	0.016294508147254073	0.23029485449990364	3314	36323	0.23789485124871135	False	0.01569574403863568	0.23029485449990364	3313	36323	0.00024609966203570366	False	False
IGF1	GPC3+IGF1R	other	0.005262543214485049	False	0.007543753771876886	0.003936899485174682	3314	36323	0.007713979342952371	False	0.018714156353757925	0.003936899485174682	3313	36323	-0.0024514361284673214	False	False
IGF1	IGF1R	other	0.008045845665037632	False	0.007543753771876886	0.007323183657737522	3314	36323	0.010497281793504953	False	0.018714156353757925	0.007323183657737522	3313	36323	-0.0024514361284673214	False	False
IGF1	ITGA6+ITGB4	other	0.004963132319971919	False	0.007543753771876886	0.0038818379539134985	3314	36323	0.0074145684484392405	False	0.018714156353757925	0.0038818379539134985	3313	36323	-0.0024514361284673214	False	False
IGF2	IGF1R	other	0.008125029038637877	False	0.007845503922751962	0.007323183657737522	3314	36323	0.008011209545657039	False	0.009055236945366738	0.007323183657737522	3313	36323	0.00011381949298083782	False	False
IGF2	IGF2R	other	0.1713711153715849	False	0.007845503922751962	0.18828290614761997	3314	36323	0.17125729587860405	False	0.009055236945366738	0.18828290614761997	3313	36323	0.00011381949298083782	False	False
IGFBP3	TMEM219	other	0.4910065829753876	True	0.3545564272782136	0.15810918701649093	3314	36323	0.46031925082206726	True	0.3908843948083308	0.15810918701649093	3313	36323	0.030687332153320312	True	True
IGFL2	IGFLR1	other	0.044733979273587465	False	0.006035003017501509	0.050711670291550805	3314	36323	0.043709009536542	False	0.004829459704195593	0.050711670291550805	3313	36323	0.001024969737045467	False	False
IL11	IL11RA+IL6ST	other	0.0508691119030118	False	0.05099577549788775	0.04077306389890703	3314	36323	0.04984803590923548	False	0.05221853305161485	0.04077306389890703	3313	36323	0.0010210759937763214	False	False
IL12A+IL12B	IL12RB1+IL12RB2	other	0.02461842406046344	False	0.00030175015087507544	0.03075186520937147	3314	36323	0.024726470132009126	False	0.0009055236945366737	0.03075186520937147	3313	36323	-0.00010804607154568657	False	False
IL12B+IL23A	IL12RB1+IL23R	other	0.0023535395084763877	False	0.00030175015087507544	0.0028907303912121796	3314	36323	0.0024615855800220743	False	0.0009055236945366737	0.0028907303912121796	3313	36323	-0.00010804607154568657	False	False
IL13	IL13RA1+IL4R	other	0.005602777935564518	False	0.0	0.007736145142196405	3314	36323	0.0060675847926177084	False	0.0018110473890733474	0.007736145142196405	3313	36323	-0.00046480685705319047	False	False
IL15	IL15RA+IL2RB	other	0.03747774939984083	False	0.03198551599275799	0.03548715689783333	3314	36323	0.04407275002449751	False	0.06821611832176275	0.03548715689783333	3313	36323	-0.006595000624656677	False	False
IL17C	IL17RA+IL17RE	other	0.008220391580834985	False	0.012371756185878094	0.003964430250805275	3314	36323	0.005057062720879912	False	0.006640507093268941	0.003964430250805275	3313	36323	0.0031633288599550724	False	False
IL18	IL18R1+IL18RAP	other	0.1769198775291443	False	0.3587809293904647	0.05065660876028962	3314	36323	0.1410686895251274	False	0.23332327195894959	0.05065660876028962	3313	36323	0.035851188004016876	False	False
IL19	IL20RA+IL20RB	other	0.0010115070617757738	False	0.0015087507543753772	0.0010461690939625031	3314	36323	0.0011259344464633614	False	0.0006036824630244491	0.0010461690939625031	3313	36323	-0.00011442738468758762	False	False
IL1A	IL1R1+IL1RAP	other	0.03840228170156479	False	0.07785153892576946	0.013104644440161881	3314	36323	0.02506947983056307	False	0.038031995170540296	0.013104644440161881	3313	36323	0.01333280187100172	False	False
IL1A	IL1R2+IL1RAP	other	0.03840228170156479	False	0.07785153892576946	0.013104644440161881	3314	36323	0.02506947983056307	False	0.038031995170540296	0.013104644440161881	3313	36323	0.01333280187100172	False	False
IL1B	IL1R1+IL1RAP	other	0.030536910519003868	False	0.05763427881713941	0.013104644440161881	3314	36323	0.037967246025800705	False	0.06217929369151826	0.013104644440161881	3313	36323	-0.007430335506796837	False	False
IL1B	IL1R2+IL1RAP	other	0.030536910519003868	False	0.05763427881713941	0.013104644440161881	3314	36323	0.037967246025800705	False	0.06217929369151826	0.013104644440161881	3313	36323	-0.007430335506796837	False	False
IL1RAP	PTPRF	other	0.07870243676006794	False	0.21394085697042847	0.01360019822151254	3314	36323	0.054626332595944405	False	0.15182613945064896	0.01360019822151254	3313	36323	0.024076104164123535	False	False
IL1RN	IL1R1+IL1RAP	other	0.264817813411355	False	0.44508147254073627	0.013104644440161881	3314	36323	0.08517302013933659	False	0.18261394506489587	0.013104644440161881	3313	36323	0.17964479327201843	False	False
IL1RN	IL1R2+IL1RAP	other	0.264817813411355	False	0.44508147254073627	0.013104644440161881	3314	36323	0.08517302013933659	False	0.18261394506489587	0.013104644440161881	3313	36323	0.17964479327201843	False	False
IL21	IL21R+IL2RG	other	0.11157188199285883	False	0.0006035003017501509	0.13088125980783524	3314	36323	0.11180963760125451	False	0.0006036824630244491	0.13088125980783524	3313	36323	-0.00023775560839567333	False	False
IL24	IL20RA+IL20RB	other	0.0007426374941132963	False	0.0	0.0010461690939625031	3314	36323	0.000766119266700116	False	0.00030184123151222455	0.0010461690939625031	3313	36323	-2.3481772586819716e-05	False	False
IL33	IL1RAP+IL1RL1	other	0.004560305969789624	False	0.004828002414001207	0.0022575227817085595	3314	36323	0.00629745633341372	False	0.010262601871415635	0.0022575227817085595	3313	36323	-0.001737150363624096	False	False
IL34	CSF1R	other	0.0064916414266917855	False	0.0009052504526252263	0.007818737439088182	3314	36323	0.007215942547190934	False	0.003622094778146695	0.007818737439088182	3313	36323	-0.000724301120499149	False	False
IL36G	IL1RAP+IL1RL2	other	0.013635806710226461	False	0.023536511768255886	0.0007157999063953968	3314	36323	0.0027840099937748164	False	0.006338665861756716	0.0007157999063953968	3313	36323	0.010851796716451645	False	False
IL6	IL6R+IL6ST	other	0.13828020729124546	False	0.045866022933011466	0.11863006910222174	3314	36323	0.15141155570745468	False	0.07908240265620284	0.11863006910222174	3313	36323	-0.013131348416209221	False	False
IL7	IL2RG+IL7R	other	0.6404700486455113	False	0.016898008449004225	0.4228174985546348	3314	36323	0.6446337448433042	False	0.04195593118019922	0.4228174985546348	3313	36323	-0.004163696197792888	False	False
INHA	ACVR1+ACVR2A	other	0.02245668787509203	False	0.02172601086300543	0.01635327478457176	3314	36323	0.026148525066673756	False	0.04195593118019922	0.01635327478457176	3313	36323	-0.003691837191581726	False	False
INHA	ACVR1+ACVR2B	other	0.016873816959559917	False	0.02172601086300543	0.01032403711147207	3314	36323	0.020565654151141644	False	0.04195593118019922	0.01032403711147207	3313	36323	-0.003691837191581726	False	False
INHA	ACVR1B+ACVR2A	other	0.02245668787509203	False	0.02172601086300543	0.01635327478457176	3314	36323	0.026148525066673756	False	0.04195593118019922	0.01635327478457176	3313	36323	-0.003691837191581726	False	False
INHA	ACVR1B+ACVR2B	other	0.016873816959559917	False	0.02172601086300543	0.01032403711147207	3314	36323	0.020565654151141644	False	0.04195593118019922	0.01032403711147207	3313	36323	-0.003691837191581726	False	False
INHA	ACVR1C+ACVR2A	other	0.013590591493993998	False	0.02172601086300543	0.006139360735622058	3314	36323	0.017282428685575724	False	0.04195593118019922	0.006139360735622058	3313	36323	-0.003691837191581726	False	False
INHA	ACVR1C+ACVR2B	other	0.013590591493993998	False	0.02172601086300543	0.006139360735622058	3314	36323	0.017282428685575724	False	0.04195593118019922	0.006139360735622058	3313	36323	-0.003691837191581726	False	False
INHA+INHBA	ACVR1+ACVR2A	other	0.017185536911711097	False	0.006336753168376584	0.01635327478457176	3314	36323	0.01883309008553624	False	0.01056444310292786	0.01635327478457176	3313	36323	-0.0016475531738251448	False	False
INHA+INHBA	ACVR1+ACVR2B	other	0.011602665996178985	False	0.006336753168376584	0.01032403711147207	3314	36323	0.01325021917000413	False	0.01056444310292786	0.01032403711147207	3313	36323	-0.0016475531738251448	False	False
INHA+INHBA	ACVR1B+ACVR2A	other	0.017185536911711097	False	0.006336753168376584	0.01635327478457176	3314	36323	0.01883309008553624	False	0.01056444310292786	0.01635327478457176	3313	36323	-0.0016475531738251448	False	False
INHA+INHBA	ACVR1B+ACVR2B	other	0.011602665996178985	False	0.006336753168376584	0.01032403711147207	3314	36323	0.01325021917000413	False	0.01056444310292786	0.01032403711147207	3313	36323	-0.0016475531738251448	False	False
INHA+INHBA	ACVR1C+ACVR2A	other	0.008319440530613065	False	0.006336753168376584	0.006139360735622058	3314	36323	0.00996699370443821	False	0.01056444310292786	0.006139360735622058	3313	36323	-0.0016475531738251448	False	False
INHA+INHBA	ACVR1C+ACVR2B	other	0.008319440530613065	False	0.006336753168376584	0.006139360735622058	3314	36323	0.00996699370443821	False	0.01056444310292786	0.006139360735622058	3313	36323	-0.0016475531738251448	False	False
INHA+INHBB	ACVR1+ACVR2A	other	0.02245668787509203	False	0.02172601086300543	0.01635327478457176	3314	36323	0.026148525066673756	False	0.04195593118019922	0.01635327478457176	3313	36323	-0.003691837191581726	False	False
INHA+INHBB	ACVR1+ACVR2B	other	0.016873816959559917	False	0.02172601086300543	0.01032403711147207	3314	36323	0.020565654151141644	False	0.04195593118019922	0.01032403711147207	3313	36323	-0.003691837191581726	False	False
INHA+INHBB	ACVR1B+ACVR2A	other	0.02245668787509203	False	0.02172601086300543	0.01635327478457176	3314	36323	0.026148525066673756	False	0.04195593118019922	0.01635327478457176	3313	36323	-0.003691837191581726	False	False
INHA+INHBB	ACVR1B+ACVR2B	other	0.016873816959559917	False	0.02172601086300543	0.01032403711147207	3314	36323	0.020565654151141644	False	0.04195593118019922	0.01032403711147207	3313	36323	-0.003691837191581726	False	False
INHA+INHBB	ACVR1C+ACVR2A	other	0.013590591493993998	False	0.02172601086300543	0.006139360735622058	3314	36323	0.017282428685575724	False	0.04195593118019922	0.006139360735622058	3313	36323	-0.003691837191581726	False	False
INHA+INHBB	ACVR1C+ACVR2B	other	0.013590591493993998	False	0.02172601086300543	0.006139360735622058	3314	36323	0.017282428685575724	False	0.04195593118019922	0.006139360735622058	3313	36323	-0.003691837191581726	False	False
INHBA+INHBB	ACVR1+ACVR2A	other	0.017185536911711097	False	0.006336753168376584	0.01635327478457176	3314	36323	0.01883309008553624	False	0.01056444310292786	0.01635327478457176	3313	36323	-0.0016475531738251448	False	False
INHBA+INHBB	ACVR1+ACVR2B	other	0.011602665996178985	False	0.006336753168376584	0.01032403711147207	3314	36323	0.01325021917000413	False	0.01056444310292786	0.01032403711147207	3313	36323	-0.0016475531738251448	False	False
INHBA+INHBB	ACVR1B+ACVR2A	other	0.017185536911711097	False	0.006336753168376584	0.01635327478457176	3314	36323	0.01883309008553624	False	0.01056444310292786	0.01635327478457176	3313	36323	-0.0016475531738251448	False	False
INHBA+INHBB	ACVR1B+ACVR2B	other	0.011602665996178985	False	0.006336753168376584	0.01032403711147207	3314	36323	0.01325021917000413	False	0.01056444310292786	0.01032403711147207	3313	36323	-0.0016475531738251448	False	False
INHBA+INHBB	ACVR1C+ACVR2A	other	0.008319440530613065	False	0.006336753168376584	0.006139360735622058	3314	36323	0.00996699370443821	False	0.01056444310292786	0.006139360735622058	3313	36323	-0.0016475531738251448	False	False
INHBA+INHBB	ACVR1C+ACVR2B	other	0.008319440530613065	False	0.006336753168376584	0.006139360735622058	3314	36323	0.00996699370443821	False	0.01056444310292786	0.006139360735622058	3313	36323	-0.0016475531738251448	False	False
ITGAV+ITGB1	ADGRE2	other	0.10283410479314625	False	0.30144840072420037	0.0028907303912121796	3314	36323	0.12180222501046956	False	0.3619076365831573	0.0028907303912121796	3313	36323	-0.018968120217323303	False	False
ITGAV+ITGB1	ADGRE5	other	0.43345529586076736	True	0.30144840072420037	0.34509814717947307	3314	36323	0.45242341607809067	True	0.3619076365831573	0.34509814717947307	3313	36323	-0.018968120217323303	True	True
ITGAV+ITGB5	ADGRB1	other	0.1016435522469692	False	0.30144840072420037	0.0010461690939625031	3314	36323	0.1206116724642925	False	0.3619076365831573	0.0010461690939625031	3313	36323	-0.018968120217323303	False	False
JAG1	CD46	other	0.4995219558477402	True	0.5935425467712734	0.1994328662280098	3314	36323	0.4489858001470566	True	0.5200724418955629	0.1994328662280098	3313	36323	0.050536155700683594	True	True
JAG1	NOTCH1	other	0.4048548713326454	False	0.5935425467712734	0.09960631005148253	3314	36323	0.3543187156319618	False	0.5200724418955629	0.09960631005148253	3313	36323	0.050536155700683594	False	False
JAG1	NOTCH2	other	0.3685196749866009	False	0.5935425467712734	0.055722269636318586	3314	36323	0.3179835192859173	False	0.5200724418955629	0.055722269636318586	3313	36323	0.050536155700683594	False	False
JAG1	NOTCH3	other	0.3290352891199291	False	0.5935425467712734	0.007598491314043444	3314	36323	0.2784991334192455	False	0.5200724418955629	0.007598491314043444	3313	36323	0.050536155700683594	False	False
JAG1	NOTCH4	other	0.32504214625805616	False	0.5935425467712734	0.0026980150317980345	3314	36323	0.27450599055737257	False	0.5200724418955629	0.0026980150317980345	3313	36323	0.050536155700683594	False	False
JAG1	VASN	other	0.32388857164187357	False	0.5935425467712734	0.001183822922115464	3314	36323	0.27335241594119	False	0.5200724418955629	0.001183822922115464	3313	36323	0.050536155700683594	False	False
JAG2	NOTCH1	other	0.12249966338276863	False	0.1300543150271575	0.09960631005148253	3314	36323	0.1604367271065712	False	0.23815273166314518	0.09960631005148253	3313	36323	-0.037937063723802567	False	False
JAG2	NOTCH2	other	0.08616446703672409	False	0.1300543150271575	0.055722269636318586	3314	36323	0.12410153076052666	False	0.23815273166314518	0.055722269636318586	3313	36323	-0.037937063723802567	False	False
JAG2	NOTCH3	other	0.04668008117005229	False	0.1300543150271575	0.007598491314043444	3314	36323	0.08461714489385486	False	0.23815273166314518	0.007598491314043444	3313	36323	-0.037937063723802567	False	False
JAG2	NOTCH4	other	0.04268693830817938	False	0.1300543150271575	0.0026980150317980345	3314	36323	0.08062400203198195	False	0.23815273166314518	0.0026980150317980345	3313	36323	-0.037937063723802567	False	False
JAG2	VASN	other	0.04153336369199678	False	0.1300543150271575	0.001183822922115464	3314	36323	0.07947042741579935	False	0.23815273166314518	0.001183822922115464	3313	36323	-0.037937063723802567	False	False
JAM2	ITGA4+ITGB1	other	0.24674212967511266	False	0.0012070006035003018	0.265782011397737	3314	36323	0.2477860962972045	False	0.005734983398732267	0.265782011397737	3313	36323	-0.0010439666220918298	False	False
JAM2	JAM3	other	0.004750243271701038	False	0.0012070006035003018	0.005093191641659555	3314	36323	0.005794209893792868	False	0.005734983398732267	0.005093191641659555	3313	36323	-0.0010439666220918298	False	False
JAM3	ITGAM+ITGB2	other	0.021886304195504636	False	0.0018105009052504525	0.023841643036092833	3314	36323	0.021494895627256483	False	0.0024147298520977964	0.023841643036092833	3313	36323	0.00039140856824815273	False	False
JAM3	JAM3	other	0.005049523606430739	False	0.0018105009052504525	0.005093191641659555	3314	36323	0.004658115038182586	False	0.0024147298520977964	0.005093191641659555	3313	36323	0.00039140856824815273	False	False
KITLG	KIT	other	0.040592444594949484	False	0.12794206397103197	0.0016518459378355311	3314	36323	0.04876586562022567	False	0.16540899486869906	0.0016518459378355311	3313	36323	-0.008173421025276184	False	False
KLRB1	CLEC2D	other	0.43789133452810347	False	0.003621001810500905	0.4357294276353825	3314	36323	0.43797868059482425	False	0.004527618472683369	0.4357294276353825	3313	36323	-8.734606672078371e-05	False	False
KNG1	BDKRB2	other	0.00047601280675735325	False	0.0015087507543753772	0.00022024612504473748	3314	36323	0.0008415482443524525	False	0.003622094778146695	0.00022024612504473748	3313	36323	-0.0003655354375950992	False	False
L1CAM	EZR+L1CAM	other	0.022066320292651653	False	0.02595051297525649	0.014178344299754977	3314	36323	0.021777966059744358	False	0.026863869604587986	0.014178344299754977	3313	36323	0.0002883542329072952	False	False
L1CAM	ITGA5+ITGB1	other	0.07858746871352196	False	0.02595051297525649	0.0771962668281805	3314	36323	0.07829911448061466	False	0.026863869604587986	0.0771962668281805	3313	36323	0.0002883542329072952	False	False
L1CAM	ITGA9+ITGB1	other	0.011910914210602641	False	0.02595051297525649	0.003248630344409878	3314	36323	0.011622559977695346	False	0.026863869604587986	0.003248630344409878	3313	36323	0.0002883542329072952	False	False
L1CAM	ITGAV+ITGB1	other	0.032462576404213905	False	0.02595051297525649	0.027916196349420476	3314	36323	0.03217422217130661	False	0.026863869604587986	0.027916196349420476	3313	36323	0.0002883542329072952	False	False
L1CAM	L1CAM	other	0.022066320292651653	False	0.02595051297525649	0.014178344299754977	3314	36323	0.021777966059744358	False	0.026863869604587986	0.014178344299754977	3313	36323	0.0002883542329072952	False	False
LAIR1	LILRB4	other	0.00984183605760336	False	0.009957754978877489	0.008754783470528315	3314	36323	0.01075397152453661	False	0.012677331723513431	0.008754783470528315	3313	36323	-0.0009121354669332504	False	False
LAMA2	ADGRG6	other	0.002896518795751035	False	0.008449004224502113	0.0012388844533766485	3314	36323	0.0033931907964870334	False	0.008451554482342288	0.0012388844533766485	3313	36323	-0.0004966720007359982	False	False
LAMA3	ITGA3+ITGB1	other	0.14328529592603445	False	0.2923958961979481	0.013297359799576027	3314	36323	0.13804212864488363	False	0.30244491397524903	0.013297359799576027	3313	36323	0.005243167281150818	False	False
LAMC1	ITGA2+ITGB1	other	0.1255660392343998	False	0.30537115268557635	0.027640888693114554	3314	36323	0.14685281738638878	False	0.3622094778146695	0.027640888693114554	3313	36323	-0.021286778151988983	False	False
LAMC1	ITGA6+ITGB1	other	0.1554109826683998	False	0.30537115268557635	0.05652066183960576	3314	36323	0.1766977608203888	False	0.3622094778146695	0.05652066183960576	3313	36323	-0.021286778151988983	False	False
LAMC1	ITGA7+ITGB1	other	0.10828056838363409	False	0.30537115268557635	0.005808991548054952	3314	36323	0.12956734653562307	False	0.3622094778146695	0.005808991548054952	3313	36323	-0.021286778151988983	False	False
LCN2	SLC22A17	other	0.3648851690813899	False	0.4692214846107423	0.006524791454450348	3314	36323	0.20698622148483992	False	0.3166314518563236	0.006524791454450348	3313	36323	0.15789894759655	False	False
LGALS3	MERTK	other	0.7630390652921051	False	0.8714544357272178	0.003826776422652314	3314	36323	0.5245283970143646	False	0.7256263205553879	0.003826776422652314	3313	36323	0.23851066827774048	False	False
LGALS9	BCR+CD22+PTPRC	other	0.11199356522411108	False	0.30567290283645143	0.002918261156842772	3314	36323	0.13314034696668386	False	0.32478116510715366	0.002918261156842772	3313	36323	-0.021146781742572784	False	False
LGALS9	HAVCR2	other	0.3007871136069298	True	0.30567290283645143	0.19643201277427524	3314	36323	0.32193389534950256	True	0.32478116510715366	0.19643201277427524	3313	36323	-0.021146781742572784	True	True
LGALS9	P4HB	other	0.31020665913820267	True	0.30567290283645143	0.23004707760922832	3314	36323	0.33135344088077545	True	0.32478116510715366	0.23004707760922832	3313	36323	-0.021146781742572784	True	True
LIF	IL6ST+LIFR	other	0.02446209965273738	False	0.07513578756789378	0.0008809845001789499	3314	36323	0.02296290686354041	False	0.06912164201629943	0.0008809845001789499	3313	36323	0.001499192789196968	False	False
LIPA	RORA	other	0.4084619879722595	True	0.3497284248642124	0.2879167469647331	3314	36323	0.3914814889431	True	0.3277995774222759	0.2879167469647331	3313	36323	0.016980499029159546	True	True
LIPA	RORC	other	0.12660088390111923	False	0.3497284248642124	0.006194422266883242	3314	36323	0.10962038487195969	False	0.3277995774222759	0.006194422266883242	3313	36323	0.016980499029159546	False	False
LPAR1	ADGRE5	other	0.38379625603556633	True	0.16988533494266747	0.34509814717947307	3314	36323	0.3865138962864876	True	0.19348022939933596	0.34509814717947307	3313	36323	-0.0027176402509212494	True	True
LPAR2	ADGRE5	other	0.37873411178588867	True	0.16445383222691612	0.34509814717947307	3314	36323	0.3926183171570301	True	0.22909749471777846	0.34509814717947307	3313	36323	-0.013884205371141434	True	True
LPAR3	ADGRE5	other	0.3712022081017494	True	0.1288473144236572	0.34509814717947307	3314	36323	0.3753005862236023	True	0.15152429821913674	0.34509814717947307	3313	36323	-0.004098378121852875	True	True
LRFN4	PTPRD	other	0.06575341935968027	False	0.2148461074230537	0.0012113536877460562	3314	36323	0.05570936243748292	False	0.20042257772411712	0.0012113536877460562	3313	36323	0.010044056922197342	False	False
LRFN4	PTPRF	other	0.07673265971243382	False	0.2148461074230537	0.01360019822151254	3314	36323	0.06668860279023647	False	0.20042257772411712	0.01360019822151254	3313	36323	0.010044056922197342	False	False
LRFN4	PTPRS	other	0.06546898296801373	False	0.2148461074230537	0.0006882691407648047	3314	36323	0.05542492604581639	False	0.20042257772411712	0.0006882691407648047	3313	36323	0.010044056922197342	False	False
LRFN5	PTPRD	other	0.0008555394015274942	False	0.0	0.0012113536877460562	3314	36323	0.0009389370025019161	False	0.0006036824630244491	0.0012113536877460562	3313	36323	-8.339760097442195e-05	False	False
LRFN5	PTPRF	other	0.011834779754281044	False	0.0	0.01360019822151254	3314	36323	0.011918177355255466	False	0.0006036824630244491	0.01360019822151254	3313	36323	-8.339760097442195e-05	False	False
LRFN5	PTPRS	other	0.0005711030098609626	False	0.0	0.0006882691407648047	3314	36323	0.0006545006108353846	False	0.0006036824630244491	0.0006882691407648047	3313	36323	-8.339760097442195e-05	False	False
LRPAP1	SORT1	other	0.11389243346638978	False	0.3355461677730839	0.004459984032155934	3314	36323	0.11120909941382706	False	0.33836402052520376	0.004459984032155934	3313	36323	0.0026833340525627136	False	False
LRRC4B	PTPRD	other	0.004266999603714794	False	0.012371756185878094	0.0012113536877460562	3314	36323	0.0072612473159097135	False	0.028071234530636886	0.0012113536877460562	3313	36323	-0.0029942477121949196	False	False
LRRC4B	PTPRF	other	0.015246239956468344	False	0.012371756185878094	0.01360019822151254	3314	36323	0.018240487668663263	False	0.028071234530636886	0.01360019822151254	3313	36323	-0.0029942477121949196	False	False
LRRC4B	PTPRS	other	0.003982563212048262	False	0.012371756185878094	0.0006882691407648047	3314	36323	0.006976810924243182	False	0.028071234530636886	0.0006882691407648047	3313	36323	-0.0029942477121949196	False	False
LRRC4C	PTPRF	other	0.012018920402624644	False	0.0012070006035003018	0.01360019822151254	3314	36323	0.012152268696809188	False	0.0018110473890733474	0.01360019822151254	3313	36323	-0.0001333482941845432	False	False
LRRTM1	NRXN1	other	0.000631163697107695	False	0.00030175015087507544	0.0007433306720259891	3314	36323	0.004935965582262725	False	0.020827044974343494	0.0007433306720259891	3313	36323	-0.00430480188515503	False	False
LRRTM1	NRXN2	other	0.0012117723672417924	False	0.00030175015087507544	0.001459130578421386	3314	36323	0.005516574252396822	False	0.020827044974343494	0.001459130578421386	3313	36323	-0.00430480188515503	False	False
LRRTM1	NRXN3	other	0.0005943777941865847	False	0.00030175015087507544	0.0006607383751342124	3314	36323	0.004899179679341614	False	0.020827044974343494	0.0006607383751342124	3313	36323	-0.00430480188515503	False	False
LRRTM2	NRXN1	other	0.0008473704801872373	False	0.0006035003017501509	0.0007433306720259891	3314	36323	0.0026135537191294134	False	0.01056444310292786	0.0007433306720259891	3313	36323	-0.001766183238942176	False	False
LRRTM2	NRXN2	other	0.0014279791503213346	False	0.0006035003017501509	0.001459130578421386	3314	36323	0.0031941623892635107	False	0.01056444310292786	0.001459130578421386	3313	36323	-0.001766183238942176	False	False
LRRTM2	NRXN3	other	0.0008105845772661269	False	0.0006035003017501509	0.0006607383751342124	3314	36323	0.002576767816208303	False	0.01056444310292786	0.0006607383751342124	3313	36323	-0.001766183238942176	False	False
LTA	TNFRSF14	other	0.089043082552962	False	0.0012070006035003018	0.10425900944305261	3314	36323	0.08947955316398293	False	0.0033202535466344703	0.10425900944305261	3313	36323	-0.00043647061102092266	False	False
LTA	TNFRSF1A	other	0.060536490636877716	False	0.0012070006035003018	0.07196542135836798	3314	36323	0.06097296124789864	False	0.0033202535466344703	0.07196542135836798	3313	36323	-0.00043647061102092266	False	False
LTA	TNFRSF1B	other	0.39516961004119366	False	0.0012070006035003018	0.3964705558461581	3314	36323	0.3956060806522146	False	0.0033202535466344703	0.3964705558461581	3313	36323	-0.00043647061102092266	False	False
LTA4H	LTB4R	other	0.23107425682246685	False	0.4668074834037417	0.027916196349420476	3314	36323	0.24032632820308208	False	0.4971325083006339	0.027916196349420476	3313	36323	-0.009252071380615234	False	False
LTA4H	LTB4R2	other	0.20836550276726484	False	0.4668074834037417	0.001018638328331911	3314	36323	0.21761757414788008	False	0.4971325083006339	0.001018638328331911	3313	36323	-0.009252071380615234	False	False
LTB	LTBR	other	0.02615765342488885	False	0.03862401931200966	0.009277868017509567	3314	36323	0.03129232535138726	False	0.04105040748566254	0.009277868017509567	3313	36323	-0.005134671926498413	False	False
LTC4S	CYSLTR1	other	0.03783242776989937	False	0.003922751961375981	0.04140627150841065	3314	36323	0.0380705728312023	False	0.005131300935707818	0.04140627150841065	3313	36323	-0.00023814506130293012	False	False
LTC4S	CYSLTR2	other	0.010080147534608841	False	0.003922751961375981	0.011149960080389836	3314	36323	0.010318292595911771	False	0.005131300935707818	0.011149960080389836	3313	36323	-0.00023814506130293012	False	False
MADCAM1	ITGA4+ITGB7	other	0.18275062966858968	False	0.0018105009052504525	0.20342482724444566	3314	36323	0.18390077666845173	False	0.005433142167220043	0.20342482724444566	3313	36323	-0.001150146999862045	False	False
MDK	PTPRZ1	other	0.5039931936189532	False	0.7383826191913095	0.003221099578779286	3314	36323	0.44578517507761717	False	0.6501660126773318	0.003221099578779286	3313	36323	0.05820801854133606	False	False
MPZL1	MPZL1	other	0.1767811980098486	False	0.4333132166566083	0.01461883654984445	3314	36323	0.2061276938766241	False	0.4672502263809236	0.01461883654984445	3313	36323	-0.029346495866775513	False	False
MST1	MST1R	other	0.004212854808429256	False	0.015992757996378996	0.0004955537813506593	3314	36323	0.006018533749738708	False	0.024750980984002413	0.0004955537813506593	3313	36323	-0.001805678941309452	False	False
MT-RNR2	FPR2	other	2.6703063731547445	False	0.9981894990947495	0.0017069074690967156	3314	36323	2.5609573607798666	False	0.9927558104437066	0.0017069074690967156	3313	36323	0.10934901237487793	False	False
MT-RNR2	FPR3	other	2.6723666307516396	False	0.9981894990947495	0.004790353219723041	3314	36323	2.5630176183767617	False	0.9927558104437066	0.004790353219723041	3313	36323	0.10934901237487793	False	False
NCAM1	AGRN	other	0.00491442292695865	False	0.0012070006035003018	0.006084299204360873	3314	36323	0.00632162019610405	False	0.006942348324781165	0.006084299204360873	3313	36323	-0.0014071972691453993	False	False
NCAM1	FGFR1	other	0.015339033619966358	False	0.0012070006035003018	0.018418082206866172	3314	36323	0.016746230889111757	False	0.006942348324781165	0.018418082206866172	3313	36323	-0.0014071972691453993	False	False
NCR3LG1	NCR3	other	0.030705895740538836	False	0.012975256487628244	0.03210087272527049	3314	36323	0.03168331924825907	False	0.01780863265922125	0.03210087272527049	3313	36323	-0.000977423507720232	False	False
NDP	FZD4+LRP5	other	0.0007245917804539204	False	0.0012070006035003018	0.0004129614844588828	3314	36323	0.0005084349104436114	False	0.00030184123151222455	0.0004129614844588828	3313	36323	0.00021615687001030892	False	False
NECTIN1	CADM3	other	0.3233163711265661	False	0.6104405552202776	0.0004955537813506593	3314	36323	0.24748094944516197	False	0.5140356172653184	0.0004955537813506593	3313	36323	0.07583542168140411	False	False
NECTIN1	NECTIN3	other	0.3454020917415619	False	0.6104405552202776	0.028163973240095806	3314	36323	0.2695666700601578	False	0.5140356172653184	0.028163973240095806	3313	36323	0.07583542168140411	False	False
NECTIN1	NECTIN4	other	0.3261845700908452	False	0.6104405552202776	0.003854307188282906	3314	36323	0.2503491484094411	False	0.5140356172653184	0.003854307188282906	3313	36323	0.07583542168140411	False	False
NECTIN2	NECTIN3	other	0.25543008744716644	False	0.5226312613156306	0.028163973240095806	3314	36323	0.17412668466567993	False	0.4041654089948687	0.028163973240095806	3313	36323	0.08130340278148651	False	False
NECTIN2	TIGIT	other	0.721240445971489	True	0.5226312613156306	0.44195138066789635	3314	36323	0.6399370431900024	True	0.4041654089948687	0.44195138066789635	3313	36323	0.08130340278148651	True	True
NECTIN3	PVR	other	0.007487272843718529	False	0.018406759203379603	0.0045425763290477105	3314	36323	0.02094723144546151	False	0.07274373679444612	0.0045425763290477105	3313	36323	-0.013459958601742983	False	False
NECTIN3	TIGIT	other	0.49259586026892066	False	0.018406759203379603	0.44195138066789635	3314	36323	0.5060558188706636	False	0.07274373679444612	0.44195138066789635	3313	36323	-0.013459958601742983	False	False
NELL2	ROBO3	other	0.014706535497680306	False	0.04284852142426071	0.002670484266167442	3314	36323	0.014109671348705888	False	0.05221853305161485	0.002670484266167442	3313	36323	0.0005968641489744186	False	False
NLGN1	NRXN1	other	0.007428858138155192	False	0.025648762824381412	0.0007433306720259891	3314	36323	0.008944695990066975	False	0.031995170540295804	0.0007433306720259891	3313	36323	-0.0015158378519117832	False	False
NLGN1	NRXN2	other	0.00800946680828929	False	0.025648762824381412	0.001459130578421386	3314	36323	0.009525304660201073	False	0.031995170540295804	0.001459130578421386	3313	36323	-0.0015158378519117832	False	False
NLGN1	NRXN3	other	0.007392072235234082	False	0.025648762824381412	0.0006607383751342124	3314	36323	0.008907910087145865	False	0.031995170540295804	0.0006607383751342124	3313	36323	-0.0015158378519117832	False	False
NLGN2	NRXN1	other	0.03082698880461976	False	0.10651780325890163	0.0007433306720259891	3314	36323	0.042925064626615494	False	0.16269242378508905	0.0007433306720259891	3313	36323	-0.012098075821995735	False	False
NLGN2	NRXN2	other	0.03140759747475386	False	0.10651780325890163	0.001459130578421386	3314	36323	0.04350567329674959	False	0.16269242378508905	0.001459130578421386	3313	36323	-0.012098075821995735	False	False
NLGN2	NRXN3	other	0.03079020290169865	False	0.10651780325890163	0.0006607383751342124	3314	36323	0.042888278723694384	False	0.16269242378508905	0.0006607383751342124	3313	36323	-0.012098075821995735	False	False
NLGN3	NRXN1	other	0.0015260170912370086	False	0.003621001810500905	0.0007433306720259891	3314	36323	0.0020989131298847497	False	0.007546030787805615	0.0007433306720259891	3313	36323	-0.0005728960386477411	False	False
NLGN3	NRXN2	other	0.002106625761371106	False	0.003621001810500905	0.001459130578421386	3314	36323	0.002679521800018847	False	0.007546030787805615	0.001459130578421386	3313	36323	-0.0005728960386477411	False	False
NLGN3	NRXN3	other	0.0014892311883158982	False	0.003621001810500905	0.0006607383751342124	3314	36323	0.0020621272269636393	False	0.007546030787805615	0.0006607383751342124	3313	36323	-0.0005728960386477411	False	False
NLGN3	PTPRD	other	0.001818041899241507	False	0.003621001810500905	0.0012113536877460562	3314	36323	0.002390937937889248	False	0.007546030787805615	0.0012113536877460562	3313	36323	-0.0005728960386477411	False	False
NLGN4X	NRXN1	other	0.002796329266857356	False	0.006940253470126735	0.0007433306720259891	3314	36323	0.009106777783017606	False	0.03984304255961364	0.0007433306720259891	3313	36323	-0.00631044851616025	False	False
NLGN4X	NRXN2	other	0.003376937936991453	False	0.006940253470126735	0.001459130578421386	3314	36323	0.009687386453151703	False	0.03984304255961364	0.001459130578421386	3313	36323	-0.00631044851616025	False	False
NLGN4X	NRXN3	other	0.0027595433639362454	False	0.006940253470126735	0.0006607383751342124	3314	36323	0.009069991880096495	False	0.03984304255961364	0.0006607383751342124	3313	36323	-0.00631044851616025	False	False
NLGN4Y	NRXN1	other	0.0014425276312977076	False	0.0030175015087507543	0.0007433306720259891	3314	36323	0.0012625543167814612	False	0.003018412315122246	0.0007433306720259891	3313	36323	0.00017997331451624632	False	False
NLGN4Y	NRXN2	other	0.002023136301431805	False	0.0030175015087507543	0.001459130578421386	3314	36323	0.0018431629869155586	False	0.003018412315122246	0.001459130578421386	3313	36323	0.00017997331451624632	False	False
NLGN4Y	NRXN3	other	0.0014057417283765972	False	0.0030175015087507543	0.0006607383751342124	3314	36323	0.0012257684138603508	False	0.003018412315122246	0.0006607383751342124	3313	36323	0.00017997331451624632	False	False
NRG1	ERBB3	other	0.02064681425690651	False	0.04978877489438745	0.0071304682983233765	3314	36323	0.037250868044793606	False	0.11590703290069423	0.0071304682983233765	3313	36323	-0.016604053787887096	False	False
NRG1	ERBB4	other	0.015045796433696523	False	0.04978877489438745	0.0006056768438730281	3314	36323	0.03164985022158362	False	0.11590703290069423	0.0006056768438730281	3313	36323	-0.016604053787887096	False	False
NRG1	ITGA6+ITGB4	other	0.0174979402218014	False	0.04978877489438745	0.0038818379539134985	3314	36323	0.0341019940096885	False	0.11590703290069423	0.0038818379539134985	3313	36323	-0.016604053787887096	False	False
NRG2	ERBB3	other	0.009733155136927962	False	0.01659625829812915	0.0071304682983233765	3314	36323	0.008278559660539031	False	0.011168125565952309	0.0071304682983233765	3313	36323	0.0014545954763889313	False	False
NRG2	ERBB4	other	0.004132137313717976	False	0.01659625829812915	0.0006056768438730281	3314	36323	0.002677541837329045	False	0.011168125565952309	0.0006056768438730281	3313	36323	0.0014545954763889313	False	False
NRG3	ERBB4	other	0.0006735863571520895	False	0.0012070006035003018	0.0006056768438730281	3314	36323	0.0005004868180549238	False	0.00030184123151222455	0.0006056768438730281	3313	36323	0.0001730995390971657	False	False
NRG4	ERBB4	other	0.056772416370222345	False	0.17531683765841882	0.0006056768438730281	3314	36323	0.03205314456135966	False	0.10172049501961967	0.0006056768438730281	3313	36323	0.024719271808862686	False	False
NRTN	GFRA2+RET	other	0.006530408238177188	False	0.02172601086300543	0.00027530765630592185	3314	36323	0.003923773721908219	False	0.017204950196196802	0.00027530765630592185	3313	36323	0.0026066345162689686	False	False
NRXN1	ADGRL1	other	0.01809069066075608	False	0.002112251056125528	0.02029017426974644	3314	36323	0.018614330561831594	False	0.003622094778146695	0.02029017426974644	3313	36323	-0.0005236399010755122	False	False
NRXN1	DAG1	other	0.022324188787024468	False	0.002112251056125528	0.02717286567739449	3314	36323	0.02284782868809998	False	0.003622094778146695	0.02717286567739449	3313	36323	-0.0005236399010755122	False	False
NRXN2	ADGRL1	other	0.020840862533077598	False	0.01056125528062764	0.02029017426974644	3314	36323	0.02411036565899849	False	0.022336251131904617	0.02029017426974644	3313	36323	-0.0032695031259208918	False	False
NRXN2	DAG1	other	0.025074360659345984	False	0.01056125528062764	0.02717286567739449	3314	36323	0.028343863785266876	False	0.022336251131904617	0.02717286567739449	3313	36323	-0.0032695031259208918	False	False
NRXN3	ADGRL1	other	0.024509446695446968	False	0.02504526252263126	0.02029017426974644	3314	36323	0.024311345536261797	False	0.026863869604587986	0.02029017426974644	3313	36323	0.00019810115918517113	False	False
NT5E+SLC29A1	ADORA1	other	0.1267450886662118	False	0.2824381412190706	0.0001651845937835531	3314	36323	0.09202787157846615	False	0.17989737398128586	0.0001651845937835531	3313	36323	0.034717217087745667	False	False
NT5E+SLC29A1	ADORA2B	other	0.12718453590059653	False	0.2824381412190706	0.0009911075627013187	3314	36323	0.09246731881285086	False	0.17989737398128586	0.0009911075627013187	3313	36323	0.034717217087745667	False	False
NT5E+SLC29A1	ADORA3	other	0.12711320986272767	False	0.2824381412190706	0.0007157999063953968	3314	36323	0.092395992774982	False	0.17989737398128586	0.0007157999063953968	3313	36323	0.034717217087745667	False	False
NT5E+SLC29A2	ADORA1	other	0.042993272363673896	False	0.14423657211828605	0.0001651845937835531	3314	36323	0.05512482923222706	False	0.17989737398128586	0.0001651845937835531	3313	36323	-0.012131556868553162	False	False
NT5E+SLC29A2	ADORA2B	other	0.04343271959805861	False	0.14423657211828605	0.0009911075627013187	3314	36323	0.05556427646661177	False	0.17989737398128586	0.0009911075627013187	3313	36323	-0.012131556868553162	False	False
NT5E+SLC29A2	ADORA3	other	0.043361393560189754	False	0.14423657211828605	0.0007157999063953968	3314	36323	0.055492950428742915	False	0.17989737398128586	0.0007157999063953968	3313	36323	-0.012131556868553162	False	False
NT5E+SLC29A3	ADORA1	other	0.005681553564500064	False	0.02444176222088111	0.0001651845937835531	3314	36323	0.004277866974007338	False	0.02173256866888017	0.0001651845937835531	3313	36323	0.0014036865904927254	False	False
NT5E+SLC29A3	ADORA2B	other	0.006121000798884779	False	0.02444176222088111	0.0009911075627013187	3314	36323	0.004717314208392054	False	0.02173256866888017	0.0009911075627013187	3313	36323	0.0014036865904927254	False	False
NT5E+SLC29A3	ADORA3	other	0.006049674761015922	False	0.02444176222088111	0.0007157999063953968	3314	36323	0.0046459881705231965	False	0.02173256866888017	0.0007157999063953968	3313	36323	0.0014036865904927254	False	False
NT5E+SLC29A4	ADORA1	other	0.007918702613096684	False	0.029571514785757393	0.0001651845937835531	3314	36323	0.018494805961381644	False	0.07696951403561726	0.0001651845937835531	3313	36323	-0.01057610334828496	False	False
NT5E+SLC29A4	ADORA2B	other	0.0083581498474814	False	0.029571514785757393	0.0009911075627013187	3314	36323	0.01893425319576636	False	0.07696951403561726	0.0009911075627013187	3313	36323	-0.01057610334828496	False	False
NT5E+SLC29A4	ADORA3	other	0.008286823809612542	False	0.029571514785757393	0.0007157999063953968	3314	36323	0.018862927157897502	False	0.07696951403561726	0.0007157999063953968	3313	36323	-0.01057610334828496	False	False
NTF3	NGFR	other	0.0034316115779802203	False	0.0024140012070006035	0.003413814938193431	3314	36323	0.0031546425889246166	False	0.0012073649260488982	0.003413814938193431	3313	36323	0.00027696898905560374	False	False
NTF3	NTRK1	other	0.0024112481623888016	False	0.0024140012070006035	0.002560361203645073	3314	36323	0.002134279173333198	False	0.0012073649260488982	0.002560361203645073	3313	36323	0.00027696898905560374	False	False
NTF3	NTRK2	other	0.011051299632526934	False	0.0024140012070006035	0.011370206205434573	3314	36323	0.01077433064347133	False	0.0012073649260488982	0.011370206205434573	3313	36323	0.00027696898905560374	False	False
NTF3	NTRK3	other	0.002281580353155732	False	0.0024140012070006035	0.002119868953555598	3314	36323	0.0020046113641001284	False	0.0012073649260488982	0.002119868953555598	3313	36323	0.00027696898905560374	False	False
NTN1	DCC	other	0.010834440938197076	False	0.04224502112251056	0.00022024612504473748	3314	36323	0.010876730433665216	False	0.04648354965288258	0.00022024612504473748	3313	36323	-4.228949546813965e-05	False	False
NTN1	UNC5A	other	0.010821723408298567	False	0.04224502112251056	0.0001651845937835531	3314	36323	0.010864012903766707	False	0.04648354965288258	0.0001651845937835531	3313	36323	-4.228949546813965e-05	False	False
NTN1	UNC5B	other	0.0119495167164132	False	0.04224502112251056	0.0017069074690967156	3314	36323	0.01199180621188134	False	0.04648354965288258	0.0017069074690967156	3313	36323	-4.228949546813965e-05	False	False
NTN1	UNC5C	other	0.01077364263619529	False	0.04224502112251056	0.00022024612504473748	3314	36323	0.01081593213166343	False	0.04648354965288258	0.00022024612504473748	3313	36323	-4.228949546813965e-05	False	False
NTN4	NTRK2	other	0.030373916029930115	False	0.05612552806276403	0.011370206205434573	3314	36323	0.02403214480727911	False	0.05372773920917597	0.011370206205434573	3313	36323	0.006341771222651005	False	False
NTN4	UNC5B	other	0.02114470850210637	False	0.05612552806276403	0.0017069074690967156	3314	36323	0.014802937279455364	False	0.05372773920917597	0.0017069074690967156	3313	36323	0.006341771222651005	False	False
NTN4	UNC5D	other	0.02015432680491358	False	0.05612552806276403	0.0003578999531976984	3314	36323	0.013812555582262576	False	0.05372773920917597	0.0003578999531976984	3313	36323	0.006341771222651005	False	False
NTS	NTSR1	other	0.36842818721197546	False	0.47012673506336755	0.003055914984995733	3314	36323	0.39620651467703283	False	0.46242076667672805	0.003055914984995733	3313	36323	-0.027778327465057373	False	False
NTS	SORT1	other	0.36915434640832245	False	0.47012673506336755	0.004459984032155934	3314	36323	0.3969326738733798	False	0.46242076667672805	0.004459984032155934	3313	36323	-0.027778327465057373	False	False
OSM	IL6ST+LIFR	other	0.005365283694118261	False	0.018406759203379603	0.0008809845001789499	3314	36323	0.005867904983460903	False	0.019015997585270148	0.0008809845001789499	3313	36323	-0.0005026212893426418	False	False
OSM	IL6ST+OSMR	other	0.007441534660756588	False	0.018406759203379603	0.0033036918756710622	3314	36323	0.00794415595009923	False	0.019015997585270148	0.0033036918756710622	3313	36323	-0.0005026212893426418	False	False
OXT	OXTR	other	0.0052741398103535175	False	0.012070006035003017	0.0012939459846378328	3314	36323	0.0024699163623154163	False	0.006338665861756716	0.0012939459846378328	3313	36323	0.002804223448038101	False	False
PDCD1LG2	PDCD1	other	0.2139086313545704	False	0.025648762824381412	0.21749304848167827	3314	36323	0.21673970762640238	False	0.04346513733776034	0.21749304848167827	3313	36323	-0.0028310762718319893	False	False
PDGFA	PDGFRA	other	0.10770831629633904	False	0.27308388654194327	0.01828042837871321	3314	36323	0.0924353189766407	False	0.23785089043163296	0.01828042837871321	3313	36323	0.015272997319698334	False	False
PDGFB	PDGFRA	other	0.034054091200232506	False	0.053108026554013275	0.01828042837871321	3314	36323	0.03031209297478199	False	0.040144883791125865	0.01828042837871321	3313	36323	0.0037419982254505157	False	False
PDGFB	PDGFRA+PDGFRB	other	0.022690339479595423	False	0.053108026554013275	0.005120722407290146	3314	36323	0.018948341254144907	False	0.040144883791125865	0.005120722407290146	3313	36323	0.0037419982254505157	False	False
PDGFB	PDGFRB	other	0.022690339479595423	False	0.053108026554013275	0.005120722407290146	3314	36323	0.018948341254144907	False	0.040144883791125865	0.005120722407290146	3313	36323	0.0037419982254505157	False	False
PDGFC	PDGFRA	other	0.030411419458687305	False	0.056729028364514184	0.01828042837871321	3314	36323	0.03244460001587868	False	0.0651977060066405	0.01828042837871321	3313	36323	-0.002033180557191372	False	False
PDGFD	PDGFRA+PDGFRB	other	0.004699915501987562	False	0.002112251056125528	0.005120722407290146	3314	36323	0.0054383110255002975	False	0.003018412315122246	0.005120722407290146	3313	36323	-0.000738395523512736	False	False
PDGFD	PDGFRB	other	0.004699915501987562	False	0.002112251056125528	0.005120722407290146	3314	36323	0.0054383110255002975	False	0.003018412315122246	0.005120722407290146	3313	36323	-0.000738395523512736	False	False
PECAM1	CD38	other	0.09847596567124128	False	0.022027761013880508	0.10830603199074966	3314	36323	0.0992802232503891	False	0.03229701177180803	0.10830603199074966	3313	36323	-0.0008042575791478157	False	False
PGF	FLT1	other	0.07527868822216988	False	0.18406759203379602	0.016683643972138864	3314	36323	0.06381821259856224	False	0.15273166314518563	0.016683643972138864	3313	36323	0.011460475623607635	False	False
PGF	FLT1+KDR	other	0.061213909240905195	False	0.18406759203379602	0.00027530765630592185	3314	36323	0.04975343361729756	False	0.15273166314518563	0.00027530765630592185	3313	36323	0.011460475623607635	False	False
PGF	NRP1	other	0.0633787945844233	False	0.18406759203379602	0.0030834457506263247	3314	36323	0.05191831896081567	False	0.15273166314518563	0.0030834457506263247	3313	36323	0.011460475623607635	False	False
PGF	NRP2	other	0.06391144217923284	False	0.18406759203379602	0.003744184125760537	3314	36323	0.0524509665556252	False	0.15273166314518563	0.003744184125760537	3313	36323	0.011460475623607635	False	False
PI16	TNFRSF21	other	0.0034671752800932154	False	0.0009052504526252263	0.00440492250089475	3314	36323	0.0036710234417114407	False	0.0018110473890733474	0.00440492250089475	3313	36323	-0.00020384816161822528	False	False
PLAU	PLAUR	other	0.2254772037267685	False	0.3355461677730839	0.0384054180546761	3314	36323	0.17095476388931274	False	0.2804105040748566	0.0384054180546761	3313	36323	0.05452243983745575	False	False
PLAUR	ITGA4+ITGB1	other	0.48432548344135284	True	0.3943874471937236	0.265782011397737	3314	36323	0.4040992707014084	True	0.2921823121038334	0.265782011397737	3313	36323	0.08022621273994446	True	True
PNOC	OPRL1	other	0.0016727716429159045	False	0.0009052504526252263	0.0018445612972496765	3314	36323	0.003131507313810289	False	0.005131300935707818	0.0018445612972496765	3313	36323	-0.0014587356708943844	False	False
PODXL	SELL	other	0.2666628947481513	False	0.02987326493663247	0.23269003110976516	3314	36323	0.26564321713522077	False	0.027165710836100213	0.23269003110976516	3313	36323	0.0010196776129305363	False	False
PODXL2	SELE	other	0.0197767890203977	False	0.07332528666264333	5.506153126118437e-05	3314	36323	0.021515357788302936	False	0.08964684575913069	5.506153126118437e-05	3313	36323	-0.0017385687679052353	False	False
PODXL2	SELL	other	0.27839586324989796	False	0.07332528666264333	0.23269003110976516	3314	36323	0.2801344320178032	False	0.08964684575913069	0.23269003110976516	3313	36323	-0.0017385687679052353	False	False
PODXL2	SELP	other	0.02250456833280623	False	0.07332528666264333	0.003358753406932247	3314	36323	0.024243137100711465	False	0.08964684575913069	0.003358753406932247	3313	36323	-0.0017385687679052353	False	False
POMC	MC1R	other	0.01723909191787243	False	0.04616777308388654	0.005175783938551331	3314	36323	0.016391726210713387	False	0.04829459704195593	0.005175783938551331	3313	36323	0.0008473657071590424	False	False
POMC	OPRM1	other	0.013344418199267238	False	0.04616777308388654	0.0007157999063953968	3314	36323	0.012497052492108196	False	0.04829459704195593	0.0007157999063953968	3313	36323	0.0008473657071590424	False	False
PPIA	BSG	other	1.6728703528642654	True	0.9915509957754979	0.2131431875120447	3314	36323	1.7969821244478226	True	0.98913371566556	0.2131431875120447	3313	36323	-0.12411177158355713	True	True
PRNP	ADGRG6	other	0.3902056146180257	False	0.6813518406759204	0.0012388844533766485	3314	36323	0.280487023643218	False	0.565952309085421	0.0012388844533766485	3313	36323	0.10971859097480774	False	False
PROC	PROCR	other	0.004765642108395696	False	0.009354254677127338	0.0030283842193651405	3314	36323	0.004459469113498926	False	0.006942348324781165	0.0030283842193651405	3313	36323	0.0003061729948967695	False	False
PRXL2B	PTGFR	other	0.057522978822817095	False	0.19100784550392275	0.00027530765630592185	3314	36323	0.059450257758726366	False	0.21460911560519166	0.00027530765630592185	3313	36323	-0.0019272789359092712	False	False
PSAP	GPR37L1	other	0.8670161400805227	False	0.9257694628847315	0.00030283842193651404	3314	36323	0.8329110775957815	False	0.8581346211892544	0.00030283842193651404	3313	36323	0.03410506248474121	False	False
PTGDS	PTGDR	other	0.034364111721515656	False	0.004828002414001207	0.034716295460176745	3314	36323	0.03585583786480129	False	0.006338665861756716	0.034716295460176745	3313	36323	-0.0014917261432856321	False	False
PTGES	PTGER2	other	0.14225037395954132	False	0.1783343391671696	0.05123475483853206	3314	36323	0.14248275011777878	False	0.17929369151826138	0.05123475483853206	3313	36323	-0.00023237615823745728	False	False
PTGES	PTGER3	other	0.09618010363192298	False	0.1783343391671696	0.0005506153126118437	3314	36323	0.09641247979016043	False	0.17929369151826138	0.0005506153126118437	3313	36323	-0.00023237615823745728	False	False
PTGES	PTGER4	other	0.3448853865265846	True	0.1783343391671696	0.254439335957933	3314	36323	0.3451177626848221	True	0.17929369151826138	0.254439335957933	3313	36323	-0.00023237615823745728	True	True
PTGES2	PTGER2	other	0.1378844752907753	False	0.29058539529269767	0.05123475483853206	3314	36323	0.15049700438976288	False	0.3362511319046182	0.05123475483853206	3313	36323	-0.01261252909898758	False	False
PTGES2	PTGER3	other	0.09181420496315695	False	0.29058539529269767	0.0005506153126118437	3314	36323	0.10442673406214453	False	0.3362511319046182	0.0005506153126118437	3313	36323	-0.01261252909898758	False	False
PTGES2	PTGER4	other	0.3405194878578186	True	0.29058539529269767	0.254439335957933	3314	36323	0.3531320169568062	True	0.3362511319046182	0.254439335957933	3313	36323	-0.01261252909898758	True	True
PTGES3	PTGER2	other	0.8353220596909523	False	0.896197948098974	0.05123475483853206	3314	36323	0.7494145408272743	False	0.8315725928161787	0.05123475483853206	3313	36323	0.08590751886367798	False	False
PTGES3	PTGER3	other	0.789251789363334	False	0.896197948098974	0.0005506153126118437	3314	36323	0.703344270499656	False	0.8315725928161787	0.0005506153126118437	3313	36323	0.08590751886367798	False	False
PTGES3	PTGER4	other	1.0379570722579956	True	0.896197948098974	0.254439335957933	3314	36323	0.9520495533943176	True	0.8315725928161787	0.254439335957933	3313	36323	0.08590751886367798	True	True
PTGIS	PTGIR	other	0.009117340770899318	False	0.0006035003017501509	0.011260083142912205	3314	36323	0.011621718294918537	False	0.014186537881074554	0.011260083142912205	3313	36323	-0.002504377524019219	False	False
PTGR1	LTB4R	other	0.4190804045647383	False	0.6502715751357876	0.027916196349420476	3314	36323	0.4158326964825392	False	0.6242076667672805	0.027916196349420476	3313	36323	0.0032477080821990967	False	False
PTGR1	LTB4R2	other	0.39637165050953627	False	0.6502715751357876	0.001018638328331911	3314	36323	0.39312394242733717	False	0.6242076667672805	0.001018638328331911	3313	36323	0.0032477080821990967	False	False
PTHLH	PRLHR	other	0.12148150231223553	False	0.2567893783946892	0.0005230845469812516	3314	36323	0.13857105548959225	False	0.2665258074252943	0.0005230845469812516	3313	36323	-0.01708955317735672	False	False
PTHLH	PTH1R	other	0.12135489800130017	False	0.2567893783946892	0.0003578999531976984	3314	36323	0.1384444511786569	False	0.2665258074252943	0.0003578999531976984	3313	36323	-0.01708955317735672	False	False
PTHLH	PTH2R	other	0.1219262735103257	False	0.2567893783946892	0.0012388844533766485	3314	36323	0.13901582668768242	False	0.2665258074252943	0.0012388844533766485	3313	36323	-0.01708955317735672	False	False
PTN	PTPRZ1	other	0.011636489070951939	False	0.02172601086300543	0.003221099578779286	3314	36323	0.023583938367664814	False	0.05221853305161485	0.003221099578779286	3313	36323	-0.011947449296712875	False	False
PTPRC	CD22	other	0.014815917238593102	False	0.0343995171997586	0.002918261156842772	3314	36323	0.03502702992409468	False	0.06217929369151826	0.002918261156842772	3313	36323	-0.020211112685501575	False	False
PTPRC	MRC1	other	0.027803615666925907	False	0.0343995171997586	0.01789499765988492	3314	36323	0.04801472835242748	False	0.06217929369151826	0.01789499765988492	3313	36323	-0.020211112685501575	False	False
PTPRD	IL1RAP	other	0.030885154381394386	False	0.06910078455039227	0.013104644440161881	3314	36323	0.05610601045191288	False	0.16359794747962572	0.013104644440161881	3313	36323	-0.025220856070518494	False	False
PTPRD	IL1RAPL1	other	0.021591401076875627	False	0.06910078455039227	0.0015141921096825702	3314	36323	0.04681225714739412	False	0.16359794747962572	0.0015141921096825702	3313	36323	-0.025220856070518494	False	False
PTPRS	NTRK3	other	0.00604145519901067	False	0.016294508147254073	0.002119868953555598	3314	36323	0.0080076475860551	False	0.02988228191971023	0.002119868953555598	3313	36323	-0.0019661923870444298	False	False
PVR	CD226	other	0.185973908752203	True	0.14212432106216052	0.16193596343914324	3314	36323	0.1836763732135296	True	0.1436764261998189	0.16193596343914324	3313	36323	0.002297535538673401	True	True
PVR	CD96	other	0.6341646872460842	True	0.14212432106216052	0.5566996118162046	3314	36323	0.6318671517074108	True	0.1436764261998189	0.5566996118162046	3313	36323	0.002297535538673401	True	True
PVR	TIGIT	other	0.5289230607450008	True	0.14212432106216052	0.44195138066789635	3314	36323	0.5266255252063274	True	0.1436764261998189	0.44195138066789635	3313	36323	0.002297535538673401	True	True
RARRES2	CCRL2	other	0.029760830337181687	False	0.007543753771876886	0.03320210335049418	3314	36323	0.028590148082002997	False	0.005734983398732267	0.03320210335049418	3313	36323	0.00117068225517869	False	False
RARRES2	CMKLR1	other	0.013197352411225438	False	0.007543753771876886	0.011370206205434573	3314	36323	0.012026670156046748	False	0.005734983398732267	0.011370206205434573	3313	36323	0.00117068225517869	False	False
RARRES2	GPR1	other	0.003142631336231716	False	0.007543753771876886	0.0001651845937835531	3314	36323	0.001971949081053026	False	0.005734983398732267	0.0001651845937835531	3313	36323	0.00117068225517869	False	False
RBP4	STRA6	other	0.004391809139633551	False	0.009354254677127338	0.0003854307188282906	3314	36323	0.007691728562349454	False	0.017204950196196802	0.0003854307188282906	3313	36323	-0.0032999194227159023	False	False
RELN	LRP8	other	0.03025903960224241	False	0.0009052504526252263	0.036368141398012276	3314	36323	0.02996298587822821	False	0.0009055236945366737	0.036368141398012276	3313	36323	0.00029605372401420027	False	False
RELN	VLDLR	other	0.0022162441164255142	False	0.0009052504526252263	0.002367645844230928	3314	36323	0.001920190392411314	False	0.0009055236945366737	0.002367645844230928	3313	36323	0.00029605372401420027	False	False
RLN1	RXFP1	other	0.00036242832720745355	False	0.0012070006035003018	0.0001651845937835531	3314	36323	0.0007202486885944381	False	0.003018412315122246	0.0001651845937835531	3313	36323	-0.0003578203613869846	False	False
RLN2	RXFP1	other	0.0013030879345024005	False	0.005733252866626433	0.0001651845937835531	3314	36323	0.0032845966197783127	False	0.01569574403863568	0.0001651845937835531	3313	36323	-0.0019815086852759123	False	False
RNASET2	TLR8	other	0.2687198556959629	False	0.4215449607724804	0.0015141921096825702	3314	36323	0.2693174220621586	False	0.4874735888922427	0.0015141921096825702	3313	36323	-0.0005975663661956787	False	False
RSPO4	LGR4	other	0.002671334528713487	False	0.0009052504526252263	0.003221099578779286	3314	36323	0.002883427601773292	False	0.0024147298520977964	0.003221099578779286	3313	36323	-0.00021209307305980474	False	False
RSPO4	LGR5	other	0.0003502796171233058	False	0.0009052504526252263	0.00024777689067532967	3314	36323	0.0005623726901831105	False	0.0024147298520977964	0.00024777689067532967	3313	36323	-0.00021209307305980474	False	False
RSPO4	LGR6	other	0.019234686260460876	False	0.0009052504526252263	0.020345235801007625	3314	36323	0.01944677933352068	False	0.0024147298520977964	0.020345235801007625	3313	36323	-0.00021209307305980474	False	False
RTN4R	ADGRB1	other	0.029000397014897317	False	0.10380205190102595	0.0010461690939625031	3314	36323	0.02416904753772542	False	0.09206157561122849	0.0010461690939625031	3313	36323	0.004831349477171898	False	False
SAA1	FPR2	other	0.09881262085400522	False	0.12703681351840676	0.0017069074690967156	3314	36323	0.09845990291796625	False	0.169332930878358	0.0017069074690967156	3313	36323	0.00035271793603897095	False	False
SDC1	ADGRA2	other	0.9793375461886171	False	0.8937839468919735	0.0006056768438730281	3314	36323	0.7458104222605471	False	0.7787503773015394	0.0006056768438730281	3313	36323	0.23352712392807007	False	False
SDC2	ADGRA2	other	0.006792548258090392	False	0.021424260712130355	0.0006056768438730281	3314	36323	0.02556292447843589	False	0.07395110172049502	0.0006056768438730281	3313	36323	-0.018770376220345497	False	False
SDC2	FGFR4	other	0.006568254393641837	False	0.021424260712130355	0.0003303691875671062	3314	36323	0.025338630613987334	False	0.07395110172049502	0.0003303691875671062	3313	36323	-0.018770376220345497	False	False
SELE	GLG1	other	0.21151213394477963	False	0.0006035003017501509	0.23657186906367866	3314	36323	0.21181287974468432	False	0.001509206157561123	0.23657186906367866	3313	36323	-0.0003007457999046892	False	False
SELPLG	SELE	other	0.0028700034745270386	False	0.008147254073627036	5.506153126118437e-05	3314	36323	0.007450950346537866	False	0.022939933594929067	5.506153126118437e-05	3313	36323	-0.004580946872010827	False	False
SELPLG	SELL	other	0.2614890777040273	False	0.008147254073627036	0.23269003110976516	3314	36323	0.2660700245760381	False	0.022939933594929067	0.23269003110976516	3313	36323	-0.004580946872010827	False	False
SELPLG	SELP	other	0.005597782786935568	False	0.008147254073627036	0.003358753406932247	3314	36323	0.010178729658946395	False	0.022939933594929067	0.003358753406932247	3313	36323	-0.004580946872010827	False	False
SEMA3A	NRP1	other	0.02680319407954812	False	0.07966203983101991	0.0030834457506263247	3314	36323	0.022275045979768038	False	0.0700271657108361	0.0030834457506263247	3313	36323	0.004528148099780083	False	False
SEMA3A	NRP1+PLXNA1	other	0.02680319407954812	False	0.07966203983101991	0.0030834457506263247	3314	36323	0.022275045979768038	False	0.0700271657108361	0.0030834457506263247	3313	36323	0.004528148099780083	False	False
SEMA3A	NRP1+PLXNA2	other	0.0253661546157673	False	0.07966203983101991	0.001183822922115464	3314	36323	0.020838006515987217	False	0.0700271657108361	0.001183822922115464	3313	36323	0.004528148099780083	False	False
SEMA3A	NRP1+PLXNA3	other	0.02680319407954812	False	0.07966203983101991	0.0030834457506263247	3314	36323	0.022275045979768038	False	0.0700271657108361	0.0030834457506263247	3313	36323	0.004528148099780083	False	False
SEMA3A	NRP1+PLXNA4	other	0.025965072447434068	False	0.07966203983101991	0.0018170305316190843	3314	36323	0.021436924347653985	False	0.0700271657108361	0.0018170305316190843	3313	36323	0.004528148099780083	False	False
SEMA3C	NRP2	other	0.07927562342956662	False	0.2100181050090525	0.003744184125760537	3314	36323	0.05980914877727628	False	0.17023845457289466	0.003744184125760537	3313	36323	0.019466474652290344	False	False
SEMA3E	PLXND1	other	0.03475803881883621	False	0.04043452021726011	0.028687057787077058	3314	36323	0.035151008516550064	False	0.04859643827346816	0.028687057787077058	3313	36323	-0.00039296969771385193	False	False
SEMA3F	NRP2	other	0.07951735006645322	False	0.2356668678334339	0.003744184125760537	3314	36323	0.04947228031232953	False	0.17235134319348022	0.003744184125760537	3313	36323	0.030045069754123688	False	False
SEMA4A	PLXND1	other	0.10269199684262276	False	0.24894387447193725	0.028687057787077058	3314	36323	0.09485366567969322	False	0.243284032598853	0.028687057787077058	3313	36323	0.007838331162929535	False	False
SEMA4C	PLXNB2	other	0.07679169625043869	False	0.1855763427881714	0.024227073754921124	3314	36323	0.08335931971669197	False	0.23483247811651073	0.024227073754921124	3313	36323	-0.006567623466253281	False	False
SEMA4D	CD72	other	0.11743232049047947	False	0.3207604103802052	0.014315998127907938	3314	36323	0.08497230894863605	False	0.23634168427407184	0.014315998127907938	3313	36323	0.032460011541843414	False	False
SEMA4D	PLXNB1	other	0.11141048045828938	False	0.3207604103802052	0.00641466839192798	3314	36323	0.07895046891644597	False	0.23634168427407184	0.00641466839192798	3313	36323	0.032460011541843414	False	False
SEMA4D	PLXNB2	other	0.12514644488692284	False	0.3207604103802052	0.024227073754921124	3314	36323	0.09268643334507942	False	0.23634168427407184	0.024227073754921124	3313	36323	0.032460011541843414	False	False
SEMA4D	PTPRC	other	1.4622629955410957	True	0.3207604103802052	0.9365966467527462	3314	36323	1.4298029839992523	True	0.23634168427407184	0.9365966467527462	3313	36323	0.032460011541843414	True	True
SEMA4G	PLXNB2	other	0.027947128750383854	False	0.034701267350633676	0.024227073754921124	3314	36323	0.031076090410351753	False	0.04406881980078479	0.024227073754921124	3313	36323	-0.0031289616599678993	False	False
SEMA6A	NRP1+PLXNA2	other	0.01281021733302623	False	0.0343995171997586	0.001183822922115464	3314	36323	0.05293581367004663	False	0.13975249019015998	0.001183822922115464	3313	36323	-0.0401255963370204	False	False
SEMA6D	KDR+PLXNA1	other	0.02298455178970471	False	0.07453228726614364	0.00027530765630592185	3314	36323	0.034585530462209135	False	0.11832176275279203	0.00027530765630592185	3313	36323	-0.011600978672504425	False	False
SEMA6D	PLXNA1+TREM2+TYROBP	other	0.024910707026720047	False	0.07453228726614364	0.0026980150317980345	3314	36323	0.03651168569922447	False	0.11832176275279203	0.0026980150317980345	3313	36323	-0.011600978672504425	False	False
SEMA7A	ITGA1+ITGB1	other	0.24234075285494328	False	0.05461677730838865	0.2146573796217273	3314	36323	0.234003028832376	False	0.034409900392393604	0.2146573796217273	3313	36323	0.008337724022567272	False	False
SEMA7A	PLXNC1	other	0.0662768092006445	False	0.05461677730838865	0.05173030861988272	3314	36323	0.05793908517807722	False	0.034409900392393604	0.05173030861988272	3313	36323	0.008337724022567272	False	False
SFTPD	ADGRE5	other	0.3481286009773612	False	0.04254677127338564	0.34509814717947307	3314	36323	0.34688669070601463	False	0.03773015393902807	0.34509814717947307	3313	36323	0.001241910271346569	False	False
SHH	BOC+PTCH1	other	0.0014403028471861035	False	0.0051297525648762825	0.0006056768438730281	3314	36323	0.0019067358516622335	False	0.006338665861756716	0.0006056768438730281	3313	36323	-0.00046643300447613	False	False
SHH	BOC+PTCH2	other	0.0014403028471861035	False	0.0051297525648762825	0.0006056768438730281	3314	36323	0.0019067358516622335	False	0.006338665861756716	0.0006056768438730281	3313	36323	-0.00046643300447613	False	False
SHH	CDON+PTCH1	other	0.001898472080938518	False	0.0051297525648762825	0.0011012306252236874	3314	36323	0.002364905085414648	False	0.006338665861756716	0.0011012306252236874	3313	36323	-0.00046643300447613	False	False
SHH	CDON+PTCH2	other	0.001898472080938518	False	0.0051297525648762825	0.0011012306252236874	3314	36323	0.002364905085414648	False	0.006338665861756716	0.0011012306252236874	3313	36323	-0.00046643300447613	False	False
SHH	GAS1+PTCH1	other	0.0033433791249990463	False	0.0051297525648762825	0.0028356688599509954	3314	36323	0.0038098121294751763	False	0.006338665861756716	0.0028356688599509954	3313	36323	-0.00046643300447613	False	False
SHH	GAS1+PTCH2	other	0.0026001054793596268	False	0.0051297525648762825	0.0018445612972496765	3314	36323	0.0030665384838357568	False	0.006338665861756716	0.0018445612972496765	3313	36323	-0.00046643300447613	False	False
SHH	HHIP	other	0.0014175126561895013	False	0.0051297525648762825	0.00046802301572006715	3314	36323	0.0018839456606656313	False	0.006338665861756716	0.00046802301572006715	3313	36323	-0.00046643300447613	False	False
SIGLEC15	CD44	other	0.633953400014434	False	0.002715751357875679	0.5971973680588057	3314	36323	0.6334243690507719	False	0.00030184123151222455	0.5971973680588057	3313	36323	0.0005290309636620805	False	False
SLC18A1+TPH1	HTR1F	other	0.0003186796820955351	False	0.00030175015087507544	0.00027530765630592185	3314	36323	0.00031806508923182264	False	0.00030184123151222455	0.00027530765630592185	3313	36323	6.145928637124598e-07	False	False
SLC18A1+TPH1	HTR2A	other	0.00020395498722791672	False	0.00030175015087507544	0.0001927153594141453	3314	36323	0.00020334039436420426	False	0.00030184123151222455	0.0001927153594141453	3313	36323	6.145928637124598e-07	False	False
SLC18A1+TPH1	HTR4	other	0.0001939992798725143	False	0.00030175015087507544	0.0001651845937835531	3314	36323	0.00019338468700880185	False	0.00030184123151222455	0.0001651845937835531	3313	36323	6.145928637124598e-07	False	False
SLC18A1+TPH1	HTR7	other	0.0002862118126358837	False	0.00030175015087507544	0.0005230845469812516	3314	36323	0.00028559721977217123	False	0.00030184123151222455	0.0005230845469812516	3313	36323	6.145928637124598e-07	False	False
SLC18A2+TPH1	HTR1F	other	0.0006870113138575107	False	0.0015087507543753772	0.00027530765630592185	3314	36323	0.0010646121518220752	False	0.0033202535466344703	0.00027530765630592185	3313	36323	-0.00037760083796456456	False	False
SLC18A2+TPH1	HTR2A	other	0.0005722866189898923	False	0.0015087507543753772	0.0001927153594141453	3314	36323	0.0009498874569544569	False	0.0033202535466344703	0.0001927153594141453	3313	36323	-0.00037760083796456456	False	False
SLC18A2+TPH1	HTR4	other	0.0005623309116344899	False	0.0015087507543753772	0.0001651845937835531	3314	36323	0.0009399317495990545	False	0.0033202535466344703	0.0001651845937835531	3313	36323	-0.00037760083796456456	False	False
SLC18A2+TPH1	HTR7	other	0.0006545434443978593	False	0.0015087507543753772	0.0005230845469812516	3314	36323	0.0010321442823624238	False	0.0033202535466344703	0.0005230845469812516	3313	36323	-0.00037760083796456456	False	False
SLC6A4+TPH1	HTR1F	other	0.0006870113138575107	False	0.0015087507543753772	0.00027530765630592185	3314	36323	0.00042702861537691206	False	0.0012073649260488982	0.00027530765630592185	3313	36323	0.00025998269848059863	False	False
SLC6A4+TPH1	HTR2A	other	0.0005722866189898923	False	0.0015087507543753772	0.0001927153594141453	3314	36323	0.0003123039205092937	False	0.0012073649260488982	0.0001927153594141453	3313	36323	0.00025998269848059863	False	False
SLC6A4+TPH1	HTR4	other	0.0005623309116344899	False	0.0015087507543753772	0.0001651845937835531	3314	36323	0.00030234821315389127	False	0.0012073649260488982	0.0001651845937835531	3313	36323	0.00025998269848059863	False	False
SLC6A4+TPH1	HTR7	other	0.0006545434443978593	False	0.0015087507543753772	0.0005230845469812516	3314	36323	0.00039456074591726065	False	0.0012073649260488982	0.0005230845469812516	3313	36323	0.00025998269848059863	False	False
SLIT1	ROBO1	other	0.0010480073106009513	False	0.0015087507543753772	0.0009635767970707265	3314	36323	0.00084927465650253	False	0.0012073649260488982	0.0009635767970707265	3313	36323	0.00019873265409842134	False	False
SLIT2	ROBO1	other	0.015517068735789508	False	0.04767652383826192	0.0009635767970707265	3314	36323	0.007958184171002358	False	0.026260187141563536	0.0009635767970707265	3313	36323	0.007558884564787149	False	False
SLIT2	ROBO2	other	0.015419673058204353	False	0.04767652383826192	0.0007433306720259891	3314	36323	0.007860788493417203	False	0.026260187141563536	0.0007433306720259891	3313	36323	0.007558884564787149	False	False
SLITRK1	PTPRD	other	0.001013862740364857	False	0.0006035003017501509	0.0012113536877460562	3314	36323	0.0011014135379809886	False	0.001509206157561123	0.0012113536877460562	3313	36323	-8.75507976161316e-05	False	False
SLITRK1	PTPRS	other	0.0007294263486983255	False	0.0006035003017501509	0.0006882691407648047	3314	36323	0.0008169771463144571	False	0.001509206157561123	0.0006882691407648047	3313	36323	-8.75507976161316e-05	False	False
SLITRK2	PTPRD	other	0.0011234579724259675	False	0.0009052504526252263	0.0012113536877460562	3314	36323	0.0017244607442989945	False	0.00392393600965892	0.0012113536877460562	3313	36323	-0.0006010027718730271	False	False
SLITRK2	PTPRS	other	0.0008390215807594359	False	0.0009052504526252263	0.0006882691407648047	3314	36323	0.001440024352632463	False	0.00392393600965892	0.0006882691407648047	3313	36323	-0.0006010027718730271	False	False
SLITRK4	OLR1	other	0.020295833703130484	False	0.030175015087507542	0.015169451862456294	3314	36323	0.035302561707794666	False	0.09719287654693631	0.015169451862456294	3313	36323	-0.015006728004664183	False	False
SLITRK4	PTPRS	other	0.008180562115740031	False	0.030175015087507542	0.0006882691407648047	3314	36323	0.023187290120404214	False	0.09719287654693631	0.0006882691407648047	3313	36323	-0.015006728004664183	False	False
SLITRK5	PTPRS	other	0.008108880545478314	False	0.032589016294508145	0.0006882691407648047	3314	36323	0.011055420327465981	False	0.04648354965288258	0.0006882691407648047	3313	36323	-0.002946539781987667	False	False
SLITRK6	PTPRS	other	0.02928214072016999	False	0.07905853952926976	0.0006882691407648047	3314	36323	0.027442944410722703	False	0.0748566254150317	0.0006882691407648047	3313	36323	0.0018391963094472885	False	False
SPN	SIGLEC1	other	0.006704669678583741	False	0.007845503922751962	0.004900476282245409	3314	36323	0.010040536057204008	False	0.01448837911258678	0.004900476282245409	3313	36323	-0.003335866378620267	False	False
SPP1	ITGA4+ITGB1	other	0.4711748957633972	True	0.37567893783946893	0.265782011397737	3314	36323	0.450122594833374	True	0.3302143072743737	0.265782011397737	3313	36323	0.021052300930023193	True	True
SPP1	ITGA9+ITGB1	other	0.22725960868410766	False	0.37567893783946893	0.003248630344409878	3314	36323	0.20620730775408447	False	0.3302143072743737	0.003248630344409878	3313	36323	0.021052300930023193	False	False
SRD5A1	AR	other	0.15886285190936178	False	0.4369342184671092	0.0008809845001789499	3314	36323	0.12470838462468237	False	0.36673709628735285	0.0008809845001789499	3313	36323	0.03415446728467941	False	False
SRD5A3	AR	other	0.09491403435822576	False	0.2788171394085697	0.0008809845001789499	3314	36323	0.12367510085459799	False	0.34953214609115607	0.0008809845001789499	3313	36323	-0.028761066496372223	False	False
SULT1A1	PPARA	other	0.09059786796569824	False	0.1191913095956548	0.06698235277923079	3314	36323	0.09028343856334686	False	0.12616963477210988	0.06698235277923079	3313	36323	0.0003144294023513794	False	False
SULT1A1	PPARD	other	0.06464967876672745	False	0.1191913095956548	0.03859813341409025	3314	36323	0.06433524936437607	False	0.12616963477210988	0.03859813341409025	3313	36323	0.0003144294023513794	False	False
SULT1A1	PPARG	other	0.04299729224294424	False	0.1191913095956548	0.012746744486964182	3314	36323	0.04268286284059286	False	0.12616963477210988	0.012746744486964182	3313	36323	0.0003144294023513794	False	False
TAX1BP3	ADGRB1	other	0.11011933273402974	False	0.3225709112854556	0.0010461690939625031	3314	36323	0.0875541169079952	False	0.2801086628433444	0.0010461690939625031	3313	36323	0.022565215826034546	False	False
TAX1BP3	ADGRB2	other	0.11053243349306285	False	0.3225709112854556	0.001624315172204939	3314	36323	0.08796721766702831	False	0.2801086628433444	0.001624315172204939	3313	36323	0.022565215826034546	False	False
TENM1	ADGRL1	other	0.018487588909920305	False	0.0024140012070006035	0.02029017426974644	3314	36323	0.018596502777654678	False	0.004225777241171144	0.02029017426974644	3313	36323	-0.00010891386773437262	False	False
TENM1	ADGRL2	other	0.0012552814441733062	False	0.0024140012070006035	0.0006332076095036203	3314	36323	0.0013641953119076788	False	0.004225777241171144	0.0006332076095036203	3313	36323	-0.00010891386773437262	False	False
TENM1	ADGRL3	other	0.0015304876142181456	False	0.0024140012070006035	0.0010461690939625031	3314	36323	0.0016394014819525182	False	0.004225777241171144	0.0010461690939625031	3313	36323	-0.00010891386773437262	False	False
TENM2	ADGRL1	other	0.024433400947600603	False	0.022631261315630657	0.02029017426974644	3314	36323	0.02549337549135089	False	0.026260187141563536	0.02029017426974644	3313	36323	-0.001059974543750286	False	False
TENM2	ADGRL2	other	0.007201093481853604	False	0.022631261315630657	0.0006332076095036203	3314	36323	0.00826106802560389	False	0.026260187141563536	0.0006332076095036203	3313	36323	-0.001059974543750286	False	False
TENM2	ADGRL3	other	0.007476299651898444	False	0.022631261315630657	0.0010461690939625031	3314	36323	0.00853627419564873	False	0.026260187141563536	0.0010461690939625031	3313	36323	-0.001059974543750286	False	False
TENM3	ADGRL1	other	0.018076974083669484	False	0.0018105009052504525	0.02029017426974644	3314	36323	0.021478173090144992	False	0.022638092363416844	0.02029017426974644	3313	36323	-0.003401199006475508	False	False
TENM3	ADGRL2	other	0.0008446666179224849	False	0.0018105009052504525	0.0006332076095036203	3314	36323	0.004245865624397993	False	0.022638092363416844	0.0006332076095036203	3313	36323	-0.003401199006475508	False	False
TENM3	ADGRL3	other	0.0011198727879673243	False	0.0018105009052504525	0.0010461690939625031	3314	36323	0.0045210717944428325	False	0.022638092363416844	0.0010461690939625031	3313	36323	-0.003401199006475508	False	False
TENM4	ADGRL1	other	0.03982591815292835	False	0.07573928786964393	0.02029017426974644	3314	36323	0.04285003803670406	False	0.09990944763054634	0.02029017426974644	3313	36323	-0.003024119883775711	False	False
TENM4	ADGRL2	other	0.022593610687181354	False	0.07573928786964393	0.0006332076095036203	3314	36323	0.025617730570957065	False	0.09990944763054634	0.0006332076095036203	3313	36323	-0.003024119883775711	False	False
TENM4	ADGRL3	other	0.022868816857226193	False	0.07573928786964393	0.0010461690939625031	3314	36323	0.025892936741001904	False	0.09990944763054634	0.0010461690939625031	3313	36323	-0.003024119883775711	False	False
TF	TFR2	other	0.007722917245700955	False	0.01388050694025347	0.005616276188640806	3314	36323	0.011903439648449421	False	0.027467552067612436	0.005616276188640806	3313	36323	-0.0041805224027484655	False	False
TF	TFRC	other	0.1883154131937772	False	0.01388050694025347	0.20309445805687856	3314	36323	0.19249593559652567	False	0.027467552067612436	0.20309445805687856	3313	36323	-0.0041805224027484655	False	False
TGFA	EGFR	other	0.14742157282307744	False	0.38442969221484613	0.004845414750984225	3314	36323	0.08234931202605367	False	0.24781165107153638	0.004845414750984225	3313	36323	0.06507226079702377	False	False
TGFB1	ACVR1+TGFBR2	other	0.07678811997175217	False	0.14665057332528667	0.040855656195798805	3314	36323	0.07502426579594612	False	0.14428010866284335	0.040855656195798805	3313	36323	0.0017638541758060455	False	False
TGFB1	ITGAV+ITGB6	other	0.0444172389106825	False	0.14665057332528667	0.0012664152190072406	3314	36323	0.042653384734876454	False	0.14428010866284335	0.0012664152190072406	3313	36323	0.0017638541758060455	False	False
TGFB1	TGFBR1+TGFBR2	other	0.10904057323932648	False	0.14665057332528667	0.07526911323403904	3314	36323	0.10727671906352043	False	0.14428010866284335	0.07526911323403904	3313	36323	0.0017638541758060455	False	False
TGFB1	TGFBR3	other	0.14404910057783127	True	0.14665057332528667	0.1053602400682763	3314	36323	0.14228524640202522	True	0.14428010866284335	0.1053602400682763	3313	36323	0.0017638541758060455	True	True
TGFB2	ACVR1+TGFBR2	other	0.03980327909812331	False	0.018406759203379603	0.040855656195798805	3314	36323	0.03891318058595061	False	0.01780863265922125	0.040855656195798805	3313	36323	0.000890098512172699	False	False
TGFB2	TGFBR1+TGFBR2	other	0.07205573236569762	False	0.018406759203379603	0.07526911323403904	3314	36323	0.07116563385352492	False	0.01780863265922125	0.07526911323403904	3313	36323	0.000890098512172699	False	False
TGFB2	TGFBR3	other	0.10706425970420241	False	0.018406759203379603	0.1053602400682763	3314	36323	0.10617416119202971	False	0.01780863265922125	0.1053602400682763	3313	36323	0.000890098512172699	False	False
TGFB3	ACVR1+TGFBR2	other	0.03650606865994632	False	0.01056125528062764	0.040855656195798805	3314	36323	0.03692720108665526	False	0.014186537881074554	0.040855656195798805	3313	36323	-0.0004211324267089367	False	False
TGFB3	ITGAV+ITGB6	other	0.004135187598876655	False	0.01056125528062764	0.0012664152190072406	3314	36323	0.004556320025585592	False	0.014186537881074554	0.0012664152190072406	3313	36323	-0.0004211324267089367	False	False
TGFB3	ITGAV+ITGB8	other	0.009230711264535785	False	0.01056125528062764	0.008038983564132919	3314	36323	0.009651843691244721	False	0.014186537881074554	0.008038983564132919	3313	36323	-0.0004211324267089367	False	False
TGFB3	TGFBR1+TGFBR2	other	0.06875852192752063	False	0.01056125528062764	0.07526911323403904	3314	36323	0.06917965435422957	False	0.014186537881074554	0.07526911323403904	3313	36323	-0.0004211324267089367	False	False
TGFB3	TGFBR3	other	0.10376704926602542	False	0.01056125528062764	0.1053602400682763	3314	36323	0.10418818169273436	False	0.014186537881074554	0.1053602400682763	3313	36323	-0.0004211324267089367	False	False
TGM2	ADGRG1	other	0.27906421571969986	True	0.18980084490042246	0.11293120061668915	3314	36323	0.2531399205327034	True	0.1795955327497736	0.11293120061668915	3313	36323	0.02592429518699646	True	True
THBS1	CD36	other	0.06107782991603017	False	0.16022933011466506	0.0041020840789582355	3314	36323	0.04687782423570752	False	0.1313009357078177	0.0041020840789582355	3313	36323	0.014200005680322647	False	False
THBS1	ITGA3+ITGB1	other	0.06895316671580076	False	0.16022933011466506	0.013297359799576027	3314	36323	0.054753161035478115	False	0.1313009357078177	0.013297359799576027	3313	36323	0.014200005680322647	False	False
THBS2	CD36	other	0.0037254684139043093	False	0.0018105009052504525	0.0041020840789582355	3314	36323	0.003436237864661962	False	0.0018110473890733474	0.0041020840789582355	3313	36323	0.0002892305492423475	False	False
THY1	ADGRE2	other	0.003467743983492255	False	0.0030175015087507543	0.0028907303912121796	3314	36323	0.0064788812305778265	False	0.014790220344099004	0.0028907303912121796	3313	36323	-0.0030111372470855713	False	False
THY1	ADGRE5	other	0.33408893505111337	False	0.0030175015087507543	0.34509814717947307	3314	36323	0.33710007229819894	False	0.014790220344099004	0.34509814717947307	3313	36323	-0.0030111372470855713	False	False
THY1	ITGAM+ITGB2	other	0.022478558588773012	False	0.0030175015087507543	0.023841643036092833	3314	36323	0.025489695835858583	False	0.014790220344099004	0.023841643036092833	3313	36323	-0.0030111372470855713	False	False
THY1	ITGAX+ITGB2	other	0.025762711185961962	False	0.0030175015087507543	0.02769595022437574	3314	36323	0.028773848433047533	False	0.014790220344099004	0.02769595022437574	3313	36323	-0.0030111372470855713	False	False
TNC	ITGA4+ITGB1	other	0.25578590109944344	False	0.020217260108630054	0.265782011397737	3314	36323	0.27886730432510376	False	0.07334741925747057	0.265782011397737	3313	36323	-0.023081403225660324	False	False
TNC	ITGA8+ITGB1	other	0.009685060824267566	False	0.020217260108630054	0.00027530765630592185	3314	36323	0.03276646404992789	False	0.07334741925747057	0.00027530765630592185	3313	36323	-0.023081403225660324	False	False
TNC	ITGA9+ITGB1	other	0.01187061402015388	False	0.020217260108630054	0.003248630344409878	3314	36323	0.034952017245814204	False	0.07334741925747057	0.003248630344409878	3313	36323	-0.023081403225660324	False	False
TNC	ITGAV+ITGB6	other	0.010567288030870259	False	0.020217260108630054	0.0012664152190072406	3314	36323	0.03364869125653058	False	0.07334741925747057	0.0012664152190072406	3313	36323	-0.023081403225660324	False	False
TNF	TNFRSF1A	other	0.0701860822737217	False	0.02715751357875679	0.07196542135836798	3314	36323	0.07099587935954332	False	0.02897675822517356	0.07196542135836798	3313	36323	-0.0008097970858216286	False	False
TNF	TNFRSF1B	other	0.40481920167803764	False	0.02715751357875679	0.3964705558461581	3314	36323	0.40562899876385927	False	0.02897675822517356	0.3964705558461581	3313	36323	-0.0008097970858216286	False	False
TNFSF10	TNFRSF10A	other	0.46231653541326523	False	0.6309595654797827	0.07780194367205352	3314	36323	0.3550514206290245	False	0.5049803803199517	0.07780194367205352	3313	36323	0.10726511478424072	False	False
TNFSF10	TNFRSF10B	other	0.42516542598605156	False	0.6309595654797827	0.03909368719544091	3314	36323	0.31790031120181084	False	0.5049803803199517	0.03909368719544091	3313	36323	0.10726511478424072	False	False
TNFSF10	TNFRSF10C	other	0.392812514124671	False	0.6309595654797827	0.0005781460782424359	3314	36323	0.2855473993404303	False	0.5049803803199517	0.0005781460782424359	3313	36323	0.10726511478424072	False	False
TNFSF10	TNFRSF10D	other	0.40453494153916836	False	0.6309595654797827	0.01371032128403491	3314	36323	0.29726982675492764	False	0.5049803803199517	0.01371032128403491	3313	36323	0.10726511478424072	False	False
TNFSF10	TNFRSF11B	other	0.3925654405466048	False	0.6309595654797827	0.00027530765630592185	3314	36323	0.2853003257623641	False	0.5049803803199517	0.00027530765630592185	3313	36323	0.10726511478424072	False	False
TNFSF11	TNFRSF11A	other	0.004858629545196891	False	0.004526252263126132	0.003854307188282906	3314	36323	0.011652994435280561	False	0.026863869604587986	0.003854307188282906	3313	36323	-0.006794364890083671	False	False
TNFSF11	TNFRSF11B	other	0.0021843169088242576	False	0.004526252263126132	0.00027530765630592185	3314	36323	0.008978681798907928	False	0.026863869604587986	0.00027530765630592185	3313	36323	-0.006794364890083671	False	False
TNFSF12	TNFRSF12A	other	0.021695438772439957	False	0.05944477972238986	0.009222806486248382	3314	36323	0.02509393636137247	False	0.06610322970117719	0.009222806486248382	3313	36323	-0.003398497588932514	False	False
TNFSF12	TNFRSF25	other	0.12069908250123262	False	0.05944477972238986	0.12127302260275859	3314	36323	0.12409758009016514	False	0.06610322970117719	0.12127302260275859	3313	36323	-0.003398497588932514	False	False
TNFSF13	TNFRSF13B	other	0.0019203833217034116	False	0.0012070006035003018	0.0021473997191861906	3314	36323	0.002150855492800474	False	0.0024147298520977964	0.0021473997191861906	3313	36323	-0.00023047217109706253	False	False
TNFSF13	TNFRSF17	other	0.0004411926929606125	False	0.0012070006035003018	0.00030283842193651404	3314	36323	0.000671664864057675	False	0.0024147298520977964	0.00030283842193651404	3313	36323	-0.00023047217109706253	False	False
TNFSF13B	TNFRSF13B	other	0.009971360675990582	False	0.030175015087507542	0.0021473997191861906	3314	36323	0.010308019816875458	False	0.026562028373075763	0.0021473997191861906	3313	36323	-0.00033665914088487625	False	False
TNFSF13B	TNFRSF13C	other	0.018630393780767918	False	0.030175015087507542	0.012306252236874708	3314	36323	0.018967052921652794	False	0.026562028373075763	0.012306252236874708	3313	36323	-0.00033665914088487625	False	False
TNFSF13B	TNFRSF17	other	0.008492170047247782	False	0.030175015087507542	0.00030283842193651404	3314	36323	0.008828829188132659	False	0.026562028373075763	0.00030283842193651404	3313	36323	-0.00033665914088487625	False	False
TNFSF14	LTBR	other	0.019802871625870466	False	0.04133977066988533	0.009277868017509567	3314	36323	0.018481955397874117	False	0.031995170540295804	0.009277868017509567	3313	36323	0.0013209162279963493	False	False
TNFSF14	TNFRSF14	other	0.10127816069871187	False	0.04133977066988533	0.10425900944305261	3314	36323	0.09995724447071552	False	0.031995170540295804	0.10425900944305261	3313	36323	0.0013209162279963493	False	False
TNFSF15	TNFRSF25	other	0.11590771656483412	False	0.040132770066385035	0.12127302260275859	3314	36323	0.11824066657572985	False	0.04738907334741926	0.12127302260275859	3313	36323	-0.002332950010895729	False	False
TNFSF4	TNFRSF4	other	0.08478689100593328	False	0.04767652383826192	0.07615009773421799	3314	36323	0.08118361886590719	False	0.036824630244491396	0.07615009773421799	3313	36323	0.0036032721400260925	False	False
TNFSF8	TNFRSF8	other	0.012029390083625913	False	0.0009052504526252263	0.015720067175068138	3314	36323	0.013164055650122464	False	0.002112888620585572	0.015720067175068138	3313	36323	-0.001134665566496551	False	False
TNFSF9	TNFRSF9	other	0.17243356257677078	True	0.14453832226916113	0.12097018418082207	3314	36323	0.15392399951815605	True	0.11077573196498641	0.12097018418082207	3313	36323	0.01850956305861473	True	True
TSLP	CRLF2+IL7R	other	0.0056365804630331695	False	0.019613759806879905	0.0007433306720259891	3314	36323	0.020282737154047936	False	0.07847872019317839	0.0007433306720259891	3313	36323	-0.014646156691014767	False	False
UBASH3B	ESR1	other	0.022265444742515683	False	0.06487628243814123	0.0023951766098615204	3314	36323	0.02650078688748181	False	0.08028976758225173	0.0023951766098615204	3313	36323	-0.0042353421449661255	False	False
UBASH3B	NR1I2	other	0.020425773895112798	False	0.06487628243814123	0.00022024612504473748	3314	36323	0.024661116040078923	False	0.08028976758225173	0.00022024612504473748	3313	36323	-0.0042353421449661255	False	False
UBASH3B	PPARA	other	0.07776200026273727	False	0.06487628243814123	0.06698235277923079	3314	36323	0.0819973424077034	False	0.08028976758225173	0.06698235277923079	3313	36323	-0.0042353421449661255	False	False
UCN	CRHR1	other	0.0010162103571929038	False	0.004224502112251056	0.00013765382815296093	3314	36323	0.001579138683155179	False	0.008149713250830063	0.00013765382815296093	3313	36323	-0.0005629283259622753	False	False
UNC5A	ADGRL3	other	0.003999919514171779	False	0.012371756185878094	0.0010461690939625031	3314	36323	0.002444956451654434	False	0.005131300935707818	0.0010461690939625031	3313	36323	0.001554963062517345	False	False
VCAM1	ITGA4+ITGB1	other	0.2479665206046775	False	0.004224502112251056	0.265782011397737	3314	36323	0.24959439528174698	False	0.012979172955025656	0.265782011397737	3313	36323	-0.0016278746770694852	False	False
VCAM1	ITGA4+ITGB7	other	0.18362344068009406	False	0.004224502112251056	0.20342482724444566	3314	36323	0.18525131535716355	False	0.012979172955025656	0.20342482724444566	3313	36323	-0.0016278746770694852	False	False
VCAM1	ITGA9+ITGB1	other	0.004051233525387943	False	0.004224502112251056	0.003248630344409878	3314	36323	0.005679108202457428	False	0.012979172955025656	0.003248630344409878	3313	36323	-0.0016278746770694852	False	False
VCAM1	ITGAD+ITGB2	other	0.0025103517109528184	False	0.004224502112251056	0.0009911075627013187	3314	36323	0.004138226388022304	False	0.012979172955025656	0.0009911075627013187	3313	36323	-0.0016278746770694852	False	False
VEGFA	FLT1	other	0.6795983165502548	False	0.8219674109837055	0.016683643972138864	3314	36323	0.4863754063844681	False	0.6894053727739209	0.016683643972138864	3313	36323	0.19322291016578674	False	False
VEGFA	FLT1+KDR	other	0.6655335375689901	False	0.8219674109837055	0.00027530765630592185	3314	36323	0.4723106274032034	False	0.6894053727739209	0.00027530765630592185	3313	36323	0.19322291016578674	False	False
VEGFA	KDR	other	0.6655335375689901	False	0.8219674109837055	0.00027530765630592185	3314	36323	0.4723106274032034	False	0.6894053727739209	0.00027530765630592185	3313	36323	0.19322291016578674	False	False
VEGFA	NRP1	other	0.6676984229125082	False	0.8219674109837055	0.0030834457506263247	3314	36323	0.4744755127467215	False	0.6894053727739209	0.0030834457506263247	3313	36323	0.19322291016578674	False	False
VEGFA	NRP2	other	0.6682310705073178	False	0.8219674109837055	0.003744184125760537	3314	36323	0.47500816034153104	False	0.6894053727739209	0.003744184125760537	3313	36323	0.19322291016578674	False	False
VEGFB	FLT1	other	0.20337505638599396	False	0.49185274592637296	0.016683643972138864	3314	36323	0.20321588218212128	False	0.495925143374585	0.016683643972138864	3313	36323	0.00015917420387268066	False	False
VEGFB	FLT1+KDR	other	0.18931027740472928	False	0.49185274592637296	0.00027530765630592185	3314	36323	0.1891511032008566	False	0.495925143374585	0.00027530765630592185	3313	36323	0.00015917420387268066	False	False
VEGFB	NRP1	other	0.19147516274824739	False	0.49185274592637296	0.0030834457506263247	3314	36323	0.1913159885443747	False	0.495925143374585	0.0030834457506263247	3313	36323	0.00015917420387268066	False	False
VEGFD	FLT4	other	0.004523554933257401	False	0.0051297525648762825	0.0030283842193651405	3314	36323	0.005541872465983033	False	0.011771808028976758	0.0030283842193651405	3313	36323	-0.0010183175327256322	False	False
VEGFD	KDR	other	0.001856533286627382	False	0.0051297525648762825	0.00027530765630592185	3314	36323	0.0028748508193530142	False	0.011771808028976758	0.00027530765630592185	3313	36323	-0.0010183175327256322	False	False
VTN	ITGAV+ITGB1	other	0.023304059403017163	False	0.0009052504526252263	0.027916196349420476	3314	36323	0.023019087842840236	False	0.00030184123151222455	0.027916196349420476	3313	36323	0.0002849715601769276	False	False
WNT10A	FRZB	other	0.018579708819743246	False	0.04888352444176222	0.00022024612504473748	3314	36323	0.010404662636574358	False	0.027165710836100213	0.00022024612504473748	3313	36323	0.008175046183168888	False	False
WNT10A	FZD1+LRP5	other	0.020267856074497104	False	0.04888352444176222	0.002808138094320403	3314	36323	0.012092809891328216	False	0.027165710836100213	0.002808138094320403	3313	36323	0.008175046183168888	False	False
WNT10A	FZD1+LRP6	other	0.020267856074497104	False	0.04888352444176222	0.002808138094320403	3314	36323	0.012092809891328216	False	0.027165710836100213	0.002808138094320403	3313	36323	0.008175046183168888	False	False
WNT10A	FZD5+LRP5	other	0.02009671286214143	False	0.04888352444176222	0.0023401150786003357	3314	36323	0.011921666678972542	False	0.027165710836100213	0.0023401150786003357	3313	36323	0.008175046183168888	False	False
WNT10A	FZD5+LRP6	other	0.02009671286214143	False	0.04888352444176222	0.0023401150786003357	3314	36323	0.011921666678972542	False	0.027165710836100213	0.0023401150786003357	3313	36323	0.008175046183168888	False	False
WNT10A	FZD7+LRP5	other	0.02276230277493596	False	0.04888352444176222	0.0057263992511631745	3314	36323	0.014587256591767073	False	0.027165710836100213	0.0057263992511631745	3313	36323	0.008175046183168888	False	False
WNT10A	FZD7+LRP6	other	0.02171510853804648	False	0.04888352444176222	0.004239737907111196	3314	36323	0.013540062354877591	False	0.027165710836100213	0.004239737907111196	3313	36323	0.008175046183168888	False	False
WNT10A	FZD8+LRP5	other	0.01988585840445012	False	0.04888352444176222	0.0020097458910332297	3314	36323	0.01171081222128123	False	0.027165710836100213	0.0020097458910332297	3313	36323	0.008175046183168888	False	False
WNT10A	FZD8+LRP6	other	0.01988585840445012	False	0.04888352444176222	0.0020097458910332297	3314	36323	0.01171081222128123	False	0.027165710836100213	0.0020097458910332297	3313	36323	0.008175046183168888	False	False
WNT16	FRZB	other	0.0008493231725879014	False	0.0024140012070006035	0.00022024612504473748	3314	36323	0.0007500463980250061	False	0.0024147298520977964	0.00022024612504473748	3313	36323	9.92767745628953e-05	False	False
WNT16	FZD1+LRP5	other	0.002537470427341759	False	0.0024140012070006035	0.002808138094320403	3314	36323	0.002438193652778864	False	0.0024147298520977964	0.002808138094320403	3313	36323	9.92767745628953e-05	False	False
WNT16	FZD1+LRP6	other	0.002537470427341759	False	0.0024140012070006035	0.002808138094320403	3314	36323	0.002438193652778864	False	0.0024147298520977964	0.002808138094320403	3313	36323	9.92767745628953e-05	False	False
WNT16	FZD2+LRP5	other	0.0013357623829506338	False	0.0024140012070006035	0.0009085152658095422	3314	36323	0.0012364856083877385	False	0.0024147298520977964	0.0009085152658095422	3313	36323	9.92767745628953e-05	False	False
WNT16	FZD2+LRP6	other	0.0013357623829506338	False	0.0024140012070006035	0.0009085152658095422	3314	36323	0.0012364856083877385	False	0.0024147298520977964	0.0009085152658095422	3313	36323	9.92767745628953e-05	False	False
WNT16	FZD3+LRP5	other	0.005031917127780616	False	0.0024140012070006035	0.0057263992511631745	3314	36323	0.004932640353217721	False	0.0024147298520977964	0.0057263992511631745	3313	36323	9.92767745628953e-05	False	False
WNT16	FZD3+LRP6	other	0.003984722890891135	False	0.0024140012070006035	0.004239737907111196	3314	36323	0.0038854461163282394	False	0.0024147298520977964	0.004239737907111196	3313	36323	9.92767745628953e-05	False	False
WNT16	FZD4+LRP5	other	0.000980251730652526	False	0.0024140012070006035	0.0004129614844588828	3314	36323	0.0008809749560896307	False	0.0024147298520977964	0.0004129614844588828	3313	36323	9.92767745628953e-05	False	False
WNT16	FZD4+LRP6	other	0.000980251730652526	False	0.0024140012070006035	0.0004129614844588828	3314	36323	0.0008809749560896307	False	0.0024147298520977964	0.0004129614844588828	3313	36323	9.92767745628953e-05	False	False
WNT16	FZD5+LRP5	other	0.002366327214986086	False	0.0024140012070006035	0.0023401150786003357	3314	36323	0.0022670504404231906	False	0.0024147298520977964	0.0023401150786003357	3313	36323	9.92767745628953e-05	False	False
WNT16	FZD5+LRP6	other	0.002366327214986086	False	0.0024140012070006035	0.0023401150786003357	3314	36323	0.0022670504404231906	False	0.0024147298520977964	0.0023401150786003357	3313	36323	9.92767745628953e-05	False	False
WNT16	FZD6+LRP5	other	0.005031917127780616	False	0.0024140012070006035	0.0057263992511631745	3314	36323	0.004932640353217721	False	0.0024147298520977964	0.0057263992511631745	3313	36323	9.92767745628953e-05	False	False
WNT16	FZD6+LRP6	other	0.003984722890891135	False	0.0024140012070006035	0.004239737907111196	3314	36323	0.0038854461163282394	False	0.0024147298520977964	0.004239737907111196	3313	36323	9.92767745628953e-05	False	False
WNT16	FZD7+LRP5	other	0.005031917127780616	False	0.0024140012070006035	0.0057263992511631745	3314	36323	0.004932640353217721	False	0.0024147298520977964	0.0057263992511631745	3313	36323	9.92767745628953e-05	False	False
WNT16	FZD7+LRP6	other	0.003984722890891135	False	0.0024140012070006035	0.004239737907111196	3314	36323	0.0038854461163282394	False	0.0024147298520977964	0.004239737907111196	3313	36323	9.92767745628953e-05	False	False
WNT16	FZD8+LRP5	other	0.002155472757294774	False	0.0024140012070006035	0.0020097458910332297	3314	36323	0.0020561959827318788	False	0.0024147298520977964	0.0020097458910332297	3313	36323	9.92767745628953e-05	False	False
WNT16	FZD8+LRP6	other	0.002155472757294774	False	0.0024140012070006035	0.0020097458910332297	3314	36323	0.0020561959827318788	False	0.0024147298520977964	0.0020097458910332297	3313	36323	9.92767745628953e-05	False	False
WNT16	SFRP1	other	0.0010537821217440069	False	0.0024140012070006035	0.0005230845469812516	3314	36323	0.0009545053471811116	False	0.0024147298520977964	0.0005230845469812516	3313	36323	9.92767745628953e-05	False	False
WNT16	SFRP2	other	0.0013927751570008695	False	0.0024140012070006035	0.0009085152658095422	3314	36323	0.0012934983824379742	False	0.0024147298520977964	0.0009085152658095422	3313	36323	9.92767745628953e-05	False	False
WNT16	SFRP4	other	0.0009097728470806032	False	0.0024140012070006035	0.00030283842193651404	3314	36323	0.0008104960725177079	False	0.0024147298520977964	0.00030283842193651404	3313	36323	9.92767745628953e-05	False	False
WNT16	SFRP5	other	0.0008419179066549987	False	0.0024140012070006035	0.0001651845937835531	3314	36323	0.0007426411320921034	False	0.0024147298520977964	0.0001651845937835531	3313	36323	9.92767745628953e-05	False	False
WNT2B	FRZB	other	0.02921171154594049	False	0.0995775497887749	0.00022024612504473748	3314	36323	0.021208921854849905	False	0.07998792635073951	0.00022024612504473748	3313	36323	0.008002789691090584	False	False
WNT2B	FZD1+LRP5	other	0.030899858800694346	False	0.0995775497887749	0.002808138094320403	3314	36323	0.022897069109603763	False	0.07998792635073951	0.002808138094320403	3313	36323	0.008002789691090584	False	False
WNT2B	FZD1+LRP6	other	0.030899858800694346	False	0.0995775497887749	0.002808138094320403	3314	36323	0.022897069109603763	False	0.07998792635073951	0.002808138094320403	3313	36323	0.008002789691090584	False	False
WNT2B	FZD2+LRP5	other	0.02969815075630322	False	0.0995775497887749	0.0009085152658095422	3314	36323	0.021695361065212637	False	0.07998792635073951	0.0009085152658095422	3313	36323	0.008002789691090584	False	False
WNT2B	FZD2+LRP6	other	0.02969815075630322	False	0.0995775497887749	0.0009085152658095422	3314	36323	0.021695361065212637	False	0.07998792635073951	0.0009085152658095422	3313	36323	0.008002789691090584	False	False
WNT2B	FZD3+LRP5	other	0.033394305501133204	False	0.0995775497887749	0.0057263992511631745	3314	36323	0.02539151581004262	False	0.07998792635073951	0.0057263992511631745	3313	36323	0.008002789691090584	False	False
WNT2B	FZD3+LRP6	other	0.03234711126424372	False	0.0995775497887749	0.004239737907111196	3314	36323	0.024344321573153138	False	0.07998792635073951	0.004239737907111196	3313	36323	0.008002789691090584	False	False
WNT2B	FZD4+LRP5	other	0.029342640104005113	False	0.0995775497887749	0.0004129614844588828	3314	36323	0.02133985041291453	False	0.07998792635073951	0.0004129614844588828	3313	36323	0.008002789691090584	False	False
WNT2B	FZD4+LRP6	other	0.029342640104005113	False	0.0995775497887749	0.0004129614844588828	3314	36323	0.02133985041291453	False	0.07998792635073951	0.0004129614844588828	3313	36323	0.008002789691090584	False	False
WNT2B	FZD5+LRP5	other	0.030728715588338673	False	0.0995775497887749	0.0023401150786003357	3314	36323	0.02272592589724809	False	0.07998792635073951	0.0023401150786003357	3313	36323	0.008002789691090584	False	False
WNT2B	FZD5+LRP6	other	0.030728715588338673	False	0.0995775497887749	0.0023401150786003357	3314	36323	0.02272592589724809	False	0.07998792635073951	0.0023401150786003357	3313	36323	0.008002789691090584	False	False
WNT2B	FZD6+LRP5	other	0.033394305501133204	False	0.0995775497887749	0.0057263992511631745	3314	36323	0.02539151581004262	False	0.07998792635073951	0.0057263992511631745	3313	36323	0.008002789691090584	False	False
WNT2B	FZD6+LRP6	other	0.03234711126424372	False	0.0995775497887749	0.004239737907111196	3314	36323	0.024344321573153138	False	0.07998792635073951	0.004239737907111196	3313	36323	0.008002789691090584	False	False
WNT2B	FZD7+LRP5	other	0.033394305501133204	False	0.0995775497887749	0.0057263992511631745	3314	36323	0.02539151581004262	False	0.07998792635073951	0.0057263992511631745	3313	36323	0.008002789691090584	False	False
WNT2B	FZD7+LRP6	other	0.03234711126424372	False	0.0995775497887749	0.004239737907111196	3314	36323	0.024344321573153138	False	0.07998792635073951	0.004239737907111196	3313	36323	0.008002789691090584	False	False
WNT2B	FZD8+LRP5	other	0.03051786113064736	False	0.0995775497887749	0.0020097458910332297	3314	36323	0.022515071439556777	False	0.07998792635073951	0.0020097458910332297	3313	36323	0.008002789691090584	False	False
WNT2B	FZD8+LRP6	other	0.03051786113064736	False	0.0995775497887749	0.0020097458910332297	3314	36323	0.022515071439556777	False	0.07998792635073951	0.0020097458910332297	3313	36323	0.008002789691090584	False	False
WNT2B	SFRP1	other	0.029416170495096594	False	0.0995775497887749	0.0005230845469812516	3314	36323	0.02141338080400601	False	0.07998792635073951	0.0005230845469812516	3313	36323	0.008002789691090584	False	False
WNT2B	SFRP2	other	0.029755163530353457	False	0.0995775497887749	0.0009085152658095422	3314	36323	0.021752373839262873	False	0.07998792635073951	0.0009085152658095422	3313	36323	0.008002789691090584	False	False
WNT2B	SFRP4	other	0.02927216122043319	False	0.0995775497887749	0.00030283842193651404	3314	36323	0.021269371529342607	False	0.07998792635073951	0.00030283842193651404	3313	36323	0.008002789691090584	False	False
WNT2B	SFRP5	other	0.029204306280007586	False	0.0995775497887749	0.0001651845937835531	3314	36323	0.021201516588917002	False	0.07998792635073951	0.0001651845937835531	3313	36323	0.008002789691090584	False	False
WNT3	FRZB	other	0.022883421217557043	False	0.08811104405552203	0.00022024612504473748	3314	36323	0.024742223729845136	False	0.09387262300030184	0.00022024612504473748	3313	36323	-0.0018588025122880936	False	False
WNT3	FZD1+LRP5	other	0.0245715684723109	False	0.08811104405552203	0.002808138094320403	3314	36323	0.026430370984598994	False	0.09387262300030184	0.002808138094320403	3313	36323	-0.0018588025122880936	False	False
WNT3	FZD1+LRP6	other	0.0245715684723109	False	0.08811104405552203	0.002808138094320403	3314	36323	0.026430370984598994	False	0.09387262300030184	0.002808138094320403	3313	36323	-0.0018588025122880936	False	False
WNT3	FZD2+LRP5	other	0.023369860427919775	False	0.08811104405552203	0.0009085152658095422	3314	36323	0.02522866294020787	False	0.09387262300030184	0.0009085152658095422	3313	36323	-0.0018588025122880936	False	False
WNT3	FZD2+LRP6	other	0.023369860427919775	False	0.08811104405552203	0.0009085152658095422	3314	36323	0.02522866294020787	False	0.09387262300030184	0.0009085152658095422	3313	36323	-0.0018588025122880936	False	False
WNT3	FZD3+LRP5	other	0.027066015172749758	False	0.08811104405552203	0.0057263992511631745	3314	36323	0.02892481768503785	False	0.09387262300030184	0.0057263992511631745	3313	36323	-0.0018588025122880936	False	False
WNT3	FZD3+LRP6	other	0.026018820935860276	False	0.08811104405552203	0.004239737907111196	3314	36323	0.02787762344814837	False	0.09387262300030184	0.004239737907111196	3313	36323	-0.0018588025122880936	False	False
WNT3	FZD4+LRP5	other	0.023014349775621668	False	0.08811104405552203	0.0004129614844588828	3314	36323	0.02487315228790976	False	0.09387262300030184	0.0004129614844588828	3313	36323	-0.0018588025122880936	False	False
WNT3	FZD4+LRP6	other	0.023014349775621668	False	0.08811104405552203	0.0004129614844588828	3314	36323	0.02487315228790976	False	0.09387262300030184	0.0004129614844588828	3313	36323	-0.0018588025122880936	False	False
WNT3	FZD5+LRP5	other	0.024400425259955227	False	0.08811104405552203	0.0023401150786003357	3314	36323	0.02625922777224332	False	0.09387262300030184	0.0023401150786003357	3313	36323	-0.0018588025122880936	False	False
WNT3	FZD5+LRP6	other	0.024400425259955227	False	0.08811104405552203	0.0023401150786003357	3314	36323	0.02625922777224332	False	0.09387262300030184	0.0023401150786003357	3313	36323	-0.0018588025122880936	False	False
WNT3	FZD6+LRP5	other	0.027066015172749758	False	0.08811104405552203	0.0057263992511631745	3314	36323	0.02892481768503785	False	0.09387262300030184	0.0057263992511631745	3313	36323	-0.0018588025122880936	False	False
WNT3	FZD6+LRP6	other	0.026018820935860276	False	0.08811104405552203	0.004239737907111196	3314	36323	0.02787762344814837	False	0.09387262300030184	0.004239737907111196	3313	36323	-0.0018588025122880936	False	False
WNT3	FZD7+LRP5	other	0.027066015172749758	False	0.08811104405552203	0.0057263992511631745	3314	36323	0.02892481768503785	False	0.09387262300030184	0.0057263992511631745	3313	36323	-0.0018588025122880936	False	False
WNT3	FZD7+LRP6	other	0.026018820935860276	False	0.08811104405552203	0.004239737907111196	3314	36323	0.02787762344814837	False	0.09387262300030184	0.004239737907111196	3313	36323	-0.0018588025122880936	False	False
WNT3	FZD8+LRP5	other	0.024189570802263916	False	0.08811104405552203	0.0020097458910332297	3314	36323	0.02604837331455201	False	0.09387262300030184	0.0020097458910332297	3313	36323	-0.0018588025122880936	False	False
WNT3	FZD8+LRP6	other	0.024189570802263916	False	0.08811104405552203	0.0020097458910332297	3314	36323	0.02604837331455201	False	0.09387262300030184	0.0020097458910332297	3313	36323	-0.0018588025122880936	False	False
WNT3	FZD8+RYK	other	0.024189570802263916	False	0.08811104405552203	0.0020097458910332297	3314	36323	0.02604837331455201	False	0.09387262300030184	0.0020097458910332297	3313	36323	-0.0018588025122880936	False	False
WNT3	SFRP1	other	0.02308788016671315	False	0.08811104405552203	0.0005230845469812516	3314	36323	0.024946682679001242	False	0.09387262300030184	0.0005230845469812516	3313	36323	-0.0018588025122880936	False	False
WNT3	SFRP2	other	0.02342687320197001	False	0.08811104405552203	0.0009085152658095422	3314	36323	0.025285675714258105	False	0.09387262300030184	0.0009085152658095422	3313	36323	-0.0018588025122880936	False	False
WNT3	SFRP4	other	0.022943870892049745	False	0.08811104405552203	0.00030283842193651404	3314	36323	0.02480267340433784	False	0.09387262300030184	0.00030283842193651404	3313	36323	-0.0018588025122880936	False	False
WNT3	SFRP5	other	0.02287601595162414	False	0.08811104405552203	0.0001651845937835531	3314	36323	0.024734818463912234	False	0.09387262300030184	0.0001651845937835531	3313	36323	-0.0018588025122880936	False	False
WNT3A	FRZB	other	0.006265857664402574	False	0.02444176222088111	0.00022024612504473748	3314	36323	0.009249451977666467	False	0.040144883791125865	0.00022024612504473748	3313	36323	-0.002983594313263893	False	False
WNT3A	FZD1+LRP5	other	0.007954004919156432	False	0.02444176222088111	0.002808138094320403	3314	36323	0.010937599232420325	False	0.040144883791125865	0.002808138094320403	3313	36323	-0.002983594313263893	False	False
WNT3A	FZD1+LRP6	other	0.007954004919156432	False	0.02444176222088111	0.002808138094320403	3314	36323	0.010937599232420325	False	0.040144883791125865	0.002808138094320403	3313	36323	-0.002983594313263893	False	False
WNT3A	FZD2+LRP5	other	0.006752296874765307	False	0.02444176222088111	0.0009085152658095422	3314	36323	0.0097358911880292	False	0.040144883791125865	0.0009085152658095422	3313	36323	-0.002983594313263893	False	False
WNT3A	FZD2+LRP6	other	0.006752296874765307	False	0.02444176222088111	0.0009085152658095422	3314	36323	0.0097358911880292	False	0.040144883791125865	0.0009085152658095422	3313	36323	-0.002983594313263893	False	False
WNT3A	FZD3+LRP5	other	0.01044845161959529	False	0.02444176222088111	0.0057263992511631745	3314	36323	0.013432045932859182	False	0.040144883791125865	0.0057263992511631745	3313	36323	-0.002983594313263893	False	False
WNT3A	FZD3+LRP6	other	0.009401257382705808	False	0.02444176222088111	0.004239737907111196	3314	36323	0.0123848516959697	False	0.040144883791125865	0.004239737907111196	3313	36323	-0.002983594313263893	False	False
WNT3A	FZD4+LRP5	other	0.006396786222467199	False	0.02444176222088111	0.0004129614844588828	3314	36323	0.009380380535731092	False	0.040144883791125865	0.0004129614844588828	3313	36323	-0.002983594313263893	False	False
WNT3A	FZD4+LRP6	other	0.006396786222467199	False	0.02444176222088111	0.0004129614844588828	3314	36323	0.009380380535731092	False	0.040144883791125865	0.0004129614844588828	3313	36323	-0.002983594313263893	False	False
WNT3A	FZD5+LRP5	other	0.007782861706800759	False	0.02444176222088111	0.0023401150786003357	3314	36323	0.010766456020064652	False	0.040144883791125865	0.0023401150786003357	3313	36323	-0.002983594313263893	False	False
WNT3A	FZD5+LRP6	other	0.007782861706800759	False	0.02444176222088111	0.0023401150786003357	3314	36323	0.010766456020064652	False	0.040144883791125865	0.0023401150786003357	3313	36323	-0.002983594313263893	False	False
WNT3A	FZD6+LRP5	other	0.01044845161959529	False	0.02444176222088111	0.0057263992511631745	3314	36323	0.013432045932859182	False	0.040144883791125865	0.0057263992511631745	3313	36323	-0.002983594313263893	False	False
WNT3A	FZD6+LRP6	other	0.009401257382705808	False	0.02444176222088111	0.004239737907111196	3314	36323	0.0123848516959697	False	0.040144883791125865	0.004239737907111196	3313	36323	-0.002983594313263893	False	False
WNT3A	FZD7+LRP5	other	0.01044845161959529	False	0.02444176222088111	0.0057263992511631745	3314	36323	0.013432045932859182	False	0.040144883791125865	0.0057263992511631745	3313	36323	-0.002983594313263893	False	False
WNT3A	FZD7+LRP6	other	0.009401257382705808	False	0.02444176222088111	0.004239737907111196	3314	36323	0.0123848516959697	False	0.040144883791125865	0.004239737907111196	3313	36323	-0.002983594313263893	False	False
WNT3A	FZD8+LRP5	other	0.007572007249109447	False	0.02444176222088111	0.0020097458910332297	3314	36323	0.01055560156237334	False	0.040144883791125865	0.0020097458910332297	3313	36323	-0.002983594313263893	False	False
WNT3A	FZD8+LRP6	other	0.007572007249109447	False	0.02444176222088111	0.0020097458910332297	3314	36323	0.01055560156237334	False	0.040144883791125865	0.0020097458910332297	3313	36323	-0.002983594313263893	False	False
WNT3A	FZD8+RYK	other	0.007572007249109447	False	0.02444176222088111	0.0020097458910332297	3314	36323	0.01055560156237334	False	0.040144883791125865	0.0020097458910332297	3313	36323	-0.002983594313263893	False	False
WNT3A	SFRP1	other	0.00647031661355868	False	0.02444176222088111	0.0005230845469812516	3314	36323	0.009453910926822573	False	0.040144883791125865	0.0005230845469812516	3313	36323	-0.002983594313263893	False	False
WNT3A	SFRP2	other	0.0068093096488155425	False	0.02444176222088111	0.0009085152658095422	3314	36323	0.009792903962079436	False	0.040144883791125865	0.0009085152658095422	3313	36323	-0.002983594313263893	False	False
WNT3A	SFRP4	other	0.006326307338895276	False	0.02444176222088111	0.00030283842193651404	3314	36323	0.00930990165215917	False	0.040144883791125865	0.00030283842193651404	3313	36323	-0.002983594313263893	False	False
WNT3A	SFRP5	other	0.006258452398469672	False	0.02444176222088111	0.0001651845937835531	3314	36323	0.009242046711733565	False	0.040144883791125865	0.0001651845937835531	3313	36323	-0.002983594313263893	False	False
WNT4	FRZB	other	0.004394841322209686	False	0.015087507543753771	0.00022024612504473748	3314	36323	0.0035707051283679903	False	0.01388469664956233	0.00022024612504473748	3313	36323	0.0008241361938416958	False	False
WNT4	FZD1+LRP5	other	0.006082988576963544	False	0.015087507543753771	0.002808138094320403	3314	36323	0.005258852383121848	False	0.01388469664956233	0.002808138094320403	3313	36323	0.0008241361938416958	False	False
WNT4	FZD1+LRP6	other	0.006082988576963544	False	0.015087507543753771	0.002808138094320403	3314	36323	0.005258852383121848	False	0.01388469664956233	0.002808138094320403	3313	36323	0.0008241361938416958	False	False
WNT4	FZD2+LRP5	other	0.0048812805325724185	False	0.015087507543753771	0.0009085152658095422	3314	36323	0.004057144338730723	False	0.01388469664956233	0.0009085152658095422	3313	36323	0.0008241361938416958	False	False
WNT4	FZD2+LRP6	other	0.0048812805325724185	False	0.015087507543753771	0.0009085152658095422	3314	36323	0.004057144338730723	False	0.01388469664956233	0.0009085152658095422	3313	36323	0.0008241361938416958	False	False
WNT4	FZD3+LRP5	other	0.008577435277402401	False	0.015087507543753771	0.0057263992511631745	3314	36323	0.007753299083560705	False	0.01388469664956233	0.0057263992511631745	3313	36323	0.0008241361938416958	False	False
WNT4	FZD3+LRP6	other	0.007530241040512919	False	0.015087507543753771	0.004239737907111196	3314	36323	0.006706104846671224	False	0.01388469664956233	0.004239737907111196	3313	36323	0.0008241361938416958	False	False
WNT4	FZD4+LRP5	other	0.004525769880274311	False	0.015087507543753771	0.0004129614844588828	3314	36323	0.003701633686432615	False	0.01388469664956233	0.0004129614844588828	3313	36323	0.0008241361938416958	False	False
WNT4	FZD4+LRP6	other	0.004525769880274311	False	0.015087507543753771	0.0004129614844588828	3314	36323	0.003701633686432615	False	0.01388469664956233	0.0004129614844588828	3313	36323	0.0008241361938416958	False	False
WNT4	FZD5+LRP5	other	0.005911845364607871	False	0.015087507543753771	0.0023401150786003357	3314	36323	0.005087709170766175	False	0.01388469664956233	0.0023401150786003357	3313	36323	0.0008241361938416958	False	False
WNT4	FZD5+LRP6	other	0.005911845364607871	False	0.015087507543753771	0.0023401150786003357	3314	36323	0.005087709170766175	False	0.01388469664956233	0.0023401150786003357	3313	36323	0.0008241361938416958	False	False
WNT4	FZD6+LRP5	other	0.008577435277402401	False	0.015087507543753771	0.0057263992511631745	3314	36323	0.007753299083560705	False	0.01388469664956233	0.0057263992511631745	3313	36323	0.0008241361938416958	False	False
WNT4	FZD6+LRP6	other	0.007530241040512919	False	0.015087507543753771	0.004239737907111196	3314	36323	0.006706104846671224	False	0.01388469664956233	0.004239737907111196	3313	36323	0.0008241361938416958	False	False
WNT4	FZD7+LRP5	other	0.008577435277402401	False	0.015087507543753771	0.0057263992511631745	3314	36323	0.007753299083560705	False	0.01388469664956233	0.0057263992511631745	3313	36323	0.0008241361938416958	False	False
WNT4	FZD7+LRP6	other	0.007530241040512919	False	0.015087507543753771	0.004239737907111196	3314	36323	0.006706104846671224	False	0.01388469664956233	0.004239737907111196	3313	36323	0.0008241361938416958	False	False
WNT4	FZD8+LRP5	other	0.005700990906916559	False	0.015087507543753771	0.0020097458910332297	3314	36323	0.004876854713074863	False	0.01388469664956233	0.0020097458910332297	3313	36323	0.0008241361938416958	False	False
WNT4	FZD8+LRP6	other	0.005700990906916559	False	0.015087507543753771	0.0020097458910332297	3314	36323	0.004876854713074863	False	0.01388469664956233	0.0020097458910332297	3313	36323	0.0008241361938416958	False	False
WNT4	SFRP1	other	0.0045993002713657916	False	0.015087507543753771	0.0005230845469812516	3314	36323	0.0037751640775240958	False	0.01388469664956233	0.0005230845469812516	3313	36323	0.0008241361938416958	False	False
WNT4	SFRP2	other	0.004938293306622654	False	0.015087507543753771	0.0009085152658095422	3314	36323	0.004114157112780958	False	0.01388469664956233	0.0009085152658095422	3313	36323	0.0008241361938416958	False	False
WNT4	SFRP4	other	0.004455290996702388	False	0.015087507543753771	0.00030283842193651404	3314	36323	0.003631154802860692	False	0.01388469664956233	0.00030283842193651404	3313	36323	0.0008241361938416958	False	False
WNT4	SFRP5	other	0.004387436056276783	False	0.015087507543753771	0.0001651845937835531	3314	36323	0.0035632998624350876	False	0.01388469664956233	0.0001651845937835531	3313	36323	0.0008241361938416958	False	False
WNT5A	FRZB	other	0.09547375928377733	False	0.2685576342788171	0.00022024612504473748	3314	36323	0.15941818844294176	False	0.36402052520374284	0.00022024612504473748	3313	36323	-0.06394442915916443	False	False
WNT5A	FZD2+LRP5	other	0.09596019849414006	False	0.2685576342788171	0.0009085152658095422	3314	36323	0.1599046276533045	False	0.36402052520374284	0.0009085152658095422	3313	36323	-0.06394442915916443	False	False
WNT5A	FZD2+LRP6	other	0.09596019849414006	False	0.2685576342788171	0.0009085152658095422	3314	36323	0.1599046276533045	False	0.36402052520374284	0.0009085152658095422	3313	36323	-0.06394442915916443	False	False
WNT5A	FZD3+LRP5	other	0.09965635323897004	False	0.2685576342788171	0.0057263992511631745	3314	36323	0.16360078239813447	False	0.36402052520374284	0.0057263992511631745	3313	36323	-0.06394442915916443	False	False
WNT5A	FZD3+LRP6	other	0.09860915900208056	False	0.2685576342788171	0.004239737907111196	3314	36323	0.162553588161245	False	0.36402052520374284	0.004239737907111196	3313	36323	-0.06394442915916443	False	False
WNT5A	FZD4+LRP5	other	0.09560468784184195	False	0.2685576342788171	0.0004129614844588828	3314	36323	0.15954911700100638	False	0.36402052520374284	0.0004129614844588828	3313	36323	-0.06394442915916443	False	False
WNT5A	FZD4+LRP6	other	0.09560468784184195	False	0.2685576342788171	0.0004129614844588828	3314	36323	0.15954911700100638	False	0.36402052520374284	0.0004129614844588828	3313	36323	-0.06394442915916443	False	False
WNT5A	FZD5+LRP5	other	0.09699076332617551	False	0.2685576342788171	0.0023401150786003357	3314	36323	0.16093519248533994	False	0.36402052520374284	0.0023401150786003357	3313	36323	-0.06394442915916443	False	False
WNT5A	FZD5+LRP6	other	0.09699076332617551	False	0.2685576342788171	0.0023401150786003357	3314	36323	0.16093519248533994	False	0.36402052520374284	0.0023401150786003357	3313	36323	-0.06394442915916443	False	False
WNT5A	FZD6+LRP5	other	0.09965635323897004	False	0.2685576342788171	0.0057263992511631745	3314	36323	0.16360078239813447	False	0.36402052520374284	0.0057263992511631745	3313	36323	-0.06394442915916443	False	False
WNT5A	FZD6+LRP6	other	0.09860915900208056	False	0.2685576342788171	0.004239737907111196	3314	36323	0.162553588161245	False	0.36402052520374284	0.004239737907111196	3313	36323	-0.06394442915916443	False	False
WNT5A	FZD7+LRP5	other	0.09965635323897004	False	0.2685576342788171	0.0057263992511631745	3314	36323	0.16360078239813447	False	0.36402052520374284	0.0057263992511631745	3313	36323	-0.06394442915916443	False	False
WNT5A	FZD7+LRP6	other	0.09860915900208056	False	0.2685576342788171	0.004239737907111196	3314	36323	0.162553588161245	False	0.36402052520374284	0.004239737907111196	3313	36323	-0.06394442915916443	False	False
WNT5A	FZD8+LRP5	other	0.0967799088684842	False	0.2685576342788171	0.0020097458910332297	3314	36323	0.16072433802764863	False	0.36402052520374284	0.0020097458910332297	3313	36323	-0.06394442915916443	False	False
WNT5A	FZD8+LRP6	other	0.0967799088684842	False	0.2685576342788171	0.0020097458910332297	3314	36323	0.16072433802764863	False	0.36402052520374284	0.0020097458910332297	3313	36323	-0.06394442915916443	False	False
WNT5A	FZD8+RYK	other	0.0967799088684842	False	0.2685576342788171	0.0020097458910332297	3314	36323	0.16072433802764863	False	0.36402052520374284	0.0020097458910332297	3313	36323	-0.06394442915916443	False	False
WNT5A	ROR1	other	0.09575051287538372	False	0.2685576342788171	0.0005506153126118437	3314	36323	0.15969494203454815	False	0.36402052520374284	0.0005506153126118437	3313	36323	-0.06394442915916443	False	False
WNT5A	ROR2	other	0.09588856622576714	False	0.2685576342788171	0.0006882691407648047	3314	36323	0.15983299538493156	False	0.36402052520374284	0.0006882691407648047	3313	36323	-0.06394442915916443	False	False
WNT5A	SFRP1	other	0.09567821823293343	False	0.2685576342788171	0.0005230845469812516	3314	36323	0.15962264739209786	False	0.36402052520374284	0.0005230845469812516	3313	36323	-0.06394442915916443	False	False
WNT5A	SFRP2	other	0.0960172112681903	False	0.2685576342788171	0.0009085152658095422	3314	36323	0.15996164042735472	False	0.36402052520374284	0.0009085152658095422	3313	36323	-0.06394442915916443	False	False
WNT5A	SFRP4	other	0.09553420895827003	False	0.2685576342788171	0.00030283842193651404	3314	36323	0.15947863811743446	False	0.36402052520374284	0.00030283842193651404	3313	36323	-0.06394442915916443	False	False
WNT5A	SFRP5	other	0.09546635401784442	False	0.2685576342788171	0.0001651845937835531	3314	36323	0.15941078317700885	False	0.36402052520374284	0.0001651845937835531	3313	36323	-0.06394442915916443	False	False
WNT5B	FRZB	other	0.015247040835674852	False	0.04828002414001207	0.00022024612504473748	3314	36323	0.008019715955015272	False	0.02988228191971023	0.00022024612504473748	3313	36323	0.00722732488065958	False	False
WNT5B	FZD1+LRP5	other	0.01693518809042871	False	0.04828002414001207	0.002808138094320403	3314	36323	0.00970786320976913	False	0.02988228191971023	0.002808138094320403	3313	36323	0.00722732488065958	False	False
WNT5B	FZD1+LRP6	other	0.01693518809042871	False	0.04828002414001207	0.002808138094320403	3314	36323	0.00970786320976913	False	0.02988228191971023	0.002808138094320403	3313	36323	0.00722732488065958	False	False
WNT5B	FZD2+LRP5	other	0.015733480046037585	False	0.04828002414001207	0.0009085152658095422	3314	36323	0.008506155165378004	False	0.02988228191971023	0.0009085152658095422	3313	36323	0.00722732488065958	False	False
WNT5B	FZD2+LRP6	other	0.015733480046037585	False	0.04828002414001207	0.0009085152658095422	3314	36323	0.008506155165378004	False	0.02988228191971023	0.0009085152658095422	3313	36323	0.00722732488065958	False	False
WNT5B	FZD3+LRP5	other	0.019429634790867567	False	0.04828002414001207	0.0057263992511631745	3314	36323	0.012202309910207987	False	0.02988228191971023	0.0057263992511631745	3313	36323	0.00722732488065958	False	False
WNT5B	FZD3+LRP6	other	0.018382440553978086	False	0.04828002414001207	0.004239737907111196	3314	36323	0.011155115673318505	False	0.02988228191971023	0.004239737907111196	3313	36323	0.00722732488065958	False	False
WNT5B	FZD4+LRP5	other	0.015377969393739477	False	0.04828002414001207	0.0004129614844588828	3314	36323	0.008150644513079897	False	0.02988228191971023	0.0004129614844588828	3313	36323	0.00722732488065958	False	False
WNT5B	FZD4+LRP6	other	0.015377969393739477	False	0.04828002414001207	0.0004129614844588828	3314	36323	0.008150644513079897	False	0.02988228191971023	0.0004129614844588828	3313	36323	0.00722732488065958	False	False
WNT5B	FZD5+LRP5	other	0.016764044878073037	False	0.04828002414001207	0.0023401150786003357	3314	36323	0.009536719997413456	False	0.02988228191971023	0.0023401150786003357	3313	36323	0.00722732488065958	False	False
WNT5B	FZD5+LRP6	other	0.016764044878073037	False	0.04828002414001207	0.0023401150786003357	3314	36323	0.009536719997413456	False	0.02988228191971023	0.0023401150786003357	3313	36323	0.00722732488065958	False	False
WNT5B	FZD6+LRP5	other	0.019429634790867567	False	0.04828002414001207	0.0057263992511631745	3314	36323	0.012202309910207987	False	0.02988228191971023	0.0057263992511631745	3313	36323	0.00722732488065958	False	False
WNT5B	FZD6+LRP6	other	0.018382440553978086	False	0.04828002414001207	0.004239737907111196	3314	36323	0.011155115673318505	False	0.02988228191971023	0.004239737907111196	3313	36323	0.00722732488065958	False	False
WNT5B	FZD7+LRP5	other	0.019429634790867567	False	0.04828002414001207	0.0057263992511631745	3314	36323	0.012202309910207987	False	0.02988228191971023	0.0057263992511631745	3313	36323	0.00722732488065958	False	False
WNT5B	FZD7+LRP6	other	0.018382440553978086	False	0.04828002414001207	0.004239737907111196	3314	36323	0.011155115673318505	False	0.02988228191971023	0.004239737907111196	3313	36323	0.00722732488065958	False	False
WNT5B	FZD8+LRP5	other	0.016553190420381725	False	0.04828002414001207	0.0020097458910332297	3314	36323	0.009325865539722145	False	0.02988228191971023	0.0020097458910332297	3313	36323	0.00722732488065958	False	False
WNT5B	FZD8+LRP6	other	0.016553190420381725	False	0.04828002414001207	0.0020097458910332297	3314	36323	0.009325865539722145	False	0.02988228191971023	0.0020097458910332297	3313	36323	0.00722732488065958	False	False
WNT5B	SFRP1	other	0.015451499784830958	False	0.04828002414001207	0.0005230845469812516	3314	36323	0.008224174904171377	False	0.02988228191971023	0.0005230845469812516	3313	36323	0.00722732488065958	False	False
WNT5B	SFRP2	other	0.01579049282008782	False	0.04828002414001207	0.0009085152658095422	3314	36323	0.00856316793942824	False	0.02988228191971023	0.0009085152658095422	3313	36323	0.00722732488065958	False	False
WNT5B	SFRP4	other	0.015307490510167554	False	0.04828002414001207	0.00030283842193651404	3314	36323	0.008080165629507974	False	0.02988228191971023	0.00030283842193651404	3313	36323	0.00722732488065958	False	False
WNT5B	SFRP5	other	0.01523963556974195	False	0.04828002414001207	0.0001651845937835531	3314	36323	0.00801231068908237	False	0.02988228191971023	0.0001651845937835531	3313	36323	0.00722732488065958	False	False
WNT6	FRZB	other	0.00021952333918306977	False	0.00030175015087507544	0.00022024612504473748	3314	36323	0.00024275439500343055	False	0.0006036824630244491	0.00022024612504473748	3313	36323	-2.323105582036078e-05	False	False
WNT6	FZD1+LRP5	other	0.0019076705939369276	False	0.00030175015087507544	0.002808138094320403	3314	36323	0.0019309016497572884	False	0.0006036824630244491	0.002808138094320403	3313	36323	-2.323105582036078e-05	False	False
WNT6	FZD1+LRP6	other	0.0019076705939369276	False	0.00030175015087507544	0.002808138094320403	3314	36323	0.0019309016497572884	False	0.0006036824630244491	0.002808138094320403	3313	36323	-2.323105582036078e-05	False	False
WNT6	FZD2+LRP5	other	0.0007059625495458022	False	0.00030175015087507544	0.0009085152658095422	3314	36323	0.000729193605366163	False	0.0006036824630244491	0.0009085152658095422	3313	36323	-2.323105582036078e-05	False	False
WNT6	FZD2+LRP6	other	0.0007059625495458022	False	0.00030175015087507544	0.0009085152658095422	3314	36323	0.000729193605366163	False	0.0006036824630244491	0.0009085152658095422	3313	36323	-2.323105582036078e-05	False	False
WNT6	FZD3+LRP5	other	0.004402117294375785	False	0.00030175015087507544	0.0057263992511631745	3314	36323	0.0044253483501961455	False	0.0006036824630244491	0.0057263992511631745	3313	36323	-2.323105582036078e-05	False	False
WNT6	FZD3+LRP6	other	0.003354923057486303	False	0.00030175015087507544	0.004239737907111196	3314	36323	0.003378154113306664	False	0.0006036824630244491	0.004239737907111196	3313	36323	-2.323105582036078e-05	False	False
WNT6	FZD4+LRP5	other	0.00035045189724769443	False	0.00030175015087507544	0.0004129614844588828	3314	36323	0.0003736829530680552	False	0.0006036824630244491	0.0004129614844588828	3313	36323	-2.323105582036078e-05	False	False
WNT6	FZD4+LRP6	other	0.00035045189724769443	False	0.00030175015087507544	0.0004129614844588828	3314	36323	0.0003736829530680552	False	0.0006036824630244491	0.0004129614844588828	3313	36323	-2.323105582036078e-05	False	False
WNT6	FZD5+LRP5	other	0.0017365273815812543	False	0.00030175015087507544	0.0023401150786003357	3314	36323	0.001759758437401615	False	0.0006036824630244491	0.0023401150786003357	3313	36323	-2.323105582036078e-05	False	False
WNT6	FZD5+LRP6	other	0.0017365273815812543	False	0.00030175015087507544	0.0023401150786003357	3314	36323	0.001759758437401615	False	0.0006036824630244491	0.0023401150786003357	3313	36323	-2.323105582036078e-05	False	False
WNT6	FZD6+LRP5	other	0.004402117294375785	False	0.00030175015087507544	0.0057263992511631745	3314	36323	0.0044253483501961455	False	0.0006036824630244491	0.0057263992511631745	3313	36323	-2.323105582036078e-05	False	False
WNT6	FZD6+LRP6	other	0.003354923057486303	False	0.00030175015087507544	0.004239737907111196	3314	36323	0.003378154113306664	False	0.0006036824630244491	0.004239737907111196	3313	36323	-2.323105582036078e-05	False	False
WNT6	FZD7+LRP5	other	0.004402117294375785	False	0.00030175015087507544	0.0057263992511631745	3314	36323	0.0044253483501961455	False	0.0006036824630244491	0.0057263992511631745	3313	36323	-2.323105582036078e-05	False	False
WNT6	FZD7+LRP6	other	0.003354923057486303	False	0.00030175015087507544	0.004239737907111196	3314	36323	0.003378154113306664	False	0.0006036824630244491	0.004239737907111196	3313	36323	-2.323105582036078e-05	False	False
WNT6	FZD8+LRP5	other	0.0015256729238899425	False	0.00030175015087507544	0.0020097458910332297	3314	36323	0.0015489039797103032	False	0.0006036824630244491	0.0020097458910332297	3313	36323	-2.323105582036078e-05	False	False
WNT6	FZD8+LRP6	other	0.0015256729238899425	False	0.00030175015087507544	0.0020097458910332297	3314	36323	0.0015489039797103032	False	0.0006036824630244491	0.0020097458910332297	3313	36323	-2.323105582036078e-05	False	False
WNT6	SFRP1	other	0.0004239822883391753	False	0.00030175015087507544	0.0005230845469812516	3314	36323	0.00044721334415953606	False	0.0006036824630244491	0.0005230845469812516	3313	36323	-2.323105582036078e-05	False	False
WNT6	SFRP2	other	0.0007629753235960379	False	0.00030175015087507544	0.0009085152658095422	3314	36323	0.0007862063794163987	False	0.0006036824630244491	0.0009085152658095422	3313	36323	-2.323105582036078e-05	False	False
WNT6	SFRP4	other	0.00027997301367577165	False	0.00030175015087507544	0.00030283842193651404	3314	36323	0.00030320406949613243	False	0.0006036824630244491	0.00030283842193651404	3313	36323	-2.323105582036078e-05	False	False
WNT6	SFRP5	other	0.00021211807325016707	False	0.00030175015087507544	0.0001651845937835531	3314	36323	0.00023534912907052785	False	0.0006036824630244491	0.0001651845937835531	3313	36323	-2.323105582036078e-05	False	False
WNT7A	FRZB	other	0.013958239404018968	False	0.043753771876885936	0.00022024612504473748	3314	36323	0.007493201119359583	False	0.022336251131904617	0.00022024612504473748	3313	36323	0.006465038284659386	False	False
WNT7A	FZD1+LRP5	other	0.015646386658772826	False	0.043753771876885936	0.002808138094320403	3314	36323	0.00918134837411344	False	0.022336251131904617	0.002808138094320403	3313	36323	0.006465038284659386	False	False
WNT7A	FZD1+LRP6	other	0.015646386658772826	False	0.043753771876885936	0.002808138094320403	3314	36323	0.00918134837411344	False	0.022336251131904617	0.002808138094320403	3313	36323	0.006465038284659386	False	False
WNT7A	FZD2+LRP5	other	0.0144446786143817	False	0.043753771876885936	0.0009085152658095422	3314	36323	0.007979640329722315	False	0.022336251131904617	0.0009085152658095422	3313	36323	0.006465038284659386	False	False
WNT7A	FZD2+LRP6	other	0.0144446786143817	False	0.043753771876885936	0.0009085152658095422	3314	36323	0.007979640329722315	False	0.022336251131904617	0.0009085152658095422	3313	36323	0.006465038284659386	False	False
WNT7A	FZD3+LRP5	other	0.018140833359211683	False	0.043753771876885936	0.0057263992511631745	3314	36323	0.011675795074552298	False	0.022336251131904617	0.0057263992511631745	3313	36323	0.006465038284659386	False	False
WNT7A	FZD3+LRP6	other	0.0170936391223222	False	0.043753771876885936	0.004239737907111196	3314	36323	0.010628600837662816	False	0.022336251131904617	0.004239737907111196	3313	36323	0.006465038284659386	False	False
WNT7A	FZD4+LRP5	other	0.014089167962083593	False	0.043753771876885936	0.0004129614844588828	3314	36323	0.007624129677424207	False	0.022336251131904617	0.0004129614844588828	3313	36323	0.006465038284659386	False	False
WNT7A	FZD4+LRP6	other	0.014089167962083593	False	0.043753771876885936	0.0004129614844588828	3314	36323	0.007624129677424207	False	0.022336251131904617	0.0004129614844588828	3313	36323	0.006465038284659386	False	False
WNT7A	FZD5+LRP5	other	0.015475243446417153	False	0.043753771876885936	0.0023401150786003357	3314	36323	0.009010205161757767	False	0.022336251131904617	0.0023401150786003357	3313	36323	0.006465038284659386	False	False
WNT7A	FZD5+LRP6	other	0.015475243446417153	False	0.043753771876885936	0.0023401150786003357	3314	36323	0.009010205161757767	False	0.022336251131904617	0.0023401150786003357	3313	36323	0.006465038284659386	False	False
WNT7A	FZD6+LRP5	other	0.018140833359211683	False	0.043753771876885936	0.0057263992511631745	3314	36323	0.011675795074552298	False	0.022336251131904617	0.0057263992511631745	3313	36323	0.006465038284659386	False	False
WNT7A	FZD6+LRP6	other	0.0170936391223222	False	0.043753771876885936	0.004239737907111196	3314	36323	0.010628600837662816	False	0.022336251131904617	0.004239737907111196	3313	36323	0.006465038284659386	False	False
WNT7A	FZD7+LRP5	other	0.018140833359211683	False	0.043753771876885936	0.0057263992511631745	3314	36323	0.011675795074552298	False	0.022336251131904617	0.0057263992511631745	3313	36323	0.006465038284659386	False	False
WNT7A	FZD7+LRP6	other	0.0170936391223222	False	0.043753771876885936	0.004239737907111196	3314	36323	0.010628600837662816	False	0.022336251131904617	0.004239737907111196	3313	36323	0.006465038284659386	False	False
WNT7A	FZD8+LRP5	other	0.015264388988725841	False	0.043753771876885936	0.0020097458910332297	3314	36323	0.008799350704066455	False	0.022336251131904617	0.0020097458910332297	3313	36323	0.006465038284659386	False	False
WNT7A	FZD8+LRP6	other	0.015264388988725841	False	0.043753771876885936	0.0020097458910332297	3314	36323	0.008799350704066455	False	0.022336251131904617	0.0020097458910332297	3313	36323	0.006465038284659386	False	False
WNT7A	SFRP1	other	0.014162698353175074	False	0.043753771876885936	0.0005230845469812516	3314	36323	0.007697660068515688	False	0.022336251131904617	0.0005230845469812516	3313	36323	0.006465038284659386	False	False
WNT7A	SFRP2	other	0.014501691388431937	False	0.043753771876885936	0.0009085152658095422	3314	36323	0.00803665310377255	False	0.022336251131904617	0.0009085152658095422	3313	36323	0.006465038284659386	False	False
WNT7A	SFRP4	other	0.01401868907851167	False	0.043753771876885936	0.00030283842193651404	3314	36323	0.0075536507938522846	False	0.022336251131904617	0.00030283842193651404	3313	36323	0.006465038284659386	False	False
WNT7A	SFRP5	other	0.013950834138086066	False	0.043753771876885936	0.0001651845937835531	3314	36323	0.00748579585342668	False	0.022336251131904617	0.0001651845937835531	3313	36323	0.006465038284659386	False	False
WNT7B	FRZB	other	0.11662543605780229	False	0.3464091732045866	0.00022024612504473748	3314	36323	0.07872565876459703	False	0.2444913975249019	0.00022024612504473748	3313	36323	0.03789977729320526	False	False
WNT7B	FZD1+LRP5	other	0.11831358331255615	False	0.3464091732045866	0.002808138094320403	3314	36323	0.08041380601935089	False	0.2444913975249019	0.002808138094320403	3313	36323	0.03789977729320526	False	False
WNT7B	FZD1+LRP6	other	0.11831358331255615	False	0.3464091732045866	0.002808138094320403	3314	36323	0.08041380601935089	False	0.2444913975249019	0.002808138094320403	3313	36323	0.03789977729320526	False	False
WNT7B	FZD2+LRP5	other	0.11711187526816502	False	0.3464091732045866	0.0009085152658095422	3314	36323	0.07921209797495976	False	0.2444913975249019	0.0009085152658095422	3313	36323	0.03789977729320526	False	False
WNT7B	FZD2+LRP6	other	0.11711187526816502	False	0.3464091732045866	0.0009085152658095422	3314	36323	0.07921209797495976	False	0.2444913975249019	0.0009085152658095422	3313	36323	0.03789977729320526	False	False
WNT7B	FZD3+LRP5	other	0.120808030012995	False	0.3464091732045866	0.0057263992511631745	3314	36323	0.08290825271978974	False	0.2444913975249019	0.0057263992511631745	3313	36323	0.03789977729320526	False	False
WNT7B	FZD3+LRP6	other	0.11976083577610552	False	0.3464091732045866	0.004239737907111196	3314	36323	0.08186105848290026	False	0.2444913975249019	0.004239737907111196	3313	36323	0.03789977729320526	False	False
WNT7B	FZD4+LRP5	other	0.11675636461586691	False	0.3464091732045866	0.0004129614844588828	3314	36323	0.07885658732266165	False	0.2444913975249019	0.0004129614844588828	3313	36323	0.03789977729320526	False	False
WNT7B	FZD4+LRP6	other	0.11675636461586691	False	0.3464091732045866	0.0004129614844588828	3314	36323	0.07885658732266165	False	0.2444913975249019	0.0004129614844588828	3313	36323	0.03789977729320526	False	False
WNT7B	FZD5+LRP5	other	0.11814244010020047	False	0.3464091732045866	0.0023401150786003357	3314	36323	0.08024266280699521	False	0.2444913975249019	0.0023401150786003357	3313	36323	0.03789977729320526	False	False
WNT7B	FZD5+LRP6	other	0.11814244010020047	False	0.3464091732045866	0.0023401150786003357	3314	36323	0.08024266280699521	False	0.2444913975249019	0.0023401150786003357	3313	36323	0.03789977729320526	False	False
WNT7B	FZD6+LRP5	other	0.120808030012995	False	0.3464091732045866	0.0057263992511631745	3314	36323	0.08290825271978974	False	0.2444913975249019	0.0057263992511631745	3313	36323	0.03789977729320526	False	False
WNT7B	FZD6+LRP6	other	0.11976083577610552	False	0.3464091732045866	0.004239737907111196	3314	36323	0.08186105848290026	False	0.2444913975249019	0.004239737907111196	3313	36323	0.03789977729320526	False	False
WNT7B	FZD7+LRP5	other	0.120808030012995	False	0.3464091732045866	0.0057263992511631745	3314	36323	0.08290825271978974	False	0.2444913975249019	0.0057263992511631745	3313	36323	0.03789977729320526	False	False
WNT7B	FZD7+LRP6	other	0.11976083577610552	False	0.3464091732045866	0.004239737907111196	3314	36323	0.08186105848290026	False	0.2444913975249019	0.004239737907111196	3313	36323	0.03789977729320526	False	False
WNT7B	FZD8+LRP5	other	0.11793158564250916	False	0.3464091732045866	0.0020097458910332297	3314	36323	0.0800318083493039	False	0.2444913975249019	0.0020097458910332297	3313	36323	0.03789977729320526	False	False
WNT7B	FZD8+LRP6	other	0.11793158564250916	False	0.3464091732045866	0.0020097458910332297	3314	36323	0.0800318083493039	False	0.2444913975249019	0.0020097458910332297	3313	36323	0.03789977729320526	False	False
WNT7B	SFRP1	other	0.1168298950069584	False	0.3464091732045866	0.0005230845469812516	3314	36323	0.07893011771375313	False	0.2444913975249019	0.0005230845469812516	3313	36323	0.03789977729320526	False	False
WNT7B	SFRP2	other	0.11716888804221526	False	0.3464091732045866	0.0009085152658095422	3314	36323	0.07926911074901	False	0.2444913975249019	0.0009085152658095422	3313	36323	0.03789977729320526	False	False
WNT7B	SFRP4	other	0.11668588573229499	False	0.3464091732045866	0.00030283842193651404	3314	36323	0.07878610843908973	False	0.2444913975249019	0.00030283842193651404	3313	36323	0.03789977729320526	False	False
WNT7B	SFRP5	other	0.11661803079186939	False	0.3464091732045866	0.0001651845937835531	3314	36323	0.07871825349866413	False	0.2444913975249019	0.0001651845937835531	3313	36323	0.03789977729320526	False	False
WNT9A	FRZB	other	0.09982153068995103	False	0.2902836451418226	0.00022024612504473748	3314	36323	0.055747066100593656	False	0.17627527920313915	0.00022024612504473748	3313	36323	0.044074464589357376	False	False
WNT9A	FZD1+LRP5	other	0.10150967794470489	False	0.2902836451418226	0.002808138094320403	3314	36323	0.057435213355347514	False	0.17627527920313915	0.002808138094320403	3313	36323	0.044074464589357376	False	False
WNT9A	FZD1+LRP6	other	0.10150967794470489	False	0.2902836451418226	0.002808138094320403	3314	36323	0.057435213355347514	False	0.17627527920313915	0.002808138094320403	3313	36323	0.044074464589357376	False	False
WNT9A	FZD2+LRP5	other	0.10030796990031376	False	0.2902836451418226	0.0009085152658095422	3314	36323	0.05623350531095639	False	0.17627527920313915	0.0009085152658095422	3313	36323	0.044074464589357376	False	False
WNT9A	FZD2+LRP6	other	0.10030796990031376	False	0.2902836451418226	0.0009085152658095422	3314	36323	0.05623350531095639	False	0.17627527920313915	0.0009085152658095422	3313	36323	0.044074464589357376	False	False
WNT9A	FZD3+LRP5	other	0.10400412464514375	False	0.2902836451418226	0.0057263992511631745	3314	36323	0.05992966005578637	False	0.17627527920313915	0.0057263992511631745	3313	36323	0.044074464589357376	False	False
WNT9A	FZD3+LRP6	other	0.10295693040825427	False	0.2902836451418226	0.004239737907111196	3314	36323	0.05888246581889689	False	0.17627527920313915	0.004239737907111196	3313	36323	0.044074464589357376	False	False
WNT9A	FZD4+LRP5	other	0.09995245924801566	False	0.2902836451418226	0.0004129614844588828	3314	36323	0.05587799465865828	False	0.17627527920313915	0.0004129614844588828	3313	36323	0.044074464589357376	False	False
WNT9A	FZD4+LRP6	other	0.09995245924801566	False	0.2902836451418226	0.0004129614844588828	3314	36323	0.05587799465865828	False	0.17627527920313915	0.0004129614844588828	3313	36323	0.044074464589357376	False	False
WNT9A	FZD5+LRP5	other	0.10133853473234922	False	0.2902836451418226	0.0023401150786003357	3314	36323	0.05726407014299184	False	0.17627527920313915	0.0023401150786003357	3313	36323	0.044074464589357376	False	False
WNT9A	FZD5+LRP6	other	0.10133853473234922	False	0.2902836451418226	0.0023401150786003357	3314	36323	0.05726407014299184	False	0.17627527920313915	0.0023401150786003357	3313	36323	0.044074464589357376	False	False
WNT9A	FZD6+LRP5	other	0.10400412464514375	False	0.2902836451418226	0.0057263992511631745	3314	36323	0.05992966005578637	False	0.17627527920313915	0.0057263992511631745	3313	36323	0.044074464589357376	False	False
WNT9A	FZD6+LRP6	other	0.10295693040825427	False	0.2902836451418226	0.004239737907111196	3314	36323	0.05888246581889689	False	0.17627527920313915	0.004239737907111196	3313	36323	0.044074464589357376	False	False
WNT9A	FZD7+LRP5	other	0.10400412464514375	False	0.2902836451418226	0.0057263992511631745	3314	36323	0.05992966005578637	False	0.17627527920313915	0.0057263992511631745	3313	36323	0.044074464589357376	False	False
WNT9A	FZD7+LRP6	other	0.10295693040825427	False	0.2902836451418226	0.004239737907111196	3314	36323	0.05888246581889689	False	0.17627527920313915	0.004239737907111196	3313	36323	0.044074464589357376	False	False
WNT9A	FZD8+LRP5	other	0.1011276802746579	False	0.2902836451418226	0.0020097458910332297	3314	36323	0.05705321568530053	False	0.17627527920313915	0.0020097458910332297	3313	36323	0.044074464589357376	False	False
WNT9A	FZD8+LRP6	other	0.1011276802746579	False	0.2902836451418226	0.0020097458910332297	3314	36323	0.05705321568530053	False	0.17627527920313915	0.0020097458910332297	3313	36323	0.044074464589357376	False	False
WNT9A	SFRP1	other	0.10002598963910714	False	0.2902836451418226	0.0005230845469812516	3314	36323	0.05595152504974976	False	0.17627527920313915	0.0005230845469812516	3313	36323	0.044074464589357376	False	False
WNT9A	SFRP2	other	0.100364982674364	False	0.2902836451418226	0.0009085152658095422	3314	36323	0.056290518085006624	False	0.17627527920313915	0.0009085152658095422	3313	36323	0.044074464589357376	False	False
WNT9A	SFRP4	other	0.09988198036444373	False	0.2902836451418226	0.00030283842193651404	3314	36323	0.05580751577508636	False	0.17627527920313915	0.00030283842193651404	3313	36323	0.044074464589357376	False	False
WNT9A	SFRP5	other	0.09981412542401813	False	0.2902836451418226	0.0001651845937835531	3314	36323	0.055739660834660754	False	0.17627527920313915	0.0001651845937835531	3313	36323	0.044074464589357376	False	False
XCL1	XCR1	other	0.010480457320227288	False	0.04103802051901026	0.00022024612504473748	3314	36323	0.01492758780659642	False	0.0676124358587383	0.00022024612504473748	3313	36323	-0.004447130486369133	False	False
XCL2	XCR1	other	0.0007201296248240396	False	0.002112251056125528	0.00022024612504473748	3314	36323	0.0006182635697769001	False	0.0009055236945366737	0.00022024612504473748	3313	36323	0.00010186605504713953	False	False
