ligand	receptor	pathway	cpdb_mean_score_high	pass_expr_prop_high	ligand_frac_high	receptor_frac_high	n_sender_high	n_receiver_high	cpdb_mean_score_low	pass_expr_prop_low	ligand_frac_low	receptor_frac_low	n_sender_low	n_receiver_low	delta_high_minus_low	pass_either	pass_both
IFNG	IFNGR1	IFN	0.10012803599238396	False	0.012673506336753168	0.10847121658453322	3314	36323	0.10251007182523608	False	0.016903108964684575	0.10847121658453322	3313	36323	-0.002382035832852125	False	False
IFNG	IFNGR1+IFNGR2	IFN	0.024175232276320457	False	0.012673506336753168	0.025383365911405997	3314	36323	0.026557268109172583	False	0.016903108964684575	0.025383365911405997	3313	36323	-0.002382035832852125	False	False
IFNG	IFNGR2	IFN	0.024175232276320457	False	0.012673506336753168	0.025383365911405997	3314	36323	0.026557268109172583	False	0.016903108964684575	0.025383365911405997	3313	36323	-0.002382035832852125	False	False
IFNL1	IFNLR1+IL10RB	IFN	0.0040086794178932905	False	0.0018105009052504525	0.003744184125760537	3314	36323	0.003751029842533171	False	0.001509206157561123	0.003744184125760537	3313	36323	0.00025764957536011934	False	False
CD93	IFNGR1	IFN_partial	0.10141247883439064	False	0.016898008449004225	0.10847121658453322	3314	36323	0.09866694011725485	False	0.008149713250830063	0.10847121658453322	3313	36323	0.002745538717135787	False	False
IL10	IL10RA+IL10RB	IFN_partial	0.00394101906567812	False	0.004224502112251056	0.003744184125760537	3314	36323	0.00326114016934298	False	0.0009055236945366737	0.003744184125760537	3313	36323	0.0006798788963351399	False	False
IL26	IL10RB+IL20RA	IFN_partial	0.0008605473849456757	False	0.0006035003017501509	0.0011562921564848719	3314	36323	0.0019626947469078004	False	0.006338665861756716	0.0011562921564848719	3313	36323	-0.0011021473619621247	False	False
HLA-A	CD8A	MHC_I	1.8230616450309753	True	0.9604707302353651	0.4383448503702888	3314	36323	1.968298852443695	True	0.9571385451252641	0.4383448503702888	3313	36323	-0.14523720741271973	True	True
HLA-A	CD8B	MHC_I	1.384718880057335	True	0.9604707302353651	0.19406436693004434	3314	36323	1.5299560874700546	True	0.9571385451252641	0.19406436693004434	3313	36323	-0.14523720741271973	True	True
HLA-B	CD8A	MHC_I	1.8281344771385193	True	0.9179239589619795	0.4383448503702888	3314	36323	1.8635607361793518	True	0.9091457893148204	0.4383448503702888	3313	36323	-0.03542625904083252	True	True
HLA-B	CD8B	MHC_I	1.3897917121648788	True	0.9179239589619795	0.19406436693004434	3314	36323	1.4252179712057114	True	0.9091457893148204	0.19406436693004434	3313	36323	-0.03542625904083252	True	True
HLA-C	CD8A	MHC_I	1.9981339573860168	True	0.9574532287266143	0.4383448503702888	3314	36323	1.9931638836860657	True	0.9447630546332629	0.4383448503702888	3313	36323	0.004970073699951172	True	True
HLA-C	CD8B	MHC_I	1.5597911924123764	True	0.9574532287266143	0.19406436693004434	3314	36323	1.5548211187124252	True	0.9447630546332629	0.19406436693004434	3313	36323	0.004970073699951172	True	True
HLA-C	KIR2DL1	MHC_I	1.3740501755382866	False	0.9574532287266143	0.002367645844230928	3314	36323	1.3690801018383354	False	0.9447630546332629	0.002367645844230928	3313	36323	0.004970073699951172	False	False
HLA-E	KLRC1	MHC_I	0.8635128289461136	False	0.9067592033796017	0.04853673980673402	3314	36323	0.7689080387353897	False	0.8140658013884696	0.04853673980673402	3313	36323	0.09460479021072388	False	False
HLA-E	KLRC1+KLRD1	MHC_I	0.8635128289461136	False	0.9067592033796017	0.04853673980673402	3314	36323	0.7689080387353897	False	0.8140658013884696	0.04853673980673402	3313	36323	0.09460479021072388	False	False
HLA-E	KLRC2	MHC_I	0.8484963439404964	False	0.9067592033796017	0.03534950306968037	3314	36323	0.7538915537297726	False	0.8140658013884696	0.03534950306968037	3313	36323	0.09460479021072388	False	False
HLA-E	KLRC2+KLRD1	MHC_I	0.8484963439404964	False	0.9067592033796017	0.03534950306968037	3314	36323	0.7538915537297726	False	0.8140658013884696	0.03534950306968037	3313	36323	0.09460479021072388	False	False
HLA-E	KLRD1	MHC_I	1.0871687829494476	True	0.9067592033796017	0.23910469950169314	3314	36323	0.9925639927387238	True	0.8140658013884696	0.23910469950169314	3313	36323	0.09460479021072388	True	True
HLA-E	KLRK1	MHC_I	0.8232419122941792	False	0.9067592033796017	0.004872945516614817	3314	36323	0.7286371220834553	False	0.8140658013884696	0.004872945516614817	3313	36323	0.09460479021072388	False	False
HLA-F	LILRB1	MHC_I	0.3080815989524126	False	0.5935425467712734	0.027778542521267515	3314	36323	0.3030866403132677	False	0.5596136432236644	0.027778542521267515	3313	36323	0.0049949586391448975	False	False
HLA-F	LILRB2	MHC_I	0.28812193125486374	False	0.5935425467712734	0.005698868485532583	3314	36323	0.28312697261571884	False	0.5596136432236644	0.005698868485532583	3313	36323	0.0049949586391448975	False	False
HLA-G	LILRB1	MHC_I	0.0367044173181057	False	0.010863005431502716	0.027778542521267515	3314	36323	0.03312752861529589	False	0.009658919408391186	0.027778542521267515	3313	36323	0.0035768887028098106	False	False
HLA-G	LILRB2	MHC_I	0.01674474962055683	False	0.010863005431502716	0.005698868485532583	3314	36323	0.01316786091774702	False	0.009658919408391186	0.005698868485532583	3313	36323	0.0035768887028098106	False	False
B2M+CD1B	IL6ST	MHC_I_partial	0.24205969274044037	False	0.0	0.24304159898686784	3314	36323	0.24211356377054472	False	0.00030184123151222455	0.24304159898686784	3313	36323	-5.387103010434657e-05	False	False
CD1D	LILRB2	MHC_I_partial	0.00470594284706749	False	0.0015087507543753772	0.005698868485532583	3314	36323	0.004543504677712917	False	0.001509206157561123	0.005698868485532583	3313	36323	0.0001624381693545729	False	False
CEACAM5	CD8A	MHC_I_partial	0.8230706602334976	True	0.21333735666867834	0.4383448503702888	3314	36323	0.6896517351269722	False	0.08059160881376395	0.4383448503702888	3313	36323	0.13341892510652542	True	False
HLA-E	VSIR	MHC_I_partial	0.9304079115390778	True	0.9067592033796017	0.1271646064477053	3314	36323	0.8358031213283539	True	0.8140658013884696	0.1271646064477053	3313	36323	0.09460479021072388	True	True
HLA-F	VSIR	MHC_I_partial	0.39505988359451294	True	0.5935425467712734	0.1271646064477053	3314	36323	0.39006492495536804	True	0.5596136432236644	0.1271646064477053	3313	36323	0.0049949586391448975	True	True
LCK	CD8A+CD8B	MHC_I_partial	0.19241747818887234	False	0.016294508147254073	0.19406436693004434	3314	36323	0.19398311246186495	False	0.02173256866888017	0.19406436693004434	3313	36323	-0.001565634272992611	False	False
MICA	HCST+KLRK1	MHC_I_partial	0.04279309930279851	False	0.14484007242003621	0.004872945516614817	3314	36323	0.040721428114920855	False	0.15273166314518563	0.004872945516614817	3313	36323	0.002071671187877655	False	False
MICB	HCST+KLRK1	MHC_I_partial	0.03166709328070283	False	0.09293904646952324	0.004872945516614817	3314	36323	0.03266549902036786	False	0.10413522487171747	0.004872945516614817	3313	36323	-0.0009984057396650314	False	False
ULBP1	HCST+KLRK1	MHC_I_partial	0.028406257275491953	False	0.08328304164152082	0.004872945516614817	3314	36323	0.01668978715315461	False	0.044672502263809234	0.004872945516614817	3313	36323	0.011716470122337341	False	False
ULBP2	HCST+KLRK1	MHC_I_partial	0.09958276944234967	False	0.27851538925769465	0.004872945516614817	3314	36323	0.045337141025811434	False	0.13220645940235437	0.004872945516614817	3313	36323	0.05424562841653824	False	False
CCL19	CCR7	T_recruit	0.14116645152535057	False	0.0006035003017501509	0.13660765905899844	3314	36323	0.14143300519208424	False	0.0006036824630244491	0.13660765905899844	3313	36323	-0.000266553666733671	False	False
CCL21	CCR7	T_recruit	0.14238039636984468	False	0.0012070006035003018	0.13660765905899844	3314	36323	0.14154948643408716	False	0.001509206157561123	0.13660765905899844	3313	36323	0.0008309099357575178	False	False
CCL3	CCR1	T_recruit	0.0846862867474556	False	0.06397103198551599	0.07763675907826997	3314	36323	0.08198549319058657	False	0.04648354965288258	0.07763675907826997	3313	36323	0.00270079355686903	False	False
CCL3	CCR5	T_recruit	0.20924236625432968	False	0.06397103198551599	0.2071414806045756	3314	36323	0.20654157269746065	False	0.04648354965288258	0.2071414806045756	3313	36323	0.00270079355686903	False	False
CCL4	CCR5	T_recruit	0.21992042288184166	False	0.09384429692214846	0.2071414806045756	3314	36323	0.21486066654324532	False	0.06670691216420163	0.2071414806045756	3313	36323	0.005059756338596344	False	False
CCL5	CCR1	T_recruit	0.08618991822004318	False	0.05823777911888956	0.07763675907826997	3314	36323	0.09936880692839622	False	0.07032900694234832	0.07763675907826997	3313	36323	-0.013178888708353043	False	False
CCL5	CCR5	T_recruit	0.21074599772691727	False	0.05823777911888956	0.2071414806045756	3314	36323	0.2239248864352703	False	0.07032900694234832	0.2071414806045756	3313	36323	-0.013178888708353043	False	False
CX3CL1	CX3CR1	T_recruit	0.13699110224843025	False	0.12070006035003017	0.07378245188998706	3314	36323	0.13281340897083282	False	0.11952912767884093	0.07378245188998706	3313	36323	0.004177693277597427	False	False
CXCL10	CXCR3	T_recruit	0.2068454585969448	False	0.03108026554013277	0.2054070423698483	3314	36323	0.20581568218767643	False	0.03018412315122246	0.2054070423698483	3313	36323	0.0010297764092683792	False	False
CXCL11	CXCR3	T_recruit	0.1933503756299615	False	0.011466505733252867	0.2054070423698483	3314	36323	0.19088619062677026	False	0.010262601871415635	0.2054070423698483	3313	36323	0.0024641850031912327	False	False
CXCL12	CXCR4	T_recruit	1.3020825879648328	False	0.028364514182257092	0.8209949618698896	3314	36323	1.3055422911420465	False	0.038031995170540296	0.8209949618698896	3313	36323	-0.003459703177213669	False	False
CXCL13	CXCR5	T_recruit	0.04969021864235401	False	0.02112251056125528	0.046774770806376126	3314	36323	0.050151895731687546	False	0.023543616057953517	0.046774770806376126	3313	36323	-0.00046167708933353424	False	False
CXCL16	CXCR6	T_recruit	0.40662863850593567	True	0.4939649969824985	0.20518679624480357	3314	36323	0.39890579879283905	True	0.4591005131300936	0.20518679624480357	3313	36323	0.007722839713096619	True	True
CXCL9	CXCR3	T_recruit	0.19730795454233885	False	0.02715751357875679	0.2054070423698483	3314	36323	0.19708597101271152	False	0.02776939329912466	0.2054070423698483	3313	36323	0.00022198352962732315	False	False
CCL19	ACKR4	T_recruit_partial	0.0006308777010417543	False	0.0006035003017501509	0.0006882691407648047	3314	36323	0.0008974313677754253	False	0.0006036824630244491	0.0006882691407648047	3313	36323	-0.000266553666733671	False	False
CCL19	CCRL2	T_recruit_partial	0.026880419951339718	False	0.0006035003017501509	0.03320210335049418	3314	36323	0.02714697361807339	False	0.0006036824630244491	0.03320210335049418	3313	36323	-0.000266553666733671	False	False
CCL21	ACKR4	T_recruit_partial	0.0018448225455358624	False	0.0012070006035003018	0.0006882691407648047	3314	36323	0.0010139126097783446	False	0.001509206157561123	0.0006882691407648047	3313	36323	0.0008309099357575178	False	False
CCL23	CCR1	T_recruit_partial	0.06669584793417016	False	0.0006035003017501509	0.07763675907826997	3314	36323	0.06706204378861003	False	0.0006036824630244491	0.07763675907826997	3313	36323	-0.0003661958544398658	False	False
CCL3	ACKR2	T_recruit_partial	0.018320414295885712	False	0.06397103198551599	0.0003303691875671062	3314	36323	0.015619620739016682	False	0.04648354965288258	0.0003303691875671062	3313	36323	0.00270079355686903	False	False
CCL3	CCR3	T_recruit_partial	0.019392764195799828	False	0.06397103198551599	0.001624315172204939	3314	36323	0.016691970638930798	False	0.04648354965288258	0.001624315172204939	3313	36323	0.00270079355686903	False	False
CCL4	ACKR2	T_recruit_partial	0.02899847092339769	False	0.09384429692214846	0.0003303691875671062	3314	36323	0.023938714584801346	False	0.06670691216420163	0.0003303691875671062	3313	36323	0.005059756338596344	False	False
CCL5	ACKR1	T_recruit_partial	0.01987586621544324	False	0.05823777911888956	0.0003578999531976984	3314	36323	0.03305475492379628	False	0.07032900694234832	0.0003578999531976984	3313	36323	-0.013178888708353043	False	False
CCL5	ACKR2	T_recruit_partial	0.019824045768473297	False	0.05823777911888956	0.0003303691875671062	3314	36323	0.03300293447682634	False	0.07032900694234832	0.0003303691875671062	3313	36323	-0.013178888708353043	False	False
CCL5	CCR3	T_recruit_partial	0.020896395668387413	False	0.05823777911888956	0.001624315172204939	3314	36323	0.034075284376740456	False	0.07032900694234832	0.001624315172204939	3313	36323	-0.013178888708353043	False	False
CCL5	CCR4	T_recruit_partial	0.05713215842843056	False	0.05823777911888956	0.04294799438372381	3314	36323	0.0703110471367836	False	0.07032900694234832	0.04294799438372381	3313	36323	-0.013178888708353043	False	False
CCL5	GPR75	T_recruit_partial	0.020034023124026135	False	0.05823777911888956	0.0006056768438730281	3314	36323	0.03321291183237918	False	0.07032900694234832	0.0006056768438730281	3313	36323	-0.013178888708353043	False	False
CCL7	CCR1	T_recruit_partial	0.0676654753042385	False	0.0018105009052504525	0.07763675907826997	3314	36323	0.06730588059872389	False	0.0024147298520977964	0.07763675907826997	3313	36323	0.0003595947055146098	False	False
CCL7	CCR5	T_recruit_partial	0.19222155481111258	False	0.0018105009052504525	0.2071414806045756	3314	36323	0.19186196010559797	False	0.0024147298520977964	0.2071414806045756	3313	36323	0.0003595947055146098	False	False
CCL8	CCR1	T_recruit_partial	0.06929178116843104	False	0.01056125528062764	0.07763675907826997	3314	36323	0.06907828664407134	False	0.009357078176878962	0.07763675907826997	3313	36323	0.00021349452435970306	False	False
CCL8	CCR5	T_recruit_partial	0.19384786067530513	False	0.01056125528062764	0.2071414806045756	3314	36323	0.19363436615094543	False	0.009357078176878962	0.2071414806045756	3313	36323	0.00021349452435970306	False	False
CXCL10	DPP4	T_recruit_partial	0.06476185470819473	False	0.03108026554013277	0.05016105497893896	3314	36323	0.06373207829892635	False	0.03018412315122246	0.05016105497893896	3313	36323	0.0010297764092683792	False	False
CXCL11	ACKR3	T_recruit_partial	0.016265660058707	False	0.011466505733252867	0.008782314236158908	3314	36323	0.013801475055515766	False	0.010262601871415635	0.008782314236158908	3313	36323	0.0024641850031912327	False	False
CXCL11	DPP4	T_recruit_partial	0.051266771741211414	False	0.011466505733252867	0.05016105497893896	3314	36323	0.04880258673802018	False	0.010262601871415635	0.05016105497893896	3313	36323	0.0024641850031912327	False	False
CXCL12	DPP4	T_recruit_partial	0.050988526083528996	False	0.028364514182257092	0.05016105497893896	3314	36323	0.054448229260742664	False	0.038031995170540296	0.05016105497893896	3313	36323	-0.003459703177213669	False	False
CXCL13	ACKR4	T_recruit_partial	0.00748964271042496	False	0.02112251056125528	0.0006882691407648047	3314	36323	0.007951319799758494	False	0.023543616057953517	0.0006882691407648047	3313	36323	-0.00046167708933353424	False	False
CXCL14	CXCR4	T_recruit_partial	1.5667432844638824	True	0.555823777911889	0.8209949618698896	3314	36323	1.5915984511375427	True	0.5677633564744944	0.8209949618698896	3313	36323	-0.02485516667366028	True	True
CXCL9	DPP4	T_recruit_partial	0.05522435065358877	False	0.02715751357875679	0.05016105497893896	3314	36323	0.05500236712396145	False	0.02776939329912466	0.05016105497893896	3313	36323	0.00022198352962732315	False	False
PF4	CXCR3	T_recruit_partial	0.18667427310720086	False	0.0051297525648762825	0.2054070423698483	3314	36323	0.18613953329622746	False	0.005734983398732267	0.2054070423698483	3313	36323	0.0005347398109734058	False	False
ADCYAP1	VIPR1	other	0.007992264407221228	False	0.00030175015087507544	0.008919968064311869	3314	36323	0.008788367442321032	False	0.0024147298520977964	0.008919968064311869	3313	36323	-0.0007961030350998044	False	False
ADCYAP1	VIPR2	other	0.0013819385203532875	False	0.00030175015087507544	0.0015141921096825702	3314	36323	0.002178041555453092	False	0.0024147298520977964	0.0015141921096825702	3313	36323	-0.0007961030350998044	False	False
ADM2	CALCRL+RAMP2	other	0.06093875374062918	False	0.17712733856366927	0.0005230845469812516	3314	36323	0.03409750069840811	False	0.11017204950196197	0.0005230845469812516	3313	36323	0.02684125304222107	False	False
AGRN	PTPRS	other	0.05486866197315976	False	0.19251659625829812	0.0006882691407648047	3314	36323	0.07241232058731839	False	0.24720796860851194	0.0006882691407648047	3313	36323	-0.01754365861415863	False	False
AKR1B1	PTGFR	other	0.3868750186666148	False	0.6686783343391671	0.00027530765630592185	3314	36323	0.27895934898697305	False	0.5264111077573197	0.00027530765630592185	3313	36323	0.10791566967964172	False	False
AKR1C3	PTGDR	other	0.7326830290257931	False	0.7383826191913095	0.034716295460176745	3314	36323	0.6665526889264584	False	0.6151524298219136	0.034716295460176745	3313	36323	0.06613034009933472	False	False
AKR1C3	PTGFR	other	0.7001683266862528	False	0.7383826191913095	0.00027530765630592185	3314	36323	0.6340379865869181	False	0.6151524298219136	0.00027530765630592185	3313	36323	0.06613034009933472	False	False
ALCAM	CD6	other	0.757360652089119	True	0.7694628847314424	0.23527792307904083	3314	36323	0.6379122585058212	True	0.6205855719891337	0.23527792307904083	3313	36323	0.11944839358329773	True	True
ALDH1A1	CRABP2+RARA	other	0.6230421999935061	False	0.7257091128545564	0.004377391735264157	3314	36323	0.47589499154128134	False	0.5264111077573197	0.004377391735264157	3313	36323	0.14714720845222473	False	False
ALDH1A1	CRABP2+RARA+RXRA	other	0.6230421999935061	False	0.7257091128545564	0.004377391735264157	3314	36323	0.47589499154128134	False	0.5264111077573197	0.004377391735264157	3313	36323	0.14714720845222473	False	False
ALDH1A1	CRABP2+RARB	other	0.6196823300269898	False	0.7257091128545564	0.0005230845469812516	3314	36323	0.47253512157476507	False	0.5264111077573197	0.0005230845469812516	3313	36323	0.14714720845222473	False	False
ALDH1A1	CRABP2+RARB+RXRB	other	0.6196823300269898	False	0.7257091128545564	0.0005230845469812516	3314	36323	0.47253512157476507	False	0.5264111077573197	0.0005230845469812516	3313	36323	0.14714720845222473	False	False
ALDH1A1	CRABP2+RARG	other	0.6230421999935061	False	0.7257091128545564	0.004377391735264157	3314	36323	0.47589499154128134	False	0.5264111077573197	0.004377391735264157	3313	36323	0.14714720845222473	False	False
ALDH1A1	CRABP2+RXRA	other	0.6230421999935061	False	0.7257091128545564	0.004377391735264157	3314	36323	0.47589499154128134	False	0.5264111077573197	0.004377391735264157	3313	36323	0.14714720845222473	False	False
ALDH1A1	CRABP2+RXRB	other	0.6230421999935061	False	0.7257091128545564	0.004377391735264157	3314	36323	0.47589499154128134	False	0.5264111077573197	0.004377391735264157	3313	36323	0.14714720845222473	False	False
ALDH1A1	RORB	other	0.6208753265673295	False	0.7257091128545564	0.001927153594141453	3314	36323	0.47372811811510473	False	0.5264111077573197	0.001927153594141453	3313	36323	0.14714720845222473	False	False
ALDH1A2	CRABP2+RARA	other	0.005149121046997607	False	0.006940253470126735	0.004377391735264157	3314	36323	0.005305063910782337	False	0.00392393600965892	0.004377391735264157	3313	36323	-0.00015594286378473043	False	False
ALDH1A2	CRABP2+RARA+RXRA	other	0.005149121046997607	False	0.006940253470126735	0.004377391735264157	3314	36323	0.005305063910782337	False	0.00392393600965892	0.004377391735264157	3313	36323	-0.00015594286378473043	False	False
ALDH1A2	CRABP2+RARB	other	0.0017892510804813355	False	0.006940253470126735	0.0005230845469812516	3314	36323	0.001945193944266066	False	0.00392393600965892	0.0005230845469812516	3313	36323	-0.00015594286378473043	False	False
ALDH1A2	CRABP2+RARB+RXRB	other	0.0017892510804813355	False	0.006940253470126735	0.0005230845469812516	3314	36323	0.001945193944266066	False	0.00392393600965892	0.0005230845469812516	3313	36323	-0.00015594286378473043	False	False
ALDH1A2	CRABP2+RARG	other	0.005149121046997607	False	0.006940253470126735	0.004377391735264157	3314	36323	0.005305063910782337	False	0.00392393600965892	0.004377391735264157	3313	36323	-0.00015594286378473043	False	False
ALDH1A2	CRABP2+RXRA	other	0.005149121046997607	False	0.006940253470126735	0.004377391735264157	3314	36323	0.005305063910782337	False	0.00392393600965892	0.004377391735264157	3313	36323	-0.00015594286378473043	False	False
ALDH1A2	CRABP2+RXRB	other	0.005149121046997607	False	0.006940253470126735	0.004377391735264157	3314	36323	0.005305063910782337	False	0.00392393600965892	0.004377391735264157	3313	36323	-0.00015594286378473043	False	False
ALDH1A2	RORB	other	0.002982247620820999	False	0.006940253470126735	0.001927153594141453	3314	36323	0.0031381904846057296	False	0.00392393600965892	0.001927153594141453	3313	36323	-0.00015594286378473043	False	False
ALDH1A3	CRABP2+RARA	other	0.016658433014526963	False	0.03862401931200966	0.004377391735264157	3314	36323	0.022125723073258996	False	0.06067008753395714	0.004377391735264157	3313	36323	-0.005467290058732033	False	False
ALDH1A3	CRABP2+RARA+RXRA	other	0.016658433014526963	False	0.03862401931200966	0.004377391735264157	3314	36323	0.022125723073258996	False	0.06067008753395714	0.004377391735264157	3313	36323	-0.005467290058732033	False	False
ALDH1A3	CRABP2+RARB	other	0.013298563048010692	False	0.03862401931200966	0.0005230845469812516	3314	36323	0.018765853106742725	False	0.06067008753395714	0.0005230845469812516	3313	36323	-0.005467290058732033	False	False
ALDH1A3	CRABP2+RARB+RXRB	other	0.013298563048010692	False	0.03862401931200966	0.0005230845469812516	3314	36323	0.018765853106742725	False	0.06067008753395714	0.0005230845469812516	3313	36323	-0.005467290058732033	False	False
ALDH1A3	CRABP2+RARG	other	0.016658433014526963	False	0.03862401931200966	0.004377391735264157	3314	36323	0.022125723073258996	False	0.06067008753395714	0.004377391735264157	3313	36323	-0.005467290058732033	False	False
ALDH1A3	CRABP2+RXRA	other	0.016658433014526963	False	0.03862401931200966	0.004377391735264157	3314	36323	0.022125723073258996	False	0.06067008753395714	0.004377391735264157	3313	36323	-0.005467290058732033	False	False
ALDH1A3	CRABP2+RXRB	other	0.016658433014526963	False	0.03862401931200966	0.004377391735264157	3314	36323	0.022125723073258996	False	0.06067008753395714	0.004377391735264157	3313	36323	-0.005467290058732033	False	False
ALDH1A3	RORB	other	0.014491559588350356	False	0.03862401931200966	0.001927153594141453	3314	36323	0.01995884964708239	False	0.06067008753395714	0.001927153594141453	3313	36323	-0.005467290058732033	False	False
ALOX5+ALOX5AP+LTC4S	CYSLTR1	other	0.03815090749412775	False	0.0051297525648762825	0.04140627150841065	3314	36323	0.03775199706433341	False	0.00392393600965892	0.04140627150841065	3313	36323	0.0003989104297943413	False	False
ALOX5+ALOX5AP+LTC4S	CYSLTR2	other	0.010398627258837223	False	0.0051297525648762825	0.011149960080389836	3314	36323	0.009999716829042882	False	0.00392393600965892	0.011149960080389836	3313	36323	0.0003989104297943413	False	False
ALOX5+ALOX5AP+LTC4S	FPR2	other	0.002441358519718051	False	0.0051297525648762825	0.0017069074690967156	3314	36323	0.0020424480899237096	False	0.00392393600965892	0.0017069074690967156	3313	36323	0.0003989104297943413	False	False
ALOX5+ALOX5AP+LTC4S	OXER1	other	0.0011759069602703676	False	0.0051297525648762825	0.0001651845937835531	3314	36323	0.0007769965304760262	False	0.00392393600965892	0.0001651845937835531	3313	36323	0.0003989104297943413	False	False
AMH	ACVR1+AMHR2	other	0.008401396713452414	False	0.03108026554013277	0.00013765382815296093	3314	36323	0.005019458039896563	False	0.01931783881678237	0.00013765382815296093	3313	36323	0.003381938673555851	False	False
AMH	AMHR2+BMPR1A	other	0.008401396713452414	False	0.03108026554013277	0.00013765382815296093	3314	36323	0.005019458039896563	False	0.01931783881678237	0.00013765382815296093	3313	36323	0.003381938673555851	False	False
AMH	AMHR2+BMPR1B	other	0.008401396713452414	False	0.03108026554013277	0.00013765382815296093	3314	36323	0.005019458039896563	False	0.01931783881678237	0.00013765382815296093	3313	36323	0.003381938673555851	False	False
ANXA1	FPR1	other	1.2845161855220795	False	0.912190706095353	0.008837375767420092	3314	36323	0.8074847757816315	False	0.7829761545427105	0.008837375767420092	3313	36323	0.477031409740448	False	False
ANXA1	FPR2	other	1.2787009959574789	False	0.912190706095353	0.0017069074690967156	3314	36323	0.8016695862170309	False	0.7829761545427105	0.0017069074690967156	3313	36323	0.477031409740448	False	False
ANXA1	FPR3	other	1.280761253554374	False	0.912190706095353	0.004790353219723041	3314	36323	0.803729843813926	False	0.7829761545427105	0.004790353219723041	3313	36323	0.477031409740448	False	False
APLN	APLNR	other	0.0010377433864050545	False	0.004526252263126132	8.259229689177656e-05	3314	36323	0.0020319869290688075	False	0.009357078176878962	8.259229689177656e-05	3313	36323	-0.000994243542663753	False	False
APLP2	PIGR	other	0.5686922934837639	False	0.836149668074834	0.004377391735264157	3314	36323	0.5712256100960076	False	0.7570178086326592	0.004377391735264157	3313	36323	-0.0025333166122436523	False	False
APLP2	PLXNA4	other	0.566335458541289	False	0.836149668074834	0.0018170305316190843	3314	36323	0.5688687751535326	False	0.7570178086326592	0.0018170305316190843	3313	36323	-0.0025333166122436523	False	False
APOA1	ABCA1	other	0.020409641234437004	False	0.00030175015087507544	0.023263496957850398	3314	36323	0.020487090660026297	False	0.0009055236945366737	0.023263496957850398	3313	36323	-7.744942558929324e-05	False	False
APOA1	AMN+CUBN	other	0.00105490701389499	False	0.00030175015087507544	0.0012113536877460562	3314	36323	0.0011323564394842833	False	0.0009055236945366737	0.0012113536877460562	3313	36323	-7.744942558929324e-05	False	False
APOA1	TREM2+TYROBP	other	0.002202690957346931	False	0.00030175015087507544	0.0026980150317980345	3314	36323	0.0022801403829362243	False	0.0009055236945366737	0.0026980150317980345	3313	36323	-7.744942558929324e-05	False	False
APOB	APOBR	other	0.036551842640619725	False	0.0012070006035003018	0.04410428654020868	3314	36323	0.03616616495128255	False	0.0006036824630244491	0.04410428654020868	3313	36323	0.0003856776893371716	False	False
APOB	TREM2+TYROBP	other	0.0025826377677731216	False	0.0012070006035003018	0.0026980150317980345	3314	36323	0.00219696007843595	False	0.0006036824630244491	0.0026980150317980345	3313	36323	0.0003856776893371716	False	False
APOE	TREM2+TYROBP	other	0.030552074313163757	False	0.09806879903439952	0.0026980150317980345	3314	36323	0.027233704924583435	False	0.08904316329610625	0.0026980150317980345	3313	36323	0.0033183693885803223	False	False
APP	CD74	other	1.8661839962005615	True	0.8277006638503319	0.8731382319742312	3314	36323	1.8521228432655334	True	0.7434349532146091	0.8731382319742312	3313	36323	0.014061152935028076	True	True
APP	FPR2	other	0.5270342116709799	False	0.8277006638503319	0.0017069074690967156	3314	36323	0.5129730587359518	False	0.7434349532146091	0.0017069074690967156	3313	36323	0.014061152935028076	False	False
APP	PLXNA4	other	0.5271445701364428	False	0.8277006638503319	0.0018170305316190843	3314	36323	0.5130834172014147	False	0.7434349532146091	0.0018170305316190843	3313	36323	0.014061152935028076	False	False
APP	SORL1	other	0.6957040727138519	True	0.8277006638503319	0.17718800759849132	3314	36323	0.6816429197788239	True	0.7434349532146091	0.17718800759849132	3313	36323	0.014061152935028076	True	True
APP	TNFRSF21	other	0.5288880795706064	False	0.8277006638503319	0.00440492250089475	3314	36323	0.5148269266355783	False	0.7434349532146091	0.00440492250089475	3313	36323	0.014061152935028076	False	False
APP	TREM2+TYROBP	other	0.5277439616620541	False	0.8277006638503319	0.0026980150317980345	3314	36323	0.513682808727026	False	0.7434349532146091	0.0026980150317980345	3313	36323	0.014061152935028076	False	False
AREG	EGFR	other	0.24268089653924108	False	0.44296922148461076	0.004845414750984225	3314	36323	0.12925486685708165	False	0.27226079082402654	0.004845414750984225	3313	36323	0.11342602968215942	False	False
ARTN	GFRA1+RET	other	0.1962417156464653	False	0.4785757392878696	0.00022024612504473748	3314	36323	0.13005245635577012	False	0.3392695442197404	0.00022024612504473748	3313	36323	0.06618925929069519	False	False
ARTN	GFRA3+RET	other	0.1963455147051718	False	0.4785757392878696	0.0004129614844588828	3314	36323	0.13015625541447662	False	0.3392695442197404	0.0004129614844588828	3313	36323	0.06618925929069519	False	False
BAG6	NCR3	other	0.20281528308987617	False	0.47404948702474353	0.03210087272527049	3314	36323	0.23055026307702065	False	0.48143676426199816	0.03210087272527049	3313	36323	-0.02773497998714447	False	False
BDNF	NGFR	other	0.05562475905753672	False	0.17260108630054316	0.003413814938193431	3314	36323	0.03675636858679354	False	0.1216420162994265	0.003413814938193431	3313	36323	0.01886839047074318	False	False
BDNF	NTRK2	other	0.06324444711208344	False	0.17260108630054316	0.011370206205434573	3314	36323	0.044376056641340256	False	0.1216420162994265	0.011370206205434573	3313	36323	0.01886839047074318	False	False
BDNF	SORT1	other	0.05606262502260506	False	0.17260108630054316	0.004459984032155934	3314	36323	0.03719423455186188	False	0.1216420162994265	0.004459984032155934	3313	36323	0.01886839047074318	False	False
BMP2	ACVR2A+BMPR1A	other	0.0670184101909399	False	0.12009656004828002	0.016325744018941168	3314	36323	0.0841625053435564	False	0.1020223362511319	0.016325744018941168	3313	36323	-0.0171440951526165	False	False
BMP2	ACVR2A+BMPR1B	other	0.05393400565662887	False	0.12009656004828002	0.0003578999531976984	3314	36323	0.07107810080924537	False	0.1020223362511319	0.0003578999531976984	3313	36323	-0.0171440951526165	False	False
BMP2	ACVR2B+BMPR1A	other	0.06249348912388086	False	0.12009656004828002	0.01032403711147207	3314	36323	0.07963758427649736	False	0.1020223362511319	0.01032403711147207	3313	36323	-0.0171440951526165	False	False
BMP2	ACVR2B+BMPR1B	other	0.05393400565662887	False	0.12009656004828002	0.0003578999531976984	3314	36323	0.07107810080924537	False	0.1020223362511319	0.0003578999531976984	3313	36323	-0.0171440951526165	False	False
BMP2	BMPR1A+BMPR2	other	0.0670184101909399	False	0.12009656004828002	0.016325744018941168	3314	36323	0.0841625053435564	False	0.1020223362511319	0.016325744018941168	3313	36323	-0.0171440951526165	False	False
BMP2	BMPR1B+BMPR2	other	0.05393400565662887	False	0.12009656004828002	0.0003578999531976984	3314	36323	0.07107810080924537	False	0.1020223362511319	0.0003578999531976984	3313	36323	-0.0171440951526165	False	False
BMP4	ACVR2A+BMPR1A	other	0.021468142047524452	False	0.03138201569100785	0.016325744018941168	3314	36323	0.01979130832478404	False	0.02897675822517356	0.016325744018941168	3313	36323	0.0016768337227404118	False	False
BMP4	ACVR2A+BMPR1B	other	0.008383737513213418	False	0.03138201569100785	0.0003578999531976984	3314	36323	0.006706903790473007	False	0.02897675822517356	0.0003578999531976984	3313	36323	0.0016768337227404118	False	False
BMP4	ACVR2B+BMPR1A	other	0.016943220980465412	False	0.03138201569100785	0.01032403711147207	3314	36323	0.015266387257725	False	0.02897675822517356	0.01032403711147207	3313	36323	0.0016768337227404118	False	False
BMP4	ACVR2B+BMPR1B	other	0.008383737513213418	False	0.03138201569100785	0.0003578999531976984	3314	36323	0.006706903790473007	False	0.02897675822517356	0.0003578999531976984	3313	36323	0.0016768337227404118	False	False
BMP4	BMPR1A+BMPR2	other	0.021468142047524452	False	0.03138201569100785	0.016325744018941168	3314	36323	0.01979130832478404	False	0.02897675822517356	0.016325744018941168	3313	36323	0.0016768337227404118	False	False
BMP4	BMPR1B+BMPR2	other	0.008383737513213418	False	0.03138201569100785	0.0003578999531976984	3314	36323	0.006706903790473007	False	0.02897675822517356	0.0003578999531976984	3313	36323	0.0016768337227404118	False	False
BMP5	ACVR1+ACVR2A	other	0.015751646482385695	False	0.0015087507543753772	0.01635327478457176	3314	36323	0.015444981632754207	False	0.003622094778146695	0.01635327478457176	3313	36323	0.0003066648496314883	False	False
BMP5	ACVR1+ACVR2B	other	0.010168775566853583	False	0.0015087507543753772	0.01032403711147207	3314	36323	0.009862110717222095	False	0.003622094778146695	0.01032403711147207	3313	36323	0.0003066648496314883	False	False
BMP5	ACVR1+BMPR2	other	0.0348475897917524	False	0.0015087507543753772	0.040855656195798805	3314	36323	0.03454092494212091	False	0.003622094778146695	0.040855656195798805	3313	36323	0.0003066648496314883	False	False
BMP5	ACVR2A+BMPR1A	other	0.014693696633912623	False	0.0015087507543753772	0.016325744018941168	3314	36323	0.014387031784281135	False	0.003622094778146695	0.016325744018941168	3313	36323	0.0003066648496314883	False	False
BMP5	ACVR2A+BMPR1B	other	0.0016092920996015891	False	0.0015087507543753772	0.0003578999531976984	3314	36323	0.0013026272499701008	False	0.003622094778146695	0.0003578999531976984	3313	36323	0.0003066648496314883	False	False
BMP5	ACVR2B+BMPR1A	other	0.010168775566853583	False	0.0015087507543753772	0.01032403711147207	3314	36323	0.009862110717222095	False	0.003622094778146695	0.01032403711147207	3313	36323	0.0003066648496314883	False	False
BMP5	ACVR2B+BMPR1B	other	0.0016092920996015891	False	0.0015087507543753772	0.0003578999531976984	3314	36323	0.0013026272499701008	False	0.003622094778146695	0.0003578999531976984	3313	36323	0.0003066648496314883	False	False
BMP5	BMPR1A+BMPR2	other	0.014693696633912623	False	0.0015087507543753772	0.016325744018941168	3314	36323	0.014387031784281135	False	0.003622094778146695	0.016325744018941168	3313	36323	0.0003066648496314883	False	False
BMP5	BMPR1B+BMPR2	other	0.0016092920996015891	False	0.0015087507543753772	0.0003578999531976984	3314	36323	0.0013026272499701008	False	0.003622094778146695	0.0003578999531976984	3313	36323	0.0003066648496314883	False	False
BMP6	ACVR1+ACVR2A	other	0.016054567764513195	False	0.005733252866626433	0.01635327478457176	3314	36323	0.015957737574353814	False	0.005433142167220043	0.01635327478457176	3313	36323	9.683019015938044e-05	False	False
BMP6	ACVR1+ACVR2B	other	0.010471696848981082	False	0.005733252866626433	0.01032403711147207	3314	36323	0.010374866658821702	False	0.005433142167220043	0.01032403711147207	3313	36323	9.683019015938044e-05	False	False
BMP6	ACVR1+BMPR2	other	0.0351505110738799	False	0.005733252866626433	0.040855656195798805	3314	36323	0.03505368088372052	False	0.005433142167220043	0.040855656195798805	3313	36323	9.683019015938044e-05	False	False
BMP6	ACVR2A+BMPR1A	other	0.014996617916040123	False	0.005733252866626433	0.016325744018941168	3314	36323	0.014899787725880742	False	0.005433142167220043	0.016325744018941168	3313	36323	9.683019015938044e-05	False	False
BMP6	ACVR2A+BMPR1B	other	0.0019122133817290887	False	0.005733252866626433	0.0003578999531976984	3314	36323	0.0018153831915697083	False	0.005433142167220043	0.0003578999531976984	3313	36323	9.683019015938044e-05	False	False
BMP6	ACVR2B+BMPR1A	other	0.010471696848981082	False	0.005733252866626433	0.01032403711147207	3314	36323	0.010374866658821702	False	0.005433142167220043	0.01032403711147207	3313	36323	9.683019015938044e-05	False	False
BMP6	ACVR2B+BMPR1B	other	0.0019122133817290887	False	0.005733252866626433	0.0003578999531976984	3314	36323	0.0018153831915697083	False	0.005433142167220043	0.0003578999531976984	3313	36323	9.683019015938044e-05	False	False
BMP6	BMPR1A+BMPR2	other	0.014996617916040123	False	0.005733252866626433	0.016325744018941168	3314	36323	0.014899787725880742	False	0.005433142167220043	0.016325744018941168	3313	36323	9.683019015938044e-05	False	False
BMP6	BMPR1B+BMPR2	other	0.0019122133817290887	False	0.005733252866626433	0.0003578999531976984	3314	36323	0.0018153831915697083	False	0.005433142167220043	0.0003578999531976984	3313	36323	9.683019015938044e-05	False	False
BMP7	ACVR1+ACVR2A	other	0.18474957998842	False	0.43633071816535907	0.01635327478457176	3314	36323	0.14667705353349447	False	0.3268940537277392	0.01635327478457176	3313	36323	0.03807252645492554	False	False
BMP7	ACVR1+ACVR2B	other	0.1791667090728879	False	0.43633071816535907	0.01032403711147207	3314	36323	0.14109418261796236	False	0.3268940537277392	0.01032403711147207	3313	36323	0.03807252645492554	False	False
BMP7	ACVR1+BMPR2	other	0.2038455232977867	False	0.43633071816535907	0.040855656195798805	3314	36323	0.16577299684286118	False	0.3268940537277392	0.040855656195798805	3313	36323	0.03807252645492554	False	False
BMP7	ACVR2A+BMPR1A	other	0.18369163013994694	False	0.43633071816535907	0.016325744018941168	3314	36323	0.1456191036850214	False	0.3268940537277392	0.016325744018941168	3313	36323	0.03807252645492554	False	False
BMP7	ACVR2A+BMPR1B	other	0.1706072256056359	False	0.43633071816535907	0.0003578999531976984	3314	36323	0.13253469915071037	False	0.3268940537277392	0.0003578999531976984	3313	36323	0.03807252645492554	False	False
BMP7	ACVR2B+BMPR1A	other	0.1791667090728879	False	0.43633071816535907	0.01032403711147207	3314	36323	0.14109418261796236	False	0.3268940537277392	0.01032403711147207	3313	36323	0.03807252645492554	False	False
BMP7	ACVR2B+BMPR1B	other	0.1706072256056359	False	0.43633071816535907	0.0003578999531976984	3314	36323	0.13253469915071037	False	0.3268940537277392	0.0003578999531976984	3313	36323	0.03807252645492554	False	False
BMP7	BMPR1A+BMPR2	other	0.18369163013994694	False	0.43633071816535907	0.016325744018941168	3314	36323	0.1456191036850214	False	0.3268940537277392	0.016325744018941168	3313	36323	0.03807252645492554	False	False
BMP7	BMPR1B+BMPR2	other	0.1706072256056359	False	0.43633071816535907	0.0003578999531976984	3314	36323	0.13253469915071037	False	0.3268940537277392	0.0003578999531976984	3313	36323	0.03807252645492554	False	False
BMPR1B+BMPR2	BMPR1A	other	0.014529089559800923	False	0.006940253470126735	0.016325744018941168	3314	36323	0.015122273121960461	False	0.008451554482342288	0.016325744018941168	3313	36323	-0.0005931835621595383	False	False
BST2	LILRA4	other	0.09338549652602524	False	0.16898008449004223	0.0010461690939625031	3314	36323	0.15921238937880844	False	0.29157862964080894	0.0010461690939625031	3313	36323	-0.0658268928527832	False	False
BTC	EGFR	other	0.05918200733140111	False	0.17018708509354255	0.004845414750984225	3314	36323	0.03100808383896947	False	0.09749471777844854	0.004845414750984225	3313	36323	0.02817392349243164	False	False
BTC	ERBB3	other	0.06126945558935404	False	0.17018708509354255	0.0071304682983233765	3314	36323	0.0330955320969224	False	0.09749471777844854	0.0071304682983233765	3313	36323	0.02817392349243164	False	False
BTC	ERBB4	other	0.05566843776614405	False	0.17018708509354255	0.0006056768438730281	3314	36323	0.02749451427371241	False	0.09749471777844854	0.0006056768438730281	3313	36323	0.02817392349243164	False	False
BTLA	TNFRSF14	other	0.08905638207215816	False	0.0033192516596258297	0.10425900944305261	3314	36323	0.08898379822494462	False	0.0018110473890733474	0.10425900944305261	3313	36323	7.25838472135365e-05	False	False
C1QL3	ADGRB3	other	0.00046032951649976894	False	0.0009052504526252263	0.00013765382815296093	3314	36323	0.00024012743233470246	False	0.0012073649260488982	0.00013765382815296093	3313	36323	0.00022020208416506648	False	False
C3	C3AR1	other	0.16676711291074753	False	0.14302957151478576	0.026677311896043828	3314	36323	0.33392342180013657	False	0.30274675520676125	0.026677311896043828	3313	36323	-0.16715630888938904	False	False
C3	C5AR2	other	0.14616695954464376	False	0.14302957151478576	0.0016518459378355311	3314	36323	0.3133232684340328	False	0.30274675520676125	0.0016518459378355311	3313	36323	-0.16715630888938904	False	False
C3	ITGAM+ITGB2	other	0.16589211858808994	False	0.14302957151478576	0.023841643036092833	3314	36323	0.333048427477479	False	0.30274675520676125	0.023841643036092833	3313	36323	-0.16715630888938904	False	False
C5	C5AR1	other	0.029007140547037125	False	0.04556427278213639	0.019712028191504007	3314	36323	0.028954830020666122	False	0.04829459704195593	0.019712028191504007	3313	36323	5.23105263710022e-05	False	False
C5	C5AR2	other	0.013703411212190986	False	0.04556427278213639	0.0016518459378355311	3314	36323	0.013651100685819983	False	0.04829459704195593	0.0016518459378355311	3313	36323	5.23105263710022e-05	False	False
CADM1	CADM1	other	0.047861707396805286	False	0.03922751961375981	0.04033257164881755	3314	36323	0.04412909410893917	False	0.02837307576214911	0.04033257164881755	3313	36323	0.0037326132878661156	False	False
CADM1	NECTIN3	other	0.03441095817834139	False	0.03922751961375981	0.028163973240095806	3314	36323	0.030678344890475273	False	0.02837307576214911	0.028163973240095806	3313	36323	0.0037326132878661156	False	False
CADM3	CADM1	other	0.03729148372076452	False	0.004224502112251056	0.04033257164881755	3314	36323	0.03720534103922546	False	0.006338665861756716	0.04033257164881755	3313	36323	8.614268153905869e-05	False	False
CADM3	CADM4	other	0.002728939172811806	False	0.004224502112251056	0.0018445612972496765	3314	36323	0.0026427964912727475	False	0.006338665861756716	0.0018445612972496765	3313	36323	8.614268153905869e-05	False	False
CADM3	EPB41L1	other	0.004924654960632324	False	0.004224502112251056	0.0045425763290477105	3314	36323	0.0048385122790932655	False	0.006338665861756716	0.0045425763290477105	3313	36323	8.614268153905869e-05	False	False
CADM3	NECTIN3	other	0.02384073450230062	False	0.004224502112251056	0.028163973240095806	3314	36323	0.02375459182076156	False	0.006338665861756716	0.028163973240095806	3313	36323	8.614268153905869e-05	False	False
CALCB	CALCR	other	0.0014203708851709962	False	0.006638503319251659	0.00011012306252236874	3314	36323	0.0012659876374527812	False	0.005131300935707818	0.00011012306252236874	3313	36323	0.000154383247718215	False	False
CALCB	CALCRL+RAMP1	other	0.0018821142730303109	False	0.006638503319251659	0.0009635767970707265	3314	36323	0.0017277310253120959	False	0.005131300935707818	0.0009635767970707265	3313	36323	0.000154383247718215	False	False
CBR1	PTGFR	other	0.658842161486973	False	0.7742908871454436	0.00027530765630592185	3314	36323	0.5373792799218791	False	0.6389978871113794	0.00027530765630592185	3313	36323	0.121462881565094	False	False
CCL11	ACKR2	other	0.00047013245057314634	False	0.0009052504526252263	0.0003303691875671062	3314	36323	0.0003814165393123403	False	0.0006036824630244491	0.0003303691875671062	3313	36323	8.871591126080602e-05	False	False
CCL11	CCR3	other	0.001542482350487262	False	0.0009052504526252263	0.001624315172204939	3314	36323	0.001453766439226456	False	0.0006036824630244491	0.001624315172204939	3313	36323	8.871591126080602e-05	False	False
CCL11	DPP4	other	0.04285650124074891	False	0.0009052504526252263	0.05016105497893896	3314	36323	0.042767785329488106	False	0.0006036824630244491	0.05016105497893896	3313	36323	8.871591126080602e-05	False	False
CCL13	ACKR2	other	0.000986422528512776	False	0.0030175015087507543	0.0003303691875671062	3314	36323	0.0012081238673999906	False	0.00392393600965892	0.0003303691875671062	3313	36323	-0.00022170133888721466	False	False
CCL13	CCR2	other	0.018848199455533177	False	0.0030175015087507543	0.020207581972854664	3314	36323	0.01906990079442039	False	0.00392393600965892	0.020207581972854664	3313	36323	-0.00022170133888721466	False	False
CCL13	CCR3	other	0.0020587724284268916	False	0.0030175015087507543	0.001624315172204939	3314	36323	0.0022804737673141062	False	0.00392393600965892	0.001624315172204939	3313	36323	-0.00022170133888721466	False	False
CCL17	CCR4	other	0.04465239029377699	False	0.02444176222088111	0.04294799438372381	3314	36323	0.03966229036450386	False	0.006338665861756716	0.04294799438372381	3313	36323	0.0049900999292731285	False	False
CCL18	CCR8	other	0.0387475099414587	False	0.09776704888352444	0.008451945048591801	3314	36323	0.0278194397687912	False	0.0676124358587383	0.008451945048591801	3313	36323	0.010928070172667503	False	False
CCL2	ACKR1	other	0.0063754192960914224	False	0.015087507543753771	0.0003578999531976984	3314	36323	0.0037767697067465633	False	0.009357078176878962	0.0003578999531976984	3313	36323	0.002598649589344859	False	False
CCL2	ACKR2	other	0.006323598849121481	False	0.015087507543753771	0.0003303691875671062	3314	36323	0.003724949259776622	False	0.009357078176878962	0.0003303691875671062	3313	36323	0.002598649589344859	False	False
CCL2	CCR2	other	0.024185375776141882	False	0.015087507543753771	0.020207581972854664	3314	36323	0.021586726186797023	False	0.009357078176878962	0.020207581972854664	3313	36323	0.002598649589344859	False	False
CCL22	CCR4	other	0.04467444960027933	False	0.021424260712130355	0.04294799438372381	3314	36323	0.043558784294873476	False	0.015393902807123452	0.04294799438372381	3313	36323	0.0011156653054058552	False	False
CCL22	DPP4	other	0.04975270573049784	False	0.021424260712130355	0.05016105497893896	3314	36323	0.04863704042509198	False	0.015393902807123452	0.05016105497893896	3313	36323	0.0011156653054058552	False	False
CCL23	FPR2	other	0.0015010509305284359	False	0.0006035003017501509	0.0017069074690967156	3314	36323	0.0018672467849683017	False	0.0006036824630244491	0.0017069074690967156	3313	36323	-0.0003661958544398658	False	False
CCL25	ACKR4	other	0.0005534321026061662	False	0.00030175015087507544	0.0006882691407648047	3314	36323	0.0008219917654059827	False	0.0006036824630244491	0.0006882691407648047	3313	36323	-0.0002685596627998166	False	False
CCL25	CCR9	other	0.0008325965100084431	False	0.00030175015087507544	0.0008534537345483578	3314	36323	0.0011011561728082597	False	0.0006036824630244491	0.0008534537345483578	3313	36323	-0.0002685596627998166	False	False
CCL28	CCR10	other	0.027061439934186637	False	0.09233554616777308	0.0006056768438730281	3314	36323	0.02502167585771531	False	0.08934500452761847	0.0006056768438730281	3313	36323	0.0020397640764713287	False	False
CCL7	ACKR2	other	0.0012996028526686132	False	0.0018105009052504525	0.0003303691875671062	3314	36323	0.0009400081471540034	False	0.0024147298520977964	0.0003303691875671062	3313	36323	0.0003595947055146098	False	False
CCL7	CCR2	other	0.019161379779689014	False	0.0018105009052504525	0.020207581972854664	3314	36323	0.018801785074174404	False	0.0024147298520977964	0.020207581972854664	3313	36323	0.0003595947055146098	False	False
CCL7	CCR3	other	0.002371952752582729	False	0.0018105009052504525	0.001624315172204939	3314	36323	0.002012358047068119	False	0.0024147298520977964	0.001624315172204939	3313	36323	0.0003595947055146098	False	False
CCL8	ACKR2	other	0.0029259087168611586	False	0.01056125528062764	0.0003303691875671062	3314	36323	0.0027124141925014555	False	0.009357078176878962	0.0003303691875671062	3313	36323	0.00021349452435970306	False	False
CCL8	CCR2	other	0.02078768564388156	False	0.01056125528062764	0.020207581972854664	3314	36323	0.020574191119521856	False	0.009357078176878962	0.020207581972854664	3313	36323	0.00021349452435970306	False	False
CCL8	CCR3	other	0.003998258616775274	False	0.01056125528062764	0.001624315172204939	3314	36323	0.003784764092415571	False	0.009357078176878962	0.001624315172204939	3313	36323	0.00021349452435970306	False	False
CD160	TNFRSF14	other	0.0889678755775094	False	0.0024140012070006035	0.10425900944305261	3314	36323	0.08901728177443147	False	0.0027165710836100213	0.10425900944305261	3313	36323	-4.940619692206383e-05	False	False
CD177	PECAM1	other	0.12661699950695038	False	0.08569704284852142	0.0859785810643394	3314	36323	0.18840891122817993	False	0.1168125565952309	0.0859785810643394	3313	36323	-0.06179191172122955	False	False
CD200	CD200R1	other	0.06521075824275613	False	0.020217260108630054	0.06596371445089888	3314	36323	0.06657997332513332	False	0.02505282221551464	0.06596371445089888	3313	36323	-0.0013692150823771954	False	False
CD226	NECTIN2	other	0.004630770185030997	False	0.006035003017501509	0.005093191641659555	3314	36323	0.005138367065228522	False	0.004829459704195593	0.005093191641659555	3313	36323	-0.000507596880197525	False	False
CD24	SELP	other	0.6791505797300488	False	0.7652383826191913	0.003358753406932247	3314	36323	0.45073386863805354	False	0.5852701479022034	0.003358753406932247	3313	36323	0.22841671109199524	False	False
CD248	IL6R	other	0.11211542214732617	False	0.00030175015087507544	0.11863006910222174	3314	36323	0.1120954031994188	False	0.00030184123151222455	0.11863006910222174	3313	36323	2.001894790737424e-05	False	False
CD274	CD80	other	0.04587302077561617	False	0.11828605914302957	0.010984775486606282	3314	36323	0.05210972297936678	False	0.13582855418050105	0.010984775486606282	3313	36323	-0.00623670220375061	False	False
CD274	PDCD1	other	0.24477987736463547	True	0.11828605914302957	0.21749304848167827	3314	36323	0.2510165795683861	True	0.13582855418050105	0.21749304848167827	3313	36323	-0.00623670220375061	True	True
CD276	TREML2	other	0.14872307883342728	False	0.40464695232347614	0.0009360460314401343	3314	36323	0.16193865047534928	False	0.41986115303350435	0.0009360460314401343	3313	36323	-0.013215571641921997	False	False
CD320	JAML	other	0.2211543507874012	True	0.14484007242003621	0.1934036285549101	3314	36323	0.2332947514951229	True	0.18683972230606702	0.1934036285549101	3313	36323	-0.01214040070772171	True	True
CD34	SELL	other	0.25951600540429354	False	0.003621001810500905	0.23269003110976516	3314	36323	0.2592928542289883	False	0.0033202535466344703	0.23269003110976516	3313	36323	0.0002231511753052473	False	False
CD34	SELP	other	0.00362471048720181	False	0.003621001810500905	0.003358753406932247	3314	36323	0.0034015593118965626	False	0.0033202535466344703	0.003358753406932247	3313	36323	0.0002231511753052473	False	False
CD40LG	CD40	other	0.008053437399212271	False	0.002715751357875679	0.009608237205076673	3314	36323	0.009019504184834659	False	0.004527618472683369	0.009608237205076673	3313	36323	-0.0009660667856223881	False	False
CD40LG	ITGA5+ITGB1	other	0.06982953479746357	False	0.002715751357875679	0.0771962668281805	3314	36323	0.07079560158308595	False	0.004527618472683369	0.0771962668281805	3313	36323	-0.0009660667856223881	False	False
CD44	SELE	other	0.5153717058856273	False	0.7592033796016898	5.506153126118437e-05	3314	36323	0.45398601471970323	False	0.6211892544521581	5.506153126118437e-05	3313	36323	0.06138569116592407	False	False
CD44	TYROBP	other	0.6401664614677429	True	0.7592033796016898	0.12278721471244115	3314	36323	0.5787807703018188	True	0.6211892544521581	0.12278721471244115	3313	36323	0.06138569116592407	True	True
CD47	SIRPA	other	0.2327240677550435	False	0.5162945081472541	0.008837375767420092	3314	36323	0.23350923974066973	False	0.49652882583760943	0.008837375767420092	3313	36323	-0.0007851719856262207	False	False
CD47	SIRPB1+TYROBP	other	0.24225440435111523	False	0.5162945081472541	0.019739558957134598	3314	36323	0.24303957633674145	False	0.49652882583760943	0.019739558957134598	3313	36323	-0.0007851719856262207	False	False
CD47	SIRPG	other	0.5131716281175613	True	0.5162945081472541	0.296699061200892	3314	36323	0.5139568001031876	True	0.49652882583760943	0.296699061200892	3313	36323	-0.0007851719856262207	True	True
CD48	CD244	other	0.048372527584433556	False	0.015389257694628847	0.05206067780744982	3314	36323	0.051366763189435005	False	0.018412315122245698	0.05206067780744982	3313	36323	-0.0029942356050014496	False	False
CD52	SIGLEC10	other	0.015044045634567738	False	0.02504526252263126	0.007102937532692784	3314	36323	0.020340614952147007	False	0.026562028373075763	0.007102937532692784	3313	36323	-0.005296569317579269	False	False
CD55	ADGRE5	other	0.5383790582418442	True	0.4375377187688594	0.34509814717947307	3314	36323	0.5482518076896667	True	0.38846966495623303	0.34509814717947307	3313	36323	-0.00987274944782257	True	True
CD58	CD2	other	1.1984445750713348	True	0.22540736270368136	0.8503152272664702	3314	36323	1.2008178159594536	True	0.22668276486568065	0.8503152272664702	3313	36323	-0.002373240888118744	True	True
CD70	CD27	other	0.18622495350427926	False	0.003922751961375981	0.19998348154062165	3314	36323	0.18797097518108785	False	0.00724418955629339	0.19998348154062165	3313	36323	-0.0017460216768085957	False	False
CD80	CD28	other	0.16273221297888085	False	0.0012070006035003018	0.17699529223907717	3314	36323	0.16272052220301703	False	0.002112888620585572	0.17699529223907717	3313	36323	1.1690775863826275e-05	False	False
CD80	CTLA4	other	0.2877219609799795	False	0.0012070006035003018	0.2760234562123173	3314	36323	0.28771027020411566	False	0.002112888620585572	0.2760234562123173	3313	36323	1.1690775863826275e-05	False	False
CD80	NGFR	other	0.0033223344362340868	False	0.0012070006035003018	0.003413814938193431	3314	36323	0.0033106436603702605	False	0.002112888620585572	0.003413814938193431	3313	36323	1.1690775863826275e-05	False	False
CD86	CD28	other	0.17017993424087763	False	0.03228726614363307	0.17699529223907717	3314	36323	0.1675971676595509	False	0.02052520374283127	0.17699529223907717	3313	36323	0.002582766581326723	False	False
CD86	CTLA4	other	0.29516968224197626	False	0.03228726614363307	0.2760234562123173	3314	36323	0.29258691566064954	False	0.02052520374283127	0.2760234562123173	3313	36323	0.002582766581326723	False	False
CD96	NECTIN1	other	0.01708384556695819	False	0.04133977066988533	0.008121575861024695	3314	36323	0.018096161540597677	False	0.02988228191971023	0.008121575861024695	3313	36323	-0.0010123159736394882	False	False
CD99	PILRA	other	0.49912592861801386	False	0.803862401931201	0.007460837485890483	3314	36323	0.5208090553060174	False	0.735285239963779	0.007460837485890483	3313	36323	-0.02168312668800354	False	False
CDH1	ITGA2+ITGB1	other	0.45022014901041985	False	0.7676523838261919	0.027640888693114554	3314	36323	0.34138528630137444	False	0.6217929369151826	0.027640888693114554	3313	36323	0.10883486270904541	False	False
CDH1	ITGAE+ITGB7	other	0.6074361652135849	True	0.7676523838261919	0.19329350549238775	3314	36323	0.4986013025045395	True	0.6217929369151826	0.19329350549238775	3313	36323	0.10883486270904541	True	True
CDH1	KLRG1	other	0.5286227241158485	True	0.7676523838261919	0.10271728656773944	3314	36323	0.41978786140680313	True	0.6217929369151826	0.10271728656773944	3313	36323	0.10883486270904541	True	True
CDH2	CDH2	other	0.0015884329041000456	False	0.003922751961375981	0.0003578999531976984	3314	36323	0.0015502583410125226	False	0.004829459704195593	0.0003578999531976984	3313	36323	3.8174563087522984e-05	False	False
CDH2	FCER2	other	0.002006515336688608	False	0.003922751961375981	0.0007708614376565812	3314	36323	0.001968340773601085	False	0.004829459704195593	0.0007708614376565812	3313	36323	3.8174563087522984e-05	False	False
CDH3	CDH3	other	0.1639441903680563	False	0.38020519010259507	0.0036340610632381687	3314	36323	0.1984057929366827	False	0.43555689707214007	0.0036340610632381687	3313	36323	-0.034461602568626404	False	False
CDH5	CDH5	other	0.0022876605507917702	False	0.008750754375377187	0.00027530765630592185	3314	36323	0.0063856884953565896	False	0.02324177482644129	0.00027530765630592185	3313	36323	-0.004098027944564819	False	False
CDH6	CDH6	other	0.0008041505934670568	False	0.0015087507543753772	0.0003854307188282906	3314	36323	0.0004424927174113691	False	0.0012073649260488982	0.0003854307188282906	3313	36323	0.00036165787605568767	False	False
CDH7	CDH7	other	0.0012519207666628063	False	0.0030175015087507543	0.0006056768438730281	3314	36323	0.0016714675002731383	False	0.004829459704195593	0.0006056768438730281	3313	36323	-0.000419546733610332	False	False
CEACAM1	CD209	other	0.15057955647353083	False	0.2797223898611949	0.0005506153126118437	3314	36323	0.0347845513606444	False	0.10262601871415636	0.0005506153126118437	3313	36323	0.11579500511288643	False	False
CEACAM1	CEACAM6	other	0.1535079178865999	False	0.2797223898611949	0.0036340610632381687	3314	36323	0.03771291277371347	False	0.10262601871415636	0.0036340610632381687	3313	36323	0.11579500511288643	False	False
CEACAM1	CEACAM8	other	0.15017578356491867	False	0.2797223898611949	5.506153126118437e-05	3314	36323	0.034380778452032246	False	0.10262601871415636	5.506153126118437e-05	3313	36323	0.11579500511288643	False	False
CEACAM1	SELE	other	0.15018401622364763	False	0.2797223898611949	5.506153126118437e-05	3314	36323	0.0343890111107612	False	0.10262601871415636	5.506153126118437e-05	3313	36323	0.11579500511288643	False	False
CEACAM5	CD1D	other	0.19749199599027634	False	0.21333735666867834	0.0005230845469812516	3314	36323	0.06407307088375092	False	0.08059160881376395	0.0005230845469812516	3313	36323	0.13341892510652542	False	False
CEACAM5	CEACAM1	other	0.21225651819258928	False	0.21333735666867834	0.01811524378492966	3314	36323	0.07883759308606386	False	0.08059160881376395	0.01811524378492966	3313	36323	0.13341892510652542	False	False
CEACAM5	CEACAM6	other	0.20051231957040727	False	0.21333735666867834	0.0036340610632381687	3314	36323	0.06709339446388185	False	0.08059160881376395	0.0036340610632381687	3313	36323	0.13341892510652542	False	False
CEACAM6	CEACAM6	other	0.258973523741588	False	0.3011466505733253	0.0036340610632381687	3314	36323	0.11122832424007356	False	0.13673407787503772	0.0036340610632381687	3313	36323	0.14774519950151443	False	False
CEACAM8	CEACAM6	other	0.0035753746633417904	False	0.0012070006035003018	0.0036340610632381687	3314	36323	0.0033673790749162436	False	0.0	0.0036340610632381687	3313	36323	0.00020799558842554688	False	False
CEL	RORA	other	0.31720508076250553	False	0.08358479179239589	0.2879167469647331	3314	36323	0.30895276367664337	False	0.05946272260790824	0.2879167469647331	3313	36323	0.00825231708586216	False	False
CEL	RORC	other	0.03534397669136524	False	0.08358479179239589	0.006194422266883242	3314	36323	0.027091659605503082	False	0.05946272260790824	0.006194422266883242	3313	36323	0.00825231708586216	False	False
CHL1	CHL1	other	0.0036890869378112257	False	0.015389257694628847	0.0007983922032871734	3314	36323	0.008993702183943242	False	0.033202535466344704	0.0007983922032871734	3313	36323	-0.005304615246132016	False	False
CHL1	L1CAM	other	0.015592889627441764	False	0.015389257694628847	0.014178344299754977	3314	36323	0.02089750487357378	False	0.033202535466344704	0.014178344299754977	3313	36323	-0.005304615246132016	False	False
CLEC2B	KLRF1	other	0.11245551332831383	False	0.16022933011466506	0.04355367122759684	3314	36323	0.15813084319233894	False	0.2260790824026562	0.04355367122759684	3313	36323	-0.045675329864025116	False	False
CLSTN1	NRXN1	other	0.22551795578328893	False	0.5573325286662644	0.0007433306720259891	3314	36323	0.20087465381948277	False	0.47358889224268036	0.0007433306720259891	3313	36323	0.024643301963806152	False	False
CLSTN1	NRXN2	other	0.22609856445342302	False	0.5573325286662644	0.001459130578421386	3314	36323	0.20145526248961687	False	0.47358889224268036	0.001459130578421386	3313	36323	0.024643301963806152	False	False
CLSTN1	NRXN3	other	0.22548116988036782	False	0.5573325286662644	0.0006607383751342124	3314	36323	0.20083786791656166	False	0.47358889224268036	0.0006607383751342124	3313	36323	0.024643301963806152	False	False
CLSTN2	NRXN1	other	0.001593029883224517	False	0.003922751961375981	0.0007433306720259891	3314	36323	0.00200476631289348	False	0.005734983398732267	0.0007433306720259891	3313	36323	-0.00041173642966896296	False	False
CLSTN2	NRXN2	other	0.0021736385533586144	False	0.003922751961375981	0.001459130578421386	3314	36323	0.0025853749830275774	False	0.005734983398732267	0.001459130578421386	3313	36323	-0.00041173642966896296	False	False
CLSTN2	NRXN3	other	0.0015562439803034067	False	0.003922751961375981	0.0006607383751342124	3314	36323	0.0019679804099723697	False	0.005734983398732267	0.0006607383751342124	3313	36323	-0.00041173642966896296	False	False
CLSTN3	NRXN1	other	0.06262604630319402	False	0.19704284852142426	0.0007433306720259891	3314	36323	0.06238440907327458	False	0.19468759432538485	0.0007433306720259891	3313	36323	0.0002416372299194336	False	False
CLSTN3	NRXN2	other	0.06320665497332811	False	0.19704284852142426	0.001459130578421386	3314	36323	0.06296501774340868	False	0.19468759432538485	0.001459130578421386	3313	36323	0.0002416372299194336	False	False
CLSTN3	NRXN3	other	0.0625892604002729	False	0.19704284852142426	0.0006607383751342124	3314	36323	0.06234762317035347	False	0.19468759432538485	0.0006607383751342124	3313	36323	0.0002416372299194336	False	False
CLU	TREM2+TYROBP	other	0.401543315500021	False	0.6255280627640314	0.0026980150317980345	3314	36323	0.25035182759165764	False	0.43012375490492	0.0026980150317980345	3313	36323	0.15119148790836334	False	False
CNTN1	MCAM	other	0.10508361831307411	False	0.26101388050694024	0.020785728051097102	3314	36323	0.08143005892634392	False	0.18502867491699365	0.020785728051097102	3313	36323	0.023653559386730194	False	False
CNTN1	NOTCH1	other	0.16961240768432617	False	0.26101388050694024	0.09960631005148253	3314	36323	0.14595884829759598	False	0.18502867491699365	0.09960631005148253	3313	36323	0.023653559386730194	False	False
CNTN1	NOTCH2	other	0.13327721133828163	False	0.26101388050694024	0.055722269636318586	3314	36323	0.10962365195155144	False	0.18502867491699365	0.055722269636318586	3313	36323	0.023653559386730194	False	False
CNTN1	NRCAM	other	0.0881708062661346	False	0.26101388050694024	0.0007708614376565812	3314	36323	0.06451724687940441	False	0.18502867491699365	0.0007708614376565812	3313	36323	0.023653559386730194	False	False
COL10A1	ITGA1+ITGB1	other	0.22093794058309868	False	0.004224502112251056	0.2146573796217273	3314	36323	0.2205409196903929	False	0.0027165710836100213	0.2146573796217273	3313	36323	0.00039702089270576835	False	False
COL10A1	ITGA10+ITGB1	other	0.002657282806467265	False	0.004224502112251056	0.0020097458910332297	3314	36323	0.0022602619137614965	False	0.0027165710836100213	0.0020097458910332297	3313	36323	0.00039702089270576835	False	False
COL10A1	ITGA11+ITGB1	other	0.007517900143284351	False	0.004224502112251056	0.007708614376565812	3314	36323	0.007120879250578582	False	0.0027165710836100213	0.007708614376565812	3313	36323	0.00039702089270576835	False	False
COL10A1	ITGA2+ITGB1	other	0.023038401559460908	False	0.004224502112251056	0.027640888693114554	3314	36323	0.02264138066675514	False	0.0027165710836100213	0.027640888693114554	3313	36323	0.00039702089270576835	False	False
COL11A1	ITGA1+ITGB1	other	0.22108594339806587	False	0.004224502112251056	0.2146573796217273	3314	36323	0.2205714606679976	False	0.0027165710836100213	0.2146573796217273	3313	36323	0.0005144827300682664	False	False
COL11A1	ITGA10+ITGB1	other	0.00280528562143445	False	0.004224502112251056	0.0020097458910332297	3314	36323	0.0022908028913661838	False	0.0027165710836100213	0.0020097458910332297	3313	36323	0.0005144827300682664	False	False
COL11A1	ITGA11+ITGB1	other	0.007665902958251536	False	0.004224502112251056	0.007708614376565812	3314	36323	0.0071514202281832695	False	0.0027165710836100213	0.007708614376565812	3313	36323	0.0005144827300682664	False	False
COL11A1	ITGA2+ITGB1	other	0.023186404374428093	False	0.004224502112251056	0.027640888693114554	3314	36323	0.022671921644359827	False	0.0027165710836100213	0.027640888693114554	3313	36323	0.0005144827300682664	False	False
COL11A2	ITGA1+ITGB1	other	0.22191040613688529	False	0.008750754375377187	0.2146573796217273	3314	36323	0.22118526219855994	False	0.004829459704195593	0.2146573796217273	3313	36323	0.0007251439383253455	False	False
COL11A2	ITGA10+ITGB1	other	0.0036297483602538705	False	0.008750754375377187	0.0020097458910332297	3314	36323	0.002904604421928525	False	0.004829459704195593	0.0020097458910332297	3313	36323	0.0007251439383253455	False	False
COL11A2	ITGA11+ITGB1	other	0.008490365697070956	False	0.008750754375377187	0.007708614376565812	3314	36323	0.007765221758745611	False	0.004829459704195593	0.007708614376565812	3313	36323	0.0007251439383253455	False	False
COL11A2	ITGA2+ITGB1	other	0.024010867113247514	False	0.008750754375377187	0.027640888693114554	3314	36323	0.023285723174922168	False	0.004829459704195593	0.027640888693114554	3313	36323	0.0007251439383253455	False	False
COL12A1	ITGA1+ITGB1	other	0.22208704543299973	False	0.006940253470126735	0.2146573796217273	3314	36323	0.2227456634864211	False	0.008451554482342288	0.2146573796217273	3313	36323	-0.0006586180534213781	False	False
COL12A1	ITGA10+ITGB1	other	0.0038063876563683152	False	0.006940253470126735	0.0020097458910332297	3314	36323	0.004465005709789693	False	0.008451554482342288	0.0020097458910332297	3313	36323	-0.0006586180534213781	False	False
COL12A1	ITGA11+ITGB1	other	0.008667004993185401	False	0.006940253470126735	0.007708614376565812	3314	36323	0.009325623046606779	False	0.008451554482342288	0.007708614376565812	3313	36323	-0.0006586180534213781	False	False
COL12A1	ITGA2+ITGB1	other	0.02418750640936196	False	0.006940253470126735	0.027640888693114554	3314	36323	0.024846124462783337	False	0.008451554482342288	0.027640888693114554	3313	36323	-0.0006586180534213781	False	False
COL13A1	ITGA1+ITGB1	other	0.22059097327291965	False	0.0018105009052504525	0.2146573796217273	3314	36323	0.22035917890025303	False	0.001509206157561123	0.2146573796217273	3313	36323	0.00023179437266662717	False	False
COL13A1	ITGA10+ITGB1	other	0.00231031549628824	False	0.0018105009052504525	0.0020097458910332297	3314	36323	0.002078521123621613	False	0.001509206157561123	0.0020097458910332297	3313	36323	0.00023179437266662717	False	False
COL13A1	ITGA11+ITGB1	other	0.007170932833105326	False	0.0018105009052504525	0.007708614376565812	3314	36323	0.0069391384604386985	False	0.001509206157561123	0.007708614376565812	3313	36323	0.00023179437266662717	False	False
COL13A1	ITGA2+ITGB1	other	0.022691434249281883	False	0.0018105009052504525	0.027640888693114554	3314	36323	0.022459639876615256	False	0.001509206157561123	0.027640888693114554	3313	36323	0.00023179437266662717	False	False
COL14A1	ITGA1+ITGB1	other	0.22031469599460252	False	0.0015087507543753772	0.2146573796217273	3314	36323	0.22035475785378367	False	0.001509206157561123	0.2146573796217273	3313	36323	-4.0061859181150794e-05	False	False
COL14A1	ITGA10+ITGB1	other	0.0020340382179711014	False	0.0015087507543753772	0.0020097458910332297	3314	36323	0.002074100077152252	False	0.001509206157561123	0.0020097458910332297	3313	36323	-4.0061859181150794e-05	False	False
COL14A1	ITGA11+ITGB1	other	0.006894655554788187	False	0.0015087507543753772	0.007708614376565812	3314	36323	0.006934717413969338	False	0.001509206157561123	0.007708614376565812	3313	36323	-4.0061859181150794e-05	False	False
COL14A1	ITGA2+ITGB1	other	0.022415156970964745	False	0.0015087507543753772	0.027640888693114554	3314	36323	0.022455218830145895	False	0.001509206157561123	0.027640888693114554	3313	36323	-4.0061859181150794e-05	False	False
COL15A1	ITGA1+ITGB1	other	0.22094197891419753	False	0.003621001810500905	0.2146573796217273	3314	36323	0.2205472841160372	False	0.003018412315122246	0.2146573796217273	3313	36323	0.00039469479816034436	False	False
COL15A1	ITGA10+ITGB1	other	0.0026613211375661194	False	0.003621001810500905	0.0020097458910332297	3314	36323	0.002266626339405775	False	0.003018412315122246	0.0020097458910332297	3313	36323	0.00039469479816034436	False	False
COL15A1	ITGA11+ITGB1	other	0.007521938474383205	False	0.003621001810500905	0.007708614376565812	3314	36323	0.007127243676222861	False	0.003018412315122246	0.007708614376565812	3313	36323	0.00039469479816034436	False	False
COL15A1	ITGA2+ITGB1	other	0.023042439890559763	False	0.003621001810500905	0.027640888693114554	3314	36323	0.02264774509239942	False	0.003018412315122246	0.027640888693114554	3313	36323	0.00039469479816034436	False	False
COL16A1	ITGA1+ITGB1	other	0.22580463672056794	False	0.02323476161738081	0.2146573796217273	3314	36323	0.22475226502865553	False	0.02052520374283127	0.2146573796217273	3313	36323	0.0010523716919124126	False	False
COL16A1	ITGA10+ITGB1	other	0.007523978943936527	False	0.02323476161738081	0.0020097458910332297	3314	36323	0.006471607252024114	False	0.02052520374283127	0.0020097458910332297	3313	36323	0.0010523716919124126	False	False
COL16A1	ITGA11+ITGB1	other	0.012384596280753613	False	0.02323476161738081	0.007708614376565812	3314	36323	0.0113322245888412	False	0.02052520374283127	0.007708614376565812	3313	36323	0.0010523716919124126	False	False
COL16A1	ITGA2+ITGB1	other	0.02790509769693017	False	0.02323476161738081	0.027640888693114554	3314	36323	0.026852726005017757	False	0.02052520374283127	0.027640888693114554	3313	36323	0.0010523716919124126	False	False
COL17A1	ITGA1+ITGB1	other	0.2523186169564724	False	0.09173204586602293	0.2146573796217273	3314	36323	0.2494114525616169	False	0.08542106851795955	0.2146573796217273	3313	36323	0.0029071643948554993	False	False
COL17A1	ITGA10+ITGB1	other	0.03403795917984098	False	0.09173204586602293	0.0020097458910332297	3314	36323	0.031130794784985483	False	0.08542106851795955	0.0020097458910332297	3313	36323	0.0029071643948554993	False	False
COL17A1	ITGA11+ITGB1	other	0.03889857651665807	False	0.09173204586602293	0.007708614376565812	3314	36323	0.03599141212180257	False	0.08542106851795955	0.007708614376565812	3313	36323	0.0029071643948554993	False	False
COL17A1	ITGA2+ITGB1	other	0.054419077932834625	False	0.09173204586602293	0.027640888693114554	3314	36323	0.051511913537979126	False	0.08542106851795955	0.027640888693114554	3313	36323	0.0029071643948554993	False	False
COL18A1	ITGA1+ITGB1	other	0.23312244191765785	False	0.05190102595051298	0.2146573796217273	3314	36323	0.24069044925272465	False	0.08179897373981286	0.2146573796217273	3313	36323	-0.007568007335066795	False	False
COL18A1	ITGA10+ITGB1	other	0.014841784141026437	False	0.05190102595051298	0.0020097458910332297	3314	36323	0.022409791476093233	False	0.08179897373981286	0.0020097458910332297	3313	36323	-0.007568007335066795	False	False
COL18A1	ITGA11+ITGB1	other	0.019702401477843523	False	0.05190102595051298	0.007708614376565812	3314	36323	0.02727040881291032	False	0.08179897373981286	0.007708614376565812	3313	36323	-0.007568007335066795	False	False
COL18A1	ITGA2+ITGB1	other	0.03522290289402008	False	0.05190102595051298	0.027640888693114554	3314	36323	0.042790910229086876	False	0.08179897373981286	0.027640888693114554	3313	36323	-0.007568007335066795	False	False
COL19A1	ITGA1+ITGB1	other	0.22013927844818681	False	0.0006035003017501509	0.2146573796217273	3314	36323	0.220316237420775	False	0.0018110473890733474	0.2146573796217273	3313	36323	-0.0001769589725881815	False	False
COL19A1	ITGA10+ITGB1	other	0.0018586206715554	False	0.0006035003017501509	0.0020097458910332297	3314	36323	0.0020355796441435814	False	0.0018110473890733474	0.0020097458910332297	3313	36323	-0.0001769589725881815	False	False
COL19A1	ITGA11+ITGB1	other	0.006719238008372486	False	0.0006035003017501509	0.007708614376565812	3314	36323	0.006896196980960667	False	0.0018110473890733474	0.007708614376565812	3313	36323	-0.0001769589725881815	False	False
COL19A1	ITGA2+ITGB1	other	0.022239739424549043	False	0.0006035003017501509	0.027640888693114554	3314	36323	0.022416698397137225	False	0.0018110473890733474	0.027640888693114554	3313	36323	-0.0001769589725881815	False	False
COL1A1	ITGA1+ITGB1	other	0.26803846657276154	True	0.14936632468316235	0.2146573796217273	3314	36323	0.25950829684734344	True	0.13311198309689104	0.2146573796217273	3313	36323	0.00853016972541809	True	True
COL1A1	ITGA10+ITGB1	other	0.04975780879613012	False	0.14936632468316235	0.0020097458910332297	3314	36323	0.04122763907071203	False	0.13311198309689104	0.0020097458910332297	3313	36323	0.00853016972541809	False	False
COL1A1	ITGA11+ITGB1	other	0.054618426132947206	False	0.14936632468316235	0.007708614376565812	3314	36323	0.046088256407529116	False	0.13311198309689104	0.007708614376565812	3313	36323	0.00853016972541809	False	False
COL1A1	ITGA2+ITGB1	other	0.07013892754912376	False	0.14936632468316235	0.027640888693114554	3314	36323	0.06160875782370567	False	0.13311198309689104	0.027640888693114554	3313	36323	0.00853016972541809	False	False
COL1A2	ITGA1+ITGB1	other	0.23360950406640768	False	0.03530476765238383	0.2146573796217273	3314	36323	0.22944295220077038	False	0.02444913975249019	0.2146573796217273	3313	36323	0.004166551865637302	False	False
COL1A2	ITGA10+ITGB1	other	0.015328846289776266	False	0.03530476765238383	0.0020097458910332297	3314	36323	0.011162294424138963	False	0.02444913975249019	0.0020097458910332297	3313	36323	0.004166551865637302	False	False
COL1A2	ITGA11+ITGB1	other	0.02018946362659335	False	0.03530476765238383	0.007708614376565812	3314	36323	0.01602291176095605	False	0.02444913975249019	0.007708614376565812	3313	36323	0.004166551865637302	False	False
COL1A2	ITGA2+ITGB1	other	0.03570996504276991	False	0.03530476765238383	0.027640888693114554	3314	36323	0.031543413177132607	False	0.02444913975249019	0.027640888693114554	3313	36323	0.004166551865637302	False	False
COL20A1	ITGA1+ITGB1	other	0.2202859485114459	False	0.0018105009052504525	0.2146573796217273	3314	36323	0.22053184872493148	False	0.0018110473890733474	0.2146573796217273	3313	36323	-0.00024590021348558366	False	False
COL20A1	ITGA10+ITGB1	other	0.00200529073481448	False	0.0018105009052504525	0.0020097458910332297	3314	36323	0.0022511909483000636	False	0.0018110473890733474	0.0020097458910332297	3313	36323	-0.00024590021348558366	False	False
COL20A1	ITGA11+ITGB1	other	0.006865908071631566	False	0.0018105009052504525	0.007708614376565812	3314	36323	0.007111808285117149	False	0.0018110473890733474	0.007708614376565812	3313	36323	-0.00024590021348558366	False	False
COL20A1	ITGA2+ITGB1	other	0.022386409487808123	False	0.0018105009052504525	0.027640888693114554	3314	36323	0.022632309701293707	False	0.0018110473890733474	0.027640888693114554	3313	36323	-0.00024590021348558366	False	False
COL21A1	ITGA1+ITGB1	other	0.22017744975164533	False	0.0012070006035003018	0.2146573796217273	3314	36323	0.22073193971300498	False	0.0018110473890733474	0.2146573796217273	3313	36323	-0.0005544899613596499	False	False
COL21A1	ITGA10+ITGB1	other	0.0018967919750139117	False	0.0012070006035003018	0.0020097458910332297	3314	36323	0.0024512819363735616	False	0.0018110473890733474	0.0020097458910332297	3313	36323	-0.0005544899613596499	False	False
COL21A1	ITGA11+ITGB1	other	0.0067574093118309975	False	0.0012070006035003018	0.007708614376565812	3314	36323	0.007311899273190647	False	0.0018110473890733474	0.007708614376565812	3313	36323	-0.0005544899613596499	False	False
COL21A1	ITGA2+ITGB1	other	0.022277910728007555	False	0.0012070006035003018	0.027640888693114554	3314	36323	0.022832400689367205	False	0.0018110473890733474	0.027640888693114554	3313	36323	-0.0005544899613596499	False	False
COL22A1	ITGA1+ITGB1	other	0.22391260834410787	False	0.012975256487628244	0.2146573796217273	3314	36323	0.22229149099439383	False	0.008451554482342288	0.2146573796217273	3313	36323	0.0016211173497140408	False	False
COL22A1	ITGA10+ITGB1	other	0.005631950567476451	False	0.012975256487628244	0.0020097458910332297	3314	36323	0.004010833217762411	False	0.008451554482342288	0.0020097458910332297	3313	36323	0.0016211173497140408	False	False
COL22A1	ITGA11+ITGB1	other	0.010492567904293537	False	0.012975256487628244	0.007708614376565812	3314	36323	0.008871450554579496	False	0.008451554482342288	0.007708614376565812	3313	36323	0.0016211173497140408	False	False
COL22A1	ITGA2+ITGB1	other	0.026013069320470095	False	0.012975256487628244	0.027640888693114554	3314	36323	0.024391951970756054	False	0.008451554482342288	0.027640888693114554	3313	36323	0.0016211173497140408	False	False
COL24A1	ITGA1+ITGB1	other	0.22087907732930034	False	0.0051297525648762825	0.2146573796217273	3314	36323	0.2215268142754212	False	0.006640507093268941	0.2146573796217273	3313	36323	-0.0006477369461208582	False	False
COL24A1	ITGA10+ITGB1	other	0.002598419552668929	False	0.0051297525648762825	0.0020097458910332297	3314	36323	0.0032461564987897873	False	0.006640507093268941	0.0020097458910332297	3313	36323	-0.0006477369461208582	False	False
COL24A1	ITGA11+ITGB1	other	0.007459036889486015	False	0.0051297525648762825	0.007708614376565812	3314	36323	0.008106773835606873	False	0.006640507093268941	0.007708614376565812	3313	36323	-0.0006477369461208582	False	False
COL24A1	ITGA2+ITGB1	other	0.022979538305662572	False	0.0051297525648762825	0.027640888693114554	3314	36323	0.02362727525178343	False	0.006640507093268941	0.027640888693114554	3313	36323	-0.0006477369461208582	False	False
COL26A1	ITGA1+ITGB1	other	0.22076630406081676	False	0.003922751961375981	0.2146573796217273	3314	36323	0.22087384556652978	False	0.0033202535466344703	0.2146573796217273	3313	36323	-0.0001075415057130158	False	False
COL26A1	ITGA10+ITGB1	other	0.00248564628418535	False	0.003922751961375981	0.0020097458910332297	3314	36323	0.0025931877898983657	False	0.0033202535466344703	0.0020097458910332297	3313	36323	-0.0001075415057130158	False	False
COL26A1	ITGA11+ITGB1	other	0.007346263621002436	False	0.003922751961375981	0.007708614376565812	3314	36323	0.0074538051267154515	False	0.0033202535466344703	0.007708614376565812	3313	36323	-0.0001075415057130158	False	False
COL26A1	ITGA2+ITGB1	other	0.022866765037178993	False	0.003922751961375981	0.027640888693114554	3314	36323	0.02297430654289201	False	0.0033202535466344703	0.027640888693114554	3313	36323	-0.0001075415057130158	False	False
COL27A1	ITGA1+ITGB1	other	0.2722713313996792	True	0.1620398310199155	0.2146573796217273	3314	36323	0.26956383511424065	True	0.1611832176275279	0.2146573796217273	3313	36323	0.0027074962854385376	True	True
COL27A1	ITGA10+ITGB1	other	0.05399067362304777	False	0.1620398310199155	0.0020097458910332297	3314	36323	0.05128317733760923	False	0.1611832176275279	0.0020097458910332297	3313	36323	0.0027074962854385376	False	False
COL27A1	ITGA11+ITGB1	other	0.058851290959864855	False	0.1620398310199155	0.007708614376565812	3314	36323	0.05614379467442632	False	0.1611832176275279	0.007708614376565812	3313	36323	0.0027074962854385376	False	False
COL27A1	ITGA2+ITGB1	other	0.07437179237604141	False	0.1620398310199155	0.027640888693114554	3314	36323	0.07166429609060287	False	0.1611832176275279	0.027640888693114554	3313	36323	0.0027074962854385376	False	False
COL28A1	ITGA1+ITGB1	other	0.2329445807263255	False	0.047374773687386844	0.2146573796217273	3314	36323	0.22984234802424908	False	0.04105040748566254	0.2146573796217273	3313	36323	0.003102232702076435	False	False
COL28A1	ITGA10+ITGB1	other	0.014663922949694097	False	0.047374773687386844	0.0020097458910332297	3314	36323	0.011561690247617662	False	0.04105040748566254	0.0020097458910332297	3313	36323	0.003102232702076435	False	False
COL28A1	ITGA11+ITGB1	other	0.019524540286511183	False	0.047374773687386844	0.007708614376565812	3314	36323	0.016422307584434748	False	0.04105040748566254	0.007708614376565812	3313	36323	0.003102232702076435	False	False
COL28A1	ITGA2+ITGB1	other	0.03504504170268774	False	0.047374773687386844	0.027640888693114554	3314	36323	0.031942809000611305	False	0.04105040748566254	0.027640888693114554	3313	36323	0.003102232702076435	False	False
COL2A1	ITGA1+ITGB1	other	0.22090317419497296	False	0.003922751961375981	0.2146573796217273	3314	36323	0.22017068839340936	False	0.0006036824630244491	0.2146573796217273	3313	36323	0.0007324858015635982	False	False
COL2A1	ITGA10+ITGB1	other	0.0026225164183415473	False	0.003922751961375981	0.0020097458910332297	3314	36323	0.001890030616777949	False	0.0006036824630244491	0.0020097458910332297	3313	36323	0.0007324858015635982	False	False
COL2A1	ITGA11+ITGB1	other	0.007483133755158633	False	0.003922751961375981	0.007708614376565812	3314	36323	0.006750647953595035	False	0.0006036824630244491	0.007708614376565812	3313	36323	0.0007324858015635982	False	False
COL2A1	ITGA2+ITGB1	other	0.02300363517133519	False	0.003922751961375981	0.027640888693114554	3314	36323	0.022271149369771592	False	0.0006036824630244491	0.027640888693114554	3313	36323	0.0007324858015635982	False	False
COL3A1	ADGRG1	other	0.11918256618082523	False	0.03922751961375981	0.11293120061668915	3314	36323	0.1164425304159522	False	0.03048596438273468	0.11293120061668915	3313	36323	0.002740035764873028	False	False
COL3A1	ITGA1+ITGB1	other	0.2345356959849596	False	0.03922751961375981	0.2146573796217273	3314	36323	0.23179566022008657	False	0.03048596438273468	0.2146573796217273	3313	36323	0.002740035764873028	False	False
COL3A1	ITGA10+ITGB1	other	0.016255038208328187	False	0.03922751961375981	0.0020097458910332297	3314	36323	0.01351500244345516	False	0.03048596438273468	0.0020097458910332297	3313	36323	0.002740035764873028	False	False
COL3A1	ITGA11+ITGB1	other	0.021115655545145273	False	0.03922751961375981	0.007708614376565812	3314	36323	0.018375619780272245	False	0.03048596438273468	0.007708614376565812	3313	36323	0.002740035764873028	False	False
COL3A1	ITGA2+ITGB1	other	0.03663615696132183	False	0.03922751961375981	0.027640888693114554	3314	36323	0.0338961211964488	False	0.03048596438273468	0.027640888693114554	3313	36323	0.002740035764873028	False	False
COL4A1	ADGRG6	other	0.01852696982678026	False	0.06366928183464092	0.0012388844533766485	3314	36323	0.036751471809111536	False	0.1240567461515243	0.0012388844533766485	3313	36323	-0.018224501982331276	False	False
COL4A1	ITGA1+ITGB1	other	0.23758185468614101	False	0.06366928183464092	0.2146573796217273	3314	36323	0.2558063566684723	True	0.1240567461515243	0.2146573796217273	3313	36323	-0.018224501982331276	True	False
COL4A1	ITGA10+ITGB1	other	0.0193011969095096	False	0.06366928183464092	0.0020097458910332297	3314	36323	0.037525698891840875	False	0.1240567461515243	0.0020097458910332297	3313	36323	-0.018224501982331276	False	False
COL4A1	ITGA11+ITGB1	other	0.024161814246326685	False	0.06366928183464092	0.007708614376565812	3314	36323	0.04238631622865796	False	0.1240567461515243	0.007708614376565812	3313	36323	-0.018224501982331276	False	False
COL4A1	ITGA2+ITGB1	other	0.03968231566250324	False	0.06366928183464092	0.027640888693114554	3314	36323	0.05790681764483452	False	0.1240567461515243	0.027640888693114554	3313	36323	-0.018224501982331276	False	False
COL4A2	ADGRG6	other	0.032811798504553735	False	0.08418829209414605	0.0012388844533766485	3314	36323	0.06958160584326833	False	0.16420162994265017	0.0012388844533766485	3313	36323	-0.0367698073387146	False	False
COL4A2	ITGA1+ITGB1	other	0.2518666833639145	False	0.08418829209414605	0.2146573796217273	3314	36323	0.2886364907026291	True	0.16420162994265017	0.2146573796217273	3313	36323	-0.0367698073387146	True	False
COL4A2	ITGA10+ITGB1	other	0.033586025587283075	False	0.08418829209414605	0.0020097458910332297	3314	36323	0.07035583292599767	False	0.16420162994265017	0.0020097458910332297	3313	36323	-0.0367698073387146	False	False
COL4A2	ITGA11+ITGB1	other	0.03844664292410016	False	0.08418829209414605	0.007708614376565812	3314	36323	0.07521645026281476	False	0.16420162994265017	0.007708614376565812	3313	36323	-0.0367698073387146	False	False
COL4A2	ITGA2+ITGB1	other	0.05396714434027672	False	0.08418829209414605	0.027640888693114554	3314	36323	0.09073695167899132	False	0.16420162994265017	0.027640888693114554	3313	36323	-0.0367698073387146	False	False
COL4A3	ADGRG6	other	0.00847840856295079	False	0.024743512371756187	0.0012388844533766485	3314	36323	0.010773914284072816	False	0.038031995170540296	0.0012388844533766485	3313	36323	-0.0022955057211220264	False	False
COL4A3	ITGA1+ITGB1	other	0.22753329342231154	False	0.024743512371756187	0.2146573796217273	3314	36323	0.22982879914343357	False	0.038031995170540296	0.2146573796217273	3313	36323	-0.0022955057211220264	False	False
COL4A3	ITGA10+ITGB1	other	0.00925263564568013	False	0.024743512371756187	0.0020097458910332297	3314	36323	0.011548141366802156	False	0.038031995170540296	0.0020097458910332297	3313	36323	-0.0022955057211220264	False	False
COL4A3	ITGA11+ITGB1	other	0.014113252982497215	False	0.024743512371756187	0.007708614376565812	3314	36323	0.01640875870361924	False	0.038031995170540296	0.007708614376565812	3313	36323	-0.0022955057211220264	False	False
COL4A3	ITGA2+ITGB1	other	0.029633754398673773	False	0.024743512371756187	0.027640888693114554	3314	36323	0.0319292601197958	False	0.038031995170540296	0.027640888693114554	3313	36323	-0.0022955057211220264	False	False
COL4A4	ADGRG6	other	0.012168967514298856	False	0.0331925165962583	0.0012388844533766485	3314	36323	0.023627678281627595	False	0.07515846664654392	0.0012388844533766485	3313	36323	-0.01145871076732874	False	False
COL4A4	ITGA1+ITGB1	other	0.2312238523736596	False	0.0331925165962583	0.2146573796217273	3314	36323	0.24268256314098835	False	0.07515846664654392	0.2146573796217273	3313	36323	-0.01145871076732874	False	False
COL4A4	ITGA10+ITGB1	other	0.012943194597028196	False	0.0331925165962583	0.0020097458910332297	3314	36323	0.024401905364356935	False	0.07515846664654392	0.0020097458910332297	3313	36323	-0.01145871076732874	False	False
COL4A4	ITGA11+ITGB1	other	0.01780381193384528	False	0.0331925165962583	0.007708614376565812	3314	36323	0.02926252270117402	False	0.07515846664654392	0.007708614376565812	3313	36323	-0.01145871076732874	False	False
COL4A4	ITGA2+ITGB1	other	0.03332431335002184	False	0.0331925165962583	0.027640888693114554	3314	36323	0.04478302411735058	False	0.07515846664654392	0.027640888693114554	3313	36323	-0.01145871076732874	False	False
COL4A5	ADGRG6	other	0.08775037562008947	False	0.2579963789981895	0.0012388844533766485	3314	36323	0.09366546606179327	False	0.258074252942952	0.0012388844533766485	3313	36323	-0.005915090441703796	False	False
COL4A5	ITGA1+ITGB1	other	0.3068052604794502	True	0.2579963789981895	0.2146573796217273	3314	36323	0.312720350921154	True	0.258074252942952	0.2146573796217273	3313	36323	-0.005915090441703796	True	True
COL4A5	ITGA10+ITGB1	other	0.08852460270281881	False	0.2579963789981895	0.0020097458910332297	3314	36323	0.09443969314452261	False	0.258074252942952	0.0020097458910332297	3313	36323	-0.005915090441703796	False	False
COL4A5	ITGA11+ITGB1	other	0.0933852200396359	False	0.2579963789981895	0.007708614376565812	3314	36323	0.0993003104813397	False	0.258074252942952	0.007708614376565812	3313	36323	-0.005915090441703796	False	False
COL4A5	ITGA2+ITGB1	other	0.10890572145581245	False	0.2579963789981895	0.027640888693114554	3314	36323	0.11482081189751625	False	0.258074252942952	0.027640888693114554	3313	36323	-0.005915090441703796	False	False
COL4A6	ADGRG6	other	0.018920444301329553	False	0.06336753168376584	0.0012388844533766485	3314	36323	0.0204120579874143	False	0.0676124358587383	0.0012388844533766485	3313	36323	-0.0014916136860847473	False	False
COL4A6	ITGA1+ITGB1	other	0.2379753291606903	False	0.06336753168376584	0.2146573796217273	3314	36323	0.23946694284677505	False	0.0676124358587383	0.2146573796217273	3313	36323	-0.0014916136860847473	False	False
COL4A6	ITGA10+ITGB1	other	0.019694671384058893	False	0.06336753168376584	0.0020097458910332297	3314	36323	0.02118628507014364	False	0.0676124358587383	0.0020097458910332297	3313	36323	-0.0014916136860847473	False	False
COL4A6	ITGA11+ITGB1	other	0.02455528872087598	False	0.06336753168376584	0.007708614376565812	3314	36323	0.026046902406960726	False	0.0676124358587383	0.007708614376565812	3313	36323	-0.0014916136860847473	False	False
COL4A6	ITGA2+ITGB1	other	0.040075790137052536	False	0.06336753168376584	0.027640888693114554	3314	36323	0.04156740382313728	False	0.0676124358587383	0.027640888693114554	3313	36323	-0.0014916136860847473	False	False
COL5A1	ITGA1+ITGB1	other	0.23140136897563934	False	0.03138201569100785	0.2146573796217273	3314	36323	0.23581661097705364	False	0.040446725022638096	0.2146573796217273	3313	36323	-0.004415242001414299	False	False
COL5A1	ITGA10+ITGB1	other	0.013120711199007928	False	0.03138201569100785	0.0020097458910332297	3314	36323	0.017535953200422227	False	0.040446725022638096	0.0020097458910332297	3313	36323	-0.004415242001414299	False	False
COL5A1	ITGA11+ITGB1	other	0.017981328535825014	False	0.03138201569100785	0.007708614376565812	3314	36323	0.022396570537239313	False	0.040446725022638096	0.007708614376565812	3313	36323	-0.004415242001414299	False	False
COL5A1	ITGA2+ITGB1	other	0.03350182995200157	False	0.03138201569100785	0.027640888693114554	3314	36323	0.03791707195341587	False	0.040446725022638096	0.027640888693114554	3313	36323	-0.004415242001414299	False	False
COL5A2	ITGA1+ITGB1	other	0.22428485611453652	False	0.016294508147254073	0.2146573796217273	3314	36323	0.22457526018843055	False	0.015393902807123452	0.2146573796217273	3313	36323	-0.0002904040738940239	False	False
COL5A2	ITGA10+ITGB1	other	0.006004198337905109	False	0.016294508147254073	0.0020097458910332297	3314	36323	0.006294602411799133	False	0.015393902807123452	0.0020097458910332297	3313	36323	-0.0002904040738940239	False	False
COL5A2	ITGA11+ITGB1	other	0.010864815674722195	False	0.016294508147254073	0.007708614376565812	3314	36323	0.011155219748616219	False	0.015393902807123452	0.007708614376565812	3313	36323	-0.0002904040738940239	False	False
COL5A2	ITGA2+ITGB1	other	0.026385317090898752	False	0.016294508147254073	0.027640888693114554	3314	36323	0.026675721164792776	False	0.015393902807123452	0.027640888693114554	3313	36323	-0.0002904040738940239	False	False
COL5A3	ITGA1+ITGB1	other	0.22061420691898093	False	0.002112251056125528	0.2146573796217273	3314	36323	0.22047746111638844	False	0.003018412315122246	0.2146573796217273	3313	36323	0.00013674580259248614	False	False
COL5A3	ITGA10+ITGB1	other	0.0023335491423495114	False	0.002112251056125528	0.0020097458910332297	3314	36323	0.0021968033397570252	False	0.003018412315122246	0.0020097458910332297	3313	36323	0.00013674580259248614	False	False
COL5A3	ITGA11+ITGB1	other	0.007194166479166597	False	0.002112251056125528	0.007708614376565812	3314	36323	0.007057420676574111	False	0.003018412315122246	0.007708614376565812	3313	36323	0.00013674580259248614	False	False
COL5A3	ITGA2+ITGB1	other	0.022714667895343155	False	0.002112251056125528	0.027640888693114554	3314	36323	0.02257792209275067	False	0.003018412315122246	0.027640888693114554	3313	36323	0.00013674580259248614	False	False
COL6A1	ITGA1+ITGB1	other	0.25188998505473137	False	0.07785153892576946	0.2146573796217273	3314	36323	0.28521163016557693	True	0.14095985511620887	0.2146573796217273	3313	36323	-0.033321645110845566	True	False
COL6A1	ITGA10+ITGB1	other	0.033609327278099954	False	0.07785153892576946	0.0020097458910332297	3314	36323	0.06693097238894552	False	0.14095985511620887	0.0020097458910332297	3313	36323	-0.033321645110845566	False	False
COL6A1	ITGA11+ITGB1	other	0.03846994461491704	False	0.07785153892576946	0.007708614376565812	3314	36323	0.0717915897257626	False	0.14095985511620887	0.007708614376565812	3313	36323	-0.033321645110845566	False	False
COL6A1	ITGA2+ITGB1	other	0.0539904460310936	False	0.07785153892576946	0.027640888693114554	3314	36323	0.08731209114193916	False	0.14095985511620887	0.027640888693114554	3313	36323	-0.033321645110845566	False	False
COL6A2	ITGA1+ITGB1	other	0.23821565695106983	False	0.055220277610138806	0.2146573796217273	3314	36323	0.24863239750266075	False	0.07063084817386055	0.2146573796217273	3313	36323	-0.01041674055159092	False	False
COL6A2	ITGA10+ITGB1	other	0.019934999174438417	False	0.055220277610138806	0.0020097458910332297	3314	36323	0.030351739726029336	False	0.07063084817386055	0.0020097458910332297	3313	36323	-0.01041674055159092	False	False
COL6A2	ITGA11+ITGB1	other	0.024795616511255503	False	0.055220277610138806	0.007708614376565812	3314	36323	0.03521235706284642	False	0.07063084817386055	0.007708614376565812	3313	36323	-0.01041674055159092	False	False
COL6A2	ITGA2+ITGB1	other	0.04031611792743206	False	0.055220277610138806	0.027640888693114554	3314	36323	0.05073285847902298	False	0.07063084817386055	0.027640888693114554	3313	36323	-0.01041674055159092	False	False
COL6A3	ITGA1+ITGB1	other	0.22294378257356584	False	0.01056125528062764	0.2146573796217273	3314	36323	0.221366431331262	False	0.005131300935707818	0.2146573796217273	3313	36323	0.0015773512423038483	False	False
COL6A3	ITGA10+ITGB1	other	0.004663124796934426	False	0.01056125528062764	0.0020097458910332297	3314	36323	0.0030857735546305776	False	0.005131300935707818	0.0020097458910332297	3313	36323	0.0015773512423038483	False	False
COL6A3	ITGA11+ITGB1	other	0.009523742133751512	False	0.01056125528062764	0.007708614376565812	3314	36323	0.007946390891447663	False	0.005131300935707818	0.007708614376565812	3313	36323	0.0015773512423038483	False	False
COL6A3	ITGA2+ITGB1	other	0.02504424354992807	False	0.01056125528062764	0.027640888693114554	3314	36323	0.02346689230762422	False	0.005131300935707818	0.027640888693114554	3313	36323	0.0015773512423038483	False	False
COL6A5	ITGA1+ITGB1	other	0.2210582095431164	False	0.004828002414001207	0.2146573796217273	3314	36323	0.2215116195147857	False	0.008753395713854513	0.2146573796217273	3313	36323	-0.0004534099716693163	False	False
COL6A5	ITGA10+ITGB1	other	0.002777551766484976	False	0.004828002414001207	0.0020097458910332297	3314	36323	0.003230961738154292	False	0.008753395713854513	0.0020097458910332297	3313	36323	-0.0004534099716693163	False	False
COL6A5	ITGA11+ITGB1	other	0.0076381691033020616	False	0.004828002414001207	0.007708614376565812	3314	36323	0.008091579074971378	False	0.008753395713854513	0.007708614376565812	3313	36323	-0.0004534099716693163	False	False
COL6A5	ITGA2+ITGB1	other	0.02315867051947862	False	0.004828002414001207	0.027640888693114554	3314	36323	0.023612080491147935	False	0.008753395713854513	0.027640888693114554	3313	36323	-0.0004534099716693163	False	False
COL6A6	ITGA1+ITGB1	other	0.22017446426616516	False	0.0009052504526252263	0.2146573796217273	3314	36323	0.22051008796552196	False	0.001509206157561123	0.2146573796217273	3313	36323	-0.0003356236993568018	False	False
COL6A6	ITGA10+ITGB1	other	0.0018938064895337448	False	0.0009052504526252263	0.0020097458910332297	3314	36323	0.0022294301888905466	False	0.001509206157561123	0.0020097458910332297	3313	36323	-0.0003356236993568018	False	False
COL6A6	ITGA11+ITGB1	other	0.0067544238263508305	False	0.0009052504526252263	0.007708614376565812	3314	36323	0.007090047525707632	False	0.001509206157561123	0.007708614376565812	3313	36323	-0.0003356236993568018	False	False
COL6A6	ITGA2+ITGB1	other	0.022274925242527388	False	0.0009052504526252263	0.027640888693114554	3314	36323	0.02261054894188419	False	0.001509206157561123	0.027640888693114554	3313	36323	-0.0003356236993568018	False	False
COL7A1	ITGA1+ITGB1	other	0.3261454850435257	True	0.29511164755582375	0.2146573796217273	3314	36323	0.327659510076046	True	0.29670993057651673	0.2146573796217273	3313	36323	-0.0015140250325202942	True	True
COL7A1	ITGA10+ITGB1	other	0.10786482726689428	False	0.29511164755582375	0.0020097458910332297	3314	36323	0.10937885229941458	False	0.29670993057651673	0.0020097458910332297	3313	36323	-0.0015140250325202942	False	False
COL7A1	ITGA11+ITGB1	other	0.11272544460371137	False	0.29511164755582375	0.007708614376565812	3314	36323	0.11423946963623166	False	0.29670993057651673	0.007708614376565812	3313	36323	-0.0015140250325202942	False	False
COL7A1	ITGA2+ITGB1	other	0.12824594601988792	False	0.29511164755582375	0.027640888693114554	3314	36323	0.12975997105240822	False	0.29670993057651673	0.027640888693114554	3313	36323	-0.0015140250325202942	False	False
COL8A1	ITGA1+ITGB1	other	0.22573099192231894	False	0.015389257694628847	0.2146573796217273	3314	36323	0.23283671960234642	False	0.033202535466344704	0.2146573796217273	3313	36323	-0.007105727680027485	False	False
COL8A1	ITGA10+ITGB1	other	0.0074503341456875205	False	0.015389257694628847	0.0020097458910332297	3314	36323	0.014556061825715005	False	0.033202535466344704	0.0020097458910332297	3313	36323	-0.007105727680027485	False	False
COL8A1	ITGA11+ITGB1	other	0.012310951482504606	False	0.015389257694628847	0.007708614376565812	3314	36323	0.01941667916253209	False	0.033202535466344704	0.007708614376565812	3313	36323	-0.007105727680027485	False	False
COL8A1	ITGA2+ITGB1	other	0.027831452898681164	False	0.015389257694628847	0.027640888693114554	3314	36323	0.03493718057870865	False	0.033202535466344704	0.027640888693114554	3313	36323	-0.007105727680027485	False	False
COL8A2	ITGA1+ITGB1	other	0.2208799502113834	False	0.003922751961375981	0.2146573796217273	3314	36323	0.22079489973839372	False	0.005131300935707818	0.2146573796217273	3313	36323	8.505047298967838e-05	False	False
COL8A2	ITGA10+ITGB1	other	0.0025992924347519875	False	0.003922751961375981	0.0020097458910332297	3314	36323	0.002514241961762309	False	0.005131300935707818	0.0020097458910332297	3313	36323	8.505047298967838e-05	False	False
COL8A2	ITGA11+ITGB1	other	0.007459909771569073	False	0.003922751961375981	0.007708614376565812	3314	36323	0.007374859298579395	False	0.005131300935707818	0.007708614376565812	3313	36323	8.505047298967838e-05	False	False
COL8A2	ITGA2+ITGB1	other	0.02298041118774563	False	0.003922751961375981	0.027640888693114554	3314	36323	0.022895360714755952	False	0.005131300935707818	0.027640888693114554	3313	36323	8.505047298967838e-05	False	False
COL9A1	ITGA1+ITGB1	other	0.22047155600739643	False	0.002715751357875679	0.2146573796217273	3314	36323	0.22048891033045948	False	0.0018110473890733474	0.2146573796217273	3313	36323	-1.735432306304574e-05	False	False
COL9A1	ITGA10+ITGB1	other	0.002190898230765015	False	0.002715751357875679	0.0020097458910332297	3314	36323	0.0022082525538280606	False	0.0018110473890733474	0.0020097458910332297	3313	36323	-1.735432306304574e-05	False	False
COL9A1	ITGA11+ITGB1	other	0.007051515567582101	False	0.002715751357875679	0.007708614376565812	3314	36323	0.007068869890645146	False	0.0018110473890733474	0.007708614376565812	3313	36323	-1.735432306304574e-05	False	False
COL9A1	ITGA2+ITGB1	other	0.022572016983758658	False	0.002715751357875679	0.027640888693114554	3314	36323	0.022589371306821704	False	0.0018110473890733474	0.027640888693114554	3313	36323	-1.735432306304574e-05	False	False
COL9A2	ITGA1+ITGB1	other	0.22748456755653024	False	0.025648762824381412	0.2146573796217273	3314	36323	0.22716488549485803	False	0.024750980984002413	0.2146573796217273	3313	36323	0.0003196820616722107	False	False
COL9A2	ITGA10+ITGB1	other	0.009203909779898822	False	0.025648762824381412	0.0020097458910332297	3314	36323	0.008884227718226612	False	0.024750980984002413	0.0020097458910332297	3313	36323	0.0003196820616722107	False	False
COL9A2	ITGA11+ITGB1	other	0.014064527116715908	False	0.025648762824381412	0.007708614376565812	3314	36323	0.013744845055043697	False	0.024750980984002413	0.007708614376565812	3313	36323	0.0003196820616722107	False	False
COL9A2	ITGA2+ITGB1	other	0.029585028532892466	False	0.025648762824381412	0.027640888693114554	3314	36323	0.029265346471220255	False	0.024750980984002413	0.027640888693114554	3313	36323	0.0003196820616722107	False	False
COL9A3	ITGA1+ITGB1	other	0.22663140716031194	False	0.028062764031382016	0.2146573796217273	3314	36323	0.22968032862991095	False	0.044672502263809234	0.2146573796217273	3313	36323	-0.0030489214695990086	False	False
COL9A3	ITGA10+ITGB1	other	0.008350749383680522	False	0.028062764031382016	0.0020097458910332297	3314	36323	0.011399670853279531	False	0.044672502263809234	0.0020097458910332297	3313	36323	-0.0030489214695990086	False	False
COL9A3	ITGA11+ITGB1	other	0.013211366720497608	False	0.028062764031382016	0.007708614376565812	3314	36323	0.016260288190096617	False	0.044672502263809234	0.007708614376565812	3313	36323	-0.0030489214695990086	False	False
COL9A3	ITGA2+ITGB1	other	0.028731868136674166	False	0.028062764031382016	0.027640888693114554	3314	36323	0.031780789606273174	False	0.044672502263809234	0.027640888693114554	3313	36323	-0.0030489214695990086	False	False
CRLF2	CRLF2+IL7R	other	0.0007447543466696516	False	0.0012070006035003018	0.0007433306720259891	3314	36323	0.0005433392670965986	False	0.00030184123151222455	0.0007433306720259891	3313	36323	0.00020141507957305294	False	False
CRTAM	CADM1	other	0.03739870782010257	False	0.0033192516596258297	0.04033257164881755	3314	36323	0.037491595139726996	False	0.004225777241171144	0.04033257164881755	3313	36323	-9.288731962442398e-05	False	False
CSF1	CSF1R	other	0.02313863718882203	False	0.060350030175015085	0.007818737439088182	3314	36323	0.029430823866277933	False	0.07666767280410504	0.007818737439088182	3313	36323	-0.006292186677455902	False	False
CSF2	CSF2RA+CSF2RB	other	0.002979577926453203	False	0.0033192516596258297	0.002945791922473364	3314	36323	0.0039858585223555565	False	0.004829459704195593	0.002945791922473364	3313	36323	-0.0010062805959023535	False	False
CSF3	CSF3R	other	0.013802688103169203	False	0.0024140012070006035	0.016408336315832942	3314	36323	0.01849640579894185	False	0.012677331723513431	0.016408336315832942	3313	36323	-0.004693717695772648	False	False
CSPG4	ITGA3+ITGB1	other	0.011563117266632617	False	0.002112251056125528	0.013297359799576027	3314	36323	0.01166120357811451	False	0.003018412315122246	0.013297359799576027	3313	36323	-9.808631148189306e-05	False	False
CTSG	FPR1	other	0.007293843842489878	False	0.00030175015087507544	0.008837375767420092	3314	36323	0.0075765393557958305	False	0.002112888620585572	0.008837375767420092	3313	36323	-0.00028269551330595277	False	False
CXCL1	ACKR1	other	0.045301304053282365	False	0.07634278817139409	0.0003578999531976984	3314	36323	0.05413537923595868	False	0.10172049501961967	0.0003578999531976984	3313	36323	-0.008834075182676315	False	False
CXCL1	CXCR1	other	0.051692265551537275	False	0.07634278817139409	0.007818737439088182	3314	36323	0.06052634073421359	False	0.10172049501961967	0.007818737439088182	3313	36323	-0.008834075182676315	False	False
CXCL1	CXCR2	other	0.05638703517615795	False	0.07634278817139409	0.012443906065027668	3314	36323	0.06522111035883427	False	0.10172049501961967	0.012443906065027668	3313	36323	-0.008834075182676315	False	False
CXCL2	CXCR2	other	0.07837287522852421	False	0.12070006035003017	0.012443906065027668	3314	36323	0.0897193718701601	False	0.14941140959855118	0.012443906065027668	3313	36323	-0.011346496641635895	False	False
CXCL2	DPP4	other	0.10962169244885445	False	0.12070006035003017	0.05016105497893896	3314	36323	0.12096818909049034	False	0.14941140959855118	0.05016105497893896	3313	36323	-0.011346496641635895	False	False
CXCL3	CXCR2	other	0.033005841076374054	False	0.047374773687386844	0.012443906065027668	3314	36323	0.04101765155792236	False	0.0700271657108361	0.012443906065027668	3313	36323	-0.00801181048154831	False	False
CXCL5	CXCR1	other	0.01685141632333398	False	0.013277006638503319	0.007818737439088182	3314	36323	0.05324790580198169	False	0.051916691820102626	0.007818737439088182	3313	36323	-0.03639648947864771	False	False
CXCL5	CXCR2	other	0.021546185947954655	False	0.013277006638503319	0.012443906065027668	3314	36323	0.057942675426602364	False	0.051916691820102626	0.012443906065027668	3313	36323	-0.03639648947864771	False	False
CXCL6	CXCR1	other	0.010269142920151353	False	0.008449004224502113	0.007818737439088182	3314	36323	0.009579002391546965	False	0.010262601871415635	0.007818737439088182	3313	36323	0.0006901405286043882	False	False
CXCL6	CXCR2	other	0.014963912544772029	False	0.008449004224502113	0.012443906065027668	3314	36323	0.01427377201616764	False	0.010262601871415635	0.012443906065027668	3313	36323	0.0006901405286043882	False	False
CXCL8	ACKR1	other	0.10486079458496533	False	0.19734459867229934	0.0003578999531976984	3314	36323	0.10766115490696393	False	0.1856323573800181	0.0003578999531976984	3313	36323	-0.002800360321998596	False	False
CXCL8	CXCR1	other	0.11125175608322024	False	0.19734459867229934	0.007818737439088182	3314	36323	0.11405211640521884	False	0.1856323573800181	0.007818737439088182	3313	36323	-0.002800360321998596	False	False
CXCL8	CXCR2	other	0.11594652570784092	False	0.19734459867229934	0.012443906065027668	3314	36323	0.11874688602983952	False	0.1856323573800181	0.012443906065027668	3313	36323	-0.002800360321998596	False	False
CYP17A1	AR	other	0.0008680986502440646	False	0.00030175015087507544	0.0008809845001789499	3314	36323	0.001047757308697328	False	0.0012073649260488982	0.0008809845001789499	3313	36323	-0.00017965865845326334	False	False
CYP19A1	ESR1	other	0.002198872229200788	False	0.0012070006035003018	0.0023951766098615204	3314	36323	0.00226001936243847	False	0.0018110473890733474	0.0023951766098615204	3313	36323	-6.114713323768228e-05	False	False
CYP19A1	ESR2	other	0.0007967000856297091	False	0.0012070006035003018	0.0008259229689177656	3314	36323	0.0008578472188673913	False	0.0018110473890733474	0.0008259229689177656	3313	36323	-6.114713323768228e-05	False	False
CYP19A1	GPER1	other	0.0004232937499182299	False	0.0012070006035003018	0.0003578999531976984	3314	36323	0.00048444088315591216	False	0.0018110473890733474	0.0003578999531976984	3313	36323	-6.114713323768228e-05	False	False
CYP19A1	NR1I2	other	0.0003592013817979023	False	0.0012070006035003018	0.00022024612504473748	3314	36323	0.00042034851503558457	False	0.0018110473890733474	0.00022024612504473748	3313	36323	-6.114713323768228e-05	False	False
CYP21A2	NR3C2	other	0.016133001481648535	False	0.0018105009052504525	0.017261790050381302	3314	36323	0.016433372627943754	False	0.0018110473890733474	0.017261790050381302	3313	36323	-0.00030037114629521966	False	False
CYP27B1	VDR	other	0.08140489924699068	False	0.030778515389257695	0.08826363461167855	3314	36323	0.08910710643976927	False	0.05342589797766375	0.08826363461167855	3313	36323	-0.007702207192778587	False	False
DAG1	CELSR3	other	0.13708390900865197	False	0.39136994568497285	0.007626022079674036	3314	36323	0.13431360432878137	False	0.37518865076969515	0.007626022079674036	3313	36323	0.0027703046798706055	False	False
DAG1	NRXN3	other	0.1314868355402723	False	0.39136994568497285	0.0006607383751342124	3314	36323	0.1287165308604017	False	0.37518865076969515	0.0006607383751342124	3313	36323	0.0027703046798706055	False	False
DAGLA	CNR1	other	0.011434107698732987	False	0.04224502112251056	0.00044049225008947496	3314	36323	0.008643053151899949	False	0.034409900392393604	0.00044049225008947496	3313	36323	0.0027910545468330383	False	False
DAGLA	CNR2	other	0.012742575840093195	False	0.04224502112251056	0.0019822151254026373	3314	36323	0.009951521293260157	False	0.034409900392393604	0.0019822151254026373	3313	36323	0.0027910545468330383	False	False
DAGLA	GPR55	other	0.015594687778502703	False	0.04224502112251056	0.0050656608760289625	3314	36323	0.012803633231669664	False	0.034409900392393604	0.0050656608760289625	3313	36323	0.0027910545468330383	False	False
DAGLB	CNR1	other	0.03138759607099928	False	0.11074230537115269	0.00044049225008947496	3314	36323	0.03506827601813711	False	0.13945064895864775	0.00044049225008947496	3313	36323	-0.0036806799471378326	False	False
DAGLB	CNR2	other	0.03269606421235949	False	0.11074230537115269	0.0019822151254026373	3314	36323	0.03637674415949732	False	0.13945064895864775	0.0019822151254026373	3313	36323	-0.0036806799471378326	False	False
DAGLB	GPR55	other	0.035548176150768995	False	0.11074230537115269	0.0050656608760289625	3314	36323	0.03922885609790683	False	0.13945064895864775	0.0050656608760289625	3313	36323	-0.0036806799471378326	False	False
DDC	DRD2	other	0.0012079557636752725	False	0.0051297525648762825	0.0003854307188282906	3314	36323	0.0036108066560700536	False	0.010866284334440085	0.0003854307188282906	3313	36323	-0.002402850892394781	False	False
DDC	DRD4	other	0.0013339428696781397	False	0.0051297525648762825	0.0005230845469812516	3314	36323	0.003736793762072921	False	0.010866284334440085	0.0005230845469812516	3313	36323	-0.002402850892394781	False	False
DDC	HTR1F	other	0.001188733644085005	False	0.0051297525648762825	0.00027530765630592185	3314	36323	0.003591584536479786	False	0.010866284334440085	0.00027530765630592185	3313	36323	-0.002402850892394781	False	False
DDC	HTR2A	other	0.0010740089492173865	False	0.0051297525648762825	0.0001927153594141453	3314	36323	0.0034768598416121677	False	0.010866284334440085	0.0001927153594141453	3313	36323	-0.002402850892394781	False	False
DDC	HTR3A	other	0.0010720035497797653	False	0.0051297525648762825	0.0001927153594141453	3314	36323	0.0034748544421745464	False	0.010866284334440085	0.0001927153594141453	3313	36323	-0.002402850892394781	False	False
DDC	HTR4	other	0.0010640532418619841	False	0.0051297525648762825	0.0001651845937835531	3314	36323	0.0034669041342567652	False	0.010866284334440085	0.0001651845937835531	3313	36323	-0.002402850892394781	False	False
DDC	HTR7	other	0.0011562657746253535	False	0.0051297525648762825	0.0005230845469812516	3314	36323	0.0035591166670201346	False	0.010866284334440085	0.0005230845469812516	3313	36323	-0.002402850892394781	False	False
DDC+SLC18A1	DRD2	other	0.0003939935704693198	False	0.0006035003017501509	0.0003854307188282906	3314	36323	0.0002811785088852048	False	0.0	0.0003854307188282906	3313	36323	0.00011281506158411503	False	False
DDC+SLC18A1	DRD4	other	0.000519980676472187	False	0.0006035003017501509	0.0005230845469812516	3314	36323	0.000407165614888072	False	0.0	0.0005230845469812516	3313	36323	0.00011281506158411503	False	False
DDC+SLC18A2	DRD2	other	0.0011645550839602947	False	0.0030175015087507543	0.0003854307188282906	3314	36323	0.0007952450541779399	False	0.002112888620585572	0.0003854307188282906	3313	36323	0.00036931002978235483	False	False
DDC+SLC18A2	DRD4	other	0.001290542189963162	False	0.0030175015087507543	0.0005230845469812516	3314	36323	0.0009212321601808071	False	0.002112888620585572	0.0005230845469812516	3313	36323	0.00036931002978235483	False	False
DDC+SLC6A3	DRD2	other	0.0012079557636752725	False	0.004828002414001207	0.0003854307188282906	3314	36323	0.001814865623600781	False	0.00392393600965892	0.0003854307188282906	3313	36323	-0.0006069098599255085	False	False
DDC+SLC6A3	DRD4	other	0.0013339428696781397	False	0.004828002414001207	0.0005230845469812516	3314	36323	0.0019408527296036482	False	0.00392393600965892	0.0005230845469812516	3313	36323	-0.0006069098599255085	False	False
DHCR24	RORA	other	0.7320137023925781	True	0.7299336149668075	0.2879167469647331	3314	36323	0.6561697125434875	True	0.6175671596740114	0.2879167469647331	3313	36323	0.07584398984909058	True	True
DHCR24	RORC	other	0.45015259832143784	False	0.7299336149668075	0.006194422266883242	3314	36323	0.37430860847234726	False	0.6175671596740114	0.006194422266883242	3313	36323	0.07584398984909058	False	False
DHCR7	NR1H2	other	0.1872975155711174	False	0.3497284248642124	0.08319797373564959	3314	36323	0.18213294446468353	False	0.32146091156051915	0.08319797373564959	3313	36323	0.005164571106433868	False	False
DHCR7	NR1H3	other	0.12566666724160314	False	0.3497284248642124	0.00806651432976351	3314	36323	0.12050209613516927	False	0.32146091156051915	0.00806651432976351	3313	36323	0.005164571106433868	False	False
DHCR7	RORA	other	0.4062086418271065	True	0.3497284248642124	0.2879167469647331	3314	36323	0.4010440707206726	True	0.32146091156051915	0.2879167469647331	3313	36323	0.005164571106433868	True	True
DHCR7	RORC	other	0.12434753775596619	False	0.3497284248642124	0.006194422266883242	3314	36323	0.11918296664953232	False	0.32146091156051915	0.006194422266883242	3313	36323	0.005164571106433868	False	False
DHRS9	PGR	other	0.05783805882674642	False	0.11526855763427882	0.0003578999531976984	3314	36323	0.014138800819637254	False	0.03954120132810142	0.0003578999531976984	3313	36323	0.043699258007109165	False	False
DKK1	KREMEN1+LRP6	other	0.07007105462253094	False	0.18376584188292094	0.003496407235085208	3314	36323	0.0567807462066412	False	0.1325083006338666	0.003496407235085208	3313	36323	0.01329030841588974	False	False
DKK1	KREMEN2+LRP6	other	0.06758419649850111	False	0.18376584188292094	0.00024777689067532967	3314	36323	0.054293888082611375	False	0.1325083006338666	0.00024777689067532967	3313	36323	0.01329030841588974	False	False
DKK1	LRP5	other	0.07173348451033235	False	0.18376584188292094	0.0057263992511631745	3314	36323	0.058443176094442606	False	0.1325083006338666	0.0057263992511631745	3313	36323	0.01329030841588974	False	False
DKK1	LRP6	other	0.07068629027344286	False	0.18376584188292094	0.004239737907111196	3314	36323	0.057395981857553124	False	0.1325083006338666	0.004239737907111196	3313	36323	0.01329030841588974	False	False
DKK2	KREMEN2+LRP6	other	0.0002800717265927233	False	0.00030175015087507544	0.00024777689067532967	3314	36323	0.0002836847852449864	False	0.0006036824630244491	0.00024777689067532967	3313	36323	-3.6130586522631347e-06	False	False
DKK2	LRP6	other	0.003382165501534473	False	0.00030175015087507544	0.004239737907111196	3314	36323	0.0033857785601867363	False	0.0006036824630244491	0.004239737907111196	3313	36323	-3.6130586522631347e-06	False	False
DLL1	NOTCH1	other	0.09037326369434595	False	0.0331925165962583	0.09960631005148253	3314	36323	0.09113193117082119	False	0.03954120132810142	0.09960631005148253	3313	36323	-0.0007586674764752388	False	False
DLL1	NOTCH2	other	0.05403806734830141	False	0.0331925165962583	0.055722269636318586	3314	36323	0.05479673482477665	False	0.03954120132810142	0.055722269636318586	3313	36323	-0.0007586674764752388	False	False
DLL1	NOTCH3	other	0.01455368148162961	False	0.0331925165962583	0.007598491314043444	3314	36323	0.015312348958104849	False	0.03954120132810142	0.007598491314043444	3313	36323	-0.0007586674764752388	False	False
DLL1	NOTCH4	other	0.010560538619756699	False	0.0331925165962583	0.0026980150317980345	3314	36323	0.011319206096231937	False	0.03954120132810142	0.0026980150317980345	3313	36323	-0.0007586674764752388	False	False
DLL3	NOTCH1	other	0.08518866496160626	False	0.015389257694628847	0.09960631005148253	3314	36323	0.08771558851003647	False	0.02958044068819801	0.09960631005148253	3313	36323	-0.0025269235484302044	False	False
DLL3	NOTCH2	other	0.048853468615561724	False	0.015389257694628847	0.055722269636318586	3314	36323	0.05138039216399193	False	0.02958044068819801	0.055722269636318586	3313	36323	-0.0025269235484302044	False	False
DLL3	NOTCH3	other	0.009369082748889923	False	0.015389257694628847	0.007598491314043444	3314	36323	0.011896006297320127	False	0.02958044068819801	0.007598491314043444	3313	36323	-0.0025269235484302044	False	False
DLL3	NOTCH4	other	0.005375939887017012	False	0.015389257694628847	0.0026980150317980345	3314	36323	0.007902863435447216	False	0.02958044068819801	0.0026980150317980345	3313	36323	-0.0025269235484302044	False	False
DLL4	NOTCH1	other	0.08267698693089187	False	0.003922751961375981	0.09960631005148253	3314	36323	0.08291487849783152	False	0.0033202535466344703	0.09960631005148253	3313	36323	-0.00023789156693965197	False	False
DLL4	NOTCH2	other	0.04634179058484733	False	0.003922751961375981	0.055722269636318586	3314	36323	0.04657968215178698	False	0.0033202535466344703	0.055722269636318586	3313	36323	-0.00023789156693965197	False	False
DLL4	NOTCH3	other	0.00685740471817553	False	0.003922751961375981	0.007598491314043444	3314	36323	0.007095296285115182	False	0.0033202535466344703	0.007598491314043444	3313	36323	-0.00023789156693965197	False	False
DLL4	NOTCH4	other	0.002864261856302619	False	0.003922751961375981	0.0026980150317980345	3314	36323	0.003102153423242271	False	0.0033202535466344703	0.0026980150317980345	3313	36323	-0.00023789156693965197	False	False
DPEP2	CYSLTR1	other	0.037634686566889286	False	0.0030175015087507543	0.04140627150841065	3314	36323	0.038853802951052785	False	0.0033202535466344703	0.04140627150841065	3313	36323	-0.0012191163841634989	False	False
DPEP2	CYSLTR2	other	0.009882406331598759	False	0.0030175015087507543	0.011149960080389836	3314	36323	0.011101522715762258	False	0.0033202535466344703	0.011149960080389836	3313	36323	-0.0012191163841634989	False	False
DPEP3	CYSLTR1	other	0.03712759166955948	False	0.0	0.04140627150841065	3314	36323	0.037339267233619466	False	0.00030184123151222455	0.04140627150841065	3313	36323	-0.00021167556405998766	False	False
DPEP3	CYSLTR2	other	0.009375311434268951	False	0.0	0.011149960080389836	3314	36323	0.009586986998328939	False	0.00030184123151222455	0.011149960080389836	3313	36323	-0.00021167556405998766	False	False
DSC2	DSG2	other	0.6437563793733716	False	0.7939046469523234	0.005808991548054952	3314	36323	0.33747505117207766	False	0.5907032900694235	0.005808991548054952	3313	36323	0.30628132820129395	False	False
DSG2	DSC3	other	0.5239316374063492	False	0.8044659022329511	0.0034413457038240235	3314	36323	0.548067644238472	False	0.7536975550860248	0.0034413457038240235	3313	36323	-0.024136006832122803	False	False
EBI3+IL12A	IL12RB2+IL6ST	other	0.02573324099648744	False	0.004224502112251056	0.03075186520937147	3314	36323	0.02490360851516016	False	0.0018110473890733474	0.03075186520937147	3313	36323	0.0008296324813272804	False	False
EBI3+IL27	IL27RA+IL6ST	other	0.1217437996820081	False	0.0009052504526252263	0.1398838201690389	3314	36323	0.12235063803382218	False	0.002112888620585572	0.1398838201690389	3313	36323	-0.0006068383518140763	False	False
EDN1	EDNRA	other	0.09272983799746726	False	0.23053711526855764	0.00022024612504473748	3314	36323	0.054107812597067095	False	0.15756112284938123	0.00022024612504473748	3313	36323	0.03862202540040016	False	False
EDN1	EDNRB	other	0.09286525470088236	False	0.23053711526855764	0.0003854307188282906	3314	36323	0.0542432293004822	False	0.15756112284938123	0.0003854307188282906	3313	36323	0.03862202540040016	False	False
EDN2	EDNRA	other	0.03466114531329367	False	0.06970428485214243	0.00022024612504473748	3314	36323	0.017196325017721392	False	0.036824630244491396	0.00022024612504473748	3313	36323	0.01746482029557228	False	False
EDN2	EDNRB	other	0.034796562016708776	False	0.06970428485214243	0.0003854307188282906	3314	36323	0.017331741721136495	False	0.036824630244491396	0.0003854307188282906	3313	36323	0.01746482029557228	False	False
EDN3	EDNRA	other	0.0003077574510825798	False	0.0006035003017501509	0.00022024612504473748	3314	36323	0.00025912667479133233	False	0.0006036824630244491	0.00022024612504473748	3313	36323	4.863077629124746e-05	False	False
EDN3	EDNRB	other	0.00044317415449768305	False	0.0006035003017501509	0.0003854307188282906	3314	36323	0.0003945433782064356	False	0.0006036824630244491	0.0003854307188282906	3313	36323	4.863077629124746e-05	False	False
EFNA1	EPHA1	other	0.4339677430689335	False	0.6828605914302958	0.04143380227404124	3314	36323	0.4840266741812229	False	0.6365831572592816	0.04143380227404124	3313	36323	-0.05005893111228943	False	False
EFNA1	EPHA2	other	0.39697861101012677	False	0.6828605914302958	0.0016793767034661235	3314	36323	0.4470375421224162	False	0.6365831572592816	0.0016793767034661235	3313	36323	-0.05005893111228943	False	False
EFNA1	EPHA3	other	0.395962565598893	False	0.6828605914302958	0.00011012306252236874	3314	36323	0.4460214967111824	False	0.6365831572592816	0.00011012306252236874	3313	36323	-0.05005893111228943	False	False
EFNA1	EPHA4	other	0.4248499181121588	False	0.6828605914302958	0.031660380475181014	3314	36323	0.4749088492244482	False	0.6365831572592816	0.031660380475181014	3313	36323	-0.05005893111228943	False	False
EFNA1	EPHA5	other	0.39608968487300444	False	0.6828605914302958	0.00030283842193651404	3314	36323	0.4461486159852939	False	0.6365831572592816	0.00030283842193651404	3313	36323	-0.05005893111228943	False	False
EFNA1	EPHA7	other	0.3961023487499915	False	0.6828605914302958	0.00030283842193651404	3314	36323	0.44616127986228094	False	0.6365831572592816	0.00030283842193651404	3313	36323	-0.05005893111228943	False	False
EFNA3	EPHA1	other	0.15336941555142403	False	0.31412190706095355	0.04143380227404124	3314	36323	0.17779779806733131	False	0.3250830063386659	0.04143380227404124	3313	36323	-0.024428382515907288	False	False
EFNA3	EPHA2	other	0.11638028349261731	False	0.31412190706095355	0.0016793767034661235	3314	36323	0.1408086660085246	False	0.3250830063386659	0.0016793767034661235	3313	36323	-0.024428382515907288	False	False
EFNA3	EPHA3	other	0.11536423808138352	False	0.31412190706095355	0.00011012306252236874	3314	36323	0.1397926205972908	False	0.3250830063386659	0.00011012306252236874	3313	36323	-0.024428382515907288	False	False
EFNA3	EPHA4	other	0.14425159059464931	False	0.31412190706095355	0.031660380475181014	3314	36323	0.1686799731105566	False	0.3250830063386659	0.031660380475181014	3313	36323	-0.024428382515907288	False	False
EFNA3	EPHA5	other	0.11549135735549498	False	0.31412190706095355	0.00030283842193651404	3314	36323	0.13991973987140227	False	0.3250830063386659	0.00030283842193651404	3313	36323	-0.024428382515907288	False	False
EFNA3	EPHA7	other	0.11550402123248205	False	0.31412190706095355	0.00030283842193651404	3314	36323	0.13993240374838933	False	0.3250830063386659	0.00030283842193651404	3313	36323	-0.024428382515907288	False	False
EFNA4	EPHA1	other	0.057119740173220634	False	0.08026554013277007	0.04143380227404124	3314	36323	0.0640156976878643	False	0.10534258979776638	0.04143380227404124	3313	36323	-0.006895957514643669	False	False
EFNA4	EPHA2	other	0.020130608114413917	False	0.08026554013277007	0.0016793767034661235	3314	36323	0.027026565629057586	False	0.10534258979776638	0.0016793767034661235	3313	36323	-0.006895957514643669	False	False
EFNA4	EPHA3	other	0.019114562703180127	False	0.08026554013277007	0.00011012306252236874	3314	36323	0.026010520217823796	False	0.10534258979776638	0.00011012306252236874	3313	36323	-0.006895957514643669	False	False
EFNA4	EPHA4	other	0.04800191521644592	False	0.08026554013277007	0.031660380475181014	3314	36323	0.05489787273108959	False	0.10534258979776638	0.031660380475181014	3313	36323	-0.006895957514643669	False	False
EFNA4	EPHA5	other	0.01924168197729159	False	0.08026554013277007	0.00030283842193651404	3314	36323	0.02613763949193526	False	0.10534258979776638	0.00030283842193651404	3313	36323	-0.006895957514643669	False	False
EFNA4	EPHA7	other	0.019254345854278654	False	0.08026554013277007	0.00030283842193651404	3314	36323	0.026150303368922323	False	0.10534258979776638	0.00030283842193651404	3313	36323	-0.006895957514643669	False	False
EFNA5	EPHA1	other	0.08395746350288391	False	0.1511768255884128	0.04143380227404124	3314	36323	0.08710922300815582	False	0.15635375792333234	0.04143380227404124	3313	36323	-0.0031517595052719116	False	False
EFNA5	EPHA2	other	0.046968331444077194	False	0.1511768255884128	0.0016793767034661235	3314	36323	0.050120090949349105	False	0.15635375792333234	0.0016793767034661235	3313	36323	-0.0031517595052719116	False	False
EFNA5	EPHA3	other	0.045952286032843404	False	0.1511768255884128	0.00011012306252236874	3314	36323	0.049104045538115315	False	0.15635375792333234	0.00011012306252236874	3313	36323	-0.0031517595052719116	False	False
EFNA5	EPHA4	other	0.0748396385461092	False	0.1511768255884128	0.031660380475181014	3314	36323	0.07799139805138111	False	0.15635375792333234	0.031660380475181014	3313	36323	-0.0031517595052719116	False	False
EFNA5	EPHA5	other	0.04607940530695487	False	0.1511768255884128	0.00030283842193651404	3314	36323	0.04923116481222678	False	0.15635375792333234	0.00030283842193651404	3313	36323	-0.0031517595052719116	False	False
EFNA5	EPHA7	other	0.04609206918394193	False	0.1511768255884128	0.00030283842193651404	3314	36323	0.04924382868921384	False	0.15635375792333234	0.00030283842193651404	3313	36323	-0.0031517595052719116	False	False
EFNA5	EPHB2	other	0.046599219262134284	False	0.1511768255884128	0.0010461690939625031	3314	36323	0.049750978767406195	False	0.15635375792333234	0.0010461690939625031	3313	36323	-0.0031517595052719116	False	False
EFNB1	EPHA2	other	0.09974488790612668	False	0.30567290283645143	0.0016793767034661235	3314	36323	0.06557358230929822	False	0.20072441895562934	0.0016793767034661235	3313	36323	0.03417130559682846	False	False
EFNB1	EPHA4	other	0.12761619500815868	False	0.30567290283645143	0.031660380475181014	3314	36323	0.09344488941133022	False	0.20072441895562934	0.031660380475181014	3313	36323	0.03417130559682846	False	False
EFNB1	EPHB1	other	0.09944981778971851	False	0.30567290283645143	0.0011562921564848719	3314	36323	0.06527851219289005	False	0.20072441895562934	0.0011562921564848719	3313	36323	0.03417130559682846	False	False
EFNB1	EPHB2	other	0.09937577572418377	False	0.30567290283645143	0.0010461690939625031	3314	36323	0.06520447012735531	False	0.20072441895562934	0.0010461690939625031	3313	36323	0.03417130559682846	False	False
EFNB1	EPHB3	other	0.09968878317158669	False	0.30567290283645143	0.001459130578421386	3314	36323	0.06551747757475823	False	0.20072441895562934	0.001459130578421386	3313	36323	0.03417130559682846	False	False
EFNB1	EPHB4	other	0.10014404519461095	False	0.30567290283645143	0.0019546843597720454	3314	36323	0.06597273959778249	False	0.20072441895562934	0.0019546843597720454	3313	36323	0.03417130559682846	False	False
EFNB1	EPHB6	other	0.13537410646677017	False	0.30567290283645143	0.040442694711339926	3314	36323	0.10120280086994171	False	0.20072441895562934	0.040442694711339926	3313	36323	0.03417130559682846	False	False
EFNB2	EPHA4	other	0.24413571320474148	False	0.4728424864212432	0.031660380475181014	3314	36323	0.1255511473864317	False	0.2529429520072442	0.031660380475181014	3313	36323	0.11858456581830978	False	False
EFNB2	EPHB1	other	0.2159693359863013	False	0.4728424864212432	0.0011562921564848719	3314	36323	0.09738477016799152	False	0.2529429520072442	0.0011562921564848719	3313	36323	0.11858456581830978	False	False
EFNB2	EPHB2	other	0.21589529392076656	False	0.4728424864212432	0.0010461690939625031	3314	36323	0.09731072810245678	False	0.2529429520072442	0.0010461690939625031	3313	36323	0.11858456581830978	False	False
EFNB2	EPHB3	other	0.2162083013681695	False	0.4728424864212432	0.001459130578421386	3314	36323	0.0976237355498597	False	0.2529429520072442	0.001459130578421386	3313	36323	0.11858456581830978	False	False
EFNB2	EPHB4	other	0.21666356339119375	False	0.4728424864212432	0.0019546843597720454	3314	36323	0.09807899757288396	False	0.2529429520072442	0.0019546843597720454	3313	36323	0.11858456581830978	False	False
EFNB2	EPHB6	other	0.25189362466335297	False	0.4728424864212432	0.040442694711339926	3314	36323	0.13330905884504318	False	0.2529429520072442	0.040442694711339926	3313	36323	0.11858456581830978	False	False
EFNB3	EPHA4	other	0.03512272518128157	False	0.02715751357875679	0.031660380475181014	3314	36323	0.036322548519819975	False	0.03380621792936915	0.031660380475181014	3313	36323	-0.0011998233385384083	False	False
EFNB3	EPHB1	other	0.0069563479628413916	False	0.02715751357875679	0.0011562921564848719	3314	36323	0.0081561713013798	False	0.03380621792936915	0.0011562921564848719	3313	36323	-0.0011998233385384083	False	False
EFNB3	EPHB2	other	0.006882305897306651	False	0.02715751357875679	0.0010461690939625031	3314	36323	0.00808212923584506	False	0.03380621792936915	0.0010461690939625031	3313	36323	-0.0011998233385384083	False	False
EFNB3	EPHB3	other	0.007195313344709575	False	0.02715751357875679	0.001459130578421386	3314	36323	0.008395136683247983	False	0.03380621792936915	0.001459130578421386	3313	36323	-0.0011998233385384083	False	False
EFNB3	EPHB4	other	0.007650575367733836	False	0.02715751357875679	0.0019546843597720454	3314	36323	0.008850398706272244	False	0.03380621792936915	0.0019546843597720454	3313	36323	-0.0011998233385384083	False	False
EFNB3	EPHB6	other	0.042880636639893055	False	0.02715751357875679	0.040442694711339926	3314	36323	0.04408045997843146	False	0.03380621792936915	0.040442694711339926	3313	36323	-0.0011998233385384083	False	False
EGF	EGFR	other	0.009754121769219637	False	0.02051901025950513	0.004845414750984225	3314	36323	0.009576498065143824	False	0.018110473890733475	0.004845414750984225	3313	36323	0.0001776237040758133	False	False
ENTPD1	ADORA1	other	0.0023958745296113193	False	0.008147254073627036	0.0001651845937835531	3314	36323	0.0035315267159603536	False	0.011168125565952309	0.0001651845937835531	3313	36323	-0.0011356521863490343	False	False
ENTPD1	ADORA2B	other	0.002835321763996035	False	0.008147254073627036	0.0009911075627013187	3314	36323	0.003970973950345069	False	0.011168125565952309	0.0009911075627013187	3313	36323	-0.0011356521863490343	False	False
ENTPD1	ADORA3	other	0.0027639957261271775	False	0.008147254073627036	0.0007157999063953968	3314	36323	0.003899647912476212	False	0.011168125565952309	0.0007157999063953968	3313	36323	-0.0011356521863490343	False	False
EREG	EGFR	other	0.01744623063132167	False	0.03168376584188292	0.004845414750984225	3314	36323	0.02725166128948331	False	0.061273769996981586	0.004845414750984225	3313	36323	-0.00980543065816164	False	False
EREG	ERBB4	other	0.013932661066064611	False	0.03168376584188292	0.0006056768438730281	3314	36323	0.02373809172422625	False	0.061273769996981586	0.0006056768438730281	3313	36323	-0.00980543065816164	False	False
ESAM	ESAM	other	0.0030171862454153597	False	0.007845503922751962	0.0006607383751342124	3314	36323	0.0013881718623451889	False	0.004225777241171144	0.0006607383751342124	3313	36323	0.0016290143830701709	False	False
F11R	ITGAL+ITGB2	other	1.130975604057312	True	0.8777911888955945	0.4833851829419376	3314	36323	1.022027313709259	True	0.7416239058255357	0.4833851829419376	3313	36323	0.10894829034805298	True	True
FASLG	FAS	other	0.1475979897659272	False	0.004526252263126132	0.16802026264350411	3314	36323	0.1463753837160766	False	0.0024147298520977964	0.16802026264350411	3313	36323	0.001222606049850583	False	False
FBN1	ITGA5+ITGB1	other	0.07006062811706215	False	0.004828002414001207	0.0771962668281805	3314	36323	0.07030859962105751	False	0.00784787201931784	0.0771962668281805	3313	36323	-0.00024797150399535894	False	False
FCER2	CR2	other	0.0012829344341298565	False	0.0006035003017501509	0.0012388844533766485	3314	36323	0.0012239319476066157	False	0.0012073649260488982	0.0012388844533766485	3313	36323	5.9002486523240805e-05	False	False
FCER2	FGFR2	other	0.004167520892224275	False	0.0006035003017501509	0.004872945516614817	3314	36323	0.004108518405701034	False	0.0012073649260488982	0.004872945516614817	3313	36323	5.9002486523240805e-05	False	False
FCER2	ITGAM+ITGB2	other	0.021373875424615107	False	0.0006035003017501509	0.023841643036092833	3314	36323	0.021314872938091867	False	0.0012073649260488982	0.023841643036092833	3313	36323	5.9002486523240805e-05	False	False
FCER2	ITGAX+ITGB2	other	0.024658028021804057	False	0.0006035003017501509	0.02769595022437574	3314	36323	0.024599025535280816	False	0.0012073649260488982	0.02769595022437574	3313	36323	5.9002486523240805e-05	False	False
FGF1	FGFR1	other	0.018207248765975237	False	0.010863005431502716	0.018418082206866172	3314	36323	0.01777907693758607	False	0.008753395713854513	0.018418082206866172	3313	36323	0.0004281718283891678	False	False
FGF1	FGFR2	other	0.0071043213829398155	False	0.010863005431502716	0.004872945516614817	3314	36323	0.006676149554550648	False	0.008753395713854513	0.004872945516614817	3313	36323	0.0004281718283891678	False	False
FGF1	FGFR3	other	0.0052392734214663506	False	0.010863005431502716	0.0028631996255815873	3314	36323	0.004811101593077183	False	0.008753395713854513	0.0028631996255815873	3313	36323	0.0004281718283891678	False	False
FGF1	FGFR4	other	0.0033863829012261704	False	0.010863005431502716	0.0003303691875671062	3314	36323	0.0029582110728370026	False	0.008753395713854513	0.0003303691875671062	3313	36323	0.0004281718283891678	False	False
FGF17	FGFR3	other	0.0029445632826536894	False	0.002112251056125528	0.0028631996255815873	3314	36323	0.0029739798046648502	False	0.00392393600965892	0.0028631996255815873	3313	36323	-2.941652201116085e-05	False	False
FGF2	FGFR1	other	0.05748254153877497	False	0.12371756185878093	0.018418082206866172	3314	36323	0.05836596805602312	False	0.13069725324479323	0.018418082206866172	3313	36323	-0.0008834265172481537	False	False
FGF2	FGFR2	other	0.046379614155739546	False	0.12371756185878093	0.004872945516614817	3314	36323	0.0472630406729877	False	0.13069725324479323	0.004872945516614817	3313	36323	-0.0008834265172481537	False	False
FGF2	FGFR3	other	0.04451456619426608	False	0.12371756185878093	0.0028631996255815873	3314	36323	0.045397992711514235	False	0.13069725324479323	0.0028631996255815873	3313	36323	-0.0008834265172481537	False	False
FGF2	FGFR4	other	0.0426616756740259	False	0.12371756185878093	0.0003303691875671062	3314	36323	0.043545102191274054	False	0.13069725324479323	0.0003303691875671062	3313	36323	-0.0008834265172481537	False	False
FGF22	FGFR2	other	0.004660492588300258	False	0.002715751357875679	0.004872945516614817	3314	36323	0.004316337552154437	False	0.002112888620585572	0.004872945516614817	3313	36323	0.0003441550361458212	False	False
FGF23	FGFR1+KL	other	0.006496198155218735	False	0.02595051297525649	0.0004955537813506593	3314	36323	0.008494277630234137	False	0.03863567763356474	0.0004955537813506593	3313	36323	-0.001998079475015402	False	False
FGF4	FGFR1	other	0.015169166144914925	False	0.0006035003017501509	0.018418082206866172	3314	36323	0.015373182744951919	False	0.002112888620585572	0.018418082206866172	3313	36323	-0.00020401660003699362	False	False
FGF5	FGFR1	other	0.015882739913649857	False	0.0018105009052504525	0.018418082206866172	3314	36323	0.015401647135149688	False	0.0009055236945366737	0.018418082206866172	3313	36323	0.0004810927785001695	False	False
FGF7	FGFR2	other	0.00496462476439774	False	0.004224502112251056	0.004872945516614817	3314	36323	0.004689056193456054	False	0.003622094778146695	0.004872945516614817	3313	36323	0.00027556857094168663	False	False
FGF8	FGFR3	other	0.0028483934001997113	False	0.0033192516596258297	0.0028631996255815873	3314	36323	0.002791543141938746	False	0.003018412315122246	0.0028631996255815873	3313	36323	5.685025826096535e-05	False	False
FGF9	FGFR3	other	0.0034462615149095654	False	0.005733252866626433	0.0028631996255815873	3314	36323	0.002404059108812362	False	0.002112888620585572	0.0028631996255815873	3313	36323	0.0010422024060972035	False	False
FGFR4	TGFBR3	other	0.10670333728194237	False	0.02715751357875679	0.1053602400682763	3314	36323	0.10804499965161085	False	0.03773015393902807	0.1053602400682763	3313	36323	-0.0013416623696684837	False	False
FGL1	LAG3	other	0.22561408346518874	False	0.010863005431502716	0.22288907854527434	3314	36323	0.23387889005243778	False	0.03169332930878358	0.22288907854527434	3313	36323	-0.00826480658724904	False	False
FLRT2	ADGRL1	other	0.020916712936013937	False	0.013277006638503319	0.02029017426974644	3314	36323	0.01997066056355834	False	0.00996076063990341	0.02029017426974644	3313	36323	0.0009460523724555969	False	False
FLRT2	ADGRL3	other	0.003959611640311778	False	0.013277006638503319	0.0010461690939625031	3314	36323	0.0030135592678561807	False	0.00996076063990341	0.0010461690939625031	3313	36323	0.0009460523724555969	False	False
FLRT3	ADGRL2	other	0.03253317507915199	False	0.09897404948702475	0.0006332076095036203	3314	36323	0.022037756396457553	False	0.07696951403561726	0.0006332076095036203	3313	36323	0.010495418682694435	False	False
FLRT3	ADGRL3	other	0.03280838124919683	False	0.09897404948702475	0.0010461690939625031	3314	36323	0.022312962566502392	False	0.07696951403561726	0.0010461690939625031	3313	36323	0.010495418682694435	False	False
FLRT3+TENM2	ADGRL1	other	0.025124743580818176	False	0.02776101388050694	0.02029017426974644	3314	36323	0.024801823776215315	False	0.02112888620585572	0.02029017426974644	3313	36323	0.0003229198046028614	False	False
FLRT3+TENM2	ADGRL2	other	0.007892436115071177	False	0.02776101388050694	0.0006332076095036203	3314	36323	0.007569516310468316	False	0.02112888620585572	0.0006332076095036203	3313	36323	0.0003229198046028614	False	False
FLRT3+TENM3	ADGRL3	other	0.0018976820865646005	False	0.007543753771876886	0.0010461690939625031	3314	36323	0.003743027918972075	False	0.016903108964684575	0.0010461690939625031	3313	36323	-0.0018453458324074745	False	False
FLRT3+TENM4	ADGRL1	other	0.04368803836405277	False	0.09384429692214846	0.02029017426974644	3314	36323	0.038986749947071075	False	0.07696951403561726	0.02029017426974644	3313	36323	0.004701288416981697	False	False
FLT3LG	FLT3	other	0.0009044948092196137	False	0.0018105009052504525	0.0005781460782424359	3314	36323	0.0005770996795035899	False	0.0006036824630244491	0.0005781460782424359	3313	36323	0.0003273951297160238	False	False
FN1	ITGA10+ITGB1	other	0.013418501592241228	False	0.029571514785757393	0.0020097458910332297	3314	36323	0.012736720382235944	False	0.027467552067612436	0.0020097458910332297	3313	36323	0.0006817812100052834	False	False
FN1	ITGA11+ITGB1	other	0.018279118929058313	False	0.029571514785757393	0.007708614376565812	3314	36323	0.01759733771905303	False	0.027467552067612436	0.007708614376565812	3313	36323	0.0006817812100052834	False	False
FN1	ITGA2+ITGB1	other	0.03379962034523487	False	0.029571514785757393	0.027640888693114554	3314	36323	0.03311783913522959	False	0.027467552067612436	0.027640888693114554	3313	36323	0.0006817812100052834	False	False
FN1	ITGA3+ITGB1	other	0.022734922356903553	False	0.029571514785757393	0.013297359799576027	3314	36323	0.02205314114689827	False	0.027467552067612436	0.013297359799576027	3313	36323	0.0006817812100052834	False	False
FN1	ITGA4+ITGB1	other	0.2580093201249838	False	0.029571514785757393	0.265782011397737	3314	36323	0.2573275389149785	False	0.027467552067612436	0.265782011397737	3313	36323	0.0006817812100052834	False	False
FN1	ITGA4+ITGB7	other	0.19366624020040035	False	0.029571514785757393	0.20342482724444566	3314	36323	0.19298445899039507	False	0.027467552067612436	0.20342482724444566	3313	36323	0.0006817812100052834	False	False
FN1	ITGA5+ITGB1	other	0.08077058754861355	False	0.029571514785757393	0.0771962668281805	3314	36323	0.08008880633860826	False	0.027467552067612436	0.0771962668281805	3313	36323	0.0006817812100052834	False	False
FN1	ITGA8+ITGB1	other	0.011908479849807918	False	0.029571514785757393	0.00027530765630592185	3314	36323	0.011226698639802635	False	0.027467552067612436	0.00027530765630592185	3313	36323	0.0006817812100052834	False	False
FN1	ITGAV+ITGB1	other	0.034645695239305496	False	0.029571514785757393	0.027916196349420476	3314	36323	0.03396391402930021	False	0.027467552067612436	0.027916196349420476	3313	36323	0.0006817812100052834	False	False
FN1	ITGAV+ITGB5	other	0.01483610039576888	False	0.029571514785757393	0.004267268672741789	3314	36323	0.014154319185763597	False	0.027467552067612436	0.004267268672741789	3313	36323	0.0006817812100052834	False	False
FTH1	SCARA5	other	1.6227004295797087	False	0.9770669885334943	0.0003578999531976984	3314	36323	1.5283448463887908	False	0.9538182915786296	0.0003578999531976984	3313	36323	0.09435558319091797	False	False
FTL	SCARA5	other	1.227672315260861	False	0.9312009656004828	0.0003578999531976984	3314	36323	1.2126055723638274	False	0.8726230003018413	0.0003578999531976984	3313	36323	0.015066742897033691	False	False
GAD1+SLC6A1	GABBR1	other	0.006240910559426993	False	0.0015087507543753772	0.007020345235801008	3314	36323	0.006025825452525169	False	0.0006036824630244491	0.007020345235801008	3313	36323	0.00021508510690182447	False	False
GAD1+SLC6A1	GABBR2	other	0.0011444955016486347	False	0.0015087507543753772	0.0010461690939625031	3314	36323	0.0009294103947468102	False	0.0006036824630244491	0.0010461690939625031	3313	36323	0.00021508510690182447	False	False
GAD1+SLC6A1	GABRA1+GABRB2	other	0.00047719608119223267	False	0.0015087507543753772	0.00022024612504473748	3314	36323	0.0002621109742904082	False	0.0006036824630244491	0.00022024612504473748	3313	36323	0.00021508510690182447	False	False
GAD1+SLC6A1	GABRA1+GABRB2+GABRD	other	0.00047719608119223267	False	0.0015087507543753772	0.00022024612504473748	3314	36323	0.0002621109742904082	False	0.0006036824630244491	0.00022024612504473748	3313	36323	0.00021508510690182447	False	False
GAD1+SLC6A1	GABRA1+GABRB2+GABRG2	other	0.00047719608119223267	False	0.0015087507543753772	0.00022024612504473748	3314	36323	0.0002621109742904082	False	0.0006036824630244491	0.00022024612504473748	3313	36323	0.00021508510690182447	False	False
GAD1+SLC6A1	GABRA1+GABRB3	other	0.00047719608119223267	False	0.0015087507543753772	0.00022024612504473748	3314	36323	0.0002621109742904082	False	0.0006036824630244491	0.00022024612504473748	3313	36323	0.00021508510690182447	False	False
GAD1+SLC6A1	GABRA1+GABRB3+GABRG2	other	0.00047719608119223267	False	0.0015087507543753772	0.00022024612504473748	3314	36323	0.0002621109742904082	False	0.0006036824630244491	0.00022024612504473748	3313	36323	0.00021508510690182447	False	False
GAD1+SLC6A1	GABRA2+GABRB3+GABRG2	other	0.0006424716557376087	False	0.0015087507543753772	0.00044049225008947496	3314	36323	0.0004273865488357842	False	0.0006036824630244491	0.00044049225008947496	3313	36323	0.00021508510690182447	False	False
GAD1+SLC6A1	GABRA3+GABRB3+GABRE	other	0.0005347439437173307	False	0.0015087507543753772	0.0003854307188282906	3314	36323	0.0003196588368155062	False	0.0006036824630244491	0.0003854307188282906	3313	36323	0.00021508510690182447	False	False
GAD1+SLC6A1	GABRA3+GABRB3+GABRG2	other	0.0005347439437173307	False	0.0015087507543753772	0.0003854307188282906	3314	36323	0.0003196588368155062	False	0.0006036824630244491	0.0003854307188282906	3313	36323	0.00021508510690182447	False	False
GAD1+SLC6A1	GABRA3+GABRB3+GABRQ	other	0.0004845187650062144	False	0.0015087507543753772	0.00024777689067532967	3314	36323	0.0002694336581043899	False	0.0006036824630244491	0.00024777689067532967	3313	36323	0.00021508510690182447	False	False
GAD1+SLC6A1	GABRA4+GABRB2+GABRD	other	0.0004865312221227214	False	0.0015087507543753772	0.00024777689067532967	3314	36323	0.0002714461152208969	False	0.0006036824630244491	0.00024777689067532967	3313	36323	0.00021508510690182447	False	False
GAD1+SLC6A1	GABRA4+GABRB3+GABRD	other	0.0004865312221227214	False	0.0015087507543753772	0.00024777689067532967	3314	36323	0.0002714461152208969	False	0.0006036824630244491	0.00024777689067532967	3313	36323	0.00021508510690182447	False	False
GAD1+SLC6A1	GABRA4+GABRB3+GABRG2	other	0.0005042026459705085	False	0.0015087507543753772	0.00027530765630592185	3314	36323	0.000289117539068684	False	0.0006036824630244491	0.00027530765630592185	3313	36323	0.00021508510690182447	False	False
GAD1+SLC6A1	GABRA5+GABRB3+GABRG2	other	0.00042114117968594655	False	0.0015087507543753772	0.0001651845937835531	3314	36323	0.00020605607278412208	False	0.0006036824630244491	0.0001651845937835531	3313	36323	0.00021508510690182447	False	False
GAD1+SLC6A11	GABBR1	other	0.007639713119715452	False	0.01056125528062764	0.007020345235801008	3314	36323	0.008423834340646863	False	0.011168125565952309	0.007020345235801008	3313	36323	-0.0007841212209314108	False	False
GAD1+SLC6A11	GABBR2	other	0.0025432980619370937	False	0.01056125528062764	0.0010461690939625031	3314	36323	0.0033274192828685045	False	0.011168125565952309	0.0010461690939625031	3313	36323	-0.0007841212209314108	False	False
GAD1+SLC6A11	GABRA1+GABRB2	other	0.0018759986414806917	False	0.01056125528062764	0.00022024612504473748	3314	36323	0.0026601198624121025	False	0.011168125565952309	0.00022024612504473748	3313	36323	-0.0007841212209314108	False	False
GAD1+SLC6A11	GABRA1+GABRB2+GABRD	other	0.0018759986414806917	False	0.01056125528062764	0.00022024612504473748	3314	36323	0.0026601198624121025	False	0.011168125565952309	0.00022024612504473748	3313	36323	-0.0007841212209314108	False	False
GAD1+SLC6A11	GABRA1+GABRB2+GABRG2	other	0.0018759986414806917	False	0.01056125528062764	0.00022024612504473748	3314	36323	0.0026601198624121025	False	0.011168125565952309	0.00022024612504473748	3313	36323	-0.0007841212209314108	False	False
GAD1+SLC6A11	GABRA1+GABRB3	other	0.0018759986414806917	False	0.01056125528062764	0.00022024612504473748	3314	36323	0.0026601198624121025	False	0.011168125565952309	0.00022024612504473748	3313	36323	-0.0007841212209314108	False	False
GAD1+SLC6A11	GABRA1+GABRB3+GABRG2	other	0.0018759986414806917	False	0.01056125528062764	0.00022024612504473748	3314	36323	0.0026601198624121025	False	0.011168125565952309	0.00022024612504473748	3313	36323	-0.0007841212209314108	False	False
GAD1+SLC6A11	GABRA2+GABRB3+GABRG2	other	0.0020412742160260677	False	0.01056125528062764	0.00044049225008947496	3314	36323	0.0028253954369574785	False	0.011168125565952309	0.00044049225008947496	3313	36323	-0.0007841212209314108	False	False
GAD1+SLC6A11	GABRA3+GABRB3+GABRE	other	0.0019335465040057898	False	0.01056125528062764	0.0003854307188282906	3314	36323	0.0027176677249372005	False	0.011168125565952309	0.0003854307188282906	3313	36323	-0.0007841212209314108	False	False
GAD1+SLC6A11	GABRA3+GABRB3+GABRG2	other	0.0019335465040057898	False	0.01056125528062764	0.0003854307188282906	3314	36323	0.0027176677249372005	False	0.011168125565952309	0.0003854307188282906	3313	36323	-0.0007841212209314108	False	False
GAD1+SLC6A11	GABRA3+GABRB3+GABRQ	other	0.0018833213252946734	False	0.01056125528062764	0.00024777689067532967	3314	36323	0.0026674425462260842	False	0.011168125565952309	0.00024777689067532967	3313	36323	-0.0007841212209314108	False	False
GAD1+SLC6A11	GABRA4+GABRB2+GABRD	other	0.0018853337824111804	False	0.01056125528062764	0.00024777689067532967	3314	36323	0.0026694550033425912	False	0.011168125565952309	0.00024777689067532967	3313	36323	-0.0007841212209314108	False	False
GAD1+SLC6A11	GABRA4+GABRB3+GABRD	other	0.0018853337824111804	False	0.01056125528062764	0.00024777689067532967	3314	36323	0.0026694550033425912	False	0.011168125565952309	0.00024777689067532967	3313	36323	-0.0007841212209314108	False	False
GAD1+SLC6A11	GABRA4+GABRB3+GABRG2	other	0.0019030052062589675	False	0.01056125528062764	0.00027530765630592185	3314	36323	0.0026871264271903783	False	0.011168125565952309	0.00027530765630592185	3313	36323	-0.0007841212209314108	False	False
GAD1+SLC6A11	GABRA5+GABRB3+GABRG2	other	0.0018199437399744056	False	0.01056125528062764	0.0001651845937835531	3314	36323	0.0026040649609058164	False	0.011168125565952309	0.0001651845937835531	3313	36323	-0.0007841212209314108	False	False
GAD1+SLC6A12	GABBR1	other	0.006641653249971569	False	0.002715751357875679	0.007020345235801008	3314	36323	0.006504294404294342	False	0.0012073649260488982	0.007020345235801008	3313	36323	0.00013735884567722678	False	False
GAD1+SLC6A12	GABBR2	other	0.0015452381921932101	False	0.002715751357875679	0.0010461690939625031	3314	36323	0.0014078793465159833	False	0.0012073649260488982	0.0010461690939625031	3313	36323	0.00013735884567722678	False	False
GAD1+SLC6A12	GABRA1+GABRB2	other	0.0008779387717368081	False	0.002715751357875679	0.00022024612504473748	3314	36323	0.0007405799260595813	False	0.0012073649260488982	0.00022024612504473748	3313	36323	0.00013735884567722678	False	False
GAD1+SLC6A12	GABRA1+GABRB2+GABRD	other	0.0008779387717368081	False	0.002715751357875679	0.00022024612504473748	3314	36323	0.0007405799260595813	False	0.0012073649260488982	0.00022024612504473748	3313	36323	0.00013735884567722678	False	False
GAD1+SLC6A12	GABRA1+GABRB2+GABRG2	other	0.0008779387717368081	False	0.002715751357875679	0.00022024612504473748	3314	36323	0.0007405799260595813	False	0.0012073649260488982	0.00022024612504473748	3313	36323	0.00013735884567722678	False	False
GAD1+SLC6A12	GABRA1+GABRB3	other	0.0008779387717368081	False	0.002715751357875679	0.00022024612504473748	3314	36323	0.0007405799260595813	False	0.0012073649260488982	0.00022024612504473748	3313	36323	0.00013735884567722678	False	False
GAD1+SLC6A12	GABRA1+GABRB3+GABRG2	other	0.0008779387717368081	False	0.002715751357875679	0.00022024612504473748	3314	36323	0.0007405799260595813	False	0.0012073649260488982	0.00022024612504473748	3313	36323	0.00013735884567722678	False	False
GAD1+SLC6A12	GABRA2+GABRB3+GABRG2	other	0.0010432143462821841	False	0.002715751357875679	0.00044049225008947496	3314	36323	0.0009058555006049573	False	0.0012073649260488982	0.00044049225008947496	3313	36323	0.00013735884567722678	False	False
GAD1+SLC6A12	GABRA3+GABRB3+GABRE	other	0.0009354866342619061	False	0.002715751357875679	0.0003854307188282906	3314	36323	0.0007981277885846794	False	0.0012073649260488982	0.0003854307188282906	3313	36323	0.00013735884567722678	False	False
GAD1+SLC6A12	GABRA3+GABRB3+GABRG2	other	0.0009354866342619061	False	0.002715751357875679	0.0003854307188282906	3314	36323	0.0007981277885846794	False	0.0012073649260488982	0.0003854307188282906	3313	36323	0.00013735884567722678	False	False
GAD1+SLC6A12	GABRA3+GABRB3+GABRQ	other	0.0008852614555507898	False	0.002715751357875679	0.00024777689067532967	3314	36323	0.000747902609873563	False	0.0012073649260488982	0.00024777689067532967	3313	36323	0.00013735884567722678	False	False
GAD1+SLC6A12	GABRA4+GABRB2+GABRD	other	0.0008872739126672968	False	0.002715751357875679	0.00024777689067532967	3314	36323	0.00074991506699007	False	0.0012073649260488982	0.00024777689067532967	3313	36323	0.00013735884567722678	False	False
GAD1+SLC6A12	GABRA4+GABRB3+GABRD	other	0.0008872739126672968	False	0.002715751357875679	0.00024777689067532967	3314	36323	0.00074991506699007	False	0.0012073649260488982	0.00024777689067532967	3313	36323	0.00013735884567722678	False	False
GAD1+SLC6A12	GABRA4+GABRB3+GABRG2	other	0.0009049453365150839	False	0.002715751357875679	0.00027530765630592185	3314	36323	0.0007675864908378571	False	0.0012073649260488982	0.00027530765630592185	3313	36323	0.00013735884567722678	False	False
GAD1+SLC6A12	GABRA5+GABRB3+GABRG2	other	0.000821883870230522	False	0.002715751357875679	0.0001651845937835531	3314	36323	0.0006845250245532952	False	0.0012073649260488982	0.0001651845937835531	3313	36323	0.00013735884567722678	False	False
GAD1+SLC6A13	GABBR1	other	0.00677030737278983	False	0.002715751357875679	0.007020345235801008	3314	36323	0.006488160870503634	False	0.0024147298520977964	0.007020345235801008	3313	36323	0.00028214650228619576	False	False
GAD1+SLC6A13	GABBR2	other	0.0016738923150114715	False	0.002715751357875679	0.0010461690939625031	3314	36323	0.0013917458127252758	False	0.0024147298520977964	0.0010461690939625031	3313	36323	0.00028214650228619576	False	False
GAD1+SLC6A13	GABRA1+GABRB2	other	0.0010065928945550695	False	0.002715751357875679	0.00022024612504473748	3314	36323	0.0007244463922688738	False	0.0024147298520977964	0.00022024612504473748	3313	36323	0.00028214650228619576	False	False
GAD1+SLC6A13	GABRA1+GABRB2+GABRD	other	0.0010065928945550695	False	0.002715751357875679	0.00022024612504473748	3314	36323	0.0007244463922688738	False	0.0024147298520977964	0.00022024612504473748	3313	36323	0.00028214650228619576	False	False
GAD1+SLC6A13	GABRA1+GABRB2+GABRG2	other	0.0010065928945550695	False	0.002715751357875679	0.00022024612504473748	3314	36323	0.0007244463922688738	False	0.0024147298520977964	0.00022024612504473748	3313	36323	0.00028214650228619576	False	False
GAD1+SLC6A13	GABRA1+GABRB3	other	0.0010065928945550695	False	0.002715751357875679	0.00022024612504473748	3314	36323	0.0007244463922688738	False	0.0024147298520977964	0.00022024612504473748	3313	36323	0.00028214650228619576	False	False
GAD1+SLC6A13	GABRA1+GABRB3+GABRG2	other	0.0010065928945550695	False	0.002715751357875679	0.00022024612504473748	3314	36323	0.0007244463922688738	False	0.0024147298520977964	0.00022024612504473748	3313	36323	0.00028214650228619576	False	False
GAD1+SLC6A13	GABRA2+GABRB3+GABRG2	other	0.0011718684691004455	False	0.002715751357875679	0.00044049225008947496	3314	36323	0.0008897219668142498	False	0.0024147298520977964	0.00044049225008947496	3313	36323	0.00028214650228619576	False	False
GAD1+SLC6A13	GABRA3+GABRB3+GABRE	other	0.0010641407570801675	False	0.002715751357875679	0.0003854307188282906	3314	36323	0.0007819942547939718	False	0.0024147298520977964	0.0003854307188282906	3313	36323	0.00028214650228619576	False	False
GAD1+SLC6A13	GABRA3+GABRB3+GABRG2	other	0.0010641407570801675	False	0.002715751357875679	0.0003854307188282906	3314	36323	0.0007819942547939718	False	0.0024147298520977964	0.0003854307188282906	3313	36323	0.00028214650228619576	False	False
GAD1+SLC6A13	GABRA3+GABRB3+GABRQ	other	0.0010139155783690512	False	0.002715751357875679	0.00024777689067532967	3314	36323	0.0007317690760828555	False	0.0024147298520977964	0.00024777689067532967	3313	36323	0.00028214650228619576	False	False
GAD1+SLC6A13	GABRA4+GABRB2+GABRD	other	0.0010159280354855582	False	0.002715751357875679	0.00024777689067532967	3314	36323	0.0007337815331993625	False	0.0024147298520977964	0.00024777689067532967	3313	36323	0.00028214650228619576	False	False
GAD1+SLC6A13	GABRA4+GABRB3+GABRD	other	0.0010159280354855582	False	0.002715751357875679	0.00024777689067532967	3314	36323	0.0007337815331993625	False	0.0024147298520977964	0.00024777689067532967	3313	36323	0.00028214650228619576	False	False
GAD1+SLC6A13	GABRA4+GABRB3+GABRG2	other	0.0010335994593333453	False	0.002715751357875679	0.00027530765630592185	3314	36323	0.0007514529570471495	False	0.0024147298520977964	0.00027530765630592185	3313	36323	0.00028214650228619576	False	False
GAD1+SLC6A13	GABRA5+GABRB3+GABRG2	other	0.0009505379930487834	False	0.002715751357875679	0.0001651845937835531	3314	36323	0.0006683914907625876	False	0.0024147298520977964	0.0001651845937835531	3313	36323	0.00028214650228619576	False	False
GAD1+SLC6A6	GABBR1	other	0.010113999247550964	False	0.01659625829812915	0.007020345235801008	3314	36323	0.013626711443066597	False	0.03018412315122246	0.007020345235801008	3313	36323	-0.0035127121955156326	False	False
GAD1+SLC6A6	GABBR2	other	0.005017584189772606	False	0.01659625829812915	0.0010461690939625031	3314	36323	0.008530296385288239	False	0.03018412315122246	0.0010461690939625031	3313	36323	-0.0035127121955156326	False	False
GAD1+SLC6A6	GABRA1+GABRB2	other	0.004350284769316204	False	0.01659625829812915	0.00022024612504473748	3314	36323	0.007862996964831837	False	0.03018412315122246	0.00022024612504473748	3313	36323	-0.0035127121955156326	False	False
GAD1+SLC6A6	GABRA1+GABRB2+GABRD	other	0.004350284769316204	False	0.01659625829812915	0.00022024612504473748	3314	36323	0.007862996964831837	False	0.03018412315122246	0.00022024612504473748	3313	36323	-0.0035127121955156326	False	False
GAD1+SLC6A6	GABRA1+GABRB2+GABRG2	other	0.004350284769316204	False	0.01659625829812915	0.00022024612504473748	3314	36323	0.007862996964831837	False	0.03018412315122246	0.00022024612504473748	3313	36323	-0.0035127121955156326	False	False
GAD1+SLC6A6	GABRA1+GABRB3	other	0.004350284769316204	False	0.01659625829812915	0.00022024612504473748	3314	36323	0.007862996964831837	False	0.03018412315122246	0.00022024612504473748	3313	36323	-0.0035127121955156326	False	False
GAD1+SLC6A6	GABRA1+GABRB3+GABRG2	other	0.004350284769316204	False	0.01659625829812915	0.00022024612504473748	3314	36323	0.007862996964831837	False	0.03018412315122246	0.00022024612504473748	3313	36323	-0.0035127121955156326	False	False
GAD1+SLC6A6	GABRA2+GABRB3+GABRG2	other	0.00451556034386158	False	0.01659625829812915	0.00044049225008947496	3314	36323	0.008028272539377213	False	0.03018412315122246	0.00044049225008947496	3313	36323	-0.0035127121955156326	False	False
GAD1+SLC6A6	GABRA3+GABRB3+GABRE	other	0.004407832631841302	False	0.01659625829812915	0.0003854307188282906	3314	36323	0.007920544827356935	False	0.03018412315122246	0.0003854307188282906	3313	36323	-0.0035127121955156326	False	False
GAD1+SLC6A6	GABRA3+GABRB3+GABRG2	other	0.004407832631841302	False	0.01659625829812915	0.0003854307188282906	3314	36323	0.007920544827356935	False	0.03018412315122246	0.0003854307188282906	3313	36323	-0.0035127121955156326	False	False
GAD1+SLC6A6	GABRA3+GABRB3+GABRQ	other	0.004357607453130186	False	0.01659625829812915	0.00024777689067532967	3314	36323	0.007870319648645818	False	0.03018412315122246	0.00024777689067532967	3313	36323	-0.0035127121955156326	False	False
GAD1+SLC6A6	GABRA4+GABRB2+GABRD	other	0.004359619910246693	False	0.01659625829812915	0.00024777689067532967	3314	36323	0.007872332105762325	False	0.03018412315122246	0.00024777689067532967	3313	36323	-0.0035127121955156326	False	False
GAD1+SLC6A6	GABRA4+GABRB3+GABRD	other	0.004359619910246693	False	0.01659625829812915	0.00024777689067532967	3314	36323	0.007872332105762325	False	0.03018412315122246	0.00024777689067532967	3313	36323	-0.0035127121955156326	False	False
GAD1+SLC6A6	GABRA4+GABRB3+GABRG2	other	0.00437729133409448	False	0.01659625829812915	0.00027530765630592185	3314	36323	0.007890003529610112	False	0.03018412315122246	0.00027530765630592185	3313	36323	-0.0035127121955156326	False	False
GAD1+SLC6A6	GABRA5+GABRB3+GABRG2	other	0.004294229867809918	False	0.01659625829812915	0.0001651845937835531	3314	36323	0.00780694206332555	False	0.03018412315122246	0.0001651845937835531	3313	36323	-0.0035127121955156326	False	False
GAD1+SLC6A8	GABBR1	other	0.010113999247550964	False	0.01659625829812915	0.007020345235801008	3314	36323	0.013626711443066597	False	0.03018412315122246	0.007020345235801008	3313	36323	-0.0035127121955156326	False	False
GAD1+SLC6A8	GABBR2	other	0.005017584189772606	False	0.01659625829812915	0.0010461690939625031	3314	36323	0.008530296385288239	False	0.03018412315122246	0.0010461690939625031	3313	36323	-0.0035127121955156326	False	False
GAD1+SLC6A8	GABRA1+GABRB2	other	0.004350284769316204	False	0.01659625829812915	0.00022024612504473748	3314	36323	0.007862996964831837	False	0.03018412315122246	0.00022024612504473748	3313	36323	-0.0035127121955156326	False	False
GAD1+SLC6A8	GABRA1+GABRB2+GABRD	other	0.004350284769316204	False	0.01659625829812915	0.00022024612504473748	3314	36323	0.007862996964831837	False	0.03018412315122246	0.00022024612504473748	3313	36323	-0.0035127121955156326	False	False
GAD1+SLC6A8	GABRA1+GABRB2+GABRG2	other	0.004350284769316204	False	0.01659625829812915	0.00022024612504473748	3314	36323	0.007862996964831837	False	0.03018412315122246	0.00022024612504473748	3313	36323	-0.0035127121955156326	False	False
GAD1+SLC6A8	GABRA1+GABRB3	other	0.004350284769316204	False	0.01659625829812915	0.00022024612504473748	3314	36323	0.007862996964831837	False	0.03018412315122246	0.00022024612504473748	3313	36323	-0.0035127121955156326	False	False
GAD1+SLC6A8	GABRA1+GABRB3+GABRG2	other	0.004350284769316204	False	0.01659625829812915	0.00022024612504473748	3314	36323	0.007862996964831837	False	0.03018412315122246	0.00022024612504473748	3313	36323	-0.0035127121955156326	False	False
GAD1+SLC6A8	GABRA2+GABRB3+GABRG2	other	0.00451556034386158	False	0.01659625829812915	0.00044049225008947496	3314	36323	0.008028272539377213	False	0.03018412315122246	0.00044049225008947496	3313	36323	-0.0035127121955156326	False	False
GAD1+SLC6A8	GABRA3+GABRB3+GABRE	other	0.004407832631841302	False	0.01659625829812915	0.0003854307188282906	3314	36323	0.007920544827356935	False	0.03018412315122246	0.0003854307188282906	3313	36323	-0.0035127121955156326	False	False
GAD1+SLC6A8	GABRA3+GABRB3+GABRG2	other	0.004407832631841302	False	0.01659625829812915	0.0003854307188282906	3314	36323	0.007920544827356935	False	0.03018412315122246	0.0003854307188282906	3313	36323	-0.0035127121955156326	False	False
GAD1+SLC6A8	GABRA3+GABRB3+GABRQ	other	0.004357607453130186	False	0.01659625829812915	0.00024777689067532967	3314	36323	0.007870319648645818	False	0.03018412315122246	0.00024777689067532967	3313	36323	-0.0035127121955156326	False	False
GAD1+SLC6A8	GABRA4+GABRB2+GABRD	other	0.004359619910246693	False	0.01659625829812915	0.00024777689067532967	3314	36323	0.007872332105762325	False	0.03018412315122246	0.00024777689067532967	3313	36323	-0.0035127121955156326	False	False
GAD1+SLC6A8	GABRA4+GABRB3+GABRD	other	0.004359619910246693	False	0.01659625829812915	0.00024777689067532967	3314	36323	0.007872332105762325	False	0.03018412315122246	0.00024777689067532967	3313	36323	-0.0035127121955156326	False	False
GAD1+SLC6A8	GABRA4+GABRB3+GABRG2	other	0.00437729133409448	False	0.01659625829812915	0.00027530765630592185	3314	36323	0.007890003529610112	False	0.03018412315122246	0.00027530765630592185	3313	36323	-0.0035127121955156326	False	False
GAD1+SLC6A8	GABRA5+GABRB3+GABRG2	other	0.004294229867809918	False	0.01659625829812915	0.0001651845937835531	3314	36323	0.00780694206332555	False	0.03018412315122246	0.0001651845937835531	3313	36323	-0.0035127121955156326	False	False
GAD2+SLC6A1	GABBR1	other	0.006024418042215984	False	0.00030175015087507544	0.007020345235801008	3314	36323	0.006025825452525169	False	0.0006036824630244491	0.007020345235801008	3313	36323	-1.4074103091843426e-06	False	False
GAD2+SLC6A1	GABBR2	other	0.0009280029844376259	False	0.00030175015087507544	0.0010461690939625031	3314	36323	0.0009294103947468102	False	0.0006036824630244491	0.0010461690939625031	3313	36323	-1.4074103091843426e-06	False	False
GAD2+SLC6A1	GABRA1+GABRB2	other	0.00026070356398122385	False	0.00030175015087507544	0.00022024612504473748	3314	36323	0.0002621109742904082	False	0.0006036824630244491	0.00022024612504473748	3313	36323	-1.4074103091843426e-06	False	False
GAD2+SLC6A1	GABRA1+GABRB2+GABRD	other	0.00026070356398122385	False	0.00030175015087507544	0.00022024612504473748	3314	36323	0.0002621109742904082	False	0.0006036824630244491	0.00022024612504473748	3313	36323	-1.4074103091843426e-06	False	False
GAD2+SLC6A1	GABRA1+GABRB2+GABRG2	other	0.00026070356398122385	False	0.00030175015087507544	0.00022024612504473748	3314	36323	0.0002621109742904082	False	0.0006036824630244491	0.00022024612504473748	3313	36323	-1.4074103091843426e-06	False	False
GAD2+SLC6A1	GABRA1+GABRB3	other	0.00026070356398122385	False	0.00030175015087507544	0.00022024612504473748	3314	36323	0.0002621109742904082	False	0.0006036824630244491	0.00022024612504473748	3313	36323	-1.4074103091843426e-06	False	False
GAD2+SLC6A1	GABRA1+GABRB3+GABRG2	other	0.00026070356398122385	False	0.00030175015087507544	0.00022024612504473748	3314	36323	0.0002621109742904082	False	0.0006036824630244491	0.00022024612504473748	3313	36323	-1.4074103091843426e-06	False	False
GAD2+SLC6A1	GABRA2+GABRB3+GABRG2	other	0.00042597913852659985	False	0.00030175015087507544	0.00044049225008947496	3314	36323	0.0004273865488357842	False	0.0006036824630244491	0.00044049225008947496	3313	36323	-1.4074103091843426e-06	False	False
GAD2+SLC6A1	GABRA3+GABRB3+GABRE	other	0.0003182514265063219	False	0.00030175015087507544	0.0003854307188282906	3314	36323	0.0003196588368155062	False	0.0006036824630244491	0.0003854307188282906	3313	36323	-1.4074103091843426e-06	False	False
GAD2+SLC6A1	GABRA3+GABRB3+GABRG2	other	0.0003182514265063219	False	0.00030175015087507544	0.0003854307188282906	3314	36323	0.0003196588368155062	False	0.0006036824630244491	0.0003854307188282906	3313	36323	-1.4074103091843426e-06	False	False
GAD2+SLC6A1	GABRA3+GABRB3+GABRQ	other	0.00026802624779520556	False	0.00030175015087507544	0.00024777689067532967	3314	36323	0.0002694336581043899	False	0.0006036824630244491	0.00024777689067532967	3313	36323	-1.4074103091843426e-06	False	False
GAD2+SLC6A1	GABRA4+GABRB2+GABRD	other	0.00027003870491171256	False	0.00030175015087507544	0.00024777689067532967	3314	36323	0.0002714461152208969	False	0.0006036824630244491	0.00024777689067532967	3313	36323	-1.4074103091843426e-06	False	False
GAD2+SLC6A1	GABRA4+GABRB3+GABRD	other	0.00027003870491171256	False	0.00030175015087507544	0.00024777689067532967	3314	36323	0.0002714461152208969	False	0.0006036824630244491	0.00024777689067532967	3313	36323	-1.4074103091843426e-06	False	False
GAD2+SLC6A1	GABRA4+GABRB3+GABRG2	other	0.00028771012875949964	False	0.00030175015087507544	0.00027530765630592185	3314	36323	0.000289117539068684	False	0.0006036824630244491	0.00027530765630592185	3313	36323	-1.4074103091843426e-06	False	False
GAD2+SLC6A1	GABRA5+GABRB3+GABRG2	other	0.00020464866247493774	False	0.00030175015087507544	0.0001651845937835531	3314	36323	0.00020605607278412208	False	0.0006036824630244491	0.0001651845937835531	3313	36323	-1.4074103091843426e-06	False	False
GAD2+SLC6A11	GABBR1	other	0.006024418042215984	False	0.00030175015087507544	0.007020345235801008	3314	36323	0.006068578455597162	False	0.0009055236945366737	0.007020345235801008	3313	36323	-4.416041338117793e-05	False	False
GAD2+SLC6A11	GABBR2	other	0.0009280029844376259	False	0.00030175015087507544	0.0010461690939625031	3314	36323	0.0009721633978188038	False	0.0009055236945366737	0.0010461690939625031	3313	36323	-4.416041338117793e-05	False	False
GAD2+SLC6A11	GABRA1+GABRB2	other	0.00026070356398122385	False	0.00030175015087507544	0.00022024612504473748	3314	36323	0.0003048639773624018	False	0.0009055236945366737	0.00022024612504473748	3313	36323	-4.416041338117793e-05	False	False
GAD2+SLC6A11	GABRA1+GABRB2+GABRD	other	0.00026070356398122385	False	0.00030175015087507544	0.00022024612504473748	3314	36323	0.0003048639773624018	False	0.0009055236945366737	0.00022024612504473748	3313	36323	-4.416041338117793e-05	False	False
GAD2+SLC6A11	GABRA1+GABRB2+GABRG2	other	0.00026070356398122385	False	0.00030175015087507544	0.00022024612504473748	3314	36323	0.0003048639773624018	False	0.0009055236945366737	0.00022024612504473748	3313	36323	-4.416041338117793e-05	False	False
GAD2+SLC6A11	GABRA1+GABRB3	other	0.00026070356398122385	False	0.00030175015087507544	0.00022024612504473748	3314	36323	0.0003048639773624018	False	0.0009055236945366737	0.00022024612504473748	3313	36323	-4.416041338117793e-05	False	False
GAD2+SLC6A11	GABRA1+GABRB3+GABRG2	other	0.00026070356398122385	False	0.00030175015087507544	0.00022024612504473748	3314	36323	0.0003048639773624018	False	0.0009055236945366737	0.00022024612504473748	3313	36323	-4.416041338117793e-05	False	False
GAD2+SLC6A11	GABRA2+GABRB3+GABRG2	other	0.00042597913852659985	False	0.00030175015087507544	0.00044049225008947496	3314	36323	0.0004701395519077778	False	0.0009055236945366737	0.00044049225008947496	3313	36323	-4.416041338117793e-05	False	False
GAD2+SLC6A11	GABRA3+GABRB3+GABRE	other	0.0003182514265063219	False	0.00030175015087507544	0.0003854307188282906	3314	36323	0.0003624118398874998	False	0.0009055236945366737	0.0003854307188282906	3313	36323	-4.416041338117793e-05	False	False
GAD2+SLC6A11	GABRA3+GABRB3+GABRG2	other	0.0003182514265063219	False	0.00030175015087507544	0.0003854307188282906	3314	36323	0.0003624118398874998	False	0.0009055236945366737	0.0003854307188282906	3313	36323	-4.416041338117793e-05	False	False
GAD2+SLC6A11	GABRA3+GABRB3+GABRQ	other	0.00026802624779520556	False	0.00030175015087507544	0.00024777689067532967	3314	36323	0.0003121866611763835	False	0.0009055236945366737	0.00024777689067532967	3313	36323	-4.416041338117793e-05	False	False
GAD2+SLC6A11	GABRA4+GABRB2+GABRD	other	0.00027003870491171256	False	0.00030175015087507544	0.00024777689067532967	3314	36323	0.0003141991182928905	False	0.0009055236945366737	0.00024777689067532967	3313	36323	-4.416041338117793e-05	False	False
GAD2+SLC6A11	GABRA4+GABRB3+GABRD	other	0.00027003870491171256	False	0.00030175015087507544	0.00024777689067532967	3314	36323	0.0003141991182928905	False	0.0009055236945366737	0.00024777689067532967	3313	36323	-4.416041338117793e-05	False	False
GAD2+SLC6A11	GABRA4+GABRB3+GABRG2	other	0.00028771012875949964	False	0.00030175015087507544	0.00027530765630592185	3314	36323	0.00033187054214067757	False	0.0009055236945366737	0.00027530765630592185	3313	36323	-4.416041338117793e-05	False	False
GAD2+SLC6A11	GABRA5+GABRB3+GABRG2	other	0.00020464866247493774	False	0.00030175015087507544	0.0001651845937835531	3314	36323	0.00024880907585611567	False	0.0009055236945366737	0.0001651845937835531	3313	36323	-4.416041338117793e-05	False	False
GAD2+SLC6A12	GABBR1	other	0.006024418042215984	False	0.00030175015087507544	0.007020345235801008	3314	36323	0.006068578455597162	False	0.0009055236945366737	0.007020345235801008	3313	36323	-4.416041338117793e-05	False	False
GAD2+SLC6A12	GABBR2	other	0.0009280029844376259	False	0.00030175015087507544	0.0010461690939625031	3314	36323	0.0009721633978188038	False	0.0009055236945366737	0.0010461690939625031	3313	36323	-4.416041338117793e-05	False	False
GAD2+SLC6A12	GABRA1+GABRB2	other	0.00026070356398122385	False	0.00030175015087507544	0.00022024612504473748	3314	36323	0.0003048639773624018	False	0.0009055236945366737	0.00022024612504473748	3313	36323	-4.416041338117793e-05	False	False
GAD2+SLC6A12	GABRA1+GABRB2+GABRD	other	0.00026070356398122385	False	0.00030175015087507544	0.00022024612504473748	3314	36323	0.0003048639773624018	False	0.0009055236945366737	0.00022024612504473748	3313	36323	-4.416041338117793e-05	False	False
GAD2+SLC6A12	GABRA1+GABRB2+GABRG2	other	0.00026070356398122385	False	0.00030175015087507544	0.00022024612504473748	3314	36323	0.0003048639773624018	False	0.0009055236945366737	0.00022024612504473748	3313	36323	-4.416041338117793e-05	False	False
GAD2+SLC6A12	GABRA1+GABRB3	other	0.00026070356398122385	False	0.00030175015087507544	0.00022024612504473748	3314	36323	0.0003048639773624018	False	0.0009055236945366737	0.00022024612504473748	3313	36323	-4.416041338117793e-05	False	False
GAD2+SLC6A12	GABRA1+GABRB3+GABRG2	other	0.00026070356398122385	False	0.00030175015087507544	0.00022024612504473748	3314	36323	0.0003048639773624018	False	0.0009055236945366737	0.00022024612504473748	3313	36323	-4.416041338117793e-05	False	False
GAD2+SLC6A12	GABRA2+GABRB3+GABRG2	other	0.00042597913852659985	False	0.00030175015087507544	0.00044049225008947496	3314	36323	0.0004701395519077778	False	0.0009055236945366737	0.00044049225008947496	3313	36323	-4.416041338117793e-05	False	False
GAD2+SLC6A12	GABRA3+GABRB3+GABRE	other	0.0003182514265063219	False	0.00030175015087507544	0.0003854307188282906	3314	36323	0.0003624118398874998	False	0.0009055236945366737	0.0003854307188282906	3313	36323	-4.416041338117793e-05	False	False
GAD2+SLC6A12	GABRA3+GABRB3+GABRG2	other	0.0003182514265063219	False	0.00030175015087507544	0.0003854307188282906	3314	36323	0.0003624118398874998	False	0.0009055236945366737	0.0003854307188282906	3313	36323	-4.416041338117793e-05	False	False
GAD2+SLC6A12	GABRA3+GABRB3+GABRQ	other	0.00026802624779520556	False	0.00030175015087507544	0.00024777689067532967	3314	36323	0.0003121866611763835	False	0.0009055236945366737	0.00024777689067532967	3313	36323	-4.416041338117793e-05	False	False
GAD2+SLC6A12	GABRA4+GABRB2+GABRD	other	0.00027003870491171256	False	0.00030175015087507544	0.00024777689067532967	3314	36323	0.0003141991182928905	False	0.0009055236945366737	0.00024777689067532967	3313	36323	-4.416041338117793e-05	False	False
GAD2+SLC6A12	GABRA4+GABRB3+GABRD	other	0.00027003870491171256	False	0.00030175015087507544	0.00024777689067532967	3314	36323	0.0003141991182928905	False	0.0009055236945366737	0.00024777689067532967	3313	36323	-4.416041338117793e-05	False	False
GAD2+SLC6A12	GABRA4+GABRB3+GABRG2	other	0.00028771012875949964	False	0.00030175015087507544	0.00027530765630592185	3314	36323	0.00033187054214067757	False	0.0009055236945366737	0.00027530765630592185	3313	36323	-4.416041338117793e-05	False	False
GAD2+SLC6A12	GABRA5+GABRB3+GABRG2	other	0.00020464866247493774	False	0.00030175015087507544	0.0001651845937835531	3314	36323	0.00024880907585611567	False	0.0009055236945366737	0.0001651845937835531	3313	36323	-4.416041338117793e-05	False	False
GAD2+SLC6A13	GABBR1	other	0.006024418042215984	False	0.00030175015087507544	0.007020345235801008	3314	36323	0.006068578455597162	False	0.0009055236945366737	0.007020345235801008	3313	36323	-4.416041338117793e-05	False	False
GAD2+SLC6A13	GABBR2	other	0.0009280029844376259	False	0.00030175015087507544	0.0010461690939625031	3314	36323	0.0009721633978188038	False	0.0009055236945366737	0.0010461690939625031	3313	36323	-4.416041338117793e-05	False	False
GAD2+SLC6A13	GABRA1+GABRB2	other	0.00026070356398122385	False	0.00030175015087507544	0.00022024612504473748	3314	36323	0.0003048639773624018	False	0.0009055236945366737	0.00022024612504473748	3313	36323	-4.416041338117793e-05	False	False
GAD2+SLC6A13	GABRA1+GABRB2+GABRD	other	0.00026070356398122385	False	0.00030175015087507544	0.00022024612504473748	3314	36323	0.0003048639773624018	False	0.0009055236945366737	0.00022024612504473748	3313	36323	-4.416041338117793e-05	False	False
GAD2+SLC6A13	GABRA1+GABRB2+GABRG2	other	0.00026070356398122385	False	0.00030175015087507544	0.00022024612504473748	3314	36323	0.0003048639773624018	False	0.0009055236945366737	0.00022024612504473748	3313	36323	-4.416041338117793e-05	False	False
GAD2+SLC6A13	GABRA1+GABRB3	other	0.00026070356398122385	False	0.00030175015087507544	0.00022024612504473748	3314	36323	0.0003048639773624018	False	0.0009055236945366737	0.00022024612504473748	3313	36323	-4.416041338117793e-05	False	False
GAD2+SLC6A13	GABRA1+GABRB3+GABRG2	other	0.00026070356398122385	False	0.00030175015087507544	0.00022024612504473748	3314	36323	0.0003048639773624018	False	0.0009055236945366737	0.00022024612504473748	3313	36323	-4.416041338117793e-05	False	False
GAD2+SLC6A13	GABRA2+GABRB3+GABRG2	other	0.00042597913852659985	False	0.00030175015087507544	0.00044049225008947496	3314	36323	0.0004701395519077778	False	0.0009055236945366737	0.00044049225008947496	3313	36323	-4.416041338117793e-05	False	False
GAD2+SLC6A13	GABRA3+GABRB3+GABRE	other	0.0003182514265063219	False	0.00030175015087507544	0.0003854307188282906	3314	36323	0.0003624118398874998	False	0.0009055236945366737	0.0003854307188282906	3313	36323	-4.416041338117793e-05	False	False
GAD2+SLC6A13	GABRA3+GABRB3+GABRG2	other	0.0003182514265063219	False	0.00030175015087507544	0.0003854307188282906	3314	36323	0.0003624118398874998	False	0.0009055236945366737	0.0003854307188282906	3313	36323	-4.416041338117793e-05	False	False
GAD2+SLC6A13	GABRA3+GABRB3+GABRQ	other	0.00026802624779520556	False	0.00030175015087507544	0.00024777689067532967	3314	36323	0.0003121866611763835	False	0.0009055236945366737	0.00024777689067532967	3313	36323	-4.416041338117793e-05	False	False
GAD2+SLC6A13	GABRA4+GABRB2+GABRD	other	0.00027003870491171256	False	0.00030175015087507544	0.00024777689067532967	3314	36323	0.0003141991182928905	False	0.0009055236945366737	0.00024777689067532967	3313	36323	-4.416041338117793e-05	False	False
GAD2+SLC6A13	GABRA4+GABRB3+GABRD	other	0.00027003870491171256	False	0.00030175015087507544	0.00024777689067532967	3314	36323	0.0003141991182928905	False	0.0009055236945366737	0.00024777689067532967	3313	36323	-4.416041338117793e-05	False	False
GAD2+SLC6A13	GABRA4+GABRB3+GABRG2	other	0.00028771012875949964	False	0.00030175015087507544	0.00027530765630592185	3314	36323	0.00033187054214067757	False	0.0009055236945366737	0.00027530765630592185	3313	36323	-4.416041338117793e-05	False	False
GAD2+SLC6A13	GABRA5+GABRB3+GABRG2	other	0.00020464866247493774	False	0.00030175015087507544	0.0001651845937835531	3314	36323	0.00024880907585611567	False	0.0009055236945366737	0.0001651845937835531	3313	36323	-4.416041338117793e-05	False	False
GAD2+SLC6A6	GABBR1	other	0.006024418042215984	False	0.00030175015087507544	0.007020345235801008	3314	36323	0.006068578455597162	False	0.0009055236945366737	0.007020345235801008	3313	36323	-4.416041338117793e-05	False	False
GAD2+SLC6A6	GABBR2	other	0.0009280029844376259	False	0.00030175015087507544	0.0010461690939625031	3314	36323	0.0009721633978188038	False	0.0009055236945366737	0.0010461690939625031	3313	36323	-4.416041338117793e-05	False	False
GAD2+SLC6A6	GABRA1+GABRB2	other	0.00026070356398122385	False	0.00030175015087507544	0.00022024612504473748	3314	36323	0.0003048639773624018	False	0.0009055236945366737	0.00022024612504473748	3313	36323	-4.416041338117793e-05	False	False
GAD2+SLC6A6	GABRA1+GABRB2+GABRD	other	0.00026070356398122385	False	0.00030175015087507544	0.00022024612504473748	3314	36323	0.0003048639773624018	False	0.0009055236945366737	0.00022024612504473748	3313	36323	-4.416041338117793e-05	False	False
GAD2+SLC6A6	GABRA1+GABRB2+GABRG2	other	0.00026070356398122385	False	0.00030175015087507544	0.00022024612504473748	3314	36323	0.0003048639773624018	False	0.0009055236945366737	0.00022024612504473748	3313	36323	-4.416041338117793e-05	False	False
GAD2+SLC6A6	GABRA1+GABRB3	other	0.00026070356398122385	False	0.00030175015087507544	0.00022024612504473748	3314	36323	0.0003048639773624018	False	0.0009055236945366737	0.00022024612504473748	3313	36323	-4.416041338117793e-05	False	False
GAD2+SLC6A6	GABRA1+GABRB3+GABRG2	other	0.00026070356398122385	False	0.00030175015087507544	0.00022024612504473748	3314	36323	0.0003048639773624018	False	0.0009055236945366737	0.00022024612504473748	3313	36323	-4.416041338117793e-05	False	False
GAD2+SLC6A6	GABRA2+GABRB3+GABRG2	other	0.00042597913852659985	False	0.00030175015087507544	0.00044049225008947496	3314	36323	0.0004701395519077778	False	0.0009055236945366737	0.00044049225008947496	3313	36323	-4.416041338117793e-05	False	False
GAD2+SLC6A6	GABRA3+GABRB3+GABRE	other	0.0003182514265063219	False	0.00030175015087507544	0.0003854307188282906	3314	36323	0.0003624118398874998	False	0.0009055236945366737	0.0003854307188282906	3313	36323	-4.416041338117793e-05	False	False
GAD2+SLC6A6	GABRA3+GABRB3+GABRG2	other	0.0003182514265063219	False	0.00030175015087507544	0.0003854307188282906	3314	36323	0.0003624118398874998	False	0.0009055236945366737	0.0003854307188282906	3313	36323	-4.416041338117793e-05	False	False
GAD2+SLC6A6	GABRA3+GABRB3+GABRQ	other	0.00026802624779520556	False	0.00030175015087507544	0.00024777689067532967	3314	36323	0.0003121866611763835	False	0.0009055236945366737	0.00024777689067532967	3313	36323	-4.416041338117793e-05	False	False
GAD2+SLC6A6	GABRA4+GABRB2+GABRD	other	0.00027003870491171256	False	0.00030175015087507544	0.00024777689067532967	3314	36323	0.0003141991182928905	False	0.0009055236945366737	0.00024777689067532967	3313	36323	-4.416041338117793e-05	False	False
GAD2+SLC6A6	GABRA4+GABRB3+GABRD	other	0.00027003870491171256	False	0.00030175015087507544	0.00024777689067532967	3314	36323	0.0003141991182928905	False	0.0009055236945366737	0.00024777689067532967	3313	36323	-4.416041338117793e-05	False	False
GAD2+SLC6A6	GABRA4+GABRB3+GABRG2	other	0.00028771012875949964	False	0.00030175015087507544	0.00027530765630592185	3314	36323	0.00033187054214067757	False	0.0009055236945366737	0.00027530765630592185	3313	36323	-4.416041338117793e-05	False	False
GAD2+SLC6A6	GABRA5+GABRB3+GABRG2	other	0.00020464866247493774	False	0.00030175015087507544	0.0001651845937835531	3314	36323	0.00024880907585611567	False	0.0009055236945366737	0.0001651845937835531	3313	36323	-4.416041338117793e-05	False	False
GAD2+SLC6A8	GABBR1	other	0.006024418042215984	False	0.00030175015087507544	0.007020345235801008	3314	36323	0.006068578455597162	False	0.0009055236945366737	0.007020345235801008	3313	36323	-4.416041338117793e-05	False	False
GAD2+SLC6A8	GABBR2	other	0.0009280029844376259	False	0.00030175015087507544	0.0010461690939625031	3314	36323	0.0009721633978188038	False	0.0009055236945366737	0.0010461690939625031	3313	36323	-4.416041338117793e-05	False	False
GAD2+SLC6A8	GABRA1+GABRB2	other	0.00026070356398122385	False	0.00030175015087507544	0.00022024612504473748	3314	36323	0.0003048639773624018	False	0.0009055236945366737	0.00022024612504473748	3313	36323	-4.416041338117793e-05	False	False
GAD2+SLC6A8	GABRA1+GABRB2+GABRD	other	0.00026070356398122385	False	0.00030175015087507544	0.00022024612504473748	3314	36323	0.0003048639773624018	False	0.0009055236945366737	0.00022024612504473748	3313	36323	-4.416041338117793e-05	False	False
GAD2+SLC6A8	GABRA1+GABRB2+GABRG2	other	0.00026070356398122385	False	0.00030175015087507544	0.00022024612504473748	3314	36323	0.0003048639773624018	False	0.0009055236945366737	0.00022024612504473748	3313	36323	-4.416041338117793e-05	False	False
GAD2+SLC6A8	GABRA1+GABRB3	other	0.00026070356398122385	False	0.00030175015087507544	0.00022024612504473748	3314	36323	0.0003048639773624018	False	0.0009055236945366737	0.00022024612504473748	3313	36323	-4.416041338117793e-05	False	False
GAD2+SLC6A8	GABRA1+GABRB3+GABRG2	other	0.00026070356398122385	False	0.00030175015087507544	0.00022024612504473748	3314	36323	0.0003048639773624018	False	0.0009055236945366737	0.00022024612504473748	3313	36323	-4.416041338117793e-05	False	False
GAD2+SLC6A8	GABRA2+GABRB3+GABRG2	other	0.00042597913852659985	False	0.00030175015087507544	0.00044049225008947496	3314	36323	0.0004701395519077778	False	0.0009055236945366737	0.00044049225008947496	3313	36323	-4.416041338117793e-05	False	False
GAD2+SLC6A8	GABRA3+GABRB3+GABRE	other	0.0003182514265063219	False	0.00030175015087507544	0.0003854307188282906	3314	36323	0.0003624118398874998	False	0.0009055236945366737	0.0003854307188282906	3313	36323	-4.416041338117793e-05	False	False
GAD2+SLC6A8	GABRA3+GABRB3+GABRG2	other	0.0003182514265063219	False	0.00030175015087507544	0.0003854307188282906	3314	36323	0.0003624118398874998	False	0.0009055236945366737	0.0003854307188282906	3313	36323	-4.416041338117793e-05	False	False
GAD2+SLC6A8	GABRA3+GABRB3+GABRQ	other	0.00026802624779520556	False	0.00030175015087507544	0.00024777689067532967	3314	36323	0.0003121866611763835	False	0.0009055236945366737	0.00024777689067532967	3313	36323	-4.416041338117793e-05	False	False
GAD2+SLC6A8	GABRA4+GABRB2+GABRD	other	0.00027003870491171256	False	0.00030175015087507544	0.00024777689067532967	3314	36323	0.0003141991182928905	False	0.0009055236945366737	0.00024777689067532967	3313	36323	-4.416041338117793e-05	False	False
GAD2+SLC6A8	GABRA4+GABRB3+GABRD	other	0.00027003870491171256	False	0.00030175015087507544	0.00024777689067532967	3314	36323	0.0003141991182928905	False	0.0009055236945366737	0.00024777689067532967	3313	36323	-4.416041338117793e-05	False	False
GAD2+SLC6A8	GABRA4+GABRB3+GABRG2	other	0.00028771012875949964	False	0.00030175015087507544	0.00027530765630592185	3314	36323	0.00033187054214067757	False	0.0009055236945366737	0.00027530765630592185	3313	36323	-4.416041338117793e-05	False	False
GAD2+SLC6A8	GABRA5+GABRB3+GABRG2	other	0.00020464866247493774	False	0.00030175015087507544	0.0001651845937835531	3314	36323	0.00024880907585611567	False	0.0009055236945366737	0.0001651845937835531	3313	36323	-4.416041338117793e-05	False	False
GAS6	AXL	other	0.025612699566408992	False	0.07664453832226917	0.003909368719544091	3314	36323	0.027231235755607486	False	0.08300633866586175	0.003909368719544091	3313	36323	-0.001618536189198494	False	False
GAS6	MERTK	other	0.02544951601885259	False	0.07664453832226917	0.003826776422652314	3314	36323	0.027068052208051085	False	0.08300633866586175	0.003826776422652314	3313	36323	-0.001618536189198494	False	False
GAS6	TYRO3	other	0.023942883126437664	False	0.07664453832226917	0.0017619690003578999	3314	36323	0.025561419315636158	False	0.08300633866586175	0.0017619690003578999	3313	36323	-0.001618536189198494	False	False
GDF10	ACVR1B+ACVR2B	other	0.008908901669201441	False	0.0006035003017501509	0.01032403711147207	3314	36323	0.00877449382096529	False	0.0	0.01032403711147207	3313	36323	0.00013440784823615104	False	False
GDF11	ACVR1B+ACVR2A	other	0.042838496156036854	False	0.10470730235365118	0.01635327478457176	3314	36323	0.03635650593787432	False	0.08089345004527619	0.01635327478457176	3313	36323	0.006481990218162537	False	False
GDF11	ACVR1B+ACVR2B	other	0.03725562524050474	False	0.10470730235365118	0.01032403711147207	3314	36323	0.030773635022342205	False	0.08089345004527619	0.01032403711147207	3313	36323	0.006481990218162537	False	False
GDF11	ACVR2A+TGFBR1	other	0.042838496156036854	False	0.10470730235365118	0.01635327478457176	3314	36323	0.03635650593787432	False	0.08089345004527619	0.01635327478457176	3313	36323	0.006481990218162537	False	False
GDF11	ACVR2B+TGFBR1	other	0.03725562524050474	False	0.10470730235365118	0.01032403711147207	3314	36323	0.030773635022342205	False	0.08089345004527619	0.01032403711147207	3313	36323	0.006481990218162537	False	False
GDF6	ACVR2A+BMPR1A	other	0.01329941488802433	False	0.0	0.016325744018941168	3314	36323	0.013452134138788097	False	0.0006036824630244491	0.016325744018941168	3313	36323	-0.00015271925076376647	False	False
GDF6	ACVR2A+BMPR1B	other	0.00021501035371329635	False	0.0	0.0003578999531976984	3314	36323	0.0003677296044770628	False	0.0006036824630244491	0.0003578999531976984	3313	36323	-0.00015271925076376647	False	False
GDF6	ACVR2B+BMPR1B	other	0.00021501035371329635	False	0.0	0.0003578999531976984	3314	36323	0.0003677296044770628	False	0.0006036824630244491	0.0003578999531976984	3313	36323	-0.00015271925076376647	False	False
GDF6	BMPR1A+BMPR2	other	0.01329941488802433	False	0.0	0.016325744018941168	3314	36323	0.013452134138788097	False	0.0006036824630244491	0.016325744018941168	3313	36323	-0.00015271925076376647	False	False
GDF6	BMPR1B+BMPR2	other	0.00021501035371329635	False	0.0	0.0003578999531976984	3314	36323	0.0003677296044770628	False	0.0006036824630244491	0.0003578999531976984	3313	36323	-0.00015271925076376647	False	False
GDF7	ACVR2A+BMPR1A	other	0.014758583158254623	False	0.006035003017501509	0.016325744018941168	3314	36323	0.01386184839066118	False	0.0024147298520977964	0.016325744018941168	3313	36323	0.0008967347675934434	False	False
GDF7	ACVR2A+BMPR1B	other	0.0016741786239435896	False	0.006035003017501509	0.0003578999531976984	3314	36323	0.0007774438563501462	False	0.0024147298520977964	0.0003578999531976984	3313	36323	0.0008967347675934434	False	False
GDF7	ACVR2B+BMPR1A	other	0.010233662091195583	False	0.006035003017501509	0.01032403711147207	3314	36323	0.00933692732360214	False	0.0024147298520977964	0.01032403711147207	3313	36323	0.0008967347675934434	False	False
GDF7	ACVR2B+BMPR1B	other	0.0016741786239435896	False	0.006035003017501509	0.0003578999531976984	3314	36323	0.0007774438563501462	False	0.0024147298520977964	0.0003578999531976984	3313	36323	0.0008967347675934434	False	False
GDF7	BMPR1A+BMPR2	other	0.014758583158254623	False	0.006035003017501509	0.016325744018941168	3314	36323	0.01386184839066118	False	0.0024147298520977964	0.016325744018941168	3313	36323	0.0008967347675934434	False	False
GDF7	BMPR1B+BMPR2	other	0.0016741786239435896	False	0.006035003017501509	0.0003578999531976984	3314	36323	0.0007774438563501462	False	0.0024147298520977964	0.0003578999531976984	3313	36323	0.0008967347675934434	False	False
GDF9	BMPR2+TGFBR1	other	0.06661860877647996	False	0.004526252263126132	0.07526911323403904	3314	36323	0.06716046354267746	False	0.006338665861756716	0.07526911323403904	3313	36323	-0.0005418547661975026	False	False
GDNF	GFRA1+RET	other	0.008084194458206184	False	0.02444176222088111	0.00022024612504473748	3314	36323	0.004949452544678934	False	0.01388469664956233	0.00022024612504473748	3313	36323	0.0031347419135272503	False	False
GGT1	CYSLTR1	other	0.04117868095636368	False	0.015992757996378996	0.04140627150841065	3314	36323	0.039703139802441	False	0.00996076063990341	0.04140627150841065	3313	36323	0.001475541153922677	False	False
GGT1	CYSLTR2	other	0.01342640072107315	False	0.015992757996378996	0.011149960080389836	3314	36323	0.011950859567150474	False	0.00996076063990341	0.011149960080389836	3313	36323	0.001475541153922677	False	False
GGT1+GGT5	CYSLTR1	other	0.03809050761628896	False	0.0033192516596258297	0.04140627150841065	3314	36323	0.03855285723693669	False	0.003018412315122246	0.04140627150841065	3313	36323	-0.00046234962064772844	False	False
GGT1+GGT5	CYSLTR2	other	0.010338227380998433	False	0.0033192516596258297	0.011149960080389836	3314	36323	0.010800577001646161	False	0.003018412315122246	0.011149960080389836	3313	36323	-0.00046234962064772844	False	False
GHRL	GPR39	other	0.0006235905311768875	False	0.0018105009052504525	0.00030283842193651404	3314	36323	0.0007441608031513169	False	0.0027165710836100213	0.00030283842193651404	3313	36323	-0.00012057027197442949	False	False
GJA1	GJA1	other	0.2537118252366781	False	0.484007242003621	0.0029733226881039562	3314	36323	0.1740534659475088	False	0.3308179897373981	0.0029733226881039562	3313	36323	0.07965835928916931	False	False
GJA1	GJA5	other	0.25163256912492216	False	0.484007242003621	0.00022024612504473748	3314	36323	0.17197420983575284	False	0.3308179897373981	0.00022024612504473748	3313	36323	0.07965835928916931	False	False
GJA3	GJA1	other	0.0056828698143363	False	0.015389257694628847	0.0029733226881039562	3314	36323	0.008121838327497244	False	0.022034409900392394	0.0029733226881039562	3313	36323	-0.002438968513160944	False	False
GJA3	GJA3	other	0.0036975062685087323	False	0.015389257694628847	0.0004955537813506593	3314	36323	0.006136474781669676	False	0.022034409900392394	0.0004955537813506593	3313	36323	-0.002438968513160944	False	False
GJA3	GJA5	other	0.0036036137025803328	False	0.015389257694628847	0.00022024612504473748	3314	36323	0.006042582215741277	False	0.022034409900392394	0.00022024612504473748	3313	36323	-0.002438968513160944	False	False
GJA3	GJC1	other	0.004288069321773946	False	0.015389257694628847	0.0012939459846378328	3314	36323	0.00672703783493489	False	0.022034409900392394	0.0012939459846378328	3313	36323	-0.002438968513160944	False	False
GJA5	GJA5	other	0.001566947903484106	False	0.004526252263126132	0.00022024612504473748	3314	36323	0.0013989873696118593	False	0.004527618472683369	0.00022024612504473748	3313	36323	0.00016796053387224674	False	False
GJC1	GJA1	other	0.01334637962281704	False	0.04254677127338564	0.0029733226881039562	3314	36323	0.016222650185227394	False	0.058557198913371564	0.0029733226881039562	3313	36323	-0.0028762705624103546	False	False
GJC1	GJA5	other	0.011267123511061072	False	0.04254677127338564	0.00022024612504473748	3314	36323	0.014143394073471427	False	0.058557198913371564	0.00022024612504473748	3313	36323	-0.0028762705624103546	False	False
GJC1	GJC1	other	0.011951579130254686	False	0.04254677127338564	0.0012939459846378328	3314	36323	0.01482784969266504	False	0.058557198913371564	0.0012939459846378328	3313	36323	-0.0028762705624103546	False	False
GLS+SLC17A7	GRIA1	other	0.001279010291909799	False	0.004526252263126132	0.00011012306252236874	3314	36323	0.001051598897902295	False	0.004225777241171144	0.00011012306252236874	3313	36323	0.00022741139400750399	False	False
GLS+SLC17A7	GRIA3	other	0.0013126028352417052	False	0.004526252263126132	0.00013765382815296093	3314	36323	0.0010851914412342012	False	0.004225777241171144	0.00013765382815296093	3313	36323	0.00022741139400750399	False	False
GLS+SLC17A7	GRIA4	other	0.0014609077188652009	False	0.004526252263126132	0.0003303691875671062	3314	36323	0.0012334963248576969	False	0.004225777241171144	0.0003303691875671062	3313	36323	0.00022741139400750399	False	False
GLS+SLC17A7	GRIK1	other	0.0012852868676418439	False	0.004526252263126132	0.00013765382815296093	3314	36323	0.0010578754736343399	False	0.004225777241171144	0.00013765382815296093	3313	36323	0.00022741139400750399	False	False
GLS+SLC17A7	GRIK1+GRIK4	other	0.0012852868676418439	False	0.004526252263126132	0.00013765382815296093	3314	36323	0.0010578754736343399	False	0.004225777241171144	0.00013765382815296093	3313	36323	0.00022741139400750399	False	False
GLS+SLC17A7	GRIK1+GRIK5	other	0.0012852868676418439	False	0.004526252263126132	0.00013765382815296093	3314	36323	0.0010578754736343399	False	0.004225777241171144	0.00013765382815296093	3313	36323	0.00022741139400750399	False	False
GLS+SLC17A7	GRIK2	other	0.0015007898618932813	False	0.004526252263126132	0.0003854307188282906	3314	36323	0.0012733784678857774	False	0.004225777241171144	0.0003854307188282906	3313	36323	0.00022741139400750399	False	False
GLS+SLC17A7	GRIK2+GRIK4	other	0.0015007898618932813	False	0.004526252263126132	0.0003854307188282906	3314	36323	0.0012733784678857774	False	0.004225777241171144	0.0003854307188282906	3313	36323	0.00022741139400750399	False	False
GLS+SLC17A7	GRIK2+GRIK5	other	0.001370934522128664	False	0.004526252263126132	0.00022024612504473748	3314	36323	0.00114352312812116	False	0.004225777241171144	0.00022024612504473748	3313	36323	0.00022741139400750399	False	False
GLS+SLC17A7	GRIK3	other	0.0012927299394505098	False	0.004526252263126132	0.00011012306252236874	3314	36323	0.0010653185454430059	False	0.004225777241171144	0.00011012306252236874	3313	36323	0.00022741139400750399	False	False
GLS+SLC17A7	GRIK3+GRIK4	other	0.0012927299394505098	False	0.004526252263126132	0.00011012306252236874	3314	36323	0.0010653185454430059	False	0.004225777241171144	0.00011012306252236874	3313	36323	0.00022741139400750399	False	False
GLS+SLC17A7	GRIK3+GRIK5	other	0.0012927299394505098	False	0.004526252263126132	0.00011012306252236874	3314	36323	0.0010653185454430059	False	0.004225777241171144	0.00011012306252236874	3313	36323	0.00022741139400750399	False	False
GLS+SLC17A7	GRIN1+GRIN2A	other	0.0014322699134936556	False	0.004526252263126132	0.0003578999531976984	3314	36323	0.0012048585194861516	False	0.004225777241171144	0.0003578999531976984	3313	36323	0.00022741139400750399	False	False
GLS+SLC17A7	GRIN1+GRIN2B	other	0.0014322699134936556	False	0.004526252263126132	0.0003578999531976984	3314	36323	0.0012048585194861516	False	0.004225777241171144	0.0003578999531976984	3313	36323	0.00022741139400750399	False	False
GLS+SLC17A7	GRIN1+GRIN2C	other	0.00142466661054641	False	0.004526252263126132	0.00030283842193651404	3314	36323	0.001197255216538906	False	0.004225777241171144	0.00030283842193651404	3313	36323	0.00022741139400750399	False	False
GLS+SLC17A7	GRIN1+GRIN2D	other	0.0014322699134936556	False	0.004526252263126132	0.0003578999531976984	3314	36323	0.0012048585194861516	False	0.004225777241171144	0.0003578999531976984	3313	36323	0.00022741139400750399	False	False
GLS+SLC17A7	GRM1	other	0.0013911796413594857	False	0.004526252263126132	0.00027530765630592185	3314	36323	0.0011637682473519817	False	0.004225777241171144	0.00027530765630592185	3313	36323	0.00022741139400750399	False	False
GLS+SLC17A7	GRM2	other	0.0019858659943565726	False	0.004526252263126132	0.0008534537345483578	3314	36323	0.0017584546003490686	False	0.004225777241171144	0.0008534537345483578	3313	36323	0.00022741139400750399	False	False
GLS+SLC17A7	GRM3	other	0.0019040039042010903	False	0.004526252263126132	0.0008809845001789499	3314	36323	0.0016765925101935863	False	0.004225777241171144	0.0008809845001789499	3313	36323	0.00022741139400750399	False	False
GLS+SLC17A7	GRM4	other	0.0017231579986400902	False	0.004526252263126132	0.0007433306720259891	3314	36323	0.0014957466046325862	False	0.004225777241171144	0.0007433306720259891	3313	36323	0.00022741139400750399	False	False
GLS+SLC17A7	GRM6	other	0.0012965220812475309	False	0.004526252263126132	0.00011012306252236874	3314	36323	0.0010691106872400269	False	0.004225777241171144	0.00011012306252236874	3313	36323	0.00022741139400750399	False	False
GLS+SLC17A7	GRM7	other	0.0013671954220626503	False	0.004526252263126132	0.0001927153594141453	3314	36323	0.0011397840280551463	False	0.004225777241171144	0.0001927153594141453	3313	36323	0.00022741139400750399	False	False
GLS+SLC1A1	GRIA1	other	0.004765703895827755	False	0.018708509354254676	0.00011012306252236874	3314	36323	0.004962886770954356	False	0.024750980984002413	0.00011012306252236874	3313	36323	-0.00019718287512660027	False	False
GLS+SLC1A1	GRIA3	other	0.0047992964391596615	False	0.018708509354254676	0.00013765382815296093	3314	36323	0.004996479314286262	False	0.024750980984002413	0.00013765382815296093	3313	36323	-0.00019718287512660027	False	False
GLS+SLC1A1	GRIA4	other	0.004947601322783157	False	0.018708509354254676	0.0003303691875671062	3314	36323	0.0051447841979097575	False	0.024750980984002413	0.0003303691875671062	3313	36323	-0.00019718287512660027	False	False
GLS+SLC1A1	GRIK1	other	0.0047719804715598	False	0.018708509354254676	0.00013765382815296093	3314	36323	0.0049691633466864005	False	0.024750980984002413	0.00013765382815296093	3313	36323	-0.00019718287512660027	False	False
GLS+SLC1A1	GRIK1+GRIK4	other	0.0047719804715598	False	0.018708509354254676	0.00013765382815296093	3314	36323	0.0049691633466864005	False	0.024750980984002413	0.00013765382815296093	3313	36323	-0.00019718287512660027	False	False
GLS+SLC1A1	GRIK1+GRIK5	other	0.0047719804715598	False	0.018708509354254676	0.00013765382815296093	3314	36323	0.0049691633466864005	False	0.024750980984002413	0.00013765382815296093	3313	36323	-0.00019718287512660027	False	False
GLS+SLC1A1	GRIK2	other	0.004987483465811238	False	0.018708509354254676	0.0003854307188282906	3314	36323	0.005184666340937838	False	0.024750980984002413	0.0003854307188282906	3313	36323	-0.00019718287512660027	False	False
GLS+SLC1A1	GRIK2+GRIK4	other	0.004987483465811238	False	0.018708509354254676	0.0003854307188282906	3314	36323	0.005184666340937838	False	0.024750980984002413	0.0003854307188282906	3313	36323	-0.00019718287512660027	False	False
GLS+SLC1A1	GRIK2+GRIK5	other	0.00485762812604662	False	0.018708509354254676	0.00022024612504473748	3314	36323	0.005054811001173221	False	0.024750980984002413	0.00022024612504473748	3313	36323	-0.00019718287512660027	False	False
GLS+SLC1A1	GRIK3	other	0.004779423543368466	False	0.018708509354254676	0.00011012306252236874	3314	36323	0.0049766064184950665	False	0.024750980984002413	0.00011012306252236874	3313	36323	-0.00019718287512660027	False	False
GLS+SLC1A1	GRIK3+GRIK4	other	0.004779423543368466	False	0.018708509354254676	0.00011012306252236874	3314	36323	0.0049766064184950665	False	0.024750980984002413	0.00011012306252236874	3313	36323	-0.00019718287512660027	False	False
GLS+SLC1A1	GRIK3+GRIK5	other	0.004779423543368466	False	0.018708509354254676	0.00011012306252236874	3314	36323	0.0049766064184950665	False	0.024750980984002413	0.00011012306252236874	3313	36323	-0.00019718287512660027	False	False
GLS+SLC1A1	GRIN1+GRIN2A	other	0.004918963517411612	False	0.018708509354254676	0.0003578999531976984	3314	36323	0.005116146392538212	False	0.024750980984002413	0.0003578999531976984	3313	36323	-0.00019718287512660027	False	False
GLS+SLC1A1	GRIN1+GRIN2B	other	0.004918963517411612	False	0.018708509354254676	0.0003578999531976984	3314	36323	0.005116146392538212	False	0.024750980984002413	0.0003578999531976984	3313	36323	-0.00019718287512660027	False	False
GLS+SLC1A1	GRIN1+GRIN2C	other	0.0049113602144643664	False	0.018708509354254676	0.00030283842193651404	3314	36323	0.005108543089590967	False	0.024750980984002413	0.00030283842193651404	3313	36323	-0.00019718287512660027	False	False
GLS+SLC1A1	GRIN1+GRIN2D	other	0.004918963517411612	False	0.018708509354254676	0.0003578999531976984	3314	36323	0.005116146392538212	False	0.024750980984002413	0.0003578999531976984	3313	36323	-0.00019718287512660027	False	False
GLS+SLC1A1	GRM1	other	0.004877873245277442	False	0.018708509354254676	0.00027530765630592185	3314	36323	0.005075056120404042	False	0.024750980984002413	0.00027530765630592185	3313	36323	-0.00019718287512660027	False	False
GLS+SLC1A1	GRM2	other	0.005472559598274529	False	0.018708509354254676	0.0008534537345483578	3314	36323	0.005669742473401129	False	0.024750980984002413	0.0008534537345483578	3313	36323	-0.00019718287512660027	False	False
GLS+SLC1A1	GRM3	other	0.005390697508119047	False	0.018708509354254676	0.0008809845001789499	3314	36323	0.005587880383245647	False	0.024750980984002413	0.0008809845001789499	3313	36323	-0.00019718287512660027	False	False
GLS+SLC1A1	GRM4	other	0.005209851602558047	False	0.018708509354254676	0.0007433306720259891	3314	36323	0.005407034477684647	False	0.024750980984002413	0.0007433306720259891	3313	36323	-0.00019718287512660027	False	False
GLS+SLC1A1	GRM6	other	0.004783215685165487	False	0.018708509354254676	0.00011012306252236874	3314	36323	0.0049803985602920875	False	0.024750980984002413	0.00011012306252236874	3313	36323	-0.00019718287512660027	False	False
GLS+SLC1A1	GRM7	other	0.004853889025980607	False	0.018708509354254676	0.0001927153594141453	3314	36323	0.005051071901107207	False	0.024750980984002413	0.0001927153594141453	3313	36323	-0.00019718287512660027	False	False
GLS+SLC1A2	GRIA1	other	0.0007908257248345762	False	0.0033192516596258297	0.00011012306252236874	3314	36323	0.002525471238186583	False	0.01056444310292786	0.00011012306252236874	3313	36323	-0.0017346455133520067	False	False
GLS+SLC1A2	GRIA3	other	0.0008244182681664824	False	0.0033192516596258297	0.00013765382815296093	3314	36323	0.002559063781518489	False	0.01056444310292786	0.00013765382815296093	3313	36323	-0.0017346455133520067	False	False
GLS+SLC1A2	GRIA4	other	0.0009727231517899781	False	0.0033192516596258297	0.0003303691875671062	3314	36323	0.002707368665141985	False	0.01056444310292786	0.0003303691875671062	3313	36323	-0.0017346455133520067	False	False
GLS+SLC1A2	GRIK1	other	0.0007971023005666211	False	0.0033192516596258297	0.00013765382815296093	3314	36323	0.002531747813918628	False	0.01056444310292786	0.00013765382815296093	3313	36323	-0.0017346455133520067	False	False
GLS+SLC1A2	GRIK1+GRIK4	other	0.0007971023005666211	False	0.0033192516596258297	0.00013765382815296093	3314	36323	0.002531747813918628	False	0.01056444310292786	0.00013765382815296093	3313	36323	-0.0017346455133520067	False	False
GLS+SLC1A2	GRIK1+GRIK5	other	0.0007971023005666211	False	0.0033192516596258297	0.00013765382815296093	3314	36323	0.002531747813918628	False	0.01056444310292786	0.00013765382815296093	3313	36323	-0.0017346455133520067	False	False
GLS+SLC1A2	GRIK2	other	0.0010126052948180586	False	0.0033192516596258297	0.0003854307188282906	3314	36323	0.0027472508081700653	False	0.01056444310292786	0.0003854307188282906	3313	36323	-0.0017346455133520067	False	False
GLS+SLC1A2	GRIK2+GRIK4	other	0.0010126052948180586	False	0.0033192516596258297	0.0003854307188282906	3314	36323	0.0027472508081700653	False	0.01056444310292786	0.0003854307188282906	3313	36323	-0.0017346455133520067	False	False
GLS+SLC1A2	GRIK2+GRIK5	other	0.0008827499550534412	False	0.0033192516596258297	0.00022024612504473748	3314	36323	0.002617395468405448	False	0.01056444310292786	0.00022024612504473748	3313	36323	-0.0017346455133520067	False	False
GLS+SLC1A2	GRIK3	other	0.0008045453723752871	False	0.0033192516596258297	0.00011012306252236874	3314	36323	0.002539190885727294	False	0.01056444310292786	0.00011012306252236874	3313	36323	-0.0017346455133520067	False	False
GLS+SLC1A2	GRIK3+GRIK4	other	0.0008045453723752871	False	0.0033192516596258297	0.00011012306252236874	3314	36323	0.002539190885727294	False	0.01056444310292786	0.00011012306252236874	3313	36323	-0.0017346455133520067	False	False
GLS+SLC1A2	GRIK3+GRIK5	other	0.0008045453723752871	False	0.0033192516596258297	0.00011012306252236874	3314	36323	0.002539190885727294	False	0.01056444310292786	0.00011012306252236874	3313	36323	-0.0017346455133520067	False	False
GLS+SLC1A2	GRIN1+GRIN2A	other	0.0009440853464184329	False	0.0033192516596258297	0.0003578999531976984	3314	36323	0.0026787308597704396	False	0.01056444310292786	0.0003578999531976984	3313	36323	-0.0017346455133520067	False	False
GLS+SLC1A2	GRIN1+GRIN2B	other	0.0009440853464184329	False	0.0033192516596258297	0.0003578999531976984	3314	36323	0.0026787308597704396	False	0.01056444310292786	0.0003578999531976984	3313	36323	-0.0017346455133520067	False	False
GLS+SLC1A2	GRIN1+GRIN2C	other	0.0009364820434711874	False	0.0033192516596258297	0.00030283842193651404	3314	36323	0.002671127556823194	False	0.01056444310292786	0.00030283842193651404	3313	36323	-0.0017346455133520067	False	False
GLS+SLC1A2	GRIN1+GRIN2D	other	0.0009440853464184329	False	0.0033192516596258297	0.0003578999531976984	3314	36323	0.0026787308597704396	False	0.01056444310292786	0.0003578999531976984	3313	36323	-0.0017346455133520067	False	False
GLS+SLC1A2	GRM1	other	0.000902995074284263	False	0.0033192516596258297	0.00027530765630592185	3314	36323	0.0026376405876362696	False	0.01056444310292786	0.00027530765630592185	3313	36323	-0.0017346455133520067	False	False
GLS+SLC1A2	GRM2	other	0.00149768142728135	False	0.0033192516596258297	0.0008534537345483578	3314	36323	0.0032323269406333566	False	0.01056444310292786	0.0008534537345483578	3313	36323	-0.0017346455133520067	False	False
GLS+SLC1A2	GRM3	other	0.0014158193371258676	False	0.0033192516596258297	0.0008809845001789499	3314	36323	0.0031504648504778743	False	0.01056444310292786	0.0008809845001789499	3313	36323	-0.0017346455133520067	False	False
GLS+SLC1A2	GRM4	other	0.0012349734315648675	False	0.0033192516596258297	0.0007433306720259891	3314	36323	0.002969618944916874	False	0.01056444310292786	0.0007433306720259891	3313	36323	-0.0017346455133520067	False	False
GLS+SLC1A2	GRM6	other	0.0008083375141723081	False	0.0033192516596258297	0.00011012306252236874	3314	36323	0.002542983027524315	False	0.01056444310292786	0.00011012306252236874	3313	36323	-0.0017346455133520067	False	False
GLS+SLC1A2	GRM7	other	0.0008790108549874276	False	0.0033192516596258297	0.0001927153594141453	3314	36323	0.0026136563683394343	False	0.01056444310292786	0.0001927153594141453	3313	36323	-0.0017346455133520067	False	False
GLS+SLC1A3	GRIA1	other	0.016449387272587046	False	0.057332528666264336	0.00011012306252236874	3314	36323	0.017333895986666903	False	0.058557198913371564	0.00011012306252236874	3313	36323	-0.0008845087140798569	False	False
GLS+SLC1A3	GRIA3	other	0.016482979815918952	False	0.057332528666264336	0.00013765382815296093	3314	36323	0.01736748852999881	False	0.058557198913371564	0.00013765382815296093	3313	36323	-0.0008845087140798569	False	False
GLS+SLC1A3	GRIA4	other	0.016631284699542448	False	0.057332528666264336	0.0003303691875671062	3314	36323	0.017515793413622305	False	0.058557198913371564	0.0003303691875671062	3313	36323	-0.0008845087140798569	False	False
GLS+SLC1A3	GRIK1	other	0.01645566384831909	False	0.057332528666264336	0.00013765382815296093	3314	36323	0.017340172562398948	False	0.058557198913371564	0.00013765382815296093	3313	36323	-0.0008845087140798569	False	False
GLS+SLC1A3	GRIK1+GRIK4	other	0.01645566384831909	False	0.057332528666264336	0.00013765382815296093	3314	36323	0.017340172562398948	False	0.058557198913371564	0.00013765382815296093	3313	36323	-0.0008845087140798569	False	False
GLS+SLC1A3	GRIK1+GRIK5	other	0.01645566384831909	False	0.057332528666264336	0.00013765382815296093	3314	36323	0.017340172562398948	False	0.058557198913371564	0.00013765382815296093	3313	36323	-0.0008845087140798569	False	False
GLS+SLC1A3	GRIK2	other	0.01667116684257053	False	0.057332528666264336	0.0003854307188282906	3314	36323	0.017555675556650385	False	0.058557198913371564	0.0003854307188282906	3313	36323	-0.0008845087140798569	False	False
GLS+SLC1A3	GRIK2+GRIK4	other	0.01667116684257053	False	0.057332528666264336	0.0003854307188282906	3314	36323	0.017555675556650385	False	0.058557198913371564	0.0003854307188282906	3313	36323	-0.0008845087140798569	False	False
GLS+SLC1A3	GRIK2+GRIK5	other	0.01654131150280591	False	0.057332528666264336	0.00022024612504473748	3314	36323	0.017425820216885768	False	0.058557198913371564	0.00022024612504473748	3313	36323	-0.0008845087140798569	False	False
GLS+SLC1A3	GRIK3	other	0.016463106920127757	False	0.057332528666264336	0.00011012306252236874	3314	36323	0.017347615634207614	False	0.058557198913371564	0.00011012306252236874	3313	36323	-0.0008845087140798569	False	False
GLS+SLC1A3	GRIK3+GRIK4	other	0.016463106920127757	False	0.057332528666264336	0.00011012306252236874	3314	36323	0.017347615634207614	False	0.058557198913371564	0.00011012306252236874	3313	36323	-0.0008845087140798569	False	False
GLS+SLC1A3	GRIK3+GRIK5	other	0.016463106920127757	False	0.057332528666264336	0.00011012306252236874	3314	36323	0.017347615634207614	False	0.058557198913371564	0.00011012306252236874	3313	36323	-0.0008845087140798569	False	False
GLS+SLC1A3	GRIN1+GRIN2A	other	0.016602646894170903	False	0.057332528666264336	0.0003578999531976984	3314	36323	0.01748715560825076	False	0.058557198913371564	0.0003578999531976984	3313	36323	-0.0008845087140798569	False	False
GLS+SLC1A3	GRIN1+GRIN2B	other	0.016602646894170903	False	0.057332528666264336	0.0003578999531976984	3314	36323	0.01748715560825076	False	0.058557198913371564	0.0003578999531976984	3313	36323	-0.0008845087140798569	False	False
GLS+SLC1A3	GRIN1+GRIN2C	other	0.016595043591223657	False	0.057332528666264336	0.00030283842193651404	3314	36323	0.017479552305303514	False	0.058557198913371564	0.00030283842193651404	3313	36323	-0.0008845087140798569	False	False
GLS+SLC1A3	GRIN1+GRIN2D	other	0.016602646894170903	False	0.057332528666264336	0.0003578999531976984	3314	36323	0.01748715560825076	False	0.058557198913371564	0.0003578999531976984	3313	36323	-0.0008845087140798569	False	False
GLS+SLC1A3	GRM1	other	0.016561556622036733	False	0.057332528666264336	0.00027530765630592185	3314	36323	0.01744606533611659	False	0.058557198913371564	0.00027530765630592185	3313	36323	-0.0008845087140798569	False	False
GLS+SLC1A3	GRM2	other	0.01715624297503382	False	0.057332528666264336	0.0008534537345483578	3314	36323	0.018040751689113677	False	0.058557198913371564	0.0008534537345483578	3313	36323	-0.0008845087140798569	False	False
GLS+SLC1A3	GRM3	other	0.017074380884878337	False	0.057332528666264336	0.0008809845001789499	3314	36323	0.017958889598958194	False	0.058557198913371564	0.0008809845001789499	3313	36323	-0.0008845087140798569	False	False
GLS+SLC1A3	GRM4	other	0.016893534979317337	False	0.057332528666264336	0.0007433306720259891	3314	36323	0.017778043693397194	False	0.058557198913371564	0.0007433306720259891	3313	36323	-0.0008845087140798569	False	False
GLS+SLC1A3	GRM6	other	0.016466899061924778	False	0.057332528666264336	0.00011012306252236874	3314	36323	0.017351407776004635	False	0.058557198913371564	0.00011012306252236874	3313	36323	-0.0008845087140798569	False	False
GLS+SLC1A3	GRM7	other	0.016537572402739897	False	0.057332528666264336	0.0001927153594141453	3314	36323	0.017422081116819754	False	0.058557198913371564	0.0001927153594141453	3313	36323	-0.0008845087140798569	False	False
GLS+SLC1A7	GRIA1	other	0.00011409842772991396	False	0.00030175015087507544	0.00011012306252236874	3314	36323	0.0002772398147499189	False	0.0012073649260488982	0.00011012306252236874	3313	36323	-0.0001631413870200049	False	False
GLS+SLC1A7	GRIA3	other	0.00014769097106182016	False	0.00030175015087507544	0.00013765382815296093	3314	36323	0.0003108323580818251	False	0.0012073649260488982	0.00013765382815296093	3313	36323	-0.0001631413870200049	False	False
GLS+SLC1A7	GRIA4	other	0.00029599585468531586	False	0.00030175015087507544	0.0003303691875671062	3314	36323	0.0004591372417053208	False	0.0012073649260488982	0.0003303691875671062	3313	36323	-0.0001631413870200049	False	False
GLS+SLC1A7	GRIK1	other	0.00012037500346195884	False	0.00030175015087507544	0.00013765382815296093	3314	36323	0.00028351639048196375	False	0.0012073649260488982	0.00013765382815296093	3313	36323	-0.0001631413870200049	False	False
GLS+SLC1A7	GRIK1+GRIK4	other	0.00012037500346195884	False	0.00030175015087507544	0.00013765382815296093	3314	36323	0.00028351639048196375	False	0.0012073649260488982	0.00013765382815296093	3313	36323	-0.0001631413870200049	False	False
GLS+SLC1A7	GRIK1+GRIK5	other	0.00012037500346195884	False	0.00030175015087507544	0.00013765382815296093	3314	36323	0.00028351639048196375	False	0.0012073649260488982	0.00013765382815296093	3313	36323	-0.0001631413870200049	False	False
GLS+SLC1A7	GRIK2	other	0.0003358779977133963	False	0.00030175015087507544	0.0003854307188282906	3314	36323	0.0004990193847334012	False	0.0012073649260488982	0.0003854307188282906	3313	36323	-0.0001631413870200049	False	False
GLS+SLC1A7	GRIK2+GRIK4	other	0.0003358779977133963	False	0.00030175015087507544	0.0003854307188282906	3314	36323	0.0004990193847334012	False	0.0012073649260488982	0.0003854307188282906	3313	36323	-0.0001631413870200049	False	False
GLS+SLC1A7	GRIK2+GRIK5	other	0.00020602265794877894	False	0.00030175015087507544	0.00022024612504473748	3314	36323	0.00036916404496878386	False	0.0012073649260488982	0.00022024612504473748	3313	36323	-0.0001631413870200049	False	False
GLS+SLC1A7	GRIK3	other	0.00012781807527062483	False	0.00030175015087507544	0.00011012306252236874	3314	36323	0.00029095946229062974	False	0.0012073649260488982	0.00011012306252236874	3313	36323	-0.0001631413870200049	False	False
GLS+SLC1A7	GRIK3+GRIK4	other	0.00012781807527062483	False	0.00030175015087507544	0.00011012306252236874	3314	36323	0.00029095946229062974	False	0.0012073649260488982	0.00011012306252236874	3313	36323	-0.0001631413870200049	False	False
GLS+SLC1A7	GRIK3+GRIK5	other	0.00012781807527062483	False	0.00030175015087507544	0.00011012306252236874	3314	36323	0.00029095946229062974	False	0.0012073649260488982	0.00011012306252236874	3313	36323	-0.0001631413870200049	False	False
GLS+SLC1A7	GRIN1+GRIN2A	other	0.0002673580493137706	False	0.00030175015087507544	0.0003578999531976984	3314	36323	0.0004304994363337755	False	0.0012073649260488982	0.0003578999531976984	3313	36323	-0.0001631413870200049	False	False
GLS+SLC1A7	GRIN1+GRIN2B	other	0.0002673580493137706	False	0.00030175015087507544	0.0003578999531976984	3314	36323	0.0004304994363337755	False	0.0012073649260488982	0.0003578999531976984	3313	36323	-0.0001631413870200049	False	False
GLS+SLC1A7	GRIN1+GRIN2C	other	0.00025975474636652507	False	0.00030175015087507544	0.00030283842193651404	3314	36323	0.00042289613338653	False	0.0012073649260488982	0.00030283842193651404	3313	36323	-0.0001631413870200049	False	False
GLS+SLC1A7	GRIN1+GRIN2D	other	0.0002673580493137706	False	0.00030175015087507544	0.0003578999531976984	3314	36323	0.0004304994363337755	False	0.0012073649260488982	0.0003578999531976984	3313	36323	-0.0001631413870200049	False	False
GLS+SLC1A7	GRM1	other	0.00022626777717960067	False	0.00030175015087507544	0.00027530765630592185	3314	36323	0.0003894091641996056	False	0.0012073649260488982	0.00027530765630592185	3313	36323	-0.0001631413870200049	False	False
GLS+SLC1A7	GRM2	other	0.0008209541301766876	False	0.00030175015087507544	0.0008534537345483578	3314	36323	0.0009840955171966925	False	0.0012073649260488982	0.0008534537345483578	3313	36323	-0.0001631413870200049	False	False
GLS+SLC1A7	GRM3	other	0.0007390920400212053	False	0.00030175015087507544	0.0008809845001789499	3314	36323	0.0009022334270412102	False	0.0012073649260488982	0.0008809845001789499	3313	36323	-0.0001631413870200049	False	False
GLS+SLC1A7	GRM4	other	0.0005582461344602052	False	0.00030175015087507544	0.0007433306720259891	3314	36323	0.0007213875214802101	False	0.0012073649260488982	0.0007433306720259891	3313	36323	-0.0001631413870200049	False	False
GLS+SLC1A7	GRM6	other	0.00013161021706764586	False	0.00030175015087507544	0.00011012306252236874	3314	36323	0.0002947516040876508	False	0.0012073649260488982	0.00011012306252236874	3313	36323	-0.0001631413870200049	False	False
GLS+SLC1A7	GRM7	other	0.0002022835578827653	False	0.00030175015087507544	0.0001927153594141453	3314	36323	0.0003654249449027702	False	0.0012073649260488982	0.0001927153594141453	3313	36323	-0.0001631413870200049	False	False
GLS2+SLC17A7	GRIA1	other	0.001279010291909799	False	0.004526252263126132	0.00011012306252236874	3314	36323	0.001051598897902295	False	0.004225777241171144	0.00011012306252236874	3313	36323	0.00022741139400750399	False	False
GLS2+SLC17A7	GRIA3	other	0.0013126028352417052	False	0.004526252263126132	0.00013765382815296093	3314	36323	0.0010851914412342012	False	0.004225777241171144	0.00013765382815296093	3313	36323	0.00022741139400750399	False	False
GLS2+SLC17A7	GRIA4	other	0.0014609077188652009	False	0.004526252263126132	0.0003303691875671062	3314	36323	0.0012334963248576969	False	0.004225777241171144	0.0003303691875671062	3313	36323	0.00022741139400750399	False	False
GLS2+SLC17A7	GRIK1	other	0.0012852868676418439	False	0.004526252263126132	0.00013765382815296093	3314	36323	0.0010578754736343399	False	0.004225777241171144	0.00013765382815296093	3313	36323	0.00022741139400750399	False	False
GLS2+SLC17A7	GRIK1+GRIK4	other	0.0012852868676418439	False	0.004526252263126132	0.00013765382815296093	3314	36323	0.0010578754736343399	False	0.004225777241171144	0.00013765382815296093	3313	36323	0.00022741139400750399	False	False
GLS2+SLC17A7	GRIK1+GRIK5	other	0.0012852868676418439	False	0.004526252263126132	0.00013765382815296093	3314	36323	0.0010578754736343399	False	0.004225777241171144	0.00013765382815296093	3313	36323	0.00022741139400750399	False	False
GLS2+SLC17A7	GRIK2	other	0.0015007898618932813	False	0.004526252263126132	0.0003854307188282906	3314	36323	0.0012733784678857774	False	0.004225777241171144	0.0003854307188282906	3313	36323	0.00022741139400750399	False	False
GLS2+SLC17A7	GRIK2+GRIK4	other	0.0015007898618932813	False	0.004526252263126132	0.0003854307188282906	3314	36323	0.0012733784678857774	False	0.004225777241171144	0.0003854307188282906	3313	36323	0.00022741139400750399	False	False
GLS2+SLC17A7	GRIK2+GRIK5	other	0.001370934522128664	False	0.004526252263126132	0.00022024612504473748	3314	36323	0.00114352312812116	False	0.004225777241171144	0.00022024612504473748	3313	36323	0.00022741139400750399	False	False
GLS2+SLC17A7	GRIK3	other	0.0012927299394505098	False	0.004526252263126132	0.00011012306252236874	3314	36323	0.0010653185454430059	False	0.004225777241171144	0.00011012306252236874	3313	36323	0.00022741139400750399	False	False
GLS2+SLC17A7	GRIK3+GRIK4	other	0.0012927299394505098	False	0.004526252263126132	0.00011012306252236874	3314	36323	0.0010653185454430059	False	0.004225777241171144	0.00011012306252236874	3313	36323	0.00022741139400750399	False	False
GLS2+SLC17A7	GRIK3+GRIK5	other	0.0012927299394505098	False	0.004526252263126132	0.00011012306252236874	3314	36323	0.0010653185454430059	False	0.004225777241171144	0.00011012306252236874	3313	36323	0.00022741139400750399	False	False
GLS2+SLC17A7	GRIN1+GRIN2A	other	0.0014322699134936556	False	0.004526252263126132	0.0003578999531976984	3314	36323	0.0012048585194861516	False	0.004225777241171144	0.0003578999531976984	3313	36323	0.00022741139400750399	False	False
GLS2+SLC17A7	GRIN1+GRIN2B	other	0.0014322699134936556	False	0.004526252263126132	0.0003578999531976984	3314	36323	0.0012048585194861516	False	0.004225777241171144	0.0003578999531976984	3313	36323	0.00022741139400750399	False	False
GLS2+SLC17A7	GRIN1+GRIN2C	other	0.00142466661054641	False	0.004526252263126132	0.00030283842193651404	3314	36323	0.001197255216538906	False	0.004225777241171144	0.00030283842193651404	3313	36323	0.00022741139400750399	False	False
GLS2+SLC17A7	GRIN1+GRIN2D	other	0.0014322699134936556	False	0.004526252263126132	0.0003578999531976984	3314	36323	0.0012048585194861516	False	0.004225777241171144	0.0003578999531976984	3313	36323	0.00022741139400750399	False	False
GLS2+SLC17A7	GRM1	other	0.0013911796413594857	False	0.004526252263126132	0.00027530765630592185	3314	36323	0.0011637682473519817	False	0.004225777241171144	0.00027530765630592185	3313	36323	0.00022741139400750399	False	False
GLS2+SLC17A7	GRM2	other	0.0019858659943565726	False	0.004526252263126132	0.0008534537345483578	3314	36323	0.0017584546003490686	False	0.004225777241171144	0.0008534537345483578	3313	36323	0.00022741139400750399	False	False
GLS2+SLC17A7	GRM3	other	0.0019040039042010903	False	0.004526252263126132	0.0008809845001789499	3314	36323	0.0016765925101935863	False	0.004225777241171144	0.0008809845001789499	3313	36323	0.00022741139400750399	False	False
GLS2+SLC17A7	GRM4	other	0.0017231579986400902	False	0.004526252263126132	0.0007433306720259891	3314	36323	0.0014957466046325862	False	0.004225777241171144	0.0007433306720259891	3313	36323	0.00022741139400750399	False	False
GLS2+SLC17A7	GRM6	other	0.0012965220812475309	False	0.004526252263126132	0.00011012306252236874	3314	36323	0.0010691106872400269	False	0.004225777241171144	0.00011012306252236874	3313	36323	0.00022741139400750399	False	False
GLS2+SLC17A7	GRM7	other	0.0013671954220626503	False	0.004526252263126132	0.0001927153594141453	3314	36323	0.0011397840280551463	False	0.004225777241171144	0.0001927153594141453	3313	36323	0.00022741139400750399	False	False
GLS2+SLC1A1	GRIA1	other	0.004765703895827755	False	0.018708509354254676	0.00011012306252236874	3314	36323	0.004962886770954356	False	0.024750980984002413	0.00011012306252236874	3313	36323	-0.00019718287512660027	False	False
GLS2+SLC1A1	GRIA3	other	0.0047992964391596615	False	0.018708509354254676	0.00013765382815296093	3314	36323	0.004996479314286262	False	0.024750980984002413	0.00013765382815296093	3313	36323	-0.00019718287512660027	False	False
GLS2+SLC1A1	GRIA4	other	0.004947601322783157	False	0.018708509354254676	0.0003303691875671062	3314	36323	0.0051447841979097575	False	0.024750980984002413	0.0003303691875671062	3313	36323	-0.00019718287512660027	False	False
GLS2+SLC1A1	GRIK1	other	0.0047719804715598	False	0.018708509354254676	0.00013765382815296093	3314	36323	0.0049691633466864005	False	0.024750980984002413	0.00013765382815296093	3313	36323	-0.00019718287512660027	False	False
GLS2+SLC1A1	GRIK1+GRIK4	other	0.0047719804715598	False	0.018708509354254676	0.00013765382815296093	3314	36323	0.0049691633466864005	False	0.024750980984002413	0.00013765382815296093	3313	36323	-0.00019718287512660027	False	False
GLS2+SLC1A1	GRIK1+GRIK5	other	0.0047719804715598	False	0.018708509354254676	0.00013765382815296093	3314	36323	0.0049691633466864005	False	0.024750980984002413	0.00013765382815296093	3313	36323	-0.00019718287512660027	False	False
GLS2+SLC1A1	GRIK2	other	0.004987483465811238	False	0.018708509354254676	0.0003854307188282906	3314	36323	0.005184666340937838	False	0.024750980984002413	0.0003854307188282906	3313	36323	-0.00019718287512660027	False	False
GLS2+SLC1A1	GRIK2+GRIK4	other	0.004987483465811238	False	0.018708509354254676	0.0003854307188282906	3314	36323	0.005184666340937838	False	0.024750980984002413	0.0003854307188282906	3313	36323	-0.00019718287512660027	False	False
GLS2+SLC1A1	GRIK2+GRIK5	other	0.00485762812604662	False	0.018708509354254676	0.00022024612504473748	3314	36323	0.005054811001173221	False	0.024750980984002413	0.00022024612504473748	3313	36323	-0.00019718287512660027	False	False
GLS2+SLC1A1	GRIK3	other	0.004779423543368466	False	0.018708509354254676	0.00011012306252236874	3314	36323	0.0049766064184950665	False	0.024750980984002413	0.00011012306252236874	3313	36323	-0.00019718287512660027	False	False
GLS2+SLC1A1	GRIK3+GRIK4	other	0.004779423543368466	False	0.018708509354254676	0.00011012306252236874	3314	36323	0.0049766064184950665	False	0.024750980984002413	0.00011012306252236874	3313	36323	-0.00019718287512660027	False	False
GLS2+SLC1A1	GRIK3+GRIK5	other	0.004779423543368466	False	0.018708509354254676	0.00011012306252236874	3314	36323	0.0049766064184950665	False	0.024750980984002413	0.00011012306252236874	3313	36323	-0.00019718287512660027	False	False
GLS2+SLC1A1	GRIN1+GRIN2A	other	0.004918963517411612	False	0.018708509354254676	0.0003578999531976984	3314	36323	0.005116146392538212	False	0.024750980984002413	0.0003578999531976984	3313	36323	-0.00019718287512660027	False	False
GLS2+SLC1A1	GRIN1+GRIN2B	other	0.004918963517411612	False	0.018708509354254676	0.0003578999531976984	3314	36323	0.005116146392538212	False	0.024750980984002413	0.0003578999531976984	3313	36323	-0.00019718287512660027	False	False
GLS2+SLC1A1	GRIN1+GRIN2C	other	0.0049113602144643664	False	0.018708509354254676	0.00030283842193651404	3314	36323	0.005108543089590967	False	0.024750980984002413	0.00030283842193651404	3313	36323	-0.00019718287512660027	False	False
GLS2+SLC1A1	GRIN1+GRIN2D	other	0.004918963517411612	False	0.018708509354254676	0.0003578999531976984	3314	36323	0.005116146392538212	False	0.024750980984002413	0.0003578999531976984	3313	36323	-0.00019718287512660027	False	False
GLS2+SLC1A1	GRM1	other	0.004877873245277442	False	0.018708509354254676	0.00027530765630592185	3314	36323	0.005075056120404042	False	0.024750980984002413	0.00027530765630592185	3313	36323	-0.00019718287512660027	False	False
GLS2+SLC1A1	GRM2	other	0.005472559598274529	False	0.018708509354254676	0.0008534537345483578	3314	36323	0.005669742473401129	False	0.024750980984002413	0.0008534537345483578	3313	36323	-0.00019718287512660027	False	False
GLS2+SLC1A1	GRM3	other	0.005390697508119047	False	0.018708509354254676	0.0008809845001789499	3314	36323	0.005587880383245647	False	0.024750980984002413	0.0008809845001789499	3313	36323	-0.00019718287512660027	False	False
GLS2+SLC1A1	GRM4	other	0.005209851602558047	False	0.018708509354254676	0.0007433306720259891	3314	36323	0.005407034477684647	False	0.024750980984002413	0.0007433306720259891	3313	36323	-0.00019718287512660027	False	False
GLS2+SLC1A1	GRM6	other	0.004783215685165487	False	0.018708509354254676	0.00011012306252236874	3314	36323	0.0049803985602920875	False	0.024750980984002413	0.00011012306252236874	3313	36323	-0.00019718287512660027	False	False
GLS2+SLC1A1	GRM7	other	0.004853889025980607	False	0.018708509354254676	0.0001927153594141453	3314	36323	0.005051071901107207	False	0.024750980984002413	0.0001927153594141453	3313	36323	-0.00019718287512660027	False	False
GLS2+SLC1A2	GRIA1	other	0.0007908257248345762	False	0.0033192516596258297	0.00011012306252236874	3314	36323	0.002525471238186583	False	0.01056444310292786	0.00011012306252236874	3313	36323	-0.0017346455133520067	False	False
GLS2+SLC1A2	GRIA3	other	0.0008244182681664824	False	0.0033192516596258297	0.00013765382815296093	3314	36323	0.002559063781518489	False	0.01056444310292786	0.00013765382815296093	3313	36323	-0.0017346455133520067	False	False
GLS2+SLC1A2	GRIA4	other	0.0009727231517899781	False	0.0033192516596258297	0.0003303691875671062	3314	36323	0.002707368665141985	False	0.01056444310292786	0.0003303691875671062	3313	36323	-0.0017346455133520067	False	False
GLS2+SLC1A2	GRIK1	other	0.0007971023005666211	False	0.0033192516596258297	0.00013765382815296093	3314	36323	0.002531747813918628	False	0.01056444310292786	0.00013765382815296093	3313	36323	-0.0017346455133520067	False	False
GLS2+SLC1A2	GRIK1+GRIK4	other	0.0007971023005666211	False	0.0033192516596258297	0.00013765382815296093	3314	36323	0.002531747813918628	False	0.01056444310292786	0.00013765382815296093	3313	36323	-0.0017346455133520067	False	False
GLS2+SLC1A2	GRIK1+GRIK5	other	0.0007971023005666211	False	0.0033192516596258297	0.00013765382815296093	3314	36323	0.002531747813918628	False	0.01056444310292786	0.00013765382815296093	3313	36323	-0.0017346455133520067	False	False
GLS2+SLC1A2	GRIK2	other	0.0010126052948180586	False	0.0033192516596258297	0.0003854307188282906	3314	36323	0.0027472508081700653	False	0.01056444310292786	0.0003854307188282906	3313	36323	-0.0017346455133520067	False	False
GLS2+SLC1A2	GRIK2+GRIK4	other	0.0010126052948180586	False	0.0033192516596258297	0.0003854307188282906	3314	36323	0.0027472508081700653	False	0.01056444310292786	0.0003854307188282906	3313	36323	-0.0017346455133520067	False	False
GLS2+SLC1A2	GRIK2+GRIK5	other	0.0008827499550534412	False	0.0033192516596258297	0.00022024612504473748	3314	36323	0.002617395468405448	False	0.01056444310292786	0.00022024612504473748	3313	36323	-0.0017346455133520067	False	False
GLS2+SLC1A2	GRIK3	other	0.0008045453723752871	False	0.0033192516596258297	0.00011012306252236874	3314	36323	0.002539190885727294	False	0.01056444310292786	0.00011012306252236874	3313	36323	-0.0017346455133520067	False	False
GLS2+SLC1A2	GRIK3+GRIK4	other	0.0008045453723752871	False	0.0033192516596258297	0.00011012306252236874	3314	36323	0.002539190885727294	False	0.01056444310292786	0.00011012306252236874	3313	36323	-0.0017346455133520067	False	False
GLS2+SLC1A2	GRIK3+GRIK5	other	0.0008045453723752871	False	0.0033192516596258297	0.00011012306252236874	3314	36323	0.002539190885727294	False	0.01056444310292786	0.00011012306252236874	3313	36323	-0.0017346455133520067	False	False
GLS2+SLC1A2	GRIN1+GRIN2A	other	0.0009440853464184329	False	0.0033192516596258297	0.0003578999531976984	3314	36323	0.0026787308597704396	False	0.01056444310292786	0.0003578999531976984	3313	36323	-0.0017346455133520067	False	False
GLS2+SLC1A2	GRIN1+GRIN2B	other	0.0009440853464184329	False	0.0033192516596258297	0.0003578999531976984	3314	36323	0.0026787308597704396	False	0.01056444310292786	0.0003578999531976984	3313	36323	-0.0017346455133520067	False	False
GLS2+SLC1A2	GRIN1+GRIN2C	other	0.0009364820434711874	False	0.0033192516596258297	0.00030283842193651404	3314	36323	0.002671127556823194	False	0.01056444310292786	0.00030283842193651404	3313	36323	-0.0017346455133520067	False	False
GLS2+SLC1A2	GRIN1+GRIN2D	other	0.0009440853464184329	False	0.0033192516596258297	0.0003578999531976984	3314	36323	0.0026787308597704396	False	0.01056444310292786	0.0003578999531976984	3313	36323	-0.0017346455133520067	False	False
GLS2+SLC1A2	GRM1	other	0.000902995074284263	False	0.0033192516596258297	0.00027530765630592185	3314	36323	0.0026376405876362696	False	0.01056444310292786	0.00027530765630592185	3313	36323	-0.0017346455133520067	False	False
GLS2+SLC1A2	GRM2	other	0.00149768142728135	False	0.0033192516596258297	0.0008534537345483578	3314	36323	0.0032323269406333566	False	0.01056444310292786	0.0008534537345483578	3313	36323	-0.0017346455133520067	False	False
GLS2+SLC1A2	GRM3	other	0.0014158193371258676	False	0.0033192516596258297	0.0008809845001789499	3314	36323	0.0031504648504778743	False	0.01056444310292786	0.0008809845001789499	3313	36323	-0.0017346455133520067	False	False
GLS2+SLC1A2	GRM4	other	0.0012349734315648675	False	0.0033192516596258297	0.0007433306720259891	3314	36323	0.002969618944916874	False	0.01056444310292786	0.0007433306720259891	3313	36323	-0.0017346455133520067	False	False
GLS2+SLC1A2	GRM6	other	0.0008083375141723081	False	0.0033192516596258297	0.00011012306252236874	3314	36323	0.002542983027524315	False	0.01056444310292786	0.00011012306252236874	3313	36323	-0.0017346455133520067	False	False
GLS2+SLC1A2	GRM7	other	0.0008790108549874276	False	0.0033192516596258297	0.0001927153594141453	3314	36323	0.0026136563683394343	False	0.01056444310292786	0.0001927153594141453	3313	36323	-0.0017346455133520067	False	False
GLS2+SLC1A3	GRIA1	other	0.007652072323253378	False	0.036511768255884126	0.00011012306252236874	3314	36323	0.01045888484804891	False	0.044672502263809234	0.00011012306252236874	3313	36323	-0.0028068125247955322	False	False
GLS2+SLC1A3	GRIA3	other	0.0076856648665852845	False	0.036511768255884126	0.00013765382815296093	3314	36323	0.010492477391380817	False	0.044672502263809234	0.00013765382815296093	3313	36323	-0.0028068125247955322	False	False
GLS2+SLC1A3	GRIA4	other	0.00783396975020878	False	0.036511768255884126	0.0003303691875671062	3314	36323	0.010640782275004312	False	0.044672502263809234	0.0003303691875671062	3313	36323	-0.0028068125247955322	False	False
GLS2+SLC1A3	GRIK1	other	0.007658348898985423	False	0.036511768255884126	0.00013765382815296093	3314	36323	0.010465161423780955	False	0.044672502263809234	0.00013765382815296093	3313	36323	-0.0028068125247955322	False	False
GLS2+SLC1A3	GRIK1+GRIK4	other	0.007658348898985423	False	0.036511768255884126	0.00013765382815296093	3314	36323	0.010465161423780955	False	0.044672502263809234	0.00013765382815296093	3313	36323	-0.0028068125247955322	False	False
GLS2+SLC1A3	GRIK1+GRIK5	other	0.007658348898985423	False	0.036511768255884126	0.00013765382815296093	3314	36323	0.010465161423780955	False	0.044672502263809234	0.00013765382815296093	3313	36323	-0.0028068125247955322	False	False
GLS2+SLC1A3	GRIK2	other	0.00787385189323686	False	0.036511768255884126	0.0003854307188282906	3314	36323	0.010680664418032393	False	0.044672502263809234	0.0003854307188282906	3313	36323	-0.0028068125247955322	False	False
GLS2+SLC1A3	GRIK2+GRIK4	other	0.00787385189323686	False	0.036511768255884126	0.0003854307188282906	3314	36323	0.010680664418032393	False	0.044672502263809234	0.0003854307188282906	3313	36323	-0.0028068125247955322	False	False
GLS2+SLC1A3	GRIK2+GRIK5	other	0.007743996553472243	False	0.036511768255884126	0.00022024612504473748	3314	36323	0.010550809078267775	False	0.044672502263809234	0.00022024612504473748	3313	36323	-0.0028068125247955322	False	False
GLS2+SLC1A3	GRIK3	other	0.007665791970794089	False	0.036511768255884126	0.00011012306252236874	3314	36323	0.010472604495589621	False	0.044672502263809234	0.00011012306252236874	3313	36323	-0.0028068125247955322	False	False
GLS2+SLC1A3	GRIK3+GRIK4	other	0.007665791970794089	False	0.036511768255884126	0.00011012306252236874	3314	36323	0.010472604495589621	False	0.044672502263809234	0.00011012306252236874	3313	36323	-0.0028068125247955322	False	False
GLS2+SLC1A3	GRIK3+GRIK5	other	0.007665791970794089	False	0.036511768255884126	0.00011012306252236874	3314	36323	0.010472604495589621	False	0.044672502263809234	0.00011012306252236874	3313	36323	-0.0028068125247955322	False	False
GLS2+SLC1A3	GRIN1+GRIN2A	other	0.007805331944837235	False	0.036511768255884126	0.0003578999531976984	3314	36323	0.010612144469632767	False	0.044672502263809234	0.0003578999531976984	3313	36323	-0.0028068125247955322	False	False
GLS2+SLC1A3	GRIN1+GRIN2B	other	0.007805331944837235	False	0.036511768255884126	0.0003578999531976984	3314	36323	0.010612144469632767	False	0.044672502263809234	0.0003578999531976984	3313	36323	-0.0028068125247955322	False	False
GLS2+SLC1A3	GRIN1+GRIN2C	other	0.007797728641889989	False	0.036511768255884126	0.00030283842193651404	3314	36323	0.010604541166685522	False	0.044672502263809234	0.00030283842193651404	3313	36323	-0.0028068125247955322	False	False
GLS2+SLC1A3	GRIN1+GRIN2D	other	0.007805331944837235	False	0.036511768255884126	0.0003578999531976984	3314	36323	0.010612144469632767	False	0.044672502263809234	0.0003578999531976984	3313	36323	-0.0028068125247955322	False	False
GLS2+SLC1A3	GRM1	other	0.007764241672703065	False	0.036511768255884126	0.00027530765630592185	3314	36323	0.010571054197498597	False	0.044672502263809234	0.00027530765630592185	3313	36323	-0.0028068125247955322	False	False
GLS2+SLC1A3	GRM2	other	0.008358928025700152	False	0.036511768255884126	0.0008534537345483578	3314	36323	0.011165740550495684	False	0.044672502263809234	0.0008534537345483578	3313	36323	-0.0028068125247955322	False	False
GLS2+SLC1A3	GRM3	other	0.00827706593554467	False	0.036511768255884126	0.0008809845001789499	3314	36323	0.011083878460340202	False	0.044672502263809234	0.0008809845001789499	3313	36323	-0.0028068125247955322	False	False
GLS2+SLC1A3	GRM4	other	0.00809622002998367	False	0.036511768255884126	0.0007433306720259891	3314	36323	0.010903032554779202	False	0.044672502263809234	0.0007433306720259891	3313	36323	-0.0028068125247955322	False	False
GLS2+SLC1A3	GRM6	other	0.00766958411259111	False	0.036511768255884126	0.00011012306252236874	3314	36323	0.010476396637386642	False	0.044672502263809234	0.00011012306252236874	3313	36323	-0.0028068125247955322	False	False
GLS2+SLC1A3	GRM7	other	0.00774025745340623	False	0.036511768255884126	0.0001927153594141453	3314	36323	0.010547069978201762	False	0.044672502263809234	0.0001927153594141453	3313	36323	-0.0028068125247955322	False	False
GLS2+SLC1A7	GRIA1	other	0.00011409842772991396	False	0.00030175015087507544	0.00011012306252236874	3314	36323	0.0002772398147499189	False	0.0012073649260488982	0.00011012306252236874	3313	36323	-0.0001631413870200049	False	False
GLS2+SLC1A7	GRIA3	other	0.00014769097106182016	False	0.00030175015087507544	0.00013765382815296093	3314	36323	0.0003108323580818251	False	0.0012073649260488982	0.00013765382815296093	3313	36323	-0.0001631413870200049	False	False
GLS2+SLC1A7	GRIA4	other	0.00029599585468531586	False	0.00030175015087507544	0.0003303691875671062	3314	36323	0.0004591372417053208	False	0.0012073649260488982	0.0003303691875671062	3313	36323	-0.0001631413870200049	False	False
GLS2+SLC1A7	GRIK1	other	0.00012037500346195884	False	0.00030175015087507544	0.00013765382815296093	3314	36323	0.00028351639048196375	False	0.0012073649260488982	0.00013765382815296093	3313	36323	-0.0001631413870200049	False	False
GLS2+SLC1A7	GRIK1+GRIK4	other	0.00012037500346195884	False	0.00030175015087507544	0.00013765382815296093	3314	36323	0.00028351639048196375	False	0.0012073649260488982	0.00013765382815296093	3313	36323	-0.0001631413870200049	False	False
GLS2+SLC1A7	GRIK1+GRIK5	other	0.00012037500346195884	False	0.00030175015087507544	0.00013765382815296093	3314	36323	0.00028351639048196375	False	0.0012073649260488982	0.00013765382815296093	3313	36323	-0.0001631413870200049	False	False
GLS2+SLC1A7	GRIK2	other	0.0003358779977133963	False	0.00030175015087507544	0.0003854307188282906	3314	36323	0.0004990193847334012	False	0.0012073649260488982	0.0003854307188282906	3313	36323	-0.0001631413870200049	False	False
GLS2+SLC1A7	GRIK2+GRIK4	other	0.0003358779977133963	False	0.00030175015087507544	0.0003854307188282906	3314	36323	0.0004990193847334012	False	0.0012073649260488982	0.0003854307188282906	3313	36323	-0.0001631413870200049	False	False
GLS2+SLC1A7	GRIK2+GRIK5	other	0.00020602265794877894	False	0.00030175015087507544	0.00022024612504473748	3314	36323	0.00036916404496878386	False	0.0012073649260488982	0.00022024612504473748	3313	36323	-0.0001631413870200049	False	False
GLS2+SLC1A7	GRIK3	other	0.00012781807527062483	False	0.00030175015087507544	0.00011012306252236874	3314	36323	0.00029095946229062974	False	0.0012073649260488982	0.00011012306252236874	3313	36323	-0.0001631413870200049	False	False
GLS2+SLC1A7	GRIK3+GRIK4	other	0.00012781807527062483	False	0.00030175015087507544	0.00011012306252236874	3314	36323	0.00029095946229062974	False	0.0012073649260488982	0.00011012306252236874	3313	36323	-0.0001631413870200049	False	False
GLS2+SLC1A7	GRIK3+GRIK5	other	0.00012781807527062483	False	0.00030175015087507544	0.00011012306252236874	3314	36323	0.00029095946229062974	False	0.0012073649260488982	0.00011012306252236874	3313	36323	-0.0001631413870200049	False	False
GLS2+SLC1A7	GRIN1+GRIN2A	other	0.0002673580493137706	False	0.00030175015087507544	0.0003578999531976984	3314	36323	0.0004304994363337755	False	0.0012073649260488982	0.0003578999531976984	3313	36323	-0.0001631413870200049	False	False
GLS2+SLC1A7	GRIN1+GRIN2B	other	0.0002673580493137706	False	0.00030175015087507544	0.0003578999531976984	3314	36323	0.0004304994363337755	False	0.0012073649260488982	0.0003578999531976984	3313	36323	-0.0001631413870200049	False	False
GLS2+SLC1A7	GRIN1+GRIN2C	other	0.00025975474636652507	False	0.00030175015087507544	0.00030283842193651404	3314	36323	0.00042289613338653	False	0.0012073649260488982	0.00030283842193651404	3313	36323	-0.0001631413870200049	False	False
GLS2+SLC1A7	GRIN1+GRIN2D	other	0.0002673580493137706	False	0.00030175015087507544	0.0003578999531976984	3314	36323	0.0004304994363337755	False	0.0012073649260488982	0.0003578999531976984	3313	36323	-0.0001631413870200049	False	False
GLS2+SLC1A7	GRM1	other	0.00022626777717960067	False	0.00030175015087507544	0.00027530765630592185	3314	36323	0.0003894091641996056	False	0.0012073649260488982	0.00027530765630592185	3313	36323	-0.0001631413870200049	False	False
GLS2+SLC1A7	GRM2	other	0.0008209541301766876	False	0.00030175015087507544	0.0008534537345483578	3314	36323	0.0009840955171966925	False	0.0012073649260488982	0.0008534537345483578	3313	36323	-0.0001631413870200049	False	False
GLS2+SLC1A7	GRM3	other	0.0007390920400212053	False	0.00030175015087507544	0.0008809845001789499	3314	36323	0.0009022334270412102	False	0.0012073649260488982	0.0008809845001789499	3313	36323	-0.0001631413870200049	False	False
GLS2+SLC1A7	GRM4	other	0.0005582461344602052	False	0.00030175015087507544	0.0007433306720259891	3314	36323	0.0007213875214802101	False	0.0012073649260488982	0.0007433306720259891	3313	36323	-0.0001631413870200049	False	False
GLS2+SLC1A7	GRM6	other	0.00013161021706764586	False	0.00030175015087507544	0.00011012306252236874	3314	36323	0.0002947516040876508	False	0.0012073649260488982	0.00011012306252236874	3313	36323	-0.0001631413870200049	False	False
GLS2+SLC1A7	GRM7	other	0.0002022835578827653	False	0.00030175015087507544	0.0001927153594141453	3314	36323	0.0003654249449027702	False	0.0012073649260488982	0.0001927153594141453	3313	36323	-0.0001631413870200049	False	False
GNRH1	GNRHR2	other	0.005168723175302148	False	0.011164755582377792	0.0023125843129697438	3314	36323	0.004113577306270599	False	0.010262601871415635	0.0023125843129697438	3313	36323	0.0010551458690315485	False	False
GP1BA	ITGAM+ITGB2	other	0.02125985666498309	False	0.00030175015087507544	0.023841643036092833	3314	36323	0.021260383146000095	False	0.0006036824630244491	0.023841643036092833	3313	36323	-5.264810170046985e-07	False	False
HBEGF	EGFR	other	0.3403521073050797	False	0.5793602896801449	0.004845414750984225	3314	36323	0.19572522165253758	False	0.37277392091759737	0.004845414750984225	3313	36323	0.14462688565254211	False	False
HBEGF	ERBB2	other	0.3410779112018645	False	0.5793602896801449	0.005864053079316135	3314	36323	0.19645102554932237	False	0.37277392091759737	0.005864053079316135	3313	36323	0.14462688565254211	False	False
HBEGF	ERBB4	other	0.33683853773982264	False	0.5793602896801449	0.0006056768438730281	3314	36323	0.19221165208728053	False	0.37277392091759737	0.0006056768438730281	3313	36323	0.14462688565254211	False	False
HDC	HRH1	other	0.0019157982897013426	False	0.004224502112251056	0.0005230845469812516	3314	36323	0.0017150124767795205	False	0.0024147298520977964	0.0005230845469812516	3313	36323	0.00020078581292182207	False	False
HDC	HRH2	other	0.006778130307793617	False	0.004224502112251056	0.0066899760482339015	3314	36323	0.006577344494871795	False	0.0024147298520977964	0.0066899760482339015	3313	36323	0.00020078581292182207	False	False
HDC	HRH4	other	0.0023934325436130166	False	0.004224502112251056	0.0011287613908542798	3314	36323	0.0021926467306911945	False	0.0024147298520977964	0.0011287613908542798	3313	36323	0.00020078581292182207	False	False
HEBP1	FPR3	other	0.16519131930544972	False	0.4556427278213639	0.004790353219723041	3314	36323	0.15529216499999166	False	0.40929670993057654	0.004790353219723041	3313	36323	0.009899154305458069	False	False
HFE	TFRC	other	0.2288176193833351	True	0.1596258298129149	0.20309445805687856	3314	36323	0.2279176563024521	True	0.16510715363718684	0.20309445805687856	3313	36323	0.0008999630808830261	True	True
HGF	MET	other	0.0019149105064570904	False	0.002112251056125528	0.002064807422294414	3314	36323	0.002526130876503885	False	0.005433142167220043	0.002064807422294414	3313	36323	-0.0006112203700467944	False	False
HSD17B1	ESR1	other	0.01704773702658713	False	0.06125528062764032	0.0023951766098615204	3314	36323	0.014325862983241677	False	0.05131300935707818	0.0023951766098615204	3313	36323	0.0027218740433454514	False	False
HSD17B1	ESR2	other	0.01564556488301605	False	0.06125528062764032	0.0008259229689177656	3314	36323	0.012923690839670599	False	0.05131300935707818	0.0008259229689177656	3313	36323	0.0027218740433454514	False	False
HSD17B1	GPER1	other	0.01527215854730457	False	0.06125528062764032	0.0003578999531976984	3314	36323	0.01255028450395912	False	0.05131300935707818	0.0003578999531976984	3313	36323	0.0027218740433454514	False	False
HSD17B1	NR1I2	other	0.015208066179184243	False	0.06125528062764032	0.00022024612504473748	3314	36323	0.012486192135838792	False	0.05131300935707818	0.00022024612504473748	3313	36323	0.0027218740433454514	False	False
HSD17B12	AR	other	0.21592254226561636	False	0.5340977670488836	0.0008809845001789499	3314	36323	0.23285416548606008	False	0.5101116812556595	0.0008809845001789499	3313	36323	-0.016931623220443726	False	False
ICAM1	ITGAL	other	0.5454638972878456	True	0.1388050694025347	0.4833851829419376	3314	36323	0.5760199278593063	True	0.1964986417144582	0.4833851829419376	3313	36323	-0.030556030571460724	True	True
ICAM1	ITGAL+ITGB2	other	0.5454638972878456	True	0.1388050694025347	0.4833851829419376	3314	36323	0.5760199278593063	True	0.1964986417144582	0.4833851829419376	3313	36323	-0.030556030571460724	True	True
ICAM1	ITGAM+ITGB2	other	0.08164742775261402	False	0.1388050694025347	0.023841643036092833	3314	36323	0.11220345832407475	False	0.1964986417144582	0.023841643036092833	3313	36323	-0.030556030571460724	False	False
ICAM1	ITGAX+ITGB2	other	0.08493158034980297	False	0.1388050694025347	0.02769595022437574	3314	36323	0.1154876109212637	False	0.1964986417144582	0.02769595022437574	3313	36323	-0.030556030571460724	False	False
ICAM1	SPN	other	0.4712592735886574	True	0.1388050694025347	0.41805467610054237	3314	36323	0.5018153041601181	True	0.1964986417144582	0.41805467610054237	3313	36323	-0.030556030571460724	True	True
ICAM2	CD209	other	0.010323094786144793	False	0.029269764634882317	0.0005506153126118437	3314	36323	0.01884435268584639	False	0.056444310292785994	0.0005506153126118437	3313	36323	-0.008521257899701595	False	False
ICAM2	ITGAL+ITGB2	other	0.4948464808985591	False	0.029269764634882317	0.4833851829419376	3314	36323	0.5033677387982607	False	0.056444310292785994	0.4833851829419376	3313	36323	-0.008521257899701595	False	False
ICAM3	CD209	other	0.008690854185260832	False	0.038322269161134584	0.0005506153126118437	3314	36323	0.016792252310551703	False	0.05825535768185934	0.0005506153126118437	3313	36323	-0.00810139812529087	False	False
ICAM3	ITGAD+ITGB2	other	0.009096707683056593	False	0.038322269161134584	0.0009911075627013187	3314	36323	0.017198105808347464	False	0.05825535768185934	0.0009911075627013187	3313	36323	-0.00810139812529087	False	False
ICAM3	ITGAL+ITGB2	other	0.49321424029767513	False	0.038322269161134584	0.4833851829419376	3314	36323	0.501315638422966	False	0.05825535768185934	0.4833851829419376	3313	36323	-0.00810139812529087	False	False
ICAM4	ITGAL+ITGB2	other	0.4884994369931519	False	0.009957754978877489	0.4833851829419376	3314	36323	0.486863064696081	False	0.006640507093268941	0.4833851829419376	3313	36323	0.0016363722970709205	False	False
ICOSLG	ICOS	other	0.23815229814499617	False	0.015992757996378996	0.23029485449990364	3314	36323	0.23788350075483322	False	0.015997585270147902	0.23029485449990364	3313	36323	0.0002687973901629448	False	False
IGF1	GPC3+IGF1R	other	0.005450247088447213	False	0.008750754375377187	0.003936899485174682	3314	36323	0.007526218658313155	False	0.017506791427709025	0.003936899485174682	3313	36323	-0.002075971569865942	False	False
IGF1	IGF1R	other	0.008233549538999796	False	0.008750754375377187	0.007323183657737522	3314	36323	0.010309521108865738	False	0.017506791427709025	0.007323183657737522	3313	36323	-0.002075971569865942	False	False
IGF1	ITGA6+ITGB4	other	0.005150836193934083	False	0.008750754375377187	0.0038818379539134985	3314	36323	0.007226807763800025	False	0.017506791427709025	0.0038818379539134985	3313	36323	-0.002075971569865942	False	False
IGF2	IGF1R	other	0.008060124702751637	False	0.008147254073627036	0.007323183657737522	3314	36323	0.00807613367214799	False	0.008753395713854513	0.007323183657737522	3313	36323	-1.6008969396352768e-05	False	False
IGF2	IGF2R	other	0.17130621103569865	False	0.008147254073627036	0.18828290614761997	3314	36323	0.171322220005095	False	0.008753395713854513	0.18828290614761997	3313	36323	-1.6008969396352768e-05	False	False
IGFBP3	TMEM219	other	0.40357622504234314	True	0.3243814121907061	0.15810918701649093	3314	36323	0.5477760136127472	True	0.4210685179595533	0.15810918701649093	3313	36323	-0.14419978857040405	True	True
IGFL2	IGFLR1	other	0.04485857835970819	False	0.006035003017501509	0.050711670291550805	3314	36323	0.04358437308110297	False	0.004829459704195593	0.050711670291550805	3313	36323	0.0012742052786052227	False	False
IL11	IL11RA+IL6ST	other	0.049270798452198505	False	0.049487024743512374	0.04077306389890703	3314	36323	0.051446832716464996	False	0.05372773920917597	0.04077306389890703	3313	36323	-0.002176034264266491	False	False
IL12A+IL12B	IL12RB1+IL12RB2	other	0.02461842406046344	False	0.00030175015087507544	0.03075186520937147	3314	36323	0.024726470132009126	False	0.0009055236945366737	0.03075186520937147	3313	36323	-0.00010804607154568657	False	False
IL12B+IL23A	IL12RB1+IL23R	other	0.0023535395084763877	False	0.00030175015087507544	0.0028907303912121796	3314	36323	0.0024615855800220743	False	0.0009055236945366737	0.0028907303912121796	3313	36323	-0.00010804607154568657	False	False
IL13	IL13RA1+IL4R	other	0.005924094875808805	False	0.0009052504526252263	0.007736145142196405	3314	36323	0.005746170863858424	False	0.0009055236945366737	0.007736145142196405	3313	36323	0.0001779240119503811	False	False
IL15	IL15RA+IL2RB	other	0.0384021382778883	False	0.04073627036813519	0.03548715689783333	3314	36323	0.04314808268100023	False	0.05946272260790824	0.03548715689783333	3313	36323	-0.004745944403111935	False	False
IL17C	IL17RA+IL17RE	other	0.006695365533232689	False	0.008449004224502113	0.003964430250805275	3314	36323	0.006582549773156643	False	0.01056444310292786	0.003964430250805275	3313	36323	0.00011281576007604599	False	False
IL18	IL18R1+IL18RAP	other	0.16358501464128494	False	0.3243814121907061	0.05065660876028962	3314	36323	0.1544075682759285	False	0.2677331723513432	0.05065660876028962	3313	36323	0.009177446365356445	False	False
IL19	IL20RA+IL20RB	other	0.0009701828093966469	False	0.0012070006035003018	0.0010461690939625031	3314	36323	0.0011672711989376694	False	0.0009055236945366737	0.0010461690939625031	3313	36323	-0.00019708838954102248	False	False
IL1A	IL1R1+IL1RAP	other	0.03746308386325836	False	0.07724803862401931	0.013104644440161881	3314	36323	0.02600896079093218	False	0.03863567763356474	0.013104644440161881	3313	36323	0.011454123072326183	False	False
IL1A	IL1R2+IL1RAP	other	0.03746308386325836	False	0.07724803862401931	0.013104644440161881	3314	36323	0.02600896079093218	False	0.03863567763356474	0.013104644440161881	3313	36323	0.011454123072326183	False	False
IL1B	IL1R1+IL1RAP	other	0.03266642428934574	False	0.06668678334339168	0.013104644440161881	3314	36323	0.0358370877802372	False	0.053124056746151525	0.013104644440161881	3313	36323	-0.0031706634908914566	False	False
IL1B	IL1R2+IL1RAP	other	0.03266642428934574	False	0.06668678334339168	0.013104644440161881	3314	36323	0.0358370877802372	False	0.053124056746151525	0.013104644440161881	3313	36323	-0.0031706634908914566	False	False
IL1RAP	PTPRF	other	0.07373524270951748	False	0.2051901025950513	0.01360019822151254	3314	36323	0.059595027938485146	False	0.16057953516450346	0.01360019822151254	3313	36323	0.014140214771032333	False	False
IL1RN	IL1R1+IL1RAP	other	0.2529067490249872	False	0.42184671092335546	0.013104644440161881	3314	36323	0.0970876906067133	False	0.20585571989133716	0.013104644440161881	3313	36323	0.15581905841827393	False	False
IL1RN	IL1R2+IL1RAP	other	0.2529067490249872	False	0.42184671092335546	0.013104644440161881	3314	36323	0.0970876906067133	False	0.20585571989133716	0.013104644440161881	3313	36323	0.15581905841827393	False	False
IL21	IL21R+IL2RG	other	0.11135566979646683	False	0.0	0.13088125980783524	3314	36323	0.11202591500477865	False	0.0012073649260488982	0.13088125980783524	3313	36323	-0.000670245208311826	False	False
IL24	IL20RA+IL20RB	other	0.0007426374941132963	False	0.0	0.0010461690939625031	3314	36323	0.000766119266700116	False	0.00030184123151222455	0.0010461690939625031	3313	36323	-2.3481772586819716e-05	False	False
IL33	IL1RAP+IL1RL1	other	0.005493539851158857	False	0.007543753771876886	0.0022575227817085595	3314	36323	0.005363941192626953	False	0.007546030787805615	0.0022575227817085595	3313	36323	0.00012959865853190422	False	False
IL34	CSF1R	other	0.006844850606285036	False	0.002112251056125528	0.007818737439088182	3314	36323	0.00686262670205906	False	0.0024147298520977964	0.007818737439088182	3313	36323	-1.7776095774024725e-05	False	False
IL36G	IL1RAP+IL1RL2	other	0.0147065510682296	False	0.02625226312613156	0.0007157999063953968	3314	36323	0.0017129417683463544	False	0.003622094778146695	0.0007157999063953968	3313	36323	0.012993609299883246	False	False
IL6	IL6R+IL6ST	other	0.13357611373066902	False	0.04164152082076041	0.11863006910222174	3314	36323	0.15611706674098969	False	0.08330817989737398	0.11863006910222174	3313	36323	-0.022540953010320663	False	False
IL7	IL2RG+IL7R	other	0.6408018097281456	False	0.018105009052504527	0.4228174985546348	3314	36323	0.6443018838763237	False	0.04074856625415032	0.4228174985546348	3313	36323	-0.0035000741481781006	False	False
INHA	ACVR1+ACVR2A	other	0.021619864739477634	False	0.02383826191913096	0.01635327478457176	3314	36323	0.026985601522028446	False	0.03984304255961364	0.01635327478457176	3313	36323	-0.005365736782550812	False	False
INHA	ACVR1+ACVR2B	other	0.016036993823945522	False	0.02383826191913096	0.01032403711147207	3314	36323	0.021402730606496334	False	0.03984304255961364	0.01032403711147207	3313	36323	-0.005365736782550812	False	False
INHA	ACVR1B+ACVR2A	other	0.021619864739477634	False	0.02383826191913096	0.01635327478457176	3314	36323	0.026985601522028446	False	0.03984304255961364	0.01635327478457176	3313	36323	-0.005365736782550812	False	False
INHA	ACVR1B+ACVR2B	other	0.016036993823945522	False	0.02383826191913096	0.01032403711147207	3314	36323	0.021402730606496334	False	0.03984304255961364	0.01032403711147207	3313	36323	-0.005365736782550812	False	False
INHA	ACVR1C+ACVR2A	other	0.012753768358379602	False	0.02383826191913096	0.006139360735622058	3314	36323	0.018119505140930414	False	0.03984304255961364	0.006139360735622058	3313	36323	-0.005365736782550812	False	False
INHA	ACVR1C+ACVR2B	other	0.012753768358379602	False	0.02383826191913096	0.006139360735622058	3314	36323	0.018119505140930414	False	0.03984304255961364	0.006139360735622058	3313	36323	-0.005365736782550812	False	False
INHA+INHBA	ACVR1+ACVR2A	other	0.017017790116369724	False	0.00724200362100181	0.01635327478457176	3314	36323	0.019000887405127287	False	0.009658919408391186	0.01635327478457176	3313	36323	-0.0019830972887575626	False	False
INHA+INHBA	ACVR1+ACVR2B	other	0.011434919200837612	False	0.00724200362100181	0.01032403711147207	3314	36323	0.013418016489595175	False	0.009658919408391186	0.01032403711147207	3313	36323	-0.0019830972887575626	False	False
INHA+INHBA	ACVR1B+ACVR2A	other	0.017017790116369724	False	0.00724200362100181	0.01635327478457176	3314	36323	0.019000887405127287	False	0.009658919408391186	0.01635327478457176	3313	36323	-0.0019830972887575626	False	False
INHA+INHBA	ACVR1B+ACVR2B	other	0.011434919200837612	False	0.00724200362100181	0.01032403711147207	3314	36323	0.013418016489595175	False	0.009658919408391186	0.01032403711147207	3313	36323	-0.0019830972887575626	False	False
INHA+INHBA	ACVR1C+ACVR2A	other	0.008151693735271692	False	0.00724200362100181	0.006139360735622058	3314	36323	0.010134791024029255	False	0.009658919408391186	0.006139360735622058	3313	36323	-0.0019830972887575626	False	False
INHA+INHBA	ACVR1C+ACVR2B	other	0.008151693735271692	False	0.00724200362100181	0.006139360735622058	3314	36323	0.010134791024029255	False	0.009658919408391186	0.006139360735622058	3313	36323	-0.0019830972887575626	False	False
INHA+INHBB	ACVR1+ACVR2A	other	0.021619864739477634	False	0.02383826191913096	0.01635327478457176	3314	36323	0.026985601522028446	False	0.03984304255961364	0.01635327478457176	3313	36323	-0.005365736782550812	False	False
INHA+INHBB	ACVR1+ACVR2B	other	0.016036993823945522	False	0.02383826191913096	0.01032403711147207	3314	36323	0.021402730606496334	False	0.03984304255961364	0.01032403711147207	3313	36323	-0.005365736782550812	False	False
INHA+INHBB	ACVR1B+ACVR2A	other	0.021619864739477634	False	0.02383826191913096	0.01635327478457176	3314	36323	0.026985601522028446	False	0.03984304255961364	0.01635327478457176	3313	36323	-0.005365736782550812	False	False
INHA+INHBB	ACVR1B+ACVR2B	other	0.016036993823945522	False	0.02383826191913096	0.01032403711147207	3314	36323	0.021402730606496334	False	0.03984304255961364	0.01032403711147207	3313	36323	-0.005365736782550812	False	False
INHA+INHBB	ACVR1C+ACVR2A	other	0.012753768358379602	False	0.02383826191913096	0.006139360735622058	3314	36323	0.018119505140930414	False	0.03984304255961364	0.006139360735622058	3313	36323	-0.005365736782550812	False	False
INHA+INHBB	ACVR1C+ACVR2B	other	0.012753768358379602	False	0.02383826191913096	0.006139360735622058	3314	36323	0.018119505140930414	False	0.03984304255961364	0.006139360735622058	3313	36323	-0.005365736782550812	False	False
INHBA+INHBB	ACVR1+ACVR2A	other	0.017017790116369724	False	0.00724200362100181	0.01635327478457176	3314	36323	0.019000887405127287	False	0.009658919408391186	0.01635327478457176	3313	36323	-0.0019830972887575626	False	False
INHBA+INHBB	ACVR1+ACVR2B	other	0.011434919200837612	False	0.00724200362100181	0.01032403711147207	3314	36323	0.013418016489595175	False	0.009658919408391186	0.01032403711147207	3313	36323	-0.0019830972887575626	False	False
INHBA+INHBB	ACVR1B+ACVR2A	other	0.017017790116369724	False	0.00724200362100181	0.01635327478457176	3314	36323	0.019000887405127287	False	0.009658919408391186	0.01635327478457176	3313	36323	-0.0019830972887575626	False	False
INHBA+INHBB	ACVR1B+ACVR2B	other	0.011434919200837612	False	0.00724200362100181	0.01032403711147207	3314	36323	0.013418016489595175	False	0.009658919408391186	0.01032403711147207	3313	36323	-0.0019830972887575626	False	False
INHBA+INHBB	ACVR1C+ACVR2A	other	0.008151693735271692	False	0.00724200362100181	0.006139360735622058	3314	36323	0.010134791024029255	False	0.009658919408391186	0.006139360735622058	3313	36323	-0.0019830972887575626	False	False
INHBA+INHBB	ACVR1C+ACVR2B	other	0.008151693735271692	False	0.00724200362100181	0.006139360735622058	3314	36323	0.010134791024029255	False	0.009658919408391186	0.006139360735622058	3313	36323	-0.0019830972887575626	False	False
ITGAV+ITGB1	ADGRE2	other	0.11698634107597172	False	0.3427881713940857	0.0028907303912121796	3314	36323	0.10764570464380085	False	0.3205553878659825	0.0028907303912121796	3313	36323	0.009340636432170868	False	False
ITGAV+ITGB1	ADGRE5	other	0.44760753214359283	True	0.3427881713940857	0.34509814717947307	3314	36323	0.43826689571142197	True	0.3205553878659825	0.34509814717947307	3313	36323	0.009340636432170868	True	True
ITGAV+ITGB5	ADGRB1	other	0.11579578852979466	False	0.3427881713940857	0.0010461690939625031	3314	36323	0.1064551520976238	False	0.3205553878659825	0.0010461690939625031	3313	36323	0.009340636432170868	False	False
JAG1	CD46	other	0.5236506015062332	True	0.6466505733252866	0.1994328662280098	3314	36323	0.42484988272190094	True	0.4669483851494114	0.1994328662280098	3313	36323	0.09880071878433228	True	True
JAG1	NOTCH1	other	0.42898351699113846	False	0.6466505733252866	0.09960631005148253	3314	36323	0.3301827982068062	False	0.4669483851494114	0.09960631005148253	3313	36323	0.09880071878433228	False	False
JAG1	NOTCH2	other	0.3926483206450939	False	0.6466505733252866	0.055722269636318586	3314	36323	0.29384760186076164	False	0.4669483851494114	0.055722269636318586	3313	36323	0.09880071878433228	False	False
JAG1	NOTCH3	other	0.3531639347784221	False	0.6466505733252866	0.007598491314043444	3314	36323	0.25436321599408984	False	0.4669483851494114	0.007598491314043444	3313	36323	0.09880071878433228	False	False
JAG1	NOTCH4	other	0.3491707919165492	False	0.6466505733252866	0.0026980150317980345	3314	36323	0.25037007313221693	False	0.4669483851494114	0.0026980150317980345	3313	36323	0.09880071878433228	False	False
JAG1	VASN	other	0.3480172173003666	False	0.6466505733252866	0.001183822922115464	3314	36323	0.24921649851603433	False	0.4669483851494114	0.001183822922115464	3313	36323	0.09880071878433228	False	False
JAG2	NOTCH1	other	0.13101278245449066	False	0.16173808086904043	0.09960631005148253	3314	36323	0.15192103385925293	False	0.2064594023543616	0.09960631005148253	3313	36323	-0.020908251404762268	False	False
JAG2	NOTCH2	other	0.09467758610844612	False	0.16173808086904043	0.055722269636318586	3314	36323	0.11558583751320839	False	0.2064594023543616	0.055722269636318586	3313	36323	-0.020908251404762268	False	False
JAG2	NOTCH3	other	0.05519320024177432	False	0.16173808086904043	0.007598491314043444	3314	36323	0.07610145164653659	False	0.2064594023543616	0.007598491314043444	3313	36323	-0.020908251404762268	False	False
JAG2	NOTCH4	other	0.05120005737990141	False	0.16173808086904043	0.0026980150317980345	3314	36323	0.07210830878466368	False	0.2064594023543616	0.0026980150317980345	3313	36323	-0.020908251404762268	False	False
JAG2	VASN	other	0.050046482763718814	False	0.16173808086904043	0.001183822922115464	3314	36323	0.07095473416848108	False	0.2064594023543616	0.001183822922115464	3313	36323	-0.020908251404762268	False	False
JAM2	ITGA4+ITGB1	other	0.2472663294756785	False	0.0033192516596258297	0.265782011397737	3314	36323	0.24726173823000863	False	0.003622094778146695	0.265782011397737	3313	36323	4.591245669871569e-06	False	False
JAM2	JAM3	other	0.005274443072266877	False	0.0033192516596258297	0.005093191641659555	3314	36323	0.005269851826597005	False	0.003622094778146695	0.005093191641659555	3313	36323	4.591245669871569e-06	False	False
JAM3	ITGAM+ITGB2	other	0.02199776010820642	False	0.002715751357875679	0.023841643036092833	3314	36323	0.02138340615783818	False	0.001509206157561123	0.023841643036092833	3313	36323	0.0006143539503682405	False	False
JAM3	JAM3	other	0.005160979519132525	False	0.002715751357875679	0.005093191641659555	3314	36323	0.004546625568764284	False	0.001509206157561123	0.005093191641659555	3313	36323	0.0006143539503682405	False	False
KITLG	KIT	other	0.047748161014169455	False	0.1587205793602897	0.0016518459378355311	3314	36323	0.04160799225792289	False	0.13462118925445216	0.0016518459378355311	3313	36323	0.006140168756246567	False	False
KLRB1	CLEC2D	other	0.43740096339024603	False	0.004224502112251056	0.4357294276353825	3314	36323	0.4384691995801404	False	0.00392393600965892	0.4357294276353825	3313	36323	-0.0010682361898943782	False	False
KNG1	BDKRB2	other	0.000581282380153425	False	0.002112251056125528	0.00022024612504473748	3314	36323	0.0007362469186773524	False	0.003018412315122246	0.00022024612504473748	3313	36323	-0.00015496453852392733	False	False
L1CAM	EZR+L1CAM	other	0.017622928600758314	False	0.015992757996378996	0.014178344299754977	3314	36323	0.026222698390483856	False	0.036824630244491396	0.014178344299754977	3313	36323	-0.008599769789725542	False	False
L1CAM	ITGA5+ITGB1	other	0.07414407702162862	False	0.015992757996378996	0.0771962668281805	3314	36323	0.08274384681135416	False	0.036824630244491396	0.0771962668281805	3313	36323	-0.008599769789725542	False	False
L1CAM	ITGA9+ITGB1	other	0.007467522518709302	False	0.015992757996378996	0.003248630344409878	3314	36323	0.016067292308434844	False	0.036824630244491396	0.003248630344409878	3313	36323	-0.008599769789725542	False	False
L1CAM	ITGAV+ITGB1	other	0.028019184712320566	False	0.015992757996378996	0.027916196349420476	3314	36323	0.03661895450204611	False	0.036824630244491396	0.027916196349420476	3313	36323	-0.008599769789725542	False	False
L1CAM	L1CAM	other	0.017622928600758314	False	0.015992757996378996	0.014178344299754977	3314	36323	0.026222698390483856	False	0.036824630244491396	0.014178344299754977	3313	36323	-0.008599769789725542	False	False
LAIR1	LILRB4	other	0.010668912436813116	False	0.012673506336753168	0.008754783470528315	3314	36323	0.009926646016538143	False	0.00996076063990341	0.008754783470528315	3313	36323	0.0007422664202749729	False	False
LAMA2	ADGRG6	other	0.003766551031731069	False	0.010863005431502716	0.0012388844533766485	3314	36323	0.002522895811125636	False	0.006036824630244492	0.0012388844533766485	3313	36323	0.001243655220605433	False	False
LAMA3	ITGA3+ITGB1	other	0.11762575712054968	False	0.26584188292094146	0.013297359799576027	3314	36323	0.1637094235047698	False	0.3290069423483248	0.013297359799576027	3313	36323	-0.04608366638422012	False	False
LAMC1	ITGA2+ITGB1	other	0.1211918406188488	False	0.30175015087507545	0.027640888693114554	3314	36323	0.15122834965586662	False	0.3658315725928162	0.027640888693114554	3313	36323	-0.030036509037017822	False	False
LAMC1	ITGA6+ITGB1	other	0.15103678405284882	False	0.30175015087507545	0.05652066183960576	3314	36323	0.18107329308986664	False	0.3658315725928162	0.05652066183960576	3313	36323	-0.030036509037017822	False	False
LAMC1	ITGA7+ITGB1	other	0.1039063697680831	False	0.30175015087507545	0.005808991548054952	3314	36323	0.13394287880510092	False	0.3658315725928162	0.005808991548054952	3313	36323	-0.030036509037017822	False	False
LCN2	SLC22A17	other	0.35016785841435194	False	0.45745322872661437	0.006524791454450348	3314	36323	0.22170797269791365	False	0.32840325988530034	0.006524791454450348	3313	36323	0.1284598857164383	False	False
LGALS3	MERTK	other	0.7081791886594146	False	0.8433916716958358	0.003826776422652314	3314	36323	0.5794048437383026	False	0.7536975550860248	0.003826776422652314	3313	36323	0.12877434492111206	False	False
LGALS9	BCR+CD22+PTPRC	other	0.12221438344568014	False	0.32709716354858176	0.002918261156842772	3314	36323	0.12291644420474768	False	0.3033504376697857	0.002918261156842772	3313	36323	-0.0007020607590675354	False	False
LGALS9	HAVCR2	other	0.31100793182849884	True	0.32709716354858176	0.19643201277427524	3314	36323	0.3117099925875664	True	0.3033504376697857	0.19643201277427524	3313	36323	-0.0007020607590675354	True	True
LGALS9	P4HB	other	0.32042747735977173	True	0.32709716354858176	0.23004707760922832	3314	36323	0.32112953811883926	True	0.3033504376697857	0.23004707760922832	3313	36323	-0.0007020607590675354	True	True
LIF	IL6ST+LIFR	other	0.01908267242833972	False	0.05612552806276403	0.0008809845001789499	3314	36323	0.02834395645186305	False	0.08813763960156958	0.0008809845001789499	3313	36323	-0.00926128402352333	False	False
LIPA	RORA	other	0.39389511942863464	True	0.3298129149064575	0.2879167469647331	3314	36323	0.40605276077985764	True	0.34772109870208273	0.2879167469647331	3313	36323	-0.012157641351222992	True	True
LIPA	RORC	other	0.11203401535749435	False	0.3298129149064575	0.006194422266883242	3314	36323	0.12419165670871735	False	0.34772109870208273	0.006194422266883242	3313	36323	-0.012157641351222992	False	False
LPAR1	ADGRE5	other	0.3878975212574005	True	0.19221484610742307	0.34509814717947307	3314	36323	0.382411390542984	True	0.17114397826743133	0.34509814717947307	3313	36323	0.005486130714416504	True	True
LPAR2	ADGRE5	other	0.3862227834761143	True	0.1928183464091732	0.34509814717947307	3314	36323	0.38512738049030304	True	0.20072441895562934	0.34509814717947307	3313	36323	0.0010954029858112335	True	True
LPAR3	ADGRE5	other	0.37451571226119995	True	0.14423657211828605	0.34509814717947307	3314	36323	0.3719860874116421	True	0.13613039541201327	0.34509814717947307	3313	36323	0.0025296248495578766	True	True
LRFN4	PTPRD	other	0.05809388350462541	False	0.1991550995775498	0.0012113536877460562	3314	36323	0.06337120797252283	False	0.21611832176275278	0.0012113536877460562	3313	36323	-0.005277324467897415	False	False
LRFN4	PTPRF	other	0.06907312385737896	False	0.1991550995775498	0.01360019822151254	3314	36323	0.07435044832527637	False	0.21611832176275278	0.01360019822151254	3313	36323	-0.005277324467897415	False	False
LRFN4	PTPRS	other	0.05780944711295888	False	0.1991550995775498	0.0006882691407648047	3314	36323	0.0630867715808563	False	0.21611832176275278	0.0006882691407648047	3313	36323	-0.005277324467897415	False	False
LRFN5	PTPRD	other	0.0009389118422404863	False	0.0006035003017501509	0.0012113536877460562	3314	36323	0.0008555394015274942	False	0.0	0.0012113536877460562	3313	36323	8.33724407129921e-05	False	False
LRFN5	PTPRF	other	0.011918152194994036	False	0.0006035003017501509	0.01360019822151254	3314	36323	0.011834779754281044	False	0.0	0.01360019822151254	3313	36323	8.33724407129921e-05	False	False
LRFN5	PTPRS	other	0.0006544754505739547	False	0.0006035003017501509	0.0006882691407648047	3314	36323	0.0005711030098609626	False	0.0	0.0006882691407648047	3313	36323	8.33724407129921e-05	False	False
LRPAP1	SORT1	other	0.10953191411681473	False	0.3370549185274593	0.004459984032155934	3314	36323	0.11557093006558716	False	0.33685481436764264	0.004459984032155934	3313	36323	-0.00603901594877243	False	False
LRRC4B	PTPRD	other	0.006764959485735744	False	0.02444176222088111	0.0012113536877460562	3314	36323	0.004762533062603325	False	0.015997585270147902	0.0012113536877460562	3313	36323	0.0020024264231324196	False	False
LRRC4B	PTPRF	other	0.017744199838489294	False	0.02444176222088111	0.01360019822151254	3314	36323	0.015741773415356874	False	0.015997585270147902	0.01360019822151254	3313	36323	0.0020024264231324196	False	False
LRRC4B	PTPRS	other	0.006480523094069213	False	0.02444176222088111	0.0006882691407648047	3314	36323	0.004478096670936793	False	0.015997585270147902	0.0006882691407648047	3313	36323	0.0020024264231324196	False	False
LRRC4C	PTPRF	other	0.012214398826472461	False	0.002112251056125528	0.01360019822151254	3314	36323	0.011956731286772992	False	0.0009055236945366737	0.01360019822151254	3313	36323	0.00025766753969946876	False	False
LRRTM1	NRXN1	other	0.002693195070605725	False	0.009052504526252263	0.0007433306720259891	3314	36323	0.0028733114595524967	False	0.012073649260488983	0.0007433306720259891	3313	36323	-0.00018011638894677162	False	False
LRRTM1	NRXN2	other	0.0032738037407398224	False	0.009052504526252263	0.001459130578421386	3314	36323	0.003453920129686594	False	0.012073649260488983	0.001459130578421386	3313	36323	-0.00018011638894677162	False	False
LRRTM1	NRXN3	other	0.0026564091676846147	False	0.009052504526252263	0.0006607383751342124	3314	36323	0.0028365255566313863	False	0.012073649260488983	0.0006607383751342124	3313	36323	-0.00018011638894677162	False	False
LRRTM2	NRXN1	other	0.0012640307541005313	False	0.0030175015087507543	0.0007433306720259891	3314	36323	0.002196767774876207	False	0.008149713250830063	0.0007433306720259891	3313	36323	-0.0009327370207756758	False	False
LRRTM2	NRXN2	other	0.0018446394242346287	False	0.0030175015087507543	0.001459130578421386	3314	36323	0.0027773764450103045	False	0.008149713250830063	0.001459130578421386	3313	36323	-0.0009327370207756758	False	False
LRRTM2	NRXN3	other	0.001227244851179421	False	0.0030175015087507543	0.0006607383751342124	3314	36323	0.0021599818719550967	False	0.008149713250830063	0.0006607383751342124	3313	36323	-0.0009327370207756758	False	False
LTA	TNFRSF14	other	0.08909206598764285	False	0.0018105009052504525	0.10425900944305261	3314	36323	0.08943055488634855	False	0.0027165710836100213	0.10425900944305261	3313	36323	-0.0003384888987056911	False	False
LTA	TNFRSF1A	other	0.060585474071558565	False	0.0018105009052504525	0.07196542135836798	3314	36323	0.060923962970264256	False	0.0027165710836100213	0.07196542135836798	3313	36323	-0.0003384888987056911	False	False
LTA	TNFRSF1B	other	0.3952185934758745	False	0.0018105009052504525	0.3964705558461581	3314	36323	0.3955570823745802	False	0.0027165710836100213	0.3964705558461581	3313	36323	-0.0003384888987056911	False	False
LTA4H	LTB4R	other	0.20590606145560741	False	0.45775497887748945	0.027916196349420476	3314	36323	0.2655021380633116	False	0.5061877452460006	0.027916196349420476	3313	36323	-0.05959607660770416	False	False
LTA4H	LTB4R2	other	0.1831973074004054	False	0.45775497887748945	0.001018638328331911	3314	36323	0.24279338400810957	False	0.5061877452460006	0.001018638328331911	3313	36323	-0.05959607660770416	False	False
LTB	LTBR	other	0.021933565381914377	False	0.02896801448400724	0.009277868017509567	3314	36323	0.03551768744364381	False	0.050709326894053726	0.009277868017509567	3313	36323	-0.013584122061729431	False	False
LTC4S	CYSLTR1	other	0.03815090749412775	False	0.0051297525648762825	0.04140627150841065	3314	36323	0.03775199706433341	False	0.00392393600965892	0.04140627150841065	3313	36323	0.0003989104297943413	False	False
LTC4S	CYSLTR2	other	0.010398627258837223	False	0.0051297525648762825	0.011149960080389836	3314	36323	0.009999716829042882	False	0.00392393600965892	0.011149960080389836	3313	36323	0.0003989104297943413	False	False
MADCAM1	ITGA4+ITGB7	other	0.18409134075045586	False	0.004526252263126132	0.20342482724444566	3314	36323	0.18255966081051156	False	0.0027165710836100213	0.20342482724444566	3313	36323	0.001531679939944297	False	False
MDK	PTPRZ1	other	0.5416120691224933	False	0.7851538925769463	0.003221099578779286	3314	36323	0.40815485548228025	False	0.6033806217929369	0.003221099578779286	3313	36323	0.133457213640213	False	False
MPZL1	MPZL1	other	0.1796076651662588	False	0.4405552202776101	0.01461883654984445	3314	36323	0.20330036245286465	False	0.46000603682463026	0.01461883654984445	3313	36323	-0.023692697286605835	False	False
MST1	MST1R	other	0.005102446681121364	False	0.019613759806879905	0.0004955537813506593	3314	36323	0.005128674121806398	False	0.02112888620585572	0.0004955537813506593	3313	36323	-2.6227440685033798e-05	False	False
MT-RNR2	FPR2	other	2.674519467866048	False	0.9978877489438744	0.0017069074690967156	3314	36323	2.5567428355570883	False	0.9930576516752189	0.0017069074690967156	3313	36323	0.11777663230895996	False	False
MT-RNR2	FPR3	other	2.6765797254629433	False	0.9978877489438744	0.004790353219723041	3314	36323	2.5588030931539834	False	0.9930576516752189	0.004790353219723041	3313	36323	0.11777663230895996	False	False
NCAM1	AGRN	other	0.005269192508421838	False	0.002715751357875679	0.006084299204360873	3314	36323	0.00596674345433712	False	0.005433142167220043	0.006084299204360873	3313	36323	-0.0006975509459152818	False	False
NCAM1	FGFR1	other	0.015693803201429546	False	0.002715751357875679	0.018418082206866172	3314	36323	0.016391354147344828	False	0.005433142167220043	0.018418082206866172	3313	36323	-0.0006975509459152818	False	False
NCR3LG1	NCR3	other	0.031001341994851828	False	0.01448400724200362	0.03210087272527049	3314	36323	0.03138778358697891	False	0.016299426501660125	0.03210087272527049	3313	36323	-0.00038644159212708473	False	False
NDP	FZD4+LRP5	other	0.0007245917804539204	False	0.0012070006035003018	0.0004129614844588828	3314	36323	0.0005084349104436114	False	0.00030184123151222455	0.0004129614844588828	3313	36323	0.00021615687001030892	False	False
NECTIN1	CADM3	other	0.34971678821602836	False	0.668376584188292	0.0004955537813506593	3314	36323	0.22107260493794456	False	0.4560821008149713	0.0004955537813506593	3313	36323	0.1286441832780838	False	False
NECTIN1	NECTIN3	other	0.37180250883102417	False	0.668376584188292	0.028163973240095806	3314	36323	0.24315832555294037	False	0.4560821008149713	0.028163973240095806	3313	36323	0.1286441832780838	False	False
NECTIN1	NECTIN4	other	0.3525849871803075	False	0.668376584188292	0.003854307188282906	3314	36323	0.2239408039022237	False	0.4560821008149713	0.003854307188282906	3313	36323	0.1286441832780838	False	False
NECTIN2	NECTIN3	other	0.23734258115291595	False	0.5105612552806277	0.028163973240095806	3314	36323	0.19221965968608856	False	0.4162390582553577	0.028163973240095806	3313	36323	0.04512292146682739	False	False
NECTIN2	TIGIT	other	0.7031529396772385	True	0.5105612552806277	0.44195138066789635	3314	36323	0.6580300182104111	True	0.4162390582553577	0.44195138066789635	3313	36323	0.04512292146682739	True	True
NECTIN3	PVR	other	0.012643805239349604	False	0.036511768255884126	0.0045425763290477105	3314	36323	0.015789141412824392	False	0.05463326290371265	0.0045425763290477105	3313	36323	-0.0031453361734747887	False	False
NECTIN3	TIGIT	other	0.49775239266455173	False	0.036511768255884126	0.44195138066789635	3314	36323	0.5008977288380265	False	0.05463326290371265	0.44195138066789635	3313	36323	-0.0031453361734747887	False	False
NELL2	ROBO3	other	0.01636864081956446	False	0.055220277610138806	0.002670484266167442	3314	36323	0.01244706497527659	False	0.03984304255961364	0.002670484266167442	3313	36323	0.003921575844287872	False	False
NLGN1	NRXN1	other	0.008377054880838841	False	0.030778515389257695	0.0007433306720259891	3314	36323	0.00799621333135292	False	0.026863869604587986	0.0007433306720259891	3313	36323	0.00038084154948592186	False	False
NLGN1	NRXN2	other	0.008957663550972939	False	0.030778515389257695	0.001459130578421386	3314	36323	0.008576822001487017	False	0.026863869604587986	0.001459130578421386	3313	36323	0.00038084154948592186	False	False
NLGN1	NRXN3	other	0.00834026897791773	False	0.030778515389257695	0.0006607383751342124	3314	36323	0.007959427428431809	False	0.026863869604587986	0.0006607383751342124	3313	36323	0.00038084154948592186	False	False
NLGN2	NRXN1	other	0.038462256256025285	False	0.14031382015691007	0.0007433306720259891	3314	36323	0.03528749308316037	False	0.1288862058557199	0.0007433306720259891	3313	36323	0.003174763172864914	False	False
NLGN2	NRXN2	other	0.03904286492615938	False	0.14031382015691007	0.001459130578421386	3314	36323	0.03586810175329447	False	0.1288862058557199	0.001459130578421386	3313	36323	0.003174763172864914	False	False
NLGN2	NRXN3	other	0.038425470353104174	False	0.14031382015691007	0.0006607383751342124	3314	36323	0.03525070718023926	False	0.1288862058557199	0.0006607383751342124	3313	36323	0.003174763172864914	False	False
NLGN3	NRXN1	other	0.0025360064464621246	False	0.007543753771876886	0.0007433306720259891	3314	36323	0.001088618766516447	False	0.003622094778146695	0.0007433306720259891	3313	36323	0.0014473876799456775	False	False
NLGN3	NRXN2	other	0.003116615116596222	False	0.007543753771876886	0.001459130578421386	3314	36323	0.0016692274366505444	False	0.003622094778146695	0.001459130578421386	3313	36323	0.0014473876799456775	False	False
NLGN3	NRXN3	other	0.002499220543541014	False	0.007543753771876886	0.0006607383751342124	3314	36323	0.0010518328635953367	False	0.003622094778146695	0.0006607383751342124	3313	36323	0.0014473876799456775	False	False
NLGN3	PTPRD	other	0.002828031254466623	False	0.007543753771876886	0.0012113536877460562	3314	36323	0.0013806435745209455	False	0.003622094778146695	0.0012113536877460562	3313	36323	0.0014473876799456775	False	False
NLGN4X	NRXN1	other	0.004569561395328492	False	0.015389257694628847	0.0007433306720259891	3314	36323	0.00733301107538864	False	0.03139148807727136	0.0007433306720259891	3313	36323	-0.0027634496800601482	False	False
NLGN4X	NRXN2	other	0.005150170065462589	False	0.015389257694628847	0.001459130578421386	3314	36323	0.007913619745522738	False	0.03139148807727136	0.001459130578421386	3313	36323	-0.0027634496800601482	False	False
NLGN4X	NRXN3	other	0.0045327754924073815	False	0.015389257694628847	0.0006607383751342124	3314	36323	0.00729622517246753	False	0.03139148807727136	0.0006607383751342124	3313	36323	-0.0027634496800601482	False	False
NLGN4Y	NRXN1	other	0.0018141891923733056	False	0.003922751961375981	0.0007433306720259891	3314	36323	0.000890780589543283	False	0.002112888620585572	0.0007433306720259891	3313	36323	0.0009234086028300226	False	False
NLGN4Y	NRXN2	other	0.002394797862507403	False	0.003922751961375981	0.001459130578421386	3314	36323	0.0014713892596773803	False	0.002112888620585572	0.001459130578421386	3313	36323	0.0009234086028300226	False	False
NLGN4Y	NRXN3	other	0.0017774032894521952	False	0.003922751961375981	0.0006607383751342124	3314	36323	0.0008539946866221726	False	0.002112888620585572	0.0006607383751342124	3313	36323	0.0009234086028300226	False	False
NRG1	ERBB3	other	0.028103104792535305	False	0.07936028968014484	0.0071304682983233765	3314	36323	0.029792328365147114	False	0.08632659221249622	0.0071304682983233765	3313	36323	-0.0016892235726118088	False	False
NRG1	ERBB4	other	0.02250208696932532	False	0.07936028968014484	0.0006056768438730281	3314	36323	0.024191310541937128	False	0.08632659221249622	0.0006056768438730281	3313	36323	-0.0016892235726118088	False	False
NRG1	ITGA6+ITGB4	other	0.024954230757430196	False	0.07936028968014484	0.0038818379539134985	3314	36323	0.026643454330042005	False	0.08632659221249622	0.0038818379539134985	3313	36323	-0.0016892235726118088	False	False
NRG2	ERBB3	other	0.0092109190300107	False	0.013578756789378395	0.0071304682983233765	3314	36323	0.008800953393802047	False	0.014186537881074554	0.0071304682983233765	3313	36323	0.00040996563620865345	False	False
NRG2	ERBB4	other	0.003609901206800714	False	0.013578756789378395	0.0006056768438730281	3314	36323	0.0031999355705920607	False	0.014186537881074554	0.0006056768438730281	3313	36323	0.00040996563620865345	False	False
NRG3	ERBB4	other	0.0005546301254071295	False	0.0009052504526252263	0.0006056768438730281	3314	36323	0.0006194789602886885	False	0.0006036824630244491	0.0006056768438730281	3313	36323	-6.484883488155901e-05	False	False
NRG4	ERBB4	other	0.05317625208408572	False	0.16294508147254075	0.0006056768438730281	3314	36323	0.03565039290697314	False	0.11409598551162088	0.0006056768438730281	3313	36323	0.01752585917711258	False	False
NRTN	GFRA2+RET	other	0.0067510352964745834	False	0.02323476161738081	0.00027530765630592185	3314	36323	0.003703079841216095	False	0.01569574403863568	0.00027530765630592185	3313	36323	0.0030479554552584887	False	False
NRXN1	ADGRL1	other	0.018199066224042326	False	0.0024140012070006035	0.02029017426974644	3314	36323	0.018505922285839915	False	0.0033202535466344703	0.02029017426974644	3313	36323	-0.00030685606179758906	False	False
NRXN1	DAG1	other	0.022432564350310713	False	0.0024140012070006035	0.02717286567739449	3314	36323	0.022739420412108302	False	0.0033202535466344703	0.02717286567739449	3313	36323	-0.00030685606179758906	False	False
NRXN2	ADGRL1	other	0.021675707306712866	False	0.015389257694628847	0.02029017426974644	3314	36323	0.023275268729776144	False	0.017506791427709025	0.02029017426974644	3313	36323	-0.0015995614230632782	False	False
NRXN2	DAG1	other	0.025909205432981253	False	0.015389257694628847	0.02717286567739449	3314	36323	0.02750876685604453	False	0.017506791427709025	0.02717286567739449	3313	36323	-0.0015995614230632782	False	False
NRXN3	ADGRL1	other	0.025831482373178005	False	0.03108026554013277	0.02029017426974644	3314	36323	0.022988910786807537	False	0.020827044974343494	0.02029017426974644	3313	36323	0.002842571586370468	False	False
NT5E+SLC29A1	ADORA1	other	0.08791411545826122	False	0.2060953530476765	0.0001651845937835531	3314	36323	0.14464820799184963	False	0.25626320555387866	0.0001651845937835531	3313	36323	-0.05673409253358841	False	False
NT5E+SLC29A1	ADORA2B	other	0.08835356269264594	False	0.2060953530476765	0.0009911075627013187	3314	36323	0.14508765522623435	False	0.25626320555387866	0.0009911075627013187	3313	36323	-0.05673409253358841	False	False
NT5E+SLC29A1	ADORA3	other	0.08828223665477708	False	0.2060953530476765	0.0007157999063953968	3314	36323	0.1450163291883655	False	0.25626320555387866	0.0007157999063953968	3313	36323	-0.05673409253358841	False	False
NT5E+SLC29A2	ADORA1	other	0.04546343785477802	False	0.16083283041641522	0.0001651845937835531	3314	36323	0.05265391868306324	False	0.1865378810745548	0.0001651845937835531	3313	36323	-0.007190480828285217	False	False
NT5E+SLC29A2	ADORA2B	other	0.04590288508916274	False	0.16083283041641522	0.0009911075627013187	3314	36323	0.053093365917447954	False	0.1865378810745548	0.0009911075627013187	3313	36323	-0.007190480828285217	False	False
NT5E+SLC29A2	ADORA3	other	0.04583155905129388	False	0.16083283041641522	0.0007157999063953968	3314	36323	0.0530220398795791	False	0.1865378810745548	0.0007157999063953968	3313	36323	-0.007190480828285217	False	False
NT5E+SLC29A3	ADORA1	other	0.006353101402055472	False	0.02776101388050694	0.0001651845937835531	3314	36323	0.00360611587530002	False	0.018412315122245698	0.0001651845937835531	3313	36323	0.002746985526755452	False	False
NT5E+SLC29A3	ADORA2B	other	0.006792548636440188	False	0.02776101388050694	0.0009911075627013187	3314	36323	0.0040455631096847355	False	0.018412315122245698	0.0009911075627013187	3313	36323	0.002746985526755452	False	False
NT5E+SLC29A3	ADORA3	other	0.00672122259857133	False	0.02776101388050694	0.0007157999063953968	3314	36323	0.003974237071815878	False	0.018412315122245698	0.0007157999063953968	3313	36323	0.002746985526755452	False	False
NT5E+SLC29A4	ADORA1	other	0.009859610057901591	False	0.04224502112251056	0.0001651845937835531	3314	36323	0.016553311317693442	False	0.06429218231210383	0.0001651845937835531	3313	36323	-0.006693701259791851	False	False
NT5E+SLC29A4	ADORA2B	other	0.010299057292286307	False	0.04224502112251056	0.0009911075627013187	3314	36323	0.016992758552078158	False	0.06429218231210383	0.0009911075627013187	3313	36323	-0.006693701259791851	False	False
NT5E+SLC29A4	ADORA3	other	0.01022773125441745	False	0.04224502112251056	0.0007157999063953968	3314	36323	0.0169214325142093	False	0.06429218231210383	0.0007157999063953968	3313	36323	-0.006693701259791851	False	False
NTF3	NGFR	other	0.0033100222353823483	False	0.002112251056125528	0.003413814938193431	3314	36323	0.003276268602348864	False	0.001509206157561123	0.003413814938193431	3313	36323	3.375363303348422e-05	False	False
NTF3	NTRK1	other	0.0022896588197909296	False	0.002112251056125528	0.002560361203645073	3314	36323	0.0022559051867574453	False	0.001509206157561123	0.002560361203645073	3313	36323	3.375363303348422e-05	False	False
NTF3	NTRK2	other	0.010929710289929062	False	0.002112251056125528	0.011370206205434573	3314	36323	0.010895956656895578	False	0.001509206157561123	0.011370206205434573	3313	36323	3.375363303348422e-05	False	False
NTF3	NTRK3	other	0.00215999101055786	False	0.002112251056125528	0.002119868953555598	3314	36323	0.002126237377524376	False	0.001509206157561123	0.002119868953555598	3313	36323	3.375363303348422e-05	False	False
NTN1	DCC	other	0.013206200092099607	False	0.05250452625226312	0.00022024612504473748	3314	36323	0.008504255092702806	False	0.03622094778146695	0.00022024612504473748	3313	36323	0.004701944999396801	False	False
NTN1	UNC5A	other	0.013193482562201098	False	0.05250452625226312	0.0001651845937835531	3314	36323	0.008491537562804297	False	0.03622094778146695	0.0001651845937835531	3313	36323	0.004701944999396801	False	False
NTN1	UNC5B	other	0.01432127587031573	False	0.05250452625226312	0.0017069074690967156	3314	36323	0.00961933087091893	False	0.03622094778146695	0.0017069074690967156	3313	36323	0.004701944999396801	False	False
NTN1	UNC5C	other	0.013145401790097822	False	0.05250452625226312	0.00022024612504473748	3314	36323	0.00844345679070102	False	0.03622094778146695	0.00022024612504473748	3313	36323	0.004701944999396801	False	False
NTN4	NTRK2	other	0.02529867645353079	False	0.04284852142426071	0.011370206205434573	3314	36323	0.029108915477991104	False	0.06700875339571385	0.011370206205434573	3313	36323	-0.0038102390244603157	False	False
NTN4	UNC5B	other	0.016069468925707042	False	0.04284852142426071	0.0017069074690967156	3314	36323	0.019879707950167358	False	0.06700875339571385	0.0017069074690967156	3313	36323	-0.0038102390244603157	False	False
NTN4	UNC5D	other	0.015079087228514254	False	0.04284852142426071	0.0003578999531976984	3314	36323	0.01888932625297457	False	0.06700875339571385	0.0003578999531976984	3313	36323	-0.0038102390244603157	False	False
NTS	NTSR1	other	0.4021375940646976	False	0.5129752564876282	0.003055914984995733	3314	36323	0.3624868856277317	False	0.41955931180199213	0.003055914984995733	3313	36323	0.03965070843696594	False	False
NTS	SORT1	other	0.4028637532610446	False	0.5129752564876282	0.004459984032155934	3314	36323	0.3632130448240787	False	0.41955931180199213	0.004459984032155934	3313	36323	0.03965070843696594	False	False
OSM	IL6ST+LIFR	other	0.005828998051583767	False	0.021424260712130355	0.0008809845001789499	3314	36323	0.005404049996286631	False	0.015997585270147902	0.0008809845001789499	3313	36323	0.0004249480552971363	False	False
OSM	IL6ST+OSMR	other	0.007905249018222094	False	0.021424260712130355	0.0033036918756710622	3314	36323	0.007480300962924957	False	0.015997585270147902	0.0033036918756710622	3313	36323	0.0004249480552971363	False	False
OXT	OXTR	other	0.0031780560966581106	False	0.006035003017501509	0.0012939459846378328	3314	36323	0.0045666329097002745	False	0.012375490492001207	0.0012939459846378328	3313	36323	-0.0013885768130421638	False	False
PDCD1LG2	PDCD1	other	0.2138712601736188	False	0.029571514785757393	0.21749304848167827	3314	36323	0.21677708812057972	False	0.03954120132810142	0.21749304848167827	3313	36323	-0.002905827946960926	False	False
PDGFA	PDGFRA	other	0.10284120962023735	False	0.2670488835244418	0.01828042837871321	3314	36323	0.09730390831828117	False	0.24388771506187745	0.01828042837871321	3313	36323	0.005537301301956177	False	False
PDGFB	PDGFRA	other	0.03229791671037674	False	0.04345202172601086	0.01828042837871321	3314	36323	0.03206879645586014	False	0.049803803199517056	0.01828042837871321	3313	36323	0.00022912025451660156	False	False
PDGFB	PDGFRA+PDGFRB	other	0.020934164989739656	False	0.04345202172601086	0.005120722407290146	3314	36323	0.020705044735223055	False	0.049803803199517056	0.005120722407290146	3313	36323	0.00022912025451660156	False	False
PDGFB	PDGFRB	other	0.020934164989739656	False	0.04345202172601086	0.005120722407290146	3314	36323	0.020705044735223055	False	0.049803803199517056	0.005120722407290146	3313	36323	0.00022912025451660156	False	False
PDGFC	PDGFRA	other	0.029681559652090073	False	0.05190102595051298	0.01828042837871321	3314	36323	0.033174680545926094	False	0.0700271657108361	0.01828042837871321	3313	36323	-0.0034931208938360214	False	False
PDGFD	PDGFRA+PDGFRB	other	0.004699915501987562	False	0.002112251056125528	0.005120722407290146	3314	36323	0.0054383110255002975	False	0.003018412315122246	0.005120722407290146	3313	36323	-0.000738395523512736	False	False
PDGFD	PDGFRB	other	0.004699915501987562	False	0.002112251056125528	0.005120722407290146	3314	36323	0.0054383110255002975	False	0.003018412315122246	0.005120722407290146	3313	36323	-0.000738395523512736	False	False
PECAM1	CD38	other	0.09947260748595	False	0.02715751357875679	0.10830603199074966	3314	36323	0.0982832801528275	False	0.027165710836100213	0.10830603199074966	3313	36323	0.0011893273331224918	False	False
PGF	FLT1	other	0.0787348747253418	False	0.19824984912492455	0.016683643972138864	3314	36323	0.06036098301410675	False	0.13854512526411109	0.016683643972138864	3313	36323	0.018373891711235046	False	False
PGF	FLT1+KDR	other	0.06467009574407712	False	0.19824984912492455	0.00027530765630592185	3314	36323	0.04629620403284207	False	0.13854512526411109	0.00027530765630592185	3313	36323	0.018373891711235046	False	False
PGF	NRP1	other	0.06683498108759522	False	0.19824984912492455	0.0030834457506263247	3314	36323	0.04846108937636018	False	0.13854512526411109	0.0030834457506263247	3313	36323	0.018373891711235046	False	False
PGF	NRP2	other	0.06736762868240476	False	0.19824984912492455	0.003744184125760537	3314	36323	0.04899373697116971	False	0.13854512526411109	0.003744184125760537	3313	36323	0.018373891711235046	False	False
PI16	TNFRSF21	other	0.00356156041380018	False	0.0012070006035003018	0.00440492250089475	3314	36323	0.003576609829906374	False	0.001509206157561123	0.00440492250089475	3313	36323	-1.5049416106194258e-05	False	False
PLAU	PLAUR	other	0.1734328269958496	False	0.29179239589619793	0.0384054180546761	3314	36323	0.22301483154296875	False	0.3241774826441292	0.0384054180546761	3313	36323	-0.04958200454711914	False	False
PLAUR	ITGA4+ITGB1	other	0.4415396451950073	True	0.35727217863608934	0.265782011397737	3314	36323	0.44689802825450897	True	0.329308783579837	0.265782011397737	3313	36323	-0.005358383059501648	True	True
PNOC	OPRL1	other	0.002068979723844677	False	0.002715751357875679	0.0018445612972496765	3314	36323	0.002735179732553661	False	0.0033202535466344703	0.0018445612972496765	3313	36323	-0.0006662000087089837	False	False
PODXL	SELL	other	0.2652234211564064	False	0.023536511768255886	0.23269003110976516	3314	36323	0.2670831261202693	False	0.03350437669785693	0.23269003110976516	3313	36323	-0.001859704963862896	False	False
PODXL2	SELE	other	0.02244855418393854	False	0.08539529269764635	5.506153126118437e-05	3314	36323	0.01884278237412218	False	0.07757319649864171	5.506153126118437e-05	3313	36323	0.0036057718098163605	False	False
PODXL2	SELL	other	0.2810676284134388	False	0.08539529269764635	0.23269003110976516	3314	36323	0.27746185660362244	False	0.07757319649864171	0.23269003110976516	3313	36323	0.0036057718098163605	False	False
PODXL2	SELP	other	0.02517633349634707	False	0.08539529269764635	0.003358753406932247	3314	36323	0.02157056168653071	False	0.07757319649864171	0.003358753406932247	3313	36323	0.0036057718098163605	False	False
POMC	MC1R	other	0.019444978795945644	False	0.056427278213639104	0.005175783938551331	3314	36323	0.014185174368321896	False	0.038031995170540296	0.005175783938551331	3313	36323	0.005259804427623749	False	False
POMC	OPRM1	other	0.015550305077340454	False	0.056427278213639104	0.0007157999063953968	3314	36323	0.010290500649716705	False	0.038031995170540296	0.0007157999063953968	3313	36323	0.005259804427623749	False	False
PPIA	BSG	other	1.6658319979906082	True	0.9948702474351238	0.2131431875120447	3314	36323	1.8040227442979813	True	0.9858134621189254	0.2131431875120447	3313	36323	-0.13819074630737305	True	True
PRNP	ADGRG6	other	0.3993861008202657	False	0.7094146047073023	0.0012388844533766485	3314	36323	0.27130376582499593	False	0.5378810745547842	0.0012388844533766485	3313	36323	0.12808233499526978	False	False
PROC	PROCR	other	0.004547039279714227	False	0.009354254677127338	0.0030283842193651405	3314	36323	0.004678137833252549	False	0.006942348324781165	0.0030283842193651405	3313	36323	-0.00013109855353832245	False	False
PRXL2B	PTGFR	other	0.05947180111252237	False	0.20307785153892577	0.00027530765630592185	3314	36323	0.057500843147863634	False	0.20253546634470268	0.00027530765630592185	3313	36323	0.001970957964658737	False	False
PSAP	GPR37L1	other	0.8517210517893545	False	0.923958961979481	0.00030283842193651404	3314	36323	0.8482107554445975	False	0.8599456685783278	0.00030283842193651404	3313	36323	0.00351029634475708	False	False
PTGDS	PTGDR	other	0.034675267757847905	False	0.006035003017501509	0.034716295460176745	3314	36323	0.035544587997719646	False	0.005131300935707818	0.034716295460176745	3313	36323	-0.0008693202398717403	False	False
PTGES	PTGER2	other	0.1099013164639473	False	0.12975256487628245	0.05123475483853206	3314	36323	0.17484157532453537	False	0.22789012979172954	0.05123475483853206	3313	36323	-0.06494025886058807	False	False
PTGES	PTGER3	other	0.06383104613632895	False	0.12975256487628245	0.0005506153126118437	3314	36323	0.12877130499691702	False	0.22789012979172954	0.0005506153126118437	3313	36323	-0.06494025886058807	False	False
PTGES	PTGER4	other	0.3125363290309906	True	0.12975256487628245	0.254439335957933	3314	36323	0.3774765878915787	True	0.22789012979172954	0.254439335957933	3313	36323	-0.06494025886058807	True	True
PTGES2	PTGER2	other	0.1438722386956215	False	0.31442365721182863	0.05123475483853206	3314	36323	0.14450743794441223	False	0.31240567461515245	0.05123475483853206	3313	36323	-0.000635199248790741	False	False
PTGES2	PTGER3	other	0.09780196836800314	False	0.31442365721182863	0.0005506153126118437	3314	36323	0.09843716761679389	False	0.31240567461515245	0.0005506153126118437	3313	36323	-0.000635199248790741	False	False
PTGES2	PTGER4	other	0.3465072512626648	True	0.31442365721182863	0.254439335957933	3314	36323	0.34714245051145554	True	0.31240567461515245	0.254439335957933	3313	36323	-0.000635199248790741	True	True
PTGES3	PTGER2	other	0.8295756950974464	False	0.9025347012673506	0.05123475483853206	3314	36323	0.7551626935601234	False	0.825233926954422	0.05123475483853206	3313	36323	0.074413001537323	False	False
PTGES3	PTGER3	other	0.7835054247698281	False	0.9025347012673506	0.0005506153126118437	3314	36323	0.7090924232325051	False	0.825233926954422	0.0005506153126118437	3313	36323	0.074413001537323	False	False
PTGES3	PTGER4	other	1.0322107076644897	True	0.9025347012673506	0.254439335957933	3314	36323	0.9577977061271667	True	0.825233926954422	0.254439335957933	3313	36323	0.074413001537323	True	True
PTGIS	PTGIR	other	0.009926800790708512	False	0.006336753168376584	0.011260083142912205	3314	36323	0.01081201364286244	False	0.008451554482342288	0.011260083142912205	3313	36323	-0.0008852128521539271	False	False
PTGR1	LTB4R	other	0.44964483194053173	False	0.6988533494266748	0.027916196349420476	3314	36323	0.3852590899914503	False	0.5756112284938123	0.027916196349420476	3313	36323	0.06438574194908142	False	False
PTGR1	LTB4R2	other	0.4269360778853297	False	0.6988533494266748	0.001018638328331911	3314	36323	0.3625503359362483	False	0.5756112284938123	0.001018638328331911	3313	36323	0.06438574194908142	False	False
PTHLH	PRLHR	other	0.14117741759400815	False	0.29088714544357275	0.0005230845469812516	3314	36323	0.11886920209508389	False	0.23241774826441292	0.0005230845469812516	3313	36323	0.022308215498924255	False	False
PTHLH	PTH1R	other	0.14105081328307278	False	0.29088714544357275	0.0003578999531976984	3314	36323	0.11874259778414853	False	0.23241774826441292	0.0003578999531976984	3313	36323	0.022308215498924255	False	False
PTHLH	PTH2R	other	0.1416221887920983	False	0.29088714544357275	0.0012388844533766485	3314	36323	0.11931397329317406	False	0.23241774826441292	0.0012388844533766485	3313	36323	0.022308215498924255	False	False
PTN	PTPRZ1	other	0.018236654810607433	False	0.04043452021726011	0.003221099578779286	3314	36323	0.016981777735054493	False	0.03350437669785693	0.003221099578779286	3313	36323	0.0012548770755529404	False	False
PTPRC	CD22	other	0.01678899023681879	False	0.04345202172601086	0.002918261156842772	3314	36323	0.03305336181074381	False	0.053124056746151525	0.002918261156842772	3313	36323	-0.01626437157392502	False	False
PTPRC	MRC1	other	0.029776688665151596	False	0.04345202172601086	0.01789499765988492	3314	36323	0.046041060239076614	False	0.053124056746151525	0.01789499765988492	3313	36323	-0.01626437157392502	False	False
PTPRD	IL1RAP	other	0.0382181815803051	False	0.09806879903439952	0.013104644440161881	3314	36323	0.04877076484262943	False	0.13462118925445216	0.013104644440161881	3313	36323	-0.010552583262324333	False	False
PTPRD	IL1RAPL1	other	0.02892442827578634	False	0.09806879903439952	0.0015141921096825702	3314	36323	0.03947701153811067	False	0.13462118925445216	0.0015141921096825702	3313	36323	-0.010552583262324333	False	False
PTPRS	NTRK3	other	0.007410175283439457	False	0.024743512371756187	0.002119868953555598	3314	36323	0.006638513528741896	False	0.021430727437367944	0.002119868953555598	3313	36323	0.0007716617546975613	False	False
PVR	CD226	other	0.1836828887462616	True	0.13940856970428486	0.16193596343914324	3314	36323	0.1859680861234665	True	0.14639299728342892	0.16193596343914324	3313	36323	-0.002285197377204895	True	True
PVR	CD96	other	0.6318736672401428	True	0.13940856970428486	0.5566996118162046	3314	36323	0.6341588646173477	True	0.14639299728342892	0.5566996118162046	3313	36323	-0.002285197377204895	True	True
PVR	TIGIT	other	0.5266320407390594	True	0.13940856970428486	0.44195138066789635	3314	36323	0.5289172381162643	True	0.14639299728342892	0.44195138066789635	3313	36323	-0.002285197377204895	True	True
RARRES2	CCRL2	other	0.029425860149785876	False	0.00724200362100181	0.03320210335049418	3314	36323	0.02892521908506751	False	0.006036824630244492	0.03320210335049418	3313	36323	0.0005006410647183657	False	False
RARRES2	CMKLR1	other	0.012862382223829627	False	0.00724200362100181	0.011370206205434573	3314	36323	0.012361741159111261	False	0.006036824630244492	0.011370206205434573	3313	36323	0.0005006410647183657	False	False
RARRES2	GPR1	other	0.002807661148835905	False	0.00724200362100181	0.0001651845937835531	3314	36323	0.0023070200841175392	False	0.006036824630244492	0.0001651845937835531	3313	36323	0.0005006410647183657	False	False
RBP4	STRA6	other	0.003964904375607148	False	0.010259505129752565	0.0003854307188282906	3314	36323	0.008118763245875016	False	0.016299426501660125	0.0003854307188282906	3313	36323	-0.004153858870267868	False	False
RELN	LRP8	other	0.02992806841211859	False	0.0006035003017501509	0.036368141398012276	3314	36323	0.030294056923594326	False	0.0012073649260488982	0.036368141398012276	3313	36323	-0.0003659885114757344	False	False
RELN	VLDLR	other	0.0018852729263016954	False	0.0006035003017501509	0.002367645844230928	3314	36323	0.00225126143777743	False	0.0012073649260488982	0.002367645844230928	3313	36323	-0.0003659885114757344	False	False
RLN1	RXFP1	other	0.0003004689497174695	False	0.0012070006035003018	0.0001651845937835531	3314	36323	0.0007822268089512363	False	0.003018412315122246	0.0001651845937835531	3313	36323	-0.0004817578592337668	False	False
RLN2	RXFP1	other	0.0017017037753248587	False	0.007543753771876886	0.0001651845937835531	3314	36323	0.0028858604055130854	False	0.01388469664956233	0.0001651845937835531	3313	36323	-0.0011841566301882267	False	False
RNASET2	TLR8	other	0.19859758391976357	False	0.3904646952323476	0.0015141921096825702	3314	36323	0.3394608832895756	False	0.5185632357380018	0.0015141921096825702	3313	36323	-0.140863299369812	False	False
RSPO4	LGR4	other	0.0028073741705156863	False	0.0018105009052504525	0.003221099578779286	3314	36323	0.002747346894466318	False	0.001509206157561123	0.003221099578779286	3313	36323	6.0027276049368083e-05	False	False
RSPO4	LGR5	other	0.000486319258925505	False	0.0018105009052504525	0.00024777689067532967	3314	36323	0.0004262919828761369	False	0.001509206157561123	0.00024777689067532967	3313	36323	6.0027276049368083e-05	False	False
RSPO4	LGR6	other	0.019370725902263075	False	0.0018105009052504525	0.020345235801007625	3314	36323	0.019310698626213707	False	0.001509206157561123	0.020345235801007625	3313	36323	6.0027276049368083e-05	False	False
RTN4R	ADGRB1	other	0.03065986669389531	False	0.11164755582377792	0.0010461690939625031	3314	36323	0.022509076807182282	False	0.08421370359191066	0.0010461690939625031	3313	36323	0.008150789886713028	False	False
SAA1	FPR2	other	0.08594042412005365	False	0.1252263126131563	0.0017069074690967156	3314	36323	0.11133598140440881	False	0.17114397826743133	0.0017069074690967156	3313	36323	-0.025395557284355164	False	False
SDC1	ADGRA2	other	0.9926074474642519	False	0.9031382015691007	0.0006056768438730281	3314	36323	0.7325366466830019	False	0.7693932991246605	0.0006056768438730281	3313	36323	0.26007080078125	False	False
SDC2	ADGRA2	other	0.012088069837773219	False	0.03922751961375981	0.0006056768438730281	3314	36323	0.020265805680537596	False	0.05614246906127377	0.0006056768438730281	3313	36323	-0.008177735842764378	False	False
SDC2	FGFR4	other	0.011863775973324664	False	0.03922751961375981	0.0003303691875671062	3314	36323	0.02004151181608904	False	0.05614246906127377	0.0003303691875671062	3313	36323	-0.008177735842764378	False	False
SELE	GLG1	other	0.2117204763344489	False	0.0015087507543753772	0.23657186906367866	3314	36323	0.21160447447618935	False	0.0006036824630244491	0.23657186906367866	3313	36323	0.00011600185825955123	False	False
SELPLG	SELE	other	0.0018439419945934787	False	0.007543753771876886	5.506153126118437e-05	3314	36323	0.008477321374812163	False	0.023543616057953517	5.506153126118437e-05	3313	36323	-0.006633379380218685	False	False
SELPLG	SELL	other	0.26046301622409374	False	0.007543753771876886	0.23269003110976516	3314	36323	0.2670963956043124	False	0.023543616057953517	0.23269003110976516	3313	36323	-0.006633379380218685	False	False
SELPLG	SELP	other	0.004571721307002008	False	0.007543753771876886	0.003358753406932247	3314	36323	0.011205100687220693	False	0.023543616057953517	0.003358753406932247	3313	36323	-0.006633379380218685	False	False
SEMA3A	NRP1	other	0.026254451368004084	False	0.08388654194327097	0.0030834457506263247	3314	36323	0.022823956329375505	False	0.06580138846966496	0.0030834457506263247	3313	36323	0.003430495038628578	False	False
SEMA3A	NRP1+PLXNA1	other	0.026254451368004084	False	0.08388654194327097	0.0030834457506263247	3314	36323	0.022823956329375505	False	0.06580138846966496	0.0030834457506263247	3313	36323	0.003430495038628578	False	False
SEMA3A	NRP1+PLXNA2	other	0.024817411904223263	False	0.08388654194327097	0.001183822922115464	3314	36323	0.021386916865594685	False	0.06580138846966496	0.001183822922115464	3313	36323	0.003430495038628578	False	False
SEMA3A	NRP1+PLXNA3	other	0.026254451368004084	False	0.08388654194327097	0.0030834457506263247	3314	36323	0.022823956329375505	False	0.06580138846966496	0.0030834457506263247	3313	36323	0.003430495038628578	False	False
SEMA3A	NRP1+PLXNA4	other	0.02541632973589003	False	0.08388654194327097	0.0018170305316190843	3314	36323	0.021985834697261453	False	0.06580138846966496	0.0018170305316190843	3313	36323	0.003430495038628578	False	False
SEMA3C	NRP2	other	0.06197809847071767	False	0.16988533494266747	0.003744184125760537	3314	36323	0.07711190776899457	False	0.21038333836402054	0.003744184125760537	3313	36323	-0.015133809298276901	False	False
SEMA3E	PLXND1	other	0.03550462983548641	False	0.04435727217863609	0.028687057787077058	3314	36323	0.03440419118851423	False	0.044672502263809234	0.028687057787077058	3313	36323	0.0011004386469721794	False	False
SEMA3F	NRP2	other	0.07953660236671567	False	0.24411587205793603	0.003744184125760537	3314	36323	0.04945302801206708	False	0.16389978871113794	0.003744184125760537	3313	36323	0.03008357435464859	False	False
SEMA4A	PLXND1	other	0.10890868678689003	False	0.27579963789981893	0.028687057787077058	3314	36323	0.08863510563969612	False	0.216420162994265	0.028687057787077058	3313	36323	0.02027358114719391	False	False
SEMA4C	PLXNB2	other	0.0766078494489193	False	0.1979480989740495	0.024227073754921124	3314	36323	0.08354322239756584	False	0.2224569876245095	0.024227073754921124	3313	36323	-0.006935372948646545	False	False
SEMA4D	CD72	other	0.11748641915619373	False	0.3261919130959565	0.014315998127907938	3314	36323	0.0849182028323412	False	0.2309085421068518	0.014315998127907938	3313	36323	0.03256821632385254	False	False
SEMA4D	PLXNB1	other	0.11146457912400365	False	0.3261919130959565	0.00641466839192798	3314	36323	0.07889636280015111	False	0.2309085421068518	0.00641466839192798	3313	36323	0.03256821632385254	False	False
SEMA4D	PLXNB2	other	0.1252005435526371	False	0.3261919130959565	0.024227073754921124	3314	36323	0.09263232722878456	False	0.2309085421068518	0.024227073754921124	3313	36323	0.03256821632385254	False	False
SEMA4D	PTPRC	other	1.46231709420681	True	0.3261919130959565	0.9365966467527462	3314	36323	1.4297488778829575	True	0.2309085421068518	0.9365966467527462	3313	36323	0.03256821632385254	True	True
SEMA4G	PLXNB2	other	0.02679547853767872	False	0.02776101388050694	0.024227073754921124	3314	36323	0.032228087075054646	False	0.05101116812556595	0.024227073754921124	3313	36323	-0.005432608537375927	False	False
SEMA6A	NRP1+PLXNA2	other	0.02011972398031503	False	0.055220277610138806	0.001183822922115464	3314	36323	0.045624096994288266	False	0.11892544521581648	0.001183822922115464	3313	36323	-0.025504373013973236	False	False
SEMA6D	KDR+PLXNA1	other	0.031091904791537672	False	0.10350030175015087	0.00027530765630592185	3314	36323	0.026475733669940382	False	0.08934500452761847	0.00027530765630592185	3313	36323	0.00461617112159729	False	False
SEMA6D	PLXNA1+TREM2+TYROBP	other	0.03301806002855301	False	0.10350030175015087	0.0026980150317980345	3314	36323	0.02840188890695572	False	0.08934500452761847	0.0026980150317980345	3313	36323	0.00461617112159729	False	False
SEMA7A	ITGA1+ITGB1	other	0.2356798481196165	False	0.041943270971635485	0.2146573796217273	3314	36323	0.24066594615578651	False	0.047087232115907034	0.2146573796217273	3313	36323	-0.004986098036170006	False	False
SEMA7A	PLXNC1	other	0.059615904465317726	False	0.041943270971635485	0.05173030861988272	3314	36323	0.06460200250148773	False	0.047087232115907034	0.05173030861988272	3313	36323	-0.004986098036170006	False	False
SFTPD	ADGRE5	other	0.3440669709816575	False	0.03047676523838262	0.34509814717947307	3314	36323	0.3509495481848717	False	0.049803803199517056	0.34509814717947307	3313	36323	-0.0068825772032141685	False	False
SHH	BOC+PTCH1	other	0.0015567774244118482	False	0.006035003017501509	0.0006056768438730281	3314	36323	0.0017902262334246188	False	0.005433142167220043	0.0006056768438730281	3313	36323	-0.00023344880901277065	False	False
SHH	BOC+PTCH2	other	0.0015567774244118482	False	0.006035003017501509	0.0006056768438730281	3314	36323	0.0017902262334246188	False	0.005433142167220043	0.0006056768438730281	3313	36323	-0.00023344880901277065	False	False
SHH	CDON+PTCH1	other	0.0020149466581642628	False	0.006035003017501509	0.0011012306252236874	3314	36323	0.0022483954671770334	False	0.005433142167220043	0.0011012306252236874	3313	36323	-0.00023344880901277065	False	False
SHH	CDON+PTCH2	other	0.0020149466581642628	False	0.006035003017501509	0.0011012306252236874	3314	36323	0.0022483954671770334	False	0.005433142167220043	0.0011012306252236874	3313	36323	-0.00023344880901277065	False	False
SHH	GAS1+PTCH1	other	0.003459853702224791	False	0.006035003017501509	0.0028356688599509954	3314	36323	0.0036933025112375617	False	0.005433142167220043	0.0028356688599509954	3313	36323	-0.00023344880901277065	False	False
SHH	GAS1+PTCH2	other	0.0027165800565853715	False	0.006035003017501509	0.0018445612972496765	3314	36323	0.002950028865598142	False	0.005433142167220043	0.0018445612972496765	3313	36323	-0.00023344880901277065	False	False
SHH	HHIP	other	0.001533987233415246	False	0.006035003017501509	0.00046802301572006715	3314	36323	0.0017674360424280167	False	0.005433142167220043	0.00046802301572006715	3313	36323	-0.00023344880901277065	False	False
SIGLEC15	CD44	other	0.633803311153315	False	0.0018105009052504525	0.5971973680588057	3314	36323	0.6335745032411069	False	0.0012073649260488982	0.5971973680588057	3313	36323	0.0002288079122081399	False	False
SLC18A1+TPH1	HTR1F	other	0.0003747714508790523	False	0.0006035003017501509	0.00027530765630592185	3314	36323	0.00026195638929493725	False	0.0	0.00027530765630592185	3313	36323	0.00011281506158411503	False	False
SLC18A1+TPH1	HTR2A	other	0.0002600467560114339	False	0.0006035003017501509	0.0001927153594141453	3314	36323	0.00014723169442731887	False	0.0	0.0001927153594141453	3313	36323	0.00011281506158411503	False	False
SLC18A1+TPH1	HTR4	other	0.0002500910486560315	False	0.0006035003017501509	0.0001651845937835531	3314	36323	0.00013727598707191646	False	0.0	0.0001651845937835531	3313	36323	0.00011281506158411503	False	False
SLC18A1+TPH1	HTR7	other	0.00034230358141940087	False	0.0006035003017501509	0.0005230845469812516	3314	36323	0.00022948851983528584	False	0.0	0.0005230845469812516	3313	36323	0.00011281506158411503	False	False
SLC18A2+TPH1	HTR1F	other	0.0009130260732490569	False	0.0024140012070006035	0.00027530765630592185	3314	36323	0.0007760229345876724	False	0.002112888620585572	0.00027530765630592185	3313	36323	0.00013700313866138458	False	False
SLC18A2+TPH1	HTR2A	other	0.0007983013783814386	False	0.0024140012070006035	0.0001927153594141453	3314	36323	0.000661298239720054	False	0.002112888620585572	0.0001927153594141453	3313	36323	0.00013700313866138458	False	False
SLC18A2+TPH1	HTR4	other	0.0007883456710260361	False	0.0024140012070006035	0.0001651845937835531	3314	36323	0.0006513425323646516	False	0.002112888620585572	0.0001651845937835531	3313	36323	0.00013700313866138458	False	False
SLC18A2+TPH1	HTR7	other	0.0008805582037894055	False	0.0024140012070006035	0.0005230845469812516	3314	36323	0.0007435550651280209	False	0.002112888620585572	0.0005230845469812516	3313	36323	0.00013700313866138458	False	False
SLC6A4+TPH1	HTR1F	other	0.000874535326147452	False	0.0024140012070006035	0.00027530765630592185	3314	36323	0.0004721244768006727	False	0.001509206157561123	0.00027530765630592185	3313	36323	0.0004024108493467793	False	False
SLC6A4+TPH1	HTR2A	other	0.0007598106312798336	False	0.0024140012070006035	0.0001927153594141453	3314	36323	0.00035739978193305433	False	0.001509206157561123	0.0001927153594141453	3313	36323	0.0004024108493467793	False	False
SLC6A4+TPH1	HTR4	other	0.0007498549239244312	False	0.0024140012070006035	0.0001651845937835531	3314	36323	0.0003474440745776519	False	0.001509206157561123	0.0001651845937835531	3313	36323	0.0004024108493467793	False	False
SLC6A4+TPH1	HTR7	other	0.0008420674566878006	False	0.0024140012070006035	0.0005230845469812516	3314	36323	0.0004396566073410213	False	0.001509206157561123	0.0005230845469812516	3313	36323	0.0004024108493467793	False	False
SLIT1	ROBO1	other	0.0010580956877674907	False	0.0018105009052504525	0.0009635767970707265	3314	36323	0.000839183252537623	False	0.0009055236945366737	0.0009635767970707265	3313	36323	0.0002189124352298677	False	False
SLIT2	ROBO1	other	0.01591584616107866	False	0.04978877489438745	0.0009635767970707265	3314	36323	0.007559286605101079	False	0.024147298520977967	0.0009635767970707265	3313	36323	0.008356559555977583	False	False
SLIT2	ROBO2	other	0.015818450483493507	False	0.04978877489438745	0.0007433306720259891	3314	36323	0.007461890927515924	False	0.024147298520977967	0.0007433306720259891	3313	36323	0.008356559555977583	False	False
SLITRK1	PTPRD	other	0.0010092964948853478	False	0.0006035003017501509	0.0012113536877460562	3314	36323	0.0011059811804443598	False	0.001509206157561123	0.0012113536877460562	3313	36323	-9.6684685559012e-05	False	False
SLITRK1	PTPRS	other	0.0007248601032188162	False	0.0006035003017501509	0.0006882691407648047	3314	36323	0.0008215447887778282	False	0.001509206157561123	0.0006882691407648047	3313	36323	-9.6684685559012e-05	False	False
SLITRK2	PTPRD	other	0.001097788757761009	False	0.0009052504526252263	0.0012113536877460562	3314	36323	0.0017501377151347697	False	0.00392393600965892	0.0012113536877460562	3313	36323	-0.0006523489573737606	False	False
SLITRK2	PTPRS	other	0.0008133523660944775	False	0.0009052504526252263	0.0006882691407648047	3314	36323	0.0014657013234682381	False	0.00392393600965892	0.0006882691407648047	3313	36323	-0.0006523489573737606	False	False
SLITRK4	OLR1	other	0.02530519664287567	False	0.04978877489438745	0.015169451862456294	3314	36323	0.03029168676584959	False	0.07757319649864171	0.015169451862456294	3313	36323	-0.004986490122973919	False	False
SLITRK4	PTPRS	other	0.013189925055485219	False	0.04978877489438745	0.0006882691407648047	3314	36323	0.018176415178459138	False	0.07757319649864171	0.0006882691407648047	3313	36323	-0.004986490122973919	False	False
SLITRK5	PTPRS	other	0.010023202921729535	False	0.040132770066385035	0.0006882691407648047	3314	36323	0.009140519599895924	False	0.03893751886507697	0.0006882691407648047	3313	36323	0.0008826833218336105	False	False
SLITRK6	PTPRS	other	0.03186203649966046	False	0.08660229330114665	0.0006882691407648047	3314	36323	0.024862270045559853	False	0.06731059462722608	0.0006882691407648047	3313	36323	0.006999766454100609	False	False
SPN	SIGLEC1	other	0.006579800508916378	False	0.008750754375377187	0.004900476282245409	3314	36323	0.010165443178266287	False	0.013582855418050106	0.004900476282245409	3313	36323	-0.003585642669349909	False	False
SPP1	ITGA4+ITGB1	other	0.48917652666568756	True	0.40374170187085096	0.265782011397737	3314	36323	0.4321155250072479	True	0.3021430727437368	0.265782011397737	3313	36323	0.057061001658439636	True	True
SPP1	ITGA9+ITGB1	other	0.245261239586398	False	0.40374170187085096	0.003248630344409878	3314	36323	0.18820023792795837	False	0.3021430727437368	0.003248630344409878	3313	36323	0.057061001658439636	False	False
SRD5A1	AR	other	0.1562358516966924	False	0.44025347012673505	0.0008809845001789499	3314	36323	0.1273361820494756	False	0.3634168427407184	0.0008809845001789499	3313	36323	0.028899669647216797	False	False
SRD5A3	AR	other	0.10649821197148412	False	0.312009656004828	0.0008809845001789499	3314	36323	0.11208740656729788	False	0.31632961062481135	0.0008809845001789499	3313	36323	-0.005589194595813751	False	False
SULT1A1	PPARA	other	0.09509021788835526	False	0.1363910681955341	0.06698235277923079	3314	36323	0.08578973077237606	False	0.10896468457591307	0.06698235277923079	3313	36323	0.009300487115979195	False	False
SULT1A1	PPARD	other	0.06914202868938446	False	0.1363910681955341	0.03859813341409025	3314	36323	0.059841541573405266	False	0.10896468457591307	0.03859813341409025	3313	36323	0.009300487115979195	False	False
SULT1A1	PPARG	other	0.047489642165601254	False	0.1363910681955341	0.012746744486964182	3314	36323	0.03818915504962206	False	0.10896468457591307	0.012746744486964182	3313	36323	0.009300487115979195	False	False
TAX1BP3	ADGRB1	other	0.10289828217355534	False	0.31442365721182863	0.0010461690939625031	3314	36323	0.09477735048858449	False	0.2882583760941745	0.0010461690939625031	3313	36323	0.008120931684970856	False	False
TAX1BP3	ADGRB2	other	0.10331138293258846	False	0.31442365721182863	0.001624315172204939	3314	36323	0.0951904512476176	False	0.2882583760941745	0.001624315172204939	3313	36323	0.008120931684970856	False	False
TENM1	ADGRL1	other	0.01869032485410571	False	0.0030175015087507543	0.02029017426974644	3314	36323	0.018393705831840634	False	0.003622094778146695	0.02029017426974644	3313	36323	0.00029661902226507664	False	False
TENM1	ADGRL2	other	0.0014580173883587122	False	0.0030175015087507543	0.0006332076095036203	3314	36323	0.0011613983660936356	False	0.003622094778146695	0.0006332076095036203	3313	36323	0.00029661902226507664	False	False
TENM1	ADGRL3	other	0.0017332235584035516	False	0.0030175015087507543	0.0010461690939625031	3314	36323	0.001436604536138475	False	0.003622094778146695	0.0010461690939625031	3313	36323	0.00029661902226507664	False	False
TENM2	ADGRL1	other	0.025124743580818176	False	0.02776101388050694	0.02029017426974644	3314	36323	0.024801823776215315	False	0.02112888620585572	0.02029017426974644	3313	36323	0.0003229198046028614	False	False
TENM2	ADGRL2	other	0.007892436115071177	False	0.02776101388050694	0.0006332076095036203	3314	36323	0.007569516310468316	False	0.02112888620585572	0.0006332076095036203	3313	36323	0.0003229198046028614	False	False
TENM2	ADGRL3	other	0.008167642285116017	False	0.02776101388050694	0.0010461690939625031	3314	36323	0.007844722480513155	False	0.02112888620585572	0.0010461690939625031	3313	36323	0.0003229198046028614	False	False
TENM3	ADGRL1	other	0.01885478338226676	False	0.007543753771876886	0.02029017426974644	3314	36323	0.020700129214674234	False	0.016903108964684575	0.02029017426974644	3313	36323	-0.0018453458324074745	False	False
TENM3	ADGRL2	other	0.001622475916519761	False	0.007543753771876886	0.0006332076095036203	3314	36323	0.0034678217489272356	False	0.016903108964684575	0.0006332076095036203	3313	36323	-0.0018453458324074745	False	False
TENM3	ADGRL3	other	0.0018976820865646005	False	0.007543753771876886	0.0010461690939625031	3314	36323	0.003743027918972075	False	0.016903108964684575	0.0010461690939625031	3313	36323	-0.0018453458324074745	False	False
TENM4	ADGRL1	other	0.04368803836405277	False	0.09384429692214846	0.02029017426974644	3314	36323	0.038986749947071075	False	0.08179897373981286	0.02029017426974644	3313	36323	0.004701288416981697	False	False
TENM4	ADGRL2	other	0.026455730898305774	False	0.09384429692214846	0.0006332076095036203	3314	36323	0.021754442481324077	False	0.08179897373981286	0.0006332076095036203	3313	36323	0.004701288416981697	False	False
TENM4	ADGRL3	other	0.026730937068350613	False	0.09384429692214846	0.0010461690939625031	3314	36323	0.022029648651368916	False	0.08179897373981286	0.0010461690939625031	3313	36323	0.004701288416981697	False	False
TF	TFR2	other	0.009500730782747269	False	0.02172601086300543	0.005616276188640806	3314	36323	0.010125089436769485	False	0.019619680048294598	0.005616276188640806	3313	36323	-0.0006243586540222168	False	False
TF	TFRC	other	0.19009322673082352	False	0.02172601086300543	0.20309445805687856	3314	36323	0.19071758538484573	False	0.019619680048294598	0.20309445805687856	3313	36323	-0.0006243586540222168	False	False
TGFA	EGFR	other	0.1346396249718964	False	0.3636089318044659	0.004845414750984225	3314	36323	0.0951351267285645	False	0.26863869604587987	0.004845414750984225	3313	36323	0.03950449824333191	False	False
TGFB1	ACVR1+TGFBR2	other	0.08050293102860451	False	0.1647555823777912	0.040855656195798805	3314	36323	0.07130832970142365	False	0.12616963477210988	0.040855656195798805	3313	36323	0.009194601327180862	False	False
TGFB1	ITGAV+ITGB6	other	0.04813204996753484	False	0.1647555823777912	0.0012664152190072406	3314	36323	0.03893744864035398	False	0.12616963477210988	0.0012664152190072406	3313	36323	0.009194601327180862	False	False
TGFB1	TGFBR1+TGFBR2	other	0.11275538429617882	False	0.1647555823777912	0.07526911323403904	3314	36323	0.10356078296899796	False	0.12616963477210988	0.07526911323403904	3313	36323	0.009194601327180862	False	False
TGFB1	TGFBR3	other	0.1477639116346836	True	0.1647555823777912	0.1053602400682763	3314	36323	0.13856931030750275	True	0.12616963477210988	0.1053602400682763	3313	36323	0.009194601327180862	True	True
TGFB2	ACVR1+TGFBR2	other	0.036932393442839384	False	0.011164755582377792	0.040855656195798805	3314	36323	0.04178493283689022	False	0.02505282221551464	0.040855656195798805	3313	36323	-0.0048525393940508366	False	False
TGFB2	TGFBR1+TGFBR2	other	0.0691848467104137	False	0.011164755582377792	0.07526911323403904	3314	36323	0.07403738610446453	False	0.02505282221551464	0.07526911323403904	3313	36323	-0.0048525393940508366	False	False
TGFB2	TGFBR3	other	0.10419337404891849	False	0.011164755582377792	0.1053602400682763	3314	36323	0.10904591344296932	False	0.02505282221551464	0.1053602400682763	3313	36323	-0.0048525393940508366	False	False
TGFB3	ACVR1+TGFBR2	other	0.03677122527733445	False	0.012070006035003017	0.040855656195798805	3314	36323	0.03666196437552571	False	0.012677331723513431	0.040855656195798805	3313	36323	0.00010926090180873871	False	False
TGFB3	ITGAV+ITGB6	other	0.004400344216264784	False	0.012070006035003017	0.0012664152190072406	3314	36323	0.004291083314456046	False	0.012677331723513431	0.0012664152190072406	3313	36323	0.00010926090180873871	False	False
TGFB3	ITGAV+ITGB8	other	0.009495867881923914	False	0.012070006035003017	0.008038983564132919	3314	36323	0.009386606980115175	False	0.012677331723513431	0.008038983564132919	3313	36323	0.00010926090180873871	False	False
TGFB3	TGFBR1+TGFBR2	other	0.06902367854490876	False	0.012070006035003017	0.07526911323403904	3314	36323	0.06891441764310002	False	0.012677331723513431	0.07526911323403904	3313	36323	0.00010926090180873871	False	False
TGFB3	TGFBR3	other	0.10403220588341355	False	0.012070006035003017	0.1053602400682763	3314	36323	0.10392294498160481	False	0.012677331723513431	0.1053602400682763	3313	36323	0.00010926090180873871	False	False
TGM2	ADGRG1	other	0.20544582605361938	True	0.1179843089921545	0.11293120061668915	3314	36323	0.3267805352807045	True	0.2514337458496831	0.11293120061668915	3313	36323	-0.12133470922708511	True	True
THBS1	CD36	other	0.05664554284885526	False	0.15178032589016294	0.0041020840789582355	3314	36323	0.051311441231518984	False	0.13975249019015998	0.0041020840789582355	3313	36323	0.005334101617336273	False	False
THBS1	ITGA3+ITGB1	other	0.06452087964862585	False	0.15178032589016294	0.013297359799576027	3314	36323	0.05918677803128958	False	0.13975249019015998	0.013297359799576027	3313	36323	0.005334101617336273	False	False
THBS2	CD36	other	0.0036401699762791395	False	0.002112251056125528	0.0041020840789582355	3314	36323	0.003521562088280916	False	0.001509206157561123	0.0041020840789582355	3313	36323	0.0001186078879982233	False	False
THY1	ADGRE2	other	0.0042397810611873865	False	0.006638503319251659	0.0028907303912121796	3314	36323	0.005706610856577754	False	0.011168125565952309	0.0028907303912121796	3313	36323	-0.0014668297953903675	False	False
THY1	ADGRE5	other	0.3348609721288085	False	0.006638503319251659	0.34509814717947307	3314	36323	0.33632780192419887	False	0.011168125565952309	0.34509814717947307	3313	36323	-0.0014668297953903675	False	False
THY1	ITGAM+ITGB2	other	0.023250595666468143	False	0.006638503319251659	0.023841643036092833	3314	36323	0.02471742546185851	False	0.011168125565952309	0.023841643036092833	3313	36323	-0.0014668297953903675	False	False
THY1	ITGAX+ITGB2	other	0.026534748263657093	False	0.006638503319251659	0.02769595022437574	3314	36323	0.02800157805904746	False	0.011168125565952309	0.02769595022437574	3313	36323	-0.0014668297953903675	False	False
TNC	ITGA4+ITGB1	other	0.2632837239652872	False	0.036511768255884126	0.265782011397737	3314	36323	0.27136721834540367	False	0.05704799275581044	0.265782011397737	3313	36323	-0.008083494380116463	False	False
TNC	ITGA8+ITGB1	other	0.01718288369011134	False	0.036511768255884126	0.00027530765630592185	3314	36323	0.025266378070227802	False	0.05704799275581044	0.00027530765630592185	3313	36323	-0.008083494380116463	False	False
TNC	ITGA9+ITGB1	other	0.019368436885997653	False	0.036511768255884126	0.003248630344409878	3314	36323	0.027451931266114116	False	0.05704799275581044	0.003248630344409878	3313	36323	-0.008083494380116463	False	False
TNC	ITGAV+ITGB6	other	0.01806511089671403	False	0.036511768255884126	0.0012664152190072406	3314	36323	0.026148605276830494	False	0.05704799275581044	0.0012664152190072406	3313	36323	-0.008083494380116463	False	False
TNF	TNFRSF1A	other	0.06802346184849739	False	0.02504526252263126	0.07196542135836798	3314	36323	0.07315915171056986	False	0.03108964684575913	0.07196542135836798	3313	36323	-0.005135689862072468	False	False
TNF	TNFRSF1B	other	0.40265658125281334	False	0.02504526252263126	0.3964705558461581	3314	36323	0.4077922711148858	False	0.03108964684575913	0.3964705558461581	3313	36323	-0.005135689862072468	False	False
TNFSF10	TNFRSF10A	other	0.4855619892477989	False	0.6722993361496681	0.07780194367205352	3314	36323	0.3317989632487297	False	0.46362813160277694	0.07780194367205352	3313	36323	0.1537630259990692	False	False
TNFSF10	TNFRSF10B	other	0.44841087982058525	False	0.6722993361496681	0.03909368719544091	3314	36323	0.29464785382151604	False	0.46362813160277694	0.03909368719544091	3313	36323	0.1537630259990692	False	False
TNFSF10	TNFRSF10C	other	0.4160579679592047	False	0.6722993361496681	0.0005781460782424359	3314	36323	0.2622949419601355	False	0.46362813160277694	0.0005781460782424359	3313	36323	0.1537630259990692	False	False
TNFSF10	TNFRSF10D	other	0.42778039537370205	False	0.6722993361496681	0.01371032128403491	3314	36323	0.27401736937463284	False	0.46362813160277694	0.01371032128403491	3313	36323	0.1537630259990692	False	False
TNFSF10	TNFRSF11B	other	0.4158108943811385	False	0.6722993361496681	0.00027530765630592185	3314	36323	0.2620478683820693	False	0.46362813160277694	0.00027530765630592185	3313	36323	0.1537630259990692	False	False
TNFSF11	TNFRSF11A	other	0.005095894914120436	False	0.006638503319251659	0.003854307188282906	3314	36323	0.011415658053010702	False	0.024750980984002413	0.003854307188282906	3313	36323	-0.006319763138890266	False	False
TNFSF11	TNFRSF11B	other	0.0024215822777478024	False	0.006638503319251659	0.00027530765630592185	3314	36323	0.008741345416638069	False	0.024750980984002413	0.00027530765630592185	3313	36323	-0.006319763138890266	False	False
TNFSF12	TNFRSF12A	other	0.019416967406868935	False	0.0515992757996379	0.009222806486248382	3314	36323	0.02737309318035841	False	0.07395110172049502	0.009222806486248382	3313	36323	-0.007956125773489475	False	False
TNFSF12	TNFRSF25	other	0.1184206111356616	False	0.0515992757996379	0.12127302260275859	3314	36323	0.12637673690915108	False	0.07395110172049502	0.12127302260275859	3313	36323	-0.007956125773489475	False	False
TNFSF13	TNFRSF13B	other	0.002015156962443143	False	0.0018105009052504525	0.0021473997191861906	3314	36323	0.002056053199339658	False	0.0018110473890733474	0.0021473997191861906	3313	36323	-4.089623689651489e-05	False	False
TNFSF13	TNFRSF17	other	0.000535966333700344	False	0.0018105009052504525	0.00030283842193651404	3314	36323	0.0005768625705968589	False	0.0018110473890733474	0.00030283842193651404	3313	36323	-4.089623689651489e-05	False	False
TNFSF13B	TNFRSF13B	other	0.009151932317763567	False	0.029269764634882317	0.0021473997191861906	3314	36323	0.011127694509923458	False	0.027467552067612436	0.0021473997191861906	3313	36323	-0.001975762192159891	False	False
TNFSF13B	TNFRSF13C	other	0.017810965422540903	False	0.029269764634882317	0.012306252236874708	3314	36323	0.019786727614700794	False	0.027467552067612436	0.012306252236874708	3313	36323	-0.001975762192159891	False	False
TNFSF13B	TNFRSF17	other	0.007672741689020768	False	0.029269764634882317	0.00030283842193651404	3314	36323	0.009648503881180659	False	0.027467552067612436	0.00030283842193651404	3313	36323	-0.001975762192159891	False	False
TNFSF14	LTBR	other	0.015298857819288969	False	0.024743512371756187	0.009277868017509567	3314	36323	0.022987328935414553	False	0.04859643827346816	0.009277868017509567	3313	36323	-0.007688471116125584	False	False
TNFSF14	TNFRSF14	other	0.09677414689213037	False	0.024743512371756187	0.10425900944305261	3314	36323	0.10446261800825596	False	0.04859643827346816	0.10425900944305261	3313	36323	-0.007688471116125584	False	False
TNFSF15	TNFRSF25	other	0.11719938553869724	False	0.04164152082076041	0.12127302260275859	3314	36323	0.11694860737770796	False	0.045879867189858134	0.12127302260275859	3313	36323	0.0002507781609892845	False	False
TNFSF4	TNFRSF4	other	0.08486675936728716	False	0.047978273989136996	0.07615009773421799	3314	36323	0.08110372629016638	False	0.03652278901297917	0.07615009773421799	3313	36323	0.003763033077120781	False	False
TNFSF8	TNFRSF8	other	0.012200178462080657	False	0.0006035003017501509	0.015720067175068138	3314	36323	0.012993215816095471	False	0.0024147298520977964	0.015720067175068138	3313	36323	-0.0007930373540148139	False	False
TNFSF9	TNFRSF9	other	0.17793242633342743	True	0.16354858177429088	0.12097018418082207	3314	36323	0.14842346869409084	False	0.09175973437971627	0.12097018418082207	3313	36323	0.029508957639336586	True	False
TSLP	CRLF2+IL7R	other	0.009868588473182172	False	0.03892576946288473	0.0007433306720259891	3314	36323	0.01604945136932656	False	0.05916088137639602	0.0007433306720259891	3313	36323	-0.00618086289614439	False	False
UBASH3B	ESR1	other	0.016417920822277665	False	0.045866022933011466	0.0023951766098615204	3314	36323	0.032350073801353574	False	0.09930576516752189	0.0023951766098615204	3313	36323	-0.01593215297907591	False	False
UBASH3B	NR1I2	other	0.01457824997487478	False	0.045866022933011466	0.00022024612504473748	3314	36323	0.030510402953950688	False	0.09930576516752189	0.00022024612504473748	3313	36323	-0.01593215297907591	False	False
UBASH3B	PPARA	other	0.07191447634249926	False	0.045866022933011466	0.06698235277923079	3314	36323	0.08784662932157516	False	0.09930576516752189	0.06698235277923079	3313	36323	-0.01593215297907591	False	False
UCN	CRHR1	other	0.0015085428021848202	False	0.006940253470126735	0.00013765382815296093	3314	36323	0.0010866575757972896	False	0.005433142167220043	0.00013765382815296093	3313	36323	0.00042188522638753057	False	False
UNC5A	ADGRL3	other	0.0032769538229331374	False	0.008750754375377187	0.0010461690939625031	3314	36323	0.003168140654452145	False	0.008753395713854513	0.0010461690939625031	3313	36323	0.00010881316848099232	False	False
VCAM1	ITGA4+ITGB1	other	0.24910645838826895	False	0.009354254677127338	0.265782011397737	3314	36323	0.24845411349087954	False	0.00784787201931784	0.265782011397737	3313	36323	0.0006523448973894119	False	False
VCAM1	ITGA4+ITGB7	other	0.1847633784636855	False	0.009354254677127338	0.20342482724444566	3314	36323	0.1841110335662961	False	0.00784787201931784	0.20342482724444566	3313	36323	0.0006523448973894119	False	False
VCAM1	ITGA9+ITGB1	other	0.005191171308979392	False	0.009354254677127338	0.003248630344409878	3314	36323	0.00453882641158998	False	0.00784787201931784	0.003248630344409878	3313	36323	0.0006523448973894119	False	False
VCAM1	ITGAD+ITGB2	other	0.0036502894945442677	False	0.009354254677127338	0.0009911075627013187	3314	36323	0.0029979445971548557	False	0.00784787201931784	0.0009911075627013187	3313	36323	0.0006523448973894119	False	False
VEGFA	FLT1	other	0.6154624074697495	False	0.8074834037417019	0.016683643972138864	3314	36323	0.5505306571722031	False	0.7038937518865077	0.016683643972138864	3313	36323	0.06493175029754639	False	False
VEGFA	FLT1+KDR	other	0.6013976284884848	False	0.8074834037417019	0.00027530765630592185	3314	36323	0.5364658781909384	False	0.7038937518865077	0.00027530765630592185	3313	36323	0.06493175029754639	False	False
VEGFA	KDR	other	0.6013976284884848	False	0.8074834037417019	0.00027530765630592185	3314	36323	0.5364658781909384	False	0.7038937518865077	0.00027530765630592185	3313	36323	0.06493175029754639	False	False
VEGFA	NRP1	other	0.6035625138320029	False	0.8074834037417019	0.0030834457506263247	3314	36323	0.5386307635344565	False	0.7038937518865077	0.0030834457506263247	3313	36323	0.06493175029754639	False	False
VEGFA	NRP2	other	0.6040951614268124	False	0.8074834037417019	0.003744184125760537	3314	36323	0.539163411129266	False	0.7038937518865077	0.003744184125760537	3313	36323	0.06493175029754639	False	False
VEGFB	FLT1	other	0.19509726762771606	False	0.4975859987929994	0.016683643972138864	3314	36323	0.21149617433547974	False	0.4901901599758527	0.016683643972138864	3313	36323	-0.016398906707763672	False	False
VEGFB	FLT1+KDR	other	0.18103248864645138	False	0.4975859987929994	0.00027530765630592185	3314	36323	0.19743139535421506	False	0.4901901599758527	0.00027530765630592185	3313	36323	-0.016398906707763672	False	False
VEGFB	NRP1	other	0.1831973739899695	False	0.4975859987929994	0.0030834457506263247	3314	36323	0.19959628069773316	False	0.4901901599758527	0.0030834457506263247	3313	36323	-0.016398906707763672	False	False
VEGFD	FLT4	other	0.004721710924059153	False	0.007543753771876886	0.0030283842193651405	3314	36323	0.005343656986951828	False	0.009357078176878962	0.0030283842193651405	3313	36323	-0.0006219460628926754	False	False
VEGFD	KDR	other	0.0020546892774291337	False	0.007543753771876886	0.00027530765630592185	3314	36323	0.002676635340321809	False	0.009357078176878962	0.00027530765630592185	3313	36323	-0.0006219460628926754	False	False
VTN	ITGAV+ITGB1	other	0.023058146914991084	False	0.0006035003017501509	0.027916196349420476	3314	36323	0.023265074589289725	False	0.0006036824630244491	0.027916196349420476	3313	36323	-0.00020692767429864034	False	False
WNT10A	FRZB	other	0.011977328395005316	False	0.03198551599275799	0.00022024612504473748	3314	36323	0.01700903516029939	False	0.04406881980078479	0.00022024612504473748	3313	36323	-0.005031706765294075	False	False
WNT10A	FZD1+LRP5	other	0.013665475649759173	False	0.03198551599275799	0.002808138094320403	3314	36323	0.01869718241505325	False	0.04406881980078479	0.002808138094320403	3313	36323	-0.005031706765294075	False	False
WNT10A	FZD1+LRP6	other	0.013665475649759173	False	0.03198551599275799	0.002808138094320403	3314	36323	0.01869718241505325	False	0.04406881980078479	0.002808138094320403	3313	36323	-0.005031706765294075	False	False
WNT10A	FZD5+LRP5	other	0.0134943324374035	False	0.03198551599275799	0.0023401150786003357	3314	36323	0.018526039202697575	False	0.04406881980078479	0.0023401150786003357	3313	36323	-0.005031706765294075	False	False
WNT10A	FZD5+LRP6	other	0.0134943324374035	False	0.03198551599275799	0.0023401150786003357	3314	36323	0.018526039202697575	False	0.04406881980078479	0.0023401150786003357	3313	36323	-0.005031706765294075	False	False
WNT10A	FZD7+LRP5	other	0.01615992235019803	False	0.03198551599275799	0.0057263992511631745	3314	36323	0.021191629115492105	False	0.04406881980078479	0.0057263992511631745	3313	36323	-0.005031706765294075	False	False
WNT10A	FZD7+LRP6	other	0.015112728113308549	False	0.03198551599275799	0.004239737907111196	3314	36323	0.020144434878602624	False	0.04406881980078479	0.004239737907111196	3313	36323	-0.005031706765294075	False	False
WNT10A	FZD8+LRP5	other	0.013283477979712188	False	0.03198551599275799	0.0020097458910332297	3314	36323	0.018315184745006263	False	0.04406881980078479	0.0020097458910332297	3313	36323	-0.005031706765294075	False	False
WNT10A	FZD8+LRP6	other	0.013283477979712188	False	0.03198551599275799	0.0020097458910332297	3314	36323	0.018315184745006263	False	0.04406881980078479	0.0020097458910332297	3313	36323	-0.005031706765294075	False	False
WNT16	FRZB	other	0.0008362086955457926	False	0.0024140012070006035	0.00022024612504473748	3314	36323	0.0007631649496033788	False	0.0024147298520977964	0.00022024612504473748	3313	36323	7.304374594241381e-05	False	False
WNT16	FZD1+LRP5	other	0.0025243559502996504	False	0.0024140012070006035	0.002808138094320403	3314	36323	0.0024513122043572366	False	0.0024147298520977964	0.002808138094320403	3313	36323	7.304374594241381e-05	False	False
WNT16	FZD1+LRP6	other	0.0025243559502996504	False	0.0024140012070006035	0.002808138094320403	3314	36323	0.0024513122043572366	False	0.0024147298520977964	0.002808138094320403	3313	36323	7.304374594241381e-05	False	False
WNT16	FZD2+LRP5	other	0.001322647905908525	False	0.0024140012070006035	0.0009085152658095422	3314	36323	0.0012496041599661112	False	0.0024147298520977964	0.0009085152658095422	3313	36323	7.304374594241381e-05	False	False
WNT16	FZD2+LRP6	other	0.001322647905908525	False	0.0024140012070006035	0.0009085152658095422	3314	36323	0.0012496041599661112	False	0.0024147298520977964	0.0009085152658095422	3313	36323	7.304374594241381e-05	False	False
WNT16	FZD3+LRP5	other	0.0050188026507385075	False	0.0024140012070006035	0.0057263992511631745	3314	36323	0.004945758904796094	False	0.0024147298520977964	0.0057263992511631745	3313	36323	7.304374594241381e-05	False	False
WNT16	FZD3+LRP6	other	0.003971608413849026	False	0.0024140012070006035	0.004239737907111196	3314	36323	0.003898564667906612	False	0.0024147298520977964	0.004239737907111196	3313	36323	7.304374594241381e-05	False	False
WNT16	FZD4+LRP5	other	0.0009671372536104172	False	0.0024140012070006035	0.0004129614844588828	3314	36323	0.0008940935076680034	False	0.0024147298520977964	0.0004129614844588828	3313	36323	7.304374594241381e-05	False	False
WNT16	FZD4+LRP6	other	0.0009671372536104172	False	0.0024140012070006035	0.0004129614844588828	3314	36323	0.0008940935076680034	False	0.0024147298520977964	0.0004129614844588828	3313	36323	7.304374594241381e-05	False	False
WNT16	FZD5+LRP5	other	0.002353212737943977	False	0.0024140012070006035	0.0023401150786003357	3314	36323	0.0022801689920015633	False	0.0024147298520977964	0.0023401150786003357	3313	36323	7.304374594241381e-05	False	False
WNT16	FZD5+LRP6	other	0.002353212737943977	False	0.0024140012070006035	0.0023401150786003357	3314	36323	0.0022801689920015633	False	0.0024147298520977964	0.0023401150786003357	3313	36323	7.304374594241381e-05	False	False
WNT16	FZD6+LRP5	other	0.0050188026507385075	False	0.0024140012070006035	0.0057263992511631745	3314	36323	0.004945758904796094	False	0.0024147298520977964	0.0057263992511631745	3313	36323	7.304374594241381e-05	False	False
WNT16	FZD6+LRP6	other	0.003971608413849026	False	0.0024140012070006035	0.004239737907111196	3314	36323	0.003898564667906612	False	0.0024147298520977964	0.004239737907111196	3313	36323	7.304374594241381e-05	False	False
WNT16	FZD7+LRP5	other	0.0050188026507385075	False	0.0024140012070006035	0.0057263992511631745	3314	36323	0.004945758904796094	False	0.0024147298520977964	0.0057263992511631745	3313	36323	7.304374594241381e-05	False	False
WNT16	FZD7+LRP6	other	0.003971608413849026	False	0.0024140012070006035	0.004239737907111196	3314	36323	0.003898564667906612	False	0.0024147298520977964	0.004239737907111196	3313	36323	7.304374594241381e-05	False	False
WNT16	FZD8+LRP5	other	0.0021423582802526653	False	0.0024140012070006035	0.0020097458910332297	3314	36323	0.0020693145343102515	False	0.0024147298520977964	0.0020097458910332297	3313	36323	7.304374594241381e-05	False	False
WNT16	FZD8+LRP6	other	0.0021423582802526653	False	0.0024140012070006035	0.0020097458910332297	3314	36323	0.0020693145343102515	False	0.0024147298520977964	0.0020097458910332297	3313	36323	7.304374594241381e-05	False	False
WNT16	SFRP1	other	0.001040667644701898	False	0.0024140012070006035	0.0005230845469812516	3314	36323	0.0009676238987594843	False	0.0024147298520977964	0.0005230845469812516	3313	36323	7.304374594241381e-05	False	False
WNT16	SFRP2	other	0.0013796606799587607	False	0.0024140012070006035	0.0009085152658095422	3314	36323	0.001306616934016347	False	0.0024147298520977964	0.0009085152658095422	3313	36323	7.304374594241381e-05	False	False
WNT16	SFRP4	other	0.0008966583700384945	False	0.0024140012070006035	0.00030283842193651404	3314	36323	0.0008236146240960807	False	0.0024147298520977964	0.00030283842193651404	3313	36323	7.304374594241381e-05	False	False
WNT16	SFRP5	other	0.0008288034296128899	False	0.0024140012070006035	0.0001651845937835531	3314	36323	0.0007557596836704761	False	0.0024147298520977964	0.0001651845937835531	3313	36323	7.304374594241381e-05	False	False
WNT2B	FRZB	other	0.03160195838427171	False	0.11044055522027761	0.00022024612504473748	3314	36323	0.01881795417284593	False	0.06912164201629943	0.00022024612504473748	3313	36323	0.012784004211425781	False	False
WNT2B	FZD1+LRP5	other	0.03329010563902557	False	0.11044055522027761	0.002808138094320403	3314	36323	0.020506101427599788	False	0.06912164201629943	0.002808138094320403	3313	36323	0.012784004211425781	False	False
WNT2B	FZD1+LRP6	other	0.03329010563902557	False	0.11044055522027761	0.002808138094320403	3314	36323	0.020506101427599788	False	0.06912164201629943	0.002808138094320403	3313	36323	0.012784004211425781	False	False
WNT2B	FZD2+LRP5	other	0.032088397594634444	False	0.11044055522027761	0.0009085152658095422	3314	36323	0.019304393383208662	False	0.06912164201629943	0.0009085152658095422	3313	36323	0.012784004211425781	False	False
WNT2B	FZD2+LRP6	other	0.032088397594634444	False	0.11044055522027761	0.0009085152658095422	3314	36323	0.019304393383208662	False	0.06912164201629943	0.0009085152658095422	3313	36323	0.012784004211425781	False	False
WNT2B	FZD3+LRP5	other	0.035784552339464426	False	0.11044055522027761	0.0057263992511631745	3314	36323	0.023000548128038645	False	0.06912164201629943	0.0057263992511631745	3313	36323	0.012784004211425781	False	False
WNT2B	FZD3+LRP6	other	0.034737358102574944	False	0.11044055522027761	0.004239737907111196	3314	36323	0.021953353891149163	False	0.06912164201629943	0.004239737907111196	3313	36323	0.012784004211425781	False	False
WNT2B	FZD4+LRP5	other	0.031732886942336336	False	0.11044055522027761	0.0004129614844588828	3314	36323	0.018948882730910555	False	0.06912164201629943	0.0004129614844588828	3313	36323	0.012784004211425781	False	False
WNT2B	FZD4+LRP6	other	0.031732886942336336	False	0.11044055522027761	0.0004129614844588828	3314	36323	0.018948882730910555	False	0.06912164201629943	0.0004129614844588828	3313	36323	0.012784004211425781	False	False
WNT2B	FZD5+LRP5	other	0.033118962426669896	False	0.11044055522027761	0.0023401150786003357	3314	36323	0.020334958215244114	False	0.06912164201629943	0.0023401150786003357	3313	36323	0.012784004211425781	False	False
WNT2B	FZD5+LRP6	other	0.033118962426669896	False	0.11044055522027761	0.0023401150786003357	3314	36323	0.020334958215244114	False	0.06912164201629943	0.0023401150786003357	3313	36323	0.012784004211425781	False	False
WNT2B	FZD6+LRP5	other	0.035784552339464426	False	0.11044055522027761	0.0057263992511631745	3314	36323	0.023000548128038645	False	0.06912164201629943	0.0057263992511631745	3313	36323	0.012784004211425781	False	False
WNT2B	FZD6+LRP6	other	0.034737358102574944	False	0.11044055522027761	0.004239737907111196	3314	36323	0.021953353891149163	False	0.06912164201629943	0.004239737907111196	3313	36323	0.012784004211425781	False	False
WNT2B	FZD7+LRP5	other	0.035784552339464426	False	0.11044055522027761	0.0057263992511631745	3314	36323	0.023000548128038645	False	0.06912164201629943	0.0057263992511631745	3313	36323	0.012784004211425781	False	False
WNT2B	FZD7+LRP6	other	0.034737358102574944	False	0.11044055522027761	0.004239737907111196	3314	36323	0.021953353891149163	False	0.06912164201629943	0.004239737907111196	3313	36323	0.012784004211425781	False	False
WNT2B	FZD8+LRP5	other	0.032908107968978584	False	0.11044055522027761	0.0020097458910332297	3314	36323	0.020124103757552803	False	0.06912164201629943	0.0020097458910332297	3313	36323	0.012784004211425781	False	False
WNT2B	FZD8+LRP6	other	0.032908107968978584	False	0.11044055522027761	0.0020097458910332297	3314	36323	0.020124103757552803	False	0.06912164201629943	0.0020097458910332297	3313	36323	0.012784004211425781	False	False
WNT2B	SFRP1	other	0.03180641733342782	False	0.11044055522027761	0.0005230845469812516	3314	36323	0.019022413122002035	False	0.06912164201629943	0.0005230845469812516	3313	36323	0.012784004211425781	False	False
WNT2B	SFRP2	other	0.03214541036868468	False	0.11044055522027761	0.0009085152658095422	3314	36323	0.019361406157258898	False	0.06912164201629943	0.0009085152658095422	3313	36323	0.012784004211425781	False	False
WNT2B	SFRP4	other	0.03166240805876441	False	0.11044055522027761	0.00030283842193651404	3314	36323	0.018878403847338632	False	0.06912164201629943	0.00030283842193651404	3313	36323	0.012784004211425781	False	False
WNT2B	SFRP5	other	0.03159455311833881	False	0.11044055522027761	0.0001651845937835531	3314	36323	0.018810548906913027	False	0.06912164201629943	0.0001651845937835531	3313	36323	0.012784004211425781	False	False
WNT3	FRZB	other	0.024208780785556883	False	0.09414604707302354	0.00022024612504473748	3314	36323	0.023416463693138212	False	0.08783579837005735	0.00022024612504473748	3313	36323	0.0007923170924186707	False	False
WNT3	FZD1+LRP5	other	0.02589692804031074	False	0.09414604707302354	0.002808138094320403	3314	36323	0.02510461094789207	False	0.08783579837005735	0.002808138094320403	3313	36323	0.0007923170924186707	False	False
WNT3	FZD1+LRP6	other	0.02589692804031074	False	0.09414604707302354	0.002808138094320403	3314	36323	0.02510461094789207	False	0.08783579837005735	0.002808138094320403	3313	36323	0.0007923170924186707	False	False
WNT3	FZD2+LRP5	other	0.024695219995919615	False	0.09414604707302354	0.0009085152658095422	3314	36323	0.023902902903500944	False	0.08783579837005735	0.0009085152658095422	3313	36323	0.0007923170924186707	False	False
WNT3	FZD2+LRP6	other	0.024695219995919615	False	0.09414604707302354	0.0009085152658095422	3314	36323	0.023902902903500944	False	0.08783579837005735	0.0009085152658095422	3313	36323	0.0007923170924186707	False	False
WNT3	FZD3+LRP5	other	0.028391374740749598	False	0.09414604707302354	0.0057263992511631745	3314	36323	0.027599057648330927	False	0.08783579837005735	0.0057263992511631745	3313	36323	0.0007923170924186707	False	False
WNT3	FZD3+LRP6	other	0.027344180503860116	False	0.09414604707302354	0.004239737907111196	3314	36323	0.026551863411441445	False	0.08783579837005735	0.004239737907111196	3313	36323	0.0007923170924186707	False	False
WNT3	FZD4+LRP5	other	0.024339709343621507	False	0.09414604707302354	0.0004129614844588828	3314	36323	0.023547392251202837	False	0.08783579837005735	0.0004129614844588828	3313	36323	0.0007923170924186707	False	False
WNT3	FZD4+LRP6	other	0.024339709343621507	False	0.09414604707302354	0.0004129614844588828	3314	36323	0.023547392251202837	False	0.08783579837005735	0.0004129614844588828	3313	36323	0.0007923170924186707	False	False
WNT3	FZD5+LRP5	other	0.025725784827955067	False	0.09414604707302354	0.0023401150786003357	3314	36323	0.024933467735536397	False	0.08783579837005735	0.0023401150786003357	3313	36323	0.0007923170924186707	False	False
WNT3	FZD5+LRP6	other	0.025725784827955067	False	0.09414604707302354	0.0023401150786003357	3314	36323	0.024933467735536397	False	0.08783579837005735	0.0023401150786003357	3313	36323	0.0007923170924186707	False	False
WNT3	FZD6+LRP5	other	0.028391374740749598	False	0.09414604707302354	0.0057263992511631745	3314	36323	0.027599057648330927	False	0.08783579837005735	0.0057263992511631745	3313	36323	0.0007923170924186707	False	False
WNT3	FZD6+LRP6	other	0.027344180503860116	False	0.09414604707302354	0.004239737907111196	3314	36323	0.026551863411441445	False	0.08783579837005735	0.004239737907111196	3313	36323	0.0007923170924186707	False	False
WNT3	FZD7+LRP5	other	0.028391374740749598	False	0.09414604707302354	0.0057263992511631745	3314	36323	0.027599057648330927	False	0.08783579837005735	0.0057263992511631745	3313	36323	0.0007923170924186707	False	False
WNT3	FZD7+LRP6	other	0.027344180503860116	False	0.09414604707302354	0.004239737907111196	3314	36323	0.026551863411441445	False	0.08783579837005735	0.004239737907111196	3313	36323	0.0007923170924186707	False	False
WNT3	FZD8+LRP5	other	0.025514930370263755	False	0.09414604707302354	0.0020097458910332297	3314	36323	0.024722613277845085	False	0.08783579837005735	0.0020097458910332297	3313	36323	0.0007923170924186707	False	False
WNT3	FZD8+LRP6	other	0.025514930370263755	False	0.09414604707302354	0.0020097458910332297	3314	36323	0.024722613277845085	False	0.08783579837005735	0.0020097458910332297	3313	36323	0.0007923170924186707	False	False
WNT3	FZD8+RYK	other	0.025514930370263755	False	0.09414604707302354	0.0020097458910332297	3314	36323	0.024722613277845085	False	0.08783579837005735	0.0020097458910332297	3313	36323	0.0007923170924186707	False	False
WNT3	SFRP1	other	0.024413239734712988	False	0.09414604707302354	0.0005230845469812516	3314	36323	0.023620922642294317	False	0.08783579837005735	0.0005230845469812516	3313	36323	0.0007923170924186707	False	False
WNT3	SFRP2	other	0.02475223276996985	False	0.09414604707302354	0.0009085152658095422	3314	36323	0.02395991567755118	False	0.08783579837005735	0.0009085152658095422	3313	36323	0.0007923170924186707	False	False
WNT3	SFRP4	other	0.024269230460049585	False	0.09414604707302354	0.00030283842193651404	3314	36323	0.023476913367630914	False	0.08783579837005735	0.00030283842193651404	3313	36323	0.0007923170924186707	False	False
WNT3	SFRP5	other	0.02420137551962398	False	0.09414604707302354	0.0001651845937835531	3314	36323	0.02340905842720531	False	0.08783579837005735	0.0001651845937835531	3313	36323	0.0007923170924186707	False	False
WNT3A	FRZB	other	0.006597904430236667	False	0.02776101388050694	0.00022024612504473748	3314	36323	0.008917304163333029	False	0.036824630244491396	0.00022024612504473748	3313	36323	-0.002319399733096361	False	False
WNT3A	FZD1+LRP5	other	0.008286051684990525	False	0.02776101388050694	0.002808138094320403	3314	36323	0.010605451418086886	False	0.036824630244491396	0.002808138094320403	3313	36323	-0.002319399733096361	False	False
WNT3A	FZD1+LRP6	other	0.008286051684990525	False	0.02776101388050694	0.002808138094320403	3314	36323	0.010605451418086886	False	0.036824630244491396	0.002808138094320403	3313	36323	-0.002319399733096361	False	False
WNT3A	FZD2+LRP5	other	0.0070843436405994	False	0.02776101388050694	0.0009085152658095422	3314	36323	0.009403743373695761	False	0.036824630244491396	0.0009085152658095422	3313	36323	-0.002319399733096361	False	False
WNT3A	FZD2+LRP6	other	0.0070843436405994	False	0.02776101388050694	0.0009085152658095422	3314	36323	0.009403743373695761	False	0.036824630244491396	0.0009085152658095422	3313	36323	-0.002319399733096361	False	False
WNT3A	FZD3+LRP5	other	0.010780498385429382	False	0.02776101388050694	0.0057263992511631745	3314	36323	0.013099898118525743	False	0.036824630244491396	0.0057263992511631745	3313	36323	-0.002319399733096361	False	False
WNT3A	FZD3+LRP6	other	0.0097333041485399	False	0.02776101388050694	0.004239737907111196	3314	36323	0.012052703881636262	False	0.036824630244491396	0.004239737907111196	3313	36323	-0.002319399733096361	False	False
WNT3A	FZD4+LRP5	other	0.006728832988301292	False	0.02776101388050694	0.0004129614844588828	3314	36323	0.009048232721397653	False	0.036824630244491396	0.0004129614844588828	3313	36323	-0.002319399733096361	False	False
WNT3A	FZD4+LRP6	other	0.006728832988301292	False	0.02776101388050694	0.0004129614844588828	3314	36323	0.009048232721397653	False	0.036824630244491396	0.0004129614844588828	3313	36323	-0.002319399733096361	False	False
WNT3A	FZD5+LRP5	other	0.008114908472634852	False	0.02776101388050694	0.0023401150786003357	3314	36323	0.010434308205731213	False	0.036824630244491396	0.0023401150786003357	3313	36323	-0.002319399733096361	False	False
WNT3A	FZD5+LRP6	other	0.008114908472634852	False	0.02776101388050694	0.0023401150786003357	3314	36323	0.010434308205731213	False	0.036824630244491396	0.0023401150786003357	3313	36323	-0.002319399733096361	False	False
WNT3A	FZD6+LRP5	other	0.010780498385429382	False	0.02776101388050694	0.0057263992511631745	3314	36323	0.013099898118525743	False	0.036824630244491396	0.0057263992511631745	3313	36323	-0.002319399733096361	False	False
WNT3A	FZD6+LRP6	other	0.0097333041485399	False	0.02776101388050694	0.004239737907111196	3314	36323	0.012052703881636262	False	0.036824630244491396	0.004239737907111196	3313	36323	-0.002319399733096361	False	False
WNT3A	FZD7+LRP5	other	0.010780498385429382	False	0.02776101388050694	0.0057263992511631745	3314	36323	0.013099898118525743	False	0.036824630244491396	0.0057263992511631745	3313	36323	-0.002319399733096361	False	False
WNT3A	FZD7+LRP6	other	0.0097333041485399	False	0.02776101388050694	0.004239737907111196	3314	36323	0.012052703881636262	False	0.036824630244491396	0.004239737907111196	3313	36323	-0.002319399733096361	False	False
WNT3A	FZD8+LRP5	other	0.00790405401494354	False	0.02776101388050694	0.0020097458910332297	3314	36323	0.010223453748039901	False	0.036824630244491396	0.0020097458910332297	3313	36323	-0.002319399733096361	False	False
WNT3A	FZD8+LRP6	other	0.00790405401494354	False	0.02776101388050694	0.0020097458910332297	3314	36323	0.010223453748039901	False	0.036824630244491396	0.0020097458910332297	3313	36323	-0.002319399733096361	False	False
WNT3A	FZD8+RYK	other	0.00790405401494354	False	0.02776101388050694	0.0020097458910332297	3314	36323	0.010223453748039901	False	0.036824630244491396	0.0020097458910332297	3313	36323	-0.002319399733096361	False	False
WNT3A	SFRP1	other	0.006802363379392773	False	0.02776101388050694	0.0005230845469812516	3314	36323	0.009121763112489134	False	0.036824630244491396	0.0005230845469812516	3313	36323	-0.002319399733096361	False	False
WNT3A	SFRP2	other	0.0071413564146496356	False	0.02776101388050694	0.0009085152658095422	3314	36323	0.009460756147745997	False	0.036824630244491396	0.0009085152658095422	3313	36323	-0.002319399733096361	False	False
WNT3A	SFRP4	other	0.006658354104729369	False	0.02776101388050694	0.00030283842193651404	3314	36323	0.00897775383782573	False	0.036824630244491396	0.00030283842193651404	3313	36323	-0.002319399733096361	False	False
WNT3A	SFRP5	other	0.006590499164303765	False	0.02776101388050694	0.0001651845937835531	3314	36323	0.008909898897400126	False	0.036824630244491396	0.0001651845937835531	3313	36323	-0.002319399733096361	False	False
WNT4	FRZB	other	0.004371223913040012	False	0.016294508147254073	0.00022024612504473748	3314	36323	0.003594329988118261	False	0.012677331723513431	0.00022024612504473748	3313	36323	0.000776893924921751	False	False
WNT4	FZD1+LRP5	other	0.00605937116779387	False	0.016294508147254073	0.002808138094320403	3314	36323	0.005282477242872119	False	0.012677331723513431	0.002808138094320403	3313	36323	0.000776893924921751	False	False
WNT4	FZD1+LRP6	other	0.00605937116779387	False	0.016294508147254073	0.002808138094320403	3314	36323	0.005282477242872119	False	0.012677331723513431	0.002808138094320403	3313	36323	0.000776893924921751	False	False
WNT4	FZD2+LRP5	other	0.0048576631234027445	False	0.016294508147254073	0.0009085152658095422	3314	36323	0.0040807691984809935	False	0.012677331723513431	0.0009085152658095422	3313	36323	0.000776893924921751	False	False
WNT4	FZD2+LRP6	other	0.0048576631234027445	False	0.016294508147254073	0.0009085152658095422	3314	36323	0.0040807691984809935	False	0.012677331723513431	0.0009085152658095422	3313	36323	0.000776893924921751	False	False
WNT4	FZD3+LRP5	other	0.008553817868232727	False	0.016294508147254073	0.0057263992511631745	3314	36323	0.007776923943310976	False	0.012677331723513431	0.0057263992511631745	3313	36323	0.000776893924921751	False	False
WNT4	FZD3+LRP6	other	0.0075066236313432455	False	0.016294508147254073	0.004239737907111196	3314	36323	0.0067297297064214945	False	0.012677331723513431	0.004239737907111196	3313	36323	0.000776893924921751	False	False
WNT4	FZD4+LRP5	other	0.004502152471104637	False	0.016294508147254073	0.0004129614844588828	3314	36323	0.0037252585461828858	False	0.012677331723513431	0.0004129614844588828	3313	36323	0.000776893924921751	False	False
WNT4	FZD4+LRP6	other	0.004502152471104637	False	0.016294508147254073	0.0004129614844588828	3314	36323	0.0037252585461828858	False	0.012677331723513431	0.0004129614844588828	3313	36323	0.000776893924921751	False	False
WNT4	FZD5+LRP5	other	0.005888227955438197	False	0.016294508147254073	0.0023401150786003357	3314	36323	0.005111334030516446	False	0.012677331723513431	0.0023401150786003357	3313	36323	0.000776893924921751	False	False
WNT4	FZD5+LRP6	other	0.005888227955438197	False	0.016294508147254073	0.0023401150786003357	3314	36323	0.005111334030516446	False	0.012677331723513431	0.0023401150786003357	3313	36323	0.000776893924921751	False	False
WNT4	FZD6+LRP5	other	0.008553817868232727	False	0.016294508147254073	0.0057263992511631745	3314	36323	0.007776923943310976	False	0.012677331723513431	0.0057263992511631745	3313	36323	0.000776893924921751	False	False
WNT4	FZD6+LRP6	other	0.0075066236313432455	False	0.016294508147254073	0.004239737907111196	3314	36323	0.0067297297064214945	False	0.012677331723513431	0.004239737907111196	3313	36323	0.000776893924921751	False	False
WNT4	FZD7+LRP5	other	0.008553817868232727	False	0.016294508147254073	0.0057263992511631745	3314	36323	0.007776923943310976	False	0.012677331723513431	0.0057263992511631745	3313	36323	0.000776893924921751	False	False
WNT4	FZD7+LRP6	other	0.0075066236313432455	False	0.016294508147254073	0.004239737907111196	3314	36323	0.0067297297064214945	False	0.012677331723513431	0.004239737907111196	3313	36323	0.000776893924921751	False	False
WNT4	FZD8+LRP5	other	0.005677373497746885	False	0.016294508147254073	0.0020097458910332297	3314	36323	0.004900479572825134	False	0.012677331723513431	0.0020097458910332297	3313	36323	0.000776893924921751	False	False
WNT4	FZD8+LRP6	other	0.005677373497746885	False	0.016294508147254073	0.0020097458910332297	3314	36323	0.004900479572825134	False	0.012677331723513431	0.0020097458910332297	3313	36323	0.000776893924921751	False	False
WNT4	SFRP1	other	0.004575682862196118	False	0.016294508147254073	0.0005230845469812516	3314	36323	0.0037987889372743666	False	0.012677331723513431	0.0005230845469812516	3313	36323	0.000776893924921751	False	False
WNT4	SFRP2	other	0.00491467589745298	False	0.016294508147254073	0.0009085152658095422	3314	36323	0.004137781972531229	False	0.012677331723513431	0.0009085152658095422	3313	36323	0.000776893924921751	False	False
WNT4	SFRP4	other	0.004431673587532714	False	0.016294508147254073	0.00030283842193651404	3314	36323	0.003654779662610963	False	0.012677331723513431	0.00030283842193651404	3313	36323	0.000776893924921751	False	False
WNT4	SFRP5	other	0.004363818647107109	False	0.016294508147254073	0.0001651845937835531	3314	36323	0.0035869247221853584	False	0.012677331723513431	0.0001651845937835531	3313	36323	0.000776893924921751	False	False
WNT5A	FRZB	other	0.1237565804622136	False	0.3283041641520821	0.00022024612504473748	3314	36323	0.1311268288991414	False	0.30425596136432237	0.00022024612504473748	3313	36323	-0.007370248436927795	False	False
WNT5A	FZD2+LRP5	other	0.12424301967257634	False	0.3283041641520821	0.0009085152658095422	3314	36323	0.13161326810950413	False	0.30425596136432237	0.0009085152658095422	3313	36323	-0.007370248436927795	False	False
WNT5A	FZD2+LRP6	other	0.12424301967257634	False	0.3283041641520821	0.0009085152658095422	3314	36323	0.13161326810950413	False	0.30425596136432237	0.0009085152658095422	3313	36323	-0.007370248436927795	False	False
WNT5A	FZD3+LRP5	other	0.12793917441740632	False	0.3283041641520821	0.0057263992511631745	3314	36323	0.13530942285433412	False	0.30425596136432237	0.0057263992511631745	3313	36323	-0.007370248436927795	False	False
WNT5A	FZD3+LRP6	other	0.12689198018051684	False	0.3283041641520821	0.004239737907111196	3314	36323	0.13426222861744463	False	0.30425596136432237	0.004239737907111196	3313	36323	-0.007370248436927795	False	False
WNT5A	FZD4+LRP5	other	0.12388750902027823	False	0.3283041641520821	0.0004129614844588828	3314	36323	0.13125775745720603	False	0.30425596136432237	0.0004129614844588828	3313	36323	-0.007370248436927795	False	False
WNT5A	FZD4+LRP6	other	0.12388750902027823	False	0.3283041641520821	0.0004129614844588828	3314	36323	0.13125775745720603	False	0.30425596136432237	0.0004129614844588828	3313	36323	-0.007370248436927795	False	False
WNT5A	FZD5+LRP5	other	0.1252735845046118	False	0.3283041641520821	0.0023401150786003357	3314	36323	0.13264383294153959	False	0.30425596136432237	0.0023401150786003357	3313	36323	-0.007370248436927795	False	False
WNT5A	FZD5+LRP6	other	0.1252735845046118	False	0.3283041641520821	0.0023401150786003357	3314	36323	0.13264383294153959	False	0.30425596136432237	0.0023401150786003357	3313	36323	-0.007370248436927795	False	False
WNT5A	FZD6+LRP5	other	0.12793917441740632	False	0.3283041641520821	0.0057263992511631745	3314	36323	0.13530942285433412	False	0.30425596136432237	0.0057263992511631745	3313	36323	-0.007370248436927795	False	False
WNT5A	FZD6+LRP6	other	0.12689198018051684	False	0.3283041641520821	0.004239737907111196	3314	36323	0.13426222861744463	False	0.30425596136432237	0.004239737907111196	3313	36323	-0.007370248436927795	False	False
WNT5A	FZD7+LRP5	other	0.12793917441740632	False	0.3283041641520821	0.0057263992511631745	3314	36323	0.13530942285433412	False	0.30425596136432237	0.0057263992511631745	3313	36323	-0.007370248436927795	False	False
WNT5A	FZD7+LRP6	other	0.12689198018051684	False	0.3283041641520821	0.004239737907111196	3314	36323	0.13426222861744463	False	0.30425596136432237	0.004239737907111196	3313	36323	-0.007370248436927795	False	False
WNT5A	FZD8+LRP5	other	0.12506273004692048	False	0.3283041641520821	0.0020097458910332297	3314	36323	0.13243297848384827	False	0.30425596136432237	0.0020097458910332297	3313	36323	-0.007370248436927795	False	False
WNT5A	FZD8+LRP6	other	0.12506273004692048	False	0.3283041641520821	0.0020097458910332297	3314	36323	0.13243297848384827	False	0.30425596136432237	0.0020097458910332297	3313	36323	-0.007370248436927795	False	False
WNT5A	FZD8+RYK	other	0.12506273004692048	False	0.3283041641520821	0.0020097458910332297	3314	36323	0.13243297848384827	False	0.30425596136432237	0.0020097458910332297	3313	36323	-0.007370248436927795	False	False
WNT5A	ROR1	other	0.12403333405382	False	0.3283041641520821	0.0005506153126118437	3314	36323	0.1314035824907478	False	0.30425596136432237	0.0005506153126118437	3313	36323	-0.007370248436927795	False	False
WNT5A	ROR2	other	0.12417138740420341	False	0.3283041641520821	0.0006882691407648047	3314	36323	0.1315416358411312	False	0.30425596136432237	0.0006882691407648047	3313	36323	-0.007370248436927795	False	False
WNT5A	SFRP1	other	0.12396103941136971	False	0.3283041641520821	0.0005230845469812516	3314	36323	0.1313312878482975	False	0.30425596136432237	0.0005230845469812516	3313	36323	-0.007370248436927795	False	False
WNT5A	SFRP2	other	0.12430003244662657	False	0.3283041641520821	0.0009085152658095422	3314	36323	0.13167028088355437	False	0.30425596136432237	0.0009085152658095422	3313	36323	-0.007370248436927795	False	False
WNT5A	SFRP4	other	0.12381703013670631	False	0.3283041641520821	0.00030283842193651404	3314	36323	0.1311872785736341	False	0.30425596136432237	0.00030283842193651404	3313	36323	-0.007370248436927795	False	False
WNT5A	SFRP5	other	0.1237491751962807	False	0.3283041641520821	0.0001651845937835531	3314	36323	0.1311194236332085	False	0.30425596136432237	0.0001651845937835531	3313	36323	-0.007370248436927795	False	False
WNT5B	FRZB	other	0.015269311552401632	False	0.05220277610138805	0.00022024612504473748	3314	36323	0.007997437787707895	False	0.025958345910051313	0.00022024612504473748	3313	36323	0.007271873764693737	False	False
WNT5B	FZD1+LRP5	other	0.01695745880715549	False	0.05220277610138805	0.002808138094320403	3314	36323	0.009685585042461753	False	0.025958345910051313	0.002808138094320403	3313	36323	0.007271873764693737	False	False
WNT5B	FZD1+LRP6	other	0.01695745880715549	False	0.05220277610138805	0.002808138094320403	3314	36323	0.009685585042461753	False	0.025958345910051313	0.002808138094320403	3313	36323	0.007271873764693737	False	False
WNT5B	FZD2+LRP5	other	0.015755750762764364	False	0.05220277610138805	0.0009085152658095422	3314	36323	0.008483876998070627	False	0.025958345910051313	0.0009085152658095422	3313	36323	0.007271873764693737	False	False
WNT5B	FZD2+LRP6	other	0.015755750762764364	False	0.05220277610138805	0.0009085152658095422	3314	36323	0.008483876998070627	False	0.025958345910051313	0.0009085152658095422	3313	36323	0.007271873764693737	False	False
WNT5B	FZD3+LRP5	other	0.019451905507594347	False	0.05220277610138805	0.0057263992511631745	3314	36323	0.01218003174290061	False	0.025958345910051313	0.0057263992511631745	3313	36323	0.007271873764693737	False	False
WNT5B	FZD3+LRP6	other	0.018404711270704865	False	0.05220277610138805	0.004239737907111196	3314	36323	0.011132837506011128	False	0.025958345910051313	0.004239737907111196	3313	36323	0.007271873764693737	False	False
WNT5B	FZD4+LRP5	other	0.015400240110466257	False	0.05220277610138805	0.0004129614844588828	3314	36323	0.00812836634577252	False	0.025958345910051313	0.0004129614844588828	3313	36323	0.007271873764693737	False	False
WNT5B	FZD4+LRP6	other	0.015400240110466257	False	0.05220277610138805	0.0004129614844588828	3314	36323	0.00812836634577252	False	0.025958345910051313	0.0004129614844588828	3313	36323	0.007271873764693737	False	False
WNT5B	FZD5+LRP5	other	0.016786315594799817	False	0.05220277610138805	0.0023401150786003357	3314	36323	0.00951444183010608	False	0.025958345910051313	0.0023401150786003357	3313	36323	0.007271873764693737	False	False
WNT5B	FZD5+LRP6	other	0.016786315594799817	False	0.05220277610138805	0.0023401150786003357	3314	36323	0.00951444183010608	False	0.025958345910051313	0.0023401150786003357	3313	36323	0.007271873764693737	False	False
WNT5B	FZD6+LRP5	other	0.019451905507594347	False	0.05220277610138805	0.0057263992511631745	3314	36323	0.01218003174290061	False	0.025958345910051313	0.0057263992511631745	3313	36323	0.007271873764693737	False	False
WNT5B	FZD6+LRP6	other	0.018404711270704865	False	0.05220277610138805	0.004239737907111196	3314	36323	0.011132837506011128	False	0.025958345910051313	0.004239737907111196	3313	36323	0.007271873764693737	False	False
WNT5B	FZD7+LRP5	other	0.019451905507594347	False	0.05220277610138805	0.0057263992511631745	3314	36323	0.01218003174290061	False	0.025958345910051313	0.0057263992511631745	3313	36323	0.007271873764693737	False	False
WNT5B	FZD7+LRP6	other	0.018404711270704865	False	0.05220277610138805	0.004239737907111196	3314	36323	0.011132837506011128	False	0.025958345910051313	0.004239737907111196	3313	36323	0.007271873764693737	False	False
WNT5B	FZD8+LRP5	other	0.016575461137108505	False	0.05220277610138805	0.0020097458910332297	3314	36323	0.009303587372414768	False	0.025958345910051313	0.0020097458910332297	3313	36323	0.007271873764693737	False	False
WNT5B	FZD8+LRP6	other	0.016575461137108505	False	0.05220277610138805	0.0020097458910332297	3314	36323	0.009303587372414768	False	0.025958345910051313	0.0020097458910332297	3313	36323	0.007271873764693737	False	False
WNT5B	SFRP1	other	0.015473770501557738	False	0.05220277610138805	0.0005230845469812516	3314	36323	0.008201896736864	False	0.025958345910051313	0.0005230845469812516	3313	36323	0.007271873764693737	False	False
WNT5B	SFRP2	other	0.0158127635368146	False	0.05220277610138805	0.0009085152658095422	3314	36323	0.008540889772120863	False	0.025958345910051313	0.0009085152658095422	3313	36323	0.007271873764693737	False	False
WNT5B	SFRP4	other	0.015329761226894334	False	0.05220277610138805	0.00030283842193651404	3314	36323	0.008057887462200597	False	0.025958345910051313	0.00030283842193651404	3313	36323	0.007271873764693737	False	False
WNT5B	SFRP5	other	0.01526190628646873	False	0.05220277610138805	0.0001651845937835531	3314	36323	0.007990032521774992	False	0.025958345910051313	0.0001651845937835531	3313	36323	0.007271873764693737	False	False
WNT6	FRZB	other	0.0002500515620340593	False	0.0006035003017501509	0.00022024612504473748	3314	36323	0.00021221695351414382	False	0.00030184123151222455	0.00022024612504473748	3313	36323	3.783460851991549e-05	False	False
WNT6	FZD1+LRP5	other	0.0019381988167879172	False	0.0006035003017501509	0.002808138094320403	3314	36323	0.0019003642082680017	False	0.00030184123151222455	0.002808138094320403	3313	36323	3.783460851991549e-05	False	False
WNT6	FZD1+LRP6	other	0.0019381988167879172	False	0.0006035003017501509	0.002808138094320403	3314	36323	0.0019003642082680017	False	0.00030184123151222455	0.002808138094320403	3313	36323	3.783460851991549e-05	False	False
WNT6	FZD2+LRP5	other	0.0007364907723967917	False	0.0006035003017501509	0.0009085152658095422	3314	36323	0.0006986561638768762	False	0.00030184123151222455	0.0009085152658095422	3313	36323	3.783460851991549e-05	False	False
WNT6	FZD2+LRP6	other	0.0007364907723967917	False	0.0006035003017501509	0.0009085152658095422	3314	36323	0.0006986561638768762	False	0.00030184123151222455	0.0009085152658095422	3313	36323	3.783460851991549e-05	False	False
WNT6	FZD3+LRP5	other	0.004432645517226774	False	0.0006035003017501509	0.0057263992511631745	3314	36323	0.004394810908706859	False	0.00030184123151222455	0.0057263992511631745	3313	36323	3.783460851991549e-05	False	False
WNT6	FZD3+LRP6	other	0.0033854512803372927	False	0.0006035003017501509	0.004239737907111196	3314	36323	0.003347616671817377	False	0.00030184123151222455	0.004239737907111196	3313	36323	3.783460851991549e-05	False	False
WNT6	FZD4+LRP5	other	0.000380980120098684	False	0.0006035003017501509	0.0004129614844588828	3314	36323	0.0003431455115787685	False	0.00030184123151222455	0.0004129614844588828	3313	36323	3.783460851991549e-05	False	False
WNT6	FZD4+LRP6	other	0.000380980120098684	False	0.0006035003017501509	0.0004129614844588828	3314	36323	0.0003431455115787685	False	0.00030184123151222455	0.0004129614844588828	3313	36323	3.783460851991549e-05	False	False
WNT6	FZD5+LRP5	other	0.0017670556044322439	False	0.0006035003017501509	0.0023401150786003357	3314	36323	0.0017292209959123284	False	0.00030184123151222455	0.0023401150786003357	3313	36323	3.783460851991549e-05	False	False
WNT6	FZD5+LRP6	other	0.0017670556044322439	False	0.0006035003017501509	0.0023401150786003357	3314	36323	0.0017292209959123284	False	0.00030184123151222455	0.0023401150786003357	3313	36323	3.783460851991549e-05	False	False
WNT6	FZD6+LRP5	other	0.004432645517226774	False	0.0006035003017501509	0.0057263992511631745	3314	36323	0.004394810908706859	False	0.00030184123151222455	0.0057263992511631745	3313	36323	3.783460851991549e-05	False	False
WNT6	FZD6+LRP6	other	0.0033854512803372927	False	0.0006035003017501509	0.004239737907111196	3314	36323	0.003347616671817377	False	0.00030184123151222455	0.004239737907111196	3313	36323	3.783460851991549e-05	False	False
WNT6	FZD7+LRP5	other	0.004432645517226774	False	0.0006035003017501509	0.0057263992511631745	3314	36323	0.004394810908706859	False	0.00030184123151222455	0.0057263992511631745	3313	36323	3.783460851991549e-05	False	False
WNT6	FZD7+LRP6	other	0.0033854512803372927	False	0.0006035003017501509	0.004239737907111196	3314	36323	0.003347616671817377	False	0.00030184123151222455	0.004239737907111196	3313	36323	3.783460851991549e-05	False	False
WNT6	FZD8+LRP5	other	0.001556201146740932	False	0.0006035003017501509	0.0020097458910332297	3314	36323	0.0015183665382210165	False	0.00030184123151222455	0.0020097458910332297	3313	36323	3.783460851991549e-05	False	False
WNT6	FZD8+LRP6	other	0.001556201146740932	False	0.0006035003017501509	0.0020097458910332297	3314	36323	0.0015183665382210165	False	0.00030184123151222455	0.0020097458910332297	3313	36323	3.783460851991549e-05	False	False
WNT6	SFRP1	other	0.00045451051119016483	False	0.0006035003017501509	0.0005230845469812516	3314	36323	0.00041667590267024934	False	0.00030184123151222455	0.0005230845469812516	3313	36323	3.783460851991549e-05	False	False
WNT6	SFRP2	other	0.0007935035464470275	False	0.0006035003017501509	0.0009085152658095422	3314	36323	0.000755668937927112	False	0.00030184123151222455	0.0009085152658095422	3313	36323	3.783460851991549e-05	False	False
WNT6	SFRP4	other	0.0003105012365267612	False	0.0006035003017501509	0.00030283842193651404	3314	36323	0.0002726666280068457	False	0.00030184123151222455	0.00030283842193651404	3313	36323	3.783460851991549e-05	False	False
WNT6	SFRP5	other	0.00024264629610115662	False	0.0006035003017501509	0.0001651845937835531	3314	36323	0.00020481168758124113	False	0.00030184123151222455	0.0001651845937835531	3313	36323	3.783460851991549e-05	False	False
WNT7A	FRZB	other	0.008781518263276666	False	0.02625226312613156	0.00022024612504473748	3314	36323	0.012671484088059515	False	0.03984304255961364	0.00022024612504473748	3313	36323	-0.0038899658247828484	False	False
WNT7A	FZD1+LRP5	other	0.010469665518030524	False	0.02625226312613156	0.002808138094320403	3314	36323	0.014359631342813373	False	0.03984304255961364	0.002808138094320403	3313	36323	-0.0038899658247828484	False	False
WNT7A	FZD1+LRP6	other	0.010469665518030524	False	0.02625226312613156	0.002808138094320403	3314	36323	0.014359631342813373	False	0.03984304255961364	0.002808138094320403	3313	36323	-0.0038899658247828484	False	False
WNT7A	FZD2+LRP5	other	0.009267957473639399	False	0.02625226312613156	0.0009085152658095422	3314	36323	0.013157923298422247	False	0.03984304255961364	0.0009085152658095422	3313	36323	-0.0038899658247828484	False	False
WNT7A	FZD2+LRP6	other	0.009267957473639399	False	0.02625226312613156	0.0009085152658095422	3314	36323	0.013157923298422247	False	0.03984304255961364	0.0009085152658095422	3313	36323	-0.0038899658247828484	False	False
WNT7A	FZD3+LRP5	other	0.012964112218469381	False	0.02625226312613156	0.0057263992511631745	3314	36323	0.01685407804325223	False	0.03984304255961364	0.0057263992511631745	3313	36323	-0.0038899658247828484	False	False
WNT7A	FZD3+LRP6	other	0.0119169179815799	False	0.02625226312613156	0.004239737907111196	3314	36323	0.015806883806362748	False	0.03984304255961364	0.004239737907111196	3313	36323	-0.0038899658247828484	False	False
WNT7A	FZD4+LRP5	other	0.008912446821341291	False	0.02625226312613156	0.0004129614844588828	3314	36323	0.01280241264612414	False	0.03984304255961364	0.0004129614844588828	3313	36323	-0.0038899658247828484	False	False
WNT7A	FZD4+LRP6	other	0.008912446821341291	False	0.02625226312613156	0.0004129614844588828	3314	36323	0.01280241264612414	False	0.03984304255961364	0.0004129614844588828	3313	36323	-0.0038899658247828484	False	False
WNT7A	FZD5+LRP5	other	0.010298522305674851	False	0.02625226312613156	0.0023401150786003357	3314	36323	0.0141884881304577	False	0.03984304255961364	0.0023401150786003357	3313	36323	-0.0038899658247828484	False	False
WNT7A	FZD5+LRP6	other	0.010298522305674851	False	0.02625226312613156	0.0023401150786003357	3314	36323	0.0141884881304577	False	0.03984304255961364	0.0023401150786003357	3313	36323	-0.0038899658247828484	False	False
WNT7A	FZD6+LRP5	other	0.012964112218469381	False	0.02625226312613156	0.0057263992511631745	3314	36323	0.01685407804325223	False	0.03984304255961364	0.0057263992511631745	3313	36323	-0.0038899658247828484	False	False
WNT7A	FZD6+LRP6	other	0.0119169179815799	False	0.02625226312613156	0.004239737907111196	3314	36323	0.015806883806362748	False	0.03984304255961364	0.004239737907111196	3313	36323	-0.0038899658247828484	False	False
WNT7A	FZD7+LRP5	other	0.012964112218469381	False	0.02625226312613156	0.0057263992511631745	3314	36323	0.01685407804325223	False	0.03984304255961364	0.0057263992511631745	3313	36323	-0.0038899658247828484	False	False
WNT7A	FZD7+LRP6	other	0.0119169179815799	False	0.02625226312613156	0.004239737907111196	3314	36323	0.015806883806362748	False	0.03984304255961364	0.004239737907111196	3313	36323	-0.0038899658247828484	False	False
WNT7A	FZD8+LRP5	other	0.010087667847983539	False	0.02625226312613156	0.0020097458910332297	3314	36323	0.013977633672766387	False	0.03984304255961364	0.0020097458910332297	3313	36323	-0.0038899658247828484	False	False
WNT7A	FZD8+LRP6	other	0.010087667847983539	False	0.02625226312613156	0.0020097458910332297	3314	36323	0.013977633672766387	False	0.03984304255961364	0.0020097458910332297	3313	36323	-0.0038899658247828484	False	False
WNT7A	SFRP1	other	0.008985977212432772	False	0.02625226312613156	0.0005230845469812516	3314	36323	0.01287594303721562	False	0.03984304255961364	0.0005230845469812516	3313	36323	-0.0038899658247828484	False	False
WNT7A	SFRP2	other	0.009324970247689635	False	0.02625226312613156	0.0009085152658095422	3314	36323	0.013214936072472483	False	0.03984304255961364	0.0009085152658095422	3313	36323	-0.0038899658247828484	False	False
WNT7A	SFRP4	other	0.008841967937769368	False	0.02625226312613156	0.00030283842193651404	3314	36323	0.012731933762552217	False	0.03984304255961364	0.00030283842193651404	3313	36323	-0.0038899658247828484	False	False
WNT7A	SFRP5	other	0.008774112997343764	False	0.02625226312613156	0.0001651845937835531	3314	36323	0.012664078822126612	False	0.03984304255961364	0.0001651845937835531	3313	36323	-0.0038899658247828484	False	False
WNT7B	FRZB	other	0.11666370223974809	False	0.34852142426071214	0.00022024612504473748	3314	36323	0.07868737023090944	False	0.24237850890431634	0.00022024612504473748	3313	36323	0.037976332008838654	False	False
WNT7B	FZD1+LRP5	other	0.11835184949450195	False	0.34852142426071214	0.002808138094320403	3314	36323	0.0803755174856633	False	0.24237850890431634	0.002808138094320403	3313	36323	0.037976332008838654	False	False
WNT7B	FZD1+LRP6	other	0.11835184949450195	False	0.34852142426071214	0.002808138094320403	3314	36323	0.0803755174856633	False	0.24237850890431634	0.002808138094320403	3313	36323	0.037976332008838654	False	False
WNT7B	FZD2+LRP5	other	0.11715014145011082	False	0.34852142426071214	0.0009085152658095422	3314	36323	0.07917380944127217	False	0.24237850890431634	0.0009085152658095422	3313	36323	0.037976332008838654	False	False
WNT7B	FZD2+LRP6	other	0.11715014145011082	False	0.34852142426071214	0.0009085152658095422	3314	36323	0.07917380944127217	False	0.24237850890431634	0.0009085152658095422	3313	36323	0.037976332008838654	False	False
WNT7B	FZD3+LRP5	other	0.1208462961949408	False	0.34852142426071214	0.0057263992511631745	3314	36323	0.08286996418610215	False	0.24237850890431634	0.0057263992511631745	3313	36323	0.037976332008838654	False	False
WNT7B	FZD3+LRP6	other	0.11979910195805132	False	0.34852142426071214	0.004239737907111196	3314	36323	0.08182276994921267	False	0.24237850890431634	0.004239737907111196	3313	36323	0.037976332008838654	False	False
WNT7B	FZD4+LRP5	other	0.11679463079781272	False	0.34852142426071214	0.0004129614844588828	3314	36323	0.07881829878897406	False	0.24237850890431634	0.0004129614844588828	3313	36323	0.037976332008838654	False	False
WNT7B	FZD4+LRP6	other	0.11679463079781272	False	0.34852142426071214	0.0004129614844588828	3314	36323	0.07881829878897406	False	0.24237850890431634	0.0004129614844588828	3313	36323	0.037976332008838654	False	False
WNT7B	FZD5+LRP5	other	0.11818070628214628	False	0.34852142426071214	0.0023401150786003357	3314	36323	0.08020437427330762	False	0.24237850890431634	0.0023401150786003357	3313	36323	0.037976332008838654	False	False
WNT7B	FZD5+LRP6	other	0.11818070628214628	False	0.34852142426071214	0.0023401150786003357	3314	36323	0.08020437427330762	False	0.24237850890431634	0.0023401150786003357	3313	36323	0.037976332008838654	False	False
WNT7B	FZD6+LRP5	other	0.1208462961949408	False	0.34852142426071214	0.0057263992511631745	3314	36323	0.08286996418610215	False	0.24237850890431634	0.0057263992511631745	3313	36323	0.037976332008838654	False	False
WNT7B	FZD6+LRP6	other	0.11979910195805132	False	0.34852142426071214	0.004239737907111196	3314	36323	0.08182276994921267	False	0.24237850890431634	0.004239737907111196	3313	36323	0.037976332008838654	False	False
WNT7B	FZD7+LRP5	other	0.1208462961949408	False	0.34852142426071214	0.0057263992511631745	3314	36323	0.08286996418610215	False	0.24237850890431634	0.0057263992511631745	3313	36323	0.037976332008838654	False	False
WNT7B	FZD7+LRP6	other	0.11979910195805132	False	0.34852142426071214	0.004239737907111196	3314	36323	0.08182276994921267	False	0.24237850890431634	0.004239737907111196	3313	36323	0.037976332008838654	False	False
WNT7B	FZD8+LRP5	other	0.11796985182445496	False	0.34852142426071214	0.0020097458910332297	3314	36323	0.07999351981561631	False	0.24237850890431634	0.0020097458910332297	3313	36323	0.037976332008838654	False	False
WNT7B	FZD8+LRP6	other	0.11796985182445496	False	0.34852142426071214	0.0020097458910332297	3314	36323	0.07999351981561631	False	0.24237850890431634	0.0020097458910332297	3313	36323	0.037976332008838654	False	False
WNT7B	SFRP1	other	0.1168681611889042	False	0.34852142426071214	0.0005230845469812516	3314	36323	0.07889182918006554	False	0.24237850890431634	0.0005230845469812516	3313	36323	0.037976332008838654	False	False
WNT7B	SFRP2	other	0.11720715422416106	False	0.34852142426071214	0.0009085152658095422	3314	36323	0.0792308222153224	False	0.24237850890431634	0.0009085152658095422	3313	36323	0.037976332008838654	False	False
WNT7B	SFRP4	other	0.11672415191424079	False	0.34852142426071214	0.00030283842193651404	3314	36323	0.07874781990540214	False	0.24237850890431634	0.00030283842193651404	3313	36323	0.037976332008838654	False	False
WNT7B	SFRP5	other	0.11665629697381519	False	0.34852142426071214	0.0001651845937835531	3314	36323	0.07867996496497653	False	0.24237850890431634	0.0001651845937835531	3313	36323	0.037976332008838654	False	False
WNT9A	FRZB	other	0.0875528235337697	False	0.26101388050694024	0.00022024612504473748	3314	36323	0.06801949482178316	False	0.20555387865982494	0.00022024612504473748	3313	36323	0.019533328711986542	False	False
WNT9A	FZD1+LRP5	other	0.08924097078852355	False	0.26101388050694024	0.002808138094320403	3314	36323	0.06970764207653701	False	0.20555387865982494	0.002808138094320403	3313	36323	0.019533328711986542	False	False
WNT9A	FZD1+LRP6	other	0.08924097078852355	False	0.26101388050694024	0.002808138094320403	3314	36323	0.06970764207653701	False	0.20555387865982494	0.002808138094320403	3313	36323	0.019533328711986542	False	False
WNT9A	FZD2+LRP5	other	0.08803926274413243	False	0.26101388050694024	0.0009085152658095422	3314	36323	0.06850593403214589	False	0.20555387865982494	0.0009085152658095422	3313	36323	0.019533328711986542	False	False
WNT9A	FZD2+LRP6	other	0.08803926274413243	False	0.26101388050694024	0.0009085152658095422	3314	36323	0.06850593403214589	False	0.20555387865982494	0.0009085152658095422	3313	36323	0.019533328711986542	False	False
WNT9A	FZD3+LRP5	other	0.09173541748896241	False	0.26101388050694024	0.0057263992511631745	3314	36323	0.07220208877697587	False	0.20555387865982494	0.0057263992511631745	3313	36323	0.019533328711986542	False	False
WNT9A	FZD3+LRP6	other	0.09068822325207293	False	0.26101388050694024	0.004239737907111196	3314	36323	0.07115489454008639	False	0.20555387865982494	0.004239737907111196	3313	36323	0.019533328711986542	False	False
WNT9A	FZD4+LRP5	other	0.08768375209183432	False	0.26101388050694024	0.0004129614844588828	3314	36323	0.06815042337984778	False	0.20555387865982494	0.0004129614844588828	3313	36323	0.019533328711986542	False	False
WNT9A	FZD4+LRP6	other	0.08768375209183432	False	0.26101388050694024	0.0004129614844588828	3314	36323	0.06815042337984778	False	0.20555387865982494	0.0004129614844588828	3313	36323	0.019533328711986542	False	False
WNT9A	FZD5+LRP5	other	0.08906982757616788	False	0.26101388050694024	0.0023401150786003357	3314	36323	0.06953649886418134	False	0.20555387865982494	0.0023401150786003357	3313	36323	0.019533328711986542	False	False
WNT9A	FZD5+LRP6	other	0.08906982757616788	False	0.26101388050694024	0.0023401150786003357	3314	36323	0.06953649886418134	False	0.20555387865982494	0.0023401150786003357	3313	36323	0.019533328711986542	False	False
WNT9A	FZD6+LRP5	other	0.09173541748896241	False	0.26101388050694024	0.0057263992511631745	3314	36323	0.07220208877697587	False	0.20555387865982494	0.0057263992511631745	3313	36323	0.019533328711986542	False	False
WNT9A	FZD6+LRP6	other	0.09068822325207293	False	0.26101388050694024	0.004239737907111196	3314	36323	0.07115489454008639	False	0.20555387865982494	0.004239737907111196	3313	36323	0.019533328711986542	False	False
WNT9A	FZD7+LRP5	other	0.09173541748896241	False	0.26101388050694024	0.0057263992511631745	3314	36323	0.07220208877697587	False	0.20555387865982494	0.0057263992511631745	3313	36323	0.019533328711986542	False	False
WNT9A	FZD7+LRP6	other	0.09068822325207293	False	0.26101388050694024	0.004239737907111196	3314	36323	0.07115489454008639	False	0.20555387865982494	0.004239737907111196	3313	36323	0.019533328711986542	False	False
WNT9A	FZD8+LRP5	other	0.08885897311847657	False	0.26101388050694024	0.0020097458910332297	3314	36323	0.06932564440649003	False	0.20555387865982494	0.0020097458910332297	3313	36323	0.019533328711986542	False	False
WNT9A	FZD8+LRP6	other	0.08885897311847657	False	0.26101388050694024	0.0020097458910332297	3314	36323	0.06932564440649003	False	0.20555387865982494	0.0020097458910332297	3313	36323	0.019533328711986542	False	False
WNT9A	SFRP1	other	0.0877572824829258	False	0.26101388050694024	0.0005230845469812516	3314	36323	0.06822395377093926	False	0.20555387865982494	0.0005230845469812516	3313	36323	0.019533328711986542	False	False
WNT9A	SFRP2	other	0.08809627551818267	False	0.26101388050694024	0.0009085152658095422	3314	36323	0.06856294680619612	False	0.20555387865982494	0.0009085152658095422	3313	36323	0.019533328711986542	False	False
WNT9A	SFRP4	other	0.0876132732082624	False	0.26101388050694024	0.00030283842193651404	3314	36323	0.06807994449627586	False	0.20555387865982494	0.00030283842193651404	3313	36323	0.019533328711986542	False	False
WNT9A	SFRP5	other	0.0875454182678368	False	0.26101388050694024	0.0001651845937835531	3314	36323	0.06801208955585025	False	0.20555387865982494	0.0001651845937835531	3313	36323	0.019533328711986542	False	False
XCL1	XCR1	other	0.012216483577503823	False	0.053108026554013275	0.00022024612504473748	3314	36323	0.013191038146032952	False	0.05553878659824932	0.00022024612504473748	3313	36323	-0.000974554568529129	False	False
XCL2	XCR1	other	0.0006264982075663283	False	0.0018105009052504525	0.00022024612504473748	3314	36323	0.0007119232759578153	False	0.0012073649260488982	0.00022024612504473748	3313	36323	-8.5425068391487e-05	False	False
