gene	feature	unit	stratum	cohort	n	rho	abs_rho	rho_raw	rho_eligible	n_unique_x	n_unique_y	spearman_p	cliff	abs_cliff	cliff_eligible	n_high_gene	n_low_gene	OR	OR_low	OR_high	fisher_p	OR_eligible	a_high_high	b_high_low	c_low_high	d_low_low	OR_reason	OR_extreme	n_lines
Tacstd2	B derived_mMCPcounter	mouse	pan-cancer	baseline	294	0.4383245363849055	0.4383245363849055	0.4383245363849055	True	240	280	3.112130969398042e-15	0.48530704798926383	0.48530704798926383	True	147	147	4.25390625	2.612528972165542	6.926513955092871	3.883527179227738e-09	True	99	48	48	99	ok	4.25390625	
Tacstd2	B memory_CIBERSORT_abs	mouse	pan-cancer	baseline	294	0.40201342288179076	0.40201342288179076	0.40201342288179076	True	240	222	7.586640466476225e-13	0.4443981674302373	0.4443981674302373	True	147	147	4.25390625	2.612528972165542	6.926513955092871	3.883527179227738e-09	True	99	48	48	99	ok	4.25390625	
Tacstd2	B memory_xCell	mouse	pan-cancer	baseline	294	0.15406399386047093	0.15406399386047093	0.15406399386047093	True	240	89	0.008139909216016514	0.23277338146142812	0.23277338146142812	True	147	147	1.5914792899408283	1.0043467100589412	2.521844603007583	0.06182003682175443	True	82	65	65	82	ok	1.5914792899408283	
Tacstd2	B naive_CIBERSORT_abs	mouse	pan-cancer	baseline	294	0.006174088967858503	0.006174088967858503	0.006174088967858503	True	240	114	0.9160476293693028	0.048544587903188496	0.048544587903188496	True	147	147					False	147	0	147	0	split collapsed or empty cell		
Tacstd2	B naive_xCell	mouse	pan-cancer	baseline	294	-0.08757987049810202	0.08757987049810202	-0.08757987049810202	True	240	162	0.1340904326491866	-0.08834282012124572	0.08834282012124572	True	147	147	0.5945710553055596	0.3749281113125834	0.9428867271903124	0.03558940134637445	True	64	83	83	64	ok	1.6818847656249998	
Tacstd2	B plasma_xCell	mouse	pan-cancer	baseline	294	0.26193127493122725	0.26193127493122725	0.26193127493122725	True	240	291	5.31964156051855e-06	0.2104678606136332	0.2104678606136332	True	147	147	1.4257072844731564	0.9008931683025408	2.2562511655291115	0.1614893162391809	True	80	67	67	80	ok	1.4257072844731564	
Tacstd2	B_EPIC	mouse	pan-cancer	baseline	294	0.14214820109991005	0.14214820109991005	0.14214820109991005	True	240	294	0.014713702618596695	0.20533111203665144	0.20533111203665144	True	147	147	1.4257072844731564	0.9008931683025408	2.2562511655291115	0.1614893162391809	True	80	67	67	80	ok	1.4257072844731564	
Tacstd2	B_TIMER	mouse	pan-cancer	baseline	294	-0.03087980390718563	0.03087980390718563	-0.03087980390718563	True	240	294	0.5979515828267393	-0.003655884122356401	0.003655884122356401	True	147	147	0.7825443786982249	0.49494822858298515	1.23725203822912	0.35076929819604247	True	69	78	78	69	ok	1.277882797731569	
Tacstd2	B_quanTIseq	mouse	pan-cancer	baseline	294	0.08902689371650475	0.08902689371650475	0.08902689371650475	True	240	294	0.12775471350238818	0.10305891063908557	0.10305891063908557	True	147	147	1.0275849127416026	0.650484791258627	1.6232981417613779	1.0	True	74	73	73	74	ok	1.0275849127416026	
Tacstd2	B_xCell	mouse	pan-cancer	baseline	294	0.018108122668119207	0.018108122668119207	0.018108122668119207	True	240	195	0.7571752650820522	0.05206164098292376	0.05206164098292376	True	147	147	1.0275849127416026	0.650484791258627	1.6232981417613779	1.0	True	74	73	73	74	ok	1.0275849127416026	
Tacstd2	CD8 T_mMCPcounter	mouse	pan-cancer	baseline	287	0.3149128398226168	0.3149128398226168	0.3149128398226168	True	233	271	5.00887853486915e-08	0.3899572649572649	0.3899572649572649	True	144	143	3.289504036908881	2.0284987391466403	5.334406475101874	1.1499983420484856e-06	True	93	51	51	92	ok	3.289504036908881	
Tacstd2	Classswitched memory B_xCell	mouse	pan-cancer	baseline	294	0.06328303291138614	0.06328303291138614	0.06328303291138614	True	240	202	0.27945702294144986	0.1222175945208015	0.1222175945208015	True	147	147	1.5914792899408283	1.0043467100589412	2.521844603007583	0.06182003682175443	True	82	65	65	82	ok	1.5914792899408283	
Tacstd2	Dendritic activated_CIBERSORT_abs	mouse	pan-cancer	baseline	294	0.06813557562781004	0.06813557562781004	0.06813557562781004	True	240	46	0.24415714718838638	0.07557036420010177	0.07557036420010177	True	147	147					False	147	0	147	0	split collapsed or empty cell		
Tacstd2	Dendritic resting_CIBERSORT_abs	mouse	pan-cancer	baseline	294	0.5831690669527734	0.5831690669527734	0.5831690669527734	True	240	250	3.510733831756082e-28	0.5857281688185478	0.5857281688185478	True	147	147	6.25	3.7678767248495264	10.367244698420965	2.0674051670089748e-13	True	105	42	42	105	ok	6.25	
Tacstd2	Dendritic_TIMER	mouse	pan-cancer	baseline	294	0.09571893526684724	0.09571893526684724	0.09571893526684724	True	240	294	0.10141978282202563	0.09010134666111336	0.09010134666111336	True	147	147	1.1458044038881172	0.7251361245737874	1.8105121059043456	0.6408843645662102	True	76	71	71	76	ok	1.1458044038881172	
Tacstd2	Dendritic_quanTIseq	mouse	pan-cancer	baseline	294	0.11584633186863715	0.11584633186863715	0.11584633186863715	True	240	264	0.04719172436960013	0.09139710305891069	0.09139710305891069	True	147	147	1.0275849127416026	0.650484791258627	1.6232981417613779	1.0	True	74	73	73	74	ok	1.0275849127416026	
Tacstd2	Eosinophil_xCell	mouse	pan-cancer	baseline	294	0.19820090372244847	0.19820090372244847	0.19820090372244847	True	240	87	0.0006309937601469203	0.17099356749502514	0.17099356749502514	True	147	147	1.506198347107438	0.9511833205869953	2.3850643842547163	0.10231011784481572	True	81	66	66	81	ok	1.506198347107438	
Tacstd2	Eosinophils_CIBERSORT_abs	mouse	pan-cancer	baseline	294	-0.175706057849014	0.175706057849014	-0.175706057849014	True	240	172	0.0024990800582431185	-0.1897820352630848	0.1897820352630848	True	147	147	0.4495092975206611	0.2819563861892844	0.7166307218233077	0.0010564934377523551	True	59	88	88	59	ok	2.224648089629417	
Tacstd2	Eosinophils_mMCPcounter	mouse	pan-cancer	baseline	285	0.37760555298443954	0.37760555298443954	0.37760555298443954	True	231	276	4.32879324620669e-11	0.42553924948291155	0.42553924948291155	True	143	142	2.851548593805625	1.763729511923415	4.610304090204459	1.8759236086731424e-05	True	90	53	53	89	ok	2.851548593805625	
Tacstd2	Granulocytes_mMCPcounter	mouse	pan-cancer	baseline	294	0.5101675660926835	0.5101675660926835	0.5101675660926835	True	240	210	6.94500564752833e-21	0.4938220186033597	0.4938220186033597	True	147	147	5.849648458626285	3.5389570813991846	9.669059641712318	1.2481886296245878e-12	True	104	43	43	104	ok	5.849648458626285	
Tacstd2	Macrophage M1_quanTIseq	mouse	pan-cancer	baseline	294	0.3944930408779099	0.3944930408779099	0.3944930408779099	True	240	150	2.1844482062785075e-12	0.3331482252765052	0.3331482252765052	True	147	147	3.5432525951557095	2.191856822314845	5.727855407917827	2.3366165762577637e-07	True	96	51	51	96	ok	3.5432525951557095	
Tacstd2	Macrophage M1_xCell	mouse	pan-cancer	baseline	294	0.2688263777035104	0.2688263777035104	0.2688263777035104	True	240	285	2.923294345344162e-06	0.25595816557915674	0.25595816557915674	True	147	147	1.7777777777777777	1.1200661146792392	2.821702920693735	0.01950224284971591	True	84	63	63	84	ok	1.7777777777777777	
Tacstd2	Macrophage M2_quanTIseq	mouse	pan-cancer	baseline	294	0.3103928172567225	0.3103928172567225	0.3103928172567225	True	240	263	5.502305240176887e-08	0.36119209588597334	0.36119209588597334	True	147	147	2.4930747922437675	1.5594024535792363	3.9857715405380354	0.00017935168335713275	True	90	57	57	90	ok	2.4930747922437675	
Tacstd2	Macrophage M2_xCell	mouse	pan-cancer	baseline	294	0.05896778911045686	0.05896778911045686	0.05896778911045686	True	240	279	0.31361925918095107	0.03928918506177981	0.03928918506177981	True	147	147	1.1458044038881172	0.7251361245737874	1.8105121059043456	0.6408843645662102	True	76	71	71	76	ok	1.1458044038881172	
Tacstd2	Macrophage_EPIC	mouse	pan-cancer	baseline	294	0.3494967853599869	0.3494967853599869	0.3494967853599869	True	240	294	7.159871594548088e-10	0.43319912999213295	0.43319912999213295	True	147	147	2.9660493827160495	1.8459578785274906	4.765790727428693	8.334960438688746e-06	True	93	54	54	93	ok	2.9660493827160495	
Tacstd2	Macrophage_TIMER	mouse	pan-cancer	baseline	294	0.015278799409163666	0.015278799409163666	0.015278799409163666	True	240	240	0.7941881071053536	0.024387986487111935	0.024387986487111935	True	147	147	1.2100000000000002	0.7655681664664824	1.9124358406353625	0.4840847083666908	True	77	70	70	77	ok	1.2100000000000002	
Tacstd2	Macrophage_xCell	mouse	pan-cancer	baseline	294	0.2057444660249185	0.2057444660249185	0.2057444660249185	True	240	266	0.0003840372776278911	0.18913415706418624	0.18913415706418624	True	147	147	1.4257072844731564	0.9008931683025408	2.2562511655291115	0.1614893162391809	True	80	67	67	80	ok	1.4257072844731564	
Tacstd2	Macrophages M0_CIBERSORT_abs	mouse	pan-cancer	baseline	294	0.10342902562014053	0.10342902562014053	0.10342902562014053	True	240	119	0.0766214142754447	0.003563330093942385	0.003563330093942385	True	147	147					False	147	0	147	0	split collapsed or empty cell		
Tacstd2	Macrophages M1_CIBERSORT_abs	mouse	pan-cancer	baseline	294	0.31828612198783923	0.31828612198783923	0.31828612198783923	True	240	274	2.4051418428017202e-08	0.3503632745615253	0.3503632745615253	True	147	147	3.14560341758633	1.953989508800414	5.063906851171064	2.6805080981764335e-06	True	94	53	53	94	ok	3.14560341758633	
Tacstd2	Macrophages M2_CIBERSORT_abs	mouse	pan-cancer	baseline	294	0.3468552463600335	0.3468552463600335	0.3468552463600335	True	240	282	9.789439391273603e-10	0.3382386968392799	0.3382386968392799	True	147	147	3.14560341758633	1.953989508800414	5.063906851171064	2.6805080981764335e-06	True	94	53	53	94	ok	3.14560341758633	
Tacstd2	Macrophages_mMCPcounter	mouse	pan-cancer	baseline	209	0.25601080130623577	0.25601080130623577	0.25601080130623577	True	162	209	0.00018295906378528346	0.28644688644688654	0.28644688644688654	True	105	104	3.062326869806094	1.7428070795294548	5.380885794925931	0.00010180250614981679	True	67	38	38	66	ok	3.062326869806094	
Tacstd2	Mast activated_CIBERSORT_abs	mouse	pan-cancer	baseline	294	0.016578697846990603	0.016578697846990603	0.016578697846990603	True	240	169	0.7771201680495082	-0.0057383497616734225	0.0057383497616734225	True	147	147	0.9215999999999999	0.5833445208166037	1.4559947504281503	0.8155901543440685	True	72	75	75	72	ok	1.0850694444444446	
Tacstd2	Mast resting_CIBERSORT_abs	mouse	pan-cancer	baseline	294	0.16346692020397127	0.16346692020397127	0.16346692020397127	True	240	130	0.004956334244230577	0.20310981535471329	0.20310981535471329	True	147	147					False	147	0	147	0	split collapsed or empty cell		
Tacstd2	Mast_mMCPcounter	mouse	pan-cancer	baseline	294	0.3928697528481211	0.3928697528481211	0.3928697528481211	True	240	193	2.7350535222136823e-12	0.443935397288167	0.443935397288167	True	147	147	5.137777777777778	3.1285605173287414	8.437350131991538	3.7548872600918355e-11	True	102	45	45	102	ok	5.137777777777778	
Tacstd2	Mast_xCell	mouse	pan-cancer	baseline	294	0.020539646490967185	0.020539646490967185	0.020539646490967185	True	240	279	0.7257997181022044	-0.04373177842565601	0.04373177842565601	True	147	147	0.7409069059445601	0.4684134476489915	1.1719199054415173	0.2433982413524891	True	68	79	79	68	ok	1.3496972318339102	
Tacstd2	Memory B_mMCPcounter	mouse	pan-cancer	baseline	293	0.06459788402591446	0.06459788402591446	0.06459788402591446	True	239	163	0.27039099055084	0.091324200913242	0.091324200913242	True	147	146	1.4078859434172422	0.8890436051386668	2.229522622079597	0.16148931623918097	True	80	67	67	79	ok	1.4078859434172422	
Tacstd2	Monocyte_quanTIseq	mouse	pan-cancer	baseline	294	-0.24236638204256972	0.24236638204256972	-0.24236638204256972	True	240	119	2.6595684474101793e-05	-0.16090517839788976	0.16090517839788976	True	147	147					False	147	0	147	0	split collapsed or empty cell		
Tacstd2	Monocyte_xCell	mouse	pan-cancer	baseline	294	0.21479563940624322	0.21479563940624322	0.21479563940624322	True	240	246	0.00020669381774149573	0.2525336665278357	0.2525336665278357	True	147	147	1.7777777777777777	1.1200661146792392	2.821702920693735	0.01950224284971591	True	84	63	63	84	ok	1.7777777777777777	
Tacstd2	Monocytes_CIBERSORT_abs	mouse	pan-cancer	baseline	294	-0.1559850129752287	0.1559850129752287	-0.1559850129752287	True	240	164	0.007370721108419992	-0.09056411680318388	0.09056411680318388	True	147	147	0.5945710553055596	0.3749281113125834	0.9428867271903124	0.03558940134637445	True	64	83	83	64	ok	1.6818847656249998	
Tacstd2	Monocytes_mMCPcounter	mouse	pan-cancer	baseline	294	-0.11181894837759654	0.11181894837759654	-0.11181894837759654	True	240	290	0.05547491056324535	-0.060669165625433896	0.060669165625433896	True	147	147	0.5945710553055596	0.3749281113125834	0.9428867271903124	0.03558940134637445	True	64	83	83	64	ok	1.6818847656249998	
Tacstd2	Myeloid dendritic activated_xCell	mouse	pan-cancer	baseline	294	0.08192666488057461	0.08192666488057461	0.08192666488057461	True	240	268	0.16117766955354285	0.12138460826507469	0.12138460826507469	True	147	147	1.277882797731569	0.8082427582267724	2.0204133326488627	0.35076929819604247	True	78	69	69	78	ok	1.277882797731569	
Tacstd2	Myeloid dendritic_xCell	mouse	pan-cancer	baseline	294	0.43585913269939197	0.43585913269939197	0.43585913269939197	True	240	197	4.616958484458285e-15	0.4849368318756073	0.4849368318756073	True	147	147	4.820888468809073	2.9444121339105105	7.893244753692029	1.8742520777144965e-10	True	101	46	46	101	ok	4.820888468809073	
Tacstd2	NK activated_CIBERSORT_abs	mouse	pan-cancer	baseline	294	0.11839508580369831	0.11839508580369831	0.11839508580369831	True	240	189	0.04250467859302653	0.1327687537600073	0.1327687537600073	True	147	147	1.987637731792529	1.2497573525996615	3.161176643311887	0.005033587633537382	True	86	61	61	86	ok	1.987637731792529	
Tacstd2	NK resting_CIBERSORT_abs	mouse	pan-cancer	baseline	294	0.22601982118290798	0.22601982118290798	0.22601982118290798	True	240	174	9.243627007257146e-05	0.22976537553797027	0.22976537553797027	True	147	147	1.681884765625	1.0605727826712317	2.6671779731295864	0.03558940134637445	True	83	64	64	83	ok	1.681884765625	
Tacstd2	NK_EPIC	mouse	pan-cancer	baseline	294	0.054996737222487116	0.054996737222487116	0.054996737222487116	True	240	294	0.34737568165492444	0.03475403766948948	0.03475403766948948	True	147	147	1.0850694444444446	0.6868156631100076	1.714252837414389	0.8155901543440685	True	75	72	72	75	ok	1.0850694444444446	
Tacstd2	NK_mMCPcounter	mouse	pan-cancer	baseline	294	0.17654985920181987	0.17654985920181987	0.17654985920181987	True	240	181	0.0023799254774553597	0.22273126937849974	0.22273126937849974	True	147	147	2.224648089629417	1.3954188252712947	3.546647811440861	0.0010564934377523551	True	88	59	59	88	ok	2.224648089629417	
Tacstd2	NK_quanTIseq	mouse	pan-cancer	baseline	294	0.07900849296439559	0.07900849296439559	0.07900849296439559	True	240	294	0.1766777498142566	0.07751399879679766	0.07751399879679766	True	147	147	1.0275849127416026	0.650484791258627	1.6232981417613779	1.0	True	74	73	73	74	ok	1.0275849127416026	
Tacstd2	NK_xCell	mouse	pan-cancer	baseline	294	0.11137776997620004	0.11137776997620004	0.11137776997620004	True	240	72	0.05645142290399097	0.1388310426211301	0.1388310426211301	True	147	147	1.5914792899408283	1.0043467100589412	2.521844603007583	0.06182003682175443	True	82	65	65	82	ok	1.5914792899408283	
Tacstd2	Neutrophil_TIMER	mouse	pan-cancer	baseline	294	-0.004516713495234689	0.004516713495234689	-0.004516713495234689	True	240	294	0.938531284073674	-0.005969734832708573	0.005969734832708573	True	147	147	1.1458044038881172	0.7251361245737874	1.8105121059043456	0.6408843645662102	True	76	71	71	76	ok	1.1458044038881172	
Tacstd2	Neutrophil_quanTIseq	mouse	pan-cancer	baseline	294	0.37201557363750043	0.37201557363750043	0.37201557363750043	True	240	274	4.4107674407883624e-11	0.39478920820028685	0.39478920820028685	True	147	147	4.0	2.462852263499576	6.496532592363005	1.6145937693540933e-08	True	98	49	49	98	ok	4.0	
Tacstd2	Neutrophil_xCell	mouse	pan-cancer	baseline	294	0.2510665475189203	0.2510665475189203	0.2510665475189203	True	240	198	1.3213757850907862e-05	0.30445647646813834	0.30445647646813834	True	147	147	2.640625	1.6491151302714333	4.228267791999039	6.813658763128615e-05	True	91	56	56	91	ok	2.640625	
Tacstd2	Neutrophils_CIBERSORT_abs	mouse	pan-cancer	baseline	294	0.35796933003641135	0.35796933003641135	0.35796933003641135	True	240	193	2.573822370361398e-10	0.3586005830903789	0.3586005830903789	True	147	147	3.3376479289940826	2.069100624164563	5.383930374297975	8.144620337882563e-07	True	95	52	52	95	ok	3.3376479289940826	
Tacstd2	Neutrophils_mMCPcounter	mouse	pan-cancer	baseline	294	0.5268835970849228	0.5268835970849228	0.5268835970849228	True	240	133	2.1105400006563064e-22	0.4758665370910269	0.4758665370910269	True	147	147					False	147	0	147	0	split collapsed or empty cell		
Tacstd2	Plasma_CIBERSORT_abs	mouse	pan-cancer	baseline	294	0.2935000517687117	0.2935000517687117	0.2935000517687117	True	240	262	2.9858962333982886e-07	0.33601740015734194	0.33601740015734194	True	147	147	2.3546373365041617	1.4749575996607023	3.758967029109733	0.00044714070695384985	True	89	58	58	89	ok	2.3546373365041617	
Tacstd2	Plasmacytoid dendritic_xCell	mouse	pan-cancer	baseline	294	0.10417734263599467	0.10417734263599467	0.10417734263599467	True	240	115	0.07450240773000762	0.17372391133324072	0.17372391133324072	True	147	147	1.7777777777777777	1.1200661146792392	2.821702920693735	0.01950224284971591	True	84	63	63	84	ok	1.7777777777777777	
Tacstd2	T CD4 Th1_xCell	mouse	pan-cancer	baseline	294	-0.04507536762976221	0.04507536762976221	-0.04507536762976221	True	240	257	0.44131146148542116	-0.06825859595538897	0.06825859595538897	True	147	147	1.1458044038881172	0.7251361245737874	1.8105121059043456	0.6408843645662102	True	76	71	71	76	ok	1.1458044038881172	
Tacstd2	T CD4 Th2_xCell	mouse	pan-cancer	baseline	294	-0.01726914323087829	0.01726914323087829	-0.01726914323087829	True	240	237	0.7680972392925105	0.0020824656393170216	0.0020824656393170216	True	147	147	0.9731555880204529	0.6160297817595841	1.5373149586865726	1.0	True	73	74	74	73	ok	1.0275849127416026	
Tacstd2	T CD4 central memory_xCell	mouse	pan-cancer	baseline	294	-0.0795515604436232	0.0795515604436232	-0.0795515604436232	True	240	9	0.17371249590696441	-0.07950391040770044	0.07950391040770044	True	147	147					False	147	0	147	0	split collapsed or empty cell		
Tacstd2	T CD4 effector memory_xCell	mouse	pan-cancer	baseline	294	0.1398361612795014	0.1398361612795014	0.1398361612795014	True	240	163	0.016427511407196987	0.10537276134943774	0.10537276134943774	True	147	147	1.681884765625	1.0605727826712317	2.6671779731295864	0.03558940134637445	True	83	64	64	83	ok	1.681884765625	
Tacstd2	T CD4 memory activated_CIBERSORT_abs	mouse	pan-cancer	baseline	294	-0.025056154869515818	0.025056154869515818	-0.025056154869515818	True	240	77	0.6687526648263263	0.019806562080614487	0.019806562080614487	True	147	147					False	147	0	147	0	split collapsed or empty cell		
Tacstd2	T CD4 memory resting_CIBERSORT_abs	mouse	pan-cancer	baseline	294	-0.22151543238147756	0.22151543238147756	-0.22151543238147756	True	240	128	0.00012829843259553754	-0.19755657364986812	0.19755657364986812	True	147	147					False	147	0	147	0	split collapsed or empty cell		
Tacstd2	T CD4 memory_xCell	mouse	pan-cancer	baseline	294	0.03411318889084678	0.03411318889084678	0.03411318889084678	True	240	174	0.5601645173474056	0.037530658521912175	0.037530658521912175	True	147	147	0.9215999999999999	0.5833445208166037	1.4559947504281503	0.8155901543440685	True	72	75	75	72	ok	1.0850694444444446	
Tacstd2	T CD4 naive_CIBERSORT_abs	mouse	pan-cancer	baseline	294	0.11245011304992	0.11245011304992	0.11245011304992	True	240	70	0.054102262461653235	0.03771576657874043	0.03771576657874043	True	147	147					False	147	0	147	0	split collapsed or empty cell		
Tacstd2	T CD4 naive_xCell	mouse	pan-cancer	baseline	294	0.05338525678149585	0.05338525678149585	0.05338525678149585	True	240	23	0.36170682643381924	0.0505807765282984	0.0505807765282984	True	147	147	1.2100000000000002	0.7655681664664824	1.9124358406353625	0.4840847083666908	True	77	70	70	77	ok	1.2100000000000002	
Tacstd2	T CD4 nonregulatory_xCell	mouse	pan-cancer	baseline	294	0.07691211243598071	0.07691211243598071	0.07691211243598071	True	240	26	0.18847670562447047	0.06140959785274647	0.06140959785274647	True	147	147	1.2100000000000002	0.7655681664664824	1.9124358406353625	0.4840847083666908	True	77	70	70	77	ok	1.2100000000000002	
Tacstd2	T CD4_EPIC	mouse	pan-cancer	baseline	294	-0.11510903682655459	0.11510903682655459	-0.11510903682655459	True	240	294	0.04862560511322592	-0.16988291915405618	0.16988291915405618	True	147	147	0.5945710553055596	0.3749281113125834	0.9428867271903124	0.03558940134637445	True	64	83	83	64	ok	1.6818847656249998	
Tacstd2	T CD4_TIMER	mouse	pan-cancer	baseline	294	0.1150038592531616	0.1150038592531616	0.1150038592531616	True	240	294	0.04883308894208064	0.12915914665185801	0.12915914665185801	True	147	147	1.2100000000000002	0.7655681664664824	1.9124358406353625	0.4840847083666908	True	77	70	70	77	ok	1.2100000000000002	
Tacstd2	T CD4_quanTIseq	mouse	pan-cancer	baseline	294	-0.01450759898984845	0.01450759898984845	-0.01450759898984845	True	240	26	0.8043612380863936	0.01818686658336799	0.01818686658336799	True	147	147					False	147	0	147	0	split collapsed or empty cell		
Tacstd2	T CD8 central memory_xCell	mouse	pan-cancer	baseline	294	0.13046044918503183	0.13046044918503183	0.13046044918503183	True	240	179	0.025288301869937177	0.19487250682585966	0.19487250682585966	True	147	147	1.987637731792529	1.2497573525996615	3.161176643311887	0.005033587633537382	True	86	61	61	86	ok	1.987637731792529	
Tacstd2	T CD8 effector memory_xCell	mouse	pan-cancer	baseline	294	0.032233511633306164	0.032233511633306164	0.032233511633306164	True	240	115	0.5819914382913693	0.10639085566199258	0.10639085566199258	True	147	147	1.277882797731569	0.8082427582267724	2.0204133326488627	0.35076929819604247	True	78	69	69	78	ok	1.277882797731569	
Tacstd2	T CD8 naive_xCell	mouse	pan-cancer	baseline	294	0.03761906198588339	0.03761906198588339	0.03761906198588339	True	240	245	0.5205406990467689	0.008514970614095896	0.008514970614095896	True	147	147	0.9215999999999999	0.5833445208166037	1.4559947504281503	0.8155901543440685	True	72	75	75	72	ok	1.0850694444444446	
Tacstd2	T CD8_CIBERSORT_abs	mouse	pan-cancer	baseline	294	0.2531269674086853	0.2531269674086853	0.2531269674086853	True	240	268	1.115438026539037e-05	0.33536952195844316	0.33536952195844316	True	147	147	3.3376479289940826	2.069100624164563	5.383930374297975	8.144620337882563e-07	True	95	52	52	95	ok	3.3376479289940826	
Tacstd2	T CD8_EPIC	mouse	pan-cancer	baseline	294	0.00601478325680516	0.00601478325680516	0.00601478325680516	True	240	294	0.9182061285547118	0.061224489795918435	0.061224489795918435	True	147	147	1.34969723183391	0.8533006354416798	2.134866120985826	0.2433982413524891	True	79	68	68	79	ok	1.34969723183391	
Tacstd2	T CD8_TIMER	mouse	pan-cancer	baseline	294	-0.005094242603189908	0.005094242603189908	-0.005094242603189908	True	240	294	0.9306901734987474	-0.01661344810032861	0.01661344810032861	True	147	147	0.9215999999999999	0.5833445208166037	1.4559947504281503	0.8155901543440685	True	72	75	75	72	ok	1.0850694444444446	
Tacstd2	T CD8_quanTIseq	mouse	pan-cancer	baseline	294	0.24637383343299432	0.24637383343299432	0.24637383343299432	True	240	163	1.933148729814011e-05	0.3083437456615299	0.3083437456615299	True	147	147	2.640625	1.6491151302714333	4.228267791999039	6.813658763128615e-05	True	91	56	56	91	ok	2.640625	
Tacstd2	T CD8_xCell	mouse	pan-cancer	baseline	294	-0.005994880280719384	0.005994880280719384	-0.005994880280719384	True	240	139	0.9184758447152335	0.06409366467675515	0.06409366467675515	True	147	147	1.0850694444444446	0.6868156631100076	1.714252837414389	0.8155901543440685	True	75	72	72	75	ok	1.0850694444444446	
Tacstd2	T NK_xCell	mouse	pan-cancer	baseline	294	0.05433710678461411	0.05433710678461411	0.05433710678461411	True	240	265	0.35319786793593766	0.04498125780924611	0.04498125780924611	True	147	147	1.0850694444444446	0.6868156631100076	1.714252837414389	0.8155901543440685	True	75	72	72	75	ok	1.0850694444444446	
Tacstd2	T follicular helper_CIBERSORT_abs	mouse	pan-cancer	baseline	294	0.349264071688897	0.349264071688897	0.349264071688897	True	240	248	7.360788307029974e-10	0.3960849645980842	0.3960849645980842	True	147	147	3.5432525951557095	2.191856822314845	5.727855407917827	2.3366165762577637e-07	True	96	51	51	96	ok	3.5432525951557095	
Tacstd2	T gamma delta_CIBERSORT_abs	mouse	pan-cancer	baseline	294	0.08862479557078683	0.08862479557078683	0.08862479557078683	True	240	26	0.1294915775371533	0.00865380165671703	0.00865380165671703	True	147	147					False	147	0	147	0	split collapsed or empty cell		
Tacstd2	T gamma delta_xCell	mouse	pan-cancer	baseline	294	0.10382650023937098	0.10382650023937098	0.10382650023937098	True	240	36	0.07548987960032566	0.09991207367300659	0.09991207367300659	True	147	147					False	147	0	147	0	split collapsed or empty cell		
Tacstd2	T regulatory Tregs_xCell	mouse	pan-cancer	baseline	294	-0.05105345548148188	0.05105345548148188	-0.05105345548148188	True	240	51	0.38308609084881606	-0.02559118885649503	0.02559118885649503	True	147	147	0.8727493074792245	0.5523299163473435	1.379051416846415	0.6408843645662102	True	71	76	76	71	ok	1.1458044038881172	
Tacstd2	T_mMCPcounter	mouse	pan-cancer	baseline	286	0.3042100544158518	0.3042100544158518	0.3042100544158518	True	232	278	1.545885267523584e-07	0.35566531370727184	0.35566531370727184	True	143	143	3.254133025759323	2.0057557344254677	5.279497182826586	1.928254596071793e-06	True	92	51	51	92	ok	3.254133025759323	
Tacstd2	Treg_CIBERSORT_abs	mouse	pan-cancer	baseline	294	0.3242077014322684	0.3242077014322684	0.3242077014322684	True	240	190	1.2723258575553526e-08	0.31676616224721177	0.31676616224721177	True	147	147	2.79801652892562	1.7444900528674174	4.487785117073393	2.4502021031446123e-05	True	92	55	55	92	ok	2.79801652892562	
Tacstd2	Tregs_quanTIseq	mouse	pan-cancer	baseline	294	0.18755977191941536	0.18755977191941536	0.18755977191941536	True	240	290	0.0012335755362691578	0.14665185802212033	0.14665185802212033	True	147	147	1.1458044038881172	0.7251361245737874	1.8105121059043456	0.6408843645662102	True	76	71	71	76	ok	1.1458044038881172	
Tacstd2	B derived_mMCPcounter	mouse	Colorectal	baseline	46	0.33656485060684094	0.33656485060684094	0.33656485060684094	True	38	45	0.022193158488275678	0.3270321361058601	0.3270321361058601	True	23	23	2.4197530864197527	0.7403725803358955	7.908457383148233	0.23798425365402487	True	14	9	9	14	ok	2.4197530864197527	
Tacstd2	B memory_CIBERSORT_abs	mouse	Colorectal	baseline	46	0.33679435157341303	0.33679435157341303	0.33679435157341303	True	38	41	0.022096609465897164	0.3289224952741021	0.3289224952741021	True	23	23	5.224489795918367	1.487730873134755	18.346929623193212	0.017369701896998574	True	16	7	7	16	ok	5.224489795918367	
Tacstd2	B memory_xCell	mouse	Colorectal	baseline	46	0.2534478193073154	0.2534478193073154	0.2534478193073154	True	38	24	0.08921862440603552	0.2117202268431002	0.2117202268431002	True	23	23	1.1900826446280992	0.3741807500936691	3.785060296903215	1.0	True	12	11	11	12	ok	1.1900826446280992	
Tacstd2	B naive_CIBERSORT_abs	mouse	Colorectal	baseline	46	0.0774697815975005	0.0774697815975005	0.0774697815975005	True	38	17	0.6088359285884604	0.01512287334593565	0.01512287334593565	True	23	23					False	23	0	23	0	split collapsed or empty cell		
Tacstd2	B naive_xCell	mouse	Colorectal	baseline	46	0.05365460456064246	0.05365460456064246	0.05365460456064246	True	38	27	0.7232312028717145	0.00945179584120992	0.00945179584120992	True	23	23	1.1900826446280992	0.3741807500936691	3.785060296903215	1.0	True	12	11	11	12	ok	1.1900826446280992	
Tacstd2	B plasma_xCell	mouse	Colorectal	baseline	46	0.1197779848828536	0.1197779848828536	0.1197779848828536	True	38	46	0.42784924610364916	0.08884688090737236	0.08884688090737236	True	23	23	0.591715976331361	0.18440259015084043	1.898714092678269	0.5559287547156216	True	10	13	13	10	ok	1.69	
Tacstd2	B_EPIC	mouse	Colorectal	baseline	46	0.5316656910381549	0.5316656910381549	0.5316656910381549	True	38	46	0.00014339681182817316	0.5425330812854443	0.5425330812854443	True	23	23	8.027777777777777	2.1525825459124603	29.93855737228647	0.0027702095013130094	True	17	6	6	17	ok	8.027777777777777	
Tacstd2	B_TIMER	mouse	Colorectal	baseline	46	0.27007304808469784	0.27007304808469784	0.27007304808469784	True	38	46	0.06949153864947206	0.16446124763705106	0.16446124763705106	True	23	23	1.69	0.5266722377298153	5.4229173200984055	0.5559287547156216	True	13	10	10	13	ok	1.69	
Tacstd2	B_quanTIseq	mouse	Colorectal	baseline	46	0.3114227606954194	0.3114227606954194	0.3114227606954194	True	38	46	0.03513945570595913	0.29300567107750464	0.29300567107750464	True	23	23	2.4197530864197527	0.7403725803358955	7.908457383148233	0.23798425365402487	True	14	9	9	14	ok	2.4197530864197527	
Tacstd2	B_xCell	mouse	Colorectal	baseline	46	0.4380852396072491	0.4380852396072491	0.4380852396072491	True	38	45	0.0023267972000892818	0.3724007561436673	0.3724007561436673	True	23	23	2.4197530864197527	0.7403725803358955	7.908457383148233	0.23798425365402487	True	14	9	9	14	ok	2.4197530864197527	
Tacstd2	CD8 T_mMCPcounter	mouse	Colorectal	baseline	46	0.45540394562436903	0.45540394562436903	0.45540394562436903	True	38	46	0.001471863203501788	0.4328922495274101	0.4328922495274101	True	23	23	3.515625	1.04467362034625	11.831081880413986	0.07576767147974081	True	15	8	8	15	ok	3.515625	
Tacstd2	Classswitched memory B_xCell	mouse	Colorectal	baseline	46	0.3822372385796491	0.3822372385796491	0.3822372385796491	True	38	45	0.008754658891826445	0.36483931947069936	0.36483931947069936	True	23	23	1.69	0.5266722377298153	5.4229173200984055	0.5559287547156216	True	13	10	10	13	ok	1.69	
Tacstd2	Dendritic activated_CIBERSORT_abs	mouse	Colorectal	baseline	46	0.23005432887018198	0.23005432887018198	0.23005432887018198	True	38	8	0.12402999734914959	0.04347826086956519	0.04347826086956519	True	23	23					False	23	0	23	0	split collapsed or empty cell		
Tacstd2	Dendritic resting_CIBERSORT_abs	mouse	Colorectal	baseline	46	0.17939643933855215	0.17939643933855215	0.17939643933855215	True	38	41	0.23288964096742307	0.2022684310018903	0.2022684310018903	True	23	23	1.69	0.5266722377298153	5.4229173200984055	0.5559287547156216	True	13	10	10	13	ok	1.69	
Tacstd2	Dendritic_TIMER	mouse	Colorectal	baseline	46	0.10046494545988185	0.10046494545988185	0.10046494545988185	True	38	46	0.5064867020695443	0.032136105860113506	0.032136105860113506	True	23	23	1.1900826446280992	0.3741807500936691	3.785060296903215	1.0	True	12	11	11	12	ok	1.1900826446280992	
Tacstd2	Dendritic_quanTIseq	mouse	Colorectal	baseline	46	0.34135368247705483	0.34135368247705483	0.34135368247705483	True	38	40	0.020250401461473586	0.3724007561436673	0.3724007561436673	True	23	23	5.224489795918367	1.487730873134755	18.346929623193212	0.017369701896998574	True	16	7	7	16	ok	5.224489795918367	
Tacstd2	Eosinophil_xCell	mouse	Colorectal	baseline	46	-0.086961125076841	0.086961125076841	-0.086961125076841	True	38	15	0.5655227091213091	-0.017013232514177745	0.017013232514177745	True	23	23	0.8402777777777778	0.2641965838214414	2.6725051990239184	1.0	True	11	12	12	11	ok	1.1900826446280992	
Tacstd2	Eosinophils_CIBERSORT_abs	mouse	Colorectal	baseline	46	-0.0873784697298166	0.0873784697298166	-0.0873784697298166	True	38	32	0.5636514722456779	-0.18714555765595464	0.18714555765595464	True	23	23	0.591715976331361	0.18440259015084043	1.898714092678269	0.5559287547156216	True	10	13	13	10	ok	1.69	
Tacstd2	Eosinophils_mMCPcounter	mouse	Colorectal	baseline	46	0.16174670516738837	0.16174670516738837	0.16174670516738837	True	38	46	0.2828585893570921	0.08884688090737236	0.08884688090737236	True	23	23	0.8402777777777778	0.2641965838214414	2.6725051990239184	1.0	True	11	12	12	11	ok	1.1900826446280992	
Tacstd2	Granulocytes_mMCPcounter	mouse	Colorectal	baseline	46	0.37063728882047253	0.37063728882047253	0.37063728882047253	True	38	30	0.011224621993283024	0.3005671077504726	0.3005671077504726	True	23	23	3.515625	1.04467362034625	11.831081880413986	0.07576767147974081	True	15	8	8	15	ok	3.515625	
Tacstd2	Macrophage M1_quanTIseq	mouse	Colorectal	baseline	46	-0.2513861349732454	0.2513861349732454	-0.2513861349732454	True	38	27	0.09194134480347772	-0.07561436672967858	0.07561436672967858	True	23	23	0.8402777777777778	0.2641965838214414	2.6725051990239184	1.0	True	11	12	12	11	ok	1.1900826446280992	
Tacstd2	Macrophage M1_xCell	mouse	Colorectal	baseline	46	-0.16385133125835322	0.16385133125835322	-0.16385133125835322	True	38	46	0.2765577794051567	-0.17958412098298682	0.17958412098298682	True	23	23	0.591715976331361	0.18440259015084043	1.898714092678269	0.5559287547156216	True	10	13	13	10	ok	1.69	
Tacstd2	Macrophage M2_quanTIseq	mouse	Colorectal	baseline	46	0.6625239132822648	0.6625239132822648	0.6625239132822648	True	38	46	5.289662673412416e-07	0.6181474480151228	0.6181474480151228	True	23	23	5.224489795918367	1.487730873134755	18.346929623193212	0.017369701896998574	True	16	7	7	16	ok	5.224489795918367	
Tacstd2	Macrophage M2_xCell	mouse	Colorectal	baseline	46	-0.10938202888031781	0.10938202888031781	-0.10938202888031781	True	38	45	0.4692965751055653	-0.1172022684310019	0.1172022684310019	True	23	23	0.8402777777777778	0.2641965838214414	2.6725051990239184	1.0	True	11	12	12	11	ok	1.1900826446280992	
Tacstd2	Macrophage_EPIC	mouse	Colorectal	baseline	46	0.32070787580261734	0.32070787580261734	0.32070787580261734	True	38	46	0.029776921161859815	0.32325141776937616	0.32325141776937616	True	23	23	1.1900826446280992	0.3741807500936691	3.785060296903215	1.0	True	12	11	11	12	ok	1.1900826446280992	
Tacstd2	Macrophage_TIMER	mouse	Colorectal	baseline	46	0.1076587141991455	0.1076587141991455	0.1076587141991455	True	38	44	0.4763682056896326	0.07750472589792068	0.07750472589792068	True	23	23	1.1900826446280992	0.3741807500936691	3.785060296903215	1.0	True	12	11	11	12	ok	1.1900826446280992	
Tacstd2	Macrophage_xCell	mouse	Colorectal	baseline	46	0.02126872172382013	0.02126872172382013	0.02126872172382013	True	38	35	0.888425030726102	0.02835538752362954	0.02835538752362954	True	23	23	0.8402777777777778	0.2641965838214414	2.6725051990239184	1.0	True	11	12	12	11	ok	1.1900826446280992	
Tacstd2	Macrophages M0_CIBERSORT_abs	mouse	Colorectal	baseline	46	-0.55212234228883	0.55212234228883	-0.55212234228883	True	38	14	6.95275669589756e-05	-0.36862003780718333	0.36862003780718333	True	23	23					False	23	0	23	0	split collapsed or empty cell		
Tacstd2	Macrophages M1_CIBERSORT_abs	mouse	Colorectal	baseline	46	0.1520329727957332	0.1520329727957332	0.1520329727957332	True	38	45	0.3131478575366149	0.11909262759924388	0.11909262759924388	True	23	23	1.69	0.5266722377298153	5.4229173200984055	0.5559287547156216	True	13	10	10	13	ok	1.69	
Tacstd2	Macrophages M2_CIBERSORT_abs	mouse	Colorectal	baseline	46	0.25633107772604485	0.25633107772604485	0.25633107772604485	True	38	46	0.08551655612590289	0.19470699432892258	0.19470699432892258	True	23	23	1.1900826446280992	0.3741807500936691	3.785060296903215	1.0	True	12	11	11	12	ok	1.1900826446280992	
Tacstd2	Macrophages_mMCPcounter	mouse	Colorectal	baseline	30	0.32088618751215786	0.32088618751215786	0.32088618751215786	True	22	30	0.083819687015688	0.22666666666666657	0.22666666666666657	True	15	15	1.3061224489795917	0.31114061771863594	5.482909509651807	1.0	True	8	7	7	8	ok	1.3061224489795917	
Tacstd2	Mast activated_CIBERSORT_abs	mouse	Colorectal	baseline	46	-0.16935533578383544	0.16935533578383544	-0.16935533578383544	True	38	19	0.26051958083497095	-0.03780718336483935	0.03780718336483935	True	23	23					False	23	0	23	0	split collapsed or empty cell		
Tacstd2	Mast resting_CIBERSORT_abs	mouse	Colorectal	baseline	46	0.4173275051444241	0.4173275051444241	0.4173275051444241	True	38	31	0.003907943394279149	0.3175803402646502	0.3175803402646502	True	23	23	3.515625	1.04467362034625	11.831081880413986	0.07576767147974081	True	15	8	8	15	ok	3.515625	
Tacstd2	Mast_mMCPcounter	mouse	Colorectal	baseline	46	0.4253710840116377	0.4253710840116377	0.4253710840116377	True	38	39	0.0032087972070307122	0.3950850661625709	0.3950850661625709	True	23	23	2.4197530864197527	0.7403725803358955	7.908457383148233	0.23798425365402487	True	14	9	9	14	ok	2.4197530864197527	
Tacstd2	Mast_xCell	mouse	Colorectal	baseline	46	0.319469860454991	0.319469860454991	0.319469860454991	True	38	46	0.03045003949318276	0.29300567107750464	0.29300567107750464	True	23	23	2.4197530864197527	0.7403725803358955	7.908457383148233	0.23798425365402487	True	14	9	9	14	ok	2.4197530864197527	
Tacstd2	Memory B_mMCPcounter	mouse	Colorectal	baseline	46	0.38710066422529504	0.38710066422529504	0.38710066422529504	True	38	36	0.007867876187540737	0.3156899810964082	0.3156899810964082	True	23	23	2.4197530864197527	0.7403725803358955	7.908457383148233	0.23798425365402487	True	14	9	9	14	ok	2.4197530864197527	
Tacstd2	Monocyte_quanTIseq	mouse	Colorectal	baseline	46	-0.12656104380242308	0.12656104380242308	-0.12656104380242308	True	38	38	0.40195573762976483	-0.23251417769376181	0.23251417769376181	True	23	23	0.8402777777777778	0.2641965838214414	2.6725051990239184	1.0	True	11	12	12	11	ok	1.1900826446280992	
Tacstd2	Monocyte_xCell	mouse	Colorectal	baseline	46	0.44636643358669625	0.44636643358669625	0.44636643358669625	True	38	46	0.0018747519426187732	0.36862003780718333	0.36862003780718333	True	23	23	1.69	0.5266722377298153	5.4229173200984055	0.5559287547156216	True	13	10	10	13	ok	1.69	
Tacstd2	Monocytes_CIBERSORT_abs	mouse	Colorectal	baseline	46	0.10036512661623585	0.10036512661623585	0.10036512661623585	True	38	23	0.5069113063219136	0.04536862003780717	0.04536862003780717	True	23	23					False	23	0	23	0	split collapsed or empty cell		
Tacstd2	Monocytes_mMCPcounter	mouse	Colorectal	baseline	46	0.5472477555219744	0.5472477555219744	0.5472477555219744	True	38	43	8.297114939827466e-05	0.37618147448015127	0.37618147448015127	True	23	23	3.515625	1.04467362034625	11.831081880413986	0.07576767147974081	True	15	8	8	15	ok	3.515625	
Tacstd2	Myeloid dendritic activated_xCell	mouse	Colorectal	baseline	46	-0.18254536300751176	0.18254536300751176	-0.18254536300751176	True	38	46	0.22465446229437797	-0.2136105860113422	0.2136105860113422	True	23	23	0.8402777777777778	0.2641965838214414	2.6725051990239184	1.0	True	11	12	12	11	ok	1.1900826446280992	
Tacstd2	Myeloid dendritic_xCell	mouse	Colorectal	baseline	46	0.3271859140554824	0.3271859140554824	0.3271859140554824	True	38	44	0.0264529831471847	0.2211720226843099	0.2211720226843099	True	23	23	3.515625	1.04467362034625	11.831081880413986	0.07576767147974081	True	15	8	8	15	ok	3.515625	
Tacstd2	NK activated_CIBERSORT_abs	mouse	Colorectal	baseline	46	0.16285526253754562	0.16285526253754562	0.16285526253754562	True	38	36	0.2795281915724077	0.13421550094517953	0.13421550094517953	True	23	23	2.4197530864197527	0.7403725803358955	7.908457383148233	0.23798425365402487	True	14	9	9	14	ok	2.4197530864197527	
Tacstd2	NK resting_CIBERSORT_abs	mouse	Colorectal	baseline	46	0.42543664254977975	0.42543664254977975	0.42543664254977975	True	38	35	0.0032035835600704426	0.2967863894139886	0.2967863894139886	True	23	23	5.224489795918367	1.487730873134755	18.346929623193212	0.017369701896998574	True	16	7	7	16	ok	5.224489795918367	
Tacstd2	NK_EPIC	mouse	Colorectal	baseline	46	0.4971250628393784	0.4971250628393784	0.4971250628393784	True	38	46	0.00044042256008433996	0.4253308128544424	0.4253308128544424	True	23	23	2.4197530864197527	0.7403725803358955	7.908457383148233	0.23798425365402487	True	14	9	9	14	ok	2.4197530864197527	
Tacstd2	NK_mMCPcounter	mouse	Colorectal	baseline	46	0.018593208070485843	0.018593208070485843	0.018593208070485843	True	38	24	0.9023879810463192	-0.047258979206049156	0.047258979206049156	True	23	23	0.591715976331361	0.18440259015084043	1.898714092678269	0.5559287547156216	True	10	13	13	10	ok	1.69	
Tacstd2	NK_quanTIseq	mouse	Colorectal	baseline	46	0.03262170440995548	0.03262170440995548	0.03262170440995548	True	38	46	0.8295962608171814	-0.06616257088846877	0.06616257088846877	True	23	23	0.591715976331361	0.18440259015084043	1.898714092678269	0.5559287547156216	True	10	13	13	10	ok	1.69	
Tacstd2	NK_xCell	mouse	Colorectal	baseline	46	0.5918533306122664	0.5918533306122664	0.5918533306122664	True	38	34	1.4766503776953248e-05	0.5406427221172023	0.5406427221172023	True	23	23	12.959999999999999	3.1919237743141133	52.62080546898143	0.0002948630397607866	True	18	5	5	18	ok	12.959999999999999	
Tacstd2	Neutrophil_TIMER	mouse	Colorectal	baseline	46	0.1584040637287971	0.1584040637287971	0.1584040637287971	True	38	46	0.2930573221513755	0.14177693761814747	0.14177693761814747	True	23	23	1.1900826446280992	0.3741807500936691	3.785060296903215	1.0	True	12	11	11	12	ok	1.1900826446280992	
Tacstd2	Neutrophil_quanTIseq	mouse	Colorectal	baseline	46	0.4409735602303124	0.4409735602303124	0.4409735602303124	True	38	44	0.0021592440041019014	0.42155009451795844	0.42155009451795844	True	23	23	3.515625	1.04467362034625	11.831081880413986	0.07576767147974081	True	15	8	8	15	ok	3.515625	
Tacstd2	Neutrophil_xCell	mouse	Colorectal	baseline	46	-0.06922640763448375	0.06922640763448375	-0.06922640763448375	True	38	39	0.6475674726439153	-0.13232514177693766	0.13232514177693766	True	23	23	0.8402777777777778	0.2641965838214414	2.6725051990239184	1.0	True	11	12	12	11	ok	1.1900826446280992	
Tacstd2	Neutrophils_CIBERSORT_abs	mouse	Colorectal	baseline	46	0.3955814545506535	0.3955814545506535	0.3955814545506535	True	38	39	0.006506439897574263	0.3610586011342154	0.3610586011342154	True	23	23	2.4197530864197527	0.7403725803358955	7.908457383148233	0.23798425365402487	True	14	9	9	14	ok	2.4197530864197527	
Tacstd2	Neutrophils_mMCPcounter	mouse	Colorectal	baseline	46	-0.07927733355801615	0.07927733355801615	-0.07927733355801615	True	38	5	0.600478065909617	0.0	0.0	True	23	23					False	23	0	23	0	split collapsed or empty cell		
Tacstd2	Plasma_CIBERSORT_abs	mouse	Colorectal	baseline	46	0.17918946258791588	0.17918946258791588	0.17918946258791588	True	38	42	0.2334380792923788	0.2022684310018903	0.2022684310018903	True	23	23	2.4197530864197527	0.7403725803358955	7.908457383148233	0.23798425365402487	True	14	9	9	14	ok	2.4197530864197527	
Tacstd2	Plasmacytoid dendritic_xCell	mouse	Colorectal	baseline	46	0.2885902765365261	0.2885902765365261	0.2885902765365261	True	38	43	0.05176847778448475	0.18525519848771266	0.18525519848771266	True	23	23	2.4197530864197527	0.7403725803358955	7.908457383148233	0.23798425365402487	True	14	9	9	14	ok	2.4197530864197527	
Tacstd2	T CD4 Th1_xCell	mouse	Colorectal	baseline	46	-0.13626039675233997	0.13626039675233997	-0.13626039675233997	True	38	39	0.3665519265319005	-0.10775047258979209	0.10775047258979209	True	23	23	0.8402777777777778	0.2641965838214414	2.6725051990239184	1.0	True	11	12	12	11	ok	1.1900826446280992	
Tacstd2	T CD4 Th2_xCell	mouse	Colorectal	baseline	46	0.23419949155570294	0.23419949155570294	0.23419949155570294	True	38	42	0.11721287707320921	0.1606805293005671	0.1606805293005671	True	23	23	1.1900826446280992	0.3741807500936691	3.785060296903215	1.0	True	12	11	11	12	ok	1.1900826446280992	
Tacstd2	T CD4 central memory_xCell	mouse	Colorectal	baseline	46	-0.04940759142073589		-0.04940759142073589	False	38	2	0.7443670622690763	-0.0850661625708885	0.0850661625708885	True	23	23					False	23	0	23	0	split collapsed or empty cell		
Tacstd2	T CD4 effector memory_xCell	mouse	Colorectal	baseline	46	0.27091266825472343	0.27091266825472343	0.27091266825472343	True	38	35	0.06859551300952116	0.19848771266540632	0.19848771266540632	True	23	23	2.4197530864197527	0.7403725803358955	7.908457383148233	0.23798425365402487	True	14	9	9	14	ok	2.4197530864197527	
Tacstd2	T CD4 memory activated_CIBERSORT_abs	mouse	Colorectal	baseline	46	0.233262590720454	0.233262590720454	0.233262590720454	True	38	29	0.11872828586111989	0.12854442344045358	0.12854442344045358	True	23	23	0.8402777777777778	0.2641965838214414	2.6725051990239184	1.0	True	11	12	12	11	ok	1.1900826446280992	
Tacstd2	T CD4 memory resting_CIBERSORT_abs	mouse	Colorectal	baseline	46	-0.1528558172596254	0.1528558172596254	-0.1528558172596254	True	38	5	0.31050503171165783	-0.08128544423440454	0.08128544423440454	True	23	23					False	23	0	23	0	split collapsed or empty cell		
Tacstd2	T CD4 memory_xCell	mouse	Colorectal	baseline	46	0.1945561091339835	0.1945561091339835	0.1945561091339835	True	38	33	0.19509585707086932	0.10396975425330823	0.10396975425330823	True	23	23	1.1900826446280992	0.3741807500936691	3.785060296903215	1.0	True	12	11	11	12	ok	1.1900826446280992	
Tacstd2	T CD4 naive_CIBERSORT_abs	mouse	Colorectal	baseline	46	0.32195296084273206	0.32195296084273206	0.32195296084273206	True	38	12	0.029112461002969797	0.1493383742911154	0.1493383742911154	True	23	23					False	23	0	23	0	split collapsed or empty cell		
Tacstd2	T CD4 naive_xCell	mouse	Colorectal	baseline	46	0.28543002549093277	0.28543002549093277	0.28543002549093277	True	38	10	0.05450320330374002	0.26275992438563334	0.26275992438563334	True	23	23	2.4197530864197527	0.7403725803358955	7.908457383148233	0.23798425365402487	True	14	9	9	14	ok	2.4197530864197527	
Tacstd2	T CD4 nonregulatory_xCell	mouse	Colorectal	baseline	46	0.05411945615178656	0.05411945615178656	0.05411945615178656	True	38	8	0.720929806734866	0.13421550094517953	0.13421550094517953	True	23	23	1.69	0.5266722377298153	5.4229173200984055	0.5559287547156216	True	13	10	10	13	ok	1.69	
Tacstd2	T CD4_EPIC	mouse	Colorectal	baseline	46	0.1185399695352272	0.1185399695352272	0.1185399695352272	True	38	46	0.43267427787500373	0.12665406427221182	0.12665406427221182	True	23	23	1.1900826446280992	0.3741807500936691	3.785060296903215	1.0	True	12	11	11	12	ok	1.1900826446280992	
Tacstd2	T CD4_TIMER	mouse	Colorectal	baseline	46	0.2545978562393679	0.2545978562393679	0.2545978562393679	True	38	46	0.08772733051377932	0.21739130434782616	0.21739130434782616	True	23	23	1.69	0.5266722377298153	5.4229173200984055	0.5559287547156216	True	13	10	10	13	ok	1.69	
Tacstd2	T CD8 central memory_xCell	mouse	Colorectal	baseline	46	0.08625303766132303	0.08625303766132303	0.08625303766132303	True	38	38	0.568704116136122	0.047258979206049156	0.047258979206049156	True	23	23	0.591715976331361	0.18440259015084043	1.898714092678269	0.5559287547156216	True	10	13	13	10	ok	1.69	
Tacstd2	T CD8 effector memory_xCell	mouse	Colorectal	baseline	46	0.21932015728205853	0.21932015728205853	0.21932015728205853	True	38	40	0.1430677657533183	0.13988657844990549	0.13988657844990549	True	23	23	0.8402777777777778	0.2641965838214414	2.6725051990239184	1.0	True	11	12	12	11	ok	1.1900826446280992	
Tacstd2	T CD8 naive_xCell	mouse	Colorectal	baseline	46	-0.09439588835449389	0.09439588835449389	-0.09439588835449389	True	38	33	0.5326272235063736	0.0	0.0	True	23	23	0.591715976331361	0.18440259015084043	1.898714092678269	0.5559287547156216	True	10	13	13	10	ok	1.69	
Tacstd2	T CD8_CIBERSORT_abs	mouse	Colorectal	baseline	46	0.31402259292543483	0.31402259292543483	0.31402259292543483	True	38	46	0.03356341151292715	0.22873345935727785	0.22873345935727785	True	23	23	1.69	0.5266722377298153	5.4229173200984055	0.5559287547156216	True	13	10	10	13	ok	1.69	
Tacstd2	T CD8_EPIC	mouse	Colorectal	baseline	46	0.3806278186277348	0.3806278186277348	0.3806278186277348	True	38	46	0.009066500223179126	0.2967863894139886	0.2967863894139886	True	23	23	1.69	0.5266722377298153	5.4229173200984055	0.5559287547156216	True	13	10	10	13	ok	1.69	
Tacstd2	T CD8_TIMER	mouse	Colorectal	baseline	46	0.23058035849541586	0.23058035849541586	0.23058035849541586	True	38	46	0.12314871455651599	0.1493383742911154	0.1493383742911154	True	23	23	1.69	0.5266722377298153	5.4229173200984055	0.5559287547156216	True	13	10	10	13	ok	1.69	
Tacstd2	T CD8_quanTIseq	mouse	Colorectal	baseline	46	0.1908339904021323	0.1908339904021323	0.1908339904021323	True	38	42	0.2039450336598618	0.18336483931947067	0.18336483931947067	True	23	23	2.4197530864197527	0.7403725803358955	7.908457383148233	0.23798425365402487	True	14	9	9	14	ok	2.4197530864197527	
Tacstd2	T CD8_xCell	mouse	Colorectal	baseline	46	0.03584164953124166	0.03584164953124166	0.03584164953124166	True	38	44	0.8130634531960946	-0.007561436672967825	0.007561436672967825	True	23	23	0.8402777777777778	0.2641965838214414	2.6725051990239184	1.0	True	11	12	12	11	ok	1.1900826446280992	
Tacstd2	T NK_xCell	mouse	Colorectal	baseline	46	-0.14377792354854319	0.14377792354854319	-0.14377792354854319	True	38	40	0.3404492710809592	-0.1058601134215501	0.1058601134215501	True	23	23	0.8402777777777778	0.2641965838214414	2.6725051990239184	1.0	True	11	12	12	11	ok	1.1900826446280992	
Tacstd2	T follicular helper_CIBERSORT_abs	mouse	Colorectal	baseline	46	-0.12784715977005745	0.12784715977005745	-0.12784715977005745	True	38	39	0.39715067424912	-0.18525519848771266	0.18525519848771266	True	23	23	0.591715976331361	0.18440259015084043	1.898714092678269	0.5559287547156216	True	10	13	13	10	ok	1.69	
Tacstd2	T gamma delta_CIBERSORT_abs	mouse	Colorectal	baseline	46	-0.2981271658371226		-0.2981271658371226	False	38	3	0.04418107874961867	-0.08695652173913049	0.08695652173913049	True	23	23					False	23	0	23	0	split collapsed or empty cell		
Tacstd2	T gamma delta_xCell	mouse	Colorectal	baseline	46	0.08729912418740891	0.08729912418740891	0.08729912418740891	True	38	14	0.5640070098169577	-0.007561436672967825	0.007561436672967825	True	23	23					False	23	0	23	0	split collapsed or empty cell		
Tacstd2	T regulatory Tregs_xCell	mouse	Colorectal	baseline	46	-0.2084424089946995	0.2084424089946995	-0.2084424089946995	True	38	18	0.1644856146960573	-0.1266540642722117	0.1266540642722117	True	23	23	0.413265306122449	0.12644691013077392	1.3506713059880142	0.23798425365402487	True	9	14	14	9	ok	2.419753086419753	
Tacstd2	T_mMCPcounter	mouse	Colorectal	baseline	46	0.4786786341597452	0.4786786341597452	0.4786786341597452	True	38	46	0.0007651194995679239	0.3724007561436673	0.3724007561436673	True	23	23	2.4197530864197527	0.7403725803358955	7.908457383148233	0.23798425365402487	True	14	9	9	14	ok	2.4197530864197527	
Tacstd2	Treg_CIBERSORT_abs	mouse	Colorectal	baseline	46	0.09865747562463642	0.09865747562463642	0.09865747562463642	True	38	17	0.5142030946395424	-0.015122873345935761	0.015122873345935761	True	23	23					False	23	0	23	0	split collapsed or empty cell		
Tacstd2	Tregs_quanTIseq	mouse	Colorectal	baseline	46	0.45268031185959096	0.45268031185959096	0.45268031185959096	True	38	46	0.0015842908082033635	0.32325141776937616	0.32325141776937616	True	23	23	2.4197530864197527	0.7403725803358955	7.908457383148233	0.23798425365402487	True	14	9	9	14	ok	2.4197530864197527	
Tacstd2	B derived_mMCPcounter	mouse	Mammary	baseline	146	0.2484570337629997	0.2484570337629997	0.2484570337629997	True	133	139	0.0024955860692897625	0.29161193469694124	0.29161193469694124	True	73	73	2.0544444444444445	1.0624978762024757	3.972470976030746	0.04663822230651567	True	43	30	30	43	ok	2.0544444444444445	
Tacstd2	B memory_CIBERSORT_abs	mouse	Mammary	baseline	146	0.37984372014799234	0.37984372014799234	0.37984372014799234	True	133	99	2.2598742031695767e-06	0.5008444361043347	0.5008444361043347	True	73	73	5.37396694214876	2.6499459454174974	10.898154637927059	2.7086613881241303e-06	True	51	22	22	51	ok	5.37396694214876	
Tacstd2	B memory_xCell	mouse	Mammary	baseline	146	0.1884658333878085	0.1884658333878085	0.1884658333878085	True	133	26	0.02271931340224869	0.288797147682492	0.288797147682492	True	73	73	2.0544444444444445	1.0624978762024757	3.972470976030746	0.04663822230651567	True	43	30	30	43	ok	2.0544444444444445	
Tacstd2	B naive_CIBERSORT_abs	mouse	Mammary	baseline	146	-0.19803068429947704	0.19803068429947704	-0.19803068429947704	True	133	73	0.016573952336595768	-0.21148433101895292	0.21148433101895292	True	73	73					False	73	0	73	0	split collapsed or empty cell		
Tacstd2	B naive_xCell	mouse	Mammary	baseline	146	-0.17917289609243495	0.17917289609243495	-0.17917289609243495	True	133	63	0.030472971470220163	-0.19722274347907676	0.19722274347907676	True	73	73	0.3871604938271605	0.19867152956368236	0.7544777468099367	0.007871819133846495	True	28	45	45	28	ok	2.582908163265306	
Tacstd2	B plasma_xCell	mouse	Mammary	baseline	146	0.3287686874708928	0.3287686874708928	0.3287686874708928	True	133	146	5.086940623446425e-05	0.5139801088384313	0.5139801088384313	True	73	73	5.37396694214876	2.6499459454174974	10.898154637927059	2.7086613881241303e-06	True	51	22	22	51	ok	5.37396694214876	
Tacstd2	B_EPIC	mouse	Mammary	baseline	146	0.03583653147930557	0.03583653147930557	0.03583653147930557	True	133	146	0.6676100027402309	0.10489772940514164	0.10489772940514164	True	73	73	1.315743944636678	0.6866242277161959	2.5212948479931	0.5080653075780632	True	39	34	34	39	ok	1.315743944636678	
Tacstd2	B_TIMER	mouse	Mammary	baseline	146	-0.1537369647717903	0.1537369647717903	-0.1537369647717903	True	133	146	0.0639291896764504	-0.13792456370801276	0.13792456370801276	True	73	73	0.6091612135633552	0.31679403789574706	1.1713521711923647	0.185269418583736	True	32	41	41	32	ok	1.6416015625	
Tacstd2	B_quanTIseq	mouse	Mammary	baseline	146	-0.10469151098394905	0.10469151098394905	-0.10469151098394905	True	133	146	0.2085444437355337	-0.19422030399699752	0.19422030399699752	True	73	73	0.3445179584120983	0.17593990021002934	0.6746202738932455	0.002762503185215444	True	27	46	46	27	ok	2.9026063100137174	
Tacstd2	B_xCell	mouse	Mammary	baseline	146	0.008051829861771644	0.008051829861771644	0.008051829861771644	True	133	67	0.9231584789483236	-0.011446800525426903	0.011446800525426903	True	73	73	0.760026298487837	0.3966216013156811	1.4564006914322463	0.5080653075780632	True	34	39	39	34	ok	1.315743944636678	
Tacstd2	CD8 T_mMCPcounter	mouse	Mammary	baseline	146	0.2293519284253127	0.2293519284253127	0.2293519284253127	True	133	139	0.005358239811517911	0.31394257834490524	0.31394257834490524	True	73	73	2.9026063100137174	1.4823153686576631	5.683759049574563	0.002762503185215444	True	46	27	27	46	ok	2.9026063100137174	
Tacstd2	Classswitched memory B_xCell	mouse	Mammary	baseline	146	0.0375729321139549	0.0375729321139549	0.0375729321139549	True	133	68	0.6525286247442169	0.05197973353349594	0.05197973353349594	True	73	73	0.6806249999999999	0.3546618144267574	1.3061749863704808	0.32066566229833765	True	33	40	40	33	ok	1.4692378328741966	
Tacstd2	Dendritic activated_CIBERSORT_abs	mouse	Mammary	baseline	146	-0.04222877916557675	0.04222877916557675	-0.04222877916557675	True	133	18	0.6127919067691432	0.05385625820979545	0.05385625820979545	True	73	73					False	73	0	73	0	split collapsed or empty cell		
Tacstd2	Dendritic resting_CIBERSORT_abs	mouse	Mammary	baseline	146	0.6077916194129885	0.6077916194129885	0.6077916194129885	True	133	113	4.1216223601273856e-16	0.8183524113342091	0.8183524113342091	True	73	73	39.69	15.44916753619211	101.9664066888795	1.3456901575368633e-19	True	63	10	10	63	ok	39.69	
Tacstd2	Dendritic_TIMER	mouse	Mammary	baseline	146	0.13815552867243994	0.13815552867243994	0.13815552867243994	True	133	146	0.09631740616163238	0.18333646087446054	0.18333646087446054	True	73	73	1.8355879292403743	0.9522074550210918	3.5384968141194943	0.09755584963358659	True	42	31	31	42	ok	1.8355879292403743	
Tacstd2	Dendritic_quanTIseq	mouse	Mammary	baseline	146	-0.2244245899754749	0.2244245899754749	-0.2244245899754749	True	133	145	0.006464278543377704	-0.30043160067554886	0.30043160067554886	True	73	73	0.5447845804988662	0.2826058782954806	1.0501913156916518	0.09755584963358659	True	31	42	42	31	ok	1.8355879292403745	
Tacstd2	Eosinophil_xCell	mouse	Mammary	baseline	146	0.25703030920734765	0.25703030920734765	0.25703030920734765	True	133	41	0.0017373639117534304	0.23362732219928684	0.23362732219928684	True	73	73	1.8355879292403743	0.9522074550210918	3.5384968141194943	0.09755584963358659	True	42	31	31	42	ok	1.8355879292403743	
Tacstd2	Eosinophils_CIBERSORT_abs	mouse	Mammary	baseline	146	-0.208688390777007	0.208688390777007	-0.208688390777007	True	133	59	0.011477544307580124	-0.21298555075999248	0.21298555075999248	True	73	73					False	73	0	73	0	split collapsed or empty cell		
Tacstd2	Eosinophils_mMCPcounter	mouse	Mammary	baseline	146	0.35541475009639184	0.35541475009639184	0.35541475009639184	True	133	138	1.071669895023205e-05	0.42540814411709515	0.42540814411709515	True	73	73	2.5829081632653064	1.3254201389347455	5.033433840249663	0.007871819133846495	True	45	28	28	45	ok	2.5829081632653064	
Tacstd2	Granulocytes_mMCPcounter	mouse	Mammary	baseline	146	0.36408184539645005	0.36408184539645005	0.36408184539645005	True	133	127	6.259324152543701e-06	0.2859823606680427	0.2859823606680427	True	73	73	2.5829081632653064	1.3254201389347455	5.033433840249663	0.007871819133846495	True	45	28	28	45	ok	2.5829081632653064	
Tacstd2	Macrophage M1_quanTIseq	mouse	Mammary	baseline	146	0.2660893089099833	0.2660893089099833	0.2660893089099833	True	133	91	0.0011693093676622983	0.3370238318633889	0.3370238318633889	True	73	73	3.2677514792899407	1.6596744624677167	6.4339121748758625	0.0008694485048152791	True	47	26	26	47	ok	3.2677514792899407	
Tacstd2	Macrophage M1_xCell	mouse	Mammary	baseline	146	0.20929236493686693	0.20929236493686693	0.20929236493686693	True	133	146	0.011235263871816734	0.4010133233252018	0.4010133233252018	True	73	73	4.725897920604915	2.3506474212384876	9.501259505864418	1.370199795435327e-05	True	50	23	23	50	ok	4.725897920604915	
Tacstd2	Macrophage M2_quanTIseq	mouse	Mammary	baseline	146	0.06810271903438515	0.06810271903438515	0.06810271903438515	True	133	146	0.41406334745250206	0.12066053668605736	0.12066053668605736	True	73	73	0.9466764061358658	0.494750416774135	1.8114107387269833	1.0	True	36	37	37	36	ok	1.056327160493827	
Tacstd2	Macrophage M2_xCell	mouse	Mammary	baseline	146	-0.029137667904628843	0.029137667904628843	-0.029137667904628843	True	133	142	0.7269994670340946	0.09476449615312443	0.09476449615312443	True	73	73	1.315743944636678	0.6866242277161959	2.5212948479931	0.5080653075780632	True	39	34	34	39	ok	1.315743944636678	
Tacstd2	Macrophage_EPIC	mouse	Mammary	baseline	146	-0.02715660297632505	0.02715660297632505	-0.02715660297632505	True	133	146	0.744898026654947	0.0324638768999812	0.0324638768999812	True	73	73	0.760026298487837	0.3966216013156811	1.4564006914322463	0.5080653075780632	True	34	39	39	34	ok	1.315743944636678	
Tacstd2	Macrophage_TIMER	mouse	Mammary	baseline	146	-0.1682017201452882	0.1682017201452882	-0.1682017201452882	True	133	110	0.042417356967902796	-0.2212422593357103	0.2212422593357103	True	73	73	0.6091612135633552	0.31679403789574706	1.1713521711923647	0.185269418583736	True	32	41	41	32	ok	1.6416015625	
Tacstd2	Macrophage_xCell	mouse	Mammary	baseline	146	0.13531828693716774	0.13531828693716774	0.13531828693716774	True	133	142	0.10341843648337459	0.3066241321073373	0.3066241321073373	True	73	73	3.6863999999999995	1.8607649883344852	7.303203276714483	0.0002447147510752516	True	48	25	25	48	ok	3.6863999999999995	
Tacstd2	Macrophages M0_CIBERSORT_abs	mouse	Mammary	baseline	146	0.21377466412974258	0.21377466412974258	0.21377466412974258	True	133	79	0.009573405338113987	0.04559954963407775	0.04559954963407775	True	73	73	0.8483379501385042	0.4431407609523724	1.62403764460419	0.7407468263294611	True	35	38	38	35	ok	1.1787755102040816	
Tacstd2	Macrophages M1_CIBERSORT_abs	mouse	Mammary	baseline	146	0.1916926812983276	0.1916926812983276	0.1916926812983276	True	133	132	0.020456906865045883	0.24188403077500475	0.24188403077500475	True	73	73	2.0544444444444445	1.0624978762024757	3.972470976030746	0.04663822230651567	True	43	30	30	43	ok	2.0544444444444445	
Tacstd2	Macrophages M2_CIBERSORT_abs	mouse	Mammary	baseline	146	0.13704848768669933	0.13704848768669933	0.13704848768669933	True	133	145	0.09904073848275291	0.14711953462188032	0.14711953462188032	True	73	73	1.4692378328741966	0.7655942047847194	2.8195874473159948	0.32066566229833765	True	40	33	33	40	ok	1.4692378328741966	
Tacstd2	Macrophages_mMCPcounter	mouse	Mammary	baseline	135	0.03330548019671566	0.03330548019671566	0.03330548019671566	True	122	135	0.7013619109809714	0.08516242317822642	0.08516242317822642	True	68	67	1.0927456382001837	0.55640010494848	2.1461049686827325	0.8639164267024466	True	35	33	33	34	ok	1.0927456382001837	
Tacstd2	Mast activated_CIBERSORT_abs	mouse	Mammary	baseline	146	-0.13180592796976506	0.13180592796976506	-0.13180592796976506	True	133	101	0.1127723161980053	-0.19609682867329703	0.19609682867329703	True	73	73	0.6091612135633552	0.31679403789574706	1.1713521711923647	0.185269418583736	True	32	41	41	32	ok	1.6416015625	
Tacstd2	Mast resting_CIBERSORT_abs	mouse	Mammary	baseline	146	0.2200784567097239	0.2200784567097239	0.2200784567097239	True	133	42	0.007603933412867296	0.26102458247325955	0.26102458247325955	True	73	73					False	73	0	73	0	split collapsed or empty cell		
Tacstd2	Mast_mMCPcounter	mouse	Mammary	baseline	146	0.4026776778996751	0.4026776778996751	0.4026776778996751	True	133	101	4.686277379505998e-07	0.5411897166447739	0.5411897166447739	True	73	73	6.1315192743764175	2.994476232822199	12.554959762234253	4.7280016415826626e-07	True	52	21	21	52	ok	6.1315192743764175	
Tacstd2	Mast_xCell	mouse	Mammary	baseline	146	-0.2433217769801137	0.2433217769801137	-0.2433217769801137	True	133	144	0.003082316822041515	-0.31769562769750426	0.31769562769750426	True	73	73	0.434400826446281	0.2238502698103285	0.8429924081713351	0.020174274301477772	True	29	44	44	29	ok	2.302021403091558	
Tacstd2	Memory B_mMCPcounter	mouse	Mammary	baseline	146	-0.06565544860168768	0.06565544860168768	-0.06565544860168768	True	133	70	0.43107770088943786	-0.049352598986676655	0.049352598986676655	True	73	73					False	73	0	73	0	split collapsed or empty cell		
Tacstd2	Monocyte_quanTIseq	mouse	Mammary	baseline	146	-0.12282461946361181	0.12282461946361181	-0.12282461946361181	True	133	24	0.13969252288690298	-0.07412272471382997	0.07412272471382997	True	73	73					False	73	0	73	0	split collapsed or empty cell		
Tacstd2	Monocyte_xCell	mouse	Mammary	baseline	146	-0.11092791146752742	0.11092791146752742	-0.11092791146752742	True	133	125	0.18255030189682916	-0.08388065303058734	0.08388065303058734	True	73	73	0.6806249999999999	0.3546618144267574	1.3061749863704808	0.32066566229833765	True	33	40	40	33	ok	1.4692378328741966	
Tacstd2	Monocytes_CIBERSORT_abs	mouse	Mammary	baseline	146	-0.3473789522466455	0.3473789522466455	-0.3473789522466455	True	133	71	1.740061945314676e-05	-0.2116719834865829	0.2116719834865829	True	73	73					False	73	0	73	0	split collapsed or empty cell		
Tacstd2	Monocytes_mMCPcounter	mouse	Mammary	baseline	146	-0.22791177601226048	0.22791177601226048	-0.22791177601226048	True	133	146	0.005662566524553353	-0.34133983861887784	0.34133983861887784	True	73	73	0.16309171597633135	0.07964979728633095	0.3339482174007879	4.7280016415826626e-07	True	21	52	52	21	ok	6.1315192743764175	
Tacstd2	Myeloid dendritic activated_xCell	mouse	Mammary	baseline	146	-0.06475033775923401	0.06475033775923401	-0.06475033775923401	True	133	145	0.4374705834985761	0.059110527303434024	0.059110527303434024	True	73	73	1.1787755102040816	0.6157492736221147	2.256619314032088	0.7407468263294611	True	38	35	35	38	ok	1.1787755102040816	
Tacstd2	Myeloid dendritic_xCell	mouse	Mammary	baseline	146	0.41414479370631635	0.41414479370631635	0.41414479370631635	True	133	80	2.0321765215661464e-07	0.5879151810846313	0.5879151810846313	True	73	73	8.077562326869806	3.856365859094045	16.91930058726184	9.763756286813163e-09	True	54	19	19	54	ok	8.077562326869806	
Tacstd2	NK activated_CIBERSORT_abs	mouse	Mammary	baseline	146	0.09717246104870977	0.09717246104870977	0.09717246104870977	True	133	89	0.24328690378669315	0.13548508162882333	0.13548508162882333	True	73	73	1.6416015625	0.8537142155822032	3.1566250635344577	0.185269418583736	True	41	32	32	41	ok	1.6416015625	
Tacstd2	NK resting_CIBERSORT_abs	mouse	Mammary	baseline	146	0.1607831315626877	0.1607831315626877	0.1607831315626877	True	133	82	0.05253991122315687	0.20097579283167577	0.20097579283167577	True	73	73	1.4692378328741966	0.7655942047847194	2.8195874473159948	0.32066566229833765	True	40	33	33	40	ok	1.4692378328741966	
Tacstd2	NK_EPIC	mouse	Mammary	baseline	146	0.1633601121720947	0.1633601121720947	0.1633601121720947	True	133	146	0.04881811530608365	0.10227059485832246	0.10227059485832246	True	73	73	1.6416015625	0.8537142155822032	3.1566250635344577	0.185269418583736	True	41	32	32	41	ok	1.6416015625	
Tacstd2	NK_mMCPcounter	mouse	Mammary	baseline	146	0.08313107061766846	0.08313107061766846	0.08313107061766846	True	133	84	0.31848769503913876	0.13529742916119347	0.13529742916119347	True	73	73	1.4692378328741966	0.7655942047847194	2.8195874473159948	0.32066566229833765	True	40	33	33	40	ok	1.4692378328741966	
Tacstd2	NK_quanTIseq	mouse	Mammary	baseline	146	-0.39753493881750585	0.39753493881750585	-0.39753493881750585	True	133	146	6.748540835787987e-07	-0.5233627322199287	0.5233627322199287	True	73	73	0.16309171597633135	0.07964979728633095	0.3339482174007879	4.7280016415826626e-07	True	21	52	52	21	ok	6.1315192743764175	
Tacstd2	NK_xCell	mouse	Mammary	baseline	146	0.08925473267671954	0.08925473267671954	0.08925473267671954	True	133	16	0.2840170984846243	0.13229498967911435	0.13229498967911435	True	73	73	1.4692378328741966	0.7655942047847194	2.8195874473159948	0.32066566229833765	True	40	33	33	40	ok	1.4692378328741966	
Tacstd2	Neutrophil_TIMER	mouse	Mammary	baseline	146	0.048694398901720705	0.048694398901720705	0.048694398901720705	True	133	146	0.5594452900590825	0.05835991743291413	0.05835991743291413	True	73	73	1.056327160493827	0.5520559079288535	2.0212211371547424	1.0	True	37	36	36	37	ok	1.056327160493827	
Tacstd2	Neutrophil_quanTIseq	mouse	Mammary	baseline	146	-0.04702251931570949	0.04702251931570949	-0.04702251931570949	True	133	143	0.5730240831636914	-0.044473634828298025	0.044473634828298025	True	73	73	0.9466764061358658	0.494750416774135	1.8114107387269833	1.0	True	36	37	37	36	ok	1.056327160493827	
Tacstd2	Neutrophil_xCell	mouse	Mammary	baseline	146	0.20027853851009023	0.20027853851009023	0.20027853851009023	True	133	105	0.015359741078032969	0.2938637643085007	0.2938637643085007	True	73	73	2.302021403091558	1.1862503034508391	4.46727181006891	0.020174274301477772	True	44	29	29	44	ok	2.302021403091558	
Tacstd2	Neutrophils_CIBERSORT_abs	mouse	Mammary	baseline	146	0.3727834662022847	0.3727834662022847	0.3727834662022847	True	133	78	3.5903873582241834e-06	0.4156502158003377	0.4156502158003377	True	73	73	3.6863999999999995	1.8607649883344852	7.303203276714483	0.0002447147510752516	True	48	25	25	48	ok	3.6863999999999995	
Tacstd2	Neutrophils_mMCPcounter	mouse	Mammary	baseline	146	0.46206171371134985	0.46206171371134985	0.46206171371134985	True	133	96	4.337344977654971e-09	0.5177331581910303	0.5177331581910303	True	73	73	12.69140625	5.7933471051910645	27.80289005266273	1.0220864117540387e-11	True	57	16	16	57	ok	12.69140625	
Tacstd2	Plasma_CIBERSORT_abs	mouse	Mammary	baseline	146	0.13320218203373024	0.13320218203373024	0.13320218203373024	True	133	125	0.10897783857545422	0.26102458247325955	0.26102458247325955	True	73	73	2.302021403091558	1.1862503034508391	4.46727181006891	0.020174274301477772	True	44	29	29	44	ok	2.302021403091558	
Tacstd2	Plasmacytoid dendritic_xCell	mouse	Mammary	baseline	146	0.16729202834307344	0.16729202834307344	0.16729202834307344	True	133	40	0.04356329947542005	0.25989866766747993	0.25989866766747993	True	73	73	2.302021403091558	1.1862503034508391	4.46727181006891	0.020174274301477772	True	44	29	29	44	ok	2.302021403091558	
Tacstd2	T CD4 Th1_xCell	mouse	Mammary	baseline	146	-0.08479333885106899	0.08479333885106899	-0.08479333885106899	True	133	145	0.3088732727200809	-0.1109026083693001	0.1109026083693001	True	73	73	0.6091612135633552	0.31679403789574706	1.1713521711923647	0.185269418583736	True	32	41	41	32	ok	1.6416015625	
Tacstd2	T CD4 Th2_xCell	mouse	Mammary	baseline	146	0.032983900891490545	0.032983900891490545	0.032983900891490545	True	133	101	0.692674748231266	0.17920810658660158	0.17920810658660158	True	73	73	1.6416015625	0.8537142155822032	3.1566250635344577	0.185269418583736	True	41	32	32	41	ok	1.6416015625	
Tacstd2	T CD4 central memory_xCell	mouse	Mammary	baseline	146	0.15662073591681924		0.15662073591681924	False	133	2	0.05904518206053696	0.08313004316006745	0.08313004316006745	True	73	73					False	73	0	73	0	split collapsed or empty cell		
Tacstd2	T CD4 effector memory_xCell	mouse	Mammary	baseline	146	0.030085061563431742	0.030085061563431742	0.030085061563431742	True	133	70	0.718491087469535	0.09307562394445479	0.09307562394445479	True	73	73	1.1787755102040816	0.6157492736221147	2.256619314032088	0.7407468263294611	True	38	35	35	38	ok	1.1787755102040816	
Tacstd2	T CD4 memory activated_CIBERSORT_abs	mouse	Mammary	baseline	146	0.060699748014917336	0.060699748014917336	0.060699748014917336	True	133	13	0.46673295795360914	0.030587352223681696	0.030587352223681696	True	73	73					False	73	0	73	0	split collapsed or empty cell		
Tacstd2	T CD4 memory resting_CIBERSORT_abs	mouse	Mammary	baseline	146	-0.448932199805656	0.448932199805656	-0.448932199805656	True	133	85	1.3211805955317166e-08	-0.46612872959279417	0.46612872959279417	True	73	73	0.18608227604767397	0.09175865393943523	0.37736618806481	2.7086613881241303e-06	True	22	51	51	22	ok	5.37396694214876	
Tacstd2	T CD4 memory_xCell	mouse	Mammary	baseline	146	-0.03847947975634559	0.03847947975634559	-0.03847947975634559	True	133	88	0.6447098811998558	0.04691311690748723	0.04691311690748723	True	73	73	0.8483379501385042	0.4431407609523724	1.62403764460419	0.7407468263294611	True	35	38	38	35	ok	1.1787755102040816	
Tacstd2	T CD4 naive_CIBERSORT_abs	mouse	Mammary	baseline	146	0.16733175611996068	0.16733175611996068	0.16733175611996068	True	133	38	0.04351271934618995	0.170200788140364	0.170200788140364	True	73	73					False	73	0	73	0	split collapsed or empty cell		
Tacstd2	T CD4 naive_xCell	mouse	Mammary	baseline	146	-0.08666794287037727		-0.08666794287037727	False	133	4	0.2982609211736238	-0.046537811972227394	0.046537811972227394	True	73	73	0.8483379501385042	0.4431407609523724	1.62403764460419	0.7407468263294611	True	35	38	38	35	ok	1.1787755102040816	
Tacstd2	T CD4 nonregulatory_xCell	mouse	Mammary	baseline	146	0.10548620656822186		0.10548620656822186	False	133	3	0.20509185980122638	0.06417714392944274	0.06417714392944274	True	73	73					False	73	0	73	0	split collapsed or empty cell		
Tacstd2	T CD4_EPIC	mouse	Mammary	baseline	146	-0.06573406298957181	0.06573406298957181	-0.06573406298957181	True	133	146	0.43052498234155145	-0.21448677050103204	0.21448677050103204	True	73	73	0.9466764061358658	0.494750416774135	1.8114107387269833	1.0	True	36	37	37	36	ok	1.056327160493827	
Tacstd2	T CD4_TIMER	mouse	Mammary	baseline	146	0.17133214428383214	0.17133214428383214	0.17133214428383214	True	133	146	0.0386649720448379	0.08350534809532739	0.08350534809532739	True	73	73	1.056327160493827	0.5520559079288535	2.0212211371547424	1.0	True	37	36	36	37	ok	1.056327160493827	
Tacstd2	T CD4_quanTIseq	mouse	Mammary	baseline	146	-0.175871140159125	0.175871140159125	-0.175871140159125	True	133	26	0.03372265177747854	-0.20698067179583413	0.20698067179583413	True	73	73					False	73	0	73	0	split collapsed or empty cell		
Tacstd2	T CD8 central memory_xCell	mouse	Mammary	baseline	146	0.04775335568075691	0.04775335568075691	0.04775335568075691	True	133	71	0.5670693090620353	0.1720773128166635	0.1720773128166635	True	73	73	0.9466764061358658	0.494750416774135	1.8114107387269833	1.0	True	36	37	37	36	ok	1.056327160493827	
Tacstd2	T CD8 effector memory_xCell	mouse	Mammary	baseline	146	0.10398564293103092	0.10398564293103092	0.10398564293103092	True	133	25	0.21164589913452642	0.10489772940514164	0.10489772940514164	True	73	73	1.1787755102040816	0.6157492736221147	2.256619314032088	0.7407468263294611	True	38	35	35	38	ok	1.1787755102040816	
Tacstd2	T CD8 naive_xCell	mouse	Mammary	baseline	146	0.03221133708199428	0.03221133708199428	0.03221133708199428	True	133	140	0.6995220212137612	0.18070932632764114	0.18070932632764114	True	73	73	1.315743944636678	0.6866242277161959	2.5212948479931	0.5080653075780632	True	39	34	34	39	ok	1.315743944636678	
Tacstd2	T CD8_CIBERSORT_abs	mouse	Mammary	baseline	146	0.1651022651964625	0.1651022651964625	0.1651022651964625	True	133	121	0.04642821713663157	0.3456558453743668	0.3456558453743668	True	73	73	3.2677514792899407	1.6596744624677167	6.4339121748758625	0.0008694485048152791	True	47	26	26	47	ok	3.2677514792899407	
Tacstd2	T CD8_EPIC	mouse	Mammary	baseline	146	-0.12532852321803536	0.12532852321803536	-0.12532852321803536	True	133	146	0.1317380909308047	-0.12704072058547566	0.12704072058547566	True	73	73	0.8483379501385042	0.4431407609523724	1.62403764460419	0.7407468263294611	True	35	38	38	35	ok	1.1787755102040816	
Tacstd2	T CD8_TIMER	mouse	Mammary	baseline	146	-0.015864980430447727	0.015864980430447727	-0.015864980430447727	True	133	146	0.8492609375293525	-0.04710076937511731	0.04710076937511731	True	73	73	0.6806249999999999	0.3546618144267574	1.3061749863704808	0.32066566229833765	True	33	40	40	33	ok	1.4692378328741966	
Tacstd2	T CD8_quanTIseq	mouse	Mammary	baseline	146	0.23116108132346552	0.23116108132346552	0.23116108132346552	True	133	59	0.0049966935693800596	0.2957402889848002	0.2957402889848002	True	73	73					False	73	0	73	0	split collapsed or empty cell		
Tacstd2	T CD8_xCell	mouse	Mammary	baseline	146	-0.014079684737441683	0.014079684737441683	-0.014079684737441683	True	133	32	0.8660550282008417	-0.015199849878025917	0.015199849878025917	True	73	73	0.9466764061358658	0.494750416774135	1.8114107387269833	1.0	True	36	37	37	36	ok	1.056327160493827	
Tacstd2	T NK_xCell	mouse	Mammary	baseline	146	0.14149068648956584	0.14149068648956584	0.14149068648956584	True	133	145	0.08846998096884243	0.22236817414149002	0.22236817414149002	True	73	73	1.8355879292403743	0.9522074550210918	3.5384968141194943	0.09755584963358659	True	42	31	31	42	ok	1.8355879292403743	
Tacstd2	T follicular helper_CIBERSORT_abs	mouse	Mammary	baseline	146	0.22913020027522207	0.22913020027522207	0.22913020027522207	True	133	123	0.005404121424438336	0.28785888534434223	0.28785888534434223	True	73	73	2.0544444444444445	1.0624978762024757	3.972470976030746	0.04663822230651567	True	43	30	30	43	ok	2.0544444444444445	
Tacstd2	T gamma delta_CIBERSORT_abs	mouse	Mammary	baseline	146	0.07493870801241127	0.07493870801241127	0.07493870801241127	True	133	23	0.3686688757686788	0.030399699756051834	0.030399699756051834	True	73	73					False	73	0	73	0	split collapsed or empty cell		
Tacstd2	T gamma delta_xCell	mouse	Mammary	baseline	146	0.14953255080168237		0.14953255080168237	False	133	2	0.07163664945812037	0.09063614186526547	0.09063614186526547	True	73	73					False	73	0	73	0	split collapsed or empty cell		
Tacstd2	T regulatory Tregs_xCell	mouse	Mammary	baseline	146	-0.1463320472670236	0.1463320472670236	-0.1463320472670236	True	133	14	0.07799522591112654	-0.14430474760743106	0.14430474760743106	True	73	73	0.5447845804988662	0.2826058782954806	1.0501913156916518	0.09755584963358659	True	31	42	42	31	ok	1.8355879292403745	
Tacstd2	T_mMCPcounter	mouse	Mammary	baseline	146	0.21126834555316382	0.21126834555316382	0.21126834555316382	True	133	144	0.010473726515726547	0.3319572152373804	0.3319572152373804	True	73	73	2.5829081632653064	1.3254201389347455	5.033433840249663	0.007871819133846495	True	45	28	28	45	ok	2.5829081632653064	
Tacstd2	Treg_CIBERSORT_abs	mouse	Mammary	baseline	146	0.09747559605582837	0.09747559605582837	0.09747559605582837	True	133	115	0.24181274500887331	0.15199849878025895	0.15199849878025895	True	73	73	1.4692378328741966	0.7655942047847194	2.8195874473159948	0.32066566229833765	True	40	33	33	40	ok	1.4692378328741966	
Tacstd2	Tregs_quanTIseq	mouse	Mammary	baseline	146	-0.30438580386952024	0.30438580386952024	-0.30438580386952024	True	133	146	0.00018747132576906096	-0.35334959654719456	0.35334959654719456	True	73	73	0.2399000416493128	0.12025551163434071	0.47858122427136385	6.141613235638945e-05	True	24	49	49	24	ok	4.168402777777778	
Tacstd2	B derived_mMCPcounter	mouse	Melanoma	baseline	49	0.5720988602713144	0.5720988602713144	0.5720988602713144	True	23	45	1.7509976612378947e-05			False	49	0					False	25	24	0	0	split collapsed or empty cell		
Tacstd2	B memory_CIBERSORT_abs	mouse	Melanoma	baseline	49	0.42017306942950444	0.42017306942950444	0.42017306942950444	True	23	40	0.0026492099640127303			False	49	0					False	25	24	0	0	split collapsed or empty cell		
Tacstd2	B memory_xCell	mouse	Melanoma	baseline	49	-0.049675286964266804	0.049675286964266804	-0.049675286964266804	True	23	17	0.7346400774580829			False	49	0					False	25	24	0	0	split collapsed or empty cell		
Tacstd2	B naive_CIBERSORT_abs	mouse	Melanoma	baseline	49	0.12161329046541239	0.12161329046541239	0.12161329046541239	True	23	14	0.4051760016164784			False	49	0					False	49	0	0	0	split collapsed or empty cell		
Tacstd2	B naive_xCell	mouse	Melanoma	baseline	49	0.2600850858601974	0.2600850858601974	0.2600850858601974	True	23	35	0.07110649305560811			False	49	0					False	25	24	0	0	split collapsed or empty cell		
Tacstd2	B plasma_xCell	mouse	Melanoma	baseline	49	0.41046208931477274	0.41046208931477274	0.41046208931477274	True	23	48	0.003396680685905525			False	49	0					False	25	24	0	0	split collapsed or empty cell		
Tacstd2	B_EPIC	mouse	Melanoma	baseline	49	0.3367779387131833	0.3367779387131833	0.3367779387131833	True	23	49	0.017973331529807988			False	49	0					False	25	24	0	0	split collapsed or empty cell		
Tacstd2	B_TIMER	mouse	Melanoma	baseline	49	0.32582035637789375	0.32582035637789375	0.32582035637789375	True	23	49	0.022336333552137728			False	49	0					False	25	24	0	0	split collapsed or empty cell		
Tacstd2	B_quanTIseq	mouse	Melanoma	baseline	49	0.09940092547012613	0.09940092547012613	0.09940092547012613	True	23	49	0.4968021453808538			False	49	0					False	25	24	0	0	split collapsed or empty cell		
Tacstd2	B_xCell	mouse	Melanoma	baseline	49	0.19385071224231434	0.19385071224231434	0.19385071224231434	True	23	33	0.18199913800265113			False	49	0					False	25	24	0	0	split collapsed or empty cell		
Tacstd2	CD8 T_mMCPcounter	mouse	Melanoma	baseline	46	0.3913108958666137	0.3913108958666137	0.3913108958666137	True	20	38	0.007164003657976552			False	46	0					False	23	23	0	0	split collapsed or empty cell		
Tacstd2	Classswitched memory B_xCell	mouse	Melanoma	baseline	49	0.4835718848686037	0.4835718848686037	0.4835718848686037	True	23	39	0.0004317053909895214			False	49	0					False	25	24	0	0	split collapsed or empty cell		
Tacstd2	Dendritic activated_CIBERSORT_abs	mouse	Melanoma	baseline	49	0.13080780683191146	0.13080780683191146	0.13080780683191146	True	23	9	0.37031976869724464			False	49	0					False	49	0	0	0	split collapsed or empty cell		
Tacstd2	Dendritic resting_CIBERSORT_abs	mouse	Melanoma	baseline	49	0.6148054698758028	0.6148054698758028	0.6148054698758028	True	23	47	2.6036678411614825e-06			False	49	0					False	25	24	0	0	split collapsed or empty cell		
Tacstd2	Dendritic_TIMER	mouse	Melanoma	baseline	49	0.33062827515766363	0.33062827515766363	0.33062827515766363	True	23	49	0.02032317478127053			False	49	0					False	25	24	0	0	split collapsed or empty cell		
Tacstd2	Dendritic_quanTIseq	mouse	Melanoma	baseline	49	0.526402399389139	0.526402399389139	0.526402399389139	True	23	37	0.00010230180303594276			False	49	0					False	25	24	0	0	split collapsed or empty cell		
Tacstd2	Eosinophil_xCell	mouse	Melanoma	baseline	49	0.0841763617190399	0.0841763617190399	0.0841763617190399	True	23	13	0.5652605722537322			False	49	0					False	25	24	0	0	split collapsed or empty cell		
Tacstd2	Eosinophils_CIBERSORT_abs	mouse	Melanoma	baseline	49	0.46682998512166507	0.46682998512166507	0.46682998512166507	True	23	45	0.0007213546819369749			False	49	0					False	25	24	0	0	split collapsed or empty cell		
Tacstd2	Eosinophils_mMCPcounter	mouse	Melanoma	baseline	49	0.15698413876271888	0.15698413876271888	0.15698413876271888	True	23	49	0.2813832937515753			False	49	0					False	25	24	0	0	split collapsed or empty cell		
Tacstd2	Granulocytes_mMCPcounter	mouse	Melanoma	baseline	49	0.5936315213526732	0.5936315213526732	0.5936315213526732	True	23	16	6.930534954446868e-06			False	49	0					False	49	0	0	0	split collapsed or empty cell		
Tacstd2	Macrophage M1_quanTIseq	mouse	Melanoma	baseline	49	0.46803006480426995	0.46803006480426995	0.46803006480426995	True	23	10	0.0006958909242329597			False	49	0					False	49	0	0	0	split collapsed or empty cell		
Tacstd2	Macrophage M1_xCell	mouse	Melanoma	baseline	49	0.6141167293886678	0.6141167293886678	0.6141167293886678	True	23	40	2.690945990977972e-06			False	49	0					False	25	24	0	0	split collapsed or empty cell		
Tacstd2	Macrophage M2_quanTIseq	mouse	Melanoma	baseline	49	0.40649232021003007	0.40649232021003007	0.40649232021003007	True	23	19	0.003752140895671			False	49	0					False	49	0	0	0	split collapsed or empty cell		
Tacstd2	Macrophage M2_xCell	mouse	Melanoma	baseline	49	0.5493887365405272	0.5493887365405272	0.5493887365405272	True	23	45	4.3474935298624266e-05			False	49	0					False	25	24	0	0	split collapsed or empty cell		
Tacstd2	Macrophage_EPIC	mouse	Melanoma	baseline	49	0.6795937289172403	0.6795937289172403	0.6795937289172403	True	23	49	7.903290775083846e-08			False	49	0					False	25	24	0	0	split collapsed or empty cell		
Tacstd2	Macrophage_TIMER	mouse	Melanoma	baseline	49	0.17523639795060716	0.17523639795060716	0.17523639795060716	True	23	43	0.22846052990344307			False	49	0					False	25	24	0	0	split collapsed or empty cell		
Tacstd2	Macrophage_xCell	mouse	Melanoma	baseline	49	0.6096615899896102	0.6096615899896102	0.6096615899896102	True	23	40	3.324415138771143e-06			False	49	0					False	25	24	0	0	split collapsed or empty cell		
Tacstd2	Macrophages M0_CIBERSORT_abs	mouse	Melanoma	baseline	49	-0.13286684050149614	0.13286684050149614	-0.13286684050149614	True	23	19	0.3627687257144783			False	49	0					False	49	0	0	0	split collapsed or empty cell		
Tacstd2	Macrophages M1_CIBERSORT_abs	mouse	Melanoma	baseline	49	0.5528552642899179	0.5528552642899179	0.5528552642899179	True	23	47	3.8001694554065145e-05			False	49	0					False	25	24	0	0	split collapsed or empty cell		
Tacstd2	Macrophages M2_CIBERSORT_abs	mouse	Melanoma	baseline	49	0.591548811739973	0.591548811739973	0.591548811739973	True	23	43	7.602704186736841e-06			False	49	0					False	25	24	0	0	split collapsed or empty cell		
Tacstd2	Macrophages_mMCPcounter	mouse	Melanoma	baseline	43	0.5386993308634414	0.5386993308634414	0.5386993308634414	True	19	43	0.00019402933845140332			False	43	0					False	22	21	0	0	split collapsed or empty cell		
Tacstd2	Mast activated_CIBERSORT_abs	mouse	Melanoma	baseline	49	0.541835359559193	0.541835359559193	0.541835359559193	True	23	33	5.7990139957248724e-05			False	49	0					False	25	24	0	0	split collapsed or empty cell		
Tacstd2	Mast resting_CIBERSORT_abs	mouse	Melanoma	baseline	49	-0.16411215966402093	0.16411215966402093	-0.16411215966402093	True	23	20	0.2598316515858573			False	49	0					False	49	0	0	0	split collapsed or empty cell		
Tacstd2	Mast_mMCPcounter	mouse	Melanoma	baseline	49	0.27261758440851364	0.27261758440851364	0.27261758440851364	True	23	11	0.058075315812799025			False	49	0					False	49	0	0	0	split collapsed or empty cell		
Tacstd2	Mast_xCell	mouse	Melanoma	baseline	49	0.5506256647160305	0.5506256647160305	0.5506256647160305	True	23	40	4.144403362509915e-05			False	49	0					False	25	24	0	0	split collapsed or empty cell		
Tacstd2	Memory B_mMCPcounter	mouse	Melanoma	baseline	48	0.4150781333183524	0.4150781333183524	0.4150781333183524	True	22	25	0.0033511150893317312			False	48	0					False	24	24	0	0	split collapsed or empty cell		
Tacstd2	Monocyte_quanTIseq	mouse	Melanoma	baseline	49	-0.1534293070973163	0.1534293070973163	-0.1534293070973163	True	23	41	0.2925577732135364			False	49	0					False	25	24	0	0	split collapsed or empty cell		
Tacstd2	Monocyte_xCell	mouse	Melanoma	baseline	49	0.5478316205408049	0.5478316205408049	0.5478316205408049	True	23	23	4.61612792839978e-05			False	49	0					False	25	24	0	0	split collapsed or empty cell		
Tacstd2	Monocytes_CIBERSORT_abs	mouse	Melanoma	baseline	49	0.5621706381924583	0.5621706381924583	0.5621706381924583	True	23	38	2.6273319791873623e-05			False	49	0					False	25	24	0	0	split collapsed or empty cell		
Tacstd2	Monocytes_mMCPcounter	mouse	Melanoma	baseline	49	-0.2713678808953837	0.2713678808953837	-0.2713678808953837	True	23	49	0.059281593179274616			False	49	0					False	25	24	0	0	split collapsed or empty cell		
Tacstd2	Myeloid dendritic activated_xCell	mouse	Melanoma	baseline	49	0.4861959402535571	0.4861959402535571	0.4861959402535571	True	23	38	0.0003973742698206214			False	49	0					False	25	24	0	0	split collapsed or empty cell		
Tacstd2	Myeloid dendritic_xCell	mouse	Melanoma	baseline	49	0.5236443370615964	0.5236443370615964	0.5236443370615964	True	23	24	0.00011290071357850136			False	49	0					False	25	24	0	0	split collapsed or empty cell		
Tacstd2	NK activated_CIBERSORT_abs	mouse	Melanoma	baseline	49	0.2591256908246143	0.2591256908246143	0.2591256908246143	True	23	30	0.07219261310579404			False	49	0					False	25	24	0	0	split collapsed or empty cell		
Tacstd2	NK resting_CIBERSORT_abs	mouse	Melanoma	baseline	49	0.04865533687362061	0.04865533687362061	0.04865533687362061	True	23	22	0.7398955092919187			False	49	0					False	49	0	0	0	split collapsed or empty cell		
Tacstd2	NK_EPIC	mouse	Melanoma	baseline	49	-0.21691540541287366	0.21691540541287366	-0.21691540541287366	True	23	49	0.13436750531630479			False	49	0					False	25	24	0	0	split collapsed or empty cell		
Tacstd2	NK_mMCPcounter	mouse	Melanoma	baseline	49	0.4373724396495706	0.4373724396495706	0.4373724396495706	True	23	25	0.0016750706285834787			False	49	0					False	49	0	0	0	split collapsed or empty cell		
Tacstd2	NK_quanTIseq	mouse	Melanoma	baseline	49	0.5938338753339032	0.5938338753339032	0.5938338753339032	True	23	49	6.868246517781264e-06			False	49	0					False	25	24	0	0	split collapsed or empty cell		
Tacstd2	NK_xCell	mouse	Melanoma	baseline	49	0.20710059247749366	0.20710059247749366	0.20710059247749366	True	23	5	0.1533458924914161			False	49	0					False	49	0	0	0	split collapsed or empty cell		
Tacstd2	Neutrophil_TIMER	mouse	Melanoma	baseline	49	0.39033591767852677	0.39033591767852677	0.39033591767852677	True	23	49	0.005558567000269835			False	49	0					False	25	24	0	0	split collapsed or empty cell		
Tacstd2	Neutrophil_quanTIseq	mouse	Melanoma	baseline	49	0.41793912102046016	0.41793912102046016	0.41793912102046016	True	23	38	0.002806899223441177			False	49	0					False	25	24	0	0	split collapsed or empty cell		
Tacstd2	Neutrophil_xCell	mouse	Melanoma	baseline	49	0.39882484115984645	0.39882484115984645	0.39882484115984645	True	23	23	0.004532291340612447			False	49	0					False	25	24	0	0	split collapsed or empty cell		
Tacstd2	Neutrophils_CIBERSORT_abs	mouse	Melanoma	baseline	49	0.3358168410571407	0.3358168410571407	0.3358168410571407	True	23	29	0.018324628930357988			False	49	0					False	25	24	0	0	split collapsed or empty cell		
Tacstd2	Neutrophils_mMCPcounter	mouse	Melanoma	baseline	49	0.20180369818475297	0.20180369818475297	0.20180369818475297	True	23	11	0.16437341846952463			False	49	0					False	49	0	0	0	split collapsed or empty cell		
Tacstd2	Plasma_CIBERSORT_abs	mouse	Melanoma	baseline	49	0.5562792125901598	0.5562792125901598	0.5562792125901598	True	23	48	3.3223451298103865e-05			False	49	0					False	25	24	0	0	split collapsed or empty cell		
Tacstd2	Plasmacytoid dendritic_xCell	mouse	Melanoma	baseline	49	0.01395514893602951	0.01395514893602951	0.01395514893602951	True	23	14	0.924180735347889			False	49	0					False	25	24	0	0	split collapsed or empty cell		
Tacstd2	T CD4 Th1_xCell	mouse	Melanoma	baseline	49	0.19846641474631482	0.19846641474631482	0.19846641474631482	True	23	43	0.17161164785514674			False	49	0					False	25	24	0	0	split collapsed or empty cell		
Tacstd2	T CD4 Th2_xCell	mouse	Melanoma	baseline	49	-0.00950402549489395	0.00950402549489395	-0.00950402549489395	True	23	45	0.9483235656668163			False	49	0					False	25	24	0	0	split collapsed or empty cell		
Tacstd2	T CD4 central memory_xCell	mouse	Melanoma	baseline	49	-0.21902534356455597	0.21902534356455597	-0.21902534356455597	True	23	5	0.13052776719386175			False	49	0					False	25	24	0	0	split collapsed or empty cell		
Tacstd2	T CD4 effector memory_xCell	mouse	Melanoma	baseline	49	0.35667526690382456	0.35667526690382456	0.35667526690382456	True	23	19	0.011882437008464326			False	49	0					False	25	24	0	0	split collapsed or empty cell		
Tacstd2	T CD4 memory activated_CIBERSORT_abs	mouse	Melanoma	baseline	49	0.2974322716031972	0.2974322716031972	0.2974322716031972	True	23	16	0.037939534882692895			False	49	0					False	49	0	0	0	split collapsed or empty cell		
Tacstd2	T CD4 memory resting_CIBERSORT_abs	mouse	Melanoma	baseline	49	-0.30401732749189636	0.30401732749189636	-0.30401732749189636	True	23	29	0.03369216102402641			False	49	0					False	25	24	0	0	split collapsed or empty cell		
Tacstd2	T CD4 memory_xCell	mouse	Melanoma	baseline	49	0.2687433442308136	0.2687433442308136	0.2687433442308136	True	23	33	0.06188042191246377			False	49	0					False	25	24	0	0	split collapsed or empty cell		
Tacstd2	T CD4 naive_CIBERSORT_abs	mouse	Melanoma	baseline	49	0.23632918862990104	0.23632918862990104	0.23632918862990104	True	23	16	0.10208073766671863			False	49	0					False	49	0	0	0	split collapsed or empty cell		
Tacstd2	T CD4 naive_xCell	mouse	Melanoma	baseline	49	-0.021221589035494506	0.021221589035494506	-0.021221589035494506	True	23	7	0.8849221159604843			False	49	0					False	49	0	0	0	split collapsed or empty cell		
Tacstd2	T CD4 nonregulatory_xCell	mouse	Melanoma	baseline	49	-0.0626631153875547	0.0626631153875547	-0.0626631153875547	True	23	7	0.6688411841064305			False	49	0					False	49	0	0	0	split collapsed or empty cell		
Tacstd2	T CD4_EPIC	mouse	Melanoma	baseline	49	-0.16894802967982067	0.16894802967982067	-0.16894802967982067	True	23	49	0.24585702449106894			False	49	0					False	25	24	0	0	split collapsed or empty cell		
Tacstd2	T CD4_TIMER	mouse	Melanoma	baseline	49	-0.355897801767617	0.355897801767617	-0.355897801767617	True	23	49	0.012081896158100265			False	49	0					False	25	24	0	0	split collapsed or empty cell		
Tacstd2	T CD8 central memory_xCell	mouse	Melanoma	baseline	49	0.3664640695971075	0.3664640695971075	0.3664640695971075	True	23	22	0.009602881494614138			False	49	0					False	25	24	0	0	split collapsed or empty cell		
Tacstd2	T CD8 effector memory_xCell	mouse	Melanoma	baseline	49	0.3384186699776326	0.3384186699776326	0.3384186699776326	True	23	11	0.017386803845743502			False	49	0					False	25	24	0	0	split collapsed or empty cell		
Tacstd2	T CD8 naive_xCell	mouse	Melanoma	baseline	49	0.49556569439467985	0.49556569439467985	0.49556569439467985	True	23	41	0.00029397882991625814			False	49	0					False	25	24	0	0	split collapsed or empty cell		
Tacstd2	T CD8_CIBERSORT_abs	mouse	Melanoma	baseline	49	0.5836589774511344	0.5836589774511344	0.5836589774511344	True	23	49	1.0733820795934341e-05			False	49	0					False	25	24	0	0	split collapsed or empty cell		
Tacstd2	T CD8_EPIC	mouse	Melanoma	baseline	49	0.21892802257649827	0.21892802257649827	0.21892802257649827	True	23	49	0.13070304303594887			False	49	0					False	25	24	0	0	split collapsed or empty cell		
Tacstd2	T CD8_TIMER	mouse	Melanoma	baseline	49	0.24822278351370083	0.24822278351370083	0.24822278351370083	True	23	49	0.08548091090726949			False	49	0					False	25	24	0	0	split collapsed or empty cell		
Tacstd2	T CD8_quanTIseq	mouse	Melanoma	baseline	49	0.5725538535234997	0.5725538535234997	0.5725538535234997	True	23	17	1.7181933737142676e-05			False	49	0					False	49	0	0	0	split collapsed or empty cell		
Tacstd2	T CD8_xCell	mouse	Melanoma	baseline	49	0.24096679303083446	0.24096679303083446	0.24096679303083446	True	23	18	0.095335395945873			False	49	0					False	25	24	0	0	split collapsed or empty cell		
Tacstd2	T NK_xCell	mouse	Melanoma	baseline	49	-0.16648816425761281	0.16648816425761281	-0.16648816425761281	True	23	49	0.25290042003702873			False	49	0					False	25	24	0	0	split collapsed or empty cell		
Tacstd2	T follicular helper_CIBERSORT_abs	mouse	Melanoma	baseline	49	0.5028353012643848	0.5028353012643848	0.5028353012643848	True	23	42	0.0002312840431171901			False	49	0					False	25	24	0	0	split collapsed or empty cell		
Tacstd2	T gamma delta_CIBERSORT_abs	mouse	Melanoma	baseline	49	-0.1230188920399714		-0.1230188920399714	False	23	2	0.3997279578509105			False	49	0					False	49	0	0	0	split collapsed or empty cell		
Tacstd2	T gamma delta_xCell	mouse	Melanoma	baseline	49	0.14481608501202314	0.14481608501202314	0.14481608501202314	True	23	5	0.32081265930424047			False	49	0					False	49	0	0	0	split collapsed or empty cell		
Tacstd2	T regulatory Tregs_xCell	mouse	Melanoma	baseline	49	0.1506983582455281	0.1506983582455281	0.1506983582455281	True	23	9	0.30133558113072456			False	49	0					False	49	0	0	0	split collapsed or empty cell		
Tacstd2	T_mMCPcounter	mouse	Melanoma	baseline	47	0.5424803402852696	0.5424803402852696	0.5424803402852696	True	21	42	8.180006119406331e-05			False	47	0					False	24	23	0	0	split collapsed or empty cell		
Tacstd2	Treg_CIBERSORT_abs	mouse	Melanoma	baseline	49	0.19654263212726616	0.19654263212726616	0.19654263212726616	True	23	28	0.17588759102670445			False	49	0					False	25	24	0	0	split collapsed or empty cell		
Tacstd2	Tregs_quanTIseq	mouse	Melanoma	baseline	49	0.554420792950933	0.554420792950933	0.554420792950933	True	23	47	3.574368850517699e-05			False	49	0					False	25	24	0	0	split collapsed or empty cell		
Tacstd2	B derived_mMCPcounter	study	pan-cancer	baseline	22	0.4915081987384703	0.4915081987384703	0.4915081987384703	True	19	22	0.020170751224125604	0.6033057851239669	0.6033057851239669	True	11	11	7.111111111111111	1.0888274407906695	46.44253013851965	0.08610893750212636	True	8	3	3	8	ok	7.111111111111111	
Tacstd2	B memory_CIBERSORT_abs	study	pan-cancer	baseline	22	0.4620630071089767	0.4620630071089767	0.4620630071089767	True	19	22	0.030388836400920455	0.6859504132231404	0.6859504132231404	True	11	11	7.111111111111111	1.0888274407906695	46.44253013851965	0.08610893750212636	True	8	3	3	8	ok	7.111111111111111	
Tacstd2	B memory_xCell	study	pan-cancer	baseline	22	0.336735180849739	0.336735180849739	0.336735180849739	True	19	11	0.12542678032138432	0.3553719008264462	0.3553719008264462	True	11	11	1.44	0.26879652183351094	7.7143855354064454	1.0	True	6	5	5	6	ok	1.44	
Tacstd2	B naive_CIBERSORT_abs	study	pan-cancer	baseline	22	0.4834885316287859	0.4834885316287859	0.4834885316287859	True	19	6	0.022629195174687262	0.2727272727272727	0.2727272727272727	True	11	11					False	11	0	11	0	split collapsed or empty cell		
Tacstd2	B naive_xCell	study	pan-cancer	baseline	22	0.0696688754154779	0.0696688754154779	0.0696688754154779	True	19	13	0.7580246011195785	0.1074380165289257	0.1074380165289257	True	11	11	0.32653061224489793	0.057464616471356415	1.8554416139917056	0.3948559180757324	True	4	7	7	4	ok	3.0625000000000004	
Tacstd2	B plasma_xCell	study	pan-cancer	baseline	22	0.13590088444381668	0.13590088444381668	0.13590088444381668	True	19	22	0.5464874117838023	0.20661157024793386	0.20661157024793386	True	11	11	0.6944444444444445	0.12962795227310522	3.7202862342816596	1.0	True	5	6	6	5	ok	1.4399999999999997	
Tacstd2	B_EPIC	study	pan-cancer	baseline	22	0.22027268353601953	0.22027268353601953	0.22027268353601953	True	19	22	0.324608773257865	0.3223140495867769	0.3223140495867769	True	11	11	1.44	0.26879652183351094	7.7143855354064454	1.0	True	6	5	5	6	ok	1.44	
Tacstd2	B_TIMER	study	pan-cancer	baseline	22	0.32219834686888205	0.32219834686888205	0.32219834686888205	True	19	22	0.14364272935850406	0.2727272727272727	0.2727272727272727	True	11	11	3.0625	0.5389552505770577	17.402012949976896	0.3948559180757324	True	7	4	4	7	ok	3.0625	
Tacstd2	B_quanTIseq	study	pan-cancer	baseline	22	0.24179032357295716	0.24179032357295716	0.24179032357295716	True	19	22	0.2783273080396316	0.2396694214876034	0.2396694214876034	True	11	11	3.0625	0.5389552505770577	17.402012949976896	0.3948559180757324	True	7	4	4	7	ok	3.0625	
Tacstd2	B_xCell	study	pan-cancer	baseline	22	0.16987610555477084	0.16987610555477084	0.16987610555477084	True	19	18	0.4497700651763485	0.3553719008264462	0.3553719008264462	True	11	11	3.0625	0.5389552505770577	17.402012949976896	0.3948559180757324	True	7	4	4	7	ok	3.0625	
Tacstd2	CD8 T_mMCPcounter	study	pan-cancer	baseline	22	0.6664805874598843	0.6664805874598843	0.6664805874598843	True	19	22	0.0007068357237969691	0.6198347107438016	0.6198347107438016	True	11	11	20.25	2.3193645883976117	176.79950019556932	0.008922192358724868	True	9	2	2	9	ok	20.25	
Tacstd2	Classswitched memory B_xCell	study	pan-cancer	baseline	22	0.39751008699816376	0.39751008699816376	0.39751008699816376	True	19	20	0.0669532408186365	0.5537190082644627	0.5537190082644627	True	11	11	7.111111111111111	1.0888274407906695	46.44253013851965	0.08610893750212636	True	8	3	3	8	ok	7.111111111111111	
Tacstd2	Dendritic activated_CIBERSORT_abs	study	pan-cancer	baseline	22	0.08623370018638522		0.08623370018638522	False	19	2	0.7027772614817108	0.09090909090909083	0.09090909090909083	True	11	11					False	11	0	11	0	split collapsed or empty cell		
Tacstd2	Dendritic resting_CIBERSORT_abs	study	pan-cancer	baseline	22	0.6376016495155733	0.6376016495155733	0.6376016495155733	True	19	22	0.0014125728491399228	0.6033057851239669	0.6033057851239669	True	11	11	7.111111111111111	1.0888274407906695	46.44253013851965	0.08610893750212636	True	8	3	3	8	ok	7.111111111111111	
Tacstd2	Dendritic_TIMER	study	pan-cancer	baseline	22	0.13080460127717355	0.13080460127717355	0.13080460127717355	True	19	22	0.5617681124458851	0.14049586776859502	0.14049586776859502	True	11	11	0.6944444444444445	0.12962795227310522	3.7202862342816596	1.0	True	5	6	6	5	ok	1.4399999999999997	
Tacstd2	Dendritic_quanTIseq	study	pan-cancer	baseline	22	0.38686050332334476	0.38686050332334476	0.38686050332334476	True	19	21	0.07530270795857999	0.42148760330578505	0.42148760330578505	True	11	11	3.0625	0.5389552505770577	17.402012949976896	0.3948559180757324	True	7	4	4	7	ok	3.0625	
Tacstd2	Eosinophil_xCell	study	pan-cancer	baseline	22	0.19784609110531806	0.19784609110531806	0.19784609110531806	True	19	8	0.37746175065049936	-0.05785123966942152	0.05785123966942152	True	11	11	0.32653061224489793	0.057464616471356415	1.8554416139917056	0.3948559180757324	True	4	7	7	4	ok	3.0625000000000004	
Tacstd2	Eosinophils_CIBERSORT_abs	study	pan-cancer	baseline	22	-0.2907438955139126	0.2907438955139126	-0.2907438955139126	True	19	19	0.1892909543258995	-0.23966942148760328	0.23966942148760328	True	11	11	0.32653061224489793	0.057464616471356415	1.8554416139917056	0.3948559180757324	True	4	7	7	4	ok	3.0625000000000004	
Tacstd2	Eosinophils_mMCPcounter	study	pan-cancer	baseline	22	0.5005682577013915	0.5005682577013915	0.5005682577013915	True	19	22	0.01765671283539551	0.5537190082644627	0.5537190082644627	True	11	11	3.0625	0.5389552505770577	17.402012949976896	0.3948559180757324	True	7	4	4	7	ok	3.0625	
Tacstd2	Granulocytes_mMCPcounter	study	pan-cancer	baseline	22	0.8602594508282755	0.8602594508282755	0.8602594508282755	True	19	16	2.842030418650741e-07	0.9008264462809918	0.9008264462809918	True	11	11	100.0	5.463121769622236	1830.4552638026753	0.0003458873427913676	True	10	1	1	10	ok	100.0	
Tacstd2	Macrophage M1_quanTIseq	study	pan-cancer	baseline	22	0.25093428485266484	0.25093428485266484	0.25093428485266484	True	19	13	0.2599861708533957	0.2975206611570247	0.2975206611570247	True	11	11	3.0625	0.5389552505770577	17.402012949976896	0.3948559180757324	True	7	4	4	7	ok	3.0625	
Tacstd2	Macrophage M1_xCell	study	pan-cancer	baseline	22	0.18629746242506537	0.18629746242506537	0.18629746242506537	True	19	22	0.40647646223285	0.12396694214876036	0.12396694214876036	True	11	11	1.44	0.26879652183351094	7.7143855354064454	1.0	True	6	5	5	6	ok	1.44	
Tacstd2	Macrophage M2_quanTIseq	study	pan-cancer	baseline	22	0.536626916524702	0.536626916524702	0.536626916524702	True	19	19	0.010028597038063433	0.43801652892561993	0.43801652892561993	True	11	11	3.0625	0.5389552505770577	17.402012949976896	0.3948559180757324	True	7	4	4	7	ok	3.0625	
Tacstd2	Macrophage M2_xCell	study	pan-cancer	baseline	22	0.03397522111095417	0.03397522111095417	0.03397522111095417	True	19	22	0.8806867847068907	0.09090909090909083	0.09090909090909083	True	11	11	1.44	0.26879652183351094	7.7143855354064454	1.0	True	6	5	5	6	ok	1.44	
Tacstd2	Macrophage_EPIC	study	pan-cancer	baseline	22	0.660251796922876	0.660251796922876	0.660251796922876	True	19	22	0.00082568701614352	0.6528925619834711	0.6528925619834711	True	11	11	20.25	2.3193645883976117	176.79950019556932	0.008922192358724868	True	9	2	2	9	ok	20.25	
Tacstd2	Macrophage_TIMER	study	pan-cancer	baseline	22	0.2543197159475575	0.2543197159475575	0.2543197159475575	True	19	21	0.25339632086416386	0.1900826446280992	0.1900826446280992	True	11	11	3.0625	0.5389552505770577	17.402012949976896	0.3948559180757324	True	7	4	4	7	ok	3.0625	
Tacstd2	Macrophage_xCell	study	pan-cancer	baseline	22	0.1245758107401653	0.1245758107401653	0.1245758107401653	True	19	20	0.5806988674621437	0.12396694214876036	0.12396694214876036	True	11	11	0.6944444444444445	0.12962795227310522	3.7202862342816596	1.0	True	5	6	6	5	ok	1.4399999999999997	
Tacstd2	Macrophages M0_CIBERSORT_abs	study	pan-cancer	baseline	22	-0.07623502013633553	0.07623502013633553	-0.07623502013633553	True	19	10	0.7359715421471968	-0.17355371900826444	0.17355371900826444	True	11	11					False	11	0	11	0	split collapsed or empty cell		
Tacstd2	Macrophages M1_CIBERSORT_abs	study	pan-cancer	baseline	22	0.6976245401449256	0.6976245401449256	0.6976245401449256	True	19	22	0.00030713675744939884	0.7355371900826446	0.7355371900826446	True	11	11	7.111111111111111	1.0888274407906695	46.44253013851965	0.08610893750212636	True	8	3	3	8	ok	7.111111111111111	
Tacstd2	Macrophages M2_CIBERSORT_abs	study	pan-cancer	baseline	22	0.5883375789046897	0.5883375789046897	0.5883375789046897	True	19	22	0.0039753202900683895	0.6694214876033058	0.6694214876033058	True	11	11	7.111111111111111	1.0888274407906695	46.44253013851965	0.08610893750212636	True	8	3	3	8	ok	7.111111111111111	
Tacstd2	Macrophages_mMCPcounter	study	pan-cancer	baseline	14	0.7956046684707213	0.7956046684707213	0.7956046684707213	True	11	14	0.0006669562287364305	0.7959183673469388	0.7959183673469388	True	7	7	36.0	1.8032119374307365	718.7175135090188	0.02913752913752914	True	6	1	1	6	ok	36.0	
Tacstd2	Mast activated_CIBERSORT_abs	study	pan-cancer	baseline	22	-0.17811527108271133	0.17811527108271133	-0.17811527108271133	True	19	15	0.4277539952617454	-0.15702479338842978	0.15702479338842978	True	11	11	0.6944444444444445	0.12962795227310522	3.7202862342816596	1.0	True	5	6	6	5	ok	1.4399999999999997	
Tacstd2	Mast resting_CIBERSORT_abs	study	pan-cancer	baseline	22	0.3422101443903047	0.3422101443903047	0.3422101443903047	True	19	13	0.11901699201536017	0.30578512396694224	0.30578512396694224	True	11	11	3.0625	0.5389552505770577	17.402012949976896	0.3948559180757324	True	7	4	4	7	ok	3.0625	
Tacstd2	Mast_mMCPcounter	study	pan-cancer	baseline	22	0.664472015602822	0.664472015602822	0.664472015602822	True	19	14	0.0007434484246997819	0.5867768595041323	0.5867768595041323	True	11	11	7.111111111111111	1.0888274407906695	46.44253013851965	0.08610893750212636	True	8	3	3	8	ok	7.111111111111111	
Tacstd2	Mast_xCell	study	pan-cancer	baseline	22	0.1879962234806131	0.1879962234806131	0.1879962234806131	True	19	22	0.40213326682110095	0.22314049586776852	0.22314049586776852	True	11	11	3.0625	0.5389552505770577	17.402012949976896	0.3948559180757324	True	7	4	4	7	ok	3.0625	
Tacstd2	Memory B_mMCPcounter	study	pan-cancer	baseline	22	0.48938186045038107	0.48938186045038107	0.48938186045038107	True	19	15	0.020800593674273685	0.5537190082644627	0.5537190082644627	True	11	11	20.25	2.3193645883976117	176.79950019556932	0.008922192358724868	True	9	2	2	9	ok	20.25	
Tacstd2	Monocyte_quanTIseq	study	pan-cancer	baseline	22	-0.40194853659570384	0.40194853659570384	-0.40194853659570384	True	19	11	0.06368889415996754	-0.18181818181818177	0.18181818181818177	True	11	11					False	11	0	11	0	split collapsed or empty cell		
Tacstd2	Monocyte_xCell	study	pan-cancer	baseline	22	0.6359028884600256	0.6359028884600256	0.6359028884600256	True	19	19	0.0014681439954605862	0.6033057851239669	0.6033057851239669	True	11	11	3.0625	0.5389552505770577	17.402012949976896	0.3948559180757324	True	7	4	4	7	ok	3.0625	
Tacstd2	Monocytes_CIBERSORT_abs	study	pan-cancer	baseline	22	-0.08651881148356097	0.08651881148356097	-0.08651881148356097	True	19	13	0.7018380317711193	-0.04132231404958675	0.04132231404958675	True	11	11	0.6944444444444445	0.12962795227310522	3.7202862342816596	1.0	True	5	6	6	5	ok	1.4399999999999997	
Tacstd2	Monocytes_mMCPcounter	study	pan-cancer	baseline	22	0.05209533903679639	0.05209533903679639	0.05209533903679639	True	19	22	0.8179040792822823	0.1074380165289257	0.1074380165289257	True	11	11	1.44	0.26879652183351094	7.7143855354064454	1.0	True	6	5	5	6	ok	1.44	
Tacstd2	Myeloid dendritic activated_xCell	study	pan-cancer	baseline	22	0.1732736276658663	0.1732736276658663	0.1732736276658663	True	19	22	0.44062053601105156	0.2727272727272727	0.2727272727272727	True	11	11	1.44	0.26879652183351094	7.7143855354064454	1.0	True	6	5	5	6	ok	1.44	
Tacstd2	Myeloid dendritic_xCell	study	pan-cancer	baseline	22	0.6970582864597431	0.6970582864597431	0.6970582864597431	True	19	17	0.00031210888679100273	0.5867768595041323	0.5867768595041323	True	11	11	3.0625	0.5389552505770577	17.402012949976896	0.3948559180757324	True	7	4	4	7	ok	3.0625	
Tacstd2	NK activated_CIBERSORT_abs	study	pan-cancer	baseline	22	0.4283781187725509	0.4283781187725509	0.4283781187725509	True	19	17	0.046693560333144035	0.47933884297520657	0.47933884297520657	True	11	11	7.111111111111111	1.0888274407906695	46.44253013851965	0.08610893750212636	True	8	3	3	8	ok	7.111111111111111	
Tacstd2	NK resting_CIBERSORT_abs	study	pan-cancer	baseline	22	0.3989210675752414	0.3989210675752414	0.3989210675752414	True	19	19	0.06590203701390761	0.3719008264462811	0.3719008264462811	True	11	11	3.0625	0.5389552505770577	17.402012949976896	0.3948559180757324	True	7	4	4	7	ok	3.0625	
Tacstd2	NK_EPIC	study	pan-cancer	baseline	22	0.09796188753658451	0.09796188753658451	0.09796188753658451	True	19	22	0.6645013149882684	0.09090909090909083	0.09090909090909083	True	11	11	1.44	0.26879652183351094	7.7143855354064454	1.0	True	6	5	5	6	ok	1.44	
Tacstd2	NK_mMCPcounter	study	pan-cancer	baseline	22	0.2703638968226172	0.2703638968226172	0.2703638968226172	True	19	15	0.22363502514129596	0.2975206611570247	0.2975206611570247	True	11	11	7.111111111111111	1.0888274407906695	46.44253013851965	0.08610893750212636	True	8	3	3	8	ok	7.111111111111111	
Tacstd2	NK_quanTIseq	study	pan-cancer	baseline	22	0.5339772251271631	0.5339772251271631	0.5339772251271631	True	19	22	0.01047581833545497	0.5041322314049588	0.5041322314049588	True	11	11	7.111111111111111	1.0888274407906695	46.44253013851965	0.08610893750212636	True	8	3	3	8	ok	7.111111111111111	
Tacstd2	NK_xCell	study	pan-cancer	baseline	22	0.48242700152041734	0.48242700152041734	0.48242700152041734	True	19	8	0.02297184934134949	0.6033057851239669	0.6033057851239669	True	11	11	7.111111111111111	1.0888274407906695	46.44253013851965	0.08610893750212636	True	8	3	3	8	ok	7.111111111111111	
Tacstd2	Neutrophil_TIMER	study	pan-cancer	baseline	22	0.32842713740589036	0.32842713740589036	0.32842713740589036	True	19	22	0.1356216479516738	0.3553719008264462	0.3553719008264462	True	11	11	7.111111111111111	1.0888274407906695	46.44253013851965	0.08610893750212636	True	8	3	3	8	ok	7.111111111111111	
Tacstd2	Neutrophil_quanTIseq	study	pan-cancer	baseline	22	0.50906206297913	0.50906206297913	0.50906206297913	True	19	22	0.015535782464878752	0.5702479338842976	0.5702479338842976	True	11	11	3.0625	0.5389552505770577	17.402012949976896	0.3948559180757324	True	7	4	4	7	ok	3.0625	
Tacstd2	Neutrophil_xCell	study	pan-cancer	baseline	22	0.5306130122480737	0.5306130122480737	0.5306130122480737	True	19	18	0.01106706456303406	0.5867768595041323	0.5867768595041323	True	11	11	7.111111111111111	1.0888274407906695	46.44253013851965	0.08610893750212636	True	8	3	3	8	ok	7.111111111111111	
Tacstd2	Neutrophils_CIBERSORT_abs	study	pan-cancer	baseline	22	0.5816562707499122	0.5816562707499122	0.5816562707499122	True	19	17	0.004518282569618089	0.5950413223140496	0.5950413223140496	True	11	11	7.111111111111111	1.0888274407906695	46.44253013851965	0.08610893750212636	True	8	3	3	8	ok	7.111111111111111	
Tacstd2	Neutrophils_mMCPcounter	study	pan-cancer	baseline	22	0.6060203847196839	0.6060203847196839	0.6060203847196839	True	19	7	0.0027949584377080817	0.4049586776859504	0.4049586776859504	True	11	11					False	11	0	11	0	split collapsed or empty cell		
Tacstd2	Plasma_CIBERSORT_abs	study	pan-cancer	baseline	22	0.44394288918313446	0.44394288918313446	0.44394288918313446	True	19	22	0.0384774487661878	0.5041322314049588	0.5041322314049588	True	11	11	3.0625	0.5389552505770577	17.402012949976896	0.3948559180757324	True	7	4	4	7	ok	3.0625	
Tacstd2	Plasmacytoid dendritic_xCell	study	pan-cancer	baseline	22	0.34088471847990687	0.34088471847990687	0.34088471847990687	True	19	12	0.1205465275281397	0.47107438016528924	0.47107438016528924	True	11	11	1.44	0.26879652183351094	7.7143855354064454	1.0	True	6	5	5	6	ok	1.44	
Tacstd2	T CD4 Th1_xCell	study	pan-cancer	baseline	22	-0.24462159199887	0.24462159199887	-0.24462159199887	True	19	21	0.2725636689215139	-0.14049586776859502	0.14049586776859502	True	11	11	0.6944444444444445	0.12962795227310522	3.7202862342816596	1.0	True	5	6	6	5	ok	1.4399999999999997	
Tacstd2	T CD4 Th2_xCell	study	pan-cancer	baseline	22	0.09173309699957627	0.09173309699957627	0.09173309699957627	True	19	20	0.6847361628162901	0.12396694214876036	0.12396694214876036	True	11	11	0.6944444444444445	0.12962795227310522	3.7202862342816596	1.0	True	5	6	6	5	ok	1.4399999999999997	
Tacstd2	T CD4 central memory_xCell	study	pan-cancer	baseline	22	-0.33086901954933673		-0.33086901954933673	False	19	1	0.13256594225383533	-0.4049586776859504	0.4049586776859504	True	11	11	0.32653061224489793	0.057464616471356415	1.8554416139917056	0.3948559180757324	True	4	7	7	4	ok	3.0625000000000004	
Tacstd2	T CD4 effector memory_xCell	study	pan-cancer	baseline	22	0.4599278604664069	0.4599278604664069	0.4599278604664069	True	19	14	0.031265099098433065	0.25619834710743805	0.25619834710743805	True	11	11	3.0625	0.5389552505770577	17.402012949976896	0.3948559180757324	True	7	4	4	7	ok	3.0625	
Tacstd2	T CD4 memory activated_CIBERSORT_abs	study	pan-cancer	baseline	22	0.1143525302045033	0.1143525302045033	0.1143525302045033	True	19	10	0.6123513262038864	0.20661157024793386	0.20661157024793386	True	11	11					False	11	0	11	0	split collapsed or empty cell		
Tacstd2	T CD4 memory resting_CIBERSORT_abs	study	pan-cancer	baseline	22	-0.38758296579775714	0.38758296579775714	-0.38758296579775714	True	19	8	0.07471265983990626	-0.2727272727272727	0.2727272727272727	True	11	11					False	11	0	11	0	split collapsed or empty cell		
Tacstd2	T CD4 memory_xCell	study	pan-cancer	baseline	22	0.05068357675927689	0.05068357675927689	0.05068357675927689	True	19	14	0.8227620362914763	0.07438016528925617	0.07438016528925617	True	11	11	0.6944444444444445	0.12962795227310522	3.7202862342816596	1.0	True	5	6	6	5	ok	1.4399999999999997	
Tacstd2	T CD4 naive_CIBERSORT_abs	study	pan-cancer	baseline	22	0.4050732061475578		0.4050732061475578	False	19	4	0.06146453160869553	0.2727272727272727	0.2727272727272727	True	11	11					False	11	0	11	0	split collapsed or empty cell		
Tacstd2	T CD4 naive_xCell	study	pan-cancer	baseline	22	0.4005599176140578		0.4005599176140578	False	19	3	0.06469686471484996	0.42148760330578505	0.42148760330578505	True	11	11	3.0625	0.5389552505770577	17.402012949976896	0.3948559180757324	True	7	4	4	7	ok	3.0625	
Tacstd2	T CD4 nonregulatory_xCell	study	pan-cancer	baseline	22	0.05054363557458888		0.05054363557458888	False	19	3	0.8232439268213799	0.03305785123966931	0.03305785123966931	True	11	11	1.44	0.26879652183351094	7.7143855354064454	1.0	True	6	5	5	6	ok	1.44	
Tacstd2	T CD4_EPIC	study	pan-cancer	baseline	22	-0.002265014740730278	0.002265014740730278	-0.002265014740730278	True	19	22	0.9920183444438908	-0.07438016528925617	0.07438016528925617	True	11	11	1.44	0.26879652183351094	7.7143855354064454	1.0	True	6	5	5	6	ok	1.44	
Tacstd2	T CD4_TIMER	study	pan-cancer	baseline	22	0.11778076651797446	0.11778076651797446	0.11778076651797446	True	19	22	0.6016587289584636	0.25619834710743805	0.25619834710743805	True	11	11	1.44	0.26879652183351094	7.7143855354064454	1.0	True	6	5	5	6	ok	1.44	
Tacstd2	T CD8 central memory_xCell	study	pan-cancer	baseline	22	0.4620630071089767	0.4620630071089767	0.4620630071089767	True	19	17	0.030388836400920455	0.4049586776859504	0.4049586776859504	True	11	11	3.0625	0.5389552505770577	17.402012949976896	0.3948559180757324	True	7	4	4	7	ok	3.0625	
Tacstd2	T CD8 effector memory_xCell	study	pan-cancer	baseline	22	0.2435578571435406	0.2435578571435406	0.2435578571435406	True	19	12	0.27472021924587725	0.165289256198347	0.165289256198347	True	11	11	3.0625	0.5389552505770577	17.402012949976896	0.3948559180757324	True	7	4	4	7	ok	3.0625	
Tacstd2	T CD8 naive_xCell	study	pan-cancer	baseline	22	-0.19047646593520595	0.19047646593520595	-0.19047646593520595	True	19	19	0.39583843783588735	-0.20661157024793386	0.20661157024793386	True	11	11	0.6944444444444445	0.12962795227310522	3.7202862342816596	1.0	True	5	6	6	5	ok	1.4399999999999997	
Tacstd2	T CD8_CIBERSORT_abs	study	pan-cancer	baseline	22	0.7383948054780707	0.7383948054780707	0.7383948054780707	True	19	22	8.717969017421667e-05	0.7520661157024793	0.7520661157024793	True	11	11	20.25	2.3193645883976117	176.79950019556932	0.008922192358724868	True	9	2	2	9	ok	20.25	
Tacstd2	T CD8_EPIC	study	pan-cancer	baseline	22	0.3357884353132637	0.3357884353132637	0.3357884353132637	True	19	22	0.12655985234603234	0.2727272727272727	0.2727272727272727	True	11	11	1.44	0.26879652183351094	7.7143855354064454	1.0	True	6	5	5	6	ok	1.44	
Tacstd2	T CD8_TIMER	study	pan-cancer	baseline	22	0.38958253540560783	0.38958253540560783	0.38958253540560783	True	19	22	0.07309773219737865	0.4049586776859504	0.4049586776859504	True	11	11	3.0625	0.5389552505770577	17.402012949976896	0.3948559180757324	True	7	4	4	7	ok	3.0625	
Tacstd2	T CD8_quanTIseq	study	pan-cancer	baseline	22	0.6387210638256761	0.6387210638256761	0.6387210638256761	True	19	16	0.0013769383237427985	0.5867768595041323	0.5867768595041323	True	11	11	20.25	2.3193645883976117	176.79950019556932	0.008922192358724868	True	9	2	2	9	ok	20.25	
Tacstd2	T CD8_xCell	study	pan-cancer	baseline	22	0.11951327408671411	0.11951327408671411	0.11951327408671411	True	19	16	0.5962848295291076	0.20661157024793386	0.20661157024793386	True	11	11	3.0625	0.5389552505770577	17.402012949976896	0.3948559180757324	True	7	4	4	7	ok	3.0625	
Tacstd2	T NK_xCell	study	pan-cancer	baseline	22	-0.15005722657338091	0.15005722657338091	-0.15005722657338091	True	19	21	0.505068119895331	-0.1074380165289256	0.1074380165289256	True	11	11	0.6944444444444445	0.12962795227310522	3.7202862342816596	1.0	True	5	6	6	5	ok	1.4399999999999997	
Tacstd2	T follicular helper_CIBERSORT_abs	study	pan-cancer	baseline	22	0.5760426528255367	0.5760426528255367	0.5760426528255367	True	19	21	0.005021068647812972	0.5950413223140496	0.5950413223140496	True	11	11	20.25	2.3193645883976117	176.79950019556932	0.008922192358724868	True	9	2	2	9	ok	20.25	
Tacstd2	T gamma delta_CIBERSORT_abs	study	pan-cancer	baseline	22	-0.31044132067098684		-0.31044132067098684	False	19	2	0.15968606746587444	-0.09090909090909094	0.09090909090909094	True	11	11					False	11	0	11	0	split collapsed or empty cell		
Tacstd2	T gamma delta_xCell	study	pan-cancer	baseline	22	0.04641440288800295	0.04641440288800295	0.04641440288800295	True	19	5	0.8374900157667073	-0.14049586776859502	0.14049586776859502	True	11	11	0.32653061224489793	0.057464616471356415	1.8554416139917056	0.3948559180757324	True	4	7	7	4	ok	3.0625000000000004	
Tacstd2	T regulatory Tregs_xCell	study	pan-cancer	baseline	22	0.08499637528865539	0.08499637528865539	0.08499637528865539	True	19	7	0.7068581644906651	0.04132231404958686	0.04132231404958686	True	11	11	0.6944444444444445	0.12962795227310522	3.7202862342816596	1.0	True	5	6	6	5	ok	1.4399999999999997	
Tacstd2	T_mMCPcounter	study	pan-cancer	baseline	22	0.7038533306819339	0.7038533306819339	0.7038533306819339	True	19	22	0.0002567888385501729	0.6694214876033058	0.6694214876033058	True	11	11	20.25	2.3193645883976117	176.79950019556932	0.008922192358724868	True	9	2	2	9	ok	20.25	
Tacstd2	Treg_CIBERSORT_abs	study	pan-cancer	baseline	22	0.4977420902785674	0.4977420902785674	0.4977420902785674	True	19	16	0.018412134554672128	0.3223140495867769	0.3223140495867769	True	11	11	1.44	0.26879652183351094	7.7143855354064454	1.0	True	6	5	5	6	ok	1.44	
Tacstd2	Tregs_quanTIseq	study	pan-cancer	baseline	22	0.48584566188664463	0.48584566188664463	0.48584566188664463	True	19	22	0.021882962818154363	0.4049586776859504	0.4049586776859504	True	11	11	3.0625	0.5389552505770577	17.402012949976896	0.3948559180757324	True	7	4	4	7	ok	3.0625	
Tacstd2	B derived_mMCPcounter	study	Mammary	baseline	6	-0.08571428571428573	0.08571428571428573	-0.08571428571428573	True	6	6	0.8717434402332361			False	3	3					False	0	0	0	0	too few		
Tacstd2	B memory_CIBERSORT_abs	study	Mammary	baseline	6	0.48571428571428577	0.48571428571428577	0.48571428571428577	True	6	6	0.3287230320699708			False	3	3					False	0	0	0	0	too few		
Tacstd2	B memory_xCell	study	Mammary	baseline	6	0.6571428571428573		0.6571428571428573	False	6	3	0.1561749271137024			False	3	3					False	0	0	0	0	too few		
Tacstd2	B naive_CIBERSORT_abs	study	Mammary	baseline	6	0.2732295333235123		0.2732295333235123	False	6	4	0.6003545904291115			False	3	3					False	0	0	0	0	too few		
Tacstd2	B naive_xCell	study	Mammary	baseline	6	-0.3714285714285715		-0.3714285714285715	False	6	4	0.4684781341107872			False	3	3					False	0	0	0	0	too few		
Tacstd2	B plasma_xCell	study	Mammary	baseline	6	-0.08571428571428573	0.08571428571428573	-0.08571428571428573	True	6	6	0.8717434402332361			False	3	3					False	0	0	0	0	too few		
Tacstd2	B_EPIC	study	Mammary	baseline	6	0.08571428571428573	0.08571428571428573	0.08571428571428573	True	6	6	0.8717434402332361			False	3	3					False	0	0	0	0	too few		
Tacstd2	B_TIMER	study	Mammary	baseline	6	0.2571428571428572	0.2571428571428572	0.2571428571428572	True	6	6	0.6227871720116619			False	3	3					False	0	0	0	0	too few		
Tacstd2	B_quanTIseq	study	Mammary	baseline	6	-0.3714285714285715	0.3714285714285715	-0.3714285714285715	True	6	6	0.4684781341107872			False	3	3					False	0	0	0	0	too few		
Tacstd2	B_xCell	study	Mammary	baseline	6	-0.3714285714285715	0.3714285714285715	-0.3714285714285715	True	6	6	0.4684781341107872			False	3	3					False	0	0	0	0	too few		
Tacstd2	CD8 T_mMCPcounter	study	Mammary	baseline	6	0.8285714285714287	0.8285714285714287	0.8285714285714287	True	6	6	0.04156268221574335			False	3	3					False	0	0	0	0	too few		
Tacstd2	Classswitched memory B_xCell	study	Mammary	baseline	6	-0.08571428571428573	0.08571428571428573	-0.08571428571428573	True	6	5	0.8717434402332361			False	3	3					False	0	0	0	0	too few		
Tacstd2	Dendritic resting_CIBERSORT_abs	study	Mammary	baseline	6	0.6	0.6	0.6	True	6	6	0.208			False	3	3					False	0	0	0	0	too few		
Tacstd2	Dendritic_TIMER	study	Mammary	baseline	6	0.7142857142857143	0.7142857142857143	0.7142857142857143	True	6	6	0.11078717201166179			False	3	3					False	0	0	0	0	too few		
Tacstd2	Dendritic_quanTIseq	study	Mammary	baseline	6	-0.7714285714285715	0.7714285714285715	-0.7714285714285715	True	6	6	0.07239650145772594			False	3	3					False	0	0	0	0	too few		
Tacstd2	Eosinophil_xCell	study	Mammary	baseline	6	0.8285714285714287	0.8285714285714287	0.8285714285714287	True	6	5	0.04156268221574335			False	3	3					False	0	0	0	0	too few		
Tacstd2	Eosinophils_CIBERSORT_abs	study	Mammary	baseline	6	-0.8451542547285166		-0.8451542547285166	False	6	3	0.03410942316740963			False	3	3					False	0	0	0	0	too few		
Tacstd2	Eosinophils_mMCPcounter	study	Mammary	baseline	6	0.48571428571428577	0.48571428571428577	0.48571428571428577	True	6	6	0.3287230320699708			False	3	3					False	0	0	0	0	too few		
Tacstd2	Granulocytes_mMCPcounter	study	Mammary	baseline	6	0.942857142857143	0.942857142857143	0.942857142857143	True	6	6	0.004804664723032055			False	3	3					False	0	0	0	0	too few		
Tacstd2	Macrophage M1_quanTIseq	study	Mammary	baseline	6	-0.08696565534786728	0.08696565534786728	-0.08696565534786728	True	6	5	0.8698803787001028			False	3	3					False	0	0	0	0	too few		
Tacstd2	Macrophage M1_xCell	study	Mammary	baseline	6	0.2571428571428572	0.2571428571428572	0.2571428571428572	True	6	6	0.6227871720116619			False	3	3					False	0	0	0	0	too few		
Tacstd2	Macrophage M2_quanTIseq	study	Mammary	baseline	6	0.028571428571428574	0.028571428571428574	0.028571428571428574	True	6	6	0.9571545189504373			False	3	3					False	0	0	0	0	too few		
Tacstd2	Macrophage M2_xCell	study	Mammary	baseline	6	-0.08571428571428573	0.08571428571428573	-0.08571428571428573	True	6	6	0.8717434402332361			False	3	3					False	0	0	0	0	too few		
Tacstd2	Macrophage_EPIC	study	Mammary	baseline	6	0.48571428571428577	0.48571428571428577	0.48571428571428577	True	6	6	0.3287230320699708			False	3	3					False	0	0	0	0	too few		
Tacstd2	Macrophage_TIMER	study	Mammary	baseline	6	-0.08571428571428573	0.08571428571428573	-0.08571428571428573	True	6	6	0.8717434402332361			False	3	3					False	0	0	0	0	too few		
Tacstd2	Macrophage_xCell	study	Mammary	baseline	6	0.028571428571428574	0.028571428571428574	0.028571428571428574	True	6	6	0.9571545189504373			False	3	3					False	0	0	0	0	too few		
Tacstd2	Macrophages M0_CIBERSORT_abs	study	Mammary	baseline	6	0.6087595874350709	0.6087595874350709	0.6087595874350709	True	6	5	0.19966018946036276			False	3	3					False	0	0	0	0	too few		
Tacstd2	Macrophages M1_CIBERSORT_abs	study	Mammary	baseline	6	0.3714285714285715	0.3714285714285715	0.3714285714285715	True	6	6	0.4684781341107872			False	3	3					False	0	0	0	0	too few		
Tacstd2	Macrophages M2_CIBERSORT_abs	study	Mammary	baseline	6	0.3714285714285715	0.3714285714285715	0.3714285714285715	True	6	6	0.4684781341107872			False	3	3					False	0	0	0	0	too few		
Tacstd2	Mast activated_CIBERSORT_abs	study	Mammary	baseline	6	-0.7142857142857143	0.7142857142857143	-0.7142857142857143	True	6	6	0.11078717201166179			False	3	3					False	0	0	0	0	too few		
Tacstd2	Mast resting_CIBERSORT_abs	study	Mammary	baseline	6	0.3718678720805473		0.3718678720805473	False	6	3	0.4679101990344625			False	3	3					False	0	0	0	0	too few		
Tacstd2	Mast_mMCPcounter	study	Mammary	baseline	6	0.8857142857142858	0.8857142857142858	0.8857142857142858	True	6	6	0.01884548104956266			False	3	3					False	0	0	0	0	too few		
Tacstd2	Mast_xCell	study	Mammary	baseline	6	-0.4285714285714286	0.4285714285714286	-0.4285714285714286	True	6	6	0.3965014577259473			False	3	3					False	0	0	0	0	too few		
Tacstd2	Memory B_mMCPcounter	study	Mammary	baseline	6	0.20291986247835697	0.20291986247835697	0.20291986247835697	True	6	5	0.699797968157019			False	3	3					False	0	0	0	0	too few		
Tacstd2	Monocyte_xCell	study	Mammary	baseline	6	-0.14285714285714288	0.14285714285714288	-0.14285714285714288	True	6	6	0.7871720116618076			False	3	3					False	0	0	0	0	too few		
Tacstd2	Monocytes_CIBERSORT_abs	study	Mammary	baseline	6	-0.7589709258986453		-0.7589709258986453	False	6	4	0.08014122805832388			False	3	3					False	0	0	0	0	too few		
Tacstd2	Monocytes_mMCPcounter	study	Mammary	baseline	6	0.08571428571428573	0.08571428571428573	0.08571428571428573	True	6	6	0.8717434402332361			False	3	3					False	0	0	0	0	too few		
Tacstd2	Myeloid dendritic activated_xCell	study	Mammary	baseline	6	-0.028571428571428574	0.028571428571428574	-0.028571428571428574	True	6	6	0.9571545189504373			False	3	3					False	0	0	0	0	too few		
Tacstd2	Myeloid dendritic_xCell	study	Mammary	baseline	6	0.7142857142857143	0.7142857142857143	0.7142857142857143	True	6	5	0.11078717201166179			False	3	3					False	0	0	0	0	too few		
Tacstd2	NK activated_CIBERSORT_abs	study	Mammary	baseline	6	0.08571428571428573	0.08571428571428573	0.08571428571428573	True	6	6	0.8717434402332361			False	3	3					False	0	0	0	0	too few		
Tacstd2	NK resting_CIBERSORT_abs	study	Mammary	baseline	6	0.3714285714285715	0.3714285714285715	0.3714285714285715	True	6	6	0.4684781341107872			False	3	3					False	0	0	0	0	too few		
Tacstd2	NK_EPIC	study	Mammary	baseline	6	0.028571428571428574	0.028571428571428574	0.028571428571428574	True	6	6	0.9571545189504373			False	3	3					False	0	0	0	0	too few		
Tacstd2	NK_mMCPcounter	study	Mammary	baseline	6	-0.11595420713048969	0.11595420713048969	-0.11595420713048969	True	6	5	0.8268482133858149			False	3	3					False	0	0	0	0	too few		
Tacstd2	NK_quanTIseq	study	Mammary	baseline	6	-0.5428571428571429	0.5428571428571429	-0.5428571428571429	True	6	6	0.26570262390670546			False	3	3					False	0	0	0	0	too few		
Tacstd2	NK_xCell	study	Mammary	baseline	6	0.6		0.6	False	6	3	0.208			False	3	3					False	0	0	0	0	too few		
Tacstd2	Neutrophil_TIMER	study	Mammary	baseline	6	0.4285714285714286	0.4285714285714286	0.4285714285714286	True	6	6	0.3965014577259473			False	3	3					False	0	0	0	0	too few		
Tacstd2	Neutrophil_quanTIseq	study	Mammary	baseline	6	-0.3142857142857143	0.3142857142857143	-0.3142857142857143	True	6	6	0.5440932944606415			False	3	3					False	0	0	0	0	too few		
Tacstd2	Neutrophil_xCell	study	Mammary	baseline	6	0.7142857142857143	0.7142857142857143	0.7142857142857143	True	6	6	0.11078717201166179			False	3	3					False	0	0	0	0	too few		
Tacstd2	Neutrophils_CIBERSORT_abs	study	Mammary	baseline	6	0.20291986247835697	0.20291986247835697	0.20291986247835697	True	6	5	0.699797968157019			False	3	3					False	0	0	0	0	too few		
Tacstd2	Neutrophils_mMCPcounter	study	Mammary	baseline	6	0.8116794499134279	0.8116794499134279	0.8116794499134279	True	6	5	0.04985758510134036			False	3	3					False	0	0	0	0	too few		
Tacstd2	Plasma_CIBERSORT_abs	study	Mammary	baseline	6	0.3714285714285715	0.3714285714285715	0.3714285714285715	True	6	6	0.4684781341107872			False	3	3					False	0	0	0	0	too few		
Tacstd2	Plasmacytoid dendritic_xCell	study	Mammary	baseline	6	0.6		0.6	False	6	3	0.208			False	3	3					False	0	0	0	0	too few		
Tacstd2	T CD4 Th1_xCell	study	Mammary	baseline	6	-0.08571428571428573	0.08571428571428573	-0.08571428571428573	True	6	6	0.8717434402332361			False	3	3					False	0	0	0	0	too few		
Tacstd2	T CD4 Th2_xCell	study	Mammary	baseline	6	-0.48571428571428577	0.48571428571428577	-0.48571428571428577	True	6	6	0.3287230320699708			False	3	3					False	0	0	0	0	too few		
Tacstd2	T CD4 central memory_xCell	study	Mammary	baseline	6	0.5161002296110789		0.5161002296110789	False	6	1	0.29458374146246064			False	3	3					False	0	0	0	0	too few		
Tacstd2	T CD4 effector memory_xCell	study	Mammary	baseline	6	0.2571428571428572	0.2571428571428572	0.2571428571428572	True	6	5	0.6227871720116619			False	3	3					False	0	0	0	0	too few		
Tacstd2	T CD4 memory activated_CIBERSORT_abs	study	Mammary	baseline	6	0.6546536707079772		0.6546536707079772	False	6	2	0.15830242337545788			False	3	3					False	0	0	0	0	too few		
Tacstd2	T CD4 memory resting_CIBERSORT_abs	study	Mammary	baseline	6	-0.7589709258986453		-0.7589709258986453	False	6	4	0.08014122805832388			False	3	3					False	0	0	0	0	too few		
Tacstd2	T CD4 memory_xCell	study	Mammary	baseline	6	0.028988551782622423		0.028988551782622423	False	6	4	0.9565293523898406			False	3	3					False	0	0	0	0	too few		
Tacstd2	T CD4 naive_CIBERSORT_abs	study	Mammary	baseline	6	0.13093073414159545		0.13093073414159545	False	6	2	0.8047261622231062			False	3	3					False	0	0	0	0	too few		
Tacstd2	T CD4 naive_xCell	study	Mammary	baseline	6	0.1449427589131121		0.1449427589131121	False	6	1	0.7841083696021083			False	3	3					False	0	0	0	0	too few		
Tacstd2	T CD4 nonregulatory_xCell	study	Mammary	baseline	6	-0.030358837035945815		-0.030358837035945815	False	6	1	0.9544757346935634			False	3	3					False	0	0	0	0	too few		
Tacstd2	T CD4_EPIC	study	Mammary	baseline	6	0.028571428571428574	0.028571428571428574	0.028571428571428574	True	6	6	0.9571545189504373			False	3	3					False	0	0	0	0	too few		
Tacstd2	T CD4_TIMER	study	Mammary	baseline	6	0.2	0.2	0.2	True	6	6	0.7040000000000001			False	3	3					False	0	0	0	0	too few		
Tacstd2	T CD8 central memory_xCell	study	Mammary	baseline	6	0.3714285714285715	0.3714285714285715	0.3714285714285715	True	6	6	0.4684781341107872			False	3	3					False	0	0	0	0	too few		
Tacstd2	T CD8 effector memory_xCell	study	Mammary	baseline	6	0.7714285714285715		0.7714285714285715	False	6	3	0.07239650145772594			False	3	3					False	0	0	0	0	too few		
Tacstd2	T CD8 naive_xCell	study	Mammary	baseline	6	0.028571428571428574	0.028571428571428574	0.028571428571428574	True	6	6	0.9571545189504373			False	3	3					False	0	0	0	0	too few		
Tacstd2	T CD8_CIBERSORT_abs	study	Mammary	baseline	6	0.7142857142857143	0.7142857142857143	0.7142857142857143	True	6	6	0.11078717201166179			False	3	3					False	0	0	0	0	too few		
Tacstd2	T CD8_EPIC	study	Mammary	baseline	6	-0.08571428571428573	0.08571428571428573	-0.08571428571428573	True	6	6	0.8717434402332361			False	3	3					False	0	0	0	0	too few		
Tacstd2	T CD8_TIMER	study	Mammary	baseline	6	0.5428571428571429	0.5428571428571429	0.5428571428571429	True	6	6	0.26570262390670546			False	3	3					False	0	0	0	0	too few		
Tacstd2	T CD8_quanTIseq	study	Mammary	baseline	6	0.7247137945655605	0.7247137945655605	0.7247137945655605	True	6	5	0.10324280462370765			False	3	3					False	0	0	0	0	too few		
Tacstd2	T CD8_xCell	study	Mammary	baseline	6	-0.23190841426097938		-0.23190841426097938	False	6	4	0.658373571260927			False	3	3					False	0	0	0	0	too few		
Tacstd2	T NK_xCell	study	Mammary	baseline	6	-0.028571428571428574	0.028571428571428574	-0.028571428571428574	True	6	6	0.9571545189504373			False	3	3					False	0	0	0	0	too few		
Tacstd2	T follicular helper_CIBERSORT_abs	study	Mammary	baseline	6	0.6	0.6	0.6	True	6	6	0.208			False	3	3					False	0	0	0	0	too few		
Tacstd2	T gamma delta_xCell	study	Mammary	baseline	6	0.11595420713048969		0.11595420713048969	False	6	1	0.8268482133858149			False	3	3					False	0	0	0	0	too few		
Tacstd2	T regulatory Tregs_xCell	study	Mammary	baseline	6	0.33394720739540396		0.33394720739540396	False	6	3	0.5177002083054396			False	3	3					False	0	0	0	0	too few		
Tacstd2	T_mMCPcounter	study	Mammary	baseline	6	0.7714285714285715	0.7714285714285715	0.7714285714285715	True	6	6	0.07239650145772594			False	3	3					False	0	0	0	0	too few		
Tacstd2	Treg_CIBERSORT_abs	study	Mammary	baseline	6	0.5428571428571429	0.5428571428571429	0.5428571428571429	True	6	6	0.26570262390670546			False	3	3					False	0	0	0	0	too few		
Tacstd2	Tregs_quanTIseq	study	Mammary	baseline	6	-0.7142857142857143	0.7142857142857143	-0.7142857142857143	True	6	6	0.11078717201166179			False	3	3					False	0	0	0	0	too few		
Tacstd2	B derived_mMCPcounter	study	Melanoma	baseline	7	0.991031208965115	0.991031208965115	0.991031208965115	True	6	7	1.4561252916128958e-05			False	4	3					False	0	0	0	0	too few		
Tacstd2	B memory_CIBERSORT_abs	study	Melanoma	baseline	7	0.18018749253911182	0.18018749253911182	0.18018749253911182	True	6	7	0.6990457740939313			False	4	3					False	0	0	0	0	too few		
Tacstd2	B memory_xCell	study	Melanoma	baseline	7	0.11818181818181818		0.11818181818181818	False	6	3	0.8007664794627805			False	4	3					False	0	0	0	0	too few		
Tacstd2	B naive_CIBERSORT_abs	study	Melanoma	baseline	7	0.41194292043554975		0.41194292043554975	False	6	2	0.3584590300393123			False	4	3					False	0	0	0	0	too few		
Tacstd2	B naive_xCell	study	Melanoma	baseline	7	0.5225437283634242	0.5225437283634242	0.5225437283634242	True	6	5	0.22887787757609507			False	4	3					False	0	0	0	0	too few		
Tacstd2	B plasma_xCell	study	Melanoma	baseline	7	0.504524979109513	0.504524979109513	0.504524979109513	True	6	7	0.2482031142645113			False	4	3					False	0	0	0	0	too few		
Tacstd2	B_EPIC	study	Melanoma	baseline	7	0.8468812149338255	0.8468812149338255	0.8468812149338255	True	6	7	0.01619712746787163			False	4	3					False	0	0	0	0	too few		
Tacstd2	B_TIMER	study	Melanoma	baseline	7	0.36037498507822363	0.36037498507822363	0.36037498507822363	True	6	7	0.4271488085609065			False	4	3					False	0	0	0	0	too few		
Tacstd2	B_quanTIseq	study	Melanoma	baseline	7	0.702731220902536	0.702731220902536	0.702731220902536	True	6	7	0.07823745383207162			False	4	3					False	0	0	0	0	too few		
Tacstd2	B_xCell	study	Melanoma	baseline	7	0.03603749850782236	0.03603749850782236	0.03603749850782236	True	6	5	0.9388605613942139			False	4	3					False	0	0	0	0	too few		
Tacstd2	CD8 T_mMCPcounter	study	Melanoma	baseline	7	0.6306562238868914	0.6306562238868914	0.6306562238868914	True	6	7	0.12888769568495795			False	4	3					False	0	0	0	0	too few		
Tacstd2	Classswitched memory B_xCell	study	Melanoma	baseline	7	0.7748062179181807	0.7748062179181807	0.7748062179181807	True	6	7	0.040769462520420366			False	4	3					False	0	0	0	0	too few		
Tacstd2	Dendritic resting_CIBERSORT_abs	study	Melanoma	baseline	7	0.8468812149338255	0.8468812149338255	0.8468812149338255	True	6	7	0.01619712746787163			False	4	3					False	0	0	0	0	too few		
Tacstd2	Dendritic_TIMER	study	Melanoma	baseline	7	0.41443123283995714	0.41443123283995714	0.41443123283995714	True	6	7	0.35526894376605234			False	4	3					False	0	0	0	0	too few		
Tacstd2	Dendritic_quanTIseq	study	Melanoma	baseline	7	0.38181818181818183	0.38181818181818183	0.38181818181818183	True	6	6	0.3980019291171649			False	4	3					False	0	0	0	0	too few		
Tacstd2	Eosinophil_xCell	study	Melanoma	baseline	7	-0.10811249552346709		-0.10811249552346709	False	6	2	0.8175332656241182			False	4	3					False	0	0	0	0	too few		
Tacstd2	Eosinophils_CIBERSORT_abs	study	Melanoma	baseline	7	0.7387687194103584	0.7387687194103584	0.7387687194103584	True	6	7	0.05785849689569284			False	4	3					False	0	0	0	0	too few		
Tacstd2	Eosinophils_mMCPcounter	study	Melanoma	baseline	7	0.5585812268712466	0.5585812268712466	0.5585812268712466	True	6	7	0.19245253188052228			False	4	3					False	0	0	0	0	too few		
Tacstd2	Granulocytes_mMCPcounter	study	Melanoma	baseline	7	0.8090398349558906		0.8090398349558906	False	6	3	0.027534180514511123			False	4	3					False	0	0	0	0	too few		
Tacstd2	Macrophage M1_quanTIseq	study	Melanoma	baseline	7	0.5843065474681433		0.5843065474681433	False	6	3	0.16831782476033647			False	4	3					False	0	0	0	0	too few		
Tacstd2	Macrophage M1_xCell	study	Melanoma	baseline	7	0.7387687194103584	0.7387687194103584	0.7387687194103584	True	6	7	0.05785849689569284			False	4	3					False	0	0	0	0	too few		
Tacstd2	Macrophage M2_quanTIseq	study	Melanoma	baseline	7	0.7952427724875442		0.7952427724875442	False	6	4	0.03252158717676526			False	4	3					False	0	0	0	0	too few		
Tacstd2	Macrophage M2_xCell	study	Melanoma	baseline	7	0.504524979109513	0.504524979109513	0.504524979109513	True	6	7	0.2482031142645113			False	4	3					False	0	0	0	0	too few		
Tacstd2	Macrophage_EPIC	study	Melanoma	baseline	7	0.9189562119494703	0.9189562119494703	0.9189562119494703	True	6	7	0.003436626156217534			False	4	3					False	0	0	0	0	too few		
Tacstd2	Macrophage_TIMER	study	Melanoma	baseline	7	0.396412483586046	0.396412483586046	0.396412483586046	True	6	7	0.37863470950041306			False	4	3					False	0	0	0	0	too few		
Tacstd2	Macrophage_xCell	study	Melanoma	baseline	7	0.5765999761251578	0.5765999761251578	0.5765999761251578	True	6	7	0.17538182452245643			False	4	3					False	0	0	0	0	too few		
Tacstd2	Macrophages M0_CIBERSORT_abs	study	Melanoma	baseline	7	-0.07952427724875441		-0.07952427724875441	False	6	4	0.8654218806932563			False	4	3					False	0	0	0	0	too few		
Tacstd2	Macrophages M1_CIBERSORT_abs	study	Melanoma	baseline	7	0.6666937223947136	0.6666937223947136	0.6666937223947136	True	6	7	0.1019204602461824			False	4	3					False	0	0	0	0	too few		
Tacstd2	Macrophages M2_CIBERSORT_abs	study	Melanoma	baseline	7	0.6666937223947136	0.6666937223947136	0.6666937223947136	True	6	7	0.1019204602461824			False	4	3					False	0	0	0	0	too few		
Tacstd2	Macrophages_mMCPcounter	study	Melanoma	baseline	6	0.8696565534786727	0.8696565534786727	0.8696565534786727	True	5	6	0.02437689168569078			False	3	3					False	0	0	0	0	too few		
Tacstd2	Mast activated_CIBERSORT_abs	study	Melanoma	baseline	7	0.7748062179181807	0.7748062179181807	0.7748062179181807	True	6	7	0.040769462520420366			False	4	3					False	0	0	0	0	too few		
Tacstd2	Mast resting_CIBERSORT_abs	study	Melanoma	baseline	7	-0.14910801984141453		-0.14910801984141453	False	6	4	0.749670939595431			False	4	3					False	0	0	0	0	too few		
Tacstd2	Mast_mMCPcounter	study	Melanoma	baseline	7	0.49441323247304425		0.49441323247304425	False	6	3	0.25936461811105016			False	4	3					False	0	0	0	0	too few		
Tacstd2	Mast_xCell	study	Melanoma	baseline	7	0.5765999761251578	0.5765999761251578	0.5765999761251578	True	6	7	0.17538182452245643			False	4	3					False	0	0	0	0	too few		
Tacstd2	Memory B_mMCPcounter	study	Melanoma	baseline	7	0.7479575920067658	0.7479575920067658	0.7479575920067658	True	6	5	0.053190035212201			False	4	3					False	0	0	0	0	too few		
Tacstd2	Monocyte_quanTIseq	study	Melanoma	baseline	7	-0.38181818181818183	0.38181818181818183	-0.38181818181818183	True	6	6	0.3980019291171649			False	4	3					False	0	0	0	0	too few		
Tacstd2	Monocyte_xCell	study	Melanoma	baseline	7	0.7748062179181807		0.7748062179181807	False	6	4	0.040769462520420366			False	4	3					False	0	0	0	0	too few		
Tacstd2	Monocytes_CIBERSORT_abs	study	Melanoma	baseline	7	0.7000000000000001	0.7000000000000001	0.7000000000000001	True	6	6	0.07991669030889918			False	4	3					False	0	0	0	0	too few		
Tacstd2	Monocytes_mMCPcounter	study	Melanoma	baseline	7	-0.198206241793023	0.198206241793023	-0.198206241793023	True	6	7	0.6700850339168265			False	4	3					False	0	0	0	0	too few		
Tacstd2	Myeloid dendritic activated_xCell	study	Melanoma	baseline	7	0.6126374746329801	0.6126374746329801	0.6126374746329801	True	6	7	0.1435885753012861			False	4	3					False	0	0	0	0	too few		
Tacstd2	Myeloid dendritic_xCell	study	Melanoma	baseline	7	0.8108437164260032	0.8108437164260032	0.8108437164260032	True	6	5	0.026916328843161995			False	4	3					False	0	0	0	0	too few		
Tacstd2	NK activated_CIBERSORT_abs	study	Melanoma	baseline	7	0.3739787960033829	0.3739787960033829	0.3739787960033829	True	6	5	0.4085639098400929			False	4	3					False	0	0	0	0	too few		
Tacstd2	NK resting_CIBERSORT_abs	study	Melanoma	baseline	7	0.09090909090909091	0.09090909090909091	0.09090909090909091	True	6	6	0.8463048784202414			False	4	3					False	0	0	0	0	too few		
Tacstd2	NK_EPIC	study	Melanoma	baseline	7	-0.18018749253911182	0.18018749253911182	-0.18018749253911182	True	6	7	0.6990457740939313			False	4	3					False	0	0	0	0	too few		
Tacstd2	NK_mMCPcounter	study	Melanoma	baseline	7	0.6759563566144126		0.6759563566144126	False	6	4	0.09551834989459047			False	4	3					False	0	0	0	0	too few		
Tacstd2	NK_quanTIseq	study	Melanoma	baseline	7	0.5585812268712466	0.5585812268712466	0.5585812268712466	True	6	7	0.19245253188052228			False	4	3					False	0	0	0	0	too few		
Tacstd2	NK_xCell	study	Melanoma	baseline	7	0.8601512308077806		0.8601512308077806	False	6	1	0.013009566887480693			False	4	3					False	0	0	0	0	too few		
Tacstd2	Neutrophil_TIMER	study	Melanoma	baseline	7	0.6847124716486249	0.6847124716486249	0.6847124716486249	True	6	7	0.08966645319106842			False	4	3					False	0	0	0	0	too few		
Tacstd2	Neutrophil_quanTIseq	study	Melanoma	baseline	7	0.2702812388086677	0.2702812388086677	0.2702812388086677	True	6	7	0.5577307488053694			False	4	3					False	0	0	0	0	too few		
Tacstd2	Neutrophil_xCell	study	Melanoma	baseline	7	0.6818181818181819		0.6818181818181819	False	6	4	0.0915792244923796			False	4	3					False	0	0	0	0	too few		
Tacstd2	Neutrophils_CIBERSORT_abs	study	Melanoma	baseline	7	0.5818181818181818	0.5818181818181818	0.5818181818181818	True	6	6	0.17058307659418542			False	4	3					False	0	0	0	0	too few		
Tacstd2	Neutrophils_mMCPcounter	study	Melanoma	baseline	7	0.20597146021777488		0.20597146021777488	False	6	2	0.6577017474986377			False	4	3					False	0	0	0	0	too few		
Tacstd2	Plasma_CIBERSORT_abs	study	Melanoma	baseline	7	0.792824967172092	0.792824967172092	0.792824967172092	True	6	7	0.03344354374054152			False	4	3					False	0	0	0	0	too few		
Tacstd2	Plasmacytoid dendritic_xCell	study	Melanoma	baseline	7	0.198206241793023		0.198206241793023	False	6	3	0.6700850339168265			False	4	3					False	0	0	0	0	too few		
Tacstd2	T CD4 Th1_xCell	study	Melanoma	baseline	7	0.09009374626955591	0.09009374626955591	0.09009374626955591	True	6	7	0.8476720796198264			False	4	3					False	0	0	0	0	too few		
Tacstd2	T CD4 Th2_xCell	study	Melanoma	baseline	7	0.0	0.0	0.0	True	6	7	1.0			False	4	3					False	0	0	0	0	too few		
Tacstd2	T CD4 central memory_xCell	study	Melanoma	baseline	7	-0.7567874686642697		-0.7567874686642697	False	6	1	0.04890509913472629			False	4	3					False	0	0	0	0	too few		
Tacstd2	T CD4 effector memory_xCell	study	Melanoma	baseline	7	0.6306562238868914		0.6306562238868914	False	6	4	0.12888769568495795			False	4	3					False	0	0	0	0	too few		
Tacstd2	T CD4 memory activated_CIBERSORT_abs	study	Melanoma	baseline	7	0.20225995873897265		0.20225995873897265	False	6	3	0.6636129383201269			False	4	3					False	0	0	0	0	too few		
Tacstd2	T CD4 memory resting_CIBERSORT_abs	study	Melanoma	baseline	7	-0.6170650134055817	0.6170650134055817	-0.6170650134055817	True	6	5	0.13990175398288024			False	4	3					False	0	0	0	0	too few		
Tacstd2	T CD4 memory_xCell	study	Melanoma	baseline	7	0.21622499104693418	0.21622499104693418	0.21622499104693418	True	6	6	0.6414455093539174			False	4	3					False	0	0	0	0	too few		
Tacstd2	T CD4 naive_CIBERSORT_abs	study	Melanoma	baseline	7	0.6179143806533246		0.6179143806533246	False	6	2	0.13920002190140487			False	4	3					False	0	0	0	0	too few		
Tacstd2	T CD4 naive_xCell	study	Melanoma	baseline	7	0.5268483367729979		0.5268483367729979	False	6	2	0.22436956822543305			False	4	3					False	0	0	0	0	too few		
Tacstd2	T CD4 nonregulatory_xCell	study	Melanoma	baseline	7	0.24308621740219885		0.24308621740219885	False	6	2	0.599407874371117			False	4	3					False	0	0	0	0	too few		
Tacstd2	T CD4_EPIC	study	Melanoma	baseline	7	0.0	0.0	0.0	True	6	7	1.0			False	4	3					False	0	0	0	0	too few		
Tacstd2	T CD4_TIMER	study	Melanoma	baseline	7	-0.6847124716486249	0.6847124716486249	-0.6847124716486249	True	6	7	0.08966645319106842			False	4	3					False	0	0	0	0	too few		
Tacstd2	T CD8 central memory_xCell	study	Melanoma	baseline	7	0.7387687194103584		0.7387687194103584	False	6	4	0.05785849689569284			False	4	3					False	0	0	0	0	too few		
Tacstd2	T CD8 effector memory_xCell	study	Melanoma	baseline	7	0.48650622985560193		0.48650622985560193	False	6	2	0.268248562317831			False	4	3					False	0	0	0	0	too few		
Tacstd2	T CD8 naive_xCell	study	Melanoma	baseline	7	0.396412483586046	0.396412483586046	0.396412483586046	True	6	7	0.37863470950041306			False	4	3					False	0	0	0	0	too few		
Tacstd2	T CD8_CIBERSORT_abs	study	Melanoma	baseline	7	0.8468812149338255	0.8468812149338255	0.8468812149338255	True	6	7	0.01619712746787163			False	4	3					False	0	0	0	0	too few		
Tacstd2	T CD8_EPIC	study	Melanoma	baseline	7	0.23424374030084538	0.23424374030084538	0.23424374030084538	True	6	7	0.6131550369752419			False	4	3					False	0	0	0	0	too few		
Tacstd2	T CD8_TIMER	study	Melanoma	baseline	7	0.396412483586046	0.396412483586046	0.396412483586046	True	6	7	0.37863470950041306			False	4	3					False	0	0	0	0	too few		
Tacstd2	T CD8_quanTIseq	study	Melanoma	baseline	7	0.764093177458341		0.764093177458341	False	6	3	0.04550832787477762			False	4	3					False	0	0	0	0	too few		
Tacstd2	T CD8_xCell	study	Melanoma	baseline	7	0.41443123283995714		0.41443123283995714	False	6	4	0.35526894376605234			False	4	3					False	0	0	0	0	too few		
Tacstd2	T NK_xCell	study	Melanoma	baseline	7	-0.6847124716486249	0.6847124716486249	-0.6847124716486249	True	6	7	0.08966645319106842			False	4	3					False	0	0	0	0	too few		
Tacstd2	T follicular helper_CIBERSORT_abs	study	Melanoma	baseline	7	0.7748062179181807	0.7748062179181807	0.7748062179181807	True	6	7	0.040769462520420366			False	4	3					False	0	0	0	0	too few		
Tacstd2	T gamma delta_xCell	study	Melanoma	baseline	7	0.6731618328060892		0.6731618328060892	False	6	2	0.09742695230192527			False	4	3					False	0	0	0	0	too few		
Tacstd2	T regulatory Tregs_xCell	study	Melanoma	baseline	7	0.6544628930059201		0.6544628930059201	False	6	2	0.11070663713733662			False	4	3					False	0	0	0	0	too few		
Tacstd2	T_mMCPcounter	study	Melanoma	baseline	7	0.9549937104572924	0.9549937104572924	0.9549937104572924	True	6	7	0.000805535336301762			False	4	3					False	0	0	0	0	too few		
Tacstd2	Treg_CIBERSORT_abs	study	Melanoma	baseline	7	0.5272727272727272	0.5272727272727272	0.5272727272727272	True	6	6	0.22392737995627932			False	4	3					False	0	0	0	0	too few		
Tacstd2	Tregs_quanTIseq	study	Melanoma	baseline	7	0.900937462695559	0.900937462695559	0.900937462695559	True	6	7	0.00562058671534502			False	4	3					False	0	0	0	0	too few		
Tacstd2	B derived_mMCPcounter	line	pan-cancer	baseline	17	0.5798543301052382	0.5798543301052382	0.5798543301052382	True	15	17	0.014693154308596032	0.6388888888888888	0.6388888888888888	True	9	8	10.5	1.1145608679130776	98.91788162851435	0.05668449197860963	True	7	2	2	6	ok	10.5	
Tacstd2	B memory_CIBERSORT_abs	line	pan-cancer	baseline	17	0.6339085473184385	0.6339085473184385	0.6339085473184385	True	15	17	0.006284503141759332	0.6944444444444444	0.6944444444444444	True	9	8	10.5	1.1145608679130776	98.91788162851435	0.05668449197860963	True	7	2	2	6	ok	10.5	
Tacstd2	B memory_xCell	line	pan-cancer	baseline	17	0.278123049497274	0.278123049497274	0.278123049497274	True	15	7	0.2797452915720057	0.4305555555555556	0.4305555555555556	True	9	8	1.25	0.18503169573743952	8.444499164171265	1.0	True	5	4	4	4	ok	1.25	
Tacstd2	B naive_CIBERSORT_abs	line	pan-cancer	baseline	17	-0.19807698371440474	0.19807698371440474	-0.19807698371440474	True	15	5	0.4460099240722467	-0.2777777777777778	0.2777777777777778	True	9	8					False	9	0	8	0	split collapsed or empty cell		
Tacstd2	B naive_xCell	line	pan-cancer	baseline	17	0.007371029619981842	0.007371029619981842	0.007371029619981842	True	15	10	0.9776009388124617	0.22222222222222232	0.22222222222222232	True	9	8	1.25	0.18503169573743952	8.444499164171265	1.0	True	5	4	4	4	ok	1.25	
Tacstd2	B plasma_xCell	line	pan-cancer	baseline	17	0.41769167846563776	0.41769167846563776	0.41769167846563776	True	15	17	0.09525819021076899	0.22222222222222232	0.22222222222222232	True	9	8	0.48	0.0687301567571116	3.3522402809907774	0.6371863430686959	True	4	5	5	3	ok	2.0833333333333335	
Tacstd2	B_EPIC	line	pan-cancer	baseline	17	0.14987760227296412	0.14987760227296412	0.14987760227296412	True	15	17	0.5658660433327934	0.19444444444444442	0.19444444444444442	True	9	8	1.25	0.18503169573743952	8.444499164171265	1.0	True	5	4	4	4	ok	1.25	
Tacstd2	B_TIMER	line	pan-cancer	baseline	17	-0.06879627645316386	0.06879627645316386	-0.06879627645316386	True	15	17	0.7930448991287014	-0.02777777777777779	0.02777777777777779	True	9	8	1.25	0.18503169573743952	8.444499164171265	1.0	True	5	4	4	4	ok	1.25	
Tacstd2	B_quanTIseq	line	pan-cancer	baseline	17	0.14742059239963684	0.14742059239963684	0.14742059239963684	True	15	17	0.5723238113609056	0.22222222222222232	0.22222222222222232	True	9	8	1.25	0.18503169573743952	8.444499164171265	1.0	True	5	4	4	4	ok	1.25	
Tacstd2	B_xCell	line	pan-cancer	baseline	17	0.157248631892946	0.157248631892946	0.157248631892946	True	15	13	0.5466835549381013	0.5277777777777777	0.5277777777777777	True	9	8	10.5	1.1145608679130776	98.91788162851435	0.05668449197860963	True	7	2	2	6	ok	10.5	
Tacstd2	CD8 T_mMCPcounter	line	pan-cancer	baseline	17	0.23832995771274623	0.23832995771274623	0.23832995771274623	True	15	17	0.3569548148623719	0.5833333333333333	0.5833333333333333	True	9	8	10.5	1.1145608679130776	98.91788162851435	0.05668449197860963	True	7	2	2	6	ok	10.5	
Tacstd2	Classswitched memory B_xCell	line	pan-cancer	baseline	17	0.27166610410694286	0.27166610410694286	0.27166610410694286	True	15	14	0.29152051353700453	0.5972222222222223	0.5972222222222223	True	9	8	10.5	1.1145608679130776	98.91788162851435	0.05668449197860963	True	7	2	2	6	ok	10.5	
Tacstd2	Dendritic resting_CIBERSORT_abs	line	pan-cancer	baseline	17	0.6412795769384203	0.6412795769384203	0.6412795769384203	True	15	17	0.005530224531829853	0.8055555555555556	0.8055555555555556	True	9	8	10.5	1.1145608679130776	98.91788162851435	0.05668449197860963	True	7	2	2	6	ok	10.5	
Tacstd2	Dendritic_TIMER	line	pan-cancer	baseline	17	0.0393121579732365	0.0393121579732365	0.0393121579732365	True	15	17	0.8809233188858654	0.16666666666666674	0.16666666666666674	True	9	8	1.25	0.18503169573743952	8.444499164171265	1.0	True	5	4	4	4	ok	1.25	
Tacstd2	Dendritic_quanTIseq	line	pan-cancer	baseline	17	0.4093430437448506	0.4093430437448506	0.4093430437448506	True	15	16	0.10275729354006749	0.5	0.5	True	9	8	3.3333333333333335	0.454559670939838	24.443679942257116	0.3469354175236528	True	6	3	3	5	ok	3.3333333333333335	
Tacstd2	Eosinophil_xCell	line	pan-cancer	baseline	17	-0.059004402701960446	0.059004402701960446	-0.059004402701960446	True	15	7	0.8220214501263127	-0.20833333333333337	0.20833333333333337	True	9	8	0.16666666666666666	0.020064535391381255	1.3844216791438768	0.153434800493624	True	3	6	6	2	ok	6.0	
Tacstd2	Eosinophils_CIBERSORT_abs	line	pan-cancer	baseline	17	-0.3557390038766127	0.3557390038766127	-0.3557390038766127	True	15	13	0.16110305166423883	-0.25	0.25	True	9	8	0.48	0.0687301567571116	3.3522402809907774	0.6371863430686959	True	4	5	5	3	ok	2.0833333333333335	
Tacstd2	Eosinophils_mMCPcounter	line	pan-cancer	baseline	17	0.41523466859231045	0.41523466859231045	0.41523466859231045	True	15	17	0.09742310123956563	0.6666666666666667	0.6666666666666667	True	9	8	10.5	1.1145608679130776	98.91788162851435	0.05668449197860963	True	7	2	2	6	ok	10.5	
Tacstd2	Granulocytes_mMCPcounter	line	pan-cancer	baseline	17	0.66421198625913	0.66421198625913	0.66421198625913	True	15	13	0.003636604948226721	0.6111111111111112	0.6111111111111112	True	9	8	10.5	1.1145608679130776	98.91788162851435	0.05668449197860963	True	7	2	2	6	ok	10.5	
Tacstd2	Macrophage M1_quanTIseq	line	pan-cancer	baseline	17	0.32078623918782523	0.32078623918782523	0.32078623918782523	True	15	11	0.20933628998752737	0.11111111111111116	0.11111111111111116	True	9	8	1.25	0.18503169573743952	8.444499164171265	1.0	True	5	4	4	4	ok	1.25	
Tacstd2	Macrophage M1_xCell	line	pan-cancer	baseline	17	0.26290005644601905	0.26290005644601905	0.26290005644601905	True	15	17	0.3079762638028623	-0.05555555555555558	0.05555555555555558	True	9	8	0.48	0.0687301567571116	3.3522402809907774	0.6371863430686959	True	4	5	5	3	ok	2.0833333333333335	
Tacstd2	Macrophage M2_quanTIseq	line	pan-cancer	baseline	17	0.1523346121462914	0.1523346121462914	0.1523346121462914	True	15	17	0.5594398232958591	0.38888888888888884	0.38888888888888884	True	9	8	10.5	1.1145608679130776	98.91788162851435	0.05668449197860963	True	7	2	2	6	ok	10.5	
Tacstd2	Macrophage M2_xCell	line	pan-cancer	baseline	17	0.19656078986618247	0.19656078986618247	0.19656078986618247	True	15	17	0.44956952167237857	0.08333333333333326	0.08333333333333326	True	9	8	1.25	0.18503169573743952	8.444499164171265	1.0	True	5	4	4	4	ok	1.25	
Tacstd2	Macrophage_EPIC	line	pan-cancer	baseline	17	0.4791169252988197	0.4791169252988197	0.4791169252988197	True	15	17	0.05166943147882912	0.4722222222222223	0.4722222222222223	True	9	8	3.3333333333333335	0.454559670939838	24.443679942257116	0.3469354175236528	True	6	3	3	5	ok	3.3333333333333335	
Tacstd2	Macrophage_TIMER	line	pan-cancer	baseline	17	0.13398916446903517	0.13398916446903517	0.13398916446903517	True	15	16	0.6081658733501843	0.23611111111111116	0.23611111111111116	True	9	8	3.3333333333333335	0.454559670939838	24.443679942257116	0.3469354175236528	True	6	3	3	5	ok	3.3333333333333335	
Tacstd2	Macrophage_xCell	line	pan-cancer	baseline	17	0.3194112835325465	0.3194112835325465	0.3194112835325465	True	15	17	0.2114058654423733	0.05555555555555558	0.05555555555555558	True	9	8	0.48	0.0687301567571116	3.3522402809907774	0.6371863430686959	True	4	5	5	3	ok	2.0833333333333335	
Tacstd2	Macrophages M0_CIBERSORT_abs	line	pan-cancer	baseline	17	-0.07474845132156735	0.07474845132156735	-0.07474845132156735	True	15	7	0.7755528220438136	-0.33333333333333337	0.33333333333333337	True	9	8					False	9	0	8	0	split collapsed or empty cell		
Tacstd2	Macrophages M1_CIBERSORT_abs	line	pan-cancer	baseline	17	0.6363655571917657	0.6363655571917657	0.6363655571917657	True	15	17	0.006024415028853369	0.8333333333333333	0.8333333333333333	True	9	8	56.0	2.9262100305921623	1071.6934079285443	0.00337309749074455	True	8	1	1	7	ok	56.0	
Tacstd2	Macrophages M2_CIBERSORT_abs	line	pan-cancer	baseline	17	0.4791169252988197	0.4791169252988197	0.4791169252988197	True	15	17	0.05166943147882912	0.4444444444444444	0.4444444444444444	True	9	8	1.25	0.18503169573743952	8.444499164171265	1.0	True	5	4	4	4	ok	1.25	
Tacstd2	Macrophages_mMCPcounter	line	pan-cancer	baseline	11	0.44647040662664117	0.44647040662664117	0.44647040662664117	True	10	11	0.1686441933372536	0.8	0.8	True	6	5	20.0	0.930388543312843	429.9279079423274	0.0800865800865801	True	5	1	1	4	ok	20.0	
Tacstd2	Mast activated_CIBERSORT_abs	line	pan-cancer	baseline	17	-0.4048016827846365	0.4048016827846365	-0.4048016827846365	True	15	11	0.10700851293093416	-0.6666666666666667	0.6666666666666667	True	9	8	0.04081632653061224	0.0029740420605436765	0.560171133272072	0.015220074043603458	True	2	7	7	1	ok	24.500000000000004	
Tacstd2	Mast resting_CIBERSORT_abs	line	pan-cancer	baseline	17	0.3458523361219301	0.3458523361219301	0.3458523361219301	True	15	9	0.17390066292343304	0.5833333333333333	0.5833333333333333	True	9	8					False	9	0	8	0	split collapsed or empty cell		
Tacstd2	Mast_mMCPcounter	line	pan-cancer	baseline	17	0.4239831376780666	0.4239831376780666	0.4239831376780666	True	15	14	0.08987225160318857	0.7222222222222223	0.7222222222222223	True	9	8	10.5	1.1145608679130776	98.91788162851435	0.05668449197860963	True	7	2	2	6	ok	10.5	
Tacstd2	Mast_xCell	line	pan-cancer	baseline	17	0.18673275037287332	0.18673275037287332	0.18673275037287332	True	15	17	0.4729887536769624	-0.02777777777777779	0.02777777777777779	True	9	8	1.25	0.18503169573743952	8.444499164171265	1.0	True	5	4	4	4	ok	1.25	
Tacstd2	Memory B_mMCPcounter	line	pan-cancer	baseline	17	0.03264899492702825	0.03264899492702825	0.03264899492702825	True	15	12	0.9010034247163567	0.3472222222222223	0.3472222222222223	True	9	8	3.3333333333333335	0.454559670939838	24.443679942257116	0.3469354175236528	True	6	3	3	5	ok	3.3333333333333335	
Tacstd2	Monocyte_quanTIseq	line	pan-cancer	baseline	17	-0.1351222004659102	0.1351222004659102	-0.1351222004659102	True	15	7	0.6051080077384521	-0.05555555555555558	0.05555555555555558	True	9	8					False	9	0	8	0	split collapsed or empty cell		
Tacstd2	Monocyte_xCell	line	pan-cancer	baseline	17	0.35380942175912844	0.35380942175912844	0.35380942175912844	True	15	15	0.16354917177819697	0.5	0.5	True	9	8	3.3333333333333335	0.454559670939838	24.443679942257116	0.3469354175236528	True	6	3	3	5	ok	3.3333333333333335	
Tacstd2	Monocytes_CIBERSORT_abs	line	pan-cancer	baseline	17	-0.08538967903992004	0.08538967903992004	-0.08538967903992004	True	15	12	0.7445384142473438	0.23611111111111116	0.23611111111111116	True	9	8	1.25	0.18503169573743952	8.444499164171265	1.0	True	5	4	4	4	ok	1.25	
Tacstd2	Monocytes_mMCPcounter	line	pan-cancer	baseline	17	-0.02948411847992737	0.02948411847992737	-0.02948411847992737	True	15	17	0.9105617413387305	0.08333333333333326	0.08333333333333326	True	9	8	1.25	0.18503169573743952	8.444499164171265	1.0	True	5	4	4	4	ok	1.25	
Tacstd2	Myeloid dendritic activated_xCell	line	pan-cancer	baseline	17	0.09582338505976395	0.09582338505976395	0.09582338505976395	True	15	17	0.7144847506209103	0.16666666666666674	0.16666666666666674	True	9	8	1.25	0.18503169573743952	8.444499164171265	1.0	True	5	4	4	4	ok	1.25	
Tacstd2	Myeloid dendritic_xCell	line	pan-cancer	baseline	17	0.43489074757892865	0.43489074757892865	0.43489074757892865	True	15	13	0.08106014706615872	0.6388888888888888	0.6388888888888888	True	9	8	10.5	1.1145608679130776	98.91788162851435	0.05668449197860963	True	7	2	2	6	ok	10.5	
Tacstd2	NK activated_CIBERSORT_abs	line	pan-cancer	baseline	17	0.2636946462302164	0.2636946462302164	0.2636946462302164	True	15	13	0.3064624183488285	0.5555555555555556	0.5555555555555556	True	9	8	10.5	1.1145608679130776	98.91788162851435	0.05668449197860963	True	7	2	2	6	ok	10.5	
Tacstd2	NK resting_CIBERSORT_abs	line	pan-cancer	baseline	17	0.10344827586206895	0.10344827586206895	0.10344827586206895	True	15	15	0.6927672330718945	0.22222222222222232	0.22222222222222232	True	9	8	3.3333333333333335	0.454559670939838	24.443679942257116	0.3469354175236528	True	6	3	3	5	ok	3.3333333333333335	
Tacstd2	NK_EPIC	line	pan-cancer	baseline	17	0.04176916784656377	0.04176916784656377	0.04176916784656377	True	15	17	0.8735355230718828	0.22222222222222232	0.22222222222222232	True	9	8	1.25	0.18503169573743952	8.444499164171265	1.0	True	5	4	4	4	ok	1.25	
Tacstd2	NK_mMCPcounter	line	pan-cancer	baseline	17	0.24486746195271186	0.24486746195271186	0.24486746195271186	True	15	12	0.343515305246838	0.5	0.5	True	9	8	10.5	1.1145608679130776	98.91788162851435	0.05668449197860963	True	7	2	2	6	ok	10.5	
Tacstd2	NK_quanTIseq	line	pan-cancer	baseline	17	0.3783795204924012	0.3783795204924012	0.3783795204924012	True	15	17	0.13423625182552518	0.5555555555555556	0.5555555555555556	True	9	8	10.5	1.1145608679130776	98.91788162851435	0.05668449197860963	True	7	2	2	6	ok	10.5	
Tacstd2	NK_xCell	line	pan-cancer	baseline	17	0.1798029556650246		0.1798029556650246	False	15	3	0.4898551998208267	0.4444444444444444	0.4444444444444444	True	9	8	3.3333333333333335	0.454559670939838	24.443679942257116	0.3469354175236528	True	6	3	3	5	ok	3.3333333333333335	
Tacstd2	Neutrophil_TIMER	line	pan-cancer	baseline	17	-0.22604490834610982	0.22604490834610982	-0.22604490834610982	True	15	17	0.3829967724519826	-0.08333333333333337	0.08333333333333337	True	9	8	0.48	0.0687301567571116	3.3522402809907774	0.6371863430686959	True	4	5	5	3	ok	2.0833333333333335	
Tacstd2	Neutrophil_quanTIseq	line	pan-cancer	baseline	17	0.5716051511752418	0.5716051511752418	0.5716051511752418	True	15	16	0.016523690118099118	0.5	0.5	True	9	8	3.3333333333333335	0.454559670939838	24.443679942257116	0.3469354175236528	True	6	3	3	5	ok	3.3333333333333335	
Tacstd2	Neutrophil_xCell	line	pan-cancer	baseline	17	0.32432530327920106	0.32432530327920106	0.32432530327920106	True	15	15	0.20406992265933951	0.36111111111111116	0.36111111111111116	True	9	8	3.3333333333333335	0.454559670939838	24.443679942257116	0.3469354175236528	True	6	3	3	5	ok	3.3333333333333335	
Tacstd2	Neutrophils_CIBERSORT_abs	line	pan-cancer	baseline	17	0.4660106207132102	0.4660106207132102	0.4660106207132102	True	15	14	0.059377258865994514	0.7777777777777777	0.7777777777777777	True	9	8	56.0	2.9262100305921623	1071.6934079285443	0.00337309749074455	True	8	1	1	7	ok	56.0	
Tacstd2	Neutrophils_mMCPcounter	line	pan-cancer	baseline	17	0.4484907079294041	0.4484907079294041	0.4484907079294041	True	15	7	0.07097376028621503	0.22222222222222232	0.22222222222222232	True	9	8					False	9	0	8	0	split collapsed or empty cell		
Tacstd2	Plasma_CIBERSORT_abs	line	pan-cancer	baseline	17	0.3194112835325465	0.3194112835325465	0.3194112835325465	True	15	17	0.2114058654423733	0.22222222222222232	0.22222222222222232	True	9	8	1.25	0.18503169573743952	8.444499164171265	1.0	True	5	4	4	4	ok	1.25	
Tacstd2	Plasmacytoid dendritic_xCell	line	pan-cancer	baseline	17	0.42901117797883737	0.42901117797883737	0.42901117797883737	True	15	7	0.08572839997539372	0.5	0.5	True	9	8	3.3333333333333335	0.454559670939838	24.443679942257116	0.3469354175236528	True	6	3	3	5	ok	3.3333333333333335	
Tacstd2	T CD4 Th1_xCell	line	pan-cancer	baseline	17	0.15970564176627325	0.15970564176627325	0.15970564176627325	True	15	16	0.540354255307742	-0.05555555555555558	0.05555555555555558	True	9	8	0.48	0.0687301567571116	3.3522402809907774	0.6371863430686959	True	4	5	5	3	ok	2.0833333333333335	
Tacstd2	T CD4 Th2_xCell	line	pan-cancer	baseline	17	0.16953368125958238	0.16953368125958238	0.16953368125958238	True	15	15	0.5153710668402889	0.5277777777777777	0.5277777777777777	True	9	8	3.3333333333333335	0.454559670939838	24.443679942257116	0.3469354175236528	True	6	3	3	5	ok	3.3333333333333335	
Tacstd2	T CD4 central memory_xCell	line	pan-cancer	baseline	17	-0.16803088719362272		-0.16803088719362272	False	15	1	0.5191560726927079	0.08333333333333326	0.08333333333333326	True	9	8	3.3333333333333335	0.454559670939838	24.443679942257116	0.3469354175236528	True	6	3	3	5	ok	3.3333333333333335	
Tacstd2	T CD4 effector memory_xCell	line	pan-cancer	baseline	17	0.07129698659820219	0.07129698659820219	0.07129698659820219	True	15	10	0.7856840157799422	0.11111111111111116	0.11111111111111116	True	9	8	1.25	0.18503169573743952	8.444499164171265	1.0	True	5	4	4	4	ok	1.25	
Tacstd2	T CD4 memory activated_CIBERSORT_abs	line	pan-cancer	baseline	17	-0.17529998984386777	0.17529998984386777	-0.17529998984386777	True	15	6	0.500968021583426	0.08333333333333326	0.08333333333333326	True	9	8					False	9	0	8	0	split collapsed or empty cell		
Tacstd2	T CD4 memory resting_CIBERSORT_abs	line	pan-cancer	baseline	17	-0.21849547309381226	0.21849547309381226	-0.21849547309381226	True	15	7	0.39950251174492346	-0.36111111111111116	0.36111111111111116	True	9	8					False	9	0	8	0	split collapsed or empty cell		
Tacstd2	T CD4 memory_xCell	line	pan-cancer	baseline	17	-0.0024876853417944945	0.0024876853417944945	-0.0024876853417944945	True	15	10	0.9924396411957748	-0.19444444444444442	0.19444444444444442	True	9	8	0.16666666666666666	0.020064535391381255	1.3844216791438768	0.153434800493624	True	3	6	6	2	ok	6.0	
Tacstd2	T CD4 naive_CIBERSORT_abs	line	pan-cancer	baseline	17	-0.07757426596429223		-0.07757426596429223	False	15	4	0.767283449658675	-0.11111111111111116	0.11111111111111116	True	9	8					False	9	0	8	0	split collapsed or empty cell		
Tacstd2	T CD4 naive_xCell	line	pan-cancer	baseline	17	0.14692047717162712		0.14692047717162712	False	15	3	0.5736420953833621	0.2777777777777777	0.2777777777777777	True	9	8	3.3333333333333335	0.454559670939838	24.443679942257116	0.3469354175236528	True	6	3	3	5	ok	3.3333333333333335	
Tacstd2	T CD4 nonregulatory_xCell	line	pan-cancer	baseline	17	-0.037615292453809734		-0.037615292453809734	False	15	2	0.8860309563619074	0.29166666666666674	0.29166666666666674	True	9	8	3.3333333333333335	0.454559670939838	24.443679942257116	0.3469354175236528	True	6	3	3	5	ok	3.3333333333333335	
Tacstd2	T CD4_EPIC	line	pan-cancer	baseline	17	-0.1793617207528915	0.1793617207528915	-0.1793617207528915	True	15	17	0.4909388368258893	-0.08333333333333337	0.08333333333333337	True	9	8	1.25	0.18503169573743952	8.444499164171265	1.0	True	5	4	4	4	ok	1.25	
Tacstd2	T CD4_TIMER	line	pan-cancer	baseline	17	0.5258001128920381	0.5258001128920381	0.5258001128920381	True	15	17	0.03017253810352998	0.5	0.5	True	9	8	3.3333333333333335	0.454559670939838	24.443679942257116	0.3469354175236528	True	6	3	3	5	ok	3.3333333333333335	
Tacstd2	T CD8 central memory_xCell	line	pan-cancer	baseline	17	0.27027108606600087	0.27027108606600087	0.27027108606600087	True	15	12	0.29410312700609376	0.5833333333333333	0.5833333333333333	True	9	8	10.5	1.1145608679130776	98.91788162851435	0.05668449197860963	True	7	2	2	6	ok	10.5	
Tacstd2	T CD8 effector memory_xCell	line	pan-cancer	baseline	17	-0.04187192118226601	0.04187192118226601	-0.04187192118226601	True	15	10	0.8732267728847887	0.2777777777777777	0.2777777777777777	True	9	8	3.3333333333333335	0.454559670939838	24.443679942257116	0.3469354175236528	True	6	3	3	5	ok	3.3333333333333335	
Tacstd2	T CD8 naive_xCell	line	pan-cancer	baseline	17	0.07371029619981842	0.07371029619981842	0.07371029619981842	True	15	15	0.7785966319622291	-0.19444444444444442	0.19444444444444442	True	9	8	0.48	0.0687301567571116	3.3522402809907774	0.6371863430686959	True	4	5	5	3	ok	2.0833333333333335	
Tacstd2	T CD8_CIBERSORT_abs	line	pan-cancer	baseline	17	0.3660944711257649	0.3660944711257649	0.3660944711257649	True	15	17	0.14839819548428104	0.6944444444444444	0.6944444444444444	True	9	8	56.0	2.9262100305921623	1071.6934079285443	0.00337309749074455	True	8	1	1	7	ok	56.0	
Tacstd2	T CD8_EPIC	line	pan-cancer	baseline	17	0.04176916784656377	0.04176916784656377	0.04176916784656377	True	15	17	0.8735355230718828	0.13888888888888884	0.13888888888888884	True	9	8	1.25	0.18503169573743952	8.444499164171265	1.0	True	5	4	4	4	ok	1.25	
Tacstd2	T CD8_TIMER	line	pan-cancer	baseline	17	-0.06388225670650931	0.06388225670650931	-0.06388225670650931	True	15	17	0.8075571065404239	0.19444444444444442	0.19444444444444442	True	9	8	3.3333333333333335	0.454559670939838	24.443679942257116	0.3469354175236528	True	6	3	3	5	ok	3.3333333333333335	
Tacstd2	T CD8_quanTIseq	line	pan-cancer	baseline	17	0.1909441899927531	0.1909441899927531	0.1909441899927531	True	15	11	0.4628804782351261	0.5277777777777777	0.5277777777777777	True	9	8	10.5	1.1145608679130776	98.91788162851435	0.05668449197860963	True	7	2	2	6	ok	10.5	
Tacstd2	T CD8_xCell	line	pan-cancer	baseline	17	0.031941128353254654	0.031941128353254654	0.031941128353254654	True	15	10	0.9031401973720417	0.5	0.5	True	9	8	3.3333333333333335	0.454559670939838	24.443679942257116	0.3469354175236528	True	6	3	3	5	ok	3.3333333333333335	
Tacstd2	T NK_xCell	line	pan-cancer	baseline	17	0.3513524118858012	0.3513524118858012	0.3513524118858012	True	15	17	0.16670002001028594	0.08333333333333326	0.08333333333333326	True	9	8	0.48	0.0687301567571116	3.3522402809907774	0.6371863430686959	True	4	5	5	3	ok	2.0833333333333335	
Tacstd2	T follicular helper_CIBERSORT_abs	line	pan-cancer	baseline	17	0.621623497951802	0.621623497951802	0.621623497951802	True	15	17	0.007723772569062273	0.5555555555555556	0.5555555555555556	True	9	8	3.3333333333333335	0.454559670939838	24.443679942257116	0.3469354175236528	True	6	3	3	5	ok	3.3333333333333335	
Tacstd2	T gamma delta_xCell	line	pan-cancer	baseline	17	-0.04269483951996002		-0.04269483951996002	False	15	3	0.8707547197239665	0.09722222222222232	0.09722222222222232	True	9	8	1.25	0.18503169573743952	8.444499164171265	1.0	True	5	4	4	4	ok	1.25	
Tacstd2	T regulatory Tregs_xCell	line	pan-cancer	baseline	17	-0.030551070398840495		-0.030551070398840495	False	15	4	0.9073380562066147	-0.16666666666666663	0.16666666666666663	True	9	8	0.48	0.0687301567571116	3.3522402809907774	0.6371863430686959	True	4	5	5	3	ok	2.0833333333333335	
Tacstd2	T_mMCPcounter	line	pan-cancer	baseline	17	0.3292393230258556	0.3292393230258556	0.3292393230258556	True	15	17	0.19690188259459548	0.6388888888888888	0.6388888888888888	True	9	8	10.5	1.1145608679130776	98.91788162851435	0.05668449197860963	True	7	2	2	6	ok	10.5	
Tacstd2	Treg_CIBERSORT_abs	line	pan-cancer	baseline	17	0.20845127530333418	0.20845127530333418	0.20845127530333418	True	15	12	0.4220443930074329	0.02777777777777768	0.02777777777777768	True	9	8	1.25	0.18503169573743952	8.444499164171265	1.0	True	5	4	4	4	ok	1.25	
Tacstd2	Tregs_quanTIseq	line	pan-cancer	baseline	17	0.15479162201961869	0.15479162201961869	0.15479162201961869	True	15	17	0.5530455346977738	0.2777777777777777	0.2777777777777777	True	9	8	1.25	0.18503169573743952	8.444499164171265	1.0	True	5	4	4	4	ok	1.25	
Tacstd2	B derived_mMCPcounter	mouse_line_residual	pan-cancer	baseline	294	0.04003711029155946	0.04003711029155946	0.04003711029155946	True	239	273	0.4940741870712871	0.059327779930259616	0.059327779930259616	True	178	116	1.0570289132602193	0.6619771508119667	1.6878378990839973	0.9049962070081993	True	93	85	59	57	ok	1.0570289132602193	17.0
Tacstd2	B memory_CIBERSORT_abs	mouse_line_residual	pan-cancer	baseline	294	-0.0884715968070992	0.0884715968070992	-0.0884715968070992	True	239	225	0.13015809864807312	-0.11071290197597827	0.11071290197597827	True	178	116	0.7942592262435372	0.4932723555559876	1.2789034523573248	0.397877774659102	True	99	79	71	45	ok	1.2590347923681258	17.0
Tacstd2	B memory_xCell	mouse_line_residual	pan-cancer	baseline	294	-0.04268074012408987	0.04268074012408987	-0.04268074012408987	True	239	90	0.46597907065086536	-0.03128632313056956	0.03128632313056956	True	178	116	0.8355855855855857	0.5156641155209599	1.3539884778157047	0.5404885482836798	True	106	72	74	42	ok	1.1967654986522909	17.0
Tacstd2	B naive_CIBERSORT_abs	mouse_line_residual	pan-cancer	baseline	294	-0.04077598562140976	0.04077598562140976	-0.04077598562140976	True	239	114	0.48613217682509047	-0.026249515691592396	0.026249515691592396	True	178	116					False	158	20	99	17	split collapsed or empty cell		17.0
Tacstd2	B naive_xCell	mouse_line_residual	pan-cancer	baseline	294	0.012592298655705884	0.012592298655705884	0.012592298655705884	True	239	164	0.8297660152587137	-0.024506005424254185	0.024506005424254185	True	178	116	0.9968907889623009	0.6237733129642629	1.5931929508097036	1.0	True	95	83	62	54	ok	1.0031189083820662	17.0
Tacstd2	B plasma_xCell	mouse_line_residual	pan-cancer	baseline	294	-0.1369420383558541	0.1369420383558541	-0.1369420383558541	True	239	284	0.018816759181725973	-0.10795234405269272	0.10795234405269272	True	178	116	0.6307884856070087	0.39331287502245915	1.0116478224916046	0.05743949759534333	True	84	94	68	48	ok	1.5853174603174605	17.0
Tacstd2	B_EPIC	mouse_line_residual	pan-cancer	baseline	294	-0.016883379633143496	0.016883379633143496	-0.016883379633143496	True	239	285	0.7731347357394085	-0.03734017822549396	0.03734017822549396	True	178	116	0.9430940267571132	0.5905074387853819	1.5062068398908108	0.8125193966256873	True	91	87	61	55	ok	1.0603396603396604	17.0
Tacstd2	B_TIMER	mouse_line_residual	pan-cancer	baseline	294	0.08780740856667525	0.08780740856667525	0.08780740856667525	True	239	285	0.1330784539914462	0.09666795815575369	0.09666795815575369	True	178	116	1.254355400696864	0.785151929647229	2.003952880768346	0.40334701227397346	True	96	82	56	60	ok	1.254355400696864	17.0
Tacstd2	B_quanTIseq	mouse_line_residual	pan-cancer	baseline	294	0.09078536784853763	0.09078536784853763	0.09078536784853763	True	239	285	0.12036999574198079	0.11240798140255714	0.11240798140255714	True	178	116	1.3281705948372615	0.8310335403204278	2.1227026869579686	0.28256142858978445	True	97	81	55	61	ok	1.3281705948372615	17.0
Tacstd2	B_xCell	mouse_line_residual	pan-cancer	baseline	294	-0.04400635034082252	0.04400635034082252	-0.04400635034082252	True	239	194	0.45223056393851485	-0.04252227818674936	0.04252227818674936	True	178	116	0.8412698412698413	0.5264182200069099	1.3444347458583292	0.4766806358100224	True	89	89	63	53	ok	1.1886792452830188	17.0
Tacstd2	CD8 T_mMCPcounter	mouse_line_residual	pan-cancer	baseline	287	0.08769941478151547	0.08769941478151547	0.08769941478151547	True	234	263	0.13831491188578884	0.06734074823053593	0.06734074823053593	True	172	115	1.1040868454661559	0.6883212170975332	1.770986760326287	0.7183778007055015	True	91	81	58	57	ok	1.1040868454661559	17.0
Tacstd2	Classswitched memory B_xCell	mouse_line_residual	pan-cancer	baseline	294	-0.06638784042104412	0.06638784042104412	-0.06638784042104412	True	239	202	0.25649378221419616	-0.048237117396358054	0.048237117396358054	True	178	116	0.7353741496598639	0.45762204103828064	1.1817069360580283	0.23017205603780144	True	94	84	70	46	ok	1.3598519888991676	17.0
Tacstd2	Dendritic activated_CIBERSORT_abs	mouse_line_residual	pan-cancer	baseline	294	-0.08568836740168853	0.08568836740168853	-0.08568836740168853	True	239	46	0.14273347489415808	-0.06325067803177065	0.06325067803177065	True	178	116					False	178	0	116	0	split collapsed or empty cell		17.0
Tacstd2	Dendritic resting_CIBERSORT_abs	mouse_line_residual	pan-cancer	baseline	294	-0.1005365879963713	0.1005365879963713	-0.1005365879963713	True	239	247	0.08527581021625287	-0.08950019372336304	0.08950019372336304	True	178	116	0.7942592262435372	0.4932723555559876	1.2789034523573248	0.397877774659102	True	99	79	71	45	ok	1.2590347923681258	17.0
Tacstd2	Dendritic_TIMER	mouse_line_residual	pan-cancer	baseline	294	0.16169296095359298	0.16169296095359298	0.16169296095359298	True	239	285	0.00545340221356606	0.14776249515691586	0.14776249515691586	True	178	116	1.5779092702169626	0.9854955598232512	2.5264422961816018	0.07309876003075019	True	100	78	52	64	ok	1.5779092702169626	17.0
Tacstd2	Dendritic_quanTIseq	mouse_line_residual	pan-cancer	baseline	294	0.10210577895131738	0.10210577895131738	0.10210577895131738	True	239	262	0.08048792712526588	0.08083107322743133	0.08083107322743133	True	178	116	1.3125	0.8212363107452169	2.0976377048365102	0.28304253646430433	True	98	80	56	60	ok	1.3125	17.0
Tacstd2	Eosinophil_xCell	mouse_line_residual	pan-cancer	baseline	294	0.08717479310868542	0.08717479310868542	0.08717479310868542	True	239	89	0.13590665965225515	0.12306276636962421	0.12306276636962421	True	178	116	1.375876577840112	0.8570851709855187	2.20869106307406	0.2264037641990371	True	109	69	62	54	ok	1.375876577840112	17.0
Tacstd2	Eosinophils_CIBERSORT_abs	mouse_line_residual	pan-cancer	baseline	294	-0.08971124227984038	0.08971124227984038	-0.08971124227984038	True	239	177	0.12484018193864917	-0.13865749709414954	0.13865749709414954	True	178	116	0.6754385964912281	0.39790456179051414	1.1465495534334333	0.15062556982095526	True	121	57	88	28	ok	1.4805194805194806	17.0
Tacstd2	Eosinophils_mMCPcounter	mouse_line_residual	pan-cancer	baseline	285	-0.037238374162339764	0.037238374162339764	-0.037238374162339764	True	231	269	0.5312424839410971	-0.023873224943404048	0.023873224943404048	True	172	113	0.9588377723970946	0.5962771636659361	1.5418498808894496	0.9038348780352601	True	88	84	59	54	ok	1.0429292929292928	17.0
Tacstd2	Granulocytes_mMCPcounter	mouse_line_residual	pan-cancer	baseline	294	0.20978468395650635	0.20978468395650635	0.20978468395650635	True	239	213	0.0002921963356165351	0.23847345989926394	0.23847345989926394	True	178	116	4.112570356472795	2.4804483340538694	6.818620127957666	2.9431949450895032e-08	True	137	41	52	64	ok	4.112570356472795	17.0
Tacstd2	Macrophage M1_quanTIseq	mouse_line_residual	pan-cancer	baseline	294	0.19738579646924337	0.19738579646924337	0.19738579646924337	True	239	150	0.0006650656221742095	0.16524602867105775	0.16524602867105775	True	178	116	2.0420054200542004	1.223455736433161	3.4082035102367043	0.008272730168544302	True	137	41	72	44	ok	2.0420054200542004	17.0
Tacstd2	Macrophage M1_xCell	mouse_line_residual	pan-cancer	baseline	294	-0.17682197913890968	0.17682197913890968	-0.17682197913890968	True	239	276	0.002342616978398951	-0.18084075939558308	0.18084075939558308	True	178	116	0.6307884856070087	0.39331287502245915	1.0116478224916046	0.05743949759534333	True	84	94	68	48	ok	1.5853174603174605	17.0
Tacstd2	Macrophage M2_quanTIseq	mouse_line_residual	pan-cancer	baseline	294	0.051379208637677434	0.051379208637677434	0.051379208637677434	True	239	254	0.38005396905466005	0.02508717551336681	0.02508717551336681	True	178	116	1.6795306388526725	1.0444955067975483	2.7006561047769244	0.039420672662400305	True	113	65	59	57	ok	1.6795306388526725	17.0
Tacstd2	Macrophage M2_xCell	mouse_line_residual	pan-cancer	baseline	294	-0.13290475808929184	0.13290475808929184	-0.13290475808929184	True	239	275	0.02265196104394146	-0.13197404106935295	0.13197404106935295	True	178	116	0.7501267962806425	0.46888146418962123	1.2000692146591274	0.23543002539982416	True	87	91	65	51	ok	1.3331079558260084	17.0
Tacstd2	Macrophage_EPIC	mouse_line_residual	pan-cancer	baseline	294	-0.01347938948796764	0.01347938948796764	-0.01347938948796764	True	239	285	0.8179757993095722	0.01932390546299878	0.01932390546299878	True	178	116	0.8907624633431085	0.5575947661476577	1.4230007422468627	0.6352259342122104	True	90	88	62	54	ok	1.1226337448559671	17.0
Tacstd2	Macrophage_TIMER	mouse_line_residual	pan-cancer	baseline	294	-0.02257123234564432	0.02257123234564432	-0.02257123234564432	True	239	239	0.6999289198692908	-0.0345796203022084	0.0345796203022084	True	178	116	0.8263988522238163	0.5151370335518854	1.3257347433322408	0.47172019311476754	True	96	82	68	48	ok	1.2100694444444446	17.0
Tacstd2	Macrophage_xCell	mouse_line_residual	pan-cancer	baseline	294	-0.17733252827373355	0.17733252827373355	-0.17733252827373355	True	239	263	0.0022740533331880607	-0.16437427353738865	0.16437427353738865	True	178	116	0.6307884856070087	0.39331287502245915	1.0116478224916046	0.05743949759534333	True	84	94	68	48	ok	1.5853174603174605	17.0
Tacstd2	Macrophages M0_CIBERSORT_abs	mouse_line_residual	pan-cancer	baseline	294	0.2987416832543507	0.2987416832543507	0.2987416832543507	True	239	119	1.787077763041268e-07	0.28680743897714067	0.28680743897714067	True	178	116	3.005274261603376	1.6811023450972964	5.372470875313064	0.0002068954470959723	True	154	24	79	37	ok	3.005274261603376	17.0
Tacstd2	Macrophages M1_CIBERSORT_abs	mouse_line_residual	pan-cancer	baseline	294	0.012749082463323189	0.012749082463323189	0.012749082463323189	True	239	272	0.8276793638975486	0.02901007361487795	0.02901007361487795	True	178	116	1.0555777688924428	0.6605896149641405	1.6867422692384184	0.9048363450856901	True	96	82	61	55	ok	1.0555777688924428	17.0
Tacstd2	Macrophages M2_CIBERSORT_abs	mouse_line_residual	pan-cancer	baseline	294	0.15352072057500343	0.15352072057500343	0.15352072057500343	True	239	275	0.008370029384193015	0.15488182874854717	0.15488182874854717	True	178	116	1.489610699785049	0.93101731120354	2.383349922941439	0.12046317152842503	True	99	79	53	63	ok	1.489610699785049	17.0
Tacstd2	Macrophages_mMCPcounter	mouse_line_residual	pan-cancer	baseline	209	0.09295880637678904	0.09295880637678904	0.09295880637678904	True	161	203	0.18065838047183783	0.042631172839506126	0.042631172839506126	True	128	81	0.988479262672811	0.5663819007895275	1.7251456153032683	1.0	True	66	62	42	39	ok	1.0116550116550116	11.0
Tacstd2	Mast activated_CIBERSORT_abs	mouse_line_residual	pan-cancer	baseline	294	0.03481311380604484	0.03481311380604484	0.03481311380604484	True	239	173	0.5521390239819377	-0.036080976365749695	0.036080976365749695	True	178	116	0.5671031096563012	0.3221400773027132	0.9983419004386576	0.05455740221147148	True	126	52	94	22	ok	1.7633477633477632	17.0
Tacstd2	Mast resting_CIBERSORT_abs	mouse_line_residual	pan-cancer	baseline	294	-0.00898291639768403	0.00898291639768403	-0.00898291639768403	True	239	131	0.8781050246939682	0.009298721425804013	0.009298721425804013	True	178	116					False	147	31	89	27	split collapsed or empty cell		17.0
Tacstd2	Mast_mMCPcounter	mouse_line_residual	pan-cancer	baseline	294	-0.07741391301526843	0.07741391301526843	-0.07741391301526843	True	239	191	0.18560113914004683	-0.13928709802402173	0.13928709802402173	True	178	116	1.061900610287707	0.6516406540427069	1.7304520507333214	0.9007369207104454	True	116	62	74	42	ok	1.061900610287707	17.0
Tacstd2	Mast_xCell	mouse_line_residual	pan-cancer	baseline	294	-0.0594489654680416	0.0594489654680416	-0.0594489654680416	True	239	275	0.30967997790388757	-0.09671638899651303	0.09671638899651303	True	178	116	0.8412698412698413	0.5264182200069099	1.3444347458583292	0.4766806358100224	True	89	89	63	53	ok	1.1886792452830188	17.0
Tacstd2	Memory B_mMCPcounter	mouse_line_residual	pan-cancer	baseline	293	0.038100540781205526	0.038100540781205526	0.038100540781205526	True	239	164	0.5159349136110033	0.04753555425676992	0.04753555425676992	True	177	116	1.6041139240506328	0.9481001539239476	2.714039725321602	0.07986259279449098	True	137	40	79	37	ok	1.6041139240506328	17.0
Tacstd2	Monocyte_quanTIseq	mouse_line_residual	pan-cancer	baseline	294	0.007041036524406425	0.007041036524406425	0.007041036524406425	True	239	118	0.9043121954658406	-0.003196435490120053	0.003196435490120053	True	178	116	0.5965323336457357	0.327993418114008	1.0849328231371285	0.10953326942953726	True	134	44	97	19	ok	1.6763550667714062	17.0
Tacstd2	Monocyte_xCell	mouse_line_residual	pan-cancer	baseline	294	-0.02741470088112321	0.02741470088112321	-0.02741470088112321	True	239	239	0.6396775318124612	0.03172220069740406	0.03172220069740406	True	178	116	1.0555777688924428	0.6605896149641405	1.6867422692384184	0.9048363450856901	True	96	82	61	55	ok	1.0555777688924428	17.0
Tacstd2	Monocytes_CIBERSORT_abs	mouse_line_residual	pan-cancer	baseline	294	-0.17929883701083466	0.17929883701083466	-0.17929883701083466	True	239	169	0.0020267364778118247	-0.2653525765207284	0.2653525765207284	True	178	116	0.49881538181155455	0.2869504191780627	0.8671072370081032	0.016347292757714918	True	119	59	93	23	ok	2.0047497259773475	17.0
Tacstd2	Monocytes_mMCPcounter	mouse_line_residual	pan-cancer	baseline	294	0.09926826443205862	0.09926826443205862	0.09926826443205862	True	239	282	0.089310868941155	0.08247772181325064	0.08247772181325064	True	178	116	1.4064814814814817	0.8795951323612311	2.2489780638507932	0.18897017528486726	True	98	80	54	62	ok	1.4064814814814817	17.0
Tacstd2	Myeloid dendritic activated_xCell	mouse_line_residual	pan-cancer	baseline	294	-0.13276216219939435	0.13276216219939435	-0.13276216219939435	True	239	263	0.02279895898247973	-0.12713095699341337	0.12713095699341337	True	178	116	0.6684320333814797	0.417177254348862	1.0710108918758658	0.09652735123069298	True	85	93	67	49	ok	1.4960384153661463	17.0
Tacstd2	Myeloid dendritic_xCell	mouse_line_residual	pan-cancer	baseline	294	-0.21857892769031903	0.21857892769031903	-0.21857892769031903	True	239	193	0.00015830790302771614	-0.2222491282448663	0.2222491282448663	True	178	116	0.5613095238095237	0.3492047566214556	0.9022453891165468	0.017465213911843223	True	82	96	70	46	ok	1.7815482502651117	17.0
Tacstd2	NK activated_CIBERSORT_abs	mouse_line_residual	pan-cancer	baseline	294	-0.10342546760186587	0.10342546760186587	-0.10342546760186587	True	239	192	0.0766316050613586	-0.09206702828361102	0.09206702828361102	True	178	116	0.674698795180723	0.4071129359852395	1.1181626128304205	0.13198933427626663	True	112	66	83	33	ok	1.482142857142857	17.0
Tacstd2	NK resting_CIBERSORT_abs	mouse_line_residual	pan-cancer	baseline	294	0.0853318556986345	0.0853318556986345	0.0853318556986345	True	239	178	0.14440914091915785	0.0730337078651686	0.0730337078651686	True	178	116	1.9310344827586208	1.1943019376167734	3.1222373975578184	0.009957147113742345	True	120	58	60	56	ok	1.9310344827586208	17.0
Tacstd2	NK_EPIC	mouse_line_residual	pan-cancer	baseline	294	0.0955218425340076	0.0955218425340076	0.0955218425340076	True	239	285	0.10212855479114662	0.01951762882603636	0.01951762882603636	True	178	116	1.254355400696864	0.785151929647229	2.003952880768346	0.40334701227397346	True	96	82	56	60	ok	1.254355400696864	17.0
Tacstd2	NK_mMCPcounter	mouse_line_residual	pan-cancer	baseline	294	-0.042185051716594146	0.042185051716594146	-0.042185051716594146	True	239	181	0.4711787919344153	-0.07661759008136382	0.07661759008136382	True	178	116	0.9081891580161477	0.5377220709743576	1.5338919327665312	0.7905554716024719	True	127	51	85	31	ok	1.1010922021844043	17.0
Tacstd2	NK_quanTIseq	mouse_line_residual	pan-cancer	baseline	294	0.03147922302380498	0.03147922302380498	0.03147922302380498	True	239	285	0.5908600609872964	0.005860131731886931	0.005860131731886931	True	178	116	1.1847389558232932	0.7417832447411467	1.8922055781066758	0.5506206611326578	True	95	83	57	59	ok	1.1847389558232932	17.0
Tacstd2	NK_xCell	mouse_line_residual	pan-cancer	baseline	294	0.11732504998724905	0.11732504998724905	0.11732504998724905	True	239	73	0.044422422664000184	0.11347345989926394	0.11347345989926394	True	178	116	2.153650793650794	1.3191070152129636	3.5161754789423787	0.002624745928272658	True	128	50	63	53	ok	2.153650793650794	17.0
Tacstd2	Neutrophil_TIMER	mouse_line_residual	pan-cancer	baseline	294	0.09723779032429496	0.09723779032429496	0.09723779032429496	True	239	285	0.09608769586607847	0.07221038357225873	0.07221038357225873	True	178	116	1.4064814814814817	0.8795951323612311	2.2489780638507932	0.18897017528486726	True	98	80	54	62	ok	1.4064814814814817	17.0
Tacstd2	Neutrophil_quanTIseq	mouse_line_residual	pan-cancer	baseline	294	0.22547679707611443	0.22547679707611443	0.22547679707611443	True	239	271	9.619641708231617e-05	0.22970747772181332	0.22970747772181332	True	178	116	1.750326797385621	1.0915858159642022	2.8065992181659807	0.023258247740135903	True	103	75	51	65	ok	1.750326797385621	17.0
Tacstd2	Neutrophil_xCell	mouse_line_residual	pan-cancer	baseline	294	0.006558042058110193	0.006558042058110193	0.006558042058110193	True	239	198	0.9108478498379516	0.08761139093374659	0.08761139093374659	True	178	116	1.0542495479204341	0.658913486311601	1.686780028607333	0.904568106426497	True	99	79	63	53	ok	1.0542495479204341	17.0
Tacstd2	Neutrophils_CIBERSORT_abs	mouse_line_residual	pan-cancer	baseline	294	0.03397743720967836	0.03397743720967836	0.03397743720967836	True	239	194	0.5617275637509913	0.011090662533901563	0.011090662533901563	True	178	116	0.9375	0.574213852734132	1.5306252989457996	0.8044688481235932	True	114	64	76	40	ok	1.0666666666666667	17.0
Tacstd2	Neutrophils_mMCPcounter	mouse_line_residual	pan-cancer	baseline	294	-0.05607740081877529	0.05607740081877529	-0.05607740081877529	True	239	132	0.337969388733682	-0.06097442851607904	0.06097442851607904	True	178	116					False	149	29	96	20	split collapsed or empty cell		17.0
Tacstd2	Plasma_CIBERSORT_abs	mouse_line_residual	pan-cancer	baseline	294	-0.06473651137936046	0.06473651137936046	-0.06473651137936046	True	239	261	0.2685394690799641	-0.07361487795428123	0.07361487795428123	True	178	116	0.6629431762991743	0.4121778710337648	1.0662718352621985	0.09453804353608163	True	91	87	71	45	ok	1.5084249084249086	17.0
Tacstd2	Plasmacytoid dendritic_xCell	mouse_line_residual	pan-cancer	baseline	294	0.07850518966770953	0.07850518966770953	0.07850518966770953	True	239	118	0.17945923731667207	0.10049399457574593	0.10049399457574593	True	178	116	1.43796992481203	0.8987949155837145	2.3005887870660993	0.1511640614731272	True	102	76	56	60	ok	1.43796992481203	17.0
Tacstd2	T CD4 Th1_xCell	mouse_line_residual	pan-cancer	baseline	294	-0.13921266716864183	0.13921266716864183	-0.13921266716864183	True	239	255	0.01691855374883497	-0.1141999225106548	0.1141999225106548	True	178	116	0.6482074263764405	0.4030299483584437	1.042535100234979	0.09311035771431506	True	90	88	71	45	ok	1.5427160493827161	17.0
Tacstd2	T CD4 Th2_xCell	mouse_line_residual	pan-cancer	baseline	294	-0.33563646050105944	0.33563646050105944	-0.33563646050105944	True	239	237	3.57924886858635e-09	-0.26937233630375823	0.26937233630375823	True	178	116	0.41676567656765673	0.2572333167317309	0.6752376844949758	0.0003505065831030489	True	77	101	75	41	ok	2.3994298384542287	17.0
Tacstd2	T CD4 central memory_xCell	mouse_line_residual	pan-cancer	baseline	294	0.03489848488554932	0.03489848488554932	0.03489848488554932	True	239	9	0.5511639969011102	0.049835335141418025	0.049835335141418025	True	178	116	0.5789232531500572	0.3187711450730294	1.0513879258458698	0.08297274846841018	True	133	45	97	19	ok	1.7273446774831818	17.0
Tacstd2	T CD4 effector memory_xCell	mouse_line_residual	pan-cancer	baseline	294	-0.13496696378184436	0.13496696378184436	-0.13496696378184436	True	239	164	0.020615961478570182	-0.17507748934521505	0.17507748934521505	True	178	116	0.6392081736909322	0.39692480835165656	1.0293815874348375	0.0723447416296879	True	91	87	72	44	ok	1.5644355644355648	17.0
Tacstd2	T CD4 memory activated_CIBERSORT_abs	mouse_line_residual	pan-cancer	baseline	294	0.14794109210155365	0.14794109210155365	0.14794109210155365	True	239	79	0.011090131702598637	0.13531576908175125	0.13531576908175125	True	178	116					False	162	16	95	21	split collapsed or empty cell		17.0
Tacstd2	T CD4 memory resting_CIBERSORT_abs	mouse_line_residual	pan-cancer	baseline	294	-0.09695653934706407	0.09695653934706407	-0.09695653934706407	True	239	132	0.09705784902805047	-0.07487407981402561	0.07487407981402561	True	178	116	0.5789232531500572	0.3187711450730294	1.0513879258458698	0.08297274846841018	True	133	45	97	19	ok	1.7273446774831818	17.0
Tacstd2	T CD4 memory_xCell	mouse_line_residual	pan-cancer	baseline	294	-0.20311887900358933	0.20311887900358933	-0.20311887900358933	True	239	176	0.00045741631872555505	-0.2110131731886865	0.2110131731886865	True	178	116	0.47068965517241373	0.28806229350775	0.7691001442379519	0.002558829306440698	True	91	87	80	36	ok	2.124542124542125	17.0
Tacstd2	T CD4 naive_CIBERSORT_abs	mouse_line_residual	pan-cancer	baseline	294	0.037428232616679886	0.037428232616679886	0.037428232616679886	True	239	71	0.5226599149319645	-0.005617977528089901	0.005617977528089901	True	178	116					False	169	9	112	4	split collapsed or empty cell		17.0
Tacstd2	T CD4 naive_xCell	mouse_line_residual	pan-cancer	baseline	294	-0.0012738987199426947	0.0012738987199426947	-0.0012738987199426947	True	239	23	0.9826475621206366	0.03734017822549407	0.03734017822549407	True	178	116	1.861111111111111	1.1213965538859754	3.088768692839615	0.018984458024402618	True	134	44	72	44	ok	1.861111111111111	17.0
Tacstd2	T CD4 nonregulatory_xCell	mouse_line_residual	pan-cancer	baseline	294	-0.05027127162937619	0.05027127162937619	-0.05027127162937619	True	239	26	0.3904266548804222	-0.05903719488570325	0.05903719488570325	True	178	116					False	146	32	93	23	split collapsed or empty cell		17.0
Tacstd2	T CD4_EPIC	mouse_line_residual	pan-cancer	baseline	294	0.014893343710421886	0.014893343710421886	0.014893343710421886	True	239	285	0.7992685297450549	-0.01583688492832236	0.01583688492832236	True	178	116	0.9430940267571132	0.5905074387853819	1.5062068398908108	0.8125193966256873	True	91	87	61	55	ok	1.0603396603396604	17.0
Tacstd2	T CD4_TIMER	mouse_line_residual	pan-cancer	baseline	294	-0.07058017721260042	0.07058017721260042	-0.07058017721260042	True	239	285	0.22760638446577405	-0.02954281286323135	0.02954281286323135	True	178	116	0.9430940267571132	0.5905074387853819	1.5062068398908108	0.8125193966256873	True	91	87	61	55	ok	1.0603396603396604	17.0
Tacstd2	T CD4_quanTIseq	mouse_line_residual	pan-cancer	baseline	294	0.031267132887304705	0.031267132887304705	0.031267132887304705	True	239	26	0.5933648255087343	-0.0025184037194885267	0.0025184037194885267	True	178	116					False	178	0	116	0	split collapsed or empty cell		17.0
Tacstd2	T CD8 central memory_xCell	mouse_line_residual	pan-cancer	baseline	294	-0.12736186268203234	0.12736186268203234	-0.12736186268203234	True	239	179	0.029006587639615704	-0.10388415342890356	0.10388415342890356	True	178	116	0.6197183098591549	0.3853165333441713	0.9967150390394662	0.055571630017946155	True	88	90	71	45	ok	1.6136363636363638	17.0
Tacstd2	T CD8 effector memory_xCell	mouse_line_residual	pan-cancer	baseline	294	0.08913665419130223	0.08913665419130223	0.08913665419130223	True	239	116	0.1272837485595857	0.07855482371173972	0.07855482371173972	True	178	116	1.1961290322580644	0.7470110675657564	1.9152656820371308	0.4726679577554176	True	103	75	62	54	ok	1.1961290322580644	17.0
Tacstd2	T CD8 naive_xCell	mouse_line_residual	pan-cancer	baseline	294	-0.1695365873748256	0.1695365873748256	-0.1695365873748256	True	239	246	0.0035489286453720794	-0.1901394808213871	0.1901394808213871	True	178	116	0.5613095238095237	0.3492047566214556	0.9022453891165468	0.017465213911843223	True	82	96	70	46	ok	1.7815482502651117	17.0
Tacstd2	T CD8_CIBERSORT_abs	mouse_line_residual	pan-cancer	baseline	294	-0.06731747649352783	0.06731747649352783	-0.06731747649352783	True	239	265	0.2498792267722115	-0.09274506005424255	0.09274506005424255	True	178	116	0.8412698412698413	0.5264182200069099	1.3444347458583292	0.4766806358100224	True	89	89	63	53	ok	1.1886792452830188	17.0
Tacstd2	T CD8_EPIC	mouse_line_residual	pan-cancer	baseline	294	-0.14230376781633086	0.14230376781633086	-0.14230376781633086	True	239	285	0.014604233747035953	-0.17270437814800466	0.17270437814800466	True	178	116	0.7501267962806425	0.46888146418962123	1.2000692146591274	0.23543002539982416	True	87	91	65	51	ok	1.3331079558260084	17.0
Tacstd2	T CD8_TIMER	mouse_line_residual	pan-cancer	baseline	294	0.10378551695654147	0.10378551695654147	0.10378551695654147	True	239	285	0.07560592014616115	0.05864974815962798	0.05864974815962798	True	178	116	1.4064814814814817	0.8795951323612311	2.2489780638507932	0.18897017528486726	True	98	80	54	62	ok	1.4064814814814817	17.0
Tacstd2	T CD8_quanTIseq	mouse_line_residual	pan-cancer	baseline	294	0.02203916977319962	0.02203916977319962	0.02203916977319962	True	239	165	0.7066723831574678	-0.008039519566059639	0.008039519566059639	True	178	116	1.329352608422376	0.7660679373707716	2.30681676038358	0.3224606462486249	True	141	37	86	30	ok	1.329352608422376	17.0
Tacstd2	T CD8_xCell	mouse_line_residual	pan-cancer	baseline	294	-0.007810959898851027	0.007810959898851027	-0.007810959898851027	True	239	140	0.8939074526419905	-0.030559860519178583	0.030559860519178583	True	178	116	0.9299698795180723	0.5814039265011102	1.487509694018564	0.8111309619559512	True	95	83	64	52	ok	1.0753036437246963	17.0
Tacstd2	T NK_xCell	mouse_line_residual	pan-cancer	baseline	294	-0.1046179430283163	0.1046179430283163	-0.1046179430283163	True	239	263	0.07327720450813933	-0.08877373111197207	0.08877373111197207	True	178	116	0.7944444444444444	0.4968781070355967	1.2702149005398349	0.3426160643917884	True	88	90	64	52	ok	1.2587412587412588	17.0
Tacstd2	T follicular helper_CIBERSORT_abs	mouse_line_residual	pan-cancer	baseline	294	0.11626974719042243	0.11626974719042243	0.11626974719042243	True	239	250	0.04638438534472661	0.1287776055792329	0.1287776055792329	True	178	116	1.4888248017303534	0.9297085701971036	2.384187218772754	0.11879207945007694	True	105	73	57	59	ok	1.4888248017303534	17.0
Tacstd2	T gamma delta_CIBERSORT_abs	mouse_line_residual	pan-cancer	baseline	294	0.024572480048249672	0.024572480048249672	0.024572480048249672	True	239	26	0.6747786037414183	0.024215420379697816	0.024215420379697816	True	178	116					False	178	0	116	0	split collapsed or empty cell		17.0
Tacstd2	T gamma delta_xCell	mouse_line_residual	pan-cancer	baseline	294	0.11032018596082699	0.11032018596082699	0.11032018596082699	True	239	36	0.05885036574227644	0.15618946144905066	0.15618946144905066	True	178	116	1.7294117647058826	0.982973273221566	3.042671793202421	0.05904007071153796	True	147	31	85	31	ok	1.7294117647058826	17.0
Tacstd2	T regulatory Tregs_xCell	mouse_line_residual	pan-cancer	baseline	294	-0.011038975863641174	0.011038975863641174	-0.011038975863641174	True	239	52	0.8505016356577668	-0.057729562185199534	0.057729562185199534	True	178	116	0.8868471953578336	0.5166575465880644	1.5222809636827723	0.6838597261941317	True	131	47	88	28	ok	1.127589967284624	17.0
Tacstd2	T_mMCPcounter	mouse_line_residual	pan-cancer	baseline	286	-0.046987270168081255	0.046987270168081255	-0.046987270168081255	True	233	271	0.4286031974872287	-0.08052738336713994	0.08052738336713994	True	170	116	0.7485411140583554	0.46587808125815455	1.2027047890352245	0.2781222241873236	True	83	87	65	51	ok	1.3359319631467044	17.0
Tacstd2	Treg_CIBERSORT_abs	mouse_line_residual	pan-cancer	baseline	294	-0.08203329222272977	0.08203329222272977	-0.08203329222272977	True	239	190	0.16063131063939917	-0.07138705927934907	0.07138705927934907	True	178	116	1.4127906976744184	0.8382204348743656	2.3812084177290807	0.22595654849892755	True	135	43	80	36	ok	1.4127906976744184	17.0
Tacstd2	Tregs_quanTIseq	mouse_line_residual	pan-cancer	baseline	294	-0.09660334201889054	0.09660334201889054	-0.09660334201889054	True	239	283	0.0982871940885401	-0.09976753196435495	0.09976753196435495	True	178	116	0.8412698412698413	0.5264182200069099	1.3444347458583292	0.4766806358100224	True	89	89	63	53	ok	1.1886792452830188	17.0
Cldn4	B derived_mMCPcounter	mouse	pan-cancer	baseline	299	0.39573778225691447	0.39573778225691447	0.39573778225691447	True	248	285	1.1902442614056847e-12	0.38407158836689037	0.38407158836689037	True	150	149	2.787627551020408	1.745106160494278	4.452948215486812	1.760313127936785e-05	True	94	56	56	93	ok	2.787627551020408	
Cldn4	B memory_CIBERSORT_abs	mouse	pan-cancer	baseline	299	0.38589647187805914	0.38589647187805914	0.38589647187805914	True	248	227	4.695523611113166e-12	0.4490380313199105	0.4490380313199105	True	150	149	4.206580591420241	2.595265385527261	6.818308590247868	2.739770961231111e-09	True	101	49	49	100	ok	4.206580591420241	
Cldn4	B memory_xCell	mouse	pan-cancer	baseline	299	0.07587790659639168	0.07587790659639168	0.07587790659639168	True	248	90	0.1907231173893115	0.15279642058165543	0.15279642058165543	True	150	149	1.5161505903319226	0.9610923938194329	2.3917706844277786	0.08309475619309045	True	83	67	67	82	ok	1.5161505903319226	
Cldn4	B naive_CIBERSORT_abs	mouse	pan-cancer	baseline	299	0.03146000964580817	0.03146000964580817	0.03146000964580817	True	248	115	0.5879218739497534	0.017539149888143202	0.017539149888143202	True	150	149					False	150	0	149	0	split collapsed or empty cell		
Cldn4	B naive_xCell	mouse	pan-cancer	baseline	299	-0.18923437087603623	0.18923437087603623	-0.18923437087603623	True	248	164	0.0010082248391072894	-0.24648769574944074	0.24648769574944074	True	150	149	0.3290858725761773	0.20546886650268567	0.5270750424264807	3.3897859900415117e-06	True	55	95	95	54	ok	3.038720538720539	
Cldn4	B plasma_xCell	mouse	pan-cancer	baseline	299	0.3047129126388168	0.3047129126388168	0.3047129126388168	True	248	296	7.64653103318856e-08	0.25659955257270695	0.25659955257270695	True	150	149	1.6005509641873277	1.0139025592804214	2.5266366728367844	0.04946736014206319	True	84	66	66	83	ok	1.6005509641873277	
Cldn4	B_EPIC	mouse	pan-cancer	baseline	299	0.18534541435528146	0.18534541435528146	0.18534541435528146	True	248	299	0.0012844266297419049	0.22639821029082774	0.22639821029082774	True	150	149	1.5161505903319226	0.9610923938194329	2.3917706844277786	0.08309475619309045	True	83	67	67	82	ok	1.5161505903319226	
Cldn4	B_TIMER	mouse	pan-cancer	baseline	299	-0.0427815374358543	0.0427815374358543	-0.0427815374358543	True	248	299	0.4611218508945468	-0.000984340044742682	0.000984340044742682	True	150	149	0.88649013324338	0.5632141880362842	1.3953213058745557	0.6442345431356061	True	73	77	77	72	ok	1.1280441400304415	
Cldn4	B_quanTIseq	mouse	pan-cancer	baseline	299	0.07828222642068738	0.07828222642068738	0.07828222642068738	True	248	299	0.17700670841388078	0.042416107382550416	0.042416107382550416	True	150	149	0.9352493074792244	0.5942769667281391	1.4718579317587945	0.8174057662190461	True	74	76	76	73	ok	1.0692336171788226	
Cldn4	B_xCell	mouse	pan-cancer	baseline	299	-0.14290042728992278	0.14290042728992278	-0.14290042728992278	True	248	198	0.013385838374499448	-0.13440715883668908	0.13440715883668908	True	150	149	0.5757785467128027	0.3643054670643902	0.9100081245723153	0.020764673142656884	True	65	85	85	64	ok	1.7367788461538463	
Cldn4	CD8 T_mMCPcounter	mouse	pan-cancer	baseline	292	0.22780447926734587	0.22780447926734587	0.22780447926734587	True	241	276	8.572854652081414e-05	0.214862075436292	0.214862075436292	True	146	146	1.9416823434560602	1.219481913119746	3.091583632629747	0.007001540084603223	True	85	61	61	85	ok	1.9416823434560602	
Cldn4	Classswitched memory B_xCell	mouse	pan-cancer	baseline	299	-0.06477784689157565	0.06477784689157565	-0.06477784689157565	True	248	206	0.26416752199059274	-0.04384787472035789	0.04384787472035789	True	150	149	0.9352493074792244	0.5942769667281391	1.4718579317587945	0.8174057662190461	True	74	76	76	73	ok	1.0692336171788226	
Cldn4	Dendritic activated_CIBERSORT_abs	mouse	pan-cancer	baseline	299	0.05244647315424501	0.05244647315424501	0.05244647315424501	True	248	47	0.36615037463426675	0.04026845637583887	0.04026845637583887	True	150	149					False	150	0	149	0	split collapsed or empty cell		
Cldn4	Dendritic resting_CIBERSORT_abs	mouse	pan-cancer	baseline	299	0.5983215685085166	0.5983215685085166	0.5983215685085166	True	248	255	2.0220005931869657e-30	0.6268456375838927	0.6268456375838927	True	150	149	9.244704163623082	5.467059714894043	15.632636102378179	8.244889754944647e-19	True	113	37	37	112	ok	9.244704163623082	
Cldn4	Dendritic_TIMER	mouse	pan-cancer	baseline	299	0.01730228016528795	0.01730228016528795	0.01730228016528795	True	248	299	0.7657386421072216	-0.01977628635346751	0.01977628635346751	True	150	149	1.0409057706355003	0.6614404086785701	1.638068689372755	0.9080982664413741	True	76	74	74	75	ok	1.0409057706355003	
Cldn4	Dendritic_quanTIseq	mouse	pan-cancer	baseline	299	0.07856558595097082	0.07856558595097082	0.07856558595097082	True	248	269	0.17543961395005442	-0.034541387024608516	0.034541387024608516	True	150	149	0.6418928726956017	0.4067620740045296	1.0129421751665661	0.06448759704485538	True	67	83	83	66	ok	1.557892356399819	
Cldn4	Eosinophil_xCell	mouse	pan-cancer	baseline	299	0.1340163789907307	0.1340163789907307	0.1340163789907307	True	248	92	0.02044281387328321	0.15847874720357935	0.15847874720357935	True	150	149	1.3610586011342156	0.86373646455376	2.1447288516162066	0.20394969874815808	True	81	69	69	80	ok	1.3610586011342156	
Cldn4	Eosinophils_CIBERSORT_abs	mouse	pan-cancer	baseline	299	-0.2820003797075047	0.2820003797075047	-0.2820003797075047	True	248	172	7.167096923654254e-07	-0.28026845637583897	0.28026845637583897	True	150	149	0.3485740153915799	0.21802582178799593	0.5572910731847044	1.0302707177579964e-05	True	56	94	94	55	ok	2.8688311688311687	
Cldn4	Eosinophils_mMCPcounter	mouse	pan-cancer	baseline	290	0.36581156770540046	0.36581156770540046	0.36581156770540046	True	239	281	1.3035046460257934e-10	0.3437812128418549	0.3437812128418549	True	145	145	2.525829081632653	1.574254432877486	4.052593034761206	0.00016154589019370483	True	89	56	56	89	ok	2.525829081632653	
Cldn4	Granulocytes_mMCPcounter	mouse	pan-cancer	baseline	299	0.4468621890942545	0.4468621890942545	0.4468621890942545	True	248	214	4.401184438323762e-16	0.40903803131991046	0.40903803131991046	True	150	149	4.206580591420241	2.595265385527261	6.818308590247868	2.739770961231111e-09	True	101	49	49	100	ok	4.206580591420241	
Cldn4	Macrophage M1_quanTIseq	mouse	pan-cancer	baseline	299	0.3943398622202304	0.3943398622202304	0.3943398622202304	True	248	155	1.4504863508700602e-12	0.34451901565995535	0.34451901565995535	True	150	149	3.96	2.449147686704616	6.402880514363734	1.1382353606797908e-08	True	100	50	50	99	ok	3.96	
Cldn4	Macrophage M1_xCell	mouse	pan-cancer	baseline	299	0.3696720463077315	0.3696720463077315	0.3696720463077315	True	248	290	4.0911021954631146e-11	0.35847874720357953	0.35847874720357953	True	150	149	2.63342566943675	1.6512522861357894	4.199800850951316	4.928548887715462e-05	True	93	57	57	92	ok	2.63342566943675	
Cldn4	Macrophage M2_quanTIseq	mouse	pan-cancer	baseline	299	0.19704198273872514	0.19704198273872514	0.19704198273872514	True	248	268	0.000611286669731832	0.16281879194630866	0.16281879194630866	True	150	149	1.2897959183673469	0.8188639698735046	2.031562716447337	0.2986900693463641	True	80	70	70	79	ok	1.2897959183673469	
Cldn4	Macrophage M2_xCell	mouse	pan-cancer	baseline	299	0.017421533639666118	0.017421533639666118	0.017421533639666118	True	248	282	0.7641714895591915	-0.02210290827740491	0.02210290827740491	True	150	149	1.0409057706355003	0.6614404086785701	1.638068689372755	0.9080982664413741	True	76	74	74	75	ok	1.0409057706355003	
Cldn4	Macrophage_EPIC	mouse	pan-cancer	baseline	299	0.32191447631295034	0.32191447631295034	0.32191447631295034	True	248	299	1.2306375113246302e-08	0.32420581655480984	0.32420581655480984	True	150	149	2.488703923900119	1.5628795733762442	3.962971508710611	0.00013074229947859862	True	92	58	58	91	ok	2.488703923900119	
Cldn4	Macrophage_TIMER	mouse	pan-cancer	baseline	299	-0.012254429219842771	0.012254429219842771	-0.012254429219842771	True	248	243	0.8328722576658587	-0.04733780760626394	0.04733780760626394	True	150	149	1.0409057706355003	0.6614404086785701	1.638068689372755	0.9080982664413741	True	76	74	74	75	ok	1.0409057706355003	
Cldn4	Macrophage_xCell	mouse	pan-cancer	baseline	299	0.2804072540120277	0.2804072540120277	0.2804072540120277	True	248	270	8.32479699253366e-07	0.24393736017897094	0.24393736017897094	True	150	149	1.689940828402367	1.069706504058754	2.6697977367298655	0.028073740403817517	True	85	65	65	84	ok	1.689940828402367	
Cldn4	Macrophages M0_CIBERSORT_abs	mouse	pan-cancer	baseline	299	0.1385692312609392	0.1385692312609392	0.1385692312609392	True	248	123	0.016501639675097646	0.043310961968680006	0.043310961968680006	True	150	149					False	150	0	149	0	split collapsed or empty cell		
Cldn4	Macrophages M1_CIBERSORT_abs	mouse	pan-cancer	baseline	299	0.25887361040771456	0.25887361040771456	0.25887361040771456	True	248	279	5.75660833883647e-06	0.2265771812080537	0.2265771812080537	True	150	149	2.1048105348024726	1.3270421992555121	3.3384223876986625	0.0017761543246178411	True	89	61	61	88	ok	2.1048105348024726	
Cldn4	Macrophages M2_CIBERSORT_abs	mouse	pan-cancer	baseline	299	0.3908063547765292	0.3908063547765292	0.3908063547765292	True	248	287	2.381165422557623e-12	0.3313646532438479	0.3313646532438479	True	150	149	3.1275720164609053	1.950933146348833	5.013860539740059	1.9055198863385897e-06	True	96	54	54	95	ok	3.1275720164609053	
Cldn4	Macrophages_mMCPcounter	mouse	pan-cancer	baseline	212	0.2193304395807728	0.2193304395807728	0.2193304395807728	True	168	212	0.0013097175018904296	0.19384122463510156	0.19384122463510156	True	106	106	2.1465657111952403	1.2405658906479942	3.714227827167108	0.00890057764138315	True	63	43	43	63	ok	2.1465657111952403	
Cldn4	Mast activated_CIBERSORT_abs	mouse	pan-cancer	baseline	299	0.03705097028517383	0.03705097028517383	0.03705097028517383	True	248	172	0.5233390804598317	-0.008814317673378036	0.008814317673378036	True	150	149	0.9866666666666666	0.6269869288508799	1.5526816689708804	1.0	True	75	75	75	74	ok	1.0135135135135136	
Cldn4	Mast resting_CIBERSORT_abs	mouse	pan-cancer	baseline	299	0.11539339649400376	0.11539339649400376	0.11539339649400376	True	248	133	0.046190859886090736	0.166979865771812	0.166979865771812	True	150	149					False	150	0	149	0	split collapsed or empty cell		
Cldn4	Mast_mMCPcounter	mouse	pan-cancer	baseline	299	0.3078245401009772	0.3078245401009772	0.3078245401009772	True	248	198	5.542159851666582e-08	0.32178970917225946	0.32178970917225946	True	150	149	2.9520661157024795	1.8448507386575121	4.7237937296869665	5.953518350982923e-06	True	95	55	55	94	ok	2.9520661157024795	
Cldn4	Mast_xCell	mouse	pan-cancer	baseline	299	0.010470036266834822	0.010470036266834822	0.010470036266834822	True	248	284	0.856924543884123	-0.043042505592841174	0.043042505592841174	True	150	149	0.7546875	0.4790361818632744	1.188956584533756	0.24816187169398765	True	70	80	80	69	ok	1.3250517598343685	
Cldn4	Memory B_mMCPcounter	mouse	pan-cancer	baseline	298	-0.043329090287327746	0.043329090287327746	-0.043329090287327746	True	247	168	0.45616136800469353	-0.09085176343407952	0.09085176343407952	True	149	149	0.8285667324128861	0.5258607025597498	1.3055222166622398	0.4870327282936498	True	71	78	78	71	ok	1.2069033921840906	
Cldn4	Monocyte_quanTIseq	mouse	pan-cancer	baseline	299	-0.24396157918999767	0.24396157918999767	-0.24396157918999767	True	248	122	1.995055215658105e-05	-0.06366890380313195	0.06366890380313195	True	150	149					False	150	0	149	0	split collapsed or empty cell		
Cldn4	Monocyte_xCell	mouse	pan-cancer	baseline	299	0.06544452418126485	0.06544452418126485	0.06544452418126485	True	248	251	0.2592729121227002	0.041208053691275115	0.041208053691275115	True	150	149	1.0409057706355003	0.6614404086785701	1.638068689372755	0.9080982664413741	True	76	74	74	75	ok	1.0409057706355003	
Cldn4	Monocytes_CIBERSORT_abs	mouse	pan-cancer	baseline	299	-0.1305615824307645	0.1305615824307645	-0.1305615824307645	True	248	166	0.023955802566806836	-0.10541387024608506	0.10541387024608506	True	150	149	0.5757785467128027	0.3643054670643902	0.9100081245723153	0.020764673142656884	True	65	85	85	64	ok	1.7367788461538463	
Cldn4	Monocytes_mMCPcounter	mouse	pan-cancer	baseline	299	-0.11310955413145557	0.11310955413145557	-0.11310955413145557	True	248	295	0.05070956627913483	-0.08778523489932888	0.08778523489932888	True	150	149	0.6418928726956017	0.4067620740045296	1.0129421751665661	0.06448759704485538	True	67	83	83	66	ok	1.557892356399819	
Cldn4	Myeloid dendritic activated_xCell	mouse	pan-cancer	baseline	299	0.12843975540928992	0.12843975540928992	0.12843975540928992	True	248	273	0.026362176909944107	0.08966442953020137	0.08966442953020137	True	150	149	1.1585648148148147	0.7359974811960283	1.8237459562302223	0.5637777660566738	True	78	72	72	77	ok	1.1585648148148147	
Cldn4	Myeloid dendritic_xCell	mouse	pan-cancer	baseline	299	0.3429837501408233	0.3429837501408233	0.3429837501408233	True	248	202	1.117365311102074e-09	0.3653691275167785	0.3653691275167785	True	150	149	2.9520661157024795	1.8448507386575121	4.7237937296869665	5.953518350982923e-06	True	95	55	55	94	ok	2.9520661157024795	
Cldn4	NK activated_CIBERSORT_abs	mouse	pan-cancer	baseline	299	0.15649012958118233	0.15649012958118233	0.15649012958118233	True	248	194	0.006700834499291319	0.1358836689038032	0.1358836689038032	True	150	149	2.225	1.4011056877697676	3.533370139893042	0.0007843987149579245	True	90	60	60	89	ok	2.225	
Cldn4	NK resting_CIBERSORT_abs	mouse	pan-cancer	baseline	299	0.18419336339398587	0.18419336339398587	0.18419336339398587	True	248	175	0.0013786921315462198	0.21798657718120795	0.21798657718120795	True	150	149	1.689940828402367	1.069706504058754	2.6697977367298655	0.028073740403817517	True	85	65	65	84	ok	1.689940828402367	
Cldn4	NK_EPIC	mouse	pan-cancer	baseline	299	0.10420516074528219	0.10420516074528219	0.10420516074528219	True	248	299	0.07198238823009279	0.16080536912751686	0.16080536912751686	True	150	149	1.5161505903319226	0.9610923938194329	2.3917706844277786	0.08309475619309045	True	83	67	67	82	ok	1.5161505903319226	
Cldn4	NK_mMCPcounter	mouse	pan-cancer	baseline	299	0.11024976458932145	0.11024976458932145	0.11024976458932145	True	248	186	0.05688152329193633	0.08263982102908285	0.08263982102908285	True	150	149	1.2897959183673469	0.8188639698735046	2.031562716447337	0.2986900693463641	True	80	70	70	79	ok	1.2897959183673469	
Cldn4	NK_quanTIseq	mouse	pan-cancer	baseline	299	-0.03643101587043529	0.03643101587043529	-0.03643101587043529	True	248	299	0.5303178731665352	-0.0410738255033557	0.0410738255033557	True	150	149	0.6775728732897085	0.42964685690717047	1.068563615065071	0.1058064357416715	True	68	82	82	67	ok	1.47585601404741	
Cldn4	NK_xCell	mouse	pan-cancer	baseline	299	0.08355421318906346	0.08355421318906346	0.08355421318906346	True	248	74	0.14951209462234016	0.08787472035794175	0.08787472035794175	True	150	149	1.3610586011342156	0.86373646455376	2.1447288516162066	0.20394969874815808	True	81	69	69	80	ok	1.3610586011342156	
Cldn4	Neutrophil_TIMER	mouse	pan-cancer	baseline	299	-0.07024339217097364	0.07024339217097364	-0.07024339217097364	True	248	299	0.22588368872739223	-0.12026845637583894	0.12026845637583894	True	150	149	0.8402366863905325	0.5337084805425532	1.3228151976128326	0.4884784746879295	True	72	78	78	71	ok	1.1901408450704225	
Cldn4	Neutrophil_quanTIseq	mouse	pan-cancer	baseline	299	0.3983909617867915	0.3983909617867915	0.3983909617867915	True	248	279	8.156988368632478e-13	0.3797762863534675	0.3797762863534675	True	150	149	3.5155325443786984	2.184113356303558	5.658574924656089	1.650492067953942e-07	True	98	52	52	97	ok	3.5155325443786984	
Cldn4	Neutrophil_xCell	mouse	pan-cancer	baseline	299	0.24602634695795325	0.24602634695795325	0.24602634695795325	True	248	203	1.6873684092911373e-05	0.1845190156599552	0.1845190156599552	True	150	149	1.689940828402367	1.069706504058754	2.6697977367298655	0.028073740403817517	True	85	65	65	84	ok	1.689940828402367	
Cldn4	Neutrophils_CIBERSORT_abs	mouse	pan-cancer	baseline	299	0.24511277674640347	0.24511277674640347	0.24511277674640347	True	248	198	1.8175019985785943e-05	0.23096196868008945	0.23096196868008945	True	150	149	2.1048105348024726	1.3270421992555121	3.3384223876986625	0.0017761543246178411	True	89	61	61	88	ok	2.1048105348024726	
Cldn4	Neutrophils_mMCPcounter	mouse	pan-cancer	baseline	299	0.6373628199612911	0.6373628199612911	0.6373628199612911	True	248	138	1.7413007521786315e-35	0.627427293064877	0.627427293064877	True	150	149					False	150	0	149	0	split collapsed or empty cell		
Cldn4	Plasma_CIBERSORT_abs	mouse	pan-cancer	baseline	299	0.28136418308630357	0.28136418308630357	0.28136418308630357	True	248	267	7.609585988707747e-07	0.28134228187919463	0.28134228187919463	True	150	149	2.1048105348024726	1.3270421992555121	3.3384223876986625	0.0017761543246178411	True	89	61	61	88	ok	2.1048105348024726	
Cldn4	Plasmacytoid dendritic_xCell	mouse	pan-cancer	baseline	299	0.028278885810397975	0.028278885810397975	0.028278885810397975	True	248	118	0.6262322097072691	0.019105145413870206	0.019105145413870206	True	150	149	1.0409057706355003	0.6614404086785701	1.638068689372755	0.9080982664413741	True	76	74	74	75	ok	1.0409057706355003	
Cldn4	T CD4 Th1_xCell	mouse	pan-cancer	baseline	299	0.10502945748006015	0.10502945748006015	0.10502945748006015	True	248	261	0.06974843542521826	0.09351230425055923	0.09351230425055923	True	150	149	1.689940828402367	1.069706504058754	2.6697977367298655	0.028073740403817517	True	85	65	65	84	ok	1.689940828402367	
Cldn4	T CD4 Th2_xCell	mouse	pan-cancer	baseline	299	-0.10896397210509258	0.10896397210509258	-0.10896397210509258	True	248	242	0.05985257209684611	-0.11409395973154357	0.11409395973154357	True	150	149	0.6418928726956017	0.4067620740045296	1.0129421751665661	0.06448759704485538	True	67	83	83	66	ok	1.557892356399819	
Cldn4	T CD4 central memory_xCell	mouse	pan-cancer	baseline	299	-0.15550545639422342	0.15550545639422342	-0.15550545639422342	True	248	9	0.007058201879564485	-0.1660850111856823	0.1660850111856823	True	150	149					False	150	0	149	0	split collapsed or empty cell		
Cldn4	T CD4 effector memory_xCell	mouse	pan-cancer	baseline	299	0.10017387780601697	0.10017387780601697	0.10017387780601697	True	248	166	0.08376167907454085	0.1587472035794184	0.1587472035794184	True	150	149	1.78466796875	1.128701098630668	2.8218629028945914	0.015175386413534041	True	86	64	64	85	ok	1.78466796875	
Cldn4	T CD4 memory activated_CIBERSORT_abs	mouse	pan-cancer	baseline	299	-0.15627505762384442	0.15627505762384442	-0.15627505762384442	True	248	77	0.006777479192872279	-0.10049217002237132	0.10049217002237132	True	150	149					False	150	0	149	0	split collapsed or empty cell		
Cldn4	T CD4 memory resting_CIBERSORT_abs	mouse	pan-cancer	baseline	299	-0.1306476698219926	0.1306476698219926	-0.1306476698219926	True	248	128	0.02386230836334985	-0.08429530201342283	0.08429530201342283	True	150	149					False	150	0	149	0	split collapsed or empty cell		
Cldn4	T CD4 memory_xCell	mouse	pan-cancer	baseline	299	0.029489465625516423	0.029489465625516423	0.029489465625516423	True	248	177	0.6115268973044985	0.05208053691275172	0.05208053691275172	True	150	149	0.9866666666666666	0.6269869288508799	1.5526816689708804	1.0	True	75	75	75	74	ok	1.0135135135135136	
Cldn4	T CD4 naive_CIBERSORT_abs	mouse	pan-cancer	baseline	299	0.16045452876958982	0.16045452876958982	0.16045452876958982	True	248	70	0.00542022124053561	0.12935123042505592	0.12935123042505592	True	150	149					False	150	0	149	0	split collapsed or empty cell		
Cldn4	T CD4 naive_xCell	mouse	pan-cancer	baseline	299	0.025101631810794802	0.025101631810794802	0.025101631810794802	True	248	24	0.6655249599774867	0.039597315436241676	0.039597315436241676	True	150	149	1.0409057706355003	0.6614404086785701	1.638068689372755	0.9080982664413741	True	76	74	74	75	ok	1.0409057706355003	
Cldn4	T CD4 nonregulatory_xCell	mouse	pan-cancer	baseline	299	0.04002848203148009	0.04002848203148009	0.04002848203148009	True	248	26	0.49048706148177157	0.013914988814317741	0.013914988814317741	True	150	149	1.0409057706355003	0.6614404086785701	1.638068689372755	0.9080982664413741	True	76	74	74	75	ok	1.0409057706355003	
Cldn4	T CD4_EPIC	mouse	pan-cancer	baseline	299	-0.01849764334381382	0.01849764334381382	-0.01849764334381382	True	248	299	0.7500741068442748	0.017807606263982034	0.017807606263982034	True	150	149	0.8402366863905325	0.5337084805425532	1.3228151976128326	0.4884784746879295	True	72	78	78	71	ok	1.1901408450704225	
Cldn4	T CD4_TIMER	mouse	pan-cancer	baseline	299	0.11318422136861907	0.11318422136861907	0.11318422136861907	True	248	299	0.050556211228208844	0.1702013422818791	0.1702013422818791	True	150	149	1.4364186851211074	0.9110934898885038	2.2646398661212577	0.13319404931496048	True	82	68	68	81	ok	1.4364186851211074	
Cldn4	T CD4_quanTIseq	mouse	pan-cancer	baseline	299	0.08129622566291193	0.08129622566291193	0.08129622566291193	True	248	26	0.16086243735269226	0.0611633109619687	0.0611633109619687	True	150	149					False	150	0	149	0	split collapsed or empty cell		
Cldn4	T CD8 central memory_xCell	mouse	pan-cancer	baseline	299	0.06137944930471268	0.06137944930471268	0.06137944930471268	True	248	183	0.29010011213812437	0.04644295302013424	0.04644295302013424	True	150	149	1.1585648148148147	0.7359974811960283	1.8237459562302223	0.5637777660566738	True	78	72	72	77	ok	1.1585648148148147	
Cldn4	T CD8 effector memory_xCell	mouse	pan-cancer	baseline	299	-0.07977366889163057	0.07977366889163057	-0.07977366889163057	True	248	118	0.16887385150848186	-0.0721700223713646	0.0721700223713646	True	150	149	0.88649013324338	0.5632141880362842	1.3953213058745557	0.6442345431356061	True	73	77	77	72	ok	1.1280441400304415	
Cldn4	T CD8 naive_xCell	mouse	pan-cancer	baseline	299	0.13571371169085494	0.13571371169085494	0.13571371169085494	True	248	248	0.01888709643142176	0.09225950782997772	0.09225950782997772	True	150	149	1.2223765125967072	0.7763296981770602	1.924703308474101	0.4189714365013967	True	79	71	71	78	ok	1.2223765125967072	
Cldn4	T CD8_CIBERSORT_abs	mouse	pan-cancer	baseline	299	0.19641867565046883	0.19641867565046883	0.19641867565046883	True	248	273	0.0006366486984103843	0.21306487695749432	0.21306487695749432	True	150	149	1.8851095993953138	1.191098916590837	2.9834954530087083	0.007807140657862368	True	87	63	63	86	ok	1.8851095993953138	
Cldn4	T CD8_EPIC	mouse	pan-cancer	baseline	299	0.05303110735133039	0.05303110735133039	0.05303110735133039	True	248	299	0.36082417419531143	0.03418344519015659	0.03418344519015659	True	150	149	1.5161505903319226	0.9610923938194329	2.3917706844277786	0.08309475619309045	True	83	67	67	82	ok	1.5161505903319226	
Cldn4	T CD8_TIMER	mouse	pan-cancer	baseline	299	-0.04821613137097426	0.04821613137097426	-0.04821613137097426	True	248	299	0.4061284960453711	-0.13906040268456377	0.13906040268456377	True	150	149	0.7151348879743942	0.45371647431671674	1.1271750904974944	0.16574164805423136	True	69	81	81	68	ok	1.3983375959079283	
Cldn4	T CD8_quanTIseq	mouse	pan-cancer	baseline	299	0.15152041244830122	0.15152041244830122	0.15152041244830122	True	248	168	0.008684592911459586	0.14644295302013433	0.14644295302013433	True	150	149	1.5161505903319226	0.9610923938194329	2.3917706844277786	0.08309475619309045	True	83	67	67	82	ok	1.5161505903319226	
Cldn4	T CD8_xCell	mouse	pan-cancer	baseline	299	-0.09240715439956476	0.09240715439956476	-0.09240715439956476	True	248	144	0.11080402050479424	-0.08402684563758389	0.08402684563758389	True	150	149	0.6775728732897085	0.42964685690717047	1.068563615065071	0.1058064357416715	True	68	82	82	67	ok	1.47585601404741	
Cldn4	T NK_xCell	mouse	pan-cancer	baseline	299	0.12356569568890088	0.12356569568890088	0.12356569568890088	True	248	266	0.03268815567433418	0.07489932885906048	0.07489932885906048	True	150	149	1.2223765125967072	0.7763296981770602	1.924703308474101	0.4189714365013967	True	79	71	71	78	ok	1.2223765125967072	
Cldn4	T follicular helper_CIBERSORT_abs	mouse	pan-cancer	baseline	299	0.3826279087584771	0.3826279087584771	0.3826279087584771	True	248	253	7.333218090212991e-12	0.3344966442953019	0.3344966442953019	True	150	149	2.9520661157024795	1.8448507386575121	4.7237937296869665	5.953518350982923e-06	True	95	55	55	94	ok	2.9520661157024795	
Cldn4	T gamma delta_CIBERSORT_abs	mouse	pan-cancer	baseline	299	0.12319722539449951	0.12319722539449951	0.12319722539449951	True	248	26	0.03321501973282724	0.03431767337807612	0.03431767337807612	True	150	149					False	150	0	149	0	split collapsed or empty cell		
Cldn4	T gamma delta_xCell	mouse	pan-cancer	baseline	299	0.05714553140581493	0.05714553140581493	0.05714553140581493	True	248	36	0.32472005262556564	0.07069351230425047	0.07069351230425047	True	150	149					False	150	0	149	0	split collapsed or empty cell		
Cldn4	T regulatory Tregs_xCell	mouse	pan-cancer	baseline	299	-0.08950719168926002	0.08950719168926002	-0.08950719168926002	True	248	52	0.12250540737210526	-0.07194630872483221	0.07194630872483221	True	150	149	0.7963467393045986	0.5056754876489933	1.254100989054198	0.35562324979974624	True	71	79	79	70	ok	1.2557344064386318	
Cldn4	T_mMCPcounter	mouse	pan-cancer	baseline	290	0.18420425642202257	0.18420425642202257	0.18420425642202257	True	239	282	0.0016308145317081913	0.18972651605231872	0.18972651605231872	True	145	145	1.792143600416233	1.12538616835389	2.853934742427792	0.018676042300986868	True	83	62	62	83	ok	1.792143600416233	
Cldn4	Treg_CIBERSORT_abs	mouse	pan-cancer	baseline	299	0.3236233333139621	0.3236233333139621	0.3236233333139621	True	248	195	1.0198660584742889e-08	0.29548098434004477	0.29548098434004477	True	150	149	2.3527721918988798	1.4796123791845222	3.741207538438905	0.00032880332933514056	True	91	59	59	90	ok	2.3527721918988798	
Cldn4	Tregs_quanTIseq	mouse	pan-cancer	baseline	299	0.08838417736992672	0.08838417736992672	0.08838417736992672	True	248	295	0.12728668572540242	0.09583892617449674	0.09583892617449674	True	150	149	1.0409057706355003	0.6614404086785701	1.638068689372755	0.9080982664413741	True	76	74	74	75	ok	1.0409057706355003	
Cldn4	B derived_mMCPcounter	mouse	Colorectal	baseline	46	0.1924878806167844	0.1924878806167844	0.1924878806167844	True	39	45	0.19997879800832843	0.11909262759924388	0.11909262759924388	True	23	23	1.1900826446280992	0.3741807500936691	3.785060296903215	1.0	True	12	11	11	12	ok	1.1900826446280992	
Cldn4	B memory_CIBERSORT_abs	mouse	Colorectal	baseline	46	0.24044470717758912	0.24044470717758912	0.24044470717758912	True	39	41	0.10748333016049873	0.17391304347826098	0.17391304347826098	True	23	23	2.4197530864197527	0.7403725803358955	7.908457383148233	0.23798425365402487	True	14	9	9	14	ok	2.4197530864197527	
Cldn4	B memory_xCell	mouse	Colorectal	baseline	46	0.20302706642875332	0.20302706642875332	0.20302706642875332	True	39	24	0.1759779163810862	0.2344045368620038	0.2344045368620038	True	23	23	1.69	0.5266722377298153	5.4229173200984055	0.5559287547156216	True	13	10	10	13	ok	1.69	
Cldn4	B naive_CIBERSORT_abs	mouse	Colorectal	baseline	46	0.04709180329879781	0.04709180329879781	0.04709180329879781	True	39	17	0.7559718527133639	0.08884688090737236	0.08884688090737236	True	23	23					False	23	0	23	0	split collapsed or empty cell		
Cldn4	B naive_xCell	mouse	Colorectal	baseline	46	0.15615631926774098	0.15615631926774098	0.15615631926774098	True	39	27	0.30004772467337487	0.20604914933837426	0.20604914933837426	True	23	23	2.4197530864197527	0.7403725803358955	7.908457383148233	0.23798425365402487	True	14	9	9	14	ok	2.4197530864197527	
Cldn4	B plasma_xCell	mouse	Colorectal	baseline	46	0.23737172727192782	0.23737172727192782	0.23737172727192782	True	39	46	0.11219059967731064	0.2665406427221173	0.2665406427221173	True	23	23	1.1900826446280992	0.3741807500936691	3.785060296903215	1.0	True	12	11	11	12	ok	1.1900826446280992	
Cldn4	B_EPIC	mouse	Colorectal	baseline	46	0.44432227980621863	0.44432227980621863	0.44432227980621863	True	39	46	0.0019784183251654705	0.5425330812854443	0.5425330812854443	True	23	23	8.027777777777777	2.1525825459124603	29.93855737228647	0.0027702095013130094	True	17	6	6	17	ok	8.027777777777777	
Cldn4	B_TIMER	mouse	Colorectal	baseline	46	0.12799152785957035	0.12799152785957035	0.12799152785957035	True	39	46	0.39661339644728166	0.1493383742911154	0.1493383742911154	True	23	23	1.69	0.5266722377298153	5.4229173200984055	0.5559287547156216	True	13	10	10	13	ok	1.69	
Cldn4	B_quanTIseq	mouse	Colorectal	baseline	46	0.2880736851679895	0.2880736851679895	0.2880736851679895	True	39	46	0.05220777327598418	0.26275992438563334	0.26275992438563334	True	23	23	2.4197530864197527	0.7403725803358955	7.908457383148233	0.23798425365402487	True	14	9	9	14	ok	2.4197530864197527	
Cldn4	B_xCell	mouse	Colorectal	baseline	46	0.2286605147834464	0.2286605147834464	0.2286605147834464	True	39	45	0.12638808695210269	0.19470699432892258	0.19470699432892258	True	23	23	1.69	0.5266722377298153	5.4229173200984055	0.5559287547156216	True	13	10	10	13	ok	1.69	
Cldn4	CD8 T_mMCPcounter	mouse	Colorectal	baseline	46	0.46670533926765073	0.46670533926765073	0.46670533926765073	True	39	46	0.0010774306813430736	0.5085066162570888	0.5085066162570888	True	23	23	3.515625	1.04467362034625	11.831081880413986	0.07576767147974081	True	15	8	8	15	ok	3.515625	
Cldn4	Classswitched memory B_xCell	mouse	Colorectal	baseline	46	0.1740561115578215	0.1740561115578215	0.1740561115578215	True	39	45	0.24732365900312023	0.09262759924385633	0.09262759924385633	True	23	23	1.1900826446280992	0.3741807500936691	3.785060296903215	1.0	True	12	11	11	12	ok	1.1900826446280992	
Cldn4	Dendritic activated_CIBERSORT_abs	mouse	Colorectal	baseline	46	0.09011859698324722	0.09011859698324722	0.09011859698324722	True	39	8	0.5514377475649583	0.14177693761814747	0.14177693761814747	True	23	23					False	23	0	23	0	split collapsed or empty cell		
Cldn4	Dendritic resting_CIBERSORT_abs	mouse	Colorectal	baseline	46	0.26854662429913	0.26854662429913	0.26854662429913	True	39	41	0.07114425094077416	0.2344045368620038	0.2344045368620038	True	23	23	2.4197530864197527	0.7403725803358955	7.908457383148233	0.23798425365402487	True	14	9	9	14	ok	2.4197530864197527	
Cldn4	Dendritic_TIMER	mouse	Colorectal	baseline	46	-0.011748014634453317	0.011748014634453317	-0.011748014634453317	True	39	46	0.938234768047546	-0.10396975425330812	0.10396975425330812	True	23	23	0.8402777777777778	0.2641965838214414	2.6725051990239184	1.0	True	11	12	12	11	ok	1.1900826446280992	
Cldn4	Dendritic_quanTIseq	mouse	Colorectal	baseline	46	0.12375353057806886	0.12375353057806886	0.12375353057806886	True	39	40	0.4125611158726692	0.06994328922495274	0.06994328922495274	True	23	23	2.4197530864197527	0.7403725803358955	7.908457383148233	0.23798425365402487	True	14	9	9	14	ok	2.4197530864197527	
Cldn4	Eosinophil_xCell	mouse	Colorectal	baseline	46	-0.14488094840489757	0.14488094840489757	-0.14488094840489757	True	39	15	0.33671853022878995	-0.06616257088846877	0.06616257088846877	True	23	23	0.8402777777777778	0.2641965838214414	2.6725051990239184	1.0	True	11	12	12	11	ok	1.1900826446280992	
Cldn4	Eosinophils_CIBERSORT_abs	mouse	Colorectal	baseline	46	-0.037442064247626985	0.037442064247626985	-0.037442064247626985	True	39	32	0.8048754783358615	0.020793950850661602	0.020793950850661602	True	23	23	1.69	0.5266722377298153	5.4229173200984055	0.5559287547156216	True	13	10	10	13	ok	1.69	
Cldn4	Eosinophils_mMCPcounter	mouse	Colorectal	baseline	46	0.1668218078092371	0.1668218078092371	0.1668218078092371	True	39	46	0.26782315970985293	0.22873345935727785	0.22873345935727785	True	23	23	1.1900826446280992	0.3741807500936691	3.785060296903215	1.0	True	12	11	11	12	ok	1.1900826446280992	
Cldn4	Granulocytes_mMCPcounter	mouse	Colorectal	baseline	46	0.23989973723151342	0.23989973723151342	0.23989973723151342	True	39	30	0.10830692272543024	-0.001890359168241984	0.001890359168241984	True	23	23	2.4197530864197527	0.7403725803358955	7.908457383148233	0.23798425365402487	True	14	9	9	14	ok	2.4197530864197527	
Cldn4	Macrophage M1_quanTIseq	mouse	Colorectal	baseline	46	-0.21890252872579619	0.21890252872579619	-0.21890252872579619	True	39	27	0.143849882482003	-0.2551984877126654	0.2551984877126654	True	23	23	0.413265306122449	0.12644691013077392	1.3506713059880142	0.23798425365402487	True	9	14	14	9	ok	2.419753086419753	
Cldn4	Macrophage M1_xCell	mouse	Colorectal	baseline	46	-0.0016076230552409803	0.0016076230552409803	-0.0016076230552409803	True	39	46	0.9915399019040674	0.10396975425330823	0.10396975425330823	True	23	23	1.1900826446280992	0.3741807500936691	3.785060296903215	1.0	True	12	11	11	12	ok	1.1900826446280992	
Cldn4	Macrophage M2_quanTIseq	mouse	Colorectal	baseline	46	0.47270300989681896	0.47270300989681896	0.47270300989681896	True	39	46	0.0009090646402258187	0.4253308128544424	0.4253308128544424	True	23	23	3.515625	1.04467362034625	11.831081880413986	0.07576767147974081	True	15	8	8	15	ok	3.515625	
Cldn4	Macrophage M2_xCell	mouse	Colorectal	baseline	46	0.08236230548716891	0.08236230548716891	0.08236230548716891	True	39	45	0.5863306259331823	0.12098298676748587	0.12098298676748587	True	23	23	1.69	0.5266722377298153	5.4229173200984055	0.5559287547156216	True	13	10	10	13	ok	1.69	
Cldn4	Macrophage_EPIC	mouse	Colorectal	baseline	46	0.3207207995205756	0.3207207995205756	0.3207207995205756	True	39	46	0.029769960113439874	0.3194706994328922	0.3194706994328922	True	23	23	1.1900826446280992	0.3741807500936691	3.785060296903215	1.0	True	12	11	11	12	ok	1.1900826446280992	
Cldn4	Macrophage_TIMER	mouse	Colorectal	baseline	46	0.017005803061038854	0.017005803061038854	0.017005803061038854	True	39	44	0.9106863921952204	-0.032136105860113395	0.032136105860113395	True	23	23	0.8402777777777778	0.2641965838214414	2.6725051990239184	1.0	True	11	12	12	11	ok	1.1900826446280992	
Cldn4	Macrophage_xCell	mouse	Colorectal	baseline	46	0.18569223457109632	0.18569223457109632	0.18569223457109632	True	39	35	0.21662756982320353	0.23251417769376181	0.23251417769376181	True	23	23	1.69	0.5266722377298153	5.4229173200984055	0.5559287547156216	True	13	10	10	13	ok	1.69	
Cldn4	Macrophages M0_CIBERSORT_abs	mouse	Colorectal	baseline	46	-0.5265966755038359	0.5265966755038359	-0.5265966755038359	True	39	14	0.00017035901925864554	-0.38752362948960306	0.38752362948960306	True	23	23					False	23	0	23	0	split collapsed or empty cell		
Cldn4	Macrophages M1_CIBERSORT_abs	mouse	Colorectal	baseline	46	0.18132692255339553	0.18132692255339553	0.18132692255339553	True	39	45	0.22781680815558553	0.22873345935727785	0.22873345935727785	True	23	23	2.4197530864197527	0.7403725803358955	7.908457383148233	0.23798425365402487	True	14	9	9	14	ok	2.4197530864197527	
Cldn4	Macrophages M2_CIBERSORT_abs	mouse	Colorectal	baseline	46	0.2506037016496805	0.2506037016496805	0.2506037016496805	True	39	46	0.09299135547318166	0.2665406427221173	0.2665406427221173	True	23	23	2.4197530864197527	0.7403725803358955	7.908457383148233	0.23798425365402487	True	14	9	9	14	ok	2.4197530864197527	
Cldn4	Macrophages_mMCPcounter	mouse	Colorectal	baseline	30	0.20548859235733624	0.20548859235733624	0.20548859235733624	True	23	30	0.2759951268659502	0.1200000000000001	0.1200000000000001	True	15	15	0.765625	0.18238491775938595	3.2139808917661106	1.0	True	7	8	8	7	ok	1.3061224489795917	
Cldn4	Mast activated_CIBERSORT_abs	mouse	Colorectal	baseline	46	-0.21637543953831698	0.21637543953831698	-0.21637543953831698	True	39	19	0.14865014848362734	-0.20037807183364842	0.20037807183364842	True	23	23					False	23	0	23	0	split collapsed or empty cell		
Cldn4	Mast resting_CIBERSORT_abs	mouse	Colorectal	baseline	46	0.47355701124023897	0.47355701124023897	0.47355701124023897	True	39	31	0.000887111309281583	0.4272211720226844	0.4272211720226844	True	23	23	5.224489795918367	1.487730873134755	18.346929623193212	0.017369701896998574	True	16	7	7	16	ok	5.224489795918367	
Cldn4	Mast_mMCPcounter	mouse	Colorectal	baseline	46	0.27347963548447085	0.27347963548447085	0.27347963548447085	True	39	39	0.0659128372537971	0.170132325141777	0.170132325141777	True	23	23	1.69	0.5266722377298153	5.4229173200984055	0.5559287547156216	True	13	10	10	13	ok	1.69	
Cldn4	Mast_xCell	mouse	Colorectal	baseline	46	0.2910416046545882	0.2910416046545882	0.2910416046545882	True	39	46	0.049724455446882705	0.2665406427221173	0.2665406427221173	True	23	23	1.1900826446280992	0.3741807500936691	3.785060296903215	1.0	True	12	11	11	12	ok	1.1900826446280992	
Cldn4	Memory B_mMCPcounter	mouse	Colorectal	baseline	46	0.3259694277565529	0.3259694277565529	0.3259694277565529	True	39	36	0.027052408500975268	0.28166351606805295	0.28166351606805295	True	23	23	3.515625	1.04467362034625	11.831081880413986	0.07576767147974081	True	15	8	8	15	ok	3.515625	
Cldn4	Monocyte_quanTIseq	mouse	Colorectal	baseline	46	0.053000715749334494	0.053000715749334494	0.053000715749334494	True	39	38	0.7264725784780459	0.05860113421550084	0.05860113421550084	True	23	23	1.1900826446280992	0.3741807500936691	3.785060296903215	1.0	True	12	11	11	12	ok	1.1900826446280992	
Cldn4	Monocyte_xCell	mouse	Colorectal	baseline	46	0.29487516732477825	0.29487516732477825	0.29487516732477825	True	39	46	0.04665928069222087	0.25897920604914937	0.25897920604914937	True	23	23	1.69	0.5266722377298153	5.4229173200984055	0.5559287547156216	True	13	10	10	13	ok	1.69	
Cldn4	Monocytes_CIBERSORT_abs	mouse	Colorectal	baseline	46	0.16032481672750692	0.16032481672750692	0.16032481672750692	True	39	23	0.2871681661217774	0.1795841209829867	0.1795841209829867	True	23	23					False	23	0	23	0	split collapsed or empty cell		
Cldn4	Monocytes_mMCPcounter	mouse	Colorectal	baseline	46	0.34030272187766214	0.34030272187766214	0.34030272187766214	True	39	43	0.020664016523819648	0.26843100189035907	0.26843100189035907	True	23	23	2.4197530864197527	0.7403725803358955	7.908457383148233	0.23798425365402487	True	14	9	9	14	ok	2.4197530864197527	
Cldn4	Myeloid dendritic activated_xCell	mouse	Colorectal	baseline	46	0.0436531491153897	0.0436531491153897	0.0436531491153897	True	39	46	0.7733012933366574	0.09262759924385633	0.09262759924385633	True	23	23	1.69	0.5266722377298153	5.4229173200984055	0.5559287547156216	True	13	10	10	13	ok	1.69	
Cldn4	Myeloid dendritic_xCell	mouse	Colorectal	baseline	46	0.030610445509869934	0.030610445509869934	0.030610445509869934	True	39	44	0.8399606372033407	0.00945179584120992	0.00945179584120992	True	23	23	2.4197530864197527	0.7403725803358955	7.908457383148233	0.23798425365402487	True	14	9	9	14	ok	2.4197530864197527	
Cldn4	NK activated_CIBERSORT_abs	mouse	Colorectal	baseline	46	0.2947794576828262	0.2947794576828262	0.2947794576828262	True	39	36	0.046733892707472	0.3156899810964082	0.3156899810964082	True	23	23	3.515625	1.04467362034625	11.831081880413986	0.07576767147974081	True	15	8	8	15	ok	3.515625	
Cldn4	NK resting_CIBERSORT_abs	mouse	Colorectal	baseline	46	0.3269247675281581	0.3269247675281581	0.3269247675281581	True	39	35	0.026580720992867932	0.22684310018903586	0.22684310018903586	True	23	23	3.515625	1.04467362034625	11.831081880413986	0.07576767147974081	True	15	8	8	15	ok	3.515625	
Cldn4	NK_EPIC	mouse	Colorectal	baseline	46	0.48556399433874686	0.48556399433874686	0.48556399433874686	True	39	46	0.0006248398285234605	0.36483931947069936	0.36483931947069936	True	23	23	2.4197530864197527	0.7403725803358955	7.908457383148233	0.23798425365402487	True	14	9	9	14	ok	2.4197530864197527	
Cldn4	NK_mMCPcounter	mouse	Colorectal	baseline	46	-0.06682115989954673	0.06682115989954673	-0.06682115989954673	True	39	24	0.6590504913372629	-0.04347826086956519	0.04347826086956519	True	23	23	0.591715976331361	0.18440259015084043	1.898714092678269	0.5559287547156216	True	10	13	13	10	ok	1.69	
Cldn4	NK_quanTIseq	mouse	Colorectal	baseline	46	-0.158536365909149	0.158536365909149	-0.158536365909149	True	39	46	0.2926491835413978	-0.2665406427221172	0.2665406427221172	True	23	23	0.413265306122449	0.12644691013077392	1.3506713059880142	0.23798425365402487	True	9	14	14	9	ok	2.419753086419753	
Cldn4	NK_xCell	mouse	Colorectal	baseline	46	0.380025815347357	0.380025815347357	0.380025815347357	True	39	34	0.009185579701261319	0.38563327032136097	0.38563327032136097	True	23	23	5.224489795918367	1.487730873134755	18.346929623193212	0.017369701896998574	True	16	7	7	16	ok	5.224489795918367	
Cldn4	Neutrophil_TIMER	mouse	Colorectal	baseline	46	-0.05614314362149269	0.05614314362149269	-0.05614314362149269	True	39	46	0.7109395400631735	-0.274102079395085	0.274102079395085	True	23	23	0.413265306122449	0.12644691013077392	1.3506713059880142	0.23798425365402487	True	9	14	14	9	ok	2.419753086419753	
Cldn4	Neutrophil_quanTIseq	mouse	Colorectal	baseline	46	0.2607762600305485	0.2607762600305485	0.2607762600305485	True	39	44	0.08004514562942222	0.29300567107750464	0.29300567107750464	True	23	23	1.69	0.5266722377298153	5.4229173200984055	0.5559287547156216	True	13	10	10	13	ok	1.69	
Cldn4	Neutrophil_xCell	mouse	Colorectal	baseline	46	-0.09194111160871406	0.09194111160871406	-0.09194111160871406	True	39	39	0.5433843397703203	-0.056710775047258966	0.056710775047258966	True	23	23	1.1900826446280992	0.3741807500936691	3.785060296903215	1.0	True	12	11	11	12	ok	1.1900826446280992	
Cldn4	Neutrophils_CIBERSORT_abs	mouse	Colorectal	baseline	46	0.3514661211332217	0.3514661211332217	0.3514661211332217	True	39	39	0.016614717404093714	0.32514177693761814	0.32514177693761814	True	23	23	3.515625	1.04467362034625	11.831081880413986	0.07576767147974081	True	15	8	8	15	ok	3.515625	
Cldn4	Neutrophils_mMCPcounter	mouse	Colorectal	baseline	46	0.020556203647236555	0.020556203647236555	0.020556203647236555	True	39	5	0.8921404268598253	0.007561436672967936	0.007561436672967936	True	23	23					False	23	0	23	0	split collapsed or empty cell		
Cldn4	Plasma_CIBERSORT_abs	mouse	Colorectal	baseline	46	0.026047195762254578	0.026047195762254578	0.026047195762254578	True	39	42	0.863572804463917	-0.0850661625708885	0.0850661625708885	True	23	23	1.69	0.5266722377298153	5.4229173200984055	0.5559287547156216	True	13	10	10	13	ok	1.69	
Cldn4	Plasmacytoid dendritic_xCell	mouse	Colorectal	baseline	46	0.20296866949071468	0.20296866949071468	0.20296866949071468	True	39	43	0.17610491537047032	0.19848771266540632	0.19848771266540632	True	23	23	1.1900826446280992	0.3741807500936691	3.785060296903215	1.0	True	12	11	11	12	ok	1.1900826446280992	
Cldn4	T CD4 Th1_xCell	mouse	Colorectal	baseline	46	0.021210874363404825	0.021210874363404825	0.021210874363404825	True	39	39	0.8887265862345107	0.06994328922495274	0.06994328922495274	True	23	23	1.69	0.5266722377298153	5.4229173200984055	0.5559287547156216	True	13	10	10	13	ok	1.69	
Cldn4	T CD4 Th2_xCell	mouse	Colorectal	baseline	46	0.19955536901080861	0.19955536901080861	0.19955536901080861	True	39	42	0.1836430454970952	0.1909262759924386	0.1909262759924386	True	23	23	1.69	0.5266722377298153	5.4229173200984055	0.5559287547156216	True	13	10	10	13	ok	1.69	
Cldn4	T CD4 central memory_xCell	mouse	Colorectal	baseline	46	-0.11151018552881643		-0.11151018552881643	False	39	2	0.4606416040589033	-0.1606805293005671	0.1606805293005671	True	23	23					False	23	0	23	0	split collapsed or empty cell		
Cldn4	T CD4 effector memory_xCell	mouse	Colorectal	baseline	46	0.31545381943648887	0.31545381943648887	0.31545381943648887	True	39	35	0.03272099838658748	0.36862003780718333	0.36862003780718333	True	23	23	3.515625	1.04467362034625	11.831081880413986	0.07576767147974081	True	15	8	8	15	ok	3.515625	
Cldn4	T CD4 memory activated_CIBERSORT_abs	mouse	Colorectal	baseline	46	0.15390002835220665	0.15390002835220665	0.15390002835220665	True	39	29	0.3071717425189839	0.10775047258979198	0.10775047258979198	True	23	23	0.8402777777777778	0.2641965838214414	2.6725051990239184	1.0	True	11	12	12	11	ok	1.1900826446280992	
Cldn4	T CD4 memory resting_CIBERSORT_abs	mouse	Colorectal	baseline	46	-0.05445812720083283	0.05445812720083283	-0.05445812720083283	True	39	5	0.7192546414464966	-0.08128544423440454	0.08128544423440454	True	23	23					False	23	0	23	0	split collapsed or empty cell		
Cldn4	T CD4 memory_xCell	mouse	Colorectal	baseline	46	0.15916274276503778	0.15916274276503778	0.15916274276503778	True	39	33	0.29072187951151035	0.21928166351606815	0.21928166351606815	True	23	23	2.4197530864197527	0.7403725803358955	7.908457383148233	0.23798425365402487	True	14	9	9	14	ok	2.4197530864197527	
Cldn4	T CD4 naive_CIBERSORT_abs	mouse	Colorectal	baseline	46	0.25431591193962166	0.25431591193962166	0.25431591193962166	True	39	12	0.08809112912552004	0.07372400756143671	0.07372400756143671	True	23	23					False	23	0	23	0	split collapsed or empty cell		
Cldn4	T CD4 naive_xCell	mouse	Colorectal	baseline	46	0.03845596516968612	0.03845596516968612	0.03845596516968612	True	39	10	0.7996988127068198	-0.020793950850661602	0.020793950850661602	True	23	23	0.8402777777777778	0.2641965838214414	2.6725051990239184	1.0	True	11	12	12	11	ok	1.1900826446280992	
Cldn4	T CD4 nonregulatory_xCell	mouse	Colorectal	baseline	46	-0.10228251102952461	0.10228251102952461	-0.10228251102952461	True	39	8	0.4987869287803055	-0.1379962192816635	0.1379962192816635	True	23	23	0.8402777777777778	0.2641965838214414	2.6725051990239184	1.0	True	11	12	12	11	ok	1.1900826446280992	
Cldn4	T CD4_EPIC	mouse	Colorectal	baseline	46	0.1347930100163591	0.1347930100163591	0.1347930100163591	True	39	46	0.37178396367373023	0.22495274102079388	0.22495274102079388	True	23	23	1.69	0.5266722377298153	5.4229173200984055	0.5559287547156216	True	13	10	10	13	ok	1.69	
Cldn4	T CD4_TIMER	mouse	Colorectal	baseline	46	0.058925568140179005	0.058925568140179005	0.058925568140179005	True	39	46	0.6972818399650548	-0.001890359168241984	0.001890359168241984	True	23	23	0.8402777777777778	0.2641965838214414	2.6725051990239184	1.0	True	11	12	12	11	ok	1.1900826446280992	
Cldn4	T CD8 central memory_xCell	mouse	Colorectal	baseline	46	0.13471668118483474	0.13471668118483474	0.13471668118483474	True	39	38	0.3720573352136559	0.23251417769376181	0.23251417769376181	True	23	23	1.1900826446280992	0.3741807500936691	3.785060296903215	1.0	True	12	11	11	12	ok	1.1900826446280992	
Cldn4	T CD8 effector memory_xCell	mouse	Colorectal	baseline	46	0.10489883975000272	0.10489883975000272	0.10489883975000272	True	39	40	0.4878097558618039	0.09262759924385633	0.09262759924385633	True	23	23	1.1900826446280992	0.3741807500936691	3.785060296903215	1.0	True	12	11	11	12	ok	1.1900826446280992	
Cldn4	T CD8 naive_xCell	mouse	Colorectal	baseline	46	0.019713594941417147	0.019713594941417147	0.019713594941417147	True	39	33	0.8965371208425007	0.09073724007561434	0.09073724007561434	True	23	23	1.1900826446280992	0.3741807500936691	3.785060296903215	1.0	True	12	11	11	12	ok	1.1900826446280992	
Cldn4	T CD8_CIBERSORT_abs	mouse	Colorectal	baseline	46	0.3230085707914954	0.3230085707914954	0.3230085707914954	True	39	46	0.02855880908693105	0.3534971644612477	0.3534971644612477	True	23	23	3.515625	1.04467362034625	11.831081880413986	0.07576767147974081	True	15	8	8	15	ok	3.515625	
Cldn4	T CD8_EPIC	mouse	Colorectal	baseline	46	0.17430343818170474	0.17430343818170474	0.17430343818170474	True	39	46	0.24664211762343044	0.09262759924385633	0.09262759924385633	True	23	23	0.8402777777777778	0.2641965838214414	2.6725051990239184	1.0	True	11	12	12	11	ok	1.1900826446280992	
Cldn4	T CD8_TIMER	mouse	Colorectal	baseline	46	0.21727643908141556	0.21727643908141556	0.21727643908141556	True	39	46	0.14692531941112438	0.12665406427221182	0.12665406427221182	True	23	23	1.69	0.5266722377298153	5.4229173200984055	0.5559287547156216	True	13	10	10	13	ok	1.69	
Cldn4	T CD8_quanTIseq	mouse	Colorectal	baseline	46	0.26084317656452566	0.26084317656452566	0.26084317656452566	True	39	42	0.07996493088676988	0.29300567107750464	0.29300567107750464	True	23	23	2.4197530864197527	0.7403725803358955	7.908457383148233	0.23798425365402487	True	14	9	9	14	ok	2.4197530864197527	
Cldn4	T CD8_xCell	mouse	Colorectal	baseline	46	-0.02482617541523898	0.02482617541523898	-0.02482617541523898	True	39	44	0.8699117632711039	-0.022684310018903586	0.022684310018903586	True	23	23	1.1900826446280992	0.3741807500936691	3.785060296903215	1.0	True	12	11	11	12	ok	1.1900826446280992	
Cldn4	T NK_xCell	mouse	Colorectal	baseline	46	0.031327395243736074	0.031327395243736074	0.031327395243736074	True	39	40	0.8362628983830297	0.05293005671077511	0.05293005671077511	True	23	23	1.1900826446280992	0.3741807500936691	3.785060296903215	1.0	True	12	11	11	12	ok	1.1900826446280992	
Cldn4	T follicular helper_CIBERSORT_abs	mouse	Colorectal	baseline	46	0.05052383609199677	0.05052383609199677	0.05052383609199677	True	39	39	0.7387931528998304	0.1587901701323251	0.1587901701323251	True	23	23	1.69	0.5266722377298153	5.4229173200984055	0.5559287547156216	True	13	10	10	13	ok	1.69	
Cldn4	T gamma delta_CIBERSORT_abs	mouse	Colorectal	baseline	46	-0.12081490689333427		-0.12081490689333427	False	39	3	0.42383133632182457	-0.001890359168241984	0.001890359168241984	True	23	23					False	23	0	23	0	split collapsed or empty cell		
Cldn4	T gamma delta_xCell	mouse	Colorectal	baseline	46	-0.06992860057419938	0.06992860057419938	-0.06992860057419938	True	39	14	0.6442301599993312	-0.08128544423440454	0.08128544423440454	True	23	23					False	23	0	23	0	split collapsed or empty cell		
Cldn4	T regulatory Tregs_xCell	mouse	Colorectal	baseline	46	-0.28815184509735875	0.28815184509735875	-0.28815184509735875	True	39	18	0.05214111561309474	-0.29111531190926276	0.29111531190926276	True	23	23	0.413265306122449	0.12644691013077392	1.3506713059880142	0.23798425365402487	True	9	14	14	9	ok	2.419753086419753	
Cldn4	T_mMCPcounter	mouse	Colorectal	baseline	46	0.2882591801359019	0.2882591801359019	0.2882591801359019	True	39	46	0.05204968832981204	0.35727788279773165	0.35727788279773165	True	23	23	2.4197530864197527	0.7403725803358955	7.908457383148233	0.23798425365402487	True	14	9	9	14	ok	2.4197530864197527	
Cldn4	Treg_CIBERSORT_abs	mouse	Colorectal	baseline	46	-0.08363795180481465	0.08363795180481465	-0.08363795180481465	True	39	17	0.580524561491516	-0.09262759924385633	0.09262759924385633	True	23	23					False	23	0	23	0	split collapsed or empty cell		
Cldn4	Tregs_quanTIseq	mouse	Colorectal	baseline	46	0.23706256899207376	0.23706256899207376	0.23706256899207376	True	39	46	0.1126727294028376	0.1493383742911154	0.1493383742911154	True	23	23	1.69	0.5266722377298153	5.4229173200984055	0.5559287547156216	True	13	10	10	13	ok	1.69	
Cldn4	B derived_mMCPcounter	mouse	Mammary	baseline	146	0.2822092753731583	0.2822092753731583	0.2822092753731583	True	139	139	0.0005583932054808738	0.3653593544755114	0.3653593544755114	True	73	73	2.9026063100137174	1.4823153686576631	5.683759049574563	0.002762503185215444	True	46	27	27	46	ok	2.9026063100137174	
Cldn4	B memory_CIBERSORT_abs	mouse	Mammary	baseline	146	0.3973267672097101	0.3973267672097101	0.3973267672097101	True	139	99	6.848020584931754e-07	0.5314317883280164	0.5314317883280164	True	73	73	6.1315192743764175	2.994476232822199	12.554959762234253	4.7280016415826626e-07	True	52	21	21	52	ok	6.1315192743764175	
Cldn4	B memory_xCell	mouse	Mammary	baseline	146	0.2043196442919749	0.2043196442919749	0.2043196442919749	True	139	26	0.013370808216376177	0.26815537624319763	0.26815537624319763	True	73	73	2.0544444444444445	1.0624978762024757	3.972470976030746	0.04663822230651567	True	43	30	30	43	ok	2.0544444444444445	
Cldn4	B naive_CIBERSORT_abs	mouse	Mammary	baseline	146	-0.20692527933882104	0.20692527933882104	-0.20692527933882104	True	139	73	0.012211247219721548	-0.24432351285419407	0.24432351285419407	True	73	73					False	73	0	73	0	split collapsed or empty cell		
Cldn4	B naive_xCell	mouse	Mammary	baseline	146	-0.2803036988695687	0.2803036988695687	-0.2803036988695687	True	139	63	0.0006108034888574603	-0.26740476637267785	0.26740476637267785	True	73	73	0.3871604938271605	0.19867152956368236	0.7544777468099367	0.007871819133846495	True	28	45	45	28	ok	2.582908163265306	
Cldn4	B plasma_xCell	mouse	Mammary	baseline	146	0.29145477718670454	0.29145477718670454	0.29145477718670454	True	139	146	0.00035807110741774707	0.47907674985926074	0.47907674985926074	True	73	73	4.168402777777778	2.089509469416591	8.315627170924907	6.141613235638945e-05	True	49	24	24	49	ok	4.168402777777778	
Cldn4	B_EPIC	mouse	Mammary	baseline	146	0.1688915283448842	0.1688915283448842	0.1688915283448842	True	139	146	0.04156531743562614	0.21899042972415095	0.21899042972415095	True	73	73	1.6416015625	0.8537142155822032	3.1566250635344577	0.185269418583736	True	41	32	32	41	ok	1.6416015625	
Cldn4	B_TIMER	mouse	Mammary	baseline	146	-0.14792927369375594	0.14792927369375594	-0.14792927369375594	True	139	146	0.07476732246600347	-0.11165321823981988	0.11165321823981988	True	73	73	0.6091612135633552	0.31679403789574706	1.1713521711923647	0.185269418583736	True	32	41	41	32	ok	1.6416015625	
Cldn4	B_quanTIseq	mouse	Mammary	baseline	146	-0.1098860207024561	0.1098860207024561	-0.1098860207024561	True	139	146	0.1867191272448823	-0.20735597673109396	0.20735597673109396	True	73	73	0.3871604938271605	0.19867152956368236	0.7544777468099367	0.007871819133846495	True	28	45	45	28	ok	2.582908163265306	
Cldn4	B_xCell	mouse	Mammary	baseline	146	-0.07889858137978793	0.07889858137978793	-0.07889858137978793	True	139	67	0.34383377122751424	-0.024207168324263506	0.024207168324263506	True	73	73	0.6806249999999999	0.3546618144267574	1.3061749863704808	0.32066566229833765	True	33	40	40	33	ok	1.4692378328741966	
Cldn4	CD8 T_mMCPcounter	mouse	Mammary	baseline	146	0.17409220338946807	0.17409220338946807	0.17409220338946807	True	139	139	0.03559195374271682	0.23118784012009752	0.23118784012009752	True	73	73	2.302021403091558	1.1862503034508391	4.46727181006891	0.020174274301477772	True	44	29	29	44	ok	2.302021403091558	
Cldn4	Classswitched memory B_xCell	mouse	Mammary	baseline	146	-0.04467463582157439	0.04467463582157439	-0.04467463582157439	True	139	68	0.592350343538568	-0.040157628072809204	0.040157628072809204	True	73	73	0.5447845804988662	0.2826058782954806	1.0501913156916518	0.09755584963358659	True	31	42	42	31	ok	1.8355879292403745	
Cldn4	Dendritic activated_CIBERSORT_abs	mouse	Mammary	baseline	146	-0.04259254320448103	0.04259254320448103	-0.04259254320448103	True	139	18	0.6097322320694621	0.02720960780634263	0.02720960780634263	True	73	73					False	73	0	73	0	split collapsed or empty cell		
Cldn4	Dendritic resting_CIBERSORT_abs	mouse	Mammary	baseline	146	0.6999580702512547	0.6999580702512547	0.6999580702512547	True	139	113	8.366428075405867e-23	0.8879714768249203	0.8879714768249203	True	73	73	66.015625	23.3671989400918	186.50342967138283	6.236919563586662e-23	True	65	8	8	65	ok	66.015625	
Cldn4	Dendritic_TIMER	mouse	Mammary	baseline	146	0.10303742536389761	0.10303742536389761	0.10303742536389761	True	139	146	0.2158639221010727	0.13492212422593353	0.13492212422593353	True	73	73	1.4692378328741966	0.7655942047847194	2.8195874473159948	0.32066566229833765	True	40	33	33	40	ok	1.4692378328741966	
Cldn4	Dendritic_quanTIseq	mouse	Mammary	baseline	146	-0.32893534338015434	0.32893534338015434	-0.32893534338015434	True	139	145	5.039829016239443e-05	-0.4316006755488835	0.4316006755488835	True	73	73	0.3445179584120983	0.17593990021002934	0.6746202738932455	0.002762503185215444	True	27	46	46	27	ok	2.9026063100137174	
Cldn4	Eosinophil_xCell	mouse	Mammary	baseline	146	0.13346953221099928	0.13346953221099928	0.13346953221099928	True	139	41	0.1082628162353609	0.17188966034903364	0.17188966034903364	True	73	73	1.6416015625	0.8537142155822032	3.1566250635344577	0.185269418583736	True	41	32	32	41	ok	1.6416015625	
Cldn4	Eosinophils_CIBERSORT_abs	mouse	Mammary	baseline	146	-0.26227788158540977	0.26227788158540977	-0.26227788158540977	True	139	59	0.0013835930064824925	-0.2771626946894352	0.2771626946894352	True	73	73					False	73	0	73	0	split collapsed or empty cell		
Cldn4	Eosinophils_mMCPcounter	mouse	Mammary	baseline	146	0.42209544733790666	0.42209544733790666	0.42209544733790666	True	139	138	1.1176748479576793e-07	0.521861512478889	0.521861512478889	True	73	73	3.6863999999999995	1.8607649883344852	7.303203276714483	0.0002447147510752516	True	48	25	25	48	ok	3.6863999999999995	
Cldn4	Granulocytes_mMCPcounter	mouse	Mammary	baseline	146	0.21005206700653054	0.21005206700653054	0.21005206700653054	True	139	127	0.010936903646972262	0.2159879902420716	0.2159879902420716	True	73	73	2.0544444444444445	1.0624978762024757	3.972470976030746	0.04663822230651567	True	43	30	30	43	ok	2.0544444444444445	
Cldn4	Macrophage M1_quanTIseq	mouse	Mammary	baseline	146	0.31983030826590886	0.31983030826590886	0.31983030826590886	True	139	91	8.313469432341184e-05	0.3321448677050103	0.3321448677050103	True	73	73	2.9026063100137174	1.4823153686576631	5.683759049574563	0.002762503185215444	True	46	27	27	46	ok	2.9026063100137174	
Cldn4	Macrophage M1_xCell	mouse	Mammary	baseline	146	0.2281939626996259	0.2281939626996259	0.2281939626996259	True	139	146	0.00560174834514122	0.3300806905610809	0.3300806905610809	True	73	73	3.2677514792899407	1.6596744624677167	6.4339121748758625	0.0008694485048152791	True	47	26	26	47	ok	3.2677514792899407	
Cldn4	Macrophage M2_quanTIseq	mouse	Mammary	baseline	146	-0.06232568815284412	0.06232568815284412	-0.06232568815284412	True	139	146	0.4548595928375573	0.007318446237567944	0.007318446237567944	True	73	73	0.6806249999999999	0.3546618144267574	1.3061749863704808	0.32066566229833765	True	33	40	40	33	ok	1.4692378328741966	
Cldn4	Macrophage M2_xCell	mouse	Mammary	baseline	146	-0.12458051716097979	0.12458051716097979	-0.12458051716097979	True	139	142	0.13407709606603205	-0.01970350910114471	0.01970350910114471	True	73	73	0.9466764061358658	0.494750416774135	1.8114107387269833	1.0	True	36	37	37	36	ok	1.056327160493827	
Cldn4	Macrophage_EPIC	mouse	Mammary	baseline	146	-0.038351748276820495	0.038351748276820495	-0.038351748276820495	True	139	146	0.6458092077671083	-0.0005629574028898077	0.0005629574028898077	True	73	73	0.6806249999999999	0.3546618144267574	1.3061749863704808	0.32066566229833765	True	33	40	40	33	ok	1.4692378328741966	
Cldn4	Macrophage_TIMER	mouse	Mammary	baseline	146	-0.2458110574284652	0.2458110574284652	-0.2458110574284652	True	139	110	0.0027839194514904264	-0.310940138862826	0.310940138862826	True	73	73	0.434400826446281	0.2238502698103285	0.8429924081713351	0.020174274301477772	True	29	44	44	29	ok	2.302021403091558	
Cldn4	Macrophage_xCell	mouse	Mammary	baseline	146	0.11941285585408701	0.11941285585408701	0.11941285585408701	True	139	142	0.1511131026943286	0.22105460686808032	0.22105460686808032	True	73	73	2.5829081632653064	1.3254201389347455	5.033433840249663	0.007871819133846495	True	45	28	28	45	ok	2.5829081632653064	
Cldn4	Macrophages M0_CIBERSORT_abs	mouse	Mammary	baseline	146	0.14711648449406356	0.14711648449406356	0.14711648449406356	True	139	79	0.07639616452873228	0.0005629574028898077	0.0005629574028898077	True	73	73	0.6806249999999999	0.3546618144267574	1.3061749863704808	0.32066566229833765	True	33	40	40	33	ok	1.4692378328741966	
Cldn4	Macrophages M1_CIBERSORT_abs	mouse	Mammary	baseline	146	0.1408193031153679	0.1408193031153679	0.1408193031153679	True	139	132	0.09000728443642629	0.16344529930568585	0.16344529930568585	True	73	73	1.4692378328741966	0.7655942047847194	2.8195874473159948	0.32066566229833765	True	40	33	33	40	ok	1.4692378328741966	
Cldn4	Macrophages M2_CIBERSORT_abs	mouse	Mammary	baseline	146	0.16814840961372776	0.16814840961372776	0.16814840961372776	True	139	145	0.042483809402639794	0.09701632576468389	0.09701632576468389	True	73	73	1.1787755102040816	0.6157492736221147	2.256619314032088	0.7407468263294611	True	38	35	35	38	ok	1.1787755102040816	
Cldn4	Macrophages_mMCPcounter	mouse	Mammary	baseline	135	-0.028127793327275056	0.028127793327275056	-0.028127793327275056	True	128	135	0.7460588099362686	0.009657594381035972	0.009657594381035972	True	68	67	0.8620408163265306	0.43879754687472716	1.6935244381050831	0.7317209554991089	True	33	35	35	32	ok	1.1600378787878787	
Cldn4	Mast activated_CIBERSORT_abs	mouse	Mammary	baseline	146	-0.18437144956302107	0.18437144956302107	-0.18437144956302107	True	139	101	0.02589693131376619	-0.25070369675361226	0.25070369675361226	True	73	73	0.5447845804988662	0.2826058782954806	1.0501913156916518	0.09755584963358659	True	31	42	42	31	ok	1.8355879292403745	
Cldn4	Mast resting_CIBERSORT_abs	mouse	Mammary	baseline	146	0.27097221243457187	0.27097221243457187	0.27097221243457187	True	139	42	0.0009391707734084969	0.30305873522236815	0.30305873522236815	True	73	73					False	73	0	73	0	split collapsed or empty cell		
Cldn4	Mast_mMCPcounter	mouse	Mammary	baseline	146	0.4239826360545763	0.4239826360545763	0.4239826360545763	True	139	101	9.676021298446579e-08	0.547945205479452	0.547945205479452	True	73	73	6.1315192743764175	2.994476232822199	12.554959762234253	4.7280016415826626e-07	True	52	21	21	52	ok	6.1315192743764175	
Cldn4	Mast_xCell	mouse	Mammary	baseline	146	-0.3210089349966407	0.3210089349966407	-0.3210089349966407	True	139	144	7.798890290766572e-05	-0.3901294802026647	0.3901294802026647	True	73	73	0.3060208239022182	0.15542642995733683	0.6025277984413474	0.0008694485048152791	True	26	47	47	26	ok	3.267751479289941	
Cldn4	Memory B_mMCPcounter	mouse	Mammary	baseline	146	-0.09565388561742312	0.09565388561742312	-0.09565388561742312	True	139	70	0.25076582928346536	-0.0853818727716269	0.0853818727716269	True	73	73					False	73	0	73	0	split collapsed or empty cell		
Cldn4	Monocyte_quanTIseq	mouse	Mammary	baseline	146	0.09287876320109734	0.09287876320109734	0.09287876320109734	True	139	24	0.26484012220041525	0.07036967536123107	0.07036967536123107	True	73	73					False	73	0	73	0	split collapsed or empty cell		
Cldn4	Monocyte_xCell	mouse	Mammary	baseline	146	-0.2545825347023606	0.2545825347023606	-0.2545825347023606	True	139	125	0.0019290080694291103	-0.20998311127791336	0.20998311127791336	True	73	73	0.434400826446281	0.2238502698103285	0.8429924081713351	0.020174274301477772	True	29	44	44	29	ok	2.302021403091558	
Cldn4	Monocytes_CIBERSORT_abs	mouse	Mammary	baseline	146	-0.23131440489536656	0.23131440489536656	-0.23131440489536656	True	139	71	0.004967080133482186	-0.1587539876149371	0.1587539876149371	True	73	73					False	73	0	73	0	split collapsed or empty cell		
Cldn4	Monocytes_mMCPcounter	mouse	Mammary	baseline	146	-0.15544306199171828	0.15544306199171828	-0.15544306199171828	True	139	146	0.06100135323883593	-0.29292550197035094	0.29292550197035094	True	73	73	0.2116	0.10524920400108793	0.42541471382089674	1.370199795435327e-05	True	23	50	50	23	ok	4.725897920604915	
Cldn4	Myeloid dendritic activated_xCell	mouse	Mammary	baseline	146	-0.0686074234042584	0.0686074234042584	-0.0686074234042584	True	139	145	0.41060400926745516	-0.06286357665603304	0.06286357665603304	True	73	73	0.760026298487837	0.3966216013156811	1.4564006914322463	0.5080653075780632	True	34	39	39	34	ok	1.315743944636678	
Cldn4	Myeloid dendritic_xCell	mouse	Mammary	baseline	146	0.3471762128791781	0.3471762128791781	0.3471762128791781	True	139	80	1.7611718400471718e-05	0.47907674985926074	0.47907674985926074	True	73	73	4.725897920604915	2.3506474212384876	9.501259505864418	1.370199795435327e-05	True	50	23	23	50	ok	4.725897920604915	
Cldn4	NK activated_CIBERSORT_abs	mouse	Mammary	baseline	146	0.14232282464216053	0.14232282464216053	0.14232282464216053	True	139	89	0.08659373376019369	0.19290673672358793	0.19290673672358793	True	73	73	2.0544444444444445	1.0624978762024757	3.972470976030746	0.04663822230651567	True	43	30	30	43	ok	2.0544444444444445	
Cldn4	NK resting_CIBERSORT_abs	mouse	Mammary	baseline	146	0.1935146041650475	0.1935146041650475	0.1935146041650475	True	139	82	0.019267519405948966	0.17432914242822295	0.17432914242822295	True	73	73	1.315743944636678	0.6866242277161959	2.5212948479931	0.5080653075780632	True	39	34	34	39	ok	1.315743944636678	
Cldn4	NK_EPIC	mouse	Mammary	baseline	146	0.2835862193103934	0.2835862193103934	0.2835862193103934	True	139	146	0.0005231370487643448	0.2842934884593733	0.2842934884593733	True	73	73	2.5829081632653064	1.3254201389347455	5.033433840249663	0.007871819133846495	True	45	28	28	45	ok	2.5829081632653064	
Cldn4	NK_mMCPcounter	mouse	Mammary	baseline	146	0.014234611969371275	0.014234611969371275	0.014234611969371275	True	139	84	0.8645951577088603	0.08763370238318635	0.08763370238318635	True	73	73	1.1787755102040816	0.6157492736221147	2.256619314032088	0.7407468263294611	True	38	35	35	38	ok	1.1787755102040816	
Cldn4	NK_quanTIseq	mouse	Mammary	baseline	146	-0.5508742470676239	0.5508742470676239	-0.5508742470676239	True	139	146	5.839528811053559e-13	-0.7042597110151998	0.7042597110151998	True	73	73	0.07879347491535857	0.03596748388767693	0.1726117875975291	1.0220864117540387e-11	True	16	57	57	16	ok	12.69140625	
Cldn4	NK_xCell	mouse	Mammary	baseline	146	0.10000614855571742	0.10000614855571742	0.10000614855571742	True	139	16	0.22974903544229636	0.1307937699380748	0.1307937699380748	True	73	73	1.315743944636678	0.6866242277161959	2.5212948479931	0.5080653075780632	True	39	34	34	39	ok	1.315743944636678	
Cldn4	Neutrophil_TIMER	mouse	Mammary	baseline	146	-0.04335515618885857	0.04335515618885857	-0.04335515618885857	True	139	146	0.6033396936146106	-0.07674985926064926	0.07674985926064926	True	73	73	0.6806249999999999	0.3546618144267574	1.3061749863704808	0.32066566229833765	True	33	40	40	33	ok	1.4692378328741966	
Cldn4	Neutrophil_quanTIseq	mouse	Mammary	baseline	146	-0.051837348166523106	0.051837348166523106	-0.051837348166523106	True	139	143	0.5343449030295208	-0.04391067742540811	0.04391067742540811	True	73	73	0.8483379501385042	0.4431407609523724	1.62403764460419	0.7407468263294611	True	35	38	38	35	ok	1.1787755102040816	
Cldn4	Neutrophil_xCell	mouse	Mammary	baseline	146	0.17613220345716532	0.17613220345716532	0.17613220345716532	True	139	105	0.033455445333952914	0.31694501782698437	0.31694501782698437	True	73	73	2.5829081632653064	1.3254201389347455	5.033433840249663	0.007871819133846495	True	45	28	28	45	ok	2.5829081632653064	
Cldn4	Neutrophils_CIBERSORT_abs	mouse	Mammary	baseline	146	0.28231580144907253	0.28231580144907253	0.28231580144907253	True	139	78	0.0005555894121476962	0.3758678926627885	0.3758678926627885	True	73	73	3.2677514792899407	1.6596744624677167	6.4339121748758625	0.0008694485048152791	True	47	26	26	47	ok	3.2677514792899407	
Cldn4	Neutrophils_mMCPcounter	mouse	Mammary	baseline	146	0.5748599885839355	0.5748599885839355	0.5748599885839355	True	139	96	3.253359985656566e-14	0.6727340964533683	0.6727340964533683	True	73	73	25.840277777777775	10.768164589181067	62.00870632155676	1.1941153946937904e-16	True	61	12	12	61	ok	25.840277777777775	
Cldn4	Plasma_CIBERSORT_abs	mouse	Mammary	baseline	146	0.1806125434464196	0.1806125434464196	0.1806125434464196	True	139	125	0.02914165865445423	0.3462188027772566	0.3462188027772566	True	73	73	2.9026063100137174	1.4823153686576631	5.683759049574563	0.002762503185215444	True	46	27	27	46	ok	2.9026063100137174	
Cldn4	Plasmacytoid dendritic_xCell	mouse	Mammary	baseline	146	0.11968317248656792	0.11968317248656792	0.11968317248656792	True	139	40	0.15018333000471226	0.14899605929817983	0.14899605929817983	True	73	73	1.6416015625	0.8537142155822032	3.1566250635344577	0.185269418583736	True	41	32	32	41	ok	1.6416015625	
Cldn4	T CD4 Th1_xCell	mouse	Mammary	baseline	146	0.059535791307743835	0.059535791307743835	0.059535791307743835	True	139	145	0.4753361318286587	0.003753049352599014	0.003753049352599014	True	73	73	0.760026298487837	0.3966216013156811	1.4564006914322463	0.5080653075780632	True	34	39	39	34	ok	1.315743944636678	
Cldn4	T CD4 Th2_xCell	mouse	Mammary	baseline	146	0.016599421681605324	0.016599421681605324	0.016599421681605324	True	139	101	0.8423712826053532	0.1521861512478888	0.1521861512478888	True	73	73	1.6416015625	0.8537142155822032	3.1566250635344577	0.185269418583736	True	41	32	32	41	ok	1.6416015625	
Cldn4	T CD4 central memory_xCell	mouse	Mammary	baseline	146	0.193285730840427		0.193285730840427	False	139	2	0.019413569851950047	0.14505535747795073	0.14505535747795073	True	73	73					False	73	0	73	0	split collapsed or empty cell		
Cldn4	T CD4 effector memory_xCell	mouse	Mammary	baseline	146	-0.04995209914677386	0.04995209914677386	-0.04995209914677386	True	139	70	0.5493333203590304	0.05385625820979545	0.05385625820979545	True	73	73	0.8483379501385042	0.4431407609523724	1.62403764460419	0.7407468263294611	True	35	38	38	35	ok	1.1787755102040816	
Cldn4	T CD4 memory activated_CIBERSORT_abs	mouse	Mammary	baseline	146	0.07081953813462462	0.07081953813462462	0.07081953813462462	True	139	13	0.3956434118205078	0.058547569900544216	0.058547569900544216	True	73	73					False	73	0	73	0	split collapsed or empty cell		
Cldn4	T CD4 memory resting_CIBERSORT_abs	mouse	Mammary	baseline	146	-0.40928768093533857	0.40928768093533857	-0.40928768093533857	True	139	85	2.9061317284813536e-07	-0.4620003753049352	0.4620003753049352	True	73	73	0.18608227604767397	0.09175865393943523	0.37736618806481	2.7086613881241303e-06	True	22	51	51	22	ok	5.37396694214876	
Cldn4	T CD4 memory_xCell	mouse	Mammary	baseline	146	-0.04204210379417301	0.04204210379417301	-0.04204210379417301	True	139	88	0.6143646632297426	0.025520735597673205	0.025520735597673205	True	73	73	0.6806249999999999	0.3546618144267574	1.3061749863704808	0.32066566229833765	True	33	40	40	33	ok	1.4692378328741966	
Cldn4	T CD4 naive_CIBERSORT_abs	mouse	Mammary	baseline	146	0.29864787848081553	0.29864787848081553	0.29864787848081553	True	139	38	0.00025076174114864274	0.27941452430099445	0.27941452430099445	True	73	73					False	73	0	73	0	split collapsed or empty cell		
Cldn4	T CD4 naive_xCell	mouse	Mammary	baseline	146	-0.07278386963569078		-0.07278386963569078	False	139	4	0.3826357486048082	0.04635015950459742	0.04635015950459742	True	73	73	1.1787755102040816	0.6157492736221147	2.256619314032088	0.7407468263294611	True	38	35	35	38	ok	1.1787755102040816	
Cldn4	T CD4 nonregulatory_xCell	mouse	Mammary	baseline	146	0.04440795135288757		0.04440795135288757	False	139	3	0.5945641005867984	0.06342653405892285	0.06342653405892285	True	73	73					False	73	0	73	0	split collapsed or empty cell		
Cldn4	T CD4_EPIC	mouse	Mammary	baseline	146	0.031927333955852934	0.031927333955852934	0.031927333955852934	True	139	146	0.7020452813795408	-0.07224620003753046	0.07224620003753046	True	73	73	1.315743944636678	0.6866242277161959	2.5212948479931	0.5080653075780632	True	39	34	34	39	ok	1.315743944636678	
Cldn4	T CD4_TIMER	mouse	Mammary	baseline	146	0.20592831546717294	0.20592831546717294	0.20592831546717294	True	139	146	0.012644066434425477	0.1172827922687183	0.1172827922687183	True	73	73	1.1787755102040816	0.6157492736221147	2.256619314032088	0.7407468263294611	True	38	35	35	38	ok	1.1787755102040816	
Cldn4	T CD4_quanTIseq	mouse	Mammary	baseline	146	-0.14008674074953947	0.14008674074953947	-0.14008674074953947	True	139	26	0.09170886602149067	-0.17733158191030207	0.17733158191030207	True	73	73					False	73	0	73	0	split collapsed or empty cell		
Cldn4	T CD8 central memory_xCell	mouse	Mammary	baseline	146	0.010049183063810845	0.010049183063810845	0.010049183063810845	True	139	71	0.90417891528819	0.10452242446988169	0.10452242446988169	True	73	73	0.6806249999999999	0.3546618144267574	1.3061749863704808	0.32066566229833765	True	33	40	40	33	ok	1.4692378328741966	
Cldn4	T CD8 effector memory_xCell	mouse	Mammary	baseline	146	0.05774180496581346	0.05774180496581346	0.05774180496581346	True	139	25	0.48876295808896614	0.11240382811033967	0.11240382811033967	True	73	73	1.1787755102040816	0.6157492736221147	2.256619314032088	0.7407468263294611	True	38	35	35	38	ok	1.1787755102040816	
Cldn4	T CD8 naive_xCell	mouse	Mammary	baseline	146	0.1011493765294604	0.1011493765294604	0.1011493765294604	True	139	140	0.22444030345048935	0.22931131544379801	0.22931131544379801	True	73	73	1.6416015625	0.8537142155822032	3.1566250635344577	0.185269418583736	True	41	32	32	41	ok	1.6416015625	
Cldn4	T CD8_CIBERSORT_abs	mouse	Mammary	baseline	146	0.19082257894949797	0.19082257894949797	0.19082257894949797	True	139	121	0.021046937680646825	0.32219928692062294	0.32219928692062294	True	73	73	2.9026063100137174	1.4823153686576631	5.683759049574563	0.002762503185215444	True	46	27	27	46	ok	2.9026063100137174	
Cldn4	T CD8_EPIC	mouse	Mammary	baseline	146	-0.010043449639231712	0.010043449639231712	-0.010043449639231712	True	139	146	0.9042333240893394	0.033965096641020764	0.033965096641020764	True	73	73	1.315743944636678	0.6866242277161959	2.5212948479931	0.5080653075780632	True	39	34	34	39	ok	1.315743944636678	
Cldn4	T CD8_TIMER	mouse	Mammary	baseline	146	-0.05804338797071059	0.05804338797071059	-0.05804338797071059	True	139	146	0.48649175652434784	-0.02946143741790208	0.02946143741790208	True	73	73	0.6806249999999999	0.3546618144267574	1.3061749863704808	0.32066566229833765	True	33	40	40	33	ok	1.4692378328741966	
Cldn4	T CD8_quanTIseq	mouse	Mammary	baseline	146	0.1684832436127189	0.1684832436127189	0.1684832436127189	True	139	59	0.042067874579226484	0.2401951585663351	0.2401951585663351	True	73	73					False	73	0	73	0	split collapsed or empty cell		
Cldn4	T CD8_xCell	mouse	Mammary	baseline	146	-0.04942461044020898	0.04942461044020898	-0.04942461044020898	True	139	32	0.5535634783052255	-0.03771814599361978	0.03771814599361978	True	73	73	0.8483379501385042	0.4431407609523724	1.62403764460419	0.7407468263294611	True	35	38	38	35	ok	1.1787755102040816	
Cldn4	T NK_xCell	mouse	Mammary	baseline	146	0.11680414008106489	0.11680414008106489	0.11680414008106489	True	139	145	0.1603101412653571	0.1236629761681367	0.1236629761681367	True	73	73	1.1787755102040816	0.6157492736221147	2.256619314032088	0.7407468263294611	True	38	35	35	38	ok	1.1787755102040816	
Cldn4	T follicular helper_CIBERSORT_abs	mouse	Mammary	baseline	146	0.22469867516761224	0.22469867516761224	0.22469867516761224	True	139	123	0.0063977914274088235	0.24357290298367418	0.24357290298367418	True	73	73	2.0544444444444445	1.0624978762024757	3.972470976030746	0.04663822230651567	True	43	30	30	43	ok	2.0544444444444445	
Cldn4	T gamma delta_CIBERSORT_abs	mouse	Mammary	baseline	146	0.0607418566901309	0.0607418566901309	0.0607418566901309	True	139	23	0.4664233301098227	0.030399699756051834	0.030399699756051834	True	73	73					False	73	0	73	0	split collapsed or empty cell		
Cldn4	T gamma delta_xCell	mouse	Mammary	baseline	146	0.07075853667184685		0.07075853667184685	False	139	2	0.39605154574730855	0.016325764683805533	0.016325764683805533	True	73	73					False	73	0	73	0	split collapsed or empty cell		
Cldn4	T regulatory Tregs_xCell	mouse	Mammary	baseline	146	-0.18548121399143042	0.18548121399143042	-0.18548121399143042	True	139	14	0.02500017536703369	-0.16419590917620563	0.16419590917620563	True	73	73	0.48674959437533805	0.2517324874200064	0.9411783518797682	0.04663822230651567	True	30	43	43	30	ok	2.0544444444444445	
Cldn4	T_mMCPcounter	mouse	Mammary	baseline	146	0.14782765466287465	0.14782765466287465	0.14782765466287465	True	139	144	0.07496942015451236	0.24263464064552442	0.24263464064552442	True	73	73	1.8355879292403743	0.9522074550210918	3.5384968141194943	0.09755584963358659	True	42	31	31	42	ok	1.8355879292403743	
Cldn4	Treg_CIBERSORT_abs	mouse	Mammary	baseline	146	0.05418469296976531	0.05418469296976531	0.05418469296976531	True	139	115	0.5159726524953234	0.09007318446237567	0.09007318446237567	True	73	73	1.315743944636678	0.6866242277161959	2.5212948479931	0.5080653075780632	True	39	34	34	39	ok	1.315743944636678	
Cldn4	Tregs_quanTIseq	mouse	Mammary	baseline	146	-0.44040015722714415	0.44040015722714415	-0.44040015722714415	True	139	146	2.657876343521982e-08	-0.5124788890973917	0.5124788890973917	True	73	73	0.1423994304022784	0.06880149658943088	0.294726114751526	7.259423501644726e-08	True	20	53	53	20	ok	7.0225	
Cldn4	B derived_mMCPcounter	mouse	Melanoma	baseline	49	0.5676053830648513	0.5676053830648513	0.5676053830648513	True	19	45	2.10741803258582e-05			False	49	0					False	25	24	0	0	split collapsed or empty cell		
Cldn4	B memory_CIBERSORT_abs	mouse	Melanoma	baseline	49	0.3601500433817633	0.3601500433817633	0.3601500433817633	True	19	40	0.011025132512050475			False	49	0					False	25	24	0	0	split collapsed or empty cell		
Cldn4	B memory_xCell	mouse	Melanoma	baseline	49	-0.016944080416425235	0.016944080416425235	-0.016944080416425235	True	19	17	0.9080053300442186			False	49	0					False	25	24	0	0	split collapsed or empty cell		
Cldn4	B naive_CIBERSORT_abs	mouse	Melanoma	baseline	49	0.048555445983097134	0.048555445983097134	0.048555445983097134	True	19	14	0.7404108474992216			False	49	0					False	49	0	0	0	split collapsed or empty cell		
Cldn4	B naive_xCell	mouse	Melanoma	baseline	49	0.24364635991158948	0.24364635991158948	0.24364635991158948	True	19	35	0.091598543642632			False	49	0					False	25	24	0	0	split collapsed or empty cell		
Cldn4	B plasma_xCell	mouse	Melanoma	baseline	49	0.2455809961084206	0.2455809961084206	0.2455809961084206	True	19	48	0.0889721067841887			False	49	0					False	25	24	0	0	split collapsed or empty cell		
Cldn4	B_EPIC	mouse	Melanoma	baseline	49	0.30874726193438456	0.30874726193438456	0.30874726193438456	True	19	49	0.030890672025473093			False	49	0					False	25	24	0	0	split collapsed or empty cell		
Cldn4	B_TIMER	mouse	Melanoma	baseline	49	0.2577419781272511	0.2577419781272511	0.2577419781272511	True	19	49	0.0737822029320085			False	49	0					False	25	24	0	0	split collapsed or empty cell		
Cldn4	B_quanTIseq	mouse	Melanoma	baseline	49	0.07414656997888852	0.07414656997888852	0.07414656997888852	True	19	49	0.6126284574149348			False	49	0					False	25	24	0	0	split collapsed or empty cell		
Cldn4	B_xCell	mouse	Melanoma	baseline	49	0.12275866532001066	0.12275866532001066	0.12275866532001066	True	19	33	0.4007333550229758			False	49	0					False	25	24	0	0	split collapsed or empty cell		
Cldn4	CD8 T_mMCPcounter	mouse	Melanoma	baseline	46	0.33560764891685346	0.33560764891685346	0.33560764891685346	True	16	38	0.022599672027960482			False	46	0					False	23	23	0	0	split collapsed or empty cell		
Cldn4	Classswitched memory B_xCell	mouse	Melanoma	baseline	49	0.4391321524427766	0.4391321524427766	0.4391321524427766	True	19	39	0.0015961631337616158			False	49	0					False	25	24	0	0	split collapsed or empty cell		
Cldn4	Dendritic activated_CIBERSORT_abs	mouse	Melanoma	baseline	49	0.15059987098001182	0.15059987098001182	0.15059987098001182	True	19	9	0.30165527574880086			False	49	0					False	49	0	0	0	split collapsed or empty cell		
Cldn4	Dendritic resting_CIBERSORT_abs	mouse	Melanoma	baseline	49	0.5561560283525371	0.5561560283525371	0.5561560283525371	True	19	47	3.338531265190081e-05			False	49	0					False	25	24	0	0	split collapsed or empty cell		
Cldn4	Dendritic_TIMER	mouse	Melanoma	baseline	49	0.37214966333352967	0.37214966333352967	0.37214966333352967	True	19	49	0.008460512568181375			False	49	0					False	25	24	0	0	split collapsed or empty cell		
Cldn4	Dendritic_quanTIseq	mouse	Melanoma	baseline	49	0.3519374800503318	0.3519374800503318	0.3519374800503318	True	19	37	0.013143073020634985			False	49	0					False	25	24	0	0	split collapsed or empty cell		
Cldn4	Eosinophil_xCell	mouse	Melanoma	baseline	49	0.15630411761445162	0.15630411761445162	0.15630411761445162	True	19	13	0.2834989286584239			False	49	0					False	25	24	0	0	split collapsed or empty cell		
Cldn4	Eosinophils_CIBERSORT_abs	mouse	Melanoma	baseline	49	0.3131575172746974	0.3131575172746974	0.3131575172746974	True	19	45	0.02845555760605109			False	49	0					False	25	24	0	0	split collapsed or empty cell		
Cldn4	Eosinophils_mMCPcounter	mouse	Melanoma	baseline	49	0.14687632651869	0.14687632651869	0.14687632651869	True	19	49	0.31390229233734346			False	49	0					False	25	24	0	0	split collapsed or empty cell		
Cldn4	Granulocytes_mMCPcounter	mouse	Melanoma	baseline	49	0.5241304040825981	0.5241304040825981	0.5241304040825981	True	19	16	0.00011096301084531216			False	49	0					False	49	0	0	0	split collapsed or empty cell		
Cldn4	Macrophage M1_quanTIseq	mouse	Melanoma	baseline	49	0.3986766262857008	0.3986766262857008	0.3986766262857008	True	19	10	0.00454867670034961			False	49	0					False	49	0	0	0	split collapsed or empty cell		
Cldn4	Macrophage M1_xCell	mouse	Melanoma	baseline	49	0.4647153051817191	0.4647153051817191	0.4647153051817191	True	19	40	0.0007682696048845965			False	49	0					False	25	24	0	0	split collapsed or empty cell		
Cldn4	Macrophage M2_quanTIseq	mouse	Melanoma	baseline	49	0.4240437158469945	0.4240437158469945	0.4240437158469945	True	19	19	0.002394459154189389			False	49	0					False	49	0	0	0	split collapsed or empty cell		
Cldn4	Macrophage M2_xCell	mouse	Melanoma	baseline	49	0.35400334883246415	0.35400334883246415	0.35400334883246415	True	19	45	0.012579977557484788			False	49	0					False	25	24	0	0	split collapsed or empty cell		
Cldn4	Macrophage_EPIC	mouse	Melanoma	baseline	49	0.5774695442145602	0.5774695442145602	0.5774695442145602	True	19	49	1.3981377544825378e-05			False	49	0					False	25	24	0	0	split collapsed or empty cell		
Cldn4	Macrophage_TIMER	mouse	Melanoma	baseline	49	0.20041140507239236	0.20041140507239236	0.20041140507239236	True	19	43	0.16736562041626418			False	49	0					False	25	24	0	0	split collapsed or empty cell		
Cldn4	Macrophage_xCell	mouse	Melanoma	baseline	49	0.4243789311887512	0.4243789311887512	0.4243789311887512	True	19	40	0.0023734528870537324			False	49	0					False	25	24	0	0	split collapsed or empty cell		
Cldn4	Macrophages M0_CIBERSORT_abs	mouse	Melanoma	baseline	49	-0.2668032786885246	0.2668032786885246	-0.2668032786885246	True	19	19	0.06385950594814511			False	49	0					False	49	0	0	0	split collapsed or empty cell		
Cldn4	Macrophages M1_CIBERSORT_abs	mouse	Melanoma	baseline	49	0.511049530936259	0.511049530936259	0.511049530936259	True	19	47	0.00017522538066154131			False	49	0					False	25	24	0	0	split collapsed or empty cell		
Cldn4	Macrophages M2_CIBERSORT_abs	mouse	Melanoma	baseline	49	0.4396044861705928	0.4396044861705928	0.4396044861705928	True	19	43	0.00157555467190612			False	49	0					False	25	24	0	0	split collapsed or empty cell		
Cldn4	Macrophages_mMCPcounter	mouse	Melanoma	baseline	43	0.42343948911237106	0.42343948911237106	0.42343948911237106	True	15	43	0.004664864292150511			False	43	0					False	22	21	0	0	split collapsed or empty cell		
Cldn4	Mast activated_CIBERSORT_abs	mouse	Melanoma	baseline	49	0.5600897547851184	0.5600897547851184	0.5600897547851184	True	19	33	2.8558691952934594e-05			False	49	0					False	25	24	0	0	split collapsed or empty cell		
Cldn4	Mast resting_CIBERSORT_abs	mouse	Melanoma	baseline	49	-0.24504591390824015	0.24504591390824015	-0.24504591390824015	True	19	20	0.08969258192258286			False	49	0					False	49	0	0	0	split collapsed or empty cell		
Cldn4	Mast_mMCPcounter	mouse	Melanoma	baseline	49	0.31402491173636515	0.31402491173636515	0.31402491173636515	True	19	11	0.027995971083421656			False	49	0					False	49	0	0	0	split collapsed or empty cell		
Cldn4	Mast_xCell	mouse	Melanoma	baseline	49	0.42311805993673074	0.42311805993673074	0.42311805993673074	True	19	40	0.0024533228506275102			False	49	0					False	25	24	0	0	split collapsed or empty cell		
Cldn4	Memory B_mMCPcounter	mouse	Melanoma	baseline	48	0.37341962616032043	0.37341962616032043	0.37341962616032043	True	18	25	0.008942412944776702			False	48	0					False	24	24	0	0	split collapsed or empty cell		
Cldn4	Monocyte_quanTIseq	mouse	Melanoma	baseline	49	-0.20014819859099725	0.20014819859099725	-0.20014819859099725	True	19	41	0.16793570379340447			False	49	0					False	25	24	0	0	split collapsed or empty cell		
Cldn4	Monocyte_xCell	mouse	Melanoma	baseline	49	0.42626239380243963	0.42626239380243963	0.42626239380243963	True	19	23	0.0022584325243107267			False	49	0					False	25	24	0	0	split collapsed or empty cell		
Cldn4	Monocytes_CIBERSORT_abs	mouse	Melanoma	baseline	49	0.5685866601349961	0.5685866601349961	0.5685866601349961	True	19	38	2.0243201236179744e-05			False	49	0					False	25	24	0	0	split collapsed or empty cell		
Cldn4	Monocytes_mMCPcounter	mouse	Melanoma	baseline	49	-0.16128059648274162	0.16128059648274162	-0.16128059648274162	True	19	49	0.2682565658669838			False	49	0					False	25	24	0	0	split collapsed or empty cell		
Cldn4	Myeloid dendritic activated_xCell	mouse	Melanoma	baseline	49	0.43239116748859824	0.43239116748859824	0.43239116748859824	True	19	38	0.0019175870983426323			False	49	0					False	25	24	0	0	split collapsed or empty cell		
Cldn4	Myeloid dendritic_xCell	mouse	Melanoma	baseline	49	0.529702162570544	0.529702162570544	0.529702162570544	True	19	24	9.081824917134839e-05			False	49	0					False	25	24	0	0	split collapsed or empty cell		
Cldn4	NK activated_CIBERSORT_abs	mouse	Melanoma	baseline	49	0.20147242179420988	0.20147242179420988	0.20147242179420988	True	19	30	0.16508181007565023			False	49	0					False	25	24	0	0	split collapsed or empty cell		
Cldn4	NK resting_CIBERSORT_abs	mouse	Melanoma	baseline	49	0.2263883862725255	0.2263883862725255	0.2263883862725255	True	19	22	0.11777202327399199			False	49	0					False	49	0	0	0	split collapsed or empty cell		
Cldn4	NK_EPIC	mouse	Melanoma	baseline	49	-0.18890845854493893	0.18890845854493893	-0.18890845854493893	True	19	49	0.19361366362355265			False	49	0					False	25	24	0	0	split collapsed or empty cell		
Cldn4	NK_mMCPcounter	mouse	Melanoma	baseline	49	0.48757819638412836	0.48757819638412836	0.48757819638412836	True	19	25	0.00038030012078344154			False	49	0					False	49	0	0	0	split collapsed or empty cell		
Cldn4	NK_quanTIseq	mouse	Melanoma	baseline	49	0.5333121920296807	0.5333121920296807	0.5333121920296807	True	19	49	7.961304117108684e-05			False	49	0					False	25	24	0	0	split collapsed or empty cell		
Cldn4	NK_xCell	mouse	Melanoma	baseline	49	0.3737338853199195	0.3737338853199195	0.3737338853199195	True	19	5	0.008163955017310166			False	49	0					False	49	0	0	0	split collapsed or empty cell		
Cldn4	Neutrophil_TIMER	mouse	Melanoma	baseline	49	0.46011016434351687	0.46011016434351687	0.46011016434351687	True	19	49	0.0008800415664596688			False	49	0					False	25	24	0	0	split collapsed or empty cell		
Cldn4	Neutrophil_quanTIseq	mouse	Melanoma	baseline	49	0.20849961619425753	0.20849961619425753	0.20849961619425753	True	19	38	0.15052635928635139			False	49	0					False	25	24	0	0	split collapsed or empty cell		
Cldn4	Neutrophil_xCell	mouse	Melanoma	baseline	49	0.43513840558777145	0.43513840558777145	0.43513840558777145	True	19	23	0.0017802379744056517			False	49	0					False	25	24	0	0	split collapsed or empty cell		
Cldn4	Neutrophils_CIBERSORT_abs	mouse	Melanoma	baseline	49	0.4223775970744009	0.4223775970744009	0.4223775970744009	True	19	29	0.0025013283303401295			False	49	0					False	25	24	0	0	split collapsed or empty cell		
Cldn4	Neutrophils_mMCPcounter	mouse	Melanoma	baseline	49	0.2518235010293756	0.2518235010293756	0.2518235010293756	True	19	11	0.08089609109906895			False	49	0					False	49	0	0	0	split collapsed or empty cell		
Cldn4	Plasma_CIBERSORT_abs	mouse	Melanoma	baseline	49	0.4078165384997128	0.4078165384997128	0.4078165384997128	True	19	48	0.0036300939914506334			False	49	0					False	25	24	0	0	split collapsed or empty cell		
Cldn4	Plasmacytoid dendritic_xCell	mouse	Melanoma	baseline	49	-0.027026042620042722	0.027026042620042722	-0.027026042620042722	True	19	14	0.853752939253641			False	49	0					False	25	24	0	0	split collapsed or empty cell		
Cldn4	T CD4 Th1_xCell	mouse	Melanoma	baseline	49	0.04085145416034304	0.04085145416034304	0.04085145416034304	True	19	43	0.7804793863250373			False	49	0					False	25	24	0	0	split collapsed or empty cell		
Cldn4	T CD4 Th2_xCell	mouse	Melanoma	baseline	49	-0.024321964037660886	0.024321964037660886	-0.024321964037660886	True	19	45	0.8682489823831356			False	49	0					False	25	24	0	0	split collapsed or empty cell		
Cldn4	T CD4 central memory_xCell	mouse	Melanoma	baseline	49	-0.08469894622868676	0.08469894622868676	-0.08469894622868676	True	19	5	0.5628400059264128			False	49	0					False	25	24	0	0	split collapsed or empty cell		
Cldn4	T CD4 effector memory_xCell	mouse	Melanoma	baseline	49	0.19045261271841593	0.19045261271841593	0.19045261271841593	True	19	19	0.18992965975675669			False	49	0					False	25	24	0	0	split collapsed or empty cell		
Cldn4	T CD4 memory activated_CIBERSORT_abs	mouse	Melanoma	baseline	49	0.2902030335605001	0.2902030335605001	0.2902030335605001	True	19	16	0.04309998586691874			False	49	0					False	49	0	0	0	split collapsed or empty cell		
Cldn4	T CD4 memory resting_CIBERSORT_abs	mouse	Melanoma	baseline	49	-0.3185666792145307	0.3185666792145307	-0.3185666792145307	True	19	29	0.02568941623720171			False	49	0					False	25	24	0	0	split collapsed or empty cell		
Cldn4	T CD4 memory_xCell	mouse	Melanoma	baseline	49	0.2709556497652277	0.2709556497652277	0.2709556497652277	True	19	33	0.05968388345560174			False	49	0					False	25	24	0	0	split collapsed or empty cell		
Cldn4	T CD4 naive_CIBERSORT_abs	mouse	Melanoma	baseline	49	0.2387013984919368	0.2387013984919368	0.2387013984919368	True	19	16	0.09858588925551635			False	49	0					False	49	0	0	0	split collapsed or empty cell		
Cldn4	T CD4 naive_xCell	mouse	Melanoma	baseline	49	0.07319358643355313	0.07319358643355313	0.07319358643355313	True	19	7	0.6172160636105376			False	49	0					False	49	0	0	0	split collapsed or empty cell		
Cldn4	T CD4 nonregulatory_xCell	mouse	Melanoma	baseline	49	-0.015249636889707555	0.015249636889707555	-0.015249636889707555	True	19	7	0.9171711565233948			False	49	0					False	49	0	0	0	split collapsed or empty cell		
Cldn4	T CD4_EPIC	mouse	Melanoma	baseline	49	-0.09728785615064355	0.09728785615064355	-0.09728785615064355	True	19	49	0.5060411092751614			False	49	0					False	25	24	0	0	split collapsed or empty cell		
Cldn4	T CD4_TIMER	mouse	Melanoma	baseline	49	-0.5144213461751869	0.5144213461751869	-0.5144213461751869	True	19	49	0.00015603433811691927			False	49	0					False	25	24	0	0	split collapsed or empty cell		
Cldn4	T CD8 central memory_xCell	mouse	Melanoma	baseline	49	0.4466744487264884	0.4466744487264884	0.4466744487264884	True	19	22	0.0012941642970563133			False	49	0					False	25	24	0	0	split collapsed or empty cell		
Cldn4	T CD8 effector memory_xCell	mouse	Melanoma	baseline	49	0.21696844721327044	0.21696844721327044	0.21696844721327044	True	19	11	0.13426995393575744			False	49	0					False	25	24	0	0	split collapsed or empty cell		
Cldn4	T CD8 naive_xCell	mouse	Melanoma	baseline	49	0.41151219336866596	0.41151219336866596	0.41151219336866596	True	19	41	0.0033077613928320982			False	49	0					False	25	24	0	0	split collapsed or empty cell		
Cldn4	T CD8_CIBERSORT_abs	mouse	Melanoma	baseline	49	0.46577741809986506	0.46577741809986506	0.46577741809986506	True	19	49	0.0007443743577194735			False	49	0					False	25	24	0	0	split collapsed or empty cell		
Cldn4	T CD8_EPIC	mouse	Melanoma	baseline	49	0.2577419781272511	0.2577419781272511	0.2577419781272511	True	19	49	0.0737822029320085			False	49	0					False	25	24	0	0	split collapsed or empty cell		
Cldn4	T CD8_TIMER	mouse	Melanoma	baseline	49	0.37120512104080505	0.37120512104080505	0.37120512104080505	True	19	49	0.008641723950784037			False	49	0					False	25	24	0	0	split collapsed or empty cell		
Cldn4	T CD8_quanTIseq	mouse	Melanoma	baseline	49	0.5503331946094973	0.5503331946094973	0.5503331946094973	True	19	17	4.1916219362170636e-05			False	49	0					False	49	0	0	0	split collapsed or empty cell		
Cldn4	T CD8_xCell	mouse	Melanoma	baseline	49	0.289725707416985	0.289725707416985	0.289725707416985	True	19	18	0.043459981051707994			False	49	0					False	25	24	0	0	split collapsed or empty cell		
Cldn4	T NK_xCell	mouse	Melanoma	baseline	49	-0.2438099793095618	0.2438099793095618	-0.2438099793095618	True	19	49	0.09137410878692939			False	49	0					False	25	24	0	0	split collapsed or empty cell		
Cldn4	T follicular helper_CIBERSORT_abs	mouse	Melanoma	baseline	49	0.28858639490651183	0.28858639490651183	0.28858639490651183	True	19	42	0.04432918156999492			False	49	0					False	25	24	0	0	split collapsed or empty cell		
Cldn4	T gamma delta_CIBERSORT_abs	mouse	Melanoma	baseline	49	-0.10628314333598272		-0.10628314333598272	False	19	2	0.4673249218677297			False	49	0					False	49	0	0	0	split collapsed or empty cell		
Cldn4	T gamma delta_xCell	mouse	Melanoma	baseline	49	0.14047774812138136	0.14047774812138136	0.14047774812138136	True	19	5	0.3356759656013892			False	49	0					False	49	0	0	0	split collapsed or empty cell		
Cldn4	T regulatory Tregs_xCell	mouse	Melanoma	baseline	49	0.06261689464724843	0.06261689464724843	0.06261689464724843	True	19	9	0.6690713807301645			False	49	0					False	49	0	0	0	split collapsed or empty cell		
Cldn4	T_mMCPcounter	mouse	Melanoma	baseline	47	0.5190451581735146	0.5190451581735146	0.5190451581735146	True	17	42	0.00018540268628715236			False	47	0					False	24	23	0	0	split collapsed or empty cell		
Cldn4	Treg_CIBERSORT_abs	mouse	Melanoma	baseline	49	0.229512157026999	0.229512157026999	0.229512157026999	True	19	28	0.1126557253092768			False	49	0					False	25	24	0	0	split collapsed or empty cell		
Cldn4	Tregs_quanTIseq	mouse	Melanoma	baseline	49	0.5085698543767255	0.5085698543767255	0.5085698543767255	True	19	47	0.00019068238785931182			False	49	0					False	25	24	0	0	split collapsed or empty cell		
Cldn4	B derived_mMCPcounter	study	pan-cancer	baseline	23	0.42188520004319774	0.42188520004319774	0.42188520004319774	True	17	23	0.04494305456038661	0.43939393939393945	0.43939393939393945	True	12	11	8.0	1.2425366978157932	51.50753302699477	0.03912570132788197	True	9	3	3	8	ok	8.0	
Cldn4	B memory_CIBERSORT_abs	study	pan-cancer	baseline	23	0.40785576346218877	0.40785576346218877	0.40785576346218877	True	17	23	0.05337312848652358	0.25757575757575757	0.25757575757575757	True	12	11	1.6799999999999997	0.3223305723679225	8.756228052666332	0.6842726529090777	True	7	5	5	6	ok	1.6799999999999997	
Cldn4	B memory_xCell	study	pan-cancer	baseline	23	0.20764052072952618	0.20764052072952618	0.20764052072952618	True	17	11	0.341760129771314	0.16666666666666674	0.16666666666666674	True	12	11	1.6799999999999997	0.3223305723679225	8.756228052666332	0.6842726529090777	True	7	5	5	6	ok	1.6799999999999997	
Cldn4	B naive_CIBERSORT_abs	study	pan-cancer	baseline	23	0.442773786896922	0.442773786896922	0.442773786896922	True	17	6	0.034359060326750755	0.41666666666666674	0.41666666666666674	True	12	11					False	12	0	11	0	split collapsed or empty cell		
Cldn4	B naive_xCell	study	pan-cancer	baseline	23	-0.017039954414774926	0.017039954414774926	-0.017039954414774926	True	17	14	0.9384892951585604	0.030303030303030276	0.030303030303030276	True	12	11	0.8333333333333334	0.16167369413184354	4.295345932271028	1.0	True	6	6	6	5	ok	1.2	
Cldn4	B plasma_xCell	study	pan-cancer	baseline	23	0.20843734348927584	0.20843734348927584	0.20843734348927584	True	17	23	0.33986909978987073	0.19696969696969702	0.19696969696969702	True	12	11	0.8333333333333334	0.16167369413184354	4.295345932271028	1.0	True	6	6	6	5	ok	1.2	
Cldn4	B_EPIC	study	pan-cancer	baseline	23	-0.05812195154989422	0.05812195154989422	-0.05812195154989422	True	17	23	0.7922261037148074	0.06060606060606055	0.06060606060606055	True	12	11	1.6799999999999997	0.3223305723679225	8.756228052666332	0.6842726529090777	True	7	5	5	6	ok	1.6799999999999997	
Cldn4	B_TIMER	study	pan-cancer	baseline	23	0.15231959716524004	0.15231959716524004	0.15231959716524004	True	17	23	0.48779061064674206	0.2727272727272727	0.2727272727272727	True	12	11	8.0	1.2425366978157932	51.50753302699477	0.03912570132788197	True	9	3	3	8	ok	8.0	
Cldn4	B_quanTIseq	study	pan-cancer	baseline	23	0.15432380239109844	0.15432380239109844	0.15432380239109844	True	17	23	0.4820139438248906	0.1212121212121211	0.1212121212121211	True	12	11	3.5	0.6283014498508332	19.497010555853898	0.2203467551428246	True	8	4	4	7	ok	3.5	
Cldn4	B_xCell	study	pan-cancer	baseline	23	0.11925021093857607	0.11925021093857607	0.11925021093857607	True	17	19	0.5878521923399056	0.1212121212121211	0.1212121212121211	True	12	11	1.6799999999999997	0.3223305723679225	8.756228052666332	0.6842726529090777	True	7	5	5	6	ok	1.6799999999999997	
Cldn4	CD8 T_mMCPcounter	study	pan-cancer	baseline	23	0.5982552599187387	0.5982552599187387	0.5982552599187387	True	17	23	0.002566075083060275	0.48484848484848486	0.48484848484848486	True	12	11	8.0	1.2425366978157932	51.50753302699477	0.03912570132788197	True	9	3	3	8	ok	8.0	
Cldn4	Classswitched memory B_xCell	study	pan-cancer	baseline	23	0.351738017138153	0.351738017138153	0.351738017138153	True	17	21	0.09978676685261902	0.2272727272727273	0.2272727272727273	True	12	11	1.6799999999999997	0.3223305723679225	8.756228052666332	0.6842726529090777	True	7	5	5	6	ok	1.6799999999999997	
Cldn4	Dendritic activated_CIBERSORT_abs	study	pan-cancer	baseline	23	-0.032595303440162135		-0.032595303440162135	False	17	2	0.8826246614257666	-0.09090909090909094	0.09090909090909094	True	12	11					False	12	0	11	0	split collapsed or empty cell		
Cldn4	Dendritic resting_CIBERSORT_abs	study	pan-cancer	baseline	23	0.6022636703704556	0.6022636703704556	0.6022636703704556	True	17	23	0.002358282825019675	0.48484848484848486	0.48484848484848486	True	12	11	3.5	0.6283014498508332	19.497010555853898	0.2203467551428246	True	8	4	4	7	ok	3.5	
Cldn4	Dendritic_TIMER	study	pan-cancer	baseline	23	0.07315349074383239	0.07315349074383239	0.07315349074383239	True	17	23	0.7401067474044271	0.1212121212121211	0.1212121212121211	True	12	11	0.8333333333333334	0.16167369413184354	4.295345932271028	1.0	True	6	6	6	5	ok	1.2	
Cldn4	Dendritic_quanTIseq	study	pan-cancer	baseline	23	0.3448084893342691	0.3448084893342691	0.3448084893342691	True	17	22	0.10711709358996112	0.24242424242424243	0.24242424242424243	True	12	11	3.5	0.6283014498508332	19.497010555853898	0.2203467551428246	True	8	4	4	7	ok	3.5	
Cldn4	Eosinophil_xCell	study	pan-cancer	baseline	23	0.392209872489105	0.392209872489105	0.392209872489105	True	17	9	0.06416334745211624	0.39393939393939403	0.39393939393939403	True	12	11	3.5	0.6283014498508332	19.497010555853898	0.2203467551428246	True	8	4	4	7	ok	3.5	
Cldn4	Eosinophils_CIBERSORT_abs	study	pan-cancer	baseline	23	-0.4330490055209402	0.4330490055209402	-0.4330490055209402	True	17	19	0.03900939224516509	-0.25757575757575757	0.25757575757575757	True	12	11	0.8333333333333334	0.16167369413184354	4.295345932271028	1.0	True	6	6	6	5	ok	1.2	
Cldn4	Eosinophils_mMCPcounter	study	pan-cancer	baseline	23	0.4379188418500651	0.4379188418500651	0.4379188418500651	True	17	23	0.036622488156509224	0.39393939393939403	0.39393939393939403	True	12	11	3.5	0.6283014498508332	19.497010555853898	0.2203467551428246	True	8	4	4	7	ok	3.5	
Cldn4	Granulocytes_mMCPcounter	study	pan-cancer	baseline	23	0.8689024390243905	0.8689024390243905	0.8689024390243905	True	17	17	7.536182107390144e-08	0.803030303030303	0.803030303030303	True	12	11	8.0	1.2425366978157932	51.50753302699477	0.03912570132788197	True	9	3	3	8	ok	8.0	
Cldn4	Macrophage M1_quanTIseq	study	pan-cancer	baseline	23	0.2169680844694426	0.2169680844694426	0.2169680844694426	True	17	14	0.32001511743720656	0.08333333333333326	0.08333333333333326	True	12	11	0.8333333333333334	0.16167369413184354	4.295345932271028	1.0	True	6	6	6	5	ok	1.2	
Cldn4	Macrophage M1_xCell	study	pan-cancer	baseline	23	0.2665592950391701	0.2665592950391701	0.2665592950391701	True	17	23	0.21889244380951392	0.21212121212121215	0.21212121212121215	True	12	11	1.6799999999999997	0.3223305723679225	8.756228052666332	0.6842726529090777	True	7	5	5	6	ok	1.6799999999999997	
Cldn4	Macrophage M2_quanTIseq	study	pan-cancer	baseline	23	0.404848711733435	0.404848711733435	0.404848711733435	True	17	20	0.05532949015850602	0.40909090909090917	0.40909090909090917	True	12	11	3.5	0.6283014498508332	19.497010555853898	0.2203467551428246	True	8	4	4	7	ok	3.5	
Cldn4	Macrophage M2_xCell	study	pan-cancer	baseline	23	-0.0370777966783808	0.0370777966783808	-0.0370777966783808	True	17	23	0.8666149203971663	-0.030303030303030276	0.030303030303030276	True	12	11	0.8333333333333334	0.16167369413184354	4.295345932271028	1.0	True	6	6	6	5	ok	1.2	
Cldn4	Macrophage_EPIC	study	pan-cancer	baseline	23	0.5892363364023758	0.5892363364023758	0.5892363364023758	True	17	23	0.003090826232636627	0.5757575757575757	0.5757575757575757	True	12	11	3.5	0.6283014498508332	19.497010555853898	0.2203467551428246	True	8	4	4	7	ok	3.5	
Cldn4	Macrophage_TIMER	study	pan-cancer	baseline	23	0.15335958973297434	0.15335958973297434	0.15335958973297434	True	17	22	0.48478875665286114	0.1212121212121211	0.1212121212121211	True	12	11	1.6799999999999997	0.3223305723679225	8.756228052666332	0.6842726529090777	True	7	5	5	6	ok	1.6799999999999997	
Cldn4	Macrophage_xCell	study	pan-cancer	baseline	23	0.22647519052200163	0.22647519052200163	0.22647519052200163	True	17	21	0.29873644761159035	0.18181818181818188	0.18181818181818188	True	12	11	0.8333333333333334	0.16167369413184354	4.295345932271028	1.0	True	6	6	6	5	ok	1.2	
Cldn4	Macrophages M0_CIBERSORT_abs	study	pan-cancer	baseline	23	0.12393142040444632	0.12393142040444632	0.12393142040444632	True	17	11	0.5731703238349826	0.06060606060606055	0.06060606060606055	True	12	11					False	12	0	11	0	split collapsed or empty cell		
Cldn4	Macrophages M1_CIBERSORT_abs	study	pan-cancer	baseline	23	0.6694045454367127	0.6694045454367127	0.6694045454367127	True	17	23	0.00047704771487165463	0.5606060606060606	0.5606060606060606	True	12	11	8.0	1.2425366978157932	51.50753302699477	0.03912570132788197	True	9	3	3	8	ok	8.0	
Cldn4	Macrophages M2_CIBERSORT_abs	study	pan-cancer	baseline	23	0.5691942841437917	0.5691942841437917	0.5691942841437917	True	17	23	0.004587610004013315	0.4545454545454546	0.4545454545454546	True	12	11	1.6799999999999997	0.3223305723679225	8.756228052666332	0.6842726529090777	True	7	5	5	6	ok	1.6799999999999997	
Cldn4	Macrophages_mMCPcounter	study	pan-cancer	baseline	15	0.7679817174694636	0.7679817174694636	0.7679817174694636	True	9	15	0.0008267111168586261	0.8214285714285714	0.8214285714285714	True	8	7	42.0	2.136212890851835	825.7603947407077	0.0101010101010101	True	7	1	1	6	ok	42.0	
Cldn4	Mast activated_CIBERSORT_abs	study	pan-cancer	baseline	23	-0.03940735744293596	0.03940735744293596	-0.03940735744293596	True	17	16	0.8583142086538735	0.07575757575757569	0.07575757575757569	True	12	11	1.6799999999999997	0.3223305723679225	8.756228052666332	0.6842726529090777	True	7	5	5	6	ok	1.6799999999999997	
Cldn4	Mast resting_CIBERSORT_abs	study	pan-cancer	baseline	23	0.1570944700088005	0.1570944700088005	0.1570944700088005	True	17	13	0.47408527284689234	0.045454545454545414	0.045454545454545414	True	12	11	1.6799999999999997	0.3223305723679225	8.756228052666332	0.6842726529090777	True	7	5	5	6	ok	1.6799999999999997	
Cldn4	Mast_mMCPcounter	study	pan-cancer	baseline	23	0.6478157721501105	0.6478157721501105	0.6478157721501105	True	17	15	0.0008310065673699224	0.5606060606060606	0.5606060606060606	True	12	11	3.5	0.6283014498508332	19.497010555853898	0.2203467551428246	True	8	4	4	7	ok	3.5	
Cldn4	Mast_xCell	study	pan-cancer	baseline	23	0.17436585464968268	0.17436585464968268	0.17436585464968268	True	17	23	0.42619500255284526	0.13636363636363646	0.13636363636363646	True	12	11	1.6799999999999997	0.3223305723679225	8.756228052666332	0.6842726529090777	True	7	5	5	6	ok	1.6799999999999997	
Cldn4	Memory B_mMCPcounter	study	pan-cancer	baseline	23	0.4359756097560976	0.4359756097560976	0.4359756097560976	True	17	17	0.037560730956982355	0.3787878787878789	0.3787878787878789	True	12	11	3.5	0.6283014498508332	19.497010555853898	0.2203467551428246	True	8	4	4	7	ok	3.5	
Cldn4	Monocyte_quanTIseq	study	pan-cancer	baseline	23	-0.449251398966118	0.449251398966118	-0.449251398966118	True	17	11	0.03151303916022847	-0.36363636363636365	0.36363636363636365	True	12	11					False	12	0	11	0	split collapsed or empty cell		
Cldn4	Monocyte_xCell	study	pan-cancer	baseline	23	0.518087050884402	0.518087050884402	0.518087050884402	True	17	20	0.011328480317175342	0.5303030303030303	0.5303030303030303	True	12	11	8.0	1.2425366978157932	51.50753302699477	0.03912570132788197	True	9	3	3	8	ok	8.0	
Cldn4	Monocytes_CIBERSORT_abs	study	pan-cancer	baseline	23	-0.23882605237824403	0.23882605237824403	-0.23882605237824403	True	17	13	0.2724342453414149	-0.12121212121212122	0.12121212121212122	True	12	11	0.8333333333333334	0.16167369413184354	4.295345932271028	1.0	True	6	6	6	5	ok	1.2	
Cldn4	Monocytes_mMCPcounter	study	pan-cancer	baseline	23	-0.10622287697049634	0.10622287697049634	-0.10622287697049634	True	17	23	0.6295312460772217	-0.16666666666666663	0.16666666666666663	True	12	11	0.8333333333333334	0.16167369413184354	4.295345932271028	1.0	True	6	6	6	5	ok	1.2	
Cldn4	Myeloid dendritic activated_xCell	study	pan-cancer	baseline	23	0.22547308790907244	0.22547308790907244	0.22547308790907244	True	17	23	0.30093705750560223	0.16666666666666674	0.16666666666666674	True	12	11	1.6799999999999997	0.3223305723679225	8.756228052666332	0.6842726529090777	True	7	5	5	6	ok	1.6799999999999997	
Cldn4	Myeloid dendritic_xCell	study	pan-cancer	baseline	23	0.6343309539841904	0.6343309539841904	0.6343309539841904	True	17	18	0.001151005211663621	0.48484848484848486	0.48484848484848486	True	12	11	3.5	0.6283014498508332	19.497010555853898	0.2203467551428246	True	8	4	4	7	ok	3.5	
Cldn4	NK activated_CIBERSORT_abs	study	pan-cancer	baseline	23	0.41345035109511796	0.41345035109511796	0.41345035109511796	True	17	18	0.049876108418361695	0.36363636363636354	0.36363636363636354	True	12	11	3.5	0.6283014498508332	19.497010555853898	0.2203467551428246	True	8	4	4	7	ok	3.5	
Cldn4	NK resting_CIBERSORT_abs	study	pan-cancer	baseline	23	0.2054465049448182	0.2054465049448182	0.2054465049448182	True	17	19	0.34699913465325133	0.16666666666666674	0.16666666666666674	True	12	11	0.8333333333333334	0.16167369413184354	4.295345932271028	1.0	True	6	6	6	5	ok	1.2	
Cldn4	NK_EPIC	study	pan-cancer	baseline	23	0.14931328932645238	0.14931328932645238	0.14931328932645238	True	17	23	0.49652003372173165	0.1515151515151516	0.1515151515151516	True	12	11	1.6799999999999997	0.3223305723679225	8.756228052666332	0.6842726529090777	True	7	5	5	6	ok	1.6799999999999997	
Cldn4	NK_mMCPcounter	study	pan-cancer	baseline	23	0.26459225711685574	0.26459225711685574	0.26459225711685574	True	17	16	0.22243999381012022	0.13636363636363646	0.13636363636363646	True	12	11	1.6799999999999997	0.3223305723679225	8.756228052666332	0.6842726529090777	True	7	5	5	6	ok	1.6799999999999997	
Cldn4	NK_quanTIseq	study	pan-cancer	baseline	23	0.3417169910088608	0.3417169910088608	0.3417169910088608	True	17	23	0.1105118230573857	0.3181818181818181	0.3181818181818181	True	12	11	1.6799999999999997	0.3223305723679225	8.756228052666332	0.6842726529090777	True	7	5	5	6	ok	1.6799999999999997	
Cldn4	NK_xCell	study	pan-cancer	baseline	23	0.41929341867121706	0.41929341867121706	0.41929341867121706	True	17	9	0.0464164191663648	0.25757575757575757	0.25757575757575757	True	12	11	0.8333333333333334	0.16167369413184354	4.295345932271028	1.0	True	6	6	6	5	ok	1.2	
Cldn4	Neutrophil_TIMER	study	pan-cancer	baseline	23	0.3838053007518877	0.3838053007518877	0.3838053007518877	True	17	23	0.0706089639351363	0.3787878787878789	0.3787878787878789	True	12	11	3.5	0.6283014498508332	19.497010555853898	0.2203467551428246	True	8	4	4	7	ok	3.5	
Cldn4	Neutrophil_quanTIseq	study	pan-cancer	baseline	23	0.5832237207248007	0.5832237207248007	0.5832237207248007	True	17	23	0.0034887348446553134	0.6212121212121211	0.6212121212121211	True	12	11	3.5	0.6283014498508332	19.497010555853898	0.2203467551428246	True	8	4	4	7	ok	3.5	
Cldn4	Neutrophil_xCell	study	pan-cancer	baseline	23	0.524618320490542	0.524618320490542	0.524618320490542	True	17	19	0.010168850700598002	0.43939393939393945	0.43939393939393945	True	12	11	3.5	0.6283014498508332	19.497010555853898	0.2203467551428246	True	8	4	4	7	ok	3.5	
Cldn4	Neutrophils_CIBERSORT_abs	study	pan-cancer	baseline	23	0.5564900202392726	0.5564900202392726	0.5564900202392726	True	17	18	0.005819712729172831	0.5606060606060606	0.5606060606060606	True	12	11	8.0	1.2425366978157932	51.50753302699477	0.03912570132788197	True	9	3	3	8	ok	8.0	
Cldn4	Neutrophils_mMCPcounter	study	pan-cancer	baseline	23	0.6659111322888902	0.6659111322888902	0.6659111322888902	True	17	8	0.0005234249724953651	0.4545454545454546	0.4545454545454546	True	12	11					False	12	0	11	0	split collapsed or empty cell		
Cldn4	Plasma_CIBERSORT_abs	study	pan-cancer	baseline	23	0.3838053007518877	0.3838053007518877	0.3838053007518877	True	17	23	0.0706089639351363	0.33333333333333326	0.33333333333333326	True	12	11	3.5	0.6283014498508332	19.497010555853898	0.2203467551428246	True	8	4	4	7	ok	3.5	
Cldn4	Plasmacytoid dendritic_xCell	study	pan-cancer	baseline	23	0.2565382689098779	0.2565382689098779	0.2565382689098779	True	17	13	0.2373616635656011	0.09090909090909083	0.09090909090909083	True	12	11	0.8333333333333334	0.16167369413184354	4.295345932271028	1.0	True	6	6	6	5	ok	1.2	
Cldn4	T CD4 Th1_xCell	study	pan-cancer	baseline	23	-0.18438688077897475	0.18438688077897475	-0.18438688077897475	True	17	22	0.39965845897415153	-0.19696969696969702	0.19696969696969702	True	12	11	0.8333333333333334	0.16167369413184354	4.295345932271028	1.0	True	6	6	6	5	ok	1.2	
Cldn4	T CD4 Th2_xCell	study	pan-cancer	baseline	23	0.23348990881250611	0.23348990881250611	0.23348990881250611	True	17	21	0.2836117663974546	0.303030303030303	0.303030303030303	True	12	11	1.6799999999999997	0.3223305723679225	8.756228052666332	0.6842726529090777	True	7	5	5	6	ok	1.6799999999999997	
Cldn4	T CD4 central memory_xCell	study	pan-cancer	baseline	23	-0.3659254619701196		-0.3659254619701196	False	17	1	0.08594428708743798	-0.3257575757575758	0.3257575757575758	True	12	11	0.8333333333333334	0.16167369413184354	4.295345932271028	1.0	True	6	6	6	5	ok	1.2	
Cldn4	T CD4 effector memory_xCell	study	pan-cancer	baseline	23	0.5933913537380444	0.5933913537380444	0.5933913537380444	True	17	15	0.0028388187737510484	0.6515151515151516	0.6515151515151516	True	12	11	8.0	1.2425366978157932	51.50753302699477	0.03912570132788197	True	9	3	3	8	ok	8.0	
Cldn4	T CD4 memory activated_CIBERSORT_abs	study	pan-cancer	baseline	23	-0.21397538974121205	0.21397538974121205	-0.21397538974121205	True	17	10	0.3268984888571058	-0.4242424242424242	0.4242424242424242	True	12	11					False	12	0	11	0	split collapsed or empty cell		
Cldn4	T CD4 memory resting_CIBERSORT_abs	study	pan-cancer	baseline	23	-0.3203506001131226	0.3203506001131226	-0.3203506001131226	True	17	8	0.13615318079206182	-0.11363636363636365	0.11363636363636365	True	12	11					False	12	0	11	0	split collapsed or empty cell		
Cldn4	T CD4 memory_xCell	study	pan-cancer	baseline	23	0.1812763278924866	0.1812763278924866	0.1812763278924866	True	17	15	0.407795101450196	0.1515151515151516	0.1515151515151516	True	12	11	0.8333333333333334	0.16167369413184354	4.295345932271028	1.0	True	6	6	6	5	ok	1.2	
Cldn4	T CD4 naive_CIBERSORT_abs	study	pan-cancer	baseline	23	0.17199022915847806		0.17199022915847806	False	17	4	0.4326223211006573	0.07575757575757569	0.07575757575757569	True	12	11					False	12	0	11	0	split collapsed or empty cell		
Cldn4	T CD4 naive_xCell	study	pan-cancer	baseline	23	0.2817971024795893		0.2817971024795893	False	17	3	0.1926859687559158	0.3181818181818181	0.3181818181818181	True	12	11	3.5	0.6283014498508332	19.497010555853898	0.2203467551428246	True	8	4	4	7	ok	3.5	
Cldn4	T CD4 nonregulatory_xCell	study	pan-cancer	baseline	23	-0.006368694730086505		-0.006368694730086505	False	17	3	0.9769921446371751	-0.030303030303030276	0.030303030303030276	True	12	11	0.8333333333333334	0.16167369413184354	4.295345932271028	1.0	True	6	6	6	5	ok	1.2	
Cldn4	T CD4_EPIC	study	pan-cancer	baseline	23	0.1322775449066558	0.1322775449066558	0.1322775449066558	True	17	23	0.5474023830065065	0.16666666666666674	0.16666666666666674	True	12	11	1.6799999999999997	0.3223305723679225	8.756228052666332	0.6842726529090777	True	7	5	5	6	ok	1.6799999999999997	
Cldn4	T CD4_TIMER	study	pan-cancer	baseline	23	0.03807989929131001	0.03807989929131001	0.03807989929131001	True	17	23	0.863042497225477	-0.19696969696969702	0.19696969696969702	True	12	11	0.40816326530612246	0.07598234362487462	2.192578475439609	0.41364921254543	True	5	7	7	4	ok	2.4499999999999997	
Cldn4	T CD8 central memory_xCell	study	pan-cancer	baseline	23	0.470988228076729	0.470988228076729	0.470988228076729	True	17	18	0.0233033337791857	0.40909090909090917	0.40909090909090917	True	12	11	1.6799999999999997	0.3223305723679225	8.756228052666332	0.6842726529090777	True	7	5	5	6	ok	1.6799999999999997	
Cldn4	T CD8 effector memory_xCell	study	pan-cancer	baseline	23	0.2165076560936108	0.2165076560936108	0.2165076560936108	True	17	13	0.3210683712073241	0.1287878787878789	0.1287878787878789	True	12	11	3.5	0.6283014498508332	19.497010555853898	0.2203467551428246	True	8	4	4	7	ok	3.5	
Cldn4	T CD8 naive_xCell	study	pan-cancer	baseline	23	-0.0748417593651139	0.0748417593651139	-0.0748417593651139	True	17	20	0.7343168796367068	-0.12878787878787878	0.12878787878787878	True	12	11	0.8333333333333334	0.16167369413184354	4.295345932271028	1.0	True	6	6	6	5	ok	1.2	
Cldn4	T CD8_CIBERSORT_abs	study	pan-cancer	baseline	23	0.651366698403987	0.651366698403987	0.651366698403987	True	17	23	0.0007607242510397322	0.5	0.5	True	12	11	3.5	0.6283014498508332	19.497010555853898	0.2203467551428246	True	8	4	4	7	ok	3.5	
Cldn4	T CD8_EPIC	study	pan-cancer	baseline	23	0.4068536608492596	0.4068536608492596	0.4068536608492596	True	17	23	0.0540190496798641	0.36363636363636354	0.36363636363636354	True	12	11	3.5	0.6283014498508332	19.497010555853898	0.2203467551428246	True	8	4	4	7	ok	3.5	
Cldn4	T CD8_TIMER	study	pan-cancer	baseline	23	0.43290832878541907	0.43290832878541907	0.43290832878541907	True	17	23	0.039080117653800504	0.4545454545454546	0.4545454545454546	True	12	11	3.5	0.6283014498508332	19.497010555853898	0.2203467551428246	True	8	4	4	7	ok	3.5	
Cldn4	T CD8_quanTIseq	study	pan-cancer	baseline	23	0.6534552845528456	0.6534552845528456	0.6534552845528456	True	17	17	0.000721818553423168	0.5909090909090908	0.5909090909090908	True	12	11	8.0	1.2425366978157932	51.50753302699477	0.03912570132788197	True	9	3	3	8	ok	8.0	
Cldn4	T CD8_xCell	study	pan-cancer	baseline	23	0.17290541979698085	0.17290541979698085	0.17290541979698085	True	17	17	0.4301401166184313	0.06060606060606055	0.06060606060606055	True	12	11	0.8333333333333334	0.16167369413184354	4.295345932271028	1.0	True	6	6	6	5	ok	1.2	
Cldn4	T NK_xCell	study	pan-cancer	baseline	23	-0.14985136382405007	0.14985136382405007	-0.14985136382405007	True	17	21	0.4949519790175671	-0.045454545454545414	0.045454545454545414	True	12	11	0.8333333333333334	0.16167369413184354	4.295345932271028	1.0	True	6	6	6	5	ok	1.2	
Cldn4	T follicular helper_CIBERSORT_abs	study	pan-cancer	baseline	23	0.5813631506217327	0.5813631506217327	0.5813631506217327	True	17	22	0.0036202711172042853	0.4545454545454546	0.4545454545454546	True	12	11	8.0	1.2425366978157932	51.50753302699477	0.03912570132788197	True	9	3	3	8	ok	8.0	
Cldn4	T gamma delta_CIBERSORT_abs	study	pan-cancer	baseline	23	-0.2607624275212971		-0.2607624275212971	False	17	2	0.2294559526654549	-0.09090909090909094	0.09090909090909094	True	12	11					False	12	0	11	0	split collapsed or empty cell		
Cldn4	T gamma delta_xCell	study	pan-cancer	baseline	23	0.07113795694244283	0.07113795694244283	0.07113795694244283	True	17	5	0.7470368459449283	-0.0757575757575758	0.0757575757575758	True	12	11	0.8333333333333334	0.16167369413184354	4.295345932271028	1.0	True	6	6	6	5	ok	1.2	
Cldn4	T regulatory Tregs_xCell	study	pan-cancer	baseline	23	-0.019630780974245775	0.019630780974245775	-0.019630780974245775	True	17	7	0.9291582506101375	-0.015151515151515138	0.015151515151515138	True	12	11	0.8333333333333334	0.16167369413184354	4.295345932271028	1.0	True	6	6	6	5	ok	1.2	
Cldn4	T_mMCPcounter	study	pan-cancer	baseline	23	0.5401333083688445	0.5401333083688445	0.5401333083688445	True	17	23	0.007801378392982471	0.3484848484848484	0.3484848484848484	True	12	11	3.5	0.6283014498508332	19.497010555853898	0.2203467551428246	True	8	4	4	7	ok	3.5	
Cldn4	Treg_CIBERSORT_abs	study	pan-cancer	baseline	23	0.5274390243902439	0.5274390243902439	0.5274390243902439	True	17	17	0.009699226947372302	0.5	0.5	True	12	11	3.5	0.6283014498508332	19.497010555853898	0.2203467551428246	True	8	4	4	7	ok	3.5	
Cldn4	Tregs_quanTIseq	study	pan-cancer	baseline	23	0.4409251496888527	0.4409251496888527	0.4409251496888527	True	17	23	0.03520748784895146	0.48484848484848486	0.48484848484848486	True	12	11	3.5	0.6283014498508332	19.497010555853898	0.2203467551428246	True	8	4	4	7	ok	3.5	
Cldn4	B derived_mMCPcounter	study	Mammary	baseline	6	-0.028571428571428574	0.028571428571428574	-0.028571428571428574	True	6	6	0.9571545189504373			False	3	3					False	0	0	0	0	too few		
Cldn4	B memory_CIBERSORT_abs	study	Mammary	baseline	6	0.6	0.6	0.6	True	6	6	0.208			False	3	3					False	0	0	0	0	too few		
Cldn4	B memory_xCell	study	Mammary	baseline	6	0.6		0.6	False	6	3	0.208			False	3	3					False	0	0	0	0	too few		
Cldn4	B naive_CIBERSORT_abs	study	Mammary	baseline	6	0.15179418517972906		0.15179418517972906	False	6	4	0.7740575031656568			False	3	3					False	0	0	0	0	too few		
Cldn4	B naive_xCell	study	Mammary	baseline	6	-0.4285714285714286		-0.4285714285714286	False	6	4	0.3965014577259473			False	3	3					False	0	0	0	0	too few		
Cldn4	B plasma_xCell	study	Mammary	baseline	6	0.14285714285714288	0.14285714285714288	0.14285714285714288	True	6	6	0.7871720116618076			False	3	3					False	0	0	0	0	too few		
Cldn4	B_EPIC	study	Mammary	baseline	6	0.028571428571428574	0.028571428571428574	0.028571428571428574	True	6	6	0.9571545189504373			False	3	3					False	0	0	0	0	too few		
Cldn4	B_TIMER	study	Mammary	baseline	6	0.14285714285714288	0.14285714285714288	0.14285714285714288	True	6	6	0.7871720116618076			False	3	3					False	0	0	0	0	too few		
Cldn4	B_quanTIseq	study	Mammary	baseline	6	-0.2571428571428572	0.2571428571428572	-0.2571428571428572	True	6	6	0.6227871720116619			False	3	3					False	0	0	0	0	too few		
Cldn4	B_xCell	study	Mammary	baseline	6	-0.4285714285714286	0.4285714285714286	-0.4285714285714286	True	6	6	0.3965014577259473			False	3	3					False	0	0	0	0	too few		
Cldn4	CD8 T_mMCPcounter	study	Mammary	baseline	6	0.7714285714285715	0.7714285714285715	0.7714285714285715	True	6	6	0.07239650145772594			False	3	3					False	0	0	0	0	too few		
Cldn4	Classswitched memory B_xCell	study	Mammary	baseline	6	0.028571428571428574	0.028571428571428574	0.028571428571428574	True	6	5	0.9571545189504373			False	3	3					False	0	0	0	0	too few		
Cldn4	Dendritic resting_CIBERSORT_abs	study	Mammary	baseline	6	0.7142857142857143	0.7142857142857143	0.7142857142857143	True	6	6	0.11078717201166179			False	3	3					False	0	0	0	0	too few		
Cldn4	Dendritic_TIMER	study	Mammary	baseline	6	0.7714285714285715	0.7714285714285715	0.7714285714285715	True	6	6	0.07239650145772594			False	3	3					False	0	0	0	0	too few		
Cldn4	Dendritic_quanTIseq	study	Mammary	baseline	6	-0.6571428571428573	0.6571428571428573	-0.6571428571428573	True	6	6	0.1561749271137024			False	3	3					False	0	0	0	0	too few		
Cldn4	Eosinophil_xCell	study	Mammary	baseline	6	0.7714285714285715	0.7714285714285715	0.7714285714285715	True	6	5	0.07239650145772594			False	3	3					False	0	0	0	0	too few		
Cldn4	Eosinophils_CIBERSORT_abs	study	Mammary	baseline	6	-0.8451542547285166		-0.8451542547285166	False	6	3	0.03410942316740963			False	3	3					False	0	0	0	0	too few		
Cldn4	Eosinophils_mMCPcounter	study	Mammary	baseline	6	0.3142857142857143	0.3142857142857143	0.3142857142857143	True	6	6	0.5440932944606415			False	3	3					False	0	0	0	0	too few		
Cldn4	Granulocytes_mMCPcounter	study	Mammary	baseline	6	0.8857142857142858	0.8857142857142858	0.8857142857142858	True	6	6	0.01884548104956266			False	3	3					False	0	0	0	0	too few		
Cldn4	Macrophage M1_quanTIseq	study	Mammary	baseline	6	0.17393131069573456	0.17393131069573456	0.17393131069573456	True	6	5	0.7417339277316278			False	3	3					False	0	0	0	0	too few		
Cldn4	Macrophage M1_xCell	study	Mammary	baseline	6	0.4285714285714286	0.4285714285714286	0.4285714285714286	True	6	6	0.3965014577259473			False	3	3					False	0	0	0	0	too few		
Cldn4	Macrophage M2_quanTIseq	study	Mammary	baseline	6	0.14285714285714288	0.14285714285714288	0.14285714285714288	True	6	6	0.7871720116618076			False	3	3					False	0	0	0	0	too few		
Cldn4	Macrophage M2_xCell	study	Mammary	baseline	6	0.08571428571428573	0.08571428571428573	0.08571428571428573	True	6	6	0.8717434402332361			False	3	3					False	0	0	0	0	too few		
Cldn4	Macrophage_EPIC	study	Mammary	baseline	6	0.6	0.6	0.6	True	6	6	0.208			False	3	3					False	0	0	0	0	too few		
Cldn4	Macrophage_TIMER	study	Mammary	baseline	6	-0.028571428571428574	0.028571428571428574	-0.028571428571428574	True	6	6	0.9571545189504373			False	3	3					False	0	0	0	0	too few		
Cldn4	Macrophage_xCell	study	Mammary	baseline	6	0.2571428571428572	0.2571428571428572	0.2571428571428572	True	6	6	0.6227871720116619			False	3	3					False	0	0	0	0	too few		
Cldn4	Macrophages M0_CIBERSORT_abs	study	Mammary	baseline	6	0.6667366910003157	0.6667366910003157	0.6667366910003157	True	6	5	0.14808979944035283			False	3	3					False	0	0	0	0	too few		
Cldn4	Macrophages M1_CIBERSORT_abs	study	Mammary	baseline	6	0.6	0.6	0.6	True	6	6	0.208			False	3	3					False	0	0	0	0	too few		
Cldn4	Macrophages M2_CIBERSORT_abs	study	Mammary	baseline	6	0.6	0.6	0.6	True	6	6	0.208			False	3	3					False	0	0	0	0	too few		
Cldn4	Mast activated_CIBERSORT_abs	study	Mammary	baseline	6	-0.7714285714285715	0.7714285714285715	-0.7714285714285715	True	6	6	0.07239650145772594			False	3	3					False	0	0	0	0	too few		
Cldn4	Mast resting_CIBERSORT_abs	study	Mammary	baseline	6	0.5408987230262506		0.5408987230262506	False	6	3	0.26777767151474974			False	3	3					False	0	0	0	0	too few		
Cldn4	Mast_mMCPcounter	study	Mammary	baseline	6	0.7714285714285715	0.7714285714285715	0.7714285714285715	True	6	6	0.07239650145772594			False	3	3					False	0	0	0	0	too few		
Cldn4	Mast_xCell	study	Mammary	baseline	6	-0.2	0.2	-0.2	True	6	6	0.7040000000000001			False	3	3					False	0	0	0	0	too few		
Cldn4	Memory B_mMCPcounter	study	Mammary	baseline	6	0.1449427589131121	0.1449427589131121	0.1449427589131121	True	6	5	0.7841083696021083			False	3	3					False	0	0	0	0	too few		
Cldn4	Monocyte_xCell	study	Mammary	baseline	6	0.08571428571428573	0.08571428571428573	0.08571428571428573	True	6	6	0.8717434402332361			False	3	3					False	0	0	0	0	too few		
Cldn4	Monocytes_CIBERSORT_abs	study	Mammary	baseline	6	-0.7589709258986453		-0.7589709258986453	False	6	4	0.08014122805832388			False	3	3					False	0	0	0	0	too few		
Cldn4	Monocytes_mMCPcounter	study	Mammary	baseline	6	0.14285714285714288	0.14285714285714288	0.14285714285714288	True	6	6	0.7871720116618076			False	3	3					False	0	0	0	0	too few		
Cldn4	Myeloid dendritic activated_xCell	study	Mammary	baseline	6	0.14285714285714288	0.14285714285714288	0.14285714285714288	True	6	6	0.7871720116618076			False	3	3					False	0	0	0	0	too few		
Cldn4	Myeloid dendritic_xCell	study	Mammary	baseline	6	0.7714285714285715	0.7714285714285715	0.7714285714285715	True	6	5	0.07239650145772594			False	3	3					False	0	0	0	0	too few		
Cldn4	NK activated_CIBERSORT_abs	study	Mammary	baseline	6	0.028571428571428574	0.028571428571428574	0.028571428571428574	True	6	6	0.9571545189504373			False	3	3					False	0	0	0	0	too few		
Cldn4	NK resting_CIBERSORT_abs	study	Mammary	baseline	6	0.4285714285714286	0.4285714285714286	0.4285714285714286	True	6	6	0.3965014577259473			False	3	3					False	0	0	0	0	too few		
Cldn4	NK_EPIC	study	Mammary	baseline	6	0.08571428571428573	0.08571428571428573	0.08571428571428573	True	6	6	0.8717434402332361			False	3	3					False	0	0	0	0	too few		
Cldn4	NK_mMCPcounter	study	Mammary	baseline	6	0.028988551782622423	0.028988551782622423	0.028988551782622423	True	6	5	0.9565293523898406			False	3	3					False	0	0	0	0	too few		
Cldn4	NK_quanTIseq	study	Mammary	baseline	6	-0.6571428571428573	0.6571428571428573	-0.6571428571428573	True	6	6	0.1561749271137024			False	3	3					False	0	0	0	0	too few		
Cldn4	NK_xCell	study	Mammary	baseline	6	0.3714285714285715		0.3714285714285715	False	6	3	0.4684781341107872			False	3	3					False	0	0	0	0	too few		
Cldn4	Neutrophil_TIMER	study	Mammary	baseline	6	0.6	0.6	0.6	True	6	6	0.208			False	3	3					False	0	0	0	0	too few		
Cldn4	Neutrophil_quanTIseq	study	Mammary	baseline	6	-0.48571428571428577	0.48571428571428577	-0.48571428571428577	True	6	6	0.3287230320699708			False	3	3					False	0	0	0	0	too few		
Cldn4	Neutrophil_xCell	study	Mammary	baseline	6	0.7714285714285715	0.7714285714285715	0.7714285714285715	True	6	6	0.07239650145772594			False	3	3					False	0	0	0	0	too few		
Cldn4	Neutrophils_CIBERSORT_abs	study	Mammary	baseline	6	0.3188740696088466	0.3188740696088466	0.3188740696088466	True	6	5	0.537900560470205			False	3	3					False	0	0	0	0	too few		
Cldn4	Neutrophils_mMCPcounter	study	Mammary	baseline	6	0.6377481392176932	0.6377481392176932	0.6377481392176932	True	6	5	0.17307111024125982			False	3	3					False	0	0	0	0	too few		
Cldn4	Plasma_CIBERSORT_abs	study	Mammary	baseline	6	0.5428571428571429	0.5428571428571429	0.5428571428571429	True	6	6	0.26570262390670546			False	3	3					False	0	0	0	0	too few		
Cldn4	Plasmacytoid dendritic_xCell	study	Mammary	baseline	6	0.3714285714285715		0.3714285714285715	False	6	3	0.4684781341107872			False	3	3					False	0	0	0	0	too few		
Cldn4	T CD4 Th1_xCell	study	Mammary	baseline	6	0.14285714285714288	0.14285714285714288	0.14285714285714288	True	6	6	0.7871720116618076			False	3	3					False	0	0	0	0	too few		
Cldn4	T CD4 Th2_xCell	study	Mammary	baseline	6	-0.3714285714285715	0.3714285714285715	-0.3714285714285715	True	6	6	0.4684781341107872			False	3	3					False	0	0	0	0	too few		
Cldn4	T CD4 central memory_xCell	study	Mammary	baseline	6	0.3946648814672956		0.3946648814672956	False	6	1	0.4387392515170163			False	3	3					False	0	0	0	0	too few		
Cldn4	T CD4 effector memory_xCell	study	Mammary	baseline	6	0.3714285714285715	0.3714285714285715	0.3714285714285715	True	6	5	0.4684781341107872			False	3	3					False	0	0	0	0	too few		
Cldn4	T CD4 memory activated_CIBERSORT_abs	study	Mammary	baseline	6	0.39279220242478635		0.39279220242478635	False	6	2	0.4411128091213039			False	3	3					False	0	0	0	0	too few		
Cldn4	T CD4 memory resting_CIBERSORT_abs	study	Mammary	baseline	6	-0.7589709258986453		-0.7589709258986453	False	6	4	0.08014122805832388			False	3	3					False	0	0	0	0	too few		
Cldn4	T CD4 memory_xCell	study	Mammary	baseline	6	0.23190841426097938		0.23190841426097938	False	6	4	0.658373571260927			False	3	3					False	0	0	0	0	too few		
Cldn4	T CD4 naive_CIBERSORT_abs	study	Mammary	baseline	6	0.13093073414159545		0.13093073414159545	False	6	2	0.8047261622231062			False	3	3					False	0	0	0	0	too few		
Cldn4	T CD4 naive_xCell	study	Mammary	baseline	6	-0.057977103565244846		-0.057977103565244846	False	6	1	0.9131317851623264			False	3	3					False	0	0	0	0	too few		
Cldn4	T CD4 nonregulatory_xCell	study	Mammary	baseline	6	0.15179418517972906		0.15179418517972906	False	6	1	0.7740575031656568			False	3	3					False	0	0	0	0	too few		
Cldn4	T CD4_EPIC	study	Mammary	baseline	6	0.08571428571428573	0.08571428571428573	0.08571428571428573	True	6	6	0.8717434402332361			False	3	3					False	0	0	0	0	too few		
Cldn4	T CD4_TIMER	study	Mammary	baseline	6	0.3714285714285715	0.3714285714285715	0.3714285714285715	True	6	6	0.4684781341107872			False	3	3					False	0	0	0	0	too few		
Cldn4	T CD8 central memory_xCell	study	Mammary	baseline	6	0.48571428571428577	0.48571428571428577	0.48571428571428577	True	6	6	0.3287230320699708			False	3	3					False	0	0	0	0	too few		
Cldn4	T CD8 effector memory_xCell	study	Mammary	baseline	6	0.6571428571428573		0.6571428571428573	False	6	3	0.1561749271137024			False	3	3					False	0	0	0	0	too few		
Cldn4	T CD8 naive_xCell	study	Mammary	baseline	6	0.2571428571428572	0.2571428571428572	0.2571428571428572	True	6	6	0.6227871720116619			False	3	3					False	0	0	0	0	too few		
Cldn4	T CD8_CIBERSORT_abs	study	Mammary	baseline	6	0.7714285714285715	0.7714285714285715	0.7714285714285715	True	6	6	0.07239650145772594			False	3	3					False	0	0	0	0	too few		
Cldn4	T CD8_EPIC	study	Mammary	baseline	6	0.2	0.2	0.2	True	6	6	0.7040000000000001			False	3	3					False	0	0	0	0	too few		
Cldn4	T CD8_TIMER	study	Mammary	baseline	6	0.6571428571428573	0.6571428571428573	0.6571428571428573	True	6	6	0.1561749271137024			False	3	3					False	0	0	0	0	too few		
Cldn4	T CD8_quanTIseq	study	Mammary	baseline	6	0.8406680016960503	0.8406680016960503	0.8406680016960503	True	6	5	0.0360575728451592			False	3	3					False	0	0	0	0	too few		
Cldn4	T CD8_xCell	study	Mammary	baseline	6	-0.028988551782622423		-0.028988551782622423	False	6	4	0.9565293523898406			False	3	3					False	0	0	0	0	too few		
Cldn4	T NK_xCell	study	Mammary	baseline	6	0.14285714285714288	0.14285714285714288	0.14285714285714288	True	6	6	0.7871720116618076			False	3	3					False	0	0	0	0	too few		
Cldn4	T follicular helper_CIBERSORT_abs	study	Mammary	baseline	6	0.7142857142857143	0.7142857142857143	0.7142857142857143	True	6	6	0.11078717201166179			False	3	3					False	0	0	0	0	too few		
Cldn4	T gamma delta_xCell	study	Mammary	baseline	6	0.23190841426097938		0.23190841426097938	False	6	1	0.658373571260927			False	3	3					False	0	0	0	0	too few		
Cldn4	T regulatory Tregs_xCell	study	Mammary	baseline	6	0.21251185925162072		0.21251185925162072	False	6	3	0.686030866008896			False	3	3					False	0	0	0	0	too few		
Cldn4	T_mMCPcounter	study	Mammary	baseline	6	0.7142857142857143	0.7142857142857143	0.7142857142857143	True	6	6	0.11078717201166179			False	3	3					False	0	0	0	0	too few		
Cldn4	Treg_CIBERSORT_abs	study	Mammary	baseline	6	0.6571428571428573	0.6571428571428573	0.6571428571428573	True	6	6	0.1561749271137024			False	3	3					False	0	0	0	0	too few		
Cldn4	Tregs_quanTIseq	study	Mammary	baseline	6	-0.6571428571428573	0.6571428571428573	-0.6571428571428573	True	6	6	0.1561749271137024			False	3	3					False	0	0	0	0	too few		
Cldn4	B derived_mMCPcounter	study	Melanoma	baseline	7	0.7572401854185358		0.7572401854185358	False	3	7	0.048690706164194804			False	7	0					False	0	0	0	0	too few		
Cldn4	B memory_CIBERSORT_abs	study	Melanoma	baseline	7	-0.1336306209562122		-0.1336306209562122	False	3	7	0.7751616962381483			False	7	0					False	0	0	0	0	too few		
Cldn4	B memory_xCell	study	Melanoma	baseline	7	0.49441323247304425		0.49441323247304425	False	3	3	0.25936461811105016			False	7	0					False	0	0	0	0	too few		
Cldn4	B naive_CIBERSORT_abs	study	Melanoma	baseline	7	0.7637626158259733		0.7637626158259733	False	3	2	0.04565912378141167			False	7	0					False	0	0	0	0	too few		
Cldn4	B naive_xCell	study	Melanoma	baseline	7	0.5790660241435863		0.5790660241435863	False	3	5	0.17310584624513164			False	7	0					False	0	0	0	0	too few		
Cldn4	B plasma_xCell	study	Melanoma	baseline	7	0.044543540318737404		0.044543540318737404	False	3	7	0.9244555343139822			False	7	0					False	0	0	0	0	too few		
Cldn4	B_EPIC	study	Melanoma	baseline	7	0.8017837257372733		0.8017837257372733	False	3	7	0.030099247897462524			False	7	0					False	0	0	0	0	too few		
Cldn4	B_TIMER	study	Melanoma	baseline	7	0.40089186286863665		0.40089186286863665	False	3	7	0.3727690230065348			False	7	0					False	0	0	0	0	too few		
Cldn4	B_quanTIseq	study	Melanoma	baseline	7	0.668153104781061		0.668153104781061	False	3	7	0.10089734568700688			False	7	0					False	0	0	0	0	too few		
Cldn4	B_xCell	study	Melanoma	baseline	7	0.445435403187374		0.445435403187374	False	3	5	0.316535899028545			False	7	0					False	0	0	0	0	too few		
Cldn4	CD8 T_mMCPcounter	study	Melanoma	baseline	7	0.8017837257372733		0.8017837257372733	False	3	7	0.030099247897462524			False	7	0					False	0	0	0	0	too few		
Cldn4	Classswitched memory B_xCell	study	Melanoma	baseline	7	0.5790660241435863		0.5790660241435863	False	3	7	0.17310584624513164			False	7	0					False	0	0	0	0	too few		
Cldn4	Dendritic resting_CIBERSORT_abs	study	Melanoma	baseline	7	0.40089186286863665		0.40089186286863665	False	3	7	0.3727690230065348			False	7	0					False	0	0	0	0	too few		
Cldn4	Dendritic_TIMER	study	Melanoma	baseline	7	0.5345224838248488		0.5345224838248488	False	3	7	0.21643722926968567			False	7	0					False	0	0	0	0	too few		
Cldn4	Dendritic_quanTIseq	study	Melanoma	baseline	7	0.764093177458341		0.764093177458341	False	3	6	0.04550832787477762			False	7	0					False	0	0	0	0	too few		
Cldn4	Eosinophil_xCell	study	Melanoma	baseline	7	-0.08908708063747481		-0.08908708063747481	False	3	2	0.8493605139958288			False	7	0					False	0	0	0	0	too few		
Cldn4	Eosinophils_CIBERSORT_abs	study	Melanoma	baseline	7	0.222717701593687		0.222717701593687	False	3	7	0.6312099096928635			False	7	0					False	0	0	0	0	too few		
Cldn4	Eosinophils_mMCPcounter	study	Melanoma	baseline	7	0.5345224838248488		0.5345224838248488	False	3	7	0.21643722926968567			False	7	0					False	0	0	0	0	too few		
Cldn4	Granulocytes_mMCPcounter	study	Melanoma	baseline	7	0.9444444444444445		0.9444444444444445	False	3	3	0.001355885835316006			False	7	0					False	0	0	0	0	too few		
Cldn4	Macrophage M1_quanTIseq	study	Melanoma	baseline	7	0.11111111111111112		0.11111111111111112	False	3	3	0.8125341307441234			False	7	0					False	0	0	0	0	too few		
Cldn4	Macrophage M1_xCell	study	Melanoma	baseline	7	0.222717701593687		0.222717701593687	False	3	7	0.6312099096928635			False	7	0					False	0	0	0	0	too few		
Cldn4	Macrophage M2_quanTIseq	study	Melanoma	baseline	7	0.7372097807744857		0.7372097807744857	False	3	4	0.05867175280299173			False	7	0					False	0	0	0	0	too few		
Cldn4	Macrophage M2_xCell	study	Melanoma	baseline	7	0.044543540318737404		0.044543540318737404	False	3	7	0.9244555343139822			False	7	0					False	0	0	0	0	too few		
Cldn4	Macrophage_EPIC	study	Melanoma	baseline	7	0.8017837257372733		0.8017837257372733	False	3	7	0.030099247897462524			False	7	0					False	0	0	0	0	too few		
Cldn4	Macrophage_TIMER	study	Melanoma	baseline	7	0.2672612419124244		0.2672612419124244	False	3	7	0.5623122704704917			False	7	0					False	0	0	0	0	too few		
Cldn4	Macrophage_xCell	study	Melanoma	baseline	7	0.044543540318737404		0.044543540318737404	False	3	7	0.9244555343139822			False	7	0					False	0	0	0	0	too few		
Cldn4	Macrophages M0_CIBERSORT_abs	study	Melanoma	baseline	7	-0.5160468465421401		-0.5160468465421401	False	3	4	0.2357617481899772			False	7	0					False	0	0	0	0	too few		
Cldn4	Macrophages M1_CIBERSORT_abs	study	Melanoma	baseline	7	0.668153104781061		0.668153104781061	False	3	7	0.10089734568700688			False	7	0					False	0	0	0	0	too few		
Cldn4	Macrophages M2_CIBERSORT_abs	study	Melanoma	baseline	7	0.668153104781061		0.668153104781061	False	3	7	0.10089734568700688			False	7	0					False	0	0	0	0	too few		
Cldn4	Macrophages_mMCPcounter	study	Melanoma	baseline	6	0.39279220242478635		0.39279220242478635	False	2	6	0.4411128091213039			False	6	0					False	0	0	0	0	too few		
Cldn4	Mast activated_CIBERSORT_abs	study	Melanoma	baseline	7	0.40089186286863665		0.40089186286863665	False	3	7	0.3727690230065348			False	7	0					False	0	0	0	0	too few		
Cldn4	Mast resting_CIBERSORT_abs	study	Melanoma	baseline	7	0.17201561551404665		0.17201561551404665	False	3	4	0.7122783629058634			False	7	0					False	0	0	0	0	too few		
Cldn4	Mast_mMCPcounter	study	Melanoma	baseline	7	0.5000000000000001		0.5000000000000001	False	3	3	0.2531699951003227			False	7	0					False	0	0	0	0	too few		
Cldn4	Mast_xCell	study	Melanoma	baseline	7	0.044543540318737404		0.044543540318737404	False	3	7	0.9244555343139822			False	7	0					False	0	0	0	0	too few		
Cldn4	Memory B_mMCPcounter	study	Melanoma	baseline	7	0.8320502943378437		0.8320502943378437	False	3	5	0.020237878873165395			False	7	0					False	0	0	0	0	too few		
Cldn4	Monocyte_quanTIseq	study	Melanoma	baseline	7	-0.44946657497549475		-0.44946657497549475	False	3	6	0.3116410269769355			False	7	0					False	0	0	0	0	too few		
Cldn4	Monocyte_xCell	study	Melanoma	baseline	7	0.8017837257372733		0.8017837257372733	False	3	4	0.030099247897462524			False	7	0					False	0	0	0	0	too few		
Cldn4	Monocytes_CIBERSORT_abs	study	Melanoma	baseline	7	0.764093177458341		0.764093177458341	False	3	6	0.04550832787477762			False	7	0					False	0	0	0	0	too few		
Cldn4	Monocytes_mMCPcounter	study	Melanoma	baseline	7	-0.1336306209562122		-0.1336306209562122	False	3	7	0.7751616962381483			False	7	0					False	0	0	0	0	too few		
Cldn4	Myeloid dendritic activated_xCell	study	Melanoma	baseline	7	0.445435403187374		0.445435403187374	False	3	7	0.316535899028545			False	7	0					False	0	0	0	0	too few		
Cldn4	Myeloid dendritic_xCell	study	Melanoma	baseline	7	0.5790660241435863		0.5790660241435863	False	3	5	0.17310584624513164			False	7	0					False	0	0	0	0	too few		
Cldn4	NK activated_CIBERSORT_abs	study	Melanoma	baseline	7	0.6933752452815364		0.6933752452815364	False	3	5	0.08406868158551731			False	7	0					False	0	0	0	0	too few		
Cldn4	NK resting_CIBERSORT_abs	study	Melanoma	baseline	7	-0.15731330124142315		-0.15731330124142315	False	3	6	0.7362289137010628			False	7	0					False	0	0	0	0	too few		
Cldn4	NK_EPIC	study	Melanoma	baseline	7	-0.445435403187374		-0.445435403187374	False	3	7	0.316535899028545			False	7	0					False	0	0	0	0	too few		
Cldn4	NK_mMCPcounter	study	Melanoma	baseline	7	0.8846517369293828		0.8846517369293828	False	3	4	0.008148976340518624			False	7	0					False	0	0	0	0	too few		
Cldn4	NK_quanTIseq	study	Melanoma	baseline	7	0.8017837257372733		0.8017837257372733	False	3	7	0.030099247897462524			False	7	0					False	0	0	0	0	too few		
Cldn4	NK_xCell	study	Melanoma	baseline	7	0.6009252125773316		0.6009252125773316	False	3	1	0.15357410393598955			False	7	0					False	0	0	0	0	too few		
Cldn4	Neutrophil_TIMER	study	Melanoma	baseline	7	0.8017837257372733		0.8017837257372733	False	3	7	0.030099247897462524			False	7	0					False	0	0	0	0	too few		
Cldn4	Neutrophil_quanTIseq	study	Melanoma	baseline	7	0.8017837257372733		0.8017837257372733	False	3	7	0.030099247897462524			False	7	0					False	0	0	0	0	too few		
Cldn4	Neutrophil_xCell	study	Melanoma	baseline	7	0.49441323247304425		0.49441323247304425	False	3	4	0.25936461811105016			False	7	0					False	0	0	0	0	too few		
Cldn4	Neutrophils_CIBERSORT_abs	study	Melanoma	baseline	7	0.6741998624632421		0.6741998624632421	False	3	6	0.09671568734057315			False	7	0					False	0	0	0	0	too few		
Cldn4	Neutrophils_mMCPcounter	study	Melanoma	baseline	7	-0.25458753860865774		-0.25458753860865774	False	3	2	0.5816680466563957			False	7	0					False	0	0	0	0	too few		
Cldn4	Plasma_CIBERSORT_abs	study	Melanoma	baseline	7	0.4899789435061115		0.4899789435061115	False	3	7	0.2643300244813534			False	7	0					False	0	0	0	0	too few		
Cldn4	Plasmacytoid dendritic_xCell	study	Melanoma	baseline	7	0.1336306209562122		0.1336306209562122	False	3	3	0.7751616962381483			False	7	0					False	0	0	0	0	too few		
Cldn4	T CD4 Th1_xCell	study	Melanoma	baseline	7	-0.40089186286863665		-0.40089186286863665	False	3	7	0.3727690230065348			False	7	0					False	0	0	0	0	too few		
Cldn4	T CD4 Th2_xCell	study	Melanoma	baseline	7	0.40089186286863665		0.40089186286863665	False	3	7	0.3727690230065348			False	7	0					False	0	0	0	0	too few		
Cldn4	T CD4 central memory_xCell	study	Melanoma	baseline	7	-0.445435403187374		-0.445435403187374	False	3	1	0.316535899028545			False	7	0					False	0	0	0	0	too few		
Cldn4	T CD4 effector memory_xCell	study	Melanoma	baseline	7	0.5790660241435863		0.5790660241435863	False	3	4	0.17310584624513164			False	7	0					False	0	0	0	0	too few		
Cldn4	T CD4 memory activated_CIBERSORT_abs	study	Melanoma	baseline	7	0.2777777777777778		0.2777777777777778	False	3	3	0.5464105433124485			False	7	0					False	0	0	0	0	too few		
Cldn4	T CD4 memory resting_CIBERSORT_abs	study	Melanoma	baseline	7	-0.647150228929434		-0.647150228929434	False	3	5	0.11613997279284136			False	7	0					False	0	0	0	0	too few		
Cldn4	T CD4 memory_xCell	study	Melanoma	baseline	7	-0.1336306209562122		-0.1336306209562122	False	3	6	0.7751616962381483			False	7	0					False	0	0	0	0	too few		
Cldn4	T CD4 naive_CIBERSORT_abs	study	Melanoma	baseline	7	0.5091750772173155		0.5091750772173155	False	3	2	0.24314622431702565			False	7	0					False	0	0	0	0	too few		
Cldn4	T CD4 naive_xCell	study	Melanoma	baseline	7	0.8846517369293828		0.8846517369293828	False	3	2	0.008148976340518624			False	7	0					False	0	0	0	0	too few		
Cldn4	T CD4 nonregulatory_xCell	study	Melanoma	baseline	7	0.2773500981126146		0.2773500981126146	False	3	2	0.5470543278452079			False	7	0					False	0	0	0	0	too few		
Cldn4	T CD4_EPIC	study	Melanoma	baseline	7	0.17817416127494962		0.17817416127494962	False	3	7	0.7023004348336378			False	7	0					False	0	0	0	0	too few		
Cldn4	T CD4_TIMER	study	Melanoma	baseline	7	-0.668153104781061		-0.668153104781061	False	3	7	0.10089734568700688			False	7	0					False	0	0	0	0	too few		
Cldn4	T CD8 central memory_xCell	study	Melanoma	baseline	7	0.8017837257372733		0.8017837257372733	False	3	4	0.030099247897462524			False	7	0					False	0	0	0	0	too few		
Cldn4	T CD8 effector memory_xCell	study	Melanoma	baseline	7	0.668153104781061		0.668153104781061	False	3	2	0.10089734568700688			False	7	0					False	0	0	0	0	too few		
Cldn4	T CD8 naive_xCell	study	Melanoma	baseline	7	0.044543540318737404		0.044543540318737404	False	3	7	0.9244555343139822			False	7	0					False	0	0	0	0	too few		
Cldn4	T CD8_CIBERSORT_abs	study	Melanoma	baseline	7	0.8017837257372733		0.8017837257372733	False	3	7	0.030099247897462524			False	7	0					False	0	0	0	0	too few		
Cldn4	T CD8_EPIC	study	Melanoma	baseline	7	0.1336306209562122		0.1336306209562122	False	3	7	0.7751616962381483			False	7	0					False	0	0	0	0	too few		
Cldn4	T CD8_TIMER	study	Melanoma	baseline	7	0.668153104781061		0.668153104781061	False	3	7	0.10089734568700688			False	7	0					False	0	0	0	0	too few		
Cldn4	T CD8_quanTIseq	study	Melanoma	baseline	7	1.0		1.0	False	3	3	0.0			False	7	0					False	0	0	0	0	too few		
Cldn4	T CD8_xCell	study	Melanoma	baseline	7	0.8017837257372733		0.8017837257372733	False	3	4	0.030099247897462524			False	7	0					False	0	0	0	0	too few		
Cldn4	T NK_xCell	study	Melanoma	baseline	7	-0.7572401854185358		-0.7572401854185358	False	3	7	0.048690706164194804			False	7	0					False	0	0	0	0	too few		
Cldn4	T follicular helper_CIBERSORT_abs	study	Melanoma	baseline	7	0.668153104781061		0.668153104781061	False	3	7	0.10089734568700688			False	7	0					False	0	0	0	0	too few		
Cldn4	T gamma delta_xCell	study	Melanoma	baseline	7	0.6933752452815364		0.6933752452815364	False	3	2	0.08406868158551731			False	7	0					False	0	0	0	0	too few		
Cldn4	T regulatory Tregs_xCell	study	Melanoma	baseline	7	0.7858252779857413		0.7858252779857413	False	3	2	0.03619387643512175			False	7	0					False	0	0	0	0	too few		
Cldn4	T_mMCPcounter	study	Melanoma	baseline	7	0.8017837257372733		0.8017837257372733	False	3	7	0.030099247897462524			False	7	0					False	0	0	0	0	too few		
Cldn4	Treg_CIBERSORT_abs	study	Melanoma	baseline	7	0.4045199174779453		0.4045199174779453	False	3	6	0.3680456280464121			False	7	0					False	0	0	0	0	too few		
Cldn4	Tregs_quanTIseq	study	Melanoma	baseline	7	0.8017837257372733		0.8017837257372733	False	3	7	0.030099247897462524			False	7	0					False	0	0	0	0	too few		
Cldn4	B derived_mMCPcounter	line	pan-cancer	baseline	18	0.5036205187336336	0.5036205187336336	0.5036205187336336	True	16	18	0.03310663546324298	0.6049382716049383	0.6049382716049383	True	9	9	12.25	1.3272310247275345	113.0643401218007	0.056684491978609634	True	7	2	2	7	ok	12.25	
Cldn4	B memory_CIBERSORT_abs	line	pan-cancer	baseline	18	0.5470539104930023	0.5470539104930023	0.5470539104930023	True	16	18	0.01879628089073649	0.8024691358024691	0.8024691358024691	True	9	9	64.0	3.383406639254422	1210.6141639843227	0.0033730974907445503	True	8	1	1	8	ok	64.0	
Cldn4	B memory_xCell	line	pan-cancer	baseline	18	-0.06756789611934572	0.06756789611934572	-0.06756789611934572	True	16	7	0.7899387192319289	-0.03703703703703709	0.03703703703703709	True	9	9	0.64	0.09968835922975901	4.108804710647962	1.0	True	4	5	5	4	ok	1.5625	
Cldn4	B naive_CIBERSORT_abs	line	pan-cancer	baseline	18	0.09797242878730637	0.09797242878730637	0.09797242878730637	True	16	5	0.6989386240832792	-0.04938271604938271	0.04938271604938271	True	9	9					False	9	0	9	0	split collapsed or empty cell		
Cldn4	B naive_xCell	line	pan-cancer	baseline	18	-0.35470603270151185	0.35470603270151185	-0.35470603270151185	True	16	11	0.14865113605396557	-0.3580246913580247	0.3580246913580247	True	9	9	0.25	0.035214605230261244	1.7748317662891582	0.3469354175236528	True	3	6	6	3	ok	4.0	
Cldn4	B plasma_xCell	line	pan-cancer	baseline	18	0.47673318097783374	0.47673318097783374	0.47673318097783374	True	16	18	0.04546727604384154	0.4320987654320987	0.4320987654320987	True	9	9	1.5625	0.24337978327577878	10.031261500605375	1.0	True	5	4	4	5	ok	1.5625	
Cldn4	B_EPIC	line	pan-cancer	baseline	18	0.11892476315065267	0.11892476315065267	0.11892476315065267	True	16	18	0.6383504066096858	0.08641975308641969	0.08641975308641969	True	9	9	1.5625	0.24337978327577878	10.031261500605375	1.0	True	5	4	4	5	ok	1.5625	
Cldn4	B_TIMER	line	pan-cancer	baseline	18	-0.3195456679439276	0.3195456679439276	-0.3195456679439276	True	16	18	0.19615026167988062	-0.23456790123456794	0.23456790123456794	True	9	9	1.5625	0.24337978327577878	10.031261500605375	1.0	True	5	4	4	5	ok	1.5625	
Cldn4	B_quanTIseq	line	pan-cancer	baseline	18	-0.029989722881468936	0.029989722881468936	-0.029989722881468936	True	16	18	0.9059670248195717	-0.18518518518518523	0.18518518518518523	True	9	9	0.25	0.035214605230261244	1.7748317662891582	0.3469354175236528	True	3	6	6	3	ok	4.0	
Cldn4	B_xCell	line	pan-cancer	baseline	18	-0.18304072241448283	0.18304072241448283	-0.18304072241448283	True	16	14	0.4672247689773163	0.012345679012345734	0.012345679012345734	True	9	9	1.5625	0.24337978327577878	10.031261500605375	1.0	True	5	4	4	5	ok	1.5625	
Cldn4	CD8 T_mMCPcounter	line	pan-cancer	baseline	18	0.04446752013459187	0.04446752013459187	0.04446752013459187	True	16	18	0.8609214177214913	0.03703703703703698	0.03703703703703698	True	9	9	1.5625	0.24337978327577878	10.031261500605375	1.0	True	5	4	4	5	ok	1.5625	
Cldn4	Classswitched memory B_xCell	line	pan-cancer	baseline	18	0.10967421382326013	0.10967421382326013	0.10967421382326013	True	16	15	0.6648591677834994	0.23456790123456783	0.23456790123456783	True	9	9	1.5625	0.24337978327577878	10.031261500605375	1.0	True	5	4	4	5	ok	1.5625	
Cldn4	Dendritic resting_CIBERSORT_abs	line	pan-cancer	baseline	18	0.5863507887514788	0.5863507887514788	0.5863507887514788	True	16	18	0.010542137937745869	0.6049382716049383	0.6049382716049383	True	9	9	4.0	0.5634336836841801	28.397308260626524	0.3469354175236528	True	6	3	3	6	ok	4.0	
Cldn4	Dendritic_TIMER	line	pan-cancer	baseline	18	-0.19751851966760575	0.19751851966760575	-0.19751851966760575	True	16	18	0.4320865855944787	-0.0864197530864198	0.0864197530864198	True	9	9	0.64	0.09968835922975901	4.108804710647962	1.0	True	4	5	5	4	ok	1.5625	
Cldn4	Dendritic_quanTIseq	line	pan-cancer	baseline	18	0.14588739763282718	0.14588739763282718	0.14588739763282718	True	16	17	0.5635223499657614	0.06172839506172845	0.06172839506172845	True	9	9	0.64	0.09968835922975901	4.108804710647962	1.0	True	4	5	5	4	ok	1.5625	
Cldn4	Eosinophil_xCell	line	pan-cancer	baseline	18	0.01862392310206304	0.01862392310206304	0.01862392310206304	True	16	8	0.9415292905089541	-0.03703703703703709	0.03703703703703709	True	9	9	1.5625	0.24337978327577878	10.031261500605375	1.0	True	5	4	4	5	ok	1.5625	
Cldn4	Eosinophils_CIBERSORT_abs	line	pan-cancer	baseline	18	-0.4919033562775298	0.4919033562775298	-0.4919033562775298	True	16	13	0.0381259501349997	-0.345679012345679	0.345679012345679	True	9	9	0.25	0.035214605230261244	1.7748317662891582	0.3469354175236528	True	3	6	6	3	ok	4.0	
Cldn4	Eosinophils_mMCPcounter	line	pan-cancer	baseline	18	0.2885218166872356	0.2885218166872356	0.2885218166872356	True	16	18	0.24559419396389973	0.28395061728395055	0.28395061728395055	True	9	9	4.0	0.5634336836841801	28.397308260626524	0.3469354175236528	True	6	3	3	6	ok	4.0	
Cldn4	Granulocytes_mMCPcounter	line	pan-cancer	baseline	18	0.6175764375909866	0.6175764375909866	0.6175764375909866	True	16	14	0.006315392311673233	0.6049382716049383	0.6049382716049383	True	9	9	4.0	0.5634336836841801	28.397308260626524	0.3469354175236528	True	6	3	3	6	ok	4.0	
Cldn4	Macrophage M1_quanTIseq	line	pan-cancer	baseline	18	0.22053183949833488	0.22053183949833488	0.22053183949833488	True	16	12	0.37920304526462684	0.18518518518518512	0.18518518518518512	True	9	9	1.5625	0.24337978327577878	10.031261500605375	1.0	True	5	4	4	5	ok	1.5625	
Cldn4	Macrophage M1_xCell	line	pan-cancer	baseline	18	0.48707446473006444	0.48707446473006444	0.48707446473006444	True	16	18	0.040356360825806896	0.33333333333333326	0.33333333333333326	True	9	9	4.0	0.5634336836841801	28.397308260626524	0.3469354175236528	True	6	3	3	6	ok	4.0	
Cldn4	Macrophage M2_quanTIseq	line	pan-cancer	baseline	18	-0.2450884249278668	0.2450884249278668	-0.2450884249278668	True	16	18	0.3269719058999643	-0.28395061728395066	0.28395061728395066	True	9	9	0.64	0.09968835922975901	4.108804710647962	1.0	True	4	5	5	4	ok	1.5625	
Cldn4	Macrophage M2_xCell	line	pan-cancer	baseline	18	-0.03826274988325347	0.03826274988325347	-0.03826274988325347	True	16	18	0.8801846210397531	-0.13580246913580252	0.13580246913580252	True	9	9	0.64	0.09968835922975901	4.108804710647962	1.0	True	4	5	5	4	ok	1.5625	
Cldn4	Macrophage_EPIC	line	pan-cancer	baseline	18	0.26577099243232816	0.26577099243232816	0.26577099243232816	True	16	18	0.2864498986543247	0.18518518518518512	0.18518518518518512	True	9	9	4.0	0.5634336836841801	28.397308260626524	0.3469354175236528	True	6	3	3	6	ok	4.0	
Cldn4	Macrophage_TIMER	line	pan-cancer	baseline	18	-0.20900180370092966	0.20900180370092966	-0.20900180370092966	True	16	17	0.4052331177327216	-0.3827160493827161	0.3827160493827161	True	9	9	0.25	0.035214605230261244	1.7748317662891582	0.3469354175236528	True	3	6	6	3	ok	4.0	
Cldn4	Macrophage_xCell	line	pan-cancer	baseline	18	0.4126172217140036	0.4126172217140036	0.4126172217140036	True	16	18	0.08881165382599061	0.28395061728395055	0.28395061728395055	True	9	9	1.5625	0.24337978327577878	10.031261500605375	1.0	True	5	4	4	5	ok	1.5625	
Cldn4	Macrophages M0_CIBERSORT_abs	line	pan-cancer	baseline	18	0.08586541921684497	0.08586541921684497	0.08586541921684497	True	16	8	0.7347834925129719	-0.11111111111111116	0.11111111111111116	True	9	9					False	9	0	9	0	split collapsed or empty cell		
Cldn4	Macrophages M1_CIBERSORT_abs	line	pan-cancer	baseline	18	0.3071361274412508	0.3071361274412508	0.3071361274412508	True	16	18	0.2150657737944827	0.2098765432098766	0.2098765432098766	True	9	9	1.5625	0.24337978327577878	10.031261500605375	1.0	True	5	4	4	5	ok	1.5625	
Cldn4	Macrophages M2_CIBERSORT_abs	line	pan-cancer	baseline	18	0.4208902487157882	0.4208902487157882	0.4208902487157882	True	16	18	0.08197349303229798	0.2592592592592593	0.2592592592592593	True	9	9	0.64	0.09968835922975901	4.108804710647962	1.0	True	4	5	5	4	ok	1.5625	
Cldn4	Macrophages_mMCPcounter	line	pan-cancer	baseline	12	0.3028244105377194	0.3028244105377194	0.3028244105377194	True	10	12	0.33868990778028957	0.2777777777777777	0.2777777777777777	True	6	6	4.0	0.3626904414886813	44.11475509066958	0.567099567099567	True	4	2	2	4	ok	4.0	
Cldn4	Mast activated_CIBERSORT_abs	line	pan-cancer	baseline	18	0.04368021941754459	0.04368021941754459	0.04368021941754459	True	16	12	0.8633617446471822	-0.06172839506172845	0.06172839506172845	True	9	9	0.64	0.09968835922975901	4.108804710647962	1.0	True	4	5	5	4	ok	1.5625	
Cldn4	Mast resting_CIBERSORT_abs	line	pan-cancer	baseline	18	-0.09082351504970827	0.09082351504970827	-0.09082351504970827	True	16	9	0.7200363508461478	-0.07407407407407407	0.07407407407407407	True	9	9					False	9	0	9	0	split collapsed or empty cell		
Cldn4	Mast_mMCPcounter	line	pan-cancer	baseline	18	0.21829627977019384	0.21829627977019384	0.21829627977019384	True	16	15	0.384175923354514	0.14814814814814814	0.14814814814814814	True	9	9	0.64	0.09968835922975901	4.108804710647962	1.0	True	4	5	5	4	ok	1.5625	
Cldn4	Mast_xCell	line	pan-cancer	baseline	18	0.24715668167831292	0.24715668167831292	0.24715668167831292	True	16	18	0.32277573334118626	0.08641975308641969	0.08641975308641969	True	9	9	1.5625	0.24337978327577878	10.031261500605375	1.0	True	5	4	4	5	ok	1.5625	
Cldn4	Memory B_mMCPcounter	line	pan-cancer	baseline	18	-0.06583302126604426	0.06583302126604426	-0.06583302126604426	True	16	14	0.7952223293811203	-0.012345679012345734	0.012345679012345734	True	9	9	1.5625	0.24337978327577878	10.031261500605375	1.0	True	5	4	4	5	ok	1.5625	
Cldn4	Monocyte_quanTIseq	line	pan-cancer	baseline	18	-0.0036952791042188684	0.0036952791042188684	-0.0036952791042188684	True	16	7	0.9883894709926861	0.1728395061728396	0.1728395061728396	True	9	9					False	9	0	9	0	split collapsed or empty cell		
Cldn4	Monocyte_xCell	line	pan-cancer	baseline	18	-0.11271999289931427	0.11271999289931427	-0.11271999289931427	True	16	16	0.6560873235866207	-0.16049382716049387	0.16049382716049387	True	9	9	0.64	0.09968835922975901	4.108804710647962	1.0	True	4	5	5	4	ok	1.5625	
Cldn4	Monocytes_CIBERSORT_abs	line	pan-cancer	baseline	18	-0.2631466877105735	0.2631466877105735	-0.2631466877105735	True	16	12	0.2914137003010304	-0.2098765432098766	0.2098765432098766	True	9	9	0.64	0.09968835922975901	4.108804710647962	1.0	True	4	5	5	4	ok	1.5625	
Cldn4	Monocytes_mMCPcounter	line	pan-cancer	baseline	18	-0.06928660113994546	0.06928660113994546	-0.06928660113994546	True	16	18	0.7847129363505727	-0.23456790123456794	0.23456790123456794	True	9	9	0.64	0.09968835922975901	4.108804710647962	1.0	True	4	5	5	4	ok	1.5625	
Cldn4	Myeloid dendritic activated_xCell	line	pan-cancer	baseline	18	0.06515008763905321	0.06515008763905321	0.06515008763905321	True	16	18	0.7973045640826241	0.012345679012345734	0.012345679012345734	True	9	9	1.5625	0.24337978327577878	10.031261500605375	1.0	True	5	4	4	5	ok	1.5625	
Cldn4	Myeloid dendritic_xCell	line	pan-cancer	baseline	18	0.2719757626836665	0.2719757626836665	0.2719757626836665	True	16	14	0.27492015087231164	0.382716049382716	0.382716049382716	True	9	9	4.0	0.5634336836841801	28.397308260626524	0.3469354175236528	True	6	3	3	6	ok	4.0	
Cldn4	NK activated_CIBERSORT_abs	line	pan-cancer	baseline	18	0.3396147922454664	0.3396147922454664	0.3396147922454664	True	16	14	0.16795153831286264	0.3580246913580247	0.3580246913580247	True	9	9	1.5625	0.24337978327577878	10.031261500605375	1.0	True	5	4	4	5	ok	1.5625	
Cldn4	NK resting_CIBERSORT_abs	line	pan-cancer	baseline	18	-0.21517776148776252	0.21517776148776252	-0.21517776148776252	True	16	15	0.39117266913085225	-0.11111111111111116	0.11111111111111116	True	9	9	0.64	0.09968835922975901	4.108804710647962	1.0	True	4	5	5	4	ok	1.5625	
Cldn4	NK_EPIC	line	pan-cancer	baseline	18	0.3195456679439276	0.3195456679439276	0.3195456679439276	True	16	18	0.19615026167988062	0.45679012345679015	0.45679012345679015	True	9	9	4.0	0.5634336836841801	28.397308260626524	0.3469354175236528	True	6	3	3	6	ok	4.0	
Cldn4	NK_mMCPcounter	line	pan-cancer	baseline	18	0.04634635476704778	0.04634635476704778	0.04634635476704778	True	16	13	0.8551026389817162	-0.07407407407407407	0.07407407407407407	True	9	9	0.64	0.09968835922975901	4.108804710647962	1.0	True	4	5	5	4	ok	1.5625	
Cldn4	NK_quanTIseq	line	pan-cancer	baseline	18	-0.08169614164262227	0.08169614164262227	-0.08169614164262227	True	16	18	0.7472533430922125	-0.2592592592592593	0.2592592592592593	True	9	9	0.64	0.09968835922975901	4.108804710647962	1.0	True	4	5	5	4	ok	1.5625	
Cldn4	NK_xCell	line	pan-cancer	baseline	18	0.25803108808290154		0.25803108808290154	False	16	4	0.3012386510957098	0.4814814814814814	0.4814814814814814	True	9	9	4.0	0.5634336836841801	28.397308260626524	0.3469354175236528	True	6	3	3	6	ok	4.0	
Cldn4	Neutrophil_TIMER	line	pan-cancer	baseline	18	-0.14167558740556013	0.14167558740556013	-0.14167558740556013	True	16	18	0.5749558105602236	-0.2098765432098766	0.2098765432098766	True	9	9	0.64	0.09968835922975901	4.108804710647962	1.0	True	4	5	5	4	ok	1.5625	
Cldn4	Neutrophil_quanTIseq	line	pan-cancer	baseline	18	0.5638910050346865	0.5638910050346865	0.5638910050346865	True	16	17	0.014794394244753208	0.5308641975308641	0.5308641975308641	True	9	9	12.25	1.3272310247275345	113.0643401218007	0.056684491978609634	True	7	2	2	7	ok	12.25	
Cldn4	Neutrophil_xCell	line	pan-cancer	baseline	18	0.3278186949457122	0.3278186949457122	0.3278186949457122	True	16	16	0.1841709258832472	0.33333333333333326	0.33333333333333326	True	9	9	4.0	0.5634336836841801	28.397308260626524	0.3469354175236528	True	6	3	3	6	ok	4.0	
Cldn4	Neutrophils_CIBERSORT_abs	line	pan-cancer	baseline	18	0.13409628614454766	0.13409628614454766	0.13409628614454766	True	16	15	0.5957758045855319	0.1728395061728396	0.1728395061728396	True	9	9	4.0	0.5634336836841801	28.397308260626524	0.3469354175236528	True	6	3	3	6	ok	4.0	
Cldn4	Neutrophils_mMCPcounter	line	pan-cancer	baseline	18	0.6998619785482569	0.6998619785482569	0.6998619785482569	True	16	8	0.0012231106328422178	0.6296296296296295	0.6296296296296295	True	9	9					False	9	0	9	0	split collapsed or empty cell		
Cldn4	Plasma_CIBERSORT_abs	line	pan-cancer	baseline	18	0.32368218144481986	0.32368218144481986	0.32368218144481986	True	16	18	0.19009788960772453	0.3580246913580247	0.3580246913580247	True	9	9	1.5625	0.24337978327577878	10.031261500605375	1.0	True	5	4	4	5	ok	1.5625	
Cldn4	Plasmacytoid dendritic_xCell	line	pan-cancer	baseline	18	0.2669428977962369	0.2669428977962369	0.2669428977962369	True	16	8	0.28425002499550556	0.24691358024691357	0.24691358024691357	True	9	9	1.5625	0.24337978327577878	10.031261500605375	1.0	True	5	4	4	5	ok	1.5625	
Cldn4	T CD4 Th1_xCell	line	pan-cancer	baseline	18	0.3898663974590961	0.3898663974590961	0.3898663974590961	True	16	17	0.10974174298310843	0.33333333333333326	0.33333333333333326	True	9	9	4.0	0.5634336836841801	28.397308260626524	0.3469354175236528	True	6	3	3	6	ok	4.0	
Cldn4	T CD4 Th2_xCell	line	pan-cancer	baseline	18	0.11271999289931427	0.11271999289931427	0.11271999289931427	True	16	16	0.6560873235866207	0.1358024691358024	0.1358024691358024	True	9	9	0.64	0.09968835922975901	4.108804710647962	1.0	True	4	5	5	4	ok	1.5625	
Cldn4	T CD4 central memory_xCell	line	pan-cancer	baseline	18	-0.4209342936565335		-0.4209342936565335	False	16	1	0.0819381506338427	-0.32098765432098764	0.32098765432098764	True	9	9	0.64	0.09968835922975901	4.108804710647962	1.0	True	4	5	5	4	ok	1.5625	
Cldn4	T CD4 effector memory_xCell	line	pan-cancer	baseline	18	0.07139170522457498	0.07139170522457498	0.07139170522457498	True	16	11	0.7783242321081003	0.07407407407407418	0.07407407407407418	True	9	9	1.5625	0.24337978327577878	10.031261500605375	1.0	True	5	4	4	5	ok	1.5625	
Cldn4	T CD4 memory activated_CIBERSORT_abs	line	pan-cancer	baseline	18	-0.4881659545986601	0.4881659545986601	-0.4881659545986601	True	16	6	0.039843702725818345	-0.3827160493827161	0.3827160493827161	True	9	9					False	9	0	9	0	split collapsed or empty cell		
Cldn4	T CD4 memory resting_CIBERSORT_abs	line	pan-cancer	baseline	18	0.059124465667501895	0.059124465667501895	0.059124465667501895	True	16	7	0.8157314164294868	-0.012345679012345734	0.012345679012345734	True	9	9					False	9	0	9	0	split collapsed or empty cell		
Cldn4	T CD4 memory_xCell	line	pan-cancer	baseline	18	0.23929780745911328	0.23929780745911328	0.23929780745911328	True	16	11	0.3388891229246862	0.1358024691358024	0.1358024691358024	True	9	9	0.64	0.09968835922975901	4.108804710647962	1.0	True	4	5	5	4	ok	1.5625	
Cldn4	T CD4 naive_CIBERSORT_abs	line	pan-cancer	baseline	18	0.2594551489100911		0.2594551489100911	False	16	4	0.29848386428559515	0.11111111111111116	0.11111111111111116	True	9	9					False	9	0	9	0	split collapsed or empty cell		
Cldn4	T CD4 naive_xCell	line	pan-cancer	baseline	18	0.21840109708772293		0.21840109708772293	False	16	3	0.38394196192499164	0.16049382716049387	0.16049382716049387	True	9	9	1.5625	0.24337978327577878	10.031261500605375	1.0	True	5	4	4	5	ok	1.5625	
Cldn4	T CD4 nonregulatory_xCell	line	pan-cancer	baseline	18	-0.23532176746459904		-0.23532176746459904	False	16	2	0.3472154695990286	-0.18518518518518523	0.18518518518518523	True	9	9	0.64	0.09968835922975901	4.108804710647962	1.0	True	4	5	5	4	ok	1.5625	
Cldn4	T CD4_EPIC	line	pan-cancer	baseline	18	0.2678392491827743	0.2678392491827743	0.2678392491827743	True	16	18	0.2825744000122172	0.28395061728395055	0.28395061728395055	True	9	9	1.5625	0.24337978327577878	10.031261500605375	1.0	True	5	4	4	5	ok	1.5625	
Cldn4	T CD4_TIMER	line	pan-cancer	baseline	18	0.4043441947122191	0.4043441947122191	0.4043441947122191	True	16	18	0.09605519538358465	0.40740740740740744	0.40740740740740744	True	9	9	4.0	0.5634336836841801	28.397308260626524	0.3469354175236528	True	6	3	3	6	ok	4.0	
Cldn4	T CD8 central memory_xCell	line	pan-cancer	baseline	18	0.013443668877899868	0.013443668877899868	0.013443668877899868	True	16	13	0.9577765922436506	-0.012345679012345734	0.012345679012345734	True	9	9	0.64	0.09968835922975901	4.108804710647962	1.0	True	4	5	5	4	ok	1.5625	
Cldn4	T CD8 effector memory_xCell	line	pan-cancer	baseline	18	-0.19170984455958548	0.19170984455958548	-0.19170984455958548	True	16	11	0.4460153472215165	-0.28395061728395066	0.28395061728395066	True	9	9	0.64	0.09968835922975901	4.108804710647962	1.0	True	4	5	5	4	ok	1.5625	
Cldn4	T CD8 naive_xCell	line	pan-cancer	baseline	18	0.29265833018812787	0.29265833018812787	0.29265833018812787	True	16	16	0.23858524945897638	0.23456790123456783	0.23456790123456783	True	9	9	1.5625	0.24337978327577878	10.031261500605375	1.0	True	5	4	4	5	ok	1.5625	
Cldn4	T CD8_CIBERSORT_abs	line	pan-cancer	baseline	18	0.22233760067295932	0.22233760067295932	0.22233760067295932	True	16	18	0.37521246883813597	0.2592592592592593	0.2592592592592593	True	9	9	1.5625	0.24337978327577878	10.031261500605375	1.0	True	5	4	4	5	ok	1.5625	
Cldn4	T CD8_EPIC	line	pan-cancer	baseline	18	0.054808803886822535	0.054808803886822535	0.054808803886822535	True	16	18	0.8289864187953977	0.03703703703703698	0.03703703703703698	True	9	9	1.5625	0.24337978327577878	10.031261500605375	1.0	True	5	4	4	5	ok	1.5625	
Cldn4	T CD8_TIMER	line	pan-cancer	baseline	18	-0.10858347939842201	0.10858347939842201	-0.10858347939842201	True	16	18	0.6680106556509822	-0.03703703703703709	0.03703703703703709	True	9	9	1.5625	0.24337978327577878	10.031261500605375	1.0	True	5	4	4	5	ok	1.5625	
Cldn4	T CD8_quanTIseq	line	pan-cancer	baseline	18	0.05859541629182811	0.05859541629182811	0.05859541629182811	True	16	12	0.8173538397490627	0.03703703703703698	0.03703703703703698	True	9	9	1.5625	0.24337978327577878	10.031261500605375	1.0	True	5	4	4	5	ok	1.5625	
Cldn4	T CD8_xCell	line	pan-cancer	baseline	18	-0.1209930199010988	0.1209930199010988	-0.1209930199010988	True	16	11	0.6324787934865939	-0.06172839506172845	0.06172839506172845	True	9	9	0.64	0.09968835922975901	4.108804710647962	1.0	True	4	5	5	4	ok	1.5625	
Cldn4	T NK_xCell	line	pan-cancer	baseline	18	0.19131374941626736	0.19131374941626736	0.19131374941626736	True	16	17	0.446973472572441	0.03703703703703698	0.03703703703703698	True	9	9	1.5625	0.24337978327577878	10.031261500605375	1.0	True	5	4	4	5	ok	1.5625	
Cldn4	T follicular helper_CIBERSORT_abs	line	pan-cancer	baseline	18	0.5180983159867564	0.5180983159867564	0.5180983159867564	True	16	18	0.02762692127850257	0.308641975308642	0.308641975308642	True	9	9	1.5625	0.24337978327577878	10.031261500605375	1.0	True	5	4	4	5	ok	1.5625	
Cldn4	T gamma delta_xCell	line	pan-cancer	baseline	18	-0.16642554666348977		-0.16642554666348977	False	16	3	0.5092407059234884	-0.28395061728395066	0.28395061728395066	True	9	9	0.64	0.09968835922975901	4.108804710647962	1.0	True	4	5	5	4	ok	1.5625	
Cldn4	T regulatory Tregs_xCell	line	pan-cancer	baseline	18	-0.19802307387955176		-0.19802307387955176	False	16	4	0.4308875509995923	-0.2222222222222222	0.2222222222222222	True	9	9	0.25	0.035214605230261244	1.7748317662891582	0.3469354175236528	True	3	6	6	3	ok	4.0	
Cldn4	T_mMCPcounter	line	pan-cancer	baseline	18	0.056877060637268675	0.056877060637268675	0.056877060637268675	True	16	18	0.8226283245281097	0.06172839506172845	0.06172839506172845	True	9	9	1.5625	0.24337978327577878	10.031261500605375	1.0	True	5	4	4	5	ok	1.5625	
Cldn4	Treg_CIBERSORT_abs	line	pan-cancer	baseline	18	0.288611391049343	0.288611391049343	0.288611391049343	True	16	13	0.24544105342918376	0.024691358024691468	0.024691358024691468	True	9	9	0.64	0.09968835922975901	4.108804710647962	1.0	True	4	5	5	4	ok	1.5625	
Cldn4	Tregs_quanTIseq	line	pan-cancer	baseline	18	-0.007238898626561467	0.007238898626561467	-0.007238898626561467	True	16	18	0.9772575109593157	-0.2098765432098766	0.2098765432098766	True	9	9	0.25	0.035214605230261244	1.7748317662891582	0.3469354175236528	True	3	6	6	3	ok	4.0	
Cldn4	B derived_mMCPcounter	mouse_line_residual	pan-cancer	baseline	299	0.05655288214484016	0.05655288214484016	0.05655288214484016	True	245	277	0.3297711877813033	0.056231856915441414	0.056231856915441414	True	181	118	1.0096099491237989	0.6347362144038756	1.6058832413194921	1.0	True	94	87	61	57	ok	1.0096099491237989	18.0
Cldn4	B memory_CIBERSORT_abs	mouse_line_residual	pan-cancer	baseline	299	0.04502804589796251	0.04502804589796251	0.04502804589796251	True	245	229	0.43790256367622726	0.07416424758872564	0.07416424758872564	True	181	118	1.1392301392301394	0.7127806851683602	1.820819976096531	0.6322991320850158	True	107	74	66	52	ok	1.1392301392301394	18.0
Cldn4	B memory_xCell	mouse_line_residual	pan-cancer	baseline	299	0.0632655594909954	0.0632655594909954	0.0632655594909954	True	245	91	0.2755042746661523	0.1080157318100945	0.1080157318100945	True	181	118	1.2083062946138872	0.7518345943952414	1.9419219499708391	0.4673096628941775	True	114	67	69	49	ok	1.2083062946138872	18.0
Cldn4	B naive_CIBERSORT_abs	mouse_line_residual	pan-cancer	baseline	299	-0.10114291737701718	0.10114291737701718	-0.10114291737701718	True	245	115	0.08079721255234915	-0.1307238505478041	0.1307238505478041	True	181	118					False	158	23	104	14	split collapsed or empty cell		18.0
Cldn4	B naive_xCell	mouse_line_residual	pan-cancer	baseline	299	0.04256611628370811	0.04256611628370811	0.04256611628370811	True	245	166	0.46338378857229234	0.050941099353872143	0.050941099353872143	True	181	118	1.3356612832824095	0.8386811411678468	2.127138641958064	0.23714692024233378	True	102	79	58	60	ok	1.3356612832824095	18.0
Cldn4	B plasma_xCell	mouse_line_residual	pan-cancer	baseline	299	-0.11871648974473845	0.11871648974473845	-0.11871648974473845	True	245	288	0.040222014747696065	-0.12744639011143366	0.12744639011143366	True	181	118	0.6071428571428571	0.37977880529630925	0.9706240681124553	0.04409322750855738	True	85	96	70	48	ok	1.647058823529412	18.0
Cldn4	B_EPIC	mouse_line_residual	pan-cancer	baseline	299	0.0474435489979423	0.0474435489979423	0.0474435489979423	True	245	289	0.4137000061954769	0.074070605861972	0.074070605861972	True	181	118	1.4141414141414141	0.8878488588031196	2.252405822637131	0.1564880409927199	True	100	81	55	63	ok	1.4141414141414141	18.0
Cldn4	B_TIMER	mouse_line_residual	pan-cancer	baseline	299	0.06578793818863855	0.06578793818863855	0.06578793818863855	True	245	289	0.25677617678918263	0.07257233823391696	0.07257233823391696	True	181	118	1.263580638342845	0.7940128690578906	2.010844020058953	0.34500097443827543	True	98	83	57	61	ok	1.263580638342845	18.0
Cldn4	B_quanTIseq	mouse_line_residual	pan-cancer	baseline	299	0.0661484169612121	0.0661484169612121	0.0661484169612121	True	245	289	0.25417329323827953	0.11049723756906071	0.11049723756906071	True	181	118	1.263580638342845	0.7940128690578906	2.010844020058953	0.34500097443827543	True	98	83	57	61	ok	1.263580638342845	18.0
Cldn4	B_xCell	mouse_line_residual	pan-cancer	baseline	299	-0.03388943877253138	0.03388943877253138	-0.03388943877253138	True	245	197	0.559411194958139	-0.0030433561194868064	0.0030433561194868064	True	181	118	0.9545454545454546	0.6000364030535466	1.5185029110843427	0.9058624416367481	True	93	88	62	56	ok	1.0476190476190477	18.0
Cldn4	CD8 T_mMCPcounter	mouse_line_residual	pan-cancer	baseline	292	0.13336709150949583	0.13336709150949583	0.13336709150949583	True	240	267	0.022643626534198227	0.19326007326007333	0.19326007326007333	True	175	117	1.4848484848484849	0.9277283396763992	2.3765308535534104	0.12015954146113234	True	98	77	54	63	ok	1.4848484848484849	18.0
Cldn4	Classswitched memory B_xCell	mouse_line_residual	pan-cancer	baseline	299	-0.06181122757984765	0.06181122757984765	-0.06181122757984765	True	245	206	0.28671389641582545	-0.012782095701844742	0.012782095701844742	True	181	118	0.8877331420373026	0.5559727749684287	1.4174617300571468	0.6354466997043565	True	99	82	68	50	ok	1.1264646464646466	18.0
Cldn4	Dendritic activated_CIBERSORT_abs	mouse_line_residual	pan-cancer	baseline	299	-0.020862368558977166	0.020862368558977166	-0.020862368558977166	True	245	47	0.7193915093458829	0.00018728345350682574	0.00018728345350682574	True	181	118					False	181	0	118	0	split collapsed or empty cell		18.0
Cldn4	Dendritic resting_CIBERSORT_abs	mouse_line_residual	pan-cancer	baseline	299	-0.021692259504273264	0.021692259504273264	-0.021692259504273264	True	245	251	0.7087264520932909	-0.043402940350220076	0.043402940350220076	True	181	118	0.8065972222222222	0.5030431239484869	1.2933266511823507	0.40282203513842474	True	101	80	72	46	ok	1.2397761515281964	18.0
Cldn4	Dendritic_TIMER	mouse_line_residual	pan-cancer	baseline	299	0.12452978693183323	0.12452978693183323	0.12452978693183323	True	245	289	0.03134320913866793	0.10544058432437486	0.10544058432437486	True	181	118	1.336672473867596	0.8396207356346985	2.1279766286913997	0.2377635506482804	True	99	82	56	62	ok	1.336672473867596	18.0
Cldn4	Dendritic_quanTIseq	mouse_line_residual	pan-cancer	baseline	299	0.05169402073058449	0.05169402073058449	0.05169402073058449	True	245	266	0.3730768604680549	0.08853825264537885	0.08853825264537885	True	181	118	1.5650522317188984	0.9814941279132721	2.495571209596417	0.07536832943663646	True	103	78	54	64	ok	1.5650522317188984	18.0
Cldn4	Eosinophil_xCell	mouse_line_residual	pan-cancer	baseline	299	-0.011884004138917787	0.011884004138917787	-0.011884004138917787	True	245	93	0.8378533040612127	-0.0047757280644255	0.0047757280644255	True	181	118	1.0392156862745097	0.6495889003989175	1.6625426357128066	0.9048323449680007	True	106	75	68	50	ok	1.0392156862745097	18.0
Cldn4	Eosinophils_CIBERSORT_abs	mouse_line_residual	pan-cancer	baseline	299	-0.11234799662814204	0.11234799662814204	-0.11234799662814204	True	245	177	0.05229594633282633	-0.1546024908699316	0.1546024908699316	True	181	118	0.6135220711491898	0.3610549570146118	1.0425264200761497	0.08898827078327654	True	122	59	91	27	ok	1.629933211900425	18.0
Cldn4	Eosinophils_mMCPcounter	mouse_line_residual	pan-cancer	baseline	290	-0.004022047830350237	0.004022047830350237	-0.004022047830350237	True	236	273	0.9456284437687801	0.029018633540372596	0.029018633540372596	True	175	115	1.1540436456996148	0.7206000712549311	1.848205113080669	0.6310007050854107	True	93	82	57	58	ok	1.1540436456996148	18.0
Cldn4	Granulocytes_mMCPcounter	mouse_line_residual	pan-cancer	baseline	299	0.11478057994791657	0.11478057994791657	0.11478057994791657	True	245	216	0.047368913919346896	0.15741174267253477	0.15741174267253477	True	181	118	2.3023402909550916	1.4172339500517526	3.7402228581679196	0.0008466094452469897	True	130	51	62	56	ok	2.3023402909550916	18.0
Cldn4	Macrophage M1_quanTIseq	mouse_line_residual	pan-cancer	baseline	299	0.19144639501103924	0.19144639501103924	0.19144639501103924	True	245	154	0.0008766639632445489	0.13109841745481776	0.13109841745481776	True	181	118	1.7851515151515152	1.0764052206685806	2.960563429884124	0.027145832757029198	True	137	44	75	43	ok	1.7851515151515152	18.0
Cldn4	Macrophage M1_xCell	mouse_line_residual	pan-cancer	baseline	299	-0.14156834761130804	0.14156834761130804	-0.14156834761130804	True	245	280	0.014283890240365147	-0.11630302462777409	0.11630302462777409	True	181	118	0.7621870882740448	0.4783562029878868	1.2144279804528366	0.2869932008235585	True	89	92	66	52	ok	1.3120138288677614	18.0
Cldn4	Macrophage M2_quanTIseq	mouse_line_residual	pan-cancer	baseline	299	-0.028962396026725283	0.028962396026725283	-0.028962396026725283	True	245	258	0.6179107132444364	0.019852046071729523	0.019852046071729523	True	181	118	1.8911637931034482	1.1792000063094115	3.0329888680538053	0.008501713991165175	True	117	64	58	60	ok	1.8911637931034482	18.0
Cldn4	Macrophage M2_xCell	mouse_line_residual	pan-cancer	baseline	299	-0.15100414948888757	0.15100414948888757	-0.15100414948888757	True	245	277	0.008918008393628829	-0.13236258076598928	0.13236258076598928	True	181	118	0.8064243448858834	0.5064022226562535	1.2841970175673272	0.40766815176831517	True	90	91	65	53	ok	1.240041928721174	18.0
Cldn4	Macrophage_EPIC	mouse_line_residual	pan-cancer	baseline	299	-0.021499871496842137	0.021499871496842137	-0.021499871496842137	True	245	289	0.7111938964009441	0.059087929581421506	0.059087929581421506	True	181	118	1.1294117647058823	0.7100260864110097	1.7965127742048497	0.6368783689045165	True	96	85	59	59	ok	1.1294117647058823	18.0
Cldn4	Macrophage_TIMER	mouse_line_residual	pan-cancer	baseline	299	-0.12013346181661771	0.12013346181661771	-0.12013346181661771	True	245	241	0.037882373880018784	-0.14350594624964885	0.14350594624964885	True	181	118	0.7476387738193868	0.4671988124576751	1.1964151474995335	0.23569785051501363	True	96	85	71	47	ok	1.3375443262411348	18.0
Cldn4	Macrophage_xCell	mouse_line_residual	pan-cancer	baseline	299	-0.14068774606174933	0.14068774606174933	-0.14068774606174933	True	245	266	0.014906213698999268	-0.09233074257889318	0.09233074257889318	True	181	118	0.9024433743534868	0.567148796251013	1.43596186626492	0.7227464379733458	True	92	89	63	55	ok	1.108102766798419	18.0
Cldn4	Macrophages M0_CIBERSORT_abs	mouse_line_residual	pan-cancer	baseline	299	0.24208470186714867	0.24208470186714867	0.24208470186714867	True	245	122	2.320220456665407e-05	0.23368292911321276	0.23368292911321276	True	181	118	2.8503703703703707	1.6054271516833114	5.060716233537324	0.00040448104441635844	True	156	25	81	37	ok	2.8503703703703707	18.0
Cldn4	Macrophages M1_CIBERSORT_abs	mouse_line_residual	pan-cancer	baseline	299	0.04329739491728931	0.04329739491728931	0.04329739491728931	True	245	276	0.45573034362684106	0.045041670568405356	0.045041670568405356	True	181	118	1.1934156378600822	0.749723559323563	1.8996880476505313	0.4782584537918517	True	100	81	60	58	ok	1.1934156378600822	18.0
Cldn4	Macrophages M2_CIBERSORT_abs	mouse_line_residual	pan-cancer	baseline	299	0.14903356956630825	0.14903356956630825	0.14903356956630825	True	245	279	0.009861028178868197	0.12978743328026976	0.12978743328026976	True	181	118	1.7743824802648334	1.1106579025995371	2.8347461256087527	0.018066456664297265	True	104	77	51	67	ok	1.7743824802648334	18.0
Cldn4	Macrophages_mMCPcounter	mouse_line_residual	pan-cancer	baseline	212	-0.03793855313493309	0.03793855313493309	-0.03793855313493309	True	165	205	0.5827820331383046	-0.049846919249904365	0.049846919249904365	True	134	78	0.8831168831168831	0.5047698667147481	1.5450514792453083	0.6719530356727942	True	68	66	42	36	ok	1.1323529411764706	12.0
Cldn4	Mast activated_CIBERSORT_abs	mouse_line_residual	pan-cancer	baseline	299	0.011442893174023874	0.011442893174023874	0.011442893174023874	True	245	176	0.8437932805586257	0.024908699316415372	0.024908699316415372	True	181	118	0.8221153846153847	0.4782833559954455	1.4131240344222598	0.4983246041275886	True	133	48	91	27	ok	1.2163742690058479	18.0
Cldn4	Mast resting_CIBERSORT_abs	mouse_line_residual	pan-cancer	baseline	299	-0.05127091913899793	0.05127091913899793	-0.05127091913899793	True	245	134	0.37700682312708883	-0.011564753254050042	0.011564753254050042	True	181	118					False	151	30	89	29	split collapsed or empty cell		18.0
Cldn4	Mast_mMCPcounter	mouse_line_residual	pan-cancer	baseline	299	-0.11930937541507149	0.11930937541507149	-0.11930937541507149	True	245	195	0.03922863792324872	-0.14032212754003182	0.14032212754003182	True	181	118	1.0738624338624339	0.6619459896721254	1.7421066746429608	0.8052550229859161	True	118	63	75	43	ok	1.0738624338624339	18.0
Cldn4	Mast_xCell	mouse_line_residual	pan-cancer	baseline	299	-0.054030658006677085	0.054030658006677085	-0.054030658006677085	True	245	279	0.3518306444296336	-0.08006367637419232	0.08006367637419232	True	181	118	0.8064243448858834	0.5064022226562535	1.2841970175673272	0.40766815176831517	True	90	91	65	53	ok	1.240041928721174	18.0
Cldn4	Memory B_mMCPcounter	mouse_line_residual	pan-cancer	baseline	298	0.07811564307907762	0.07811564307907762	0.07811564307907762	True	244	168	0.17866605946841266	0.16817325800376648	0.16817325800376648	True	180	118	2.4	1.4436067848441894	3.990006184836327	0.000749193733667283	True	140	40	70	48	ok	2.4	18.0
Cldn4	Monocyte_quanTIseq	mouse_line_residual	pan-cancer	baseline	299	0.01938237294282537	0.01938237294282537	0.01938237294282537	True	245	121	0.7385455188035775	-0.004213877703904911	0.004213877703904911	True	181	118	0.6354359925788498	0.35267906343134847	1.1448904755959988	0.14993083285772635	True	137	44	98	20	ok	1.5737226277372263	18.0
Cldn4	Monocyte_xCell	mouse_line_residual	pan-cancer	baseline	299	-0.12917994074025715	0.12917994074025715	-0.12917994074025715	True	245	243	0.025500126583377622	-0.035115647532540484	0.035115647532540484	True	181	118	0.8044436906377206	0.5045405213852763	1.2826118497480936	0.4067249971995942	True	93	88	67	51	ok	1.2430950874973643	18.0
Cldn4	Monocytes_CIBERSORT_abs	mouse_line_residual	pan-cancer	baseline	299	-0.12373018754362222	0.12373018754362222	-0.12373018754362222	True	245	171	0.03245526279928224	-0.1908886599868902	0.1908886599868902	True	181	118	0.6308229813664596	0.36855279476939645	1.0797303384147672	0.11146054421279347	True	125	56	92	26	ok	1.5852307692307692	18.0
Cldn4	Monocytes_mMCPcounter	mouse_line_residual	pan-cancer	baseline	299	0.09103302319805048	0.09103302319805048	0.09103302319805048	True	245	286	0.11623427393202608	0.02846708493304617	0.02846708493304617	True	181	118	1.0096099491237989	0.6347362144038756	1.6058832413194921	1.0	True	94	87	61	57	ok	1.0096099491237989	18.0
Cldn4	Myeloid dendritic activated_xCell	mouse_line_residual	pan-cancer	baseline	299	0.005104121647148906	0.005104121647148906	0.005104121647148906	True	245	267	0.9299645809696426	0.038112182788650584	0.038112182788650584	True	181	118	1.0096099491237989	0.6347362144038756	1.6058832413194921	1.0	True	94	87	61	57	ok	1.0096099491237989	18.0
Cldn4	Myeloid dendritic_xCell	mouse_line_residual	pan-cancer	baseline	299	-0.2539796493906341	0.2539796493906341	-0.2539796493906341	True	245	197	8.73023038288975e-06	-0.17075568873490032	0.17075568873490032	True	181	118	0.6071428571428571	0.37977880529630925	0.9706240681124553	0.04409322750855738	True	85	96	70	48	ok	1.647058823529412	18.0
Cldn4	NK activated_CIBERSORT_abs	mouse_line_residual	pan-cancer	baseline	299	-0.034300951062032736	0.034300951062032736	-0.034300951062032736	True	245	196	0.5546488065068902	-0.03970409214345916	0.03970409214345916	True	181	118	0.8025914634146342	0.4885489433876717	1.3185026103615949	0.451981660031424	True	117	64	82	36	ok	1.2459639126305793	18.0
Cldn4	NK resting_CIBERSORT_abs	mouse_line_residual	pan-cancer	baseline	299	0.06287779411141863	0.06287779411141863	0.06287779411141863	True	245	179	0.2784635603515285	0.08633767206667287	0.08633767206667287	True	181	118	1.9816280384397964	1.2294812035703382	3.1939078623792083	0.005277183246885572	True	123	58	61	57	ok	1.9816280384397964	18.0
Cldn4	NK_EPIC	mouse_line_residual	pan-cancer	baseline	299	0.1584599919488093	0.1584599919488093	0.1584599919488093	True	245	289	0.00603410340873851	0.10993538720854024	0.10993538720854024	True	181	118	1.4141414141414141	0.8878488588031196	2.252405822637131	0.1564880409927199	True	100	81	55	63	ok	1.4141414141414141	18.0
Cldn4	NK_mMCPcounter	mouse_line_residual	pan-cancer	baseline	299	-0.030719813714928636	0.030719813714928636	-0.030719813714928636	True	245	185	0.5967394578532821	0.032634141773574266	0.032634141773574266	True	181	118	1.4919831223628692	0.8953620625331944	2.48616032615647	0.14762689615072688	True	136	45	79	39	ok	1.4919831223628692	18.0
Cldn4	NK_quanTIseq	mouse_line_residual	pan-cancer	baseline	299	-0.04606459963211516	0.04606459963211516	-0.04606459963211516	True	245	289	0.4274188024287263	-0.007865905047289123	0.007865905047289123	True	181	118	0.9545454545454546	0.6000364030535466	1.5185029110843427	0.9058624416367481	True	93	88	62	56	ok	1.0476190476190477	18.0
Cldn4	NK_xCell	mouse_line_residual	pan-cancer	baseline	299	0.06762760810314108	0.06762760810314108	0.06762760810314108	True	245	75	0.2436841539566572	0.11564753254049998	0.11564753254049998	True	181	118	2.0227810650887577	1.2453996712102342	3.2854057471409948	0.004531440144621802	True	129	52	65	53	ok	2.0227810650887577	18.0
Cldn4	Neutrophil_TIMER	mouse_line_residual	pan-cancer	baseline	299	-0.012085146423502393	0.012085146423502393	-0.012085146423502393	True	245	289	0.835147760605251	-0.012454349658207686	0.012454349658207686	True	181	118	0.9024433743534868	0.567148796251013	1.43596186626492	0.7227464379733458	True	92	89	63	55	ok	1.108102766798419	18.0
Cldn4	Neutrophil_quanTIseq	mouse_line_residual	pan-cancer	baseline	299	0.1256794327391282	0.1256794327391282	0.1256794327391282	True	245	275	0.029801418971159118	0.12632268939039237	0.12632268939039237	True	181	118	1.3212042451808532	0.8299021734103833	2.103357134625463	0.2863261864959742	True	100	81	57	61	ok	1.3212042451808532	18.0
Cldn4	Neutrophil_xCell	mouse_line_residual	pan-cancer	baseline	299	-0.12931283573141553	0.12931283573141553	-0.12931283573141553	True	245	202	0.025347948911908374	-0.06606423822455287	0.06606423822455287	True	181	118	0.7574750830564784	0.4738669975564815	1.210821822178131	0.2845176505045403	True	95	86	70	48	ok	1.3201754385964912	18.0
Cldn4	Neutrophils_CIBERSORT_abs	mouse_line_residual	pan-cancer	baseline	299	0.04134361418066498	0.04134361418066498	0.04134361418066498	True	245	198	0.47633596558919644	0.02181852233355186	0.02181852233355186	True	181	118	1.0738624338624339	0.6619459896721254	1.7421066746429608	0.8052550229859161	True	118	63	75	43	ok	1.0738624338624339	18.0
Cldn4	Neutrophils_mMCPcounter	mouse_line_residual	pan-cancer	baseline	299	0.004996862438333477	0.004996862438333477	0.004996862438333477	True	245	136	0.931432672921269	0.015076318007304135	0.015076318007304135	True	181	118					False	151	30	97	21	split collapsed or empty cell		18.0
Cldn4	Plasma_CIBERSORT_abs	mouse_line_residual	pan-cancer	baseline	299	-0.008238070751599753	0.008238070751599753	-0.008238070751599753	True	245	265	0.8871943079426563	-0.005571682741829731	0.005571682741829731	True	181	118	0.951219512195122	0.5965262010378903	1.5168127716878832	0.905382757098895	True	99	82	66	52	ok	1.051282051282051	18.0
Cldn4	Plasmacytoid dendritic_xCell	mouse_line_residual	pan-cancer	baseline	299	0.06243648196346587	0.06243648196346587	0.06243648196346587	True	245	120	0.2818575905856474	0.11911227643037736	0.11911227643037736	True	181	118	1.4454317612212348	0.9069733087250829	2.303566109662011	0.12495778392536869	True	104	77	57	61	ok	1.4454317612212348	18.0
Cldn4	T CD4 Th1_xCell	mouse_line_residual	pan-cancer	baseline	299	0.014019521335837932	0.014019521335837932	0.014019521335837932	True	245	258	0.8092322215998146	0.024300028092518078	0.024300028092518078	True	181	118	1.1927212572373862	0.7484784931352999	1.9006344344068888	0.4771915602504587	True	103	78	62	56	ok	1.1927212572373862	18.0
Cldn4	T CD4 Th2_xCell	mouse_line_residual	pan-cancer	baseline	299	-0.21551775156160521	0.21551775156160521	-0.21551775156160521	True	245	241	0.00017315820367018263	-0.15169959734057492	0.15169959734057492	True	181	118	0.6805381727158948	0.4264964292130779	1.0858993717204322	0.1238988491290791	True	87	94	68	50	ok	1.469425287356322	18.0
Cldn4	T CD4 central memory_xCell	mouse_line_residual	pan-cancer	baseline	299	0.0008821448327408847	0.0008821448327408847	0.0008821448327408847	True	245	9	0.9878807429338482	-0.002481505758966218	0.002481505758966218	True	181	118	0.46637788778877887	0.253234656421767	0.8589200913166427	0.01465538933256847	True	133	48	101	17	ok	2.144183989385228	18.0
Cldn4	T CD4 effector memory_xCell	mouse_line_residual	pan-cancer	baseline	299	-0.0442672578830888	0.0442672578830888	-0.0442672578830888	True	245	168	0.44568996839384223	0.009457814402097586	0.009457814402097586	True	181	118	1.029423076923077	0.6456351527633766	1.641347852213612	0.9058748865848119	True	101	80	65	53	ok	1.029423076923077	18.0
Cldn4	T CD4 memory activated_CIBERSORT_abs	mouse_line_residual	pan-cancer	baseline	299	0.060188769520190546	0.060188769520190546	0.060188769520190546	True	245	79	0.2995762819952933	0.06648562599494334	0.06648562599494334	True	181	118					False	161	20	101	17	split collapsed or empty cell		18.0
Cldn4	T CD4 memory resting_CIBERSORT_abs	mouse_line_residual	pan-cancer	baseline	299	-0.1546417601673274	0.1546417601673274	-0.1546417601673274	True	245	132	0.007385578970398543	-0.1532915066953835	0.1532915066953835	True	181	118	0.5282608695652175	0.28899968848518204	0.9656050073151136	0.04328221272408257	True	135	46	100	18	ok	1.8930041152263373	18.0
Cldn4	T CD4 memory_xCell	mouse_line_residual	pan-cancer	baseline	299	-0.10755828708479356	0.10755828708479356	-0.10755828708479356	True	245	178	0.06324599127671232	-0.10347410806255264	0.10347410806255264	True	181	118	0.7340674007340673	0.4567745233304129	1.1796957170281648	0.23072106696679595	True	100	81	74	44	ok	1.3622727272727275	18.0
Cldn4	T CD4 naive_CIBERSORT_abs	mouse_line_residual	pan-cancer	baseline	299	0.1464484678292274	0.1464484678292274	0.1464484678292274	True	245	71	0.011231648016351839	0.1391516059556137	0.1391516059556137	True	181	118					False	177	4	109	9	split collapsed or empty cell		18.0
Cldn4	T CD4 naive_xCell	mouse_line_residual	pan-cancer	baseline	299	-0.056280005886586125	0.056280005886586125	-0.056280005886586125	True	245	24	0.3321138362657162	-0.01718325685925648	0.01718325685925648	True	181	118	1.3814756671899528	0.8355757292579534	2.2840239995156124	0.24427596194811438	True	132	49	78	40	ok	1.3814756671899528	18.0
Cldn4	T CD4 nonregulatory_xCell	mouse_line_residual	pan-cancer	baseline	299	-0.013624738942683881	0.013624738942683881	-0.013624738942683881	True	245	26	0.8145053712105935	-0.02809251802603241	0.02809251802603241	True	181	118					False	151	30	92	26	split collapsed or empty cell		18.0
Cldn4	T CD4_EPIC	mouse_line_residual	pan-cancer	baseline	299	0.07923291938304063	0.07923291938304063	0.07923291938304063	True	245	289	0.17178970884336475	0.10281861597527864	0.10281861597527864	True	181	118	1.263580638342845	0.7940128690578906	2.010844020058953	0.34500097443827543	True	98	83	57	61	ok	1.263580638342845	18.0
Cldn4	T CD4_TIMER	mouse_line_residual	pan-cancer	baseline	299	-0.010745775513054499	0.010745775513054499	-0.010745775513054499	True	245	289	0.8531985498207204	0.002902893529356687	0.002902893529356687	True	181	118	1.0096099491237989	0.6347362144038756	1.6058832413194921	1.0	True	94	87	61	57	ok	1.0096099491237989	18.0
Cldn4	T CD4_quanTIseq	mouse_line_residual	pan-cancer	baseline	299	0.03222656589914299	0.03222656589914299	0.03222656589914299	True	245	26	0.5788539753059295	-0.0010300589942878746	0.0010300589942878746	True	181	118					False	181	0	118	0	split collapsed or empty cell		18.0
Cldn4	T CD8 central memory_xCell	mouse_line_residual	pan-cancer	baseline	299	-0.055621247223792365	0.055621247223792365	-0.055621247223792365	True	245	182	0.3378132627295855	0.03848674969566446	0.03848674969566446	True	181	118	1.0540069686411149	0.6618788382642405	1.6784502324585842	0.9055262873303533	True	99	82	63	55	ok	1.0540069686411149	18.0
Cldn4	T CD8 effector memory_xCell	mouse_line_residual	pan-cancer	baseline	299	0.07163993362310045	0.07163993362310045	0.07163993362310045	True	245	118	0.21676758045892797	0.1283359865155913	0.1283359865155913	True	181	118	1.3511298183429332	0.8469049355853319	2.155556910001583	0.23354489036123172	True	107	74	61	57	ok	1.3511298183429332	18.0
Cldn4	T CD8 naive_xCell	mouse_line_residual	pan-cancer	baseline	299	-0.14312191413458086	0.14312191413458086	-0.14312191413458086	True	245	248	0.013241433017651235	-0.16494990167618695	0.16494990167618695	True	181	118	0.6012012012012011	0.3744708440531243	0.9652096820506832	0.04299727441749615	True	91	90	74	44	ok	1.6633366633366635	18.0
Cldn4	T CD8_CIBERSORT_abs	mouse_line_residual	pan-cancer	baseline	299	0.009391215860276204	0.009391215860276204	0.009391215860276204	True	245	269	0.8715321232394516	0.016434123045228954	0.016434123045228954	True	181	118	0.9024433743534868	0.567148796251013	1.43596186626492	0.7227464379733458	True	92	89	63	55	ok	1.108102766798419	18.0
Cldn4	T CD8_EPIC	mouse_line_residual	pan-cancer	baseline	299	-0.12258572018891481	0.12258572018891481	-0.12258572018891481	True	245	289	0.03410534709535986	-0.1199550519711583	0.1199550519711583	True	181	118	1.067829457364341	0.6713595721679536	1.6984337414493063	0.8134157705021619	True	95	86	60	58	ok	1.067829457364341	18.0
Cldn4	T CD8_TIMER	mouse_line_residual	pan-cancer	baseline	299	0.08873129891888651	0.08873129891888651	0.08873129891888651	True	245	289	0.12579362216855894	0.039610450416705634	0.039610450416705634	True	181	118	1.336672473867596	0.8396207356346985	2.1279766286913997	0.2377635506482804	True	99	82	56	62	ok	1.336672473867596	18.0
Cldn4	T CD8_quanTIseq	mouse_line_residual	pan-cancer	baseline	299	0.11595846152038657	0.11595846152038657	0.11595846152038657	True	245	169	0.04512644984327804	0.13503136997846243	0.13503136997846243	True	181	118	2.298387096774194	1.3307206889012104	3.9697160273204974	0.00313820740206592	True	150	31	80	38	ok	2.298387096774194	18.0
Cldn4	T CD8_xCell	mouse_line_residual	pan-cancer	baseline	299	0.02459620089820162	0.02459620089820162	0.02459620089820162	True	245	144	0.6718643447074086	0.045884446109186294	0.045884446109186294	True	181	118	1.1150935882118675	0.7002943160226182	1.7755873238175157	0.7217933678242209	True	100	81	62	56	ok	1.1150935882118675	18.0
Cldn4	T NK_xCell	mouse_line_residual	pan-cancer	baseline	299	-0.056725216929200864	0.056725216929200864	-0.056725216929200864	True	245	264	0.328297189335993	-0.046024908699316414	0.046024908699316414	True	181	118	0.8721910112359552	0.5479355142119547	1.3883333719933588	0.6358316131778619	True	92	89	64	54	ok	1.1465378421900159	18.0
Cldn4	T follicular helper_CIBERSORT_abs	mouse_line_residual	pan-cancer	baseline	299	0.1319649919500698	0.1319649919500698	0.1319649919500698	True	245	254	0.022470441683506613	0.11836314261634984	0.11836314261634984	True	181	118	1.262082180114967	0.7919259016521888	2.0113642274366765	0.3431964360281412	True	104	77	61	57	ok	1.262082180114967	18.0
Cldn4	T gamma delta_CIBERSORT_abs	mouse_line_residual	pan-cancer	baseline	299	0.04142237840655363	0.04142237840655363	0.04142237840655363	True	245	26	0.475495569078643	0.02453413240940172	0.02453413240940172	True	181	118					False	181	0	118	0	split collapsed or empty cell		18.0
Cldn4	T gamma delta_xCell	mouse_line_residual	pan-cancer	baseline	299	0.052946471485294966	0.052946471485294966	0.052946471485294966	True	245	36	0.3615922253316487	0.09158160876486554	0.09158160876486554	True	181	118	1.5980494601184254	0.9153995779968466	2.789778516801532	0.1129997098476521	True	148	33	87	31	ok	1.5980494601184254	18.0
Cldn4	T regulatory Tregs_xCell	mouse_line_residual	pan-cancer	baseline	299	-0.023354224525386963	0.023354224525386963	-0.023354224525386963	True	245	53	0.6875400515628419	-0.009598276992227706	0.009598276992227706	True	181	118	1.0004940711462451	0.587358669615788	1.7042199905784476	1.0	True	135	46	88	30	ok	1.0004940711462451	18.0
Cldn4	T_mMCPcounter	mouse_line_residual	pan-cancer	baseline	290	-0.05823048733378618	0.05823048733378618	-0.05823048733378618	True	237	273	0.3230618315718276	-0.0036460386283011514	0.0036460386283011514	True	172	118	0.8636029411764705	0.5399736532701795	1.3811970926579247	0.5520539161372058	True	87	85	64	54	ok	1.1579395487441466	18.0
Cldn4	Treg_CIBERSORT_abs	mouse_line_residual	pan-cancer	baseline	299	-0.022357374105371978	0.022357374105371978	-0.022357374105371978	True	245	194	0.7002196688978253	0.022427193557449154	0.022427193557449154	True	181	118	1.876948051948052	1.1196864898642018	3.146357504178564	0.02326173233886305	True	141	40	77	41	ok	1.876948051948052	18.0
Cldn4	Tregs_quanTIseq	mouse_line_residual	pan-cancer	baseline	299	-0.10366411677099673	0.10366411677099673	-0.10366411677099673	True	245	287	0.07348013582959592	-0.11639666635452761	0.11639666635452761	True	181	118	0.853125	0.5359696521299468	1.3579542474702244	0.5542770702024172	True	91	90	64	54	ok	1.1721611721611722	18.0
