source	interaction	pathway	ligand	receptor	n_sender_high	n_receiver_high	ligand_mean_high	receptor_mean_high	ligand_frac_high	receptor_frac_high	liana_score_high	cellchat_P_high	pass_expr_prop_high	n_sender_low	n_receiver_low	ligand_mean_low	receptor_mean_low	ligand_frac_low	receptor_frac_low	liana_score_low	cellchat_P_low	pass_expr_prop_low	dataset	donor	delta_liana	delta_cellchat	pass_either
cellchat	TNF_TNFRSF1B	TNF	TNF	TNFRSF1B	57	789	0.1113858893513679	0.1984076499938964	0.1578947368421052	0.1280101394169835	0.1548967696726322	0.0017744857413512	True	56	789	0.0632141679525375	0.1984076499938964	0.0714285714285714	0.1280101394169835	0.130810908973217	0.0	False	GSE131907	BRONCHO_11	0.0240858606994152	0.0017744857413512	True
cellchat	SPP1_CD44	SPP1	SPP1	CD44	57	789	1.6053282022476196	1.251315355300903	0.9473684210526316	0.6653992395437263	1.4283217787742617	0.7985247777396094	True	56	789	1.528057336807251	1.251315355300903	0.8392857142857143	0.6653992395437263	1.3896863460540771	0.7925298937514228	True	GSE131907	BRONCHO_11	0.0386354327201843	0.0059948839881865	True
cellchat	MDK_NCL	MK	MDK	NCL	57	789	1.62759530544281	0.5083385109901428	0.912280701754386	0.3193916349809886	1.0679669082164764	0.558840924649824	True	56	789	1.2019191980361938	0.5083385109901428	0.6071428571428571	0.3193916349809886	0.8551288545131683	0.4650243898711962	True	GSE131907	BRONCHO_11	0.2128380537033081	0.0938165347786277	True
cellchat	LGALS9_CD45	GALECTIN	LGALS9	PTPRC	57	789	0.5755075812339783	1.4761366844177246	0.6491228070175439	0.7629911280101395	1.0258221328258514	0.6147294286165096	True	56	789	0.3468213677406311	1.4761366844177246	0.375	0.7629911280101395	0.911479026079178	0.4349793929976028	True	GSE131907	BRONCHO_11	0.1143431067466735	0.1797500356189068	True
cellchat	LGALS9_CD44	GALECTIN	LGALS9	CD44	57	789	0.5755075812339783	1.251315355300903	0.6491228070175439	0.6653992395437263	0.9134114682674408	0.5674602762014963	True	56	789	0.3468213677406311	1.251315355300903	0.375	0.6653992395437263	0.7990683615207672	0.3876257476516766	True	GSE131907	BRONCHO_11	0.1143431067466735	0.1798345285498196	True
cellchat	FN1_CD44	FN1	FN1	CD44	57	789	0.3077078461647033	1.251315355300903	0.3859649122807017	0.6653992395437263	0.7795116007328033	0.3366488014623719	True	56	789	0.1879808157682418	1.251315355300903	0.2142857142857142	0.6653992395437263	0.7196480855345726	0.1795259375782115	True	GSE131907	BRONCHO_11	0.0598635151982307	0.1571228638841603	True
cellchat	COL1A1_CD44	COLLAGEN	COL1A1	CD44	57	789	0.0881444215774536	1.251315355300903	0.1929824561403508	0.6653992395437263	0.6697298884391785	0.1054485091707157	True	56	789	0.0346562601625919	1.251315355300903	0.0714285714285714	0.6653992395437263	0.6429858077317476	0.0	False	GSE131907	BRONCHO_11	0.0267440807074308	0.1054485091707157	True
cellchat	COL4A4_CD44	COLLAGEN	COL4A4	CD44	57	789	0.0550440736114978	1.251315355300903	0.1403508771929824	0.6653992395437263	0.6531797144562006	0.0492068180120841	True	56	789	0.0	1.251315355300903	0.0	0.6653992395437263	0.6256576776504517	0.0	False	GSE131907	BRONCHO_11	0.0275220368057489	0.0492068180120841	True
cellchat	COL6A1_CD44	COLLAGEN	COL6A1	CD44	57	789	0.1366221010684967	1.251315355300903	0.2105263157894736	0.6653992395437263	0.6939687281847	0.1411591353526574	True	56	789	0.1241568922996521	1.251315355300903	0.1785714285714285	0.6653992395437263	0.6877361238002777	0.0917815917795288	True	GSE131907	BRONCHO_11	0.0062326043844223	0.0493775435731286	True
cellchat	COL6A2_CD44	COLLAGEN	COL6A2	CD44	57	789	0.2197808772325515	1.251315355300903	0.2807017543859649	0.6653992395437263	0.7355481162667274	0.2430459052975122	True	56	789	0.0417280793190002	1.251315355300903	0.0714285714285714	0.6653992395437263	0.6465217173099518	0.0	False	GSE131907	BRONCHO_11	0.0890263989567756	0.2430459052975122	True
cellchat	LAMA3_CD44	LAMININ	LAMA3	CD44	57	789	0.0732913985848426	1.251315355300903	0.1228070175438596	0.6653992395437263	0.662303376942873	0.0279350380263673	True	56	789	0.0282275937497615	1.251315355300903	0.0535714285714285	0.6653992395437263	0.6397714745253325	0.0	False	GSE131907	BRONCHO_11	0.0225319024175405	0.0279350380263673	True
cellchat	LAMA5_CD44	LAMININ	LAMA5	CD44	57	789	0.3265872001647949	1.251315355300903	0.3859649122807017	0.6653992395437263	0.7889512777328491	0.3722664870766243	True	56	789	0.137284368276596	1.251315355300903	0.1785714285714285	0.6653992395437263	0.6942998617887497	0.1141450456684547	True	GSE131907	BRONCHO_11	0.0946514159440994	0.2581214414081695	True
cellchat	LAMB2_CD44	LAMININ	LAMB2	CD44	57	789	0.1021119654178619	1.251315355300903	0.1929824561403508	0.6653992395437263	0.6767136603593826	0.0995243449855927	True	56	789	0.0250432733446359	1.251315355300903	0.0714285714285714	0.6653992395437263	0.6381793143227696	0.0	False	GSE131907	BRONCHO_11	0.0385343460366129	0.0995243449855927	True
cellchat	LAMB3_CD44	LAMININ	LAMB3	CD44	57	789	0.8061400055885315	1.251315355300903	0.7192982456140351	0.6653992395437263	1.0287276804447174	0.6451438067569605	True	56	789	0.2074187844991684	1.251315355300903	0.2142857142857142	0.6653992395437263	0.7293670699000359	0.1893619230835708	True	GSE131907	BRONCHO_11	0.2993606105446815	0.4557818836733896	True
cellchat	LAMC1_CD44	LAMININ	LAMC1	CD44	57	789	0.2001759260892868	1.251315355300903	0.2807017543859649	0.6653992395437263	0.7257456406950951	0.2398352170165598	True	56	789	0.0383780896663665	1.251315355300903	0.0714285714285714	0.6653992395437263	0.644846722483635	0.0	False	GSE131907	BRONCHO_11	0.0808989182114601	0.2398352170165598	True
cellchat	LAMC2_CD44	LAMININ	LAMC2	CD44	57	789	0.3095671236515045	1.251315355300903	0.4035087719298245	0.6653992395437263	0.7804412394762039	0.3403511029937955	True	56	789	0.0895669385790824	1.251315355300903	0.0892857142857142	0.6653992395437263	0.6704411469399929	0.0	False	GSE131907	BRONCHO_11	0.110000092536211	0.3403511029937955	True
cellchat	APP_CD74	APP	APP	CD74	57	789	0.7089308500289917	1.4943442344665527	0.7894736842105263	0.7287705956907478	1.1016375422477722	0.6755829449979596	True	56	789	0.4836965501308441	1.4943442344665527	0.4107142857142857	0.7287705956907478	0.9890203922986984	0.5218282559168157	True	GSE131907	BRONCHO_11	0.1126171499490737	0.1537546890811438	True
cellchat	CD99_CD99	CD99	CD99	CD99	57	789	1.0080732107162476	0.8411752581596375	0.8070175438596491	0.494296577946768	0.9246242344379424	0.5935580541041061	True	56	789	0.7532649040222168	0.8411752581596375	0.4821428571428571	0.494296577946768	0.7972200810909271	0.5004970183730965	True	GSE131907	BRONCHO_11	0.1274041533470153	0.0930610357310096	True
cellchat	CDH1_KLRG1	CDH1	CDH1	KLRG1	57	789	0.889744758605957	0.210246741771698	0.7894736842105263	0.1204055766793409	0.5499957501888275	0.0521716958667202	True	56	789	0.3382178246974945	0.210246741771698	0.3214285714285714	0.1204055766793409	0.2742322832345962	0.0153475886269166	True	GSE131907	BRONCHO_11	0.2757634669542312	0.0368241072398036	True
cellchat	CLEC2D_KLRB1	CLEC	CLEC2D	KLRB1	57	789	0.0658199861645698	0.469826191663742	0.1228070175438596	0.1926489226869455	0.2678230889141559	0.0055538594580418	True	56	789	0.1365743577480316	0.469826191663742	0.125	0.1926489226869455	0.3032002747058868	0.0067256233247398	True	GSE131907	BRONCHO_11	-0.0353771857917308	-0.001171763866698	True
cellchat	CLEC2B_KLRB1	CLEC	CLEC2B	KLRB1	57	789	0.6170481443405151	0.469826191663742	0.6140350877192983	0.1926489226869455	0.5434371680021286	0.1731525004859054	True	56	789	0.4914345741271972	0.469826191663742	0.3392857142857143	0.1926489226869455	0.4806303828954696	0.120757097176754	True	GSE131907	BRONCHO_11	0.0628067851066589	0.0523954033091514	True
cellchat	CLEC2C_KLRB1	CLEC	CD69	KLRB1	57	789	0.200522243976593	0.469826191663742	0.2631578947368421	0.1926489226869455	0.3351742178201675	0.0410996149640849	True	56	789	0.1221002265810966	0.469826191663742	0.1428571428571428	0.1926489226869455	0.2959632091224193	0.0084525103218248	True	GSE131907	BRONCHO_11	0.0392110086977481	0.03264710464226	True
cellchat	ICAM1_ITGAL	ICAM	ICAM1	ITGAL	57	789	0.3261127173900604	0.1578340381383896	0.4035087719298245	0.108998732572877	0.241973377764225	0.005671425182543	True	56	789	0.1272368133068084	0.1578340381383896	0.125	0.108998732572877	0.142535425722599	0.0003709366898449	True	GSE131907	BRONCHO_11	0.0994379520416259	0.0053004884926981	True
cellchat	ICAM1_SPN	ICAM	ICAM1	SPN	57	789	0.3261127173900604	0.2590443789958954	0.4035087719298245	0.1723700887198986	0.2925785481929779	0.0477719530183428	True	56	789	0.1272368133068084	0.2590443789958954	0.125	0.1723700887198986	0.1931405961513519	0.0032532354256962	True	GSE131907	BRONCHO_11	0.0994379520416259	0.0445187175926465	True
cellchat	HLA-A_CD8A	MHC-I	HLA-A	CD8A	57	789	2.057551145553589	0.4128807783126831	0.9649122807017544	0.2002534854245881	1.235215961933136	0.4580913473736754	True	56	789	1.4399001598358154	0.4128807783126831	0.6964285714285714	0.2002534854245881	0.9263904690742492	0.3691050249699664	True	GSE131907	BRONCHO_11	0.3088254928588867	0.088986322403709	True
cellchat	HLA-B_CD8A	MHC-I	HLA-B	CD8A	57	789	2.252765417098999	0.4128807783126831	0.9824561403508772	0.2002534854245881	1.332823097705841	0.4817986444958357	True	56	789	1.439864993095398	0.4128807783126831	0.625	0.2002534854245881	0.9263728857040404	0.3658052667263642	True	GSE131907	BRONCHO_11	0.4064502120018005	0.1159933777694715	True
cellchat	HLA-C_CD8A	MHC-I	HLA-C	CD8A	57	789	1.687094807624817	0.4128807783126831	0.8771929824561403	0.2002534854245881	1.04998779296875	0.412818517630739	True	56	789	1.106375217437744	0.4128807783126831	0.5892857142857143	0.2002534854245881	0.7596279978752136	0.2989461373325554	True	GSE131907	BRONCHO_11	0.2903597950935364	0.1138723802981837	True
cellchat	HLA-E_CD8A	MHC-I	HLA-E	CD8A	57	789	0.980924129486084	0.4128807783126831	0.8245614035087719	0.2002534854245881	0.6969024538993835	0.28493140172079	True	56	789	0.7175999879837036	0.4128807783126831	0.5178571428571429	0.2002534854245881	0.5652403831481934	0.2096924234000518	True	GSE131907	BRONCHO_11	0.1316620707511901	0.0752389783207382	True
cellchat	HLA-F_CD8A	MHC-I	HLA-F	CD8A	57	789	0.4090988039970398	0.4128807783126831	0.543859649122807	0.2002534854245881	0.4109897911548614	0.1165500445474701	True	56	789	0.1470841318368911	0.4128807783126831	0.1964285714285714	0.2002534854245881	0.2799824550747871	0.0280803704492778	True	GSE131907	BRONCHO_11	0.1310073360800743	0.0884696740981923	True
cellchat	HLA-A_CD8B	MHC-I	HLA-A	CD8B	57	789	2.057551145553589	0.3254291117191314	0.9649122807017544	0.1685678073510773	1.1914901286363602	0.3398115158125748	True	56	789	1.4399001598358154	0.3254291117191314	0.6964285714285714	0.1685678073510773	0.8826646357774734	0.2626648557422433	True	GSE131907	BRONCHO_11	0.3088254928588867	0.0771466600703314	True
cellchat	HLA-B_CD8B	MHC-I	HLA-B	CD8B	57	789	2.252765417098999	0.3254291117191314	0.9824561403508772	0.1685678073510773	1.2890972644090652	0.3614807467916863	True	56	789	1.439864993095398	0.3254291117191314	0.625	0.1685678073510773	0.8826470524072647	0.2599246229613464	True	GSE131907	BRONCHO_11	0.4064502120018005	0.1015561238303398	True
cellchat	HLA-C_CD8B	MHC-I	HLA-C	CD8B	57	789	1.687094807624817	0.3254291117191314	0.8771929824561403	0.1685678073510773	1.0062619596719742	0.2997620294941779	True	56	789	1.106375217437744	0.3254291117191314	0.5892857142857143	0.1685678073510773	0.7159021645784378	0.206127698397	True	GSE131907	BRONCHO_11	0.2903597950935364	0.0936343310971779	True
cellchat	HLA-E_CD8B	MHC-I	HLA-E	CD8B	57	789	0.980924129486084	0.3254291117191314	0.8245614035087719	0.1685678073510773	0.6531766206026077	0.1952524223801763	True	56	789	0.7175999879837036	0.3254291117191314	0.5178571428571429	0.1685678073510773	0.5215145498514175	0.1390879550792222	True	GSE131907	BRONCHO_11	0.1316620707511901	0.056164467300954	True
cellchat	HLA-F_CD8B	MHC-I	HLA-F	CD8B	57	789	0.4090988039970398	0.3254291117191314	0.543859649122807	0.1685678073510773	0.3672639578580856	0.0743564131560218	True	56	789	0.1470841318368911	0.3254291117191314	0.1964285714285714	0.1685678073510773	0.2362566217780113	0.0172879268270886	True	GSE131907	BRONCHO_11	0.1310073360800743	0.0570684863289331	True
cellchat	HLA-DPA1_CD4	MHC-II	HLA-DPA1	CD4	57	789	0.2274074256420135	0.171371579170227	0.3508771929824561	0.1153358681875792	0.1993895024061203	0.0068330673837187	True	56	789	0.199133962392807	0.171371579170227	0.1964285714285714	0.1153358681875792	0.185252770781517	0.0035090096190279	True	GSE131907	BRONCHO_11	0.0141367316246032	0.0033240577646908	True
cellchat	HLA-DPB1_CD4	MHC-II	HLA-DPB1	CD4	57	789	0.1944801211357116	0.171371579170227	0.3333333333333333	0.1153358681875792	0.1829258501529693	0.0057610366041782	True	56	789	0.2326314896345138	0.171371579170227	0.2678571428571428	0.1153358681875792	0.2020015344023704	0.004824201870753	True	GSE131907	BRONCHO_11	-0.019075684249401	0.0009368347334252	True
cellchat	HLA-DQA1_CD4	MHC-II	HLA-DQA1	CD4	57	789	0.187519758939743	0.171371579170227	0.2807017543859649	0.1153358681875792	0.179445669054985	0.0050191267377696	True	56	789	0.1123425811529159	0.171371579170227	0.1071428571428571	0.1153358681875792	0.1418570801615715	0.0003405286095025	True	GSE131907	BRONCHO_11	0.0375885888934135	0.0046785981282671	True
cellchat	HLA-DMA_CD4	MHC-II	HLA-DMA	CD4	57	789	0.1863617002964019	0.171371579170227	0.3157894736842105	0.1153358681875792	0.1788666397333145	0.004893549407621	True	56	789	0.2202821671962738	0.171371579170227	0.1785714285714285	0.1153358681875792	0.1958268731832504	0.0026663064509975	True	GSE131907	BRONCHO_11	-0.0169602334499359	0.0022272429566235	True
cellchat	HLA-DMB_CD4	MHC-II	HLA-DMB	CD4	57	789	0.0412938706576824	0.171371579170227	0.1052631578947368	0.1153358681875792	0.1063327249139547	0.0001940507319197	True	56	789	0.0120118269696831	0.171371579170227	0.0357142857142857	0.1153358681875792	0.0916917030699551	0.0	False	GSE131907	BRONCHO_11	0.0146410218439996	0.0001940507319197	True
cellchat	HLA-DQB1_CD4	MHC-II	HLA-DQB1	CD4	57	789	0.7634117603302002	0.171371579170227	0.8245614035087719	0.1153358681875792	0.4673916697502136	0.0315270228563895	True	56	789	0.4824292063713074	0.171371579170227	0.4285714285714285	0.1153358681875792	0.3269003927707672	0.0159438947949036	True	GSE131907	BRONCHO_11	0.1404912769794464	0.0155831280614859	True
cellchat	HLA-DRA_CD4	MHC-II	HLA-DRA	CD4	57	789	0.9016928672790528	0.171371579170227	0.7543859649122807	0.1153358681875792	0.5365322232246399	0.0363475649272508	True	56	789	0.9358859062194824	0.171371579170227	0.625	0.1153358681875792	0.5536287426948547	0.0359178459259712	True	GSE131907	BRONCHO_11	-0.0170965194702148	0.0004297190012795	True
cellchat	HLA-DRB1_CD4	MHC-II	HLA-DRB1	CD4	57	789	1.6196755170822144	0.171371579170227	0.9473684210526316	0.1153358681875792	0.8955235481262207	0.0653988670185413	True	56	789	1.6392488479614258	0.171371579170227	0.8035714285714286	0.1153358681875792	0.9053102135658264	0.0669382524443292	True	GSE131907	BRONCHO_11	-0.0097866654396057	-0.0015393854257878	True
cellchat	HLA-DRB5_CD4	MHC-II	HLA-DRB5	CD4	57	789	1.076355218887329	0.171371579170227	0.7719298245614035	0.1153358681875792	0.6238633990287781	0.0429926915591488	True	56	789	0.6351836919784546	0.171371579170227	0.4821428571428571	0.1153358681875792	0.4032776355743408	0.0228485857645763	True	GSE131907	BRONCHO_11	0.2205857634544372	0.0201441057945725	True
cellchat	PVR_TIGIT	PVR	PVR	TIGIT	57	789	0.1338693648576736	0.4321595430374145	0.2280701754385964	0.2332065906210393	0.2830144539475441	0.0375457918997165	True	56	789	0.0302929151803255	0.4321595430374145	0.0892857142857142	0.2332065906210393	0.23122622910887	0.0	False	GSE131907	BRONCHO_11	0.051788224838674	0.0375457918997165	True
cellchat	CD55_ADGRE5	ADGRE	CD55	ADGRE5	57	789	0.986799657344818	0.2648617327213287	0.8245614035087719	0.1723700887198986	0.6258306950330734	0.1806240348606893	True	56	789	0.5439055562019348	0.2648617327213287	0.4285714285714285	0.1723700887198986	0.4043836444616318	0.0906857424722058	True	GSE131907	BRONCHO_11	0.2214470505714416	0.0899382923884834	True
cellchat	LPAR2_ADGRE5	ADGRE	LPAR2	ADGRE5	57	789	0.0970742180943489	0.2648617327213287	0.1403508771929824	0.1723700887198986	0.1809679754078388	0.004588905462489	True	56	789	0.0	0.2648617327213287	0.0	0.1723700887198986	0.1324308663606643	0.0	False	GSE131907	BRONCHO_11	0.0485371090471744	0.004588905462489	True
cellchat	LPAR3_ADGRE5	ADGRE	LPAR3	ADGRE5	57	789	0.0456990450620651	0.2648617327213287	0.1052631578947368	0.1723700887198986	0.1552803888916969	0.0010796919052355	True	56	789	0.0	0.2648617327213287	0.0	0.1723700887198986	0.1324308663606643	0.0	False	GSE131907	BRONCHO_11	0.0228495225310325	0.0010796919052355	True
cellchat	APP_SORL1	APP	APP	SORL1	57	789	0.7089308500289917	0.2644303441047668	0.7894736842105263	0.173637515842839	0.4866805970668793	0.1377142318002754	True	56	789	0.4836965501308441	0.2644303441047668	0.4107142857142857	0.173637515842839	0.3740634471178055	0.0772306104267386	True	GSE131907	BRONCHO_11	0.1126171499490737	0.0604836213735368	True
cellchat	IGFBP3_TMEM219	IGFBP	IGFBP3	TMEM219	57	789	0.8978201746940613	0.3560657203197479	0.6491228070175439	0.238276299112801	0.6269429475069046	0.2659059250481358	True	56	789	0.4271397292613983	0.3560657203197479	0.2678571428571428	0.238276299112801	0.3916027247905731	0.1037726793206873	True	GSE131907	BRONCHO_11	0.2353402227163314	0.1621332457274485	True
cellchat	LGALS9_P4HB	GALECTIN	LGALS9	P4HB	57	789	0.5755075812339783	0.3539299666881561	0.6491228070175439	0.2395437262357414	0.4647187739610672	0.1906842459624624	True	56	789	0.3468213677406311	0.3539299666881561	0.375	0.2395437262357414	0.3503756672143936	0.102075785575466	True	GSE131907	BRONCHO_11	0.1143431067466735	0.0886084603869964	True
cellchat	PPIA_BSG	CypA	PPIA	BSG	57	789	2.255859375	0.373523473739624	0.9649122807017544	0.2408111533586818	1.314691424369812	0.5184501988306333	True	56	789	2.5464346408843994	0.373523473739624	0.9285714285714286	0.2408111533586818	1.4599790573120115	0.5513772521110499	True	GSE131907	BRONCHO_11	-0.1452876329421997	-0.0329270532804166	True
liana	HLA-A_CD8A	MHC_I	HLA-A	CD8A	57	789	2.057551145553589	0.4128807783126831	0.9649122807017544	0.2002534854245881	1.235215961933136	0.4580913473736754	True	56	789	1.4399001598358154	0.4128807783126831	0.6964285714285714	0.2002534854245881	0.9263904690742492	0.3691050249699664	True	GSE131907	BRONCHO_11	0.3088254928588867	0.088986322403709	True
liana	HLA-A_CD8B	MHC_I	HLA-A	CD8B	57	789	2.057551145553589	0.3254291117191314	0.9649122807017544	0.1685678073510773	1.1914901286363602	0.3398115158125748	True	56	789	1.4399001598358154	0.3254291117191314	0.6964285714285714	0.1685678073510773	0.8826646357774734	0.2626648557422433	True	GSE131907	BRONCHO_11	0.3088254928588867	0.0771466600703314	True
liana	HLA-B_CD8A	MHC_I	HLA-B	CD8A	57	789	2.252765417098999	0.4128807783126831	0.9824561403508772	0.2002534854245881	1.332823097705841	0.4817986444958357	True	56	789	1.439864993095398	0.4128807783126831	0.625	0.2002534854245881	0.9263728857040404	0.3658052667263642	True	GSE131907	BRONCHO_11	0.4064502120018005	0.1159933777694715	True
liana	HLA-B_CD8B	MHC_I	HLA-B	CD8B	57	789	2.252765417098999	0.3254291117191314	0.9824561403508772	0.1685678073510773	1.2890972644090652	0.3614807467916863	True	56	789	1.439864993095398	0.3254291117191314	0.625	0.1685678073510773	0.8826470524072647	0.2599246229613464	True	GSE131907	BRONCHO_11	0.4064502120018005	0.1015561238303398	True
liana	HLA-C_CD8A	MHC_I	HLA-C	CD8A	57	789	1.687094807624817	0.4128807783126831	0.8771929824561403	0.2002534854245881	1.04998779296875	0.412818517630739	True	56	789	1.106375217437744	0.4128807783126831	0.5892857142857143	0.2002534854245881	0.7596279978752136	0.2989461373325554	True	GSE131907	BRONCHO_11	0.2903597950935364	0.1138723802981837	True
liana	HLA-C_CD8B	MHC_I	HLA-C	CD8B	57	789	1.687094807624817	0.3254291117191314	0.8771929824561403	0.1685678073510773	1.0062619596719742	0.2997620294941779	True	56	789	1.106375217437744	0.3254291117191314	0.5892857142857143	0.1685678073510773	0.7159021645784378	0.206127698397	True	GSE131907	BRONCHO_11	0.2903597950935364	0.0936343310971779	True
liana	CEACAM5_CD8A	MHC_I_partial	CEACAM5	CD8A	57	789	2.217965602874756	0.4128807783126831	0.9298245614035088	0.2002534854245881	1.3154231905937197	0.4868384251821956	True	56	789	1.2853009700775146	0.4128807783126831	0.5714285714285714	0.2002534854245881	0.8490908741950989	0.3283018480777963	True	GSE131907	BRONCHO_11	0.4663323163986206	0.1585365771043993	True
liana	ALCAM_CD6	other	ALCAM	CD6	57	789	0.5050824284553528	0.5450697541236877	0.6842105263157895	0.3460076045627376	0.5250760912895203	0.2792702483709983	True	56	789	0.1961875259876251	0.5450697541236877	0.2321428571428571	0.3460076045627376	0.3706286400556564	0.0886824275277088	True	GSE131907	BRONCHO_11	0.1544474512338638	0.1905878208432894	True
liana	APP_CD74	other	APP	CD74	57	789	0.7089308500289917	1.4943442344665527	0.7894736842105263	0.7287705956907478	1.1016375422477722	0.6755829449979596	True	56	789	0.4836965501308441	1.4943442344665527	0.4107142857142857	0.7287705956907478	0.9890203922986984	0.5218282559168157	True	GSE131907	BRONCHO_11	0.1126171499490737	0.1537546890811438	True
liana	APP_SORL1	other	APP	SORL1	57	789	0.7089308500289917	0.2644303441047668	0.7894736842105263	0.173637515842839	0.4866805970668793	0.1377142318002754	True	56	789	0.4836965501308441	0.2644303441047668	0.4107142857142857	0.173637515842839	0.3740634471178055	0.0772306104267386	True	GSE131907	BRONCHO_11	0.1126171499490737	0.0604836213735368	True
liana	CD320_JAML	other	CD320	JAML	57	789	0.2119747102260589	0.1817974895238876	0.3333333333333333	0.1191381495564005	0.1968860998749733	0.0076212910025783	True	56	789	0.198084145784378	0.1817974895238876	0.1607142857142857	0.1191381495564005	0.1899408176541328	0.0031969811775402	True	GSE131907	BRONCHO_11	0.0069452822208404	0.0044243098250381	True
liana	CD44_TYROBP	other	CD44	TYROBP	57	789	0.7597254514694214	0.4588597416877746	0.7017543859649122	0.2737642585551331	0.609292596578598	0.2908822375924184	True	56	789	0.3888282775878906	0.4588597416877746	0.3214285714285714	0.2737642585551331	0.4238440096378326	0.1315285375465546	True	GSE131907	BRONCHO_11	0.1854485869407653	0.1593537000458637	True
liana	CD47_SIRPG	other	CD47	SIRPG	57	789	0.511819064617157	0.1714132130146026	0.5964912280701754	0.1128010139416983	0.3416161388158798	0.0147576637539403	True	56	789	0.3925192058086395	0.1714132130146026	0.3571428571428571	0.1128010139416983	0.2819662094116211	0.0085534897551778	True	GSE131907	BRONCHO_11	0.0596499294042587	0.0062041739987625	True
liana	CD55_ADGRE5	other	CD55	ADGRE5	57	789	0.986799657344818	0.2648617327213287	0.8245614035087719	0.1723700887198986	0.6258306950330734	0.1806240348606893	True	56	789	0.5439055562019348	0.2648617327213287	0.4285714285714285	0.1723700887198986	0.4043836444616318	0.0906857424722058	True	GSE131907	BRONCHO_11	0.2214470505714416	0.0899382923884834	True
liana	CD58_CD2	other	CD58	CD2	57	789	0.0783761367201805	1.8025954961776731	0.175438596491228	0.8365019011406845	0.9404858164489268	0.1136454087495782	True	56	789	0.1335191279649734	1.8025954961776731	0.125	0.8365019011406845	0.9680573120713234	0.0368136548040145	True	GSE131907	BRONCHO_11	-0.0275714956223964	0.0768317539455637	True
liana	CDH1_ITGAE+ITGB7	other	CDH1	ITGAE+ITGB7	57	789	0.889744758605957	0.1505579054355621	0.7894736842105263	0.1051964512040557	0.5201513320207596	0.0152930059054854	True	56	789	0.3382178246974945	0.1505579054355621	0.3214285714285714	0.1051964512040557	0.2443878650665283	0.0043785669196106	True	GSE131907	BRONCHO_11	0.2757634669542312	0.0109144389858747	True
liana	CDH1_KLRG1	other	CDH1	KLRG1	57	789	0.889744758605957	0.210246741771698	0.7894736842105263	0.1204055766793409	0.5499957501888275	0.0521716958667202	True	56	789	0.3382178246974945	0.210246741771698	0.3214285714285714	0.1204055766793409	0.2742322832345962	0.0153475886269166	True	GSE131907	BRONCHO_11	0.2757634669542312	0.0368241072398036	True
liana	DHCR24_RORA	other	DHCR24	RORA	57	789	0.6771687269210815	0.4629668593406677	0.6842105263157895	0.2864385297845374	0.5700677931308746	0.2902000448279332	True	56	789	0.2507942616939544	0.4629668593406677	0.2321428571428571	0.2864385297845374	0.3568805605173111	0.0832181556298106	True	GSE131907	BRONCHO_11	0.2131872326135635	0.2069818891981226	True
liana	DHCR7_NR1H2	other	DHCR7	NR1H2	57	789	0.0934060662984848	0.2057240158319473	0.1578947368421052	0.1419518377693282	0.149565041065216	0.0047468817442389	True	56	789	0.0423933342099189	0.2057240158319473	0.0535714285714285	0.1419518377693282	0.1240586750209331	0.0	False	GSE131907	BRONCHO_11	0.0255063660442829	0.0047468817442389	True
liana	DHCR7_RORA	other	DHCR7	RORA	57	789	0.0934060662984848	0.4629668593406677	0.1578947368421052	0.2864385297845374	0.2781864628195762	0.0253391801301079	True	56	789	0.0423933342099189	0.4629668593406677	0.0535714285714285	0.2864385297845374	0.2526800967752933	0.0	False	GSE131907	BRONCHO_11	0.0255063660442829	0.0253391801301079	True
liana	F11R_ITGAL+ITGB2	other	F11R	ITGAL+ITGB2	57	789	1.0418717861175537	0.1578340381383896	0.8596491228070176	0.108998732572877	0.5998529121279716	0.142758666301924	True	56	789	0.3729603886604309	0.1578340381383896	0.3392857142857143	0.108998732572877	0.2653972133994102	0.038525590887526	True	GSE131907	BRONCHO_11	0.3344556987285614	0.1042330754143979	True
liana	ICAM1_ITGAL	other	ICAM1	ITGAL	57	789	0.3261127173900604	0.1578340381383896	0.4035087719298245	0.108998732572877	0.241973377764225	0.005671425182543	True	56	789	0.1272368133068084	0.1578340381383896	0.125	0.108998732572877	0.142535425722599	0.0003709366898449	True	GSE131907	BRONCHO_11	0.0994379520416259	0.0053004884926981	True
liana	ICAM1_ITGAL+ITGB2	other	ICAM1	ITGAL+ITGB2	57	789	0.3261127173900604	0.1578340381383896	0.4035087719298245	0.108998732572877	0.241973377764225	0.0357072249455316	True	56	789	0.1272368133068084	0.1578340381383896	0.125	0.108998732572877	0.142535425722599	0.0024032604449016	True	GSE131907	BRONCHO_11	0.0994379520416259	0.03330396450063	True
liana	ICAM1_SPN	other	ICAM1	SPN	57	789	0.3261127173900604	0.2590443789958954	0.4035087719298245	0.1723700887198986	0.2925785481929779	0.0477719530183428	True	56	789	0.1272368133068084	0.2590443789958954	0.125	0.1723700887198986	0.1931405961513519	0.0032532354256962	True	GSE131907	BRONCHO_11	0.0994379520416259	0.0445187175926465	True
liana	ICAM3_ITGAL+ITGB2	other	ICAM3	ITGAL+ITGB2	57	789	0.1613202393054962	0.1578340381383896	0.2982456140350877	0.108998732572877	0.1595771387219429	0.0163355931366906	True	56	789	0.3025398850440979	0.1578340381383896	0.3035714285714285	0.108998732572877	0.2301869615912437	0.0271565584900807	True	GSE131907	BRONCHO_11	-0.0706098228693008	-0.01082096535339	True
liana	IGFBP3_TMEM219	other	IGFBP3	TMEM219	57	789	0.8978201746940613	0.3560657203197479	0.6491228070175439	0.238276299112801	0.6269429475069046	0.2659059250481358	True	56	789	0.4271397292613983	0.3560657203197479	0.2678571428571428	0.238276299112801	0.3916027247905731	0.1037726793206873	True	GSE131907	BRONCHO_11	0.2353402227163314	0.1621332457274485	True
liana	ITGAV+ITGB1_ADGRE5	other	ITGAV+ITGB1	ADGRE5	57	789	0.4373264610767364	0.2648617327213287	0.5614035087719298	0.1723700887198986	0.3510940968990326	0.1241636178698484	True	56	789	0.2028529942035675	0.2648617327213287	0.2321428571428571	0.1723700887198986	0.2338573634624481	0.0457267292365641	True	GSE131907	BRONCHO_11	0.1172367334365844	0.0784368886332843	True
liana	JAG1_CD46	other	JAG1	CD46	57	789	0.0528401583433151	0.2132878899574279	0.1052631578947368	0.1457541191381495	0.1330640241503715	0.0008119753873687	True	56	789	0.0074192197062075	0.2132878899574279	0.0178571428571428	0.1457541191381495	0.1103535548318177	0.0	False	GSE131907	BRONCHO_11	0.0227104693185538	0.0008119753873687	True
liana	LGALS9_P4HB	other	LGALS9	P4HB	57	789	0.5755075812339783	0.3539299666881561	0.6491228070175439	0.2395437262357414	0.4647187739610672	0.1906842459624624	True	56	789	0.3468213677406311	0.3539299666881561	0.375	0.2395437262357414	0.3503756672143936	0.102075785575466	True	GSE131907	BRONCHO_11	0.1143431067466735	0.0886084603869964	True
liana	LIPA_RORA	other	LIPA	RORA	57	789	0.1359990537166595	0.4629668593406677	0.2280701754385964	0.2864385297845374	0.2994829565286636	0.039474143018919	True	56	789	0.0572779737412929	0.4629668593406677	0.0892857142857142	0.2864385297845374	0.2601224165409803	0.0	False	GSE131907	BRONCHO_11	0.0393605399876832	0.039474143018919	True
liana	LPAR2_ADGRE5	other	LPAR2	ADGRE5	57	789	0.0970742180943489	0.2648617327213287	0.1403508771929824	0.1723700887198986	0.1809679754078388	0.004588905462489	True	56	789	0.0	0.2648617327213287	0.0	0.1723700887198986	0.1324308663606643	0.0	False	GSE131907	BRONCHO_11	0.0485371090471744	0.004588905462489	True
liana	LPAR3_ADGRE5	other	LPAR3	ADGRE5	57	789	0.0456990450620651	0.2648617327213287	0.1052631578947368	0.1723700887198986	0.1552803888916969	0.0010796919052355	True	56	789	0.0	0.2648617327213287	0.0	0.1723700887198986	0.1324308663606643	0.0	False	GSE131907	BRONCHO_11	0.0228495225310325	0.0010796919052355	True
liana	PODXL2_SELL	other	PODXL2	SELL	57	789	0.2111149430274963	0.6330254077911377	0.3333333333333333	0.3700887198986058	0.422070175409317	0.1253126441540294	True	56	789	0.0837194770574569	0.6330254077911377	0.0892857142857142	0.3700887198986058	0.3583724424242973	0.0	False	GSE131907	BRONCHO_11	0.0636977329850196	0.1253126441540294	True
liana	PPIA_BSG	other	PPIA	BSG	57	789	2.255859375	0.373523473739624	0.9649122807017544	0.2408111533586818	1.314691424369812	0.5184501988306333	True	56	789	2.5464346408843994	0.373523473739624	0.9285714285714286	0.2408111533586818	1.4599790573120115	0.5513772521110499	True	GSE131907	BRONCHO_11	-0.1452876329421997	-0.0329270532804166	True
liana	PTGES_PTGER4	other	PTGES	PTGER4	57	789	0.1982509046792984	0.5273523330688477	0.3157894736842105	0.3219264892268694	0.362801618874073	0.0953391902757792	True	56	789	0.0798918157815933	0.5273523330688477	0.1428571428571428	0.3219264892268694	0.3036220744252205	0.0135562065873996	True	GSE131907	BRONCHO_11	0.0591795444488525	0.0817829836883796	True
liana	PTGES2_PTGER4	other	PTGES2	PTGER4	57	789	0.3359676301479339	0.5273523330688477	0.4912280701754385	0.3219264892268694	0.4316599816083908	0.188359714527277	True	56	789	0.2729239463806152	0.5273523330688477	0.2678571428571428	0.3219264892268694	0.4001381397247314	0.095661293939426	True	GSE131907	BRONCHO_11	0.0315218418836593	0.092698420587851	True
liana	PTGES3_PTGER4	other	PTGES3	PTGER4	57	789	1.219447374343872	0.5273523330688477	0.8947368421052632	0.3219264892268694	0.8733998537063599	0.4953689793942508	True	56	789	1.3534765243530271	0.5273523330688477	0.7321428571428571	0.3219264892268694	0.9404144287109376	0.5143780951101818	True	GSE131907	BRONCHO_11	-0.0670145750045776	-0.019009115715931	True
liana	PVR_CD96	other	PVR	CD96	57	789	0.1338693648576736	0.4090486466884613	0.2280701754385964	0.2623574144486692	0.2714590057730675	0.0404203447284384	True	56	789	0.0302929151803255	0.4090486466884613	0.0892857142857142	0.2623574144486692	0.2196707809343934	0.0	False	GSE131907	BRONCHO_11	0.051788224838674	0.0404203447284384	True
liana	PVR_TIGIT	other	PVR	TIGIT	57	789	0.1338693648576736	0.4321595430374145	0.2280701754385964	0.2332065906210393	0.2830144539475441	0.0375457918997165	True	56	789	0.0302929151803255	0.4321595430374145	0.0892857142857142	0.2332065906210393	0.23122622910887	0.0	False	GSE131907	BRONCHO_11	0.051788224838674	0.0375457918997165	True
liana	SEMA4D_PTPRC	other	SEMA4D	PTPRC	57	789	0.055745355784893	1.4761366844177246	0.1052631578947368	0.7629911280101395	0.7659410201013088	0.0179208094784137	True	56	789	0.0109803732484579	1.4761366844177246	0.0178571428571428	0.7629911280101395	0.7435585288330913	0.0	False	GSE131907	BRONCHO_11	0.0223824912682175	0.0179208094784137	True
liana	TNF_TNFRSF1B	other	TNF	TNFRSF1B	57	789	0.1113858893513679	0.1984076499938964	0.1578947368421052	0.1280101394169835	0.1548967696726322	0.0017744857413512	True	56	789	0.0632141679525375	0.1984076499938964	0.0714285714285714	0.1280101394169835	0.130810908973217	0.0	False	GSE131907	BRONCHO_11	0.0240858606994152	0.0017744857413512	True
liana	TNFSF12_TNFRSF25	other	TNFSF12	TNFRSF25	57	789	0.0565285794436931	0.2067325264215469	0.1228070175438596	0.1444866920152091	0.13163055293262	0.0014675339023546	True	56	789	0.0204079151153564	0.2067325264215469	0.0357142857142857	0.1444866920152091	0.1135702207684516	0.0	False	GSE131907	BRONCHO_11	0.0180603321641683	0.0014675339023546	True
cellchat	MDK_NCL	MK	MDK	NCL	306	581	1.5620131492614746	0.6522426605224609	0.761437908496732	0.3580034423407917	1.1071279048919678	0.6228033389974496	True	306	581	1.078585863113403	0.6522426605224609	0.5130718954248366	0.3580034423407917	0.8654142618179321	0.5043978901913329	True	GSE131907	EBUS_06	0.2417136430740356	0.1184054488061167	True
cellchat	FN1_CD44	FN1	FN1	CD44	306	581	0.1033214926719665	0.7692890167236328	0.1111111111111111	0.4079173838209983	0.4363052546977997	0.0067096711295185	True	306	581	0.0747655630111694	0.7692890167236328	0.0620915032679738	0.4079173838209983	0.4220272898674011	0.0	False	GSE131907	EBUS_06	0.0142779648303985	0.0067096711295185	True
cellchat	COL2A1_CD44	COLLAGEN	COL2A1	CD44	306	581	0.5150867700576782	0.7692890167236328	0.3758169934640523	0.4079173838209983	0.6421878933906555	0.3236883842915849	True	306	581	0.344751238822937	0.7692890167236328	0.1928104575163398	0.4079173838209983	0.5570201277732849	0.159043649095512	True	GSE131907	EBUS_06	0.0851677656173706	0.1646447351960728	True
cellchat	COL9A2_CD44	COLLAGEN	COL9A2	CD44	306	581	0.0973470136523246	0.7692890167236328	0.1274509803921568	0.4079173838209983	0.4333180151879787	0.0139530688769473	True	306	581	0.0672352835536003	0.7692890167236328	0.0555555555555555	0.4079173838209983	0.4182621501386165	0.0	False	GSE131907	EBUS_06	0.0150558650493621	0.0139530688769473	True
cellchat	LAMA3_CD44	LAMININ	LAMA3	CD44	306	581	0.1438405811786651	0.7692890167236328	0.1503267973856209	0.4079173838209983	0.456564798951149	0.037880703400328	True	306	581	0.0663036629557609	0.7692890167236328	0.0620915032679738	0.4079173838209983	0.4177963398396969	0.0	False	GSE131907	EBUS_06	0.0387684591114521	0.037880703400328	True
cellchat	LAMA5_CD44	LAMININ	LAMA5	CD44	306	581	0.3331950604915619	0.7692890167236328	0.3725490196078431	0.4079173838209983	0.5512420386075974	0.2320685930059122	True	306	581	0.1903484761714935	0.7692890167236328	0.15359477124183	0.4079173838209983	0.4798187464475631	0.0580043116145471	True	GSE131907	EBUS_06	0.0714232921600341	0.1740642813913651	True
cellchat	LAMB2_CD44	LAMININ	LAMB2	CD44	306	581	0.0913748368620872	0.7692890167236328	0.1209150326797385	0.4079173838209983	0.43033192679286	0.0111547074564546	True	306	581	0.0587549023330211	0.7692890167236328	0.0490196078431372	0.4079173838209983	0.414021959528327	0.0	False	GSE131907	EBUS_06	0.016309967264533	0.0111547074564546	True
cellchat	LAMB3_CD44	LAMININ	LAMB3	CD44	306	581	0.1306848675012588	0.7692890167236328	0.1372549019607843	0.4079173838209983	0.4499869421124458	0.0218376536625729	True	306	581	0.0683568716049194	0.7692890167236328	0.0490196078431372	0.4079173838209983	0.4188229441642761	0.0	False	GSE131907	EBUS_06	0.0311639979481697	0.0218376536625729	True
cellchat	LAMC1_CD44	LAMININ	LAMC1	CD44	306	581	0.2886602878570556	0.7692890167236328	0.3366013071895425	0.4079173838209983	0.5289746522903442	0.2027287968548607	True	306	581	0.1292840838432312	0.7692890167236328	0.1241830065359477	0.4079173838209983	0.449286550283432	0.0163673655252505	True	GSE131907	EBUS_06	0.0796881020069122	0.1863614313296101	True
cellchat	LAMC2_CD44	LAMININ	LAMC2	CD44	306	581	0.1101946830749511	0.7692890167236328	0.1732026143790849	0.4079173838209983	0.439741849899292	0.0383042832615799	True	306	581	0.0596853010356426	0.7692890167236328	0.0555555555555555	0.4079173838209983	0.4144871588796377	0.0	False	GSE131907	EBUS_06	0.0252546910196542	0.0383042832615799	True
cellchat	CD99_CD99	CD99	CD99	CD99	306	581	0.919877588748932	1.1764436960220337	0.6862745098039216	0.5869191049913941	1.0481606423854828	0.6673786657479858	True	306	581	0.5404086709022522	1.1764436960220337	0.349673202614379	0.5869191049913941	0.8584261834621429	0.4680641762322197	True	GSE131907	EBUS_06	0.1897344589233398	0.199314489515766	True
cellchat	CDH1_KLRG1	CDH1	CDH1	KLRG1	306	581	0.8343122601509094	0.3170965909957886	0.6176470588235294	0.1755593803786574	0.575704425573349	0.1762134582440938	True	306	581	0.4268991351127624	0.3170965909957886	0.2745098039215686	0.1755593803786574	0.3719978630542755	0.0691663370541499	True	GSE131907	EBUS_06	0.2037065625190735	0.1070471211899439	True
cellchat	ICAM1_ITGAL	ICAM	ICAM1	ITGAL	306	581	0.2883092164993286	0.2207020968198776	0.284313725490196	0.1308089500860585	0.2545056566596031	0.0152192127215763	True	306	581	0.1270394176244735	0.2207020968198776	0.0947712418300653	0.1308089500860585	0.1738707572221756	0.0	False	GSE131907	EBUS_06	0.0806348994374275	0.0152192127215763	True
cellchat	ICAM1_SPN	ICAM	ICAM1	SPN	306	581	0.2883092164993286	0.4386980831623077	0.284313725490196	0.2444061962134251	0.3635036498308182	0.0838116357214984	True	306	581	0.1270394176244735	0.4386980831623077	0.0947712418300653	0.2444061962134251	0.2828687503933906	0.0	False	GSE131907	EBUS_06	0.0806348994374275	0.0838116357214984	True
cellchat	HLA-A_CD8A	MHC-I	HLA-A	CD8A	306	581	0.1656945645809173	0.453341394662857	0.196078431372549	0.2237521514629948	0.3095179796218872	0.0267810555715043	True	306	581	0.1947945803403854	0.453341394662857	0.1274509803921568	0.2237521514629948	0.3240679875016212	0.0116695065209889	True	GSE131907	EBUS_06	-0.014550007879734	0.0151115490505154	True
cellchat	HLA-B_CD8A	MHC-I	HLA-B	CD8A	306	581	0.2111378610134124	0.453341394662857	0.2483660130718954	0.2237521514629948	0.3322396278381347	0.0473556654910935	True	306	581	0.2064257860183715	0.453341394662857	0.1339869281045751	0.2237521514629948	0.3298835903406143	0.0137072397844717	True	GSE131907	EBUS_06	0.0023560374975204	0.0336484257066218	True
cellchat	HLA-C_CD8A	MHC-I	HLA-C	CD8A	306	581	0.1665932834148407	0.453341394662857	0.1830065359477124	0.2237521514629948	0.3099673390388489	0.0225731288888112	True	306	581	0.1331309527158737	0.453341394662857	0.0947712418300653	0.2237521514629948	0.2932361736893654	0.0	False	GSE131907	EBUS_06	0.0167311653494834	0.0225731288888112	True
cellchat	HLA-E_CD8A	MHC-I	HLA-E	CD8A	306	581	0.5407716035842896	0.453341394662857	0.457516339869281	0.2237521514629948	0.4970564991235733	0.1803015951313034	True	306	581	0.2389443516731262	0.453341394662857	0.1895424836601307	0.2237521514629948	0.3461428731679916	0.042481535242073	True	GSE131907	EBUS_06	0.1509136259555816	0.1378200598892303	True
cellchat	HLA-A_CD8B	MHC-I	HLA-A	CD8B	306	581	0.1656945645809173	0.3904879689216614	0.196078431372549	0.1944922547332186	0.2780912667512893	0.0197341402414239	True	306	581	0.1947945803403854	0.3904879689216614	0.1274509803921568	0.1944922547332186	0.2926412746310234	0.0085639123767517	True	GSE131907	EBUS_06	-0.014550007879734	0.0111702278646721	True
cellchat	HLA-B_CD8B	MHC-I	HLA-B	CD8B	306	581	0.2111378610134124	0.3904879689216614	0.2483660130718954	0.1944922547332186	0.3008129149675369	0.035090139591164	True	306	581	0.2064257860183715	0.3904879689216614	0.1339869281045751	0.1944922547332186	0.2984568774700165	0.0100648683406147	True	GSE131907	EBUS_06	0.0023560374975204	0.0250252712505493	True
cellchat	HLA-C_CD8B	MHC-I	HLA-C	CD8B	306	581	0.1665932834148407	0.3904879689216614	0.1830065359477124	0.1944922547332186	0.278540626168251	0.0166145454274165	True	306	581	0.1331309527158737	0.3904879689216614	0.0947712418300653	0.1944922547332186	0.2618094608187675	0.0	False	GSE131907	EBUS_06	0.0167311653494834	0.0166145454274165	True
cellchat	HLA-E_CD8B	MHC-I	HLA-E	CD8B	306	581	0.5407716035842896	0.3904879689216614	0.457516339869281	0.1944922547332186	0.4656297862529754	0.1386121821810935	True	306	581	0.2389443516731262	0.3904879689216614	0.1895424836601307	0.1944922547332186	0.3147161602973938	0.0314367911722592	True	GSE131907	EBUS_06	0.1509136259555816	0.1071753910088342	True
cellchat	CD55_ADGRE5	ADGRE	CD55	ADGRE5	306	581	1.3031847476959229	0.3143328726291656	0.761437908496732	0.1824440619621342	0.8087588101625443	0.2688203753743188	True	306	581	0.7111045718193054	0.3143328726291656	0.4117647058823529	0.1824440619621342	0.5127187222242355	0.1437597751359605	True	GSE131907	EBUS_06	0.2960400879383087	0.1250606002383583	True
cellchat	LPAR1_ADGRE5	ADGRE	LPAR1	ADGRE5	306	581	0.0804210975766182	0.3143328726291656	0.1013071895424836	0.1824440619621342	0.1973769851028919	0.0001463908355079	True	306	581	0.0156357027590274	0.3143328726291656	0.0261437908496732	0.1824440619621342	0.1649842876940965	0.0	False	GSE131907	EBUS_06	0.0323926974087953	0.0001463908355079	True
cellchat	LPAR2_ADGRE5	ADGRE	LPAR2	ADGRE5	306	581	0.0791877582669258	0.3143328726291656	0.1111111111111111	0.1824440619621342	0.1967603154480457	0.0007766506465803	True	306	581	0.0446137003600597	0.3143328726291656	0.0424836601307189	0.1824440619621342	0.1794732864946127	0.0	False	GSE131907	EBUS_06	0.017287028953433	0.0007766506465803	True
cellchat	SFTPD_ADGRE5	ADGRE	SFTPD	ADGRE5	306	581	0.09378033131361	0.3143328726291656	0.1078431372549019	0.1824440619621342	0.2040566019713878	0.0009067984401972	True	306	581	0.0558895841240882	0.3143328726291656	0.0392156862745098	0.1824440619621342	0.1851112283766269	0.0	False	GSE131907	EBUS_06	0.0189453735947608	0.0009067984401972	True
cellchat	IGFBP3_TMEM219	IGFBP	IGFBP3	TMEM219	306	581	0.1332413405179977	0.3585263788700104	0.1111111111111111	0.2134251290877797	0.245883859694004	0.0015982254523709	True	306	581	0.0660592019557952	0.3585263788700104	0.0457516339869281	0.2134251290877797	0.2122927904129028	0.0	False	GSE131907	EBUS_06	0.0335910692811012	0.0015982254523709	True
cellchat	PPIA_BSG	CypA	PPIA	BSG	306	581	2.1882543563842773	0.4636691510677337	0.9183006535947712	0.270223752151463	1.3259617537260056	0.5983580470865718	True	306	581	2.362616539001465	0.4636691510677337	0.8660130718954249	0.270223752151463	1.4131428450345993	0.6169480532967044	True	GSE131907	EBUS_06	-0.0871810913085937	-0.0185900062101326	True
liana	HLA-A_CD8A	MHC_I	HLA-A	CD8A	306	581	0.1656945645809173	0.453341394662857	0.196078431372549	0.2237521514629948	0.3095179796218872	0.0267810555715043	True	306	581	0.1947945803403854	0.453341394662857	0.1274509803921568	0.2237521514629948	0.3240679875016212	0.0116695065209889	True	GSE131907	EBUS_06	-0.014550007879734	0.0151115490505154	True
liana	HLA-A_CD8B	MHC_I	HLA-A	CD8B	306	581	0.1656945645809173	0.3904879689216614	0.196078431372549	0.1944922547332186	0.2780912667512893	0.0197341402414239	True	306	581	0.1947945803403854	0.3904879689216614	0.1274509803921568	0.1944922547332186	0.2926412746310234	0.0085639123767517	True	GSE131907	EBUS_06	-0.014550007879734	0.0111702278646721	True
liana	HLA-B_CD8A	MHC_I	HLA-B	CD8A	306	581	0.2111378610134124	0.453341394662857	0.2483660130718954	0.2237521514629948	0.3322396278381347	0.0473556654910935	True	306	581	0.2064257860183715	0.453341394662857	0.1339869281045751	0.2237521514629948	0.3298835903406143	0.0137072397844717	True	GSE131907	EBUS_06	0.0023560374975204	0.0336484257066218	True
liana	HLA-B_CD8B	MHC_I	HLA-B	CD8B	306	581	0.2111378610134124	0.3904879689216614	0.2483660130718954	0.1944922547332186	0.3008129149675369	0.035090139591164	True	306	581	0.2064257860183715	0.3904879689216614	0.1339869281045751	0.1944922547332186	0.2984568774700165	0.0100648683406147	True	GSE131907	EBUS_06	0.0023560374975204	0.0250252712505493	True
liana	HLA-C_CD8A	MHC_I	HLA-C	CD8A	306	581	0.1665932834148407	0.453341394662857	0.1830065359477124	0.2237521514629948	0.3099673390388489	0.0225731288888112	True	306	581	0.1331309527158737	0.453341394662857	0.0947712418300653	0.2237521514629948	0.2932361736893654	0.0	False	GSE131907	EBUS_06	0.0167311653494834	0.0225731288888112	True
liana	HLA-C_CD8B	MHC_I	HLA-C	CD8B	306	581	0.1665932834148407	0.3904879689216614	0.1830065359477124	0.1944922547332186	0.278540626168251	0.0166145454274165	True	306	581	0.1331309527158737	0.3904879689216614	0.0947712418300653	0.1944922547332186	0.2618094608187675	0.0	False	GSE131907	EBUS_06	0.0167311653494834	0.0166145454274165	True
liana	HLA-E_KLRD1	MHC_I	HLA-E	KLRD1	306	581	0.5407716035842896	0.7158114910125732	0.457516339869281	0.3149741824440619	0.6282915472984314	0.3076702202441709	True	306	581	0.2389443516731262	0.7158114910125732	0.1895424836601307	0.3149741824440619	0.4773779213428497	0.0822619073231673	True	GSE131907	EBUS_06	0.1509136259555816	0.2254083129210035	True
liana	CEACAM5_CD8A	MHC_I_partial	CEACAM5	CD8A	306	581	0.0875427722930908	0.453341394662857	0.1013071895424836	0.2237521514629948	0.2704420834779739	0.0005458818366552	True	306	581	0.0190190840512514	0.453341394662857	0.0196078431372549	0.2237521514629948	0.2361802393570542	0.0	False	GSE131907	EBUS_06	0.0342618441209197	0.0005458818366552	True
liana	ALCAM_CD6	other	ALCAM	CD6	306	581	0.0980933234095573	0.3000537455081939	0.1078431372549019	0.1721170395869191	0.1990735344588756	0.0008487977298625	True	306	581	0.0906699821352958	0.3000537455081939	0.0718954248366013	0.1721170395869191	0.1953618638217449	0.0	False	GSE131907	EBUS_06	0.0037116706371307	0.0008487977298625	True
liana	CD320_JAML	other	CD320	JAML	306	581	0.1497887969017028	0.2026916146278381	0.2058823529411764	0.1239242685025817	0.1762402057647705	0.0042298441677018	True	306	581	0.0847553834319114	0.2026916146278381	0.0784313725490196	0.1239242685025817	0.1437234990298748	0.0	False	GSE131907	EBUS_06	0.0325167067348957	0.0042298441677018	True
liana	CD55_ADGRE5	other	CD55	ADGRE5	306	581	1.3031847476959229	0.3143328726291656	0.761437908496732	0.1824440619621342	0.8087588101625443	0.2688203753743188	True	306	581	0.7111045718193054	0.3143328726291656	0.4117647058823529	0.1824440619621342	0.5127187222242355	0.1437597751359605	True	GSE131907	EBUS_06	0.2960400879383087	0.1250606002383583	True
liana	CDH1_KLRG1	other	CDH1	KLRG1	306	581	0.8343122601509094	0.3170965909957886	0.6176470588235294	0.1755593803786574	0.575704425573349	0.1762134582440938	True	306	581	0.4268991351127624	0.3170965909957886	0.2745098039215686	0.1755593803786574	0.3719978630542755	0.0691663370541499	True	GSE131907	EBUS_06	0.2037065625190735	0.1070471211899439	True
liana	DHCR24_RORA	other	DHCR24	RORA	306	581	0.5320380926132202	0.6025218367576599	0.4477124183006536	0.3287435456110155	0.5672799646854401	0.2889286499590297	True	306	581	0.2537927031517029	0.6025218367576599	0.1797385620915032	0.3287435456110155	0.4281572699546814	0.0750847277077063	True	GSE131907	EBUS_06	0.1391226947307586	0.2138439222513233	True
liana	DHCR7_NR1H2	other	DHCR7	NR1H2	306	581	0.1824332028627395	0.1630691587924957	0.2320261437908496	0.1015490533562822	0.1727511808276176	0.0002263818817359	True	306	581	0.1288207322359085	0.1630691587924957	0.1143790849673202	0.1015490533562822	0.1459449455142021	1.7558317292615366e-05	True	GSE131907	EBUS_06	0.0268062353134155	0.0002088235644433	True
liana	DHCR7_RORA	other	DHCR7	RORA	306	581	0.1824332028627395	0.6025218367576599	0.2320261437908496	0.3287435456110155	0.3924775198101997	0.074048114673127	True	306	581	0.1288207322359085	0.6025218367576599	0.1143790849673202	0.3287435456110155	0.3656712844967842	0.0061629873633656	True	GSE131907	EBUS_06	0.0268062353134155	0.0678851273097613	True
liana	F11R_ITGAL+ITGB2	other	F11R	ITGAL+ITGB2	306	581	0.4504410922527313	0.2207020968198776	0.4477124183006536	0.1308089500860585	0.3355715945363045	0.1423862103150176	True	306	581	0.194054901599884	0.2207020968198776	0.1699346405228758	0.1308089500860585	0.2073784992098808	0.0270754626439025	True	GSE131907	EBUS_06	0.1281930953264236	0.1153107476711151	True
liana	ICAM1_ITGAL	other	ICAM1	ITGAL	306	581	0.2883092164993286	0.2207020968198776	0.284313725490196	0.1308089500860585	0.2545056566596031	0.0152192127215763	True	306	581	0.1270394176244735	0.2207020968198776	0.0947712418300653	0.1308089500860585	0.1738707572221756	0.0	False	GSE131907	EBUS_06	0.0806348994374275	0.0152192127215763	True
liana	ICAM1_ITGAL+ITGB2	other	ICAM1	ITGAL+ITGB2	306	581	0.2883092164993286	0.2207020968198776	0.284313725490196	0.1308089500860585	0.2545056566596031	0.0688411671458548	True	306	581	0.1270394176244735	0.2207020968198776	0.0947712418300653	0.1308089500860585	0.1738707572221756	0.0	False	GSE131907	EBUS_06	0.0806348994374275	0.0688411671458548	True
liana	ICAM1_SPN	other	ICAM1	SPN	306	581	0.2883092164993286	0.4386980831623077	0.284313725490196	0.2444061962134251	0.3635036498308182	0.0838116357214984	True	306	581	0.1270394176244735	0.4386980831623077	0.0947712418300653	0.2444061962134251	0.2828687503933906	0.0	False	GSE131907	EBUS_06	0.0806348994374275	0.0838116357214984	True
liana	ICAM3_ITGAL+ITGB2	other	ICAM3	ITGAL+ITGB2	306	581	0.0811761617660522	0.2207020968198776	0.1111111111111111	0.1308089500860585	0.1509391292929649	0.0019411277682015	True	306	581	0.0555484443902969	0.2207020968198776	0.0555555555555555	0.1308089500860585	0.1381252706050872	0.0	False	GSE131907	EBUS_06	0.0128138586878776	0.0019411277682015	True
liana	ICAM4_ITGAL+ITGB2	other	ICAM4	ITGAL+ITGB2	306	581	0.4157621264457702	0.2207020968198776	0.3627450980392157	0.1308089500860585	0.3182321116328239	0.1111040019304256	True	306	581	0.2190400958061218	0.2207020968198776	0.1503267973856209	0.1308089500860585	0.2198710963129997	0.0201497622122479	True	GSE131907	EBUS_06	0.0983610153198242	0.0909542397181777	True
liana	IGFBP3_TMEM219	other	IGFBP3	TMEM219	306	581	0.1332413405179977	0.3585263788700104	0.1111111111111111	0.2134251290877797	0.245883859694004	0.0015982254523709	True	306	581	0.0660592019557952	0.3585263788700104	0.0457516339869281	0.2134251290877797	0.2122927904129028	0.0	False	GSE131907	EBUS_06	0.0335910692811012	0.0015982254523709	True
liana	ITGAV+ITGB1_ADGRE5	other	ITGAV+ITGB1	ADGRE5	306	581	0.170633777976036	0.3143328726291656	0.2418300653594771	0.1824440619621342	0.2424833253026008	0.0785367304831101	True	306	581	0.0881470963358879	0.3143328726291656	0.0980392156862745	0.1824440619621342	0.2012399844825267	0.0	False	GSE131907	EBUS_06	0.041243340820074	0.0785367304831101	True
liana	LPAR1_ADGRE5	other	LPAR1	ADGRE5	306	581	0.0804210975766182	0.3143328726291656	0.1013071895424836	0.1824440619621342	0.1973769851028919	0.0001463908355079	True	306	581	0.0156357027590274	0.3143328726291656	0.0261437908496732	0.1824440619621342	0.1649842876940965	0.0	False	GSE131907	EBUS_06	0.0323926974087953	0.0001463908355079	True
liana	LPAR2_ADGRE5	other	LPAR2	ADGRE5	306	581	0.0791877582669258	0.3143328726291656	0.1111111111111111	0.1824440619621342	0.1967603154480457	0.0007766506465803	True	306	581	0.0446137003600597	0.3143328726291656	0.0424836601307189	0.1824440619621342	0.1794732864946127	0.0	False	GSE131907	EBUS_06	0.017287028953433	0.0007766506465803	True
liana	PPIA_BSG	other	PPIA	BSG	306	581	2.1882543563842773	0.4636691510677337	0.9183006535947712	0.270223752151463	1.3259617537260056	0.5983580470865718	True	306	581	2.362616539001465	0.4636691510677337	0.8660130718954249	0.270223752151463	1.4131428450345993	0.6169480532967044	True	GSE131907	EBUS_06	-0.0871810913085937	-0.0185900062101326	True
liana	PTGES2_PTGER2	other	PTGES2	PTGER2	306	581	0.2180797159671783	0.2696278989315033	0.261437908496732	0.1566265060240964	0.2438538074493408	0.0219030159464672	True	306	581	0.1436526924371719	0.2696278989315033	0.1241830065359477	0.1566265060240964	0.2066402956843376	0.0028349270287837	True	GSE131907	EBUS_06	0.0372135117650032	0.0190680889176834	True
liana	PTGES2_PTGER4	other	PTGES2	PTGER4	306	581	0.2180797159671783	0.2280145287513733	0.261437908496732	0.1359724612736661	0.2230471223592758	0.0123007549265729	True	306	581	0.1436526924371719	0.2280145287513733	0.1241830065359477	0.1359724612736661	0.1858336105942726	0.0015786060002113	True	GSE131907	EBUS_06	0.0372135117650032	0.0107221489263615	True
liana	PTGES3_PTGER2	other	PTGES3	PTGER2	306	581	1.0478399991989136	0.2696278989315033	0.7189542483660131	0.1566265060240964	0.6587339490652084	0.1734985237768139	True	306	581	0.9408509731292723	0.2696278989315033	0.5065359477124183	0.1566265060240964	0.6052394360303879	0.1481781752670118	True	GSE131907	EBUS_06	0.0534945130348205	0.0253203485098021	True
liana	PTGES3_PTGER4	other	PTGES3	PTGER4	306	581	1.0478399991989136	0.2280145287513733	0.7189542483660131	0.1359724612736661	0.6379272639751434	0.1045401918099142	True	306	581	0.9408509731292723	0.2280145287513733	0.5065359477124183	0.1359724612736661	0.5844327509403229	0.0882095419389211	True	GSE131907	EBUS_06	0.0534945130348205	0.0163306498709931	True
liana	SFTPD_ADGRE5	other	SFTPD	ADGRE5	306	581	0.09378033131361	0.3143328726291656	0.1078431372549019	0.1824440619621342	0.2040566019713878	0.0009067984401972	True	306	581	0.0558895841240882	0.3143328726291656	0.0392156862745098	0.1824440619621342	0.1851112283766269	0.0	False	GSE131907	EBUS_06	0.0189453735947608	0.0009067984401972	True
cellchat	CXCL10_CXCR3	CXCL	CXCL10	CXCR3	83	1487	0.0310838874429464	0.3679442107677459	0.0963855421686747	0.2239408204438466	0.1995140491053462	0.0	False	82	1487	0.1363865882158279	0.3679442107677459	0.1341463414634146	0.2239408204438466	0.2521653994917869	0.0044511113680144	True	GSE131907	EBUS_10	-0.0526513503864407	-0.0044511113680144	True
cellchat	CXCL16_CXCR6	CXCL	CXCL16	CXCR6	83	1487	0.2328553646802902	0.221773475408554	0.3373493975903614	0.1223940820443846	0.2273144200444221	0.0079624714512089	True	82	1487	0.2541712820529938	0.221773475408554	0.3902439024390244	0.1223940820443846	0.2379723787307739	0.0102759510141409	True	GSE131907	EBUS_10	-0.0106579586863517	-0.002313479562932	True
cellchat	SPP1_CD44	SPP1	SPP1	CD44	83	1487	0.0940443500876426	0.9094153046607972	0.2048192771084337	0.5084061869535978	0.5017298273742199	0.0506485738945816	True	82	1487	0.0694053322076797	0.9094153046607972	0.1707317073170731	0.5084061869535978	0.4894103184342384	0.0222420788226274	True	GSE131907	EBUS_10	0.0123195089399814	0.0284064950719541	True
cellchat	MDK_NCL	MK	MDK	NCL	83	1487	2.0669541358947754	0.6114464402198792	0.8554216867469879	0.3712172158708809	1.3392002880573273	0.6753444970259042	True	82	1487	2.039124727249145	0.6114464402198792	0.8414634146341463	0.3712172158708809	1.3252855837345123	0.6705286242440454	True	GSE131907	EBUS_10	0.0139147043228149	0.0048158727818587	True
cellchat	LGALS9_CD45	GALECTIN	LGALS9	PTPRC	83	1487	0.1198703348636627	1.4693275690078735	0.1686746987951807	0.734364492266308	0.7945989519357681	0.0699672837857284	True	82	1487	0.1324062645435333	1.4693275690078735	0.2195121951219512	0.734364492266308	0.8008669167757034	0.1018825416124783	True	GSE131907	EBUS_10	-0.0062679648399353	-0.0319152578267499	True
cellchat	LGALS9_HAVCR2	GALECTIN	LGALS9	HAVCR2	83	1487	0.1198703348636627	0.2331804186105728	0.1686746987951807	0.1398789509078682	0.1765253767371177	0.0026346812062716	True	82	1487	0.1324062645435333	0.2331804186105728	0.2195121951219512	0.1398789509078682	0.182793341577053	0.0039675020815084	True	GSE131907	EBUS_10	-0.0062679648399353	-0.0013328208752368	True
cellchat	LGALS9_CD44	GALECTIN	LGALS9	CD44	83	1487	0.1198703348636627	0.9094153046607972	0.1686746987951807	0.5084061869535978	0.5146428197622299	0.0403076051784901	True	82	1487	0.1324062645435333	0.9094153046607972	0.2195121951219512	0.5084061869535978	0.5209107846021652	0.0595601534953704	True	GSE131907	EBUS_10	-0.0062679648399353	-0.0192525483168803	True
cellchat	FN1_CD44	FN1	FN1	CD44	83	1487	0.6825002431869507	0.9094153046607972	0.5180722891566265	0.5084061869535978	0.7959577739238739	0.4798624601651855	True	82	1487	0.590173602104187	0.9094153046607972	0.5487804878048781	0.5084061869535978	0.7497944533824921	0.4334722972830353	True	GSE131907	EBUS_10	0.0461633205413818	0.0463901628821502	True
cellchat	COL1A1_CD44	COLLAGEN	COL1A1	CD44	83	1487	0.5239861607551575	0.9094153046607972	0.5301204819277109	0.5084061869535978	0.7167007327079773	0.4134310213910651	True	82	1487	0.2628189027309418	0.9094153046607972	0.4146341463414634	0.5084061869535978	0.5861171036958694	0.22095673370379	True	GSE131907	EBUS_10	0.1305836290121078	0.192474287687275	True
cellchat	COL6A1_CD44	COLLAGEN	COL6A1	CD44	83	1487	0.1949033141136169	0.9094153046607972	0.3493975903614458	0.5084061869535978	0.552159309387207	0.1328330730714244	True	82	1487	0.2255920767784118	0.9094153046607972	0.3048780487804878	0.5084061869535978	0.5675036907196045	0.1451038172026752	True	GSE131907	EBUS_10	-0.0153443813323974	-0.0122707441312507	True
cellchat	COL6A2_CD44	COLLAGEN	COL6A2	CD44	83	1487	0.2360416948795318	0.9094153046607972	0.3975903614457831	0.5084061869535978	0.5727284997701645	0.1781728291874405	True	82	1487	0.1948886215686798	0.9094153046607972	0.3292682926829268	0.5084061869535978	0.5521519631147385	0.1459636780811748	True	GSE131907	EBUS_10	0.020576536655426	0.0322091511062656	True
cellchat	COL9A2_CD44	COLLAGEN	COL9A2	CD44	83	1487	0.0684770718216896	0.9094153046607972	0.1927710843373494	0.5084061869535978	0.4889461882412433	0.0431050043231408	True	82	1487	0.0255802404135465	0.9094153046607972	0.0975609756097561	0.5084061869535978	0.4674977725371718	0.0	False	GSE131907	EBUS_10	0.0214484157040715	0.0431050043231408	True
cellchat	LAMA5_CD44	LAMININ	LAMA5	CD44	83	1487	0.0698623061180114	0.9094153046607972	0.1686746987951807	0.5084061869535978	0.4896388053894043	0.0346388629490406	True	82	1487	0.0261016525328159	0.9094153046607972	0.0975609756097561	0.5084061869535978	0.4677584785968065	0.0	False	GSE131907	EBUS_10	0.0218803267925977	0.0346388629490406	True
cellchat	LAMB2_CD44	LAMININ	LAMB2	CD44	83	1487	0.0531464144587516	0.9094153046607972	0.108433734939759	0.5084061869535978	0.4812808595597744	0.0027235656787727	True	82	1487	0.0664337202906608	0.9094153046607972	0.1341463414634146	0.5084061869535978	0.487924512475729	0.0095149610488387	True	GSE131907	EBUS_10	-0.0066436529159545	-0.006791395370066	True
cellchat	LAMB3_CD44	LAMININ	LAMB3	CD44	83	1487	0.6590404510498047	0.9094153046607972	0.6385542168674698	0.5084061869535978	0.7842278778553009	0.4907750496788434	True	82	1487	0.6154468059539795	0.9094153046607972	0.5609756097560976	0.5084061869535978	0.7624310553073883	0.4385659049077687	True	GSE131907	EBUS_10	0.0217968225479125	0.0522091447710746	True
cellchat	LAMC1_CD44	LAMININ	LAMC1	CD44	83	1487	0.1090327799320221	0.9094153046607972	0.2891566265060241	0.5084061869535978	0.5092240422964096	0.0922876689916587	True	82	1487	0.1126288697123527	0.9094153046607972	0.2439024390243902	0.5084061869535978	0.5110220871865749	0.0687283395699464	True	GSE131907	EBUS_10	-0.0017980448901653	0.0235593294217122	True
cellchat	LAMC2_CD44	LAMININ	LAMC2	CD44	83	1487	0.0889414101839065	0.9094153046607972	0.144578313253012	0.5084061869535978	0.4991783574223518	0.0193886823311821	True	82	1487	0.1307286620140075	0.9094153046607972	0.1463414634146341	0.5084061869535978	0.5200719833374023	0.023035397728585	True	GSE131907	EBUS_10	-0.0208936259150505	-0.0036467153974029	True
cellchat	THBS1_CD47	THBS	THBS1	CD47	83	1487	0.0502035319805145	0.4003027975559234	0.108433734939759	0.2622730329522528	0.225253164768219	0.0007624300557148	True	82	1487	0.0239193346351385	0.4003027975559234	0.0975609756097561	0.2622730329522528	0.212111066095531	0.0	False	GSE131907	EBUS_10	0.013142098672688	0.0007624300557148	True
cellchat	APP_CD74	APP	APP	CD74	83	1487	0.3303216695785522	1.8168820142745967	0.4819277108433735	0.7323470073974445	1.0736018419265747	0.4512223775620287	True	82	1487	0.4780451655387878	1.8168820142745967	0.573170731707317	0.7323470073974445	1.1474635899066925	0.5858193433567009	True	GSE131907	EBUS_10	-0.0738617479801178	-0.1345969657946721	True
cellchat	CD99_CD99	CD99	CD99	CD99	83	1487	0.8885540962219238	0.8821816444396973	0.6626506024096386	0.4915938130464021	0.8853678703308105	0.5711504773753981	True	82	1487	0.6519949436187744	0.8821816444396973	0.6219512195121951	0.4915938130464021	0.7670882940292358	0.4649867922777562	True	GSE131907	EBUS_10	0.1182795763015747	0.1061636850976419	True
cellchat	CLEC2B_KLRB1	CLEC	CLEC2B	KLRB1	83	1487	0.4973891973495483	0.6006462574005127	0.4216867469879518	0.2299932750504371	0.5490177273750305	0.1688275273891317	True	82	1487	0.3462958931922912	0.6006462574005127	0.4634146341463415	0.2299932750504371	0.473471075296402	0.1360776766128326	True	GSE131907	EBUS_10	0.0755466520786285	0.032749850776299	True
cellchat	CLEC2C_KLRB1	CLEC	CD69	KLRB1	83	1487	0.045645996928215	0.6006462574005127	0.0843373493975903	0.2299932750504371	0.3231461271643638	0.0	False	82	1487	0.1042457893490791	0.6006462574005127	0.2317073170731707	0.2299932750504371	0.3524460233747959	0.0242352972326681	True	GSE131907	EBUS_10	-0.029299896210432	-0.0242352972326681	True
cellchat	ICAM1_ITGAL	ICAM	ICAM1	ITGAL	83	1487	0.5609689354896545	0.1589730381965637	0.5180722891566265	0.1116341627437794	0.3599709868431091	0.0072810975893204	True	82	1487	0.3729498386383056	0.1589730381965637	0.4146341463414634	0.1116341627437794	0.2659614384174347	0.0043507098289264	True	GSE131907	EBUS_10	0.0940095484256744	0.002930387760394	True
cellchat	ICAM1_SPN	ICAM	ICAM1	SPN	83	1487	0.5609689354896545	0.3682557046413421	0.5180722891566265	0.2394082044384667	0.4646123200654983	0.1559451012679016	True	82	1487	0.3729498386383056	0.3682557046413421	0.4146341463414634	0.2394082044384667	0.3706027716398239	0.0991590447375404	True	GSE131907	EBUS_10	0.0940095484256744	0.0567860565303611	True
cellchat	ICOSL_ICOS	ICOS	ICOSLG	ICOS	83	1487	0.0195918455719947	0.3327854871749878	0.072289156626506	0.1970410221923335	0.1761886663734913	0.0	False	82	1487	0.0305315107107162	0.3327854871749878	0.1097560975609756	0.1970410221923335	0.181658498942852	0.000387688771588	True	GSE131907	EBUS_10	-0.0054698325693607	-0.000387688771588	True
cellchat	ICOSL_CD28	ICOS	ICOSLG	CD28	83	1487	0.0195918455719947	0.1711695790290832	0.072289156626506	0.117014122394082	0.095380712300539	0.0	False	82	1487	0.0305315107107162	0.1711695790290832	0.1097560975609756	0.117014122394082	0.1008505448698997	4.055847882073925e-05	True	GSE131907	EBUS_10	-0.0054698325693607	-4.055847882073925e-05	True
cellchat	ICOSL_CTLA4	ICOS	ICOSLG	CTLA4	83	1487	0.0195918455719947	0.2958264946937561	0.072289156626506	0.1788836583725622	0.1577091701328754	0.0	False	82	1487	0.0305315107107162	0.2958264946937561	0.1097560975609756	0.1788836583725622	0.1631790027022361	0.0002859324627178	True	GSE131907	EBUS_10	-0.0054698325693607	-0.0002859324627178	True
cellchat	HLA-A_CD8A	MHC-I	HLA-A	CD8A	83	1487	2.5063846111297607	0.4682241082191467	0.9397590361445785	0.2178883658372562	1.4873043596744535	0.562077238588316	True	82	1487	2.3291215896606445	0.4682241082191467	0.9146341463414634	0.2178883658372562	1.3986728489398956	0.5457146681369093	True	GSE131907	EBUS_10	0.0886315107345581	0.0163625704514067	True
cellchat	HLA-B_CD8A	MHC-I	HLA-B	CD8A	83	1487	2.197305917739868	0.4682241082191467	0.9397590361445785	0.2178883658372562	1.3327650129795074	0.5260067951693247	True	82	1487	1.9221463203430176	0.4682241082191467	0.8658536585365854	0.2178883658372562	1.1951852142810822	0.490238643136249	True	GSE131907	EBUS_10	0.1375797986984253	0.0357681520330756	True
cellchat	HLA-C_CD8A	MHC-I	HLA-C	CD8A	83	1487	1.7400126457214355	0.4682241082191467	0.8674698795180723	0.2178883658372562	1.1041183769702911	0.4637118092957594	True	82	1487	1.66245698928833	0.4682241082191467	0.8536585365853658	0.2178883658372562	1.0653405487537384	0.4547468525699206	True	GSE131907	EBUS_10	0.0387778282165527	0.0089649567258387	True
cellchat	HLA-E_CD8A	MHC-I	HLA-E	CD8A	83	1487	1.006164789199829	0.4682241082191467	0.7469879518072289	0.2178883658372562	0.7371944487094879	0.3244604229039812	True	82	1487	1.0468499660491943	0.4682241082191467	0.7804878048780488	0.2178883658372562	0.7575370371341705	0.3367369188118418	True	GSE131907	EBUS_10	-0.0203425884246826	-0.0122764959078606	True
cellchat	HLA-F_CD8A	MHC-I	HLA-F	CD8A	83	1487	0.1019373089075088	0.4682241082191467	0.216867469879518	0.2178883658372562	0.2850807085633278	0.0205501030990223	True	82	1487	0.1978202164173126	0.4682241082191467	0.2560975609756097	0.2178883658372562	0.3330221623182297	0.0372636805851563	True	GSE131907	EBUS_10	-0.0479414537549018	-0.0167135774861339	True
cellchat	HLA-A_CD8B	MHC-I	HLA-A	CD8B	83	1487	2.5063846111297607	0.3331791460514068	0.9397590361445785	0.1687962340282447	1.4197818785905838	0.3911297486076526	True	82	1487	2.3291215896606445	0.3331791460514068	0.9146341463414634	0.1687962340282447	1.3311503678560257	0.3754767969646886	True	GSE131907	EBUS_10	0.0886315107345581	0.015652951642964	True
cellchat	HLA-B_CD8B	MHC-I	HLA-B	CD8B	83	1487	2.197305917739868	0.3331791460514068	0.9397590361445785	0.1687962340282447	1.2652425318956375	0.3570843673980355	True	82	1487	1.9221463203430176	0.3331791460514068	0.8658536585365854	0.1687962340282447	1.1276627331972122	0.3249286072589684	True	GSE131907	EBUS_10	0.1375797986984253	0.0321557601390671	True
cellchat	HLA-C_CD8B	MHC-I	HLA-C	CD8B	83	1487	1.7400126457214355	0.3331791460514068	0.8674698795180723	0.1687962340282447	1.0365958958864212	0.302046605504488	True	82	1487	1.66245698928833	0.3331791460514068	0.8536585365853658	0.1687962340282447	0.9978180676698684	0.2944908399057972	True	GSE131907	EBUS_10	0.0387778282165527	0.0075557655986907	True
cellchat	HLA-E_CD8B	MHC-I	HLA-E	CD8B	83	1487	1.006164789199829	0.3331791460514068	0.7469879518072289	0.1687962340282447	0.669671967625618	0.1937991245259521	True	82	1487	1.0468499660491943	0.3331791460514068	0.7804878048780488	0.1687962340282447	0.6900145560503006	0.2026146244580702	True	GSE131907	EBUS_10	-0.0203425884246826	-0.0088154999321181	True
cellchat	HLA-F_CD8B	MHC-I	HLA-F	CD8B	83	1487	0.1019373089075088	0.3331791460514068	0.216867469879518	0.1687962340282447	0.2175582274794578	0.0103918449631133	True	82	1487	0.1978202164173126	0.3331791460514068	0.2560975609756097	0.1687962340282447	0.2654996812343597	0.019003923612176	True	GSE131907	EBUS_10	-0.0479414537549018	-0.0086120786490627	True
cellchat	HLA-DPA1_CD4	MHC-II	HLA-DPA1	CD4	83	1487	0.5291929244995117	0.2035212963819503	0.5783132530120482	0.1324815063887021	0.366357110440731	0.0339731976946035	True	82	1487	0.494974285364151	0.2035212963819503	0.5487804878048781	0.1324815063887021	0.3492477908730507	0.0277909030116031	True	GSE131907	EBUS_10	0.0171093195676803	0.0061822946830004	True
cellchat	HLA-DPB1_CD4	MHC-II	HLA-DPB1	CD4	83	1487	0.5570619702339172	0.2035212963819503	0.6024096385542169	0.1324815063887021	0.3802916333079338	0.0391669526538895	True	82	1487	0.5479012131690979	0.2035212963819503	0.573170731707317	0.1324815063887021	0.3757112547755241	0.0309799936605503	True	GSE131907	EBUS_10	0.0045803785324096	0.0081869589933391	True
cellchat	HLA-DQA1_CD4	MHC-II	HLA-DQA1	CD4	83	1487	0.2829656600952148	0.2035212963819503	0.3614457831325301	0.1324815063887021	0.2432434782385826	0.0141938845653008	True	82	1487	0.2318301945924759	0.2035212963819503	0.2804878048780488	0.1324815063887021	0.2176757454872131	0.0070035235804244	True	GSE131907	EBUS_10	0.0255677327513694	0.0071903609848764	True
cellchat	HLA-DMA_CD4	MHC-II	HLA-DMA	CD4	83	1487	0.5245721936225891	0.2035212963819503	0.5903614457831325	0.1324815063887021	0.3640467450022697	0.034010335707159	True	82	1487	0.4616400003433227	0.2035212963819503	0.5609756097560976	0.1324815063887021	0.3325806483626365	0.0291255521434203	True	GSE131907	EBUS_10	0.0314660966396331	0.0048847835637387	True
cellchat	HLA-DMB_CD4	MHC-II	HLA-DMB	CD4	83	1487	0.1761324107646942	0.2035212963819503	0.2771084337349397	0.1324815063887021	0.1898268535733223	0.0067588218170292	True	82	1487	0.1956592351198196	0.2035212963819503	0.2804878048780488	0.1324815063887021	0.199590265750885	0.0071296130919185	True	GSE131907	EBUS_10	-0.0097634121775627	-0.0003707912748892	True
cellchat	HLA-DQB1_CD4	MHC-II	HLA-DQB1	CD4	83	1487	0.9747965335845948	0.2035212963819503	0.6746987951807228	0.1324815063887021	0.5891589149832726	0.0702183930206082	True	82	1487	1.029526710510254	0.2035212963819503	0.7195121951219512	0.1324815063887021	0.6165240034461021	0.073414486338107	True	GSE131907	EBUS_10	-0.0273650884628295	-0.0031960933174988	True
cellchat	HLA-DRA_CD4	MHC-II	HLA-DRA	CD4	83	1487	1.2988061904907229	0.2035212963819503	0.8072289156626506	0.1324815063887021	0.7511637434363365	0.0948095095061123	True	82	1487	1.287553310394287	0.2035212963819503	0.8536585365853658	0.1324815063887021	0.7455373033881187	0.0922985305207033	True	GSE131907	EBUS_10	0.0056264400482177	0.0025109789854089	True
cellchat	HLA-DRB1_CD4	MHC-II	HLA-DRB1	CD4	83	1487	1.196025848388672	0.2035212963819503	0.7590361445783133	0.1324815063887021	0.6997735723853111	0.0856035646262316	True	82	1487	1.2012414932250977	0.2035212963819503	0.7926829268292683	0.1324815063887021	0.702381394803524	0.0876727271034161	True	GSE131907	EBUS_10	-0.0026078224182128	-0.0020691624771844	True
cellchat	CD274_PDCD1	PD-L1	CD274	PDCD1	83	1487	0.1012580692768096	0.1751402169466018	0.2048192771084337	0.1042367182246133	0.1381991431117057	0.0002074167247335	True	82	1487	0.0374245829880237	0.1751402169466018	0.073170731707317	0.1042367182246133	0.1062823999673128	0.0	False	GSE131907	EBUS_10	0.0319167431443929	0.0002074167247335	True
cellchat	PVR_TIGIT	PVR	PVR	TIGIT	83	1487	0.0799476206302642	0.8580052256584167	0.180722891566265	0.4156018829858776	0.4689764231443405	0.0372344542335556	True	82	1487	0.0553780309855937	0.8580052256584167	0.2073170731707317	0.4156018829858776	0.4566916283220052	0.033275092501675	True	GSE131907	EBUS_10	0.0122847948223352	0.0039593617318806	True
cellchat	CD55_ADGRE5	ADGRE	CD55	ADGRE5	83	1487	2.0243639945983887	0.2927018404006958	0.8554216867469879	0.1909885675857431	1.1585329174995422	0.3558837624974439	True	82	1487	1.5070667266845703	0.2927018404006958	0.8292682926829268	0.1909885675857431	0.8998842835426331	0.2840691565130007	True	GSE131907	EBUS_10	0.2586486339569092	0.0718146059844432	True
cellchat	LPAR2_ADGRE5	ADGRE	LPAR2	ADGRE5	83	1487	0.0898713320493698	0.2927018404006958	0.2771084337349397	0.1909885675857431	0.1912865862250328	0.0127044255281369	True	82	1487	0.0834869742393493	0.2927018404006958	0.1707317073170731	0.1909885675857431	0.1880944073200225	0.005274479285231	True	GSE131907	EBUS_10	0.0031921789050102	0.0074299462429059	True
cellchat	SFTPD_ADGRE5	ADGRE	SFTPD	ADGRE5	83	1487	0.2899920344352722	0.2927018404006958	0.2771084337349397	0.1909885675857431	0.291346937417984	0.0394050632098161	True	82	1487	0.2600251734256744	0.2927018404006958	0.2804878048780488	0.1909885675857431	0.2763635069131851	0.0254680069515653	True	GSE131907	EBUS_10	0.0149834305047988	0.0139370562582507	True
cellchat	APP_SORL1	APP	APP	SORL1	83	1487	0.3303216695785522	0.1737139970064163	0.4819277108433735	0.1123066577000672	0.2520178332924843	0.0072246571412375	True	82	1487	0.4780451655387878	0.1737139970064163	0.573170731707317	0.1123066577000672	0.3258795812726021	0.0123635454821998	True	GSE131907	EBUS_10	-0.0738617479801178	-0.0051388883409622	True
cellchat	IGFBP3_TMEM219	IGFBP	IGFBP3	TMEM219	83	1487	1.331670165061951	0.3547843396663666	0.6506024096385542	0.2394082044384667	0.8432272523641586	0.3439823340710889	True	82	1487	1.2177236080169678	0.3547843396663666	0.6829268292682927	0.2394082044384667	0.7862539738416672	0.3226124073909723	True	GSE131907	EBUS_10	0.0569732785224914	0.0213699266801165	True
cellchat	LGALS9_P4HB	GALECTIN	LGALS9	P4HB	83	1487	0.1198703348636627	0.4022005796432495	0.1686746987951807	0.265635507733692	0.2610354572534561	0.0134085342594217	True	82	1487	0.1324062645435333	0.4022005796432495	0.2195121951219512	0.265635507733692	0.2673034220933914	0.0200818444805335	True	GSE131907	EBUS_10	-0.0062679648399353	-0.0066733102211117	True
cellchat	PPIA_BSG	CypA	PPIA	BSG	83	1487	1.992414712905884	0.4896705746650696	0.8795180722891566	0.3140551445864156	1.241042643785477	0.6013270640335395	True	82	1487	2.0340614318847656	0.4896705746650696	0.9390243902439024	0.3140551445864156	1.2618660032749176	0.6008787660578667	True	GSE131907	EBUS_10	-0.0208233594894409	0.0004482979756728	True
liana	HLA-A_CD8A	MHC_I	HLA-A	CD8A	83	1487	2.5063846111297607	0.4682241082191467	0.9397590361445785	0.2178883658372562	1.4873043596744535	0.562077238588316	True	82	1487	2.3291215896606445	0.4682241082191467	0.9146341463414634	0.2178883658372562	1.3986728489398956	0.5457146681369093	True	GSE131907	EBUS_10	0.0886315107345581	0.0163625704514067	True
liana	HLA-A_CD8B	MHC_I	HLA-A	CD8B	83	1487	2.5063846111297607	0.3331791460514068	0.9397590361445785	0.1687962340282447	1.4197818785905838	0.3911297486076526	True	82	1487	2.3291215896606445	0.3331791460514068	0.9146341463414634	0.1687962340282447	1.3311503678560257	0.3754767969646886	True	GSE131907	EBUS_10	0.0886315107345581	0.015652951642964	True
liana	HLA-B_CD8A	MHC_I	HLA-B	CD8A	83	1487	2.197305917739868	0.4682241082191467	0.9397590361445785	0.2178883658372562	1.3327650129795074	0.5260067951693247	True	82	1487	1.9221463203430176	0.4682241082191467	0.8658536585365854	0.2178883658372562	1.1951852142810822	0.490238643136249	True	GSE131907	EBUS_10	0.1375797986984253	0.0357681520330756	True
liana	HLA-B_CD8B	MHC_I	HLA-B	CD8B	83	1487	2.197305917739868	0.3331791460514068	0.9397590361445785	0.1687962340282447	1.2652425318956375	0.3570843673980355	True	82	1487	1.9221463203430176	0.3331791460514068	0.8658536585365854	0.1687962340282447	1.1276627331972122	0.3249286072589684	True	GSE131907	EBUS_10	0.1375797986984253	0.0321557601390671	True
liana	HLA-C_CD8A	MHC_I	HLA-C	CD8A	83	1487	1.7400126457214355	0.4682241082191467	0.8674698795180723	0.2178883658372562	1.1041183769702911	0.4637118092957594	True	82	1487	1.66245698928833	0.4682241082191467	0.8536585365853658	0.2178883658372562	1.0653405487537384	0.4547468525699206	True	GSE131907	EBUS_10	0.0387778282165527	0.0089649567258387	True
liana	HLA-C_CD8B	MHC_I	HLA-C	CD8B	83	1487	1.7400126457214355	0.3331791460514068	0.8674698795180723	0.1687962340282447	1.0365958958864212	0.302046605504488	True	82	1487	1.66245698928833	0.3331791460514068	0.8536585365853658	0.1687962340282447	0.9978180676698684	0.2944908399057972	True	GSE131907	EBUS_10	0.0387778282165527	0.0075557655986907	True
liana	HLA-E_KLRD1	MHC_I	HLA-E	KLRD1	83	1487	1.006164789199829	0.3640130162239074	0.7469879518072289	0.1687962340282447	0.6850889027118683	0.2057067483617193	True	82	1487	1.0468499660491943	0.3640130162239074	0.7804878048780488	0.1687962340282447	0.7054314911365509	0.2149195049409947	True	GSE131907	EBUS_10	-0.0203425884246826	-0.0092127565792754	True
liana	CXCL10_CXCR3	T_recruit	CXCL10	CXCR3	83	1487	0.0310838874429464	0.3679442107677459	0.0963855421686747	0.2239408204438466	0.1995140491053462	0.0	False	82	1487	0.1363865882158279	0.3679442107677459	0.1341463414634146	0.2239408204438466	0.2521653994917869	0.0044511113680144	True	GSE131907	EBUS_10	-0.0526513503864407	-0.0044511113680144	True
liana	CXCL16_CXCR6	T_recruit	CXCL16	CXCR6	83	1487	0.2328553646802902	0.221773475408554	0.3373493975903614	0.1223940820443846	0.2273144200444221	0.0079624714512089	True	82	1487	0.2541712820529938	0.221773475408554	0.3902439024390244	0.1223940820443846	0.2379723787307739	0.0102759510141409	True	GSE131907	EBUS_10	-0.0106579586863517	-0.002313479562932	True
liana	ALCAM_CD6	other	ALCAM	CD6	83	1487	0.1506504863500595	0.3556060194969177	0.3132530120481928	0.2293207800941493	0.2531282529234886	0.036719292882461	True	82	1487	0.165771409869194	0.3556060194969177	0.3292682926829268	0.2293207800941493	0.2606887146830559	0.0375916433715426	True	GSE131907	EBUS_10	-0.0075604617595672	-0.0008723504890816	True
liana	APP_CD74	other	APP	CD74	83	1487	0.3303216695785522	1.8168820142745967	0.4819277108433735	0.7323470073974445	1.0736018419265747	0.4512223775620287	True	82	1487	0.4780451655387878	1.8168820142745967	0.573170731707317	0.7323470073974445	1.1474635899066925	0.5858193433567009	True	GSE131907	EBUS_10	-0.0738617479801178	-0.1345969657946721	True
liana	APP_SORL1	other	APP	SORL1	83	1487	0.3303216695785522	0.1737139970064163	0.4819277108433735	0.1123066577000672	0.2520178332924843	0.0072246571412375	True	82	1487	0.4780451655387878	0.1737139970064163	0.573170731707317	0.1123066577000672	0.3258795812726021	0.0123635454821998	True	GSE131907	EBUS_10	-0.0738617479801178	-0.0051388883409622	True
liana	CD274_PDCD1	other	CD274	PDCD1	83	1487	0.1012580692768096	0.1751402169466018	0.2048192771084337	0.1042367182246133	0.1381991431117057	0.0002074167247335	True	82	1487	0.0374245829880237	0.1751402169466018	0.073170731707317	0.1042367182246133	0.1062823999673128	0.0	False	GSE131907	EBUS_10	0.0319167431443929	0.0002074167247335	True
liana	CD320_JAML	other	CD320	JAML	83	1487	0.1818207651376724	0.2165902853012085	0.3855421686746988	0.1358439811701412	0.1992055252194404	0.0120112592478389	True	82	1487	0.2303958535194397	0.2165902853012085	0.3902439024390244	0.1358439811701412	0.2234930694103241	0.0147680044112388	True	GSE131907	EBUS_10	-0.0242875441908836	-0.0027567451633999	True
liana	CD44_TYROBP	other	CD44	TYROBP	83	1487	0.1382574886083603	0.3536889255046844	0.2048192771084337	0.1674512441156691	0.2459732070565223	0.00851250828041	True	82	1487	0.1692199558019638	0.3536889255046844	0.3170731707317073	0.1674512441156691	0.2614544406533241	0.0205636425091786	True	GSE131907	EBUS_10	-0.0154812335968017	-0.0120511342287685	True
liana	CD47_SIRPG	other	CD47	SIRPG	83	1487	1.3790080547332764	0.2776982486248016	0.7951807228915663	0.1822461331540013	0.828353151679039	0.2477531929882727	True	82	1487	1.1199114322662354	0.2776982486248016	0.7195121951219512	0.1822461331540013	0.6988048404455185	0.2066936180410417	True	GSE131907	EBUS_10	0.1295483112335205	0.041059574947231	True
liana	CD55_ADGRE5	other	CD55	ADGRE5	83	1487	2.0243639945983887	0.2927018404006958	0.8554216867469879	0.1909885675857431	1.1585329174995422	0.3558837624974439	True	82	1487	1.5070667266845703	0.2927018404006958	0.8292682926829268	0.1909885675857431	0.8998842835426331	0.2840691565130007	True	GSE131907	EBUS_10	0.2586486339569092	0.0718146059844432	True
liana	CD58_CD2	other	CD58	CD2	83	1487	0.1768708527088165	1.7235883474349976	0.2771084337349397	0.7700067249495629	0.950229600071907	0.1874228470325658	True	82	1487	0.0785164982080459	1.7235883474349976	0.1951219512195122	0.7700067249495629	0.9010524228215218	0.0696154080973922	True	GSE131907	EBUS_10	0.0491771772503852	0.1178074389351736	True
liana	CDH1_ITGAE+ITGB7	other	CDH1	ITGAE+ITGB7	83	1487	0.2335206866264343	0.2171427756547927	0.4096385542168674	0.1452589105581708	0.2253317311406135	0.0309688012147345	True	82	1487	0.1833540648221969	0.2171427756547927	0.3048780487804878	0.1452589105581708	0.2002484202384948	0.01739541066546	True	GSE131907	EBUS_10	0.0250833109021186	0.0135733905492745	True
liana	DHCR24_RORA	other	DHCR24	RORA	83	1487	0.3295200169086456	0.3628066778182983	0.4216867469879518	0.2178883658372562	0.346163347363472	0.0915576895356804	True	82	1487	0.2090847939252853	0.3628066778182983	0.3536585365853658	0.2178883658372562	0.2859457358717918	0.0501141219986675	True	GSE131907	EBUS_10	0.0602176114916801	0.0414435675370128	True
liana	DHCR7_NR1H2	other	DHCR7	NR1H2	83	1487	0.1720677465200424	0.2166810035705566	0.3012048192771084	0.1506388702084734	0.1943743750452995	0.0112178830849436	True	82	1487	0.1336766630411148	0.2166810035705566	0.2560975609756097	0.1506388702084734	0.1751788333058357	0.0070560569378784	True	GSE131907	EBUS_10	0.0191955417394638	0.0041618261470652	True
liana	DHCR7_RORA	other	DHCR7	RORA	83	1487	0.1720677465200424	0.3628066778182983	0.3012048192771084	0.2178883658372562	0.2674372121691704	0.0340976207381758	True	82	1487	0.1336766630411148	0.3628066778182983	0.2560975609756097	0.2178883658372562	0.2482416704297065	0.0216331425407602	True	GSE131907	EBUS_10	0.0191955417394638	0.0124644781974155	True
liana	F11R_ITGAL+ITGB2	other	F11R	ITGAL+ITGB2	83	1487	0.3209733068943023	0.1589730381965637	0.4337349397590361	0.1116341627437794	0.239973172545433	0.0325267980288468	True	82	1487	0.1786749362945556	0.1589730381965637	0.3414634146341463	0.1116341627437794	0.1688239872455597	0.0162142209996226	True	GSE131907	EBUS_10	0.0711491852998733	0.0163125770292242	True
liana	FN1_ITGA4+ITGB1	other	FN1	ITGA4+ITGB1	83	1487	0.6825002431869507	0.1951202005147934	0.5180722891566265	0.1291190316072629	0.438810221850872	0.0697730698240275	True	82	1487	0.590173602104187	0.1951202005147934	0.5487804878048781	0.1291190316072629	0.3926469013094902	0.0585640776320085	True	GSE131907	EBUS_10	0.0461633205413818	0.011208992192019	True
liana	FN1_ITGA4+ITGB7	other	FN1	ITGA4+ITGB7	83	1487	0.6825002431869507	0.1951202005147934	0.5180722891566265	0.1291190316072629	0.438810221850872	0.0472849230508336	True	82	1487	0.590173602104187	0.1951202005147934	0.5487804878048781	0.1291190316072629	0.3926469013094902	0.0395350933760825	True	GSE131907	EBUS_10	0.0461633205413818	0.0077498296747511	True
liana	ICAM1_ITGAL	other	ICAM1	ITGAL	83	1487	0.5609689354896545	0.1589730381965637	0.5180722891566265	0.1116341627437794	0.3599709868431091	0.0072810975893204	True	82	1487	0.3729498386383056	0.1589730381965637	0.4146341463414634	0.1116341627437794	0.2659614384174347	0.0043507098289264	True	GSE131907	EBUS_10	0.0940095484256744	0.002930387760394	True
liana	ICAM1_ITGAL+ITGB2	other	ICAM1	ITGAL+ITGB2	83	1487	0.5609689354896545	0.1589730381965637	0.5180722891566265	0.1116341627437794	0.3599709868431091	0.0602703357906703	True	82	1487	0.3729498386383056	0.1589730381965637	0.4146341463414634	0.1116341627437794	0.2659614384174347	0.0368042851169616	True	GSE131907	EBUS_10	0.0940095484256744	0.0234660506737087	True
liana	ICAM1_SPN	other	ICAM1	SPN	83	1487	0.5609689354896545	0.3682557046413421	0.5180722891566265	0.2394082044384667	0.4646123200654983	0.1559451012679016	True	82	1487	0.3729498386383056	0.3682557046413421	0.4146341463414634	0.2394082044384667	0.3706027716398239	0.0991590447375404	True	GSE131907	EBUS_10	0.0940095484256744	0.0567860565303611	True
liana	ICAM2_ITGAL+ITGB2	other	ICAM2	ITGAL+ITGB2	83	1487	0.1044669300317764	0.1589730381965637	0.3012048192771084	0.1116341627437794	0.13171998411417	0.0092978470907455	True	82	1487	0.1643436998128891	0.1589730381965637	0.3048780487804878	0.1116341627437794	0.1616583690047264	0.0132098233418008	True	GSE131907	EBUS_10	-0.0299383848905563	-0.0039119762510553	True
liana	ICAM3_ITGAL+ITGB2	other	ICAM3	ITGAL+ITGB2	83	1487	0.1955357789993286	0.1589730381965637	0.4096385542168674	0.1116341627437794	0.1772544085979461	0.0176424693151487	True	82	1487	0.3164022862911224	0.1589730381965637	0.4268292682926829	0.1116341627437794	0.237687662243843	0.0307769995480627	True	GSE131907	EBUS_10	-0.0604332536458969	-0.013134530232914	True
liana	ICAM4_ITGAL+ITGB2	other	ICAM4	ITGAL+ITGB2	83	1487	0.0605816729366779	0.1589730381965637	0.108433734939759	0.1116341627437794	0.1097773555666208	0.0003888317258656	True	82	1487	0.0438583455979824	0.1589730381965637	0.0853658536585365	0.1116341627437794	0.101415691897273	0.0	False	GSE131907	EBUS_10	0.0083616636693477	0.0003888317258656	True
liana	ICOSLG_ICOS	other	ICOSLG	ICOS	83	1487	0.0195918455719947	0.3327854871749878	0.072289156626506	0.1970410221923335	0.1761886663734913	0.0	False	82	1487	0.0305315107107162	0.3327854871749878	0.1097560975609756	0.1970410221923335	0.181658498942852	0.000387688771588	True	GSE131907	EBUS_10	-0.0054698325693607	-0.000387688771588	True
liana	IGFBP3_TMEM219	other	IGFBP3	TMEM219	83	1487	1.331670165061951	0.3547843396663666	0.6506024096385542	0.2394082044384667	0.8432272523641586	0.3439823340710889	True	82	1487	1.2177236080169678	0.3547843396663666	0.6829268292682927	0.2394082044384667	0.7862539738416672	0.3226124073909723	True	GSE131907	EBUS_10	0.0569732785224914	0.0213699266801165	True
liana	ITGAV+ITGB1_ADGRE5	other	ITGAV+ITGB1	ADGRE5	83	1487	0.143928050994873	0.2927018404006958	0.3132530120481928	0.1909885675857431	0.2183149456977844	0.0473797481068376	True	82	1487	0.2143724709749221	0.2927018404006958	0.3414634146341463	0.1909885675857431	0.253537155687809	0.0568964934765627	True	GSE131907	EBUS_10	-0.0352222099900245	-0.0095167453697251	True
liana	LGALS9_HAVCR2	other	LGALS9	HAVCR2	83	1487	0.1198703348636627	0.2331804186105728	0.1686746987951807	0.1398789509078682	0.1765253767371177	0.0026346812062716	True	82	1487	0.1324062645435333	0.2331804186105728	0.2195121951219512	0.1398789509078682	0.182793341577053	0.0039675020815084	True	GSE131907	EBUS_10	-0.0062679648399353	-0.0013328208752368	True
liana	LGALS9_P4HB	other	LGALS9	P4HB	83	1487	0.1198703348636627	0.4022005796432495	0.1686746987951807	0.265635507733692	0.2610354572534561	0.0134085342594217	True	82	1487	0.1324062645435333	0.4022005796432495	0.2195121951219512	0.265635507733692	0.2673034220933914	0.0200818444805335	True	GSE131907	EBUS_10	-0.0062679648399353	-0.0066733102211117	True
liana	LIPA_RORA	other	LIPA	RORA	83	1487	0.0768192857503891	0.3628066778182983	0.2289156626506024	0.2178883658372562	0.2198129817843437	0.0136648978778442	True	82	1487	0.0428769178688526	0.3628066778182983	0.1585365853658536	0.2178883658372562	0.2028417978435754	0.0042075550992498	True	GSE131907	EBUS_10	0.0169711839407682	0.0094573427785943	True
liana	LPAR2_ADGRE5	other	LPAR2	ADGRE5	83	1487	0.0898713320493698	0.2927018404006958	0.2771084337349397	0.1909885675857431	0.1912865862250328	0.0127044255281369	True	82	1487	0.0834869742393493	0.2927018404006958	0.1707317073170731	0.1909885675857431	0.1880944073200225	0.005274479285231	True	GSE131907	EBUS_10	0.0031921789050102	0.0074299462429059	True
liana	PLAUR_ITGA4+ITGB1	other	PLAUR	ITGA4+ITGB1	83	1487	0.7792925834655762	0.1951202005147934	0.6746987951807228	0.1291190316072629	0.4872063919901848	0.0870884013710947	True	82	1487	0.6670575737953186	0.1951202005147934	0.6341463414634146	0.1291190316072629	0.431088887155056	0.071456021838516	True	GSE131907	EBUS_10	0.0561175048351287	0.0156323795325786	True
liana	PPIA_BSG	other	PPIA	BSG	83	1487	1.992414712905884	0.4896705746650696	0.8795180722891566	0.3140551445864156	1.241042643785477	0.6013270640335395	True	82	1487	2.0340614318847656	0.4896705746650696	0.9390243902439024	0.3140551445864156	1.2618660032749176	0.6008787660578667	True	GSE131907	EBUS_10	-0.0208233594894409	0.0004482979756728	True
liana	PTGES_PTGER4	other	PTGES	PTGER4	83	1487	0.0839386507868766	0.196198508143425	0.144578313253012	0.1271015467383994	0.1400685794651508	0.0008207886432297	True	82	1487	0.0148365115746855	0.196198508143425	0.024390243902439	0.1271015467383994	0.1055175098590552	0.0	False	GSE131907	EBUS_10	0.0345510696060955	0.0008207886432297	True
liana	PTGES2_PTGER4	other	PTGES2	PTGER4	83	1487	0.2893383800983429	0.196198508143425	0.3975903614457831	0.1271015467383994	0.2427684441208839	0.0124309590876606	True	82	1487	0.285448670387268	0.196198508143425	0.3902439024390244	0.1271015467383994	0.2408235892653465	0.01201029141231	True	GSE131907	EBUS_10	0.0019448548555374	0.0004206676753506	True
liana	PTGES3_PTGER4	other	PTGES3	PTGER4	83	1487	0.951342225074768	0.196198508143425	0.7228915662650602	0.1271015467383994	0.5737703666090965	0.053174292246444	True	82	1487	0.8531484603881836	0.196198508143425	0.7439024390243902	0.1271015467383994	0.5246734842658043	0.0492289931371586	True	GSE131907	EBUS_10	0.0490968823432922	0.0039452991092853	True
liana	PVR_CD96	other	PVR	CD96	83	1487	0.0799476206302642	0.3735840022563934	0.180722891566265	0.2360457296570275	0.2267658114433288	0.011825886219998	True	82	1487	0.0553780309855937	0.3735840022563934	0.2073170731707317	0.2360457296570275	0.2144810166209936	0.0105387937540239	True	GSE131907	EBUS_10	0.0122847948223352	0.0012870924659741	True
liana	PVR_TIGIT	other	PVR	TIGIT	83	1487	0.0799476206302642	0.8580052256584167	0.180722891566265	0.4156018829858776	0.4689764231443405	0.0372344542335556	True	82	1487	0.0553780309855937	0.8580052256584167	0.2073170731707317	0.4156018829858776	0.4566916283220052	0.033275092501675	True	GSE131907	EBUS_10	0.0122847948223352	0.0039593617318806	True
liana	SFTPD_ADGRE5	other	SFTPD	ADGRE5	83	1487	0.2899920344352722	0.2927018404006958	0.2771084337349397	0.1909885675857431	0.291346937417984	0.0394050632098161	True	82	1487	0.2600251734256744	0.2927018404006958	0.2804878048780488	0.1909885675857431	0.2763635069131851	0.0254680069515653	True	GSE131907	EBUS_10	0.0149834305047988	0.0139370562582507	True
liana	SPP1_ITGA4+ITGB1	other	SPP1	ITGA4+ITGB1	83	1487	0.0940443500876426	0.1951202005147934	0.2048192771084337	0.1291190316072629	0.144582275301218	0.0043187779656592	True	82	1487	0.0694053322076797	0.1951202005147934	0.1707317073170731	0.1291190316072629	0.1322627663612365	0.0018460434171137	True	GSE131907	EBUS_10	0.0123195089399814	0.0024727345485454	True
liana	TNC_ITGA4+ITGB1	other	TNC	ITGA4+ITGB1	83	1487	0.0312166959047317	0.1951202005147934	0.108433734939759	0.1291190316072629	0.1131684482097625	0.0002557435256428	True	82	1487	0.0062427702359855	0.1951202005147934	0.0365853658536585	0.1291190316072629	0.1006814853753894	0.0	False	GSE131907	EBUS_10	0.0124869628343731	0.0002557435256428	True
liana	TNFSF12_TNFRSF25	other	TNFSF12	TNFRSF25	83	1487	0.0487095303833484	0.268353134393692	0.1566265060240964	0.175521183591123	0.1585313323885202	0.0031604615535894	True	82	1487	0.0571159161627292	0.268353134393692	0.1707317073170731	0.175521183591123	0.1627345252782106	0.003026170048656	True	GSE131907	EBUS_10	-0.0042031928896903	0.0001342915049333	True
cellchat	GDF15_TGFBR2	GDF	GDF15	TGFBR2	60	335	1.0535237789154053	0.1172728613018989	0.7833333333333333	0.1074626865671641	0.5853983201086521	0.0095396764681592	True	60	335	0.5842545032501221	0.1172728613018989	0.4666666666666667	0.1074626865671641	0.3507636822760105	0.0040142629728613	True	GSE131907	EBUS_12	0.2346346378326416	0.0055254134952978	True
cellchat	CCL5_CCR1	CCL	CCL5	CCR1	60	335	0.1097035482525825	0.1862436383962631	0.2166666666666666	0.1611940298507462	0.1479735933244228	0.0039057003163839	True	60	335	0.0792722702026367	0.1862436383962631	0.05	0.1611940298507462	0.1327579542994499	0.0	False	GSE131907	EBUS_12	0.0152156390249729	0.0039057003163839	True
cellchat	CCL3_CCR1	CCL	CCL3	CCR1	60	335	0.7376395463943481	0.1862436383962631	0.9	0.1611940298507462	0.4619415923953056	0.0760921245705964	True	60	335	0.6239392757415771	0.1862436383962631	0.6333333333333333	0.1611940298507462	0.4050914570689201	0.0612392365202672	True	GSE131907	EBUS_12	0.0568501353263855	0.0148528880503292	True
cellchat	CCL3L3_CCR1	CCL	CCL3L3	CCR1	60	335	0.4651468396186828	0.1862436383962631	0.7166666666666667	0.1611940298507462	0.325695239007473	0.0467864669883631	True	60	335	0.4078789949417114	0.1862436383962631	0.5166666666666667	0.1611940298507462	0.2970613166689873	0.0355174093272413	True	GSE131907	EBUS_12	0.0286339223384857	0.0112690576611217	True
cellchat	CCL8_CCR1	CCL	CCL8	CCR1	60	335	0.0321024805307388	0.1862436383962631	0.0666666666666666	0.1611940298507462	0.1091730594635009	0.0	False	60	335	0.0588626191020011	0.1862436383962631	0.1	0.1611940298507462	0.1225531287491321	0.0	True	GSE131907	EBUS_12	-0.0133800692856311	0.0	True
cellchat	CCL7_CCR1	CCL	CCL7	CCR1	60	335	0.053965475410223	0.1862436383962631	0.15	0.1611940298507462	0.120104556903243	0.001177931223351	True	60	335	0.0435430370271205	0.1862436383962631	0.1	0.1611940298507462	0.1148933377116918	0.0	True	GSE131907	EBUS_12	0.0052112191915512	0.001177931223351	True
cellchat	CCL13_CCR1	CCL	CCL13	CCR1	60	335	0.0142096346244215	0.1862436383962631	0.05	0.1611940298507462	0.1002266365103423	0.0	False	60	335	0.0720574036240577	0.1862436383962631	0.1166666666666666	0.1611940298507462	0.1291505210101604	0.0004196550707194	True	GSE131907	EBUS_12	-0.028923884499818	-0.0004196550707194	True
cellchat	CCL15_CCR1	CCL	CCL15	CCR1	60	335	0.0294365379959344	0.1862436383962631	0.1166666666666666	0.1611940298507462	0.1078400881960988	0.0003318439632874	True	60	335	0.0	0.1862436383962631	0.0	0.1611940298507462	0.0931218191981315	0.0	False	GSE131907	EBUS_12	0.0147182689979672	0.0003318439632874	True
cellchat	CCL4_CCR5	CCL	CCL4	CCR5	60	335	0.6017438769340515	0.144393503665924	0.85	0.1074626865671641	0.3730686902999878	0.0079632428259121	True	60	335	0.4874401986598968	0.144393503665924	0.5666666666666667	0.1074626865671641	0.3159168511629104	0.0053371552555867	True	GSE131907	EBUS_12	0.0571518391370773	0.0026260875703253	True
cellchat	CCL5_CCR5	CCL	CCL5	CCR5	60	335	0.1097035482525825	0.144393503665924	0.2166666666666666	0.1074626865671641	0.1270485259592533	0.0004626007213792	True	60	335	0.0792722702026367	0.144393503665924	0.05	0.1074626865671641	0.1118328869342804	0.0	False	GSE131907	EBUS_12	0.0152156390249729	0.0004626007213792	True
cellchat	CCL3_CCR5	CCL	CCL3	CCR5	60	335	0.7376395463943481	0.144393503665924	0.9	0.1074626865671641	0.4410165250301361	0.0096276071721205	True	60	335	0.6239392757415771	0.144393503665924	0.6333333333333333	0.1074626865671641	0.3841663897037506	0.0076410392184189	True	GSE131907	EBUS_12	0.0568501353263855	0.0019865679537015	True
cellchat	CCL20_CCR6	CCL	CCL20	CCR6	60	335	0.1105720475316047	0.1460194438695907	0.2333333333333333	0.1044776119402985	0.1282957457005977	0.0004363884271203	True	60	335	0.1576278954744339	0.1460194438695907	0.2333333333333333	0.1044776119402985	0.1518236696720123	0.0006260385718422	True	GSE131907	EBUS_12	-0.0235279239714145	-0.0001896501447218	True
cellchat	CXCL10_CXCR3	CXCL	CXCL10	CXCR3	60	335	0.1054690182209014	0.3601863086223602	0.1666666666666666	0.2597014925373134	0.2328276634216308	0.00632340738119	True	60	335	0.0674594938755035	0.3601863086223602	0.1166666666666666	0.2597014925373134	0.2138229012489318	0.001859578977123	True	GSE131907	EBUS_12	0.0190047621726989	0.004463828404067	True
cellchat	PF4_CXCR3	CXCL	PF4	CXCR3	60	335	0.0097088254988193	0.3601863086223602	0.0333333333333333	0.2597014925373134	0.1849475670605898	0.0	False	60	335	0.0339378342032432	0.3601863086223602	0.1	0.2597014925373134	0.1970620714128017	0.0	True	GSE131907	EBUS_12	-0.0121145043522119	0.0	True
cellchat	CXCL16_CXCR6	CXCL	CXCL16	CXCR6	60	335	0.4034741520881653	0.2484711110591888	0.6333333333333333	0.1522388059701492	0.325972631573677	0.0512165077189791	True	60	335	0.3897274434566498	0.2484711110591888	0.5	0.1522388059701492	0.3190992772579193	0.0435934637997253	True	GSE131907	EBUS_12	0.0068733543157577	0.0076230439192538	True
cellchat	TNF_TNFRSF1A	TNF	TNF	TNFRSF1A	60	335	0.0763088166713714	0.2316081523895263	0.1833333333333333	0.191044776119403	0.1539584845304489	0.0046733355017477	True	60	335	0.0624402910470962	0.2316081523895263	0.0666666666666666	0.191044776119403	0.1470242217183113	0.0	False	GSE131907	EBUS_12	0.0069342628121376	0.0046733355017477	True
cellchat	TNF_TNFRSF1B	TNF	TNF	TNFRSF1B	60	335	0.0763088166713714	0.7793227434158325	0.1833333333333333	0.4567164179104477	0.427815780043602	0.028648482420785	True	60	335	0.0624402910470962	0.7793227434158325	0.0666666666666666	0.4567164179104477	0.4208815172314644	0.0	False	GSE131907	EBUS_12	0.0069342628121376	0.028648482420785	True
cellchat	TNFSF15_TNFRSF25	VEGI	TNFSF15	TNFRSF25	60	335	0.0399731732904911	0.1990672498941421	0.1333333333333333	0.1462686567164179	0.1195202115923166	0.000812882050895	True	60	335	0.0143690565600991	0.1990672498941421	0.0666666666666666	0.1462686567164179	0.1067181532271206	0.0	False	GSE131907	EBUS_12	0.0128020583651959	0.000812882050895	True
cellchat	TNFSF12_TNFRSF12A	TWEAK	TNFSF12	TNFRSF12A	60	335	0.0511795058846473	0.1458730846643448	0.1833333333333333	0.1283582089552238	0.098526295274496	0.0010905974010967	True	60	335	0.0570585094392299	0.1458730846643448	0.1333333333333333	0.1283582089552238	0.1014657970517873	0.0004516578779818	True	GSE131907	EBUS_12	-0.0029395017772912	0.0006389395231148	True
cellchat	TNFSF9_TNFRSF9	CD137	TNFSF9	TNFRSF9	60	335	0.0303526241332292	0.2305857688188552	0.1166666666666666	0.1313432835820895	0.1304691964760422	0.0001818839943497	True	60	335	0.0148770567029714	0.2305857688188552	0.05	0.1313432835820895	0.1227314127609133	0.0	False	GSE131907	EBUS_12	0.0077377837151288	0.0001818839943497	True
cellchat	SPP1_CD44	SPP1	SPP1	CD44	60	335	1.1280663013458252	0.790006697177887	1.0	0.5164179104477612	0.959036499261856	0.5971623614947963	True	60	335	0.9461690187454224	0.790006697177887	0.7166666666666667	0.5164179104477612	0.8680878579616547	0.5498547383319783	True	GSE131907	EBUS_12	0.0909486413002014	0.047307623162818	True
cellchat	RETN_CAP1	RESISTIN	RETN	CAP1	60	335	0.0243121497333049	1.073129415512085	0.1333333333333333	0.6447761194029851	0.548720782622695	0.0106884617473546	True	60	335	0.0068004061467945	1.073129415512085	0.0333333333333333	0.6447761194029851	0.5399649108294398	0.0	False	GSE131907	EBUS_12	0.0087558717932552	0.0106884617473546	True
cellchat	ANGPTL4_SDC4	ANGPTL	ANGPTL4	SDC4	60	335	0.3196544647216797	0.1354674994945526	0.45	0.1164179104477611	0.2275609821081161	0.00470311623294	True	60	335	0.1818131804466247	0.1354674994945526	0.2333333333333333	0.1164179104477611	0.1586403399705886	0.0016813654622912	True	GSE131907	EBUS_12	0.0689206421375274	0.0030217507706487	True
cellchat	MDK_SDC4	MK	MDK	SDC4	60	335	2.790994167327881	0.1354674994945526	1.0	0.1164179104477611	1.4632308334112167	0.0665801337797864	True	60	335	1.8747859001159668	0.1354674994945526	0.7833333333333333	0.1164179104477611	1.0051266998052597	0.0464552132413882	True	GSE131907	EBUS_12	0.458104133605957	0.0201249205383981	True
cellchat	MDK_NCL	MK	MDK	NCL	60	335	2.790994167327881	0.8786631226539612	1.0	0.5671641791044776	1.834828644990921	0.8238206787036961	True	60	335	1.8747859001159668	0.8786631226539612	0.7833333333333333	0.5671641791044776	1.376724511384964	0.7615510030565399	True	GSE131907	EBUS_12	0.458104133605957	0.0622696756471562	True
cellchat	C3_C3AR1	COMPLEMENT	C3	C3AR1	60	335	0.8585427403450012	0.1402318626642227	0.6666666666666666	0.1104477611940298	0.4993873015046119	0.0177787427028856	True	60	335	0.6452128291130066	0.1402318626642227	0.45	0.1104477611940298	0.3927223458886146	0.0121038960462872	True	GSE131907	EBUS_12	0.1066649556159973	0.0056748466565983	True
cellchat	LGALS9_CD45	GALECTIN	LGALS9	PTPRC	60	335	0.9006173014640808	1.3551934957504272	0.9166666666666666	0.7940298507462686	1.127905398607254	0.711209092494997	True	60	335	0.7600173950195312	1.3551934957504272	0.65	0.7940298507462686	1.0576054453849792	0.6555604275846866	True	GSE131907	EBUS_12	0.0702999532222747	0.0556486649103104	True
cellchat	BAG6_NCR3-PS	BAG	BAG6	NCR3	60	335	0.4419351518154144	0.2940774261951446	0.7333333333333333	0.2298507462686567	0.3680062890052795	0.116655009431648	True	60	335	0.2906416952610016	0.2940774261951446	0.5	0.2298507462686567	0.2923595607280731	0.0612940137748511	True	GSE131907	EBUS_12	0.0756467282772064	0.0553609956567968	True
cellchat	LGALS9_HAVCR2	GALECTIN	LGALS9	HAVCR2	60	335	0.9006173014640808	0.3667294979095459	0.9166666666666666	0.2865671641791045	0.6336733996868134	0.3097847508454728	True	60	335	0.7600173950195312	0.3667294979095459	0.65	0.2865671641791045	0.5633734464645386	0.2575354910775405	True	GSE131907	EBUS_12	0.0702999532222747	0.0522492597679323	True
cellchat	LGALS9_CD44	GALECTIN	LGALS9	CD44	60	335	0.9006173014640808	0.790006697177887	0.9166666666666666	0.5164179104477612	0.8453119993209839	0.5570795829101319	True	60	335	0.7600173950195312	0.790006697177887	0.65	0.5164179104477612	0.7750120460987091	0.4929070430888253	True	GSE131907	EBUS_12	0.0702999532222747	0.0641725398213066	True
cellchat	FN1_CD44	FN1	FN1	CD44	60	335	0.5866983532905579	0.790006697177887	0.7166666666666667	0.5164179104477612	0.6883525252342224	0.4210797562392637	True	60	335	0.4588057100772857	0.790006697177887	0.5333333333333333	0.5164179104477612	0.6244062036275864	0.3468581042298162	True	GSE131907	EBUS_12	0.063946321606636	0.0742216520094474	True
cellchat	COL1A1_CD44	COLLAGEN	COL1A1	CD44	60	335	0.5468236207962036	0.790006697177887	0.6666666666666666	0.5164179104477612	0.6684151589870453	0.3808614589808278	True	60	335	0.328211098909378	0.790006697177887	0.4	0.5164179104477612	0.5591088980436325	0.2267900261858303	True	GSE131907	EBUS_12	0.1093062609434127	0.1540714327949974	True
cellchat	COL4A2_CD44	COLLAGEN	COL4A2	CD44	60	335	0.0780181065201759	0.790006697177887	0.2	0.5164179104477612	0.4340124018490314	0.0289031045451213	True	60	335	0.0707566440105438	0.790006697177887	0.1666666666666666	0.5164179104477612	0.4303816705942154	0.0227641304961778	True	GSE131907	EBUS_12	0.003630731254816	0.0061389740489435	True
cellchat	COL4A4_CD44	COLLAGEN	COL4A4	CD44	60	335	0.0243026241660118	0.790006697177887	0.05	0.5164179104477612	0.4071546606719494	0.0	False	60	335	0.0564204417169094	0.790006697177887	0.1	0.5164179104477612	0.4232135694473982	0.0	True	GSE131907	EBUS_12	-0.0160589087754488	0.0	True
cellchat	COL6A1_CD44	COLLAGEN	COL6A1	CD44	60	335	0.0404767133295536	0.790006697177887	0.1	0.5164179104477612	0.4152417052537203	0.0	True	60	335	0.0541653148829937	0.790006697177887	0.1333333333333333	0.5164179104477612	0.4220860060304403	0.0096895623948688	True	GSE131907	EBUS_12	-0.00684430077672	-0.0096895623948688	True
cellchat	LAMA3_CD44	LAMININ	LAMA3	CD44	60	335	0.0465098470449447	0.790006697177887	0.1333333333333333	0.5164179104477612	0.4182582721114158	0.0090364555254827	True	60	335	0.044381771236658	0.790006697177887	0.1333333333333333	0.5164179104477612	0.4171942342072725	0.009361315260899	True	GSE131907	EBUS_12	0.0010640379041433	-0.0003248597354163	True
cellchat	LAMA4_CD44	LAMININ	LAMA4	CD44	60	335	0.037766084074974	0.790006697177887	0.1	0.5164179104477612	0.4138863906264305	0.0	True	60	335	0.0044595128856599	0.790006697177887	0.0166666666666666	0.5164179104477612	0.3972331050317734	0.0	False	GSE131907	EBUS_12	0.016653285594657	0.0	True
cellchat	LAMA5_CD44	LAMININ	LAMA5	CD44	60	335	0.3096534013748169	0.790006697177887	0.6	0.5164179104477612	0.5498300492763519	0.2560902004444417	True	60	335	0.2083681523799896	0.790006697177887	0.4166666666666667	0.5164179104477612	0.4991874247789383	0.1683267788625349	True	GSE131907	EBUS_12	0.0506426244974136	0.0877634215819068	True
cellchat	LAMB2_CD44	LAMININ	LAMB2	CD44	60	335	0.1251694560050964	0.790006697177887	0.35	0.5164179104477612	0.4575880765914917	0.0978502951682539	True	60	335	0.0386302880942821	0.790006697177887	0.1	0.5164179104477612	0.4143184926360845	0.0	True	GSE131907	EBUS_12	0.0432695839554071	0.0978502951682539	True
cellchat	LAMB3_CD44	LAMININ	LAMB3	CD44	60	335	0.6851795315742493	0.790006697177887	0.8166666666666667	0.5164179104477612	0.7375931143760681	0.4644270960506073	True	60	335	0.5037476420402527	0.790006697177887	0.5666666666666667	0.5164179104477612	0.6468771696090698	0.3675714232173029	True	GSE131907	EBUS_12	0.0907159447669982	0.0968556728333043	True
cellchat	LAMC1_CD44	LAMININ	LAMC1	CD44	60	335	0.2177467793226242	0.790006697177887	0.5	0.5164179104477612	0.5038767382502556	0.1862970732688356	True	60	335	0.1965360045433044	0.790006697177887	0.3333333333333333	0.5164179104477612	0.4932713508605957	0.1594308541877573	True	GSE131907	EBUS_12	0.0106053873896598	0.0268662190810782	True
cellchat	LAMC2_CD44	LAMININ	LAMC2	CD44	60	335	0.3533102869987488	0.790006697177887	0.6	0.5164179104477612	0.5716584920883179	0.266640643139265	True	60	335	0.435326486825943	0.790006697177887	0.4666666666666667	0.5164179104477612	0.612666592001915	0.2880968397792656	True	GSE131907	EBUS_12	-0.0410080999135971	-0.0214561966400005	True
cellchat	COL1A1_SDC4	COLLAGEN	COL1A1	SDC4	60	335	0.5468236207962036	0.1354674994945526	0.6666666666666666	0.1164179104477611	0.3411455601453781	0.0110015189083834	True	60	335	0.328211098909378	0.1354674994945526	0.4	0.1164179104477611	0.2318392992019653	0.0052760259916704	True	GSE131907	EBUS_12	0.1093062609434127	0.0057254929167129	True
cellchat	COL4A2_SDC4	COLLAGEN	COL4A2	SDC4	60	335	0.0780181065201759	0.1354674994945526	0.2	0.1164179104477611	0.1067428030073642	0.0005379303930647	True	60	335	0.0707566440105438	0.1354674994945526	0.1666666666666666	0.1164179104477611	0.1031120717525482	0.0004210625353053	True	GSE131907	EBUS_12	0.003630731254816	0.0001168678577594	True
cellchat	COL4A4_SDC4	COLLAGEN	COL4A4	SDC4	60	335	0.0243026241660118	0.1354674994945526	0.05	0.1164179104477611	0.0798850618302822	0.0	False	60	335	0.0564204417169094	0.1354674994945526	0.1	0.1164179104477611	0.095943970605731	0.0	True	GSE131907	EBUS_12	-0.0160589087754488	0.0	True
cellchat	COL6A1_SDC4	COLLAGEN	COL6A1	SDC4	60	335	0.0404767133295536	0.1354674994945526	0.1	0.1164179104477611	0.0879721064120531	0.0	True	60	335	0.0541653148829937	0.1354674994945526	0.1333333333333333	0.1164179104477611	0.0948164071887731	0.0001769024347684	True	GSE131907	EBUS_12	-0.00684430077672	-0.0001769024347684	True
cellchat	FN1_SDC4	FN1	FN1	SDC4	60	335	0.5866983532905579	0.1354674994945526	0.7166666666666667	0.1164179104477611	0.3610829263925552	0.0129822045306167	True	60	335	0.4588057100772857	0.1354674994945526	0.5333333333333333	0.1164179104477611	0.2971366047859192	0.0095119895427754	True	GSE131907	EBUS_12	0.063946321606636	0.0034702149878413	True
cellchat	TNC_SDC4	TENASCIN	TNC	SDC4	60	335	0.3057318925857544	0.1354674994945526	0.5666666666666667	0.1164179104477611	0.2205996960401535	0.0060333908067655	True	60	335	0.3332242667675018	0.1354674994945526	0.3666666666666666	0.1164179104477611	0.2343458831310272	0.0058586453970713	True	GSE131907	EBUS_12	-0.0137461870908737	0.0001747454096942	True
cellchat	THBS1_SDC4	THBS	THBS1	SDC4	60	335	0.2415959239006042	0.1354674994945526	0.4333333333333333	0.1164179104477611	0.1885317116975784	0.0043036690045146	True	60	335	0.2812509834766388	0.1354674994945526	0.3333333333333333	0.1164179104477611	0.2083592414855957	0.0041197678076022	True	GSE131907	EBUS_12	-0.0198275297880172	0.0001839011969123	True
cellchat	THBS3_SDC4	THBS	THBS3	SDC4	60	335	0.1028935015201568	0.1354674994945526	0.3	0.1164179104477611	0.1191805005073547	0.0014070155129864	True	60	335	0.0689169690012931	0.1354674994945526	0.15	0.1164179104477611	0.1021922342479229	0.000298557102031	True	GSE131907	EBUS_12	0.0169882662594318	0.0011084584109553	True
cellchat	THBS1_CD47	THBS	THBS1	CD47	60	335	0.2415959239006042	0.5087710022926331	0.4333333333333333	0.3850746268656716	0.3751834630966186	0.1209202840264919	True	60	335	0.2812509834766388	0.5087710022926331	0.3333333333333333	0.3850746268656716	0.3950109928846359	0.1163354335049304	True	GSE131907	EBUS_12	-0.0198275297880172	0.0045848505215615	True
cellchat	THBS3_CD47	THBS	THBS3	CD47	60	335	0.1028935015201568	0.5087710022926331	0.3	0.3850746268656716	0.3058322519063949	0.042916013090037	True	60	335	0.0689169690012931	0.5087710022926331	0.15	0.3850746268656716	0.2888439856469631	0.009414730593766	True	GSE131907	EBUS_12	0.0169882662594318	0.0335012824962709	True
cellchat	APP_CD74	APP	APP	CD74	60	335	0.9353400468826294	1.707708477973938	0.9	0.746268656716418	1.3215242624282837	0.7510582914390336	True	60	335	0.5982994437217712	1.707708477973938	0.55	0.746268656716418	1.1530039608478546	0.6241506255996843	True	GSE131907	EBUS_12	0.168520301580429	0.1269076658393493	True
cellchat	CD99_CD99	CD99	CD99	CD99	60	335	0.464831531047821	0.934627890586853	0.4666666666666667	0.582089552238806	0.699729710817337	0.3894451275259201	True	60	335	0.6557232737541199	0.934627890586853	0.5333333333333333	0.582089552238806	0.7951755821704865	0.4853283286291956	True	GSE131907	EBUS_12	-0.0954458713531494	-0.0958832011032755	True
cellchat	CLEC2D_KLRB1	CLEC	CLEC2D	KLRB1	60	335	0.0738026276230812	0.762052059173584	0.2	0.3462686567164179	0.4179273433983326	0.0277584763260463	True	60	335	0.0576372779905796	0.762052059173584	0.1	0.3462686567164179	0.4098446685820818	0.0	True	GSE131907	EBUS_12	0.0080826748162508	0.0277584763260463	True
cellchat	CLEC2B_KLRB1	CLEC	CLEC2B	KLRB1	60	335	0.4731945991516113	0.762052059173584	0.6333333333333333	0.3462686567164179	0.6176233291625977	0.2906263174334729	True	60	335	0.4759050011634826	0.762052059173584	0.5333333333333333	0.3462686567164179	0.6189785301685333	0.2953534376240501	True	GSE131907	EBUS_12	-0.0013552010059356	-0.0047271201905771	True
cellchat	CLEC2C_KLRB1	CLEC	CD69	KLRB1	60	335	0.0462148115038871	0.762052059173584	0.1666666666666666	0.3462686567164179	0.4041334353387356	0.0147466352826879	True	60	335	0.0650567933917045	0.762052059173584	0.0833333333333333	0.3462686567164179	0.4135544262826442	0.0	False	GSE131907	EBUS_12	-0.0094209909439086	0.0147466352826879	True
cellchat	ICAM1_ITGAL	ICAM	ICAM1	ITGAL	60	335	0.7038381099700928	0.1409723162651062	0.8166666666666667	0.1104477611940298	0.4224052131175995	0.0133292651633143	True	60	335	0.5117414593696594	0.1409723162651062	0.5666666666666667	0.1104477611940298	0.3263568878173828	0.0081861555596969	True	GSE131907	EBUS_12	0.0960483253002166	0.0051431096036173	True
cellchat	ICAM1_SPN	ICAM	ICAM1	SPN	60	335	0.7038381099700928	0.4624981880187988	0.8166666666666667	0.3522388059701492	0.5831681489944458	0.3248709977192319	True	60	335	0.5117414593696594	0.4624981880187988	0.5666666666666667	0.3522388059701492	0.4871198236942291	0.22719952702302	True	GSE131907	EBUS_12	0.0960483253002166	0.0976714706962119	True
cellchat	HLA-A_CD8A	MHC-I	HLA-A	CD8A	60	335	3.146159410476685	0.2732149064540863	0.9833333333333332	0.1373134328358209	1.7096871584653854	0.2705067315355585	True	60	335	2.7117228507995605	0.2732149064540863	0.8666666666666667	0.1373134328358209	1.4924688786268234	0.248107116155053	True	GSE131907	EBUS_12	0.217218279838562	0.0223996153805054	True
cellchat	HLA-B_CD8A	MHC-I	HLA-B	CD8A	60	335	3.3373866081237797	0.2732149064540863	0.9833333333333332	0.1373134328358209	1.8053007572889328	0.2835344849972146	True	60	335	2.874948263168335	0.2732149064540863	0.9166666666666666	0.1373134328358209	1.5740815848112106	0.258873508001494	True	GSE131907	EBUS_12	0.2312191724777221	0.0246609769957206	True
cellchat	HLA-C_CD8A	MHC-I	HLA-C	CD8A	60	335	2.8294014930725098	0.2732149064540863	0.9833333333333332	0.1373134328358209	1.551308199763298	0.2515529753516372	True	60	335	2.278524875640869	0.2732149064540863	0.8166666666666667	0.1373134328358209	1.2758698910474775	0.2128970776530763	True	GSE131907	EBUS_12	0.2754383087158203	0.0386558976985609	True
cellchat	HLA-E_CD8A	MHC-I	HLA-E	CD8A	60	335	1.2820075750350952	0.2732149064540863	0.9166666666666666	0.1373134328358209	0.7776112407445908	0.133369546726685	True	60	335	0.9883580803871156	0.2732149064540863	0.6833333333333333	0.1373134328358209	0.6307864934206009	0.0999668447812116	True	GSE131907	EBUS_12	0.1468247473239898	0.0334027019454734	True
cellchat	HLA-F_CD8A	MHC-I	HLA-F	CD8A	60	335	0.4706602692604065	0.2732149064540863	0.7	0.1373134328358209	0.3719375878572464	0.0473854417474216	True	60	335	0.4333742558956146	0.2732149064540863	0.4833333333333333	0.1373134328358209	0.3532945811748504	0.0397226417810125	True	GSE131907	EBUS_12	0.0186430066823959	0.0076627999664091	True
cellchat	HLA-G_CD8A	MHC-I	HLA-G	CD8A	60	335	0.0840299427509307	0.2732149064540863	0.2333333333333333	0.1373134328358209	0.1786224246025085	0.0042516855993002	True	60	335	0.106602557003498	0.2732149064540863	0.1833333333333333	0.1373134328358209	0.1899087317287922	0.0034947220853757	True	GSE131907	EBUS_12	-0.0112863071262836	0.0007569635139245	True
cellchat	HLA-A_CD8B	MHC-I	HLA-A	CD8B	60	335	3.146159410476685	0.1861553937196731	0.9833333333333332	0.1014925373134328	1.6661574020981789	0.0199808935768317	True	60	335	2.7117228507995605	0.1861553937196731	0.8666666666666667	0.1014925373134328	1.4489391222596169	0.0178196054022072	True	GSE131907	EBUS_12	0.217218279838562	0.0021612881746244	True
cellchat	HLA-B_CD8B	MHC-I	HLA-B	CD8B	60	335	3.3373866081237797	0.1861553937196731	0.9833333333333332	0.1014925373134328	1.7617710009217262	0.0212953999585566	True	60	335	2.874948263168335	0.1861553937196731	0.9166666666666666	0.1014925373134328	1.530551828444004	0.0188433109936211	True	GSE131907	EBUS_12	0.2312191724777221	0.0024520889649355	True
cellchat	HLA-C_CD8B	MHC-I	HLA-C	CD8B	60	335	2.8294014930725098	0.1861553937196731	0.9833333333333332	0.1014925373134328	1.5077784433960917	0.0181442760290675	True	60	335	2.278524875640869	0.1861553937196731	0.8166666666666667	0.1014925373134328	1.2323401346802711	0.0146538112084606	True	GSE131907	EBUS_12	0.2754383087158203	0.0034904648206068	True
cellchat	HLA-E_CD8B	MHC-I	HLA-E	CD8B	60	335	1.2820075750350952	0.1861553937196731	0.9166666666666666	0.1014925373134328	0.7340814843773842	0.0083904835606218	True	60	335	0.9883580803871156	0.1861553937196731	0.6833333333333333	0.1014925373134328	0.5872567370533943	0.0060698355286959	True	GSE131907	EBUS_12	0.1468247473239898	0.0023206480319259	True
cellchat	HLA-F_CD8B	MHC-I	HLA-F	CD8B	60	335	0.4706602692604065	0.1861553937196731	0.7	0.1014925373134328	0.3284078314900398	0.002727502374939	True	60	335	0.4333742558956146	0.1861553937196731	0.4833333333333333	0.1014925373134328	0.3097648248076439	0.0022692292704365	True	GSE131907	EBUS_12	0.0186430066823959	0.0004582731045024	True
cellchat	HLA-G_CD8B	MHC-I	HLA-G	CD8B	60	335	0.0840299427509307	0.1861553937196731	0.2333333333333333	0.1014925373134328	0.1350926682353019	0.0002347108640703	True	60	335	0.106602557003498	0.1861553937196731	0.1833333333333333	0.1014925373134328	0.1463789753615856	0.0001927848418485	True	GSE131907	EBUS_12	-0.0112863071262836	4.19260222217779e-05	True
cellchat	HLA-E_KLRC1	MHC-I	HLA-E	KLRC1	60	335	1.2820075750350952	0.3389345407485962	0.9166666666666666	0.1582089552238806	0.8104710578918457	0.2296425975905927	True	60	335	0.9883580803871156	0.3389345407485962	0.6833333333333333	0.1582089552238806	0.6636463105678558	0.1770541791633027	True	GSE131907	EBUS_12	0.1468247473239898	0.0525884184272899	True
cellchat	HLA-E_KLRC2	MHC-I	HLA-E	KLRC2	60	335	1.2820075750350952	0.4170370995998382	0.9166666666666666	0.244776119402985	0.8495223373174667	0.3840821722264125	True	60	335	0.9883580803871156	0.4170370995998382	0.6833333333333333	0.244776119402985	0.7026975899934769	0.3103761760111106	True	GSE131907	EBUS_12	0.1468247473239898	0.0737059962153018	True
cellchat	HLA-DPA1_CD4	MHC-II	HLA-DPA1	CD4	60	335	0.771416425704956	0.2693545222282409	0.75	0.1850746268656716	0.5203854739665985	0.1469189937418712	True	60	335	0.9126298427581788	0.2693545222282409	0.6333333333333333	0.1850746268656716	0.5909921824932098	0.1508127939559146	True	GSE131907	EBUS_12	-0.0706067085266113	-0.0038938002140433	True
cellchat	HLA-DPB1_CD4	MHC-II	HLA-DPB1	CD4	60	335	0.6287060379981995	0.2693545222282409	0.8	0.1850746268656716	0.4490302801132202	0.1217440074433748	True	60	335	0.6461412906646729	0.2693545222282409	0.5666666666666667	0.1850746268656716	0.4577479064464569	0.0980831834670983	True	GSE131907	EBUS_12	-0.0087176263332366	0.0236608239762765	True
cellchat	HLA-DQA1_CD4	MHC-II	HLA-DQA1	CD4	60	335	0.242049440741539	0.2693545222282409	0.4666666666666667	0.1850746268656716	0.25570198148489	0.0399675401242022	True	60	335	0.2451040297746658	0.2693545222282409	0.2333333333333333	0.1850746268656716	0.2572292760014534	0.0168620205772517	True	GSE131907	EBUS_12	-0.0015272945165634	0.0231055195469504	True
cellchat	HLA-DMA_CD4	MHC-II	HLA-DMA	CD4	60	335	0.517305314540863	0.2693545222282409	0.6666666666666666	0.1850746268656716	0.393329918384552	0.1003662705978474	True	60	335	0.5447675585746765	0.2693545222282409	0.5333333333333333	0.1850746268656716	0.4070610404014587	0.0909358950314229	True	GSE131907	EBUS_12	-0.0137311220169067	0.0094303755664245	True
cellchat	HLA-DMB_CD4	MHC-II	HLA-DMB	CD4	60	335	0.2547976374626159	0.2693545222282409	0.5166666666666667	0.1850746268656716	0.2620760798454284	0.041013682077681	True	60	335	0.2447832077741623	0.2693545222282409	0.3333333333333333	0.1850746268656716	0.2570688650012016	0.0276451284991656	True	GSE131907	EBUS_12	0.0050072148442268	0.0133685535785154	True
cellchat	HLA-DQA2_CD4	MHC-II	HLA-DQA2	CD4	60	335	0.3334415853023529	0.2693545222282409	0.4666666666666667	0.1850746268656716	0.3013980537652969	0.0562594433113033	True	60	335	0.362979382276535	0.2693545222282409	0.3833333333333333	0.1850746268656716	0.316166952252388	0.0453217438478046	True	GSE131907	EBUS_12	-0.014768898487091	0.0109376994634987	True
cellchat	HLA-DOA_CD4	MHC-II	HLA-DOA	CD4	60	335	0.0358992964029312	0.2693545222282409	0.1333333333333333	0.1850746268656716	0.1526269093155861	0.0016423892687336	True	60	335	0.0242451298981905	0.2693545222282409	0.05	0.1850746268656716	0.1467998260632157	0.0	False	GSE131907	EBUS_12	0.0058270832523703	0.0016423892687336	True
cellchat	HLA-DQB1_CD4	MHC-II	HLA-DQB1	CD4	60	335	0.4015291631221771	0.2693545222282409	0.6166666666666667	0.1850746268656716	0.335441842675209	0.0757963506241609	True	60	335	0.4962344467639923	0.2693545222282409	0.5166666666666667	0.1850746268656716	0.3827944844961166	0.0696207450315133	True	GSE131907	EBUS_12	-0.0473526418209075	0.0061756055926476	True
cellchat	HLA-DRA_CD4	MHC-II	HLA-DRA	CD4	60	335	1.3669452667236328	0.2693545222282409	0.9166666666666666	0.1850746268656716	0.8181498944759369	0.2461114082405788	True	60	335	1.3204411268234253	0.2693545222282409	0.6833333333333333	0.1850746268656716	0.7948978245258331	0.2184467345239903	True	GSE131907	EBUS_12	0.0232520699501037	0.0276646737165884	True
cellchat	HLA-DRB1_CD4	MHC-II	HLA-DRB1	CD4	60	335	1.4030402898788452	0.2693545222282409	0.9	0.1850746268656716	0.8361974060535431	0.2511484126580018	True	60	335	1.3659584522247314	0.2693545222282409	0.75	0.1850746268656716	0.8176564872264862	0.2270752740226119	True	GSE131907	EBUS_12	0.0185409188270568	0.0240731386353899	True
cellchat	HLA-DRB5_CD4	MHC-II	HLA-DRB5	CD4	60	335	0.6545307040214539	0.2693545222282409	0.6833333333333333	0.1850746268656716	0.4619426131248474	0.1252305976929707	True	60	335	0.8340480327606201	0.2693545222282409	0.6333333333333333	0.1850746268656716	0.5517012774944305	0.1407551457533843	True	GSE131907	EBUS_12	-0.0897586643695831	-0.0155245480604135	True
cellchat	CD274_PDCD1	PD-L1	CD274	PDCD1	60	335	0.0328858271241188	0.1928799003362655	0.1166666666666666	0.1313432835820895	0.1128828637301921	0.0003093064892608	True	60	335	0.0305578671395778	0.1928799003362655	0.0666666666666666	0.1313432835820895	0.1117188837379217	0.0	False	GSE131907	EBUS_12	0.0011639799922704	0.0003093064892608	True
cellchat	PECAM1_PECAM1	PECAM1	PECAM1	PECAM1	60	335	0.0206255614757537	0.1228933334350586	0.1	0.1164179104477611	0.0717594474554061	0.0	True	60	335	0.0356641039252281	0.1228933334350586	0.1333333333333333	0.1164179104477611	0.0792787186801433	0.0001895897386805	True	GSE131907	EBUS_12	-0.0075192712247371	-0.0001895897386805	True
cellchat	PVR_TIGIT	PVR	PVR	TIGIT	60	335	0.2534927129745483	0.9715074300765992	0.55	0.4955223880597015	0.6125000715255737	0.2602427278251542	True	60	335	0.1779722720384597	0.9715074300765992	0.35	0.4955223880597015	0.5747398510575294	0.1798055551174525	True	GSE131907	EBUS_12	0.0377602204680442	0.0804371727077017	True
cellchat	SELPLG_SELL	SELPLG	SELPLG	SELL	60	335	0.0738225355744361	0.3551285862922668	0.1833333333333333	0.226865671641791	0.2144755609333515	0.0096399993069772	True	60	335	0.0310028325766325	0.3551285862922668	0.1	0.226865671641791	0.1930657094344496	0.0	True	GSE131907	EBUS_12	0.0214098514989018	0.0096399993069772	True
cellchat	SIGLEC1_SPN	SN	SIGLEC1	SPN	60	335	0.0524303950369358	0.4624981880187988	0.15	0.3522388059701492	0.2574642915278673	0.007183358415184	True	60	335	0.0452269352972507	0.4624981880187988	0.05	0.3522388059701492	0.2538625616580248	0.0	False	GSE131907	EBUS_12	0.0036017298698425	0.007183358415184	True
cellchat	CD55_ADGRE5	ADGRE	CD55	ADGRE5	60	335	1.051859974861145	0.6023933291435242	0.9	0.3970149253731343	0.8271266520023346	0.5059360599720532	True	60	335	0.923885703086853	0.6023933291435242	0.6333333333333333	0.3970149253731343	0.7631395161151886	0.4435398430920022	True	GSE131907	EBUS_12	0.063987135887146	0.0623962168800509	True
cellchat	LPAR2_ADGRE5	ADGRE	LPAR2	ADGRE5	60	335	0.1262072026729583	0.6023933291435242	0.3833333333333333	0.3970149253731343	0.3643002659082412	0.0821020605828327	True	60	335	0.0472292937338352	0.6023933291435242	0.15	0.3970149253731343	0.3248113114386797	0.0104753593588476	True	GSE131907	EBUS_12	0.0394889544695615	0.071626701223985	True
cellchat	LPAR3_ADGRE5	ADGRE	LPAR3	ADGRE5	60	335	0.0327230878174304	0.6023933291435242	0.1	0.3970149253731343	0.3175582084804773	0.0	True	60	335	0.022792886942625	0.6023933291435242	0.0666666666666666	0.3970149253731343	0.3125931080430746	0.0	False	GSE131907	EBUS_12	0.0049651004374027	0.0	True
cellchat	APP_SORL1	APP	APP	SORL1	60	335	0.9353400468826294	0.1433304101228714	0.9	0.1044776119402985	0.5393352285027504	0.0072851381130265	True	60	335	0.5982994437217712	0.1433304101228714	0.55	0.1044776119402985	0.3708149269223213	0.0040231120254669	True	GSE131907	EBUS_12	0.168520301580429	0.0032620260875595	True
cellchat	CD99_PILRB	CD99	CD99	PILRB	60	335	0.464831531047821	0.1478937566280365	0.4666666666666667	0.1373134328358209	0.3063626438379287	0.0245756481545742	True	60	335	0.6557232737541199	0.1478937566280365	0.5333333333333333	0.1373134328358209	0.4018085151910782	0.0359097898881149	True	GSE131907	EBUS_12	-0.0954458713531494	-0.0113341417335406	True
cellchat	CEACAM1_CEACAM6	CEACAM	CEACAM1	CEACAM6	60	335	0.4130266606807709	0.1102749034762382	0.6833333333333333	0.1014925373134328	0.2616507820785045	0.0007383987491471	True	60	335	0.2443389594554901	0.1102749034762382	0.35	0.1014925373134328	0.1773069314658641	0.0003003689238495	True	GSE131907	EBUS_12	0.0843438506126403	0.0004380298252975	True
cellchat	CEACAM5_CEACAM6	CEACAM	CEACAM5	CEACAM6	60	335	1.1007016897201538	0.1102749034762382	0.7333333333333333	0.1014925373134328	0.605488296598196	0.0019873369882255	True	60	335	1.0333428382873535	0.1102749034762382	0.5666666666666667	0.1014925373134328	0.5718088708817959	0.0017748177954101	True	GSE131907	EBUS_12	0.0336794257164001	0.0002125191928154	True
cellchat	CEACAM6_CEACAM6	CEACAM	CEACAM6	CEACAM6	60	335	2.0966579914093018	0.1102749034762382	0.9	0.1014925373134328	1.10346644744277	0.004173244958051	True	60	335	1.9029990434646609	0.1102749034762382	0.75	0.1014925373134328	1.0066369734704494	0.0036407737684158	True	GSE131907	EBUS_12	0.0968294739723205	0.0005324711896352	True
cellchat	IGFBP3_TMEM219	IGFBP	IGFBP3	TMEM219	60	335	1.2688727378845217	0.5317652225494385	0.8333333333333334	0.3970149253731343	0.90031898021698	0.5197251793694919	True	60	335	0.8946134448051453	0.5317652225494385	0.5833333333333334	0.3970149253731343	0.7131893336772919	0.3928184460185598	True	GSE131907	EBUS_12	0.1871296465396881	0.126906733350932	True
cellchat	LGALS9_P4HB	GALECTIN	LGALS9	P4HB	60	335	0.9006173014640808	0.7758499383926392	0.9166666666666666	0.5313432835820896	0.83823361992836	0.5627811574031819	True	60	335	0.7600173950195312	0.7758499383926392	0.65	0.5313432835820896	0.7679336667060852	0.4986913181990621	True	GSE131907	EBUS_12	0.0702999532222747	0.0640898392041197	True
cellchat	PECAM1_CD38	PECAM2	PECAM1	CD38	60	335	0.0206255614757537	0.3553454875946045	0.1	0.2597014925373134	0.1879855245351791	0.0	True	60	335	0.0356641039252281	0.3553454875946045	0.1333333333333333	0.2597014925373134	0.1955047957599163	0.0029579209459415	True	GSE131907	EBUS_12	-0.0075192712247371	-0.0029579209459415	True
cellchat	PPIA_BSG	CypA	PPIA	BSG	60	335	2.698676109313965	0.6875032186508179	1.0	0.4985074626865671	1.6930896639823914	0.7690463801581423	True	60	335	2.8655753135681152	0.6875032186508179	0.9833333333333332	0.4985074626865671	1.7765392661094666	0.7805586546423884	True	GSE131907	EBUS_12	-0.0834496021270752	-0.011512274484246	True
cellchat	PLAU_PLAUR	PLAU	PLAU	PLAUR	60	335	0.6932193040847778	0.1909511536359787	0.7	0.1492537313432835	0.4420852288603782	0.0604324317288658	True	60	335	0.6875654458999634	0.1909511536359787	0.5833333333333334	0.1492537313432835	0.439258299767971	0.0574612784478788	True	GSE131907	EBUS_12	0.0028269290924072	0.002971153280987	True
liana	HLA-A_CD8A	MHC_I	HLA-A	CD8A	60	335	3.146159410476685	0.2732149064540863	0.9833333333333332	0.1373134328358209	1.7096871584653854	0.2705067315355585	True	60	335	2.7117228507995605	0.2732149064540863	0.8666666666666667	0.1373134328358209	1.4924688786268234	0.248107116155053	True	GSE131907	EBUS_12	0.217218279838562	0.0223996153805054	True
liana	HLA-A_CD8B	MHC_I	HLA-A	CD8B	60	335	3.146159410476685	0.1861553937196731	0.9833333333333332	0.1014925373134328	1.6661574020981789	0.0199808935768317	True	60	335	2.7117228507995605	0.1861553937196731	0.8666666666666667	0.1014925373134328	1.4489391222596169	0.0178196054022072	True	GSE131907	EBUS_12	0.217218279838562	0.0021612881746244	True
liana	HLA-B_CD8A	MHC_I	HLA-B	CD8A	60	335	3.3373866081237797	0.2732149064540863	0.9833333333333332	0.1373134328358209	1.8053007572889328	0.2835344849972146	True	60	335	2.874948263168335	0.2732149064540863	0.9166666666666666	0.1373134328358209	1.5740815848112106	0.258873508001494	True	GSE131907	EBUS_12	0.2312191724777221	0.0246609769957206	True
liana	HLA-B_CD8B	MHC_I	HLA-B	CD8B	60	335	3.3373866081237797	0.1861553937196731	0.9833333333333332	0.1014925373134328	1.7617710009217262	0.0212953999585566	True	60	335	2.874948263168335	0.1861553937196731	0.9166666666666666	0.1014925373134328	1.530551828444004	0.0188433109936211	True	GSE131907	EBUS_12	0.2312191724777221	0.0024520889649355	True
liana	HLA-C_CD8A	MHC_I	HLA-C	CD8A	60	335	2.8294014930725098	0.2732149064540863	0.9833333333333332	0.1373134328358209	1.551308199763298	0.2515529753516372	True	60	335	2.278524875640869	0.2732149064540863	0.8166666666666667	0.1373134328358209	1.2758698910474775	0.2128970776530763	True	GSE131907	EBUS_12	0.2754383087158203	0.0386558976985609	True
liana	HLA-C_CD8B	MHC_I	HLA-C	CD8B	60	335	2.8294014930725098	0.1861553937196731	0.9833333333333332	0.1014925373134328	1.5077784433960917	0.0181442760290675	True	60	335	2.278524875640869	0.1861553937196731	0.8166666666666667	0.1014925373134328	1.2323401346802711	0.0146538112084606	True	GSE131907	EBUS_12	0.2754383087158203	0.0034904648206068	True
liana	HLA-E_KLRC1	MHC_I	HLA-E	KLRC1	60	335	1.2820075750350952	0.3389345407485962	0.9166666666666666	0.1582089552238806	0.8104710578918457	0.2296425975905927	True	60	335	0.9883580803871156	0.3389345407485962	0.6833333333333333	0.1582089552238806	0.6636463105678558	0.1770541791633027	True	GSE131907	EBUS_12	0.1468247473239898	0.0525884184272899	True
liana	HLA-E_KLRC1+KLRD1	MHC_I	HLA-E	KLRC1+KLRD1	60	335	1.2820075750350952	0.3389345407485962	0.9166666666666666	0.1582089552238806	0.8104710578918457	0.3294643971556619	True	60	335	0.9883580803871156	0.3389345407485962	0.6833333333333333	0.1582089552238806	0.6636463105678558	0.2617847788094605	True	GSE131907	EBUS_12	0.1468247473239898	0.0676796183462014	True
liana	HLA-E_KLRC2	MHC_I	HLA-E	KLRC2	60	335	1.2820075750350952	0.4170370995998382	0.9166666666666666	0.244776119402985	0.8495223373174667	0.3840821722264125	True	60	335	0.9883580803871156	0.4170370995998382	0.6833333333333333	0.244776119402985	0.7026975899934769	0.3103761760111106	True	GSE131907	EBUS_12	0.1468247473239898	0.0737059962153018	True
liana	HLA-E_KLRC2+KLRD1	MHC_I	HLA-E	KLRC2+KLRD1	60	335	1.2820075750350952	0.4170370995998382	0.9166666666666666	0.244776119402985	0.8495223373174667	0.4154277119069334	True	60	335	0.9883580803871156	0.4170370995998382	0.6833333333333333	0.244776119402985	0.7026975899934769	0.3390174132904457	True	GSE131907	EBUS_12	0.1468247473239898	0.0764102986164876	True
liana	HLA-E_KLRD1	MHC_I	HLA-E	KLRD1	60	335	1.2820075750350952	0.5041036605834961	0.9166666666666666	0.2716417910447761	0.8930556178092957	0.4474728721876025	True	60	335	0.9883580803871156	0.5041036605834961	0.6833333333333333	0.2716417910447761	0.7462308704853058	0.368887873230814	True	GSE131907	EBUS_12	0.1468247473239898	0.0785849989567885	True
liana	CEACAM5_CD8A	MHC_I_partial	CEACAM5	CD8A	60	335	1.1007016897201538	0.2732149064540863	0.7333333333333333	0.1373134328358209	0.6869582980871201	0.1073570538074241	True	60	335	1.0333428382873535	0.2732149064540863	0.5666666666666667	0.1373134328358209	0.6532788723707199	0.0969714878552879	True	GSE131907	EBUS_12	0.0336794257164001	0.0103855659521362	True
liana	CCL3_CCR1	T_recruit	CCL3	CCR1	60	335	0.7376395463943481	0.1862436383962631	0.9	0.1611940298507462	0.4619415923953056	0.0760921245705964	True	60	335	0.6239392757415771	0.1862436383962631	0.6333333333333333	0.1611940298507462	0.4050914570689201	0.0612392365202672	True	GSE131907	EBUS_12	0.0568501353263855	0.0148528880503292	True
liana	CCL3_CCR5	T_recruit	CCL3	CCR5	60	335	0.7376395463943481	0.144393503665924	0.9	0.1074626865671641	0.4410165250301361	0.0096276071721205	True	60	335	0.6239392757415771	0.144393503665924	0.6333333333333333	0.1074626865671641	0.3841663897037506	0.0076410392184189	True	GSE131907	EBUS_12	0.0568501353263855	0.0019865679537015	True
liana	CCL4_CCR5	T_recruit	CCL4	CCR5	60	335	0.6017438769340515	0.144393503665924	0.85	0.1074626865671641	0.3730686902999878	0.0079632428259121	True	60	335	0.4874401986598968	0.144393503665924	0.5666666666666667	0.1074626865671641	0.3159168511629104	0.0053371552555867	True	GSE131907	EBUS_12	0.0571518391370773	0.0026260875703253	True
liana	CCL5_CCR1	T_recruit	CCL5	CCR1	60	335	0.1097035482525825	0.1862436383962631	0.2166666666666666	0.1611940298507462	0.1479735933244228	0.0039057003163839	True	60	335	0.0792722702026367	0.1862436383962631	0.05	0.1611940298507462	0.1327579542994499	0.0	False	GSE131907	EBUS_12	0.0152156390249729	0.0039057003163839	True
liana	CCL5_CCR5	T_recruit	CCL5	CCR5	60	335	0.1097035482525825	0.144393503665924	0.2166666666666666	0.1074626865671641	0.1270485259592533	0.0004626007213792	True	60	335	0.0792722702026367	0.144393503665924	0.05	0.1074626865671641	0.1118328869342804	0.0	False	GSE131907	EBUS_12	0.0152156390249729	0.0004626007213792	True
liana	CXCL10_CXCR3	T_recruit	CXCL10	CXCR3	60	335	0.1054690182209014	0.3601863086223602	0.1666666666666666	0.2597014925373134	0.2328276634216308	0.00632340738119	True	60	335	0.0674594938755035	0.3601863086223602	0.1166666666666666	0.2597014925373134	0.2138229012489318	0.001859578977123	True	GSE131907	EBUS_12	0.0190047621726989	0.004463828404067	True
liana	CXCL16_CXCR6	T_recruit	CXCL16	CXCR6	60	335	0.4034741520881653	0.2484711110591888	0.6333333333333333	0.1522388059701492	0.325972631573677	0.0512165077189791	True	60	335	0.3897274434566498	0.2484711110591888	0.5	0.1522388059701492	0.3190992772579193	0.0435934637997253	True	GSE131907	EBUS_12	0.0068733543157577	0.0076230439192538	True
liana	CCL15_CCR1	T_recruit_partial	CCL15	CCR1	60	335	0.0294365379959344	0.1862436383962631	0.1166666666666666	0.1611940298507462	0.1078400881960988	0.0003318439632874	True	60	335	0.0	0.1862436383962631	0.0	0.1611940298507462	0.0931218191981315	0.0	False	GSE131907	EBUS_12	0.0147182689979672	0.0003318439632874	True
liana	CCL7_CCR1	T_recruit_partial	CCL7	CCR1	60	335	0.053965475410223	0.1862436383962631	0.15	0.1611940298507462	0.120104556903243	0.001177931223351	True	60	335	0.0435430370271205	0.1862436383962631	0.1	0.1611940298507462	0.1148933377116918	0.0	True	GSE131907	EBUS_12	0.0052112191915512	0.001177931223351	True
liana	CCL7_CCR5	T_recruit_partial	CCL7	CCR5	60	335	0.053965475410223	0.144393503665924	0.15	0.1074626865671641	0.0991794895380735	0.000139181063132	True	60	335	0.0435430370271205	0.144393503665924	0.1	0.1074626865671641	0.0939682703465223	0.0	True	GSE131907	EBUS_12	0.0052112191915512	0.000139181063132	True
liana	CCL8_CCR1	T_recruit_partial	CCL8	CCR1	60	335	0.0321024805307388	0.1862436383962631	0.0666666666666666	0.1611940298507462	0.1091730594635009	0.0	False	60	335	0.0588626191020011	0.1862436383962631	0.1	0.1611940298507462	0.1225531287491321	0.0	True	GSE131907	EBUS_12	-0.0133800692856311	0.0	True
liana	CCL8_CCR5	T_recruit_partial	CCL8	CCR5	60	335	0.0321024805307388	0.144393503665924	0.0666666666666666	0.1074626865671641	0.0882479920983314	0.0	False	60	335	0.0588626191020011	0.144393503665924	0.1	0.1074626865671641	0.1016280613839626	0.0	True	GSE131907	EBUS_12	-0.0133800692856311	0.0	True
liana	CXCL14_CXCR4	T_recruit_partial	CXCL14	CXCR4	60	335	1.2928160429000854	1.1222277879714966	0.7666666666666667	0.573134328358209	1.207521915435791	0.7003887938740362	True	60	335	0.5844549536705017	1.1222277879714966	0.4	0.573134328358209	0.8533413708209991	0.4463050899214993	True	GSE131907	EBUS_12	0.3541805446147918	0.2540837039525369	True
liana	PF4_CXCR3	T_recruit_partial	PF4	CXCR3	60	335	0.0097088254988193	0.3601863086223602	0.0333333333333333	0.2597014925373134	0.1849475670605898	0.0	False	60	335	0.0339378342032432	0.3601863086223602	0.1	0.2597014925373134	0.1970620714128017	0.0	True	GSE131907	EBUS_12	-0.0121145043522119	0.0	True
liana	ALCAM_CD6	other	ALCAM	CD6	60	335	0.3426833748817444	0.236157938838005	0.5833333333333334	0.1611940298507462	0.2894206568598747	0.0442752805557817	True	60	335	0.3032706379890442	0.236157938838005	0.4166666666666667	0.1611940298507462	0.2697142884135246	0.0309459663035988	True	GSE131907	EBUS_12	0.01970636844635	0.0133293142521828	True
liana	APP_CD74	other	APP	CD74	60	335	0.9353400468826294	1.707708477973938	0.9	0.746268656716418	1.3215242624282837	0.7510582914390336	True	60	335	0.5982994437217712	1.707708477973938	0.55	0.746268656716418	1.1530039608478546	0.6241506255996843	True	GSE131907	EBUS_12	0.168520301580429	0.1269076658393493	True
liana	APP_SORL1	other	APP	SORL1	60	335	0.9353400468826294	0.1433304101228714	0.9	0.1044776119402985	0.5393352285027504	0.0072851381130265	True	60	335	0.5982994437217712	0.1433304101228714	0.55	0.1044776119402985	0.3708149269223213	0.0040231120254669	True	GSE131907	EBUS_12	0.168520301580429	0.0032620260875595	True
liana	BAG6_NCR3	other	BAG6	NCR3	60	335	0.4419351518154144	0.2940774261951446	0.7333333333333333	0.2298507462686567	0.3680062890052795	0.116655009431648	True	60	335	0.2906416952610016	0.2940774261951446	0.5	0.2298507462686567	0.2923595607280731	0.0612940137748511	True	GSE131907	EBUS_12	0.0756467282772064	0.0553609956567968	True
liana	C3_C3AR1	other	C3	C3AR1	60	335	0.8585427403450012	0.1402318626642227	0.6666666666666666	0.1104477611940298	0.4993873015046119	0.0177787427028856	True	60	335	0.6452128291130066	0.1402318626642227	0.45	0.1104477611940298	0.3927223458886146	0.0121038960462872	True	GSE131907	EBUS_12	0.1066649556159973	0.0056748466565983	True
liana	CCL20_CCR6	other	CCL20	CCR6	60	335	0.1105720475316047	0.1460194438695907	0.2333333333333333	0.1044776119402985	0.1282957457005977	0.0004363884271203	True	60	335	0.1576278954744339	0.1460194438695907	0.2333333333333333	0.1044776119402985	0.1518236696720123	0.0006260385718422	True	GSE131907	EBUS_12	-0.0235279239714145	-0.0001896501447218	True
liana	CD274_PDCD1	other	CD274	PDCD1	60	335	0.0328858271241188	0.1928799003362655	0.1166666666666666	0.1313432835820895	0.1128828637301921	0.0003093064892608	True	60	335	0.0305578671395778	0.1928799003362655	0.0666666666666666	0.1313432835820895	0.1117188837379217	0.0	False	GSE131907	EBUS_12	0.0011639799922704	0.0003093064892608	True
liana	CD44_TYROBP	other	CD44	TYROBP	60	335	0.4015289843082428	1.4435904026031494	0.6666666666666666	0.5791044776119403	0.922559693455696	0.5043838804182628	True	60	335	0.3873090147972107	1.4435904026031494	0.45	0.5791044776119403	0.91544970870018	0.4519373689085385	True	GSE131907	EBUS_12	0.007109984755516	0.0524465115097242	True
liana	CD47_SIRPG	other	CD47	SIRPG	60	335	1.378282070159912	0.2939328849315643	0.8666666666666667	0.235820895522388	0.8361074775457382	0.3332266113161891	True	60	335	1.1182693243026731	0.2939328849315643	0.6666666666666666	0.235820895522388	0.7061011046171188	0.2739008895063726	True	GSE131907	EBUS_12	0.1300063729286193	0.0593257218098164	True
liana	CD55_ADGRE5	other	CD55	ADGRE5	60	335	1.051859974861145	0.6023933291435242	0.9	0.3970149253731343	0.8271266520023346	0.5059360599720532	True	60	335	0.923885703086853	0.6023933291435242	0.6333333333333333	0.3970149253731343	0.7631395161151886	0.4435398430920022	True	GSE131907	EBUS_12	0.063987135887146	0.0623962168800509	True
liana	CD58_CD2	other	CD58	CD2	60	335	0.2256801575422287	1.4430962800979614	0.55	0.7283582089552239	0.8343882188200951	0.3431514937465565	True	60	335	0.1482456475496292	1.4430962800979614	0.2666666666666666	0.7283582089552239	0.7956709638237953	0.1536521294530977	True	GSE131907	EBUS_12	0.0387172549962997	0.1894993642934587	True
liana	CDH1_ITGAE+ITGB7	other	CDH1	ITGAE+ITGB7	60	335	0.7943416237831116	0.4377140700817108	0.8	0.3313432835820895	0.6160278469324112	0.3483049982559419	True	60	335	0.5356283783912659	0.4377140700817108	0.5	0.3313432835820895	0.4866712242364883	0.2452692582569549	True	GSE131907	EBUS_12	0.1293566226959228	0.1030357399989869	True
liana	CEACAM1_CEACAM6	other	CEACAM1	CEACAM6	60	335	0.4130266606807709	0.1102749034762382	0.6833333333333333	0.1014925373134328	0.2616507820785045	0.0007383987491471	True	60	335	0.2443389594554901	0.1102749034762382	0.35	0.1014925373134328	0.1773069314658641	0.0003003689238495	True	GSE131907	EBUS_12	0.0843438506126403	0.0004380298252975	True
liana	CEACAM5_CEACAM6	other	CEACAM5	CEACAM6	60	335	1.1007016897201538	0.1102749034762382	0.7333333333333333	0.1014925373134328	0.605488296598196	0.0019873369882255	True	60	335	1.0333428382873535	0.1102749034762382	0.5666666666666667	0.1014925373134328	0.5718088708817959	0.0017748177954101	True	GSE131907	EBUS_12	0.0336794257164001	0.0002125191928154	True
liana	CEACAM6_CEACAM6	other	CEACAM6	CEACAM6	60	335	2.0966579914093018	0.1102749034762382	0.9	0.1014925373134328	1.10346644744277	0.004173244958051	True	60	335	1.9029990434646609	0.1102749034762382	0.75	0.1014925373134328	1.0066369734704494	0.0036407737684158	True	GSE131907	EBUS_12	0.0968294739723205	0.0005324711896352	True
liana	COL16A1_ITGA1+ITGB1	other	COL16A1	ITGA1+ITGB1	60	335	0.1174566075205802	0.2579511404037475	0.25	0.1850746268656716	0.1877038739621639	0.0260128124923424	True	60	335	0.0892279297113418	0.2579511404037475	0.2833333333333333	0.1850746268656716	0.1735895350575447	0.0216982506648603	True	GSE131907	EBUS_12	0.0141143389046192	0.0043145618274821	True
liana	COL17A1_ITGA1+ITGB1	other	COL17A1	ITGA1+ITGB1	60	335	0.1178802102804184	0.2579511404037475	0.2666666666666666	0.1850746268656716	0.1879156753420829	0.0235844454039236	True	60	335	0.0432562939822673	0.2579511404037475	0.0833333333333333	0.1850746268656716	0.1506037171930074	0.0	False	GSE131907	EBUS_12	0.0373119581490755	0.0235844454039236	True
liana	COL18A1_ITGA1+ITGB1	other	COL18A1	ITGA1+ITGB1	60	335	0.0355428494513034	0.2579511404037475	0.1	0.1850746268656716	0.1467469949275255	0.0	True	60	335	0.0370228961110115	0.2579511404037475	0.1166666666666666	0.1850746268656716	0.1474870182573795	0.0014024402800059	True	GSE131907	EBUS_12	-0.000740023329854	-0.0014024402800059	True
liana	COL1A1_ITGA1+ITGB1	other	COL1A1	ITGA1+ITGB1	60	335	0.5468236207962036	0.2579511404037475	0.6666666666666666	0.1850746268656716	0.4023873805999756	0.1589775920174928	True	60	335	0.328211098909378	0.2579511404037475	0.4	0.1850746268656716	0.2930811196565628	0.0826793116189954	True	GSE131907	EBUS_12	0.1093062609434127	0.0762982803984974	True
liana	COL21A1_ITGA1+ITGB1	other	COL21A1	ITGA1+ITGB1	60	335	0.086432009935379	0.2579511404037475	0.1833333333333333	0.1850746268656716	0.1721915751695633	0.0096784318707662	True	60	335	0.0200162790715694	0.2579511404037475	0.0333333333333333	0.1850746268656716	0.1389837097376585	0.0	False	GSE131907	EBUS_12	0.0332078654319047	0.0096784318707662	True
liana	COL4A2_ITGA1+ITGB1	other	COL4A2	ITGA1+ITGB1	60	335	0.0780181065201759	0.2579511404037475	0.2	0.1850746268656716	0.1679846234619617	0.0090631065550408	True	60	335	0.0707566440105438	0.2579511404037475	0.1666666666666666	0.1850746268656716	0.1643538922071457	0.0071072755853404	True	GSE131907	EBUS_12	0.003630731254816	0.0019558309697003	True
liana	COL4A4_ITGA1+ITGB1	other	COL4A4	ITGA1+ITGB1	60	335	0.0243026241660118	0.2579511404037475	0.05	0.1850746268656716	0.1411268822848796	0.0	False	60	335	0.0564204417169094	0.2579511404037475	0.1	0.1850746268656716	0.1571857910603284	0.0	True	GSE131907	EBUS_12	-0.0160589087754488	0.0	True
liana	COL6A1_ITGA1+ITGB1	other	COL6A1	ITGA1+ITGB1	60	335	0.0404767133295536	0.2579511404037475	0.1	0.1850746268656716	0.1492139268666505	0.0	True	60	335	0.0541653148829937	0.2579511404037475	0.1333333333333333	0.1850746268656716	0.1560582276433706	0.0029976309050913	True	GSE131907	EBUS_12	-0.00684430077672	-0.0029976309050913	True
liana	DHCR24_RORA	other	DHCR24	RORA	60	335	0.5192727446556091	0.3421538472175598	0.5166666666666667	0.2208955223880597	0.4307132959365845	0.1326235762730609	True	60	335	0.4336960911750793	0.3421538472175598	0.4333333333333333	0.2208955223880597	0.3879249691963196	0.115139013909202	True	GSE131907	EBUS_12	0.0427883267402648	0.0174845623638589	True
liana	DHCR7_NR1H2	other	DHCR7	NR1H2	60	335	0.1335718780755996	0.3372012078762054	0.3333333333333333	0.2776119402985074	0.2353865429759025	0.0339397069604042	True	60	335	0.0921032056212425	0.3372012078762054	0.2166666666666666	0.2776119402985074	0.2146522067487239	0.0148603056669091	True	GSE131907	EBUS_12	0.0207343362271785	0.019079401293495	True
liana	DHCR7_RORA	other	DHCR7	RORA	60	335	0.1335718780755996	0.3421538472175598	0.3333333333333333	0.2208955223880597	0.2378628626465797	0.027536290367793	True	60	335	0.0921032056212425	0.3421538472175598	0.2166666666666666	0.2208955223880597	0.2171285264194011	0.0120118481630763	True	GSE131907	EBUS_12	0.0207343362271785	0.0155244422047166	True
liana	F11R_ITGAL+ITGB2	other	F11R	ITGAL+ITGB2	60	335	0.5142270922660828	0.1409723162651062	0.7333333333333333	0.1104477611940298	0.3275997042655945	0.0805397176731419	True	60	335	0.3458433151245117	0.1409723162651062	0.4666666666666667	0.1104477611940298	0.2434078156948089	0.0467140102606061	True	GSE131907	EBUS_12	0.0841918885707855	0.0338257074125357	True
liana	FN1_ITGA4+ITGB1	other	FN1	ITGA4+ITGB1	60	335	0.5866983532905579	0.2095934748649597	0.7166666666666667	0.1582089552238806	0.3981459140777588	0.1480978438145156	True	60	335	0.4588057100772857	0.2095934748649597	0.5333333333333333	0.1582089552238806	0.3341995924711227	0.1126319223449058	True	GSE131907	EBUS_12	0.063946321606636	0.0354659214696098	True
liana	FN1_ITGA4+ITGB7	other	FN1	ITGA4+ITGB7	60	335	0.5866983532905579	0.2095934748649597	0.7166666666666667	0.1582089552238806	0.3981459140777588	0.1413814098311366	True	60	335	0.4588057100772857	0.2095934748649597	0.5333333333333333	0.1582089552238806	0.3341995924711227	0.1073212879711617	True	GSE131907	EBUS_12	0.063946321606636	0.0340601218599748	True
liana	HFE_TFRC	other	HFE	TFRC	60	335	0.0461652614176273	0.11322021484375	0.1833333333333333	0.1044776119402985	0.0796927381306886	7.345881636405004e-05	True	60	335	0.0289912186563015	0.11322021484375	0.1	0.1044776119402985	0.0711057167500257	0.0	True	GSE131907	EBUS_12	0.0085870213806629	7.345881636405004e-05	True
liana	ICAM1_ITGAL	other	ICAM1	ITGAL	60	335	0.7038381099700928	0.1409723162651062	0.8166666666666667	0.1104477611940298	0.4224052131175995	0.0133292651633143	True	60	335	0.5117414593696594	0.1409723162651062	0.5666666666666667	0.1104477611940298	0.3263568878173828	0.0081861555596969	True	GSE131907	EBUS_12	0.0960483253002166	0.0051431096036173	True
liana	ICAM1_ITGAL+ITGB2	other	ICAM1	ITGAL+ITGB2	60	335	0.7038381099700928	0.1409723162651062	0.8166666666666667	0.1104477611940298	0.4224052131175995	0.1082601393963411	True	60	335	0.5117414593696594	0.1409723162651062	0.5666666666666667	0.1104477611940298	0.3263568878173828	0.0690513235240173	True	GSE131907	EBUS_12	0.0960483253002166	0.0392088158723238	True
liana	ICAM1_SPN	other	ICAM1	SPN	60	335	0.7038381099700928	0.4624981880187988	0.8166666666666667	0.3522388059701492	0.5831681489944458	0.3248709977192319	True	60	335	0.5117414593696594	0.4624981880187988	0.5666666666666667	0.3522388059701492	0.4871198236942291	0.22719952702302	True	GSE131907	EBUS_12	0.0960483253002166	0.0976714706962119	True
liana	ICAM2_ITGAL+ITGB2	other	ICAM2	ITGAL+ITGB2	60	335	0.1150692626833915	0.1409723162651062	0.25	0.1104477611940298	0.1280207894742488	0.0101489349971734	True	60	335	0.0327930077910423	0.1409723162651062	0.05	0.1104477611940298	0.0868826620280742	0.0	False	GSE131907	EBUS_12	0.0411381274461746	0.0101489349971734	True
liana	ICAM3_ITGAL+ITGB2	other	ICAM3	ITGAL+ITGB2	60	335	0.1719199866056442	0.1409723162651062	0.4	0.1104477611940298	0.1564461514353752	0.0222456919775884	True	60	335	0.3028794527053833	0.1409723162651062	0.4333333333333333	0.1104477611940298	0.2219258844852447	0.0311014908194402	True	GSE131907	EBUS_12	-0.0654797330498695	-0.0088557988418518	True
liana	ICAM4_ITGAL+ITGB2	other	ICAM4	ITGAL+ITGB2	60	335	0.0726534649729728	0.1409723162651062	0.25	0.1104477611940298	0.1068128906190395	0.0063195248197739	True	60	335	0.0709570869803428	0.1409723162651062	0.1666666666666666	0.1104477611940298	0.1059647016227245	0.0029394039525711	True	GSE131907	EBUS_12	0.000848188996315	0.0033801208672028	True
liana	IGFBP3_TMEM219	other	IGFBP3	TMEM219	60	335	1.2688727378845217	0.5317652225494385	0.8333333333333334	0.3970149253731343	0.90031898021698	0.5197251793694919	True	60	335	0.8946134448051453	0.5317652225494385	0.5833333333333334	0.3970149253731343	0.7131893336772919	0.3928184460185598	True	GSE131907	EBUS_12	0.1871296465396881	0.126906733350932	True
liana	ITGAV+ITGB1_ADGRE5	other	ITGAV+ITGB1	ADGRE5	60	335	0.1648442298173904	0.6023933291435242	0.45	0.3970149253731343	0.3836187794804573	0.2620584976768361	True	60	335	0.1282503008842468	0.6023933291435242	0.3	0.3970149253731343	0.3653218150138855	0.1904823262346529	True	GSE131907	EBUS_12	0.0182969644665718	0.0715761714421832	True
liana	LGALS9_HAVCR2	other	LGALS9	HAVCR2	60	335	0.9006173014640808	0.3667294979095459	0.9166666666666666	0.2865671641791045	0.6336733996868134	0.3097847508454728	True	60	335	0.7600173950195312	0.3667294979095459	0.65	0.2865671641791045	0.5633734464645386	0.2575354910775405	True	GSE131907	EBUS_12	0.0702999532222747	0.0522492597679323	True
liana	LGALS9_P4HB	other	LGALS9	P4HB	60	335	0.9006173014640808	0.7758499383926392	0.9166666666666666	0.5313432835820896	0.83823361992836	0.5627811574031819	True	60	335	0.7600173950195312	0.7758499383926392	0.65	0.5313432835820896	0.7679336667060852	0.4986913181990621	True	GSE131907	EBUS_12	0.0702999532222747	0.0640898392041197	True
liana	LIPA_RORA	other	LIPA	RORA	60	335	0.1628644615411758	0.3421538472175598	0.4333333333333333	0.2208955223880597	0.2525091543793678	0.044384083020741	True	60	335	0.1022955700755119	0.3421538472175598	0.25	0.2208955223880597	0.2222247086465358	0.018738246814913	True	GSE131907	EBUS_12	0.0302844457328319	0.0256458362058279	True
liana	LPAR2_ADGRE5	other	LPAR2	ADGRE5	60	335	0.1262072026729583	0.6023933291435242	0.3833333333333333	0.3970149253731343	0.3643002659082412	0.0821020605828327	True	60	335	0.0472292937338352	0.6023933291435242	0.15	0.3970149253731343	0.3248113114386797	0.0104753593588476	True	GSE131907	EBUS_12	0.0394889544695615	0.071626701223985	True
liana	LPAR3_ADGRE5	other	LPAR3	ADGRE5	60	335	0.0327230878174304	0.6023933291435242	0.1	0.3970149253731343	0.3175582084804773	0.0	True	60	335	0.022792886942625	0.6023933291435242	0.0666666666666666	0.3970149253731343	0.3125931080430746	0.0	False	GSE131907	EBUS_12	0.0049651004374027	0.0	True
liana	PECAM1_CD38	other	PECAM1	CD38	60	335	0.0206255614757537	0.3553454875946045	0.1	0.2597014925373134	0.1879855245351791	0.0	True	60	335	0.0356641039252281	0.3553454875946045	0.1333333333333333	0.2597014925373134	0.1955047957599163	0.0029579209459415	True	GSE131907	EBUS_12	-0.0075192712247371	-0.0029579209459415	True
liana	PLAU_PLAUR	other	PLAU	PLAUR	60	335	0.6932193040847778	0.1909511536359787	0.7	0.1492537313432835	0.4420852288603782	0.0604324317288658	True	60	335	0.6875654458999634	0.1909511536359787	0.5833333333333334	0.1492537313432835	0.439258299767971	0.0574612784478788	True	GSE131907	EBUS_12	0.0028269290924072	0.002971153280987	True
liana	PLAUR_ITGA4+ITGB1	other	PLAUR	ITGA4+ITGB1	60	335	0.9635721445083618	0.2095934748649597	0.85	0.1582089552238806	0.5865828096866608	0.2379601218565147	True	60	335	0.7623900175094604	0.2095934748649597	0.6333333333333333	0.1582089552238806	0.4859917461872101	0.1912308886237116	True	GSE131907	EBUS_12	0.1005910634994506	0.046729233232803	True
liana	PODXL_SELL	other	PODXL	SELL	60	335	0.0409476645290851	0.3551285862922668	0.1333333333333333	0.226865671641791	0.198038125410676	0.0026468671405517	True	60	335	0.0112803326919674	0.3551285862922668	0.05	0.226865671641791	0.1832044594921171	0.0	False	GSE131907	EBUS_12	0.0148336659185588	0.0026468671405517	True
liana	PODXL2_SELL	other	PODXL2	SELL	60	335	0.9806969165802002	0.3551285862922668	0.9	0.226865671641791	0.6679127514362335	0.2910735048967459	True	60	335	0.5884006023406982	0.3551285862922668	0.6	0.226865671641791	0.4717645943164825	0.1777499960972019	True	GSE131907	EBUS_12	0.1961481571197509	0.1133235087995439	True
liana	PPIA_BSG	other	PPIA	BSG	60	335	2.698676109313965	0.6875032186508179	1.0	0.4985074626865671	1.6930896639823914	0.7690463801581423	True	60	335	2.8655753135681152	0.6875032186508179	0.9833333333333332	0.4985074626865671	1.7765392661094666	0.7805586546423884	True	GSE131907	EBUS_12	-0.0834496021270752	-0.011512274484246	True
liana	PTGES_PTGER2	other	PTGES	PTGER2	60	335	0.1971526890993118	0.2609886825084686	0.4166666666666667	0.1970149253731343	0.2290706858038902	0.0355135898599998	True	60	335	0.1091631278395652	0.2609886825084686	0.2666666666666666	0.1970149253731343	0.1850759051740169	0.0115245967926002	True	GSE131907	EBUS_12	0.0439947806298732	0.0239889930673995	True
liana	PTGES_PTGER4	other	PTGES	PTGER4	60	335	0.1971526890993118	0.2373496890068054	0.4166666666666667	0.1701492537313433	0.2172511890530586	0.0270112507214648	True	60	335	0.1091631278395652	0.2373496890068054	0.2666666666666666	0.1701492537313433	0.1732564084231853	0.0087135963113041	True	GSE131907	EBUS_12	0.0439947806298732	0.0182976544101607	True
liana	PTGES2_PTGER2	other	PTGES2	PTGER2	60	335	0.17918661236763	0.2609886825084686	0.4166666666666667	0.1970149253731343	0.2200876474380493	0.0317324370031307	True	60	335	0.1006454229354858	0.2609886825084686	0.2666666666666666	0.1970149253731343	0.1808170527219772	0.012273191820038	True	GSE131907	EBUS_12	0.039270594716072	0.0194592451830927	True
liana	PTGES2_PTGER4	other	PTGES2	PTGER4	60	335	0.17918661236763	0.2373496890068054	0.4166666666666667	0.1701492537313433	0.2082681506872177	0.0241127151796066	True	60	335	0.1006454229354858	0.2373496890068054	0.2666666666666666	0.1701492537313433	0.1689975559711456	0.0092813136355894	True	GSE131907	EBUS_12	0.039270594716072	0.0148314015440171	True
liana	PTGES3_PTGER2	other	PTGES3	PTGER2	60	335	1.0048152208328247	0.2609886825084686	0.8833333333333333	0.1970149253731343	0.6329019516706467	0.199796323643145	True	60	335	1.0454789400100708	0.2609886825084686	0.7833333333333333	0.1970149253731343	0.6532338112592697	0.1931813893305074	True	GSE131907	EBUS_12	-0.020331859588623	0.0066149343126376	True
liana	PTGES3_PTGER4	other	PTGES3	PTGER4	60	335	1.0048152208328247	0.2373496890068054	0.8833333333333333	0.1701492537313433	0.6210824549198151	0.1584233035027647	True	60	335	1.0454789400100708	0.2373496890068054	0.7833333333333333	0.1701492537313433	0.6414143145084381	0.1529163998960612	True	GSE131907	EBUS_12	-0.020331859588623	0.0055069036067035	True
liana	PVR_CD96	other	PVR	CD96	60	335	0.2534927129745483	0.6153707504272461	0.55	0.4149253731343283	0.4344317317008972	0.1729960696596275	True	60	335	0.1779722720384597	0.6153707504272461	0.35	0.4149253731343283	0.3966715112328529	0.1153216821628828	True	GSE131907	EBUS_12	0.0377602204680442	0.0576743874967446	True
liana	PVR_TIGIT	other	PVR	TIGIT	60	335	0.2534927129745483	0.9715074300765992	0.55	0.4955223880597015	0.6125000715255737	0.2602427278251542	True	60	335	0.1779722720384597	0.9715074300765992	0.35	0.4955223880597015	0.5747398510575294	0.1798055551174525	True	GSE131907	EBUS_12	0.0377602204680442	0.0804371727077017	True
liana	SELPLG_SELL	other	SELPLG	SELL	60	335	0.0738225355744361	0.3551285862922668	0.1833333333333333	0.226865671641791	0.2144755609333515	0.0096399993069772	True	60	335	0.0310028325766325	0.3551285862922668	0.1	0.226865671641791	0.1930657094344496	0.0	True	GSE131907	EBUS_12	0.0214098514989018	0.0096399993069772	True
liana	SEMA4D_PTPRC	other	SEMA4D	PTPRC	60	335	0.0238219257444143	1.3551934957504272	0.1	0.7940298507462686	0.6895077107474208	0.0	True	60	335	0.0100558353587985	1.3551934957504272	0.05	0.7940298507462686	0.6826246655546129	0.0	False	GSE131907	EBUS_12	0.0068830451928079	0.0	True
liana	SEMA7A_ITGA1+ITGB1	other	SEMA7A	ITGA1+ITGB1	60	335	0.0582695715129375	0.2579511404037475	0.1333333333333333	0.1850746268656716	0.1581103559583425	0.0024264267261507	True	60	335	0.0284525919705629	0.2579511404037475	0.0833333333333333	0.1850746268656716	0.1432018661871552	0.0	False	GSE131907	EBUS_12	0.0149084897711873	0.0024264267261507	True
liana	SPP1_ITGA4+ITGB1	other	SPP1	ITGA4+ITGB1	60	335	1.1280663013458252	0.2095934748649597	1.0	0.1582089552238806	0.6688298881053925	0.2616132214490272	True	60	335	0.9461690187454224	0.2095934748649597	0.7166666666666667	0.1582089552238806	0.577881246805191	0.2259763183737275	True	GSE131907	EBUS_12	0.0909486413002014	0.0356369030752996	True
liana	TNC_ITGA4+ITGB1	other	TNC	ITGA4+ITGB1	60	335	0.3057318925857544	0.2095934748649597	0.5666666666666667	0.1582089552238806	0.257662683725357	0.0742693873628249	True	60	335	0.3332242667675018	0.2095934748649597	0.3666666666666666	0.1582089552238806	0.2714088708162308	0.0722619991648792	True	GSE131907	EBUS_12	-0.0137461870908737	0.0020073881979456	True
liana	TNF_TNFRSF1A	other	TNF	TNFRSF1A	60	335	0.0763088166713714	0.2316081523895263	0.1833333333333333	0.191044776119403	0.1539584845304489	0.0046733355017477	True	60	335	0.0624402910470962	0.2316081523895263	0.0666666666666666	0.191044776119403	0.1470242217183113	0.0	False	GSE131907	EBUS_12	0.0069342628121376	0.0046733355017477	True
liana	TNF_TNFRSF1B	other	TNF	TNFRSF1B	60	335	0.0763088166713714	0.7793227434158325	0.1833333333333333	0.4567164179104477	0.427815780043602	0.028648482420785	True	60	335	0.0624402910470962	0.7793227434158325	0.0666666666666666	0.4567164179104477	0.4208815172314644	0.0	False	GSE131907	EBUS_12	0.0069342628121376	0.028648482420785	True
liana	TNFSF12_TNFRSF12A	other	TNFSF12	TNFRSF12A	60	335	0.0511795058846473	0.1458730846643448	0.1833333333333333	0.1283582089552238	0.098526295274496	0.0010905974010967	True	60	335	0.0570585094392299	0.1458730846643448	0.1333333333333333	0.1283582089552238	0.1014657970517873	0.0004516578779818	True	GSE131907	EBUS_12	-0.0029395017772912	0.0006389395231148	True
liana	TNFSF12_TNFRSF25	other	TNFSF12	TNFRSF25	60	335	0.0511795058846473	0.1990672498941421	0.1833333333333333	0.1462686567164179	0.1251233778893947	0.0024122120293389	True	60	335	0.0570585094392299	0.1990672498941421	0.1333333333333333	0.1462686567164179	0.128062879666686	0.0009997637252227	True	GSE131907	EBUS_12	-0.0029395017772912	0.0014124483041161	True
liana	TNFSF15_TNFRSF25	other	TNFSF15	TNFRSF25	60	335	0.0399731732904911	0.1990672498941421	0.1333333333333333	0.1462686567164179	0.1195202115923166	0.000812882050895	True	60	335	0.0143690565600991	0.1990672498941421	0.0666666666666666	0.1462686567164179	0.1067181532271206	0.0	False	GSE131907	EBUS_12	0.0128020583651959	0.000812882050895	True
liana	TNFSF9_TNFRSF9	other	TNFSF9	TNFRSF9	60	335	0.0303526241332292	0.2305857688188552	0.1166666666666666	0.1313432835820895	0.1304691964760422	0.0001818839943497	True	60	335	0.0148770567029714	0.2305857688188552	0.05	0.1313432835820895	0.1227314127609133	0.0	False	GSE131907	EBUS_12	0.0077377837151288	0.0001818839943497	True
cellchat	CXCL16_CXCR6	CXCL	CXCL16	CXCR6	1400	229	0.3344676494598388	0.225813016295433	0.335	0.1048034934497816	0.2801403328776359	0.0081413525835509	True	1399	229	0.2781823873519897	0.225813016295433	0.3388134381701215	0.1048034934497816	0.2519977018237114	0.0065724093419094	True	GSE131907	EBUS_28	0.0281426310539245	0.0015689432416414	True
cellchat	TNFSF14_TNFRSF14	LIGHT	TNFSF14	TNFRSF14	1400	229	0.0880580320954322	0.2530038058757782	0.0964285714285714	0.1266375545851528	0.1705309189856052	0.0	False	1399	229	0.0776006579399108	0.2530038058757782	0.1036454610436025	0.1266375545851528	0.1653022319078445	0.0001005844662075	True	GSE131907	EBUS_28	0.0052286870777606	-0.0001005844662075	True
cellchat	MDK_NCL	MK	MDK	NCL	1400	229	2.133060932159424	0.6065379977226257	0.9371428571428572	0.296943231441048	1.3697994649410248	0.6666925238203217	True	1399	229	2.194652557373047	0.6065379977226257	0.9506790564689064	0.296943231441048	1.4005952775478363	0.6721438648011889	True	GSE131907	EBUS_28	-0.0307958126068115	-0.0054513409808671	True
cellchat	LGALS9_CD45	GALECTIN	LGALS9	PTPRC	1400	229	0.3002697229385376	0.9304415583610536	0.305	0.4148471615720524	0.6153556406497955	0.23843527823207	True	1399	229	0.1998850256204605	0.9304415583610536	0.2401715511079342	0.4148471615720524	0.565163291990757	0.1290900760337044	True	GSE131907	EBUS_28	0.0501923486590385	0.1093452021983655	True
cellchat	LGALS9_CD44	GALECTIN	LGALS9	CD44	1400	229	0.3002697229385376	0.9455149173736572	0.305	0.4104803493449782	0.6228923201560974	0.2419462138693812	True	1399	229	0.1998850256204605	0.9455149173736572	0.2401715511079342	0.4104803493449782	0.5726999714970589	0.1312684417279019	True	GSE131907	EBUS_28	0.0501923486590385	0.1106777721414792	True
cellchat	FN1_CD44	FN1	FN1	CD44	1400	229	0.2128979861736297	0.9455149173736572	0.2157142857142857	0.4104803493449782	0.5792064517736435	0.1369526773722432	True	1399	229	0.2043185383081436	0.9455149173736572	0.2344531808434596	0.4104803493449782	0.5749167278409004	0.1367580737064353	True	GSE131907	EBUS_28	0.004289723932743	0.0001946036658078	True
cellchat	COL1A1_CD44	COLLAGEN	COL1A1	CD44	1400	229	0.3157265484333038	0.9455149173736572	0.3107142857142857	0.4104803493449782	0.6306207329034805	0.2506199410304355	True	1399	229	0.3612462878227234	0.9455149173736572	0.3909935668334525	0.4104803493449782	0.6533806025981903	0.3033418966787757	True	GSE131907	EBUS_28	-0.0227598696947097	-0.0527219556483402	True
cellchat	LAMA5_CD44	LAMININ	LAMA5	CD44	1400	229	0.3525818884372711	0.9455149173736572	0.3485714285714286	0.4104803493449782	0.6490484029054642	0.2906548615395662	True	1399	229	0.3249648809432983	0.9455149173736572	0.3874195854181558	0.4104803493449782	0.6352398991584778	0.2797365749089816	True	GSE131907	EBUS_28	0.0138085037469863	0.0109182866305845	True
cellchat	LAMB2_CD44	LAMININ	LAMB2	CD44	1400	229	0.0968926772475242	0.9455149173736572	0.1121428571428571	0.4104803493449782	0.5212037973105907	0.0085066176968793	True	1399	229	0.0718059167265892	0.9455149173736572	0.0993566833452466	0.4104803493449782	0.5086604170501232	0.0	False	GSE131907	EBUS_28	0.0125433802604675	0.0085066176968793	True
cellchat	LAMB3_CD44	LAMININ	LAMB3	CD44	1400	229	0.560390293598175	0.9455149173736572	0.4835714285714286	0.4104803493449782	0.7529526054859161	0.4371818088243817	True	1399	229	0.5105149149894714	0.9455149173736572	0.507505360972123	0.4104803493449782	0.7280149161815643	0.4157121732447273	True	GSE131907	EBUS_28	0.0249376893043518	0.0214696355796544	True
cellchat	LAMC1_CD44	LAMININ	LAMC1	CD44	1400	229	0.093684509396553	0.9455149173736572	0.1078571428571428	0.4104803493449782	0.5195997133851051	0.005053431723426	True	1399	229	0.0899702012538909	0.9455149173736572	0.1343817012151537	0.4104803493449782	0.5177425593137741	0.0217661898475449	True	GSE131907	EBUS_28	0.001857154071331	-0.0167127581241188	True
cellchat	LAMC2_CD44	LAMININ	LAMC2	CD44	1400	229	0.1479207128286361	0.9455149173736572	0.1514285714285714	0.4104803493449782	0.5467178151011467	0.0517820695519663	True	1399	229	0.0960204303264617	0.9455149173736572	0.1229449606862044	0.4104803493449782	0.5207676738500595	0.0144823643339833	True	GSE131907	EBUS_28	0.0259501412510871	0.0372997052179829	True
cellchat	APP_CD74	APP	APP	CD74	1400	229	0.5481228828430176	1.471139907836914	0.4985714285714285	0.5502183406113537	1.0096313953399658	0.5629526686980582	True	1399	229	0.6258394718170166	1.471139907836914	0.592566118656183	0.5502183406113537	1.048489689826965	0.6027591224999796	True	GSE131907	EBUS_28	-0.0388582944869995	-0.0398064538019214	True
cellchat	CD99_CD99	CD99	CD99	CD99	1400	229	0.9231727719306946	1.0892250537872314	0.6864285714285714	0.4847161572052402	1.006198912858963	0.640953065544144	True	1399	229	0.8728283643722534	1.0892250537872314	0.6983559685489635	0.4847161572052402	0.9810267090797424	0.6264332843749366	True	GSE131907	EBUS_28	0.0251722037792205	0.0145197811692073	True
cellchat	ICAM1_SPN	ICAM	ICAM1	SPN	1400	229	1.1081980466842651	0.3597781360149383	0.7321428571428571	0.1834061135371179	0.7339880913496017	0.2756382663656742	True	1399	229	1.0051593780517578	0.3597781360149383	0.7326661901358112	0.1834061135371179	0.6824687570333481	0.255471049284166	True	GSE131907	EBUS_28	0.0515193343162536	0.0201672170815082	True
cellchat	HLA-A_CD8A	MHC-I	HLA-A	CD8A	1400	229	2.2554259300231934	0.538030207157135	0.9442857142857144	0.2183406113537118	1.3967280685901642	0.6037565254511953	True	1399	229	2.11411714553833	0.538030207157135	0.9456754824874912	0.2183406113537118	1.3260736763477323	0.5870831802404205	True	GSE131907	EBUS_28	0.0706543922424316	0.0166733452107747	True
cellchat	HLA-B_CD8A	MHC-I	HLA-B	CD8A	1400	229	2.281451940536499	0.538030207157135	0.955	0.2183406113537118	1.409741073846817	0.6062578805592408	True	1399	229	2.132096767425537	0.538030207157135	0.947819871336669	0.2183406113537118	1.335063487291336	0.589864597262155	True	GSE131907	EBUS_28	0.0746775865554809	0.0163932832970857	True
cellchat	HLA-C_CD8A	MHC-I	HLA-C	CD8A	1400	229	1.8224537372589111	0.538030207157135	0.8878571428571429	0.2183406113537118	1.180241972208023	0.5536766010137385	True	1399	229	1.6450401544570925	0.538030207157135	0.8749106504646176	0.2183406113537118	1.0915351808071136	0.5267406362723948	True	GSE131907	EBUS_28	0.0887067914009094	0.0269359647413437	True
cellchat	HLA-E_CD8A	MHC-I	HLA-E	CD8A	1400	229	0.86629718542099	0.538030207157135	0.6557142857142857	0.2183406113537118	0.7021636962890625	0.3517942522795153	True	1399	229	0.7965015172958374	0.538030207157135	0.6611865618298784	0.2183406113537118	0.6672658622264862	0.3296159670721723	True	GSE131907	EBUS_28	0.0348978340625762	0.0221782852073429	True
cellchat	HLA-F_CD8A	MHC-I	HLA-F	CD8A	1400	229	0.318918764591217	0.538030207157135	0.3242857142857143	0.2183406113537118	0.428474485874176	0.1238314452385582	True	1399	229	0.2896715402603149	0.538030207157135	0.3466761972837741	0.2183406113537118	0.413850873708725	0.1145476306985911	True	GSE131907	EBUS_28	0.014623612165451	0.009283814539967	True
cellchat	HLA-A_CD8B	MHC-I	HLA-A	CD8B	1400	229	2.2554259300231934	0.3709649741649627	0.9442857142857144	0.1528384279475982	1.313195452094078	0.3903835719183989	True	1399	229	2.11411714553833	0.3709649741649627	0.9456754824874912	0.1528384279475982	1.2425410598516464	0.3740404069868254	True	GSE131907	EBUS_28	0.0706543922424316	0.0163431649315735	True
cellchat	HLA-B_CD8B	MHC-I	HLA-B	CD8B	1400	229	2.281451940536499	0.3709649741649627	0.955	0.1528384279475982	1.326208457350731	0.3928774175055375	True	1399	229	2.132096767425537	0.3709649741649627	0.947819871336669	0.1528384279475982	1.25153087079525	0.3767333775225089	True	GSE131907	EBUS_28	0.0746775865554809	0.0161440399830286	True
cellchat	HLA-C_CD8B	MHC-I	HLA-C	CD8B	1400	229	1.8224537372589111	0.3709649741649627	0.8878571428571429	0.1528384279475982	1.096709355711937	0.3426954352795616	True	1399	229	1.6450401544570925	0.3709649741649627	0.8749106504646176	0.1528384279475982	1.0080025643110275	0.3186945459418325	True	GSE131907	EBUS_28	0.0887067914009094	0.024000889337729	True
cellchat	HLA-E_CD8B	MHC-I	HLA-E	CD8B	1400	229	0.86629718542099	0.3709649741649627	0.6557142857142857	0.1528384279475982	0.6186310797929764	0.1857290927311782	True	1399	229	0.7965015172958374	0.3709649741649627	0.6611865618298784	0.1528384279475982	0.5837332457304001	0.1712541495760202	True	GSE131907	EBUS_28	0.0348978340625762	0.0144749431551579	True
cellchat	HLA-F_CD8B	MHC-I	HLA-F	CD8B	1400	229	0.318918764591217	0.3709649741649627	0.3242857142857143	0.1528384279475982	0.3449418693780899	0.0560684972858041	True	1399	229	0.2896715402603149	0.3709649741649627	0.3466761972837741	0.1528384279475982	0.3303182572126388	0.0515659699847924	True	GSE131907	EBUS_28	0.014623612165451	0.0045025273010117	True
cellchat	HLA-E_KLRC1	MHC-I	HLA-E	KLRC1	1400	229	0.86629718542099	0.3209216892719269	0.6557142857142857	0.131004366812227	0.5936094373464584	0.1155248399301452	True	1399	229	0.7965015172958374	0.3209216892719269	0.6611865618298784	0.131004366812227	0.5587116032838821	0.1058103370088052	True	GSE131907	EBUS_28	0.0348978340625762	0.0097145029213399	True
cellchat	HLA-E_KLRC2	MHC-I	HLA-E	KLRC2	1400	229	0.86629718542099	0.3036317825317383	0.6557142857142857	0.131004366812227	0.5849644839763641	0.1198485716887348	True	1399	229	0.7965015172958374	0.3036317825317383	0.6611865618298784	0.131004366812227	0.5500666499137878	0.1098156276204916	True	GSE131907	EBUS_28	0.0348978340625762	0.0100329440682432	True
cellchat	CD55_ADGRE5	ADGRE	CD55	ADGRE5	1400	229	0.5699173212051392	0.3765600621700287	0.4978571428571428	0.1834061135371179	0.4732386916875839	0.1579152370901203	True	1399	229	0.5072194933891296	0.3765600621700287	0.511794138670479	0.1834061135371179	0.4418897777795791	0.1392879354303836	True	GSE131907	EBUS_28	0.0313489139080047	0.0186273016597367	True
cellchat	LPAR2_ADGRE5	ADGRE	LPAR2	ADGRE5	1400	229	0.1035573258996009	0.3765600621700287	0.1164285714285714	0.1834061135371179	0.2400586940348148	0.0029019777035407	True	1399	229	0.0934572219848632	0.3765600621700287	0.1372408863473909	0.1834061135371179	0.2350086420774459	0.0061689108928459	True	GSE131907	EBUS_28	0.0050500519573688	-0.0032669331893052	True
cellchat	SFTPD_ADGRE5	ADGRE	SFTPD	ADGRE5	1400	229	0.6208220720291138	0.3765600621700287	0.4228571428571429	0.1834061135371179	0.4986910670995712	0.1539049851031534	True	1399	229	1.0798732042312622	0.3765600621700287	0.6533238027162259	0.1834061135371179	0.7282166332006454	0.2776871185781648	True	GSE131907	EBUS_28	-0.2295255661010742	-0.1237821334750114	True
cellchat	IGFBP3_TMEM219	IGFBP	IGFBP3	TMEM219	1400	229	1.084608554840088	0.3783223628997803	0.6278571428571429	0.1834061135371179	0.7314654588699341	0.2734242892927989	True	1399	229	0.7514380812644958	0.3783223628997803	0.538241601143674	0.1834061135371179	0.5648802220821381	0.1905848857288093	True	GSE131907	EBUS_28	0.166585236787796	0.0828394035639896	True
cellchat	LGALS9_P4HB	GALECTIN	LGALS9	P4HB	1400	229	0.3002697229385376	0.3019197881221771	0.305	0.1615720524017467	0.3010947555303573	0.0450498964647022	True	1399	229	0.1998850256204605	0.3019197881221771	0.2401715511079342	0.1615720524017467	0.2509024068713188	0.021846213802785	True	GSE131907	EBUS_28	0.0501923486590385	0.0232036826619171	True
cellchat	PPIA_BSG	CypA	PPIA	BSG	1400	229	2.534349203109741	0.5219007730484009	0.97	0.2620087336244541	1.528124988079071	0.6556989075050358	True	1399	229	2.6177608966827397	0.5219007730484009	0.9735525375268048	0.2620087336244541	1.56983083486557	0.662769436824964	True	GSE131907	EBUS_28	-0.041705846786499	-0.0070705293199282	True
liana	HLA-A_CD8A	MHC_I	HLA-A	CD8A	1400	229	2.2554259300231934	0.538030207157135	0.9442857142857144	0.2183406113537118	1.3967280685901642	0.6037565254511953	True	1399	229	2.11411714553833	0.538030207157135	0.9456754824874912	0.2183406113537118	1.3260736763477323	0.5870831802404205	True	GSE131907	EBUS_28	0.0706543922424316	0.0166733452107747	True
liana	HLA-A_CD8B	MHC_I	HLA-A	CD8B	1400	229	2.2554259300231934	0.3709649741649627	0.9442857142857144	0.1528384279475982	1.313195452094078	0.3903835719183989	True	1399	229	2.11411714553833	0.3709649741649627	0.9456754824874912	0.1528384279475982	1.2425410598516464	0.3740404069868254	True	GSE131907	EBUS_28	0.0706543922424316	0.0163431649315735	True
liana	HLA-B_CD8A	MHC_I	HLA-B	CD8A	1400	229	2.281451940536499	0.538030207157135	0.955	0.2183406113537118	1.409741073846817	0.6062578805592408	True	1399	229	2.132096767425537	0.538030207157135	0.947819871336669	0.2183406113537118	1.335063487291336	0.589864597262155	True	GSE131907	EBUS_28	0.0746775865554809	0.0163932832970857	True
liana	HLA-B_CD8B	MHC_I	HLA-B	CD8B	1400	229	2.281451940536499	0.3709649741649627	0.955	0.1528384279475982	1.326208457350731	0.3928774175055375	True	1399	229	2.132096767425537	0.3709649741649627	0.947819871336669	0.1528384279475982	1.25153087079525	0.3767333775225089	True	GSE131907	EBUS_28	0.0746775865554809	0.0161440399830286	True
liana	HLA-C_CD8A	MHC_I	HLA-C	CD8A	1400	229	1.8224537372589111	0.538030207157135	0.8878571428571429	0.2183406113537118	1.180241972208023	0.5536766010137385	True	1399	229	1.6450401544570925	0.538030207157135	0.8749106504646176	0.2183406113537118	1.0915351808071136	0.5267406362723948	True	GSE131907	EBUS_28	0.0887067914009094	0.0269359647413437	True
liana	HLA-C_CD8B	MHC_I	HLA-C	CD8B	1400	229	1.8224537372589111	0.3709649741649627	0.8878571428571429	0.1528384279475982	1.096709355711937	0.3426954352795616	True	1399	229	1.6450401544570925	0.3709649741649627	0.8749106504646176	0.1528384279475982	1.0080025643110275	0.3186945459418325	True	GSE131907	EBUS_28	0.0887067914009094	0.024000889337729	True
liana	HLA-E_KLRC1	MHC_I	HLA-E	KLRC1	1400	229	0.86629718542099	0.3209216892719269	0.6557142857142857	0.131004366812227	0.5936094373464584	0.1155248399301452	True	1399	229	0.7965015172958374	0.3209216892719269	0.6611865618298784	0.131004366812227	0.5587116032838821	0.1058103370088052	True	GSE131907	EBUS_28	0.0348978340625762	0.0097145029213399	True
liana	HLA-E_KLRC1+KLRD1	MHC_I	HLA-E	KLRC1+KLRD1	1400	229	0.86629718542099	0.3209216892719269	0.6557142857142857	0.131004366812227	0.5936094373464584	0.1690943757824036	True	1399	229	0.7965015172958374	0.3209216892719269	0.6611865618298784	0.131004366812227	0.5587116032838821	0.1556680258661407	True	GSE131907	EBUS_28	0.0348978340625762	0.0134263499162628	True
liana	HLA-E_KLRC2	MHC_I	HLA-E	KLRC2	1400	229	0.86629718542099	0.3036317825317383	0.6557142857142857	0.131004366812227	0.5849644839763641	0.1198485716887348	True	1399	229	0.7965015172958374	0.3036317825317383	0.6611865618298784	0.131004366812227	0.5500666499137878	0.1098156276204916	True	GSE131907	EBUS_28	0.0348978340625762	0.0100329440682432	True
liana	HLA-E_KLRC2+KLRD1	MHC_I	HLA-E	KLRC2+KLRD1	1400	229	0.86629718542099	0.3036317825317383	0.6557142857142857	0.131004366812227	0.5849644839763641	0.1720400823352683	True	1399	229	0.7965015172958374	0.3036317825317383	0.6611865618298784	0.131004366812227	0.5500666499137878	0.158424434115352	True	GSE131907	EBUS_28	0.0348978340625762	0.0136156482199162	True
liana	HLA-E_KLRD1	MHC_I	HLA-E	KLRD1	1400	229	0.86629718542099	0.4136872589588165	0.6557142857142857	0.1790393013100436	0.6399922221899033	0.2407431388873771	True	1399	229	0.7965015172958374	0.4136872589588165	0.6611865618298784	0.1790393013100436	0.605094388127327	0.2231556642177258	True	GSE131907	EBUS_28	0.0348978340625762	0.0175874746696512	True
liana	CXCL16_CXCR6	T_recruit	CXCL16	CXCR6	1400	229	0.3344676494598388	0.225813016295433	0.335	0.1048034934497816	0.2801403328776359	0.0081413525835509	True	1399	229	0.2781823873519897	0.225813016295433	0.3388134381701215	0.1048034934497816	0.2519977018237114	0.0065724093419094	True	GSE131907	EBUS_28	0.0281426310539245	0.0015689432416414	True
liana	CXCL14_CXCR4	T_recruit_partial	CXCL14	CXCR4	1400	229	2.0262858867645264	2.14631724357605	0.7671428571428571	0.759825327510917	2.086301565170288	0.896200471585451	True	1399	229	2.456838607788086	2.14631724357605	0.8313080771979986	0.759825327510917	2.301577925682068	0.91580601389798	True	GSE131907	EBUS_28	-0.2152763605117797	-0.0196055423125288	True
liana	ALCAM_CD6	other	ALCAM	CD6	1400	229	0.2714346647262573	0.2652856111526489	0.2735714285714286	0.131004366812227	0.2683601379394531	0.0215523906142598	True	1399	229	0.2122774869203567	0.2652856111526489	0.2480343102215868	0.131004366812227	0.2387815490365028	0.0144439606805868	True	GSE131907	EBUS_28	0.0295785889029502	0.0071084299336729	True
liana	APP_CD74	other	APP	CD74	1400	229	0.5481228828430176	1.471139907836914	0.4985714285714285	0.5502183406113537	1.0096313953399658	0.5629526686980582	True	1399	229	0.6258394718170166	1.471139907836914	0.592566118656183	0.5502183406113537	1.048489689826965	0.6027591224999796	True	GSE131907	EBUS_28	-0.0388582944869995	-0.0398064538019214	True
liana	CD320_JAML	other	CD320	JAML	1400	229	0.1581913381814956	0.2819677591323852	0.1785714285714285	0.131004366812227	0.2200795486569404	0.0082765339954402	True	1399	229	0.2658962905406952	0.2819677591323852	0.3216583273766976	0.131004366812227	0.2739320248365402	0.0257815466579134	True	GSE131907	EBUS_28	-0.0538524761795997	-0.0175050126624732	True
liana	CD55_ADGRE5	other	CD55	ADGRE5	1400	229	0.5699173212051392	0.3765600621700287	0.4978571428571428	0.1834061135371179	0.4732386916875839	0.1579152370901203	True	1399	229	0.5072194933891296	0.3765600621700287	0.511794138670479	0.1834061135371179	0.4418897777795791	0.1392879354303836	True	GSE131907	EBUS_28	0.0313489139080047	0.0186273016597367	True
liana	CDH1_ITGAE+ITGB7	other	CDH1	ITGAE+ITGB7	1400	229	0.8432652354240417	0.2007532566785812	0.6435714285714286	0.1091703056768559	0.5220092460513115	0.0824628456401605	True	1399	229	0.744082510471344	0.2007532566785812	0.6397426733380986	0.1091703056768559	0.4724178835749626	0.0720247731078468	True	GSE131907	EBUS_28	0.0495913624763488	0.0104380725323137	True
liana	DHCR24_RORA	other	DHCR24	RORA	1400	229	0.3558085560798645	0.4878920316696167	0.3371428571428571	0.2270742358078602	0.4218502938747406	0.1286624631741526	True	1399	229	0.4910813271999359	0.4878920316696167	0.4932094353109363	0.2270742358078602	0.4894866794347763	0.2007407426767483	True	GSE131907	EBUS_28	-0.0676363855600357	-0.0720782795025957	True
liana	DHCR7_RORA	other	DHCR7	RORA	1400	229	0.1294675767421722	0.4878920316696167	0.1471428571428571	0.2270742358078602	0.3086798042058944	0.0173630488532361	True	1399	229	0.1614200323820114	0.4878920316696167	0.215868477483917	0.2270742358078602	0.324656032025814	0.0418056193675389	True	GSE131907	EBUS_28	-0.0159762278199195	-0.0244425705143028	True
liana	ICAM1_SPN	other	ICAM1	SPN	1400	229	1.1081980466842651	0.3597781360149383	0.7321428571428571	0.1834061135371179	0.7339880913496017	0.2756382663656742	True	1399	229	1.0051593780517578	0.3597781360149383	0.7326661901358112	0.1834061135371179	0.6824687570333481	0.255471049284166	True	GSE131907	EBUS_28	0.0515193343162536	0.0201672170815082	True
liana	IGFBP3_TMEM219	other	IGFBP3	TMEM219	1400	229	1.084608554840088	0.3783223628997803	0.6278571428571429	0.1834061135371179	0.7314654588699341	0.2734242892927989	True	1399	229	0.7514380812644958	0.3783223628997803	0.538241601143674	0.1834061135371179	0.5648802220821381	0.1905848857288093	True	GSE131907	EBUS_28	0.166585236787796	0.0828394035639896	True
liana	ITGAV+ITGB1_ADGRE5	other	ITGAV+ITGB1	ADGRE5	1400	229	0.2171451896429062	0.3765600621700287	0.2314285714285714	0.1834061135371179	0.2968526259064674	0.079648483510165	True	1399	229	0.2521709203720093	0.3765600621700287	0.3059328091493924	0.1834061135371179	0.314365491271019	0.0905290235774364	True	GSE131907	EBUS_28	-0.0175128653645515	-0.0108805400672714	True
liana	LGALS9_P4HB	other	LGALS9	P4HB	1400	229	0.3002697229385376	0.3019197881221771	0.305	0.1615720524017467	0.3010947555303573	0.0450498964647022	True	1399	229	0.1998850256204605	0.3019197881221771	0.2401715511079342	0.1615720524017467	0.2509024068713188	0.021846213802785	True	GSE131907	EBUS_28	0.0501923486590385	0.0232036826619171	True
liana	LIPA_RORA	other	LIPA	RORA	1400	229	0.1096599027514457	0.4878920316696167	0.12	0.2270742358078602	0.2987759672105312	0.0060474064775979	True	1399	229	0.0764763876795768	0.4878920316696167	0.1072194424588992	0.2270742358078602	0.2821842096745968	0.0011371426813639	True	GSE131907	EBUS_28	0.0165917575359344	0.004910263796234	True
liana	LPAR2_ADGRE5	other	LPAR2	ADGRE5	1400	229	0.1035573258996009	0.3765600621700287	0.1164285714285714	0.1834061135371179	0.2400586940348148	0.0029019777035407	True	1399	229	0.0934572219848632	0.3765600621700287	0.1372408863473909	0.1834061135371179	0.2350086420774459	0.0061689108928459	True	GSE131907	EBUS_28	0.0050500519573688	-0.0032669331893052	True
liana	PPIA_BSG	other	PPIA	BSG	1400	229	2.534349203109741	0.5219007730484009	0.97	0.2620087336244541	1.528124988079071	0.6556989075050358	True	1399	229	2.6177608966827397	0.5219007730484009	0.9735525375268048	0.2620087336244541	1.56983083486557	0.662769436824964	True	GSE131907	EBUS_28	-0.041705846786499	-0.0070705293199282	True
liana	SFTPD_ADGRE5	other	SFTPD	ADGRE5	1400	229	0.6208220720291138	0.3765600621700287	0.4228571428571429	0.1834061135371179	0.4986910670995712	0.1539049851031534	True	1399	229	1.0798732042312622	0.3765600621700287	0.6533238027162259	0.1834061135371179	0.7282166332006454	0.2776871185781648	True	GSE131907	EBUS_28	-0.2295255661010742	-0.1237821334750114	True
liana	TNFSF12_TNFRSF25	other	TNFSF12	TNFRSF25	1400	229	0.0784424021840095	0.2139749675989151	0.1071428571428571	0.1004366812227074	0.1462086848914623	2.694918440543497e-05	True	1399	229	0.0893495753407478	0.2139749675989151	0.1315225160829163	0.1004366812227074	0.1516622714698314	0.0001388401856681	True	GSE131907	EBUS_28	-0.0054535865783691	-0.0001118910012627	True
liana	TNFSF14_TNFRSF14	other	TNFSF14	TNFRSF14	1400	229	0.0880580320954322	0.2530038058757782	0.0964285714285714	0.1266375545851528	0.1705309189856052	0.0	False	1399	229	0.0776006579399108	0.2530038058757782	0.1036454610436025	0.1266375545851528	0.1653022319078445	0.0001005844662075	True	GSE131907	EBUS_28	0.0052286870777606	-0.0001005844662075	True
cellchat	GDF15_TGFBR2	GDF	GDF15	TGFBR2	14	1927	0.6579626798629761	0.1481252312660217	0.7142857142857143	0.1022314478463933	0.4030439555644989	0.0017510327347267	True	14	1927	0.7148941159248352	0.1481252312660217	0.4285714285714285	0.1022314478463933	0.4315096735954284	0.0014588269531721	True	GSE131907	EFFUSION_11	-0.0284657180309295	0.0002922057815545	True
cellchat	CXCL16_CXCR6	CXCL	CXCL16	CXCR6	14	1927	1.0389530658721924	0.3078314363956451	0.9285714285714286	0.1852620653866113	0.6733922511339188	0.2302545020413028	True	14	1927	0.8209766149520874	0.3078314363956451	0.6428571428571429	0.1852620653866113	0.5644040256738663	0.1794025861202431	True	GSE131907	EFFUSION_11	0.1089882254600524	0.0508519159210596	True
cellchat	IL16_CD4	IL16	IL16	CD4	14	1927	0.0461357571184635	0.1573434770107269	0.1428571428571428	0.1079398028022833	0.1017396170645952	0.0003555198575085	True	14	1927	0.0	0.1573434770107269	0.0	0.1079398028022833	0.0786717385053634	0.0	False	GSE131907	EFFUSION_11	0.0230678785592317	0.0003555198575085	True
cellchat	SPP1_CD44	SPP1	SPP1	CD44	14	1927	0.306702047586441	1.1824489831924438	0.5	0.6388168137000519	0.7445755153894424	0.3940727776719036	True	14	1927	0.5546387434005737	1.1824489831924438	0.6428571428571429	0.6388168137000519	0.8685438632965088	0.5409534065935354	True	GSE131907	EFFUSION_11	-0.1239683479070663	-0.1468806289216317	True
cellchat	RETN_CAP1	RESISTIN	RETN	CAP1	14	1927	0.0	0.9016124606132508	0.0	0.5241307732226258	0.4508062303066253	0.0	False	14	1927	0.112070731818676	0.9016124606132508	0.1428571428571428	0.5241307732226258	0.5068415962159634	0.0780722743549375	True	GSE131907	EFFUSION_11	-0.056035365909338	-0.0780722743549375	True
cellchat	MDK_NCL	MK	MDK	NCL	14	1927	1.5784533023834229	0.4482972919940948	0.8571428571428571	0.2890503373118837	1.0133752971887589	0.5058651257365179	True	14	1927	1.523469090461731	0.4482972919940948	0.7857142857142857	0.2890503373118837	0.9858831912279128	0.4901172622741012	True	GSE131907	EFFUSION_11	0.0274921059608459	0.0157478634624166	True
cellchat	PRSS3_F2R	PARs	PRSS3	F2R	14	1927	0.8473653793334961	0.1546958982944488	0.7142857142857143	0.1011935651271406	0.5010306388139725	0.0011664066747362	True	14	1927	0.9689276814460754	0.1546958982944488	0.5714285714285714	0.1011935651271406	0.5618117898702621	0.0012707686571306	True	GSE131907	EFFUSION_11	-0.0607811510562896	-0.0001043619823943	True
cellchat	GZMA_F2R	PARs	GZMA	F2R	14	1927	0.16801418364048	0.1546958982944488	0.3571428571428571	0.1011935651271406	0.1613550409674644	0.0001935357843908	True	14	1927	0.2282274514436721	0.1546958982944488	0.2857142857142857	0.1011935651271406	0.1914616748690605	0.0002046494382691	True	GSE131907	EFFUSION_11	-0.030106633901596	-1.111365387830991e-05	True
cellchat	LGALS9_CD45	GALECTIN	LGALS9	PTPRC	14	1927	0.6441313028335571	1.4039027690887451	0.7857142857142857	0.7151011935651271	1.0240170359611511	0.6455796460465677	True	14	1927	0.6316498517990112	1.4039027690887451	0.6428571428571429	0.7151011935651271	1.0177763104438782	0.6252064917161589	True	GSE131907	EFFUSION_11	0.0062407255172729	0.0203731543304087	True
cellchat	LGALS9_CD44	GALECTIN	LGALS9	CD44	14	1927	0.6441313028335571	1.1824489831924438	0.7857142857142857	0.6388168137000519	0.9132901430130004	0.59758214517931	True	14	1927	0.6316498517990112	1.1824489831924438	0.6428571428571429	0.6388168137000519	0.9070494174957277	0.5762609013332965	True	GSE131907	EFFUSION_11	0.0062407255172729	0.0213212438460134	True
cellchat	FN1_CD44	FN1	FN1	CD44	14	1927	0.178901121020317	1.1824489831924438	0.3571428571428571	0.6388168137000519	0.6806750521063805	0.2425519769355943	True	14	1927	0.4435000419616699	1.1824489831924438	0.5	0.6388168137000519	0.8129745125770569	0.4682680143593898	True	GSE131907	EFFUSION_11	-0.1322994604706764	-0.2257160374237954	True
cellchat	COL1A1_CD44	COLLAGEN	COL1A1	CD44	14	1927	0.0400866009294986	1.1824489831924438	0.1428571428571428	0.6388168137000519	0.6112677920609713	0.0330243463002493	True	14	1927	0.02967687882483	1.1824489831924438	0.0714285714285714	0.6388168137000519	0.606062931008637	0.0	False	GSE131907	EFFUSION_11	0.0052048610523343	0.0330243463002493	True
cellchat	COL4A3_CD44	COLLAGEN	COL4A3	CD44	14	1927	0.028196096420288	1.1824489831924438	0.1428571428571428	0.6388168137000519	0.605322539806366	0.0330243463002493	True	14	1927	0.0727321580052375	1.1824489831924438	0.0714285714285714	0.6388168137000519	0.6275905705988407	0.0	False	GSE131907	EFFUSION_11	-0.0222680307924747	0.0330243463002493	True
cellchat	COL4A4_CD44	COLLAGEN	COL4A4	CD44	14	1927	0.1196581944823265	1.1824489831924438	0.3571428571428571	0.6388168137000519	0.6510535888373852	0.1908683526692543	True	14	1927	0.0558747388422489	1.1824489831924438	0.1428571428571428	0.6388168137000519	0.6191618610173464	0.065589701295995	True	GSE131907	EFFUSION_11	0.0318917278200387	0.1252786513732593	True
cellchat	COL6A1_CD44	COLLAGEN	COL6A1	CD44	14	1927	0.2294262796640396	1.1824489831924438	0.2142857142857142	0.6388168137000519	0.7059376314282417	0.2418505653453794	True	14	1927	0.2231070697307586	1.1824489831924438	0.2142857142857142	0.6388168137000519	0.7027780264616013	0.2414897877589479	True	GSE131907	EFFUSION_11	0.0031596049666404	0.0003607775864315	True
cellchat	COL6A2_CD44	COLLAGEN	COL6A2	CD44	14	1927	0.107000432908535	1.1824489831924438	0.1428571428571428	0.6388168137000519	0.6447247080504894	0.1198086693841481	True	14	1927	0.0	1.1824489831924438	0.0	0.6388168137000519	0.5912244915962219	0.0	False	GSE131907	EFFUSION_11	0.0535002164542675	0.1198086693841481	True
cellchat	LAMA3_CD44	LAMININ	LAMA3	CD44	14	1927	0.1460324823856353	1.1824489831924438	0.3571428571428571	0.6388168137000519	0.6642407327890396	0.2199367092446899	True	14	1927	0.0516547560691833	1.1824489831924438	0.1428571428571428	0.6388168137000519	0.6170518696308136	0.0638530654017769	True	GSE131907	EFFUSION_11	0.047188863158226	0.156083643842913	True
cellchat	LAMA5_CD44	LAMININ	LAMA5	CD44	14	1927	0.3774797022342682	1.1824489831924438	0.5714285714285714	0.6388168137000519	0.779964342713356	0.443378007679227	True	14	1927	0.3013508319854736	1.1824489831924438	0.4285714285714285	0.6388168137000519	0.7418999075889587	0.3844560541908693	True	GSE131907	EFFUSION_11	0.0380644351243972	0.0589219534883576	True
cellchat	LAMB2_CD44	LAMININ	LAMB2	CD44	14	1927	0.0843349695205688	1.1824489831924438	0.2142857142857142	0.6388168137000519	0.6333919763565063	0.1237669857987253	True	14	1927	0.0	1.1824489831924438	0.0	0.6388168137000519	0.5912244915962219	0.0	False	GSE131907	EFFUSION_11	0.0421674847602844	0.1237669857987253	True
cellchat	LAMB3_CD44	LAMININ	LAMB3	CD44	14	1927	0.5835781693458557	1.1824489831924438	0.5714285714285714	0.6388168137000519	0.8830135762691498	0.520843342559379	True	14	1927	0.5855451822280884	1.1824489831924438	0.5714285714285714	0.6388168137000519	0.8839970827102661	0.5548637397705285	True	GSE131907	EFFUSION_11	-0.0009835064411163	-0.0340203972111494	True
cellchat	LAMC1_CD44	LAMININ	LAMC1	CD44	14	1927	0.1513444036245346	1.1824489831924438	0.3571428571428571	0.6388168137000519	0.6668966934084892	0.2225698338647335	True	14	1927	0.1063462346792221	1.1824489831924438	0.2857142857142857	0.6388168137000519	0.644397608935833	0.1704173149953176	True	GSE131907	EFFUSION_11	0.0224990844726562	0.0521525188694159	True
cellchat	LAMC2_CD44	LAMININ	LAMC2	CD44	14	1927	0.2997024953365326	1.1824489831924438	0.3571428571428571	0.6388168137000519	0.7410757392644882	0.2837813153517739	True	14	1927	0.1864711195230484	1.1824489831924438	0.2857142857142857	0.6388168137000519	0.6844600513577461	0.2334097338222521	True	GSE131907	EFFUSION_11	0.056615687906742	0.0503715815295218	True
cellchat	THBS3_CD47	THBS	THBS3	CD47	14	1927	0.176436185836792	0.4604889452457428	0.4285714285714285	0.2942397509081473	0.3184625655412674	0.0961217641249397	True	14	1927	0.0659724473953247	0.4604889452457428	0.1428571428571428	0.2942397509081473	0.2632306963205337	0.019857032844483	True	GSE131907	EFFUSION_11	0.0552318692207336	0.0762647312804567	True
cellchat	APP_CD74	APP	APP	CD74	14	1927	0.799970805644989	2.252506732940674	0.8571428571428571	0.8629994810586403	1.5262387692928314	0.7852300011766296	True	14	1927	0.6579474210739136	2.252506732940674	0.6428571428571429	0.8629994810586403	1.4552270770072937	0.7463176821159397	True	GSE131907	EFFUSION_11	0.0710116922855377	0.0389123190606898	True
cellchat	CD99_CD99	CD99	CD99	CD99	14	1927	0.6390615701675415	1.3552571535110474	0.7142857142857143	0.6891541255838091	0.9971593618392944	0.6349627981568999	True	14	1927	0.9185801148414612	1.3552571535110474	0.7142857142857143	0.6891541255838091	1.1369186341762545	0.7030439276446129	True	GSE131907	EFFUSION_11	-0.1397592723369598	-0.0680811294877129	True
cellchat	CDH1_KLRG1	CDH1	CDH1	KLRG1	14	1927	1.1252254247665403	0.534942626953125	0.9285714285714286	0.299429164504411	0.8300840258598328	0.471826768944368	True	14	1927	0.4691025912761688	0.534942626953125	0.5	0.299429164504411	0.5020226091146469	0.2450362611108048	True	GSE131907	EFFUSION_11	0.3280614167451858	0.2267905078335632	True
cellchat	CLEC2D_KLRB1	CLEC	CLEC2D	KLRB1	14	1927	0.0411071851849556	1.3351376056671145	0.1428571428571428	0.4680851063829787	0.6881223954260349	0.0402351907632967	True	14	1927	0.0	1.3351376056671145	0.0	0.4680851063829787	0.6675688028335571	0.0	False	GSE131907	EFFUSION_11	0.0205535925924778	0.0402351907632967	True
cellchat	CLEC2B_KLRB1	CLEC	CLEC2B	KLRB1	14	1927	0.3474404513835907	1.3351376056671145	0.3571428571428571	0.4680851063829787	0.8412890285253525	0.3151050414729819	True	14	1927	0.1399853229522705	1.3351376056671145	0.2142857142857142	0.4680851063829787	0.7375614643096924	0.1940870253080489	True	GSE131907	EFFUSION_11	0.1037275642156601	0.1210180161649329	True
cellchat	ICAM1_ITGAL	ICAM	ICAM1	ITGAL	14	1927	0.4612710475921631	0.1853854656219482	0.6428571428571429	0.1266216917488324	0.3233282566070556	0.0287958843963208	True	14	1927	0.2548344433307647	0.1853854656219482	0.2142857142857142	0.1266216917488324	0.2201099544763565	0.0086296906014391	True	GSE131907	EFFUSION_11	0.1032183021306991	0.0201661937948817	True
cellchat	ICAM1_SPN	ICAM	ICAM1	SPN	14	1927	0.4612710475921631	0.2414665073156356	0.6428571428571429	0.161909704203425	0.3513687774538994	0.0729986893974972	True	14	1927	0.2548344433307647	0.2414665073156356	0.2142857142857142	0.161909704203425	0.2481504753232002	0.0225968477839338	True	GSE131907	EFFUSION_11	0.1032183021306991	0.0504018416135633	True
cellchat	HLA-A_CD8A	MHC-I	HLA-A	CD8A	14	1927	1.8463541269302368	0.8927716612815857	1.0	0.4058121432278153	1.3695628941059113	0.7343653552020805	True	14	1927	1.7771642208099363	0.8927716612815857	1.0	0.4058121432278153	1.334967941045761	0.7262446196370007	True	GSE131907	EFFUSION_11	0.0345949530601501	0.0081207355650797	True
cellchat	HLA-B_CD8A	MHC-I	HLA-B	CD8A	14	1927	1.9768571853637693	0.8927716612815857	1.0	0.4058121432278153	1.4348144233226776	0.7461131720096037	True	14	1927	1.9204349517822263	0.8927716612815857	0.9285714285714286	0.4058121432278153	1.406603306531906	0.7526989452263689	True	GSE131907	EFFUSION_11	0.0282111167907714	-0.0065857732167652	True
cellchat	HLA-C_CD8A	MHC-I	HLA-C	CD8A	14	1927	1.5080068111419678	0.8927716612815857	0.9285714285714286	0.4058121432278153	1.2003892362117767	0.7046817663421154	True	14	1927	1.8030251264572144	0.8927716612815857	1.0	0.4058121432278153	1.3478983938694	0.7319408063049763	True	GSE131907	EFFUSION_11	-0.1475091576576233	-0.0272590399628608	True
cellchat	HLA-E_CD8A	MHC-I	HLA-E	CD8A	14	1927	0.4565546214580536	0.8927716612815857	0.5714285714285714	0.4058121432278153	0.6746631413698196	0.3767375486629338	True	14	1927	0.8337910771369934	0.8927716612815857	0.7142857142857143	0.4058121432278153	0.8632813692092896	0.5554248423466275	True	GSE131907	EFFUSION_11	-0.1886182278394699	-0.1786872936836936	True
cellchat	HLA-F_CD8A	MHC-I	HLA-F	CD8A	14	1927	0.179466962814331	0.8927716612815857	0.3571428571428571	0.4058121432278153	0.5361193120479584	0.1786083752333609	True	14	1927	0.11564352363348	0.8927716612815857	0.2142857142857142	0.4058121432278153	0.5042075924575329	0.0817533683334833	True	GSE131907	EFFUSION_11	0.0319117195904254	0.0968550068998775	True
cellchat	HLA-A_CD8B	MHC-I	HLA-A	CD8B	14	1927	1.8463541269302368	0.7510709762573242	1.0	0.3570316554229372	1.2987125515937803	0.6841669691313349	True	14	1927	1.7771642208099363	0.7510709762573242	1.0	0.3570316554229372	1.2641175985336304	0.6751903765112826	True	GSE131907	EFFUSION_11	0.0345949530601501	0.0089765926200523	True
cellchat	HLA-B_CD8B	MHC-I	HLA-B	CD8B	14	1927	1.9768571853637693	0.7510709762573242	1.0	0.3570316554229372	1.3639640808105469	0.697219502642863	True	14	1927	1.9204349517822263	0.7510709762573242	0.9285714285714286	0.3570316554229372	1.3357529640197754	0.7045713789199765	True	GSE131907	EFFUSION_11	0.0282111167907714	-0.0073518762771134	True
cellchat	HLA-C_CD8B	MHC-I	HLA-C	CD8B	14	1927	1.5080068111419678	0.7510709762573242	0.9285714285714286	0.3570316554229372	1.129538893699646	0.6515356672843355	True	14	1927	1.8030251264572144	0.7510709762573242	1.0	0.3570316554229372	1.2770480513572693	0.6814829671970801	True	GSE131907	EFFUSION_11	-0.1475091576576233	-0.0299472999127445	True
cellchat	HLA-E_CD8B	MHC-I	HLA-E	CD8B	14	1927	0.4565546214580536	0.7510709762573242	0.5714285714285714	0.3570316554229372	0.6038127988576889	0.3214065377454188	True	14	1927	0.8337910771369934	0.7510709762573242	0.7142857142857143	0.3570316554229372	0.7924310266971588	0.4946796176781709	True	GSE131907	EFFUSION_11	-0.1886182278394699	-0.1732730799327521	True
cellchat	HLA-F_CD8B	MHC-I	HLA-F	CD8B	14	1927	0.179466962814331	0.7510709762573242	0.3571428571428571	0.3570316554229372	0.4652689695358276	0.1455795220488326	True	14	1927	0.11564352363348	0.7510709762573242	0.2142857142857142	0.3570316554229372	0.4333572499454021	0.0652132648525559	True	GSE131907	EFFUSION_11	0.0319117195904254	0.0803662571962767	True
cellchat	HLA-DPA1_CD4	MHC-II	HLA-DPA1	CD4	14	1927	0.3211093544960022	0.1573434770107269	0.5714285714285714	0.1079398028022833	0.2392264157533645	0.0039717836035501	True	14	1927	0.3835583031177521	0.1573434770107269	0.3571428571428571	0.1079398028022833	0.2704508900642395	0.004532068247275	True	GSE131907	EFFUSION_11	-0.0312244743108749	-0.0005602846437249	True
cellchat	HLA-DPB1_CD4	MHC-II	HLA-DPB1	CD4	14	1927	0.414581298828125	0.1573434770107269	0.5714285714285714	0.1079398028022833	0.2859623879194259	0.006002606774482	True	14	1927	0.8524908423423767	0.1573434770107269	0.7857142857142857	0.1079398028022833	0.5049171596765518	0.0128043204080382	True	GSE131907	EFFUSION_11	-0.2189547717571258	-0.0068017136335562	True
cellchat	HLA-DQA1_CD4	MHC-II	HLA-DQA1	CD4	14	1927	0.1416101902723312	0.1573434770107269	0.2857142857142857	0.1079398028022833	0.149476833641529	0.0016135377724824	True	14	1927	0.3107428550720215	0.1573434770107269	0.2857142857142857	0.1079398028022833	0.2340431660413742	0.0034919228709914	True	GSE131907	EFFUSION_11	-0.0845663323998451	-0.001878385098509	True
cellchat	HLA-DMA_CD4	MHC-II	HLA-DMA	CD4	14	1927	0.176877424120903	0.1573434770107269	0.4285714285714285	0.1079398028022833	0.1671104505658149	0.0022782649899623	True	14	1927	0.421095460653305	0.1573434770107269	0.5714285714285714	0.1079398028022833	0.289219468832016	0.0056589838140359	True	GSE131907	EFFUSION_11	-0.122109018266201	-0.0033807188240736	True
cellchat	HLA-DQB1_CD4	MHC-II	HLA-DQB1	CD4	14	1927	0.8221887946128845	0.1573434770107269	0.8571428571428571	0.1079398028022833	0.4897661358118057	0.0126666428892582	True	14	1927	0.6864228844642639	0.1573434770107269	0.7142857142857143	0.1079398028022833	0.4218831807374954	0.0101412779844981	True	GSE131907	EFFUSION_11	0.0678829550743103	0.00252536490476	True
cellchat	HLA-DRA_CD4	MHC-II	HLA-DRA	CD4	14	1927	1.1248723268508911	0.1573434770107269	0.9285714285714286	0.1079398028022833	0.641107901930809	0.0174042746871846	True	14	1927	1.4712505340576172	0.1573434770107269	0.9285714285714286	0.1079398028022833	0.8142970055341721	0.0232244445022051	True	GSE131907	EFFUSION_11	-0.173189103603363	-0.0058201698150205	True
cellchat	HLA-DRB1_CD4	MHC-II	HLA-DRB1	CD4	14	1927	1.0157638788223269	0.1573434770107269	0.7857142857142857	0.1079398028022833	0.5865536779165268	0.0162243750363512	True	14	1927	1.3301475048065186	0.1573434770107269	0.8571428571428571	0.1079398028022833	0.7437454909086227	0.0211566390005114	True	GSE131907	EFFUSION_11	-0.1571918129920959	-0.0049322639641601	True
cellchat	HLA-DRB5_CD4	MHC-II	HLA-DRB5	CD4	14	1927	1.0994726419448853	0.1573434770107269	0.9285714285714286	0.1079398028022833	0.6284080594778061	0.0177549385665429	True	14	1927	0.784718930721283	0.1573434770107269	0.6428571428571429	0.1079398028022833	0.4710312038660049	0.01211688714829	True	GSE131907	EFFUSION_11	0.1573768556118011	0.0056380514182528	True
cellchat	PVR_TIGIT	PVR	PVR	TIGIT	14	1927	0.3282339572906494	0.2324970662593841	0.5	0.1395952257394914	0.2803655117750168	0.036982438444474	True	14	1927	0.0895099267363548	0.2324970662593841	0.1428571428571428	0.1395952257394914	0.1610034964978695	0.0065402998924928	True	GSE131907	EFFUSION_11	0.1193620152771473	0.0304421385519811	True
cellchat	SELPLG_SELL	SELPLG	SELPLG	SELL	14	1927	0.0273402351886034	0.177460178732872	0.0714285714285714	0.108977685521536	0.1024002069607377	0.0	False	14	1927	0.0890761762857437	0.177460178732872	0.1428571428571428	0.108977685521536	0.1332681775093078	0.000971207785328	True	GSE131907	EFFUSION_11	-0.0308679705485701	-0.000971207785328	True
cellchat	CD55_ADGRE5	ADGRE	CD55	ADGRE5	14	1927	0.6574613451957703	0.3291328251361847	0.7857142857142857	0.2148417228853139	0.4932970851659775	0.1910810048110885	True	14	1927	0.7600642442703247	0.3291328251361847	0.7142857142857143	0.2148417228853139	0.5445985347032547	0.2178914409978526	True	GSE131907	EFFUSION_11	-0.0513014495372772	-0.026810436186764	True
cellchat	LPAR2_ADGRE5	ADGRE	LPAR2	ADGRE5	14	1927	0.1256675571203231	0.3291328251361847	0.2857142857142857	0.2148417228853139	0.2274001911282539	0.0276026752478289	True	14	1927	0.0	0.3291328251361847	0.0	0.2148417228853139	0.1645664125680923	0.0	False	GSE131907	EFFUSION_11	0.0628337785601615	0.0276026752478289	True
cellchat	APP_SORL1	APP	APP	SORL1	14	1927	0.799970805644989	0.2245312631130218	0.8571428571428571	0.1473793461338868	0.5122510343790054	0.0932372705273092	True	14	1927	0.6579474210739136	0.2245312631130218	0.6428571428571429	0.1473793461338868	0.4412393420934677	0.0764157163697319	True	GSE131907	EFFUSION_11	0.0710116922855377	0.0168215541575772	True
cellchat	IGFBP3_TMEM219	IGFBP	IGFBP3	TMEM219	14	1927	0.5335729122161865	0.4819297194480896	0.5714285714285714	0.3160352880124546	0.5077513158321381	0.2602075933668468	True	14	1927	1.0404527187347412	0.4819297194480896	0.6428571428571429	0.3160352880124546	0.7611912190914154	0.4139864682498655	True	GSE131907	EFFUSION_11	-0.2534399032592773	-0.1537788748830187	True
cellchat	LGALS9_P4HB	GALECTIN	LGALS9	P4HB	14	1927	0.6441313028335571	0.6391831040382385	0.7857142857142857	0.3938764919564089	0.6416572034358978	0.4078379499595778	True	14	1927	0.6316498517990112	0.6391831040382385	0.6428571428571429	0.3938764919564089	0.6354164779186249	0.3867797869862037	True	GSE131907	EFFUSION_11	0.0062407255172729	0.021058162973374	True
cellchat	PPIA_BSG	CypA	PPIA	BSG	14	1927	2.3797171115875244	0.6026739478111267	1.0	0.3777893098079917	1.4911955296993256	0.6978218837012647	True	14	1927	2.5354251861572266	0.6026739478111267	1.0	0.3777893098079917	1.5690495669841766	0.7135296162336906	True	GSE131907	EFFUSION_11	-0.077854037284851	-0.0157077325324258	True
liana	HLA-A_CD8A	MHC_I	HLA-A	CD8A	14	1927	1.8463541269302368	0.8927716612815857	1.0	0.4058121432278153	1.3695628941059113	0.7343653552020805	True	14	1927	1.7771642208099363	0.8927716612815857	1.0	0.4058121432278153	1.334967941045761	0.7262446196370007	True	GSE131907	EFFUSION_11	0.0345949530601501	0.0081207355650797	True
liana	HLA-A_CD8B	MHC_I	HLA-A	CD8B	14	1927	1.8463541269302368	0.7510709762573242	1.0	0.3570316554229372	1.2987125515937803	0.6841669691313349	True	14	1927	1.7771642208099363	0.7510709762573242	1.0	0.3570316554229372	1.2641175985336304	0.6751903765112826	True	GSE131907	EFFUSION_11	0.0345949530601501	0.0089765926200523	True
liana	HLA-B_CD8A	MHC_I	HLA-B	CD8A	14	1927	1.9768571853637693	0.8927716612815857	1.0	0.4058121432278153	1.4348144233226776	0.7461131720096037	True	14	1927	1.9204349517822263	0.8927716612815857	0.9285714285714286	0.4058121432278153	1.406603306531906	0.7526989452263689	True	GSE131907	EFFUSION_11	0.0282111167907714	-0.0065857732167652	True
liana	HLA-B_CD8B	MHC_I	HLA-B	CD8B	14	1927	1.9768571853637693	0.7510709762573242	1.0	0.3570316554229372	1.3639640808105469	0.697219502642863	True	14	1927	1.9204349517822263	0.7510709762573242	0.9285714285714286	0.3570316554229372	1.3357529640197754	0.7045713789199765	True	GSE131907	EFFUSION_11	0.0282111167907714	-0.0073518762771134	True
liana	HLA-C_CD8A	MHC_I	HLA-C	CD8A	14	1927	1.5080068111419678	0.8927716612815857	0.9285714285714286	0.4058121432278153	1.2003892362117767	0.7046817663421154	True	14	1927	1.8030251264572144	0.8927716612815857	1.0	0.4058121432278153	1.3478983938694	0.7319408063049763	True	GSE131907	EFFUSION_11	-0.1475091576576233	-0.0272590399628608	True
liana	HLA-C_CD8B	MHC_I	HLA-C	CD8B	14	1927	1.5080068111419678	0.7510709762573242	0.9285714285714286	0.3570316554229372	1.129538893699646	0.6515356672843355	True	14	1927	1.8030251264572144	0.7510709762573242	1.0	0.3570316554229372	1.2770480513572693	0.6814829671970801	True	GSE131907	EFFUSION_11	-0.1475091576576233	-0.0299472999127445	True
liana	HLA-E_KLRD1	MHC_I	HLA-E	KLRD1	14	1927	0.4565546214580536	0.4413574039936065	0.5714285714285714	0.2184743124026985	0.4489560127258301	0.160488516628614	True	14	1927	0.8337910771369934	0.4413574039936065	0.7142857142857143	0.2184743124026985	0.6375742405653	0.2832160022116556	True	GSE131907	EFFUSION_11	-0.1886182278394699	-0.1227274855830415	True
liana	CEACAM5_CD8A	MHC_I_partial	CEACAM5	CD8A	14	1927	2.038975477218628	0.8927716612815857	0.9285714285714286	0.4058121432278153	1.4658735692501068	0.762073558877366	True	14	1927	2.213648557662964	0.8927716612815857	0.8571428571428571	0.4058121432278153	1.5532101094722748	0.7752913424893587	True	GSE131907	EFFUSION_11	-0.0873365402221679	-0.0132177836119926	True
liana	CXCL16_CXCR6	T_recruit	CXCL16	CXCR6	14	1927	1.0389530658721924	0.3078314363956451	0.9285714285714286	0.1852620653866113	0.6733922511339188	0.2302545020413028	True	14	1927	0.8209766149520874	0.3078314363956451	0.6428571428571429	0.1852620653866113	0.5644040256738663	0.1794025861202431	True	GSE131907	EFFUSION_11	0.1089882254600524	0.0508519159210596	True
liana	CXCL14_CXCR4	T_recruit_partial	CXCL14	CXCR4	14	1927	0.0898600444197654	0.66743004322052	0.1428571428571428	0.3938764919564089	0.3786450438201427	0.0411458571496416	True	14	1927	0.1245845705270767	0.66743004322052	0.1428571428571428	0.3938764919564089	0.3960073068737983	0.0529141762569116	True	GSE131907	EFFUSION_11	-0.0173622630536556	-0.01176831910727	True
liana	ALCAM_CD6	other	ALCAM	CD6	14	1927	0.3218321204185486	0.7185291647911072	0.5714285714285714	0.4224182667358588	0.5201806426048279	0.2621665946049097	True	14	1927	0.3084339499473572	0.7185291647911072	0.4285714285714285	0.4224182667358588	0.5134815573692322	0.2523842454999775	True	GSE131907	EFFUSION_11	0.0066990852355957	0.0097823491049321	True
liana	APP_CD74	other	APP	CD74	14	1927	0.799970805644989	2.252506732940674	0.8571428571428571	0.8629994810586403	1.5262387692928314	0.7852300011766296	True	14	1927	0.6579474210739136	2.252506732940674	0.6428571428571429	0.8629994810586403	1.4552270770072937	0.7463176821159397	True	GSE131907	EFFUSION_11	0.0710116922855377	0.0389123190606898	True
liana	APP_SORL1	other	APP	SORL1	14	1927	0.799970805644989	0.2245312631130218	0.8571428571428571	0.1473793461338868	0.5122510343790054	0.0932372705273092	True	14	1927	0.6579474210739136	0.2245312631130218	0.6428571428571429	0.1473793461338868	0.4412393420934677	0.0764157163697319	True	GSE131907	EFFUSION_11	0.0710116922855377	0.0168215541575772	True
liana	CD320_JAML	other	CD320	JAML	14	1927	0.2693897187709808	0.2887457013130188	0.5	0.1831862999481058	0.2790677100419998	0.0620587928639939	True	14	1927	0.2739194333553314	0.2887457013130188	0.2857142857142857	0.1831862999481058	0.2813325673341751	0.0462723441471211	True	GSE131907	EFFUSION_11	-0.0022648572921752	0.0157864487168728	True
liana	CD44_TYROBP	other	CD44	TYROBP	14	1927	0.8342498540878296	0.5312206149101257	0.7857142857142857	0.2527244421380384	0.6827352344989777	0.3193954704140158	True	14	1927	0.7246351838111877	0.5312206149101257	0.7142857142857143	0.2527244421380384	0.6279278993606567	0.2834491302769254	True	GSE131907	EFFUSION_11	0.0548073351383209	0.0359463401370903	True
liana	CD55_ADGRE5	other	CD55	ADGRE5	14	1927	0.6574613451957703	0.3291328251361847	0.7857142857142857	0.2148417228853139	0.4932970851659775	0.1910810048110885	True	14	1927	0.7600642442703247	0.3291328251361847	0.7142857142857143	0.2148417228853139	0.5445985347032547	0.2178914409978526	True	GSE131907	EFFUSION_11	-0.0513014495372772	-0.026810436186764	True
liana	CD58_CD2	other	CD58	CD2	14	1927	0.1616861820220947	1.840775966644287	0.2857142857142857	0.8162947586922678	1.001231074333191	0.3108799631032393	True	14	1927	0.0979206636548042	1.840775966644287	0.1428571428571428	0.8162947586922678	0.9693483151495456	0.1162651500928282	True	GSE131907	EFFUSION_11	0.0318827591836452	0.1946148130104111	True
liana	CDH1_ITGAE+ITGB7	other	CDH1	ITGAE+ITGB7	14	1927	1.1252254247665403	0.2128426134586334	0.9285714285714286	0.1442656979761287	0.669034019112587	0.1639974615671103	True	14	1927	0.4691025912761688	0.2128426134586334	0.5	0.1442656979761287	0.3409726023674011	0.066531493691995	True	GSE131907	EFFUSION_11	0.3280614167451858	0.0974659678751152	True
liana	CDH1_KLRG1	other	CDH1	KLRG1	14	1927	1.1252254247665403	0.534942626953125	0.9285714285714286	0.299429164504411	0.8300840258598328	0.471826768944368	True	14	1927	0.4691025912761688	0.534942626953125	0.5	0.299429164504411	0.5020226091146469	0.2450362611108048	True	GSE131907	EFFUSION_11	0.3280614167451858	0.2267905078335632	True
liana	CXCL2_DPP4	other	CXCL2	DPP4	14	1927	0.6015653014183044	0.1620613932609558	0.6428571428571429	0.108977685521536	0.3818133473396301	0.0092230072277273	True	14	1927	0.27928426861763	0.1620613932609558	0.1428571428571428	0.108977685521536	0.2206728309392929	0.0014505656020625	True	GSE131907	EFFUSION_11	0.1611405164003372	0.0077724416256647	True
liana	DHCR24_RORA	other	DHCR24	RORA	14	1927	0.8244684934616089	0.443928599357605	0.7857142857142857	0.2776336274001038	0.6341985464096069	0.3324109359011976	True	14	1927	0.3296289443969726	0.443928599357605	0.3571428571428571	0.2776336274001038	0.3867787718772888	0.136468772452717	True	GSE131907	EFFUSION_11	0.2474197745323181	0.1959421634484805	True
liana	DHCR7_NR1H2	other	DHCR7	NR1H2	14	1927	0.1192022934556007	0.1545905172824859	0.2857142857142857	0.1063829787234042	0.1368964053690433	0.0009324585204041	True	14	1927	0.0836362987756729	0.1545905172824859	0.1428571428571428	0.1063829787234042	0.1191134080290794	0.0003612657007896	True	GSE131907	EFFUSION_11	0.0177829973399639	0.0005711928196145	True
liana	DHCR7_RORA	other	DHCR7	RORA	14	1927	0.1192022934556007	0.443928599357605	0.2857142857142857	0.2776336274001038	0.2815654464066028	0.0442262077080331	True	14	1927	0.0836362987756729	0.443928599357605	0.1428571428571428	0.2776336274001038	0.2637824490666389	0.0176019609433521	True	GSE131907	EFFUSION_11	0.0177829973399639	0.026624246764681	True
liana	F11R_ITGAL+ITGB2	other	F11R	ITGAL+ITGB2	14	1927	0.9858641624450684	0.1853854656219482	0.7857142857142857	0.1266216917488324	0.5856248140335083	0.2685249941198936	True	14	1927	0.8105884790420532	0.1853854656219482	0.7142857142857143	0.1266216917488324	0.4979869723320007	0.2160643616056109	True	GSE131907	EFFUSION_11	0.0876378417015075	0.0524606325142827	True
liana	FGL1_LAG3	other	FGL1	LAG3	14	1927	0.0934751853346824	0.2663810551166534	0.2857142857142857	0.1639854696419304	0.1799281202256679	0.0143458785433253	True	14	1927	0.1919035017490387	0.2663810551166534	0.1428571428571428	0.1639854696419304	0.229142278432846	0.0215044110855083	True	GSE131907	EFFUSION_11	-0.0492141582071781	-0.0071585325421829	True
liana	FN1_ITGA4+ITGB1	other	FN1	ITGA4+ITGB1	14	1927	0.178901121020317	0.1574145406484604	0.3571428571428571	0.1053450960041515	0.1681578308343887	0.0098091302131456	True	14	1927	0.4435000419616699	0.1574145406484604	0.5	0.1053450960041515	0.3004572913050651	0.0265208810984423	True	GSE131907	EFFUSION_11	-0.1322994604706764	-0.0167117508852966	True
liana	FN1_ITGA4+ITGB7	other	FN1	ITGA4+ITGB7	14	1927	0.178901121020317	0.1574145406484604	0.3571428571428571	0.1053450960041515	0.1681578308343887	0.0058734499238474	True	14	1927	0.4435000419616699	0.1574145406484604	0.5	0.1053450960041515	0.3004572913050651	0.0159882745446084	True	GSE131907	EFFUSION_11	-0.1322994604706764	-0.010114824620761	True
liana	ICAM1_ITGAL	other	ICAM1	ITGAL	14	1927	0.4612710475921631	0.1853854656219482	0.6428571428571429	0.1266216917488324	0.3233282566070556	0.0287958843963208	True	14	1927	0.2548344433307647	0.1853854656219482	0.2142857142857142	0.1266216917488324	0.2201099544763565	0.0086296906014391	True	GSE131907	EFFUSION_11	0.1032183021306991	0.0201661937948817	True
liana	ICAM1_ITGAL+ITGB2	other	ICAM1	ITGAL+ITGB2	14	1927	0.4612710475921631	0.1853854656219482	0.6428571428571429	0.1266216917488324	0.3233282566070556	0.1425211511437425	True	14	1927	0.2548344433307647	0.1853854656219482	0.2142857142857142	0.1266216917488324	0.2201099544763565	0.0465268635258211	True	GSE131907	EFFUSION_11	0.1032183021306991	0.0959942876179213	True
liana	ICAM1_SPN	other	ICAM1	SPN	14	1927	0.4612710475921631	0.2414665073156356	0.6428571428571429	0.161909704203425	0.3513687774538994	0.0729986893974972	True	14	1927	0.2548344433307647	0.2414665073156356	0.2142857142857142	0.161909704203425	0.2481504753232002	0.0225968477839338	True	GSE131907	EFFUSION_11	0.1032183021306991	0.0504018416135633	True
liana	ICAM3_ITGAL+ITGB2	other	ICAM3	ITGAL+ITGB2	14	1927	0.1265395581722259	0.1853854656219482	0.2857142857142857	0.1266216917488324	0.1559625118970871	0.0319768431101051	True	14	1927	0.1375059783458709	0.1853854656219482	0.2142857142857142	0.1266216917488324	0.1614457219839096	0.0294007619749357	True	GSE131907	EFFUSION_11	-0.0054832100868225	0.0025760811351694	True
liana	IGFBP3_TMEM219	other	IGFBP3	TMEM219	14	1927	0.5335729122161865	0.4819297194480896	0.5714285714285714	0.3160352880124546	0.5077513158321381	0.2602075933668468	True	14	1927	1.0404527187347412	0.4819297194480896	0.6428571428571429	0.3160352880124546	0.7611912190914154	0.4139864682498655	True	GSE131907	EFFUSION_11	-0.2534399032592773	-0.1537788748830187	True
liana	IL7_IL2RG+IL7R	other	IL7	IL2RG+IL7R	14	1927	0.0818561092019081	0.7399584054946899	0.1428571428571428	0.372599896211728	0.410907257348299	0.0415762352770434	True	14	1927	0.0	0.7399584054946899	0.0	0.372599896211728	0.3699792027473449	0.0	False	GSE131907	EFFUSION_11	0.040928054600954	0.0415762352770434	True
liana	ITGAV+ITGB1_ADGRE5	other	ITGAV+ITGB1	ADGRE5	14	1927	0.4664325714111328	0.3291328251361847	0.5714285714285714	0.2148417228853139	0.3977826982736587	0.1797734317877474	True	14	1927	0.1780431717634201	0.3291328251361847	0.2857142857142857	0.2148417228853139	0.2535879984498024	0.1183455824206782	True	GSE131907	EFFUSION_11	0.1441946998238563	0.0614278493670691	True
liana	KLRB1_CLEC2D	other	KLRB1	CLEC2D	14	1927	0.0790439024567604	0.6225506067276001	0.2142857142857142	0.376751427088739	0.3507972545921802	0.0566574122511649	True	14	1927	0.0957207158207893	0.6225506067276001	0.2142857142857142	0.376751427088739	0.3591356612741947	0.056208146896895	True	GSE131907	EFFUSION_11	-0.0083384066820144	0.0004492653542699	True
liana	LGALS9_P4HB	other	LGALS9	P4HB	14	1927	0.6441313028335571	0.6391831040382385	0.7857142857142857	0.3938764919564089	0.6416572034358978	0.4078379499595778	True	14	1927	0.6316498517990112	0.6391831040382385	0.6428571428571429	0.3938764919564089	0.6354164779186249	0.3867797869862037	True	GSE131907	EFFUSION_11	0.0062407255172729	0.021058162973374	True
liana	LIPA_RORA	other	LIPA	RORA	14	1927	0.0562531650066375	0.443928599357605	0.1428571428571428	0.2776336274001038	0.2500908821821213	0.0107570186203993	True	14	1927	0.1134930104017257	0.443928599357605	0.1428571428571428	0.2776336274001038	0.2787108048796654	0.0308648069284669	True	GSE131907	EFFUSION_11	-0.028619922697544	-0.0201077883080676	True
liana	LPAR2_ADGRE5	other	LPAR2	ADGRE5	14	1927	0.1256675571203231	0.3291328251361847	0.2857142857142857	0.2148417228853139	0.2274001911282539	0.0276026752478289	True	14	1927	0.0	0.3291328251361847	0.0	0.2148417228853139	0.1645664125680923	0.0	False	GSE131907	EFFUSION_11	0.0628337785601615	0.0276026752478289	True
liana	PLAUR_ITGA4+ITGB1	other	PLAUR	ITGA4+ITGB1	14	1927	0.664456307888031	0.1574145406484604	0.6428571428571429	0.1053450960041515	0.4109354242682457	0.0379320310408416	True	14	1927	0.9349109530448914	0.1574145406484604	0.7142857142857143	0.1053450960041515	0.5461627468466759	0.0597228178960095	True	GSE131907	EFFUSION_11	-0.1352273225784301	-0.0217907868551679	True
liana	PODXL2_SELL	other	PODXL2	SELL	14	1927	0.116882137954235	0.177460178732872	0.2142857142857142	0.108977685521536	0.1471711583435535	0.001485663858844	True	14	1927	0.1102425009012222	0.177460178732872	0.1428571428571428	0.108977685521536	0.1438513398170471	0.0011351028077675	True	GSE131907	EFFUSION_11	0.0033198185265064	0.0003505610510765	True
liana	PPIA_BSG	other	PPIA	BSG	14	1927	2.3797171115875244	0.6026739478111267	1.0	0.3777893098079917	1.4911955296993256	0.6978218837012647	True	14	1927	2.5354251861572266	0.6026739478111267	1.0	0.3777893098079917	1.5690495669841766	0.7135296162336906	True	GSE131907	EFFUSION_11	-0.077854037284851	-0.0157077325324258	True
liana	PTGES_PTGER4	other	PTGES	PTGER4	14	1927	0.2072521597146988	0.1858046054840088	0.3571428571428571	0.1240269849507005	0.1965283825993538	0.0081061510788134	True	14	1927	0.2529444396495819	0.1858046054840088	0.3571428571428571	0.1240269849507005	0.2193745225667953	0.0106929929201829	True	GSE131907	EFFUSION_11	-0.0228461399674415	-0.0025868418413694	True
liana	PTGES2_PTGER4	other	PTGES2	PTGER4	14	1927	0.2527919411659241	0.1858046054840088	0.5	0.1240269849507005	0.2192982733249664	0.0128285603471123	True	14	1927	0.2995295226573944	0.1858046054840088	0.3571428571428571	0.1240269849507005	0.2426670640707016	0.0122923529365753	True	GSE131907	EFFUSION_11	-0.0233687907457351	0.000536207410537	True
liana	PTGES3_PTGER4	other	PTGES3	PTGER4	14	1927	1.025476336479187	0.1858046054840088	0.8571428571428571	0.1240269849507005	0.6056404709815979	0.0562316682735678	True	14	1927	1.173521876335144	0.1858046054840088	0.7857142857142857	0.1240269849507005	0.6796632409095764	0.0619339460892238	True	GSE131907	EFFUSION_11	-0.0740227699279785	-0.0057022778156559	True
liana	PVR_CD96	other	PVR	CD96	14	1927	0.3282339572906494	0.4716736078262329	0.5	0.2932018681888946	0.3999537825584411	0.1690236051480438	True	14	1927	0.0895099267363548	0.4716736078262329	0.1428571428571428	0.2932018681888946	0.2805917672812938	0.033694513541313	True	GSE131907	EFFUSION_11	0.1193620152771473	0.1353290916067308	True
liana	PVR_TIGIT	other	PVR	TIGIT	14	1927	0.3282339572906494	0.2324970662593841	0.5	0.1395952257394914	0.2803655117750168	0.036982438444474	True	14	1927	0.0895099267363548	0.2324970662593841	0.1428571428571428	0.1395952257394914	0.1610034964978695	0.0065402998924928	True	GSE131907	EFFUSION_11	0.1193620152771473	0.0304421385519811	True
liana	SELPLG_SELL	other	SELPLG	SELL	14	1927	0.0273402351886034	0.177460178732872	0.0714285714285714	0.108977685521536	0.1024002069607377	0.0	False	14	1927	0.0890761762857437	0.177460178732872	0.1428571428571428	0.108977685521536	0.1332681775093078	0.000971207785328	True	GSE131907	EFFUSION_11	-0.0308679705485701	-0.000971207785328	True
liana	SEMA4D_PTPRC	other	SEMA4D	PTPRC	14	1927	0.1203076466917991	1.4039027690887451	0.2857142857142857	0.7151011935651271	0.7621052078902721	0.1596479495373266	True	14	1927	0.0397745892405509	1.4039027690887451	0.0714285714285714	0.7151011935651271	0.7218386791646481	0.0	False	GSE131907	EFFUSION_11	0.040266528725624	0.1596479495373266	True
liana	SPP1_ITGA4+ITGB1	other	SPP1	ITGA4+ITGB1	14	1927	0.306702047586441	0.1574145406484604	0.5	0.1053450960041515	0.2320582941174507	0.0197226175420934	True	14	1927	0.5546387434005737	0.1574145406484604	0.6428571428571429	0.1053450960041515	0.356026642024517	0.0351732131229713	True	GSE131907	EFFUSION_11	-0.1239683479070663	-0.0154505955808779	True
liana	TNC_ITGA4+ITGB1	other	TNC	ITGA4+ITGB1	14	1927	0.2404702752828598	0.1574145406484604	0.4285714285714285	0.1053450960041515	0.1989424079656601	0.0142712273612878	True	14	1927	0.4221851229667663	0.1574145406484604	0.5714285714285714	0.1053450960041515	0.2897998318076134	0.0273123646528334	True	GSE131907	EFFUSION_11	-0.0908574238419532	-0.0130411372915456	True
cellchat	CXCL16_CXCR6	CXCL	CXCL16	CXCR6	111	1054	0.3341070711612701	0.2858507931232452	0.4144144144144144	0.1612903225806451	0.3099789321422577	0.0521420407625433	True	110	1054	0.3236813545227051	0.2858507931232452	0.3090909090909091	0.1612903225806451	0.3047660738229751	0.0394557704122546	True	GSE131907	LUNG_T18	0.0052128583192825	0.0126862703502886	True
cellchat	SPP1_CD44	SPP1	SPP1	CD44	111	1054	0.7358106970787048	1.1993250846862793	0.6846846846846847	0.6053130929791272	0.967567890882492	0.606237359652771	True	110	1054	0.803604006767273	1.1993250846862793	0.5545454545454546	0.6053130929791272	1.001464545726776	0.6128602894421918	True	GSE131907	LUNG_T18	-0.033896654844284	-0.0066229297894208	True
cellchat	MDK_NCL	MK	MDK	NCL	111	1054	2.300915479660034	0.7186251878738403	0.918918918918919	0.4060721062618596	1.5097703337669373	0.7445833691179758	True	110	1054	1.976601481437683	0.7186251878738403	0.7818181818181819	0.4060721062618596	1.3476133346557615	0.7106395244592548	True	GSE131907	LUNG_T18	0.1621569991111755	0.033943844658721	True
cellchat	PTN_NCL	PTN	PTN	NCL	111	1054	0.336530476808548	0.7186251878738403	0.2972972972972973	0.4060721062618596	0.5275778323411942	0.178295196918259	True	110	1054	0.3050088286399841	0.7186251878738403	0.2454545454545454	0.4060721062618596	0.5118170082569122	0.1731639980445543	True	GSE131907	LUNG_T18	0.0157608240842819	0.0051311988737047	True
cellchat	LGALS9_CD45	GALECTIN	LGALS9	PTPRC	111	1054	0.4578841626644134	1.230220913887024	0.4864864864864865	0.635673624288425	0.8440525382757187	0.4685253761888543	True	110	1054	0.2063942402601242	1.230220913887024	0.209090909090909	0.635673624288425	0.7183075770735741	0.1789544056935322	True	GSE131907	LUNG_T18	0.1257449612021446	0.2895709704953221	True
cellchat	LGALS9_HAVCR2	GALECTIN	LGALS9	HAVCR2	111	1054	0.4578841626644134	0.1662748157978058	0.4864864864864865	0.1053130929791271	0.3120794892311096	0.004002108267155	True	110	1054	0.2063942402601242	0.1662748157978058	0.209090909090909	0.1053130929791271	0.186334528028965	0.0009924844348812	True	GSE131907	LUNG_T18	0.1257449612021446	0.0030096238322738	True
cellchat	LGALS9_CD44	GALECTIN	LGALS9	CD44	111	1054	0.4578841626644134	1.1993250846862793	0.4864864864864865	0.6053130929791272	0.8286046236753464	0.4591423409694669	True	110	1054	0.2063942402601242	1.1993250846862793	0.209090909090909	0.6053130929791272	0.7028596624732018	0.1734776389231877	True	GSE131907	LUNG_T18	0.1257449612021446	0.2856647020462792	True
cellchat	FN1_CD44	FN1	FN1	CD44	111	1054	0.2441258281469345	1.1993250846862793	0.2702702702702703	0.6053130929791272	0.7217254564166069	0.2530758111431934	True	110	1054	0.2328734844923019	1.1993250846862793	0.2181818181818181	0.6053130929791272	0.7160992845892906	0.1814121286390351	True	GSE131907	LUNG_T18	0.0056261718273162	0.0716636825041583	True
cellchat	COL1A1_CD44	COLLAGEN	COL1A1	CD44	111	1054	1.4087954759597778	1.1993250846862793	0.7297297297297297	0.6053130929791272	1.3040602803230286	0.7577439301612267	True	110	1054	0.912352740764618	1.1993250846862793	0.4909090909090909	0.6053130929791272	1.0558389127254486	0.6437776339676095	True	GSE131907	LUNG_T18	0.2482213675975799	0.1139662961936172	True
cellchat	COL9A2_CD44	COLLAGEN	COL9A2	CD44	111	1054	0.1192974373698234	1.1993250846862793	0.1531531531531531	0.6053130929791272	0.6593112610280514	0.0599897018682615	True	110	1054	0.090560644865036	1.1993250846862793	0.1	0.6053130929791272	0.6449428647756577	0.0	True	GSE131907	LUNG_T18	0.0143683962523937	0.0599897018682615	True
cellchat	LAMA5_CD44	LAMININ	LAMA5	CD44	111	1054	0.3288857638835907	1.1993250846862793	0.3873873873873873	0.6053130929791272	0.764105424284935	0.3553517423053309	True	110	1054	0.2156370282173156	1.1993250846862793	0.2545454545454545	0.6053130929791272	0.7074810564517975	0.2144165757314688	True	GSE131907	LUNG_T18	0.0566243678331375	0.140935166573862	True
cellchat	LAMB2_CD44	LAMININ	LAMB2	CD44	111	1054	0.1910692006349563	1.1993250846862793	0.2792792792792792	0.6053130929791272	0.6951971426606178	0.2102375211254582	True	110	1054	0.1111470311880111	1.1993250846862793	0.1363636363636363	0.6053130929791272	0.6552360579371452	0.0423094491404449	True	GSE131907	LUNG_T18	0.0399610847234725	0.1679280719850132	True
cellchat	LAMB3_CD44	LAMININ	LAMB3	CD44	111	1054	0.5889613032341003	1.1993250846862793	0.5045045045045045	0.6053130929791272	0.8941431939601898	0.5184518938939328	True	110	1054	0.2349359989166259	1.1993250846862793	0.2272727272727272	0.6053130929791272	0.7171305418014526	0.2096652062846565	True	GSE131907	LUNG_T18	0.1770126521587371	0.3087866876092762	True
cellchat	LAMC1_CD44	LAMININ	LAMC1	CD44	111	1054	0.2179574221372604	1.1993250846862793	0.2972972972972973	0.6053130929791272	0.7086412534117699	0.2442045900858069	True	110	1054	0.1081184595823288	1.1993250846862793	0.1636363636363636	0.6053130929791272	0.653721772134304	0.0725137072012605	True	GSE131907	LUNG_T18	0.0549194812774658	0.1716908828845463	True
cellchat	LAMC2_CD44	LAMININ	LAMC2	CD44	111	1054	0.4781184792518616	1.1993250846862793	0.4234234234234234	0.6053130929791272	0.8387217819690704	0.4527056363008738	True	110	1054	0.1494874060153961	1.1993250846862793	0.1545454545454545	0.6053130929791272	0.6744062453508377	0.0854534361749033	True	GSE131907	LUNG_T18	0.1643155366182327	0.3672522001259705	True
cellchat	THBS3_CD47	THBS	THBS3	CD47	111	1054	0.0707357600331306	0.3810519576072693	0.1081081081081081	0.2371916508538899	0.2258938588201999	0.0025373964315169	True	110	1054	0.0077814711257815	0.3810519576072693	0.0181818181818181	0.2371916508538899	0.1944167143665254	0.0	False	GSE131907	LUNG_T18	0.0314771444536745	0.0025373964315169	True
cellchat	APP_CD74	APP	APP	CD74	111	1054	0.778349757194519	2.0609822273254395	0.6666666666666666	0.8149905123339658	1.4196659922599792	0.7527077657841387	True	110	1054	0.3743888735771179	2.0609822273254395	0.3363636363636363	0.8149905123339658	1.217685550451279	0.5317826086424002	True	GSE131907	LUNG_T18	0.2019804418087005	0.2209251571417384	True
cellchat	CD99_CD99	CD99	CD99	CD99	111	1054	1.2899208068847656	1.2616314888000488	0.8108108108108109	0.6413662239089184	1.2757761478424072	0.763335739093708	True	110	1054	0.9407660961151124	1.2616314888000488	0.6	0.6413662239089184	1.1011987924575806	0.685552859425582	True	GSE131907	LUNG_T18	0.1745773553848266	0.077782879668126	True
cellchat	CLEC2B_KLRB1	CLEC	CLEC2B	KLRB1	111	1054	0.2704403102397918	1.1485198736190796	0.2792792792792792	0.4240986717267552	0.7094800919294357	0.2280135287150707	True	110	1054	0.2422125935554504	1.1485198736190796	0.2272727272727272	0.4240986717267552	0.695366233587265	0.1740758502757922	True	GSE131907	LUNG_T18	0.0141138583421707	0.0539376784392785	True
cellchat	ICAM1_SPN	ICAM	ICAM1	SPN	111	1054	0.6293080449104309	0.3182759582996368	0.5495495495495496	0.1992409867172675	0.4737920016050339	0.1550683886785399	True	110	1054	0.4155002236366272	0.3182759582996368	0.3272727272727272	0.1992409867172675	0.366888090968132	0.0855184981302546	True	GSE131907	LUNG_T18	0.1069039106369018	0.0695498905482853	True
cellchat	HLA-A_CD8A	MHC-I	HLA-A	CD8A	111	1054	2.2877392768859863	0.5848190188407898	0.9369369369369368	0.2552182163187855	1.436279147863388	0.6394681816120763	True	110	1054	1.712827205657959	0.5848190188407898	0.7	0.2552182163187855	1.1488231122493744	0.5548952270662578	True	GSE131907	LUNG_T18	0.2874560356140136	0.0845729545458184	True
cellchat	HLA-B_CD8A	MHC-I	HLA-B	CD8A	111	1054	1.8954476118087769	0.5848190188407898	0.8918918918918919	0.2552182163187855	1.240133315324783	0.5931045920590007	True	110	1054	1.645642638206482	0.5848190188407898	0.7363636363636363	0.2552182163187855	1.115230828523636	0.548974618809999	True	GSE131907	LUNG_T18	0.1249024868011474	0.0441299732490017	True
cellchat	HLA-C_CD8A	MHC-I	HLA-C	CD8A	111	1054	2.001643657684326	0.5848190188407898	0.9009009009009008	0.2552182163187855	1.293231338262558	0.6073658580746424	True	110	1054	1.760366678237915	0.5848190188407898	0.7454545454545455	0.2552182163187855	1.1725928485393524	0.5673516164994515	True	GSE131907	LUNG_T18	0.1206384897232055	0.0400142415751908	True
cellchat	HLA-E_CD8A	MHC-I	HLA-E	CD8A	111	1054	0.7546259760856628	0.5848190188407898	0.6756756756756757	0.2552182163187855	0.6697224974632263	0.3424867968092687	True	110	1054	0.5560683608055115	0.5848190188407898	0.4090909090909091	0.2552182163187855	0.5704436898231506	0.2448014473966967	True	GSE131907	LUNG_T18	0.0992788076400756	0.0976853494125719	True
cellchat	HLA-F_CD8A	MHC-I	HLA-F	CD8A	111	1054	0.1675333380699157	0.5848190188407898	0.2072072072072072	0.2552182163187855	0.3761761784553528	0.0518968634890646	True	110	1054	0.1867727786302566	0.5848190188407898	0.2	0.2552182163187855	0.3857958987355232	0.0476557254694577	True	GSE131907	LUNG_T18	-0.0096197202801704	0.0042411380196068	True
cellchat	HLA-A_CD8B	MHC-I	HLA-A	CD8B	111	1054	2.2877392768859863	0.3733688592910766	0.9369369369369368	0.1774193548387097	1.3305540680885315	0.4267621911584568	True	110	1054	1.712827205657959	0.3733688592910766	0.7	0.1774193548387097	1.0430980324745178	0.3435168732771708	True	GSE131907	LUNG_T18	0.2874560356140136	0.083245317881286	True
cellchat	HLA-B_CD8B	MHC-I	HLA-B	CD8B	111	1054	1.8954476118087769	0.3733688592910766	0.8918918918918919	0.1774193548387097	1.1344082355499268	0.3795836515305389	True	110	1054	1.645642638206482	0.3733688592910766	0.7363636363636363	0.1774193548387097	1.0095057487487793	0.3381382676638522	True	GSE131907	LUNG_T18	0.1249024868011474	0.0414453838666867	True
cellchat	HLA-C_CD8B	MHC-I	HLA-C	CD8B	111	1054	2.001643657684326	0.3733688592910766	0.9009009009009008	0.1774193548387097	1.1875062584877014	0.3936781444360756	True	110	1054	1.760366678237915	0.3733688592910766	0.7454545454545455	0.1774193548387097	1.0668677687644958	0.3550128334458872	True	GSE131907	LUNG_T18	0.1206384897232055	0.0386653109901884	True
cellchat	HLA-E_CD8B	MHC-I	HLA-E	CD8B	111	1054	0.7546259760856628	0.3733688592910766	0.6756756756756757	0.1774193548387097	0.5639974176883698	0.1794082025677761	True	110	1054	0.5560683608055115	0.3733688592910766	0.4090909090909091	0.1774193548387097	0.464718610048294	0.1197643481520279	True	GSE131907	LUNG_T18	0.0992788076400756	0.0596438544157482	True
cellchat	HLA-F_CD8B	MHC-I	HLA-F	CD8B	111	1054	0.1675333380699157	0.3733688592910766	0.2072072072072072	0.1774193548387097	0.2704510986804962	0.022459296353675	True	110	1054	0.1867727786302566	0.3733688592910766	0.2	0.1774193548387097	0.2800708189606666	0.020571669584722	True	GSE131907	LUNG_T18	-0.0096197202801704	0.001887626768953	True
cellchat	HLA-DPA1_CD4	MHC-II	HLA-DPA1	CD4	111	1054	0.266536682844162	0.2506590187549591	0.2522522522522522	0.1518026565464895	0.2585978507995605	0.0224472813193675	True	110	1054	0.4184678494930267	0.2506590187549591	0.3272727272727272	0.1518026565464895	0.3345634341239929	0.0397039999714387	True	GSE131907	LUNG_T18	-0.0759655833244323	-0.0172567186520711	True
cellchat	HLA-DPB1_CD4	MHC-II	HLA-DPB1	CD4	111	1054	0.2611572444438934	0.2506590187549591	0.2792792792792792	0.1518026565464895	0.2559081315994262	0.0228208009357645	True	110	1054	0.2456442713737487	0.2506590187549591	0.2	0.1518026565464895	0.2481516450643539	0.0128712037245329	True	GSE131907	LUNG_T18	0.0077564865350723	0.0099495972112315	True
cellchat	HLA-DQA1_CD4	MHC-II	HLA-DQA1	CD4	111	1054	0.0743204057216644	0.2506590187549591	0.1351351351351351	0.1518026565464895	0.1624897122383117	0.0033185720139722	True	110	1054	0.179469883441925	0.2506590187549591	0.1636363636363636	0.1518026565464895	0.215064451098442	0.0062359264799791	True	GSE131907	LUNG_T18	-0.0525747388601303	-0.0029173544660069	True
cellchat	HLA-DMA_CD4	MHC-II	HLA-DMA	CD4	111	1054	0.1593297272920608	0.2506590187549591	0.2072072072072072	0.1518026565464895	0.2049943730235099	0.0119282470661444	True	110	1054	0.1929632723331451	0.2506590187549591	0.1818181818181818	0.1518026565464895	0.2218111455440521	0.0114226767829063	True	GSE131907	LUNG_T18	-0.0168167725205421	0.000505570283238	True
cellchat	HLA-DQB1_CD4	MHC-II	HLA-DQB1	CD4	111	1054	0.4596360325813293	0.2506590187549591	0.4684684684684684	0.1518026565464895	0.3551475256681442	0.0580932654207267	True	110	1054	0.432019293308258	0.2506590187549591	0.3727272727272727	0.1518026565464895	0.3413391560316086	0.0482376181434548	True	GSE131907	LUNG_T18	0.0138083696365356	0.0098556472772719	True
cellchat	HLA-DRA_CD4	MHC-II	HLA-DRA	CD4	111	1054	0.6880242824554443	0.2506590187549591	0.6216216216216216	0.1518026565464895	0.4693416506052017	0.0911543071023561	True	110	1054	0.6616694927215576	0.2506590187549591	0.4272727272727272	0.1518026565464895	0.4561642557382583	0.0766853907258359	True	GSE131907	LUNG_T18	0.0131773948669433	0.0144689163765201	True
cellchat	HLA-DRB1_CD4	MHC-II	HLA-DRB1	CD4	111	1054	0.7325671315193176	0.2506590187549591	0.6486486486486487	0.1518026565464895	0.4916130751371383	0.1014290636138628	True	110	1054	0.9604910016059875	0.2506590187549591	0.5727272727272728	0.1518026565464895	0.6055750101804733	0.1242356538922385	True	GSE131907	LUNG_T18	-0.1139619350433349	-0.0228065902783757	True
cellchat	CD55_ADGRE5	ADGRE	CD55	ADGRE5	111	1054	0.7373319268226624	0.4307981729507446	0.6576576576576577	0.2495256166982922	0.5840650498867035	0.2766673485263681	True	110	1054	0.3505613505840301	0.4307981729507446	0.3363636363636363	0.2495256166982922	0.3906797617673874	0.1125763101966443	True	GSE131907	LUNG_T18	0.1933852881193161	0.1640910383297237	True
cellchat	APP_SORL1	APP	APP	SORL1	111	1054	0.778349757194519	0.1672156304121017	0.6666666666666666	0.1005692599620493	0.4727826938033104	0.0017004278316709	True	110	1054	0.3743888735771179	0.1672156304121017	0.3363636363636363	0.1005692599620493	0.2708022519946098	0.0006351730318681	True	GSE131907	LUNG_T18	0.2019804418087005	0.0010652547998028	True
cellchat	CEACAM1_CEACAM6	CEACAM	CEACAM1	CEACAM6	111	1054	0.0861930325627327	0.2063176780939102	0.1261261261261261	0.1233396584440227	0.1462553553283214	0.001017837978191	True	110	1054	0.0672866702079773	0.2063176780939102	0.1	0.1233396584440227	0.1368021741509437	0.0	True	GSE131907	LUNG_T18	0.0094531811773777	0.001017837978191	True
cellchat	CEACAM5_CEACAM6	CEACAM	CEACAM5	CEACAM6	111	1054	1.2141902446746826	0.2063176780939102	0.6666666666666666	0.1233396584440227	0.7102539613842964	0.0759490174754248	True	110	1054	0.8823169469833374	0.2063176780939102	0.4272727272727272	0.1233396584440227	0.5443173125386238	0.0498959046463736	True	GSE131907	LUNG_T18	0.1659366488456726	0.0260531128290512	True
cellchat	CEACAM6_CEACAM6	CEACAM	CEACAM6	CEACAM6	111	1054	1.784732222557068	0.2063176780939102	0.8018018018018018	0.1233396584440227	0.995524950325489	0.1129872019966462	True	110	1054	1.5168606042861938	0.2063176780939102	0.6454545454545455	0.1233396584440227	0.861589141190052	0.094039547286083	True	GSE131907	LUNG_T18	0.133935809135437	0.0189476547105632	True
cellchat	IGFBP3_TMEM219	IGFBP	IGFBP3	TMEM219	111	1054	1.740036964416504	0.4021387100219726	0.8378378378378378	0.2533206831119544	1.0710878372192385	0.4857371424633956	True	110	1054	0.7118945717811584	0.4021387100219726	0.4	0.2533206831119544	0.5570166409015656	0.2240564557697959	True	GSE131907	LUNG_T18	0.5140711963176727	0.2616806866935997	True
cellchat	LGALS9_P4HB	GALECTIN	LGALS9	P4HB	111	1054	0.4578841626644134	0.5306434631347656	0.4864864864864865	0.3159392789373814	0.4942638128995895	0.2276391217712877	True	110	1054	0.2063942402601242	0.5306434631347656	0.209090909090909	0.3159392789373814	0.3685188516974449	0.0679209738445735	True	GSE131907	LUNG_T18	0.1257449612021446	0.1597181479267142	True
cellchat	PPIA_BSG	CypA	PPIA	BSG	111	1054	2.7217953205108643	0.5309973359107971	0.9369369369369368	0.3168880455407969	1.626396328210831	0.6956596416043053	True	110	1054	3.0852489471435547	0.5309973359107971	0.9636363636363636	0.3168880455407969	1.808123141527176	0.7203186341053772	True	GSE131907	LUNG_T18	-0.1817268133163452	-0.0246589925010719	True
liana	HLA-A_CD8A	MHC_I	HLA-A	CD8A	111	1054	2.2877392768859863	0.5848190188407898	0.9369369369369368	0.2552182163187855	1.436279147863388	0.6394681816120763	True	110	1054	1.712827205657959	0.5848190188407898	0.7	0.2552182163187855	1.1488231122493744	0.5548952270662578	True	GSE131907	LUNG_T18	0.2874560356140136	0.0845729545458184	True
liana	HLA-A_CD8B	MHC_I	HLA-A	CD8B	111	1054	2.2877392768859863	0.3733688592910766	0.9369369369369368	0.1774193548387097	1.3305540680885315	0.4267621911584568	True	110	1054	1.712827205657959	0.3733688592910766	0.7	0.1774193548387097	1.0430980324745178	0.3435168732771708	True	GSE131907	LUNG_T18	0.2874560356140136	0.083245317881286	True
liana	HLA-B_CD8A	MHC_I	HLA-B	CD8A	111	1054	1.8954476118087769	0.5848190188407898	0.8918918918918919	0.2552182163187855	1.240133315324783	0.5931045920590007	True	110	1054	1.645642638206482	0.5848190188407898	0.7363636363636363	0.2552182163187855	1.115230828523636	0.548974618809999	True	GSE131907	LUNG_T18	0.1249024868011474	0.0441299732490017	True
liana	HLA-B_CD8B	MHC_I	HLA-B	CD8B	111	1054	1.8954476118087769	0.3733688592910766	0.8918918918918919	0.1774193548387097	1.1344082355499268	0.3795836515305389	True	110	1054	1.645642638206482	0.3733688592910766	0.7363636363636363	0.1774193548387097	1.0095057487487793	0.3381382676638522	True	GSE131907	LUNG_T18	0.1249024868011474	0.0414453838666867	True
liana	HLA-C_CD8A	MHC_I	HLA-C	CD8A	111	1054	2.001643657684326	0.5848190188407898	0.9009009009009008	0.2552182163187855	1.293231338262558	0.6073658580746424	True	110	1054	1.760366678237915	0.5848190188407898	0.7454545454545455	0.2552182163187855	1.1725928485393524	0.5673516164994515	True	GSE131907	LUNG_T18	0.1206384897232055	0.0400142415751908	True
liana	HLA-C_CD8B	MHC_I	HLA-C	CD8B	111	1054	2.001643657684326	0.3733688592910766	0.9009009009009008	0.1774193548387097	1.1875062584877014	0.3936781444360756	True	110	1054	1.760366678237915	0.3733688592910766	0.7454545454545455	0.1774193548387097	1.0668677687644958	0.3550128334458872	True	GSE131907	LUNG_T18	0.1206384897232055	0.0386653109901884	True
liana	HLA-E_KLRD1	MHC_I	HLA-E	KLRD1	111	1054	0.7546259760856628	0.2073081731796264	0.6756756756756757	0.1015180265654649	0.4809670746326446	0.0033110695768653	True	110	1054	0.5560683608055115	0.2073081731796264	0.4090909090909091	0.1015180265654649	0.3816882669925689	0.0020631234720731	True	GSE131907	LUNG_T18	0.0992788076400756	0.0012479461047921	True
liana	CEACAM5_CD8A	MHC_I_partial	CEACAM5	CD8A	111	1054	1.2141902446746826	0.5848190188407898	0.6666666666666666	0.2552182163187855	0.8995046317577362	0.4615304333780217	True	110	1054	0.8823169469833374	0.5848190188407898	0.4272727272727272	0.2552182163187855	0.7335679829120636	0.3538609578491862	True	GSE131907	LUNG_T18	0.1659366488456726	0.1076694755288354	True
liana	CXCL16_CXCR6	T_recruit	CXCL16	CXCR6	111	1054	0.3341070711612701	0.2858507931232452	0.4144144144144144	0.1612903225806451	0.3099789321422577	0.0521420407625433	True	110	1054	0.3236813545227051	0.2858507931232452	0.3090909090909091	0.1612903225806451	0.3047660738229751	0.0394557704122546	True	GSE131907	LUNG_T18	0.0052128583192825	0.0126862703502886	True
liana	CXCL14_CXCR4	T_recruit_partial	CXCL14	CXCR4	111	1054	0.1138661950826644	2.2554402351379395	0.09009009009009	0.7789373814041746	1.184653215110302	0.0	False	110	1054	0.1631180644035339	2.2554402351379395	0.109090909090909	0.7789373814041746	1.2092791497707367	0.023567520541257	True	GSE131907	LUNG_T18	-0.0246259346604347	-0.023567520541257	True
liana	ALCAM_CD6	other	ALCAM	CD6	111	1054	0.6818218231201172	0.4079885184764862	0.5945945945945946	0.2409867172675522	0.5449051707983017	0.2388192297794408	True	110	1054	0.3715220093727112	0.4079885184764862	0.3454545454545454	0.2409867172675522	0.3897552639245987	0.117212746661033	True	GSE131907	LUNG_T18	0.155149906873703	0.1216064831184078	True
liana	APP_CD74	other	APP	CD74	111	1054	0.778349757194519	2.0609822273254395	0.6666666666666666	0.8149905123339658	1.4196659922599792	0.7527077657841387	True	110	1054	0.3743888735771179	2.0609822273254395	0.3363636363636363	0.8149905123339658	1.217685550451279	0.5317826086424002	True	GSE131907	LUNG_T18	0.2019804418087005	0.2209251571417384	True
liana	APP_SORL1	other	APP	SORL1	111	1054	0.778349757194519	0.1672156304121017	0.6666666666666666	0.1005692599620493	0.4727826938033104	0.0017004278316709	True	110	1054	0.3743888735771179	0.1672156304121017	0.3363636363636363	0.1005692599620493	0.2708022519946098	0.0006351730318681	True	GSE131907	LUNG_T18	0.2019804418087005	0.0010652547998028	True
liana	CD320_JAML	other	CD320	JAML	111	1054	0.2307814508676529	0.2691941261291504	0.2792792792792792	0.1574952561669829	0.2499877884984016	0.0268851851954882	True	110	1054	0.2175823748111724	0.2691941261291504	0.2272727272727272	0.1574952561669829	0.2433882504701614	0.0205596295956597	True	GSE131907	LUNG_T18	0.0065995380282402	0.0063255555998285	True
liana	CD44_TYROBP	other	CD44	TYROBP	111	1054	0.3085904717445373	0.3830678761005401	0.3693693693693693	0.1783681214421252	0.3458291739225387	0.0619987840374762	True	110	1054	0.3498168885707855	0.3830678761005401	0.3	0.1783681214421252	0.3664423823356628	0.0606144906836606	True	GSE131907	LUNG_T18	-0.020613208413124	0.0013842933538155	True
liana	CD47_SIRPG	other	CD47	SIRPG	111	1054	1.0170522928237915	0.2461245507001876	0.7477477477477478	0.1527514231499051	0.6315884217619896	0.1374892313997538	True	110	1054	0.7641725540161133	0.2461245507001876	0.5272727272727272	0.1527514231499051	0.5051485523581505	0.097569566443675	True	GSE131907	LUNG_T18	0.1264398694038391	0.0399196649560788	True
liana	CD55_ADGRE5	other	CD55	ADGRE5	111	1054	0.7373319268226624	0.4307981729507446	0.6576576576576577	0.2495256166982922	0.5840650498867035	0.2766673485263681	True	110	1054	0.3505613505840301	0.4307981729507446	0.3363636363636363	0.2495256166982922	0.3906797617673874	0.1125763101966443	True	GSE131907	LUNG_T18	0.1933852881193161	0.1640910383297237	True
liana	CD58_CD2	other	CD58	CD2	111	1054	0.0970914885401725	2.059558153152466	0.1531531531531531	0.8406072106261859	1.0783248208463192	0.1145458959456435	True	110	1054	0.084319993853569	2.059558153152466	0.109090909090909	0.8406072106261859	1.0719390735030174	0.0213910561246785	True	GSE131907	LUNG_T18	0.0063857473433017	0.093154839820965	True
liana	CDH1_ITGAE+ITGB7	other	CDH1	ITGAE+ITGB7	111	1054	0.2812139391899109	0.2867238223552704	0.3783783783783784	0.1793168880455408	0.2839688807725906	0.0588526443368287	True	110	1054	0.2014161497354507	0.2867238223552704	0.2272727272727272	0.1793168880455408	0.2440699860453605	0.0296785760576793	True	GSE131907	LUNG_T18	0.03989889472723	0.0291740682791494	True
liana	CEACAM1_CEACAM6	other	CEACAM1	CEACAM6	111	1054	0.0861930325627327	0.2063176780939102	0.1261261261261261	0.1233396584440227	0.1462553553283214	0.001017837978191	True	110	1054	0.0672866702079773	0.2063176780939102	0.1	0.1233396584440227	0.1368021741509437	0.0	True	GSE131907	LUNG_T18	0.0094531811773777	0.001017837978191	True
liana	CEACAM5_CEACAM6	other	CEACAM5	CEACAM6	111	1054	1.2141902446746826	0.2063176780939102	0.6666666666666666	0.1233396584440227	0.7102539613842964	0.0759490174754248	True	110	1054	0.8823169469833374	0.2063176780939102	0.4272727272727272	0.1233396584440227	0.5443173125386238	0.0498959046463736	True	GSE131907	LUNG_T18	0.1659366488456726	0.0260531128290512	True
liana	CEACAM6_CEACAM6	other	CEACAM6	CEACAM6	111	1054	1.784732222557068	0.2063176780939102	0.8018018018018018	0.1233396584440227	0.995524950325489	0.1129872019966462	True	110	1054	1.5168606042861938	0.2063176780939102	0.6454545454545455	0.1233396584440227	0.861589141190052	0.094039547286083	True	GSE131907	LUNG_T18	0.133935809135437	0.0189476547105632	True
liana	DHCR24_RORA	other	DHCR24	RORA	111	1054	0.4963931739330292	0.5078234672546387	0.5225225225225225	0.2922201138519924	0.5021083205938339	0.2328135375025017	True	110	1054	0.2821888029575348	0.5078234672546387	0.2636363636363636	0.2922201138519924	0.3950061351060867	0.1014892992117424	True	GSE131907	LUNG_T18	0.1071021854877471	0.1313242382907593	True
liana	DHCR7_NR1H2	other	DHCR7	NR1H2	111	1054	0.1015965119004249	0.216751679778099	0.1351351351351351	0.1347248576850095	0.159174095839262	0.0020228312353949	True	110	1054	0.024903243407607	0.216751679778099	0.0454545454545454	0.1347248576850095	0.120827461592853	0.0	False	GSE131907	LUNG_T18	0.0383466342464089	0.0020228312353949	True
liana	DHCR7_RORA	other	DHCR7	RORA	111	1054	0.1015965119004249	0.5078234672546387	0.1351351351351351	0.2922201138519924	0.3047099895775318	0.0133886051925592	True	110	1054	0.024903243407607	0.5078234672546387	0.0454545454545454	0.2922201138519924	0.2663633553311229	0.0	False	GSE131907	LUNG_T18	0.0383466342464089	0.0133886051925592	True
liana	ICAM1_SPN	other	ICAM1	SPN	111	1054	0.6293080449104309	0.3182759582996368	0.5495495495495496	0.1992409867172675	0.4737920016050339	0.1550683886785399	True	110	1054	0.4155002236366272	0.3182759582996368	0.3272727272727272	0.1992409867172675	0.366888090968132	0.0855184981302546	True	GSE131907	LUNG_T18	0.1069039106369018	0.0695498905482853	True
liana	IGFBP3_TMEM219	other	IGFBP3	TMEM219	111	1054	1.740036964416504	0.4021387100219726	0.8378378378378378	0.2533206831119544	1.0710878372192385	0.4857371424633956	True	110	1054	0.7118945717811584	0.4021387100219726	0.4	0.2533206831119544	0.5570166409015656	0.2240564557697959	True	GSE131907	LUNG_T18	0.5140711963176727	0.2616806866935997	True
liana	ITGAV+ITGB1_ADGRE5	other	ITGAV+ITGB1	ADGRE5	111	1054	0.305635929107666	0.4307981729507446	0.3423423423423423	0.2495256166982922	0.3682170510292053	0.180364549976979	True	110	1054	0.1403971165418625	0.4307981729507446	0.1818181818181818	0.2495256166982922	0.2855976447463035	0.0668099348957677	True	GSE131907	LUNG_T18	0.0826194062829017	0.1135546150812112	True
liana	LGALS9_HAVCR2	other	LGALS9	HAVCR2	111	1054	0.4578841626644134	0.1662748157978058	0.4864864864864865	0.1053130929791271	0.3120794892311096	0.004002108267155	True	110	1054	0.2063942402601242	0.1662748157978058	0.209090909090909	0.1053130929791271	0.186334528028965	0.0009924844348812	True	GSE131907	LUNG_T18	0.1257449612021446	0.0030096238322738	True
liana	LGALS9_P4HB	other	LGALS9	P4HB	111	1054	0.4578841626644134	0.5306434631347656	0.4864864864864865	0.3159392789373814	0.4942638128995895	0.2276391217712877	True	110	1054	0.2063942402601242	0.5306434631347656	0.209090909090909	0.3159392789373814	0.3685188516974449	0.0679209738445735	True	GSE131907	LUNG_T18	0.1257449612021446	0.1597181479267142	True
liana	LIPA_RORA	other	LIPA	RORA	111	1054	0.0740567445755004	0.5078234672546387	0.1081081081081081	0.2922201138519924	0.2909401059150696	0.0037449971704908	True	110	1054	0.0677416250109672	0.5078234672546387	0.0818181818181818	0.2922201138519924	0.2877825461328029	0.0	False	GSE131907	LUNG_T18	0.0031575597822666	0.0037449971704908	True
liana	PODXL2_SELL	other	PODXL2	SELL	111	1054	0.4389950037002563	0.2677444815635681	0.4774774774774775	0.1574952561669829	0.3533697426319122	0.0616607635889522	True	110	1054	0.2115818560123443	0.2677444815635681	0.2363636363636363	0.1574952561669829	0.2396631687879562	0.0208971785077344	True	GSE131907	LUNG_T18	0.113706573843956	0.0407635850812178	True
liana	PPIA_BSG	other	PPIA	BSG	111	1054	2.7217953205108643	0.5309973359107971	0.9369369369369368	0.3168880455407969	1.626396328210831	0.6956596416043053	True	110	1054	3.0852489471435547	0.5309973359107971	0.9636363636363636	0.3168880455407969	1.808123141527176	0.7203186341053772	True	GSE131907	LUNG_T18	-0.1817268133163452	-0.0246589925010719	True
liana	PTGES_PTGER4	other	PTGES	PTGER4	111	1054	0.1018799617886543	0.3002419471740722	0.1441441441441441	0.1812144212523719	0.2010609544813633	0.0076808282980913	True	110	1054	0.0700572207570076	0.3002419471740722	0.0909090909090909	0.1812144212523719	0.1851495839655399	0.0	False	GSE131907	LUNG_T18	0.0159113705158233	0.0076808282980913	True
liana	PTGES2_PTGER4	other	PTGES2	PTGER4	111	1054	0.159149944782257	0.3002419471740722	0.2072072072072072	0.1812144212523719	0.2296959459781646	0.0189467515493917	True	110	1054	0.0686677098274231	0.3002419471740722	0.0818181818181818	0.1812144212523719	0.1844548285007476	0.0	False	GSE131907	LUNG_T18	0.0452411174774169	0.0189467515493917	True
liana	PTGES3_PTGER4	other	PTGES3	PTGER4	111	1054	0.6256414651870728	0.3002419471740722	0.6036036036036037	0.1812144212523719	0.4629417061805725	0.1386000058859547	True	110	1054	0.8764219284057617	0.3002419471740722	0.6272727272727273	0.1812144212523719	0.588331937789917	0.182181937711127	True	GSE131907	LUNG_T18	-0.1253902316093444	-0.0435819318251723	True
liana	SEMA4D_PTPRC	other	SEMA4D	PTPRC	111	1054	0.0592180490493774	1.230220913887024	0.1081081081081081	0.635673624288425	0.6447194814682007	0.0074849550541472	True	110	1054	0.066426433622837	1.230220913887024	0.0909090909090909	0.635673624288425	0.6483236737549305	0.0	False	GSE131907	LUNG_T18	-0.0036041922867298	0.0074849550541472	True
cellchat	CXCL16_CXCR6	CXCL	CXCL16	CXCR6	29	1535	0.1542133092880249	0.2070586681365966	0.1034482758620689	0.1100977198697068	0.1806359887123108	0.0008706598087583	True	29	1535	0.1740976572036743	0.2070586681365966	0.1379310344827586	0.1100977198697068	0.1905781626701355	0.0017347201547215	True	GSE131907	LUNG_T28	-0.0099421739578247	-0.0008640603459632	True
cellchat	MDK_NCL	MK	MDK	NCL	29	1535	1.6627110242843628	0.6097006797790527	0.7586206896551724	0.3192182410423452	1.1362058520317078	0.6143241828704422	True	29	1535	1.5284757614135742	0.6097006797790527	0.6551724137931034	0.3192182410423452	1.0690882205963137	0.585787045424528	True	GSE131907	LUNG_T28	0.0671176314353942	0.0285371374459142	True
cellchat	LGALS9_CD45	GALECTIN	LGALS9	PTPRC	29	1535	0.4464235603809356	1.3365663290023804	0.3448275862068966	0.6214983713355049	0.891494944691658	0.4896924840616695	True	29	1535	0.023786686360836	1.3365663290023804	0.0344827586206896	0.6214983713355049	0.6801765076816082	0.0	False	GSE131907	LUNG_T28	0.2113184370100498	0.4896924840616695	True
cellchat	LGALS9_CD44	GALECTIN	LGALS9	CD44	29	1535	0.4464235603809356	1.126003623008728	0.3448275862068966	0.5420195439739414	0.7862135916948318	0.4364810335150178	True	29	1535	0.023786686360836	1.126003623008728	0.0344827586206896	0.5420195439739414	0.574895154684782	0.0	False	GSE131907	LUNG_T28	0.2113184370100498	0.4364810335150178	True
cellchat	FN1_CD44	FN1	FN1	CD44	29	1535	0.5177258253097534	1.126003623008728	0.3448275862068966	0.5420195439739414	0.8218647241592407	0.4633842979607025	True	29	1535	0.4620779752731323	1.126003623008728	0.3103448275862069	0.5420195439739414	0.7940407991409302	0.4274470888591209	True	GSE131907	LUNG_T28	0.0278239250183105	0.0359372091015815	True
cellchat	COL9A2_CD44	COLLAGEN	COL9A2	CD44	29	1535	0.1397922337055206	1.126003623008728	0.1379310344827586	0.5420195439739414	0.6328979283571243	0.1006946612888234	True	29	1535	0.0582292973995208	1.126003623008728	0.0689655172413793	0.5420195439739414	0.5921164602041245	0.0	False	GSE131907	LUNG_T28	0.0407814681529998	0.1006946612888234	True
cellchat	LAMA5_CD44	LAMININ	LAMA5	CD44	29	1535	0.1133017614483833	1.126003623008728	0.1034482758620689	0.5420195439739414	0.6196526922285557	0.0630450118773307	True	29	1535	0.0953251793980598	1.126003623008728	0.0689655172413793	0.5420195439739414	0.6106644012033939	0.0	False	GSE131907	LUNG_T28	0.0089882910251617	0.0630450118773307	True
cellchat	LAMB2_CD44	LAMININ	LAMB2	CD44	29	1535	0.0434123501181602	1.126003623008728	0.0344827586206896	0.5420195439739414	0.5847079865634441	0.0	False	29	1535	0.112727478146553	1.126003623008728	0.1034482758620689	0.5420195439739414	0.6193655505776405	0.0696159400421977	True	GSE131907	LUNG_T28	-0.0346575640141963	-0.0696159400421977	True
cellchat	LAMB3_CD44	LAMININ	LAMB3	CD44	29	1535	0.126581460237503	1.126003623008728	0.1034482758620689	0.5420195439739414	0.6262925416231155	0.0532668799009184	True	29	1535	0.2449371069669723	1.126003623008728	0.2068965517241379	0.5420195439739414	0.6854703649878502	0.2219257090499447	True	GSE131907	LUNG_T28	-0.0591778233647346	-0.1686588291490263	True
cellchat	LAMC2_CD44	LAMININ	LAMC2	CD44	29	1535	0.0811081379652023	1.126003623008728	0.1034482758620689	0.5420195439739414	0.6035558804869652	0.0532668799009184	True	29	1535	0.0685465037822723	1.126003623008728	0.0689655172413793	0.5420195439739414	0.5972750633955002	0.0	False	GSE131907	LUNG_T28	0.0062808170914649	0.0532668799009184	True
cellchat	APP_CD74	APP	APP	CD74	29	1535	0.5453795194625854	1.8691705465316768	0.4482758620689655	0.7289902280130293	1.2072750329971311	0.6396491066624678	True	29	1535	0.2500452995300293	1.8691705465316768	0.2413793103448276	0.7289902280130293	1.0596079230308533	0.3888282239297516	True	GSE131907	LUNG_T28	0.147667109966278	0.2508208827327162	True
cellchat	CD99_CD99	CD99	CD99	CD99	29	1535	1.1286262273788452	1.2652108669281006	0.6896551724137931	0.596742671009772	1.196918547153473	0.7248129978051457	True	29	1535	0.7318628430366516	1.2652108669281006	0.4827586206896552	0.596742671009772	0.998536854982376	0.6067795881614867	True	GSE131907	LUNG_T28	0.1983816921710968	0.118033409643659	True
cellchat	CLEC2C_KLRB1	CLEC	CD69	KLRB1	29	1535	0.1109900623559951	0.8584048748016357	0.0689655172413793	0.3322475570032573	0.4846974685788154	0.0	False	29	1535	0.530168354511261	0.8584048748016357	0.2413793103448276	0.3322475570032573	0.6942866146564484	0.3005120994388385	True	GSE131907	LUNG_T28	-0.2095891460776329	-0.3005120994388385	True
cellchat	ICAM1_SPN	ICAM	ICAM1	SPN	29	1535	0.6235406994819641	0.3187035918235779	0.4482758620689655	0.1739413680781759	0.471122145652771	0.1257154054987378	True	29	1535	0.5565890073776245	0.3187035918235779	0.3448275862068966	0.1739413680781759	0.4376462996006012	0.1129839033802936	True	GSE131907	LUNG_T28	0.0334758460521698	0.0127315021184442	True
cellchat	HLA-A_CD8A	MHC-I	HLA-A	CD8A	29	1535	2.0833988189697266	0.6327617764472961	0.8620689655172413	0.2859934853420195	1.3580802977085114	0.6528836319761613	True	29	1535	2.1094791889190674	0.6327617764472961	0.8275862068965517	0.2859934853420195	1.3711204826831818	0.6526802924389223	True	GSE131907	LUNG_T28	-0.0130401849746704	0.0002033395372389	True
cellchat	HLA-B_CD8A	MHC-I	HLA-B	CD8A	29	1535	2.3072195053100586	0.6327617764472961	0.9310344827586208	0.2859934853420195	1.4699906408786774	0.6801190577715068	True	29	1535	1.774173617362976	0.6327617764472961	0.7241379310344828	0.2859934853420195	1.203467696905136	0.6090649428714106	True	GSE131907	LUNG_T28	0.2665229439735412	0.0710541149000962	True
cellchat	HLA-C_CD8A	MHC-I	HLA-C	CD8A	29	1535	1.462462067604065	0.6327617764472961	0.6551724137931034	0.2859934853420195	1.0476119220256803	0.554763783953459	True	29	1535	1.4818347692489624	0.6327617764472961	0.6551724137931034	0.2859934853420195	1.0572982728481293	0.561235231643545	True	GSE131907	LUNG_T28	-0.0096863508224487	-0.006471447690086	True
cellchat	HLA-E_CD8A	MHC-I	HLA-E	CD8A	29	1535	0.8955402970314026	0.6327617764472961	0.5517241379310345	0.2859934853420195	0.7641510367393494	0.4325611771645025	True	29	1535	0.7496963739395142	0.6327617764472961	0.4137931034482758	0.2859934853420195	0.6912290751934052	0.3605286060633448	True	GSE131907	LUNG_T28	0.0729219615459442	0.0720325711011576	True
cellchat	HLA-F_CD8A	MHC-I	HLA-F	CD8A	29	1535	0.1826195269823074	0.6327617764472961	0.2068965517241379	0.2859934853420195	0.4076906517148018	0.0966348755026134	True	29	1535	0.3595325946807861	0.6327617764472961	0.2758620689655172	0.2859934853420195	0.4961471855640411	0.1696418352774812	True	GSE131907	LUNG_T28	-0.0884565338492393	-0.0730069597748678	True
cellchat	HLA-A_CD8B	MHC-I	HLA-A	CD8B	29	1535	2.0833988189697266	0.5461660623550415	0.8620689655172413	0.2553745928338762	1.314782440662384	0.5996086913102672	True	29	1535	2.1094791889190674	0.5461660623550415	0.8275862068965517	0.2553745928338762	1.3278226256370544	0.5993932927684502	True	GSE131907	LUNG_T28	-0.0130401849746704	0.0002153985418169	True
cellchat	HLA-B_CD8B	MHC-I	HLA-B	CD8B	29	1535	2.3072195053100586	0.5461660623550415	0.9310344827586208	0.2553745928338762	1.42669278383255	0.6286466006536163	True	29	1535	1.774173617362976	0.5461660623550415	0.7241379310344828	0.2553745928338762	1.1601698398590088	0.5536624101540603	True	GSE131907	LUNG_T28	0.2665229439735412	0.074984190499556	True
cellchat	HLA-C_CD8B	MHC-I	HLA-C	CD8B	29	1535	1.462462067604065	0.5461660623550415	0.6551724137931034	0.2553745928338762	1.0043140649795532	0.4980083944132243	True	29	1535	1.4818347692489624	0.5461660623550415	0.6551724137931034	0.2553745928338762	1.014000415802002	0.5045680683646474	True	GSE131907	LUNG_T28	-0.0096863508224487	-0.006559673951423	True
cellchat	HLA-E_CD8B	MHC-I	HLA-E	CD8B	29	1535	0.8955402970314026	0.5461660623550415	0.5517241379310345	0.2553745928338762	0.720853179693222	0.377702109915319	True	29	1535	0.7496963739395142	0.5461660623550415	0.4137931034482758	0.2553745928338762	0.6479312181472778	0.3098171040422225	True	GSE131907	LUNG_T28	0.0729219615459442	0.0678850058730964	True
cellchat	HLA-F_CD8B	MHC-I	HLA-F	CD8B	29	1535	0.1826195269823074	0.5461660623550415	0.2068965517241379	0.2553745928338762	0.3643927946686744	0.0784864834144861	True	29	1535	0.3595325946807861	0.5461660623550415	0.2758620689655172	0.2553745928338762	0.4528493285179138	0.1399059084974755	True	GSE131907	LUNG_T28	-0.0884565338492393	-0.0614194250829894	True
cellchat	HLA-E_KLRC1	MHC-I	HLA-E	KLRC1	29	1535	0.8955402970314026	0.3008753359317779	0.5517241379310345	0.1283387622149837	0.5982078164815903	0.089079791420805	True	29	1535	0.7496963739395142	0.3008753359317779	0.4137931034482758	0.1283387622149837	0.5252858549356461	0.0674469791601439	True	GSE131907	LUNG_T28	0.0729219615459442	0.0216328122606611	True
cellchat	CD55_ADGRE5	ADGRE	CD55	ADGRE5	29	1535	1.0928508043289185	0.444299966096878	0.5862068965517241	0.2351791530944625	0.7685753852128983	0.3638526890318982	True	29	1535	1.0005253553390503	0.444299966096878	0.5862068965517241	0.2351791530944625	0.7224126607179642	0.3415396253707956	True	GSE131907	LUNG_T28	0.046162724494934	0.0223130636611026	True
cellchat	IGFBP3_TMEM219	IGFBP	IGFBP3	TMEM219	29	1535	0.7891025543212891	0.3740295469760895	0.4827586206896552	0.2078175895765472	0.5815660506486893	0.2167264128249762	True	29	1535	0.3972073793411255	0.3740295469760895	0.2413793103448276	0.2078175895765472	0.3856184631586075	0.1004004394381237	True	GSE131907	LUNG_T28	0.1959475874900818	0.1163259733868524	True
cellchat	LGALS9_P4HB	GALECTIN	LGALS9	P4HB	29	1535	0.4464235603809356	0.5429133772850037	0.3448275862068966	0.2938110749185668	0.4946684688329696	0.2261495498989204	True	29	1535	0.023786686360836	0.5429133772850037	0.0344827586206896	0.2938110749185668	0.2833500318229198	0.0	False	GSE131907	LUNG_T28	0.2113184370100498	0.2261495498989204	True
cellchat	PPIA_BSG	CypA	PPIA	BSG	29	1535	2.1980996131896973	0.5426294803619385	0.9310344827586208	0.2918566775244299	1.370364546775818	0.6437326448337859	True	29	1535	1.8717501163482664	0.5426294803619385	0.7931034482758621	0.2918566775244299	1.2071897983551023	0.6004793354158277	True	GSE131907	LUNG_T28	0.1631747484207153	0.0432533094179582	True
liana	HLA-A_CD8A	MHC_I	HLA-A	CD8A	29	1535	2.0833988189697266	0.6327617764472961	0.8620689655172413	0.2859934853420195	1.3580802977085114	0.6528836319761613	True	29	1535	2.1094791889190674	0.6327617764472961	0.8275862068965517	0.2859934853420195	1.3711204826831818	0.6526802924389223	True	GSE131907	LUNG_T28	-0.0130401849746704	0.0002033395372389	True
liana	HLA-A_CD8B	MHC_I	HLA-A	CD8B	29	1535	2.0833988189697266	0.5461660623550415	0.8620689655172413	0.2553745928338762	1.314782440662384	0.5996086913102672	True	29	1535	2.1094791889190674	0.5461660623550415	0.8275862068965517	0.2553745928338762	1.3278226256370544	0.5993932927684502	True	GSE131907	LUNG_T28	-0.0130401849746704	0.0002153985418169	True
liana	HLA-B_CD8A	MHC_I	HLA-B	CD8A	29	1535	2.3072195053100586	0.6327617764472961	0.9310344827586208	0.2859934853420195	1.4699906408786774	0.6801190577715068	True	29	1535	1.774173617362976	0.6327617764472961	0.7241379310344828	0.2859934853420195	1.203467696905136	0.6090649428714106	True	GSE131907	LUNG_T28	0.2665229439735412	0.0710541149000962	True
liana	HLA-B_CD8B	MHC_I	HLA-B	CD8B	29	1535	2.3072195053100586	0.5461660623550415	0.9310344827586208	0.2553745928338762	1.42669278383255	0.6286466006536163	True	29	1535	1.774173617362976	0.5461660623550415	0.7241379310344828	0.2553745928338762	1.1601698398590088	0.5536624101540603	True	GSE131907	LUNG_T28	0.2665229439735412	0.074984190499556	True
liana	HLA-C_CD8A	MHC_I	HLA-C	CD8A	29	1535	1.462462067604065	0.6327617764472961	0.6551724137931034	0.2859934853420195	1.0476119220256803	0.554763783953459	True	29	1535	1.4818347692489624	0.6327617764472961	0.6551724137931034	0.2859934853420195	1.0572982728481293	0.561235231643545	True	GSE131907	LUNG_T28	-0.0096863508224487	-0.006471447690086	True
liana	HLA-C_CD8B	MHC_I	HLA-C	CD8B	29	1535	1.462462067604065	0.5461660623550415	0.6551724137931034	0.2553745928338762	1.0043140649795532	0.4980083944132243	True	29	1535	1.4818347692489624	0.5461660623550415	0.6551724137931034	0.2553745928338762	1.014000415802002	0.5045680683646474	True	GSE131907	LUNG_T28	-0.0096863508224487	-0.006559673951423	True
liana	HLA-E_KLRC1	MHC_I	HLA-E	KLRC1	29	1535	0.8955402970314026	0.3008753359317779	0.5517241379310345	0.1283387622149837	0.5982078164815903	0.089079791420805	True	29	1535	0.7496963739395142	0.3008753359317779	0.4137931034482758	0.1283387622149837	0.5252858549356461	0.0674469791601439	True	GSE131907	LUNG_T28	0.0729219615459442	0.0216328122606611	True
liana	HLA-E_KLRC1+KLRD1	MHC_I	HLA-E	KLRC1+KLRD1	29	1535	0.8955402970314026	0.3008753359317779	0.5517241379310345	0.1283387622149837	0.5982078164815903	0.1812318387520513	True	29	1535	0.7496963739395142	0.3008753359317779	0.4137931034482758	0.1283387622149837	0.5252858549356461	0.1406761659258009	True	GSE131907	LUNG_T28	0.0729219615459442	0.0405556728262503	True
liana	HLA-E_KLRD1	MHC_I	HLA-E	KLRD1	29	1535	0.8955402970314026	0.5068973302841187	0.5517241379310345	0.2273615635179153	0.7012188136577606	0.3337828684992113	True	29	1535	0.7496963739395142	0.5068973302841187	0.4137931034482758	0.2273615635179153	0.6282968521118164	0.2703620706287905	True	GSE131907	LUNG_T28	0.0729219615459442	0.0634207978704207	True
liana	CEACAM5_CD8A	MHC_I_partial	CEACAM5	CD8A	29	1535	0.1677576452493667	0.6327617764472961	0.1034482758620689	0.2859934853420195	0.4002597108483314	0.0358609827775425	True	29	1535	0.2230697125196457	0.6327617764472961	0.1379310344827586	0.2859934853420195	0.4279157444834709	0.0613136037997098	True	GSE131907	LUNG_T28	-0.0276560336351394	-0.0254526210221672	True
liana	CXCL16_CXCR6	T_recruit	CXCL16	CXCR6	29	1535	0.1542133092880249	0.2070586681365966	0.1034482758620689	0.1100977198697068	0.1806359887123108	0.0008706598087583	True	29	1535	0.1740976572036743	0.2070586681365966	0.1379310344827586	0.1100977198697068	0.1905781626701355	0.0017347201547215	True	GSE131907	LUNG_T28	-0.0099421739578247	-0.0008640603459632	True
liana	ALCAM_CD6	other	ALCAM	CD6	29	1535	0.1960697472095489	0.4483132064342499	0.2068965517241379	0.2403908794788273	0.3221914768218994	0.0661070968322215	True	29	1535	0.2760403752326965	0.4483132064342499	0.2413793103448276	0.2403908794788273	0.3621767908334732	0.0852712249955975	True	GSE131907	LUNG_T28	-0.0399853140115737	-0.019164128163376	True
liana	APP_CD74	other	APP	CD74	29	1535	0.5453795194625854	1.8691705465316768	0.4482758620689655	0.7289902280130293	1.2072750329971311	0.6396491066624678	True	29	1535	0.2500452995300293	1.8691705465316768	0.2413793103448276	0.7289902280130293	1.0596079230308533	0.3888282239297516	True	GSE131907	LUNG_T28	0.147667109966278	0.2508208827327162	True
liana	CD320_JAML	other	CD320	JAML	29	1535	0.0755636841058731	0.3676358163356781	0.0689655172413793	0.1902280130293159	0.2215997502207756	0.0	False	29	1535	0.1327329128980636	0.3676358163356781	0.1379310344827586	0.1902280130293159	0.2501843646168709	0.0166290917687813	True	GSE131907	LUNG_T28	-0.0285846143960952	-0.0166290917687813	True
liana	CD44_TYROBP	other	CD44	TYROBP	29	1535	0.5850208401679993	0.3643558323383331	0.4137931034482758	0.155700325732899	0.4746883362531662	0.1086001478838815	True	29	1535	0.5290575623512268	0.3643558323383331	0.3448275862068966	0.155700325732899	0.4467066973447799	0.0859237794651957	True	GSE131907	LUNG_T28	0.0279816389083862	0.0226763684186858	True
liana	CD55_ADGRE5	other	CD55	ADGRE5	29	1535	1.0928508043289185	0.444299966096878	0.5862068965517241	0.2351791530944625	0.7685753852128983	0.3638526890318982	True	29	1535	1.0005253553390503	0.444299966096878	0.5862068965517241	0.2351791530944625	0.7224126607179642	0.3415396253707956	True	GSE131907	LUNG_T28	0.046162724494934	0.0223130636611026	True
liana	CDH1_ITGAE+ITGB7	other	CDH1	ITGAE+ITGB7	29	1535	0.5833588242530823	0.2345824837684631	0.3793103448275862	0.1342019543973941	0.4089706540107727	0.0658348792134174	True	29	1535	0.4812172055244446	0.2345824837684631	0.3793103448275862	0.1342019543973941	0.3578998446464538	0.0592685785399294	True	GSE131907	LUNG_T28	0.0510708093643188	0.0065663006734879	True
liana	DHCR24_RORA	other	DHCR24	RORA	29	1535	0.2270955741405487	0.7499569058418274	0.2068965517241379	0.3765472312703583	0.488526239991188	0.1611458323021199	True	29	1535	0.1740123927593231	0.7499569058418274	0.1724137931034483	0.3765472312703583	0.4619846493005752	0.0894450889311556	True	GSE131907	LUNG_T28	0.0265415906906127	0.0717007433709642	True
liana	DHCR7_NR1H2	other	DHCR7	NR1H2	29	1535	0.0688324719667434	0.2292898297309875	0.1034482758620689	0.1296416938110749	0.1490611508488655	0.0025708571869221	True	29	1535	0.2284586727619171	0.2292898297309875	0.1379310344827586	0.1296416938110749	0.2288742512464523	0.0091954647582049	True	GSE131907	LUNG_T28	-0.0798131003975868	-0.0066246075712827	True
liana	DHCR7_RORA	other	DHCR7	RORA	29	1535	0.0688324719667434	0.7499569058418274	0.1034482758620689	0.3765472312703583	0.4093946889042854	0.0315385251832935	True	29	1535	0.2284586727619171	0.7499569058418274	0.1379310344827586	0.3765472312703583	0.4892077893018722	0.1049529600986123	True	GSE131907	LUNG_T28	-0.0798131003975868	-0.0734144349153188	True
liana	ICAM1_SPN	other	ICAM1	SPN	29	1535	0.6235406994819641	0.3187035918235779	0.4482758620689655	0.1739413680781759	0.471122145652771	0.1257154054987378	True	29	1535	0.5565890073776245	0.3187035918235779	0.3448275862068966	0.1739413680781759	0.4376462996006012	0.1129839033802936	True	GSE131907	LUNG_T28	0.0334758460521698	0.0127315021184442	True
liana	IGFBP3_TMEM219	other	IGFBP3	TMEM219	29	1535	0.7891025543212891	0.3740295469760895	0.4827586206896552	0.2078175895765472	0.5815660506486893	0.2167264128249762	True	29	1535	0.3972073793411255	0.3740295469760895	0.2413793103448276	0.2078175895765472	0.3856184631586075	0.1004004394381237	True	GSE131907	LUNG_T28	0.1959475874900818	0.1163259733868524	True
liana	KLRB1_CLEC2D	other	KLRB1	CLEC2D	29	1535	0.0	0.7237850427627563	0.0	0.3648208469055374	0.3618925213813782	0.0	False	29	1535	0.2203727662563324	0.7237850427627563	0.1034482758620689	0.3648208469055374	0.4720789045095444	0.0284188347424351	True	GSE131907	LUNG_T28	-0.1101863831281662	-0.0284188347424351	True
liana	LGALS9_P4HB	other	LGALS9	P4HB	29	1535	0.4464235603809356	0.5429133772850037	0.3448275862068966	0.2938110749185668	0.4946684688329696	0.2261495498989204	True	29	1535	0.023786686360836	0.5429133772850037	0.0344827586206896	0.2938110749185668	0.2833500318229198	0.0	False	GSE131907	LUNG_T28	0.2113184370100498	0.2261495498989204	True
liana	PPIA_BSG	other	PPIA	BSG	29	1535	2.1980996131896973	0.5426294803619385	0.9310344827586208	0.2918566775244299	1.370364546775818	0.6437326448337859	True	29	1535	1.8717501163482664	0.5426294803619385	0.7931034482758621	0.2918566775244299	1.2071897983551023	0.6004793354158277	True	GSE131907	LUNG_T28	0.1631747484207153	0.0432533094179582	True
liana	PTGES_PTGER4	other	PTGES	PTGER4	29	1535	0.1380310356616974	0.5168545842170715	0.1379310344827586	0.2703583061889251	0.3274428099393844	0.0400428486345814	True	29	1535	0.0582292973995208	0.5168545842170715	0.0689655172413793	0.2703583061889251	0.2875419408082962	0.0	False	GSE131907	LUNG_T28	0.0399008691310882	0.0400428486345814	True
liana	PTGES2_PTGER4	other	PTGES2	PTGER4	29	1535	0.2984384596347809	0.5168545842170715	0.2413793103448276	0.2703583061889251	0.4076465219259262	0.1081193780101543	True	29	1535	0.108784295618534	0.5168545842170715	0.1379310344827586	0.2703583061889251	0.3128194399178028	0.0331926707621134	True	GSE131907	LUNG_T28	0.0948270820081234	0.0749267072480408	True
liana	PTGES3_PTGER4	other	PTGES3	PTGER4	29	1535	0.6180400848388672	0.5168545842170715	0.4482758620689655	0.2703583061889251	0.5674473345279694	0.276258236098869	True	29	1535	0.4210924804210663	0.5168545842170715	0.3448275862068966	0.2703583061889251	0.4689735323190689	0.1907507212103504	True	GSE131907	LUNG_T28	0.0984738022089004	0.0855075148885186	True
liana	SEMA4D_PTPRC	other	SEMA4D	PTPRC	29	1535	0.078424371778965	1.3365663290023804	0.1034482758620689	0.6214983713355049	0.7074953503906727	0.0550553874986823	True	29	1535	0.1756141632795334	1.3365663290023804	0.1724137931034483	0.6214983713355049	0.7560902461409569	0.1958241331021126	True	GSE131907	LUNG_T28	-0.0485948957502841	-0.1407687456034303	True
cellchat	CXCL16_CXCR6	CXCL	CXCL16	CXCR6	66	986	0.1589343398809433	0.1792826056480407	0.3636363636363636	0.1227180527383367	0.169108472764492	0.0054407883154137	True	65	986	0.1027390137314796	0.1792826056480407	0.1384615384615384	0.1227180527383367	0.1410108096897602	0.0010643890738154	True	GSE131907	NS_02	0.0280976630747318	0.0043763992415982	True
cellchat	TNFSF14_TNFRSF14	LIGHT	TNFSF14	TNFRSF14	66	986	0.0533842071890831	0.3249094486236572	0.106060606060606	0.2200811359026369	0.1891468279063701	0.0014533473653388	True	65	986	0.0167158879339694	0.3249094486236572	0.0461538461538461	0.2200811359026369	0.1708126682788133	0.0	False	GSE131907	NS_02	0.0183341596275568	0.0014533473653388	True
cellchat	SPP1_CD44	SPP1	SPP1	CD44	66	986	1.867915630340576	0.9918559789657592	1.0	0.5669371196754563	1.4298858046531675	0.7740015894405083	True	65	986	1.8232795000076292	0.9918559789657592	0.8923076923076924	0.5669371196754563	1.4075677394866943	0.7779409602537606	True	GSE131907	NS_02	0.0223180651664733	-0.0039393708132522	True
cellchat	MDK_NCL	MK	MDK	NCL	66	986	1.217607855796814	0.7268533110618591	0.8333333333333334	0.4432048681541582	0.9722305834293364	0.6044691852469949	True	65	986	0.4344554245471954	0.7268533110618591	0.3384615384615385	0.4432048681541582	0.5806543678045273	0.2868245957968093	True	GSE131907	NS_02	0.3915762156248092	0.3176445894501856	True
cellchat	LGALS9_CD45	GALECTIN	LGALS9	PTPRC	66	986	0.1202226430177688	1.3083059787750244	0.2878787878787879	0.6997971602434077	0.7142643108963966	0.1644131083576504	True	65	986	0.0756164342164993	1.3083059787750244	0.1384615384615384	0.6997971602434077	0.6919612064957619	0.0326052296114674	True	GSE131907	NS_02	0.0223031044006347	0.131807878746183	True
cellchat	BAG6_NCR3-PS	BAG	BAG6	NCR3	66	986	0.3635696172714233	0.2069351524114608	0.6515151515151515	0.127789046653144	0.2852523848414421	0.0252963903351692	True	65	986	0.2506749629974365	0.2069351524114608	0.3230769230769231	0.127789046653144	0.2288050577044487	0.0121792914594666	True	GSE131907	NS_02	0.0564473271369934	0.0131170988757026	True
cellchat	LGALS9_HAVCR2	GALECTIN	LGALS9	HAVCR2	66	986	0.1202226430177688	0.1807961463928222	0.2878787878787879	0.1186612576064908	0.1505093947052955	0.0027493759325247	True	65	986	0.0756164342164993	0.1807961463928222	0.1384615384615384	0.1186612576064908	0.1282062903046608	0.0004720233362821	True	GSE131907	NS_02	0.0223031044006347	0.0022773525962425	True
cellchat	LGALS9_CD44	GALECTIN	LGALS9	CD44	66	986	0.1202226430177688	0.9918559789657592	0.2878787878787879	0.5669371196754563	0.5560393109917641	0.123791167448593	True	65	986	0.0756164342164993	0.9918559789657592	0.1384615384615384	0.5669371196754563	0.5337362065911293	0.0236284829727278	True	GSE131907	NS_02	0.0223031044006347	0.1001626844758652	True
cellchat	FN1_CD44	FN1	FN1	CD44	66	986	0.1270533502101898	0.9918559789657592	0.2727272727272727	0.5669371196754563	0.5594546645879745	0.1218929508591113	True	65	986	0.017667107284069	0.9918559789657592	0.0615384615384615	0.5669371196754563	0.5047615431249142	0.0	False	GSE131907	NS_02	0.0546931214630603	0.1218929508591113	True
cellchat	COL1A1_CD44	COLLAGEN	COL1A1	CD44	66	986	0.4283758401870727	0.9918559789657592	0.6212121212121212	0.5669371196754563	0.710115909576416	0.4211939933949106	True	65	986	0.1208805218338966	0.9918559789657592	0.1692307692307692	0.5669371196754563	0.556368250399828	0.0559704481593068	True	GSE131907	NS_02	0.153747659176588	0.3652235452356038	True
cellchat	LAMA4_CD44	LAMININ	LAMA4	CD44	66	986	0.0799158662557601	0.9918559789657592	0.1969696969696969	0.5669371196754563	0.5358859226107597	0.057655658458572	True	65	986	0.0377874970436096	0.9918559789657592	0.0923076923076923	0.5669371196754563	0.5148217380046844	0.0	False	GSE131907	NS_02	0.0210641846060752	0.057655658458572	True
cellchat	LAMA5_CD44	LAMININ	LAMA5	CD44	66	986	0.1669060140848159	0.9918559789657592	0.4393939393939394	0.5669371196754563	0.5793809965252876	0.1999412088457652	True	65	986	0.029012031853199	0.9918559789657592	0.0923076923076923	0.5669371196754563	0.5104340054094791	0.0	False	GSE131907	NS_02	0.0689469911158084	0.1999412088457652	True
cellchat	LAMB1_CD44	LAMININ	LAMB1	CD44	66	986	0.0383501425385475	0.9918559789657592	0.106060606060606	0.5669371196754563	0.5151030607521534	0.0032884532743956	True	65	986	0.0207902304828166	0.9918559789657592	0.0461538461538461	0.5669371196754563	0.506323104724288	0.0	False	GSE131907	NS_02	0.0087799560278654	0.0032884532743956	True
cellchat	LAMB2_CD44	LAMININ	LAMB2	CD44	66	986	0.2926172316074371	0.9918559789657592	0.5606060606060606	0.5669371196754563	0.6422366052865982	0.3248015730333267	True	65	986	0.1041373461484909	0.9918559789657592	0.2	0.5669371196754563	0.5479966625571251	0.0803607604865604	True	GSE131907	NS_02	0.0942399427294731	0.2444408125467662	True
cellchat	LAMB3_CD44	LAMININ	LAMB3	CD44	66	986	0.1632562726736068	0.9918559789657592	0.2575757575757575	0.5669371196754563	0.5775561258196831	0.1262035232407912	True	65	986	0.1131227165460586	0.9918559789657592	0.1538461538461538	0.5669371196754563	0.552489347755909	0.0474636260296581	True	GSE131907	NS_02	0.0250667780637741	0.078739897211133	True
cellchat	LAMC1_CD44	LAMININ	LAMC1	CD44	66	986	0.1372950077056884	0.9918559789657592	0.303030303030303	0.5669371196754563	0.5645754933357239	0.1144445544389412	True	65	986	0.048410665243864	0.9918559789657592	0.123076923076923	0.5669371196754563	0.5201333221048117	0.0134262463889681	True	GSE131907	NS_02	0.0444421712309122	0.101018308049973	True
cellchat	LAMC2_CD44	LAMININ	LAMC2	CD44	66	986	0.1411803662776947	0.9918559789657592	0.2878787878787879	0.5669371196754563	0.566518172621727	0.1184728982703034	True	65	986	0.0779974535107612	0.9918559789657592	0.123076923076923	0.5669371196754563	0.5349267162382603	0.0180757890476614	True	GSE131907	NS_02	0.0315914563834667	0.100397109222642	True
cellchat	THBS3_CD47	THBS	THBS3	CD47	66	986	0.0345478653907775	0.5246349573135376	0.1212121212121212	0.3509127789046653	0.2795914113521576	0.0056517310416696	True	65	986	0.0435733906924724	0.5246349573135376	0.0461538461538461	0.3509127789046653	0.284104174003005	0.0	False	GSE131907	NS_02	-0.0045127626508474	0.0056517310416696	True
cellchat	APP_CD74	APP	APP	CD74	66	986	1.1424506902694702	1.4157434701919556	0.9393939393939394	0.6876267748478702	1.279097080230713	0.7641885647924468	True	65	986	0.6371853351593018	1.4157434701919556	0.5230769230769231	0.6876267748478702	1.0264644026756289	0.5907029935576261	True	GSE131907	NS_02	0.2526326775550842	0.1734855712348206	True
cellchat	CD99_CD99	CD99	CD99	CD99	66	986	0.5712589621543884	1.1566541194915771	0.7727272727272727	0.6399594320486816	0.8639565408229828	0.5612735156622981	True	65	986	0.4124544262886047	1.1566541194915771	0.4307692307692308	0.6399594320486816	0.7845542728900909	0.4148992148869059	True	GSE131907	NS_02	0.0794022679328918	0.1463743007753921	True
cellchat	CLEC2D_KLRB1	CLEC	CLEC2D	KLRB1	66	986	0.034462995827198	1.6387615203857422	0.106060606060606	0.6196754563894523	0.8366122581064701	0.0055262134019851	True	65	986	0.0473588518798351	1.6387615203857422	0.0769230769230769	0.6196754563894523	0.8430601861327887	0.0	False	GSE131907	NS_02	-0.0064479280263185	0.0055262134019851	True
cellchat	CLEC2B_KLRB1	CLEC	CLEC2B	KLRB1	66	986	0.2712989151477813	1.6387615203857422	0.5	0.6196754563894523	0.9550302177667618	0.3988309832807109	True	65	986	0.2045570611953735	1.6387615203857422	0.2461538461538461	0.6196754563894523	0.921659290790558	0.2446841554803248	True	GSE131907	NS_02	0.0333709269762039	0.1541468278003861	True
cellchat	CLEC2C_KLRB1	CLEC	CD69	KLRB1	66	986	0.1563039124011993	1.6387615203857422	0.3636363636363636	0.6196754563894523	0.8975327163934708	0.2309598926183433	True	65	986	0.253154456615448	1.6387615203857422	0.1846153846153846	0.6196754563894523	0.9459579885005952	0.1571255463033659	True	GSE131907	NS_02	-0.0484252721071243	0.0738343463149774	True
cellchat	ICAM1_ITGAL	ICAM	ICAM1	ITGAL	66	986	0.2019120752811432	0.2149028778076172	0.4090909090909091	0.1440162271805274	0.2084074765443802	0.0164042691290872	True	65	986	0.0746025517582893	0.2149028778076172	0.1692307692307692	0.1440162271805274	0.1447527147829532	0.0023262320437686	True	GSE131907	NS_02	0.0636547617614269	0.0140780370853186	True
cellchat	ICAM1_SPN	ICAM	ICAM1	SPN	66	986	0.2019120752811432	0.379894345998764	0.4090909090909091	0.255578093306288	0.2909032106399536	0.0662685213487536	True	65	986	0.0746025517582893	0.379894345998764	0.1692307692307692	0.255578093306288	0.2272484488785267	0.0098247515301602	True	GSE131907	NS_02	0.0636547617614269	0.0564437698185933	True
cellchat	HLA-A_CD8A	MHC-I	HLA-A	CD8A	66	986	1.643561840057373	0.2273416519165039	0.9848484848484848	0.1206896551724138	0.9354517459869384	0.0945565015648897	True	65	986	1.2964272499084473	0.2273416519165039	0.7692307692307693	0.1206896551724138	0.7618844509124756	0.0761159516756923	True	GSE131907	NS_02	0.1735672950744629	0.0184405498891973	True
cellchat	HLA-B_CD8A	MHC-I	HLA-B	CD8A	66	986	1.3312827348709106	0.2273416519165039	0.9393939393939394	0.1206896551724138	0.7793121933937073	0.0795726724943484	True	65	986	0.949663519859314	0.2273416519165039	0.6153846153846154	0.1206896551724138	0.5885025858879089	0.0548246945155232	True	GSE131907	NS_02	0.1908096075057983	0.0247479779788252	True
cellchat	HLA-C_CD8A	MHC-I	HLA-C	CD8A	66	986	1.6637479066848757	0.2273416519165039	0.9696969696969696	0.1206896551724138	0.9455447793006896	0.098032225540278	True	65	986	1.185876965522766	0.2273416519165039	0.6615384615384615	0.1206896551724138	0.706609308719635	0.0682077707553937	True	GSE131907	NS_02	0.2389354705810547	0.0298244547848842	True
cellchat	HLA-E_CD8A	MHC-I	HLA-E	CD8A	66	986	0.7334318161010742	0.2273416519165039	0.8333333333333334	0.1206896551724138	0.480386734008789	0.0450572576842258	True	65	986	0.5035660862922668	0.2273416519165039	0.4923076923076923	0.1206896551724138	0.3654538691043854	0.0258552900978466	True	GSE131907	NS_02	0.1149328649044036	0.0192019675863792	True
cellchat	HLA-F_CD8A	MHC-I	HLA-F	CD8A	66	986	0.0467014051973819	0.2273416519165039	0.1212121212121212	0.1206896551724138	0.1370215285569429	0.0004870449522427	True	65	986	0.0398300141096115	0.2273416519165039	0.0461538461538461	0.1206896551724138	0.1335858330130577	0.0	False	GSE131907	NS_02	0.0034356955438852	0.0004870449522427	True
cellchat	HLA-DPA1_CD4	MHC-II	HLA-DPA1	CD4	66	986	0.3726207613945007	0.1444354504346847	0.7121212121212122	0.1075050709939148	0.2585281059145927	0.0045257372148605	True	65	986	0.2629576027393341	0.1444354504346847	0.3384615384615385	0.1075050709939148	0.2036965265870094	0.0024956434542795	True	GSE131907	NS_02	0.0548315793275833	0.0020300937605809	True
cellchat	HLA-DPB1_CD4	MHC-II	HLA-DPB1	CD4	66	986	0.4852649867534637	0.1444354504346847	0.7121212121212122	0.1075050709939148	0.3148502185940742	0.0063968548453251	True	65	986	0.3426664769649505	0.1444354504346847	0.4307692307692308	0.1075050709939148	0.2435509636998176	0.0037092613076078	True	GSE131907	NS_02	0.0712992548942565	0.0026875935377173	True
cellchat	HLA-DQA1_CD4	MHC-II	HLA-DQA1	CD4	66	986	0.0682276114821434	0.1444354504346847	0.1818181818181818	0.1075050709939148	0.106331530958414	0.0003712796958038	True	65	986	0.1378466039896011	0.1444354504346847	0.2307692307692307	0.1075050709939148	0.1411410272121429	0.0009861229282106	True	GSE131907	NS_02	-0.0348094962537288	-0.0006148432324067	True
cellchat	HLA-DMA_CD4	MHC-II	HLA-DMA	CD4	66	986	0.253237783908844	0.1444354504346847	0.5303030303030303	0.1075050709939148	0.1988366171717643	0.0029915063240985	True	65	986	0.1676529943943023	0.1444354504346847	0.2615384615384615	0.1075050709939148	0.1560442224144935	0.0011275232778755	True	GSE131907	NS_02	0.0427923947572708	0.0018639830462229	True
cellchat	HLA-DMB_CD4	MHC-II	HLA-DMB	CD4	66	986	0.0738048925995826	0.1444354504346847	0.2121212121212121	0.1075050709939148	0.1091201715171337	0.0004888200266644	True	65	986	0.0759339109063148	0.1444354504346847	0.0923076923076923	0.1075050709939148	0.1101846806704998	0.0	False	GSE131907	NS_02	-0.001064509153366	0.0004888200266644	True
cellchat	HLA-DQB1_CD4	MHC-II	HLA-DQB1	CD4	66	986	0.6656228303909302	0.1444354504346847	0.7424242424242424	0.1075050709939148	0.4050291404128074	0.0079952256925038	True	65	986	0.5520968437194824	0.1444354504346847	0.4769230769230769	0.1075050709939148	0.3482661470770836	0.0062118409726728	True	GSE131907	NS_02	0.0567629933357238	0.0017833847198309	True
cellchat	HLA-DRA_CD4	MHC-II	HLA-DRA	CD4	66	986	1.3366518020629885	0.1444354504346847	0.9242424242424242	0.1075050709939148	0.7405436262488365	0.0188633384977287	True	65	986	0.897190511226654	0.1444354504346847	0.676923076923077	0.1075050709939148	0.5208129808306694	0.0120180116786212	True	GSE131907	NS_02	0.2197306454181671	0.0068453268191074	True
cellchat	HLA-DRB1_CD4	MHC-II	HLA-DRB1	CD4	66	986	1.0941224098205566	0.1444354504346847	0.9696969696969696	0.1075050709939148	0.6192789301276207	0.01508407493117	True	65	986	0.7432184219360352	0.1444354504346847	0.5846153846153846	0.1075050709939148	0.4438269361853599	0.0093987205861506	True	GSE131907	NS_02	0.1754519939422607	0.0056853543450194	True
cellchat	PVR_TIGIT	PVR	PVR	TIGIT	66	986	0.0484699234366416	0.3139300048351288	0.1363636363636363	0.1957403651115618	0.1811999641358852	0.0032291588498632	True	65	986	0.0549829415977001	0.3139300048351288	0.0923076923076923	0.1957403651115618	0.1844564732164144	0.0	False	GSE131907	NS_02	-0.0032565090805292	0.0032291588498632	True
cellchat	CD55_ADGRE5	ADGRE	CD55	ADGRE5	66	986	0.6081811189651489	0.5496076345443726	0.7575757575757576	0.3427991886409736	0.5788943767547607	0.3151602014690842	True	65	986	0.5022814273834229	0.5496076345443726	0.4615384615384615	0.3427991886409736	0.5259445309638977	0.2490326395660583	True	GSE131907	NS_02	0.052949845790863	0.0661275619030259	True
cellchat	LPAR1_ADGRE5	ADGRE	LPAR1	ADGRE5	66	986	0.0318811722099781	0.5496076345443726	0.1212121212121212	0.3427991886409736	0.2907444033771753	0.0040209178552992	True	65	986	0.0105000110343098	0.5496076345443726	0.0307692307692307	0.3427991886409736	0.2800538227893412	0.0	False	GSE131907	NS_02	0.0106905805878341	0.0040209178552992	True
cellchat	LPAR2_ADGRE5	ADGRE	LPAR2	ADGRE5	66	986	0.1561960130929947	0.5496076345443726	0.3181818181818182	0.3427991886409736	0.3529018238186836	0.0753423966980832	True	65	986	0.1370095759630203	0.5496076345443726	0.2	0.3427991886409736	0.3433086052536964	0.0479439244426603	True	GSE131907	NS_02	0.0095932185649871	0.0273984722554229	True
cellchat	TGM2_ADGRG1	ADGRG	TGM2	ADGRG1	66	986	0.1407433748245239	0.2417692989110946	0.3636363636363636	0.1501014198782961	0.1912563368678093	0.0151541798762203	True	65	986	0.0911100730299949	0.2417692989110946	0.1538461538461538	0.1501014198782961	0.1664396859705448	0.0023729158953994	True	GSE131907	NS_02	0.0248166508972644	0.0127812639808208	True
cellchat	APP_SORL1	APP	APP	SORL1	66	986	1.1424506902694702	0.3014788925647735	0.9393939393939394	0.1967545638945233	0.7219647914171219	0.25750236284247	True	65	986	0.6371853351593018	0.3014788925647735	0.5230769230769231	0.1967545638945233	0.4693321138620376	0.1337848265333101	True	GSE131907	NS_02	0.2526326775550842	0.1237175363091598	True
cellchat	IGFBP3_TMEM219	IGFBP	IGFBP3	TMEM219	66	986	0.0602412857115268	0.3963501751422882	0.0606060606060606	0.2768762677484787	0.2282957304269075	0.0	False	65	986	0.0625330731272697	0.3963501751422882	0.1076923076923077	0.2768762677484787	0.2294416241347789	0.0025632241137643	True	GSE131907	NS_02	-0.0011458937078714	-0.0025632241137643	True
cellchat	LGALS9_P4HB	GALECTIN	LGALS9	P4HB	66	986	0.1202226430177688	0.5337717533111572	0.2878787878787879	0.3488843813387424	0.326997198164463	0.0591691382863058	True	65	986	0.0756164342164993	0.5337717533111572	0.1384615384615384	0.3488843813387424	0.3046940937638283	0.0106578330988143	True	GSE131907	NS_02	0.0223031044006347	0.0485113051874915	True
cellchat	PPIA_BSG	CypA	PPIA	BSG	66	986	2.520418405532837	0.6284822225570679	1.0	0.4026369168356998	1.5744503140449524	0.7285155476626145	True	65	986	2.473989486694336	0.6284822225570679	0.9692307692307692	0.4026369168356998	1.551235854625702	0.72763685495998	True	GSE131907	NS_02	0.0232144594192504	0.0008786927026345	True
liana	HLA-A_CD8A	MHC_I	HLA-A	CD8A	66	986	1.643561840057373	0.2273416519165039	0.9848484848484848	0.1206896551724138	0.9354517459869384	0.0945565015648897	True	65	986	1.2964272499084473	0.2273416519165039	0.7692307692307693	0.1206896551724138	0.7618844509124756	0.0761159516756923	True	GSE131907	NS_02	0.1735672950744629	0.0184405498891973	True
liana	HLA-B_CD8A	MHC_I	HLA-B	CD8A	66	986	1.3312827348709106	0.2273416519165039	0.9393939393939394	0.1206896551724138	0.7793121933937073	0.0795726724943484	True	65	986	0.949663519859314	0.2273416519165039	0.6153846153846154	0.1206896551724138	0.5885025858879089	0.0548246945155232	True	GSE131907	NS_02	0.1908096075057983	0.0247479779788252	True
liana	HLA-C_CD8A	MHC_I	HLA-C	CD8A	66	986	1.6637479066848757	0.2273416519165039	0.9696969696969696	0.1206896551724138	0.9455447793006896	0.098032225540278	True	65	986	1.185876965522766	0.2273416519165039	0.6615384615384615	0.1206896551724138	0.706609308719635	0.0682077707553937	True	GSE131907	NS_02	0.2389354705810547	0.0298244547848842	True
liana	HLA-E_KLRD1	MHC_I	HLA-E	KLRD1	66	986	0.7334318161010742	0.9947208166122437	0.8333333333333334	0.4188640973630831	0.8640763163566589	0.5589611246199727	True	65	986	0.5035660862922668	0.9947208166122437	0.4923076923076923	0.4188640973630831	0.7491434514522552	0.4162029439073278	True	GSE131907	NS_02	0.1149328649044036	0.1427581807126449	True
liana	CXCL16_CXCR6	T_recruit	CXCL16	CXCR6	66	986	0.1589343398809433	0.1792826056480407	0.3636363636363636	0.1227180527383367	0.169108472764492	0.0054407883154137	True	65	986	0.1027390137314796	0.1792826056480407	0.1384615384615384	0.1227180527383367	0.1410108096897602	0.0010643890738154	True	GSE131907	NS_02	0.0280976630747318	0.0043763992415982	True
liana	ALCAM_CD6	other	ALCAM	CD6	66	986	0.442946195602417	0.279360830783844	0.696969696969697	0.1896551724137931	0.3611535131931305	0.0958801524744128	True	65	986	0.2019277513027191	0.279360830783844	0.2307692307692307	0.1896551724137931	0.2406442910432815	0.0239676906692365	True	GSE131907	NS_02	0.1205092221498489	0.0719124618051762	True
liana	APP_CD74	other	APP	CD74	66	986	1.1424506902694702	1.4157434701919556	0.9393939393939394	0.6876267748478702	1.279097080230713	0.7641885647924468	True	65	986	0.6371853351593018	1.4157434701919556	0.5230769230769231	0.6876267748478702	1.0264644026756289	0.5907029935576261	True	GSE131907	NS_02	0.2526326775550842	0.1734855712348206	True
liana	APP_SORL1	other	APP	SORL1	66	986	1.1424506902694702	0.3014788925647735	0.9393939393939394	0.1967545638945233	0.7219647914171219	0.25750236284247	True	65	986	0.6371853351593018	0.3014788925647735	0.5230769230769231	0.1967545638945233	0.4693321138620376	0.1337848265333101	True	GSE131907	NS_02	0.2526326775550842	0.1237175363091598	True
liana	BAG6_NCR3	other	BAG6	NCR3	66	986	0.3635696172714233	0.2069351524114608	0.6515151515151515	0.127789046653144	0.2852523848414421	0.0252963903351692	True	65	986	0.2506749629974365	0.2069351524114608	0.3230769230769231	0.127789046653144	0.2288050577044487	0.0121792914594666	True	GSE131907	NS_02	0.0564473271369934	0.0131170988757026	True
liana	CD320_JAML	other	CD320	JAML	66	986	0.4780369400978088	0.2119803726673126	0.7121212121212122	0.1369168356997971	0.3450086563825607	0.0442028509310615	True	65	986	0.2188663482666015	0.2119803726673126	0.3076923076923077	0.1369168356997971	0.2154233604669571	0.0148376884216141	True	GSE131907	NS_02	0.1295852959156036	0.0293651625094473	True
liana	CD44_TYROBP	other	CD44	TYROBP	66	986	0.6030872464179993	1.267491102218628	0.7272727272727273	0.5446247464503042	0.9352891743183136	0.5793465930998885	True	65	986	0.5279057621955872	1.267491102218628	0.4615384615384615	0.5446247464503042	0.8976984322071075	0.4703237880182609	True	GSE131907	NS_02	0.037590742111206	0.1090228050816274	True
liana	CD55_ADGRE5	other	CD55	ADGRE5	66	986	0.6081811189651489	0.5496076345443726	0.7575757575757576	0.3427991886409736	0.5788943767547607	0.3151602014690842	True	65	986	0.5022814273834229	0.5496076345443726	0.4615384615384615	0.3427991886409736	0.5259445309638977	0.2490326395660583	True	GSE131907	NS_02	0.052949845790863	0.0661275619030259	True
liana	CD58_CD2	other	CD58	CD2	66	986	0.1117942482233047	1.492598533630371	0.2878787878787879	0.7038539553752535	0.8021963909268379	0.1794515647280179	True	65	986	0.0955280289053917	1.492598533630371	0.1538461538461538	0.7038539553752535	0.7940632812678814	0.0508605336493753	True	GSE131907	NS_02	0.0081331096589565	0.1285910310786426	True
liana	CDH1_ITGAE+ITGB7	other	CDH1	ITGAE+ITGB7	66	986	0.3834799230098724	0.2409769892692566	0.6060606060606061	0.1754563894523326	0.3122284561395645	0.0581057002250317	True	65	986	0.2636484503746032	0.2409769892692566	0.3384615384615385	0.1754563894523326	0.2523127198219299	0.0334627015110073	True	GSE131907	NS_02	0.0599157363176345	0.0246429987140243	True
liana	CLEC2B_KLRF1	other	CLEC2B	KLRF1	66	986	0.2712989151477813	0.6942470669746399	0.5	0.3306288032454361	0.4827729910612106	0.1834273829274827	True	65	986	0.2045570611953735	0.6942470669746399	0.2461538461538461	0.3306288032454361	0.4494020640850067	0.0988448156803275	True	GSE131907	NS_02	0.0333709269762039	0.0845825672471552	True
liana	DHCR24_RORA	other	DHCR24	RORA	66	986	0.5854000449180603	0.588948130607605	0.7424242424242424	0.3661257606490872	0.5871740877628326	0.3468307952341591	True	65	986	0.1913260370492935	0.588948130607605	0.2461538461538461	0.3661257606490872	0.3901370838284492	0.0661753025938153	True	GSE131907	NS_02	0.1970370039343834	0.2806554926403438	True
liana	DHCR7_NR1H2	other	DHCR7	NR1H2	66	986	0.1598861813545227	0.2150770872831344	0.3636363636363636	0.1592292089249493	0.1874816343188285	0.0157765609686418	True	65	986	0.0857967808842659	0.2150770872831344	0.1384615384615384	0.1592292089249493	0.1504369340837001	0.0025424827978785	True	GSE131907	NS_02	0.0370447002351284	0.0132340781707633	True
liana	DHCR7_RORA	other	DHCR7	RORA	66	986	0.1598861813545227	0.588948130607605	0.3636363636363636	0.3661257606490872	0.3744171559810638	0.095050789059233	True	65	986	0.0857967808842659	0.588948130607605	0.1384615384615384	0.3661257606490872	0.3373724557459354	0.0164279241889259	True	GSE131907	NS_02	0.0370447002351284	0.0786228648703071	True
liana	F11R_ITGAL+ITGB2	other	F11R	ITGAL+ITGB2	66	986	0.282609611749649	0.2149028778076172	0.5303030303030303	0.1440162271805274	0.2487562447786331	0.0916410985554177	True	65	986	0.1371915638446808	0.2149028778076172	0.2	0.1440162271805274	0.176047220826149	0.022279856433179	True	GSE131907	NS_02	0.0727090239524841	0.0693612421222386	True
liana	FGL1_LAG3	other	FGL1	LAG3	66	986	1.1411280632019043	0.1668218374252319	0.7727272727272727	0.1095334685598377	0.6539749503135681	0.0228702292649804	True	65	986	0.3065555691719055	0.1668218374252319	0.2461538461538461	0.1095334685598377	0.2366887032985687	0.0033104165354269	True	GSE131907	NS_02	0.4172862470149994	0.0195598127295535	True
liana	FN1_ITGA4+ITGB1	other	FN1	ITGA4+ITGB1	66	986	0.1270533502101898	0.1757096499204635	0.2727272727272727	0.1186612576064908	0.1513815000653267	0.0136210207572837	True	65	986	0.017667107284069	0.1757096499204635	0.0615384615384615	0.1186612576064908	0.0966883786022663	0.0	False	GSE131907	NS_02	0.0546931214630603	0.0136210207572837	True
liana	FN1_ITGA4+ITGB7	other	FN1	ITGA4+ITGB7	66	986	0.1270533502101898	0.1757096499204635	0.2727272727272727	0.1186612576064908	0.1513815000653267	0.0074747326729055	True	65	986	0.017667107284069	0.1757096499204635	0.0615384615384615	0.1186612576064908	0.0966883786022663	0.0	False	GSE131907	NS_02	0.0546931214630603	0.0074747326729055	True
liana	ICAM1_ITGAL	other	ICAM1	ITGAL	66	986	0.2019120752811432	0.2149028778076172	0.4090909090909091	0.1440162271805274	0.2084074765443802	0.0164042691290872	True	65	986	0.0746025517582893	0.2149028778076172	0.1692307692307692	0.1440162271805274	0.1447527147829532	0.0023262320437686	True	GSE131907	NS_02	0.0636547617614269	0.0140780370853186	True
liana	ICAM1_ITGAL+ITGB2	other	ICAM1	ITGAL+ITGB2	66	986	0.2019120752811432	0.2149028778076172	0.4090909090909091	0.1440162271805274	0.2084074765443802	0.0622221845181684	True	65	986	0.0746025517582893	0.2149028778076172	0.1692307692307692	0.1440162271805274	0.1447527147829532	0.0091909309362547	True	GSE131907	NS_02	0.0636547617614269	0.0530312535819137	True
liana	ICAM1_SPN	other	ICAM1	SPN	66	986	0.2019120752811432	0.379894345998764	0.4090909090909091	0.255578093306288	0.2909032106399536	0.0662685213487536	True	65	986	0.0746025517582893	0.379894345998764	0.1692307692307692	0.255578093306288	0.2272484488785267	0.0098247515301602	True	GSE131907	NS_02	0.0636547617614269	0.0564437698185933	True
liana	ICAM3_ITGAL+ITGB2	other	ICAM3	ITGAL+ITGB2	66	986	0.2464066743850708	0.2149028778076172	0.5	0.1440162271805274	0.230654776096344	0.0879419731529411	True	65	986	0.1870289742946624	0.2149028778076172	0.2	0.1440162271805274	0.2009659260511398	0.0286000819550356	True	GSE131907	NS_02	0.0296888500452041	0.0593418911979055	True
liana	IGFBP3_TMEM219	other	IGFBP3	TMEM219	66	986	0.0602412857115268	0.3963501751422882	0.0606060606060606	0.2768762677484787	0.2282957304269075	0.0	False	65	986	0.0625330731272697	0.3963501751422882	0.1076923076923077	0.2768762677484787	0.2294416241347789	0.0025632241137643	True	GSE131907	NS_02	-0.0011458937078714	-0.0025632241137643	True
liana	ITGAV+ITGB1_ADGRE5	other	ITGAV+ITGB1	ADGRE5	66	986	0.0874030292034149	0.5496076345443726	0.2575757575757575	0.3427991886409736	0.3185053318738937	0.0698208974928823	True	65	986	0.0989558324217796	0.5496076345443726	0.123076923076923	0.3427991886409736	0.3242817334830761	0.0220676792500642	True	GSE131907	NS_02	-0.0057764016091823	0.0477532182428181	True
liana	JAG1_CD46	other	JAG1	CD46	66	986	0.0386535674333572	0.1591306626796722	0.106060606060606	0.1217038539553752	0.0988921150565147	0.0001290844609725	True	65	986	0.0233932975679636	0.1591306626796722	0.0461538461538461	0.1217038539553752	0.0912619801238179	0.0	False	GSE131907	NS_02	0.0076301349326968	0.0001290844609725	True
liana	KLRB1_CLEC2D	other	KLRB1	CLEC2D	66	986	0.0502112284302711	0.4227266609668731	0.1515151515151515	0.268762677484787	0.2364689446985721	0.0089145130397648	True	65	986	0.0819263756275177	0.4227266609668731	0.1076923076923077	0.268762677484787	0.2523265182971954	0.0013841530499867	True	GSE131907	NS_02	-0.0158575735986232	0.007530359989778	True
liana	LGALS9_HAVCR2	other	LGALS9	HAVCR2	66	986	0.1202226430177688	0.1807961463928222	0.2878787878787879	0.1186612576064908	0.1505093947052955	0.0027493759325247	True	65	986	0.0756164342164993	0.1807961463928222	0.1384615384615384	0.1186612576064908	0.1282062903046608	0.0004720233362821	True	GSE131907	NS_02	0.0223031044006347	0.0022773525962425	True
liana	LGALS9_P4HB	other	LGALS9	P4HB	66	986	0.1202226430177688	0.5337717533111572	0.2878787878787879	0.3488843813387424	0.326997198164463	0.0591691382863058	True	65	986	0.0756164342164993	0.5337717533111572	0.1384615384615384	0.3488843813387424	0.3046940937638283	0.0106578330988143	True	GSE131907	NS_02	0.0223031044006347	0.0485113051874915	True
liana	LIPA_RORA	other	LIPA	RORA	66	986	0.1519955247640609	0.588948130607605	0.3333333333333333	0.3661257606490872	0.370471827685833	0.0847095926076151	True	65	986	0.0982019156217575	0.588948130607605	0.1692307692307692	0.3661257606490872	0.3435750231146812	0.0240348787809612	True	GSE131907	NS_02	0.0268968045711517	0.0606747138266538	True
liana	LPAR1_ADGRE5	other	LPAR1	ADGRE5	66	986	0.0318811722099781	0.5496076345443726	0.1212121212121212	0.3427991886409736	0.2907444033771753	0.0040209178552992	True	65	986	0.0105000110343098	0.5496076345443726	0.0307692307692307	0.3427991886409736	0.2800538227893412	0.0	False	GSE131907	NS_02	0.0106905805878341	0.0040209178552992	True
liana	LPAR2_ADGRE5	other	LPAR2	ADGRE5	66	986	0.1561960130929947	0.5496076345443726	0.3181818181818182	0.3427991886409736	0.3529018238186836	0.0753423966980832	True	65	986	0.1370095759630203	0.5496076345443726	0.2	0.3427991886409736	0.3433086052536964	0.0479439244426603	True	GSE131907	NS_02	0.0095932185649871	0.0273984722554229	True
liana	MADCAM1_ITGA4+ITGB7	other	MADCAM1	ITGA4+ITGB7	66	986	0.0477298833429813	0.1757096499204635	0.1363636363636363	0.1186612576064908	0.1117197666317224	0.0009140373998354	True	65	986	0.0422817692160606	0.1757096499204635	0.0769230769230769	0.1186612576064908	0.1089957095682621	0.0	False	GSE131907	NS_02	0.0027240570634603	0.0009140373998354	True
liana	PLAUR_ITGA4+ITGB1	other	PLAUR	ITGA4+ITGB1	66	986	0.5612100958824158	0.1757096499204635	0.7575757575757576	0.1186612576064908	0.3684598729014396	0.089256967298092	True	65	986	0.3374886512756347	0.1757096499204635	0.3846153846153846	0.1186612576064908	0.2565991505980491	0.0415479562133756	True	GSE131907	NS_02	0.1118607223033905	0.0477090110847164	True
liana	PODXL2_SELL	other	PODXL2	SELL	66	986	0.0787205621600151	0.2711833417415619	0.2272727272727272	0.1713995943204868	0.1749519519507885	0.0091051042668413	True	65	986	0.0101367738097906	0.2711833417415619	0.0307692307692307	0.1713995943204868	0.1406600577756762	0.0	False	GSE131907	NS_02	0.0342918941751122	0.0091051042668413	True
liana	PPIA_BSG	other	PPIA	BSG	66	986	2.520418405532837	0.6284822225570679	1.0	0.4026369168356998	1.5744503140449524	0.7285155476626145	True	65	986	2.473989486694336	0.6284822225570679	0.9692307692307692	0.4026369168356998	1.551235854625702	0.72763685495998	True	GSE131907	NS_02	0.0232144594192504	0.0008786927026345	True
liana	PTGES_PTGER2	other	PTGES	PTGER2	66	986	0.0686825737357139	0.3072406947612762	0.1969696969696969	0.1896551724137931	0.1879616342484951	0.0097426558028688	True	65	986	0.0	0.3072406947612762	0.0	0.1896551724137931	0.1536203473806381	0.0	False	GSE131907	NS_02	0.0343412868678569	0.0097426558028688	True
liana	PTGES_PTGER4	other	PTGES	PTGER4	66	986	0.0686825737357139	0.4053975641727447	0.1969696969696969	0.2606490872210953	0.2370400689542293	0.0170205382081774	True	65	986	0.0	0.4053975641727447	0.0	0.2606490872210953	0.2026987820863723	0.0	False	GSE131907	NS_02	0.0343412868678569	0.0170205382081774	True
liana	PTGES2_PTGER2	other	PTGES2	PTGER2	66	986	0.209925428032875	0.3072406947612762	0.4696969696969697	0.1896551724137931	0.2585830613970756	0.0447587886644384	True	65	986	0.1470402628183365	0.3072406947612762	0.2461538461538461	0.1896551724137931	0.2271404787898063	0.0222757391980956	True	GSE131907	NS_02	0.0314425826072692	0.0224830494663428	True
liana	PTGES2_PTGER4	other	PTGES2	PTGER4	66	986	0.209925428032875	0.4053975641727447	0.4696969696969697	0.2606490872210953	0.3076614961028099	0.0761818186711928	True	65	986	0.1470402628183365	0.4053975641727447	0.2461538461538461	0.2606490872210953	0.2762189134955406	0.0385515030485944	True	GSE131907	NS_02	0.0314425826072692	0.0376303156225984	True
liana	PTGES3_PTGER2	other	PTGES3	PTGER2	66	986	0.5591229796409607	0.3072406947612762	0.7272727272727273	0.1896551724137931	0.4331818372011184	0.135390952671621	True	65	986	0.8508729338645935	0.3072406947612762	0.6461538461538462	0.1896551724137931	0.5790568143129349	0.1867008544161166	True	GSE131907	NS_02	-0.1458749771118164	-0.0513099017444956	True
liana	PTGES3_PTGER4	other	PTGES3	PTGER4	66	986	0.5591229796409607	0.4053975641727447	0.7272727272727273	0.2606490872210953	0.4822602719068527	0.216051372607933	True	65	986	0.8508729338645935	0.4053975641727447	0.6461538461538462	0.2606490872210953	0.6281352490186691	0.2877559802956101	True	GSE131907	NS_02	-0.1458749771118164	-0.071704607687677	True
liana	PVR_CD96	other	PVR	CD96	66	986	0.0484699234366416	0.4268900156021118	0.1363636363636363	0.2768762677484787	0.2376799695193767	0.0061594417856436	True	65	986	0.0549829415977001	0.4268900156021118	0.0923076923076923	0.2768762677484787	0.2409364785999059	0.0	False	GSE131907	NS_02	-0.0032565090805292	0.0061594417856436	True
liana	PVR_TIGIT	other	PVR	TIGIT	66	986	0.0484699234366416	0.3139300048351288	0.1363636363636363	0.1957403651115618	0.1811999641358852	0.0032291588498632	True	65	986	0.0549829415977001	0.3139300048351288	0.0923076923076923	0.1957403651115618	0.1844564732164144	0.0	False	GSE131907	NS_02	-0.0032565090805292	0.0032291588498632	True
liana	SEMA4D_PTPRC	other	SEMA4D	PTPRC	66	986	0.0138259762898087	1.3083059787750244	0.0454545454545454	0.6997971602434077	0.6610659775324166	0.0	False	65	986	0.0593357905745506	1.3083059787750244	0.1076923076923077	0.6997971602434077	0.6838208846747875	0.0094946612264774	True	GSE131907	NS_02	-0.0227549071423709	-0.0094946612264774	True
liana	SPP1_ITGA4+ITGB1	other	SPP1	ITGA4+ITGB1	66	986	1.867915630340576	0.1757096499204635	1.0	0.1186612576064908	1.02181264013052	0.2541205683607433	True	65	986	1.8232795000076292	0.1757096499204635	0.8923076923076924	0.1186612576064908	0.9994945749640464	0.2584397632971811	True	GSE131907	NS_02	0.0223180651664733	-0.0043191949364378	True
liana	TGM2_ADGRG1	other	TGM2	ADGRG1	66	986	0.1407433748245239	0.2417692989110946	0.3636363636363636	0.1501014198782961	0.1912563368678093	0.0151541798762203	True	65	986	0.0911100730299949	0.2417692989110946	0.1538461538461538	0.1501014198782961	0.1664396859705448	0.0023729158953994	True	GSE131907	NS_02	0.0248166508972644	0.0127812639808208	True
liana	TNC_ITGA4+ITGB1	other	TNC	ITGA4+ITGB1	66	986	0.1567834466695785	0.1757096499204635	0.3333333333333333	0.1186612576064908	0.166246548295021	0.019894720940512	True	65	986	0.0628190711140632	0.1757096499204635	0.0923076923076923	0.1186612576064908	0.1192643605172634	0.0	False	GSE131907	NS_02	0.0469821877777576	0.019894720940512	True
liana	TNFSF12_TNFRSF25	other	TNFSF12	TNFRSF25	66	986	0.0646167173981666	0.1821128726005554	0.2272727272727272	0.1288032454361054	0.123364794999361	0.0023688247594338	True	65	986	0.0103309303522109	0.1821128726005554	0.0307692307692307	0.1288032454361054	0.0962219014763832	0.0	False	GSE131907	NS_02	0.0271428935229778	0.0023688247594338	True
liana	TNFSF14_TNFRSF14	other	TNFSF14	TNFRSF14	66	986	0.0533842071890831	0.3249094486236572	0.106060606060606	0.2200811359026369	0.1891468279063701	0.0014533473653388	True	65	986	0.0167158879339694	0.3249094486236572	0.0461538461538461	0.2200811359026369	0.1708126682788133	0.0	False	GSE131907	NS_02	0.0183341596275568	0.0014533473653388	True
cellchat	CX3CL1_CX3CR1	CX3C	CX3CL1	CX3CR1	1073	138	0.3519236445426941	0.2291581183671951	0.4613233923578751	0.1159420289855072	0.2905408814549446	0.0229448384231723	True	1072	138	0.2731808423995971	0.2291581183671951	0.3619402985074627	0.1159420289855072	0.2511694803833961	0.0156426507228854	True	GSE131907	NS_03	0.0393714010715484	0.0073021877002868	True
cellchat	MDK_NCL	MK	MDK	NCL	1073	138	1.1432297229766846	1.0592557191848757	0.8238583410997204	0.5507246376811594	1.10124272108078	0.6920181666794881	True	1072	138	0.9867461323738098	1.0592557191848757	0.7350746268656716	0.5507246376811594	1.0230009257793429	0.6525350429632694	True	GSE131907	NS_03	0.0782417953014373	0.0394831237162187	True
cellchat	LGALS9_CD45	GALECTIN	LGALS9	PTPRC	1073	138	0.0985240414738655	0.985087752342224	0.1612301957129543	0.5362318840579711	0.5418058969080448	0.0442672942917983	True	1072	138	0.0848890542984008	0.985087752342224	0.1361940298507462	0.5362318840579711	0.5349884033203125	0.0234924417978807	True	GSE131907	NS_03	0.0068174935877323	0.0207748524939175	True
cellchat	BAG6_NCR3-PS	BAG	BAG6	NCR3	1073	138	0.3776180148124695	0.2687181830406189	0.5069897483690587	0.144927536231884	0.3231680989265442	0.0528426208205081	True	1072	138	0.3640432953834533	0.2687181830406189	0.4636194029850746	0.144927536231884	0.3163807392120361	0.0467933433222475	True	GSE131907	NS_03	0.006787359714508	0.0060492774982605	True
cellchat	LGALS9_CD44	GALECTIN	LGALS9	CD44	1073	138	0.0985240414738655	0.6070600748062134	0.1612301957129543	0.3478260869565217	0.3527920581400394	0.0242745724767143	True	1072	138	0.0848890542984008	0.6070600748062134	0.1361940298507462	0.3478260869565217	0.3459745645523071	0.0127571593591595	True	GSE131907	NS_03	0.0068174935877323	0.0115174131175548	True
cellchat	FN1_CD44	FN1	FN1	CD44	1073	138	0.1118407547473907	0.6070600748062134	0.1808014911463187	0.3478260869565217	0.359450414776802	0.0326505606573276	True	1072	138	0.1005918979644775	0.6070600748062134	0.1604477611940298	0.3478260869565217	0.3538259863853454	0.0237949265639021	True	GSE131907	NS_03	0.0056244283914566	0.0088556340934254	True
cellchat	COL1A1_CD44	COLLAGEN	COL1A1	CD44	1073	138	1.4095994234085083	0.6070600748062134	0.7707362534948742	0.3478260869565217	1.0083297491073608	0.5746205236894177	True	1072	138	1.2669657468795776	0.6070600748062134	0.6772388059701493	0.3478260869565217	0.9370129108428956	0.5393115383399628	True	GSE131907	NS_03	0.0713168382644653	0.0353089853494549	True
cellchat	COL4A2_CD44	COLLAGEN	COL4A2	CD44	1073	138	0.0925035625696182	0.6070600748062134	0.157502329916123	0.3478260869565217	0.3497818186879158	0.0226476837378629	True	1072	138	0.0649684816598892	0.6070600748062134	0.1175373134328358	0.3478260869565217	0.3360142782330513	0.0045813787216832	True	GSE131907	NS_03	0.0137675404548645	0.0180663050161796	True
cellchat	COL6A1_CD44	COLLAGEN	COL6A1	CD44	1073	138	0.4702509343624115	0.6070600748062134	0.5601118359739049	0.3478260869565217	0.5386555045843124	0.2778604369456199	True	1072	138	0.4097388982772827	0.6070600748062134	0.4869402985074627	0.3478260869565217	0.508399486541748	0.2406928143125581	True	GSE131907	NS_03	0.0302560180425643	0.0371676226330618	True
cellchat	COL6A2_CD44	COLLAGEN	COL6A2	CD44	1073	138	0.4503262042999267	0.6070600748062134	0.5349487418452936	0.3478260869565217	0.5286931395530701	0.2654727944973338	True	1072	138	0.3815313875675201	0.6070600748062134	0.4636194029850746	0.3478260869565217	0.4942957311868667	0.2212242277681435	True	GSE131907	NS_03	0.0343974083662033	0.0442485667291902	True
cellchat	LAMA5_CD44	LAMININ	LAMA5	CD44	1073	138	0.3452842831611633	0.6070600748062134	0.4715750232991612	0.3478260869565217	0.4761721789836883	0.2133319895881673	True	1072	138	0.2623127698898315	0.6070600748062134	0.3787313432835821	0.3478260869565217	0.4346864223480224	0.1497112690778659	True	GSE131907	NS_03	0.0414857566356658	0.0636207205103014	True
cellchat	LAMB1_CD44	LAMININ	LAMB1	CD44	1073	138	0.112419992685318	0.6070600748062134	0.1873252562907735	0.3478260869565217	0.3597400337457657	0.0360208568056158	True	1072	138	0.0838468894362449	0.6070600748062134	0.1567164179104477	0.3478260869565217	0.3454534821212291	0.0189480083681761	True	GSE131907	NS_03	0.0142865516245365	0.0170728484374397	True
cellchat	LAMB2_CD44	LAMININ	LAMB2	CD44	1073	138	0.0621024891734123	0.6070600748062134	0.1090400745573159	0.3478260869565217	0.3345812819898128	0.002187562685509	True	1072	138	0.0608960464596748	0.6070600748062134	0.1007462686567164	0.3478260869565217	0.3339780606329441	0.0001298080592081	True	GSE131907	NS_03	0.0006032213568687	0.0020577546263009	True
cellchat	LAMB3_CD44	LAMININ	LAMB3	CD44	1073	138	0.8214737176895142	0.6070600748062134	0.7157502329916123	0.3478260869565217	0.7142668962478638	0.4297030036305059	True	1072	138	0.683823823928833	0.6070600748062134	0.628731343283582	0.3478260869565217	0.6454419493675232	0.3673679140716048	True	GSE131907	NS_03	0.0688249468803405	0.062335089558901	True
cellchat	LAMC1_CD44	LAMININ	LAMC1	CD44	1073	138	0.0763580203056335	0.6070600748062134	0.1556383970177073	0.3478260869565217	0.3417090475559234	0.0181218751467314	True	1072	138	0.0566762015223503	0.6070600748062134	0.1175373134328358	0.3478260869565217	0.3318681381642818	0.0042513585632072	True	GSE131907	NS_03	0.0098409093916416	0.0138705165835241	True
cellchat	LAMC2_CD44	LAMININ	LAMC2	CD44	1073	138	0.0709410980343818	0.6070600748062134	0.1388630009319664	0.3478260869565217	0.3390005864202976	0.0131991873354565	True	1072	138	0.0719426572322845	0.6070600748062134	0.1194029850746268	0.3478260869565217	0.3395013660192489	0.0054735678652741	True	GSE131907	NS_03	-0.0005007795989513	0.0077256194701823	True
cellchat	THBS3_CD47	THBS	THBS3	CD47	1073	138	0.1097863018512725	0.5768728256225586	0.1854613233923578	0.3333333333333333	0.3433295637369156	0.0335355141233872	True	1072	138	0.0974905639886856	0.5768728256225586	0.1585820895522388	0.3333333333333333	0.3371816948056221	0.020511608243563	True	GSE131907	NS_03	0.0061478689312934	0.0130239058798241	True
cellchat	APP_CD74	APP	APP	CD74	1073	138	0.8465189337730408	1.122671365737915	0.7791239515377446	0.5	0.984595149755478	0.6243898015260932	True	1072	138	0.7744038105010986	1.122671365737915	0.7014925373134329	0.5	0.9485375881195068	0.5958057017714959	True	GSE131907	NS_03	0.036057561635971	0.0285840997545973	True
cellchat	CD99_CD99	CD99	CD99	CD99	1073	138	1.3796571493148804	1.005231499671936	0.9058713886300092	0.5	1.1924443244934082	0.7263170063898124	True	1072	138	1.2476003170013428	1.005231499671936	0.8470149253731343	0.5	1.1264159083366394	0.7011462527032895	True	GSE131907	NS_03	0.0660284161567688	0.0251707536865229	True
cellchat	CDH1_KLRG1	CDH1	CDH1	KLRG1	1073	138	1.0477471351623535	0.2493125796318054	0.8313140726933831	0.1376811594202898	0.6485298573970795	0.1481978536481382	True	1072	138	0.8187828660011292	0.2493125796318054	0.6968283582089553	0.1376811594202898	0.5340477228164673	0.1144086650394459	True	GSE131907	NS_03	0.1144821345806121	0.0337891886086922	True
cellchat	CLEC2B_KLRB1	CLEC	CLEC2B	KLRB1	1073	138	0.1322169601917266	1.0124192237854004	0.1938490214352283	0.3768115942028985	0.5723180919885635	0.0681279059617348	True	1072	138	0.1295733004808426	1.0124192237854004	0.167910447761194	0.3768115942028985	0.5709962621331215	0.0483709475003779	True	GSE131907	NS_03	0.001321829855442	0.0197569584613569	True
cellchat	ICAM1_ITGAL	ICAM	ICAM1	ITGAL	1073	138	0.2643927037715912	0.2661764323711395	0.3448275862068966	0.1521739130434782	0.2652845680713653	0.03372945872457	True	1072	138	0.2064290046691894	0.2661764323711395	0.2798507462686567	0.1521739130434782	0.2363027185201645	0.0224555170777987	True	GSE131907	NS_03	0.0289818495512008	0.0112739416467713	True
cellchat	ICAM1_SPN	ICAM	ICAM1	SPN	1073	138	0.2643927037715912	0.3741010129451751	0.3448275862068966	0.2246376811594203	0.3192468583583832	0.0743946062107754	True	1072	138	0.2064290046691894	0.3741010129451751	0.2798507462686567	0.2246376811594203	0.2902650088071823	0.0502351346514463	True	GSE131907	NS_03	0.0289818495512008	0.0241594715593291	True
cellchat	ICOSL_ICOS	ICOS	ICOSLG	ICOS	1073	138	0.0776207521557807	0.237581580877304	0.1369990680335508	0.1376811594202898	0.1576011665165424	0.0017936027977784	True	1072	138	0.0443251095712184	0.237581580877304	0.085820895522388	0.1376811594202898	0.1409533452242612	0.0	False	GSE131907	NS_03	0.0166478212922811	0.0017936027977784	True
cellchat	HLA-A_CD8A	MHC-I	HLA-A	CD8A	1073	138	2.8962292671203613	0.4106855392456054	0.9850885368126748	0.1956521739130435	1.6534574031829834	0.5477343660699261	True	1072	138	2.681898593902588	0.4106855392456054	0.9664179104477612	0.1956521739130435	1.546292066574097	0.5315470030323354	True	GSE131907	NS_03	0.1071653366088867	0.0161873630375907	True
cellchat	HLA-B_CD8A	MHC-I	HLA-B	CD8A	1073	138	2.550464868545532	0.4106855392456054	0.9664492078285182	0.1956521739130435	1.4805752038955688	0.5168331500028864	True	1072	138	2.342988967895508	0.4106855392456054	0.9393656716417912	0.1956521739130435	1.3768372535705566	0.496903852304605	True	GSE131907	NS_03	0.1037379503250122	0.0199292976982813	True
cellchat	HLA-C_CD8A	MHC-I	HLA-C	CD8A	1073	138	2.3451616764068604	0.4106855392456054	0.9664492078285182	0.1956521739130435	1.377923607826233	0.497701316026629	True	1072	138	2.152387857437134	0.4106855392456054	0.9207089552238806	0.1956521739130435	1.2815366983413696	0.4795756901295432	True	GSE131907	NS_03	0.0963869094848632	0.0181256258970857	True
cellchat	HLA-E_CD8A	MHC-I	HLA-E	CD8A	1073	138	1.2225860357284546	0.4106855392456054	0.8648648648648649	0.1956521739130435	0.81663578748703	0.337647765805542	True	1072	138	1.0405610799789429	0.4106855392456054	0.7863805970149254	0.1956521739130435	0.7256233096122742	0.2958985157947734	True	GSE131907	NS_03	0.0910124778747558	0.0417492500107686	True
cellchat	HLA-F_CD8A	MHC-I	HLA-F	CD8A	1073	138	0.3289937078952789	0.4106855392456054	0.4137931034482758	0.1956521739130435	0.3698396235704422	0.0867436806379391	True	1072	138	0.2763303816318512	0.4106855392456054	0.3376865671641791	0.1956521739130435	0.3435079604387283	0.0657600245586194	True	GSE131907	NS_03	0.0263316631317138	0.0209836560793196	True
cellchat	HLA-G_CD8A	MHC-I	HLA-G	CD8A	1073	138	0.8244875073432922	0.4106855392456054	0.6458527493010252	0.1956521739130435	0.6175865232944489	0.2333266701698571	True	1072	138	0.9083678126335144	0.4106855392456054	0.6501865671641791	0.1956521739130435	0.6595266759395599	0.2532211176810691	True	GSE131907	NS_03	-0.041940152645111	-0.0198944475112119	True
cellchat	HLA-DMA_CD4	MHC-II	HLA-DMA	CD4	1073	138	0.0997060760855674	0.1657640635967254	0.1873252562907735	0.108695652173913	0.1327350698411464	0.0011493019905162	True	1072	138	0.0928805097937583	0.1657640635967254	0.1651119402985074	0.108695652173913	0.1293222866952419	0.0007276676667158	True	GSE131907	NS_03	0.0034127831459045	0.0004216343238003	True
cellchat	HLA-DQB1_CD4	MHC-II	HLA-DQB1	CD4	1073	138	1.1003485918045044	0.1657640635967254	0.8126747437092264	0.108695652173913	0.6330563277006149	0.0324925983923108	True	1072	138	1.0000633001327517	0.1657640635967254	0.746268656716418	0.108695652173913	0.5829136818647385	0.0286636870996227	True	GSE131907	NS_03	0.0501426458358764	0.003828911292688	True
cellchat	HLA-DRA_CD4	MHC-II	HLA-DRA	CD4	1073	138	0.1416710466146469	0.1657640635967254	0.1826654240447343	0.108695652173913	0.1537175551056862	0.0012739372885934	True	1072	138	0.1070791482925415	0.1657640635967254	0.1287313432835821	0.108695652173913	0.1364216059446334	0.0003501402883493	True	GSE131907	NS_03	0.0172959491610527	0.0009237970002441	True
cellchat	PVR_TIGIT	PVR	PVR	TIGIT	1073	138	0.0894908607006073	0.5401015877723694	0.1705498602050326	0.2826086956521739	0.3147962242364883	0.0205742831594222	True	1072	138	0.0660211667418479	0.5401015877723694	0.125	0.2826086956521739	0.3030613772571087	0.0059992017168957	True	GSE131907	NS_03	0.0117348469793796	0.0145750814425264	True
cellchat	CD55_ADGRE5	ADGRE	CD55	ADGRE5	1073	138	0.6859846115112305	0.5755258202552795	0.7138863000931966	0.3043478260869565	0.630755215883255	0.354218718559481	True	1072	138	0.5910365581512451	0.5755258202552795	0.605410447761194	0.3043478260869565	0.5832811892032623	0.3069238825833597	True	GSE131907	NS_03	0.0474740266799926	0.0472948359761213	True
cellchat	LPAR2_ADGRE5	ADGRE	LPAR2	ADGRE5	1073	138	0.0637597814202308	0.5755258202552795	0.124883504193849	0.3043478260869565	0.3196428008377552	0.0063393238861534	True	1072	138	0.0460757799446582	0.5755258202552795	0.0988805970149253	0.3043478260869565	0.3108008000999689	0.0	False	GSE131907	NS_03	0.0088420007377862	0.0063393238861534	True
cellchat	TGM2_ADGRG1	ADGRG	TGM2	ADGRG1	1073	138	0.2082668840885162	0.3517135977745056	0.282385834109972	0.181159420289855	0.2799902409315109	0.0366646288881705	True	1072	138	0.1852570176124572	0.3517135977745056	0.2527985074626865	0.181159420289855	0.2684853076934814	0.0293952367344952	True	GSE131907	NS_03	0.0115049332380294	0.0072693921536753	True
cellchat	APP_SORL1	APP	APP	SORL1	1073	138	0.8465189337730408	0.2451872378587722	0.7791239515377446	0.144927536231884	0.5458530858159065	0.1216247991138076	True	1072	138	0.7744038105010986	0.2451872378587722	0.7014925373134329	0.144927536231884	0.5097955241799355	0.1093559208809409	True	GSE131907	NS_03	0.036057561635971	0.0122688782328667	True
cellchat	IGFBP3_TMEM219	IGFBP	IGFBP3	TMEM219	1073	138	0.2957208454608917	0.3211124241352081	0.3299161230195713	0.1956521739130435	0.3084166347980499	0.0584480898116555	True	1072	138	0.2877693176269531	0.3211124241352081	0.2835820895522388	0.1956521739130435	0.3044408708810806	0.0488500576325841	True	GSE131907	NS_03	0.0039757639169692	0.0095980321790713	True
cellchat	LGALS9_P4HB	GALECTIN	LGALS9	P4HB	1073	138	0.0985240414738655	0.55414217710495	0.1612301957129543	0.3188405797101449	0.3263331092894077	0.020807817402581	True	1072	138	0.0848890542984008	0.55414217710495	0.1361940298507462	0.3188405797101449	0.3195156157016754	0.0109168517764236	True	GSE131907	NS_03	0.0068174935877323	0.0098909656261574	True
cellchat	PPIA_BSG	CypA	PPIA	BSG	1073	138	1.86395263671875	0.484207272529602	0.9543336439888164	0.2971014492753623	1.174079954624176	0.589247755964615	True	1072	138	1.928577899932861	0.484207272529602	0.9458955223880596	0.2971014492753623	1.2063925862312317	0.5955322940475903	True	GSE131907	NS_03	-0.0323126316070556	-0.0062845380829753	True
liana	HLA-A_CD8A	MHC_I	HLA-A	CD8A	1073	138	2.8962292671203613	0.4106855392456054	0.9850885368126748	0.1956521739130435	1.6534574031829834	0.5477343660699261	True	1072	138	2.681898593902588	0.4106855392456054	0.9664179104477612	0.1956521739130435	1.546292066574097	0.5315470030323354	True	GSE131907	NS_03	0.1071653366088867	0.0161873630375907	True
liana	HLA-B_CD8A	MHC_I	HLA-B	CD8A	1073	138	2.550464868545532	0.4106855392456054	0.9664492078285182	0.1956521739130435	1.4805752038955688	0.5168331500028864	True	1072	138	2.342988967895508	0.4106855392456054	0.9393656716417912	0.1956521739130435	1.3768372535705566	0.496903852304605	True	GSE131907	NS_03	0.1037379503250122	0.0199292976982813	True
liana	HLA-C_CD8A	MHC_I	HLA-C	CD8A	1073	138	2.3451616764068604	0.4106855392456054	0.9664492078285182	0.1956521739130435	1.377923607826233	0.497701316026629	True	1072	138	2.152387857437134	0.4106855392456054	0.9207089552238806	0.1956521739130435	1.2815366983413696	0.4795756901295432	True	GSE131907	NS_03	0.0963869094848632	0.0181256258970857	True
liana	HLA-E_KLRD1	MHC_I	HLA-E	KLRD1	1073	138	1.2225860357284546	0.8172857165336609	0.8648648648648649	0.391304347826087	1.0199358761310575	0.6277808686717468	True	1072	138	1.0405610799789429	0.8172857165336609	0.7863805970149254	0.391304347826087	0.928923398256302	0.5816612498487639	True	GSE131907	NS_03	0.0910124778747558	0.0461196188229828	True
liana	CEACAM5_CD8A	MHC_I_partial	CEACAM5	CD8A	1073	138	0.3032349348068237	0.4106855392456054	0.3588070829450139	0.1956521739130435	0.3569602370262146	0.0758148447341923	True	1072	138	0.2591935396194458	0.4106855392456054	0.3041044776119403	0.1956521739130435	0.3349395394325256	0.0589048087163029	True	GSE131907	NS_03	0.0220206975936889	0.0169100360178894	True
liana	CX3CL1_CX3CR1	T_recruit	CX3CL1	CX3CR1	1073	138	0.3519236445426941	0.2291581183671951	0.4613233923578751	0.1159420289855072	0.2905408814549446	0.0229448384231723	True	1072	138	0.2731808423995971	0.2291581183671951	0.3619402985074627	0.1159420289855072	0.2511694803833961	0.0156426507228854	True	GSE131907	NS_03	0.0393714010715484	0.0073021877002868	True
liana	CXCL14_CXCR4	T_recruit_partial	CXCL14	CXCR4	1073	138	0.344002217054367	1.3592965602874756	0.2898415657036347	0.5869565217391305	0.8516493886709213	0.2978953285323462	True	1072	138	0.3045735657215118	1.3592965602874756	0.2388059701492537	0.5869565217391305	0.8319350630044937	0.2217868034253903	True	GSE131907	NS_03	0.0197143256664276	0.0761085251069559	True
liana	ALCAM_CD6	other	ALCAM	CD6	1073	138	0.0927276611328125	0.2972972989082336	0.1742777260018639	0.1739130434782608	0.195012480020523	0.008182287224636	True	1072	138	0.0620956979691982	0.2972972989082336	0.1175373134328358	0.1739130434782608	0.1796964984387159	0.0014271176499545	True	GSE131907	NS_03	0.0153159815818071	0.0067551695746814	True
liana	APP_CD74	other	APP	CD74	1073	138	0.8465189337730408	1.122671365737915	0.7791239515377446	0.5	0.984595149755478	0.6243898015260932	True	1072	138	0.7744038105010986	1.122671365737915	0.7014925373134329	0.5	0.9485375881195068	0.5958057017714959	True	GSE131907	NS_03	0.036057561635971	0.0285840997545973	True
liana	APP_SORL1	other	APP	SORL1	1073	138	0.8465189337730408	0.2451872378587722	0.7791239515377446	0.144927536231884	0.5458530858159065	0.1216247991138076	True	1072	138	0.7744038105010986	0.2451872378587722	0.7014925373134329	0.144927536231884	0.5097955241799355	0.1093559208809409	True	GSE131907	NS_03	0.036057561635971	0.0122688782328667	True
liana	BAG6_NCR3	other	BAG6	NCR3	1073	138	0.3776180148124695	0.2687181830406189	0.5069897483690587	0.144927536231884	0.3231680989265442	0.0528426208205081	True	1072	138	0.3640432953834533	0.2687181830406189	0.4636194029850746	0.144927536231884	0.3163807392120361	0.0467933433222475	True	GSE131907	NS_03	0.006787359714508	0.0060492774982605	True
liana	CD320_JAML	other	CD320	JAML	1073	138	0.2889464795589447	0.1645028740167617	0.4352283317800559	0.1014492753623188	0.2267246767878532	0.0048379381612402	True	1072	138	0.276073008775711	0.1645028740167617	0.396455223880597	0.1014492753623188	0.2202879413962364	0.004268336544852	True	GSE131907	NS_03	0.0064367353916168	0.0005696016163882	True
liana	CD44_TYROBP	other	CD44	TYROBP	1073	138	0.877098560333252	1.071656584739685	0.7809878844361603	0.4202898550724637	0.9743775725364684	0.6161503758785541	True	1072	138	0.7535567879676819	1.071656584739685	0.6949626865671642	0.4202898550724637	0.9126066863536836	0.5697841874988822	True	GSE131907	NS_03	0.061770886182785	0.0463661883796719	True
liana	CD55_ADGRE5	other	CD55	ADGRE5	1073	138	0.6859846115112305	0.5755258202552795	0.7138863000931966	0.3043478260869565	0.630755215883255	0.354218718559481	True	1072	138	0.5910365581512451	0.5755258202552795	0.605410447761194	0.3043478260869565	0.5832811892032623	0.3069238825833597	True	GSE131907	NS_03	0.0474740266799926	0.0472948359761213	True
liana	CD58_CD2	other	CD58	CD2	1073	138	0.4073354303836822	1.1582400798797607	0.5386766076421249	0.5652173913043478	0.7827877551317215	0.4268538461306458	True	1072	138	0.3322138488292694	1.1582400798797607	0.4430970149253731	0.5652173913043478	0.7452269643545151	0.3589367477347671	True	GSE131907	NS_03	0.0375607907772064	0.0679170983958786	True
liana	CDH1_ITGAE+ITGB7	other	CDH1	ITGAE+ITGB7	1073	138	1.0477471351623535	0.2591429650783539	0.8313140726933831	0.1666666666666666	0.6534450501203537	0.2968728754120037	True	1072	138	0.8187828660011292	0.2591429650783539	0.6968283582089553	0.1666666666666666	0.5389629155397415	0.2386842897292546	True	GSE131907	NS_03	0.1144821345806121	0.058188585682749	True
liana	CDH1_KLRG1	other	CDH1	KLRG1	1073	138	1.0477471351623535	0.2493125796318054	0.8313140726933831	0.1376811594202898	0.6485298573970795	0.1481978536481382	True	1072	138	0.8187828660011292	0.2493125796318054	0.6968283582089553	0.1376811594202898	0.5340477228164673	0.1144086650394459	True	GSE131907	NS_03	0.1144821345806121	0.0337891886086922	True
liana	CLEC2B_KLRF1	other	CLEC2B	KLRF1	1073	138	0.1322169601917266	0.5677518248558044	0.1938490214352283	0.2681159420289855	0.3499843925237655	0.0339307941226011	True	1072	138	0.1295733004808426	0.5677518248558044	0.167910447761194	0.2681159420289855	0.3486625626683235	0.0238372517944037	True	GSE131907	NS_03	0.001321829855442	0.0100935423281973	True
liana	DHCR24_RORA	other	DHCR24	RORA	1073	138	0.2153314054012298	0.5191800594329834	0.3355079217148182	0.2826086956521739	0.3672557324171066	0.0978081291111632	True	1072	138	0.1791640073060989	0.5191800594329834	0.2919776119402985	0.2826086956521739	0.3491720333695411	0.0757269985885653	True	GSE131907	NS_03	0.0180836990475654	0.0220811305225979	True
liana	DHCR7_NR1H2	other	DHCR7	NR1H2	1073	138	0.1288646757602691	0.2519996762275696	0.2385834109972041	0.1666666666666666	0.1904321759939193	0.013562327334062	True	1072	138	0.1216386705636978	0.2519996762275696	0.2098880597014925	0.1666666666666666	0.1868191733956337	0.0104149876386177	True	GSE131907	NS_03	0.0036130025982856	0.0031473396954442	True
liana	DHCR7_RORA	other	DHCR7	RORA	1073	138	0.1288646757602691	0.5191800594329834	0.2385834109972041	0.2826086956521739	0.3240223675966263	0.0471912179590914	True	1072	138	0.1216386705636978	0.5191800594329834	0.2098880597014925	0.2826086956521739	0.3204093649983406	0.0365287873637297	True	GSE131907	NS_03	0.0036130025982856	0.0106624305953617	True
liana	F11R_ITGAL+ITGB2	other	F11R	ITGAL+ITGB2	1073	138	0.6229532957077026	0.2661764323711395	0.6924510717614166	0.1521739130434782	0.4445648640394211	0.2771653096555244	True	1072	138	0.4731079041957855	0.2661764323711395	0.5475746268656716	0.1521739130434782	0.3696421682834625	0.2102096046639303	True	GSE131907	NS_03	0.0749226957559585	0.066955704991594	True
liana	ICAM1_ITGAL	other	ICAM1	ITGAL	1073	138	0.2643927037715912	0.2661764323711395	0.3448275862068966	0.1521739130434782	0.2652845680713653	0.03372945872457	True	1072	138	0.2064290046691894	0.2661764323711395	0.2798507462686567	0.1521739130434782	0.2363027185201645	0.0224555170777987	True	GSE131907	NS_03	0.0289818495512008	0.0112739416467713	True
liana	ICAM1_ITGAL+ITGB2	other	ICAM1	ITGAL+ITGB2	1073	138	0.2643927037715912	0.2661764323711395	0.3448275862068966	0.1521739130434782	0.2652845680713653	0.0994550291006556	True	1072	138	0.2064290046691894	0.2661764323711395	0.2798507462686567	0.1521739130434782	0.2363027185201645	0.0677529573262934	True	GSE131907	NS_03	0.0289818495512008	0.0317020717743621	True
liana	ICAM1_SPN	other	ICAM1	SPN	1073	138	0.2643927037715912	0.3741010129451751	0.3448275862068966	0.2246376811594203	0.3192468583583832	0.0743946062107754	True	1072	138	0.2064290046691894	0.3741010129451751	0.2798507462686567	0.2246376811594203	0.2902650088071823	0.0502351346514463	True	GSE131907	NS_03	0.0289818495512008	0.0241594715593291	True
liana	ICAM3_ITGAL+ITGB2	other	ICAM3	ITGAL+ITGB2	1073	138	0.1516954898834228	0.2661764323711395	0.2656104380242311	0.1521739130434782	0.2089359611272812	0.0516385401715061	True	1072	138	0.1551946699619293	0.2661764323711395	0.25	0.1521739130434782	0.2106855511665344	0.0469150592097213	True	GSE131907	NS_03	-0.0017495900392532	0.0047234809617848	True
liana	ICAM4_ITGAL+ITGB2	other	ICAM4	ITGAL+ITGB2	1073	138	0.061974786221981	0.2661764323711395	0.1053122087604846	0.1521739130434782	0.1640756092965603	0.0008588214170527	True	1072	138	0.0607886090874671	0.2661764323711395	0.105410447761194	0.1521739130434782	0.1634825207293033	0.0008452486363386	True	GSE131907	NS_03	0.0005930885672569	1.3572780714091463e-05	True
liana	ICOSLG_ICOS	other	ICOSLG	ICOS	1073	138	0.0776207521557807	0.237581580877304	0.1369990680335508	0.1376811594202898	0.1576011665165424	0.0017936027977784	True	1072	138	0.0443251095712184	0.237581580877304	0.085820895522388	0.1376811594202898	0.1409533452242612	0.0	False	GSE131907	NS_03	0.0166478212922811	0.0017936027977784	True
liana	IGFBP3_TMEM219	other	IGFBP3	TMEM219	1073	138	0.2957208454608917	0.3211124241352081	0.3299161230195713	0.1956521739130435	0.3084166347980499	0.0584480898116555	True	1072	138	0.2877693176269531	0.3211124241352081	0.2835820895522388	0.1956521739130435	0.3044408708810806	0.0488500576325841	True	GSE131907	NS_03	0.0039757639169692	0.0095980321790713	True
liana	ITGAV+ITGB1_ADGRE5	other	ITGAV+ITGB1	ADGRE5	1073	138	0.2138139456510543	0.5755258202552795	0.3280521901211556	0.3043478260869565	0.3946698829531669	0.1103011443855043	True	1072	138	0.1753543466329574	0.5755258202552795	0.2677238805970149	0.3043478260869565	0.3754400834441185	0.0822160993246799	True	GSE131907	NS_03	0.0192297995090484	0.0280850450608243	True
liana	LGALS9_P4HB	other	LGALS9	P4HB	1073	138	0.0985240414738655	0.55414217710495	0.1612301957129543	0.3188405797101449	0.3263331092894077	0.020807817402581	True	1072	138	0.0848890542984008	0.55414217710495	0.1361940298507462	0.3188405797101449	0.3195156157016754	0.0109168517764236	True	GSE131907	NS_03	0.0068174935877323	0.0098909656261574	True
liana	LIPA_RORA	other	LIPA	RORA	1073	138	0.1392146497964859	0.5191800594329834	0.255358807082945	0.2826086956521739	0.3291973546147346	0.0545344460106771	True	1072	138	0.134490966796875	0.5191800594329834	0.2276119402985074	0.2826086956521739	0.3268355131149292	0.0424023610294505	True	GSE131907	NS_03	0.0023618414998054	0.0121320849812265	True
liana	LPAR2_ADGRE5	other	LPAR2	ADGRE5	1073	138	0.0637597814202308	0.5755258202552795	0.124883504193849	0.3043478260869565	0.3196428008377552	0.0063393238861534	True	1072	138	0.0460757799446582	0.5755258202552795	0.0988805970149253	0.3043478260869565	0.3108008000999689	0.0	False	GSE131907	NS_03	0.0088420007377862	0.0063393238861534	True
liana	PODXL2_SELL	other	PODXL2	SELL	1073	138	0.055648598819971	0.2210249751806259	0.1043802423112768	0.144927536231884	0.1383367870002985	0.0001538160028197	True	1072	138	0.03464125841856	0.2210249751806259	0.0718283582089552	0.144927536231884	0.1278331167995929	0.0	False	GSE131907	NS_03	0.0105036702007055	0.0001538160028197	True
liana	PPIA_BSG	other	PPIA	BSG	1073	138	1.86395263671875	0.484207272529602	0.9543336439888164	0.2971014492753623	1.174079954624176	0.589247755964615	True	1072	138	1.928577899932861	0.484207272529602	0.9458955223880596	0.2971014492753623	1.2063925862312317	0.5955322940475903	True	GSE131907	NS_03	-0.0323126316070556	-0.0062845380829753	True
liana	PTGES2_PTGER2	other	PTGES2	PTGER2	1073	138	0.1679901629686355	0.2440638393163681	0.3028890959925442	0.1304347826086956	0.2060270011425018	0.0148031212867384	True	1072	138	0.1919763833284378	0.2440638393163681	0.3050373134328358	0.1304347826086956	0.2180201113224029	0.0162666441778996	True	GSE131907	NS_03	-0.0119931101799011	-0.0014635228911612	True
liana	PTGES2_PTGER4	other	PTGES2	PTGER4	1073	138	0.1679901629686355	0.2383781969547271	0.3028890959925442	0.1376811594202898	0.2031841799616813	0.015514774198194	True	1072	138	0.1919763833284378	0.2383781969547271	0.3050373134328358	0.1376811594202898	0.2151772901415825	0.0170474377976758	True	GSE131907	NS_03	-0.0119931101799011	-0.0015326635994818	True
liana	PTGES3_PTGER2	other	PTGES3	PTGER2	1073	138	0.7638411521911621	0.2440638393163681	0.7427772600186393	0.1304347826086956	0.5039524957537651	0.0966074664418828	True	1072	138	0.8029618859291077	0.2440638393163681	0.7145522388059702	0.1304347826086956	0.5235128626227379	0.0983555858393367	True	GSE131907	NS_03	-0.0195603668689727	-0.0017481193974539	True
liana	PTGES3_PTGER4	other	PTGES3	PTGER4	1073	138	0.7638411521911621	0.2383781969547271	0.7427772600186393	0.1376811594202898	0.5011096745729446	0.1008492541722127	True	1072	138	0.8029618859291077	0.2383781969547271	0.7145522388059702	0.1376811594202898	0.5206700414419174	0.1026654062177642	True	GSE131907	NS_03	-0.0195603668689727	-0.0018161520455514	True
liana	PVR_CD96	other	PVR	CD96	1073	138	0.0894908607006073	0.279532641172409	0.1705498602050326	0.1666666666666666	0.1845117509365081	0.0063438545639694	True	1072	138	0.0660211667418479	0.279532641172409	0.125	0.1666666666666666	0.1727769039571285	0.0018309425614365	True	GSE131907	NS_03	0.0117348469793796	0.0045129120025329	True
liana	PVR_TIGIT	other	PVR	TIGIT	1073	138	0.0894908607006073	0.5401015877723694	0.1705498602050326	0.2826086956521739	0.3147962242364883	0.0205742831594222	True	1072	138	0.0660211667418479	0.5401015877723694	0.125	0.2826086956521739	0.3030613772571087	0.0059992017168957	True	GSE131907	NS_03	0.0117348469793796	0.0145750814425264	True
liana	TGFB1_TGFBR3	other	TGFB1	TGFBR3	1073	138	0.2604210376739502	0.1588642448186874	0.3886300093196645	0.1014492753623188	0.2096426412463188	0.0015711289481237	True	1072	138	0.1787873059511184	0.1588642448186874	0.292910447761194	0.1014492753623188	0.1688257753849029	0.0008761841348046	True	GSE131907	NS_03	0.0408168658614158	0.0006949448133191	True
liana	TGM2_ADGRG1	other	TGM2	ADGRG1	1073	138	0.2082668840885162	0.3517135977745056	0.282385834109972	0.181159420289855	0.2799902409315109	0.0366646288881705	True	1072	138	0.1852570176124572	0.3517135977745056	0.2527985074626865	0.181159420289855	0.2684853076934814	0.0293952367344952	True	GSE131907	NS_03	0.0115049332380294	0.0072693921536753	True
cellchat	CCL4_CCR5	CCL	CCL4	CCR5	171	123	0.1437597721815109	0.1539362221956253	0.2631578947368421	0.1219512195121951	0.1488479971885681	0.0037543694519146	True	171	123	0.1339037865400314	0.1539362221956253	0.2046783625730994	0.1219512195121951	0.1439200043678283	0.0020920764616398	True	GSE131907	NS_04	0.0049279928207397	0.0016622929902748	True
cellchat	CCL3_CCR5	CCL	CCL3	CCR5	171	123	0.1534244269132614	0.1539362221956253	0.2865497076023391	0.1219512195121951	0.1536803245544433	0.0037473909659001	True	171	123	0.1391383856534958	0.1539362221956253	0.2105263157894736	0.1219512195121951	0.1465373039245605	0.0021720926857016	True	GSE131907	NS_04	0.0071430206298828	0.0015752982801984	True
cellchat	CCL20_CCR6	CCL	CCL20	CCR6	171	123	0.3228394687175751	0.2137944400310516	0.3508771929824561	0.1300813008130081	0.2683169543743133	0.0144328129346982	True	171	123	0.2943829298019409	0.2137944400310516	0.2690058479532163	0.1300813008130081	0.2540886849164963	0.0102220058545235	True	GSE131907	NS_04	0.014228269457817	0.0042108070801746	True
cellchat	CXCL16_CXCR6	CXCL	CXCL16	CXCR6	171	123	0.1749391257762909	0.3423100113868713	0.3742690058479532	0.2113821138211382	0.2586245685815811	0.036947316133877	True	171	123	0.1442530006170272	0.3423100113868713	0.2807017543859649	0.2113821138211382	0.2432815060019493	0.0250378613247325	True	GSE131907	NS_04	0.0153430625796318	0.0119094548091444	True
cellchat	MDK_NCL	MK	MDK	NCL	171	123	2.0968363285064697	0.7197386622428894	0.8947368421052632	0.4390243902439024	1.4082874953746796	0.7312836335539937	True	171	123	1.7399474382400513	0.7197386622428894	0.783625730994152	0.4390243902439024	1.2298430502414703	0.686283284380411	True	GSE131907	NS_04	0.1784444451332092	0.0450003491735827	True
cellchat	PTN_NCL	PTN	PTN	NCL	171	123	0.1068198233842849	0.7197386622428894	0.1988304093567251	0.4390243902439024	0.4132792428135872	0.0394946940916052	True	171	123	0.0950243100523948	0.7197386622428894	0.1345029239766081	0.4390243902439024	0.4073814861476421	0.0161328326063262	True	GSE131907	NS_04	0.005897756665945	0.0233618614852789	True
cellchat	LGALS9_CD45	GALECTIN	LGALS9	PTPRC	171	123	0.4005451798439026	1.1204843521118164	0.5087719298245614	0.6260162601626016	0.7605147659778595	0.4047198236491265	True	171	123	0.401259183883667	1.1204843521118164	0.4561403508771929	0.6260162601626016	0.7608717679977417	0.3822999745276334	True	GSE131907	NS_04	-0.0003570020198822	0.022419849121493	True
cellchat	BAG6_NCR3-PS	BAG	BAG6	NCR3	171	123	0.3245671093463897	0.1846408247947693	0.5146198830409356	0.1463414634146341	0.2546039670705795	0.0308953445388971	True	171	123	0.2420777231454849	0.1846408247947693	0.3625730994152046	0.1463414634146341	0.2133592739701271	0.0176573140490172	True	GSE131907	NS_04	0.0412446931004524	0.0132380304898798	True
cellchat	LGALS9_HAVCR2	GALECTIN	LGALS9	HAVCR2	171	123	0.4005451798439026	0.2376597970724105	0.5087719298245614	0.1544715447154471	0.3191024884581566	0.0460831154267604	True	171	123	0.401259183883667	0.2376597970724105	0.4561403508771929	0.1544715447154471	0.3194594904780388	0.0421244251896035	True	GSE131907	NS_04	-0.0003570020198822	0.0039586902371568	True
cellchat	LGALS9_CD44	GALECTIN	LGALS9	CD44	171	123	0.4005451798439026	1.1487044095993042	0.5087719298245614	0.6422764227642277	0.7746247947216034	0.4148071719513517	True	171	123	0.401259183883667	1.1487044095993042	0.4561403508771929	0.6422764227642277	0.7749817967414856	0.3921966852897888	True	GSE131907	NS_04	-0.0003570020198822	0.0226104866615628	True
cellchat	COL1A1_CD44	COLLAGEN	COL1A1	CD44	171	123	0.1252632737159729	1.1487044095993042	0.2339181286549707	0.6422764227642277	0.6369838416576385	0.0957087275106397	True	171	123	0.0700468122959137	1.1487044095993042	0.1228070175438596	0.6422764227642277	0.609375610947609	0.0160350697821146	True	GSE131907	NS_04	0.0276082307100296	0.079673657728525	True
cellchat	COL9A2_CD44	COLLAGEN	COL9A2	CD44	171	123	0.0539124086499214	1.1487044095993042	0.1228070175438596	0.6422764227642277	0.6013084091246128	0.011323319024732	True	171	123	0.0411484353244304	1.1487044095993042	0.0760233918128654	0.6422764227642277	0.5949264224618673	0.0	False	GSE131907	NS_04	0.0063819866627454	0.011323319024732	True
cellchat	LAMA5_CD44	LAMININ	LAMA5	CD44	171	123	0.3762684762477875	1.1487044095993042	0.5497076023391813	0.6422764227642277	0.7624864429235458	0.3940580502573438	True	171	123	0.2025456130504608	1.1487044095993042	0.327485380116959	0.6422764227642277	0.6756250113248825	0.2133383665295078	True	GSE131907	NS_04	0.0868614315986633	0.180719683727836	True
cellchat	LAMB2_CD44	LAMININ	LAMB2	CD44	171	123	0.1829954385757446	1.1487044095993042	0.3216374269005848	0.6422764227642277	0.6658499240875244	0.1866895909251595	True	171	123	0.1597258597612381	1.1487044095993042	0.2573099415204678	0.6422764227642277	0.6542151346802711	0.1238820418959796	True	GSE131907	NS_04	0.0116347894072532	0.0628075490291799	True
cellchat	LAMB3_CD44	LAMININ	LAMB3	CD44	171	123	0.3028384149074554	1.1487044095993042	0.3976608187134502	0.6422764227642277	0.7257714122533798	0.3047343142648591	True	171	123	0.2131943255662918	1.1487044095993042	0.2748538011695906	0.6422764227642277	0.680949367582798	0.1714872472768744	True	GSE131907	NS_04	0.0448220446705818	0.1332470669879847	True
cellchat	LAMC1_CD44	LAMININ	LAMC1	CD44	171	123	0.2403663098812103	1.1487044095993042	0.4152046783625731	0.6422764227642277	0.6945353597402573	0.2650788728486319	True	171	123	0.1581098288297653	1.1487044095993042	0.2690058479532163	0.6422764227642277	0.6534071192145348	0.1474036494955388	True	GSE131907	NS_04	0.0411282405257225	0.117675223353093	True
cellchat	LAMC2_CD44	LAMININ	LAMC2	CD44	171	123	0.1124709248542785	1.1487044095993042	0.2631578947368421	0.6422764227642277	0.6305876672267914	0.1209638272890049	True	171	123	0.113318033516407	1.1487044095993042	0.2163742690058479	0.6422764227642277	0.6310112215578556	0.0936711925163352	True	GSE131907	NS_04	-0.0004235543310642	0.0272926347726696	True
cellchat	APP_CD74	APP	APP	CD74	171	123	1.070805907249451	1.8476240634918213	0.8187134502923976	0.8292682926829268	1.459214985370636	0.8000020036274895	True	171	123	0.8468636870384216	1.8476240634918213	0.6198830409356725	0.8292682926829268	1.3472438752651217	0.7446653154290718	True	GSE131907	NS_04	0.1119711101055145	0.0553366881984177	True
cellchat	CD99_CD99	CD99	CD99	CD99	171	123	1.0685672760009766	1.1449551582336426	0.8070175438596491	0.6504065040650406	1.1067612171173096	0.7099090246296785	True	171	123	1.0096572637557983	1.1449551582336426	0.695906432748538	0.6504065040650406	1.0773062109947205	0.6869983150868648	True	GSE131907	NS_04	0.0294550061225891	0.0229107095428137	True
cellchat	ICAM1_SPN	ICAM	ICAM1	SPN	171	123	0.5316391587257385	0.2495089173316955	0.6081871345029239	0.1788617886178861	0.390574038028717	0.0944580436718393	True	171	123	0.354969173669815	0.2495089173316955	0.4093567251461988	0.1788617886178861	0.3022390455007553	0.0519579817622073	True	GSE131907	NS_04	0.0883349925279617	0.0425000619096319	True
cellchat	HLA-A_CD8A	MHC-I	HLA-A	CD8A	171	123	1.6849104166030884	0.4173047840595245	0.8713450292397661	0.1788617886178861	1.0511076003313065	0.4068390682210017	True	171	123	1.5699830055236816	0.4173047840595245	0.7660818713450293	0.1788617886178861	0.9936438947916032	0.3839744105547179	True	GSE131907	NS_04	0.0574637055397033	0.0228646576662837	True
cellchat	HLA-B_CD8A	MHC-I	HLA-B	CD8A	171	123	1.6183165311813354	0.4173047840595245	0.8830409356725146	0.1788617886178861	1.01781065762043	0.397749938000028	True	171	123	1.5017682313919067	0.4173047840595245	0.7543859649122807	0.1788617886178861	0.9595365077257156	0.3731137483480417	True	GSE131907	NS_04	0.0582741498947143	0.0246361896519863	True
cellchat	HLA-C_CD8A	MHC-I	HLA-C	CD8A	171	123	2.060462474822998	0.4173047840595245	0.9298245614035088	0.1788617886178861	1.2388836294412613	0.4577391899212968	True	171	123	1.964234471321106	0.4173047840595245	0.847953216374269	0.1788617886178861	1.1907696276903152	0.445696870456618	True	GSE131907	NS_04	0.048114001750946	0.0120423194646788	True
cellchat	HLA-E_CD8A	MHC-I	HLA-E	CD8A	171	123	0.5527108907699585	0.4173047840595245	0.6491228070175439	0.1788617886178861	0.4850078374147415	0.1645399460339734	True	171	123	0.4648924171924591	0.4173047840595245	0.4912280701754385	0.1788617886178861	0.4410986006259918	0.1239865211177974	True	GSE131907	NS_04	0.0439092367887496	0.0405534249161759	True
cellchat	HLA-F_CD8A	MHC-I	HLA-F	CD8A	171	123	0.1853962391614914	0.4173047840595245	0.3450292397660818	0.1788617886178861	0.3013505116105079	0.0411685713663837	True	171	123	0.1733105033636093	0.4173047840595245	0.2748538011695906	0.1788617886178861	0.2953076437115669	0.0326085223608787	True	GSE131907	NS_04	0.006042867898941	0.0085600490055049	True
cellchat	HLA-A_CD8B	MHC-I	HLA-A	CD8B	171	123	1.6849104166030884	0.3251752853393554	0.8713450292397661	0.1626016260162601	1.005042850971222	0.2813288527299802	True	171	123	1.5699830055236816	0.3251752853393554	0.7660818713450293	0.1626016260162601	0.9475791454315186	0.2623975757297355	True	GSE131907	NS_04	0.0574637055397033	0.0189312770002447	True
cellchat	HLA-B_CD8B	MHC-I	HLA-B	CD8B	171	123	1.6183165311813354	0.3251752853393554	0.8830409356725146	0.1626016260162601	0.9717459082603456	0.2737496512818708	True	171	123	1.5017682313919067	0.3251752853393554	0.7543859649122807	0.1626016260162601	0.9134717583656312	0.2535602707384173	True	GSE131907	NS_04	0.0582741498947143	0.0201893805434535	True
cellchat	HLA-C_CD8B	MHC-I	HLA-C	CD8B	171	123	2.060462474822998	0.3251752853393554	0.9298245614035088	0.1626016260162601	1.1928188800811768	0.3251334914091984	True	171	123	1.964234471321106	0.3251752853393554	0.847953216374269	0.1626016260162601	1.1447048783302307	0.3145561058123162	True	GSE131907	NS_04	0.048114001750946	0.0105773855968821	True
cellchat	HLA-E_CD8B	MHC-I	HLA-E	CD8B	171	123	0.5527108907699585	0.3251752853393554	0.6491228070175439	0.1626016260162601	0.438943088054657	0.1010455727406747	True	171	123	0.4648924171924591	0.3251752853393554	0.4912280701754385	0.1626016260162601	0.3950338512659073	0.0747413269676248	True	GSE131907	NS_04	0.0439092367887496	0.0263042457730499	True
cellchat	HLA-F_CD8B	MHC-I	HLA-F	CD8B	171	123	0.1853962391614914	0.3251752853393554	0.3450292397660818	0.1626016260162601	0.2552857622504234	0.0239190176925618	True	171	123	0.1733105033636093	0.3251752853393554	0.2748538011695906	0.1626016260162601	0.2492428943514824	0.0188750084238206	True	GSE131907	NS_04	0.006042867898941	0.0050440092687411	True
cellchat	HLA-E_KLRC1	MHC-I	HLA-E	KLRC1	171	123	0.5527108907699585	0.2897036969661712	0.6491228070175439	0.1138211382113821	0.4212072938680649	0.0350572280754556	True	171	123	0.4648924171924591	0.2897036969661712	0.4912280701754385	0.1138211382113821	0.3772980570793152	0.0254448824167636	True	GSE131907	NS_04	0.0439092367887496	0.0096123456586919	True
cellchat	HLA-DPA1_CD4	MHC-II	HLA-DPA1	CD4	171	123	0.1401649117469787	0.2789389789104461	0.2923976608187134	0.1869918699186991	0.2095519453287124	0.0187509727822378	True	171	123	0.1037537679076194	0.2789389789104461	0.1929824561403508	0.1869918699186991	0.1913463734090328	0.0099131105248221	True	GSE131907	NS_04	0.0182055719196796	0.0088378622574156	True
cellchat	HLA-DPB1_CD4	MHC-II	HLA-DPB1	CD4	171	123	0.2743804156780243	0.2789389789104461	0.4152046783625731	0.1869918699186991	0.2766596972942352	0.0487185223276046	True	171	123	0.2436436265707016	0.2789389789104461	0.3450292397660818	0.1869918699186991	0.2612913027405739	0.0356418473753076	True	GSE131907	NS_04	0.0153683945536613	0.0130766749522969	True
cellchat	HLA-DMA_CD4	MHC-II	HLA-DMA	CD4	171	123	0.1520253270864486	0.2789389789104461	0.2982456140350877	0.1869918699186991	0.2154821529984474	0.0202570191071155	True	171	123	0.138837844133377	0.2789389789104461	0.2046783625730994	0.1869918699186991	0.2088884115219116	0.0114358890744068	True	GSE131907	NS_04	0.0065937414765357	0.0088211300327086	True
cellchat	HLA-DMB_CD4	MHC-II	HLA-DMB	CD4	171	123	0.0533756129443645	0.2789389789104461	0.1169590643274853	0.1869918699186991	0.1661572959274053	0.0007460616579839	True	171	123	0.0507483892142772	0.2789389789104461	0.0994152046783625	0.1869918699186991	0.1648436840623617	0.0	False	GSE131907	NS_04	0.0013136118650436	0.0007460616579839	True
cellchat	HLA-DQB1_CD4	MHC-II	HLA-DQB1	CD4	171	123	0.1423913091421127	0.2789389789104461	0.2046783625730994	0.1869918699186991	0.2106651440262794	0.0111938705063397	True	171	123	0.1655964255332946	0.2789389789104461	0.2046783625730994	0.1869918699186991	0.2222677022218704	0.0112121552739392	True	GSE131907	NS_04	-0.0116025581955909	-1.828476759953637e-05	True
cellchat	HLA-DRA_CD4	MHC-II	HLA-DRA	CD4	171	123	0.3807797729969024	0.2789389789104461	0.4853801169590643	0.1869918699186991	0.3298593759536743	0.0659151892405716	True	171	123	0.3534469604492187	0.2789389789104461	0.3801169590643274	0.1869918699186991	0.3161929696798324	0.0513869495137989	True	GSE131907	NS_04	0.0136664062738418	0.0145282397267727	True
cellchat	HLA-DRB1_CD4	MHC-II	HLA-DRB1	CD4	171	123	0.3219725489616394	0.2789389789104461	0.4502923976608187	0.1869918699186991	0.3004557639360428	0.0561417425975979	True	171	123	0.3363074064254761	0.2789389789104461	0.3625730994152046	0.1869918699186991	0.3076231926679611	0.0517159264201758	True	GSE131907	NS_04	-0.0071674287319183	0.0044258161774221	True
cellchat	PVR_TIGIT	PVR	PVR	TIGIT	171	123	0.1492581218481063	0.520780086517334	0.2807017543859649	0.2764227642276423	0.3350191041827202	0.046992650390785	True	171	123	0.1359172165393829	0.520780086517334	0.2339181286549707	0.2764227642276423	0.3283486515283584	0.0325745705634155	True	GSE131907	NS_04	0.0066704526543617	0.0144180798273695	True
cellchat	CD55_ADGRE5	ADGRE	CD55	ADGRE5	171	123	1.4883224964141846	0.7394934296607971	0.8830409356725146	0.4471544715447154	1.1139079630374908	0.6627295677598245	True	171	123	1.402001976966858	0.7394934296607971	0.7485380116959064	0.4471544715447154	1.0707477033138275	0.6402828593746974	True	GSE131907	NS_04	0.0431602597236633	0.022446708385127	True
cellchat	LPAR2_ADGRE5	ADGRE	LPAR2	ADGRE5	171	123	0.1006245538592338	0.7394934296607971	0.2163742690058479	0.4471544715447154	0.4200589917600155	0.047745198397188	True	171	123	0.0622018240392208	0.7394934296607971	0.1228070175438596	0.4471544715447154	0.4008476268500089	0.0077154827845409	True	GSE131907	NS_04	0.0192113649100065	0.040029715612647	True
cellchat	LGALS9_P4HB	GALECTIN	LGALS9	P4HB	171	123	0.4005451798439026	0.7381541728973389	0.5087719298245614	0.4796747967479675	0.5693496763706207	0.2923422331531191	True	171	123	0.401259183883667	0.7381541728973389	0.4561403508771929	0.4796747967479675	0.5697066783905029	0.2732896667063235	True	GSE131907	NS_04	-0.0003570020198822	0.0190525664467956	True
cellchat	PPIA_BSG	CypA	PPIA	BSG	171	123	2.150827169418335	0.683589518070221	0.935672514619883	0.4552845528455284	1.417208343744278	0.7250650463558115	True	171	123	2.048018217086792	0.683589518070221	0.8713450292397661	0.4552845528455284	1.3658038675785065	0.7154588171371382	True	GSE131907	NS_04	0.0514044761657714	0.0096062292186732	True
liana	HLA-A_CD8A	MHC_I	HLA-A	CD8A	171	123	1.6849104166030884	0.4173047840595245	0.8713450292397661	0.1788617886178861	1.0511076003313065	0.4068390682210017	True	171	123	1.5699830055236816	0.4173047840595245	0.7660818713450293	0.1788617886178861	0.9936438947916032	0.3839744105547179	True	GSE131907	NS_04	0.0574637055397033	0.0228646576662837	True
liana	HLA-A_CD8B	MHC_I	HLA-A	CD8B	171	123	1.6849104166030884	0.3251752853393554	0.8713450292397661	0.1626016260162601	1.005042850971222	0.2813288527299802	True	171	123	1.5699830055236816	0.3251752853393554	0.7660818713450293	0.1626016260162601	0.9475791454315186	0.2623975757297355	True	GSE131907	NS_04	0.0574637055397033	0.0189312770002447	True
liana	HLA-B_CD8A	MHC_I	HLA-B	CD8A	171	123	1.6183165311813354	0.4173047840595245	0.8830409356725146	0.1788617886178861	1.01781065762043	0.397749938000028	True	171	123	1.5017682313919067	0.4173047840595245	0.7543859649122807	0.1788617886178861	0.9595365077257156	0.3731137483480417	True	GSE131907	NS_04	0.0582741498947143	0.0246361896519863	True
liana	HLA-B_CD8B	MHC_I	HLA-B	CD8B	171	123	1.6183165311813354	0.3251752853393554	0.8830409356725146	0.1626016260162601	0.9717459082603456	0.2737496512818708	True	171	123	1.5017682313919067	0.3251752853393554	0.7543859649122807	0.1626016260162601	0.9134717583656312	0.2535602707384173	True	GSE131907	NS_04	0.0582741498947143	0.0201893805434535	True
liana	HLA-C_CD8A	MHC_I	HLA-C	CD8A	171	123	2.060462474822998	0.4173047840595245	0.9298245614035088	0.1788617886178861	1.2388836294412613	0.4577391899212968	True	171	123	1.964234471321106	0.4173047840595245	0.847953216374269	0.1788617886178861	1.1907696276903152	0.445696870456618	True	GSE131907	NS_04	0.048114001750946	0.0120423194646788	True
liana	HLA-C_CD8B	MHC_I	HLA-C	CD8B	171	123	2.060462474822998	0.3251752853393554	0.9298245614035088	0.1626016260162601	1.1928188800811768	0.3251334914091984	True	171	123	1.964234471321106	0.3251752853393554	0.847953216374269	0.1626016260162601	1.1447048783302307	0.3145561058123162	True	GSE131907	NS_04	0.048114001750946	0.0105773855968821	True
liana	HLA-E_KLRC1	MHC_I	HLA-E	KLRC1	171	123	0.5527108907699585	0.2897036969661712	0.6491228070175439	0.1138211382113821	0.4212072938680649	0.0350572280754556	True	171	123	0.4648924171924591	0.2897036969661712	0.4912280701754385	0.1138211382113821	0.3772980570793152	0.0254448824167636	True	GSE131907	NS_04	0.0439092367887496	0.0096123456586919	True
liana	HLA-E_KLRC1+KLRD1	MHC_I	HLA-E	KLRC1+KLRD1	171	123	0.5527108907699585	0.2332236915826797	0.6491228070175439	0.1138211382113821	0.3929672911763191	0.0351977766745542	True	171	123	0.4648924171924591	0.2332236915826797	0.4912280701754385	0.1138211382113821	0.3490580543875694	0.0255479142884456	True	GSE131907	NS_04	0.0439092367887496	0.0096498623861085	True
liana	HLA-E_KLRD1	MHC_I	HLA-E	KLRD1	171	123	0.5527108907699585	0.2332236915826797	0.6491228070175439	0.1219512195121951	0.3929672911763191	0.0353388681136627	True	171	123	0.4648924171924591	0.2332236915826797	0.4912280701754385	0.1219512195121951	0.3490580543875694	0.0256513523775011	True	GSE131907	NS_04	0.0439092367887496	0.0096875157361616	True
liana	CEACAM5_CD8A	MHC_I_partial	CEACAM5	CD8A	171	123	1.193030834197998	0.4173047840595245	0.7777777777777778	0.1788617886178861	0.8051678091287613	0.3154636141507896	True	171	123	1.0653518438339231	0.4173047840595245	0.6666666666666666	0.1788617886178861	0.7413283139467239	0.2866571213106432	True	GSE131907	NS_04	0.0638394951820373	0.0288064928401464	True
liana	CCL3_CCR5	T_recruit	CCL3	CCR5	171	123	0.1534244269132614	0.1539362221956253	0.2865497076023391	0.1219512195121951	0.1536803245544433	0.0037473909659001	True	171	123	0.1391383856534958	0.1539362221956253	0.2105263157894736	0.1219512195121951	0.1465373039245605	0.0021720926857016	True	GSE131907	NS_04	0.0071430206298828	0.0015752982801984	True
liana	CCL4_CCR5	T_recruit	CCL4	CCR5	171	123	0.1437597721815109	0.1539362221956253	0.2631578947368421	0.1219512195121951	0.1488479971885681	0.0037543694519146	True	171	123	0.1339037865400314	0.1539362221956253	0.2046783625730994	0.1219512195121951	0.1439200043678283	0.0020920764616398	True	GSE131907	NS_04	0.0049279928207397	0.0016622929902748	True
liana	CXCL16_CXCR6	T_recruit	CXCL16	CXCR6	171	123	0.1749391257762909	0.3423100113868713	0.3742690058479532	0.2113821138211382	0.2586245685815811	0.036947316133877	True	171	123	0.1442530006170272	0.3423100113868713	0.2807017543859649	0.2113821138211382	0.2432815060019493	0.0250378613247325	True	GSE131907	NS_04	0.0153430625796318	0.0119094548091444	True
liana	CXCL14_CXCR4	T_recruit_partial	CXCL14	CXCR4	171	123	2.4275944232940674	3.214085102081299	0.8245614035087719	0.943089430894309	2.820839762687683	0.9420636557351996	True	171	123	1.9193764925003047	3.214085102081299	0.7719298245614035	0.943089430894309	2.566730797290802	0.9255592644033996	True	GSE131907	NS_04	0.2541089653968811	0.0165043913317999	True
liana	ALCAM_CD6	other	ALCAM	CD6	171	123	0.5904830694198608	0.4554978013038635	0.631578947368421	0.2845528455284553	0.5229904353618622	0.2564224909645955	True	171	123	0.4625297784805298	0.4554978013038635	0.4853801169590643	0.2845528455284553	0.4590137898921966	0.1976068314953138	True	GSE131907	NS_04	0.0639766454696655	0.0588156594692816	True
liana	APLP2_PIGR	other	APLP2	PIGR	171	123	1.3736895322799685	0.2809226214885711	0.8304093567251462	0.1951219512195122	0.8273060768842697	0.2829765225483124	True	171	123	1.0109429359436035	0.2809226214885711	0.6374269005847953	0.1951219512195122	0.6459327787160873	0.213910925156037	True	GSE131907	NS_04	0.1813732981681823	0.0690655973922753	True
liana	APP_CD74	other	APP	CD74	171	123	1.070805907249451	1.8476240634918213	0.8187134502923976	0.8292682926829268	1.459214985370636	0.8000020036274895	True	171	123	0.8468636870384216	1.8476240634918213	0.6198830409356725	0.8292682926829268	1.3472438752651217	0.7446653154290718	True	GSE131907	NS_04	0.1119711101055145	0.0553366881984177	True
liana	BAG6_NCR3	other	BAG6	NCR3	171	123	0.3245671093463897	0.1846408247947693	0.5146198830409356	0.1463414634146341	0.2546039670705795	0.0308953445388971	True	171	123	0.2420777231454849	0.1846408247947693	0.3625730994152046	0.1463414634146341	0.2133592739701271	0.0176573140490172	True	GSE131907	NS_04	0.0412446931004524	0.0132380304898798	True
liana	CCL20_CCR6	other	CCL20	CCR6	171	123	0.3228394687175751	0.2137944400310516	0.3508771929824561	0.1300813008130081	0.2683169543743133	0.0144328129346982	True	171	123	0.2943829298019409	0.2137944400310516	0.2690058479532163	0.1300813008130081	0.2540886849164963	0.0102220058545235	True	GSE131907	NS_04	0.014228269457817	0.0042108070801746	True
liana	CD320_JAML	other	CD320	JAML	171	123	0.7694300413131714	0.2530970275402069	0.7426900584795322	0.1707317073170731	0.5112635344266891	0.1337417364675867	True	171	123	0.6624996066093445	0.2530970275402069	0.5964912280701754	0.1707317073170731	0.4577983170747757	0.1070641044926637	True	GSE131907	NS_04	0.0534652173519134	0.0266776319749229	True
liana	CD44_TYROBP	other	CD44	TYROBP	171	123	0.1267301440238952	0.4129044413566589	0.1812865497076023	0.1626016260162601	0.2698172926902771	0.0130837708889058	True	171	123	0.1031095907092094	0.4129044413566589	0.1228070175438596	0.1626016260162601	0.2580070160329342	0.0025507156809312	True	GSE131907	NS_04	0.0118102766573429	0.0105330552079746	True
liana	CD47_SIRPG	other	CD47	SIRPG	171	123	0.3359103798866272	0.3891383707523346	0.5087719298245614	0.2439024390243902	0.3625243753194809	0.1176026352965212	True	171	123	0.2927892208099365	0.3891383707523346	0.3801169590643274	0.2439024390243902	0.3409637957811355	0.086564162183737	True	GSE131907	NS_04	0.0215605795383453	0.0310384731127842	True
liana	CD55_ADGRE5	other	CD55	ADGRE5	171	123	1.4883224964141846	0.7394934296607971	0.8830409356725146	0.4471544715447154	1.1139079630374908	0.6627295677598245	True	171	123	1.402001976966858	0.7394934296607971	0.7485380116959064	0.4471544715447154	1.0707477033138275	0.6402828593746974	True	GSE131907	NS_04	0.0431602597236633	0.022446708385127	True
liana	CD58_CD2	other	CD58	CD2	171	123	0.0492227748036384	1.7696688175201416	0.1403508771929824	0.7886178861788617	0.90944579616189	0.0352320719380779	True	171	123	0.0487399846315383	1.7696688175201416	0.0818713450292397	0.7886178861788617	0.90920440107584	0.0	False	GSE131907	NS_04	0.00024139508605	0.0352320719380779	True
liana	CDH1_ITGAE+ITGB7	other	CDH1	ITGAE+ITGB7	171	123	0.5891813039779663	0.3647918105125427	0.6608187134502924	0.2439024390243902	0.4769865572452545	0.1971357404002619	True	171	123	0.4126577973365783	0.3647918105125427	0.4678362573099415	0.2439024390243902	0.3887248039245605	0.130775654625403	True	GSE131907	NS_04	0.0882617533206939	0.0663600857748589	True
liana	COL1A1_ITGA1+ITGB1	other	COL1A1	ITGA1+ITGB1	171	123	0.1252632737159729	0.1634763926267624	0.2339181286549707	0.1219512195121951	0.1443698331713676	0.0082437945768877	True	171	123	0.0700468122959137	0.1634763926267624	0.1228070175438596	0.1219512195121951	0.116761602461338	0.0012782469808993	True	GSE131907	NS_04	0.0276082307100296	0.0069655475959884	True
liana	COL21A1_ITGA1+ITGB1	other	COL21A1	ITGA1+ITGB1	171	123	0.0560999140143394	0.1634763926267624	0.1169590643274853	0.1219512195121951	0.1097881533205509	0.0007144348163344	True	171	123	0.077211245894432	0.1634763926267624	0.0935672514619883	0.1219512195121951	0.1203438192605972	0.0	False	GSE131907	NS_04	-0.0105556659400463	0.0007144348163344	True
liana	COL27A1_ITGA1+ITGB1	other	COL27A1	ITGA1+ITGB1	171	123	0.086659550666809	0.1634763926267624	0.1169590643274853	0.1219512195121951	0.1250679716467857	0.0007948826276899	True	171	123	0.0889996215701103	0.1634763926267624	0.087719298245614	0.1219512195121951	0.1262380070984363	0.0	False	GSE131907	NS_04	-0.0011700354516506	0.0007948826276899	True
liana	COL9A2_ITGA1+ITGB1	other	COL9A2	ITGA1+ITGB1	171	123	0.0539124086499214	0.1634763926267624	0.1228070175438596	0.1219512195121951	0.1086944006383419	0.0008986860793032	True	171	123	0.0411484353244304	0.1634763926267624	0.0760233918128654	0.1219512195121951	0.1023124139755964	0.0	False	GSE131907	NS_04	0.0063819866627454	0.0008986860793032	True
liana	CXCL2_DPP4	other	CXCL2	DPP4	171	123	1.3406400680541992	0.1394087374210357	0.7426900584795322	0.1056910569105691	0.7400244027376175	0.0233517848750007	True	171	123	0.8606165647506714	0.1394087374210357	0.52046783625731	0.1056910569105691	0.5000126510858536	0.013159100536544	True	GSE131907	NS_04	0.2400117516517639	0.0101926843384567	True
liana	DHCR24_RORA	other	DHCR24	RORA	171	123	0.684047281742096	0.4804206490516662	0.6842105263157895	0.3089430894308943	0.5822339653968811	0.3110038836765281	True	171	123	0.4847594201564789	0.4804206490516662	0.47953216374269	0.3089430894308943	0.4825900346040725	0.208025782422461	True	GSE131907	NS_04	0.0996439307928085	0.102978101254067	True
liana	DHCR7_NR1H2	other	DHCR7	NR1H2	171	123	0.1697598546743393	0.2977039515972137	0.3040935672514619	0.2276422764227642	0.2337319031357765	0.0324908803394896	True	171	123	0.1090500056743621	0.2977039515972137	0.2163742690058479	0.2276422764227642	0.2033769786357879	0.017239739188449	True	GSE131907	NS_04	0.0303549244999885	0.0152511411510405	True
liana	DHCR7_RORA	other	DHCR7	RORA	171	123	0.1697598546743393	0.4804206490516662	0.3040935672514619	0.3089430894308943	0.3250902518630028	0.0612465629638727	True	171	123	0.1090500056743621	0.4804206490516662	0.2163742690058479	0.3089430894308943	0.2947353273630142	0.0329573660876837	True	GSE131907	NS_04	0.0303549244999885	0.028289196876189	True
liana	ICAM1_SPN	other	ICAM1	SPN	171	123	0.5316391587257385	0.2495089173316955	0.6081871345029239	0.1788617886178861	0.390574038028717	0.0944580436718393	True	171	123	0.354969173669815	0.2495089173316955	0.4093567251461988	0.1788617886178861	0.3022390455007553	0.0519579817622073	True	GSE131907	NS_04	0.0883349925279617	0.0425000619096319	True
liana	ITGAV+ITGB1_ADGRE5	other	ITGAV+ITGB1	ADGRE5	171	123	0.279132068157196	0.7394934296607971	0.4152046783625731	0.4471544715447154	0.5093127489089966	0.2945260331778392	True	171	123	0.2096020430326461	0.7394934296607971	0.2923976608187134	0.4471544715447154	0.4745477363467216	0.2183758247329536	True	GSE131907	NS_04	0.0347650125622749	0.0761502084448856	True
liana	LGALS9_HAVCR2	other	LGALS9	HAVCR2	171	123	0.4005451798439026	0.2376597970724105	0.5087719298245614	0.1544715447154471	0.3191024884581566	0.0460831154267604	True	171	123	0.401259183883667	0.2376597970724105	0.4561403508771929	0.1544715447154471	0.3194594904780388	0.0421244251896035	True	GSE131907	NS_04	-0.0003570020198822	0.0039586902371568	True
liana	LGALS9_P4HB	other	LGALS9	P4HB	171	123	0.4005451798439026	0.7381541728973389	0.5087719298245614	0.4796747967479675	0.5693496763706207	0.2923422331531191	True	171	123	0.401259183883667	0.7381541728973389	0.4561403508771929	0.4796747967479675	0.5697066783905029	0.2732896667063235	True	GSE131907	NS_04	-0.0003570020198822	0.0190525664467956	True
liana	LIPA_RORA	other	LIPA	RORA	171	123	0.1024914309382438	0.4804206490516662	0.239766081871345	0.3089430894308943	0.291456039994955	0.0322690111183738	True	171	123	0.0741836577653884	0.4804206490516662	0.1520467836257309	0.3089430894308943	0.2773021534085274	0.0104637889457778	True	GSE131907	NS_04	0.0141538865864276	0.021805222172596	True
liana	LPAR2_ADGRE5	other	LPAR2	ADGRE5	171	123	0.1006245538592338	0.7394934296607971	0.2163742690058479	0.4471544715447154	0.4200589917600155	0.047745198397188	True	171	123	0.0622018240392208	0.7394934296607971	0.1228070175438596	0.4471544715447154	0.4008476268500089	0.0077154827845409	True	GSE131907	NS_04	0.0192113649100065	0.040029715612647	True
liana	PLAUR_ITGA4+ITGB1	other	PLAUR	ITGA4+ITGB1	171	123	0.1681526750326156	0.2499153316020965	0.2690058479532163	0.1707317073170731	0.2090340033173561	0.0259561157948102	True	171	123	0.1149845197796821	0.2499153316020965	0.1637426900584795	0.1707317073170731	0.1824499256908893	0.0077924627963936	True	GSE131907	NS_04	0.0265840776264667	0.0181636529984166	True
liana	PODXL_SELL	other	PODXL	SELL	171	123	0.1290873289108276	0.1579608172178268	0.2456140350877192	0.1056910569105691	0.1435240730643272	0.00103334665087	True	171	123	0.0592119880020618	0.1579608172178268	0.1520467836257309	0.1056910569105691	0.1085864026099443	0.0003192855727078	True	GSE131907	NS_04	0.0349376704543828	0.0007140610781621	True
liana	PPIA_BSG	other	PPIA	BSG	171	123	2.150827169418335	0.683589518070221	0.935672514619883	0.4552845528455284	1.417208343744278	0.7250650463558115	True	171	123	2.048018217086792	0.683589518070221	0.8713450292397661	0.4552845528455284	1.3658038675785065	0.7154588171371382	True	GSE131907	NS_04	0.0514044761657714	0.0096062292186732	True
liana	PTGES_PTGER2	other	PTGES	PTGER2	171	123	0.2044478803873062	0.332961231470108	0.3333333333333333	0.2357723577235772	0.2687045559287071	0.0471333165050264	True	171	123	0.1592244058847427	0.332961231470108	0.2105263157894736	0.2357723577235772	0.2460928186774253	0.021003701055549	True	GSE131907	NS_04	0.0226117372512817	0.0261296154494774	True
liana	PTGES_PTGER4	other	PTGES	PTGER4	171	123	0.2044478803873062	0.44218510389328	0.3333333333333333	0.2764227642276423	0.3233164921402931	0.0678210881797723	True	171	123	0.1592244058847427	0.44218510389328	0.2105263157894736	0.2764227642276423	0.3007047548890114	0.0305908480153631	True	GSE131907	NS_04	0.0226117372512817	0.0372302401644091	True
liana	PTGES2_PTGER2	other	PTGES2	PTGER2	171	123	0.3239037692546844	0.332961231470108	0.4912280701754385	0.2357723577235772	0.3284325003623962	0.0995923361758803	True	171	123	0.3018392920494079	0.332961231470108	0.3976608187134502	0.2357723577235772	0.317400261759758	0.0795730838108952	True	GSE131907	NS_04	0.0110322386026382	0.0200192523649851	True
liana	PTGES2_PTGER4	other	PTGES2	PTGER4	171	123	0.3239037692546844	0.44218510389328	0.4912280701754385	0.2764227642276423	0.3830444365739822	0.1399242706640199	True	171	123	0.3018392920494079	0.44218510389328	0.3976608187134502	0.2764227642276423	0.372012197971344	0.1128135812960364	True	GSE131907	NS_04	0.0110322386026382	0.0271106893679834	True
liana	PTGES3_PTGER2	other	PTGES3	PTGER2	171	123	0.7631982564926147	0.332961231470108	0.7251461988304093	0.2357723577235772	0.5480797439813614	0.2318464069684708	True	171	123	0.8238009810447693	0.332961231470108	0.6608187134502924	0.2357723577235772	0.5783811062574387	0.2400287886923212	True	GSE131907	NS_04	-0.0303013622760772	-0.0081823817238504	True
liana	PTGES3_PTGER4	other	PTGES3	PTGER4	171	123	0.7631982564926147	0.44218510389328	0.7251461988304093	0.2764227642276423	0.6026916801929474	0.307449295070299	True	171	123	0.8238009810447693	0.44218510389328	0.6608187134502924	0.2764227642276423	0.6329930424690247	0.3171980793666946	True	GSE131907	NS_04	-0.0303013622760772	-0.0097487842963955	True
liana	PVR_CD96	other	PVR	CD96	171	123	0.1492581218481063	0.4637985825538635	0.2807017543859649	0.2845528455284553	0.3065283522009849	0.0485931065549916	True	171	123	0.1359172165393829	0.4637985825538635	0.2339181286549707	0.2845528455284553	0.2998578995466232	0.0337013466542673	True	GSE131907	NS_04	0.0066704526543617	0.0148917599007242	True
liana	PVR_TIGIT	other	PVR	TIGIT	171	123	0.1492581218481063	0.520780086517334	0.2807017543859649	0.2764227642276423	0.3350191041827202	0.046992650390785	True	171	123	0.1359172165393829	0.520780086517334	0.2339181286549707	0.2764227642276423	0.3283486515283584	0.0325745705634155	True	GSE131907	NS_04	0.0066704526543617	0.0144180798273695	True
liana	SEMA4D_PTPRC	other	SEMA4D	PTPRC	171	123	0.0741978660225868	1.1204843521118164	0.1169590643274853	0.6260162601626016	0.5973411090672016	0.0068945610875807	True	171	123	0.0259450115263462	1.1204843521118164	0.0760233918128654	0.6260162601626016	0.5732146818190813	0.0	False	GSE131907	NS_04	0.0241264272481203	0.0068945610875807	True
liana	TNC_ITGA4+ITGB1	other	TNC	ITGA4+ITGB1	171	123	0.0705637708306312	0.2499153316020965	0.1052631578947368	0.1707317073170731	0.1602395512163639	0.0003890850909911	True	171	123	0.0272780712693929	0.2499153316020965	0.0409356725146198	0.1707317073170731	0.1385967014357447	0.0	False	GSE131907	NS_04	0.0216428497806191	0.0003890850909911	True
liana	TNFSF12_TNFRSF25	other	TNFSF12	TNFRSF25	171	123	0.125994935631752	0.4038175344467163	0.2748538011695906	0.2682926829268293	0.2649062350392341	0.0325651110538637	True	171	123	0.1171276569366455	0.4038175344467163	0.2456140350877192	0.2682926829268293	0.2604725956916809	0.0316508951431971	True	GSE131907	NS_04	0.0044336393475532	0.0009142159106666	True
cellchat	GDF15_TGFBR2	GDF	GDF15	TGFBR2	39	369	0.1046972051262855	0.1714760214090347	0.2051282051282051	0.1355013550135501	0.1380866132676601	0.0039003415177771	True	38	369	0.0896319821476936	0.1714760214090347	0.0789473684210526	0.1355013550135501	0.1305540017783641	0.0	False	GSE131907	NS_06	0.0075326114892959	0.0039003415177771	True
cellchat	CCL5_CCR1	CCL	CCL5	CCR1	39	369	0.1721845716238021	0.1937725245952606	0.4102564102564102	0.1598915989159891	0.1829785481095314	0.0170246185703014	True	38	369	0.0271886121481657	0.1937725245952606	0.0526315789473684	0.1598915989159891	0.1104805683717131	0.0	False	GSE131907	NS_06	0.0724979797378182	0.0170246185703014	True
cellchat	CCL3_CCR1	CCL	CCL3	CCR1	39	369	0.281428188085556	0.1937725245952606	0.4358974358974359	0.1598915989159891	0.2376003563404083	0.0300569900157992	True	38	369	0.2566078901290893	0.1937725245952606	0.2631578947368421	0.1598915989159891	0.225190207362175	0.0213455671198843	True	GSE131907	NS_06	0.0124101489782333	0.0087114228959149	True
cellchat	CCL3L3_CCR1	CCL	CCL3L3	CCR1	39	369	0.0540915578603744	0.1937725245952606	0.1282051282051282	0.1598915989159891	0.1239320412278175	0.0008857679866374	True	38	369	0.0287434998899698	0.1937725245952606	0.0263157894736842	0.1598915989159891	0.1112580122426152	0.0	False	GSE131907	NS_06	0.0126740289852023	0.0008857679866374	True
cellchat	CCL4_CCR5	CCL	CCL4	CCR5	39	369	0.4534974098205566	0.2244115471839904	0.6153846153846154	0.1815718157181571	0.3389544785022735	0.0766075490447942	True	38	369	0.5395309329032898	0.2244115471839904	0.3947368421052631	0.1815718157181571	0.3819712400436401	0.08044319384072	True	GSE131907	NS_06	-0.0430167615413665	-0.0038356447959257	True
cellchat	CCL5_CCR5	CCL	CCL5	CCR5	39	369	0.1721845716238021	0.2244115471839904	0.4102564102564102	0.1815718157181571	0.1982980594038963	0.0251551047034166	True	38	369	0.0271886121481657	0.2244115471839904	0.0526315789473684	0.1815718157181571	0.1258000796660781	0.0	False	GSE131907	NS_06	0.0724979797378182	0.0251551047034166	True
cellchat	CCL3_CCR5	CCL	CCL3	CCR5	39	369	0.281428188085556	0.2244115471839904	0.4358974358974359	0.1815718157181571	0.2529198676347732	0.0441319456828522	True	38	369	0.2566078901290893	0.2244115471839904	0.2631578947368421	0.1815718157181571	0.2405097186565399	0.0314735459829888	True	GSE131907	NS_06	0.0124101489782333	0.0126583996998634	True
cellchat	CXCL9_CXCR3	CXCL	CXCL9	CXCR3	39	369	0.0196052379906177	0.5878792405128479	0.1025641025641025	0.4227642276422764	0.3037422392517328	0.0029264634365198	True	38	369	0.0	0.5878792405128479	0.0	0.4227642276422764	0.2939396202564239	0.0	False	GSE131907	NS_06	0.0098026189953088	0.0029264634365198	True
cellchat	CXCL10_CXCR3	CXCL	CXCL10	CXCR3	39	369	0.0387724488973617	0.5878792405128479	0.1538461538461538	0.4227642276422764	0.3133258447051048	0.0109182755404994	True	38	369	0.0644774734973907	0.5878792405128479	0.0526315789473684	0.4227642276422764	0.3261783570051193	0.0	False	GSE131907	NS_06	-0.0128525123000144	0.0109182755404994	True
cellchat	CXCL12_CXCR4	CXCL	CXCL12	CXCR4	39	369	0.0353921875357627	2.923381805419922	0.1025641025641025	0.913279132791328	1.4793869964778423	0.0139659284364013	True	38	369	0.0514654107391834	2.923381805419922	0.0789473684210526	0.913279132791328	1.4874236080795529	0.0	False	GSE131907	NS_06	-0.0080366116017103	0.0139659284364013	True
cellchat	CXCL16_CXCR6	CXCL	CXCL16	CXCR6	39	369	0.1507099270820617	0.5188601613044739	0.282051282051282	0.3279132791327913	0.3347850441932678	0.0478621514834342	True	38	369	0.0099971918389201	0.5188601613044739	0.0263157894736842	0.3279132791327913	0.264428676571697	0.0	False	GSE131907	NS_06	0.0703563676215708	0.0478621514834342	True
cellchat	SPP1_CD44	SPP1	SPP1	CD44	39	369	1.2257834672927856	0.9917595982551576	0.8205128205128205	0.6178861788617886	1.1087715327739716	0.6972854704662066	True	38	369	1.5229580402374268	0.9917595982551576	0.7105263157894737	0.6178861788617886	1.257358819246292	0.7223341555011628	True	GSE131907	NS_06	-0.1485872864723205	-0.0250486850349561	True
cellchat	RETN_CAP1	RESISTIN	RETN	CAP1	39	369	0.1122623309493064	1.0061930418014526	0.1282051282051282	0.6395663956639567	0.5592276863753796	0.0131194774149183	True	38	369	0.0	1.0061930418014526	0.0	0.6395663956639567	0.5030965209007263	0.0	False	GSE131907	NS_06	0.0561311654746532	0.0131194774149183	True
cellchat	MDK_NCL	MK	MDK	NCL	39	369	1.0682032108306885	0.7326751947402954	0.717948717948718	0.4959349593495935	0.9004392027854919	0.576661669281157	True	38	369	0.9907929301261902	0.7326751947402954	0.5	0.4959349593495935	0.8617340624332428	0.5292520661346596	True	GSE131907	NS_06	0.0387051403522491	0.0474096031464974	True
cellchat	PTN_NCL	PTN	PTN	NCL	39	369	0.0050218529067933	0.7326751947402954	0.0256410256410256	0.4959349593495935	0.3688485238235444	0.0	False	38	369	0.1626320481300354	0.7326751947402954	0.1052631578947368	0.4959349593495935	0.4476536214351654	0.0504417659419899	True	GSE131907	NS_06	-0.078805097611621	-0.0504417659419899	True
cellchat	GZMA_F2R	PARs	GZMA	F2R	39	369	0.1380607634782791	0.3734355866909027	0.3076923076923077	0.2764227642276423	0.2557481750845909	0.0317185516108033	True	38	369	0.0243126712739467	0.3734355866909027	0.0789473684210526	0.2764227642276423	0.1988741289824247	0.0	False	GSE131907	NS_06	0.0568740461021661	0.0317185516108033	True
cellchat	LGALS9_CD45	GALECTIN	LGALS9	PTPRC	39	369	0.011988453567028	1.449794054031372	0.1025641025641025	0.7994579945799458	0.7308912537992001	0.0067530728122271	True	38	369	0.0615914575755596	1.449794054031372	0.0526315789473684	0.7994579945799458	0.7556927558034658	0.0	False	GSE131907	NS_06	-0.0248015020042657	0.0067530728122271	True
cellchat	BAG6_NCR3-PS	BAG	BAG6	NCR3	39	369	0.3328970074653625	0.1618339121341705	0.4871794871794871	0.1327913279132791	0.2473654597997665	0.0221048685435544	True	38	369	0.2955169975757599	0.1618339121341705	0.2368421052631578	0.1327913279132791	0.2286754548549652	0.0112716300795101	True	GSE131907	NS_06	0.0186900049448013	0.0108332384640443	True
cellchat	LGALS9_HAVCR2	GALECTIN	LGALS9	HAVCR2	39	369	0.011988453567028	0.5693700313568115	0.1025641025641025	0.3902439024390244	0.2906792424619198	0.0020805458270375	True	38	369	0.0615914575755596	0.5693700313568115	0.0526315789473684	0.3902439024390244	0.3154807444661855	0.0	False	GSE131907	NS_06	-0.0248015020042657	0.0020805458270375	True
cellchat	LGALS9_CD44	GALECTIN	LGALS9	CD44	39	369	0.011988453567028	0.9917595982551576	0.1025641025641025	0.6178861788617886	0.5018740259110928	0.0043156344263165	True	38	369	0.0615914575755596	0.9917595982551576	0.0526315789473684	0.6178861788617886	0.5266755279153585	0.0	False	GSE131907	NS_06	-0.0248015020042657	0.0043156344263165	True
cellchat	FN1_CD44	FN1	FN1	CD44	39	369	0.3964657485485077	0.9917595982551576	0.4358974358974359	0.6178861788617886	0.6941126734018326	0.3319151543290278	True	38	369	0.2683308124542236	0.9917595982551576	0.1842105263157894	0.6178861788617886	0.6300452053546906	0.1819650258271365	True	GSE131907	NS_06	0.064067468047142	0.1499501285018912	True
cellchat	COL1A1_CD44	COLLAGEN	COL1A1	CD44	39	369	0.166061669588089	0.9917595982551576	0.3076923076923077	0.6178861788617886	0.5789106339216232	0.1305930993782207	True	38	369	0.0630426332354545	0.9917595982551576	0.0526315789473684	0.6178861788617886	0.527401115745306	0.0	False	GSE131907	NS_06	0.0515095181763172	0.1305930993782207	True
cellchat	COL1A2_CD44	COLLAGEN	COL1A2	CD44	39	369	0.0703092887997627	0.9917595982551576	0.2564102564102564	0.6178861788617886	0.5310344435274601	0.0783277003916219	True	38	369	0.0072580357082188	0.9917595982551576	0.0263157894736842	0.6178861788617886	0.4995088169816881	0.0	False	GSE131907	NS_06	0.0315256265457719	0.0783277003916219	True
cellchat	COL6A1_CD44	COLLAGEN	COL6A1	CD44	39	369	0.3839928209781647	0.9917595982551576	0.4871794871794871	0.6178861788617886	0.6878762096166611	0.3530965441086358	True	38	369	0.2206235229969024	0.9917595982551576	0.1578947368421052	0.6178861788617886	0.60619156062603	0.1441052516637353	True	GSE131907	NS_06	0.0816846489906311	0.2089912924449004	True
cellchat	COL6A2_CD44	COLLAGEN	COL6A2	CD44	39	369	0.4019498825073242	0.9917595982551576	0.4615384615384615	0.6178861788617886	0.6968547403812408	0.3772218082937814	True	38	369	0.0682853907346725	0.9917595982551576	0.0526315789473684	0.6178861788617886	0.530022494494915	0.0	False	GSE131907	NS_06	0.1668322458863258	0.3772218082937814	True
cellchat	COL9A3_CD44	COLLAGEN	COL9A3	CD44	39	369	0.0693100169301033	0.9917595982551576	0.1282051282051282	0.6178861788617886	0.5305348075926304	0.0118474736568993	True	38	369	0.0745554864406585	0.9917595982551576	0.0789473684210526	0.6178861788617886	0.533157542347908	0.0	False	GSE131907	NS_06	-0.0026227347552776	0.0118474736568993	True
cellchat	LAMA3_CD44	LAMININ	LAMA3	CD44	39	369	0.054996270686388	0.9917595982551576	0.2307692307692307	0.6178861788617886	0.5233779344707727	0.0562531763247948	True	38	369	0.0	0.9917595982551576	0.0	0.6178861788617886	0.4958797991275787	0.0	False	GSE131907	NS_06	0.027498135343194	0.0562531763247948	True
cellchat	LAMA5_CD44	LAMININ	LAMA5	CD44	39	369	0.1595740020275116	0.9917595982551576	0.3333333333333333	0.6178861788617886	0.5756668001413345	0.1677431061005064	True	38	369	0.0	0.9917595982551576	0.0	0.6178861788617886	0.4958797991275787	0.0	False	GSE131907	NS_06	0.0797870010137558	0.1677431061005064	True
cellchat	LAMB1_CD44	LAMININ	LAMB1	CD44	39	369	0.14917853474617	0.9917595982551576	0.2307692307692307	0.6178861788617886	0.5704690665006638	0.1210086793897788	True	38	369	0.0	0.9917595982551576	0.0	0.6178861788617886	0.4958797991275787	0.0	False	GSE131907	NS_06	0.074589267373085	0.1210086793897788	True
cellchat	LAMB2_CD44	LAMININ	LAMB2	CD44	39	369	0.0941802635788917	0.9917595982551576	0.2564102564102564	0.6178861788617886	0.5429699309170246	0.082320501410481	True	38	369	0.0070451288484036	0.9917595982551576	0.0263157894736842	0.6178861788617886	0.4994023635517806	0.0	False	GSE131907	NS_06	0.043567567365244	0.082320501410481	True
cellchat	LAMB3_CD44	LAMININ	LAMB3	CD44	39	369	0.2490094751119613	0.9917595982551576	0.3846153846153846	0.6178861788617886	0.6203845366835594	0.2462219010041512	True	38	369	0.103697583079338	0.9917595982551576	0.0789473684210526	0.6178861788617886	0.5477285906672478	0.0	False	GSE131907	NS_06	0.0726559460163116	0.2462219010041512	True
cellchat	LAMC1_CD44	LAMININ	LAMC1	CD44	39	369	0.1101846843957901	0.9917595982551576	0.3076923076923077	0.6178861788617886	0.5509721413254738	0.1163566741373493	True	38	369	0.0	0.9917595982551576	0.0	0.6178861788617886	0.4958797991275787	0.0	False	GSE131907	NS_06	0.055092342197895	0.1163566741373493	True
cellchat	LAMC2_CD44	LAMININ	LAMC2	CD44	39	369	0.1084889620542526	0.9917595982551576	0.358974358974359	0.6178861788617886	0.550124280154705	0.1075027453389569	True	38	369	0.0	0.9917595982551576	0.0	0.6178861788617886	0.4958797991275787	0.0	False	GSE131907	NS_06	0.0542444810271263	0.1075027453389569	True
cellchat	THBS1_CD47	THBS	THBS1	CD47	39	369	0.0298726260662078	0.6172685623168945	0.1025641025641025	0.4607046070460704	0.3235705941915512	0.0038223134324849	True	38	369	0.0	0.6172685623168945	0.0	0.4607046070460704	0.3086342811584472	0.0	False	GSE131907	NS_06	0.0149363130331039	0.0038223134324849	True
cellchat	THBS3_CD47	THBS	THBS3	CD47	39	369	0.1010609045624733	0.6172685623168945	0.282051282051282	0.4607046070460704	0.3591647334396839	0.0558685564325368	True	38	369	0.0	0.6172685623168945	0.0	0.4607046070460704	0.3086342811584472	0.0	False	GSE131907	NS_06	0.0505304522812366	0.0558685564325368	True
cellchat	APP_CD74	APP	APP	CD74	39	369	0.2509850859642029	2.2693114280700684	0.4102564102564102	0.8915989159891599	1.2601482570171356	0.4908214809013554	True	38	369	0.4802097976207733	2.2693114280700684	0.3157894736842105	0.8915989159891599	1.3747606128454208	0.6186093956224981	True	GSE131907	NS_06	-0.1146123558282852	-0.1277879147211426	True
cellchat	CD48_CD244A	CD48	CD48	CD244	39	369	0.0708207264542579	0.1716070771217346	0.1794871794871795	0.1544715447154471	0.1212139017879962	0.0016700787953367	True	38	369	0.0508152246475219	0.1716070771217346	0.0789473684210526	0.1544715447154471	0.1112111508846283	0.0	False	GSE131907	NS_06	0.0100027509033679	0.0016700787953367	True
cellchat	CD86_CTLA4	CD86	CD86	CTLA4	39	369	0.011707168072462	0.240404412150383	0.1025641025641025	0.1544715447154471	0.1260557901114225	0.0003227425178009	True	38	369	0.0	0.240404412150383	0.0	0.1544715447154471	0.1202022060751915	0.0	False	GSE131907	NS_06	0.005853584036231	0.0003227425178009	True
cellchat	CD99_CD99	CD99	CD99	CD99	39	369	0.0826286748051643	1.2020634412765503	0.2307692307692307	0.7208672086720868	0.6423460580408573	0.0472871762967925	True	38	369	0.1508297473192215	1.2020634412765503	0.1052631578947368	0.7208672086720868	0.6764465942978859	0.0195960512506265	True	GSE131907	NS_06	-0.0341005362570285	0.0276911250461659	True
cellchat	CDH1_KLRG1	CDH1	CDH1	KLRG1	39	369	0.2808818221092224	0.1319380700588226	0.4358974358974359	0.1029810298102981	0.2064099460840225	0.001558771284229	True	38	369	0.0596880987286567	0.1319380700588226	0.1052631578947368	0.1029810298102981	0.0958130843937397	9.589646993956756e-05	True	GSE131907	NS_06	0.1105968616902828	0.0014628748142894	True
cellchat	CLEC2D_KLRB1	CLEC	CLEC2D	KLRB1	39	369	0.0581537634134292	0.7861685156822205	0.2051282051282051	0.3360433604336043	0.4221611395478248	0.0316775465534868	True	38	369	0.0	0.7861685156822205	0.0	0.3360433604336043	0.3930842578411102	0.0	False	GSE131907	NS_06	0.0290768817067146	0.0316775465534868	True
cellchat	CLEC2B_KLRB1	CLEC	CLEC2B	KLRB1	39	369	0.1476417183876037	0.7861685156822205	0.3333333333333333	0.3360433604336043	0.4669051170349121	0.0860849278381651	True	38	369	0.1864436715841293	0.7861685156822205	0.1578947368421052	0.3360433604336043	0.4863060936331749	0.054230019584769	True	GSE131907	NS_06	-0.0194009765982627	0.031854908253396	True
cellchat	CLEC2C_KLRB1	CLEC	CD69	KLRB1	39	369	0.0852347835898399	0.7861685156822205	0.2307692307692307	0.3360433604336043	0.4357016496360302	0.023350194054275	True	38	369	0.1353651136159896	0.7861685156822205	0.1052631578947368	0.3360433604336043	0.460766814649105	0.0095930971139068	True	GSE131907	NS_06	-0.0250651650130748	0.0137570969403682	True
cellchat	ICAM1_ITGAL	ICAM	ICAM1	ITGAL	39	369	0.4995748996734619	0.3781225979328155	0.5641025641025641	0.2953929539295393	0.4388487488031387	0.1747902576332999	True	38	369	0.1553398370742797	0.3781225979328155	0.1052631578947368	0.2953929539295393	0.2667312175035476	0.0140748016203188	True	GSE131907	NS_06	0.172117531299591	0.160715456012981	True
cellchat	ICAM1_SPN	ICAM	ICAM1	SPN	39	369	0.4995748996734619	0.4373697340488434	0.5641025641025641	0.3360433604336043	0.4684723168611526	0.2147018581164047	True	38	369	0.1553398370742797	0.4373697340488434	0.1052631578947368	0.3360433604336043	0.2963547855615616	0.0180932636875779	True	GSE131907	NS_06	0.172117531299591	0.1966085944288267	True
cellchat	HLA-A_CD8A	MHC-I	HLA-A	CD8A	39	369	2.799346446990967	1.2853175401687622	0.9743589743589745	0.5555555555555556	2.0423319935798645	0.8744544249556008	True	38	369	2.08408260345459	1.2853175401687622	0.7894736842105263	0.5555555555555556	1.684700071811676	0.8385279836881295	True	GSE131907	NS_06	0.3576319217681885	0.0359264412674712	True
cellchat	HLA-B_CD8A	MHC-I	HLA-B	CD8A	39	369	2.83197021484375	1.2853175401687622	0.9487179487179488	0.5555555555555556	2.058643877506256	0.8772955387561585	True	38	369	2.27800726890564	1.2853175401687622	0.8947368421052632	0.5555555555555556	1.781662404537201	0.8515260869693164	True	GSE131907	NS_06	0.2769814729690552	0.025769451786842	True
cellchat	HLA-C_CD8A	MHC-I	HLA-C	CD8A	39	369	2.2462925910949707	1.2853175401687622	0.8717948717948718	0.5555555555555556	1.7658050656318665	0.8498429085634789	True	38	369	1.8786600828170776	1.2853175401687622	0.8157894736842105	0.5555555555555556	1.58198881149292	0.8224245396002383	True	GSE131907	NS_06	0.1838162541389465	0.0274183689632405	True
cellchat	HLA-E_CD8A	MHC-I	HLA-E	CD8A	39	369	1.323505997657776	1.2853175401687622	0.8461538461538461	0.5555555555555556	1.304411768913269	0.7645267272659947	True	38	369	1.0338841676712036	1.2853175401687622	0.5789473684210527	0.5555555555555556	1.159600853919983	0.7054562413952565	True	GSE131907	NS_06	0.1448109149932861	0.0590704858707381	True
cellchat	HLA-F_CD8A	MHC-I	HLA-F	CD8A	39	369	0.3104844093322754	1.2853175401687622	0.4358974358974359	0.5555555555555556	0.7979009747505188	0.3915805178600753	True	38	369	0.1107676923274993	1.2853175401687622	0.131578947368421	0.5555555555555556	0.6980426162481308	0.0475472276786288	True	GSE131907	NS_06	0.099858358502388	0.3440332901814464	True
cellchat	HLA-A_CD8B	MHC-I	HLA-A	CD8B	39	369	2.799346446990967	0.8015188574790955	0.9743589743589745	0.4552845528455284	1.8004326522350311	0.7963508999100466	True	38	369	2.08408260345459	0.8015188574790955	0.7894736842105263	0.4552845528455284	1.4428007304668429	0.7446019107857723	True	GSE131907	NS_06	0.3576319217681885	0.0517489891242742	True
cellchat	HLA-B_CD8B	MHC-I	HLA-B	CD8B	39	369	2.83197021484375	0.8015188574790955	0.9487179487179488	0.4552845528455284	1.8167445361614227	0.8005563813200618	True	38	369	2.27800726890564	0.8015188574790955	0.8947368421052632	0.4552845528455284	1.5397630631923676	0.7630240747083524	True	GSE131907	NS_06	0.2769814729690552	0.0375323066117093	True
cellchat	HLA-C_CD8B	MHC-I	HLA-C	CD8B	39	369	2.2462925910949707	0.8015188574790955	0.8717948717948718	0.4552845528455284	1.523905724287033	0.7606196393607708	True	38	369	1.8786600828170776	0.8015188574790955	0.8157894736842105	0.4552845528455284	1.3400894701480863	0.7222342201939902	True	GSE131907	NS_06	0.1838162541389465	0.0383854191667806	True
cellchat	HLA-E_CD8B	MHC-I	HLA-E	CD8B	39	369	1.323505997657776	0.8015188574790955	0.8461538461538461	0.4552845528455284	1.0625124275684357	0.6457408912541229	True	38	369	1.0338841676712036	0.8015188574790955	0.5789473684210527	0.4552845528455284	0.9177015125751496	0.5734955390323809	True	GSE131907	NS_06	0.1448109149932861	0.072245352221742	True
cellchat	HLA-F_CD8B	MHC-I	HLA-F	CD8B	39	369	0.3104844093322754	0.8015188574790955	0.4358974358974359	0.4552845528455284	0.5560016334056854	0.2654243231888872	True	38	369	0.1107676923274993	0.8015188574790955	0.131578947368421	0.4552845528455284	0.4561432749032974	0.0272623742089267	True	GSE131907	NS_06	0.099858358502388	0.2381619489799605	True
cellchat	HLA-C_KIR2DL3	MHC-I	HLA-C	KIR2DL3	39	369	2.2462925910949707	0.1376005709171295	0.8717948717948718	0.1029810298102981	1.19194658100605	0.0186623979816091	True	38	369	1.8786600828170776	0.1376005709171295	0.8157894736842105	0.1029810298102981	1.0081303268671036	0.0153236706154611	True	GSE131907	NS_06	0.1838162541389465	0.0033387273661479	True
cellchat	HLA-F_KIR3DL2	MHC-I	HLA-F	KIR3DL2	39	369	0.3104844093322754	0.1677687317132949	0.4358974358974359	0.1111111111111111	0.2391265705227852	0.0077674700635793	True	38	369	0.1107676923274993	0.1677687317132949	0.131578947368421	0.1111111111111111	0.1392682120203972	0.0006068289475671	True	GSE131907	NS_06	0.099858358502388	0.0071606411160121	True
cellchat	HLA-B_KIR3DL2	MHC-I	HLA-B	KIR3DL2	39	369	2.83197021484375	0.1677687317132949	0.9487179487179488	0.1111111111111111	1.4998694732785225	0.0800053505143117	True	38	369	2.27800726890564	0.1677687317132949	0.8947368421052632	0.1111111111111111	1.222888000309467	0.0652094137463638	True	GSE131907	NS_06	0.2769814729690552	0.0147959367679478	True
cellchat	HLA-E_KLRC1	MHC-I	HLA-E	KLRC1	39	369	1.323505997657776	0.582249104976654	0.8461538461538461	0.2655826558265582	0.952877551317215	0.488799579098309	True	38	369	1.0338841676712036	0.582249104976654	0.5789473684210527	0.2655826558265582	0.8080666363239288	0.4136124285734431	True	GSE131907	NS_06	0.1448109149932861	0.0751871505248659	True
cellchat	HLA-E_KLRC2	MHC-I	HLA-E	KLRC2	39	369	1.323505997657776	0.419993907213211	0.8461538461538461	0.2276422764227642	0.8717499524354935	0.3714660339103955	True	38	369	1.0338841676712036	0.419993907213211	0.5789473684210527	0.2276422764227642	0.7269390374422073	0.3036080595733116	True	GSE131907	NS_06	0.1448109149932861	0.0678579743370839	True
cellchat	CD274_PDCD1	PD-L1	CD274	PDCD1	39	369	0.0373711995780468	0.329999566078186	0.2051282051282051	0.2357723577235772	0.1836853828281164	0.006747084714485	True	38	369	0.0273181647062301	0.329999566078186	0.0263157894736842	0.2357723577235772	0.1786588653922081	0.0	False	GSE131907	NS_06	0.0050265174359083	0.006747084714485	True
cellchat	PDCD1LG2_PDCD1	PDL2	PDCD1LG2	PDCD1	39	369	0.0186709035187959	0.329999566078186	0.1025641025641025	0.2357723577235772	0.174335234798491	0.000855371588206	True	38	369	0.0	0.329999566078186	0.0	0.2357723577235772	0.164999783039093	0.0	False	GSE131907	NS_06	0.0093354517593979	0.000855371588206	True
cellchat	PVR_TIGIT	PVR	PVR	TIGIT	39	369	0.0249829497188329	0.7095569372177124	0.1025641025641025	0.4498644986449864	0.3672699434682727	0.0027170532963576	True	38	369	0.0	0.7095569372177124	0.0	0.4498644986449864	0.3547784686088562	0.0	False	GSE131907	NS_06	0.0124914748594164	0.0027170532963576	True
cellchat	KLK6_F2R	KLK	KLK6	F2R	39	369	0.0435813069343566	0.3734355866909027	0.1025641025641025	0.2764227642276423	0.2085084468126297	0.0011240783963761	True	38	369	0.1999098658561706	0.3734355866909027	0.0789473684210526	0.2764227642276423	0.2866727262735367	0.0	False	GSE131907	NS_06	-0.0781642794609069	0.0011240783963761	True
cellchat	CD55_ADGRE5	ADGRE	CD55	ADGRE5	39	369	0.7474244236946106	0.8242968320846558	0.6410256410256411	0.5528455284552846	0.7858606278896332	0.5077420252532078	True	38	369	0.5387244820594788	0.8242968320846558	0.3684210526315789	0.5528455284552846	0.6815106570720673	0.3744395651453863	True	GSE131907	NS_06	0.1043499708175659	0.1333024601078214	True
cellchat	LPAR2_ADGRE5	ADGRE	LPAR2	ADGRE5	39	369	0.0432618111371994	0.8242968320846558	0.1794871794871795	0.5528455284552846	0.4337793216109276	0.0276631753467334	True	38	369	0.0622637197375297	0.8242968320846558	0.0526315789473684	0.5528455284552846	0.4432802759110927	0.0	False	GSE131907	NS_06	-0.0095009543001651	0.0276631753467334	True
cellchat	COL3A1_ADGRG1	ADGRG	COL3A1	ADGRG1	39	369	0.0487164705991745	0.2546102106571197	0.2051282051282051	0.1897018970189702	0.1516633406281471	0.0054442283164838	True	38	369	0.0439506322145462	0.2546102106571197	0.0789473684210526	0.1897018970189702	0.1492804214358329	0.0	False	GSE131907	NS_06	0.0023829191923141	0.0054442283164838	True
cellchat	TGM2_ADGRG1	ADGRG	TGM2	ADGRG1	39	369	0.7086352109909058	0.2546102106571197	0.6153846153846154	0.1897018970189702	0.4816227108240127	0.1260500813078972	True	38	369	0.1265813708305359	0.2546102106571197	0.1052631578947368	0.1897018970189702	0.1905957907438278	0.0018936328161973	True	GSE131907	NS_06	0.2910269200801849	0.1241564484916998	True
cellchat	CD99_PILRB	CD99	CD99	PILRB	39	369	0.0826286748051643	0.1771110743284225	0.2307692307692307	0.1409214092140921	0.1298698745667934	0.0020727352200485	True	38	369	0.1508297473192215	0.1771110743284225	0.1052631578947368	0.1409214092140921	0.163970410823822	0.0008357261280849	True	GSE131907	NS_06	-0.0341005362570285	0.0012370090919635	True
cellchat	LGALS9_P4HB	GALECTIN	LGALS9	P4HB	39	369	0.011988453567028	0.6569442749023438	0.1025641025641025	0.4688346883468834	0.3344663642346859	0.0026469227670871	True	38	369	0.0615914575755596	0.6569442749023438	0.0526315789473684	0.4688346883468834	0.3592678662389517	0.0	False	GSE131907	NS_06	-0.0248015020042657	0.0026469227670871	True
cellchat	PPIA_BSG	CypA	PPIA	BSG	39	369	1.841188907623291	0.7221053838729858	0.9230769230769232	0.5338753387533876	1.2816471457481384	0.7140014496293035	True	38	369	1.6026334762573242	0.7221053838729858	0.7368421052631579	0.5338753387533876	1.162369430065155	0.6778963872699891	True	GSE131907	NS_06	0.1192777156829834	0.0361050623593143	True
liana	HLA-A_CD8A	MHC_I	HLA-A	CD8A	39	369	2.799346446990967	1.2853175401687622	0.9743589743589745	0.5555555555555556	2.0423319935798645	0.8744544249556008	True	38	369	2.08408260345459	1.2853175401687622	0.7894736842105263	0.5555555555555556	1.684700071811676	0.8385279836881295	True	GSE131907	NS_06	0.3576319217681885	0.0359264412674712	True
liana	HLA-A_CD8B	MHC_I	HLA-A	CD8B	39	369	2.799346446990967	0.8015188574790955	0.9743589743589745	0.4552845528455284	1.8004326522350311	0.7963508999100466	True	38	369	2.08408260345459	0.8015188574790955	0.7894736842105263	0.4552845528455284	1.4428007304668429	0.7446019107857723	True	GSE131907	NS_06	0.3576319217681885	0.0517489891242742	True
liana	HLA-B_CD8A	MHC_I	HLA-B	CD8A	39	369	2.83197021484375	1.2853175401687622	0.9487179487179488	0.5555555555555556	2.058643877506256	0.8772955387561585	True	38	369	2.27800726890564	1.2853175401687622	0.8947368421052632	0.5555555555555556	1.781662404537201	0.8515260869693164	True	GSE131907	NS_06	0.2769814729690552	0.025769451786842	True
liana	HLA-B_CD8B	MHC_I	HLA-B	CD8B	39	369	2.83197021484375	0.8015188574790955	0.9487179487179488	0.4552845528455284	1.8167445361614227	0.8005563813200618	True	38	369	2.27800726890564	0.8015188574790955	0.8947368421052632	0.4552845528455284	1.5397630631923676	0.7630240747083524	True	GSE131907	NS_06	0.2769814729690552	0.0375323066117093	True
liana	HLA-B_KIR3DL2	MHC_I	HLA-B	KIR3DL2	39	369	2.83197021484375	0.1677687317132949	0.9487179487179488	0.1111111111111111	1.4998694732785225	0.0800053505143117	True	38	369	2.27800726890564	0.1677687317132949	0.8947368421052632	0.1111111111111111	1.222888000309467	0.0652094137463638	True	GSE131907	NS_06	0.2769814729690552	0.0147959367679478	True
liana	HLA-C_CD8A	MHC_I	HLA-C	CD8A	39	369	2.2462925910949707	1.2853175401687622	0.8717948717948718	0.5555555555555556	1.7658050656318665	0.8498429085634789	True	38	369	1.8786600828170776	1.2853175401687622	0.8157894736842105	0.5555555555555556	1.58198881149292	0.8224245396002383	True	GSE131907	NS_06	0.1838162541389465	0.0274183689632405	True
liana	HLA-C_CD8B	MHC_I	HLA-C	CD8B	39	369	2.2462925910949707	0.8015188574790955	0.8717948717948718	0.4552845528455284	1.523905724287033	0.7606196393607708	True	38	369	1.8786600828170776	0.8015188574790955	0.8157894736842105	0.4552845528455284	1.3400894701480863	0.7222342201939902	True	GSE131907	NS_06	0.1838162541389465	0.0383854191667806	True
liana	HLA-C_KIR2DL3	MHC_I	HLA-C	KIR2DL3	39	369	2.2462925910949707	0.1376005709171295	0.8717948717948718	0.1029810298102981	1.19194658100605	0.0186623979816091	True	38	369	1.8786600828170776	0.1376005709171295	0.8157894736842105	0.1029810298102981	1.0081303268671036	0.0153236706154611	True	GSE131907	NS_06	0.1838162541389465	0.0033387273661479	True
liana	HLA-E_KLRC1	MHC_I	HLA-E	KLRC1	39	369	1.323505997657776	0.582249104976654	0.8461538461538461	0.2655826558265582	0.952877551317215	0.488799579098309	True	38	369	1.0338841676712036	0.582249104976654	0.5789473684210527	0.2655826558265582	0.8080666363239288	0.4136124285734431	True	GSE131907	NS_06	0.1448109149932861	0.0751871505248659	True
liana	HLA-E_KLRC1+KLRD1	MHC_I	HLA-E	KLRC1+KLRD1	39	369	1.323505997657776	0.582249104976654	0.8461538461538461	0.2655826558265582	0.952877551317215	0.6254823831490305	True	38	369	1.0338841676712036	0.582249104976654	0.5789473684210527	0.2655826558265582	0.8080666363239288	0.5519720813231243	True	GSE131907	NS_06	0.1448109149932861	0.0735103018259062	True
liana	HLA-E_KLRC2	MHC_I	HLA-E	KLRC2	39	369	1.323505997657776	0.419993907213211	0.8461538461538461	0.2276422764227642	0.8717499524354935	0.3714660339103955	True	38	369	1.0338841676712036	0.419993907213211	0.5789473684210527	0.2276422764227642	0.7269390374422073	0.3036080595733116	True	GSE131907	NS_06	0.1448109149932861	0.0678579743370839	True
liana	HLA-E_KLRC2+KLRD1	MHC_I	HLA-E	KLRC2+KLRD1	39	369	1.323505997657776	0.419993907213211	0.8461538461538461	0.2276422764227642	0.8717499524354935	0.5676630089256163	True	38	369	1.0338841676712036	0.419993907213211	0.5789473684210527	0.2276422764227642	0.7269390374422073	0.4920207247102576	True	GSE131907	NS_06	0.1448109149932861	0.0756422842153586	True
liana	HLA-E_KLRD1	MHC_I	HLA-E	KLRD1	39	369	1.323505997657776	1.170956015586853	0.8461538461538461	0.6016260162601627	1.2472310066223145	0.7447067864690191	True	38	369	1.0338841676712036	1.170956015586853	0.5789473684210527	0.6016260162601627	1.1024200916290283	0.6827276390314144	True	GSE131907	NS_06	0.1448109149932861	0.0619791474376046	True
liana	HLA-F_KIR3DL2	MHC_I	HLA-F	KIR3DL2	39	369	0.3104844093322754	0.1677687317132949	0.4358974358974359	0.1111111111111111	0.2391265705227852	0.0077674700635793	True	38	369	0.1107676923274993	0.1677687317132949	0.131578947368421	0.1111111111111111	0.1392682120203972	0.0006068289475671	True	GSE131907	NS_06	0.099858358502388	0.0071606411160121	True
liana	CCL3_CCR1	T_recruit	CCL3	CCR1	39	369	0.281428188085556	0.1937725245952606	0.4358974358974359	0.1598915989159891	0.2376003563404083	0.0300569900157992	True	38	369	0.2566078901290893	0.1937725245952606	0.2631578947368421	0.1598915989159891	0.225190207362175	0.0213455671198843	True	GSE131907	NS_06	0.0124101489782333	0.0087114228959149	True
liana	CCL3_CCR5	T_recruit	CCL3	CCR5	39	369	0.281428188085556	0.2244115471839904	0.4358974358974359	0.1815718157181571	0.2529198676347732	0.0441319456828522	True	38	369	0.2566078901290893	0.2244115471839904	0.2631578947368421	0.1815718157181571	0.2405097186565399	0.0314735459829888	True	GSE131907	NS_06	0.0124101489782333	0.0126583996998634	True
liana	CCL4_CCR5	T_recruit	CCL4	CCR5	39	369	0.4534974098205566	0.2244115471839904	0.6153846153846154	0.1815718157181571	0.3389544785022735	0.0766075490447942	True	38	369	0.5395309329032898	0.2244115471839904	0.3947368421052631	0.1815718157181571	0.3819712400436401	0.08044319384072	True	GSE131907	NS_06	-0.0430167615413665	-0.0038356447959257	True
liana	CCL5_CCR1	T_recruit	CCL5	CCR1	39	369	0.1721845716238021	0.1937725245952606	0.4102564102564102	0.1598915989159891	0.1829785481095314	0.0170246185703014	True	38	369	0.0271886121481657	0.1937725245952606	0.0526315789473684	0.1598915989159891	0.1104805683717131	0.0	False	GSE131907	NS_06	0.0724979797378182	0.0170246185703014	True
liana	CCL5_CCR5	T_recruit	CCL5	CCR5	39	369	0.1721845716238021	0.2244115471839904	0.4102564102564102	0.1815718157181571	0.1982980594038963	0.0251551047034166	True	38	369	0.0271886121481657	0.2244115471839904	0.0526315789473684	0.1815718157181571	0.1258000796660781	0.0	False	GSE131907	NS_06	0.0724979797378182	0.0251551047034166	True
liana	CXCL10_CXCR3	T_recruit	CXCL10	CXCR3	39	369	0.0387724488973617	0.5878792405128479	0.1538461538461538	0.4227642276422764	0.3133258447051048	0.0109182755404994	True	38	369	0.0644774734973907	0.5878792405128479	0.0526315789473684	0.4227642276422764	0.3261783570051193	0.0	False	GSE131907	NS_06	-0.0128525123000144	0.0109182755404994	True
liana	CXCL12_CXCR4	T_recruit	CXCL12	CXCR4	39	369	0.0353921875357627	2.923381805419922	0.1025641025641025	0.913279132791328	1.4793869964778423	0.0139659284364013	True	38	369	0.0514654107391834	2.923381805419922	0.0789473684210526	0.913279132791328	1.4874236080795529	0.0	False	GSE131907	NS_06	-0.0080366116017103	0.0139659284364013	True
liana	CXCL16_CXCR6	T_recruit	CXCL16	CXCR6	39	369	0.1507099270820617	0.5188601613044739	0.282051282051282	0.3279132791327913	0.3347850441932678	0.0478621514834342	True	38	369	0.0099971918389201	0.5188601613044739	0.0263157894736842	0.3279132791327913	0.264428676571697	0.0	False	GSE131907	NS_06	0.0703563676215708	0.0478621514834342	True
liana	CXCL9_CXCR3	T_recruit	CXCL9	CXCR3	39	369	0.0196052379906177	0.5878792405128479	0.1025641025641025	0.4227642276422764	0.3037422392517328	0.0029264634365198	True	38	369	0.0	0.5878792405128479	0.0	0.4227642276422764	0.2939396202564239	0.0	False	GSE131907	NS_06	0.0098026189953088	0.0029264634365198	True
liana	ALCAM_CD6	other	ALCAM	CD6	39	369	0.0841245502233505	0.4062904417514801	0.2307692307692307	0.2981029810298103	0.2452074959874153	0.0242914094230136	True	38	369	0.1622322350740432	0.4062904417514801	0.131578947368421	0.2981029810298103	0.2842613384127617	0.0246665332710544	True	GSE131907	NS_06	-0.0390538424253463	-0.0003751238480408	True
liana	APP_CD74	other	APP	CD74	39	369	0.2509850859642029	2.2693114280700684	0.4102564102564102	0.8915989159891599	1.2601482570171356	0.4908214809013554	True	38	369	0.4802097976207733	2.2693114280700684	0.3157894736842105	0.8915989159891599	1.3747606128454208	0.6186093956224981	True	GSE131907	NS_06	-0.1146123558282852	-0.1277879147211426	True
liana	BAG6_NCR3	other	BAG6	NCR3	39	369	0.3328970074653625	0.1618339121341705	0.4871794871794871	0.1327913279132791	0.2473654597997665	0.0221048685435544	True	38	369	0.2955169975757599	0.1618339121341705	0.2368421052631578	0.1327913279132791	0.2286754548549652	0.0112716300795101	True	GSE131907	NS_06	0.0186900049448013	0.0108332384640443	True
liana	CD274_PDCD1	other	CD274	PDCD1	39	369	0.0373711995780468	0.329999566078186	0.2051282051282051	0.2357723577235772	0.1836853828281164	0.006747084714485	True	38	369	0.0273181647062301	0.329999566078186	0.0263157894736842	0.2357723577235772	0.1786588653922081	0.0	False	GSE131907	NS_06	0.0050265174359083	0.006747084714485	True
liana	CD320_JAML	other	CD320	JAML	39	369	0.2188573479652404	0.3570016026496887	0.4358974358974359	0.2547425474254742	0.2879294753074646	0.0619604923450518	True	38	369	0.0703089386224746	0.3570016026496887	0.0789473684210526	0.2547425474254742	0.2136552706360817	0.0	False	GSE131907	NS_06	0.0742742046713829	0.0619604923450518	True
liana	CD44_TYROBP	other	CD44	TYROBP	39	369	0.6550499796867371	0.9242902994155884	0.6923076923076923	0.4308943089430894	0.7896701395511627	0.4861546121166627	True	38	369	0.3745545148849487	0.9242902994155884	0.2631578947368421	0.4308943089430894	0.6494224071502686	0.2722805210223734	True	GSE131907	NS_06	0.1402477324008941	0.2138740910942893	True
liana	CD47_SIRPG	other	CD47	SIRPG	39	369	0.5692504048347473	0.5089123845100403	0.5641025641025641	0.3468834688346883	0.5390813946723938	0.2752791894861343	True	38	369	0.6497358679771423	0.5089123845100403	0.3684210526315789	0.3468834688346883	0.5793241262435913	0.2943479747466271	True	GSE131907	NS_06	-0.0402427315711975	-0.0190687852604928	True
liana	CD48_CD244	other	CD48	CD244	39	369	0.0708207264542579	0.1716070771217346	0.1794871794871795	0.1544715447154471	0.1212139017879962	0.0016700787953367	True	38	369	0.0508152246475219	0.1716070771217346	0.0789473684210526	0.1544715447154471	0.1112111508846283	0.0	False	GSE131907	NS_06	0.0100027509033679	0.0016700787953367	True
liana	CD55_ADGRE5	other	CD55	ADGRE5	39	369	0.7474244236946106	0.8242968320846558	0.6410256410256411	0.5528455284552846	0.7858606278896332	0.5077420252532078	True	38	369	0.5387244820594788	0.8242968320846558	0.3684210526315789	0.5528455284552846	0.6815106570720673	0.3744395651453863	True	GSE131907	NS_06	0.1043499708175659	0.1333024601078214	True
liana	CD58_CD2	other	CD58	CD2	39	369	0.0792921409010887	1.886239051818848	0.2051282051282051	0.8509485094850948	0.9827655963599682	0.0963563177668653	True	38	369	0.09335757791996	1.886239051818848	0.0526315789473684	0.8509485094850948	0.9897983148694038	0.0	False	GSE131907	NS_06	-0.0070327185094356	0.0963563177668653	True
liana	CD86_CTLA4	other	CD86	CTLA4	39	369	0.011707168072462	0.240404412150383	0.1025641025641025	0.1544715447154471	0.1260557901114225	0.0003227425178009	True	38	369	0.0	0.240404412150383	0.0	0.1544715447154471	0.1202022060751915	0.0	False	GSE131907	NS_06	0.005853584036231	0.0003227425178009	True
liana	CDH1_ITGAE+ITGB7	other	CDH1	ITGAE+ITGB7	39	369	0.2808818221092224	0.4602312445640564	0.4358974358974359	0.3523035230352303	0.3705565333366394	0.1254880425519157	True	38	369	0.0596880987286567	0.4602312445640564	0.1052631578947368	0.3523035230352303	0.2599596716463566	0.0087379479390143	True	GSE131907	NS_06	0.1105968616902828	0.1167500946129014	True
liana	CDH1_KLRG1	other	CDH1	KLRG1	39	369	0.2808818221092224	0.1319380700588226	0.4358974358974359	0.1029810298102981	0.2064099460840225	0.001558771284229	True	38	369	0.0596880987286567	0.1319380700588226	0.1052631578947368	0.1029810298102981	0.0958130843937397	9.589646993956756e-05	True	GSE131907	NS_06	0.1105968616902828	0.0014628748142894	True
liana	COL18A1_ITGA1+ITGB1	other	COL18A1	ITGA1+ITGB1	39	369	0.1078953742980957	0.2247767597436905	0.2564102564102564	0.1788617886178861	0.1663360670208931	0.0324610761941272	True	38	369	0.112844780087471	0.2247767597436905	0.131578947368421	0.1788617886178861	0.1688107699155807	0.0159064119672253	True	GSE131907	NS_06	-0.0024747028946876	0.0165546642269019	True
liana	COL1A1_ITGA1+ITGB1	other	COL1A1	ITGA1+ITGB1	39	369	0.166061669588089	0.2247767597436905	0.3076923076923077	0.1788617886178861	0.1954192146658897	0.040735411300267	True	38	369	0.0630426332354545	0.2247767597436905	0.0526315789473684	0.1788617886178861	0.1439096964895725	0.0	False	GSE131907	NS_06	0.0515095181763172	0.040735411300267	True
liana	COL1A2_ITGA1+ITGB1	other	COL1A2	ITGA1+ITGB1	39	369	0.0703092887997627	0.2247767597436905	0.2564102564102564	0.1788617886178861	0.1475430242717266	0.0234619738893989	True	38	369	0.0072580357082188	0.2247767597436905	0.0263157894736842	0.1788617886178861	0.1160173977259546	0.0	False	GSE131907	NS_06	0.0315256265457719	0.0234619738893989	True
liana	COL3A1_ADGRG1	other	COL3A1	ADGRG1	39	369	0.0487164705991745	0.2546102106571197	0.2051282051282051	0.1897018970189702	0.1516633406281471	0.0054442283164838	True	38	369	0.0439506322145462	0.2546102106571197	0.0789473684210526	0.1897018970189702	0.1492804214358329	0.0	False	GSE131907	NS_06	0.0023829191923141	0.0054442283164838	True
liana	COL3A1_ITGA1+ITGB1	other	COL3A1	ITGA1+ITGB1	39	369	0.0487164705991745	0.2247767597436905	0.2051282051282051	0.1788617886178861	0.1367466151714325	0.012702136201943	True	38	369	0.0439506322145462	0.2247767597436905	0.0789473684210526	0.1788617886178861	0.1343636959791183	0.0	False	GSE131907	NS_06	0.0023829191923141	0.012702136201943	True
liana	COL6A1_ITGA1+ITGB1	other	COL6A1	ITGA1+ITGB1	39	369	0.3839928209781647	0.2247767597436905	0.4871794871794871	0.1788617886178861	0.3043847903609276	0.1336806523260758	True	38	369	0.2206235229969024	0.2247767597436905	0.1578947368421052	0.1788617886178861	0.2227001413702964	0.0454360952709475	True	GSE131907	NS_06	0.0816846489906311	0.0882445570551282	True
liana	COL6A2_ITGA1+ITGB1	other	COL6A2	ITGA1+ITGB1	39	369	0.4019498825073242	0.2247767597436905	0.4615384615384615	0.1788617886178861	0.3133633211255073	0.1462025066285416	True	38	369	0.0682853907346725	0.2247767597436905	0.0526315789473684	0.1788617886178861	0.1465310752391815	0.0	False	GSE131907	NS_06	0.1668322458863258	0.1462025066285416	True
liana	COL9A3_ITGA1+ITGB1	other	COL9A3	ITGA1+ITGB1	39	369	0.0693100169301033	0.2247767597436905	0.1282051282051282	0.1788617886178861	0.1470433883368969	0.0033780708346588	True	38	369	0.0745554864406585	0.2247767597436905	0.0789473684210526	0.1788617886178861	0.1496661230921745	0.0	False	GSE131907	NS_06	-0.0026227347552776	0.0033780708346588	True
liana	DHCR24_RORA	other	DHCR24	RORA	39	369	0.3697574138641357	0.3462835252285003	0.4871794871794871	0.2601626016260163	0.358020469546318	0.1081122095766903	True	38	369	0.0746621266007423	0.3462835252285003	0.0789473684210526	0.2601626016260163	0.2104728259146213	0.0	False	GSE131907	NS_06	0.1475476436316967	0.1081122095766903	True
liana	DHCR7_NR1H2	other	DHCR7	NR1H2	39	369	0.0814423412084579	0.2683324217796325	0.282051282051282	0.2276422764227642	0.1748873814940452	0.0126596565028243	True	38	369	0.0335065685212612	0.2683324217796325	0.0789473684210526	0.2276422764227642	0.1509194951504469	0.0	False	GSE131907	NS_06	0.0239678863435983	0.0126596565028243	True
liana	DHCR7_RORA	other	DHCR7	RORA	39	369	0.0814423412084579	0.3462835252285003	0.282051282051282	0.2601626016260163	0.2138629332184791	0.0188404571078959	True	38	369	0.0335065685212612	0.3462835252285003	0.0789473684210526	0.2601626016260163	0.1898950468748808	0.0	False	GSE131907	NS_06	0.0239678863435983	0.0188404571078959	True
liana	F11R_ITGAL+ITGB2	other	F11R	ITGAL+ITGB2	39	369	0.1873000860214233	0.3781225979328155	0.4102564102564102	0.2953929539295393	0.2827113419771194	0.1438497426165779	True	38	369	0.0435397773981094	0.3781225979328155	0.0526315789473684	0.2953929539295393	0.2108311876654625	0.0	False	GSE131907	NS_06	0.0718801543116569	0.1438497426165779	True
liana	FN1_ITGA4+ITGB1	other	FN1	ITGA4+ITGB1	39	369	0.3964657485485077	0.4130456149578094	0.4358974358974359	0.2926829268292683	0.4047556817531585	0.1949049077528142	True	38	369	0.2683308124542236	0.4130456149578094	0.1842105263157894	0.2926829268292683	0.3406882137060165	0.0977919048918744	True	GSE131907	NS_06	0.064067468047142	0.0971130028609398	True
liana	FN1_ITGA4+ITGB7	other	FN1	ITGA4+ITGB7	39	369	0.3964657485485077	0.4130456149578094	0.4358974358974359	0.2926829268292683	0.4047556817531585	0.1485535791057859	True	38	369	0.2683308124542236	0.4130456149578094	0.1842105263157894	0.2926829268292683	0.3406882137060165	0.0724570138990605	True	GSE131907	NS_06	0.064067468047142	0.0760965652067254	True
liana	ICAM1_ITGAL	other	ICAM1	ITGAL	39	369	0.4995748996734619	0.3781225979328155	0.5641025641025641	0.2953929539295393	0.4388487488031387	0.1747902576332999	True	38	369	0.1553398370742797	0.3781225979328155	0.1052631578947368	0.2953929539295393	0.2667312175035476	0.0140748016203188	True	GSE131907	NS_06	0.172117531299591	0.160715456012981	True
liana	ICAM1_ITGAL+ITGB2	other	ICAM1	ITGAL+ITGB2	39	369	0.4995748996734619	0.3781225979328155	0.5641025641025641	0.2953929539295393	0.4388487488031387	0.3332595240519157	True	38	369	0.1553398370742797	0.3781225979328155	0.1052631578947368	0.2953929539295393	0.2667312175035476	0.0325898113088513	True	GSE131907	NS_06	0.172117531299591	0.3006697127430643	True
liana	ICAM1_SPN	other	ICAM1	SPN	39	369	0.4995748996734619	0.4373697340488434	0.5641025641025641	0.3360433604336043	0.4684723168611526	0.2147018581164047	True	38	369	0.1553398370742797	0.4373697340488434	0.1052631578947368	0.3360433604336043	0.2963547855615616	0.0180932636875779	True	GSE131907	NS_06	0.172117531299591	0.1966085944288267	True
liana	ICAM3_ITGAL+ITGB2	other	ICAM3	ITGAL+ITGB2	39	369	0.1712666302919387	0.3781225979328155	0.3076923076923077	0.2953929539295393	0.2746946141123771	0.0929135319994209	True	38	369	0.0627936869859695	0.3781225979328155	0.0263157894736842	0.2953929539295393	0.2204581424593925	0.0	False	GSE131907	NS_06	0.0542364716529846	0.0929135319994209	True
liana	ICAM4_ITGAL+ITGB2	other	ICAM4	ITGAL+ITGB2	39	369	0.1510232836008072	0.3781225979328155	0.3333333333333333	0.2953929539295393	0.2645729407668113	0.0978936990545937	True	38	369	0.069341093301773	0.3781225979328155	0.0526315789473684	0.2953929539295393	0.2237318456172943	0.0	False	GSE131907	NS_06	0.040841095149517	0.0978936990545937	True
liana	ITGAV+ITGB1_ADGRE5	other	ITGAV+ITGB1	ADGRE5	39	369	0.1255214214324951	0.8242968320846558	0.3846153846153846	0.5528455284552846	0.4749091267585754	0.279867911623591	True	38	369	0.1076477468013763	0.8242968320846558	0.1052631578947368	0.5528455284552846	0.465972289443016	0.1410259965044054	True	GSE131907	NS_06	0.0089368373155593	0.1388419151191855	True
liana	JAG1_CD46	other	JAG1	CD46	39	369	0.0243764072656631	0.2400076389312744	0.1025641025641025	0.2005420054200542	0.1321920230984687	0.0005833128072311	True	38	369	0.0	0.2400076389312744	0.0	0.2005420054200542	0.1200038194656372	0.0	False	GSE131907	NS_06	0.0121882036328315	0.0005833128072311	True
liana	LGALS9_HAVCR2	other	LGALS9	HAVCR2	39	369	0.011988453567028	0.5693700313568115	0.1025641025641025	0.3902439024390244	0.2906792424619198	0.0020805458270375	True	38	369	0.0615914575755596	0.5693700313568115	0.0526315789473684	0.3902439024390244	0.3154807444661855	0.0	False	GSE131907	NS_06	-0.0248015020042657	0.0020805458270375	True
liana	LGALS9_P4HB	other	LGALS9	P4HB	39	369	0.011988453567028	0.6569442749023438	0.1025641025641025	0.4688346883468834	0.3344663642346859	0.0026469227670871	True	38	369	0.0615914575755596	0.6569442749023438	0.0526315789473684	0.4688346883468834	0.3592678662389517	0.0	False	GSE131907	NS_06	-0.0248015020042657	0.0026469227670871	True
liana	LIPA_RORA	other	LIPA	RORA	39	369	0.129065066576004	0.3462835252285003	0.3846153846153846	0.2601626016260163	0.2376742959022522	0.0422984892063592	True	38	369	0.1706297695636749	0.3462835252285003	0.1578947368421052	0.2601626016260163	0.2584566473960876	0.024021503204984	True	GSE131907	NS_06	-0.0207823514938354	0.0182769860013752	True
liana	LPAR2_ADGRE5	other	LPAR2	ADGRE5	39	369	0.0432618111371994	0.8242968320846558	0.1794871794871795	0.5528455284552846	0.4337793216109276	0.0276631753467334	True	38	369	0.0622637197375297	0.8242968320846558	0.0526315789473684	0.5528455284552846	0.4432802759110927	0.0	False	GSE131907	NS_06	-0.0095009543001651	0.0276631753467334	True
liana	PDCD1LG2_PDCD1	other	PDCD1LG2	PDCD1	39	369	0.0186709035187959	0.329999566078186	0.1025641025641025	0.2357723577235772	0.174335234798491	0.000855371588206	True	38	369	0.0	0.329999566078186	0.0	0.2357723577235772	0.164999783039093	0.0	False	GSE131907	NS_06	0.0093354517593979	0.000855371588206	True
liana	PLAUR_ITGA4+ITGB1	other	PLAUR	ITGA4+ITGB1	39	369	0.2325188368558883	0.4130456149578094	0.4102564102564102	0.2926829268292683	0.3227822259068489	0.1424819104910349	True	38	369	0.2085987627506256	0.4130456149578094	0.1842105263157894	0.2926829268292683	0.3108221888542175	0.0614457809863826	True	GSE131907	NS_06	0.0119600370526313	0.0810361295046523	True
liana	PPIA_BSG	other	PPIA	BSG	39	369	1.841188907623291	0.7221053838729858	0.9230769230769232	0.5338753387533876	1.2816471457481384	0.7140014496293035	True	38	369	1.6026334762573242	0.7221053838729858	0.7368421052631579	0.5338753387533876	1.162369430065155	0.6778963872699891	True	GSE131907	NS_06	0.1192777156829834	0.0361050623593143	True
liana	PTGDS_PTGDR	other	PTGDS	PTGDR	39	369	0.2753913700580597	0.126868337392807	0.5384615384615384	0.1029810298102981	0.2011298537254333	0.0022086235704731	True	38	369	0.5780822038650513	0.126868337392807	0.2105263157894736	0.1029810298102981	0.3524752706289291	0.002697773717643	True	GSE131907	NS_06	-0.1513454169034958	-0.0004891501471698	True
liana	PTGES_PTGER2	other	PTGES	PTGER2	39	369	0.0882593020796775	0.2150806933641433	0.2307692307692307	0.1598915989159891	0.1516699977219104	0.0071064581569341	True	38	369	0.0	0.2150806933641433	0.0	0.1598915989159891	0.1075403466820716	0.0	False	GSE131907	NS_06	0.0441296510398387	0.0071064581569341	True
liana	PTGES_PTGER4	other	PTGES	PTGER4	39	369	0.0882593020796775	0.4939084053039551	0.2307692307692307	0.3523035230352303	0.2910838536918163	0.0343763745122629	True	38	369	0.0	0.4939084053039551	0.0	0.3523035230352303	0.2469542026519775	0.0	False	GSE131907	NS_06	0.0441296510398387	0.0343763745122629	True
liana	PTGES2_PTGER2	other	PTGES2	PTGER2	39	369	0.2399822920560836	0.2150806933641433	0.4358974358974359	0.1598915989159891	0.2275314927101135	0.0265365110385665	True	38	369	0.3071553409099579	0.2150806933641433	0.2368421052631578	0.1598915989159891	0.2611180171370506	0.0247018786398108	True	GSE131907	NS_06	-0.0335865244269371	0.0018346323987557	True
liana	PTGES2_PTGER4	other	PTGES2	PTGER4	39	369	0.2399822920560836	0.4939084053039551	0.4358974358974359	0.3523035230352303	0.3669453486800194	0.1194000438240088	True	38	369	0.3071553409099579	0.4939084053039551	0.2368421052631578	0.3523035230352303	0.4005318731069565	0.1118830796693627	True	GSE131907	NS_06	-0.0335865244269371	0.0075169641546461	True
liana	PTGES3_PTGER2	other	PTGES3	PTGER2	39	369	1.18445086479187	0.2150806933641433	0.8205128205128205	0.1598915989159891	0.6997657790780067	0.1502057334708276	True	38	369	0.9215391278266908	0.2150806933641433	0.5263157894736842	0.1598915989159891	0.568309910595417	0.1146963870523722	True	GSE131907	NS_06	0.1314558684825897	0.0355093464184553	True
liana	PTGES3_PTGER4	other	PTGES3	PTGER4	39	369	1.18445086479187	0.4939084053039551	0.8205128205128205	0.3523035230352303	0.8391796350479126	0.4678510423365502	True	38	369	0.9215391278266908	0.4939084053039551	0.5263157894736842	0.3523035230352303	0.7077237665653229	0.3918774541776889	True	GSE131907	NS_06	0.1314558684825897	0.0759735881588613	True
liana	PVR_CD96	other	PVR	CD96	39	369	0.0249829497188329	0.5294086337089539	0.1025641025641025	0.3902439024390244	0.2771957917138934	0.0019320014184857	True	38	369	0.0	0.5294086337089539	0.0	0.3902439024390244	0.2647043168544769	0.0	False	GSE131907	NS_06	0.0124914748594164	0.0019320014184857	True
liana	PVR_TIGIT	other	PVR	TIGIT	39	369	0.0249829497188329	0.7095569372177124	0.1025641025641025	0.4498644986449864	0.3672699434682727	0.0027170532963576	True	38	369	0.0	0.7095569372177124	0.0	0.4498644986449864	0.3547784686088562	0.0	False	GSE131907	NS_06	0.0124914748594164	0.0027170532963576	True
liana	SEMA4D_PTPRC	other	SEMA4D	PTPRC	39	369	0.0216082297265529	1.449794054031372	0.1282051282051282	0.7994579945799458	0.7357011418789625	0.0169080824871899	True	38	369	0.1146202236413955	1.449794054031372	0.131578947368421	0.7994579945799458	0.7822071388363838	0.0785381758691631	True	GSE131907	NS_06	-0.0465059969574213	-0.0616300933819732	True
liana	SEMA7A_ITGA1+ITGB1	other	SEMA7A	ITGA1+ITGB1	39	369	0.0030508006457239	0.2247767597436905	0.0256410256410256	0.1788617886178861	0.1139137801947072	0.0	False	38	369	0.0684858113527298	0.2247767597436905	0.1052631578947368	0.1788617886178861	0.1466312855482101	0.0062876754314913	True	GSE131907	NS_06	-0.0327175053535029	-0.0062876754314913	True
liana	SPP1_ITGA4+ITGB1	other	SPP1	ITGA4+ITGB1	39	369	1.2257834672927856	0.4130456149578094	0.8205128205128205	0.2926829268292683	0.8194145411252975	0.5288409183125975	True	38	369	1.5229580402374268	0.4130456149578094	0.7105263157894737	0.2926829268292683	0.968001827597618	0.5590128321183956	True	GSE131907	NS_06	-0.1485872864723205	-0.030171913805798	True
liana	TF_TFRC	other	TF	TFRC	39	369	0.0242309551686048	0.1418880522251129	0.1538461538461538	0.1165311653116531	0.0830595036968588	0.000329606181706	True	38	369	0.2941804826259613	0.1418880522251129	0.131578947368421	0.1165311653116531	0.2180342674255371	0.002287386456638	True	GSE131907	NS_06	-0.1349747637286782	-0.001957780274932	True
liana	TGM2_ADGRG1	other	TGM2	ADGRG1	39	369	0.7086352109909058	0.2546102106571197	0.6153846153846154	0.1897018970189702	0.4816227108240127	0.1260500813078972	True	38	369	0.1265813708305359	0.2546102106571197	0.1052631578947368	0.1897018970189702	0.1905957907438278	0.0018936328161973	True	GSE131907	NS_06	0.2910269200801849	0.1241564484916998	True
liana	TNC_ITGA4+ITGB1	other	TNC	ITGA4+ITGB1	39	369	0.1032428219914436	0.4130456149578094	0.2307692307692307	0.2926829268292683	0.2581442184746265	0.0399893283812816	True	38	369	0.068438172340393	0.4130456149578094	0.0526315789473684	0.2926829268292683	0.2407418936491012	0.0	False	GSE131907	NS_06	0.0174023248255252	0.0399893283812816	True
liana	TNFSF12_TNFRSF25	other	TNFSF12	TNFRSF25	39	369	0.0419039726257324	0.1329041272401809	0.2307692307692307	0.1111111111111111	0.0874040499329567	0.0004774929807425	True	38	369	0.0070451288484036	0.1329041272401809	0.0263157894736842	0.1111111111111111	0.0699746280442923	0.0	False	GSE131907	NS_06	0.0174294218886643	0.0004774929807425	True
cellchat	CXCL12_CXCR4	CXCL	CXCL12	CXCR4	1961	140	0.1096581071615219	2.0877790451049805	0.123916369199388	0.7285714285714285	1.0987185761332512	0.0535007134631194	True	1961	140	0.0949776098132133	2.0877790451049805	0.1050484446710861	0.7285714285714285	1.091378327459097	0.0088773507651768	True	GSE131907	NS_07	0.0073402486741542	0.0446233626979426	True
cellchat	SPP1_CD44	SPP1	SPP1	CD44	1961	140	0.0958707481622695	0.7768083214759827	0.1055583885772565	0.3428571428571428	0.4363395348191261	0.0031971361378878	True	1961	140	0.1108180880546569	0.7768083214759827	0.1132075471698113	0.3428571428571428	0.4438132047653198	0.0081738771970151	True	GSE131907	NS_07	-0.0074736699461936	-0.0049767410591273	True
cellchat	MDK_NCL	MK	MDK	NCL	1961	140	2.003759384155273	0.5401225686073303	0.903110657827639	0.2357142857142857	1.271940976381302	0.5982426056545497	True	1961	140	1.884187936782837	0.5401225686073303	0.8842427332993371	0.2357142857142857	1.2121552526950836	0.5817615297612323	True	GSE131907	NS_07	0.0597857236862182	0.0164810758933173	True
cellchat	PTN_NCL	PTN	PTN	NCL	1961	140	0.4092779755592346	0.5401225686073303	0.3008669046404895	0.2357142857142857	0.4747002720832824	0.1445967143091994	True	1961	140	0.3384933173656463	0.5401225686073303	0.2600713921468638	0.2357142857142857	0.4393079429864883	0.1074497327838689	True	GSE131907	NS_07	0.0353923290967941	0.0371469815253304	True
cellchat	COL1A1_CD44	COLLAGEN	COL1A1	CD44	1961	140	0.1872148364782333	0.7768083214759827	0.1912289648138704	0.3428571428571428	0.482011578977108	0.0794073136434217	True	1961	140	0.1695538908243179	0.7768083214759827	0.1871494135645079	0.3428571428571428	0.4731811061501503	0.0732401872146388	True	GSE131907	NS_07	0.0088304728269577	0.0061671264287829	True
cellchat	COL2A1_CD44	COLLAGEN	COL2A1	CD44	1961	140	0.0893857032060623	0.7768083214759827	0.0846506884242733	0.3428571428571428	0.4330970123410225	0.0	False	1961	140	0.1380128860473632	0.7768083214759827	0.1172870984191739	0.3428571428571428	0.457410603761673	0.0134360539830846	True	GSE131907	NS_07	-0.0243135914206504	-0.0134360539830846	True
cellchat	LAMA5_CD44	LAMININ	LAMA5	CD44	1961	140	0.1414109766483307	0.7768083214759827	0.1708312085670576	0.3428571428571428	0.4591096490621567	0.0592585412461654	True	1961	140	0.1321703046560287	0.7768083214759827	0.1601223865374808	0.3428571428571428	0.4544893130660057	0.0471503059209003	True	GSE131907	NS_07	0.0046203359961509	0.0121082353252651	True
cellchat	LAMB2_CD44	LAMININ	LAMB2	CD44	1961	140	0.2712743282318115	0.7768083214759827	0.2957674655787863	0.3428571428571428	0.5240413248538971	0.1786982925095495	True	1961	140	0.2318747788667678	0.7768083214759827	0.2661907190209077	0.3428571428571428	0.5043415501713753	0.1425979115232922	True	GSE131907	NS_07	0.0196997746825218	0.0361003809862572	True
cellchat	LAMB3_CD44	LAMININ	LAMB3	CD44	1961	140	0.554358959197998	0.7768083214759827	0.5196328403875574	0.3428571428571428	0.6655836403369904	0.3761970720297692	True	1961	140	0.5082139372825623	0.7768083214759827	0.4977052524222335	0.3428571428571428	0.6425111293792725	0.3506030730719536	True	GSE131907	NS_07	0.0230725109577178	0.0255939989578156	True
cellchat	LAMC1_CD44	LAMININ	LAMC1	CD44	1961	140	0.1969481706619262	0.7768083214759827	0.2417134115247322	0.3428571428571428	0.4868782460689544	0.1181828261495097	True	1961	140	0.1984870731830597	0.7768083214759827	0.2391636919938806	0.3428571428571428	0.4876476973295212	0.116576724111295	True	GSE131907	NS_07	-0.0007694512605667	0.0016061020382147	True
cellchat	THBS3_CD47	THBS	THBS3	CD47	1961	140	0.0898008942604065	0.2732488214969635	0.1091279959204487	0.1285714285714285	0.181524857878685	0.000523336798887	True	1961	140	0.0740487724542617	0.2732488214969635	0.09535951045385	0.1285714285714285	0.1736487969756126	0.0	False	GSE131907	NS_07	0.0078760609030723	0.000523336798887	True
cellchat	APP_CD74	APP	APP	CD74	1961	140	1.38308584690094	0.8922817707061768	0.8546659867414584	0.3428571428571428	1.1376838088035583	0.6556403634380303	True	1961	140	1.3135130405426023	0.8922817707061768	0.8154003059663437	0.3428571428571428	1.1028974056243896	0.6419481816487986	True	GSE131907	NS_07	0.0347864031791687	0.0136921817892317	True
cellchat	CD99_CD99	CD99	CD99	CD99	1961	140	0.4672869741916656	0.5273855328559875	0.4711881693013768	0.2357142857142857	0.4973362535238266	0.2055344380210463	True	1961	140	0.4558795094490051	0.5273855328559875	0.4518103008669046	0.2357142857142857	0.4916325211524963	0.19759207151675	True	GSE131907	NS_07	0.0057037323713302	0.0079423665042963	True
cellchat	CLEC2B_KLRB1	CLEC	CLEC2B	KLRB1	1961	140	0.3794423937797546	1.669941544532776	0.3605303416624171	0.55	1.0246919691562653	0.4559741949585121	True	1961	140	0.3702165782451629	1.669941544532776	0.3595104538500765	0.55	1.0200790613889694	0.4453526489161785	True	GSE131907	NS_07	0.0046129077672958	0.0106215460423336	True
cellchat	HLA-E_KLRC1	MHC-I	HLA-E	KLRC1	1961	140	0.4146530032157898	0.3996107280254364	0.4319224885262621	0.15	0.4071318656206131	0.0840991074936202	True	1961	140	0.3736491799354553	0.3996107280254364	0.3880673125956145	0.15	0.3866299539804458	0.0705924989993194	True	GSE131907	NS_07	0.0205019116401672	0.0135066084943008	True
cellchat	IGFBP3_TMEM219	IGFBP	IGFBP3	TMEM219	1961	140	2.2299184799194336	0.2396052181720733	0.8929117797042325	0.1142857142857142	1.2347618490457537	0.1017699111536551	True	1961	140	2.350561618804932	0.2396052181720733	0.8980112187659357	0.1142857142857142	1.2950834184885025	0.1077334369525449	True	GSE131907	NS_07	-0.060321569442749	-0.0059635257988897	True
cellchat	PPIA_BSG	CypA	PPIA	BSG	1961	140	2.6659703254699707	0.2173358649015426	0.9750127485976544	0.1	1.441653095185757	0.0	True	1961	140	2.5508949756622314	0.2173358649015426	0.9678735339112696	0.1	1.384115420281887	0.0	True	GSE131907	NS_07	0.0575376749038696	0.0	True
liana	HLA-E_KLRC1	MHC_I	HLA-E	KLRC1	1961	140	0.4146530032157898	0.3996107280254364	0.4319224885262621	0.15	0.4071318656206131	0.0840991074936202	True	1961	140	0.3736491799354553	0.3996107280254364	0.3880673125956145	0.15	0.3866299539804458	0.0705924989993194	True	GSE131907	NS_07	0.0205019116401672	0.0135066084943008	True
liana	CXCL12_CXCR4	T_recruit	CXCL12	CXCR4	1961	140	0.1096581071615219	2.0877790451049805	0.123916369199388	0.7285714285714285	1.0987185761332512	0.0535007134631194	True	1961	140	0.0949776098132133	2.0877790451049805	0.1050484446710861	0.7285714285714285	1.091378327459097	0.0088773507651768	True	GSE131907	NS_07	0.0073402486741542	0.0446233626979426	True
liana	APP_CD74	other	APP	CD74	1961	140	1.38308584690094	0.8922817707061768	0.8546659867414584	0.3428571428571428	1.1376838088035583	0.6556403634380303	True	1961	140	1.3135130405426023	0.8922817707061768	0.8154003059663437	0.3428571428571428	1.1028974056243896	0.6419481816487986	True	GSE131907	NS_07	0.0347864031791687	0.0136921817892317	True
liana	CD44_TYROBP	other	CD44	TYROBP	1961	140	0.3898023664951324	0.3924120664596557	0.3824579296277409	0.15	0.3911072164773941	0.0665403587856044	True	1961	140	0.4228604733943939	0.3924120664596557	0.4171341152473228	0.15	0.4076362699270248	0.0759683752762548	True	GSE131907	NS_07	-0.0165290534496307	-0.0094280164906503	True
liana	DHCR24_RORA	other	DHCR24	RORA	1961	140	0.2834175825119018	0.4089481234550476	0.2911779704232534	0.1857142857142857	0.3461828529834747	0.0661836722507144	True	1961	140	0.2412458956241607	0.4089481234550476	0.2605813360530342	0.1857142857142857	0.3250970095396042	0.0510529536180142	True	GSE131907	NS_07	0.0210858434438705	0.0151307186327001	True
liana	DHCR7_RORA	other	DHCR7	RORA	1961	140	0.1277052909135818	0.4089481234550476	0.154003059663437	0.1857142857142857	0.2683267071843147	0.0140760374509903	True	1961	140	0.1068551167845726	0.4089481234550476	0.1371749107598164	0.1857142857142857	0.2579016201198101	0.0079369749407196	True	GSE131907	NS_07	0.0104250870645046	0.0061390625102707	True
liana	IGFBP3_TMEM219	other	IGFBP3	TMEM219	1961	140	2.2299184799194336	0.2396052181720733	0.8929117797042325	0.1142857142857142	1.2347618490457537	0.1017699111536551	True	1961	140	2.350561618804932	0.2396052181720733	0.8980112187659357	0.1142857142857142	1.2950834184885025	0.1077334369525449	True	GSE131907	NS_07	-0.060321569442749	-0.0059635257988897	True
liana	PPIA_BSG	other	PPIA	BSG	1961	140	2.6659703254699707	0.2173358649015426	0.9750127485976544	0.1	1.441653095185757	0.0	True	1961	140	2.5508949756622314	0.2173358649015426	0.9678735339112696	0.1	1.384115420281887	0.0	True	GSE131907	NS_07	0.0575376749038696	0.0	True
cellchat	CCL20_CCR6	CCL	CCL20	CCR6	202	354	0.9226278066635132	0.1994734555482864	0.5	0.1327683615819209	0.5610506311058998	0.063836780193142	True	201	354	0.7634760141372681	0.1994734555482864	0.3830845771144278	0.1327683615819209	0.4814747348427772	0.0482073594647922	True	GSE131907	NS_19	0.0795758962631225	0.0156294207283497	True
cellchat	CXCL16_CXCR6	CXCL	CXCL16	CXCR6	202	354	0.4043712913990021	0.239002987742424	0.396039603960396	0.1384180790960452	0.321687139570713	0.0362373209168617	True	201	354	0.3235320746898651	0.239002987742424	0.2537313432835821	0.1384180790960452	0.2812675312161445	0.0223741299257961	True	GSE131907	NS_19	0.0404196083545684	0.0138631909910655	True
cellchat	SPP1_CD44	SPP1	SPP1	CD44	202	354	1.2320103645324707	0.8061795830726624	0.7821782178217822	0.4519774011299435	1.0190949738025663	0.6342448956020976	True	201	354	1.225422739982605	0.8061795830726624	0.6616915422885572	0.4519774011299435	1.0158011615276337	0.6234534295092307	True	GSE131907	NS_19	0.0032938122749328	0.0107914660928669	True
cellchat	MDK_NCL	MK	MDK	NCL	202	354	2.1733195781707764	0.4314307570457458	0.9306930693069309	0.2627118644067797	1.302375167608261	0.5615684831844017	True	201	354	1.926319360733032	0.4314307570457458	0.8258706467661692	0.2627118644067797	1.178875058889389	0.5288181481839226	True	GSE131907	NS_19	0.123500108718872	0.032750335000479	True
cellchat	PTN_NCL	PTN	PTN	NCL	202	354	0.1061946377158165	0.4314307570457458	0.1188118811881188	0.2627118644067797	0.2688126973807812	0.0036722456888015	True	201	354	0.0523868165910244	0.4314307570457458	0.044776119402985	0.2627118644067797	0.2419087868183851	0.0	False	GSE131907	NS_19	0.026903910562396	0.0036722456888015	True
cellchat	LGALS9_CD45	GALECTIN	LGALS9	PTPRC	202	354	0.1686597317457199	0.8585647940635681	0.193069306930693	0.4745762711864407	0.513612262904644	0.088187632375873	True	201	354	0.1230945512652397	0.8585647940635681	0.0945273631840796	0.4745762711864407	0.4908296726644039	0.0	False	GSE131907	NS_19	0.02278259024024	0.088187632375873	True
cellchat	LGALS9_CD44	GALECTIN	LGALS9	CD44	202	354	0.1686597317457199	0.8061795830726624	0.193069306930693	0.4519774011299435	0.4874196574091911	0.0815528216930335	True	201	354	0.1230945512652397	0.8061795830726624	0.0945273631840796	0.4519774011299435	0.464637067168951	0.0	False	GSE131907	NS_19	0.02278259024024	0.0815528216930335	True
cellchat	FN1_CD44	FN1	FN1	CD44	202	354	0.5951930284500122	0.8061795830726624	0.5297029702970297	0.4519774011299435	0.7006863057613373	0.4185652639374272	True	201	354	0.5286069512367249	0.8061795830726624	0.3930348258706467	0.4519774011299435	0.6673932671546936	0.3630437318960993	True	GSE131907	NS_19	0.0332930386066436	0.0555215320413279	True
cellchat	COL1A1_CD44	COLLAGEN	COL1A1	CD44	202	354	0.5678687691688538	0.8061795830726624	0.504950495049505	0.4519774011299435	0.6870241761207581	0.3990651340561908	True	201	354	0.2543432414531708	0.8061795830726624	0.2139303482587064	0.4519774011299435	0.5302614122629166	0.1417940661988414	True	GSE131907	NS_19	0.1567627638578415	0.2572710678573494	True
cellchat	COL1A2_CD44	COLLAGEN	COL1A2	CD44	202	354	0.2352390140295028	0.8061795830726624	0.2821782178217821	0.4519774011299435	0.5207092985510826	0.1688658366852031	True	201	354	0.220991775393486	0.8061795830726624	0.1840796019900497	0.4519774011299435	0.5135856792330742	0.0930607338569654	True	GSE131907	NS_19	0.0071236193180084	0.0758051028282376	True
cellchat	COL9A2_CD44	COLLAGEN	COL9A2	CD44	202	354	0.1250705868005752	0.8061795830726624	0.1435643564356435	0.4519774011299435	0.4656250849366188	0.0264918352055706	True	201	354	0.0931740775704383	0.8061795830726624	0.0945273631840796	0.4519774011299435	0.4496768303215503	0.0	False	GSE131907	NS_19	0.0159482546150684	0.0264918352055706	True
cellchat	LAMA5_CD44	LAMININ	LAMA5	CD44	202	354	0.9119271039962769	0.8061795830726624	0.6633663366336634	0.4519774011299435	0.8590533435344696	0.5497592527657941	True	201	354	0.4323695302009582	0.8061795830726624	0.3134328358208955	0.4519774011299435	0.6192745566368103	0.2933424518535635	True	GSE131907	NS_19	0.2397787868976593	0.2564168009122305	True
cellchat	LAMB2_CD44	LAMININ	LAMB2	CD44	202	354	0.1280710995197296	0.8061795830726624	0.1732673267326732	0.4519774011299435	0.467125341296196	0.0485408285477484	True	201	354	0.0891425013542175	0.8061795830726624	0.0746268656716417	0.4519774011299435	0.4476610422134399	0.0	False	GSE131907	NS_19	0.019464299082756	0.0485408285477484	True
cellchat	LAMB3_CD44	LAMININ	LAMB3	CD44	202	354	0.4641107320785522	0.8061795830726624	0.4207920792079208	0.4519774011299435	0.6351451575756073	0.3307737990790938	True	201	354	0.3488470315933227	0.8061795830726624	0.2587064676616915	0.4519774011299435	0.5775133073329926	0.2094995061918451	True	GSE131907	NS_19	0.0576318502426147	0.1212742928872487	True
cellchat	LAMC1_CD44	LAMININ	LAMC1	CD44	202	354	0.1654715240001678	0.8061795830726624	0.2227722772277227	0.4519774011299435	0.4858255535364151	0.0947251643098158	True	201	354	0.1025850474834442	0.8061795830726624	0.0945273631840796	0.4519774011299435	0.4543823152780533	0.0	False	GSE131907	NS_19	0.0314432382583618	0.0947251643098158	True
cellchat	LAMC2_CD44	LAMININ	LAMC2	CD44	202	354	0.151850089430809	0.8061795830726624	0.1782178217821782	0.4519774011299435	0.4790148362517357	0.0601791809310392	True	201	354	0.0709347128868103	0.8061795830726624	0.0796019900497512	0.4519774011299435	0.4385571479797363	0.0	False	GSE131907	NS_19	0.0404576882719993	0.0601791809310392	True
cellchat	APP_CD74	APP	APP	CD74	202	354	0.4041881859302521	1.4159127473831177	0.4108910891089108	0.6440677966101694	0.9100504666566848	0.4443649836390451	True	201	354	0.275658905506134	1.4159127473831177	0.2139303482587064	0.6440677966101694	0.8457858264446259	0.256275058639446	True	GSE131907	NS_19	0.064264640212059	0.1880899249995991	True
cellchat	CD99_CD99	CD99	CD99	CD99	202	354	0.6703550219535828	1.109513282775879	0.5544554455445545	0.5932203389830508	0.8899341523647308	0.5577434273221922	True	201	354	0.5557156205177307	1.109513282775879	0.3830845771144278	0.5932203389830508	0.8326144516468048	0.475156073535974	True	GSE131907	NS_19	0.057319700717926	0.0825873537862181	True
cellchat	CDH1_KLRG1	CDH1	CDH1	KLRG1	202	354	0.4302893280982971	0.1758815199136734	0.4405940594059406	0.1016949152542373	0.3030854240059852	0.0021629730281315	True	201	354	0.2663459181785583	0.1758815199136734	0.2139303482587064	0.1016949152542373	0.2211137190461158	0.0007481933470934	True	GSE131907	NS_19	0.0819717049598693	0.001414779681038	True
cellchat	CLEC2B_KLRB1	CLEC	CLEC2B	KLRB1	202	354	0.1344462931156158	1.5521023273468018	0.1485148514851485	0.5508474576271186	0.8432743102312088	0.0827626574013692	True	201	354	0.1238354295492172	1.5521023273468018	0.099502487562189	0.5508474576271186	0.8379688784480095	0.0	False	GSE131907	NS_19	0.0053054317831993	0.0827626574013692	True
cellchat	ICAM1_SPN	ICAM	ICAM1	SPN	202	354	0.5047555565834045	0.2133136093616485	0.4356435643564356	0.1327683615819209	0.3590345829725265	0.0356143754984711	True	201	354	0.3293278515338897	0.2133136093616485	0.2487562189054726	0.1327683615819209	0.2713207304477691	0.0171207477586681	True	GSE131907	NS_19	0.0877138525247573	0.018493627739803	True
cellchat	HLA-A_CD8A	MHC-I	HLA-A	CD8A	202	354	2.9137794971466064	0.2546792924404144	0.9851485148514852	0.1271186440677966	1.5842293947935104	0.2211927691349449	True	201	354	2.700031280517578	0.2546792924404144	0.9154228855721394	0.1271186440677966	1.4773552864789965	0.213280377195368	True	GSE131907	NS_19	0.1068741083145141	0.0079123919395769	True
cellchat	HLA-B_CD8A	MHC-I	HLA-B	CD8A	202	354	2.342146873474121	0.2546792924404144	0.9306930693069309	0.1271186440677966	1.2984130829572678	0.1897772634727156	True	201	354	2.030477285385132	0.2546792924404144	0.8059701492537313	0.1271186440677966	1.1425782889127731	0.166595394904069	True	GSE131907	NS_19	0.1558347940444946	0.0231818685686466	True
cellchat	HLA-C_CD8A	MHC-I	HLA-C	CD8A	202	354	2.1088080406188965	0.2546792924404144	0.9306930693069309	0.1271186440677966	1.1817436665296557	0.171960736919208	True	201	354	1.823196649551392	0.2546792924404144	0.7761194029850746	0.1271186440677966	1.038937970995903	0.1493564446943019	True	GSE131907	NS_19	0.1428056955337524	0.0226042922249061	True
cellchat	HLA-E_CD8A	MHC-I	HLA-E	CD8A	202	354	0.8110755085945129	0.2546792924404144	0.6188118811881188	0.1271186440677966	0.5328774005174637	0.0675871733376905	True	201	354	0.6711187958717346	0.2546792924404144	0.4427860696517413	0.1271186440677966	0.4628990441560745	0.051164747178288	True	GSE131907	NS_19	0.0699783563613891	0.0164224261594025	True
cellchat	HLA-F_CD8A	MHC-I	HLA-F	CD8A	202	354	0.2153086960315704	0.2546792924404144	0.2277227722772277	0.1271186440677966	0.2349939942359924	0.009657334659879	True	201	354	0.1492301672697067	0.2546792924404144	0.1243781094527363	0.1271186440677966	0.2019547298550605	0.0016592229632271	True	GSE131907	NS_19	0.0330392643809318	0.0079981116966519	True
cellchat	HLA-DPA1_CD4	MHC-II	HLA-DPA1	CD4	202	354	0.5274335741996765	0.1652950048446655	0.4653465346534653	0.1045197740112994	0.346364289522171	0.0057596172034325	True	201	354	0.4278856813907623	0.1652950048446655	0.308457711442786	0.1045197740112994	0.2965903431177139	0.0037021902985726	True	GSE131907	NS_19	0.049773946404457	0.0020574269048599	True
cellchat	HLA-DPB1_CD4	MHC-II	HLA-DPB1	CD4	202	354	0.6060935854911804	0.1652950048446655	0.504950495049505	0.1045197740112994	0.385694295167923	0.0068974738623832	True	201	354	0.4924743771553039	0.1652950048446655	0.3432835820895522	0.1045197740112994	0.3288846909999847	0.0045149727561921	True	GSE131907	NS_19	0.0568096041679382	0.002382501106191	True
cellchat	HLA-DQA1_CD4	MHC-II	HLA-DQA1	CD4	202	354	0.4292711019515991	0.1652950048446655	0.3861386138613861	0.1045197740112994	0.2972830533981323	0.0044431366242821	True	201	354	0.3936381936073303	0.1652950048446655	0.2736318407960199	0.1045197740112994	0.2794665992259979	0.0031795542420892	True	GSE131907	NS_19	0.0178164541721344	0.0012635823821928	True
cellchat	HLA-DMA_CD4	MHC-II	HLA-DMA	CD4	202	354	0.4540397822856903	0.1652950048446655	0.4405940594059406	0.1045197740112994	0.3096673935651779	0.0047650027645334	True	201	354	0.3689332604408264	0.1652950048446655	0.2786069651741293	0.1045197740112994	0.2671141326427459	0.0030487900634402	True	GSE131907	NS_19	0.0425532609224319	0.0017162127010931	True
cellchat	HLA-DMB_CD4	MHC-II	HLA-DMB	CD4	202	354	0.1461611688137054	0.1652950048446655	0.1732673267326732	0.1045197740112994	0.1557280868291854	0.0005266442319652	True	201	354	0.1310997456312179	0.1652950048446655	0.099502487562189	0.1045197740112994	0.1481973752379417	0.0	False	GSE131907	NS_19	0.0075307115912437	0.0005266442319652	True
cellchat	HLA-DQB1_CD4	MHC-II	HLA-DQB1	CD4	202	354	1.2983289957046509	0.1652950048446655	0.7772277227722773	0.1045197740112994	0.7318120002746582	0.0175051846961405	True	201	354	1.080306887626648	0.1652950048446655	0.582089552238806	0.1045197740112994	0.6228009462356567	0.0135611061748296	True	GSE131907	NS_19	0.1090110540390014	0.0039440785213108	True
cellchat	HLA-DRA_CD4	MHC-II	HLA-DRA	CD4	202	354	1.436120629310608	0.1652950048446655	0.801980198019802	0.1045197740112994	0.8007078170776367	0.0192850581614681	True	201	354	1.3130422830581665	0.1652950048446655	0.6716417910447762	0.1045197740112994	0.739168643951416	0.0169281605284563	True	GSE131907	NS_19	0.0615391731262207	0.0023568976330117	True
cellchat	HLA-DRB1_CD4	MHC-II	HLA-DRB1	CD4	202	354	1.1641380786895752	0.1652950048446655	0.7277227722772277	0.1045197740112994	0.6647165417671204	0.0151021309335139	True	201	354	0.9929878115653992	0.1652950048446655	0.5522388059701493	0.1045197740112994	0.5791414082050323	0.0121707263506573	True	GSE131907	NS_19	0.085575133562088	0.0029314045828566	True
cellchat	CD55_ADGRE5	ADGRE	CD55	ADGRE5	202	354	0.5671736001968384	0.3631242513656616	0.4851485148514851	0.2203389830508474	0.46514892578125	0.1596656938266936	True	201	354	0.4145311713218689	0.3631242513656616	0.3134328358208955	0.2203389830508474	0.3888277113437652	0.1010316934637301	True	GSE131907	NS_19	0.0763212144374847	0.0586340003629635	True
cellchat	APP_SORL1	APP	APP	SORL1	202	354	0.4041881859302521	0.2603992819786072	0.4108910891089108	0.1581920903954802	0.3322937339544296	0.0558480493635933	True	201	354	0.275658905506134	0.2603992819786072	0.2139303482587064	0.1581920903954802	0.2680290937423706	0.0248530645820196	True	GSE131907	NS_19	0.064264640212059	0.0309949847815737	True
cellchat	IGFBP3_TMEM219	IGFBP	IGFBP3	TMEM219	202	354	0.5256577134132385	0.3638452291488647	0.3762376237623762	0.2231638418079096	0.4447514712810516	0.1368641359879299	True	201	354	0.3734231889247894	0.3638452291488647	0.2388059701492537	0.2231638418079096	0.3686342090368271	0.0760269711992228	True	GSE131907	NS_19	0.0761172622442245	0.060837164788707	True
cellchat	LGALS9_P4HB	GALECTIN	LGALS9	P4HB	202	354	0.1686597317457199	0.5026443600654602	0.193069306930693	0.3135593220338983	0.33565204590559	0.045134731796048	True	201	354	0.1230945512652397	0.5026443600654602	0.0945273631840796	0.3135593220338983	0.3128694556653499	0.0	False	GSE131907	NS_19	0.02278259024024	0.045134731796048	True
cellchat	PPIA_BSG	CypA	PPIA	BSG	202	354	2.970747232437134	0.449550598859787	0.9752475247524752	0.2711864406779661	1.7101489156484604	0.6458442756582906	True	201	354	2.9884774684906006	0.449550598859787	0.965174129353234	0.2711864406779661	1.7190140336751938	0.6507903138352671	True	GSE131907	NS_19	-0.0088651180267333	-0.0049460381769764	True
liana	HLA-A_CD8A	MHC_I	HLA-A	CD8A	202	354	2.9137794971466064	0.2546792924404144	0.9851485148514852	0.1271186440677966	1.5842293947935104	0.2211927691349449	True	201	354	2.700031280517578	0.2546792924404144	0.9154228855721394	0.1271186440677966	1.4773552864789965	0.213280377195368	True	GSE131907	NS_19	0.1068741083145141	0.0079123919395769	True
liana	HLA-B_CD8A	MHC_I	HLA-B	CD8A	202	354	2.342146873474121	0.2546792924404144	0.9306930693069309	0.1271186440677966	1.2984130829572678	0.1897772634727156	True	201	354	2.030477285385132	0.2546792924404144	0.8059701492537313	0.1271186440677966	1.1425782889127731	0.166595394904069	True	GSE131907	NS_19	0.1558347940444946	0.0231818685686466	True
liana	HLA-C_CD8A	MHC_I	HLA-C	CD8A	202	354	2.1088080406188965	0.2546792924404144	0.9306930693069309	0.1271186440677966	1.1817436665296557	0.171960736919208	True	201	354	1.823196649551392	0.2546792924404144	0.7761194029850746	0.1271186440677966	1.038937970995903	0.1493564446943019	True	GSE131907	NS_19	0.1428056955337524	0.0226042922249061	True
liana	HLA-E_KLRD1	MHC_I	HLA-E	KLRD1	202	354	0.8110755085945129	0.369461327791214	0.6188118811881188	0.1610169491525423	0.5902684181928635	0.1715763709226915	True	201	354	0.6711187958717346	0.369461327791214	0.4427860696517413	0.1610169491525423	0.5202900618314743	0.1335043356726539	True	GSE131907	NS_19	0.0699783563613891	0.0380720352500376	True
liana	CXCL16_CXCR6	T_recruit	CXCL16	CXCR6	202	354	0.4043712913990021	0.239002987742424	0.396039603960396	0.1384180790960452	0.321687139570713	0.0362373209168617	True	201	354	0.3235320746898651	0.239002987742424	0.2537313432835821	0.1384180790960452	0.2812675312161445	0.0223741299257961	True	GSE131907	NS_19	0.0404196083545684	0.0138631909910655	True
liana	ALCAM_CD6	other	ALCAM	CD6	202	354	0.5889866948127747	0.2947230935096741	0.5445544554455446	0.1807909604519774	0.4418548941612243	0.1161831881264125	True	201	354	0.3210736811161041	0.2947230935096741	0.2437810945273631	0.1807909604519774	0.3078983873128891	0.0442018463165896	True	GSE131907	NS_19	0.1339565068483352	0.0719813418098228	True
liana	APP_CD74	other	APP	CD74	202	354	0.4041881859302521	1.4159127473831177	0.4108910891089108	0.6440677966101694	0.9100504666566848	0.4443649836390451	True	201	354	0.275658905506134	1.4159127473831177	0.2139303482587064	0.6440677966101694	0.8457858264446259	0.256275058639446	True	GSE131907	NS_19	0.064264640212059	0.1880899249995991	True
liana	APP_SORL1	other	APP	SORL1	202	354	0.4041881859302521	0.2603992819786072	0.4108910891089108	0.1581920903954802	0.3322937339544296	0.0558480493635933	True	201	354	0.275658905506134	0.2603992819786072	0.2139303482587064	0.1581920903954802	0.2680290937423706	0.0248530645820196	True	GSE131907	NS_19	0.064264640212059	0.0309949847815737	True
liana	CCL20_CCR6	other	CCL20	CCR6	202	354	0.9226278066635132	0.1994734555482864	0.5	0.1327683615819209	0.5610506311058998	0.063836780193142	True	201	354	0.7634760141372681	0.1994734555482864	0.3830845771144278	0.1327683615819209	0.4814747348427772	0.0482073594647922	True	GSE131907	NS_19	0.0795758962631225	0.0156294207283497	True
liana	CD320_JAML	other	CD320	JAML	202	354	0.2450872957706451	0.2630718350410461	0.2673267326732673	0.1525423728813559	0.2540795654058456	0.0213834930386831	True	201	354	0.1769101917743683	0.2630718350410461	0.1592039800995024	0.1525423728813559	0.2199910134077072	0.0073129179583597	True	GSE131907	NS_19	0.0340885519981384	0.0140705750803233	True
liana	CD44_TYROBP	other	CD44	TYROBP	202	354	0.200031578540802	0.6332399845123291	0.2376237623762376	0.2966101694915254	0.4166357815265655	0.072831906761618	True	201	354	0.1707587242126464	0.6332399845123291	0.1492537313432835	0.2966101694915254	0.4019993543624878	0.0280874109386808	True	GSE131907	NS_19	0.0146364271640777	0.0447444958229372	True
liana	CD47_SIRPG	other	CD47	SIRPG	202	354	1.056105613708496	0.170594722032547	0.6782178217821783	0.1101694915254237	0.6133501678705215	0.0263708845611968	True	201	354	0.92650306224823	0.170594722032547	0.5422885572139303	0.1101694915254237	0.5485488921403885	0.0215899789505444	True	GSE131907	NS_19	0.064801275730133	0.0047809056106523	True
liana	CD55_ADGRE5	other	CD55	ADGRE5	202	354	0.5671736001968384	0.3631242513656616	0.4851485148514851	0.2203389830508474	0.46514892578125	0.1596656938266936	True	201	354	0.4145311713218689	0.3631242513656616	0.3134328358208955	0.2203389830508474	0.3888277113437652	0.1010316934637301	True	GSE131907	NS_19	0.0763212144374847	0.0586340003629635	True
liana	CD58_CD2	other	CD58	CD2	202	354	0.0974010452628135	1.5572361946105957	0.1237623762376237	0.7203389830508474	0.8273186199367046	0.0282994843388283	True	201	354	0.1156358867883682	1.5572361946105957	0.0945273631840796	0.7203389830508474	0.836436040699482	0.0	False	GSE131907	NS_19	-0.0091174207627773	0.0282994843388283	True
liana	CDH1_ITGAE+ITGB7	other	CDH1	ITGAE+ITGB7	202	354	0.4302893280982971	0.1768936812877655	0.4405940594059406	0.1129943502824858	0.3035915046930313	0.0116832972960296	True	201	354	0.2663459181785583	0.1768936812877655	0.2139303482587064	0.1129943502824858	0.2216197997331619	0.0040667449726796	True	GSE131907	NS_19	0.0819717049598693	0.00761655232335	True
liana	CDH1_KLRG1	other	CDH1	KLRG1	202	354	0.4302893280982971	0.1758815199136734	0.4405940594059406	0.1016949152542373	0.3030854240059852	0.0021629730281315	True	201	354	0.2663459181785583	0.1758815199136734	0.2139303482587064	0.1016949152542373	0.2211137190461158	0.0007481933470934	True	GSE131907	NS_19	0.0819717049598693	0.001414779681038	True
liana	DHCR24_RORA	other	DHCR24	RORA	202	354	0.6290882229804993	0.4850151836872101	0.4851485148514851	0.2824858757062147	0.5570517033338547	0.259140149649174	True	201	354	0.4022625684738159	0.4850151836872101	0.2885572139303483	0.2824858757062147	0.443638876080513	0.1470589841417767	True	GSE131907	NS_19	0.1134128272533416	0.1120811655073972	True
liana	ICAM1_SPN	other	ICAM1	SPN	202	354	0.5047555565834045	0.2133136093616485	0.4356435643564356	0.1327683615819209	0.3590345829725265	0.0356143754984711	True	201	354	0.3293278515338897	0.2133136093616485	0.2487562189054726	0.1327683615819209	0.2713207304477691	0.0171207477586681	True	GSE131907	NS_19	0.0877138525247573	0.018493627739803	True
liana	IGFBP3_TMEM219	other	IGFBP3	TMEM219	202	354	0.5256577134132385	0.3638452291488647	0.3762376237623762	0.2231638418079096	0.4447514712810516	0.1368641359879299	True	201	354	0.3734231889247894	0.3638452291488647	0.2388059701492537	0.2231638418079096	0.3686342090368271	0.0760269711992228	True	GSE131907	NS_19	0.0761172622442245	0.060837164788707	True
liana	ITGAV+ITGB1_ADGRE5	other	ITGAV+ITGB1	ADGRE5	202	354	0.1662823110818863	0.3631242513656616	0.2128712871287128	0.2203389830508474	0.2647032812237739	0.0711465491591533	True	201	354	0.1211540326476097	0.3631242513656616	0.1044776119402985	0.2203389830508474	0.2421391420066356	0.0101063288317072	True	GSE131907	NS_19	0.0225641392171382	0.0610402203274461	True
liana	LGALS9_P4HB	other	LGALS9	P4HB	202	354	0.1686597317457199	0.5026443600654602	0.193069306930693	0.3135593220338983	0.33565204590559	0.045134731796048	True	201	354	0.1230945512652397	0.5026443600654602	0.0945273631840796	0.3135593220338983	0.3128694556653499	0.0	False	GSE131907	NS_19	0.02278259024024	0.045134731796048	True
liana	LIPA_RORA	other	LIPA	RORA	202	354	0.1137151420116424	0.4850151836872101	0.1287128712871287	0.2824858757062147	0.2993651628494262	0.0086054628547938	True	201	354	0.1112782508134841	0.4850151836872101	0.1094527363184079	0.2824858757062147	0.2981467172503471	0.0026547777254262	True	GSE131907	NS_19	0.0012184455990791	0.0059506851293675	True
liana	PODXL2_SELL	other	PODXL2	SELL	202	354	0.519085168838501	0.3515399098396301	0.504950495049505	0.2005649717514124	0.4353125393390655	0.1324039260353747	True	201	354	0.3725275695323944	0.3515399098396301	0.2736318407960199	0.2005649717514124	0.3620337396860122	0.0692783905016777	True	GSE131907	NS_19	0.0732787996530532	0.0631255355336969	True
liana	PPIA_BSG	other	PPIA	BSG	202	354	2.970747232437134	0.449550598859787	0.9752475247524752	0.2711864406779661	1.7101489156484604	0.6458442756582906	True	201	354	2.9884774684906006	0.449550598859787	0.965174129353234	0.2711864406779661	1.7190140336751938	0.6507903138352671	True	GSE131907	NS_19	-0.0088651180267333	-0.0049460381769764	True
liana	PTGES_PTGER2	other	PTGES	PTGER2	202	354	0.2038203775882721	0.2053998708724975	0.2277227722772277	0.1242937853107344	0.2046101242303848	0.0067650112637736	True	201	354	0.192412868142128	0.2053998708724975	0.154228855721393	0.1242937853107344	0.1989063695073127	0.0034944879433267	True	GSE131907	NS_19	0.005703754723072	0.0032705233204468	True
liana	PTGES_PTGER4	other	PTGES	PTGER4	202	354	0.2038203775882721	0.2526982426643371	0.2277227722772277	0.1525423728813559	0.2282593101263046	0.0142350706602834	True	201	354	0.192412868142128	0.2526982426643371	0.154228855721393	0.1525423728813559	0.2225555554032325	0.0073800042309535	True	GSE131907	NS_19	0.005703754723072	0.0068550664293299	True
liana	PTGES2_PTGER2	other	PTGES2	PTGER2	202	354	0.1745108366012573	0.2053998708724975	0.2079207920792079	0.1242937853107344	0.1899553537368774	0.0044187202963961	True	201	354	0.1301854848861694	0.2053998708724975	0.099502487562189	0.1242937853107344	0.1677926778793335	0.0	False	GSE131907	NS_19	0.0221626758575439	0.0044187202963961	True
liana	PTGES2_PTGER4	other	PTGES2	PTGER4	202	354	0.1745108366012573	0.2526982426643371	0.2079207920792079	0.1525423728813559	0.2136045396327972	0.0093222755967211	True	201	354	0.1301854848861694	0.2526982426643371	0.099502487562189	0.1525423728813559	0.1914418637752533	0.0	False	GSE131907	NS_19	0.0221626758575439	0.0093222755967211	True
liana	PTGES3_PTGER2	other	PTGES3	PTGER2	202	354	0.8609104156494141	0.2053998708724975	0.6534653465346535	0.1242937853107344	0.5331551432609558	0.0590894495647161	True	201	354	0.806939423084259	0.2053998708724975	0.5024875621890548	0.1242937853107344	0.5061696469783783	0.0510619485368384	True	GSE131907	NS_19	0.0269854962825775	0.0080275010278776	True
liana	PTGES3_PTGER4	other	PTGES3	PTGER4	202	354	0.8609104156494141	0.2526982426643371	0.6534653465346535	0.1525423728813559	0.5568043291568756	0.1175019587564999	True	201	354	0.806939423084259	0.2526982426643371	0.5024875621890548	0.1525423728813559	0.5298188328742981	0.1024025734075511	True	GSE131907	NS_19	0.0269854962825775	0.0150993853489488	True
cellchat	TGFA_EGFR	EGF	TGFA	EGFR	1722	132	0.0847029909491539	1.0295530557632446	0.102787456445993	0.5378787878787878	0.5571280233561993	0.0024289220718781	True	1722	132	0.0716236606240272	1.0295530557632446	0.086527293844367	0.5378787878787878	0.5505883581936359	0.0	False	GSE148071	P1	0.0065396651625633	0.0024289220718781	True
cellchat	AREG_EGFR	EGF	AREG	EGFR	1722	132	0.2508817911148071	1.0295530557632446	0.2154471544715447	0.5378787878787878	0.6402174234390259	0.1653487517795429	True	1722	132	0.2480906099081039	1.0295530557632446	0.2206736353077816	0.5378787878787878	0.6388218328356743	0.1711929038776776	True	GSE148071	P1	0.0013955906033515	-0.0058441520981347	True
cellchat	HBEGF_EGFR	EGF	HBEGF	EGFR	1722	132	0.5913258194923401	1.0295530557632446	0.4790940766550522	0.5378787878787878	0.8104394376277924	0.4741921885225646	True	1722	132	0.4171072542667389	1.0295530557632446	0.3728222996515679	0.5378787878787878	0.7233301550149918	0.3581633649161961	True	GSE148071	P1	0.0871092826128006	0.1160288236063685	True
cellchat	CCL5_CCR5	CCL	CCL5	CCR5	1722	132	0.218810498714447	0.1887864470481872	0.1736353077816492	0.1287878787878787	0.2037984728813171	0.0043371364890771	True	1722	132	0.2069024741649627	0.1887864470481872	0.1573751451800232	0.1287878787878787	0.197844460606575	0.0030481984919384	True	GSE148071	P1	0.0059540122747421	0.0012889379971386	True
cellchat	CXCL16_CXCR6	CXCL	CXCL16	CXCR6	1722	132	0.1128493547439575	0.1716939806938171	0.143437862950058	0.1287878787878787	0.1422716677188873	0.0014579239491605	True	1722	132	0.1057952120900154	0.1716939806938171	0.1387921022067363	0.1287878787878787	0.1387445963919162	0.0012531691926244	True	GSE148071	P1	0.003527071326971	0.0002047547565361	True
cellchat	SPP1_CD44	SPP1	SPP1	CD44	1722	132	1.321950078010559	0.6081224083900452	0.6898954703832753	0.4621212121212121	0.965036243200302	0.5617596395542434	True	1722	132	1.2441842555999756	0.6081224083900452	0.6724738675958188	0.4621212121212121	0.9261533319950104	0.5420976660321354	True	GSE148071	P1	0.0388829112052917	0.0196619735221079	True
cellchat	MDK_SDC1	MK	MDK	SDC1	1722	132	0.5086795687675476	0.1697960048913955	0.4651567944250871	0.1590909090909091	0.3392377868294716	0.0437478999176239	True	1722	132	0.4235019981861114	0.1697960048913955	0.4094076655052265	0.1590909090909091	0.2966490015387535	0.0351689500239921	True	GSE148071	P1	0.042588785290718	0.0085789498936318	True
cellchat	MDK_PTPRZ1	MK	MDK	PTPRZ1	1722	132	0.5086795687675476	0.2171855419874191	0.4651567944250871	0.1818181818181818	0.3629325553774833	0.0716197015163689	True	1722	132	0.4235019981861114	0.2171855419874191	0.4094076655052265	0.1818181818181818	0.3203437700867653	0.0579060736383477	True	GSE148071	P1	0.042588785290718	0.0137136278780212	True
cellchat	MDK_NCL	MK	MDK	NCL	1722	132	0.5086795687675476	1.904900074005127	0.4651567944250871	0.8636363636363636	1.2067898213863373	0.6222264819148356	True	1722	132	0.4235019981861114	1.904900074005127	0.4094076655052265	0.8636363636363636	1.1642010360956192	0.5675342193885009	True	GSE148071	P1	0.042588785290718	0.0546922625263347	True
cellchat	BDNF_NTRK2	NT	BDNF	NTRK2	1722	132	0.0940610095858573	0.4739695191383362	0.1091753774680604	0.3333333333333333	0.2840152643620968	0.0030138611112789	True	1722	132	0.0983019843697547	0.4739695191383362	0.1178861788617886	0.3333333333333333	0.2861357517540455	0.0062995765311962	True	GSE148071	P1	-0.0021204873919487	-0.0032857154199173	True
cellchat	LAMA3_CD44	LAMININ	LAMA3	CD44	1722	132	0.1268396377563476	0.6081224083900452	0.1504065040650406	0.4621212121212121	0.3674810230731964	0.0327591528728995	True	1722	132	0.16304811835289	0.6081224083900452	0.1823461091753774	0.4621212121212121	0.3855852633714676	0.0593688787648545	True	GSE148071	P1	-0.0181042402982711	-0.0266097258919549	True
cellchat	LAMB3_CD44	LAMININ	LAMB3	CD44	1722	132	0.7488477826118469	0.6081224083900452	0.5685249709639953	0.4621212121212121	0.678485095500946	0.4139016498623	True	1722	132	0.8781025409698486	0.6081224083900452	0.6585365853658537	0.4621212121212121	0.7431124746799469	0.4676469445542914	True	GSE148071	P1	-0.0646273791790008	-0.0537452946919914	True
cellchat	LAMC1_CD44	LAMININ	LAMC1	CD44	1722	132	0.0701028183102607	0.6081224083900452	0.0923344947735191	0.4621212121212121	0.3391126133501529	0.0	False	1722	132	0.1026527509093284	0.6081224083900452	0.1289198606271777	0.4621212121212121	0.3553875796496868	0.0164970063400478	True	GSE148071	P1	-0.0162749662995338	-0.0164970063400478	True
cellchat	APP_CD74	APP	APP	CD74	1722	132	0.1380280703306198	1.145511507987976	0.1707317073170731	0.5378787878787878	0.6417697891592979	0.0881178555860413	True	1722	132	0.1541090905666351	1.145511507987976	0.1916376306620209	0.5378787878787878	0.6498102992773056	0.1095419694746247	True	GSE148071	P1	-0.0080405101180076	-0.0214241138885833	True
cellchat	CD99_CD99	CD99	CD99	CD99	1722	132	0.5866479277610779	0.5640897750854492	0.540650406504065	0.4166666666666667	0.5753688514232635	0.3178696140872998	True	1722	132	0.5477504730224609	0.5640897750854492	0.521486643437863	0.4166666666666667	0.5559201240539551	0.298948626679074	True	GSE148071	P1	0.0194487273693084	0.0189209874082258	True
cellchat	DSC2_DSG2	DESMOSOME	DSC2	DSG2	1722	132	1.3870995044708252	0.3677649199962616	0.7903600464576074	0.2803030303030303	0.8774322122335434	0.3801252227583135	True	1722	132	1.0616999864578247	0.3677649199962616	0.7171893147502904	0.2803030303030303	0.7147324532270432	0.3140737434734454	True	GSE148071	P1	0.1626997590065002	0.0660514792848681	True
cellchat	DSC3_DSG2	DESMOSOME	DSC3	DSG2	1722	132	0.7201055884361267	0.3677649199962616	0.6091753774680604	0.2803030303030303	0.5439352542161942	0.2354357464503242	True	1722	132	0.6460406184196472	0.3677649199962616	0.5708478513356562	0.2803030303030303	0.5069027692079544	0.2124058255952065	True	GSE148071	P1	0.0370324850082397	0.0230299208551176	True
cellchat	F11R_F11R	JAM	F11R	F11R	1722	132	0.5036227107048035	0.2128551304340362	0.502903600464576	0.1818181818181818	0.3582389205694198	0.0720389197324686	True	1722	132	0.4611577093601227	0.2128551304340362	0.4814169570267131	0.1818181818181818	0.3370064198970794	0.0650419204815418	True	GSE148071	P1	0.0212325006723403	0.0069969992509268	True
cellchat	HLA-A_CD8A	MHC-I	HLA-A	CD8A	1722	132	1.2059998512268066	0.3182441294193268	0.7543554006968641	0.2121212121212121	0.7621219903230667	0.2668899045560458	True	1722	132	1.051872968673706	0.3182441294193268	0.7119628339140535	0.2121212121212121	0.6850585490465164	0.2382018319918985	True	GSE148071	P1	0.0770634412765502	0.0286880725641472	True
cellchat	HLA-B_CD8A	MHC-I	HLA-B	CD8A	1722	132	0.7361316680908203	0.3182441294193268	0.5354239256678281	0.2121212121212121	0.5271878987550735	0.1639601034246634	True	1722	132	0.6438573002815247	0.3182441294193268	0.5052264808362369	0.2121212121212121	0.4810507148504257	0.1432596393210212	True	GSE148071	P1	0.0461371839046478	0.0207004641036421	True
cellchat	HLA-C_CD8A	MHC-I	HLA-C	CD8A	1722	132	0.594149649143219	0.3182441294193268	0.4698025551684088	0.2121212121212121	0.4561968892812729	0.1311436377271701	True	1722	132	0.5045792460441589	0.3182441294193268	0.4274099883855981	0.2121212121212121	0.4114116877317428	0.1096605072493962	True	GSE148071	P1	0.04478520154953	0.0214831304777739	True
cellchat	HLA-E_CD8A	MHC-I	HLA-E	CD8A	1722	132	0.7032045125961304	0.3182441294193268	0.5656213704994193	0.2121212121212121	0.5107243210077286	0.160147563175937	True	1722	132	0.5481753349304199	0.3182441294193268	0.4825783972125435	0.2121212121212121	0.4332097321748733	0.1222086469972281	True	GSE148071	P1	0.0775145888328552	0.0379389161787089	True
cellchat	HLA-A_CD8B	MHC-I	HLA-A	CD8B	1722	132	1.2059998512268066	0.1856067031621933	0.7543554006968641	0.1363636363636363	0.6958032771945	0.0888467276533589	True	1722	132	1.051872968673706	0.1856067031621933	0.7119628339140535	0.1363636363636363	0.6187398359179497	0.0772791864750331	True	GSE148071	P1	0.0770634412765502	0.0115675411783258	True
cellchat	HLA-B_CD8B	MHC-I	HLA-B	CD8B	1722	132	0.7361316680908203	0.1856067031621933	0.5354239256678281	0.1363636363636363	0.4608691856265068	0.0499073150848896	True	1722	132	0.6438573002815247	0.1856067031621933	0.5052264808362369	0.1363636363636363	0.414732001721859	0.0428680276005447	True	GSE148071	P1	0.0461371839046478	0.0070392874843448	True
cellchat	HLA-C_CD8B	MHC-I	HLA-C	CD8B	1722	132	0.594149649143219	0.1856067031621933	0.4698025551684088	0.1363636363636363	0.3898781761527061	0.0388574327097567	True	1722	132	0.5045792460441589	0.1856067031621933	0.4274099883855981	0.1363636363636363	0.3450929746031761	0.0319363711947832	True	GSE148071	P1	0.04478520154953	0.0069210615149734	True
cellchat	HLA-E_CD8B	MHC-I	HLA-E	CD8B	1722	132	0.7032045125961304	0.1856067031621933	0.5656213704994193	0.1363636363636363	0.4444056078791618	0.0485926838095554	True	1722	132	0.5481753349304199	0.1856067031621933	0.4825783972125435	0.1363636363636363	0.3668910190463066	0.0359498685724812	True	GSE148071	P1	0.0775145888328552	0.0126428152370742	True
cellchat	NECTIN1_NECTIN4	NECTIN	NECTIN1	NECTIN4	1722	132	0.3765692710876465	0.3846611976623535	0.400116144018583	0.2575757575757575	0.380615234375	0.1123502642298455	True	1722	132	0.3237051963806152	0.3846611976623535	0.3548199767711963	0.2575757575757575	0.3541831970214844	0.0924507386183189	True	GSE148071	P1	0.0264320373535156	0.0198995256115266	True
cellchat	NECTIN2_TIGIT	NECTIN	NECTIN2	TIGIT	1722	132	0.1485821008682251	0.5415851473808289	0.1794425087108014	0.3181818181818182	0.345083624124527	0.0378834098104736	True	1722	132	0.1122067719697952	0.5415851473808289	0.1463414634146341	0.3181818181818182	0.326895959675312	0.0192218986754396	True	GSE148071	P1	0.0181876644492149	0.018661511135034	True
cellchat	JAG1_NOTCH3	NOTCH	JAG1	NOTCH3	1722	132	0.1000802144408226	0.1501492261886596	0.119047619047619	0.1136363636363636	0.1251147203147411	0.0002574622399342	True	1722	132	0.0869679674506187	0.1501492261886596	0.1103368176538908	0.1136363636363636	0.1185585968196392	0.0001284290986257	True	GSE148071	P1	0.0065561234951019	0.0001290331413084	True
cellchat	DSC2_DSG3	DESMOSOME	DSC2	DSG3	1722	132	1.3870995044708252	0.7804809212684631	0.7903600464576074	0.4318181818181818	1.0837902128696442	0.6180148039061601	True	1722	132	1.0616999864578247	0.7804809212684631	0.7171893147502904	0.4318181818181818	0.921090453863144	0.5471110873246602	True	GSE148071	P1	0.1626997590065002	0.0709037165814999	True
cellchat	DSC3_DSG3	DESMOSOME	DSC3	DSG3	1722	132	0.7201055884361267	0.7804809212684631	0.6091753774680604	0.4318181818181818	0.7502932548522949	0.4482557410084525	True	1722	132	0.6460406184196472	0.7804809212684631	0.5708478513356562	0.4318181818181818	0.7132607698440552	0.415727636845517	True	GSE148071	P1	0.0370324850082397	0.0325281041629355	True
cellchat	CLDN1_CLDN1	CLDN	CLDN1	CLDN1	1722	132	0.5830066204071045	0.2752055525779724	0.4849012775842044	0.2121212121212121	0.4291060864925384	0.1124939293349925	True	1722	132	0.4292055666446686	0.2752055525779724	0.3931475029036004	0.2121212121212121	0.3522055596113205	0.0791172177103677	True	GSE148071	P1	0.0769005268812179	0.0333767116246247	True
cellchat	GAST_ADGRG1	ADGRG	GAST	ADGRG1	1722	132	0.8604226112365723	0.4196069240570068	0.5987224157955865	0.3181818181818182	0.6400147676467896	0.302864865885637	True	1722	132	0.7231791019439697	0.4196069240570068	0.5429732868757259	0.3181818181818182	0.5713930130004883	0.2631748518813238	True	GSE148071	P1	0.0686217546463012	0.0396900140043132	True
cellchat	NRXN2_CLSTN1	NRXN	NRXN2	CLSTN1	1722	132	0.12204509973526	0.1596518158912658	0.1207897793263647	0.1666666666666666	0.1408484578132629	0.0014846156642528	True	1722	132	0.0711184218525886	0.1596518158912658	0.0743321718931475	0.1666666666666666	0.1153851188719272	0.0	False	GSE148071	P1	0.0254633389413356	0.0014846156642528	True
cellchat	PPIA_BSG	CypA	PPIA	BSG	1722	132	1.343367338180542	0.3729956448078155	0.8670150987224158	0.303030303030303	0.8581814914941788	0.4314270743333507	True	1722	132	1.3928438425064087	0.3729956448078155	0.8751451800232288	0.303030303030303	0.8829197436571121	0.4419578719429344	True	GSE148071	P1	-0.0247382521629333	-0.0105307976095836	True
liana	HLA-A_CD8A	MHC_I	HLA-A	CD8A	1722	132	1.2059998512268066	0.3182441294193268	0.7543554006968641	0.2121212121212121	0.7621219903230667	0.2668899045560458	True	1722	132	1.051872968673706	0.3182441294193268	0.7119628339140535	0.2121212121212121	0.6850585490465164	0.2382018319918985	True	GSE148071	P1	0.0770634412765502	0.0286880725641472	True
liana	HLA-A_CD8B	MHC_I	HLA-A	CD8B	1722	132	1.2059998512268066	0.1856067031621933	0.7543554006968641	0.1363636363636363	0.6958032771945	0.0888467276533589	True	1722	132	1.051872968673706	0.1856067031621933	0.7119628339140535	0.1363636363636363	0.6187398359179497	0.0772791864750331	True	GSE148071	P1	0.0770634412765502	0.0115675411783258	True
liana	HLA-B_CD8A	MHC_I	HLA-B	CD8A	1722	132	0.7361316680908203	0.3182441294193268	0.5354239256678281	0.2121212121212121	0.5271878987550735	0.1639601034246634	True	1722	132	0.6438573002815247	0.3182441294193268	0.5052264808362369	0.2121212121212121	0.4810507148504257	0.1432596393210212	True	GSE148071	P1	0.0461371839046478	0.0207004641036421	True
liana	HLA-B_CD8B	MHC_I	HLA-B	CD8B	1722	132	0.7361316680908203	0.1856067031621933	0.5354239256678281	0.1363636363636363	0.4608691856265068	0.0499073150848896	True	1722	132	0.6438573002815247	0.1856067031621933	0.5052264808362369	0.1363636363636363	0.414732001721859	0.0428680276005447	True	GSE148071	P1	0.0461371839046478	0.0070392874843448	True
liana	HLA-C_CD8A	MHC_I	HLA-C	CD8A	1722	132	0.594149649143219	0.3182441294193268	0.4698025551684088	0.2121212121212121	0.4561968892812729	0.1311436377271701	True	1722	132	0.5045792460441589	0.3182441294193268	0.4274099883855981	0.2121212121212121	0.4114116877317428	0.1096605072493962	True	GSE148071	P1	0.04478520154953	0.0214831304777739	True
liana	HLA-C_CD8B	MHC_I	HLA-C	CD8B	1722	132	0.594149649143219	0.1856067031621933	0.4698025551684088	0.1363636363636363	0.3898781761527061	0.0388574327097567	True	1722	132	0.5045792460441589	0.1856067031621933	0.4274099883855981	0.1363636363636363	0.3450929746031761	0.0319363711947832	True	GSE148071	P1	0.04478520154953	0.0069210615149734	True
liana	HLA-E_KLRD1	MHC_I	HLA-E	KLRD1	1722	132	0.7032045125961304	0.2600487172603607	0.5656213704994193	0.2121212121212121	0.4816266149282455	0.1382845412970363	True	1722	132	0.5481753349304199	0.2600487172603607	0.4825783972125435	0.2121212121212121	0.4041120260953903	0.1048781887582346	True	GSE148071	P1	0.0775145888328552	0.0334063525388016	True
liana	CCL5_CCR5	T_recruit	CCL5	CCR5	1722	132	0.218810498714447	0.1887864470481872	0.1736353077816492	0.1287878787878787	0.2037984728813171	0.0043371364890771	True	1722	132	0.2069024741649627	0.1887864470481872	0.1573751451800232	0.1287878787878787	0.197844460606575	0.0030481984919384	True	GSE148071	P1	0.0059540122747421	0.0012889379971386	True
liana	CXCL16_CXCR6	T_recruit	CXCL16	CXCR6	1722	132	0.1128493547439575	0.1716939806938171	0.143437862950058	0.1287878787878787	0.1422716677188873	0.0014579239491605	True	1722	132	0.1057952120900154	0.1716939806938171	0.1387921022067363	0.1287878787878787	0.1387445963919162	0.0012531691926244	True	GSE148071	P1	0.003527071326971	0.0002047547565361	True
liana	CXCL14_CXCR4	T_recruit_partial	CXCL14	CXCR4	1722	132	0.1951571255922317	0.2395082861185073	0.1173054587688734	0.1515151515151515	0.2173327058553695	0.0019833362845346	True	1722	132	0.3090710341930389	0.2395082861185073	0.1800232288037166	0.1515151515151515	0.2742896601557731	0.0138225672943989	True	GSE148071	P1	-0.0569569543004035	-0.0118392310098643	True
liana	APP_CD74	other	APP	CD74	1722	132	0.1380280703306198	1.145511507987976	0.1707317073170731	0.5378787878787878	0.6417697891592979	0.0881178555860413	True	1722	132	0.1541090905666351	1.145511507987976	0.1916376306620209	0.5378787878787878	0.6498102992773056	0.1095419694746247	True	GSE148071	P1	-0.0080405101180076	-0.0214241138885833	True
liana	AREG_EGFR	other	AREG	EGFR	1722	132	0.2508817911148071	1.0295530557632446	0.2154471544715447	0.5378787878787878	0.6402174234390259	0.1653487517795429	True	1722	132	0.2480906099081039	1.0295530557632446	0.2206736353077816	0.5378787878787878	0.6388218328356743	0.1711929038776776	True	GSE148071	P1	0.0013955906033515	-0.0058441520981347	True
liana	BDNF_NTRK2	other	BDNF	NTRK2	1722	132	0.0940610095858573	0.4739695191383362	0.1091753774680604	0.3333333333333333	0.2840152643620968	0.0030138611112789	True	1722	132	0.0983019843697547	0.4739695191383362	0.1178861788617886	0.3333333333333333	0.2861357517540455	0.0062995765311962	True	GSE148071	P1	-0.0021204873919487	-0.0032857154199173	True
liana	CD44_TYROBP	other	CD44	TYROBP	1722	132	0.4466912448406219	0.4703034460544586	0.4442508710801394	0.2121212121212121	0.4584973454475403	0.1229995754629505	True	1722	132	0.3732198774814605	0.4703034460544586	0.3879210220673635	0.2121212121212121	0.4217616617679596	0.0986283008298423	True	GSE148071	P1	0.0367356836795806	0.0243712746331082	True
liana	CD47_SIRPG	other	CD47	SIRPG	1722	132	0.2846686840057373	0.1718694567680359	0.3112659698025551	0.1212121212121212	0.2282690703868866	0.0106845832845131	True	1722	132	0.3068522214889526	0.1718694567680359	0.3437862950058072	0.1212121212121212	0.2393608391284942	0.0120671664216251	True	GSE148071	P1	-0.0110917687416076	-0.0013825831371119	True
liana	CD58_CD2	other	CD58	CD2	1722	132	0.2605985105037689	1.4236149787902832	0.2926829268292683	0.6590909090909091	0.8421067446470261	0.312568031832749	True	1722	132	0.2289953231811523	1.4236149787902832	0.2665505226480836	0.6590909090909091	0.8263051509857178	0.2658364424597871	True	GSE148071	P1	0.0158015936613082	0.0467315893729619	True
liana	DHCR24_RORA	other	DHCR24	RORA	1722	132	0.1424131542444229	0.2263062000274658	0.1771196283391405	0.1666666666666666	0.1843596771359443	0.0080617978618444	True	1722	132	0.1440637856721878	0.2263062000274658	0.1835075493612079	0.1666666666666666	0.1851849928498268	0.0084224622643714	True	GSE148071	P1	-0.0008253157138824	-0.000360664402527	True
liana	DHCR7_RORA	other	DHCR7	RORA	1722	132	0.0901310071349144	0.2263062000274658	0.1184668989547038	0.1666666666666666	0.1582186035811901	0.0015554139965786	True	1722	132	0.1032548993825912	0.2263062000274658	0.1283391405342624	0.1666666666666666	0.1647805497050285	0.0025117416400973	True	GSE148071	P1	-0.0065619461238384	-0.0009563276435186	True
liana	DSC2_DSG2	other	DSC2	DSG2	1722	132	1.3870995044708252	0.3677649199962616	0.7903600464576074	0.2803030303030303	0.8774322122335434	0.3801252227583135	True	1722	132	1.0616999864578247	0.3677649199962616	0.7171893147502904	0.2803030303030303	0.7147324532270432	0.3140737434734454	True	GSE148071	P1	0.1626997590065002	0.0660514792848681	True
liana	DSG2_DSC3	other	DSG2	DSC3	1722	132	0.8797510862350464	0.4141848981380462	0.6904761904761905	0.2954545454545454	0.6469679921865463	0.3095485856161099	True	1722	132	0.9674177765846252	0.4141848981380462	0.7229965156794426	0.2954545454545454	0.6908013373613358	0.3340176963582903	True	GSE148071	P1	-0.0438333451747894	-0.0244691107421804	True
liana	GAST_ADGRG1	other	GAST	ADGRG1	1722	132	0.8604226112365723	0.4196069240570068	0.5987224157955865	0.3181818181818182	0.6400147676467896	0.302864865885637	True	1722	132	0.7231791019439697	0.4196069240570068	0.5429732868757259	0.3181818181818182	0.5713930130004883	0.2631748518813238	True	GSE148071	P1	0.0686217546463012	0.0396900140043132	True
liana	HBEGF_EGFR	other	HBEGF	EGFR	1722	132	0.5913258194923401	1.0295530557632446	0.4790940766550522	0.5378787878787878	0.8104394376277924	0.4741921885225646	True	1722	132	0.4171072542667389	1.0295530557632446	0.3728222996515679	0.5378787878787878	0.7233301550149918	0.3581633649161961	True	GSE148071	P1	0.0871092826128006	0.1160288236063685	True
liana	JAG1_CD46	other	JAG1	CD46	1722	132	0.1000802144408226	0.4594975113868713	0.119047619047619	0.3560606060606061	0.2797888629138469	0.0070635493982721	True	1722	132	0.0869679674506187	0.4594975113868713	0.1103368176538908	0.3560606060606061	0.273232739418745	0.003535551628122	True	GSE148071	P1	0.0065561234951019	0.0035279977701501	True
liana	JAG1_NOTCH3	other	JAG1	NOTCH3	1722	132	0.1000802144408226	0.1501492261886596	0.119047619047619	0.1136363636363636	0.1251147203147411	0.0002574622399342	True	1722	132	0.0869679674506187	0.1501492261886596	0.1103368176538908	0.1136363636363636	0.1185585968196392	0.0001284290986257	True	GSE148071	P1	0.0065561234951019	0.0001290331413084	True
liana	LAMC1_ITGA6+ITGB1	other	LAMC1	ITGA6+ITGB1	1722	132	0.0701028183102607	0.1374419778585434	0.0923344947735191	0.1287878787878787	0.103772398084402	0.0	False	1722	132	0.1026527509093284	0.1374419778585434	0.1289198606271777	0.1287878787878787	0.1200473643839359	0.0039950957098661	True	GSE148071	P1	-0.0162749662995338	-0.0039950957098661	True
liana	MDK_PTPRZ1	other	MDK	PTPRZ1	1722	132	0.5086795687675476	0.2171855419874191	0.4651567944250871	0.1818181818181818	0.3629325553774833	0.0716197015163689	True	1722	132	0.4235019981861114	0.2171855419874191	0.4094076655052265	0.1818181818181818	0.3203437700867653	0.0579060736383477	True	GSE148071	P1	0.042588785290718	0.0137136278780212	True
liana	NECTIN1_NECTIN4	other	NECTIN1	NECTIN4	1722	132	0.3765692710876465	0.3846611976623535	0.400116144018583	0.2575757575757575	0.380615234375	0.1123502642298455	True	1722	132	0.3237051963806152	0.3846611976623535	0.3548199767711963	0.2575757575757575	0.3541831970214844	0.0924507386183189	True	GSE148071	P1	0.0264320373535156	0.0198995256115266	True
liana	NECTIN2_TIGIT	other	NECTIN2	TIGIT	1722	132	0.1485821008682251	0.5415851473808289	0.1794425087108014	0.3181818181818182	0.345083624124527	0.0378834098104736	True	1722	132	0.1122067719697952	0.5415851473808289	0.1463414634146341	0.3181818181818182	0.326895959675312	0.0192218986754396	True	GSE148071	P1	0.0181876644492149	0.018661511135034	True
liana	PPIA_BSG	other	PPIA	BSG	1722	132	1.343367338180542	0.3729956448078155	0.8670150987224158	0.303030303030303	0.8581814914941788	0.4314270743333507	True	1722	132	1.3928438425064087	0.3729956448078155	0.8751451800232288	0.303030303030303	0.8829197436571121	0.4419578719429344	True	GSE148071	P1	-0.0247382521629333	-0.0105307976095836	True
liana	SEMA4D_PTPRC	other	SEMA4D	PTPRC	1722	132	0.0952585786581039	1.0658060312271118	0.1173054587688734	0.5606060606060606	0.5805323049426079	0.0176095088050547	True	1722	132	0.0930244773626327	1.0658060312271118	0.1178861788617886	0.5606060606060606	0.5794152542948723	0.0178329013444757	True	GSE148071	P1	0.0011170506477355	-0.000223392539421	True
liana	SPP1_ITGA4+ITGB1	other	SPP1	ITGA4+ITGB1	1722	132	1.321950078010559	0.2849134504795074	0.6898954703832753	0.1893939393939394	0.8034317642450333	0.4154727382620689	True	1722	132	1.2441842555999756	0.2849134504795074	0.6724738675958188	0.1893939393939394	0.7645488530397415	0.396300762288136	True	GSE148071	P1	0.0388829112052917	0.0191719759739328	True
liana	TGFA_EGFR	other	TGFA	EGFR	1722	132	0.0847029909491539	1.0295530557632446	0.102787456445993	0.5378787878787878	0.5571280233561993	0.0024289220718781	True	1722	132	0.0716236606240272	1.0295530557632446	0.086527293844367	0.5378787878787878	0.5505883581936359	0.0	False	GSE148071	P1	0.0065396651625633	0.0024289220718781	True
cellchat	CCL5_CCR5	CCL	CCL5	CCR5	1180	54	0.2110862582921981	0.2393192201852798	0.1601694915254237	0.1851851851851851	0.225202739238739	0.0111457751701407	True	1180	54	0.1931936293840408	0.2393192201852798	0.1398305084745762	0.1851851851851851	0.2162564247846603	0.0066004055019158	True	GSE148071	P10	0.0089463144540786	0.0045453696682248	True
cellchat	SPP1_CD44	SPP1	SPP1	CD44	1180	54	1.790575385093689	0.809159517288208	0.8483050847457627	0.5370370370370371	1.2998674511909485	0.7209424003449978	True	1180	54	1.8121325969696045	0.809159517288208	0.8720338983050847	0.5370370370370371	1.3106460571289062	0.7244199661001262	True	GSE148071	P10	-0.0107786059379577	-0.0034775657551283	True
cellchat	MDK_PTPRZ1	MK	MDK	PTPRZ1	1180	54	1.4045133590698242	0.1556790471076965	0.8542372881355932	0.1111111111111111	0.7800962030887604	0.0354889211650471	True	1180	54	1.4144550561904907	0.1556790471076965	0.8584745762711864	0.1111111111111111	0.7850670516490936	0.0360108331989651	True	GSE148071	P10	-0.0049708485603332	-0.000521912033918	True
cellchat	MDK_NCL	MK	MDK	NCL	1180	54	1.4045133590698242	2.124206066131592	0.8542372881355932	0.9444444444444444	1.764359712600708	0.8628746615938176	True	1180	54	1.4144550561904907	2.124206066131592	0.8584745762711864	0.9444444444444444	1.7693305611610413	0.8646562941487425	True	GSE148071	P10	-0.0049708485603332	-0.0017816325549248	True
cellchat	PTN_PTPRZ1	PTN	PTN	PTPRZ1	1180	54	0.1399642676115036	0.1556790471076965	0.1466101694915254	0.1111111111111111	0.1478216573596	0.0008033351682279	True	1180	54	0.1761043220758438	0.1556790471076965	0.1906779661016949	0.1111111111111111	0.1658916845917701	0.001807419217922	True	GSE148071	P10	-0.0180700272321701	-0.0010040840496941	True
cellchat	PTN_NCL	PTN	PTN	NCL	1180	54	0.1399642676115036	2.124206066131592	0.1466101694915254	0.9444444444444444	1.1320851668715477	0.1208760703159163	True	1180	54	0.1761043220758438	2.124206066131592	0.1906779661016949	0.9444444444444444	1.1501551941037178	0.2364446573867447	True	GSE148071	P10	-0.0180700272321701	-0.1155685870708284	True
cellchat	COL1A1_CD44	COLLAGEN	COL1A1	CD44	1180	54	0.1099643781781196	0.809159517288208	0.1203389830508474	0.5370370370370371	0.4595619477331638	0.0162196714240942	True	1180	54	0.1106453612446785	0.809159517288208	0.1203389830508474	0.5370370370370371	0.4599024392664432	0.0157399204655363	True	GSE148071	P10	-0.0003404915332794	0.0004797509585578	True
cellchat	COL1A2_CD44	COLLAGEN	COL1A2	CD44	1180	54	0.2059921771287918	0.809159517288208	0.2271186440677966	0.5370370370370371	0.5075758472084999	0.1258579907885645	True	1180	54	0.2012479752302169	0.809159517288208	0.211864406779661	0.5370370370370371	0.5052037462592125	0.1171493638746567	True	GSE148071	P10	0.0023721009492874	0.0087086269139078	True
cellchat	COL4A2_CD44	COLLAGEN	COL4A2	CD44	1180	54	0.0635162740945816	0.809159517288208	0.0805084745762711	0.5370370370370371	0.4363378956913948	0.0	False	1180	54	0.0808998122811317	0.809159517288208	0.1033898305084745	0.5370370370370371	0.4450296647846699	0.002124735929625	True	GSE148071	P10	-0.008691769093275	-0.002124735929625	True
cellchat	LAMA3_CD44	LAMININ	LAMA3	CD44	1180	54	0.0913488864898681	0.809159517288208	0.1144067796610169	0.5370370370370371	0.4502542018890381	0.0098114849605102	True	1180	54	0.0989667847752571	0.809159517288208	0.1220338983050847	0.5370370370370371	0.4540631510317325	0.0160074927150298	True	GSE148071	P10	-0.0038089491426944	-0.0061960077545196	True
cellchat	LAMA5_CD44	LAMININ	LAMA5	CD44	1180	54	0.0962643250823021	0.809159517288208	0.1228813559322034	0.5370370370370371	0.452711921185255	0.0167137277050656	True	1180	54	0.0675573274493217	0.809159517288208	0.0847457627118644	0.5370370370370371	0.4383584223687649	0.0	False	GSE148071	P10	0.0143534988164901	0.0167137277050656	True
cellchat	LAMB1_CD44	LAMININ	LAMB1	CD44	1180	54	0.0996929109096527	0.809159517288208	0.1203389830508474	0.5370370370370371	0.4544262140989303	0.0141469436119648	True	1180	54	0.0937753319740295	0.809159517288208	0.1177966101694915	0.5370370370370371	0.4514674246311188	0.0121386254981058	True	GSE148071	P10	0.0029587894678115	0.002008318113859	True
cellchat	LAMB3_CD44	LAMININ	LAMB3	CD44	1180	54	0.383922278881073	0.809159517288208	0.3949152542372881	0.5370370370370371	0.5965408980846405	0.2971259688417214	True	1180	54	0.4548234343528747	0.809159517288208	0.4525423728813559	0.5370370370370371	0.6319914758205414	0.3482060350093102	True	GSE148071	P10	-0.0354505777359008	-0.0510800661675887	True
cellchat	LAMC1_CD44	LAMININ	LAMC1	CD44	1180	54	0.0973109900951385	0.809159517288208	0.1211864406779661	0.5370370370370371	0.4532352536916733	0.0165619629524799	True	1180	54	0.0991902574896812	0.809159517288208	0.1322033898305084	0.5370370370370371	0.4541748873889446	0.0254742973240956	True	GSE148071	P10	-0.0009396336972713	-0.0089123343716157	True
cellchat	APP_CD74	APP	APP	CD74	1180	54	0.35451740026474	1.806689739227295	0.3855932203389831	0.7777777777777778	1.0806035697460177	0.4799154130283195	True	1180	54	0.3909221291542053	1.806689739227295	0.4135593220338983	0.7777777777777778	1.09880593419075	0.5130211963839131	True	GSE148071	P10	-0.0182023644447326	-0.0331057833555935	True
cellchat	CD46_JAG1	CD46	CD46	JAG1	1180	54	0.7580239176750183	0.1570167392492294	0.6449152542372881	0.1296296296296296	0.4575203284621238	0.0467825065963654	True	1180	54	0.7421076893806458	0.1570167392492294	0.6440677966101694	0.1296296296296296	0.4495622143149376	0.0460518066184116	True	GSE148071	P10	0.0079581141471862	0.0007306999779538	True
cellchat	CD99_CD99	CD99	CD99	CD99	1180	54	0.3871102631092071	0.786997377872467	0.4084745762711864	0.5185185185185185	0.5870538204908371	0.2936192441860514	True	1180	54	0.4255918860435486	0.786997377872467	0.4423728813559322	0.5185185185185185	0.6062946319580078	0.3228510339540484	True	GSE148071	P10	-0.0192408114671707	-0.029231789767997	True
cellchat	CLEC2B_KLRB1	CLEC	CLEC2B	KLRB1	1180	54	0.4318673610687256	0.3175626099109649	0.3584745762711864	0.1851851851851851	0.3747149854898453	0.0779348180967545	True	1180	54	0.3314307332038879	0.3175626099109649	0.2957627118644068	0.1851851851851851	0.3244966715574264	0.0539600009830199	True	GSE148071	P10	0.0502183139324188	0.0239748171137345	True
cellchat	DSC2_DSG2	DESMOSOME	DSC2	DSG2	1180	54	0.4318924844264984	0.1448478400707245	0.3805084745762712	0.1111111111111111	0.2883701622486114	0.0131624567718552	True	1180	54	0.3440023064613342	0.1448478400707245	0.3508474576271186	0.1111111111111111	0.2444250732660293	0.0103645790016808	True	GSE148071	P10	0.043945088982582	0.0027978777701744	True
cellchat	DSC3_DSG2	DESMOSOME	DSC3	DSG2	1180	54	0.362524151802063	0.1448478400707245	0.3677966101694915	0.1111111111111111	0.2536859959363937	0.0113235963817955	True	1180	54	0.3674154877662658	0.1448478400707245	0.3838983050847457	0.1111111111111111	0.2561316639184952	0.0118628320426569	True	GSE148071	P10	-0.0024456679821014	-0.0005392356608614	True
cellchat	F11R_F11R	JAM	F11R	F11R	1180	54	0.4376830160617828	0.1313661783933639	0.4483050847457627	0.1111111111111111	0.2845245972275734	0.0103007888776545	True	1180	54	0.37635338306427	0.1313661783933639	0.4067796610169492	0.1111111111111111	0.253859780728817	0.0085585542095348	True	GSE148071	P10	0.0306648164987564	0.0017422346681197	True
cellchat	HLA-A_CD8A	MHC-I	HLA-A	CD8A	1180	54	1.8583548069000244	0.2535559237003326	0.9567796610169492	0.1296296296296296	1.0559553653001783	0.1771361526131358	True	1180	54	1.7740973234176636	0.2535559237003326	0.9483050847457628	0.1296296296296296	1.013826623558998	0.170959839617143	True	GSE148071	P10	0.0421287417411804	0.0061763129959928	True
cellchat	HLA-B_CD8A	MHC-I	HLA-B	CD8A	1180	54	1.6596788167953491	0.2535559237003326	0.8906779661016949	0.1296296296296296	0.9566173702478408	0.1618377222808728	True	1180	54	1.5920865535736084	0.2535559237003326	0.8864406779661017	0.1296296296296296	0.9228212386369704	0.15686046577044	True	GSE148071	P10	0.0337961316108703	0.0049772565104327	True
cellchat	HLA-C_CD8A	MHC-I	HLA-C	CD8A	1180	54	1.2663079500198364	0.2535559237003326	0.8203389830508474	0.1296296296296296	0.7599319368600845	0.1257220849277047	True	1180	54	1.2037067413330078	0.2535559237003326	0.8194915254237288	0.1296296296296296	0.7286313325166702	0.1210672729247236	True	GSE148071	P10	0.0313006043434143	0.0046548120029811	True
cellchat	HLA-E_CD8A	MHC-I	HLA-E	CD8A	1180	54	0.7969367504119873	0.2535559237003326	0.6483050847457628	0.1296296296296296	0.52524633705616	0.0773192887692244	True	1180	54	0.736257791519165	0.2535559237003326	0.6228813559322034	0.1296296296296296	0.4949068576097488	0.0709151096743715	True	GSE148071	P10	0.0303394794464111	0.0064041790948528	True
cellchat	HLA-F_CD8A	MHC-I	HLA-F	CD8A	1180	54	0.18712018430233	0.2535559237003326	0.211864406779661	0.1296296296296296	0.2203380540013313	0.0098281567971044	True	1180	54	0.138852059841156	0.2535559237003326	0.173728813559322	0.1296296296296296	0.1962039917707443	0.0054405991072993	True	GSE148071	P10	0.024134062230587	0.0043875576898051	True
cellchat	HLA-DRA_CD4	MHC-II	HLA-DRA	CD4	1180	54	0.1500220149755478	0.1253241151571273	0.1440677966101695	0.1111111111111111	0.1376730650663375	0.0010422703800232	True	1180	54	0.1524151116609573	0.1253241151571273	0.1322033898305084	0.1111111111111111	0.1388696134090423	0.0007151711173879	True	GSE148071	P10	-0.0011965483427047	0.0003270992626353	True
cellchat	HLA-DRB1_CD4	MHC-II	HLA-DRB1	CD4	1180	54	0.1408475935459137	0.1253241151571273	0.1271186440677966	0.1111111111111111	0.1330858543515205	0.0005843006585476	True	1180	54	0.1305876076221466	0.1253241151571273	0.1067796610169491	0.1111111111111111	0.127955861389637	0.0001144246908066	True	GSE148071	P10	0.0051299929618835	0.000469875967741	True
cellchat	NECTIN2_TIGIT	NECTIN	NECTIN2	TIGIT	1180	54	0.0997103676199913	0.3437463045120239	0.1220338983050847	0.2222222222222222	0.2217283360660076	0.0039325581904866	True	1180	54	0.1004976853728294	0.3437463045120239	0.1271186440677966	0.2222222222222222	0.2221219949424266	0.004722624787912	True	GSE148071	P10	-0.000393658876419	-0.0007900665974254	True
cellchat	DSC2_DSG3	DESMOSOME	DSC2	DSG3	1180	54	0.4318924844264984	0.1765630692243576	0.3805084745762712	0.1296296296296296	0.304227776825428	0.0226564872176105	True	1180	54	0.3440023064613342	0.1765630692243576	0.3508474576271186	0.1296296296296296	0.2602826878428459	0.0178770696557794	True	GSE148071	P10	0.043945088982582	0.004779417561831	True
cellchat	DSC3_DSG3	DESMOSOME	DSC3	DSG3	1180	54	0.362524151802063	0.1765630692243576	0.3677966101694915	0.1296296296296296	0.2695436105132103	0.0195174963322646	True	1180	54	0.3674154877662658	0.1765630692243576	0.3838983050847457	0.1296296296296296	0.2719892784953117	0.0204388633083213	True	GSE148071	P10	-0.0024456679821014	-0.0009213669760567	True
cellchat	CLDN1_CLDN1	CLDN	CLDN1	CLDN1	1180	54	0.8850834369659424	0.4608402252197265	0.6364406779661017	0.2962962962962963	0.6729618310928345	0.3615639204686782	True	1180	54	0.7496284246444702	0.4608402252197265	0.5694915254237288	0.2962962962962963	0.6052343249320984	0.3132149647595441	True	GSE148071	P10	0.067727506160736	0.0483489557091341	True
cellchat	CD55_ADGRE5	ADGRE	CD55	ADGRE5	1180	54	0.1073368042707443	0.5200863480567932	0.1288135593220339	0.3518518518518518	0.3137115761637687	0.0125935589186805	True	1180	54	0.1482740044593811	0.5200863480567932	0.1754237288135593	0.3518518518518518	0.3341801762580871	0.041543733948758	True	GSE148071	P10	-0.0204686000943183	-0.0289501750300774	True
cellchat	LPAR1_ADGRE5	ADGRE	LPAR1	ADGRE5	1180	54	0.1984262466430664	0.5200863480567932	0.2372881355932203	0.3518518518518518	0.3592562973499298	0.0799755948786586	True	1180	54	0.1884563118219375	0.5200863480567932	0.2296610169491525	0.3518518518518518	0.3542713299393654	0.0755686938322632	True	GSE148071	P10	0.0049849674105644	0.0044069010463953	True
cellchat	COL3A1_ADGRG1	ADGRG	COL3A1	ADGRG1	1180	54	0.0861483290791511	0.2112589627504348	0.1008474576271186	0.1481481481481481	0.148703645914793	3.992055193895045e-05	True	1180	54	0.10040183365345	0.2112589627504348	0.1110169491525423	0.1481481481481481	0.1558303982019424	0.000645351599915	True	GSE148071	P10	-0.0071267522871494	-0.000605431047976	True
cellchat	APP_SORL1	APP	APP	SORL1	1180	54	0.35451740026474	0.1358938068151474	0.3855932203389831	0.1111111111111111	0.2452056035399437	0.0086840136018282	True	1180	54	0.3909221291542053	0.1358938068151474	0.4135593220338983	0.1111111111111111	0.2634079679846763	0.0099019589711374	True	GSE148071	P10	-0.0182023644447326	-0.0012179453693091	True
cellchat	IGFBP3_TMEM219	IGFBP	IGFBP3	TMEM219	1180	54	0.6888319253921509	0.2889217734336853	0.5296610169491526	0.2222222222222222	0.4888768494129181	0.1520631014015871	True	1180	54	0.5174269080162048	0.2889217734336853	0.4398305084745763	0.2222222222222222	0.403174340724945	0.1104863793909815	True	GSE148071	P10	0.085702508687973	0.0415767220106056	True
cellchat	PPIA_BSG	CypA	PPIA	BSG	1180	54	1.7355247735977173	0.3525244295597076	0.9415254237288136	0.2777777777777778	1.0440246015787125	0.4629672456009871	True	1180	54	1.7596399784088137	0.3525244295597076	0.9457627118644067	0.2777777777777778	1.0560822039842606	0.4671781268859262	True	GSE148071	P10	-0.012057602405548	-0.004210881284939	True
cellchat	PLAU_PLAUR	PLAU	PLAU	PLAUR	1180	54	0.1526366472244262	0.1864624321460724	0.1754237288135593	0.1111111111111111	0.1695495396852493	0.0025561157200613	True	1180	54	0.1315625756978988	0.1864624321460724	0.1525423728813559	0.1111111111111111	0.1590125039219856	0.0016499686346953	True	GSE148071	P10	0.0105370357632637	0.0009061470853659	True
liana	HLA-A_CD8A	MHC_I	HLA-A	CD8A	1180	54	1.8583548069000244	0.2535559237003326	0.9567796610169492	0.1296296296296296	1.0559553653001783	0.1771361526131358	True	1180	54	1.7740973234176636	0.2535559237003326	0.9483050847457628	0.1296296296296296	1.013826623558998	0.170959839617143	True	GSE148071	P10	0.0421287417411804	0.0061763129959928	True
liana	HLA-B_CD8A	MHC_I	HLA-B	CD8A	1180	54	1.6596788167953491	0.2535559237003326	0.8906779661016949	0.1296296296296296	0.9566173702478408	0.1618377222808728	True	1180	54	1.5920865535736084	0.2535559237003326	0.8864406779661017	0.1296296296296296	0.9228212386369704	0.15686046577044	True	GSE148071	P10	0.0337961316108703	0.0049772565104327	True
liana	HLA-C_CD8A	MHC_I	HLA-C	CD8A	1180	54	1.2663079500198364	0.2535559237003326	0.8203389830508474	0.1296296296296296	0.7599319368600845	0.1257220849277047	True	1180	54	1.2037067413330078	0.2535559237003326	0.8194915254237288	0.1296296296296296	0.7286313325166702	0.1210672729247236	True	GSE148071	P10	0.0313006043434143	0.0046548120029811	True
liana	HLA-E_KLRD1	MHC_I	HLA-E	KLRD1	1180	54	0.7969367504119873	0.3004775643348694	0.6483050847457628	0.1851851851851851	0.5487071573734283	0.1741365336926256	True	1180	54	0.736257791519165	0.3004775643348694	0.6228813559322034	0.1851851851851851	0.5183676779270172	0.161113464743046	True	GSE148071	P10	0.0303394794464111	0.0130230689495795	True
liana	HLA-E_VSIR	MHC_I_partial	HLA-E	VSIR	1180	54	0.7969367504119873	0.144251748919487	0.6483050847457628	0.1111111111111111	0.4705942496657371	0.0352905826651564	True	1180	54	0.736257791519165	0.144251748919487	0.6228813559322034	0.1111111111111111	0.440254770219326	0.0322458856875985	True	GSE148071	P10	0.0303394794464111	0.0030446969775578	True
liana	HLA-F_VSIR	MHC_I_partial	HLA-F	VSIR	1180	54	0.18712018430233	0.144251748919487	0.211864406779661	0.1111111111111111	0.1656859666109085	0.004314293422089	True	1180	54	0.138852059841156	0.144251748919487	0.173728813559322	0.1111111111111111	0.1415519043803215	0.0023823525151302	True	GSE148071	P10	0.024134062230587	0.0019319409069587	True
liana	CCL5_CCR5	T_recruit	CCL5	CCR5	1180	54	0.2110862582921981	0.2393192201852798	0.1601694915254237	0.1851851851851851	0.225202739238739	0.0111457751701407	True	1180	54	0.1931936293840408	0.2393192201852798	0.1398305084745762	0.1851851851851851	0.2162564247846603	0.0066004055019158	True	GSE148071	P10	0.0089463144540786	0.0045453696682248	True
liana	CXCL14_CXCR4	T_recruit_partial	CXCL14	CXCR4	1180	54	0.2295411229133606	0.5400277376174927	0.1949152542372881	0.3518518518518518	0.3847844302654266	0.0681107968514297	True	1180	54	0.1595755666494369	0.5400277376174927	0.147457627118644	0.3518518518518518	0.3498016521334648	0.0298526371260758	True	GSE148071	P10	0.0349827781319618	0.0382581597253539	True
liana	ALCAM_CD6	other	ALCAM	CD6	1180	54	0.4221866726875305	0.1575511991977691	0.3991525423728813	0.1111111111111111	0.2898689359426498	0.0084542689365401	True	1180	54	0.4147575497627258	0.1575511991977691	0.4152542372881356	0.1111111111111111	0.2861543744802475	0.0085015433925754	True	GSE148071	P10	0.0037145614624023	-4.727445603528412e-05	True
liana	APP_CD74	other	APP	CD74	1180	54	0.35451740026474	1.806689739227295	0.3855932203389831	0.7777777777777778	1.0806035697460177	0.4799154130283195	True	1180	54	0.3909221291542053	1.806689739227295	0.4135593220338983	0.7777777777777778	1.09880593419075	0.5130211963839131	True	GSE148071	P10	-0.0182023644447326	-0.0331057833555935	True
liana	APP_SORL1	other	APP	SORL1	1180	54	0.35451740026474	0.1358938068151474	0.3855932203389831	0.1111111111111111	0.2452056035399437	0.0086840136018282	True	1180	54	0.3909221291542053	0.1358938068151474	0.4135593220338983	0.1111111111111111	0.2634079679846763	0.0099019589711374	True	GSE148071	P10	-0.0182023644447326	-0.0012179453693091	True
liana	CD320_JAML	other	CD320	JAML	1180	54	0.1149830222129821	0.3747495710849762	0.1415254237288135	0.2407407407407407	0.2448662966489792	0.012893278538591	True	1180	54	0.1642234921455383	0.3747495710849762	0.2016949152542373	0.2407407407407407	0.2694865316152572	0.0339187461294339	True	GSE148071	P10	-0.024620234966278	-0.0210254675908429	True
liana	CD44_TYROBP	other	CD44	TYROBP	1180	54	0.7494747638702393	0.6800304055213928	0.6449152542372881	0.2777777777777778	0.714752584695816	0.3835912621782368	True	1180	54	0.6969767808914185	0.6800304055213928	0.6127118644067797	0.2777777777777778	0.6885035932064056	0.3631179992466415	True	GSE148071	P10	0.0262489914894104	0.0204732629315953	True
liana	CD47_SIRPG	other	CD47	SIRPG	1180	54	0.0773825496435165	0.2570625245571136	0.1025423728813559	0.1851851851851851	0.1672225371003151	0.000210323212005	True	1180	54	0.0801194384694099	0.2570625245571136	0.109322033898305	0.1851851851851851	0.1685909815132618	0.0008386306659885	True	GSE148071	P10	-0.0013684444129467	-0.0006283074539835	True
liana	CD55_ADGRE5	other	CD55	ADGRE5	1180	54	0.1073368042707443	0.5200863480567932	0.1288135593220339	0.3518518518518518	0.3137115761637687	0.0125935589186805	True	1180	54	0.1482740044593811	0.5200863480567932	0.1754237288135593	0.3518518518518518	0.3341801762580871	0.041543733948758	True	GSE148071	P10	-0.0204686000943183	-0.0289501750300774	True
liana	CD58_CD2	other	CD58	CD2	1180	54	0.1230621337890625	1.6540971994400024	0.1533898305084745	0.7777777777777778	0.8885796666145325	0.1020503014916961	True	1180	54	0.1062113121151924	1.6540971994400024	0.1347457627118644	0.7777777777777778	0.8801542557775974	0.0623459036582003	True	GSE148071	P10	0.008425410836935	0.0397043978334957	True
liana	CEL_RORA	other	CEL	RORA	1180	54	0.1123957112431526	0.3845180869102478	0.111864406779661	0.2962962962962963	0.2484568990767002	0.0034705420243728	True	1180	54	0.0530049838125705	0.3845180869102478	0.0508474576271186	0.2962962962962963	0.2187615353614092	0.0	False	GSE148071	P10	0.029695363715291	0.0034705420243728	True
liana	COL3A1_ADGRG1	other	COL3A1	ADGRG1	1180	54	0.0861483290791511	0.2112589627504348	0.1008474576271186	0.1481481481481481	0.148703645914793	3.992055193895045e-05	True	1180	54	0.10040183365345	0.2112589627504348	0.1110169491525423	0.1481481481481481	0.1558303982019424	0.000645351599915	True	GSE148071	P10	-0.0071267522871494	-0.000605431047976	True
liana	DHCR24_RORA	other	DHCR24	RORA	1180	54	0.167303591966629	0.3845180869102478	0.2135593220338983	0.2962962962962963	0.2759108394384384	0.0434356513089666	True	1180	54	0.1347302943468094	0.3845180869102478	0.1661016949152542	0.2962962962962963	0.2596241906285286	0.0245779791669054	True	GSE148071	P10	0.0162866488099098	0.0188576721420612	True
liana	DHCR7_RORA	other	DHCR7	RORA	1180	54	0.1388333141803741	0.3845180869102478	0.1728813559322033	0.2962962962962963	0.261675700545311	0.026538058783075	True	1180	54	0.152885690331459	0.3845180869102478	0.1872881355932203	0.2962962962962963	0.2687018886208534	0.0347860388617665	True	GSE148071	P10	-0.0070261880755424	-0.0082479800786914	True
liana	DSC2_DSG2	other	DSC2	DSG2	1180	54	0.4318924844264984	0.1448478400707245	0.3805084745762712	0.1111111111111111	0.2883701622486114	0.0131624567718552	True	1180	54	0.3440023064613342	0.1448478400707245	0.3508474576271186	0.1111111111111111	0.2444250732660293	0.0103645790016808	True	GSE148071	P10	0.043945088982582	0.0027978777701744	True
liana	EFNB1_EPHB6	other	EFNB1	EPHB6	1180	54	0.1195249632000923	0.1749240159988403	0.1508474576271186	0.1296296296296296	0.1472244895994663	0.0024880862386145	True	1180	54	0.1139026805758476	0.1749240159988403	0.1432203389830508	0.1296296296296296	0.1444133482873439	0.002134762760278	True	GSE148071	P10	0.0028111413121223	0.0003533234783365	True
liana	F11R_ITGAL+ITGB2	other	F11R	ITGAL+ITGB2	1180	54	0.4376830160617828	0.3198961317539215	0.4483050847457627	0.1851851851851851	0.3787895739078522	0.1319467733033588	True	1180	54	0.37635338306427	0.3198961317539215	0.4067796610169492	0.1851851851851851	0.3481247574090957	0.1119572827232928	True	GSE148071	P10	0.0306648164987564	0.019989490580066	True
liana	IGFBP3_TMEM219	other	IGFBP3	TMEM219	1180	54	0.6888319253921509	0.2889217734336853	0.5296610169491526	0.2222222222222222	0.4888768494129181	0.1520631014015871	True	1180	54	0.5174269080162048	0.2889217734336853	0.4398305084745763	0.2222222222222222	0.403174340724945	0.1104863793909815	True	GSE148071	P10	0.085702508687973	0.0415767220106056	True
liana	ITGAV+ITGB1_ADGRE5	other	ITGAV+ITGB1	ADGRE5	1180	54	0.0917334482073783	0.5200863480567932	0.111864406779661	0.3518518518518518	0.3059098981320858	0.043916960099896	True	1180	54	0.0985498428344726	0.5200863480567932	0.1220338983050847	0.3518518518518518	0.3093180954456329	0.0659343759877811	True	GSE148071	P10	-0.0034081973135471	-0.022017415887885	True
liana	JAG1_CD46	other	JAG1	CD46	1180	54	0.2915060818195343	0.3817578852176666	0.3161016949152542	0.2777777777777778	0.3366319835186004	0.097794428902141	True	1180	54	0.2906581163406372	0.3817578852176666	0.3254237288135593	0.2777777777777778	0.3362080007791519	0.0987742642731947	True	GSE148071	P10	0.0004239827394485	-0.0009798353710537	True
liana	LIPA_RORA	other	LIPA	RORA	1180	54	0.1288093626499176	0.3845180869102478	0.1644067796610169	0.2962962962962963	0.2566637247800827	0.0233993603313313	True	1180	54	0.1301085948944091	0.3845180869102478	0.1694915254237288	0.2962962962962963	0.2573133409023285	0.0256392433158006	True	GSE148071	P10	-0.0006496161222457	-0.0022398829844692	True
liana	LPAR1_ADGRE5	other	LPAR1	ADGRE5	1180	54	0.1984262466430664	0.5200863480567932	0.2372881355932203	0.3518518518518518	0.3592562973499298	0.0799755948786586	True	1180	54	0.1884563118219375	0.5200863480567932	0.2296610169491525	0.3518518518518518	0.3542713299393654	0.0755686938322632	True	GSE148071	P10	0.0049849674105644	0.0044069010463953	True
liana	MDK_PTPRZ1	other	MDK	PTPRZ1	1180	54	1.4045133590698242	0.1556790471076965	0.8542372881355932	0.1111111111111111	0.7800962030887604	0.0354889211650471	True	1180	54	1.4144550561904907	0.1556790471076965	0.8584745762711864	0.1111111111111111	0.7850670516490936	0.0360108331989651	True	GSE148071	P10	-0.0049708485603332	-0.000521912033918	True
liana	NECTIN2_TIGIT	other	NECTIN2	TIGIT	1180	54	0.0997103676199913	0.3437463045120239	0.1220338983050847	0.2222222222222222	0.2217283360660076	0.0039325581904866	True	1180	54	0.1004976853728294	0.3437463045120239	0.1271186440677966	0.2222222222222222	0.2221219949424266	0.004722624787912	True	GSE148071	P10	-0.000393658876419	-0.0007900665974254	True
liana	PLAU_PLAUR	other	PLAU	PLAUR	1180	54	0.1526366472244262	0.1864624321460724	0.1754237288135593	0.1111111111111111	0.1695495396852493	0.0025561157200613	True	1180	54	0.1315625756978988	0.1864624321460724	0.1525423728813559	0.1111111111111111	0.1590125039219856	0.0016499686346953	True	GSE148071	P10	0.0105370357632637	0.0009061470853659	True
liana	PPIA_BSG	other	PPIA	BSG	1180	54	1.7355247735977173	0.3525244295597076	0.9415254237288136	0.2777777777777778	1.0440246015787125	0.4629672456009871	True	1180	54	1.7596399784088137	0.3525244295597076	0.9457627118644067	0.2777777777777778	1.0560822039842606	0.4671781268859262	True	GSE148071	P10	-0.012057602405548	-0.004210881284939	True
liana	PTGES_PTGER4	other	PTGES	PTGER4	1180	54	0.1382645815610885	0.2608553171157837	0.1381355932203389	0.2222222222222222	0.1995599493384361	0.0077575828070812	True	1180	54	0.091673731803894	0.2608553171157837	0.097457627118644	0.2222222222222222	0.1762645244598388	0.0	False	GSE148071	P10	0.0232954248785972	0.0077575828070812	True
liana	PTGES2_PTGER4	other	PTGES2	PTGER4	1180	54	0.3290199339389801	0.2608553171157837	0.3669491525423728	0.2222222222222222	0.2949376255273819	0.069905934673813	True	1180	54	0.3298268914222717	0.2608553171157837	0.376271186440678	0.2222222222222222	0.2953411042690277	0.0702776008660864	True	GSE148071	P10	-0.0004034787416458	-0.0003716661922733	True
liana	PTGES3_PTGER4	other	PTGES3	PTGER4	1180	54	1.132131576538086	0.2608553171157837	0.8025423728813559	0.2222222222222222	0.6964934468269348	0.2611412902264338	True	1180	54	1.2231355905532837	0.2608553171157837	0.8372881355932204	0.2222222222222222	0.7419954538345337	0.2796913469617229	True	GSE148071	P10	-0.0455020070075988	-0.018550056735289	True
liana	PTN_PTPRZ1	other	PTN	PTPRZ1	1180	54	0.1399642676115036	0.1556790471076965	0.1466101694915254	0.1111111111111111	0.1478216573596	0.0008033351682279	True	1180	54	0.1761043220758438	0.1556790471076965	0.1906779661016949	0.1111111111111111	0.1658916845917701	0.001807419217922	True	GSE148071	P10	-0.0180700272321701	-0.0010040840496941	True
liana	SPP1_ITGA4+ITGB1	other	SPP1	ITGA4+ITGB1	1180	54	1.790575385093689	0.3715700507164001	0.8483050847457627	0.2407407407407407	1.0810727179050446	0.5868806122831205	True	1180	54	1.8121325969696045	0.3715700507164001	0.8720338983050847	0.2407407407407407	1.0918513238430023	0.5910812365288142	True	GSE148071	P10	-0.0107786059379577	-0.0042006242456936	True
liana	TNC_ITGA4+ITGB1	other	TNC	ITGA4+ITGB1	1180	54	0.1042942702770233	0.3715700507164001	0.1186440677966101	0.2407407407407407	0.2379321604967117	0.0078561681640703	True	1180	54	0.1402877569198608	0.3715700507164001	0.1542372881355932	0.2407407407407407	0.2559289038181305	0.0287752130571314	True	GSE148071	P10	-0.0179967433214187	-0.0209190448930611	True
cellchat	VEGFA_VEGFR1	VEGF	VEGFA	FLT1	27	99	1.881240010261536	0.1672074794769287	0.8888888888888888	0.1212121212121212	1.0242237448692322	0.1044175581461071	True	27	99	1.6965980529785156	0.1672074794769287	0.7777777777777778	0.1212121212121212	0.9319027662277222	0.0941514491153046	True	GSE148071	P13	0.09232097864151	0.0102661090308024	True
cellchat	VEGFB_VEGFR1	VEGF	VEGFB	FLT1	27	99	0.246547594666481	0.1672074794769287	0.2962962962962963	0.1212121212121212	0.2068775370717048	0.0100109867786194	True	27	99	0.2739332318305969	0.1672074794769287	0.2222222222222222	0.1212121212121212	0.2205703556537628	0.010773979798141	True	GSE148071	P13	-0.0136928185820579	-0.0007629930195216	True
cellchat	PGF_VEGFR1	VEGF	PGF	FLT1	27	99	0.0883093401789665	0.1672074794769287	0.074074074074074	0.1212121212121212	0.1277584098279476	0.0	False	27	99	0.1302203387022018	0.1672074794769287	0.1481481481481481	0.1212121212121212	0.1487139090895652	0.0032825517450114	True	GSE148071	P13	-0.0209554992616176	-0.0032825517450114	True
cellchat	CSF1_CSF1R	CSF	CSF1	CSF1R	27	99	0.0802303254604339	0.2996122539043426	0.1111111111111111	0.1616161616161616	0.1899212896823883	0.0042267966418196	True	27	99	0.2323365360498428	0.2996122539043426	0.1851851851851851	0.1616161616161616	0.2659743949770927	0.0317364486075788	True	GSE148071	P13	-0.0760531052947044	-0.0275096519657591	True
cellchat	SPP1_CD44	SPP1	SPP1	CD44	27	99	0.1193228140473365	0.6289141178131104	0.1111111111111111	0.3333333333333333	0.3741184659302234	0.0333306234666597	True	27	99	0.1738885194063186	0.6289141178131104	0.1851851851851851	0.3333333333333333	0.4014013186097145	0.0950951019138071	True	GSE148071	P13	-0.027282852679491	-0.0617644784471474	True
cellchat	MDK_NCL	MK	MDK	NCL	27	99	1.2742797136306765	1.5157244205474854	0.7037037037037037	0.6565656565656566	1.3950020670890808	0.7899947167747299	True	27	99	1.225011944770813	1.5157244205474854	0.6296296296296297	0.6565656565656566	1.3703681826591492	0.7770481740493452	True	GSE148071	P13	0.0246338844299316	0.0129465427253846	True
cellchat	PTN_NCL	PTN	PTN	NCL	27	99	0.146861121058464	1.5157244205474854	0.1111111111111111	0.6565656565656566	0.8312927708029747	0.1162987539188804	True	27	99	0.3627034723758697	1.5157244205474854	0.2222222222222222	0.6565656565656566	0.9392139464616776	0.413275896394268	True	GSE148071	P13	-0.1079211756587028	-0.2969771424753875	True
cellchat	LGALS9_CD45	GALECTIN	LGALS9	PTPRC	27	99	0.2238790243864059	2.0808067321777344	0.2592592592592592	0.8282828282828283	1.1523428782820702	0.4080419588976849	True	27	99	0.3114044666290283	2.0808067321777344	0.2962962962962963	0.8282828282828283	1.1961055994033811	0.4949446877750381	True	GSE148071	P13	-0.0437627211213111	-0.0869027288773531	True
cellchat	LGALS9_CD44	GALECTIN	LGALS9	CD44	27	99	0.2238790243864059	0.6289141178131104	0.2592592592592592	0.3333333333333333	0.4263965710997581	0.1383885281432281	True	27	99	0.3114044666290283	0.6289141178131104	0.2962962962962963	0.3333333333333333	0.4701592922210693	0.1858967964969829	True	GSE148071	P13	-0.0437627211213111	-0.0475082683537548	True
cellchat	FN1_CD44	FN1	FN1	CD44	27	99	0.2751516103744507	0.6289141178131104	0.2592592592592592	0.3333333333333333	0.4520328640937805	0.1719582510282779	True	27	99	0.2270696759223938	0.6289141178131104	0.2592592592592592	0.3333333333333333	0.4279918968677521	0.1363402375994397	True	GSE148071	P13	0.0240409672260284	0.0356180134288381	True
cellchat	COL1A1_CD44	COLLAGEN	COL1A1	CD44	27	99	0.9788349866867064	0.6289141178131104	0.6666666666666666	0.3333333333333333	0.8038745522499084	0.4768199418780083	True	27	99	0.963532328605652	0.6289141178131104	0.5185185185185185	0.3333333333333333	0.7962232232093811	0.4691988063674447	True	GSE148071	P13	0.0076513290405273	0.0076211355105635	True
cellchat	COL4A4_CD44	COLLAGEN	COL4A4	CD44	27	99	0.1640302091836929	0.6289141178131104	0.1851851851851851	0.3333333333333333	0.3964721634984016	0.0803191761624996	True	27	99	0.1677728593349456	0.6289141178131104	0.1111111111111111	0.3333333333333333	0.398343488574028	0.0306915218118404	True	GSE148071	P13	-0.0018713250756263	0.0496276543506591	True
cellchat	COL6A1_CD44	COLLAGEN	COL6A1	CD44	27	99	0.2101214677095413	0.6289141178131104	0.2222222222222222	0.3333333333333333	0.4195177927613258	0.1076951637009516	True	27	99	0.1600206047296524	0.6289141178131104	0.2222222222222222	0.3333333333333333	0.3944673612713814	0.0968067589914301	True	GSE148071	P13	0.0250504314899444	0.0108884047095214	True
cellchat	LAMA5_CD44	LAMININ	LAMA5	CD44	27	99	0.208966851234436	0.6289141178131104	0.2592592592592592	0.3333333333333333	0.4189404845237732	0.1232002108744172	True	27	99	0.3900731801986694	0.6289141178131104	0.2962962962962963	0.3333333333333333	0.5094936490058899	0.2218271514466674	True	GSE148071	P13	-0.0905531644821167	-0.0986269405722501	True
cellchat	LAMB1_CD44	LAMININ	LAMB1	CD44	27	99	0.170183002948761	0.6289141178131104	0.2222222222222222	0.3333333333333333	0.3995485603809356	0.1076246992022581	True	27	99	0.0348089486360549	0.6289141178131104	0.037037037037037	0.3333333333333333	0.3318615332245826	0.0	False	GSE148071	P13	0.067687027156353	0.1076246992022581	True
cellchat	LAMB2_CD44	LAMININ	LAMB2	CD44	27	99	0.127712532877922	0.6289141178131104	0.1111111111111111	0.3333333333333333	0.3783133253455162	0.0328712860816621	True	27	99	0.1285353600978851	0.6289141178131104	0.1851851851851851	0.3333333333333333	0.3787247389554977	0.0664424717570688	True	GSE148071	P13	-0.0004114136099815	-0.0335711856754066	True
cellchat	LAMB3_CD44	LAMININ	LAMB3	CD44	27	99	0.8648776412010193	0.6289141178131104	0.5555555555555556	0.3333333333333333	0.7468958795070648	0.4461508204418749	True	27	99	1.1029208898544312	0.6289141178131104	0.6296296296296297	0.3333333333333333	0.8659175038337708	0.5134390598308066	True	GSE148071	P13	-0.1190216243267059	-0.0672882393889316	True
cellchat	LAMC1_CD44	LAMININ	LAMC1	CD44	27	99	0.146211564540863	0.6289141178131104	0.1851851851851851	0.3333333333333333	0.3875628411769867	0.0844714910318831	True	27	99	0.1654699891805648	0.6289141178131104	0.1481481481481481	0.3333333333333333	0.3971920534968376	0.0621025549436907	True	GSE148071	P13	-0.0096292123198509	0.0223689360881924	True
cellchat	LAMC2_CD44	LAMININ	LAMC2	CD44	27	99	0.2530597746372223	0.6289141178131104	0.2222222222222222	0.3333333333333333	0.4409869462251663	0.1411123441434157	True	27	99	0.3364177942276001	0.6289141178131104	0.2962962962962963	0.3333333333333333	0.4826659560203552	0.1992673176757259	True	GSE148071	P13	-0.0416790097951889	-0.0581549735323101	True
cellchat	THBS1_CD47	THBS	THBS1	CD47	27	99	0.5720688700675964	0.194076731801033	0.4444444444444444	0.1111111111111111	0.3830728009343147	0.0245968396104995	True	27	99	0.4610830843448639	0.194076731801033	0.3333333333333333	0.1111111111111111	0.3275799080729484	0.0168847991138154	True	GSE148071	P13	0.0554928928613662	0.0077120404966841	True
cellchat	APP_CD74	APP	APP	CD74	27	99	1.5355626344680786	2.2493326663970947	0.8148148148148148	0.6565656565656566	1.892447650432587	0.8715446648503381	True	27	99	1.4059944152832031	2.2493326663970947	0.7407407407407407	0.6565656565656566	1.827663540840149	0.857968683026848	True	GSE148071	P13	0.0647841095924377	0.01357598182349	True
cellchat	CD99_CD99	CD99	CD99	CD99	27	99	0.71479332447052	0.575589656829834	0.5555555555555556	0.3232323232323232	0.645191490650177	0.3632620788344124	True	27	99	0.4519798159599304	0.575589656829834	0.4074074074074074	0.3232323232323232	0.5137847363948822	0.2450359521026507	True	GSE148071	P13	0.1314067542552948	0.1182261267317616	True
cellchat	CLEC2D_KLRB1	CLEC	CLEC2D	KLRB1	27	99	0.1180527284741401	0.3756344616413116	0.1111111111111111	0.1616161616161616	0.2468435950577259	0.0136263696910672	True	27	99	0.0149051183834671	0.3756344616413116	0.037037037037037	0.1616161616161616	0.1952697900123894	0.0	False	GSE148071	P13	0.0515738050453364	0.0136263696910672	True
cellchat	CLEC2B_KLRB1	CLEC	CLEC2B	KLRB1	27	99	0.1730224341154098	0.3756344616413116	0.1851851851851851	0.1616161616161616	0.2743284478783607	0.0255711638223682	True	27	99	0.2635954022407532	0.3756344616413116	0.2592592592592592	0.1616161616161616	0.3196149319410324	0.0477121531604422	True	GSE148071	P13	-0.0452864840626716	-0.022140989338074	True
cellchat	CLEC2C_KLRB1	CLEC	CD69	KLRB1	27	99	0.1374842375516891	0.3756344616413116	0.1481481481481481	0.1616161616161616	0.2565593495965004	0.0223547921281812	True	27	99	0.2136885672807693	0.3756344616413116	0.1481481481481481	0.1616161616161616	0.2946615144610405	0.0192606597858773	True	GSE148071	P13	-0.0381021648645401	0.0030941323423039	True
cellchat	ICAM1_SPN	ICAM	ICAM1	SPN	27	99	1.6801233291625977	0.3499509990215301	0.925925925925926	0.1717171717171717	1.015037164092064	0.3495577198309235	True	27	99	0.9410614967346193	0.3499509990215301	0.6296296296296297	0.1717171717171717	0.6455062478780746	0.2102329652194298	True	GSE148071	P13	0.3695309162139892	0.1393247546114936	True
cellchat	F11R_F11R	JAM	F11R	F11R	27	99	0.4591773748397827	0.1600876450538635	0.3333333333333333	0.1111111111111111	0.3096325099468231	0.0169551563938239	True	27	99	0.2828057110309601	0.1600876450538635	0.2962962962962963	0.1111111111111111	0.2214466780424118	0.0094994506783203	True	GSE148071	P13	0.0881858319044113	0.0074557057155036	True
cellchat	HLA-DPA1_CD4	MHC-II	HLA-DPA1	CD4	27	99	0.1571248769760131	0.4170881807804107	0.1111111111111111	0.2525252525252525	0.287106528878212	0.026532759867599	True	27	99	0.2229582816362381	0.4170881807804107	0.1851851851851851	0.2525252525252525	0.3200232312083244	0.0490896213757462	True	GSE148071	P13	-0.0329167023301124	-0.0225568615081471	True
cellchat	HLA-DPB1_CD4	MHC-II	HLA-DPB1	CD4	27	99	0.0	0.4170881807804107	0.0	0.2525252525252525	0.2085440903902053	0.0	False	27	99	0.2452820688486099	0.4170881807804107	0.1851851851851851	0.2525252525252525	0.3311851248145103	0.060275012451294	True	GSE148071	P13	-0.1226410344243049	-0.060275012451294	True
cellchat	HLA-DMA_CD4	MHC-II	HLA-DMA	CD4	27	99	0.0711088478565216	0.4170881807804107	0.074074074074074	0.2525252525252525	0.2440985143184662	0.0	False	27	99	0.0993865355849266	0.4170881807804107	0.1481481481481481	0.2525252525252525	0.2582373581826687	0.0240130001628002	True	GSE148071	P13	-0.0141388438642025	-0.0240130001628002	True
cellchat	HLA-DQB1_CD4	MHC-II	HLA-DQB1	CD4	27	99	0.2025109380483627	0.4170881807804107	0.1851851851851851	0.2525252525252525	0.3097995594143867	0.0600707196657515	True	27	99	0.3139133751392364	0.4170881807804107	0.3333333333333333	0.2525252525252525	0.3655007779598236	0.1148300734167626	True	GSE148071	P13	-0.0557012185454368	-0.0547593537510111	True
cellchat	HLA-DRA_CD4	MHC-II	HLA-DRA	CD4	27	99	0.5122373104095459	0.4170881807804107	0.4074074074074074	0.2525252525252525	0.4646627455949783	0.1842980775450765	True	27	99	0.7645577192306519	0.4170881807804107	0.4444444444444444	0.2525252525252525	0.5908229500055313	0.2404185480077207	True	GSE148071	P13	-0.1261602044105529	-0.0561204704626442	True
cellchat	HLA-DRB1_CD4	MHC-II	HLA-DRB1	CD4	27	99	0.1502414792776107	0.4170881807804107	0.1851851851851851	0.2525252525252525	0.2836648300290108	0.0465860993546095	True	27	99	0.5240619778633118	0.4170881807804107	0.4074074074074074	0.2525252525252525	0.4705750793218612	0.1930570175539569	True	GSE148071	P13	-0.1869102492928505	-0.1464709181993473	True
cellchat	NECTIN2_TIGIT	NECTIN	NECTIN2	TIGIT	27	99	0.2147717773914337	0.5921378135681152	0.2222222222222222	0.2727272727272727	0.4034547954797745	0.0791643584076069	True	27	99	0.2898982167243957	0.5921378135681152	0.2962962962962963	0.2727272727272727	0.4410180151462555	0.1543583222926661	True	GSE148071	P13	-0.037563219666481	-0.0751939638850592	True
cellchat	PVR_TIGIT	PVR	PVR	TIGIT	27	99	0.1100111603736877	0.5921378135681152	0.1481481481481481	0.2727272727272727	0.3510744869709015	0.0415232185018876	True	27	99	0.1045376881957054	0.5921378135681152	0.1481481481481481	0.2727272727272727	0.3483377508819103	0.0433361252780969	True	GSE148071	P13	0.0027367360889911	-0.0018129067762092	True
cellchat	CLDN1_CLDN1	CLDN	CLDN1	CLDN1	27	99	0.1121707037091255	0.2534838318824768	0.1481481481481481	0.1313131313131313	0.1828272677958011	0.0061865601080194	True	27	99	0.1312557607889175	0.2534838318824768	0.1851851851851851	0.1313131313131313	0.1923697963356971	0.0078905052551186	True	GSE148071	P13	-0.009542528539896	-0.0017039451470992	True
cellchat	CD55_ADGRE5	ADGRE	CD55	ADGRE5	27	99	1.128642439842224	0.2991260290145874	0.7777777777777778	0.1717171717171717	0.7138842344284058	0.2221800329614759	True	27	99	0.822759747505188	0.2991260290145874	0.5555555555555556	0.1717171717171717	0.5609428882598877	0.1602743309319751	True	GSE148071	P13	0.152941346168518	0.0619057020295008	True
cellchat	LPAR2_ADGRE5	ADGRE	LPAR2	ADGRE5	27	99	0.0152294849976897	0.2991260290145874	0.037037037037037	0.1717171717171717	0.1571777570061385	0.0	False	27	99	0.1004928722977638	0.2991260290145874	0.1111111111111111	0.1717171717171717	0.1998094506561756	0.0096214187922598	True	GSE148071	P13	-0.042631693650037	-0.0096214187922598	True
cellchat	LPAR3_ADGRE5	ADGRE	LPAR3	ADGRE5	27	99	0.0736070200800895	0.2991260290145874	0.074074074074074	0.1717171717171717	0.1863665245473384	0.0	False	27	99	0.2016575038433075	0.2991260290145874	0.1851851851851851	0.1717171717171717	0.2503917664289474	0.0280486817407855	True	GSE148071	P13	-0.0640252418816089	-0.0280486817407855	True
cellchat	APP_SORL1	APP	APP	SORL1	27	99	1.5355626344680786	0.1995071321725845	0.8148148148148148	0.101010101010101	0.8675348833203316	0.0543701697513415	True	27	99	1.4059944152832031	0.1995071321725845	0.7407407407407407	0.101010101010101	0.8027507737278938	0.0486976404488137	True	GSE148071	P13	0.0647841095924377	0.0056725293025278	True
cellchat	IGFBP3_TMEM219	IGFBP	IGFBP3	TMEM219	27	99	0.7826374769210815	0.1971144676208496	0.4814814814814814	0.1313131313131313	0.4898759722709656	0.0590530057177097	True	27	99	0.7556038498878479	0.1971144676208496	0.3703703703703703	0.1313131313131313	0.4763591587543487	0.0527723259723933	True	GSE148071	P13	0.0135168135166168	0.0062806797453163	True
cellchat	LGALS9_P4HB	GALECTIN	LGALS9	P4HB	27	99	0.2238790243864059	0.2973285913467407	0.2592592592592592	0.202020202020202	0.2606038078665733	0.0502292627875051	True	27	99	0.3114044666290283	0.2973285913467407	0.2962962962962963	0.202020202020202	0.3043665289878845	0.0699290942246884	True	GSE148071	P13	-0.0437627211213111	-0.0196998314371833	True
cellchat	PPIA_BSG	CypA	PPIA	BSG	27	99	1.994807243347168	0.2913981974124908	0.925925925925926	0.1616161616161616	1.1431027203798294	0.3496862887027795	True	27	99	1.713556170463562	0.2913981974124908	0.8148148148148148	0.1616161616161616	1.0024771839380264	0.310425709033683	True	GSE148071	P13	0.1406255364418029	0.0392605796690965	True
liana	CXCL14_CXCR4	T_recruit_partial	CXCL14	CXCR4	27	99	1.152900218963623	0.3308964073657989	0.4074074074074074	0.1818181818181818	0.741898313164711	0.2252748337466048	True	27	99	0.7059081196784973	0.3308964073657989	0.2962962962962963	0.1818181818181818	0.5184022635221481	0.1271878223360292	True	GSE148071	P13	0.2234960496425628	0.0980870114105756	True
liana	APP_CD74	other	APP	CD74	27	99	1.5355626344680786	2.2493326663970947	0.8148148148148148	0.6565656565656566	1.892447650432587	0.8715446648503381	True	27	99	1.4059944152832031	2.2493326663970947	0.7407407407407407	0.6565656565656566	1.827663540840149	0.857968683026848	True	GSE148071	P13	0.0647841095924377	0.01357598182349	True
liana	APP_SORL1	other	APP	SORL1	27	99	1.5355626344680786	0.1995071321725845	0.8148148148148148	0.101010101010101	0.8675348833203316	0.0543701697513415	True	27	99	1.4059944152832031	0.1995071321725845	0.7407407407407407	0.101010101010101	0.8027507737278938	0.0486976404488137	True	GSE148071	P13	0.0647841095924377	0.0056725293025278	True
liana	CD320_JAML	other	CD320	JAML	27	99	0.2117044478654861	0.2598022818565368	0.1481481481481481	0.1616161616161616	0.2357533648610115	0.0187125697156456	True	27	99	0.215876042842865	0.2598022818565368	0.2222222222222222	0.1616161616161616	0.2378391623497009	0.0248918025311679	True	GSE148071	P13	-0.0020857974886894	-0.0061792328155222	True
liana	CD44_TYROBP	other	CD44	TYROBP	27	99	0.442693144083023	0.9953867793083192	0.3703703703703703	0.3535353535353535	0.7190399616956711	0.3738911448313416	True	27	99	0.5818224549293518	0.9953867793083192	0.4814814814814814	0.3535353535353535	0.7886046171188354	0.4525656587653205	True	GSE148071	P13	-0.0695646554231643	-0.0786745139339789	True
liana	CD55_ADGRE5	other	CD55	ADGRE5	27	99	1.128642439842224	0.2991260290145874	0.7777777777777778	0.1717171717171717	0.7138842344284058	0.2221800329614759	True	27	99	0.822759747505188	0.2991260290145874	0.5555555555555556	0.1717171717171717	0.5609428882598877	0.1602743309319751	True	GSE148071	P13	0.152941346168518	0.0619057020295008	True
liana	CD58_CD2	other	CD58	CD2	27	99	0.1867868453264236	1.8273296356201167	0.2222222222222222	0.7575757575757576	1.0070582404732704	0.285282318490157	True	27	99	0.0832648798823356	1.8273296356201167	0.1111111111111111	0.7575757575757576	0.9552972577512264	0.0860903667108266	True	GSE148071	P13	0.0517609827220439	0.1991919517793303	True
liana	CSF1_CSF1R	other	CSF1	CSF1R	27	99	0.0802303254604339	0.2996122539043426	0.1111111111111111	0.1616161616161616	0.1899212896823883	0.0042267966418196	True	27	99	0.2323365360498428	0.2996122539043426	0.1851851851851851	0.1616161616161616	0.2659743949770927	0.0317364486075788	True	GSE148071	P13	-0.0760531052947044	-0.0275096519657591	True
liana	DHCR24_RORA	other	DHCR24	RORA	27	99	0.7279462218284607	0.3031236827373504	0.4074074074074074	0.1515151515151515	0.5155349522829056	0.132335568935172	True	27	99	0.7432824373245239	0.3031236827373504	0.6296296296296297	0.1515151515151515	0.5232030600309372	0.1480767850167395	True	GSE148071	P13	-0.0076681077480316	-0.0157412160815675	True
liana	DHCR7_RORA	other	DHCR7	RORA	27	99	0.2647503912448883	0.3031236827373504	0.2592592592592592	0.1515151515151515	0.2839370369911194	0.0457908148557022	True	27	99	0.0678403079509735	0.3031236827373504	0.074074074074074	0.1515151515151515	0.185481995344162	0.0	False	GSE148071	P13	0.0984550416469574	0.0457908148557022	True
liana	FN1_ITGA4+ITGB1	other	FN1	ITGA4+ITGB1	27	99	0.2751516103744507	0.2730245590209961	0.2592592592592592	0.1717171717171717	0.2740880846977234	0.0975207646820092	True	27	99	0.2270696759223938	0.2730245590209961	0.2592592592592592	0.1717171717171717	0.2500471174716949	0.075907695724398	True	GSE148071	P13	0.0240409672260284	0.0216130689576112	True
liana	ICAM1_SPN	other	ICAM1	SPN	27	99	1.6801233291625977	0.3499509990215301	0.925925925925926	0.1717171717171717	1.015037164092064	0.3495577198309235	True	27	99	0.9410614967346193	0.3499509990215301	0.6296296296296297	0.1717171717171717	0.6455062478780746	0.2102329652194298	True	GSE148071	P13	0.3695309162139892	0.1393247546114936	True
liana	IGFBP3_TMEM219	other	IGFBP3	TMEM219	27	99	0.7826374769210815	0.1971144676208496	0.4814814814814814	0.1313131313131313	0.4898759722709656	0.0590530057177097	True	27	99	0.7556038498878479	0.1971144676208496	0.3703703703703703	0.1313131313131313	0.4763591587543487	0.0527723259723933	True	GSE148071	P13	0.0135168135166168	0.0062806797453163	True
liana	ITGAV+ITGB1_ADGRE5	other	ITGAV+ITGB1	ADGRE5	27	99	0.3949061632156372	0.2991260290145874	0.3703703703703703	0.1717171717171717	0.3470160961151123	0.1164617731368509	True	27	99	0.4114718735218048	0.2991260290145874	0.3703703703703703	0.1717171717171717	0.3552989512681961	0.1127269203865212	True	GSE148071	P13	-0.0082828551530838	0.0037348527503297	True
liana	LGALS9_P4HB	other	LGALS9	P4HB	27	99	0.2238790243864059	0.2973285913467407	0.2592592592592592	0.202020202020202	0.2606038078665733	0.0502292627875051	True	27	99	0.3114044666290283	0.2973285913467407	0.2962962962962963	0.202020202020202	0.3043665289878845	0.0699290942246884	True	GSE148071	P13	-0.0437627211213111	-0.0196998314371833	True
liana	LIPA_RORA	other	LIPA	RORA	27	99	0.0666260421276092	0.3031236827373504	0.074074074074074	0.1515151515151515	0.1848748624324798	0.0	False	27	99	0.0864953622221946	0.3031236827373504	0.1111111111111111	0.1515151515151515	0.1948095224797725	0.0061165743479299	True	GSE148071	P13	-0.0099346600472927	-0.0061165743479299	True
liana	LPAR2_ADGRE5	other	LPAR2	ADGRE5	27	99	0.0152294849976897	0.2991260290145874	0.037037037037037	0.1717171717171717	0.1571777570061385	0.0	False	27	99	0.1004928722977638	0.2991260290145874	0.1111111111111111	0.1717171717171717	0.1998094506561756	0.0096214187922598	True	GSE148071	P13	-0.042631693650037	-0.0096214187922598	True
liana	LPAR3_ADGRE5	other	LPAR3	ADGRE5	27	99	0.0736070200800895	0.2991260290145874	0.074074074074074	0.1717171717171717	0.1863665245473384	0.0	False	27	99	0.2016575038433075	0.2991260290145874	0.1851851851851851	0.1717171717171717	0.2503917664289474	0.0280486817407855	True	GSE148071	P13	-0.0640252418816089	-0.0280486817407855	True
liana	NECTIN2_TIGIT	other	NECTIN2	TIGIT	27	99	0.2147717773914337	0.5921378135681152	0.2222222222222222	0.2727272727272727	0.4034547954797745	0.0791643584076069	True	27	99	0.2898982167243957	0.5921378135681152	0.2962962962962963	0.2727272727272727	0.4410180151462555	0.1543583222926661	True	GSE148071	P13	-0.037563219666481	-0.0751939638850592	True
liana	PGF_FLT1	other	PGF	FLT1	27	99	0.0883093401789665	0.1672074794769287	0.074074074074074	0.1212121212121212	0.1277584098279476	0.0	False	27	99	0.1302203387022018	0.1672074794769287	0.1481481481481481	0.1212121212121212	0.1487139090895652	0.0032825517450114	True	GSE148071	P13	-0.0209554992616176	-0.0032825517450114	True
liana	PLAUR_ITGA4+ITGB1	other	PLAUR	ITGA4+ITGB1	27	99	0.3559061586856842	0.2730245590209961	0.3333333333333333	0.1717171717171717	0.3144653588533401	0.1231915724263919	True	27	99	0.2975665330886841	0.2730245590209961	0.3703703703703703	0.1717171717171717	0.2852955460548401	0.1147151760302357	True	GSE148071	P13	0.0291698127985	0.0084763963961561	True
liana	PODXL_SELL	other	PODXL	SELL	27	99	0.1147677302360534	0.2796669602394104	0.1111111111111111	0.1313131313131313	0.1972173452377319	0.0030193169920452	True	27	99	0.0603155754506588	0.2796669602394104	0.074074074074074	0.1313131313131313	0.1699912678450346	0.0	False	GSE148071	P13	0.0272260773926973	0.0030193169920452	True
liana	PODXL2_SELL	other	PODXL2	SELL	27	99	0.1628769487142563	0.2796669602394104	0.1851851851851851	0.1313131313131313	0.2212719544768333	0.0157161545217157	True	27	99	0.0326928459107875	0.2796669602394104	0.037037037037037	0.1313131313131313	0.156179903075099	0.0	False	GSE148071	P13	0.0650920514017343	0.0157161545217157	True
liana	PPIA_BSG	other	PPIA	BSG	27	99	1.994807243347168	0.2913981974124908	0.925925925925926	0.1616161616161616	1.1431027203798294	0.3496862887027795	True	27	99	1.713556170463562	0.2913981974124908	0.8148148148148148	0.1616161616161616	1.0024771839380264	0.310425709033683	True	GSE148071	P13	0.1406255364418029	0.0392605796690965	True
liana	PTGES_PTGER4	other	PTGES	PTGER4	27	99	0.0840405896306037	0.2660439312458038	0.1111111111111111	0.1414141414141414	0.1750422604382038	0.0048006358158994	True	27	99	0.0219518393278121	0.2660439312458038	0.037037037037037	0.1414141414141414	0.143997885286808	0.0	False	GSE148071	P13	0.0310443751513957	0.0048006358158994	True
liana	PTGES2_PTGER4	other	PTGES2	PTGER4	27	99	0.1358762830495834	0.2660439312458038	0.1111111111111111	0.1414141414141414	0.2009601071476936	0.0061573172749448	True	27	99	0.027622727677226	0.2660439312458038	0.037037037037037	0.1414141414141414	0.1468333294615149	0.0	False	GSE148071	P13	0.0541267776861786	0.0061573172749448	True
liana	PTGES3_PTGER4	other	PTGES3	PTGER4	27	99	0.5236740708351135	0.2660439312458038	0.5185185185185185	0.1414141414141414	0.3948590010404587	0.0768445320903321	True	27	99	0.2670920193195343	0.2660439312458038	0.2962962962962963	0.1414141414141414	0.266567975282669	0.0348730473035703	True	GSE148071	P13	0.1282910257577896	0.0419714847867617	True
liana	PVR_CD96	other	PVR	CD96	27	99	0.1100111603736877	0.4020254015922546	0.1481481481481481	0.2121212121212121	0.2560182809829712	0.0256247923608965	True	27	99	0.1045376881957054	0.4020254015922546	0.1481481481481481	0.2121212121212121	0.25328154489398	0.0267629543452445	True	GSE148071	P13	0.0027367360889911	-0.001138161984348	True
liana	PVR_TIGIT	other	PVR	TIGIT	27	99	0.1100111603736877	0.5921378135681152	0.1481481481481481	0.2727272727272727	0.3510744869709015	0.0415232185018876	True	27	99	0.1045376881957054	0.5921378135681152	0.1481481481481481	0.2727272727272727	0.3483377508819103	0.0433361252780969	True	GSE148071	P13	0.0027367360889911	-0.0018129067762092	True
liana	SPP1_ITGA4+ITGB1	other	SPP1	ITGA4+ITGB1	27	99	0.1193228140473365	0.2730245590209961	0.1111111111111111	0.1717171717171717	0.1961736865341663	0.0176251095333736	True	27	99	0.1738885194063186	0.2730245590209961	0.1851851851851851	0.1717171717171717	0.2234565392136573	0.0518468975795998	True	GSE148071	P13	-0.027282852679491	-0.0342217880462261	True
liana	TNC_ITGA4+ITGB1	other	TNC	ITGA4+ITGB1	27	99	0.7896564602851868	0.2730245590209961	0.5185185185185185	0.1717171717171717	0.5313405096530914	0.2649569924387575	True	27	99	0.462669163942337	0.2730245590209961	0.3703703703703703	0.1717171717171717	0.3678468614816665	0.1578154324812032	True	GSE148071	P13	0.1634936481714248	0.1071415599575543	True
liana	VEGFA_FLT1	other	VEGFA	FLT1	27	99	1.881240010261536	0.1672074794769287	0.8888888888888888	0.1212121212121212	1.0242237448692322	0.1044175581461071	True	27	99	1.6965980529785156	0.1672074794769287	0.7777777777777778	0.1212121212121212	0.9319027662277222	0.0941514491153046	True	GSE148071	P13	0.09232097864151	0.0102661090308024	True
liana	VEGFB_FLT1	other	VEGFB	FLT1	27	99	0.246547594666481	0.1672074794769287	0.2962962962962963	0.1212121212121212	0.2068775370717048	0.0100109867786194	True	27	99	0.2739332318305969	0.1672074794769287	0.2222222222222222	0.1212121212121212	0.2205703556537628	0.010773979798141	True	GSE148071	P13	-0.0136928185820579	-0.0007629930195216	True
cellchat	CCL5_CCR1	CCL	CCL5	CCR1	744	62	0.3752945065498352	0.2404017299413681	0.2096774193548387	0.1451612903225806	0.3078481182456016	0.0157777630149538	True	744	62	0.4401876926422119	0.2404017299413681	0.2150537634408602	0.1451612903225806	0.34029471129179	0.0200320869190281	True	GSE148071	P18	-0.0324465930461883	-0.0042543239040743	True
cellchat	CCL5_CCR5	CCL	CCL5	CCR5	744	62	0.3752945065498352	0.280887633562088	0.2096774193548387	0.1774193548387097	0.3280910700559616	0.035728008490372	True	744	62	0.4401876926422119	0.280887633562088	0.2150537634408602	0.1774193548387097	0.3605376631021499	0.0451151438898965	True	GSE148071	P18	-0.0324465930461883	-0.0093871353995245	True
cellchat	CXCL16_CXCR6	CXCL	CXCL16	CXCR6	744	62	0.1499059349298477	0.2938546538352966	0.1088709677419354	0.2096774193548387	0.2218802943825721	0.0018273726768099	True	744	62	0.0705324485898017	0.2938546538352966	0.0524193548387096	0.2096774193548387	0.1821935512125492	0.0	False	GSE148071	P18	0.0396867431700229	0.0018273726768099	True
cellchat	SPP1_CD44	SPP1	SPP1	CD44	744	62	1.708223581314087	0.6875157952308655	0.6424731182795699	0.4193548387096774	1.1978696882724762	0.6487573570972887	True	744	62	2.0505411624908447	0.6875157952308655	0.7298387096774194	0.4193548387096774	1.369028478860855	0.6984718227328277	True	GSE148071	P18	-0.1711587905883789	-0.049714465635539	True
cellchat	MDK_NCL	MK	MDK	NCL	744	62	0.4980105459690094	1.756582736968994	0.2661290322580645	0.8225806451612904	1.1272966414690018	0.5307428217681812	True	744	62	0.1998017281293869	1.756582736968994	0.1196236559139785	0.8225806451612904	0.9781922325491904	0.0649076244603868	True	GSE148071	P18	0.1491044089198112	0.4658351973077943	True
cellchat	LAMB1_CD44	LAMININ	LAMB1	CD44	744	62	0.1669768393039703	0.6875157952308655	0.1626344086021505	0.4193548387096774	0.4272463172674179	0.0510018346559126	True	744	62	0.2377519458532333	0.6875157952308655	0.200268817204301	0.4193548387096774	0.4626338705420494	0.0974743234350322	True	GSE148071	P18	-0.0353875532746315	-0.0464724887791195	True
cellchat	LAMB3_CD44	LAMININ	LAMB3	CD44	744	62	0.1859561800956726	0.6875157952308655	0.1397849462365591	0.4193548387096774	0.436735987663269	0.0344680131762945	True	744	62	0.1422894597053527	0.6875157952308655	0.0967741935483871	0.4193548387096774	0.4149026274681091	0.0	False	GSE148071	P18	0.0218333601951599	0.0344680131762945	True
cellchat	APP_CD74	APP	APP	CD74	744	62	0.1966686397790908	1.905438542366028	0.168010752688172	0.8225806451612904	1.0510535910725594	0.1721540471149746	True	744	62	0.1876598000526428	1.905438542366028	0.146505376344086	0.8225806451612904	1.046549171209335	0.1148764513730983	True	GSE148071	P18	0.004504419863224	0.0572775957418762	True
cellchat	CD99_CD99	CD99	CD99	CD99	744	62	0.4557392597198486	0.8082099556922913	0.3373655913978494	0.4516129032258064	0.63197460770607	0.3073901520157995	True	744	62	0.3508843183517456	0.8082099556922913	0.2580645161290322	0.4516129032258064	0.5795471370220184	0.2113908878806173	True	GSE148071	P18	0.0524274706840515	0.0959992641351821	True
cellchat	CLEC2B_KLRB1	CLEC	CLEC2B	KLRB1	744	62	0.352209061384201	0.2986619174480438	0.2137096774193548	0.1774193548387097	0.3254354894161224	0.0454013124709652	True	744	62	0.2901554405689239	0.2986619174480438	0.1666666666666666	0.1774193548387097	0.2944086790084839	0.0254141190583123	True	GSE148071	P18	0.0310268104076385	0.0199871934126528	True
cellchat	ICAM1_ITGAL	ICAM	ICAM1	ITGAL	744	62	0.2318001389503479	0.1800358742475509	0.1962365591397849	0.1290322580645161	0.2059180065989494	0.0070572827079305	True	744	62	0.2413803488016128	0.1800358742475509	0.1760752688172043	0.1290322580645161	0.2107081115245819	0.0062327656423925	True	GSE148071	P18	-0.0047901049256324	0.0008245170655379	True
cellchat	ICAM1_SPN	ICAM	ICAM1	SPN	744	62	0.2318001389503479	0.3013442456722259	0.1962365591397849	0.1935483870967742	0.2665721923112869	0.023682149967724	True	744	62	0.2413803488016128	0.3013442456722259	0.1760752688172043	0.1935483870967742	0.2713622972369194	0.0209563080813177	True	GSE148071	P18	-0.0047901049256324	0.0027258418864062	True
cellchat	HLA-A_CD8A	MHC-I	HLA-A	CD8A	744	62	2.1652963161468506	0.6916424632072449	0.8763440860215054	0.4032258064516129	1.4284693896770475	0.7205155102363099	True	744	62	2.124150037765503	0.6916424632072449	0.8669354838709677	0.4032258064516129	1.407896250486374	0.7165007947948712	True	GSE148071	P18	0.0205731391906738	0.0040147154414387	True
cellchat	HLA-B_CD8A	MHC-I	HLA-B	CD8A	744	62	1.0347360372543335	0.6916424632072449	0.5873655913978495	0.4032258064516129	0.8631892502307892	0.5189373802278985	True	744	62	1.0033507347106934	0.6916424632072449	0.5672043010752689	0.4032258064516129	0.8474965989589691	0.5108818407767896	True	GSE148071	P18	0.01569265127182	0.0080555394511089	True
cellchat	HLA-C_CD8A	MHC-I	HLA-C	CD8A	744	62	1.1594921350479126	0.6916424632072449	0.6626344086021505	0.4032258064516129	0.9255672991275788	0.5577629969327603	True	744	62	1.088515281677246	0.6916424632072449	0.6129032258064516	0.4032258064516129	0.8900788724422455	0.5380091411098077	True	GSE148071	P18	0.0354884266853332	0.0197538558229526	True
cellchat	HLA-E_CD8A	MHC-I	HLA-E	CD8A	744	62	0.8254752159118652	0.6916424632072449	0.5147849462365591	0.4032258064516129	0.758558839559555	0.447386927581293	True	744	62	0.6941964030265808	0.6916424632072449	0.428763440860215	0.4032258064516129	0.6929194331169128	0.3861125411736684	True	GSE148071	P18	0.0656394064426422	0.0612743864076245	True
cellchat	HLA-F_CD8A	MHC-I	HLA-F	CD8A	744	62	0.1318060159683227	0.6916424632072449	0.1276881720430107	0.4032258064516129	0.4117242395877838	0.0173523242237921	True	744	62	0.0984356552362442	0.6916424632072449	0.086021505376344	0.4032258064516129	0.3950390592217445	0.0	False	GSE148071	P18	0.0166851803660392	0.0173523242237921	True
cellchat	HLA-A_CD8B	MHC-I	HLA-A	CD8B	744	62	2.1652963161468506	0.3687727451324463	0.8763440860215054	0.2096774193548387	1.2670345306396484	0.4687885206988927	True	744	62	2.124150037765503	0.3687727451324463	0.8669354838709677	0.2096774193548387	1.2464613914489746	0.4638485537999576	True	GSE148071	P18	0.0205731391906738	0.0049399668989351	True
cellchat	HLA-B_CD8B	MHC-I	HLA-B	CD8B	744	62	1.0347360372543335	0.3687727451324463	0.5873655913978495	0.2096774193548387	0.7017543911933899	0.2696807672553371	True	744	62	1.0033507347106934	0.3687727451324463	0.5672043010752689	0.2096774193548387	0.6860617399215698	0.2633761073639222	True	GSE148071	P18	0.01569265127182	0.0063046598914148	True
cellchat	HLA-C_CD8B	MHC-I	HLA-C	CD8B	744	62	1.1594921350479126	0.3687727451324463	0.6626344086021505	0.2096774193548387	0.7641324400901794	0.3015473345765339	True	744	62	1.088515281677246	0.3687727451324463	0.6129032258064516	0.2096774193548387	0.7286440134048462	0.2850194013596718	True	GSE148071	P18	0.0354884266853332	0.016527933216862	True
cellchat	HLA-E_CD8B	MHC-I	HLA-E	CD8B	744	62	0.8254752159118652	0.3687727451324463	0.5147849462365591	0.2096774193548387	0.5971239805221558	0.2169953280571547	True	744	62	0.6941964030265808	0.3687727451324463	0.428763440860215	0.2096774193548387	0.5314845740795135	0.1771595854557595	True	GSE148071	P18	0.0656394064426422	0.0398357426013952	True
cellchat	HLA-F_CD8B	MHC-I	HLA-F	CD8B	744	62	0.1318060159683227	0.3687727451324463	0.1276881720430107	0.2096774193548387	0.2502893805503845	0.0060085044264691	True	744	62	0.0984356552362442	0.3687727451324463	0.086021505376344	0.2096774193548387	0.2336042001843452	0.0	False	GSE148071	P18	0.0166851803660392	0.0060085044264691	True
cellchat	CD55_ADGRE5	ADGRE	CD55	ADGRE5	744	62	1.0205903053283691	0.3782547414302826	0.5913978494623656	0.2096774193548387	0.6994225233793259	0.2664542526704931	True	744	62	1.0094337463378906	0.3782547414302826	0.5577956989247311	0.2096774193548387	0.6938442438840866	0.2652484441579406	True	GSE148071	P18	0.0055782794952392	0.0012058085125524	True
cellchat	IGFBP3_TMEM219	IGFBP	IGFBP3	TMEM219	744	62	1.0876225233078003	0.5347504615783691	0.5779569892473119	0.3064516129032258	0.8111864924430847	0.4434656333310471	True	744	62	1.1114275455474854	0.5347504615783691	0.5658602150537635	0.3064516129032258	0.8230890035629272	0.4498798902146245	True	GSE148071	P18	-0.0119025111198425	-0.0064142568835774	True
cellchat	PPIA_BSG	CypA	PPIA	BSG	744	62	1.606956124305725	0.4041760265827179	0.7634408602150538	0.2580645161290322	1.0055660754442215	0.4785340295973042	True	744	62	1.4926151037216189	0.4041760265827179	0.7083333333333334	0.2580645161290322	0.9483955651521684	0.455276176972445	True	GSE148071	P18	0.0571705102920532	0.0232578526248592	True
liana	HLA-A_CD8A	MHC_I	HLA-A	CD8A	744	62	2.1652963161468506	0.6916424632072449	0.8763440860215054	0.4032258064516129	1.4284693896770475	0.7205155102363099	True	744	62	2.124150037765503	0.6916424632072449	0.8669354838709677	0.4032258064516129	1.407896250486374	0.7165007947948712	True	GSE148071	P18	0.0205731391906738	0.0040147154414387	True
liana	HLA-A_CD8B	MHC_I	HLA-A	CD8B	744	62	2.1652963161468506	0.3687727451324463	0.8763440860215054	0.2096774193548387	1.2670345306396484	0.4687885206988927	True	744	62	2.124150037765503	0.3687727451324463	0.8669354838709677	0.2096774193548387	1.2464613914489746	0.4638485537999576	True	GSE148071	P18	0.0205731391906738	0.0049399668989351	True
liana	HLA-B_CD8A	MHC_I	HLA-B	CD8A	744	62	1.0347360372543335	0.6916424632072449	0.5873655913978495	0.4032258064516129	0.8631892502307892	0.5189373802278985	True	744	62	1.0033507347106934	0.6916424632072449	0.5672043010752689	0.4032258064516129	0.8474965989589691	0.5108818407767896	True	GSE148071	P18	0.01569265127182	0.0080555394511089	True
liana	HLA-B_CD8B	MHC_I	HLA-B	CD8B	744	62	1.0347360372543335	0.3687727451324463	0.5873655913978495	0.2096774193548387	0.7017543911933899	0.2696807672553371	True	744	62	1.0033507347106934	0.3687727451324463	0.5672043010752689	0.2096774193548387	0.6860617399215698	0.2633761073639222	True	GSE148071	P18	0.01569265127182	0.0063046598914148	True
liana	HLA-C_CD8A	MHC_I	HLA-C	CD8A	744	62	1.1594921350479126	0.6916424632072449	0.6626344086021505	0.4032258064516129	0.9255672991275788	0.5577629969327603	True	744	62	1.088515281677246	0.6916424632072449	0.6129032258064516	0.4032258064516129	0.8900788724422455	0.5380091411098077	True	GSE148071	P18	0.0354884266853332	0.0197538558229526	True
liana	HLA-C_CD8B	MHC_I	HLA-C	CD8B	744	62	1.1594921350479126	0.3687727451324463	0.6626344086021505	0.2096774193548387	0.7641324400901794	0.3015473345765339	True	744	62	1.088515281677246	0.3687727451324463	0.6129032258064516	0.2096774193548387	0.7286440134048462	0.2850194013596718	True	GSE148071	P18	0.0354884266853332	0.016527933216862	True
liana	HLA-E_KLRD1	MHC_I	HLA-E	KLRD1	744	62	0.8254752159118652	0.4582217931747436	0.5147849462365591	0.2741935483870967	0.6418485045433044	0.2973378861789136	True	744	62	0.6941964030265808	0.4582217931747436	0.428763440860215	0.2741935483870967	0.5762090981006622	0.2474133942348811	True	GSE148071	P18	0.0656394064426422	0.0499244919440325	True
liana	CEACAM5_CD8A	MHC_I_partial	CEACAM5	CD8A	744	62	0.2005143463611602	0.6916424632072449	0.1008064516129032	0.4032258064516129	0.4460784047842026	0.0006046053924432	True	744	62	0.0378763638436794	0.6916424632072449	0.0188172043010752	0.4032258064516129	0.3647594135254621	0.0	False	GSE148071	P18	0.0813189912587404	0.0006046053924432	True
liana	HLA-E_VSIR	MHC_I_partial	HLA-E	VSIR	744	62	0.8254752159118652	0.1450024992227554	0.5147849462365591	0.1129032258064516	0.4852388575673103	0.0262544354139517	True	744	62	0.6941964030265808	0.1450024992227554	0.428763440860215	0.1129032258064516	0.4195994511246681	0.0205171502121668	True	GSE148071	P18	0.0656394064426422	0.0057372852017849	True
liana	HLA-F_VSIR	MHC_I_partial	HLA-F	VSIR	744	62	0.1318060159683227	0.1450024992227554	0.1276881720430107	0.1129032258064516	0.1384042575955391	0.000587759343778	True	744	62	0.0984356552362442	0.1450024992227554	0.086021505376344	0.1129032258064516	0.1217190772294998	0.0	False	GSE148071	P18	0.0166851803660392	0.000587759343778	True
liana	CCL5_CCR1	T_recruit	CCL5	CCR1	744	62	0.3752945065498352	0.2404017299413681	0.2096774193548387	0.1451612903225806	0.3078481182456016	0.0157777630149538	True	744	62	0.4401876926422119	0.2404017299413681	0.2150537634408602	0.1451612903225806	0.34029471129179	0.0200320869190281	True	GSE148071	P18	-0.0324465930461883	-0.0042543239040743	True
liana	CCL5_CCR5	T_recruit	CCL5	CCR5	744	62	0.3752945065498352	0.280887633562088	0.2096774193548387	0.1774193548387097	0.3280910700559616	0.035728008490372	True	744	62	0.4401876926422119	0.280887633562088	0.2150537634408602	0.1774193548387097	0.3605376631021499	0.0451151438898965	True	GSE148071	P18	-0.0324465930461883	-0.0093871353995245	True
liana	CXCL16_CXCR6	T_recruit	CXCL16	CXCR6	744	62	0.1499059349298477	0.2938546538352966	0.1088709677419354	0.2096774193548387	0.2218802943825721	0.0018273726768099	True	744	62	0.0705324485898017	0.2938546538352966	0.0524193548387096	0.2096774193548387	0.1821935512125492	0.0	False	GSE148071	P18	0.0396867431700229	0.0018273726768099	True
liana	CXCL14_CXCR4	T_recruit_partial	CXCL14	CXCR4	744	62	0.3862530291080475	0.3387634456157684	0.1962365591397849	0.2258064516129032	0.3625082373619079	0.0622694564346161	True	744	62	0.2670926451683044	0.3387634456157684	0.1223118279569892	0.2258064516129032	0.3029280453920364	0.0108282882711718	True	GSE148071	P18	0.0595801919698715	0.0514411681634442	True
liana	APP_CD74	other	APP	CD74	744	62	0.1966686397790908	1.905438542366028	0.168010752688172	0.8225806451612904	1.0510535910725594	0.1721540471149746	True	744	62	0.1876598000526428	1.905438542366028	0.146505376344086	0.8225806451612904	1.046549171209335	0.1148764513730983	True	GSE148071	P18	0.004504419863224	0.0572775957418762	True
liana	CD44_TYROBP	other	CD44	TYROBP	744	62	0.3034203052520752	0.6722807288169861	0.2620967741935484	0.2903225806451613	0.4878505170345306	0.1310716478147776	True	744	62	0.2355573028326034	0.6722807288169861	0.1922043010752688	0.2903225806451613	0.4539190158247947	0.0719314045702519	True	GSE148071	P18	0.0339315012097358	0.0591402432445256	True
liana	CD47_SIRPG	other	CD47	SIRPG	744	62	0.1799717396497726	0.2314399033784866	0.1774193548387097	0.1451612903225806	0.2057058215141296	0.0075323198010183	True	744	62	0.1628589481115341	0.2314399033784866	0.135752688172043	0.1451612903225806	0.1971494257450103	0.0034474870526458	True	GSE148071	P18	0.0085563957691192	0.0040848327483725	True
liana	CD55_ADGRE5	other	CD55	ADGRE5	744	62	1.0205903053283691	0.3782547414302826	0.5913978494623656	0.2096774193548387	0.6994225233793259	0.2664542526704931	True	744	62	1.0094337463378906	0.3782547414302826	0.5577956989247311	0.2096774193548387	0.6938442438840866	0.2652484441579406	True	GSE148071	P18	0.0055782794952392	0.0012058085125524	True
liana	CD58_CD2	other	CD58	CD2	744	62	0.1219491735100746	1.821424961090088	0.1169354838709677	0.7580645161290323	0.9716870673000813	0.0323385359083733	True	744	62	0.0885119512677192	1.821424961090088	0.0793010752688172	0.7580645161290323	0.9549684561789036	0.0	False	GSE148071	P18	0.0167186111211776	0.0323385359083733	True
liana	COL17A1_ITGA1+ITGB1	other	COL17A1	ITGA1+ITGB1	744	62	0.1409648209810257	0.4501832127571106	0.1048387096774193	0.2903225806451613	0.2955740168690681	0.0043246064810731	True	744	62	0.1714879274368286	0.4501832127571106	0.0981182795698924	0.2903225806451613	0.3108355700969696	0.0	False	GSE148071	P18	-0.0152615532279014	0.0043246064810731	True
liana	F11R_ITGAL+ITGB2	other	F11R	ITGAL+ITGB2	744	62	0.1285641640424728	0.1800358742475509	0.1344086021505376	0.1290322580645161	0.1543000191450119	0.0038524782519434	True	744	62	0.0835344567894935	0.1800358742475509	0.0806451612903225	0.1290322580645161	0.1317851655185222	0.0	False	GSE148071	P18	0.0225148536264896	0.0038524782519434	True
liana	FGL1_LAG3	other	FGL1	LAG3	744	62	0.1765274405479431	0.3034121096134186	0.1733870967741935	0.1935483870967742	0.2399697750806808	0.0156813486814778	True	744	62	0.1563099771738052	0.3034121096134186	0.1438172043010752	0.1935483870967742	0.2298610433936119	0.0097727696186167	True	GSE148071	P18	0.0101087316870689	0.005908579062861	True
liana	ICAM1_ITGAL	other	ICAM1	ITGAL	744	62	0.2318001389503479	0.1800358742475509	0.1962365591397849	0.1290322580645161	0.2059180065989494	0.0070572827079305	True	744	62	0.2413803488016128	0.1800358742475509	0.1760752688172043	0.1290322580645161	0.2107081115245819	0.0062327656423925	True	GSE148071	P18	-0.0047901049256324	0.0008245170655379	True
liana	ICAM1_ITGAL+ITGB2	other	ICAM1	ITGAL+ITGB2	744	62	0.2318001389503479	0.1800358742475509	0.1962365591397849	0.1290322580645161	0.2059180065989494	0.0163582956291572	True	744	62	0.2413803488016128	0.1800358742475509	0.1760752688172043	0.1290322580645161	0.2107081115245819	0.0144629497795624	True	GSE148071	P18	-0.0047901049256324	0.0018953458495948	True
liana	ICAM1_SPN	other	ICAM1	SPN	744	62	0.2318001389503479	0.3013442456722259	0.1962365591397849	0.1935483870967742	0.2665721923112869	0.023682149967724	True	744	62	0.2413803488016128	0.3013442456722259	0.1760752688172043	0.1935483870967742	0.2713622972369194	0.0209563080813177	True	GSE148071	P18	-0.0047901049256324	0.0027258418864062	True
liana	ICAM3_ITGAL+ITGB2	other	ICAM3	ITGAL+ITGB2	744	62	0.0958311408758163	0.1800358742475509	0.1048387096774193	0.1290322580645161	0.1379335075616836	0.0004023973272909	True	744	62	0.0721769109368324	0.1800358742475509	0.0725806451612903	0.1290322580645161	0.1261063925921917	0.0	False	GSE148071	P18	0.0118271149694919	0.0004023973272909	True
liana	IGFBP3_TMEM219	other	IGFBP3	TMEM219	744	62	1.0876225233078003	0.5347504615783691	0.5779569892473119	0.3064516129032258	0.8111864924430847	0.4434656333310471	True	744	62	1.1114275455474854	0.5347504615783691	0.5658602150537635	0.3064516129032258	0.8230890035629272	0.4498798902146245	True	GSE148071	P18	-0.0119025111198425	-0.0064142568835774	True
liana	PPIA_BSG	other	PPIA	BSG	744	62	1.606956124305725	0.4041760265827179	0.7634408602150538	0.2580645161290322	1.0055660754442215	0.4785340295973042	True	744	62	1.4926151037216189	0.4041760265827179	0.7083333333333334	0.2580645161290322	0.9483955651521684	0.455276176972445	True	GSE148071	P18	0.0571705102920532	0.0232578526248592	True
liana	SPP1_ITGA4+ITGB1	other	SPP1	ITGA4+ITGB1	744	62	1.708223581314087	0.1904402524232864	0.6424731182795699	0.1129032258064516	0.9493319168686868	0.393715112643958	True	744	62	2.0505411624908447	0.1904402524232864	0.7298387096774194	0.1129032258064516	1.1204907074570656	0.4488613090339248	True	GSE148071	P18	-0.1711587905883789	-0.0551461963899668	True
cellchat	MDK_NCL	MK	MDK	NCL	25	45	0.4683927595615387	1.350638508796692	0.32	0.5111111111111111	0.9095156341791152	0.4517129542035166	True	25	45	0.4138486087322235	1.350638508796692	0.28	0.5111111111111111	0.8822435587644577	0.4059539082074613	True	GSE148071	P19	0.0272720754146575	0.0457590459960552	True
cellchat	LGALS9_CD45	GALECTIN	LGALS9	PTPRC	25	45	0.0	2.250946521759033	0.0	0.7111111111111111	1.1254732608795166	0.0	False	25	45	0.2415409833192825	2.250946521759033	0.2	0.7111111111111111	1.246243752539158	0.3948404791421619	True	GSE148071	P19	-0.1207704916596412	-0.3948404791421619	True
cellchat	LGALS9_CD44	GALECTIN	LGALS9	CD44	25	45	0.0	0.4028958082199096	0.0	0.1555555555555555	0.2014479041099548	0.0	False	25	45	0.2415409833192825	0.4028958082199096	0.2	0.1555555555555555	0.3222183957695961	0.0514622678998037	True	GSE148071	P19	-0.1207704916596412	-0.0514622678998037	True
cellchat	LAMB3_CD44	LAMININ	LAMB3	CD44	25	45	0.392691969871521	0.4028958082199096	0.2	0.1555555555555555	0.3977938890457153	0.0741837998236072	True	25	45	0.5866195559501648	0.4028958082199096	0.28	0.1555555555555555	0.4947576820850372	0.1496574050052528	True	GSE148071	P19	-0.0969637930393219	-0.0754736051816456	True
cellchat	LAMC2_CD44	LAMININ	LAMC2	CD44	25	45	0.2170265763998031	0.4028958082199096	0.16	0.1555555555555555	0.3099611923098564	0.02117941645887	True	25	45	0.6734001636505127	0.4028958082199096	0.36	0.1555555555555555	0.5381479859352112	0.1764478457304987	True	GSE148071	P19	-0.2281867936253547	-0.1552684292716286	True
cellchat	APP_CD74	APP	APP	CD74	25	45	0.5703591704368591	0.8516002893447876	0.32	0.3333333333333333	0.7109797298908234	0.3712527922059427	True	25	45	0.6141533851623535	0.8516002893447876	0.36	0.3333333333333333	0.7328768372535706	0.4120748345118828	True	GSE148071	P19	-0.0218971073627471	-0.0408220423059401	True
cellchat	CD99_CD99	CD99	CD99	CD99	25	45	0.8323146104812622	0.9933869242668152	0.44	0.3777777777777777	0.9128507673740388	0.5527242904360835	True	25	45	1.2321871519088743	0.9933869242668152	0.6	0.3777777777777777	1.1127870380878448	0.6608453237916855	True	GSE148071	P19	-0.1999362707138061	-0.1081210333556019	True
cellchat	ICAM1_ITGAL	ICAM	ICAM1	ITGAL	25	45	0.3600841462612152	0.2967721223831177	0.16	0.1111111111111111	0.3284281343221664	0.0180505017779524	True	25	45	0.89876389503479	0.2967721223831177	0.48	0.1111111111111111	0.5977680087089539	0.1002735036387821	True	GSE148071	P19	-0.2693398743867874	-0.0822230018608296	True
cellchat	ICAM1_SPN	ICAM	ICAM1	SPN	25	45	0.3600841462612152	0.540299654006958	0.16	0.2222222222222222	0.4501919001340866	0.0893569241214921	True	25	45	0.89876389503479	0.540299654006958	0.48	0.2222222222222222	0.719531774520874	0.3730076915421591	True	GSE148071	P19	-0.2693398743867874	-0.283650767420667	True
cellchat	HLA-A_CD8A	MHC-I	HLA-A	CD8A	25	45	0.3764314353466034	0.5110844969749451	0.2	0.1777777777777777	0.4437579661607742	0.1069943289139965	True	25	45	0.3918987214565277	0.5110844969749451	0.24	0.1777777777777777	0.4514916092157364	0.1275220282984431	True	GSE148071	P19	-0.0077336430549621	-0.0205276993844466	True
cellchat	HLA-B_CD8A	MHC-I	HLA-B	CD8A	25	45	0.3729695081710815	0.5110844969749451	0.16	0.1777777777777777	0.4420270025730133	0.0797119005858632	True	25	45	0.7082166075706482	0.5110844969749451	0.4	0.1777777777777777	0.6096505522727966	0.2401440496717115	True	GSE148071	P19	-0.1676235496997833	-0.1604321490858482	True
cellchat	HLA-C_CD8A	MHC-I	HLA-C	CD8A	25	45	0.5659470558166504	0.5110844969749451	0.28	0.1777777777777777	0.5385157763957977	0.1845513772219988	True	25	45	0.4355525076389313	0.5110844969749451	0.24	0.1777777777777777	0.4733185023069381	0.1347437239996397	True	GSE148071	P19	0.0651972740888595	0.0498076532223591	True
cellchat	HLA-E_CD8A	MHC-I	HLA-E	CD8A	25	45	1.016028642654419	0.5110844969749451	0.52	0.1777777777777777	0.763556569814682	0.3385839801165747	True	25	45	1.6271623373031616	0.5110844969749451	0.76	0.1777777777777777	1.0691234171390531	0.4642251949542538	True	GSE148071	P19	-0.3055668473243713	-0.1256412148376791	True
cellchat	HLA-A_CD8B	MHC-I	HLA-A	CD8B	25	45	0.3764314353466034	0.2420496344566345	0.2	0.1111111111111111	0.3092405349016189	0.0238219708563545	True	25	45	0.3918987214565277	0.2420496344566345	0.24	0.1111111111111111	0.3169741779565811	0.0289089818420335	True	GSE148071	P19	-0.0077336430549621	-0.005087010985679	True
cellchat	HLA-B_CD8B	MHC-I	HLA-B	CD8B	25	45	0.3729695081710815	0.2420496344566345	0.16	0.1111111111111111	0.307509571313858	0.0173359067929866	True	25	45	0.7082166075706482	0.2420496344566345	0.4	0.1111111111111111	0.4751331210136413	0.0604769811788939	True	GSE148071	P19	-0.1676235496997833	-0.0431410743859073	True
cellchat	HLA-C_CD8B	MHC-I	HLA-C	CD8B	25	45	0.5659470558166504	0.2420496344566345	0.28	0.1111111111111111	0.4039983451366424	0.0440647471763482	True	25	45	0.4355525076389313	0.2420496344566345	0.24	0.1111111111111111	0.3388010710477829	0.0307429044324453	True	GSE148071	P19	0.0651972740888595	0.0133218427439028	True
cellchat	HLA-E_CD8B	MHC-I	HLA-E	CD8B	25	45	1.016028642654419	0.2420496344566345	0.52	0.1111111111111111	0.6290391385555267	0.0944193386130581	True	25	45	1.6271623373031616	0.2420496344566345	0.76	0.1111111111111111	0.934605985879898	0.1500047575288219	True	GSE148071	P19	-0.3055668473243713	-0.0555854189157637	True
cellchat	HLA-C_KIR2DL3	MHC-I	HLA-C	KIR2DL3	25	45	0.5659470558166504	0.303637146949768	0.28	0.1111111111111111	0.4347921013832092	0.0546108492424922	True	25	45	0.4355525076389313	0.303637146949768	0.24	0.1111111111111111	0.3695948272943496	0.0382281667140191	True	GSE148071	P19	0.0651972740888595	0.0163826825284731	True
liana	HLA-A_CD8A	MHC_I	HLA-A	CD8A	25	45	0.3764314353466034	0.5110844969749451	0.2	0.1777777777777777	0.4437579661607742	0.1069943289139965	True	25	45	0.3918987214565277	0.5110844969749451	0.24	0.1777777777777777	0.4514916092157364	0.1275220282984431	True	GSE148071	P19	-0.0077336430549621	-0.0205276993844466	True
liana	HLA-A_CD8B	MHC_I	HLA-A	CD8B	25	45	0.3764314353466034	0.2420496344566345	0.2	0.1111111111111111	0.3092405349016189	0.0238219708563545	True	25	45	0.3918987214565277	0.2420496344566345	0.24	0.1111111111111111	0.3169741779565811	0.0289089818420335	True	GSE148071	P19	-0.0077336430549621	-0.005087010985679	True
liana	HLA-B_CD8A	MHC_I	HLA-B	CD8A	25	45	0.3729695081710815	0.5110844969749451	0.16	0.1777777777777777	0.4420270025730133	0.0797119005858632	True	25	45	0.7082166075706482	0.5110844969749451	0.4	0.1777777777777777	0.6096505522727966	0.2401440496717115	True	GSE148071	P19	-0.1676235496997833	-0.1604321490858482	True
liana	HLA-B_CD8B	MHC_I	HLA-B	CD8B	25	45	0.3729695081710815	0.2420496344566345	0.16	0.1111111111111111	0.307509571313858	0.0173359067929866	True	25	45	0.7082166075706482	0.2420496344566345	0.4	0.1111111111111111	0.4751331210136413	0.0604769811788939	True	GSE148071	P19	-0.1676235496997833	-0.0431410743859073	True
liana	HLA-C_CD8A	MHC_I	HLA-C	CD8A	25	45	0.5659470558166504	0.5110844969749451	0.28	0.1777777777777777	0.5385157763957977	0.1845513772219988	True	25	45	0.4355525076389313	0.5110844969749451	0.24	0.1777777777777777	0.4733185023069381	0.1347437239996397	True	GSE148071	P19	0.0651972740888595	0.0498076532223591	True
liana	HLA-C_CD8B	MHC_I	HLA-C	CD8B	25	45	0.5659470558166504	0.2420496344566345	0.28	0.1111111111111111	0.4039983451366424	0.0440647471763482	True	25	45	0.4355525076389313	0.2420496344566345	0.24	0.1111111111111111	0.3388010710477829	0.0307429044324453	True	GSE148071	P19	0.0651972740888595	0.0133218427439028	True
liana	HLA-C_KIR2DL3	MHC_I	HLA-C	KIR2DL3	25	45	0.5659470558166504	0.303637146949768	0.28	0.1111111111111111	0.4347921013832092	0.0546108492424922	True	25	45	0.4355525076389313	0.303637146949768	0.24	0.1111111111111111	0.3695948272943496	0.0382281667140191	True	GSE148071	P19	0.0651972740888595	0.0163826825284731	True
liana	HLA-E_KLRD1	MHC_I	HLA-E	KLRD1	25	45	1.016028642654419	0.8127626180648804	0.52	0.2888888888888888	0.9143956303596495	0.5434385620967515	True	25	45	1.6271623373031616	0.8127626180648804	0.76	0.2888888888888888	1.219962477684021	0.6682897707661328	True	GSE148071	P19	-0.3055668473243713	-0.1248512086693813	True
liana	CEACAM5_CD8A	MHC_I_partial	CEACAM5	CD8A	25	45	1.0666015148162842	0.5110844969749451	0.44	0.1777777777777777	0.7888430058956146	0.3443242155077463	True	25	45	0.2192505896091461	0.5110844969749451	0.08	0.1777777777777777	0.3651675432920456	0.0	False	GSE148071	P19	0.423675462603569	0.3443242155077463	True
liana	HLA-E_VSIR	MHC_I_partial	HLA-E	VSIR	25	45	1.016028642654419	0.2634211182594299	0.52	0.1111111111111111	0.6397248804569244	0.1002424018809988	True	25	45	1.6271623373031616	0.2634211182594299	0.76	0.1111111111111111	0.9452917277812958	0.1586553135222461	True	GSE148071	P19	-0.3055668473243713	-0.0584129116412472	True
liana	CXCL14_CXCR4	T_recruit_partial	CXCL14	CXCR4	25	45	0.1512337327003479	0.4450083076953888	0.12	0.1555555555555555	0.2981210201978683	0.0074790017461066	True	25	45	0.0291369315236806	0.4450083076953888	0.04	0.1555555555555555	0.2370726196095347	0.0	False	GSE148071	P19	0.0610484005883336	0.0074790017461066	True
liana	APP_CD74	other	APP	CD74	25	45	0.5703591704368591	0.8516002893447876	0.32	0.3333333333333333	0.7109797298908234	0.3712527922059427	True	25	45	0.6141533851623535	0.8516002893447876	0.36	0.3333333333333333	0.7328768372535706	0.4120748345118828	True	GSE148071	P19	-0.0218971073627471	-0.0408220423059401	True
liana	CD44_TYROBP	other	CD44	TYROBP	25	45	0.1619427651166916	0.6332414150238037	0.08	0.2	0.3975920900702476	0.0	False	25	45	0.1386714279651641	0.6332414150238037	0.12	0.2	0.3859564214944839	0.0288981137190872	True	GSE148071	P19	0.0116356685757637	-0.0288981137190872	True
liana	DHCR24_RORA	other	DHCR24	RORA	25	45	0.1956796497106552	0.2708528637886047	0.16	0.1111111111111111	0.2332662567496299	0.0076448275018808	True	25	45	0.102445974946022	0.2708528637886047	0.08	0.1111111111111111	0.1866494193673133	0.0	False	GSE148071	P19	0.0466168373823165	0.0076448275018808	True
liana	F11R_ITGAL+ITGB2	other	F11R	ITGAL+ITGB2	25	45	0.4537797570228576	0.2967721223831177	0.24	0.1111111111111111	0.3752759397029876	0.083737202303677	True	25	45	0.9560627937316896	0.2967721223831177	0.52	0.1111111111111111	0.6264174580574036	0.2003521135546326	True	GSE148071	P19	-0.2511415183544159	-0.1166149112509555	True
liana	ICAM1_ITGAL	other	ICAM1	ITGAL	25	45	0.3600841462612152	0.2967721223831177	0.16	0.1111111111111111	0.3284281343221664	0.0180505017779524	True	25	45	0.89876389503479	0.2967721223831177	0.48	0.1111111111111111	0.5977680087089539	0.1002735036387821	True	GSE148071	P19	-0.2693398743867874	-0.0822230018608296	True
liana	ICAM1_ITGAL+ITGB2	other	ICAM1	ITGAL+ITGB2	25	45	0.3600841462612152	0.2967721223831177	0.16	0.1111111111111111	0.3284281343221664	0.0369455405884447	True	25	45	0.89876389503479	0.2967721223831177	0.48	0.1111111111111111	0.5977680087089539	0.1886986984091875	True	GSE148071	P19	-0.2693398743867874	-0.1517531578207427	True
liana	ICAM1_SPN	other	ICAM1	SPN	25	45	0.3600841462612152	0.540299654006958	0.16	0.2222222222222222	0.4501919001340866	0.0893569241214921	True	25	45	0.89876389503479	0.540299654006958	0.48	0.2222222222222222	0.719531774520874	0.3730076915421591	True	GSE148071	P19	-0.2693398743867874	-0.283650767420667	True
cellchat	SPP1_CD44	SPP1	SPP1	CD44	71	198	0.3821365535259247	0.6402310729026794	0.2112676056338028	0.2727272727272727	0.5111838132143021	0.104870828240833	True	71	198	0.2876124680042267	0.6402310729026794	0.1549295774647887	0.2727272727272727	0.463921770453453	0.0740019167750815	True	GSE148071	P22	0.047262042760849	0.0308689114657515	True
cellchat	MDK_NCL	MK	MDK	NCL	71	198	1.1840195655822754	1.850994348526001	0.6901408450704225	0.6717171717171717	1.5175069570541382	0.8118384036918913	True	71	198	0.8511701822280884	1.850994348526001	0.5211267605633803	0.6717171717171717	1.351082265377045	0.734131095123685	True	GSE148071	P22	0.1664246916770935	0.0777073085682062	True
cellchat	PTN_NCL	PTN	PTN	NCL	71	198	0.1156260296702385	1.850994348526001	0.0704225352112676	0.6717171717171717	0.9833101890981196	0.0	False	71	198	0.1598164141178131	1.850994348526001	0.1267605633802817	0.6717171717171717	1.005405381321907	0.1010406853817962	True	GSE148071	P22	-0.0220951922237873	-0.1010406853817962	True
cellchat	COL4A5_CD44	COLLAGEN	COL4A5	CD44	71	198	0.1131561696529388	0.6402310729026794	0.1126760563380281	0.2727272727272727	0.3766936212778091	0.0102439327170097	True	71	198	0.0399035550653934	0.6402310729026794	0.028169014084507	0.2727272727272727	0.3400673139840364	0.0	False	GSE148071	P22	0.0366263072937727	0.0102439327170097	True
cellchat	COL4A6_CD44	COLLAGEN	COL4A6	CD44	71	198	0.1595796197652816	0.6402310729026794	0.1549295774647887	0.2727272727272727	0.3999053463339805	0.0386198467260082	True	71	198	0.0215307343751192	0.6402310729026794	0.0422535211267605	0.2727272727272727	0.3308809036388993	0.0	False	GSE148071	P22	0.0690244426950812	0.0386198467260082	True
cellchat	LAMA3_CD44	LAMININ	LAMA3	CD44	71	198	0.2099646925926208	0.6402310729026794	0.1690140845070422	0.2727272727272727	0.4250978827476501	0.0546795100755074	True	71	198	0.1611058115959167	0.6402310729026794	0.1408450704225352	0.2727272727272727	0.4006684422492981	0.028343570633508	True	GSE148071	P22	0.024429440498352	0.0263359394419994	True
cellchat	LAMA4_CD44	LAMININ	LAMA4	CD44	71	198	0.2631196677684784	0.6402310729026794	0.2535211267605634	0.2727272727272727	0.4516753703355789	0.1183575767803036	True	71	198	0.2059045135974884	0.6402310729026794	0.1690140845070422	0.2727272727272727	0.4230677932500839	0.0599073927590125	True	GSE148071	P22	0.0286075770854949	0.058450184021291	True
cellchat	LAMA5_CD44	LAMININ	LAMA5	CD44	71	198	0.1006558761000633	0.6402310729026794	0.0985915492957746	0.2727272727272727	0.3704434745013714	0.0	False	71	198	0.1754346638917923	0.6402310729026794	0.1267605633802817	0.2727272727272727	0.4078328683972358	0.0217816536374268	True	GSE148071	P22	-0.0373893938958644	-0.0217816536374268	True
cellchat	LAMB1_CD44	LAMININ	LAMB1	CD44	71	198	0.2210206836462021	0.6402310729026794	0.1971830985915492	0.2727272727272727	0.4306258782744407	0.0705438774234375	True	71	198	0.1027284041047096	0.6402310729026794	0.0985915492957746	0.2727272727272727	0.3714797385036945	0.0	False	GSE148071	P22	0.0591461397707462	0.0705438774234375	True
cellchat	LAMB3_CD44	LAMININ	LAMB3	CD44	71	198	1.0638877153396606	0.6402310729026794	0.6901408450704225	0.2727272727272727	0.85205939412117	0.4827625812619252	True	71	198	0.6670417189598083	0.6402310729026794	0.380281690140845	0.2727272727272727	0.6536363959312439	0.3126433646579983	True	GSE148071	P22	0.1984229981899261	0.1701192166039268	True
cellchat	LAMC2_CD44	LAMININ	LAMC2	CD44	71	198	0.1726399809122085	0.6402310729026794	0.1690140845070422	0.2727272727272727	0.406435526907444	0.0451289191749836	True	71	198	0.159753605723381	0.6402310729026794	0.1267605633802817	0.2727272727272727	0.3999923393130302	0.0169621972886214	True	GSE148071	P22	0.0064431875944137	0.0281667218863621	True
cellchat	APP_CD74	APP	APP	CD74	71	198	0.8585823774337769	1.0904039144515991	0.647887323943662	0.4090909090909091	0.974493145942688	0.6056855772569862	True	71	198	0.5826448202133179	1.0904039144515991	0.4084507042253521	0.4090909090909091	0.8365243673324585	0.4873349656161073	True	GSE148071	P22	0.1379687786102295	0.1183506116408789	True
cellchat	CD99_CD99	CD99	CD99	CD99	71	198	0.6461887359619141	0.6810802221298218	0.5352112676056338	0.2878787878787879	0.6636344790458679	0.3636801718103247	True	71	198	0.6327603459358215	0.6810802221298218	0.4084507042253521	0.2878787878787879	0.6569202840328217	0.3299534924969375	True	GSE148071	P22	0.0067141950130462	0.0337266793133871	True
cellchat	CLEC2B_KLRB1	CLEC	CLEC2B	KLRB1	71	198	1.3863309621810913	0.2982413172721863	0.7323943661971831	0.1262626262626262	0.8422861397266388	0.1470860272230224	True	71	198	1.3292360305786133	0.2982413172721863	0.6338028169014085	0.1262626262626262	0.8137386739253998	0.1372572792954169	True	GSE148071	P22	0.028547465801239	0.0098287479276054	True
cellchat	HLA-A_CD8A	MHC-I	HLA-A	CD8A	71	198	1.0808244943618774	0.3768310546875	0.6901408450704225	0.1414141414141414	0.7288277745246887	0.2019011205732386	True	71	198	1.0322273969650269	0.3768310546875	0.5774647887323944	0.1414141414141414	0.7045292258262634	0.1804894005873933	True	GSE148071	P22	0.0242985486984252	0.0214117199858453	True
cellchat	HLA-B_CD8A	MHC-I	HLA-B	CD8A	71	198	0.5976034998893738	0.3768310546875	0.4647887323943662	0.1414141414141414	0.4872172772884369	0.1026989945489256	True	71	198	0.561587393283844	0.3768310546875	0.380281690140845	0.1414141414141414	0.469209223985672	0.0919871131761695	True	GSE148071	P22	0.0180080533027648	0.010711881372756	True
cellchat	HLA-C_CD8A	MHC-I	HLA-C	CD8A	71	198	0.7288209199905396	0.3768310546875	0.5633802816901409	0.1414141414141414	0.5528259873390198	0.1354017363014637	True	71	198	0.5363022089004517	0.3768310546875	0.3380281690140845	0.1414141414141414	0.4565666317939758	0.0838054578246869	True	GSE148071	P22	0.0962593555450439	0.0515962784767767	True
cellchat	HLA-E_CD8A	MHC-I	HLA-E	CD8A	71	198	0.5945742726325989	0.3768310546875	0.4647887323943662	0.1414141414141414	0.4857026636600494	0.1067326878411447	True	71	198	0.5781010389328003	0.3768310546875	0.3380281690140845	0.1414141414141414	0.4774660468101501	0.0817437403140492	True	GSE148071	P22	0.0082366168498992	0.0249889475270954	True
cellchat	HLA-F_CD8A	MHC-I	HLA-F	CD8A	71	198	0.1004327312111854	0.3768310546875	0.1126760563380281	0.1414141414141414	0.2386318929493427	0.0018500162915616	True	71	198	0.1067645922303199	0.3768310546875	0.0985915492957746	0.1414141414141414	0.24179782345891	0.0	False	GSE148071	P22	-0.0031659305095672	0.0018500162915616	True
cellchat	HLA-E_KLRC1	MHC-I	HLA-E	KLRC1	71	198	0.5945742726325989	0.3640926778316498	0.4647887323943662	0.1414141414141414	0.4793334752321243	0.1023256781556814	True	71	198	0.5781010389328003	0.3640926778316498	0.3380281690140845	0.1414141414141414	0.471096858382225	0.0782781105613733	True	GSE148071	P22	0.0082366168498992	0.0240475675943081	True
cellchat	NECTIN2_TIGIT	NECTIN	NECTIN2	TIGIT	71	198	0.0905544012784957	0.3467629849910736	0.1267605633802817	0.1464646464646464	0.2186586931347847	0.0034516452558334	True	71	198	0.0981845036149025	0.3467629849910736	0.0704225352112676	0.1464646464646464	0.222473744302988	0.0	False	GSE148071	P22	-0.0038150511682033	0.0034516452558334	True
cellchat	IGFBP3_TMEM219	IGFBP	IGFBP3	TMEM219	71	198	0.1539650857448578	0.2800898849964142	0.1408450704225352	0.1262626262626262	0.217027485370636	0.0028039212994229	True	71	198	0.1045250445604324	0.2800898849964142	0.0704225352112676	0.1262626262626262	0.1923074647784233	0.0	False	GSE148071	P22	0.0247200205922126	0.0028039212994229	True
cellchat	PPIA_BSG	CypA	PPIA	BSG	71	198	1.19964861869812	0.2167510539293289	0.7183098591549296	0.106060606060606	0.7081998363137245	0.0347446497878447	True	71	198	1.0323668718338013	0.2167510539293289	0.6056338028169014	0.106060606060606	0.6245589628815651	0.0281531899079061	True	GSE148071	P22	0.0836408734321594	0.0065914598799386	True
liana	HLA-A_CD8A	MHC_I	HLA-A	CD8A	71	198	1.0808244943618774	0.3768310546875	0.6901408450704225	0.1414141414141414	0.7288277745246887	0.2019011205732386	True	71	198	1.0322273969650269	0.3768310546875	0.5774647887323944	0.1414141414141414	0.7045292258262634	0.1804894005873933	True	GSE148071	P22	0.0242985486984252	0.0214117199858453	True
liana	HLA-B_CD8A	MHC_I	HLA-B	CD8A	71	198	0.5976034998893738	0.3768310546875	0.4647887323943662	0.1414141414141414	0.4872172772884369	0.1026989945489256	True	71	198	0.561587393283844	0.3768310546875	0.380281690140845	0.1414141414141414	0.469209223985672	0.0919871131761695	True	GSE148071	P22	0.0180080533027648	0.010711881372756	True
liana	HLA-C_CD8A	MHC_I	HLA-C	CD8A	71	198	0.7288209199905396	0.3768310546875	0.5633802816901409	0.1414141414141414	0.5528259873390198	0.1354017363014637	True	71	198	0.5363022089004517	0.3768310546875	0.3380281690140845	0.1414141414141414	0.4565666317939758	0.0838054578246869	True	GSE148071	P22	0.0962593555450439	0.0515962784767767	True
liana	HLA-E_KLRC1	MHC_I	HLA-E	KLRC1	71	198	0.5945742726325989	0.3640926778316498	0.4647887323943662	0.1414141414141414	0.4793334752321243	0.1023256781556814	True	71	198	0.5781010389328003	0.3640926778316498	0.3380281690140845	0.1414141414141414	0.471096858382225	0.0782781105613733	True	GSE148071	P22	0.0082366168498992	0.0240475675943081	True
liana	CEACAM5_CD8A	MHC_I_partial	CEACAM5	CD8A	71	198	0.2831079661846161	0.3768310546875	0.1830985915492957	0.1414141414141414	0.329969510436058	0.0221194420403061	True	71	198	0.1310924440622329	0.3768310546875	0.0845070422535211	0.1414141414141414	0.2539617493748665	0.0	False	GSE148071	P22	0.0760077610611915	0.0221194420403061	True
liana	CXCL14_CXCR4	T_recruit_partial	CXCL14	CXCR4	71	198	1.353333830833435	0.7345440983772278	0.6619718309859155	0.2878787878787879	1.0439389646053314	0.5799641939705351	True	71	198	0.97781503200531	0.7345440983772278	0.4929577464788732	0.2878787878787879	0.8561795651912689	0.4482205629193935	True	GSE148071	P22	0.1877593994140625	0.1317436310511415	True
liana	APP_CD74	other	APP	CD74	71	198	0.8585823774337769	1.0904039144515991	0.647887323943662	0.4090909090909091	0.974493145942688	0.6056855772569862	True	71	198	0.5826448202133179	1.0904039144515991	0.4084507042253521	0.4090909090909091	0.8365243673324585	0.4873349656161073	True	GSE148071	P22	0.1379687786102295	0.1183506116408789	True
liana	CD44_TYROBP	other	CD44	TYROBP	71	198	1.610445857048035	0.5587440729141235	0.8591549295774648	0.1969696969696969	1.084594964981079	0.4935020179387435	True	71	198	1.1610325574874878	0.5587440729141235	0.6197183098591549	0.1969696969696969	0.8598883152008057	0.391299361752881	True	GSE148071	P22	0.2247066497802734	0.1022026561858625	True
liana	CD58_CD2	other	CD58	CD2	71	198	0.6515353322029114	1.6257518529891968	0.4929577464788732	0.5707070707070707	1.138643592596054	0.632372675814148	True	71	198	0.4135045409202575	1.6257518529891968	0.2535211267605634	0.5707070707070707	1.0196281969547272	0.4318828719458648	True	GSE148071	P22	0.1190153956413269	0.2004898038682832	True
liana	DHCR24_RORA	other	DHCR24	RORA	71	198	0.2291847020387649	0.2581596076488495	0.1971830985915492	0.106060606060606	0.2436721548438072	0.0045696050145798	True	71	198	0.1849963814020156	0.2581596076488495	0.1408450704225352	0.106060606060606	0.2215779945254326	0.0016604364193239	True	GSE148071	P22	0.0220941603183746	0.0029091685952559	True
liana	DHCR7_RORA	other	DHCR7	RORA	71	198	0.1085881814360618	0.2581596076488495	0.1267605633802817	0.106060606060606	0.1833738945424556	0.0007170377966082	True	71	198	0.1462600827217102	0.2581596076488495	0.1126760563380281	0.106060606060606	0.2022098451852798	0.0003896382677934	True	GSE148071	P22	-0.0188359506428241	0.0003273995288147	True
liana	IGFBP3_TMEM219	other	IGFBP3	TMEM219	71	198	0.1539650857448578	0.2800898849964142	0.1408450704225352	0.1262626262626262	0.217027485370636	0.0028039212994229	True	71	198	0.1045250445604324	0.2800898849964142	0.0704225352112676	0.1262626262626262	0.1923074647784233	0.0	False	GSE148071	P22	0.0247200205922126	0.0028039212994229	True
liana	LIPA_RORA	other	LIPA	RORA	71	198	0.2373031824827194	0.2581596076488495	0.2394366197183098	0.106060606060606	0.2477313950657844	0.0051625567095122	True	71	198	0.1497667878866195	0.2581596076488495	0.1408450704225352	0.106060606060606	0.2039631977677345	0.0013837368970434	True	GSE148071	P22	0.0437681972980499	0.0037788198124688	True
liana	NECTIN2_TIGIT	other	NECTIN2	TIGIT	71	198	0.0905544012784957	0.3467629849910736	0.1267605633802817	0.1464646464646464	0.2186586931347847	0.0034516452558334	True	71	198	0.0981845036149025	0.3467629849910736	0.0704225352112676	0.1464646464646464	0.222473744302988	0.0	False	GSE148071	P22	-0.0038150511682033	0.0034516452558334	True
liana	PPIA_BSG	other	PPIA	BSG	71	198	1.19964861869812	0.2167510539293289	0.7183098591549296	0.106060606060606	0.7081998363137245	0.0347446497878447	True	71	198	1.0323668718338013	0.2167510539293289	0.6056338028169014	0.106060606060606	0.6245589628815651	0.0281531899079061	True	GSE148071	P22	0.0836408734321594	0.0065914598799386	True
cellchat	CXCL16_CXCR6	CXCL	CXCL16	CXCR6	33	76	0.2014997005462646	0.2346024960279464	0.1818181818181818	0.1052631578947368	0.2180510982871055	0.0034950030357274	True	32	76	0.1227492019534111	0.2346024960279464	0.0625	0.1052631578947368	0.1786758489906788	0.0	False	GSE148071	P26	0.0393752492964267	0.0034950030357274	True
cellchat	MDK_NCL	MK	MDK	NCL	33	76	0.733281135559082	0.8031207919120789	0.3939393939393939	0.3289473684210526	0.7682009637355804	0.4310476580578911	True	32	76	0.2114705741405487	0.8031207919120789	0.09375	0.3289473684210526	0.5072956830263138	0.0	False	GSE148071	P26	0.2609052807092666	0.4310476580578911	True
cellchat	FN1_CD44	FN1	FN1	CD44	33	76	0.4634713232517242	0.5608604550361633	0.1818181818181818	0.2105263157894736	0.5121658891439438	0.1280893333451108	True	32	76	0.0797311142086982	0.5608604550361633	0.03125	0.2105263157894736	0.3202957846224308	0.0	False	GSE148071	P26	0.1918701045215129	0.1280893333451108	True
cellchat	COL4A2_CD44	COLLAGEN	COL4A2	CD44	33	76	0.2083019465208053	0.5608604550361633	0.1212121212121212	0.2105263157894736	0.3845812007784843	0.0344565359175985	True	32	76	0.0540609322488307	0.5608604550361633	0.03125	0.2105263157894736	0.307460693642497	0.0	False	GSE148071	P26	0.0771205071359872	0.0344565359175985	True
cellchat	LAMB3_CD44	LAMININ	LAMB3	CD44	33	76	0.4003143906593323	0.5608604550361633	0.303030303030303	0.2105263157894736	0.4805874228477478	0.1656877129713149	True	32	76	0.2092166244983673	0.5608604550361633	0.09375	0.2105263157894736	0.3850385397672653	0.0	False	GSE148071	P26	0.0955488830804824	0.1656877129713149	True
cellchat	APP_CD74	APP	APP	CD74	33	76	0.6210575699806213	0.5472278594970703	0.4242424242424242	0.2105263157894736	0.5841427147388458	0.236378527710739	True	32	76	0.4691193997859955	0.5472278594970703	0.25	0.2105263157894736	0.5081736296415329	0.1387332995420841	True	GSE148071	P26	0.0759690850973129	0.0976452281686549	True
cellchat	CD99_CD99	CD99	CD99	CD99	33	76	0.219106987118721	0.748959481716156	0.1515151515151515	0.3026315789473684	0.4840332344174385	0.059593912045044	True	32	76	0.0320050306618213	0.748959481716156	0.03125	0.3026315789473684	0.3904822561889887	0.0	False	GSE148071	P26	0.0935509782284498	0.059593912045044	True
cellchat	CD55_ADGRE5	ADGRE	CD55	ADGRE5	33	76	0.22501240670681	0.4065097868442535	0.1515151515151515	0.1447368421052631	0.3157610967755317	0.0155646483737071	True	32	76	0.0906198918819427	0.4065097868442535	0.0625	0.1447368421052631	0.2485648393630981	0.0	False	GSE148071	P26	0.0671962574124336	0.0155646483737071	True
cellchat	PPIA_BSG	CypA	PPIA	BSG	33	76	2.2281415462493896	0.2384063005447387	0.8181818181818182	0.1052631578947368	1.2332739233970642	0.1065337297541724	True	32	76	1.897619605064392	0.2384063005447387	0.6875	0.1052631578947368	1.0680129528045654	0.0899965502877103	True	GSE148071	P26	0.1652609705924987	0.016537179466462	True
liana	HLA-E_KLRD1	MHC_I	HLA-E	KLRD1	33	76	0.80987548828125	0.4093725383281708	0.5151515151515151	0.1447368421052631	0.6096240133047104	0.1771931316377119	True	32	76	0.8133577108383179	0.4093725383281708	0.375	0.1447368421052631	0.6113651245832443	0.1606556033089137	True	GSE148071	P26	-0.0017411112785339	0.0165375283287981	True
liana	HLA-E_VSIR	MHC_I_partial	HLA-E	VSIR	33	76	0.80987548828125	0.2480086088180542	0.5151515151515151	0.1184210526315789	0.5289420485496521	0.0716960802503684	True	32	76	0.8133577108383179	0.2480086088180542	0.375	0.1184210526315789	0.530683159828186	0.0642359693763394	True	GSE148071	P26	-0.0017411112785339	0.0074601108740289	True
liana	HLA-F_VSIR	MHC_I_partial	HLA-F	VSIR	33	76	0.4329254329204559	0.2480086088180542	0.303030303030303	0.1184210526315789	0.340467020869255	0.0317895496422428	True	32	76	0.14251010119915	0.2480086088180542	0.09375	0.1184210526315789	0.1952593550086021	0.0	False	GSE148071	P26	0.1452076658606529	0.0317895496422428	True
liana	CXCL16_CXCR6	T_recruit	CXCL16	CXCR6	33	76	0.2014997005462646	0.2346024960279464	0.1818181818181818	0.1052631578947368	0.2180510982871055	0.0034950030357274	True	32	76	0.1227492019534111	0.2346024960279464	0.0625	0.1052631578947368	0.1786758489906788	0.0	False	GSE148071	P26	0.0393752492964267	0.0034950030357274	True
liana	APP_CD74	other	APP	CD74	33	76	0.6210575699806213	0.5472278594970703	0.4242424242424242	0.2105263157894736	0.5841427147388458	0.236378527710739	True	32	76	0.4691193997859955	0.5472278594970703	0.25	0.2105263157894736	0.5081736296415329	0.1387332995420841	True	GSE148071	P26	0.0759690850973129	0.0976452281686549	True
liana	CD44_TYROBP	other	CD44	TYROBP	33	76	0.2878341674804687	0.409033864736557	0.2424242424242424	0.1578947368421052	0.3484340161085129	0.0440431845587293	True	32	76	0.0	0.409033864736557	0.0	0.1578947368421052	0.2045169323682785	0.0	False	GSE148071	P26	0.1439170837402343	0.0440431845587293	True
liana	CD55_ADGRE5	other	CD55	ADGRE5	33	76	0.22501240670681	0.4065097868442535	0.1515151515151515	0.1447368421052631	0.3157610967755317	0.0155646483737071	True	32	76	0.0906198918819427	0.4065097868442535	0.0625	0.1447368421052631	0.2485648393630981	0.0	False	GSE148071	P26	0.0671962574124336	0.0155646483737071	True
liana	ITGAV+ITGB1_ADGRE5	other	ITGAV+ITGB1	ADGRE5	33	76	0.0839443281292915	0.4065097868442535	0.0606060606060606	0.1447368421052631	0.2452270574867725	0.0	False	32	76	0.224265918135643	0.4065097868442535	0.125	0.1447368421052631	0.3153878524899483	0.0287336774826195	True	GSE148071	P26	-0.0701607950031757	-0.0287336774826195	True
liana	PPIA_BSG	other	PPIA	BSG	33	76	2.2281415462493896	0.2384063005447387	0.8181818181818182	0.1052631578947368	1.2332739233970642	0.1065337297541724	True	32	76	1.897619605064392	0.2384063005447387	0.6875	0.1052631578947368	1.0680129528045654	0.0899965502877103	True	GSE148071	P26	0.1652609705924987	0.016537179466462	True
cellchat	CXCL16_CXCR6	CXCL	CXCL16	CXCR6	13	81	0.1804991513490677	0.3558754920959472	0.1538461538461538	0.1234567901234567	0.2681873217225075	0.0066006802610762	True	12	81	0.0	0.3558754920959472	0.0	0.1234567901234567	0.1779377460479736	0.0	False	GSE148071	P27	0.0902495756745338	0.0066006802610762	True
cellchat	SPP1_CD44	SPP1	SPP1	CD44	13	81	0.0	0.5612205862998962	0.0	0.2222222222222222	0.2806102931499481	0.0	False	12	81	0.3239418268203735	0.5612205862998962	0.1666666666666666	0.2222222222222222	0.4425812065601349	0.1006234057266845	True	GSE148071	P27	-0.1619709134101867	-0.1006234057266845	True
cellchat	MDK_NCL	MK	MDK	NCL	13	81	1.2893555164337158	0.6023179292678833	0.6153846153846154	0.2469135802469135	0.9458367228507996	0.4844926260033971	True	12	81	0.1767766922712326	0.6023179292678833	0.0833333333333333	0.2469135802469135	0.3895473107695579	0.0	False	GSE148071	P27	0.5562894120812416	0.4844926260033971	True
cellchat	LGALS9_CD45	GALECTIN	LGALS9	PTPRC	13	81	0.2282149642705917	1.772461175918579	0.1538461538461538	0.6049382716049383	1.0003380700945854	0.3112552287483468	True	12	81	0.1767766922712326	1.772461175918579	0.0833333333333333	0.6049382716049383	0.974618934094906	0.0	False	GSE148071	P27	0.0257191359996795	0.3112552287483468	True
cellchat	LGALS9_CD44	GALECTIN	LGALS9	CD44	13	81	0.2282149642705917	0.5612205862998962	0.1538461538461538	0.2222222222222222	0.394717775285244	0.0763593786546031	True	12	81	0.1767766922712326	0.5612205862998962	0.0833333333333333	0.2222222222222222	0.3689986392855644	0.0	False	GSE148071	P27	0.0257191359996795	0.0763593786546031	True
cellchat	CD99_CD99	CD99	CD99	CD99	13	81	0.2435090690851211	0.6882513761520386	0.1538461538461538	0.3086419753086419	0.4658802226185798	0.1025915540910606	True	12	81	0.0	0.6882513761520386	0.0	0.3086419753086419	0.3441256880760193	0.0	False	GSE148071	P27	0.1217545345425605	0.1025915540910606	True
cellchat	ICAM1_SPN	ICAM	ICAM1	SPN	13	81	0.2059463858604431	0.2420974969863891	0.1538461538461538	0.1111111111111111	0.2240219414234161	0.0036182562112676	True	12	81	0.1618456840515136	0.2420974969863891	0.0833333333333333	0.1111111111111111	0.2019715905189514	0.0	False	GSE148071	P27	0.0220503509044647	0.0036182562112676	True
cellchat	HLA-A_CD8A	MHC-I	HLA-A	CD8A	13	81	1.9661986827850344	0.4721682369709015	0.7692307692307693	0.1604938271604938	1.2191834598779678	0.4215784592794938	True	12	81	1.3592122793197632	0.4721682369709015	0.5	0.1604938271604938	0.9156902581453324	0.3072093303627229	True	GSE148071	P27	0.3034932017326355	0.1143691289167708	True
cellchat	HLA-B_CD8A	MHC-I	HLA-B	CD8A	13	81	2.589638948440552	0.4721682369709015	0.9230769230769232	0.1604938271604938	1.5309035927057266	0.4956786593154148	True	12	81	1.9798364639282229	0.4721682369709015	0.6666666666666666	0.1604938271604938	1.226002350449562	0.4116571369408417	True	GSE148071	P27	0.3049012422561645	0.0840215223745731	True
cellchat	HLA-C_CD8A	MHC-I	HLA-C	CD8A	13	81	1.5722864866256714	0.4721682369709015	0.6923076923076923	0.1604938271604938	1.0222273617982864	0.353733460973724	True	12	81	0.8401251435279846	0.4721682369709015	0.3333333333333333	0.1604938271604938	0.656146690249443	0.1945458846486417	True	GSE148071	P27	0.3660806715488434	0.1591875763250823	True
cellchat	HLA-E_CD8A	MHC-I	HLA-E	CD8A	13	81	1.4883058071136477	0.4721682369709015	0.6923076923076923	0.1604938271604938	0.9802370220422744	0.3405352660227874	True	12	81	1.2273578643798828	0.4721682369709015	0.5	0.1604938271604938	0.8497630506753922	0.3016998202024882	True	GSE148071	P27	0.1304739713668823	0.0388354458202991	True
cellchat	HLA-F_CD8A	MHC-I	HLA-F	CD8A	13	81	0.4687947928905487	0.4721682369709015	0.3076923076923077	0.1604938271604938	0.4704815149307251	0.1086796434860567	True	12	81	0.3090108335018158	0.4721682369709015	0.1666666666666666	0.1604938271604938	0.3905895352363586	0.060122498524203	True	GSE148071	P27	0.0798919796943664	0.0485571449618537	True
cellchat	NECTIN2_TIGIT	NECTIN	NECTIN2	TIGIT	13	81	0.3804519474506378	0.6706522703170776	0.3076923076923077	0.2592592592592592	0.5255521088838577	0.2015711653050577	True	12	81	0.1471651345491409	0.6706522703170776	0.0833333333333333	0.2592592592592592	0.4089087024331093	0.0	False	GSE148071	P27	0.1166434064507484	0.2015711653050577	True
cellchat	IGFBP3_TMEM219	IGFBP	IGFBP3	TMEM219	13	81	0.40303835272789	0.3011222183704376	0.2307692307692307	0.1358024691358024	0.3520802855491638	0.0416225890767351	True	12	81	0.0	0.3011222183704376	0.0	0.1358024691358024	0.1505611091852188	0.0	False	GSE148071	P27	0.201519176363945	0.0416225890767351	True
cellchat	LGALS9_P4HB	GALECTIN	LGALS9	P4HB	13	81	0.2282149642705917	0.3304120898246765	0.1538461538461538	0.1481481481481481	0.2793135270476341	0.023186825533908	True	12	81	0.1767766922712326	0.3304120898246765	0.0833333333333333	0.1481481481481481	0.2535943910479545	0.0	False	GSE148071	P27	0.0257191359996795	0.023186825533908	True
cellchat	PPIA_BSG	CypA	PPIA	BSG	13	81	1.3226773738861084	0.2852717041969299	0.6153846153846154	0.1111111111111111	0.8039745390415192	0.0710938506148827	True	12	81	2.237801074981689	0.2852717041969299	0.8333333333333334	0.1111111111111111	1.2615363895893097	0.1180778021140833	True	GSE148071	P27	-0.4575618505477905	-0.0469839514992005	True
liana	HLA-A_CD8A	MHC_I	HLA-A	CD8A	13	81	1.9661986827850344	0.4721682369709015	0.7692307692307693	0.1604938271604938	1.2191834598779678	0.4215784592794938	True	12	81	1.3592122793197632	0.4721682369709015	0.5	0.1604938271604938	0.9156902581453324	0.3072093303627229	True	GSE148071	P27	0.3034932017326355	0.1143691289167708	True
liana	HLA-B_CD8A	MHC_I	HLA-B	CD8A	13	81	2.589638948440552	0.4721682369709015	0.9230769230769232	0.1604938271604938	1.5309035927057266	0.4956786593154148	True	12	81	1.9798364639282229	0.4721682369709015	0.6666666666666666	0.1604938271604938	1.226002350449562	0.4116571369408417	True	GSE148071	P27	0.3049012422561645	0.0840215223745731	True
liana	HLA-C_CD8A	MHC_I	HLA-C	CD8A	13	81	1.5722864866256714	0.4721682369709015	0.6923076923076923	0.1604938271604938	1.0222273617982864	0.353733460973724	True	12	81	0.8401251435279846	0.4721682369709015	0.3333333333333333	0.1604938271604938	0.656146690249443	0.1945458846486417	True	GSE148071	P27	0.3660806715488434	0.1591875763250823	True
liana	HLA-E_KLRD1	MHC_I	HLA-E	KLRD1	13	81	1.4883058071136477	0.6771605014801025	0.6923076923076923	0.2222222222222222	1.082733154296875	0.5401878445113237	True	12	81	1.2273578643798828	0.6771605014801025	0.5	0.2222222222222222	0.9522591829299928	0.4956981509131275	True	GSE148071	P27	0.1304739713668823	0.0444896935981962	True
liana	CEACAM5_CD8A	MHC_I_partial	CEACAM5	CD8A	13	81	3.250946283340454	0.4721682369709015	0.9230769230769232	0.1604938271604938	1.8615572601556776	0.5568433597921184	True	12	81	0.892185628414154	0.4721682369709015	0.3333333333333333	0.1604938271604938	0.6821769326925278	0.2077705894523396	True	GSE148071	P27	1.17938032746315	0.3490727703397787	True
liana	CXCL16_CXCR6	T_recruit	CXCL16	CXCR6	13	81	0.1804991513490677	0.3558754920959472	0.1538461538461538	0.1234567901234567	0.2681873217225075	0.0066006802610762	True	12	81	0.0	0.3558754920959472	0.0	0.1234567901234567	0.1779377460479736	0.0	False	GSE148071	P27	0.0902495756745338	0.0066006802610762	True
liana	ICAM1_SPN	other	ICAM1	SPN	13	81	0.2059463858604431	0.2420974969863891	0.1538461538461538	0.1111111111111111	0.2240219414234161	0.0036182562112676	True	12	81	0.1618456840515136	0.2420974969863891	0.0833333333333333	0.1111111111111111	0.2019715905189514	0.0	False	GSE148071	P27	0.0220503509044647	0.0036182562112676	True
liana	IGFBP3_TMEM219	other	IGFBP3	TMEM219	13	81	0.40303835272789	0.3011222183704376	0.2307692307692307	0.1358024691358024	0.3520802855491638	0.0416225890767351	True	12	81	0.0	0.3011222183704376	0.0	0.1358024691358024	0.1505611091852188	0.0	False	GSE148071	P27	0.201519176363945	0.0416225890767351	True
liana	LGALS9_P4HB	other	LGALS9	P4HB	13	81	0.2282149642705917	0.3304120898246765	0.1538461538461538	0.1481481481481481	0.2793135270476341	0.023186825533908	True	12	81	0.1767766922712326	0.3304120898246765	0.0833333333333333	0.1481481481481481	0.2535943910479545	0.0	False	GSE148071	P27	0.0257191359996795	0.023186825533908	True
liana	NECTIN2_TIGIT	other	NECTIN2	TIGIT	13	81	0.3804519474506378	0.6706522703170776	0.3076923076923077	0.2592592592592592	0.5255521088838577	0.2015711653050577	True	12	81	0.1471651345491409	0.6706522703170776	0.0833333333333333	0.2592592592592592	0.4089087024331093	0.0	False	GSE148071	P27	0.1166434064507484	0.2015711653050577	True
liana	PPIA_BSG	other	PPIA	BSG	13	81	1.3226773738861084	0.2852717041969299	0.6153846153846154	0.1111111111111111	0.8039745390415192	0.0710938506148827	True	12	81	2.237801074981689	0.2852717041969299	0.8333333333333334	0.1111111111111111	1.2615363895893097	0.1180778021140833	True	GSE148071	P27	-0.4575618505477905	-0.0469839514992005	True
cellchat	SPP1_CD44	SPP1	SPP1	CD44	188	67	0.6477340459823608	0.6496267914772034	0.3882978723404255	0.3283582089552239	0.6486804187297821	0.3011909412122809	True	188	67	0.6115485429763794	0.6496267914772034	0.3723404255319149	0.3283582089552239	0.6305876672267914	0.2919383130982293	True	GSE148071	P28	0.0180927515029907	0.0092526281140515	True
cellchat	ANGPTL4_SDC4	ANGPTL	ANGPTL4	SDC4	188	67	0.4302200973033905	0.2297778874635696	0.2659574468085106	0.1343283582089552	0.32999899238348	0.0400829807447863	True	188	67	0.2556031346321106	0.2297778874635696	0.1382978723404255	0.1343283582089552	0.2426905110478401	0.0102634514777559	True	GSE148071	P28	0.0873084813356399	0.0298195292670304	True
cellchat	MDK_SDC4	MK	MDK	SDC4	188	67	0.5942617654800415	0.2297778874635696	0.425531914893617	0.1343283582089552	0.4120198264718056	0.0712641990543521	True	188	67	0.5263537764549255	0.2297778874635696	0.3351063829787234	0.1343283582089552	0.3780658319592476	0.0592093641645849	True	GSE148071	P28	0.0339539945125579	0.0120548348897672	True
cellchat	MDK_NCL	MK	MDK	NCL	188	67	0.5942617654800415	1.28967547416687	0.425531914893617	0.5671641791044776	0.9419686198234558	0.5428750798855655	True	188	67	0.5263537764549255	1.28967547416687	0.3351063829787234	0.5671641791044776	0.9080146253108978	0.4934283393858893	True	GSE148071	P28	0.0339539945125579	0.0494467404996761	True
cellchat	LGALS9_CD45	GALECTIN	LGALS9	PTPRC	188	67	0.1981130987405777	1.5939719676971436	0.1702127659574468	0.7014925373134329	0.8960425332188606	0.1543001176330551	True	188	67	0.1777619272470474	1.5939719676971436	0.1329787234042553	0.7014925373134329	0.8858669474720955	0.1051411549418764	True	GSE148071	P28	0.0101755857467651	0.0491589626911787	True
cellchat	LGALS9_CD44	GALECTIN	LGALS9	CD44	188	67	0.1981130987405777	0.6496267914772034	0.1702127659574468	0.3283582089552239	0.4238699451088905	0.0552302151981239	True	188	67	0.1777619272470474	0.6496267914772034	0.1329787234042553	0.3283582089552239	0.4136943593621254	0.036280205673791	True	GSE148071	P28	0.0101755857467651	0.0189500095243329	True
cellchat	FN1_CD44	FN1	FN1	CD44	188	67	0.1628846675157547	0.6496267914772034	0.101063829787234	0.3283582089552239	0.406255729496479	0.0033169988804918	True	188	67	0.2815417945384979	0.6496267914772034	0.1436170212765957	0.3283582089552239	0.4655842930078506	0.0664485697554222	True	GSE148071	P28	-0.0593285635113716	-0.0631315708749303	True
cellchat	COL1A1_CD44	COLLAGEN	COL1A1	CD44	188	67	0.1191280037164688	0.6496267914772034	0.101063829787234	0.3283582089552239	0.3843773975968361	0.0037060354165513	True	188	67	0.2193230539560318	0.6496267914772034	0.1542553191489361	0.3283582089552239	0.4344749227166176	0.0526831843356366	True	GSE148071	P28	-0.0500975251197814	-0.0489771489190853	True
cellchat	COL6A1_CD44	COLLAGEN	COL6A1	CD44	188	67	0.2201244831085205	0.6496267914772034	0.1702127659574468	0.3283582089552239	0.4348756372928619	0.0696502789055523	True	188	67	0.2259498685598373	0.6496267914772034	0.175531914893617	0.3283582089552239	0.4377883300185203	0.0755707303817753	True	GSE148071	P28	-0.0029126927256584	-0.0059204514762229	True
cellchat	LAMA3_CD44	LAMININ	LAMA3	CD44	188	67	0.1303324252367019	0.6496267914772034	0.101063829787234	0.3283582089552239	0.3899796083569526	0.0027932387438999	True	188	67	0.2334038764238357	0.6496267914772034	0.1542553191489361	0.3283582089552239	0.4415153339505195	0.0699613222274462	True	GSE148071	P28	-0.0515357255935668	-0.0671680834835462	True
cellchat	LAMA4_CD44	LAMININ	LAMA4	CD44	188	67	0.1795403957366943	0.6496267914772034	0.1382978723404255	0.3283582089552239	0.4145835936069488	0.0376319168983599	True	188	67	0.1264456957578659	0.6496267914772034	0.101063829787234	0.3283582089552239	0.3880362436175346	0.0036674225976516	True	GSE148071	P28	0.0265473499894142	0.0339644943007083	True
cellchat	LAMA5_CD44	LAMININ	LAMA5	CD44	188	67	0.0742670446634292	0.6496267914772034	0.0797872340425532	0.3283582089552239	0.3619469180703163	0.0	False	188	67	0.1415548175573349	0.6496267914772034	0.1170212765957446	0.3283582089552239	0.3955908045172691	0.0167722558141508	True	GSE148071	P28	-0.0336438864469528	-0.0167722558141508	True
cellchat	LAMB3_CD44	LAMININ	LAMB3	CD44	188	67	1.1354552507400513	0.6496267914772034	0.5851063829787234	0.3283582089552239	0.8925410211086273	0.5124474050828224	True	188	67	1.1869490146636963	0.6496267914772034	0.526595744680851	0.3283582089552239	0.9182879030704498	0.521888483132608	True	GSE148071	P28	-0.0257468819618225	-0.0094410780497856	True
cellchat	LAMC1_CD44	LAMININ	LAMC1	CD44	188	67	0.1071588769555091	0.6496267914772034	0.0904255319148936	0.3283582089552239	0.3783928342163563	0.0	False	188	67	0.121998906135559	0.6496267914772034	0.1223404255319148	0.3283582089552239	0.3858128488063812	0.016949674731927	True	GSE148071	P28	-0.0074200145900249	-0.016949674731927	True
cellchat	LAMC2_CD44	LAMININ	LAMC2	CD44	188	67	0.4972833693027496	0.6496267914772034	0.3138297872340425	0.3283582089552239	0.5734550803899765	0.2494634826770125	True	188	67	0.6561777591705322	0.6496267914772034	0.3776595744680851	0.3283582089552239	0.6529022753238678	0.3392410478375891	True	GSE148071	P28	-0.0794471949338913	-0.0897775651605766	True
cellchat	COL1A1_SDC4	COLLAGEN	COL1A1	SDC4	188	67	0.1191280037164688	0.2297778874635696	0.101063829787234	0.1343283582089552	0.1744529455900192	0.0005823589385639	True	188	67	0.2193230539560318	0.2297778874635696	0.1542553191489361	0.1343283582089552	0.2245504707098007	0.0086363735764636	True	GSE148071	P28	-0.0500975251197814	-0.0080540146378996	True
cellchat	COL6A1_SDC4	COLLAGEN	COL6A1	SDC4	188	67	0.2201244831085205	0.2297778874635696	0.1702127659574468	0.1343283582089552	0.224951185286045	0.0115913714963999	True	188	67	0.2259498685598373	0.2297778874635696	0.175531914893617	0.1343283582089552	0.2278638780117035	0.01264373793211	True	GSE148071	P28	-0.0029126927256584	-0.00105236643571	True
cellchat	FN1_SDC4	FN1	FN1	SDC4	188	67	0.1628846675157547	0.2297778874635696	0.101063829787234	0.1343283582089552	0.1963312774896621	0.0005210550294607	True	188	67	0.2815417945384979	0.2297778874635696	0.1436170212765957	0.1343283582089552	0.2556598410010338	0.0110269025282115	True	GSE148071	P28	-0.0593285635113716	-0.0105058474987508	True
cellchat	TNC_SDC4	TENASCIN	TNC	SDC4	188	67	0.3970679342746734	0.2297778874635696	0.2819148936170212	0.1343283582089552	0.3134229108691215	0.0387227303581034	True	188	67	0.4994525015354156	0.2297778874635696	0.3297872340425531	0.1343283582089552	0.3646151944994926	0.0516549826418782	True	GSE148071	P28	-0.051192283630371	-0.0129322522837748	True
cellchat	APP_CD74	APP	APP	CD74	188	67	0.9968221187591552	1.38992440700531	0.6382978723404256	0.582089552238806	1.1933732628822329	0.7129935127622019	True	188	67	0.9749165177345276	1.38992440700531	0.5691489361702128	0.582089552238806	1.1824204623699188	0.7076538137508788	True	GSE148071	P28	0.0109528005123138	0.0053396990113231	True
cellchat	CD99_CD99	CD99	CD99	CD99	188	67	0.3759142160415649	0.394120991230011	0.3138297872340425	0.208955223880597	0.3850176036357879	0.100328817449518	True	188	67	0.4442424476146698	0.394120991230011	0.351063829787234	0.208955223880597	0.4191817194223404	0.1280487660963439	True	GSE148071	P28	-0.0341641157865524	-0.0277199486468259	True
cellchat	CEACAM1_CEACAM5	CEACAM	CEACAM1	CEACAM5	188	67	0.1874721646308899	0.2068158090114593	0.1702127659574468	0.1044776119402985	0.1971439868211746	0.0029457056999229	True	188	67	0.1138176843523979	0.2068158090114593	0.0957446808510638	0.1044776119402985	0.1603167466819286	0.0	False	GSE148071	P28	0.0368272401392459	0.0029457056999229	True
cellchat	CLEC2B_KLRB1	CLEC	CLEC2B	KLRB1	188	67	0.2315819263458252	0.6121006608009338	0.175531914893617	0.2388059701492537	0.4218412935733795	0.0643119408276162	True	188	67	0.2733329534530639	0.6121006608009338	0.2180851063829787	0.2388059701492537	0.4427168071269989	0.1099570217166832	True	GSE148071	P28	-0.0208755135536193	-0.0456450808890669	True
cellchat	ICAM1_ITGAL	ICAM	ICAM1	ITGAL	188	67	0.5317312479019165	0.1997833251953125	0.3670212765957447	0.1044776119402985	0.3657572865486145	0.0204261161172791	True	188	67	0.4089728891849518	0.1997833251953125	0.2819148936170212	0.1044776119402985	0.3043781071901321	0.0143258053646256	True	GSE148071	P28	0.0613791793584823	0.0061003107526535	True
cellchat	ICAM1_SPN	ICAM	ICAM1	SPN	188	67	0.5317312479019165	0.2969765663146972	0.3670212765957447	0.1492537313432835	0.4143539071083069	0.070504633409165	True	188	67	0.4089728891849518	0.2969765663146972	0.2819148936170212	0.1492537313432835	0.3529747277498245	0.0502149264557431	True	GSE148071	P28	0.0613791793584823	0.0202897069534218	True
cellchat	HLA-DPA1_CD4	MHC-II	HLA-DPA1	CD4	188	67	0.0730485916137695	0.295931339263916	0.0531914893617021	0.1641791044776119	0.1844899654388427	0.0	False	188	67	0.1658384203910827	0.295931339263916	0.1063829787234042	0.1641791044776119	0.2308848798274994	0.0021976243145025	True	GSE148071	P28	-0.0463949143886566	-0.0021976243145025	True
cellchat	HLA-DRA_CD4	MHC-II	HLA-DRA	CD4	188	67	0.4198664724826813	0.295931339263916	0.324468085106383	0.1641791044776119	0.3578989058732986	0.0769250341325899	True	188	67	0.4713112115859985	0.295931339263916	0.2925531914893617	0.1641791044776119	0.3836212754249573	0.0774086012263986	True	GSE148071	P28	-0.0257223695516586	-0.0004835670938086	True
cellchat	HLA-DRB1_CD4	MHC-II	HLA-DRB1	CD4	188	67	0.4149303436279297	0.295931339263916	0.2553191489361702	0.1641791044776119	0.3554308414459228	0.0626969261633762	True	188	67	0.3716906309127807	0.295931339263916	0.2234042553191489	0.1641791044776119	0.3338109850883484	0.053086918794007	True	GSE148071	P28	0.0216198563575744	0.0096100073693692	True
cellchat	NECTIN2_TIGIT	NECTIN	NECTIN2	TIGIT	188	67	0.2784387767314911	0.4387866258621216	0.2393617021276596	0.208955223880597	0.3586127012968063	0.0722190510060187	True	188	67	0.1452149897813797	0.4387866258621216	0.1329787234042553	0.208955223880597	0.2920008078217506	0.0151808801482844	True	GSE148071	P28	0.0666118934750557	0.0570381708577343	True
cellchat	CD55_ADGRE5	ADGRE	CD55	ADGRE5	188	67	0.8496729135513306	0.2383531033992767	0.4840425531914893	0.1343283582089552	0.5440130084753036	0.0978740251795274	True	188	67	0.5783362984657288	0.2383531033992767	0.3723404255319149	0.1343283582089552	0.4083447009325027	0.0616115794584993	True	GSE148071	P28	0.1356683075428009	0.036262445721028	True
cellchat	LPAR3_ADGRE5	ADGRE	LPAR3	ADGRE5	188	67	0.1076842993497848	0.2383531033992767	0.1117021276595744	0.1343283582089552	0.1730187013745308	0.001524800944371	True	188	67	0.127701535820961	0.2383531033992767	0.1170212765957446	0.1343283582089552	0.1830273196101188	0.0022171908020787	True	GSE148071	P28	-0.010008618235588	-0.0006923898577077	True
cellchat	TGM2_ADGRG1	ADGRG	TGM2	ADGRG1	188	67	1.0415526628494265	0.1871174424886703	0.601063829787234	0.1044776119402985	0.6143350526690483	0.0524794721203959	True	188	67	0.6600816249847412	0.1871174424886703	0.4202127659574468	0.1044776119402985	0.4235995337367058	0.0299674655405451	True	GSE148071	P28	0.1907355189323425	0.0225120065798507	True
cellchat	CEACAM1_CEACAM6	CEACAM	CEACAM1	CEACAM6	188	67	0.1874721646308899	0.3470543026924133	0.1702127659574468	0.1492537313432835	0.2672632336616516	0.0178077988402204	True	188	67	0.1138176843523979	0.3470543026924133	0.0957446808510638	0.1492537313432835	0.2304359935224056	0.0	False	GSE148071	P28	0.0368272401392459	0.0178077988402204	True
cellchat	CEACAM5_CEACAM6	CEACAM	CEACAM5	CEACAM6	188	67	1.9706650972366333	0.3470543026924133	0.6223404255319149	0.1492537313432835	1.158859699964523	0.3471585468948446	True	188	67	1.2655391693115234	0.3470543026924133	0.4308510638297872	0.1492537313432835	0.8062967360019684	0.2307448373389418	True	GSE148071	P28	0.3525629639625549	0.1164137095559027	True
cellchat	CEACAM6_CEACAM6	CEACAM	CEACAM6	CEACAM6	188	67	2.3851118087768555	0.3470543026924133	0.7074468085106383	0.1492537313432835	1.3660830557346344	0.3998427009540555	True	188	67	1.6886098384857178	0.3470543026924133	0.574468085106383	0.1492537313432835	1.0178320705890656	0.3024015052404314	True	GSE148071	P28	0.3482509851455688	0.097441195713624	True
cellchat	IGFBP3_TMEM219	IGFBP	IGFBP3	TMEM219	188	67	0.901900589466095	0.4140395522117615	0.4893617021276595	0.208955223880597	0.6579700708389282	0.2860003900080826	True	188	67	0.6108809113502502	0.4140395522117615	0.351063829787234	0.208955223880597	0.5124602317810059	0.1873033435589518	True	GSE148071	P28	0.1455098390579223	0.0986970464491307	True
cellchat	LGALS9_P4HB	GALECTIN	LGALS9	P4HB	188	67	0.1981130987405777	0.2994250357151031	0.1702127659574468	0.1641791044776119	0.2487690672278404	0.0155487830260138	True	188	67	0.1777619272470474	0.2994250357151031	0.1329787234042553	0.1641791044776119	0.2385934814810753	0.0100687477213296	True	GSE148071	P28	0.0101755857467651	0.0054800353046841	True
cellchat	PPIA_BSG	CypA	PPIA	BSG	188	67	2.398582220077514	0.4696901142597198	0.9148936170212766	0.2537313432835821	1.4341361671686172	0.6320294099296949	True	188	67	2.297365188598633	0.4696901142597198	0.8351063829787234	0.2537313432835821	1.3835276514291763	0.6214072638302299	True	GSE148071	P28	0.0506085157394409	0.0106221460994649	True
liana	CXCL14_CXCR4	T_recruit_partial	CXCL14	CXCR4	188	67	0.539181649684906	0.8157538175582886	0.2712765957446808	0.3582089552238806	0.6774677336215973	0.3189035523068145	True	188	67	0.4906239509582519	0.8157538175582886	0.2765957446808511	0.3582089552238806	0.6531888842582703	0.2688210460447599	True	GSE148071	P28	0.024278849363327	0.0500825062620546	True
liana	ALCAM_CD6	other	ALCAM	CD6	188	67	1.0812408924102783	0.2195047736167907	0.6382978723404256	0.1194029850746268	0.6503728330135345	0.1021877885194102	True	188	67	0.9115636348724364	0.2195047736167907	0.5425531914893617	0.1194029850746268	0.5655342042446136	0.0835495495447745	True	GSE148071	P28	0.0848386287689209	0.0186382389746356	True
liana	APP_CD74	other	APP	CD74	188	67	0.9968221187591552	1.38992440700531	0.6382978723404256	0.582089552238806	1.1933732628822329	0.7129935127622019	True	188	67	0.9749165177345276	1.38992440700531	0.5691489361702128	0.582089552238806	1.1824204623699188	0.7076538137508788	True	GSE148071	P28	0.0109528005123138	0.0053396990113231	True
liana	CD44_TYROBP	other	CD44	TYROBP	188	67	0.6512503623962402	0.7457234859466553	0.4787234042553192	0.3134328358208955	0.6984869241714478	0.3812840498523536	True	188	67	1.1235958337783811	0.7457234859466553	0.648936170212766	0.3134328358208955	0.9346596598625184	0.5476822070209665	True	GSE148071	P28	-0.2361727356910705	-0.1663981571686128	True
liana	CD47_SIRPG	other	CD47	SIRPG	188	67	0.5067059397697449	0.1888711899518966	0.4042553191489361	0.1044776119402985	0.3477885648608207	0.0205687484828111	True	188	67	0.5129756331443787	0.1888711899518966	0.3882978723404255	0.1044776119402985	0.3509234115481376	0.0205039665167245	True	GSE148071	P28	-0.0031348466873168	6.47819660865405e-05	True
liana	CD55_ADGRE5	other	CD55	ADGRE5	188	67	0.8496729135513306	0.2383531033992767	0.4840425531914893	0.1343283582089552	0.5440130084753036	0.0978740251795274	True	188	67	0.5783362984657288	0.2383531033992767	0.3723404255319149	0.1343283582089552	0.4083447009325027	0.0616115794584993	True	GSE148071	P28	0.1356683075428009	0.036262445721028	True
liana	CD58_CD2	other	CD58	CD2	188	67	0.102085918188095	1.935926079750061	0.101063829787234	0.746268656716418	1.019005998969078	0.0080616331851135	True	188	67	0.1944632083177566	1.935926079750061	0.1489361702127659	0.746268656716418	1.0651946440339088	0.1564611295142827	True	GSE148071	P28	-0.0461886450648307	-0.1483994963291691	True
liana	CEACAM1_CEACAM6	other	CEACAM1	CEACAM6	188	67	0.1874721646308899	0.3470543026924133	0.1702127659574468	0.1492537313432835	0.2672632336616516	0.0178077988402204	True	188	67	0.1138176843523979	0.3470543026924133	0.0957446808510638	0.1492537313432835	0.2304359935224056	0.0	False	GSE148071	P28	0.0368272401392459	0.0178077988402204	True
liana	CEACAM5_CEACAM6	other	CEACAM5	CEACAM6	188	67	1.9706650972366333	0.3470543026924133	0.6223404255319149	0.1492537313432835	1.158859699964523	0.3471585468948446	True	188	67	1.2655391693115234	0.3470543026924133	0.4308510638297872	0.1492537313432835	0.8062967360019684	0.2307448373389418	True	GSE148071	P28	0.3525629639625549	0.1164137095559027	True
liana	CEACAM6_CEACAM6	other	CEACAM6	CEACAM6	188	67	2.3851118087768555	0.3470543026924133	0.7074468085106383	0.1492537313432835	1.3660830557346344	0.3998427009540555	True	188	67	1.6886098384857178	0.3470543026924133	0.574468085106383	0.1492537313432835	1.0178320705890656	0.3024015052404314	True	GSE148071	P28	0.3482509851455688	0.097441195713624	True
liana	F11R_ITGAL+ITGB2	other	F11R	ITGAL+ITGB2	188	67	0.5195701718330383	0.1997833251953125	0.4042553191489361	0.1044776119402985	0.3596767485141754	0.0580598965274426	True	188	67	0.3980971276760101	0.1997833251953125	0.324468085106383	0.1044776119402985	0.2989402264356613	0.0412194499925186	True	GSE148071	P28	0.0607365220785141	0.0168404465349239	True
liana	FN1_ITGA4+ITGB1	other	FN1	ITGA4+ITGB1	188	67	0.1628846675157547	0.3063588440418243	0.101063829787234	0.1641791044776119	0.2346217557787895	0.0016619725976311	True	188	67	0.2815417945384979	0.3063588440418243	0.1436170212765957	0.1641791044776119	0.2939503192901611	0.0343804387846541	True	GSE148071	P28	-0.0593285635113716	-0.0327184661870229	True
liana	ICAM1_ITGAL	other	ICAM1	ITGAL	188	67	0.5317312479019165	0.1997833251953125	0.3670212765957447	0.1044776119402985	0.3657572865486145	0.0204261161172791	True	188	67	0.4089728891849518	0.1997833251953125	0.2819148936170212	0.1044776119402985	0.3043781071901321	0.0143258053646256	True	GSE148071	P28	0.0613791793584823	0.0061003107526535	True
liana	ICAM1_ITGAL+ITGB2	other	ICAM1	ITGAL+ITGB2	188	67	0.5317312479019165	0.1997833251953125	0.3670212765957447	0.1044776119402985	0.3657572865486145	0.0512353576133851	True	188	67	0.4089728891849518	0.1997833251953125	0.2819148936170212	0.1044776119402985	0.3043781071901321	0.0362745207049335	True	GSE148071	P28	0.0613791793584823	0.0149608369084516	True
liana	ICAM1_SPN	other	ICAM1	SPN	188	67	0.5317312479019165	0.2969765663146972	0.3670212765957447	0.1492537313432835	0.4143539071083069	0.070504633409165	True	188	67	0.4089728891849518	0.2969765663146972	0.2819148936170212	0.1492537313432835	0.3529747277498245	0.0502149264557431	True	GSE148071	P28	0.0613791793584823	0.0202897069534218	True
liana	IGFBP3_TMEM219	other	IGFBP3	TMEM219	188	67	0.901900589466095	0.4140395522117615	0.4893617021276595	0.208955223880597	0.6579700708389282	0.2860003900080826	True	188	67	0.6108809113502502	0.4140395522117615	0.351063829787234	0.208955223880597	0.5124602317810059	0.1873033435589518	True	GSE148071	P28	0.1455098390579223	0.0986970464491307	True
liana	ITGAV+ITGB1_ADGRE5	other	ITGAV+ITGB1	ADGRE5	188	67	0.3319147527217865	0.2383531033992767	0.2712765957446808	0.1343283582089552	0.2851339280605316	0.0685489695674376	True	188	67	0.3782754838466644	0.2383531033992767	0.2872340425531915	0.1343283582089552	0.3083142936229706	0.0723148103801943	True	GSE148071	P28	-0.0231803655624389	-0.0037658408127567	True
liana	JAG1_CD46	other	JAG1	CD46	188	67	0.1281937509775161	0.2214278876781463	0.1382978723404255	0.1194029850746268	0.1748108193278312	0.002267968882823	True	188	67	0.1546820849180221	0.2214278876781463	0.1329787234042553	0.1194029850746268	0.1880549862980842	0.0024587620282581	True	GSE148071	P28	-0.0132441669702529	-0.000190793145435	True
liana	LGALS9_P4HB	other	LGALS9	P4HB	188	67	0.1981130987405777	0.2994250357151031	0.1702127659574468	0.1641791044776119	0.2487690672278404	0.0155487830260138	True	188	67	0.1777619272470474	0.2994250357151031	0.1329787234042553	0.1641791044776119	0.2385934814810753	0.0100687477213296	True	GSE148071	P28	0.0101755857467651	0.0054800353046841	True
liana	LPAR3_ADGRE5	other	LPAR3	ADGRE5	188	67	0.1076842993497848	0.2383531033992767	0.1117021276595744	0.1343283582089552	0.1730187013745308	0.001524800944371	True	188	67	0.127701535820961	0.2383531033992767	0.1170212765957446	0.1343283582089552	0.1830273196101188	0.0022171908020787	True	GSE148071	P28	-0.010008618235588	-0.0006923898577077	True
liana	NECTIN2_TIGIT	other	NECTIN2	TIGIT	188	67	0.2784387767314911	0.4387866258621216	0.2393617021276596	0.208955223880597	0.3586127012968063	0.0722190510060187	True	188	67	0.1452149897813797	0.4387866258621216	0.1329787234042553	0.208955223880597	0.2920008078217506	0.0151808801482844	True	GSE148071	P28	0.0666118934750557	0.0570381708577343	True
liana	PLAUR_ITGA4+ITGB1	other	PLAUR	ITGA4+ITGB1	188	67	0.2818167209625244	0.3063588440418243	0.2393617021276596	0.1641791044776119	0.2940877825021744	0.072590939208865	True	188	67	0.252247542142868	0.3063588440418243	0.2127659574468085	0.1641791044776119	0.2793031930923462	0.0587666068492184	True	GSE148071	P28	0.0147845894098281	0.0138243323596465	True
liana	PPIA_BSG	other	PPIA	BSG	188	67	2.398582220077514	0.4696901142597198	0.9148936170212766	0.2537313432835821	1.4341361671686172	0.6320294099296949	True	188	67	2.297365188598633	0.4696901142597198	0.8351063829787234	0.2537313432835821	1.3835276514291763	0.6214072638302299	True	GSE148071	P28	0.0506085157394409	0.0106221460994649	True
liana	SPP1_ITGA4+ITGB1	other	SPP1	ITGA4+ITGB1	188	67	0.6477340459823608	0.3063588440418243	0.3882978723404255	0.1641791044776119	0.4770464450120926	0.177358485972102	True	188	67	0.6115485429763794	0.3063588440418243	0.3723404255319149	0.1641791044776119	0.4589536935091018	0.1709792379738991	True	GSE148071	P28	0.0180927515029907	0.0063792479982028	True
liana	TGM2_ADGRG1	other	TGM2	ADGRG1	188	67	1.0415526628494265	0.1871174424886703	0.601063829787234	0.1044776119402985	0.6143350526690483	0.0524794721203959	True	188	67	0.6600816249847412	0.1871174424886703	0.4202127659574468	0.1044776119402985	0.4235995337367058	0.0299674655405451	True	GSE148071	P28	0.1907355189323425	0.0225120065798507	True
liana	TNC_ITGA4+ITGB1	other	TNC	ITGA4+ITGB1	188	67	0.3970679342746734	0.3063588440418243	0.2819148936170212	0.1641791044776119	0.3517133891582489	0.1139726692896146	True	188	67	0.4994525015354156	0.3063588440418243	0.3297872340425531	0.1641791044776119	0.40290567278862	0.1481626781488697	True	GSE148071	P28	-0.051192283630371	-0.0341900088592551	True
cellchat	MIF_ACKR3	MIF	MIF	ACKR3	3437	20	0.435153067111969	0.2669315934181213	0.3727087576374745	0.2	0.3510423302650451	0.0860681690837495	True	3437	20	0.3288370370864868	0.2669315934181213	0.2630200756473669	0.2	0.2978843152523041	0.053318026257549	True	GSE148071	P3	0.053158015012741	0.0327501428262005	True
cellchat	SPP1_CD44	SPP1	SPP1	CD44	3437	20	0.4505570530891418	0.2908484935760498	0.2836776258364853	0.2	0.3707027733325958	0.0714383903650232	True	3437	20	0.366931140422821	0.2908484935760498	0.212394530113471	0.2	0.3288898169994354	0.0461676310849354	True	GSE148071	P3	0.0418129563331604	0.0252707592800878	True
cellchat	ANGPTL4_SDC1	ANGPTL	ANGPTL4	SDC1	3437	20	0.1718083769083023	0.4109898209571838	0.137038114634856	0.2	0.2913990989327431	0.0112977254897031	True	3437	20	0.1715661436319351	0.4109898209571838	0.1160896130346232	0.2	0.2912779822945595	0.004781352435576	True	GSE148071	P3	0.0001211166381835	0.0065163730541271	True
cellchat	MDK_SDC1	MK	MDK	SDC1	3437	20	0.7128186225891113	0.4109898209571838	0.5106197265056736	0.2	0.5619042217731476	0.1786113251740404	True	3437	20	0.5150873064994812	0.4109898209571838	0.375618271748618	0.2	0.4630385637283325	0.1209258538044521	True	GSE148071	P3	0.098865658044815	0.0576854713695883	True
cellchat	MDK_PTPRZ1	MK	MDK	PTPRZ1	3437	20	0.7128186225891113	0.1595216244459152	0.5106197265056736	0.1	0.4361701235175133	0.0	True	3437	20	0.5150873064994812	0.1595216244459152	0.375618271748618	0.1	0.3373044654726982	0.0	True	GSE148071	P3	0.098865658044815	0.0	True
cellchat	MDK_NCL	MK	MDK	NCL	3437	20	0.7128186225891113	2.044919490814209	0.5106197265056736	0.8	1.3788690567016602	0.7187336622177639	True	3437	20	0.5150873064994812	2.044919490814209	0.375618271748618	0.8	1.280003398656845	0.6178143418797822	True	GSE148071	P3	0.098865658044815	0.1009193203379816	True
cellchat	PTN_PTPRZ1	PTN	PTN	PTPRZ1	3437	20	1.157697081565857	0.1595216244459152	0.662496363107361	0.1	0.6586093530058861	0.0	True	3437	20	1.5201321840286257	0.1595216244459152	0.7311608961303462	0.1	0.8398269042372704	0.0	True	GSE148071	P3	-0.1812175512313842	0.0	True
cellchat	PTN_SDC1	PTN	PTN	SDC1	3437	20	1.157697081565857	0.4109898209571838	0.662496363107361	0.2	0.7843434512615204	0.2833254125985254	True	3437	20	1.5201321840286257	0.4109898209571838	0.7311608961303462	0.2	0.9655610024929048	0.3512821483476341	True	GSE148071	P3	-0.1812175512313842	-0.0679567357491087	True
cellchat	PTN_NCL	PTN	PTN	NCL	3437	20	1.157697081565857	2.044919490814209	0.662496363107361	0.8	1.601308286190033	0.8228748204853089	True	3437	20	1.5201321840286257	2.044919490814209	0.7311608961303462	0.8	1.7825258374214172	0.8641934290292472	True	GSE148071	P3	-0.1812175512313842	-0.0413186085439383	True
cellchat	LGALS9_CD45	GALECTIN	LGALS9	PTPRC	3437	20	0.1324921250343322	1.218407392501831	0.1320919406459121	0.55	0.6754497587680817	0.0461048434555221	True	3437	20	0.1459037512540817	1.218407392501831	0.1219086412569101	0.55	0.6821555718779564	0.0307629111191452	True	GSE148071	P3	-0.0067058131098747	0.0153419323363768	True
cellchat	LGALS9_CD44	GALECTIN	LGALS9	CD44	3437	20	0.1324921250343322	0.2908484935760498	0.1320919406459121	0.2	0.211670309305191	0.0063895799044257	True	3437	20	0.1459037512540817	0.2908484935760498	0.1219086412569101	0.2	0.2183761224150657	0.0042051119164438	True	GSE148071	P3	-0.0067058131098747	0.0021844679879819	True
cellchat	COL4A6_CD44	COLLAGEN	COL4A6	CD44	3437	20	0.1402088850736618	0.2908484935760498	0.1448938027349432	0.2	0.2155286893248558	0.0094576257256645	True	3437	20	0.2114153355360031	0.2908484935760498	0.1827174861798079	0.2	0.2511319145560264	0.0223109381485985	True	GSE148071	P3	-0.0356032252311706	-0.0128533124229339	True
cellchat	LAMB3_CD44	LAMININ	LAMB3	CD44	3437	20	0.5186567306518555	0.2908484935760498	0.3922025021821356	0.2	0.4047526121139526	0.1059185831297971	True	3437	20	0.6136776208877563	0.2908484935760498	0.4201338376491126	0.2	0.4522630572319031	0.1290710768319009	True	GSE148071	P3	-0.0475104451179504	-0.0231524937021037	True
cellchat	LAMC2_CD44	LAMININ	LAMC2	CD44	3437	20	0.1678289920091629	0.2908484935760498	0.1521675880128018	0.2	0.2293387427926063	0.0121101532708195	True	3437	20	0.1813072115182876	0.2908484935760498	0.1533313936572592	0.2	0.2360778525471687	0.0134527294271928	True	GSE148071	P3	-0.0067391097545623	-0.0013425761563732	True
cellchat	COL4A6_SDC1	COLLAGEN	COL4A6	SDC1	3437	20	0.1402088850736618	0.4109898209571838	0.1448938027349432	0.2	0.2755993530154228	0.0112066906067434	True	3437	20	0.2114153355360031	0.4109898209571838	0.1827174861798079	0.2	0.3112025782465935	0.0263737655893409	True	GSE148071	P3	-0.0356032252311706	-0.0151670749825974	True
cellchat	TNC_SDC1	TENASCIN	TNC	SDC1	3437	20	0.0757214874029159	0.4109898209571838	0.0791387838231015	0.2	0.2433556541800499	0.0	False	3437	20	0.132813423871994	0.4109898209571838	0.1140529531568228	0.2	0.2719016224145889	0.0029932540214349	True	GSE148071	P3	-0.028545968234539	-0.0029932540214349	True
cellchat	APP_CD74	APP	APP	CD74	3437	20	0.2990552484989166	1.6245473623275757	0.284259528658714	0.5	0.9618013054132462	0.3424487415661972	True	3437	20	0.2499520778656005	1.6245473623275757	0.2202502182135583	0.5	0.937249720096588	0.2532095196970911	True	GSE148071	P3	0.024551585316658	0.0892392218691061	True
cellchat	CD46_JAG1	CD46	CD46	JAG1	3437	20	0.9852799773216248	0.21284219622612	0.6651149258073902	0.15	0.5990610867738724	0.0910724161178562	True	3437	20	0.7364917397499084	0.21284219622612	0.4969450101832994	0.15	0.4746669679880142	0.0637666657862112	True	GSE148071	P3	0.1243941187858581	0.0273057503316449	True
cellchat	CD99_CD99	CD99	CD99	CD99	3437	20	1.611897349357605	1.163785696029663	0.8382310154204248	0.65	1.387841522693634	0.7837400040797367	True	3437	20	1.6052039861679075	1.163785696029663	0.7925516438754728	0.65	1.3844948410987854	0.7820514000186901	True	GSE148071	P3	0.0033466815948486	0.0016886040610465	True
cellchat	DSC2_DSG2	DESMOSOME	DSC2	DSG2	3437	20	0.2795521020889282	0.0965043157339096	0.2350887401803899	0.1	0.1880282089114189	0.0	True	3437	20	0.1547257304191589	0.0965043157339096	0.1320919406459121	0.1	0.1256150230765342	0.0	True	GSE148071	P3	0.0624131858348846	0.0	True
cellchat	DSC3_DSG2	DESMOSOME	DSC3	DSG2	3437	20	0.236083447933197	0.0965043157339096	0.2275240034914169	0.1	0.1662938818335533	0.0	True	3437	20	0.2095264047384262	0.0965043157339096	0.1821355833575793	0.1	0.1530153602361679	0.0	True	GSE148071	P3	0.0132785215973854	0.0	True
cellchat	EFNB1_EPHB3	EPHB	EFNB1	EPHB3	3437	20	0.1618372499942779	0.120364524424076	0.1687518184463194	0.1	0.141100887209177	0.0	True	3437	20	0.1460235118865966	0.120364524424076	0.1329647948792551	0.1	0.1331940181553363	0.0	True	GSE148071	P3	0.0079068690538406	0.0	True
cellchat	ICAM1_SPN	ICAM	ICAM1	SPN	3437	20	0.1202463284134864	0.1616705954074859	0.1198719813791096	0.1	0.1409584619104862	0.0	True	3437	20	0.1024119332432746	0.1616705954074859	0.0957230142566191	0.1	0.1320412643253803	0.0	False	GSE148071	P3	0.0089171975851058	0.0	True
cellchat	F11R_F11R	JAM	F11R	F11R	3437	20	0.7382916808128357	0.5795900821685791	0.5621181262729125	0.3	0.6589408814907074	0.3438806986668856	True	3437	20	0.580433189868927	0.5795900821685791	0.4236252545824847	0.3	0.580011636018753	0.2697712604020833	True	GSE148071	P3	0.0789292454719543	0.0741094382648023	True
cellchat	HLA-A_CD8A	MHC-I	HLA-A	CD8A	3437	20	1.044034123420715	0.3721183538436889	0.6735525167297062	0.25	0.7080762386322021	0.3421801094441516	True	3437	20	1.1529661417007446	0.3721183538436889	0.6508583066627873	0.25	0.7625422477722168	0.3640171441804072	True	GSE148071	P3	-0.0544660091400146	-0.0218370347362555	True
cellchat	HLA-B_CD8A	MHC-I	HLA-B	CD8A	3437	20	2.2355542182922363	0.3721183538436889	0.9397730578993309	0.25	1.3038362860679626	0.5462498851312382	True	3437	20	2.341337203979492	0.3721183538436889	0.9127145766656968	0.25	1.3567277789115906	0.5612605351668679	True	GSE148071	P3	-0.0528914928436279	-0.0150106500356297	True
cellchat	HLA-C_CD8A	MHC-I	HLA-C	CD8A	3437	20	1.1922074556350708	0.3721183538436889	0.7308699447192318	0.25	0.7821629047393799	0.3794917646975453	True	3437	20	1.188130259513855	0.3721183538436889	0.6688972941518766	0.25	0.780124306678772	0.3747202510539874	True	GSE148071	P3	0.0020385980606079	0.0047715136435579	True
cellchat	HLA-E_CD8A	MHC-I	HLA-E	CD8A	3437	20	0.9796382188796996	0.3721183538436889	0.6636601687518184	0.25	0.6758782863616943	0.325404608312233	True	3437	20	0.867064356803894	0.3721183538436889	0.5560081466395111	0.25	0.6195913553237915	0.2884732417923224	True	GSE148071	P3	0.0562869310379028	0.0369313665199105	True
cellchat	HLA-F_CD8A	MHC-I	HLA-F	CD8A	3437	20	0.1098813489079475	0.3721183538436889	0.1207448356124527	0.25	0.2409998513758182	0.0061228245388341	True	3437	20	0.1403620690107345	0.3721183538436889	0.1352924061681699	0.25	0.2562402114272117	0.0121042940048435	True	GSE148071	P3	-0.0152403600513935	-0.0059814694660094	True
cellchat	HLA-A_CD8B	MHC-I	HLA-A	CD8B	3437	20	1.044034123420715	0.3061915338039398	0.6735525167297062	0.2	0.6751128286123276	0.2212602813402407	True	3437	20	1.1529661417007446	0.3061915338039398	0.6508583066627873	0.2	0.7295788377523422	0.2381745198316676	True	GSE148071	P3	-0.0544660091400146	-0.0169142384914269	True
cellchat	HLA-B_CD8B	MHC-I	HLA-B	CD8B	3437	20	2.2355542182922363	0.3061915338039398	0.9397730578993309	0.2	1.270872876048088	0.3967050203852814	True	3437	20	2.341337203979492	0.3061915338039398	0.9127145766656968	0.2	1.323764368891716	0.4113315040553829	True	GSE148071	P3	-0.0528914928436279	-0.0146264836701014	True
cellchat	HLA-C_CD8B	MHC-I	HLA-C	CD8B	3437	20	1.1922074556350708	0.3061915338039398	0.7308699447192318	0.2	0.7491994947195053	0.2504058061349991	True	3437	20	1.188130259513855	0.3061915338039398	0.6688972941518766	0.2	0.7471608966588974	0.246612286126883	True	GSE148071	P3	0.0020385980606079	0.0037935200081161	True
cellchat	HLA-E_CD8B	MHC-I	HLA-E	CD8B	3437	20	0.9796382188796996	0.3061915338039398	0.6636601687518184	0.2	0.6429148763418198	0.2085336552646323	True	3437	20	0.867064356803894	0.3061915338039398	0.5560081466395111	0.2	0.5866279453039169	0.1813015922783796	True	GSE148071	P3	0.0562869310379028	0.0272320629862527	True
cellchat	HLA-F_CD8B	MHC-I	HLA-F	CD8B	3437	20	0.1098813489079475	0.3061915338039398	0.1207448356124527	0.2	0.2080364413559436	0.0033536947631527	True	3437	20	0.1403620690107345	0.3061915338039398	0.1352924061681699	0.2	0.2232768014073372	0.0066480593105858	True	GSE148071	P3	-0.0152403600513935	-0.0032943645474331	True
cellchat	NECTIN2_TIGIT	NECTIN	NECTIN2	TIGIT	3437	20	0.1181914135813713	0.3801549971103668	0.1268548152458539	0.15	0.249173205345869	0.0040763281646949	True	3437	20	0.0939940363168716	0.3801549971103668	0.0893220832121035	0.15	0.2370745167136192	0.0	False	GSE148071	P3	0.0120986886322498	0.0040763281646949	True
cellchat	JAG1_NOTCH1	NOTCH	JAG1	NOTCH1	3437	20	0.4983000457286834	0.1933246850967407	0.4163514693046261	0.1	0.3458123654127121	0.0	True	3437	20	0.4785348773002624	0.1933246850967407	0.3616526040151295	0.1	0.3359297811985016	0.0	True	GSE148071	P3	0.0098825842142105	0.0	True
cellchat	JAG1_NOTCH3	NOTCH	JAG1	NOTCH3	3437	20	0.4983000457286834	0.3227853178977966	0.4163514693046261	0.2	0.41054268181324	0.0922398528679904	True	3437	20	0.4785348773002624	0.3227853178977966	0.3616526040151295	0.2	0.4006600975990295	0.0839906075725871	True	GSE148071	P3	0.0098825842142105	0.0082492452954033	True
cellchat	DSC2_DSG3	DESMOSOME	DSC2	DSG3	3437	20	0.2795521020889282	0.4952243268489837	0.2350887401803899	0.25	0.387388214468956	0.0680412263784661	True	3437	20	0.1547257304191589	0.4952243268489837	0.1320919406459121	0.25	0.3249750286340713	0.0126315736316735	True	GSE148071	P3	0.0624131858348846	0.0554096527467925	True
cellchat	DSC3_DSG3	DESMOSOME	DSC3	DSG3	3437	20	0.236083447933197	0.4952243268489837	0.2275240034914169	0.25	0.3656538873910904	0.0590115866409918	True	3437	20	0.2095264047384262	0.4952243268489837	0.1821355833575793	0.25	0.352375365793705	0.0389967448542646	True	GSE148071	P3	0.0132785215973854	0.0200148417867272	True
cellchat	CLDN1_CLDN1	CLDN	CLDN1	CLDN1	3437	20	1.2745778560638428	0.4056742787361145	0.7014838521966832	0.2	0.8401260673999786	0.332883295594042	True	3437	20	0.8879991769790649	0.4056742787361145	0.4887983706720977	0.2	0.6468367278575897	0.2347663573770107	True	GSE148071	P3	0.1932893395423889	0.0981169382170313	True
cellchat	CD55_ADGRE5	ADGRE	CD55	ADGRE5	3437	20	0.2121790200471878	0.4344986975193023	0.1632237416351469	0.25	0.3233388587832451	0.0246558644171877	True	3437	20	0.0620377287268638	0.4344986975193023	0.0541169624672679	0.25	0.2482682131230831	0.0	False	GSE148071	P3	0.0750706456601619	0.0246558644171877	True
cellchat	LPAR1_ADGRE5	ADGRE	LPAR1	ADGRE5	3437	20	0.1762967407703399	0.4344986975193023	0.1789351178353215	0.25	0.3053977191448211	0.028151583142142	True	3437	20	0.1393956691026687	0.4344986975193023	0.1239453011347105	0.25	0.2869471833109855	0.0072444935641014	True	GSE148071	P3	0.0184505358338356	0.0209070895780406	True
cellchat	APP_SORL1	APP	APP	SORL1	3437	20	0.2990552484989166	0.3006314933300018	0.284259528658714	0.2	0.2998433709144592	0.0515154185796441	True	3437	20	0.2499520778656005	0.3006314933300018	0.2202502182135583	0.2	0.2752917855978012	0.0341531313710235	True	GSE148071	P3	0.024551585316658	0.0173622872086205	True
cellchat	IGFBP3_TMEM219	IGFBP	IGFBP3	TMEM219	3437	20	1.3202331066131592	0.344409316778183	0.670933954029677	0.25	0.8323212116956711	0.3701574128574209	True	3437	20	1.131199598312378	0.344409316778183	0.5627000290951412	0.25	0.7378044575452805	0.3262682058431917	True	GSE148071	P3	0.0945167541503906	0.0438892070142292	True
cellchat	LGALS9_P4HB	GALECTIN	LGALS9	P4HB	3437	20	0.1324921250343322	0.5041225552558899	0.1320919406459121	0.3	0.3183073401451111	0.0154476865281506	True	3437	20	0.1459037512540817	0.5041225552558899	0.1219086412569101	0.3	0.3250131532549858	0.0101982200696231	True	GSE148071	P3	-0.0067058131098747	0.0052494664585275	True
cellchat	PPIA_BSG	CypA	PPIA	BSG	3437	20	1.6880403757095337	0.4003213942050934	0.8455048006982834	0.3	1.0441808849573135	0.4836636275864888	True	3437	20	1.617286205291748	0.4003213942050934	0.7780040733197556	0.3	1.0088037997484207	0.4698755072582499	True	GSE148071	P3	0.0353770852088928	0.0137881203282388	True
liana	HLA-A_CD8A	MHC_I	HLA-A	CD8A	3437	20	1.044034123420715	0.3721183538436889	0.6735525167297062	0.25	0.7080762386322021	0.3421801094441516	True	3437	20	1.1529661417007446	0.3721183538436889	0.6508583066627873	0.25	0.7625422477722168	0.3640171441804072	True	GSE148071	P3	-0.0544660091400146	-0.0218370347362555	True
liana	HLA-A_CD8B	MHC_I	HLA-A	CD8B	3437	20	1.044034123420715	0.3061915338039398	0.6735525167297062	0.2	0.6751128286123276	0.2212602813402407	True	3437	20	1.1529661417007446	0.3061915338039398	0.6508583066627873	0.2	0.7295788377523422	0.2381745198316676	True	GSE148071	P3	-0.0544660091400146	-0.0169142384914269	True
liana	HLA-B_CD8A	MHC_I	HLA-B	CD8A	3437	20	2.2355542182922363	0.3721183538436889	0.9397730578993309	0.25	1.3038362860679626	0.5462498851312382	True	3437	20	2.341337203979492	0.3721183538436889	0.9127145766656968	0.25	1.3567277789115906	0.5612605351668679	True	GSE148071	P3	-0.0528914928436279	-0.0150106500356297	True
liana	HLA-B_CD8B	MHC_I	HLA-B	CD8B	3437	20	2.2355542182922363	0.3061915338039398	0.9397730578993309	0.2	1.270872876048088	0.3967050203852814	True	3437	20	2.341337203979492	0.3061915338039398	0.9127145766656968	0.2	1.323764368891716	0.4113315040553829	True	GSE148071	P3	-0.0528914928436279	-0.0146264836701014	True
liana	HLA-C_CD8A	MHC_I	HLA-C	CD8A	3437	20	1.1922074556350708	0.3721183538436889	0.7308699447192318	0.25	0.7821629047393799	0.3794917646975453	True	3437	20	1.188130259513855	0.3721183538436889	0.6688972941518766	0.25	0.780124306678772	0.3747202510539874	True	GSE148071	P3	0.0020385980606079	0.0047715136435579	True
liana	HLA-C_CD8B	MHC_I	HLA-C	CD8B	3437	20	1.1922074556350708	0.3061915338039398	0.7308699447192318	0.2	0.7491994947195053	0.2504058061349991	True	3437	20	1.188130259513855	0.3061915338039398	0.6688972941518766	0.2	0.7471608966588974	0.246612286126883	True	GSE148071	P3	0.0020385980606079	0.0037935200081161	True
liana	CXCL14_CXCR4	T_recruit_partial	CXCL14	CXCR4	3437	20	0.2511352300643921	0.338587999343872	0.1600232761128891	0.2	0.2948616147041321	0.0185483109008954	True	3437	20	0.3779572546482086	0.338587999343872	0.1990107652022112	0.2	0.3582726269960403	0.046448272901821	True	GSE148071	P3	-0.0634110122919082	-0.0278999620009256	True
liana	ALCAM_CD6	other	ALCAM	CD6	3437	20	0.9205743670463562	0.2092435806989669	0.5961594413732907	0.15	0.5649089738726616	0.0693093669544148	True	3437	20	0.7048330903053284	0.2092435806989669	0.4544661041606052	0.15	0.4570383355021477	0.0494174433690913	True	GSE148071	P3	0.1078706383705139	0.0198919235853235	True
liana	APP_CD74	other	APP	CD74	3437	20	0.2990552484989166	1.6245473623275757	0.284259528658714	0.5	0.9618013054132462	0.3424487415661972	True	3437	20	0.2499520778656005	1.6245473623275757	0.2202502182135583	0.5	0.937249720096588	0.2532095196970911	True	GSE148071	P3	0.024551585316658	0.0892392218691061	True
liana	APP_SORL1	other	APP	SORL1	3437	20	0.2990552484989166	0.3006314933300018	0.284259528658714	0.2	0.2998433709144592	0.0515154185796441	True	3437	20	0.2499520778656005	0.3006314933300018	0.2202502182135583	0.2	0.2752917855978012	0.0341531313710235	True	GSE148071	P3	0.024551585316658	0.0173622872086205	True
liana	CD320_JAML	other	CD320	JAML	3437	20	0.2035898715257644	0.2099365442991256	0.210648821646785	0.15	0.206763207912445	0.013781889587555	True	3437	20	0.2431589961051941	0.2099365442991256	0.210648821646785	0.15	0.2265477702021598	0.0164156168044966	True	GSE148071	P3	-0.0197845622897148	-0.0026337272169416	True
liana	CD44_TYROBP	other	CD44	TYROBP	3437	20	0.9837139844894408	0.4564442634582519	0.669188245562991	0.15	0.7200791239738464	0.2232860568322697	True	3437	20	0.8359932899475098	0.4564442634582519	0.5464067500727379	0.15	0.6462187767028809	0.1857769585272512	True	GSE148071	P3	0.0738603472709655	0.0375090983050185	True
liana	CD55_ADGRE5	other	CD55	ADGRE5	3437	20	0.2121790200471878	0.4344986975193023	0.1632237416351469	0.25	0.3233388587832451	0.0246558644171877	True	3437	20	0.0620377287268638	0.4344986975193023	0.0541169624672679	0.25	0.2482682131230831	0.0	False	GSE148071	P3	0.0750706456601619	0.0246558644171877	True
liana	CD58_CD2	other	CD58	CD2	3437	20	0.2536298036575317	1.38177752494812	0.2490544079138784	0.6	0.8177036643028259	0.2604001672974614	True	3437	20	0.2011017650365829	1.38177752494812	0.1768984579575211	0.6	0.7914396449923515	0.1459778041966132	True	GSE148071	P3	0.0262640193104743	0.1144223631008481	True
liana	CDH1_ITGA2+ITGB1	other	CDH1	ITGA2+ITGB1	3437	20	0.2997158467769623	0.1273199766874313	0.2880418970032005	0.1	0.2135179117321968	0.0	True	3437	20	0.2331115454435348	0.1273199766874313	0.194646494035496	0.1	0.1802157610654831	0.0	True	GSE148071	P3	0.0333021506667137	0.0	True
liana	CDH1_ITGAE+ITGB7	other	CDH1	ITGAE+ITGB7	3437	20	0.2997158467769623	0.1721202135086059	0.2880418970032005	0.15	0.2359180301427841	0.0325267264066384	True	3437	20	0.2331115454435348	0.1721202135086059	0.194646494035496	0.15	0.2026158794760704	0.0165505267878976	True	GSE148071	P3	0.0333021506667137	0.0159761996187408	True
liana	COL4A6_ITGA2+ITGB1	other	COL4A6	ITGA2+ITGB1	3437	20	0.1402088850736618	0.1273199766874313	0.1448938027349432	0.1	0.1337644308805465	0.0	True	3437	20	0.2114153355360031	0.1273199766874313	0.1827174861798079	0.1	0.1693676561117172	0.0	True	GSE148071	P3	-0.0356032252311706	0.0	True
liana	DHCR24_RORA	other	DHCR24	RORA	3437	20	0.1957233697175979	0.3219095170497894	0.202211230724469	0.2	0.2588164433836937	0.0215410205102273	True	3437	20	0.1594036370515823	0.3219095170497894	0.1422752400349141	0.2	0.2406565770506858	0.0080343199320868	True	GSE148071	P3	0.0181598663330078	0.0135067005781405	True
liana	DHCR7_RORA	other	DHCR7	RORA	3437	20	0.2024139165878296	0.3219095170497894	0.2059935990689554	0.2	0.2621617168188095	0.0228753543704693	True	3437	20	0.222290813922882	0.3219095170497894	0.1902822228687809	0.2	0.2721001654863357	0.0221863300543008	True	GSE148071	P3	-0.0099384486675262	0.0006890243161685	True
liana	DSC2_DSG2	other	DSC2	DSG2	3437	20	0.2795521020889282	0.0965043157339096	0.2350887401803899	0.1	0.1880282089114189	0.0	True	3437	20	0.1547257304191589	0.0965043157339096	0.1320919406459121	0.1	0.1256150230765342	0.0	True	GSE148071	P3	0.0624131858348846	0.0	True
liana	DSG2_DSC3	other	DSG2	DSC3	3437	20	0.2438787072896957	0.3847660720348358	0.2356706430026185	0.2	0.3143223896622658	0.0473353655446128	True	3437	20	0.2264829725027084	0.3847660720348358	0.1926098341576956	0.2	0.3056245222687721	0.0342127255383852	True	GSE148071	P3	0.0086978673934936	0.0131226400062276	True
liana	EFNB1_EPHB3	other	EFNB1	EPHB3	3437	20	0.1618372499942779	0.120364524424076	0.1687518184463194	0.1	0.141100887209177	0.0	True	3437	20	0.1460235118865966	0.120364524424076	0.1329647948792551	0.1	0.1331940181553363	0.0	True	GSE148071	P3	0.0079068690538406	0.0	True
liana	ICAM1_SPN	other	ICAM1	SPN	3437	20	0.1202463284134864	0.1616705954074859	0.1198719813791096	0.1	0.1409584619104862	0.0	True	3437	20	0.1024119332432746	0.1616705954074859	0.0957230142566191	0.1	0.1320412643253803	0.0	False	GSE148071	P3	0.0089171975851058	0.0	True
liana	IGFBP3_TMEM219	other	IGFBP3	TMEM219	3437	20	1.3202331066131592	0.344409316778183	0.670933954029677	0.25	0.8323212116956711	0.3701574128574209	True	3437	20	1.131199598312378	0.344409316778183	0.5627000290951412	0.25	0.7378044575452805	0.3262682058431917	True	GSE148071	P3	0.0945167541503906	0.0438892070142292	True
liana	IL1RAP_PTPRF	other	IL1RAP	PTPRF	3437	20	0.3060923814773559	0.4419958591461181	0.2883328484143148	0.3	0.374044120311737	0.0995978353453232	True	3437	20	0.272463709115982	0.4419958591461181	0.231888274658132	0.3	0.3572297841310501	0.0749580507411347	True	GSE148071	P3	0.0168143361806869	0.0246397846041885	True
liana	IL1RN_IL1R1+IL1RAP	other	IL1RN	IL1R1+IL1RAP	3437	20	0.1315344125032425	0.1511440277099609	0.1082339249345359	0.1	0.1413392201066017	0.0	True	3437	20	0.0458154715597629	0.1511440277099609	0.0386965376782077	0.1	0.0984797496348619	0.0	False	GSE148071	P3	0.0428594704717397	0.0	True
liana	IL1RN_IL1R2+IL1RAP	other	IL1RN	IL1R2+IL1RAP	3437	20	0.1315344125032425	0.1798901259899139	0.1082339249345359	0.1	0.1557122692465782	0.0	True	3437	20	0.0458154715597629	0.1798901259899139	0.0386965376782077	0.1	0.1128527987748384	0.0	False	GSE148071	P3	0.0428594704717397	0.0	True
liana	ITGAV+ITGB1_ADGRE5	other	ITGAV+ITGB1	ADGRE5	3437	20	0.1656521558761596	0.4344986975193023	0.1728251382019202	0.25	0.300075426697731	0.094497964478458	True	3437	20	0.1565134227275848	0.4344986975193023	0.1428571428571428	0.25	0.2955060601234436	0.0740982374811582	True	GSE148071	P3	0.0045693665742874	0.0203997269972997	True
liana	JAG1_CD46	other	JAG1	CD46	3437	20	0.4983000457286834	0.1280507147312164	0.4163514693046261	0.1	0.3131753802299499	0.0	True	3437	20	0.4785348773002624	0.1280507147312164	0.3616526040151295	0.1	0.3032927960157394	0.0	True	GSE148071	P3	0.0098825842142105	0.0	True
liana	JAG1_NOTCH1	other	JAG1	NOTCH1	3437	20	0.4983000457286834	0.1933246850967407	0.4163514693046261	0.1	0.3458123654127121	0.0	True	3437	20	0.4785348773002624	0.1933246850967407	0.3616526040151295	0.1	0.3359297811985016	0.0	True	GSE148071	P3	0.0098825842142105	0.0	True
liana	JAG1_NOTCH3	other	JAG1	NOTCH3	3437	20	0.4983000457286834	0.3227853178977966	0.4163514693046261	0.2	0.41054268181324	0.0922398528679904	True	3437	20	0.4785348773002624	0.3227853178977966	0.3616526040151295	0.2	0.4006600975990295	0.0839906075725871	True	GSE148071	P3	0.0098825842142105	0.0082492452954033	True
liana	LGALS9_P4HB	other	LGALS9	P4HB	3437	20	0.1324921250343322	0.5041225552558899	0.1320919406459121	0.3	0.3183073401451111	0.0154476865281506	True	3437	20	0.1459037512540817	0.5041225552558899	0.1219086412569101	0.3	0.3250131532549858	0.0101982200696231	True	GSE148071	P3	-0.0067058131098747	0.0052494664585275	True
liana	LIPA_RORA	other	LIPA	RORA	3437	20	0.1329866349697113	0.3219095170497894	0.1428571428571428	0.2	0.2274480760097503	0.007555930908293	True	3437	20	0.1186667457222938	0.3219095170497894	0.111725341867908	0.2	0.2202881313860416	0.0016920784331787	True	GSE148071	P3	0.0071599446237087	0.0058638524751143	True
liana	LPAR1_ADGRE5	other	LPAR1	ADGRE5	3437	20	0.1762967407703399	0.4344986975193023	0.1789351178353215	0.25	0.3053977191448211	0.028151583142142	True	3437	20	0.1393956691026687	0.4344986975193023	0.1239453011347105	0.25	0.2869471833109855	0.0072444935641014	True	GSE148071	P3	0.0184505358338356	0.0209070895780406	True
liana	MDK_PTPRZ1	other	MDK	PTPRZ1	3437	20	0.7128186225891113	0.1595216244459152	0.5106197265056736	0.1	0.4361701235175133	0.0	True	3437	20	0.5150873064994812	0.1595216244459152	0.375618271748618	0.1	0.3373044654726982	0.0	True	GSE148071	P3	0.098865658044815	0.0	True
liana	NECTIN2_TIGIT	other	NECTIN2	TIGIT	3437	20	0.1181914135813713	0.3801549971103668	0.1268548152458539	0.15	0.249173205345869	0.0040763281646949	True	3437	20	0.0939940363168716	0.3801549971103668	0.0893220832121035	0.15	0.2370745167136192	0.0	False	GSE148071	P3	0.0120986886322498	0.0040763281646949	True
liana	PPIA_BSG	other	PPIA	BSG	3437	20	1.6880403757095337	0.4003213942050934	0.8455048006982834	0.3	1.0441808849573135	0.4836636275864888	True	3437	20	1.617286205291748	0.4003213942050934	0.7780040733197556	0.3	1.0088037997484207	0.4698755072582499	True	GSE148071	P3	0.0353770852088928	0.0137881203282388	True
liana	PTN_PTPRZ1	other	PTN	PTPRZ1	3437	20	1.157697081565857	0.1595216244459152	0.662496363107361	0.1	0.6586093530058861	0.0	True	3437	20	1.5201321840286257	0.1595216244459152	0.7311608961303462	0.1	0.8398269042372704	0.0	True	GSE148071	P3	-0.1812175512313842	0.0	True
liana	SPP1_ITGA4+ITGB1	other	SPP1	ITGA4+ITGB1	3437	20	0.4505570530891418	0.3417652547359466	0.2836776258364853	0.2	0.3961611539125442	0.1531822215303108	True	3437	20	0.366931140422821	0.3417652547359466	0.212394530113471	0.2	0.3543481975793838	0.1021771212725394	True	GSE148071	P3	0.0418129563331604	0.0510051002577714	True
liana	TNC_ITGA4+ITGB1	other	TNC	ITGA4+ITGB1	3437	20	0.0757214874029159	0.3417652547359466	0.0791387838231015	0.2	0.2087433710694313	0.0	False	3437	20	0.132813423871994	0.3417652547359466	0.1140529531568228	0.2	0.2372893393039703	0.0059116014195706	True	GSE148071	P3	-0.028545968234539	-0.0059116014195706	True
cellchat	MDK_NCL	MK	MDK	NCL	90	70	1.8108808994293213	1.3126163482666016	0.7777777777777778	0.5	1.5617486238479614	0.8214948738854404	True	89	70	1.3578901290893557	1.3126163482666016	0.5617977528089888	0.5	1.3352532386779783	0.7629032648178053	True	GSE148071	P32	0.2264953851699829	0.058591609067635	True
cellchat	LGALS9_CD45	GALECTIN	LGALS9	PTPRC	90	70	0.3255457878112793	1.2642762660980225	0.2222222222222222	0.4714285714285714	0.7949110269546509	0.2375335303578223	True	89	70	0.4437946081161499	1.2642762660980225	0.2359550561797752	0.4714285714285714	0.8540354371070862	0.3765318884919946	True	GSE148071	P32	-0.0591244101524353	-0.1389983581341722	True
cellchat	LGALS9_CD44	GALECTIN	LGALS9	CD44	90	70	0.3255457878112793	0.3373653888702392	0.2222222222222222	0.1428571428571428	0.3314555883407593	0.02832853607484	True	89	70	0.4437946081161499	0.3373653888702392	0.2359550561797752	0.1428571428571428	0.3905799984931946	0.0534947373947994	True	GSE148071	P32	-0.0591244101524353	-0.0251662013199593	True
cellchat	COL9A2_CD44	COLLAGEN	COL9A2	CD44	90	70	0.4999904930591583	0.3373653888702392	0.3111111111111111	0.1428571428571428	0.4186779409646988	0.0710443803385843	True	89	70	0.4279657304286957	0.3373653888702392	0.2134831460674157	0.1428571428571428	0.3826655596494674	0.0465451290558314	True	GSE148071	P32	0.0360123813152313	0.0244992512827529	True
cellchat	LAMA5_CD44	LAMININ	LAMA5	CD44	90	70	0.2321422100067138	0.3373653888702392	0.1333333333333333	0.1428571428571428	0.2847537994384765	0.0089022148191882	True	89	70	0.2395204007625579	0.3373653888702392	0.1348314606741573	0.1428571428571428	0.2884428948163986	0.0125901921045448	True	GSE148071	P32	-0.003689095377922	-0.0036879772853566	True
cellchat	APP_CD74	APP	APP	CD74	90	70	1.4119446277618408	0.99552184343338	0.6444444444444445	0.3571428571428571	1.2037332355976105	0.6898324690221512	True	89	70	0.9012592434883118	0.99552184343338	0.4269662921348314	0.3571428571428571	0.948390543460846	0.5584483454976646	True	GSE148071	P32	0.2553426921367645	0.1313841235244865	True
cellchat	CD99_CD99	CD99	CD99	CD99	90	70	0.7549763917922974	0.6509504318237305	0.3777777777777777	0.2428571428571428	0.7029634118080139	0.3084102095191111	True	89	70	0.6088751554489136	0.6509504318237305	0.3146067415730337	0.2428571428571428	0.629912793636322	0.2776309863016398	True	GSE148071	P32	0.0730506181716919	0.0307792232174712	True
cellchat	ICAM1_ITGAL	ICAM	ICAM1	ITGAL	90	70	0.8597524762153625	0.237637460231781	0.4555555555555555	0.1	0.5486949682235718	0.0	True	89	70	0.6717750430107117	0.237637460231781	0.3258426966292135	0.1	0.4547062516212463	0.0	True	GSE148071	P32	0.0939887166023254	0.0	True
cellchat	NECTIN2_TIGIT	NECTIN	NECTIN2	TIGIT	90	70	0.3080134987831116	0.3576191365718841	0.2	0.1428571428571428	0.3328163176774978	0.0269442763973126	True	89	70	0.2133990228176117	0.3576191365718841	0.1348314606741573	0.1428571428571428	0.2855090796947479	0.0107373545148156	True	GSE148071	P32	0.0473072379827499	0.016206921882497	True
cellchat	LGALS9_P4HB	GALECTIN	LGALS9	P4HB	90	70	0.3255457878112793	0.2288894653320312	0.2222222222222222	0.1	0.2772176265716553	0.0	True	89	70	0.4437946081161499	0.2288894653320312	0.2359550561797752	0.1	0.3363420367240906	0.0	True	GSE148071	P32	-0.0591244101524353	0.0	True
liana	CXCL14_CXCR4	T_recruit_partial	CXCL14	CXCR4	90	70	0.5969760417938232	0.2431282550096511	0.2444444444444444	0.1	0.4200521484017372	0.0	True	89	70	1.1588400602340698	0.2431282550096511	0.3595505617977528	0.1	0.7009841576218605	0.0	True	GSE148071	P32	-0.2809320092201233	0.0	True
liana	ALCAM_CD6	other	ALCAM	CD6	90	70	0.9510435461997986	0.2494211494922638	0.5	0.1142857142857142	0.6002323478460312	0.0548157251630557	True	89	70	0.5663480162620544	0.2494211494922638	0.3146067415730337	0.1142857142857142	0.4078845828771591	0.0278566471103728	True	GSE148071	P32	0.192347764968872	0.0269590780526829	True
liana	APP_CD74	other	APP	CD74	90	70	1.4119446277618408	0.99552184343338	0.6444444444444445	0.3571428571428571	1.2037332355976105	0.6898324690221512	True	89	70	0.9012592434883118	0.99552184343338	0.4269662921348314	0.3571428571428571	0.948390543460846	0.5584483454976646	True	GSE148071	P32	0.2553426921367645	0.1313841235244865	True
liana	CD58_CD2	other	CD58	CD2	90	70	0.2074866592884063	1.6096729040145874	0.1333333333333333	0.5857142857142857	0.9085797816514968	0.0804408441107748	True	89	70	0.0319940224289894	1.6096729040145874	0.0224719101123595	0.5857142857142857	0.8208334632217884	0.0	False	GSE148071	P32	0.0877463184297084	0.0804408441107748	True
liana	F11R_ITGAL+ITGB2	other	F11R	ITGAL+ITGB2	90	70	0.5403980612754822	0.237637460231781	0.3333333333333333	0.1	0.3890177607536316	0.0	True	89	70	0.2928339838981628	0.237637460231781	0.1685393258426966	0.1	0.2652357220649719	0.0	True	GSE148071	P32	0.1237820386886596	0.0	True
liana	ICAM1_ITGAL	other	ICAM1	ITGAL	90	70	0.8597524762153625	0.237637460231781	0.4555555555555555	0.1	0.5486949682235718	0.0	True	89	70	0.6717750430107117	0.237637460231781	0.3258426966292135	0.1	0.4547062516212463	0.0	True	GSE148071	P32	0.0939887166023254	0.0	True
liana	ICAM1_ITGAL+ITGB2	other	ICAM1	ITGAL+ITGB2	90	70	0.8597524762153625	0.237637460231781	0.4555555555555555	0.1	0.5486949682235718	0.0	True	89	70	0.6717750430107117	0.237637460231781	0.3258426966292135	0.1	0.4547062516212463	0.0	True	GSE148071	P32	0.0939887166023254	0.0	True
liana	ICAM4_ITGAL+ITGB2	other	ICAM4	ITGAL+ITGB2	90	70	0.2364936172962188	0.237637460231781	0.1333333333333333	0.1	0.2370655387639999	0.0	True	89	70	0.1761269122362136	0.237637460231781	0.1011235955056179	0.1	0.2068821862339973	0.0	True	GSE148071	P32	0.0301833525300025	0.0	True
liana	LGALS9_P4HB	other	LGALS9	P4HB	90	70	0.3255457878112793	0.2288894653320312	0.2222222222222222	0.1	0.2772176265716553	0.0	True	89	70	0.4437946081161499	0.2288894653320312	0.2359550561797752	0.1	0.3363420367240906	0.0	True	GSE148071	P32	-0.0591244101524353	0.0	True
liana	NECTIN2_TIGIT	other	NECTIN2	TIGIT	90	70	0.3080134987831116	0.3576191365718841	0.2	0.1428571428571428	0.3328163176774978	0.0269442763973126	True	89	70	0.2133990228176117	0.3576191365718841	0.1348314606741573	0.1428571428571428	0.2855090796947479	0.0107373545148156	True	GSE148071	P32	0.0473072379827499	0.016206921882497	True
cellchat	SPP1_CD44	SPP1	SPP1	CD44	32	147	0.1937115639448166	0.5671219825744629	0.125	0.272108843537415	0.3804167732596397	0.0249244213118928	True	32	147	0.2637804746627807	0.5671219825744629	0.21875	0.272108843537415	0.4154512286186218	0.0930436943650058	True	GSE148071	P38	-0.035034455358982	-0.0681192730531129	True
cellchat	MDK_NCL	MK	MDK	NCL	32	147	1.9809865951538088	1.4590286016464231	0.8125	0.6054421768707483	1.720007598400116	0.8516576451885466	True	32	147	1.769759178161621	1.4590286016464231	0.8125	0.6054421768707483	1.6143938899040222	0.8371851497566112	True	GSE148071	P38	0.1056137084960937	0.0144724954319354	True
cellchat	PTN_NCL	PTN	PTN	NCL	32	147	1.2918651103973389	1.4590286016464231	0.59375	0.6054421768707483	1.375446856021881	0.775929587201286	True	32	147	1.4773643016815186	1.4590286016464231	0.65625	0.6054421768707483	1.468196451663971	0.8071166032343284	True	GSE148071	P38	-0.0927495956420898	-0.0311870160330424	True
cellchat	FN1_CD44	FN1	FN1	CD44	32	147	0.2443776130676269	0.5671219825744629	0.1875	0.272108843537415	0.4057497978210449	0.0893207684650037	True	32	147	0.1450487673282623	0.5671219825744629	0.125	0.272108843537415	0.3560853749513626	0.0120848147358831	True	GSE148071	P38	0.0496644228696823	0.0772359537291205	True
cellchat	COL1A2_CD44	COLLAGEN	COL1A2	CD44	32	147	0.1891635358333587	0.5671219825744629	0.15625	0.272108843537415	0.3781427592039108	0.0354426044185671	True	32	147	0.3493835628032684	0.5671219825744629	0.21875	0.272108843537415	0.4582527726888656	0.1168025941389774	True	GSE148071	P38	-0.0801100134849548	-0.0813599897204102	True
cellchat	COL4A2_CD44	COLLAGEN	COL4A2	CD44	32	147	0.1248518452048301	0.5671219825744629	0.09375	0.272108843537415	0.3459869138896465	0.0	False	32	147	0.202223315834999	0.5671219825744629	0.1875	0.272108843537415	0.384672649204731	0.0732232990900244	True	GSE148071	P38	-0.0386857353150844	-0.0732232990900244	True
cellchat	COL6A1_CD44	COLLAGEN	COL6A1	CD44	32	147	0.8569092750549316	0.5671219825744629	0.53125	0.272108843537415	0.7120156288146973	0.3687113387660474	True	32	147	1.4268338680267334	0.5671219825744629	0.6875	0.272108843537415	0.996977925300598	0.5211092379662807	True	GSE148071	P38	-0.2849622964859009	-0.1523978992002332	True
cellchat	COL6A2_CD44	COLLAGEN	COL6A2	CD44	32	147	1.3591241836547852	0.5671219825744629	0.65625	0.272108843537415	0.963123083114624	0.5033743334331781	True	32	147	2.231660842895508	0.5671219825744629	0.84375	0.272108843537415	1.3993914127349854	0.6373966641857943	True	GSE148071	P38	-0.4362683296203613	-0.1340223307526162	True
cellchat	LAMA3_CD44	LAMININ	LAMA3	CD44	32	147	0.0889607518911361	0.5671219825744629	0.09375	0.272108843537415	0.3280413672327995	0.0	False	32	147	0.1341955363750457	0.5671219825744629	0.125	0.272108843537415	0.3506587594747543	0.0120848147358831	True	GSE148071	P38	-0.0226173922419548	-0.0120848147358831	True
cellchat	LAMA5_CD44	LAMININ	LAMA5	CD44	32	147	0.1538885533809662	0.5671219825744629	0.125	0.272108843537415	0.3605052679777145	0.0297193038098472	True	32	147	0.1171797066926956	0.5671219825744629	0.09375	0.272108843537415	0.3421508446335792	0.0	False	GSE148071	P38	0.0183544233441352	0.0297193038098472	True
cellchat	LAMB1_CD44	LAMININ	LAMB1	CD44	32	147	0.0838382169604301	0.5671219825744629	0.09375	0.272108843537415	0.3254800997674465	0.0	False	32	147	0.1555370241403579	0.5671219825744629	0.15625	0.272108843537415	0.3613295033574104	0.0277037450256958	True	GSE148071	P38	-0.0358494035899639	-0.0277037450256958	True
cellchat	LAMB2_CD44	LAMININ	LAMB2	CD44	32	147	0.0478368252515792	0.5671219825744629	0.0625	0.272108843537415	0.3074794039130211	0.0	False	32	147	0.383988469839096	0.5671219825744629	0.34375	0.272108843537415	0.4755552262067795	0.1733658426085919	True	GSE148071	P38	-0.1680758222937584	-0.1733658426085919	True
cellchat	LAMB3_CD44	LAMININ	LAMB3	CD44	32	147	1.3836058378219604	0.5671219825744629	0.6875	0.272108843537415	0.9753639101982116	0.509042125142834	True	32	147	1.6185317039489746	0.5671219825744629	0.84375	0.272108843537415	1.0928268432617188	0.5596574257903233	True	GSE148071	P38	-0.117462933063507	-0.0506153006474893	True
cellchat	LAMC1_CD44	LAMININ	LAMC1	CD44	32	147	0.1214066818356514	0.5671219825744629	0.125	0.272108843537415	0.3442643322050571	0.017613900068025	True	32	147	0.1025864481925964	0.5671219825744629	0.125	0.272108843537415	0.3348542153835296	0.0137759227671198	True	GSE148071	P38	0.0094101168215274	0.0038379773009052	True
cellchat	LAMC2_CD44	LAMININ	LAMC2	CD44	32	147	0.139353334903717	0.5671219825744629	0.09375	0.272108843537415	0.3532376587390899	0.0	False	32	147	0.1612368822097778	0.5671219825744629	0.1875	0.272108843537415	0.3641794323921203	0.0536677085054056	True	GSE148071	P38	-0.0109417736530303	-0.0536677085054056	True
cellchat	APP_CD74	APP	APP	CD74	32	147	0.2722930610179901	1.1226235628128052	0.25	0.4081632653061224	0.6974583119153976	0.2310824862112323	True	32	147	0.2556143403053283	1.1226235628128052	0.25	0.4081632653061224	0.6891189515590668	0.2081303823999424	True	GSE148071	P38	0.0083393603563308	0.0229521038112899	True
cellchat	CD99_CD99	CD99	CD99	CD99	32	147	0.169244647026062	0.5484280586242676	0.15625	0.2789115646258503	0.3588363528251648	0.0490725430686617	True	32	147	0.1721189618110656	0.5484280586242676	0.15625	0.2789115646258503	0.3602735102176666	0.0433050510194141	True	GSE148071	P38	-0.0014371573925018	0.0057674920492475	True
cellchat	CLEC2B_KLRB1	CLEC	CLEC2B	KLRB1	32	147	0.173793226480484	0.5415360927581787	0.125	0.2244897959183673	0.3576646596193313	0.0263882090781436	True	32	147	0.0591132305562496	0.5415360927581787	0.0625	0.2244897959183673	0.3003246616572141	0.0	False	GSE148071	P38	0.0573399979621171	0.0263882090781436	True
cellchat	ICAM1_ITGAL	ICAM	ICAM1	ITGAL	32	147	0.2214602380990982	0.5069462656974792	0.21875	0.238095238095238	0.3642032518982887	0.0610285472710331	True	32	147	0.2272666692733764	0.5069462656974792	0.21875	0.238095238095238	0.3671064674854278	0.0689133668127622	True	GSE148071	P38	-0.0029032155871391	-0.007884819541729	True
cellchat	ICAM1_SPN	ICAM	ICAM1	SPN	32	147	0.2214602380990982	0.5519937872886658	0.21875	0.2585034013605442	0.386727012693882	0.0717108586433142	True	32	147	0.2272666692733764	0.5519937872886658	0.21875	0.2585034013605442	0.3896302282810211	0.0808569735510301	True	GSE148071	P38	-0.0029032155871391	-0.0091461149077159	True
cellchat	NECTIN2_TIGIT	NECTIN	NECTIN2	TIGIT	32	147	0.2353559285402298	0.4492965936660766	0.21875	0.1904761904761904	0.3423262611031532	0.0491402656387209	True	32	147	0.2658518552780151	0.4492965936660766	0.21875	0.1904761904761904	0.3575742244720459	0.0612581619392935	True	GSE148071	P38	-0.0152479633688926	-0.0121178963005726	True
cellchat	PVR_TIGIT	PVR	PVR	TIGIT	32	147	0.0474377870559692	0.4492965936660766	0.0625	0.1904761904761904	0.2483671903610229	0.0	False	32	147	0.1689129471778869	0.4492965936660766	0.15625	0.1904761904761904	0.3091047704219818	0.0267467754358157	True	GSE148071	P38	-0.0607375800609588	-0.0267467754358157	True
cellchat	CD55_ADGRE5	ADGRE	CD55	ADGRE5	32	147	0.6162508726119995	0.2191659063100814	0.5	0.1088435374149659	0.4177083894610405	0.0183140423706603	True	32	147	0.5310796499252319	0.2191659063100814	0.4375	0.1088435374149659	0.3751227781176567	0.0150814145187991	True	GSE148071	P38	0.0425856113433837	0.0032326278518612	True
cellchat	LPAR1_ADGRE5	ADGRE	LPAR1	ADGRE5	32	147	0.1424297094345092	0.2191659063100814	0.125	0.1088435374149659	0.1807978078722953	0.0008659405163786	True	32	147	0.299648106098175	0.2191659063100814	0.3125	0.1088435374149659	0.2594070062041282	0.0069076361667735	True	GSE148071	P38	-0.0786091983318328	-0.0060416956503949	True
cellchat	LPAR3_ADGRE5	ADGRE	LPAR3	ADGRE5	32	147	0.0	0.2191659063100814	0.0	0.1088435374149659	0.1095829531550407	0.0	False	32	147	0.1931699216365814	0.2191659063100814	0.1875	0.1088435374149659	0.2061679139733314	0.0031492251477753	True	GSE148071	P38	-0.0965849608182907	-0.0031492251477753	True
cellchat	TGM2_ADGRG1	ADGRG	TGM2	ADGRG1	32	147	0.575525164604187	0.3507024347782135	0.4375	0.1632653061224489	0.4631137996912002	0.1299709726881034	True	32	147	0.7164707183837891	0.3507024347782135	0.46875	0.1632653061224489	0.5335865765810013	0.1633522487746501	True	GSE148071	P38	-0.070472776889801	-0.0333812760865466	True
cellchat	APP_SORL1	APP	APP	SORL1	32	147	0.2722930610179901	0.2016361504793167	0.25	0.1020408163265306	0.2369646057486534	0.0034601988108635	True	32	147	0.2556143403053283	0.2016361504793167	0.25	0.1020408163265306	0.2286252453923225	0.00302749968328	True	GSE148071	P38	0.0083393603563308	0.0004326991275834	True
liana	HLA-E_KLRD1	MHC_I	HLA-E	KLRD1	32	147	1.0972355604171753	0.4827026426792145	0.6875	0.2176870748299319	0.7899691015481949	0.3941581948464138	True	32	147	1.6016570329666138	0.4827026426792145	0.84375	0.2176870748299319	1.042179837822914	0.4884205603654488	True	GSE148071	P38	-0.2522107362747192	-0.094262365519035	True
liana	APP_CD74	other	APP	CD74	32	147	0.2722930610179901	1.1226235628128052	0.25	0.4081632653061224	0.6974583119153976	0.2310824862112323	True	32	147	0.2556143403053283	1.1226235628128052	0.25	0.4081632653061224	0.6891189515590668	0.2081303823999424	True	GSE148071	P38	0.0083393603563308	0.0229521038112899	True
liana	APP_SORL1	other	APP	SORL1	32	147	0.2722930610179901	0.2016361504793167	0.25	0.1020408163265306	0.2369646057486534	0.0034601988108635	True	32	147	0.2556143403053283	0.2016361504793167	0.25	0.1020408163265306	0.2286252453923225	0.00302749968328	True	GSE148071	P38	0.0083393603563308	0.0004326991275834	True
liana	CD44_TYROBP	other	CD44	TYROBP	32	147	0.9359520673751832	1.2610235214233398	0.625	0.4489795918367347	1.0984877943992617	0.6540612249469735	True	32	147	1.3641979694366455	1.2610235214233398	0.8125	0.4489795918367347	1.312610745429993	0.7570656407129074	True	GSE148071	P38	-0.2141229510307312	-0.1030044157659338	True
liana	CD55_ADGRE5	other	CD55	ADGRE5	32	147	0.6162508726119995	0.2191659063100814	0.5	0.1088435374149659	0.4177083894610405	0.0183140423706603	True	32	147	0.5310796499252319	0.2191659063100814	0.4375	0.1088435374149659	0.3751227781176567	0.0150814145187991	True	GSE148071	P38	0.0425856113433837	0.0032326278518612	True
liana	CD58_CD2	other	CD58	CD2	32	147	0.3042917251586914	1.831546664237976	0.28125	0.6190476190476191	1.0679191946983335	0.3997048683735018	True	32	147	0.2833244502544403	1.831546664237976	0.28125	0.6190476190476191	1.0574355572462082	0.3804168824506891	True	GSE148071	P38	0.0104836374521255	0.0192879859228126	True
liana	DHCR24_RORA	other	DHCR24	RORA	32	147	0.6510220766067505	0.4448403120040893	0.5	0.2040816326530612	0.5479311943054199	0.2188145228357839	True	32	147	0.535119891166687	0.4448403120040893	0.40625	0.2040816326530612	0.4899801015853882	0.1730166415321527	True	GSE148071	P38	0.0579510927200317	0.0457978813036312	True
liana	F11R_ITGAL+ITGB2	other	F11R	ITGAL+ITGB2	32	147	0.628854513168335	0.3515416383743286	0.53125	0.1768707482993197	0.4901980757713318	0.2142360072665532	True	32	147	0.3136214017868042	0.3515416383743286	0.3125	0.1768707482993197	0.3325815200805664	0.0885166369600811	True	GSE148071	P38	0.1576165556907653	0.125719370306472	True
liana	FN1_ITGA4+ITGB1	other	FN1	ITGA4+ITGB1	32	147	0.2443776130676269	0.2579604387283325	0.1875	0.1428571428571428	0.2511690258979797	0.0659852714706115	True	32	147	0.1450487673282623	0.2579604387283325	0.125	0.1428571428571428	0.2015046030282974	0.0087340722304063	True	GSE148071	P38	0.0496644228696823	0.0572511992402051	True
liana	ICAM1_ITGAL	other	ICAM1	ITGAL	32	147	0.2214602380990982	0.5069462656974792	0.21875	0.238095238095238	0.3642032518982887	0.0610285472710331	True	32	147	0.2272666692733764	0.5069462656974792	0.21875	0.238095238095238	0.3671064674854278	0.0689133668127622	True	GSE148071	P38	-0.0029032155871391	-0.007884819541729	True
liana	ICAM1_ITGAL+ITGB2	other	ICAM1	ITGAL+ITGB2	32	147	0.2214602380990982	0.3515416383743286	0.21875	0.1768707482993197	0.2865009382367134	0.044825226669422	True	32	147	0.2272666692733764	0.3515416383743286	0.21875	0.1768707482993197	0.2894041538238525	0.050729698060341	True	GSE148071	P38	-0.0029032155871391	-0.005904471390919	True
liana	ICAM1_SPN	other	ICAM1	SPN	32	147	0.2214602380990982	0.5519937872886658	0.21875	0.2585034013605442	0.386727012693882	0.0717108586433142	True	32	147	0.2272666692733764	0.5519937872886658	0.21875	0.2585034013605442	0.3896302282810211	0.0808569735510301	True	GSE148071	P38	-0.0029032155871391	-0.0091461149077159	True
liana	ITGAV+ITGB1_ADGRE5	other	ITGAV+ITGB1	ADGRE5	32	147	0.3004564642906189	0.2191659063100814	0.21875	0.1088435374149659	0.2598111853003502	0.0202482417825367	True	32	147	0.3687345385551452	0.2191659063100814	0.375	0.1088435374149659	0.2939502224326134	0.028046124316128	True	GSE148071	P38	-0.0341390371322631	-0.0077978825335912	True
liana	JAG1_CD46	other	JAG1	CD46	32	147	0.0	0.3864426612854004	0.0	0.1972789115646258	0.1932213306427002	0.0	False	32	147	0.3598322570323944	0.3864426612854004	0.34375	0.1972789115646258	0.3731374591588974	0.0898707400526876	True	GSE148071	P38	-0.1799161285161972	-0.0898707400526876	True
liana	LIPA_RORA	other	LIPA	RORA	32	147	0.0402486026287078	0.4448403120040893	0.0625	0.2040816326530612	0.2425444573163986	0.0	False	32	147	0.1420191526412964	0.4448403120040893	0.15625	0.2040816326530612	0.2934297323226928	0.0194805586513471	True	GSE148071	P38	-0.0508852750062942	-0.0194805586513471	True
liana	LPAR1_ADGRE5	other	LPAR1	ADGRE5	32	147	0.1424297094345092	0.2191659063100814	0.125	0.1088435374149659	0.1807978078722953	0.0008659405163786	True	32	147	0.299648106098175	0.2191659063100814	0.3125	0.1088435374149659	0.2594070062041282	0.0069076361667735	True	GSE148071	P38	-0.0786091983318328	-0.0060416956503949	True
liana	LPAR3_ADGRE5	other	LPAR3	ADGRE5	32	147	0.0	0.2191659063100814	0.0	0.1088435374149659	0.1095829531550407	0.0	False	32	147	0.1931699216365814	0.2191659063100814	0.1875	0.1088435374149659	0.2061679139733314	0.0031492251477753	True	GSE148071	P38	-0.0965849608182907	-0.0031492251477753	True
liana	NECTIN2_TIGIT	other	NECTIN2	TIGIT	32	147	0.2353559285402298	0.4492965936660766	0.21875	0.1904761904761904	0.3423262611031532	0.0491402656387209	True	32	147	0.2658518552780151	0.4492965936660766	0.21875	0.1904761904761904	0.3575742244720459	0.0612581619392935	True	GSE148071	P38	-0.0152479633688926	-0.0121178963005726	True
liana	PLAUR_ITGA4+ITGB1	other	PLAUR	ITGA4+ITGB1	32	147	0.1091330349445343	0.2579604387283325	0.125	0.1428571428571428	0.1835467368364334	0.0135712549971778	True	32	147	0.3314237594604492	0.2579604387283325	0.3125	0.1428571428571428	0.2946920990943908	0.1170563191559619	True	GSE148071	P38	-0.1111453622579574	-0.103485064158784	True
liana	PVR_CD96	other	PVR	CD96	32	147	0.0474377870559692	0.6714505553245544	0.0625	0.3129251700680272	0.3594441711902618	0.0	False	32	147	0.1689129471778869	0.6714505553245544	0.15625	0.3129251700680272	0.4201817512512207	0.0622259644895149	True	GSE148071	P38	-0.0607375800609588	-0.0622259644895149	True
liana	PVR_TIGIT	other	PVR	TIGIT	32	147	0.0474377870559692	0.4492965936660766	0.0625	0.1904761904761904	0.2483671903610229	0.0	False	32	147	0.1689129471778869	0.4492965936660766	0.15625	0.1904761904761904	0.3091047704219818	0.0267467754358157	True	GSE148071	P38	-0.0607375800609588	-0.0267467754358157	True
liana	SPP1_ITGA4+ITGB1	other	SPP1	ITGA4+ITGB1	32	147	0.1937115639448166	0.2579604387283325	0.125	0.1428571428571428	0.2258360013365745	0.0180788043060512	True	32	147	0.2637804746627807	0.2579604387283325	0.21875	0.1428571428571428	0.2608704566955566	0.0688090545335392	True	GSE148071	P38	-0.035034455358982	-0.050730250227488	True
liana	TGM2_ADGRG1	other	TGM2	ADGRG1	32	147	0.575525164604187	0.3507024347782135	0.4375	0.1632653061224489	0.4631137996912002	0.1299709726881034	True	32	147	0.7164707183837891	0.3507024347782135	0.46875	0.1632653061224489	0.5335865765810013	0.1633522487746501	True	GSE148071	P38	-0.070472776889801	-0.0333812760865466	True
liana	TNC_ITGA4+ITGB1	other	TNC	ITGA4+ITGB1	32	147	0.7993058562278748	0.2579604387283325	0.59375	0.1428571428571428	0.5286331474781036	0.2875380538534607	True	32	147	0.4624269306659698	0.2579604387283325	0.40625	0.1428571428571428	0.3601936846971512	0.1583073574821625	True	GSE148071	P38	0.1684394627809524	0.1292306963712982	True
liana	VCAM1_ITGA4+ITGB1	other	VCAM1	ITGA4+ITGB1	32	147	0.0533681884407997	0.2579604387283325	0.03125	0.1428571428571428	0.1556643135845661	0.0	False	32	147	0.0816607847809791	0.2579604387283325	0.125	0.1428571428571428	0.1698106117546558	0.011576633407906	True	GSE148071	P38	-0.0141462981700897	-0.011576633407906	True
cellchat	MDK_NCL	MK	MDK	NCL	25	346	1.0842236280441284	1.08427894115448	0.64	0.4479768786127168	1.0842512845993042	0.6693221883598068	True	24	346	0.587719202041626	1.08427894115448	0.375	0.4479768786127168	0.835999071598053	0.481642623724951	True	GSE148071	P40	0.2482522130012512	0.1876795646348558	True
cellchat	PTN_NCL	PTN	PTN	NCL	25	346	0.6247562170028687	1.08427894115448	0.36	0.4479768786127168	0.8545175790786743	0.4801239501397445	True	24	346	0.1295260339975357	1.08427894115448	0.125	0.4479768786127168	0.6069024875760078	0.058197202486696	True	GSE148071	P40	0.2476150915026664	0.4219267476530485	True
cellchat	LGALS9_CD45	GALECTIN	LGALS9	PTPRC	25	346	0.2396943420171737	1.824514627456665	0.2	0.6647398843930635	1.0321044847369194	0.2973924509981196	True	24	346	0.0543423891067504	1.824514627456665	0.0416666666666666	0.6647398843930635	0.9394285082817078	0.0	False	GSE148071	P40	0.0926759764552116	0.2973924509981196	True
cellchat	LGALS9_CD44	GALECTIN	LGALS9	CD44	25	346	0.2396943420171737	0.4567248821258545	0.2	0.2023121387283237	0.3482096120715141	0.055068786446061	True	24	346	0.0543423891067504	0.4567248821258545	0.0416666666666666	0.2023121387283237	0.2555336356163025	0.0	False	GSE148071	P40	0.0926759764552116	0.055068786446061	True
cellchat	LAMA5_CD44	LAMININ	LAMA5	CD44	25	346	0.0932878851890564	0.4567248821258545	0.08	0.2023121387283237	0.2750063836574554	0.0	False	24	346	0.173699215054512	0.4567248821258545	0.1666666666666666	0.2023121387283237	0.3152120485901832	0.0381217158394984	True	GSE148071	P40	-0.0402056649327278	-0.0381217158394984	True
cellchat	LAMB1_CD44	LAMININ	LAMB1	CD44	25	346	0.0691502392292022	0.4567248821258545	0.08	0.2023121387283237	0.2629375606775284	0.0	False	24	346	0.1641075611114502	0.4567248821258545	0.125	0.2023121387283237	0.3104162216186523	0.0257419946866051	True	GSE148071	P40	-0.0474786609411239	-0.0257419946866051	True
cellchat	LAMB2_CD44	LAMININ	LAMB2	CD44	25	346	0.0	0.4567248821258545	0.0	0.2023121387283237	0.2283624410629272	0.0	False	24	346	0.1024956479668617	0.4567248821258545	0.125	0.2023121387283237	0.2796102650463581	0.0118246602195997	True	GSE148071	P40	-0.0512478239834308	-0.0118246602195997	True
cellchat	LAMB3_CD44	LAMININ	LAMB3	CD44	25	346	0.7301559448242188	0.4567248821258545	0.48	0.2023121387283237	0.5934404134750366	0.247370094415934	True	24	346	0.6794741749763489	0.4567248821258545	0.4583333333333333	0.2023121387283237	0.5680995285511017	0.2348590169148819	True	GSE148071	P40	0.0253408849239349	0.012511077501052	True
cellchat	LAMC2_CD44	LAMININ	LAMC2	CD44	25	346	0.1682292222976684	0.4567248821258545	0.16	0.2023121387283237	0.3124770522117615	0.0436195479182394	True	24	346	0.1860965639352798	0.4567248821258545	0.125	0.2023121387283237	0.3214107230305671	0.0157829399496617	True	GSE148071	P40	-0.0089336708188056	0.0278366079685776	True
cellchat	APP_CD74	APP	APP	CD74	25	346	0.4908300042152405	0.7934364676475525	0.36	0.3179190751445087	0.6421332359313965	0.3184672004047557	True	24	346	0.578069269657135	0.7934364676475525	0.375	0.3179190751445087	0.6857528686523438	0.3687882138054802	True	GSE148071	P40	-0.0436196327209472	-0.0503210134007245	True
cellchat	CD99_CD99	CD99	CD99	CD99	25	346	0.5671361088752747	0.6719810366630554	0.4	0.2832369942196532	0.619558572769165	0.3008587803278738	True	24	346	0.5464221835136414	0.6719810366630554	0.3333333333333333	0.2832369942196532	0.6092016100883484	0.2994906666068435	True	GSE148071	P40	0.0103569626808166	0.0013681137210302	True
cellchat	CLEC2B_KLRB1	CLEC	CLEC2B	KLRB1	25	346	0.5114533305168152	0.6970518231391907	0.36	0.2572254335260115	0.6042525768280029	0.2699119479395661	True	24	346	0.6679951548576355	0.6970518231391907	0.375	0.2572254335260115	0.6825234889984131	0.3345261117080499	True	GSE148071	P40	-0.0782709121704101	-0.0646141637684838	True
cellchat	ICAM1_ITGAL	ICAM	ICAM1	ITGAL	25	346	0.4712599217891693	0.2518916726112366	0.32	0.1156069364161849	0.3615757972002029	0.0190838190992942	True	24	346	0.2626951336860657	0.2518916726112366	0.1666666666666666	0.1156069364161849	0.2572934031486511	0.0045543299502895	True	GSE148071	P40	0.1042823940515518	0.0145294891490046	True
cellchat	ICAM1_SPN	ICAM	ICAM1	SPN	25	346	0.4712599217891693	0.3634554743766784	0.32	0.1647398843930635	0.4173576980829239	0.0840233217102171	True	24	346	0.2626951336860657	0.3634554743766784	0.1666666666666666	0.1647398843930635	0.313075304031372	0.0211164066349912	True	GSE148071	P40	0.1042823940515518	0.0629069150752259	True
cellchat	HLA-A_CD8A	MHC-I	HLA-A	CD8A	25	346	1.9667327404022217	0.4156510829925537	0.88	0.176300578034682	1.1911919116973877	0.4323969487045365	True	24	346	2.1396310329437256	0.4156510829925537	0.875	0.176300578034682	1.2776410579681396	0.4570426690499409	True	GSE148071	P40	-0.0864491462707519	-0.0246457203454043	True
cellchat	HLA-B_CD8A	MHC-I	HLA-B	CD8A	25	346	2.1337146759033203	0.4156510829925537	0.88	0.176300578034682	1.274682879447937	0.4564422091028736	True	24	346	1.8820537328720093	0.4156510829925537	0.8333333333333334	0.176300578034682	1.1488524079322815	0.4212761630776097	True	GSE148071	P40	0.1258304715156555	0.0351660460252639	True
cellchat	HLA-C_CD8A	MHC-I	HLA-C	CD8A	25	346	1.4309837818145752	0.4156510829925537	0.72	0.176300578034682	0.9233174324035645	0.347227820932396	True	24	346	1.7896862030029297	0.4156510829925537	0.7916666666666666	0.176300578034682	1.1026686429977417	0.4043121783261412	True	GSE148071	P40	-0.1793512105941772	-0.0570843573937451	True
cellchat	HLA-E_CD8A	MHC-I	HLA-E	CD8A	25	346	1.5549365282058716	0.4156510829925537	0.84	0.176300578034682	0.9852938055992126	0.3725579064827833	True	24	346	1.5211286544799805	0.4156510829925537	0.7083333333333334	0.176300578034682	0.9683898687362672	0.3600162872321281	True	GSE148071	P40	0.0169039368629455	0.0125416192506551	True
cellchat	HLA-F_CD8A	MHC-I	HLA-F	CD8A	25	346	0.4097571074962616	0.4156510829925537	0.36	0.176300578034682	0.4127040952444076	0.103783749640488	True	24	346	0.4466166496276855	0.4156510829925537	0.2916666666666667	0.176300578034682	0.4311338663101196	0.1127600958631169	True	GSE148071	P40	-0.0184297710657119	-0.0089763462226289	True
cellchat	CD55_ADGRE5	ADGRE	CD55	ADGRE5	25	346	0.3794078826904297	0.2864012420177459	0.28	0.130057803468208	0.3329045623540878	0.0280620231817667	True	24	346	0.4277655184268951	0.2864012420177459	0.25	0.130057803468208	0.3570833802223205	0.0282996420008284	True	GSE148071	P40	-0.0241788178682327	-0.0002376188190616	True
cellchat	TGM2_ADGRG1	ADGRG	TGM2	ADGRG1	25	346	0.1644277721643448	0.3593024909496307	0.12	0.1387283236994219	0.2618651315569877	0.0097479696578104	True	24	346	0.3867993354797363	0.3593024909496307	0.25	0.1387283236994219	0.3730509132146835	0.040687021230531	True	GSE148071	P40	-0.1111857816576957	-0.0309390515727206	True
liana	HLA-A_CD8A	MHC_I	HLA-A	CD8A	25	346	1.9667327404022217	0.4156510829925537	0.88	0.176300578034682	1.1911919116973877	0.4323969487045365	True	24	346	2.1396310329437256	0.4156510829925537	0.875	0.176300578034682	1.2776410579681396	0.4570426690499409	True	GSE148071	P40	-0.0864491462707519	-0.0246457203454043	True
liana	HLA-B_CD8A	MHC_I	HLA-B	CD8A	25	346	2.1337146759033203	0.4156510829925537	0.88	0.176300578034682	1.274682879447937	0.4564422091028736	True	24	346	1.8820537328720093	0.4156510829925537	0.8333333333333334	0.176300578034682	1.1488524079322815	0.4212761630776097	True	GSE148071	P40	0.1258304715156555	0.0351660460252639	True
liana	HLA-C_CD8A	MHC_I	HLA-C	CD8A	25	346	1.4309837818145752	0.4156510829925537	0.72	0.176300578034682	0.9233174324035645	0.347227820932396	True	24	346	1.7896862030029297	0.4156510829925537	0.7916666666666666	0.176300578034682	1.1026686429977417	0.4043121783261412	True	GSE148071	P40	-0.1793512105941772	-0.0570843573937451	True
liana	HLA-E_KLRD1	MHC_I	HLA-E	KLRD1	25	346	1.5549365282058716	0.4507385492324829	0.84	0.1791907514450867	1.0028375387191772	0.3998993352329296	True	24	346	1.5211286544799805	0.4507385492324829	0.7083333333333334	0.1791907514450867	0.9859336018562316	0.3870050132474561	True	GSE148071	P40	0.0169039368629455	0.0128943219854735	True
liana	HLA-E_VSIR	MHC_I_partial	HLA-E	VSIR	25	346	1.5549365282058716	0.2273955196142196	0.84	0.1098265895953757	0.8911660239100456	0.060846694162668	True	24	346	1.5211286544799805	0.2273955196142196	0.7083333333333334	0.1098265895953757	0.8742620870471001	0.0578312130959276	True	GSE148071	P40	0.0169039368629455	0.0030154810667403	True
liana	HLA-F_VSIR	MHC_I_partial	HLA-F	VSIR	25	346	0.4097571074962616	0.2273955196142196	0.36	0.1098265895953757	0.3185763135552406	0.0124779632317083	True	24	346	0.4466166496276855	0.2273955196142196	0.2916666666666667	0.1098265895953757	0.3370060846209526	0.0136777158833033	True	GSE148071	P40	-0.0184297710657119	-0.0011997526515949	True
liana	CXCL14_CXCR4	T_recruit_partial	CXCL14	CXCR4	25	346	0.302364706993103	0.5600027441978455	0.16	0.2398843930635838	0.4311837255954742	0.0855170169892688	True	24	346	0.3500098288059234	0.5600027441978455	0.1666666666666666	0.2398843930635838	0.4550062865018844	0.0965235474680842	True	GSE148071	P40	-0.0238225609064102	-0.0110065304788154	True
liana	APP_CD74	other	APP	CD74	25	346	0.4908300042152405	0.7934364676475525	0.36	0.3179190751445087	0.6421332359313965	0.3184672004047557	True	24	346	0.578069269657135	0.7934364676475525	0.375	0.3179190751445087	0.6857528686523438	0.3687882138054802	True	GSE148071	P40	-0.0436196327209472	-0.0503210134007245	True
liana	CD44_TYROBP	other	CD44	TYROBP	25	346	0.631888210773468	0.5766134262084961	0.44	0.2080924855491329	0.6042508184909821	0.251545293649371	True	24	346	0.5882142186164856	0.5766134262084961	0.375	0.2080924855491329	0.5824138224124908	0.2318959568531428	True	GSE148071	P40	0.0218369960784912	0.0196493367962282	True
liana	CD55_ADGRE5	other	CD55	ADGRE5	25	346	0.3794078826904297	0.2864012420177459	0.28	0.130057803468208	0.3329045623540878	0.0280620231817667	True	24	346	0.4277655184268951	0.2864012420177459	0.25	0.130057803468208	0.3570833802223205	0.0282996420008284	True	GSE148071	P40	-0.0241788178682327	-0.0002376188190616	True
liana	DHCR24_RORA	other	DHCR24	RORA	25	346	0.1925836503505706	0.4020859003067016	0.16	0.1791907514450867	0.2973347753286361	0.0366137198472473	True	24	346	0.1665288656949997	0.4020859003067016	0.125	0.1791907514450867	0.2843073830008507	0.0188822413599808	True	GSE148071	P40	0.0130273923277854	0.0177314784872665	True
liana	F11R_ITGAL+ITGB2	other	F11R	ITGAL+ITGB2	25	346	0.2614653706550598	0.2518916726112366	0.24	0.1156069364161849	0.2566785216331482	0.0199685978282731	True	24	346	0.52192622423172	0.2518916726112366	0.375	0.1156069364161849	0.3869089484214782	0.0443086925691319	True	GSE148071	P40	-0.13023042678833	-0.0243400947408587	True
liana	ICAM1_ITGAL	other	ICAM1	ITGAL	25	346	0.4712599217891693	0.2518916726112366	0.32	0.1156069364161849	0.3615757972002029	0.0190838190992942	True	24	346	0.2626951336860657	0.2518916726112366	0.1666666666666666	0.1156069364161849	0.2572934031486511	0.0045543299502895	True	GSE148071	P40	0.1042823940515518	0.0145294891490046	True
liana	ICAM1_ITGAL+ITGB2	other	ICAM1	ITGAL+ITGB2	25	346	0.4712599217891693	0.2518916726112366	0.32	0.1156069364161849	0.3615757972002029	0.0339934860844685	True	24	346	0.2626951336860657	0.2518916726112366	0.1666666666666666	0.1156069364161849	0.2572934031486511	0.0082074834033895	True	GSE148071	P40	0.1042823940515518	0.025786002681079	True
liana	ICAM1_SPN	other	ICAM1	SPN	25	346	0.4712599217891693	0.3634554743766784	0.32	0.1647398843930635	0.4173576980829239	0.0840233217102171	True	24	346	0.2626951336860657	0.3634554743766784	0.1666666666666666	0.1647398843930635	0.313075304031372	0.0211164066349912	True	GSE148071	P40	0.1042823940515518	0.0629069150752259	True
liana	ITGAV+ITGB1_ADGRE5	other	ITGAV+ITGB1	ADGRE5	25	346	0.0932878851890564	0.2864012420177459	0.08	0.130057803468208	0.1898445636034011	0.0	False	24	346	0.3400218784809112	0.2864012420177459	0.2916666666666667	0.130057803468208	0.3132115602493286	0.0422634602721377	True	GSE148071	P40	-0.1233669966459274	-0.0422634602721377	True
liana	JAG1_CD46	other	JAG1	CD46	25	346	0.2653949558734894	0.219184324145317	0.2	0.1011560693641618	0.2422896400094032	0.0011203490570276	True	24	346	0.2462057322263717	0.219184324145317	0.2083333333333333	0.1011560693641618	0.2326950281858444	0.0008051075841226	True	GSE148071	P40	0.0095946118235588	0.000315241472905	True
liana	PTGES_PTGER4	other	PTGES	PTGER4	25	346	0.3064629435539245	0.2370721399784088	0.28	0.1040462427745664	0.2717675417661667	0.0052530672877471	True	24	346	0.4281032085418701	0.2370721399784088	0.2916666666666667	0.1040462427745664	0.3325876742601394	0.0069415146791941	True	GSE148071	P40	-0.0608201324939727	-0.0016884473914469	True
liana	PTGES3_PTGER4	other	PTGES3	PTGER4	25	346	0.6639283895492554	0.2370721399784088	0.44	0.1040462427745664	0.4505002647638321	0.0129245891056672	True	24	346	0.3811119496822357	0.2370721399784088	0.2916666666666667	0.1040462427745664	0.3090920448303222	0.0060468644627133	True	GSE148071	P40	0.1414082199335098	0.0068777246429538	True
liana	TGM2_ADGRG1	other	TGM2	ADGRG1	25	346	0.1644277721643448	0.3593024909496307	0.12	0.1387283236994219	0.2618651315569877	0.0097479696578104	True	24	346	0.3867993354797363	0.3593024909496307	0.25	0.1387283236994219	0.3730509132146835	0.040687021230531	True	GSE148071	P40	-0.1111857816576957	-0.0309390515727206	True
cellchat	CSF1_CSF1R	CSF	CSF1	CSF1R	54	51	0.2063474059104919	0.5167303085327148	0.1851851851851851	0.2745098039215686	0.3615388572216034	0.0680795897779527	True	54	51	0.2464468032121658	0.5167303085327148	0.2037037037037037	0.2745098039215686	0.3815885558724403	0.074296535287715	True	GSE148071	P5	-0.0200496986508369	-0.0062169455097623	True
cellchat	SPP1_CD44	SPP1	SPP1	CD44	54	51	0.1705792397260666	0.5583518743515015	0.1111111111111111	0.3137254901960784	0.364465557038784	0.0149870684918202	True	54	51	0.1947971582412719	0.5583518743515015	0.0925925925925925	0.3137254901960784	0.3765745162963867	0.0	False	GSE148071	P5	-0.0121089592576026	0.0149870684918202	True
cellchat	MDK_NCL	MK	MDK	NCL	54	51	1.6191816329956057	1.7089465856552124	0.8333333333333334	0.7647058823529411	1.664064109325409	0.852070100874418	True	54	51	1.4320616722106934	1.7089465856552124	0.7222222222222222	0.7647058823529411	1.5705041289329529	0.8311832852567576	True	GSE148071	P5	0.093559980392456	0.0208868156176604	True
cellchat	PTN_NCL	PTN	PTN	NCL	54	51	0.5483677387237549	1.7089465856552124	0.3888888888888889	0.7647058823529411	1.1286571621894836	0.5827412921503728	True	54	51	0.5320306420326233	1.7089465856552124	0.3518518518518518	0.7647058823529411	1.1204886138439178	0.5804609086018349	True	GSE148071	P5	0.0081685483455657	0.0022803835485379	True
cellchat	PROS1_AXL	PROS	PROS1	AXL	54	51	0.1009861603379249	0.4073224663734436	0.1111111111111111	0.196078431372549	0.2541543133556843	0.0053332473706411	True	54	51	0.0867217257618904	0.4073224663734436	0.0925925925925925	0.196078431372549	0.247022096067667	0.0	False	GSE148071	P5	0.0071322172880172	0.0053332473706411	True
cellchat	FN1_CD44	FN1	FN1	CD44	54	51	1.5422784090042114	0.5583518743515015	0.7222222222222222	0.3137254901960784	1.0503151416778564	0.5483563163076712	True	54	51	1.6368532180786133	0.5583518743515015	0.7037037037037037	0.3137254901960784	1.0976025462150574	0.5674936469212973	True	GSE148071	P5	-0.0472874045372009	-0.0191373306136261	True
cellchat	COL1A1_CD44	COLLAGEN	COL1A1	CD44	54	51	0.1311863362789154	0.5583518743515015	0.1111111111111111	0.3137254901960784	0.3447691053152084	0.0166610200400529	True	54	51	0.2241046875715255	0.5583518743515015	0.1666666666666666	0.3137254901960784	0.3912282809615135	0.0661502389401723	True	GSE148071	P5	-0.046459175646305	-0.0494892189001193	True
cellchat	COL1A2_CD44	COLLAGEN	COL1A2	CD44	54	51	0.6743645668029785	0.5583518743515015	0.4259259259259259	0.3137254901960784	0.61635822057724	0.3174236595222532	True	54	51	0.5846476554870605	0.5583518743515015	0.3703703703703703	0.3137254901960784	0.571499764919281	0.2824826777900206	True	GSE148071	P5	0.0448584556579589	0.0349409817322325	True
cellchat	COL4A4_CD44	COLLAGEN	COL4A4	CD44	54	51	0.259285420179367	0.5583518743515015	0.2222222222222222	0.3137254901960784	0.4088186472654342	0.1036440599907825	True	54	51	0.0502084493637084	0.5583518743515015	0.0555555555555555	0.3137254901960784	0.304280161857605	0.0	False	GSE148071	P5	0.1045384854078292	0.1036440599907825	True
cellchat	LAMB2_CD44	LAMININ	LAMB2	CD44	54	51	0.1298511177301406	0.5583518743515015	0.1296296296296296	0.3137254901960784	0.3441014960408211	0.02297936896599	True	54	51	0.1926977038383484	0.5583518743515015	0.1296296296296296	0.3137254901960784	0.3755247890949249	0.0388299120363078	True	GSE148071	P5	-0.0314232930541038	-0.0158505430703177	True
cellchat	LAMB3_CD44	LAMININ	LAMB3	CD44	54	51	0.5719557404518127	0.5583518743515015	0.4259259259259259	0.3137254901960784	0.5651538074016571	0.2836268038936202	True	54	51	0.5637810826301575	0.5583518743515015	0.3703703703703703	0.3137254901960784	0.5610664784908295	0.2694638631611922	True	GSE148071	P5	0.0040873289108276	0.014162940732428	True
cellchat	APP_CD74	APP	APP	CD74	54	51	0.3498138785362243	2.977116584777832	0.2777777777777778	0.8823529411764706	1.6634652316570282	0.5850822138716827	True	54	51	0.2676188051700592	2.977116584777832	0.2037037037037037	0.8823529411764706	1.6223676949739456	0.4490280295326795	True	GSE148071	P5	0.0410975366830825	0.1360541843390031	True
cellchat	CADM1_CADM1	CADM	CADM1	CADM1	54	51	1.2329213619232178	0.2466234266757965	0.6666666666666666	0.1568627450980392	0.7397723942995071	0.1855807674813982	True	54	51	1.222902774810791	0.2466234266757965	0.6851851851851852	0.1568627450980392	0.7347631007432938	0.1859276286608739	True	GSE148071	P5	0.0050092935562133	-0.0003468611794756	True
cellchat	CLEC2B_KLRB1	CLEC	CLEC2B	KLRB1	54	51	0.2128840535879135	0.2398258298635482	0.1666666666666666	0.1176470588235294	0.2263549417257309	0.0067513221460478	True	54	51	0.1385557651519775	0.2398258298635482	0.1296296296296296	0.1176470588235294	0.1891907975077629	0.0019545776137551	True	GSE148071	P5	0.0371641442179679	0.0047967445322927	True
cellchat	ICAM1_SPN	ICAM	ICAM1	SPN	54	51	1.2346270084381104	0.4326035678386688	0.6851851851851852	0.2156862745098039	0.8336152881383896	0.3519607452197364	True	54	51	0.9819012880325316	0.4326035678386688	0.5	0.2156862745098039	0.7072524279356003	0.2954436615444241	True	GSE148071	P5	0.1263628602027893	0.0565170836753123	True
cellchat	HLA-DPA1_CD4	MHC-II	HLA-DPA1	CD4	54	51	0.4861896634101867	0.5033692121505737	0.3518518518518518	0.2549019607843137	0.4947794377803802	0.1832307274090616	True	54	51	0.4011721312999725	0.5033692121505737	0.2777777777777778	0.2549019607843137	0.4522706717252731	0.1362011980581303	True	GSE148071	P5	0.0425087660551071	0.0470295293509312	True
cellchat	HLA-DPB1_CD4	MHC-II	HLA-DPB1	CD4	54	51	0.3740721344947815	0.5033692121505737	0.2592592592592592	0.2549019607843137	0.4387206733226776	0.1200027074926854	True	54	51	0.2825171947479248	0.5033692121505737	0.1851851851851851	0.2549019607843137	0.3929432034492492	0.0745465340332454	True	GSE148071	P5	0.0457774698734283	0.0454561734594399	True
cellchat	HLA-DMA_CD4	MHC-II	HLA-DMA	CD4	54	51	0.1334452182054519	0.5033692121505737	0.1296296296296296	0.2549019607843137	0.3184072151780128	0.0210679487134765	True	54	51	0.0752550959587097	0.5033692121505737	0.074074074074074	0.2549019607843137	0.2893121540546417	0.0	False	GSE148071	P5	0.0290950611233711	0.0210679487134765	True
cellchat	HLA-DMB_CD4	MHC-II	HLA-DMB	CD4	54	51	0.1462196707725525	0.5033692121505737	0.1296296296296296	0.2549019607843137	0.3247944414615631	0.0204156585055249	True	54	51	0.0669351890683174	0.5033692121505737	0.0555555555555555	0.2549019607843137	0.2851522006094455	0.0	False	GSE148071	P5	0.0396422408521175	0.0204156585055249	True
cellchat	HLA-DQA2_CD4	MHC-II	HLA-DQA2	CD4	54	51	0.1576203256845474	0.5033692121505737	0.1111111111111111	0.2549019607843137	0.3304947689175606	0.0084491174444804	True	54	51	0.0745205283164978	0.5033692121505737	0.0925925925925925	0.2549019607843137	0.2889448702335357	0.0	False	GSE148071	P5	0.0415498986840248	0.0084491174444804	True
cellchat	HLA-DQB1_CD4	MHC-II	HLA-DQB1	CD4	54	51	0.1294760555028915	0.5033692121505737	0.1296296296296296	0.2549019607843137	0.3164226338267326	0.0218988882341717	True	54	51	0.144922450184822	0.5033692121505737	0.1296296296296296	0.2549019607843137	0.3241458311676979	0.0227692334965994	True	GSE148071	P5	-0.0077231973409652	-0.0008703452624276	True
cellchat	HLA-DRA_CD4	MHC-II	HLA-DRA	CD4	54	51	0.8174982666969299	0.5033692121505737	0.5370370370370371	0.2549019607843137	0.6604337394237518	0.3123853957071186	True	54	51	1.026931643486023	0.5033692121505737	0.6296296296296297	0.2549019607843137	0.7651504278182983	0.3927943127675533	True	GSE148071	P5	-0.1047166883945465	-0.0804089170604346	True
cellchat	HLA-DRB1_CD4	MHC-II	HLA-DRB1	CD4	54	51	0.1952411979436874	0.5033692121505737	0.1666666666666666	0.2549019607843137	0.3493052050471306	0.0469402369857253	True	54	51	0.3582652509212494	0.5033692121505737	0.3148148148148148	0.2549019607843137	0.4308172315359115	0.1484574961977158	True	GSE148071	P5	-0.0815120264887809	-0.1015172592119905	True
cellchat	CD55_ADGRE5	ADGRE	CD55	ADGRE5	54	51	2.5416738986968994	0.2081587165594101	0.925925925925926	0.1372549019607843	1.3749163076281548	0.2302976443894014	True	54	51	2.1683905124664307	0.2081587165594101	0.8333333333333334	0.1372549019607843	1.1882746145129204	0.2030458537018352	True	GSE148071	P5	0.1866416931152343	0.0272517906875661	True
cellchat	LPAR2_ADGRE5	ADGRE	LPAR2	ADGRE5	54	51	0.1270428299903869	0.2081587165594101	0.1111111111111111	0.1372549019607843	0.1676007732748985	0.0018052975840129	True	54	51	0.0634038746356964	0.2081587165594101	0.074074074074074	0.1372549019607843	0.1357812955975532	0.0	False	GSE148071	P5	0.0318194776773452	0.0018052975840129	True
cellchat	SFTPD_ADGRE5	ADGRE	SFTPD	ADGRE5	54	51	0.2027970403432846	0.2081587165594101	0.2037037037037037	0.1372549019607843	0.2054778784513473	0.0119354258522301	True	54	51	0.3405410647392273	0.2081587165594101	0.2592592592592592	0.1372549019607843	0.2743498906493187	0.0230405485241241	True	GSE148071	P5	-0.0688720121979713	-0.011105122671894	True
cellchat	CEACAM6_CEACAM6	CEACAM	CEACAM6	CEACAM6	54	51	2.408099889755249	0.7570525407791138	0.8888888888888888	0.3725490196078431	1.5825762152671814	0.7390375809648815	True	54	51	2.455153226852417	0.7570525407791138	0.8518518518518519	0.3725490196078431	1.6061028838157654	0.7396210510912267	True	GSE148071	P5	-0.0235266685485839	-0.0005834701263451	True
cellchat	IGFBP3_TMEM219	IGFBP	IGFBP3	TMEM219	54	51	0.0993961244821548	0.2992361187934875	0.0555555555555555	0.196078431372549	0.1993161216378212	0.0	False	54	51	0.1950192600488662	0.2992361187934875	0.1111111111111111	0.196078431372549	0.2471276894211769	0.0052722528272062	True	GSE148071	P5	-0.0478115677833557	-0.0052722528272062	True
cellchat	PROS1_MERTK	PROS	PROS1	MERTK	54	51	0.1009861603379249	0.2132655680179596	0.1111111111111111	0.1176470588235294	0.1571258641779422	0.0009534119881741	True	54	51	0.0867217257618904	0.2132655680179596	0.0925925925925925	0.1176470588235294	0.149993646889925	0.0	False	GSE148071	P5	0.0071322172880172	0.0009534119881741	True
liana	HLA-E_VSIR	MHC_I_partial	HLA-E	VSIR	54	51	0.3870731592178345	0.2623446881771087	0.3333333333333333	0.1372549019607843	0.3247089236974716	0.0350276520507419	True	54	51	0.4111181795597076	0.2623446881771087	0.2962962962962963	0.1372549019607843	0.3367314338684082	0.037005185931153	True	GSE148071	P5	-0.0120225101709365	-0.0019775338804111	True
liana	APLP2_PIGR	other	APLP2	PIGR	54	51	2.227647066116333	0.2961583435535431	0.9444444444444444	0.1568627450980392	1.261902704834938	0.3361966517640864	True	54	51	2.109548091888428	0.2961583435535431	0.8703703703703703	0.1568627450980392	1.2028532177209854	0.3260476476683376	True	GSE148071	P5	0.0590494871139526	0.0101490040957487	True
liana	APP_CD74	other	APP	CD74	54	51	0.3498138785362243	2.977116584777832	0.2777777777777778	0.8823529411764706	1.6634652316570282	0.5850822138716827	True	54	51	0.2676188051700592	2.977116584777832	0.2037037037037037	0.8823529411764706	1.6223676949739456	0.4490280295326795	True	GSE148071	P5	0.0410975366830825	0.1360541843390031	True
liana	CADM1_CADM1	other	CADM1	CADM1	54	51	1.2329213619232178	0.2466234266757965	0.6666666666666666	0.1568627450980392	0.7397723942995071	0.1855807674813982	True	54	51	1.222902774810791	0.2466234266757965	0.6851851851851852	0.1568627450980392	0.7347631007432938	0.1859276286608739	True	GSE148071	P5	0.0050092935562133	-0.0003468611794756	True
liana	CD44_TYROBP	other	CD44	TYROBP	54	51	0.6012834906578064	1.6070938110351562	0.4444444444444444	0.5490196078431373	1.104188650846481	0.6239716258477497	True	54	51	0.5594727993011475	1.6070938110351562	0.3703703703703703	0.5490196078431373	1.083283305168152	0.584010232539922	True	GSE148071	P5	0.0209053456783294	0.0399613933078276	True
liana	CD47_SIRPA	other	CD47	SIRPA	54	51	0.6236741542816162	0.3303571343421936	0.5	0.1764705882352941	0.4770156443119049	0.142058870521593	True	54	51	0.6453118324279785	0.3303571343421936	0.4814814814814814	0.1764705882352941	0.487834483385086	0.1451922026233934	True	GSE148071	P5	-0.0108188390731811	-0.0031333321018003	True
liana	CD55_ADGRE5	other	CD55	ADGRE5	54	51	2.5416738986968994	0.2081587165594101	0.925925925925926	0.1372549019607843	1.3749163076281548	0.2302976443894014	True	54	51	2.1683905124664307	0.2081587165594101	0.8333333333333334	0.1372549019607843	1.1882746145129204	0.2030458537018352	True	GSE148071	P5	0.1866416931152343	0.0272517906875661	True
liana	CEACAM6_CEACAM6	other	CEACAM6	CEACAM6	54	51	2.408099889755249	0.7570525407791138	0.8888888888888888	0.3725490196078431	1.5825762152671814	0.7390375809648815	True	54	51	2.455153226852417	0.7570525407791138	0.8518518518518519	0.3725490196078431	1.6061028838157654	0.7396210510912267	True	GSE148071	P5	-0.0235266685485839	-0.0005834701263451	True
liana	CSF1_CSF1R	other	CSF1	CSF1R	54	51	0.2063474059104919	0.5167303085327148	0.1851851851851851	0.2745098039215686	0.3615388572216034	0.0680795897779527	True	54	51	0.2464468032121658	0.5167303085327148	0.2037037037037037	0.2745098039215686	0.3815885558724403	0.074296535287715	True	GSE148071	P5	-0.0200496986508369	-0.0062169455097623	True
liana	FN1_ITGA4+ITGB1	other	FN1	ITGA4+ITGB1	54	51	1.5422784090042114	0.3920767605304718	0.7222222222222222	0.2352941176470588	0.9671775847673416	0.5269356439366101	True	54	51	1.6368532180786133	0.3920767605304718	0.7037037037037037	0.2352941176470588	1.0144649893045423	0.5462295349219873	True	GSE148071	P5	-0.0472874045372009	-0.0192938909853772	True
liana	ICAM1_SPN	other	ICAM1	SPN	54	51	1.2346270084381104	0.4326035678386688	0.6851851851851852	0.2156862745098039	0.8336152881383896	0.3519607452197364	True	54	51	0.9819012880325316	0.4326035678386688	0.5	0.2156862745098039	0.7072524279356003	0.2954436615444241	True	GSE148071	P5	0.1263628602027893	0.0565170836753123	True
liana	IGFBP3_TMEM219	other	IGFBP3	TMEM219	54	51	0.0993961244821548	0.2992361187934875	0.0555555555555555	0.196078431372549	0.1993161216378212	0.0	False	54	51	0.1950192600488662	0.2992361187934875	0.1111111111111111	0.196078431372549	0.2471276894211769	0.0052722528272062	True	GSE148071	P5	-0.0478115677833557	-0.0052722528272062	True
liana	ITGAV+ITGB1_ADGRE5	other	ITGAV+ITGB1	ADGRE5	54	51	0.5101265907287598	0.2081587165594101	0.3703703703703703	0.1372549019607843	0.3591426536440849	0.0677184931468588	True	54	51	0.4843595325946808	0.2081587165594101	0.3333333333333333	0.1372549019607843	0.3462591245770454	0.0604340084043234	True	GSE148071	P5	0.0128835290670394	0.0072844847425353	True
liana	LGALS3_MERTK	other	LGALS3	MERTK	54	51	1.951223611831665	0.2132655680179596	0.8333333333333334	0.1176470588235294	1.0822445899248123	0.1310225694531476	True	54	51	1.5944032669067385	0.2132655680179596	0.7592592592592593	0.1176470588235294	0.9038344174623488	0.1063701859024512	True	GSE148071	P5	0.1784101724624633	0.0246523835506964	True
liana	LPAR2_ADGRE5	other	LPAR2	ADGRE5	54	51	0.1270428299903869	0.2081587165594101	0.1111111111111111	0.1372549019607843	0.1676007732748985	0.0018052975840129	True	54	51	0.0634038746356964	0.2081587165594101	0.074074074074074	0.1372549019607843	0.1357812955975532	0.0	False	GSE148071	P5	0.0318194776773452	0.0018052975840129	True
liana	PLAUR_ITGA4+ITGB1	other	PLAUR	ITGA4+ITGB1	54	51	0.1149970218539238	0.3920767605304718	0.1296296296296296	0.2352941176470588	0.2535368911921978	0.022968752573674	True	54	51	0.1317522823810577	0.3920767605304718	0.1111111111111111	0.2352941176470588	0.2619145214557647	0.0086104493061665	True	GSE148071	P5	-0.0083776302635669	0.0143583032675075	True
liana	SFTPD_ADGRE5	other	SFTPD	ADGRE5	54	51	0.2027970403432846	0.2081587165594101	0.2037037037037037	0.1372549019607843	0.2054778784513473	0.0119354258522301	True	54	51	0.3405410647392273	0.2081587165594101	0.2592592592592592	0.1372549019607843	0.2743498906493187	0.0230405485241241	True	GSE148071	P5	-0.0688720121979713	-0.011105122671894	True
liana	SPP1_ITGA4+ITGB1	other	SPP1	ITGA4+ITGB1	54	51	0.1705792397260666	0.3920767605304718	0.1111111111111111	0.2352941176470588	0.2813280001282692	0.0137665441510994	True	54	51	0.1947971582412719	0.3920767605304718	0.0925925925925925	0.2352941176470588	0.2934369593858719	0.0	False	GSE148071	P5	-0.0121089592576026	0.0137665441510994	True
liana	TNC_ITGA4+ITGB1	other	TNC	ITGA4+ITGB1	54	51	0.3578044176101684	0.3920767605304718	0.2592592592592592	0.2352941176470588	0.3749405890703201	0.1155499248491854	True	54	51	0.2806445062160492	0.3920767605304718	0.2037037037037037	0.2352941176470588	0.3363606333732605	0.1053533470851482	True	GSE148071	P5	0.0385799556970596	0.0101965777640371	True
cellchat	MDK_NCL	MK	MDK	NCL	634	67	1.5381138324737549	1.9225631952285769	0.7539432176656151	0.835820895522388	1.7303385138511658	0.8599760301597588	True	633	67	0.9972043633461	1.9225631952285769	0.5244865718799369	0.835820895522388	1.4598837792873385	0.7801675146524779	True	GSE148071	P6	0.2704547345638275	0.0798085155072808	True
cellchat	PTN_NCL	PTN	PTN	NCL	634	67	0.3431923985481262	1.9225631952285769	0.2476340694006309	0.835820895522388	1.1328777968883514	0.4341109362205268	True	633	67	0.2790804207324981	1.9225631952285769	0.1958925750394944	0.835820895522388	1.1008218079805374	0.3178947587414329	True	GSE148071	P6	0.032055988907814	0.1162161774790938	True
cellchat	LAMA3_CD44	LAMININ	LAMA3	CD44	634	67	0.018091456964612	0.5879918932914734	0.0141955835962145	0.3283582089552239	0.3030416751280427	0.0	False	633	67	0.349919706583023	0.5879918932914734	0.1753554502369668	0.3283582089552239	0.4689557999372482	0.0938728975829658	True	GSE148071	P6	-0.1659141248092055	-0.0938728975829658	True
cellchat	LAMA5_CD44	LAMININ	LAMA5	CD44	634	67	0.077100470662117	0.5879918932914734	0.0630914826498422	0.3283582089552239	0.3325461819767952	0.0	False	633	67	0.1352097988128662	0.5879918932914734	0.1011058451816745	0.3283582089552239	0.3616008460521698	0.0008105417750097	True	GSE148071	P6	-0.0290546640753746	-0.0008105417750097	True
cellchat	LAMB3_CD44	LAMININ	LAMB3	CD44	634	67	0.2948216199874878	0.5879918932914734	0.2050473186119873	0.3283582089552239	0.4414067566394806	0.1014253939671356	True	633	67	0.9285062551498412	0.5879918932914734	0.4170616113744075	0.3283582089552239	0.7582490742206573	0.3794031412205312	True	GSE148071	P6	-0.3168423175811767	-0.2779777472533956	True
cellchat	LAMC2_CD44	LAMININ	LAMC2	CD44	634	67	0.0530254058539867	0.5879918932914734	0.0378548895899053	0.3283582089552239	0.32050864957273	0.0	False	633	67	0.4113446474075317	0.5879918932914734	0.1958925750394944	0.3283582089552239	0.4996682703495025	0.1147363370999705	True	GSE148071	P6	-0.1791596207767725	-0.1147363370999705	True
cellchat	APP_CD74	APP	APP	CD74	634	67	0.2009406238794326	1.566733479499817	0.1703470031545741	0.6716417910447762	0.8838370516896248	0.1624668085041787	True	633	67	0.3847272098064422	1.566733479499817	0.282780410742496	0.6716417910447762	0.9757303446531296	0.4209698103672117	True	GSE148071	P6	-0.0918932929635047	-0.2585030018630329	True
cellchat	CD99_CD99	CD99	CD99	CD99	634	67	0.3556567728519439	0.4166820645332336	0.2697160883280757	0.2537313432835821	0.3861694186925888	0.1091548659960401	True	633	67	0.4981723129749298	0.4166820645332336	0.3428120063191153	0.2537313432835821	0.4574271887540817	0.170354444603911	True	GSE148071	P6	-0.0712577700614929	-0.0611995786078709	True
cellchat	HLA-A_CD8A	MHC-I	HLA-A	CD8A	634	67	1.5009475946426392	0.4690287113189697	0.7255520504731862	0.2238805970149253	0.9849881529808044	0.474485302257553	True	633	67	1.7749011516571045	0.4690287113189697	0.7788309636650869	0.2238805970149253	1.121964931488037	0.5225057842458207	True	GSE148071	P6	-0.1369767785072326	-0.0480204819882676	True
cellchat	HLA-B_CD8A	MHC-I	HLA-B	CD8A	634	67	1.7934943437576294	0.4690287113189697	0.8107255520504731	0.2238805970149253	1.1312615275382996	0.5291173880490764	True	633	67	2.2020013332366943	0.4690287113189697	0.8751974723538705	0.2238805970149253	1.335515022277832	0.5843963800393802	True	GSE148071	P6	-0.2042534947395324	-0.0552789919903038	True
cellchat	HLA-C_CD8A	MHC-I	HLA-C	CD8A	634	67	0.9542993903160096	0.4690287113189697	0.5741324921135647	0.2238805970149253	0.7116640508174896	0.3515263584754639	True	633	67	1.167472004890442	0.4690287113189697	0.6382306477093207	0.2238805970149253	0.8182503581047058	0.4055895978173774	True	GSE148071	P6	-0.1065863072872161	-0.0540632393419135	True
cellchat	HLA-E_CD8A	MHC-I	HLA-E	CD8A	634	67	1.008476972579956	0.4690287113189697	0.5946372239747634	0.2238805970149253	0.7387528419494629	0.3658162186373803	True	633	67	1.0944417715072632	0.4690287113189697	0.6097946287519748	0.2238805970149253	0.7817352414131165	0.3863733983933732	True	GSE148071	P6	-0.0429823994636535	-0.0205571797559928	True
cellchat	HLA-F_CD8A	MHC-I	HLA-F	CD8A	634	67	0.2293988466262817	0.4690287113189697	0.1845425867507886	0.2238805970149253	0.3492137789726257	0.0494425535522343	True	633	67	0.2746393978595733	0.4690287113189697	0.2211690363349131	0.2238805970149253	0.3718340545892715	0.0733482330671691	True	GSE148071	P6	-0.0226202756166458	-0.0239056795149347	True
cellchat	HLA-A_CD8B	MHC-I	HLA-A	CD8B	634	67	1.5009475946426392	0.3180273175239563	0.7255520504731862	0.1940298507462686	0.9094874560832976	0.3301409564628828	True	633	67	1.7749011516571045	0.3180273175239563	0.7788309636650869	0.1940298507462686	1.0464642345905304	0.3739481417579193	True	GSE148071	P6	-0.1369767785072326	-0.0438071852950364	True
cellchat	HLA-B_CD8B	MHC-I	HLA-B	CD8B	634	67	1.7934943437576294	0.3180273175239563	0.8107255520504731	0.1940298507462686	1.0557608306407928	0.3801766263367299	True	633	67	2.2020013332366943	0.3180273175239563	0.8751974723538705	0.1940298507462686	1.260014325380325	0.4342449166479097	True	GSE148071	P6	-0.2042534947395324	-0.0540682903111798	True
cellchat	HLA-C_CD8B	MHC-I	HLA-C	CD8B	634	67	0.9542993903160096	0.3180273175239563	0.5741324921135647	0.1940298507462686	0.6361633539199829	0.2283349862158095	True	633	67	1.167472004890442	0.3180273175239563	0.6382306477093207	0.1940298507462686	0.7427496612071991	0.2713807922362338	True	GSE148071	P6	-0.1065863072872161	-0.0430458060204242	True
cellchat	HLA-E_CD8B	MHC-I	HLA-E	CD8B	634	67	1.008476972579956	0.3180273175239563	0.5946372239747634	0.1940298507462686	0.6632521450519562	0.2394662861185597	True	633	67	1.0944417715072632	0.3180273175239563	0.6097946287519748	0.1940298507462686	0.7062345445156097	0.2557869587474618	True	GSE148071	P6	-0.0429823994636535	-0.0163206726289021	True
cellchat	HLA-F_CD8B	MHC-I	HLA-F	CD8B	634	67	0.2293988466262817	0.3180273175239563	0.1845425867507886	0.1940298507462686	0.273713082075119	0.0276084350628387	True	633	67	0.2746393978595733	0.3180273175239563	0.2211690363349131	0.1940298507462686	0.2963333576917648	0.0414172071330711	True	GSE148071	P6	-0.0226202756166458	-0.0138087720702323	True
cellchat	HLA-DPA1_CD4	MHC-II	HLA-DPA1	CD4	634	67	0.1849075406789779	0.2011168152093887	0.1514195583596214	0.1194029850746268	0.1930121779441833	0.0029553019839501	True	633	67	0.2450259774923324	0.2011168152093887	0.1832543443917851	0.1194029850746268	0.2230713963508606	0.0056870195274801	True	GSE148071	P6	-0.0300592184066772	-0.00273171754353	True
cellchat	HLA-DPB1_CD4	MHC-II	HLA-DPB1	CD4	634	67	0.1062879711389541	0.2011168152093887	0.0788643533123028	0.1194029850746268	0.1537023931741714	0.0	False	633	67	0.1495815515518188	0.2011168152093887	0.1105845181674565	0.1194029850746268	0.1753491833806038	0.0005028801667464	True	GSE148071	P6	-0.0216467902064323	-0.0005028801667464	True
cellchat	HLA-DRA_CD4	MHC-II	HLA-DRA	CD4	634	67	0.8323681950569153	0.2011168152093887	0.4984227129337539	0.1194029850746268	0.516742505133152	0.0446668001817762	True	633	67	0.8740513920783997	0.2011168152093887	0.4802527646129542	0.1194029850746268	0.5375841036438942	0.0455188847845489	True	GSE148071	P6	-0.0208415985107421	-0.0008520846027726	True
cellchat	HLA-DRB1_CD4	MHC-II	HLA-DRB1	CD4	634	67	0.6681839823722839	0.2011168152093887	0.4337539432176656	0.1194029850746268	0.4346503987908363	0.0344107760610444	True	633	67	0.8612711429595947	0.2011168152093887	0.4723538704581358	0.1194029850746268	0.5311939790844917	0.0449559595148784	True	GSE148071	P6	-0.0965435802936554	-0.0105451834538339	True
cellchat	CD55_ADGRE5	ADGRE	CD55	ADGRE5	634	67	0.800209105014801	0.1832941323518753	0.4936908517350157	0.1044776119402985	0.4917516186833381	0.0164330654596364	True	633	67	0.5792821645736694	0.1832941323518753	0.34913112164297	0.1044776119402985	0.3812881484627723	0.0100956744266599	True	GSE148071	P6	0.1104634702205658	0.0063373910329764	True
cellchat	CEACAM5_CEACAM6	CEACAM	CEACAM5	CEACAM6	634	67	1.147992730140686	0.1789886206388473	0.5662460567823344	0.1044776119402985	0.6634906753897667	0.0290808483234176	True	633	67	0.758685290813446	0.1789886206388473	0.3680884676145339	0.1044776119402985	0.4688369557261467	0.0164875294941812	True	GSE148071	P6	0.19465371966362	0.0125933188292363	True
cellchat	CEACAM6_CEACAM6	CEACAM	CEACAM6	CEACAM6	634	67	1.21295166015625	0.1789886206388473	0.583596214511041	0.1044776119402985	0.6959701403975487	0.0308280475260125	True	633	67	0.8736042976379395	0.1789886206388473	0.4044233807266982	0.1044776119402985	0.5262964591383934	0.0197500929288954	True	GSE148071	P6	0.1696736812591552	0.0110779545971171	True
cellchat	IGFBP3_TMEM219	IGFBP	IGFBP3	TMEM219	634	67	0.4015639424324035	0.3463984727859497	0.2712933753943217	0.2238805970149253	0.3739812076091766	0.0840736256252324	True	633	67	0.3301191627979278	0.3463984727859497	0.1911532385466035	0.2238805970149253	0.3382588177919388	0.045866030212643	True	GSE148071	P6	0.0357223898172378	0.0382075954125893	True
cellchat	PPIA_BSG	CypA	PPIA	BSG	634	67	0.8446944952011108	0.2188998907804489	0.5488958990536278	0.1641791044776119	0.5317971929907799	0.1250119905466333	True	633	67	0.9300161004066468	0.2188998907804489	0.5497630331753555	0.1641791044776119	0.5744579955935478	0.1382614936074417	True	GSE148071	P6	-0.0426608026027679	-0.0132495030608084	True
liana	HLA-A_CD8A	MHC_I	HLA-A	CD8A	634	67	1.5009475946426392	0.4690287113189697	0.7255520504731862	0.2238805970149253	0.9849881529808044	0.474485302257553	True	633	67	1.7749011516571045	0.4690287113189697	0.7788309636650869	0.2238805970149253	1.121964931488037	0.5225057842458207	True	GSE148071	P6	-0.1369767785072326	-0.0480204819882676	True
liana	HLA-A_CD8B	MHC_I	HLA-A	CD8B	634	67	1.5009475946426392	0.3180273175239563	0.7255520504731862	0.1940298507462686	0.9094874560832976	0.3301409564628828	True	633	67	1.7749011516571045	0.3180273175239563	0.7788309636650869	0.1940298507462686	1.0464642345905304	0.3739481417579193	True	GSE148071	P6	-0.1369767785072326	-0.0438071852950364	True
liana	HLA-B_CD8A	MHC_I	HLA-B	CD8A	634	67	1.7934943437576294	0.4690287113189697	0.8107255520504731	0.2238805970149253	1.1312615275382996	0.5291173880490764	True	633	67	2.2020013332366943	0.4690287113189697	0.8751974723538705	0.2238805970149253	1.335515022277832	0.5843963800393802	True	GSE148071	P6	-0.2042534947395324	-0.0552789919903038	True
liana	HLA-B_CD8B	MHC_I	HLA-B	CD8B	634	67	1.7934943437576294	0.3180273175239563	0.8107255520504731	0.1940298507462686	1.0557608306407928	0.3801766263367299	True	633	67	2.2020013332366943	0.3180273175239563	0.8751974723538705	0.1940298507462686	1.260014325380325	0.4342449166479097	True	GSE148071	P6	-0.2042534947395324	-0.0540682903111798	True
liana	HLA-C_CD8A	MHC_I	HLA-C	CD8A	634	67	0.9542993903160096	0.4690287113189697	0.5741324921135647	0.2238805970149253	0.7116640508174896	0.3515263584754639	True	633	67	1.167472004890442	0.4690287113189697	0.6382306477093207	0.2238805970149253	0.8182503581047058	0.4055895978173774	True	GSE148071	P6	-0.1065863072872161	-0.0540632393419135	True
liana	HLA-C_CD8B	MHC_I	HLA-C	CD8B	634	67	0.9542993903160096	0.3180273175239563	0.5741324921135647	0.1940298507462686	0.6361633539199829	0.2283349862158095	True	633	67	1.167472004890442	0.3180273175239563	0.6382306477093207	0.1940298507462686	0.7427496612071991	0.2713807922362338	True	GSE148071	P6	-0.1065863072872161	-0.0430458060204242	True
liana	HLA-E_KLRD1	MHC_I	HLA-E	KLRD1	634	67	1.008476972579956	0.5185539722442627	0.5946372239747634	0.2835820895522388	0.7635154724121094	0.4162304288992869	True	633	67	1.0944417715072632	0.5185539722442627	0.6097946287519748	0.2835820895522388	0.8064978718757629	0.4376655012166045	True	GSE148071	P6	-0.0429823994636535	-0.0214350723173175	True
liana	CEACAM5_CD8A	MHC_I_partial	CEACAM5	CD8A	634	67	1.147992730140686	0.4690287113189697	0.5662460567823344	0.2238805970149253	0.8085107207298279	0.3885408210106955	True	633	67	0.758685290813446	0.4690287113189697	0.3680884676145339	0.2238805970149253	0.6138570010662079	0.2623456214953042	True	GSE148071	P6	0.19465371966362	0.1261951995153912	True
liana	HLA-E_VSIR	MHC_I_partial	HLA-E	VSIR	634	67	1.008476972579956	0.1428691744804382	0.5946372239747634	0.1044776119402985	0.5756730735301971	0.0221243399092743	True	633	67	1.0944417715072632	0.1428691744804382	0.6097946287519748	0.1044776119402985	0.6186554729938507	0.0241016341960676	True	GSE148071	P6	-0.0429823994636535	-0.0019772942867932	True
liana	HLA-F_VSIR	MHC_I_partial	HLA-F	VSIR	634	67	0.2293988466262817	0.1428691744804382	0.1845425867507886	0.1044776119402985	0.1861340105533599	0.0020359929184164	True	633	67	0.2746393978595733	0.1428691744804382	0.2211690363349131	0.1044776119402985	0.2087542861700058	0.003095036088567	True	GSE148071	P6	-0.0226202756166458	-0.0010590431701506	True
liana	CXCL14_CXCR4	T_recruit_partial	CXCL14	CXCR4	634	67	0.9492054581642152	0.3427710235118866	0.4810725552050473	0.1940298507462686	0.6459882408380508	0.2139973827624587	True	633	67	0.7905594706535339	0.3427710235118866	0.4091627172195892	0.1940298507462686	0.5666652470827103	0.1751426573042049	True	GSE148071	P6	0.0793229937553405	0.0388547254582537	True
liana	APP_CD74	other	APP	CD74	634	67	0.2009406238794326	1.566733479499817	0.1703470031545741	0.6716417910447762	0.8838370516896248	0.1624668085041787	True	633	67	0.3847272098064422	1.566733479499817	0.282780410742496	0.6716417910447762	0.9757303446531296	0.4209698103672117	True	GSE148071	P6	-0.0918932929635047	-0.2585030018630329	True
liana	CD44_TYROBP	other	CD44	TYROBP	634	67	0.3828190863132477	0.5941826105117798	0.2744479495268139	0.2388059701492537	0.4885008484125137	0.1388826314701365	True	633	67	0.6533365845680237	0.5941826105117798	0.4091627172195892	0.2388059701492537	0.6237595975399017	0.2635331144440629	True	GSE148071	P6	-0.135258749127388	-0.1246504829739263	True
liana	CD55_ADGRE5	other	CD55	ADGRE5	634	67	0.800209105014801	0.1832941323518753	0.4936908517350157	0.1044776119402985	0.4917516186833381	0.0164330654596364	True	633	67	0.5792821645736694	0.1832941323518753	0.34913112164297	0.1044776119402985	0.3812881484627723	0.0100956744266599	True	GSE148071	P6	0.1104634702205658	0.0063373910329764	True
liana	CDH1_ITGA2+ITGB1	other	CDH1	ITGA2+ITGB1	634	67	0.1923640370368957	0.1887624412775039	0.1593059936908517	0.1044776119402985	0.1905632391571998	0.0092119607869787	True	633	67	0.190839946269989	0.1887624412775039	0.1453396524486571	0.1044776119402985	0.1898011937737465	0.0070363861631845	True	GSE148071	P6	0.0007620453834533	0.0021755746237942	True
liana	CEACAM5_CEACAM6	other	CEACAM5	CEACAM6	634	67	1.147992730140686	0.1789886206388473	0.5662460567823344	0.1044776119402985	0.6634906753897667	0.0290808483234176	True	633	67	0.758685290813446	0.1789886206388473	0.3680884676145339	0.1044776119402985	0.4688369557261467	0.0164875294941812	True	GSE148071	P6	0.19465371966362	0.0125933188292363	True
liana	CEACAM6_CEACAM6	other	CEACAM6	CEACAM6	634	67	1.21295166015625	0.1789886206388473	0.583596214511041	0.1044776119402985	0.6959701403975487	0.0308280475260125	True	633	67	0.8736042976379395	0.1789886206388473	0.4044233807266982	0.1044776119402985	0.5262964591383934	0.0197500929288954	True	GSE148071	P6	0.1696736812591552	0.0110779545971171	True
liana	COL17A1_ITGA1+ITGB1	other	COL17A1	ITGA1+ITGB1	634	67	0.0628579705953598	0.2070173025131225	0.0410094637223974	0.1194029850746268	0.1349376365542411	0.0	False	633	67	0.62142014503479	0.2070173025131225	0.2890995260663507	0.1194029850746268	0.4142187237739563	0.1030180372076519	True	GSE148071	P6	-0.2792810872197151	-0.1030180372076519	True
liana	COL17A1_ITGA2+ITGB1	other	COL17A1	ITGA2+ITGB1	634	67	0.0628579705953598	0.1887624412775039	0.0410094637223974	0.1044776119402985	0.1258102059364318	0.0	False	633	67	0.62142014503479	0.1887624412775039	0.2890995260663507	0.1044776119402985	0.405091293156147	0.0666876449161706	True	GSE148071	P6	-0.2792810872197151	-0.0666876449161706	True
liana	COL7A1_ITGA1+ITGB1	other	COL7A1	ITGA1+ITGB1	634	67	0.015078798867762	0.2070173025131225	0.0157728706624605	0.1194029850746268	0.1110480506904423	0.0	False	633	67	0.2017026096582412	0.2070173025131225	0.1374407582938388	0.1194029850746268	0.2043599560856819	0.010183249564352	True	GSE148071	P6	-0.0933119053952395	-0.010183249564352	True
liana	COL7A1_ITGA2+ITGB1	other	COL7A1	ITGA2+ITGB1	634	67	0.015078798867762	0.1887624412775039	0.0157728706624605	0.1044776119402985	0.101920620072633	0.0	False	633	67	0.2017026096582412	0.1887624412775039	0.1374407582938388	0.1044776119402985	0.1952325254678726	0.0063598885854874	True	GSE148071	P6	-0.0933119053952395	-0.0063598885854874	True
liana	DHCR24_RORA	other	DHCR24	RORA	634	67	0.1898708939552307	0.1554782837629318	0.1577287066246056	0.1194029850746268	0.1726745888590812	0.0033372755216999	True	633	67	0.2083770632743835	0.1554782837629318	0.1548183254344391	0.1194029850746268	0.1819276735186576	0.0034649847610559	True	GSE148071	P6	-0.0092530846595764	-0.000127709239356	True
liana	IGFBP3_TMEM219	other	IGFBP3	TMEM219	634	67	0.4015639424324035	0.3463984727859497	0.2712933753943217	0.2238805970149253	0.3739812076091766	0.0840736256252324	True	633	67	0.3301191627979278	0.3463984727859497	0.1911532385466035	0.2238805970149253	0.3382588177919388	0.045866030212643	True	GSE148071	P6	0.0357223898172378	0.0382075954125893	True
liana	JAG1_CD46	other	JAG1	CD46	634	67	0.1487198770046234	0.1771818697452545	0.1261829652996845	0.1044776119402985	0.1629508733749389	0.0009033441761626	True	633	67	0.2405460625886917	0.1771818697452545	0.1958925750394944	0.1044776119402985	0.2088639661669731	0.0047304227260947	True	GSE148071	P6	-0.0459130927920341	-0.0038270785499321	True
liana	PLAUR_ITGA4+ITGB1	other	PLAUR	ITGA4+ITGB1	634	67	0.2159565389156341	0.311149388551712	0.1593059936908517	0.1940298507462686	0.2635529637336731	0.0310033563070832	True	633	67	0.1476088762283325	0.311149388551712	0.1090047393364928	0.1940298507462686	0.2293791323900222	0.0036855613031548	True	GSE148071	P6	0.0341738313436508	0.0273177950039284	True
liana	PPIA_BSG	other	PPIA	BSG	634	67	0.8446944952011108	0.2188998907804489	0.5488958990536278	0.1641791044776119	0.5317971929907799	0.1250119905466333	True	633	67	0.9300161004066468	0.2188998907804489	0.5497630331753555	0.1641791044776119	0.5744579955935478	0.1382614936074417	True	GSE148071	P6	-0.0426608026027679	-0.0132495030608084	True
liana	TNC_ITGA4+ITGB1	other	TNC	ITGA4+ITGB1	634	67	0.1585833132266998	0.311149388551712	0.1230283911671924	0.1940298507462686	0.2348663508892059	0.0097294015173254	True	633	67	0.3009816110134125	0.311149388551712	0.2085308056872037	0.1940298507462686	0.3060654997825622	0.0713523904264387	True	GSE148071	P6	-0.0711991488933563	-0.0616229889091132	True
liana	VEGFA_NRP2	other	VEGFA	NRP2	634	67	0.4287627935409546	0.2306114286184311	0.3091482649842271	0.1343283582089552	0.3296871110796928	0.034114170869529	True	633	67	0.3405244648456573	0.2306114286184311	0.244865718799368	0.1343283582089552	0.2855679467320442	0.0228724914957079	True	GSE148071	P6	0.0441191643476486	0.0112416793738211	True
cellchat	CXCL16_CXCR6	CXCL	CXCL16	CXCR6	23	60	0.0951176285743713	0.2178162187337875	0.1304347826086956	0.1166666666666666	0.1564669236540794	0.0011568009548452	True	23	60	0.1040387973189354	0.2178162187337875	0.1304347826086956	0.1166666666666666	0.1609275080263614	0.0014440309671679	True	GSE148071	P8	-0.004460584372282	-0.0002872300123227	True
cellchat	MDK_NCL	MK	MDK	NCL	23	60	1.5373154878616333	1.5205172300338743	0.8695652173913043	0.65	1.528916358947754	0.8305979999418208	True	23	60	1.1864360570907593	1.5205172300338743	0.6956521739130435	0.65	1.353476643562317	0.7805722319284779	True	GSE148071	P8	0.175439715385437	0.0500257680133429	True
cellchat	PTN_NCL	PTN	PTN	NCL	23	60	0.7278861403465271	1.5205172300338743	0.5652173913043478	0.65	1.1242016851902008	0.6543243855929123	True	23	60	0.7221039533615112	1.5205172300338743	0.5217391304347826	0.65	1.1213105916976929	0.6614033283460754	True	GSE148071	P8	0.0028910934925079	-0.0070789427531631	True
cellchat	LGALS9_CD45	GALECTIN	LGALS9	PTPRC	23	60	0.15275439620018	1.837734341621399	0.1739130434782608	0.75	0.9952443689107896	0.2117360986790091	True	23	60	0.1150587052106857	1.837734341621399	0.0869565217391304	0.75	0.9763965234160424	0.0	False	GSE148071	P8	0.0188478454947471	0.2117360986790091	True
cellchat	LGALS9_CD44	GALECTIN	LGALS9	CD44	23	60	0.15275439620018	0.7074753642082214	0.1739130434782608	0.3166666666666666	0.4301148802042007	0.0724875034672835	True	23	60	0.1150587052106857	0.7074753642082214	0.0869565217391304	0.3166666666666666	0.4112670347094536	0.0	False	GSE148071	P8	0.0188478454947471	0.0724875034672835	True
cellchat	FN1_CD44	FN1	FN1	CD44	23	60	0.0755008533596992	0.7074753642082214	0.0869565217391304	0.3166666666666666	0.3914881087839603	0.0	False	23	60	0.1166822463274002	0.7074753642082214	0.1304347826086956	0.3166666666666666	0.4120788052678108	0.0368887838703701	True	GSE148071	P8	-0.0205906964838504	-0.0368887838703701	True
cellchat	COL1A1_CD44	COLLAGEN	COL1A1	CD44	23	60	0.2189180701971054	0.7074753642082214	0.217391304347826	0.3166666666666666	0.4631967172026634	0.1276752764335195	True	23	60	0.2638143599033355	0.7074753642082214	0.217391304347826	0.3166666666666666	0.4856448620557785	0.1300592159703892	True	GSE148071	P8	-0.022448144853115	-0.0023839395368696	True
cellchat	LAMA5_CD44	LAMININ	LAMA5	CD44	23	60	0.1466537415981292	0.7074753642082214	0.1739130434782608	0.3166666666666666	0.4270645529031753	0.0789580821851982	True	23	60	0.2767849862575531	0.7074753642082214	0.217391304347826	0.3166666666666666	0.4921301752328872	0.1277230382445086	True	GSE148071	P8	-0.0650656223297119	-0.0487649560593104	True
cellchat	LAMB2_CD44	LAMININ	LAMB2	CD44	23	60	0.1031196415424346	0.7074753642082214	0.1739130434782608	0.3166666666666666	0.405297502875328	0.0508534863036746	True	23	60	0.0	0.7074753642082214	0.0	0.3166666666666666	0.3537376821041107	0.0	False	GSE148071	P8	0.0515598207712173	0.0508534863036746	True
cellchat	LAMB3_CD44	LAMININ	LAMB3	CD44	23	60	0.2995345890522003	0.7074753642082214	0.217391304347826	0.3166666666666666	0.5035049766302109	0.1498232667622734	True	23	60	0.4004136025905609	0.7074753642082214	0.2608695652173913	0.3166666666666666	0.5539444833993912	0.195988390005025	True	GSE148071	P8	-0.0504395067691803	-0.0461651232427516	True
cellchat	LAMC1_CD44	LAMININ	LAMC1	CD44	23	60	0.1444038152694702	0.7074753642082214	0.217391304347826	0.3166666666666666	0.4259395897388458	0.0879224067530894	True	23	60	0.3557800650596618	0.7074753642082214	0.3478260869565217	0.3166666666666666	0.5316277146339417	0.2366822381579472	True	GSE148071	P8	-0.1056881248950958	-0.1487598314048577	True
cellchat	LAMC2_CD44	LAMININ	LAMC2	CD44	23	60	0.5671159625053406	0.7074753642082214	0.5217391304347826	0.3166666666666666	0.637295663356781	0.3576785450706567	True	23	60	1.0945899486541748	0.7074753642082214	0.7391304347826086	0.3166666666666666	0.901032656431198	0.5334880034193591	True	GSE148071	P8	-0.2637369930744171	-0.1758094583487023	True
cellchat	THBS1_CD47	THBS	THBS1	CD47	23	60	0.1618449389934539	0.2259748876094818	0.1739130434782608	0.1333333333333333	0.1939099133014679	0.0061890456695457	True	23	60	0.0289904866367578	0.2259748876094818	0.0434782608695652	0.1333333333333333	0.1274826871231198	0.0	False	GSE148071	P8	0.066427226178348	0.0061890456695457	True
cellchat	APP_CD74	APP	APP	CD74	23	60	1.1526827812194824	1.1528701782226562	0.782608695652174	0.4666666666666667	1.1527764797210691	0.7009873290076936	True	23	60	1.2177358865737915	1.1528701782226562	0.8260869565217391	0.4666666666666667	1.185303032398224	0.7063305452133396	True	GSE148071	P8	-0.0325265526771545	-0.005343216205646	True
cellchat	CD99_CD99	CD99	CD99	CD99	23	60	0.6524834632873535	0.7512770295143127	0.4347826086956521	0.35	0.7018802464008331	0.3956667610737931	True	23	60	0.9992548823356628	0.7512770295143127	0.6956521739130435	0.35	0.8752659559249878	0.5380306483246736	True	GSE148071	P8	-0.1733857095241546	-0.1423638872508805	True
cellchat	CLEC2B_KLRB1	CLEC	CLEC2B	KLRB1	23	60	0.1350859105587005	1.026397943496704	0.1304347826086956	0.4166666666666667	0.5807419270277023	0.0749411117325732	True	23	60	0.0907014161348342	1.026397943496704	0.1304347826086956	0.4166666666666667	0.5585496798157692	0.0480515071554314	True	GSE148071	P8	0.0221922472119331	0.0268896045771417	True
cellchat	ICAM1_SPN	ICAM	ICAM1	SPN	23	60	0.3421028852462768	0.1971934586763382	0.217391304347826	0.1	0.2696481719613075	0.0	True	23	60	0.1509101688861847	0.1971934586763382	0.1739130434782608	0.1	0.1740518137812614	0.0	True	GSE148071	P8	0.095596358180046	0.0	True
cellchat	NECTIN3_TIGIT	NECTIN	NECTIN3	TIGIT	23	60	0.1317654997110366	0.500656247138977	0.1739130434782608	0.2166666666666666	0.3162108734250068	0.0322087654380447	True	23	60	0.1500845998525619	0.500656247138977	0.217391304347826	0.2166666666666666	0.3253704234957695	0.0532227803961936	True	GSE148071	P8	-0.0091595500707626	-0.0210140149581488	True
cellchat	NECTIN2_TIGIT	NECTIN	NECTIN2	TIGIT	23	60	0.5191530585289001	0.500656247138977	0.4782608695652174	0.2166666666666666	0.5099046528339386	0.2033500055179514	True	23	60	0.3766756355762481	0.500656247138977	0.3478260869565217	0.2166666666666666	0.4386659413576126	0.1477718314130503	True	GSE148071	P8	0.0712387114763259	0.055578174104901	True
cellchat	PVR_TIGIT	PVR	PVR	TIGIT	23	60	0.2276839613914489	0.500656247138977	0.217391304347826	0.2166666666666666	0.364170104265213	0.068760683049803	True	23	60	0.3400922417640686	0.500656247138977	0.3043478260869565	0.2166666666666666	0.4203742444515228	0.1217232126508032	True	GSE148071	P8	-0.0562041401863098	-0.0529625296010002	True
cellchat	APP_SORL1	APP	APP	SORL1	23	60	1.1526827812194824	0.2274610251188278	0.782608695652174	0.1166666666666666	0.6900719031691551	0.052878685366164	True	23	60	1.2177358865737915	0.2274610251188278	0.8260869565217391	0.1166666666666666	0.7225984558463097	0.0541768339365904	True	GSE148071	P8	-0.0325265526771545	-0.0012981485704264	True
cellchat	IGFBP3_TMEM219	IGFBP	IGFBP3	TMEM219	23	60	0.6597800850868225	0.4410746693611145	0.4347826086956521	0.2166666666666666	0.5504273772239685	0.2175824851145178	True	23	60	1.0688194036483765	0.4410746693611145	0.5217391304347826	0.2166666666666666	0.7549470365047455	0.3364893794572935	True	GSE148071	P8	-0.2045196592807769	-0.1189068943427756	True
cellchat	PPIA_BSG	CypA	PPIA	BSG	23	60	2.092103958129883	0.2827387452125549	0.9565217391304348	0.15	1.1874213516712189	0.2830886918565315	True	23	60	1.8039321899414065	0.2827387452125549	0.782608695652174	0.15	1.0433354675769806	0.2540377942674275	True	GSE148071	P8	0.1440858840942382	0.029050897589104	True
liana	CXCL16_CXCR6	T_recruit	CXCL16	CXCR6	23	60	0.0951176285743713	0.2178162187337875	0.1304347826086956	0.1166666666666666	0.1564669236540794	0.0011568009548452	True	23	60	0.1040387973189354	0.2178162187337875	0.1304347826086956	0.1166666666666666	0.1609275080263614	0.0014440309671679	True	GSE148071	P8	-0.004460584372282	-0.0002872300123227	True
liana	APP_CD74	other	APP	CD74	23	60	1.1526827812194824	1.1528701782226562	0.782608695652174	0.4666666666666667	1.1527764797210691	0.7009873290076936	True	23	60	1.2177358865737915	1.1528701782226562	0.8260869565217391	0.4666666666666667	1.185303032398224	0.7063305452133396	True	GSE148071	P8	-0.0325265526771545	-0.005343216205646	True
liana	APP_SORL1	other	APP	SORL1	23	60	1.1526827812194824	0.2274610251188278	0.782608695652174	0.1166666666666666	0.6900719031691551	0.052878685366164	True	23	60	1.2177358865737915	0.2274610251188278	0.8260869565217391	0.1166666666666666	0.7225984558463097	0.0541768339365904	True	GSE148071	P8	-0.0325265526771545	-0.0012981485704264	True
liana	CD44_TYROBP	other	CD44	TYROBP	23	60	0.3216536939144134	0.3072373569011688	0.2608695652173913	0.15	0.3144455254077911	0.0294810063306042	True	23	60	0.2072864025831222	0.3072373569011688	0.217391304347826	0.15	0.2572618797421455	0.0213623348518567	True	GSE148071	P8	0.0571836456656456	0.0081186714787475	True
liana	CD47_SIRPG	other	CD47	SIRPG	23	60	0.6728180646896362	0.3451439440250397	0.5652173913043478	0.1666666666666666	0.508981004357338	0.1448479381323122	True	23	60	0.4393205940723419	0.3451439440250397	0.391304347826087	0.1666666666666666	0.3922322690486908	0.0971426394603132	True	GSE148071	P8	0.1167487353086471	0.047705298671999	True
liana	CD58_CD2	other	CD58	CD2	23	60	0.2232759892940521	2.6543567180633545	0.217391304347826	0.9166666666666666	1.4388163536787033	0.4054131647363393	True	23	60	0.2394094616174698	2.6543567180633545	0.3043478260869565	0.9166666666666666	1.446883089840412	0.5017983589241024	True	GSE148071	P8	-0.0080667361617088	-0.096385194187763	True
liana	DHCR24_RORA	other	DHCR24	RORA	23	60	0.4377120435237884	0.4437679648399353	0.4347826086956521	0.2166666666666666	0.4407400041818619	0.1628049761744961	True	23	60	0.2678903639316559	0.4437679648399353	0.217391304347826	0.2166666666666666	0.3558291643857956	0.0692106491227074	True	GSE148071	P8	0.0849108397960662	0.0935943270517886	True
liana	DHCR7_RORA	other	DHCR7	RORA	23	60	0.2335652112960815	0.4437679648399353	0.1739130434782608	0.2166666666666666	0.3386665880680084	0.0346502283685514	True	23	60	0.0284534357488155	0.4437679648399353	0.0434782608695652	0.2166666666666666	0.2361107002943754	0.0	False	GSE148071	P8	0.102555887773633	0.0346502283685514	True
liana	FN1_ITGA4+ITGB1	other	FN1	ITGA4+ITGB1	23	60	0.0755008533596992	0.2370865046977996	0.0869565217391304	0.1166666666666666	0.1562936790287494	0.0	False	23	60	0.1166822463274002	0.2370865046977996	0.1304347826086956	0.1166666666666666	0.1768843755125999	0.01157918451534	True	GSE148071	P8	-0.0205906964838504	-0.01157918451534	True
liana	ICAM1_SPN	other	ICAM1	SPN	23	60	0.3421028852462768	0.1971934586763382	0.217391304347826	0.1	0.2696481719613075	0.0	True	23	60	0.1509101688861847	0.1971934586763382	0.1739130434782608	0.1	0.1740518137812614	0.0	True	GSE148071	P8	0.095596358180046	0.0	True
liana	IGFBP3_TMEM219	other	IGFBP3	TMEM219	23	60	0.6597800850868225	0.4410746693611145	0.4347826086956521	0.2166666666666666	0.5504273772239685	0.2175824851145178	True	23	60	1.0688194036483765	0.4410746693611145	0.5217391304347826	0.2166666666666666	0.7549470365047455	0.3364893794572935	True	GSE148071	P8	-0.2045196592807769	-0.1189068943427756	True
liana	LIPA_RORA	other	LIPA	RORA	23	60	0.0648186951875686	0.4437679648399353	0.1304347826086956	0.2166666666666666	0.254293330013752	0.0102427135242859	True	23	60	0.0807959213852882	0.4437679648399353	0.0869565217391304	0.2166666666666666	0.2622819431126117	0.0	False	GSE148071	P8	-0.0079886130988597	0.0102427135242859	True
liana	NECTIN2_TIGIT	other	NECTIN2	TIGIT	23	60	0.5191530585289001	0.500656247138977	0.4782608695652174	0.2166666666666666	0.5099046528339386	0.2033500055179514	True	23	60	0.3766756355762481	0.500656247138977	0.3478260869565217	0.2166666666666666	0.4386659413576126	0.1477718314130503	True	GSE148071	P8	0.0712387114763259	0.055578174104901	True
liana	NECTIN3_TIGIT	other	NECTIN3	TIGIT	23	60	0.1317654997110366	0.500656247138977	0.1739130434782608	0.2166666666666666	0.3162108734250068	0.0322087654380447	True	23	60	0.1500845998525619	0.500656247138977	0.217391304347826	0.2166666666666666	0.3253704234957695	0.0532227803961936	True	GSE148071	P8	-0.0091595500707626	-0.0210140149581488	True
liana	PLAUR_ITGA4+ITGB1	other	PLAUR	ITGA4+ITGB1	23	60	0.3350901305675506	0.2370865046977996	0.3043478260869565	0.1166666666666666	0.2860883176326751	0.0666360365577866	True	23	60	0.3017242848873138	0.2370865046977996	0.3043478260869565	0.1166666666666666	0.2694053947925567	0.0651673489515153	True	GSE148071	P8	0.0166829228401184	0.0014686876062712	True
liana	PODXL2_SELL	other	PODXL2	SELL	23	60	0.2485745698213577	0.2496952563524246	0.217391304347826	0.1166666666666666	0.2491349130868911	0.009506700962024	True	23	60	0.2326468229293823	0.2496952563524246	0.2608695652173913	0.1166666666666666	0.2411710396409034	0.0108956673509174	True	GSE148071	P8	0.0079638734459877	-0.0013889663888934	True
liana	PPIA_BSG	other	PPIA	BSG	23	60	2.092103958129883	0.2827387452125549	0.9565217391304348	0.15	1.1874213516712189	0.2830886918565315	True	23	60	1.8039321899414065	0.2827387452125549	0.782608695652174	0.15	1.0433354675769806	0.2540377942674275	True	GSE148071	P8	0.1440858840942382	0.029050897589104	True
liana	PVR_CD96	other	PVR	CD96	23	60	0.2276839613914489	0.642002284526825	0.217391304347826	0.3	0.4348431229591369	0.10872418851185	True	23	60	0.3400922417640686	0.642002284526825	0.3043478260869565	0.3	0.4910472631454468	0.1863099966782142	True	GSE148071	P8	-0.0562041401863098	-0.0775858081663641	True
liana	PVR_TIGIT	other	PVR	TIGIT	23	60	0.2276839613914489	0.500656247138977	0.217391304347826	0.2166666666666666	0.364170104265213	0.068760683049803	True	23	60	0.3400922417640686	0.500656247138977	0.3043478260869565	0.2166666666666666	0.4203742444515228	0.1217232126508032	True	GSE148071	P8	-0.0562041401863098	-0.0529625296010002	True
liana	SEMA4D_PTPRC	other	SEMA4D	PTPRC	23	60	0.0	1.837734341621399	0.0	0.75	0.9188671708106996	0.0	False	23	60	0.1413908749818802	1.837734341621399	0.1304347826086956	0.75	0.9895626083016396	0.095882858986909	True	GSE148071	P8	-0.0706954374909401	-0.095882858986909	True
liana	TNC_ITGA4+ITGB1	other	TNC	ITGA4+ITGB1	23	60	0.229954719543457	0.2370865046977996	0.217391304347826	0.1166666666666666	0.2335206121206283	0.0426606152909452	True	23	60	0.1189717128872871	0.2370865046977996	0.1304347826086956	0.1166666666666666	0.1780291087925434	0.0121756528481159	True	GSE148071	P8	0.0554915033280849	0.0304849624428292	True
cellchat	CCL5_CCR1	CCL	CCL5	CCR1	934	61	0.3537396490573883	0.2610207796096802	0.247323340471092	0.1475409836065573	0.3073802143335342	0.0255851828055081	True	933	61	0.4113859832286834	0.2610207796096802	0.2454448017148982	0.1475409836065573	0.3362033814191818	0.0291475767161583	True	GSE148071	P9	-0.0288231670856475	-0.0035623939106501	True
cellchat	CCL3L1_CCR1	CCL	CCL3L1	CCR1	934	61	0.1454358100891113	0.2610207796096802	0.1134903640256959	0.1475409836065573	0.2032282948493957	0.0013821199747199	True	933	61	0.1346555054187774	0.2610207796096802	0.0943193997856377	0.1475409836065573	0.1978381425142288	0.0	False	GSE148071	P9	0.0053901523351669	0.0013821199747199	True
cellchat	CCL5_CCR5	CCL	CCL5	CCR5	934	61	0.3537396490573883	0.2223384231328964	0.247323340471092	0.1311475409836065	0.2880390360951423	0.0141428069486933	True	933	61	0.4113859832286834	0.2223384231328964	0.2454448017148982	0.1311475409836065	0.3168622031807899	0.0161383900814871	True	GSE148071	P9	-0.0288231670856475	-0.0019955831327938	True
cellchat	CXCL12_CXCR4	CXCL	CXCL12	CXCR4	934	61	0.1730837672948837	0.8019592761993408	0.1884368308351177	0.4590163934426229	0.4875215217471123	0.0907780400526434	True	933	61	0.1495562195777893	0.8019592761993408	0.1586280814576634	0.4590163934426229	0.475757747888565	0.0562734627575346	True	GSE148071	P9	0.0117637738585472	0.0345045772951088	True
cellchat	CXCL16_CXCR6	CXCL	CXCL16	CXCR6	934	61	0.1803246438503265	0.2491096407175064	0.2119914346895074	0.1639344262295081	0.2147171422839164	0.0160963162669651	True	933	61	0.1787542104721069	0.2491096407175064	0.1982851018220793	0.1639344262295081	0.2139319255948066	0.0147169479789027	True	GSE148071	P9	0.0007852166891098	0.0013793682880623	True
cellchat	MDK_NCL	MK	MDK	NCL	934	61	0.5068251490592957	1.5370700359344482	0.4421841541755889	0.7540983606557377	1.021947592496872	0.5563816538796996	True	933	61	0.5287836194038391	1.5370700359344482	0.4458735262593783	0.7540983606557377	1.0329268276691437	0.5716254457185916	True	GSE148071	P9	-0.0109792351722717	-0.015243791838892	True
cellchat	ANXA1_FPR1	ANNEXIN	ANXA1	FPR1	934	61	2.162095069885254	0.1672078520059585	0.9518201284796574	0.1147540983606557	1.1646514609456062	0.0863503377699744	True	933	61	1.9464576244354248	0.1672078520059585	0.9335476956055734	0.1147540983606557	1.0568327382206917	0.0790224152435267	True	GSE148071	P9	0.1078187227249145	0.0073279225264477	True
cellchat	LGALS9_CD45	GALECTIN	LGALS9	PTPRC	934	61	0.2262440472841262	1.668325901031494	0.2516059957173447	0.819672131147541	0.9472849741578102	0.2998718885558197	True	933	61	0.2320223301649093	1.668325901031494	0.2518756698821007	0.819672131147541	0.9501741155982018	0.3020695343277917	True	GSE148071	P9	-0.0028891414403915	-0.002197645771972	True
cellchat	LGALS9_CD44	GALECTIN	LGALS9	CD44	934	61	0.2262440472841262	1.008128046989441	0.2516059957173447	0.6065573770491803	0.6171860471367836	0.1982266247375576	True	933	61	0.2320223301649093	1.008128046989441	0.2518756698821007	0.6065573770491803	0.6200751885771751	0.1998920316485845	True	GSE148071	P9	-0.0028891414403915	-0.0016654069110269	True
cellchat	FN1_CD44	FN1	FN1	CD44	934	61	0.1143292263150215	1.008128046989441	0.1199143468950749	0.6065573770491803	0.5612286366522312	0.0223091992774704	True	933	61	0.1302451342344284	1.008128046989441	0.1211146838156484	0.6065573770491803	0.5691865906119347	0.0268794192075053	True	GSE148071	P9	-0.0079579539597034	-0.0045702199300348	True
cellchat	COL1A1_CD44	COLLAGEN	COL1A1	CD44	934	61	1.0097177028656006	1.008128046989441	0.7301927194860813	0.6065573770491803	1.0089228749275208	0.6580748628014866	True	933	61	1.2049689292907717	1.008128046989441	0.7738478027867095	0.6065573770491803	1.1065484881401062	0.701957739110911	True	GSE148071	P9	-0.0976256132125854	-0.0438828763094243	True
cellchat	COL1A2_CD44	COLLAGEN	COL1A2	CD44	934	61	0.624620258808136	1.008128046989441	0.550321199143469	0.6065573770491803	0.8163741528987885	0.517726246063929	True	933	61	0.7903759479522705	1.008128046989441	0.6141479099678456	0.6065573770491803	0.8992519974708557	0.5861463419245166	True	GSE148071	P9	-0.0828778445720672	-0.0684200958605876	True
cellchat	COL6A1_CD44	COLLAGEN	COL6A1	CD44	934	61	0.252151221036911	1.008128046989441	0.2665952890792291	0.6065573770491803	0.630139634013176	0.2241863002736687	True	933	61	0.2902875244617462	1.008128046989441	0.307609860664523	0.6065573770491803	0.6492077857255936	0.2743575385431429	True	GSE148071	P9	-0.0190681517124176	-0.0501712382694741	True
cellchat	COL6A2_CD44	COLLAGEN	COL6A2	CD44	934	61	0.2661193311214447	1.008128046989441	0.291220556745182	0.6065573770491803	0.6371236890554428	0.2480770279771972	True	933	61	0.3017810881137848	1.008128046989441	0.3011789924973205	0.6065573770491803	0.6549545675516129	0.2783169826792585	True	GSE148071	P9	-0.01783087849617	-0.0302399547020612	True
cellchat	LAMA5_CD44	LAMININ	LAMA5	CD44	934	61	0.0741078332066536	1.008128046989441	0.0899357601713062	0.6065573770491803	0.5411179400980473	0.0	False	933	61	0.1010482013225555	1.008128046989441	0.120042872454448	0.6065573770491803	0.5545881241559982	0.022518157715793	True	GSE148071	P9	-0.0134701840579509	-0.022518157715793	True
cellchat	LAMB1_CD44	LAMININ	LAMB1	CD44	934	61	0.1121524572372436	1.008128046989441	0.1295503211991434	0.6065573770491803	0.5601402521133423	0.0332619553779792	True	933	61	0.1747060418128967	1.008128046989441	0.1993569131832797	0.6065573770491803	0.5914170444011688	0.1294737316332962	True	GSE148071	P9	-0.0312767922878265	-0.0962117762553169	True
cellchat	LAMB3_CD44	LAMININ	LAMB3	CD44	934	61	0.6435409784317017	1.008128046989441	0.5192719486081371	0.6065573770491803	0.8258345127105713	0.5169566077790684	True	933	61	0.6844656467437744	1.008128046989441	0.5519828510182208	0.6065573770491803	0.8462968468666077	0.5399575122350956	True	GSE148071	P9	-0.0204623341560363	-0.0230009044560272	True
cellchat	LAMC1_CD44	LAMININ	LAMC1	CD44	934	61	0.0677632838487625	1.008128046989441	0.0856531049250535	0.6065573770491803	0.5379456654191017	0.0	False	933	61	0.137156680226326	1.008128046989441	0.1639871382636656	0.6065573770491803	0.5726423636078835	0.0756520877079256	True	GSE148071	P9	-0.0346966981887817	-0.0756520877079256	True
cellchat	LAMC2_CD44	LAMININ	LAMC2	CD44	934	61	0.2027747929096222	1.008128046989441	0.2141327623126338	0.6065573770491803	0.6054514199495316	0.1529970226331032	True	933	61	0.2387202084064483	1.008128046989441	0.2508038585209003	0.6065573770491803	0.6234241276979446	0.2053044873513062	True	GSE148071	P9	-0.017972707748413	-0.0523074647182029	True
cellchat	APP_CD74	APP	APP	CD74	934	61	0.2157291918992996	2.6033735275268555	0.2526766595289079	0.9016393442622952	1.4095513597130775	0.3975796466642274	True	933	61	0.2640997767448425	2.6033735275268555	0.2818863879957127	0.9016393442622952	1.433736652135849	0.45734237364596	True	GSE148071	P9	-0.0241852924227714	-0.0597627269817325	True
cellchat	CADM1_CADM1	CADM	CADM1	CADM1	934	61	0.1353344470262527	0.2488656193017959	0.1531049250535331	0.1639344262295081	0.1921000331640243	0.0076075142415496	True	933	61	0.1545691490173339	0.2488656193017959	0.1811361200428724	0.1639344262295081	0.2017173841595649	0.0117874230814369	True	GSE148071	P9	-0.0096173509955406	-0.0041799088398873	True
cellchat	CD99_CD99	CD99	CD99	CD99	934	61	1.096819519996643	0.7269040942192078	0.7740899357601713	0.4426229508196721	0.9118618071079254	0.5762068420159682	True	933	61	1.1206084489822388	0.7269040942192078	0.77491961414791	0.4426229508196721	0.9237562716007232	0.582009704729793	True	GSE148071	P9	-0.0118944644927978	-0.0058028627138247	True
cellchat	ICAM1_ITGAL	ICAM	ICAM1	ITGAL	934	61	0.7585381865501404	0.2728216648101806	0.5952890792291221	0.1967213114754098	0.5156799256801605	0.1674742424882772	True	933	61	0.6856046915054321	0.2728216648101806	0.5498392282958199	0.1967213114754098	0.4792131781578064	0.1498546358527917	True	GSE148071	P9	0.0364667475223541	0.0176196066354854	True
cellchat	ICAM1_SPN	ICAM	ICAM1	SPN	934	61	0.7585381865501404	0.2867671847343445	0.5952890792291221	0.180327868852459	0.5226526856422424	0.1276800179861815	True	933	61	0.6856046915054321	0.2867671847343445	0.5498392282958199	0.180327868852459	0.4861859381198883	0.1136754174594961	True	GSE148071	P9	0.0364667475223541	0.0140046005266853	True
cellchat	HLA-A_CD8A	MHC-I	HLA-A	CD8A	934	61	2.0381007194519043	0.3543556034564972	0.9603854389721628	0.2131147540983606	1.1962281614542007	0.4406665422034969	True	933	61	2.0120911598205566	0.3543556034564972	0.9539121114683816	0.2131147540983606	1.183223381638527	0.4380825691801017	True	GSE148071	P9	0.0130047798156738	0.0025839730233952	True
cellchat	HLA-B_CD8A	MHC-I	HLA-B	CD8A	934	61	2.5755889415740967	0.3543556034564972	0.9860813704496788	0.2131147540983606	1.464972272515297	0.4964306049056122	True	933	61	2.729377508163452	0.3543556034564972	0.9914255091103966	0.2131147540983606	1.541866555809975	0.5110836362999466	True	GSE148071	P9	-0.0768942832946777	-0.0146530313943343	True
cellchat	HLA-C_CD8A	MHC-I	HLA-C	CD8A	934	61	1.9564754962921145	0.3543556034564972	0.9539614561027836	0.2131147540983606	1.1554155498743055	0.4315340353206201	True	933	61	2.0450050830841064	0.3543556034564972	0.9539121114683816	0.2131147540983606	1.1996803432703018	0.4429342411767136	True	GSE148071	P9	-0.044264793395996	-0.0114002058560935	True
cellchat	HLA-E_CD8A	MHC-I	HLA-E	CD8A	934	61	0.9688389897346495	0.3543556034564972	0.7259100642398287	0.2131147540983606	0.6615972965955734	0.2603849634194643	True	933	61	1.0030134916305542	0.3543556034564972	0.7245444801714899	0.2131147540983606	0.6786845475435257	0.2679686278038294	True	GSE148071	P9	-0.0170872509479522	-0.007583664384365	True
cellchat	HLA-F_CD8A	MHC-I	HLA-F	CD8A	934	61	0.5269945859909058	0.3543556034564972	0.493576017130621	0.2131147540983606	0.4406750947237015	0.1450878746337876	True	933	61	0.5184479355812073	0.3543556034564972	0.4823151125401929	0.2131147540983606	0.4364017695188522	0.1423312087967672	True	GSE148071	P9	0.0042733252048492	0.0027566658370203	True
cellchat	HLA-F_LILRB1	MHC-I	HLA-F	LILRB1	934	61	0.5269945859909058	0.1554553210735321	0.493576017130621	0.1147540983606557	0.3412249535322189	0.0189524802133426	True	933	61	0.5184479355812073	0.1554553210735321	0.4823151125401929	0.1147540983606557	0.3369516283273697	0.0185404093826999	True	GSE148071	P9	0.0042733252048492	0.0004120708306427	True
cellchat	HLA-DPA1_CD4	MHC-II	HLA-DPA1	CD4	934	61	1.3991988897323608	0.2298186719417572	0.8233404710920771	0.1639344262295081	0.814508780837059	0.2096838678322973	True	933	61	1.5673681497573853	0.2298186719417572	0.857449088960343	0.1639344262295081	0.8985934108495712	0.2321820211066153	True	GSE148071	P9	-0.0840846300125122	-0.022498153274318	True
cellchat	HLA-DPB1_CD4	MHC-II	HLA-DPB1	CD4	934	61	0.9168615937232972	0.2298186719417572	0.6788008565310493	0.1639344262295081	0.5733401328325272	0.1409129748074405	True	933	61	1.026394963264465	0.2298186719417572	0.7138263665594855	0.1639344262295081	0.6281068176031113	0.1573642421130746	True	GSE148071	P9	-0.0547666847705841	-0.0164512673056341	True
cellchat	HLA-DQA1_CD4	MHC-II	HLA-DQA1	CD4	934	61	1.0908567905426023	0.2298186719417572	0.7441113490364025	0.1639344262295081	0.6603377312421799	0.1662928474767155	True	933	61	1.149044394493103	0.2298186719417572	0.7652733118971061	0.1639344262295081	0.6894315332174301	0.1754482794906214	True	GSE148071	P9	-0.0290938019752502	-0.0091554320139059	True
cellchat	HLA-DMA_CD4	MHC-II	HLA-DMA	CD4	934	61	0.6734483242034912	0.2298186719417572	0.5781584582441114	0.1639344262295081	0.4516334980726242	0.1032975061504162	True	933	61	0.7169815301895142	0.2298186719417572	0.5927116827438371	0.1639344262295081	0.4734001010656357	0.1099884099685481	True	GSE148071	P9	-0.0217666029930114	-0.0066909038181319	True
cellchat	HLA-DMB_CD4	MHC-II	HLA-DMB	CD4	934	61	0.6702121496200562	0.2298186719417572	0.5642398286937902	0.1639344262295081	0.4500154107809067	0.1012180593364225	True	933	61	0.7133461833000183	0.2298186719417572	0.5744908896034298	0.1639344262295081	0.4715824276208877	0.107873762398962	True	GSE148071	P9	-0.021567016839981	-0.0066557030625395	True
cellchat	HLA-DQA2_CD4	MHC-II	HLA-DQA2	CD4	934	61	0.2981677055358886	0.2298186719417572	0.3179871520342612	0.1639344262295081	0.2639931887388229	0.0367287663270446	True	933	61	0.2965439260005951	0.2298186719417572	0.3108252947481243	0.1639344262295081	0.2631812989711761	0.0355059973348934	True	GSE148071	P9	0.0008118897676467	0.0012227689921511	True
cellchat	HLA-DOA_CD4	MHC-II	HLA-DOA	CD4	934	61	0.1495764851570129	0.2298186719417572	0.1670235546038544	0.1639344262295081	0.189697578549385	0.0092332889653146	True	933	61	0.1505540609359741	0.2298186719417572	0.1704180064308681	0.1639344262295081	0.1901863664388656	0.0095595418507686	True	GSE148071	P9	-0.0004887878894805	-0.0003262528854539	True
cellchat	HLA-DQB1_CD4	MHC-II	HLA-DQB1	CD4	934	61	1.0463368892669678	0.2298186719417572	0.7312633832976445	0.1639344262295081	0.6380777806043625	0.1605216506777955	True	933	61	1.1405770778656006	0.2298186719417572	0.752411575562701	0.1639344262295081	0.6851978749036789	0.1744717818424898	True	GSE148071	P9	-0.0471200942993164	-0.0139501311646942	True
cellchat	HLA-DRA_CD4	MHC-II	HLA-DRA	CD4	934	61	2.189242124557495	0.2298186719417572	0.9293361884368307	0.1639344262295081	1.2095303982496262	0.2998259555263862	True	933	61	2.354203939437866	0.2298186719417572	0.9539121114683816	0.1639344262295081	1.2920113056898117	0.3134360192523449	True	GSE148071	P9	-0.0824809074401855	-0.0136100637259586	True
cellchat	HLA-DRB1_CD4	MHC-II	HLA-DRB1	CD4	934	61	1.835998058319092	0.2298186719417572	0.9100642398286938	0.1639344262295081	1.0329083651304245	0.2643633072193944	True	933	61	1.9103083610534668	0.2298186719417572	0.915326902465166	0.1639344262295081	1.070063516497612	0.2720628741443065	True	GSE148071	P9	-0.0371551513671875	-0.007699566924912	True
cellchat	HLA-DRB5_CD4	MHC-II	HLA-DRB5	CD4	934	61	1.4523441791534424	0.2298186719417572	0.8468950749464668	0.1639344262295081	0.8410814255475998	0.2188029185024921	True	933	61	1.5697582960128784	0.2298186719417572	0.8638799571275455	0.1639344262295081	0.8997884839773178	0.2339158173274751	True	GSE148071	P9	-0.058707058429718	-0.015112898824983	True
cellchat	NECTIN2_TIGIT	NECTIN	NECTIN2	TIGIT	934	61	0.1241948157548904	0.703888475894928	0.1498929336188436	0.4098360655737705	0.4140416458249092	0.0341625530780357	True	933	61	0.1189369112253189	0.703888475894928	0.135048231511254	0.4098360655737705	0.4114126935601234	0.0256608832806271	True	GSE148071	P9	0.0026289522647857	0.0085016697974086	True
cellchat	CD55_ADGRE5	ADGRE	CD55	ADGRE5	934	61	0.4654789268970489	0.4582617282867431	0.4357601713062098	0.3114754098360656	0.461870327591896	0.2059696224526575	True	933	61	0.4255512356758117	0.4582617282867431	0.3987138263665595	0.3114754098360656	0.4419064819812774	0.1859167573086945	True	GSE148071	P9	0.0199638456106185	0.020052865143963	True
cellchat	LPAR2_ADGRE5	ADGRE	LPAR2	ADGRE5	934	61	0.0990817695856094	0.4582617282867431	0.1199143468950749	0.3114754098360656	0.2786717489361763	0.0075898945971731	True	933	61	0.0840551406145095	0.4582617282867431	0.1018220793140407	0.3114754098360656	0.2711584344506264	0.0006752716699353	True	GSE148071	P9	0.0075133144855499	0.0069146229272377	True
cellchat	SFTPD_ADGRE5	ADGRE	SFTPD	ADGRE5	934	61	0.7820913195610046	0.4582617282867431	0.5310492505353319	0.3114754098360656	0.6201765239238739	0.3206895608558454	True	933	61	0.9996613264083862	0.4582617282867431	0.617363344051447	0.3114754098360656	0.7289615273475647	0.391648562800037	True	GSE148071	P9	-0.1087850034236908	-0.0709590019441915	True
cellchat	COL3A1_ADGRG1	ADGRG	COL3A1	ADGRG1	934	61	0.1491758972406387	0.3007969260215759	0.1638115631691648	0.180327868852459	0.2249864116311073	0.012249849222688	True	933	61	0.1536756753921508	0.3007969260215759	0.1521972132904608	0.180327868852459	0.2272363007068634	0.0101498359652198	True	GSE148071	P9	-0.002249889075756	0.0021000132574682	True
cellchat	TGM2_ADGRG1	ADGRG	TGM2	ADGRG1	934	61	0.2260948419570922	0.3007969260215759	0.2548179871520342	0.180327868852459	0.2634458839893341	0.0326026908853354	True	933	61	0.2621002197265625	0.3007969260215759	0.2690246516613076	0.180327868852459	0.2814485728740692	0.0382220249779726	True	GSE148071	P9	-0.0180026888847351	-0.0056193340926372	True
cellchat	LGALS9_P4HB	GALECTIN	LGALS9	P4HB	934	61	0.2262440472841262	0.4534960091114044	0.2516059957173447	0.3114754098360656	0.3398700281977653	0.0812742886653988	True	933	61	0.2320223301649093	0.4534960091114044	0.2518756698821007	0.3114754098360656	0.3427591696381569	0.0820576792559946	True	GSE148071	P9	-0.0028891414403915	-0.0007833905905958	True
cellchat	PPIA_BSG	CypA	PPIA	BSG	934	61	1.9608241319656368	0.3532206416130066	0.9389721627408992	0.2459016393442623	1.157022386789322	0.4723548846037852	True	933	61	1.9500168561935425	0.3532206416130066	0.9228295819935692	0.2459016393442623	1.1516187489032743	0.4722098458427503	True	GSE148071	P9	0.0054036378860473	0.0001450387610349	True
cellchat	PLAU_PLAUR	PLAU	PLAU	PLAUR	934	61	0.9064630270004272	0.235316514968872	0.6659528907922913	0.1475409836065573	0.5708897709846497	0.1080839724651986	True	933	61	0.9395972490310668	0.235316514968872	0.6730975348338692	0.1475409836065573	0.5874568819999695	0.1122023550841351	True	GSE148071	P9	-0.0165671110153198	-0.0041183826189365	True
liana	HLA-A_CD8A	MHC_I	HLA-A	CD8A	934	61	2.0381007194519043	0.3543556034564972	0.9603854389721628	0.2131147540983606	1.1962281614542007	0.4406665422034969	True	933	61	2.0120911598205566	0.3543556034564972	0.9539121114683816	0.2131147540983606	1.183223381638527	0.4380825691801017	True	GSE148071	P9	0.0130047798156738	0.0025839730233952	True
liana	HLA-B_CD8A	MHC_I	HLA-B	CD8A	934	61	2.5755889415740967	0.3543556034564972	0.9860813704496788	0.2131147540983606	1.464972272515297	0.4964306049056122	True	933	61	2.729377508163452	0.3543556034564972	0.9914255091103966	0.2131147540983606	1.541866555809975	0.5110836362999466	True	GSE148071	P9	-0.0768942832946777	-0.0146530313943343	True
liana	HLA-C_CD8A	MHC_I	HLA-C	CD8A	934	61	1.9564754962921145	0.3543556034564972	0.9539614561027836	0.2131147540983606	1.1554155498743055	0.4315340353206201	True	933	61	2.0450050830841064	0.3543556034564972	0.9539121114683816	0.2131147540983606	1.1996803432703018	0.4429342411767136	True	GSE148071	P9	-0.044264793395996	-0.0114002058560935	True
liana	HLA-F_LILRB1	MHC_I	HLA-F	LILRB1	934	61	0.5269945859909058	0.1554553210735321	0.493576017130621	0.1147540983606557	0.3412249535322189	0.0189524802133426	True	933	61	0.5184479355812073	0.1554553210735321	0.4823151125401929	0.1147540983606557	0.3369516283273697	0.0185404093826999	True	GSE148071	P9	0.0042733252048492	0.0004120708306427	True
liana	HLA-E_VSIR	MHC_I_partial	HLA-E	VSIR	934	61	0.9688389897346495	0.2762667238712311	0.7259100642398287	0.1967213114754098	0.6225528568029404	0.2154694579918227	True	933	61	1.0030134916305542	0.2762667238712311	0.7245444801714899	0.1967213114754098	0.6396401077508926	0.2221378613663627	True	GSE148071	P9	-0.0170872509479522	-0.0066684033745399	True
liana	HLA-F_VSIR	MHC_I_partial	HLA-F	VSIR	934	61	0.5269945859909058	0.2762667238712311	0.493576017130621	0.1967213114754098	0.4016306549310684	0.1169168092606545	True	933	61	0.5184479355812073	0.2762667238712311	0.4823151125401929	0.1967213114754098	0.3973573297262192	0.1146236285490665	True	GSE148071	P9	0.0042733252048492	0.002293180711588	True
liana	CCL5_CCR1	T_recruit	CCL5	CCR1	934	61	0.3537396490573883	0.2610207796096802	0.247323340471092	0.1475409836065573	0.3073802143335342	0.0255851828055081	True	933	61	0.4113859832286834	0.2610207796096802	0.2454448017148982	0.1475409836065573	0.3362033814191818	0.0291475767161583	True	GSE148071	P9	-0.0288231670856475	-0.0035623939106501	True
liana	CCL5_CCR5	T_recruit	CCL5	CCR5	934	61	0.3537396490573883	0.2223384231328964	0.247323340471092	0.1311475409836065	0.2880390360951423	0.0141428069486933	True	933	61	0.4113859832286834	0.2223384231328964	0.2454448017148982	0.1311475409836065	0.3168622031807899	0.0161383900814871	True	GSE148071	P9	-0.0288231670856475	-0.0019955831327938	True
liana	CXCL12_CXCR4	T_recruit	CXCL12	CXCR4	934	61	0.1730837672948837	0.8019592761993408	0.1884368308351177	0.4590163934426229	0.4875215217471123	0.0907780400526434	True	933	61	0.1495562195777893	0.8019592761993408	0.1586280814576634	0.4590163934426229	0.475757747888565	0.0562734627575346	True	GSE148071	P9	0.0117637738585472	0.0345045772951088	True
liana	CXCL16_CXCR6	T_recruit	CXCL16	CXCR6	934	61	0.1803246438503265	0.2491096407175064	0.2119914346895074	0.1639344262295081	0.2147171422839164	0.0160963162669651	True	933	61	0.1787542104721069	0.2491096407175064	0.1982851018220793	0.1639344262295081	0.2139319255948066	0.0147169479789027	True	GSE148071	P9	0.0007852166891098	0.0013793682880623	True
liana	CCL3L1_CCR1	T_recruit_partial	CCL3L1	CCR1	934	61	0.1454358100891113	0.2610207796096802	0.1134903640256959	0.1475409836065573	0.2032282948493957	0.0013821199747199	True	933	61	0.1346555054187774	0.2610207796096802	0.0943193997856377	0.1475409836065573	0.1978381425142288	0.0	False	GSE148071	P9	0.0053901523351669	0.0013821199747199	True
liana	ANXA1_FPR1	other	ANXA1	FPR1	934	61	2.162095069885254	0.1672078520059585	0.9518201284796574	0.1147540983606557	1.1646514609456062	0.0863503377699744	True	933	61	1.9464576244354248	0.1672078520059585	0.9335476956055734	0.1147540983606557	1.0568327382206917	0.0790224152435267	True	GSE148071	P9	0.1078187227249145	0.0073279225264477	True
liana	APP_CD74	other	APP	CD74	934	61	0.2157291918992996	2.6033735275268555	0.2526766595289079	0.9016393442622952	1.4095513597130775	0.3975796466642274	True	933	61	0.2640997767448425	2.6033735275268555	0.2818863879957127	0.9016393442622952	1.433736652135849	0.45734237364596	True	GSE148071	P9	-0.0241852924227714	-0.0597627269817325	True
liana	CADM1_CADM1	other	CADM1	CADM1	934	61	0.1353344470262527	0.2488656193017959	0.1531049250535331	0.1639344262295081	0.1921000331640243	0.0076075142415496	True	933	61	0.1545691490173339	0.2488656193017959	0.1811361200428724	0.1639344262295081	0.2017173841595649	0.0117874230814369	True	GSE148071	P9	-0.0096173509955406	-0.0041799088398873	True
liana	CD274_CD80	other	CD274	CD80	934	61	0.0999268889427185	0.1772698014974594	0.1156316916488222	0.1311475409836065	0.1385983452200889	0.0007565438301807	True	933	61	0.08755624294281	0.1772698014974594	0.097534833869239	0.1311475409836065	0.1324130222201347	0.0	False	GSE148071	P9	0.0061853229999542	0.0007565438301807	True
liana	CD320_JAML	other	CD320	JAML	934	61	0.2525848150253296	0.2526389360427856	0.2880085653104925	0.1639344262295081	0.2526118755340576	0.0311050898503595	True	933	61	0.2278980165719986	0.2526389360427856	0.2518756698821007	0.1639344262295081	0.2402684763073921	0.0249489687147615	True	GSE148071	P9	0.0123433992266654	0.006156121135598	True
liana	CD44_TYROBP	other	CD44	TYROBP	934	61	1.256617307662964	1.1373153924942017	0.8351177730192719	0.4098360655737705	1.1969663500785828	0.7131720479330652	True	933	61	1.320869207382202	1.1373153924942017	0.8231511254019293	0.4098360655737705	1.229092299938202	0.7235353672378461	True	GSE148071	P9	-0.0321259498596191	-0.0103633193047808	True
liana	CD55_ADGRE5	other	CD55	ADGRE5	934	61	0.4654789268970489	0.4582617282867431	0.4357601713062098	0.3114754098360656	0.461870327591896	0.2059696224526575	True	933	61	0.4255512356758117	0.4582617282867431	0.3987138263665595	0.3114754098360656	0.4419064819812774	0.1859167573086945	True	GSE148071	P9	0.0199638456106185	0.020052865143963	True
liana	CD58_CD2	other	CD58	CD2	934	61	0.2577198147773742	2.0932552814483643	0.2869379014989293	0.8524590163934426	1.1754875481128693	0.4134857670894458	True	933	61	0.238888993859291	2.0932552814483643	0.262593783494105	0.8524590163934426	1.1660721376538277	0.3832547800121982	True	GSE148071	P9	0.0094154104590415	0.0302309870772475	True
liana	COL18A1_ITGA1+ITGB1	other	COL18A1	ITGA1+ITGB1	934	61	0.1402953118085861	0.2154513448476791	0.1563169164882226	0.1311475409836065	0.1778733283281326	0.0133310259549885	True	933	61	0.2257797122001648	0.2154513448476791	0.2454448017148982	0.1311475409836065	0.2206155285239219	0.0415442887138515	True	GSE148071	P9	-0.0427422001957893	-0.0282132627588629	True
liana	COL1A1_ITGA1+ITGB1	other	COL1A1	ITGA1+ITGB1	934	61	1.0097177028656006	0.2154513448476791	0.7301927194860813	0.1311475409836065	0.6125845238566399	0.257453337265091	True	933	61	1.2049689292907717	0.2154513448476791	0.7738478027867095	0.1311475409836065	0.7102101370692253	0.2978961907177361	True	GSE148071	P9	-0.0976256132125854	-0.040442853452645	True
liana	COL1A2_ITGA1+ITGB1	other	COL1A2	ITGA1+ITGB1	934	61	0.624620258808136	0.2154513448476791	0.550321199143469	0.1311475409836065	0.4200358018279075	0.1620519158957633	True	933	61	0.7903759479522705	0.2154513448476791	0.6141479099678456	0.1311475409836065	0.5029136463999748	0.2032803099516496	True	GSE148071	P9	-0.0828778445720672	-0.0412283940558863	True
liana	COL3A1_ADGRG1	other	COL3A1	ADGRG1	934	61	0.1491758972406387	0.3007969260215759	0.1638115631691648	0.180327868852459	0.2249864116311073	0.012249849222688	True	933	61	0.1536756753921508	0.3007969260215759	0.1521972132904608	0.180327868852459	0.2272363007068634	0.0101498359652198	True	GSE148071	P9	-0.002249889075756	0.0021000132574682	True
liana	COL3A1_ITGA1+ITGB1	other	COL3A1	ITGA1+ITGB1	934	61	0.1491758972406387	0.2154513448476791	0.1638115631691648	0.1311475409836065	0.1823136210441589	0.0166915599657938	True	933	61	0.1536756753921508	0.2154513448476791	0.1521972132904608	0.1311475409836065	0.184563510119915	0.0138407661603004	True	GSE148071	P9	-0.002249889075756	0.0028507938054934	True
liana	COL6A1_ITGA1+ITGB1	other	COL6A1	ITGA1+ITGB1	934	61	0.252151221036911	0.2154513448476791	0.2665952890792291	0.1311475409836065	0.233801282942295	0.0494814833474065	True	933	61	0.2902875244617462	0.2154513448476791	0.307609860664523	0.1311475409836065	0.2528694346547127	0.0637687420724131	True	GSE148071	P9	-0.0190681517124176	-0.0142872587250066	True
liana	COL6A2_ITGA1+ITGB1	other	COL6A2	ITGA1+ITGB1	934	61	0.2661193311214447	0.2154513448476791	0.291220556745182	0.1311475409836065	0.2407853379845619	0.0561008321851534	True	933	61	0.3017810881137848	0.2154513448476791	0.3011789924973205	0.1311475409836065	0.2586162164807319	0.0649611047215844	True	GSE148071	P9	-0.01783087849617	-0.008860272536431	True
liana	F11R_ITGAL+ITGB2	other	F11R	ITGAL+ITGB2	934	61	0.2217111140489578	0.2728216648101806	0.2462526766595289	0.1967213114754098	0.2472663894295692	0.0535533362586773	True	933	61	0.2600230872631073	0.2728216648101806	0.2829581993569132	0.1967213114754098	0.266422376036644	0.0695448750249053	True	GSE148071	P9	-0.0191559866070747	-0.0159915387662279	True
liana	FN1_ITGA4+ITGB1	other	FN1	ITGA4+ITGB1	934	61	0.1143292263150215	0.4497237801551819	0.1199143468950749	0.2950819672131147	0.2820265032351017	0.0105257550166549	True	933	61	0.1302451342344284	0.4497237801551819	0.1211146838156484	0.2950819672131147	0.2899844571948051	0.0127134307333921	True	GSE148071	P9	-0.0079579539597034	-0.0021876757167372	True
liana	ICAM1_ITGAL	other	ICAM1	ITGAL	934	61	0.7585381865501404	0.2728216648101806	0.5952890792291221	0.1967213114754098	0.5156799256801605	0.1674742424882772	True	933	61	0.6856046915054321	0.2728216648101806	0.5498392282958199	0.1967213114754098	0.4792131781578064	0.1498546358527917	True	GSE148071	P9	0.0364667475223541	0.0176196066354854	True
liana	ICAM1_ITGAL+ITGB2	other	ICAM1	ITGAL+ITGB2	934	61	0.7585381865501404	0.2728216648101806	0.5952890792291221	0.1967213114754098	0.5156799256801605	0.2391921869856105	True	933	61	0.6856046915054321	0.2728216648101806	0.5498392282958199	0.1967213114754098	0.4792131781578064	0.2159847876973326	True	GSE148071	P9	0.0364667475223541	0.0232073992882779	True
liana	ICAM1_SPN	other	ICAM1	SPN	934	61	0.7585381865501404	0.2867671847343445	0.5952890792291221	0.180327868852459	0.5226526856422424	0.1276800179861815	True	933	61	0.6856046915054321	0.2867671847343445	0.5498392282958199	0.180327868852459	0.4861859381198883	0.1136754174594961	True	GSE148071	P9	0.0364667475223541	0.0140046005266853	True
liana	ITGAV+ITGB1_ADGRE5	other	ITGAV+ITGB1	ADGRE5	934	61	0.2976464331150055	0.4582617282867431	0.3083511777301927	0.3114754098360656	0.3779540807008743	0.2009706789086859	True	933	61	0.3822694718837738	0.4582617282867431	0.3783494105037513	0.3114754098360656	0.4202656000852585	0.2366149015617752	True	GSE148071	P9	-0.0423115193843841	-0.0356442226530893	True
liana	JAG1_CD46	other	JAG1	CD46	934	61	0.0805737972259521	0.3157545626163482	0.0985010706638115	0.2295081967213114	0.1981641799211502	0.0	False	933	61	0.0956480130553245	0.3157545626163482	0.1114683815648445	0.2295081967213114	0.2057012878358364	0.0025733079780963	True	GSE148071	P9	-0.0075371079146862	-0.0025733079780963	True
liana	LGALS9_P4HB	other	LGALS9	P4HB	934	61	0.2262440472841262	0.4534960091114044	0.2516059957173447	0.3114754098360656	0.3398700281977653	0.0812742886653988	True	933	61	0.2320223301649093	0.4534960091114044	0.2518756698821007	0.3114754098360656	0.3427591696381569	0.0820576792559946	True	GSE148071	P9	-0.0028891414403915	-0.0007833905905958	True
liana	LPAR2_ADGRE5	other	LPAR2	ADGRE5	934	61	0.0990817695856094	0.4582617282867431	0.1199143468950749	0.3114754098360656	0.2786717489361763	0.0075898945971731	True	933	61	0.0840551406145095	0.4582617282867431	0.1018220793140407	0.3114754098360656	0.2711584344506264	0.0006752716699353	True	GSE148071	P9	0.0075133144855499	0.0069146229272377	True
liana	NECTIN2_TIGIT	other	NECTIN2	TIGIT	934	61	0.1241948157548904	0.703888475894928	0.1498929336188436	0.4098360655737705	0.4140416458249092	0.0341625530780357	True	933	61	0.1189369112253189	0.703888475894928	0.135048231511254	0.4098360655737705	0.4114126935601234	0.0256608832806271	True	GSE148071	P9	0.0026289522647857	0.0085016697974086	True
liana	PLAU_PLAUR	other	PLAU	PLAUR	934	61	0.9064630270004272	0.235316514968872	0.6659528907922913	0.1475409836065573	0.5708897709846497	0.1080839724651986	True	933	61	0.9395972490310668	0.235316514968872	0.6730975348338692	0.1475409836065573	0.5874568819999695	0.1122023550841351	True	GSE148071	P9	-0.0165671110153198	-0.0041183826189365	True
liana	PLAUR_ITGA4+ITGB1	other	PLAUR	ITGA4+ITGB1	934	61	0.242458164691925	0.4497237801551819	0.2601713062098501	0.2950819672131147	0.3460909724235534	0.1118885790451222	True	933	61	0.1630185544490814	0.4497237801551819	0.1789924973204716	0.2950819672131147	0.3063711673021316	0.0502581913777264	True	GSE148071	P9	0.0397198051214218	0.0616303876673958	True
liana	PPIA_BSG	other	PPIA	BSG	934	61	1.9608241319656368	0.3532206416130066	0.9389721627408992	0.2459016393442623	1.157022386789322	0.4723548846037852	True	933	61	1.9500168561935425	0.3532206416130066	0.9228295819935692	0.2459016393442623	1.1516187489032743	0.4722098458427503	True	GSE148071	P9	0.0054036378860473	0.0001450387610349	True
liana	SFTPD_ADGRE5	other	SFTPD	ADGRE5	934	61	0.7820913195610046	0.4582617282867431	0.5310492505353319	0.3114754098360656	0.6201765239238739	0.3206895608558454	True	933	61	0.9996613264083862	0.4582617282867431	0.617363344051447	0.3114754098360656	0.7289615273475647	0.391648562800037	True	GSE148071	P9	-0.1087850034236908	-0.0709590019441915	True
liana	TGM2_ADGRG1	other	TGM2	ADGRG1	934	61	0.2260948419570922	0.3007969260215759	0.2548179871520342	0.180327868852459	0.2634458839893341	0.0326026908853354	True	933	61	0.2621002197265625	0.3007969260215759	0.2690246516613076	0.180327868852459	0.2814485728740692	0.0382220249779726	True	GSE148071	P9	-0.0180026888847351	-0.0056193340926372	True
liana	TNC_ITGA4+ITGB1	other	TNC	ITGA4+ITGB1	934	61	0.4392273426055908	0.4497237801551819	0.4100642398286938	0.2950819672131147	0.4444755613803863	0.2394216253683841	True	933	61	0.5443225502967834	0.4497237801551819	0.4780278670953912	0.2950819672131147	0.4970231652259826	0.2948224895371724	True	GSE148071	P9	-0.0525476038455963	-0.0554008641687882	True
cellchat	GDF15_TGFBR2	GDF	GDF15	TGFBR2	247	2001	0.097496323287487	0.1420664489269256	0.1538461538461538	0.1429285357321339	0.1197813861072063	0.0013508565720186	True	247	2001	0.0620706267654895	0.1420664489269256	0.0607287449392712	0.1429285357321339	0.1020685378462076	0.0	False	GSE127465	p3	0.0177128482609987	0.0013508565720186	True
cellchat	MDK_NCL	MK	MDK	NCL	247	2001	0.6332013607025146	0.3346806764602661	0.680161943319838	0.2983508245877061	0.4839410185813904	0.2039615522332686	True	247	2001	0.3971731662750244	0.3346806764602661	0.3522267206477733	0.2983508245877061	0.3659269213676452	0.1065487602418203	True	GSE127465	p3	0.1180140972137451	0.0974127919914483	True
cellchat	LGALS9_CD45	GALECTIN	LGALS9	PTPRC	247	2001	0.0532844327390193	0.7687380313873291	0.145748987854251	0.5957021489255372	0.4110112320631742	0.0149737281788708	True	247	2001	0.0301460437476634	0.7687380313873291	0.0566801619433198	0.5957021489255372	0.3994420375674963	0.0	False	GSE127465	p3	0.0115691944956779	0.0149737281788708	True
cellchat	LGALS9_CD44	GALECTIN	LGALS9	CD44	247	2001	0.0532844327390193	0.6996636986732483	0.145748987854251	0.5347326336831584	0.3764740657061338	0.013076527984478	True	247	2001	0.0301460437476634	0.6996636986732483	0.0566801619433198	0.5347326336831584	0.3649048712104559	0.0	False	GSE127465	p3	0.0115691944956779	0.013076527984478	True
cellchat	COL1A1_CD44	COLLAGEN	COL1A1	CD44	247	2001	0.0649990886449813	0.6996636986732483	0.1295546558704453	0.5347326336831584	0.3823313936591148	0.0093022447374629	True	247	2001	0.031225498765707	0.6996636986732483	0.048582995951417	0.5347326336831584	0.3654445987194776	0.0	False	GSE127465	p3	0.0168867949396371	0.0093022447374629	True
cellchat	LAMA3_CD44	LAMININ	LAMA3	CD44	247	2001	0.2876224517822265	0.6996636986732483	0.4412955465587044	0.5347326336831584	0.4936430752277374	0.1980602208815232	True	247	2001	0.170521542429924	0.6996636986732483	0.1821862348178137	0.5347326336831584	0.4350926205515861	0.0484165768287006	True	GSE127465	p3	0.0585504546761512	0.1496436440528225	True
cellchat	LAMA5_CD44	LAMININ	LAMA5	CD44	247	2001	0.1056300327181816	0.6996636986732483	0.2267206477732793	0.5347326336831584	0.4026468656957149	0.0508958673185966	True	247	2001	0.0514684431254863	0.6996636986732483	0.0607287449392712	0.5347326336831584	0.3755660708993673	0.0	False	GSE127465	p3	0.0270807947963476	0.0508958673185966	True
cellchat	LAMB2_CD44	LAMININ	LAMB2	CD44	247	2001	0.0735537260770797	0.6996636986732483	0.1578947368421052	0.5347326336831584	0.386608712375164	0.0176016515138528	True	247	2001	0.0417466275393962	0.6996636986732483	0.0728744939271255	0.5347326336831584	0.3707051631063223	0.0	False	GSE127465	p3	0.0159035492688417	0.0176016515138528	True
cellchat	LAMB3_CD44	LAMININ	LAMB3	CD44	247	2001	0.9921520948410034	0.6996636986732483	0.8016194331983806	0.5347326336831584	0.8459078967571259	0.5460350821009816	True	247	2001	0.5048606991767883	0.6996636986732483	0.3927125506072874	0.5347326336831584	0.6022621989250183	0.323849127794337	True	GSE127465	p3	0.2436456978321075	0.2221859543066446	True
cellchat	LAMC1_CD44	LAMININ	LAMC1	CD44	247	2001	0.0567156188189983	0.6996636986732483	0.1214574898785425	0.5347326336831584	0.3781896587461233	0.0064870913860796	True	247	2001	0.0164188742637634	0.6996636986732483	0.0404858299595141	0.5347326336831584	0.3580412864685058	0.0	False	GSE127465	p3	0.0201483722776174	0.0064870913860796	True
cellchat	LAMC2_CD44	LAMININ	LAMC2	CD44	247	2001	0.7201111912727356	0.6996636986732483	0.7004048582995951	0.5347326336831584	0.7098874449729919	0.4372182593887174	True	247	2001	0.3331835567951202	0.6996636986732483	0.2874493927125506	0.5347326336831584	0.5164236277341843	0.1821609494764713	True	GSE127465	p3	0.1934638172388076	0.255057309912246	True
cellchat	THBS1_CD47	THBS	THBS1	CD47	247	2001	0.0951181724667549	0.1598565280437469	0.1214574898785425	0.1649175412293853	0.1274873502552509	0.0007339795119433	True	247	2001	0.1035760268568992	0.1598565280437469	0.0769230769230769	0.1649175412293853	0.1317162774503231	0.0	False	GSE127465	p3	-0.0042289271950721	0.0007339795119433	True
cellchat	APP_CD74	APP	APP	CD74	247	2001	0.4411283135414123	0.5089204907417297	0.5748987854251012	0.3643178410794602	0.475024402141571	0.2025008063760892	True	247	2001	0.2234680205583572	0.5089204907417297	0.2226720647773279	0.3643178410794602	0.3661942556500435	0.0549081504466273	True	GSE127465	p3	0.1088301464915275	0.1475926559294618	True
cellchat	CD99_CD99	CD99	CD99	CD99	247	2001	0.247467964887619	0.3375011682510376	0.388663967611336	0.304847576211894	0.2924845665693283	0.0673866907754328	True	247	2001	0.1540173590183258	0.3375011682510376	0.1740890688259109	0.304847576211894	0.2457592636346817	0.0168480953621262	True	GSE127465	p3	0.0467253029346466	0.0505385954133065	True
cellchat	CLEC2D_KLRB1	CLEC	CLEC2D	KLRB1	247	2001	0.046429269015789	0.2916478216648102	0.1255060728744939	0.232383808095952	0.1690385453402996	0.0016678627197642	True	247	2001	0.0777305960655212	0.2916478216648102	0.0850202429149797	0.232383808095952	0.1846892088651657	0.0	False	GSE127465	p3	-0.0156506635248661	0.0016678627197642	True
cellchat	HLA-A_CD8A	MHC-I	HLA-A	CD8A	247	2001	1.3917354345321655	0.1771477609872818	0.8866396761133604	0.1359320339830085	0.7844415977597237	0.092641330673662	True	247	2001	1.1454159021377563	0.1771477609872818	0.680161943319838	0.1359320339830085	0.6612818315625191	0.0741059563437856	True	GSE127465	p3	0.1231597661972045	0.0185353743298764	True
cellchat	HLA-B_CD8A	MHC-I	HLA-B	CD8A	247	2001	1.722117304801941	0.1771477609872818	0.9190283400809716	0.1359320339830085	0.9496325328946114	0.1126947763859605	True	247	2001	1.4053295850753784	0.1771477609872818	0.7854251012145749	0.1359320339830085	0.7912386730313301	0.0922701912730453	True	GSE127465	p3	0.1583938598632812	0.0204245851129152	True
cellchat	HLA-C_CD8A	MHC-I	HLA-C	CD8A	247	2001	1.0282924175262451	0.1771477609872818	0.8178137651821862	0.1359320339830085	0.6027200892567635	0.068474526571059	True	247	2001	0.8310955762863159	0.1771477609872818	0.5951417004048583	0.1359320339830085	0.5041216686367989	0.0526319088135181	True	GSE127465	p3	0.0985984206199646	0.0158426177575409	True
cellchat	HLA-E_CD8A	MHC-I	HLA-E	CD8A	247	2001	0.8458251953125	0.1771477609872818	0.7975708502024291	0.1359320339830085	0.5114864781498909	0.0565854198653025	True	247	2001	0.648330569267273	0.1771477609872818	0.4979757085020243	0.1359320339830085	0.4127391651272774	0.0376505643888487	True	GSE127465	p3	0.0987473130226135	0.0189348554764537	True
cellchat	HLA-F_CD8A	MHC-I	HLA-F	CD8A	247	2001	0.2435677051544189	0.1771477609872818	0.3765182186234818	0.1359320339830085	0.2103577330708503	0.0119279073286319	True	247	2001	0.1525890380144119	0.1771477609872818	0.1659919028340081	0.1359320339830085	0.1648683995008468	0.0022366355878391	True	GSE127465	p3	0.0454893335700035	0.0096912717407927	True
cellchat	HLA-DPA1_CD4	MHC-II	HLA-DPA1	CD4	247	2001	0.0530297942459583	0.3096733093261719	0.097165991902834	0.280359820089955	0.1813515517860651	0.0	False	247	2001	0.1975746899843216	0.3096733093261719	0.1336032388663967	0.280359820089955	0.2536239996552467	0.0067522895390719	True	GSE127465	p3	-0.0722724478691816	-0.0067522895390719	True
cellchat	HLA-DPB1_CD4	MHC-II	HLA-DPB1	CD4	247	2001	0.0371655970811843	0.3096733093261719	0.0607287449392712	0.280359820089955	0.1734194532036781	0.0	False	247	2001	0.1589251011610031	0.3096733093261719	0.1093117408906882	0.280359820089955	0.2342992052435875	0.0016097214267973	True	GSE127465	p3	-0.0608797520399093	-0.0016097214267973	True
cellchat	HLA-DQB1_CD4	MHC-II	HLA-DQB1	CD4	247	2001	0.0764515250921249	0.3096733093261719	0.1862348178137652	0.280359820089955	0.1930624172091484	0.008162459493938	True	247	2001	0.1958364993333816	0.3096733093261719	0.1295546558704453	0.280359820089955	0.2527549043297767	0.0067534969217334	True	GSE127465	p3	-0.0596924871206283	0.0014089625722046	True
cellchat	HLA-DRA_CD4	MHC-II	HLA-DRA	CD4	247	2001	0.1406932175159454	0.3096733093261719	0.1821862348178137	0.280359820089955	0.2251832634210586	0.0122144268215938	True	247	2001	0.3966475129127502	0.3096733093261719	0.2226720647773279	0.280359820089955	0.353160411119461	0.0539784102047049	True	GSE127465	p3	-0.1279771476984024	-0.0417639833831111	True
cellchat	HLA-DRB1_CD4	MHC-II	HLA-DRB1	CD4	247	2001	0.0576807931065559	0.3096733093261719	0.1093117408906882	0.280359820089955	0.1836770512163639	0.0010700090116311	True	247	2001	0.2427714616060257	0.3096733093261719	0.1700404858299595	0.280359820089955	0.2762223854660988	0.0205355419463333	True	GSE127465	p3	-0.0925453342497348	-0.0194655329347021	True
cellchat	NECTIN3_TIGIT	NECTIN	NECTIN3	TIGIT	247	2001	0.0532599985599517	0.1443278044462204	0.1214574898785425	0.1264367816091954	0.098793901503086	0.0002270263564879	True	247	2001	0.0496036745607852	0.1443278044462204	0.0647773279352226	0.1264367816091954	0.0969657395035028	0.0	False	GSE127465	p3	0.0018281619995832	0.0002270263564879	True
cellchat	NECTIN2_TIGIT	NECTIN	NECTIN2	TIGIT	247	2001	0.2258041799068451	0.1443278044462204	0.3967611336032389	0.1264367816091954	0.1850659921765327	0.0069668461656637	True	247	2001	0.0771321952342987	0.1443278044462204	0.1255060728744939	0.1264367816091954	0.1107299998402595	0.0002965576424001	True	GSE127465	p3	0.0743359923362732	0.0066702885232636	True
cellchat	SELPLG_SELL	SELPLG	SELPLG	SELL	247	2001	0.2296976149082183	0.3490186035633087	0.388663967611336	0.2753623188405797	0.2893581092357635	0.0598555021547001	True	247	2001	0.1389958560466766	0.3490186035633087	0.1902834008097166	0.2753623188405797	0.2440072298049926	0.0176871169086395	True	GSE127465	p3	0.0453508794307708	0.0421683852460606	True
cellchat	CD55_ADGRE5	ADGRE	CD55	ADGRE5	247	2001	0.7288661599159241	0.3272366523742676	0.7044534412955465	0.2928535732133933	0.5280514061450958	0.224572433839822	True	247	2001	0.4286692440509796	0.3272366523742676	0.3441295546558704	0.2928535732133933	0.3779529482126236	0.104539551378777	True	GSE127465	p3	0.1500984579324722	0.120032882461045	True
cellchat	APP_SORL1	APP	APP	SORL1	247	2001	0.4411283135414123	0.4724488854408264	0.5748987854251012	0.3823088455772114	0.4567885994911194	0.2108302744790655	True	247	2001	0.2234680205583572	0.4724488854408264	0.2226720647773279	0.3823088455772114	0.3479584529995918	0.0576052053646861	True	GSE127465	p3	0.1088301464915275	0.1532250691143794	True
cellchat	LGALS9_P4HB	GALECTIN	LGALS9	P4HB	247	2001	0.0532844327390193	0.1111737117171287	0.145748987854251	0.1169415292353823	0.082229072228074	0.0002383596571194	True	247	2001	0.0301460437476634	0.1111737117171287	0.0566801619433198	0.1169415292353823	0.0706598777323961	0.0	False	GSE127465	p3	0.0115691944956779	0.0002383596571194	True
liana	HLA-A_CD8A	MHC_I	HLA-A	CD8A	247	2001	1.3917354345321655	0.1771477609872818	0.8866396761133604	0.1359320339830085	0.7844415977597237	0.092641330673662	True	247	2001	1.1454159021377563	0.1771477609872818	0.680161943319838	0.1359320339830085	0.6612818315625191	0.0741059563437856	True	GSE127465	p3	0.1231597661972045	0.0185353743298764	True
liana	HLA-B_CD8A	MHC_I	HLA-B	CD8A	247	2001	1.722117304801941	0.1771477609872818	0.9190283400809716	0.1359320339830085	0.9496325328946114	0.1126947763859605	True	247	2001	1.4053295850753784	0.1771477609872818	0.7854251012145749	0.1359320339830085	0.7912386730313301	0.0922701912730453	True	GSE127465	p3	0.1583938598632812	0.0204245851129152	True
liana	HLA-C_CD8A	MHC_I	HLA-C	CD8A	247	2001	1.0282924175262451	0.1771477609872818	0.8178137651821862	0.1359320339830085	0.6027200892567635	0.068474526571059	True	247	2001	0.8310955762863159	0.1771477609872818	0.5951417004048583	0.1359320339830085	0.5041216686367989	0.0526319088135181	True	GSE127465	p3	0.0985984206199646	0.0158426177575409	True
liana	HLA-E_KLRD1	MHC_I	HLA-E	KLRD1	247	2001	0.8458251953125	0.1666569113731384	0.7975708502024291	0.1294352823588206	0.5062410533428192	0.0411210363533698	True	247	2001	0.648330569267273	0.1666569113731384	0.4979757085020243	0.1294352823588206	0.4074937403202057	0.0272116793121878	True	GSE127465	p3	0.0987473130226135	0.0139093570411819	True
liana	CEACAM5_CD8A	MHC_I_partial	CEACAM5	CD8A	247	2001	1.3533620834350586	0.1771477609872818	0.8704453441295547	0.1359320339830085	0.7652549222111702	0.0912043578765422	True	247	2001	0.8203296661376953	0.1771477609872818	0.4898785425101215	0.1359320339830085	0.4987387135624885	0.0490214828488862	True	GSE127465	p3	0.2665162086486816	0.042182875027656	True
liana	ALCAM_CD6	other	ALCAM	CD6	247	2001	0.1028644368052482	0.2390904128551483	0.2267206477732793	0.2263868065967016	0.1709774248301983	0.010610879947919	True	247	2001	0.0795243829488754	0.2390904128551483	0.1012145748987854	0.2263868065967016	0.1593073979020118	0.0001113563957895	True	GSE127465	p3	0.0116700269281864	0.0104995235521295	True
liana	APP_CD74	other	APP	CD74	247	2001	0.4411283135414123	0.5089204907417297	0.5748987854251012	0.3643178410794602	0.475024402141571	0.2025008063760892	True	247	2001	0.2234680205583572	0.5089204907417297	0.2226720647773279	0.3643178410794602	0.3661942556500435	0.0549081504466273	True	GSE127465	p3	0.1088301464915275	0.1475926559294618	True
liana	APP_SORL1	other	APP	SORL1	247	2001	0.4411283135414123	0.4724488854408264	0.5748987854251012	0.3823088455772114	0.4567885994911194	0.2108302744790655	True	247	2001	0.2234680205583572	0.4724488854408264	0.2226720647773279	0.3823088455772114	0.3479584529995918	0.0576052053646861	True	GSE127465	p3	0.1088301464915275	0.1532250691143794	True
liana	CD55_ADGRE5	other	CD55	ADGRE5	247	2001	0.7288661599159241	0.3272366523742676	0.7044534412955465	0.2928535732133933	0.5280514061450958	0.224572433839822	True	247	2001	0.4286692440509796	0.3272366523742676	0.3441295546558704	0.2928535732133933	0.3779529482126236	0.104539551378777	True	GSE127465	p3	0.1500984579324722	0.120032882461045	True
liana	CD58_CD2	other	CD58	CD2	247	2001	0.0630296990275383	0.4888893365859985	0.1336032388663967	0.4087956021989005	0.2759595178067684	0.0064584377511458	True	247	2001	0.0644047707319259	0.4888893365859985	0.0931174089068826	0.4087956021989005	0.2766470536589622	0.0	False	GSE127465	p3	-0.0006875358521938	0.0064584377511458	True
liana	DHCR24_RORA	other	DHCR24	RORA	247	2001	0.0636014714837074	0.2386041432619094	0.1659919028340081	0.2243878060969515	0.1511028073728084	0.0036936712351278	True	247	2001	0.0228393524885177	0.2386041432619094	0.0364372469635627	0.2243878060969515	0.1307217478752136	0.0	False	GSE127465	p3	0.0203810594975948	0.0036936712351278	True
liana	F11R_ITGAL+ITGB2	other	F11R	ITGAL+ITGB2	247	2001	0.5355796813964844	0.1330896168947219	0.6558704453441295	0.1319340329835082	0.3343346491456032	0.0442879035007122	True	247	2001	0.3032253086566925	0.1330896168947219	0.2995951417004048	0.1319340329835082	0.2181574627757072	0.017009610543842	True	GSE127465	p3	0.1161771863698959	0.0272782929568701	True
liana	ICAM2_ITGAL+ITGB2	other	ICAM2	ITGAL+ITGB2	247	2001	0.0511720851063728	0.1330896168947219	0.1214574898785425	0.1319340329835082	0.0921308510005474	0.0004581830150017	True	247	2001	0.0193087626248598	0.1330896168947219	0.0242914979757085	0.1319340329835082	0.0761991897597909	0.0	False	GSE127465	p3	0.0159316612407565	0.0004581830150017	True
liana	ITGAV+ITGB1_ADGRE5	other	ITGAV+ITGB1	ADGRE5	247	2001	0.1356428265571594	0.3272366523742676	0.2672064777327935	0.2928535732133933	0.2314397394657135	0.1043659327254242	True	247	2001	0.0570346862077713	0.3272366523742676	0.0850202429149797	0.2928535732133933	0.1921356692910194	0.0	False	GSE127465	p3	0.039304070174694	0.1043659327254242	True
liana	JAG1_CD46	other	JAG1	CD46	247	2001	0.1032292619347572	0.1092217043042182	0.2186234817813765	0.1089455272363818	0.1062254831194877	0.0004067413610942	True	247	2001	0.0742585957050323	0.1092217043042182	0.1214574898785425	0.1089455272363818	0.0917401500046253	6.415516491046087e-05	True	GSE127465	p3	0.0144853331148624	0.0003425861961837	True
liana	LGALS9_P4HB	other	LGALS9	P4HB	247	2001	0.0532844327390193	0.1111737117171287	0.145748987854251	0.1169415292353823	0.082229072228074	0.0002383596571194	True	247	2001	0.0301460437476634	0.1111737117171287	0.0566801619433198	0.1169415292353823	0.0706598777323961	0.0	False	GSE127465	p3	0.0115691944956779	0.0002383596571194	True
liana	LIPA_RORA	other	LIPA	RORA	247	2001	0.0354918427765369	0.2386041432619094	0.1012145748987854	0.2243878060969515	0.1370479930192232	0.0001433537139149	True	247	2001	0.0457080379128456	0.2386041432619094	0.0607287449392712	0.2243878060969515	0.1421560905873775	0.0	False	GSE127465	p3	-0.0051080975681543	0.0001433537139149	True
liana	NECTIN2_TIGIT	other	NECTIN2	TIGIT	247	2001	0.2258041799068451	0.1443278044462204	0.3967611336032389	0.1264367816091954	0.1850659921765327	0.0069668461656637	True	247	2001	0.0771321952342987	0.1443278044462204	0.1255060728744939	0.1264367816091954	0.1107299998402595	0.0002965576424001	True	GSE127465	p3	0.0743359923362732	0.0066702885232636	True
liana	NECTIN3_TIGIT	other	NECTIN3	TIGIT	247	2001	0.0532599985599517	0.1443278044462204	0.1214574898785425	0.1264367816091954	0.098793901503086	0.0002270263564879	True	247	2001	0.0496036745607852	0.1443278044462204	0.0647773279352226	0.1264367816091954	0.0969657395035028	0.0	False	GSE127465	p3	0.0018281619995832	0.0002270263564879	True
liana	PODXL_SELL	other	PODXL	SELL	247	2001	0.0991371348500251	0.3490186035633087	0.1862348178137652	0.2753623188405797	0.2240778692066669	0.0110188401143956	True	247	2001	0.0343325063586235	0.3490186035633087	0.0364372469635627	0.2753623188405797	0.1916755549609661	0.0	False	GSE127465	p3	0.0324023142457008	0.0110188401143956	True
liana	PTGES_PTGER4	other	PTGES	PTGER4	247	2001	0.0395527966320514	0.3705540895462036	0.1052631578947368	0.3188405797101449	0.2050534430891275	0.0007290659090687	True	247	2001	0.0140039287507534	0.3705540895462036	0.0161943319838056	0.3188405797101449	0.1922790091484785	0.0	False	GSE127465	p3	0.012774433940649	0.0007290659090687	True
liana	PTGES3_PTGER4	other	PTGES3	PTGER4	247	2001	0.1809078603982925	0.3705540895462036	0.3684210526315789	0.3188405797101449	0.2757309749722481	0.057319953488308	True	247	2001	0.1528977155685424	0.3705540895462036	0.194331983805668	0.3188405797101449	0.261725902557373	0.0239948702849663	True	GSE127465	p3	0.014005072414875	0.0333250832033416	True
liana	SELPLG_SELL	other	SELPLG	SELL	247	2001	0.2296976149082183	0.3490186035633087	0.388663967611336	0.2753623188405797	0.2893581092357635	0.0598555021547001	True	247	2001	0.1389958560466766	0.3490186035633087	0.1902834008097166	0.2753623188405797	0.2440072298049926	0.0176871169086395	True	GSE127465	p3	0.0453508794307708	0.0421683852460606	True
liana	SEMA4D_PTPRC	other	SEMA4D	PTPRC	247	2001	0.0784274190664291	0.7687380313873291	0.1740890688259109	0.5957021489255372	0.4235827252268791	0.0283663153892553	True	247	2001	0.0949621722102165	0.7687380313873291	0.1133603238866396	0.5957021489255372	0.4318501017987728	0.0055180503604688	True	GSE127465	p3	-0.0082673765718936	0.0228482650287865	True
